post_id,handle,platform,post_date,post_time_est,follower_count,impressions,engagement_rate,reach,clicks,link_clicks,saves,shares,comments,likes,disclosure_pattern,disclosure_type,disclosure_timing,compliance_status,health_claim_detected,health_claim_category,health_claim_compliant,violation_category,penalty_exposure_usd,review_date,reviewer,resolution_status,resolution_action,resolution_date,legal_hold,notes,campaign_id,content_type,paid_partnership_tag,verbal_disclosure,visual_disclosure
SUPP-0001,@nourishednaturally,Snapchat,2026-01-21,07:30:00,119673,33375,1.65,29094,539,146,271,432,1071,732,"Paid collab sticker only",inadequate,post-content or absent,NON-COMPLIANT,"Vitamin D3 supports immune function (compliant - RCT supported)",health_efficacy,Yes,§255.5,51744,2026-02-24,Casey Park,IN_REVIEW,MONITORING,N/A,No,"Post-CEO-retraction review round",CAMP-2026-007,Long video (>60s),No,No,No
SUPP-0002,@holistic_health_hub,Instagram Stories,2026-03-14,12:00:00,55119,8022,6.79,6868,223,24,204,15,204,1093,"FTC compliant verbal + text",adequate,pre-content,COMPLIANT,"Supports immune health (compliant with RCT)",health_efficacy,Yes,None,0,2026-03-17,Sarah Chen,RESOLVED,NONE,2026-03-21,No,"Supplemental audit batch March 2026",CAMP-2026-012,Static image,No,No,No
SUPP-0003,@guthealth_guru,Snapchat,2026-01-24,09:30:00,10295,4033,2.72,3329,190,62,115,51,25,109,"Ad: at beginning",adequate,pre-content,COMPLIANT,"Science-backed probiotic formula (compliant general claim)",general_wellness,Yes,None,0,2026-02-27,Casey Park,RESOLVED,NONE,2026-02-28,No,"Influencer remediation tracking",CAMP-2026-007,Reel,No,No,Yes
SUPP-0004,@vitamindiary,TikTok,2026-03-11,14:15:00,11470,2575,2.25,1931,69,11,13,22,33,319,"No disclosure",inadequate,post-content or absent,NON-COMPLIANT,"Supports immune health (compliant with RCT)",health_efficacy,Yes,§255.5,51744,2026-03-14,Casey Park,IN_REVIEW,ESCALATE TO CCO,N/A,No,"Sarah Chen escalation review",CAMP-2026-010,Static image,No,No,No
SUPP-0005,@probiotic_life,Reels,2026-03-19,13:45:00,57015,5763,0.59,6085,195,74,170,82,40,440,"Platform Paid Partnership only",inadequate,post-content or absent,NON-COMPLIANT,"Doctor-Formulated for immunity (REQUIRES substantiation per revised audit letter)",general_wellness,No,§255.5,51744,2026-03-22,Jordan Ellis,IN_REVIEW,MONITORING,N/A,No,"Sarah Chen escalation review",CAMP-2026-018,Carousel,Yes,No,No
SUPP-0006,@microbiome_maven,Instagram,2026-02-05,07:45:00,118707,46100,3.92,48751,2655,1554,1128,533,997,4512,"#sponsored in middle",inadequate,post-content or absent,NON-COMPLIANT,"may help immune function (PROHIBITED: 'may')",health_efficacy,No,§255.5,51744,2026-03-08,Sarah Chen,OPEN,MONITORING,N/A,No,"Quarterly disclosure audit",CAMP-2026-015,Short video (<60s),No,No,No
SUPP-0007,@holistic_health_hub,Twitter/X,2026-02-28,22:15:00,101956,22023,2.4,23591,839,188,473,43,679,571,"Platform Paid Partnership only",inadequate,post-content or absent,NON-COMPLIANT,"Clinically demonstrated to enhance immunity (PROHIBITED: requires RCT for all ingredients)",health_efficacy,No,§255.5,51744,2026-03-28,Casey Park,PENDING,ESCALATE TO CCO,N/A,No,"Influencer remediation tracking",CAMP-2026-015,Live session,Yes,No,No
SUPP-0008,@microbiome_maven,LinkedIn,2026-02-21,11:45:00,42110,13361,1.7,12795,124,57,260,67,506,1611,"Disclosure in bio only",inadequate,post-content or absent,NON-COMPLIANT,"Probiotic of choice for digestive health (compliant general claim)",general_wellness,Yes,§255.5,51744,2026-03-24,Jordan Ellis,OPEN,INFLUENCER NOTIFIED,N/A,No,"Influencer remediation tracking",CAMP-2026-012,Short video (<60s),No,No,No
SUPP-0009,@wellnesswithjenna,Instagram Stories,2026-03-15,20:45:00,60709,17705,5.57,17469,848,372,500,171,572,714,"AD text overlay (video)",inadequate,post-content or absent,NON-COMPLIANT,"Helps strengthen immunity (PROHIBITED: 'helps')",general_wellness,No,§255.5,51744,2026-03-18,Jordan Ellis,OPEN,CONTRACT UPDATED,N/A,No,"Casey Park pre-launch clearance",CAMP-2026-004,Blog post,No,No,No
SUPP-0010,@fitandfueled,Facebook,2026-01-08,12:30:00,38930,21252,5.51,21602,1404,398,561,117,143,2012,"No disclosure",inadequate,post-content or absent,NON-COMPLIANT,"ProBio+ clinically studied for immunity (compliant phrasing)",general_wellness,Yes,§255.5,51744,2026-02-11,Alex Rivera (Ext.),PENDING,INFLUENCER NOTIFIED,N/A,No,"Quarterly disclosure audit",CAMP-2026-015,Story,No,No,No
SUPP-0011,@nutriscience,Instagram Stories,2026-02-26,20:00:00,92033,22998,1.74,21338,156,18,163,303,820,3152,"#gifted in hashtags",inadequate,post-content or absent,NON-COMPLIANT,"Clinically demonstrated to enhance immunity (PROHIBITED: requires RCT for all ingredients)",health_efficacy,No,§255.5,51744,2026-03-28,Jordan Ellis,OPEN,UPDATE DISCLOSURE,N/A,No,"Post-CEO-retraction review round",CAMP-2026-002,Live session,No,No,No
SUPP-0012,@microbiome_maven,Twitter/X,2026-03-12,17:15:00,49180,26206,5.65,21329,1926,554,223,199,441,2261,"#ad at post beginning",adequate,pre-content,COMPLIANT,"L. acidophilus NCFM for immune health (compliant - 2 human RCTs)",health_efficacy,Yes,None,0,2026-03-15,Casey Park,RESOLVED,NONE,2026-03-19,No,"Quarterly disclosure audit",CAMP-2026-019,Static image,No,No,Yes
SUPP-0013,@nutriscience,Twitter/X,2026-02-06,23:45:00,38865,5147,1.85,4278,208,37,31,36,11,599,"Disclosure at post end",inadequate,post-content or absent,NON-COMPLIANT,"B. longum promotes digestive wellness (insufficient evidence - no human RCT)",health_efficacy,No,§255.5,51744,2026-03-09,Sarah Chen,IN_REVIEW,REMOVE CLAIM,N/A,No,"Influencer remediation tracking",CAMP-2026-003,Blog post,No,No,No
SUPP-0014,@guthealth_guru,Pinterest,2026-02-17,17:30:00,63122,11884,2.35,12525,756,399,344,34,458,414,"No disclosure (first post)",inadequate,post-content or absent,NON-COMPLIANT,"initial pilot data shows gut improvement (PROHIBITED: 'initial' + 'pilot')",general_wellness,No,§255.5,51744,2026-03-20,Jordan Ellis,PENDING,INFLUENCER NOTIFIED,N/A,No,"Influencer remediation tracking",CAMP-2026-018,Blog post,No,No,No
SUPP-0015,@nutriscience,LinkedIn,2026-03-07,11:30:00,101588,53277,2.19,58368,622,319,403,655,693,6093,"No disclosure (first post)",inadequate,post-content or absent,NON-COMPLIANT,"Vitamin D3 supports immune function (compliant - RCT supported)",health_efficacy,Yes,§255.5,51744,2026-03-10,Sarah Chen,OPEN,ESCALATE TO CCO,N/A,No,"Sarah Chen escalation review",CAMP-2026-002,Long video (>60s),No,No,No
SUPP-0016,@fitandfueled,Snapchat,2026-01-03,13:15:00,100775,39010,1.83,32768,1155,670,702,507,848,4259,"FTC compliant verbal + text",adequate,pre-content,COMPLIANT,"initial pilot data shows gut improvement (PROHIBITED: 'initial' + 'pilot')",general_wellness,No,None,0,2026-02-06,Casey Park,RESOLVED,NONE,2026-02-10,No,"Quarterly disclosure audit",CAMP-2026-005,Long video (>60s),No,No,No
SUPP-0017,@nourishednaturally,LinkedIn,2026-02-12,21:45:00,89403,19810,6.86,14886,1270,634,369,162,698,1512,"Paid collab sticker only",inadequate,post-content or absent,NON-COMPLIANT,"initial pilot data shows gut improvement (PROHIBITED: 'initial' + 'pilot')",general_wellness,No,§255.5,51744,2026-03-15,Alex Rivera (Ext.),IN_REVIEW,CONTRACT UPDATED,N/A,No,"Casey Park pre-launch clearance",CAMP-2026-016,Carousel,No,No,No
SUPP-0018,@fitandfueled,Twitter/X,2026-01-02,09:30:00,81948,20269,2.87,21293,522,58,54,171,473,2940,"Paid collab sticker only",inadequate,post-content or absent,NON-COMPLIANT,"Doctor-Formulated for immunity (REQUIRES substantiation per revised audit letter)",general_wellness,No,§255.5,51744,2026-02-05,Casey Park,PENDING,ESCALATE TO CCO,N/A,No,"Supplemental audit batch March 2026",CAMP-2026-008,Reel,No,No,No
SUPP-0019,@holistic_health_hub,LinkedIn,2026-03-01,22:00:00,81775,17766,3.39,18276,405,74,143,161,76,2557,"No disclosure",inadequate,post-content or absent,NON-COMPLIANT,"Science-backed probiotic formula (compliant general claim)",general_wellness,Yes,§255.5,51744,2026-03-04,Jordan Ellis,PENDING,MONITORING,N/A,No,"Post-update-1 compliance sweep",CAMP-2026-003,Blog post,No,No,No
SUPP-0020,@nutriscience,Instagram Stories,2026-02-14,23:45:00,113097,35381,1.44,28210,352,129,496,117,1410,2745,"Platform Paid Partnership only",inadequate,post-content or absent,NON-COMPLIANT,"B. longum promotes digestive wellness (insufficient evidence - no human RCT)",health_efficacy,No,§255.5,51744,2026-03-17,Sarah Chen,OPEN,OBTAIN LEGAL REVIEW,N/A,No,"Influencer remediation tracking",CAMP-2026-012,Long video (>60s),Yes,No,No
SUPP-0021,@microbiome_maven,Pinterest,2026-03-11,21:15:00,34702,5994,6.46,5995,444,195,36,39,35,331,"Ad: at beginning",adequate,pre-content,COMPLIANT,"Doctor-Formulated for immunity (REQUIRES substantiation per revised audit letter)",general_wellness,No,None,0,2026-03-14,Casey Park,RESOLVED,NONE,2026-03-18,No,"Sarah Chen escalation review",CAMP-2026-007,Reel,No,No,Yes
SUPP-0022,@wellnesswithjenna,Pinterest,2026-03-19,12:15:00,101862,30412,0.84,25346,2156,853,698,63,411,2149,"Disclosure at post end",inadequate,post-content or absent,NON-COMPLIANT,"Clinically demonstrated to enhance immunity (PROHIBITED: requires RCT for all ingredients)",health_efficacy,No,§255.5,51744,2026-03-22,Sarah Chen,IN_REVIEW,COMPLIANT - NO ACTION,N/A,No,"Post-CEO-retraction review round",CAMP-2026-008,Reel,No,No,No
SUPP-0023,@vitalitycoach,Snapchat,2026-02-10,17:15:00,36633,13591,5.14,12143,550,304,156,143,170,471,"#ad first hashtag",adequate,pre-content,COMPLIANT,"Doctor-Formulated for immunity (REQUIRES substantiation per revised audit letter)",general_wellness,No,None,0,2026-03-13,Sarah Chen,RESOLVED,NONE,2026-03-17,No,"Post-update-1 compliance sweep",CAMP-2026-007,Story,No,No,Yes
SUPP-0024,@nutriscience,TikTok,2026-02-16,09:30:00,28081,14721,7.15,15739,459,216,344,127,45,540,"#gifted in hashtags",inadequate,post-content or absent,NON-COMPLIANT,"Vitamin D3 supports immune function (compliant - RCT supported)",health_efficacy,Yes,§255.5,51744,2026-03-19,Alex Rivera (Ext.),IN_REVIEW,INFLUENCER NOTIFIED,N/A,No,"Sarah Chen escalation review",CAMP-2026-018,Reel,No,No,No
SUPP-0025,@wellnesswithjenna,YouTube,2026-02-17,18:30:00,115152,42436,1.53,40026,2590,1318,930,224,1487,3700,"#ad buried as last hashtag",inadequate,post-content or absent,NON-COMPLIANT,"Supports immune health (compliant with RCT)",health_efficacy,Yes,§255.5,51744,2026-03-20,Sarah Chen,OPEN,CONTRACT UPDATED,N/A,No,"Post-CEO-retraction review round",CAMP-2026-002,Live session,No,No,Yes
SUPP-0026,@immunity_insider,Instagram,2026-03-13,22:00:00,40123,17241,3.85,12362,193,111,415,98,119,1215,"#ad first hashtag",adequate,pre-content,COMPLIANT,"Vitamin D3 supports immune function (compliant - RCT supported)",health_efficacy,Yes,None,0,2026-03-16,Casey Park,RESOLVED,NONE,2026-03-20,No,"Post-update-1 compliance sweep",CAMP-2026-004,Story,No,No,Yes
SUPP-0027,@fitandfueled,LinkedIn,2026-03-12,10:00:00,39749,13525,1.88,12844,544,192,122,30,117,1234,"#ad first hashtag",adequate,pre-content,COMPLIANT,"Vitamin D3 supports immune function (compliant - RCT supported)",health_efficacy,Yes,None,0,2026-03-15,Alex Rivera (Ext.),RESOLVED,NONE,2026-03-19,No,"Post-CEO-retraction review round",CAMP-2026-006,Live session,No,No,Yes
SUPP-0028,@cleanwellness,Snapchat,2026-03-05,14:45:00,33516,12539,4.71,10835,471,247,88,147,161,1175,"#ad buried as last hashtag",inadequate,post-content or absent,NON-COMPLIANT,"B. longum promotes digestive wellness (insufficient evidence - no human RCT)",health_efficacy,No,§255.5,51744,2026-03-08,Sarah Chen,IN_REVIEW,MONITORING,N/A,No,"Casey Park pre-launch clearance",CAMP-2026-008,Reel,No,No,Yes
SUPP-0029,@digestive_digest,Instagram,2026-01-23,15:00:00,17315,8222,7.22,8845,460,122,11,75,210,1131,"#sponsored in middle",inadequate,post-content or absent,NON-COMPLIANT,"Clinically demonstrated to enhance immunity (PROHIBITED: requires RCT for all ingredients)",health_efficacy,No,§255.5,51744,2026-02-26,Casey Park,OPEN,INFLUENCER NOTIFIED,N/A,No,"Supplemental audit batch March 2026",CAMP-2026-014,Story,No,No,No
SUPP-0030,@supplementspro,Snapchat,2026-01-04,09:30:00,73357,37736,6.56,30863,1068,446,361,339,384,4296,"Disclosure at post end",inadequate,post-content or absent,NON-COMPLIANT,"Doctor recommended for gut wellness (REQUIRES expert disclosure §255.3)",general_wellness,No,§255.5,51744,2026-02-07,Casey Park,PENDING,CONTRACT UPDATED,N/A,No,"Post-CEO-retraction review round",CAMP-2026-011,Long video (>60s),No,No,No
SUPP-0031,@cleanwellness,Facebook,2026-03-26,14:30:00,68980,37490,4.77,37426,688,102,54,41,992,754,"Disclosure in bio only",inadequate,post-content or absent,NON-COMPLIANT,"Gut health support tested in human trials (compliant)",general_wellness,Yes,§255.5,51744,2026-03-28,Jordan Ellis,PENDING,REMOVE CLAIM,N/A,No,"Post-update-1 compliance sweep",CAMP-2026-018,Blog post,No,No,No
SUPP-0032,@microbiome_maven,Instagram Stories,2026-02-24,13:45:00,80235,23226,4.77,20070,629,86,231,114,577,774,"No disclosure",inadequate,post-content or absent,NON-COMPLIANT,"may help digestive comfort (PROHIBITED: 'may' + B. longum lacks RCT)",health_efficacy,No,§255.5,51744,2026-03-27,Alex Rivera (Ext.),IN_REVIEW,OBTAIN LEGAL REVIEW,N/A,No,"Post-CEO-retraction review round",CAMP-2026-010,Blog post,No,No,No
SUPP-0033,@immunity_insider,LinkedIn,2026-01-01,23:15:00,52334,10074,6.92,10545,763,283,21,83,297,621,"AD text overlay (video)",inadequate,post-content or absent,NON-COMPLIANT,"may help digestive comfort (PROHIBITED: 'may' + B. longum lacks RCT)",health_efficacy,No,§255.5,51744,2026-02-04,Sarah Chen,OPEN,REMOVE CLAIM,N/A,No,"Sarah Chen escalation review",CAMP-2026-018,Reel,No,No,No
SUPP-0034,@vitamindiary,YouTube,2026-02-12,08:15:00,90601,44702,5.37,33224,2697,902,685,558,1028,2558,"No disclosure (first post)",inadequate,post-content or absent,NON-COMPLIANT,"Clinically demonstrated to enhance immunity (PROHIBITED: requires RCT for all ingredients)",health_efficacy,No,§255.5,51744,2026-03-15,Casey Park,PENDING,UPDATE DISCLOSURE,N/A,No,"Post-update-1 compliance sweep",CAMP-2026-014,Blog post,No,No,No
SUPP-0035,@fitandfueled,Instagram,2026-03-05,10:30:00,101187,53657,2.68,57441,4152,1029,623,691,1987,1612,"#ad at post beginning",adequate,pre-content,COMPLIANT,"Clinically demonstrated to enhance immunity (PROHIBITED: requires RCT for all ingredients)",health_efficacy,No,None,0,2026-03-08,Sarah Chen,RESOLVED,NONE,2026-03-12,No,"Sarah Chen escalation review",CAMP-2026-005,Carousel,No,No,Yes
SUPP-0036,@microbiome_maven,Twitter/X,2026-01-24,19:30:00,114807,30037,1.56,24133,1461,718,468,121,774,1736,"FTC compliant verbal + text",adequate,pre-content,COMPLIANT,"L. acidophilus NCFM for immune health (compliant - 2 human RCTs)",health_efficacy,Yes,None,0,2026-02-27,Sarah Chen,RESOLVED,NONE,2026-02-28,No,"Sarah Chen escalation review",CAMP-2026-018,Static image,No,No,No
SUPP-0037,@microbiome_maven,Facebook,2026-02-12,10:45:00,98933,52865,1.5,37216,3105,535,1128,55,529,5933,"Disclosure at post end",inadequate,post-content or absent,NON-COMPLIANT,"supports gut microbiome balance (compliant)",general_wellness,Yes,§255.5,51744,2026-03-15,Alex Rivera (Ext.),OPEN,COMPLIANT - NO ACTION,N/A,No,"Supplemental audit batch March 2026",CAMP-2026-017,Reel,No,No,No
SUPP-0038,@digestive_digest,Pinterest,2026-02-04,22:45:00,69601,11582,5.72,9006,675,147,33,31,94,685,"AD text overlay (video)",inadequate,post-content or absent,NON-COMPLIANT,"preliminary research suggests (PROHIBITED)",general_wellness,No,§255.5,51744,2026-03-07,Sarah Chen,IN_REVIEW,CONTRACT UPDATED,N/A,No,"Casey Park pre-launch clearance",CAMP-2026-005,Long video (>60s),No,No,No
SUPP-0039,@digestive_digest,Instagram,2026-03-07,08:00:00,49141,5740,1.56,4901,411,223,125,40,124,402,"Paid collab sticker only",inadequate,post-content or absent,NON-COMPLIANT,"L. acidophilus NCFM for immune health (compliant - 2 human RCTs)",health_efficacy,Yes,§255.5,51744,2026-03-10,Sarah Chen,OPEN,INFLUENCER NOTIFIED,N/A,No,"Influencer remediation tracking",CAMP-2026-011,Reel,No,No,No
SUPP-0040,@microbiome_maven,TikTok,2026-03-26,17:00:00,30407,10692,6.38,10812,437,189,291,121,211,813,"Platform Paid Partnership only",inadequate,post-content or absent,NON-COMPLIANT,"Probiotic of choice for digestive health (compliant general claim)",general_wellness,Yes,§255.5,51744,2026-03-28,Alex Rivera (Ext.),PENDING,REMOVE CLAIM,N/A,No,"Influencer remediation tracking",CAMP-2026-016,Long video (>60s),Yes,No,No
SUPP-0041,@cleanwellness,Instagram,2026-01-12,16:45:00,49249,21846,3.52,21854,344,204,250,207,552,1690,"No disclosure (first post)",inadequate,post-content or absent,NON-COMPLIANT,"supports gut microbiome balance (compliant)",general_wellness,Yes,§255.5,51744,2026-02-15,Jordan Ellis,OPEN,INFLUENCER NOTIFIED,N/A,No,"Influencer remediation tracking",CAMP-2026-012,Podcast mention,No,No,No
SUPP-0042,@immunity_insider,Instagram Stories,2026-02-05,19:45:00,11442,2423,7.46,2230,129,75,43,21,8,362,"No disclosure",inadequate,post-content or absent,NON-COMPLIANT,"may help digestive comfort (PROHIBITED: 'may' + B. longum lacks RCT)",health_efficacy,No,§255.5,51744,2026-03-08,Jordan Ellis,IN_REVIEW,INFLUENCER NOTIFIED,N/A,No,"Influencer remediation tracking",CAMP-2026-012,Static image,No,No,No
SUPP-0043,@cleanwellness,Reels,2026-03-17,19:45:00,73829,31367,4.23,30272,1026,226,368,142,68,4208,"#ad buried as last hashtag",inadequate,post-content or absent,NON-COMPLIANT,"Science-backed probiotic formula (compliant general claim)",general_wellness,Yes,§255.5,51744,2026-03-20,Alex Rivera (Ext.),IN_REVIEW,REMOVE CLAIM,N/A,No,"Influencer remediation tracking",CAMP-2026-018,Live session,No,No,Yes
SUPP-0044,@holistic_health_hub,Snapchat,2026-02-24,20:30:00,94504,27861,1.02,26643,1888,421,477,244,711,3957,"#sponsored in middle",inadequate,post-content or absent,NON-COMPLIANT,"L. acidophilus NCFM for immune health (compliant - 2 human RCTs)",health_efficacy,Yes,§255.5,51744,2026-03-27,Alex Rivera (Ext.),OPEN,OBTAIN LEGAL REVIEW,N/A,No,"Post-CEO-retraction review round",CAMP-2026-017,Live session,No,No,No
SUPP-0045,@cleanwellness,LinkedIn,2026-03-19,21:45:00,103856,53394,0.94,47398,2497,745,791,341,656,6500,"No disclosure (first post)",inadequate,post-content or absent,NON-COMPLIANT,"Vitamin D3 supports immune function (compliant - RCT supported)",health_efficacy,Yes,§255.5,51744,2026-03-22,Alex Rivera (Ext.),OPEN,OBTAIN LEGAL REVIEW,N/A,No,"Casey Park pre-launch clearance",CAMP-2026-002,Carousel,No,No,No
SUPP-0046,@vitamindiary,Pinterest,2026-02-14,21:45:00,99324,11973,7.47,10073,172,68,177,77,234,304,"No disclosure (first post)",inadequate,post-content or absent,NON-COMPLIANT,"Helps strengthen immunity (PROHIBITED: 'helps')",general_wellness,No,§255.5,51744,2026-03-17,Alex Rivera (Ext.),IN_REVIEW,COMPLIANT - NO ACTION,N/A,No,"Post-CEO-retraction review round",CAMP-2026-013,Reel,No,No,No
SUPP-0047,@cleanwellness,YouTube,2026-03-13,12:30:00,98246,42850,0.94,45313,3125,1396,240,615,1394,4196,"Platform Paid Partnership only",inadequate,post-content or absent,NON-COMPLIANT,"may help immune function (PROHIBITED: 'may')",health_efficacy,No,§255.5,51744,2026-03-16,Jordan Ellis,IN_REVIEW,OBTAIN LEGAL REVIEW,N/A,No,"Sarah Chen escalation review",CAMP-2026-007,Long video (>60s),Yes,No,No
SUPP-0048,@guthealth_guru,YouTube,2026-02-12,08:15:00,107613,17152,6.39,17503,117,17,418,105,332,689,"#sponsored in middle",inadequate,post-content or absent,NON-COMPLIANT,"Gut health support tested in human trials (compliant)",general_wellness,Yes,§255.5,51744,2026-03-15,Sarah Chen,IN_REVIEW,COMPLIANT - NO ACTION,N/A,No,"Quarterly disclosure audit",CAMP-2026-006,Podcast mention,No,No,No
SUPP-0049,@guthealth_guru,Snapchat,2026-02-19,09:30:00,52360,19613,6.97,21435,1299,723,519,52,312,2867,"Paid collab sticker only",inadequate,post-content or absent,NON-COMPLIANT,"B. longum promotes digestive wellness (insufficient evidence - no human RCT)",health_efficacy,No,§255.5,51744,2026-03-22,Casey Park,PENDING,OBTAIN LEGAL REVIEW,N/A,No,"Casey Park pre-launch clearance",CAMP-2026-004,Carousel,No,No,No
SUPP-0050,@vitamindiary,Instagram Stories,2026-01-26,09:30:00,16478,4800,6.87,3637,149,49,48,24,104,537,"Disclosure in bio only",inadequate,post-content or absent,NON-COMPLIANT,"preliminary research suggests (PROHIBITED)",general_wellness,No,§255.5,51744,2026-02-28,Alex Rivera (Ext.),PENDING,INFLUENCER NOTIFIED,N/A,No,"Influencer remediation tracking",CAMP-2026-007,Short video (<60s),No,No,No
SUPP-0051,@holistic_health_hub,Twitter/X,2026-01-07,10:30:00,40138,21878,3.54,18214,1353,226,610,22,199,1141,"No disclosure",inadequate,post-content or absent,NON-COMPLIANT,"No health claim made (compliant)",general_wellness,Yes,§255.5,51744,2026-02-10,Jordan Ellis,PENDING,MONITORING,N/A,No,"Post-update-1 compliance sweep",CAMP-2026-001,Carousel,No,No,No
SUPP-0052,@guthealth_guru,Snapchat,2026-02-14,20:15:00,20051,9531,2.76,8544,586,215,72,136,259,1207,"#gifted in hashtags",inadequate,post-content or absent,NON-COMPLIANT,"promising results in gut health (PROHIBITED: 'promising')",general_wellness,No,§255.5,51744,2026-03-17,Alex Rivera (Ext.),OPEN,UPDATE DISCLOSURE,N/A,No,"Influencer remediation tracking",CAMP-2026-010,Carousel,No,No,No
SUPP-0053,@nourishednaturally,Twitter/X,2026-02-20,20:30:00,117464,17601,5.66,19228,1273,283,480,21,288,1321,"No disclosure",inadequate,post-content or absent,NON-COMPLIANT,"Science-backed probiotic formula (compliant general claim)",general_wellness,Yes,§255.5,51744,2026-03-23,Casey Park,PENDING,ESCALATE TO CCO,N/A,No,"Supplemental audit batch March 2026",CAMP-2026-011,Reel,No,No,No
SUPP-0054,@cleanwellness,Reels,2026-02-22,14:30:00,69719,13052,0.99,9824,499,70,224,42,139,463,"No disclosure (first post)",inadequate,post-content or absent,NON-COMPLIANT,"Gut health support tested in human trials (compliant)",general_wellness,Yes,§255.5,51744,2026-03-25,Casey Park,IN_REVIEW,OBTAIN LEGAL REVIEW,N/A,No,"Supplemental audit batch March 2026",CAMP-2026-005,Reel,No,No,No
SUPP-0055,@microbiome_maven,TikTok,2026-01-24,16:15:00,65626,10141,1.93,8393,516,223,252,95,24,1263,"Platform Paid Partnership only",inadequate,post-content or absent,NON-COMPLIANT,"Helps strengthen immunity (PROHIBITED: 'helps')",general_wellness,No,§255.5,51744,2026-02-27,Jordan Ellis,PENDING,CONTRACT UPDATED,N/A,No,"Quarterly disclosure audit",CAMP-2026-016,Static image,Yes,No,No
SUPP-0056,@guthealth_guru,YouTube,2026-01-06,12:45:00,86616,35806,0.94,27045,882,164,633,297,1415,1603,"Paid collab sticker only",inadequate,post-content or absent,NON-COMPLIANT,"No health claim made (compliant)",general_wellness,Yes,§255.5,51744,2026-02-09,Alex Rivera (Ext.),IN_REVIEW,REMOVE CLAIM,N/A,No,"Influencer remediation tracking",CAMP-2026-005,Reel,No,No,No
SUPP-0057,@digestive_digest,YouTube,2026-01-22,10:30:00,42444,16239,3.93,11458,243,106,481,239,97,1536,"#gifted in hashtags",inadequate,post-content or absent,NON-COMPLIANT,"Results Not Typical disclaimer applies (OBSOLETE safe harbor - abolished 2009)",general_wellness,No,§255.5,51744,2026-02-25,Alex Rivera (Ext.),OPEN,CONTRACT UPDATED,N/A,No,"Supplemental audit batch March 2026",CAMP-2026-012,Podcast mention,No,No,No
SUPP-0058,@holistic_health_hub,Reels,2026-02-06,10:15:00,16255,5354,4.78,4659,332,62,49,45,32,449,"Ad: at beginning",adequate,pre-content,COMPLIANT,"ProBio+ clinically studied for immunity (compliant phrasing)",general_wellness,Yes,None,0,2026-03-09,Casey Park,RESOLVED,NONE,2026-03-13,No,"Influencer remediation tracking",CAMP-2026-016,Carousel,No,No,Yes
SUPP-0059,@digestive_digest,TikTok,2026-03-04,08:15:00,47750,23696,7.15,16961,1821,1048,61,115,533,2173,"#ad buried as last hashtag",inadequate,post-content or absent,NON-COMPLIANT,"may help immune function (PROHIBITED: 'may')",health_efficacy,No,§255.5,51744,2026-03-07,Sarah Chen,PENDING,INFLUENCER NOTIFIED,N/A,No,"Casey Park pre-launch clearance",CAMP-2026-018,Reel,No,No,Yes
SUPP-0060,@probiotic_life,YouTube,2026-01-12,19:15:00,79077,18391,6.2,14430,437,91,41,207,541,2225,"Ad: at beginning",adequate,pre-content,COMPLIANT,"B. longum promotes digestive wellness (insufficient evidence - no human RCT)",health_efficacy,No,None,0,2026-02-15,Casey Park,RESOLVED,NONE,2026-02-19,No,"Post-CEO-retraction review round",CAMP-2026-006,Story,No,No,Yes
SUPP-0061,@vitalitycoach,YouTube,2026-01-06,20:15:00,109428,52712,4.39,39392,3280,1042,1157,500,430,5589,"AD text overlay (video)",inadequate,post-content or absent,NON-COMPLIANT,"Results Not Typical disclaimer applies (OBSOLETE safe harbor - abolished 2009)",general_wellness,No,§255.5,51744,2026-02-09,Alex Rivera (Ext.),PENDING,MONITORING,N/A,No,"Post-update-1 compliance sweep",CAMP-2026-003,Live session,No,No,No
SUPP-0062,@cleanwellness,Pinterest,2026-02-02,20:30:00,67041,7612,1.96,8194,117,22,103,49,30,855,"AD text overlay (video)",inadequate,post-content or absent,NON-COMPLIANT,"B. longum promotes digestive wellness (insufficient evidence - no human RCT)",health_efficacy,No,§255.5,51744,2026-03-05,Jordan Ellis,PENDING,UPDATE DISCLOSURE,N/A,No,"Quarterly disclosure audit",CAMP-2026-018,Static image,No,No,No
SUPP-0063,@immunity_insider,YouTube,2026-02-05,14:30:00,68441,34936,2.65,25749,2216,588,921,204,426,3231,"Disclosure at post end",inadequate,post-content or absent,NON-COMPLIANT,"ProBio+ clinically studied for immunity (compliant phrasing)",general_wellness,Yes,§255.5,51744,2026-03-08,Alex Rivera (Ext.),IN_REVIEW,INFLUENCER NOTIFIED,N/A,No,"Casey Park pre-launch clearance",CAMP-2026-012,Short video (<60s),No,No,No
SUPP-0064,@supplementspro,YouTube,2026-03-13,08:00:00,91110,11950,5.35,10128,487,256,249,129,462,1235,"AD text overlay (video)",inadequate,post-content or absent,NON-COMPLIANT,"ProBio+ clinically studied for immunity (compliant phrasing)",general_wellness,Yes,§255.5,51744,2026-03-16,Alex Rivera (Ext.),OPEN,ESCALATE TO CCO,N/A,No,"Supplemental audit batch March 2026",CAMP-2026-005,Live session,No,No,No
SUPP-0065,@vitalitycoach,Pinterest,2026-01-16,19:45:00,109285,19109,0.77,20037,207,49,479,286,677,1261,"No disclosure",inadequate,post-content or absent,NON-COMPLIANT,"Results Not Typical disclaimer applies (OBSOLETE safe harbor - abolished 2009)",general_wellness,No,§255.5,51744,2026-02-19,Casey Park,PENDING,ESCALATE TO CCO,N/A,No,"Supplemental audit batch March 2026",CAMP-2026-004,Blog post,No,No,No
SUPP-0066,@supplementspro,TikTok,2026-01-18,07:30:00,73981,17807,6.87,18425,721,206,112,150,581,2403,"Platform Paid Partnership only",inadequate,post-content or absent,NON-COMPLIANT,"Helps strengthen immunity (PROHIBITED: 'helps')",general_wellness,No,§255.5,51744,2026-02-21,Jordan Ellis,IN_REVIEW,OBTAIN LEGAL REVIEW,N/A,No,"Post-update-1 compliance sweep",CAMP-2026-006,Long video (>60s),Yes,No,No
SUPP-0067,@nutriscience,Pinterest,2026-02-03,16:00:00,55733,29736,1.49,29673,749,284,205,330,261,905,"#ad at post beginning",adequate,pre-content,COMPLIANT,"may help digestive comfort (PROHIBITED: 'may' + B. longum lacks RCT)",health_efficacy,No,None,0,2026-03-06,Alex Rivera (Ext.),RESOLVED,NONE,2026-03-10,No,"Quarterly disclosure audit",CAMP-2026-015,Carousel,No,No,Yes
SUPP-0068,@vitamindiary,Snapchat,2026-02-26,09:30:00,51952,26804,1.25,23710,1109,572,322,284,131,2025,"#sponsored in middle",inadequate,post-content or absent,NON-COMPLIANT,"Clinically demonstrated to enhance immunity (PROHIBITED: requires RCT for all ingredients)",health_efficacy,No,§255.5,51744,2026-03-28,Jordan Ellis,PENDING,COMPLIANT - NO ACTION,N/A,No,"Supplemental audit batch March 2026",CAMP-2026-018,Carousel,No,No,No
SUPP-0069,@nourishednaturally,Instagram,2026-02-17,23:15:00,79504,9103,4.64,8875,405,173,241,53,27,720,"Ad: at beginning",adequate,pre-content,COMPLIANT,"promising results in gut health (PROHIBITED: 'promising')",general_wellness,No,None,0,2026-03-20,Casey Park,RESOLVED,NONE,2026-03-24,No,"Influencer remediation tracking",CAMP-2026-012,Reel,No,No,Yes
SUPP-0070,@cleanwellness,Reels,2026-02-09,17:00:00,73833,7831,5.41,6423,463,119,106,106,284,498,"No disclosure",inadequate,post-content or absent,NON-COMPLIANT,"Probiotic of choice for digestive health (compliant general claim)",general_wellness,Yes,§255.5,51744,2026-03-12,Jordan Ellis,PENDING,COMPLIANT - NO ACTION,N/A,No,"Quarterly disclosure audit",CAMP-2026-006,Blog post,No,No,No
SUPP-0071,@wellnesswithjenna,YouTube,2026-03-19,13:15:00,96089,33889,3.25,31482,1479,389,184,44,862,4997,"Disclosure at post end",inadequate,post-content or absent,NON-COMPLIANT,"ProBio+ clinically studied for immunity (compliant phrasing)",general_wellness,Yes,§255.5,51744,2026-03-22,Sarah Chen,PENDING,UPDATE DISCLOSURE,N/A,No,"Post-CEO-retraction review round",CAMP-2026-007,Carousel,No,No,No
SUPP-0072,@nutriscience,TikTok,2026-01-02,16:30:00,101466,18357,2.69,20050,575,249,417,101,80,1329,"#ad buried as last hashtag",inadequate,post-content or absent,NON-COMPLIANT,"ProBio+ clinically studied for immunity (compliant phrasing)",general_wellness,Yes,§255.5,51744,2026-02-05,Jordan Ellis,OPEN,COMPLIANT - NO ACTION,N/A,No,"Quarterly disclosure audit",CAMP-2026-009,Live session,No,No,Yes
SUPP-0073,@wellnesswithjenna,Reels,2026-01-11,12:45:00,78593,14156,4.13,13514,1046,230,331,29,471,567,"FTC compliant verbal + text",adequate,pre-content,COMPLIANT,"No health claim made (compliant)",general_wellness,Yes,None,0,2026-02-14,Sarah Chen,RESOLVED,NONE,2026-02-18,No,"Influencer remediation tracking",CAMP-2026-002,Long video (>60s),No,No,No
SUPP-0074,@wellnesswithjenna,TikTok,2026-03-12,11:45:00,38761,13575,5.21,12687,1046,179,28,13,484,768,"No disclosure (first post)",inadequate,post-content or absent,NON-COMPLIANT,"Helps strengthen immunity (PROHIBITED: 'helps')",general_wellness,No,§255.5,51744,2026-03-15,Alex Rivera (Ext.),OPEN,CONTRACT UPDATED,N/A,No,"Sarah Chen escalation review",CAMP-2026-017,Live session,No,No,No
SUPP-0075,@digestive_digest,Instagram,2026-01-16,08:45:00,109834,55549,1.42,61020,3078,434,710,646,575,4040,"FTC compliant verbal + text",adequate,pre-content,COMPLIANT,"B. longum promotes digestive wellness (insufficient evidence - no human RCT)",health_efficacy,No,None,0,2026-02-19,Casey Park,RESOLVED,NONE,2026-02-23,No,"Casey Park pre-launch clearance",CAMP-2026-002,Reel,No,No,No
SUPP-0076,@cleanwellness,LinkedIn,2026-03-02,21:30:00,17158,3410,5.54,3012,138,25,35,40,49,337,"FTC compliant verbal + text",adequate,pre-content,COMPLIANT,"ProBio+ clinically studied for immunity (compliant phrasing)",general_wellness,Yes,None,0,2026-03-05,Casey Park,RESOLVED,NONE,2026-03-09,No,"Post-CEO-retraction review round",CAMP-2026-016,Live session,No,No,No
SUPP-0077,@microbiome_maven,LinkedIn,2026-03-28,17:45:00,37786,18065,4.55,18740,1166,672,125,127,533,708,"#sponsored in middle",inadequate,post-content or absent,NON-COMPLIANT,"preliminary research suggests (PROHIBITED)",general_wellness,No,§255.5,51744,2026-03-28,Sarah Chen,IN_REVIEW,UPDATE DISCLOSURE,N/A,No,"Post-update-1 compliance sweep",CAMP-2026-015,Long video (>60s),No,No,No
SUPP-0078,@wellnesswithjenna,YouTube,2026-01-11,20:45:00,107550,48163,4.52,41199,556,176,984,462,688,4553,"FTC compliant verbal + text",adequate,pre-content,COMPLIANT,"Results Not Typical disclaimer applies (OBSOLETE safe harbor - abolished 2009)",general_wellness,No,None,0,2026-02-14,Jordan Ellis,RESOLVED,NONE,2026-02-18,No,"Casey Park pre-launch clearance",CAMP-2026-002,Story,No,No,No
SUPP-0079,@immunity_insider,LinkedIn,2026-01-24,22:30:00,32193,3322,4.7,3038,114,57,14,12,54,317,"No disclosure (first post)",inadequate,post-content or absent,NON-COMPLIANT,"Doctor recommended for gut wellness (REQUIRES expert disclosure §255.3)",general_wellness,No,§255.5,51744,2026-02-27,Sarah Chen,IN_REVIEW,MONITORING,N/A,No,"Influencer remediation tracking",CAMP-2026-002,Static image,No,No,No
SUPP-0080,@vitamindiary,LinkedIn,2026-01-08,14:00:00,87958,16744,3.8,15101,1085,558,409,111,577,2067,"No disclosure (first post)",inadequate,post-content or absent,NON-COMPLIANT,"Vitamin D3 supports immune function (compliant - RCT supported)",health_efficacy,Yes,§255.5,51744,2026-02-11,Casey Park,PENDING,ESCALATE TO CCO,N/A,No,"Influencer remediation tracking",CAMP-2026-007,Short video (<60s),No,No,No
SUPP-0081,@vitalitycoach,Facebook,2026-03-13,20:30:00,49402,16937,2.46,14768,374,94,431,152,165,1261,"AD text overlay (video)",inadequate,post-content or absent,NON-COMPLIANT,"Doctor-Formulated for immunity (REQUIRES substantiation per revised audit letter)",general_wellness,No,§255.5,51744,2026-03-16,Alex Rivera (Ext.),PENDING,ESCALATE TO CCO,N/A,No,"Influencer remediation tracking",CAMP-2026-005,Short video (<60s),No,No,No
SUPP-0082,@immunity_insider,YouTube,2026-01-20,12:00:00,100253,13845,3.19,13091,825,159,395,173,392,1725,"Platform Paid Partnership only",inadequate,post-content or absent,NON-COMPLIANT,"may help immune function (PROHIBITED: 'may')",health_efficacy,No,§255.5,51744,2026-02-23,Alex Rivera (Ext.),IN_REVIEW,ESCALATE TO CCO,N/A,No,"Casey Park pre-launch clearance",CAMP-2026-015,Short video (<60s),Yes,No,No
SUPP-0083,@probiotic_life,LinkedIn,2026-03-11,23:15:00,12964,4082,7.18,3665,163,91,120,9,117,242,"Ad: at beginning",adequate,pre-content,COMPLIANT,"Supports immune health (compliant with RCT)",health_efficacy,Yes,None,0,2026-03-14,Alex Rivera (Ext.),RESOLVED,NONE,2026-03-18,No,"Influencer remediation tracking",CAMP-2026-011,Reel,No,No,Yes
SUPP-0084,@wellnesswithjenna,Reels,2026-02-04,15:15:00,94310,39625,6.26,37955,2278,311,388,57,518,1887,"Ad: at beginning",adequate,pre-content,COMPLIANT,"Gut health support tested in human trials (compliant)",general_wellness,Yes,None,0,2026-03-07,Sarah Chen,RESOLVED,NONE,2026-03-11,No,"Sarah Chen escalation review",CAMP-2026-009,Static image,No,No,Yes
SUPP-0085,@digestive_digest,Twitter/X,2026-02-02,07:15:00,44973,9688,2.07,7847,163,79,84,21,153,914,"#gifted in hashtags",inadequate,post-content or absent,NON-COMPLIANT,"preliminary research suggests (PROHIBITED)",general_wellness,No,§255.5,51744,2026-03-05,Casey Park,PENDING,MONITORING,N/A,No,"Casey Park pre-launch clearance",CAMP-2026-006,Carousel,No,No,No
SUPP-0086,@supplementspro,Twitter/X,2026-01-06,21:00:00,64899,29965,0.74,27049,1298,183,652,190,60,1639,"Disclosure in bio only",inadequate,post-content or absent,NON-COMPLIANT,"Gut health support tested in human trials (compliant)",general_wellness,Yes,§255.5,51744,2026-02-09,Casey Park,PENDING,COMPLIANT - NO ACTION,N/A,No,"Casey Park pre-launch clearance",CAMP-2026-016,Static image,No,No,No
SUPP-0087,@cleanwellness,Snapchat,2026-01-12,08:15:00,40522,14123,1.64,15165,199,91,414,17,514,1055,"#gifted in hashtags",inadequate,post-content or absent,NON-COMPLIANT,"Clinically demonstrated to enhance immunity (PROHIBITED: requires RCT for all ingredients)",health_efficacy,No,§255.5,51744,2026-02-15,Jordan Ellis,OPEN,INFLUENCER NOTIFIED,N/A,No,"Supplemental audit batch March 2026",CAMP-2026-011,Podcast mention,No,No,No
SUPP-0088,@digestive_digest,Twitter/X,2026-02-26,15:30:00,51214,19154,6.14,14845,713,215,401,183,191,1826,"AD text overlay (video)",inadequate,post-content or absent,NON-COMPLIANT,"Gut health support tested in human trials (compliant)",general_wellness,Yes,§255.5,51744,2026-03-28,Sarah Chen,PENDING,UPDATE DISCLOSURE,N/A,No,"Influencer remediation tracking",CAMP-2026-018,Long video (>60s),No,No,No
SUPP-0089,@vitamindiary,LinkedIn,2026-01-21,12:45:00,94607,28104,0.79,29354,1140,604,560,243,143,3338,"No disclosure",inadequate,post-content or absent,NON-COMPLIANT,"B. longum promotes digestive wellness (insufficient evidence - no human RCT)",health_efficacy,No,§255.5,51744,2026-02-24,Casey Park,PENDING,CONTRACT UPDATED,N/A,No,"Sarah Chen escalation review",CAMP-2026-010,Carousel,No,No,No
SUPP-0090,@nourishednaturally,YouTube,2026-03-05,17:00:00,48121,22347,6.4,19987,178,50,428,111,459,2636,"Disclosure in bio only",inadequate,post-content or absent,NON-COMPLIANT,"may help immune function (PROHIBITED: 'may')",health_efficacy,No,§255.5,51744,2026-03-08,Sarah Chen,OPEN,INFLUENCER NOTIFIED,N/A,No,"Sarah Chen escalation review",CAMP-2026-018,Static image,No,No,No
SUPP-0091,@wellnesswithjenna,Instagram Stories,2026-03-25,12:30:00,94240,51693,0.97,36330,1700,752,425,280,1786,7286,"AD text overlay (video)",inadequate,post-content or absent,NON-COMPLIANT,"initial pilot data shows gut improvement (PROHIBITED: 'initial' + 'pilot')",general_wellness,No,§255.5,51744,2026-03-28,Alex Rivera (Ext.),OPEN,COMPLIANT - NO ACTION,N/A,No,"Casey Park pre-launch clearance",CAMP-2026-019,Carousel,No,No,No
SUPP-0092,@nutriscience,Twitter/X,2026-03-11,09:30:00,13324,3080,6.07,2904,130,73,5,17,32,334,"Verbal only (video)",adequate,pre-content,COMPLIANT,"L. acidophilus NCFM for immune health (compliant - 2 human RCTs)",health_efficacy,Yes,None,0,2026-03-14,Sarah Chen,RESOLVED,NONE,2026-03-18,No,"Quarterly disclosure audit",CAMP-2026-013,Blog post,No,Yes,No
SUPP-0093,@vitamindiary,LinkedIn,2026-02-09,07:15:00,19937,6240,5.42,5767,357,92,22,83,93,529,"Disclosure in bio only",inadequate,post-content or absent,NON-COMPLIANT,"initial pilot data shows gut improvement (PROHIBITED: 'initial' + 'pilot')",general_wellness,No,§255.5,51744,2026-03-12,Sarah Chen,PENDING,INFLUENCER NOTIFIED,N/A,No,"Quarterly disclosure audit",CAMP-2026-004,Carousel,No,No,No
SUPP-0094,@digestive_digest,Reels,2026-03-02,10:45:00,118813,58956,0.91,43716,1458,574,1482,770,1464,2112,"#ad buried as last hashtag",inadequate,post-content or absent,NON-COMPLIANT,"Helps strengthen immunity (PROHIBITED: 'helps')",general_wellness,No,§255.5,51744,2026-03-05,Alex Rivera (Ext.),IN_REVIEW,UPDATE DISCLOSURE,N/A,No,"Post-CEO-retraction review round",CAMP-2026-015,Long video (>60s),No,No,Yes
SUPP-0095,@nutriscience,Instagram Stories,2026-01-18,19:30:00,43426,18814,7.1,14954,752,165,358,158,687,1981,"Ad: at beginning",adequate,pre-content,COMPLIANT,"ProBio+ clinically studied for immunity (compliant phrasing)",general_wellness,Yes,None,0,2026-02-21,Sarah Chen,RESOLVED,NONE,2026-02-25,No,"Supplemental audit batch March 2026",CAMP-2026-009,Blog post,No,No,Yes
SUPP-0096,@cleanwellness,Facebook,2026-02-16,19:00:00,49190,10139,4.29,7713,173,100,61,20,67,456,"#ad at post beginning",adequate,pre-content,COMPLIANT,"Probiotic of choice for digestive health (compliant general claim)",general_wellness,Yes,None,0,2026-03-19,Alex Rivera (Ext.),RESOLVED,NONE,2026-03-23,No,"Quarterly disclosure audit",CAMP-2026-013,Blog post,No,No,Yes
SUPP-0097,@vitamindiary,Facebook,2026-03-07,11:00:00,75190,33441,2.94,31964,1490,765,163,171,988,1998,"AD text overlay (video)",inadequate,post-content or absent,NON-COMPLIANT,"Vitamin D3 supports immune function (compliant - RCT supported)",health_efficacy,Yes,§255.5,51744,2026-03-10,Sarah Chen,PENDING,INFLUENCER NOTIFIED,N/A,No,"Post-update-1 compliance sweep",CAMP-2026-003,Blog post,No,No,No
SUPP-0098,@digestive_digest,Pinterest,2026-02-27,09:45:00,81019,42929,4.02,44690,3014,1152,688,473,1462,5142,"#ad buried as last hashtag",inadequate,post-content or absent,NON-COMPLIANT,"B. longum promotes digestive wellness (insufficient evidence - no human RCT)",health_efficacy,No,§255.5,51744,2026-03-28,Alex Rivera (Ext.),OPEN,UPDATE DISCLOSURE,N/A,No,"Casey Park pre-launch clearance",CAMP-2026-005,Reel,No,No,Yes
SUPP-0099,@fitandfueled,Twitter/X,2026-02-06,08:15:00,79046,9546,5.73,6794,710,150,175,72,157,685,"No disclosure (first post)",inadequate,post-content or absent,NON-COMPLIANT,"Vitamin D3 supports immune function (compliant - RCT supported)",health_efficacy,Yes,§255.5,51744,2026-03-09,Alex Rivera (Ext.),IN_REVIEW,ESCALATE TO CCO,N/A,No,"Casey Park pre-launch clearance",CAMP-2026-010,Long video (>60s),No,No,No
SUPP-0100,@cleanwellness,YouTube,2026-02-24,10:00:00,70364,34103,3.97,31820,1439,691,136,460,937,2694,"Platform Paid Partnership only",inadequate,post-content or absent,NON-COMPLIANT,"ProBio+ clinically studied for immunity (compliant phrasing)",general_wellness,Yes,§255.5,51744,2026-03-27,Casey Park,OPEN,UPDATE DISCLOSURE,N/A,No,"Influencer remediation tracking",CAMP-2026-012,Short video (<60s),Yes,No,No
SUPP-0101,@nourishednaturally,LinkedIn,2026-03-14,23:45:00,107952,12290,4.53,11968,522,265,229,149,174,1608,"Ad: at beginning",adequate,pre-content,COMPLIANT,"No health claim made (compliant)",general_wellness,Yes,None,0,2026-03-17,Sarah Chen,RESOLVED,NONE,2026-03-21,No,"Supplemental audit batch March 2026",CAMP-2026-012,Long video (>60s),No,No,Yes
SUPP-0102,@holistic_health_hub,YouTube,2026-03-20,19:15:00,99501,43910,1.54,44630,3191,1672,153,523,1734,6245,"Ad: at beginning",adequate,pre-content,COMPLIANT,"ProBio+ clinically studied for immunity (compliant phrasing)",general_wellness,Yes,None,0,2026-03-23,Casey Park,RESOLVED,NONE,2026-03-27,No,"Post-update-1 compliance sweep",CAMP-2026-013,Short video (<60s),No,No,Yes
SUPP-0103,@nutriscience,Twitter/X,2026-03-03,12:45:00,59677,27616,4.33,24001,551,284,466,181,352,2355,"No disclosure",inadequate,post-content or absent,NON-COMPLIANT,"may help digestive comfort (PROHIBITED: 'may' + B. longum lacks RCT)",health_efficacy,No,§255.5,51744,2026-03-06,Alex Rivera (Ext.),PENDING,COMPLIANT - NO ACTION,N/A,No,"Sarah Chen escalation review",CAMP-2026-015,Reel,No,No,No
SUPP-0104,@fitandfueled,Reels,2026-01-28,12:30:00,101626,47442,0.7,35576,756,100,1351,413,1584,3238,"#ad at post beginning",adequate,pre-content,COMPLIANT,"initial pilot data shows gut improvement (PROHIBITED: 'initial' + 'pilot')",general_wellness,No,None,0,2026-02-28,Sarah Chen,RESOLVED,NONE,2026-02-28,No,"Post-update-1 compliance sweep",CAMP-2026-002,Story,No,No,Yes
SUPP-0105,@nourishednaturally,Snapchat,2026-01-05,18:15:00,57458,10515,1.64,10356,779,276,228,82,228,429,"AD text overlay (video)",inadequate,post-content or absent,NON-COMPLIANT,"initial pilot data shows gut improvement (PROHIBITED: 'initial' + 'pilot')",general_wellness,No,§255.5,51744,2026-02-08,Sarah Chen,PENDING,OBTAIN LEGAL REVIEW,N/A,No,"Post-CEO-retraction review round",CAMP-2026-009,Podcast mention,No,No,No
SUPP-0106,@vitamindiary,Instagram,2026-03-11,20:00:00,34128,17324,3.94,18241,589,197,391,251,629,2508,"Ad: at beginning",adequate,pre-content,COMPLIANT,"Doctor recommended for gut wellness (REQUIRES expert disclosure §255.3)",general_wellness,No,None,0,2026-03-14,Casey Park,RESOLVED,NONE,2026-03-18,No,"Post-CEO-retraction review round",CAMP-2026-004,Short video (<60s),No,No,Yes
SUPP-0107,@microbiome_maven,Snapchat,2026-01-28,21:45:00,41908,15396,6.02,15075,542,251,277,136,448,2153,"Paid collab sticker only",inadequate,post-content or absent,NON-COMPLIANT,"B. longum promotes digestive wellness (insufficient evidence - no human RCT)",health_efficacy,No,§255.5,51744,2026-02-28,Jordan Ellis,OPEN,CONTRACT UPDATED,N/A,No,"Post-update-1 compliance sweep",CAMP-2026-015,Reel,No,No,No
SUPP-0108,@probiotic_life,Snapchat,2026-01-03,07:45:00,101115,41476,5.65,33885,1252,560,381,94,1545,4894,"Platform Paid Partnership only",inadequate,post-content or absent,NON-COMPLIANT,"Doctor recommended for gut wellness (REQUIRES expert disclosure §255.3)",general_wellness,No,§255.5,51744,2026-02-06,Sarah Chen,OPEN,UPDATE DISCLOSURE,N/A,No,"Sarah Chen escalation review",CAMP-2026-008,Podcast mention,Yes,No,No
SUPP-0109,@nourishednaturally,Snapchat,2026-01-13,08:45:00,47472,19579,5.94,17863,1329,133,550,20,448,1948,"#ad buried as last hashtag",inadequate,post-content or absent,NON-COMPLIANT,"Clinically demonstrated to enhance immunity (PROHIBITED: requires RCT for all ingredients)",health_efficacy,No,§255.5,51744,2026-02-16,Casey Park,IN_REVIEW,INFLUENCER NOTIFIED,N/A,No,"Influencer remediation tracking",CAMP-2026-011,Blog post,No,No,Yes
SUPP-0110,@immunity_insider,Reels,2026-03-23,09:30:00,33408,13669,6.96,14188,548,58,15,96,108,996,"#gifted in hashtags",inadequate,post-content or absent,NON-COMPLIANT,"Supports immune health (compliant with RCT)",health_efficacy,Yes,§255.5,51744,2026-03-26,Sarah Chen,PENDING,REMOVE CLAIM,N/A,No,"Influencer remediation tracking",CAMP-2026-002,Live session,No,No,No
SUPP-0111,@fitandfueled,Instagram,2026-03-08,08:00:00,94383,23255,1.24,24783,1491,371,368,341,220,2184,"Platform Paid Partnership only",inadequate,post-content or absent,NON-COMPLIANT,"Doctor recommended for gut wellness (REQUIRES expert disclosure §255.3)",general_wellness,No,§255.5,51744,2026-03-11,Sarah Chen,PENDING,CONTRACT UPDATED,N/A,No,"Supplemental audit batch March 2026",CAMP-2026-011,Short video (<60s),Yes,No,No
SUPP-0112,@vitalitycoach,Instagram Stories,2026-01-15,21:00:00,101280,22371,6.13,24194,1377,805,239,227,530,2743,"Disclosure at post end",inadequate,post-content or absent,NON-COMPLIANT,"Supports immune health (compliant with RCT)",health_efficacy,Yes,§255.5,51744,2026-02-18,Casey Park,IN_REVIEW,ESCALATE TO CCO,N/A,No,"Post-update-1 compliance sweep",CAMP-2026-012,Static image,No,No,No
SUPP-0113,@wellnesswithjenna,LinkedIn,2026-02-12,13:45:00,101232,43217,2.8,41262,2412,951,133,337,541,1386,"No disclosure (first post)",inadequate,post-content or absent,NON-COMPLIANT,"initial pilot data shows gut improvement (PROHIBITED: 'initial' + 'pilot')",general_wellness,No,§255.5,51744,2026-03-15,Jordan Ellis,PENDING,ESCALATE TO CCO,N/A,No,"Quarterly disclosure audit",CAMP-2026-015,Reel,No,No,No
SUPP-0114,@immunity_insider,YouTube,2026-01-19,18:00:00,24833,11094,6.81,11983,191,26,137,18,46,250,"Verbal only (video)",adequate,pre-content,COMPLIANT,"Clinically demonstrated to enhance immunity (PROHIBITED: requires RCT for all ingredients)",health_efficacy,No,None,0,2026-02-22,Alex Rivera (Ext.),RESOLVED,NONE,2026-02-26,No,"Post-CEO-retraction review round",CAMP-2026-019,Story,No,Yes,No
SUPP-0115,@probiotic_life,Twitter/X,2026-02-20,22:15:00,54830,9324,0.83,7870,298,118,105,105,219,1077,"#ad first hashtag",adequate,pre-content,COMPLIANT,"Doctor recommended for gut wellness (REQUIRES expert disclosure §255.3)",general_wellness,No,None,0,2026-03-23,Alex Rivera (Ext.),RESOLVED,NONE,2026-03-27,No,"Sarah Chen escalation review",CAMP-2026-017,Carousel,No,No,Yes
SUPP-0116,@holistic_health_hub,LinkedIn,2026-01-18,21:30:00,103420,53933,2.32,44527,693,309,1538,353,135,7294,"#ad first hashtag",adequate,pre-content,COMPLIANT,"Doctor-Formulated for immunity (REQUIRES substantiation per revised audit letter)",general_wellness,No,None,0,2026-02-21,Jordan Ellis,RESOLVED,NONE,2026-02-25,No,"Supplemental audit batch March 2026",CAMP-2026-005,Carousel,No,No,Yes
SUPP-0117,@nutriscience,Reels,2026-02-04,07:00:00,71913,27025,7.25,20979,1947,745,85,255,160,1192,"No disclosure (first post)",inadequate,post-content or absent,NON-COMPLIANT,"B. longum promotes digestive wellness (insufficient evidence - no human RCT)",health_efficacy,No,§255.5,51744,2026-03-07,Casey Park,PENDING,REMOVE CLAIM,N/A,No,"Supplemental audit batch March 2026",CAMP-2026-005,Podcast mention,No,No,No
SUPP-0118,@guthealth_guru,Snapchat,2026-02-25,20:30:00,114652,31141,6.23,27900,164,78,488,116,701,2778,"Disclosure in bio only",inadequate,post-content or absent,NON-COMPLIANT,"Supports immune health (compliant with RCT)",health_efficacy,Yes,§255.5,51744,2026-03-28,Alex Rivera (Ext.),IN_REVIEW,REMOVE CLAIM,N/A,No,"Casey Park pre-launch clearance",CAMP-2026-016,Carousel,No,No,No
SUPP-0119,@probiotic_life,Instagram Stories,2026-03-22,13:30:00,81327,15449,3.89,12189,139,19,259,175,432,1216,"Ad: at beginning",adequate,pre-content,COMPLIANT,"supports gut microbiome balance (compliant)",general_wellness,Yes,None,0,2026-03-25,Casey Park,RESOLVED,NONE,2026-03-28,No,"Casey Park pre-launch clearance",CAMP-2026-009,Blog post,No,No,Yes
SUPP-0120,@holistic_health_hub,Instagram Stories,2026-02-23,09:15:00,115752,30874,6.42,29613,729,229,73,434,354,1941,"No disclosure (first post)",inadequate,post-content or absent,NON-COMPLIANT,"Supports immune health (compliant with RCT)",health_efficacy,Yes,§255.5,51744,2026-03-26,Alex Rivera (Ext.),OPEN,REMOVE CLAIM,N/A,No,"Influencer remediation tracking",CAMP-2026-008,Podcast mention,No,No,No
SUPP-0121,@wellnesswithjenna,Pinterest,2026-02-07,16:30:00,95355,16667,4.44,16114,1138,142,343,27,285,2445,"Disclosure at post end",inadequate,post-content or absent,NON-COMPLIANT,"Clinically demonstrated to enhance immunity (PROHIBITED: requires RCT for all ingredients)",health_efficacy,No,§255.5,51744,2026-03-10,Casey Park,PENDING,MONITORING,N/A,No,"Post-update-1 compliance sweep",CAMP-2026-018,Blog post,No,No,No
SUPP-0122,@nourishednaturally,Instagram Stories,2026-01-08,09:00:00,51516,15087,5.0,15003,1151,352,233,52,481,607,"#ad at post beginning",adequate,pre-content,COMPLIANT,"ProBio+ clinically studied for immunity (compliant phrasing)",general_wellness,Yes,None,0,2026-02-11,Alex Rivera (Ext.),RESOLVED,NONE,2026-02-15,No,"Sarah Chen escalation review",CAMP-2026-003,Carousel,No,No,Yes
SUPP-0123,@nourishednaturally,Reels,2026-02-18,14:00:00,75289,31161,1.61,28010,2152,992,68,208,1024,3750,"Verbal only (video)",adequate,pre-content,COMPLIANT,"initial pilot data shows gut improvement (PROHIBITED: 'initial' + 'pilot')",general_wellness,No,None,0,2026-03-21,Jordan Ellis,RESOLVED,NONE,2026-03-25,No,"Post-CEO-retraction review round",CAMP-2026-015,Long video (>60s),No,Yes,No
SUPP-0124,@wellnesswithjenna,Instagram,2026-02-16,12:15:00,104901,22037,4.84,17941,817,219,447,73,381,1005,"Disclosure in bio only",inadequate,post-content or absent,NON-COMPLIANT,"Probiotic of choice for digestive health (compliant general claim)",general_wellness,Yes,§255.5,51744,2026-03-19,Jordan Ellis,IN_REVIEW,UPDATE DISCLOSURE,N/A,No,"Post-CEO-retraction review round",CAMP-2026-010,Reel,No,No,No
SUPP-0125,@digestive_digest,Reels,2026-01-22,16:00:00,71918,8591,6.15,7194,107,18,44,99,320,748,"Disclosure at post end",inadequate,post-content or absent,NON-COMPLIANT,"B. longum promotes digestive wellness (insufficient evidence - no human RCT)",health_efficacy,No,§255.5,51744,2026-02-25,Sarah Chen,PENDING,UPDATE DISCLOSURE,N/A,No,"Casey Park pre-launch clearance",CAMP-2026-010,Short video (<60s),No,No,No
SUPP-0126,@wellnesswithjenna,Reels,2026-03-10,11:45:00,35413,12376,7.12,8696,976,316,180,101,344,331,"#sponsored in middle",inadequate,post-content or absent,NON-COMPLIANT,"L. acidophilus NCFM for immune health (compliant - 2 human RCTs)",health_efficacy,Yes,§255.5,51744,2026-03-13,Sarah Chen,PENDING,COMPLIANT - NO ACTION,N/A,No,"Casey Park pre-launch clearance",CAMP-2026-017,Story,No,No,No
SUPP-0127,@microbiome_maven,Instagram Stories,2026-03-20,23:00:00,77036,38712,3.1,41637,2946,998,175,70,402,2001,"Verbal only (video)",adequate,pre-content,COMPLIANT,"Clinically demonstrated to enhance immunity (PROHIBITED: requires RCT for all ingredients)",health_efficacy,No,None,0,2026-03-23,Casey Park,RESOLVED,NONE,2026-03-27,No,"Supplemental audit batch March 2026",CAMP-2026-012,Static image,No,Yes,No
SUPP-0128,@cleanwellness,TikTok,2026-03-02,11:45:00,51497,15622,1.08,16554,653,202,211,38,474,1431,"#sponsored in middle",inadequate,post-content or absent,NON-COMPLIANT,"Supports immune health (compliant with RCT)",health_efficacy,Yes,§255.5,51744,2026-03-05,Sarah Chen,OPEN,INFLUENCER NOTIFIED,N/A,No,"Casey Park pre-launch clearance",CAMP-2026-004,Carousel,No,No,No
SUPP-0129,@wellnesswithjenna,YouTube,2026-01-12,13:00:00,73661,10048,6.74,7101,798,442,19,120,273,1272,"Disclosure at post end",inadequate,post-content or absent,NON-COMPLIANT,"Doctor-Formulated for immunity (REQUIRES substantiation per revised audit letter)",general_wellness,No,§255.5,51744,2026-02-15,Jordan Ellis,OPEN,OBTAIN LEGAL REVIEW,N/A,No,"Influencer remediation tracking",CAMP-2026-008,Short video (<60s),No,No,No
SUPP-0130,@holistic_health_hub,Snapchat,2026-01-05,19:00:00,84048,25760,7.48,19624,1287,253,114,192,713,833,"Platform Paid Partnership only",inadequate,post-content or absent,NON-COMPLIANT,"Vitamin D3 supports immune function (compliant - RCT supported)",health_efficacy,Yes,§255.5,51744,2026-02-08,Jordan Ellis,OPEN,CONTRACT UPDATED,N/A,No,"Sarah Chen escalation review",CAMP-2026-007,Carousel,Yes,No,No
SUPP-0131,@nourishednaturally,Instagram Stories,2026-03-21,07:15:00,11022,2666,1.13,1923,192,73,66,6,94,286,"Disclosure in bio only",inadequate,post-content or absent,NON-COMPLIANT,"No health claim made (compliant)",general_wellness,Yes,§255.5,51744,2026-03-24,Sarah Chen,PENDING,REMOVE CLAIM,N/A,No,"Quarterly disclosure audit",CAMP-2026-017,Reel,No,No,No
SUPP-0132,@probiotic_life,Reels,2026-01-27,21:45:00,32179,7110,3.91,5830,518,174,26,64,62,193,"Platform Paid Partnership only",inadequate,post-content or absent,NON-COMPLIANT,"ProBio+ clinically studied for immunity (compliant phrasing)",general_wellness,Yes,§255.5,51744,2026-02-28,Casey Park,PENDING,INFLUENCER NOTIFIED,N/A,No,"Influencer remediation tracking",CAMP-2026-007,Long video (>60s),Yes,No,No
SUPP-0133,@probiotic_life,Reels,2026-03-25,19:15:00,97329,35095,6.0,29120,1069,121,705,120,626,2455,"Ad: at beginning",adequate,pre-content,COMPLIANT,"Supports immune health (compliant with RCT)",health_efficacy,Yes,None,0,2026-03-28,Jordan Ellis,RESOLVED,NONE,2026-03-28,No,"Sarah Chen escalation review",CAMP-2026-019,Static image,No,No,Yes
SUPP-0134,@wellnesswithjenna,LinkedIn,2026-03-27,19:30:00,113945,38461,1.74,31631,944,206,1053,508,942,5400,"Disclosure in bio only",inadequate,post-content or absent,NON-COMPLIANT,"Helps strengthen immunity (PROHIBITED: 'helps')",general_wellness,No,§255.5,51744,2026-03-28,Alex Rivera (Ext.),PENDING,COMPLIANT - NO ACTION,N/A,No,"Post-update-1 compliance sweep",CAMP-2026-018,Short video (<60s),No,No,No
SUPP-0135,@wellnesswithjenna,Reels,2026-02-03,11:15:00,79648,17889,3.33,12668,1392,706,265,32,631,771,"Disclosure in bio only",inadequate,post-content or absent,NON-COMPLIANT,"Results Not Typical disclaimer applies (OBSOLETE safe harbor - abolished 2009)",general_wellness,No,§255.5,51744,2026-03-06,Casey Park,PENDING,MONITORING,N/A,No,"Casey Park pre-launch clearance",CAMP-2026-003,Short video (<60s),No,No,No
SUPP-0136,@supplementspro,Reels,2026-03-18,07:00:00,25731,10753,6.39,10942,624,150,242,116,377,506,"#ad buried as last hashtag",inadequate,post-content or absent,NON-COMPLIANT,"promising results in gut health (PROHIBITED: 'promising')",general_wellness,No,§255.5,51744,2026-03-21,Alex Rivera (Ext.),OPEN,OBTAIN LEGAL REVIEW,N/A,No,"Influencer remediation tracking",CAMP-2026-018,Podcast mention,No,No,Yes
SUPP-0137,@digestive_digest,LinkedIn,2026-01-04,22:00:00,119325,48747,6.0,38554,1604,726,277,611,517,2534,"#gifted in hashtags",inadequate,post-content or absent,NON-COMPLIANT,"Vitamin D3 supports immune function (compliant - RCT supported)",health_efficacy,Yes,§255.5,51744,2026-02-07,Casey Park,OPEN,CONTRACT UPDATED,N/A,No,"Quarterly disclosure audit",CAMP-2026-007,Short video (<60s),No,No,No
SUPP-0138,@probiotic_life,LinkedIn,2026-02-21,23:15:00,64839,7661,2.82,6713,325,167,158,84,90,464,"Ad: at beginning",adequate,pre-content,COMPLIANT,"initial pilot data shows gut improvement (PROHIBITED: 'initial' + 'pilot')",general_wellness,No,None,0,2026-03-24,Sarah Chen,RESOLVED,NONE,2026-03-28,No,"Sarah Chen escalation review",CAMP-2026-016,Static image,No,No,Yes
SUPP-0139,@wellnesswithjenna,Facebook,2026-02-20,13:15:00,80197,13954,2.14,12619,978,175,135,122,50,328,"AD text overlay (video)",inadequate,post-content or absent,NON-COMPLIANT,"L. acidophilus NCFM for immune health (compliant - 2 human RCTs)",health_efficacy,Yes,§255.5,51744,2026-03-23,Casey Park,IN_REVIEW,REMOVE CLAIM,N/A,No,"Quarterly disclosure audit",CAMP-2026-007,Live session,No,No,No
SUPP-0140,@nutriscience,Reels,2026-01-19,09:30:00,26863,7740,1.53,8484,39,9,165,108,201,967,"Platform Paid Partnership only",inadequate,post-content or absent,NON-COMPLIANT,"Supports immune health (compliant with RCT)",health_efficacy,Yes,§255.5,51744,2026-02-22,Casey Park,IN_REVIEW,CONTRACT UPDATED,N/A,No,"Casey Park pre-launch clearance",CAMP-2026-002,Static image,Yes,No,No
SUPP-0141,@fitandfueled,Twitter/X,2026-03-18,23:15:00,31069,9375,4.26,8077,349,186,29,78,118,727,"#sponsored in middle",inadequate,post-content or absent,NON-COMPLIANT,"may help digestive comfort (PROHIBITED: 'may' + B. longum lacks RCT)",health_efficacy,No,§255.5,51744,2026-03-21,Casey Park,PENDING,COMPLIANT - NO ACTION,N/A,No,"Sarah Chen escalation review",CAMP-2026-004,Live session,No,No,No
SUPP-0142,@nutriscience,Reels,2026-02-15,08:30:00,54015,20065,1.28,16879,1091,114,451,117,655,1828,"Paid collab sticker only",inadequate,post-content or absent,NON-COMPLIANT,"Doctor recommended for gut wellness (REQUIRES expert disclosure §255.3)",general_wellness,No,§255.5,51744,2026-03-18,Casey Park,PENDING,CONTRACT UPDATED,N/A,No,"Sarah Chen escalation review",CAMP-2026-015,Podcast mention,No,No,No
SUPP-0143,@fitandfueled,TikTok,2026-01-10,22:00:00,55486,27039,5.88,27102,1937,1161,470,393,205,1742,"Ad: at beginning",adequate,pre-content,COMPLIANT,"Clinically demonstrated to enhance immunity (PROHIBITED: requires RCT for all ingredients)",health_efficacy,No,None,0,2026-02-13,Alex Rivera (Ext.),RESOLVED,NONE,2026-02-17,No,"Supplemental audit batch March 2026",CAMP-2026-015,Podcast mention,No,No,Yes
SUPP-0144,@probiotic_life,Facebook,2026-02-17,09:15:00,74380,25294,6.04,18158,150,31,363,276,167,857,"No disclosure (first post)",inadequate,post-content or absent,NON-COMPLIANT,"Results Not Typical disclaimer applies (OBSOLETE safe harbor - abolished 2009)",general_wellness,No,§255.5,51744,2026-03-20,Sarah Chen,PENDING,CONTRACT UPDATED,N/A,No,"Post-CEO-retraction review round",CAMP-2026-013,Story,No,No,No
SUPP-0145,@vitamindiary,Instagram Stories,2026-02-19,16:00:00,21574,5471,5.42,5782,425,117,76,46,212,612,"Verbal only (video)",adequate,pre-content,COMPLIANT,"Science-backed probiotic formula (compliant general claim)",general_wellness,Yes,None,0,2026-03-22,Casey Park,RESOLVED,NONE,2026-03-26,No,"Sarah Chen escalation review",CAMP-2026-007,Live session,No,Yes,No
SUPP-0146,@microbiome_maven,Twitter/X,2026-01-16,09:15:00,78359,24387,2.35,20700,577,345,558,180,415,2071,"Verbal only (video)",adequate,pre-content,COMPLIANT,"ProBio+ clinically studied for immunity (compliant phrasing)",general_wellness,Yes,None,0,2026-02-19,Alex Rivera (Ext.),RESOLVED,NONE,2026-02-23,No,"Influencer remediation tracking",CAMP-2026-016,Blog post,No,Yes,No
SUPP-0147,@wellnesswithjenna,Facebook,2026-02-06,20:15:00,60665,13579,1.48,14811,196,47,339,104,193,1492,"#ad buried as last hashtag",inadequate,post-content or absent,NON-COMPLIANT,"Doctor recommended for gut wellness (REQUIRES expert disclosure §255.3)",general_wellness,No,§255.5,51744,2026-03-09,Jordan Ellis,PENDING,UPDATE DISCLOSURE,N/A,No,"Influencer remediation tracking",CAMP-2026-018,Podcast mention,No,No,Yes
SUPP-0148,@microbiome_maven,YouTube,2026-01-10,09:30:00,13921,7280,7.47,5258,529,209,9,99,185,1014,"Platform Paid Partnership only",inadequate,post-content or absent,NON-COMPLIANT,"promising results in gut health (PROHIBITED: 'promising')",general_wellness,No,§255.5,51744,2026-02-13,Casey Park,PENDING,MONITORING,N/A,No,"Supplemental audit batch March 2026",CAMP-2026-007,Short video (<60s),Yes,No,No
SUPP-0149,@fitandfueled,LinkedIn,2026-03-15,19:00:00,117476,38498,3.47,34220,1821,615,621,415,1194,3154,"No disclosure (first post)",inadequate,post-content or absent,NON-COMPLIANT,"No health claim made (compliant)",general_wellness,Yes,§255.5,51744,2026-03-18,Jordan Ellis,IN_REVIEW,INFLUENCER NOTIFIED,N/A,No,"Quarterly disclosure audit",CAMP-2026-011,Podcast mention,No,No,No
SUPP-0150,@vitamindiary,Instagram Stories,2026-02-21,22:15:00,118452,37198,0.63,36285,2105,789,831,224,933,4303,"Ad: at beginning",adequate,pre-content,COMPLIANT,"Helps strengthen immunity (PROHIBITED: 'helps')",general_wellness,No,None,0,2026-03-24,Alex Rivera (Ext.),RESOLVED,NONE,2026-03-28,No,"Sarah Chen escalation review",CAMP-2026-018,Long video (>60s),No,No,Yes
SUPP-0151,@nourishednaturally,TikTok,2026-02-13,12:45:00,76474,25235,6.23,26940,1534,693,501,59,217,754,"Paid collab sticker only",inadequate,post-content or absent,NON-COMPLIANT,"may help digestive comfort (PROHIBITED: 'may' + B. longum lacks RCT)",health_efficacy,No,§255.5,51744,2026-03-16,Casey Park,IN_REVIEW,UPDATE DISCLOSURE,N/A,No,"Post-CEO-retraction review round",CAMP-2026-010,Blog post,No,No,No
SUPP-0152,@vitamindiary,Pinterest,2026-02-28,16:00:00,33249,16212,1.0,16627,509,93,49,37,200,1697,"#ad buried as last hashtag",inadequate,post-content or absent,NON-COMPLIANT,"Science-backed probiotic formula (compliant general claim)",general_wellness,Yes,§255.5,51744,2026-03-28,Jordan Ellis,PENDING,UPDATE DISCLOSURE,N/A,No,"Supplemental audit batch March 2026",CAMP-2026-002,Carousel,No,No,Yes
SUPP-0153,@vitalitycoach,Facebook,2026-01-11,16:30:00,72226,25270,2.34,17801,320,175,103,189,468,1333,"Ad: at beginning",adequate,pre-content,COMPLIANT,"supports gut microbiome balance (compliant)",general_wellness,Yes,None,0,2026-02-14,Casey Park,RESOLVED,NONE,2026-02-18,No,"Casey Park pre-launch clearance",CAMP-2026-006,Long video (>60s),No,No,Yes
SUPP-0154,@vitamindiary,Reels,2026-03-19,18:45:00,100310,43781,1.49,44839,2993,1403,1116,301,266,5111,"Ad: at beginning",adequate,pre-content,COMPLIANT,"may help immune function (PROHIBITED: 'may')",health_efficacy,No,None,0,2026-03-22,Casey Park,RESOLVED,NONE,2026-03-26,No,"Post-update-1 compliance sweep",CAMP-2026-011,Long video (>60s),No,No,Yes
SUPP-0155,@digestive_digest,Pinterest,2026-02-01,13:45:00,54990,14079,6.24,11805,972,558,85,189,34,742,"#ad at post beginning",adequate,pre-content,COMPLIANT,"Helps strengthen immunity (PROHIBITED: 'helps')",general_wellness,No,None,0,2026-03-04,Jordan Ellis,RESOLVED,NONE,2026-03-08,No,"Sarah Chen escalation review",CAMP-2026-019,Static image,No,No,Yes
SUPP-0156,@vitalitycoach,Snapchat,2026-03-18,21:45:00,106814,50237,2.43,39540,931,387,727,747,568,4698,"#ad buried as last hashtag",inadequate,post-content or absent,NON-COMPLIANT,"No health claim made (compliant)",general_wellness,Yes,§255.5,51744,2026-03-21,Alex Rivera (Ext.),IN_REVIEW,REMOVE CLAIM,N/A,No,"Post-update-1 compliance sweep",CAMP-2026-005,Carousel,No,No,Yes
SUPP-0157,@digestive_digest,TikTok,2026-03-21,12:15:00,59449,31608,3.61,24097,1655,573,293,451,1208,1506,"Platform Paid Partnership only",inadequate,post-content or absent,NON-COMPLIANT,"Gut health support tested in human trials (compliant)",general_wellness,Yes,§255.5,51744,2026-03-24,Sarah Chen,PENDING,COMPLIANT - NO ACTION,N/A,No,"Post-CEO-retraction review round",CAMP-2026-015,Reel,Yes,No,No
SUPP-0158,@immunity_insider,Instagram,2026-01-25,18:45:00,96326,19968,2.94,19692,191,65,285,124,767,1734,"#sponsored in middle",inadequate,post-content or absent,NON-COMPLIANT,"Results Not Typical disclaimer applies (OBSOLETE safe harbor - abolished 2009)",general_wellness,No,§255.5,51744,2026-02-28,Alex Rivera (Ext.),OPEN,REMOVE CLAIM,N/A,No,"Supplemental audit batch March 2026",CAMP-2026-001,Blog post,No,No,No
SUPP-0159,@probiotic_life,Facebook,2026-02-23,21:15:00,115702,48438,6.9,49747,1907,410,314,477,1097,5467,"Disclosure at post end",inadequate,post-content or absent,NON-COMPLIANT,"Supports immune health (compliant with RCT)",health_efficacy,Yes,§255.5,51744,2026-03-26,Alex Rivera (Ext.),OPEN,UPDATE DISCLOSURE,N/A,No,"Sarah Chen escalation review",CAMP-2026-012,Carousel,No,No,No
SUPP-0160,@microbiome_maven,Twitter/X,2026-03-14,13:00:00,56709,7547,5.63,6954,416,161,186,91,181,402,"No disclosure (first post)",inadequate,post-content or absent,NON-COMPLIANT,"promising results in gut health (PROHIBITED: 'promising')",general_wellness,No,§255.5,51744,2026-03-17,Casey Park,OPEN,CONTRACT UPDATED,N/A,No,"Post-update-1 compliance sweep",CAMP-2026-010,Live session,No,No,No
SUPP-0161,@cleanwellness,Facebook,2026-03-28,16:45:00,89269,23221,0.84,17842,642,147,334,293,159,1284,"AD text overlay (video)",inadequate,post-content or absent,NON-COMPLIANT,"Helps strengthen immunity (PROHIBITED: 'helps')",general_wellness,No,§255.5,51744,2026-03-28,Jordan Ellis,OPEN,MONITORING,N/A,No,"Post-CEO-retraction review round",CAMP-2026-003,Short video (<60s),No,No,No
SUPP-0162,@vitalitycoach,Instagram,2026-02-25,08:15:00,69059,33644,1.06,34827,2483,792,924,105,636,3773,"AD text overlay (video)",inadequate,post-content or absent,NON-COMPLIANT,"preliminary research suggests (PROHIBITED)",general_wellness,No,§255.5,51744,2026-03-28,Casey Park,IN_REVIEW,CONTRACT UPDATED,N/A,No,"Post-update-1 compliance sweep",CAMP-2026-006,Carousel,No,No,No
SUPP-0163,@nutriscience,Pinterest,2026-03-22,16:15:00,20008,5454,4.86,5838,337,148,6,10,94,524,"FTC compliant verbal + text",adequate,pre-content,COMPLIANT,"B. longum promotes digestive wellness (insufficient evidence - no human RCT)",health_efficacy,No,None,0,2026-03-25,Casey Park,RESOLVED,NONE,2026-03-28,No,"Casey Park pre-launch clearance",CAMP-2026-014,Blog post,No,No,No
SUPP-0164,@nourishednaturally,LinkedIn,2026-01-14,10:00:00,114844,47764,4.15,45207,1924,556,355,688,369,1107,"#ad first hashtag",adequate,pre-content,COMPLIANT,"Gut health support tested in human trials (compliant)",general_wellness,Yes,None,0,2026-02-17,Casey Park,RESOLVED,NONE,2026-02-21,No,"Post-CEO-retraction review round",CAMP-2026-016,Blog post,No,No,Yes
SUPP-0165,@immunity_insider,Reels,2026-03-11,20:30:00,95853,10682,2.81,8595,711,244,96,148,283,848,"No disclosure (first post)",inadequate,post-content or absent,NON-COMPLIANT,"Supports immune health (compliant with RCT)",health_efficacy,Yes,§255.5,51744,2026-03-14,Sarah Chen,PENDING,OBTAIN LEGAL REVIEW,N/A,No,"Post-CEO-retraction review round",CAMP-2026-016,Static image,No,No,No
SUPP-0166,@fitandfueled,Snapchat,2026-02-12,12:00:00,82221,19483,6.14,20247,780,235,468,270,384,2477,"Disclosure at post end",inadequate,post-content or absent,NON-COMPLIANT,"Gut health support tested in human trials (compliant)",general_wellness,Yes,§255.5,51744,2026-03-15,Alex Rivera (Ext.),OPEN,OBTAIN LEGAL REVIEW,N/A,No,"Post-update-1 compliance sweep",CAMP-2026-004,Reel,No,No,No
SUPP-0167,@vitamindiary,Reels,2026-01-24,12:45:00,105581,10573,7.1,10898,168,48,278,100,22,464,"#ad at post beginning",adequate,pre-content,COMPLIANT,"Vitamin D3 supports immune function (compliant - RCT supported)",health_efficacy,Yes,None,0,2026-02-27,Alex Rivera (Ext.),RESOLVED,NONE,2026-02-28,No,"Influencer remediation tracking",CAMP-2026-009,Static image,No,No,Yes
SUPP-0168,@vitamindiary,Instagram Stories,2026-03-18,07:00:00,95265,41260,3.16,43660,1985,262,362,569,1579,3032,"FTC compliant verbal + text",adequate,pre-content,COMPLIANT,"preliminary research suggests (PROHIBITED)",general_wellness,No,None,0,2026-03-21,Alex Rivera (Ext.),RESOLVED,NONE,2026-03-25,No,"Casey Park pre-launch clearance",CAMP-2026-019,Short video (<60s),No,No,No
SUPP-0169,@nutriscience,Facebook,2026-01-15,23:15:00,35902,4309,7.47,4358,274,35,128,58,24,537,"Verbal only (video)",adequate,pre-content,COMPLIANT,"Vitamin D3 supports immune function (compliant - RCT supported)",health_efficacy,Yes,None,0,2026-02-18,Casey Park,RESOLVED,NONE,2026-02-22,No,"Sarah Chen escalation review",CAMP-2026-002,Podcast mention,No,Yes,No
SUPP-0170,@wellnesswithjenna,YouTube,2026-02-02,08:00:00,45069,6243,0.62,5904,280,103,163,29,229,580,"Disclosure in bio only",inadequate,post-content or absent,NON-COMPLIANT,"Doctor-Formulated for immunity (REQUIRES substantiation per revised audit letter)",general_wellness,No,§255.5,51744,2026-03-05,Casey Park,PENDING,COMPLIANT - NO ACTION,N/A,No,"Influencer remediation tracking",CAMP-2026-008,Carousel,No,No,No
SUPP-0171,@nourishednaturally,Pinterest,2026-02-18,21:00:00,23470,4637,1.75,4835,307,37,61,51,126,250,"#ad first hashtag",adequate,pre-content,COMPLIANT,"promising results in gut health (PROHIBITED: 'promising')",general_wellness,No,None,0,2026-03-21,Casey Park,RESOLVED,NONE,2026-03-25,No,"Influencer remediation tracking",CAMP-2026-018,Short video (<60s),No,No,Yes
SUPP-0172,@supplementspro,TikTok,2026-02-01,08:15:00,13283,2783,2.36,2770,128,32,35,3,90,270,"Disclosure at post end",inadequate,post-content or absent,NON-COMPLIANT,"may help digestive comfort (PROHIBITED: 'may' + B. longum lacks RCT)",health_efficacy,No,§255.5,51744,2026-03-04,Sarah Chen,OPEN,INFLUENCER NOTIFIED,N/A,No,"Post-CEO-retraction review round",CAMP-2026-018,Carousel,No,No,No
SUPP-0173,@vitamindiary,Pinterest,2026-01-19,23:00:00,62600,15349,4.42,14332,692,194,212,42,360,1931,"#ad at post beginning",adequate,pre-content,COMPLIANT,"No health claim made (compliant)",general_wellness,Yes,None,0,2026-02-22,Casey Park,RESOLVED,NONE,2026-02-26,No,"Influencer remediation tracking",CAMP-2026-007,Long video (>60s),No,No,Yes
SUPP-0174,@immunity_insider,Instagram Stories,2026-01-17,18:00:00,85689,37919,1.27,35718,1052,192,505,238,1360,2682,"#ad buried as last hashtag",inadequate,post-content or absent,NON-COMPLIANT,"may help digestive comfort (PROHIBITED: 'may' + B. longum lacks RCT)",health_efficacy,No,§255.5,51744,2026-02-20,Sarah Chen,PENDING,COMPLIANT - NO ACTION,N/A,No,"Post-update-1 compliance sweep",CAMP-2026-013,Live session,No,No,Yes
SUPP-0175,@fitandfueled,TikTok,2026-01-24,19:15:00,52132,14752,2.96,12312,125,20,249,104,133,323,"Disclosure at post end",inadequate,post-content or absent,NON-COMPLIANT,"preliminary research suggests (PROHIBITED)",general_wellness,No,§255.5,51744,2026-02-27,Sarah Chen,PENDING,ESCALATE TO CCO,N/A,No,"Casey Park pre-launch clearance",CAMP-2026-014,Live session,No,No,No
SUPP-0176,@holistic_health_hub,Snapchat,2026-01-18,21:00:00,96480,10747,3.54,10259,489,60,185,73,110,969,"No disclosure",inadequate,post-content or absent,NON-COMPLIANT,"may help digestive comfort (PROHIBITED: 'may' + B. longum lacks RCT)",health_efficacy,No,§255.5,51744,2026-02-21,Alex Rivera (Ext.),PENDING,MONITORING,N/A,No,"Sarah Chen escalation review",CAMP-2026-011,Short video (<60s),No,No,No
SUPP-0177,@vitalitycoach,Instagram,2026-01-21,10:15:00,90993,40162,2.27,30398,822,357,845,185,856,5576,"Platform Paid Partnership only",inadequate,post-content or absent,NON-COMPLIANT,"Supports immune health (compliant with RCT)",health_efficacy,Yes,§255.5,51744,2026-02-24,Alex Rivera (Ext.),PENDING,CONTRACT UPDATED,N/A,No,"Post-update-1 compliance sweep",CAMP-2026-003,Short video (<60s),Yes,No,No
SUPP-0178,@guthealth_guru,TikTok,2026-01-03,08:00:00,82726,31998,1.15,30631,2076,812,107,44,430,1258,"No disclosure",inadequate,post-content or absent,NON-COMPLIANT,"may help digestive comfort (PROHIBITED: 'may' + B. longum lacks RCT)",health_efficacy,No,§255.5,51744,2026-02-06,Alex Rivera (Ext.),PENDING,INFLUENCER NOTIFIED,N/A,No,"Quarterly disclosure audit",CAMP-2026-019,Carousel,No,No,No
SUPP-0179,@holistic_health_hub,Pinterest,2026-02-13,14:30:00,75885,22449,4.73,17474,1546,426,536,260,499,686,"#ad first hashtag",adequate,pre-content,COMPLIANT,"Vitamin D3 supports immune function (compliant - RCT supported)",health_efficacy,Yes,None,0,2026-03-16,Jordan Ellis,RESOLVED,NONE,2026-03-20,No,"Quarterly disclosure audit",CAMP-2026-006,Story,No,No,Yes
SUPP-0180,@cleanwellness,Instagram,2026-03-20,21:00:00,79347,23129,3.98,19837,1833,820,333,122,382,1783,"Platform Paid Partnership only",inadequate,post-content or absent,NON-COMPLIANT,"No health claim made (compliant)",general_wellness,Yes,§255.5,51744,2026-03-23,Sarah Chen,PENDING,UPDATE DISCLOSURE,N/A,No,"Supplemental audit batch March 2026",CAMP-2026-017,Podcast mention,Yes,No,No
SUPP-0181,@immunity_insider,Twitter/X,2026-02-18,20:30:00,109841,58758,6.48,46388,2554,1016,717,271,804,3085,"#sponsored in middle",inadequate,post-content or absent,NON-COMPLIANT,"Science-backed probiotic formula (compliant general claim)",general_wellness,Yes,§255.5,51744,2026-03-21,Casey Park,PENDING,REMOVE CLAIM,N/A,No,"Post-update-1 compliance sweep",CAMP-2026-012,Static image,No,No,No
SUPP-0182,@vitalitycoach,Instagram Stories,2026-02-19,10:00:00,76139,18568,3.24,16230,1234,364,40,272,92,474,"#ad buried as last hashtag",inadequate,post-content or absent,NON-COMPLIANT,"Probiotic of choice for digestive health (compliant general claim)",general_wellness,Yes,§255.5,51744,2026-03-22,Alex Rivera (Ext.),PENDING,REMOVE CLAIM,N/A,No,"Sarah Chen escalation review",CAMP-2026-018,Story,No,No,Yes
SUPP-0183,@guthealth_guru,LinkedIn,2026-01-11,08:45:00,12248,6057,3.23,4715,265,73,45,14,104,517,"#sponsored in middle",inadequate,post-content or absent,NON-COMPLIANT,"initial pilot data shows gut improvement (PROHIBITED: 'initial' + 'pilot')",general_wellness,No,§255.5,51744,2026-02-14,Casey Park,IN_REVIEW,REMOVE CLAIM,N/A,No,"Post-update-1 compliance sweep",CAMP-2026-011,Story,No,No,No
SUPP-0184,@holistic_health_hub,Twitter/X,2026-03-16,17:45:00,69207,25111,4.47,22171,617,64,746,340,364,2256,"Platform Paid Partnership only",inadequate,post-content or absent,NON-COMPLIANT,"Helps strengthen immunity (PROHIBITED: 'helps')",general_wellness,No,§255.5,51744,2026-03-19,Jordan Ellis,IN_REVIEW,UPDATE DISCLOSURE,N/A,No,"Supplemental audit batch March 2026",CAMP-2026-019,Story,Yes,No,No
SUPP-0185,@nourishednaturally,Pinterest,2026-02-05,18:45:00,96737,28610,5.79,24344,1005,182,517,380,870,2634,"Ad: at beginning",adequate,pre-content,COMPLIANT,"No health claim made (compliant)",general_wellness,Yes,None,0,2026-03-08,Sarah Chen,RESOLVED,NONE,2026-03-12,No,"Post-CEO-retraction review round",CAMP-2026-014,Short video (<60s),No,No,Yes
SUPP-0186,@holistic_health_hub,LinkedIn,2026-01-26,23:30:00,50252,18101,6.46,14292,248,122,94,115,103,2601,"#gifted in hashtags",inadequate,post-content or absent,NON-COMPLIANT,"Doctor-Formulated for immunity (REQUIRES substantiation per revised audit letter)",general_wellness,No,§255.5,51744,2026-02-28,Alex Rivera (Ext.),OPEN,COMPLIANT - NO ACTION,N/A,No,"Casey Park pre-launch clearance",CAMP-2026-007,Blog post,No,No,No
SUPP-0187,@holistic_health_hub,Pinterest,2026-03-07,16:45:00,62135,31399,6.67,29114,1765,374,619,418,631,3438,"FTC compliant verbal + text",adequate,pre-content,COMPLIANT,"Supports immune health (compliant with RCT)",health_efficacy,Yes,None,0,2026-03-10,Casey Park,RESOLVED,NONE,2026-03-14,No,"Influencer remediation tracking",CAMP-2026-008,Story,No,No,No
SUPP-0188,@vitamindiary,Snapchat,2026-02-25,11:00:00,19696,4314,3.74,4209,48,11,57,29,53,406,"Disclosure in bio only",inadequate,post-content or absent,NON-COMPLIANT,"Clinically demonstrated to enhance immunity (PROHIBITED: requires RCT for all ingredients)",health_efficacy,No,§255.5,51744,2026-03-28,Jordan Ellis,IN_REVIEW,MONITORING,N/A,No,"Post-CEO-retraction review round",CAMP-2026-012,Reel,No,No,No
SUPP-0189,@digestive_digest,Facebook,2026-03-07,10:15:00,44605,13198,2.3,11695,443,89,171,34,279,625,"Verbal only (video)",adequate,pre-content,COMPLIANT,"supports gut microbiome balance (compliant)",general_wellness,Yes,None,0,2026-03-10,Sarah Chen,RESOLVED,NONE,2026-03-14,No,"Casey Park pre-launch clearance",CAMP-2026-014,Carousel,No,Yes,No
SUPP-0190,@cleanwellness,Twitter/X,2026-01-20,17:15:00,62996,14141,1.13,10006,287,159,149,71,255,1709,"#ad buried as last hashtag",inadequate,post-content or absent,NON-COMPLIANT,"Doctor-Formulated for immunity (REQUIRES substantiation per revised audit letter)",general_wellness,No,§255.5,51744,2026-02-23,Casey Park,OPEN,OBTAIN LEGAL REVIEW,N/A,No,"Quarterly disclosure audit",CAMP-2026-010,Static image,No,No,Yes
SUPP-0191,@digestive_digest,Snapchat,2026-03-06,15:15:00,59904,25675,1.7,26491,733,314,177,161,802,3353,"No disclosure",inadequate,post-content or absent,NON-COMPLIANT,"Helps strengthen immunity (PROHIBITED: 'helps')",general_wellness,No,§255.5,51744,2026-03-09,Jordan Ellis,PENDING,UPDATE DISCLOSURE,N/A,No,"Influencer remediation tracking",CAMP-2026-012,Long video (>60s),No,No,No
SUPP-0192,@fitandfueled,YouTube,2026-02-18,11:30:00,35965,16888,1.7,17289,310,172,285,73,274,718,"Ad: at beginning",adequate,pre-content,COMPLIANT,"Vitamin D3 supports immune function (compliant - RCT supported)",health_efficacy,Yes,None,0,2026-03-21,Sarah Chen,RESOLVED,NONE,2026-03-25,No,"Casey Park pre-launch clearance",CAMP-2026-017,Short video (<60s),No,No,Yes
SUPP-0193,@vitamindiary,YouTube,2026-01-11,17:15:00,72869,30462,1.52,24507,1926,247,180,232,723,4178,"Verbal only (video)",adequate,pre-content,COMPLIANT,"ProBio+ clinically studied for immunity (compliant phrasing)",general_wellness,Yes,None,0,2026-02-14,Jordan Ellis,RESOLVED,NONE,2026-02-18,No,"Sarah Chen escalation review",CAMP-2026-005,Reel,No,Yes,No
SUPP-0194,@cleanwellness,YouTube,2026-01-06,16:45:00,18449,8753,1.35,6478,535,252,216,79,61,1083,"Verbal only (video)",adequate,pre-content,COMPLIANT,"B. longum promotes digestive wellness (insufficient evidence - no human RCT)",health_efficacy,No,None,0,2026-02-09,Jordan Ellis,RESOLVED,NONE,2026-02-13,No,"Casey Park pre-launch clearance",CAMP-2026-016,Story,No,Yes,No
SUPP-0195,@nutriscience,Instagram,2026-01-22,09:45:00,94917,48342,2.93,42412,1082,341,971,136,1082,4728,"No disclosure",inadequate,post-content or absent,NON-COMPLIANT,"Science-backed probiotic formula (compliant general claim)",general_wellness,Yes,§255.5,51744,2026-02-25,Jordan Ellis,IN_REVIEW,UPDATE DISCLOSURE,N/A,No,"Post-update-1 compliance sweep",CAMP-2026-007,Live session,No,No,No
SUPP-0196,@vitalitycoach,YouTube,2026-03-03,10:30:00,107687,42294,7.4,42000,1796,622,283,474,323,5409,"Disclosure in bio only",inadequate,post-content or absent,NON-COMPLIANT,"Helps strengthen immunity (PROHIBITED: 'helps')",general_wellness,No,§255.5,51744,2026-03-06,Jordan Ellis,IN_REVIEW,OBTAIN LEGAL REVIEW,N/A,No,"Post-CEO-retraction review round",CAMP-2026-014,Reel,No,No,No
SUPP-0197,@holistic_health_hub,Snapchat,2026-01-06,20:30:00,50548,24159,7.35,17358,1217,432,265,205,145,2339,"No disclosure (first post)",inadequate,post-content or absent,NON-COMPLIANT,"Doctor-Formulated for immunity (REQUIRES substantiation per revised audit letter)",general_wellness,No,§255.5,51744,2026-02-09,Alex Rivera (Ext.),OPEN,INFLUENCER NOTIFIED,N/A,No,"Post-update-1 compliance sweep",CAMP-2026-008,Static image,No,No,No
SUPP-0198,@vitamindiary,Pinterest,2026-03-22,12:45:00,13986,4167,2.83,3852,316,56,77,12,120,467,"#gifted in hashtags",inadequate,post-content or absent,NON-COMPLIANT,"initial pilot data shows gut improvement (PROHIBITED: 'initial' + 'pilot')",general_wellness,No,§255.5,51744,2026-03-25,Casey Park,PENDING,OBTAIN LEGAL REVIEW,N/A,No,"Sarah Chen escalation review",CAMP-2026-005,Blog post,No,No,No
SUPP-0199,@vitalitycoach,Pinterest,2026-01-15,23:00:00,119478,41418,3.67,38640,2106,1234,493,514,1054,5124,"Disclosure in bio only",inadequate,post-content or absent,NON-COMPLIANT,"Vitamin D3 supports immune function (compliant - RCT supported)",health_efficacy,Yes,§255.5,51744,2026-02-18,Casey Park,IN_REVIEW,UPDATE DISCLOSURE,N/A,No,"Influencer remediation tracking",CAMP-2026-019,Static image,No,No,No
SUPP-0200,@holistic_health_hub,Instagram Stories,2026-02-21,07:45:00,61980,9556,4.96,7997,479,259,87,90,231,1135,"Paid collab sticker only",inadequate,post-content or absent,NON-COMPLIANT,"Supports immune health (compliant with RCT)",health_efficacy,Yes,§255.5,51744,2026-03-24,Sarah Chen,OPEN,INFLUENCER NOTIFIED,N/A,No,"Sarah Chen escalation review",CAMP-2026-014,Carousel,No,No,No
SUPP-0201,@immunity_insider,TikTok,2026-02-14,11:45:00,27312,5935,4.59,5302,272,155,130,57,204,811,"Disclosure in bio only",inadequate,post-content or absent,NON-COMPLIANT,"supports gut microbiome balance (compliant)",general_wellness,Yes,§255.5,51744,2026-03-17,Sarah Chen,OPEN,REMOVE CLAIM,N/A,No,"Sarah Chen escalation review",CAMP-2026-015,Blog post,No,No,No
SUPP-0202,@vitamindiary,LinkedIn,2026-02-20,14:00:00,113623,46756,6.12,40618,3023,1365,322,611,1605,5079,"FTC compliant verbal + text",adequate,pre-content,COMPLIANT,"Results Not Typical disclaimer applies (OBSOLETE safe harbor - abolished 2009)",general_wellness,No,None,0,2026-03-23,Sarah Chen,RESOLVED,NONE,2026-03-27,No,"Sarah Chen escalation review",CAMP-2026-018,Carousel,No,No,No
SUPP-0203,@nourishednaturally,Instagram,2026-03-02,11:00:00,46366,15489,1.32,11671,720,257,90,112,423,1418,"#gifted in hashtags",inadequate,post-content or absent,NON-COMPLIANT,"supports gut microbiome balance (compliant)",general_wellness,Yes,§255.5,51744,2026-03-05,Sarah Chen,IN_REVIEW,UPDATE DISCLOSURE,N/A,No,"Post-update-1 compliance sweep",CAMP-2026-014,Short video (<60s),No,No,No
SUPP-0204,@vitalitycoach,Reels,2026-03-24,17:15:00,70549,22549,4.07,20085,1125,170,498,70,349,1563,"#ad at post beginning",adequate,pre-content,COMPLIANT,"L. acidophilus NCFM for immune health (compliant - 2 human RCTs)",health_efficacy,Yes,None,0,2026-03-27,Casey Park,RESOLVED,NONE,2026-03-28,No,"Influencer remediation tracking",CAMP-2026-015,Static image,No,No,Yes
SUPP-0205,@nutriscience,TikTok,2026-01-10,11:00:00,56508,18915,5.35,16112,1380,289,311,223,732,1960,"Verbal only (video)",adequate,pre-content,COMPLIANT,"Helps strengthen immunity (PROHIBITED: 'helps')",general_wellness,No,None,0,2026-02-13,Sarah Chen,RESOLVED,NONE,2026-02-17,No,"Casey Park pre-launch clearance",CAMP-2026-010,Podcast mention,No,Yes,No
SUPP-0206,@digestive_digest,Facebook,2026-02-02,08:30:00,110384,18017,1.5,18963,688,372,170,63,466,1876,"Ad: at beginning",adequate,pre-content,COMPLIANT,"B. longum promotes digestive wellness (insufficient evidence - no human RCT)",health_efficacy,No,None,0,2026-03-05,Sarah Chen,RESOLVED,NONE,2026-03-09,No,"Quarterly disclosure audit",CAMP-2026-019,Long video (>60s),No,No,Yes
SUPP-0207,@microbiome_maven,Twitter/X,2026-03-28,10:45:00,51260,25778,7.13,18271,1994,354,124,58,909,2969,"AD text overlay (video)",inadequate,post-content or absent,NON-COMPLIANT,"ProBio+ clinically studied for immunity (compliant phrasing)",general_wellness,Yes,§255.5,51744,2026-03-28,Alex Rivera (Ext.),IN_REVIEW,OBTAIN LEGAL REVIEW,N/A,No,"Casey Park pre-launch clearance",CAMP-2026-003,Carousel,No,No,No
SUPP-0208,@cleanwellness,LinkedIn,2026-02-08,07:30:00,85406,41071,1.0,32606,436,156,965,381,1616,1086,"#sponsored in middle",inadequate,post-content or absent,NON-COMPLIANT,"B. longum promotes digestive wellness (insufficient evidence - no human RCT)",health_efficacy,No,§255.5,51744,2026-03-11,Casey Park,OPEN,CONTRACT UPDATED,N/A,No,"Quarterly disclosure audit",CAMP-2026-007,Long video (>60s),No,No,No
SUPP-0209,@immunity_insider,LinkedIn,2026-01-28,23:45:00,65231,34458,4.0,29781,1074,258,41,90,928,1897,"AD text overlay (video)",inadequate,post-content or absent,NON-COMPLIANT,"Science-backed probiotic formula (compliant general claim)",general_wellness,Yes,§255.5,51744,2026-02-28,Sarah Chen,PENDING,OBTAIN LEGAL REVIEW,N/A,No,"Quarterly disclosure audit",CAMP-2026-012,Long video (>60s),No,No,No
SUPP-0210,@fitandfueled,TikTok,2026-03-21,20:30:00,22267,7672,6.84,7689,358,71,110,94,164,890,"#ad at post beginning",adequate,pre-content,COMPLIANT,"promising results in gut health (PROHIBITED: 'promising')",general_wellness,No,None,0,2026-03-24,Jordan Ellis,RESOLVED,NONE,2026-03-28,No,"Casey Park pre-launch clearance",CAMP-2026-010,Static image,No,No,Yes
SUPP-0211,@immunity_insider,Instagram,2026-02-18,20:15:00,37397,6545,5.88,5089,269,75,85,64,61,186,"Ad: at beginning",adequate,pre-content,COMPLIANT,"Results Not Typical disclaimer applies (OBSOLETE safe harbor - abolished 2009)",general_wellness,No,None,0,2026-03-21,Casey Park,RESOLVED,NONE,2026-03-25,No,"Sarah Chen escalation review",CAMP-2026-007,Static image,No,No,Yes
SUPP-0212,@probiotic_life,Snapchat,2026-03-12,17:15:00,67099,23323,4.67,20291,1201,360,515,75,376,1771,"No disclosure",inadequate,post-content or absent,NON-COMPLIANT,"may help immune function (PROHIBITED: 'may')",health_efficacy,No,§255.5,51744,2026-03-15,Jordan Ellis,IN_REVIEW,MONITORING,N/A,No,"Sarah Chen escalation review",CAMP-2026-017,Story,No,No,No
SUPP-0213,@fitandfueled,Instagram,2026-02-23,13:00:00,93447,50596,3.51,40459,1179,253,148,87,765,5750,"#gifted in hashtags",inadequate,post-content or absent,NON-COMPLIANT,"preliminary research suggests (PROHIBITED)",general_wellness,No,§255.5,51744,2026-03-26,Sarah Chen,IN_REVIEW,MONITORING,N/A,No,"Post-update-1 compliance sweep",CAMP-2026-011,Reel,No,No,No
SUPP-0214,@nutriscience,Snapchat,2026-02-08,20:30:00,56015,13202,6.82,10893,324,107,339,23,423,1405,"Ad: at beginning",adequate,pre-content,COMPLIANT,"B. longum promotes digestive wellness (insufficient evidence - no human RCT)",health_efficacy,No,None,0,2026-03-11,Alex Rivera (Ext.),RESOLVED,NONE,2026-03-15,No,"Sarah Chen escalation review",CAMP-2026-003,Story,No,No,Yes
SUPP-0215,@holistic_health_hub,LinkedIn,2026-03-10,15:30:00,107961,54364,2.72,55061,4011,946,569,263,790,1396,"FTC compliant verbal + text",adequate,pre-content,COMPLIANT,"Doctor recommended for gut wellness (REQUIRES expert disclosure §255.3)",general_wellness,No,None,0,2026-03-13,Casey Park,RESOLVED,NONE,2026-03-17,No,"Sarah Chen escalation review",CAMP-2026-010,Podcast mention,No,No,No
SUPP-0216,@cleanwellness,Pinterest,2026-01-09,13:45:00,93320,31038,2.49,27460,1906,1089,317,200,430,4522,"#gifted in hashtags",inadequate,post-content or absent,NON-COMPLIANT,"preliminary research suggests (PROHIBITED)",general_wellness,No,§255.5,51744,2026-02-12,Casey Park,IN_REVIEW,UPDATE DISCLOSURE,N/A,No,"Sarah Chen escalation review",CAMP-2026-007,Reel,No,No,No
SUPP-0217,@holistic_health_hub,YouTube,2026-01-01,18:15:00,52873,17167,6.23,12534,689,341,444,75,327,1259,"Verbal only (video)",adequate,pre-content,COMPLIANT,"Supports immune health (compliant with RCT)",health_efficacy,Yes,None,0,2026-02-04,Jordan Ellis,RESOLVED,NONE,2026-02-08,No,"Post-CEO-retraction review round",CAMP-2026-017,Reel,No,Yes,No
SUPP-0218,@fitandfueled,TikTok,2026-03-17,11:45:00,29996,11898,2.04,10474,70,14,266,107,263,327,"#sponsored in middle",inadequate,post-content or absent,NON-COMPLIANT,"Vitamin D3 supports immune function (compliant - RCT supported)",health_efficacy,Yes,§255.5,51744,2026-03-20,Casey Park,OPEN,REMOVE CLAIM,N/A,No,"Post-update-1 compliance sweep",CAMP-2026-009,Live session,No,No,No
SUPP-0219,@probiotic_life,Snapchat,2026-02-16,07:45:00,89760,47207,1.1,47056,270,130,633,388,360,3336,"Disclosure in bio only",inadequate,post-content or absent,NON-COMPLIANT,"Clinically demonstrated to enhance immunity (PROHIBITED: requires RCT for all ingredients)",health_efficacy,No,§255.5,51744,2026-03-19,Alex Rivera (Ext.),PENDING,COMPLIANT - NO ACTION,N/A,No,"Post-CEO-retraction review round",CAMP-2026-002,Blog post,No,No,No
SUPP-0220,@vitalitycoach,YouTube,2026-03-12,09:00:00,48218,23848,1.58,19060,670,374,145,116,58,585,"Paid collab sticker only",inadequate,post-content or absent,NON-COMPLIANT,"preliminary research suggests (PROHIBITED)",general_wellness,No,§255.5,51744,2026-03-15,Casey Park,PENDING,REMOVE CLAIM,N/A,No,"Post-update-1 compliance sweep",CAMP-2026-010,Blog post,No,No,No
SUPP-0221,@cleanwellness,Instagram,2026-02-21,22:30:00,73053,30886,2.82,26309,408,168,765,363,1117,2513,"Verbal only (video)",adequate,pre-content,COMPLIANT,"may help immune function (PROHIBITED: 'may')",health_efficacy,No,None,0,2026-03-24,Sarah Chen,RESOLVED,NONE,2026-03-28,No,"Quarterly disclosure audit",CAMP-2026-005,Short video (<60s),No,Yes,No
SUPP-0222,@digestive_digest,Reels,2026-02-05,21:15:00,62116,33588,5.33,26357,2517,1191,609,327,1081,4010,"#gifted in hashtags",inadequate,post-content or absent,NON-COMPLIANT,"Doctor recommended for gut wellness (REQUIRES expert disclosure §255.3)",general_wellness,No,§255.5,51744,2026-03-08,Sarah Chen,OPEN,UPDATE DISCLOSURE,N/A,No,"Post-CEO-retraction review round",CAMP-2026-005,Short video (<60s),No,No,No
SUPP-0223,@fitandfueled,Reels,2026-02-18,21:45:00,67524,30160,4.25,23412,896,154,510,109,241,3907,"#ad buried as last hashtag",inadequate,post-content or absent,NON-COMPLIANT,"promising results in gut health (PROHIBITED: 'promising')",general_wellness,No,§255.5,51744,2026-03-21,Jordan Ellis,IN_REVIEW,REMOVE CLAIM,N/A,No,"Quarterly disclosure audit",CAMP-2026-017,Reel,No,No,Yes
SUPP-0224,@vitalitycoach,Snapchat,2026-02-22,10:00:00,88568,38630,3.48,29049,2653,927,1151,524,1003,1520,"#ad at post beginning",adequate,pre-content,COMPLIANT,"may help immune function (PROHIBITED: 'may')",health_efficacy,No,None,0,2026-03-25,Casey Park,RESOLVED,NONE,2026-03-28,No,"Sarah Chen escalation review",CAMP-2026-003,Long video (>60s),No,No,Yes
SUPP-0225,@wellnesswithjenna,Facebook,2026-03-28,08:45:00,34082,8945,2.57,7916,309,126,68,44,45,861,"#ad buried as last hashtag",inadequate,post-content or absent,NON-COMPLIANT,"Results Not Typical disclaimer applies (OBSOLETE safe harbor - abolished 2009)",general_wellness,No,§255.5,51744,2026-03-28,Jordan Ellis,OPEN,UPDATE DISCLOSURE,N/A,No,"Post-update-1 compliance sweep",CAMP-2026-004,Short video (<60s),No,No,Yes
SUPP-0226,@supplementspro,Instagram Stories,2026-02-24,20:15:00,36734,16894,0.84,17522,805,313,275,77,120,1881,"Disclosure in bio only",inadequate,post-content or absent,NON-COMPLIANT,"Doctor-Formulated for immunity (REQUIRES substantiation per revised audit letter)",general_wellness,No,§255.5,51744,2026-03-27,Casey Park,OPEN,COMPLIANT - NO ACTION,N/A,No,"Casey Park pre-launch clearance",CAMP-2026-019,Static image,No,No,No
SUPP-0227,@vitamindiary,LinkedIn,2026-03-06,11:30:00,111532,19383,3.73,16933,1334,592,47,119,466,1095,"No disclosure (first post)",inadequate,post-content or absent,NON-COMPLIANT,"Gut health support tested in human trials (compliant)",general_wellness,Yes,§255.5,51744,2026-03-09,Casey Park,OPEN,INFLUENCER NOTIFIED,N/A,No,"Influencer remediation tracking",CAMP-2026-014,Reel,No,No,No
SUPP-0228,@nutriscience,TikTok,2026-03-02,19:15:00,51923,9137,0.67,7796,198,116,216,101,124,940,"Disclosure at post end",inadequate,post-content or absent,NON-COMPLIANT,"preliminary research suggests (PROHIBITED)",general_wellness,No,§255.5,51744,2026-03-05,Alex Rivera (Ext.),PENDING,MONITORING,N/A,No,"Post-CEO-retraction review round",CAMP-2026-004,Story,No,No,No
SUPP-0229,@vitalitycoach,Instagram Stories,2026-01-13,19:45:00,102870,47519,5.64,35651,2923,1572,169,692,740,5642,"Paid collab sticker only",inadequate,post-content or absent,NON-COMPLIANT,"Doctor recommended for gut wellness (REQUIRES expert disclosure §255.3)",general_wellness,No,§255.5,51744,2026-02-16,Jordan Ellis,OPEN,OBTAIN LEGAL REVIEW,N/A,No,"Influencer remediation tracking",CAMP-2026-009,Story,No,No,No
SUPP-0230,@holistic_health_hub,Facebook,2026-03-15,07:45:00,109261,28815,1.39,23520,915,377,634,141,235,1939,"No disclosure (first post)",inadequate,post-content or absent,NON-COMPLIANT,"Doctor-Formulated for immunity (REQUIRES substantiation per revised audit letter)",general_wellness,No,§255.5,51744,2026-03-18,Sarah Chen,OPEN,MONITORING,N/A,No,"Supplemental audit batch March 2026",CAMP-2026-012,Story,No,No,No
SUPP-0231,@supplementspro,YouTube,2026-01-07,16:45:00,78880,27544,2.63,20607,733,327,555,350,117,1700,"#ad first hashtag",adequate,pre-content,COMPLIANT,"initial pilot data shows gut improvement (PROHIBITED: 'initial' + 'pilot')",general_wellness,No,None,0,2026-02-10,Sarah Chen,RESOLVED,NONE,2026-02-14,No,"Post-CEO-retraction review round",CAMP-2026-010,Carousel,No,No,Yes
SUPP-0232,@digestive_digest,Snapchat,2026-03-23,17:00:00,18301,3622,1.76,3832,164,62,70,38,136,90,"#ad buried as last hashtag",inadequate,post-content or absent,NON-COMPLIANT,"Vitamin D3 supports immune function (compliant - RCT supported)",health_efficacy,Yes,§255.5,51744,2026-03-26,Sarah Chen,PENDING,MONITORING,N/A,No,"Quarterly disclosure audit",CAMP-2026-009,Blog post,No,No,Yes
SUPP-0233,@immunity_insider,Pinterest,2026-03-12,07:30:00,56864,16359,1.97,15598,853,169,385,232,85,389,"Paid collab sticker only",inadequate,post-content or absent,NON-COMPLIANT,"Helps strengthen immunity (PROHIBITED: 'helps')",general_wellness,No,§255.5,51744,2026-03-15,Jordan Ellis,PENDING,INFLUENCER NOTIFIED,N/A,No,"Post-CEO-retraction review round",CAMP-2026-007,Carousel,No,No,No
SUPP-0234,@fitandfueled,TikTok,2026-03-13,22:15:00,45035,21685,5.64,15630,1576,805,593,212,602,1816,"Disclosure in bio only",inadequate,post-content or absent,NON-COMPLIANT,"Science-backed probiotic formula (compliant general claim)",general_wellness,Yes,§255.5,51744,2026-03-16,Casey Park,PENDING,REMOVE CLAIM,N/A,No,"Influencer remediation tracking",CAMP-2026-006,Story,No,No,No
SUPP-0235,@probiotic_life,Pinterest,2026-01-25,15:00:00,91256,29893,7.25,26214,834,425,370,292,1184,3931,"#ad first hashtag",adequate,pre-content,COMPLIANT,"Results Not Typical disclaimer applies (OBSOLETE safe harbor - abolished 2009)",general_wellness,No,None,0,2026-02-28,Sarah Chen,RESOLVED,NONE,2026-02-28,No,"Quarterly disclosure audit",CAMP-2026-011,Short video (<60s),No,No,Yes
SUPP-0236,@supplementspro,Pinterest,2026-01-18,15:30:00,65841,27308,2.74,28405,145,80,523,162,999,581,"No disclosure",inadequate,post-content or absent,NON-COMPLIANT,"Science-backed probiotic formula (compliant general claim)",general_wellness,Yes,§255.5,51744,2026-02-21,Alex Rivera (Ext.),PENDING,UPDATE DISCLOSURE,N/A,No,"Casey Park pre-launch clearance",CAMP-2026-010,Long video (>60s),No,No,No
SUPP-0237,@holistic_health_hub,Twitter/X,2026-02-06,14:15:00,116408,22689,1.1,23315,1489,889,253,104,334,2618,"#ad buried as last hashtag",inadequate,post-content or absent,NON-COMPLIANT,"L. acidophilus NCFM for immune health (compliant - 2 human RCTs)",health_efficacy,Yes,§255.5,51744,2026-03-09,Jordan Ellis,IN_REVIEW,ESCALATE TO CCO,N/A,No,"Post-update-1 compliance sweep",CAMP-2026-005,Carousel,No,No,Yes
SUPP-0238,@vitamindiary,Facebook,2026-02-06,21:00:00,50685,25675,6.46,25272,1901,608,343,159,897,3419,"#gifted in hashtags",inadequate,post-content or absent,NON-COMPLIANT,"Vitamin D3 supports immune function (compliant - RCT supported)",health_efficacy,Yes,§255.5,51744,2026-03-09,Jordan Ellis,IN_REVIEW,COMPLIANT - NO ACTION,N/A,No,"Post-update-1 compliance sweep",CAMP-2026-015,Static image,No,No,No
SUPP-0239,@wellnesswithjenna,YouTube,2026-02-14,10:00:00,33045,16799,5.76,13693,217,100,125,71,292,2255,"FTC compliant verbal + text",adequate,pre-content,COMPLIANT,"No health claim made (compliant)",general_wellness,Yes,None,0,2026-03-17,Sarah Chen,RESOLVED,NONE,2026-03-21,No,"Post-CEO-retraction review round",CAMP-2026-015,Story,No,No,No
SUPP-0240,@fitandfueled,YouTube,2026-03-16,19:00:00,88249,13104,3.15,11471,898,236,228,44,347,1697,"Ad: at beginning",adequate,pre-content,COMPLIANT,"Gut health support tested in human trials (compliant)",general_wellness,Yes,None,0,2026-03-19,Alex Rivera (Ext.),RESOLVED,NONE,2026-03-23,No,"Sarah Chen escalation review",CAMP-2026-008,Short video (<60s),No,No,Yes
SUPP-0241,@supplementspro,Facebook,2026-03-24,21:30:00,106599,23220,6.73,17672,1519,230,400,347,286,2182,"Disclosure at post end",inadequate,post-content or absent,NON-COMPLIANT,"Supports immune health (compliant with RCT)",health_efficacy,Yes,§255.5,51744,2026-03-27,Jordan Ellis,PENDING,CONTRACT UPDATED,N/A,No,"Influencer remediation tracking",CAMP-2026-007,Long video (>60s),No,No,No
SUPP-0242,@vitalitycoach,Snapchat,2026-02-19,14:45:00,58700,27533,2.1,22271,1352,361,227,166,262,1549,"AD text overlay (video)",inadequate,post-content or absent,NON-COMPLIANT,"initial pilot data shows gut improvement (PROHIBITED: 'initial' + 'pilot')",general_wellness,No,§255.5,51744,2026-03-22,Alex Rivera (Ext.),OPEN,INFLUENCER NOTIFIED,N/A,No,"Supplemental audit batch March 2026",CAMP-2026-015,Carousel,No,No,No
SUPP-0243,@wellnesswithjenna,Twitter/X,2026-01-09,17:15:00,14408,6858,5.67,5893,359,104,119,74,245,572,"AD text overlay (video)",inadequate,post-content or absent,NON-COMPLIANT,"L. acidophilus NCFM for immune health (compliant - 2 human RCTs)",health_efficacy,Yes,§255.5,51744,2026-02-12,Casey Park,OPEN,CONTRACT UPDATED,N/A,No,"Casey Park pre-launch clearance",CAMP-2026-001,Live session,No,No,No
SUPP-0244,@vitalitycoach,LinkedIn,2026-03-22,23:30:00,111213,34193,6.08,27382,584,335,839,462,197,1251,"#sponsored in middle",inadequate,post-content or absent,NON-COMPLIANT,"Doctor recommended for gut wellness (REQUIRES expert disclosure §255.3)",general_wellness,No,§255.5,51744,2026-03-25,Jordan Ellis,OPEN,UPDATE DISCLOSURE,N/A,No,"Post-CEO-retraction review round",CAMP-2026-007,Static image,No,No,No
SUPP-0245,@probiotic_life,TikTok,2026-02-24,21:30:00,84142,21577,1.85,15521,753,145,124,277,801,2198,"#sponsored in middle",inadequate,post-content or absent,NON-COMPLIANT,"Helps strengthen immunity (PROHIBITED: 'helps')",general_wellness,No,§255.5,51744,2026-03-27,Sarah Chen,OPEN,MONITORING,N/A,No,"Supplemental audit batch March 2026",CAMP-2026-011,Blog post,No,No,No
SUPP-0246,@nourishednaturally,Instagram,2026-01-07,15:15:00,68847,7909,1.79,6863,153,37,222,30,217,355,"FTC compliant verbal + text",adequate,pre-content,COMPLIANT,"may help digestive comfort (PROHIBITED: 'may' + B. longum lacks RCT)",health_efficacy,No,None,0,2026-02-10,Jordan Ellis,RESOLVED,NONE,2026-02-14,No,"Supplemental audit batch March 2026",CAMP-2026-003,Long video (>60s),No,No,No
SUPP-0247,@immunity_insider,Facebook,2026-02-09,20:00:00,118617,23933,2.29,20448,1372,474,156,255,921,2745,"Paid collab sticker only",inadequate,post-content or absent,NON-COMPLIANT,"Supports immune health (compliant with RCT)",health_efficacy,Yes,§255.5,51744,2026-03-12,Sarah Chen,PENDING,UPDATE DISCLOSURE,N/A,No,"Casey Park pre-launch clearance",CAMP-2026-014,Carousel,No,No,No
SUPP-0248,@vitalitycoach,Twitter/X,2026-01-10,11:45:00,70068,9715,3.09,10114,486,167,251,112,286,758,"Disclosure in bio only",inadequate,post-content or absent,NON-COMPLIANT,"Vitamin D3 supports immune function (compliant - RCT supported)",health_efficacy,Yes,§255.5,51744,2026-02-13,Casey Park,OPEN,INFLUENCER NOTIFIED,N/A,No,"Casey Park pre-launch clearance",CAMP-2026-014,Reel,No,No,No
SUPP-0249,@wellnesswithjenna,Snapchat,2026-03-24,14:30:00,67702,13653,1.67,13153,456,93,71,140,141,1554,"Ad: at beginning",adequate,pre-content,COMPLIANT,"ProBio+ clinically studied for immunity (compliant phrasing)",general_wellness,Yes,None,0,2026-03-27,Alex Rivera (Ext.),RESOLVED,NONE,2026-03-28,No,"Supplemental audit batch March 2026",CAMP-2026-015,Blog post,No,No,Yes
SUPP-0250,@wellnesswithjenna,Reels,2026-03-28,19:45:00,18235,6342,2.29,5156,226,22,177,75,109,398,"AD text overlay (video)",inadequate,post-content or absent,NON-COMPLIANT,"Probiotic of choice for digestive health (compliant general claim)",general_wellness,Yes,§255.5,51744,2026-03-28,Jordan Ellis,IN_REVIEW,REMOVE CLAIM,N/A,No,"Post-CEO-retraction review round",CAMP-2026-013,Podcast mention,No,No,No
SUPP-0251,@immunity_insider,Pinterest,2026-02-23,11:00:00,35426,3863,1.68,3737,236,92,21,41,53,553,"#sponsored in middle",inadequate,post-content or absent,NON-COMPLIANT,"Helps strengthen immunity (PROHIBITED: 'helps')",general_wellness,No,§255.5,51744,2026-03-26,Casey Park,IN_REVIEW,INFLUENCER NOTIFIED,N/A,No,"Influencer remediation tracking",CAMP-2026-016,Podcast mention,No,No,No
SUPP-0252,@microbiome_maven,Facebook,2026-01-14,15:30:00,89640,10499,1.82,8088,212,94,73,127,41,377,"No disclosure (first post)",inadequate,post-content or absent,NON-COMPLIANT,"may help immune function (PROHIBITED: 'may')",health_efficacy,No,§255.5,51744,2026-02-17,Jordan Ellis,IN_REVIEW,INFLUENCER NOTIFIED,N/A,No,"Post-CEO-retraction review round",CAMP-2026-012,Story,No,No,No
SUPP-0253,@wellnesswithjenna,YouTube,2026-02-21,22:00:00,32964,11556,5.08,8245,702,169,300,40,109,1651,"Ad: at beginning",adequate,pre-content,COMPLIANT,"initial pilot data shows gut improvement (PROHIBITED: 'initial' + 'pilot')",general_wellness,No,None,0,2026-03-24,Alex Rivera (Ext.),RESOLVED,NONE,2026-03-28,No,"Casey Park pre-launch clearance",CAMP-2026-018,Short video (<60s),No,No,Yes
SUPP-0254,@immunity_insider,Snapchat,2026-03-05,09:15:00,46248,12285,7.49,10512,615,318,36,56,90,1252,"Verbal only (video)",adequate,pre-content,COMPLIANT,"Results Not Typical disclaimer applies (OBSOLETE safe harbor - abolished 2009)",general_wellness,No,None,0,2026-03-08,Alex Rivera (Ext.),RESOLVED,NONE,2026-03-12,No,"Casey Park pre-launch clearance",CAMP-2026-002,Short video (<60s),No,Yes,No
SUPP-0255,@holistic_health_hub,Twitter/X,2026-01-26,22:00:00,54527,21224,4.65,22762,187,26,189,233,183,468,"FTC compliant verbal + text",adequate,pre-content,COMPLIANT,"supports gut microbiome balance (compliant)",general_wellness,Yes,None,0,2026-02-28,Sarah Chen,RESOLVED,NONE,2026-02-28,No,"Casey Park pre-launch clearance",CAMP-2026-005,Reel,No,No,No
SUPP-0256,@guthealth_guru,YouTube,2026-02-28,15:45:00,84911,23303,6.93,17186,1407,190,478,133,567,1919,"#ad buried as last hashtag",inadequate,post-content or absent,NON-COMPLIANT,"initial pilot data shows gut improvement (PROHIBITED: 'initial' + 'pilot')",general_wellness,No,§255.5,51744,2026-03-28,Sarah Chen,IN_REVIEW,INFLUENCER NOTIFIED,N/A,No,"Sarah Chen escalation review",CAMP-2026-004,Reel,No,No,Yes
SUPP-0257,@vitalitycoach,Twitter/X,2026-03-13,12:00:00,40416,7321,5.0,5875,229,134,202,38,195,433,"No disclosure",inadequate,post-content or absent,NON-COMPLIANT,"supports gut microbiome balance (compliant)",general_wellness,Yes,§255.5,51744,2026-03-16,Jordan Ellis,OPEN,MONITORING,N/A,No,"Post-CEO-retraction review round",CAMP-2026-006,Blog post,No,No,No
SUPP-0258,@immunity_insider,LinkedIn,2026-03-10,21:15:00,70535,36973,2.79,28472,1587,675,674,55,466,2092,"#ad buried as last hashtag",inadequate,post-content or absent,NON-COMPLIANT,"may help digestive comfort (PROHIBITED: 'may' + B. longum lacks RCT)",health_efficacy,No,§255.5,51744,2026-03-13,Sarah Chen,PENDING,OBTAIN LEGAL REVIEW,N/A,No,"Quarterly disclosure audit",CAMP-2026-003,Podcast mention,No,No,Yes
SUPP-0259,@holistic_health_hub,Reels,2026-02-14,14:15:00,75871,30963,5.73,23546,571,82,620,192,983,4158,"Platform Paid Partnership only",inadequate,post-content or absent,NON-COMPLIANT,"Science-backed probiotic formula (compliant general claim)",general_wellness,Yes,§255.5,51744,2026-03-17,Sarah Chen,PENDING,MONITORING,N/A,No,"Sarah Chen escalation review",CAMP-2026-019,Reel,Yes,No,No
SUPP-0260,@immunity_insider,TikTok,2026-03-19,12:00:00,36129,4852,0.71,4668,361,200,89,28,34,321,"#sponsored in middle",inadequate,post-content or absent,NON-COMPLIANT,"initial pilot data shows gut improvement (PROHIBITED: 'initial' + 'pilot')",general_wellness,No,§255.5,51744,2026-03-22,Casey Park,PENDING,REMOVE CLAIM,N/A,No,"Casey Park pre-launch clearance",CAMP-2026-010,Long video (>60s),No,No,No
SUPP-0261,@vitamindiary,TikTok,2026-01-03,21:00:00,107025,39460,3.09,28672,2497,1396,63,81,1378,4784,"Paid collab sticker only",inadequate,post-content or absent,NON-COMPLIANT,"Helps strengthen immunity (PROHIBITED: 'helps')",general_wellness,No,§255.5,51744,2026-02-06,Jordan Ellis,OPEN,UPDATE DISCLOSURE,N/A,No,"Supplemental audit batch March 2026",CAMP-2026-017,Long video (>60s),No,No,No
SUPP-0262,@fitandfueled,Instagram Stories,2026-03-25,08:15:00,50227,24577,2.43,17855,424,197,79,271,664,1069,"Ad: at beginning",adequate,pre-content,COMPLIANT,"Gut health support tested in human trials (compliant)",general_wellness,Yes,None,0,2026-03-28,Casey Park,RESOLVED,NONE,2026-03-28,No,"Post-update-1 compliance sweep",CAMP-2026-017,Live session,No,No,Yes
SUPP-0263,@wellnesswithjenna,Instagram Stories,2026-03-22,12:00:00,12482,5871,6.24,6023,89,30,90,33,78,827,"FTC compliant verbal + text",adequate,pre-content,COMPLIANT,"Vitamin D3 supports immune function (compliant - RCT supported)",health_efficacy,Yes,None,0,2026-03-25,Alex Rivera (Ext.),RESOLVED,NONE,2026-03-28,No,"Sarah Chen escalation review",CAMP-2026-011,Carousel,No,No,No
SUPP-0264,@probiotic_life,Reels,2026-03-14,19:45:00,114802,45317,0.93,49457,1237,500,651,605,1704,1357,"#ad at post beginning",adequate,pre-content,COMPLIANT,"Vitamin D3 supports immune function (compliant - RCT supported)",health_efficacy,Yes,None,0,2026-03-17,Jordan Ellis,RESOLVED,NONE,2026-03-21,No,"Casey Park pre-launch clearance",CAMP-2026-009,Long video (>60s),No,No,Yes
SUPP-0265,@fitandfueled,Reels,2026-02-27,16:30:00,119151,43128,4.19,43343,1259,541,1059,297,1603,5744,"#ad buried as last hashtag",inadequate,post-content or absent,NON-COMPLIANT,"Science-backed probiotic formula (compliant general claim)",general_wellness,Yes,§255.5,51744,2026-03-28,Casey Park,OPEN,UPDATE DISCLOSURE,N/A,No,"Casey Park pre-launch clearance",CAMP-2026-002,Live session,No,No,Yes
SUPP-0266,@vitamindiary,Instagram,2026-01-21,14:15:00,86869,26701,0.56,23575,2111,1182,649,145,640,1272,"#ad first hashtag",adequate,pre-content,COMPLIANT,"Results Not Typical disclaimer applies (OBSOLETE safe harbor - abolished 2009)",general_wellness,No,None,0,2026-02-24,Jordan Ellis,RESOLVED,NONE,2026-02-28,No,"Sarah Chen escalation review",CAMP-2026-011,Carousel,No,No,Yes
SUPP-0267,@probiotic_life,Facebook,2026-02-28,18:00:00,80371,34327,4.7,30952,1149,220,572,435,404,2726,"Disclosure at post end",inadequate,post-content or absent,NON-COMPLIANT,"Clinically demonstrated to enhance immunity (PROHIBITED: requires RCT for all ingredients)",health_efficacy,No,§255.5,51744,2026-03-28,Sarah Chen,OPEN,UPDATE DISCLOSURE,N/A,No,"Sarah Chen escalation review",CAMP-2026-018,Carousel,No,No,No
SUPP-0268,@digestive_digest,Instagram,2026-03-07,21:00:00,69957,11142,4.37,8443,891,174,281,107,245,1396,"Disclosure at post end",inadequate,post-content or absent,NON-COMPLIANT,"may help digestive comfort (PROHIBITED: 'may' + B. longum lacks RCT)",health_efficacy,No,§255.5,51744,2026-03-10,Sarah Chen,IN_REVIEW,INFLUENCER NOTIFIED,N/A,No,"Quarterly disclosure audit",CAMP-2026-016,Live session,No,No,No
SUPP-0269,@guthealth_guru,Snapchat,2026-03-18,18:30:00,46227,8111,6.79,6860,170,63,83,10,276,810,"#ad buried as last hashtag",inadequate,post-content or absent,NON-COMPLIANT,"Clinically demonstrated to enhance immunity (PROHIBITED: requires RCT for all ingredients)",health_efficacy,No,§255.5,51744,2026-03-21,Alex Rivera (Ext.),PENDING,INFLUENCER NOTIFIED,N/A,No,"Post-update-1 compliance sweep",CAMP-2026-009,Short video (<60s),No,No,Yes
SUPP-0270,@fitandfueled,Twitter/X,2026-02-16,10:45:00,80142,10684,4.43,8588,799,452,19,63,306,402,"Ad: at beginning",adequate,pre-content,COMPLIANT,"Supports immune health (compliant with RCT)",health_efficacy,Yes,None,0,2026-03-19,Jordan Ellis,RESOLVED,NONE,2026-03-23,No,"Sarah Chen escalation review",CAMP-2026-005,Carousel,No,No,Yes
SUPP-0271,@nutriscience,Instagram Stories,2026-02-18,20:45:00,38425,10493,3.06,10850,84,44,14,11,188,820,"FTC compliant verbal + text",adequate,pre-content,COMPLIANT,"Doctor recommended for gut wellness (REQUIRES expert disclosure §255.3)",general_wellness,No,None,0,2026-03-21,Casey Park,RESOLVED,NONE,2026-03-25,No,"Sarah Chen escalation review",CAMP-2026-015,Static image,No,No,No
SUPP-0272,@holistic_health_hub,Instagram Stories,2026-01-23,22:45:00,37090,7711,6.39,7556,557,240,73,76,39,382,"No disclosure (first post)",inadequate,post-content or absent,NON-COMPLIANT,"Probiotic of choice for digestive health (compliant general claim)",general_wellness,Yes,§255.5,51744,2026-02-26,Alex Rivera (Ext.),IN_REVIEW,REMOVE CLAIM,N/A,No,"Post-CEO-retraction review round",CAMP-2026-017,Live session,No,No,No
SUPP-0273,@digestive_digest,Pinterest,2026-01-14,09:15:00,93347,31237,5.06,26774,310,170,806,33,1157,2178,"Disclosure in bio only",inadequate,post-content or absent,NON-COMPLIANT,"Doctor recommended for gut wellness (REQUIRES expert disclosure §255.3)",general_wellness,No,§255.5,51744,2026-02-17,Casey Park,OPEN,REMOVE CLAIM,N/A,No,"Influencer remediation tracking",CAMP-2026-012,Carousel,No,No,No
SUPP-0274,@supplementspro,Pinterest,2026-01-12,21:00:00,12839,2778,1.43,2089,50,27,39,7,78,134,"No disclosure (first post)",inadequate,post-content or absent,NON-COMPLIANT,"ProBio+ clinically studied for immunity (compliant phrasing)",general_wellness,Yes,§255.5,51744,2026-02-15,Casey Park,PENDING,UPDATE DISCLOSURE,N/A,No,"Post-CEO-retraction review round",CAMP-2026-005,Long video (>60s),No,No,No
SUPP-0275,@wellnesswithjenna,Reels,2026-01-18,19:00:00,58719,6938,2.16,7503,517,165,106,55,178,503,"#gifted in hashtags",inadequate,post-content or absent,NON-COMPLIANT,"B. longum promotes digestive wellness (insufficient evidence - no human RCT)",health_efficacy,No,§255.5,51744,2026-02-21,Casey Park,OPEN,MONITORING,N/A,No,"Post-update-1 compliance sweep",CAMP-2026-015,Static image,No,No,No
SUPP-0276,@nutriscience,TikTok,2026-02-04,17:30:00,114810,56165,6.02,48835,1441,830,1047,127,117,6208,"Ad: at beginning",adequate,pre-content,COMPLIANT,"L. acidophilus NCFM for immune health (compliant - 2 human RCTs)",health_efficacy,Yes,None,0,2026-03-07,Casey Park,RESOLVED,NONE,2026-03-11,No,"Post-update-1 compliance sweep",CAMP-2026-005,Static image,No,No,Yes
SUPP-0277,@fitandfueled,Instagram Stories,2026-01-15,18:45:00,99475,18830,6.82,17564,1326,472,135,257,266,1823,"Disclosure in bio only",inadequate,post-content or absent,NON-COMPLIANT,"initial pilot data shows gut improvement (PROHIBITED: 'initial' + 'pilot')",general_wellness,No,§255.5,51744,2026-02-18,Casey Park,PENDING,MONITORING,N/A,No,"Supplemental audit batch March 2026",CAMP-2026-011,Live session,No,No,No
SUPP-0278,@probiotic_life,Twitter/X,2026-01-20,21:00:00,55290,22197,3.45,18556,1210,339,32,192,869,1914,"#gifted in hashtags",inadequate,post-content or absent,NON-COMPLIANT,"Helps strengthen immunity (PROHIBITED: 'helps')",general_wellness,No,§255.5,51744,2026-02-23,Jordan Ellis,OPEN,ESCALATE TO CCO,N/A,No,"Post-CEO-retraction review round",CAMP-2026-014,Carousel,No,No,No
SUPP-0279,@vitamindiary,Instagram Stories,2026-03-23,15:15:00,106692,32403,2.63,34204,1727,503,667,437,467,3704,"AD text overlay (video)",inadequate,post-content or absent,NON-COMPLIANT,"Probiotic of choice for digestive health (compliant general claim)",general_wellness,Yes,§255.5,51744,2026-03-26,Alex Rivera (Ext.),IN_REVIEW,UPDATE DISCLOSURE,N/A,No,"Post-update-1 compliance sweep",CAMP-2026-019,Static image,No,No,No
SUPP-0280,@vitalitycoach,Facebook,2026-02-13,18:30:00,32563,11892,1.65,10658,910,349,104,88,57,1616,"Disclosure in bio only",inadequate,post-content or absent,NON-COMPLIANT,"B. longum promotes digestive wellness (insufficient evidence - no human RCT)",health_efficacy,No,§255.5,51744,2026-03-16,Alex Rivera (Ext.),IN_REVIEW,ESCALATE TO CCO,N/A,No,"Supplemental audit batch March 2026",CAMP-2026-005,Long video (>60s),No,No,No
SUPP-0281,@fitandfueled,Reels,2026-03-24,23:00:00,10834,4895,1.16,3699,81,17,26,27,86,222,"#ad at post beginning",adequate,pre-content,COMPLIANT,"Vitamin D3 supports immune function (compliant - RCT supported)",health_efficacy,Yes,None,0,2026-03-27,Casey Park,RESOLVED,NONE,2026-03-28,No,"Quarterly disclosure audit",CAMP-2026-010,Story,No,No,Yes
SUPP-0282,@immunity_insider,YouTube,2026-03-27,11:15:00,80766,30885,0.99,30612,340,102,859,426,1125,4372,"Disclosure in bio only",inadequate,post-content or absent,NON-COMPLIANT,"Probiotic of choice for digestive health (compliant general claim)",general_wellness,Yes,§255.5,51744,2026-03-28,Sarah Chen,PENDING,ESCALATE TO CCO,N/A,No,"Casey Park pre-launch clearance",CAMP-2026-003,Carousel,No,No,No
SUPP-0283,@wellnesswithjenna,Snapchat,2026-01-23,12:00:00,41956,8506,3.84,6241,415,82,176,94,293,1185,"Platform Paid Partnership only",inadequate,post-content or absent,NON-COMPLIANT,"Gut health support tested in human trials (compliant)",general_wellness,Yes,§255.5,51744,2026-02-26,Casey Park,IN_REVIEW,CONTRACT UPDATED,N/A,No,"Sarah Chen escalation review",CAMP-2026-012,Carousel,Yes,No,No
SUPP-0284,@fitandfueled,LinkedIn,2026-02-13,14:15:00,42937,14550,3.3,12019,149,22,191,129,335,1289,"Ad: at beginning",adequate,pre-content,COMPLIANT,"No health claim made (compliant)",general_wellness,Yes,None,0,2026-03-16,Jordan Ellis,RESOLVED,NONE,2026-03-20,No,"Sarah Chen escalation review",CAMP-2026-002,Podcast mention,No,No,Yes
SUPP-0285,@digestive_digest,Instagram,2026-01-12,15:15:00,85351,30418,6.35,31234,2284,603,367,137,736,2424,"Verbal only (video)",adequate,pre-content,COMPLIANT,"preliminary research suggests (PROHIBITED)",general_wellness,No,None,0,2026-02-15,Casey Park,RESOLVED,NONE,2026-02-19,No,"Casey Park pre-launch clearance",CAMP-2026-011,Carousel,No,Yes,No
SUPP-0286,@guthealth_guru,Reels,2026-01-26,11:00:00,21288,10833,7.29,7914,404,113,293,39,314,531,"#gifted in hashtags",inadequate,post-content or absent,NON-COMPLIANT,"preliminary research suggests (PROHIBITED)",general_wellness,No,§255.5,51744,2026-02-28,Sarah Chen,IN_REVIEW,INFLUENCER NOTIFIED,N/A,No,"Supplemental audit batch March 2026",CAMP-2026-007,Reel,No,No,No
SUPP-0287,@vitalitycoach,Facebook,2026-03-10,16:45:00,69758,11815,6.58,8422,940,261,348,55,206,515,"No disclosure",inadequate,post-content or absent,NON-COMPLIANT,"Clinically demonstrated to enhance immunity (PROHIBITED: requires RCT for all ingredients)",health_efficacy,No,§255.5,51744,2026-03-13,Alex Rivera (Ext.),IN_REVIEW,COMPLIANT - NO ACTION,N/A,No,"Post-update-1 compliance sweep",CAMP-2026-009,Live session,No,No,No
SUPP-0288,@fitandfueled,Twitter/X,2026-03-06,08:30:00,86041,42838,3.59,30815,351,56,644,629,762,2459,"#sponsored in middle",inadequate,post-content or absent,NON-COMPLIANT,"Gut health support tested in human trials (compliant)",general_wellness,Yes,§255.5,51744,2026-03-09,Alex Rivera (Ext.),PENDING,CONTRACT UPDATED,N/A,No,"Sarah Chen escalation review",CAMP-2026-018,Short video (<60s),No,No,No
SUPP-0289,@nourishednaturally,Twitter/X,2026-03-13,18:15:00,114527,37052,5.3,39834,1927,460,131,463,1222,2889,"#gifted in hashtags",inadequate,post-content or absent,NON-COMPLIANT,"preliminary research suggests (PROHIBITED)",general_wellness,No,§255.5,51744,2026-03-16,Casey Park,PENDING,ESCALATE TO CCO,N/A,No,"Supplemental audit batch March 2026",CAMP-2026-019,Carousel,No,No,No
SUPP-0290,@probiotic_life,Pinterest,2026-01-01,21:45:00,25049,12952,4.76,11886,1027,254,202,153,253,1276,"Ad: at beginning",adequate,pre-content,COMPLIANT,"may help immune function (PROHIBITED: 'may')",health_efficacy,No,None,0,2026-02-04,Jordan Ellis,RESOLVED,NONE,2026-02-08,No,"Casey Park pre-launch clearance",CAMP-2026-016,Live session,No,No,Yes
SUPP-0291,@probiotic_life,Instagram,2026-02-26,23:45:00,34997,13917,4.29,10776,560,264,247,166,264,1060,"#ad first hashtag",adequate,pre-content,COMPLIANT,"may help digestive comfort (PROHIBITED: 'may' + B. longum lacks RCT)",health_efficacy,No,None,0,2026-03-28,Sarah Chen,RESOLVED,NONE,2026-03-28,No,"Casey Park pre-launch clearance",CAMP-2026-010,Short video (<60s),No,No,Yes
SUPP-0292,@fitandfueled,YouTube,2026-02-17,22:15:00,85829,14985,2.39,14172,918,202,60,110,386,2158,"Verbal only (video)",adequate,pre-content,COMPLIANT,"Helps strengthen immunity (PROHIBITED: 'helps')",general_wellness,No,None,0,2026-03-20,Alex Rivera (Ext.),RESOLVED,NONE,2026-03-24,No,"Post-update-1 compliance sweep",CAMP-2026-007,Live session,No,Yes,No
SUPP-0293,@vitamindiary,Pinterest,2026-02-08,14:15:00,117537,59547,6.44,52405,1015,247,482,315,2024,1438,"#sponsored in middle",inadequate,post-content or absent,NON-COMPLIANT,"Doctor-Formulated for immunity (REQUIRES substantiation per revised audit letter)",general_wellness,No,§255.5,51744,2026-03-11,Sarah Chen,PENDING,COMPLIANT - NO ACTION,N/A,No,"Post-update-1 compliance sweep",CAMP-2026-017,Carousel,No,No,No
SUPP-0294,@vitamindiary,Twitter/X,2026-03-04,07:45:00,81038,43094,3.05,37106,1808,568,381,487,397,6023,"Disclosure in bio only",inadequate,post-content or absent,NON-COMPLIANT,"Probiotic of choice for digestive health (compliant general claim)",general_wellness,Yes,§255.5,51744,2026-03-07,Alex Rivera (Ext.),PENDING,OBTAIN LEGAL REVIEW,N/A,No,"Influencer remediation tracking",CAMP-2026-017,Carousel,No,No,No
SUPP-0295,@probiotic_life,Pinterest,2026-03-23,22:45:00,88438,17852,6.13,14712,1038,469,308,185,619,1975,"#sponsored in middle",inadequate,post-content or absent,NON-COMPLIANT,"Supports immune health (compliant with RCT)",health_efficacy,Yes,§255.5,51744,2026-03-26,Casey Park,PENDING,CONTRACT UPDATED,N/A,No,"Casey Park pre-launch clearance",CAMP-2026-007,Reel,No,No,No
SUPP-0296,@holistic_health_hub,Facebook,2026-03-02,12:45:00,119307,30870,7.05,31333,491,206,534,387,988,4476,"Disclosure in bio only",inadequate,post-content or absent,NON-COMPLIANT,"Doctor-Formulated for immunity (REQUIRES substantiation per revised audit letter)",general_wellness,No,§255.5,51744,2026-03-05,Alex Rivera (Ext.),OPEN,MONITORING,N/A,No,"Casey Park pre-launch clearance",CAMP-2026-010,Live session,No,No,No
SUPP-0297,@fitandfueled,Twitter/X,2026-01-22,19:00:00,39172,10821,6.08,9652,215,33,65,54,203,757,"FTC compliant verbal + text",adequate,pre-content,COMPLIANT,"promising results in gut health (PROHIBITED: 'promising')",general_wellness,No,None,0,2026-02-25,Casey Park,RESOLVED,NONE,2026-02-28,No,"Post-update-1 compliance sweep",CAMP-2026-010,Long video (>60s),No,No,No
SUPP-0298,@wellnesswithjenna,TikTok,2026-01-22,19:30:00,107459,27712,4.37,21965,2116,957,767,410,343,3396,"Ad: at beginning",adequate,pre-content,COMPLIANT,"supports gut microbiome balance (compliant)",general_wellness,Yes,None,0,2026-02-25,Jordan Ellis,RESOLVED,NONE,2026-02-28,No,"Influencer remediation tracking",CAMP-2026-009,Story,No,No,Yes
SUPP-0299,@probiotic_life,Instagram,2026-02-13,16:15:00,49425,19210,4.07,20345,1305,582,416,78,415,2371,"#gifted in hashtags",inadequate,post-content or absent,NON-COMPLIANT,"promising results in gut health (PROHIBITED: 'promising')",general_wellness,No,§255.5,51744,2026-03-16,Alex Rivera (Ext.),IN_REVIEW,ESCALATE TO CCO,N/A,No,"Post-CEO-retraction review round",CAMP-2026-017,Short video (<60s),No,No,No
SUPP-0300,@supplementspro,Twitter/X,2026-02-14,13:15:00,64028,27527,2.34,26075,1650,544,116,33,856,873,"FTC compliant verbal + text",adequate,pre-content,COMPLIANT,"L. acidophilus NCFM for immune health (compliant - 2 human RCTs)",health_efficacy,Yes,None,0,2026-03-17,Jordan Ellis,RESOLVED,NONE,2026-03-21,No,"Supplemental audit batch March 2026",CAMP-2026-015,Podcast mention,No,No,No
SUPP-0301,@immunity_insider,Instagram Stories,2026-03-06,19:00:00,17200,6860,5.25,6101,454,204,132,77,44,809,"Paid collab sticker only",inadequate,post-content or absent,NON-COMPLIANT,"initial pilot data shows gut improvement (PROHIBITED: 'initial' + 'pilot')",general_wellness,No,§255.5,51744,2026-03-09,Jordan Ellis,IN_REVIEW,INFLUENCER NOTIFIED,N/A,No,"Sarah Chen escalation review",CAMP-2026-016,Carousel,No,No,No
SUPP-0302,@probiotic_life,YouTube,2026-02-18,21:15:00,85207,41322,7.12,31167,2141,466,384,219,1515,4729,"#gifted in hashtags",inadequate,post-content or absent,NON-COMPLIANT,"Probiotic of choice for digestive health (compliant general claim)",general_wellness,Yes,§255.5,51744,2026-03-21,Casey Park,OPEN,INFLUENCER NOTIFIED,N/A,No,"Post-update-1 compliance sweep",CAMP-2026-009,Reel,No,No,No
SUPP-0303,@nutriscience,Instagram Stories,2026-03-02,15:00:00,94631,13155,0.94,12190,838,197,170,56,435,1411,"#ad at post beginning",adequate,pre-content,COMPLIANT,"Helps strengthen immunity (PROHIBITED: 'helps')",general_wellness,No,None,0,2026-03-05,Casey Park,RESOLVED,NONE,2026-03-09,No,"Casey Park pre-launch clearance",CAMP-2026-015,Long video (>60s),No,No,Yes
SUPP-0304,@immunity_insider,YouTube,2026-01-06,07:45:00,112354,54135,0.5,42232,2692,1026,835,337,908,5959,"Paid collab sticker only",inadequate,post-content or absent,NON-COMPLIANT,"may help digestive comfort (PROHIBITED: 'may' + B. longum lacks RCT)",health_efficacy,No,§255.5,51744,2026-02-09,Jordan Ellis,IN_REVIEW,COMPLIANT - NO ACTION,N/A,No,"Casey Park pre-launch clearance",CAMP-2026-006,Long video (>60s),No,No,No
SUPP-0305,@vitalitycoach,YouTube,2026-01-15,18:45:00,118647,30026,5.09,31893,902,393,770,435,903,3055,"#ad at post beginning",adequate,pre-content,COMPLIANT,"Doctor recommended for gut wellness (REQUIRES expert disclosure §255.3)",general_wellness,No,None,0,2026-02-18,Alex Rivera (Ext.),RESOLVED,NONE,2026-02-22,No,"Sarah Chen escalation review",CAMP-2026-009,Podcast mention,No,No,Yes
SUPP-0306,@nourishednaturally,Twitter/X,2026-03-22,16:15:00,38939,11007,2.23,8171,369,167,202,79,233,1006,"Disclosure in bio only",inadequate,post-content or absent,NON-COMPLIANT,"initial pilot data shows gut improvement (PROHIBITED: 'initial' + 'pilot')",general_wellness,No,§255.5,51744,2026-03-25,Casey Park,OPEN,CONTRACT UPDATED,N/A,No,"Influencer remediation tracking",CAMP-2026-016,Carousel,No,No,No
SUPP-0307,@wellnesswithjenna,Facebook,2026-02-17,09:15:00,98295,41319,1.94,35553,365,38,1208,573,976,2504,"Disclosure in bio only",inadequate,post-content or absent,NON-COMPLIANT,"B. longum promotes digestive wellness (insufficient evidence - no human RCT)",health_efficacy,No,§255.5,51744,2026-03-20,Casey Park,IN_REVIEW,ESCALATE TO CCO,N/A,No,"Post-update-1 compliance sweep",CAMP-2026-013,Story,No,No,No
SUPP-0308,@cleanwellness,YouTube,2026-01-19,20:30:00,11679,3088,5.23,3260,118,66,23,7,114,400,"Ad: at beginning",adequate,pre-content,COMPLIANT,"preliminary research suggests (PROHIBITED)",general_wellness,No,None,0,2026-02-22,Casey Park,RESOLVED,NONE,2026-02-26,No,"Post-CEO-retraction review round",CAMP-2026-012,Live session,No,No,Yes
SUPP-0309,@guthealth_guru,LinkedIn,2026-01-03,19:15:00,100692,41399,4.94,40353,2756,1024,1017,221,1562,1097,"Verbal only (video)",adequate,pre-content,COMPLIANT,"No health claim made (compliant)",general_wellness,Yes,None,0,2026-02-06,Casey Park,RESOLVED,NONE,2026-02-10,No,"Casey Park pre-launch clearance",CAMP-2026-008,Long video (>60s),No,Yes,No
SUPP-0310,@vitalitycoach,Reels,2026-01-24,18:30:00,16091,4430,5.22,4770,270,31,52,15,93,593,"Disclosure at post end",inadequate,post-content or absent,NON-COMPLIANT,"L. acidophilus NCFM for immune health (compliant - 2 human RCTs)",health_efficacy,Yes,§255.5,51744,2026-02-27,Jordan Ellis,PENDING,CONTRACT UPDATED,N/A,No,"Post-CEO-retraction review round",CAMP-2026-011,Carousel,No,No,No
SUPP-0311,@digestive_digest,Twitter/X,2026-03-04,21:15:00,65212,18464,3.25,18206,580,234,473,91,598,1160,"Disclosure in bio only",inadequate,post-content or absent,NON-COMPLIANT,"Supports immune health (compliant with RCT)",health_efficacy,Yes,§255.5,51744,2026-03-07,Jordan Ellis,IN_REVIEW,INFLUENCER NOTIFIED,N/A,No,"Casey Park pre-launch clearance",CAMP-2026-004,Carousel,No,No,No
SUPP-0312,@vitalitycoach,TikTok,2026-01-12,14:15:00,27202,6870,4.38,6454,81,32,39,43,93,899,"AD text overlay (video)",inadequate,post-content or absent,NON-COMPLIANT,"Supports immune health (compliant with RCT)",health_efficacy,Yes,§255.5,51744,2026-02-15,Jordan Ellis,PENDING,MONITORING,N/A,No,"Supplemental audit batch March 2026",CAMP-2026-017,Reel,No,No,No
SUPP-0313,@guthealth_guru,Snapchat,2026-01-20,15:30:00,114030,47687,6.85,43528,1858,1062,939,132,1389,6153,"FTC compliant verbal + text",adequate,pre-content,COMPLIANT,"No health claim made (compliant)",general_wellness,Yes,None,0,2026-02-23,Casey Park,RESOLVED,NONE,2026-02-27,No,"Influencer remediation tracking",CAMP-2026-005,Reel,No,No,No
SUPP-0314,@fitandfueled,Facebook,2026-01-24,19:15:00,86718,25764,3.14,28328,268,160,658,274,316,3174,"No disclosure (first post)",inadequate,post-content or absent,NON-COMPLIANT,"Vitamin D3 supports immune function (compliant - RCT supported)",health_efficacy,Yes,§255.5,51744,2026-02-27,Sarah Chen,PENDING,MONITORING,N/A,No,"Casey Park pre-launch clearance",CAMP-2026-004,Live session,No,No,No
SUPP-0315,@probiotic_life,Snapchat,2026-02-02,13:45:00,42036,20151,1.22,19955,449,168,343,83,339,700,"Ad: at beginning",adequate,pre-content,COMPLIANT,"may help immune function (PROHIBITED: 'may')",health_efficacy,No,None,0,2026-03-05,Sarah Chen,RESOLVED,NONE,2026-03-09,No,"Supplemental audit batch March 2026",CAMP-2026-012,Live session,No,No,Yes
SUPP-0316,@vitamindiary,Facebook,2026-01-13,21:00:00,111822,33228,5.08,24879,2009,1118,957,69,1290,1042,"Verbal only (video)",adequate,pre-content,COMPLIANT,"promising results in gut health (PROHIBITED: 'promising')",general_wellness,No,None,0,2026-02-16,Jordan Ellis,RESOLVED,NONE,2026-02-20,No,"Quarterly disclosure audit",CAMP-2026-013,Static image,No,Yes,No
SUPP-0317,@probiotic_life,YouTube,2026-02-03,12:00:00,116438,62908,5.25,56323,1285,536,1141,716,1441,5650,"Platform Paid Partnership only",inadequate,post-content or absent,NON-COMPLIANT,"may help digestive comfort (PROHIBITED: 'may' + B. longum lacks RCT)",health_efficacy,No,§255.5,51744,2026-03-06,Casey Park,IN_REVIEW,MONITORING,N/A,No,"Supplemental audit batch March 2026",CAMP-2026-017,Blog post,Yes,No,No
SUPP-0318,@cleanwellness,Twitter/X,2026-02-22,17:45:00,14365,7183,4.38,6010,92,12,146,72,167,789,"Platform Paid Partnership only",inadequate,post-content or absent,NON-COMPLIANT,"Science-backed probiotic formula (compliant general claim)",general_wellness,Yes,§255.5,51744,2026-03-25,Sarah Chen,PENDING,CONTRACT UPDATED,N/A,No,"Casey Park pre-launch clearance",CAMP-2026-010,Reel,Yes,No,No
SUPP-0319,@cleanwellness,Facebook,2026-01-20,10:30:00,25712,9299,3.21,9043,132,58,109,73,86,735,"#ad buried as last hashtag",inadequate,post-content or absent,NON-COMPLIANT,"may help immune function (PROHIBITED: 'may')",health_efficacy,No,§255.5,51744,2026-02-23,Alex Rivera (Ext.),PENDING,UPDATE DISCLOSURE,N/A,No,"Sarah Chen escalation review",CAMP-2026-006,Long video (>60s),No,No,Yes
SUPP-0320,@supplementspro,Instagram,2026-01-14,16:30:00,48907,25756,0.52,27159,650,86,290,311,338,3322,"Paid collab sticker only",inadequate,post-content or absent,NON-COMPLIANT,"Supports immune health (compliant with RCT)",health_efficacy,Yes,§255.5,51744,2026-02-17,Sarah Chen,PENDING,OBTAIN LEGAL REVIEW,N/A,No,"Influencer remediation tracking",CAMP-2026-001,Live session,No,No,No
SUPP-0321,@digestive_digest,Facebook,2026-02-19,22:00:00,72634,38044,0.78,31101,2023,1048,871,233,293,4304,"Disclosure in bio only",inadequate,post-content or absent,NON-COMPLIANT,"promising results in gut health (PROHIBITED: 'promising')",general_wellness,No,§255.5,51744,2026-03-22,Sarah Chen,IN_REVIEW,INFLUENCER NOTIFIED,N/A,No,"Quarterly disclosure audit",CAMP-2026-007,Long video (>60s),No,No,No
SUPP-0322,@supplementspro,Twitter/X,2026-02-16,21:30:00,10285,1285,3.26,962,24,11,3,2,41,170,"No disclosure",inadequate,post-content or absent,NON-COMPLIANT,"L. acidophilus NCFM for immune health (compliant - 2 human RCTs)",health_efficacy,Yes,§255.5,51744,2026-03-19,Jordan Ellis,PENDING,UPDATE DISCLOSURE,N/A,No,"Influencer remediation tracking",CAMP-2026-019,Long video (>60s),No,No,No
SUPP-0323,@wellnesswithjenna,Snapchat,2026-01-20,19:15:00,19228,2148,7.38,2157,55,6,62,17,23,113,"No disclosure (first post)",inadequate,post-content or absent,NON-COMPLIANT,"may help immune function (PROHIBITED: 'may')",health_efficacy,No,§255.5,51744,2026-02-23,Jordan Ellis,OPEN,OBTAIN LEGAL REVIEW,N/A,No,"Post-CEO-retraction review round",CAMP-2026-001,Carousel,No,No,No
SUPP-0324,@fitandfueled,LinkedIn,2026-03-23,22:45:00,115545,44241,4.04,33827,1762,208,148,97,1544,6562,"No disclosure (first post)",inadequate,post-content or absent,NON-COMPLIANT,"Clinically demonstrated to enhance immunity (PROHIBITED: requires RCT for all ingredients)",health_efficacy,No,§255.5,51744,2026-03-26,Casey Park,OPEN,CONTRACT UPDATED,N/A,No,"Quarterly disclosure audit",CAMP-2026-009,Story,No,No,No
SUPP-0325,@fitandfueled,YouTube,2026-01-26,07:00:00,107478,46409,3.13,48334,3619,2025,491,49,228,6304,"Paid collab sticker only",inadequate,post-content or absent,NON-COMPLIANT,"Results Not Typical disclaimer applies (OBSOLETE safe harbor - abolished 2009)",general_wellness,No,§255.5,51744,2026-02-28,Jordan Ellis,PENDING,ESCALATE TO CCO,N/A,No,"Post-CEO-retraction review round",CAMP-2026-004,Short video (<60s),No,No,No
SUPP-0326,@vitalitycoach,Facebook,2026-01-07,13:45:00,119975,31006,4.63,25822,1884,1005,351,69,287,2239,"Ad: at beginning",adequate,pre-content,COMPLIANT,"may help digestive comfort (PROHIBITED: 'may' + B. longum lacks RCT)",health_efficacy,No,None,0,2026-02-10,Alex Rivera (Ext.),RESOLVED,NONE,2026-02-14,No,"Post-CEO-retraction review round",CAMP-2026-019,Short video (<60s),No,No,Yes
SUPP-0327,@guthealth_guru,Instagram,2026-01-12,19:30:00,69287,19278,2.08,17837,1356,352,328,79,235,1221,"Disclosure at post end",inadequate,post-content or absent,NON-COMPLIANT,"preliminary research suggests (PROHIBITED)",general_wellness,No,§255.5,51744,2026-02-15,Casey Park,OPEN,COMPLIANT - NO ACTION,N/A,No,"Sarah Chen escalation review",CAMP-2026-019,Podcast mention,No,No,No
SUPP-0328,@vitalitycoach,Snapchat,2026-02-20,11:00:00,22968,7628,7.17,5385,200,119,162,8,51,649,"Verbal only (video)",adequate,pre-content,COMPLIANT,"Doctor recommended for gut wellness (REQUIRES expert disclosure §255.3)",general_wellness,No,None,0,2026-03-23,Jordan Ellis,RESOLVED,NONE,2026-03-27,No,"Post-update-1 compliance sweep",CAMP-2026-002,Podcast mention,No,Yes,No
SUPP-0329,@wellnesswithjenna,Instagram Stories,2026-02-03,20:00:00,65561,9198,3.65,6484,590,79,256,98,218,1020,"#gifted in hashtags",inadequate,post-content or absent,NON-COMPLIANT,"Doctor-Formulated for immunity (REQUIRES substantiation per revised audit letter)",general_wellness,No,§255.5,51744,2026-03-06,Alex Rivera (Ext.),PENDING,INFLUENCER NOTIFIED,N/A,No,"Casey Park pre-launch clearance",CAMP-2026-019,Long video (>60s),No,No,No
SUPP-0330,@nutriscience,Twitter/X,2026-03-14,20:00:00,42268,5539,1.57,4357,278,112,104,60,206,600,"#ad at post beginning",adequate,pre-content,COMPLIANT,"Helps strengthen immunity (PROHIBITED: 'helps')",general_wellness,No,None,0,2026-03-17,Sarah Chen,RESOLVED,NONE,2026-03-21,No,"Influencer remediation tracking",CAMP-2026-001,Long video (>60s),No,No,Yes
SUPP-0331,@nutriscience,Pinterest,2026-02-10,17:30:00,52542,15749,0.56,12764,449,229,294,67,476,2069,"#gifted in hashtags",inadequate,post-content or absent,NON-COMPLIANT,"No health claim made (compliant)",general_wellness,Yes,§255.5,51744,2026-03-13,Alex Rivera (Ext.),OPEN,UPDATE DISCLOSURE,N/A,No,"Post-update-1 compliance sweep",CAMP-2026-004,Short video (<60s),No,No,No
SUPP-0332,@cleanwellness,Snapchat,2026-03-15,20:45:00,24586,11402,2.89,8174,190,28,339,38,64,1696,"Disclosure in bio only",inadequate,post-content or absent,NON-COMPLIANT,"may help immune function (PROHIBITED: 'may')",health_efficacy,No,§255.5,51744,2026-03-18,Jordan Ellis,OPEN,MONITORING,N/A,No,"Quarterly disclosure audit",CAMP-2026-019,Live session,No,No,No
SUPP-0333,@immunity_insider,Twitter/X,2026-03-09,15:00:00,108134,33476,6.88,31306,1161,581,995,321,1092,3046,"Disclosure at post end",inadequate,post-content or absent,NON-COMPLIANT,"Results Not Typical disclaimer applies (OBSOLETE safe harbor - abolished 2009)",general_wellness,No,§255.5,51744,2026-03-12,Alex Rivera (Ext.),IN_REVIEW,COMPLIANT - NO ACTION,N/A,No,"Influencer remediation tracking",CAMP-2026-007,Blog post,No,No,No
SUPP-0334,@guthealth_guru,Twitter/X,2026-03-08,08:15:00,15663,4832,5.29,3929,128,46,124,43,63,313,"No disclosure",inadequate,post-content or absent,NON-COMPLIANT,"B. longum promotes digestive wellness (insufficient evidence - no human RCT)",health_efficacy,No,§255.5,51744,2026-03-11,Alex Rivera (Ext.),PENDING,ESCALATE TO CCO,N/A,No,"Supplemental audit batch March 2026",CAMP-2026-001,Live session,No,No,No
SUPP-0335,@fitandfueled,Instagram,2026-02-22,15:30:00,97834,31420,1.13,23399,1593,747,751,32,1073,2773,"#ad first hashtag",adequate,pre-content,COMPLIANT,"L. acidophilus NCFM for immune health (compliant - 2 human RCTs)",health_efficacy,Yes,None,0,2026-03-25,Sarah Chen,RESOLVED,NONE,2026-03-28,No,"Post-update-1 compliance sweep",CAMP-2026-016,Carousel,No,No,Yes
SUPP-0336,@cleanwellness,LinkedIn,2026-01-18,12:45:00,104108,49666,6.2,46467,1920,501,412,267,573,1099,"Ad: at beginning",adequate,pre-content,COMPLIANT,"L. acidophilus NCFM for immune health (compliant - 2 human RCTs)",health_efficacy,Yes,None,0,2026-02-21,Sarah Chen,RESOLVED,NONE,2026-02-25,No,"Sarah Chen escalation review",CAMP-2026-019,Live session,No,No,Yes
SUPP-0337,@nourishednaturally,Pinterest,2026-01-19,21:00:00,111664,13692,6.43,12537,329,80,244,131,485,1960,"#ad first hashtag",adequate,pre-content,COMPLIANT,"may help immune function (PROHIBITED: 'may')",health_efficacy,No,None,0,2026-02-22,Jordan Ellis,RESOLVED,NONE,2026-02-26,No,"Influencer remediation tracking",CAMP-2026-002,Live session,No,No,Yes
SUPP-0338,@immunity_insider,Facebook,2026-03-21,23:45:00,49531,26450,5.58,20076,1213,546,577,235,369,2716,"Platform Paid Partnership only",inadequate,post-content or absent,NON-COMPLIANT,"Results Not Typical disclaimer applies (OBSOLETE safe harbor - abolished 2009)",general_wellness,No,§255.5,51744,2026-03-24,Alex Rivera (Ext.),PENDING,UPDATE DISCLOSURE,N/A,No,"Supplemental audit batch March 2026",CAMP-2026-011,Blog post,Yes,No,No
SUPP-0339,@cleanwellness,LinkedIn,2026-02-14,08:30:00,80724,42245,4.62,31302,1832,540,664,472,1314,1113,"Paid collab sticker only",inadequate,post-content or absent,NON-COMPLIANT,"L. acidophilus NCFM for immune health (compliant - 2 human RCTs)",health_efficacy,Yes,§255.5,51744,2026-03-17,Casey Park,PENDING,ESCALATE TO CCO,N/A,No,"Supplemental audit batch March 2026",CAMP-2026-018,Carousel,No,No,No
SUPP-0340,@guthealth_guru,Snapchat,2026-03-05,09:45:00,114905,15128,5.08,16385,1036,286,227,125,415,755,"AD text overlay (video)",inadequate,post-content or absent,NON-COMPLIANT,"Helps strengthen immunity (PROHIBITED: 'helps')",general_wellness,No,§255.5,51744,2026-03-08,Alex Rivera (Ext.),OPEN,OBTAIN LEGAL REVIEW,N/A,No,"Quarterly disclosure audit",CAMP-2026-010,Long video (>60s),No,No,No
SUPP-0341,@nourishednaturally,Twitter/X,2026-01-20,23:30:00,28089,10196,6.82,8811,94,50,116,112,151,228,"No disclosure (first post)",inadequate,post-content or absent,NON-COMPLIANT,"Gut health support tested in human trials (compliant)",general_wellness,Yes,§255.5,51744,2026-02-23,Casey Park,PENDING,REMOVE CLAIM,N/A,No,"Sarah Chen escalation review",CAMP-2026-004,Live session,No,No,No
SUPP-0342,@probiotic_life,TikTok,2026-01-13,17:30:00,34795,6063,1.67,4701,98,12,50,79,88,282,"Platform Paid Partnership only",inadequate,post-content or absent,NON-COMPLIANT,"Gut health support tested in human trials (compliant)",general_wellness,Yes,§255.5,51744,2026-02-16,Sarah Chen,PENDING,OBTAIN LEGAL REVIEW,N/A,No,"Sarah Chen escalation review",CAMP-2026-004,Live session,Yes,No,No
SUPP-0343,@immunity_insider,TikTok,2026-02-18,13:45:00,18662,3562,5.26,3017,110,58,62,52,42,370,"#ad at post beginning",adequate,pre-content,COMPLIANT,"Clinically demonstrated to enhance immunity (PROHIBITED: requires RCT for all ingredients)",health_efficacy,No,None,0,2026-03-21,Jordan Ellis,RESOLVED,NONE,2026-03-25,No,"Sarah Chen escalation review",CAMP-2026-006,Long video (>60s),No,No,Yes
SUPP-0344,@vitalitycoach,Reels,2026-02-17,16:45:00,70506,17388,3.81,16809,974,552,28,45,528,1962,"#ad first hashtag",adequate,pre-content,COMPLIANT,"L. acidophilus NCFM for immune health (compliant - 2 human RCTs)",health_efficacy,Yes,None,0,2026-03-20,Casey Park,RESOLVED,NONE,2026-03-24,No,"Quarterly disclosure audit",CAMP-2026-008,Podcast mention,No,No,Yes
SUPP-0345,@vitamindiary,Twitter/X,2026-02-20,14:00:00,110197,22145,5.42,16356,1405,782,292,71,561,1598,"Paid collab sticker only",inadequate,post-content or absent,NON-COMPLIANT,"Gut health support tested in human trials (compliant)",general_wellness,Yes,§255.5,51744,2026-03-23,Sarah Chen,OPEN,ESCALATE TO CCO,N/A,No,"Influencer remediation tracking",CAMP-2026-011,Podcast mention,No,No,No
SUPP-0346,@fitandfueled,Instagram Stories,2026-03-17,23:45:00,50010,25321,7.13,23383,427,167,156,73,440,3610,"FTC compliant verbal + text",adequate,pre-content,COMPLIANT,"promising results in gut health (PROHIBITED: 'promising')",general_wellness,No,None,0,2026-03-20,Casey Park,RESOLVED,NONE,2026-03-24,No,"Supplemental audit batch March 2026",CAMP-2026-012,Podcast mention,No,No,No
SUPP-0347,@cleanwellness,TikTok,2026-01-21,11:30:00,87217,40327,7.3,42047,552,64,568,48,1225,2526,"Verbal only (video)",adequate,pre-content,COMPLIANT,"Clinically demonstrated to enhance immunity (PROHIBITED: requires RCT for all ingredients)",health_efficacy,No,None,0,2026-02-24,Alex Rivera (Ext.),RESOLVED,NONE,2026-02-28,No,"Influencer remediation tracking",CAMP-2026-011,Live session,No,Yes,No
SUPP-0348,@vitalitycoach,YouTube,2026-01-10,14:30:00,72059,27864,0.77,29809,760,445,580,52,174,2429,"Disclosure at post end",inadequate,post-content or absent,NON-COMPLIANT,"Supports immune health (compliant with RCT)",health_efficacy,Yes,§255.5,51744,2026-02-13,Casey Park,PENDING,CONTRACT UPDATED,N/A,No,"Quarterly disclosure audit",CAMP-2026-009,Podcast mention,No,No,No
SUPP-0349,@microbiome_maven,Facebook,2026-03-05,08:00:00,117078,46312,3.09,46337,3287,1899,647,148,621,3664,"Disclosure in bio only",inadequate,post-content or absent,NON-COMPLIANT,"Clinically demonstrated to enhance immunity (PROHIBITED: requires RCT for all ingredients)",health_efficacy,No,§255.5,51744,2026-03-08,Sarah Chen,IN_REVIEW,CONTRACT UPDATED,N/A,No,"Influencer remediation tracking",CAMP-2026-007,Long video (>60s),No,No,No
SUPP-0350,@digestive_digest,Reels,2026-02-03,21:15:00,20059,8423,1.08,7636,440,193,210,59,270,1138,"FTC compliant verbal + text",adequate,pre-content,COMPLIANT,"B. longum promotes digestive wellness (insufficient evidence - no human RCT)",health_efficacy,No,None,0,2026-03-06,Sarah Chen,RESOLVED,NONE,2026-03-10,No,"Influencer remediation tracking",CAMP-2026-007,Reel,No,No,No
SUPP-0351,@vitalitycoach,Facebook,2026-02-16,10:15:00,68478,15205,2.2,13340,928,389,254,173,358,315,"#ad first hashtag",adequate,pre-content,COMPLIANT,"Helps strengthen immunity (PROHIBITED: 'helps')",general_wellness,No,None,0,2026-03-19,Sarah Chen,RESOLVED,NONE,2026-03-23,No,"Quarterly disclosure audit",CAMP-2026-003,Static image,No,No,Yes
SUPP-0352,@microbiome_maven,Pinterest,2026-03-05,07:15:00,109670,33295,6.57,25324,616,207,635,247,389,1086,"#ad at post beginning",adequate,pre-content,COMPLIANT,"L. acidophilus NCFM for immune health (compliant - 2 human RCTs)",health_efficacy,Yes,None,0,2026-03-08,Casey Park,RESOLVED,NONE,2026-03-12,No,"Influencer remediation tracking",CAMP-2026-012,Live session,No,No,Yes
SUPP-0353,@digestive_digest,Facebook,2026-03-02,13:00:00,117745,61668,6.5,50876,3763,1773,1783,629,887,6171,"#sponsored in middle",inadequate,post-content or absent,NON-COMPLIANT,"Doctor recommended for gut wellness (REQUIRES expert disclosure §255.3)",general_wellness,No,§255.5,51744,2026-03-05,Casey Park,IN_REVIEW,CONTRACT UPDATED,N/A,No,"Casey Park pre-launch clearance",CAMP-2026-012,Podcast mention,No,No,No
SUPP-0354,@fitandfueled,Twitter/X,2026-03-01,21:15:00,106094,20369,3.09,22130,461,149,452,195,774,1689,"Disclosure in bio only",inadequate,post-content or absent,NON-COMPLIANT,"Results Not Typical disclaimer applies (OBSOLETE safe harbor - abolished 2009)",general_wellness,No,§255.5,51744,2026-03-04,Jordan Ellis,OPEN,OBTAIN LEGAL REVIEW,N/A,No,"Post-CEO-retraction review round",CAMP-2026-017,Reel,No,No,No
SUPP-0355,@nutriscience,TikTok,2026-03-05,15:45:00,41822,20723,5.92,15978,864,372,89,232,184,1141,"No disclosure (first post)",inadequate,post-content or absent,NON-COMPLIANT,"Doctor recommended for gut wellness (REQUIRES expert disclosure §255.3)",general_wellness,No,§255.5,51744,2026-03-08,Sarah Chen,PENDING,UPDATE DISCLOSURE,N/A,No,"Post-update-1 compliance sweep",CAMP-2026-001,Long video (>60s),No,No,No
SUPP-0356,@wellnesswithjenna,Snapchat,2026-01-25,08:45:00,23008,7611,2.5,8318,270,37,191,49,132,404,"Ad: at beginning",adequate,pre-content,COMPLIANT,"supports gut microbiome balance (compliant)",general_wellness,Yes,None,0,2026-02-28,Alex Rivera (Ext.),RESOLVED,NONE,2026-02-28,No,"Influencer remediation tracking",CAMP-2026-017,Reel,No,No,Yes
SUPP-0357,@supplementspro,Pinterest,2026-01-20,16:15:00,25623,13974,6.34,14051,190,35,333,52,186,2032,"Disclosure in bio only",inadequate,post-content or absent,NON-COMPLIANT,"may help immune function (PROHIBITED: 'may')",health_efficacy,No,§255.5,51744,2026-02-23,Jordan Ellis,PENDING,UPDATE DISCLOSURE,N/A,No,"Supplemental audit batch March 2026",CAMP-2026-016,Reel,No,No,No
SUPP-0358,@probiotic_life,Instagram,2026-01-16,23:15:00,30984,12443,1.4,10145,672,392,128,61,109,742,"Ad: at beginning",adequate,pre-content,COMPLIANT,"preliminary research suggests (PROHIBITED)",general_wellness,No,None,0,2026-02-19,Alex Rivera (Ext.),RESOLVED,NONE,2026-02-23,No,"Quarterly disclosure audit",CAMP-2026-003,Static image,No,No,Yes
SUPP-0359,@probiotic_life,Reels,2026-02-20,22:30:00,90889,46610,3.28,40603,3020,1556,560,516,1648,6745,"#gifted in hashtags",inadequate,post-content or absent,NON-COMPLIANT,"Vitamin D3 supports immune function (compliant - RCT supported)",health_efficacy,Yes,§255.5,51744,2026-03-23,Jordan Ellis,OPEN,ESCALATE TO CCO,N/A,No,"Post-CEO-retraction review round",CAMP-2026-001,Carousel,No,No,No
SUPP-0360,@probiotic_life,YouTube,2026-02-15,12:00:00,113715,45849,0.53,34152,3584,1632,482,569,1492,1448,"#gifted in hashtags",inadequate,post-content or absent,NON-COMPLIANT,"Doctor recommended for gut wellness (REQUIRES expert disclosure §255.3)",general_wellness,No,§255.5,51744,2026-03-18,Casey Park,IN_REVIEW,ESCALATE TO CCO,N/A,No,"Post-CEO-retraction review round",CAMP-2026-015,Podcast mention,No,No,No
SUPP-0361,@vitalitycoach,Reels,2026-03-21,19:00:00,11805,1822,0.81,1447,112,12,47,5,9,55,"AD text overlay (video)",inadequate,post-content or absent,NON-COMPLIANT,"may help immune function (PROHIBITED: 'may')",health_efficacy,No,§255.5,51744,2026-03-24,Sarah Chen,OPEN,UPDATE DISCLOSURE,N/A,No,"Post-CEO-retraction review round",CAMP-2026-011,Blog post,No,No,No
SUPP-0362,@vitalitycoach,Twitter/X,2026-03-18,18:00:00,51828,14883,3.52,12001,588,178,167,49,273,742,"Ad: at beginning",adequate,pre-content,COMPLIANT,"L. acidophilus NCFM for immune health (compliant - 2 human RCTs)",health_efficacy,Yes,None,0,2026-03-21,Sarah Chen,RESOLVED,NONE,2026-03-25,No,"Post-CEO-retraction review round",CAMP-2026-014,Short video (<60s),No,No,Yes
SUPP-0363,@supplementspro,TikTok,2026-02-20,07:00:00,64356,31555,6.25,25080,1039,273,433,455,377,2337,"#ad first hashtag",adequate,pre-content,COMPLIANT,"Gut health support tested in human trials (compliant)",general_wellness,Yes,None,0,2026-03-23,Sarah Chen,RESOLVED,NONE,2026-03-27,No,"Supplemental audit batch March 2026",CAMP-2026-002,Short video (<60s),No,No,Yes
SUPP-0364,@digestive_digest,LinkedIn,2026-03-28,19:00:00,113054,22785,5.16,23550,1658,345,165,325,569,1978,"No disclosure",inadequate,post-content or absent,NON-COMPLIANT,"preliminary research suggests (PROHIBITED)",general_wellness,No,§255.5,51744,2026-03-28,Casey Park,IN_REVIEW,COMPLIANT - NO ACTION,N/A,No,"Sarah Chen escalation review",CAMP-2026-009,Live session,No,No,No
SUPP-0365,@cleanwellness,YouTube,2026-02-17,18:45:00,31856,9903,3.47,8586,485,137,244,67,341,1008,"#sponsored in middle",inadequate,post-content or absent,NON-COMPLIANT,"supports gut microbiome balance (compliant)",general_wellness,Yes,§255.5,51744,2026-03-20,Jordan Ellis,OPEN,UPDATE DISCLOSURE,N/A,No,"Influencer remediation tracking",CAMP-2026-001,Reel,No,No,No
SUPP-0366,@cleanwellness,Reels,2026-01-23,14:15:00,47302,19803,6.61,17340,1488,710,146,289,273,963,"No disclosure (first post)",inadequate,post-content or absent,NON-COMPLIANT,"may help immune function (PROHIBITED: 'may')",health_efficacy,No,§255.5,51744,2026-02-26,Jordan Ellis,PENDING,MONITORING,N/A,No,"Post-update-1 compliance sweep",CAMP-2026-017,Reel,No,No,No
SUPP-0367,@vitamindiary,YouTube,2026-02-26,14:15:00,90432,38232,2.9,31196,1229,359,912,401,1311,1703,"AD text overlay (video)",inadequate,post-content or absent,NON-COMPLIANT,"may help immune function (PROHIBITED: 'may')",health_efficacy,No,§255.5,51744,2026-03-28,Casey Park,OPEN,UPDATE DISCLOSURE,N/A,No,"Post-update-1 compliance sweep",CAMP-2026-009,Live session,No,No,No
SUPP-0368,@digestive_digest,Instagram Stories,2026-01-04,20:00:00,20915,9891,6.12,9772,782,379,235,138,370,225,"Disclosure in bio only",inadequate,post-content or absent,NON-COMPLIANT,"initial pilot data shows gut improvement (PROHIBITED: 'initial' + 'pilot')",general_wellness,No,§255.5,51744,2026-02-07,Jordan Ellis,PENDING,REMOVE CLAIM,N/A,No,"Sarah Chen escalation review",CAMP-2026-001,Podcast mention,No,No,No
SUPP-0369,@supplementspro,Instagram Stories,2026-01-02,07:00:00,99055,45696,1.45,45882,2170,359,837,168,466,1482,"Platform Paid Partnership only",inadequate,post-content or absent,NON-COMPLIANT,"No health claim made (compliant)",general_wellness,Yes,§255.5,51744,2026-02-05,Sarah Chen,PENDING,INFLUENCER NOTIFIED,N/A,No,"Supplemental audit batch March 2026",CAMP-2026-017,Blog post,Yes,No,No
SUPP-0370,@cleanwellness,Snapchat,2026-03-16,16:30:00,107534,20558,6.92,14847,1384,242,495,271,689,1188,"Disclosure in bio only",inadequate,post-content or absent,NON-COMPLIANT,"Doctor recommended for gut wellness (REQUIRES expert disclosure §255.3)",general_wellness,No,§255.5,51744,2026-03-19,Sarah Chen,IN_REVIEW,ESCALATE TO CCO,N/A,No,"Influencer remediation tracking",CAMP-2026-001,Short video (<60s),No,No,No
SUPP-0371,@vitalitycoach,Twitter/X,2026-02-24,15:15:00,67475,8306,6.71,6593,473,97,169,97,110,640,"Ad: at beginning",adequate,pre-content,COMPLIANT,"promising results in gut health (PROHIBITED: 'promising')",general_wellness,No,None,0,2026-03-27,Sarah Chen,RESOLVED,NONE,2026-03-28,No,"Post-CEO-retraction review round",CAMP-2026-002,Static image,No,No,Yes
SUPP-0372,@nutriscience,Instagram,2026-01-08,07:45:00,87214,35813,4.29,35068,1277,442,767,421,711,2586,"#ad first hashtag",adequate,pre-content,COMPLIANT,"Gut health support tested in human trials (compliant)",general_wellness,Yes,None,0,2026-02-11,Casey Park,RESOLVED,NONE,2026-02-15,No,"Sarah Chen escalation review",CAMP-2026-017,Carousel,No,No,Yes
SUPP-0373,@nutriscience,Pinterest,2026-03-18,15:45:00,14313,2264,6.01,2173,150,67,66,5,48,269,"Paid collab sticker only",inadequate,post-content or absent,NON-COMPLIANT,"Doctor recommended for gut wellness (REQUIRES expert disclosure §255.3)",general_wellness,No,§255.5,51744,2026-03-21,Alex Rivera (Ext.),PENDING,CONTRACT UPDATED,N/A,No,"Supplemental audit batch March 2026",CAMP-2026-007,Long video (>60s),No,No,No
SUPP-0374,@microbiome_maven,TikTok,2026-01-11,21:30:00,14650,7457,2.42,5566,160,38,201,96,255,937,"Ad: at beginning",adequate,pre-content,COMPLIANT,"may help digestive comfort (PROHIBITED: 'may' + B. longum lacks RCT)",health_efficacy,No,None,0,2026-02-14,Casey Park,RESOLVED,NONE,2026-02-18,No,"Casey Park pre-launch clearance",CAMP-2026-010,Carousel,No,No,Yes
SUPP-0375,@supplementspro,Instagram,2026-02-27,22:00:00,98858,27683,4.6,21068,1397,409,752,197,958,1943,"#ad first hashtag",adequate,pre-content,COMPLIANT,"promising results in gut health (PROHIBITED: 'promising')",general_wellness,No,None,0,2026-03-28,Alex Rivera (Ext.),RESOLVED,NONE,2026-03-28,No,"Post-update-1 compliance sweep",CAMP-2026-006,Short video (<60s),No,No,Yes
SUPP-0376,@digestive_digest,Instagram Stories,2026-02-23,16:30:00,36814,15246,2.75,14114,1015,303,133,198,423,1108,"#gifted in hashtags",inadequate,post-content or absent,NON-COMPLIANT,"Probiotic of choice for digestive health (compliant general claim)",general_wellness,Yes,§255.5,51744,2026-03-26,Sarah Chen,OPEN,OBTAIN LEGAL REVIEW,N/A,No,"Quarterly disclosure audit",CAMP-2026-009,Story,No,No,No
SUPP-0377,@wellnesswithjenna,Twitter/X,2026-01-03,08:00:00,66777,10506,1.74,10403,484,279,265,61,374,1233,"FTC compliant verbal + text",adequate,pre-content,COMPLIANT,"Doctor recommended for gut wellness (REQUIRES expert disclosure §255.3)",general_wellness,No,None,0,2026-02-06,Casey Park,RESOLVED,NONE,2026-02-10,No,"Influencer remediation tracking",CAMP-2026-005,Carousel,No,No,No
SUPP-0378,@nourishednaturally,YouTube,2026-01-08,15:30:00,36799,4950,3.44,4142,88,14,48,59,103,543,"#ad buried as last hashtag",inadequate,post-content or absent,NON-COMPLIANT,"may help immune function (PROHIBITED: 'may')",health_efficacy,No,§255.5,51744,2026-02-11,Sarah Chen,PENDING,UPDATE DISCLOSURE,N/A,No,"Supplemental audit batch March 2026",CAMP-2026-003,Blog post,No,No,Yes
SUPP-0379,@cleanwellness,Reels,2026-03-11,09:00:00,63812,26453,2.12,24035,881,527,469,291,493,2169,"Paid collab sticker only",inadequate,post-content or absent,NON-COMPLIANT,"preliminary research suggests (PROHIBITED)",general_wellness,No,§255.5,51744,2026-03-14,Sarah Chen,PENDING,ESCALATE TO CCO,N/A,No,"Sarah Chen escalation review",CAMP-2026-007,Story,No,No,No
SUPP-0380,@nourishednaturally,Reels,2026-03-13,21:15:00,102544,17082,6.41,16208,679,388,337,166,69,1729,"Disclosure at post end",inadequate,post-content or absent,NON-COMPLIANT,"L. acidophilus NCFM for immune health (compliant - 2 human RCTs)",health_efficacy,Yes,§255.5,51744,2026-03-16,Alex Rivera (Ext.),OPEN,REMOVE CLAIM,N/A,No,"Supplemental audit batch March 2026",CAMP-2026-007,Short video (<60s),No,No,No
SUPP-0381,@immunity_insider,Snapchat,2026-03-12,20:00:00,69431,9538,2.35,7909,333,80,88,121,295,292,"#gifted in hashtags",inadequate,post-content or absent,NON-COMPLIANT,"may help digestive comfort (PROHIBITED: 'may' + B. longum lacks RCT)",health_efficacy,No,§255.5,51744,2026-03-15,Jordan Ellis,IN_REVIEW,UPDATE DISCLOSURE,N/A,No,"Quarterly disclosure audit",CAMP-2026-001,Carousel,No,No,No
SUPP-0382,@vitamindiary,Pinterest,2026-03-19,21:30:00,89684,46553,5.9,48290,3467,1949,557,235,1720,2729,"No disclosure",inadequate,post-content or absent,NON-COMPLIANT,"Clinically demonstrated to enhance immunity (PROHIBITED: requires RCT for all ingredients)",health_efficacy,No,§255.5,51744,2026-03-22,Casey Park,PENDING,MONITORING,N/A,No,"Supplemental audit batch March 2026",CAMP-2026-002,Blog post,No,No,No
SUPP-0383,@holistic_health_hub,Facebook,2026-02-04,07:30:00,59917,30244,2.29,24800,918,412,399,432,978,3141,"Disclosure in bio only",inadequate,post-content or absent,NON-COMPLIANT,"Vitamin D3 supports immune function (compliant - RCT supported)",health_efficacy,Yes,§255.5,51744,2026-03-07,Sarah Chen,PENDING,UPDATE DISCLOSURE,N/A,No,"Influencer remediation tracking",CAMP-2026-002,Blog post,No,No,No
SUPP-0384,@vitalitycoach,Twitter/X,2026-01-07,13:15:00,73892,33270,3.6,29971,2323,492,957,286,305,3138,"No disclosure",inadequate,post-content or absent,NON-COMPLIANT,"ProBio+ clinically studied for immunity (compliant phrasing)",general_wellness,Yes,§255.5,51744,2026-02-10,Alex Rivera (Ext.),IN_REVIEW,REMOVE CLAIM,N/A,No,"Casey Park pre-launch clearance",CAMP-2026-012,Podcast mention,No,No,No
SUPP-0385,@cleanwellness,Instagram,2026-02-02,23:15:00,88096,47421,1.66,47967,2879,1475,455,439,204,4892,"No disclosure",inadequate,post-content or absent,NON-COMPLIANT,"Science-backed probiotic formula (compliant general claim)",general_wellness,Yes,§255.5,51744,2026-03-05,Alex Rivera (Ext.),PENDING,REMOVE CLAIM,N/A,No,"Post-update-1 compliance sweep",CAMP-2026-003,Blog post,No,No,No
SUPP-0386,@cleanwellness,Snapchat,2026-02-05,23:00:00,84610,12883,6.36,10388,286,137,173,138,394,1776,"Disclosure at post end",inadequate,post-content or absent,NON-COMPLIANT,"initial pilot data shows gut improvement (PROHIBITED: 'initial' + 'pilot')",general_wellness,No,§255.5,51744,2026-03-08,Jordan Ellis,PENDING,CONTRACT UPDATED,N/A,No,"Casey Park pre-launch clearance",CAMP-2026-013,Podcast mention,No,No,No
SUPP-0387,@holistic_health_hub,Reels,2026-02-22,13:30:00,11012,2011,0.66,1990,17,7,30,29,16,104,"FTC compliant verbal + text",adequate,pre-content,COMPLIANT,"supports gut microbiome balance (compliant)",general_wellness,Yes,None,0,2026-03-25,Casey Park,RESOLVED,NONE,2026-03-28,No,"Quarterly disclosure audit",CAMP-2026-002,Live session,No,No,No
SUPP-0388,@nutriscience,YouTube,2026-01-22,15:30:00,62639,7778,2.76,7435,164,73,50,36,45,482,"Disclosure in bio only",inadequate,post-content or absent,NON-COMPLIANT,"Doctor recommended for gut wellness (REQUIRES expert disclosure §255.3)",general_wellness,No,§255.5,51744,2026-02-25,Sarah Chen,OPEN,REMOVE CLAIM,N/A,No,"Post-CEO-retraction review round",CAMP-2026-003,Live session,No,No,No
SUPP-0389,@digestive_digest,Pinterest,2026-01-16,07:45:00,115642,59503,1.52,51644,1632,749,1329,145,548,7317,"#gifted in hashtags",inadequate,post-content or absent,NON-COMPLIANT,"Doctor recommended for gut wellness (REQUIRES expert disclosure §255.3)",general_wellness,No,§255.5,51744,2026-02-19,Sarah Chen,IN_REVIEW,REMOVE CLAIM,N/A,No,"Post-CEO-retraction review round",CAMP-2026-018,Static image,No,No,No
SUPP-0390,@nutriscience,Twitter/X,2026-03-03,10:00:00,62875,25905,1.41,25431,1672,955,65,290,839,2629,"#ad buried as last hashtag",inadequate,post-content or absent,NON-COMPLIANT,"L. acidophilus NCFM for immune health (compliant - 2 human RCTs)",health_efficacy,Yes,§255.5,51744,2026-03-06,Jordan Ellis,OPEN,OBTAIN LEGAL REVIEW,N/A,No,"Post-update-1 compliance sweep",CAMP-2026-012,Podcast mention,No,No,Yes
SUPP-0391,@vitalitycoach,LinkedIn,2026-02-28,11:00:00,69386,10762,6.74,11487,713,349,63,55,127,1126,"#ad at post beginning",adequate,pre-content,COMPLIANT,"Vitamin D3 supports immune function (compliant - RCT supported)",health_efficacy,Yes,None,0,2026-03-28,Casey Park,RESOLVED,NONE,2026-03-28,No,"Casey Park pre-launch clearance",CAMP-2026-016,Live session,No,No,Yes
SUPP-0392,@nutriscience,Instagram Stories,2026-03-21,13:00:00,23572,7418,3.37,7037,511,127,100,103,195,933,"FTC compliant verbal + text",adequate,pre-content,COMPLIANT,"Results Not Typical disclaimer applies (OBSOLETE safe harbor - abolished 2009)",general_wellness,No,None,0,2026-03-24,Casey Park,RESOLVED,NONE,2026-03-28,No,"Casey Park pre-launch clearance",CAMP-2026-017,Static image,No,No,No
SUPP-0393,@guthealth_guru,Instagram Stories,2026-02-21,09:30:00,65078,31058,1.34,22427,306,34,896,163,602,4039,"#sponsored in middle",inadequate,post-content or absent,NON-COMPLIANT,"Results Not Typical disclaimer applies (OBSOLETE safe harbor - abolished 2009)",general_wellness,No,§255.5,51744,2026-03-24,Jordan Ellis,IN_REVIEW,REMOVE CLAIM,N/A,No,"Quarterly disclosure audit",CAMP-2026-010,Story,No,No,No
SUPP-0394,@immunity_insider,Pinterest,2026-02-13,12:00:00,75920,26216,6.55,21660,498,56,769,139,646,1950,"#ad at post beginning",adequate,pre-content,COMPLIANT,"Supports immune health (compliant with RCT)",health_efficacy,Yes,None,0,2026-03-16,Casey Park,RESOLVED,NONE,2026-03-20,No,"Supplemental audit batch March 2026",CAMP-2026-012,Podcast mention,No,No,Yes
SUPP-0395,@nourishednaturally,Reels,2026-03-22,21:30:00,73411,8147,3.83,6228,69,13,230,63,109,671,"Disclosure in bio only",inadequate,post-content or absent,NON-COMPLIANT,"Science-backed probiotic formula (compliant general claim)",general_wellness,Yes,§255.5,51744,2026-03-25,Sarah Chen,PENDING,ESCALATE TO CCO,N/A,No,"Post-CEO-retraction review round",CAMP-2026-013,Story,No,No,No
SUPP-0396,@vitamindiary,LinkedIn,2026-03-24,15:15:00,68121,29986,6.46,24952,638,159,239,125,513,2822,"AD text overlay (video)",inadequate,post-content or absent,NON-COMPLIANT,"Clinically demonstrated to enhance immunity (PROHIBITED: requires RCT for all ingredients)",health_efficacy,No,§255.5,51744,2026-03-27,Alex Rivera (Ext.),OPEN,UPDATE DISCLOSURE,N/A,No,"Quarterly disclosure audit",CAMP-2026-013,Podcast mention,No,No,No
SUPP-0397,@digestive_digest,LinkedIn,2026-01-01,22:30:00,21385,2435,2.82,2064,179,37,56,25,20,118,"Platform Paid Partnership only",inadequate,post-content or absent,NON-COMPLIANT,"initial pilot data shows gut improvement (PROHIBITED: 'initial' + 'pilot')",general_wellness,No,§255.5,51744,2026-02-04,Alex Rivera (Ext.),PENDING,REMOVE CLAIM,N/A,No,"Post-CEO-retraction review round",CAMP-2026-017,Long video (>60s),Yes,No,No
SUPP-0398,@vitalitycoach,LinkedIn,2026-02-22,11:45:00,81329,28684,0.64,21715,780,453,503,54,448,1784,"Platform Paid Partnership only",inadequate,post-content or absent,NON-COMPLIANT,"Doctor-Formulated for immunity (REQUIRES substantiation per revised audit letter)",general_wellness,No,§255.5,51744,2026-03-25,Casey Park,OPEN,COMPLIANT - NO ACTION,N/A,No,"Supplemental audit batch March 2026",CAMP-2026-019,Static image,Yes,No,No
SUPP-0399,@microbiome_maven,Pinterest,2026-01-27,07:15:00,59398,7713,0.92,8119,72,10,215,49,37,665,"#gifted in hashtags",inadequate,post-content or absent,NON-COMPLIANT,"promising results in gut health (PROHIBITED: 'promising')",general_wellness,No,§255.5,51744,2026-02-28,Alex Rivera (Ext.),OPEN,ESCALATE TO CCO,N/A,No,"Sarah Chen escalation review",CAMP-2026-010,Live session,No,No,No
SUPP-0400,@fitandfueled,Snapchat,2026-03-27,14:45:00,70602,12948,5.4,9211,332,36,364,118,277,1513,"Paid collab sticker only",inadequate,post-content or absent,NON-COMPLIANT,"L. acidophilus NCFM for immune health (compliant - 2 human RCTs)",health_efficacy,Yes,§255.5,51744,2026-03-28,Alex Rivera (Ext.),IN_REVIEW,MONITORING,N/A,No,"Sarah Chen escalation review",CAMP-2026-019,Blog post,No,No,No
SUPP-0401,@supplementspro,Instagram Stories,2026-03-28,20:45:00,38798,14808,4.26,12588,667,328,256,88,493,1391,"Disclosure at post end",inadequate,post-content or absent,NON-COMPLIANT,"initial pilot data shows gut improvement (PROHIBITED: 'initial' + 'pilot')",general_wellness,No,§255.5,51744,2026-03-28,Sarah Chen,PENDING,OBTAIN LEGAL REVIEW,N/A,No,"Post-update-1 compliance sweep",CAMP-2026-002,Reel,No,No,No
SUPP-0402,@wellnesswithjenna,Instagram Stories,2026-02-13,10:45:00,51894,16254,2.7,12530,1022,193,337,36,644,405,"Platform Paid Partnership only",inadequate,post-content or absent,NON-COMPLIANT,"promising results in gut health (PROHIBITED: 'promising')",general_wellness,No,§255.5,51744,2026-03-16,Sarah Chen,IN_REVIEW,INFLUENCER NOTIFIED,N/A,No,"Sarah Chen escalation review",CAMP-2026-017,Short video (<60s),Yes,No,No
SUPP-0403,@immunity_insider,Twitter/X,2026-02-05,22:30:00,82723,22700,0.96,21612,1639,679,138,32,392,1721,"#sponsored in middle",inadequate,post-content or absent,NON-COMPLIANT,"Probiotic of choice for digestive health (compliant general claim)",general_wellness,Yes,§255.5,51744,2026-03-08,Jordan Ellis,IN_REVIEW,MONITORING,N/A,No,"Sarah Chen escalation review",CAMP-2026-013,Carousel,No,No,No
SUPP-0404,@nourishednaturally,YouTube,2026-02-18,14:00:00,46818,15800,2.42,11066,292,96,124,34,43,1814,"Paid collab sticker only",inadequate,post-content or absent,NON-COMPLIANT,"may help immune function (PROHIBITED: 'may')",health_efficacy,No,§255.5,51744,2026-03-21,Sarah Chen,IN_REVIEW,MONITORING,N/A,No,"Quarterly disclosure audit",CAMP-2026-003,Story,No,No,No
SUPP-0405,@nourishednaturally,YouTube,2026-03-23,21:45:00,91710,12155,2.99,12808,141,35,346,85,53,1819,"Disclosure at post end",inadequate,post-content or absent,NON-COMPLIANT,"supports gut microbiome balance (compliant)",general_wellness,Yes,§255.5,51744,2026-03-26,Jordan Ellis,PENDING,MONITORING,N/A,No,"Post-update-1 compliance sweep",CAMP-2026-001,Short video (<60s),No,No,No
SUPP-0406,@vitamindiary,Facebook,2026-02-12,07:15:00,23663,11238,3.29,10957,162,34,166,32,132,820,"Ad: at beginning",adequate,pre-content,COMPLIANT,"Helps strengthen immunity (PROHIBITED: 'helps')",general_wellness,No,None,0,2026-03-15,Jordan Ellis,RESOLVED,NONE,2026-03-19,No,"Quarterly disclosure audit",CAMP-2026-003,Podcast mention,No,No,Yes
SUPP-0407,@nourishednaturally,Facebook,2026-01-06,10:00:00,32238,15258,6.93,13380,481,272,355,158,193,1210,"Platform Paid Partnership only",inadequate,post-content or absent,NON-COMPLIANT,"Science-backed probiotic formula (compliant general claim)",general_wellness,Yes,§255.5,51744,2026-02-09,Sarah Chen,PENDING,ESCALATE TO CCO,N/A,No,"Supplemental audit batch March 2026",CAMP-2026-009,Blog post,Yes,No,No
SUPP-0408,@vitalitycoach,Instagram Stories,2026-02-02,14:15:00,81731,27995,5.51,25976,417,185,437,104,1044,813,"#sponsored in middle",inadequate,post-content or absent,NON-COMPLIANT,"supports gut microbiome balance (compliant)",general_wellness,Yes,§255.5,51744,2026-03-05,Alex Rivera (Ext.),OPEN,UPDATE DISCLOSURE,N/A,No,"Post-update-1 compliance sweep",CAMP-2026-003,Story,No,No,No
SUPP-0409,@vitamindiary,Snapchat,2026-01-23,15:15:00,108558,16285,6.44,17094,1240,416,387,144,319,807,"FTC compliant verbal + text",adequate,pre-content,COMPLIANT,"promising results in gut health (PROHIBITED: 'promising')",general_wellness,No,None,0,2026-02-26,Alex Rivera (Ext.),RESOLVED,NONE,2026-02-28,No,"Post-update-1 compliance sweep",CAMP-2026-003,Blog post,No,No,No
SUPP-0410,@microbiome_maven,Instagram Stories,2026-01-03,19:30:00,99702,44140,6.2,40784,2249,551,347,298,404,5212,"No disclosure (first post)",inadequate,post-content or absent,NON-COMPLIANT,"Vitamin D3 supports immune function (compliant - RCT supported)",health_efficacy,Yes,§255.5,51744,2026-02-06,Alex Rivera (Ext.),PENDING,COMPLIANT - NO ACTION,N/A,No,"Quarterly disclosure audit",CAMP-2026-018,Static image,No,No,No
SUPP-0411,@guthealth_guru,Reels,2026-01-13,08:15:00,46057,10194,5.81,7182,549,327,126,52,140,526,"Platform Paid Partnership only",inadequate,post-content or absent,NON-COMPLIANT,"preliminary research suggests (PROHIBITED)",general_wellness,No,§255.5,51744,2026-02-16,Jordan Ellis,PENDING,ESCALATE TO CCO,N/A,No,"Influencer remediation tracking",CAMP-2026-006,Podcast mention,Yes,No,No
SUPP-0412,@holistic_health_hub,Pinterest,2026-03-28,20:45:00,76990,17923,2.28,13161,509,165,242,247,213,1220,"#gifted in hashtags",inadequate,post-content or absent,NON-COMPLIANT,"preliminary research suggests (PROHIBITED)",general_wellness,No,§255.5,51744,2026-03-28,Jordan Ellis,OPEN,COMPLIANT - NO ACTION,N/A,No,"Post-CEO-retraction review round",CAMP-2026-012,Blog post,No,No,No
SUPP-0413,@microbiome_maven,TikTok,2026-03-24,22:45:00,56463,21603,0.79,20727,1374,650,361,307,247,1708,"Disclosure in bio only",inadequate,post-content or absent,NON-COMPLIANT,"No health claim made (compliant)",general_wellness,Yes,§255.5,51744,2026-03-27,Casey Park,PENDING,REMOVE CLAIM,N/A,No,"Post-CEO-retraction review round",CAMP-2026-003,Static image,No,No,No
SUPP-0414,@digestive_digest,Instagram,2026-02-28,19:30:00,43341,9156,6.89,9754,431,212,240,40,359,758,"Paid collab sticker only",inadequate,post-content or absent,NON-COMPLIANT,"Doctor-Formulated for immunity (REQUIRES substantiation per revised audit letter)",general_wellness,No,§255.5,51744,2026-03-28,Jordan Ellis,PENDING,ESCALATE TO CCO,N/A,No,"Influencer remediation tracking",CAMP-2026-008,Reel,No,No,No
SUPP-0415,@probiotic_life,Reels,2026-02-27,16:00:00,46986,6113,1.39,4295,290,161,84,85,214,240,"#ad at post beginning",adequate,pre-content,COMPLIANT,"Helps strengthen immunity (PROHIBITED: 'helps')",general_wellness,No,None,0,2026-03-28,Casey Park,RESOLVED,NONE,2026-03-28,No,"Post-update-1 compliance sweep",CAMP-2026-019,Static image,No,No,Yes
SUPP-0416,@nutriscience,Pinterest,2026-01-05,18:00:00,58128,29096,6.07,24966,1316,363,265,428,276,1082,"Verbal only (video)",adequate,pre-content,COMPLIANT,"promising results in gut health (PROHIBITED: 'promising')",general_wellness,No,None,0,2026-02-08,Sarah Chen,RESOLVED,NONE,2026-02-12,No,"Post-CEO-retraction review round",CAMP-2026-015,Short video (<60s),No,Yes,No
SUPP-0417,@wellnesswithjenna,Instagram,2026-02-24,14:00:00,57226,13290,4.13,10757,1057,551,185,54,59,1347,"FTC compliant verbal + text",adequate,pre-content,COMPLIANT,"B. longum promotes digestive wellness (insufficient evidence - no human RCT)",health_efficacy,No,None,0,2026-03-27,Casey Park,RESOLVED,NONE,2026-03-28,No,"Influencer remediation tracking",CAMP-2026-019,Blog post,No,No,No
SUPP-0418,@vitamindiary,Facebook,2026-01-23,15:45:00,60756,9136,6.36,9455,146,18,19,127,229,1229,"#ad at post beginning",adequate,pre-content,COMPLIANT,"promising results in gut health (PROHIBITED: 'promising')",general_wellness,No,None,0,2026-02-26,Sarah Chen,RESOLVED,NONE,2026-02-28,No,"Casey Park pre-launch clearance",CAMP-2026-006,Static image,No,No,Yes
SUPP-0419,@fitandfueled,YouTube,2026-01-14,21:45:00,13745,7159,3.92,5049,324,130,173,64,31,563,"Disclosure at post end",inadequate,post-content or absent,NON-COMPLIANT,"Gut health support tested in human trials (compliant)",general_wellness,Yes,§255.5,51744,2026-02-17,Alex Rivera (Ext.),PENDING,REMOVE CLAIM,N/A,No,"Supplemental audit batch March 2026",CAMP-2026-017,Live session,No,No,No
SUPP-0420,@wellnesswithjenna,Snapchat,2026-02-06,07:45:00,68365,7737,6.42,6307,154,32,224,80,112,1126,"#gifted in hashtags",inadequate,post-content or absent,NON-COMPLIANT,"Vitamin D3 supports immune function (compliant - RCT supported)",health_efficacy,Yes,§255.5,51744,2026-03-09,Sarah Chen,OPEN,COMPLIANT - NO ACTION,N/A,No,"Influencer remediation tracking",CAMP-2026-014,Podcast mention,No,No,No
SUPP-0421,@digestive_digest,Instagram,2026-01-14,07:00:00,16274,2245,0.94,2304,154,54,6,31,53,196,"#sponsored in middle",inadequate,post-content or absent,NON-COMPLIANT,"may help immune function (PROHIBITED: 'may')",health_efficacy,No,§255.5,51744,2026-02-17,Alex Rivera (Ext.),OPEN,INFLUENCER NOTIFIED,N/A,No,"Post-CEO-retraction review round",CAMP-2026-005,Short video (<60s),No,No,No
SUPP-0422,@guthealth_guru,YouTube,2026-02-02,12:45:00,109922,60099,4.03,59709,2598,984,694,390,825,6147,"No disclosure",inadequate,post-content or absent,NON-COMPLIANT,"may help digestive comfort (PROHIBITED: 'may' + B. longum lacks RCT)",health_efficacy,No,§255.5,51744,2026-03-05,Sarah Chen,OPEN,CONTRACT UPDATED,N/A,No,"Supplemental audit batch March 2026",CAMP-2026-014,Blog post,No,No,No
SUPP-0423,@probiotic_life,LinkedIn,2026-03-13,12:45:00,62687,28885,1.75,25041,1312,524,719,68,271,2215,"#gifted in hashtags",inadequate,post-content or absent,NON-COMPLIANT,"Vitamin D3 supports immune function (compliant - RCT supported)",health_efficacy,Yes,§255.5,51744,2026-03-16,Jordan Ellis,OPEN,MONITORING,N/A,No,"Supplemental audit batch March 2026",CAMP-2026-019,Story,No,No,No
SUPP-0424,@fitandfueled,LinkedIn,2026-03-24,10:45:00,49187,14340,7.2,15119,877,357,308,128,298,1981,"Disclosure in bio only",inadequate,post-content or absent,NON-COMPLIANT,"promising results in gut health (PROHIBITED: 'promising')",general_wellness,No,§255.5,51744,2026-03-27,Sarah Chen,OPEN,UPDATE DISCLOSURE,N/A,No,"Sarah Chen escalation review",CAMP-2026-010,Long video (>60s),No,No,No
SUPP-0425,@guthealth_guru,Reels,2026-01-12,16:45:00,32969,14449,0.77,10160,985,441,63,196,517,1802,"Verbal only (video)",adequate,pre-content,COMPLIANT,"ProBio+ clinically studied for immunity (compliant phrasing)",general_wellness,Yes,None,0,2026-02-15,Alex Rivera (Ext.),RESOLVED,NONE,2026-02-19,No,"Quarterly disclosure audit",CAMP-2026-018,Carousel,No,Yes,No
SUPP-0426,@microbiome_maven,Pinterest,2026-03-04,13:15:00,42583,4303,2.44,4148,225,56,99,56,41,447,"Platform Paid Partnership only",inadequate,post-content or absent,NON-COMPLIANT,"Vitamin D3 supports immune function (compliant - RCT supported)",health_efficacy,Yes,§255.5,51744,2026-03-07,Sarah Chen,OPEN,COMPLIANT - NO ACTION,N/A,No,"Sarah Chen escalation review",CAMP-2026-008,Carousel,Yes,No,No
SUPP-0427,@holistic_health_hub,LinkedIn,2026-01-13,22:45:00,26058,13850,0.83,10223,986,256,378,155,466,1226,"#ad first hashtag",adequate,pre-content,COMPLIANT,"Doctor-Formulated for immunity (REQUIRES substantiation per revised audit letter)",general_wellness,No,None,0,2026-02-16,Alex Rivera (Ext.),RESOLVED,NONE,2026-02-20,No,"Supplemental audit batch March 2026",CAMP-2026-017,Carousel,No,No,Yes
SUPP-0428,@guthealth_guru,Instagram Stories,2026-03-05,15:30:00,17003,2622,1.76,2037,34,9,20,6,85,178,"No disclosure (first post)",inadequate,post-content or absent,NON-COMPLIANT,"Supports immune health (compliant with RCT)",health_efficacy,Yes,§255.5,51744,2026-03-08,Alex Rivera (Ext.),PENDING,REMOVE CLAIM,N/A,No,"Quarterly disclosure audit",CAMP-2026-014,Long video (>60s),No,No,No
SUPP-0429,@wellnesswithjenna,Pinterest,2026-03-07,18:00:00,76904,16021,5.89,14784,925,307,312,156,35,882,"#ad first hashtag",adequate,pre-content,COMPLIANT,"Supports immune health (compliant with RCT)",health_efficacy,Yes,None,0,2026-03-10,Jordan Ellis,RESOLVED,NONE,2026-03-14,No,"Post-CEO-retraction review round",CAMP-2026-002,Reel,No,No,Yes
SUPP-0430,@vitalitycoach,Instagram,2026-03-11,19:30:00,89978,37979,6.31,38628,1926,1076,703,484,257,2629,"#sponsored in middle",inadequate,post-content or absent,NON-COMPLIANT,"initial pilot data shows gut improvement (PROHIBITED: 'initial' + 'pilot')",general_wellness,No,§255.5,51744,2026-03-14,Sarah Chen,OPEN,MONITORING,N/A,No,"Influencer remediation tracking",CAMP-2026-010,Static image,No,No,No
SUPP-0431,@probiotic_life,Snapchat,2026-02-12,13:30:00,19619,9107,5.66,8965,176,101,146,96,333,998,"Paid collab sticker only",inadequate,post-content or absent,NON-COMPLIANT,"Results Not Typical disclaimer applies (OBSOLETE safe harbor - abolished 2009)",general_wellness,No,§255.5,51744,2026-03-15,Jordan Ellis,IN_REVIEW,ESCALATE TO CCO,N/A,No,"Quarterly disclosure audit",CAMP-2026-011,Carousel,No,No,No
SUPP-0432,@fitandfueled,TikTok,2026-01-12,20:45:00,14700,4346,4.75,3298,227,110,91,62,135,500,"Platform Paid Partnership only",inadequate,post-content or absent,NON-COMPLIANT,"preliminary research suggests (PROHIBITED)",general_wellness,No,§255.5,51744,2026-02-15,Sarah Chen,PENDING,INFLUENCER NOTIFIED,N/A,No,"Quarterly disclosure audit",CAMP-2026-016,Podcast mention,Yes,No,No
SUPP-0433,@holistic_health_hub,LinkedIn,2026-03-04,17:30:00,23806,9755,7.35,6853,259,29,55,66,267,1267,"AD text overlay (video)",inadequate,post-content or absent,NON-COMPLIANT,"Doctor-Formulated for immunity (REQUIRES substantiation per revised audit letter)",general_wellness,No,§255.5,51744,2026-03-07,Alex Rivera (Ext.),OPEN,ESCALATE TO CCO,N/A,No,"Casey Park pre-launch clearance",CAMP-2026-006,Long video (>60s),No,No,No
SUPP-0434,@guthealth_guru,Pinterest,2026-03-04,19:30:00,105638,36332,6.26,26463,1659,716,669,358,1080,5192,"#ad at post beginning",adequate,pre-content,COMPLIANT,"supports gut microbiome balance (compliant)",general_wellness,Yes,None,0,2026-03-07,Alex Rivera (Ext.),RESOLVED,NONE,2026-03-11,No,"Post-update-1 compliance sweep",CAMP-2026-009,Long video (>60s),No,No,Yes
SUPP-0435,@holistic_health_hub,LinkedIn,2026-01-05,23:30:00,15356,5366,3.37,4112,120,12,34,21,151,609,"Disclosure in bio only",inadequate,post-content or absent,NON-COMPLIANT,"Science-backed probiotic formula (compliant general claim)",general_wellness,Yes,§255.5,51744,2026-02-08,Casey Park,IN_REVIEW,REMOVE CLAIM,N/A,No,"Sarah Chen escalation review",CAMP-2026-014,Blog post,No,No,No
SUPP-0436,@immunity_insider,Facebook,2026-02-10,07:30:00,22004,3692,1.92,3161,161,50,103,35,134,503,"No disclosure",inadequate,post-content or absent,NON-COMPLIANT,"preliminary research suggests (PROHIBITED)",general_wellness,No,§255.5,51744,2026-03-13,Jordan Ellis,OPEN,MONITORING,N/A,No,"Post-CEO-retraction review round",CAMP-2026-019,Short video (<60s),No,No,No
SUPP-0437,@cleanwellness,Facebook,2026-02-16,21:30:00,103693,45399,1.29,46350,1584,171,855,411,233,1127,"#ad first hashtag",adequate,pre-content,COMPLIANT,"Science-backed probiotic formula (compliant general claim)",general_wellness,Yes,None,0,2026-03-19,Sarah Chen,RESOLVED,NONE,2026-03-23,No,"Quarterly disclosure audit",CAMP-2026-018,Podcast mention,No,No,Yes
SUPP-0438,@guthealth_guru,Facebook,2026-01-01,09:45:00,92506,25875,2.98,21678,733,175,211,163,483,2964,"No disclosure",inadequate,post-content or absent,NON-COMPLIANT,"No health claim made (compliant)",general_wellness,Yes,§255.5,51744,2026-02-04,Casey Park,IN_REVIEW,COMPLIANT - NO ACTION,N/A,No,"Sarah Chen escalation review",CAMP-2026-001,Live session,No,No,No
SUPP-0439,@wellnesswithjenna,Instagram,2026-02-23,16:15:00,43139,15255,4.33,15180,339,45,150,162,53,1374,"Platform Paid Partnership only",inadequate,post-content or absent,NON-COMPLIANT,"No health claim made (compliant)",general_wellness,Yes,§255.5,51744,2026-03-26,Casey Park,OPEN,INFLUENCER NOTIFIED,N/A,No,"Quarterly disclosure audit",CAMP-2026-011,Static image,Yes,No,No
SUPP-0440,@vitalitycoach,Reels,2026-01-06,21:15:00,87105,19102,7.23,20349,540,128,519,258,384,2196,"Platform Paid Partnership only",inadequate,post-content or absent,NON-COMPLIANT,"initial pilot data shows gut improvement (PROHIBITED: 'initial' + 'pilot')",general_wellness,No,§255.5,51744,2026-02-09,Jordan Ellis,IN_REVIEW,REMOVE CLAIM,N/A,No,"Sarah Chen escalation review",CAMP-2026-019,Live session,Yes,No,No
SUPP-0441,@cleanwellness,YouTube,2026-02-11,18:30:00,57879,26672,3.68,28707,1634,324,645,187,67,3458,"#gifted in hashtags",inadequate,post-content or absent,NON-COMPLIANT,"Clinically demonstrated to enhance immunity (PROHIBITED: requires RCT for all ingredients)",health_efficacy,No,§255.5,51744,2026-03-14,Casey Park,PENDING,ESCALATE TO CCO,N/A,No,"Sarah Chen escalation review",CAMP-2026-012,Short video (<60s),No,No,No
SUPP-0442,@guthealth_guru,Snapchat,2026-02-19,15:45:00,53089,28255,7.19,27650,1254,562,678,108,218,588,"FTC compliant verbal + text",adequate,pre-content,COMPLIANT,"Results Not Typical disclaimer applies (OBSOLETE safe harbor - abolished 2009)",general_wellness,No,None,0,2026-03-22,Casey Park,RESOLVED,NONE,2026-03-26,No,"Post-CEO-retraction review round",CAMP-2026-019,Podcast mention,No,No,No
SUPP-0443,@vitalitycoach,Reels,2026-01-27,23:15:00,108272,52831,0.93,45697,3031,665,891,580,2034,5337,"Ad: at beginning",adequate,pre-content,COMPLIANT,"Doctor-Formulated for immunity (REQUIRES substantiation per revised audit letter)",general_wellness,No,None,0,2026-02-28,Alex Rivera (Ext.),RESOLVED,NONE,2026-02-28,No,"Quarterly disclosure audit",CAMP-2026-002,Long video (>60s),No,No,Yes
SUPP-0444,@guthealth_guru,Facebook,2026-02-12,19:00:00,102636,43447,6.19,34303,3406,1447,321,134,1143,4389,"Paid collab sticker only",inadequate,post-content or absent,NON-COMPLIANT,"may help immune function (PROHIBITED: 'may')",health_efficacy,No,§255.5,51744,2026-03-15,Sarah Chen,OPEN,MONITORING,N/A,No,"Post-update-1 compliance sweep",CAMP-2026-003,Static image,No,No,No
SUPP-0445,@supplementspro,TikTok,2026-01-07,15:30:00,107072,56812,5.88,60449,4196,2245,1394,598,488,4289,"Ad: at beginning",adequate,pre-content,COMPLIANT,"Doctor recommended for gut wellness (REQUIRES expert disclosure §255.3)",general_wellness,No,None,0,2026-02-10,Jordan Ellis,RESOLVED,NONE,2026-02-14,No,"Post-update-1 compliance sweep",CAMP-2026-006,Reel,No,No,Yes
SUPP-0446,@guthealth_guru,Facebook,2026-03-19,08:15:00,28003,14953,2.12,14233,1123,245,53,38,548,1684,"No disclosure (first post)",inadequate,post-content or absent,NON-COMPLIANT,"L. acidophilus NCFM for immune health (compliant - 2 human RCTs)",health_efficacy,Yes,§255.5,51744,2026-03-22,Casey Park,PENDING,OBTAIN LEGAL REVIEW,N/A,No,"Post-CEO-retraction review round",CAMP-2026-010,Podcast mention,No,No,No
SUPP-0447,@nutriscience,Instagram Stories,2026-03-23,15:30:00,69018,14053,3.46,13192,473,168,226,147,134,1131,"AD text overlay (video)",inadequate,post-content or absent,NON-COMPLIANT,"B. longum promotes digestive wellness (insufficient evidence - no human RCT)",health_efficacy,No,§255.5,51744,2026-03-26,Casey Park,OPEN,COMPLIANT - NO ACTION,N/A,No,"Supplemental audit batch March 2026",CAMP-2026-005,Carousel,No,No,No
SUPP-0448,@nourishednaturally,Instagram Stories,2026-03-06,18:00:00,48667,14962,3.2,15315,860,393,354,160,589,993,"Disclosure in bio only",inadequate,post-content or absent,NON-COMPLIANT,"L. acidophilus NCFM for immune health (compliant - 2 human RCTs)",health_efficacy,Yes,§255.5,51744,2026-03-09,Sarah Chen,PENDING,INFLUENCER NOTIFIED,N/A,No,"Influencer remediation tracking",CAMP-2026-013,Long video (>60s),No,No,No
SUPP-0449,@nourishednaturally,Reels,2026-01-10,19:00:00,74226,15871,5.31,12828,876,244,465,28,177,2075,"Disclosure in bio only",inadequate,post-content or absent,NON-COMPLIANT,"initial pilot data shows gut improvement (PROHIBITED: 'initial' + 'pilot')",general_wellness,No,§255.5,51744,2026-02-13,Alex Rivera (Ext.),OPEN,ESCALATE TO CCO,N/A,No,"Influencer remediation tracking",CAMP-2026-010,Blog post,No,No,No
SUPP-0450,@wellnesswithjenna,Snapchat,2026-01-07,15:45:00,117450,62727,0.95,52711,3674,1407,655,508,2382,6273,"#ad at post beginning",adequate,pre-content,COMPLIANT,"may help digestive comfort (PROHIBITED: 'may' + B. longum lacks RCT)",health_efficacy,No,None,0,2026-02-10,Casey Park,RESOLVED,NONE,2026-02-14,No,"Post-update-1 compliance sweep",CAMP-2026-009,Blog post,No,No,Yes
SUPP-0451,@supplementspro,Snapchat,2026-03-19,13:45:00,77819,13408,4.15,12482,74,11,305,111,410,544,"Ad: at beginning",adequate,pre-content,COMPLIANT,"Helps strengthen immunity (PROHIBITED: 'helps')",general_wellness,No,None,0,2026-03-22,Alex Rivera (Ext.),RESOLVED,NONE,2026-03-26,No,"Supplemental audit batch March 2026",CAMP-2026-010,Podcast mention,No,No,Yes
SUPP-0452,@microbiome_maven,LinkedIn,2026-02-10,12:15:00,61728,21570,0.86,15815,843,365,267,263,100,2755,"#ad at post beginning",adequate,pre-content,COMPLIANT,"Gut health support tested in human trials (compliant)",general_wellness,Yes,None,0,2026-03-13,Alex Rivera (Ext.),RESOLVED,NONE,2026-03-17,No,"Supplemental audit batch March 2026",CAMP-2026-010,Carousel,No,No,Yes
SUPP-0453,@immunity_insider,Twitter/X,2026-01-21,07:00:00,105621,24771,2.44,26178,1680,197,115,307,777,2948,"AD text overlay (video)",inadequate,post-content or absent,NON-COMPLIANT,"may help immune function (PROHIBITED: 'may')",health_efficacy,No,§255.5,51744,2026-02-24,Sarah Chen,PENDING,REMOVE CLAIM,N/A,No,"Supplemental audit batch March 2026",CAMP-2026-005,Podcast mention,No,No,No
SUPP-0454,@microbiome_maven,TikTok,2026-02-23,08:15:00,75479,13120,7.26,13313,706,125,349,85,448,1026,"#sponsored in middle",inadequate,post-content or absent,NON-COMPLIANT,"may help immune function (PROHIBITED: 'may')",health_efficacy,No,§255.5,51744,2026-03-26,Jordan Ellis,OPEN,INFLUENCER NOTIFIED,N/A,No,"Casey Park pre-launch clearance",CAMP-2026-006,Live session,No,No,No
SUPP-0455,@cleanwellness,YouTube,2026-01-19,12:45:00,110279,39611,3.27,41567,2515,408,80,217,876,3573,"Platform Paid Partnership only",inadequate,post-content or absent,NON-COMPLIANT,"L. acidophilus NCFM for immune health (compliant - 2 human RCTs)",health_efficacy,Yes,§255.5,51744,2026-02-22,Sarah Chen,IN_REVIEW,UPDATE DISCLOSURE,N/A,No,"Quarterly disclosure audit",CAMP-2026-008,Short video (<60s),Yes,No,No
SUPP-0456,@nourishednaturally,Instagram Stories,2026-02-12,22:00:00,80150,36741,6.96,38898,337,104,771,377,1173,1959,"#ad first hashtag",adequate,pre-content,COMPLIANT,"Doctor recommended for gut wellness (REQUIRES expert disclosure §255.3)",general_wellness,No,None,0,2026-03-15,Casey Park,RESOLVED,NONE,2026-03-19,No,"Post-CEO-retraction review round",CAMP-2026-009,Blog post,No,No,Yes
SUPP-0457,@vitamindiary,YouTube,2026-03-12,19:15:00,42326,18850,1.9,20570,130,38,317,267,675,2385,"No disclosure (first post)",inadequate,post-content or absent,NON-COMPLIANT,"Vitamin D3 supports immune function (compliant - RCT supported)",health_efficacy,Yes,§255.5,51744,2026-03-15,Jordan Ellis,IN_REVIEW,UPDATE DISCLOSURE,N/A,No,"Influencer remediation tracking",CAMP-2026-014,Short video (<60s),No,No,No
SUPP-0458,@probiotic_life,Instagram Stories,2026-02-11,08:00:00,91634,35493,4.47,31115,1561,934,543,418,1183,4253,"Disclosure at post end",inadequate,post-content or absent,NON-COMPLIANT,"Results Not Typical disclaimer applies (OBSOLETE safe harbor - abolished 2009)",general_wellness,No,§255.5,51744,2026-03-14,Jordan Ellis,PENDING,COMPLIANT - NO ACTION,N/A,No,"Supplemental audit batch March 2026",CAMP-2026-019,Blog post,No,No,No
SUPP-0459,@cleanwellness,YouTube,2026-02-21,19:30:00,46877,24405,6.46,18523,1302,350,314,301,217,2508,"Disclosure at post end",inadequate,post-content or absent,NON-COMPLIANT,"Probiotic of choice for digestive health (compliant general claim)",general_wellness,Yes,§255.5,51744,2026-03-24,Alex Rivera (Ext.),PENDING,UPDATE DISCLOSURE,N/A,No,"Influencer remediation tracking",CAMP-2026-011,Long video (>60s),No,No,No
SUPP-0460,@immunity_insider,Reels,2026-03-16,07:30:00,95589,41444,3.53,31087,2745,1352,63,443,638,1006,"Disclosure at post end",inadequate,post-content or absent,NON-COMPLIANT,"Probiotic of choice for digestive health (compliant general claim)",general_wellness,Yes,§255.5,51744,2026-03-19,Sarah Chen,OPEN,CONTRACT UPDATED,N/A,No,"Post-update-1 compliance sweep",CAMP-2026-018,Podcast mention,No,No,No
SUPP-0461,@microbiome_maven,TikTok,2026-01-03,23:15:00,44791,22257,6.21,16444,1384,731,465,49,125,1289,"#sponsored in middle",inadequate,post-content or absent,NON-COMPLIANT,"supports gut microbiome balance (compliant)",general_wellness,Yes,§255.5,51744,2026-02-06,Sarah Chen,IN_REVIEW,COMPLIANT - NO ACTION,N/A,No,"Influencer remediation tracking",CAMP-2026-008,Short video (<60s),No,No,No
SUPP-0462,@wellnesswithjenna,YouTube,2026-01-12,22:30:00,42217,6571,1.57,6334,415,111,96,68,131,345,"#ad first hashtag",adequate,pre-content,COMPLIANT,"ProBio+ clinically studied for immunity (compliant phrasing)",general_wellness,Yes,None,0,2026-02-15,Jordan Ellis,RESOLVED,NONE,2026-02-19,No,"Post-update-1 compliance sweep",CAMP-2026-018,Long video (>60s),No,No,Yes
SUPP-0463,@holistic_health_hub,Twitter/X,2026-03-03,11:15:00,28143,8422,7.17,6967,498,217,114,77,125,489,"#sponsored in middle",inadequate,post-content or absent,NON-COMPLIANT,"ProBio+ clinically studied for immunity (compliant phrasing)",general_wellness,Yes,§255.5,51744,2026-03-06,Alex Rivera (Ext.),IN_REVIEW,MONITORING,N/A,No,"Supplemental audit batch March 2026",CAMP-2026-009,Podcast mention,No,No,No
SUPP-0464,@vitamindiary,Instagram Stories,2026-01-10,20:30:00,102934,42767,1.09,39475,2287,1199,427,345,350,1992,"#ad at post beginning",adequate,pre-content,COMPLIANT,"Clinically demonstrated to enhance immunity (PROHIBITED: requires RCT for all ingredients)",health_efficacy,No,None,0,2026-02-13,Alex Rivera (Ext.),RESOLVED,NONE,2026-02-17,No,"Post-CEO-retraction review round",CAMP-2026-013,Story,No,No,Yes
SUPP-0465,@vitalitycoach,Pinterest,2026-01-09,19:30:00,53421,11956,3.89,8682,189,110,22,176,242,1356,"Disclosure at post end",inadequate,post-content or absent,NON-COMPLIANT,"supports gut microbiome balance (compliant)",general_wellness,Yes,§255.5,51744,2026-02-12,Jordan Ellis,OPEN,COMPLIANT - NO ACTION,N/A,No,"Post-CEO-retraction review round",CAMP-2026-016,Carousel,No,No,No
SUPP-0466,@fitandfueled,Snapchat,2026-02-27,23:30:00,31995,5251,5.08,4861,289,138,58,74,47,207,"Disclosure at post end",inadequate,post-content or absent,NON-COMPLIANT,"initial pilot data shows gut improvement (PROHIBITED: 'initial' + 'pilot')",general_wellness,No,§255.5,51744,2026-03-28,Jordan Ellis,PENDING,ESCALATE TO CCO,N/A,No,"Casey Park pre-launch clearance",CAMP-2026-004,Carousel,No,No,No
SUPP-0467,@supplementspro,Pinterest,2026-03-09,21:45:00,13401,6400,6.26,5210,104,27,121,75,97,741,"Verbal only (video)",adequate,pre-content,COMPLIANT,"Science-backed probiotic formula (compliant general claim)",general_wellness,Yes,None,0,2026-03-12,Jordan Ellis,RESOLVED,NONE,2026-03-16,No,"Post-update-1 compliance sweep",CAMP-2026-019,Live session,No,Yes,No
SUPP-0468,@vitamindiary,Instagram,2026-02-07,21:15:00,115314,37856,5.97,27528,2146,574,802,382,1138,2175,"#sponsored in middle",inadequate,post-content or absent,NON-COMPLIANT,"B. longum promotes digestive wellness (insufficient evidence - no human RCT)",health_efficacy,No,§255.5,51744,2026-03-10,Alex Rivera (Ext.),IN_REVIEW,INFLUENCER NOTIFIED,N/A,No,"Influencer remediation tracking",CAMP-2026-014,Blog post,No,No,No
SUPP-0469,@supplementspro,Pinterest,2026-01-15,20:15:00,44377,5882,2.08,5172,469,169,89,8,233,198,"#ad at post beginning",adequate,pre-content,COMPLIANT,"supports gut microbiome balance (compliant)",general_wellness,Yes,None,0,2026-02-18,Casey Park,RESOLVED,NONE,2026-02-22,No,"Casey Park pre-launch clearance",CAMP-2026-004,Short video (<60s),No,No,Yes
SUPP-0470,@nutriscience,Instagram Stories,2026-02-19,15:45:00,74136,12040,7.08,10822,746,363,132,79,307,1709,"Paid collab sticker only",inadequate,post-content or absent,NON-COMPLIANT,"L. acidophilus NCFM for immune health (compliant - 2 human RCTs)",health_efficacy,Yes,§255.5,51744,2026-03-22,Jordan Ellis,IN_REVIEW,REMOVE CLAIM,N/A,No,"Quarterly disclosure audit",CAMP-2026-008,Podcast mention,No,No,No
SUPP-0471,@vitalitycoach,YouTube,2026-02-21,19:00:00,77036,26384,6.99,23725,300,105,104,201,366,3207,"Disclosure at post end",inadequate,post-content or absent,NON-COMPLIANT,"Science-backed probiotic formula (compliant general claim)",general_wellness,Yes,§255.5,51744,2026-03-24,Casey Park,OPEN,INFLUENCER NOTIFIED,N/A,No,"Post-update-1 compliance sweep",CAMP-2026-007,Podcast mention,No,No,No
SUPP-0472,@wellnesswithjenna,LinkedIn,2026-02-07,09:30:00,97924,34636,6.17,33053,1940,1106,130,174,417,1122,"Paid collab sticker only",inadequate,post-content or absent,NON-COMPLIANT,"Doctor recommended for gut wellness (REQUIRES expert disclosure §255.3)",general_wellness,No,§255.5,51744,2026-03-10,Sarah Chen,OPEN,UPDATE DISCLOSURE,N/A,No,"Quarterly disclosure audit",CAMP-2026-016,Short video (<60s),No,No,No
SUPP-0473,@vitamindiary,YouTube,2026-03-08,13:15:00,66364,18076,3.54,15722,1158,384,183,86,355,1000,"#gifted in hashtags",inadequate,post-content or absent,NON-COMPLIANT,"supports gut microbiome balance (compliant)",general_wellness,Yes,§255.5,51744,2026-03-11,Sarah Chen,IN_REVIEW,OBTAIN LEGAL REVIEW,N/A,No,"Sarah Chen escalation review",CAMP-2026-002,Blog post,No,No,No
SUPP-0474,@wellnesswithjenna,Reels,2026-01-02,15:30:00,21201,10816,3.21,10107,581,72,320,63,382,808,"#ad at post beginning",adequate,pre-content,COMPLIANT,"Probiotic of choice for digestive health (compliant general claim)",general_wellness,Yes,None,0,2026-02-05,Jordan Ellis,RESOLVED,NONE,2026-02-09,No,"Supplemental audit batch March 2026",CAMP-2026-006,Carousel,No,No,Yes
SUPP-0475,@probiotic_life,Pinterest,2026-03-23,23:00:00,82068,43640,6.99,40503,231,98,683,352,423,2227,"#gifted in hashtags",inadequate,post-content or absent,NON-COMPLIANT,"B. longum promotes digestive wellness (insufficient evidence - no human RCT)",health_efficacy,No,§255.5,51744,2026-03-26,Sarah Chen,PENDING,COMPLIANT - NO ACTION,N/A,No,"Post-CEO-retraction review round",CAMP-2026-009,Reel,No,No,No
SUPP-0476,@holistic_health_hub,Pinterest,2026-01-09,20:00:00,15106,7891,1.56,5915,504,56,63,35,167,1066,"#ad at post beginning",adequate,pre-content,COMPLIANT,"B. longum promotes digestive wellness (insufficient evidence - no human RCT)",health_efficacy,No,None,0,2026-02-12,Jordan Ellis,RESOLVED,NONE,2026-02-16,No,"Influencer remediation tracking",CAMP-2026-013,Blog post,No,No,Yes
SUPP-0477,@nourishednaturally,Instagram,2026-03-23,20:15:00,90806,19305,7.0,19748,1309,627,498,260,631,1169,"#sponsored in middle",inadequate,post-content or absent,NON-COMPLIANT,"Vitamin D3 supports immune function (compliant - RCT supported)",health_efficacy,Yes,§255.5,51744,2026-03-26,Jordan Ellis,PENDING,COMPLIANT - NO ACTION,N/A,No,"Supplemental audit batch March 2026",CAMP-2026-002,Static image,No,No,No
SUPP-0478,@nutriscience,Reels,2026-02-07,10:45:00,86014,10517,4.19,8514,355,168,301,17,23,725,"Ad: at beginning",adequate,pre-content,COMPLIANT,"promising results in gut health (PROHIBITED: 'promising')",general_wellness,No,None,0,2026-03-10,Casey Park,RESOLVED,NONE,2026-03-14,No,"Sarah Chen escalation review",CAMP-2026-009,Carousel,No,No,Yes
SUPP-0479,@wellnesswithjenna,Pinterest,2026-01-05,07:15:00,42066,17064,5.92,13552,847,130,154,211,365,885,"No disclosure (first post)",inadequate,post-content or absent,NON-COMPLIANT,"may help digestive comfort (PROHIBITED: 'may' + B. longum lacks RCT)",health_efficacy,No,§255.5,51744,2026-02-08,Sarah Chen,PENDING,UPDATE DISCLOSURE,N/A,No,"Post-update-1 compliance sweep",CAMP-2026-019,Static image,No,No,No
SUPP-0480,@nourishednaturally,TikTok,2026-03-18,08:45:00,65850,25124,3.45,18887,371,100,249,143,584,2154,"Platform Paid Partnership only",inadequate,post-content or absent,NON-COMPLIANT,"Science-backed probiotic formula (compliant general claim)",general_wellness,Yes,§255.5,51744,2026-03-21,Sarah Chen,OPEN,MONITORING,N/A,No,"Influencer remediation tracking",CAMP-2026-008,Podcast mention,Yes,No,No
SUPP-0481,@cleanwellness,TikTok,2026-01-12,12:30:00,52899,14200,4.4,12687,967,319,19,148,212,2067,"No disclosure (first post)",inadequate,post-content or absent,NON-COMPLIANT,"Gut health support tested in human trials (compliant)",general_wellness,Yes,§255.5,51744,2026-02-15,Jordan Ellis,OPEN,REMOVE CLAIM,N/A,No,"Casey Park pre-launch clearance",CAMP-2026-001,Story,No,No,No
SUPP-0482,@probiotic_life,Snapchat,2026-03-01,21:00:00,64494,20261,1.09,21946,710,116,215,117,139,1261,"AD text overlay (video)",inadequate,post-content or absent,NON-COMPLIANT,"Supports immune health (compliant with RCT)",health_efficacy,Yes,§255.5,51744,2026-03-04,Sarah Chen,IN_REVIEW,MONITORING,N/A,No,"Supplemental audit batch March 2026",CAMP-2026-015,Long video (>60s),No,No,No
SUPP-0483,@supplementspro,Facebook,2026-01-27,09:30:00,101169,54453,0.84,41806,1147,292,868,307,739,2605,"FTC compliant verbal + text",adequate,pre-content,COMPLIANT,"Probiotic of choice for digestive health (compliant general claim)",general_wellness,Yes,None,0,2026-02-28,Alex Rivera (Ext.),RESOLVED,NONE,2026-02-28,No,"Sarah Chen escalation review",CAMP-2026-006,Static image,No,No,No
SUPP-0484,@supplementspro,Twitter/X,2026-03-09,16:45:00,18212,2934,3.0,2056,186,39,39,13,104,86,"#sponsored in middle",inadequate,post-content or absent,NON-COMPLIANT,"Science-backed probiotic formula (compliant general claim)",general_wellness,Yes,§255.5,51744,2026-03-12,Jordan Ellis,OPEN,INFLUENCER NOTIFIED,N/A,No,"Casey Park pre-launch clearance",CAMP-2026-011,Reel,No,No,No
SUPP-0485,@holistic_health_hub,YouTube,2026-02-14,20:00:00,72916,32015,4.89,22552,431,155,254,115,142,933,"#ad buried as last hashtag",inadequate,post-content or absent,NON-COMPLIANT,"Clinically demonstrated to enhance immunity (PROHIBITED: requires RCT for all ingredients)",health_efficacy,No,§255.5,51744,2026-03-17,Jordan Ellis,OPEN,OBTAIN LEGAL REVIEW,N/A,No,"Post-update-1 compliance sweep",CAMP-2026-016,Long video (>60s),No,No,Yes
SUPP-0486,@cleanwellness,Instagram,2026-01-22,13:45:00,85465,16485,4.85,12252,851,206,238,241,582,2377,"#ad buried as last hashtag",inadequate,post-content or absent,NON-COMPLIANT,"promising results in gut health (PROHIBITED: 'promising')",general_wellness,No,§255.5,51744,2026-02-25,Casey Park,IN_REVIEW,INFLUENCER NOTIFIED,N/A,No,"Post-update-1 compliance sweep",CAMP-2026-001,Carousel,No,No,Yes
SUPP-0487,@wellnesswithjenna,LinkedIn,2026-03-23,15:00:00,55976,23476,6.73,20350,726,157,680,185,801,3334,"Verbal only (video)",adequate,pre-content,COMPLIANT,"ProBio+ clinically studied for immunity (compliant phrasing)",general_wellness,Yes,None,0,2026-03-26,Jordan Ellis,RESOLVED,NONE,2026-03-28,No,"Post-CEO-retraction review round",CAMP-2026-014,Live session,No,Yes,No
SUPP-0488,@digestive_digest,Pinterest,2026-01-19,12:30:00,50617,7623,2.76,5473,300,38,104,55,297,826,"Paid collab sticker only",inadequate,post-content or absent,NON-COMPLIANT,"Vitamin D3 supports immune function (compliant - RCT supported)",health_efficacy,Yes,§255.5,51744,2026-02-22,Casey Park,PENDING,REMOVE CLAIM,N/A,No,"Casey Park pre-launch clearance",CAMP-2026-019,Story,No,No,No
SUPP-0489,@wellnesswithjenna,Instagram Stories,2026-02-20,12:15:00,91342,24935,1.48,18950,1143,463,511,123,659,1735,"AD text overlay (video)",inadequate,post-content or absent,NON-COMPLIANT,"Clinically demonstrated to enhance immunity (PROHIBITED: requires RCT for all ingredients)",health_efficacy,No,§255.5,51744,2026-03-23,Alex Rivera (Ext.),IN_REVIEW,MONITORING,N/A,No,"Quarterly disclosure audit",CAMP-2026-011,Static image,No,No,No
SUPP-0490,@cleanwellness,Instagram Stories,2026-03-24,13:15:00,97788,16391,6.03,13007,291,98,333,155,48,2074,"AD text overlay (video)",inadequate,post-content or absent,NON-COMPLIANT,"B. longum promotes digestive wellness (insufficient evidence - no human RCT)",health_efficacy,No,§255.5,51744,2026-03-27,Casey Park,OPEN,INFLUENCER NOTIFIED,N/A,No,"Influencer remediation tracking",CAMP-2026-018,Blog post,No,No,No
SUPP-0491,@cleanwellness,Pinterest,2026-01-14,19:30:00,26030,3969,6.15,3808,273,68,54,45,9,250,"AD text overlay (video)",inadequate,post-content or absent,NON-COMPLIANT,"Helps strengthen immunity (PROHIBITED: 'helps')",general_wellness,No,§255.5,51744,2026-02-17,Sarah Chen,OPEN,OBTAIN LEGAL REVIEW,N/A,No,"Quarterly disclosure audit",CAMP-2026-003,Short video (<60s),No,No,No
SUPP-0492,@immunity_insider,Instagram,2026-03-27,18:45:00,113708,56467,3.12,54501,4406,1280,490,472,938,3320,"Paid collab sticker only",inadequate,post-content or absent,NON-COMPLIANT,"Doctor recommended for gut wellness (REQUIRES expert disclosure §255.3)",general_wellness,No,§255.5,51744,2026-03-28,Sarah Chen,IN_REVIEW,CONTRACT UPDATED,N/A,No,"Quarterly disclosure audit",CAMP-2026-007,Story,No,No,No
SUPP-0493,@vitamindiary,Snapchat,2026-01-08,16:30:00,92390,12987,6.03,13072,90,46,387,24,410,1358,"FTC compliant verbal + text",adequate,pre-content,COMPLIANT,"B. longum promotes digestive wellness (insufficient evidence - no human RCT)",health_efficacy,No,None,0,2026-02-11,Sarah Chen,RESOLVED,NONE,2026-02-15,No,"Supplemental audit batch March 2026",CAMP-2026-005,Carousel,No,No,No
SUPP-0494,@microbiome_maven,Twitter/X,2026-02-14,08:00:00,52167,24351,3.87,25853,1517,578,717,160,537,863,"Disclosure in bio only",inadequate,post-content or absent,NON-COMPLIANT,"Gut health support tested in human trials (compliant)",general_wellness,Yes,§255.5,51744,2026-03-17,Casey Park,IN_REVIEW,REMOVE CLAIM,N/A,No,"Sarah Chen escalation review",CAMP-2026-005,Carousel,No,No,No
SUPP-0495,@immunity_insider,LinkedIn,2026-01-24,12:00:00,71057,34179,3.11,26999,689,143,978,338,144,3785,"No disclosure",inadequate,post-content or absent,NON-COMPLIANT,"Science-backed probiotic formula (compliant general claim)",general_wellness,Yes,§255.5,51744,2026-02-27,Sarah Chen,IN_REVIEW,COMPLIANT - NO ACTION,N/A,No,"Post-CEO-retraction review round",CAMP-2026-007,Live session,No,No,No
SUPP-0496,@vitamindiary,Instagram,2026-01-20,16:45:00,48853,7355,7.24,7848,560,115,67,38,119,543,"Verbal only (video)",adequate,pre-content,COMPLIANT,"Supports immune health (compliant with RCT)",health_efficacy,Yes,None,0,2026-02-23,Casey Park,RESOLVED,NONE,2026-02-27,No,"Influencer remediation tracking",CAMP-2026-017,Short video (<60s),No,Yes,No
SUPP-0497,@immunity_insider,LinkedIn,2026-02-17,15:00:00,103574,35211,6.77,26021,677,175,173,50,1296,3725,"#ad at post beginning",adequate,pre-content,COMPLIANT,"No health claim made (compliant)",general_wellness,Yes,None,0,2026-03-20,Jordan Ellis,RESOLVED,NONE,2026-03-24,No,"Supplemental audit batch March 2026",CAMP-2026-011,Podcast mention,No,No,Yes
SUPP-0498,@immunity_insider,LinkedIn,2026-01-18,17:00:00,29716,5556,3.78,4416,184,74,25,79,209,480,"#ad at post beginning",adequate,pre-content,COMPLIANT,"Science-backed probiotic formula (compliant general claim)",general_wellness,Yes,None,0,2026-02-21,Alex Rivera (Ext.),RESOLVED,NONE,2026-02-25,No,"Influencer remediation tracking",CAMP-2026-003,Podcast mention,No,No,Yes
SUPP-0499,@microbiome_maven,Twitter/X,2026-03-13,16:45:00,55112,28133,4.43,21884,778,155,756,186,80,1148,"Ad: at beginning",adequate,pre-content,COMPLIANT,"Science-backed probiotic formula (compliant general claim)",general_wellness,Yes,None,0,2026-03-16,Casey Park,RESOLVED,NONE,2026-03-20,No,"Quarterly disclosure audit",CAMP-2026-010,Reel,No,No,Yes
SUPP-0500,@probiotic_life,Instagram,2026-02-17,23:15:00,94212,40015,1.42,32273,799,110,446,537,737,1561,"No disclosure (first post)",inadequate,post-content or absent,NON-COMPLIANT,"may help immune function (PROHIBITED: 'may')",health_efficacy,No,§255.5,51744,2026-03-20,Casey Park,OPEN,COMPLIANT - NO ACTION,N/A,No,"Influencer remediation tracking",CAMP-2026-014,Live session,No,No,No
SUPP-0501,@cleanwellness,TikTok,2026-01-17,19:45:00,28781,15616,3.89,12693,673,164,151,194,408,649,"No disclosure (first post)",inadequate,post-content or absent,NON-COMPLIANT,"initial pilot data shows gut improvement (PROHIBITED: 'initial' + 'pilot')",general_wellness,No,§255.5,51744,2026-02-20,Jordan Ellis,PENDING,OBTAIN LEGAL REVIEW,N/A,No,"Post-CEO-retraction review round",CAMP-2026-018,Carousel,No,No,No
SUPP-0502,@immunity_insider,Reels,2026-03-21,07:30:00,39495,10860,2.86,11889,802,161,110,45,300,1536,"#ad at post beginning",adequate,pre-content,COMPLIANT,"ProBio+ clinically studied for immunity (compliant phrasing)",general_wellness,Yes,None,0,2026-03-24,Alex Rivera (Ext.),RESOLVED,NONE,2026-03-28,No,"Supplemental audit batch March 2026",CAMP-2026-010,Podcast mention,No,No,Yes
SUPP-0503,@wellnesswithjenna,TikTok,2026-02-14,16:15:00,29412,8305,6.05,9123,293,94,53,100,85,338,"#sponsored in middle",inadequate,post-content or absent,NON-COMPLIANT,"Gut health support tested in human trials (compliant)",general_wellness,Yes,§255.5,51744,2026-03-17,Casey Park,IN_REVIEW,OBTAIN LEGAL REVIEW,N/A,No,"Quarterly disclosure audit",CAMP-2026-014,Reel,No,No,No
SUPP-0504,@fitandfueled,YouTube,2026-03-17,09:45:00,26802,8610,3.42,9429,634,345,221,92,215,1131,"#ad first hashtag",adequate,pre-content,COMPLIANT,"Doctor recommended for gut wellness (REQUIRES expert disclosure §255.3)",general_wellness,No,None,0,2026-03-20,Jordan Ellis,RESOLVED,NONE,2026-03-24,No,"Casey Park pre-launch clearance",CAMP-2026-007,Long video (>60s),No,No,Yes
SUPP-0505,@holistic_health_hub,YouTube,2026-01-11,14:15:00,32892,8317,7.37,6888,134,49,192,18,124,1083,"#ad at post beginning",adequate,pre-content,COMPLIANT,"Doctor-Formulated for immunity (REQUIRES substantiation per revised audit letter)",general_wellness,No,None,0,2026-02-14,Sarah Chen,RESOLVED,NONE,2026-02-18,No,"Sarah Chen escalation review",CAMP-2026-008,Story,No,No,Yes
SUPP-0506,@wellnesswithjenna,Twitter/X,2026-02-19,22:15:00,107206,38559,1.92,28448,1738,789,538,57,705,3019,"Disclosure in bio only",inadequate,post-content or absent,NON-COMPLIANT,"ProBio+ clinically studied for immunity (compliant phrasing)",general_wellness,Yes,§255.5,51744,2026-03-22,Sarah Chen,PENDING,OBTAIN LEGAL REVIEW,N/A,No,"Supplemental audit batch March 2026",CAMP-2026-009,Podcast mention,No,No,No
SUPP-0507,@probiotic_life,Instagram Stories,2026-03-10,17:45:00,78460,39952,6.57,35735,482,122,412,477,618,5512,"FTC compliant verbal + text",adequate,pre-content,COMPLIANT,"Doctor-Formulated for immunity (REQUIRES substantiation per revised audit letter)",general_wellness,No,None,0,2026-03-13,Alex Rivera (Ext.),RESOLVED,NONE,2026-03-17,No,"Post-update-1 compliance sweep",CAMP-2026-019,Blog post,No,No,No
SUPP-0508,@microbiome_maven,Snapchat,2026-03-06,19:15:00,22320,3520,6.88,3839,151,63,66,28,111,330,"FTC compliant verbal + text",adequate,pre-content,COMPLIANT,"Gut health support tested in human trials (compliant)",general_wellness,Yes,None,0,2026-03-09,Sarah Chen,RESOLVED,NONE,2026-03-13,No,"Supplemental audit batch March 2026",CAMP-2026-001,Story,No,No,No
SUPP-0509,@supplementspro,Instagram,2026-03-19,13:45:00,115756,54795,7.47,57823,843,236,414,726,1398,7732,"#ad buried as last hashtag",inadequate,post-content or absent,NON-COMPLIANT,"initial pilot data shows gut improvement (PROHIBITED: 'initial' + 'pilot')",general_wellness,No,§255.5,51744,2026-03-22,Jordan Ellis,PENDING,UPDATE DISCLOSURE,N/A,No,"Casey Park pre-launch clearance",CAMP-2026-004,Live session,No,No,Yes
SUPP-0510,@vitamindiary,Instagram,2026-03-11,17:45:00,56860,11518,2.09,11109,578,187,301,134,238,518,"Paid collab sticker only",inadequate,post-content or absent,NON-COMPLIANT,"Clinically demonstrated to enhance immunity (PROHIBITED: requires RCT for all ingredients)",health_efficacy,No,§255.5,51744,2026-03-14,Sarah Chen,OPEN,OBTAIN LEGAL REVIEW,N/A,No,"Sarah Chen escalation review",CAMP-2026-018,Story,No,No,No
SUPP-0511,@wellnesswithjenna,Reels,2026-01-09,07:30:00,37592,19322,5.12,14590,996,551,39,249,572,1627,"Disclosure at post end",inadequate,post-content or absent,NON-COMPLIANT,"initial pilot data shows gut improvement (PROHIBITED: 'initial' + 'pilot')",general_wellness,No,§255.5,51744,2026-02-12,Jordan Ellis,PENDING,UPDATE DISCLOSURE,N/A,No,"Sarah Chen escalation review",CAMP-2026-003,Long video (>60s),No,No,No
SUPP-0512,@cleanwellness,LinkedIn,2026-01-18,21:45:00,48049,14482,1.13,12724,1067,635,266,119,69,853,"Verbal only (video)",adequate,pre-content,COMPLIANT,"promising results in gut health (PROHIBITED: 'promising')",general_wellness,No,None,0,2026-02-21,Sarah Chen,RESOLVED,NONE,2026-02-25,No,"Sarah Chen escalation review",CAMP-2026-007,Static image,No,Yes,No
SUPP-0513,@microbiome_maven,Instagram,2026-01-28,23:00:00,43953,13889,4.55,14924,144,81,261,150,86,758,"Platform Paid Partnership only",inadequate,post-content or absent,NON-COMPLIANT,"promising results in gut health (PROHIBITED: 'promising')",general_wellness,No,§255.5,51744,2026-02-28,Alex Rivera (Ext.),PENDING,INFLUENCER NOTIFIED,N/A,No,"Post-update-1 compliance sweep",CAMP-2026-001,Story,Yes,No,No
SUPP-0514,@fitandfueled,Facebook,2026-01-21,12:15:00,88728,48301,1.24,51215,2676,732,544,262,938,7185,"No disclosure",inadequate,post-content or absent,NON-COMPLIANT,"No health claim made (compliant)",general_wellness,Yes,§255.5,51744,2026-02-24,Jordan Ellis,OPEN,MONITORING,N/A,No,"Casey Park pre-launch clearance",CAMP-2026-002,Long video (>60s),No,No,No
SUPP-0515,@fitandfueled,Facebook,2026-02-02,14:00:00,83315,11655,1.15,11496,614,98,74,131,258,1478,"FTC compliant verbal + text",adequate,pre-content,COMPLIANT,"Helps strengthen immunity (PROHIBITED: 'helps')",general_wellness,No,None,0,2026-03-05,Alex Rivera (Ext.),RESOLVED,NONE,2026-03-09,No,"Post-update-1 compliance sweep",CAMP-2026-009,Long video (>60s),No,No,No
SUPP-0516,@wellnesswithjenna,TikTok,2026-01-05,08:00:00,31050,16028,1.73,13564,366,151,38,86,32,2189,"No disclosure (first post)",inadequate,post-content or absent,NON-COMPLIANT,"Gut health support tested in human trials (compliant)",general_wellness,Yes,§255.5,51744,2026-02-08,Sarah Chen,IN_REVIEW,INFLUENCER NOTIFIED,N/A,No,"Casey Park pre-launch clearance",CAMP-2026-005,Reel,No,No,No
SUPP-0517,@microbiome_maven,Instagram,2026-02-02,17:15:00,24550,3893,7.41,3928,206,37,20,20,59,512,"Disclosure at post end",inadequate,post-content or absent,NON-COMPLIANT,"initial pilot data shows gut improvement (PROHIBITED: 'initial' + 'pilot')",general_wellness,No,§255.5,51744,2026-03-05,Jordan Ellis,PENDING,INFLUENCER NOTIFIED,N/A,No,"Quarterly disclosure audit",CAMP-2026-017,Long video (>60s),No,No,No
SUPP-0518,@microbiome_maven,Facebook,2026-01-24,13:45:00,51564,15627,2.32,13646,764,246,203,151,610,664,"#gifted in hashtags",inadequate,post-content or absent,NON-COMPLIANT,"Supports immune health (compliant with RCT)",health_efficacy,Yes,§255.5,51744,2026-02-27,Jordan Ellis,PENDING,OBTAIN LEGAL REVIEW,N/A,No,"Quarterly disclosure audit",CAMP-2026-017,Long video (>60s),No,No,No
SUPP-0519,@immunity_insider,Instagram,2026-03-16,21:00:00,115239,13456,4.16,11888,898,437,367,14,468,2006,"#ad at post beginning",adequate,pre-content,COMPLIANT,"may help immune function (PROHIBITED: 'may')",health_efficacy,No,None,0,2026-03-19,Alex Rivera (Ext.),RESOLVED,NONE,2026-03-23,No,"Influencer remediation tracking",CAMP-2026-018,Long video (>60s),No,No,Yes
SUPP-0520,@holistic_health_hub,Twitter/X,2026-02-20,11:00:00,85145,37671,6.19,37576,454,197,979,279,1249,2657,"AD text overlay (video)",inadequate,post-content or absent,NON-COMPLIANT,"Science-backed probiotic formula (compliant general claim)",general_wellness,Yes,§255.5,51744,2026-03-23,Casey Park,OPEN,REMOVE CLAIM,N/A,No,"Influencer remediation tracking",CAMP-2026-015,Static image,No,No,No
SUPP-0521,@nutriscience,YouTube,2026-02-22,20:15:00,52496,11189,6.62,9054,82,28,48,11,272,1132,"Disclosure in bio only",inadequate,post-content or absent,NON-COMPLIANT,"preliminary research suggests (PROHIBITED)",general_wellness,No,§255.5,51744,2026-03-25,Sarah Chen,PENDING,OBTAIN LEGAL REVIEW,N/A,No,"Supplemental audit batch March 2026",CAMP-2026-019,Reel,No,No,No
SUPP-0522,@supplementspro,Facebook,2026-02-28,23:15:00,86447,36050,4.41,35609,907,150,308,275,572,3449,"No disclosure",inadequate,post-content or absent,NON-COMPLIANT,"may help immune function (PROHIBITED: 'may')",health_efficacy,No,§255.5,51744,2026-03-28,Alex Rivera (Ext.),IN_REVIEW,ESCALATE TO CCO,N/A,No,"Sarah Chen escalation review",CAMP-2026-001,Podcast mention,No,No,No
SUPP-0523,@wellnesswithjenna,Snapchat,2026-01-02,21:00:00,64522,19435,1.41,16292,1068,179,242,198,543,1281,"#gifted in hashtags",inadequate,post-content or absent,NON-COMPLIANT,"Gut health support tested in human trials (compliant)",general_wellness,Yes,§255.5,51744,2026-02-05,Alex Rivera (Ext.),IN_REVIEW,UPDATE DISCLOSURE,N/A,No,"Post-CEO-retraction review round",CAMP-2026-001,Podcast mention,No,No,No
SUPP-0524,@guthealth_guru,Instagram,2026-03-12,08:15:00,40021,14380,4.85,15315,260,34,82,116,385,1183,"AD text overlay (video)",inadequate,post-content or absent,NON-COMPLIANT,"may help digestive comfort (PROHIBITED: 'may' + B. longum lacks RCT)",health_efficacy,No,§255.5,51744,2026-03-15,Sarah Chen,PENDING,ESCALATE TO CCO,N/A,No,"Casey Park pre-launch clearance",CAMP-2026-004,Live session,No,No,No
SUPP-0525,@vitamindiary,Twitter/X,2026-02-14,08:00:00,31978,5284,4.63,4888,65,25,150,56,50,287,"#gifted in hashtags",inadequate,post-content or absent,NON-COMPLIANT,"Supports immune health (compliant with RCT)",health_efficacy,Yes,§255.5,51744,2026-03-17,Alex Rivera (Ext.),IN_REVIEW,MONITORING,N/A,No,"Supplemental audit batch March 2026",CAMP-2026-001,Reel,No,No,No
SUPP-0526,@vitalitycoach,Instagram Stories,2026-03-03,11:00:00,61120,19976,6.89,16620,810,463,559,280,671,652,"No disclosure",inadequate,post-content or absent,NON-COMPLIANT,"Supports immune health (compliant with RCT)",health_efficacy,Yes,§255.5,51744,2026-03-06,Casey Park,OPEN,ESCALATE TO CCO,N/A,No,"Quarterly disclosure audit",CAMP-2026-002,Short video (<60s),No,No,No
SUPP-0527,@guthealth_guru,LinkedIn,2026-03-12,15:45:00,115486,23500,2.98,19108,1108,399,85,56,382,2550,"AD text overlay (video)",inadequate,post-content or absent,NON-COMPLIANT,"Probiotic of choice for digestive health (compliant general claim)",general_wellness,Yes,§255.5,51744,2026-03-15,Alex Rivera (Ext.),IN_REVIEW,REMOVE CLAIM,N/A,No,"Supplemental audit batch March 2026",CAMP-2026-004,Long video (>60s),No,No,No
SUPP-0528,@digestive_digest,Twitter/X,2026-03-27,09:45:00,91783,28948,1.11,21402,1403,710,443,237,277,1730,"Platform Paid Partnership only",inadequate,post-content or absent,NON-COMPLIANT,"Science-backed probiotic formula (compliant general claim)",general_wellness,Yes,§255.5,51744,2026-03-28,Casey Park,PENDING,INFLUENCER NOTIFIED,N/A,No,"Quarterly disclosure audit",CAMP-2026-017,Blog post,Yes,No,No
SUPP-0529,@cleanwellness,Reels,2026-02-22,19:15:00,34269,4283,1.87,3913,195,41,34,12,144,356,"#ad buried as last hashtag",inadequate,post-content or absent,NON-COMPLIANT,"Gut health support tested in human trials (compliant)",general_wellness,Yes,§255.5,51744,2026-03-25,Casey Park,PENDING,CONTRACT UPDATED,N/A,No,"Sarah Chen escalation review",CAMP-2026-006,Reel,No,No,Yes
SUPP-0530,@nourishednaturally,YouTube,2026-03-06,17:00:00,12175,5873,1.01,4318,30,9,123,15,149,485,"FTC compliant verbal + text",adequate,pre-content,COMPLIANT,"Probiotic of choice for digestive health (compliant general claim)",general_wellness,Yes,None,0,2026-03-09,Casey Park,RESOLVED,NONE,2026-03-13,No,"Casey Park pre-launch clearance",CAMP-2026-011,Carousel,No,No,No
SUPP-0531,@holistic_health_hub,Instagram,2026-02-02,22:15:00,43822,5972,3.88,4920,166,58,118,60,179,886,"Ad: at beginning",adequate,pre-content,COMPLIANT,"preliminary research suggests (PROHIBITED)",general_wellness,No,None,0,2026-03-05,Alex Rivera (Ext.),RESOLVED,NONE,2026-03-09,No,"Supplemental audit batch March 2026",CAMP-2026-002,Static image,No,No,Yes
SUPP-0532,@immunity_insider,Instagram Stories,2026-03-15,10:45:00,17812,5912,3.42,4593,115,18,171,21,122,193,"#sponsored in middle",inadequate,post-content or absent,NON-COMPLIANT,"No health claim made (compliant)",general_wellness,Yes,§255.5,51744,2026-03-18,Sarah Chen,PENDING,MONITORING,N/A,No,"Casey Park pre-launch clearance",CAMP-2026-006,Story,No,No,No
SUPP-0533,@supplementspro,Reels,2026-01-02,11:00:00,71831,16724,6.93,16116,569,270,161,193,233,1488,"Ad: at beginning",adequate,pre-content,COMPLIANT,"initial pilot data shows gut improvement (PROHIBITED: 'initial' + 'pilot')",general_wellness,No,None,0,2026-02-05,Sarah Chen,RESOLVED,NONE,2026-02-09,No,"Post-CEO-retraction review round",CAMP-2026-005,Reel,No,No,Yes
SUPP-0534,@cleanwellness,LinkedIn,2026-02-04,18:00:00,112660,55956,3.28,39282,1212,402,574,251,1561,3915,"Disclosure in bio only",inadequate,post-content or absent,NON-COMPLIANT,"No health claim made (compliant)",general_wellness,Yes,§255.5,51744,2026-03-07,Alex Rivera (Ext.),OPEN,ESCALATE TO CCO,N/A,No,"Influencer remediation tracking",CAMP-2026-001,Short video (<60s),No,No,No
SUPP-0535,@fitandfueled,Instagram Stories,2026-01-09,17:15:00,25056,5016,0.89,4762,348,64,62,23,171,666,"Ad: at beginning",adequate,pre-content,COMPLIANT,"Probiotic of choice for digestive health (compliant general claim)",general_wellness,Yes,None,0,2026-02-12,Casey Park,RESOLVED,NONE,2026-02-16,No,"Influencer remediation tracking",CAMP-2026-010,Carousel,No,No,Yes
SUPP-0536,@nourishednaturally,Reels,2026-01-22,16:30:00,86453,11032,3.28,12096,683,366,201,88,282,515,"Ad: at beginning",adequate,pre-content,COMPLIANT,"Doctor-Formulated for immunity (REQUIRES substantiation per revised audit letter)",general_wellness,No,None,0,2026-02-25,Jordan Ellis,RESOLVED,NONE,2026-02-28,No,"Influencer remediation tracking",CAMP-2026-001,Live session,No,No,Yes
SUPP-0537,@nourishednaturally,YouTube,2026-03-27,10:45:00,84651,36541,1.25,38657,2738,1312,558,104,444,974,"Verbal only (video)",adequate,pre-content,COMPLIANT,"Clinically demonstrated to enhance immunity (PROHIBITED: requires RCT for all ingredients)",health_efficacy,No,None,0,2026-03-28,Jordan Ellis,RESOLVED,NONE,2026-03-28,No,"Sarah Chen escalation review",CAMP-2026-013,Reel,No,Yes,No
SUPP-0538,@fitandfueled,Reels,2026-03-05,15:30:00,103623,42351,3.52,34219,2884,970,83,111,987,3332,"#sponsored in middle",inadequate,post-content or absent,NON-COMPLIANT,"may help digestive comfort (PROHIBITED: 'may' + B. longum lacks RCT)",health_efficacy,No,§255.5,51744,2026-03-08,Casey Park,PENDING,COMPLIANT - NO ACTION,N/A,No,"Supplemental audit batch March 2026",CAMP-2026-010,Podcast mention,No,No,No
SUPP-0539,@supplementspro,Pinterest,2026-02-19,20:45:00,19614,8942,4.28,6736,261,61,107,62,89,1183,"#sponsored in middle",inadequate,post-content or absent,NON-COMPLIANT,"Clinically demonstrated to enhance immunity (PROHIBITED: requires RCT for all ingredients)",health_efficacy,No,§255.5,51744,2026-03-22,Sarah Chen,IN_REVIEW,MONITORING,N/A,No,"Sarah Chen escalation review",CAMP-2026-012,Reel,No,No,No
SUPP-0540,@microbiome_maven,Facebook,2026-02-13,11:45:00,70781,38218,7.41,34087,2984,1240,623,240,1217,1585,"#ad buried as last hashtag",inadequate,post-content or absent,NON-COMPLIANT,"may help immune function (PROHIBITED: 'may')",health_efficacy,No,§255.5,51744,2026-03-16,Casey Park,OPEN,MONITORING,N/A,No,"Casey Park pre-launch clearance",CAMP-2026-019,Blog post,No,No,Yes
SUPP-0541,@probiotic_life,Facebook,2026-01-27,16:15:00,60927,29137,3.11,22746,801,305,740,123,429,3773,"#ad buried as last hashtag",inadequate,post-content or absent,NON-COMPLIANT,"Results Not Typical disclaimer applies (OBSOLETE safe harbor - abolished 2009)",general_wellness,No,§255.5,51744,2026-02-28,Alex Rivera (Ext.),OPEN,REMOVE CLAIM,N/A,No,"Influencer remediation tracking",CAMP-2026-004,Short video (<60s),No,No,Yes
SUPP-0542,@vitalitycoach,Twitter/X,2026-01-17,07:15:00,28205,5269,4.59,3989,292,62,99,58,118,441,"#ad at post beginning",adequate,pre-content,COMPLIANT,"Science-backed probiotic formula (compliant general claim)",general_wellness,Yes,None,0,2026-02-20,Jordan Ellis,RESOLVED,NONE,2026-02-24,No,"Sarah Chen escalation review",CAMP-2026-007,Static image,No,No,Yes
SUPP-0543,@nourishednaturally,LinkedIn,2026-03-28,15:00:00,44668,6270,5.44,6541,164,77,31,35,71,385,"Disclosure at post end",inadequate,post-content or absent,NON-COMPLIANT,"promising results in gut health (PROHIBITED: 'promising')",general_wellness,No,§255.5,51744,2026-03-28,Alex Rivera (Ext.),OPEN,INFLUENCER NOTIFIED,N/A,No,"Quarterly disclosure audit",CAMP-2026-017,Static image,No,No,No
SUPP-0544,@fitandfueled,Instagram Stories,2026-03-06,12:00:00,63456,25149,2.22,17990,1558,307,748,35,867,1648,"#ad first hashtag",adequate,pre-content,COMPLIANT,"Gut health support tested in human trials (compliant)",general_wellness,Yes,None,0,2026-03-09,Sarah Chen,RESOLVED,NONE,2026-03-13,No,"Post-CEO-retraction review round",CAMP-2026-003,Carousel,No,No,Yes
SUPP-0545,@vitamindiary,Pinterest,2026-02-07,15:15:00,44112,10348,1.64,11166,818,471,165,127,261,290,"AD text overlay (video)",inadequate,post-content or absent,NON-COMPLIANT,"initial pilot data shows gut improvement (PROHIBITED: 'initial' + 'pilot')",general_wellness,No,§255.5,51744,2026-03-10,Alex Rivera (Ext.),IN_REVIEW,MONITORING,N/A,No,"Supplemental audit batch March 2026",CAMP-2026-004,Static image,No,No,No
SUPP-0546,@nutriscience,Pinterest,2026-01-06,22:30:00,60494,7563,3.42,6827,129,39,43,53,23,1089,"#ad buried as last hashtag",inadequate,post-content or absent,NON-COMPLIANT,"B. longum promotes digestive wellness (insufficient evidence - no human RCT)",health_efficacy,No,§255.5,51744,2026-02-09,Jordan Ellis,OPEN,ESCALATE TO CCO,N/A,No,"Post-update-1 compliance sweep",CAMP-2026-002,Reel,No,No,Yes
SUPP-0547,@nourishednaturally,Instagram Stories,2026-02-28,08:45:00,16159,6179,4.0,4412,443,152,134,91,104,157,"No disclosure",inadequate,post-content or absent,NON-COMPLIANT,"initial pilot data shows gut improvement (PROHIBITED: 'initial' + 'pilot')",general_wellness,No,§255.5,51744,2026-03-28,Casey Park,PENDING,MONITORING,N/A,No,"Supplemental audit batch March 2026",CAMP-2026-015,Podcast mention,No,No,No
SUPP-0548,@nutriscience,TikTok,2026-02-16,08:00:00,113887,13555,2.57,14425,561,162,98,181,406,881,"#ad first hashtag",adequate,pre-content,COMPLIANT,"may help digestive comfort (PROHIBITED: 'may' + B. longum lacks RCT)",health_efficacy,No,None,0,2026-03-19,Sarah Chen,RESOLVED,NONE,2026-03-23,No,"Quarterly disclosure audit",CAMP-2026-017,Long video (>60s),No,No,Yes
SUPP-0549,@fitandfueled,TikTok,2026-02-20,13:15:00,39432,7025,0.6,6580,244,98,100,41,210,197,"Disclosure in bio only",inadequate,post-content or absent,NON-COMPLIANT,"supports gut microbiome balance (compliant)",general_wellness,Yes,§255.5,51744,2026-03-23,Jordan Ellis,IN_REVIEW,MONITORING,N/A,No,"Supplemental audit batch March 2026",CAMP-2026-007,Long video (>60s),No,No,No
SUPP-0550,@guthealth_guru,Pinterest,2026-03-12,12:15:00,52067,9355,2.52,7166,735,146,256,129,201,1332,"FTC compliant verbal + text",adequate,pre-content,COMPLIANT,"preliminary research suggests (PROHIBITED)",general_wellness,No,None,0,2026-03-15,Casey Park,RESOLVED,NONE,2026-03-19,No,"Casey Park pre-launch clearance",CAMP-2026-009,Story,No,No,No
SUPP-0551,@digestive_digest,Instagram,2026-03-16,12:30:00,56682,14872,4.55,11722,190,87,37,16,476,1005,"FTC compliant verbal + text",adequate,pre-content,COMPLIANT,"ProBio+ clinically studied for immunity (compliant phrasing)",general_wellness,Yes,None,0,2026-03-19,Sarah Chen,RESOLVED,NONE,2026-03-23,No,"Quarterly disclosure audit",CAMP-2026-007,Reel,No,No,No
SUPP-0552,@supplementspro,Reels,2026-01-22,09:15:00,117987,42404,2.05,35093,2132,1076,763,298,1153,2149,"No disclosure",inadequate,post-content or absent,NON-COMPLIANT,"promising results in gut health (PROHIBITED: 'promising')",general_wellness,No,§255.5,51744,2026-02-25,Casey Park,OPEN,UPDATE DISCLOSURE,N/A,No,"Post-update-1 compliance sweep",CAMP-2026-016,Live session,No,No,No
SUPP-0553,@guthealth_guru,TikTok,2026-02-26,07:00:00,64509,25122,6.33,26360,1673,613,641,185,988,991,"FTC compliant verbal + text",adequate,pre-content,COMPLIANT,"B. longum promotes digestive wellness (insufficient evidence - no human RCT)",health_efficacy,No,None,0,2026-03-28,Jordan Ellis,RESOLVED,NONE,2026-03-28,No,"Casey Park pre-launch clearance",CAMP-2026-016,Static image,No,No,No
SUPP-0554,@digestive_digest,Reels,2026-01-12,21:45:00,36773,18412,6.3,19208,528,288,126,209,160,1113,"#ad first hashtag",adequate,pre-content,COMPLIANT,"may help immune function (PROHIBITED: 'may')",health_efficacy,No,None,0,2026-02-15,Sarah Chen,RESOLVED,NONE,2026-02-19,No,"Post-update-1 compliance sweep",CAMP-2026-005,Static image,No,No,Yes
SUPP-0555,@probiotic_life,Instagram Stories,2026-02-08,08:45:00,87932,47449,2.65,43486,1743,927,1087,412,1469,4493,"AD text overlay (video)",inadequate,post-content or absent,NON-COMPLIANT,"supports gut microbiome balance (compliant)",general_wellness,Yes,§255.5,51744,2026-03-11,Jordan Ellis,IN_REVIEW,COMPLIANT - NO ACTION,N/A,No,"Quarterly disclosure audit",CAMP-2026-008,Carousel,No,No,No
SUPP-0556,@guthealth_guru,Reels,2026-02-06,08:45:00,82190,27735,2.68,29402,1086,396,227,340,394,2984,"Paid collab sticker only",inadequate,post-content or absent,NON-COMPLIANT,"Clinically demonstrated to enhance immunity (PROHIBITED: requires RCT for all ingredients)",health_efficacy,No,§255.5,51744,2026-03-09,Jordan Ellis,PENDING,UPDATE DISCLOSURE,N/A,No,"Post-CEO-retraction review round",CAMP-2026-005,Live session,No,No,No
SUPP-0557,@vitamindiary,Snapchat,2026-03-24,14:45:00,13000,3198,3.28,2912,78,34,79,42,42,320,"Verbal only (video)",adequate,pre-content,COMPLIANT,"may help immune function (PROHIBITED: 'may')",health_efficacy,No,None,0,2026-03-27,Alex Rivera (Ext.),RESOLVED,NONE,2026-03-28,No,"Sarah Chen escalation review",CAMP-2026-013,Story,No,Yes,No
SUPP-0558,@nourishednaturally,Facebook,2026-02-11,20:45:00,86672,37269,2.7,30172,2609,300,74,409,832,2081,"Disclosure in bio only",inadequate,post-content or absent,NON-COMPLIANT,"may help immune function (PROHIBITED: 'may')",health_efficacy,No,§255.5,51744,2026-03-14,Sarah Chen,IN_REVIEW,OBTAIN LEGAL REVIEW,N/A,No,"Casey Park pre-launch clearance",CAMP-2026-010,Story,No,No,No
SUPP-0559,@nutriscience,Pinterest,2026-02-08,19:15:00,13906,3298,1.2,3161,220,77,21,15,19,128,"Paid collab sticker only",inadequate,post-content or absent,NON-COMPLIANT,"may help immune function (PROHIBITED: 'may')",health_efficacy,No,§255.5,51744,2026-03-11,Casey Park,OPEN,COMPLIANT - NO ACTION,N/A,No,"Sarah Chen escalation review",CAMP-2026-013,Carousel,No,No,No
SUPP-0560,@immunity_insider,Instagram Stories,2026-01-16,12:00:00,70507,23637,5.77,19960,1821,1038,334,274,484,1318,"Verbal only (video)",adequate,pre-content,COMPLIANT,"Clinically demonstrated to enhance immunity (PROHIBITED: requires RCT for all ingredients)",health_efficacy,No,None,0,2026-02-19,Alex Rivera (Ext.),RESOLVED,NONE,2026-02-23,No,"Supplemental audit batch March 2026",CAMP-2026-018,Podcast mention,No,Yes,No
SUPP-0561,@guthealth_guru,TikTok,2026-02-08,22:30:00,11428,2503,7.2,2533,101,43,22,33,53,305,"#ad buried as last hashtag",inadequate,post-content or absent,NON-COMPLIANT,"Vitamin D3 supports immune function (compliant - RCT supported)",health_efficacy,Yes,§255.5,51744,2026-03-11,Alex Rivera (Ext.),IN_REVIEW,REMOVE CLAIM,N/A,No,"Quarterly disclosure audit",CAMP-2026-010,Carousel,No,No,Yes
SUPP-0562,@wellnesswithjenna,Instagram Stories,2026-02-03,22:00:00,60893,21964,7.25,21941,813,124,178,306,179,3138,"Disclosure at post end",inadequate,post-content or absent,NON-COMPLIANT,"Doctor recommended for gut wellness (REQUIRES expert disclosure §255.3)",general_wellness,No,§255.5,51744,2026-03-06,Alex Rivera (Ext.),IN_REVIEW,REMOVE CLAIM,N/A,No,"Casey Park pre-launch clearance",CAMP-2026-011,Long video (>60s),No,No,No
SUPP-0563,@digestive_digest,TikTok,2026-02-01,23:45:00,119216,50577,3.28,51323,1468,641,743,642,1467,2198,"No disclosure (first post)",inadequate,post-content or absent,NON-COMPLIANT,"Helps strengthen immunity (PROHIBITED: 'helps')",general_wellness,No,§255.5,51744,2026-03-04,Jordan Ellis,IN_REVIEW,UPDATE DISCLOSURE,N/A,No,"Post-CEO-retraction review round",CAMP-2026-007,Reel,No,No,No
SUPP-0564,@supplementspro,Reels,2026-03-28,09:45:00,36894,8758,6.95,8690,660,306,200,82,150,1101,"Ad: at beginning",adequate,pre-content,COMPLIANT,"may help immune function (PROHIBITED: 'may')",health_efficacy,No,None,0,2026-03-28,Sarah Chen,RESOLVED,NONE,2026-03-28,No,"Post-update-1 compliance sweep",CAMP-2026-004,Blog post,No,No,Yes
SUPP-0565,@cleanwellness,Pinterest,2026-01-20,19:45:00,96543,25006,0.73,26769,573,129,371,90,218,3184,"Verbal only (video)",adequate,pre-content,COMPLIANT,"Results Not Typical disclaimer applies (OBSOLETE safe harbor - abolished 2009)",general_wellness,No,None,0,2026-02-23,Jordan Ellis,RESOLVED,NONE,2026-02-27,No,"Casey Park pre-launch clearance",CAMP-2026-019,Long video (>60s),No,Yes,No
SUPP-0566,@cleanwellness,TikTok,2026-02-09,13:45:00,112246,21323,3.45,21315,1208,158,45,130,613,1518,"No disclosure",inadequate,post-content or absent,NON-COMPLIANT,"L. acidophilus NCFM for immune health (compliant - 2 human RCTs)",health_efficacy,Yes,§255.5,51744,2026-03-12,Jordan Ellis,OPEN,UPDATE DISCLOSURE,N/A,No,"Post-update-1 compliance sweep",CAMP-2026-017,Story,No,No,No
SUPP-0567,@microbiome_maven,TikTok,2026-03-14,19:00:00,47210,12057,7.11,12097,663,380,62,178,256,1247,"Paid collab sticker only",inadequate,post-content or absent,NON-COMPLIANT,"B. longum promotes digestive wellness (insufficient evidence - no human RCT)",health_efficacy,No,§255.5,51744,2026-03-17,Casey Park,OPEN,UPDATE DISCLOSURE,N/A,No,"Quarterly disclosure audit",CAMP-2026-001,Live session,No,No,No
SUPP-0568,@holistic_health_hub,Snapchat,2026-01-18,17:15:00,104079,37076,3.93,33363,2688,696,126,490,395,1188,"FTC compliant verbal + text",adequate,pre-content,COMPLIANT,"B. longum promotes digestive wellness (insufficient evidence - no human RCT)",health_efficacy,No,None,0,2026-02-21,Jordan Ellis,RESOLVED,NONE,2026-02-25,No,"Post-update-1 compliance sweep",CAMP-2026-001,Short video (<60s),No,No,No
SUPP-0569,@cleanwellness,TikTok,2026-01-02,07:30:00,11719,4689,3.69,4056,160,83,70,67,18,116,"Disclosure at post end",inadequate,post-content or absent,NON-COMPLIANT,"Supports immune health (compliant with RCT)",health_efficacy,Yes,§255.5,51744,2026-02-05,Casey Park,PENDING,REMOVE CLAIM,N/A,No,"Post-update-1 compliance sweep",CAMP-2026-014,Long video (>60s),No,No,No
SUPP-0570,@vitalitycoach,Reels,2026-03-05,09:15:00,34787,10428,5.17,9243,584,132,308,104,86,1447,"Disclosure in bio only",inadequate,post-content or absent,NON-COMPLIANT,"may help digestive comfort (PROHIBITED: 'may' + B. longum lacks RCT)",health_efficacy,No,§255.5,51744,2026-03-08,Jordan Ellis,IN_REVIEW,ESCALATE TO CCO,N/A,No,"Post-update-1 compliance sweep",CAMP-2026-006,Carousel,No,No,No
SUPP-0571,@supplementspro,Facebook,2026-02-09,07:00:00,64058,33115,5.32,28122,2342,1354,239,444,983,3417,"Platform Paid Partnership only",inadequate,post-content or absent,NON-COMPLIANT,"may help digestive comfort (PROHIBITED: 'may' + B. longum lacks RCT)",health_efficacy,No,§255.5,51744,2026-03-12,Jordan Ellis,OPEN,REMOVE CLAIM,N/A,No,"Post-CEO-retraction review round",CAMP-2026-016,Reel,Yes,No,No
SUPP-0572,@nourishednaturally,Instagram Stories,2026-03-11,14:30:00,108672,32920,6.26,25279,1137,129,605,212,334,3387,"Disclosure at post end",inadequate,post-content or absent,NON-COMPLIANT,"Doctor recommended for gut wellness (REQUIRES expert disclosure §255.3)",general_wellness,No,§255.5,51744,2026-03-14,Casey Park,PENDING,REMOVE CLAIM,N/A,No,"Quarterly disclosure audit",CAMP-2026-011,Reel,No,No,No
SUPP-0573,@nourishednaturally,Snapchat,2026-02-13,21:15:00,28256,4004,6.93,4364,266,124,79,13,101,532,"No disclosure",inadequate,post-content or absent,NON-COMPLIANT,"Helps strengthen immunity (PROHIBITED: 'helps')",general_wellness,No,§255.5,51744,2026-03-16,Casey Park,IN_REVIEW,OBTAIN LEGAL REVIEW,N/A,No,"Sarah Chen escalation review",CAMP-2026-012,Blog post,No,No,No
SUPP-0574,@cleanwellness,Snapchat,2026-03-13,12:30:00,84833,30495,2.95,30705,524,275,415,262,278,4329,"Platform Paid Partnership only",inadequate,post-content or absent,NON-COMPLIANT,"may help digestive comfort (PROHIBITED: 'may' + B. longum lacks RCT)",health_efficacy,No,§255.5,51744,2026-03-16,Sarah Chen,IN_REVIEW,UPDATE DISCLOSURE,N/A,No,"Post-CEO-retraction review round",CAMP-2026-005,Reel,Yes,No,No
SUPP-0575,@nourishednaturally,Instagram,2026-02-11,21:45:00,48868,17272,6.42,13927,377,137,352,239,532,420,"Disclosure in bio only",inadequate,post-content or absent,NON-COMPLIANT,"Gut health support tested in human trials (compliant)",general_wellness,Yes,§255.5,51744,2026-03-14,Casey Park,IN_REVIEW,INFLUENCER NOTIFIED,N/A,No,"Casey Park pre-launch clearance",CAMP-2026-014,Long video (>60s),No,No,No
SUPP-0576,@fitandfueled,YouTube,2026-02-21,16:15:00,68169,33602,4.88,28652,1815,917,458,215,891,2754,"Ad: at beginning",adequate,pre-content,COMPLIANT,"Results Not Typical disclaimer applies (OBSOLETE safe harbor - abolished 2009)",general_wellness,No,None,0,2026-03-24,Casey Park,RESOLVED,NONE,2026-03-28,No,"Influencer remediation tracking",CAMP-2026-005,Short video (<60s),No,No,Yes
SUPP-0577,@fitandfueled,Pinterest,2026-01-12,16:45:00,101804,34040,1.21,25599,1942,782,708,167,1234,1448,"No disclosure (first post)",inadequate,post-content or absent,NON-COMPLIANT,"Results Not Typical disclaimer applies (OBSOLETE safe harbor - abolished 2009)",general_wellness,No,§255.5,51744,2026-02-15,Sarah Chen,OPEN,CONTRACT UPDATED,N/A,No,"Sarah Chen escalation review",CAMP-2026-017,Static image,No,No,No
SUPP-0578,@nourishednaturally,Instagram,2026-03-04,15:00:00,88779,45922,1.53,34153,3512,1083,767,227,1161,2184,"Paid collab sticker only",inadequate,post-content or absent,NON-COMPLIANT,"Results Not Typical disclaimer applies (OBSOLETE safe harbor - abolished 2009)",general_wellness,No,§255.5,51744,2026-03-07,Alex Rivera (Ext.),PENDING,OBTAIN LEGAL REVIEW,N/A,No,"Sarah Chen escalation review",CAMP-2026-013,Blog post,No,No,No
SUPP-0579,@digestive_digest,YouTube,2026-01-08,16:15:00,30560,5724,6.03,4093,108,14,69,35,168,431,"Ad: at beginning",adequate,pre-content,COMPLIANT,"L. acidophilus NCFM for immune health (compliant - 2 human RCTs)",health_efficacy,Yes,None,0,2026-02-11,Jordan Ellis,RESOLVED,NONE,2026-02-15,No,"Quarterly disclosure audit",CAMP-2026-011,Blog post,No,No,Yes
SUPP-0580,@microbiome_maven,LinkedIn,2026-01-19,11:30:00,58421,30561,5.54,23977,1947,1029,418,425,387,2657,"#ad buried as last hashtag",inadequate,post-content or absent,NON-COMPLIANT,"supports gut microbiome balance (compliant)",general_wellness,Yes,§255.5,51744,2026-02-22,Jordan Ellis,OPEN,MONITORING,N/A,No,"Quarterly disclosure audit",CAMP-2026-010,Reel,No,No,Yes
SUPP-0581,@digestive_digest,YouTube,2026-03-25,13:00:00,75105,28779,7.0,21852,1475,551,433,309,1071,1729,"Platform Paid Partnership only",inadequate,post-content or absent,NON-COMPLIANT,"Probiotic of choice for digestive health (compliant general claim)",general_wellness,Yes,§255.5,51744,2026-03-28,Casey Park,IN_REVIEW,INFLUENCER NOTIFIED,N/A,No,"Casey Park pre-launch clearance",CAMP-2026-019,Reel,Yes,No,No
SUPP-0582,@probiotic_life,Reels,2026-01-02,23:30:00,27853,13257,1.29,12362,572,95,148,103,423,1326,"#ad at post beginning",adequate,pre-content,COMPLIANT,"B. longum promotes digestive wellness (insufficient evidence - no human RCT)",health_efficacy,No,None,0,2026-02-05,Casey Park,RESOLVED,NONE,2026-02-09,No,"Influencer remediation tracking",CAMP-2026-011,Static image,No,No,Yes
SUPP-0583,@fitandfueled,Instagram Stories,2026-01-16,20:45:00,58176,27354,3.4,22967,1100,591,299,113,125,1130,"Verbal only (video)",adequate,pre-content,COMPLIANT,"promising results in gut health (PROHIBITED: 'promising')",general_wellness,No,None,0,2026-02-19,Sarah Chen,RESOLVED,NONE,2026-02-23,No,"Post-update-1 compliance sweep",CAMP-2026-018,Carousel,No,Yes,No
SUPP-0584,@probiotic_life,Pinterest,2026-01-09,23:00:00,106423,23910,2.95,24510,496,181,29,244,245,3546,"#gifted in hashtags",inadequate,post-content or absent,NON-COMPLIANT,"Doctor recommended for gut wellness (REQUIRES expert disclosure §255.3)",general_wellness,No,§255.5,51744,2026-02-12,Alex Rivera (Ext.),PENDING,MONITORING,N/A,No,"Influencer remediation tracking",CAMP-2026-003,Static image,No,No,No
SUPP-0585,@cleanwellness,LinkedIn,2026-01-13,18:30:00,116553,19169,2.16,17919,278,120,318,75,64,2621,"No disclosure",inadequate,post-content or absent,NON-COMPLIANT,"B. longum promotes digestive wellness (insufficient evidence - no human RCT)",health_efficacy,No,§255.5,51744,2026-02-16,Casey Park,PENDING,UPDATE DISCLOSURE,N/A,No,"Quarterly disclosure audit",CAMP-2026-012,Live session,No,No,No
SUPP-0586,@fitandfueled,Pinterest,2026-02-18,21:15:00,58892,12617,1.81,12893,718,178,153,152,397,1362,"#ad first hashtag",adequate,pre-content,COMPLIANT,"Probiotic of choice for digestive health (compliant general claim)",general_wellness,Yes,None,0,2026-03-21,Alex Rivera (Ext.),RESOLVED,NONE,2026-03-25,No,"Casey Park pre-launch clearance",CAMP-2026-004,Short video (<60s),No,No,Yes
SUPP-0587,@wellnesswithjenna,Instagram,2026-03-09,14:45:00,103866,56969,7.11,48327,2847,1220,303,841,1645,7195,"Disclosure in bio only",inadequate,post-content or absent,NON-COMPLIANT,"No health claim made (compliant)",general_wellness,Yes,§255.5,51744,2026-03-12,Jordan Ellis,IN_REVIEW,INFLUENCER NOTIFIED,N/A,No,"Post-CEO-retraction review round",CAMP-2026-002,Long video (>60s),No,No,No
SUPP-0588,@nourishednaturally,Reels,2026-03-20,15:00:00,81151,30584,3.73,32420,2353,1030,844,334,156,632,"#ad first hashtag",adequate,pre-content,COMPLIANT,"Doctor-Formulated for immunity (REQUIRES substantiation per revised audit letter)",general_wellness,No,None,0,2026-03-23,Alex Rivera (Ext.),RESOLVED,NONE,2026-03-27,No,"Quarterly disclosure audit",CAMP-2026-005,Live session,No,No,Yes
SUPP-0589,@cleanwellness,Facebook,2026-02-17,07:00:00,108155,54670,6.86,41857,4092,1554,404,440,565,3119,"Verbal only (video)",adequate,pre-content,COMPLIANT,"Science-backed probiotic formula (compliant general claim)",general_wellness,Yes,None,0,2026-03-20,Jordan Ellis,RESOLVED,NONE,2026-03-24,No,"Casey Park pre-launch clearance",CAMP-2026-018,Blog post,No,Yes,No
SUPP-0590,@supplementspro,Pinterest,2026-03-15,11:45:00,54920,13786,5.23,15106,136,77,214,166,513,547,"#gifted in hashtags",inadequate,post-content or absent,NON-COMPLIANT,"Vitamin D3 supports immune function (compliant - RCT supported)",health_efficacy,Yes,§255.5,51744,2026-03-18,Sarah Chen,OPEN,REMOVE CLAIM,N/A,No,"Casey Park pre-launch clearance",CAMP-2026-007,Short video (<60s),No,No,No
SUPP-0591,@immunity_insider,Reels,2026-02-03,19:45:00,85034,16513,5.75,13886,696,162,476,216,603,1588,"Ad: at beginning",adequate,pre-content,COMPLIANT,"Gut health support tested in human trials (compliant)",general_wellness,Yes,None,0,2026-03-06,Casey Park,RESOLVED,NONE,2026-03-10,No,"Post-CEO-retraction review round",CAMP-2026-015,Long video (>60s),No,No,Yes
SUPP-0592,@cleanwellness,Instagram Stories,2026-02-08,18:15:00,104018,22760,2.59,23900,355,179,189,47,194,524,"#sponsored in middle",inadequate,post-content or absent,NON-COMPLIANT,"supports gut microbiome balance (compliant)",general_wellness,Yes,§255.5,51744,2026-03-11,Casey Park,IN_REVIEW,INFLUENCER NOTIFIED,N/A,No,"Sarah Chen escalation review",CAMP-2026-008,Reel,No,No,No
SUPP-0593,@wellnesswithjenna,YouTube,2026-03-15,21:45:00,107833,49524,7.39,53207,3161,1238,1438,262,1452,7269,"Paid collab sticker only",inadequate,post-content or absent,NON-COMPLIANT,"may help immune function (PROHIBITED: 'may')",health_efficacy,No,§255.5,51744,2026-03-18,Alex Rivera (Ext.),OPEN,MONITORING,N/A,No,"Casey Park pre-launch clearance",CAMP-2026-001,Story,No,No,No
SUPP-0594,@digestive_digest,Instagram Stories,2026-02-17,14:45:00,33076,7752,4.59,8180,575,225,165,92,160,1155,"#ad first hashtag",adequate,pre-content,COMPLIANT,"ProBio+ clinically studied for immunity (compliant phrasing)",general_wellness,Yes,None,0,2026-03-20,Sarah Chen,RESOLVED,NONE,2026-03-24,No,"Post-update-1 compliance sweep",CAMP-2026-011,Reel,No,No,Yes
SUPP-0595,@probiotic_life,TikTok,2026-03-16,18:15:00,60777,9081,2.28,7980,603,254,38,118,63,1082,"Platform Paid Partnership only",inadequate,post-content or absent,NON-COMPLIANT,"ProBio+ clinically studied for immunity (compliant phrasing)",general_wellness,Yes,§255.5,51744,2026-03-19,Jordan Ellis,PENDING,UPDATE DISCLOSURE,N/A,No,"Sarah Chen escalation review",CAMP-2026-014,Long video (>60s),Yes,No,No
SUPP-0596,@vitalitycoach,TikTok,2026-03-28,16:45:00,114501,19766,2.97,16265,1021,197,558,250,252,2167,"AD text overlay (video)",inadequate,post-content or absent,NON-COMPLIANT,"No health claim made (compliant)",general_wellness,Yes,§255.5,51744,2026-03-28,Casey Park,PENDING,REMOVE CLAIM,N/A,No,"Quarterly disclosure audit",CAMP-2026-002,Podcast mention,No,No,No
SUPP-0597,@cleanwellness,Instagram Stories,2026-02-10,21:30:00,90471,34062,2.55,31508,1326,578,641,272,189,2887,"FTC compliant verbal + text",adequate,pre-content,COMPLIANT,"ProBio+ clinically studied for immunity (compliant phrasing)",general_wellness,Yes,None,0,2026-03-13,Alex Rivera (Ext.),RESOLVED,NONE,2026-03-17,No,"Supplemental audit batch March 2026",CAMP-2026-006,Live session,No,No,No
SUPP-0598,@microbiome_maven,Instagram,2026-03-21,22:15:00,96252,43576,2.47,36323,1919,706,829,578,931,4402,"FTC compliant verbal + text",adequate,pre-content,COMPLIANT,"No health claim made (compliant)",general_wellness,Yes,None,0,2026-03-24,Alex Rivera (Ext.),RESOLVED,NONE,2026-03-28,No,"Influencer remediation tracking",CAMP-2026-011,Live session,No,No,No
SUPP-0599,@nutriscience,Facebook,2026-02-14,23:15:00,26699,2749,4.5,2042,168,54,37,10,89,246,"Paid collab sticker only",inadequate,post-content or absent,NON-COMPLIANT,"Helps strengthen immunity (PROHIBITED: 'helps')",general_wellness,No,§255.5,51744,2026-03-17,Alex Rivera (Ext.),OPEN,OBTAIN LEGAL REVIEW,N/A,No,"Post-CEO-retraction review round",CAMP-2026-014,Reel,No,No,No
SUPP-0600,@microbiome_maven,Instagram,2026-01-23,23:30:00,22865,10155,2.01,8758,461,143,301,100,184,846,"FTC compliant verbal + text",adequate,pre-content,COMPLIANT,"No health claim made (compliant)",general_wellness,Yes,None,0,2026-02-26,Sarah Chen,RESOLVED,NONE,2026-02-28,No,"Supplemental audit batch March 2026",CAMP-2026-008,Short video (<60s),No,No,No
SUPP-0601,@microbiome_maven,Reels,2026-03-12,22:30:00,27557,5957,6.56,6204,280,47,95,83,100,159,"AD text overlay (video)",inadequate,post-content or absent,NON-COMPLIANT,"L. acidophilus NCFM for immune health (compliant - 2 human RCTs)",health_efficacy,Yes,§255.5,51744,2026-03-15,Sarah Chen,PENDING,UPDATE DISCLOSURE,N/A,No,"Post-update-1 compliance sweep",CAMP-2026-004,Blog post,No,No,No
SUPP-0602,@cleanwellness,Twitter/X,2026-02-18,08:30:00,119030,28574,6.28,20108,2130,1001,741,79,811,4050,"Paid collab sticker only",inadequate,post-content or absent,NON-COMPLIANT,"Doctor-Formulated for immunity (REQUIRES substantiation per revised audit letter)",general_wellness,No,§255.5,51744,2026-03-21,Alex Rivera (Ext.),PENDING,UPDATE DISCLOSURE,N/A,No,"Post-update-1 compliance sweep",CAMP-2026-015,Podcast mention,No,No,No
SUPP-0603,@fitandfueled,LinkedIn,2026-01-05,08:15:00,52855,21130,1.77,19996,633,348,387,24,632,2083,"Ad: at beginning",adequate,pre-content,COMPLIANT,"may help digestive comfort (PROHIBITED: 'may' + B. longum lacks RCT)",health_efficacy,No,None,0,2026-02-08,Sarah Chen,RESOLVED,NONE,2026-02-12,No,"Casey Park pre-launch clearance",CAMP-2026-016,Long video (>60s),No,No,Yes
SUPP-0604,@holistic_health_hub,Facebook,2026-03-18,10:00:00,32767,12470,3.99,9250,528,138,18,122,175,848,"No disclosure (first post)",inadequate,post-content or absent,NON-COMPLIANT,"B. longum promotes digestive wellness (insufficient evidence - no human RCT)",health_efficacy,No,§255.5,51744,2026-03-21,Sarah Chen,PENDING,OBTAIN LEGAL REVIEW,N/A,No,"Supplemental audit batch March 2026",CAMP-2026-013,Live session,No,No,No
SUPP-0605,@probiotic_life,TikTok,2026-02-07,22:30:00,98836,51431,2.93,54141,2074,1086,1306,462,1704,5493,"Disclosure in bio only",inadequate,post-content or absent,NON-COMPLIANT,"Results Not Typical disclaimer applies (OBSOLETE safe harbor - abolished 2009)",general_wellness,No,§255.5,51744,2026-03-10,Sarah Chen,PENDING,INFLUENCER NOTIFIED,N/A,No,"Supplemental audit batch March 2026",CAMP-2026-003,Long video (>60s),No,No,No
SUPP-0606,@vitamindiary,Reels,2026-02-04,11:15:00,61843,27956,2.78,29400,1782,1028,493,90,764,1821,"Ad: at beginning",adequate,pre-content,COMPLIANT,"No health claim made (compliant)",general_wellness,Yes,None,0,2026-03-07,Sarah Chen,RESOLVED,NONE,2026-03-11,No,"Casey Park pre-launch clearance",CAMP-2026-010,Live session,No,No,Yes
SUPP-0607,@vitalitycoach,Twitter/X,2026-03-14,07:45:00,18709,2694,2.52,2518,81,25,56,11,48,147,"#ad first hashtag",adequate,pre-content,COMPLIANT,"L. acidophilus NCFM for immune health (compliant - 2 human RCTs)",health_efficacy,Yes,None,0,2026-03-17,Sarah Chen,RESOLVED,NONE,2026-03-21,No,"Supplemental audit batch March 2026",CAMP-2026-010,Static image,No,No,Yes
SUPP-0608,@vitamindiary,Facebook,2026-01-26,14:15:00,41513,20881,5.14,16205,1162,211,27,110,809,1977,"Ad: at beginning",adequate,pre-content,COMPLIANT,"Helps strengthen immunity (PROHIBITED: 'helps')",general_wellness,No,None,0,2026-02-28,Alex Rivera (Ext.),RESOLVED,NONE,2026-02-28,No,"Influencer remediation tracking",CAMP-2026-009,Blog post,No,No,Yes
SUPP-0609,@cleanwellness,Reels,2026-01-17,08:30:00,11582,2075,4.33,2246,62,35,10,3,27,237,"No disclosure (first post)",inadequate,post-content or absent,NON-COMPLIANT,"ProBio+ clinically studied for immunity (compliant phrasing)",general_wellness,Yes,§255.5,51744,2026-02-20,Casey Park,IN_REVIEW,ESCALATE TO CCO,N/A,No,"Supplemental audit batch March 2026",CAMP-2026-012,Story,No,No,No
SUPP-0610,@microbiome_maven,TikTok,2026-02-01,16:15:00,17998,9539,5.63,10377,629,238,47,14,117,382,"Paid collab sticker only",inadequate,post-content or absent,NON-COMPLIANT,"Results Not Typical disclaimer applies (OBSOLETE safe harbor - abolished 2009)",general_wellness,No,§255.5,51744,2026-03-04,Jordan Ellis,IN_REVIEW,ESCALATE TO CCO,N/A,No,"Supplemental audit batch March 2026",CAMP-2026-005,Reel,No,No,No
SUPP-0611,@fitandfueled,Instagram,2026-03-21,12:00:00,111164,55141,4.24,43324,1663,692,316,364,1591,5891,"No disclosure",inadequate,post-content or absent,NON-COMPLIANT,"Gut health support tested in human trials (compliant)",general_wellness,Yes,§255.5,51744,2026-03-24,Jordan Ellis,IN_REVIEW,REMOVE CLAIM,N/A,No,"Casey Park pre-launch clearance",CAMP-2026-001,Long video (>60s),No,No,No
SUPP-0612,@cleanwellness,Reels,2026-03-21,12:15:00,106381,46086,1.9,39128,495,60,1040,234,610,6271,"Ad: at beginning",adequate,pre-content,COMPLIANT,"Doctor recommended for gut wellness (REQUIRES expert disclosure §255.3)",general_wellness,No,None,0,2026-03-24,Alex Rivera (Ext.),RESOLVED,NONE,2026-03-28,No,"Supplemental audit batch March 2026",CAMP-2026-013,Reel,No,No,Yes
SUPP-0613,@guthealth_guru,Snapchat,2026-02-23,18:30:00,111171,39492,2.26,36475,1893,354,277,585,515,5401,"Paid collab sticker only",inadequate,post-content or absent,NON-COMPLIANT,"L. acidophilus NCFM for immune health (compliant - 2 human RCTs)",health_efficacy,Yes,§255.5,51744,2026-03-26,Casey Park,PENDING,CONTRACT UPDATED,N/A,No,"Post-CEO-retraction review round",CAMP-2026-015,Reel,No,No,No
SUPP-0614,@digestive_digest,Twitter/X,2026-02-27,13:00:00,86297,14658,7.13,12852,596,89,259,110,284,1144,"Disclosure at post end",inadequate,post-content or absent,NON-COMPLIANT,"may help digestive comfort (PROHIBITED: 'may' + B. longum lacks RCT)",health_efficacy,No,§255.5,51744,2026-03-28,Sarah Chen,PENDING,ESCALATE TO CCO,N/A,No,"Quarterly disclosure audit",CAMP-2026-019,Carousel,No,No,No
SUPP-0615,@guthealth_guru,Instagram Stories,2026-03-26,08:00:00,78725,25249,1.29,19509,1673,508,233,230,438,740,"No disclosure",inadequate,post-content or absent,NON-COMPLIANT,"ProBio+ clinically studied for immunity (compliant phrasing)",general_wellness,Yes,§255.5,51744,2026-03-28,Jordan Ellis,IN_REVIEW,COMPLIANT - NO ACTION,N/A,No,"Supplemental audit batch March 2026",CAMP-2026-016,Carousel,No,No,No
SUPP-0616,@fitandfueled,Facebook,2026-02-13,08:45:00,33459,10207,2.67,8172,158,81,243,101,83,221,"AD text overlay (video)",inadequate,post-content or absent,NON-COMPLIANT,"Supports immune health (compliant with RCT)",health_efficacy,Yes,§255.5,51744,2026-03-16,Sarah Chen,OPEN,UPDATE DISCLOSURE,N/A,No,"Quarterly disclosure audit",CAMP-2026-014,Static image,No,No,No
SUPP-0617,@vitamindiary,Reels,2026-02-02,22:15:00,44711,9951,1.54,10135,782,419,149,147,351,354,"Disclosure in bio only",inadequate,post-content or absent,NON-COMPLIANT,"Science-backed probiotic formula (compliant general claim)",general_wellness,Yes,§255.5,51744,2026-03-05,Jordan Ellis,OPEN,CONTRACT UPDATED,N/A,No,"Influencer remediation tracking",CAMP-2026-018,Carousel,No,No,No
SUPP-0618,@microbiome_maven,TikTok,2026-02-02,18:15:00,93318,48806,1.8,39077,2208,296,975,723,173,4508,"AD text overlay (video)",inadequate,post-content or absent,NON-COMPLIANT,"Probiotic of choice for digestive health (compliant general claim)",general_wellness,Yes,§255.5,51744,2026-03-05,Jordan Ellis,IN_REVIEW,COMPLIANT - NO ACTION,N/A,No,"Post-CEO-retraction review round",CAMP-2026-015,Podcast mention,No,No,No
SUPP-0619,@holistic_health_hub,YouTube,2026-01-25,12:30:00,47118,18265,2.34,16232,941,297,336,164,713,2664,"Ad: at beginning",adequate,pre-content,COMPLIANT,"No health claim made (compliant)",general_wellness,Yes,None,0,2026-02-28,Alex Rivera (Ext.),RESOLVED,NONE,2026-02-28,No,"Post-CEO-retraction review round",CAMP-2026-005,Story,No,No,Yes
SUPP-0620,@microbiome_maven,Facebook,2026-03-15,13:45:00,92337,15636,1.6,16678,875,139,273,26,592,1494,"Platform Paid Partnership only",inadequate,post-content or absent,NON-COMPLIANT,"promising results in gut health (PROHIBITED: 'promising')",general_wellness,No,§255.5,51744,2026-03-18,Sarah Chen,IN_REVIEW,MONITORING,N/A,No,"Sarah Chen escalation review",CAMP-2026-019,Reel,Yes,No,No
SUPP-0621,@cleanwellness,Instagram Stories,2026-01-17,22:00:00,57740,26924,3.77,26511,474,99,149,41,329,1975,"#ad buried as last hashtag",inadequate,post-content or absent,NON-COMPLIANT,"preliminary research suggests (PROHIBITED)",general_wellness,No,§255.5,51744,2026-02-20,Casey Park,PENDING,UPDATE DISCLOSURE,N/A,No,"Supplemental audit batch March 2026",CAMP-2026-003,Live session,No,No,Yes
SUPP-0622,@microbiome_maven,LinkedIn,2026-02-20,15:30:00,118768,17865,5.63,16677,884,249,295,236,690,2406,"Platform Paid Partnership only",inadequate,post-content or absent,NON-COMPLIANT,"Gut health support tested in human trials (compliant)",general_wellness,Yes,§255.5,51744,2026-03-23,Sarah Chen,IN_REVIEW,COMPLIANT - NO ACTION,N/A,No,"Casey Park pre-launch clearance",CAMP-2026-016,Podcast mention,Yes,No,No
SUPP-0623,@probiotic_life,LinkedIn,2026-03-12,19:30:00,106340,10798,6.35,10163,401,76,177,113,198,1302,"#ad first hashtag",adequate,pre-content,COMPLIANT,"Helps strengthen immunity (PROHIBITED: 'helps')",general_wellness,No,None,0,2026-03-15,Sarah Chen,RESOLVED,NONE,2026-03-19,No,"Supplemental audit batch March 2026",CAMP-2026-004,Carousel,No,No,Yes
SUPP-0624,@probiotic_life,Pinterest,2026-03-13,08:45:00,107924,49378,2.07,49082,2586,487,864,168,297,2481,"Verbal only (video)",adequate,pre-content,COMPLIANT,"L. acidophilus NCFM for immune health (compliant - 2 human RCTs)",health_efficacy,Yes,None,0,2026-03-16,Alex Rivera (Ext.),RESOLVED,NONE,2026-03-20,No,"Quarterly disclosure audit",CAMP-2026-018,Reel,No,Yes,No
SUPP-0625,@digestive_digest,Instagram,2026-01-02,10:15:00,44267,20186,0.7,20797,739,196,85,96,497,1647,"#ad at post beginning",adequate,pre-content,COMPLIANT,"Science-backed probiotic formula (compliant general claim)",general_wellness,Yes,None,0,2026-02-05,Alex Rivera (Ext.),RESOLVED,NONE,2026-02-09,No,"Post-update-1 compliance sweep",CAMP-2026-003,Podcast mention,No,No,Yes
SUPP-0626,@nutriscience,YouTube,2026-03-26,13:30:00,94873,34926,4.31,32949,2415,1053,744,217,81,2380,"#sponsored in middle",inadequate,post-content or absent,NON-COMPLIANT,"promising results in gut health (PROHIBITED: 'promising')",general_wellness,No,§255.5,51744,2026-03-28,Sarah Chen,PENDING,MONITORING,N/A,No,"Post-update-1 compliance sweep",CAMP-2026-006,Reel,No,No,No
SUPP-0627,@nourishednaturally,Instagram,2026-01-17,15:15:00,33814,17643,3.8,18114,276,45,125,73,363,1370,"#ad at post beginning",adequate,pre-content,COMPLIANT,"B. longum promotes digestive wellness (insufficient evidence - no human RCT)",health_efficacy,No,None,0,2026-02-20,Jordan Ellis,RESOLVED,NONE,2026-02-24,No,"Post-update-1 compliance sweep",CAMP-2026-001,Static image,No,No,Yes
SUPP-0628,@fitandfueled,Pinterest,2026-01-25,10:15:00,55884,15919,3.84,16188,863,254,270,206,228,739,"Disclosure at post end",inadequate,post-content or absent,NON-COMPLIANT,"B. longum promotes digestive wellness (insufficient evidence - no human RCT)",health_efficacy,No,§255.5,51744,2026-02-28,Casey Park,OPEN,COMPLIANT - NO ACTION,N/A,No,"Supplemental audit batch March 2026",CAMP-2026-001,Carousel,No,No,No
SUPP-0629,@supplementspro,Reels,2026-03-14,14:45:00,80118,15205,6.69,14871,196,116,265,19,454,1497,"No disclosure",inadequate,post-content or absent,NON-COMPLIANT,"Probiotic of choice for digestive health (compliant general claim)",general_wellness,Yes,§255.5,51744,2026-03-17,Alex Rivera (Ext.),OPEN,REMOVE CLAIM,N/A,No,"Quarterly disclosure audit",CAMP-2026-018,Reel,No,No,No
SUPP-0630,@vitamindiary,Pinterest,2026-03-02,19:30:00,24959,3128,5.8,2583,180,66,14,37,120,105,"AD text overlay (video)",inadequate,post-content or absent,NON-COMPLIANT,"preliminary research suggests (PROHIBITED)",general_wellness,No,§255.5,51744,2026-03-05,Casey Park,IN_REVIEW,REMOVE CLAIM,N/A,No,"Quarterly disclosure audit",CAMP-2026-001,Podcast mention,No,No,No
SUPP-0631,@nourishednaturally,Twitter/X,2026-01-15,16:00:00,45120,11589,1.25,9507,184,100,167,81,49,607,"FTC compliant verbal + text",adequate,pre-content,COMPLIANT,"initial pilot data shows gut improvement (PROHIBITED: 'initial' + 'pilot')",general_wellness,No,None,0,2026-02-18,Alex Rivera (Ext.),RESOLVED,NONE,2026-02-22,No,"Quarterly disclosure audit",CAMP-2026-007,Static image,No,No,No
SUPP-0632,@nutriscience,LinkedIn,2026-01-18,14:15:00,31063,13524,2.4,9598,514,305,102,57,105,411,"Ad: at beginning",adequate,pre-content,COMPLIANT,"supports gut microbiome balance (compliant)",general_wellness,Yes,None,0,2026-02-21,Sarah Chen,RESOLVED,NONE,2026-02-25,No,"Influencer remediation tracking",CAMP-2026-004,Static image,No,No,Yes
SUPP-0633,@cleanwellness,LinkedIn,2026-03-20,23:00:00,119408,32149,1.95,23076,224,125,942,450,922,2326,"AD text overlay (video)",inadequate,post-content or absent,NON-COMPLIANT,"Results Not Typical disclaimer applies (OBSOLETE safe harbor - abolished 2009)",general_wellness,No,§255.5,51744,2026-03-23,Jordan Ellis,PENDING,OBTAIN LEGAL REVIEW,N/A,No,"Post-update-1 compliance sweep",CAMP-2026-005,Live session,No,No,No
SUPP-0634,@vitamindiary,Twitter/X,2026-03-02,23:15:00,99709,44895,2.47,43868,511,121,1272,194,1778,5608,"#ad first hashtag",adequate,pre-content,COMPLIANT,"ProBio+ clinically studied for immunity (compliant phrasing)",general_wellness,Yes,None,0,2026-03-05,Sarah Chen,RESOLVED,NONE,2026-03-09,No,"Post-CEO-retraction review round",CAMP-2026-001,Carousel,No,No,Yes
SUPP-0635,@wellnesswithjenna,Pinterest,2026-02-14,08:30:00,94061,20745,2.67,22667,1101,565,113,297,763,1550,"#sponsored in middle",inadequate,post-content or absent,NON-COMPLIANT,"Results Not Typical disclaimer applies (OBSOLETE safe harbor - abolished 2009)",general_wellness,No,§255.5,51744,2026-03-17,Casey Park,IN_REVIEW,MONITORING,N/A,No,"Influencer remediation tracking",CAMP-2026-008,Carousel,No,No,No
SUPP-0636,@wellnesswithjenna,Pinterest,2026-02-18,08:15:00,82127,24701,3.16,23241,989,391,498,282,327,3578,"#ad buried as last hashtag",inadequate,post-content or absent,NON-COMPLIANT,"B. longum promotes digestive wellness (insufficient evidence - no human RCT)",health_efficacy,No,§255.5,51744,2026-03-21,Sarah Chen,OPEN,MONITORING,N/A,No,"Sarah Chen escalation review",CAMP-2026-013,Long video (>60s),No,No,Yes
SUPP-0637,@guthealth_guru,Twitter/X,2026-01-26,20:00:00,59813,20110,5.82,19712,427,68,409,227,212,1503,"Verbal only (video)",adequate,pre-content,COMPLIANT,"may help immune function (PROHIBITED: 'may')",health_efficacy,No,None,0,2026-02-28,Alex Rivera (Ext.),RESOLVED,NONE,2026-02-28,No,"Casey Park pre-launch clearance",CAMP-2026-001,Blog post,No,Yes,No
SUPP-0638,@guthealth_guru,Instagram Stories,2026-03-06,19:15:00,27980,3418,7.34,2863,126,74,33,36,74,342,"Disclosure at post end",inadequate,post-content or absent,NON-COMPLIANT,"Doctor recommended for gut wellness (REQUIRES expert disclosure §255.3)",general_wellness,No,§255.5,51744,2026-03-09,Jordan Ellis,OPEN,MONITORING,N/A,No,"Post-update-1 compliance sweep",CAMP-2026-016,Blog post,No,No,No
SUPP-0639,@vitamindiary,Snapchat,2026-02-20,07:45:00,31267,3481,6.88,3077,188,59,35,11,35,107,"Verbal only (video)",adequate,pre-content,COMPLIANT,"Probiotic of choice for digestive health (compliant general claim)",general_wellness,Yes,None,0,2026-03-23,Sarah Chen,RESOLVED,NONE,2026-03-27,No,"Quarterly disclosure audit",CAMP-2026-006,Long video (>60s),No,Yes,No
SUPP-0640,@vitalitycoach,TikTok,2026-01-28,08:15:00,54872,20863,7.46,16307,1259,683,464,290,228,1613,"Disclosure in bio only",inadequate,post-content or absent,NON-COMPLIANT,"may help immune function (PROHIBITED: 'may')",health_efficacy,No,§255.5,51744,2026-02-28,Jordan Ellis,IN_REVIEW,OBTAIN LEGAL REVIEW,N/A,No,"Sarah Chen escalation review",CAMP-2026-001,Static image,No,No,No
SUPP-0641,@nutriscience,Reels,2026-01-22,11:30:00,40076,5798,6.19,5197,453,51,104,18,55,264,"#gifted in hashtags",inadequate,post-content or absent,NON-COMPLIANT,"may help digestive comfort (PROHIBITED: 'may' + B. longum lacks RCT)",health_efficacy,No,§255.5,51744,2026-02-25,Casey Park,PENDING,UPDATE DISCLOSURE,N/A,No,"Quarterly disclosure audit",CAMP-2026-013,Carousel,No,No,No
SUPP-0642,@nutriscience,Twitter/X,2026-03-25,23:00:00,63170,32250,6.78,30448,1526,360,233,253,1279,1296,"Ad: at beginning",adequate,pre-content,COMPLIANT,"Helps strengthen immunity (PROHIBITED: 'helps')",general_wellness,No,None,0,2026-03-28,Jordan Ellis,RESOLVED,NONE,2026-03-28,No,"Post-update-1 compliance sweep",CAMP-2026-019,Live session,No,No,Yes
SUPP-0643,@immunity_insider,TikTok,2026-02-14,20:45:00,43717,21969,0.98,18543,1646,497,41,175,850,2127,"Disclosure in bio only",inadequate,post-content or absent,NON-COMPLIANT,"preliminary research suggests (PROHIBITED)",general_wellness,No,§255.5,51744,2026-03-17,Jordan Ellis,OPEN,COMPLIANT - NO ACTION,N/A,No,"Sarah Chen escalation review",CAMP-2026-010,Podcast mention,No,No,No
SUPP-0644,@guthealth_guru,LinkedIn,2026-03-21,22:45:00,118801,41753,7.0,44408,1600,223,649,451,715,2076,"FTC compliant verbal + text",adequate,pre-content,COMPLIANT,"Gut health support tested in human trials (compliant)",general_wellness,Yes,None,0,2026-03-24,Sarah Chen,RESOLVED,NONE,2026-03-28,No,"Sarah Chen escalation review",CAMP-2026-008,Story,No,No,No
SUPP-0645,@guthealth_guru,Instagram Stories,2026-03-13,20:45:00,25024,4073,2.52,4095,124,67,99,23,33,363,"Verbal only (video)",adequate,pre-content,COMPLIANT,"supports gut microbiome balance (compliant)",general_wellness,Yes,None,0,2026-03-16,Sarah Chen,RESOLVED,NONE,2026-03-20,No,"Post-update-1 compliance sweep",CAMP-2026-002,Reel,No,Yes,No
SUPP-0646,@cleanwellness,TikTok,2026-01-07,19:00:00,108557,56491,1.64,58461,851,182,626,151,912,2323,"#gifted in hashtags",inadequate,post-content or absent,NON-COMPLIANT,"L. acidophilus NCFM for immune health (compliant - 2 human RCTs)",health_efficacy,Yes,§255.5,51744,2026-02-10,Casey Park,PENDING,OBTAIN LEGAL REVIEW,N/A,No,"Sarah Chen escalation review",CAMP-2026-010,Short video (<60s),No,No,No
SUPP-0647,@microbiome_maven,Pinterest,2026-03-13,13:30:00,54953,13487,5.37,11529,110,24,159,200,282,799,"FTC compliant verbal + text",adequate,pre-content,COMPLIANT,"ProBio+ clinically studied for immunity (compliant phrasing)",general_wellness,Yes,None,0,2026-03-16,Sarah Chen,RESOLVED,NONE,2026-03-20,No,"Supplemental audit batch March 2026",CAMP-2026-002,Static image,No,No,No
SUPP-0648,@immunity_insider,Facebook,2026-01-02,12:45:00,112673,50024,5.35,45051,1514,763,470,651,111,2845,"Disclosure at post end",inadequate,post-content or absent,NON-COMPLIANT,"preliminary research suggests (PROHIBITED)",general_wellness,No,§255.5,51744,2026-02-05,Alex Rivera (Ext.),PENDING,MONITORING,N/A,No,"Supplemental audit batch March 2026",CAMP-2026-014,Carousel,No,No,No
SUPP-0649,@supplementspro,LinkedIn,2026-01-07,23:00:00,109702,17183,1.43,15065,314,45,193,31,663,492,"#ad at post beginning",adequate,pre-content,COMPLIANT,"Clinically demonstrated to enhance immunity (PROHIBITED: requires RCT for all ingredients)",health_efficacy,No,None,0,2026-02-10,Sarah Chen,RESOLVED,NONE,2026-02-14,No,"Quarterly disclosure audit",CAMP-2026-005,Short video (<60s),No,No,Yes
SUPP-0650,@vitamindiary,Twitter/X,2026-02-23,22:30:00,69388,19724,6.48,16343,805,88,274,139,253,1990,"#gifted in hashtags",inadequate,post-content or absent,NON-COMPLIANT,"Helps strengthen immunity (PROHIBITED: 'helps')",general_wellness,No,§255.5,51744,2026-03-26,Sarah Chen,IN_REVIEW,OBTAIN LEGAL REVIEW,N/A,No,"Supplemental audit batch March 2026",CAMP-2026-004,Static image,No,No,No
SUPP-0651,@guthealth_guru,Snapchat,2026-01-20,07:45:00,105670,57676,5.74,55334,2881,1128,226,143,1073,7107,"#gifted in hashtags",inadequate,post-content or absent,NON-COMPLIANT,"B. longum promotes digestive wellness (insufficient evidence - no human RCT)",health_efficacy,No,§255.5,51744,2026-02-23,Alex Rivera (Ext.),IN_REVIEW,UPDATE DISCLOSURE,N/A,No,"Influencer remediation tracking",CAMP-2026-009,Short video (<60s),No,No,No
SUPP-0652,@immunity_insider,LinkedIn,2026-01-24,17:45:00,13544,3545,0.62,3166,207,89,16,43,74,258,"AD text overlay (video)",inadequate,post-content or absent,NON-COMPLIANT,"Vitamin D3 supports immune function (compliant - RCT supported)",health_efficacy,Yes,§255.5,51744,2026-02-27,Sarah Chen,PENDING,INFLUENCER NOTIFIED,N/A,No,"Influencer remediation tracking",CAMP-2026-013,Live session,No,No,No
SUPP-0653,@nourishednaturally,Snapchat,2026-03-07,13:15:00,114229,59321,6.37,43989,1680,843,1144,181,468,8234,"No disclosure",inadequate,post-content or absent,NON-COMPLIANT,"Gut health support tested in human trials (compliant)",general_wellness,Yes,§255.5,51744,2026-03-10,Sarah Chen,OPEN,COMPLIANT - NO ACTION,N/A,No,"Influencer remediation tracking",CAMP-2026-019,Blog post,No,No,No
SUPP-0654,@holistic_health_hub,TikTok,2026-01-01,15:45:00,95783,21701,3.64,17742,392,92,321,293,291,2553,"Ad: at beginning",adequate,pre-content,COMPLIANT,"Clinically demonstrated to enhance immunity (PROHIBITED: requires RCT for all ingredients)",health_efficacy,No,None,0,2026-02-04,Alex Rivera (Ext.),RESOLVED,NONE,2026-02-08,No,"Casey Park pre-launch clearance",CAMP-2026-010,Blog post,No,No,Yes
SUPP-0655,@microbiome_maven,Snapchat,2026-03-20,08:30:00,39727,10261,4.59,11145,726,407,24,143,404,294,"#ad at post beginning",adequate,pre-content,COMPLIANT,"Clinically demonstrated to enhance immunity (PROHIBITED: requires RCT for all ingredients)",health_efficacy,No,None,0,2026-03-23,Sarah Chen,RESOLVED,NONE,2026-03-27,No,"Influencer remediation tracking",CAMP-2026-001,Live session,No,No,Yes
SUPP-0656,@microbiome_maven,Facebook,2026-02-07,08:15:00,84684,21719,4.81,19640,1204,572,104,118,164,2293,"Paid collab sticker only",inadequate,post-content or absent,NON-COMPLIANT,"L. acidophilus NCFM for immune health (compliant - 2 human RCTs)",health_efficacy,Yes,§255.5,51744,2026-03-10,Casey Park,IN_REVIEW,CONTRACT UPDATED,N/A,No,"Supplemental audit batch March 2026",CAMP-2026-007,Blog post,No,No,No
SUPP-0657,@cleanwellness,Pinterest,2026-01-11,14:45:00,96209,42486,6.95,32531,1777,819,274,425,882,3165,"No disclosure (first post)",inadequate,post-content or absent,NON-COMPLIANT,"may help digestive comfort (PROHIBITED: 'may' + B. longum lacks RCT)",health_efficacy,No,§255.5,51744,2026-02-14,Casey Park,OPEN,COMPLIANT - NO ACTION,N/A,No,"Sarah Chen escalation review",CAMP-2026-015,Carousel,No,No,No
SUPP-0658,@holistic_health_hub,Instagram,2026-01-28,13:45:00,22256,3972,2.52,3175,276,145,100,15,100,114,"Disclosure in bio only",inadequate,post-content or absent,NON-COMPLIANT,"Clinically demonstrated to enhance immunity (PROHIBITED: requires RCT for all ingredients)",health_efficacy,No,§255.5,51744,2026-02-28,Sarah Chen,IN_REVIEW,UPDATE DISCLOSURE,N/A,No,"Influencer remediation tracking",CAMP-2026-006,Reel,No,No,No
SUPP-0659,@probiotic_life,Facebook,2026-02-21,21:15:00,113050,43266,2.44,42056,591,225,1098,106,703,5656,"No disclosure",inadequate,post-content or absent,NON-COMPLIANT,"L. acidophilus NCFM for immune health (compliant - 2 human RCTs)",health_efficacy,Yes,§255.5,51744,2026-03-24,Casey Park,IN_REVIEW,ESCALATE TO CCO,N/A,No,"Post-CEO-retraction review round",CAMP-2026-003,Long video (>60s),No,No,No
SUPP-0660,@probiotic_life,Instagram,2026-03-07,13:45:00,62965,30637,1.74,31215,1619,828,465,71,76,1400,"AD text overlay (video)",inadequate,post-content or absent,NON-COMPLIANT,"ProBio+ clinically studied for immunity (compliant phrasing)",general_wellness,Yes,§255.5,51744,2026-03-10,Alex Rivera (Ext.),PENDING,REMOVE CLAIM,N/A,No,"Influencer remediation tracking",CAMP-2026-014,Short video (<60s),No,No,No
SUPP-0661,@vitalitycoach,Pinterest,2026-03-25,10:30:00,92524,30908,7.29,29891,765,125,850,151,667,2001,"#gifted in hashtags",inadequate,post-content or absent,NON-COMPLIANT,"Helps strengthen immunity (PROHIBITED: 'helps')",general_wellness,No,§255.5,51744,2026-03-28,Casey Park,OPEN,CONTRACT UPDATED,N/A,No,"Sarah Chen escalation review",CAMP-2026-007,Reel,No,No,No
SUPP-0662,@cleanwellness,Facebook,2026-03-19,09:30:00,62180,20794,3.0,15778,1101,440,341,232,676,875,"#ad first hashtag",adequate,pre-content,COMPLIANT,"Vitamin D3 supports immune function (compliant - RCT supported)",health_efficacy,Yes,None,0,2026-03-22,Jordan Ellis,RESOLVED,NONE,2026-03-26,No,"Casey Park pre-launch clearance",CAMP-2026-017,Live session,No,No,Yes
SUPP-0663,@cleanwellness,LinkedIn,2026-02-08,11:15:00,19949,6528,7.05,5537,212,96,41,20,105,215,"Disclosure in bio only",inadequate,post-content or absent,NON-COMPLIANT,"may help digestive comfort (PROHIBITED: 'may' + B. longum lacks RCT)",health_efficacy,No,§255.5,51744,2026-03-11,Casey Park,PENDING,UPDATE DISCLOSURE,N/A,No,"Quarterly disclosure audit",CAMP-2026-008,Long video (>60s),No,No,No
SUPP-0664,@vitamindiary,YouTube,2026-03-14,21:00:00,85027,30596,2.81,31413,1291,749,352,228,662,3196,"FTC compliant verbal + text",adequate,pre-content,COMPLIANT,"Supports immune health (compliant with RCT)",health_efficacy,Yes,None,0,2026-03-17,Casey Park,RESOLVED,NONE,2026-03-21,No,"Influencer remediation tracking",CAMP-2026-015,Static image,No,No,No
SUPP-0665,@supplementspro,Pinterest,2026-02-02,13:00:00,26806,7496,3.09,5694,340,136,185,41,104,1002,"Ad: at beginning",adequate,pre-content,COMPLIANT,"Doctor recommended for gut wellness (REQUIRES expert disclosure §255.3)",general_wellness,No,None,0,2026-03-05,Casey Park,RESOLVED,NONE,2026-03-09,No,"Quarterly disclosure audit",CAMP-2026-002,Short video (<60s),No,No,Yes
SUPP-0666,@nutriscience,Twitter/X,2026-02-11,11:15:00,69408,15088,5.06,11912,1053,592,52,36,187,1238,"Ad: at beginning",adequate,pre-content,COMPLIANT,"Supports immune health (compliant with RCT)",health_efficacy,Yes,None,0,2026-03-14,Casey Park,RESOLVED,NONE,2026-03-18,No,"Post-update-1 compliance sweep",CAMP-2026-014,Static image,No,No,Yes
SUPP-0667,@digestive_digest,Facebook,2026-02-01,09:15:00,54477,9821,6.29,7501,109,14,164,36,67,1233,"#ad buried as last hashtag",inadequate,post-content or absent,NON-COMPLIANT,"Clinically demonstrated to enhance immunity (PROHIBITED: requires RCT for all ingredients)",health_efficacy,No,§255.5,51744,2026-03-04,Sarah Chen,PENDING,UPDATE DISCLOSURE,N/A,No,"Post-CEO-retraction review round",CAMP-2026-009,Podcast mention,No,No,Yes
SUPP-0668,@holistic_health_hub,Instagram Stories,2026-01-12,07:45:00,98497,24152,5.64,21211,875,119,312,325,121,3379,"#ad at post beginning",adequate,pre-content,COMPLIANT,"Results Not Typical disclaimer applies (OBSOLETE safe harbor - abolished 2009)",general_wellness,No,None,0,2026-02-15,Casey Park,RESOLVED,NONE,2026-02-19,No,"Post-update-1 compliance sweep",CAMP-2026-011,Story,No,No,Yes
SUPP-0669,@nutriscience,Reels,2026-03-04,13:15:00,27791,5798,2.86,4727,449,188,163,64,113,420,"FTC compliant verbal + text",adequate,pre-content,COMPLIANT,"may help digestive comfort (PROHIBITED: 'may' + B. longum lacks RCT)",health_efficacy,No,None,0,2026-03-07,Jordan Ellis,RESOLVED,NONE,2026-03-11,No,"Influencer remediation tracking",CAMP-2026-017,Reel,No,No,No
SUPP-0670,@microbiome_maven,YouTube,2026-02-12,13:15:00,66165,14613,1.02,12814,500,224,275,22,504,2059,"#gifted in hashtags",inadequate,post-content or absent,NON-COMPLIANT,"supports gut microbiome balance (compliant)",general_wellness,Yes,§255.5,51744,2026-03-15,Jordan Ellis,IN_REVIEW,INFLUENCER NOTIFIED,N/A,No,"Supplemental audit batch March 2026",CAMP-2026-004,Podcast mention,No,No,No
SUPP-0671,@fitandfueled,Facebook,2026-01-25,17:00:00,119887,26587,2.85,27116,501,184,433,215,945,1371,"Disclosure at post end",inadequate,post-content or absent,NON-COMPLIANT,"initial pilot data shows gut improvement (PROHIBITED: 'initial' + 'pilot')",general_wellness,No,§255.5,51744,2026-02-28,Casey Park,IN_REVIEW,CONTRACT UPDATED,N/A,No,"Influencer remediation tracking",CAMP-2026-015,Blog post,No,No,No
SUPP-0672,@nutriscience,TikTok,2026-03-10,09:30:00,103554,16179,3.98,16862,973,181,390,227,136,2034,"Disclosure in bio only",inadequate,post-content or absent,NON-COMPLIANT,"No health claim made (compliant)",general_wellness,Yes,§255.5,51744,2026-03-13,Sarah Chen,OPEN,ESCALATE TO CCO,N/A,No,"Post-update-1 compliance sweep",CAMP-2026-002,Long video (>60s),No,No,No
SUPP-0673,@supplementspro,LinkedIn,2026-01-09,14:45:00,24271,2780,6.01,2345,74,42,21,39,105,122,"Disclosure in bio only",inadequate,post-content or absent,NON-COMPLIANT,"L. acidophilus NCFM for immune health (compliant - 2 human RCTs)",health_efficacy,Yes,§255.5,51744,2026-02-12,Casey Park,IN_REVIEW,UPDATE DISCLOSURE,N/A,No,"Quarterly disclosure audit",CAMP-2026-017,Short video (<60s),No,No,No
SUPP-0674,@probiotic_life,Instagram,2026-02-09,22:15:00,73789,14435,5.19,15121,754,242,377,190,237,327,"No disclosure (first post)",inadequate,post-content or absent,NON-COMPLIANT,"supports gut microbiome balance (compliant)",general_wellness,Yes,§255.5,51744,2026-03-12,Casey Park,IN_REVIEW,UPDATE DISCLOSURE,N/A,No,"Influencer remediation tracking",CAMP-2026-007,Carousel,No,No,No
SUPP-0675,@holistic_health_hub,LinkedIn,2026-03-01,12:00:00,10694,3116,1.78,2295,169,98,37,30,70,113,"#ad at post beginning",adequate,pre-content,COMPLIANT,"Helps strengthen immunity (PROHIBITED: 'helps')",general_wellness,No,None,0,2026-03-04,Casey Park,RESOLVED,NONE,2026-03-08,No,"Post-CEO-retraction review round",CAMP-2026-002,Static image,No,No,Yes
SUPP-0676,@nutriscience,TikTok,2026-02-13,22:45:00,20109,6122,2.54,5165,475,92,95,80,162,896,"#ad at post beginning",adequate,pre-content,COMPLIANT,"Science-backed probiotic formula (compliant general claim)",general_wellness,Yes,None,0,2026-03-16,Jordan Ellis,RESOLVED,NONE,2026-03-20,No,"Supplemental audit batch March 2026",CAMP-2026-012,Live session,No,No,Yes
SUPP-0677,@holistic_health_hub,Snapchat,2026-03-04,21:45:00,61318,30543,0.65,25873,1916,222,691,425,1111,1670,"#ad buried as last hashtag",inadequate,post-content or absent,NON-COMPLIANT,"initial pilot data shows gut improvement (PROHIBITED: 'initial' + 'pilot')",general_wellness,No,§255.5,51744,2026-03-07,Alex Rivera (Ext.),OPEN,COMPLIANT - NO ACTION,N/A,No,"Quarterly disclosure audit",CAMP-2026-007,Static image,No,No,Yes
SUPP-0678,@vitamindiary,Twitter/X,2026-02-10,17:45:00,108441,45244,2.78,37936,2516,452,479,604,1496,5476,"AD text overlay (video)",inadequate,post-content or absent,NON-COMPLIANT,"Supports immune health (compliant with RCT)",health_efficacy,Yes,§255.5,51744,2026-03-13,Jordan Ellis,OPEN,UPDATE DISCLOSURE,N/A,No,"Supplemental audit batch March 2026",CAMP-2026-008,Story,No,No,No
SUPP-0679,@probiotic_life,Reels,2026-01-28,12:45:00,24535,7272,1.75,5737,569,323,43,21,248,441,"#ad at post beginning",adequate,pre-content,COMPLIANT,"L. acidophilus NCFM for immune health (compliant - 2 human RCTs)",health_efficacy,Yes,None,0,2026-02-28,Alex Rivera (Ext.),RESOLVED,NONE,2026-02-28,No,"Supplemental audit batch March 2026",CAMP-2026-008,Static image,No,No,Yes
SUPP-0680,@microbiome_maven,Pinterest,2026-02-20,15:45:00,112375,23721,2.26,20748,190,73,109,105,359,3156,"Paid collab sticker only",inadequate,post-content or absent,NON-COMPLIANT,"may help immune function (PROHIBITED: 'may')",health_efficacy,No,§255.5,51744,2026-03-23,Jordan Ellis,PENDING,OBTAIN LEGAL REVIEW,N/A,No,"Quarterly disclosure audit",CAMP-2026-016,Short video (<60s),No,No,No
SUPP-0681,@vitamindiary,Pinterest,2026-02-04,22:00:00,62633,8882,3.32,8639,566,320,66,90,265,872,"Paid collab sticker only",inadequate,post-content or absent,NON-COMPLIANT,"Doctor-Formulated for immunity (REQUIRES substantiation per revised audit letter)",general_wellness,No,§255.5,51744,2026-03-07,Sarah Chen,IN_REVIEW,REMOVE CLAIM,N/A,No,"Supplemental audit batch March 2026",CAMP-2026-007,Live session,No,No,No
SUPP-0682,@probiotic_life,Twitter/X,2026-01-11,08:45:00,100860,16456,1.12,14106,921,384,133,43,147,2204,"Verbal only (video)",adequate,pre-content,COMPLIANT,"L. acidophilus NCFM for immune health (compliant - 2 human RCTs)",health_efficacy,Yes,None,0,2026-02-14,Casey Park,RESOLVED,NONE,2026-02-18,No,"Quarterly disclosure audit",CAMP-2026-009,Carousel,No,Yes,No
SUPP-0683,@supplementspro,TikTok,2026-03-05,18:30:00,86564,30753,4.3,29619,811,198,865,300,557,4530,"Ad: at beginning",adequate,pre-content,COMPLIANT,"Gut health support tested in human trials (compliant)",general_wellness,Yes,None,0,2026-03-08,Alex Rivera (Ext.),RESOLVED,NONE,2026-03-12,No,"Influencer remediation tracking",CAMP-2026-008,Live session,No,No,Yes
SUPP-0684,@immunity_insider,Facebook,2026-03-01,14:30:00,70036,31799,3.2,24311,900,123,242,173,278,3855,"Paid collab sticker only",inadequate,post-content or absent,NON-COMPLIANT,"Supports immune health (compliant with RCT)",health_efficacy,Yes,§255.5,51744,2026-03-04,Casey Park,PENDING,REMOVE CLAIM,N/A,No,"Casey Park pre-launch clearance",CAMP-2026-008,Carousel,No,No,No
SUPP-0685,@digestive_digest,Reels,2026-02-02,20:45:00,72320,17473,3.22,14648,1005,213,206,97,586,2197,"#ad first hashtag",adequate,pre-content,COMPLIANT,"Science-backed probiotic formula (compliant general claim)",general_wellness,Yes,None,0,2026-03-05,Casey Park,RESOLVED,NONE,2026-03-09,No,"Post-update-1 compliance sweep",CAMP-2026-015,Live session,No,No,Yes
SUPP-0686,@guthealth_guru,Pinterest,2026-03-02,09:30:00,39834,6471,2.98,5592,241,29,148,50,219,610,"#gifted in hashtags",inadequate,post-content or absent,NON-COMPLIANT,"may help immune function (PROHIBITED: 'may')",health_efficacy,No,§255.5,51744,2026-03-05,Jordan Ellis,IN_REVIEW,OBTAIN LEGAL REVIEW,N/A,No,"Supplemental audit batch March 2026",CAMP-2026-002,Long video (>60s),No,No,No
SUPP-0687,@vitamindiary,Facebook,2026-02-17,14:45:00,62037,33262,7.05,24509,2590,822,490,64,381,1716,"Disclosure in bio only",inadequate,post-content or absent,NON-COMPLIANT,"L. acidophilus NCFM for immune health (compliant - 2 human RCTs)",health_efficacy,Yes,§255.5,51744,2026-03-20,Sarah Chen,PENDING,ESCALATE TO CCO,N/A,No,"Post-update-1 compliance sweep",CAMP-2026-001,Short video (<60s),No,No,No
SUPP-0688,@wellnesswithjenna,TikTok,2026-01-25,13:45:00,90970,12479,6.93,8856,432,192,118,46,64,920,"No disclosure (first post)",inadequate,post-content or absent,NON-COMPLIANT,"L. acidophilus NCFM for immune health (compliant - 2 human RCTs)",health_efficacy,Yes,§255.5,51744,2026-02-28,Jordan Ellis,OPEN,INFLUENCER NOTIFIED,N/A,No,"Supplemental audit batch March 2026",CAMP-2026-001,Long video (>60s),No,No,No
SUPP-0689,@cleanwellness,Instagram,2026-03-28,21:15:00,23958,6652,7.01,6700,324,185,114,50,106,865,"Verbal only (video)",adequate,pre-content,COMPLIANT,"Clinically demonstrated to enhance immunity (PROHIBITED: requires RCT for all ingredients)",health_efficacy,No,None,0,2026-03-28,Jordan Ellis,RESOLVED,NONE,2026-03-28,No,"Influencer remediation tracking",CAMP-2026-017,Carousel,No,Yes,No
SUPP-0690,@supplementspro,YouTube,2026-02-24,19:45:00,88275,36052,2.37,28398,2490,1278,540,193,1386,967,"Verbal only (video)",adequate,pre-content,COMPLIANT,"B. longum promotes digestive wellness (insufficient evidence - no human RCT)",health_efficacy,No,None,0,2026-03-27,Casey Park,RESOLVED,NONE,2026-03-28,No,"Influencer remediation tracking",CAMP-2026-017,Static image,No,Yes,No
SUPP-0691,@guthealth_guru,Twitter/X,2026-03-03,09:15:00,23946,9324,0.74,7733,455,48,264,83,367,457,"#sponsored in middle",inadequate,post-content or absent,NON-COMPLIANT,"Probiotic of choice for digestive health (compliant general claim)",general_wellness,Yes,§255.5,51744,2026-03-06,Casey Park,OPEN,ESCALATE TO CCO,N/A,No,"Quarterly disclosure audit",CAMP-2026-016,Reel,No,No,No
SUPP-0692,@digestive_digest,Facebook,2026-01-20,21:30:00,117276,56162,1.47,50045,1235,394,1019,536,527,8321,"#ad first hashtag",adequate,pre-content,COMPLIANT,"ProBio+ clinically studied for immunity (compliant phrasing)",general_wellness,Yes,None,0,2026-02-23,Casey Park,RESOLVED,NONE,2026-02-27,No,"Influencer remediation tracking",CAMP-2026-003,Short video (<60s),No,No,Yes
SUPP-0693,@guthealth_guru,LinkedIn,2026-02-23,13:30:00,77334,23931,7.01,17929,168,48,172,128,750,1540,"Paid collab sticker only",inadequate,post-content or absent,NON-COMPLIANT,"L. acidophilus NCFM for immune health (compliant - 2 human RCTs)",health_efficacy,Yes,§255.5,51744,2026-03-26,Alex Rivera (Ext.),IN_REVIEW,INFLUENCER NOTIFIED,N/A,No,"Post-CEO-retraction review round",CAMP-2026-001,Long video (>60s),No,No,No
SUPP-0694,@fitandfueled,Instagram,2026-01-10,07:00:00,22154,11192,4.31,10621,249,112,107,101,160,1542,"Platform Paid Partnership only",inadequate,post-content or absent,NON-COMPLIANT,"Doctor-Formulated for immunity (REQUIRES substantiation per revised audit letter)",general_wellness,No,§255.5,51744,2026-02-13,Alex Rivera (Ext.),IN_REVIEW,ESCALATE TO CCO,N/A,No,"Sarah Chen escalation review",CAMP-2026-006,Short video (<60s),Yes,No,No
SUPP-0695,@probiotic_life,Pinterest,2026-01-07,18:15:00,46362,10298,3.81,8360,317,57,133,106,211,680,"#ad first hashtag",adequate,pre-content,COMPLIANT,"Vitamin D3 supports immune function (compliant - RCT supported)",health_efficacy,Yes,None,0,2026-02-10,Sarah Chen,RESOLVED,NONE,2026-02-14,No,"Sarah Chen escalation review",CAMP-2026-016,Static image,No,No,Yes
SUPP-0696,@nourishednaturally,Instagram,2026-01-22,11:00:00,71954,34096,0.92,27068,1669,534,779,240,238,2482,"No disclosure (first post)",inadequate,post-content or absent,NON-COMPLIANT,"ProBio+ clinically studied for immunity (compliant phrasing)",general_wellness,Yes,§255.5,51744,2026-02-25,Sarah Chen,OPEN,MONITORING,N/A,No,"Post-update-1 compliance sweep",CAMP-2026-006,Carousel,No,No,No
SUPP-0697,@probiotic_life,Instagram,2026-01-14,11:45:00,84454,31478,5.6,30006,1313,512,576,53,925,1147,"#ad buried as last hashtag",inadequate,post-content or absent,NON-COMPLIANT,"Science-backed probiotic formula (compliant general claim)",general_wellness,Yes,§255.5,51744,2026-02-17,Sarah Chen,OPEN,MONITORING,N/A,No,"Post-update-1 compliance sweep",CAMP-2026-015,Live session,No,No,Yes
SUPP-0698,@probiotic_life,Pinterest,2026-01-10,13:30:00,44431,5711,5.15,6117,280,94,86,22,222,791,"#ad at post beginning",adequate,pre-content,COMPLIANT,"promising results in gut health (PROHIBITED: 'promising')",general_wellness,No,None,0,2026-02-13,Jordan Ellis,RESOLVED,NONE,2026-02-17,No,"Quarterly disclosure audit",CAMP-2026-014,Carousel,No,No,Yes
SUPP-0699,@immunity_insider,Instagram Stories,2026-01-10,14:45:00,105192,44714,6.84,42753,627,134,897,413,627,5029,"#ad first hashtag",adequate,pre-content,COMPLIANT,"supports gut microbiome balance (compliant)",general_wellness,Yes,None,0,2026-02-13,Casey Park,RESOLVED,NONE,2026-02-17,No,"Post-CEO-retraction review round",CAMP-2026-003,Static image,No,No,Yes
SUPP-0700,@probiotic_life,LinkedIn,2026-02-07,10:30:00,70326,24089,2.81,23194,264,81,396,280,785,3277,"#ad at post beginning",adequate,pre-content,COMPLIANT,"Gut health support tested in human trials (compliant)",general_wellness,Yes,None,0,2026-03-10,Casey Park,RESOLVED,NONE,2026-03-14,No,"Quarterly disclosure audit",CAMP-2026-013,Short video (<60s),No,No,Yes
SUPP-0701,@wellnesswithjenna,Twitter/X,2026-03-01,12:15:00,76020,18672,6.17,16185,465,222,533,272,326,2526,"FTC compliant verbal + text",adequate,pre-content,COMPLIANT,"initial pilot data shows gut improvement (PROHIBITED: 'initial' + 'pilot')",general_wellness,No,None,0,2026-03-04,Casey Park,RESOLVED,NONE,2026-03-08,No,"Influencer remediation tracking",CAMP-2026-007,Carousel,No,No,No
SUPP-0702,@holistic_health_hub,Pinterest,2026-01-04,09:15:00,113367,41700,0.83,30395,421,170,128,407,1203,2843,"#ad first hashtag",adequate,pre-content,COMPLIANT,"may help digestive comfort (PROHIBITED: 'may' + B. longum lacks RCT)",health_efficacy,No,None,0,2026-02-07,Jordan Ellis,RESOLVED,NONE,2026-02-11,No,"Influencer remediation tracking",CAMP-2026-015,Live session,No,No,Yes
SUPP-0703,@nourishednaturally,LinkedIn,2026-03-12,22:00:00,32970,16891,3.66,15348,160,89,140,72,472,1408,"Ad: at beginning",adequate,pre-content,COMPLIANT,"Doctor-Formulated for immunity (REQUIRES substantiation per revised audit letter)",general_wellness,No,None,0,2026-03-15,Casey Park,RESOLVED,NONE,2026-03-19,No,"Sarah Chen escalation review",CAMP-2026-005,Short video (<60s),No,No,Yes
SUPP-0704,@vitamindiary,TikTok,2026-03-15,15:30:00,89078,14140,2.17,12608,757,223,415,75,226,1881,"No disclosure (first post)",inadequate,post-content or absent,NON-COMPLIANT,"ProBio+ clinically studied for immunity (compliant phrasing)",general_wellness,Yes,§255.5,51744,2026-03-18,Sarah Chen,IN_REVIEW,UPDATE DISCLOSURE,N/A,No,"Casey Park pre-launch clearance",CAMP-2026-004,Live session,No,No,No
SUPP-0705,@guthealth_guru,Instagram,2026-03-16,21:30:00,71529,37412,5.27,31672,1296,585,161,426,992,5115,"No disclosure",inadequate,post-content or absent,NON-COMPLIANT,"Doctor recommended for gut wellness (REQUIRES expert disclosure §255.3)",general_wellness,No,§255.5,51744,2026-03-19,Casey Park,PENDING,CONTRACT UPDATED,N/A,No,"Influencer remediation tracking",CAMP-2026-011,Reel,No,No,No
SUPP-0706,@cleanwellness,Pinterest,2026-02-03,19:00:00,36179,14997,0.54,13185,269,108,283,132,261,1447,"Disclosure at post end",inadequate,post-content or absent,NON-COMPLIANT,"preliminary research suggests (PROHIBITED)",general_wellness,No,§255.5,51744,2026-03-06,Jordan Ellis,PENDING,UPDATE DISCLOSURE,N/A,No,"Influencer remediation tracking",CAMP-2026-007,Long video (>60s),No,No,No
SUPP-0707,@vitamindiary,Instagram,2026-01-28,20:45:00,77551,34518,1.22,34079,1158,199,277,465,90,4379,"Ad: at beginning",adequate,pre-content,COMPLIANT,"Science-backed probiotic formula (compliant general claim)",general_wellness,Yes,None,0,2026-02-28,Sarah Chen,RESOLVED,NONE,2026-02-28,No,"Quarterly disclosure audit",CAMP-2026-005,Short video (<60s),No,No,Yes
SUPP-0708,@holistic_health_hub,Instagram Stories,2026-01-28,19:00:00,29180,15454,6.98,12616,120,25,192,42,299,954,"Disclosure at post end",inadequate,post-content or absent,NON-COMPLIANT,"Results Not Typical disclaimer applies (OBSOLETE safe harbor - abolished 2009)",general_wellness,No,§255.5,51744,2026-02-28,Sarah Chen,PENDING,REMOVE CLAIM,N/A,No,"Sarah Chen escalation review",CAMP-2026-002,Short video (<60s),No,No,No
SUPP-0709,@fitandfueled,Instagram,2026-01-22,23:30:00,108030,41012,5.39,29191,1144,300,475,609,1161,4314,"No disclosure",inadequate,post-content or absent,NON-COMPLIANT,"Clinically demonstrated to enhance immunity (PROHIBITED: requires RCT for all ingredients)",health_efficacy,No,§255.5,51744,2026-02-25,Casey Park,IN_REVIEW,UPDATE DISCLOSURE,N/A,No,"Casey Park pre-launch clearance",CAMP-2026-008,Live session,No,No,No
SUPP-0710,@holistic_health_hub,Reels,2026-03-02,21:30:00,64181,13026,1.36,11155,474,77,207,127,27,1247,"No disclosure",inadequate,post-content or absent,NON-COMPLIANT,"L. acidophilus NCFM for immune health (compliant - 2 human RCTs)",health_efficacy,Yes,§255.5,51744,2026-03-05,Casey Park,OPEN,COMPLIANT - NO ACTION,N/A,No,"Post-update-1 compliance sweep",CAMP-2026-001,Static image,No,No,No
SUPP-0711,@nutriscience,TikTok,2026-03-13,19:30:00,112862,34784,6.26,27717,562,203,694,355,769,4875,"#ad first hashtag",adequate,pre-content,COMPLIANT,"supports gut microbiome balance (compliant)",general_wellness,Yes,None,0,2026-03-16,Sarah Chen,RESOLVED,NONE,2026-03-20,No,"Supplemental audit batch March 2026",CAMP-2026-009,Reel,No,No,Yes
SUPP-0712,@immunity_insider,TikTok,2026-03-19,10:00:00,32034,5339,1.69,4998,422,169,72,46,178,726,"Disclosure at post end",inadequate,post-content or absent,NON-COMPLIANT,"supports gut microbiome balance (compliant)",general_wellness,Yes,§255.5,51744,2026-03-22,Sarah Chen,PENDING,OBTAIN LEGAL REVIEW,N/A,No,"Casey Park pre-launch clearance",CAMP-2026-006,Reel,No,No,No
SUPP-0713,@immunity_insider,TikTok,2026-02-27,12:00:00,87469,11194,2.62,8422,183,101,109,77,336,1221,"No disclosure (first post)",inadequate,post-content or absent,NON-COMPLIANT,"No health claim made (compliant)",general_wellness,Yes,§255.5,51744,2026-03-28,Jordan Ellis,IN_REVIEW,ESCALATE TO CCO,N/A,No,"Post-update-1 compliance sweep",CAMP-2026-009,Short video (<60s),No,No,No
SUPP-0714,@digestive_digest,Reels,2026-01-13,11:15:00,16314,4129,6.38,3251,54,6,58,8,98,212,"Disclosure in bio only",inadequate,post-content or absent,NON-COMPLIANT,"Helps strengthen immunity (PROHIBITED: 'helps')",general_wellness,No,§255.5,51744,2026-02-16,Alex Rivera (Ext.),IN_REVIEW,CONTRACT UPDATED,N/A,No,"Quarterly disclosure audit",CAMP-2026-002,Podcast mention,No,No,No
SUPP-0715,@nourishednaturally,Reels,2026-03-13,11:30:00,69740,29688,2.42,25664,1108,115,315,406,439,725,"AD text overlay (video)",inadequate,post-content or absent,NON-COMPLIANT,"ProBio+ clinically studied for immunity (compliant phrasing)",general_wellness,Yes,§255.5,51744,2026-03-16,Alex Rivera (Ext.),IN_REVIEW,COMPLIANT - NO ACTION,N/A,No,"Influencer remediation tracking",CAMP-2026-016,Reel,No,No,No
SUPP-0716,@supplementspro,Snapchat,2026-03-24,20:15:00,70300,20826,2.81,20146,1027,595,213,140,258,963,"#ad at post beginning",adequate,pre-content,COMPLIANT,"Results Not Typical disclaimer applies (OBSOLETE safe harbor - abolished 2009)",general_wellness,No,None,0,2026-03-27,Alex Rivera (Ext.),RESOLVED,NONE,2026-03-28,No,"Influencer remediation tracking",CAMP-2026-008,Blog post,No,No,Yes
SUPP-0717,@guthealth_guru,Instagram,2026-03-25,19:45:00,98198,43478,6.25,37549,648,80,259,399,1394,3079,"Platform Paid Partnership only",inadequate,post-content or absent,NON-COMPLIANT,"promising results in gut health (PROHIBITED: 'promising')",general_wellness,No,§255.5,51744,2026-03-28,Sarah Chen,OPEN,ESCALATE TO CCO,N/A,No,"Sarah Chen escalation review",CAMP-2026-015,Static image,Yes,No,No
SUPP-0718,@digestive_digest,TikTok,2026-03-22,23:15:00,98515,39341,6.4,38483,628,120,1071,187,426,4026,"Disclosure in bio only",inadequate,post-content or absent,NON-COMPLIANT,"Doctor recommended for gut wellness (REQUIRES expert disclosure §255.3)",general_wellness,No,§255.5,51744,2026-03-25,Sarah Chen,IN_REVIEW,ESCALATE TO CCO,N/A,No,"Quarterly disclosure audit",CAMP-2026-005,Reel,No,No,No
SUPP-0719,@vitalitycoach,Pinterest,2026-03-03,23:15:00,86376,30266,3.46,28003,1989,885,309,331,761,3775,"#ad first hashtag",adequate,pre-content,COMPLIANT,"Science-backed probiotic formula (compliant general claim)",general_wellness,Yes,None,0,2026-03-06,Jordan Ellis,RESOLVED,NONE,2026-03-10,No,"Casey Park pre-launch clearance",CAMP-2026-014,Blog post,No,No,Yes
SUPP-0720,@nourishednaturally,Pinterest,2026-01-15,07:45:00,105137,22132,1.12,22984,834,490,482,147,92,2436,"Verbal only (video)",adequate,pre-content,COMPLIANT,"Gut health support tested in human trials (compliant)",general_wellness,Yes,None,0,2026-02-18,Alex Rivera (Ext.),RESOLVED,NONE,2026-02-22,No,"Sarah Chen escalation review",CAMP-2026-015,Story,No,Yes,No
SUPP-0721,@guthealth_guru,YouTube,2026-01-19,16:00:00,16142,7265,7.01,6852,290,158,50,46,174,556,"#gifted in hashtags",inadequate,post-content or absent,NON-COMPLIANT,"initial pilot data shows gut improvement (PROHIBITED: 'initial' + 'pilot')",general_wellness,No,§255.5,51744,2026-02-22,Jordan Ellis,IN_REVIEW,REMOVE CLAIM,N/A,No,"Sarah Chen escalation review",CAMP-2026-013,Story,No,No,No
SUPP-0722,@vitalitycoach,Twitter/X,2026-01-28,13:45:00,11228,5740,4.18,5100,353,195,7,39,22,340,"No disclosure (first post)",inadequate,post-content or absent,NON-COMPLIANT,"initial pilot data shows gut improvement (PROHIBITED: 'initial' + 'pilot')",general_wellness,No,§255.5,51744,2026-02-28,Alex Rivera (Ext.),OPEN,ESCALATE TO CCO,N/A,No,"Casey Park pre-launch clearance",CAMP-2026-002,Podcast mention,No,No,No
SUPP-0723,@probiotic_life,Instagram Stories,2026-01-28,09:15:00,109158,45567,2.79,47746,3104,538,651,552,721,2751,"Paid collab sticker only",inadequate,post-content or absent,NON-COMPLIANT,"ProBio+ clinically studied for immunity (compliant phrasing)",general_wellness,Yes,§255.5,51744,2026-02-28,Casey Park,OPEN,MONITORING,N/A,No,"Quarterly disclosure audit",CAMP-2026-004,Static image,No,No,No
SUPP-0724,@cleanwellness,LinkedIn,2026-02-12,11:30:00,45630,7051,6.67,6069,338,168,92,50,140,980,"#ad buried as last hashtag",inadequate,post-content or absent,NON-COMPLIANT,"Gut health support tested in human trials (compliant)",general_wellness,Yes,§255.5,51744,2026-03-15,Sarah Chen,IN_REVIEW,UPDATE DISCLOSURE,N/A,No,"Casey Park pre-launch clearance",CAMP-2026-007,Reel,No,No,Yes
SUPP-0725,@microbiome_maven,Reels,2026-02-26,14:45:00,42259,19090,1.84,19174,526,287,244,83,368,1404,"No disclosure",inadequate,post-content or absent,NON-COMPLIANT,"Gut health support tested in human trials (compliant)",general_wellness,Yes,§255.5,51744,2026-03-28,Jordan Ellis,PENDING,CONTRACT UPDATED,N/A,No,"Casey Park pre-launch clearance",CAMP-2026-018,Story,No,No,No
SUPP-0726,@probiotic_life,YouTube,2026-03-17,09:00:00,29989,12564,4.88,13797,597,228,350,51,473,861,"No disclosure (first post)",inadequate,post-content or absent,NON-COMPLIANT,"promising results in gut health (PROHIBITED: 'promising')",general_wellness,No,§255.5,51744,2026-03-20,Alex Rivera (Ext.),PENDING,ESCALATE TO CCO,N/A,No,"Post-update-1 compliance sweep",CAMP-2026-016,Podcast mention,No,No,No
SUPP-0727,@nourishednaturally,Facebook,2026-02-09,09:30:00,54850,12542,7.46,9686,875,253,126,102,120,839,"Ad: at beginning",adequate,pre-content,COMPLIANT,"No health claim made (compliant)",general_wellness,Yes,None,0,2026-03-12,Sarah Chen,RESOLVED,NONE,2026-03-16,No,"Quarterly disclosure audit",CAMP-2026-016,Short video (<60s),No,No,Yes
SUPP-0728,@cleanwellness,LinkedIn,2026-01-20,21:30:00,85102,21674,7.17,23045,1167,461,225,132,359,2612,"#ad first hashtag",adequate,pre-content,COMPLIANT,"supports gut microbiome balance (compliant)",general_wellness,Yes,None,0,2026-02-23,Sarah Chen,RESOLVED,NONE,2026-02-27,No,"Quarterly disclosure audit",CAMP-2026-007,Carousel,No,No,Yes
SUPP-0729,@nourishednaturally,Pinterest,2026-03-21,21:00:00,76731,12378,4.52,12907,643,362,223,34,171,767,"No disclosure (first post)",inadequate,post-content or absent,NON-COMPLIANT,"promising results in gut health (PROHIBITED: 'promising')",general_wellness,No,§255.5,51744,2026-03-24,Alex Rivera (Ext.),IN_REVIEW,REMOVE CLAIM,N/A,No,"Supplemental audit batch March 2026",CAMP-2026-018,Story,No,No,No
SUPP-0730,@digestive_digest,Facebook,2026-01-11,15:30:00,78178,9249,2.93,10012,57,14,23,127,329,395,"#ad first hashtag",adequate,pre-content,COMPLIANT,"may help digestive comfort (PROHIBITED: 'may' + B. longum lacks RCT)",health_efficacy,No,None,0,2026-02-14,Sarah Chen,RESOLVED,NONE,2026-02-18,No,"Sarah Chen escalation review",CAMP-2026-003,Blog post,No,No,Yes
SUPP-0731,@nutriscience,LinkedIn,2026-03-12,10:45:00,34427,7529,4.88,7440,484,95,210,37,202,223,"#ad at post beginning",adequate,pre-content,COMPLIANT,"promising results in gut health (PROHIBITED: 'promising')",general_wellness,No,None,0,2026-03-15,Alex Rivera (Ext.),RESOLVED,NONE,2026-03-19,No,"Casey Park pre-launch clearance",CAMP-2026-004,Story,No,No,Yes
SUPP-0732,@nutriscience,Reels,2026-01-26,07:30:00,111179,57212,2.12,45926,3924,2176,624,541,2245,6918,"#gifted in hashtags",inadequate,post-content or absent,NON-COMPLIANT,"Gut health support tested in human trials (compliant)",general_wellness,Yes,§255.5,51744,2026-02-28,Sarah Chen,PENDING,UPDATE DISCLOSURE,N/A,No,"Casey Park pre-launch clearance",CAMP-2026-005,Long video (>60s),No,No,No
SUPP-0733,@immunity_insider,Instagram,2026-03-08,21:30:00,47457,25586,0.83,27652,1016,397,646,309,520,2019,"#ad first hashtag",adequate,pre-content,COMPLIANT,"Doctor recommended for gut wellness (REQUIRES expert disclosure §255.3)",general_wellness,No,None,0,2026-03-11,Jordan Ellis,RESOLVED,NONE,2026-03-15,No,"Post-update-1 compliance sweep",CAMP-2026-012,Carousel,No,No,Yes
SUPP-0734,@probiotic_life,Instagram,2026-01-19,07:00:00,99453,50278,3.97,42255,1911,542,300,570,1635,1919,"#sponsored in middle",inadequate,post-content or absent,NON-COMPLIANT,"ProBio+ clinically studied for immunity (compliant phrasing)",general_wellness,Yes,§255.5,51744,2026-02-22,Jordan Ellis,IN_REVIEW,CONTRACT UPDATED,N/A,No,"Post-CEO-retraction review round",CAMP-2026-006,Reel,No,No,No
SUPP-0735,@microbiome_maven,LinkedIn,2026-03-21,22:45:00,45306,10221,5.89,8989,123,67,176,109,224,293,"Disclosure at post end",inadequate,post-content or absent,NON-COMPLIANT,"Probiotic of choice for digestive health (compliant general claim)",general_wellness,Yes,§255.5,51744,2026-03-24,Alex Rivera (Ext.),OPEN,ESCALATE TO CCO,N/A,No,"Supplemental audit batch March 2026",CAMP-2026-009,Reel,No,No,No
SUPP-0736,@holistic_health_hub,Reels,2026-03-24,14:30:00,106157,22142,3.48,23082,343,73,425,153,371,1442,"#ad at post beginning",adequate,pre-content,COMPLIANT,"may help digestive comfort (PROHIBITED: 'may' + B. longum lacks RCT)",health_efficacy,No,None,0,2026-03-27,Jordan Ellis,RESOLVED,NONE,2026-03-28,No,"Post-CEO-retraction review round",CAMP-2026-016,Short video (<60s),No,No,Yes
SUPP-0737,@supplementspro,Twitter/X,2026-01-10,10:15:00,107543,34879,1.56,31515,759,429,379,52,891,1294,"Platform Paid Partnership only",inadequate,post-content or absent,NON-COMPLIANT,"Helps strengthen immunity (PROHIBITED: 'helps')",general_wellness,No,§255.5,51744,2026-02-13,Alex Rivera (Ext.),PENDING,INFLUENCER NOTIFIED,N/A,No,"Post-CEO-retraction review round",CAMP-2026-003,Reel,Yes,No,No
SUPP-0738,@vitalitycoach,YouTube,2026-03-03,15:15:00,105055,40594,1.31,30097,425,67,968,409,205,3913,"Paid collab sticker only",inadequate,post-content or absent,NON-COMPLIANT,"L. acidophilus NCFM for immune health (compliant - 2 human RCTs)",health_efficacy,Yes,§255.5,51744,2026-03-06,Alex Rivera (Ext.),PENDING,UPDATE DISCLOSURE,N/A,No,"Post-update-1 compliance sweep",CAMP-2026-007,Blog post,No,No,No
SUPP-0739,@immunity_insider,Instagram,2026-01-24,08:00:00,34972,7668,7.32,5423,378,76,11,65,138,567,"Disclosure in bio only",inadequate,post-content or absent,NON-COMPLIANT,"Science-backed probiotic formula (compliant general claim)",general_wellness,Yes,§255.5,51744,2026-02-27,Sarah Chen,OPEN,CONTRACT UPDATED,N/A,No,"Sarah Chen escalation review",CAMP-2026-009,Reel,No,No,No
SUPP-0740,@probiotic_life,Facebook,2026-02-26,17:45:00,24014,11379,3.25,8077,483,174,135,17,144,1193,"Ad: at beginning",adequate,pre-content,COMPLIANT,"Results Not Typical disclaimer applies (OBSOLETE safe harbor - abolished 2009)",general_wellness,No,None,0,2026-03-28,Sarah Chen,RESOLVED,NONE,2026-03-28,No,"Quarterly disclosure audit",CAMP-2026-006,Short video (<60s),No,No,Yes
SUPP-0741,@nutriscience,Facebook,2026-02-28,07:00:00,115658,53550,3.87,40727,3980,797,207,747,1071,7186,"#sponsored in middle",inadequate,post-content or absent,NON-COMPLIANT,"Doctor-Formulated for immunity (REQUIRES substantiation per revised audit letter)",general_wellness,No,§255.5,51744,2026-03-28,Sarah Chen,IN_REVIEW,CONTRACT UPDATED,N/A,No,"Post-update-1 compliance sweep",CAMP-2026-001,Live session,No,No,No
SUPP-0742,@immunity_insider,Twitter/X,2026-03-19,12:30:00,93807,20674,5.38,21080,1351,185,77,122,151,1456,"Verbal only (video)",adequate,pre-content,COMPLIANT,"promising results in gut health (PROHIBITED: 'promising')",general_wellness,No,None,0,2026-03-22,Sarah Chen,RESOLVED,NONE,2026-03-26,No,"Sarah Chen escalation review",CAMP-2026-018,Blog post,No,Yes,No
SUPP-0743,@guthealth_guru,Instagram,2026-03-02,20:15:00,105026,42390,1.93,43304,2389,340,1092,235,305,4609,"No disclosure (first post)",inadequate,post-content or absent,NON-COMPLIANT,"L. acidophilus NCFM for immune health (compliant - 2 human RCTs)",health_efficacy,Yes,§255.5,51744,2026-03-05,Casey Park,PENDING,COMPLIANT - NO ACTION,N/A,No,"Casey Park pre-launch clearance",CAMP-2026-011,Live session,No,No,No
SUPP-0744,@microbiome_maven,LinkedIn,2026-02-06,18:30:00,28872,13841,2.07,15013,1001,555,316,23,35,343,"Platform Paid Partnership only",inadequate,post-content or absent,NON-COMPLIANT,"B. longum promotes digestive wellness (insufficient evidence - no human RCT)",health_efficacy,No,§255.5,51744,2026-03-09,Casey Park,IN_REVIEW,COMPLIANT - NO ACTION,N/A,No,"Casey Park pre-launch clearance",CAMP-2026-016,Live session,Yes,No,No
SUPP-0745,@cleanwellness,YouTube,2026-01-06,12:00:00,42523,8341,5.75,6281,382,199,86,35,97,1077,"Verbal only (video)",adequate,pre-content,COMPLIANT,"promising results in gut health (PROHIBITED: 'promising')",general_wellness,No,None,0,2026-02-09,Jordan Ellis,RESOLVED,NONE,2026-02-13,No,"Influencer remediation tracking",CAMP-2026-001,Reel,No,Yes,No
SUPP-0746,@nutriscience,Snapchat,2026-01-07,17:30:00,119429,21497,1.13,18656,1048,535,606,215,724,2838,"No disclosure (first post)",inadequate,post-content or absent,NON-COMPLIANT,"initial pilot data shows gut improvement (PROHIBITED: 'initial' + 'pilot')",general_wellness,No,§255.5,51744,2026-02-10,Jordan Ellis,IN_REVIEW,ESCALATE TO CCO,N/A,No,"Post-CEO-retraction review round",CAMP-2026-019,Long video (>60s),No,No,No
SUPP-0747,@wellnesswithjenna,Twitter/X,2026-02-14,13:00:00,28343,8937,4.14,7567,588,290,80,22,112,973,"FTC compliant verbal + text",adequate,pre-content,COMPLIANT,"may help digestive comfort (PROHIBITED: 'may' + B. longum lacks RCT)",health_efficacy,No,None,0,2026-03-17,Jordan Ellis,RESOLVED,NONE,2026-03-21,No,"Post-CEO-retraction review round",CAMP-2026-015,Carousel,No,No,No
SUPP-0748,@wellnesswithjenna,Reels,2026-02-16,22:15:00,34986,15461,6.19,16854,367,181,20,182,212,1650,"AD text overlay (video)",inadequate,post-content or absent,NON-COMPLIANT,"Clinically demonstrated to enhance immunity (PROHIBITED: requires RCT for all ingredients)",health_efficacy,No,§255.5,51744,2026-03-19,Alex Rivera (Ext.),PENDING,MONITORING,N/A,No,"Casey Park pre-launch clearance",CAMP-2026-010,Carousel,No,No,No
SUPP-0749,@vitamindiary,Reels,2026-01-16,08:45:00,99528,23006,5.04,17056,1113,384,178,129,156,1967,"AD text overlay (video)",inadequate,post-content or absent,NON-COMPLIANT,"Helps strengthen immunity (PROHIBITED: 'helps')",general_wellness,No,§255.5,51744,2026-02-19,Sarah Chen,PENDING,OBTAIN LEGAL REVIEW,N/A,No,"Post-CEO-retraction review round",CAMP-2026-009,Blog post,No,No,No
SUPP-0750,@vitalitycoach,Instagram Stories,2026-01-06,09:45:00,36916,11265,4.04,10186,730,247,175,25,153,1487,"#sponsored in middle",inadequate,post-content or absent,NON-COMPLIANT,"B. longum promotes digestive wellness (insufficient evidence - no human RCT)",health_efficacy,No,§255.5,51744,2026-02-09,Sarah Chen,IN_REVIEW,REMOVE CLAIM,N/A,No,"Influencer remediation tracking",CAMP-2026-008,Reel,No,No,No
SUPP-0751,@holistic_health_hub,TikTok,2026-02-03,15:30:00,50342,7121,2.79,7293,202,37,196,57,258,371,"AD text overlay (video)",inadequate,post-content or absent,NON-COMPLIANT,"supports gut microbiome balance (compliant)",general_wellness,Yes,§255.5,51744,2026-03-06,Alex Rivera (Ext.),OPEN,MONITORING,N/A,No,"Supplemental audit batch March 2026",CAMP-2026-001,Long video (>60s),No,No,No
SUPP-0752,@vitamindiary,Facebook,2026-02-17,20:45:00,65912,16351,3.14,13129,282,89,266,209,65,1169,"No disclosure (first post)",inadequate,post-content or absent,NON-COMPLIANT,"B. longum promotes digestive wellness (insufficient evidence - no human RCT)",health_efficacy,No,§255.5,51744,2026-03-20,Alex Rivera (Ext.),OPEN,COMPLIANT - NO ACTION,N/A,No,"Sarah Chen escalation review",CAMP-2026-005,Story,No,No,No
SUPP-0753,@probiotic_life,Facebook,2026-03-27,13:15:00,19007,3203,4.49,2891,205,45,64,35,21,69,"No disclosure (first post)",inadequate,post-content or absent,NON-COMPLIANT,"supports gut microbiome balance (compliant)",general_wellness,Yes,§255.5,51744,2026-03-28,Casey Park,OPEN,REMOVE CLAIM,N/A,No,"Supplemental audit batch March 2026",CAMP-2026-015,Long video (>60s),No,No,No
SUPP-0754,@wellnesswithjenna,Reels,2026-03-03,08:00:00,110800,38147,2.52,33355,931,393,685,234,77,4663,"#ad at post beginning",adequate,pre-content,COMPLIANT,"No health claim made (compliant)",general_wellness,Yes,None,0,2026-03-06,Sarah Chen,RESOLVED,NONE,2026-03-10,No,"Post-CEO-retraction review round",CAMP-2026-005,Podcast mention,No,No,Yes
SUPP-0755,@vitamindiary,Instagram,2026-03-21,10:00:00,58853,24891,5.18,23509,783,356,380,265,233,1030,"#ad buried as last hashtag",inadequate,post-content or absent,NON-COMPLIANT,"Doctor recommended for gut wellness (REQUIRES expert disclosure §255.3)",general_wellness,No,§255.5,51744,2026-03-24,Jordan Ellis,OPEN,OBTAIN LEGAL REVIEW,N/A,No,"Supplemental audit batch March 2026",CAMP-2026-009,Live session,No,No,Yes
SUPP-0756,@guthealth_guru,Instagram,2026-02-14,16:00:00,56329,20343,5.33,16583,298,120,302,191,490,451,"#ad buried as last hashtag",inadequate,post-content or absent,NON-COMPLIANT,"may help immune function (PROHIBITED: 'may')",health_efficacy,No,§255.5,51744,2026-03-17,Alex Rivera (Ext.),IN_REVIEW,REMOVE CLAIM,N/A,No,"Quarterly disclosure audit",CAMP-2026-003,Static image,No,No,Yes
SUPP-0757,@digestive_digest,LinkedIn,2026-02-19,21:15:00,20438,6696,1.86,6860,172,68,143,36,85,583,"#sponsored in middle",inadequate,post-content or absent,NON-COMPLIANT,"Doctor recommended for gut wellness (REQUIRES expert disclosure §255.3)",general_wellness,No,§255.5,51744,2026-03-22,Alex Rivera (Ext.),IN_REVIEW,CONTRACT UPDATED,N/A,No,"Post-update-1 compliance sweep",CAMP-2026-018,Podcast mention,No,No,No
SUPP-0758,@holistic_health_hub,Pinterest,2026-02-07,17:00:00,94677,31198,6.32,31329,1702,964,258,230,279,2728,"#gifted in hashtags",inadequate,post-content or absent,NON-COMPLIANT,"Helps strengthen immunity (PROHIBITED: 'helps')",general_wellness,No,§255.5,51744,2026-03-10,Jordan Ellis,IN_REVIEW,REMOVE CLAIM,N/A,No,"Post-CEO-retraction review round",CAMP-2026-015,Podcast mention,No,No,No
SUPP-0759,@nutriscience,LinkedIn,2026-03-07,08:45:00,93548,38757,6.22,36757,403,183,800,336,206,4248,"Disclosure in bio only",inadequate,post-content or absent,NON-COMPLIANT,"Clinically demonstrated to enhance immunity (PROHIBITED: requires RCT for all ingredients)",health_efficacy,No,§255.5,51744,2026-03-10,Casey Park,IN_REVIEW,REMOVE CLAIM,N/A,No,"Casey Park pre-launch clearance",CAMP-2026-008,Story,No,No,No
SUPP-0760,@guthealth_guru,Snapchat,2026-02-24,17:00:00,32571,14262,4.86,11546,837,88,325,195,183,1919,"#sponsored in middle",inadequate,post-content or absent,NON-COMPLIANT,"B. longum promotes digestive wellness (insufficient evidence - no human RCT)",health_efficacy,No,§255.5,51744,2026-03-27,Sarah Chen,PENDING,UPDATE DISCLOSURE,N/A,No,"Quarterly disclosure audit",CAMP-2026-005,Long video (>60s),No,No,No
SUPP-0761,@microbiome_maven,Instagram Stories,2026-03-17,17:45:00,94582,50718,4.71,54320,727,271,404,248,969,6789,"Disclosure in bio only",inadequate,post-content or absent,NON-COMPLIANT,"initial pilot data shows gut improvement (PROHIBITED: 'initial' + 'pilot')",general_wellness,No,§255.5,51744,2026-03-20,Sarah Chen,PENDING,REMOVE CLAIM,N/A,No,"Post-update-1 compliance sweep",CAMP-2026-001,Reel,No,No,No
SUPP-0762,@vitamindiary,Twitter/X,2026-03-01,18:15:00,62980,10858,7.26,8261,581,65,227,61,74,1241,"Platform Paid Partnership only",inadequate,post-content or absent,NON-COMPLIANT,"Results Not Typical disclaimer applies (OBSOLETE safe harbor - abolished 2009)",general_wellness,No,§255.5,51744,2026-03-04,Casey Park,OPEN,OBTAIN LEGAL REVIEW,N/A,No,"Quarterly disclosure audit",CAMP-2026-016,Blog post,Yes,No,No
SUPP-0763,@vitamindiary,Instagram,2026-02-07,10:15:00,82006,19824,2.12,14423,1518,634,580,170,60,1294,"Disclosure at post end",inadequate,post-content or absent,NON-COMPLIANT,"L. acidophilus NCFM for immune health (compliant - 2 human RCTs)",health_efficacy,Yes,§255.5,51744,2026-03-10,Casey Park,PENDING,MONITORING,N/A,No,"Casey Park pre-launch clearance",CAMP-2026-004,Long video (>60s),No,No,No
SUPP-0764,@probiotic_life,LinkedIn,2026-02-02,12:45:00,90821,18145,1.95,19936,536,216,485,217,342,420,"Ad: at beginning",adequate,pre-content,COMPLIANT,"initial pilot data shows gut improvement (PROHIBITED: 'initial' + 'pilot')",general_wellness,No,None,0,2026-03-05,Casey Park,RESOLVED,NONE,2026-03-09,No,"Post-update-1 compliance sweep",CAMP-2026-017,Podcast mention,No,No,Yes
SUPP-0765,@digestive_digest,Facebook,2026-01-01,15:15:00,41722,15543,2.6,15456,141,67,347,191,206,434,"Disclosure at post end",inadequate,post-content or absent,NON-COMPLIANT,"L. acidophilus NCFM for immune health (compliant - 2 human RCTs)",health_efficacy,Yes,§255.5,51744,2026-02-04,Sarah Chen,IN_REVIEW,COMPLIANT - NO ACTION,N/A,No,"Influencer remediation tracking",CAMP-2026-002,Long video (>60s),No,No,No
SUPP-0766,@nutriscience,Twitter/X,2026-02-07,16:15:00,117585,26738,4.13,25332,197,106,735,299,286,1608,"#sponsored in middle",inadequate,post-content or absent,NON-COMPLIANT,"Science-backed probiotic formula (compliant general claim)",general_wellness,Yes,§255.5,51744,2026-03-10,Casey Park,OPEN,ESCALATE TO CCO,N/A,No,"Post-CEO-retraction review round",CAMP-2026-014,Carousel,No,No,No
SUPP-0767,@vitamindiary,LinkedIn,2026-02-16,19:30:00,18210,6482,6.09,6056,245,107,145,48,128,507,"No disclosure (first post)",inadequate,post-content or absent,NON-COMPLIANT,"L. acidophilus NCFM for immune health (compliant - 2 human RCTs)",health_efficacy,Yes,§255.5,51744,2026-03-19,Jordan Ellis,OPEN,UPDATE DISCLOSURE,N/A,No,"Post-update-1 compliance sweep",CAMP-2026-003,Story,No,No,No
SUPP-0768,@microbiome_maven,Pinterest,2026-01-27,09:15:00,81591,27005,2.72,20493,877,204,330,369,289,888,"No disclosure (first post)",inadequate,post-content or absent,NON-COMPLIANT,"may help immune function (PROHIBITED: 'may')",health_efficacy,No,§255.5,51744,2026-02-28,Casey Park,IN_REVIEW,COMPLIANT - NO ACTION,N/A,No,"Post-CEO-retraction review round",CAMP-2026-008,Live session,No,No,No
SUPP-0769,@immunity_insider,Reels,2026-02-11,17:15:00,42830,20474,5.24,17359,460,197,326,225,665,2632,"Disclosure at post end",inadequate,post-content or absent,NON-COMPLIANT,"Helps strengthen immunity (PROHIBITED: 'helps')",general_wellness,No,§255.5,51744,2026-03-14,Alex Rivera (Ext.),OPEN,INFLUENCER NOTIFIED,N/A,No,"Post-CEO-retraction review round",CAMP-2026-017,Short video (<60s),No,No,No
SUPP-0770,@vitamindiary,Facebook,2026-01-16,17:15:00,104528,24136,7.06,22048,243,43,490,150,308,3302,"#sponsored in middle",inadequate,post-content or absent,NON-COMPLIANT,"Helps strengthen immunity (PROHIBITED: 'helps')",general_wellness,No,§255.5,51744,2026-02-19,Jordan Ellis,PENDING,INFLUENCER NOTIFIED,N/A,No,"Quarterly disclosure audit",CAMP-2026-019,Live session,No,No,No
SUPP-0771,@immunity_insider,Instagram,2026-02-07,16:15:00,76056,41152,4.82,42969,2976,1653,686,514,269,2321,"Verbal only (video)",adequate,pre-content,COMPLIANT,"Doctor-Formulated for immunity (REQUIRES substantiation per revised audit letter)",general_wellness,No,None,0,2026-03-10,Jordan Ellis,RESOLVED,NONE,2026-03-14,No,"Post-CEO-retraction review round",CAMP-2026-010,Carousel,No,Yes,No
SUPP-0772,@probiotic_life,Snapchat,2026-01-25,14:45:00,80447,41917,5.98,30512,2466,876,307,88,1046,1905,"Ad: at beginning",adequate,pre-content,COMPLIANT,"Results Not Typical disclaimer applies (OBSOLETE safe harbor - abolished 2009)",general_wellness,No,None,0,2026-02-28,Casey Park,RESOLVED,NONE,2026-02-28,No,"Sarah Chen escalation review",CAMP-2026-016,Podcast mention,No,No,Yes
SUPP-0773,@digestive_digest,TikTok,2026-01-13,09:00:00,84837,12617,1.13,13793,291,65,109,184,433,1743,"#ad buried as last hashtag",inadequate,post-content or absent,NON-COMPLIANT,"Gut health support tested in human trials (compliant)",general_wellness,Yes,§255.5,51744,2026-02-16,Sarah Chen,IN_REVIEW,REMOVE CLAIM,N/A,No,"Post-update-1 compliance sweep",CAMP-2026-001,Blog post,No,No,Yes
SUPP-0774,@vitamindiary,Snapchat,2026-02-16,16:00:00,21148,7646,5.41,6323,83,28,89,106,73,555,"No disclosure",inadequate,post-content or absent,NON-COMPLIANT,"Vitamin D3 supports immune function (compliant - RCT supported)",health_efficacy,Yes,§255.5,51744,2026-03-19,Jordan Ellis,OPEN,OBTAIN LEGAL REVIEW,N/A,No,"Quarterly disclosure audit",CAMP-2026-017,Blog post,No,No,No
SUPP-0775,@holistic_health_hub,YouTube,2026-01-03,14:45:00,54150,11219,7.29,10896,141,52,106,85,24,784,"Disclosure in bio only",inadequate,post-content or absent,NON-COMPLIANT,"L. acidophilus NCFM for immune health (compliant - 2 human RCTs)",health_efficacy,Yes,§255.5,51744,2026-02-06,Alex Rivera (Ext.),OPEN,OBTAIN LEGAL REVIEW,N/A,No,"Post-CEO-retraction review round",CAMP-2026-015,Story,No,No,No
SUPP-0776,@vitalitycoach,Twitter/X,2026-02-21,14:30:00,89546,48438,6.99,51206,350,127,1134,70,853,3756,"#ad first hashtag",adequate,pre-content,COMPLIANT,"initial pilot data shows gut improvement (PROHIBITED: 'initial' + 'pilot')",general_wellness,No,None,0,2026-03-24,Jordan Ellis,RESOLVED,NONE,2026-03-28,No,"Post-update-1 compliance sweep",CAMP-2026-014,Short video (<60s),No,No,Yes
SUPP-0777,@holistic_health_hub,LinkedIn,2026-03-08,09:15:00,37017,5207,5.19,5383,398,71,95,28,145,112,"Platform Paid Partnership only",inadequate,post-content or absent,NON-COMPLIANT,"Helps strengthen immunity (PROHIBITED: 'helps')",general_wellness,No,§255.5,51744,2026-03-11,Jordan Ellis,PENDING,COMPLIANT - NO ACTION,N/A,No,"Quarterly disclosure audit",CAMP-2026-016,Reel,Yes,No,No
SUPP-0778,@vitalitycoach,Snapchat,2026-02-18,19:30:00,95352,21475,7.27,22992,1413,847,278,42,800,2414,"Platform Paid Partnership only",inadequate,post-content or absent,NON-COMPLIANT,"Supports immune health (compliant with RCT)",health_efficacy,Yes,§255.5,51744,2026-03-21,Sarah Chen,IN_REVIEW,MONITORING,N/A,No,"Post-CEO-retraction review round",CAMP-2026-012,Carousel,Yes,No,No
SUPP-0779,@probiotic_life,LinkedIn,2026-03-11,13:30:00,19359,2648,6.02,1925,50,8,32,33,79,76,"#ad buried as last hashtag",inadequate,post-content or absent,NON-COMPLIANT,"B. longum promotes digestive wellness (insufficient evidence - no human RCT)",health_efficacy,No,§255.5,51744,2026-03-14,Casey Park,OPEN,UPDATE DISCLOSURE,N/A,No,"Sarah Chen escalation review",CAMP-2026-014,Short video (<60s),No,No,Yes
SUPP-0780,@immunity_insider,Pinterest,2026-02-23,07:00:00,25632,12589,4.91,10544,127,23,81,118,91,1243,"#sponsored in middle",inadequate,post-content or absent,NON-COMPLIANT,"L. acidophilus NCFM for immune health (compliant - 2 human RCTs)",health_efficacy,Yes,§255.5,51744,2026-03-26,Casey Park,PENDING,OBTAIN LEGAL REVIEW,N/A,No,"Sarah Chen escalation review",CAMP-2026-013,Short video (<60s),No,No,No
SUPP-0781,@nutriscience,Instagram,2026-02-20,18:30:00,80833,36330,0.88,37366,1023,306,89,451,97,3676,"#ad at post beginning",adequate,pre-content,COMPLIANT,"B. longum promotes digestive wellness (insufficient evidence - no human RCT)",health_efficacy,No,None,0,2026-03-23,Casey Park,RESOLVED,NONE,2026-03-27,No,"Quarterly disclosure audit",CAMP-2026-014,Short video (<60s),No,No,Yes
SUPP-0782,@vitamindiary,Facebook,2026-01-03,07:30:00,78378,31694,1.25,30576,1500,650,206,168,274,3378,"#gifted in hashtags",inadequate,post-content or absent,NON-COMPLIANT,"B. longum promotes digestive wellness (insufficient evidence - no human RCT)",health_efficacy,No,§255.5,51744,2026-02-06,Alex Rivera (Ext.),IN_REVIEW,INFLUENCER NOTIFIED,N/A,No,"Casey Park pre-launch clearance",CAMP-2026-004,Story,No,No,No
SUPP-0783,@nutriscience,Twitter/X,2026-01-09,12:00:00,112779,21161,2.33,17311,817,487,28,30,634,1495,"#ad buried as last hashtag",inadequate,post-content or absent,NON-COMPLIANT,"promising results in gut health (PROHIBITED: 'promising')",general_wellness,No,§255.5,51744,2026-02-12,Alex Rivera (Ext.),OPEN,ESCALATE TO CCO,N/A,No,"Quarterly disclosure audit",CAMP-2026-016,Live session,No,No,Yes
SUPP-0784,@vitamindiary,YouTube,2026-02-09,14:15:00,21898,7084,7.02,5568,372,141,120,7,268,473,"Ad: at beginning",adequate,pre-content,COMPLIANT,"Helps strengthen immunity (PROHIBITED: 'helps')",general_wellness,No,None,0,2026-03-12,Alex Rivera (Ext.),RESOLVED,NONE,2026-03-16,No,"Casey Park pre-launch clearance",CAMP-2026-018,Podcast mention,No,No,Yes
SUPP-0785,@fitandfueled,Pinterest,2026-02-05,09:00:00,14785,3256,3.11,3473,221,83,75,10,8,280,"No disclosure",inadequate,post-content or absent,NON-COMPLIANT,"No health claim made (compliant)",general_wellness,Yes,§255.5,51744,2026-03-08,Alex Rivera (Ext.),PENDING,ESCALATE TO CCO,N/A,No,"Casey Park pre-launch clearance",CAMP-2026-017,Podcast mention,No,No,No
SUPP-0786,@fitandfueled,Snapchat,2026-02-01,13:15:00,62233,25524,5.54,18981,955,222,569,137,199,3113,"#ad first hashtag",adequate,pre-content,COMPLIANT,"Doctor recommended for gut wellness (REQUIRES expert disclosure §255.3)",general_wellness,No,None,0,2026-03-04,Casey Park,RESOLVED,NONE,2026-03-08,No,"Influencer remediation tracking",CAMP-2026-004,Static image,No,No,Yes
SUPP-0787,@cleanwellness,Reels,2026-01-17,13:00:00,75748,11989,4.38,11282,156,60,118,119,301,742,"#sponsored in middle",inadequate,post-content or absent,NON-COMPLIANT,"ProBio+ clinically studied for immunity (compliant phrasing)",general_wellness,Yes,§255.5,51744,2026-02-20,Jordan Ellis,IN_REVIEW,INFLUENCER NOTIFIED,N/A,No,"Influencer remediation tracking",CAMP-2026-008,Static image,No,No,No
SUPP-0788,@guthealth_guru,Facebook,2026-03-22,20:00:00,48300,12139,1.93,12698,610,93,250,164,78,538,"No disclosure",inadequate,post-content or absent,NON-COMPLIANT,"Clinically demonstrated to enhance immunity (PROHIBITED: requires RCT for all ingredients)",health_efficacy,No,§255.5,51744,2026-03-25,Alex Rivera (Ext.),PENDING,MONITORING,N/A,No,"Quarterly disclosure audit",CAMP-2026-013,Static image,No,No,No
SUPP-0789,@wellnesswithjenna,Facebook,2026-01-28,07:15:00,75148,19447,6.74,20229,1437,699,107,89,523,2020,"#ad first hashtag",adequate,pre-content,COMPLIANT,"Gut health support tested in human trials (compliant)",general_wellness,Yes,None,0,2026-02-28,Casey Park,RESOLVED,NONE,2026-02-28,No,"Post-update-1 compliance sweep",CAMP-2026-006,Static image,No,No,Yes
SUPP-0790,@fitandfueled,TikTok,2026-03-21,20:00:00,93170,48644,3.21,53210,3409,382,917,552,1809,6154,"No disclosure (first post)",inadequate,post-content or absent,NON-COMPLIANT,"may help digestive comfort (PROHIBITED: 'may' + B. longum lacks RCT)",health_efficacy,No,§255.5,51744,2026-03-24,Casey Park,IN_REVIEW,OBTAIN LEGAL REVIEW,N/A,No,"Post-update-1 compliance sweep",CAMP-2026-005,Podcast mention,No,No,No
SUPP-0791,@immunity_insider,Instagram,2026-03-23,13:45:00,92020,15217,7.17,16300,625,210,192,127,185,1034,"#gifted in hashtags",inadequate,post-content or absent,NON-COMPLIANT,"Clinically demonstrated to enhance immunity (PROHIBITED: requires RCT for all ingredients)",health_efficacy,No,§255.5,51744,2026-03-26,Jordan Ellis,OPEN,MONITORING,N/A,No,"Post-CEO-retraction review round",CAMP-2026-018,Podcast mention,No,No,No
SUPP-0792,@cleanwellness,Reels,2026-01-04,09:45:00,115853,21914,5.38,21258,1493,788,39,200,460,3005,"FTC compliant verbal + text",adequate,pre-content,COMPLIANT,"may help immune function (PROHIBITED: 'may')",health_efficacy,No,None,0,2026-02-07,Alex Rivera (Ext.),RESOLVED,NONE,2026-02-11,No,"Influencer remediation tracking",CAMP-2026-009,Story,No,No,No
SUPP-0793,@digestive_digest,Pinterest,2026-02-06,10:30:00,67738,35538,3.65,31353,1314,191,292,237,108,1649,"Disclosure at post end",inadequate,post-content or absent,NON-COMPLIANT,"Doctor-Formulated for immunity (REQUIRES substantiation per revised audit letter)",general_wellness,No,§255.5,51744,2026-03-09,Alex Rivera (Ext.),OPEN,UPDATE DISCLOSURE,N/A,No,"Post-update-1 compliance sweep",CAMP-2026-018,Carousel,No,No,No
SUPP-0794,@digestive_digest,Snapchat,2026-01-10,22:00:00,69422,9421,3.79,6991,669,307,30,89,264,884,"No disclosure",inadequate,post-content or absent,NON-COMPLIANT,"B. longum promotes digestive wellness (insufficient evidence - no human RCT)",health_efficacy,No,§255.5,51744,2026-02-13,Sarah Chen,OPEN,UPDATE DISCLOSURE,N/A,No,"Post-CEO-retraction review round",CAMP-2026-005,Story,No,No,No
SUPP-0795,@nourishednaturally,Snapchat,2026-01-16,13:45:00,58729,31613,5.55,22689,2035,238,178,131,946,4391,"#sponsored in middle",inadequate,post-content or absent,NON-COMPLIANT,"Gut health support tested in human trials (compliant)",general_wellness,Yes,§255.5,51744,2026-02-19,Sarah Chen,OPEN,COMPLIANT - NO ACTION,N/A,No,"Post-CEO-retraction review round",CAMP-2026-011,Live session,No,No,No
SUPP-0796,@vitalitycoach,Snapchat,2026-01-12,22:45:00,54161,7212,1.69,7657,150,71,102,15,128,261,"#ad first hashtag",adequate,pre-content,COMPLIANT,"Supports immune health (compliant with RCT)",health_efficacy,Yes,None,0,2026-02-15,Sarah Chen,RESOLVED,NONE,2026-02-19,No,"Casey Park pre-launch clearance",CAMP-2026-016,Carousel,No,No,Yes
SUPP-0797,@probiotic_life,Twitter/X,2026-03-22,07:00:00,71866,15343,7.42,11439,162,80,265,100,55,493,"#ad buried as last hashtag",inadequate,post-content or absent,NON-COMPLIANT,"L. acidophilus NCFM for immune health (compliant - 2 human RCTs)",health_efficacy,Yes,§255.5,51744,2026-03-25,Sarah Chen,IN_REVIEW,MONITORING,N/A,No,"Sarah Chen escalation review",CAMP-2026-003,Blog post,No,No,Yes
SUPP-0798,@nutriscience,Instagram Stories,2026-01-14,15:00:00,45035,4847,4.63,4455,146,32,72,35,171,675,"FTC compliant verbal + text",adequate,pre-content,COMPLIANT,"preliminary research suggests (PROHIBITED)",general_wellness,No,None,0,2026-02-17,Casey Park,RESOLVED,NONE,2026-02-21,No,"Post-update-1 compliance sweep",CAMP-2026-004,Short video (<60s),No,No,No
SUPP-0799,@probiotic_life,Twitter/X,2026-02-09,20:15:00,77310,37336,0.79,39141,800,208,877,449,628,1270,"Ad: at beginning",adequate,pre-content,COMPLIANT,"Results Not Typical disclaimer applies (OBSOLETE safe harbor - abolished 2009)",general_wellness,No,None,0,2026-03-12,Sarah Chen,RESOLVED,NONE,2026-03-16,No,"Influencer remediation tracking",CAMP-2026-007,Blog post,No,No,Yes
SUPP-0800,@microbiome_maven,Snapchat,2026-03-20,23:30:00,90993,41501,6.28,32206,2709,1163,684,396,1635,1649,"AD text overlay (video)",inadequate,post-content or absent,NON-COMPLIANT,"initial pilot data shows gut improvement (PROHIBITED: 'initial' + 'pilot')",general_wellness,No,§255.5,51744,2026-03-23,Sarah Chen,PENDING,REMOVE CLAIM,N/A,No,"Supplemental audit batch March 2026",CAMP-2026-017,Long video (>60s),No,No,No
SUPP-0801,@cleanwellness,Instagram Stories,2026-01-13,21:45:00,72024,17543,5.63,13374,894,104,219,117,556,367,"#ad buried as last hashtag",inadequate,post-content or absent,NON-COMPLIANT,"L. acidophilus NCFM for immune health (compliant - 2 human RCTs)",health_efficacy,Yes,§255.5,51744,2026-02-16,Jordan Ellis,PENDING,CONTRACT UPDATED,N/A,No,"Supplemental audit batch March 2026",CAMP-2026-014,Podcast mention,No,No,Yes
SUPP-0802,@cleanwellness,Pinterest,2026-01-28,16:15:00,51972,20145,5.74,17128,1421,538,31,253,106,1110,"AD text overlay (video)",inadequate,post-content or absent,NON-COMPLIANT,"may help immune function (PROHIBITED: 'may')",health_efficacy,No,§255.5,51744,2026-02-28,Sarah Chen,OPEN,INFLUENCER NOTIFIED,N/A,No,"Post-update-1 compliance sweep",CAMP-2026-005,Live session,No,No,No
SUPP-0803,@vitamindiary,Twitter/X,2026-02-07,22:30:00,98909,30611,4.4,24540,888,422,63,115,559,3194,"Disclosure in bio only",inadequate,post-content or absent,NON-COMPLIANT,"promising results in gut health (PROHIBITED: 'promising')",general_wellness,No,§255.5,51744,2026-03-10,Sarah Chen,PENDING,COMPLIANT - NO ACTION,N/A,No,"Quarterly disclosure audit",CAMP-2026-002,Reel,No,No,No
SUPP-0804,@nourishednaturally,LinkedIn,2026-03-15,15:30:00,114850,36457,4.85,33309,2805,283,186,469,146,2602,"#ad at post beginning",adequate,pre-content,COMPLIANT,"preliminary research suggests (PROHIBITED)",general_wellness,No,None,0,2026-03-18,Sarah Chen,RESOLVED,NONE,2026-03-22,No,"Post-update-1 compliance sweep",CAMP-2026-015,Podcast mention,No,No,Yes
SUPP-0805,@nutriscience,Reels,2026-03-23,16:45:00,68076,21823,1.82,23190,1182,408,134,144,839,3088,"Disclosure in bio only",inadequate,post-content or absent,NON-COMPLIANT,"ProBio+ clinically studied for immunity (compliant phrasing)",general_wellness,Yes,§255.5,51744,2026-03-26,Casey Park,OPEN,INFLUENCER NOTIFIED,N/A,No,"Post-CEO-retraction review round",CAMP-2026-007,Blog post,No,No,No
SUPP-0806,@microbiome_maven,YouTube,2026-03-01,19:00:00,52712,17542,7.06,18197,190,59,18,141,356,1420,"No disclosure",inadequate,post-content or absent,NON-COMPLIANT,"supports gut microbiome balance (compliant)",general_wellness,Yes,§255.5,51744,2026-03-04,Casey Park,OPEN,COMPLIANT - NO ACTION,N/A,No,"Post-CEO-retraction review round",CAMP-2026-002,Long video (>60s),No,No,No
SUPP-0807,@vitamindiary,TikTok,2026-03-27,15:15:00,96608,30648,6.86,24698,2174,1247,231,340,1001,3633,"Verbal only (video)",adequate,pre-content,COMPLIANT,"ProBio+ clinically studied for immunity (compliant phrasing)",general_wellness,Yes,None,0,2026-03-28,Sarah Chen,RESOLVED,NONE,2026-03-28,No,"Casey Park pre-launch clearance",CAMP-2026-009,Live session,No,Yes,No
SUPP-0808,@digestive_digest,TikTok,2026-02-10,23:15:00,35177,9471,7.44,8210,429,92,180,108,195,595,"#ad first hashtag",adequate,pre-content,COMPLIANT,"Doctor recommended for gut wellness (REQUIRES expert disclosure §255.3)",general_wellness,No,None,0,2026-03-13,Sarah Chen,RESOLVED,NONE,2026-03-17,No,"Post-update-1 compliance sweep",CAMP-2026-003,Carousel,No,No,Yes
SUPP-0809,@nutriscience,Pinterest,2026-03-10,22:30:00,32083,8416,4.31,8239,120,55,108,93,82,947,"#sponsored in middle",inadequate,post-content or absent,NON-COMPLIANT,"may help immune function (PROHIBITED: 'may')",health_efficacy,No,§255.5,51744,2026-03-13,Sarah Chen,OPEN,UPDATE DISCLOSURE,N/A,No,"Quarterly disclosure audit",CAMP-2026-008,Long video (>60s),No,No,No
SUPP-0810,@nutriscience,Instagram Stories,2026-03-28,08:30:00,35570,18998,6.91,15314,582,320,80,22,530,494,"#gifted in hashtags",inadequate,post-content or absent,NON-COMPLIANT,"No health claim made (compliant)",general_wellness,Yes,§255.5,51744,2026-03-28,Casey Park,IN_REVIEW,OBTAIN LEGAL REVIEW,N/A,No,"Post-update-1 compliance sweep",CAMP-2026-009,Short video (<60s),No,No,No
SUPP-0811,@holistic_health_hub,Snapchat,2026-02-20,13:45:00,91011,16086,7.46,16601,342,68,121,106,197,987,"#gifted in hashtags",inadequate,post-content or absent,NON-COMPLIANT,"B. longum promotes digestive wellness (insufficient evidence - no human RCT)",health_efficacy,No,§255.5,51744,2026-03-23,Alex Rivera (Ext.),OPEN,MONITORING,N/A,No,"Influencer remediation tracking",CAMP-2026-009,Short video (<60s),No,No,No
SUPP-0812,@cleanwellness,YouTube,2026-01-20,17:45:00,105504,24328,2.57,20167,1165,546,288,310,814,3056,"AD text overlay (video)",inadequate,post-content or absent,NON-COMPLIANT,"Vitamin D3 supports immune function (compliant - RCT supported)",health_efficacy,Yes,§255.5,51744,2026-02-23,Casey Park,PENDING,REMOVE CLAIM,N/A,No,"Post-update-1 compliance sweep",CAMP-2026-004,Long video (>60s),No,No,No
SUPP-0813,@microbiome_maven,Instagram Stories,2026-01-04,13:00:00,109269,25802,3.35,19684,1920,1082,127,32,399,2503,"Platform Paid Partnership only",inadequate,post-content or absent,NON-COMPLIANT,"B. longum promotes digestive wellness (insufficient evidence - no human RCT)",health_efficacy,No,§255.5,51744,2026-02-07,Jordan Ellis,OPEN,COMPLIANT - NO ACTION,N/A,No,"Casey Park pre-launch clearance",CAMP-2026-002,Blog post,Yes,No,No
SUPP-0814,@vitalitycoach,LinkedIn,2026-03-15,11:45:00,119905,46554,5.25,43429,2948,568,619,544,191,3626,"Platform Paid Partnership only",inadequate,post-content or absent,NON-COMPLIANT,"Results Not Typical disclaimer applies (OBSOLETE safe harbor - abolished 2009)",general_wellness,No,§255.5,51744,2026-03-18,Alex Rivera (Ext.),IN_REVIEW,INFLUENCER NOTIFIED,N/A,No,"Sarah Chen escalation review",CAMP-2026-013,Carousel,Yes,No,No
SUPP-0815,@probiotic_life,Snapchat,2026-03-20,23:15:00,74288,7580,4.33,6035,555,294,39,81,219,953,"AD text overlay (video)",inadequate,post-content or absent,NON-COMPLIANT,"Clinically demonstrated to enhance immunity (PROHIBITED: requires RCT for all ingredients)",health_efficacy,No,§255.5,51744,2026-03-23,Sarah Chen,OPEN,ESCALATE TO CCO,N/A,No,"Post-CEO-retraction review round",CAMP-2026-011,Live session,No,No,No
SUPP-0816,@wellnesswithjenna,Instagram,2026-02-02,14:00:00,74224,16101,2.37,12550,385,201,328,238,126,1731,"Paid collab sticker only",inadequate,post-content or absent,NON-COMPLIANT,"Probiotic of choice for digestive health (compliant general claim)",general_wellness,Yes,§255.5,51744,2026-03-05,Jordan Ellis,IN_REVIEW,REMOVE CLAIM,N/A,No,"Sarah Chen escalation review",CAMP-2026-017,Blog post,No,No,No
SUPP-0817,@guthealth_guru,LinkedIn,2026-02-16,14:30:00,101875,42643,4.48,32379,493,143,919,277,445,2740,"FTC compliant verbal + text",adequate,pre-content,COMPLIANT,"initial pilot data shows gut improvement (PROHIBITED: 'initial' + 'pilot')",general_wellness,No,None,0,2026-03-19,Alex Rivera (Ext.),RESOLVED,NONE,2026-03-23,No,"Sarah Chen escalation review",CAMP-2026-001,Live session,No,No,No
SUPP-0818,@digestive_digest,LinkedIn,2026-03-22,15:15:00,89064,20320,4.86,19773,1279,702,246,273,132,445,"FTC compliant verbal + text",adequate,pre-content,COMPLIANT,"Doctor recommended for gut wellness (REQUIRES expert disclosure §255.3)",general_wellness,No,None,0,2026-03-25,Sarah Chen,RESOLVED,NONE,2026-03-28,No,"Casey Park pre-launch clearance",CAMP-2026-010,Reel,No,No,No
SUPP-0819,@vitamindiary,YouTube,2026-03-20,16:30:00,54716,15043,0.71,12980,716,355,23,221,177,1503,"AD text overlay (video)",inadequate,post-content or absent,NON-COMPLIANT,"Gut health support tested in human trials (compliant)",general_wellness,Yes,§255.5,51744,2026-03-23,Casey Park,OPEN,INFLUENCER NOTIFIED,N/A,No,"Influencer remediation tracking",CAMP-2026-002,Story,No,No,No
SUPP-0820,@guthealth_guru,Facebook,2026-01-28,20:00:00,57093,6496,2.29,6711,472,50,116,65,86,818,"#sponsored in middle",inadequate,post-content or absent,NON-COMPLIANT,"Doctor recommended for gut wellness (REQUIRES expert disclosure §255.3)",general_wellness,No,§255.5,51744,2026-02-28,Casey Park,PENDING,COMPLIANT - NO ACTION,N/A,No,"Influencer remediation tracking",CAMP-2026-014,Short video (<60s),No,No,No
SUPP-0821,@wellnesswithjenna,Instagram Stories,2026-01-03,09:45:00,45887,13392,5.13,11718,563,91,51,45,112,1392,"AD text overlay (video)",inadequate,post-content or absent,NON-COMPLIANT,"ProBio+ clinically studied for immunity (compliant phrasing)",general_wellness,Yes,§255.5,51744,2026-02-06,Sarah Chen,PENDING,ESCALATE TO CCO,N/A,No,"Influencer remediation tracking",CAMP-2026-017,Short video (<60s),No,No,No
SUPP-0822,@immunity_insider,Twitter/X,2026-03-02,20:30:00,23079,5714,1.41,4739,168,96,34,83,218,286,"Verbal only (video)",adequate,pre-content,COMPLIANT,"initial pilot data shows gut improvement (PROHIBITED: 'initial' + 'pilot')",general_wellness,No,None,0,2026-03-05,Sarah Chen,RESOLVED,NONE,2026-03-09,No,"Sarah Chen escalation review",CAMP-2026-006,Carousel,No,Yes,No
SUPP-0823,@holistic_health_hub,Facebook,2026-03-27,09:00:00,101397,51685,6.92,55439,1700,931,1330,123,168,5178,"#gifted in hashtags",inadequate,post-content or absent,NON-COMPLIANT,"Doctor-Formulated for immunity (REQUIRES substantiation per revised audit letter)",general_wellness,No,§255.5,51744,2026-03-28,Casey Park,OPEN,UPDATE DISCLOSURE,N/A,No,"Influencer remediation tracking",CAMP-2026-009,Short video (<60s),No,No,No
SUPP-0824,@cleanwellness,YouTube,2026-02-16,13:45:00,31892,6694,2.51,5850,211,62,58,33,218,871,"Paid collab sticker only",inadequate,post-content or absent,NON-COMPLIANT,"Science-backed probiotic formula (compliant general claim)",general_wellness,Yes,§255.5,51744,2026-03-19,Alex Rivera (Ext.),OPEN,COMPLIANT - NO ACTION,N/A,No,"Post-update-1 compliance sweep",CAMP-2026-005,Podcast mention,No,No,No
SUPP-0825,@vitalitycoach,Instagram,2026-02-27,14:30:00,47937,19576,4.99,15510,830,426,543,215,570,1795,"FTC compliant verbal + text",adequate,pre-content,COMPLIANT,"may help digestive comfort (PROHIBITED: 'may' + B. longum lacks RCT)",health_efficacy,No,None,0,2026-03-28,Sarah Chen,RESOLVED,NONE,2026-03-28,No,"Supplemental audit batch March 2026",CAMP-2026-004,Blog post,No,No,No
SUPP-0826,@wellnesswithjenna,Twitter/X,2026-01-06,20:15:00,41204,14299,4.46,14337,369,132,375,125,538,758,"Ad: at beginning",adequate,pre-content,COMPLIANT,"Gut health support tested in human trials (compliant)",general_wellness,Yes,None,0,2026-02-09,Jordan Ellis,RESOLVED,NONE,2026-02-13,No,"Sarah Chen escalation review",CAMP-2026-018,Podcast mention,No,No,Yes
SUPP-0827,@nutriscience,Facebook,2026-03-12,17:30:00,63188,12274,1.49,11446,467,279,65,140,306,537,"No disclosure",inadequate,post-content or absent,NON-COMPLIANT,"initial pilot data shows gut improvement (PROHIBITED: 'initial' + 'pilot')",general_wellness,No,§255.5,51744,2026-03-15,Jordan Ellis,PENDING,MONITORING,N/A,No,"Sarah Chen escalation review",CAMP-2026-019,Long video (>60s),No,No,No
SUPP-0828,@guthealth_guru,YouTube,2026-02-06,14:00:00,83754,16278,7.3,17483,1267,307,122,183,630,432,"Ad: at beginning",adequate,pre-content,COMPLIANT,"L. acidophilus NCFM for immune health (compliant - 2 human RCTs)",health_efficacy,Yes,None,0,2026-03-09,Casey Park,RESOLVED,NONE,2026-03-13,No,"Supplemental audit batch March 2026",CAMP-2026-009,Podcast mention,No,No,Yes
SUPP-0829,@nourishednaturally,Twitter/X,2026-02-05,17:00:00,105756,12176,5.86,10525,580,156,77,110,431,1129,"Disclosure in bio only",inadequate,post-content or absent,NON-COMPLIANT,"L. acidophilus NCFM for immune health (compliant - 2 human RCTs)",health_efficacy,Yes,§255.5,51744,2026-03-08,Alex Rivera (Ext.),OPEN,ESCALATE TO CCO,N/A,No,"Post-CEO-retraction review round",CAMP-2026-019,Podcast mention,No,No,No
SUPP-0830,@holistic_health_hub,TikTok,2026-03-04,21:15:00,74672,35180,4.68,32978,1758,317,702,267,594,3729,"Verbal only (video)",adequate,pre-content,COMPLIANT,"Supports immune health (compliant with RCT)",health_efficacy,Yes,None,0,2026-03-07,Jordan Ellis,RESOLVED,NONE,2026-03-11,No,"Supplemental audit batch March 2026",CAMP-2026-013,Short video (<60s),No,Yes,No
SUPP-0831,@guthealth_guru,YouTube,2026-01-02,12:30:00,108791,17904,6.99,16607,456,70,102,258,440,2456,"FTC compliant verbal + text",adequate,pre-content,COMPLIANT,"Doctor recommended for gut wellness (REQUIRES expert disclosure §255.3)",general_wellness,No,None,0,2026-02-05,Jordan Ellis,RESOLVED,NONE,2026-02-09,No,"Post-CEO-retraction review round",CAMP-2026-006,Story,No,No,No
SUPP-0832,@vitamindiary,Reels,2026-03-18,22:15:00,110977,48948,2.68,53162,3849,1423,1441,259,830,1031,"FTC compliant verbal + text",adequate,pre-content,COMPLIANT,"Gut health support tested in human trials (compliant)",general_wellness,Yes,None,0,2026-03-21,Sarah Chen,RESOLVED,NONE,2026-03-25,No,"Post-update-1 compliance sweep",CAMP-2026-005,Blog post,No,No,No
SUPP-0833,@supplementspro,Snapchat,2026-01-09,22:15:00,23054,3128,5.33,2220,219,102,76,22,118,90,"AD text overlay (video)",inadequate,post-content or absent,NON-COMPLIANT,"supports gut microbiome balance (compliant)",general_wellness,Yes,§255.5,51744,2026-02-12,Jordan Ellis,PENDING,MONITORING,N/A,No,"Influencer remediation tracking",CAMP-2026-014,Live session,No,No,No
SUPP-0834,@guthealth_guru,Pinterest,2026-03-03,11:15:00,39114,15800,0.89,12089,996,533,275,195,329,2298,"Verbal only (video)",adequate,pre-content,COMPLIANT,"Clinically demonstrated to enhance immunity (PROHIBITED: requires RCT for all ingredients)",health_efficacy,No,None,0,2026-03-06,Alex Rivera (Ext.),RESOLVED,NONE,2026-03-10,No,"Sarah Chen escalation review",CAMP-2026-003,Short video (<60s),No,Yes,No
SUPP-0835,@fitandfueled,Pinterest,2026-02-23,19:15:00,58980,16651,0.85,17094,1196,184,86,218,652,1086,"FTC compliant verbal + text",adequate,pre-content,COMPLIANT,"Doctor recommended for gut wellness (REQUIRES expert disclosure §255.3)",general_wellness,No,None,0,2026-03-26,Sarah Chen,RESOLVED,NONE,2026-03-28,No,"Sarah Chen escalation review",CAMP-2026-011,Long video (>60s),No,No,No
SUPP-0836,@cleanwellness,Snapchat,2026-02-12,17:45:00,66980,13404,2.05,12432,374,221,279,71,365,1565,"Platform Paid Partnership only",inadequate,post-content or absent,NON-COMPLIANT,"B. longum promotes digestive wellness (insufficient evidence - no human RCT)",health_efficacy,No,§255.5,51744,2026-03-15,Jordan Ellis,OPEN,UPDATE DISCLOSURE,N/A,No,"Post-update-1 compliance sweep",CAMP-2026-008,Story,Yes,No,No
SUPP-0837,@fitandfueled,Snapchat,2026-01-28,07:45:00,77328,27472,1.15,21697,1130,335,720,294,307,3867,"No disclosure (first post)",inadequate,post-content or absent,NON-COMPLIANT,"No health claim made (compliant)",general_wellness,Yes,§255.5,51744,2026-02-28,Sarah Chen,IN_REVIEW,UPDATE DISCLOSURE,N/A,No,"Sarah Chen escalation review",CAMP-2026-013,Podcast mention,No,No,No
SUPP-0838,@vitamindiary,Reels,2026-01-01,10:45:00,108096,40623,3.31,42127,2714,1243,182,96,410,2203,"#ad first hashtag",adequate,pre-content,COMPLIANT,"L. acidophilus NCFM for immune health (compliant - 2 human RCTs)",health_efficacy,Yes,None,0,2026-02-04,Alex Rivera (Ext.),RESOLVED,NONE,2026-02-08,No,"Quarterly disclosure audit",CAMP-2026-007,Short video (<60s),No,No,Yes
SUPP-0839,@vitamindiary,Facebook,2026-02-24,14:00:00,54356,29183,7.14,26367,730,91,258,424,570,3009,"No disclosure (first post)",inadequate,post-content or absent,NON-COMPLIANT,"Doctor recommended for gut wellness (REQUIRES expert disclosure §255.3)",general_wellness,No,§255.5,51744,2026-03-27,Casey Park,IN_REVIEW,COMPLIANT - NO ACTION,N/A,No,"Quarterly disclosure audit",CAMP-2026-011,Long video (>60s),No,No,No
SUPP-0840,@cleanwellness,YouTube,2026-02-02,20:15:00,81062,28560,1.71,23184,1933,305,70,370,455,3839,"Verbal only (video)",adequate,pre-content,COMPLIANT,"No health claim made (compliant)",general_wellness,Yes,None,0,2026-03-05,Jordan Ellis,RESOLVED,NONE,2026-03-09,No,"Quarterly disclosure audit",CAMP-2026-017,Short video (<60s),No,Yes,No
SUPP-0841,@vitamindiary,Snapchat,2026-02-02,14:00:00,43431,4420,7.12,4629,298,163,63,38,80,99,"Ad: at beginning",adequate,pre-content,COMPLIANT,"Vitamin D3 supports immune function (compliant - RCT supported)",health_efficacy,Yes,None,0,2026-03-05,Sarah Chen,RESOLVED,NONE,2026-03-09,No,"Influencer remediation tracking",CAMP-2026-013,Blog post,No,No,Yes
SUPP-0842,@vitalitycoach,LinkedIn,2026-01-22,20:00:00,87327,19583,5.63,17382,792,439,182,292,733,658,"#ad buried as last hashtag",inadequate,post-content or absent,NON-COMPLIANT,"initial pilot data shows gut improvement (PROHIBITED: 'initial' + 'pilot')",general_wellness,No,§255.5,51744,2026-02-25,Sarah Chen,PENDING,REMOVE CLAIM,N/A,No,"Supplemental audit batch March 2026",CAMP-2026-011,Carousel,No,No,Yes
SUPP-0843,@guthealth_guru,LinkedIn,2026-02-19,08:00:00,72748,35783,2.04,33772,2220,589,875,165,362,4392,"No disclosure",inadequate,post-content or absent,NON-COMPLIANT,"Results Not Typical disclaimer applies (OBSOLETE safe harbor - abolished 2009)",general_wellness,No,§255.5,51744,2026-03-22,Jordan Ellis,PENDING,REMOVE CLAIM,N/A,No,"Post-CEO-retraction review round",CAMP-2026-012,Blog post,No,No,No
SUPP-0844,@cleanwellness,YouTube,2026-03-08,22:00:00,82066,33924,1.88,26977,230,87,943,126,112,5023,"No disclosure",inadequate,post-content or absent,NON-COMPLIANT,"ProBio+ clinically studied for immunity (compliant phrasing)",general_wellness,Yes,§255.5,51744,2026-03-11,Casey Park,PENDING,ESCALATE TO CCO,N/A,No,"Post-update-1 compliance sweep",CAMP-2026-005,Blog post,No,No,No
SUPP-0845,@cleanwellness,LinkedIn,2026-01-26,16:45:00,113073,41540,3.27,45581,2459,895,590,334,858,4334,"No disclosure (first post)",inadequate,post-content or absent,NON-COMPLIANT,"Science-backed probiotic formula (compliant general claim)",general_wellness,Yes,§255.5,51744,2026-02-28,Jordan Ellis,IN_REVIEW,UPDATE DISCLOSURE,N/A,No,"Supplemental audit batch March 2026",CAMP-2026-019,Reel,No,No,No
SUPP-0846,@fitandfueled,YouTube,2026-03-21,16:30:00,74086,10050,6.43,10206,189,34,120,144,136,550,"Ad: at beginning",adequate,pre-content,COMPLIANT,"promising results in gut health (PROHIBITED: 'promising')",general_wellness,No,None,0,2026-03-24,Alex Rivera (Ext.),RESOLVED,NONE,2026-03-28,No,"Quarterly disclosure audit",CAMP-2026-016,Short video (<60s),No,No,Yes
SUPP-0847,@holistic_health_hub,TikTok,2026-03-17,15:30:00,82171,35277,3.04,28863,989,536,742,377,1168,1492,"#ad at post beginning",adequate,pre-content,COMPLIANT,"supports gut microbiome balance (compliant)",general_wellness,Yes,None,0,2026-03-20,Alex Rivera (Ext.),RESOLVED,NONE,2026-03-24,No,"Influencer remediation tracking",CAMP-2026-009,Static image,No,No,Yes
SUPP-0848,@supplementspro,Snapchat,2026-01-07,14:15:00,72525,30318,3.34,24897,1410,707,42,448,657,3385,"#ad first hashtag",adequate,pre-content,COMPLIANT,"promising results in gut health (PROHIBITED: 'promising')",general_wellness,No,None,0,2026-02-10,Sarah Chen,RESOLVED,NONE,2026-02-14,No,"Supplemental audit batch March 2026",CAMP-2026-018,Blog post,No,No,Yes
SUPP-0849,@cleanwellness,Pinterest,2026-03-18,22:30:00,51630,6000,4.4,6225,429,246,129,53,204,393,"No disclosure",inadequate,post-content or absent,NON-COMPLIANT,"Doctor recommended for gut wellness (REQUIRES expert disclosure §255.3)",general_wellness,No,§255.5,51744,2026-03-21,Sarah Chen,IN_REVIEW,ESCALATE TO CCO,N/A,No,"Sarah Chen escalation review",CAMP-2026-003,Story,No,No,No
SUPP-0850,@vitamindiary,Snapchat,2026-03-09,23:00:00,60065,24629,2.08,19174,635,132,710,79,127,1180,"Platform Paid Partnership only",inadequate,post-content or absent,NON-COMPLIANT,"Gut health support tested in human trials (compliant)",general_wellness,Yes,§255.5,51744,2026-03-12,Sarah Chen,PENDING,MONITORING,N/A,No,"Post-CEO-retraction review round",CAMP-2026-006,Blog post,Yes,No,No
SUPP-0851,@wellnesswithjenna,Twitter/X,2026-02-24,16:15:00,21920,3846,4.31,4019,29,12,53,48,84,225,"FTC compliant verbal + text",adequate,pre-content,COMPLIANT,"Gut health support tested in human trials (compliant)",general_wellness,Yes,None,0,2026-03-27,Sarah Chen,RESOLVED,NONE,2026-03-28,No,"Post-update-1 compliance sweep",CAMP-2026-010,Static image,No,No,No
SUPP-0852,@vitamindiary,Pinterest,2026-02-17,11:45:00,86486,9538,4.98,9634,502,142,261,115,165,1093,"AD text overlay (video)",inadequate,post-content or absent,NON-COMPLIANT,"B. longum promotes digestive wellness (insufficient evidence - no human RCT)",health_efficacy,No,§255.5,51744,2026-03-20,Alex Rivera (Ext.),PENDING,ESCALATE TO CCO,N/A,No,"Post-update-1 compliance sweep",CAMP-2026-009,Story,No,No,No
SUPP-0853,@vitamindiary,Facebook,2026-03-22,08:45:00,80611,13288,6.43,12229,830,470,143,72,175,1963,"Paid collab sticker only",inadequate,post-content or absent,NON-COMPLIANT,"Doctor recommended for gut wellness (REQUIRES expert disclosure §255.3)",general_wellness,No,§255.5,51744,2026-03-25,Sarah Chen,PENDING,INFLUENCER NOTIFIED,N/A,No,"Post-CEO-retraction review round",CAMP-2026-008,Short video (<60s),No,No,No
SUPP-0854,@cleanwellness,YouTube,2026-01-11,21:00:00,28405,8900,1.74,6535,199,56,53,42,80,238,"#ad buried as last hashtag",inadequate,post-content or absent,NON-COMPLIANT,"Vitamin D3 supports immune function (compliant - RCT supported)",health_efficacy,Yes,§255.5,51744,2026-02-14,Casey Park,OPEN,OBTAIN LEGAL REVIEW,N/A,No,"Casey Park pre-launch clearance",CAMP-2026-013,Podcast mention,No,No,Yes
SUPP-0855,@vitamindiary,LinkedIn,2026-02-21,17:00:00,19940,6650,5.63,7289,305,126,108,23,178,702,"Disclosure in bio only",inadequate,post-content or absent,NON-COMPLIANT,"may help immune function (PROHIBITED: 'may')",health_efficacy,No,§255.5,51744,2026-03-24,Alex Rivera (Ext.),OPEN,COMPLIANT - NO ACTION,N/A,No,"Supplemental audit batch March 2026",CAMP-2026-013,Live session,No,No,No
SUPP-0856,@supplementspro,Instagram,2026-03-05,13:30:00,72207,16435,5.7,14947,375,222,79,245,329,1125,"#ad at post beginning",adequate,pre-content,COMPLIANT,"may help digestive comfort (PROHIBITED: 'may' + B. longum lacks RCT)",health_efficacy,No,None,0,2026-03-08,Casey Park,RESOLVED,NONE,2026-03-12,No,"Supplemental audit batch March 2026",CAMP-2026-011,Podcast mention,No,No,Yes
SUPP-0857,@probiotic_life,TikTok,2026-03-09,08:15:00,118855,40800,4.43,43448,1078,422,622,295,157,3159,"#ad first hashtag",adequate,pre-content,COMPLIANT,"Results Not Typical disclaimer applies (OBSOLETE safe harbor - abolished 2009)",general_wellness,No,None,0,2026-03-12,Sarah Chen,RESOLVED,NONE,2026-03-16,No,"Casey Park pre-launch clearance",CAMP-2026-016,Short video (<60s),No,No,Yes
SUPP-0858,@guthealth_guru,YouTube,2026-02-14,20:15:00,41275,22235,7.49,18486,682,348,252,99,681,2659,"#sponsored in middle",inadequate,post-content or absent,NON-COMPLIANT,"B. longum promotes digestive wellness (insufficient evidence - no human RCT)",health_efficacy,No,§255.5,51744,2026-03-17,Casey Park,PENDING,ESCALATE TO CCO,N/A,No,"Casey Park pre-launch clearance",CAMP-2026-003,Long video (>60s),No,No,No
SUPP-0859,@microbiome_maven,Instagram,2026-01-12,13:15:00,55937,5623,1.02,4473,304,90,128,22,162,735,"#ad at post beginning",adequate,pre-content,COMPLIANT,"may help immune function (PROHIBITED: 'may')",health_efficacy,No,None,0,2026-02-15,Sarah Chen,RESOLVED,NONE,2026-02-19,No,"Quarterly disclosure audit",CAMP-2026-019,Carousel,No,No,Yes
SUPP-0860,@fitandfueled,Facebook,2026-03-23,22:30:00,27730,3069,0.51,2199,75,20,23,10,102,353,"#ad buried as last hashtag",inadequate,post-content or absent,NON-COMPLIANT,"Clinically demonstrated to enhance immunity (PROHIBITED: requires RCT for all ingredients)",health_efficacy,No,§255.5,51744,2026-03-26,Casey Park,OPEN,MONITORING,N/A,No,"Quarterly disclosure audit",CAMP-2026-002,Podcast mention,No,No,Yes
SUPP-0861,@nourishednaturally,TikTok,2026-01-17,23:45:00,81225,11454,2.09,9559,641,86,96,72,440,389,"FTC compliant verbal + text",adequate,pre-content,COMPLIANT,"ProBio+ clinically studied for immunity (compliant phrasing)",general_wellness,Yes,None,0,2026-02-20,Jordan Ellis,RESOLVED,NONE,2026-02-24,No,"Post-update-1 compliance sweep",CAMP-2026-002,Blog post,No,No,No
SUPP-0862,@holistic_health_hub,Snapchat,2026-03-12,15:45:00,82113,10355,4.76,10680,410,116,305,130,297,1208,"FTC compliant verbal + text",adequate,pre-content,COMPLIANT,"preliminary research suggests (PROHIBITED)",general_wellness,No,None,0,2026-03-15,Casey Park,RESOLVED,NONE,2026-03-19,No,"Influencer remediation tracking",CAMP-2026-015,Podcast mention,No,No,No
SUPP-0863,@immunity_insider,Instagram,2026-03-08,17:30:00,38551,6945,1.92,7016,457,118,76,102,199,634,"FTC compliant verbal + text",adequate,pre-content,COMPLIANT,"L. acidophilus NCFM for immune health (compliant - 2 human RCTs)",health_efficacy,Yes,None,0,2026-03-11,Jordan Ellis,RESOLVED,NONE,2026-03-15,No,"Post-update-1 compliance sweep",CAMP-2026-016,Static image,No,No,No
SUPP-0864,@immunity_insider,Reels,2026-02-01,20:45:00,98128,48615,3.51,46650,2300,1167,707,152,1517,6226,"Ad: at beginning",adequate,pre-content,COMPLIANT,"Vitamin D3 supports immune function (compliant - RCT supported)",health_efficacy,Yes,None,0,2026-03-04,Jordan Ellis,RESOLVED,NONE,2026-03-08,No,"Influencer remediation tracking",CAMP-2026-019,Podcast mention,No,No,Yes
SUPP-0865,@nutriscience,Snapchat,2026-01-26,12:15:00,98887,19758,5.12,15803,1016,513,234,87,519,960,"#gifted in hashtags",inadequate,post-content or absent,NON-COMPLIANT,"preliminary research suggests (PROHIBITED)",general_wellness,No,§255.5,51744,2026-02-28,Casey Park,IN_REVIEW,UPDATE DISCLOSURE,N/A,No,"Quarterly disclosure audit",CAMP-2026-008,Story,No,No,No
SUPP-0866,@holistic_health_hub,Instagram Stories,2026-01-19,22:15:00,37278,19920,4.29,19042,1141,683,515,287,706,2566,"Ad: at beginning",adequate,pre-content,COMPLIANT,"Helps strengthen immunity (PROHIBITED: 'helps')",general_wellness,No,None,0,2026-02-22,Jordan Ellis,RESOLVED,NONE,2026-02-26,No,"Post-CEO-retraction review round",CAMP-2026-007,Reel,No,No,Yes
SUPP-0867,@supplementspro,Reels,2026-02-10,22:00:00,47893,14751,6.91,12645,968,159,48,160,33,907,"Paid collab sticker only",inadequate,post-content or absent,NON-COMPLIANT,"No health claim made (compliant)",general_wellness,Yes,§255.5,51744,2026-03-13,Jordan Ellis,IN_REVIEW,ESCALATE TO CCO,N/A,No,"Casey Park pre-launch clearance",CAMP-2026-017,Long video (>60s),No,No,No
SUPP-0868,@immunity_insider,LinkedIn,2026-03-10,07:15:00,69109,30625,4.23,22366,1174,582,755,420,852,613,"#gifted in hashtags",inadequate,post-content or absent,NON-COMPLIANT,"L. acidophilus NCFM for immune health (compliant - 2 human RCTs)",health_efficacy,Yes,§255.5,51744,2026-03-13,Casey Park,IN_REVIEW,CONTRACT UPDATED,N/A,No,"Post-update-1 compliance sweep",CAMP-2026-014,Short video (<60s),No,No,No
SUPP-0869,@vitamindiary,TikTok,2026-03-01,20:30:00,72672,16597,4.17,15016,822,272,477,233,390,778,"Platform Paid Partnership only",inadequate,post-content or absent,NON-COMPLIANT,"Doctor recommended for gut wellness (REQUIRES expert disclosure §255.3)",general_wellness,No,§255.5,51744,2026-03-04,Sarah Chen,IN_REVIEW,OBTAIN LEGAL REVIEW,N/A,No,"Quarterly disclosure audit",CAMP-2026-009,Podcast mention,Yes,No,No
SUPP-0870,@guthealth_guru,Twitter/X,2026-01-15,20:15:00,59651,7694,3.21,7051,168,80,41,97,130,469,"AD text overlay (video)",inadequate,post-content or absent,NON-COMPLIANT,"promising results in gut health (PROHIBITED: 'promising')",general_wellness,No,§255.5,51744,2026-02-18,Jordan Ellis,OPEN,ESCALATE TO CCO,N/A,No,"Influencer remediation tracking",CAMP-2026-011,Podcast mention,No,No,No
SUPP-0871,@probiotic_life,Twitter/X,2026-02-23,20:15:00,57551,23438,5.67,22886,1277,314,100,274,152,2126,"Disclosure in bio only",inadequate,post-content or absent,NON-COMPLIANT,"Clinically demonstrated to enhance immunity (PROHIBITED: requires RCT for all ingredients)",health_efficacy,No,§255.5,51744,2026-03-26,Alex Rivera (Ext.),IN_REVIEW,INFLUENCER NOTIFIED,N/A,No,"Supplemental audit batch March 2026",CAMP-2026-017,Podcast mention,No,No,No
SUPP-0872,@vitalitycoach,Pinterest,2026-01-10,20:45:00,10527,4122,1.86,2983,84,39,32,22,94,570,"No disclosure (first post)",inadequate,post-content or absent,NON-COMPLIANT,"Science-backed probiotic formula (compliant general claim)",general_wellness,Yes,§255.5,51744,2026-02-13,Jordan Ellis,OPEN,MONITORING,N/A,No,"Quarterly disclosure audit",CAMP-2026-011,Live session,No,No,No
SUPP-0873,@probiotic_life,Instagram,2026-01-17,17:15:00,19257,9979,2.93,8239,501,259,155,129,57,1103,"AD text overlay (video)",inadequate,post-content or absent,NON-COMPLIANT,"Doctor-Formulated for immunity (REQUIRES substantiation per revised audit letter)",general_wellness,No,§255.5,51744,2026-02-20,Casey Park,IN_REVIEW,REMOVE CLAIM,N/A,No,"Influencer remediation tracking",CAMP-2026-003,Story,No,No,No
SUPP-0874,@immunity_insider,Snapchat,2026-03-05,18:15:00,84805,40760,6.65,29881,1312,139,366,195,721,3262,"FTC compliant verbal + text",adequate,pre-content,COMPLIANT,"may help digestive comfort (PROHIBITED: 'may' + B. longum lacks RCT)",health_efficacy,No,None,0,2026-03-08,Jordan Ellis,RESOLVED,NONE,2026-03-12,No,"Post-CEO-retraction review round",CAMP-2026-012,Carousel,No,No,No
SUPP-0875,@digestive_digest,LinkedIn,2026-01-02,19:45:00,83741,26776,3.57,25813,979,399,68,191,967,643,"No disclosure",inadequate,post-content or absent,NON-COMPLIANT,"Vitamin D3 supports immune function (compliant - RCT supported)",health_efficacy,Yes,§255.5,51744,2026-02-05,Jordan Ellis,OPEN,MONITORING,N/A,No,"Post-update-1 compliance sweep",CAMP-2026-001,Reel,No,No,No
SUPP-0876,@holistic_health_hub,LinkedIn,2026-01-05,18:00:00,34457,18717,1.38,13453,1367,423,540,240,481,385,"FTC compliant verbal + text",adequate,pre-content,COMPLIANT,"Science-backed probiotic formula (compliant general claim)",general_wellness,Yes,None,0,2026-02-08,Sarah Chen,RESOLVED,NONE,2026-02-12,No,"Quarterly disclosure audit",CAMP-2026-007,Podcast mention,No,No,No
SUPP-0877,@vitalitycoach,YouTube,2026-01-07,07:30:00,22528,5823,2.22,4154,134,49,160,52,123,491,"#ad first hashtag",adequate,pre-content,COMPLIANT,"Clinically demonstrated to enhance immunity (PROHIBITED: requires RCT for all ingredients)",health_efficacy,No,None,0,2026-02-10,Sarah Chen,RESOLVED,NONE,2026-02-14,No,"Quarterly disclosure audit",CAMP-2026-014,Live session,No,No,Yes
SUPP-0878,@fitandfueled,Pinterest,2026-03-13,20:30:00,115515,59396,7.17,41722,4478,821,1290,110,1292,3691,"Ad: at beginning",adequate,pre-content,COMPLIANT,"Doctor recommended for gut wellness (REQUIRES expert disclosure §255.3)",general_wellness,No,None,0,2026-03-16,Sarah Chen,RESOLVED,NONE,2026-03-20,No,"Influencer remediation tracking",CAMP-2026-015,Live session,No,No,Yes
SUPP-0879,@nourishednaturally,LinkedIn,2026-02-05,17:45:00,64253,11296,6.37,9341,307,73,134,12,436,1216,"#gifted in hashtags",inadequate,post-content or absent,NON-COMPLIANT,"Clinically demonstrated to enhance immunity (PROHIBITED: requires RCT for all ingredients)",health_efficacy,No,§255.5,51744,2026-03-08,Jordan Ellis,IN_REVIEW,REMOVE CLAIM,N/A,No,"Post-CEO-retraction review round",CAMP-2026-008,Long video (>60s),No,No,No
SUPP-0880,@fitandfueled,LinkedIn,2026-02-10,07:15:00,78180,25929,3.89,24709,1164,438,472,204,427,3768,"No disclosure (first post)",inadequate,post-content or absent,NON-COMPLIANT,"ProBio+ clinically studied for immunity (compliant phrasing)",general_wellness,Yes,§255.5,51744,2026-03-13,Casey Park,PENDING,CONTRACT UPDATED,N/A,No,"Casey Park pre-launch clearance",CAMP-2026-010,Long video (>60s),No,No,No
SUPP-0881,@nutriscience,YouTube,2026-03-23,08:15:00,50164,19853,4.77,18610,560,137,304,51,369,2471,"Paid collab sticker only",inadequate,post-content or absent,NON-COMPLIANT,"Clinically demonstrated to enhance immunity (PROHIBITED: requires RCT for all ingredients)",health_efficacy,No,§255.5,51744,2026-03-26,Alex Rivera (Ext.),PENDING,OBTAIN LEGAL REVIEW,N/A,No,"Influencer remediation tracking",CAMP-2026-002,Podcast mention,No,No,No
SUPP-0882,@cleanwellness,Twitter/X,2026-01-15,13:45:00,91444,24589,7.33,23400,649,213,492,148,447,1767,"No disclosure",inadequate,post-content or absent,NON-COMPLIANT,"Science-backed probiotic formula (compliant general claim)",general_wellness,Yes,§255.5,51744,2026-02-18,Jordan Ellis,OPEN,ESCALATE TO CCO,N/A,No,"Quarterly disclosure audit",CAMP-2026-001,Carousel,No,No,No
SUPP-0883,@immunity_insider,Instagram Stories,2026-02-01,22:30:00,87309,29620,3.01,25494,1812,873,596,133,478,680,"No disclosure",inadequate,post-content or absent,NON-COMPLIANT,"initial pilot data shows gut improvement (PROHIBITED: 'initial' + 'pilot')",general_wellness,No,§255.5,51744,2026-03-04,Alex Rivera (Ext.),OPEN,COMPLIANT - NO ACTION,N/A,No,"Quarterly disclosure audit",CAMP-2026-011,Short video (<60s),No,No,No
SUPP-0884,@guthealth_guru,Instagram,2026-03-02,10:30:00,47699,17489,4.64,19081,545,128,186,249,57,2413,"AD text overlay (video)",inadequate,post-content or absent,NON-COMPLIANT,"B. longum promotes digestive wellness (insufficient evidence - no human RCT)",health_efficacy,No,§255.5,51744,2026-03-05,Jordan Ellis,IN_REVIEW,ESCALATE TO CCO,N/A,No,"Supplemental audit batch March 2026",CAMP-2026-007,Reel,No,No,No
SUPP-0885,@wellnesswithjenna,YouTube,2026-01-19,23:00:00,79965,27469,5.71,27181,1702,694,590,102,612,3131,"Platform Paid Partnership only",inadequate,post-content or absent,NON-COMPLIANT,"No health claim made (compliant)",general_wellness,Yes,§255.5,51744,2026-02-22,Sarah Chen,PENDING,OBTAIN LEGAL REVIEW,N/A,No,"Post-update-1 compliance sweep",CAMP-2026-016,Carousel,Yes,No,No
SUPP-0886,@wellnesswithjenna,LinkedIn,2026-01-01,23:15:00,101979,41796,1.82,41497,1786,307,44,394,1551,4902,"Ad: at beginning",adequate,pre-content,COMPLIANT,"may help immune function (PROHIBITED: 'may')",health_efficacy,No,None,0,2026-02-04,Sarah Chen,RESOLVED,NONE,2026-02-08,No,"Supplemental audit batch March 2026",CAMP-2026-019,Carousel,No,No,Yes
SUPP-0887,@cleanwellness,Twitter/X,2026-03-16,07:15:00,85002,41487,5.23,43551,1955,352,1159,298,766,5291,"#ad buried as last hashtag",inadequate,post-content or absent,NON-COMPLIANT,"preliminary research suggests (PROHIBITED)",general_wellness,No,§255.5,51744,2026-03-19,Jordan Ellis,OPEN,ESCALATE TO CCO,N/A,No,"Post-update-1 compliance sweep",CAMP-2026-004,Carousel,No,No,Yes
SUPP-0888,@holistic_health_hub,LinkedIn,2026-01-24,15:30:00,114723,26668,3.47,25782,995,260,160,45,797,2904,"FTC compliant verbal + text",adequate,pre-content,COMPLIANT,"Science-backed probiotic formula (compliant general claim)",general_wellness,Yes,None,0,2026-02-27,Sarah Chen,RESOLVED,NONE,2026-02-28,No,"Casey Park pre-launch clearance",CAMP-2026-014,Long video (>60s),No,No,No
SUPP-0889,@nourishednaturally,Twitter/X,2026-01-22,21:00:00,95741,48518,0.81,41475,2434,1057,98,603,846,2175,"#gifted in hashtags",inadequate,post-content or absent,NON-COMPLIANT,"Doctor-Formulated for immunity (REQUIRES substantiation per revised audit letter)",general_wellness,No,§255.5,51744,2026-02-25,Jordan Ellis,PENDING,ESCALATE TO CCO,N/A,No,"Quarterly disclosure audit",CAMP-2026-004,Blog post,No,No,No
SUPP-0890,@supplementspro,Snapchat,2026-02-14,13:30:00,40667,8513,4.64,8905,227,88,63,29,52,440,"Paid collab sticker only",inadequate,post-content or absent,NON-COMPLIANT,"No health claim made (compliant)",general_wellness,Yes,§255.5,51744,2026-03-17,Alex Rivera (Ext.),PENDING,OBTAIN LEGAL REVIEW,N/A,No,"Post-CEO-retraction review round",CAMP-2026-013,Long video (>60s),No,No,No
SUPP-0891,@microbiome_maven,Snapchat,2026-02-06,09:45:00,26229,6934,1.58,7510,537,225,158,41,217,879,"No disclosure (first post)",inadequate,post-content or absent,NON-COMPLIANT,"L. acidophilus NCFM for immune health (compliant - 2 human RCTs)",health_efficacy,Yes,§255.5,51744,2026-03-09,Casey Park,PENDING,UPDATE DISCLOSURE,N/A,No,"Supplemental audit batch March 2026",CAMP-2026-005,Live session,No,No,No
SUPP-0892,@vitalitycoach,Twitter/X,2026-03-15,11:15:00,57828,8312,2.14,8896,325,166,121,39,274,1193,"Ad: at beginning",adequate,pre-content,COMPLIANT,"Science-backed probiotic formula (compliant general claim)",general_wellness,Yes,None,0,2026-03-18,Casey Park,RESOLVED,NONE,2026-03-22,No,"Supplemental audit batch March 2026",CAMP-2026-019,Story,No,No,Yes
SUPP-0893,@wellnesswithjenna,Snapchat,2026-03-07,15:30:00,73236,31875,3.88,29396,2205,380,242,214,113,4649,"Verbal only (video)",adequate,pre-content,COMPLIANT,"No health claim made (compliant)",general_wellness,Yes,None,0,2026-03-10,Jordan Ellis,RESOLVED,NONE,2026-03-14,No,"Sarah Chen escalation review",CAMP-2026-004,Short video (<60s),No,Yes,No
SUPP-0894,@probiotic_life,Instagram,2026-01-21,08:00:00,109321,34268,5.37,28216,2220,326,672,468,183,2632,"No disclosure",inadequate,post-content or absent,NON-COMPLIANT,"Gut health support tested in human trials (compliant)",general_wellness,Yes,§255.5,51744,2026-02-24,Alex Rivera (Ext.),IN_REVIEW,COMPLIANT - NO ACTION,N/A,No,"Quarterly disclosure audit",CAMP-2026-012,Podcast mention,No,No,No
SUPP-0895,@vitamindiary,TikTok,2026-02-23,16:30:00,35177,17115,5.91,18132,1145,153,479,178,482,1019,"#ad buried as last hashtag",inadequate,post-content or absent,NON-COMPLIANT,"Doctor recommended for gut wellness (REQUIRES expert disclosure §255.3)",general_wellness,No,§255.5,51744,2026-03-26,Jordan Ellis,IN_REVIEW,MONITORING,N/A,No,"Post-update-1 compliance sweep",CAMP-2026-014,Static image,No,No,Yes
SUPP-0896,@guthealth_guru,YouTube,2026-02-06,19:00:00,87839,42411,2.7,30110,1600,164,192,46,1037,3835,"AD text overlay (video)",inadequate,post-content or absent,NON-COMPLIANT,"may help immune function (PROHIBITED: 'may')",health_efficacy,No,§255.5,51744,2026-03-09,Jordan Ellis,IN_REVIEW,MONITORING,N/A,No,"Post-update-1 compliance sweep",CAMP-2026-008,Static image,No,No,No
SUPP-0897,@digestive_digest,LinkedIn,2026-03-17,16:45:00,38474,6908,4.27,7507,61,6,134,83,126,277,"#ad at post beginning",adequate,pre-content,COMPLIANT,"initial pilot data shows gut improvement (PROHIBITED: 'initial' + 'pilot')",general_wellness,No,None,0,2026-03-20,Casey Park,RESOLVED,NONE,2026-03-24,No,"Quarterly disclosure audit",CAMP-2026-002,Reel,No,No,Yes
SUPP-0898,@cleanwellness,YouTube,2026-03-17,23:45:00,64405,11088,1.99,10504,728,99,324,66,125,645,"No disclosure (first post)",inadequate,post-content or absent,NON-COMPLIANT,"supports gut microbiome balance (compliant)",general_wellness,Yes,§255.5,51744,2026-03-20,Alex Rivera (Ext.),OPEN,MONITORING,N/A,No,"Supplemental audit batch March 2026",CAMP-2026-006,Story,No,No,No
SUPP-0899,@digestive_digest,Instagram Stories,2026-01-18,10:30:00,70033,8057,0.55,5833,634,299,103,36,174,989,"Paid collab sticker only",inadequate,post-content or absent,NON-COMPLIANT,"Probiotic of choice for digestive health (compliant general claim)",general_wellness,Yes,§255.5,51744,2026-02-21,Casey Park,OPEN,INFLUENCER NOTIFIED,N/A,No,"Supplemental audit batch March 2026",CAMP-2026-010,Reel,No,No,No
SUPP-0900,@wellnesswithjenna,Instagram Stories,2026-03-27,21:45:00,106576,32054,6.4,29970,1818,228,354,54,547,3376,"#ad buried as last hashtag",inadequate,post-content or absent,NON-COMPLIANT,"may help digestive comfort (PROHIBITED: 'may' + B. longum lacks RCT)",health_efficacy,No,§255.5,51744,2026-03-28,Sarah Chen,IN_REVIEW,UPDATE DISCLOSURE,N/A,No,"Post-CEO-retraction review round",CAMP-2026-010,Carousel,No,No,Yes
SUPP-0901,@immunity_insider,Instagram,2026-02-25,21:45:00,36041,11090,1.87,11911,686,275,173,15,261,1345,"Platform Paid Partnership only",inadequate,post-content or absent,NON-COMPLIANT,"may help digestive comfort (PROHIBITED: 'may' + B. longum lacks RCT)",health_efficacy,No,§255.5,51744,2026-03-28,Casey Park,OPEN,CONTRACT UPDATED,N/A,No,"Casey Park pre-launch clearance",CAMP-2026-006,Reel,Yes,No,No
SUPP-0902,@microbiome_maven,Instagram Stories,2026-01-01,23:45:00,27035,4530,7.42,4227,218,107,104,7,94,219,"#gifted in hashtags",inadequate,post-content or absent,NON-COMPLIANT,"Vitamin D3 supports immune function (compliant - RCT supported)",health_efficacy,Yes,§255.5,51744,2026-02-04,Sarah Chen,OPEN,UPDATE DISCLOSURE,N/A,No,"Quarterly disclosure audit",CAMP-2026-003,Blog post,No,No,No
SUPP-0903,@nourishednaturally,Instagram,2026-01-03,20:45:00,107086,32824,4.04,35366,188,58,517,111,389,1904,"Disclosure at post end",inadequate,post-content or absent,NON-COMPLIANT,"ProBio+ clinically studied for immunity (compliant phrasing)",general_wellness,Yes,§255.5,51744,2026-02-06,Casey Park,IN_REVIEW,OBTAIN LEGAL REVIEW,N/A,No,"Casey Park pre-launch clearance",CAMP-2026-005,Blog post,No,No,No
SUPP-0904,@probiotic_life,TikTok,2026-02-01,22:00:00,79028,29596,7.39,27221,1764,842,140,209,824,4366,"#sponsored in middle",inadequate,post-content or absent,NON-COMPLIANT,"preliminary research suggests (PROHIBITED)",general_wellness,No,§255.5,51744,2026-03-04,Jordan Ellis,PENDING,ESCALATE TO CCO,N/A,No,"Casey Park pre-launch clearance",CAMP-2026-010,Long video (>60s),No,No,No
SUPP-0905,@nourishednaturally,LinkedIn,2026-01-20,16:30:00,46911,23222,3.42,20513,1761,584,454,257,777,2938,"#ad first hashtag",adequate,pre-content,COMPLIANT,"Vitamin D3 supports immune function (compliant - RCT supported)",health_efficacy,Yes,None,0,2026-02-23,Sarah Chen,RESOLVED,NONE,2026-02-27,No,"Supplemental audit batch March 2026",CAMP-2026-010,Reel,No,No,Yes
SUPP-0906,@cleanwellness,Instagram,2026-03-15,09:15:00,107128,28604,2.35,28995,1074,374,393,422,426,1828,"Disclosure at post end",inadequate,post-content or absent,NON-COMPLIANT,"supports gut microbiome balance (compliant)",general_wellness,Yes,§255.5,51744,2026-03-18,Sarah Chen,IN_REVIEW,OBTAIN LEGAL REVIEW,N/A,No,"Post-CEO-retraction review round",CAMP-2026-013,Long video (>60s),No,No,No
SUPP-0907,@vitalitycoach,YouTube,2026-01-21,14:00:00,92051,35935,7.3,35292,1889,360,354,63,731,2924,"Paid collab sticker only",inadequate,post-content or absent,NON-COMPLIANT,"Gut health support tested in human trials (compliant)",general_wellness,Yes,§255.5,51744,2026-02-24,Jordan Ellis,IN_REVIEW,COMPLIANT - NO ACTION,N/A,No,"Sarah Chen escalation review",CAMP-2026-014,Carousel,No,No,No
SUPP-0908,@supplementspro,Twitter/X,2026-02-04,21:00:00,21964,6499,0.65,5241,326,88,132,96,234,603,"Ad: at beginning",adequate,pre-content,COMPLIANT,"Supports immune health (compliant with RCT)",health_efficacy,Yes,None,0,2026-03-07,Jordan Ellis,RESOLVED,NONE,2026-03-11,No,"Supplemental audit batch March 2026",CAMP-2026-001,Carousel,No,No,Yes
SUPP-0909,@immunity_insider,Facebook,2026-01-25,10:45:00,14129,2713,5.64,2487,216,91,37,27,54,199,"Platform Paid Partnership only",inadequate,post-content or absent,NON-COMPLIANT,"promising results in gut health (PROHIBITED: 'promising')",general_wellness,No,§255.5,51744,2026-02-28,Jordan Ellis,IN_REVIEW,INFLUENCER NOTIFIED,N/A,No,"Post-update-1 compliance sweep",CAMP-2026-018,Long video (>60s),Yes,No,No
SUPP-0910,@digestive_digest,YouTube,2026-02-26,08:30:00,98423,33285,0.89,32816,2194,1305,319,238,612,1027,"Ad: at beginning",adequate,pre-content,COMPLIANT,"supports gut microbiome balance (compliant)",general_wellness,Yes,None,0,2026-03-28,Alex Rivera (Ext.),RESOLVED,NONE,2026-03-28,No,"Sarah Chen escalation review",CAMP-2026-002,Podcast mention,No,No,Yes
SUPP-0911,@supplementspro,Instagram Stories,2026-02-02,14:30:00,41557,16559,0.62,11895,754,184,203,108,607,1113,"Verbal only (video)",adequate,pre-content,COMPLIANT,"No health claim made (compliant)",general_wellness,Yes,None,0,2026-03-05,Casey Park,RESOLVED,NONE,2026-03-09,No,"Sarah Chen escalation review",CAMP-2026-002,Reel,No,Yes,No
SUPP-0912,@guthealth_guru,Reels,2026-01-01,08:45:00,12185,4504,4.71,4320,92,17,123,50,49,652,"No disclosure (first post)",inadequate,post-content or absent,NON-COMPLIANT,"Doctor-Formulated for immunity (REQUIRES substantiation per revised audit letter)",general_wellness,No,§255.5,51744,2026-02-04,Sarah Chen,PENDING,UPDATE DISCLOSURE,N/A,No,"Casey Park pre-launch clearance",CAMP-2026-001,Carousel,No,No,No
SUPP-0913,@nutriscience,Pinterest,2026-01-14,15:30:00,89477,17409,3.84,14561,1076,371,240,158,399,643,"AD text overlay (video)",inadequate,post-content or absent,NON-COMPLIANT,"Helps strengthen immunity (PROHIBITED: 'helps')",general_wellness,No,§255.5,51744,2026-02-17,Sarah Chen,IN_REVIEW,COMPLIANT - NO ACTION,N/A,No,"Influencer remediation tracking",CAMP-2026-006,Podcast mention,No,No,No
SUPP-0914,@vitalitycoach,TikTok,2026-03-19,10:15:00,10235,4205,6.84,3625,160,44,95,36,17,622,"Paid collab sticker only",inadequate,post-content or absent,NON-COMPLIANT,"Probiotic of choice for digestive health (compliant general claim)",general_wellness,Yes,§255.5,51744,2026-03-22,Jordan Ellis,IN_REVIEW,OBTAIN LEGAL REVIEW,N/A,No,"Post-update-1 compliance sweep",CAMP-2026-001,Reel,No,No,No
SUPP-0915,@immunity_insider,Twitter/X,2026-02-06,09:15:00,109974,58963,2.84,48990,2442,252,1744,583,1884,4781,"Disclosure at post end",inadequate,post-content or absent,NON-COMPLIANT,"Probiotic of choice for digestive health (compliant general claim)",general_wellness,Yes,§255.5,51744,2026-03-09,Sarah Chen,PENDING,COMPLIANT - NO ACTION,N/A,No,"Supplemental audit batch March 2026",CAMP-2026-006,Podcast mention,No,No,No
SUPP-0916,@probiotic_life,Facebook,2026-02-03,16:45:00,71483,8056,4.15,6576,376,93,161,66,146,761,"Platform Paid Partnership only",inadequate,post-content or absent,NON-COMPLIANT,"Probiotic of choice for digestive health (compliant general claim)",general_wellness,Yes,§255.5,51744,2026-03-06,Jordan Ellis,IN_REVIEW,REMOVE CLAIM,N/A,No,"Casey Park pre-launch clearance",CAMP-2026-016,Live session,Yes,No,No
SUPP-0917,@vitamindiary,Instagram,2026-03-25,20:45:00,28018,2957,3.37,2360,47,13,25,8,110,210,"Verbal only (video)",adequate,pre-content,COMPLIANT,"Science-backed probiotic formula (compliant general claim)",general_wellness,Yes,None,0,2026-03-28,Alex Rivera (Ext.),RESOLVED,NONE,2026-03-28,No,"Sarah Chen escalation review",CAMP-2026-014,Blog post,No,Yes,No
SUPP-0918,@digestive_digest,YouTube,2026-02-24,13:45:00,14563,3752,4.18,3278,76,30,108,20,110,185,"Platform Paid Partnership only",inadequate,post-content or absent,NON-COMPLIANT,"No health claim made (compliant)",general_wellness,Yes,§255.5,51744,2026-03-27,Sarah Chen,IN_REVIEW,MONITORING,N/A,No,"Supplemental audit batch March 2026",CAMP-2026-019,Story,Yes,No,No
SUPP-0919,@probiotic_life,LinkedIn,2026-01-03,12:30:00,26205,13268,6.57,10227,619,236,42,88,78,1243,"Disclosure at post end",inadequate,post-content or absent,NON-COMPLIANT,"Gut health support tested in human trials (compliant)",general_wellness,Yes,§255.5,51744,2026-02-06,Casey Park,IN_REVIEW,INFLUENCER NOTIFIED,N/A,No,"Sarah Chen escalation review",CAMP-2026-012,Live session,No,No,No
SUPP-0920,@supplementspro,LinkedIn,2026-01-04,16:45:00,41258,20194,2.45,17287,1240,483,425,225,501,2289,"No disclosure",inadequate,post-content or absent,NON-COMPLIANT,"Doctor recommended for gut wellness (REQUIRES expert disclosure §255.3)",general_wellness,No,§255.5,51744,2026-02-07,Alex Rivera (Ext.),OPEN,CONTRACT UPDATED,N/A,No,"Quarterly disclosure audit",CAMP-2026-016,Live session,No,No,No
SUPP-0921,@fitandfueled,Twitter/X,2026-03-04,16:00:00,29599,9343,1.88,9558,723,280,99,93,362,463,"No disclosure (first post)",inadequate,post-content or absent,NON-COMPLIANT,"may help digestive comfort (PROHIBITED: 'may' + B. longum lacks RCT)",health_efficacy,No,§255.5,51744,2026-03-07,Sarah Chen,OPEN,UPDATE DISCLOSURE,N/A,No,"Supplemental audit batch March 2026",CAMP-2026-015,Short video (<60s),No,No,No
SUPP-0922,@nutriscience,TikTok,2026-02-19,17:45:00,55775,25607,0.6,21877,301,105,732,151,171,2589,"No disclosure (first post)",inadequate,post-content or absent,NON-COMPLIANT,"Gut health support tested in human trials (compliant)",general_wellness,Yes,§255.5,51744,2026-03-22,Casey Park,PENDING,MONITORING,N/A,No,"Post-CEO-retraction review round",CAMP-2026-006,Static image,No,No,No
SUPP-0923,@guthealth_guru,Twitter/X,2026-02-03,09:15:00,35768,11267,1.43,9721,838,430,243,43,225,904,"#ad buried as last hashtag",inadequate,post-content or absent,NON-COMPLIANT,"Doctor-Formulated for immunity (REQUIRES substantiation per revised audit letter)",general_wellness,No,§255.5,51744,2026-03-06,Alex Rivera (Ext.),OPEN,COMPLIANT - NO ACTION,N/A,No,"Sarah Chen escalation review",CAMP-2026-006,Live session,No,No,Yes
SUPP-0924,@nourishednaturally,Instagram,2026-03-02,16:30:00,98325,23637,1.92,22765,1865,408,626,135,767,2375,"Verbal only (video)",adequate,pre-content,COMPLIANT,"Doctor-Formulated for immunity (REQUIRES substantiation per revised audit letter)",general_wellness,No,None,0,2026-03-05,Alex Rivera (Ext.),RESOLVED,NONE,2026-03-09,No,"Post-CEO-retraction review round",CAMP-2026-018,Static image,No,Yes,No
SUPP-0925,@supplementspro,TikTok,2026-03-07,19:15:00,51278,16244,4.63,12196,426,161,344,50,171,2229,"AD text overlay (video)",inadequate,post-content or absent,NON-COMPLIANT,"Results Not Typical disclaimer applies (OBSOLETE safe harbor - abolished 2009)",general_wellness,No,§255.5,51744,2026-03-10,Sarah Chen,PENDING,COMPLIANT - NO ACTION,N/A,No,"Post-update-1 compliance sweep",CAMP-2026-018,Carousel,No,No,No
SUPP-0926,@guthealth_guru,Instagram,2026-03-19,14:30:00,83206,37640,5.23,36267,848,220,242,255,1128,4641,"#ad at post beginning",adequate,pre-content,COMPLIANT,"Doctor recommended for gut wellness (REQUIRES expert disclosure §255.3)",general_wellness,No,None,0,2026-03-22,Alex Rivera (Ext.),RESOLVED,NONE,2026-03-26,No,"Post-CEO-retraction review round",CAMP-2026-008,Short video (<60s),No,No,Yes
SUPP-0927,@nutriscience,Twitter/X,2026-03-21,21:15:00,90811,21840,2.63,17711,1219,621,98,261,782,1848,"Disclosure at post end",inadequate,post-content or absent,NON-COMPLIANT,"L. acidophilus NCFM for immune health (compliant - 2 human RCTs)",health_efficacy,Yes,§255.5,51744,2026-03-24,Jordan Ellis,OPEN,UPDATE DISCLOSURE,N/A,No,"Influencer remediation tracking",CAMP-2026-001,Blog post,No,No,No
SUPP-0928,@supplementspro,YouTube,2026-02-04,22:15:00,94787,45213,2.46,42889,2568,379,958,384,656,6514,"Ad: at beginning",adequate,pre-content,COMPLIANT,"Clinically demonstrated to enhance immunity (PROHIBITED: requires RCT for all ingredients)",health_efficacy,No,None,0,2026-03-07,Sarah Chen,RESOLVED,NONE,2026-03-11,No,"Post-update-1 compliance sweep",CAMP-2026-007,Blog post,No,No,Yes
SUPP-0929,@digestive_digest,Snapchat,2026-03-08,23:00:00,34305,6077,5.89,4600,308,126,121,46,229,395,"#ad buried as last hashtag",inadequate,post-content or absent,NON-COMPLIANT,"may help digestive comfort (PROHIBITED: 'may' + B. longum lacks RCT)",health_efficacy,No,§255.5,51744,2026-03-11,Casey Park,OPEN,ESCALATE TO CCO,N/A,No,"Sarah Chen escalation review",CAMP-2026-017,Podcast mention,No,No,Yes
SUPP-0930,@wellnesswithjenna,Facebook,2026-01-07,22:30:00,82849,26494,5.99,20734,984,578,223,30,394,1441,"Platform Paid Partnership only",inadequate,post-content or absent,NON-COMPLIANT,"Vitamin D3 supports immune function (compliant - RCT supported)",health_efficacy,Yes,§255.5,51744,2026-02-10,Alex Rivera (Ext.),OPEN,ESCALATE TO CCO,N/A,No,"Quarterly disclosure audit",CAMP-2026-013,Reel,Yes,No,No
SUPP-0931,@fitandfueled,YouTube,2026-03-11,14:15:00,44310,20375,0.62,19883,1182,555,185,37,350,2772,"Disclosure at post end",inadequate,post-content or absent,NON-COMPLIANT,"Gut health support tested in human trials (compliant)",general_wellness,Yes,§255.5,51744,2026-03-14,Jordan Ellis,IN_REVIEW,REMOVE CLAIM,N/A,No,"Supplemental audit batch March 2026",CAMP-2026-009,Story,No,No,No
SUPP-0932,@probiotic_life,Twitter/X,2026-03-21,07:00:00,53838,6731,0.82,5434,76,41,28,57,61,1004,"Disclosure in bio only",inadequate,post-content or absent,NON-COMPLIANT,"ProBio+ clinically studied for immunity (compliant phrasing)",general_wellness,Yes,§255.5,51744,2026-03-24,Sarah Chen,IN_REVIEW,OBTAIN LEGAL REVIEW,N/A,No,"Sarah Chen escalation review",CAMP-2026-014,Short video (<60s),No,No,No
SUPP-0933,@immunity_insider,Pinterest,2026-01-24,10:00:00,97350,21244,0.83,16124,118,70,273,313,206,1803,"AD text overlay (video)",inadequate,post-content or absent,NON-COMPLIANT,"Clinically demonstrated to enhance immunity (PROHIBITED: requires RCT for all ingredients)",health_efficacy,No,§255.5,51744,2026-02-27,Jordan Ellis,OPEN,OBTAIN LEGAL REVIEW,N/A,No,"Influencer remediation tracking",CAMP-2026-014,Reel,No,No,No
SUPP-0934,@supplementspro,Instagram,2026-01-02,09:30:00,65674,14753,5.84,11521,769,189,26,211,225,546,"Disclosure in bio only",inadequate,post-content or absent,NON-COMPLIANT,"L. acidophilus NCFM for immune health (compliant - 2 human RCTs)",health_efficacy,Yes,§255.5,51744,2026-02-05,Casey Park,PENDING,OBTAIN LEGAL REVIEW,N/A,No,"Influencer remediation tracking",CAMP-2026-013,Blog post,No,No,No
SUPP-0935,@nutriscience,Reels,2026-03-09,16:15:00,104810,24524,4.13,24260,1124,611,541,346,196,2754,"FTC compliant verbal + text",adequate,pre-content,COMPLIANT,"Results Not Typical disclaimer applies (OBSOLETE safe harbor - abolished 2009)",general_wellness,No,None,0,2026-03-12,Sarah Chen,RESOLVED,NONE,2026-03-16,No,"Quarterly disclosure audit",CAMP-2026-009,Carousel,No,No,No
SUPP-0936,@nourishednaturally,Snapchat,2026-02-21,11:15:00,70469,31562,3.26,25287,2338,760,364,418,1091,763,"Verbal only (video)",adequate,pre-content,COMPLIANT,"supports gut microbiome balance (compliant)",general_wellness,Yes,None,0,2026-03-24,Jordan Ellis,RESOLVED,NONE,2026-03-28,No,"Influencer remediation tracking",CAMP-2026-007,Reel,No,Yes,No
SUPP-0937,@vitalitycoach,Facebook,2026-02-10,15:45:00,58975,21420,1.71,16608,518,192,572,251,782,2268,"#gifted in hashtags",inadequate,post-content or absent,NON-COMPLIANT,"may help digestive comfort (PROHIBITED: 'may' + B. longum lacks RCT)",health_efficacy,No,§255.5,51744,2026-03-13,Jordan Ellis,IN_REVIEW,CONTRACT UPDATED,N/A,No,"Casey Park pre-launch clearance",CAMP-2026-017,Podcast mention,No,No,No
SUPP-0938,@nourishednaturally,TikTok,2026-01-06,15:30:00,28546,4191,6.32,3874,81,16,27,8,21,339,"#sponsored in middle",inadequate,post-content or absent,NON-COMPLIANT,"Results Not Typical disclaimer applies (OBSOLETE safe harbor - abolished 2009)",general_wellness,No,§255.5,51744,2026-02-09,Alex Rivera (Ext.),OPEN,CONTRACT UPDATED,N/A,No,"Supplemental audit batch March 2026",CAMP-2026-008,Static image,No,No,No
SUPP-0939,@fitandfueled,Instagram Stories,2026-02-28,09:30:00,91778,25096,6.54,25127,1760,637,706,246,692,3732,"Verbal only (video)",adequate,pre-content,COMPLIANT,"L. acidophilus NCFM for immune health (compliant - 2 human RCTs)",health_efficacy,Yes,None,0,2026-03-28,Alex Rivera (Ext.),RESOLVED,NONE,2026-03-28,No,"Influencer remediation tracking",CAMP-2026-007,Static image,No,Yes,No
SUPP-0940,@guthealth_guru,Twitter/X,2026-01-11,14:00:00,67419,35342,1.11,34106,2359,496,703,329,899,3092,"Disclosure in bio only",inadequate,post-content or absent,NON-COMPLIANT,"Gut health support tested in human trials (compliant)",general_wellness,Yes,§255.5,51744,2026-02-14,Casey Park,OPEN,INFLUENCER NOTIFIED,N/A,No,"Influencer remediation tracking",CAMP-2026-003,Long video (>60s),No,No,No
SUPP-0941,@cleanwellness,YouTube,2026-02-04,13:45:00,56029,21339,5.25,20615,465,99,482,149,263,2285,"#gifted in hashtags",inadequate,post-content or absent,NON-COMPLIANT,"Helps strengthen immunity (PROHIBITED: 'helps')",general_wellness,No,§255.5,51744,2026-03-07,Casey Park,PENDING,REMOVE CLAIM,N/A,No,"Post-CEO-retraction review round",CAMP-2026-008,Carousel,No,No,No
SUPP-0942,@nutriscience,Twitter/X,2026-01-17,16:15:00,87450,21867,3.82,20331,1619,444,579,260,170,811,"#ad first hashtag",adequate,pre-content,COMPLIANT,"Gut health support tested in human trials (compliant)",general_wellness,Yes,None,0,2026-02-20,Jordan Ellis,RESOLVED,NONE,2026-02-24,No,"Influencer remediation tracking",CAMP-2026-009,Podcast mention,No,No,Yes
SUPP-0943,@wellnesswithjenna,Reels,2026-01-21,17:00:00,103728,20454,4.71,21373,766,150,592,178,803,2139,"Verbal only (video)",adequate,pre-content,COMPLIANT,"Results Not Typical disclaimer applies (OBSOLETE safe harbor - abolished 2009)",general_wellness,No,None,0,2026-02-24,Jordan Ellis,RESOLVED,NONE,2026-02-28,No,"Post-update-1 compliance sweep",CAMP-2026-014,Short video (<60s),No,Yes,No
SUPP-0944,@guthealth_guru,Instagram,2026-03-11,17:00:00,14026,2671,5.71,2837,169,31,27,26,73,291,"Disclosure at post end",inadequate,post-content or absent,NON-COMPLIANT,"initial pilot data shows gut improvement (PROHIBITED: 'initial' + 'pilot')",general_wellness,No,§255.5,51744,2026-03-14,Jordan Ellis,PENDING,UPDATE DISCLOSURE,N/A,No,"Supplemental audit batch March 2026",CAMP-2026-012,Story,No,No,No
SUPP-0945,@immunity_insider,LinkedIn,2026-02-17,21:45:00,64766,19216,0.61,16260,687,208,192,61,570,2698,"#ad at post beginning",adequate,pre-content,COMPLIANT,"ProBio+ clinically studied for immunity (compliant phrasing)",general_wellness,Yes,None,0,2026-03-20,Jordan Ellis,RESOLVED,NONE,2026-03-24,No,"Sarah Chen escalation review",CAMP-2026-009,Blog post,No,No,Yes
SUPP-0946,@vitamindiary,Reels,2026-03-26,17:45:00,46886,24677,5.74,22420,666,90,505,358,571,1325,"#gifted in hashtags",inadequate,post-content or absent,NON-COMPLIANT,"Supports immune health (compliant with RCT)",health_efficacy,Yes,§255.5,51744,2026-03-28,Alex Rivera (Ext.),IN_REVIEW,ESCALATE TO CCO,N/A,No,"Quarterly disclosure audit",CAMP-2026-008,Short video (<60s),No,No,No
SUPP-0947,@nourishednaturally,Reels,2026-01-18,07:00:00,27585,8494,5.91,7915,264,81,95,109,100,1186,"#gifted in hashtags",inadequate,post-content or absent,NON-COMPLIANT,"Supports immune health (compliant with RCT)",health_efficacy,Yes,§255.5,51744,2026-02-21,Alex Rivera (Ext.),IN_REVIEW,ESCALATE TO CCO,N/A,No,"Sarah Chen escalation review",CAMP-2026-013,Long video (>60s),No,No,No
SUPP-0948,@fitandfueled,Instagram Stories,2026-02-26,11:30:00,38639,5314,6.64,4707,155,31,126,62,192,276,"No disclosure (first post)",inadequate,post-content or absent,NON-COMPLIANT,"preliminary research suggests (PROHIBITED)",general_wellness,No,§255.5,51744,2026-03-28,Jordan Ellis,PENDING,CONTRACT UPDATED,N/A,No,"Sarah Chen escalation review",CAMP-2026-013,Blog post,No,No,No
SUPP-0949,@immunity_insider,YouTube,2026-03-11,15:30:00,116778,32479,5.51,23266,2042,311,215,218,1233,3011,"#gifted in hashtags",inadequate,post-content or absent,NON-COMPLIANT,"B. longum promotes digestive wellness (insufficient evidence - no human RCT)",health_efficacy,No,§255.5,51744,2026-03-14,Jordan Ellis,PENDING,CONTRACT UPDATED,N/A,No,"Casey Park pre-launch clearance",CAMP-2026-010,Long video (>60s),No,No,No
SUPP-0950,@cleanwellness,Instagram,2026-01-28,14:00:00,83518,11248,4.83,8095,295,170,53,67,377,1001,"Platform Paid Partnership only",inadequate,post-content or absent,NON-COMPLIANT,"promising results in gut health (PROHIBITED: 'promising')",general_wellness,No,§255.5,51744,2026-02-28,Alex Rivera (Ext.),PENDING,COMPLIANT - NO ACTION,N/A,No,"Quarterly disclosure audit",CAMP-2026-014,Short video (<60s),Yes,No,No
SUPP-0951,@immunity_insider,YouTube,2026-03-11,19:15:00,69134,34023,1.54,26546,1931,825,522,392,1076,4583,"#gifted in hashtags",inadequate,post-content or absent,NON-COMPLIANT,"Helps strengthen immunity (PROHIBITED: 'helps')",general_wellness,No,§255.5,51744,2026-03-14,Casey Park,PENDING,INFLUENCER NOTIFIED,N/A,No,"Quarterly disclosure audit",CAMP-2026-008,Long video (>60s),No,No,No
SUPP-0952,@supplementspro,Instagram,2026-03-11,19:30:00,14913,6990,1.64,7590,164,52,142,75,101,801,"AD text overlay (video)",inadequate,post-content or absent,NON-COMPLIANT,"supports gut microbiome balance (compliant)",general_wellness,Yes,§255.5,51744,2026-03-14,Jordan Ellis,OPEN,COMPLIANT - NO ACTION,N/A,No,"Influencer remediation tracking",CAMP-2026-006,Podcast mention,No,No,No
SUPP-0953,@cleanwellness,Snapchat,2026-01-26,18:15:00,99069,22737,4.17,16650,776,333,299,284,605,1416,"Disclosure in bio only",inadequate,post-content or absent,NON-COMPLIANT,"Doctor recommended for gut wellness (REQUIRES expert disclosure §255.3)",general_wellness,No,§255.5,51744,2026-02-28,Alex Rivera (Ext.),OPEN,OBTAIN LEGAL REVIEW,N/A,No,"Sarah Chen escalation review",CAMP-2026-014,Blog post,No,No,No
SUPP-0954,@immunity_insider,Reels,2026-03-14,13:30:00,78392,13742,4.31,13032,394,160,91,189,323,960,"Disclosure at post end",inadequate,post-content or absent,NON-COMPLIANT,"Clinically demonstrated to enhance immunity (PROHIBITED: requires RCT for all ingredients)",health_efficacy,No,§255.5,51744,2026-03-17,Casey Park,OPEN,INFLUENCER NOTIFIED,N/A,No,"Quarterly disclosure audit",CAMP-2026-015,Short video (<60s),No,No,No
SUPP-0955,@digestive_digest,YouTube,2026-03-26,20:15:00,55818,7686,5.72,8166,133,40,201,67,58,898,"No disclosure",inadequate,post-content or absent,NON-COMPLIANT,"preliminary research suggests (PROHIBITED)",general_wellness,No,§255.5,51744,2026-03-28,Alex Rivera (Ext.),IN_REVIEW,OBTAIN LEGAL REVIEW,N/A,No,"Casey Park pre-launch clearance",CAMP-2026-015,Carousel,No,No,No
SUPP-0956,@supplementspro,Twitter/X,2026-02-21,20:30:00,58594,21934,2.55,20822,1559,287,56,212,777,1909,"#ad first hashtag",adequate,pre-content,COMPLIANT,"preliminary research suggests (PROHIBITED)",general_wellness,No,None,0,2026-03-24,Jordan Ellis,RESOLVED,NONE,2026-03-28,No,"Post-CEO-retraction review round",CAMP-2026-004,Live session,No,No,Yes
SUPP-0957,@probiotic_life,Pinterest,2026-01-21,21:30:00,116078,19020,5.84,14409,1290,358,543,230,264,2422,"#ad buried as last hashtag",inadequate,post-content or absent,NON-COMPLIANT,"Clinically demonstrated to enhance immunity (PROHIBITED: requires RCT for all ingredients)",health_efficacy,No,§255.5,51744,2026-02-24,Casey Park,IN_REVIEW,UPDATE DISCLOSURE,N/A,No,"Influencer remediation tracking",CAMP-2026-013,Podcast mention,No,No,Yes
SUPP-0958,@vitalitycoach,TikTok,2026-02-13,21:45:00,18304,8919,6.04,9098,370,54,126,62,331,695,"AD text overlay (video)",inadequate,post-content or absent,NON-COMPLIANT,"may help digestive comfort (PROHIBITED: 'may' + B. longum lacks RCT)",health_efficacy,No,§255.5,51744,2026-03-16,Alex Rivera (Ext.),PENDING,UPDATE DISCLOSURE,N/A,No,"Casey Park pre-launch clearance",CAMP-2026-009,Live session,No,No,No
SUPP-0959,@vitalitycoach,Instagram Stories,2026-02-04,09:30:00,23063,7591,7.12,7438,98,13,198,112,183,405,"#ad first hashtag",adequate,pre-content,COMPLIANT,"may help digestive comfort (PROHIBITED: 'may' + B. longum lacks RCT)",health_efficacy,No,None,0,2026-03-07,Alex Rivera (Ext.),RESOLVED,NONE,2026-03-11,No,"Supplemental audit batch March 2026",CAMP-2026-005,Long video (>60s),No,No,Yes
SUPP-0960,@supplementspro,Reels,2026-01-10,11:30:00,102723,20401,4.17,20129,956,410,521,293,334,1027,"No disclosure (first post)",inadequate,post-content or absent,NON-COMPLIANT,"Clinically demonstrated to enhance immunity (PROHIBITED: requires RCT for all ingredients)",health_efficacy,No,§255.5,51744,2026-02-13,Jordan Ellis,OPEN,REMOVE CLAIM,N/A,No,"Post-CEO-retraction review round",CAMP-2026-011,Live session,No,No,No
SUPP-0961,@wellnesswithjenna,Facebook,2026-03-08,21:00:00,30440,4949,6.44,3541,187,72,138,61,72,426,"Platform Paid Partnership only",inadequate,post-content or absent,NON-COMPLIANT,"initial pilot data shows gut improvement (PROHIBITED: 'initial' + 'pilot')",general_wellness,No,§255.5,51744,2026-03-11,Alex Rivera (Ext.),IN_REVIEW,ESCALATE TO CCO,N/A,No,"Quarterly disclosure audit",CAMP-2026-004,Podcast mention,Yes,No,No
SUPP-0962,@vitamindiary,Twitter/X,2026-02-27,22:45:00,44315,13844,3.76,13531,920,287,54,127,380,368,"#ad at post beginning",adequate,pre-content,COMPLIANT,"may help digestive comfort (PROHIBITED: 'may' + B. longum lacks RCT)",health_efficacy,No,None,0,2026-03-28,Jordan Ellis,RESOLVED,NONE,2026-03-28,No,"Post-update-1 compliance sweep",CAMP-2026-004,Long video (>60s),No,No,Yes
SUPP-0963,@guthealth_guru,Pinterest,2026-01-05,17:15:00,83704,32412,0.57,34745,1425,376,57,204,1107,1400,"Verbal only (video)",adequate,pre-content,COMPLIANT,"ProBio+ clinically studied for immunity (compliant phrasing)",general_wellness,Yes,None,0,2026-02-08,Sarah Chen,RESOLVED,NONE,2026-02-12,No,"Sarah Chen escalation review",CAMP-2026-014,Carousel,No,Yes,No
SUPP-0964,@nutriscience,Twitter/X,2026-01-23,07:45:00,77781,33322,2.75,26253,450,55,738,450,997,1931,"#ad first hashtag",adequate,pre-content,COMPLIANT,"ProBio+ clinically studied for immunity (compliant phrasing)",general_wellness,Yes,None,0,2026-02-26,Jordan Ellis,RESOLVED,NONE,2026-02-28,No,"Quarterly disclosure audit",CAMP-2026-018,Carousel,No,No,Yes
SUPP-0965,@nourishednaturally,Twitter/X,2026-01-15,18:00:00,88655,10409,3.56,10171,325,144,79,33,269,807,"Paid collab sticker only",inadequate,post-content or absent,NON-COMPLIANT,"Supports immune health (compliant with RCT)",health_efficacy,Yes,§255.5,51744,2026-02-18,Jordan Ellis,IN_REVIEW,OBTAIN LEGAL REVIEW,N/A,No,"Influencer remediation tracking",CAMP-2026-017,Podcast mention,No,No,No
SUPP-0966,@nutriscience,Reels,2026-01-12,16:45:00,49364,21161,5.76,19264,488,156,117,145,755,1433,"Disclosure in bio only",inadequate,post-content or absent,NON-COMPLIANT,"Doctor recommended for gut wellness (REQUIRES expert disclosure §255.3)",general_wellness,No,§255.5,51744,2026-02-15,Sarah Chen,PENDING,COMPLIANT - NO ACTION,N/A,No,"Sarah Chen escalation review",CAMP-2026-001,Reel,No,No,No
SUPP-0967,@probiotic_life,YouTube,2026-02-18,17:45:00,37010,9991,4.3,9630,460,199,124,50,320,1253,"No disclosure",inadequate,post-content or absent,NON-COMPLIANT,"preliminary research suggests (PROHIBITED)",general_wellness,No,§255.5,51744,2026-03-21,Alex Rivera (Ext.),IN_REVIEW,CONTRACT UPDATED,N/A,No,"Sarah Chen escalation review",CAMP-2026-004,Carousel,No,No,No
SUPP-0968,@nourishednaturally,LinkedIn,2026-01-01,07:15:00,114654,34830,1.15,24402,346,96,854,444,962,3262,"No disclosure (first post)",inadequate,post-content or absent,NON-COMPLIANT,"Science-backed probiotic formula (compliant general claim)",general_wellness,Yes,§255.5,51744,2026-02-04,Sarah Chen,OPEN,REMOVE CLAIM,N/A,No,"Quarterly disclosure audit",CAMP-2026-002,Carousel,No,No,No
SUPP-0969,@wellnesswithjenna,Instagram,2026-02-07,17:00:00,62741,25592,3.44,22138,1465,843,707,308,187,2988,"Disclosure in bio only",inadequate,post-content or absent,NON-COMPLIANT,"may help digestive comfort (PROHIBITED: 'may' + B. longum lacks RCT)",health_efficacy,No,§255.5,51744,2026-03-10,Sarah Chen,IN_REVIEW,MONITORING,N/A,No,"Influencer remediation tracking",CAMP-2026-011,Blog post,No,No,No
SUPP-0970,@digestive_digest,Facebook,2026-03-04,18:45:00,100655,13994,1.27,11409,858,427,278,20,489,317,"#ad first hashtag",adequate,pre-content,COMPLIANT,"promising results in gut health (PROHIBITED: 'promising')",general_wellness,No,None,0,2026-03-07,Sarah Chen,RESOLVED,NONE,2026-03-11,No,"Post-update-1 compliance sweep",CAMP-2026-006,Live session,No,No,Yes
SUPP-0971,@nutriscience,Instagram,2026-03-15,16:00:00,104853,52386,0.62,39733,1786,650,245,460,941,5258,"#ad at post beginning",adequate,pre-content,COMPLIANT,"preliminary research suggests (PROHIBITED)",general_wellness,No,None,0,2026-03-18,Alex Rivera (Ext.),RESOLVED,NONE,2026-03-22,No,"Post-CEO-retraction review round",CAMP-2026-009,Static image,No,No,Yes
SUPP-0972,@guthealth_guru,Instagram,2026-02-10,10:30:00,114333,34850,1.98,28111,2378,521,956,211,122,1199,"#ad buried as last hashtag",inadequate,post-content or absent,NON-COMPLIANT,"initial pilot data shows gut improvement (PROHIBITED: 'initial' + 'pilot')",general_wellness,No,§255.5,51744,2026-03-13,Jordan Ellis,PENDING,INFLUENCER NOTIFIED,N/A,No,"Quarterly disclosure audit",CAMP-2026-007,Long video (>60s),No,No,Yes
SUPP-0973,@immunity_insider,Twitter/X,2026-01-20,11:45:00,45376,22973,3.2,23943,1394,256,47,315,441,2486,"No disclosure (first post)",inadequate,post-content or absent,NON-COMPLIANT,"may help immune function (PROHIBITED: 'may')",health_efficacy,No,§255.5,51744,2026-02-23,Alex Rivera (Ext.),PENDING,UPDATE DISCLOSURE,N/A,No,"Casey Park pre-launch clearance",CAMP-2026-015,Carousel,No,No,No
SUPP-0974,@probiotic_life,Instagram,2026-01-14,19:15:00,19600,4259,3.13,4145,327,126,99,8,93,222,"Platform Paid Partnership only",inadequate,post-content or absent,NON-COMPLIANT,"B. longum promotes digestive wellness (insufficient evidence - no human RCT)",health_efficacy,No,§255.5,51744,2026-02-17,Jordan Ellis,IN_REVIEW,UPDATE DISCLOSURE,N/A,No,"Casey Park pre-launch clearance",CAMP-2026-001,Reel,Yes,No,No
SUPP-0975,@cleanwellness,Snapchat,2026-02-13,20:15:00,28085,4671,6.34,3354,288,60,50,63,126,490,"No disclosure",inadequate,post-content or absent,NON-COMPLIANT,"Clinically demonstrated to enhance immunity (PROHIBITED: requires RCT for all ingredients)",health_efficacy,No,§255.5,51744,2026-03-16,Alex Rivera (Ext.),IN_REVIEW,MONITORING,N/A,No,"Post-CEO-retraction review round",CAMP-2026-016,Static image,No,No,No
SUPP-0976,@digestive_digest,Facebook,2026-01-05,21:15:00,111366,48368,1.89,43702,2156,1011,507,364,1224,5080,"#ad at post beginning",adequate,pre-content,COMPLIANT,"promising results in gut health (PROHIBITED: 'promising')",general_wellness,No,None,0,2026-02-08,Casey Park,RESOLVED,NONE,2026-02-12,No,"Post-update-1 compliance sweep",CAMP-2026-003,Podcast mention,No,No,Yes
SUPP-0977,@probiotic_life,Instagram Stories,2026-03-07,23:00:00,113478,17378,5.07,18853,386,221,267,68,251,428,"#ad at post beginning",adequate,pre-content,COMPLIANT,"B. longum promotes digestive wellness (insufficient evidence - no human RCT)",health_efficacy,No,None,0,2026-03-10,Alex Rivera (Ext.),RESOLVED,NONE,2026-03-14,No,"Quarterly disclosure audit",CAMP-2026-004,Live session,No,No,Yes
SUPP-0978,@nutriscience,TikTok,2026-02-19,11:30:00,81360,36872,6.96,34397,1799,782,954,299,955,3087,"Disclosure at post end",inadequate,post-content or absent,NON-COMPLIANT,"Helps strengthen immunity (PROHIBITED: 'helps')",general_wellness,No,§255.5,51744,2026-03-22,Jordan Ellis,IN_REVIEW,CONTRACT UPDATED,N/A,No,"Sarah Chen escalation review",CAMP-2026-015,Blog post,No,No,No
SUPP-0979,@microbiome_maven,TikTok,2026-01-15,10:00:00,72757,8534,6.31,8450,510,94,192,60,317,477,"#sponsored in middle",inadequate,post-content or absent,NON-COMPLIANT,"preliminary research suggests (PROHIBITED)",general_wellness,No,§255.5,51744,2026-02-18,Alex Rivera (Ext.),OPEN,ESCALATE TO CCO,N/A,No,"Post-CEO-retraction review round",CAMP-2026-011,Long video (>60s),No,No,No
SUPP-0980,@vitalitycoach,TikTok,2026-01-27,10:45:00,44384,14231,6.35,15270,525,156,149,148,389,908,"FTC compliant verbal + text",adequate,pre-content,COMPLIANT,"Doctor recommended for gut wellness (REQUIRES expert disclosure §255.3)",general_wellness,No,None,0,2026-02-28,Alex Rivera (Ext.),RESOLVED,NONE,2026-02-28,No,"Quarterly disclosure audit",CAMP-2026-003,Blog post,No,No,No
SUPP-0981,@vitalitycoach,Snapchat,2026-02-14,18:45:00,33724,14058,6.48,15385,674,343,15,59,99,1611,"No disclosure (first post)",inadequate,post-content or absent,NON-COMPLIANT,"may help digestive comfort (PROHIBITED: 'may' + B. longum lacks RCT)",health_efficacy,No,§255.5,51744,2026-03-17,Sarah Chen,PENDING,INFLUENCER NOTIFIED,N/A,No,"Supplemental audit batch March 2026",CAMP-2026-001,Long video (>60s),No,No,No
SUPP-0982,@fitandfueled,Instagram Stories,2026-03-08,11:45:00,50225,17582,7.48,17504,990,105,514,208,212,1395,"#ad first hashtag",adequate,pre-content,COMPLIANT,"ProBio+ clinically studied for immunity (compliant phrasing)",general_wellness,Yes,None,0,2026-03-11,Jordan Ellis,RESOLVED,NONE,2026-03-15,No,"Sarah Chen escalation review",CAMP-2026-004,Static image,No,No,Yes
SUPP-0983,@cleanwellness,Reels,2026-03-20,13:15:00,77048,20485,5.57,15159,248,95,391,299,723,767,"Paid collab sticker only",inadequate,post-content or absent,NON-COMPLIANT,"may help immune function (PROHIBITED: 'may')",health_efficacy,No,§255.5,51744,2026-03-23,Alex Rivera (Ext.),PENDING,REMOVE CLAIM,N/A,No,"Casey Park pre-launch clearance",CAMP-2026-015,Carousel,No,No,No
SUPP-0984,@digestive_digest,Snapchat,2026-02-21,12:15:00,69277,23016,5.29,20603,285,64,127,310,589,1253,"#ad first hashtag",adequate,pre-content,COMPLIANT,"Vitamin D3 supports immune function (compliant - RCT supported)",health_efficacy,Yes,None,0,2026-03-24,Casey Park,RESOLVED,NONE,2026-03-28,No,"Quarterly disclosure audit",CAMP-2026-002,Short video (<60s),No,No,Yes
SUPP-0985,@nutriscience,Snapchat,2026-03-17,19:45:00,101937,11597,5.5,12059,489,195,163,70,427,276,"Disclosure in bio only",inadequate,post-content or absent,NON-COMPLIANT,"Probiotic of choice for digestive health (compliant general claim)",general_wellness,Yes,§255.5,51744,2026-03-20,Casey Park,IN_REVIEW,MONITORING,N/A,No,"Post-update-1 compliance sweep",CAMP-2026-014,Long video (>60s),No,No,No
SUPP-0986,@microbiome_maven,Reels,2026-01-06,20:45:00,25760,4826,4.85,3764,234,66,54,52,156,268,"Verbal only (video)",adequate,pre-content,COMPLIANT,"B. longum promotes digestive wellness (insufficient evidence - no human RCT)",health_efficacy,No,None,0,2026-02-09,Casey Park,RESOLVED,NONE,2026-02-13,No,"Sarah Chen escalation review",CAMP-2026-011,Reel,No,Yes,No
SUPP-0987,@wellnesswithjenna,LinkedIn,2026-03-10,23:45:00,64425,35040,5.58,25704,932,181,398,202,1344,2197,"No disclosure",inadequate,post-content or absent,NON-COMPLIANT,"Doctor recommended for gut wellness (REQUIRES expert disclosure §255.3)",general_wellness,No,§255.5,51744,2026-03-13,Sarah Chen,OPEN,INFLUENCER NOTIFIED,N/A,No,"Casey Park pre-launch clearance",CAMP-2026-009,Live session,No,No,No
SUPP-0988,@supplementspro,YouTube,2026-01-18,15:00:00,63439,32340,5.94,28458,573,238,227,326,283,3556,"Platform Paid Partnership only",inadequate,post-content or absent,NON-COMPLIANT,"Doctor-Formulated for immunity (REQUIRES substantiation per revised audit letter)",general_wellness,No,§255.5,51744,2026-02-21,Alex Rivera (Ext.),OPEN,INFLUENCER NOTIFIED,N/A,No,"Quarterly disclosure audit",CAMP-2026-010,Reel,Yes,No,No
SUPP-0989,@vitalitycoach,Instagram,2026-03-02,23:00:00,111927,31381,5.39,26629,207,87,832,433,679,1523,"Ad: at beginning",adequate,pre-content,COMPLIANT,"No health claim made (compliant)",general_wellness,Yes,None,0,2026-03-05,Alex Rivera (Ext.),RESOLVED,NONE,2026-03-09,No,"Quarterly disclosure audit",CAMP-2026-011,Live session,No,No,Yes
SUPP-0990,@cleanwellness,Twitter/X,2026-03-27,11:00:00,99516,45455,3.86,48764,2025,955,183,383,299,1155,"#gifted in hashtags",inadequate,post-content or absent,NON-COMPLIANT,"may help immune function (PROHIBITED: 'may')",health_efficacy,No,§255.5,51744,2026-03-28,Alex Rivera (Ext.),IN_REVIEW,MONITORING,N/A,No,"Sarah Chen escalation review",CAMP-2026-014,Short video (<60s),No,No,No
SUPP-0991,@vitamindiary,LinkedIn,2026-02-16,23:45:00,67095,33878,6.66,24214,1005,156,696,255,1014,3695,"#ad first hashtag",adequate,pre-content,COMPLIANT,"Results Not Typical disclaimer applies (OBSOLETE safe harbor - abolished 2009)",general_wellness,No,None,0,2026-03-19,Casey Park,RESOLVED,NONE,2026-03-23,No,"Quarterly disclosure audit",CAMP-2026-019,Reel,No,No,Yes
SUPP-0992,@fitandfueled,TikTok,2026-03-22,22:15:00,109164,27977,4.79,21371,1776,345,85,71,611,4177,"Paid collab sticker only",inadequate,post-content or absent,NON-COMPLIANT,"Vitamin D3 supports immune function (compliant - RCT supported)",health_efficacy,Yes,§255.5,51744,2026-03-25,Jordan Ellis,OPEN,UPDATE DISCLOSURE,N/A,No,"Influencer remediation tracking",CAMP-2026-006,Podcast mention,No,No,No
SUPP-0993,@fitandfueled,Instagram,2026-01-27,08:30:00,96546,29304,2.65,29551,1691,730,133,80,317,1418,"#ad buried as last hashtag",inadequate,post-content or absent,NON-COMPLIANT,"Helps strengthen immunity (PROHIBITED: 'helps')",general_wellness,No,§255.5,51744,2026-02-28,Alex Rivera (Ext.),OPEN,INFLUENCER NOTIFIED,N/A,No,"Casey Park pre-launch clearance",CAMP-2026-005,Long video (>60s),No,No,Yes
SUPP-0994,@holistic_health_hub,LinkedIn,2026-02-03,12:30:00,40641,17985,4.72,13092,1410,547,490,225,670,1946,"Platform Paid Partnership only",inadequate,post-content or absent,NON-COMPLIANT,"Probiotic of choice for digestive health (compliant general claim)",general_wellness,Yes,§255.5,51744,2026-03-06,Jordan Ellis,IN_REVIEW,MONITORING,N/A,No,"Casey Park pre-launch clearance",CAMP-2026-018,Live session,Yes,No,No
SUPP-0995,@immunity_insider,TikTok,2026-01-15,19:15:00,81522,30568,7.35,33382,2174,1209,887,334,202,4273,"#ad at post beginning",adequate,pre-content,COMPLIANT,"Vitamin D3 supports immune function (compliant - RCT supported)",health_efficacy,Yes,None,0,2026-02-18,Alex Rivera (Ext.),RESOLVED,NONE,2026-02-22,No,"Quarterly disclosure audit",CAMP-2026-006,Short video (<60s),No,No,Yes
SUPP-0996,@holistic_health_hub,YouTube,2026-01-15,22:45:00,114064,18156,1.51,15907,903,328,132,20,214,1709,"FTC compliant verbal + text",adequate,pre-content,COMPLIANT,"B. longum promotes digestive wellness (insufficient evidence - no human RCT)",health_efficacy,No,None,0,2026-02-18,Sarah Chen,RESOLVED,NONE,2026-02-22,No,"Supplemental audit batch March 2026",CAMP-2026-005,Reel,No,No,No
SUPP-0997,@digestive_digest,TikTok,2026-01-12,23:45:00,19790,7901,5.46,6042,157,73,169,16,188,1141,"Disclosure in bio only",inadequate,post-content or absent,NON-COMPLIANT,"L. acidophilus NCFM for immune health (compliant - 2 human RCTs)",health_efficacy,Yes,§255.5,51744,2026-02-15,Alex Rivera (Ext.),OPEN,COMPLIANT - NO ACTION,N/A,No,"Post-update-1 compliance sweep",CAMP-2026-001,Carousel,No,No,No
SUPP-0998,@digestive_digest,Instagram Stories,2026-02-18,15:00:00,83313,20206,1.3,15330,589,112,326,159,256,2719,"#ad first hashtag",adequate,pre-content,COMPLIANT,"Vitamin D3 supports immune function (compliant - RCT supported)",health_efficacy,Yes,None,0,2026-03-21,Jordan Ellis,RESOLVED,NONE,2026-03-25,No,"Casey Park pre-launch clearance",CAMP-2026-013,Carousel,No,No,Yes
SUPP-0999,@cleanwellness,Pinterest,2026-02-23,07:00:00,114929,39936,6.27,28039,1318,760,744,524,1170,5204,"Platform Paid Partnership only",inadequate,post-content or absent,NON-COMPLIANT,"Vitamin D3 supports immune function (compliant - RCT supported)",health_efficacy,Yes,§255.5,51744,2026-03-26,Sarah Chen,OPEN,INFLUENCER NOTIFIED,N/A,No,"Casey Park pre-launch clearance",CAMP-2026-014,Static image,Yes,No,No
SUPP-1000,@cleanwellness,Reels,2026-01-05,07:45:00,81214,36561,4.27,25862,772,228,218,220,280,4085,"Verbal only (video)",adequate,pre-content,COMPLIANT,"No health claim made (compliant)",general_wellness,Yes,None,0,2026-02-08,Alex Rivera (Ext.),RESOLVED,NONE,2026-02-12,No,"Post-CEO-retraction review round",CAMP-2026-003,Podcast mention,No,Yes,No
SUPP-1001,@vitalitycoach,LinkedIn,2026-02-14,17:00:00,56675,20491,1.42,18541,1467,747,438,253,296,2764,"Platform Paid Partnership only",inadequate,post-content or absent,NON-COMPLIANT,"Results Not Typical disclaimer applies (OBSOLETE safe harbor - abolished 2009)",general_wellness,No,§255.5,51744,2026-03-17,Sarah Chen,PENDING,UPDATE DISCLOSURE,N/A,No,"Casey Park pre-launch clearance",CAMP-2026-007,Podcast mention,Yes,No,No
SUPP-1002,@fitandfueled,Reels,2026-01-15,23:45:00,119342,56244,4.01,61379,3094,965,280,396,1645,6048,"#gifted in hashtags",inadequate,post-content or absent,NON-COMPLIANT,"L. acidophilus NCFM for immune health (compliant - 2 human RCTs)",health_efficacy,Yes,§255.5,51744,2026-02-18,Alex Rivera (Ext.),PENDING,MONITORING,N/A,No,"Post-CEO-retraction review round",CAMP-2026-007,Live session,No,No,No
SUPP-1003,@immunity_insider,Pinterest,2026-02-17,09:45:00,107499,56662,5.48,42591,3938,1281,618,445,371,5343,"#ad at post beginning",adequate,pre-content,COMPLIANT,"L. acidophilus NCFM for immune health (compliant - 2 human RCTs)",health_efficacy,Yes,None,0,2026-03-20,Casey Park,RESOLVED,NONE,2026-03-24,No,"Supplemental audit batch March 2026",CAMP-2026-003,Reel,No,No,Yes
SUPP-1004,@wellnesswithjenna,Facebook,2026-01-09,08:30:00,10052,4248,4.21,4503,321,63,117,14,138,593,"Verbal only (video)",adequate,pre-content,COMPLIANT,"Science-backed probiotic formula (compliant general claim)",general_wellness,Yes,None,0,2026-02-12,Alex Rivera (Ext.),RESOLVED,NONE,2026-02-16,No,"Post-CEO-retraction review round",CAMP-2026-010,Carousel,No,Yes,No
SUPP-1005,@microbiome_maven,LinkedIn,2026-01-18,10:00:00,46759,20646,3.21,16717,1567,417,471,166,825,1620,"#gifted in hashtags",inadequate,post-content or absent,NON-COMPLIANT,"L. acidophilus NCFM for immune health (compliant - 2 human RCTs)",health_efficacy,Yes,§255.5,51744,2026-02-21,Alex Rivera (Ext.),OPEN,INFLUENCER NOTIFIED,N/A,No,"Sarah Chen escalation review",CAMP-2026-016,Story,No,No,No
SUPP-1006,@immunity_insider,TikTok,2026-01-12,09:15:00,30329,12178,7.1,10619,841,421,209,137,457,309,"AD text overlay (video)",inadequate,post-content or absent,NON-COMPLIANT,"supports gut microbiome balance (compliant)",general_wellness,Yes,§255.5,51744,2026-02-15,Alex Rivera (Ext.),IN_REVIEW,MONITORING,N/A,No,"Post-CEO-retraction review round",CAMP-2026-019,Blog post,No,No,No
SUPP-1007,@supplementspro,YouTube,2026-01-06,22:15:00,42758,16088,5.91,15645,890,481,115,204,424,2144,"#ad at post beginning",adequate,pre-content,COMPLIANT,"Helps strengthen immunity (PROHIBITED: 'helps')",general_wellness,No,None,0,2026-02-09,Casey Park,RESOLVED,NONE,2026-02-13,No,"Casey Park pre-launch clearance",CAMP-2026-001,Blog post,No,No,Yes
SUPP-1008,@nourishednaturally,Instagram,2026-03-07,10:15:00,49302,8990,6.42,9079,147,33,27,134,332,510,"Verbal only (video)",adequate,pre-content,COMPLIANT,"promising results in gut health (PROHIBITED: 'promising')",general_wellness,No,None,0,2026-03-10,Casey Park,RESOLVED,NONE,2026-03-14,No,"Sarah Chen escalation review",CAMP-2026-007,Podcast mention,No,Yes,No
SUPP-1009,@holistic_health_hub,Snapchat,2026-03-03,13:45:00,111899,23117,6.03,21566,1135,495,388,84,529,1669,"#ad first hashtag",adequate,pre-content,COMPLIANT,"may help digestive comfort (PROHIBITED: 'may' + B. longum lacks RCT)",health_efficacy,No,None,0,2026-03-06,Alex Rivera (Ext.),RESOLVED,NONE,2026-03-10,No,"Influencer remediation tracking",CAMP-2026-019,Static image,No,No,Yes
SUPP-1010,@cleanwellness,Twitter/X,2026-03-16,15:45:00,83758,24719,6.35,26072,1211,293,434,319,563,653,"AD text overlay (video)",inadequate,post-content or absent,NON-COMPLIANT,"promising results in gut health (PROHIBITED: 'promising')",general_wellness,No,§255.5,51744,2026-03-19,Jordan Ellis,PENDING,COMPLIANT - NO ACTION,N/A,No,"Influencer remediation tracking",CAMP-2026-004,Carousel,No,No,No
SUPP-1011,@nourishednaturally,Pinterest,2026-01-12,20:30:00,80888,31987,3.43,22543,737,212,938,109,420,2692,"Disclosure at post end",inadequate,post-content or absent,NON-COMPLIANT,"promising results in gut health (PROHIBITED: 'promising')",general_wellness,No,§255.5,51744,2026-02-15,Jordan Ellis,IN_REVIEW,INFLUENCER NOTIFIED,N/A,No,"Casey Park pre-launch clearance",CAMP-2026-001,Live session,No,No,No
SUPP-1012,@immunity_insider,Reels,2026-02-02,10:30:00,17515,3389,6.38,3276,135,43,38,12,40,250,"FTC compliant verbal + text",adequate,pre-content,COMPLIANT,"preliminary research suggests (PROHIBITED)",general_wellness,No,None,0,2026-03-05,Sarah Chen,RESOLVED,NONE,2026-03-09,No,"Supplemental audit batch March 2026",CAMP-2026-014,Live session,No,No,No
SUPP-1013,@vitamindiary,Twitter/X,2026-02-15,19:45:00,27136,6995,0.67,6685,299,65,120,78,41,240,"No disclosure (first post)",inadequate,post-content or absent,NON-COMPLIANT,"Vitamin D3 supports immune function (compliant - RCT supported)",health_efficacy,Yes,§255.5,51744,2026-03-18,Sarah Chen,OPEN,OBTAIN LEGAL REVIEW,N/A,No,"Quarterly disclosure audit",CAMP-2026-008,Short video (<60s),No,No,No
SUPP-1014,@immunity_insider,Instagram,2026-02-26,08:15:00,59347,13948,1.8,10560,887,239,267,126,428,473,"#gifted in hashtags",inadequate,post-content or absent,NON-COMPLIANT,"may help digestive comfort (PROHIBITED: 'may' + B. longum lacks RCT)",health_efficacy,No,§255.5,51744,2026-03-28,Alex Rivera (Ext.),IN_REVIEW,MONITORING,N/A,No,"Sarah Chen escalation review",CAMP-2026-016,Live session,No,No,No
SUPP-1015,@nutriscience,LinkedIn,2026-02-05,21:00:00,105283,54395,5.92,38222,4109,1521,73,111,1834,4220,"No disclosure",inadequate,post-content or absent,NON-COMPLIANT,"Science-backed probiotic formula (compliant general claim)",general_wellness,Yes,§255.5,51744,2026-03-08,Sarah Chen,PENDING,MONITORING,N/A,No,"Influencer remediation tracking",CAMP-2026-002,Reel,No,No,No
SUPP-1016,@supplementspro,LinkedIn,2026-03-09,10:30:00,18138,5893,6.54,6342,295,126,96,73,166,633,"Disclosure in bio only",inadequate,post-content or absent,NON-COMPLIANT,"Helps strengthen immunity (PROHIBITED: 'helps')",general_wellness,No,§255.5,51744,2026-03-12,Jordan Ellis,IN_REVIEW,UPDATE DISCLOSURE,N/A,No,"Post-CEO-retraction review round",CAMP-2026-005,Carousel,No,No,No
SUPP-1017,@immunity_insider,YouTube,2026-03-18,13:45:00,48461,7060,2.24,6706,483,116,50,76,15,434,"AD text overlay (video)",inadequate,post-content or absent,NON-COMPLIANT,"ProBio+ clinically studied for immunity (compliant phrasing)",general_wellness,Yes,§255.5,51744,2026-03-21,Alex Rivera (Ext.),OPEN,CONTRACT UPDATED,N/A,No,"Supplemental audit batch March 2026",CAMP-2026-003,Blog post,No,No,No
SUPP-1018,@nutriscience,Instagram,2026-01-09,12:00:00,74727,26126,7.11,21031,1686,236,247,44,173,3615,"Disclosure at post end",inadequate,post-content or absent,NON-COMPLIANT,"Probiotic of choice for digestive health (compliant general claim)",general_wellness,Yes,§255.5,51744,2026-02-12,Jordan Ellis,OPEN,UPDATE DISCLOSURE,N/A,No,"Post-CEO-retraction review round",CAMP-2026-019,Podcast mention,No,No,No
SUPP-1019,@vitalitycoach,TikTok,2026-03-02,08:30:00,46993,24645,7.45,26150,940,457,544,214,897,1618,"FTC compliant verbal + text",adequate,pre-content,COMPLIANT,"may help digestive comfort (PROHIBITED: 'may' + B. longum lacks RCT)",health_efficacy,No,None,0,2026-03-05,Jordan Ellis,RESOLVED,NONE,2026-03-09,No,"Supplemental audit batch March 2026",CAMP-2026-019,Story,No,No,No
SUPP-1020,@digestive_digest,Reels,2026-01-10,09:00:00,111732,36301,3.21,25832,2786,1058,269,180,927,2872,"Verbal only (video)",adequate,pre-content,COMPLIANT,"promising results in gut health (PROHIBITED: 'promising')",general_wellness,No,None,0,2026-02-13,Alex Rivera (Ext.),RESOLVED,NONE,2026-02-17,No,"Sarah Chen escalation review",CAMP-2026-006,Live session,No,Yes,No
SUPP-1021,@cleanwellness,Facebook,2026-02-21,23:00:00,33520,9098,1.65,9928,243,114,94,114,160,663,"AD text overlay (video)",inadequate,post-content or absent,NON-COMPLIANT,"Clinically demonstrated to enhance immunity (PROHIBITED: requires RCT for all ingredients)",health_efficacy,No,§255.5,51744,2026-03-24,Sarah Chen,OPEN,COMPLIANT - NO ACTION,N/A,No,"Sarah Chen escalation review",CAMP-2026-019,Blog post,No,No,No
SUPP-1022,@holistic_health_hub,Facebook,2026-03-02,19:00:00,55181,14007,3.12,10109,536,93,31,156,293,1555,"Disclosure in bio only",inadequate,post-content or absent,NON-COMPLIANT,"initial pilot data shows gut improvement (PROHIBITED: 'initial' + 'pilot')",general_wellness,No,§255.5,51744,2026-03-05,Casey Park,IN_REVIEW,OBTAIN LEGAL REVIEW,N/A,No,"Influencer remediation tracking",CAMP-2026-001,Reel,No,No,No
SUPP-1023,@cleanwellness,LinkedIn,2026-03-10,18:15:00,38003,14185,5.95,13915,131,54,161,47,520,642,"Verbal only (video)",adequate,pre-content,COMPLIANT,"Gut health support tested in human trials (compliant)",general_wellness,Yes,None,0,2026-03-13,Alex Rivera (Ext.),RESOLVED,NONE,2026-03-17,No,"Post-CEO-retraction review round",CAMP-2026-005,Live session,No,Yes,No
SUPP-1024,@vitamindiary,Twitter/X,2026-01-05,20:15:00,17571,3642,5.79,3310,234,129,33,42,16,542,"#gifted in hashtags",inadequate,post-content or absent,NON-COMPLIANT,"Results Not Typical disclaimer applies (OBSOLETE safe harbor - abolished 2009)",general_wellness,No,§255.5,51744,2026-02-08,Casey Park,PENDING,COMPLIANT - NO ACTION,N/A,No,"Quarterly disclosure audit",CAMP-2026-008,Reel,No,No,No
SUPP-1025,@vitamindiary,Instagram Stories,2026-01-08,11:45:00,90430,38423,6.51,38422,435,124,123,108,1374,871,"#ad first hashtag",adequate,pre-content,COMPLIANT,"B. longum promotes digestive wellness (insufficient evidence - no human RCT)",health_efficacy,No,None,0,2026-02-11,Alex Rivera (Ext.),RESOLVED,NONE,2026-02-15,No,"Casey Park pre-launch clearance",CAMP-2026-005,Podcast mention,No,No,Yes
SUPP-1026,@fitandfueled,Facebook,2026-01-03,20:45:00,13033,4718,5.45,3581,69,39,135,53,107,289,"#ad at post beginning",adequate,pre-content,COMPLIANT,"Clinically demonstrated to enhance immunity (PROHIBITED: requires RCT for all ingredients)",health_efficacy,No,None,0,2026-02-06,Alex Rivera (Ext.),RESOLVED,NONE,2026-02-10,No,"Post-update-1 compliance sweep",CAMP-2026-014,Short video (<60s),No,No,Yes
SUPP-1027,@cleanwellness,Snapchat,2026-03-17,15:15:00,70424,37541,5.7,32685,2251,1050,805,189,1032,2128,"Disclosure in bio only",inadequate,post-content or absent,NON-COMPLIANT,"Supports immune health (compliant with RCT)",health_efficacy,Yes,§255.5,51744,2026-03-20,Sarah Chen,PENDING,COMPLIANT - NO ACTION,N/A,No,"Quarterly disclosure audit",CAMP-2026-016,Blog post,No,No,No
SUPP-1028,@fitandfueled,Facebook,2026-03-12,10:15:00,31100,4311,6.3,4085,279,63,100,37,152,161,"#ad at post beginning",adequate,pre-content,COMPLIANT,"Probiotic of choice for digestive health (compliant general claim)",general_wellness,Yes,None,0,2026-03-15,Alex Rivera (Ext.),RESOLVED,NONE,2026-03-19,No,"Casey Park pre-launch clearance",CAMP-2026-017,Podcast mention,No,No,Yes
SUPP-1029,@holistic_health_hub,Instagram,2026-03-25,11:00:00,21345,3053,5.99,3130,16,9,52,39,35,164,"Disclosure at post end",inadequate,post-content or absent,NON-COMPLIANT,"Gut health support tested in human trials (compliant)",general_wellness,Yes,§255.5,51744,2026-03-28,Jordan Ellis,IN_REVIEW,COMPLIANT - NO ACTION,N/A,No,"Quarterly disclosure audit",CAMP-2026-013,Podcast mention,No,No,No
SUPP-1030,@holistic_health_hub,Pinterest,2026-01-11,16:00:00,108480,48165,1.69,37147,2339,270,791,656,375,4212,"#ad at post beginning",adequate,pre-content,COMPLIANT,"may help immune function (PROHIBITED: 'may')",health_efficacy,No,None,0,2026-02-14,Alex Rivera (Ext.),RESOLVED,NONE,2026-02-18,No,"Supplemental audit batch March 2026",CAMP-2026-001,Long video (>60s),No,No,Yes
SUPP-1031,@probiotic_life,Instagram Stories,2026-03-23,19:00:00,119110,53870,3.81,57409,1822,454,1415,546,891,5381,"#ad first hashtag",adequate,pre-content,COMPLIANT,"Results Not Typical disclaimer applies (OBSOLETE safe harbor - abolished 2009)",general_wellness,No,None,0,2026-03-26,Casey Park,RESOLVED,NONE,2026-03-28,No,"Influencer remediation tracking",CAMP-2026-010,Story,No,No,Yes
SUPP-1032,@nourishednaturally,Twitter/X,2026-01-24,20:45:00,26193,14121,1.17,12694,809,158,250,176,129,649,"No disclosure",inadequate,post-content or absent,NON-COMPLIANT,"ProBio+ clinically studied for immunity (compliant phrasing)",general_wellness,Yes,§255.5,51744,2026-02-27,Jordan Ellis,IN_REVIEW,CONTRACT UPDATED,N/A,No,"Quarterly disclosure audit",CAMP-2026-011,Static image,No,No,No
SUPP-1033,@immunity_insider,Pinterest,2026-02-08,10:00:00,93771,34604,3.47,30197,615,216,667,37,1261,4922,"Ad: at beginning",adequate,pre-content,COMPLIANT,"Results Not Typical disclaimer applies (OBSOLETE safe harbor - abolished 2009)",general_wellness,No,None,0,2026-03-11,Casey Park,RESOLVED,NONE,2026-03-15,No,"Post-CEO-retraction review round",CAMP-2026-006,Short video (<60s),No,No,Yes
SUPP-1034,@vitalitycoach,Pinterest,2026-03-19,21:30:00,26437,6209,4.16,4618,420,196,134,66,208,865,"AD text overlay (video)",inadequate,post-content or absent,NON-COMPLIANT,"Gut health support tested in human trials (compliant)",general_wellness,Yes,§255.5,51744,2026-03-22,Alex Rivera (Ext.),IN_REVIEW,ESCALATE TO CCO,N/A,No,"Influencer remediation tracking",CAMP-2026-008,Story,No,No,No
SUPP-1035,@cleanwellness,Facebook,2026-01-01,12:00:00,46083,21664,1.8,18110,316,151,506,116,717,3084,"Ad: at beginning",adequate,pre-content,COMPLIANT,"supports gut microbiome balance (compliant)",general_wellness,Yes,None,0,2026-02-04,Jordan Ellis,RESOLVED,NONE,2026-02-08,No,"Influencer remediation tracking",CAMP-2026-009,Podcast mention,No,No,Yes
SUPP-1036,@microbiome_maven,Instagram Stories,2026-02-13,09:30:00,29807,15869,2.63,11511,655,94,424,232,313,1037,"Platform Paid Partnership only",inadequate,post-content or absent,NON-COMPLIANT,"Probiotic of choice for digestive health (compliant general claim)",general_wellness,Yes,§255.5,51744,2026-03-16,Jordan Ellis,PENDING,CONTRACT UPDATED,N/A,No,"Sarah Chen escalation review",CAMP-2026-019,Carousel,Yes,No,No
SUPP-1037,@vitalitycoach,Reels,2026-01-19,12:15:00,18231,7270,1.02,7511,313,35,117,88,223,539,"Disclosure at post end",inadequate,post-content or absent,NON-COMPLIANT,"ProBio+ clinically studied for immunity (compliant phrasing)",general_wellness,Yes,§255.5,51744,2026-02-22,Casey Park,IN_REVIEW,OBTAIN LEGAL REVIEW,N/A,No,"Post-update-1 compliance sweep",CAMP-2026-013,Short video (<60s),No,No,No
SUPP-1038,@nourishednaturally,YouTube,2026-03-28,15:30:00,89334,23756,5.18,18028,890,253,542,114,173,1938,"#ad at post beginning",adequate,pre-content,COMPLIANT,"Gut health support tested in human trials (compliant)",general_wellness,Yes,None,0,2026-03-28,Alex Rivera (Ext.),RESOLVED,NONE,2026-03-28,No,"Post-update-1 compliance sweep",CAMP-2026-017,Live session,No,No,Yes
SUPP-1039,@holistic_health_hub,Twitter/X,2026-03-06,14:15:00,112797,34218,4.79,33250,1212,473,352,291,761,4675,"Disclosure in bio only",inadequate,post-content or absent,NON-COMPLIANT,"Gut health support tested in human trials (compliant)",general_wellness,Yes,§255.5,51744,2026-03-09,Casey Park,PENDING,COMPLIANT - NO ACTION,N/A,No,"Influencer remediation tracking",CAMP-2026-009,Carousel,No,No,No
SUPP-1040,@vitalitycoach,Twitter/X,2026-03-26,21:45:00,57224,28948,0.7,21305,1060,492,708,324,333,2463,"Disclosure at post end",inadequate,post-content or absent,NON-COMPLIANT,"Doctor-Formulated for immunity (REQUIRES substantiation per revised audit letter)",general_wellness,No,§255.5,51744,2026-03-28,Sarah Chen,PENDING,REMOVE CLAIM,N/A,No,"Supplemental audit batch March 2026",CAMP-2026-006,Live session,No,No,No
SUPP-1041,@cleanwellness,Snapchat,2026-03-04,18:45:00,69498,32012,6.81,34069,1378,718,462,379,963,1238,"#ad at post beginning",adequate,pre-content,COMPLIANT,"Supports immune health (compliant with RCT)",health_efficacy,Yes,None,0,2026-03-07,Alex Rivera (Ext.),RESOLVED,NONE,2026-03-11,No,"Sarah Chen escalation review",CAMP-2026-007,Podcast mention,No,No,Yes
SUPP-1042,@cleanwellness,Pinterest,2026-01-07,12:30:00,118478,23690,1.48,16688,150,24,395,228,747,1841,"Disclosure in bio only",inadequate,post-content or absent,NON-COMPLIANT,"Science-backed probiotic formula (compliant general claim)",general_wellness,Yes,§255.5,51744,2026-02-10,Sarah Chen,OPEN,MONITORING,N/A,No,"Post-CEO-retraction review round",CAMP-2026-014,Podcast mention,No,No,No
SUPP-1043,@probiotic_life,Instagram,2026-02-20,17:30:00,48183,9566,4.03,7918,678,92,42,100,296,1101,"No disclosure (first post)",inadequate,post-content or absent,NON-COMPLIANT,"may help immune function (PROHIBITED: 'may')",health_efficacy,No,§255.5,51744,2026-03-23,Casey Park,IN_REVIEW,OBTAIN LEGAL REVIEW,N/A,No,"Post-update-1 compliance sweep",CAMP-2026-014,Blog post,No,No,No
SUPP-1044,@fitandfueled,Pinterest,2026-03-22,08:15:00,63239,18011,4.88,19057,1426,688,284,24,251,1143,"Disclosure in bio only",inadequate,post-content or absent,NON-COMPLIANT,"Doctor recommended for gut wellness (REQUIRES expert disclosure §255.3)",general_wellness,No,§255.5,51744,2026-03-25,Jordan Ellis,PENDING,COMPLIANT - NO ACTION,N/A,No,"Quarterly disclosure audit",CAMP-2026-009,Carousel,No,No,No
SUPP-1045,@immunity_insider,LinkedIn,2026-02-23,17:30:00,31125,11575,0.51,10572,242,93,85,109,171,451,"FTC compliant verbal + text",adequate,pre-content,COMPLIANT,"Vitamin D3 supports immune function (compliant - RCT supported)",health_efficacy,Yes,None,0,2026-03-26,Alex Rivera (Ext.),RESOLVED,NONE,2026-03-28,No,"Post-update-1 compliance sweep",CAMP-2026-004,Live session,No,No,No
SUPP-1046,@probiotic_life,LinkedIn,2026-01-27,22:30:00,11417,5612,6.15,4106,256,65,82,71,155,557,"#ad at post beginning",adequate,pre-content,COMPLIANT,"Doctor-Formulated for immunity (REQUIRES substantiation per revised audit letter)",general_wellness,No,None,0,2026-02-28,Casey Park,RESOLVED,NONE,2026-02-28,No,"Influencer remediation tracking",CAMP-2026-008,Blog post,No,No,Yes
SUPP-1047,@supplementspro,Instagram Stories,2026-02-01,18:45:00,119714,42354,3.47,45391,2878,1698,936,405,1254,2684,"#ad buried as last hashtag",inadequate,post-content or absent,NON-COMPLIANT,"promising results in gut health (PROHIBITED: 'promising')",general_wellness,No,§255.5,51744,2026-03-04,Jordan Ellis,OPEN,COMPLIANT - NO ACTION,N/A,No,"Casey Park pre-launch clearance",CAMP-2026-009,Long video (>60s),No,No,Yes
SUPP-1048,@microbiome_maven,YouTube,2026-01-07,21:30:00,93082,21063,7.06,15510,507,74,350,190,492,535,"#ad buried as last hashtag",inadequate,post-content or absent,NON-COMPLIANT,"L. acidophilus NCFM for immune health (compliant - 2 human RCTs)",health_efficacy,Yes,§255.5,51744,2026-02-10,Jordan Ellis,OPEN,CONTRACT UPDATED,N/A,No,"Supplemental audit batch March 2026",CAMP-2026-018,Podcast mention,No,No,Yes
SUPP-1049,@wellnesswithjenna,LinkedIn,2026-01-06,21:00:00,115624,36648,3.69,29307,2042,676,457,481,145,3968,"#ad buried as last hashtag",inadequate,post-content or absent,NON-COMPLIANT,"Doctor recommended for gut wellness (REQUIRES expert disclosure §255.3)",general_wellness,No,§255.5,51744,2026-02-09,Alex Rivera (Ext.),OPEN,INFLUENCER NOTIFIED,N/A,No,"Supplemental audit batch March 2026",CAMP-2026-004,Static image,No,No,Yes
SUPP-1050,@immunity_insider,TikTok,2026-01-10,11:00:00,62668,23284,6.7,21479,808,88,217,235,49,2419,"#ad first hashtag",adequate,pre-content,COMPLIANT,"preliminary research suggests (PROHIBITED)",general_wellness,No,None,0,2026-02-13,Casey Park,RESOLVED,NONE,2026-02-17,No,"Influencer remediation tracking",CAMP-2026-001,Blog post,No,No,Yes
SUPP-1051,@microbiome_maven,TikTok,2026-03-01,16:15:00,79123,24095,1.79,19455,1542,591,108,116,302,794,"Verbal only (video)",adequate,pre-content,COMPLIANT,"Results Not Typical disclaimer applies (OBSOLETE safe harbor - abolished 2009)",general_wellness,No,None,0,2026-03-04,Casey Park,RESOLVED,NONE,2026-03-08,No,"Post-CEO-retraction review round",CAMP-2026-015,Long video (>60s),No,Yes,No
SUPP-1052,@nutriscience,Instagram,2026-01-26,21:15:00,23998,3173,6.08,2724,16,2,40,43,26,342,"Verbal only (video)",adequate,pre-content,COMPLIANT,"Supports immune health (compliant with RCT)",health_efficacy,Yes,None,0,2026-02-28,Alex Rivera (Ext.),RESOLVED,NONE,2026-02-28,No,"Casey Park pre-launch clearance",CAMP-2026-009,Short video (<60s),No,Yes,No
SUPP-1053,@immunity_insider,Reels,2026-01-26,17:45:00,29097,14036,4.48,14365,1103,211,14,52,324,1726,"#sponsored in middle",inadequate,post-content or absent,NON-COMPLIANT,"No health claim made (compliant)",general_wellness,Yes,§255.5,51744,2026-02-28,Sarah Chen,IN_REVIEW,MONITORING,N/A,No,"Supplemental audit batch March 2026",CAMP-2026-015,Podcast mention,No,No,No
SUPP-1054,@nutriscience,Instagram,2026-02-28,13:30:00,85186,22871,5.57,22493,1737,809,300,29,226,2874,"#sponsored in middle",inadequate,post-content or absent,NON-COMPLIANT,"supports gut microbiome balance (compliant)",general_wellness,Yes,§255.5,51744,2026-03-28,Casey Park,PENDING,REMOVE CLAIM,N/A,No,"Supplemental audit batch March 2026",CAMP-2026-004,Short video (<60s),No,No,No
SUPP-1055,@digestive_digest,Instagram Stories,2026-02-24,11:30:00,37466,10645,6.54,8089,502,53,116,97,349,1472,"Disclosure in bio only",inadequate,post-content or absent,NON-COMPLIANT,"preliminary research suggests (PROHIBITED)",general_wellness,No,§255.5,51744,2026-03-27,Sarah Chen,IN_REVIEW,INFLUENCER NOTIFIED,N/A,No,"Post-CEO-retraction review round",CAMP-2026-011,Story,No,No,No
SUPP-1056,@guthealth_guru,Instagram,2026-02-07,15:30:00,105172,56305,3.5,51182,2811,754,656,510,1866,6423,"#gifted in hashtags",inadequate,post-content or absent,NON-COMPLIANT,"promising results in gut health (PROHIBITED: 'promising')",general_wellness,No,§255.5,51744,2026-03-10,Casey Park,IN_REVIEW,CONTRACT UPDATED,N/A,No,"Supplemental audit batch March 2026",CAMP-2026-002,Long video (>60s),No,No,No
SUPP-1057,@cleanwellness,Instagram Stories,2026-03-09,13:45:00,76319,25481,0.66,27552,1523,569,555,263,905,1186,"#ad at post beginning",adequate,pre-content,COMPLIANT,"Science-backed probiotic formula (compliant general claim)",general_wellness,Yes,None,0,2026-03-12,Casey Park,RESOLVED,NONE,2026-03-16,No,"Casey Park pre-launch clearance",CAMP-2026-010,Carousel,No,No,Yes
SUPP-1058,@guthealth_guru,Pinterest,2026-03-04,19:15:00,96606,15722,2.08,12504,683,309,310,73,135,2053,"#gifted in hashtags",inadequate,post-content or absent,NON-COMPLIANT,"Supports immune health (compliant with RCT)",health_efficacy,Yes,§255.5,51744,2026-03-07,Sarah Chen,IN_REVIEW,REMOVE CLAIM,N/A,No,"Sarah Chen escalation review",CAMP-2026-018,Reel,No,No,No
SUPP-1059,@probiotic_life,Instagram Stories,2026-03-14,09:15:00,106352,37830,4.64,41457,1956,383,534,384,863,3690,"Disclosure in bio only",inadequate,post-content or absent,NON-COMPLIANT,"Vitamin D3 supports immune function (compliant - RCT supported)",health_efficacy,Yes,§255.5,51744,2026-03-17,Sarah Chen,IN_REVIEW,CONTRACT UPDATED,N/A,No,"Post-CEO-retraction review round",CAMP-2026-009,Short video (<60s),No,No,No
SUPP-1060,@wellnesswithjenna,LinkedIn,2026-01-12,09:00:00,39512,5493,2.64,4051,45,26,110,32,129,207,"#sponsored in middle",inadequate,post-content or absent,NON-COMPLIANT,"Doctor recommended for gut wellness (REQUIRES expert disclosure §255.3)",general_wellness,No,§255.5,51744,2026-02-15,Sarah Chen,PENDING,INFLUENCER NOTIFIED,N/A,No,"Casey Park pre-launch clearance",CAMP-2026-005,Podcast mention,No,No,No
SUPP-1061,@vitamindiary,YouTube,2026-01-17,11:30:00,75246,26524,6.07,18850,1446,827,84,284,848,2530,"Ad: at beginning",adequate,pre-content,COMPLIANT,"Gut health support tested in human trials (compliant)",general_wellness,Yes,None,0,2026-02-20,Jordan Ellis,RESOLVED,NONE,2026-02-24,No,"Post-CEO-retraction review round",CAMP-2026-019,Short video (<60s),No,No,Yes
SUPP-1062,@nutriscience,Instagram,2026-03-11,10:15:00,103823,37832,4.9,28120,2332,706,492,386,327,1833,"AD text overlay (video)",inadequate,post-content or absent,NON-COMPLIANT,"preliminary research suggests (PROHIBITED)",general_wellness,No,§255.5,51744,2026-03-14,Sarah Chen,IN_REVIEW,COMPLIANT - NO ACTION,N/A,No,"Post-update-1 compliance sweep",CAMP-2026-005,Reel,No,No,No
SUPP-1063,@nourishednaturally,TikTok,2026-03-03,23:45:00,27857,5937,3.02,6480,449,190,76,21,72,536,"Platform Paid Partnership only",inadequate,post-content or absent,NON-COMPLIANT,"Doctor-Formulated for immunity (REQUIRES substantiation per revised audit letter)",general_wellness,No,§255.5,51744,2026-03-06,Casey Park,OPEN,INFLUENCER NOTIFIED,N/A,No,"Sarah Chen escalation review",CAMP-2026-010,Short video (<60s),Yes,No,No
SUPP-1064,@digestive_digest,LinkedIn,2026-03-19,07:30:00,52134,10388,7.35,8510,62,30,266,148,331,271,"FTC compliant verbal + text",adequate,pre-content,COMPLIANT,"Clinically demonstrated to enhance immunity (PROHIBITED: requires RCT for all ingredients)",health_efficacy,No,None,0,2026-03-22,Alex Rivera (Ext.),RESOLVED,NONE,2026-03-26,No,"Post-update-1 compliance sweep",CAMP-2026-011,Podcast mention,No,No,No
SUPP-1065,@wellnesswithjenna,Reels,2026-03-10,14:30:00,36925,8698,5.69,6835,449,138,176,117,218,392,"#ad buried as last hashtag",inadequate,post-content or absent,NON-COMPLIANT,"Vitamin D3 supports immune function (compliant - RCT supported)",health_efficacy,Yes,§255.5,51744,2026-03-13,Casey Park,OPEN,REMOVE CLAIM,N/A,No,"Post-update-1 compliance sweep",CAMP-2026-019,Long video (>60s),No,No,Yes
SUPP-1066,@holistic_health_hub,Pinterest,2026-01-24,21:45:00,23136,10227,4.39,9073,423,186,54,34,204,1198,"#sponsored in middle",inadequate,post-content or absent,NON-COMPLIANT,"Probiotic of choice for digestive health (compliant general claim)",general_wellness,Yes,§255.5,51744,2026-02-27,Casey Park,IN_REVIEW,UPDATE DISCLOSURE,N/A,No,"Sarah Chen escalation review",CAMP-2026-007,Static image,No,No,No
SUPP-1067,@fitandfueled,Twitter/X,2026-02-18,23:15:00,52334,14833,0.94,11344,903,430,238,133,154,1437,"Platform Paid Partnership only",inadequate,post-content or absent,NON-COMPLIANT,"ProBio+ clinically studied for immunity (compliant phrasing)",general_wellness,Yes,§255.5,51744,2026-03-21,Alex Rivera (Ext.),PENDING,ESCALATE TO CCO,N/A,No,"Supplemental audit batch March 2026",CAMP-2026-016,Static image,Yes,No,No
SUPP-1068,@cleanwellness,Twitter/X,2026-03-12,10:30:00,93441,15290,4.05,16178,520,200,385,152,79,1558,"Verbal only (video)",adequate,pre-content,COMPLIANT,"No health claim made (compliant)",general_wellness,Yes,None,0,2026-03-15,Alex Rivera (Ext.),RESOLVED,NONE,2026-03-19,No,"Sarah Chen escalation review",CAMP-2026-001,Blog post,No,Yes,No
SUPP-1069,@probiotic_life,Twitter/X,2026-02-19,11:30:00,37806,19668,5.65,15550,514,305,538,22,73,1365,"Paid collab sticker only",inadequate,post-content or absent,NON-COMPLIANT,"Helps strengthen immunity (PROHIBITED: 'helps')",general_wellness,No,§255.5,51744,2026-03-22,Sarah Chen,PENDING,INFLUENCER NOTIFIED,N/A,No,"Post-update-1 compliance sweep",CAMP-2026-002,Carousel,No,No,No
SUPP-1070,@immunity_insider,Pinterest,2026-03-28,17:15:00,53411,21832,1.61,21484,422,58,85,276,273,446,"Paid collab sticker only",inadequate,post-content or absent,NON-COMPLIANT,"preliminary research suggests (PROHIBITED)",general_wellness,No,§255.5,51744,2026-03-28,Sarah Chen,OPEN,ESCALATE TO CCO,N/A,No,"Influencer remediation tracking",CAMP-2026-011,Live session,No,No,No
SUPP-1071,@nutriscience,Instagram,2026-02-24,08:00:00,112041,49208,7.29,44945,2997,933,53,478,1339,4534,"#ad buried as last hashtag",inadequate,post-content or absent,NON-COMPLIANT,"ProBio+ clinically studied for immunity (compliant phrasing)",general_wellness,Yes,§255.5,51744,2026-03-27,Casey Park,OPEN,ESCALATE TO CCO,N/A,No,"Post-CEO-retraction review round",CAMP-2026-008,Carousel,No,No,Yes
SUPP-1072,@probiotic_life,TikTok,2026-02-27,15:45:00,103097,31014,4.01,24477,1075,280,832,60,1072,3454,"No disclosure",inadequate,post-content or absent,NON-COMPLIANT,"No health claim made (compliant)",general_wellness,Yes,§255.5,51744,2026-03-28,Casey Park,IN_REVIEW,OBTAIN LEGAL REVIEW,N/A,No,"Post-CEO-retraction review round",CAMP-2026-005,Podcast mention,No,No,No
SUPP-1073,@vitamindiary,Facebook,2026-01-18,13:00:00,68832,9757,4.58,9068,613,176,147,53,195,1424,"#ad buried as last hashtag",inadequate,post-content or absent,NON-COMPLIANT,"may help digestive comfort (PROHIBITED: 'may' + B. longum lacks RCT)",health_efficacy,No,§255.5,51744,2026-02-21,Jordan Ellis,IN_REVIEW,INFLUENCER NOTIFIED,N/A,No,"Supplemental audit batch March 2026",CAMP-2026-011,Long video (>60s),No,No,Yes
SUPP-1074,@supplementspro,Instagram,2026-03-05,09:15:00,36936,13645,4.5,13970,416,117,159,200,235,474,"No disclosure",inadequate,post-content or absent,NON-COMPLIANT,"Probiotic of choice for digestive health (compliant general claim)",general_wellness,Yes,§255.5,51744,2026-03-08,Alex Rivera (Ext.),IN_REVIEW,UPDATE DISCLOSURE,N/A,No,"Quarterly disclosure audit",CAMP-2026-004,Podcast mention,No,No,No
SUPP-1075,@nourishednaturally,Pinterest,2026-03-06,07:15:00,108752,52002,7.47,42889,1413,766,201,125,547,2714,"AD text overlay (video)",inadequate,post-content or absent,NON-COMPLIANT,"Helps strengthen immunity (PROHIBITED: 'helps')",general_wellness,No,§255.5,51744,2026-03-09,Casey Park,OPEN,UPDATE DISCLOSURE,N/A,No,"Influencer remediation tracking",CAMP-2026-019,Reel,No,No,No
SUPP-1076,@holistic_health_hub,Instagram,2026-03-08,12:45:00,112486,40909,1.41,38027,1055,579,766,52,600,3471,"FTC compliant verbal + text",adequate,pre-content,COMPLIANT,"initial pilot data shows gut improvement (PROHIBITED: 'initial' + 'pilot')",general_wellness,No,None,0,2026-03-11,Jordan Ellis,RESOLVED,NONE,2026-03-15,No,"Casey Park pre-launch clearance",CAMP-2026-014,Long video (>60s),No,No,No
SUPP-1077,@cleanwellness,Pinterest,2026-01-19,07:30:00,34744,12718,6.51,9655,140,67,346,24,287,1021,"Paid collab sticker only",inadequate,post-content or absent,NON-COMPLIANT,"B. longum promotes digestive wellness (insufficient evidence - no human RCT)",health_efficacy,No,§255.5,51744,2026-02-22,Sarah Chen,IN_REVIEW,CONTRACT UPDATED,N/A,No,"Sarah Chen escalation review",CAMP-2026-004,Live session,No,No,No
SUPP-1078,@digestive_digest,LinkedIn,2026-01-18,21:45:00,78702,20745,2.16,17427,403,181,308,260,473,2523,"No disclosure",inadequate,post-content or absent,NON-COMPLIANT,"may help digestive comfort (PROHIBITED: 'may' + B. longum lacks RCT)",health_efficacy,No,§255.5,51744,2026-02-21,Jordan Ellis,IN_REVIEW,COMPLIANT - NO ACTION,N/A,No,"Casey Park pre-launch clearance",CAMP-2026-003,Carousel,No,No,No
SUPP-1079,@holistic_health_hub,Instagram Stories,2026-02-21,22:30:00,72816,30218,5.91,21492,1156,226,497,216,1095,1562,"AD text overlay (video)",inadequate,post-content or absent,NON-COMPLIANT,"supports gut microbiome balance (compliant)",general_wellness,Yes,§255.5,51744,2026-03-24,Jordan Ellis,OPEN,REMOVE CLAIM,N/A,No,"Influencer remediation tracking",CAMP-2026-012,Live session,No,No,No
SUPP-1080,@nourishednaturally,TikTok,2026-02-10,14:00:00,26769,3192,3.87,2308,74,18,80,32,14,352,"#ad at post beginning",adequate,pre-content,COMPLIANT,"Doctor recommended for gut wellness (REQUIRES expert disclosure §255.3)",general_wellness,No,None,0,2026-03-13,Alex Rivera (Ext.),RESOLVED,NONE,2026-03-17,No,"Quarterly disclosure audit",CAMP-2026-009,Short video (<60s),No,No,Yes
SUPP-1081,@digestive_digest,LinkedIn,2026-02-03,19:30:00,110306,34004,7.46,25361,1482,397,855,171,1158,5015,"No disclosure (first post)",inadequate,post-content or absent,NON-COMPLIANT,"Clinically demonstrated to enhance immunity (PROHIBITED: requires RCT for all ingredients)",health_efficacy,No,§255.5,51744,2026-03-06,Jordan Ellis,OPEN,REMOVE CLAIM,N/A,No,"Casey Park pre-launch clearance",CAMP-2026-004,Carousel,No,No,No
SUPP-1082,@microbiome_maven,Twitter/X,2026-01-22,18:15:00,15277,4559,2.73,4402,265,69,95,60,77,462,"FTC compliant verbal + text",adequate,pre-content,COMPLIANT,"No health claim made (compliant)",general_wellness,Yes,None,0,2026-02-25,Alex Rivera (Ext.),RESOLVED,NONE,2026-02-28,No,"Quarterly disclosure audit",CAMP-2026-001,Long video (>60s),No,No,No
SUPP-1083,@microbiome_maven,LinkedIn,2026-03-15,14:45:00,115221,37170,1.49,39698,288,146,644,373,540,3095,"#gifted in hashtags",inadequate,post-content or absent,NON-COMPLIANT,"may help digestive comfort (PROHIBITED: 'may' + B. longum lacks RCT)",health_efficacy,No,§255.5,51744,2026-03-18,Jordan Ellis,OPEN,OBTAIN LEGAL REVIEW,N/A,No,"Quarterly disclosure audit",CAMP-2026-002,Live session,No,No,No
SUPP-1084,@holistic_health_hub,Snapchat,2026-02-22,18:00:00,106977,34903,2.4,24855,1570,856,221,503,724,3923,"#gifted in hashtags",inadequate,post-content or absent,NON-COMPLIANT,"may help immune function (PROHIBITED: 'may')",health_efficacy,No,§255.5,51744,2026-03-25,Casey Park,OPEN,OBTAIN LEGAL REVIEW,N/A,No,"Influencer remediation tracking",CAMP-2026-014,Carousel,No,No,No
SUPP-1085,@immunity_insider,Instagram Stories,2026-02-22,11:00:00,55982,19601,6.93,20988,1002,405,270,178,405,1018,"#ad first hashtag",adequate,pre-content,COMPLIANT,"Results Not Typical disclaimer applies (OBSOLETE safe harbor - abolished 2009)",general_wellness,No,None,0,2026-03-25,Jordan Ellis,RESOLVED,NONE,2026-03-28,No,"Influencer remediation tracking",CAMP-2026-007,Short video (<60s),No,No,Yes
SUPP-1086,@nourishednaturally,Pinterest,2026-03-15,15:30:00,96580,29037,5.69,25898,1882,481,351,338,981,1244,"No disclosure (first post)",inadequate,post-content or absent,NON-COMPLIANT,"Supports immune health (compliant with RCT)",health_efficacy,Yes,§255.5,51744,2026-03-18,Sarah Chen,PENDING,UPDATE DISCLOSURE,N/A,No,"Supplemental audit batch March 2026",CAMP-2026-018,Carousel,No,No,No
SUPP-1087,@nourishednaturally,TikTok,2026-01-11,23:45:00,45478,5837,4.81,6075,425,182,154,57,87,345,"FTC compliant verbal + text",adequate,pre-content,COMPLIANT,"may help immune function (PROHIBITED: 'may')",health_efficacy,No,None,0,2026-02-14,Jordan Ellis,RESOLVED,NONE,2026-02-18,No,"Supplemental audit batch March 2026",CAMP-2026-014,Static image,No,No,No
SUPP-1088,@microbiome_maven,Reels,2026-02-22,23:30:00,30525,11533,6.27,12275,439,125,144,46,132,1659,"Disclosure in bio only",inadequate,post-content or absent,NON-COMPLIANT,"preliminary research suggests (PROHIBITED)",general_wellness,No,§255.5,51744,2026-03-25,Casey Park,PENDING,CONTRACT UPDATED,N/A,No,"Influencer remediation tracking",CAMP-2026-005,Static image,No,No,No
SUPP-1089,@vitalitycoach,Facebook,2026-02-13,11:00:00,36430,9348,5.83,9409,110,62,68,103,63,1344,"No disclosure (first post)",inadequate,post-content or absent,NON-COMPLIANT,"L. acidophilus NCFM for immune health (compliant - 2 human RCTs)",health_efficacy,Yes,§255.5,51744,2026-03-16,Casey Park,OPEN,MONITORING,N/A,No,"Post-update-1 compliance sweep",CAMP-2026-005,Blog post,No,No,No
SUPP-1090,@probiotic_life,Instagram,2026-02-11,09:30:00,14611,4973,4.66,3783,245,35,145,55,90,110,"No disclosure",inadequate,post-content or absent,NON-COMPLIANT,"Probiotic of choice for digestive health (compliant general claim)",general_wellness,Yes,§255.5,51744,2026-03-14,Alex Rivera (Ext.),OPEN,CONTRACT UPDATED,N/A,No,"Post-CEO-retraction review round",CAMP-2026-007,Story,No,No,No
SUPP-1091,@probiotic_life,Pinterest,2026-01-13,14:45:00,91797,32623,7.27,23163,808,453,213,383,974,1810,"Verbal only (video)",adequate,pre-content,COMPLIANT,"promising results in gut health (PROHIBITED: 'promising')",general_wellness,No,None,0,2026-02-16,Alex Rivera (Ext.),RESOLVED,NONE,2026-02-20,No,"Sarah Chen escalation review",CAMP-2026-014,Static image,No,Yes,No
SUPP-1092,@microbiome_maven,Facebook,2026-01-04,11:45:00,24902,7080,2.68,6581,150,74,165,75,163,159,"Disclosure at post end",inadequate,post-content or absent,NON-COMPLIANT,"Supports immune health (compliant with RCT)",health_efficacy,Yes,§255.5,51744,2026-02-07,Alex Rivera (Ext.),IN_REVIEW,UPDATE DISCLOSURE,N/A,No,"Influencer remediation tracking",CAMP-2026-009,Podcast mention,No,No,No
SUPP-1093,@cleanwellness,Twitter/X,2026-02-10,23:00:00,23975,5405,7.22,5030,420,66,159,21,75,753,"Verbal only (video)",adequate,pre-content,COMPLIANT,"B. longum promotes digestive wellness (insufficient evidence - no human RCT)",health_efficacy,No,None,0,2026-03-13,Alex Rivera (Ext.),RESOLVED,NONE,2026-03-17,No,"Supplemental audit batch March 2026",CAMP-2026-016,Reel,No,Yes,No
SUPP-1094,@cleanwellness,Facebook,2026-01-02,16:30:00,46566,15785,4.48,16957,1142,683,393,41,462,1565,"Verbal only (video)",adequate,pre-content,COMPLIANT,"initial pilot data shows gut improvement (PROHIBITED: 'initial' + 'pilot')",general_wellness,No,None,0,2026-02-05,Alex Rivera (Ext.),RESOLVED,NONE,2026-02-09,No,"Influencer remediation tracking",CAMP-2026-003,Short video (<60s),No,Yes,No
SUPP-1095,@wellnesswithjenna,Facebook,2026-03-28,12:15:00,45303,21419,1.86,19638,1243,217,533,217,451,581,"Paid collab sticker only",inadequate,post-content or absent,NON-COMPLIANT,"preliminary research suggests (PROHIBITED)",general_wellness,No,§255.5,51744,2026-03-28,Sarah Chen,IN_REVIEW,OBTAIN LEGAL REVIEW,N/A,No,"Sarah Chen escalation review",CAMP-2026-016,Static image,No,No,No
SUPP-1096,@nourishednaturally,Facebook,2026-03-24,20:45:00,18348,2268,5.54,1967,62,16,12,31,17,339,"#gifted in hashtags",inadequate,post-content or absent,NON-COMPLIANT,"Doctor-Formulated for immunity (REQUIRES substantiation per revised audit letter)",general_wellness,No,§255.5,51744,2026-03-27,Sarah Chen,OPEN,COMPLIANT - NO ACTION,N/A,No,"Supplemental audit batch March 2026",CAMP-2026-016,Story,No,No,No
SUPP-1097,@guthealth_guru,Facebook,2026-02-06,11:15:00,90076,12591,7.32,12488,565,211,337,27,456,1675,"No disclosure",inadequate,post-content or absent,NON-COMPLIANT,"Gut health support tested in human trials (compliant)",general_wellness,Yes,§255.5,51744,2026-03-09,Alex Rivera (Ext.),PENDING,MONITORING,N/A,No,"Influencer remediation tracking",CAMP-2026-009,Live session,No,No,No
SUPP-1098,@guthealth_guru,LinkedIn,2026-03-14,16:30:00,98430,32312,2.84,22894,649,288,562,365,66,2609,"#ad first hashtag",adequate,pre-content,COMPLIANT,"Clinically demonstrated to enhance immunity (PROHIBITED: requires RCT for all ingredients)",health_efficacy,No,None,0,2026-03-17,Jordan Ellis,RESOLVED,NONE,2026-03-21,No,"Supplemental audit batch March 2026",CAMP-2026-019,Static image,No,No,Yes
SUPP-1099,@nourishednaturally,Reels,2026-03-19,13:15:00,52795,23573,2.01,23847,398,230,365,147,896,3457,"No disclosure (first post)",inadequate,post-content or absent,NON-COMPLIANT,"Results Not Typical disclaimer applies (OBSOLETE safe harbor - abolished 2009)",general_wellness,No,§255.5,51744,2026-03-22,Jordan Ellis,IN_REVIEW,MONITORING,N/A,No,"Supplemental audit batch March 2026",CAMP-2026-012,Live session,No,No,No
SUPP-1100,@digestive_digest,Pinterest,2026-03-02,10:00:00,78595,9201,5.29,7812,133,42,200,19,272,1323,"Ad: at beginning",adequate,pre-content,COMPLIANT,"preliminary research suggests (PROHIBITED)",general_wellness,No,None,0,2026-03-05,Alex Rivera (Ext.),RESOLVED,NONE,2026-03-09,No,"Influencer remediation tracking",CAMP-2026-010,Story,No,No,Yes
SUPP-1101,@supplementspro,Instagram Stories,2026-01-03,18:45:00,43336,15021,3.22,10571,1075,415,122,119,322,354,"Disclosure at post end",inadequate,post-content or absent,NON-COMPLIANT,"preliminary research suggests (PROHIBITED)",general_wellness,No,§255.5,51744,2026-02-06,Alex Rivera (Ext.),PENDING,UPDATE DISCLOSURE,N/A,No,"Post-update-1 compliance sweep",CAMP-2026-005,Carousel,No,No,No
SUPP-1102,@digestive_digest,Facebook,2026-03-11,21:45:00,97607,52971,7.25,37779,1959,586,1011,78,971,3243,"No disclosure",inadequate,post-content or absent,NON-COMPLIANT,"Gut health support tested in human trials (compliant)",general_wellness,Yes,§255.5,51744,2026-03-14,Jordan Ellis,OPEN,UPDATE DISCLOSURE,N/A,No,"Quarterly disclosure audit",CAMP-2026-006,Podcast mention,No,No,No
SUPP-1103,@wellnesswithjenna,Facebook,2026-02-18,13:15:00,83854,40154,6.98,39108,1071,476,369,77,646,3498,"#gifted in hashtags",inadequate,post-content or absent,NON-COMPLIANT,"Supports immune health (compliant with RCT)",health_efficacy,Yes,§255.5,51744,2026-03-21,Casey Park,PENDING,MONITORING,N/A,No,"Quarterly disclosure audit",CAMP-2026-010,Podcast mention,No,No,No
SUPP-1104,@guthealth_guru,TikTok,2026-03-25,12:45:00,57051,25720,2.58,18418,1023,446,282,243,492,2804,"Disclosure at post end",inadequate,post-content or absent,NON-COMPLIANT,"Gut health support tested in human trials (compliant)",general_wellness,Yes,§255.5,51744,2026-03-28,Casey Park,OPEN,OBTAIN LEGAL REVIEW,N/A,No,"Post-update-1 compliance sweep",CAMP-2026-011,Static image,No,No,No
SUPP-1105,@fitandfueled,Pinterest,2026-03-03,18:45:00,59979,22524,3.03,20880,1464,241,319,178,620,955,"AD text overlay (video)",inadequate,post-content or absent,NON-COMPLIANT,"promising results in gut health (PROHIBITED: 'promising')",general_wellness,No,§255.5,51744,2026-03-06,Jordan Ellis,OPEN,UPDATE DISCLOSURE,N/A,No,"Post-CEO-retraction review round",CAMP-2026-017,Podcast mention,No,No,No
SUPP-1106,@nutriscience,Facebook,2026-02-06,18:30:00,82627,18457,3.66,17280,1471,623,449,45,159,1568,"#gifted in hashtags",inadequate,post-content or absent,NON-COMPLIANT,"ProBio+ clinically studied for immunity (compliant phrasing)",general_wellness,Yes,§255.5,51744,2026-03-09,Jordan Ellis,IN_REVIEW,INFLUENCER NOTIFIED,N/A,No,"Influencer remediation tracking",CAMP-2026-002,Podcast mention,No,No,No
SUPP-1107,@vitalitycoach,YouTube,2026-03-05,15:00:00,69253,26934,6.75,26284,1805,1008,244,30,697,651,"Paid collab sticker only",inadequate,post-content or absent,NON-COMPLIANT,"B. longum promotes digestive wellness (insufficient evidence - no human RCT)",health_efficacy,No,§255.5,51744,2026-03-08,Jordan Ellis,OPEN,ESCALATE TO CCO,N/A,No,"Supplemental audit batch March 2026",CAMP-2026-014,Static image,No,No,No
SUPP-1108,@cleanwellness,Pinterest,2026-02-17,23:30:00,114913,34731,7.43,24358,614,228,641,291,1359,3698,"Paid collab sticker only",inadequate,post-content or absent,NON-COMPLIANT,"initial pilot data shows gut improvement (PROHIBITED: 'initial' + 'pilot')",general_wellness,No,§255.5,51744,2026-03-20,Casey Park,PENDING,COMPLIANT - NO ACTION,N/A,No,"Supplemental audit batch March 2026",CAMP-2026-016,Live session,No,No,No
SUPP-1109,@digestive_digest,Reels,2026-02-02,13:30:00,100161,32496,3.89,24196,760,404,855,221,646,2669,"#ad first hashtag",adequate,pre-content,COMPLIANT,"Helps strengthen immunity (PROHIBITED: 'helps')",general_wellness,No,None,0,2026-03-05,Sarah Chen,RESOLVED,NONE,2026-03-09,No,"Casey Park pre-launch clearance",CAMP-2026-019,Live session,No,No,Yes
SUPP-1110,@digestive_digest,Instagram Stories,2026-02-09,09:30:00,66320,17019,6.14,16691,132,18,473,193,619,2252,"#gifted in hashtags",inadequate,post-content or absent,NON-COMPLIANT,"Doctor-Formulated for immunity (REQUIRES substantiation per revised audit letter)",general_wellness,No,§255.5,51744,2026-03-12,Casey Park,IN_REVIEW,COMPLIANT - NO ACTION,N/A,No,"Post-CEO-retraction review round",CAMP-2026-003,Reel,No,No,No
SUPP-1111,@microbiome_maven,Snapchat,2026-02-19,12:00:00,67572,18584,4.33,19874,753,126,268,173,113,2495,"#ad at post beginning",adequate,pre-content,COMPLIANT,"Results Not Typical disclaimer applies (OBSOLETE safe harbor - abolished 2009)",general_wellness,No,None,0,2026-03-22,Casey Park,RESOLVED,NONE,2026-03-26,No,"Supplemental audit batch March 2026",CAMP-2026-018,Reel,No,No,Yes
SUPP-1112,@holistic_health_hub,Instagram Stories,2026-01-08,07:45:00,46686,24847,5.14,25979,979,250,352,338,779,1137,"AD text overlay (video)",inadequate,post-content or absent,NON-COMPLIANT,"may help digestive comfort (PROHIBITED: 'may' + B. longum lacks RCT)",health_efficacy,No,§255.5,51744,2026-02-11,Casey Park,OPEN,ESCALATE TO CCO,N/A,No,"Quarterly disclosure audit",CAMP-2026-009,Story,No,No,No
SUPP-1113,@vitalitycoach,Facebook,2026-01-09,16:15:00,40726,22358,0.72,22897,1116,459,204,174,664,456,"#ad buried as last hashtag",inadequate,post-content or absent,NON-COMPLIANT,"Doctor recommended for gut wellness (REQUIRES expert disclosure §255.3)",general_wellness,No,§255.5,51744,2026-02-12,Jordan Ellis,IN_REVIEW,ESCALATE TO CCO,N/A,No,"Quarterly disclosure audit",CAMP-2026-008,Blog post,No,No,Yes
SUPP-1114,@fitandfueled,LinkedIn,2026-01-02,10:00:00,54350,27477,4.53,29253,1100,147,751,190,816,2201,"#ad buried as last hashtag",inadequate,post-content or absent,NON-COMPLIANT,"Supports immune health (compliant with RCT)",health_efficacy,Yes,§255.5,51744,2026-02-05,Jordan Ellis,OPEN,OBTAIN LEGAL REVIEW,N/A,No,"Sarah Chen escalation review",CAMP-2026-019,Story,No,No,Yes
SUPP-1115,@nutriscience,Instagram,2026-02-08,11:30:00,64659,22807,6.54,22482,1490,392,465,248,529,781,"AD text overlay (video)",inadequate,post-content or absent,NON-COMPLIANT,"may help digestive comfort (PROHIBITED: 'may' + B. longum lacks RCT)",health_efficacy,No,§255.5,51744,2026-03-11,Sarah Chen,PENDING,COMPLIANT - NO ACTION,N/A,No,"Post-CEO-retraction review round",CAMP-2026-006,Story,No,No,No
SUPP-1116,@probiotic_life,Reels,2026-01-17,10:45:00,103140,22874,6.57,23740,1563,359,132,170,681,1847,"Ad: at beginning",adequate,pre-content,COMPLIANT,"supports gut microbiome balance (compliant)",general_wellness,Yes,None,0,2026-02-20,Jordan Ellis,RESOLVED,NONE,2026-02-24,No,"Sarah Chen escalation review",CAMP-2026-016,Long video (>60s),No,No,Yes
SUPP-1117,@cleanwellness,TikTok,2026-01-22,09:45:00,89289,40384,3.34,31037,2239,729,224,456,713,4872,"#ad buried as last hashtag",inadequate,post-content or absent,NON-COMPLIANT,"Helps strengthen immunity (PROHIBITED: 'helps')",general_wellness,No,§255.5,51744,2026-02-25,Jordan Ellis,OPEN,CONTRACT UPDATED,N/A,No,"Influencer remediation tracking",CAMP-2026-018,Podcast mention,No,No,Yes
SUPP-1118,@vitalitycoach,Facebook,2026-02-24,16:15:00,30356,11646,7.25,9923,229,39,80,15,165,1602,"Paid collab sticker only",inadequate,post-content or absent,NON-COMPLIANT,"supports gut microbiome balance (compliant)",general_wellness,Yes,§255.5,51744,2026-03-27,Alex Rivera (Ext.),IN_REVIEW,REMOVE CLAIM,N/A,No,"Influencer remediation tracking",CAMP-2026-001,Long video (>60s),No,No,No
SUPP-1119,@cleanwellness,YouTube,2026-01-24,20:15:00,31128,11336,4.78,11618,734,433,311,22,230,1009,"Verbal only (video)",adequate,pre-content,COMPLIANT,"B. longum promotes digestive wellness (insufficient evidence - no human RCT)",health_efficacy,No,None,0,2026-02-27,Alex Rivera (Ext.),RESOLVED,NONE,2026-02-28,No,"Supplemental audit batch March 2026",CAMP-2026-012,Blog post,No,Yes,No
SUPP-1120,@microbiome_maven,YouTube,2026-03-27,14:30:00,12023,4317,6.38,4479,70,26,25,64,22,546,"No disclosure (first post)",inadequate,post-content or absent,NON-COMPLIANT,"Vitamin D3 supports immune function (compliant - RCT supported)",health_efficacy,Yes,§255.5,51744,2026-03-28,Jordan Ellis,IN_REVIEW,CONTRACT UPDATED,N/A,No,"Supplemental audit batch March 2026",CAMP-2026-005,Blog post,No,No,No
SUPP-1121,@wellnesswithjenna,Twitter/X,2026-02-24,07:15:00,92995,48599,1.24,34244,1544,443,202,376,1634,3489,"Disclosure at post end",inadequate,post-content or absent,NON-COMPLIANT,"No health claim made (compliant)",general_wellness,Yes,§255.5,51744,2026-03-27,Jordan Ellis,IN_REVIEW,INFLUENCER NOTIFIED,N/A,No,"Post-update-1 compliance sweep",CAMP-2026-013,Long video (>60s),No,No,No
SUPP-1122,@fitandfueled,Snapchat,2026-01-01,07:30:00,96315,46443,1.59,51023,633,342,732,424,527,6675,"No disclosure",inadequate,post-content or absent,NON-COMPLIANT,"promising results in gut health (PROHIBITED: 'promising')",general_wellness,No,§255.5,51744,2026-02-04,Sarah Chen,IN_REVIEW,COMPLIANT - NO ACTION,N/A,No,"Casey Park pre-launch clearance",CAMP-2026-006,Carousel,No,No,No
SUPP-1123,@guthealth_guru,Instagram,2026-03-19,10:15:00,91908,39782,1.37,31554,1529,571,355,527,1469,3127,"AD text overlay (video)",inadequate,post-content or absent,NON-COMPLIANT,"may help immune function (PROHIBITED: 'may')",health_efficacy,No,§255.5,51744,2026-03-22,Alex Rivera (Ext.),PENDING,OBTAIN LEGAL REVIEW,N/A,No,"Quarterly disclosure audit",CAMP-2026-002,Podcast mention,No,No,No
SUPP-1124,@fitandfueled,LinkedIn,2026-02-20,14:45:00,75820,18155,1.98,14488,917,280,142,242,277,2699,"Platform Paid Partnership only",inadequate,post-content or absent,NON-COMPLIANT,"promising results in gut health (PROHIBITED: 'promising')",general_wellness,No,§255.5,51744,2026-03-23,Casey Park,IN_REVIEW,REMOVE CLAIM,N/A,No,"Quarterly disclosure audit",CAMP-2026-017,Long video (>60s),Yes,No,No
SUPP-1125,@vitamindiary,Twitter/X,2026-02-08,09:15:00,116584,23905,3.84,19896,599,165,663,257,619,3445,"#ad first hashtag",adequate,pre-content,COMPLIANT,"promising results in gut health (PROHIBITED: 'promising')",general_wellness,No,None,0,2026-03-11,Casey Park,RESOLVED,NONE,2026-03-15,No,"Casey Park pre-launch clearance",CAMP-2026-001,Live session,No,No,Yes
SUPP-1126,@nutriscience,Instagram,2026-01-26,11:45:00,40837,19442,5.02,21359,1069,151,188,227,419,2015,"#ad buried as last hashtag",inadequate,post-content or absent,NON-COMPLIANT,"supports gut microbiome balance (compliant)",general_wellness,Yes,§255.5,51744,2026-02-28,Jordan Ellis,OPEN,REMOVE CLAIM,N/A,No,"Supplemental audit batch March 2026",CAMP-2026-013,Static image,No,No,Yes
SUPP-1127,@guthealth_guru,Reels,2026-03-18,11:30:00,37824,17886,5.79,13334,311,42,199,250,471,1510,"FTC compliant verbal + text",adequate,pre-content,COMPLIANT,"Supports immune health (compliant with RCT)",health_efficacy,Yes,None,0,2026-03-21,Jordan Ellis,RESOLVED,NONE,2026-03-25,No,"Post-CEO-retraction review round",CAMP-2026-013,Carousel,No,No,No
SUPP-1128,@nourishednaturally,Instagram Stories,2026-01-13,23:30:00,67395,10805,4.14,9777,283,78,302,129,245,375,"Verbal only (video)",adequate,pre-content,COMPLIANT,"supports gut microbiome balance (compliant)",general_wellness,Yes,None,0,2026-02-16,Alex Rivera (Ext.),RESOLVED,NONE,2026-02-20,No,"Influencer remediation tracking",CAMP-2026-003,Long video (>60s),No,Yes,No
SUPP-1129,@digestive_digest,TikTok,2026-02-20,14:15:00,53750,26099,7.32,21296,1783,988,226,311,378,890,"Ad: at beginning",adequate,pre-content,COMPLIANT,"preliminary research suggests (PROHIBITED)",general_wellness,No,None,0,2026-03-23,Alex Rivera (Ext.),RESOLVED,NONE,2026-03-27,No,"Quarterly disclosure audit",CAMP-2026-004,Podcast mention,No,No,Yes
SUPP-1130,@digestive_digest,TikTok,2026-03-01,13:30:00,84356,25141,2.56,21204,514,260,678,233,725,893,"AD text overlay (video)",inadequate,post-content or absent,NON-COMPLIANT,"Doctor recommended for gut wellness (REQUIRES expert disclosure §255.3)",general_wellness,No,§255.5,51744,2026-03-04,Jordan Ellis,OPEN,MONITORING,N/A,No,"Sarah Chen escalation review",CAMP-2026-010,Static image,No,No,No
SUPP-1131,@probiotic_life,Facebook,2026-01-11,20:00:00,52321,6465,0.61,6235,167,28,187,95,22,316,"Paid collab sticker only",inadequate,post-content or absent,NON-COMPLIANT,"B. longum promotes digestive wellness (insufficient evidence - no human RCT)",health_efficacy,No,§255.5,51744,2026-02-14,Jordan Ellis,PENDING,MONITORING,N/A,No,"Quarterly disclosure audit",CAMP-2026-019,Short video (<60s),No,No,No
SUPP-1132,@supplementspro,Twitter/X,2026-03-08,08:45:00,77315,40087,0.71,29220,1844,1084,459,182,1549,4579,"#gifted in hashtags",inadequate,post-content or absent,NON-COMPLIANT,"Science-backed probiotic formula (compliant general claim)",general_wellness,Yes,§255.5,51744,2026-03-11,Casey Park,OPEN,UPDATE DISCLOSURE,N/A,No,"Sarah Chen escalation review",CAMP-2026-016,Blog post,No,No,No
SUPP-1133,@digestive_digest,LinkedIn,2026-02-09,09:30:00,52122,19914,2.14,19637,1029,372,339,201,396,1825,"AD text overlay (video)",inadequate,post-content or absent,NON-COMPLIANT,"promising results in gut health (PROHIBITED: 'promising')",general_wellness,No,§255.5,51744,2026-03-12,Jordan Ellis,IN_REVIEW,CONTRACT UPDATED,N/A,No,"Sarah Chen escalation review",CAMP-2026-007,Blog post,No,No,No
SUPP-1134,@immunity_insider,Pinterest,2026-01-25,23:30:00,105250,15957,5.93,14083,320,88,435,84,139,974,"#ad at post beginning",adequate,pre-content,COMPLIANT,"Probiotic of choice for digestive health (compliant general claim)",general_wellness,Yes,None,0,2026-02-28,Sarah Chen,RESOLVED,NONE,2026-02-28,No,"Post-update-1 compliance sweep",CAMP-2026-018,Podcast mention,No,No,Yes
SUPP-1135,@guthealth_guru,Instagram Stories,2026-02-07,18:00:00,94928,50854,6.82,38045,3131,951,1349,132,1654,2264,"AD text overlay (video)",inadequate,post-content or absent,NON-COMPLIANT,"may help digestive comfort (PROHIBITED: 'may' + B. longum lacks RCT)",health_efficacy,No,§255.5,51744,2026-03-10,Jordan Ellis,OPEN,MONITORING,N/A,No,"Post-update-1 compliance sweep",CAMP-2026-016,Static image,No,No,No
SUPP-1136,@cleanwellness,Instagram,2026-01-07,18:00:00,86787,22889,4.93,20883,951,126,445,239,131,1349,"FTC compliant verbal + text",adequate,pre-content,COMPLIANT,"preliminary research suggests (PROHIBITED)",general_wellness,No,None,0,2026-02-10,Jordan Ellis,RESOLVED,NONE,2026-02-14,No,"Sarah Chen escalation review",CAMP-2026-002,Podcast mention,No,No,No
SUPP-1137,@guthealth_guru,Twitter/X,2026-03-15,23:45:00,89048,44455,5.85,45116,3334,972,735,364,1401,6535,"#sponsored in middle",inadequate,post-content or absent,NON-COMPLIANT,"Supports immune health (compliant with RCT)",health_efficacy,Yes,§255.5,51744,2026-03-18,Sarah Chen,OPEN,INFLUENCER NOTIFIED,N/A,No,"Casey Park pre-launch clearance",CAMP-2026-011,Blog post,No,No,No
SUPP-1138,@probiotic_life,Instagram,2026-03-02,09:45:00,37687,12707,2.82,9822,668,188,234,177,258,1750,"FTC compliant verbal + text",adequate,pre-content,COMPLIANT,"Vitamin D3 supports immune function (compliant - RCT supported)",health_efficacy,Yes,None,0,2026-03-05,Alex Rivera (Ext.),RESOLVED,NONE,2026-03-09,No,"Post-CEO-retraction review round",CAMP-2026-004,Static image,No,No,No
SUPP-1139,@vitalitycoach,YouTube,2026-03-28,09:45:00,88110,9964,1.23,9762,618,191,50,36,110,521,"#sponsored in middle",inadequate,post-content or absent,NON-COMPLIANT,"Doctor-Formulated for immunity (REQUIRES substantiation per revised audit letter)",general_wellness,No,§255.5,51744,2026-03-28,Sarah Chen,PENDING,OBTAIN LEGAL REVIEW,N/A,No,"Supplemental audit batch March 2026",CAMP-2026-006,Carousel,No,No,No
SUPP-1140,@supplementspro,Twitter/X,2026-01-16,07:45:00,100448,19026,6.61,20353,260,153,70,241,67,2335,"Verbal only (video)",adequate,pre-content,COMPLIANT,"may help digestive comfort (PROHIBITED: 'may' + B. longum lacks RCT)",health_efficacy,No,None,0,2026-02-19,Casey Park,RESOLVED,NONE,2026-02-23,No,"Post-CEO-retraction review round",CAMP-2026-009,Short video (<60s),No,Yes,No
SUPP-1141,@holistic_health_hub,YouTube,2026-02-14,17:45:00,34618,11680,0.7,10808,114,21,239,156,50,925,"Platform Paid Partnership only",inadequate,post-content or absent,NON-COMPLIANT,"initial pilot data shows gut improvement (PROHIBITED: 'initial' + 'pilot')",general_wellness,No,§255.5,51744,2026-03-17,Alex Rivera (Ext.),IN_REVIEW,REMOVE CLAIM,N/A,No,"Casey Park pre-launch clearance",CAMP-2026-015,Reel,Yes,No,No
SUPP-1142,@immunity_insider,LinkedIn,2026-01-25,21:00:00,20873,2383,7.48,1788,178,19,58,21,28,91,"FTC compliant verbal + text",adequate,pre-content,COMPLIANT,"Probiotic of choice for digestive health (compliant general claim)",general_wellness,Yes,None,0,2026-02-28,Jordan Ellis,RESOLVED,NONE,2026-02-28,No,"Influencer remediation tracking",CAMP-2026-013,Blog post,No,No,No
SUPP-1143,@fitandfueled,TikTok,2026-03-20,12:00:00,117137,22560,0.98,22172,748,280,566,27,167,1975,"#sponsored in middle",inadequate,post-content or absent,NON-COMPLIANT,"Science-backed probiotic formula (compliant general claim)",general_wellness,Yes,§255.5,51744,2026-03-23,Casey Park,PENDING,UPDATE DISCLOSURE,N/A,No,"Supplemental audit batch March 2026",CAMP-2026-008,Podcast mention,No,No,No
SUPP-1144,@guthealth_guru,YouTube,2026-01-23,15:30:00,33810,14185,6.95,12558,135,21,285,194,135,1666,"No disclosure",inadequate,post-content or absent,NON-COMPLIANT,"may help immune function (PROHIBITED: 'may')",health_efficacy,No,§255.5,51744,2026-02-26,Casey Park,OPEN,COMPLIANT - NO ACTION,N/A,No,"Supplemental audit batch March 2026",CAMP-2026-009,Live session,No,No,No
SUPP-1145,@wellnesswithjenna,YouTube,2026-03-15,15:15:00,80710,34845,2.28,25479,2759,1612,989,44,757,3981,"Platform Paid Partnership only",inadequate,post-content or absent,NON-COMPLIANT,"promising results in gut health (PROHIBITED: 'promising')",general_wellness,No,§255.5,51744,2026-03-18,Alex Rivera (Ext.),IN_REVIEW,COMPLIANT - NO ACTION,N/A,No,"Supplemental audit batch March 2026",CAMP-2026-007,Podcast mention,Yes,No,No
SUPP-1146,@cleanwellness,Reels,2026-03-26,13:15:00,74858,13075,1.33,11055,259,27,90,154,160,468,"#gifted in hashtags",inadequate,post-content or absent,NON-COMPLIANT,"may help immune function (PROHIBITED: 'may')",health_efficacy,No,§255.5,51744,2026-03-28,Jordan Ellis,PENDING,OBTAIN LEGAL REVIEW,N/A,No,"Post-update-1 compliance sweep",CAMP-2026-019,Live session,No,No,No
SUPP-1147,@holistic_health_hub,LinkedIn,2026-03-05,22:15:00,14242,6034,6.05,6609,355,130,70,42,84,469,"#ad first hashtag",adequate,pre-content,COMPLIANT,"L. acidophilus NCFM for immune health (compliant - 2 human RCTs)",health_efficacy,Yes,None,0,2026-03-08,Alex Rivera (Ext.),RESOLVED,NONE,2026-03-12,No,"Sarah Chen escalation review",CAMP-2026-019,Carousel,No,No,Yes
SUPP-1148,@fitandfueled,TikTok,2026-03-22,11:30:00,73907,35830,6.88,34469,559,179,462,346,739,5218,"#ad first hashtag",adequate,pre-content,COMPLIANT,"supports gut microbiome balance (compliant)",general_wellness,Yes,None,0,2026-03-25,Sarah Chen,RESOLVED,NONE,2026-03-28,No,"Quarterly disclosure audit",CAMP-2026-014,Short video (<60s),No,No,Yes
SUPP-1149,@wellnesswithjenna,Reels,2026-02-04,13:30:00,50190,12232,4.68,8980,918,327,139,118,373,934,"#sponsored in middle",inadequate,post-content or absent,NON-COMPLIANT,"Doctor recommended for gut wellness (REQUIRES expert disclosure §255.3)",general_wellness,No,§255.5,51744,2026-03-07,Casey Park,IN_REVIEW,UPDATE DISCLOSURE,N/A,No,"Sarah Chen escalation review",CAMP-2026-016,Blog post,No,No,No
SUPP-1150,@nourishednaturally,YouTube,2026-01-24,20:45:00,79171,8740,4.68,7953,192,53,37,88,210,716,"#ad buried as last hashtag",inadequate,post-content or absent,NON-COMPLIANT,"L. acidophilus NCFM for immune health (compliant - 2 human RCTs)",health_efficacy,Yes,§255.5,51744,2026-02-27,Jordan Ellis,OPEN,MONITORING,N/A,No,"Casey Park pre-launch clearance",CAMP-2026-003,Reel,No,No,Yes
SUPP-1151,@holistic_health_hub,Snapchat,2026-01-10,07:00:00,18731,2475,5.37,2203,157,50,68,11,98,53,"No disclosure (first post)",inadequate,post-content or absent,NON-COMPLIANT,"preliminary research suggests (PROHIBITED)",general_wellness,No,§255.5,51744,2026-02-13,Alex Rivera (Ext.),IN_REVIEW,INFLUENCER NOTIFIED,N/A,No,"Quarterly disclosure audit",CAMP-2026-015,Static image,No,No,No
SUPP-1152,@holistic_health_hub,YouTube,2026-01-09,21:00:00,100012,17232,2.24,17501,1154,465,151,20,288,983,"#ad at post beginning",adequate,pre-content,COMPLIANT,"preliminary research suggests (PROHIBITED)",general_wellness,No,None,0,2026-02-12,Casey Park,RESOLVED,NONE,2026-02-16,No,"Quarterly disclosure audit",CAMP-2026-013,Short video (<60s),No,No,Yes
SUPP-1153,@nutriscience,TikTok,2026-01-02,12:15:00,62267,27410,5.15,24513,776,125,35,156,840,3990,"No disclosure",inadequate,post-content or absent,NON-COMPLIANT,"Helps strengthen immunity (PROHIBITED: 'helps')",general_wellness,No,§255.5,51744,2026-02-05,Sarah Chen,OPEN,UPDATE DISCLOSURE,N/A,No,"Post-update-1 compliance sweep",CAMP-2026-019,Podcast mention,No,No,No
SUPP-1154,@nourishednaturally,TikTok,2026-01-28,15:30:00,113237,50716,0.55,54934,2561,572,475,500,1622,3357,"#ad buried as last hashtag",inadequate,post-content or absent,NON-COMPLIANT,"Vitamin D3 supports immune function (compliant - RCT supported)",health_efficacy,Yes,§255.5,51744,2026-02-28,Jordan Ellis,IN_REVIEW,OBTAIN LEGAL REVIEW,N/A,No,"Quarterly disclosure audit",CAMP-2026-017,Static image,No,No,Yes
SUPP-1155,@probiotic_life,Facebook,2026-03-11,21:00:00,49031,17057,3.33,12884,156,49,117,94,248,1393,"Disclosure in bio only",inadequate,post-content or absent,NON-COMPLIANT,"Doctor-Formulated for immunity (REQUIRES substantiation per revised audit letter)",general_wellness,No,§255.5,51744,2026-03-14,Jordan Ellis,IN_REVIEW,CONTRACT UPDATED,N/A,No,"Sarah Chen escalation review",CAMP-2026-013,Podcast mention,No,No,No
SUPP-1156,@vitamindiary,Reels,2026-02-17,09:00:00,84218,24317,7.35,23312,1784,376,435,198,111,2293,"No disclosure (first post)",inadequate,post-content or absent,NON-COMPLIANT,"may help immune function (PROHIBITED: 'may')",health_efficacy,No,§255.5,51744,2026-03-20,Jordan Ellis,IN_REVIEW,INFLUENCER NOTIFIED,N/A,No,"Post-update-1 compliance sweep",CAMP-2026-010,Podcast mention,No,No,No
SUPP-1157,@probiotic_life,Pinterest,2026-01-01,08:30:00,11568,2369,2.04,2368,110,23,52,15,19,184,"Disclosure in bio only",inadequate,post-content or absent,NON-COMPLIANT,"Doctor recommended for gut wellness (REQUIRES expert disclosure §255.3)",general_wellness,No,§255.5,51744,2026-02-04,Sarah Chen,PENDING,CONTRACT UPDATED,N/A,No,"Casey Park pre-launch clearance",CAMP-2026-002,Podcast mention,No,No,No
SUPP-1158,@vitalitycoach,Reels,2026-03-22,19:15:00,45194,13983,4.74,10448,454,213,119,141,121,1735,"FTC compliant verbal + text",adequate,pre-content,COMPLIANT,"may help digestive comfort (PROHIBITED: 'may' + B. longum lacks RCT)",health_efficacy,No,None,0,2026-03-25,Sarah Chen,RESOLVED,NONE,2026-03-28,No,"Casey Park pre-launch clearance",CAMP-2026-010,Blog post,No,No,No
SUPP-1159,@microbiome_maven,Twitter/X,2026-02-11,20:30:00,65496,16589,3.97,13857,1296,514,323,76,561,1476,"#ad first hashtag",adequate,pre-content,COMPLIANT,"Doctor recommended for gut wellness (REQUIRES expert disclosure §255.3)",general_wellness,No,None,0,2026-03-14,Alex Rivera (Ext.),RESOLVED,NONE,2026-03-18,No,"Post-update-1 compliance sweep",CAMP-2026-003,Story,No,No,Yes
SUPP-1160,@probiotic_life,Reels,2026-03-21,13:30:00,45067,10429,5.24,7428,739,330,42,76,86,380,"Verbal only (video)",adequate,pre-content,COMPLIANT,"may help digestive comfort (PROHIBITED: 'may' + B. longum lacks RCT)",health_efficacy,No,None,0,2026-03-24,Casey Park,RESOLVED,NONE,2026-03-28,No,"Supplemental audit batch March 2026",CAMP-2026-013,Reel,No,Yes,No
SUPP-1161,@probiotic_life,Instagram,2026-01-22,14:00:00,84943,15562,1.46,12624,928,202,378,124,171,1380,"FTC compliant verbal + text",adequate,pre-content,COMPLIANT,"Vitamin D3 supports immune function (compliant - RCT supported)",health_efficacy,Yes,None,0,2026-02-25,Jordan Ellis,RESOLVED,NONE,2026-02-28,No,"Casey Park pre-launch clearance",CAMP-2026-013,Live session,No,No,No
SUPP-1162,@cleanwellness,Reels,2026-02-22,17:30:00,70214,23520,4.88,22495,1417,158,243,85,594,2014,"No disclosure",inadequate,post-content or absent,NON-COMPLIANT,"L. acidophilus NCFM for immune health (compliant - 2 human RCTs)",health_efficacy,Yes,§255.5,51744,2026-03-25,Alex Rivera (Ext.),OPEN,OBTAIN LEGAL REVIEW,N/A,No,"Casey Park pre-launch clearance",CAMP-2026-016,Podcast mention,No,No,No
SUPP-1163,@nutriscience,Instagram,2026-02-15,09:45:00,45291,19867,0.67,19081,425,232,81,21,332,2709,"#ad buried as last hashtag",inadequate,post-content or absent,NON-COMPLIANT,"supports gut microbiome balance (compliant)",general_wellness,Yes,§255.5,51744,2026-03-18,Sarah Chen,OPEN,UPDATE DISCLOSURE,N/A,No,"Casey Park pre-launch clearance",CAMP-2026-005,Story,No,No,Yes
SUPP-1164,@guthealth_guru,Pinterest,2026-01-24,20:00:00,34974,8380,6.46,6887,398,160,152,44,287,805,"Platform Paid Partnership only",inadequate,post-content or absent,NON-COMPLIANT,"promising results in gut health (PROHIBITED: 'promising')",general_wellness,No,§255.5,51744,2026-02-27,Alex Rivera (Ext.),PENDING,INFLUENCER NOTIFIED,N/A,No,"Influencer remediation tracking",CAMP-2026-013,Carousel,Yes,No,No
SUPP-1165,@fitandfueled,TikTok,2026-03-02,17:00:00,12399,3746,7.33,3746,85,13,84,31,134,385,"Verbal only (video)",adequate,pre-content,COMPLIANT,"supports gut microbiome balance (compliant)",general_wellness,Yes,None,0,2026-03-05,Jordan Ellis,RESOLVED,NONE,2026-03-09,No,"Casey Park pre-launch clearance",CAMP-2026-009,Carousel,No,Yes,No
SUPP-1166,@immunity_insider,Instagram Stories,2026-01-24,14:45:00,21197,7205,2.99,7789,294,69,150,33,110,195,"Platform Paid Partnership only",inadequate,post-content or absent,NON-COMPLIANT,"Clinically demonstrated to enhance immunity (PROHIBITED: requires RCT for all ingredients)",health_efficacy,No,§255.5,51744,2026-02-27,Jordan Ellis,PENDING,COMPLIANT - NO ACTION,N/A,No,"Post-update-1 compliance sweep",CAMP-2026-005,Blog post,Yes,No,No
SUPP-1167,@wellnesswithjenna,Facebook,2026-03-03,11:15:00,31042,9035,1.5,9610,514,257,126,84,149,1115,"Disclosure in bio only",inadequate,post-content or absent,NON-COMPLIANT,"ProBio+ clinically studied for immunity (compliant phrasing)",general_wellness,Yes,§255.5,51744,2026-03-06,Casey Park,IN_REVIEW,INFLUENCER NOTIFIED,N/A,No,"Casey Park pre-launch clearance",CAMP-2026-011,Blog post,No,No,No
SUPP-1168,@probiotic_life,Snapchat,2026-03-11,22:45:00,87478,14097,3.2,10582,879,163,406,84,78,1209,"#gifted in hashtags",inadequate,post-content or absent,NON-COMPLIANT,"supports gut microbiome balance (compliant)",general_wellness,Yes,§255.5,51744,2026-03-14,Sarah Chen,OPEN,UPDATE DISCLOSURE,N/A,No,"Casey Park pre-launch clearance",CAMP-2026-009,Carousel,No,No,No
SUPP-1169,@fitandfueled,LinkedIn,2026-02-07,09:15:00,95960,52035,6.11,44784,592,220,1045,397,1114,6174,"AD text overlay (video)",inadequate,post-content or absent,NON-COMPLIANT,"Gut health support tested in human trials (compliant)",general_wellness,Yes,§255.5,51744,2026-03-10,Alex Rivera (Ext.),PENDING,UPDATE DISCLOSURE,N/A,No,"Sarah Chen escalation review",CAMP-2026-005,Podcast mention,No,No,No
SUPP-1170,@microbiome_maven,Snapchat,2026-02-23,12:45:00,52135,27370,2.11,21419,1867,1026,107,329,444,2234,"No disclosure",inadequate,post-content or absent,NON-COMPLIANT,"Gut health support tested in human trials (compliant)",general_wellness,Yes,§255.5,51744,2026-03-26,Jordan Ellis,IN_REVIEW,MONITORING,N/A,No,"Post-CEO-retraction review round",CAMP-2026-013,Long video (>60s),No,No,No
SUPP-1171,@fitandfueled,YouTube,2026-02-21,21:00:00,58777,9041,0.69,6560,619,91,184,59,221,402,"#sponsored in middle",inadequate,post-content or absent,NON-COMPLIANT,"Clinically demonstrated to enhance immunity (PROHIBITED: requires RCT for all ingredients)",health_efficacy,No,§255.5,51744,2026-03-24,Sarah Chen,IN_REVIEW,INFLUENCER NOTIFIED,N/A,No,"Post-CEO-retraction review round",CAMP-2026-006,Carousel,No,No,No
SUPP-1172,@cleanwellness,Snapchat,2026-02-19,08:00:00,63956,8479,5.62,7364,350,144,26,17,72,1134,"#ad buried as last hashtag",inadequate,post-content or absent,NON-COMPLIANT,"may help digestive comfort (PROHIBITED: 'may' + B. longum lacks RCT)",health_efficacy,No,§255.5,51744,2026-03-22,Jordan Ellis,IN_REVIEW,CONTRACT UPDATED,N/A,No,"Quarterly disclosure audit",CAMP-2026-015,Story,No,No,Yes
SUPP-1173,@supplementspro,Pinterest,2026-01-16,18:30:00,104630,56645,6.24,47826,354,49,784,776,1535,7340,"#gifted in hashtags",inadequate,post-content or absent,NON-COMPLIANT,"Gut health support tested in human trials (compliant)",general_wellness,Yes,§255.5,51744,2026-02-19,Casey Park,OPEN,CONTRACT UPDATED,N/A,No,"Post-CEO-retraction review round",CAMP-2026-008,Long video (>60s),No,No,No
SUPP-1174,@microbiome_maven,Snapchat,2026-01-18,18:15:00,16878,2449,6.12,1764,92,11,32,15,87,299,"AD text overlay (video)",inadequate,post-content or absent,NON-COMPLIANT,"Supports immune health (compliant with RCT)",health_efficacy,Yes,§255.5,51744,2026-02-21,Sarah Chen,OPEN,CONTRACT UPDATED,N/A,No,"Influencer remediation tracking",CAMP-2026-006,Short video (<60s),No,No,No
SUPP-1175,@vitalitycoach,Instagram,2026-02-02,10:00:00,108836,28641,7.28,28480,1748,436,282,367,855,3339,"Platform Paid Partnership only",inadequate,post-content or absent,NON-COMPLIANT,"Results Not Typical disclaimer applies (OBSOLETE safe harbor - abolished 2009)",general_wellness,No,§255.5,51744,2026-03-05,Sarah Chen,OPEN,REMOVE CLAIM,N/A,No,"Post-CEO-retraction review round",CAMP-2026-004,Reel,Yes,No,No
SUPP-1176,@supplementspro,LinkedIn,2026-02-23,22:45:00,115103,28537,3.25,30517,1290,520,530,37,727,1274,"#ad first hashtag",adequate,pre-content,COMPLIANT,"Helps strengthen immunity (PROHIBITED: 'helps')",general_wellness,No,None,0,2026-03-26,Sarah Chen,RESOLVED,NONE,2026-03-28,No,"Casey Park pre-launch clearance",CAMP-2026-006,Short video (<60s),No,No,Yes
SUPP-1177,@nourishednaturally,Twitter/X,2026-03-25,22:00:00,60553,12718,7.19,12658,963,112,42,110,252,926,"Platform Paid Partnership only",inadequate,post-content or absent,NON-COMPLIANT,"B. longum promotes digestive wellness (insufficient evidence - no human RCT)",health_efficacy,No,§255.5,51744,2026-03-28,Jordan Ellis,OPEN,REMOVE CLAIM,N/A,No,"Casey Park pre-launch clearance",CAMP-2026-001,Story,Yes,No,No
SUPP-1178,@cleanwellness,LinkedIn,2026-02-22,11:15:00,31576,14509,3.63,13776,499,84,271,126,547,1665,"Platform Paid Partnership only",inadequate,post-content or absent,NON-COMPLIANT,"B. longum promotes digestive wellness (insufficient evidence - no human RCT)",health_efficacy,No,§255.5,51744,2026-03-25,Sarah Chen,IN_REVIEW,INFLUENCER NOTIFIED,N/A,No,"Supplemental audit batch March 2026",CAMP-2026-006,Live session,Yes,No,No
SUPP-1179,@microbiome_maven,Instagram Stories,2026-02-02,20:45:00,104482,30053,6.66,30791,474,244,337,422,94,2207,"FTC compliant verbal + text",adequate,pre-content,COMPLIANT,"No health claim made (compliant)",general_wellness,Yes,None,0,2026-03-05,Sarah Chen,RESOLVED,NONE,2026-03-09,No,"Sarah Chen escalation review",CAMP-2026-012,Live session,No,No,No
SUPP-1180,@fitandfueled,TikTok,2026-02-25,18:30:00,18053,5827,4.51,6264,229,117,80,71,111,420,"AD text overlay (video)",inadequate,post-content or absent,NON-COMPLIANT,"initial pilot data shows gut improvement (PROHIBITED: 'initial' + 'pilot')",general_wellness,No,§255.5,51744,2026-03-28,Alex Rivera (Ext.),PENDING,UPDATE DISCLOSURE,N/A,No,"Post-update-1 compliance sweep",CAMP-2026-018,Long video (>60s),No,No,No
SUPP-1181,@vitalitycoach,YouTube,2026-02-01,13:00:00,92089,21535,2.15,22372,672,241,318,64,464,1910,"#gifted in hashtags",inadequate,post-content or absent,NON-COMPLIANT,"Vitamin D3 supports immune function (compliant - RCT supported)",health_efficacy,Yes,§255.5,51744,2026-03-04,Jordan Ellis,OPEN,OBTAIN LEGAL REVIEW,N/A,No,"Supplemental audit batch March 2026",CAMP-2026-006,Story,No,No,No
SUPP-1182,@digestive_digest,YouTube,2026-02-22,16:15:00,70579,16174,4.87,11356,753,396,118,37,286,925,"Verbal only (video)",adequate,pre-content,COMPLIANT,"ProBio+ clinically studied for immunity (compliant phrasing)",general_wellness,Yes,None,0,2026-03-25,Sarah Chen,RESOLVED,NONE,2026-03-28,No,"Supplemental audit batch March 2026",CAMP-2026-004,Podcast mention,No,Yes,No
SUPP-1183,@vitamindiary,Reels,2026-01-13,08:30:00,42527,22470,1.82,21730,823,219,372,207,157,2146,"#ad first hashtag",adequate,pre-content,COMPLIANT,"L. acidophilus NCFM for immune health (compliant - 2 human RCTs)",health_efficacy,Yes,None,0,2026-02-16,Sarah Chen,RESOLVED,NONE,2026-02-20,No,"Sarah Chen escalation review",CAMP-2026-002,Live session,No,No,Yes
SUPP-1184,@immunity_insider,Reels,2026-03-19,20:30:00,23436,2550,4.44,2644,118,69,41,34,9,271,"Verbal only (video)",adequate,pre-content,COMPLIANT,"Doctor-Formulated for immunity (REQUIRES substantiation per revised audit letter)",general_wellness,No,None,0,2026-03-22,Casey Park,RESOLVED,NONE,2026-03-26,No,"Supplemental audit batch March 2026",CAMP-2026-002,Carousel,No,Yes,No
SUPP-1185,@microbiome_maven,Snapchat,2026-02-06,08:45:00,63770,16565,6.65,16215,1247,586,486,242,658,440,"FTC compliant verbal + text",adequate,pre-content,COMPLIANT,"initial pilot data shows gut improvement (PROHIBITED: 'initial' + 'pilot')",general_wellness,No,None,0,2026-03-09,Casey Park,RESOLVED,NONE,2026-03-13,No,"Supplemental audit batch March 2026",CAMP-2026-003,Static image,No,No,No
SUPP-1186,@digestive_digest,Snapchat,2026-03-21,10:45:00,14578,4026,4.15,3865,151,71,63,58,8,81,"Disclosure in bio only",inadequate,post-content or absent,NON-COMPLIANT,"Vitamin D3 supports immune function (compliant - RCT supported)",health_efficacy,Yes,§255.5,51744,2026-03-24,Jordan Ellis,PENDING,CONTRACT UPDATED,N/A,No,"Sarah Chen escalation review",CAMP-2026-013,Podcast mention,No,No,No
SUPP-1187,@nourishednaturally,TikTok,2026-01-14,10:00:00,101614,46099,6.79,45026,3418,1971,726,681,1534,5801,"Paid collab sticker only",inadequate,post-content or absent,NON-COMPLIANT,"promising results in gut health (PROHIBITED: 'promising')",general_wellness,No,§255.5,51744,2026-02-17,Casey Park,PENDING,MONITORING,N/A,No,"Supplemental audit batch March 2026",CAMP-2026-005,Podcast mention,No,No,No
SUPP-1188,@cleanwellness,Instagram Stories,2026-01-11,12:45:00,119270,43420,1.83,35377,824,450,1168,475,376,2290,"Verbal only (video)",adequate,pre-content,COMPLIANT,"ProBio+ clinically studied for immunity (compliant phrasing)",general_wellness,Yes,None,0,2026-02-14,Casey Park,RESOLVED,NONE,2026-02-18,No,"Quarterly disclosure audit",CAMP-2026-001,Static image,No,Yes,No
SUPP-1189,@fitandfueled,Twitter/X,2026-01-14,21:45:00,92143,10148,4.35,7418,574,72,96,49,55,316,"No disclosure",inadequate,post-content or absent,NON-COMPLIANT,"may help digestive comfort (PROHIBITED: 'may' + B. longum lacks RCT)",health_efficacy,No,§255.5,51744,2026-02-17,Casey Park,PENDING,OBTAIN LEGAL REVIEW,N/A,No,"Post-update-1 compliance sweep",CAMP-2026-008,Short video (<60s),No,No,No
SUPP-1190,@probiotic_life,Facebook,2026-03-13,12:45:00,115896,47972,7.22,33939,3204,626,747,572,397,1372,"Paid collab sticker only",inadequate,post-content or absent,NON-COMPLIANT,"Doctor-Formulated for immunity (REQUIRES substantiation per revised audit letter)",general_wellness,No,§255.5,51744,2026-03-16,Sarah Chen,PENDING,COMPLIANT - NO ACTION,N/A,No,"Quarterly disclosure audit",CAMP-2026-001,Podcast mention,No,No,No
SUPP-1191,@immunity_insider,Pinterest,2026-01-21,12:15:00,102883,26247,4.14,27025,890,304,632,260,799,2533,"FTC compliant verbal + text",adequate,pre-content,COMPLIANT,"Vitamin D3 supports immune function (compliant - RCT supported)",health_efficacy,Yes,None,0,2026-02-24,Casey Park,RESOLVED,NONE,2026-02-28,No,"Sarah Chen escalation review",CAMP-2026-005,Live session,No,No,No
SUPP-1192,@vitamindiary,LinkedIn,2026-01-13,17:45:00,94028,32115,1.31,23294,2502,610,541,288,1141,2216,"No disclosure",inadequate,post-content or absent,NON-COMPLIANT,"L. acidophilus NCFM for immune health (compliant - 2 human RCTs)",health_efficacy,Yes,§255.5,51744,2026-02-16,Alex Rivera (Ext.),OPEN,INFLUENCER NOTIFIED,N/A,No,"Sarah Chen escalation review",CAMP-2026-012,Podcast mention,No,No,No
SUPP-1193,@holistic_health_hub,Twitter/X,2026-03-08,17:00:00,16137,6216,0.61,5830,335,144,184,75,61,638,"Disclosure at post end",inadequate,post-content or absent,NON-COMPLIANT,"Gut health support tested in human trials (compliant)",general_wellness,Yes,§255.5,51744,2026-03-11,Casey Park,OPEN,CONTRACT UPDATED,N/A,No,"Post-CEO-retraction review round",CAMP-2026-003,Short video (<60s),No,No,No
SUPP-1194,@vitamindiary,YouTube,2026-03-16,09:00:00,87039,9124,5.96,7293,261,82,90,61,97,541,"Disclosure in bio only",inadequate,post-content or absent,NON-COMPLIANT,"Results Not Typical disclaimer applies (OBSOLETE safe harbor - abolished 2009)",general_wellness,No,§255.5,51744,2026-03-19,Sarah Chen,IN_REVIEW,UPDATE DISCLOSURE,N/A,No,"Influencer remediation tracking",CAMP-2026-015,Short video (<60s),No,No,No
SUPP-1195,@cleanwellness,Facebook,2026-02-14,09:00:00,22044,5724,4.78,5065,135,44,125,81,75,586,"#ad buried as last hashtag",inadequate,post-content or absent,NON-COMPLIANT,"Doctor recommended for gut wellness (REQUIRES expert disclosure §255.3)",general_wellness,No,§255.5,51744,2026-03-17,Jordan Ellis,IN_REVIEW,ESCALATE TO CCO,N/A,No,"Influencer remediation tracking",CAMP-2026-018,Carousel,No,No,Yes
SUPP-1196,@guthealth_guru,TikTok,2026-02-01,11:00:00,58454,19806,3.88,14610,373,150,340,139,576,547,"Platform Paid Partnership only",inadequate,post-content or absent,NON-COMPLIANT,"preliminary research suggests (PROHIBITED)",general_wellness,No,§255.5,51744,2026-03-04,Jordan Ellis,PENDING,REMOVE CLAIM,N/A,No,"Casey Park pre-launch clearance",CAMP-2026-006,Long video (>60s),Yes,No,No
SUPP-1197,@fitandfueled,TikTok,2026-02-10,22:15:00,28014,2820,6.94,2757,50,15,66,23,95,397,"FTC compliant verbal + text",adequate,pre-content,COMPLIANT,"Clinically demonstrated to enhance immunity (PROHIBITED: requires RCT for all ingredients)",health_efficacy,No,None,0,2026-03-13,Sarah Chen,RESOLVED,NONE,2026-03-17,No,"Sarah Chen escalation review",CAMP-2026-003,Long video (>60s),No,No,No
SUPP-1198,@holistic_health_hub,Twitter/X,2026-01-09,11:00:00,70914,38587,6.92,29601,644,99,84,290,696,5595,"#ad at post beginning",adequate,pre-content,COMPLIANT,"initial pilot data shows gut improvement (PROHIBITED: 'initial' + 'pilot')",general_wellness,No,None,0,2026-02-12,Alex Rivera (Ext.),RESOLVED,NONE,2026-02-16,No,"Post-update-1 compliance sweep",CAMP-2026-006,Reel,No,No,Yes
SUPP-1199,@probiotic_life,YouTube,2026-03-17,13:45:00,70908,24904,2.25,23526,1534,835,664,356,170,713,"Disclosure at post end",inadequate,post-content or absent,NON-COMPLIANT,"Vitamin D3 supports immune function (compliant - RCT supported)",health_efficacy,Yes,§255.5,51744,2026-03-20,Jordan Ellis,IN_REVIEW,CONTRACT UPDATED,N/A,No,"Post-CEO-retraction review round",CAMP-2026-009,Podcast mention,No,No,No
SUPP-1200,@microbiome_maven,TikTok,2026-01-20,17:30:00,17839,8687,6.67,8992,325,69,145,56,289,1258,"Ad: at beginning",adequate,pre-content,COMPLIANT,"preliminary research suggests (PROHIBITED)",general_wellness,No,None,0,2026-02-23,Jordan Ellis,RESOLVED,NONE,2026-02-27,No,"Sarah Chen escalation review",CAMP-2026-011,Static image,No,No,Yes
SUPP-1201,@nourishednaturally,LinkedIn,2026-02-20,16:00:00,58284,8443,6.44,7781,614,151,162,80,106,572,"No disclosure",inadequate,post-content or absent,NON-COMPLIANT,"Results Not Typical disclaimer applies (OBSOLETE safe harbor - abolished 2009)",general_wellness,No,§255.5,51744,2026-03-23,Sarah Chen,PENDING,ESCALATE TO CCO,N/A,No,"Influencer remediation tracking",CAMP-2026-007,Reel,No,No,No
SUPP-1202,@holistic_health_hub,Reels,2026-03-13,18:45:00,50923,9084,2.42,6471,564,291,188,71,294,596,"Platform Paid Partnership only",inadequate,post-content or absent,NON-COMPLIANT,"Doctor-Formulated for immunity (REQUIRES substantiation per revised audit letter)",general_wellness,No,§255.5,51744,2026-03-16,Casey Park,PENDING,ESCALATE TO CCO,N/A,No,"Influencer remediation tracking",CAMP-2026-017,Long video (>60s),Yes,No,No
SUPP-1203,@immunity_insider,Instagram,2026-01-02,21:45:00,112471,25465,7.0,22044,942,151,194,30,526,568,"No disclosure (first post)",inadequate,post-content or absent,NON-COMPLIANT,"may help digestive comfort (PROHIBITED: 'may' + B. longum lacks RCT)",health_efficacy,No,§255.5,51744,2026-02-05,Casey Park,IN_REVIEW,COMPLIANT - NO ACTION,N/A,No,"Sarah Chen escalation review",CAMP-2026-001,Carousel,No,No,No
SUPP-1204,@vitamindiary,LinkedIn,2026-03-02,08:15:00,14884,7447,3.99,6937,60,16,164,30,204,462,"#gifted in hashtags",inadequate,post-content or absent,NON-COMPLIANT,"Helps strengthen immunity (PROHIBITED: 'helps')",general_wellness,No,§255.5,51744,2026-03-05,Alex Rivera (Ext.),IN_REVIEW,REMOVE CLAIM,N/A,No,"Sarah Chen escalation review",CAMP-2026-006,Carousel,No,No,No
SUPP-1205,@digestive_digest,TikTok,2026-01-08,07:15:00,20394,2932,1.56,2340,98,13,64,32,72,401,"No disclosure",inadequate,post-content or absent,NON-COMPLIANT,"Clinically demonstrated to enhance immunity (PROHIBITED: requires RCT for all ingredients)",health_efficacy,No,§255.5,51744,2026-02-11,Jordan Ellis,OPEN,ESCALATE TO CCO,N/A,No,"Influencer remediation tracking",CAMP-2026-010,Podcast mention,No,No,No
SUPP-1206,@digestive_digest,LinkedIn,2026-02-16,20:00:00,86749,35241,6.96,35299,358,142,618,71,413,1733,"AD text overlay (video)",inadequate,post-content or absent,NON-COMPLIANT,"Clinically demonstrated to enhance immunity (PROHIBITED: requires RCT for all ingredients)",health_efficacy,No,§255.5,51744,2026-03-19,Jordan Ellis,IN_REVIEW,MONITORING,N/A,No,"Post-CEO-retraction review round",CAMP-2026-008,Static image,No,No,No
SUPP-1207,@nourishednaturally,Instagram Stories,2026-03-05,14:00:00,75952,24166,5.21,18782,351,183,282,306,876,3600,"AD text overlay (video)",inadequate,post-content or absent,NON-COMPLIANT,"Gut health support tested in human trials (compliant)",general_wellness,Yes,§255.5,51744,2026-03-08,Alex Rivera (Ext.),OPEN,UPDATE DISCLOSURE,N/A,No,"Supplemental audit batch March 2026",CAMP-2026-018,Live session,No,No,No
SUPP-1208,@digestive_digest,Reels,2026-01-11,09:45:00,20040,7667,2.86,6057,144,47,50,90,295,624,"#ad at post beginning",adequate,pre-content,COMPLIANT,"Results Not Typical disclaimer applies (OBSOLETE safe harbor - abolished 2009)",general_wellness,No,None,0,2026-02-14,Casey Park,RESOLVED,NONE,2026-02-18,No,"Quarterly disclosure audit",CAMP-2026-016,Long video (>60s),No,No,Yes
SUPP-1209,@probiotic_life,Twitter/X,2026-02-11,07:30:00,11960,6168,3.49,5722,268,77,15,28,100,389,"Platform Paid Partnership only",inadequate,post-content or absent,NON-COMPLIANT,"may help digestive comfort (PROHIBITED: 'may' + B. longum lacks RCT)",health_efficacy,No,§255.5,51744,2026-03-14,Jordan Ellis,OPEN,INFLUENCER NOTIFIED,N/A,No,"Influencer remediation tracking",CAMP-2026-015,Long video (>60s),Yes,No,No
SUPP-1210,@vitamindiary,TikTok,2026-01-21,16:00:00,95194,13652,7.32,12263,213,93,217,124,478,1100,"#ad buried as last hashtag",inadequate,post-content or absent,NON-COMPLIANT,"promising results in gut health (PROHIBITED: 'promising')",general_wellness,No,§255.5,51744,2026-02-24,Sarah Chen,PENDING,OBTAIN LEGAL REVIEW,N/A,No,"Sarah Chen escalation review",CAMP-2026-002,Carousel,No,No,Yes
SUPP-1211,@nourishednaturally,Facebook,2026-03-26,13:45:00,91931,21251,4.87,19493,1373,462,503,127,745,2581,"Disclosure at post end",inadequate,post-content or absent,NON-COMPLIANT,"initial pilot data shows gut improvement (PROHIBITED: 'initial' + 'pilot')",general_wellness,No,§255.5,51744,2026-03-28,Sarah Chen,PENDING,MONITORING,N/A,No,"Post-CEO-retraction review round",CAMP-2026-008,Podcast mention,No,No,No
SUPP-1212,@cleanwellness,Snapchat,2026-01-07,16:00:00,81873,35959,6.12,30993,2625,586,803,71,884,3436,"AD text overlay (video)",inadequate,post-content or absent,NON-COMPLIANT,"Science-backed probiotic formula (compliant general claim)",general_wellness,Yes,§255.5,51744,2026-02-10,Jordan Ellis,PENDING,UPDATE DISCLOSURE,N/A,No,"Post-CEO-retraction review round",CAMP-2026-015,Live session,No,No,No
SUPP-1213,@vitalitycoach,YouTube,2026-03-27,23:30:00,38827,11314,6.86,9930,821,176,281,84,217,1284,"No disclosure",inadequate,post-content or absent,NON-COMPLIANT,"Gut health support tested in human trials (compliant)",general_wellness,Yes,§255.5,51744,2026-03-28,Jordan Ellis,OPEN,MONITORING,N/A,No,"Influencer remediation tracking",CAMP-2026-018,Reel,No,No,No
SUPP-1214,@guthealth_guru,Instagram Stories,2026-01-01,16:30:00,64058,30956,0.78,28238,2169,422,113,360,1222,2933,"Platform Paid Partnership only",inadequate,post-content or absent,NON-COMPLIANT,"No health claim made (compliant)",general_wellness,Yes,§255.5,51744,2026-02-04,Casey Park,IN_REVIEW,ESCALATE TO CCO,N/A,No,"Post-CEO-retraction review round",CAMP-2026-014,Reel,Yes,No,No
SUPP-1215,@immunity_insider,Snapchat,2026-02-13,12:30:00,113188,36832,3.74,33744,1740,792,729,319,475,4049,"AD text overlay (video)",inadequate,post-content or absent,NON-COMPLIANT,"preliminary research suggests (PROHIBITED)",general_wellness,No,§255.5,51744,2026-03-16,Casey Park,IN_REVIEW,ESCALATE TO CCO,N/A,No,"Quarterly disclosure audit",CAMP-2026-015,Static image,No,No,No
SUPP-1216,@nourishednaturally,Pinterest,2026-03-20,21:15:00,43471,6905,7.47,6535,533,245,22,78,71,435,"Platform Paid Partnership only",inadequate,post-content or absent,NON-COMPLIANT,"Supports immune health (compliant with RCT)",health_efficacy,Yes,§255.5,51744,2026-03-23,Alex Rivera (Ext.),IN_REVIEW,INFLUENCER NOTIFIED,N/A,No,"Post-CEO-retraction review round",CAMP-2026-002,Story,Yes,No,No
SUPP-1217,@microbiome_maven,Reels,2026-03-06,11:45:00,36806,6074,5.77,4815,336,136,179,65,52,450,"Ad: at beginning",adequate,pre-content,COMPLIANT,"promising results in gut health (PROHIBITED: 'promising')",general_wellness,No,None,0,2026-03-09,Alex Rivera (Ext.),RESOLVED,NONE,2026-03-13,No,"Quarterly disclosure audit",CAMP-2026-003,Static image,No,No,Yes
SUPP-1218,@vitalitycoach,Reels,2026-03-09,07:30:00,97400,14956,4.63,15916,83,45,200,46,414,1820,"#ad buried as last hashtag",inadequate,post-content or absent,NON-COMPLIANT,"Gut health support tested in human trials (compliant)",general_wellness,Yes,§255.5,51744,2026-03-12,Jordan Ellis,IN_REVIEW,ESCALATE TO CCO,N/A,No,"Supplemental audit batch March 2026",CAMP-2026-007,Static image,No,No,Yes
SUPP-1219,@probiotic_life,Instagram Stories,2026-02-01,18:30:00,112670,53104,2.35,43448,2819,1064,655,134,1187,7635,"Disclosure at post end",inadequate,post-content or absent,NON-COMPLIANT,"preliminary research suggests (PROHIBITED)",general_wellness,No,§255.5,51744,2026-03-04,Alex Rivera (Ext.),OPEN,OBTAIN LEGAL REVIEW,N/A,No,"Sarah Chen escalation review",CAMP-2026-006,Reel,No,No,No
SUPP-1220,@supplementspro,Reels,2026-01-22,13:30:00,34777,13236,7.36,11727,370,196,363,151,447,1440,"#gifted in hashtags",inadequate,post-content or absent,NON-COMPLIANT,"Doctor-Formulated for immunity (REQUIRES substantiation per revised audit letter)",general_wellness,No,§255.5,51744,2026-02-25,Alex Rivera (Ext.),OPEN,COMPLIANT - NO ACTION,N/A,No,"Quarterly disclosure audit",CAMP-2026-014,Carousel,No,No,No
SUPP-1221,@vitamindiary,Instagram,2026-03-15,07:15:00,53801,20091,2.15,19996,378,148,579,297,227,866,"Verbal only (video)",adequate,pre-content,COMPLIANT,"preliminary research suggests (PROHIBITED)",general_wellness,No,None,0,2026-03-18,Jordan Ellis,RESOLVED,NONE,2026-03-22,No,"Sarah Chen escalation review",CAMP-2026-006,Long video (>60s),No,Yes,No
SUPP-1222,@wellnesswithjenna,LinkedIn,2026-03-28,21:45:00,119527,30568,4.26,33387,1473,715,72,214,853,3953,"Platform Paid Partnership only",inadequate,post-content or absent,NON-COMPLIANT,"B. longum promotes digestive wellness (insufficient evidence - no human RCT)",health_efficacy,No,§255.5,51744,2026-03-28,Sarah Chen,OPEN,OBTAIN LEGAL REVIEW,N/A,No,"Supplemental audit batch March 2026",CAMP-2026-019,Carousel,Yes,No,No
SUPP-1223,@immunity_insider,YouTube,2026-02-11,19:45:00,68952,28131,5.65,30106,557,261,395,365,602,3558,"Platform Paid Partnership only",inadequate,post-content or absent,NON-COMPLIANT,"Doctor recommended for gut wellness (REQUIRES expert disclosure §255.3)",general_wellness,No,§255.5,51744,2026-03-14,Casey Park,PENDING,REMOVE CLAIM,N/A,No,"Casey Park pre-launch clearance",CAMP-2026-018,Reel,Yes,No,No
SUPP-1224,@vitalitycoach,LinkedIn,2026-03-08,12:15:00,87378,39899,3.42,39557,2497,1353,112,527,1097,5478,"#sponsored in middle",inadequate,post-content or absent,NON-COMPLIANT,"Results Not Typical disclaimer applies (OBSOLETE safe harbor - abolished 2009)",general_wellness,No,§255.5,51744,2026-03-11,Casey Park,IN_REVIEW,CONTRACT UPDATED,N/A,No,"Quarterly disclosure audit",CAMP-2026-017,Static image,No,No,No
SUPP-1225,@nourishednaturally,Pinterest,2026-01-27,20:15:00,110233,35995,3.87,35071,1136,622,452,231,1125,4257,"Platform Paid Partnership only",inadequate,post-content or absent,NON-COMPLIANT,"may help immune function (PROHIBITED: 'may')",health_efficacy,No,§255.5,51744,2026-02-28,Jordan Ellis,PENDING,MONITORING,N/A,No,"Supplemental audit batch March 2026",CAMP-2026-018,Podcast mention,Yes,No,No
SUPP-1226,@supplementspro,YouTube,2026-03-01,08:30:00,31386,6655,2.4,6258,34,15,36,20,70,313,"No disclosure (first post)",inadequate,post-content or absent,NON-COMPLIANT,"Helps strengthen immunity (PROHIBITED: 'helps')",general_wellness,No,§255.5,51744,2026-03-04,Casey Park,OPEN,OBTAIN LEGAL REVIEW,N/A,No,"Sarah Chen escalation review",CAMP-2026-011,Long video (>60s),No,No,No
SUPP-1227,@immunity_insider,Reels,2026-01-15,08:30:00,75686,20138,4.51,18256,1555,441,52,41,735,941,"#ad buried as last hashtag",inadequate,post-content or absent,NON-COMPLIANT,"may help immune function (PROHIBITED: 'may')",health_efficacy,No,§255.5,51744,2026-02-18,Alex Rivera (Ext.),OPEN,INFLUENCER NOTIFIED,N/A,No,"Quarterly disclosure audit",CAMP-2026-012,Short video (<60s),No,No,Yes
SUPP-1228,@nutriscience,Instagram Stories,2026-01-11,08:00:00,118306,36671,0.56,37301,1615,400,225,106,1412,924,"Paid collab sticker only",inadequate,post-content or absent,NON-COMPLIANT,"Science-backed probiotic formula (compliant general claim)",general_wellness,Yes,§255.5,51744,2026-02-14,Casey Park,IN_REVIEW,COMPLIANT - NO ACTION,N/A,No,"Influencer remediation tracking",CAMP-2026-017,Carousel,No,No,No
SUPP-1229,@wellnesswithjenna,YouTube,2026-03-09,12:00:00,93167,23089,4.38,18037,1060,127,40,128,884,1734,"#ad at post beginning",adequate,pre-content,COMPLIANT,"promising results in gut health (PROHIBITED: 'promising')",general_wellness,No,None,0,2026-03-12,Sarah Chen,RESOLVED,NONE,2026-03-16,No,"Post-update-1 compliance sweep",CAMP-2026-016,Blog post,No,No,Yes
SUPP-1230,@wellnesswithjenna,Facebook,2026-01-01,11:15:00,80660,8714,4.81,8539,340,70,221,100,150,1204,"#ad buried as last hashtag",inadequate,post-content or absent,NON-COMPLIANT,"ProBio+ clinically studied for immunity (compliant phrasing)",general_wellness,Yes,§255.5,51744,2026-02-04,Jordan Ellis,PENDING,INFLUENCER NOTIFIED,N/A,No,"Quarterly disclosure audit",CAMP-2026-006,Live session,No,No,Yes
SUPP-1231,@vitamindiary,LinkedIn,2026-01-14,17:45:00,36856,5567,4.95,5822,184,33,140,70,109,655,"AD text overlay (video)",inadequate,post-content or absent,NON-COMPLIANT,"Doctor-Formulated for immunity (REQUIRES substantiation per revised audit letter)",general_wellness,No,§255.5,51744,2026-02-17,Casey Park,OPEN,REMOVE CLAIM,N/A,No,"Influencer remediation tracking",CAMP-2026-013,Reel,No,No,No
SUPP-1232,@fitandfueled,Facebook,2026-02-20,12:15:00,102086,42378,3.71,40738,3273,1029,489,564,1172,3220,"Disclosure at post end",inadequate,post-content or absent,NON-COMPLIANT,"L. acidophilus NCFM for immune health (compliant - 2 human RCTs)",health_efficacy,Yes,§255.5,51744,2026-03-23,Casey Park,IN_REVIEW,COMPLIANT - NO ACTION,N/A,No,"Post-update-1 compliance sweep",CAMP-2026-012,Live session,No,No,No
SUPP-1233,@holistic_health_hub,Instagram,2026-02-28,07:00:00,94635,30231,0.81,21376,864,337,118,371,592,3321,"Verbal only (video)",adequate,pre-content,COMPLIANT,"Vitamin D3 supports immune function (compliant - RCT supported)",health_efficacy,Yes,None,0,2026-03-28,Jordan Ellis,RESOLVED,NONE,2026-03-28,No,"Casey Park pre-launch clearance",CAMP-2026-008,Live session,No,Yes,No
SUPP-1234,@nutriscience,Twitter/X,2026-02-04,11:00:00,12121,3524,1.31,3503,39,15,98,5,65,463,"No disclosure (first post)",inadequate,post-content or absent,NON-COMPLIANT,"ProBio+ clinically studied for immunity (compliant phrasing)",general_wellness,Yes,§255.5,51744,2026-03-07,Alex Rivera (Ext.),PENDING,OBTAIN LEGAL REVIEW,N/A,No,"Post-update-1 compliance sweep",CAMP-2026-015,Story,No,No,No
SUPP-1235,@probiotic_life,Instagram,2026-02-10,10:15:00,44178,14794,6.18,10455,770,242,61,32,250,2144,"#ad at post beginning",adequate,pre-content,COMPLIANT,"Probiotic of choice for digestive health (compliant general claim)",general_wellness,Yes,None,0,2026-03-13,Alex Rivera (Ext.),RESOLVED,NONE,2026-03-17,No,"Casey Park pre-launch clearance",CAMP-2026-018,Short video (<60s),No,No,Yes
SUPP-1236,@digestive_digest,Pinterest,2026-02-25,18:15:00,28221,3539,3.99,3567,227,39,84,26,139,356,"Disclosure in bio only",inadequate,post-content or absent,NON-COMPLIANT,"Probiotic of choice for digestive health (compliant general claim)",general_wellness,Yes,§255.5,51744,2026-03-28,Casey Park,PENDING,OBTAIN LEGAL REVIEW,N/A,No,"Sarah Chen escalation review",CAMP-2026-001,Podcast mention,No,No,No
SUPP-1237,@digestive_digest,TikTok,2026-02-05,13:45:00,54048,7160,6.42,7875,45,21,69,16,187,1020,"#sponsored in middle",inadequate,post-content or absent,NON-COMPLIANT,"Doctor recommended for gut wellness (REQUIRES expert disclosure §255.3)",general_wellness,No,§255.5,51744,2026-03-08,Jordan Ellis,PENDING,CONTRACT UPDATED,N/A,No,"Supplemental audit batch March 2026",CAMP-2026-012,Story,No,No,No
SUPP-1238,@nutriscience,TikTok,2026-02-12,18:00:00,36794,7500,2.6,5826,421,107,102,55,81,461,"Disclosure at post end",inadequate,post-content or absent,NON-COMPLIANT,"Helps strengthen immunity (PROHIBITED: 'helps')",general_wellness,No,§255.5,51744,2026-03-15,Jordan Ellis,OPEN,OBTAIN LEGAL REVIEW,N/A,No,"Supplemental audit batch March 2026",CAMP-2026-010,Reel,No,No,No
SUPP-1239,@microbiome_maven,Reels,2026-01-08,19:00:00,27492,8655,6.9,8517,475,213,242,22,201,584,"#ad at post beginning",adequate,pre-content,COMPLIANT,"may help digestive comfort (PROHIBITED: 'may' + B. longum lacks RCT)",health_efficacy,No,None,0,2026-02-11,Alex Rivera (Ext.),RESOLVED,NONE,2026-02-15,No,"Influencer remediation tracking",CAMP-2026-018,Static image,No,No,Yes
SUPP-1240,@immunity_insider,Snapchat,2026-03-12,20:45:00,11372,3749,6.31,3555,181,37,17,5,46,290,"Platform Paid Partnership only",inadequate,post-content or absent,NON-COMPLIANT,"No health claim made (compliant)",general_wellness,Yes,§255.5,51744,2026-03-15,Jordan Ellis,PENDING,INFLUENCER NOTIFIED,N/A,No,"Supplemental audit batch March 2026",CAMP-2026-010,Live session,Yes,No,No
SUPP-1241,@cleanwellness,Instagram Stories,2026-03-11,09:45:00,116768,15831,4.29,11486,847,299,363,61,441,700,"#gifted in hashtags",inadequate,post-content or absent,NON-COMPLIANT,"Doctor-Formulated for immunity (REQUIRES substantiation per revised audit letter)",general_wellness,No,§255.5,51744,2026-03-14,Jordan Ellis,IN_REVIEW,CONTRACT UPDATED,N/A,No,"Quarterly disclosure audit",CAMP-2026-009,Short video (<60s),No,No,No
SUPP-1242,@probiotic_life,TikTok,2026-02-24,09:00:00,72500,20861,0.65,16358,1004,294,531,110,256,2118,"#sponsored in middle",inadequate,post-content or absent,NON-COMPLIANT,"Gut health support tested in human trials (compliant)",general_wellness,Yes,§255.5,51744,2026-03-27,Sarah Chen,PENDING,CONTRACT UPDATED,N/A,No,"Casey Park pre-launch clearance",CAMP-2026-015,Story,No,No,No
SUPP-1243,@microbiome_maven,YouTube,2026-01-10,21:15:00,101186,44960,1.54,34974,3219,946,857,438,117,1464,"Ad: at beginning",adequate,pre-content,COMPLIANT,"promising results in gut health (PROHIBITED: 'promising')",general_wellness,No,None,0,2026-02-13,Casey Park,RESOLVED,NONE,2026-02-17,No,"Influencer remediation tracking",CAMP-2026-004,Long video (>60s),No,No,Yes
SUPP-1244,@nourishednaturally,Facebook,2026-01-04,08:15:00,17984,9650,5.8,9457,469,270,105,48,270,1375,"No disclosure (first post)",inadequate,post-content or absent,NON-COMPLIANT,"may help immune function (PROHIBITED: 'may')",health_efficacy,No,§255.5,51744,2026-02-07,Jordan Ellis,IN_REVIEW,COMPLIANT - NO ACTION,N/A,No,"Supplemental audit batch March 2026",CAMP-2026-001,Static image,No,No,No
SUPP-1245,@guthealth_guru,YouTube,2026-02-11,09:15:00,79637,28325,5.89,25364,606,193,656,222,436,2773,"Platform Paid Partnership only",inadequate,post-content or absent,NON-COMPLIANT,"preliminary research suggests (PROHIBITED)",general_wellness,No,§255.5,51744,2026-03-14,Alex Rivera (Ext.),IN_REVIEW,OBTAIN LEGAL REVIEW,N/A,No,"Casey Park pre-launch clearance",CAMP-2026-011,Podcast mention,Yes,No,No
SUPP-1246,@digestive_digest,LinkedIn,2026-02-15,14:00:00,30405,15241,4.25,14549,756,429,252,159,263,1980,"Verbal only (video)",adequate,pre-content,COMPLIANT,"Clinically demonstrated to enhance immunity (PROHIBITED: requires RCT for all ingredients)",health_efficacy,No,None,0,2026-03-18,Jordan Ellis,RESOLVED,NONE,2026-03-22,No,"Influencer remediation tracking",CAMP-2026-018,Story,No,Yes,No
SUPP-1247,@immunity_insider,TikTok,2026-02-02,12:15:00,10874,1689,5.22,1766,11,6,42,11,30,150,"No disclosure (first post)",inadequate,post-content or absent,NON-COMPLIANT,"may help immune function (PROHIBITED: 'may')",health_efficacy,No,§255.5,51744,2026-03-05,Jordan Ellis,IN_REVIEW,CONTRACT UPDATED,N/A,No,"Influencer remediation tracking",CAMP-2026-001,Carousel,No,No,No
SUPP-1248,@cleanwellness,Reels,2026-03-10,07:15:00,24879,10284,0.93,9290,206,39,54,54,90,405,"No disclosure (first post)",inadequate,post-content or absent,NON-COMPLIANT,"may help digestive comfort (PROHIBITED: 'may' + B. longum lacks RCT)",health_efficacy,No,§255.5,51744,2026-03-13,Casey Park,OPEN,COMPLIANT - NO ACTION,N/A,No,"Influencer remediation tracking",CAMP-2026-001,Blog post,No,No,No
SUPP-1249,@microbiome_maven,Instagram,2026-02-22,21:00:00,33447,13916,7.19,14901,796,474,271,47,87,816,"AD text overlay (video)",inadequate,post-content or absent,NON-COMPLIANT,"No health claim made (compliant)",general_wellness,Yes,§255.5,51744,2026-03-25,Casey Park,OPEN,INFLUENCER NOTIFIED,N/A,No,"Sarah Chen escalation review",CAMP-2026-014,Blog post,No,No,No
SUPP-1250,@holistic_health_hub,YouTube,2026-02-07,08:45:00,13596,5642,3.41,3963,306,132,166,55,99,632,"Paid collab sticker only",inadequate,post-content or absent,NON-COMPLIANT,"Helps strengthen immunity (PROHIBITED: 'helps')",general_wellness,No,§255.5,51744,2026-03-10,Sarah Chen,PENDING,CONTRACT UPDATED,N/A,No,"Quarterly disclosure audit",CAMP-2026-018,Short video (<60s),No,No,No
SUPP-1251,@wellnesswithjenna,Facebook,2026-02-19,10:45:00,18942,2624,5.36,2486,43,14,4,35,22,111,"FTC compliant verbal + text",adequate,pre-content,COMPLIANT,"Clinically demonstrated to enhance immunity (PROHIBITED: requires RCT for all ingredients)",health_efficacy,No,None,0,2026-03-22,Sarah Chen,RESOLVED,NONE,2026-03-26,No,"Quarterly disclosure audit",CAMP-2026-004,Blog post,No,No,No
SUPP-1252,@wellnesswithjenna,YouTube,2026-03-15,13:45:00,82392,35796,2.02,39013,451,216,611,113,1397,4481,"#sponsored in middle",inadequate,post-content or absent,NON-COMPLIANT,"Vitamin D3 supports immune function (compliant - RCT supported)",health_efficacy,Yes,§255.5,51744,2026-03-18,Casey Park,IN_REVIEW,COMPLIANT - NO ACTION,N/A,No,"Post-update-1 compliance sweep",CAMP-2026-005,Carousel,No,No,No
SUPP-1253,@nutriscience,LinkedIn,2026-02-07,18:30:00,104944,39825,3.11,29658,1506,560,476,501,1347,4835,"#ad buried as last hashtag",inadequate,post-content or absent,NON-COMPLIANT,"ProBio+ clinically studied for immunity (compliant phrasing)",general_wellness,Yes,§255.5,51744,2026-03-10,Sarah Chen,PENDING,UPDATE DISCLOSURE,N/A,No,"Quarterly disclosure audit",CAMP-2026-010,Carousel,No,No,Yes
SUPP-1254,@immunity_insider,Snapchat,2026-01-21,11:45:00,86012,45695,5.71,49625,2036,927,248,667,1230,6688,"No disclosure (first post)",inadequate,post-content or absent,NON-COMPLIANT,"may help digestive comfort (PROHIBITED: 'may' + B. longum lacks RCT)",health_efficacy,No,§255.5,51744,2026-02-24,Sarah Chen,IN_REVIEW,CONTRACT UPDATED,N/A,No,"Sarah Chen escalation review",CAMP-2026-014,Short video (<60s),No,No,No
SUPP-1255,@supplementspro,TikTok,2026-01-22,19:30:00,79367,9427,5.27,7823,218,127,220,114,184,942,"Paid collab sticker only",inadequate,post-content or absent,NON-COMPLIANT,"may help immune function (PROHIBITED: 'may')",health_efficacy,No,§255.5,51744,2026-02-25,Casey Park,IN_REVIEW,REMOVE CLAIM,N/A,No,"Influencer remediation tracking",CAMP-2026-005,Short video (<60s),No,No,No
SUPP-1256,@microbiome_maven,Pinterest,2026-02-13,14:15:00,25010,5745,4.5,5387,376,113,107,9,173,142,"#sponsored in middle",inadequate,post-content or absent,NON-COMPLIANT,"Helps strengthen immunity (PROHIBITED: 'helps')",general_wellness,No,§255.5,51744,2026-03-16,Sarah Chen,IN_REVIEW,CONTRACT UPDATED,N/A,No,"Influencer remediation tracking",CAMP-2026-006,Reel,No,No,No
SUPP-1257,@probiotic_life,Facebook,2026-03-18,07:15:00,55969,13716,4.85,14790,1076,594,286,31,393,1029,"Paid collab sticker only",inadequate,post-content or absent,NON-COMPLIANT,"promising results in gut health (PROHIBITED: 'promising')",general_wellness,No,§255.5,51744,2026-03-21,Jordan Ellis,PENDING,REMOVE CLAIM,N/A,No,"Influencer remediation tracking",CAMP-2026-012,Short video (<60s),No,No,No
SUPP-1258,@immunity_insider,Pinterest,2026-02-28,20:30:00,31208,12477,2.85,10101,676,85,326,146,403,561,"Disclosure in bio only",inadequate,post-content or absent,NON-COMPLIANT,"initial pilot data shows gut improvement (PROHIBITED: 'initial' + 'pilot')",general_wellness,No,§255.5,51744,2026-03-28,Casey Park,PENDING,COMPLIANT - NO ACTION,N/A,No,"Casey Park pre-launch clearance",CAMP-2026-003,Live session,No,No,No
SUPP-1259,@cleanwellness,Instagram Stories,2026-03-23,12:30:00,14192,2646,4.02,2339,90,49,19,28,34,368,"Paid collab sticker only",inadequate,post-content or absent,NON-COMPLIANT,"initial pilot data shows gut improvement (PROHIBITED: 'initial' + 'pilot')",general_wellness,No,§255.5,51744,2026-03-26,Jordan Ellis,IN_REVIEW,OBTAIN LEGAL REVIEW,N/A,No,"Post-CEO-retraction review round",CAMP-2026-010,Blog post,No,No,No
SUPP-1260,@fitandfueled,TikTok,2026-01-28,10:15:00,57238,6615,1.86,7156,498,236,9,19,229,132,"FTC compliant verbal + text",adequate,pre-content,COMPLIANT,"Helps strengthen immunity (PROHIBITED: 'helps')",general_wellness,No,None,0,2026-02-28,Jordan Ellis,RESOLVED,NONE,2026-02-28,No,"Quarterly disclosure audit",CAMP-2026-017,Static image,No,No,No
SUPP-1261,@nourishednaturally,LinkedIn,2026-02-02,07:15:00,26262,5000,2.3,3514,240,90,80,49,196,652,"AD text overlay (video)",inadequate,post-content or absent,NON-COMPLIANT,"Science-backed probiotic formula (compliant general claim)",general_wellness,Yes,§255.5,51744,2026-03-05,Casey Park,IN_REVIEW,OBTAIN LEGAL REVIEW,N/A,No,"Influencer remediation tracking",CAMP-2026-009,Podcast mention,No,No,No
SUPP-1262,@nutriscience,Facebook,2026-03-11,20:15:00,35445,4930,0.55,4273,369,133,138,34,172,271,"#sponsored in middle",inadequate,post-content or absent,NON-COMPLIANT,"Gut health support tested in human trials (compliant)",general_wellness,Yes,§255.5,51744,2026-03-14,Casey Park,OPEN,UPDATE DISCLOSURE,N/A,No,"Post-CEO-retraction review round",CAMP-2026-018,Short video (<60s),No,No,No
SUPP-1263,@holistic_health_hub,Snapchat,2026-02-04,23:00:00,31507,6720,3.37,7157,395,173,56,36,181,139,"Ad: at beginning",adequate,pre-content,COMPLIANT,"Helps strengthen immunity (PROHIBITED: 'helps')",general_wellness,No,None,0,2026-03-07,Alex Rivera (Ext.),RESOLVED,NONE,2026-03-11,No,"Quarterly disclosure audit",CAMP-2026-008,Story,No,No,Yes
SUPP-1264,@holistic_health_hub,Pinterest,2026-03-01,17:00:00,82980,28267,3.32,20498,1561,689,51,326,453,1041,"#sponsored in middle",inadequate,post-content or absent,NON-COMPLIANT,"Probiotic of choice for digestive health (compliant general claim)",general_wellness,Yes,§255.5,51744,2026-03-04,Jordan Ellis,IN_REVIEW,ESCALATE TO CCO,N/A,No,"Quarterly disclosure audit",CAMP-2026-016,Story,No,No,No
SUPP-1265,@immunity_insider,Twitter/X,2026-03-28,14:00:00,47876,16347,3.32,14347,119,36,142,214,483,1770,"Ad: at beginning",adequate,pre-content,COMPLIANT,"Science-backed probiotic formula (compliant general claim)",general_wellness,Yes,None,0,2026-03-28,Jordan Ellis,RESOLVED,NONE,2026-03-28,No,"Supplemental audit batch March 2026",CAMP-2026-012,Live session,No,No,Yes
SUPP-1266,@immunity_insider,Facebook,2026-02-09,07:45:00,20285,4227,3.6,3355,288,66,52,13,62,486,"FTC compliant verbal + text",adequate,pre-content,COMPLIANT,"Supports immune health (compliant with RCT)",health_efficacy,Yes,None,0,2026-03-12,Sarah Chen,RESOLVED,NONE,2026-03-16,No,"Post-CEO-retraction review round",CAMP-2026-005,Static image,No,No,No
SUPP-1267,@wellnesswithjenna,Facebook,2026-02-17,15:15:00,24736,9874,6.91,10159,750,370,83,89,214,1378,"No disclosure (first post)",inadequate,post-content or absent,NON-COMPLIANT,"Clinically demonstrated to enhance immunity (PROHIBITED: requires RCT for all ingredients)",health_efficacy,No,§255.5,51744,2026-03-20,Alex Rivera (Ext.),IN_REVIEW,CONTRACT UPDATED,N/A,No,"Influencer remediation tracking",CAMP-2026-014,Reel,No,No,No
SUPP-1268,@guthealth_guru,Pinterest,2026-02-02,18:30:00,10666,2007,1.02,2070,140,79,21,19,70,176,"No disclosure (first post)",inadequate,post-content or absent,NON-COMPLIANT,"Doctor recommended for gut wellness (REQUIRES expert disclosure §255.3)",general_wellness,No,§255.5,51744,2026-03-05,Sarah Chen,IN_REVIEW,INFLUENCER NOTIFIED,N/A,No,"Supplemental audit batch March 2026",CAMP-2026-012,Podcast mention,No,No,No
SUPP-1269,@probiotic_life,Reels,2026-03-18,12:00:00,96353,18027,4.08,18250,1372,156,30,172,398,452,"No disclosure",inadequate,post-content or absent,NON-COMPLIANT,"Clinically demonstrated to enhance immunity (PROHIBITED: requires RCT for all ingredients)",health_efficacy,No,§255.5,51744,2026-03-21,Jordan Ellis,OPEN,REMOVE CLAIM,N/A,No,"Post-CEO-retraction review round",CAMP-2026-012,Carousel,No,No,No
SUPP-1270,@cleanwellness,TikTok,2026-02-10,16:00:00,91617,47309,6.22,42410,1865,529,611,695,1052,5334,"Verbal only (video)",adequate,pre-content,COMPLIANT,"Science-backed probiotic formula (compliant general claim)",general_wellness,Yes,None,0,2026-03-13,Jordan Ellis,RESOLVED,NONE,2026-03-17,No,"Sarah Chen escalation review",CAMP-2026-014,Podcast mention,No,Yes,No
SUPP-1271,@guthealth_guru,Instagram Stories,2026-03-03,16:45:00,111655,36499,6.25,32550,1042,304,959,84,1281,3047,"Disclosure in bio only",inadequate,post-content or absent,NON-COMPLIANT,"preliminary research suggests (PROHIBITED)",general_wellness,No,§255.5,51744,2026-03-06,Sarah Chen,OPEN,UPDATE DISCLOSURE,N/A,No,"Sarah Chen escalation review",CAMP-2026-008,Blog post,No,No,No
SUPP-1272,@wellnesswithjenna,YouTube,2026-03-25,18:30:00,55658,16635,3.64,14402,1092,540,19,84,488,1079,"AD text overlay (video)",inadequate,post-content or absent,NON-COMPLIANT,"Vitamin D3 supports immune function (compliant - RCT supported)",health_efficacy,Yes,§255.5,51744,2026-03-28,Jordan Ellis,OPEN,INFLUENCER NOTIFIED,N/A,No,"Influencer remediation tracking",CAMP-2026-018,Live session,No,No,No
SUPP-1273,@nutriscience,Facebook,2026-03-04,23:30:00,32125,17404,3.7,12796,657,317,350,144,191,461,"#ad buried as last hashtag",inadequate,post-content or absent,NON-COMPLIANT,"Doctor recommended for gut wellness (REQUIRES expert disclosure §255.3)",general_wellness,No,§255.5,51744,2026-03-07,Casey Park,IN_REVIEW,ESCALATE TO CCO,N/A,No,"Quarterly disclosure audit",CAMP-2026-012,Story,No,No,Yes
SUPP-1274,@vitalitycoach,YouTube,2026-03-14,21:15:00,109673,17489,5.09,18323,1169,576,120,209,595,814,"Paid collab sticker only",inadequate,post-content or absent,NON-COMPLIANT,"may help digestive comfort (PROHIBITED: 'may' + B. longum lacks RCT)",health_efficacy,No,§255.5,51744,2026-03-17,Jordan Ellis,IN_REVIEW,INFLUENCER NOTIFIED,N/A,No,"Influencer remediation tracking",CAMP-2026-013,Story,No,No,No
SUPP-1275,@wellnesswithjenna,TikTok,2026-03-18,10:45:00,66446,15671,2.35,15526,1024,485,120,28,92,1112,"No disclosure (first post)",inadequate,post-content or absent,NON-COMPLIANT,"L. acidophilus NCFM for immune health (compliant - 2 human RCTs)",health_efficacy,Yes,§255.5,51744,2026-03-21,Casey Park,IN_REVIEW,COMPLIANT - NO ACTION,N/A,No,"Influencer remediation tracking",CAMP-2026-018,Blog post,No,No,No
SUPP-1276,@microbiome_maven,Instagram,2026-02-14,21:30:00,97481,43461,1.22,33246,1803,662,824,64,202,6348,"Platform Paid Partnership only",inadequate,post-content or absent,NON-COMPLIANT,"Doctor recommended for gut wellness (REQUIRES expert disclosure §255.3)",general_wellness,No,§255.5,51744,2026-03-17,Casey Park,OPEN,CONTRACT UPDATED,N/A,No,"Quarterly disclosure audit",CAMP-2026-005,Story,Yes,No,No
SUPP-1277,@vitalitycoach,Reels,2026-03-24,13:00:00,52621,7882,4.96,7725,411,210,133,100,108,306,"#sponsored in middle",inadequate,post-content or absent,NON-COMPLIANT,"Doctor-Formulated for immunity (REQUIRES substantiation per revised audit letter)",general_wellness,No,§255.5,51744,2026-03-27,Sarah Chen,IN_REVIEW,MONITORING,N/A,No,"Casey Park pre-launch clearance",CAMP-2026-012,Story,No,No,No
SUPP-1278,@cleanwellness,TikTok,2026-02-16,23:30:00,70236,21728,7.34,18588,1117,343,262,96,374,2755,"#sponsored in middle",inadequate,post-content or absent,NON-COMPLIANT,"Science-backed probiotic formula (compliant general claim)",general_wellness,Yes,§255.5,51744,2026-03-19,Alex Rivera (Ext.),OPEN,INFLUENCER NOTIFIED,N/A,No,"Casey Park pre-launch clearance",CAMP-2026-004,Podcast mention,No,No,No
SUPP-1279,@microbiome_maven,Instagram Stories,2026-02-03,14:15:00,61291,16387,6.18,14656,249,43,379,235,131,792,"#ad first hashtag",adequate,pre-content,COMPLIANT,"may help immune function (PROHIBITED: 'may')",health_efficacy,No,None,0,2026-03-06,Alex Rivera (Ext.),RESOLVED,NONE,2026-03-10,No,"Influencer remediation tracking",CAMP-2026-017,Reel,No,No,Yes
SUPP-1280,@wellnesswithjenna,Facebook,2026-03-12,13:45:00,58392,5891,3.08,5777,420,134,138,56,105,257,"Ad: at beginning",adequate,pre-content,COMPLIANT,"preliminary research suggests (PROHIBITED)",general_wellness,No,None,0,2026-03-15,Casey Park,RESOLVED,NONE,2026-03-19,No,"Post-update-1 compliance sweep",CAMP-2026-002,Blog post,No,No,Yes
SUPP-1281,@vitamindiary,Instagram Stories,2026-01-16,17:45:00,15824,2834,4.49,2636,39,18,35,8,79,287,"#ad first hashtag",adequate,pre-content,COMPLIANT,"supports gut microbiome balance (compliant)",general_wellness,Yes,None,0,2026-02-19,Alex Rivera (Ext.),RESOLVED,NONE,2026-02-23,No,"Post-CEO-retraction review round",CAMP-2026-019,Carousel,No,No,Yes
SUPP-1282,@guthealth_guru,LinkedIn,2026-01-22,09:45:00,47160,23455,5.64,17552,574,181,66,318,719,914,"AD text overlay (video)",inadequate,post-content or absent,NON-COMPLIANT,"may help immune function (PROHIBITED: 'may')",health_efficacy,No,§255.5,51744,2026-02-25,Sarah Chen,OPEN,UPDATE DISCLOSURE,N/A,No,"Sarah Chen escalation review",CAMP-2026-003,Static image,No,No,No
SUPP-1283,@holistic_health_hub,Twitter/X,2026-02-16,07:00:00,93743,10240,4.99,9231,315,83,81,148,152,1221,"Verbal only (video)",adequate,pre-content,COMPLIANT,"promising results in gut health (PROHIBITED: 'promising')",general_wellness,No,None,0,2026-03-19,Jordan Ellis,RESOLVED,NONE,2026-03-23,No,"Post-update-1 compliance sweep",CAMP-2026-012,Story,No,Yes,No
SUPP-1284,@microbiome_maven,Pinterest,2026-03-05,11:15:00,49166,7963,7.06,5616,164,93,196,56,25,291,"Disclosure in bio only",inadequate,post-content or absent,NON-COMPLIANT,"Clinically demonstrated to enhance immunity (PROHIBITED: requires RCT for all ingredients)",health_efficacy,No,§255.5,51744,2026-03-08,Alex Rivera (Ext.),OPEN,INFLUENCER NOTIFIED,N/A,No,"Influencer remediation tracking",CAMP-2026-019,Story,No,No,No
SUPP-1285,@supplementspro,Snapchat,2026-02-05,14:00:00,49155,24028,0.7,24819,1056,631,154,161,874,2395,"#ad first hashtag",adequate,pre-content,COMPLIANT,"Gut health support tested in human trials (compliant)",general_wellness,Yes,None,0,2026-03-08,Casey Park,RESOLVED,NONE,2026-03-12,No,"Sarah Chen escalation review",CAMP-2026-005,Blog post,No,No,Yes
SUPP-1286,@holistic_health_hub,Twitter/X,2026-03-01,19:00:00,74458,16994,5.73,16328,742,211,434,122,137,622,"FTC compliant verbal + text",adequate,pre-content,COMPLIANT,"Doctor recommended for gut wellness (REQUIRES expert disclosure §255.3)",general_wellness,No,None,0,2026-03-04,Casey Park,RESOLVED,NONE,2026-03-08,No,"Casey Park pre-launch clearance",CAMP-2026-002,Static image,No,No,No
SUPP-1287,@microbiome_maven,Snapchat,2026-03-19,17:45:00,40117,7388,5.23,5509,460,123,143,49,111,546,"AD text overlay (video)",inadequate,post-content or absent,NON-COMPLIANT,"Clinically demonstrated to enhance immunity (PROHIBITED: requires RCT for all ingredients)",health_efficacy,No,§255.5,51744,2026-03-22,Sarah Chen,OPEN,REMOVE CLAIM,N/A,No,"Post-update-1 compliance sweep",CAMP-2026-007,Story,No,No,No
SUPP-1288,@supplementspro,YouTube,2026-01-03,15:45:00,67983,34931,6.62,35551,920,527,966,196,227,2721,"#ad first hashtag",adequate,pre-content,COMPLIANT,"Clinically demonstrated to enhance immunity (PROHIBITED: requires RCT for all ingredients)",health_efficacy,No,None,0,2026-02-06,Alex Rivera (Ext.),RESOLVED,NONE,2026-02-10,No,"Sarah Chen escalation review",CAMP-2026-007,Short video (<60s),No,No,Yes
SUPP-1289,@vitamindiary,Facebook,2026-01-21,17:30:00,82728,45316,3.53,41424,2111,790,545,405,626,4769,"Disclosure at post end",inadequate,post-content or absent,NON-COMPLIANT,"Clinically demonstrated to enhance immunity (PROHIBITED: requires RCT for all ingredients)",health_efficacy,No,§255.5,51744,2026-02-24,Alex Rivera (Ext.),OPEN,INFLUENCER NOTIFIED,N/A,No,"Influencer remediation tracking",CAMP-2026-001,Static image,No,No,No
SUPP-1290,@nourishednaturally,Instagram Stories,2026-03-08,10:45:00,10716,5172,4.48,4407,204,54,7,38,76,154,"#ad buried as last hashtag",inadequate,post-content or absent,NON-COMPLIANT,"No health claim made (compliant)",general_wellness,Yes,§255.5,51744,2026-03-11,Alex Rivera (Ext.),IN_REVIEW,REMOVE CLAIM,N/A,No,"Casey Park pre-launch clearance",CAMP-2026-015,Blog post,No,No,Yes
SUPP-1291,@fitandfueled,TikTok,2026-01-23,23:00:00,47645,4821,5.12,4671,373,136,56,25,122,294,"Ad: at beginning",adequate,pre-content,COMPLIANT,"Clinically demonstrated to enhance immunity (PROHIBITED: requires RCT for all ingredients)",health_efficacy,No,None,0,2026-02-26,Sarah Chen,RESOLVED,NONE,2026-02-28,No,"Supplemental audit batch March 2026",CAMP-2026-002,Podcast mention,No,No,Yes
SUPP-1292,@digestive_digest,Reels,2026-03-25,07:45:00,119755,33249,7.45,25895,2568,483,152,267,782,4582,"#ad first hashtag",adequate,pre-content,COMPLIANT,"Vitamin D3 supports immune function (compliant - RCT supported)",health_efficacy,Yes,None,0,2026-03-28,Alex Rivera (Ext.),RESOLVED,NONE,2026-03-28,No,"Quarterly disclosure audit",CAMP-2026-014,Story,No,No,Yes
SUPP-1293,@holistic_health_hub,TikTok,2026-02-25,23:30:00,64294,16318,0.62,13558,101,33,140,57,480,390,"Disclosure at post end",inadequate,post-content or absent,NON-COMPLIANT,"No health claim made (compliant)",general_wellness,Yes,§255.5,51744,2026-03-28,Casey Park,OPEN,INFLUENCER NOTIFIED,N/A,No,"Casey Park pre-launch clearance",CAMP-2026-004,Static image,No,No,No
SUPP-1294,@supplementspro,Facebook,2026-01-23,13:00:00,52436,22465,2.41,19997,180,50,518,159,121,762,"No disclosure (first post)",inadequate,post-content or absent,NON-COMPLIANT,"Clinically demonstrated to enhance immunity (PROHIBITED: requires RCT for all ingredients)",health_efficacy,No,§255.5,51744,2026-02-26,Jordan Ellis,IN_REVIEW,REMOVE CLAIM,N/A,No,"Supplemental audit batch March 2026",CAMP-2026-019,Reel,No,No,No
SUPP-1295,@immunity_insider,Facebook,2026-02-14,18:15:00,32013,13099,6.39,11544,559,234,382,87,122,1263,"Paid collab sticker only",inadequate,post-content or absent,NON-COMPLIANT,"Vitamin D3 supports immune function (compliant - RCT supported)",health_efficacy,Yes,§255.5,51744,2026-03-17,Jordan Ellis,PENDING,REMOVE CLAIM,N/A,No,"Quarterly disclosure audit",CAMP-2026-010,Reel,No,No,No
SUPP-1296,@nutriscience,Twitter/X,2026-01-08,17:30:00,97550,36297,4.21,33533,812,226,71,486,855,1885,"#sponsored in middle",inadequate,post-content or absent,NON-COMPLIANT,"Clinically demonstrated to enhance immunity (PROHIBITED: requires RCT for all ingredients)",health_efficacy,No,§255.5,51744,2026-02-11,Jordan Ellis,OPEN,UPDATE DISCLOSURE,N/A,No,"Quarterly disclosure audit",CAMP-2026-005,Long video (>60s),No,No,No
SUPP-1297,@immunity_insider,Snapchat,2026-03-05,16:15:00,114218,59888,6.08,62938,478,192,1699,488,794,6056,"Ad: at beginning",adequate,pre-content,COMPLIANT,"Probiotic of choice for digestive health (compliant general claim)",general_wellness,Yes,None,0,2026-03-08,Jordan Ellis,RESOLVED,NONE,2026-03-12,No,"Post-update-1 compliance sweep",CAMP-2026-017,Carousel,No,No,Yes
SUPP-1298,@vitalitycoach,Facebook,2026-01-25,09:30:00,99653,47326,2.69,45278,986,545,1391,216,1457,1434,"FTC compliant verbal + text",adequate,pre-content,COMPLIANT,"Doctor recommended for gut wellness (REQUIRES expert disclosure §255.3)",general_wellness,No,None,0,2026-02-28,Sarah Chen,RESOLVED,NONE,2026-02-28,No,"Sarah Chen escalation review",CAMP-2026-010,Long video (>60s),No,No,No
SUPP-1299,@probiotic_life,TikTok,2026-01-23,08:30:00,68202,34037,1.1,25240,1018,378,506,184,1024,1887,"No disclosure",inadequate,post-content or absent,NON-COMPLIANT,"may help immune function (PROHIBITED: 'may')",health_efficacy,No,§255.5,51744,2026-02-26,Casey Park,OPEN,COMPLIANT - NO ACTION,N/A,No,"Sarah Chen escalation review",CAMP-2026-010,Reel,No,No,No
SUPP-1300,@immunity_insider,TikTok,2026-01-18,12:30:00,79850,9861,4.22,10469,494,241,202,137,299,270,"Platform Paid Partnership only",inadequate,post-content or absent,NON-COMPLIANT,"promising results in gut health (PROHIBITED: 'promising')",general_wellness,No,§255.5,51744,2026-02-21,Alex Rivera (Ext.),IN_REVIEW,ESCALATE TO CCO,N/A,No,"Casey Park pre-launch clearance",CAMP-2026-004,Short video (<60s),Yes,No,No
SUPP-1301,@fitandfueled,Instagram Stories,2026-03-17,22:15:00,76359,11255,0.88,10888,342,169,275,21,345,1017,"#ad buried as last hashtag",inadequate,post-content or absent,NON-COMPLIANT,"Clinically demonstrated to enhance immunity (PROHIBITED: requires RCT for all ingredients)",health_efficacy,No,§255.5,51744,2026-03-20,Jordan Ellis,OPEN,REMOVE CLAIM,N/A,No,"Influencer remediation tracking",CAMP-2026-010,Blog post,No,No,Yes
SUPP-1302,@digestive_digest,Facebook,2026-03-22,15:00:00,19078,4477,2.85,4419,343,68,58,18,161,488,"Platform Paid Partnership only",inadequate,post-content or absent,NON-COMPLIANT,"Clinically demonstrated to enhance immunity (PROHIBITED: requires RCT for all ingredients)",health_efficacy,No,§255.5,51744,2026-03-25,Casey Park,PENDING,COMPLIANT - NO ACTION,N/A,No,"Casey Park pre-launch clearance",CAMP-2026-014,Blog post,Yes,No,No
SUPP-1303,@holistic_health_hub,LinkedIn,2026-01-04,09:15:00,111828,23240,5.24,21026,1541,371,667,120,158,806,"#ad first hashtag",adequate,pre-content,COMPLIANT,"ProBio+ clinically studied for immunity (compliant phrasing)",general_wellness,Yes,None,0,2026-02-07,Jordan Ellis,RESOLVED,NONE,2026-02-11,No,"Casey Park pre-launch clearance",CAMP-2026-003,Podcast mention,No,No,Yes
SUPP-1304,@cleanwellness,Instagram Stories,2026-02-25,08:30:00,75816,26554,3.82,27567,469,79,312,131,925,1692,"Platform Paid Partnership only",inadequate,post-content or absent,NON-COMPLIANT,"may help immune function (PROHIBITED: 'may')",health_efficacy,No,§255.5,51744,2026-03-28,Sarah Chen,OPEN,UPDATE DISCLOSURE,N/A,No,"Casey Park pre-launch clearance",CAMP-2026-003,Static image,Yes,No,No
SUPP-1305,@vitamindiary,Twitter/X,2026-01-13,12:15:00,112654,21249,3.59,17756,508,103,194,110,117,2192,"No disclosure",inadequate,post-content or absent,NON-COMPLIANT,"ProBio+ clinically studied for immunity (compliant phrasing)",general_wellness,Yes,§255.5,51744,2026-02-16,Alex Rivera (Ext.),OPEN,CONTRACT UPDATED,N/A,No,"Quarterly disclosure audit",CAMP-2026-004,Short video (<60s),No,No,No
SUPP-1306,@vitamindiary,TikTok,2026-03-14,11:15:00,74391,26968,6.66,24392,1572,260,710,141,82,1833,"Verbal only (video)",adequate,pre-content,COMPLIANT,"Gut health support tested in human trials (compliant)",general_wellness,Yes,None,0,2026-03-17,Sarah Chen,RESOLVED,NONE,2026-03-21,No,"Influencer remediation tracking",CAMP-2026-011,Short video (<60s),No,Yes,No
SUPP-1307,@nourishednaturally,YouTube,2026-01-22,23:15:00,50650,22050,6.67,17402,790,93,92,274,379,2550,"Ad: at beginning",adequate,pre-content,COMPLIANT,"Science-backed probiotic formula (compliant general claim)",general_wellness,Yes,None,0,2026-02-25,Alex Rivera (Ext.),RESOLVED,NONE,2026-02-28,No,"Quarterly disclosure audit",CAMP-2026-019,Podcast mention,No,No,Yes
SUPP-1308,@supplementspro,Twitter/X,2026-01-19,09:00:00,76258,25444,4.87,23962,931,283,687,214,624,1094,"FTC compliant verbal + text",adequate,pre-content,COMPLIANT,"supports gut microbiome balance (compliant)",general_wellness,Yes,None,0,2026-02-22,Sarah Chen,RESOLVED,NONE,2026-02-26,No,"Influencer remediation tracking",CAMP-2026-015,Story,No,No,No
SUPP-1309,@guthealth_guru,LinkedIn,2026-01-06,19:00:00,95607,16616,1.46,11989,474,79,333,177,401,1237,"Disclosure at post end",inadequate,post-content or absent,NON-COMPLIANT,"Science-backed probiotic formula (compliant general claim)",general_wellness,Yes,§255.5,51744,2026-02-09,Sarah Chen,IN_REVIEW,MONITORING,N/A,No,"Influencer remediation tracking",CAMP-2026-014,Podcast mention,No,No,No
SUPP-1310,@nourishednaturally,YouTube,2026-02-06,09:45:00,92981,37043,3.01,35919,2463,930,980,351,231,5172,"Platform Paid Partnership only",inadequate,post-content or absent,NON-COMPLIANT,"initial pilot data shows gut improvement (PROHIBITED: 'initial' + 'pilot')",general_wellness,No,§255.5,51744,2026-03-09,Alex Rivera (Ext.),OPEN,ESCALATE TO CCO,N/A,No,"Sarah Chen escalation review",CAMP-2026-019,Reel,Yes,No,No
SUPP-1311,@cleanwellness,TikTok,2026-01-07,14:45:00,62017,27308,5.88,29480,452,247,428,394,402,3876,"FTC compliant verbal + text",adequate,pre-content,COMPLIANT,"Doctor-Formulated for immunity (REQUIRES substantiation per revised audit letter)",general_wellness,No,None,0,2026-02-10,Sarah Chen,RESOLVED,NONE,2026-02-14,No,"Quarterly disclosure audit",CAMP-2026-015,Podcast mention,No,No,No
SUPP-1312,@cleanwellness,Snapchat,2026-01-16,16:15:00,58873,23794,4.94,18602,531,91,177,126,604,2477,"Verbal only (video)",adequate,pre-content,COMPLIANT,"Doctor-Formulated for immunity (REQUIRES substantiation per revised audit letter)",general_wellness,No,None,0,2026-02-19,Casey Park,RESOLVED,NONE,2026-02-23,No,"Casey Park pre-launch clearance",CAMP-2026-007,Reel,No,Yes,No
SUPP-1313,@nourishednaturally,Instagram Stories,2026-03-09,18:15:00,67679,17367,2.85,12753,859,334,299,41,362,1582,"Disclosure in bio only",inadequate,post-content or absent,NON-COMPLIANT,"No health claim made (compliant)",general_wellness,Yes,§255.5,51744,2026-03-12,Jordan Ellis,OPEN,INFLUENCER NOTIFIED,N/A,No,"Influencer remediation tracking",CAMP-2026-007,Long video (>60s),No,No,No
SUPP-1314,@probiotic_life,TikTok,2026-03-15,20:00:00,73898,8291,7.21,9072,170,85,186,92,99,502,"#ad at post beginning",adequate,pre-content,COMPLIANT,"Doctor recommended for gut wellness (REQUIRES expert disclosure §255.3)",general_wellness,No,None,0,2026-03-18,Alex Rivera (Ext.),RESOLVED,NONE,2026-03-22,No,"Post-update-1 compliance sweep",CAMP-2026-005,Carousel,No,No,Yes
SUPP-1315,@vitamindiary,Pinterest,2026-01-18,07:15:00,19761,10391,4.77,8268,336,61,158,83,73,1470,"#sponsored in middle",inadequate,post-content or absent,NON-COMPLIANT,"Doctor recommended for gut wellness (REQUIRES expert disclosure §255.3)",general_wellness,No,§255.5,51744,2026-02-21,Sarah Chen,IN_REVIEW,CONTRACT UPDATED,N/A,No,"Casey Park pre-launch clearance",CAMP-2026-006,Long video (>60s),No,No,No
SUPP-1316,@supplementspro,LinkedIn,2026-03-21,10:15:00,53367,17309,2.1,18850,963,424,383,174,414,786,"#ad buried as last hashtag",inadequate,post-content or absent,NON-COMPLIANT,"supports gut microbiome balance (compliant)",general_wellness,Yes,§255.5,51744,2026-03-24,Jordan Ellis,OPEN,OBTAIN LEGAL REVIEW,N/A,No,"Post-update-1 compliance sweep",CAMP-2026-017,Reel,No,No,Yes
SUPP-1317,@nourishednaturally,Reels,2026-01-12,11:45:00,75876,16098,3.16,13007,130,72,402,30,151,587,"AD text overlay (video)",inadequate,post-content or absent,NON-COMPLIANT,"No health claim made (compliant)",general_wellness,Yes,§255.5,51744,2026-02-15,Casey Park,IN_REVIEW,MONITORING,N/A,No,"Influencer remediation tracking",CAMP-2026-005,Short video (<60s),No,No,No
SUPP-1318,@cleanwellness,TikTok,2026-01-28,09:00:00,13095,3473,4.32,3024,144,35,44,51,135,339,"Paid collab sticker only",inadequate,post-content or absent,NON-COMPLIANT,"Probiotic of choice for digestive health (compliant general claim)",general_wellness,Yes,§255.5,51744,2026-02-28,Casey Park,IN_REVIEW,UPDATE DISCLOSURE,N/A,No,"Sarah Chen escalation review",CAMP-2026-009,Story,No,No,No
SUPP-1319,@vitalitycoach,Reels,2026-02-27,18:00:00,35544,16396,2.82,13127,679,345,363,130,143,2322,"FTC compliant verbal + text",adequate,pre-content,COMPLIANT,"L. acidophilus NCFM for immune health (compliant - 2 human RCTs)",health_efficacy,Yes,None,0,2026-03-28,Alex Rivera (Ext.),RESOLVED,NONE,2026-03-28,No,"Post-CEO-retraction review round",CAMP-2026-002,Carousel,No,No,No
SUPP-1320,@vitamindiary,Reels,2026-02-28,07:15:00,14585,6604,4.85,6331,422,238,186,36,199,873,"Platform Paid Partnership only",inadequate,post-content or absent,NON-COMPLIANT,"Probiotic of choice for digestive health (compliant general claim)",general_wellness,Yes,§255.5,51744,2026-03-28,Jordan Ellis,IN_REVIEW,UPDATE DISCLOSURE,N/A,No,"Post-CEO-retraction review round",CAMP-2026-010,Long video (>60s),Yes,No,No
SUPP-1321,@guthealth_guru,Instagram Stories,2026-03-08,17:00:00,74854,8401,5.7,8960,174,69,221,53,306,545,"#ad buried as last hashtag",inadequate,post-content or absent,NON-COMPLIANT,"Helps strengthen immunity (PROHIBITED: 'helps')",general_wellness,No,§255.5,51744,2026-03-11,Alex Rivera (Ext.),PENDING,OBTAIN LEGAL REVIEW,N/A,No,"Casey Park pre-launch clearance",CAMP-2026-019,Long video (>60s),No,No,Yes
SUPP-1322,@immunity_insider,Reels,2026-02-09,21:00:00,90822,9669,5.4,9608,333,183,96,98,65,1366,"#ad first hashtag",adequate,pre-content,COMPLIANT,"L. acidophilus NCFM for immune health (compliant - 2 human RCTs)",health_efficacy,Yes,None,0,2026-03-12,Jordan Ellis,RESOLVED,NONE,2026-03-16,No,"Sarah Chen escalation review",CAMP-2026-017,Live session,No,No,Yes
SUPP-1323,@nutriscience,Reels,2026-01-02,21:00:00,34467,6662,2.78,6367,332,160,144,92,111,582,"#gifted in hashtags",inadequate,post-content or absent,NON-COMPLIANT,"initial pilot data shows gut improvement (PROHIBITED: 'initial' + 'pilot')",general_wellness,No,§255.5,51744,2026-02-05,Casey Park,IN_REVIEW,ESCALATE TO CCO,N/A,No,"Quarterly disclosure audit",CAMP-2026-018,Carousel,No,No,No
SUPP-1324,@vitalitycoach,TikTok,2026-03-11,19:15:00,14990,3937,2.63,4190,282,127,69,6,114,93,"Disclosure at post end",inadequate,post-content or absent,NON-COMPLIANT,"may help digestive comfort (PROHIBITED: 'may' + B. longum lacks RCT)",health_efficacy,No,§255.5,51744,2026-03-14,Alex Rivera (Ext.),PENDING,INFLUENCER NOTIFIED,N/A,No,"Casey Park pre-launch clearance",CAMP-2026-011,Reel,No,No,No
SUPP-1325,@fitandfueled,YouTube,2026-03-14,17:45:00,52683,18835,6.05,17809,1380,482,346,215,242,1048,"#gifted in hashtags",inadequate,post-content or absent,NON-COMPLIANT,"Doctor recommended for gut wellness (REQUIRES expert disclosure §255.3)",general_wellness,No,§255.5,51744,2026-03-17,Alex Rivera (Ext.),PENDING,UPDATE DISCLOSURE,N/A,No,"Casey Park pre-launch clearance",CAMP-2026-010,Story,No,No,No
SUPP-1326,@probiotic_life,TikTok,2026-03-16,07:00:00,24721,5931,7.46,5328,474,280,128,21,164,171,"FTC compliant verbal + text",adequate,pre-content,COMPLIANT,"may help digestive comfort (PROHIBITED: 'may' + B. longum lacks RCT)",health_efficacy,No,None,0,2026-03-19,Alex Rivera (Ext.),RESOLVED,NONE,2026-03-23,No,"Quarterly disclosure audit",CAMP-2026-010,Podcast mention,No,No,No
SUPP-1327,@probiotic_life,TikTok,2026-02-25,16:45:00,78009,8790,0.81,6564,631,116,113,117,54,686,"No disclosure",inadequate,post-content or absent,NON-COMPLIANT,"Doctor recommended for gut wellness (REQUIRES expert disclosure §255.3)",general_wellness,No,§255.5,51744,2026-03-28,Sarah Chen,OPEN,MONITORING,N/A,No,"Influencer remediation tracking",CAMP-2026-003,Story,No,No,No
SUPP-1328,@vitalitycoach,TikTok,2026-03-06,23:30:00,52556,18204,4.79,16959,787,137,169,182,354,2659,"FTC compliant verbal + text",adequate,pre-content,COMPLIANT,"L. acidophilus NCFM for immune health (compliant - 2 human RCTs)",health_efficacy,Yes,None,0,2026-03-09,Alex Rivera (Ext.),RESOLVED,NONE,2026-03-13,No,"Post-CEO-retraction review round",CAMP-2026-016,Long video (>60s),No,No,No
SUPP-1329,@guthealth_guru,TikTok,2026-03-20,22:15:00,63792,27944,5.69,26818,2101,443,650,282,601,2593,"#sponsored in middle",inadequate,post-content or absent,NON-COMPLIANT,"Helps strengthen immunity (PROHIBITED: 'helps')",general_wellness,No,§255.5,51744,2026-03-23,Alex Rivera (Ext.),PENDING,UPDATE DISCLOSURE,N/A,No,"Supplemental audit batch March 2026",CAMP-2026-005,Podcast mention,No,No,No
SUPP-1330,@immunity_insider,Pinterest,2026-01-08,14:00:00,116244,63803,5.09,60707,3988,632,264,382,221,3303,"#sponsored in middle",inadequate,post-content or absent,NON-COMPLIANT,"L. acidophilus NCFM for immune health (compliant - 2 human RCTs)",health_efficacy,Yes,§255.5,51744,2026-02-11,Casey Park,OPEN,OBTAIN LEGAL REVIEW,N/A,No,"Quarterly disclosure audit",CAMP-2026-007,Carousel,No,No,No
SUPP-1331,@immunity_insider,Snapchat,2026-02-08,11:00:00,36733,19151,2.47,15914,1170,623,369,170,208,1717,"#ad buried as last hashtag",inadequate,post-content or absent,NON-COMPLIANT,"No health claim made (compliant)",general_wellness,Yes,§255.5,51744,2026-03-11,Sarah Chen,IN_REVIEW,UPDATE DISCLOSURE,N/A,No,"Supplemental audit batch March 2026",CAMP-2026-004,Reel,No,No,Yes
SUPP-1332,@cleanwellness,Pinterest,2026-01-02,08:00:00,22464,4160,1.82,3175,193,79,101,47,45,549,"No disclosure (first post)",inadequate,post-content or absent,NON-COMPLIANT,"supports gut microbiome balance (compliant)",general_wellness,Yes,§255.5,51744,2026-02-05,Alex Rivera (Ext.),OPEN,MONITORING,N/A,No,"Supplemental audit batch March 2026",CAMP-2026-001,Long video (>60s),No,No,No
SUPP-1333,@digestive_digest,Snapchat,2026-03-05,13:15:00,43326,16669,7.28,12653,296,93,380,104,324,1203,"#ad at post beginning",adequate,pre-content,COMPLIANT,"ProBio+ clinically studied for immunity (compliant phrasing)",general_wellness,Yes,None,0,2026-03-08,Jordan Ellis,RESOLVED,NONE,2026-03-12,No,"Quarterly disclosure audit",CAMP-2026-002,Live session,No,No,Yes
SUPP-1334,@probiotic_life,Snapchat,2026-02-17,16:00:00,77065,18150,7.05,16270,691,283,56,193,692,1110,"AD text overlay (video)",inadequate,post-content or absent,NON-COMPLIANT,"Probiotic of choice for digestive health (compliant general claim)",general_wellness,Yes,§255.5,51744,2026-03-20,Alex Rivera (Ext.),PENDING,ESCALATE TO CCO,N/A,No,"Post-update-1 compliance sweep",CAMP-2026-016,Live session,No,No,No
SUPP-1335,@guthealth_guru,Instagram,2026-03-24,20:00:00,65814,31955,4.56,23653,1622,909,151,63,678,3487,"#ad first hashtag",adequate,pre-content,COMPLIANT,"Results Not Typical disclaimer applies (OBSOLETE safe harbor - abolished 2009)",general_wellness,No,None,0,2026-03-27,Jordan Ellis,RESOLVED,NONE,2026-03-28,No,"Sarah Chen escalation review",CAMP-2026-015,Reel,No,No,Yes
SUPP-1336,@nutriscience,YouTube,2026-01-22,23:15:00,25282,8834,7.22,6423,218,41,191,99,116,528,"#ad at post beginning",adequate,pre-content,COMPLIANT,"may help digestive comfort (PROHIBITED: 'may' + B. longum lacks RCT)",health_efficacy,No,None,0,2026-02-25,Sarah Chen,RESOLVED,NONE,2026-02-28,No,"Quarterly disclosure audit",CAMP-2026-011,Podcast mention,No,No,Yes
SUPP-1337,@vitamindiary,YouTube,2026-02-18,23:30:00,13849,3104,0.71,2964,105,55,17,28,57,109,"No disclosure (first post)",inadequate,post-content or absent,NON-COMPLIANT,"Doctor-Formulated for immunity (REQUIRES substantiation per revised audit letter)",general_wellness,No,§255.5,51744,2026-03-21,Casey Park,IN_REVIEW,UPDATE DISCLOSURE,N/A,No,"Supplemental audit batch March 2026",CAMP-2026-013,Podcast mention,No,No,No
SUPP-1338,@wellnesswithjenna,Pinterest,2026-01-20,13:30:00,15256,4994,3.44,4736,270,64,37,43,165,687,"Verbal only (video)",adequate,pre-content,COMPLIANT,"may help immune function (PROHIBITED: 'may')",health_efficacy,No,None,0,2026-02-23,Sarah Chen,RESOLVED,NONE,2026-02-27,No,"Post-update-1 compliance sweep",CAMP-2026-006,Podcast mention,No,Yes,No
SUPP-1339,@cleanwellness,TikTok,2026-03-16,11:00:00,67186,9873,2.13,9806,759,197,290,147,163,427,"No disclosure",inadequate,post-content or absent,NON-COMPLIANT,"supports gut microbiome balance (compliant)",general_wellness,Yes,§255.5,51744,2026-03-19,Jordan Ellis,PENDING,MONITORING,N/A,No,"Influencer remediation tracking",CAMP-2026-005,Reel,No,No,No
SUPP-1340,@cleanwellness,YouTube,2026-02-19,14:00:00,105321,12969,1.2,9857,132,61,185,36,333,1887,"Ad: at beginning",adequate,pre-content,COMPLIANT,"supports gut microbiome balance (compliant)",general_wellness,Yes,None,0,2026-03-22,Casey Park,RESOLVED,NONE,2026-03-26,No,"Sarah Chen escalation review",CAMP-2026-017,Blog post,No,No,Yes
SUPP-1341,@immunity_insider,YouTube,2026-01-27,14:15:00,91093,19063,2.22,17827,1142,339,70,285,633,2603,"Disclosure at post end",inadequate,post-content or absent,NON-COMPLIANT,"Probiotic of choice for digestive health (compliant general claim)",general_wellness,Yes,§255.5,51744,2026-02-28,Jordan Ellis,OPEN,REMOVE CLAIM,N/A,No,"Quarterly disclosure audit",CAMP-2026-016,Story,No,No,No
SUPP-1342,@cleanwellness,Twitter/X,2026-01-20,19:00:00,77535,20338,0.77,22355,1141,566,472,117,653,1576,"AD text overlay (video)",inadequate,post-content or absent,NON-COMPLIANT,"Science-backed probiotic formula (compliant general claim)",general_wellness,Yes,§255.5,51744,2026-02-23,Sarah Chen,IN_REVIEW,MONITORING,N/A,No,"Quarterly disclosure audit",CAMP-2026-009,Story,No,No,No
SUPP-1343,@vitamindiary,Twitter/X,2026-01-27,11:00:00,53947,15304,3.82,15197,485,165,261,31,456,649,"Paid collab sticker only",inadequate,post-content or absent,NON-COMPLIANT,"Doctor recommended for gut wellness (REQUIRES expert disclosure §255.3)",general_wellness,No,§255.5,51744,2026-02-28,Jordan Ellis,IN_REVIEW,OBTAIN LEGAL REVIEW,N/A,No,"Supplemental audit batch March 2026",CAMP-2026-001,Short video (<60s),No,No,No
SUPP-1344,@wellnesswithjenna,Instagram,2026-01-11,15:30:00,118629,13054,4.88,12207,934,244,195,40,134,1198,"Disclosure at post end",inadequate,post-content or absent,NON-COMPLIANT,"Probiotic of choice for digestive health (compliant general claim)",general_wellness,Yes,§255.5,51744,2026-02-14,Alex Rivera (Ext.),OPEN,OBTAIN LEGAL REVIEW,N/A,No,"Post-CEO-retraction review round",CAMP-2026-013,Long video (>60s),No,No,No
SUPP-1345,@vitamindiary,LinkedIn,2026-03-13,07:00:00,65686,26556,4.53,19284,838,446,241,140,115,2821,"Paid collab sticker only",inadequate,post-content or absent,NON-COMPLIANT,"may help immune function (PROHIBITED: 'may')",health_efficacy,No,§255.5,51744,2026-03-16,Alex Rivera (Ext.),PENDING,ESCALATE TO CCO,N/A,No,"Post-CEO-retraction review round",CAMP-2026-010,Carousel,No,No,No
SUPP-1346,@guthealth_guru,Instagram,2026-01-09,07:00:00,90741,44878,2.18,37780,655,256,852,623,1146,1052,"#ad at post beginning",adequate,pre-content,COMPLIANT,"Doctor-Formulated for immunity (REQUIRES substantiation per revised audit letter)",general_wellness,No,None,0,2026-02-12,Casey Park,RESOLVED,NONE,2026-02-16,No,"Sarah Chen escalation review",CAMP-2026-012,Podcast mention,No,No,Yes
SUPP-1347,@digestive_digest,Instagram,2026-01-03,15:15:00,97916,47826,1.21,36221,462,177,446,59,1133,1516,"#ad at post beginning",adequate,pre-content,COMPLIANT,"initial pilot data shows gut improvement (PROHIBITED: 'initial' + 'pilot')",general_wellness,No,None,0,2026-02-06,Casey Park,RESOLVED,NONE,2026-02-10,No,"Influencer remediation tracking",CAMP-2026-013,Blog post,No,No,Yes
SUPP-1348,@wellnesswithjenna,Twitter/X,2026-02-23,12:45:00,114722,39063,4.56,27942,307,101,1106,430,1072,872,"Paid collab sticker only",inadequate,post-content or absent,NON-COMPLIANT,"Doctor-Formulated for immunity (REQUIRES substantiation per revised audit letter)",general_wellness,No,§255.5,51744,2026-03-26,Jordan Ellis,PENDING,COMPLIANT - NO ACTION,N/A,No,"Supplemental audit batch March 2026",CAMP-2026-016,Short video (<60s),No,No,No
SUPP-1349,@cleanwellness,Facebook,2026-01-27,23:30:00,87687,29882,0.75,32461,852,341,646,125,643,623,"Verbal only (video)",adequate,pre-content,COMPLIANT,"Probiotic of choice for digestive health (compliant general claim)",general_wellness,Yes,None,0,2026-02-28,Casey Park,RESOLVED,NONE,2026-02-28,No,"Sarah Chen escalation review",CAMP-2026-007,Short video (<60s),No,Yes,No
SUPP-1350,@fitandfueled,Snapchat,2026-01-23,08:45:00,106439,22016,2.52,21279,1663,353,91,236,742,1806,"Verbal only (video)",adequate,pre-content,COMPLIANT,"ProBio+ clinically studied for immunity (compliant phrasing)",general_wellness,Yes,None,0,2026-02-26,Jordan Ellis,RESOLVED,NONE,2026-02-28,No,"Quarterly disclosure audit",CAMP-2026-010,Static image,No,Yes,No
SUPP-1351,@cleanwellness,Facebook,2026-01-25,09:45:00,18724,5927,4.31,4876,64,31,161,86,203,231,"Verbal only (video)",adequate,pre-content,COMPLIANT,"preliminary research suggests (PROHIBITED)",general_wellness,No,None,0,2026-02-28,Casey Park,RESOLVED,NONE,2026-02-28,No,"Sarah Chen escalation review",CAMP-2026-006,Reel,No,Yes,No
SUPP-1352,@fitandfueled,Reels,2026-03-04,23:00:00,117481,55855,3.55,47087,1683,326,87,258,1894,5463,"#ad at post beginning",adequate,pre-content,COMPLIANT,"L. acidophilus NCFM for immune health (compliant - 2 human RCTs)",health_efficacy,Yes,None,0,2026-03-07,Jordan Ellis,RESOLVED,NONE,2026-03-11,No,"Post-update-1 compliance sweep",CAMP-2026-003,Blog post,No,No,Yes
SUPP-1353,@wellnesswithjenna,TikTok,2026-02-26,22:45:00,35305,9286,6.25,9076,638,92,176,111,153,599,"No disclosure",inadequate,post-content or absent,NON-COMPLIANT,"preliminary research suggests (PROHIBITED)",general_wellness,No,§255.5,51744,2026-03-28,Jordan Ellis,IN_REVIEW,REMOVE CLAIM,N/A,No,"Supplemental audit batch March 2026",CAMP-2026-010,Long video (>60s),No,No,No
SUPP-1354,@guthealth_guru,Twitter/X,2026-01-19,07:15:00,114335,48697,0.64,44275,1407,683,1312,340,649,2764,"Verbal only (video)",adequate,pre-content,COMPLIANT,"Doctor recommended for gut wellness (REQUIRES expert disclosure §255.3)",general_wellness,No,None,0,2026-02-22,Casey Park,RESOLVED,NONE,2026-02-26,No,"Sarah Chen escalation review",CAMP-2026-014,Podcast mention,No,Yes,No
SUPP-1355,@microbiome_maven,Reels,2026-02-26,12:45:00,87866,29462,6.28,23158,903,463,316,207,266,2622,"AD text overlay (video)",inadequate,post-content or absent,NON-COMPLIANT,"initial pilot data shows gut improvement (PROHIBITED: 'initial' + 'pilot')",general_wellness,No,§255.5,51744,2026-03-28,Jordan Ellis,OPEN,OBTAIN LEGAL REVIEW,N/A,No,"Post-update-1 compliance sweep",CAMP-2026-016,Live session,No,No,No
SUPP-1356,@probiotic_life,Pinterest,2026-03-19,18:00:00,56172,5814,1.07,5906,408,180,65,44,41,707,"No disclosure",inadequate,post-content or absent,NON-COMPLIANT,"Results Not Typical disclaimer applies (OBSOLETE safe harbor - abolished 2009)",general_wellness,No,§255.5,51744,2026-03-22,Alex Rivera (Ext.),IN_REVIEW,MONITORING,N/A,No,"Supplemental audit batch March 2026",CAMP-2026-002,Static image,No,No,No
SUPP-1357,@nourishednaturally,Reels,2026-01-24,10:30:00,64909,7766,1.86,5696,504,104,149,17,279,618,"#ad at post beginning",adequate,pre-content,COMPLIANT,"Probiotic of choice for digestive health (compliant general claim)",general_wellness,Yes,None,0,2026-02-27,Sarah Chen,RESOLVED,NONE,2026-02-28,No,"Quarterly disclosure audit",CAMP-2026-006,Static image,No,No,Yes
SUPP-1358,@guthealth_guru,Facebook,2026-02-28,18:30:00,65491,27190,5.87,21379,222,68,246,78,272,3318,"Disclosure at post end",inadequate,post-content or absent,NON-COMPLIANT,"initial pilot data shows gut improvement (PROHIBITED: 'initial' + 'pilot')",general_wellness,No,§255.5,51744,2026-03-28,Alex Rivera (Ext.),PENDING,ESCALATE TO CCO,N/A,No,"Post-update-1 compliance sweep",CAMP-2026-019,Podcast mention,No,No,No
SUPP-1359,@immunity_insider,Pinterest,2026-01-04,09:30:00,18531,8377,5.2,6646,170,45,249,87,249,578,"Verbal only (video)",adequate,pre-content,COMPLIANT,"B. longum promotes digestive wellness (insufficient evidence - no human RCT)",health_efficacy,No,None,0,2026-02-07,Alex Rivera (Ext.),RESOLVED,NONE,2026-02-11,No,"Influencer remediation tracking",CAMP-2026-015,Story,No,Yes,No
SUPP-1360,@probiotic_life,YouTube,2026-02-23,20:00:00,20456,7401,2.02,6819,505,201,222,77,184,289,"#sponsored in middle",inadequate,post-content or absent,NON-COMPLIANT,"Results Not Typical disclaimer applies (OBSOLETE safe harbor - abolished 2009)",general_wellness,No,§255.5,51744,2026-03-26,Alex Rivera (Ext.),OPEN,MONITORING,N/A,No,"Post-update-1 compliance sweep",CAMP-2026-013,Short video (<60s),No,No,No
SUPP-1361,@wellnesswithjenna,Snapchat,2026-02-08,14:00:00,36536,6929,1.01,7193,56,31,88,77,209,157,"Paid collab sticker only",inadequate,post-content or absent,NON-COMPLIANT,"may help digestive comfort (PROHIBITED: 'may' + B. longum lacks RCT)",health_efficacy,No,§255.5,51744,2026-03-11,Sarah Chen,IN_REVIEW,OBTAIN LEGAL REVIEW,N/A,No,"Quarterly disclosure audit",CAMP-2026-003,Carousel,No,No,No
SUPP-1362,@wellnesswithjenna,YouTube,2026-02-08,10:00:00,68078,8624,4.11,7082,511,200,227,44,195,1170,"AD text overlay (video)",inadequate,post-content or absent,NON-COMPLIANT,"Doctor recommended for gut wellness (REQUIRES expert disclosure §255.3)",general_wellness,No,§255.5,51744,2026-03-11,Jordan Ellis,IN_REVIEW,INFLUENCER NOTIFIED,N/A,No,"Post-update-1 compliance sweep",CAMP-2026-015,Long video (>60s),No,No,No
SUPP-1363,@microbiome_maven,YouTube,2026-03-11,20:00:00,80934,32171,0.88,30249,1258,393,879,252,733,1889,"#ad first hashtag",adequate,pre-content,COMPLIANT,"Supports immune health (compliant with RCT)",health_efficacy,Yes,None,0,2026-03-14,Jordan Ellis,RESOLVED,NONE,2026-03-18,No,"Sarah Chen escalation review",CAMP-2026-007,Reel,No,No,Yes
SUPP-1364,@cleanwellness,Twitter/X,2026-02-13,15:00:00,63926,13412,1.85,10919,336,87,332,87,143,1202,"#gifted in hashtags",inadequate,post-content or absent,NON-COMPLIANT,"No health claim made (compliant)",general_wellness,Yes,§255.5,51744,2026-03-16,Jordan Ellis,OPEN,UPDATE DISCLOSURE,N/A,No,"Casey Park pre-launch clearance",CAMP-2026-005,Live session,No,No,No
SUPP-1365,@digestive_digest,LinkedIn,2026-02-27,16:30:00,58690,9892,4.62,9434,109,19,71,91,239,885,"#sponsored in middle",inadequate,post-content or absent,NON-COMPLIANT,"Vitamin D3 supports immune function (compliant - RCT supported)",health_efficacy,Yes,§255.5,51744,2026-03-28,Jordan Ellis,OPEN,INFLUENCER NOTIFIED,N/A,No,"Influencer remediation tracking",CAMP-2026-005,Reel,No,No,No
SUPP-1366,@fitandfueled,Reels,2026-03-06,16:15:00,78759,10413,2.86,8183,693,115,36,124,171,648,"AD text overlay (video)",inadequate,post-content or absent,NON-COMPLIANT,"Doctor recommended for gut wellness (REQUIRES expert disclosure §255.3)",general_wellness,No,§255.5,51744,2026-03-09,Sarah Chen,OPEN,UPDATE DISCLOSURE,N/A,No,"Casey Park pre-launch clearance",CAMP-2026-001,Live session,No,No,No
SUPP-1367,@supplementspro,Reels,2026-01-22,08:45:00,78635,9301,5.76,6607,667,270,276,106,274,1246,"Platform Paid Partnership only",inadequate,post-content or absent,NON-COMPLIANT,"Probiotic of choice for digestive health (compliant general claim)",general_wellness,Yes,§255.5,51744,2026-02-25,Casey Park,IN_REVIEW,ESCALATE TO CCO,N/A,No,"Quarterly disclosure audit",CAMP-2026-005,Blog post,Yes,No,No
SUPP-1368,@digestive_digest,Pinterest,2026-01-21,15:00:00,59594,28970,3.82,30761,734,145,709,418,1063,2554,"AD text overlay (video)",inadequate,post-content or absent,NON-COMPLIANT,"initial pilot data shows gut improvement (PROHIBITED: 'initial' + 'pilot')",general_wellness,No,§255.5,51744,2026-02-24,Jordan Ellis,IN_REVIEW,CONTRACT UPDATED,N/A,No,"Casey Park pre-launch clearance",CAMP-2026-012,Carousel,No,No,No
SUPP-1369,@wellnesswithjenna,YouTube,2026-02-05,09:30:00,30151,9859,3.97,9111,431,87,162,147,287,307,"#ad at post beginning",adequate,pre-content,COMPLIANT,"Doctor-Formulated for immunity (REQUIRES substantiation per revised audit letter)",general_wellness,No,None,0,2026-03-08,Alex Rivera (Ext.),RESOLVED,NONE,2026-03-12,No,"Casey Park pre-launch clearance",CAMP-2026-017,Reel,No,No,Yes
SUPP-1370,@nutriscience,Instagram Stories,2026-01-14,08:45:00,96499,14211,7.49,11078,551,291,270,21,426,1144,"#ad buried as last hashtag",inadequate,post-content or absent,NON-COMPLIANT,"Doctor recommended for gut wellness (REQUIRES expert disclosure §255.3)",general_wellness,No,§255.5,51744,2026-02-17,Sarah Chen,IN_REVIEW,UPDATE DISCLOSURE,N/A,No,"Post-update-1 compliance sweep",CAMP-2026-005,Long video (>60s),No,No,Yes
SUPP-1371,@digestive_digest,LinkedIn,2026-02-02,14:00:00,114015,47121,5.95,42301,236,46,1107,469,1266,5377,"No disclosure (first post)",inadequate,post-content or absent,NON-COMPLIANT,"may help digestive comfort (PROHIBITED: 'may' + B. longum lacks RCT)",health_efficacy,No,§255.5,51744,2026-03-05,Casey Park,IN_REVIEW,REMOVE CLAIM,N/A,No,"Post-update-1 compliance sweep",CAMP-2026-011,Podcast mention,No,No,No
SUPP-1372,@guthealth_guru,Snapchat,2026-02-07,22:30:00,21361,10334,4.68,9906,529,139,71,59,214,1254,"#ad first hashtag",adequate,pre-content,COMPLIANT,"preliminary research suggests (PROHIBITED)",general_wellness,No,None,0,2026-03-10,Sarah Chen,RESOLVED,NONE,2026-03-14,No,"Quarterly disclosure audit",CAMP-2026-019,Live session,No,No,Yes
SUPP-1373,@vitalitycoach,TikTok,2026-03-15,19:30:00,78390,35412,6.77,26948,2727,1346,313,348,1330,3481,"#gifted in hashtags",inadequate,post-content or absent,NON-COMPLIANT,"Helps strengthen immunity (PROHIBITED: 'helps')",general_wellness,No,§255.5,51744,2026-03-18,Casey Park,IN_REVIEW,CONTRACT UPDATED,N/A,No,"Supplemental audit batch March 2026",CAMP-2026-009,Live session,No,No,No
SUPP-1374,@guthealth_guru,Instagram Stories,2026-02-07,11:15:00,108130,43447,0.98,39911,1983,925,371,354,895,2367,"Platform Paid Partnership only",inadequate,post-content or absent,NON-COMPLIANT,"Probiotic of choice for digestive health (compliant general claim)",general_wellness,Yes,§255.5,51744,2026-03-10,Alex Rivera (Ext.),PENDING,REMOVE CLAIM,N/A,No,"Post-update-1 compliance sweep",CAMP-2026-007,Blog post,Yes,No,No
SUPP-1375,@immunity_insider,Pinterest,2026-02-22,11:00:00,80898,34527,1.8,31949,2145,900,340,468,909,1853,"FTC compliant verbal + text",adequate,pre-content,COMPLIANT,"Science-backed probiotic formula (compliant general claim)",general_wellness,Yes,None,0,2026-03-25,Casey Park,RESOLVED,NONE,2026-03-28,No,"Influencer remediation tracking",CAMP-2026-014,Podcast mention,No,No,No
SUPP-1376,@microbiome_maven,TikTok,2026-02-16,15:00:00,36533,6224,7.21,4624,33,5,87,89,48,309,"No disclosure (first post)",inadequate,post-content or absent,NON-COMPLIANT,"B. longum promotes digestive wellness (insufficient evidence - no human RCT)",health_efficacy,No,§255.5,51744,2026-03-19,Casey Park,OPEN,UPDATE DISCLOSURE,N/A,No,"Post-CEO-retraction review round",CAMP-2026-016,Blog post,No,No,No
SUPP-1377,@nourishednaturally,YouTube,2026-03-23,08:00:00,48367,5113,2.29,4111,53,21,24,28,106,132,"Platform Paid Partnership only",inadequate,post-content or absent,NON-COMPLIANT,"Helps strengthen immunity (PROHIBITED: 'helps')",general_wellness,No,§255.5,51744,2026-03-26,Casey Park,IN_REVIEW,ESCALATE TO CCO,N/A,No,"Post-CEO-retraction review round",CAMP-2026-019,Story,Yes,No,No
SUPP-1378,@cleanwellness,Twitter/X,2026-03-03,23:15:00,109121,20735,3.68,15984,1317,659,587,245,670,2168,"#ad buried as last hashtag",inadequate,post-content or absent,NON-COMPLIANT,"Results Not Typical disclaimer applies (OBSOLETE safe harbor - abolished 2009)",general_wellness,No,§255.5,51744,2026-03-06,Sarah Chen,IN_REVIEW,COMPLIANT - NO ACTION,N/A,No,"Sarah Chen escalation review",CAMP-2026-017,Carousel,No,No,Yes
SUPP-1379,@vitamindiary,LinkedIn,2026-01-28,20:00:00,37328,8631,4.77,7173,533,71,156,14,165,555,"#ad at post beginning",adequate,pre-content,COMPLIANT,"may help digestive comfort (PROHIBITED: 'may' + B. longum lacks RCT)",health_efficacy,No,None,0,2026-02-28,Casey Park,RESOLVED,NONE,2026-02-28,No,"Post-CEO-retraction review round",CAMP-2026-015,Live session,No,No,Yes
SUPP-1380,@immunity_insider,LinkedIn,2026-01-14,21:15:00,45461,22280,1.96,21720,713,243,566,49,249,3171,"Disclosure in bio only",inadequate,post-content or absent,NON-COMPLIANT,"Probiotic of choice for digestive health (compliant general claim)",general_wellness,Yes,§255.5,51744,2026-02-17,Sarah Chen,OPEN,ESCALATE TO CCO,N/A,No,"Influencer remediation tracking",CAMP-2026-016,Story,No,No,No
SUPP-1381,@guthealth_guru,Instagram,2026-02-14,13:15:00,95088,35760,7.14,29833,2296,1201,985,443,765,5075,"Paid collab sticker only",inadequate,post-content or absent,NON-COMPLIANT,"Gut health support tested in human trials (compliant)",general_wellness,Yes,§255.5,51744,2026-03-17,Casey Park,IN_REVIEW,OBTAIN LEGAL REVIEW,N/A,No,"Quarterly disclosure audit",CAMP-2026-002,Long video (>60s),No,No,No
SUPP-1382,@vitamindiary,Snapchat,2026-03-08,10:30:00,84553,32202,7.12,28494,2111,502,43,473,378,3723,"Paid collab sticker only",inadequate,post-content or absent,NON-COMPLIANT,"No health claim made (compliant)",general_wellness,Yes,§255.5,51744,2026-03-11,Alex Rivera (Ext.),PENDING,INFLUENCER NOTIFIED,N/A,No,"Quarterly disclosure audit",CAMP-2026-017,Podcast mention,No,No,No
SUPP-1383,@holistic_health_hub,Instagram Stories,2026-03-25,20:00:00,87486,33381,2.17,29628,1470,174,473,74,874,3266,"AD text overlay (video)",inadequate,post-content or absent,NON-COMPLIANT,"Doctor recommended for gut wellness (REQUIRES expert disclosure §255.3)",general_wellness,No,§255.5,51744,2026-03-28,Alex Rivera (Ext.),IN_REVIEW,REMOVE CLAIM,N/A,No,"Quarterly disclosure audit",CAMP-2026-004,Static image,No,No,No
SUPP-1384,@guthealth_guru,YouTube,2026-03-27,14:30:00,64461,12869,3.2,11881,705,106,251,113,253,1292,"#gifted in hashtags",inadequate,post-content or absent,NON-COMPLIANT,"initial pilot data shows gut improvement (PROHIBITED: 'initial' + 'pilot')",general_wellness,No,§255.5,51744,2026-03-28,Alex Rivera (Ext.),PENDING,OBTAIN LEGAL REVIEW,N/A,No,"Post-CEO-retraction review round",CAMP-2026-001,Reel,No,No,No
SUPP-1385,@supplementspro,Instagram,2026-01-10,15:45:00,79495,18511,3.03,17944,890,468,478,54,157,2597,"#sponsored in middle",inadequate,post-content or absent,NON-COMPLIANT,"Supports immune health (compliant with RCT)",health_efficacy,Yes,§255.5,51744,2026-02-13,Sarah Chen,IN_REVIEW,ESCALATE TO CCO,N/A,No,"Sarah Chen escalation review",CAMP-2026-011,Podcast mention,No,No,No
SUPP-1386,@nutriscience,Instagram,2026-01-05,22:30:00,40752,6184,2.77,6760,174,71,60,19,35,829,"#ad at post beginning",adequate,pre-content,COMPLIANT,"Doctor-Formulated for immunity (REQUIRES substantiation per revised audit letter)",general_wellness,No,None,0,2026-02-08,Alex Rivera (Ext.),RESOLVED,NONE,2026-02-12,No,"Quarterly disclosure audit",CAMP-2026-011,Reel,No,No,Yes
SUPP-1387,@supplementspro,TikTok,2026-01-25,11:30:00,72296,28163,3.58,22154,530,105,694,292,749,2182,"#ad buried as last hashtag",inadequate,post-content or absent,NON-COMPLIANT,"B. longum promotes digestive wellness (insufficient evidence - no human RCT)",health_efficacy,No,§255.5,51744,2026-02-28,Jordan Ellis,IN_REVIEW,CONTRACT UPDATED,N/A,No,"Post-update-1 compliance sweep",CAMP-2026-016,Static image,No,No,Yes
SUPP-1388,@wellnesswithjenna,Snapchat,2026-02-16,23:30:00,33963,15509,5.05,14265,675,117,164,39,506,454,"#gifted in hashtags",inadequate,post-content or absent,NON-COMPLIANT,"Doctor recommended for gut wellness (REQUIRES expert disclosure §255.3)",general_wellness,No,§255.5,51744,2026-03-19,Alex Rivera (Ext.),PENDING,INFLUENCER NOTIFIED,N/A,No,"Influencer remediation tracking",CAMP-2026-009,Podcast mention,No,No,No
SUPP-1389,@digestive_digest,Reels,2026-01-27,12:15:00,77586,16263,3.91,17145,433,92,302,214,563,2361,"#sponsored in middle",inadequate,post-content or absent,NON-COMPLIANT,"initial pilot data shows gut improvement (PROHIBITED: 'initial' + 'pilot')",general_wellness,No,§255.5,51744,2026-02-28,Alex Rivera (Ext.),OPEN,COMPLIANT - NO ACTION,N/A,No,"Quarterly disclosure audit",CAMP-2026-002,Story,No,No,No
SUPP-1390,@guthealth_guru,Instagram Stories,2026-01-02,21:00:00,94458,46234,6.34,37518,2029,214,1297,536,395,1180,"#ad first hashtag",adequate,pre-content,COMPLIANT,"No health claim made (compliant)",general_wellness,Yes,None,0,2026-02-05,Alex Rivera (Ext.),RESOLVED,NONE,2026-02-09,No,"Sarah Chen escalation review",CAMP-2026-007,Story,No,No,Yes
SUPP-1391,@vitamindiary,Twitter/X,2026-03-01,21:45:00,53793,26362,3.81,27087,1243,652,172,354,150,2400,"#gifted in hashtags",inadequate,post-content or absent,NON-COMPLIANT,"Results Not Typical disclaimer applies (OBSOLETE safe harbor - abolished 2009)",general_wellness,No,§255.5,51744,2026-03-04,Casey Park,PENDING,MONITORING,N/A,No,"Sarah Chen escalation review",CAMP-2026-008,Live session,No,No,No
SUPP-1392,@probiotic_life,Snapchat,2026-02-02,20:00:00,44164,19521,4.96,18944,1451,411,117,87,644,1821,"Disclosure at post end",inadequate,post-content or absent,NON-COMPLIANT,"Gut health support tested in human trials (compliant)",general_wellness,Yes,§255.5,51744,2026-03-05,Alex Rivera (Ext.),IN_REVIEW,UPDATE DISCLOSURE,N/A,No,"Quarterly disclosure audit",CAMP-2026-002,Static image,No,No,No
SUPP-1393,@nourishednaturally,Facebook,2026-01-04,11:45:00,50932,22674,6.35,22866,1100,369,64,333,494,1272,"No disclosure",inadequate,post-content or absent,NON-COMPLIANT,"promising results in gut health (PROHIBITED: 'promising')",general_wellness,No,§255.5,51744,2026-02-07,Jordan Ellis,PENDING,OBTAIN LEGAL REVIEW,N/A,No,"Influencer remediation tracking",CAMP-2026-010,Podcast mention,No,No,No
SUPP-1394,@probiotic_life,Instagram Stories,2026-03-22,07:30:00,104509,16897,5.51,11828,851,378,349,24,505,994,"Platform Paid Partnership only",inadequate,post-content or absent,NON-COMPLIANT,"may help immune function (PROHIBITED: 'may')",health_efficacy,No,§255.5,51744,2026-03-25,Casey Park,PENDING,MONITORING,N/A,No,"Sarah Chen escalation review",CAMP-2026-003,Reel,Yes,No,No
SUPP-1395,@digestive_digest,TikTok,2026-02-19,15:45:00,22777,8409,1.7,6997,566,259,99,114,196,688,"Ad: at beginning",adequate,pre-content,COMPLIANT,"Doctor-Formulated for immunity (REQUIRES substantiation per revised audit letter)",general_wellness,No,None,0,2026-03-22,Alex Rivera (Ext.),RESOLVED,NONE,2026-03-26,No,"Supplemental audit batch March 2026",CAMP-2026-010,Podcast mention,No,No,Yes
SUPP-1396,@digestive_digest,LinkedIn,2026-01-18,13:45:00,42764,20115,5.73,16039,1441,151,500,198,690,1598,"#ad first hashtag",adequate,pre-content,COMPLIANT,"Probiotic of choice for digestive health (compliant general claim)",general_wellness,Yes,None,0,2026-02-21,Alex Rivera (Ext.),RESOLVED,NONE,2026-02-25,No,"Supplemental audit batch March 2026",CAMP-2026-009,Story,No,No,Yes
SUPP-1397,@immunity_insider,Reels,2026-03-06,15:45:00,40040,20886,1.59,22723,526,173,71,185,129,1072,"#ad buried as last hashtag",inadequate,post-content or absent,NON-COMPLIANT,"initial pilot data shows gut improvement (PROHIBITED: 'initial' + 'pilot')",general_wellness,No,§255.5,51744,2026-03-09,Alex Rivera (Ext.),PENDING,MONITORING,N/A,No,"Supplemental audit batch March 2026",CAMP-2026-006,Podcast mention,No,No,Yes
SUPP-1398,@cleanwellness,Facebook,2026-02-10,07:00:00,23632,10530,4.6,10463,345,95,140,96,69,605,"No disclosure",inadequate,post-content or absent,NON-COMPLIANT,"Helps strengthen immunity (PROHIBITED: 'helps')",general_wellness,No,§255.5,51744,2026-03-13,Alex Rivera (Ext.),OPEN,ESCALATE TO CCO,N/A,No,"Influencer remediation tracking",CAMP-2026-007,Live session,No,No,No
SUPP-1399,@holistic_health_hub,TikTok,2026-01-22,15:00:00,52393,23354,1.66,25464,1023,159,207,251,456,3097,"#gifted in hashtags",inadequate,post-content or absent,NON-COMPLIANT,"Results Not Typical disclaimer applies (OBSOLETE safe harbor - abolished 2009)",general_wellness,No,§255.5,51744,2026-02-25,Alex Rivera (Ext.),OPEN,INFLUENCER NOTIFIED,N/A,No,"Sarah Chen escalation review",CAMP-2026-010,Live session,No,No,No
SUPP-1400,@holistic_health_hub,Reels,2026-01-13,11:45:00,69628,38114,1.15,29452,1833,968,61,177,145,3104,"Paid collab sticker only",inadequate,post-content or absent,NON-COMPLIANT,"preliminary research suggests (PROHIBITED)",general_wellness,No,§255.5,51744,2026-02-16,Sarah Chen,OPEN,MONITORING,N/A,No,"Post-update-1 compliance sweep",CAMP-2026-008,Story,No,No,No
