2026-05-23T01:00:00Z [PLC-CTRL][INFO] robot-arm-04: lubrication pump cycle complete
2026-05-23T01:00:15Z [CONVEYOR][ERROR] robot-arm-04: motion cycle complete
2026-05-23T01:00:30Z [MOTOR-DRV][WARN] robot-arm-04: servo response time: 15 ms
2026-05-23T01:00:45Z [CONVEYOR][WARN] robot-arm-04: cycle count: 1231260
2026-05-23T01:01:00Z [MOTOR-DRV][INFO] robot-arm-04: servo response time: 4 ms
2026-05-23T01:01:15Z [PLC-CTRL][INFO] robot-arm-04: motion cycle complete
2026-05-23T01:01:30Z [VISION-SYS][INFO] robot-arm-04: cycle count: 1164748
2026-05-23T01:01:45Z [MOTOR-DRV][WARN] robot-arm-04: joint load within bounds
2026-05-23T01:02:00Z [SAFETY-MON][INFO] robot-arm-04: vision inspection pass
2026-05-23T01:02:15Z [LUBRICATION][WARN] robot-arm-04: motion cycle complete
2026-05-23T01:02:30Z [LUBRICATION][INFO] robot-arm-04: motion cycle complete
2026-05-23T01:02:45Z [CONVEYOR][WARN] robot-arm-04: joint load within bounds
2026-05-23T01:03:00Z [SAFETY-MON][WARN] robot-arm-04: encoder read: pos=315.53
2026-05-23T01:03:15Z [LUBRICATION][ERROR] robot-arm-04: servo response time: 11 ms
2026-05-23T01:03:30Z [PLC-CTRL][ERROR] robot-arm-04: conveyor speed: 986 rpm
2026-05-23T01:03:45Z [VISION-SYS][WARN] robot-arm-04: motion cycle complete
2026-05-23T01:04:00Z [VISION-SYS][WARN] robot-arm-04: lubrication pump cycle complete
2026-05-23T01:04:15Z [VISION-SYS][INFO] robot-arm-04: vision inspection pass
2026-05-23T01:04:30Z [CONVEYOR][WARN] robot-arm-04: cycle count: 1208744
2026-05-23T01:04:45Z [CONVEYOR][INFO] robot-arm-04: vision inspection pass
2026-05-23T01:05:00Z [CONVEYOR][WARN] robot-arm-04: lubrication pump cycle complete
2026-05-23T01:05:15Z [CONVEYOR][INFO] robot-arm-04: servo response time: 9 ms
2026-05-23T01:05:30Z [MOTOR-DRV][INFO] robot-arm-04: lubrication pump cycle complete
2026-05-23T01:05:45Z [LUBRICATION][INFO] robot-arm-04: servo response time: 15 ms
2026-05-23T01:06:00Z [VISION-SYS][INFO] robot-arm-04: cycle count: 1120023
2026-05-23T01:06:15Z [PLC-CTRL][ERROR] robot-arm-04: cycle count: 1246103
2026-05-23T01:06:30Z [LUBRICATION][WARN] robot-arm-04: joint load within bounds
2026-05-23T01:06:45Z [CONVEYOR][WARN] robot-arm-04: joint load within bounds
2026-05-23T01:07:00Z [CONVEYOR][ERROR] robot-arm-04: lubrication pump cycle complete
2026-05-23T01:07:15Z [LUBRICATION][WARN] robot-arm-04: vision inspection pass
2026-05-23T01:07:30Z [VISION-SYS][INFO] robot-arm-04: joint load within bounds
2026-05-23T01:07:45Z [SAFETY-MON][INFO] robot-arm-04: heartbeat OK
2026-05-23T01:08:00Z [MOTOR-DRV][ERROR] robot-arm-04: servo response time: 16 ms
2026-05-23T01:08:15Z [CONVEYOR][WARN] robot-arm-04: conveyor speed: 902 rpm
2026-05-23T01:08:30Z [SAFETY-MON][ERROR] robot-arm-04: cycle count: 1244662
2026-05-23T01:08:45Z [CONVEYOR][WARN] robot-arm-04: vision inspection pass
2026-05-23T01:09:00Z [CONVEYOR][ERROR] robot-arm-04: heartbeat OK
2026-05-23T01:09:15Z [SAFETY-MON][INFO] robot-arm-04: cycle count: 1051576
2026-05-23T01:09:30Z [VISION-SYS][ERROR] robot-arm-04: lubrication pump cycle complete
2026-05-23T01:09:45Z [SAFETY-MON][WARN] robot-arm-04: encoder read: pos=348.22
2026-05-23T01:10:00Z [LUBRICATION][WARN] robot-arm-04: motion cycle complete
2026-05-23T01:10:15Z [LUBRICATION][INFO] robot-arm-04: cycle count: 1194054
2026-05-23T01:10:30Z [PLC-CTRL][INFO] robot-arm-04: vision inspection pass
2026-05-23T01:10:45Z [MOTOR-DRV][WARN] robot-arm-04: heartbeat OK
2026-05-23T01:11:00Z [PLC-CTRL][INFO] robot-arm-04: cycle count: 1286570
2026-05-23T01:11:15Z [PLC-CTRL][WARN] robot-arm-04: temperature nominal: 36.1 C
2026-05-23T01:11:30Z [CONVEYOR][INFO] robot-arm-04: lubrication pump cycle complete
2026-05-23T01:11:45Z [SAFETY-MON][ERROR] robot-arm-04: conveyor speed: 879 rpm
2026-05-23T01:12:00Z [PLC-CTRL][INFO] robot-arm-04: servo response time: 17 ms
2026-05-23T01:12:15Z [LUBRICATION][ERROR] robot-arm-04: encoder read: pos=196.49
2026-05-23T01:12:30Z [VISION-SYS][WARN] robot-arm-04: encoder read: pos=344.98
2026-05-23T01:12:45Z [LUBRICATION][WARN] robot-arm-04: joint load within bounds
2026-05-23T01:13:00Z [PLC-CTRL][WARN] robot-arm-04: encoder read: pos=336.62
2026-05-23T01:13:15Z [CONVEYOR][INFO] robot-arm-04: lubrication pump cycle complete
2026-05-23T01:13:30Z [VISION-SYS][WARN] robot-arm-04: encoder read: pos=187.21
2026-05-23T01:13:45Z [MOTOR-DRV][WARN] robot-arm-04: heartbeat OK
2026-05-23T01:14:00Z [PLC-CTRL][WARN] robot-arm-04: motion cycle complete
2026-05-23T01:14:15Z [PLC-CTRL][INFO] robot-arm-04: conveyor speed: 1194 rpm
2026-05-23T01:14:30Z [PLC-CTRL][INFO] robot-arm-04: lubrication pump cycle complete
2026-05-23T01:14:45Z [VISION-SYS][INFO] robot-arm-04: joint load within bounds
2026-05-23T01:15:00Z [VISION-SYS][INFO] robot-arm-04: motion cycle complete
2026-05-23T01:15:15Z [VISION-SYS][WARN] robot-arm-04: servo response time: 7 ms
2026-05-23T01:15:30Z [MOTOR-DRV][WARN] robot-arm-04: lubrication pump cycle complete
2026-05-23T01:15:45Z [MOTOR-DRV][WARN] robot-arm-04: servo response time: 12 ms
2026-05-23T01:16:00Z [VISION-SYS][WARN] robot-arm-04: temperature nominal: 64.1 C
2026-05-23T01:16:15Z [PLC-CTRL][WARN] robot-arm-04: vision inspection pass
2026-05-23T01:16:30Z [PLC-CTRL][INFO] robot-arm-04: encoder read: pos=16.29
2026-05-23T01:16:45Z [CONVEYOR][INFO] robot-arm-04: cycle count: 1098843
2026-05-23T01:17:00Z [VISION-SYS][ERROR] robot-arm-04: heartbeat OK
2026-05-23T01:17:15Z [MOTOR-DRV][ERROR] robot-arm-04: lubrication pump cycle complete
2026-05-23T01:17:30Z [MOTOR-DRV][WARN] robot-arm-04: encoder read: pos=57.74
2026-05-23T01:17:45Z [MOTOR-DRV][WARN] robot-arm-04: joint load within bounds
2026-05-23T01:18:00Z [VISION-SYS][WARN] robot-arm-04: vision inspection pass
2026-05-23T01:18:15Z [PLC-CTRL][WARN] robot-arm-04: joint load within bounds
2026-05-23T01:18:30Z [MOTOR-DRV][INFO] robot-arm-04: encoder read: pos=94.84
2026-05-23T01:18:45Z [VISION-SYS][WARN] robot-arm-04: joint load within bounds
2026-05-23T01:19:00Z [VISION-SYS][INFO] robot-arm-04: conveyor speed: 1065 rpm
2026-05-23T01:19:15Z [VISION-SYS][WARN] robot-arm-04: motion cycle complete
2026-05-23T01:19:30Z [CONVEYOR][WARN] robot-arm-04: joint load within bounds
2026-05-23T01:19:45Z [PLC-CTRL][INFO] robot-arm-04: temperature nominal: 20.3 C
2026-05-23T01:20:00Z [PLC-CTRL][WARN] robot-arm-04: conveyor speed: 1008 rpm
2026-05-23T01:20:15Z [CONVEYOR][ERROR] robot-arm-04: encoder read: pos=346.03
2026-05-23T01:20:30Z [SAFETY-MON][INFO] robot-arm-04: conveyor speed: 1087 rpm
2026-05-23T01:20:45Z [LUBRICATION][WARN] robot-arm-04: lubrication pump cycle complete
2026-05-23T01:21:00Z [MOTOR-DRV][INFO] robot-arm-04: servo response time: 10 ms
2026-05-23T01:21:15Z [CONVEYOR][WARN] robot-arm-04: temperature nominal: 57.0 C
2026-05-23T01:21:30Z [CONVEYOR][INFO] robot-arm-04: lubrication pump cycle complete
2026-05-23T01:21:45Z [MOTOR-DRV][INFO] robot-arm-04: joint load within bounds
2026-05-23T01:22:00Z [PLC-CTRL][WARN] robot-arm-04: encoder read: pos=38.17
2026-05-23T01:22:15Z [PLC-CTRL][INFO] robot-arm-04: encoder read: pos=232.54
2026-05-23T01:22:30Z [PLC-CTRL][WARN] robot-arm-04: conveyor speed: 941 rpm
2026-05-23T01:22:45Z [CONVEYOR][INFO] robot-arm-04: joint load within bounds
2026-05-23T01:23:00Z [SAFETY-MON][INFO] robot-arm-04: joint load within bounds
2026-05-23T01:23:15Z [SAFETY-MON][INFO] robot-arm-04: heartbeat OK
2026-05-23T01:23:30Z [VISION-SYS][INFO] robot-arm-04: vision inspection pass
2026-05-23T01:23:45Z [PLC-CTRL][INFO] robot-arm-04: motion cycle complete
2026-05-23T01:24:00Z [MOTOR-DRV][INFO] robot-arm-04: joint load within bounds
2026-05-23T01:24:15Z [PLC-CTRL][INFO] robot-arm-04: lubrication pump cycle complete
2026-05-23T01:24:30Z [CONVEYOR][INFO] robot-arm-04: conveyor speed: 1199 rpm
2026-05-23T01:24:45Z [VISION-SYS][WARN] robot-arm-04: servo response time: 3 ms
2026-05-23T01:25:00Z [VISION-SYS][INFO] robot-arm-04: servo response time: 8 ms
2026-05-23T01:25:15Z [CONVEYOR][WARN] robot-arm-04: vision inspection pass
2026-05-23T01:25:30Z [LUBRICATION][INFO] robot-arm-04: conveyor speed: 1056 rpm
2026-05-23T01:25:45Z [LUBRICATION][INFO] robot-arm-04: vision inspection pass
2026-05-23T01:26:00Z [SAFETY-MON][INFO] robot-arm-04: heartbeat OK
2026-05-23T01:26:15Z [LUBRICATION][ERROR] robot-arm-04: vision inspection pass
2026-05-23T01:26:30Z [PLC-CTRL][INFO] robot-arm-04: conveyor speed: 948 rpm
2026-05-23T01:26:45Z [LUBRICATION][INFO] robot-arm-04: joint load within bounds
2026-05-23T01:27:00Z [VISION-SYS][INFO] robot-arm-04: servo response time: 2 ms
2026-05-23T01:27:15Z [CONVEYOR][INFO] robot-arm-04: temperature nominal: 56.5 C
2026-05-23T01:27:30Z [LUBRICATION][INFO] robot-arm-04: encoder read: pos=222.83
2026-05-23T01:27:45Z [PLC-CTRL][INFO] robot-arm-04: encoder read: pos=188.13
2026-05-23T01:28:00Z [CONVEYOR][ERROR] robot-arm-04: joint load within bounds
2026-05-23T01:28:15Z [PLC-CTRL][WARN] robot-arm-04: servo response time: 6 ms
2026-05-23T01:28:30Z [SAFETY-MON][WARN] robot-arm-04: vision inspection pass
2026-05-23T01:28:45Z [VISION-SYS][INFO] robot-arm-04: vision inspection pass
2026-05-23T01:29:00Z [LUBRICATION][INFO] robot-arm-04: encoder read: pos=66.05
2026-05-23T01:29:15Z [PLC-CTRL][ERROR] robot-arm-04: lubrication pump cycle complete
2026-05-23T01:29:30Z [LUBRICATION][WARN] robot-arm-04: vision inspection pass
2026-05-23T01:29:45Z [SAFETY-MON][INFO] robot-arm-04: temperature nominal: 21.5 C
2026-05-23T01:30:00Z [SAFETY-MON][WARN] robot-arm-04: cycle count: 1219089
2026-05-23T01:30:15Z [SAFETY-MON][INFO] robot-arm-04: encoder read: pos=339.92
2026-05-23T01:30:30Z [CONVEYOR][INFO] robot-arm-04: encoder read: pos=199.07
2026-05-23T01:30:45Z [LUBRICATION][WARN] robot-arm-04: joint load within bounds
2026-05-23T01:31:00Z [SAFETY-MON][ERROR] robot-arm-04: lubrication pump cycle complete
2026-05-23T01:31:15Z [LUBRICATION][INFO] robot-arm-04: heartbeat OK
2026-05-23T01:31:30Z [LUBRICATION][INFO] robot-arm-04: temperature nominal: 50.6 C
2026-05-23T01:31:45Z [MOTOR-DRV][ERROR] robot-arm-04: lubrication pump cycle complete
2026-05-23T01:32:00Z [MOTOR-DRV][ERROR] robot-arm-04: vision inspection pass
2026-05-23T01:32:15Z [LUBRICATION][INFO] robot-arm-04: temperature nominal: 56.5 C
2026-05-23T01:32:30Z [SAFETY-MON][INFO] robot-arm-04: temperature nominal: 44.4 C
2026-05-23T01:32:45Z [VISION-SYS][ERROR] robot-arm-04: cycle count: 1287726
2026-05-23T01:33:00Z [VISION-SYS][ERROR] robot-arm-04: servo response time: 11 ms
2026-05-23T01:33:15Z [MOTOR-DRV][INFO] robot-arm-04: vision inspection pass
2026-05-23T01:33:30Z [MOTOR-DRV][WARN] robot-arm-04: heartbeat OK
2026-05-23T01:33:45Z [SAFETY-MON][WARN] robot-arm-04: vision inspection pass
2026-05-23T01:34:00Z [PLC-CTRL][ERROR] robot-arm-04: encoder read: pos=30.31
2026-05-23T01:34:15Z [SAFETY-MON][WARN] robot-arm-04: joint load within bounds
2026-05-23T01:34:30Z [MOTOR-DRV][ERROR] robot-arm-04: motion cycle complete
2026-05-23T01:34:45Z [PLC-CTRL][WARN] robot-arm-04: temperature nominal: 75.2 C
2026-05-23T01:35:00Z [LUBRICATION][WARN] robot-arm-04: joint load within bounds
2026-05-23T01:35:15Z [CONVEYOR][INFO] robot-arm-04: vision inspection pass
2026-05-23T01:35:30Z [VISION-SYS][WARN] robot-arm-04: lubrication pump cycle complete
2026-05-23T01:35:45Z [LUBRICATION][ERROR] robot-arm-04: encoder read: pos=347.46
2026-05-23T01:36:00Z [PLC-CTRL][INFO] robot-arm-04: encoder read: pos=263.73
2026-05-23T01:36:15Z [SAFETY-MON][WARN] robot-arm-04: joint load within bounds
2026-05-23T01:36:30Z [SAFETY-MON][INFO] robot-arm-04: servo response time: 8 ms
2026-05-23T01:36:45Z [MOTOR-DRV][INFO] robot-arm-04: joint load within bounds
2026-05-23T01:37:00Z [CONVEYOR][INFO] robot-arm-04: conveyor speed: 868 rpm
2026-05-23T01:37:15Z [VISION-SYS][INFO] robot-arm-04: heartbeat OK
2026-05-23T01:37:30Z [CONVEYOR][ERROR] robot-arm-04: cycle count: 1221591
2026-05-23T01:37:45Z [SAFETY-MON][WARN] robot-arm-04: encoder read: pos=259.91
2026-05-23T01:38:00Z [PLC-CTRL][INFO] robot-arm-04: conveyor speed: 1076 rpm
2026-05-23T01:38:15Z [MOTOR-DRV][INFO] robot-arm-04: heartbeat OK
2026-05-23T01:38:30Z [PLC-CTRL][WARN] robot-arm-04: heartbeat OK
2026-05-23T01:38:45Z [SAFETY-MON][INFO] robot-arm-04: conveyor speed: 954 rpm
2026-05-23T01:39:00Z [MOTOR-DRV][WARN] robot-arm-04: encoder read: pos=215.82
2026-05-23T01:39:15Z [MOTOR-DRV][INFO] robot-arm-04: motion cycle complete
2026-05-23T01:39:30Z [SAFETY-MON][WARN] robot-arm-04: motion cycle complete
2026-05-23T01:39:45Z [LUBRICATION][INFO] robot-arm-04: vision inspection pass
2026-05-23T01:40:00Z [SAFETY-MON][WARN] robot-arm-04: joint load within bounds
2026-05-23T01:40:15Z [LUBRICATION][INFO] robot-arm-04: conveyor speed: 1042 rpm
2026-05-23T01:40:30Z [VISION-SYS][INFO] robot-arm-04: lubrication pump cycle complete
2026-05-23T01:40:45Z [CONVEYOR][INFO] robot-arm-04: conveyor speed: 1149 rpm
2026-05-23T01:41:00Z [VISION-SYS][WARN] robot-arm-04: conveyor speed: 842 rpm
2026-05-23T01:41:15Z [PLC-CTRL][INFO] robot-arm-04: cycle count: 1163591
2026-05-23T01:41:30Z [SAFETY-MON][ERROR] robot-arm-04: temperature nominal: 30.9 C
2026-05-23T01:41:45Z [VISION-SYS][WARN] robot-arm-04: lubrication pump cycle complete
2026-05-23T01:42:00Z [SAFETY-MON][INFO] robot-arm-04: cycle count: 1211324
2026-05-23T01:42:15Z [SAFETY-MON][INFO] robot-arm-04: temperature nominal: 72.4 C
2026-05-23T01:42:30Z [MOTOR-DRV][ERROR] robot-arm-04: conveyor speed: 1188 rpm
2026-05-23T01:42:45Z [SAFETY-MON][WARN] robot-arm-04: servo response time: 14 ms
2026-05-23T01:43:00Z [MOTOR-DRV][INFO] robot-arm-04: cycle count: 1297045
2026-05-23T01:43:15Z [LUBRICATION][ERROR] robot-arm-04: encoder read: pos=155.27
2026-05-23T01:43:30Z [SAFETY-MON][INFO] robot-arm-04: conveyor speed: 936 rpm
2026-05-23T01:43:45Z [VISION-SYS][INFO] robot-arm-04: encoder read: pos=196.24
2026-05-23T01:44:00Z [SAFETY-MON][INFO] robot-arm-04: conveyor speed: 873 rpm
2026-05-23T01:44:15Z [CONVEYOR][INFO] robot-arm-04: joint load within bounds
2026-05-23T01:44:30Z [SAFETY-MON][WARN] robot-arm-04: cycle count: 1210367
2026-05-23T01:44:45Z [VISION-SYS][INFO] robot-arm-04: lubrication pump cycle complete
2026-05-23T01:45:00Z [LUBRICATION][INFO] robot-arm-04: vision inspection pass
2026-05-23T01:45:15Z [SAFETY-MON][INFO] robot-arm-04: cycle count: 1286476
2026-05-23T01:45:30Z [CONVEYOR][INFO] robot-arm-04: vision inspection pass
2026-05-23T01:45:45Z [SAFETY-MON][ERROR] robot-arm-04: conveyor speed: 830 rpm
2026-05-23T01:46:00Z [VISION-SYS][ERROR] robot-arm-04: encoder read: pos=3.79
2026-05-23T01:46:15Z [CONVEYOR][ERROR] robot-arm-04: joint load within bounds
2026-05-23T01:46:30Z [MOTOR-DRV][INFO] robot-arm-04: servo response time: 15 ms
2026-05-23T01:46:45Z [VISION-SYS][WARN] robot-arm-04: conveyor speed: 806 rpm
2026-05-23T01:47:00Z [PLC-CTRL][INFO] robot-arm-04: motion cycle complete
2026-05-23T01:47:15Z [LUBRICATION][INFO] robot-arm-04: conveyor speed: 809 rpm
2026-05-23T01:47:30Z [MOTOR-DRV][WARN] robot-arm-04: lubrication pump cycle complete
2026-05-23T01:47:45Z [SAFETY-MON][WARN] robot-arm-04: conveyor speed: 840 rpm
2026-05-23T01:48:00Z [CONVEYOR][ERROR] robot-arm-04: temperature nominal: 55.0 C
2026-05-23T01:48:15Z [PLC-CTRL][INFO] robot-arm-04: encoder read: pos=118.79
2026-05-23T01:48:30Z [MOTOR-DRV][WARN] robot-arm-04: temperature nominal: 59.4 C
2026-05-23T01:48:45Z [MOTOR-DRV][ERROR] robot-arm-04: joint load within bounds
2026-05-23T01:49:00Z [PLC-CTRL][WARN] robot-arm-04: vision inspection pass
2026-05-23T01:49:15Z [LUBRICATION][WARN] robot-arm-04: servo response time: 6 ms
2026-05-23T01:49:30Z [PLC-CTRL][INFO] robot-arm-04: joint load within bounds
2026-05-23T01:49:45Z [VISION-SYS][INFO] robot-arm-04: encoder read: pos=198.08
2026-05-23T01:50:00Z [CONVEYOR][INFO] robot-arm-04: cycle count: 1178921
2026-05-23T01:50:15Z [SAFETY-MON][INFO] robot-arm-04: conveyor speed: 1110 rpm
2026-05-23T01:50:30Z [VISION-SYS][INFO] robot-arm-04: cycle count: 1171459
2026-05-23T01:50:45Z [SAFETY-MON][INFO] robot-arm-04: cycle count: 1069853
2026-05-23T01:51:00Z [PLC-CTRL][WARN] robot-arm-04: conveyor speed: 929 rpm
2026-05-23T01:51:15Z [VISION-SYS][INFO] robot-arm-04: conveyor speed: 940 rpm
2026-05-23T01:51:30Z [CONVEYOR][ERROR] robot-arm-04: vision inspection pass
2026-05-23T01:51:45Z [SAFETY-MON][INFO] robot-arm-04: servo response time: 3 ms
2026-05-23T01:52:00Z [VISION-SYS][INFO] robot-arm-04: lubrication pump cycle complete
2026-05-23T01:52:15Z [LUBRICATION][WARN] robot-arm-04: joint load within bounds
2026-05-23T01:52:30Z [VISION-SYS][WARN] robot-arm-04: motion cycle complete
2026-05-23T01:52:45Z [CONVEYOR][WARN] robot-arm-04: servo response time: 12 ms
2026-05-23T01:53:00Z [VISION-SYS][INFO] robot-arm-04: conveyor speed: 984 rpm
2026-05-23T01:53:15Z [MOTOR-DRV][INFO] robot-arm-04: lubrication pump cycle complete
2026-05-23T01:53:30Z [MOTOR-DRV][INFO] robot-arm-04: lubrication pump cycle complete
2026-05-23T01:53:45Z [CONVEYOR][WARN] robot-arm-04: motion cycle complete
2026-05-23T01:54:00Z [CONVEYOR][INFO] robot-arm-04: heartbeat OK
2026-05-23T01:54:15Z [VISION-SYS][INFO] robot-arm-04: temperature nominal: 47.9 C
2026-05-23T01:54:30Z [CONVEYOR][INFO] robot-arm-04: lubrication pump cycle complete
2026-05-23T01:54:45Z [MOTOR-DRV][INFO] robot-arm-04: cycle count: 1071675
2026-05-23T01:55:00Z [CONVEYOR][ERROR] robot-arm-04: conveyor speed: 986 rpm
2026-05-23T01:55:15Z [LUBRICATION][WARN] robot-arm-04: lubrication pump cycle complete
2026-05-23T01:55:30Z [CONVEYOR][ERROR] robot-arm-04: lubrication pump cycle complete
2026-05-23T01:55:45Z [MOTOR-DRV][INFO] robot-arm-04: servo response time: 6 ms
2026-05-23T01:56:00Z [LUBRICATION][INFO] robot-arm-04: encoder read: pos=287.03
2026-05-23T01:56:15Z [LUBRICATION][WARN] robot-arm-04: heartbeat OK
2026-05-23T01:56:30Z [LUBRICATION][INFO] robot-arm-04: joint load within bounds
2026-05-23T01:56:45Z [SAFETY-MON][INFO] robot-arm-04: encoder read: pos=96.32
2026-05-23T01:57:00Z [CONVEYOR][ERROR] robot-arm-04: conveyor speed: 865 rpm
2026-05-23T01:57:15Z [VISION-SYS][INFO] robot-arm-04: encoder read: pos=249.47
2026-05-23T01:57:30Z [MOTOR-DRV][ERROR] robot-arm-04: encoder read: pos=149.01
2026-05-23T01:57:45Z [CONVEYOR][WARN] robot-arm-04: lubrication pump cycle complete
2026-05-23T01:58:00Z [PLC-CTRL][INFO] robot-arm-04: temperature nominal: 53.4 C
2026-05-23T01:58:15Z [CONVEYOR][INFO] robot-arm-04: cycle count: 1213278
2026-05-23T01:58:30Z [MOTOR-DRV][INFO] robot-arm-04: encoder read: pos=257.33
2026-05-23T01:58:45Z [PLC-CTRL][WARN] robot-arm-04: heartbeat OK
2026-05-23T01:59:00Z [PLC-CTRL][INFO] robot-arm-04: conveyor speed: 1100 rpm
2026-05-23T01:59:15Z [LUBRICATION][ERROR] robot-arm-04: joint load within bounds
2026-05-23T01:59:30Z [SAFETY-MON][INFO] robot-arm-04: encoder read: pos=181.17
2026-05-23T01:59:45Z [PLC-CTRL][WARN] robot-arm-04: vision inspection pass
2026-05-23T02:00:00Z [MOTOR-DRV][INFO] robot-arm-04: temperature nominal: 34.6 C
2026-05-23T02:00:15Z [VISION-SYS][INFO] robot-arm-04: conveyor speed: 881 rpm
2026-05-23T02:00:30Z [CONVEYOR][WARN] robot-arm-04: vision inspection pass
2026-05-23T02:00:45Z [VISION-SYS][INFO] robot-arm-04: temperature nominal: 82.9 C
2026-05-23T02:01:00Z [LUBRICATION][ERROR] robot-arm-04: cycle count: 1293085
2026-05-23T02:01:15Z [CONVEYOR][WARN] robot-arm-04: motion cycle complete
2026-05-23T02:01:30Z [MOTOR-DRV][ERROR] robot-arm-04: temperature nominal: 27.5 C
2026-05-23T02:01:45Z [PLC-CTRL][INFO] robot-arm-04: servo response time: 7 ms
2026-05-23T02:02:00Z [PLC-CTRL][INFO] robot-arm-04: temperature nominal: 61.7 C
2026-05-23T02:02:15Z [MOTOR-DRV][WARN] robot-arm-04: heartbeat OK
2026-05-23T02:02:30Z [CONVEYOR][INFO] robot-arm-04: joint load within bounds
2026-05-23T02:02:45Z [SAFETY-MON][ERROR] robot-arm-04: conveyor speed: 1003 rpm
2026-05-23T02:03:00Z [PLC-CTRL][WARN] robot-arm-04: lubrication pump cycle complete
2026-05-23T02:03:15Z [VISION-SYS][INFO] robot-arm-04: conveyor speed: 1049 rpm
2026-05-23T02:03:30Z [MOTOR-DRV][INFO] robot-arm-04: encoder read: pos=201.47
2026-05-23T02:03:45Z [SAFETY-MON][WARN] robot-arm-04: vision inspection pass
2026-05-23T02:04:00Z [CONVEYOR][ERROR] robot-arm-04: servo response time: 3 ms
2026-05-23T02:04:15Z [LUBRICATION][ERROR] robot-arm-04: lubrication pump cycle complete
2026-05-23T02:04:30Z [SAFETY-MON][INFO] robot-arm-04: motion cycle complete
2026-05-23T02:04:45Z [VISION-SYS][WARN] robot-arm-04: conveyor speed: 1079 rpm
2026-05-23T02:05:00Z [CONVEYOR][WARN] robot-arm-04: motion cycle complete
2026-05-23T02:05:15Z [SAFETY-MON][INFO] robot-arm-04: heartbeat OK
2026-05-23T02:05:30Z [PLC-CTRL][WARN] robot-arm-04: heartbeat OK
2026-05-23T02:05:45Z [PLC-CTRL][WARN] robot-arm-04: cycle count: 1295896
2026-05-23T02:06:00Z [PLC-CTRL][WARN] robot-arm-04: servo response time: 16 ms
2026-05-23T02:06:15Z [CONVEYOR][WARN] robot-arm-04: lubrication pump cycle complete
2026-05-23T02:06:30Z [PLC-CTRL][INFO] robot-arm-04: conveyor speed: 868 rpm
2026-05-23T02:06:45Z [PLC-CTRL][INFO] robot-arm-04: vision inspection pass
2026-05-23T02:07:00Z [PLC-CTRL][INFO] robot-arm-04: lubrication pump cycle complete
2026-05-23T02:07:15Z [SAFETY-MON][INFO] robot-arm-04: heartbeat OK
2026-05-23T02:07:30Z [LUBRICATION][INFO] robot-arm-04: servo response time: 18 ms
2026-05-23T02:07:45Z [PLC-CTRL][ERROR] robot-arm-04: conveyor speed: 1167 rpm
2026-05-23T02:08:00Z [MOTOR-DRV][INFO] robot-arm-04: cycle count: 1126881
2026-05-23T02:08:15Z [SAFETY-MON][ERROR] robot-arm-04: cycle count: 1127156
2026-05-23T02:08:30Z [VISION-SYS][INFO] robot-arm-04: lubrication pump cycle complete
2026-05-23T02:08:45Z [SAFETY-MON][WARN] robot-arm-04: heartbeat OK
2026-05-23T02:09:00Z [VISION-SYS][INFO] robot-arm-04: servo response time: 7 ms
2026-05-23T02:09:15Z [VISION-SYS][INFO] robot-arm-04: motion cycle complete
2026-05-23T02:09:30Z [CONVEYOR][WARN] robot-arm-04: servo response time: 14 ms
2026-05-23T02:09:45Z [VISION-SYS][WARN] robot-arm-04: heartbeat OK
2026-05-23T02:10:00Z [VISION-SYS][INFO] robot-arm-04: vision inspection pass
2026-05-23T02:10:15Z [LUBRICATION][INFO] robot-arm-04: lubrication pump cycle complete
2026-05-23T02:10:30Z [VISION-SYS][INFO] robot-arm-04: joint load within bounds
2026-05-23T02:10:45Z [MOTOR-DRV][WARN] robot-arm-04: conveyor speed: 936 rpm
2026-05-23T02:11:00Z [VISION-SYS][ERROR] robot-arm-04: servo response time: 2 ms
2026-05-23T02:11:15Z [SAFETY-MON][WARN] robot-arm-04: lubrication pump cycle complete
2026-05-23T02:11:30Z [MOTOR-DRV][WARN] robot-arm-04: motion cycle complete
2026-05-23T02:11:45Z [CONVEYOR][INFO] robot-arm-04: temperature nominal: 58.1 C
2026-05-23T02:12:00Z [CONVEYOR][INFO] robot-arm-04: cycle count: 1212546
2026-05-23T02:12:15Z [PLC-CTRL][INFO] robot-arm-04: vision inspection pass
2026-05-23T02:12:30Z [VISION-SYS][INFO] robot-arm-04: temperature nominal: 32.8 C
2026-05-23T02:12:45Z [SAFETY-MON][INFO] robot-arm-04: lubrication pump cycle complete
2026-05-23T02:13:00Z [SAFETY-MON][INFO] robot-arm-04: motion cycle complete
2026-05-23T02:13:15Z [SAFETY-MON][INFO] robot-arm-04: heartbeat OK
2026-05-23T02:13:30Z [MOTOR-DRV][ERROR] robot-arm-04: lubrication pump cycle complete
2026-05-23T02:13:45Z [PLC-CTRL][WARN] robot-arm-04: lubrication pump cycle complete
2026-05-23T02:14:00Z [LUBRICATION][INFO] robot-arm-04: conveyor speed: 1155 rpm
2026-05-23T02:14:15Z [VISION-SYS][WARN] robot-arm-04: heartbeat OK
2026-05-23T02:14:30Z [MOTOR-DRV][ERROR] robot-arm-04: cycle count: 1024649
2026-05-23T02:14:30Z [MOTOR-DRV][WARN] robot-arm-04: torque rising above nominal: 118.2 Nm — approaching threshold 120.0
2026-05-23T02:14:37Z [PLC-CTRL][ERROR] robot-arm-04: ALARM E-0211 TRIGGERED — torque overshoot detected. torque=148.7 Nm, threshold=120.0 Nm, joint=GRIPPER#3
2026-05-23T02:14:45Z [SAFETY-MON][INFO] robot-arm-04: encoder read: pos=234.67
2026-05-23T02:15:00Z [SAFETY-MON][INFO] robot-arm-04: heartbeat OK
2026-05-23T02:15:15Z [SAFETY-MON][WARN] robot-arm-04: heartbeat OK
2026-05-23T02:15:30Z [VISION-SYS][INFO] robot-arm-04: motion cycle complete
2026-05-23T02:15:45Z [LUBRICATION][ERROR] robot-arm-04: lubrication pump cycle complete
2026-05-23T02:16:00Z [MOTOR-DRV][WARN] robot-arm-04: lubrication pump cycle complete
2026-05-23T02:16:15Z [CONVEYOR][WARN] robot-arm-04: temperature nominal: 52.2 C
2026-05-23T02:16:30Z [PLC-CTRL][WARN] robot-arm-04: conveyor speed: 916 rpm
2026-05-23T02:16:45Z [CONVEYOR][WARN] robot-arm-04: cycle count: 1045854
2026-05-23T02:17:00Z [MOTOR-DRV][INFO] robot-arm-04: heartbeat OK
2026-05-23T02:17:15Z [VISION-SYS][WARN] robot-arm-04: lubrication pump cycle complete
2026-05-23T02:17:30Z [PLC-CTRL][WARN] robot-arm-04: servo response time: 7 ms
2026-05-23T02:17:45Z [MOTOR-DRV][INFO] robot-arm-04: encoder read: pos=201.30
2026-05-23T02:18:00Z [CONVEYOR][INFO] robot-arm-04: vision inspection pass
2026-05-23T02:18:15Z [SAFETY-MON][ERROR] robot-arm-04: encoder read: pos=168.52
2026-05-23T02:18:30Z [PLC-CTRL][INFO] robot-arm-04: motion cycle complete
2026-05-23T02:18:45Z [LUBRICATION][INFO] robot-arm-04: servo response time: 18 ms
2026-05-23T02:19:00Z [MOTOR-DRV][WARN] robot-arm-04: encoder read: pos=247.22
2026-05-23T02:19:15Z [SAFETY-MON][INFO] robot-arm-04: cycle count: 1288419
2026-05-23T02:19:30Z [PLC-CTRL][INFO] robot-arm-04: heartbeat OK
2026-05-23T02:19:45Z [VISION-SYS][INFO] robot-arm-04: cycle count: 1219482
2026-05-23T02:20:00Z [LUBRICATION][WARN] robot-arm-04: conveyor speed: 1062 rpm
2026-05-23T02:20:15Z [SAFETY-MON][INFO] robot-arm-04: servo response time: 2 ms
2026-05-23T02:20:30Z [LUBRICATION][INFO] robot-arm-04: temperature nominal: 27.5 C
2026-05-23T02:20:45Z [MOTOR-DRV][INFO] robot-arm-04: servo response time: 7 ms
2026-05-23T02:21:00Z [SAFETY-MON][ERROR] robot-arm-04: lubrication pump cycle complete
2026-05-23T02:21:15Z [PLC-CTRL][INFO] robot-arm-04: conveyor speed: 1176 rpm
2026-05-23T02:21:30Z [MOTOR-DRV][ERROR] robot-arm-04: cycle count: 1050900
2026-05-23T02:21:45Z [MOTOR-DRV][ERROR] robot-arm-04: cycle count: 1083434
2026-05-23T02:22:00Z [CONVEYOR][WARN] robot-arm-04: cycle count: 1059314
2026-05-23T02:22:15Z [PLC-CTRL][INFO] robot-arm-04: heartbeat OK
2026-05-23T02:22:30Z [CONVEYOR][WARN] robot-arm-04: joint load within bounds
2026-05-23T02:22:45Z [MOTOR-DRV][WARN] robot-arm-04: joint load within bounds
2026-05-23T02:23:00Z [PLC-CTRL][WARN] robot-arm-04: servo response time: 11 ms
2026-05-23T02:23:15Z [MOTOR-DRV][WARN] robot-arm-04: heartbeat OK
2026-05-23T02:23:30Z [VISION-SYS][WARN] robot-arm-04: motion cycle complete
2026-05-23T02:23:45Z [PLC-CTRL][INFO] robot-arm-04: conveyor speed: 1027 rpm
2026-05-23T02:24:00Z [PLC-CTRL][WARN] robot-arm-04: joint load within bounds
2026-05-23T02:24:15Z [VISION-SYS][WARN] robot-arm-04: joint load within bounds
2026-05-23T02:24:30Z [SAFETY-MON][WARN] robot-arm-04: servo response time: 15 ms
2026-05-23T02:24:45Z [VISION-SYS][INFO] robot-arm-04: conveyor speed: 886 rpm
2026-05-23T02:25:00Z [PLC-CTRL][WARN] robot-arm-04: lubrication pump cycle complete
2026-05-23T02:25:15Z [PLC-CTRL][INFO] robot-arm-04: temperature nominal: 84.3 C
2026-05-23T02:25:30Z [SAFETY-MON][ERROR] robot-arm-04: vision inspection pass
2026-05-23T02:25:45Z [MOTOR-DRV][ERROR] robot-arm-04: conveyor speed: 884 rpm
2026-05-23T02:26:00Z [PLC-CTRL][INFO] robot-arm-04: vision inspection pass
2026-05-23T02:26:15Z [MOTOR-DRV][WARN] robot-arm-04: conveyor speed: 1130 rpm
2026-05-23T02:26:30Z [CONVEYOR][WARN] robot-arm-04: temperature nominal: 60.1 C
2026-05-23T02:26:45Z [SAFETY-MON][WARN] robot-arm-04: lubrication pump cycle complete
2026-05-23T02:27:00Z [VISION-SYS][ERROR] robot-arm-04: joint load within bounds
2026-05-23T02:27:15Z [SAFETY-MON][WARN] robot-arm-04: temperature nominal: 31.4 C
2026-05-23T02:27:30Z [SAFETY-MON][INFO] robot-arm-04: servo response time: 8 ms
2026-05-23T02:27:45Z [SAFETY-MON][INFO] robot-arm-04: vision inspection pass
2026-05-23T02:28:00Z [LUBRICATION][WARN] robot-arm-04: encoder read: pos=160.14
2026-05-23T02:28:15Z [VISION-SYS][ERROR] robot-arm-04: cycle count: 1031024
2026-05-23T02:28:30Z [CONVEYOR][INFO] robot-arm-04: heartbeat OK
2026-05-23T02:28:45Z [CONVEYOR][WARN] robot-arm-04: conveyor speed: 1087 rpm
2026-05-23T02:29:00Z [SAFETY-MON][WARN] robot-arm-04: temperature nominal: 84.0 C
2026-05-23T02:29:15Z [LUBRICATION][WARN] robot-arm-04: lubrication pump cycle complete
2026-05-23T02:29:30Z [SAFETY-MON][ERROR] robot-arm-04: servo response time: 18 ms
2026-05-23T02:29:45Z [SAFETY-MON][INFO] robot-arm-04: vision inspection pass
2026-05-23T02:30:00Z [CONVEYOR][INFO] robot-arm-04: heartbeat OK
2026-05-23T02:30:15Z [VISION-SYS][WARN] robot-arm-04: vision inspection pass
2026-05-23T02:30:30Z [VISION-SYS][WARN] robot-arm-04: conveyor speed: 924 rpm
2026-05-23T02:30:45Z [CONVEYOR][WARN] robot-arm-04: vision inspection pass
2026-05-23T02:31:00Z [SAFETY-MON][ERROR] robot-arm-04: heartbeat OK
2026-05-23T02:31:15Z [PLC-CTRL][INFO] robot-arm-04: temperature nominal: 31.4 C
2026-05-23T02:31:30Z [CONVEYOR][WARN] robot-arm-04: cycle count: 1082468
2026-05-23T02:31:45Z [VISION-SYS][WARN] robot-arm-04: temperature nominal: 44.3 C
2026-05-23T02:32:00Z [CONVEYOR][INFO] robot-arm-04: motion cycle complete
2026-05-23T02:32:15Z [PLC-CTRL][INFO] robot-arm-04: vision inspection pass
2026-05-23T02:32:30Z [PLC-CTRL][WARN] robot-arm-04: servo response time: 13 ms
2026-05-23T02:32:45Z [LUBRICATION][WARN] robot-arm-04: motion cycle complete
2026-05-23T02:33:00Z [VISION-SYS][INFO] robot-arm-04: conveyor speed: 959 rpm
2026-05-23T02:33:15Z [PLC-CTRL][INFO] robot-arm-04: motion cycle complete
2026-05-23T02:33:30Z [SAFETY-MON][ERROR] robot-arm-04: encoder read: pos=165.93
2026-05-23T02:33:45Z [VISION-SYS][INFO] robot-arm-04: motion cycle complete
2026-05-23T02:34:00Z [MOTOR-DRV][WARN] robot-arm-04: cycle count: 1178720
2026-05-23T02:34:15Z [CONVEYOR][INFO] robot-arm-04: motion cycle complete
2026-05-23T02:34:30Z [PLC-CTRL][INFO] robot-arm-04: temperature nominal: 29.7 C
2026-05-23T02:34:45Z [VISION-SYS][INFO] robot-arm-04: lubrication pump cycle complete
2026-05-23T02:35:00Z [VISION-SYS][INFO] robot-arm-04: motion cycle complete
2026-05-23T02:35:15Z [PLC-CTRL][ERROR] robot-arm-04: cycle count: 1221796
2026-05-23T02:35:30Z [PLC-CTRL][WARN] robot-arm-04: cycle count: 1032160
2026-05-23T02:35:45Z [VISION-SYS][WARN] robot-arm-04: conveyor speed: 1182 rpm
2026-05-23T02:36:00Z [PLC-CTRL][INFO] robot-arm-04: vision inspection pass
2026-05-23T02:36:15Z [MOTOR-DRV][WARN] robot-arm-04: motion cycle complete
2026-05-23T02:36:30Z [SAFETY-MON][ERROR] robot-arm-04: lubrication pump cycle complete
2026-05-23T02:36:45Z [CONVEYOR][INFO] robot-arm-04: vision inspection pass
2026-05-23T02:37:00Z [PLC-CTRL][INFO] robot-arm-04: encoder read: pos=3.95
2026-05-23T02:37:15Z [MOTOR-DRV][WARN] robot-arm-04: servo response time: 11 ms
2026-05-23T02:37:30Z [SAFETY-MON][WARN] robot-arm-04: motion cycle complete
2026-05-23T02:37:45Z [LUBRICATION][INFO] robot-arm-04: conveyor speed: 1185 rpm
2026-05-23T02:38:00Z [PLC-CTRL][WARN] robot-arm-04: motion cycle complete
2026-05-23T02:38:15Z [CONVEYOR][WARN] robot-arm-04: joint load within bounds
2026-05-23T02:38:30Z [SAFETY-MON][WARN] robot-arm-04: servo response time: 11 ms
2026-05-23T02:38:45Z [MOTOR-DRV][ERROR] robot-arm-04: servo response time: 18 ms
2026-05-23T02:39:00Z [MOTOR-DRV][WARN] robot-arm-04: vision inspection pass
2026-05-23T02:39:15Z [SAFETY-MON][INFO] robot-arm-04: lubrication pump cycle complete
2026-05-23T02:39:30Z [CONVEYOR][INFO] robot-arm-04: lubrication pump cycle complete
2026-05-23T02:39:45Z [VISION-SYS][INFO] robot-arm-04: vision inspection pass
2026-05-23T02:40:00Z [LUBRICATION][INFO] robot-arm-04: temperature nominal: 66.0 C
2026-05-23T02:40:15Z [LUBRICATION][WARN] robot-arm-04: cycle count: 1085448
2026-05-23T02:40:30Z [SAFETY-MON][WARN] robot-arm-04: joint load within bounds
2026-05-23T02:40:45Z [SAFETY-MON][INFO] robot-arm-04: motion cycle complete
2026-05-23T02:41:00Z [CONVEYOR][INFO] robot-arm-04: heartbeat OK
2026-05-23T02:41:15Z [MOTOR-DRV][WARN] robot-arm-04: servo response time: 12 ms
2026-05-23T02:41:30Z [LUBRICATION][INFO] robot-arm-04: motion cycle complete
2026-05-23T02:41:45Z [LUBRICATION][INFO] robot-arm-04: vision inspection pass
2026-05-23T02:42:00Z [LUBRICATION][WARN] robot-arm-04: servo response time: 16 ms
2026-05-23T02:42:15Z [CONVEYOR][WARN] robot-arm-04: motion cycle complete
2026-05-23T02:42:30Z [SAFETY-MON][WARN] robot-arm-04: cycle count: 1170099
2026-05-23T02:42:45Z [CONVEYOR][WARN] robot-arm-04: conveyor speed: 807 rpm
2026-05-23T02:43:00Z [SAFETY-MON][WARN] robot-arm-04: conveyor speed: 928 rpm
2026-05-23T02:43:15Z [VISION-SYS][INFO] robot-arm-04: conveyor speed: 1011 rpm
2026-05-23T02:43:30Z [VISION-SYS][INFO] robot-arm-04: servo response time: 2 ms
2026-05-23T02:43:45Z [LUBRICATION][INFO] robot-arm-04: lubrication pump cycle complete
2026-05-23T02:44:00Z [CONVEYOR][INFO] robot-arm-04: motion cycle complete
2026-05-23T02:44:15Z [SAFETY-MON][WARN] robot-arm-04: joint load within bounds
2026-05-23T02:44:30Z [VISION-SYS][INFO] robot-arm-04: joint load within bounds
2026-05-23T02:44:45Z [PLC-CTRL][INFO] robot-arm-04: temperature nominal: 23.7 C
2026-05-23T02:45:00Z [MOTOR-DRV][INFO] robot-arm-04: heartbeat OK
2026-05-23T02:45:15Z [LUBRICATION][INFO] robot-arm-04: servo response time: 16 ms
2026-05-23T02:45:30Z [PLC-CTRL][ERROR] robot-arm-04: servo response time: 18 ms
2026-05-23T02:45:45Z [LUBRICATION][WARN] robot-arm-04: heartbeat OK
2026-05-23T02:46:00Z [SAFETY-MON][INFO] robot-arm-04: motion cycle complete
2026-05-23T02:46:15Z [VISION-SYS][INFO] robot-arm-04: motion cycle complete
2026-05-23T02:46:30Z [LUBRICATION][INFO] robot-arm-04: motion cycle complete
2026-05-23T02:46:45Z [PLC-CTRL][WARN] robot-arm-04: vision inspection pass
2026-05-23T02:47:00Z [PLC-CTRL][INFO] robot-arm-04: cycle count: 1294571
2026-05-23T02:47:15Z [LUBRICATION][INFO] robot-arm-04: joint load within bounds
2026-05-23T02:47:30Z [VISION-SYS][INFO] robot-arm-04: lubrication pump cycle complete
2026-05-23T02:47:45Z [LUBRICATION][WARN] robot-arm-04: temperature nominal: 80.5 C
2026-05-23T02:48:00Z [VISION-SYS][INFO] robot-arm-04: encoder read: pos=96.29
2026-05-23T02:48:15Z [CONVEYOR][INFO] robot-arm-04: servo response time: 14 ms
2026-05-23T02:48:30Z [LUBRICATION][INFO] robot-arm-04: motion cycle complete
2026-05-23T02:48:45Z [VISION-SYS][WARN] robot-arm-04: vision inspection pass
2026-05-23T02:49:00Z [VISION-SYS][WARN] robot-arm-04: encoder read: pos=282.39
2026-05-23T02:49:15Z [SAFETY-MON][INFO] robot-arm-04: encoder read: pos=154.71
2026-05-23T02:49:30Z [SAFETY-MON][ERROR] robot-arm-04: cycle count: 1274655
2026-05-23T02:49:45Z [CONVEYOR][INFO] robot-arm-04: temperature nominal: 40.9 C
2026-05-23T02:50:00Z [LUBRICATION][INFO] robot-arm-04: heartbeat OK
2026-05-23T02:50:15Z [PLC-CTRL][INFO] robot-arm-04: cycle count: 1202444
2026-05-23T02:50:30Z [PLC-CTRL][INFO] robot-arm-04: vision inspection pass
2026-05-23T02:50:45Z [PLC-CTRL][INFO] robot-arm-04: conveyor speed: 1095 rpm
2026-05-23T02:51:00Z [LUBRICATION][INFO] robot-arm-04: joint load within bounds
2026-05-23T02:51:15Z [CONVEYOR][INFO] robot-arm-04: temperature nominal: 42.1 C
2026-05-23T02:51:30Z [PLC-CTRL][INFO] robot-arm-04: lubrication pump cycle complete
2026-05-23T02:51:45Z [CONVEYOR][INFO] robot-arm-04: lubrication pump cycle complete
2026-05-23T02:52:00Z [PLC-CTRL][ERROR] robot-arm-04: temperature nominal: 50.2 C
2026-05-23T02:52:15Z [SAFETY-MON][INFO] robot-arm-04: encoder read: pos=53.88
2026-05-23T02:52:30Z [CONVEYOR][INFO] robot-arm-04: motion cycle complete
2026-05-23T02:52:45Z [VISION-SYS][INFO] robot-arm-04: servo response time: 17 ms
2026-05-23T02:53:00Z [SAFETY-MON][INFO] robot-arm-04: temperature nominal: 69.4 C
2026-05-23T02:53:15Z [SAFETY-MON][WARN] robot-arm-04: motion cycle complete
2026-05-23T02:53:30Z [LUBRICATION][WARN] robot-arm-04: encoder read: pos=224.36
2026-05-23T02:53:45Z [SAFETY-MON][WARN] robot-arm-04: heartbeat OK
2026-05-23T02:54:00Z [CONVEYOR][INFO] robot-arm-04: temperature nominal: 66.7 C
2026-05-23T02:54:15Z [VISION-SYS][ERROR] robot-arm-04: heartbeat OK
2026-05-23T02:54:30Z [SAFETY-MON][INFO] robot-arm-04: joint load within bounds
2026-05-23T02:54:45Z [VISION-SYS][WARN] robot-arm-04: motion cycle complete
2026-05-23T02:55:00Z [MOTOR-DRV][INFO] robot-arm-04: motion cycle complete
2026-05-23T02:55:15Z [SAFETY-MON][ERROR] robot-arm-04: vision inspection pass
2026-05-23T02:55:30Z [PLC-CTRL][WARN] robot-arm-04: conveyor speed: 945 rpm
2026-05-23T02:55:45Z [SAFETY-MON][INFO] robot-arm-04: heartbeat OK
2026-05-23T02:56:00Z [PLC-CTRL][INFO] robot-arm-04: vision inspection pass
2026-05-23T02:56:15Z [PLC-CTRL][INFO] robot-arm-04: temperature nominal: 80.9 C
2026-05-23T02:56:30Z [PLC-CTRL][INFO] robot-arm-04: conveyor speed: 903 rpm
2026-05-23T02:56:45Z [PLC-CTRL][ERROR] robot-arm-04: conveyor speed: 848 rpm
2026-05-23T02:57:00Z [SAFETY-MON][WARN] robot-arm-04: lubrication pump cycle complete
2026-05-23T02:57:15Z [VISION-SYS][ERROR] robot-arm-04: conveyor speed: 1076 rpm
2026-05-23T02:57:30Z [LUBRICATION][WARN] robot-arm-04: temperature nominal: 22.8 C
2026-05-23T02:57:45Z [LUBRICATION][WARN] robot-arm-04: cycle count: 1256164
2026-05-23T02:58:00Z [LUBRICATION][WARN] robot-arm-04: heartbeat OK
2026-05-23T02:58:15Z [LUBRICATION][ERROR] robot-arm-04: conveyor speed: 985 rpm
2026-05-23T02:58:30Z [MOTOR-DRV][WARN] robot-arm-04: joint load within bounds
2026-05-23T02:58:45Z [CONVEYOR][ERROR] robot-arm-04: lubrication pump cycle complete
2026-05-23T02:59:00Z [SAFETY-MON][WARN] robot-arm-04: lubrication pump cycle complete
2026-05-23T02:59:15Z [PLC-CTRL][ERROR] robot-arm-04: heartbeat OK
2026-05-23T02:59:30Z [VISION-SYS][WARN] robot-arm-04: heartbeat OK
2026-05-23T02:59:45Z [LUBRICATION][WARN] robot-arm-04: heartbeat OK
2026-05-23T03:00:00Z [VISION-SYS][INFO] robot-arm-04: cycle count: 1211517
2026-05-23T03:00:15Z [PLC-CTRL][ERROR] robot-arm-04: conveyor speed: 862 rpm
2026-05-23T03:00:30Z [SAFETY-MON][INFO] robot-arm-04: temperature nominal: 47.5 C
2026-05-23T03:00:45Z [LUBRICATION][INFO] robot-arm-04: joint load within bounds
2026-05-23T03:01:00Z [MOTOR-DRV][WARN] robot-arm-04: heartbeat OK
2026-05-23T03:01:15Z [PLC-CTRL][INFO] robot-arm-04: lubrication pump cycle complete
2026-05-23T03:01:30Z [VISION-SYS][INFO] robot-arm-04: encoder read: pos=141.75
2026-05-23T03:01:45Z [LUBRICATION][INFO] robot-arm-04: temperature nominal: 65.6 C
2026-05-23T03:02:00Z [SAFETY-MON][INFO] robot-arm-04: joint load within bounds
2026-05-23T03:02:15Z [VISION-SYS][INFO] robot-arm-04: vision inspection pass
2026-05-23T03:02:30Z [VISION-SYS][WARN] robot-arm-04: vision inspection pass
2026-05-23T03:02:45Z [MOTOR-DRV][INFO] robot-arm-04: vision inspection pass
2026-05-23T03:03:00Z [VISION-SYS][INFO] robot-arm-04: temperature nominal: 59.5 C
2026-05-23T03:03:15Z [LUBRICATION][WARN] robot-arm-04: servo response time: 17 ms
2026-05-23T03:03:30Z [SAFETY-MON][INFO] robot-arm-04: temperature nominal: 67.6 C
2026-05-23T03:03:45Z [LUBRICATION][INFO] robot-arm-04: lubrication pump cycle complete
2026-05-23T03:04:00Z [PLC-CTRL][INFO] robot-arm-04: joint load within bounds
2026-05-23T03:04:15Z [MOTOR-DRV][INFO] robot-arm-04: cycle count: 1092175
2026-05-23T03:04:30Z [MOTOR-DRV][ERROR] robot-arm-04: temperature nominal: 80.5 C
2026-05-23T03:04:45Z [CONVEYOR][WARN] robot-arm-04: cycle count: 1238375
2026-05-23T03:05:00Z [PLC-CTRL][INFO] robot-arm-04: joint load within bounds
2026-05-23T03:05:15Z [LUBRICATION][INFO] robot-arm-04: heartbeat OK
2026-05-23T03:05:30Z [SAFETY-MON][WARN] robot-arm-04: conveyor speed: 1156 rpm
2026-05-23T03:05:45Z [PLC-CTRL][WARN] robot-arm-04: lubrication pump cycle complete
2026-05-23T03:06:00Z [CONVEYOR][WARN] robot-arm-04: conveyor speed: 1014 rpm
2026-05-23T03:06:15Z [PLC-CTRL][INFO] robot-arm-04: joint load within bounds
2026-05-23T03:06:30Z [PLC-CTRL][ERROR] robot-arm-04: heartbeat OK
2026-05-23T03:06:45Z [CONVEYOR][INFO] robot-arm-04: temperature nominal: 81.6 C
2026-05-23T03:07:00Z [CONVEYOR][INFO] robot-arm-04: temperature nominal: 37.2 C
2026-05-23T03:07:15Z [LUBRICATION][INFO] robot-arm-04: heartbeat OK
2026-05-23T03:07:30Z [LUBRICATION][INFO] robot-arm-04: encoder read: pos=203.67
2026-05-23T03:07:45Z [SAFETY-MON][WARN] robot-arm-04: joint load within bounds
2026-05-23T03:08:00Z [VISION-SYS][WARN] robot-arm-04: motion cycle complete
2026-05-23T03:08:15Z [CONVEYOR][INFO] robot-arm-04: joint load within bounds
2026-05-23T03:08:30Z [SAFETY-MON][WARN] robot-arm-04: heartbeat OK
2026-05-23T03:08:45Z [MOTOR-DRV][WARN] robot-arm-04: motion cycle complete
2026-05-23T03:09:00Z [CONVEYOR][INFO] robot-arm-04: vision inspection pass
2026-05-23T03:09:15Z [CONVEYOR][ERROR] robot-arm-04: heartbeat OK
2026-05-23T03:09:30Z [LUBRICATION][WARN] robot-arm-04: heartbeat OK
2026-05-23T03:09:45Z [PLC-CTRL][INFO] robot-arm-04: heartbeat OK
2026-05-23T03:10:00Z [LUBRICATION][INFO] robot-arm-04: conveyor speed: 1124 rpm
2026-05-23T03:10:15Z [MOTOR-DRV][INFO] robot-arm-04: heartbeat OK
2026-05-23T03:10:30Z [VISION-SYS][INFO] robot-arm-04: heartbeat OK
2026-05-23T03:10:45Z [CONVEYOR][INFO] robot-arm-04: cycle count: 1026672
2026-05-23T03:11:00Z [MOTOR-DRV][WARN] robot-arm-04: encoder read: pos=177.39
2026-05-23T03:11:15Z [MOTOR-DRV][INFO] robot-arm-04: conveyor speed: 1031 rpm
2026-05-23T03:11:30Z [PLC-CTRL][INFO] robot-arm-04: heartbeat OK
2026-05-23T03:11:45Z [SAFETY-MON][WARN] robot-arm-04: lubrication pump cycle complete
2026-05-23T03:12:00Z [VISION-SYS][WARN] robot-arm-04: lubrication pump cycle complete
2026-05-23T03:12:15Z [LUBRICATION][INFO] robot-arm-04: vision inspection pass
2026-05-23T03:12:30Z [LUBRICATION][WARN] robot-arm-04: motion cycle complete
2026-05-23T03:12:45Z [PLC-CTRL][INFO] robot-arm-04: vision inspection pass
2026-05-23T03:13:00Z [MOTOR-DRV][INFO] robot-arm-04: motion cycle complete
2026-05-23T03:13:15Z [PLC-CTRL][INFO] robot-arm-04: encoder read: pos=10.24
2026-05-23T03:13:30Z [CONVEYOR][INFO] robot-arm-04: heartbeat OK
2026-05-23T03:13:45Z [PLC-CTRL][INFO] robot-arm-04: heartbeat OK
2026-05-23T03:14:00Z [LUBRICATION][INFO] robot-arm-04: heartbeat OK
2026-05-23T03:14:15Z [PLC-CTRL][INFO] robot-arm-04: encoder read: pos=140.42
2026-05-23T03:14:30Z [VISION-SYS][INFO] robot-arm-04: vision inspection pass
2026-05-23T03:14:45Z [VISION-SYS][INFO] robot-arm-04: conveyor speed: 979 rpm
2026-05-23T03:15:00Z [MOTOR-DRV][WARN] robot-arm-04: temperature nominal: 79.4 C
2026-05-23T03:15:15Z [PLC-CTRL][INFO] robot-arm-04: vision inspection pass
2026-05-23T03:15:30Z [VISION-SYS][INFO] robot-arm-04: lubrication pump cycle complete
2026-05-23T03:15:45Z [LUBRICATION][INFO] robot-arm-04: encoder read: pos=279.40
2026-05-23T03:16:00Z [VISION-SYS][WARN] robot-arm-04: heartbeat OK
2026-05-23T03:16:15Z [SAFETY-MON][WARN] robot-arm-04: servo response time: 7 ms
2026-05-23T03:16:30Z [CONVEYOR][ERROR] robot-arm-04: servo response time: 7 ms
2026-05-23T03:16:45Z [MOTOR-DRV][WARN] robot-arm-04: lubrication pump cycle complete
2026-05-23T03:17:00Z [PLC-CTRL][ERROR] robot-arm-04: temperature nominal: 32.8 C
2026-05-23T03:17:15Z [PLC-CTRL][INFO] robot-arm-04: cycle count: 1052824
2026-05-23T03:17:30Z [CONVEYOR][WARN] robot-arm-04: motion cycle complete
2026-05-23T03:17:45Z [SAFETY-MON][WARN] robot-arm-04: motion cycle complete
2026-05-23T03:18:00Z [MOTOR-DRV][WARN] robot-arm-04: servo response time: 5 ms
2026-05-23T03:18:15Z [SAFETY-MON][WARN] robot-arm-04: heartbeat OK
2026-05-23T03:18:30Z [LUBRICATION][WARN] robot-arm-04: cycle count: 1178682
2026-05-23T03:18:45Z [SAFETY-MON][INFO] robot-arm-04: lubrication pump cycle complete
2026-05-23T03:19:00Z [SAFETY-MON][INFO] robot-arm-04: vision inspection pass
2026-05-23T03:19:15Z [VISION-SYS][INFO] robot-arm-04: conveyor speed: 849 rpm
2026-05-23T03:19:30Z [VISION-SYS][WARN] robot-arm-04: vision inspection pass
2026-05-23T03:19:45Z [CONVEYOR][INFO] robot-arm-04: conveyor speed: 1097 rpm
2026-05-23T03:20:00Z [VISION-SYS][INFO] robot-arm-04: joint load within bounds
2026-05-23T03:20:15Z [CONVEYOR][ERROR] robot-arm-04: motion cycle complete
2026-05-23T03:20:30Z [MOTOR-DRV][INFO] robot-arm-04: motion cycle complete
2026-05-23T03:20:45Z [VISION-SYS][ERROR] robot-arm-04: encoder read: pos=135.38
2026-05-23T03:21:00Z [MOTOR-DRV][ERROR] robot-arm-04: vision inspection pass
2026-05-23T03:21:15Z [VISION-SYS][INFO] robot-arm-04: lubrication pump cycle complete
2026-05-23T03:21:30Z [MOTOR-DRV][WARN] robot-arm-04: heartbeat OK
2026-05-23T03:21:45Z [LUBRICATION][WARN] robot-arm-04: encoder read: pos=5.34
2026-05-23T03:22:00Z [LUBRICATION][ERROR] robot-arm-04: encoder read: pos=253.50
2026-05-23T03:22:15Z [SAFETY-MON][INFO] robot-arm-04: encoder read: pos=9.72
2026-05-23T03:22:30Z [SAFETY-MON][INFO] robot-arm-04: vision inspection pass
2026-05-23T03:22:45Z [MOTOR-DRV][WARN] robot-arm-04: temperature nominal: 81.4 C
2026-05-23T03:23:00Z [LUBRICATION][INFO] robot-arm-04: servo response time: 13 ms
2026-05-23T03:23:15Z [PLC-CTRL][WARN] robot-arm-04: heartbeat OK
2026-05-23T03:23:30Z [LUBRICATION][INFO] robot-arm-04: lubrication pump cycle complete
2026-05-23T03:23:45Z [CONVEYOR][WARN] robot-arm-04: lubrication pump cycle complete
2026-05-23T03:24:00Z [VISION-SYS][INFO] robot-arm-04: joint load within bounds
2026-05-23T03:24:15Z [PLC-CTRL][INFO] robot-arm-04: motion cycle complete
2026-05-23T03:24:30Z [VISION-SYS][WARN] robot-arm-04: heartbeat OK
2026-05-23T03:24:45Z [PLC-CTRL][INFO] robot-arm-04: temperature nominal: 68.7 C
2026-05-23T03:25:00Z [MOTOR-DRV][INFO] robot-arm-04: encoder read: pos=138.28
2026-05-23T03:25:15Z [SAFETY-MON][ERROR] robot-arm-04: vision inspection pass
2026-05-23T03:25:30Z [LUBRICATION][INFO] robot-arm-04: cycle count: 1275760
2026-05-23T03:25:45Z [MOTOR-DRV][WARN] robot-arm-04: vision inspection pass
2026-05-23T03:26:00Z [LUBRICATION][INFO] robot-arm-04: lubrication pump cycle complete
2026-05-23T03:26:15Z [MOTOR-DRV][INFO] robot-arm-04: servo response time: 14 ms
2026-05-23T03:26:30Z [LUBRICATION][INFO] robot-arm-04: encoder read: pos=33.77
2026-05-23T03:26:45Z [CONVEYOR][INFO] robot-arm-04: vision inspection pass
2026-05-23T03:27:00Z [PLC-CTRL][WARN] robot-arm-04: heartbeat OK
2026-05-23T03:27:15Z [PLC-CTRL][INFO] robot-arm-04: encoder read: pos=76.78
2026-05-23T03:27:30Z [VISION-SYS][ERROR] robot-arm-04: servo response time: 14 ms
2026-05-23T03:27:45Z [CONVEYOR][INFO] robot-arm-04: temperature nominal: 36.9 C
2026-05-23T03:28:00Z [MOTOR-DRV][WARN] robot-arm-04: joint load within bounds
2026-05-23T03:28:15Z [VISION-SYS][INFO] robot-arm-04: conveyor speed: 817 rpm
2026-05-23T03:28:30Z [PLC-CTRL][INFO] robot-arm-04: conveyor speed: 861 rpm
2026-05-23T03:28:45Z [PLC-CTRL][ERROR] robot-arm-04: heartbeat OK
2026-05-23T03:29:00Z [VISION-SYS][INFO] robot-arm-04: cycle count: 1037247
2026-05-23T03:29:15Z [LUBRICATION][ERROR] robot-arm-04: cycle count: 1038063
2026-05-23T03:29:30Z [LUBRICATION][INFO] robot-arm-04: encoder read: pos=274.48
2026-05-23T03:29:45Z [SAFETY-MON][INFO] robot-arm-04: temperature nominal: 60.9 C
2026-05-23T03:30:00Z [PLC-CTRL][WARN] robot-arm-04: conveyor speed: 1083 rpm
2026-05-23T03:30:15Z [SAFETY-MON][INFO] robot-arm-04: servo response time: 15 ms
2026-05-23T03:30:30Z [CONVEYOR][INFO] robot-arm-04: motion cycle complete
2026-05-23T03:30:45Z [SAFETY-MON][INFO] robot-arm-04: temperature nominal: 27.0 C
2026-05-23T03:31:00Z [PLC-CTRL][INFO] robot-arm-04: temperature nominal: 79.7 C
2026-05-23T03:31:15Z [PLC-CTRL][INFO] robot-arm-04: encoder read: pos=126.29
2026-05-23T03:31:30Z [MOTOR-DRV][INFO] robot-arm-04: conveyor speed: 881 rpm
2026-05-23T03:31:45Z [PLC-CTRL][INFO] robot-arm-04: motion cycle complete
2026-05-23T03:32:00Z [PLC-CTRL][INFO] robot-arm-04: lubrication pump cycle complete
2026-05-23T03:32:15Z [MOTOR-DRV][WARN] robot-arm-04: joint load within bounds
2026-05-23T03:32:30Z [PLC-CTRL][WARN] robot-arm-04: temperature nominal: 38.8 C
2026-05-23T03:32:45Z [CONVEYOR][INFO] robot-arm-04: lubrication pump cycle complete
2026-05-23T03:33:00Z [MOTOR-DRV][INFO] robot-arm-04: lubrication pump cycle complete
2026-05-23T03:33:15Z [VISION-SYS][ERROR] robot-arm-04: motion cycle complete
2026-05-23T03:33:30Z [MOTOR-DRV][INFO] robot-arm-04: encoder read: pos=263.56
2026-05-23T03:33:45Z [LUBRICATION][INFO] robot-arm-04: encoder read: pos=62.99
2026-05-23T03:34:00Z [MOTOR-DRV][ERROR] robot-arm-04: lubrication pump cycle complete
2026-05-23T03:34:15Z [LUBRICATION][ERROR] robot-arm-04: vision inspection pass
2026-05-23T03:34:30Z [MOTOR-DRV][WARN] robot-arm-04: lubrication pump cycle complete
2026-05-23T03:34:45Z [VISION-SYS][WARN] robot-arm-04: vision inspection pass
2026-05-23T03:35:00Z [PLC-CTRL][INFO] robot-arm-04: heartbeat OK
2026-05-23T03:35:15Z [SAFETY-MON][INFO] robot-arm-04: encoder read: pos=103.03
2026-05-23T03:35:30Z [VISION-SYS][WARN] robot-arm-04: conveyor speed: 946 rpm
2026-05-23T03:35:45Z [LUBRICATION][INFO] robot-arm-04: joint load within bounds
2026-05-23T03:36:00Z [MOTOR-DRV][WARN] robot-arm-04: vision inspection pass
2026-05-23T03:36:15Z [SAFETY-MON][INFO] robot-arm-04: encoder read: pos=221.10
2026-05-23T03:36:30Z [LUBRICATION][WARN] robot-arm-04: joint load within bounds
2026-05-23T03:36:45Z [SAFETY-MON][ERROR] robot-arm-04: cycle count: 1211768
2026-05-23T03:37:00Z [VISION-SYS][INFO] robot-arm-04: joint load within bounds
2026-05-23T03:37:15Z [LUBRICATION][WARN] robot-arm-04: motion cycle complete
2026-05-23T03:37:30Z [MOTOR-DRV][WARN] robot-arm-04: temperature nominal: 45.4 C
2026-05-23T03:37:45Z [PLC-CTRL][ERROR] robot-arm-04: conveyor speed: 974 rpm
2026-05-23T03:38:00Z [PLC-CTRL][INFO] robot-arm-04: servo response time: 14 ms
2026-05-23T03:38:15Z [SAFETY-MON][WARN] robot-arm-04: heartbeat OK
2026-05-23T03:38:30Z [CONVEYOR][WARN] robot-arm-04: heartbeat OK
2026-05-23T03:38:45Z [SAFETY-MON][WARN] robot-arm-04: joint load within bounds
2026-05-23T03:39:00Z [LUBRICATION][INFO] robot-arm-04: temperature nominal: 33.2 C
2026-05-23T03:39:15Z [VISION-SYS][ERROR] robot-arm-04: servo response time: 7 ms
2026-05-23T03:39:30Z [VISION-SYS][WARN] robot-arm-04: cycle count: 1243599
2026-05-23T03:39:45Z [PLC-CTRL][INFO] robot-arm-04: servo response time: 14 ms
2026-05-23T03:40:00Z [SAFETY-MON][INFO] robot-arm-04: joint load within bounds
2026-05-23T03:40:15Z [VISION-SYS][WARN] robot-arm-04: joint load within bounds
2026-05-23T03:40:30Z [PLC-CTRL][INFO] robot-arm-04: cycle count: 1093608
2026-05-23T03:40:45Z [PLC-CTRL][INFO] robot-arm-04: vision inspection pass
2026-05-23T03:41:00Z [CONVEYOR][INFO] robot-arm-04: encoder read: pos=297.52
2026-05-23T03:41:15Z [VISION-SYS][ERROR] robot-arm-04: heartbeat OK
2026-05-23T03:41:30Z [VISION-SYS][INFO] robot-arm-04: vision inspection pass
2026-05-23T03:41:45Z [CONVEYOR][WARN] robot-arm-04: vision inspection pass
2026-05-23T03:42:00Z [SAFETY-MON][INFO] robot-arm-04: vision inspection pass
2026-05-23T03:42:15Z [LUBRICATION][INFO] robot-arm-04: lubrication pump cycle complete
2026-05-23T03:42:30Z [PLC-CTRL][WARN] robot-arm-04: lubrication pump cycle complete
2026-05-23T03:42:45Z [CONVEYOR][INFO] robot-arm-04: heartbeat OK
2026-05-23T03:43:00Z [LUBRICATION][INFO] robot-arm-04: servo response time: 15 ms
2026-05-23T03:43:15Z [MOTOR-DRV][INFO] robot-arm-04: heartbeat OK
2026-05-23T03:43:30Z [CONVEYOR][ERROR] robot-arm-04: lubrication pump cycle complete
2026-05-23T03:43:45Z [VISION-SYS][WARN] robot-arm-04: servo response time: 12 ms
2026-05-23T03:44:00Z [MOTOR-DRV][ERROR] robot-arm-04: servo response time: 17 ms
2026-05-23T03:44:15Z [PLC-CTRL][INFO] robot-arm-04: heartbeat OK
2026-05-23T03:44:30Z [PLC-CTRL][WARN] robot-arm-04: lubrication pump cycle complete
2026-05-23T03:44:45Z [CONVEYOR][WARN] robot-arm-04: vision inspection pass
2026-05-23T03:45:00Z [LUBRICATION][INFO] robot-arm-04: heartbeat OK
2026-05-23T03:45:15Z [MOTOR-DRV][WARN] robot-arm-04: encoder read: pos=60.17
2026-05-23T03:45:30Z [PLC-CTRL][WARN] robot-arm-04: heartbeat OK
2026-05-23T03:45:45Z [PLC-CTRL][ERROR] robot-arm-04: vision inspection pass
2026-05-23T03:46:00Z [CONVEYOR][INFO] robot-arm-04: servo response time: 18 ms
2026-05-23T03:46:15Z [SAFETY-MON][INFO] robot-arm-04: encoder read: pos=356.12
2026-05-23T03:46:30Z [CONVEYOR][INFO] robot-arm-04: heartbeat OK
2026-05-23T03:46:45Z [LUBRICATION][WARN] robot-arm-04: encoder read: pos=99.55
2026-05-23T03:47:00Z [SAFETY-MON][INFO] robot-arm-04: motion cycle complete
2026-05-23T03:47:15Z [VISION-SYS][WARN] robot-arm-04: joint load within bounds
2026-05-23T03:47:30Z [VISION-SYS][WARN] robot-arm-04: joint load within bounds
2026-05-23T03:47:45Z [MOTOR-DRV][INFO] robot-arm-04: temperature nominal: 27.3 C
2026-05-23T03:48:00Z [LUBRICATION][WARN] robot-arm-04: cycle count: 1234713
2026-05-23T03:48:15Z [CONVEYOR][INFO] robot-arm-04: motion cycle complete
2026-05-23T03:48:30Z [SAFETY-MON][INFO] robot-arm-04: conveyor speed: 910 rpm
2026-05-23T03:48:45Z [SAFETY-MON][INFO] robot-arm-04: cycle count: 1206635
2026-05-23T03:49:00Z [VISION-SYS][INFO] robot-arm-04: conveyor speed: 888 rpm
2026-05-23T03:49:15Z [PLC-CTRL][WARN] robot-arm-04: servo response time: 3 ms
2026-05-23T03:49:30Z [MOTOR-DRV][INFO] robot-arm-04: encoder read: pos=26.21
2026-05-23T03:49:45Z [LUBRICATION][WARN] robot-arm-04: vision inspection pass
2026-05-23T03:50:00Z [CONVEYOR][WARN] robot-arm-04: servo response time: 7 ms
2026-05-23T03:50:15Z [MOTOR-DRV][WARN] robot-arm-04: motion cycle complete
2026-05-23T03:50:30Z [MOTOR-DRV][WARN] robot-arm-04: temperature nominal: 82.5 C
2026-05-23T03:50:45Z [PLC-CTRL][INFO] robot-arm-04: servo response time: 10 ms
2026-05-23T03:51:00Z [LUBRICATION][WARN] robot-arm-04: motion cycle complete
2026-05-23T03:51:15Z [SAFETY-MON][ERROR] robot-arm-04: heartbeat OK
2026-05-23T03:51:30Z [LUBRICATION][INFO] robot-arm-04: servo response time: 13 ms
2026-05-23T03:51:45Z [MOTOR-DRV][WARN] robot-arm-04: encoder read: pos=20.17
2026-05-23T03:52:00Z [SAFETY-MON][INFO] robot-arm-04: conveyor speed: 997 rpm
2026-05-23T03:52:15Z [SAFETY-MON][WARN] robot-arm-04: servo response time: 18 ms
2026-05-23T03:52:30Z [MOTOR-DRV][WARN] robot-arm-04: motion cycle complete
2026-05-23T03:52:45Z [VISION-SYS][ERROR] robot-arm-04: vision inspection pass
2026-05-23T03:53:00Z [MOTOR-DRV][INFO] robot-arm-04: conveyor speed: 877 rpm
2026-05-23T03:53:15Z [VISION-SYS][INFO] robot-arm-04: vision inspection pass
2026-05-23T03:53:30Z [LUBRICATION][INFO] robot-arm-04: conveyor speed: 801 rpm
2026-05-23T03:53:45Z [PLC-CTRL][INFO] robot-arm-04: joint load within bounds
2026-05-23T03:54:00Z [SAFETY-MON][WARN] robot-arm-04: joint load within bounds
2026-05-23T03:54:15Z [VISION-SYS][INFO] robot-arm-04: servo response time: 15 ms
2026-05-23T03:54:30Z [SAFETY-MON][ERROR] robot-arm-04: lubrication pump cycle complete
2026-05-23T03:54:45Z [SAFETY-MON][INFO] robot-arm-04: heartbeat OK
2026-05-23T03:55:00Z [PLC-CTRL][WARN] robot-arm-04: joint load within bounds
2026-05-23T03:55:15Z [LUBRICATION][WARN] robot-arm-04: conveyor speed: 859 rpm
2026-05-23T03:55:30Z [SAFETY-MON][WARN] robot-arm-04: motion cycle complete
2026-05-23T03:55:45Z [PLC-CTRL][INFO] robot-arm-04: temperature nominal: 72.1 C
2026-05-23T03:56:00Z [PLC-CTRL][INFO] robot-arm-04: vision inspection pass
2026-05-23T03:56:15Z [PLC-CTRL][INFO] robot-arm-04: heartbeat OK
2026-05-23T03:56:30Z [CONVEYOR][ERROR] robot-arm-04: temperature nominal: 78.3 C
2026-05-23T03:56:45Z [CONVEYOR][ERROR] robot-arm-04: motion cycle complete
2026-05-23T03:57:00Z [CONVEYOR][INFO] robot-arm-04: servo response time: 15 ms
2026-05-23T03:57:15Z [PLC-CTRL][INFO] robot-arm-04: motion cycle complete
2026-05-23T03:57:30Z [PLC-CTRL][INFO] robot-arm-04: servo response time: 12 ms
2026-05-23T03:57:45Z [LUBRICATION][INFO] robot-arm-04: joint load within bounds
2026-05-23T03:58:00Z [SAFETY-MON][WARN] robot-arm-04: motion cycle complete
2026-05-23T03:58:15Z [SAFETY-MON][INFO] robot-arm-04: conveyor speed: 1049 rpm
2026-05-23T03:58:30Z [SAFETY-MON][ERROR] robot-arm-04: temperature nominal: 60.2 C
2026-05-23T03:58:45Z [LUBRICATION][INFO] robot-arm-04: motion cycle complete
2026-05-23T03:59:00Z [PLC-CTRL][ERROR] robot-arm-04: encoder read: pos=126.39
2026-05-23T03:59:15Z [CONVEYOR][ERROR] robot-arm-04: heartbeat OK
2026-05-23T03:59:30Z [LUBRICATION][WARN] robot-arm-04: encoder read: pos=341.09
2026-05-23T03:59:45Z [PLC-CTRL][WARN] robot-arm-04: lubrication pump cycle complete
2026-05-23T04:00:00Z [CONVEYOR][ERROR] robot-arm-04: heartbeat OK
2026-05-23T04:00:15Z [SAFETY-MON][WARN] robot-arm-04: servo response time: 12 ms
2026-05-23T04:00:30Z [MOTOR-DRV][INFO] robot-arm-04: joint load within bounds
2026-05-23T04:00:45Z [MOTOR-DRV][INFO] robot-arm-04: cycle count: 1120727
2026-05-23T04:01:00Z [MOTOR-DRV][ERROR] robot-arm-04: vision inspection pass
2026-05-23T04:01:15Z [LUBRICATION][WARN] robot-arm-04: cycle count: 1296855
2026-05-23T04:01:30Z [SAFETY-MON][INFO] robot-arm-04: vision inspection pass
2026-05-23T04:01:45Z [CONVEYOR][INFO] robot-arm-04: joint load within bounds
2026-05-23T04:02:00Z [MOTOR-DRV][INFO] robot-arm-04: cycle count: 1159112
2026-05-23T04:02:15Z [SAFETY-MON][ERROR] robot-arm-04: lubrication pump cycle complete
2026-05-23T04:02:30Z [PLC-CTRL][INFO] robot-arm-04: servo response time: 10 ms
2026-05-23T04:02:45Z [CONVEYOR][WARN] robot-arm-04: heartbeat OK
2026-05-23T04:03:00Z [LUBRICATION][WARN] robot-arm-04: conveyor speed: 987 rpm
2026-05-23T04:03:15Z [CONVEYOR][INFO] robot-arm-04: vision inspection pass
2026-05-23T04:03:30Z [LUBRICATION][INFO] robot-arm-04: conveyor speed: 892 rpm
2026-05-23T04:03:45Z [CONVEYOR][INFO] robot-arm-04: conveyor speed: 1195 rpm
2026-05-23T04:04:00Z [VISION-SYS][INFO] robot-arm-04: lubrication pump cycle complete
2026-05-23T04:04:15Z [VISION-SYS][ERROR] robot-arm-04: temperature nominal: 37.0 C
2026-05-23T04:04:30Z [LUBRICATION][INFO] robot-arm-04: vision inspection pass
2026-05-23T04:04:45Z [PLC-CTRL][INFO] robot-arm-04: conveyor speed: 1053 rpm
2026-05-23T04:05:00Z [SAFETY-MON][INFO] robot-arm-04: vision inspection pass
2026-05-23T04:05:15Z [CONVEYOR][ERROR] robot-arm-04: joint load within bounds
2026-05-23T04:05:30Z [MOTOR-DRV][WARN] robot-arm-04: vision inspection pass
2026-05-23T04:05:45Z [LUBRICATION][WARN] robot-arm-04: lubrication pump cycle complete
2026-05-23T04:06:00Z [LUBRICATION][INFO] robot-arm-04: joint load within bounds
2026-05-23T04:06:15Z [LUBRICATION][INFO] robot-arm-04: temperature nominal: 24.8 C
2026-05-23T04:06:30Z [CONVEYOR][INFO] robot-arm-04: joint load within bounds
2026-05-23T04:06:45Z [MOTOR-DRV][ERROR] robot-arm-04: heartbeat OK
2026-05-23T04:07:00Z [VISION-SYS][INFO] robot-arm-04: cycle count: 1236519
2026-05-23T04:07:15Z [VISION-SYS][WARN] robot-arm-04: temperature nominal: 63.8 C
2026-05-23T04:07:30Z [CONVEYOR][WARN] robot-arm-04: vision inspection pass
2026-05-23T04:07:45Z [LUBRICATION][WARN] robot-arm-04: motion cycle complete
2026-05-23T04:08:00Z [CONVEYOR][INFO] robot-arm-04: joint load within bounds
2026-05-23T04:08:15Z [LUBRICATION][ERROR] robot-arm-04: joint load within bounds
2026-05-23T04:08:30Z [PLC-CTRL][WARN] robot-arm-04: vision inspection pass
2026-05-23T04:08:45Z [PLC-CTRL][INFO] robot-arm-04: joint load within bounds
2026-05-23T04:09:00Z [PLC-CTRL][WARN] robot-arm-04: servo response time: 12 ms
2026-05-23T04:09:15Z [VISION-SYS][INFO] robot-arm-04: motion cycle complete
2026-05-23T04:09:30Z [SAFETY-MON][INFO] robot-arm-04: servo response time: 13 ms
2026-05-23T04:09:45Z [SAFETY-MON][ERROR] robot-arm-04: vision inspection pass
2026-05-23T04:10:00Z [PLC-CTRL][WARN] robot-arm-04: heartbeat OK
2026-05-23T04:10:15Z [LUBRICATION][WARN] robot-arm-04: conveyor speed: 995 rpm
2026-05-23T04:10:30Z [VISION-SYS][WARN] robot-arm-04: motion cycle complete
2026-05-23T04:10:45Z [VISION-SYS][INFO] robot-arm-04: joint load within bounds
2026-05-23T04:11:00Z [LUBRICATION][WARN] robot-arm-04: vision inspection pass
2026-05-23T04:11:15Z [SAFETY-MON][INFO] robot-arm-04: encoder read: pos=311.99
2026-05-23T04:11:30Z [PLC-CTRL][INFO] robot-arm-04: lubrication pump cycle complete
2026-05-23T04:11:45Z [SAFETY-MON][WARN] robot-arm-04: conveyor speed: 865 rpm
2026-05-23T04:12:00Z [LUBRICATION][INFO] robot-arm-04: lubrication pump cycle complete
2026-05-23T04:12:15Z [PLC-CTRL][INFO] robot-arm-04: conveyor speed: 1120 rpm
2026-05-23T04:12:30Z [VISION-SYS][WARN] robot-arm-04: cycle count: 1280293
2026-05-23T04:12:45Z [PLC-CTRL][WARN] robot-arm-04: vision inspection pass
2026-05-23T04:13:00Z [CONVEYOR][WARN] robot-arm-04: cycle count: 1268258
2026-05-23T04:13:15Z [SAFETY-MON][WARN] robot-arm-04: servo response time: 14 ms
2026-05-23T04:13:30Z [LUBRICATION][INFO] robot-arm-04: cycle count: 1240330
2026-05-23T04:13:45Z [CONVEYOR][ERROR] robot-arm-04: conveyor speed: 962 rpm
2026-05-23T04:14:00Z [VISION-SYS][INFO] robot-arm-04: vision inspection pass
2026-05-23T04:14:15Z [VISION-SYS][INFO] robot-arm-04: conveyor speed: 984 rpm
2026-05-23T04:14:30Z [SAFETY-MON][ERROR] robot-arm-04: lubrication pump cycle complete
2026-05-23T04:14:45Z [MOTOR-DRV][ERROR] robot-arm-04: vision inspection pass
2026-05-23T04:15:00Z [VISION-SYS][INFO] robot-arm-04: lubrication pump cycle complete
2026-05-23T04:15:15Z [CONVEYOR][ERROR] robot-arm-04: cycle count: 1263312
2026-05-23T04:15:30Z [SAFETY-MON][INFO] robot-arm-04: motion cycle complete
2026-05-23T04:15:45Z [VISION-SYS][INFO] robot-arm-04: joint load within bounds
2026-05-23T04:16:00Z [SAFETY-MON][WARN] robot-arm-04: cycle count: 1035401
2026-05-23T04:16:15Z [VISION-SYS][WARN] robot-arm-04: joint load within bounds
2026-05-23T04:16:30Z [CONVEYOR][INFO] robot-arm-04: vision inspection pass
2026-05-23T04:16:45Z [LUBRICATION][INFO] robot-arm-04: heartbeat OK
2026-05-23T04:17:00Z [MOTOR-DRV][INFO] robot-arm-04: heartbeat OK
2026-05-23T04:17:15Z [PLC-CTRL][WARN] robot-arm-04: motion cycle complete
2026-05-23T04:17:30Z [VISION-SYS][INFO] robot-arm-04: encoder read: pos=222.15
2026-05-23T04:17:45Z [MOTOR-DRV][INFO] robot-arm-04: cycle count: 1178654
2026-05-23T04:18:00Z [PLC-CTRL][INFO] robot-arm-04: lubrication pump cycle complete
2026-05-23T04:18:15Z [PLC-CTRL][WARN] robot-arm-04: cycle count: 1244808
2026-05-23T04:18:30Z [CONVEYOR][INFO] robot-arm-04: joint load within bounds
2026-05-23T04:18:45Z [SAFETY-MON][WARN] robot-arm-04: servo response time: 4 ms
2026-05-23T04:19:00Z [PLC-CTRL][INFO] robot-arm-04: vision inspection pass
2026-05-23T04:19:15Z [CONVEYOR][WARN] robot-arm-04: encoder read: pos=331.03
2026-05-23T04:19:30Z [MOTOR-DRV][ERROR] robot-arm-04: lubrication pump cycle complete
2026-05-23T04:19:45Z [MOTOR-DRV][INFO] robot-arm-04: cycle count: 1046637
2026-05-23T04:20:00Z [VISION-SYS][INFO] robot-arm-04: conveyor speed: 1193 rpm
2026-05-23T04:20:15Z [PLC-CTRL][ERROR] robot-arm-04: joint load within bounds
2026-05-23T04:20:30Z [MOTOR-DRV][INFO] robot-arm-04: motion cycle complete
2026-05-23T04:20:45Z [PLC-CTRL][INFO] robot-arm-04: servo response time: 8 ms
2026-05-23T04:21:00Z [VISION-SYS][ERROR] robot-arm-04: lubrication pump cycle complete
2026-05-23T04:21:15Z [VISION-SYS][INFO] robot-arm-04: vision inspection pass
2026-05-23T04:21:30Z [VISION-SYS][WARN] robot-arm-04: joint load within bounds
2026-05-23T04:21:45Z [VISION-SYS][INFO] robot-arm-04: joint load within bounds
2026-05-23T04:22:00Z [VISION-SYS][INFO] robot-arm-04: encoder read: pos=80.64
2026-05-23T04:22:15Z [MOTOR-DRV][INFO] robot-arm-04: conveyor speed: 869 rpm
2026-05-23T04:22:30Z [CONVEYOR][WARN] robot-arm-04: cycle count: 1060262
2026-05-23T04:22:45Z [MOTOR-DRV][INFO] robot-arm-04: cycle count: 1141868
2026-05-23T04:23:00Z [SAFETY-MON][INFO] robot-arm-04: joint load within bounds
2026-05-23T04:23:15Z [MOTOR-DRV][INFO] robot-arm-04: servo response time: 15 ms
2026-05-23T04:23:30Z [SAFETY-MON][INFO] robot-arm-04: lubrication pump cycle complete
2026-05-23T04:23:45Z [MOTOR-DRV][INFO] robot-arm-04: temperature nominal: 74.0 C
2026-05-23T04:24:00Z [SAFETY-MON][INFO] robot-arm-04: temperature nominal: 41.9 C
2026-05-23T04:24:15Z [PLC-CTRL][WARN] robot-arm-04: temperature nominal: 79.7 C
2026-05-23T04:24:30Z [PLC-CTRL][ERROR] robot-arm-04: joint load within bounds
2026-05-23T04:24:45Z [LUBRICATION][WARN] robot-arm-04: conveyor speed: 1042 rpm
2026-05-23T04:25:00Z [SAFETY-MON][INFO] robot-arm-04: motion cycle complete
2026-05-23T04:25:15Z [SAFETY-MON][WARN] robot-arm-04: vision inspection pass
2026-05-23T04:25:30Z [VISION-SYS][INFO] robot-arm-04: cycle count: 1039118
2026-05-23T04:25:45Z [MOTOR-DRV][INFO] robot-arm-04: encoder read: pos=8.56
2026-05-23T04:26:00Z [LUBRICATION][ERROR] robot-arm-04: joint load within bounds
2026-05-23T04:26:15Z [LUBRICATION][INFO] robot-arm-04: vision inspection pass
2026-05-23T04:26:30Z [SAFETY-MON][INFO] robot-arm-04: motion cycle complete
2026-05-23T04:26:45Z [LUBRICATION][ERROR] robot-arm-04: vision inspection pass
2026-05-23T04:27:00Z [MOTOR-DRV][WARN] robot-arm-04: servo response time: 12 ms
2026-05-23T04:27:15Z [CONVEYOR][INFO] robot-arm-04: conveyor speed: 1182 rpm
2026-05-23T04:27:30Z [CONVEYOR][INFO] robot-arm-04: encoder read: pos=170.06
2026-05-23T04:27:45Z [PLC-CTRL][INFO] robot-arm-04: conveyor speed: 874 rpm
2026-05-23T04:28:00Z [CONVEYOR][WARN] robot-arm-04: conveyor speed: 1179 rpm
2026-05-23T04:28:15Z [CONVEYOR][INFO] robot-arm-04: vision inspection pass
2026-05-23T04:28:30Z [PLC-CTRL][INFO] robot-arm-04: conveyor speed: 847 rpm
2026-05-23T04:28:45Z [LUBRICATION][WARN] robot-arm-04: temperature nominal: 23.3 C
2026-05-23T04:29:00Z [LUBRICATION][INFO] robot-arm-04: cycle count: 1035796
2026-05-23T04:29:15Z [SAFETY-MON][WARN] robot-arm-04: conveyor speed: 986 rpm
2026-05-23T04:29:30Z [SAFETY-MON][WARN] robot-arm-04: encoder read: pos=252.72
2026-05-23T04:29:45Z [MOTOR-DRV][INFO] robot-arm-04: lubrication pump cycle complete
2026-05-23T04:30:00Z [CONVEYOR][WARN] robot-arm-04: temperature nominal: 23.1 C
2026-05-23T04:30:15Z [MOTOR-DRV][INFO] robot-arm-04: vision inspection pass
2026-05-23T04:30:30Z [LUBRICATION][INFO] robot-arm-04: joint load within bounds
2026-05-23T04:30:45Z [CONVEYOR][INFO] robot-arm-04: lubrication pump cycle complete
2026-05-23T04:31:00Z [CONVEYOR][WARN] robot-arm-04: encoder read: pos=79.16
2026-05-23T04:31:15Z [CONVEYOR][INFO] robot-arm-04: temperature nominal: 20.0 C
2026-05-23T04:31:30Z [SAFETY-MON][WARN] robot-arm-04: heartbeat OK
2026-05-23T04:31:45Z [LUBRICATION][WARN] robot-arm-04: motion cycle complete
2026-05-23T04:32:00Z [CONVEYOR][INFO] robot-arm-04: encoder read: pos=291.59
2026-05-23T04:32:15Z [SAFETY-MON][INFO] robot-arm-04: temperature nominal: 76.8 C
2026-05-23T04:32:30Z [SAFETY-MON][WARN] robot-arm-04: temperature nominal: 71.6 C
2026-05-23T04:32:45Z [SAFETY-MON][WARN] robot-arm-04: joint load within bounds
2026-05-23T04:33:00Z [SAFETY-MON][ERROR] robot-arm-04: conveyor speed: 840 rpm
2026-05-23T04:33:15Z [CONVEYOR][WARN] robot-arm-04: conveyor speed: 1173 rpm
2026-05-23T04:33:30Z [SAFETY-MON][WARN] robot-arm-04: temperature nominal: 67.8 C
2026-05-23T04:33:45Z [MOTOR-DRV][WARN] robot-arm-04: lubrication pump cycle complete
2026-05-23T04:34:00Z [PLC-CTRL][WARN] robot-arm-04: heartbeat OK
2026-05-23T04:34:15Z [LUBRICATION][INFO] robot-arm-04: vision inspection pass
2026-05-23T04:34:30Z [PLC-CTRL][ERROR] robot-arm-04: temperature nominal: 64.9 C
2026-05-23T04:34:45Z [VISION-SYS][INFO] robot-arm-04: heartbeat OK
2026-05-23T04:35:00Z [LUBRICATION][INFO] robot-arm-04: cycle count: 1191010
2026-05-23T04:35:15Z [MOTOR-DRV][WARN] robot-arm-04: lubrication pump cycle complete
2026-05-23T04:35:30Z [PLC-CTRL][INFO] robot-arm-04: cycle count: 1273564
2026-05-23T04:35:45Z [VISION-SYS][INFO] robot-arm-04: conveyor speed: 1175 rpm
2026-05-23T04:36:00Z [PLC-CTRL][ERROR] robot-arm-04: lubrication pump cycle complete
2026-05-23T04:36:15Z [MOTOR-DRV][ERROR] robot-arm-04: cycle count: 1212853
2026-05-23T04:36:30Z [PLC-CTRL][INFO] robot-arm-04: conveyor speed: 922 rpm
2026-05-23T04:36:45Z [CONVEYOR][WARN] robot-arm-04: encoder read: pos=287.04
2026-05-23T04:37:00Z [VISION-SYS][INFO] robot-arm-04: temperature nominal: 49.5 C
2026-05-23T04:37:15Z [LUBRICATION][ERROR] robot-arm-04: cycle count: 1100764
2026-05-23T04:37:30Z [PLC-CTRL][WARN] robot-arm-04: heartbeat OK
2026-05-23T04:37:45Z [CONVEYOR][INFO] robot-arm-04: lubrication pump cycle complete
2026-05-23T04:38:00Z [VISION-SYS][INFO] robot-arm-04: cycle count: 1244893
2026-05-23T04:38:15Z [MOTOR-DRV][INFO] robot-arm-04: vision inspection pass
2026-05-23T04:38:30Z [SAFETY-MON][INFO] robot-arm-04: conveyor speed: 881 rpm
2026-05-23T04:38:45Z [VISION-SYS][INFO] robot-arm-04: temperature nominal: 47.4 C
2026-05-23T04:39:00Z [CONVEYOR][INFO] robot-arm-04: joint load within bounds
2026-05-23T04:39:15Z [MOTOR-DRV][INFO] robot-arm-04: heartbeat OK
2026-05-23T04:39:30Z [SAFETY-MON][ERROR] robot-arm-04: motion cycle complete
2026-05-23T04:39:45Z [VISION-SYS][INFO] robot-arm-04: vision inspection pass
2026-05-23T04:40:00Z [PLC-CTRL][INFO] robot-arm-04: encoder read: pos=60.51
2026-05-23T04:40:15Z [PLC-CTRL][INFO] robot-arm-04: encoder read: pos=322.13
2026-05-23T04:40:30Z [VISION-SYS][ERROR] robot-arm-04: conveyor speed: 1047 rpm
2026-05-23T04:40:45Z [VISION-SYS][WARN] robot-arm-04: conveyor speed: 1138 rpm
2026-05-23T04:41:00Z [MOTOR-DRV][WARN] robot-arm-04: heartbeat OK
2026-05-23T04:41:15Z [SAFETY-MON][WARN] robot-arm-04: motion cycle complete
2026-05-23T04:41:30Z [CONVEYOR][WARN] robot-arm-04: conveyor speed: 1076 rpm
2026-05-23T04:41:45Z [CONVEYOR][INFO] robot-arm-04: lubrication pump cycle complete
2026-05-23T04:42:00Z [MOTOR-DRV][INFO] robot-arm-04: servo response time: 2 ms
2026-05-23T04:42:15Z [VISION-SYS][WARN] robot-arm-04: heartbeat OK
2026-05-23T04:42:30Z [CONVEYOR][INFO] robot-arm-04: temperature nominal: 81.8 C
2026-05-23T04:42:45Z [VISION-SYS][INFO] robot-arm-04: cycle count: 1015007
2026-05-23T04:43:00Z [VISION-SYS][INFO] robot-arm-04: motion cycle complete
2026-05-23T04:43:15Z [VISION-SYS][WARN] robot-arm-04: vision inspection pass
2026-05-23T04:43:30Z [VISION-SYS][WARN] robot-arm-04: joint load within bounds
2026-05-23T04:43:45Z [SAFETY-MON][WARN] robot-arm-04: servo response time: 16 ms
2026-05-23T04:44:00Z [CONVEYOR][INFO] robot-arm-04: cycle count: 1226001
2026-05-23T04:44:15Z [CONVEYOR][WARN] robot-arm-04: motion cycle complete
2026-05-23T04:44:30Z [VISION-SYS][ERROR] robot-arm-04: cycle count: 1226487
2026-05-23T04:44:45Z [LUBRICATION][INFO] robot-arm-04: temperature nominal: 79.0 C
2026-05-23T04:45:00Z [MOTOR-DRV][INFO] robot-arm-04: vision inspection pass
2026-05-23T04:45:15Z [SAFETY-MON][ERROR] robot-arm-04: servo response time: 15 ms
2026-05-23T04:45:30Z [LUBRICATION][WARN] robot-arm-04: heartbeat OK
2026-05-23T04:45:45Z [MOTOR-DRV][WARN] robot-arm-04: lubrication pump cycle complete
2026-05-23T04:46:00Z [MOTOR-DRV][WARN] robot-arm-04: conveyor speed: 936 rpm
2026-05-23T04:46:15Z [LUBRICATION][WARN] robot-arm-04: joint load within bounds
2026-05-23T04:46:30Z [PLC-CTRL][INFO] robot-arm-04: joint load within bounds
2026-05-23T04:46:45Z [VISION-SYS][WARN] robot-arm-04: temperature nominal: 34.2 C
2026-05-23T04:47:00Z [MOTOR-DRV][WARN] robot-arm-04: joint load within bounds
2026-05-23T04:47:15Z [LUBRICATION][INFO] robot-arm-04: vision inspection pass
2026-05-23T04:47:30Z [LUBRICATION][WARN] robot-arm-04: temperature nominal: 20.9 C
2026-05-23T04:47:45Z [SAFETY-MON][INFO] robot-arm-04: vision inspection pass
2026-05-23T04:48:00Z [PLC-CTRL][WARN] robot-arm-04: motion cycle complete
2026-05-23T04:48:15Z [PLC-CTRL][WARN] robot-arm-04: temperature nominal: 33.7 C
2026-05-23T04:48:30Z [VISION-SYS][WARN] robot-arm-04: encoder read: pos=325.19
2026-05-23T04:48:45Z [SAFETY-MON][INFO] robot-arm-04: heartbeat OK
2026-05-23T04:49:00Z [LUBRICATION][ERROR] robot-arm-04: joint load within bounds
2026-05-23T04:49:15Z [CONVEYOR][INFO] robot-arm-04: conveyor speed: 911 rpm
2026-05-23T04:49:30Z [MOTOR-DRV][INFO] robot-arm-04: vision inspection pass
2026-05-23T04:49:45Z [LUBRICATION][WARN] robot-arm-04: cycle count: 1011247
2026-05-23T04:50:00Z [VISION-SYS][WARN] robot-arm-04: joint load within bounds
2026-05-23T04:50:15Z [SAFETY-MON][ERROR] robot-arm-04: temperature nominal: 84.1 C
2026-05-23T04:50:30Z [LUBRICATION][ERROR] robot-arm-04: motion cycle complete
2026-05-23T04:50:45Z [VISION-SYS][INFO] robot-arm-04: vision inspection pass
2026-05-23T04:51:00Z [VISION-SYS][INFO] robot-arm-04: motion cycle complete
2026-05-23T04:51:15Z [MOTOR-DRV][WARN] robot-arm-04: encoder read: pos=134.61
2026-05-23T04:51:30Z [LUBRICATION][INFO] robot-arm-04: vision inspection pass
2026-05-23T04:51:45Z [SAFETY-MON][INFO] robot-arm-04: cycle count: 1162539
2026-05-23T04:52:00Z [VISION-SYS][INFO] robot-arm-04: vision inspection pass
2026-05-23T04:52:15Z [PLC-CTRL][INFO] robot-arm-04: motion cycle complete
2026-05-23T04:52:30Z [MOTOR-DRV][INFO] robot-arm-04: encoder read: pos=140.01
2026-05-23T04:52:45Z [MOTOR-DRV][WARN] robot-arm-04: servo response time: 16 ms
2026-05-23T04:53:00Z [MOTOR-DRV][WARN] robot-arm-04: cycle count: 1223789
2026-05-23T04:53:15Z [VISION-SYS][WARN] robot-arm-04: servo response time: 17 ms
2026-05-23T04:53:30Z [PLC-CTRL][WARN] robot-arm-04: servo response time: 17 ms
2026-05-23T04:53:45Z [MOTOR-DRV][INFO] robot-arm-04: vision inspection pass
2026-05-23T04:54:00Z [SAFETY-MON][WARN] robot-arm-04: servo response time: 5 ms
2026-05-23T04:54:15Z [CONVEYOR][WARN] robot-arm-04: joint load within bounds
2026-05-23T04:54:30Z [PLC-CTRL][WARN] robot-arm-04: servo response time: 8 ms
2026-05-23T04:54:45Z [LUBRICATION][WARN] robot-arm-04: servo response time: 16 ms
2026-05-23T04:55:00Z [SAFETY-MON][WARN] robot-arm-04: vision inspection pass
2026-05-23T04:55:15Z [MOTOR-DRV][INFO] robot-arm-04: joint load within bounds
2026-05-23T04:55:30Z [SAFETY-MON][ERROR] robot-arm-04: servo response time: 2 ms
2026-05-23T04:55:45Z [PLC-CTRL][INFO] robot-arm-04: cycle count: 1059784
2026-05-23T04:56:00Z [CONVEYOR][INFO] robot-arm-04: lubrication pump cycle complete
2026-05-23T04:56:15Z [PLC-CTRL][WARN] robot-arm-04: lubrication pump cycle complete
2026-05-23T04:56:30Z [MOTOR-DRV][WARN] robot-arm-04: servo response time: 13 ms
2026-05-23T04:56:45Z [SAFETY-MON][INFO] robot-arm-04: joint load within bounds
2026-05-23T04:57:00Z [MOTOR-DRV][WARN] robot-arm-04: cycle count: 1132145
2026-05-23T04:57:15Z [SAFETY-MON][INFO] robot-arm-04: encoder read: pos=125.98
2026-05-23T04:57:30Z [PLC-CTRL][WARN] robot-arm-04: vision inspection pass
2026-05-23T04:57:45Z [PLC-CTRL][WARN] robot-arm-04: vision inspection pass
2026-05-23T04:58:00Z [MOTOR-DRV][WARN] robot-arm-04: vision inspection pass
2026-05-23T04:58:15Z [SAFETY-MON][INFO] robot-arm-04: conveyor speed: 856 rpm
2026-05-23T04:58:30Z [LUBRICATION][WARN] robot-arm-04: heartbeat OK
2026-05-23T04:58:45Z [SAFETY-MON][WARN] robot-arm-04: heartbeat OK
2026-05-23T04:59:00Z [CONVEYOR][WARN] robot-arm-04: vision inspection pass
2026-05-23T04:59:15Z [PLC-CTRL][ERROR] robot-arm-04: temperature nominal: 51.3 C
2026-05-23T04:59:30Z [PLC-CTRL][INFO] robot-arm-04: servo response time: 17 ms
2026-05-23T04:59:45Z [LUBRICATION][WARN] robot-arm-04: motion cycle complete
2026-05-23T05:00:00Z [VISION-SYS][INFO] robot-arm-04: encoder read: pos=346.98
2026-05-23T05:00:15Z [LUBRICATION][INFO] robot-arm-04: joint load within bounds
2026-05-23T05:00:30Z [CONVEYOR][INFO] robot-arm-04: motion cycle complete
2026-05-23T05:00:45Z [LUBRICATION][WARN] robot-arm-04: heartbeat OK
2026-05-23T05:01:00Z [VISION-SYS][WARN] robot-arm-04: lubrication pump cycle complete
2026-05-23T05:01:15Z [LUBRICATION][WARN] robot-arm-04: joint load within bounds
2026-05-23T05:01:30Z [SAFETY-MON][ERROR] robot-arm-04: joint load within bounds
2026-05-23T05:01:45Z [CONVEYOR][ERROR] robot-arm-04: encoder read: pos=196.88
2026-05-23T05:02:00Z [LUBRICATION][ERROR] robot-arm-04: joint load within bounds
2026-05-23T05:02:15Z [LUBRICATION][INFO] robot-arm-04: encoder read: pos=47.88
2026-05-23T05:02:30Z [LUBRICATION][INFO] robot-arm-04: heartbeat OK
2026-05-23T05:02:45Z [LUBRICATION][INFO] robot-arm-04: temperature nominal: 68.8 C
2026-05-23T05:03:00Z [PLC-CTRL][WARN] robot-arm-04: cycle count: 1221605
2026-05-23T05:03:15Z [PLC-CTRL][INFO] robot-arm-04: temperature nominal: 38.6 C
2026-05-23T05:03:30Z [CONVEYOR][INFO] robot-arm-04: cycle count: 1081821
2026-05-23T05:03:45Z [PLC-CTRL][WARN] robot-arm-04: lubrication pump cycle complete
2026-05-23T05:04:00Z [MOTOR-DRV][WARN] robot-arm-04: servo response time: 12 ms
2026-05-23T05:04:15Z [VISION-SYS][WARN] robot-arm-04: motion cycle complete
2026-05-23T05:04:30Z [LUBRICATION][WARN] robot-arm-04: encoder read: pos=27.93
2026-05-23T05:04:45Z [PLC-CTRL][INFO] robot-arm-04: lubrication pump cycle complete
2026-05-23T05:05:00Z [PLC-CTRL][INFO] robot-arm-04: temperature nominal: 79.5 C
2026-05-23T05:05:15Z [MOTOR-DRV][INFO] robot-arm-04: cycle count: 1269066
2026-05-23T05:05:30Z [VISION-SYS][INFO] robot-arm-04: temperature nominal: 22.4 C
2026-05-23T05:05:45Z [SAFETY-MON][INFO] robot-arm-04: encoder read: pos=312.28
2026-05-23T05:06:00Z [CONVEYOR][WARN] robot-arm-04: cycle count: 1194994
2026-05-23T05:06:15Z [VISION-SYS][INFO] robot-arm-04: lubrication pump cycle complete
2026-05-23T05:06:30Z [CONVEYOR][WARN] robot-arm-04: lubrication pump cycle complete
2026-05-23T05:06:45Z [PLC-CTRL][INFO] robot-arm-04: motion cycle complete
2026-05-23T05:07:00Z [PLC-CTRL][WARN] robot-arm-04: motion cycle complete
2026-05-23T05:07:15Z [PLC-CTRL][INFO] robot-arm-04: temperature nominal: 28.7 C
2026-05-23T05:07:30Z [CONVEYOR][ERROR] robot-arm-04: temperature nominal: 23.9 C
2026-05-23T05:07:45Z [SAFETY-MON][INFO] robot-arm-04: cycle count: 1261792
2026-05-23T05:08:00Z [PLC-CTRL][INFO] robot-arm-04: temperature nominal: 52.3 C
2026-05-23T05:08:15Z [VISION-SYS][INFO] robot-arm-04: lubrication pump cycle complete
2026-05-23T05:08:30Z [LUBRICATION][WARN] robot-arm-04: encoder read: pos=13.12
2026-05-23T05:08:45Z [SAFETY-MON][INFO] robot-arm-04: temperature nominal: 33.1 C
2026-05-23T05:09:00Z [PLC-CTRL][WARN] robot-arm-04: motion cycle complete
2026-05-23T05:09:15Z [CONVEYOR][WARN] robot-arm-04: motion cycle complete
2026-05-23T05:09:30Z [SAFETY-MON][INFO] robot-arm-04: temperature nominal: 32.3 C
2026-05-23T05:09:45Z [VISION-SYS][INFO] robot-arm-04: heartbeat OK
2026-05-23T05:10:00Z [PLC-CTRL][INFO] robot-arm-04: motion cycle complete
2026-05-23T05:10:15Z [MOTOR-DRV][ERROR] robot-arm-04: heartbeat OK
2026-05-23T05:10:30Z [LUBRICATION][WARN] robot-arm-04: vision inspection pass
2026-05-23T05:10:45Z [VISION-SYS][INFO] robot-arm-04: encoder read: pos=301.39
2026-05-23T05:11:00Z [LUBRICATION][INFO] robot-arm-04: conveyor speed: 1089 rpm
2026-05-23T05:11:15Z [LUBRICATION][INFO] robot-arm-04: encoder read: pos=196.98
2026-05-23T05:11:30Z [SAFETY-MON][INFO] robot-arm-04: cycle count: 1025081
2026-05-23T05:11:45Z [PLC-CTRL][INFO] robot-arm-04: vision inspection pass
2026-05-23T05:12:00Z [SAFETY-MON][WARN] robot-arm-04: vision inspection pass
2026-05-23T05:12:15Z [PLC-CTRL][INFO] robot-arm-04: vision inspection pass
2026-05-23T05:12:30Z [SAFETY-MON][ERROR] robot-arm-04: encoder read: pos=90.12
2026-05-23T05:12:45Z [PLC-CTRL][INFO] robot-arm-04: lubrication pump cycle complete
2026-05-23T05:13:00Z [PLC-CTRL][INFO] robot-arm-04: joint load within bounds
2026-05-23T05:13:15Z [LUBRICATION][ERROR] robot-arm-04: vision inspection pass
2026-05-23T05:13:30Z [LUBRICATION][INFO] robot-arm-04: heartbeat OK
2026-05-23T05:13:45Z [MOTOR-DRV][INFO] robot-arm-04: conveyor speed: 1193 rpm
2026-05-23T05:14:00Z [LUBRICATION][WARN] robot-arm-04: lubrication pump cycle complete
2026-05-23T05:14:15Z [MOTOR-DRV][ERROR] robot-arm-04: encoder read: pos=170.99
2026-05-23T05:14:30Z [VISION-SYS][ERROR] robot-arm-04: temperature nominal: 33.2 C
2026-05-23T05:14:45Z [CONVEYOR][INFO] robot-arm-04: lubrication pump cycle complete
2026-05-23T05:15:00Z [SAFETY-MON][INFO] robot-arm-04: heartbeat OK
2026-05-23T05:15:15Z [PLC-CTRL][INFO] robot-arm-04: servo response time: 11 ms
2026-05-23T05:15:30Z [LUBRICATION][WARN] robot-arm-04: encoder read: pos=359.26
2026-05-23T05:15:45Z [SAFETY-MON][INFO] robot-arm-04: motion cycle complete
2026-05-23T05:16:00Z [SAFETY-MON][INFO] robot-arm-04: motion cycle complete
2026-05-23T05:16:15Z [MOTOR-DRV][INFO] robot-arm-04: cycle count: 1247481
2026-05-23T05:16:30Z [MOTOR-DRV][INFO] robot-arm-04: heartbeat OK
2026-05-23T05:16:45Z [CONVEYOR][INFO] robot-arm-04: conveyor speed: 1030 rpm
2026-05-23T05:17:00Z [LUBRICATION][WARN] robot-arm-04: servo response time: 14 ms
2026-05-23T05:17:15Z [PLC-CTRL][WARN] robot-arm-04: conveyor speed: 899 rpm
2026-05-23T05:17:30Z [PLC-CTRL][WARN] robot-arm-04: conveyor speed: 985 rpm
2026-05-23T05:17:45Z [MOTOR-DRV][INFO] robot-arm-04: motion cycle complete
2026-05-23T05:18:00Z [PLC-CTRL][INFO] robot-arm-04: vision inspection pass
2026-05-23T05:18:15Z [CONVEYOR][WARN] robot-arm-04: encoder read: pos=198.60
2026-05-23T05:18:30Z [SAFETY-MON][INFO] robot-arm-04: heartbeat OK
2026-05-23T05:18:45Z [PLC-CTRL][ERROR] robot-arm-04: conveyor speed: 1009 rpm
2026-05-23T05:19:00Z [VISION-SYS][INFO] robot-arm-04: motion cycle complete
2026-05-23T05:19:15Z [VISION-SYS][INFO] robot-arm-04: motion cycle complete
2026-05-23T05:19:30Z [MOTOR-DRV][ERROR] robot-arm-04: motion cycle complete
2026-05-23T05:19:45Z [LUBRICATION][INFO] robot-arm-04: vision inspection pass
2026-05-23T05:20:00Z [CONVEYOR][INFO] robot-arm-04: joint load within bounds
2026-05-23T05:20:15Z [SAFETY-MON][INFO] robot-arm-04: lubrication pump cycle complete
2026-05-23T05:20:30Z [LUBRICATION][ERROR] robot-arm-04: joint load within bounds
2026-05-23T05:20:45Z [LUBRICATION][INFO] robot-arm-04: servo response time: 12 ms
2026-05-23T05:21:00Z [VISION-SYS][INFO] robot-arm-04: lubrication pump cycle complete
2026-05-23T05:21:15Z [MOTOR-DRV][INFO] robot-arm-04: heartbeat OK
2026-05-23T05:21:30Z [CONVEYOR][WARN] robot-arm-04: temperature nominal: 68.6 C
2026-05-23T05:21:45Z [CONVEYOR][INFO] robot-arm-04: temperature nominal: 61.5 C
2026-05-23T05:22:00Z [CONVEYOR][INFO] robot-arm-04: servo response time: 4 ms
2026-05-23T05:22:15Z [LUBRICATION][INFO] robot-arm-04: servo response time: 2 ms
2026-05-23T05:22:30Z [VISION-SYS][INFO] robot-arm-04: motion cycle complete
2026-05-23T05:22:45Z [SAFETY-MON][WARN] robot-arm-04: lubrication pump cycle complete
2026-05-23T05:23:00Z [SAFETY-MON][WARN] robot-arm-04: servo response time: 6 ms
2026-05-23T05:23:15Z [PLC-CTRL][INFO] robot-arm-04: heartbeat OK
2026-05-23T05:23:30Z [SAFETY-MON][ERROR] robot-arm-04: servo response time: 4 ms
2026-05-23T05:23:45Z [CONVEYOR][INFO] robot-arm-04: conveyor speed: 1145 rpm
2026-05-23T05:24:00Z [MOTOR-DRV][INFO] robot-arm-04: heartbeat OK
2026-05-23T05:24:15Z [PLC-CTRL][WARN] robot-arm-04: motion cycle complete
2026-05-23T05:24:30Z [CONVEYOR][WARN] robot-arm-04: conveyor speed: 873 rpm
2026-05-23T05:24:45Z [PLC-CTRL][INFO] robot-arm-04: temperature nominal: 61.7 C
2026-05-23T05:25:00Z [VISION-SYS][WARN] robot-arm-04: joint load within bounds
2026-05-23T05:25:15Z [MOTOR-DRV][INFO] robot-arm-04: temperature nominal: 40.2 C
2026-05-23T05:25:30Z [VISION-SYS][WARN] robot-arm-04: joint load within bounds
2026-05-23T05:25:45Z [PLC-CTRL][INFO] robot-arm-04: encoder read: pos=107.70
2026-05-23T05:26:00Z [VISION-SYS][WARN] robot-arm-04: heartbeat OK
2026-05-23T05:26:15Z [SAFETY-MON][INFO] robot-arm-04: temperature nominal: 44.9 C
2026-05-23T05:26:30Z [VISION-SYS][INFO] robot-arm-04: heartbeat OK
2026-05-23T05:26:45Z [PLC-CTRL][INFO] robot-arm-04: motion cycle complete
2026-05-23T05:27:00Z [PLC-CTRL][WARN] robot-arm-04: cycle count: 1169600
2026-05-23T05:27:15Z [MOTOR-DRV][INFO] robot-arm-04: cycle count: 1006259
2026-05-23T05:27:30Z [LUBRICATION][INFO] robot-arm-04: motion cycle complete
2026-05-23T05:27:45Z [SAFETY-MON][ERROR] robot-arm-04: temperature nominal: 52.3 C
2026-05-23T05:28:00Z [PLC-CTRL][INFO] robot-arm-04: motion cycle complete
2026-05-23T05:28:15Z [VISION-SYS][INFO] robot-arm-04: cycle count: 1064937
2026-05-23T05:28:30Z [VISION-SYS][INFO] robot-arm-04: encoder read: pos=108.93
2026-05-23T05:28:45Z [SAFETY-MON][WARN] robot-arm-04: servo response time: 11 ms
2026-05-23T05:29:00Z [CONVEYOR][INFO] robot-arm-04: joint load within bounds
2026-05-23T05:29:15Z [SAFETY-MON][INFO] robot-arm-04: servo response time: 9 ms
2026-05-23T05:29:30Z [LUBRICATION][INFO] robot-arm-04: temperature nominal: 26.0 C
2026-05-23T05:29:45Z [CONVEYOR][INFO] robot-arm-04: heartbeat OK
2026-05-23T05:30:00Z [LUBRICATION][ERROR] robot-arm-04: encoder read: pos=153.82
2026-05-23T05:30:15Z [LUBRICATION][INFO] robot-arm-04: heartbeat OK
2026-05-23T05:30:30Z [LUBRICATION][WARN] robot-arm-04: motion cycle complete
2026-05-23T05:30:45Z [CONVEYOR][WARN] robot-arm-04: servo response time: 12 ms
2026-05-23T05:31:00Z [LUBRICATION][INFO] robot-arm-04: vision inspection pass
2026-05-23T05:31:15Z [PLC-CTRL][WARN] robot-arm-04: vision inspection pass
2026-05-23T05:31:30Z [PLC-CTRL][INFO] robot-arm-04: encoder read: pos=298.68
2026-05-23T05:31:45Z [CONVEYOR][ERROR] robot-arm-04: vision inspection pass
2026-05-23T05:32:00Z [LUBRICATION][INFO] robot-arm-04: vision inspection pass
2026-05-23T05:32:15Z [LUBRICATION][ERROR] robot-arm-04: cycle count: 1188488
2026-05-23T05:32:30Z [LUBRICATION][INFO] robot-arm-04: cycle count: 1296475
2026-05-23T05:32:45Z [SAFETY-MON][WARN] robot-arm-04: joint load within bounds
2026-05-23T05:33:00Z [MOTOR-DRV][INFO] robot-arm-04: motion cycle complete
2026-05-23T05:33:15Z [LUBRICATION][INFO] robot-arm-04: cycle count: 1245353
2026-05-23T05:33:30Z [MOTOR-DRV][ERROR] robot-arm-04: conveyor speed: 1048 rpm
2026-05-23T05:33:45Z [SAFETY-MON][INFO] robot-arm-04: heartbeat OK
2026-05-23T05:34:00Z [CONVEYOR][INFO] robot-arm-04: heartbeat OK
2026-05-23T05:34:15Z [CONVEYOR][INFO] robot-arm-04: heartbeat OK
2026-05-23T05:34:30Z [MOTOR-DRV][INFO] robot-arm-04: conveyor speed: 939 rpm
2026-05-23T05:34:45Z [CONVEYOR][INFO] robot-arm-04: conveyor speed: 877 rpm
2026-05-23T05:35:00Z [CONVEYOR][WARN] robot-arm-04: conveyor speed: 821 rpm
2026-05-23T05:35:15Z [VISION-SYS][WARN] robot-arm-04: cycle count: 1102660
2026-05-23T05:35:30Z [CONVEYOR][INFO] robot-arm-04: joint load within bounds
2026-05-23T05:35:45Z [PLC-CTRL][INFO] robot-arm-04: motion cycle complete
2026-05-23T05:36:00Z [SAFETY-MON][ERROR] robot-arm-04: temperature nominal: 53.3 C
2026-05-23T05:36:15Z [SAFETY-MON][WARN] robot-arm-04: vision inspection pass
2026-05-23T05:36:30Z [SAFETY-MON][ERROR] robot-arm-04: motion cycle complete
2026-05-23T05:36:45Z [PLC-CTRL][INFO] robot-arm-04: joint load within bounds
2026-05-23T05:37:00Z [LUBRICATION][INFO] robot-arm-04: cycle count: 1175644
2026-05-23T05:37:15Z [PLC-CTRL][INFO] robot-arm-04: encoder read: pos=316.71
2026-05-23T05:37:30Z [CONVEYOR][ERROR] robot-arm-04: heartbeat OK
2026-05-23T05:37:45Z [CONVEYOR][ERROR] robot-arm-04: conveyor speed: 1020 rpm
2026-05-23T05:38:00Z [LUBRICATION][ERROR] robot-arm-04: servo response time: 3 ms
2026-05-23T05:38:15Z [MOTOR-DRV][WARN] robot-arm-04: temperature nominal: 38.7 C
2026-05-23T05:38:30Z [SAFETY-MON][INFO] robot-arm-04: vision inspection pass
2026-05-23T05:38:45Z [MOTOR-DRV][ERROR] robot-arm-04: vision inspection pass
2026-05-23T05:39:00Z [CONVEYOR][INFO] robot-arm-04: cycle count: 1067059
2026-05-23T05:39:15Z [PLC-CTRL][INFO] robot-arm-04: heartbeat OK
2026-05-23T05:39:30Z [SAFETY-MON][INFO] robot-arm-04: vision inspection pass
2026-05-23T05:39:45Z [LUBRICATION][INFO] robot-arm-04: vision inspection pass
2026-05-23T05:40:00Z [VISION-SYS][WARN] robot-arm-04: conveyor speed: 803 rpm
2026-05-23T05:40:15Z [SAFETY-MON][ERROR] robot-arm-04: encoder read: pos=146.84
2026-05-23T05:40:30Z [PLC-CTRL][ERROR] robot-arm-04: cycle count: 1028644
2026-05-23T05:40:45Z [MOTOR-DRV][INFO] robot-arm-04: vision inspection pass
2026-05-23T05:41:00Z [CONVEYOR][ERROR] robot-arm-04: servo response time: 14 ms
2026-05-23T05:41:15Z [SAFETY-MON][INFO] robot-arm-04: lubrication pump cycle complete
2026-05-23T05:41:30Z [VISION-SYS][INFO] robot-arm-04: lubrication pump cycle complete
2026-05-23T05:41:45Z [MOTOR-DRV][INFO] robot-arm-04: cycle count: 1222493
2026-05-23T05:42:00Z [CONVEYOR][INFO] robot-arm-04: lubrication pump cycle complete
2026-05-23T05:42:15Z [LUBRICATION][INFO] robot-arm-04: joint load within bounds
2026-05-23T05:42:30Z [MOTOR-DRV][WARN] robot-arm-04: conveyor speed: 985 rpm
2026-05-23T05:42:45Z [VISION-SYS][INFO] robot-arm-04: temperature nominal: 70.2 C
2026-05-23T05:43:00Z [SAFETY-MON][WARN] robot-arm-04: vision inspection pass
2026-05-23T05:43:15Z [LUBRICATION][INFO] robot-arm-04: encoder read: pos=76.18
2026-05-23T05:43:30Z [MOTOR-DRV][ERROR] robot-arm-04: servo response time: 14 ms
2026-05-23T05:43:45Z [LUBRICATION][INFO] robot-arm-04: temperature nominal: 26.7 C
2026-05-23T05:44:00Z [CONVEYOR][INFO] robot-arm-04: cycle count: 1040133
2026-05-23T05:44:15Z [PLC-CTRL][INFO] robot-arm-04: encoder read: pos=92.74
2026-05-23T05:44:30Z [PLC-CTRL][WARN] robot-arm-04: lubrication pump cycle complete
2026-05-23T05:44:45Z [SAFETY-MON][WARN] robot-arm-04: lubrication pump cycle complete
2026-05-23T05:45:00Z [SAFETY-MON][INFO] robot-arm-04: encoder read: pos=289.59
2026-05-23T05:45:15Z [LUBRICATION][ERROR] robot-arm-04: encoder read: pos=277.88
2026-05-23T05:45:30Z [SAFETY-MON][INFO] robot-arm-04: servo response time: 12 ms
2026-05-23T05:45:45Z [CONVEYOR][WARN] robot-arm-04: servo response time: 8 ms
2026-05-23T05:46:00Z [LUBRICATION][INFO] robot-arm-04: encoder read: pos=315.65
2026-05-23T05:46:15Z [CONVEYOR][INFO] robot-arm-04: motion cycle complete
2026-05-23T05:46:30Z [PLC-CTRL][WARN] robot-arm-04: conveyor speed: 851 rpm
2026-05-23T05:46:45Z [LUBRICATION][INFO] robot-arm-04: cycle count: 1005936
2026-05-23T05:47:00Z [LUBRICATION][INFO] robot-arm-04: cycle count: 1254674
2026-05-23T05:47:15Z [SAFETY-MON][INFO] robot-arm-04: motion cycle complete
2026-05-23T05:47:30Z [VISION-SYS][INFO] robot-arm-04: motion cycle complete
2026-05-23T05:47:45Z [SAFETY-MON][INFO] robot-arm-04: vision inspection pass
2026-05-23T05:48:00Z [PLC-CTRL][INFO] robot-arm-04: joint load within bounds
2026-05-23T05:48:15Z [MOTOR-DRV][ERROR] robot-arm-04: servo response time: 12 ms
2026-05-23T05:48:30Z [LUBRICATION][WARN] robot-arm-04: vision inspection pass
2026-05-23T05:48:45Z [SAFETY-MON][INFO] robot-arm-04: vision inspection pass
2026-05-23T05:49:00Z [MOTOR-DRV][INFO] robot-arm-04: conveyor speed: 966 rpm
2026-05-23T05:49:15Z [SAFETY-MON][WARN] robot-arm-04: servo response time: 12 ms
2026-05-23T05:49:30Z [CONVEYOR][WARN] robot-arm-04: joint load within bounds
2026-05-23T05:49:45Z [LUBRICATION][INFO] robot-arm-04: encoder read: pos=79.10
2026-05-23T05:50:00Z [LUBRICATION][WARN] robot-arm-04: vision inspection pass
2026-05-23T05:50:15Z [PLC-CTRL][WARN] robot-arm-04: encoder read: pos=119.26
2026-05-23T05:50:30Z [CONVEYOR][WARN] robot-arm-04: vision inspection pass
2026-05-23T05:50:45Z [SAFETY-MON][ERROR] robot-arm-04: servo response time: 12 ms
2026-05-23T05:51:00Z [PLC-CTRL][WARN] robot-arm-04: motion cycle complete
2026-05-23T05:51:15Z [MOTOR-DRV][INFO] robot-arm-04: temperature nominal: 67.4 C
2026-05-23T05:51:30Z [SAFETY-MON][WARN] robot-arm-04: temperature nominal: 45.2 C
2026-05-23T05:51:45Z [CONVEYOR][WARN] robot-arm-04: temperature nominal: 46.0 C
2026-05-23T05:52:00Z [LUBRICATION][WARN] robot-arm-04: lubrication pump cycle complete
2026-05-23T05:52:15Z [PLC-CTRL][INFO] robot-arm-04: vision inspection pass
2026-05-23T05:52:30Z [SAFETY-MON][INFO] robot-arm-04: cycle count: 1125532
2026-05-23T05:52:45Z [LUBRICATION][INFO] robot-arm-04: servo response time: 15 ms
2026-05-23T05:53:00Z [SAFETY-MON][WARN] robot-arm-04: conveyor speed: 875 rpm
2026-05-23T05:53:15Z [VISION-SYS][ERROR] robot-arm-04: lubrication pump cycle complete
2026-05-23T05:53:30Z [PLC-CTRL][ERROR] robot-arm-04: lubrication pump cycle complete
2026-05-23T05:53:45Z [CONVEYOR][ERROR] robot-arm-04: motion cycle complete
2026-05-23T05:54:00Z [MOTOR-DRV][INFO] robot-arm-04: vision inspection pass
2026-05-23T05:54:15Z [LUBRICATION][INFO] robot-arm-04: motion cycle complete
2026-05-23T05:54:30Z [CONVEYOR][WARN] robot-arm-04: motion cycle complete
2026-05-23T05:54:45Z [PLC-CTRL][INFO] robot-arm-04: heartbeat OK
2026-05-23T05:55:00Z [SAFETY-MON][ERROR] robot-arm-04: encoder read: pos=324.87
2026-05-23T05:55:15Z [SAFETY-MON][WARN] robot-arm-04: heartbeat OK
2026-05-23T05:55:30Z [PLC-CTRL][WARN] robot-arm-04: conveyor speed: 1192 rpm
2026-05-23T05:55:45Z [PLC-CTRL][INFO] robot-arm-04: encoder read: pos=216.25
2026-05-23T05:56:00Z [PLC-CTRL][ERROR] robot-arm-04: servo response time: 7 ms
2026-05-23T05:56:15Z [SAFETY-MON][INFO] robot-arm-04: heartbeat OK
2026-05-23T05:56:30Z [CONVEYOR][INFO] robot-arm-04: joint load within bounds
2026-05-23T05:56:45Z [PLC-CTRL][INFO] robot-arm-04: cycle count: 1148339
2026-05-23T05:57:00Z [SAFETY-MON][INFO] robot-arm-04: lubrication pump cycle complete
2026-05-23T05:57:15Z [VISION-SYS][INFO] robot-arm-04: cycle count: 1041427
2026-05-23T05:57:30Z [CONVEYOR][WARN] robot-arm-04: joint load within bounds
2026-05-23T05:57:45Z [VISION-SYS][WARN] robot-arm-04: lubrication pump cycle complete
2026-05-23T05:58:00Z [MOTOR-DRV][INFO] robot-arm-04: lubrication pump cycle complete
2026-05-23T05:58:15Z [SAFETY-MON][INFO] robot-arm-04: temperature nominal: 67.8 C
2026-05-23T05:58:30Z [LUBRICATION][ERROR] robot-arm-04: motion cycle complete
2026-05-23T05:58:45Z [SAFETY-MON][INFO] robot-arm-04: temperature nominal: 80.7 C
2026-05-23T05:59:00Z [MOTOR-DRV][INFO] robot-arm-04: joint load within bounds
2026-05-23T05:59:15Z [SAFETY-MON][INFO] robot-arm-04: encoder read: pos=30.58
2026-05-23T05:59:30Z [PLC-CTRL][WARN] robot-arm-04: joint load within bounds
2026-05-23T05:59:45Z [PLC-CTRL][INFO] robot-arm-04: conveyor speed: 940 rpm
2026-05-23T06:00:00Z [SAFETY-MON][WARN] robot-arm-04: servo response time: 6 ms
2026-05-23T06:00:15Z [PLC-CTRL][INFO] robot-arm-04: encoder read: pos=245.68
2026-05-23T06:00:30Z [SAFETY-MON][WARN] robot-arm-04: lubrication pump cycle complete
2026-05-23T06:00:45Z [VISION-SYS][WARN] robot-arm-04: heartbeat OK
2026-05-23T06:01:00Z [PLC-CTRL][ERROR] robot-arm-04: motion cycle complete
2026-05-23T06:01:15Z [MOTOR-DRV][INFO] robot-arm-04: motion cycle complete
2026-05-23T06:01:30Z [LUBRICATION][INFO] robot-arm-04: cycle count: 1279605
2026-05-23T06:01:45Z [CONVEYOR][WARN] robot-arm-04: servo response time: 10 ms
2026-05-23T06:02:00Z [CONVEYOR][WARN] robot-arm-04: joint load within bounds
2026-05-23T06:02:15Z [PLC-CTRL][INFO] robot-arm-04: vision inspection pass
2026-05-23T06:02:30Z [VISION-SYS][INFO] robot-arm-04: lubrication pump cycle complete
2026-05-23T06:02:45Z [LUBRICATION][WARN] robot-arm-04: lubrication pump cycle complete
2026-05-23T06:03:00Z [SAFETY-MON][INFO] robot-arm-04: vision inspection pass
2026-05-23T06:03:15Z [CONVEYOR][INFO] robot-arm-04: servo response time: 15 ms
2026-05-23T06:03:30Z [CONVEYOR][ERROR] robot-arm-04: heartbeat OK
2026-05-23T06:03:45Z [MOTOR-DRV][INFO] robot-arm-04: cycle count: 1147357
2026-05-23T06:04:00Z [CONVEYOR][WARN] robot-arm-04: servo response time: 4 ms
2026-05-23T06:04:15Z [CONVEYOR][WARN] robot-arm-04: servo response time: 12 ms
2026-05-23T06:04:30Z [PLC-CTRL][INFO] robot-arm-04: heartbeat OK
2026-05-23T06:04:45Z [LUBRICATION][INFO] robot-arm-04: joint load within bounds
2026-05-23T06:05:00Z [VISION-SYS][INFO] robot-arm-04: servo response time: 14 ms
2026-05-23T06:05:15Z [SAFETY-MON][WARN] robot-arm-04: joint load within bounds
2026-05-23T06:05:30Z [LUBRICATION][ERROR] robot-arm-04: vision inspection pass
2026-05-23T06:05:45Z [PLC-CTRL][WARN] robot-arm-04: conveyor speed: 1055 rpm
2026-05-23T06:06:00Z [MOTOR-DRV][INFO] robot-arm-04: lubrication pump cycle complete
2026-05-23T06:06:15Z [PLC-CTRL][INFO] robot-arm-04: encoder read: pos=166.23
2026-05-23T06:06:30Z [SAFETY-MON][INFO] robot-arm-04: lubrication pump cycle complete
2026-05-23T06:06:45Z [PLC-CTRL][INFO] robot-arm-04: servo response time: 14 ms
2026-05-23T06:07:00Z [MOTOR-DRV][INFO] robot-arm-04: cycle count: 1212967
2026-05-23T06:07:15Z [LUBRICATION][WARN] robot-arm-04: lubrication pump cycle complete
2026-05-23T06:07:30Z [VISION-SYS][INFO] robot-arm-04: joint load within bounds
2026-05-23T06:07:45Z [PLC-CTRL][ERROR] robot-arm-04: motion cycle complete
2026-05-23T06:08:00Z [SAFETY-MON][WARN] robot-arm-04: vision inspection pass
2026-05-23T06:08:15Z [LUBRICATION][INFO] robot-arm-04: encoder read: pos=98.42
2026-05-23T06:08:30Z [PLC-CTRL][INFO] robot-arm-04: cycle count: 1141807
2026-05-23T06:08:45Z [MOTOR-DRV][WARN] robot-arm-04: servo response time: 3 ms
2026-05-23T06:09:00Z [MOTOR-DRV][INFO] robot-arm-04: cycle count: 1028804
2026-05-23T06:09:15Z [VISION-SYS][WARN] robot-arm-04: lubrication pump cycle complete
2026-05-23T06:09:30Z [MOTOR-DRV][INFO] robot-arm-04: motion cycle complete
2026-05-23T06:09:45Z [CONVEYOR][INFO] robot-arm-04: temperature nominal: 68.0 C
2026-05-23T06:10:00Z [MOTOR-DRV][WARN] robot-arm-04: motion cycle complete
2026-05-23T06:10:15Z [CONVEYOR][INFO] robot-arm-04: cycle count: 1085987
2026-05-23T06:10:30Z [SAFETY-MON][INFO] robot-arm-04: encoder read: pos=335.03
2026-05-23T06:10:45Z [CONVEYOR][WARN] robot-arm-04: servo response time: 14 ms
2026-05-23T06:11:00Z [LUBRICATION][ERROR] robot-arm-04: lubrication pump cycle complete
2026-05-23T06:11:15Z [VISION-SYS][WARN] robot-arm-04: heartbeat OK
2026-05-23T06:11:30Z [MOTOR-DRV][ERROR] robot-arm-04: vision inspection pass
2026-05-23T06:11:45Z [SAFETY-MON][INFO] robot-arm-04: cycle count: 1019419
2026-05-23T06:12:00Z [SAFETY-MON][WARN] robot-arm-04: conveyor speed: 966 rpm
2026-05-23T06:12:15Z [SAFETY-MON][INFO] robot-arm-04: lubrication pump cycle complete
2026-05-23T06:12:30Z [PLC-CTRL][WARN] robot-arm-04: conveyor speed: 801 rpm
2026-05-23T06:12:45Z [VISION-SYS][INFO] robot-arm-04: servo response time: 7 ms
2026-05-23T06:13:00Z [CONVEYOR][INFO] robot-arm-04: temperature nominal: 57.5 C
2026-05-23T06:13:15Z [PLC-CTRL][INFO] robot-arm-04: motion cycle complete
2026-05-23T06:13:30Z [VISION-SYS][INFO] robot-arm-04: servo response time: 3 ms
2026-05-23T06:13:45Z [LUBRICATION][INFO] robot-arm-04: cycle count: 1138081
2026-05-23T06:14:00Z [LUBRICATION][WARN] robot-arm-04: motion cycle complete
2026-05-23T06:14:15Z [CONVEYOR][WARN] robot-arm-04: vision inspection pass
2026-05-23T06:14:30Z [CONVEYOR][INFO] robot-arm-04: motion cycle complete
2026-05-23T06:14:45Z [SAFETY-MON][WARN] robot-arm-04: lubrication pump cycle complete
2026-05-23T06:15:00Z [SAFETY-MON][INFO] robot-arm-04: servo response time: 8 ms
2026-05-23T06:15:15Z [SAFETY-MON][ERROR] robot-arm-04: encoder read: pos=316.11
2026-05-23T06:15:30Z [PLC-CTRL][INFO] robot-arm-04: heartbeat OK
2026-05-23T06:15:45Z [SAFETY-MON][INFO] robot-arm-04: motion cycle complete
2026-05-23T06:16:00Z [CONVEYOR][WARN] robot-arm-04: temperature nominal: 43.3 C
2026-05-23T06:16:15Z [MOTOR-DRV][WARN] robot-arm-04: joint load within bounds
2026-05-23T06:16:30Z [VISION-SYS][INFO] robot-arm-04: motion cycle complete
2026-05-23T06:16:45Z [MOTOR-DRV][INFO] robot-arm-04: encoder read: pos=162.23
2026-05-23T06:17:00Z [VISION-SYS][WARN] robot-arm-04: encoder read: pos=153.25
2026-05-23T06:17:15Z [VISION-SYS][INFO] robot-arm-04: motion cycle complete
2026-05-23T06:17:30Z [PLC-CTRL][WARN] robot-arm-04: cycle count: 1144674
2026-05-23T06:17:45Z [SAFETY-MON][WARN] robot-arm-04: conveyor speed: 852 rpm
2026-05-23T06:18:00Z [MOTOR-DRV][ERROR] robot-arm-04: encoder read: pos=219.79
2026-05-23T06:18:15Z [SAFETY-MON][ERROR] robot-arm-04: cycle count: 1030561
2026-05-23T06:18:30Z [CONVEYOR][INFO] robot-arm-04: cycle count: 1118128
2026-05-23T06:18:45Z [VISION-SYS][INFO] robot-arm-04: motion cycle complete
2026-05-23T06:19:00Z [CONVEYOR][INFO] robot-arm-04: motion cycle complete
2026-05-23T06:19:15Z [SAFETY-MON][INFO] robot-arm-04: joint load within bounds
2026-05-23T06:19:30Z [CONVEYOR][ERROR] robot-arm-04: vision inspection pass
2026-05-23T06:19:45Z [PLC-CTRL][ERROR] robot-arm-04: lubrication pump cycle complete
2026-05-23T06:20:00Z [PLC-CTRL][ERROR] robot-arm-04: encoder read: pos=265.66
2026-05-23T06:20:15Z [LUBRICATION][ERROR] robot-arm-04: encoder read: pos=70.69
2026-05-23T06:20:30Z [LUBRICATION][INFO] robot-arm-04: conveyor speed: 1015 rpm
2026-05-23T06:20:45Z [SAFETY-MON][INFO] robot-arm-04: conveyor speed: 932 rpm
2026-05-23T06:21:00Z [MOTOR-DRV][ERROR] robot-arm-04: joint load within bounds
2026-05-23T06:21:15Z [SAFETY-MON][INFO] robot-arm-04: conveyor speed: 927 rpm
2026-05-23T06:21:30Z [PLC-CTRL][INFO] robot-arm-04: heartbeat OK
2026-05-23T06:21:45Z [PLC-CTRL][ERROR] robot-arm-04: joint load within bounds
2026-05-23T06:22:00Z [LUBRICATION][INFO] robot-arm-04: encoder read: pos=210.85
2026-05-23T06:22:15Z [MOTOR-DRV][INFO] robot-arm-04: motion cycle complete
2026-05-23T06:22:30Z [SAFETY-MON][INFO] robot-arm-04: conveyor speed: 1002 rpm
2026-05-23T06:22:45Z [SAFETY-MON][INFO] robot-arm-04: temperature nominal: 82.4 C
2026-05-23T06:23:00Z [CONVEYOR][INFO] robot-arm-04: temperature nominal: 61.1 C
2026-05-23T06:23:15Z [LUBRICATION][INFO] robot-arm-04: lubrication pump cycle complete
2026-05-23T06:23:30Z [MOTOR-DRV][WARN] robot-arm-04: cycle count: 1157412
2026-05-23T06:23:45Z [CONVEYOR][INFO] robot-arm-04: heartbeat OK
2026-05-23T06:24:00Z [PLC-CTRL][INFO] robot-arm-04: encoder read: pos=180.79
2026-05-23T06:24:15Z [MOTOR-DRV][INFO] robot-arm-04: lubrication pump cycle complete
2026-05-23T06:24:30Z [SAFETY-MON][WARN] robot-arm-04: lubrication pump cycle complete
2026-05-23T06:24:45Z [PLC-CTRL][WARN] robot-arm-04: temperature nominal: 21.2 C
2026-05-23T06:25:00Z [VISION-SYS][ERROR] robot-arm-04: conveyor speed: 882 rpm
2026-05-23T06:25:15Z [MOTOR-DRV][WARN] robot-arm-04: heartbeat OK
2026-05-23T06:25:30Z [MOTOR-DRV][INFO] robot-arm-04: servo response time: 2 ms
2026-05-23T06:25:45Z [CONVEYOR][INFO] robot-arm-04: conveyor speed: 1148 rpm
2026-05-23T06:26:00Z [SAFETY-MON][WARN] robot-arm-04: servo response time: 3 ms
2026-05-23T06:26:15Z [CONVEYOR][INFO] robot-arm-04: conveyor speed: 928 rpm
2026-05-23T06:26:30Z [MOTOR-DRV][INFO] robot-arm-04: lubrication pump cycle complete
2026-05-23T06:26:45Z [LUBRICATION][INFO] robot-arm-04: servo response time: 2 ms
2026-05-23T06:27:00Z [CONVEYOR][INFO] robot-arm-04: motion cycle complete
2026-05-23T06:27:15Z [VISION-SYS][INFO] robot-arm-04: joint load within bounds
2026-05-23T06:27:30Z [PLC-CTRL][ERROR] robot-arm-04: temperature nominal: 80.9 C
2026-05-23T06:27:45Z [PLC-CTRL][WARN] robot-arm-04: vision inspection pass
2026-05-23T06:28:00Z [SAFETY-MON][ERROR] robot-arm-04: temperature nominal: 45.2 C
2026-05-23T06:28:15Z [VISION-SYS][INFO] robot-arm-04: joint load within bounds
2026-05-23T06:28:30Z [CONVEYOR][WARN] robot-arm-04: servo response time: 15 ms
2026-05-23T06:28:45Z [PLC-CTRL][WARN] robot-arm-04: lubrication pump cycle complete
2026-05-23T06:29:00Z [SAFETY-MON][INFO] robot-arm-04: joint load within bounds
2026-05-23T06:29:15Z [PLC-CTRL][WARN] robot-arm-04: joint load within bounds
2026-05-23T06:29:30Z [VISION-SYS][INFO] robot-arm-04: vision inspection pass
2026-05-23T06:29:45Z [SAFETY-MON][INFO] robot-arm-04: encoder read: pos=150.10
2026-05-23T06:30:00Z [PLC-CTRL][ERROR] robot-arm-04: cycle count: 1101470
2026-05-23T06:30:15Z [SAFETY-MON][INFO] robot-arm-04: motion cycle complete
2026-05-23T06:30:30Z [VISION-SYS][INFO] robot-arm-04: cycle count: 1169543
2026-05-23T06:30:45Z [CONVEYOR][INFO] robot-arm-04: motion cycle complete
2026-05-23T06:31:00Z [SAFETY-MON][INFO] robot-arm-04: vision inspection pass
2026-05-23T06:31:15Z [PLC-CTRL][INFO] robot-arm-04: motion cycle complete
2026-05-23T06:31:30Z [MOTOR-DRV][INFO] robot-arm-04: motion cycle complete
2026-05-23T06:31:45Z [PLC-CTRL][INFO] robot-arm-04: joint load within bounds
2026-05-23T06:32:00Z [SAFETY-MON][INFO] robot-arm-04: servo response time: 11 ms
2026-05-23T06:32:15Z [SAFETY-MON][ERROR] robot-arm-04: servo response time: 17 ms
2026-05-23T06:32:30Z [PLC-CTRL][WARN] robot-arm-04: motion cycle complete
2026-05-23T06:32:45Z [VISION-SYS][INFO] robot-arm-04: cycle count: 1108257
2026-05-23T06:33:00Z [MOTOR-DRV][INFO] robot-arm-04: lubrication pump cycle complete
2026-05-23T06:33:15Z [VISION-SYS][WARN] robot-arm-04: joint load within bounds
2026-05-23T06:33:30Z [MOTOR-DRV][INFO] robot-arm-04: servo response time: 18 ms
2026-05-23T06:33:45Z [SAFETY-MON][INFO] robot-arm-04: joint load within bounds
2026-05-23T06:34:00Z [VISION-SYS][INFO] robot-arm-04: temperature nominal: 51.5 C
2026-05-23T06:34:15Z [SAFETY-MON][INFO] robot-arm-04: heartbeat OK
2026-05-23T06:34:30Z [VISION-SYS][INFO] robot-arm-04: heartbeat OK
2026-05-23T06:34:45Z [PLC-CTRL][INFO] robot-arm-04: servo response time: 5 ms
2026-05-23T06:35:00Z [SAFETY-MON][INFO] robot-arm-04: encoder read: pos=298.86
2026-05-23T06:35:15Z [MOTOR-DRV][ERROR] robot-arm-04: conveyor speed: 829 rpm
2026-05-23T06:35:30Z [PLC-CTRL][ERROR] robot-arm-04: cycle count: 1271950
2026-05-23T06:35:45Z [MOTOR-DRV][ERROR] robot-arm-04: encoder read: pos=327.79
2026-05-23T06:36:00Z [VISION-SYS][ERROR] robot-arm-04: temperature nominal: 82.4 C
2026-05-23T06:36:15Z [LUBRICATION][ERROR] robot-arm-04: vision inspection pass
2026-05-23T06:36:30Z [CONVEYOR][WARN] robot-arm-04: vision inspection pass
2026-05-23T06:36:45Z [LUBRICATION][INFO] robot-arm-04: lubrication pump cycle complete
2026-05-23T06:37:00Z [PLC-CTRL][WARN] robot-arm-04: vision inspection pass
2026-05-23T06:37:15Z [LUBRICATION][ERROR] robot-arm-04: motion cycle complete
2026-05-23T06:37:30Z [MOTOR-DRV][INFO] robot-arm-04: encoder read: pos=8.32
2026-05-23T06:37:45Z [VISION-SYS][ERROR] robot-arm-04: servo response time: 10 ms
2026-05-23T06:38:00Z [PLC-CTRL][ERROR] robot-arm-04: vision inspection pass
2026-05-23T06:38:15Z [SAFETY-MON][INFO] robot-arm-04: cycle count: 1068049
2026-05-23T06:38:30Z [CONVEYOR][INFO] robot-arm-04: joint load within bounds
2026-05-23T06:38:45Z [VISION-SYS][WARN] robot-arm-04: vision inspection pass
2026-05-23T06:39:00Z [LUBRICATION][WARN] robot-arm-04: cycle count: 1199193
2026-05-23T06:39:15Z [MOTOR-DRV][INFO] robot-arm-04: joint load within bounds
2026-05-23T06:39:30Z [CONVEYOR][WARN] robot-arm-04: motion cycle complete
2026-05-23T06:39:45Z [PLC-CTRL][INFO] robot-arm-04: temperature nominal: 57.1 C
2026-05-23T06:40:00Z [MOTOR-DRV][INFO] robot-arm-04: motion cycle complete
2026-05-23T06:40:15Z [LUBRICATION][WARN] robot-arm-04: vision inspection pass
2026-05-23T06:40:30Z [MOTOR-DRV][INFO] robot-arm-04: joint load within bounds
2026-05-23T06:40:45Z [SAFETY-MON][WARN] robot-arm-04: joint load within bounds
2026-05-23T06:41:00Z [SAFETY-MON][INFO] robot-arm-04: temperature nominal: 84.3 C
2026-05-23T06:41:15Z [CONVEYOR][INFO] robot-arm-04: temperature nominal: 67.3 C
2026-05-23T06:41:30Z [MOTOR-DRV][INFO] robot-arm-04: joint load within bounds
2026-05-23T06:41:45Z [CONVEYOR][INFO] robot-arm-04: motion cycle complete
2026-05-23T06:42:00Z [VISION-SYS][INFO] robot-arm-04: conveyor speed: 1049 rpm
2026-05-23T06:42:15Z [LUBRICATION][ERROR] robot-arm-04: encoder read: pos=5.24
2026-05-23T06:42:30Z [VISION-SYS][INFO] robot-arm-04: heartbeat OK
2026-05-23T06:42:45Z [PLC-CTRL][ERROR] robot-arm-04: temperature nominal: 45.2 C
2026-05-23T06:43:00Z [MOTOR-DRV][WARN] robot-arm-04: heartbeat OK
2026-05-23T06:43:15Z [MOTOR-DRV][INFO] robot-arm-04: joint load within bounds
2026-05-23T06:43:30Z [VISION-SYS][INFO] robot-arm-04: lubrication pump cycle complete
2026-05-23T06:43:45Z [VISION-SYS][WARN] robot-arm-04: servo response time: 11 ms
2026-05-23T06:44:00Z [PLC-CTRL][INFO] robot-arm-04: conveyor speed: 1200 rpm
2026-05-23T06:44:15Z [MOTOR-DRV][ERROR] robot-arm-04: vision inspection pass
2026-05-23T06:44:30Z [LUBRICATION][INFO] robot-arm-04: conveyor speed: 958 rpm
2026-05-23T06:44:45Z [CONVEYOR][INFO] robot-arm-04: vision inspection pass
2026-05-23T06:45:00Z [SAFETY-MON][INFO] robot-arm-04: lubrication pump cycle complete
2026-05-23T06:45:15Z [CONVEYOR][WARN] robot-arm-04: encoder read: pos=308.03
2026-05-23T06:45:30Z [LUBRICATION][INFO] robot-arm-04: joint load within bounds
2026-05-23T06:45:45Z [VISION-SYS][WARN] robot-arm-04: motion cycle complete
2026-05-23T06:46:00Z [MOTOR-DRV][ERROR] robot-arm-04: cycle count: 1157373
2026-05-23T06:46:15Z [VISION-SYS][INFO] robot-arm-04: encoder read: pos=340.96
2026-05-23T06:46:30Z [PLC-CTRL][INFO] robot-arm-04: encoder read: pos=276.93
2026-05-23T06:46:45Z [CONVEYOR][INFO] robot-arm-04: lubrication pump cycle complete
2026-05-23T06:47:00Z [CONVEYOR][WARN] robot-arm-04: servo response time: 13 ms
2026-05-23T06:47:15Z [PLC-CTRL][INFO] robot-arm-04: lubrication pump cycle complete
2026-05-23T06:47:30Z [CONVEYOR][INFO] robot-arm-04: lubrication pump cycle complete
2026-05-23T06:47:45Z [MOTOR-DRV][INFO] robot-arm-04: conveyor speed: 1092 rpm
2026-05-23T06:48:00Z [SAFETY-MON][ERROR] robot-arm-04: lubrication pump cycle complete
2026-05-23T06:48:15Z [CONVEYOR][INFO] robot-arm-04: conveyor speed: 950 rpm
2026-05-23T06:48:30Z [CONVEYOR][INFO] robot-arm-04: joint load within bounds
2026-05-23T06:48:45Z [VISION-SYS][ERROR] robot-arm-04: conveyor speed: 875 rpm
2026-05-23T06:49:00Z [SAFETY-MON][WARN] robot-arm-04: temperature nominal: 31.3 C
2026-05-23T06:49:15Z [MOTOR-DRV][WARN] robot-arm-04: temperature nominal: 24.6 C
2026-05-23T06:49:30Z [LUBRICATION][INFO] robot-arm-04: cycle count: 1200448
2026-05-23T06:49:45Z [LUBRICATION][ERROR] robot-arm-04: lubrication pump cycle complete
2026-05-23T06:50:00Z [SAFETY-MON][INFO] robot-arm-04: joint load within bounds
2026-05-23T06:50:15Z [CONVEYOR][INFO] robot-arm-04: conveyor speed: 1186 rpm
2026-05-23T06:50:30Z [CONVEYOR][WARN] robot-arm-04: motion cycle complete
2026-05-23T06:50:45Z [LUBRICATION][WARN] robot-arm-04: motion cycle complete
2026-05-23T06:51:00Z [CONVEYOR][INFO] robot-arm-04: vision inspection pass
2026-05-23T06:51:15Z [MOTOR-DRV][ERROR] robot-arm-04: cycle count: 1258250
2026-05-23T06:51:30Z [PLC-CTRL][INFO] robot-arm-04: cycle count: 1070521
2026-05-23T06:51:45Z [CONVEYOR][ERROR] robot-arm-04: joint load within bounds
2026-05-23T06:52:00Z [MOTOR-DRV][INFO] robot-arm-04: vision inspection pass
2026-05-23T06:52:15Z [SAFETY-MON][WARN] robot-arm-04: temperature nominal: 32.4 C
2026-05-23T06:52:30Z [SAFETY-MON][INFO] robot-arm-04: conveyor speed: 1129 rpm
2026-05-23T06:52:45Z [VISION-SYS][INFO] robot-arm-04: heartbeat OK
2026-05-23T06:53:00Z [VISION-SYS][INFO] robot-arm-04: temperature nominal: 48.7 C
2026-05-23T06:53:15Z [SAFETY-MON][WARN] robot-arm-04: encoder read: pos=334.49
2026-05-23T06:53:30Z [PLC-CTRL][INFO] robot-arm-04: servo response time: 9 ms
2026-05-23T06:53:45Z [MOTOR-DRV][INFO] robot-arm-04: lubrication pump cycle complete
2026-05-23T06:54:00Z [MOTOR-DRV][WARN] robot-arm-04: conveyor speed: 859 rpm
2026-05-23T06:54:15Z [SAFETY-MON][INFO] robot-arm-04: joint load within bounds
2026-05-23T06:54:30Z [CONVEYOR][ERROR] robot-arm-04: encoder read: pos=184.40
2026-05-23T06:54:45Z [SAFETY-MON][ERROR] robot-arm-04: vision inspection pass
2026-05-23T06:55:00Z [SAFETY-MON][INFO] robot-arm-04: lubrication pump cycle complete
2026-05-23T06:55:15Z [CONVEYOR][INFO] robot-arm-04: encoder read: pos=208.78
2026-05-23T06:55:30Z [CONVEYOR][ERROR] robot-arm-04: cycle count: 1119769
2026-05-23T06:55:45Z [MOTOR-DRV][WARN] robot-arm-04: temperature nominal: 48.1 C
2026-05-23T06:56:00Z [MOTOR-DRV][ERROR] robot-arm-04: heartbeat OK
2026-05-23T06:56:15Z [MOTOR-DRV][INFO] robot-arm-04: servo response time: 7 ms
2026-05-23T06:56:30Z [LUBRICATION][INFO] robot-arm-04: heartbeat OK
2026-05-23T06:56:45Z [LUBRICATION][INFO] robot-arm-04: servo response time: 17 ms
2026-05-23T06:57:00Z [CONVEYOR][INFO] robot-arm-04: conveyor speed: 953 rpm
2026-05-23T06:57:15Z [VISION-SYS][WARN] robot-arm-04: conveyor speed: 827 rpm
2026-05-23T06:57:30Z [LUBRICATION][INFO] robot-arm-04: encoder read: pos=32.61
2026-05-23T06:57:45Z [PLC-CTRL][INFO] robot-arm-04: cycle count: 1243568
2026-05-23T06:58:00Z [CONVEYOR][INFO] robot-arm-04: servo response time: 17 ms
2026-05-23T06:58:15Z [MOTOR-DRV][WARN] robot-arm-04: encoder read: pos=266.27
2026-05-23T06:58:30Z [VISION-SYS][INFO] robot-arm-04: heartbeat OK
2026-05-23T06:58:45Z [PLC-CTRL][ERROR] robot-arm-04: motion cycle complete
2026-05-23T06:59:00Z [LUBRICATION][WARN] robot-arm-04: motion cycle complete
2026-05-23T06:59:15Z [SAFETY-MON][WARN] robot-arm-04: joint load within bounds
2026-05-23T06:59:30Z [LUBRICATION][WARN] robot-arm-04: lubrication pump cycle complete
2026-05-23T06:59:45Z [LUBRICATION][INFO] robot-arm-04: conveyor speed: 1138 rpm
2026-05-23T07:00:00Z [PLC-CTRL][INFO] robot-arm-04: heartbeat OK
2026-05-23T07:00:15Z [LUBRICATION][WARN] robot-arm-04: motion cycle complete
2026-05-23T07:00:30Z [CONVEYOR][WARN] robot-arm-04: encoder read: pos=125.40
2026-05-23T07:00:45Z [SAFETY-MON][INFO] robot-arm-04: vision inspection pass
2026-05-23T07:01:00Z [LUBRICATION][WARN] robot-arm-04: vision inspection pass
2026-05-23T07:01:15Z [MOTOR-DRV][ERROR] robot-arm-04: heartbeat OK
2026-05-23T07:01:30Z [MOTOR-DRV][WARN] robot-arm-04: joint load within bounds
2026-05-23T07:01:45Z [LUBRICATION][WARN] robot-arm-04: joint load within bounds
2026-05-23T07:02:00Z [SAFETY-MON][INFO] robot-arm-04: lubrication pump cycle complete
2026-05-23T07:02:15Z [PLC-CTRL][INFO] robot-arm-04: conveyor speed: 1094 rpm
2026-05-23T07:02:30Z [CONVEYOR][INFO] robot-arm-04: temperature nominal: 38.6 C
2026-05-23T07:02:45Z [VISION-SYS][INFO] robot-arm-04: temperature nominal: 76.8 C
2026-05-23T07:03:00Z [MOTOR-DRV][WARN] robot-arm-04: encoder read: pos=106.14
2026-05-23T07:03:15Z [MOTOR-DRV][INFO] robot-arm-04: cycle count: 1203357
2026-05-23T07:03:30Z [PLC-CTRL][INFO] robot-arm-04: heartbeat OK
2026-05-23T07:03:45Z [CONVEYOR][ERROR] robot-arm-04: conveyor speed: 1025 rpm
2026-05-23T07:04:00Z [VISION-SYS][INFO] robot-arm-04: temperature nominal: 77.5 C
2026-05-23T07:04:15Z [SAFETY-MON][INFO] robot-arm-04: cycle count: 1282651
2026-05-23T07:04:30Z [CONVEYOR][WARN] robot-arm-04: heartbeat OK
2026-05-23T07:04:45Z [MOTOR-DRV][WARN] robot-arm-04: conveyor speed: 1135 rpm
2026-05-23T07:05:00Z [LUBRICATION][INFO] robot-arm-04: joint load within bounds
2026-05-23T07:05:15Z [LUBRICATION][INFO] robot-arm-04: temperature nominal: 29.7 C
2026-05-23T07:05:30Z [SAFETY-MON][WARN] robot-arm-04: temperature nominal: 73.4 C
2026-05-23T07:05:45Z [SAFETY-MON][INFO] robot-arm-04: cycle count: 1272478
2026-05-23T07:06:00Z [MOTOR-DRV][INFO] robot-arm-04: encoder read: pos=110.88
2026-05-23T07:06:15Z [SAFETY-MON][INFO] robot-arm-04: vision inspection pass
2026-05-23T07:06:30Z [CONVEYOR][INFO] robot-arm-04: cycle count: 1264551
2026-05-23T07:06:45Z [LUBRICATION][INFO] robot-arm-04: conveyor speed: 983 rpm
2026-05-23T07:07:00Z [SAFETY-MON][INFO] robot-arm-04: conveyor speed: 918 rpm
2026-05-23T07:07:15Z [VISION-SYS][INFO] robot-arm-04: cycle count: 1137614
2026-05-23T07:07:30Z [PLC-CTRL][ERROR] robot-arm-04: heartbeat OK
2026-05-23T07:07:45Z [MOTOR-DRV][INFO] robot-arm-04: heartbeat OK
2026-05-23T07:08:00Z [CONVEYOR][INFO] robot-arm-04: joint load within bounds
2026-05-23T07:08:15Z [PLC-CTRL][ERROR] robot-arm-04: cycle count: 1146573
2026-05-23T07:08:30Z [PLC-CTRL][INFO] robot-arm-04: temperature nominal: 57.6 C
2026-05-23T07:08:45Z [SAFETY-MON][INFO] robot-arm-04: conveyor speed: 1199 rpm
2026-05-23T07:09:00Z [PLC-CTRL][ERROR] robot-arm-04: conveyor speed: 806 rpm
2026-05-23T07:09:15Z [PLC-CTRL][WARN] robot-arm-04: motion cycle complete
2026-05-23T07:09:30Z [SAFETY-MON][INFO] robot-arm-04: cycle count: 1214187
2026-05-23T07:09:45Z [SAFETY-MON][ERROR] robot-arm-04: servo response time: 3 ms
2026-05-23T07:10:00Z [PLC-CTRL][INFO] robot-arm-04: joint load within bounds
2026-05-23T07:10:15Z [CONVEYOR][INFO] robot-arm-04: encoder read: pos=123.50
2026-05-23T07:10:30Z [MOTOR-DRV][ERROR] robot-arm-04: vision inspection pass
2026-05-23T07:10:45Z [CONVEYOR][INFO] robot-arm-04: motion cycle complete
2026-05-23T07:11:00Z [VISION-SYS][WARN] robot-arm-04: temperature nominal: 68.6 C
2026-05-23T07:11:15Z [PLC-CTRL][ERROR] robot-arm-04: lubrication pump cycle complete
2026-05-23T07:11:30Z [MOTOR-DRV][WARN] robot-arm-04: vision inspection pass
2026-05-23T07:11:45Z [SAFETY-MON][WARN] robot-arm-04: lubrication pump cycle complete
2026-05-23T07:12:00Z [MOTOR-DRV][WARN] robot-arm-04: conveyor speed: 1159 rpm
2026-05-23T07:12:15Z [LUBRICATION][WARN] robot-arm-04: encoder read: pos=225.81
2026-05-23T07:12:30Z [CONVEYOR][INFO] robot-arm-04: lubrication pump cycle complete
2026-05-23T07:12:45Z [SAFETY-MON][WARN] robot-arm-04: heartbeat OK
2026-05-23T07:13:00Z [MOTOR-DRV][WARN] robot-arm-04: conveyor speed: 955 rpm
2026-05-23T07:13:15Z [MOTOR-DRV][ERROR] robot-arm-04: encoder read: pos=93.99
2026-05-23T07:13:30Z [LUBRICATION][INFO] robot-arm-04: conveyor speed: 987 rpm
2026-05-23T07:13:45Z [VISION-SYS][WARN] robot-arm-04: heartbeat OK
2026-05-23T07:14:00Z [SAFETY-MON][ERROR] robot-arm-04: servo response time: 14 ms
2026-05-23T07:14:15Z [SAFETY-MON][INFO] robot-arm-04: cycle count: 1237070
2026-05-23T07:14:30Z [LUBRICATION][INFO] robot-arm-04: motion cycle complete
2026-05-23T07:14:45Z [SAFETY-MON][INFO] robot-arm-04: servo response time: 17 ms
2026-05-23T07:15:00Z [LUBRICATION][INFO] robot-arm-04: cycle count: 1092777
2026-05-23T07:15:15Z [VISION-SYS][WARN] robot-arm-04: lubrication pump cycle complete
2026-05-23T07:15:30Z [SAFETY-MON][ERROR] robot-arm-04: servo response time: 9 ms
2026-05-23T07:15:45Z [MOTOR-DRV][INFO] robot-arm-04: vision inspection pass
2026-05-23T07:16:00Z [CONVEYOR][INFO] robot-arm-04: motion cycle complete
2026-05-23T07:16:15Z [LUBRICATION][ERROR] robot-arm-04: lubrication pump cycle complete
2026-05-23T07:16:30Z [MOTOR-DRV][INFO] robot-arm-04: heartbeat OK
2026-05-23T07:16:45Z [CONVEYOR][INFO] robot-arm-04: cycle count: 1088634
2026-05-23T07:17:00Z [MOTOR-DRV][WARN] robot-arm-04: cycle count: 1126126
2026-05-23T07:17:15Z [LUBRICATION][ERROR] robot-arm-04: temperature nominal: 74.8 C
2026-05-23T07:17:30Z [SAFETY-MON][INFO] robot-arm-04: temperature nominal: 40.1 C
2026-05-23T07:17:45Z [PLC-CTRL][INFO] robot-arm-04: conveyor speed: 969 rpm
2026-05-23T07:18:00Z [LUBRICATION][WARN] robot-arm-04: heartbeat OK
2026-05-23T07:18:15Z [MOTOR-DRV][INFO] robot-arm-04: encoder read: pos=205.72
2026-05-23T07:18:30Z [VISION-SYS][WARN] robot-arm-04: cycle count: 1235882
2026-05-23T07:18:45Z [VISION-SYS][INFO] robot-arm-04: vision inspection pass
2026-05-23T07:19:00Z [SAFETY-MON][ERROR] robot-arm-04: conveyor speed: 950 rpm
2026-05-23T07:19:15Z [VISION-SYS][ERROR] robot-arm-04: encoder read: pos=58.56
2026-05-23T07:19:30Z [SAFETY-MON][WARN] robot-arm-04: cycle count: 1070050
2026-05-23T07:19:45Z [PLC-CTRL][WARN] robot-arm-04: cycle count: 1271080
2026-05-23T07:20:00Z [LUBRICATION][WARN] robot-arm-04: heartbeat OK
2026-05-23T07:20:15Z [PLC-CTRL][INFO] robot-arm-04: conveyor speed: 830 rpm
2026-05-23T07:20:30Z [MOTOR-DRV][WARN] robot-arm-04: servo response time: 8 ms
2026-05-23T07:20:45Z [LUBRICATION][ERROR] robot-arm-04: temperature nominal: 85.0 C
2026-05-23T07:21:00Z [SAFETY-MON][INFO] robot-arm-04: cycle count: 1252439
2026-05-23T07:21:15Z [VISION-SYS][WARN] robot-arm-04: cycle count: 1149475
2026-05-23T07:21:30Z [SAFETY-MON][ERROR] robot-arm-04: vision inspection pass
2026-05-23T07:21:45Z [SAFETY-MON][ERROR] robot-arm-04: heartbeat OK
2026-05-23T07:22:00Z [PLC-CTRL][INFO] robot-arm-04: lubrication pump cycle complete
2026-05-23T07:22:15Z [SAFETY-MON][INFO] robot-arm-04: servo response time: 17 ms
2026-05-23T07:22:30Z [VISION-SYS][WARN] robot-arm-04: servo response time: 4 ms
2026-05-23T07:22:45Z [LUBRICATION][ERROR] robot-arm-04: motion cycle complete
2026-05-23T07:23:00Z [CONVEYOR][INFO] robot-arm-04: motion cycle complete
2026-05-23T07:23:15Z [LUBRICATION][INFO] robot-arm-04: cycle count: 1107297
2026-05-23T07:23:30Z [PLC-CTRL][ERROR] robot-arm-04: conveyor speed: 920 rpm
2026-05-23T07:23:45Z [PLC-CTRL][INFO] robot-arm-04: temperature nominal: 22.6 C
2026-05-23T07:24:00Z [VISION-SYS][INFO] robot-arm-04: cycle count: 1279853
2026-05-23T07:24:15Z [VISION-SYS][INFO] robot-arm-04: vision inspection pass
2026-05-23T07:24:30Z [PLC-CTRL][INFO] robot-arm-04: heartbeat OK
2026-05-23T07:24:45Z [VISION-SYS][WARN] robot-arm-04: encoder read: pos=329.19
2026-05-23T07:25:00Z [MOTOR-DRV][INFO] robot-arm-04: joint load within bounds
2026-05-23T07:25:15Z [SAFETY-MON][INFO] robot-arm-04: motion cycle complete
2026-05-23T07:25:30Z [MOTOR-DRV][ERROR] robot-arm-04: cycle count: 1082447
2026-05-23T07:25:45Z [PLC-CTRL][INFO] robot-arm-04: heartbeat OK
2026-05-23T07:26:00Z [MOTOR-DRV][INFO] robot-arm-04: encoder read: pos=119.28
2026-05-23T07:26:15Z [VISION-SYS][INFO] robot-arm-04: lubrication pump cycle complete
2026-05-23T07:26:30Z [VISION-SYS][INFO] robot-arm-04: heartbeat OK
2026-05-23T07:26:45Z [VISION-SYS][INFO] robot-arm-04: heartbeat OK
2026-05-23T07:27:00Z [VISION-SYS][WARN] robot-arm-04: cycle count: 1094836
2026-05-23T07:27:15Z [CONVEYOR][INFO] robot-arm-04: lubrication pump cycle complete
2026-05-23T07:27:30Z [SAFETY-MON][WARN] robot-arm-04: encoder read: pos=73.95
2026-05-23T07:27:45Z [VISION-SYS][INFO] robot-arm-04: temperature nominal: 25.4 C
2026-05-23T07:28:00Z [PLC-CTRL][WARN] robot-arm-04: vision inspection pass
2026-05-23T07:28:15Z [PLC-CTRL][INFO] robot-arm-04: temperature nominal: 37.6 C
2026-05-23T07:28:30Z [SAFETY-MON][INFO] robot-arm-04: cycle count: 1212852
2026-05-23T07:28:45Z [SAFETY-MON][WARN] robot-arm-04: lubrication pump cycle complete
2026-05-23T07:29:00Z [CONVEYOR][INFO] robot-arm-04: joint load within bounds
2026-05-23T07:29:15Z [LUBRICATION][WARN] robot-arm-04: heartbeat OK
2026-05-23T07:29:30Z [LUBRICATION][WARN] robot-arm-04: cycle count: 1230189
2026-05-23T07:29:45Z [CONVEYOR][INFO] robot-arm-04: conveyor speed: 1034 rpm
2026-05-23T07:30:00Z [VISION-SYS][ERROR] robot-arm-04: joint load within bounds
2026-05-23T07:30:15Z [PLC-CTRL][WARN] robot-arm-04: heartbeat OK
2026-05-23T07:30:30Z [PLC-CTRL][INFO] robot-arm-04: joint load within bounds
2026-05-23T07:30:45Z [CONVEYOR][WARN] robot-arm-04: cycle count: 1225667
2026-05-23T07:31:00Z [LUBRICATION][INFO] robot-arm-04: conveyor speed: 1015 rpm
2026-05-23T07:31:15Z [LUBRICATION][WARN] robot-arm-04: motion cycle complete
2026-05-23T07:31:30Z [SAFETY-MON][INFO] robot-arm-04: cycle count: 1167377
2026-05-23T07:31:45Z [PLC-CTRL][ERROR] robot-arm-04: cycle count: 1170429
2026-05-23T07:32:00Z [VISION-SYS][INFO] robot-arm-04: motion cycle complete
2026-05-23T07:32:15Z [VISION-SYS][INFO] robot-arm-04: joint load within bounds
2026-05-23T07:32:30Z [MOTOR-DRV][ERROR] robot-arm-04: vision inspection pass
2026-05-23T07:32:45Z [LUBRICATION][WARN] robot-arm-04: cycle count: 1132552
2026-05-23T07:33:00Z [SAFETY-MON][INFO] robot-arm-04: cycle count: 1017145
2026-05-23T07:33:15Z [LUBRICATION][WARN] robot-arm-04: vision inspection pass
2026-05-23T07:33:30Z [VISION-SYS][INFO] robot-arm-04: lubrication pump cycle complete
2026-05-23T07:33:45Z [MOTOR-DRV][INFO] robot-arm-04: joint load within bounds
2026-05-23T07:34:00Z [VISION-SYS][INFO] robot-arm-04: lubrication pump cycle complete
2026-05-23T07:34:15Z [PLC-CTRL][WARN] robot-arm-04: cycle count: 1216428
2026-05-23T07:34:30Z [LUBRICATION][INFO] robot-arm-04: temperature nominal: 57.6 C
2026-05-23T07:34:45Z [CONVEYOR][ERROR] robot-arm-04: cycle count: 1079846
2026-05-23T07:35:00Z [SAFETY-MON][ERROR] robot-arm-04: vision inspection pass
2026-05-23T07:35:15Z [MOTOR-DRV][WARN] robot-arm-04: vision inspection pass
2026-05-23T07:35:30Z [VISION-SYS][INFO] robot-arm-04: cycle count: 1273396
2026-05-23T07:35:45Z [LUBRICATION][INFO] robot-arm-04: temperature nominal: 21.3 C
2026-05-23T07:36:00Z [MOTOR-DRV][WARN] robot-arm-04: cycle count: 1074607
2026-05-23T07:36:15Z [PLC-CTRL][WARN] robot-arm-04: encoder read: pos=49.07
2026-05-23T07:36:30Z [VISION-SYS][ERROR] robot-arm-04: joint load within bounds
2026-05-23T07:36:45Z [PLC-CTRL][INFO] robot-arm-04: temperature nominal: 64.0 C
2026-05-23T07:37:00Z [PLC-CTRL][WARN] robot-arm-04: heartbeat OK
2026-05-23T07:37:15Z [SAFETY-MON][INFO] robot-arm-04: conveyor speed: 981 rpm
2026-05-23T07:37:30Z [VISION-SYS][WARN] robot-arm-04: temperature nominal: 53.4 C
2026-05-23T07:37:45Z [MOTOR-DRV][INFO] robot-arm-04: lubrication pump cycle complete
2026-05-23T07:38:00Z [PLC-CTRL][INFO] robot-arm-04: motion cycle complete
2026-05-23T07:38:15Z [LUBRICATION][ERROR] robot-arm-04: encoder read: pos=133.02
2026-05-23T07:38:30Z [PLC-CTRL][INFO] robot-arm-04: vision inspection pass
2026-05-23T07:38:45Z [LUBRICATION][INFO] robot-arm-04: temperature nominal: 64.2 C
2026-05-23T07:39:00Z [CONVEYOR][INFO] robot-arm-04: lubrication pump cycle complete
2026-05-23T07:39:15Z [PLC-CTRL][WARN] robot-arm-04: lubrication pump cycle complete
2026-05-23T07:39:30Z [VISION-SYS][INFO] robot-arm-04: encoder read: pos=44.89
2026-05-23T07:39:45Z [SAFETY-MON][INFO] robot-arm-04: vision inspection pass
2026-05-23T07:40:00Z [MOTOR-DRV][ERROR] robot-arm-04: conveyor speed: 887 rpm
2026-05-23T07:40:15Z [LUBRICATION][INFO] robot-arm-04: motion cycle complete
2026-05-23T07:40:30Z [CONVEYOR][INFO] robot-arm-04: vision inspection pass
2026-05-23T07:40:45Z [CONVEYOR][WARN] robot-arm-04: joint load within bounds
2026-05-23T07:41:00Z [PLC-CTRL][WARN] robot-arm-04: temperature nominal: 52.3 C
2026-05-23T07:41:15Z [MOTOR-DRV][INFO] robot-arm-04: vision inspection pass
2026-05-23T07:41:30Z [PLC-CTRL][WARN] robot-arm-04: vision inspection pass
2026-05-23T07:41:45Z [VISION-SYS][WARN] robot-arm-04: conveyor speed: 893 rpm
2026-05-23T07:42:00Z [LUBRICATION][INFO] robot-arm-04: servo response time: 3 ms
2026-05-23T07:42:15Z [VISION-SYS][INFO] robot-arm-04: cycle count: 1209878
2026-05-23T07:42:30Z [SAFETY-MON][ERROR] robot-arm-04: motion cycle complete
2026-05-23T07:42:45Z [PLC-CTRL][INFO] robot-arm-04: cycle count: 1255784
2026-05-23T07:43:00Z [VISION-SYS][INFO] robot-arm-04: motion cycle complete
2026-05-23T07:43:15Z [PLC-CTRL][INFO] robot-arm-04: conveyor speed: 1140 rpm
2026-05-23T07:43:30Z [PLC-CTRL][INFO] robot-arm-04: vision inspection pass
2026-05-23T07:43:45Z [MOTOR-DRV][ERROR] robot-arm-04: servo response time: 10 ms
2026-05-23T07:44:00Z [VISION-SYS][INFO] robot-arm-04: temperature nominal: 34.6 C
2026-05-23T07:44:15Z [LUBRICATION][WARN] robot-arm-04: servo response time: 13 ms
2026-05-23T07:44:30Z [MOTOR-DRV][INFO] robot-arm-04: servo response time: 2 ms
2026-05-23T07:44:45Z [VISION-SYS][WARN] robot-arm-04: cycle count: 1247047
2026-05-23T07:45:00Z [MOTOR-DRV][WARN] robot-arm-04: lubrication pump cycle complete
2026-05-23T07:45:15Z [SAFETY-MON][INFO] robot-arm-04: heartbeat OK
2026-05-23T07:45:30Z [VISION-SYS][INFO] robot-arm-04: heartbeat OK
2026-05-23T07:45:45Z [SAFETY-MON][INFO] robot-arm-04: joint load within bounds
2026-05-23T07:46:00Z [SAFETY-MON][INFO] robot-arm-04: cycle count: 1056245
2026-05-23T07:46:15Z [LUBRICATION][INFO] robot-arm-04: motion cycle complete
2026-05-23T07:46:30Z [LUBRICATION][INFO] robot-arm-04: encoder read: pos=127.19
2026-05-23T07:46:45Z [VISION-SYS][INFO] robot-arm-04: vision inspection pass
2026-05-23T07:47:00Z [PLC-CTRL][WARN] robot-arm-04: temperature nominal: 74.7 C
2026-05-23T07:47:15Z [SAFETY-MON][INFO] robot-arm-04: encoder read: pos=32.12
2026-05-23T07:47:30Z [PLC-CTRL][WARN] robot-arm-04: heartbeat OK
2026-05-23T07:47:45Z [LUBRICATION][WARN] robot-arm-04: temperature nominal: 33.5 C
2026-05-23T07:48:00Z [MOTOR-DRV][INFO] robot-arm-04: temperature nominal: 24.1 C
2026-05-23T07:48:15Z [VISION-SYS][WARN] robot-arm-04: heartbeat OK
2026-05-23T07:48:30Z [VISION-SYS][ERROR] robot-arm-04: joint load within bounds
2026-05-23T07:48:45Z [SAFETY-MON][INFO] robot-arm-04: motion cycle complete
2026-05-23T07:49:00Z [CONVEYOR][WARN] robot-arm-04: lubrication pump cycle complete
2026-05-23T07:49:15Z [SAFETY-MON][WARN] robot-arm-04: cycle count: 1011520
2026-05-23T07:49:30Z [MOTOR-DRV][ERROR] robot-arm-04: servo response time: 10 ms
2026-05-23T07:49:45Z [PLC-CTRL][INFO] robot-arm-04: servo response time: 11 ms
2026-05-23T07:50:00Z [CONVEYOR][INFO] robot-arm-04: temperature nominal: 67.7 C
2026-05-23T07:50:15Z [LUBRICATION][WARN] robot-arm-04: servo response time: 18 ms
2026-05-23T07:50:30Z [LUBRICATION][WARN] robot-arm-04: vision inspection pass
2026-05-23T07:50:45Z [VISION-SYS][WARN] robot-arm-04: temperature nominal: 38.8 C
2026-05-23T07:51:00Z [VISION-SYS][INFO] robot-arm-04: motion cycle complete
2026-05-23T07:51:15Z [VISION-SYS][INFO] robot-arm-04: lubrication pump cycle complete
2026-05-23T07:51:30Z [VISION-SYS][ERROR] robot-arm-04: encoder read: pos=185.98
2026-05-23T07:51:45Z [VISION-SYS][WARN] robot-arm-04: heartbeat OK
2026-05-23T07:52:00Z [PLC-CTRL][INFO] robot-arm-04: servo response time: 6 ms
2026-05-23T07:52:15Z [SAFETY-MON][WARN] robot-arm-04: conveyor speed: 1030 rpm
2026-05-23T07:52:30Z [PLC-CTRL][WARN] robot-arm-04: conveyor speed: 879 rpm
2026-05-23T07:52:45Z [CONVEYOR][INFO] robot-arm-04: joint load within bounds
2026-05-23T07:53:00Z [LUBRICATION][INFO] robot-arm-04: conveyor speed: 907 rpm
2026-05-23T07:53:15Z [LUBRICATION][WARN] robot-arm-04: joint load within bounds
2026-05-23T07:53:30Z [PLC-CTRL][WARN] robot-arm-04: temperature nominal: 50.8 C
2026-05-23T07:53:45Z [PLC-CTRL][INFO] robot-arm-04: temperature nominal: 68.4 C
2026-05-23T07:54:00Z [MOTOR-DRV][INFO] robot-arm-04: heartbeat OK
2026-05-23T07:54:15Z [VISION-SYS][INFO] robot-arm-04: motion cycle complete
2026-05-23T07:54:30Z [VISION-SYS][WARN] robot-arm-04: joint load within bounds
2026-05-23T07:54:45Z [LUBRICATION][INFO] robot-arm-04: cycle count: 1091955
2026-05-23T07:55:00Z [VISION-SYS][WARN] robot-arm-04: heartbeat OK
2026-05-23T07:55:15Z [MOTOR-DRV][WARN] robot-arm-04: joint load within bounds
2026-05-23T07:55:30Z [LUBRICATION][INFO] robot-arm-04: vision inspection pass
2026-05-23T07:55:45Z [PLC-CTRL][WARN] robot-arm-04: heartbeat OK
2026-05-23T07:56:00Z [SAFETY-MON][ERROR] robot-arm-04: motion cycle complete
2026-05-23T07:56:15Z [LUBRICATION][WARN] robot-arm-04: temperature nominal: 28.6 C
2026-05-23T07:56:30Z [LUBRICATION][WARN] robot-arm-04: encoder read: pos=178.77
2026-05-23T07:56:45Z [SAFETY-MON][WARN] robot-arm-04: motion cycle complete
2026-05-23T07:57:00Z [SAFETY-MON][WARN] robot-arm-04: lubrication pump cycle complete
2026-05-23T07:57:15Z [MOTOR-DRV][ERROR] robot-arm-04: servo response time: 11 ms
2026-05-23T07:57:30Z [MOTOR-DRV][INFO] robot-arm-04: vision inspection pass
2026-05-23T07:57:45Z [VISION-SYS][WARN] robot-arm-04: vision inspection pass
2026-05-23T07:58:00Z [CONVEYOR][INFO] robot-arm-04: servo response time: 8 ms
2026-05-23T07:58:15Z [LUBRICATION][INFO] robot-arm-04: heartbeat OK
2026-05-23T07:58:30Z [LUBRICATION][ERROR] robot-arm-04: temperature nominal: 42.4 C
2026-05-23T07:58:45Z [PLC-CTRL][WARN] robot-arm-04: motion cycle complete
2026-05-23T07:59:00Z [LUBRICATION][INFO] robot-arm-04: lubrication pump cycle complete
2026-05-23T07:59:15Z [CONVEYOR][INFO] robot-arm-04: lubrication pump cycle complete
2026-05-23T07:59:30Z [VISION-SYS][WARN] robot-arm-04: motion cycle complete
2026-05-23T07:59:45Z [PLC-CTRL][INFO] robot-arm-04: lubrication pump cycle complete
2026-05-23T08:00:00Z [SAFETY-MON][ERROR] robot-arm-04: vision inspection pass
2026-05-23T08:00:15Z [PLC-CTRL][INFO] robot-arm-04: encoder read: pos=327.80
2026-05-23T08:00:30Z [SAFETY-MON][INFO] robot-arm-04: cycle count: 1022529
2026-05-23T08:00:45Z [SAFETY-MON][INFO] robot-arm-04: encoder read: pos=146.76
2026-05-23T08:01:00Z [LUBRICATION][ERROR] robot-arm-04: joint load within bounds
2026-05-23T08:01:15Z [SAFETY-MON][WARN] robot-arm-04: conveyor speed: 955 rpm
2026-05-23T08:01:30Z [PLC-CTRL][INFO] robot-arm-04: servo response time: 13 ms
2026-05-23T08:01:45Z [PLC-CTRL][INFO] robot-arm-04: joint load within bounds
2026-05-23T08:02:00Z [CONVEYOR][INFO] robot-arm-04: heartbeat OK
2026-05-23T08:02:15Z [MOTOR-DRV][INFO] robot-arm-04: heartbeat OK
2026-05-23T08:02:30Z [LUBRICATION][ERROR] robot-arm-04: temperature nominal: 63.0 C
2026-05-23T08:02:45Z [MOTOR-DRV][WARN] robot-arm-04: temperature nominal: 31.5 C
2026-05-23T08:03:00Z [LUBRICATION][ERROR] robot-arm-04: vision inspection pass
2026-05-23T08:03:15Z [LUBRICATION][WARN] robot-arm-04: cycle count: 1194642
2026-05-23T08:03:30Z [VISION-SYS][WARN] robot-arm-04: cycle count: 1125734
2026-05-23T08:03:45Z [VISION-SYS][WARN] robot-arm-04: motion cycle complete
2026-05-23T08:04:00Z [PLC-CTRL][INFO] robot-arm-04: temperature nominal: 67.7 C
2026-05-23T08:04:15Z [MOTOR-DRV][INFO] robot-arm-04: cycle count: 1020218
2026-05-23T08:04:30Z [VISION-SYS][INFO] robot-arm-04: vision inspection pass
2026-05-23T08:04:45Z [LUBRICATION][INFO] robot-arm-04: joint load within bounds
2026-05-23T08:05:00Z [LUBRICATION][WARN] robot-arm-04: joint load within bounds
2026-05-23T08:05:15Z [CONVEYOR][INFO] robot-arm-04: conveyor speed: 1128 rpm
2026-05-23T08:05:30Z [CONVEYOR][WARN] robot-arm-04: servo response time: 4 ms
2026-05-23T08:05:45Z [SAFETY-MON][WARN] robot-arm-04: servo response time: 8 ms
2026-05-23T08:06:00Z [VISION-SYS][INFO] robot-arm-04: vision inspection pass
2026-05-23T08:06:15Z [VISION-SYS][WARN] robot-arm-04: encoder read: pos=256.93
2026-05-23T08:06:30Z [MOTOR-DRV][INFO] robot-arm-04: cycle count: 1146478
2026-05-23T08:06:45Z [PLC-CTRL][WARN] robot-arm-04: motion cycle complete
2026-05-23T08:07:00Z [CONVEYOR][INFO] robot-arm-04: motion cycle complete
2026-05-23T08:07:15Z [PLC-CTRL][INFO] robot-arm-04: heartbeat OK
2026-05-23T08:07:30Z [CONVEYOR][INFO] robot-arm-04: motion cycle complete
2026-05-23T08:07:45Z [PLC-CTRL][INFO] robot-arm-04: heartbeat OK
2026-05-23T08:08:00Z [SAFETY-MON][ERROR] robot-arm-04: encoder read: pos=88.33
2026-05-23T08:08:15Z [LUBRICATION][ERROR] robot-arm-04: vision inspection pass
2026-05-23T08:08:30Z [PLC-CTRL][ERROR] robot-arm-04: vision inspection pass
2026-05-23T08:08:45Z [LUBRICATION][INFO] robot-arm-04: joint load within bounds
2026-05-23T08:09:00Z [VISION-SYS][ERROR] robot-arm-04: motion cycle complete
2026-05-23T08:09:15Z [SAFETY-MON][INFO] robot-arm-04: encoder read: pos=84.59
2026-05-23T08:09:30Z [MOTOR-DRV][WARN] robot-arm-04: servo response time: 11 ms
2026-05-23T08:09:45Z [VISION-SYS][INFO] robot-arm-04: joint load within bounds
2026-05-23T08:10:00Z [SAFETY-MON][WARN] robot-arm-04: lubrication pump cycle complete
2026-05-23T08:10:15Z [VISION-SYS][ERROR] robot-arm-04: heartbeat OK
2026-05-23T08:10:30Z [LUBRICATION][WARN] robot-arm-04: joint load within bounds
2026-05-23T08:10:45Z [VISION-SYS][INFO] robot-arm-04: servo response time: 16 ms
2026-05-23T08:11:00Z [MOTOR-DRV][INFO] robot-arm-04: lubrication pump cycle complete
2026-05-23T08:11:15Z [LUBRICATION][INFO] robot-arm-04: temperature nominal: 83.7 C
2026-05-23T08:11:30Z [CONVEYOR][WARN] robot-arm-04: motion cycle complete
2026-05-23T08:11:45Z [SAFETY-MON][INFO] robot-arm-04: lubrication pump cycle complete
2026-05-23T08:12:00Z [VISION-SYS][INFO] robot-arm-04: cycle count: 1071262
2026-05-23T08:12:15Z [PLC-CTRL][INFO] robot-arm-04: servo response time: 15 ms
2026-05-23T08:12:30Z [LUBRICATION][INFO] robot-arm-04: joint load within bounds
2026-05-23T08:12:45Z [PLC-CTRL][WARN] robot-arm-04: servo response time: 7 ms
2026-05-23T08:13:00Z [PLC-CTRL][ERROR] robot-arm-04: motion cycle complete
2026-05-23T08:13:15Z [MOTOR-DRV][ERROR] robot-arm-04: conveyor speed: 1098 rpm
2026-05-23T08:13:30Z [PLC-CTRL][ERROR] robot-arm-04: temperature nominal: 72.2 C
2026-05-23T08:13:45Z [CONVEYOR][INFO] robot-arm-04: heartbeat OK
2026-05-23T08:14:00Z [PLC-CTRL][INFO] robot-arm-04: conveyor speed: 1079 rpm
2026-05-23T08:14:15Z [MOTOR-DRV][INFO] robot-arm-04: lubrication pump cycle complete
2026-05-23T08:14:30Z [CONVEYOR][INFO] robot-arm-04: motion cycle complete
2026-05-23T08:14:45Z [LUBRICATION][ERROR] robot-arm-04: heartbeat OK
2026-05-23T08:15:00Z [CONVEYOR][INFO] robot-arm-04: vision inspection pass
2026-05-23T08:15:15Z [MOTOR-DRV][WARN] robot-arm-04: servo response time: 13 ms
2026-05-23T08:15:30Z [LUBRICATION][WARN] robot-arm-04: heartbeat OK
2026-05-23T08:15:45Z [LUBRICATION][INFO] robot-arm-04: motion cycle complete
2026-05-23T08:16:00Z [PLC-CTRL][WARN] robot-arm-04: cycle count: 1142802
2026-05-23T08:16:15Z [CONVEYOR][ERROR] robot-arm-04: vision inspection pass
2026-05-23T08:16:30Z [LUBRICATION][INFO] robot-arm-04: conveyor speed: 981 rpm
2026-05-23T08:16:45Z [SAFETY-MON][WARN] robot-arm-04: conveyor speed: 1086 rpm
2026-05-23T08:17:00Z [SAFETY-MON][WARN] robot-arm-04: joint load within bounds
2026-05-23T08:17:15Z [LUBRICATION][INFO] robot-arm-04: encoder read: pos=292.33
2026-05-23T08:17:30Z [SAFETY-MON][INFO] robot-arm-04: joint load within bounds
2026-05-23T08:17:45Z [CONVEYOR][WARN] robot-arm-04: servo response time: 6 ms
2026-05-23T08:18:00Z [LUBRICATION][INFO] robot-arm-04: encoder read: pos=105.82
2026-05-23T08:18:15Z [VISION-SYS][INFO] robot-arm-04: encoder read: pos=39.57
2026-05-23T08:18:30Z [VISION-SYS][INFO] robot-arm-04: conveyor speed: 921 rpm
2026-05-23T08:18:45Z [PLC-CTRL][INFO] robot-arm-04: heartbeat OK
2026-05-23T08:19:00Z [CONVEYOR][WARN] robot-arm-04: servo response time: 18 ms
2026-05-23T08:19:15Z [VISION-SYS][INFO] robot-arm-04: encoder read: pos=32.18
2026-05-23T08:19:30Z [MOTOR-DRV][ERROR] robot-arm-04: motion cycle complete
2026-05-23T08:19:45Z [VISION-SYS][INFO] robot-arm-04: conveyor speed: 1089 rpm
2026-05-23T08:20:00Z [VISION-SYS][ERROR] robot-arm-04: servo response time: 18 ms
2026-05-23T08:20:15Z [LUBRICATION][ERROR] robot-arm-04: motion cycle complete
2026-05-23T08:20:30Z [MOTOR-DRV][WARN] robot-arm-04: vision inspection pass
2026-05-23T08:20:45Z [CONVEYOR][ERROR] robot-arm-04: joint load within bounds
2026-05-23T08:21:00Z [PLC-CTRL][INFO] robot-arm-04: joint load within bounds
2026-05-23T08:21:15Z [PLC-CTRL][INFO] robot-arm-04: vision inspection pass
2026-05-23T08:21:30Z [LUBRICATION][INFO] robot-arm-04: heartbeat OK
2026-05-23T08:21:45Z [SAFETY-MON][INFO] robot-arm-04: motion cycle complete
2026-05-23T08:22:00Z [PLC-CTRL][WARN] robot-arm-04: conveyor speed: 1090 rpm
2026-05-23T08:22:15Z [CONVEYOR][INFO] robot-arm-04: conveyor speed: 941 rpm
2026-05-23T08:22:30Z [PLC-CTRL][WARN] robot-arm-04: conveyor speed: 801 rpm
2026-05-23T08:22:45Z [MOTOR-DRV][INFO] robot-arm-04: servo response time: 6 ms
2026-05-23T08:23:00Z [SAFETY-MON][WARN] robot-arm-04: conveyor speed: 938 rpm
2026-05-23T08:23:15Z [PLC-CTRL][ERROR] robot-arm-04: conveyor speed: 963 rpm
2026-05-23T08:23:30Z [SAFETY-MON][WARN] robot-arm-04: vision inspection pass
2026-05-23T08:23:45Z [MOTOR-DRV][INFO] robot-arm-04: conveyor speed: 980 rpm
2026-05-23T08:24:00Z [CONVEYOR][WARN] robot-arm-04: temperature nominal: 41.0 C
2026-05-23T08:24:15Z [PLC-CTRL][ERROR] robot-arm-04: heartbeat OK
2026-05-23T08:24:30Z [SAFETY-MON][INFO] robot-arm-04: conveyor speed: 1041 rpm
2026-05-23T08:24:45Z [SAFETY-MON][INFO] robot-arm-04: temperature nominal: 65.5 C
2026-05-23T08:25:00Z [MOTOR-DRV][INFO] robot-arm-04: vision inspection pass
2026-05-23T08:25:15Z [VISION-SYS][INFO] robot-arm-04: heartbeat OK
2026-05-23T08:25:30Z [SAFETY-MON][ERROR] robot-arm-04: encoder read: pos=30.62
2026-05-23T08:25:45Z [PLC-CTRL][INFO] robot-arm-04: encoder read: pos=176.57
2026-05-23T08:26:00Z [VISION-SYS][ERROR] robot-arm-04: joint load within bounds
2026-05-23T08:26:15Z [MOTOR-DRV][WARN] robot-arm-04: joint load within bounds
2026-05-23T08:26:30Z [CONVEYOR][WARN] robot-arm-04: motion cycle complete
2026-05-23T08:26:45Z [LUBRICATION][ERROR] robot-arm-04: joint load within bounds
2026-05-23T08:27:00Z [SAFETY-MON][WARN] robot-arm-04: cycle count: 1197064
2026-05-23T08:27:15Z [PLC-CTRL][WARN] robot-arm-04: cycle count: 1121341
2026-05-23T08:27:30Z [LUBRICATION][ERROR] robot-arm-04: heartbeat OK
2026-05-23T08:27:45Z [LUBRICATION][INFO] robot-arm-04: motion cycle complete
2026-05-23T08:28:00Z [VISION-SYS][INFO] robot-arm-04: encoder read: pos=150.49
2026-05-23T08:28:15Z [VISION-SYS][INFO] robot-arm-04: conveyor speed: 871 rpm
2026-05-23T08:28:30Z [CONVEYOR][INFO] robot-arm-04: heartbeat OK
2026-05-23T08:28:45Z [MOTOR-DRV][INFO] robot-arm-04: temperature nominal: 51.1 C
2026-05-23T08:29:00Z [SAFETY-MON][ERROR] robot-arm-04: joint load within bounds
2026-05-23T08:29:15Z [PLC-CTRL][ERROR] robot-arm-04: temperature nominal: 37.0 C
2026-05-23T08:29:30Z [SAFETY-MON][INFO] robot-arm-04: heartbeat OK
2026-05-23T08:29:45Z [VISION-SYS][ERROR] robot-arm-04: joint load within bounds
2026-05-23T08:30:00Z [MOTOR-DRV][INFO] robot-arm-04: servo response time: 8 ms
2026-05-23T08:30:15Z [SAFETY-MON][WARN] robot-arm-04: servo response time: 6 ms
2026-05-23T08:30:30Z [VISION-SYS][WARN] robot-arm-04: servo response time: 12 ms
2026-05-23T08:30:45Z [PLC-CTRL][INFO] robot-arm-04: encoder read: pos=56.94
2026-05-23T08:31:00Z [PLC-CTRL][INFO] robot-arm-04: joint load within bounds
2026-05-23T08:31:15Z [LUBRICATION][ERROR] robot-arm-04: servo response time: 16 ms
2026-05-23T08:31:30Z [LUBRICATION][ERROR] robot-arm-04: servo response time: 18 ms
2026-05-23T08:31:45Z [PLC-CTRL][INFO] robot-arm-04: cycle count: 1129724
2026-05-23T08:32:00Z [VISION-SYS][INFO] robot-arm-04: cycle count: 1012396
2026-05-23T08:32:15Z [PLC-CTRL][INFO] robot-arm-04: joint load within bounds
2026-05-23T08:32:30Z [LUBRICATION][ERROR] robot-arm-04: cycle count: 1056766
2026-05-23T08:32:45Z [LUBRICATION][INFO] robot-arm-04: cycle count: 1068625
2026-05-23T08:33:00Z [SAFETY-MON][INFO] robot-arm-04: motion cycle complete
2026-05-23T08:33:15Z [LUBRICATION][INFO] robot-arm-04: motion cycle complete
2026-05-23T08:33:30Z [LUBRICATION][INFO] robot-arm-04: vision inspection pass
2026-05-23T08:33:45Z [MOTOR-DRV][INFO] robot-arm-04: servo response time: 16 ms
2026-05-23T08:34:00Z [MOTOR-DRV][INFO] robot-arm-04: motion cycle complete
2026-05-23T08:34:15Z [MOTOR-DRV][WARN] robot-arm-04: joint load within bounds
2026-05-23T08:34:30Z [SAFETY-MON][INFO] robot-arm-04: temperature nominal: 50.6 C
2026-05-23T08:34:45Z [SAFETY-MON][INFO] robot-arm-04: heartbeat OK
2026-05-23T08:35:00Z [VISION-SYS][INFO] robot-arm-04: cycle count: 1038311
2026-05-23T08:35:15Z [CONVEYOR][WARN] robot-arm-04: motion cycle complete
2026-05-23T08:35:30Z [LUBRICATION][WARN] robot-arm-04: heartbeat OK
2026-05-23T08:35:45Z [LUBRICATION][INFO] robot-arm-04: joint load within bounds
2026-05-23T08:36:00Z [CONVEYOR][ERROR] robot-arm-04: cycle count: 1152857
2026-05-23T08:36:15Z [SAFETY-MON][WARN] robot-arm-04: conveyor speed: 827 rpm
2026-05-23T08:36:30Z [VISION-SYS][INFO] robot-arm-04: heartbeat OK
2026-05-23T08:36:45Z [CONVEYOR][INFO] robot-arm-04: lubrication pump cycle complete
2026-05-23T08:37:00Z [PLC-CTRL][WARN] robot-arm-04: cycle count: 1071650
2026-05-23T08:37:15Z [MOTOR-DRV][INFO] robot-arm-04: vision inspection pass
2026-05-23T08:37:30Z [SAFETY-MON][INFO] robot-arm-04: temperature nominal: 63.4 C
2026-05-23T08:37:45Z [LUBRICATION][INFO] robot-arm-04: temperature nominal: 64.6 C
2026-05-23T08:38:00Z [CONVEYOR][ERROR] robot-arm-04: temperature nominal: 79.4 C
2026-05-23T08:38:15Z [SAFETY-MON][INFO] robot-arm-04: vision inspection pass
2026-05-23T08:38:30Z [CONVEYOR][INFO] robot-arm-04: temperature nominal: 44.6 C
2026-05-23T08:38:45Z [CONVEYOR][WARN] robot-arm-04: servo response time: 5 ms
2026-05-23T08:39:00Z [SAFETY-MON][INFO] robot-arm-04: joint load within bounds
2026-05-23T08:39:15Z [VISION-SYS][INFO] robot-arm-04: temperature nominal: 81.0 C
2026-05-23T08:39:30Z [CONVEYOR][WARN] robot-arm-04: temperature nominal: 46.5 C
2026-05-23T08:39:45Z [VISION-SYS][ERROR] robot-arm-04: cycle count: 1008105
2026-05-23T08:40:00Z [PLC-CTRL][ERROR] robot-arm-04: servo response time: 5 ms
2026-05-23T08:40:15Z [VISION-SYS][INFO] robot-arm-04: servo response time: 14 ms
2026-05-23T08:40:30Z [PLC-CTRL][WARN] robot-arm-04: lubrication pump cycle complete
2026-05-23T08:40:45Z [PLC-CTRL][WARN] robot-arm-04: conveyor speed: 1100 rpm
2026-05-23T08:41:00Z [LUBRICATION][ERROR] robot-arm-04: conveyor speed: 1179 rpm
2026-05-23T08:41:15Z [LUBRICATION][WARN] robot-arm-04: vision inspection pass
2026-05-23T08:41:30Z [PLC-CTRL][WARN] robot-arm-04: heartbeat OK
2026-05-23T08:41:45Z [SAFETY-MON][INFO] robot-arm-04: lubrication pump cycle complete
2026-05-23T08:42:00Z [PLC-CTRL][ERROR] robot-arm-04: joint load within bounds
2026-05-23T08:42:15Z [CONVEYOR][ERROR] robot-arm-04: servo response time: 2 ms
2026-05-23T08:42:30Z [CONVEYOR][INFO] robot-arm-04: conveyor speed: 890 rpm
2026-05-23T08:42:45Z [MOTOR-DRV][INFO] robot-arm-04: encoder read: pos=254.20
2026-05-23T08:43:00Z [VISION-SYS][INFO] robot-arm-04: temperature nominal: 47.6 C
2026-05-23T08:43:15Z [SAFETY-MON][ERROR] robot-arm-04: joint load within bounds
2026-05-23T08:43:30Z [PLC-CTRL][INFO] robot-arm-04: cycle count: 1034105
2026-05-23T08:43:45Z [PLC-CTRL][WARN] robot-arm-04: conveyor speed: 1157 rpm
2026-05-23T08:44:00Z [MOTOR-DRV][WARN] robot-arm-04: conveyor speed: 1110 rpm
2026-05-23T08:44:15Z [PLC-CTRL][ERROR] robot-arm-04: joint load within bounds
2026-05-23T08:44:30Z [LUBRICATION][INFO] robot-arm-04: conveyor speed: 1196 rpm
2026-05-23T08:44:45Z [PLC-CTRL][ERROR] robot-arm-04: heartbeat OK
2026-05-23T08:45:00Z [SAFETY-MON][WARN] robot-arm-04: cycle count: 1283943
2026-05-23T08:45:15Z [PLC-CTRL][ERROR] robot-arm-04: joint load within bounds
2026-05-23T08:45:30Z [MOTOR-DRV][INFO] robot-arm-04: servo response time: 16 ms
2026-05-23T08:45:45Z [VISION-SYS][INFO] robot-arm-04: temperature nominal: 31.8 C
2026-05-23T08:46:00Z [CONVEYOR][WARN] robot-arm-04: temperature nominal: 39.8 C
2026-05-23T08:46:15Z [MOTOR-DRV][INFO] robot-arm-04: heartbeat OK
2026-05-23T08:46:30Z [LUBRICATION][INFO] robot-arm-04: vision inspection pass
2026-05-23T08:46:45Z [MOTOR-DRV][WARN] robot-arm-04: joint load within bounds
2026-05-23T08:47:00Z [LUBRICATION][ERROR] robot-arm-04: heartbeat OK
2026-05-23T08:47:15Z [VISION-SYS][INFO] robot-arm-04: lubrication pump cycle complete
2026-05-23T08:47:30Z [LUBRICATION][WARN] robot-arm-04: vision inspection pass
2026-05-23T08:47:45Z [MOTOR-DRV][INFO] robot-arm-04: vision inspection pass
2026-05-23T08:48:00Z [MOTOR-DRV][INFO] robot-arm-04: heartbeat OK
2026-05-23T08:48:15Z [PLC-CTRL][WARN] robot-arm-04: lubrication pump cycle complete
2026-05-23T08:48:30Z [VISION-SYS][WARN] robot-arm-04: motion cycle complete
2026-05-23T08:48:45Z [CONVEYOR][INFO] robot-arm-04: heartbeat OK
2026-05-23T08:49:00Z [PLC-CTRL][WARN] robot-arm-04: cycle count: 1073744
2026-05-23T08:49:15Z [PLC-CTRL][WARN] robot-arm-04: conveyor speed: 1187 rpm
2026-05-23T08:49:30Z [MOTOR-DRV][INFO] robot-arm-04: motion cycle complete
2026-05-23T08:49:45Z [MOTOR-DRV][WARN] robot-arm-04: cycle count: 1217620
2026-05-23T08:50:00Z [SAFETY-MON][INFO] robot-arm-04: motion cycle complete
2026-05-23T08:50:15Z [CONVEYOR][INFO] robot-arm-04: lubrication pump cycle complete
2026-05-23T08:50:30Z [PLC-CTRL][WARN] robot-arm-04: conveyor speed: 939 rpm
2026-05-23T08:50:45Z [PLC-CTRL][INFO] robot-arm-04: lubrication pump cycle complete
2026-05-23T08:51:00Z [LUBRICATION][INFO] robot-arm-04: heartbeat OK
2026-05-23T08:51:15Z [CONVEYOR][INFO] robot-arm-04: joint load within bounds
2026-05-23T08:51:30Z [SAFETY-MON][INFO] robot-arm-04: joint load within bounds
2026-05-23T08:51:45Z [CONVEYOR][INFO] robot-arm-04: encoder read: pos=6.22
2026-05-23T08:52:00Z [PLC-CTRL][WARN] robot-arm-04: vision inspection pass
2026-05-23T08:52:15Z [MOTOR-DRV][INFO] robot-arm-04: encoder read: pos=326.92
2026-05-23T08:52:30Z [MOTOR-DRV][INFO] robot-arm-04: encoder read: pos=277.51
2026-05-23T08:52:45Z [MOTOR-DRV][WARN] robot-arm-04: servo response time: 9 ms
2026-05-23T08:53:00Z [PLC-CTRL][ERROR] robot-arm-04: motion cycle complete
2026-05-23T08:53:15Z [PLC-CTRL][INFO] robot-arm-04: conveyor speed: 1029 rpm
2026-05-23T08:53:30Z [SAFETY-MON][WARN] robot-arm-04: lubrication pump cycle complete
2026-05-23T08:53:45Z [LUBRICATION][ERROR] robot-arm-04: lubrication pump cycle complete
2026-05-23T08:54:00Z [SAFETY-MON][ERROR] robot-arm-04: encoder read: pos=184.10
2026-05-23T08:54:15Z [VISION-SYS][WARN] robot-arm-04: motion cycle complete
2026-05-23T08:54:30Z [VISION-SYS][WARN] robot-arm-04: encoder read: pos=295.25
2026-05-23T08:54:45Z [PLC-CTRL][INFO] robot-arm-04: conveyor speed: 907 rpm
2026-05-23T08:55:00Z [CONVEYOR][INFO] robot-arm-04: servo response time: 9 ms
2026-05-23T08:55:15Z [PLC-CTRL][INFO] robot-arm-04: servo response time: 9 ms
2026-05-23T08:55:30Z [PLC-CTRL][INFO] robot-arm-04: heartbeat OK
2026-05-23T08:55:45Z [VISION-SYS][ERROR] robot-arm-04: temperature nominal: 34.1 C
2026-05-23T08:56:00Z [PLC-CTRL][INFO] robot-arm-04: temperature nominal: 64.7 C
2026-05-23T08:56:15Z [LUBRICATION][INFO] robot-arm-04: conveyor speed: 913 rpm
2026-05-23T08:56:30Z [LUBRICATION][ERROR] robot-arm-04: servo response time: 13 ms
2026-05-23T08:56:45Z [CONVEYOR][WARN] robot-arm-04: cycle count: 1114113
2026-05-23T08:57:00Z [MOTOR-DRV][ERROR] robot-arm-04: lubrication pump cycle complete
2026-05-23T08:57:15Z [VISION-SYS][WARN] robot-arm-04: motion cycle complete
2026-05-23T08:57:30Z [VISION-SYS][WARN] robot-arm-04: cycle count: 1220406
2026-05-23T08:57:45Z [VISION-SYS][ERROR] robot-arm-04: conveyor speed: 1143 rpm
2026-05-23T08:58:00Z [PLC-CTRL][INFO] robot-arm-04: lubrication pump cycle complete
2026-05-23T08:58:15Z [VISION-SYS][INFO] robot-arm-04: encoder read: pos=32.24
2026-05-23T08:58:30Z [VISION-SYS][INFO] robot-arm-04: heartbeat OK
2026-05-23T08:58:45Z [LUBRICATION][INFO] robot-arm-04: vision inspection pass
2026-05-23T08:59:00Z [MOTOR-DRV][WARN] robot-arm-04: conveyor speed: 959 rpm
2026-05-23T08:59:15Z [MOTOR-DRV][WARN] robot-arm-04: conveyor speed: 837 rpm
2026-05-23T08:59:30Z [SAFETY-MON][WARN] robot-arm-04: conveyor speed: 1191 rpm
2026-05-23T08:59:45Z [CONVEYOR][INFO] robot-arm-04: motion cycle complete
2026-05-23T09:00:00Z [MOTOR-DRV][WARN] robot-arm-04: vision inspection pass
2026-05-23T09:00:15Z [CONVEYOR][INFO] robot-arm-04: lubrication pump cycle complete
2026-05-23T09:00:30Z [VISION-SYS][ERROR] robot-arm-04: temperature nominal: 44.3 C
2026-05-23T09:00:45Z [CONVEYOR][WARN] robot-arm-04: vision inspection pass
2026-05-23T09:01:00Z [PLC-CTRL][INFO] robot-arm-04: temperature nominal: 68.3 C
2026-05-23T09:01:15Z [CONVEYOR][INFO] robot-arm-04: temperature nominal: 76.7 C
2026-05-23T09:01:30Z [MOTOR-DRV][INFO] robot-arm-04: heartbeat OK
2026-05-23T09:01:45Z [MOTOR-DRV][INFO] robot-arm-04: cycle count: 1017192
2026-05-23T09:02:00Z [CONVEYOR][WARN] robot-arm-04: temperature nominal: 72.2 C
2026-05-23T09:02:15Z [PLC-CTRL][INFO] robot-arm-04: conveyor speed: 1098 rpm
2026-05-23T09:02:30Z [LUBRICATION][INFO] robot-arm-04: lubrication pump cycle complete
2026-05-23T09:02:45Z [LUBRICATION][WARN] robot-arm-04: motion cycle complete
2026-05-23T09:03:00Z [VISION-SYS][INFO] robot-arm-04: joint load within bounds
2026-05-23T09:03:15Z [VISION-SYS][INFO] robot-arm-04: conveyor speed: 889 rpm
2026-05-23T09:03:30Z [PLC-CTRL][ERROR] robot-arm-04: heartbeat OK
2026-05-23T09:03:45Z [LUBRICATION][ERROR] robot-arm-04: temperature nominal: 50.7 C
2026-05-23T09:04:00Z [PLC-CTRL][INFO] robot-arm-04: servo response time: 3 ms
2026-05-23T09:04:15Z [MOTOR-DRV][ERROR] robot-arm-04: motion cycle complete
2026-05-23T09:04:30Z [PLC-CTRL][WARN] robot-arm-04: temperature nominal: 29.3 C
2026-05-23T09:04:45Z [CONVEYOR][INFO] robot-arm-04: cycle count: 1165764
2026-05-23T09:05:00Z [SAFETY-MON][WARN] robot-arm-04: vision inspection pass
2026-05-23T09:05:15Z [SAFETY-MON][WARN] robot-arm-04: lubrication pump cycle complete
2026-05-23T09:05:30Z [VISION-SYS][INFO] robot-arm-04: heartbeat OK
2026-05-23T09:05:45Z [VISION-SYS][WARN] robot-arm-04: heartbeat OK
2026-05-23T09:06:00Z [SAFETY-MON][INFO] robot-arm-04: heartbeat OK
2026-05-23T09:06:15Z [CONVEYOR][WARN] robot-arm-04: servo response time: 9 ms
2026-05-23T09:06:30Z [MOTOR-DRV][WARN] robot-arm-04: cycle count: 1118406
2026-05-23T09:06:45Z [PLC-CTRL][INFO] robot-arm-04: vision inspection pass
2026-05-23T09:07:00Z [SAFETY-MON][WARN] robot-arm-04: cycle count: 1132741
2026-05-23T09:07:15Z [LUBRICATION][INFO] robot-arm-04: encoder read: pos=280.55
2026-05-23T09:07:30Z [CONVEYOR][INFO] robot-arm-04: temperature nominal: 53.9 C
2026-05-23T09:07:45Z [MOTOR-DRV][INFO] robot-arm-04: conveyor speed: 854 rpm
2026-05-23T09:08:00Z [CONVEYOR][INFO] robot-arm-04: lubrication pump cycle complete
2026-05-23T09:08:15Z [MOTOR-DRV][WARN] robot-arm-04: motion cycle complete
2026-05-23T09:08:30Z [PLC-CTRL][INFO] robot-arm-04: joint load within bounds
2026-05-23T09:08:45Z [VISION-SYS][INFO] robot-arm-04: encoder read: pos=46.37
2026-05-23T09:09:00Z [PLC-CTRL][WARN] robot-arm-04: heartbeat OK
2026-05-23T09:09:15Z [VISION-SYS][INFO] robot-arm-04: vision inspection pass
2026-05-23T09:09:30Z [LUBRICATION][INFO] robot-arm-04: heartbeat OK
2026-05-23T09:09:45Z [CONVEYOR][WARN] robot-arm-04: lubrication pump cycle complete
2026-05-23T09:10:00Z [MOTOR-DRV][WARN] robot-arm-04: vision inspection pass
2026-05-23T09:10:15Z [SAFETY-MON][INFO] robot-arm-04: joint load within bounds
2026-05-23T09:10:30Z [VISION-SYS][INFO] robot-arm-04: conveyor speed: 1155 rpm
2026-05-23T09:10:45Z [MOTOR-DRV][WARN] robot-arm-04: heartbeat OK
2026-05-23T09:11:00Z [MOTOR-DRV][INFO] robot-arm-04: vision inspection pass
2026-05-23T09:11:15Z [VISION-SYS][INFO] robot-arm-04: heartbeat OK
2026-05-23T09:11:30Z [CONVEYOR][INFO] robot-arm-04: servo response time: 18 ms
2026-05-23T09:11:45Z [SAFETY-MON][WARN] robot-arm-04: conveyor speed: 1028 rpm
2026-05-23T09:12:00Z [SAFETY-MON][WARN] robot-arm-04: heartbeat OK
2026-05-23T09:12:15Z [VISION-SYS][WARN] robot-arm-04: motion cycle complete
2026-05-23T09:12:30Z [VISION-SYS][WARN] robot-arm-04: conveyor speed: 970 rpm
2026-05-23T09:12:45Z [MOTOR-DRV][INFO] robot-arm-04: heartbeat OK
2026-05-23T09:13:00Z [SAFETY-MON][INFO] robot-arm-04: servo response time: 5 ms
2026-05-23T09:13:15Z [LUBRICATION][INFO] robot-arm-04: heartbeat OK
2026-05-23T09:13:30Z [SAFETY-MON][INFO] robot-arm-04: cycle count: 1165574
2026-05-23T09:13:45Z [SAFETY-MON][WARN] robot-arm-04: heartbeat OK
2026-05-23T09:14:00Z [VISION-SYS][WARN] robot-arm-04: conveyor speed: 940 rpm
2026-05-23T09:14:15Z [PLC-CTRL][WARN] robot-arm-04: encoder read: pos=17.55
2026-05-23T09:14:30Z [PLC-CTRL][INFO] robot-arm-04: cycle count: 1153866
2026-05-23T09:14:45Z [MOTOR-DRV][INFO] robot-arm-04: joint load within bounds
2026-05-23T09:15:00Z [SAFETY-MON][INFO] robot-arm-04: vision inspection pass
2026-05-23T09:15:15Z [VISION-SYS][INFO] robot-arm-04: lubrication pump cycle complete
2026-05-23T09:15:30Z [LUBRICATION][INFO] robot-arm-04: servo response time: 4 ms
2026-05-23T09:15:45Z [MOTOR-DRV][INFO] robot-arm-04: motion cycle complete
2026-05-23T09:16:00Z [PLC-CTRL][WARN] robot-arm-04: encoder read: pos=253.95
2026-05-23T09:16:15Z [MOTOR-DRV][INFO] robot-arm-04: motion cycle complete
2026-05-23T09:16:30Z [VISION-SYS][WARN] robot-arm-04: cycle count: 1214171
2026-05-23T09:16:45Z [LUBRICATION][WARN] robot-arm-04: temperature nominal: 32.7 C
2026-05-23T09:17:00Z [SAFETY-MON][ERROR] robot-arm-04: heartbeat OK
2026-05-23T09:17:15Z [VISION-SYS][INFO] robot-arm-04: temperature nominal: 31.8 C
2026-05-23T09:17:30Z [VISION-SYS][WARN] robot-arm-04: joint load within bounds
2026-05-23T09:17:45Z [PLC-CTRL][WARN] robot-arm-04: temperature nominal: 61.0 C
2026-05-23T09:18:00Z [MOTOR-DRV][INFO] robot-arm-04: conveyor speed: 934 rpm
2026-05-23T09:18:15Z [VISION-SYS][INFO] robot-arm-04: temperature nominal: 49.9 C
2026-05-23T09:18:30Z [VISION-SYS][WARN] robot-arm-04: vision inspection pass
2026-05-23T09:18:45Z [SAFETY-MON][INFO] robot-arm-04: servo response time: 11 ms
2026-05-23T09:19:00Z [MOTOR-DRV][ERROR] robot-arm-04: temperature nominal: 51.3 C
2026-05-23T09:19:15Z [LUBRICATION][ERROR] robot-arm-04: heartbeat OK
2026-05-23T09:19:30Z [SAFETY-MON][WARN] robot-arm-04: lubrication pump cycle complete
2026-05-23T09:19:45Z [MOTOR-DRV][WARN] robot-arm-04: vision inspection pass
2026-05-23T09:20:00Z [CONVEYOR][WARN] robot-arm-04: vision inspection pass
2026-05-23T09:20:15Z [VISION-SYS][INFO] robot-arm-04: vision inspection pass
2026-05-23T09:20:30Z [LUBRICATION][INFO] robot-arm-04: vision inspection pass
2026-05-23T09:20:45Z [CONVEYOR][ERROR] robot-arm-04: heartbeat OK
2026-05-23T09:21:00Z [VISION-SYS][INFO] robot-arm-04: joint load within bounds
2026-05-23T09:21:15Z [CONVEYOR][WARN] robot-arm-04: joint load within bounds
2026-05-23T09:21:30Z [PLC-CTRL][WARN] robot-arm-04: temperature nominal: 43.9 C
2026-05-23T09:21:45Z [CONVEYOR][INFO] robot-arm-04: servo response time: 17 ms
2026-05-23T09:22:00Z [LUBRICATION][ERROR] robot-arm-04: heartbeat OK
2026-05-23T09:22:15Z [MOTOR-DRV][WARN] robot-arm-04: encoder read: pos=228.06
2026-05-23T09:22:30Z [VISION-SYS][ERROR] robot-arm-04: encoder read: pos=274.11
2026-05-23T09:22:45Z [VISION-SYS][INFO] robot-arm-04: conveyor speed: 817 rpm
2026-05-23T09:23:00Z [SAFETY-MON][ERROR] robot-arm-04: lubrication pump cycle complete
2026-05-23T09:23:15Z [SAFETY-MON][INFO] robot-arm-04: conveyor speed: 824 rpm
2026-05-23T09:23:30Z [CONVEYOR][WARN] robot-arm-04: joint load within bounds
2026-05-23T09:23:45Z [SAFETY-MON][WARN] robot-arm-04: servo response time: 2 ms
2026-05-23T09:24:00Z [MOTOR-DRV][WARN] robot-arm-04: conveyor speed: 874 rpm
2026-05-23T09:24:15Z [SAFETY-MON][WARN] robot-arm-04: joint load within bounds
2026-05-23T09:24:30Z [CONVEYOR][INFO] robot-arm-04: joint load within bounds
2026-05-23T09:24:45Z [MOTOR-DRV][INFO] robot-arm-04: motion cycle complete
2026-05-23T09:25:00Z [SAFETY-MON][INFO] robot-arm-04: encoder read: pos=152.18
2026-05-23T09:25:15Z [CONVEYOR][INFO] robot-arm-04: encoder read: pos=297.05
2026-05-23T09:25:30Z [SAFETY-MON][ERROR] robot-arm-04: motion cycle complete
2026-05-23T09:25:45Z [CONVEYOR][WARN] robot-arm-04: conveyor speed: 990 rpm
2026-05-23T09:26:00Z [MOTOR-DRV][ERROR] robot-arm-04: encoder read: pos=350.98
2026-05-23T09:26:15Z [MOTOR-DRV][INFO] robot-arm-04: joint load within bounds
2026-05-23T09:26:30Z [LUBRICATION][INFO] robot-arm-04: temperature nominal: 65.7 C
2026-05-23T09:26:45Z [VISION-SYS][INFO] robot-arm-04: heartbeat OK
2026-05-23T09:27:00Z [CONVEYOR][INFO] robot-arm-04: heartbeat OK
2026-05-23T09:27:15Z [SAFETY-MON][INFO] robot-arm-04: encoder read: pos=174.63
2026-05-23T09:27:30Z [MOTOR-DRV][INFO] robot-arm-04: cycle count: 1099784
2026-05-23T09:27:45Z [SAFETY-MON][WARN] robot-arm-04: cycle count: 1062547
2026-05-23T09:28:00Z [SAFETY-MON][WARN] robot-arm-04: vision inspection pass
2026-05-23T09:28:15Z [MOTOR-DRV][INFO] robot-arm-04: lubrication pump cycle complete
2026-05-23T09:28:30Z [VISION-SYS][INFO] robot-arm-04: temperature nominal: 72.6 C
2026-05-23T09:28:45Z [LUBRICATION][INFO] robot-arm-04: encoder read: pos=49.21
2026-05-23T09:29:00Z [CONVEYOR][WARN] robot-arm-04: joint load within bounds
2026-05-23T09:29:15Z [VISION-SYS][INFO] robot-arm-04: motion cycle complete
2026-05-23T09:29:30Z [CONVEYOR][WARN] robot-arm-04: servo response time: 8 ms
2026-05-23T09:29:45Z [PLC-CTRL][WARN] robot-arm-04: servo response time: 14 ms
2026-05-23T09:30:00Z [PLC-CTRL][WARN] robot-arm-04: servo response time: 10 ms
2026-05-23T09:30:15Z [PLC-CTRL][WARN] robot-arm-04: conveyor speed: 1012 rpm
2026-05-23T09:30:30Z [MOTOR-DRV][ERROR] robot-arm-04: conveyor speed: 804 rpm
2026-05-23T09:30:45Z [VISION-SYS][ERROR] robot-arm-04: conveyor speed: 836 rpm
2026-05-23T09:31:00Z [LUBRICATION][INFO] robot-arm-04: temperature nominal: 42.5 C
2026-05-23T09:31:15Z [MOTOR-DRV][WARN] robot-arm-04: lubrication pump cycle complete
2026-05-23T09:31:30Z [MOTOR-DRV][WARN] robot-arm-04: motion cycle complete
2026-05-23T09:31:45Z [LUBRICATION][WARN] robot-arm-04: servo response time: 2 ms
2026-05-23T09:32:00Z [LUBRICATION][WARN] robot-arm-04: joint load within bounds
2026-05-23T09:32:15Z [MOTOR-DRV][ERROR] robot-arm-04: cycle count: 1110853
2026-05-23T09:32:30Z [SAFETY-MON][WARN] robot-arm-04: encoder read: pos=192.92
2026-05-23T09:32:45Z [MOTOR-DRV][INFO] robot-arm-04: temperature nominal: 68.1 C
2026-05-23T09:33:00Z [MOTOR-DRV][INFO] robot-arm-04: heartbeat OK
2026-05-23T09:33:15Z [PLC-CTRL][WARN] robot-arm-04: vision inspection pass
2026-05-23T09:33:30Z [LUBRICATION][INFO] robot-arm-04: cycle count: 1076423
2026-05-23T09:33:45Z [LUBRICATION][INFO] robot-arm-04: motion cycle complete
2026-05-23T09:34:00Z [SAFETY-MON][WARN] robot-arm-04: encoder read: pos=125.46
2026-05-23T09:34:15Z [MOTOR-DRV][INFO] robot-arm-04: motion cycle complete
2026-05-23T09:34:30Z [LUBRICATION][WARN] robot-arm-04: servo response time: 13 ms
2026-05-23T09:34:45Z [CONVEYOR][WARN] robot-arm-04: conveyor speed: 971 rpm
2026-05-23T09:35:00Z [CONVEYOR][WARN] robot-arm-04: joint load within bounds
2026-05-23T09:35:15Z [CONVEYOR][INFO] robot-arm-04: temperature nominal: 69.8 C
2026-05-23T09:35:30Z [PLC-CTRL][INFO] robot-arm-04: servo response time: 16 ms
2026-05-23T09:35:45Z [LUBRICATION][INFO] robot-arm-04: encoder read: pos=95.88
2026-05-23T09:36:00Z [SAFETY-MON][INFO] robot-arm-04: lubrication pump cycle complete
2026-05-23T09:36:15Z [SAFETY-MON][INFO] robot-arm-04: cycle count: 1161252
2026-05-23T09:36:30Z [PLC-CTRL][WARN] robot-arm-04: motion cycle complete
2026-05-23T09:36:45Z [CONVEYOR][ERROR] robot-arm-04: heartbeat OK
2026-05-23T09:37:00Z [LUBRICATION][INFO] robot-arm-04: vision inspection pass
2026-05-23T09:37:15Z [MOTOR-DRV][INFO] robot-arm-04: conveyor speed: 965 rpm
2026-05-23T09:37:30Z [MOTOR-DRV][INFO] robot-arm-04: lubrication pump cycle complete
2026-05-23T09:37:45Z [SAFETY-MON][INFO] robot-arm-04: lubrication pump cycle complete
2026-05-23T09:38:00Z [LUBRICATION][ERROR] robot-arm-04: joint load within bounds
2026-05-23T09:38:15Z [LUBRICATION][WARN] robot-arm-04: temperature nominal: 76.4 C
2026-05-23T09:38:30Z [CONVEYOR][INFO] robot-arm-04: lubrication pump cycle complete
2026-05-23T09:38:45Z [CONVEYOR][WARN] robot-arm-04: encoder read: pos=137.58
2026-05-23T09:39:00Z [PLC-CTRL][ERROR] robot-arm-04: temperature nominal: 43.9 C
2026-05-23T09:39:15Z [LUBRICATION][INFO] robot-arm-04: heartbeat OK
2026-05-23T09:39:30Z [LUBRICATION][WARN] robot-arm-04: vision inspection pass
2026-05-23T09:39:45Z [LUBRICATION][INFO] robot-arm-04: conveyor speed: 1007 rpm
2026-05-23T09:40:00Z [MOTOR-DRV][INFO] robot-arm-04: lubrication pump cycle complete
2026-05-23T09:40:15Z [VISION-SYS][INFO] robot-arm-04: servo response time: 2 ms
2026-05-23T09:40:30Z [PLC-CTRL][ERROR] robot-arm-04: vision inspection pass
2026-05-23T09:40:45Z [MOTOR-DRV][WARN] robot-arm-04: motion cycle complete
2026-05-23T09:41:00Z [SAFETY-MON][INFO] robot-arm-04: motion cycle complete
2026-05-23T09:41:15Z [PLC-CTRL][WARN] robot-arm-04: joint load within bounds
2026-05-23T09:41:30Z [VISION-SYS][WARN] robot-arm-04: servo response time: 6 ms
2026-05-23T09:41:45Z [CONVEYOR][WARN] robot-arm-04: heartbeat OK
2026-05-23T09:42:00Z [SAFETY-MON][INFO] robot-arm-04: conveyor speed: 1174 rpm
2026-05-23T09:42:15Z [LUBRICATION][INFO] robot-arm-04: lubrication pump cycle complete
2026-05-23T09:42:30Z [LUBRICATION][WARN] robot-arm-04: joint load within bounds
2026-05-23T09:42:45Z [VISION-SYS][INFO] robot-arm-04: conveyor speed: 913 rpm
2026-05-23T09:43:00Z [MOTOR-DRV][ERROR] robot-arm-04: motion cycle complete
2026-05-23T09:43:15Z [VISION-SYS][INFO] robot-arm-04: motion cycle complete
2026-05-23T09:43:30Z [PLC-CTRL][WARN] robot-arm-04: motion cycle complete
2026-05-23T09:43:45Z [LUBRICATION][INFO] robot-arm-04: temperature nominal: 29.8 C
2026-05-23T09:44:00Z [MOTOR-DRV][WARN] robot-arm-04: servo response time: 11 ms
2026-05-23T09:44:15Z [CONVEYOR][WARN] robot-arm-04: temperature nominal: 52.7 C
2026-05-23T09:44:30Z [PLC-CTRL][WARN] robot-arm-04: motion cycle complete
2026-05-23T09:44:45Z [PLC-CTRL][ERROR] robot-arm-04: lubrication pump cycle complete
2026-05-23T09:45:00Z [VISION-SYS][INFO] robot-arm-04: joint load within bounds
2026-05-23T09:45:15Z [CONVEYOR][INFO] robot-arm-04: cycle count: 1287982
2026-05-23T09:45:30Z [VISION-SYS][WARN] robot-arm-04: temperature nominal: 53.3 C
2026-05-23T09:45:45Z [PLC-CTRL][INFO] robot-arm-04: temperature nominal: 44.0 C
2026-05-23T09:46:00Z [SAFETY-MON][INFO] robot-arm-04: cycle count: 1210155
2026-05-23T09:46:15Z [VISION-SYS][ERROR] robot-arm-04: joint load within bounds
2026-05-23T09:46:30Z [PLC-CTRL][WARN] robot-arm-04: lubrication pump cycle complete
2026-05-23T09:46:45Z [MOTOR-DRV][INFO] robot-arm-04: encoder read: pos=28.36
2026-05-23T09:47:00Z [LUBRICATION][INFO] robot-arm-04: servo response time: 9 ms
2026-05-23T09:47:15Z [MOTOR-DRV][WARN] robot-arm-04: encoder read: pos=61.29
2026-05-23T09:47:30Z [MOTOR-DRV][WARN] robot-arm-04: heartbeat OK
2026-05-23T09:47:45Z [MOTOR-DRV][WARN] robot-arm-04: heartbeat OK
2026-05-23T09:48:00Z [VISION-SYS][INFO] robot-arm-04: cycle count: 1100575
2026-05-23T09:48:15Z [LUBRICATION][ERROR] robot-arm-04: servo response time: 6 ms
2026-05-23T09:48:30Z [MOTOR-DRV][WARN] robot-arm-04: temperature nominal: 53.4 C
2026-05-23T09:48:45Z [CONVEYOR][WARN] robot-arm-04: encoder read: pos=54.18
2026-05-23T09:49:00Z [SAFETY-MON][INFO] robot-arm-04: servo response time: 8 ms
2026-05-23T09:49:15Z [MOTOR-DRV][INFO] robot-arm-04: encoder read: pos=312.72
2026-05-23T09:49:30Z [MOTOR-DRV][WARN] robot-arm-04: encoder read: pos=83.17
2026-05-23T09:49:45Z [SAFETY-MON][WARN] robot-arm-04: motion cycle complete
2026-05-23T09:50:00Z [VISION-SYS][INFO] robot-arm-04: joint load within bounds
2026-05-23T09:50:15Z [PLC-CTRL][ERROR] robot-arm-04: joint load within bounds
2026-05-23T09:50:30Z [CONVEYOR][INFO] robot-arm-04: temperature nominal: 34.1 C
2026-05-23T09:50:45Z [VISION-SYS][WARN] robot-arm-04: heartbeat OK
2026-05-23T09:51:00Z [VISION-SYS][WARN] robot-arm-04: vision inspection pass
2026-05-23T09:51:15Z [PLC-CTRL][INFO] robot-arm-04: heartbeat OK
2026-05-23T09:51:30Z [SAFETY-MON][WARN] robot-arm-04: servo response time: 15 ms
2026-05-23T09:51:45Z [VISION-SYS][WARN] robot-arm-04: joint load within bounds
2026-05-23T09:52:00Z [MOTOR-DRV][ERROR] robot-arm-04: heartbeat OK
2026-05-23T09:52:15Z [VISION-SYS][INFO] robot-arm-04: lubrication pump cycle complete
2026-05-23T09:52:30Z [PLC-CTRL][ERROR] robot-arm-04: servo response time: 4 ms
2026-05-23T09:52:45Z [CONVEYOR][WARN] robot-arm-04: cycle count: 1042996
2026-05-23T09:53:00Z [SAFETY-MON][INFO] robot-arm-04: heartbeat OK
2026-05-23T09:53:15Z [CONVEYOR][WARN] robot-arm-04: lubrication pump cycle complete
2026-05-23T09:53:30Z [VISION-SYS][INFO] robot-arm-04: cycle count: 1274346
2026-05-23T09:53:45Z [CONVEYOR][INFO] robot-arm-04: heartbeat OK
2026-05-23T09:54:00Z [PLC-CTRL][WARN] robot-arm-04: joint load within bounds
2026-05-23T09:54:15Z [PLC-CTRL][WARN] robot-arm-04: temperature nominal: 49.9 C
2026-05-23T09:54:30Z [MOTOR-DRV][WARN] robot-arm-04: servo response time: 12 ms
2026-05-23T09:54:45Z [SAFETY-MON][ERROR] robot-arm-04: heartbeat OK
2026-05-23T09:55:00Z [VISION-SYS][INFO] robot-arm-04: heartbeat OK
2026-05-23T09:55:15Z [SAFETY-MON][WARN] robot-arm-04: conveyor speed: 1189 rpm
2026-05-23T09:55:30Z [PLC-CTRL][INFO] robot-arm-04: joint load within bounds
2026-05-23T09:55:45Z [MOTOR-DRV][INFO] robot-arm-04: vision inspection pass
2026-05-23T09:56:00Z [LUBRICATION][INFO] robot-arm-04: lubrication pump cycle complete
2026-05-23T09:56:15Z [CONVEYOR][WARN] robot-arm-04: conveyor speed: 965 rpm
2026-05-23T09:56:30Z [LUBRICATION][WARN] robot-arm-04: lubrication pump cycle complete
2026-05-23T09:56:45Z [LUBRICATION][ERROR] robot-arm-04: joint load within bounds
2026-05-23T09:57:00Z [SAFETY-MON][INFO] robot-arm-04: conveyor speed: 1042 rpm
2026-05-23T09:57:15Z [LUBRICATION][INFO] robot-arm-04: cycle count: 1128275
2026-05-23T09:57:30Z [SAFETY-MON][ERROR] robot-arm-04: cycle count: 1109728
2026-05-23T09:57:45Z [SAFETY-MON][INFO] robot-arm-04: cycle count: 1161718
2026-05-23T09:58:00Z [LUBRICATION][ERROR] robot-arm-04: servo response time: 12 ms
2026-05-23T09:58:15Z [PLC-CTRL][ERROR] robot-arm-04: motion cycle complete
2026-05-23T09:58:30Z [CONVEYOR][WARN] robot-arm-04: servo response time: 14 ms
2026-05-23T09:58:45Z [PLC-CTRL][INFO] robot-arm-04: encoder read: pos=272.09
2026-05-23T09:59:00Z [SAFETY-MON][WARN] robot-arm-04: encoder read: pos=165.36
2026-05-23T09:59:15Z [LUBRICATION][ERROR] robot-arm-04: encoder read: pos=95.53
2026-05-23T09:59:30Z [MOTOR-DRV][WARN] robot-arm-04: conveyor speed: 880 rpm
2026-05-23T09:59:45Z [PLC-CTRL][ERROR] robot-arm-04: encoder read: pos=167.90
2026-05-23T10:00:00Z [SAFETY-MON][INFO] robot-arm-04: temperature nominal: 82.6 C
2026-05-23T10:00:15Z [SAFETY-MON][ERROR] robot-arm-04: heartbeat OK
2026-05-23T10:00:30Z [MOTOR-DRV][WARN] robot-arm-04: joint load within bounds
2026-05-23T10:00:45Z [CONVEYOR][INFO] robot-arm-04: conveyor speed: 877 rpm
2026-05-23T10:01:00Z [PLC-CTRL][INFO] robot-arm-04: joint load within bounds
2026-05-23T10:01:15Z [VISION-SYS][WARN] robot-arm-04: cycle count: 1222825
2026-05-23T10:01:30Z [CONVEYOR][INFO] robot-arm-04: heartbeat OK
2026-05-23T10:01:45Z [MOTOR-DRV][WARN] robot-arm-04: lubrication pump cycle complete
2026-05-23T10:02:00Z [CONVEYOR][INFO] robot-arm-04: conveyor speed: 958 rpm
2026-05-23T10:02:15Z [CONVEYOR][INFO] robot-arm-04: motion cycle complete
2026-05-23T10:02:30Z [MOTOR-DRV][INFO] robot-arm-04: conveyor speed: 1005 rpm
2026-05-23T10:02:45Z [SAFETY-MON][INFO] robot-arm-04: encoder read: pos=267.07
2026-05-23T10:03:00Z [VISION-SYS][WARN] robot-arm-04: vision inspection pass
2026-05-23T10:03:15Z [MOTOR-DRV][ERROR] robot-arm-04: motion cycle complete
2026-05-23T10:03:30Z [LUBRICATION][ERROR] robot-arm-04: encoder read: pos=23.68
2026-05-23T10:03:45Z [PLC-CTRL][INFO] robot-arm-04: servo response time: 7 ms
2026-05-23T10:04:00Z [CONVEYOR][INFO] robot-arm-04: vision inspection pass
2026-05-23T10:04:15Z [PLC-CTRL][WARN] robot-arm-04: servo response time: 4 ms
2026-05-23T10:04:30Z [PLC-CTRL][WARN] robot-arm-04: temperature nominal: 42.7 C
2026-05-23T10:04:45Z [VISION-SYS][WARN] robot-arm-04: lubrication pump cycle complete
2026-05-23T10:05:00Z [PLC-CTRL][INFO] robot-arm-04: joint load within bounds
2026-05-23T10:05:15Z [MOTOR-DRV][WARN] robot-arm-04: temperature nominal: 53.0 C
2026-05-23T10:05:30Z [LUBRICATION][WARN] robot-arm-04: joint load within bounds
2026-05-23T10:05:45Z [CONVEYOR][INFO] robot-arm-04: servo response time: 4 ms
2026-05-23T10:06:00Z [SAFETY-MON][WARN] robot-arm-04: cycle count: 1241934
2026-05-23T10:06:15Z [PLC-CTRL][INFO] robot-arm-04: motion cycle complete
2026-05-23T10:06:30Z [SAFETY-MON][WARN] robot-arm-04: encoder read: pos=349.26
2026-05-23T10:06:45Z [PLC-CTRL][INFO] robot-arm-04: joint load within bounds
2026-05-23T10:07:00Z [MOTOR-DRV][INFO] robot-arm-04: joint load within bounds
2026-05-23T10:07:15Z [VISION-SYS][INFO] robot-arm-04: encoder read: pos=124.69
2026-05-23T10:07:30Z [SAFETY-MON][WARN] robot-arm-04: encoder read: pos=189.33
2026-05-23T10:07:45Z [MOTOR-DRV][WARN] robot-arm-04: cycle count: 1050146
2026-05-23T10:08:00Z [VISION-SYS][ERROR] robot-arm-04: temperature nominal: 79.1 C
2026-05-23T10:08:15Z [SAFETY-MON][INFO] robot-arm-04: conveyor speed: 930 rpm
2026-05-23T10:08:30Z [VISION-SYS][INFO] robot-arm-04: motion cycle complete
2026-05-23T10:08:45Z [LUBRICATION][INFO] robot-arm-04: cycle count: 1057010
2026-05-23T10:09:00Z [PLC-CTRL][INFO] robot-arm-04: vision inspection pass
2026-05-23T10:09:15Z [CONVEYOR][ERROR] robot-arm-04: temperature nominal: 25.6 C
2026-05-23T10:09:30Z [MOTOR-DRV][WARN] robot-arm-04: encoder read: pos=264.62
2026-05-23T10:09:45Z [CONVEYOR][WARN] robot-arm-04: motion cycle complete
2026-05-23T10:10:00Z [SAFETY-MON][ERROR] robot-arm-04: motion cycle complete
2026-05-23T10:10:15Z [SAFETY-MON][WARN] robot-arm-04: motion cycle complete
2026-05-23T10:10:30Z [PLC-CTRL][ERROR] robot-arm-04: joint load within bounds
2026-05-23T10:10:45Z [CONVEYOR][WARN] robot-arm-04: encoder read: pos=69.63
2026-05-23T10:11:00Z [CONVEYOR][ERROR] robot-arm-04: vision inspection pass
2026-05-23T10:11:15Z [CONVEYOR][ERROR] robot-arm-04: heartbeat OK
2026-05-23T10:11:30Z [SAFETY-MON][ERROR] robot-arm-04: conveyor speed: 861 rpm
2026-05-23T10:11:45Z [LUBRICATION][INFO] robot-arm-04: motion cycle complete
2026-05-23T10:12:00Z [LUBRICATION][WARN] robot-arm-04: encoder read: pos=160.76
2026-05-23T10:12:15Z [CONVEYOR][INFO] robot-arm-04: vision inspection pass
2026-05-23T10:12:30Z [PLC-CTRL][ERROR] robot-arm-04: cycle count: 1228149
2026-05-23T10:12:45Z [PLC-CTRL][ERROR] robot-arm-04: heartbeat OK
2026-05-23T10:13:00Z [PLC-CTRL][INFO] robot-arm-04: servo response time: 11 ms
2026-05-23T10:13:15Z [LUBRICATION][WARN] robot-arm-04: conveyor speed: 815 rpm
2026-05-23T10:13:30Z [MOTOR-DRV][ERROR] robot-arm-04: joint load within bounds
2026-05-23T10:13:45Z [SAFETY-MON][ERROR] robot-arm-04: motion cycle complete
2026-05-23T10:14:00Z [MOTOR-DRV][ERROR] robot-arm-04: joint load within bounds
2026-05-23T10:14:15Z [VISION-SYS][WARN] robot-arm-04: temperature nominal: 64.3 C
2026-05-23T10:14:30Z [LUBRICATION][WARN] robot-arm-04: vision inspection pass
2026-05-23T10:14:45Z [CONVEYOR][INFO] robot-arm-04: motion cycle complete
2026-05-23T10:15:00Z [MOTOR-DRV][INFO] robot-arm-04: temperature nominal: 24.9 C
2026-05-23T10:15:15Z [SAFETY-MON][ERROR] robot-arm-04: joint load within bounds
2026-05-23T10:15:30Z [VISION-SYS][INFO] robot-arm-04: motion cycle complete
2026-05-23T10:15:45Z [PLC-CTRL][INFO] robot-arm-04: joint load within bounds
2026-05-23T10:16:00Z [SAFETY-MON][INFO] robot-arm-04: motion cycle complete
2026-05-23T10:16:15Z [MOTOR-DRV][INFO] robot-arm-04: servo response time: 16 ms
2026-05-23T10:16:30Z [CONVEYOR][WARN] robot-arm-04: servo response time: 14 ms
2026-05-23T10:16:45Z [CONVEYOR][WARN] robot-arm-04: motion cycle complete
2026-05-23T10:17:00Z [PLC-CTRL][INFO] robot-arm-04: vision inspection pass
2026-05-23T10:17:15Z [VISION-SYS][INFO] robot-arm-04: motion cycle complete
2026-05-23T10:17:30Z [LUBRICATION][WARN] robot-arm-04: heartbeat OK
2026-05-23T10:17:45Z [VISION-SYS][ERROR] robot-arm-04: motion cycle complete
2026-05-23T10:18:00Z [MOTOR-DRV][WARN] robot-arm-04: lubrication pump cycle complete
2026-05-23T10:18:15Z [MOTOR-DRV][WARN] robot-arm-04: conveyor speed: 1058 rpm
2026-05-23T10:18:30Z [VISION-SYS][WARN] robot-arm-04: heartbeat OK
2026-05-23T10:18:45Z [VISION-SYS][INFO] robot-arm-04: conveyor speed: 862 rpm
2026-05-23T10:19:00Z [PLC-CTRL][INFO] robot-arm-04: encoder read: pos=290.80
2026-05-23T10:19:15Z [SAFETY-MON][WARN] robot-arm-04: servo response time: 8 ms
2026-05-23T10:19:30Z [PLC-CTRL][ERROR] robot-arm-04: vision inspection pass
2026-05-23T10:19:45Z [SAFETY-MON][INFO] robot-arm-04: cycle count: 1035358
2026-05-23T10:20:00Z [PLC-CTRL][ERROR] robot-arm-04: motion cycle complete
2026-05-23T10:20:15Z [LUBRICATION][INFO] robot-arm-04: cycle count: 1271706
2026-05-23T10:20:30Z [LUBRICATION][WARN] robot-arm-04: vision inspection pass
2026-05-23T10:20:45Z [MOTOR-DRV][WARN] robot-arm-04: temperature nominal: 30.3 C
2026-05-23T10:21:00Z [LUBRICATION][ERROR] robot-arm-04: joint load within bounds
2026-05-23T10:21:15Z [MOTOR-DRV][INFO] robot-arm-04: conveyor speed: 823 rpm
2026-05-23T10:21:30Z [VISION-SYS][ERROR] robot-arm-04: temperature nominal: 70.9 C
2026-05-23T10:21:45Z [LUBRICATION][WARN] robot-arm-04: temperature nominal: 29.1 C
2026-05-23T10:22:00Z [VISION-SYS][INFO] robot-arm-04: motion cycle complete
2026-05-23T10:22:15Z [SAFETY-MON][INFO] robot-arm-04: temperature nominal: 60.7 C
2026-05-23T10:22:30Z [VISION-SYS][INFO] robot-arm-04: encoder read: pos=78.77
2026-05-23T10:22:45Z [MOTOR-DRV][WARN] robot-arm-04: vision inspection pass
2026-05-23T10:23:00Z [SAFETY-MON][INFO] robot-arm-04: temperature nominal: 58.0 C
2026-05-23T10:23:15Z [SAFETY-MON][INFO] robot-arm-04: conveyor speed: 896 rpm
2026-05-23T10:23:30Z [PLC-CTRL][WARN] robot-arm-04: conveyor speed: 909 rpm
2026-05-23T10:23:45Z [CONVEYOR][INFO] robot-arm-04: cycle count: 1078922
2026-05-23T10:24:00Z [CONVEYOR][INFO] robot-arm-04: vision inspection pass
2026-05-23T10:24:15Z [MOTOR-DRV][INFO] robot-arm-04: temperature nominal: 32.8 C
2026-05-23T10:24:30Z [LUBRICATION][WARN] robot-arm-04: lubrication pump cycle complete
2026-05-23T10:24:45Z [VISION-SYS][WARN] robot-arm-04: motion cycle complete
2026-05-23T10:25:00Z [SAFETY-MON][INFO] robot-arm-04: heartbeat OK
2026-05-23T10:25:15Z [SAFETY-MON][INFO] robot-arm-04: lubrication pump cycle complete
2026-05-23T10:25:30Z [MOTOR-DRV][INFO] robot-arm-04: conveyor speed: 1098 rpm
2026-05-23T10:25:45Z [SAFETY-MON][INFO] robot-arm-04: cycle count: 1151974
2026-05-23T10:26:00Z [VISION-SYS][WARN] robot-arm-04: temperature nominal: 72.1 C
2026-05-23T10:26:15Z [VISION-SYS][INFO] robot-arm-04: vision inspection pass
2026-05-23T10:26:30Z [SAFETY-MON][INFO] robot-arm-04: motion cycle complete
2026-05-23T10:26:45Z [VISION-SYS][INFO] robot-arm-04: encoder read: pos=192.19
2026-05-23T10:27:00Z [SAFETY-MON][INFO] robot-arm-04: encoder read: pos=185.75
2026-05-23T10:27:15Z [MOTOR-DRV][ERROR] robot-arm-04: encoder read: pos=342.65
2026-05-23T10:27:30Z [SAFETY-MON][WARN] robot-arm-04: joint load within bounds
2026-05-23T10:27:45Z [MOTOR-DRV][INFO] robot-arm-04: servo response time: 3 ms
2026-05-23T10:28:00Z [MOTOR-DRV][INFO] robot-arm-04: vision inspection pass
2026-05-23T10:28:15Z [SAFETY-MON][INFO] robot-arm-04: motion cycle complete
2026-05-23T10:28:30Z [PLC-CTRL][WARN] robot-arm-04: joint load within bounds
2026-05-23T10:28:45Z [LUBRICATION][INFO] robot-arm-04: lubrication pump cycle complete
2026-05-23T10:29:00Z [LUBRICATION][WARN] robot-arm-04: cycle count: 1225154
2026-05-23T10:29:15Z [PLC-CTRL][INFO] robot-arm-04: conveyor speed: 1137 rpm
2026-05-23T10:29:30Z [SAFETY-MON][WARN] robot-arm-04: conveyor speed: 828 rpm
2026-05-23T10:29:45Z [VISION-SYS][WARN] robot-arm-04: vision inspection pass
2026-05-23T10:30:00Z [CONVEYOR][WARN] robot-arm-04: cycle count: 1283106
2026-05-23T10:30:15Z [PLC-CTRL][INFO] robot-arm-04: lubrication pump cycle complete
2026-05-23T10:30:30Z [SAFETY-MON][INFO] robot-arm-04: joint load within bounds
2026-05-23T10:30:45Z [LUBRICATION][INFO] robot-arm-04: servo response time: 13 ms
2026-05-23T10:31:00Z [MOTOR-DRV][WARN] robot-arm-04: temperature nominal: 36.9 C
2026-05-23T10:31:15Z [VISION-SYS][WARN] robot-arm-04: encoder read: pos=229.99
2026-05-23T10:31:30Z [LUBRICATION][WARN] robot-arm-04: joint load within bounds
2026-05-23T10:31:45Z [MOTOR-DRV][ERROR] robot-arm-04: lubrication pump cycle complete
2026-05-23T10:32:00Z [PLC-CTRL][INFO] robot-arm-04: motion cycle complete
2026-05-23T10:32:15Z [LUBRICATION][ERROR] robot-arm-04: joint load within bounds
2026-05-23T10:32:30Z [PLC-CTRL][INFO] robot-arm-04: cycle count: 1054842
2026-05-23T10:32:45Z [PLC-CTRL][INFO] robot-arm-04: encoder read: pos=109.98
2026-05-23T10:33:00Z [SAFETY-MON][WARN] robot-arm-04: lubrication pump cycle complete
2026-05-23T10:33:15Z [LUBRICATION][INFO] robot-arm-04: joint load within bounds
2026-05-23T10:33:30Z [MOTOR-DRV][INFO] robot-arm-04: encoder read: pos=38.58
2026-05-23T10:33:45Z [SAFETY-MON][WARN] robot-arm-04: encoder read: pos=296.51
2026-05-23T10:34:00Z [LUBRICATION][ERROR] robot-arm-04: cycle count: 1147935
2026-05-23T10:34:15Z [SAFETY-MON][INFO] robot-arm-04: conveyor speed: 1091 rpm
2026-05-23T10:34:30Z [CONVEYOR][ERROR] robot-arm-04: vision inspection pass
2026-05-23T10:34:45Z [MOTOR-DRV][WARN] robot-arm-04: conveyor speed: 1121 rpm
2026-05-23T10:35:00Z [SAFETY-MON][INFO] robot-arm-04: joint load within bounds
2026-05-23T10:35:15Z [PLC-CTRL][INFO] robot-arm-04: servo response time: 4 ms
2026-05-23T10:35:30Z [LUBRICATION][INFO] robot-arm-04: heartbeat OK
2026-05-23T10:35:45Z [VISION-SYS][INFO] robot-arm-04: vision inspection pass
2026-05-23T10:36:00Z [LUBRICATION][INFO] robot-arm-04: vision inspection pass
2026-05-23T10:36:15Z [MOTOR-DRV][ERROR] robot-arm-04: motion cycle complete
2026-05-23T10:36:30Z [MOTOR-DRV][INFO] robot-arm-04: conveyor speed: 986 rpm
2026-05-23T10:36:45Z [MOTOR-DRV][WARN] robot-arm-04: cycle count: 1192209
2026-05-23T10:37:00Z [LUBRICATION][INFO] robot-arm-04: cycle count: 1103615
2026-05-23T10:37:15Z [MOTOR-DRV][INFO] robot-arm-04: vision inspection pass
2026-05-23T10:37:30Z [MOTOR-DRV][INFO] robot-arm-04: joint load within bounds
2026-05-23T10:37:45Z [SAFETY-MON][INFO] robot-arm-04: temperature nominal: 83.8 C
2026-05-23T10:38:00Z [PLC-CTRL][INFO] robot-arm-04: conveyor speed: 815 rpm
2026-05-23T10:38:15Z [CONVEYOR][WARN] robot-arm-04: encoder read: pos=143.13
2026-05-23T10:38:30Z [VISION-SYS][ERROR] robot-arm-04: heartbeat OK
2026-05-23T10:38:45Z [MOTOR-DRV][INFO] robot-arm-04: motion cycle complete
2026-05-23T10:39:00Z [CONVEYOR][WARN] robot-arm-04: encoder read: pos=33.59
2026-05-23T10:39:15Z [VISION-SYS][ERROR] robot-arm-04: encoder read: pos=331.17
2026-05-23T10:39:30Z [CONVEYOR][WARN] robot-arm-04: joint load within bounds
2026-05-23T10:39:45Z [MOTOR-DRV][WARN] robot-arm-04: encoder read: pos=286.40
2026-05-23T10:40:00Z [MOTOR-DRV][ERROR] robot-arm-04: cycle count: 1130976
2026-05-23T10:40:15Z [SAFETY-MON][ERROR] robot-arm-04: encoder read: pos=1.80
2026-05-23T10:40:30Z [PLC-CTRL][INFO] robot-arm-04: lubrication pump cycle complete
2026-05-23T10:40:45Z [CONVEYOR][WARN] robot-arm-04: servo response time: 17 ms
2026-05-23T10:41:00Z [VISION-SYS][WARN] robot-arm-04: lubrication pump cycle complete
2026-05-23T10:41:15Z [MOTOR-DRV][ERROR] robot-arm-04: motion cycle complete
2026-05-23T10:41:30Z [VISION-SYS][WARN] robot-arm-04: vision inspection pass
2026-05-23T10:41:45Z [CONVEYOR][INFO] robot-arm-04: temperature nominal: 43.4 C
2026-05-23T10:42:00Z [CONVEYOR][WARN] robot-arm-04: conveyor speed: 1180 rpm
2026-05-23T10:42:15Z [CONVEYOR][ERROR] robot-arm-04: heartbeat OK
2026-05-23T10:42:30Z [PLC-CTRL][WARN] robot-arm-04: heartbeat OK
2026-05-23T10:42:45Z [SAFETY-MON][WARN] robot-arm-04: encoder read: pos=349.51
2026-05-23T10:43:00Z [MOTOR-DRV][INFO] robot-arm-04: lubrication pump cycle complete
2026-05-23T10:43:15Z [MOTOR-DRV][INFO] robot-arm-04: cycle count: 1052139
2026-05-23T10:43:30Z [VISION-SYS][INFO] robot-arm-04: servo response time: 3 ms
2026-05-23T10:43:45Z [LUBRICATION][INFO] robot-arm-04: encoder read: pos=267.00
2026-05-23T10:44:00Z [LUBRICATION][WARN] robot-arm-04: heartbeat OK
2026-05-23T10:44:15Z [LUBRICATION][INFO] robot-arm-04: vision inspection pass
2026-05-23T10:44:30Z [PLC-CTRL][INFO] robot-arm-04: vision inspection pass
2026-05-23T10:44:45Z [SAFETY-MON][INFO] robot-arm-04: servo response time: 7 ms
2026-05-23T10:45:00Z [LUBRICATION][INFO] robot-arm-04: motion cycle complete
2026-05-23T10:45:15Z [VISION-SYS][WARN] robot-arm-04: lubrication pump cycle complete
2026-05-23T10:45:30Z [SAFETY-MON][WARN] robot-arm-04: temperature nominal: 66.6 C
2026-05-23T10:45:45Z [PLC-CTRL][INFO] robot-arm-04: temperature nominal: 70.5 C
2026-05-23T10:46:00Z [MOTOR-DRV][ERROR] robot-arm-04: servo response time: 11 ms
2026-05-23T10:46:15Z [VISION-SYS][WARN] robot-arm-04: conveyor speed: 806 rpm
2026-05-23T10:46:30Z [VISION-SYS][INFO] robot-arm-04: vision inspection pass
2026-05-23T10:46:45Z [CONVEYOR][INFO] robot-arm-04: encoder read: pos=54.65
2026-05-23T10:47:00Z [VISION-SYS][WARN] robot-arm-04: encoder read: pos=43.44
2026-05-23T10:47:15Z [VISION-SYS][INFO] robot-arm-04: heartbeat OK
2026-05-23T10:47:30Z [CONVEYOR][INFO] robot-arm-04: servo response time: 12 ms
2026-05-23T10:47:45Z [PLC-CTRL][INFO] robot-arm-04: conveyor speed: 1183 rpm
2026-05-23T10:48:00Z [MOTOR-DRV][INFO] robot-arm-04: vision inspection pass
2026-05-23T10:48:15Z [PLC-CTRL][INFO] robot-arm-04: lubrication pump cycle complete
2026-05-23T10:48:30Z [CONVEYOR][ERROR] robot-arm-04: joint load within bounds
2026-05-23T10:48:45Z [PLC-CTRL][INFO] robot-arm-04: conveyor speed: 938 rpm
2026-05-23T10:49:00Z [CONVEYOR][ERROR] robot-arm-04: motion cycle complete
2026-05-23T10:49:15Z [LUBRICATION][WARN] robot-arm-04: conveyor speed: 896 rpm
2026-05-23T10:49:30Z [VISION-SYS][INFO] robot-arm-04: cycle count: 1229764
2026-05-23T10:49:45Z [MOTOR-DRV][WARN] robot-arm-04: encoder read: pos=100.77
2026-05-23T10:50:00Z [PLC-CTRL][WARN] robot-arm-04: servo response time: 12 ms
2026-05-23T10:50:15Z [MOTOR-DRV][INFO] robot-arm-04: servo response time: 18 ms
2026-05-23T10:50:30Z [VISION-SYS][WARN] robot-arm-04: vision inspection pass
2026-05-23T10:50:45Z [SAFETY-MON][INFO] robot-arm-04: temperature nominal: 39.2 C
2026-05-23T10:51:00Z [LUBRICATION][WARN] robot-arm-04: cycle count: 1127357
2026-05-23T10:51:15Z [VISION-SYS][WARN] robot-arm-04: encoder read: pos=125.63
2026-05-23T10:51:30Z [CONVEYOR][ERROR] robot-arm-04: vision inspection pass
2026-05-23T10:51:45Z [MOTOR-DRV][WARN] robot-arm-04: heartbeat OK
2026-05-23T10:52:00Z [SAFETY-MON][ERROR] robot-arm-04: cycle count: 1269614
2026-05-23T10:52:15Z [CONVEYOR][INFO] robot-arm-04: motion cycle complete
2026-05-23T10:52:30Z [PLC-CTRL][WARN] robot-arm-04: cycle count: 1007550
2026-05-23T10:52:45Z [MOTOR-DRV][INFO] robot-arm-04: cycle count: 1086974
2026-05-23T10:53:00Z [LUBRICATION][ERROR] robot-arm-04: temperature nominal: 77.0 C
2026-05-23T10:53:15Z [MOTOR-DRV][WARN] robot-arm-04: encoder read: pos=339.72
2026-05-23T10:53:30Z [CONVEYOR][ERROR] robot-arm-04: joint load within bounds
2026-05-23T10:53:45Z [CONVEYOR][INFO] robot-arm-04: lubrication pump cycle complete
2026-05-23T10:54:00Z [VISION-SYS][INFO] robot-arm-04: motion cycle complete
2026-05-23T10:54:15Z [VISION-SYS][INFO] robot-arm-04: encoder read: pos=359.98
2026-05-23T10:54:30Z [LUBRICATION][INFO] robot-arm-04: joint load within bounds
2026-05-23T10:54:45Z [LUBRICATION][WARN] robot-arm-04: temperature nominal: 71.5 C
2026-05-23T10:55:00Z [VISION-SYS][WARN] robot-arm-04: joint load within bounds
2026-05-23T10:55:15Z [LUBRICATION][INFO] robot-arm-04: conveyor speed: 1182 rpm
2026-05-23T10:55:30Z [PLC-CTRL][INFO] robot-arm-04: lubrication pump cycle complete
2026-05-23T10:55:45Z [MOTOR-DRV][INFO] robot-arm-04: lubrication pump cycle complete
2026-05-23T10:56:00Z [SAFETY-MON][WARN] robot-arm-04: servo response time: 13 ms
2026-05-23T10:56:15Z [SAFETY-MON][INFO] robot-arm-04: cycle count: 1231839
2026-05-23T10:56:30Z [LUBRICATION][INFO] robot-arm-04: heartbeat OK
2026-05-23T10:56:45Z [MOTOR-DRV][WARN] robot-arm-04: encoder read: pos=251.07
2026-05-23T10:57:00Z [VISION-SYS][INFO] robot-arm-04: conveyor speed: 1036 rpm
2026-05-23T10:57:15Z [VISION-SYS][INFO] robot-arm-04: servo response time: 4 ms
2026-05-23T10:57:30Z [CONVEYOR][INFO] robot-arm-04: temperature nominal: 55.2 C
2026-05-23T10:57:45Z [PLC-CTRL][INFO] robot-arm-04: joint load within bounds
2026-05-23T10:58:00Z [CONVEYOR][INFO] robot-arm-04: temperature nominal: 84.2 C
2026-05-23T10:58:15Z [PLC-CTRL][WARN] robot-arm-04: servo response time: 8 ms
2026-05-23T10:58:30Z [LUBRICATION][WARN] robot-arm-04: joint load within bounds
2026-05-23T10:58:45Z [VISION-SYS][WARN] robot-arm-04: heartbeat OK
2026-05-23T10:59:00Z [MOTOR-DRV][INFO] robot-arm-04: conveyor speed: 855 rpm
2026-05-23T10:59:15Z [MOTOR-DRV][INFO] robot-arm-04: vision inspection pass
2026-05-23T10:59:30Z [VISION-SYS][WARN] robot-arm-04: lubrication pump cycle complete
2026-05-23T10:59:45Z [LUBRICATION][INFO] robot-arm-04: temperature nominal: 40.4 C
2026-05-23T11:00:00Z [PLC-CTRL][WARN] robot-arm-04: temperature nominal: 50.2 C
2026-05-23T11:00:15Z [SAFETY-MON][WARN] robot-arm-04: servo response time: 18 ms
2026-05-23T11:00:30Z [VISION-SYS][INFO] robot-arm-04: temperature nominal: 38.6 C
2026-05-23T11:00:45Z [MOTOR-DRV][INFO] robot-arm-04: cycle count: 1093642
2026-05-23T11:01:00Z [CONVEYOR][INFO] robot-arm-04: joint load within bounds
2026-05-23T11:01:15Z [MOTOR-DRV][INFO] robot-arm-04: temperature nominal: 82.5 C
2026-05-23T11:01:30Z [MOTOR-DRV][INFO] robot-arm-04: joint load within bounds
2026-05-23T11:01:45Z [PLC-CTRL][WARN] robot-arm-04: temperature nominal: 69.5 C
2026-05-23T11:02:00Z [PLC-CTRL][INFO] robot-arm-04: joint load within bounds
2026-05-23T11:02:15Z [VISION-SYS][ERROR] robot-arm-04: conveyor speed: 821 rpm
2026-05-23T11:02:30Z [SAFETY-MON][INFO] robot-arm-04: conveyor speed: 821 rpm
2026-05-23T11:02:45Z [PLC-CTRL][INFO] robot-arm-04: joint load within bounds
2026-05-23T11:03:00Z [CONVEYOR][WARN] robot-arm-04: lubrication pump cycle complete
2026-05-23T11:03:15Z [MOTOR-DRV][ERROR] robot-arm-04: vision inspection pass
2026-05-23T11:03:30Z [LUBRICATION][WARN] robot-arm-04: vision inspection pass
2026-05-23T11:03:45Z [MOTOR-DRV][INFO] robot-arm-04: vision inspection pass
2026-05-23T11:04:00Z [CONVEYOR][ERROR] robot-arm-04: conveyor speed: 877 rpm
2026-05-23T11:04:15Z [LUBRICATION][WARN] robot-arm-04: servo response time: 2 ms
2026-05-23T11:04:30Z [MOTOR-DRV][INFO] robot-arm-04: servo response time: 3 ms
2026-05-23T11:04:45Z [PLC-CTRL][INFO] robot-arm-04: joint load within bounds
2026-05-23T11:05:00Z [PLC-CTRL][INFO] robot-arm-04: motion cycle complete
2026-05-23T11:05:15Z [LUBRICATION][INFO] robot-arm-04: joint load within bounds
2026-05-23T11:05:30Z [SAFETY-MON][ERROR] robot-arm-04: servo response time: 4 ms
2026-05-23T11:05:45Z [PLC-CTRL][WARN] robot-arm-04: servo response time: 8 ms
2026-05-23T11:06:00Z [CONVEYOR][INFO] robot-arm-04: servo response time: 11 ms
2026-05-23T11:06:15Z [CONVEYOR][ERROR] robot-arm-04: vision inspection pass
2026-05-23T11:06:30Z [PLC-CTRL][INFO] robot-arm-04: heartbeat OK
2026-05-23T11:06:45Z [CONVEYOR][INFO] robot-arm-04: vision inspection pass
2026-05-23T11:07:00Z [SAFETY-MON][ERROR] robot-arm-04: motion cycle complete
2026-05-23T11:07:15Z [PLC-CTRL][ERROR] robot-arm-04: motion cycle complete
2026-05-23T11:07:30Z [VISION-SYS][WARN] robot-arm-04: joint load within bounds
2026-05-23T11:07:45Z [SAFETY-MON][WARN] robot-arm-04: cycle count: 1232028
2026-05-23T11:08:00Z [LUBRICATION][ERROR] robot-arm-04: conveyor speed: 910 rpm
2026-05-23T11:08:15Z [PLC-CTRL][ERROR] robot-arm-04: conveyor speed: 932 rpm
2026-05-23T11:08:30Z [CONVEYOR][INFO] robot-arm-04: motion cycle complete
2026-05-23T11:08:45Z [PLC-CTRL][INFO] robot-arm-04: temperature nominal: 72.1 C
2026-05-23T11:09:00Z [LUBRICATION][INFO] robot-arm-04: joint load within bounds
2026-05-23T11:09:15Z [LUBRICATION][INFO] robot-arm-04: temperature nominal: 77.4 C
2026-05-23T11:09:30Z [MOTOR-DRV][INFO] robot-arm-04: conveyor speed: 1165 rpm
2026-05-23T11:09:45Z [LUBRICATION][ERROR] robot-arm-04: conveyor speed: 1028 rpm
2026-05-23T11:10:00Z [MOTOR-DRV][INFO] robot-arm-04: servo response time: 17 ms
2026-05-23T11:10:15Z [VISION-SYS][INFO] robot-arm-04: vision inspection pass
2026-05-23T11:10:30Z [SAFETY-MON][WARN] robot-arm-04: vision inspection pass
2026-05-23T11:10:45Z [LUBRICATION][INFO] robot-arm-04: motion cycle complete
2026-05-23T11:11:00Z [SAFETY-MON][INFO] robot-arm-04: heartbeat OK
2026-05-23T11:11:15Z [MOTOR-DRV][ERROR] robot-arm-04: temperature nominal: 62.8 C
2026-05-23T11:11:30Z [SAFETY-MON][ERROR] robot-arm-04: encoder read: pos=25.39
2026-05-23T11:11:45Z [SAFETY-MON][INFO] robot-arm-04: cycle count: 1037742
2026-05-23T11:12:00Z [LUBRICATION][INFO] robot-arm-04: motion cycle complete
2026-05-23T11:12:15Z [VISION-SYS][ERROR] robot-arm-04: cycle count: 1074114
2026-05-23T11:12:30Z [PLC-CTRL][WARN] robot-arm-04: temperature nominal: 20.0 C
2026-05-23T11:12:45Z [PLC-CTRL][INFO] robot-arm-04: vision inspection pass
2026-05-23T11:13:00Z [SAFETY-MON][INFO] robot-arm-04: temperature nominal: 38.4 C
2026-05-23T11:13:15Z [VISION-SYS][WARN] robot-arm-04: heartbeat OK
2026-05-23T11:13:30Z [VISION-SYS][WARN] robot-arm-04: lubrication pump cycle complete
2026-05-23T11:13:45Z [LUBRICATION][INFO] robot-arm-04: temperature nominal: 26.5 C
2026-05-23T11:14:00Z [MOTOR-DRV][WARN] robot-arm-04: joint load within bounds
2026-05-23T11:14:15Z [PLC-CTRL][WARN] robot-arm-04: joint load within bounds
2026-05-23T11:14:30Z [MOTOR-DRV][WARN] robot-arm-04: lubrication pump cycle complete
2026-05-23T11:14:45Z [VISION-SYS][WARN] robot-arm-04: vision inspection pass
2026-05-23T11:15:00Z [CONVEYOR][ERROR] robot-arm-04: lubrication pump cycle complete
2026-05-23T11:15:15Z [CONVEYOR][INFO] robot-arm-04: joint load within bounds
2026-05-23T11:15:30Z [VISION-SYS][INFO] robot-arm-04: encoder read: pos=7.06
2026-05-23T11:15:45Z [PLC-CTRL][INFO] robot-arm-04: vision inspection pass
2026-05-23T11:16:00Z [CONVEYOR][WARN] robot-arm-04: heartbeat OK
2026-05-23T11:16:15Z [VISION-SYS][INFO] robot-arm-04: encoder read: pos=115.63
2026-05-23T11:16:30Z [VISION-SYS][INFO] robot-arm-04: motion cycle complete
2026-05-23T11:16:45Z [MOTOR-DRV][INFO] robot-arm-04: encoder read: pos=230.43
2026-05-23T11:17:00Z [LUBRICATION][WARN] robot-arm-04: lubrication pump cycle complete
2026-05-23T11:17:15Z [LUBRICATION][INFO] robot-arm-04: vision inspection pass
2026-05-23T11:17:30Z [SAFETY-MON][INFO] robot-arm-04: cycle count: 1265569
2026-05-23T11:17:45Z [SAFETY-MON][WARN] robot-arm-04: joint load within bounds
2026-05-23T11:18:00Z [LUBRICATION][INFO] robot-arm-04: conveyor speed: 1108 rpm
2026-05-23T11:18:15Z [MOTOR-DRV][WARN] robot-arm-04: joint load within bounds
2026-05-23T11:18:30Z [SAFETY-MON][WARN] robot-arm-04: cycle count: 1036671
2026-05-23T11:18:45Z [CONVEYOR][ERROR] robot-arm-04: heartbeat OK
2026-05-23T11:19:00Z [MOTOR-DRV][INFO] robot-arm-04: lubrication pump cycle complete
2026-05-23T11:19:15Z [SAFETY-MON][WARN] robot-arm-04: servo response time: 7 ms
2026-05-23T11:19:30Z [LUBRICATION][INFO] robot-arm-04: vision inspection pass
2026-05-23T11:19:45Z [SAFETY-MON][ERROR] robot-arm-04: cycle count: 1072084
2026-05-23T11:20:00Z [MOTOR-DRV][INFO] robot-arm-04: lubrication pump cycle complete
2026-05-23T11:20:15Z [PLC-CTRL][ERROR] robot-arm-04: motion cycle complete
2026-05-23T11:20:30Z [VISION-SYS][INFO] robot-arm-04: temperature nominal: 39.0 C
2026-05-23T11:20:45Z [VISION-SYS][ERROR] robot-arm-04: motion cycle complete
2026-05-23T11:21:00Z [PLC-CTRL][WARN] robot-arm-04: lubrication pump cycle complete
2026-05-23T11:21:15Z [MOTOR-DRV][INFO] robot-arm-04: encoder read: pos=161.28
2026-05-23T11:21:30Z [VISION-SYS][ERROR] robot-arm-04: vision inspection pass
2026-05-23T11:21:45Z [MOTOR-DRV][WARN] robot-arm-04: motion cycle complete
2026-05-23T11:22:00Z [LUBRICATION][WARN] robot-arm-04: conveyor speed: 958 rpm
2026-05-23T11:22:15Z [SAFETY-MON][WARN] robot-arm-04: heartbeat OK
2026-05-23T11:22:30Z [VISION-SYS][INFO] robot-arm-04: vision inspection pass
2026-05-23T11:22:45Z [CONVEYOR][WARN] robot-arm-04: encoder read: pos=202.98
2026-05-23T11:23:00Z [MOTOR-DRV][ERROR] robot-arm-04: vision inspection pass
2026-05-23T11:23:15Z [MOTOR-DRV][INFO] robot-arm-04: cycle count: 1216461
2026-05-23T11:23:30Z [CONVEYOR][WARN] robot-arm-04: lubrication pump cycle complete
2026-05-23T11:23:45Z [PLC-CTRL][INFO] robot-arm-04: joint load within bounds
2026-05-23T11:24:00Z [SAFETY-MON][INFO] robot-arm-04: lubrication pump cycle complete
2026-05-23T11:24:15Z [VISION-SYS][ERROR] robot-arm-04: servo response time: 17 ms
2026-05-23T11:24:30Z [CONVEYOR][INFO] robot-arm-04: temperature nominal: 80.9 C
2026-05-23T11:24:45Z [VISION-SYS][WARN] robot-arm-04: servo response time: 8 ms
2026-05-23T11:25:00Z [VISION-SYS][WARN] robot-arm-04: conveyor speed: 1137 rpm
2026-05-23T11:25:15Z [LUBRICATION][INFO] robot-arm-04: vision inspection pass
2026-05-23T11:25:30Z [LUBRICATION][WARN] robot-arm-04: motion cycle complete
2026-05-23T11:25:45Z [MOTOR-DRV][WARN] robot-arm-04: temperature nominal: 37.6 C
2026-05-23T11:26:00Z [LUBRICATION][WARN] robot-arm-04: motion cycle complete
2026-05-23T11:26:15Z [MOTOR-DRV][INFO] robot-arm-04: servo response time: 17 ms
2026-05-23T11:26:30Z [SAFETY-MON][WARN] robot-arm-04: heartbeat OK
2026-05-23T11:26:45Z [CONVEYOR][ERROR] robot-arm-04: lubrication pump cycle complete
2026-05-23T11:27:00Z [PLC-CTRL][INFO] robot-arm-04: lubrication pump cycle complete
2026-05-23T11:27:15Z [VISION-SYS][ERROR] robot-arm-04: heartbeat OK
2026-05-23T11:27:30Z [MOTOR-DRV][WARN] robot-arm-04: vision inspection pass
2026-05-23T11:27:45Z [CONVEYOR][WARN] robot-arm-04: lubrication pump cycle complete
2026-05-23T11:28:00Z [MOTOR-DRV][INFO] robot-arm-04: joint load within bounds
2026-05-23T11:28:15Z [LUBRICATION][WARN] robot-arm-04: lubrication pump cycle complete
2026-05-23T11:28:30Z [PLC-CTRL][INFO] robot-arm-04: lubrication pump cycle complete
2026-05-23T11:28:45Z [PLC-CTRL][INFO] robot-arm-04: cycle count: 1145243
2026-05-23T11:29:00Z [LUBRICATION][ERROR] robot-arm-04: heartbeat OK
2026-05-23T11:29:15Z [CONVEYOR][WARN] robot-arm-04: cycle count: 1010772
2026-05-23T11:29:30Z [CONVEYOR][ERROR] robot-arm-04: vision inspection pass
2026-05-23T11:29:45Z [PLC-CTRL][INFO] robot-arm-04: joint load within bounds
2026-05-23T11:30:00Z [CONVEYOR][ERROR] robot-arm-04: encoder read: pos=262.29
2026-05-23T11:30:15Z [LUBRICATION][INFO] robot-arm-04: lubrication pump cycle complete
2026-05-23T11:30:30Z [MOTOR-DRV][INFO] robot-arm-04: encoder read: pos=12.20
2026-05-23T11:30:45Z [CONVEYOR][INFO] robot-arm-04: motion cycle complete
2026-05-23T11:31:00Z [VISION-SYS][INFO] robot-arm-04: heartbeat OK
2026-05-23T11:31:15Z [SAFETY-MON][WARN] robot-arm-04: cycle count: 1263643
2026-05-23T11:31:30Z [MOTOR-DRV][ERROR] robot-arm-04: encoder read: pos=90.56
2026-05-23T11:31:45Z [SAFETY-MON][ERROR] robot-arm-04: cycle count: 1173280
2026-05-23T11:32:00Z [MOTOR-DRV][WARN] robot-arm-04: cycle count: 1226663
2026-05-23T11:32:15Z [PLC-CTRL][ERROR] robot-arm-04: conveyor speed: 1055 rpm
2026-05-23T11:32:30Z [VISION-SYS][WARN] robot-arm-04: servo response time: 10 ms
2026-05-23T11:32:45Z [VISION-SYS][ERROR] robot-arm-04: cycle count: 1175730
2026-05-23T11:33:00Z [MOTOR-DRV][INFO] robot-arm-04: motion cycle complete
2026-05-23T11:33:15Z [SAFETY-MON][WARN] robot-arm-04: heartbeat OK
2026-05-23T11:33:30Z [LUBRICATION][INFO] robot-arm-04: temperature nominal: 40.6 C
2026-05-23T11:33:45Z [CONVEYOR][ERROR] robot-arm-04: encoder read: pos=238.45
2026-05-23T11:34:00Z [LUBRICATION][WARN] robot-arm-04: cycle count: 1022549
2026-05-23T11:34:15Z [MOTOR-DRV][WARN] robot-arm-04: motion cycle complete
2026-05-23T11:34:30Z [SAFETY-MON][INFO] robot-arm-04: servo response time: 14 ms
2026-05-23T11:34:45Z [CONVEYOR][ERROR] robot-arm-04: heartbeat OK
2026-05-23T11:35:00Z [LUBRICATION][INFO] robot-arm-04: servo response time: 17 ms
2026-05-23T11:35:15Z [MOTOR-DRV][INFO] robot-arm-04: joint load within bounds
2026-05-23T11:35:30Z [PLC-CTRL][INFO] robot-arm-04: motion cycle complete
2026-05-23T11:35:45Z [CONVEYOR][INFO] robot-arm-04: temperature nominal: 45.4 C
2026-05-23T11:36:00Z [SAFETY-MON][INFO] robot-arm-04: temperature nominal: 76.6 C
2026-05-23T11:36:15Z [PLC-CTRL][WARN] robot-arm-04: conveyor speed: 1094 rpm
2026-05-23T11:36:30Z [CONVEYOR][INFO] robot-arm-04: vision inspection pass
2026-05-23T11:36:45Z [SAFETY-MON][ERROR] robot-arm-04: lubrication pump cycle complete
2026-05-23T11:37:00Z [LUBRICATION][WARN] robot-arm-04: motion cycle complete
2026-05-23T11:37:15Z [PLC-CTRL][WARN] robot-arm-04: motion cycle complete
2026-05-23T11:37:30Z [SAFETY-MON][ERROR] robot-arm-04: motion cycle complete
2026-05-23T11:37:45Z [VISION-SYS][WARN] robot-arm-04: heartbeat OK
2026-05-23T11:38:00Z [CONVEYOR][WARN] robot-arm-04: joint load within bounds
2026-05-23T11:38:15Z [VISION-SYS][INFO] robot-arm-04: vision inspection pass
2026-05-23T11:38:30Z [MOTOR-DRV][INFO] robot-arm-04: conveyor speed: 1055 rpm
2026-05-23T11:38:45Z [CONVEYOR][ERROR] robot-arm-04: vision inspection pass
2026-05-23T11:39:00Z [MOTOR-DRV][INFO] robot-arm-04: conveyor speed: 1102 rpm
2026-05-23T11:39:15Z [LUBRICATION][INFO] robot-arm-04: conveyor speed: 1128 rpm
2026-05-23T11:39:30Z [MOTOR-DRV][WARN] robot-arm-04: servo response time: 2 ms
2026-05-23T11:39:45Z [LUBRICATION][WARN] robot-arm-04: conveyor speed: 1023 rpm
2026-05-23T11:40:00Z [SAFETY-MON][INFO] robot-arm-04: cycle count: 1036182
2026-05-23T11:40:15Z [SAFETY-MON][INFO] robot-arm-04: cycle count: 1024769
2026-05-23T11:40:30Z [PLC-CTRL][INFO] robot-arm-04: servo response time: 13 ms
2026-05-23T11:40:45Z [SAFETY-MON][INFO] robot-arm-04: cycle count: 1090473
2026-05-23T11:41:00Z [VISION-SYS][INFO] robot-arm-04: encoder read: pos=247.58
2026-05-23T11:41:15Z [VISION-SYS][WARN] robot-arm-04: vision inspection pass
2026-05-23T11:41:30Z [LUBRICATION][INFO] robot-arm-04: motion cycle complete
2026-05-23T11:41:45Z [VISION-SYS][ERROR] robot-arm-04: heartbeat OK
2026-05-23T11:42:00Z [MOTOR-DRV][ERROR] robot-arm-04: lubrication pump cycle complete
2026-05-23T11:42:15Z [CONVEYOR][WARN] robot-arm-04: motion cycle complete
2026-05-23T11:42:30Z [MOTOR-DRV][ERROR] robot-arm-04: conveyor speed: 1055 rpm
2026-05-23T11:42:45Z [PLC-CTRL][WARN] robot-arm-04: lubrication pump cycle complete
2026-05-23T11:43:00Z [CONVEYOR][INFO] robot-arm-04: lubrication pump cycle complete
2026-05-23T11:43:15Z [PLC-CTRL][INFO] robot-arm-04: lubrication pump cycle complete
2026-05-23T11:43:30Z [CONVEYOR][INFO] robot-arm-04: lubrication pump cycle complete
2026-05-23T11:43:45Z [PLC-CTRL][WARN] robot-arm-04: vision inspection pass
2026-05-23T11:44:00Z [MOTOR-DRV][INFO] robot-arm-04: conveyor speed: 973 rpm
2026-05-23T11:44:15Z [PLC-CTRL][INFO] robot-arm-04: motion cycle complete
2026-05-23T11:44:30Z [CONVEYOR][INFO] robot-arm-04: joint load within bounds
2026-05-23T11:44:45Z [SAFETY-MON][WARN] robot-arm-04: joint load within bounds
2026-05-23T11:45:00Z [MOTOR-DRV][WARN] robot-arm-04: heartbeat OK
2026-05-23T11:45:15Z [PLC-CTRL][INFO] robot-arm-04: conveyor speed: 1062 rpm
2026-05-23T11:45:30Z [MOTOR-DRV][WARN] robot-arm-04: conveyor speed: 914 rpm
2026-05-23T11:45:45Z [LUBRICATION][INFO] robot-arm-04: temperature nominal: 62.6 C
2026-05-23T11:46:00Z [MOTOR-DRV][ERROR] robot-arm-04: temperature nominal: 54.1 C
2026-05-23T11:46:15Z [LUBRICATION][INFO] robot-arm-04: joint load within bounds
2026-05-23T11:46:30Z [PLC-CTRL][WARN] robot-arm-04: joint load within bounds
2026-05-23T11:46:45Z [CONVEYOR][INFO] robot-arm-04: motion cycle complete
2026-05-23T11:47:00Z [SAFETY-MON][WARN] robot-arm-04: lubrication pump cycle complete
2026-05-23T11:47:15Z [CONVEYOR][WARN] robot-arm-04: encoder read: pos=137.07
2026-05-23T11:47:30Z [VISION-SYS][WARN] robot-arm-04: heartbeat OK
2026-05-23T11:47:45Z [PLC-CTRL][INFO] robot-arm-04: encoder read: pos=77.03
2026-05-23T11:48:00Z [VISION-SYS][ERROR] robot-arm-04: servo response time: 10 ms
2026-05-23T11:48:15Z [SAFETY-MON][WARN] robot-arm-04: lubrication pump cycle complete
2026-05-23T11:48:30Z [VISION-SYS][INFO] robot-arm-04: lubrication pump cycle complete
2026-05-23T11:48:45Z [MOTOR-DRV][ERROR] robot-arm-04: vision inspection pass
2026-05-23T11:49:00Z [PLC-CTRL][INFO] robot-arm-04: conveyor speed: 1039 rpm
2026-05-23T11:49:15Z [MOTOR-DRV][WARN] robot-arm-04: conveyor speed: 907 rpm
2026-05-23T11:49:30Z [LUBRICATION][ERROR] robot-arm-04: vision inspection pass
2026-05-23T11:49:45Z [PLC-CTRL][WARN] robot-arm-04: servo response time: 18 ms
2026-05-23T11:50:00Z [LUBRICATION][INFO] robot-arm-04: cycle count: 1163909
2026-05-23T11:50:15Z [VISION-SYS][ERROR] robot-arm-04: motion cycle complete
2026-05-23T11:50:30Z [SAFETY-MON][WARN] robot-arm-04: joint load within bounds
2026-05-23T11:50:45Z [LUBRICATION][ERROR] robot-arm-04: joint load within bounds
2026-05-23T11:51:00Z [PLC-CTRL][WARN] robot-arm-04: motion cycle complete
2026-05-23T11:51:15Z [MOTOR-DRV][WARN] robot-arm-04: conveyor speed: 1156 rpm
2026-05-23T11:51:30Z [SAFETY-MON][WARN] robot-arm-04: servo response time: 3 ms
2026-05-23T11:51:45Z [SAFETY-MON][ERROR] robot-arm-04: servo response time: 4 ms
2026-05-23T11:52:00Z [VISION-SYS][INFO] robot-arm-04: encoder read: pos=150.05
2026-05-23T11:52:15Z [PLC-CTRL][INFO] robot-arm-04: motion cycle complete
2026-05-23T11:52:30Z [PLC-CTRL][ERROR] robot-arm-04: conveyor speed: 883 rpm
2026-05-23T11:52:45Z [PLC-CTRL][WARN] robot-arm-04: temperature nominal: 33.4 C
2026-05-23T11:53:00Z [CONVEYOR][INFO] robot-arm-04: servo response time: 12 ms
2026-05-23T11:53:15Z [CONVEYOR][ERROR] robot-arm-04: joint load within bounds
2026-05-23T11:53:30Z [PLC-CTRL][INFO] robot-arm-04: vision inspection pass
2026-05-23T11:53:45Z [CONVEYOR][ERROR] robot-arm-04: servo response time: 11 ms
2026-05-23T11:54:00Z [LUBRICATION][WARN] robot-arm-04: cycle count: 1133866
2026-05-23T11:54:15Z [VISION-SYS][INFO] robot-arm-04: servo response time: 11 ms
2026-05-23T11:54:30Z [LUBRICATION][WARN] robot-arm-04: encoder read: pos=158.71
2026-05-23T11:54:45Z [LUBRICATION][INFO] robot-arm-04: lubrication pump cycle complete
2026-05-23T11:55:00Z [LUBRICATION][INFO] robot-arm-04: servo response time: 6 ms
2026-05-23T11:55:15Z [VISION-SYS][INFO] robot-arm-04: motion cycle complete
2026-05-23T11:55:30Z [LUBRICATION][WARN] robot-arm-04: temperature nominal: 48.5 C
2026-05-23T11:55:45Z [SAFETY-MON][INFO] robot-arm-04: vision inspection pass
2026-05-23T11:56:00Z [PLC-CTRL][INFO] robot-arm-04: motion cycle complete
2026-05-23T11:56:15Z [PLC-CTRL][WARN] robot-arm-04: servo response time: 6 ms
2026-05-23T11:56:30Z [SAFETY-MON][INFO] robot-arm-04: joint load within bounds
2026-05-23T11:56:45Z [MOTOR-DRV][ERROR] robot-arm-04: vision inspection pass
2026-05-23T11:57:00Z [MOTOR-DRV][INFO] robot-arm-04: vision inspection pass
2026-05-23T11:57:15Z [LUBRICATION][WARN] robot-arm-04: temperature nominal: 58.1 C
2026-05-23T11:57:30Z [MOTOR-DRV][INFO] robot-arm-04: cycle count: 1250271
2026-05-23T11:57:45Z [MOTOR-DRV][INFO] robot-arm-04: joint load within bounds
2026-05-23T11:58:00Z [LUBRICATION][INFO] robot-arm-04: conveyor speed: 853 rpm
2026-05-23T11:58:15Z [LUBRICATION][WARN] robot-arm-04: vision inspection pass
2026-05-23T11:58:30Z [PLC-CTRL][INFO] robot-arm-04: servo response time: 18 ms
2026-05-23T11:58:45Z [LUBRICATION][ERROR] robot-arm-04: motion cycle complete
2026-05-23T11:59:00Z [SAFETY-MON][INFO] robot-arm-04: vision inspection pass
2026-05-23T11:59:15Z [PLC-CTRL][INFO] robot-arm-04: heartbeat OK
2026-05-23T11:59:30Z [SAFETY-MON][INFO] robot-arm-04: joint load within bounds
2026-05-23T11:59:45Z [MOTOR-DRV][INFO] robot-arm-04: temperature nominal: 22.6 C
2026-05-23T12:00:00Z [CONVEYOR][WARN] robot-arm-04: joint load within bounds
2026-05-23T12:00:15Z [CONVEYOR][INFO] robot-arm-04: conveyor speed: 1178 rpm
2026-05-23T12:00:30Z [LUBRICATION][WARN] robot-arm-04: motion cycle complete
2026-05-23T12:00:45Z [CONVEYOR][INFO] robot-arm-04: encoder read: pos=291.66
2026-05-23T12:01:00Z [PLC-CTRL][WARN] robot-arm-04: servo response time: 5 ms
2026-05-23T12:01:15Z [SAFETY-MON][INFO] robot-arm-04: joint load within bounds
2026-05-23T12:01:30Z [MOTOR-DRV][INFO] robot-arm-04: servo response time: 15 ms
2026-05-23T12:01:45Z [LUBRICATION][INFO] robot-arm-04: lubrication pump cycle complete
2026-05-23T12:02:00Z [LUBRICATION][INFO] robot-arm-04: servo response time: 17 ms
2026-05-23T12:02:15Z [CONVEYOR][WARN] robot-arm-04: cycle count: 1243589
2026-05-23T12:02:30Z [CONVEYOR][WARN] robot-arm-04: vision inspection pass
2026-05-23T12:02:45Z [PLC-CTRL][INFO] robot-arm-04: vision inspection pass
2026-05-23T12:03:00Z [LUBRICATION][WARN] robot-arm-04: encoder read: pos=75.60
2026-05-23T12:03:15Z [VISION-SYS][ERROR] robot-arm-04: conveyor speed: 852 rpm
2026-05-23T12:03:30Z [MOTOR-DRV][ERROR] robot-arm-04: temperature nominal: 25.0 C
2026-05-23T12:03:45Z [PLC-CTRL][ERROR] robot-arm-04: cycle count: 1142817
2026-05-23T12:04:00Z [MOTOR-DRV][WARN] robot-arm-04: heartbeat OK
2026-05-23T12:04:15Z [SAFETY-MON][INFO] robot-arm-04: cycle count: 1238593
2026-05-23T12:04:30Z [SAFETY-MON][INFO] robot-arm-04: temperature nominal: 49.4 C
2026-05-23T12:04:45Z [MOTOR-DRV][INFO] robot-arm-04: cycle count: 1217771
2026-05-23T12:05:00Z [SAFETY-MON][INFO] robot-arm-04: encoder read: pos=277.23
2026-05-23T12:05:15Z [VISION-SYS][INFO] robot-arm-04: motion cycle complete
2026-05-23T12:05:30Z [LUBRICATION][INFO] robot-arm-04: temperature nominal: 37.3 C
2026-05-23T12:05:45Z [MOTOR-DRV][WARN] robot-arm-04: servo response time: 16 ms
2026-05-23T12:06:00Z [SAFETY-MON][WARN] robot-arm-04: joint load within bounds
2026-05-23T12:06:15Z [MOTOR-DRV][ERROR] robot-arm-04: servo response time: 5 ms
2026-05-23T12:06:30Z [VISION-SYS][ERROR] robot-arm-04: conveyor speed: 1147 rpm
2026-05-23T12:06:45Z [CONVEYOR][WARN] robot-arm-04: servo response time: 7 ms
2026-05-23T12:07:00Z [CONVEYOR][INFO] robot-arm-04: motion cycle complete
2026-05-23T12:07:15Z [LUBRICATION][INFO] robot-arm-04: vision inspection pass
2026-05-23T12:07:30Z [MOTOR-DRV][WARN] robot-arm-04: cycle count: 1290363
2026-05-23T12:07:45Z [VISION-SYS][WARN] robot-arm-04: vision inspection pass
2026-05-23T12:08:00Z [VISION-SYS][INFO] robot-arm-04: cycle count: 1222799
2026-05-23T12:08:15Z [CONVEYOR][WARN] robot-arm-04: joint load within bounds
2026-05-23T12:08:30Z [SAFETY-MON][INFO] robot-arm-04: vision inspection pass
2026-05-23T12:08:45Z [LUBRICATION][WARN] robot-arm-04: motion cycle complete
2026-05-23T12:09:00Z [MOTOR-DRV][WARN] robot-arm-04: servo response time: 15 ms
2026-05-23T12:09:15Z [PLC-CTRL][INFO] robot-arm-04: lubrication pump cycle complete
2026-05-23T12:09:30Z [MOTOR-DRV][WARN] robot-arm-04: encoder read: pos=262.97
2026-05-23T12:09:45Z [VISION-SYS][INFO] robot-arm-04: heartbeat OK
2026-05-23T12:10:00Z [LUBRICATION][INFO] robot-arm-04: servo response time: 3 ms
2026-05-23T12:10:15Z [SAFETY-MON][WARN] robot-arm-04: motion cycle complete
2026-05-23T12:10:30Z [MOTOR-DRV][ERROR] robot-arm-04: lubrication pump cycle complete
2026-05-23T12:10:45Z [VISION-SYS][INFO] robot-arm-04: conveyor speed: 841 rpm
2026-05-23T12:11:00Z [SAFETY-MON][WARN] robot-arm-04: temperature nominal: 77.0 C
2026-05-23T12:11:15Z [PLC-CTRL][WARN] robot-arm-04: temperature nominal: 78.5 C
2026-05-23T12:11:30Z [VISION-SYS][WARN] robot-arm-04: conveyor speed: 1059 rpm
2026-05-23T12:11:45Z [VISION-SYS][WARN] robot-arm-04: encoder read: pos=2.84
2026-05-23T12:12:00Z [SAFETY-MON][INFO] robot-arm-04: cycle count: 1217907
2026-05-23T12:12:15Z [PLC-CTRL][INFO] robot-arm-04: servo response time: 15 ms
2026-05-23T12:12:30Z [VISION-SYS][INFO] robot-arm-04: cycle count: 1244799
2026-05-23T12:12:45Z [MOTOR-DRV][WARN] robot-arm-04: cycle count: 1198953
2026-05-23T12:13:00Z [SAFETY-MON][ERROR] robot-arm-04: cycle count: 1252508
2026-05-23T12:13:15Z [PLC-CTRL][WARN] robot-arm-04: joint load within bounds
2026-05-23T12:13:30Z [LUBRICATION][WARN] robot-arm-04: cycle count: 1256689
2026-05-23T12:13:45Z [CONVEYOR][WARN] robot-arm-04: joint load within bounds
2026-05-23T12:14:00Z [PLC-CTRL][INFO] robot-arm-04: encoder read: pos=186.60
2026-05-23T12:14:15Z [VISION-SYS][ERROR] robot-arm-04: cycle count: 1094973
2026-05-23T12:14:30Z [PLC-CTRL][INFO] robot-arm-04: motion cycle complete
2026-05-23T12:14:45Z [CONVEYOR][INFO] robot-arm-04: lubrication pump cycle complete
2026-05-23T12:15:00Z [CONVEYOR][INFO] robot-arm-04: vision inspection pass
2026-05-23T12:15:15Z [LUBRICATION][INFO] robot-arm-04: servo response time: 6 ms
2026-05-23T12:15:30Z [MOTOR-DRV][INFO] robot-arm-04: servo response time: 13 ms
2026-05-23T12:15:45Z [VISION-SYS][WARN] robot-arm-04: cycle count: 1144581
2026-05-23T12:16:00Z [MOTOR-DRV][WARN] robot-arm-04: temperature nominal: 33.3 C
2026-05-23T12:16:15Z [MOTOR-DRV][INFO] robot-arm-04: joint load within bounds
2026-05-23T12:16:30Z [SAFETY-MON][INFO] robot-arm-04: heartbeat OK
2026-05-23T12:16:45Z [CONVEYOR][ERROR] robot-arm-04: encoder read: pos=152.66
2026-05-23T12:17:00Z [SAFETY-MON][INFO] robot-arm-04: servo response time: 18 ms
2026-05-23T12:17:15Z [MOTOR-DRV][INFO] robot-arm-04: motion cycle complete
2026-05-23T12:17:30Z [MOTOR-DRV][ERROR] robot-arm-04: servo response time: 4 ms
2026-05-23T12:17:45Z [LUBRICATION][INFO] robot-arm-04: encoder read: pos=196.89
2026-05-23T12:18:00Z [VISION-SYS][ERROR] robot-arm-04: cycle count: 1115328
2026-05-23T12:18:15Z [SAFETY-MON][INFO] robot-arm-04: vision inspection pass
2026-05-23T12:18:30Z [VISION-SYS][INFO] robot-arm-04: temperature nominal: 63.2 C
2026-05-23T12:18:45Z [MOTOR-DRV][INFO] robot-arm-04: cycle count: 1142663
2026-05-23T12:19:00Z [PLC-CTRL][INFO] robot-arm-04: heartbeat OK
2026-05-23T12:19:15Z [LUBRICATION][WARN] robot-arm-04: temperature nominal: 71.3 C
2026-05-23T12:19:30Z [MOTOR-DRV][WARN] robot-arm-04: servo response time: 13 ms
2026-05-23T12:19:45Z [LUBRICATION][WARN] robot-arm-04: joint load within bounds
2026-05-23T12:20:00Z [SAFETY-MON][ERROR] robot-arm-04: motion cycle complete
2026-05-23T12:20:15Z [PLC-CTRL][WARN] robot-arm-04: joint load within bounds
2026-05-23T12:20:30Z [VISION-SYS][ERROR] robot-arm-04: vision inspection pass
2026-05-23T12:20:45Z [PLC-CTRL][INFO] robot-arm-04: encoder read: pos=89.30
2026-05-23T12:21:00Z [MOTOR-DRV][ERROR] robot-arm-04: encoder read: pos=305.49
2026-05-23T12:21:15Z [MOTOR-DRV][INFO] robot-arm-04: motion cycle complete
2026-05-23T12:21:30Z [LUBRICATION][WARN] robot-arm-04: temperature nominal: 60.8 C
2026-05-23T12:21:45Z [CONVEYOR][WARN] robot-arm-04: cycle count: 1049047
2026-05-23T12:22:00Z [LUBRICATION][INFO] robot-arm-04: servo response time: 13 ms
2026-05-23T12:22:15Z [VISION-SYS][WARN] robot-arm-04: joint load within bounds
2026-05-23T12:22:30Z [LUBRICATION][ERROR] robot-arm-04: lubrication pump cycle complete
2026-05-23T12:22:45Z [SAFETY-MON][INFO] robot-arm-04: temperature nominal: 35.6 C
2026-05-23T12:23:00Z [LUBRICATION][INFO] robot-arm-04: heartbeat OK
2026-05-23T12:23:15Z [SAFETY-MON][INFO] robot-arm-04: servo response time: 5 ms
2026-05-23T12:23:30Z [VISION-SYS][INFO] robot-arm-04: encoder read: pos=142.27
2026-05-23T12:23:45Z [SAFETY-MON][ERROR] robot-arm-04: encoder read: pos=322.38
2026-05-23T12:24:00Z [LUBRICATION][INFO] robot-arm-04: vision inspection pass
2026-05-23T12:24:15Z [MOTOR-DRV][INFO] robot-arm-04: temperature nominal: 48.7 C
2026-05-23T12:24:30Z [LUBRICATION][INFO] robot-arm-04: vision inspection pass
2026-05-23T12:24:45Z [LUBRICATION][INFO] robot-arm-04: vision inspection pass
2026-05-23T12:25:00Z [PLC-CTRL][WARN] robot-arm-04: vision inspection pass
2026-05-23T12:25:15Z [PLC-CTRL][INFO] robot-arm-04: servo response time: 3 ms
2026-05-23T12:25:30Z [MOTOR-DRV][WARN] robot-arm-04: vision inspection pass
2026-05-23T12:25:45Z [VISION-SYS][INFO] robot-arm-04: lubrication pump cycle complete
2026-05-23T12:26:00Z [SAFETY-MON][WARN] robot-arm-04: temperature nominal: 43.4 C
2026-05-23T12:26:15Z [MOTOR-DRV][ERROR] robot-arm-04: encoder read: pos=84.89
2026-05-23T12:26:30Z [VISION-SYS][INFO] robot-arm-04: joint load within bounds
2026-05-23T12:26:45Z [CONVEYOR][WARN] robot-arm-04: motion cycle complete
2026-05-23T12:27:00Z [MOTOR-DRV][ERROR] robot-arm-04: servo response time: 13 ms
2026-05-23T12:27:15Z [SAFETY-MON][WARN] robot-arm-04: motion cycle complete
2026-05-23T12:27:30Z [LUBRICATION][WARN] robot-arm-04: lubrication pump cycle complete
2026-05-23T12:27:45Z [PLC-CTRL][INFO] robot-arm-04: cycle count: 1153081
2026-05-23T12:28:00Z [MOTOR-DRV][INFO] robot-arm-04: conveyor speed: 811 rpm
2026-05-23T12:28:15Z [CONVEYOR][INFO] robot-arm-04: servo response time: 16 ms
2026-05-23T12:28:30Z [VISION-SYS][INFO] robot-arm-04: vision inspection pass
2026-05-23T12:28:45Z [SAFETY-MON][INFO] robot-arm-04: conveyor speed: 909 rpm
2026-05-23T12:29:00Z [CONVEYOR][INFO] robot-arm-04: temperature nominal: 22.5 C
2026-05-23T12:29:15Z [SAFETY-MON][WARN] robot-arm-04: vision inspection pass
2026-05-23T12:29:30Z [CONVEYOR][INFO] robot-arm-04: joint load within bounds
2026-05-23T12:29:45Z [SAFETY-MON][ERROR] robot-arm-04: temperature nominal: 69.2 C
2026-05-23T12:30:00Z [CONVEYOR][INFO] robot-arm-04: temperature nominal: 52.5 C
2026-05-23T12:30:15Z [LUBRICATION][WARN] robot-arm-04: cycle count: 1112274
2026-05-23T12:30:30Z [CONVEYOR][INFO] robot-arm-04: conveyor speed: 1192 rpm
2026-05-23T12:30:45Z [VISION-SYS][INFO] robot-arm-04: vision inspection pass
2026-05-23T12:31:00Z [PLC-CTRL][INFO] robot-arm-04: joint load within bounds
2026-05-23T12:31:15Z [SAFETY-MON][INFO] robot-arm-04: servo response time: 7 ms
2026-05-23T12:31:30Z [SAFETY-MON][ERROR] robot-arm-04: cycle count: 1171210
2026-05-23T12:31:45Z [LUBRICATION][WARN] robot-arm-04: temperature nominal: 64.2 C
2026-05-23T12:32:00Z [VISION-SYS][ERROR] robot-arm-04: motion cycle complete
2026-05-23T12:32:15Z [VISION-SYS][INFO] robot-arm-04: motion cycle complete
2026-05-23T12:32:30Z [CONVEYOR][ERROR] robot-arm-04: lubrication pump cycle complete
2026-05-23T12:32:45Z [VISION-SYS][INFO] robot-arm-04: servo response time: 4 ms
2026-05-23T12:33:00Z [CONVEYOR][INFO] robot-arm-04: lubrication pump cycle complete
2026-05-23T12:33:15Z [SAFETY-MON][INFO] robot-arm-04: servo response time: 7 ms
2026-05-23T12:33:30Z [PLC-CTRL][WARN] robot-arm-04: joint load within bounds
2026-05-23T12:33:45Z [MOTOR-DRV][INFO] robot-arm-04: temperature nominal: 82.4 C
2026-05-23T12:34:00Z [LUBRICATION][INFO] robot-arm-04: conveyor speed: 1176 rpm
2026-05-23T12:34:15Z [LUBRICATION][INFO] robot-arm-04: conveyor speed: 975 rpm
2026-05-23T12:34:30Z [LUBRICATION][INFO] robot-arm-04: heartbeat OK
2026-05-23T12:34:45Z [MOTOR-DRV][ERROR] robot-arm-04: encoder read: pos=142.78
2026-05-23T12:35:00Z [CONVEYOR][INFO] robot-arm-04: heartbeat OK
2026-05-23T12:35:15Z [CONVEYOR][WARN] robot-arm-04: vision inspection pass
2026-05-23T12:35:30Z [SAFETY-MON][INFO] robot-arm-04: heartbeat OK
2026-05-23T12:35:45Z [MOTOR-DRV][INFO] robot-arm-04: servo response time: 16 ms
2026-05-23T12:36:00Z [LUBRICATION][INFO] robot-arm-04: encoder read: pos=269.32
2026-05-23T12:36:15Z [PLC-CTRL][INFO] robot-arm-04: joint load within bounds
2026-05-23T12:36:30Z [MOTOR-DRV][INFO] robot-arm-04: conveyor speed: 1158 rpm
2026-05-23T12:36:45Z [VISION-SYS][INFO] robot-arm-04: temperature nominal: 23.2 C
2026-05-23T12:37:00Z [VISION-SYS][WARN] robot-arm-04: lubrication pump cycle complete
2026-05-23T12:37:15Z [SAFETY-MON][WARN] robot-arm-04: vision inspection pass
2026-05-23T12:37:30Z [SAFETY-MON][INFO] robot-arm-04: joint load within bounds
2026-05-23T12:37:45Z [VISION-SYS][INFO] robot-arm-04: servo response time: 7 ms
2026-05-23T12:38:00Z [SAFETY-MON][WARN] robot-arm-04: conveyor speed: 1126 rpm
2026-05-23T12:38:15Z [VISION-SYS][WARN] robot-arm-04: conveyor speed: 913 rpm
2026-05-23T12:38:30Z [VISION-SYS][INFO] robot-arm-04: vision inspection pass
2026-05-23T12:38:45Z [SAFETY-MON][INFO] robot-arm-04: joint load within bounds
2026-05-23T12:39:00Z [CONVEYOR][INFO] robot-arm-04: vision inspection pass
2026-05-23T12:39:15Z [LUBRICATION][INFO] robot-arm-04: vision inspection pass
2026-05-23T12:39:30Z [PLC-CTRL][WARN] robot-arm-04: heartbeat OK
2026-05-23T12:39:45Z [VISION-SYS][WARN] robot-arm-04: lubrication pump cycle complete
2026-05-23T12:40:00Z [PLC-CTRL][WARN] robot-arm-04: servo response time: 8 ms
2026-05-23T12:40:15Z [LUBRICATION][INFO] robot-arm-04: encoder read: pos=293.69
2026-05-23T12:40:30Z [SAFETY-MON][WARN] robot-arm-04: cycle count: 1004506
2026-05-23T12:40:45Z [CONVEYOR][ERROR] robot-arm-04: vision inspection pass
2026-05-23T12:41:00Z [VISION-SYS][INFO] robot-arm-04: encoder read: pos=304.83
2026-05-23T12:41:15Z [VISION-SYS][ERROR] robot-arm-04: heartbeat OK
2026-05-23T12:41:30Z [PLC-CTRL][ERROR] robot-arm-04: motion cycle complete
2026-05-23T12:41:45Z [LUBRICATION][INFO] robot-arm-04: servo response time: 10 ms
2026-05-23T12:42:00Z [PLC-CTRL][WARN] robot-arm-04: temperature nominal: 23.2 C
2026-05-23T12:42:15Z [MOTOR-DRV][WARN] robot-arm-04: cycle count: 1029429
2026-05-23T12:42:30Z [PLC-CTRL][ERROR] robot-arm-04: conveyor speed: 925 rpm
2026-05-23T12:42:45Z [VISION-SYS][INFO] robot-arm-04: servo response time: 5 ms
2026-05-23T12:43:00Z [SAFETY-MON][WARN] robot-arm-04: cycle count: 1018529
2026-05-23T12:43:15Z [PLC-CTRL][INFO] robot-arm-04: conveyor speed: 1168 rpm
2026-05-23T12:43:30Z [MOTOR-DRV][INFO] robot-arm-04: temperature nominal: 51.5 C
2026-05-23T12:43:45Z [VISION-SYS][INFO] robot-arm-04: motion cycle complete
2026-05-23T12:44:00Z [VISION-SYS][WARN] robot-arm-04: motion cycle complete
2026-05-23T12:44:15Z [VISION-SYS][ERROR] robot-arm-04: conveyor speed: 1121 rpm
2026-05-23T12:44:30Z [CONVEYOR][WARN] robot-arm-04: vision inspection pass
2026-05-23T12:44:45Z [SAFETY-MON][INFO] robot-arm-04: cycle count: 1049172
2026-05-23T12:45:00Z [SAFETY-MON][ERROR] robot-arm-04: conveyor speed: 957 rpm
2026-05-23T12:45:15Z [VISION-SYS][WARN] robot-arm-04: motion cycle complete
2026-05-23T12:45:30Z [MOTOR-DRV][INFO] robot-arm-04: cycle count: 1031734
2026-05-23T12:45:45Z [VISION-SYS][INFO] robot-arm-04: encoder read: pos=117.32
2026-05-23T12:46:00Z [LUBRICATION][ERROR] robot-arm-04: conveyor speed: 1144 rpm
2026-05-23T12:46:15Z [MOTOR-DRV][INFO] robot-arm-04: lubrication pump cycle complete
2026-05-23T12:46:30Z [SAFETY-MON][INFO] robot-arm-04: conveyor speed: 1035 rpm
2026-05-23T12:46:45Z [MOTOR-DRV][WARN] robot-arm-04: servo response time: 17 ms
2026-05-23T12:47:00Z [CONVEYOR][INFO] robot-arm-04: motion cycle complete
2026-05-23T12:47:15Z [LUBRICATION][INFO] robot-arm-04: heartbeat OK
2026-05-23T12:47:30Z [CONVEYOR][WARN] robot-arm-04: encoder read: pos=166.53
2026-05-23T12:47:45Z [PLC-CTRL][ERROR] robot-arm-04: servo response time: 2 ms
2026-05-23T12:48:00Z [MOTOR-DRV][INFO] robot-arm-04: lubrication pump cycle complete
2026-05-23T12:48:15Z [PLC-CTRL][ERROR] robot-arm-04: lubrication pump cycle complete
2026-05-23T12:48:30Z [CONVEYOR][INFO] robot-arm-04: conveyor speed: 1126 rpm
2026-05-23T12:48:45Z [CONVEYOR][WARN] robot-arm-04: motion cycle complete
2026-05-23T12:49:00Z [CONVEYOR][ERROR] robot-arm-04: conveyor speed: 920 rpm
2026-05-23T12:49:15Z [LUBRICATION][INFO] robot-arm-04: vision inspection pass
2026-05-23T12:49:30Z [VISION-SYS][WARN] robot-arm-04: joint load within bounds
2026-05-23T12:49:45Z [MOTOR-DRV][WARN] robot-arm-04: encoder read: pos=54.76
2026-05-23T12:50:00Z [MOTOR-DRV][INFO] robot-arm-04: joint load within bounds
2026-05-23T12:50:15Z [PLC-CTRL][WARN] robot-arm-04: servo response time: 14 ms
2026-05-23T12:50:30Z [LUBRICATION][ERROR] robot-arm-04: lubrication pump cycle complete
2026-05-23T12:50:45Z [LUBRICATION][INFO] robot-arm-04: joint load within bounds
2026-05-23T12:51:00Z [PLC-CTRL][ERROR] robot-arm-04: temperature nominal: 37.3 C
2026-05-23T12:51:15Z [CONVEYOR][WARN] robot-arm-04: cycle count: 1109966
2026-05-23T12:51:30Z [PLC-CTRL][INFO] robot-arm-04: joint load within bounds
2026-05-23T12:51:45Z [VISION-SYS][INFO] robot-arm-04: lubrication pump cycle complete
2026-05-23T12:52:00Z [SAFETY-MON][INFO] robot-arm-04: heartbeat OK
2026-05-23T12:52:15Z [LUBRICATION][WARN] robot-arm-04: cycle count: 1146795
2026-05-23T12:52:30Z [SAFETY-MON][WARN] robot-arm-04: vision inspection pass
2026-05-23T12:52:45Z [MOTOR-DRV][INFO] robot-arm-04: vision inspection pass
2026-05-23T12:53:00Z [VISION-SYS][ERROR] robot-arm-04: joint load within bounds
2026-05-23T12:53:15Z [MOTOR-DRV][INFO] robot-arm-04: cycle count: 1212501
2026-05-23T12:53:30Z [CONVEYOR][INFO] robot-arm-04: lubrication pump cycle complete
2026-05-23T12:53:45Z [SAFETY-MON][ERROR] robot-arm-04: lubrication pump cycle complete
2026-05-23T12:54:00Z [SAFETY-MON][INFO] robot-arm-04: servo response time: 11 ms
2026-05-23T12:54:15Z [PLC-CTRL][ERROR] robot-arm-04: vision inspection pass
2026-05-23T12:54:30Z [CONVEYOR][INFO] robot-arm-04: encoder read: pos=195.15
2026-05-23T12:54:45Z [MOTOR-DRV][WARN] robot-arm-04: encoder read: pos=215.46
2026-05-23T12:55:00Z [SAFETY-MON][WARN] robot-arm-04: servo response time: 18 ms
2026-05-23T12:55:15Z [CONVEYOR][WARN] robot-arm-04: vision inspection pass
2026-05-23T12:55:30Z [MOTOR-DRV][WARN] robot-arm-04: vision inspection pass
2026-05-23T12:55:45Z [CONVEYOR][WARN] robot-arm-04: heartbeat OK
2026-05-23T12:56:00Z [MOTOR-DRV][INFO] robot-arm-04: servo response time: 11 ms
2026-05-23T12:56:15Z [SAFETY-MON][ERROR] robot-arm-04: joint load within bounds
2026-05-23T12:56:30Z [LUBRICATION][INFO] robot-arm-04: joint load within bounds
2026-05-23T12:56:45Z [CONVEYOR][INFO] robot-arm-04: motion cycle complete
2026-05-23T12:57:00Z [MOTOR-DRV][INFO] robot-arm-04: encoder read: pos=167.31
2026-05-23T12:57:15Z [SAFETY-MON][INFO] robot-arm-04: heartbeat OK
2026-05-23T12:57:30Z [SAFETY-MON][INFO] robot-arm-04: encoder read: pos=316.33
2026-05-23T12:57:45Z [VISION-SYS][WARN] robot-arm-04: motion cycle complete
2026-05-23T12:58:00Z [CONVEYOR][INFO] robot-arm-04: lubrication pump cycle complete
2026-05-23T12:58:15Z [LUBRICATION][WARN] robot-arm-04: lubrication pump cycle complete
2026-05-23T12:58:30Z [CONVEYOR][INFO] robot-arm-04: motion cycle complete
2026-05-23T12:58:45Z [MOTOR-DRV][WARN] robot-arm-04: motion cycle complete
2026-05-23T12:59:00Z [PLC-CTRL][INFO] robot-arm-04: lubrication pump cycle complete
2026-05-23T12:59:15Z [VISION-SYS][WARN] robot-arm-04: encoder read: pos=73.85
2026-05-23T12:59:30Z [CONVEYOR][WARN] robot-arm-04: encoder read: pos=293.08
2026-05-23T12:59:45Z [CONVEYOR][WARN] robot-arm-04: encoder read: pos=44.97
2026-05-23T13:00:00Z [CONVEYOR][INFO] robot-arm-04: cycle count: 1239557
2026-05-23T13:00:15Z [SAFETY-MON][INFO] robot-arm-04: encoder read: pos=183.17
2026-05-23T13:00:30Z [MOTOR-DRV][ERROR] robot-arm-04: conveyor speed: 1126 rpm
2026-05-23T13:00:45Z [PLC-CTRL][INFO] robot-arm-04: cycle count: 1128198
2026-05-23T13:01:00Z [MOTOR-DRV][ERROR] robot-arm-04: cycle count: 1115111
2026-05-23T13:01:15Z [MOTOR-DRV][INFO] robot-arm-04: servo response time: 15 ms
2026-05-23T13:01:30Z [SAFETY-MON][INFO] robot-arm-04: heartbeat OK
2026-05-23T13:01:45Z [LUBRICATION][ERROR] robot-arm-04: temperature nominal: 50.7 C
2026-05-23T13:02:00Z [PLC-CTRL][INFO] robot-arm-04: vision inspection pass
2026-05-23T13:02:15Z [MOTOR-DRV][WARN] robot-arm-04: lubrication pump cycle complete
2026-05-23T13:02:30Z [LUBRICATION][WARN] robot-arm-04: servo response time: 5 ms
2026-05-23T13:02:45Z [LUBRICATION][INFO] robot-arm-04: cycle count: 1229845
2026-05-23T13:03:00Z [MOTOR-DRV][WARN] robot-arm-04: cycle count: 1087178
2026-05-23T13:03:15Z [PLC-CTRL][ERROR] robot-arm-04: cycle count: 1224943
2026-05-23T13:03:30Z [PLC-CTRL][WARN] robot-arm-04: servo response time: 10 ms
2026-05-23T13:03:45Z [VISION-SYS][WARN] robot-arm-04: joint load within bounds
2026-05-23T13:04:00Z [MOTOR-DRV][WARN] robot-arm-04: servo response time: 9 ms
2026-05-23T13:04:15Z [PLC-CTRL][INFO] robot-arm-04: lubrication pump cycle complete
2026-05-23T13:04:30Z [SAFETY-MON][INFO] robot-arm-04: encoder read: pos=74.04
2026-05-23T13:04:45Z [PLC-CTRL][INFO] robot-arm-04: servo response time: 7 ms
2026-05-23T13:05:00Z [PLC-CTRL][WARN] robot-arm-04: conveyor speed: 1076 rpm
2026-05-23T13:05:15Z [MOTOR-DRV][ERROR] robot-arm-04: joint load within bounds
2026-05-23T13:05:30Z [MOTOR-DRV][INFO] robot-arm-04: motion cycle complete
2026-05-23T13:05:45Z [MOTOR-DRV][INFO] robot-arm-04: cycle count: 1260085
2026-05-23T13:06:00Z [SAFETY-MON][INFO] robot-arm-04: heartbeat OK
2026-05-23T13:06:15Z [PLC-CTRL][ERROR] robot-arm-04: encoder read: pos=224.05
2026-05-23T13:06:30Z [VISION-SYS][WARN] robot-arm-04: vision inspection pass
2026-05-23T13:06:45Z [LUBRICATION][ERROR] robot-arm-04: conveyor speed: 818 rpm
2026-05-23T13:07:00Z [LUBRICATION][WARN] robot-arm-04: heartbeat OK
2026-05-23T13:07:15Z [MOTOR-DRV][WARN] robot-arm-04: heartbeat OK
2026-05-23T13:07:30Z [PLC-CTRL][WARN] robot-arm-04: cycle count: 1112400
2026-05-23T13:07:45Z [MOTOR-DRV][WARN] robot-arm-04: vision inspection pass
2026-05-23T13:08:00Z [CONVEYOR][INFO] robot-arm-04: servo response time: 12 ms
2026-05-23T13:08:15Z [SAFETY-MON][INFO] robot-arm-04: heartbeat OK
2026-05-23T13:08:30Z [VISION-SYS][WARN] robot-arm-04: encoder read: pos=27.39
2026-05-23T13:08:45Z [CONVEYOR][INFO] robot-arm-04: lubrication pump cycle complete
2026-05-23T13:09:00Z [CONVEYOR][WARN] robot-arm-04: conveyor speed: 1126 rpm
2026-05-23T13:09:15Z [MOTOR-DRV][INFO] robot-arm-04: conveyor speed: 944 rpm
2026-05-23T13:09:30Z [LUBRICATION][INFO] robot-arm-04: motion cycle complete
2026-05-23T13:09:45Z [LUBRICATION][ERROR] robot-arm-04: temperature nominal: 58.9 C
2026-05-23T13:10:00Z [LUBRICATION][WARN] robot-arm-04: lubrication pump cycle complete
2026-05-23T13:10:15Z [SAFETY-MON][INFO] robot-arm-04: conveyor speed: 1117 rpm
2026-05-23T13:10:30Z [SAFETY-MON][INFO] robot-arm-04: joint load within bounds
2026-05-23T13:10:45Z [SAFETY-MON][INFO] robot-arm-04: cycle count: 1242994
2026-05-23T13:11:00Z [CONVEYOR][ERROR] robot-arm-04: heartbeat OK
2026-05-23T13:11:15Z [VISION-SYS][INFO] robot-arm-04: servo response time: 10 ms
2026-05-23T13:11:30Z [PLC-CTRL][WARN] robot-arm-04: temperature nominal: 59.5 C
2026-05-23T13:11:45Z [PLC-CTRL][ERROR] robot-arm-04: lubrication pump cycle complete
2026-05-23T13:12:00Z [VISION-SYS][WARN] robot-arm-04: temperature nominal: 42.3 C
2026-05-23T13:12:15Z [CONVEYOR][INFO] robot-arm-04: heartbeat OK
2026-05-23T13:12:30Z [SAFETY-MON][INFO] robot-arm-04: motion cycle complete
2026-05-23T13:12:45Z [LUBRICATION][INFO] robot-arm-04: encoder read: pos=291.96
2026-05-23T13:13:00Z [MOTOR-DRV][WARN] robot-arm-04: servo response time: 10 ms
2026-05-23T13:13:15Z [LUBRICATION][ERROR] robot-arm-04: conveyor speed: 1054 rpm
2026-05-23T13:13:30Z [CONVEYOR][INFO] robot-arm-04: conveyor speed: 1083 rpm
2026-05-23T13:13:45Z [VISION-SYS][INFO] robot-arm-04: lubrication pump cycle complete
2026-05-23T13:14:00Z [VISION-SYS][ERROR] robot-arm-04: joint load within bounds
2026-05-23T13:14:15Z [PLC-CTRL][INFO] robot-arm-04: lubrication pump cycle complete
2026-05-23T13:14:30Z [VISION-SYS][ERROR] robot-arm-04: conveyor speed: 952 rpm
2026-05-23T13:14:45Z [LUBRICATION][ERROR] robot-arm-04: cycle count: 1069174
2026-05-23T13:15:00Z [PLC-CTRL][WARN] robot-arm-04: cycle count: 1222837
2026-05-23T13:15:15Z [VISION-SYS][WARN] robot-arm-04: vision inspection pass
2026-05-23T13:15:30Z [SAFETY-MON][INFO] robot-arm-04: vision inspection pass
2026-05-23T13:15:45Z [CONVEYOR][INFO] robot-arm-04: vision inspection pass
2026-05-23T13:16:00Z [LUBRICATION][INFO] robot-arm-04: heartbeat OK
2026-05-23T13:16:15Z [VISION-SYS][WARN] robot-arm-04: vision inspection pass
2026-05-23T13:16:30Z [MOTOR-DRV][INFO] robot-arm-04: motion cycle complete
2026-05-23T13:16:45Z [MOTOR-DRV][INFO] robot-arm-04: temperature nominal: 71.2 C
2026-05-23T13:17:00Z [SAFETY-MON][ERROR] robot-arm-04: joint load within bounds
2026-05-23T13:17:15Z [SAFETY-MON][INFO] robot-arm-04: vision inspection pass
2026-05-23T13:17:30Z [LUBRICATION][WARN] robot-arm-04: encoder read: pos=274.57
2026-05-23T13:17:45Z [LUBRICATION][WARN] robot-arm-04: lubrication pump cycle complete
2026-05-23T13:18:00Z [LUBRICATION][ERROR] robot-arm-04: motion cycle complete
2026-05-23T13:18:15Z [VISION-SYS][INFO] robot-arm-04: temperature nominal: 48.1 C
2026-05-23T13:18:30Z [LUBRICATION][INFO] robot-arm-04: encoder read: pos=279.26
2026-05-23T13:18:45Z [CONVEYOR][ERROR] robot-arm-04: temperature nominal: 58.1 C
2026-05-23T13:19:00Z [PLC-CTRL][INFO] robot-arm-04: vision inspection pass
2026-05-23T13:19:15Z [SAFETY-MON][INFO] robot-arm-04: motion cycle complete
2026-05-23T13:19:30Z [MOTOR-DRV][INFO] robot-arm-04: servo response time: 8 ms
2026-05-23T13:19:45Z [CONVEYOR][WARN] robot-arm-04: heartbeat OK
2026-05-23T13:20:00Z [SAFETY-MON][ERROR] robot-arm-04: lubrication pump cycle complete
2026-05-23T13:20:15Z [MOTOR-DRV][WARN] robot-arm-04: servo response time: 17 ms
2026-05-23T13:20:30Z [PLC-CTRL][WARN] robot-arm-04: temperature nominal: 74.8 C
2026-05-23T13:20:45Z [SAFETY-MON][WARN] robot-arm-04: vision inspection pass
2026-05-23T13:21:00Z [SAFETY-MON][INFO] robot-arm-04: servo response time: 13 ms
2026-05-23T13:21:15Z [CONVEYOR][INFO] robot-arm-04: motion cycle complete
2026-05-23T13:21:30Z [LUBRICATION][INFO] robot-arm-04: vision inspection pass
2026-05-23T13:21:45Z [SAFETY-MON][INFO] robot-arm-04: encoder read: pos=349.98
2026-05-23T13:22:00Z [SAFETY-MON][INFO] robot-arm-04: vision inspection pass
2026-05-23T13:22:15Z [MOTOR-DRV][WARN] robot-arm-04: conveyor speed: 1072 rpm
2026-05-23T13:22:30Z [MOTOR-DRV][INFO] robot-arm-04: servo response time: 9 ms
2026-05-23T13:22:45Z [PLC-CTRL][INFO] robot-arm-04: heartbeat OK
2026-05-23T13:23:00Z [SAFETY-MON][ERROR] robot-arm-04: vision inspection pass
2026-05-23T13:23:15Z [VISION-SYS][WARN] robot-arm-04: cycle count: 1045595
2026-05-23T13:23:30Z [PLC-CTRL][WARN] robot-arm-04: temperature nominal: 39.0 C
2026-05-23T13:23:45Z [VISION-SYS][WARN] robot-arm-04: motion cycle complete
2026-05-23T13:24:00Z [PLC-CTRL][INFO] robot-arm-04: cycle count: 1009029
2026-05-23T13:24:15Z [PLC-CTRL][INFO] robot-arm-04: temperature nominal: 35.1 C
2026-05-23T13:24:30Z [PLC-CTRL][INFO] robot-arm-04: vision inspection pass
2026-05-23T13:24:45Z [MOTOR-DRV][INFO] robot-arm-04: lubrication pump cycle complete
2026-05-23T13:25:00Z [MOTOR-DRV][INFO] robot-arm-04: heartbeat OK
2026-05-23T13:25:15Z [PLC-CTRL][INFO] robot-arm-04: heartbeat OK
2026-05-23T13:25:30Z [PLC-CTRL][WARN] robot-arm-04: encoder read: pos=344.88
2026-05-23T13:25:45Z [PLC-CTRL][WARN] robot-arm-04: temperature nominal: 63.8 C
2026-05-23T13:26:00Z [CONVEYOR][INFO] robot-arm-04: joint load within bounds
2026-05-23T13:26:15Z [SAFETY-MON][INFO] robot-arm-04: joint load within bounds
2026-05-23T13:26:30Z [LUBRICATION][INFO] robot-arm-04: lubrication pump cycle complete
2026-05-23T13:26:45Z [MOTOR-DRV][INFO] robot-arm-04: joint load within bounds
2026-05-23T13:27:00Z [PLC-CTRL][INFO] robot-arm-04: vision inspection pass
2026-05-23T13:27:15Z [SAFETY-MON][INFO] robot-arm-04: servo response time: 8 ms
2026-05-23T13:27:30Z [LUBRICATION][WARN] robot-arm-04: vision inspection pass
2026-05-23T13:27:45Z [SAFETY-MON][INFO] robot-arm-04: temperature nominal: 49.4 C
2026-05-23T13:28:00Z [VISION-SYS][WARN] robot-arm-04: cycle count: 1268071
2026-05-23T13:28:15Z [VISION-SYS][INFO] robot-arm-04: motion cycle complete
2026-05-23T13:28:30Z [MOTOR-DRV][ERROR] robot-arm-04: cycle count: 1286822
2026-05-23T13:28:45Z [PLC-CTRL][INFO] robot-arm-04: servo response time: 15 ms
2026-05-23T13:29:00Z [MOTOR-DRV][WARN] robot-arm-04: vision inspection pass
2026-05-23T13:29:15Z [PLC-CTRL][INFO] robot-arm-04: heartbeat OK
2026-05-23T13:29:30Z [SAFETY-MON][INFO] robot-arm-04: conveyor speed: 1163 rpm
2026-05-23T13:29:45Z [CONVEYOR][WARN] robot-arm-04: heartbeat OK
2026-05-23T13:30:00Z [LUBRICATION][WARN] robot-arm-04: heartbeat OK
2026-05-23T13:30:15Z [LUBRICATION][INFO] robot-arm-04: vision inspection pass
2026-05-23T13:30:30Z [MOTOR-DRV][INFO] robot-arm-04: motion cycle complete
2026-05-23T13:30:45Z [CONVEYOR][INFO] robot-arm-04: joint load within bounds
2026-05-23T13:31:00Z [SAFETY-MON][ERROR] robot-arm-04: joint load within bounds
2026-05-23T13:31:15Z [MOTOR-DRV][INFO] robot-arm-04: motion cycle complete
2026-05-23T13:31:30Z [CONVEYOR][INFO] robot-arm-04: motion cycle complete
2026-05-23T13:31:45Z [VISION-SYS][INFO] robot-arm-04: motion cycle complete
2026-05-23T13:32:00Z [SAFETY-MON][INFO] robot-arm-04: motion cycle complete
2026-05-23T13:32:15Z [PLC-CTRL][INFO] robot-arm-04: cycle count: 1158975
2026-05-23T13:32:30Z [CONVEYOR][INFO] robot-arm-04: servo response time: 2 ms
2026-05-23T13:32:45Z [VISION-SYS][WARN] robot-arm-04: joint load within bounds
2026-05-23T13:33:00Z [VISION-SYS][WARN] robot-arm-04: vision inspection pass
2026-05-23T13:33:15Z [LUBRICATION][INFO] robot-arm-04: conveyor speed: 1142 rpm
2026-05-23T13:33:30Z [MOTOR-DRV][ERROR] robot-arm-04: joint load within bounds
2026-05-23T13:33:45Z [PLC-CTRL][WARN] robot-arm-04: cycle count: 1156745
2026-05-23T13:34:00Z [VISION-SYS][INFO] robot-arm-04: servo response time: 8 ms
2026-05-23T13:34:15Z [CONVEYOR][INFO] robot-arm-04: conveyor speed: 1114 rpm
2026-05-23T13:34:30Z [PLC-CTRL][ERROR] robot-arm-04: servo response time: 12 ms
2026-05-23T13:34:45Z [LUBRICATION][ERROR] robot-arm-04: cycle count: 1295822
2026-05-23T13:35:00Z [SAFETY-MON][WARN] robot-arm-04: cycle count: 1116920
2026-05-23T13:35:15Z [SAFETY-MON][ERROR] robot-arm-04: encoder read: pos=307.92
2026-05-23T13:35:30Z [MOTOR-DRV][WARN] robot-arm-04: cycle count: 1265247
2026-05-23T13:35:45Z [MOTOR-DRV][INFO] robot-arm-04: motion cycle complete
2026-05-23T13:36:00Z [LUBRICATION][WARN] robot-arm-04: motion cycle complete
2026-05-23T13:36:15Z [MOTOR-DRV][WARN] robot-arm-04: temperature nominal: 23.9 C
2026-05-23T13:36:30Z [CONVEYOR][INFO] robot-arm-04: vision inspection pass
2026-05-23T13:36:45Z [VISION-SYS][WARN] robot-arm-04: encoder read: pos=311.73
2026-05-23T13:37:00Z [LUBRICATION][WARN] robot-arm-04: servo response time: 3 ms
2026-05-23T13:37:15Z [PLC-CTRL][INFO] robot-arm-04: joint load within bounds
2026-05-23T13:37:30Z [LUBRICATION][INFO] robot-arm-04: joint load within bounds
2026-05-23T13:37:45Z [CONVEYOR][WARN] robot-arm-04: motion cycle complete
2026-05-23T13:38:00Z [MOTOR-DRV][WARN] robot-arm-04: motion cycle complete
2026-05-23T13:38:15Z [MOTOR-DRV][WARN] robot-arm-04: heartbeat OK
2026-05-23T13:38:30Z [VISION-SYS][ERROR] robot-arm-04: joint load within bounds
2026-05-23T13:38:45Z [VISION-SYS][INFO] robot-arm-04: conveyor speed: 1045 rpm
2026-05-23T13:39:00Z [MOTOR-DRV][WARN] robot-arm-04: encoder read: pos=21.06
2026-05-23T13:39:15Z [SAFETY-MON][ERROR] robot-arm-04: joint load within bounds
2026-05-23T13:39:30Z [MOTOR-DRV][INFO] robot-arm-04: encoder read: pos=331.60
2026-05-23T13:39:45Z [SAFETY-MON][WARN] robot-arm-04: heartbeat OK
2026-05-23T13:40:00Z [MOTOR-DRV][INFO] robot-arm-04: lubrication pump cycle complete
2026-05-23T13:40:15Z [LUBRICATION][ERROR] robot-arm-04: encoder read: pos=345.33
2026-05-23T13:40:30Z [CONVEYOR][INFO] robot-arm-04: vision inspection pass
2026-05-23T13:40:45Z [PLC-CTRL][WARN] robot-arm-04: servo response time: 10 ms
2026-05-23T13:41:00Z [SAFETY-MON][INFO] robot-arm-04: vision inspection pass
2026-05-23T13:41:15Z [CONVEYOR][WARN] robot-arm-04: conveyor speed: 1071 rpm
2026-05-23T13:41:30Z [CONVEYOR][ERROR] robot-arm-04: temperature nominal: 77.1 C
2026-05-23T13:41:45Z [VISION-SYS][ERROR] robot-arm-04: motion cycle complete
2026-05-23T13:42:00Z [MOTOR-DRV][WARN] robot-arm-04: motion cycle complete
2026-05-23T13:42:15Z [CONVEYOR][INFO] robot-arm-04: encoder read: pos=64.96
2026-05-23T13:42:30Z [MOTOR-DRV][INFO] robot-arm-04: servo response time: 12 ms
2026-05-23T13:42:45Z [SAFETY-MON][INFO] robot-arm-04: motion cycle complete
2026-05-23T13:43:00Z [VISION-SYS][INFO] robot-arm-04: lubrication pump cycle complete
2026-05-23T13:43:15Z [CONVEYOR][INFO] robot-arm-04: cycle count: 1110352
2026-05-23T13:43:30Z [LUBRICATION][ERROR] robot-arm-04: motion cycle complete
2026-05-23T13:43:45Z [VISION-SYS][WARN] robot-arm-04: temperature nominal: 28.3 C
2026-05-23T13:44:00Z [LUBRICATION][ERROR] robot-arm-04: servo response time: 3 ms
2026-05-23T13:44:15Z [LUBRICATION][ERROR] robot-arm-04: motion cycle complete
2026-05-23T13:44:30Z [VISION-SYS][INFO] robot-arm-04: temperature nominal: 72.7 C
2026-05-23T13:44:45Z [SAFETY-MON][INFO] robot-arm-04: motion cycle complete
2026-05-23T13:45:00Z [SAFETY-MON][INFO] robot-arm-04: lubrication pump cycle complete
2026-05-23T13:45:15Z [VISION-SYS][WARN] robot-arm-04: lubrication pump cycle complete
2026-05-23T13:45:30Z [MOTOR-DRV][ERROR] robot-arm-04: encoder read: pos=139.15
2026-05-23T13:45:45Z [MOTOR-DRV][ERROR] robot-arm-04: cycle count: 1132941
2026-05-23T13:46:00Z [VISION-SYS][INFO] robot-arm-04: lubrication pump cycle complete
2026-05-23T13:46:15Z [LUBRICATION][INFO] robot-arm-04: joint load within bounds
2026-05-23T13:46:30Z [SAFETY-MON][INFO] robot-arm-04: heartbeat OK
2026-05-23T13:46:45Z [VISION-SYS][WARN] robot-arm-04: cycle count: 1210164
2026-05-23T13:47:00Z [MOTOR-DRV][ERROR] robot-arm-04: lubrication pump cycle complete
2026-05-23T13:47:15Z [CONVEYOR][INFO] robot-arm-04: vision inspection pass
2026-05-23T13:47:30Z [MOTOR-DRV][INFO] robot-arm-04: cycle count: 1015421
2026-05-23T13:47:45Z [LUBRICATION][INFO] robot-arm-04: servo response time: 17 ms
2026-05-23T13:48:00Z [MOTOR-DRV][WARN] robot-arm-04: joint load within bounds
2026-05-23T13:48:15Z [PLC-CTRL][ERROR] robot-arm-04: temperature nominal: 34.3 C
2026-05-23T13:48:30Z [SAFETY-MON][INFO] robot-arm-04: heartbeat OK
2026-05-23T13:48:45Z [MOTOR-DRV][ERROR] robot-arm-04: vision inspection pass
2026-05-23T13:49:00Z [CONVEYOR][INFO] robot-arm-04: servo response time: 2 ms
2026-05-23T13:49:15Z [LUBRICATION][INFO] robot-arm-04: encoder read: pos=254.58
2026-05-23T13:49:30Z [VISION-SYS][WARN] robot-arm-04: encoder read: pos=275.17
2026-05-23T13:49:45Z [VISION-SYS][INFO] robot-arm-04: cycle count: 1129185
2026-05-23T13:50:00Z [SAFETY-MON][INFO] robot-arm-04: lubrication pump cycle complete
2026-05-23T13:50:15Z [CONVEYOR][INFO] robot-arm-04: conveyor speed: 1177 rpm
2026-05-23T13:50:30Z [PLC-CTRL][INFO] robot-arm-04: joint load within bounds
2026-05-23T13:50:45Z [SAFETY-MON][ERROR] robot-arm-04: servo response time: 11 ms
2026-05-23T13:51:00Z [PLC-CTRL][INFO] robot-arm-04: heartbeat OK
2026-05-23T13:51:15Z [PLC-CTRL][INFO] robot-arm-04: vision inspection pass
2026-05-23T13:51:30Z [CONVEYOR][INFO] robot-arm-04: motion cycle complete
2026-05-23T13:51:45Z [CONVEYOR][INFO] robot-arm-04: temperature nominal: 42.0 C
2026-05-23T13:52:00Z [LUBRICATION][ERROR] robot-arm-04: lubrication pump cycle complete
2026-05-23T13:52:15Z [MOTOR-DRV][INFO] robot-arm-04: servo response time: 6 ms
2026-05-23T13:52:30Z [MOTOR-DRV][WARN] robot-arm-04: cycle count: 1173359
2026-05-23T13:52:45Z [PLC-CTRL][ERROR] robot-arm-04: lubrication pump cycle complete
2026-05-23T13:53:00Z [PLC-CTRL][INFO] robot-arm-04: temperature nominal: 84.9 C
2026-05-23T13:53:15Z [PLC-CTRL][INFO] robot-arm-04: temperature nominal: 82.7 C
2026-05-23T13:53:30Z [LUBRICATION][INFO] robot-arm-04: temperature nominal: 24.2 C
2026-05-23T13:53:45Z [VISION-SYS][INFO] robot-arm-04: conveyor speed: 1167 rpm
2026-05-23T13:54:00Z [MOTOR-DRV][WARN] robot-arm-04: encoder read: pos=71.29
2026-05-23T13:54:15Z [LUBRICATION][WARN] robot-arm-04: joint load within bounds
2026-05-23T13:54:30Z [MOTOR-DRV][INFO] robot-arm-04: encoder read: pos=358.54
2026-05-23T13:54:45Z [CONVEYOR][INFO] robot-arm-04: encoder read: pos=224.11
2026-05-23T13:55:00Z [MOTOR-DRV][WARN] robot-arm-04: lubrication pump cycle complete
2026-05-23T13:55:15Z [PLC-CTRL][ERROR] robot-arm-04: cycle count: 1158932
2026-05-23T13:55:30Z [PLC-CTRL][INFO] robot-arm-04: temperature nominal: 57.4 C
2026-05-23T13:55:45Z [LUBRICATION][INFO] robot-arm-04: heartbeat OK
2026-05-23T13:56:00Z [PLC-CTRL][WARN] robot-arm-04: cycle count: 1024748
2026-05-23T13:56:15Z [VISION-SYS][WARN] robot-arm-04: heartbeat OK
2026-05-23T13:56:30Z [LUBRICATION][WARN] robot-arm-04: conveyor speed: 856 rpm
2026-05-23T13:56:45Z [MOTOR-DRV][INFO] robot-arm-04: encoder read: pos=265.76
2026-05-23T13:57:00Z [VISION-SYS][INFO] robot-arm-04: vision inspection pass
2026-05-23T13:57:15Z [MOTOR-DRV][ERROR] robot-arm-04: lubrication pump cycle complete
2026-05-23T13:57:30Z [MOTOR-DRV][ERROR] robot-arm-04: joint load within bounds
2026-05-23T13:57:45Z [MOTOR-DRV][INFO] robot-arm-04: heartbeat OK
2026-05-23T13:58:00Z [LUBRICATION][ERROR] robot-arm-04: cycle count: 1260056
2026-05-23T13:58:15Z [MOTOR-DRV][WARN] robot-arm-04: encoder read: pos=128.50
2026-05-23T13:58:30Z [CONVEYOR][INFO] robot-arm-04: joint load within bounds
2026-05-23T13:58:45Z [MOTOR-DRV][WARN] robot-arm-04: conveyor speed: 1038 rpm
2026-05-23T13:59:00Z [VISION-SYS][ERROR] robot-arm-04: temperature nominal: 53.0 C
2026-05-23T13:59:15Z [CONVEYOR][WARN] robot-arm-04: temperature nominal: 78.6 C
2026-05-23T13:59:30Z [LUBRICATION][ERROR] robot-arm-04: lubrication pump cycle complete
2026-05-23T13:59:45Z [CONVEYOR][INFO] robot-arm-04: motion cycle complete
2026-05-23T14:00:00Z [SAFETY-MON][INFO] robot-arm-04: lubrication pump cycle complete
2026-05-23T14:00:15Z [MOTOR-DRV][INFO] robot-arm-04: heartbeat OK
2026-05-23T14:00:30Z [MOTOR-DRV][WARN] robot-arm-04: vision inspection pass
2026-05-23T14:00:45Z [SAFETY-MON][INFO] robot-arm-04: joint load within bounds
2026-05-23T14:01:00Z [VISION-SYS][INFO] robot-arm-04: encoder read: pos=270.29
2026-05-23T14:01:15Z [SAFETY-MON][INFO] robot-arm-04: heartbeat OK
2026-05-23T14:01:30Z [PLC-CTRL][ERROR] robot-arm-04: conveyor speed: 1165 rpm
2026-05-23T14:01:45Z [LUBRICATION][ERROR] robot-arm-04: temperature nominal: 75.1 C
2026-05-23T14:02:00Z [MOTOR-DRV][WARN] robot-arm-04: heartbeat OK
2026-05-23T14:02:15Z [VISION-SYS][WARN] robot-arm-04: motion cycle complete
2026-05-23T14:02:30Z [MOTOR-DRV][INFO] robot-arm-04: vision inspection pass
2026-05-23T14:02:45Z [CONVEYOR][ERROR] robot-arm-04: temperature nominal: 84.3 C
2026-05-23T14:03:00Z [LUBRICATION][WARN] robot-arm-04: lubrication pump cycle complete
2026-05-23T14:03:15Z [LUBRICATION][INFO] robot-arm-04: heartbeat OK
2026-05-23T14:03:30Z [SAFETY-MON][INFO] robot-arm-04: conveyor speed: 827 rpm
2026-05-23T14:03:45Z [MOTOR-DRV][ERROR] robot-arm-04: encoder read: pos=2.40
2026-05-23T14:04:00Z [MOTOR-DRV][ERROR] robot-arm-04: conveyor speed: 836 rpm
2026-05-23T14:04:15Z [LUBRICATION][INFO] robot-arm-04: encoder read: pos=39.06
2026-05-23T14:04:30Z [CONVEYOR][WARN] robot-arm-04: conveyor speed: 1048 rpm
2026-05-23T14:04:45Z [PLC-CTRL][INFO] robot-arm-04: conveyor speed: 1045 rpm
2026-05-23T14:05:00Z [LUBRICATION][INFO] robot-arm-04: servo response time: 14 ms
2026-05-23T14:05:15Z [PLC-CTRL][INFO] robot-arm-04: temperature nominal: 72.3 C
2026-05-23T14:05:30Z [VISION-SYS][WARN] robot-arm-04: lubrication pump cycle complete
2026-05-23T14:05:45Z [VISION-SYS][INFO] robot-arm-04: motion cycle complete
2026-05-23T14:06:00Z [SAFETY-MON][INFO] robot-arm-04: motion cycle complete
2026-05-23T14:06:15Z [PLC-CTRL][INFO] robot-arm-04: motion cycle complete
2026-05-23T14:06:30Z [SAFETY-MON][INFO] robot-arm-04: encoder read: pos=217.76
2026-05-23T14:06:45Z [PLC-CTRL][WARN] robot-arm-04: joint load within bounds
2026-05-23T14:07:00Z [LUBRICATION][INFO] robot-arm-04: conveyor speed: 835 rpm
2026-05-23T14:07:15Z [SAFETY-MON][INFO] robot-arm-04: vision inspection pass
2026-05-23T14:07:30Z [CONVEYOR][INFO] robot-arm-04: conveyor speed: 914 rpm
2026-05-23T14:07:45Z [VISION-SYS][INFO] robot-arm-04: cycle count: 1162607
2026-05-23T14:08:00Z [MOTOR-DRV][INFO] robot-arm-04: cycle count: 1015666
2026-05-23T14:08:15Z [MOTOR-DRV][INFO] robot-arm-04: vision inspection pass
2026-05-23T14:08:30Z [PLC-CTRL][ERROR] robot-arm-04: heartbeat OK
2026-05-23T14:08:45Z [MOTOR-DRV][WARN] robot-arm-04: vision inspection pass
2026-05-23T14:09:00Z [PLC-CTRL][INFO] robot-arm-04: joint load within bounds
2026-05-23T14:09:15Z [PLC-CTRL][INFO] robot-arm-04: servo response time: 3 ms
2026-05-23T14:09:30Z [MOTOR-DRV][INFO] robot-arm-04: encoder read: pos=236.20
2026-05-23T14:09:45Z [PLC-CTRL][INFO] robot-arm-04: motion cycle complete
2026-05-23T14:10:00Z [SAFETY-MON][WARN] robot-arm-04: lubrication pump cycle complete
2026-05-23T14:10:15Z [SAFETY-MON][ERROR] robot-arm-04: temperature nominal: 38.5 C
2026-05-23T14:10:30Z [MOTOR-DRV][ERROR] robot-arm-04: motion cycle complete
2026-05-23T14:10:45Z [VISION-SYS][INFO] robot-arm-04: servo response time: 15 ms
2026-05-23T14:11:00Z [CONVEYOR][INFO] robot-arm-04: joint load within bounds
2026-05-23T14:11:15Z [PLC-CTRL][INFO] robot-arm-04: servo response time: 14 ms
2026-05-23T14:11:30Z [PLC-CTRL][INFO] robot-arm-04: temperature nominal: 77.0 C
2026-05-23T14:11:45Z [PLC-CTRL][WARN] robot-arm-04: joint load within bounds
2026-05-23T14:12:00Z [CONVEYOR][ERROR] robot-arm-04: encoder read: pos=202.80
2026-05-23T14:12:15Z [PLC-CTRL][INFO] robot-arm-04: joint load within bounds
2026-05-23T14:12:30Z [MOTOR-DRV][INFO] robot-arm-04: vision inspection pass
2026-05-23T14:12:45Z [PLC-CTRL][INFO] robot-arm-04: temperature nominal: 71.0 C
2026-05-23T14:13:00Z [MOTOR-DRV][INFO] robot-arm-04: motion cycle complete
2026-05-23T14:13:15Z [CONVEYOR][INFO] robot-arm-04: vision inspection pass
2026-05-23T14:13:30Z [LUBRICATION][INFO] robot-arm-04: temperature nominal: 29.6 C
2026-05-23T14:13:45Z [LUBRICATION][ERROR] robot-arm-04: encoder read: pos=10.29
2026-05-23T14:14:00Z [MOTOR-DRV][INFO] robot-arm-04: encoder read: pos=327.24
2026-05-23T14:14:15Z [CONVEYOR][INFO] robot-arm-04: lubrication pump cycle complete
2026-05-23T14:14:30Z [LUBRICATION][WARN] robot-arm-04: cycle count: 1252589
2026-05-23T14:14:45Z [SAFETY-MON][WARN] robot-arm-04: servo response time: 16 ms
2026-05-23T14:15:00Z [PLC-CTRL][INFO] robot-arm-04: cycle count: 1019252
2026-05-23T14:15:15Z [PLC-CTRL][WARN] robot-arm-04: vision inspection pass
2026-05-23T14:15:30Z [SAFETY-MON][WARN] robot-arm-04: lubrication pump cycle complete
2026-05-23T14:15:45Z [PLC-CTRL][WARN] robot-arm-04: temperature nominal: 62.6 C
2026-05-23T14:16:00Z [CONVEYOR][WARN] robot-arm-04: conveyor speed: 1013 rpm
2026-05-23T14:16:15Z [VISION-SYS][INFO] robot-arm-04: cycle count: 1042647
2026-05-23T14:16:30Z [VISION-SYS][INFO] robot-arm-04: encoder read: pos=16.38
2026-05-23T14:16:45Z [CONVEYOR][WARN] robot-arm-04: heartbeat OK
2026-05-23T14:17:00Z [VISION-SYS][WARN] robot-arm-04: servo response time: 10 ms
2026-05-23T14:17:15Z [MOTOR-DRV][INFO] robot-arm-04: conveyor speed: 850 rpm
2026-05-23T14:17:30Z [SAFETY-MON][INFO] robot-arm-04: encoder read: pos=26.43
2026-05-23T14:17:45Z [MOTOR-DRV][INFO] robot-arm-04: vision inspection pass
2026-05-23T14:18:00Z [CONVEYOR][ERROR] robot-arm-04: motion cycle complete
2026-05-23T14:18:15Z [PLC-CTRL][WARN] robot-arm-04: conveyor speed: 937 rpm
2026-05-23T14:18:30Z [CONVEYOR][INFO] robot-arm-04: encoder read: pos=32.65
2026-05-23T14:18:45Z [LUBRICATION][WARN] robot-arm-04: conveyor speed: 1072 rpm
2026-05-23T14:19:00Z [LUBRICATION][INFO] robot-arm-04: encoder read: pos=290.08
2026-05-23T14:19:15Z [SAFETY-MON][INFO] robot-arm-04: cycle count: 1153586
2026-05-23T14:19:30Z [CONVEYOR][INFO] robot-arm-04: conveyor speed: 936 rpm
2026-05-23T14:19:45Z [MOTOR-DRV][WARN] robot-arm-04: heartbeat OK
2026-05-23T14:20:00Z [CONVEYOR][ERROR] robot-arm-04: cycle count: 1055851
2026-05-23T14:20:15Z [CONVEYOR][INFO] robot-arm-04: motion cycle complete
2026-05-23T14:20:30Z [SAFETY-MON][ERROR] robot-arm-04: temperature nominal: 56.2 C
2026-05-23T14:20:45Z [MOTOR-DRV][WARN] robot-arm-04: vision inspection pass
2026-05-23T14:21:00Z [MOTOR-DRV][INFO] robot-arm-04: joint load within bounds
2026-05-23T14:21:15Z [VISION-SYS][INFO] robot-arm-04: temperature nominal: 61.5 C
2026-05-23T14:21:30Z [MOTOR-DRV][INFO] robot-arm-04: conveyor speed: 1145 rpm
2026-05-23T14:21:45Z [MOTOR-DRV][INFO] robot-arm-04: lubrication pump cycle complete
2026-05-23T14:22:00Z [VISION-SYS][INFO] robot-arm-04: vision inspection pass
2026-05-23T14:22:15Z [PLC-CTRL][INFO] robot-arm-04: joint load within bounds
2026-05-23T14:22:30Z [LUBRICATION][WARN] robot-arm-04: encoder read: pos=193.84
2026-05-23T14:22:45Z [PLC-CTRL][WARN] robot-arm-04: lubrication pump cycle complete
2026-05-23T14:23:00Z [PLC-CTRL][INFO] robot-arm-04: temperature nominal: 71.4 C
2026-05-23T14:23:15Z [PLC-CTRL][WARN] robot-arm-04: cycle count: 1273660
2026-05-23T14:23:30Z [VISION-SYS][ERROR] robot-arm-04: encoder read: pos=87.95
2026-05-23T14:23:45Z [PLC-CTRL][INFO] robot-arm-04: motion cycle complete
2026-05-23T14:24:00Z [MOTOR-DRV][INFO] robot-arm-04: cycle count: 1247019
2026-05-23T14:24:15Z [PLC-CTRL][INFO] robot-arm-04: joint load within bounds
2026-05-23T14:24:30Z [VISION-SYS][WARN] robot-arm-04: vision inspection pass
2026-05-23T14:24:45Z [SAFETY-MON][WARN] robot-arm-04: cycle count: 1007340
2026-05-23T14:25:00Z [PLC-CTRL][INFO] robot-arm-04: lubrication pump cycle complete
2026-05-23T14:25:15Z [VISION-SYS][INFO] robot-arm-04: joint load within bounds
2026-05-23T14:25:30Z [PLC-CTRL][INFO] robot-arm-04: heartbeat OK
2026-05-23T14:25:45Z [VISION-SYS][INFO] robot-arm-04: motion cycle complete
2026-05-23T14:26:00Z [SAFETY-MON][INFO] robot-arm-04: servo response time: 2 ms
2026-05-23T14:26:15Z [MOTOR-DRV][INFO] robot-arm-04: temperature nominal: 76.6 C
2026-05-23T14:26:30Z [SAFETY-MON][ERROR] robot-arm-04: conveyor speed: 1028 rpm
2026-05-23T14:26:45Z [MOTOR-DRV][WARN] robot-arm-04: vision inspection pass
2026-05-23T14:27:00Z [VISION-SYS][ERROR] robot-arm-04: lubrication pump cycle complete
2026-05-23T14:27:15Z [CONVEYOR][ERROR] robot-arm-04: servo response time: 18 ms
2026-05-23T14:27:30Z [LUBRICATION][INFO] robot-arm-04: conveyor speed: 907 rpm
2026-05-23T14:27:45Z [PLC-CTRL][INFO] robot-arm-04: conveyor speed: 1111 rpm
2026-05-23T14:28:00Z [SAFETY-MON][WARN] robot-arm-04: cycle count: 1119144
2026-05-23T14:28:15Z [CONVEYOR][WARN] robot-arm-04: cycle count: 1235644
2026-05-23T14:28:30Z [SAFETY-MON][INFO] robot-arm-04: vision inspection pass
2026-05-23T14:28:45Z [LUBRICATION][WARN] robot-arm-04: conveyor speed: 882 rpm
2026-05-23T14:29:00Z [VISION-SYS][WARN] robot-arm-04: vision inspection pass
2026-05-23T14:29:15Z [MOTOR-DRV][INFO] robot-arm-04: encoder read: pos=188.50
2026-05-23T14:29:30Z [PLC-CTRL][INFO] robot-arm-04: encoder read: pos=17.31
2026-05-23T14:29:45Z [CONVEYOR][WARN] robot-arm-04: heartbeat OK
2026-05-23T14:30:00Z [CONVEYOR][INFO] robot-arm-04: vision inspection pass
2026-05-23T14:30:15Z [SAFETY-MON][ERROR] robot-arm-04: joint load within bounds
2026-05-23T14:30:30Z [LUBRICATION][WARN] robot-arm-04: cycle count: 1046739
2026-05-23T14:30:45Z [VISION-SYS][INFO] robot-arm-04: motion cycle complete
2026-05-23T14:31:00Z [CONVEYOR][INFO] robot-arm-04: vision inspection pass
2026-05-23T14:31:15Z [CONVEYOR][ERROR] robot-arm-04: joint load within bounds
2026-05-23T14:31:30Z [CONVEYOR][WARN] robot-arm-04: servo response time: 6 ms
2026-05-23T14:31:45Z [CONVEYOR][ERROR] robot-arm-04: heartbeat OK
2026-05-23T14:32:00Z [MOTOR-DRV][INFO] robot-arm-04: lubrication pump cycle complete
2026-05-23T14:32:15Z [SAFETY-MON][INFO] robot-arm-04: temperature nominal: 59.3 C
2026-05-23T14:32:30Z [SAFETY-MON][ERROR] robot-arm-04: lubrication pump cycle complete
2026-05-23T14:32:45Z [SAFETY-MON][WARN] robot-arm-04: heartbeat OK
2026-05-23T14:33:00Z [CONVEYOR][INFO] robot-arm-04: lubrication pump cycle complete
2026-05-23T14:33:15Z [MOTOR-DRV][INFO] robot-arm-04: lubrication pump cycle complete
2026-05-23T14:33:30Z [VISION-SYS][INFO] robot-arm-04: conveyor speed: 1137 rpm
2026-05-23T14:33:45Z [PLC-CTRL][INFO] robot-arm-04: conveyor speed: 1015 rpm
2026-05-23T14:34:00Z [VISION-SYS][INFO] robot-arm-04: lubrication pump cycle complete
2026-05-23T14:34:15Z [LUBRICATION][ERROR] robot-arm-04: conveyor speed: 837 rpm
2026-05-23T14:34:30Z [SAFETY-MON][ERROR] robot-arm-04: conveyor speed: 856 rpm
2026-05-23T14:34:45Z [SAFETY-MON][ERROR] robot-arm-04: motion cycle complete
2026-05-23T14:35:00Z [LUBRICATION][INFO] robot-arm-04: conveyor speed: 1068 rpm
2026-05-23T14:35:15Z [CONVEYOR][INFO] robot-arm-04: temperature nominal: 23.1 C
2026-05-23T14:35:30Z [CONVEYOR][INFO] robot-arm-04: lubrication pump cycle complete
2026-05-23T14:35:45Z [SAFETY-MON][ERROR] robot-arm-04: motion cycle complete
2026-05-23T14:36:00Z [SAFETY-MON][INFO] robot-arm-04: cycle count: 1009323
2026-05-23T14:36:15Z [VISION-SYS][WARN] robot-arm-04: lubrication pump cycle complete
2026-05-23T14:36:30Z [PLC-CTRL][ERROR] robot-arm-04: joint load within bounds
2026-05-23T14:36:45Z [PLC-CTRL][INFO] robot-arm-04: heartbeat OK
2026-05-23T14:37:00Z [MOTOR-DRV][INFO] robot-arm-04: motion cycle complete
2026-05-23T14:37:15Z [SAFETY-MON][INFO] robot-arm-04: conveyor speed: 1103 rpm
2026-05-23T14:37:30Z [PLC-CTRL][WARN] robot-arm-04: motion cycle complete
2026-05-23T14:37:45Z [VISION-SYS][INFO] robot-arm-04: joint load within bounds
2026-05-23T14:38:00Z [MOTOR-DRV][ERROR] robot-arm-04: encoder read: pos=19.06
2026-05-23T14:38:15Z [MOTOR-DRV][WARN] robot-arm-04: temperature nominal: 58.4 C
2026-05-23T14:38:30Z [CONVEYOR][INFO] robot-arm-04: cycle count: 1003661
2026-05-23T14:38:45Z [VISION-SYS][WARN] robot-arm-04: vision inspection pass
2026-05-23T14:39:00Z [VISION-SYS][ERROR] robot-arm-04: servo response time: 18 ms
2026-05-23T14:39:15Z [MOTOR-DRV][WARN] robot-arm-04: cycle count: 1202474
2026-05-23T14:39:30Z [VISION-SYS][INFO] robot-arm-04: lubrication pump cycle complete
2026-05-23T14:39:45Z [MOTOR-DRV][INFO] robot-arm-04: lubrication pump cycle complete
2026-05-23T14:40:00Z [PLC-CTRL][ERROR] robot-arm-04: lubrication pump cycle complete
2026-05-23T14:40:15Z [CONVEYOR][INFO] robot-arm-04: temperature nominal: 28.5 C
2026-05-23T14:40:30Z [SAFETY-MON][INFO] robot-arm-04: heartbeat OK
2026-05-23T14:40:45Z [MOTOR-DRV][WARN] robot-arm-04: joint load within bounds
2026-05-23T14:41:00Z [LUBRICATION][WARN] robot-arm-04: conveyor speed: 1087 rpm
2026-05-23T14:41:15Z [MOTOR-DRV][INFO] robot-arm-04: servo response time: 7 ms
2026-05-23T14:41:30Z [PLC-CTRL][WARN] robot-arm-04: joint load within bounds
2026-05-23T14:41:45Z [LUBRICATION][INFO] robot-arm-04: lubrication pump cycle complete
2026-05-23T14:42:00Z [PLC-CTRL][INFO] robot-arm-04: heartbeat OK
2026-05-23T14:42:15Z [MOTOR-DRV][ERROR] robot-arm-04: lubrication pump cycle complete
2026-05-23T14:42:30Z [SAFETY-MON][INFO] robot-arm-04: lubrication pump cycle complete
2026-05-23T14:42:45Z [SAFETY-MON][WARN] robot-arm-04: joint load within bounds
2026-05-23T14:43:00Z [SAFETY-MON][WARN] robot-arm-04: heartbeat OK
2026-05-23T14:43:15Z [MOTOR-DRV][WARN] robot-arm-04: cycle count: 1060981
2026-05-23T14:43:30Z [VISION-SYS][INFO] robot-arm-04: joint load within bounds
2026-05-23T14:43:45Z [CONVEYOR][INFO] robot-arm-04: conveyor speed: 1093 rpm
2026-05-23T14:44:00Z [PLC-CTRL][WARN] robot-arm-04: cycle count: 1003920
2026-05-23T14:44:15Z [MOTOR-DRV][WARN] robot-arm-04: encoder read: pos=28.58
2026-05-23T14:44:30Z [CONVEYOR][WARN] robot-arm-04: lubrication pump cycle complete
2026-05-23T14:44:45Z [CONVEYOR][INFO] robot-arm-04: motion cycle complete
2026-05-23T14:45:00Z [VISION-SYS][ERROR] robot-arm-04: servo response time: 5 ms
2026-05-23T14:45:15Z [CONVEYOR][WARN] robot-arm-04: lubrication pump cycle complete
2026-05-23T14:45:30Z [SAFETY-MON][WARN] robot-arm-04: encoder read: pos=99.89
2026-05-23T14:45:45Z [SAFETY-MON][INFO] robot-arm-04: servo response time: 9 ms
2026-05-23T14:46:00Z [VISION-SYS][INFO] robot-arm-04: joint load within bounds
2026-05-23T14:46:15Z [MOTOR-DRV][INFO] robot-arm-04: lubrication pump cycle complete
2026-05-23T14:46:30Z [VISION-SYS][ERROR] robot-arm-04: heartbeat OK
2026-05-23T14:46:45Z [LUBRICATION][INFO] robot-arm-04: encoder read: pos=182.93
2026-05-23T14:47:00Z [VISION-SYS][INFO] robot-arm-04: lubrication pump cycle complete
2026-05-23T14:47:15Z [VISION-SYS][INFO] robot-arm-04: servo response time: 10 ms
2026-05-23T14:47:30Z [PLC-CTRL][INFO] robot-arm-04: vision inspection pass
2026-05-23T14:47:45Z [CONVEYOR][ERROR] robot-arm-04: lubrication pump cycle complete
2026-05-23T14:48:00Z [LUBRICATION][WARN] robot-arm-04: vision inspection pass
2026-05-23T14:48:15Z [PLC-CTRL][WARN] robot-arm-04: cycle count: 1160017
2026-05-23T14:48:30Z [MOTOR-DRV][INFO] robot-arm-04: servo response time: 5 ms
2026-05-23T14:48:45Z [MOTOR-DRV][INFO] robot-arm-04: lubrication pump cycle complete
2026-05-23T14:49:00Z [PLC-CTRL][ERROR] robot-arm-04: servo response time: 5 ms
2026-05-23T14:49:15Z [PLC-CTRL][ERROR] robot-arm-04: servo response time: 2 ms
2026-05-23T14:49:30Z [LUBRICATION][INFO] robot-arm-04: joint load within bounds
2026-05-23T14:49:45Z [SAFETY-MON][ERROR] robot-arm-04: temperature nominal: 21.1 C
2026-05-23T14:50:00Z [VISION-SYS][INFO] robot-arm-04: vision inspection pass
2026-05-23T14:50:15Z [SAFETY-MON][WARN] robot-arm-04: motion cycle complete
2026-05-23T14:50:30Z [PLC-CTRL][INFO] robot-arm-04: temperature nominal: 29.5 C
2026-05-23T14:50:45Z [MOTOR-DRV][INFO] robot-arm-04: encoder read: pos=75.09
2026-05-23T14:51:00Z [PLC-CTRL][WARN] robot-arm-04: cycle count: 1090600
2026-05-23T14:51:15Z [PLC-CTRL][WARN] robot-arm-04: servo response time: 7 ms
2026-05-23T14:51:30Z [MOTOR-DRV][WARN] robot-arm-04: motion cycle complete
2026-05-23T14:51:45Z [VISION-SYS][INFO] robot-arm-04: cycle count: 1298883
2026-05-23T14:52:00Z [CONVEYOR][INFO] robot-arm-04: joint load within bounds
2026-05-23T14:52:15Z [VISION-SYS][INFO] robot-arm-04: motion cycle complete
2026-05-23T14:52:30Z [CONVEYOR][INFO] robot-arm-04: servo response time: 3 ms
2026-05-23T14:52:45Z [LUBRICATION][ERROR] robot-arm-04: lubrication pump cycle complete
2026-05-23T14:53:00Z [LUBRICATION][INFO] robot-arm-04: servo response time: 9 ms
2026-05-23T14:53:15Z [SAFETY-MON][WARN] robot-arm-04: lubrication pump cycle complete
2026-05-23T14:53:30Z [MOTOR-DRV][ERROR] robot-arm-04: temperature nominal: 21.4 C
2026-05-23T14:53:45Z [MOTOR-DRV][WARN] robot-arm-04: lubrication pump cycle complete
2026-05-23T14:54:00Z [VISION-SYS][WARN] robot-arm-04: vision inspection pass
2026-05-23T14:54:15Z [CONVEYOR][INFO] robot-arm-04: conveyor speed: 840 rpm
2026-05-23T14:54:30Z [MOTOR-DRV][INFO] robot-arm-04: vision inspection pass
2026-05-23T14:54:45Z [MOTOR-DRV][INFO] robot-arm-04: vision inspection pass
2026-05-23T14:55:00Z [MOTOR-DRV][WARN] robot-arm-04: cycle count: 1220994
2026-05-23T14:55:15Z [MOTOR-DRV][WARN] robot-arm-04: cycle count: 1185667
2026-05-23T14:55:30Z [CONVEYOR][WARN] robot-arm-04: lubrication pump cycle complete
2026-05-23T14:55:45Z [SAFETY-MON][INFO] robot-arm-04: conveyor speed: 1200 rpm
2026-05-23T14:56:00Z [LUBRICATION][WARN] robot-arm-04: heartbeat OK
2026-05-23T14:56:15Z [LUBRICATION][WARN] robot-arm-04: conveyor speed: 991 rpm
2026-05-23T14:56:30Z [VISION-SYS][INFO] robot-arm-04: lubrication pump cycle complete
2026-05-23T14:56:45Z [SAFETY-MON][INFO] robot-arm-04: encoder read: pos=262.20
2026-05-23T14:57:00Z [SAFETY-MON][INFO] robot-arm-04: vision inspection pass
2026-05-23T14:57:15Z [MOTOR-DRV][WARN] robot-arm-04: motion cycle complete
2026-05-23T14:57:30Z [VISION-SYS][INFO] robot-arm-04: motion cycle complete
2026-05-23T14:57:45Z [LUBRICATION][INFO] robot-arm-04: conveyor speed: 981 rpm
2026-05-23T14:58:00Z [SAFETY-MON][WARN] robot-arm-04: servo response time: 3 ms
2026-05-23T14:58:15Z [MOTOR-DRV][INFO] robot-arm-04: vision inspection pass
2026-05-23T14:58:30Z [SAFETY-MON][ERROR] robot-arm-04: cycle count: 1262088
2026-05-23T14:58:45Z [LUBRICATION][WARN] robot-arm-04: joint load within bounds
2026-05-23T14:59:00Z [LUBRICATION][WARN] robot-arm-04: motion cycle complete
2026-05-23T14:59:15Z [PLC-CTRL][INFO] robot-arm-04: servo response time: 16 ms
2026-05-23T14:59:30Z [MOTOR-DRV][INFO] robot-arm-04: encoder read: pos=25.39
2026-05-23T14:59:45Z [MOTOR-DRV][INFO] robot-arm-04: vision inspection pass
2026-05-23T15:00:00Z [PLC-CTRL][INFO] robot-arm-04: encoder read: pos=271.42
2026-05-23T15:00:15Z [SAFETY-MON][INFO] robot-arm-04: lubrication pump cycle complete
2026-05-23T15:00:30Z [MOTOR-DRV][INFO] robot-arm-04: joint load within bounds
2026-05-23T15:00:45Z [PLC-CTRL][INFO] robot-arm-04: servo response time: 6 ms
2026-05-23T15:01:00Z [PLC-CTRL][INFO] robot-arm-04: encoder read: pos=6.73
2026-05-23T15:01:15Z [PLC-CTRL][INFO] robot-arm-04: cycle count: 1123380
2026-05-23T15:01:30Z [PLC-CTRL][INFO] robot-arm-04: vision inspection pass
2026-05-23T15:01:45Z [VISION-SYS][INFO] robot-arm-04: heartbeat OK
2026-05-23T15:02:00Z [SAFETY-MON][ERROR] robot-arm-04: lubrication pump cycle complete
2026-05-23T15:02:15Z [VISION-SYS][INFO] robot-arm-04: heartbeat OK
2026-05-23T15:02:30Z [VISION-SYS][INFO] robot-arm-04: motion cycle complete
2026-05-23T15:02:45Z [LUBRICATION][INFO] robot-arm-04: cycle count: 1270616
2026-05-23T15:03:00Z [CONVEYOR][WARN] robot-arm-04: encoder read: pos=126.42
2026-05-23T15:03:15Z [VISION-SYS][ERROR] robot-arm-04: joint load within bounds
2026-05-23T15:03:30Z [SAFETY-MON][WARN] robot-arm-04: lubrication pump cycle complete
2026-05-23T15:03:45Z [SAFETY-MON][INFO] robot-arm-04: heartbeat OK
2026-05-23T15:04:00Z [MOTOR-DRV][WARN] robot-arm-04: motion cycle complete
2026-05-23T15:04:15Z [MOTOR-DRV][WARN] robot-arm-04: cycle count: 1017001
2026-05-23T15:04:30Z [SAFETY-MON][INFO] robot-arm-04: cycle count: 1165509
2026-05-23T15:04:45Z [VISION-SYS][INFO] robot-arm-04: temperature nominal: 59.9 C
2026-05-23T15:05:00Z [MOTOR-DRV][INFO] robot-arm-04: joint load within bounds
2026-05-23T15:05:15Z [CONVEYOR][WARN] robot-arm-04: servo response time: 4 ms
2026-05-23T15:05:30Z [CONVEYOR][INFO] robot-arm-04: heartbeat OK
2026-05-23T15:05:45Z [PLC-CTRL][WARN] robot-arm-04: lubrication pump cycle complete
2026-05-23T15:06:00Z [SAFETY-MON][WARN] robot-arm-04: conveyor speed: 1113 rpm
2026-05-23T15:06:15Z [PLC-CTRL][INFO] robot-arm-04: lubrication pump cycle complete
2026-05-23T15:06:30Z [LUBRICATION][INFO] robot-arm-04: vision inspection pass
2026-05-23T15:06:45Z [VISION-SYS][WARN] robot-arm-04: temperature nominal: 24.7 C
2026-05-23T15:07:00Z [PLC-CTRL][WARN] robot-arm-04: heartbeat OK
2026-05-23T15:07:15Z [CONVEYOR][INFO] robot-arm-04: motion cycle complete
2026-05-23T15:07:30Z [LUBRICATION][ERROR] robot-arm-04: cycle count: 1203475
2026-05-23T15:07:45Z [SAFETY-MON][INFO] robot-arm-04: heartbeat OK
2026-05-23T15:08:00Z [VISION-SYS][INFO] robot-arm-04: temperature nominal: 82.3 C
2026-05-23T15:08:15Z [SAFETY-MON][WARN] robot-arm-04: lubrication pump cycle complete
2026-05-23T15:08:30Z [MOTOR-DRV][ERROR] robot-arm-04: joint load within bounds
2026-05-23T15:08:45Z [SAFETY-MON][WARN] robot-arm-04: vision inspection pass
2026-05-23T15:09:00Z [CONVEYOR][ERROR] robot-arm-04: temperature nominal: 20.2 C
2026-05-23T15:09:15Z [SAFETY-MON][INFO] robot-arm-04: vision inspection pass
2026-05-23T15:09:30Z [LUBRICATION][ERROR] robot-arm-04: temperature nominal: 67.4 C
2026-05-23T15:09:45Z [VISION-SYS][INFO] robot-arm-04: lubrication pump cycle complete
2026-05-23T15:10:00Z [VISION-SYS][INFO] robot-arm-04: servo response time: 7 ms
2026-05-23T15:10:15Z [PLC-CTRL][WARN] robot-arm-04: cycle count: 1209554
2026-05-23T15:10:30Z [SAFETY-MON][WARN] robot-arm-04: lubrication pump cycle complete
2026-05-23T15:10:45Z [LUBRICATION][WARN] robot-arm-04: vision inspection pass
2026-05-23T15:11:00Z [VISION-SYS][WARN] robot-arm-04: motion cycle complete
2026-05-23T15:11:15Z [MOTOR-DRV][INFO] robot-arm-04: motion cycle complete
2026-05-23T15:11:30Z [SAFETY-MON][INFO] robot-arm-04: conveyor speed: 939 rpm
2026-05-23T15:11:45Z [MOTOR-DRV][INFO] robot-arm-04: motion cycle complete
2026-05-23T15:12:00Z [VISION-SYS][INFO] robot-arm-04: motion cycle complete
2026-05-23T15:12:15Z [VISION-SYS][INFO] robot-arm-04: heartbeat OK
2026-05-23T15:12:30Z [VISION-SYS][INFO] robot-arm-04: vision inspection pass
2026-05-23T15:12:45Z [LUBRICATION][INFO] robot-arm-04: servo response time: 15 ms
2026-05-23T15:13:00Z [VISION-SYS][ERROR] robot-arm-04: cycle count: 1180725
2026-05-23T15:13:15Z [PLC-CTRL][INFO] robot-arm-04: lubrication pump cycle complete
2026-05-23T15:13:30Z [VISION-SYS][WARN] robot-arm-04: temperature nominal: 63.9 C
2026-05-23T15:13:45Z [LUBRICATION][INFO] robot-arm-04: heartbeat OK
2026-05-23T15:14:00Z [LUBRICATION][INFO] robot-arm-04: cycle count: 1029973
2026-05-23T15:14:15Z [LUBRICATION][WARN] robot-arm-04: encoder read: pos=262.07
2026-05-23T15:14:30Z [CONVEYOR][INFO] robot-arm-04: joint load within bounds
2026-05-23T15:14:45Z [LUBRICATION][INFO] robot-arm-04: temperature nominal: 59.4 C
2026-05-23T15:15:00Z [SAFETY-MON][INFO] robot-arm-04: joint load within bounds
2026-05-23T15:15:15Z [MOTOR-DRV][INFO] robot-arm-04: temperature nominal: 65.3 C
2026-05-23T15:15:30Z [CONVEYOR][ERROR] robot-arm-04: cycle count: 1286639
2026-05-23T15:15:45Z [LUBRICATION][INFO] robot-arm-04: lubrication pump cycle complete
2026-05-23T15:16:00Z [LUBRICATION][INFO] robot-arm-04: heartbeat OK
2026-05-23T15:16:15Z [CONVEYOR][WARN] robot-arm-04: heartbeat OK
2026-05-23T15:16:30Z [MOTOR-DRV][INFO] robot-arm-04: joint load within bounds
2026-05-23T15:16:45Z [VISION-SYS][INFO] robot-arm-04: joint load within bounds
2026-05-23T15:17:00Z [CONVEYOR][INFO] robot-arm-04: joint load within bounds
2026-05-23T15:17:15Z [PLC-CTRL][INFO] robot-arm-04: lubrication pump cycle complete
2026-05-23T15:17:30Z [CONVEYOR][INFO] robot-arm-04: cycle count: 1076923
2026-05-23T15:17:45Z [LUBRICATION][INFO] robot-arm-04: motion cycle complete
2026-05-23T15:18:00Z [CONVEYOR][WARN] robot-arm-04: temperature nominal: 42.0 C
2026-05-23T15:18:15Z [MOTOR-DRV][WARN] robot-arm-04: heartbeat OK
2026-05-23T15:18:30Z [PLC-CTRL][INFO] robot-arm-04: temperature nominal: 68.8 C
2026-05-23T15:18:45Z [MOTOR-DRV][INFO] robot-arm-04: cycle count: 1145979
2026-05-23T15:19:00Z [MOTOR-DRV][WARN] robot-arm-04: lubrication pump cycle complete
2026-05-23T15:19:15Z [MOTOR-DRV][INFO] robot-arm-04: vision inspection pass
2026-05-23T15:19:30Z [SAFETY-MON][INFO] robot-arm-04: heartbeat OK
2026-05-23T15:19:45Z [VISION-SYS][INFO] robot-arm-04: lubrication pump cycle complete
2026-05-23T15:20:00Z [LUBRICATION][ERROR] robot-arm-04: temperature nominal: 20.6 C
2026-05-23T15:20:15Z [VISION-SYS][INFO] robot-arm-04: servo response time: 15 ms
2026-05-23T15:20:30Z [PLC-CTRL][INFO] robot-arm-04: encoder read: pos=0.39
2026-05-23T15:20:45Z [LUBRICATION][ERROR] robot-arm-04: vision inspection pass
2026-05-23T15:21:00Z [MOTOR-DRV][WARN] robot-arm-04: encoder read: pos=32.63
2026-05-23T15:21:15Z [LUBRICATION][ERROR] robot-arm-04: encoder read: pos=243.81
2026-05-23T15:21:30Z [PLC-CTRL][ERROR] robot-arm-04: encoder read: pos=10.14
2026-05-23T15:21:45Z [PLC-CTRL][INFO] robot-arm-04: cycle count: 1180573
2026-05-23T15:22:00Z [PLC-CTRL][WARN] robot-arm-04: servo response time: 17 ms
2026-05-23T15:22:15Z [LUBRICATION][ERROR] robot-arm-04: motion cycle complete
2026-05-23T15:22:30Z [VISION-SYS][INFO] robot-arm-04: joint load within bounds
2026-05-23T15:22:45Z [MOTOR-DRV][WARN] robot-arm-04: conveyor speed: 1126 rpm
2026-05-23T15:23:00Z [VISION-SYS][INFO] robot-arm-04: cycle count: 1094613
2026-05-23T15:23:15Z [PLC-CTRL][INFO] robot-arm-04: conveyor speed: 1049 rpm
2026-05-23T15:23:30Z [LUBRICATION][ERROR] robot-arm-04: motion cycle complete
2026-05-23T15:23:45Z [VISION-SYS][WARN] robot-arm-04: encoder read: pos=191.45
2026-05-23T15:24:00Z [VISION-SYS][WARN] robot-arm-04: lubrication pump cycle complete
2026-05-23T15:24:15Z [LUBRICATION][INFO] robot-arm-04: motion cycle complete
2026-05-23T15:24:30Z [MOTOR-DRV][INFO] robot-arm-04: encoder read: pos=295.58
2026-05-23T15:24:45Z [MOTOR-DRV][INFO] robot-arm-04: heartbeat OK
2026-05-23T15:25:00Z [PLC-CTRL][INFO] robot-arm-04: temperature nominal: 76.3 C
2026-05-23T15:25:15Z [VISION-SYS][INFO] robot-arm-04: cycle count: 1113649
2026-05-23T15:25:30Z [MOTOR-DRV][INFO] robot-arm-04: encoder read: pos=169.81
2026-05-23T15:25:45Z [PLC-CTRL][INFO] robot-arm-04: conveyor speed: 1030 rpm
2026-05-23T15:26:00Z [CONVEYOR][INFO] robot-arm-04: motion cycle complete
2026-05-23T15:26:15Z [PLC-CTRL][ERROR] robot-arm-04: conveyor speed: 1003 rpm
2026-05-23T15:26:30Z [PLC-CTRL][INFO] robot-arm-04: heartbeat OK
2026-05-23T15:26:45Z [PLC-CTRL][ERROR] robot-arm-04: motion cycle complete
2026-05-23T15:27:00Z [CONVEYOR][INFO] robot-arm-04: cycle count: 1093581
2026-05-23T15:27:15Z [MOTOR-DRV][INFO] robot-arm-04: temperature nominal: 42.3 C
2026-05-23T15:27:30Z [LUBRICATION][INFO] robot-arm-04: encoder read: pos=76.50
2026-05-23T15:27:45Z [CONVEYOR][INFO] robot-arm-04: motion cycle complete
2026-05-23T15:28:00Z [LUBRICATION][WARN] robot-arm-04: cycle count: 1114780
2026-05-23T15:28:15Z [MOTOR-DRV][INFO] robot-arm-04: heartbeat OK
2026-05-23T15:28:30Z [VISION-SYS][ERROR] robot-arm-04: cycle count: 1282183
2026-05-23T15:28:45Z [SAFETY-MON][INFO] robot-arm-04: conveyor speed: 886 rpm
2026-05-23T15:29:00Z [LUBRICATION][INFO] robot-arm-04: cycle count: 1114351
2026-05-23T15:29:15Z [SAFETY-MON][WARN] robot-arm-04: joint load within bounds
2026-05-23T15:29:30Z [CONVEYOR][WARN] robot-arm-04: conveyor speed: 952 rpm
2026-05-23T15:29:45Z [VISION-SYS][WARN] robot-arm-04: lubrication pump cycle complete
2026-05-23T15:30:00Z [VISION-SYS][INFO] robot-arm-04: servo response time: 14 ms
2026-05-23T15:30:15Z [VISION-SYS][INFO] robot-arm-04: joint load within bounds
2026-05-23T15:30:30Z [VISION-SYS][INFO] robot-arm-04: motion cycle complete
2026-05-23T15:30:45Z [CONVEYOR][INFO] robot-arm-04: encoder read: pos=268.28
2026-05-23T15:31:00Z [PLC-CTRL][WARN] robot-arm-04: heartbeat OK
2026-05-23T15:31:15Z [SAFETY-MON][WARN] robot-arm-04: servo response time: 9 ms
2026-05-23T15:31:30Z [CONVEYOR][INFO] robot-arm-04: cycle count: 1104285
2026-05-23T15:31:45Z [LUBRICATION][WARN] robot-arm-04: servo response time: 16 ms
2026-05-23T15:32:00Z [CONVEYOR][WARN] robot-arm-04: conveyor speed: 1002 rpm
2026-05-23T15:32:15Z [PLC-CTRL][WARN] robot-arm-04: vision inspection pass
2026-05-23T15:32:30Z [CONVEYOR][WARN] robot-arm-04: motion cycle complete
2026-05-23T15:32:45Z [CONVEYOR][ERROR] robot-arm-04: heartbeat OK
2026-05-23T15:33:00Z [CONVEYOR][WARN] robot-arm-04: lubrication pump cycle complete
2026-05-23T15:33:15Z [CONVEYOR][ERROR] robot-arm-04: conveyor speed: 902 rpm
2026-05-23T15:33:30Z [PLC-CTRL][INFO] robot-arm-04: vision inspection pass
2026-05-23T15:33:45Z [CONVEYOR][INFO] robot-arm-04: motion cycle complete
2026-05-23T15:34:00Z [PLC-CTRL][INFO] robot-arm-04: temperature nominal: 23.1 C
2026-05-23T15:34:15Z [LUBRICATION][ERROR] robot-arm-04: motion cycle complete
2026-05-23T15:34:30Z [LUBRICATION][INFO] robot-arm-04: lubrication pump cycle complete
2026-05-23T15:34:45Z [PLC-CTRL][INFO] robot-arm-04: joint load within bounds
2026-05-23T15:35:00Z [VISION-SYS][WARN] robot-arm-04: cycle count: 1276011
2026-05-23T15:35:15Z [VISION-SYS][ERROR] robot-arm-04: lubrication pump cycle complete
2026-05-23T15:35:30Z [MOTOR-DRV][INFO] robot-arm-04: lubrication pump cycle complete
2026-05-23T15:35:45Z [CONVEYOR][INFO] robot-arm-04: vision inspection pass
2026-05-23T15:36:00Z [PLC-CTRL][WARN] robot-arm-04: temperature nominal: 59.0 C
2026-05-23T15:36:15Z [LUBRICATION][INFO] robot-arm-04: encoder read: pos=214.94
2026-05-23T15:36:30Z [MOTOR-DRV][ERROR] robot-arm-04: temperature nominal: 84.0 C
2026-05-23T15:36:45Z [LUBRICATION][INFO] robot-arm-04: conveyor speed: 896 rpm
2026-05-23T15:37:00Z [MOTOR-DRV][INFO] robot-arm-04: cycle count: 1263788
2026-05-23T15:37:15Z [MOTOR-DRV][ERROR] robot-arm-04: joint load within bounds
2026-05-23T15:37:30Z [MOTOR-DRV][ERROR] robot-arm-04: cycle count: 1186713
2026-05-23T15:37:45Z [LUBRICATION][WARN] robot-arm-04: temperature nominal: 43.1 C
2026-05-23T15:38:00Z [CONVEYOR][INFO] robot-arm-04: joint load within bounds
2026-05-23T15:38:15Z [CONVEYOR][ERROR] robot-arm-04: conveyor speed: 869 rpm
2026-05-23T15:38:30Z [VISION-SYS][WARN] robot-arm-04: joint load within bounds
2026-05-23T15:38:45Z [SAFETY-MON][WARN] robot-arm-04: motion cycle complete
2026-05-23T15:39:00Z [VISION-SYS][WARN] robot-arm-04: conveyor speed: 1183 rpm
2026-05-23T15:39:15Z [CONVEYOR][WARN] robot-arm-04: encoder read: pos=65.09
2026-05-23T15:39:30Z [SAFETY-MON][WARN] robot-arm-04: servo response time: 18 ms
2026-05-23T15:39:45Z [SAFETY-MON][INFO] robot-arm-04: motion cycle complete
2026-05-23T15:40:00Z [PLC-CTRL][INFO] robot-arm-04: encoder read: pos=296.29
2026-05-23T15:40:15Z [VISION-SYS][WARN] robot-arm-04: cycle count: 1117034
2026-05-23T15:40:30Z [VISION-SYS][INFO] robot-arm-04: heartbeat OK
2026-05-23T15:40:45Z [MOTOR-DRV][INFO] robot-arm-04: lubrication pump cycle complete
2026-05-23T15:41:00Z [CONVEYOR][INFO] robot-arm-04: vision inspection pass
2026-05-23T15:41:15Z [LUBRICATION][INFO] robot-arm-04: vision inspection pass
2026-05-23T15:41:30Z [VISION-SYS][INFO] robot-arm-04: heartbeat OK
2026-05-23T15:41:45Z [MOTOR-DRV][ERROR] robot-arm-04: vision inspection pass
2026-05-23T15:42:00Z [MOTOR-DRV][INFO] robot-arm-04: motion cycle complete
2026-05-23T15:42:15Z [LUBRICATION][INFO] robot-arm-04: conveyor speed: 1161 rpm
2026-05-23T15:42:30Z [VISION-SYS][INFO] robot-arm-04: temperature nominal: 33.1 C
2026-05-23T15:42:45Z [CONVEYOR][WARN] robot-arm-04: joint load within bounds
2026-05-23T15:43:00Z [PLC-CTRL][INFO] robot-arm-04: servo response time: 3 ms
2026-05-23T15:43:15Z [MOTOR-DRV][ERROR] robot-arm-04: motion cycle complete
2026-05-23T15:43:30Z [PLC-CTRL][ERROR] robot-arm-04: heartbeat OK
2026-05-23T15:43:45Z [SAFETY-MON][WARN] robot-arm-04: servo response time: 8 ms
2026-05-23T15:44:00Z [PLC-CTRL][INFO] robot-arm-04: servo response time: 7 ms
2026-05-23T15:44:15Z [MOTOR-DRV][INFO] robot-arm-04: vision inspection pass
2026-05-23T15:44:30Z [CONVEYOR][WARN] robot-arm-04: motion cycle complete
2026-05-23T15:44:45Z [VISION-SYS][ERROR] robot-arm-04: temperature nominal: 37.3 C
2026-05-23T15:45:00Z [LUBRICATION][INFO] robot-arm-04: cycle count: 1005442
2026-05-23T15:45:15Z [LUBRICATION][ERROR] robot-arm-04: servo response time: 8 ms
2026-05-23T15:45:30Z [SAFETY-MON][INFO] robot-arm-04: servo response time: 14 ms
2026-05-23T15:45:45Z [VISION-SYS][ERROR] robot-arm-04: joint load within bounds
2026-05-23T15:46:00Z [LUBRICATION][INFO] robot-arm-04: heartbeat OK
2026-05-23T15:46:15Z [MOTOR-DRV][INFO] robot-arm-04: encoder read: pos=122.45
2026-05-23T15:46:30Z [MOTOR-DRV][ERROR] robot-arm-04: encoder read: pos=219.20
2026-05-23T15:46:45Z [LUBRICATION][INFO] robot-arm-04: temperature nominal: 72.9 C
2026-05-23T15:47:00Z [CONVEYOR][INFO] robot-arm-04: servo response time: 8 ms
2026-05-23T15:47:15Z [LUBRICATION][WARN] robot-arm-04: lubrication pump cycle complete
2026-05-23T15:47:30Z [PLC-CTRL][INFO] robot-arm-04: temperature nominal: 49.8 C
2026-05-23T15:47:45Z [MOTOR-DRV][WARN] robot-arm-04: lubrication pump cycle complete
2026-05-23T15:48:00Z [LUBRICATION][WARN] robot-arm-04: vision inspection pass
2026-05-23T15:48:15Z [PLC-CTRL][WARN] robot-arm-04: cycle count: 1167395
2026-05-23T15:48:30Z [SAFETY-MON][ERROR] robot-arm-04: lubrication pump cycle complete
2026-05-23T15:48:45Z [LUBRICATION][INFO] robot-arm-04: servo response time: 4 ms
2026-05-23T15:49:00Z [CONVEYOR][INFO] robot-arm-04: servo response time: 6 ms
2026-05-23T15:49:15Z [VISION-SYS][INFO] robot-arm-04: temperature nominal: 31.9 C
2026-05-23T15:49:30Z [CONVEYOR][INFO] robot-arm-04: temperature nominal: 63.8 C
2026-05-23T15:49:45Z [SAFETY-MON][INFO] robot-arm-04: cycle count: 1097159
2026-05-23T15:50:00Z [CONVEYOR][ERROR] robot-arm-04: conveyor speed: 826 rpm
2026-05-23T15:50:15Z [PLC-CTRL][INFO] robot-arm-04: lubrication pump cycle complete
2026-05-23T15:50:30Z [PLC-CTRL][INFO] robot-arm-04: vision inspection pass
2026-05-23T15:50:45Z [MOTOR-DRV][WARN] robot-arm-04: joint load within bounds
2026-05-23T15:51:00Z [MOTOR-DRV][WARN] robot-arm-04: lubrication pump cycle complete
2026-05-23T15:51:15Z [SAFETY-MON][WARN] robot-arm-04: temperature nominal: 47.6 C
2026-05-23T15:51:30Z [CONVEYOR][WARN] robot-arm-04: servo response time: 18 ms
2026-05-23T15:51:45Z [LUBRICATION][WARN] robot-arm-04: servo response time: 13 ms
2026-05-23T15:52:00Z [CONVEYOR][WARN] robot-arm-04: vision inspection pass
2026-05-23T15:52:15Z [SAFETY-MON][ERROR] robot-arm-04: servo response time: 7 ms
2026-05-23T15:52:30Z [LUBRICATION][INFO] robot-arm-04: vision inspection pass
2026-05-23T15:52:45Z [VISION-SYS][INFO] robot-arm-04: conveyor speed: 1170 rpm
2026-05-23T15:53:00Z [LUBRICATION][WARN] robot-arm-04: heartbeat OK
2026-05-23T15:53:15Z [LUBRICATION][INFO] robot-arm-04: joint load within bounds
2026-05-23T15:53:30Z [SAFETY-MON][INFO] robot-arm-04: heartbeat OK
2026-05-23T15:53:45Z [VISION-SYS][WARN] robot-arm-04: heartbeat OK
2026-05-23T15:54:00Z [LUBRICATION][INFO] robot-arm-04: joint load within bounds
2026-05-23T15:54:15Z [MOTOR-DRV][WARN] robot-arm-04: vision inspection pass
2026-05-23T15:54:30Z [CONVEYOR][INFO] robot-arm-04: motion cycle complete
2026-05-23T15:54:45Z [VISION-SYS][WARN] robot-arm-04: vision inspection pass
2026-05-23T15:55:00Z [LUBRICATION][WARN] robot-arm-04: heartbeat OK
2026-05-23T15:55:15Z [CONVEYOR][WARN] robot-arm-04: heartbeat OK
2026-05-23T15:55:30Z [CONVEYOR][WARN] robot-arm-04: heartbeat OK
2026-05-23T15:55:45Z [PLC-CTRL][ERROR] robot-arm-04: cycle count: 1257034
2026-05-23T15:56:00Z [SAFETY-MON][INFO] robot-arm-04: temperature nominal: 47.2 C
2026-05-23T15:56:15Z [CONVEYOR][INFO] robot-arm-04: lubrication pump cycle complete
2026-05-23T15:56:30Z [PLC-CTRL][WARN] robot-arm-04: encoder read: pos=19.85
2026-05-23T15:56:45Z [MOTOR-DRV][INFO] robot-arm-04: lubrication pump cycle complete
2026-05-23T15:57:00Z [MOTOR-DRV][ERROR] robot-arm-04: lubrication pump cycle complete
2026-05-23T15:57:15Z [PLC-CTRL][WARN] robot-arm-04: encoder read: pos=58.04
2026-05-23T15:57:30Z [VISION-SYS][INFO] robot-arm-04: joint load within bounds
2026-05-23T15:57:45Z [VISION-SYS][INFO] robot-arm-04: heartbeat OK
2026-05-23T15:58:00Z [SAFETY-MON][ERROR] robot-arm-04: vision inspection pass
2026-05-23T15:58:15Z [CONVEYOR][WARN] robot-arm-04: heartbeat OK
2026-05-23T15:58:30Z [MOTOR-DRV][WARN] robot-arm-04: joint load within bounds
2026-05-23T15:58:45Z [CONVEYOR][WARN] robot-arm-04: joint load within bounds
2026-05-23T15:59:00Z [CONVEYOR][INFO] robot-arm-04: servo response time: 15 ms
2026-05-23T15:59:15Z [VISION-SYS][WARN] robot-arm-04: cycle count: 1158927
2026-05-23T15:59:30Z [MOTOR-DRV][INFO] robot-arm-04: cycle count: 1115556
2026-05-23T15:59:45Z [CONVEYOR][WARN] robot-arm-04: cycle count: 1225618
2026-05-23T16:00:00Z [SAFETY-MON][ERROR] robot-arm-04: motion cycle complete
2026-05-23T16:00:15Z [SAFETY-MON][INFO] robot-arm-04: servo response time: 15 ms
2026-05-23T16:00:30Z [CONVEYOR][WARN] robot-arm-04: heartbeat OK
2026-05-23T16:00:45Z [CONVEYOR][WARN] robot-arm-04: encoder read: pos=257.83
2026-05-23T16:01:00Z [SAFETY-MON][WARN] robot-arm-04: joint load within bounds
2026-05-23T16:01:15Z [VISION-SYS][INFO] robot-arm-04: conveyor speed: 936 rpm
2026-05-23T16:01:30Z [CONVEYOR][ERROR] robot-arm-04: heartbeat OK
2026-05-23T16:01:45Z [LUBRICATION][WARN] robot-arm-04: conveyor speed: 852 rpm
2026-05-23T16:02:00Z [MOTOR-DRV][WARN] robot-arm-04: cycle count: 1192092
2026-05-23T16:02:15Z [MOTOR-DRV][ERROR] robot-arm-04: heartbeat OK
2026-05-23T16:02:30Z [PLC-CTRL][INFO] robot-arm-04: vision inspection pass
2026-05-23T16:02:45Z [MOTOR-DRV][WARN] robot-arm-04: encoder read: pos=133.84
2026-05-23T16:03:00Z [CONVEYOR][WARN] robot-arm-04: heartbeat OK
2026-05-23T16:03:15Z [LUBRICATION][ERROR] robot-arm-04: heartbeat OK
2026-05-23T16:03:30Z [SAFETY-MON][WARN] robot-arm-04: joint load within bounds
2026-05-23T16:03:45Z [PLC-CTRL][WARN] robot-arm-04: joint load within bounds
2026-05-23T16:04:00Z [MOTOR-DRV][WARN] robot-arm-04: joint load within bounds
2026-05-23T16:04:15Z [VISION-SYS][INFO] robot-arm-04: joint load within bounds
2026-05-23T16:04:30Z [MOTOR-DRV][WARN] robot-arm-04: servo response time: 6 ms
2026-05-23T16:04:45Z [SAFETY-MON][ERROR] robot-arm-04: temperature nominal: 80.7 C
2026-05-23T16:05:00Z [PLC-CTRL][ERROR] robot-arm-04: heartbeat OK
2026-05-23T16:05:15Z [PLC-CTRL][INFO] robot-arm-04: temperature nominal: 47.3 C
2026-05-23T16:05:30Z [VISION-SYS][INFO] robot-arm-04: lubrication pump cycle complete
2026-05-23T16:05:45Z [SAFETY-MON][WARN] robot-arm-04: servo response time: 16 ms
2026-05-23T16:06:00Z [LUBRICATION][INFO] robot-arm-04: temperature nominal: 25.5 C
2026-05-23T16:06:15Z [VISION-SYS][WARN] robot-arm-04: temperature nominal: 63.5 C
2026-05-23T16:06:30Z [PLC-CTRL][INFO] robot-arm-04: encoder read: pos=294.10
2026-05-23T16:06:45Z [SAFETY-MON][ERROR] robot-arm-04: temperature nominal: 58.3 C
2026-05-23T16:07:00Z [CONVEYOR][INFO] robot-arm-04: joint load within bounds
2026-05-23T16:07:15Z [PLC-CTRL][ERROR] robot-arm-04: joint load within bounds
2026-05-23T16:07:30Z [PLC-CTRL][INFO] robot-arm-04: cycle count: 1286613
2026-05-23T16:07:45Z [MOTOR-DRV][INFO] robot-arm-04: joint load within bounds
2026-05-23T16:08:00Z [CONVEYOR][WARN] robot-arm-04: conveyor speed: 976 rpm
2026-05-23T16:08:15Z [CONVEYOR][WARN] robot-arm-04: motion cycle complete
2026-05-23T16:08:30Z [MOTOR-DRV][WARN] robot-arm-04: joint load within bounds
2026-05-23T16:08:45Z [VISION-SYS][WARN] robot-arm-04: temperature nominal: 28.8 C
2026-05-23T16:09:00Z [LUBRICATION][ERROR] robot-arm-04: motion cycle complete
2026-05-23T16:09:15Z [VISION-SYS][INFO] robot-arm-04: vision inspection pass
2026-05-23T16:09:30Z [MOTOR-DRV][ERROR] robot-arm-04: vision inspection pass
2026-05-23T16:09:45Z [LUBRICATION][WARN] robot-arm-04: lubrication pump cycle complete
2026-05-23T16:10:00Z [CONVEYOR][INFO] robot-arm-04: encoder read: pos=108.60
2026-05-23T16:10:15Z [VISION-SYS][WARN] robot-arm-04: vision inspection pass
2026-05-23T16:10:30Z [VISION-SYS][INFO] robot-arm-04: temperature nominal: 82.9 C
2026-05-23T16:10:45Z [SAFETY-MON][ERROR] robot-arm-04: vision inspection pass
2026-05-23T16:11:00Z [LUBRICATION][WARN] robot-arm-04: servo response time: 2 ms
2026-05-23T16:11:15Z [PLC-CTRL][INFO] robot-arm-04: vision inspection pass
2026-05-23T16:11:30Z [MOTOR-DRV][WARN] robot-arm-04: servo response time: 17 ms
2026-05-23T16:11:45Z [CONVEYOR][INFO] robot-arm-04: heartbeat OK
2026-05-23T16:12:00Z [LUBRICATION][WARN] robot-arm-04: temperature nominal: 56.9 C
2026-05-23T16:12:15Z [LUBRICATION][WARN] robot-arm-04: motion cycle complete
2026-05-23T16:12:30Z [VISION-SYS][ERROR] robot-arm-04: conveyor speed: 1110 rpm
2026-05-23T16:12:45Z [SAFETY-MON][INFO] robot-arm-04: vision inspection pass
2026-05-23T16:13:00Z [SAFETY-MON][ERROR] robot-arm-04: conveyor speed: 921 rpm
2026-05-23T16:13:15Z [CONVEYOR][WARN] robot-arm-04: encoder read: pos=294.06
2026-05-23T16:13:30Z [LUBRICATION][ERROR] robot-arm-04: encoder read: pos=44.19
2026-05-23T16:13:45Z [MOTOR-DRV][ERROR] robot-arm-04: cycle count: 1205754
2026-05-23T16:14:00Z [VISION-SYS][INFO] robot-arm-04: servo response time: 14 ms
2026-05-23T16:14:15Z [CONVEYOR][INFO] robot-arm-04: vision inspection pass
2026-05-23T16:14:30Z [PLC-CTRL][INFO] robot-arm-04: joint load within bounds
2026-05-23T16:14:45Z [CONVEYOR][INFO] robot-arm-04: servo response time: 18 ms
2026-05-23T16:15:00Z [CONVEYOR][INFO] robot-arm-04: temperature nominal: 30.0 C
2026-05-23T16:15:15Z [VISION-SYS][INFO] robot-arm-04: vision inspection pass
2026-05-23T16:15:30Z [LUBRICATION][WARN] robot-arm-04: heartbeat OK
2026-05-23T16:15:45Z [PLC-CTRL][ERROR] robot-arm-04: servo response time: 4 ms
2026-05-23T16:16:00Z [VISION-SYS][WARN] robot-arm-04: motion cycle complete
2026-05-23T16:16:15Z [CONVEYOR][INFO] robot-arm-04: joint load within bounds
2026-05-23T16:16:30Z [SAFETY-MON][ERROR] robot-arm-04: conveyor speed: 963 rpm
2026-05-23T16:16:45Z [PLC-CTRL][INFO] robot-arm-04: lubrication pump cycle complete
2026-05-23T16:17:00Z [PLC-CTRL][ERROR] robot-arm-04: temperature nominal: 33.9 C
2026-05-23T16:17:15Z [MOTOR-DRV][WARN] robot-arm-04: joint load within bounds
2026-05-23T16:17:30Z [CONVEYOR][WARN] robot-arm-04: heartbeat OK
2026-05-23T16:17:45Z [VISION-SYS][INFO] robot-arm-04: servo response time: 9 ms
2026-05-23T16:18:00Z [PLC-CTRL][INFO] robot-arm-04: heartbeat OK
2026-05-23T16:18:15Z [CONVEYOR][INFO] robot-arm-04: lubrication pump cycle complete
2026-05-23T16:18:30Z [MOTOR-DRV][WARN] robot-arm-04: servo response time: 4 ms
2026-05-23T16:18:45Z [VISION-SYS][INFO] robot-arm-04: heartbeat OK
2026-05-23T16:19:00Z [MOTOR-DRV][ERROR] robot-arm-04: joint load within bounds
2026-05-23T16:19:15Z [LUBRICATION][WARN] robot-arm-04: conveyor speed: 926 rpm
2026-05-23T16:19:30Z [LUBRICATION][INFO] robot-arm-04: motion cycle complete
2026-05-23T16:19:45Z [MOTOR-DRV][WARN] robot-arm-04: lubrication pump cycle complete
2026-05-23T16:20:00Z [CONVEYOR][WARN] robot-arm-04: cycle count: 1154008
2026-05-23T16:20:15Z [MOTOR-DRV][INFO] robot-arm-04: encoder read: pos=141.05
2026-05-23T16:20:30Z [SAFETY-MON][WARN] robot-arm-04: joint load within bounds
2026-05-23T16:20:45Z [VISION-SYS][WARN] robot-arm-04: temperature nominal: 31.9 C
2026-05-23T16:21:00Z [PLC-CTRL][INFO] robot-arm-04: encoder read: pos=72.89
2026-05-23T16:21:15Z [SAFETY-MON][INFO] robot-arm-04: lubrication pump cycle complete
2026-05-23T16:21:30Z [SAFETY-MON][WARN] robot-arm-04: cycle count: 1234823
2026-05-23T16:21:45Z [LUBRICATION][INFO] robot-arm-04: encoder read: pos=102.80
2026-05-23T16:22:00Z [VISION-SYS][INFO] robot-arm-04: encoder read: pos=35.29
2026-05-23T16:22:15Z [SAFETY-MON][INFO] robot-arm-04: conveyor speed: 804 rpm
2026-05-23T16:22:30Z [VISION-SYS][INFO] robot-arm-04: servo response time: 13 ms
2026-05-23T16:22:45Z [MOTOR-DRV][INFO] robot-arm-04: joint load within bounds
2026-05-23T16:23:00Z [MOTOR-DRV][WARN] robot-arm-04: heartbeat OK
2026-05-23T16:23:15Z [LUBRICATION][INFO] robot-arm-04: temperature nominal: 60.5 C
2026-05-23T16:23:30Z [SAFETY-MON][WARN] robot-arm-04: servo response time: 15 ms
2026-05-23T16:23:45Z [VISION-SYS][INFO] robot-arm-04: heartbeat OK
2026-05-23T16:24:00Z [VISION-SYS][INFO] robot-arm-04: temperature nominal: 37.4 C
2026-05-23T16:24:15Z [MOTOR-DRV][WARN] robot-arm-04: servo response time: 11 ms
2026-05-23T16:24:30Z [VISION-SYS][WARN] robot-arm-04: lubrication pump cycle complete
2026-05-23T16:24:45Z [CONVEYOR][INFO] robot-arm-04: vision inspection pass
2026-05-23T16:25:00Z [PLC-CTRL][INFO] robot-arm-04: motion cycle complete
2026-05-23T16:25:15Z [VISION-SYS][WARN] robot-arm-04: motion cycle complete
2026-05-23T16:25:30Z [PLC-CTRL][INFO] robot-arm-04: vision inspection pass
2026-05-23T16:25:45Z [MOTOR-DRV][WARN] robot-arm-04: conveyor speed: 842 rpm
2026-05-23T16:26:00Z [VISION-SYS][INFO] robot-arm-04: motion cycle complete
2026-05-23T16:26:15Z [MOTOR-DRV][WARN] robot-arm-04: heartbeat OK
2026-05-23T16:26:30Z [CONVEYOR][INFO] robot-arm-04: servo response time: 14 ms
2026-05-23T16:26:45Z [MOTOR-DRV][ERROR] robot-arm-04: cycle count: 1168887
2026-05-23T16:27:00Z [SAFETY-MON][ERROR] robot-arm-04: vision inspection pass
2026-05-23T16:27:15Z [PLC-CTRL][INFO] robot-arm-04: lubrication pump cycle complete
2026-05-23T16:27:30Z [PLC-CTRL][INFO] robot-arm-04: encoder read: pos=30.39
2026-05-23T16:27:45Z [PLC-CTRL][INFO] robot-arm-04: conveyor speed: 1155 rpm
2026-05-23T16:28:00Z [LUBRICATION][INFO] robot-arm-04: encoder read: pos=292.66
2026-05-23T16:28:15Z [LUBRICATION][ERROR] robot-arm-04: joint load within bounds
2026-05-23T16:28:30Z [MOTOR-DRV][ERROR] robot-arm-04: encoder read: pos=32.48
2026-05-23T16:28:45Z [SAFETY-MON][WARN] robot-arm-04: temperature nominal: 56.6 C
2026-05-23T16:29:00Z [SAFETY-MON][INFO] robot-arm-04: conveyor speed: 999 rpm
2026-05-23T16:29:15Z [PLC-CTRL][INFO] robot-arm-04: heartbeat OK
2026-05-23T16:29:30Z [SAFETY-MON][INFO] robot-arm-04: motion cycle complete
2026-05-23T16:29:45Z [MOTOR-DRV][INFO] robot-arm-04: joint load within bounds
2026-05-23T16:30:00Z [LUBRICATION][INFO] robot-arm-04: cycle count: 1159938
2026-05-23T16:30:15Z [MOTOR-DRV][INFO] robot-arm-04: lubrication pump cycle complete
2026-05-23T16:30:30Z [VISION-SYS][ERROR] robot-arm-04: motion cycle complete
2026-05-23T16:30:45Z [CONVEYOR][WARN] robot-arm-04: temperature nominal: 63.6 C
2026-05-23T16:31:00Z [LUBRICATION][INFO] robot-arm-04: lubrication pump cycle complete
2026-05-23T16:31:15Z [LUBRICATION][INFO] robot-arm-04: joint load within bounds
2026-05-23T16:31:30Z [LUBRICATION][INFO] robot-arm-04: vision inspection pass
2026-05-23T16:31:45Z [CONVEYOR][WARN] robot-arm-04: lubrication pump cycle complete
2026-05-23T16:32:00Z [MOTOR-DRV][INFO] robot-arm-04: encoder read: pos=89.46
2026-05-23T16:32:15Z [PLC-CTRL][WARN] robot-arm-04: lubrication pump cycle complete
2026-05-23T16:32:30Z [SAFETY-MON][INFO] robot-arm-04: lubrication pump cycle complete
2026-05-23T16:32:45Z [MOTOR-DRV][INFO] robot-arm-04: joint load within bounds
2026-05-23T16:33:00Z [CONVEYOR][WARN] robot-arm-04: cycle count: 1049199
2026-05-23T16:33:15Z [PLC-CTRL][INFO] robot-arm-04: conveyor speed: 1130 rpm
2026-05-23T16:33:30Z [PLC-CTRL][INFO] robot-arm-04: servo response time: 10 ms
2026-05-23T16:33:45Z [CONVEYOR][WARN] robot-arm-04: heartbeat OK
2026-05-23T16:34:00Z [CONVEYOR][ERROR] robot-arm-04: encoder read: pos=8.16
2026-05-23T16:34:15Z [VISION-SYS][ERROR] robot-arm-04: vision inspection pass
2026-05-23T16:34:30Z [MOTOR-DRV][WARN] robot-arm-04: lubrication pump cycle complete
2026-05-23T16:34:45Z [MOTOR-DRV][ERROR] robot-arm-04: conveyor speed: 822 rpm
2026-05-23T16:35:00Z [MOTOR-DRV][WARN] robot-arm-04: conveyor speed: 878 rpm
2026-05-23T16:35:15Z [VISION-SYS][INFO] robot-arm-04: temperature nominal: 57.7 C
2026-05-23T16:35:30Z [SAFETY-MON][ERROR] robot-arm-04: encoder read: pos=27.29
2026-05-23T16:35:45Z [CONVEYOR][INFO] robot-arm-04: encoder read: pos=161.61
2026-05-23T16:36:00Z [VISION-SYS][ERROR] robot-arm-04: temperature nominal: 34.3 C
2026-05-23T16:36:15Z [CONVEYOR][INFO] robot-arm-04: heartbeat OK
2026-05-23T16:36:30Z [LUBRICATION][WARN] robot-arm-04: vision inspection pass
2026-05-23T16:36:45Z [SAFETY-MON][INFO] robot-arm-04: heartbeat OK
2026-05-23T16:37:00Z [PLC-CTRL][WARN] robot-arm-04: temperature nominal: 50.7 C
2026-05-23T16:37:15Z [SAFETY-MON][INFO] robot-arm-04: cycle count: 1063192
2026-05-23T16:37:30Z [SAFETY-MON][ERROR] robot-arm-04: encoder read: pos=150.17
2026-05-23T16:37:45Z [LUBRICATION][WARN] robot-arm-04: lubrication pump cycle complete
2026-05-23T16:38:00Z [SAFETY-MON][INFO] robot-arm-04: cycle count: 1284041
2026-05-23T16:38:15Z [CONVEYOR][ERROR] robot-arm-04: temperature nominal: 69.2 C
2026-05-23T16:38:30Z [SAFETY-MON][WARN] robot-arm-04: heartbeat OK
2026-05-23T16:38:45Z [CONVEYOR][INFO] robot-arm-04: joint load within bounds
2026-05-23T16:39:00Z [LUBRICATION][WARN] robot-arm-04: motion cycle complete
2026-05-23T16:39:15Z [VISION-SYS][ERROR] robot-arm-04: cycle count: 1285857
2026-05-23T16:39:30Z [PLC-CTRL][WARN] robot-arm-04: joint load within bounds
2026-05-23T16:39:45Z [LUBRICATION][INFO] robot-arm-04: joint load within bounds
2026-05-23T16:40:00Z [SAFETY-MON][WARN] robot-arm-04: vision inspection pass
2026-05-23T16:40:15Z [LUBRICATION][WARN] robot-arm-04: temperature nominal: 33.3 C
2026-05-23T16:40:30Z [CONVEYOR][WARN] robot-arm-04: vision inspection pass
2026-05-23T16:40:45Z [PLC-CTRL][ERROR] robot-arm-04: lubrication pump cycle complete
2026-05-23T16:41:00Z [LUBRICATION][ERROR] robot-arm-04: joint load within bounds
2026-05-23T16:41:15Z [MOTOR-DRV][INFO] robot-arm-04: joint load within bounds
2026-05-23T16:41:30Z [SAFETY-MON][INFO] robot-arm-04: vision inspection pass
2026-05-23T16:41:45Z [VISION-SYS][INFO] robot-arm-04: motion cycle complete
2026-05-23T16:42:00Z [SAFETY-MON][INFO] robot-arm-04: encoder read: pos=124.55
2026-05-23T16:42:15Z [MOTOR-DRV][INFO] robot-arm-04: temperature nominal: 57.6 C
2026-05-23T16:42:30Z [CONVEYOR][INFO] robot-arm-04: temperature nominal: 42.1 C
2026-05-23T16:42:45Z [SAFETY-MON][WARN] robot-arm-04: lubrication pump cycle complete
2026-05-23T16:43:00Z [CONVEYOR][WARN] robot-arm-04: temperature nominal: 42.9 C
2026-05-23T16:43:15Z [SAFETY-MON][WARN] robot-arm-04: cycle count: 1223937
2026-05-23T16:43:30Z [SAFETY-MON][INFO] robot-arm-04: heartbeat OK
2026-05-23T16:43:45Z [MOTOR-DRV][WARN] robot-arm-04: encoder read: pos=70.82
2026-05-23T16:44:00Z [LUBRICATION][WARN] robot-arm-04: heartbeat OK
2026-05-23T16:44:15Z [CONVEYOR][INFO] robot-arm-04: vision inspection pass
2026-05-23T16:44:30Z [LUBRICATION][WARN] robot-arm-04: vision inspection pass
2026-05-23T16:44:45Z [MOTOR-DRV][WARN] robot-arm-04: joint load within bounds
2026-05-23T16:45:00Z [PLC-CTRL][ERROR] robot-arm-04: conveyor speed: 1187 rpm
2026-05-23T16:45:15Z [SAFETY-MON][ERROR] robot-arm-04: temperature nominal: 42.2 C
2026-05-23T16:45:30Z [VISION-SYS][INFO] robot-arm-04: encoder read: pos=229.64
2026-05-23T16:45:45Z [SAFETY-MON][ERROR] robot-arm-04: conveyor speed: 1020 rpm
2026-05-23T16:46:00Z [CONVEYOR][INFO] robot-arm-04: vision inspection pass
2026-05-23T16:46:15Z [CONVEYOR][INFO] robot-arm-04: cycle count: 1236146
2026-05-23T16:46:30Z [PLC-CTRL][WARN] robot-arm-04: encoder read: pos=215.61
2026-05-23T16:46:45Z [PLC-CTRL][INFO] robot-arm-04: lubrication pump cycle complete
2026-05-23T16:47:00Z [VISION-SYS][INFO] robot-arm-04: motion cycle complete
2026-05-23T16:47:15Z [SAFETY-MON][WARN] robot-arm-04: temperature nominal: 69.1 C
2026-05-23T16:47:30Z [PLC-CTRL][INFO] robot-arm-04: joint load within bounds
2026-05-23T16:47:45Z [SAFETY-MON][ERROR] robot-arm-04: motion cycle complete
2026-05-23T16:48:00Z [MOTOR-DRV][WARN] robot-arm-04: motion cycle complete
2026-05-23T16:48:15Z [SAFETY-MON][INFO] robot-arm-04: joint load within bounds
2026-05-23T16:48:30Z [LUBRICATION][ERROR] robot-arm-04: temperature nominal: 23.6 C
2026-05-23T16:48:45Z [PLC-CTRL][INFO] robot-arm-04: vision inspection pass
2026-05-23T16:49:00Z [LUBRICATION][INFO] robot-arm-04: temperature nominal: 29.8 C
2026-05-23T16:49:15Z [PLC-CTRL][ERROR] robot-arm-04: motion cycle complete
2026-05-23T16:49:30Z [VISION-SYS][INFO] robot-arm-04: motion cycle complete
2026-05-23T16:49:45Z [LUBRICATION][WARN] robot-arm-04: heartbeat OK
2026-05-23T16:50:00Z [CONVEYOR][INFO] robot-arm-04: temperature nominal: 50.5 C
2026-05-23T16:50:15Z [LUBRICATION][INFO] robot-arm-04: servo response time: 10 ms
2026-05-23T16:50:30Z [VISION-SYS][ERROR] robot-arm-04: lubrication pump cycle complete
2026-05-23T16:50:45Z [VISION-SYS][INFO] robot-arm-04: conveyor speed: 1057 rpm
2026-05-23T16:51:00Z [LUBRICATION][INFO] robot-arm-04: heartbeat OK
2026-05-23T16:51:15Z [SAFETY-MON][INFO] robot-arm-04: servo response time: 10 ms
2026-05-23T16:51:30Z [MOTOR-DRV][WARN] robot-arm-04: heartbeat OK
2026-05-23T16:51:45Z [SAFETY-MON][ERROR] robot-arm-04: vision inspection pass
2026-05-23T16:52:00Z [LUBRICATION][WARN] robot-arm-04: conveyor speed: 918 rpm
2026-05-23T16:52:15Z [LUBRICATION][WARN] robot-arm-04: motion cycle complete
2026-05-23T16:52:30Z [CONVEYOR][WARN] robot-arm-04: heartbeat OK
2026-05-23T16:52:45Z [LUBRICATION][INFO] robot-arm-04: temperature nominal: 61.0 C
2026-05-23T16:53:00Z [PLC-CTRL][INFO] robot-arm-04: heartbeat OK
2026-05-23T16:53:15Z [CONVEYOR][WARN] robot-arm-04: joint load within bounds
2026-05-23T16:53:30Z [MOTOR-DRV][INFO] robot-arm-04: temperature nominal: 53.8 C
2026-05-23T16:53:45Z [CONVEYOR][INFO] robot-arm-04: temperature nominal: 74.6 C
2026-05-23T16:54:00Z [MOTOR-DRV][INFO] robot-arm-04: lubrication pump cycle complete
2026-05-23T16:54:15Z [CONVEYOR][WARN] robot-arm-04: motion cycle complete
2026-05-23T16:54:30Z [MOTOR-DRV][INFO] robot-arm-04: heartbeat OK
2026-05-23T16:54:45Z [SAFETY-MON][INFO] robot-arm-04: temperature nominal: 46.3 C
2026-05-23T16:55:00Z [MOTOR-DRV][ERROR] robot-arm-04: lubrication pump cycle complete
2026-05-23T16:55:15Z [PLC-CTRL][INFO] robot-arm-04: motion cycle complete
2026-05-23T16:55:30Z [VISION-SYS][INFO] robot-arm-04: motion cycle complete
2026-05-23T16:55:45Z [VISION-SYS][INFO] robot-arm-04: temperature nominal: 62.2 C
2026-05-23T16:56:00Z [SAFETY-MON][INFO] robot-arm-04: vision inspection pass
2026-05-23T16:56:15Z [PLC-CTRL][INFO] robot-arm-04: servo response time: 15 ms
2026-05-23T16:56:30Z [PLC-CTRL][INFO] robot-arm-04: joint load within bounds
2026-05-23T16:56:45Z [MOTOR-DRV][INFO] robot-arm-04: cycle count: 1197919
2026-05-23T16:57:00Z [VISION-SYS][INFO] robot-arm-04: cycle count: 1183634
2026-05-23T16:57:15Z [LUBRICATION][INFO] robot-arm-04: temperature nominal: 29.8 C
2026-05-23T16:57:30Z [VISION-SYS][INFO] robot-arm-04: lubrication pump cycle complete
2026-05-23T16:57:45Z [LUBRICATION][ERROR] robot-arm-04: conveyor speed: 1028 rpm
2026-05-23T16:58:00Z [VISION-SYS][ERROR] robot-arm-04: encoder read: pos=16.86
2026-05-23T16:58:15Z [SAFETY-MON][INFO] robot-arm-04: motion cycle complete
2026-05-23T16:58:30Z [MOTOR-DRV][ERROR] robot-arm-04: lubrication pump cycle complete
2026-05-23T16:58:45Z [VISION-SYS][WARN] robot-arm-04: temperature nominal: 74.3 C
2026-05-23T16:59:00Z [MOTOR-DRV][INFO] robot-arm-04: joint load within bounds
2026-05-23T16:59:15Z [VISION-SYS][WARN] robot-arm-04: servo response time: 11 ms
2026-05-23T16:59:30Z [VISION-SYS][ERROR] robot-arm-04: conveyor speed: 803 rpm
2026-05-23T16:59:45Z [PLC-CTRL][WARN] robot-arm-04: motion cycle complete
2026-05-23T17:00:00Z [SAFETY-MON][WARN] robot-arm-04: heartbeat OK
2026-05-23T17:00:15Z [SAFETY-MON][INFO] robot-arm-04: temperature nominal: 77.9 C
2026-05-23T17:00:30Z [SAFETY-MON][INFO] robot-arm-04: conveyor speed: 931 rpm
2026-05-23T17:00:45Z [SAFETY-MON][WARN] robot-arm-04: joint load within bounds
2026-05-23T17:01:00Z [VISION-SYS][WARN] robot-arm-04: cycle count: 1188089
2026-05-23T17:01:15Z [LUBRICATION][WARN] robot-arm-04: joint load within bounds
2026-05-23T17:01:30Z [SAFETY-MON][INFO] robot-arm-04: joint load within bounds
2026-05-23T17:01:45Z [PLC-CTRL][WARN] robot-arm-04: vision inspection pass
2026-05-23T17:02:00Z [PLC-CTRL][WARN] robot-arm-04: cycle count: 1144108
2026-05-23T17:02:15Z [PLC-CTRL][ERROR] robot-arm-04: vision inspection pass
2026-05-23T17:02:30Z [VISION-SYS][INFO] robot-arm-04: vision inspection pass
2026-05-23T17:02:45Z [LUBRICATION][WARN] robot-arm-04: motion cycle complete
2026-05-23T17:03:00Z [MOTOR-DRV][INFO] robot-arm-04: heartbeat OK
2026-05-23T17:03:15Z [CONVEYOR][WARN] robot-arm-04: servo response time: 8 ms
2026-05-23T17:03:30Z [VISION-SYS][ERROR] robot-arm-04: encoder read: pos=287.03
2026-05-23T17:03:45Z [PLC-CTRL][WARN] robot-arm-04: encoder read: pos=94.43
2026-05-23T17:04:00Z [MOTOR-DRV][INFO] robot-arm-04: joint load within bounds
2026-05-23T17:04:15Z [MOTOR-DRV][WARN] robot-arm-04: vision inspection pass
2026-05-23T17:04:30Z [PLC-CTRL][INFO] robot-arm-04: encoder read: pos=2.80
2026-05-23T17:04:45Z [MOTOR-DRV][WARN] robot-arm-04: motion cycle complete
2026-05-23T17:05:00Z [PLC-CTRL][WARN] robot-arm-04: heartbeat OK
2026-05-23T17:05:15Z [LUBRICATION][WARN] robot-arm-04: servo response time: 13 ms
2026-05-23T17:05:30Z [VISION-SYS][INFO] robot-arm-04: conveyor speed: 964 rpm
2026-05-23T17:05:45Z [MOTOR-DRV][WARN] robot-arm-04: joint load within bounds
2026-05-23T17:06:00Z [PLC-CTRL][INFO] robot-arm-04: conveyor speed: 1043 rpm
2026-05-23T17:06:15Z [LUBRICATION][INFO] robot-arm-04: conveyor speed: 1168 rpm
2026-05-23T17:06:30Z [SAFETY-MON][WARN] robot-arm-04: cycle count: 1092489
2026-05-23T17:06:45Z [CONVEYOR][INFO] robot-arm-04: lubrication pump cycle complete
2026-05-23T17:07:00Z [SAFETY-MON][ERROR] robot-arm-04: encoder read: pos=302.85
2026-05-23T17:07:15Z [MOTOR-DRV][ERROR] robot-arm-04: heartbeat OK
2026-05-23T17:07:30Z [CONVEYOR][INFO] robot-arm-04: temperature nominal: 76.3 C
2026-05-23T17:07:45Z [PLC-CTRL][WARN] robot-arm-04: motion cycle complete
2026-05-23T17:08:00Z [SAFETY-MON][INFO] robot-arm-04: conveyor speed: 1124 rpm
2026-05-23T17:08:15Z [SAFETY-MON][WARN] robot-arm-04: lubrication pump cycle complete
2026-05-23T17:08:30Z [CONVEYOR][INFO] robot-arm-04: conveyor speed: 1191 rpm
2026-05-23T17:08:45Z [CONVEYOR][WARN] robot-arm-04: joint load within bounds
2026-05-23T17:09:00Z [LUBRICATION][INFO] robot-arm-04: encoder read: pos=268.36
2026-05-23T17:09:15Z [LUBRICATION][ERROR] robot-arm-04: vision inspection pass
2026-05-23T17:09:30Z [PLC-CTRL][INFO] robot-arm-04: joint load within bounds
2026-05-23T17:09:45Z [SAFETY-MON][INFO] robot-arm-04: temperature nominal: 32.2 C
2026-05-23T17:10:00Z [CONVEYOR][WARN] robot-arm-04: temperature nominal: 58.0 C
2026-05-23T17:10:15Z [CONVEYOR][ERROR] robot-arm-04: encoder read: pos=91.51
2026-05-23T17:10:30Z [CONVEYOR][WARN] robot-arm-04: temperature nominal: 61.4 C
2026-05-23T17:10:45Z [MOTOR-DRV][WARN] robot-arm-04: motion cycle complete
2026-05-23T17:11:00Z [VISION-SYS][INFO] robot-arm-04: servo response time: 11 ms
2026-05-23T17:11:15Z [MOTOR-DRV][INFO] robot-arm-04: temperature nominal: 34.1 C
2026-05-23T17:11:30Z [SAFETY-MON][WARN] robot-arm-04: cycle count: 1041017
2026-05-23T17:11:45Z [MOTOR-DRV][INFO] robot-arm-04: servo response time: 13 ms
2026-05-23T17:12:00Z [CONVEYOR][INFO] robot-arm-04: motion cycle complete
2026-05-23T17:12:15Z [CONVEYOR][INFO] robot-arm-04: joint load within bounds
2026-05-23T17:12:30Z [CONVEYOR][WARN] robot-arm-04: cycle count: 1114960
2026-05-23T17:12:45Z [LUBRICATION][INFO] robot-arm-04: temperature nominal: 47.3 C
2026-05-23T17:13:00Z [CONVEYOR][WARN] robot-arm-04: conveyor speed: 1139 rpm
2026-05-23T17:13:15Z [CONVEYOR][ERROR] robot-arm-04: conveyor speed: 861 rpm
2026-05-23T17:13:30Z [PLC-CTRL][INFO] robot-arm-04: vision inspection pass
2026-05-23T17:13:45Z [PLC-CTRL][ERROR] robot-arm-04: cycle count: 1107727
2026-05-23T17:14:00Z [PLC-CTRL][INFO] robot-arm-04: cycle count: 1270995
2026-05-23T17:14:15Z [SAFETY-MON][INFO] robot-arm-04: heartbeat OK
2026-05-23T17:14:30Z [LUBRICATION][WARN] robot-arm-04: servo response time: 9 ms
2026-05-23T17:14:45Z [PLC-CTRL][INFO] robot-arm-04: joint load within bounds
2026-05-23T17:15:00Z [SAFETY-MON][INFO] robot-arm-04: cycle count: 1102089
2026-05-23T17:15:15Z [SAFETY-MON][INFO] robot-arm-04: temperature nominal: 63.0 C
2026-05-23T17:15:30Z [MOTOR-DRV][WARN] robot-arm-04: servo response time: 10 ms
2026-05-23T17:15:45Z [SAFETY-MON][INFO] robot-arm-04: vision inspection pass
2026-05-23T17:16:00Z [PLC-CTRL][ERROR] robot-arm-04: encoder read: pos=358.93
2026-05-23T17:16:15Z [CONVEYOR][INFO] robot-arm-04: conveyor speed: 1082 rpm
2026-05-23T17:16:30Z [SAFETY-MON][ERROR] robot-arm-04: conveyor speed: 967 rpm
2026-05-23T17:16:45Z [VISION-SYS][INFO] robot-arm-04: vision inspection pass
2026-05-23T17:17:00Z [LUBRICATION][ERROR] robot-arm-04: conveyor speed: 1115 rpm
2026-05-23T17:17:15Z [MOTOR-DRV][WARN] robot-arm-04: joint load within bounds
2026-05-23T17:17:30Z [CONVEYOR][INFO] robot-arm-04: vision inspection pass
2026-05-23T17:17:45Z [SAFETY-MON][INFO] robot-arm-04: heartbeat OK
2026-05-23T17:18:00Z [VISION-SYS][ERROR] robot-arm-04: vision inspection pass
2026-05-23T17:18:15Z [LUBRICATION][INFO] robot-arm-04: cycle count: 1235430
2026-05-23T17:18:30Z [CONVEYOR][WARN] robot-arm-04: cycle count: 1210459
2026-05-23T17:18:45Z [MOTOR-DRV][INFO] robot-arm-04: motion cycle complete
2026-05-23T17:19:00Z [PLC-CTRL][INFO] robot-arm-04: conveyor speed: 870 rpm
2026-05-23T17:19:15Z [VISION-SYS][WARN] robot-arm-04: encoder read: pos=226.67
2026-05-23T17:19:30Z [LUBRICATION][WARN] robot-arm-04: encoder read: pos=261.63
2026-05-23T17:19:45Z [MOTOR-DRV][INFO] robot-arm-04: lubrication pump cycle complete
2026-05-23T17:20:00Z [PLC-CTRL][WARN] robot-arm-04: conveyor speed: 1100 rpm
2026-05-23T17:20:15Z [PLC-CTRL][INFO] robot-arm-04: temperature nominal: 27.2 C
2026-05-23T17:20:30Z [CONVEYOR][WARN] robot-arm-04: motion cycle complete
2026-05-23T17:20:45Z [LUBRICATION][INFO] robot-arm-04: cycle count: 1027820
2026-05-23T17:21:00Z [SAFETY-MON][WARN] robot-arm-04: joint load within bounds
2026-05-23T17:21:15Z [PLC-CTRL][INFO] robot-arm-04: servo response time: 13 ms
2026-05-23T17:21:30Z [PLC-CTRL][INFO] robot-arm-04: temperature nominal: 39.0 C
2026-05-23T17:21:45Z [VISION-SYS][WARN] robot-arm-04: vision inspection pass
2026-05-23T17:22:00Z [MOTOR-DRV][WARN] robot-arm-04: servo response time: 10 ms
2026-05-23T17:22:15Z [VISION-SYS][ERROR] robot-arm-04: encoder read: pos=266.32
2026-05-23T17:22:30Z [PLC-CTRL][INFO] robot-arm-04: servo response time: 10 ms
2026-05-23T17:22:45Z [MOTOR-DRV][INFO] robot-arm-04: conveyor speed: 1017 rpm
2026-05-23T17:23:00Z [MOTOR-DRV][INFO] robot-arm-04: heartbeat OK
2026-05-23T17:23:15Z [PLC-CTRL][ERROR] robot-arm-04: heartbeat OK
2026-05-23T17:23:30Z [LUBRICATION][INFO] robot-arm-04: cycle count: 1266555
2026-05-23T17:23:45Z [VISION-SYS][INFO] robot-arm-04: vision inspection pass
2026-05-23T17:24:00Z [MOTOR-DRV][WARN] robot-arm-04: encoder read: pos=327.89
2026-05-23T17:24:15Z [SAFETY-MON][WARN] robot-arm-04: heartbeat OK
2026-05-23T17:24:30Z [VISION-SYS][WARN] robot-arm-04: heartbeat OK
2026-05-23T17:24:45Z [VISION-SYS][WARN] robot-arm-04: heartbeat OK
2026-05-23T17:25:00Z [MOTOR-DRV][WARN] robot-arm-04: motion cycle complete
2026-05-23T17:25:15Z [MOTOR-DRV][WARN] robot-arm-04: servo response time: 16 ms
2026-05-23T17:25:30Z [SAFETY-MON][INFO] robot-arm-04: encoder read: pos=171.95
2026-05-23T17:25:45Z [CONVEYOR][INFO] robot-arm-04: motion cycle complete
2026-05-23T17:26:00Z [VISION-SYS][WARN] robot-arm-04: joint load within bounds
2026-05-23T17:26:15Z [MOTOR-DRV][WARN] robot-arm-04: cycle count: 1299209
2026-05-23T17:26:30Z [SAFETY-MON][WARN] robot-arm-04: joint load within bounds
2026-05-23T17:26:45Z [MOTOR-DRV][WARN] robot-arm-04: motion cycle complete
2026-05-23T17:27:00Z [VISION-SYS][WARN] robot-arm-04: heartbeat OK
2026-05-23T17:27:15Z [MOTOR-DRV][INFO] robot-arm-04: conveyor speed: 895 rpm
2026-05-23T17:27:30Z [PLC-CTRL][WARN] robot-arm-04: cycle count: 1075989
2026-05-23T17:27:45Z [LUBRICATION][INFO] robot-arm-04: motion cycle complete
2026-05-23T17:28:00Z [LUBRICATION][INFO] robot-arm-04: lubrication pump cycle complete
2026-05-23T17:28:15Z [MOTOR-DRV][WARN] robot-arm-04: temperature nominal: 57.2 C
2026-05-23T17:28:30Z [MOTOR-DRV][WARN] robot-arm-04: joint load within bounds
2026-05-23T17:28:45Z [SAFETY-MON][WARN] robot-arm-04: joint load within bounds
2026-05-23T17:29:00Z [VISION-SYS][INFO] robot-arm-04: cycle count: 1296347
2026-05-23T17:29:15Z [PLC-CTRL][WARN] robot-arm-04: cycle count: 1235989
2026-05-23T17:29:30Z [CONVEYOR][INFO] robot-arm-04: temperature nominal: 69.2 C
2026-05-23T17:29:45Z [CONVEYOR][INFO] robot-arm-04: conveyor speed: 837 rpm
2026-05-23T17:30:00Z [SAFETY-MON][WARN] robot-arm-04: heartbeat OK
2026-05-23T17:30:15Z [MOTOR-DRV][INFO] robot-arm-04: encoder read: pos=97.56
2026-05-23T17:30:30Z [LUBRICATION][WARN] robot-arm-04: cycle count: 1234807
2026-05-23T17:30:45Z [SAFETY-MON][WARN] robot-arm-04: cycle count: 1062776
2026-05-23T17:31:00Z [LUBRICATION][ERROR] robot-arm-04: conveyor speed: 978 rpm
2026-05-23T17:31:15Z [MOTOR-DRV][INFO] robot-arm-04: joint load within bounds
2026-05-23T17:31:30Z [CONVEYOR][INFO] robot-arm-04: motion cycle complete
2026-05-23T17:31:45Z [MOTOR-DRV][INFO] robot-arm-04: lubrication pump cycle complete
2026-05-23T17:32:00Z [PLC-CTRL][WARN] robot-arm-04: servo response time: 5 ms
2026-05-23T17:32:15Z [CONVEYOR][INFO] robot-arm-04: heartbeat OK
2026-05-23T17:32:30Z [SAFETY-MON][INFO] robot-arm-04: vision inspection pass
2026-05-23T17:32:45Z [VISION-SYS][INFO] robot-arm-04: lubrication pump cycle complete
2026-05-23T17:33:00Z [SAFETY-MON][ERROR] robot-arm-04: joint load within bounds
2026-05-23T17:33:15Z [CONVEYOR][ERROR] robot-arm-04: lubrication pump cycle complete
2026-05-23T17:33:30Z [SAFETY-MON][INFO] robot-arm-04: conveyor speed: 883 rpm
2026-05-23T17:33:45Z [LUBRICATION][WARN] robot-arm-04: motion cycle complete
2026-05-23T17:34:00Z [PLC-CTRL][INFO] robot-arm-04: temperature nominal: 27.3 C
2026-05-23T17:34:15Z [MOTOR-DRV][INFO] robot-arm-04: servo response time: 14 ms
2026-05-23T17:34:30Z [PLC-CTRL][WARN] robot-arm-04: temperature nominal: 58.0 C
2026-05-23T17:34:45Z [VISION-SYS][ERROR] robot-arm-04: cycle count: 1281396
2026-05-23T17:35:00Z [SAFETY-MON][INFO] robot-arm-04: cycle count: 1267494
2026-05-23T17:35:15Z [VISION-SYS][INFO] robot-arm-04: conveyor speed: 1077 rpm
2026-05-23T17:35:30Z [LUBRICATION][WARN] robot-arm-04: heartbeat OK
2026-05-23T17:35:45Z [MOTOR-DRV][INFO] robot-arm-04: motion cycle complete
2026-05-23T17:36:00Z [VISION-SYS][WARN] robot-arm-04: encoder read: pos=22.33
2026-05-23T17:36:15Z [MOTOR-DRV][ERROR] robot-arm-04: cycle count: 1129733
2026-05-23T17:36:30Z [SAFETY-MON][INFO] robot-arm-04: encoder read: pos=225.06
2026-05-23T17:36:45Z [SAFETY-MON][ERROR] robot-arm-04: heartbeat OK
2026-05-23T17:37:00Z [MOTOR-DRV][WARN] robot-arm-04: encoder read: pos=337.04
2026-05-23T17:37:15Z [VISION-SYS][WARN] robot-arm-04: motion cycle complete
2026-05-23T17:37:30Z [CONVEYOR][INFO] robot-arm-04: temperature nominal: 66.0 C
2026-05-23T17:37:45Z [VISION-SYS][INFO] robot-arm-04: heartbeat OK
2026-05-23T17:38:00Z [VISION-SYS][INFO] robot-arm-04: encoder read: pos=353.99
2026-05-23T17:38:15Z [MOTOR-DRV][INFO] robot-arm-04: joint load within bounds
2026-05-23T17:38:30Z [MOTOR-DRV][WARN] robot-arm-04: joint load within bounds
2026-05-23T17:38:45Z [MOTOR-DRV][INFO] robot-arm-04: vision inspection pass
2026-05-23T17:39:00Z [LUBRICATION][WARN] robot-arm-04: heartbeat OK
2026-05-23T17:39:15Z [LUBRICATION][INFO] robot-arm-04: servo response time: 12 ms
2026-05-23T17:39:30Z [LUBRICATION][ERROR] robot-arm-04: cycle count: 1202708
2026-05-23T17:39:45Z [VISION-SYS][INFO] robot-arm-04: motion cycle complete
