2026-05-23T02:15:45Z [FIREWALL] user session 711: login from 10.0.0.91
2026-05-23T22:32:42Z [BACKUP-SVC] metrics flush: 2178 points
2026-05-23T00:20:50Z [ERP-BRIDGE] memory pressure: 3011 MB free
2026-05-23T00:00:16Z [ERP-BRIDGE] config sync OK
2026-05-23T13:33:01Z [SCADA] config sync OK
2026-05-23T06:25:05Z [FIREWALL] certificate expiry check: 69 days remaining
2026-05-23T10:15:28Z [BACKUP-SVC] config sync OK
2026-05-23T02:12:30Z [METRICS-AGENT] backup written to /mnt/nas/daily_2026-05-07.tar.gz
2026-05-23T14:05:58Z [ERP-BRIDGE] health check passed
2026-05-23T23:32:36Z [ERP-BRIDGE] memory pressure: 1495 MB free
2026-05-23T01:55:59Z [MES] memory pressure: 3875 MB free
2026-05-23T13:13:44Z [BACKUP-SVC] backup written to /mnt/nas/daily_2026-05-09.tar.gz
2026-05-23T10:50:42Z [METRICS-AGENT] config sync OK
2026-05-23T16:44:54Z [MES] config sync OK
2026-05-23T09:28:28Z [BACKUP-SVC] metrics flush: 1013 points
2026-05-23T06:56:21Z [SCADA] backup written to /mnt/nas/daily_2026-05-20.tar.gz
2026-05-23T16:05:34Z [SCADA] memory pressure: 2087 MB free
2026-05-23T16:12:27Z [ERP-BRIDGE] metrics flush: 4683 points
2026-05-23T18:02:11Z [FIREWALL] connection pool: 50/100
2026-05-23T01:40:59Z [SCADA] metrics flush: 1263 points
2026-05-23T18:14:41Z [ERP-BRIDGE] metrics flush: 4703 points
2026-05-23T08:15:40Z [FIREWALL] user session 787: login from 10.0.0.113
2026-05-23T06:41:41Z [ERP-BRIDGE] certificate expiry check: 70 days remaining
2026-05-23T14:13:16Z [MES] memory pressure: 2537 MB free
2026-05-23T12:27:18Z [METRICS-AGENT] certificate expiry check: 287 days remaining
2026-05-23T03:17:53Z [BACKUP-SVC] health check passed
2026-05-23T22:16:58Z [SCADA] certificate expiry check: 164 days remaining
2026-05-23T12:53:50Z [FIREWALL] user session 813: login from 10.0.0.80
2026-05-23T22:11:55Z [METRICS-AGENT] metrics flush: 4882 points
2026-05-23T20:59:08Z [ERP-BRIDGE] metrics flush: 4528 points
2026-05-23T02:50:09Z [FIREWALL] health check passed
2026-05-23T12:40:24Z [ERP-BRIDGE] metrics flush: 2501 points
2026-05-23T07:58:30Z [FIREWALL] connection pool: 64/100
2026-05-23T20:38:14Z [MES] user session 771: login from 10.0.0.42
2026-05-23T21:38:37Z [SCADA] health check passed
2026-05-23T02:30:33Z [METRICS-AGENT] certificate expiry check: 211 days remaining
2026-05-23T05:36:10Z [METRICS-AGENT] config sync OK
2026-05-23T02:46:57Z [ERP-BRIDGE] user session 378: login from 10.0.0.42
2026-05-23T16:17:24Z [BACKUP-SVC] config sync OK
2026-05-23T00:41:53Z [MES] metrics flush: 2829 points
2026-05-23T01:00:41Z [MES] health check passed
2026-05-23T22:56:36Z [MES] disk usage: 43%
2026-05-23T06:26:27Z [SCADA] disk usage: 77%
2026-05-23T05:34:13Z [FIREWALL] memory pressure: 3062 MB free
2026-05-23T20:16:47Z [FIREWALL] health check passed
2026-05-23T11:40:57Z [SCADA] disk usage: 42%
2026-05-23T16:43:39Z [FIREWALL] disk usage: 59%
2026-05-23T20:47:48Z [ERP-BRIDGE] connection pool: 37/100
2026-05-23T02:26:50Z [ERP-BRIDGE] health check passed
2026-05-23T21:29:34Z [MES] user session 996: login from 10.0.0.157
2026-05-23T09:49:39Z [MES] config sync OK
2026-05-23T05:45:53Z [MES] health check passed
2026-05-23T23:16:12Z [FIREWALL] config sync OK
2026-05-23T06:34:23Z [ERP-BRIDGE] user session 584: login from 10.0.0.165
2026-05-23T21:38:51Z [MES] certificate expiry check: 159 days remaining
2026-05-23T20:22:46Z [FIREWALL] backup written to /mnt/nas/daily_2026-05-12.tar.gz
2026-05-23T08:28:52Z [SCADA] connection pool: 17/100
2026-05-23T03:25:52Z [BACKUP-SVC] certificate expiry check: 73 days remaining
2026-05-23T01:06:56Z [METRICS-AGENT] health check passed
2026-05-23T12:27:31Z [ERP-BRIDGE] memory pressure: 1136 MB free
2026-05-23T23:30:50Z [FIREWALL] memory pressure: 3290 MB free
2026-05-23T12:01:54Z [FIREWALL] config sync OK
2026-05-23T22:34:08Z [BACKUP-SVC] disk usage: 53%
2026-05-23T00:27:16Z [METRICS-AGENT] certificate expiry check: 54 days remaining
2026-05-23T00:37:47Z [MES] certificate expiry check: 105 days remaining
2026-05-23T14:24:10Z [MES] backup written to /mnt/nas/daily_2026-05-14.tar.gz
2026-05-23T21:29:45Z [SCADA] health check passed
2026-05-23T19:54:19Z [MES] disk usage: 65%
2026-05-23T22:57:53Z [MES] memory pressure: 1003 MB free
2026-05-23T05:56:39Z [METRICS-AGENT] certificate expiry check: 70 days remaining
2026-05-23T04:19:53Z [METRICS-AGENT] config sync OK
2026-05-23T20:37:51Z [SCADA] config sync OK
2026-05-23T07:21:33Z [BACKUP-SVC] metrics flush: 1785 points
2026-05-23T02:05:27Z [SCADA] certificate expiry check: 243 days remaining
2026-05-23T19:51:25Z [MES] health check passed
2026-05-23T06:54:15Z [FIREWALL] memory pressure: 3030 MB free
2026-05-23T01:26:15Z [BACKUP-SVC] disk usage: 65%
2026-05-23T19:04:52Z [MES] user session 979: login from 10.0.0.163
2026-05-23T01:29:51Z [FIREWALL] certificate expiry check: 193 days remaining
2026-05-23T00:12:05Z [SCADA] disk usage: 63%
2026-05-23T12:07:13Z [BACKUP-SVC] connection pool: 44/100
2026-05-23T19:44:35Z [ERP-BRIDGE] memory pressure: 3716 MB free
2026-05-23T02:18:31Z [FIREWALL] health check passed
2026-05-23T22:50:57Z [METRICS-AGENT] health check passed
2026-05-23T19:42:07Z [METRICS-AGENT] health check passed
2026-05-23T13:54:14Z [FIREWALL] health check passed
2026-05-23T21:27:39Z [MES] disk usage: 74%
2026-05-23T19:58:00Z [BACKUP-SVC] disk usage: 68%
2026-05-23T03:42:23Z [FIREWALL] health check passed
2026-05-23T05:45:02Z [METRICS-AGENT] certificate expiry check: 160 days remaining
2026-05-23T13:58:44Z [FIREWALL] user session 372: login from 10.0.0.112
2026-05-23T16:23:07Z [BACKUP-SVC] certificate expiry check: 320 days remaining
2026-05-23T07:08:54Z [BACKUP-SVC] memory pressure: 987 MB free
2026-05-23T07:19:17Z [FIREWALL] config sync OK
2026-05-23T01:38:47Z [SCADA] disk usage: 47%
2026-05-23T11:34:42Z [ERP-BRIDGE] connection pool: 27/100
2026-05-23T14:56:09Z [METRICS-AGENT] health check passed
2026-05-23T00:45:10Z [METRICS-AGENT] backup written to /mnt/nas/daily_2026-05-05.tar.gz
2026-05-23T16:49:20Z [FIREWALL] certificate expiry check: 71 days remaining
2026-05-23T18:28:05Z [FIREWALL] memory pressure: 3396 MB free
2026-05-23T10:58:05Z [ERP-BRIDGE] config sync OK
2026-05-23T18:58:01Z [FIREWALL] connection pool: 74/100
2026-05-23T06:33:04Z [ERP-BRIDGE] metrics flush: 2065 points
2026-05-23T16:20:16Z [FIREWALL] memory pressure: 3098 MB free
2026-05-23T20:52:37Z [METRICS-AGENT] connection pool: 27/100
2026-05-23T18:08:34Z [FIREWALL] health check passed
2026-05-23T17:03:07Z [BACKUP-SVC] health check passed
2026-05-23T03:41:27Z [FIREWALL] user session 973: login from 10.0.0.13
2026-05-23T11:24:08Z [BACKUP-SVC] health check passed
2026-05-23T04:22:25Z [SCADA] metrics flush: 1838 points
2026-05-23T21:22:27Z [METRICS-AGENT] health check passed
2026-05-23T22:44:28Z [FIREWALL] certificate expiry check: 64 days remaining
2026-05-23T04:54:16Z [METRICS-AGENT] disk usage: 55%
2026-05-23T23:01:18Z [BACKUP-SVC] memory pressure: 3467 MB free
2026-05-23T13:09:26Z [METRICS-AGENT] backup written to /mnt/nas/daily_2026-05-05.tar.gz
2026-05-23T22:12:59Z [SCADA] disk usage: 66%
2026-05-23T04:53:39Z [FIREWALL] connection pool: 53/100
2026-05-23T15:45:10Z [MES] memory pressure: 2406 MB free
2026-05-23T15:13:33Z [FIREWALL] backup written to /mnt/nas/daily_2026-05-15.tar.gz
2026-05-23T15:05:06Z [BACKUP-SVC] disk usage: 61%
2026-05-23T02:37:31Z [BACKUP-SVC] connection pool: 67/100
2026-05-23T23:16:30Z [MES] metrics flush: 4719 points
2026-05-23T12:09:57Z [SCADA] disk usage: 68%
2026-05-23T04:42:22Z [ERP-BRIDGE] memory pressure: 3100 MB free
2026-05-23T11:48:24Z [METRICS-AGENT] metrics flush: 4629 points
2026-05-23T18:36:11Z [FIREWALL] user session 349: login from 10.0.0.191
2026-05-23T01:46:17Z [METRICS-AGENT] connection pool: 58/100
2026-05-23T09:21:19Z [METRICS-AGENT] memory pressure: 1477 MB free
2026-05-23T10:20:53Z [FIREWALL] health check passed
2026-05-23T02:55:13Z [SCADA] backup written to /mnt/nas/daily_2026-05-03.tar.gz
2026-05-23T20:05:02Z [ERP-BRIDGE] backup written to /mnt/nas/daily_2026-05-18.tar.gz
2026-05-23T23:02:05Z [METRICS-AGENT] metrics flush: 3048 points
2026-05-23T04:22:01Z [ERP-BRIDGE] memory pressure: 2557 MB free
2026-05-23T05:01:52Z [METRICS-AGENT] memory pressure: 2373 MB free
2026-05-23T15:32:37Z [ERP-BRIDGE] health check passed
2026-05-23T07:57:11Z [BACKUP-SVC] health check passed
2026-05-23T15:15:08Z [ERP-BRIDGE] metrics flush: 1151 points
2026-05-23T13:33:23Z [BACKUP-SVC] health check passed
2026-05-23T17:06:47Z [MES] config sync OK
2026-05-23T10:05:11Z [METRICS-AGENT] backup written to /mnt/nas/daily_2026-05-04.tar.gz
2026-05-23T07:32:36Z [MES] metrics flush: 4371 points
2026-05-23T06:24:30Z [MES] certificate expiry check: 57 days remaining
2026-05-23T21:20:27Z [SCADA] health check passed
2026-05-23T21:42:09Z [METRICS-AGENT] memory pressure: 3899 MB free
2026-05-23T07:59:25Z [BACKUP-SVC] health check passed
2026-05-23T21:59:10Z [SCADA] user session 575: login from 10.0.0.207
2026-05-23T18:51:55Z [BACKUP-SVC] disk usage: 55%
2026-05-23T11:07:57Z [ERP-BRIDGE] memory pressure: 2182 MB free
2026-05-23T11:58:55Z [METRICS-AGENT] user session 646: login from 10.0.0.156
2026-05-23T21:09:11Z [METRICS-AGENT] user session 573: login from 10.0.0.232
2026-05-23T07:53:05Z [FIREWALL] config sync OK
2026-05-23T18:08:30Z [SCADA] user session 791: login from 10.0.0.43
2026-05-23T09:48:21Z [ERP-BRIDGE] metrics flush: 4232 points
2026-05-23T06:00:33Z [ERP-BRIDGE] connection pool: 48/100
2026-05-23T09:53:00Z [SCADA] user session 633: login from 10.0.0.226
2026-05-23T03:02:55Z [ERP-BRIDGE] certificate expiry check: 65 days remaining
2026-05-23T07:29:52Z [ERP-BRIDGE] config sync OK
2026-05-23T21:20:02Z [METRICS-AGENT] disk usage: 68%
2026-05-23T11:24:51Z [SCADA] config sync OK
2026-05-23T21:23:16Z [SCADA] connection pool: 42/100
2026-05-23T06:47:47Z [SCADA] metrics flush: 3683 points
2026-05-23T13:03:35Z [ERP-BRIDGE] metrics flush: 4037 points
2026-05-23T08:47:47Z [ERP-BRIDGE] backup written to /mnt/nas/daily_2026-05-03.tar.gz
2026-05-23T13:14:24Z [BACKUP-SVC] disk usage: 59%
2026-05-23T00:10:50Z [MES] disk usage: 84%
2026-05-23T23:17:10Z [MES] memory pressure: 2543 MB free
2026-05-23T23:23:47Z [BACKUP-SVC] health check passed
2026-05-23T11:27:35Z [BACKUP-SVC] health check passed
2026-05-23T10:56:39Z [BACKUP-SVC] memory pressure: 791 MB free
2026-05-23T12:00:34Z [ERP-BRIDGE] user session 495: login from 10.0.0.26
2026-05-23T08:57:20Z [SCADA] health check passed
2026-05-23T04:07:47Z [SCADA] certificate expiry check: 295 days remaining
2026-05-23T06:51:55Z [BACKUP-SVC] health check passed
2026-05-23T06:31:28Z [ERP-BRIDGE] connection pool: 43/100
2026-05-23T17:15:57Z [ERP-BRIDGE] backup written to /mnt/nas/daily_2026-05-10.tar.gz
2026-05-23T14:18:36Z [FIREWALL] disk usage: 84%
2026-05-23T10:25:26Z [FIREWALL] config sync OK
2026-05-23T19:15:51Z [MES] user session 362: login from 10.0.0.122
2026-05-23T06:02:17Z [SCADA] config sync OK
2026-05-23T10:17:57Z [SCADA] config sync OK
2026-05-23T10:55:55Z [BACKUP-SVC] certificate expiry check: 234 days remaining
2026-05-23T22:48:44Z [FIREWALL] connection pool: 84/100
2026-05-23T07:48:20Z [SCADA] user session 581: login from 10.0.0.47
2026-05-23T20:01:54Z [BACKUP-SVC] certificate expiry check: 285 days remaining
2026-05-23T14:17:59Z [SCADA] backup written to /mnt/nas/daily_2026-05-22.tar.gz
2026-05-23T02:46:26Z [ERP-BRIDGE] health check passed
2026-05-23T23:57:31Z [METRICS-AGENT] memory pressure: 1332 MB free
2026-05-23T13:19:11Z [ERP-BRIDGE] memory pressure: 3448 MB free
2026-05-23T00:11:45Z [FIREWALL] memory pressure: 685 MB free
2026-05-23T15:25:33Z [METRICS-AGENT] certificate expiry check: 273 days remaining
2026-05-23T04:24:36Z [BACKUP-SVC] metrics flush: 1893 points
2026-05-23T09:08:24Z [FIREWALL] backup written to /mnt/nas/daily_2026-05-11.tar.gz
2026-05-23T12:47:44Z [SCADA] connection pool: 11/100
2026-05-23T19:21:45Z [FIREWALL] certificate expiry check: 341 days remaining
2026-05-23T07:22:09Z [BACKUP-SVC] memory pressure: 1149 MB free
2026-05-23T00:13:16Z [FIREWALL] config sync OK
2026-05-23T08:16:35Z [BACKUP-SVC] config sync OK
2026-05-23T12:14:47Z [MES] metrics flush: 2260 points
2026-05-23T20:48:45Z [METRICS-AGENT] connection pool: 82/100
2026-05-23T06:18:53Z [ERP-BRIDGE] certificate expiry check: 229 days remaining
2026-05-23T18:32:29Z [FIREWALL] certificate expiry check: 192 days remaining
2026-05-23T10:50:15Z [METRICS-AGENT] user session 976: login from 10.0.0.51
2026-05-23T14:20:29Z [MES] user session 969: login from 10.0.0.27
2026-05-23T01:33:24Z [BACKUP-SVC] health check passed
2026-05-23T15:09:09Z [BACKUP-SVC] metrics flush: 1327 points
2026-05-23T22:45:39Z [BACKUP-SVC] memory pressure: 1869 MB free
2026-05-23T07:36:12Z [METRICS-AGENT] health check passed
2026-05-23T03:18:00Z [ERP-BRIDGE] disk usage: 60%
2026-05-23T06:58:25Z [BACKUP-SVC] disk usage: 78%
2026-05-23T21:22:42Z [METRICS-AGENT] disk usage: 59%
2026-05-23T16:12:53Z [ERP-BRIDGE] health check passed
2026-05-23T23:39:02Z [METRICS-AGENT] backup written to /mnt/nas/daily_2026-05-17.tar.gz
2026-05-23T11:17:28Z [METRICS-AGENT] health check passed
2026-05-23T01:09:30Z [METRICS-AGENT] certificate expiry check: 192 days remaining
2026-05-23T17:10:44Z [METRICS-AGENT] certificate expiry check: 131 days remaining
2026-05-23T23:06:31Z [METRICS-AGENT] certificate expiry check: 197 days remaining
2026-05-23T17:37:45Z [BACKUP-SVC] metrics flush: 4618 points
2026-05-23T23:08:37Z [SCADA] user session 669: login from 10.0.0.131
2026-05-23T13:43:45Z [BACKUP-SVC] backup written to /mnt/nas/daily_2026-05-22.tar.gz
2026-05-23T17:15:50Z [BACKUP-SVC] connection pool: 10/100
2026-05-23T06:47:47Z [BACKUP-SVC] disk usage: 71%
2026-05-23T15:29:52Z [BACKUP-SVC] health check passed
2026-05-23T05:34:14Z [BACKUP-SVC] memory pressure: 3273 MB free
2026-05-23T17:19:45Z [SCADA] health check passed
2026-05-23T16:06:07Z [MES] user session 325: login from 10.0.0.175
2026-05-23T19:17:44Z [FIREWALL] config sync OK
2026-05-23T01:41:19Z [FIREWALL] backup written to /mnt/nas/daily_2026-05-15.tar.gz
2026-05-23T12:21:40Z [METRICS-AGENT] config sync OK
2026-05-23T09:47:05Z [BACKUP-SVC] config sync OK
2026-05-23T15:11:28Z [BACKUP-SVC] certificate expiry check: 197 days remaining
2026-05-23T16:25:01Z [METRICS-AGENT] memory pressure: 2722 MB free
2026-05-23T05:01:48Z [SCADA] config sync OK
2026-05-23T20:03:18Z [FIREWALL] connection pool: 21/100
2026-05-23T04:17:09Z [BACKUP-SVC] user session 766: login from 10.0.0.253
2026-05-23T11:51:37Z [MES] config sync OK
2026-05-23T01:04:35Z [METRICS-AGENT] disk usage: 76%
2026-05-23T09:59:32Z [MES] backup written to /mnt/nas/daily_2026-05-13.tar.gz
2026-05-23T04:05:26Z [MES] disk usage: 75%
2026-05-23T00:24:21Z [FIREWALL] disk usage: 51%
2026-05-23T23:38:37Z [BACKUP-SVC] user session 371: login from 10.0.0.216
2026-05-23T21:18:05Z [SCADA] metrics flush: 3083 points
2026-05-23T23:28:23Z [METRICS-AGENT] certificate expiry check: 340 days remaining
2026-05-23T13:35:43Z [MES] metrics flush: 3611 points
2026-05-23T17:27:30Z [FIREWALL] connection pool: 28/100
2026-05-23T13:04:36Z [FIREWALL] config sync OK
2026-05-23T19:16:06Z [METRICS-AGENT] certificate expiry check: 215 days remaining
2026-05-23T15:29:17Z [METRICS-AGENT] backup written to /mnt/nas/daily_2026-05-09.tar.gz
2026-05-23T18:08:50Z [METRICS-AGENT] disk usage: 71%
2026-05-23T14:58:42Z [METRICS-AGENT] connection pool: 63/100
2026-05-23T11:02:08Z [FIREWALL] config sync OK
2026-05-23T15:40:22Z [FIREWALL] certificate expiry check: 58 days remaining
2026-05-23T07:43:56Z [ERP-BRIDGE] config sync OK
2026-05-23T04:14:58Z [MES] config sync OK
2026-05-23T07:40:45Z [METRICS-AGENT] connection pool: 45/100
2026-05-23T07:24:31Z [FIREWALL] health check passed
2026-05-23T02:26:22Z [BACKUP-SVC] memory pressure: 1244 MB free
2026-05-23T14:24:12Z [FIREWALL] config sync OK
2026-05-23T21:35:14Z [METRICS-AGENT] config sync OK
2026-05-23T03:21:57Z [ERP-BRIDGE] metrics flush: 1428 points
2026-05-23T07:42:17Z [FIREWALL] metrics flush: 2376 points
2026-05-23T06:13:39Z [METRICS-AGENT] backup written to /mnt/nas/daily_2026-05-09.tar.gz
2026-05-23T06:24:22Z [ERP-BRIDGE] disk usage: 44%
2026-05-23T16:40:03Z [METRICS-AGENT] backup written to /mnt/nas/daily_2026-05-12.tar.gz
2026-05-23T23:12:25Z [BACKUP-SVC] memory pressure: 2287 MB free
2026-05-23T01:58:42Z [FIREWALL] health check passed
2026-05-23T00:22:08Z [BACKUP-SVC] health check passed
2026-05-23T14:36:36Z [FIREWALL] metrics flush: 1581 points
2026-05-23T12:24:47Z [SCADA] metrics flush: 1853 points
2026-05-23T18:38:31Z [MES] health check passed
2026-05-23T07:28:05Z [MES] certificate expiry check: 146 days remaining
2026-05-23T01:54:41Z [FIREWALL] health check passed
2026-05-23T01:30:59Z [SCADA] user session 745: login from 10.0.0.226
2026-05-23T18:29:28Z [METRICS-AGENT] config sync OK
2026-05-23T11:00:41Z [BACKUP-SVC] metrics flush: 3129 points
2026-05-23T14:27:45Z [METRICS-AGENT] health check passed
2026-05-23T19:27:03Z [ERP-BRIDGE] health check passed
2026-05-23T03:27:36Z [ERP-BRIDGE] backup written to /mnt/nas/daily_2026-05-08.tar.gz
2026-05-23T00:18:03Z [MES] backup written to /mnt/nas/daily_2026-05-02.tar.gz
2026-05-23T23:11:32Z [MES] health check passed
2026-05-23T22:56:50Z [BACKUP-SVC] config sync OK
2026-05-23T19:27:21Z [ERP-BRIDGE] metrics flush: 4701 points
2026-05-23T12:17:55Z [FIREWALL] certificate expiry check: 257 days remaining
2026-05-23T17:28:47Z [SCADA] metrics flush: 1614 points
2026-05-23T12:10:03Z [BACKUP-SVC] connection pool: 54/100
2026-05-23T04:14:36Z [BACKUP-SVC] config sync OK
2026-05-23T04:51:52Z [ERP-BRIDGE] disk usage: 81%
2026-05-23T19:58:02Z [METRICS-AGENT] config sync OK
2026-05-23T20:57:54Z [MES] backup written to /mnt/nas/daily_2026-05-03.tar.gz
2026-05-23T16:39:12Z [BACKUP-SVC] backup written to /mnt/nas/daily_2026-05-20.tar.gz
2026-05-23T15:50:45Z [FIREWALL] config sync OK
2026-05-23T21:07:17Z [METRICS-AGENT] disk usage: 55%
2026-05-23T04:03:39Z [SCADA] metrics flush: 981 points
2026-05-23T20:36:50Z [METRICS-AGENT] metrics flush: 4722 points
2026-05-23T20:50:47Z [METRICS-AGENT] health check passed
2026-05-23T08:20:25Z [FIREWALL] user session 773: login from 10.0.0.192
2026-05-23T06:00:54Z [SCADA] metrics flush: 4594 points
2026-05-23T15:00:53Z [METRICS-AGENT] user session 871: login from 10.0.0.115
2026-05-23T10:55:44Z [MES] health check passed
2026-05-23T20:18:58Z [FIREWALL] certificate expiry check: 58 days remaining
2026-05-23T00:10:59Z [MES] user session 479: login from 10.0.0.137
2026-05-23T22:09:18Z [ERP-BRIDGE] config sync OK
2026-05-23T03:47:53Z [SCADA] backup written to /mnt/nas/daily_2026-05-11.tar.gz
2026-05-23T23:54:31Z [BACKUP-SVC] memory pressure: 1942 MB free
2026-05-23T10:41:59Z [METRICS-AGENT] connection pool: 48/100
2026-05-23T04:37:54Z [METRICS-AGENT] health check passed
2026-05-23T05:24:15Z [MES] disk usage: 46%
2026-05-23T10:11:49Z [METRICS-AGENT] disk usage: 64%
2026-05-23T21:25:48Z [SCADA] connection pool: 48/100
2026-05-23T23:29:35Z [SCADA] config sync OK
2026-05-23T15:28:13Z [ERP-BRIDGE] connection pool: 63/100
2026-05-23T16:44:38Z [METRICS-AGENT] user session 716: login from 10.0.0.31
2026-05-23T14:43:04Z [BACKUP-SVC] metrics flush: 1332 points
2026-05-23T07:12:32Z [MES] memory pressure: 2363 MB free
2026-05-23T14:53:49Z [FIREWALL] user session 957: login from 10.0.0.23
2026-05-23T12:55:19Z [METRICS-AGENT] config sync OK
2026-05-23T13:40:36Z [METRICS-AGENT] backup written to /mnt/nas/daily_2026-05-06.tar.gz
2026-05-23T22:26:36Z [METRICS-AGENT] user session 158: login from 10.0.0.59
2026-05-23T00:58:41Z [ERP-BRIDGE] health check passed
2026-05-23T16:14:10Z [SCADA] user session 373: login from 10.0.0.136
2026-05-23T10:44:40Z [FIREWALL] metrics flush: 3107 points
2026-05-23T17:34:08Z [ERP-BRIDGE] memory pressure: 3756 MB free
2026-05-23T05:09:53Z [BACKUP-SVC] certificate expiry check: 123 days remaining
2026-05-23T15:29:33Z [FIREWALL] backup written to /mnt/nas/daily_2026-05-07.tar.gz
2026-05-23T08:39:11Z [FIREWALL] disk usage: 42%
2026-05-23T06:46:56Z [SCADA] connection pool: 16/100
2026-05-23T17:41:52Z [ERP-BRIDGE] health check passed
2026-05-23T17:58:49Z [MES] config sync OK
2026-05-23T13:01:29Z [BACKUP-SVC] backup written to /mnt/nas/daily_2026-05-02.tar.gz
2026-05-23T01:28:27Z [METRICS-AGENT] health check passed
2026-05-23T02:28:28Z [FIREWALL] memory pressure: 2175 MB free
2026-05-23T09:22:00Z [BACKUP-SVC] connection pool: 68/100
2026-05-23T23:22:45Z [FIREWALL] memory pressure: 3456 MB free
2026-05-23T19:16:21Z [MES] connection pool: 16/100
2026-05-23T06:28:40Z [METRICS-AGENT] disk usage: 70%
2026-05-23T07:51:18Z [MES] user session 355: login from 10.0.0.42
2026-05-23T16:17:09Z [BACKUP-SVC] memory pressure: 3633 MB free
2026-05-23T03:17:30Z [FIREWALL] metrics flush: 1667 points
2026-05-23T05:44:08Z [FIREWALL] metrics flush: 4950 points
2026-05-23T08:04:46Z [FIREWALL] disk usage: 40%
2026-05-23T19:01:51Z [BACKUP-SVC] config sync OK
2026-05-23T05:53:04Z [ERP-BRIDGE] user session 932: login from 10.0.0.183
2026-05-23T03:11:59Z [MES] config sync OK
2026-05-23T16:24:04Z [MES] metrics flush: 4901 points
2026-05-23T11:48:45Z [BACKUP-SVC] connection pool: 34/100
2026-05-23T02:19:19Z [METRICS-AGENT] health check passed
2026-05-23T09:36:51Z [METRICS-AGENT] certificate expiry check: 17 days remaining
2026-05-23T00:34:02Z [MES] config sync OK
2026-05-23T07:01:43Z [ERP-BRIDGE] user session 351: login from 10.0.0.121
2026-05-23T08:27:31Z [BACKUP-SVC] disk usage: 87%
2026-05-23T08:47:40Z [METRICS-AGENT] backup written to /mnt/nas/daily_2026-05-06.tar.gz
2026-05-23T00:18:04Z [MES] memory pressure: 2429 MB free
2026-05-23T23:55:35Z [METRICS-AGENT] health check passed
2026-05-23T13:37:43Z [BACKUP-SVC] config sync OK
2026-05-23T10:12:29Z [BACKUP-SVC] health check passed
2026-05-23T08:34:45Z [SCADA] health check passed
2026-05-23T01:59:05Z [ERP-BRIDGE] connection pool: 17/100
2026-05-23T21:01:10Z [METRICS-AGENT] disk usage: 73%
2026-05-23T15:38:24Z [MES] health check passed
2026-05-23T01:12:30Z [METRICS-AGENT] health check passed
2026-05-23T09:07:13Z [FIREWALL] disk usage: 63%
2026-05-23T14:36:16Z [BACKUP-SVC] certificate expiry check: 308 days remaining
2026-05-23T17:09:46Z [METRICS-AGENT] backup written to /mnt/nas/daily_2026-05-14.tar.gz
2026-05-23T15:30:25Z [MES] connection pool: 40/100
2026-05-23T01:32:18Z [FIREWALL] user session 748: login from 10.0.0.124
2026-05-23T00:09:02Z [FIREWALL] user session 809: login from 10.0.0.41
2026-05-23T22:50:29Z [METRICS-AGENT] config sync OK
2026-05-23T20:00:14Z [SCADA] connection pool: 23/100
2026-05-23T20:05:58Z [SCADA] user session 213: login from 10.0.0.204
2026-05-23T08:57:16Z [BACKUP-SVC] config sync OK
2026-05-23T07:25:15Z [SCADA] config sync OK
2026-05-23T01:17:26Z [MES] certificate expiry check: 19 days remaining
2026-05-23T18:39:24Z [SCADA] metrics flush: 4015 points
2026-05-23T13:36:39Z [FIREWALL] connection pool: 53/100
2026-05-23T19:53:50Z [METRICS-AGENT] health check passed
2026-05-23T10:49:47Z [FIREWALL] memory pressure: 3484 MB free
2026-05-23T01:46:29Z [FIREWALL] memory pressure: 2623 MB free
2026-05-23T05:32:31Z [BACKUP-SVC] user session 550: login from 10.0.0.146
2026-05-23T20:46:19Z [METRICS-AGENT] health check passed
2026-05-23T14:08:58Z [ERP-BRIDGE] user session 139: login from 10.0.0.245
2026-05-23T11:57:39Z [MES] disk usage: 68%
2026-05-23T17:20:56Z [SCADA] config sync OK
2026-05-23T11:13:54Z [ERP-BRIDGE] health check passed
2026-05-23T14:54:26Z [FIREWALL] config sync OK
2026-05-23T17:27:16Z [MES] config sync OK
2026-05-23T05:29:53Z [MES] config sync OK
2026-05-23T06:12:38Z [BACKUP-SVC] disk usage: 46%
2026-05-23T23:18:05Z [BACKUP-SVC] user session 676: login from 10.0.0.87
2026-05-23T03:19:17Z [MES] memory pressure: 3192 MB free
2026-05-23T12:49:31Z [SCADA] connection pool: 74/100
2026-05-23T08:13:04Z [SCADA] config sync OK
2026-05-23T11:53:03Z [METRICS-AGENT] metrics flush: 2745 points
2026-05-23T07:05:41Z [ERP-BRIDGE] user session 905: login from 10.0.0.224
2026-05-23T11:05:50Z [METRICS-AGENT] health check passed
2026-05-23T05:26:32Z [MES] config sync OK
2026-05-23T05:17:49Z [FIREWALL] metrics flush: 938 points
2026-05-23T07:09:30Z [ERP-BRIDGE] metrics flush: 900 points
2026-05-23T09:53:06Z [BACKUP-SVC] disk usage: 69%
2026-05-23T15:31:31Z [ERP-BRIDGE] user session 172: login from 10.0.0.14
2026-05-23T08:44:58Z [MES] backup written to /mnt/nas/daily_2026-05-12.tar.gz
2026-05-23T01:59:34Z [MES] backup written to /mnt/nas/daily_2026-05-20.tar.gz
2026-05-23T05:08:30Z [BACKUP-SVC] config sync OK
2026-05-23T23:56:08Z [FIREWALL] metrics flush: 4968 points
2026-05-23T19:08:21Z [ERP-BRIDGE] certificate expiry check: 305 days remaining
2026-05-23T05:16:34Z [ERP-BRIDGE] health check passed
2026-05-23T05:48:55Z [BACKUP-SVC] backup written to /mnt/nas/daily_2026-05-06.tar.gz
2026-05-23T01:42:09Z [METRICS-AGENT] memory pressure: 3173 MB free
2026-05-23T01:18:24Z [METRICS-AGENT] health check passed
2026-05-23T09:22:32Z [SCADA] health check passed
2026-05-23T06:13:52Z [ERP-BRIDGE] user session 715: login from 10.0.0.247
2026-05-23T01:50:17Z [MES] connection pool: 19/100
2026-05-23T03:05:41Z [BACKUP-SVC] health check passed
2026-05-23T13:41:33Z [MES] config sync OK
2026-05-23T21:40:38Z [METRICS-AGENT] certificate expiry check: 282 days remaining
2026-05-23T16:44:11Z [METRICS-AGENT] certificate expiry check: 232 days remaining
2026-05-23T05:16:08Z [SCADA] metrics flush: 2938 points
2026-05-23T10:37:15Z [METRICS-AGENT] connection pool: 59/100
2026-05-23T15:48:46Z [ERP-BRIDGE] connection pool: 36/100
2026-05-23T21:48:42Z [MES] certificate expiry check: 125 days remaining
2026-05-23T19:19:01Z [METRICS-AGENT] backup written to /mnt/nas/daily_2026-05-23.tar.gz
2026-05-23T22:43:07Z [METRICS-AGENT] health check passed
2026-05-23T01:57:41Z [MES] config sync OK
2026-05-23T11:25:38Z [MES] metrics flush: 1752 points
2026-05-23T15:07:48Z [BACKUP-SVC] certificate expiry check: 69 days remaining
2026-05-23T10:58:20Z [FIREWALL] metrics flush: 3192 points
2026-05-23T16:38:00Z [ERP-BRIDGE] user session 797: login from 10.0.0.175
2026-05-23T19:41:43Z [METRICS-AGENT] disk usage: 54%
2026-05-23T14:32:27Z [MES] connection pool: 60/100
2026-05-23T22:01:52Z [ERP-BRIDGE] health check passed
2026-05-23T17:44:44Z [MES] user session 630: login from 10.0.0.238
2026-05-23T11:13:50Z [FIREWALL] memory pressure: 3473 MB free
2026-05-23T11:51:14Z [FIREWALL] user session 338: login from 10.0.0.7
2026-05-23T11:10:17Z [SCADA] health check passed
2026-05-23T01:40:08Z [SCADA] metrics flush: 2890 points
2026-05-23T02:06:55Z [FIREWALL] health check passed
2026-05-23T01:56:39Z [METRICS-AGENT] backup written to /mnt/nas/daily_2026-05-18.tar.gz
2026-05-23T09:44:13Z [MES] connection pool: 83/100
2026-05-23T12:20:02Z [BACKUP-SVC] memory pressure: 1472 MB free
2026-05-23T20:46:15Z [MES] config sync OK
2026-05-23T21:03:12Z [ERP-BRIDGE] disk usage: 90%
2026-05-23T01:30:39Z [ERP-BRIDGE] disk usage: 77%
2026-05-23T20:57:40Z [BACKUP-SVC] health check passed
2026-05-23T23:50:06Z [FIREWALL] config sync OK
2026-05-23T18:51:35Z [SCADA] config sync OK
2026-05-23T23:54:26Z [ERP-BRIDGE] config sync OK
2026-05-23T11:48:32Z [METRICS-AGENT] health check passed
2026-05-23T11:51:58Z [FIREWALL] health check passed
2026-05-23T15:38:03Z [MES] memory pressure: 579 MB free
2026-05-23T09:15:58Z [MES] backup written to /mnt/nas/daily_2026-05-18.tar.gz
2026-05-23T01:47:27Z [BACKUP-SVC] backup written to /mnt/nas/daily_2026-05-20.tar.gz
2026-05-23T22:15:17Z [SCADA] health check passed
2026-05-23T22:07:49Z [METRICS-AGENT] health check passed
2026-05-23T15:27:47Z [MES] metrics flush: 1785 points
2026-05-23T06:04:25Z [ERP-BRIDGE] user session 152: login from 10.0.0.48
2026-05-23T01:24:15Z [FIREWALL] connection pool: 52/100
2026-05-23T21:45:40Z [BACKUP-SVC] user session 736: login from 10.0.0.244
2026-05-23T21:18:20Z [ERP-BRIDGE] user session 657: login from 10.0.0.105
2026-05-23T21:27:13Z [MES] connection pool: 77/100
2026-05-23T10:27:55Z [MES] disk usage: 51%
2026-05-23T20:07:04Z [ERP-BRIDGE] backup written to /mnt/nas/daily_2026-05-09.tar.gz
2026-05-23T18:42:36Z [SCADA] certificate expiry check: 177 days remaining
2026-05-23T12:37:43Z [SCADA] config sync OK
2026-05-23T01:29:00Z [FIREWALL] metrics flush: 1602 points
2026-05-23T16:37:48Z [SCADA] user session 494: login from 10.0.0.57
2026-05-23T13:53:20Z [BACKUP-SVC] certificate expiry check: 339 days remaining
2026-05-23T07:15:01Z [MES] health check passed
2026-05-23T11:32:05Z [BACKUP-SVC] metrics flush: 2149 points
2026-05-23T17:31:54Z [SCADA] backup written to /mnt/nas/daily_2026-05-09.tar.gz
2026-05-23T19:36:16Z [MES] config sync OK
2026-05-23T01:17:25Z [BACKUP-SVC] user session 124: login from 10.0.0.167
2026-05-23T12:31:32Z [METRICS-AGENT] backup written to /mnt/nas/daily_2026-05-11.tar.gz
2026-05-23T11:09:23Z [SCADA] metrics flush: 3018 points
2026-05-23T06:35:19Z [METRICS-AGENT] connection pool: 50/100
2026-05-23T12:01:11Z [SCADA] disk usage: 48%
2026-05-23T18:33:13Z [MES] certificate expiry check: 16 days remaining
2026-05-23T01:06:34Z [MES] config sync OK
2026-05-23T05:10:15Z [SCADA] metrics flush: 4361 points
2026-05-23T23:00:01Z [FIREWALL] config sync OK
2026-05-23T19:29:08Z [SCADA] disk usage: 49%
2026-05-23T08:05:37Z [METRICS-AGENT] certificate expiry check: 26 days remaining
2026-05-23T09:43:08Z [ERP-BRIDGE] user session 459: login from 10.0.0.117
2026-05-23T19:32:57Z [BACKUP-SVC] certificate expiry check: 347 days remaining
2026-05-23T00:30:49Z [BACKUP-SVC] backup written to /mnt/nas/daily_2026-05-10.tar.gz
2026-05-23T21:21:31Z [ERP-BRIDGE] health check passed
2026-05-23T23:01:13Z [SCADA] certificate expiry check: 187 days remaining
2026-05-23T13:42:22Z [ERP-BRIDGE] disk usage: 60%
2026-05-23T21:02:21Z [METRICS-AGENT] metrics flush: 1185 points
2026-05-23T02:01:09Z [ERP-BRIDGE] certificate expiry check: 62 days remaining
2026-05-23T17:11:56Z [METRICS-AGENT] backup written to /mnt/nas/daily_2026-05-22.tar.gz
2026-05-23T00:41:12Z [SCADA] config sync OK
2026-05-23T16:04:09Z [SCADA] memory pressure: 3425 MB free
2026-05-23T15:48:24Z [ERP-BRIDGE] user session 337: login from 10.0.0.165
2026-05-23T16:41:29Z [ERP-BRIDGE] certificate expiry check: 14 days remaining
2026-05-23T04:03:20Z [BACKUP-SVC] memory pressure: 789 MB free
2026-05-23T20:18:52Z [FIREWALL] user session 745: login from 10.0.0.83
2026-05-23T04:35:03Z [MES] metrics flush: 4659 points
2026-05-23T09:53:44Z [FIREWALL] config sync OK
2026-05-23T01:13:16Z [SCADA] user session 241: login from 10.0.0.132
2026-05-23T14:43:19Z [SCADA] user session 252: login from 10.0.0.198
2026-05-23T08:31:01Z [METRICS-AGENT] metrics flush: 4099 points
2026-05-23T11:17:00Z [FIREWALL] disk usage: 86%
2026-05-23T07:28:21Z [SCADA] disk usage: 53%
2026-05-23T12:11:22Z [BACKUP-SVC] disk usage: 74%
2026-05-23T21:31:27Z [FIREWALL] metrics flush: 4847 points
2026-05-23T12:30:40Z [ERP-BRIDGE] user session 807: login from 10.0.0.121
2026-05-23T10:28:27Z [MES] connection pool: 40/100
2026-05-23T07:49:07Z [BACKUP-SVC] backup written to /mnt/nas/daily_2026-05-17.tar.gz
2026-05-23T10:43:36Z [BACKUP-SVC] config sync OK
2026-05-23T07:34:46Z [FIREWALL] memory pressure: 3063 MB free
2026-05-23T13:48:54Z [BACKUP-SVC] certificate expiry check: 314 days remaining
2026-05-23T23:31:51Z [FIREWALL] connection pool: 41/100
2026-05-23T19:59:14Z [METRICS-AGENT] health check passed
2026-05-23T21:24:02Z [ERP-BRIDGE] backup written to /mnt/nas/daily_2026-05-17.tar.gz
2026-05-23T12:00:19Z [MES] disk usage: 53%
2026-05-23T21:50:25Z [FIREWALL] user session 355: login from 10.0.0.30
2026-05-23T07:51:57Z [FIREWALL] health check passed
2026-05-23T09:56:22Z [MES] metrics flush: 1537 points
2026-05-23T03:29:53Z [METRICS-AGENT] connection pool: 67/100
2026-05-23T08:53:15Z [SCADA] disk usage: 85%
2026-05-23T00:58:55Z [ERP-BRIDGE] certificate expiry check: 238 days remaining
2026-05-23T01:22:52Z [ERP-BRIDGE] user session 769: login from 10.0.0.76
2026-05-23T22:18:37Z [MES] certificate expiry check: 183 days remaining
2026-05-23T07:16:33Z [BACKUP-SVC] user session 716: login from 10.0.0.149
2026-05-23T05:57:52Z [METRICS-AGENT] user session 253: login from 10.0.0.222
2026-05-23T11:12:14Z [FIREWALL] config sync OK
2026-05-23T11:25:25Z [BACKUP-SVC] disk usage: 51%
2026-05-23T06:53:58Z [MES] connection pool: 82/100
2026-05-23T17:51:40Z [FIREWALL] memory pressure: 2941 MB free
2026-05-23T19:36:17Z [BACKUP-SVC] user session 983: login from 10.0.0.10
2026-05-23T11:13:16Z [BACKUP-SVC] memory pressure: 1550 MB free
2026-05-23T02:07:28Z [METRICS-AGENT] backup written to /mnt/nas/daily_2026-05-09.tar.gz
2026-05-23T05:04:06Z [SCADA] health check passed
2026-05-23T03:45:35Z [ERP-BRIDGE] user session 160: login from 10.0.0.111
2026-05-23T20:06:17Z [MES] user session 944: login from 10.0.0.40
2026-05-23T00:55:46Z [FIREWALL] connection pool: 55/100
2026-05-23T05:46:54Z [BACKUP-SVC] certificate expiry check: 196 days remaining
2026-05-23T09:53:06Z [FIREWALL] health check passed
2026-05-23T00:38:49Z [MES] disk usage: 74%
2026-05-23T16:37:21Z [FIREWALL] certificate expiry check: 13 days remaining
2026-05-23T22:10:40Z [METRICS-AGENT] metrics flush: 4026 points
2026-05-23T09:07:13Z [BACKUP-SVC] disk usage: 89%
2026-05-23T01:40:56Z [BACKUP-SVC] metrics flush: 3769 points
2026-05-23T19:02:42Z [METRICS-AGENT] health check passed
2026-05-23T23:10:05Z [BACKUP-SVC] disk usage: 49%
2026-05-23T12:10:47Z [ERP-BRIDGE] backup written to /mnt/nas/daily_2026-05-06.tar.gz
2026-05-23T03:29:16Z [BACKUP-SVC] user session 495: login from 10.0.0.148
2026-05-23T06:26:18Z [ERP-BRIDGE] user session 917: login from 10.0.0.122
2026-05-23T04:41:10Z [BACKUP-SVC] certificate expiry check: 22 days remaining
2026-05-23T04:56:15Z [MES] certificate expiry check: 102 days remaining
2026-05-23T12:11:01Z [MES] config sync OK
2026-05-23T12:37:53Z [SCADA] metrics flush: 875 points
2026-05-23T20:22:38Z [ERP-BRIDGE] backup written to /mnt/nas/daily_2026-05-02.tar.gz
2026-05-23T16:29:20Z [METRICS-AGENT] memory pressure: 3730 MB free
2026-05-23T18:31:20Z [SCADA] backup written to /mnt/nas/daily_2026-05-06.tar.gz
2026-05-23T11:25:21Z [BACKUP-SVC] config sync OK
2026-05-23T13:50:54Z [BACKUP-SVC] connection pool: 42/100
2026-05-23T15:41:16Z [FIREWALL] connection pool: 72/100
2026-05-23T09:59:04Z [SCADA] backup written to /mnt/nas/daily_2026-05-19.tar.gz
2026-05-23T22:16:56Z [METRICS-AGENT] metrics flush: 4065 points
2026-05-23T19:08:08Z [FIREWALL] metrics flush: 3530 points
2026-05-23T10:12:24Z [ERP-BRIDGE] certificate expiry check: 160 days remaining
2026-05-23T22:20:38Z [BACKUP-SVC] config sync OK
2026-05-23T23:45:11Z [SCADA] config sync OK
2026-05-23T18:23:30Z [ERP-BRIDGE] metrics flush: 4439 points
2026-05-23T19:56:58Z [SCADA] backup written to /mnt/nas/daily_2026-05-05.tar.gz
2026-05-23T16:29:44Z [ERP-BRIDGE] memory pressure: 1716 MB free
2026-05-23T06:47:24Z [BACKUP-SVC] certificate expiry check: 365 days remaining
2026-05-23T23:40:32Z [ERP-BRIDGE] config sync OK
2026-05-23T02:14:51Z [FIREWALL] health check passed
2026-05-23T18:49:12Z [BACKUP-SVC] config sync OK
2026-05-23T21:04:57Z [ERP-BRIDGE] certificate expiry check: 128 days remaining
2026-05-23T09:45:58Z [MES] user session 329: login from 10.0.0.55
2026-05-23T03:56:23Z [METRICS-AGENT] config sync OK
2026-05-23T10:12:50Z [BACKUP-SVC] metrics flush: 2665 points
2026-05-23T05:09:30Z [METRICS-AGENT] memory pressure: 2840 MB free
2026-05-23T07:00:33Z [BACKUP-SVC] connection pool: 90/100
2026-05-23T20:39:15Z [FIREWALL] metrics flush: 2050 points
2026-05-23T20:23:27Z [BACKUP-SVC] disk usage: 54%
2026-05-23T07:06:56Z [SCADA] backup written to /mnt/nas/daily_2026-05-02.tar.gz
2026-05-23T11:00:55Z [BACKUP-SVC] config sync OK
2026-05-23T22:58:01Z [FIREWALL] backup written to /mnt/nas/daily_2026-05-14.tar.gz
2026-05-23T10:42:29Z [SCADA] backup written to /mnt/nas/daily_2026-05-22.tar.gz
2026-05-23T18:26:07Z [FIREWALL] certificate expiry check: 128 days remaining
2026-05-23T05:05:17Z [MES] user session 191: login from 10.0.0.152
2026-05-23T12:41:57Z [MES] connection pool: 48/100
2026-05-23T06:52:22Z [SCADA] user session 628: login from 10.0.0.100
2026-05-23T04:40:40Z [METRICS-AGENT] memory pressure: 1956 MB free
2026-05-23T14:09:31Z [BACKUP-SVC] connection pool: 87/100
2026-05-23T11:10:00Z [MES] config sync OK
2026-05-23T23:05:58Z [SCADA] memory pressure: 3082 MB free
2026-05-23T00:33:48Z [MES] connection pool: 66/100
2026-05-23T18:26:18Z [METRICS-AGENT] config sync OK
2026-05-23T10:32:02Z [METRICS-AGENT] connection pool: 80/100
2026-05-23T23:36:34Z [BACKUP-SVC] disk usage: 60%
2026-05-23T20:04:18Z [METRICS-AGENT] health check passed
2026-05-23T14:20:55Z [SCADA] backup written to /mnt/nas/daily_2026-05-03.tar.gz
2026-05-23T11:02:53Z [SCADA] health check passed
2026-05-23T14:17:56Z [ERP-BRIDGE] connection pool: 91/100
2026-05-23T18:05:35Z [SCADA] user session 755: login from 10.0.0.224
2026-05-23T09:50:45Z [SCADA] user session 195: login from 10.0.0.172
2026-05-23T21:02:57Z [FIREWALL] memory pressure: 1072 MB free
2026-05-23T21:01:43Z [METRICS-AGENT] metrics flush: 3754 points
2026-05-23T14:04:09Z [FIREWALL] config sync OK
2026-05-23T11:02:15Z [MES] backup written to /mnt/nas/daily_2026-05-17.tar.gz
2026-05-23T05:44:17Z [ERP-BRIDGE] user session 246: login from 10.0.0.153
2026-05-23T16:54:23Z [FIREWALL] disk usage: 53%
2026-05-23T19:48:42Z [SCADA] health check passed
2026-05-23T21:43:06Z [MES] connection pool: 64/100
2026-05-23T19:17:48Z [METRICS-AGENT] certificate expiry check: 262 days remaining
2026-05-23T07:38:51Z [BACKUP-SVC] health check passed
2026-05-23T20:50:54Z [SCADA] health check passed
2026-05-23T16:18:24Z [ERP-BRIDGE] connection pool: 79/100
2026-05-23T18:54:15Z [MES] backup written to /mnt/nas/daily_2026-05-04.tar.gz
2026-05-23T22:03:33Z [SCADA] backup written to /mnt/nas/daily_2026-05-20.tar.gz
2026-05-23T01:35:26Z [MES] certificate expiry check: 224 days remaining
2026-05-23T16:43:59Z [BACKUP-SVC] memory pressure: 1922 MB free
2026-05-23T19:22:56Z [SCADA] metrics flush: 1899 points
2026-05-23T14:43:24Z [MES] certificate expiry check: 287 days remaining
2026-05-23T19:12:45Z [SCADA] certificate expiry check: 236 days remaining
2026-05-23T04:09:46Z [METRICS-AGENT] metrics flush: 4070 points
2026-05-23T23:27:11Z [BACKUP-SVC] backup written to /mnt/nas/daily_2026-05-18.tar.gz
2026-05-23T13:09:54Z [FIREWALL] metrics flush: 2408 points
2026-05-23T18:11:13Z [BACKUP-SVC] metrics flush: 2817 points
2026-05-23T21:52:51Z [BACKUP-SVC] metrics flush: 2080 points
2026-05-23T08:03:05Z [SCADA] health check passed
2026-05-23T18:35:28Z [SCADA] metrics flush: 3468 points
2026-05-23T02:37:40Z [ERP-BRIDGE] user session 302: login from 10.0.0.45
2026-05-23T07:46:15Z [BACKUP-SVC] user session 418: login from 10.0.0.168
2026-05-23T17:30:57Z [BACKUP-SVC] health check passed
2026-05-23T08:35:07Z [ERP-BRIDGE] config sync OK
2026-05-23T15:47:12Z [METRICS-AGENT] metrics flush: 1921 points
2026-05-23T23:21:38Z [MES] metrics flush: 3312 points
2026-05-23T05:24:43Z [ERP-BRIDGE] backup written to /mnt/nas/daily_2026-05-21.tar.gz
2026-05-23T04:12:11Z [BACKUP-SVC] connection pool: 88/100
2026-05-23T21:19:14Z [ERP-BRIDGE] memory pressure: 3665 MB free
2026-05-23T14:04:01Z [MES] memory pressure: 1853 MB free
2026-05-23T22:52:34Z [BACKUP-SVC] memory pressure: 1477 MB free
2026-05-23T06:41:46Z [SCADA] certificate expiry check: 35 days remaining
2026-05-23T13:43:02Z [METRICS-AGENT] config sync OK
2026-05-23T01:12:18Z [BACKUP-SVC] metrics flush: 1223 points
2026-05-23T22:05:59Z [SCADA] connection pool: 50/100
2026-05-23T12:16:45Z [METRICS-AGENT] health check passed
2026-05-23T08:21:03Z [FIREWALL] config sync OK
2026-05-23T09:58:50Z [SCADA] disk usage: 54%
2026-05-23T08:11:51Z [MES] metrics flush: 4103 points
2026-05-23T12:56:59Z [SCADA] metrics flush: 3123 points
2026-05-23T06:57:22Z [MES] memory pressure: 834 MB free
2026-05-23T06:21:26Z [METRICS-AGENT] user session 121: login from 10.0.0.35
2026-05-23T17:25:46Z [SCADA] config sync OK
2026-05-23T18:51:50Z [METRICS-AGENT] health check passed
2026-05-23T07:26:32Z [BACKUP-SVC] metrics flush: 1989 points
2026-05-23T12:33:24Z [FIREWALL] memory pressure: 1482 MB free
2026-05-23T09:28:23Z [FIREWALL] certificate expiry check: 341 days remaining
2026-05-23T05:12:30Z [SCADA] health check passed
2026-05-23T02:44:15Z [FIREWALL] user session 332: login from 10.0.0.32
2026-05-23T07:40:52Z [BACKUP-SVC] user session 898: login from 10.0.0.236
2026-05-23T16:18:17Z [FIREWALL] metrics flush: 3197 points
2026-05-23T02:49:37Z [SCADA] backup written to /mnt/nas/daily_2026-05-09.tar.gz
2026-05-23T16:39:01Z [ERP-BRIDGE] memory pressure: 3354 MB free
2026-05-23T21:20:45Z [ERP-BRIDGE] connection pool: 31/100
2026-05-23T11:38:52Z [FIREWALL] config sync OK
2026-05-23T09:28:22Z [ERP-BRIDGE] user session 617: login from 10.0.0.203
2026-05-23T06:38:05Z [METRICS-AGENT] memory pressure: 2683 MB free
2026-05-23T23:53:22Z [FIREWALL] disk usage: 86%
2026-05-23T21:59:58Z [METRICS-AGENT] user session 252: login from 10.0.0.156
2026-05-23T21:55:44Z [MES] health check passed
2026-05-23T18:10:17Z [ERP-BRIDGE] connection pool: 55/100
2026-05-23T21:20:02Z [FIREWALL] config sync OK
2026-05-23T18:25:15Z [FIREWALL] disk usage: 84%
2026-05-23T22:41:01Z [METRICS-AGENT] metrics flush: 4954 points
2026-05-23T08:37:13Z [MES] connection pool: 6/100
2026-05-23T22:45:05Z [FIREWALL] backup written to /mnt/nas/daily_2026-05-13.tar.gz
2026-05-23T14:01:41Z [MES] disk usage: 41%
2026-05-23T08:23:53Z [SCADA] health check passed
2026-05-23T22:09:53Z [SCADA] disk usage: 42%
2026-05-23T09:22:36Z [ERP-BRIDGE] metrics flush: 3053 points
2026-05-23T04:43:08Z [FIREWALL] metrics flush: 4352 points
2026-05-23T19:31:16Z [METRICS-AGENT] backup written to /mnt/nas/daily_2026-05-19.tar.gz
2026-05-23T04:42:18Z [SCADA] config sync OK
2026-05-23T23:36:17Z [SCADA] user session 708: login from 10.0.0.195
2026-05-23T22:02:19Z [MES] disk usage: 45%
2026-05-23T09:45:05Z [METRICS-AGENT] certificate expiry check: 85 days remaining
2026-05-23T13:36:16Z [ERP-BRIDGE] disk usage: 69%
2026-05-23T05:41:00Z [FIREWALL] config sync OK
2026-05-23T01:40:02Z [MES] config sync OK
2026-05-23T21:07:32Z [ERP-BRIDGE] config sync OK
2026-05-23T12:57:57Z [METRICS-AGENT] memory pressure: 1477 MB free
2026-05-23T15:13:58Z [BACKUP-SVC] backup written to /mnt/nas/daily_2026-05-02.tar.gz
2026-05-23T02:59:35Z [SCADA] connection pool: 66/100
2026-05-23T00:13:44Z [METRICS-AGENT] backup written to /mnt/nas/daily_2026-05-23.tar.gz
2026-05-23T07:53:02Z [ERP-BRIDGE] user session 280: login from 10.0.0.105
2026-05-23T21:53:38Z [FIREWALL] disk usage: 64%
2026-05-23T01:37:33Z [METRICS-AGENT] disk usage: 51%
2026-05-23T07:52:20Z [BACKUP-SVC] connection pool: 15/100
2026-05-23T02:54:53Z [METRICS-AGENT] user session 128: login from 10.0.0.107
2026-05-23T20:37:02Z [METRICS-AGENT] user session 559: login from 10.0.0.233
2026-05-23T19:14:00Z [METRICS-AGENT] metrics flush: 2680 points
2026-05-23T22:09:57Z [SCADA] connection pool: 67/100
2026-05-23T19:27:55Z [SCADA] metrics flush: 2458 points
2026-05-23T22:53:52Z [ERP-BRIDGE] memory pressure: 810 MB free
2026-05-23T06:34:01Z [BACKUP-SVC] connection pool: 31/100
2026-05-23T09:53:57Z [SCADA] connection pool: 85/100
2026-05-23T21:57:25Z [METRICS-AGENT] memory pressure: 3049 MB free
2026-05-23T17:48:26Z [ERP-BRIDGE] user session 821: login from 10.0.0.79
2026-05-23T01:20:29Z [ERP-BRIDGE] connection pool: 83/100
2026-05-23T16:34:13Z [MES] certificate expiry check: 126 days remaining
2026-05-23T03:39:06Z [MES] config sync OK
2026-05-23T14:25:56Z [MES] certificate expiry check: 255 days remaining
2026-05-23T04:59:04Z [MES] certificate expiry check: 58 days remaining
2026-05-23T21:56:06Z [FIREWALL] connection pool: 80/100
2026-05-23T15:19:43Z [ERP-BRIDGE] disk usage: 54%
2026-05-23T22:06:52Z [BACKUP-SVC] certificate expiry check: 321 days remaining
2026-05-23T06:03:24Z [SCADA] user session 487: login from 10.0.0.192
2026-05-23T18:19:19Z [SCADA] connection pool: 89/100
2026-05-23T14:08:49Z [SCADA] memory pressure: 3204 MB free
2026-05-23T21:51:48Z [SCADA] metrics flush: 2670 points
2026-05-23T09:24:20Z [BACKUP-SVC] metrics flush: 1152 points
2026-05-23T16:47:13Z [MES] config sync OK
2026-05-23T00:27:58Z [BACKUP-SVC] metrics flush: 2653 points
2026-05-23T10:52:51Z [METRICS-AGENT] disk usage: 54%
2026-05-23T01:39:34Z [BACKUP-SVC] disk usage: 60%
2026-05-23T07:17:53Z [FIREWALL] config sync OK
2026-05-23T17:18:11Z [METRICS-AGENT] health check passed
2026-05-23T22:03:43Z [BACKUP-SVC] connection pool: 75/100
2026-05-23T16:00:38Z [ERP-BRIDGE] certificate expiry check: 324 days remaining
2026-05-23T18:35:39Z [BACKUP-SVC] config sync OK
2026-05-23T12:15:10Z [ERP-BRIDGE] health check passed
2026-05-23T21:11:52Z [FIREWALL] backup written to /mnt/nas/daily_2026-05-10.tar.gz
2026-05-23T19:25:41Z [SCADA] certificate expiry check: 197 days remaining
2026-05-23T13:39:07Z [SCADA] metrics flush: 3221 points
2026-05-23T18:39:28Z [METRICS-AGENT] connection pool: 28/100
2026-05-23T14:33:11Z [SCADA] backup written to /mnt/nas/daily_2026-05-07.tar.gz
2026-05-23T02:20:00Z [FIREWALL] disk usage: 47%
2026-05-23T01:44:03Z [FIREWALL] connection pool: 17/100
2026-05-23T05:13:09Z [BACKUP-SVC] disk usage: 81%
2026-05-23T03:59:42Z [FIREWALL] backup written to /mnt/nas/daily_2026-05-02.tar.gz
2026-05-23T22:44:41Z [METRICS-AGENT] disk usage: 54%
2026-05-23T00:27:56Z [FIREWALL] user session 146: login from 10.0.0.108
2026-05-23T06:48:15Z [METRICS-AGENT] health check passed
2026-05-23T11:03:03Z [BACKUP-SVC] memory pressure: 2766 MB free
2026-05-23T12:32:21Z [FIREWALL] disk usage: 72%
2026-05-23T18:00:50Z [SCADA] user session 511: login from 10.0.0.88
2026-05-23T07:08:22Z [ERP-BRIDGE] memory pressure: 3295 MB free
2026-05-23T01:25:43Z [ERP-BRIDGE] user session 896: login from 10.0.0.68
2026-05-23T23:45:40Z [MES] config sync OK
2026-05-23T11:17:20Z [METRICS-AGENT] disk usage: 55%
2026-05-23T12:18:55Z [SCADA] certificate expiry check: 71 days remaining
2026-05-23T14:01:18Z [ERP-BRIDGE] memory pressure: 916 MB free
2026-05-23T11:24:48Z [BACKUP-SVC] certificate expiry check: 141 days remaining
2026-05-23T09:58:30Z [MES] user session 543: login from 10.0.0.220
2026-05-23T04:23:59Z [BACKUP-SVC] backup written to /mnt/nas/daily_2026-05-03.tar.gz
2026-05-23T14:59:19Z [METRICS-AGENT] user session 700: login from 10.0.0.99
2026-05-23T02:27:07Z [SCADA] certificate expiry check: 192 days remaining
2026-05-23T11:14:58Z [SCADA] config sync OK
2026-05-23T21:00:11Z [FIREWALL] config sync OK
2026-05-23T20:43:19Z [MES] certificate expiry check: 226 days remaining
2026-05-23T20:48:53Z [FIREWALL] memory pressure: 3229 MB free
2026-05-23T10:40:41Z [SCADA] user session 322: login from 10.0.0.161
2026-05-23T06:31:09Z [SCADA] memory pressure: 2600 MB free
2026-05-23T19:17:18Z [FIREWALL] memory pressure: 1278 MB free
2026-05-23T16:25:28Z [FIREWALL] memory pressure: 1310 MB free
2026-05-23T11:19:31Z [MES] certificate expiry check: 327 days remaining
2026-05-23T22:55:43Z [FIREWALL] metrics flush: 2409 points
2026-05-23T11:45:55Z [FIREWALL] config sync OK
2026-05-23T15:26:03Z [FIREWALL] disk usage: 48%
2026-05-23T07:17:52Z [BACKUP-SVC] memory pressure: 797 MB free
2026-05-23T20:33:29Z [BACKUP-SVC] certificate expiry check: 230 days remaining
2026-05-23T19:28:10Z [FIREWALL] user session 682: login from 10.0.0.156
2026-05-23T05:30:56Z [METRICS-AGENT] health check passed
2026-05-23T11:41:23Z [ERP-BRIDGE] user session 197: login from 10.0.0.113
2026-05-23T03:35:33Z [BACKUP-SVC] user session 585: login from 10.0.0.29
2026-05-23T15:58:55Z [BACKUP-SVC] connection pool: 10/100
2026-05-23T23:23:24Z [BACKUP-SVC] metrics flush: 4500 points
2026-05-23T18:07:24Z [METRICS-AGENT] certificate expiry check: 333 days remaining
2026-05-23T04:47:55Z [ERP-BRIDGE] disk usage: 78%
2026-05-23T01:34:08Z [FIREWALL] user session 793: login from 10.0.0.85
2026-05-23T05:35:43Z [FIREWALL] config sync OK
2026-05-23T12:31:15Z [FIREWALL] backup written to /mnt/nas/daily_2026-05-10.tar.gz
2026-05-23T08:22:30Z [SCADA] metrics flush: 3303 points
2026-05-23T03:35:08Z [ERP-BRIDGE] user session 944: login from 10.0.0.122
2026-05-23T07:11:13Z [FIREWALL] user session 817: login from 10.0.0.124
2026-05-23T20:23:01Z [FIREWALL] connection pool: 13/100
2026-05-23T07:20:36Z [ERP-BRIDGE] certificate expiry check: 161 days remaining
2026-05-23T17:53:23Z [BACKUP-SVC] backup written to /mnt/nas/daily_2026-05-14.tar.gz
2026-05-23T12:43:16Z [MES] backup written to /mnt/nas/daily_2026-05-06.tar.gz
2026-05-23T06:38:01Z [FIREWALL] health check passed
2026-05-23T10:51:58Z [BACKUP-SVC] metrics flush: 3136 points
2026-05-23T00:34:34Z [MES] config sync OK
2026-05-23T18:01:34Z [BACKUP-SVC] disk usage: 67%
2026-05-23T10:36:21Z [MES] metrics flush: 1677 points
2026-05-23T21:54:46Z [FIREWALL] certificate expiry check: 226 days remaining
2026-05-23T08:22:04Z [BACKUP-SVC] health check passed
2026-05-23T15:18:42Z [FIREWALL] memory pressure: 3016 MB free
2026-05-23T17:17:07Z [MES] connection pool: 82/100
2026-05-23T06:42:38Z [ERP-BRIDGE] connection pool: 84/100
2026-05-23T22:37:55Z [SCADA] certificate expiry check: 136 days remaining
2026-05-23T21:22:36Z [ERP-BRIDGE] config sync OK
2026-05-23T07:59:26Z [MES] user session 474: login from 10.0.0.5
2026-05-23T18:27:55Z [FIREWALL] disk usage: 79%
2026-05-23T14:59:31Z [SCADA] metrics flush: 2846 points
2026-05-23T20:11:55Z [FIREWALL] health check passed
2026-05-23T05:43:49Z [METRICS-AGENT] disk usage: 47%
2026-05-23T06:41:14Z [SCADA] health check passed
2026-05-23T15:57:04Z [BACKUP-SVC] memory pressure: 3463 MB free
2026-05-23T20:52:57Z [FIREWALL] certificate expiry check: 252 days remaining
2026-05-23T14:26:30Z [MES] memory pressure: 571 MB free
2026-05-23T03:30:01Z [MES] backup written to /mnt/nas/daily_2026-05-05.tar.gz
2026-05-23T05:47:18Z [MES] memory pressure: 2691 MB free
2026-05-23T22:21:51Z [SCADA] connection pool: 16/100
2026-05-23T20:18:40Z [SCADA] certificate expiry check: 254 days remaining
2026-05-23T11:15:01Z [METRICS-AGENT] health check passed
2026-05-23T21:00:18Z [BACKUP-SVC] certificate expiry check: 342 days remaining
2026-05-23T02:06:30Z [METRICS-AGENT] health check passed
2026-05-23T11:47:48Z [BACKUP-SVC] config sync OK
2026-05-23T12:23:28Z [BACKUP-SVC] disk usage: 71%
2026-05-23T08:53:17Z [SCADA] disk usage: 89%
2026-05-23T11:14:34Z [MES] backup written to /mnt/nas/daily_2026-05-17.tar.gz
2026-05-23T07:36:32Z [ERP-BRIDGE] certificate expiry check: 110 days remaining
2026-05-23T01:50:27Z [BACKUP-SVC] metrics flush: 1875 points
2026-05-23T03:36:21Z [MES] disk usage: 67%
2026-05-23T14:15:56Z [SCADA] connection pool: 39/100
2026-05-23T14:06:47Z [FIREWALL] config sync OK
2026-05-23T10:17:33Z [ERP-BRIDGE] health check passed
2026-05-23T18:42:41Z [METRICS-AGENT] user session 721: login from 10.0.0.110
2026-05-23T10:33:23Z [MES] metrics flush: 4670 points
2026-05-23T08:08:36Z [METRICS-AGENT] memory pressure: 3589 MB free
2026-05-23T03:09:13Z [SCADA] health check passed
2026-05-23T20:36:41Z [FIREWALL] disk usage: 55%
2026-05-23T04:17:38Z [METRICS-AGENT] memory pressure: 2443 MB free
2026-05-23T12:47:49Z [SCADA] user session 298: login from 10.0.0.16
2026-05-23T17:21:30Z [MES] user session 332: login from 10.0.0.203
2026-05-23T07:14:31Z [FIREWALL] config sync OK
2026-05-23T14:24:18Z [MES] health check passed
2026-05-23T20:20:31Z [METRICS-AGENT] certificate expiry check: 46 days remaining
2026-05-23T20:31:01Z [ERP-BRIDGE] certificate expiry check: 293 days remaining
2026-05-23T20:54:48Z [BACKUP-SVC] connection pool: 54/100
2026-05-23T07:47:51Z [ERP-BRIDGE] memory pressure: 1221 MB free
2026-05-23T23:38:36Z [FIREWALL] metrics flush: 3049 points
2026-05-23T17:07:17Z [METRICS-AGENT] user session 981: login from 10.0.0.58
2026-05-23T00:53:06Z [MES] user session 683: login from 10.0.0.121
2026-05-23T05:47:50Z [MES] health check passed
2026-05-23T00:35:06Z [MES] disk usage: 68%
2026-05-23T04:52:09Z [METRICS-AGENT] metrics flush: 3371 points
2026-05-23T01:20:50Z [MES] health check passed
2026-05-23T04:00:07Z [FIREWALL] config sync OK
2026-05-23T09:27:24Z [FIREWALL] connection pool: 78/100
2026-05-23T12:49:49Z [SCADA] certificate expiry check: 347 days remaining
2026-05-23T12:46:19Z [MES] backup written to /mnt/nas/daily_2026-05-02.tar.gz
2026-05-23T04:33:32Z [BACKUP-SVC] backup written to /mnt/nas/daily_2026-05-09.tar.gz
2026-05-23T15:58:30Z [FIREWALL] config sync OK
2026-05-23T22:02:49Z [FIREWALL] backup written to /mnt/nas/daily_2026-05-23.tar.gz
2026-05-23T21:53:13Z [BACKUP-SVC] disk usage: 43%
2026-05-23T02:58:35Z [MES] backup written to /mnt/nas/daily_2026-05-04.tar.gz
2026-05-23T03:31:46Z [METRICS-AGENT] backup written to /mnt/nas/daily_2026-05-20.tar.gz
2026-05-23T19:28:20Z [BACKUP-SVC] metrics flush: 4756 points
2026-05-23T01:26:38Z [ERP-BRIDGE] user session 131: login from 10.0.0.115
2026-05-23T08:28:12Z [ERP-BRIDGE] health check passed
2026-05-23T07:01:10Z [SCADA] connection pool: 87/100
2026-05-23T18:33:22Z [MES] user session 512: login from 10.0.0.143
2026-05-23T11:39:34Z [SCADA] metrics flush: 2223 points
2026-05-23T20:30:38Z [BACKUP-SVC] disk usage: 42%
2026-05-23T16:20:48Z [METRICS-AGENT] health check passed
2026-05-23T17:08:29Z [METRICS-AGENT] metrics flush: 2677 points
2026-05-23T02:14:40Z [METRICS-AGENT] user session 145: login from 10.0.0.153
2026-05-23T18:41:48Z [FIREWALL] connection pool: 50/100
2026-05-23T17:56:03Z [ERP-BRIDGE] connection pool: 87/100
2026-05-23T02:55:41Z [BACKUP-SVC] memory pressure: 1546 MB free
2026-05-23T03:26:49Z [MES] disk usage: 83%
2026-05-23T22:43:03Z [METRICS-AGENT] backup written to /mnt/nas/daily_2026-05-16.tar.gz
2026-05-23T06:07:41Z [SCADA] backup written to /mnt/nas/daily_2026-05-05.tar.gz
2026-05-23T02:27:50Z [ERP-BRIDGE] certificate expiry check: 81 days remaining
2026-05-23T17:52:04Z [METRICS-AGENT] memory pressure: 1354 MB free
2026-05-23T17:33:13Z [METRICS-AGENT] metrics flush: 1438 points
2026-05-23T18:19:52Z [MES] connection pool: 53/100
2026-05-23T06:02:14Z [MES] certificate expiry check: 11 days remaining
2026-05-23T14:04:24Z [SCADA] certificate expiry check: 313 days remaining
2026-05-23T01:00:13Z [METRICS-AGENT] metrics flush: 4272 points
2026-05-23T20:20:41Z [MES] metrics flush: 3854 points
2026-05-23T04:49:02Z [BACKUP-SVC] disk usage: 53%
2026-05-23T00:04:25Z [METRICS-AGENT] disk usage: 81%
2026-05-23T09:57:41Z [BACKUP-SVC] disk usage: 85%
2026-05-23T06:06:23Z [FIREWALL] backup written to /mnt/nas/daily_2026-05-11.tar.gz
2026-05-23T04:00:56Z [MES] user session 294: login from 10.0.0.112
2026-05-23T14:11:50Z [FIREWALL] health check passed
2026-05-23T17:41:47Z [MES] certificate expiry check: 344 days remaining
2026-05-23T16:36:28Z [BACKUP-SVC] health check passed
2026-05-23T09:02:42Z [SCADA] certificate expiry check: 83 days remaining
2026-05-23T07:26:18Z [ERP-BRIDGE] health check passed
2026-05-23T09:10:31Z [SCADA] config sync OK
2026-05-23T08:53:19Z [FIREWALL] disk usage: 75%
2026-05-23T22:26:46Z [BACKUP-SVC] user session 807: login from 10.0.0.147
2026-05-23T12:51:52Z [ERP-BRIDGE] disk usage: 43%
2026-05-23T10:55:10Z [ERP-BRIDGE] metrics flush: 1983 points
2026-05-23T10:55:56Z [ERP-BRIDGE] user session 392: login from 10.0.0.212
2026-05-23T15:40:38Z [MES] certificate expiry check: 296 days remaining
2026-05-23T13:04:52Z [MES] certificate expiry check: 286 days remaining
2026-05-23T21:36:46Z [ERP-BRIDGE] config sync OK
2026-05-23T23:12:34Z [METRICS-AGENT] metrics flush: 2137 points
2026-05-23T17:01:27Z [METRICS-AGENT] config sync OK
2026-05-23T09:18:03Z [MES] config sync OK
2026-05-23T08:34:34Z [ERP-BRIDGE] metrics flush: 1232 points
2026-05-23T17:21:16Z [SCADA] metrics flush: 4886 points
2026-05-23T00:12:31Z [ERP-BRIDGE] config sync OK
2026-05-23T18:00:39Z [FIREWALL] user session 443: login from 10.0.0.77
2026-05-23T06:36:34Z [BACKUP-SVC] metrics flush: 4755 points
2026-05-23T19:27:34Z [MES] certificate expiry check: 74 days remaining
2026-05-23T17:57:45Z [FIREWALL] certificate expiry check: 295 days remaining
2026-05-23T05:24:56Z [MES] config sync OK
2026-05-23T08:56:12Z [MES] backup written to /mnt/nas/daily_2026-05-07.tar.gz
2026-05-23T22:15:22Z [ERP-BRIDGE] connection pool: 90/100
2026-05-23T20:40:12Z [BACKUP-SVC] metrics flush: 1939 points
2026-05-23T19:41:43Z [ERP-BRIDGE] health check passed
2026-05-23T02:01:30Z [FIREWALL] memory pressure: 893 MB free
2026-05-23T14:14:00Z [ERP-BRIDGE] certificate expiry check: 299 days remaining
2026-05-23T12:06:26Z [ERP-BRIDGE] backup written to /mnt/nas/daily_2026-05-21.tar.gz
2026-05-23T13:52:02Z [MES] memory pressure: 3025 MB free
2026-05-23T18:58:32Z [BACKUP-SVC] disk usage: 46%
2026-05-23T01:39:36Z [FIREWALL] health check passed
2026-05-23T22:41:01Z [METRICS-AGENT] health check passed
2026-05-23T02:24:15Z [BACKUP-SVC] memory pressure: 2411 MB free
2026-05-23T17:14:59Z [BACKUP-SVC] memory pressure: 2714 MB free
2026-05-23T21:58:36Z [MES] user session 293: login from 10.0.0.147
2026-05-23T15:15:59Z [ERP-BRIDGE] memory pressure: 1144 MB free
2026-05-23T03:00:51Z [ERP-BRIDGE] connection pool: 42/100
2026-05-23T07:36:03Z [FIREWALL] user session 696: login from 10.0.0.166
2026-05-23T10:44:31Z [BACKUP-SVC] config sync OK
2026-05-23T16:51:07Z [FIREWALL] certificate expiry check: 255 days remaining
2026-05-23T06:47:48Z [FIREWALL] memory pressure: 3789 MB free
2026-05-23T07:12:11Z [FIREWALL] disk usage: 72%
2026-05-23T21:40:16Z [FIREWALL] backup written to /mnt/nas/daily_2026-05-07.tar.gz
2026-05-23T18:14:20Z [ERP-BRIDGE] connection pool: 89/100
2026-05-23T16:59:47Z [METRICS-AGENT] user session 576: login from 10.0.0.43
2026-05-23T15:27:26Z [ERP-BRIDGE] config sync OK
2026-05-23T02:58:57Z [METRICS-AGENT] memory pressure: 1927 MB free
2026-05-23T11:49:50Z [FIREWALL] certificate expiry check: 92 days remaining
2026-05-23T11:12:47Z [SCADA] certificate expiry check: 78 days remaining
2026-05-23T01:09:33Z [FIREWALL] backup written to /mnt/nas/daily_2026-05-12.tar.gz
2026-05-23T09:50:45Z [METRICS-AGENT] backup written to /mnt/nas/daily_2026-05-08.tar.gz
2026-05-23T12:33:09Z [BACKUP-SVC] user session 118: login from 10.0.0.195
2026-05-23T08:30:09Z [METRICS-AGENT] metrics flush: 1875 points
2026-05-23T03:52:39Z [BACKUP-SVC] disk usage: 51%
2026-05-23T09:20:21Z [SCADA] connection pool: 38/100
2026-05-23T11:01:20Z [MES] memory pressure: 3416 MB free
2026-05-23T04:57:54Z [MES] certificate expiry check: 363 days remaining
2026-05-23T16:26:40Z [METRICS-AGENT] health check passed
2026-05-23T19:09:44Z [SCADA] memory pressure: 1952 MB free
2026-05-23T12:33:20Z [MES] config sync OK
2026-05-23T18:32:14Z [BACKUP-SVC] config sync OK
2026-05-23T23:38:42Z [METRICS-AGENT] metrics flush: 3720 points
2026-05-23T04:03:50Z [METRICS-AGENT] disk usage: 63%
2026-05-23T22:05:20Z [METRICS-AGENT] memory pressure: 2766 MB free
2026-05-23T06:17:07Z [SCADA] certificate expiry check: 242 days remaining
2026-05-23T02:35:37Z [MES] memory pressure: 551 MB free
2026-05-23T18:06:29Z [METRICS-AGENT] memory pressure: 2587 MB free
2026-05-23T13:05:10Z [ERP-BRIDGE] health check passed
2026-05-23T18:02:30Z [FIREWALL] memory pressure: 1618 MB free
2026-05-23T22:32:50Z [BACKUP-SVC] health check passed
2026-05-23T01:38:14Z [ERP-BRIDGE] backup written to /mnt/nas/daily_2026-05-14.tar.gz
2026-05-23T01:48:40Z [BACKUP-SVC] disk usage: 43%
2026-05-23T04:48:56Z [MES] memory pressure: 1924 MB free
2026-05-23T09:08:29Z [BACKUP-SVC] disk usage: 53%
2026-05-23T01:30:28Z [ERP-BRIDGE] disk usage: 76%
2026-05-23T15:39:23Z [BACKUP-SVC] certificate expiry check: 92 days remaining
2026-05-23T03:15:45Z [METRICS-AGENT] metrics flush: 3840 points
2026-05-23T00:10:13Z [ERP-BRIDGE] disk usage: 88%
2026-05-23T02:17:12Z [MES] memory pressure: 1044 MB free
2026-05-23T13:44:56Z [FIREWALL] health check passed
2026-05-23T05:14:17Z [BACKUP-SVC] connection pool: 39/100
2026-05-23T21:14:15Z [FIREWALL] memory pressure: 1353 MB free
2026-05-23T11:27:42Z [BACKUP-SVC] certificate expiry check: 219 days remaining
2026-05-23T02:51:12Z [MES] user session 271: login from 10.0.0.113
2026-05-23T07:46:15Z [MES] certificate expiry check: 335 days remaining
2026-05-23T04:13:20Z [BACKUP-SVC] health check passed
2026-05-23T04:20:04Z [ERP-BRIDGE] backup written to /mnt/nas/daily_2026-05-09.tar.gz
2026-05-23T00:36:18Z [BACKUP-SVC] certificate expiry check: 115 days remaining
2026-05-23T13:01:21Z [METRICS-AGENT] health check passed
2026-05-23T15:22:12Z [ERP-BRIDGE] memory pressure: 870 MB free
2026-05-23T09:41:26Z [FIREWALL] memory pressure: 1349 MB free
2026-05-23T04:56:21Z [SCADA] memory pressure: 3175 MB free
2026-05-23T22:48:36Z [METRICS-AGENT] certificate expiry check: 177 days remaining
2026-05-23T07:22:07Z [BACKUP-SVC] config sync OK
2026-05-23T11:28:13Z [BACKUP-SVC] certificate expiry check: 106 days remaining
2026-05-23T16:17:46Z [SCADA] certificate expiry check: 194 days remaining
2026-05-23T09:25:41Z [SCADA] certificate expiry check: 67 days remaining
2026-05-23T12:05:54Z [ERP-BRIDGE] memory pressure: 3477 MB free
2026-05-23T08:16:45Z [FIREWALL] health check passed
2026-05-23T09:05:11Z [METRICS-AGENT] memory pressure: 3207 MB free
2026-05-23T02:33:03Z [BACKUP-SVC] connection pool: 30/100
2026-05-23T00:17:24Z [METRICS-AGENT] user session 352: login from 10.0.0.92
2026-05-23T14:31:50Z [ERP-BRIDGE] metrics flush: 1798 points
2026-05-23T07:45:41Z [METRICS-AGENT] config sync OK
2026-05-23T22:52:59Z [METRICS-AGENT] health check passed
2026-05-23T08:17:17Z [SCADA] certificate expiry check: 125 days remaining
2026-05-23T15:59:24Z [FIREWALL] memory pressure: 3265 MB free
2026-05-23T18:45:41Z [METRICS-AGENT] certificate expiry check: 119 days remaining
2026-05-23T18:21:21Z [ERP-BRIDGE] health check passed
2026-05-23T21:02:17Z [MES] health check passed
2026-05-23T09:12:39Z [BACKUP-SVC] config sync OK
2026-05-23T17:54:47Z [FIREWALL] disk usage: 90%
2026-05-23T18:31:44Z [MES] metrics flush: 3650 points
2026-05-23T02:21:07Z [METRICS-AGENT] certificate expiry check: 342 days remaining
2026-05-23T20:28:01Z [METRICS-AGENT] certificate expiry check: 255 days remaining
2026-05-23T00:52:58Z [ERP-BRIDGE] memory pressure: 2173 MB free
2026-05-23T07:12:11Z [FIREWALL] config sync OK
2026-05-23T18:48:53Z [FIREWALL] connection pool: 90/100
2026-05-23T03:43:16Z [BACKUP-SVC] metrics flush: 3154 points
2026-05-23T23:49:01Z [ERP-BRIDGE] user session 495: login from 10.0.0.56
2026-05-23T03:49:42Z [ERP-BRIDGE] user session 450: login from 10.0.0.181
2026-05-23T13:32:58Z [METRICS-AGENT] backup written to /mnt/nas/daily_2026-05-19.tar.gz
2026-05-23T23:23:41Z [SCADA] user session 558: login from 10.0.0.152
2026-05-23T08:02:29Z [FIREWALL] certificate expiry check: 278 days remaining
2026-05-23T09:31:21Z [ERP-BRIDGE] certificate expiry check: 299 days remaining
2026-05-23T03:19:15Z [SCADA] certificate expiry check: 308 days remaining
2026-05-23T04:25:35Z [ERP-BRIDGE] user session 595: login from 10.0.0.236
2026-05-23T17:18:21Z [METRICS-AGENT] health check passed
2026-05-23T22:34:48Z [METRICS-AGENT] health check passed
2026-05-23T12:20:01Z [ERP-BRIDGE] memory pressure: 844 MB free
2026-05-23T03:28:17Z [BACKUP-SVC] memory pressure: 2963 MB free
2026-05-23T11:45:41Z [BACKUP-SVC] backup written to /mnt/nas/daily_2026-05-01.tar.gz
2026-05-23T12:32:57Z [FIREWALL] config sync OK
2026-05-23T16:21:41Z [MES] memory pressure: 873 MB free
2026-05-23T06:52:53Z [FIREWALL] disk usage: 67%
2026-05-23T15:54:41Z [ERP-BRIDGE] backup written to /mnt/nas/daily_2026-05-13.tar.gz
2026-05-23T17:53:25Z [ERP-BRIDGE] certificate expiry check: 189 days remaining
2026-05-23T08:33:47Z [SCADA] certificate expiry check: 38 days remaining
2026-05-23T20:49:38Z [ERP-BRIDGE] memory pressure: 3979 MB free
2026-05-23T22:48:35Z [SCADA] memory pressure: 2286 MB free
2026-05-23T09:22:22Z [FIREWALL] memory pressure: 3731 MB free
2026-05-23T18:46:14Z [ERP-BRIDGE] connection pool: 41/100
2026-05-23T15:29:24Z [MES] config sync OK
2026-05-23T16:01:52Z [SCADA] memory pressure: 1924 MB free
2026-05-23T11:38:11Z [SCADA] config sync OK
2026-05-23T23:15:46Z [METRICS-AGENT] connection pool: 20/100
2026-05-23T19:58:49Z [MES] metrics flush: 1784 points
2026-05-23T02:14:37Z [MES] config sync OK
2026-05-23T12:34:34Z [ERP-BRIDGE] backup written to /mnt/nas/daily_2026-05-06.tar.gz
2026-05-23T08:49:14Z [FIREWALL] health check passed
2026-05-23T20:01:56Z [ERP-BRIDGE] backup written to /mnt/nas/daily_2026-05-02.tar.gz
2026-05-23T05:52:36Z [MES] memory pressure: 1847 MB free
2026-05-23T17:08:47Z [BACKUP-SVC] certificate expiry check: 285 days remaining
2026-05-23T20:52:15Z [METRICS-AGENT] certificate expiry check: 78 days remaining
2026-05-23T23:40:27Z [MES] health check passed
2026-05-23T15:08:05Z [ERP-BRIDGE] health check passed
2026-05-23T15:29:03Z [SCADA] connection pool: 46/100
2026-05-23T03:38:29Z [SCADA] config sync OK
2026-05-23T12:28:48Z [METRICS-AGENT] metrics flush: 4309 points
2026-05-23T09:21:15Z [MES] health check passed
2026-05-23T20:07:56Z [MES] user session 470: login from 10.0.0.144
2026-05-23T18:49:52Z [FIREWALL] certificate expiry check: 56 days remaining
2026-05-23T08:34:43Z [METRICS-AGENT] config sync OK
2026-05-23T07:22:29Z [MES] metrics flush: 1053 points
2026-05-23T15:02:46Z [SCADA] health check passed
2026-05-23T03:51:47Z [BACKUP-SVC] connection pool: 26/100
2026-05-23T03:39:30Z [BACKUP-SVC] memory pressure: 3443 MB free
2026-05-23T05:31:30Z [ERP-BRIDGE] certificate expiry check: 352 days remaining
2026-05-23T16:52:59Z [FIREWALL] user session 448: login from 10.0.0.149
2026-05-23T00:59:47Z [FIREWALL] certificate expiry check: 290 days remaining
2026-05-23T08:50:43Z [BACKUP-SVC] backup written to /mnt/nas/daily_2026-05-05.tar.gz
2026-05-23T15:07:56Z [ERP-BRIDGE] memory pressure: 4022 MB free
2026-05-23T13:43:11Z [FIREWALL] health check passed
2026-05-23T04:16:48Z [BACKUP-SVC] disk usage: 74%
2026-05-23T10:10:16Z [METRICS-AGENT] connection pool: 37/100
2026-05-23T20:22:06Z [SCADA] certificate expiry check: 96 days remaining
2026-05-23T12:49:40Z [ERP-BRIDGE] certificate expiry check: 226 days remaining
2026-05-23T01:46:29Z [FIREWALL] certificate expiry check: 45 days remaining
2026-05-23T08:06:28Z [SCADA] user session 802: login from 10.0.0.201
2026-05-23T05:55:26Z [ERP-BRIDGE] backup written to /mnt/nas/daily_2026-05-06.tar.gz
2026-05-23T06:40:33Z [ERP-BRIDGE] disk usage: 84%
2026-05-23T02:16:32Z [FIREWALL] disk usage: 58%
2026-05-23T15:55:48Z [FIREWALL] connection pool: 75/100
2026-05-23T02:12:27Z [FIREWALL] certificate expiry check: 93 days remaining
2026-05-23T07:03:03Z [FIREWALL] metrics flush: 1349 points
2026-05-23T15:53:41Z [ERP-BRIDGE] metrics flush: 1114 points
2026-05-23T13:40:50Z [SCADA] backup written to /mnt/nas/daily_2026-05-15.tar.gz
2026-05-23T07:59:52Z [SCADA] config sync OK
2026-05-23T04:19:49Z [BACKUP-SVC] certificate expiry check: 317 days remaining
2026-05-23T05:10:58Z [ERP-BRIDGE] memory pressure: 3786 MB free
2026-05-23T08:56:38Z [ERP-BRIDGE] disk usage: 57%
2026-05-23T13:50:22Z [SCADA] health check passed
2026-05-23T13:06:18Z [MES] user session 516: login from 10.0.0.83
2026-05-23T18:50:30Z [METRICS-AGENT] health check passed
2026-05-23T00:25:24Z [METRICS-AGENT] disk usage: 54%
2026-05-23T16:38:04Z [MES] config sync OK
2026-05-23T01:39:31Z [MES] config sync OK
2026-05-23T07:12:44Z [FIREWALL] certificate expiry check: 125 days remaining
2026-05-23T19:46:58Z [SCADA] metrics flush: 4701 points
2026-05-23T19:09:33Z [BACKUP-SVC] config sync OK
2026-05-23T20:15:14Z [FIREWALL] disk usage: 82%
2026-05-23T04:18:34Z [METRICS-AGENT] user session 570: login from 10.0.0.196
2026-05-23T01:58:00Z [FIREWALL] disk usage: 47%
2026-05-23T18:15:53Z [MES] config sync OK
2026-05-23T13:47:11Z [ERP-BRIDGE] certificate expiry check: 188 days remaining
2026-05-23T13:56:08Z [BACKUP-SVC] health check passed
2026-05-23T10:26:41Z [METRICS-AGENT] user session 515: login from 10.0.0.146
2026-05-23T11:13:36Z [SCADA] disk usage: 66%
2026-05-23T16:23:54Z [SCADA] config sync OK
2026-05-23T21:35:57Z [BACKUP-SVC] health check passed
2026-05-23T21:14:30Z [MES] backup written to /mnt/nas/daily_2026-05-20.tar.gz
2026-05-23T22:55:23Z [BACKUP-SVC] user session 511: login from 10.0.0.29
2026-05-23T23:18:51Z [SCADA] connection pool: 38/100
2026-05-23T14:54:22Z [BACKUP-SVC] disk usage: 66%
2026-05-23T07:40:29Z [BACKUP-SVC] config sync OK
2026-05-23T22:19:11Z [BACKUP-SVC] disk usage: 77%
2026-05-23T01:23:12Z [METRICS-AGENT] health check passed
2026-05-23T08:10:25Z [FIREWALL] disk usage: 40%
2026-05-23T07:02:57Z [ERP-BRIDGE] health check passed
2026-05-23T06:12:18Z [BACKUP-SVC] health check passed
2026-05-23T21:44:29Z [SCADA] metrics flush: 4669 points
2026-05-23T16:53:46Z [SCADA] health check passed
2026-05-23T22:23:41Z [METRICS-AGENT] config sync OK
2026-05-23T07:19:51Z [BACKUP-SVC] certificate expiry check: 365 days remaining
2026-05-23T07:10:04Z [METRICS-AGENT] config sync OK
2026-05-23T08:17:39Z [SCADA] memory pressure: 951 MB free
2026-05-23T11:19:26Z [FIREWALL] user session 267: login from 10.0.0.4
2026-05-23T22:29:15Z [BACKUP-SVC] metrics flush: 3403 points
2026-05-23T15:01:24Z [MES] memory pressure: 905 MB free
2026-05-23T02:10:58Z [BACKUP-SVC] health check passed
2026-05-23T13:57:16Z [FIREWALL] config sync OK
2026-05-23T17:18:32Z [BACKUP-SVC] metrics flush: 3983 points
2026-05-23T23:22:27Z [ERP-BRIDGE] certificate expiry check: 203 days remaining
2026-05-23T13:30:25Z [FIREWALL] config sync OK
2026-05-23T00:21:05Z [ERP-BRIDGE] user session 652: login from 10.0.0.145
2026-05-23T04:36:11Z [MES] user session 900: login from 10.0.0.178
2026-05-23T07:11:38Z [MES] user session 276: login from 10.0.0.179
2026-05-23T05:31:36Z [METRICS-AGENT] connection pool: 8/100
2026-05-23T16:16:04Z [FIREWALL] certificate expiry check: 83 days remaining
2026-05-23T18:00:13Z [MES] config sync OK
2026-05-23T16:37:11Z [BACKUP-SVC] metrics flush: 2336 points
2026-05-23T11:54:04Z [ERP-BRIDGE] config sync OK
2026-05-23T21:24:44Z [FIREWALL] backup written to /mnt/nas/daily_2026-05-21.tar.gz
2026-05-23T03:37:40Z [METRICS-AGENT] memory pressure: 1515 MB free
2026-05-23T10:56:59Z [METRICS-AGENT] backup written to /mnt/nas/daily_2026-05-06.tar.gz
2026-05-23T13:09:50Z [FIREWALL] user session 237: login from 10.0.0.38
2026-05-23T04:25:50Z [BACKUP-SVC] certificate expiry check: 234 days remaining
2026-05-23T20:08:13Z [MES] certificate expiry check: 237 days remaining
2026-05-23T22:54:07Z [ERP-BRIDGE] config sync OK
2026-05-23T11:35:33Z [MES] certificate expiry check: 119 days remaining
2026-05-23T21:38:24Z [MES] config sync OK
2026-05-23T23:06:51Z [METRICS-AGENT] memory pressure: 2206 MB free
2026-05-23T21:24:29Z [METRICS-AGENT] backup written to /mnt/nas/daily_2026-05-23.tar.gz
2026-05-23T18:34:05Z [SCADA] memory pressure: 3029 MB free
2026-05-23T12:37:22Z [BACKUP-SVC] disk usage: 75%
2026-05-23T21:40:36Z [BACKUP-SVC] memory pressure: 1137 MB free
2026-05-23T20:18:00Z [MES] connection pool: 5/100
2026-05-23T20:05:56Z [FIREWALL] config sync OK
2026-05-23T03:13:25Z [FIREWALL] backup written to /mnt/nas/daily_2026-05-06.tar.gz
2026-05-23T08:28:05Z [SCADA] user session 189: login from 10.0.0.63
2026-05-23T00:28:23Z [METRICS-AGENT] health check passed
2026-05-23T17:40:33Z [BACKUP-SVC] connection pool: 14/100
2026-05-23T13:30:33Z [BACKUP-SVC] backup written to /mnt/nas/daily_2026-05-09.tar.gz
2026-05-23T03:11:34Z [FIREWALL] health check passed
2026-05-23T06:39:37Z [BACKUP-SVC] disk usage: 66%
2026-05-23T01:23:09Z [SCADA] disk usage: 50%
2026-05-23T15:49:04Z [METRICS-AGENT] config sync OK
2026-05-23T02:45:41Z [SCADA] disk usage: 61%
2026-05-23T10:16:40Z [BACKUP-SVC] memory pressure: 1433 MB free
2026-05-23T05:11:22Z [FIREWALL] backup written to /mnt/nas/daily_2026-05-15.tar.gz
2026-05-23T00:04:57Z [ERP-BRIDGE] disk usage: 87%
2026-05-23T13:52:01Z [MES] backup written to /mnt/nas/daily_2026-05-07.tar.gz
2026-05-23T07:06:19Z [BACKUP-SVC] certificate expiry check: 233 days remaining
2026-05-23T17:42:06Z [SCADA] certificate expiry check: 97 days remaining
2026-05-23T04:46:38Z [MES] config sync OK
2026-05-23T17:03:27Z [FIREWALL] certificate expiry check: 140 days remaining
2026-05-23T20:01:05Z [SCADA] certificate expiry check: 357 days remaining
2026-05-23T21:27:23Z [METRICS-AGENT] backup written to /mnt/nas/daily_2026-05-17.tar.gz
2026-05-23T00:44:18Z [MES] metrics flush: 4323 points
2026-05-23T16:34:57Z [ERP-BRIDGE] backup written to /mnt/nas/daily_2026-05-08.tar.gz
2026-05-23T20:56:16Z [SCADA] memory pressure: 2940 MB free
2026-05-23T15:07:18Z [METRICS-AGENT] certificate expiry check: 278 days remaining
2026-05-23T07:52:11Z [FIREWALL] certificate expiry check: 343 days remaining
2026-05-23T07:45:59Z [SCADA] backup written to /mnt/nas/daily_2026-05-04.tar.gz
2026-05-23T18:46:03Z [ERP-BRIDGE] memory pressure: 3987 MB free
2026-05-23T16:01:49Z [MES] user session 480: login from 10.0.0.219
2026-05-23T17:32:27Z [ERP-BRIDGE] backup written to /mnt/nas/daily_2026-05-04.tar.gz
2026-05-23T03:14:48Z [ERP-BRIDGE] backup written to /mnt/nas/daily_2026-05-17.tar.gz
2026-05-23T13:27:20Z [ERP-BRIDGE] memory pressure: 3760 MB free
2026-05-23T11:22:08Z [BACKUP-SVC] memory pressure: 2394 MB free
2026-05-23T12:39:48Z [ERP-BRIDGE] health check passed
2026-05-23T22:20:50Z [BACKUP-SVC] memory pressure: 3444 MB free
2026-05-23T08:37:33Z [METRICS-AGENT] user session 946: login from 10.0.0.20
2026-05-23T00:36:06Z [MES] connection pool: 82/100
2026-05-23T18:01:22Z [BACKUP-SVC] config sync OK
2026-05-23T00:05:32Z [MES] health check passed
2026-05-23T13:50:54Z [SCADA] health check passed
2026-05-23T02:47:57Z [FIREWALL] user session 524: login from 10.0.0.102
2026-05-23T14:47:17Z [METRICS-AGENT] config sync OK
2026-05-23T14:28:10Z [BACKUP-SVC] backup written to /mnt/nas/daily_2026-05-22.tar.gz
2026-05-23T01:38:05Z [FIREWALL] memory pressure: 1392 MB free
2026-05-23T11:03:21Z [FIREWALL] metrics flush: 2133 points
2026-05-23T11:42:56Z [METRICS-AGENT] memory pressure: 1889 MB free
2026-05-23T14:40:11Z [FIREWALL] connection pool: 69/100
2026-05-23T20:15:16Z [BACKUP-SVC] health check passed
2026-05-23T18:19:44Z [FIREWALL] user session 343: login from 10.0.0.109
2026-05-23T08:20:41Z [BACKUP-SVC] connection pool: 39/100
2026-05-23T18:59:34Z [MES] disk usage: 78%
2026-05-23T18:19:58Z [SCADA] user session 523: login from 10.0.0.124
2026-05-23T16:18:28Z [ERP-BRIDGE] health check passed
2026-05-23T11:56:43Z [SCADA] config sync OK
2026-05-23T10:13:53Z [METRICS-AGENT] disk usage: 64%
2026-05-23T08:13:19Z [SCADA] metrics flush: 1827 points
2026-05-23T17:09:28Z [METRICS-AGENT] config sync OK
2026-05-23T14:43:12Z [METRICS-AGENT] config sync OK
2026-05-23T01:40:14Z [FIREWALL] memory pressure: 4041 MB free
2026-05-23T01:29:02Z [MES] health check passed
2026-05-23T17:48:10Z [METRICS-AGENT] certificate expiry check: 43 days remaining
2026-05-23T13:06:28Z [METRICS-AGENT] user session 521: login from 10.0.0.104
2026-05-23T20:54:23Z [METRICS-AGENT] memory pressure: 2086 MB free
2026-05-23T07:52:05Z [FIREWALL] metrics flush: 3108 points
2026-05-23T01:32:46Z [MES] health check passed
2026-05-23T00:25:34Z [BACKUP-SVC] connection pool: 21/100
2026-05-23T07:12:12Z [SCADA] health check passed
2026-05-23T17:04:32Z [MES] backup written to /mnt/nas/daily_2026-05-01.tar.gz
2026-05-23T18:39:56Z [MES] backup written to /mnt/nas/daily_2026-05-15.tar.gz
2026-05-23T16:42:27Z [ERP-BRIDGE] certificate expiry check: 216 days remaining
2026-05-23T08:25:26Z [MES] certificate expiry check: 106 days remaining
2026-05-23T03:43:58Z [METRICS-AGENT] memory pressure: 1563 MB free
2026-05-23T19:05:05Z [SCADA] user session 458: login from 10.0.0.235
2026-05-23T04:22:57Z [BACKUP-SVC] connection pool: 69/100
2026-05-23T11:57:10Z [ERP-BRIDGE] backup written to /mnt/nas/daily_2026-05-02.tar.gz
2026-05-23T11:20:27Z [MES] certificate expiry check: 181 days remaining
2026-05-23T06:01:48Z [FIREWALL] metrics flush: 2481 points
2026-05-23T15:49:30Z [SCADA] certificate expiry check: 360 days remaining
2026-05-23T14:53:05Z [SCADA] backup written to /mnt/nas/daily_2026-05-14.tar.gz
2026-05-23T06:51:02Z [METRICS-AGENT] memory pressure: 982 MB free
2026-05-23T15:15:14Z [SCADA] metrics flush: 3790 points
2026-05-23T15:00:16Z [FIREWALL] connection pool: 48/100
2026-05-23T13:39:35Z [ERP-BRIDGE] memory pressure: 1830 MB free
2026-05-23T12:17:48Z [METRICS-AGENT] connection pool: 44/100
2026-05-23T20:47:19Z [ERP-BRIDGE] metrics flush: 1337 points
2026-05-23T18:07:18Z [BACKUP-SVC] disk usage: 42%
2026-05-23T00:02:17Z [FIREWALL] user session 344: login from 10.0.0.231
2026-05-23T06:40:22Z [BACKUP-SVC] connection pool: 72/100
2026-05-23T16:42:25Z [METRICS-AGENT] connection pool: 82/100
2026-05-23T14:17:50Z [MES] user session 934: login from 10.0.0.171
2026-05-23T16:57:03Z [BACKUP-SVC] disk usage: 67%
2026-05-23T18:29:39Z [FIREWALL] memory pressure: 2512 MB free
2026-05-23T20:47:51Z [MES] config sync OK
2026-05-23T09:32:51Z [SCADA] memory pressure: 3671 MB free
2026-05-23T06:52:36Z [MES] connection pool: 43/100
2026-05-23T09:18:28Z [MES] metrics flush: 4257 points
2026-05-23T13:01:23Z [BACKUP-SVC] disk usage: 51%
2026-05-23T12:21:19Z [ERP-BRIDGE] health check passed
2026-05-23T05:48:54Z [FIREWALL] config sync OK
2026-05-23T17:55:37Z [BACKUP-SVC] user session 794: login from 10.0.0.50
2026-05-23T06:10:45Z [METRICS-AGENT] connection pool: 6/100
2026-05-23T17:14:37Z [BACKUP-SVC] backup written to /mnt/nas/daily_2026-05-19.tar.gz
2026-05-23T05:46:50Z [FIREWALL] backup written to /mnt/nas/daily_2026-05-23.tar.gz
2026-05-23T15:26:58Z [BACKUP-SVC] disk usage: 75%
2026-05-23T09:33:27Z [SCADA] metrics flush: 993 points
2026-05-23T04:44:57Z [MES] config sync OK
2026-05-23T12:02:18Z [MES] certificate expiry check: 72 days remaining
2026-05-23T20:33:00Z [BACKUP-SVC] config sync OK
2026-05-23T15:13:34Z [BACKUP-SVC] metrics flush: 1707 points
2026-05-23T15:22:55Z [SCADA] health check passed
2026-05-23T23:58:00Z [MES] backup written to /mnt/nas/daily_2026-05-22.tar.gz
2026-05-23T03:36:08Z [METRICS-AGENT] connection pool: 22/100
2026-05-23T09:42:30Z [BACKUP-SVC] disk usage: 67%
2026-05-23T02:05:47Z [BACKUP-SVC] connection pool: 33/100
2026-05-23T13:13:45Z [ERP-BRIDGE] connection pool: 64/100
2026-05-23T07:01:10Z [METRICS-AGENT] memory pressure: 3936 MB free
2026-05-23T02:40:12Z [ERP-BRIDGE] connection pool: 21/100
2026-05-23T00:19:07Z [METRICS-AGENT] certificate expiry check: 107 days remaining
2026-05-23T11:39:29Z [ERP-BRIDGE] memory pressure: 3946 MB free
2026-05-23T21:16:29Z [BACKUP-SVC] connection pool: 64/100
2026-05-23T21:50:32Z [FIREWALL] certificate expiry check: 363 days remaining
2026-05-23T23:45:14Z [SCADA] disk usage: 43%
2026-05-23T20:08:41Z [SCADA] metrics flush: 3523 points
2026-05-23T09:35:58Z [MES] connection pool: 26/100
2026-05-23T19:41:39Z [FIREWALL] disk usage: 55%
2026-05-23T21:07:35Z [ERP-BRIDGE] config sync OK
2026-05-23T05:29:45Z [METRICS-AGENT] health check passed
2026-05-23T19:11:14Z [METRICS-AGENT] memory pressure: 3610 MB free
2026-05-23T09:45:03Z [FIREWALL] certificate expiry check: 217 days remaining
2026-05-23T01:58:34Z [BACKUP-SVC] config sync OK
2026-05-23T08:13:17Z [MES] connection pool: 91/100
2026-05-23T02:40:09Z [METRICS-AGENT] certificate expiry check: 269 days remaining
2026-05-23T10:05:22Z [MES] memory pressure: 634 MB free
2026-05-23T07:55:49Z [BACKUP-SVC] health check passed
2026-05-23T14:16:31Z [METRICS-AGENT] health check passed
2026-05-23T16:07:48Z [FIREWALL] connection pool: 82/100
2026-05-23T12:29:30Z [MES] certificate expiry check: 332 days remaining
2026-05-23T12:03:53Z [SCADA] backup written to /mnt/nas/daily_2026-05-07.tar.gz
2026-05-23T04:36:51Z [FIREWALL] backup written to /mnt/nas/daily_2026-05-09.tar.gz
2026-05-23T09:48:27Z [SCADA] certificate expiry check: 95 days remaining
2026-05-23T13:15:32Z [MES] config sync OK
2026-05-23T19:48:44Z [SCADA] health check passed
2026-05-23T01:21:21Z [ERP-BRIDGE] config sync OK
2026-05-23T10:07:27Z [FIREWALL] config sync OK
2026-05-23T11:06:36Z [FIREWALL] config sync OK
2026-05-23T12:48:57Z [SCADA] disk usage: 89%
2026-05-23T18:33:12Z [MES] user session 259: login from 10.0.0.183
2026-05-23T01:38:27Z [BACKUP-SVC] config sync OK
2026-05-23T22:29:48Z [BACKUP-SVC] disk usage: 78%
2026-05-23T22:10:57Z [METRICS-AGENT] metrics flush: 3723 points
2026-05-23T00:07:46Z [FIREWALL] memory pressure: 818 MB free
2026-05-23T08:43:22Z [METRICS-AGENT] certificate expiry check: 100 days remaining
2026-05-23T02:55:49Z [MES] metrics flush: 2536 points
2026-05-23T05:14:19Z [ERP-BRIDGE] user session 305: login from 10.0.0.89
2026-05-23T20:10:57Z [MES] metrics flush: 4187 points
2026-05-23T21:48:40Z [FIREWALL] connection pool: 79/100
2026-05-23T03:10:23Z [MES] user session 191: login from 10.0.0.243
2026-05-23T07:46:47Z [METRICS-AGENT] user session 612: login from 10.0.0.77
2026-05-23T19:00:16Z [MES] health check passed
2026-05-23T16:49:51Z [ERP-BRIDGE] backup written to /mnt/nas/daily_2026-05-22.tar.gz
2026-05-23T05:27:46Z [FIREWALL] health check passed
2026-05-23T04:16:09Z [MES] config sync OK
2026-05-23T04:06:05Z [SCADA] user session 252: login from 10.0.0.217
2026-05-23T00:29:44Z [FIREWALL] user session 753: login from 10.0.0.165
2026-05-23T02:25:21Z [FIREWALL] user session 980: login from 10.0.0.216
2026-05-23T06:22:39Z [METRICS-AGENT] connection pool: 15/100
2026-05-23T16:00:02Z [ERP-BRIDGE] user session 715: login from 10.0.0.150
2026-05-23T04:13:44Z [ERP-BRIDGE] config sync OK
2026-05-23T21:36:16Z [SCADA] metrics flush: 2162 points
2026-05-23T17:32:11Z [BACKUP-SVC] backup written to /mnt/nas/daily_2026-05-06.tar.gz
2026-05-23T19:19:07Z [METRICS-AGENT] disk usage: 56%
2026-05-23T10:53:09Z [ERP-BRIDGE] certificate expiry check: 229 days remaining
2026-05-23T05:36:55Z [MES] connection pool: 19/100
2026-05-23T21:22:34Z [ERP-BRIDGE] config sync OK
2026-05-23T03:50:16Z [METRICS-AGENT] memory pressure: 3916 MB free
2026-05-23T11:41:00Z [ERP-BRIDGE] certificate expiry check: 292 days remaining
2026-05-23T02:19:16Z [ERP-BRIDGE] memory pressure: 2763 MB free
2026-05-23T22:51:30Z [FIREWALL] metrics flush: 3487 points
2026-05-23T17:40:50Z [SCADA] disk usage: 41%
2026-05-23T02:05:59Z [FIREWALL] certificate expiry check: 179 days remaining
2026-05-23T11:30:53Z [BACKUP-SVC] memory pressure: 3771 MB free
2026-05-23T21:10:31Z [METRICS-AGENT] connection pool: 42/100
2026-05-23T17:55:18Z [METRICS-AGENT] certificate expiry check: 211 days remaining
2026-05-23T09:04:31Z [MES] memory pressure: 2772 MB free
2026-05-23T20:36:20Z [BACKUP-SVC] certificate expiry check: 200 days remaining
2026-05-23T16:33:15Z [BACKUP-SVC] health check passed
2026-05-23T19:34:08Z [BACKUP-SVC] user session 892: login from 10.0.0.107
2026-05-23T00:07:53Z [FIREWALL] certificate expiry check: 253 days remaining
2026-05-23T12:33:39Z [FIREWALL] health check passed
2026-05-23T19:32:06Z [BACKUP-SVC] certificate expiry check: 319 days remaining
2026-05-23T12:18:04Z [MES] connection pool: 23/100
2026-05-23T18:04:21Z [SCADA] user session 223: login from 10.0.0.153
2026-05-23T06:28:17Z [MES] disk usage: 44%
2026-05-23T03:17:30Z [METRICS-AGENT] config sync OK
2026-05-23T13:15:03Z [ERP-BRIDGE] user session 350: login from 10.0.0.66
2026-05-23T14:49:02Z [MES] backup written to /mnt/nas/daily_2026-05-22.tar.gz
2026-05-23T05:27:01Z [ERP-BRIDGE] user session 267: login from 10.0.0.104
2026-05-23T10:44:53Z [ERP-BRIDGE] metrics flush: 4162 points
2026-05-23T14:39:38Z [SCADA] config sync OK
2026-05-23T02:09:30Z [MES] certificate expiry check: 211 days remaining
2026-05-23T21:40:13Z [ERP-BRIDGE] backup written to /mnt/nas/daily_2026-05-09.tar.gz
2026-05-23T23:39:11Z [FIREWALL] health check passed
2026-05-23T13:47:22Z [SCADA] user session 868: login from 10.0.0.216
2026-05-23T05:49:12Z [METRICS-AGENT] certificate expiry check: 210 days remaining
2026-05-23T17:37:40Z [SCADA] metrics flush: 2189 points
2026-05-23T18:19:02Z [MES] certificate expiry check: 74 days remaining
2026-05-23T08:23:39Z [METRICS-AGENT] user session 717: login from 10.0.0.42
2026-05-23T01:58:46Z [MES] backup written to /mnt/nas/daily_2026-05-18.tar.gz
2026-05-23T03:54:41Z [ERP-BRIDGE] metrics flush: 4899 points
2026-05-23T21:21:54Z [ERP-BRIDGE] certificate expiry check: 106 days remaining
2026-05-23T21:04:31Z [BACKUP-SVC] user session 312: login from 10.0.0.36
2026-05-23T01:18:35Z [SCADA] metrics flush: 863 points
2026-05-23T09:09:24Z [FIREWALL] connection pool: 5/100
2026-05-23T09:57:18Z [FIREWALL] config sync OK
2026-05-23T18:31:07Z [FIREWALL] certificate expiry check: 213 days remaining
2026-05-23T22:30:44Z [BACKUP-SVC] certificate expiry check: 234 days remaining
2026-05-23T02:09:16Z [METRICS-AGENT] certificate expiry check: 150 days remaining
2026-05-23T10:38:50Z [ERP-BRIDGE] memory pressure: 1106 MB free
2026-05-23T11:50:18Z [SCADA] health check passed
2026-05-23T10:15:27Z [SCADA] config sync OK
2026-05-23T01:31:11Z [METRICS-AGENT] user session 758: login from 10.0.0.112
2026-05-23T16:58:07Z [FIREWALL] connection pool: 8/100
2026-05-23T17:03:02Z [MES] connection pool: 39/100
2026-05-23T14:31:16Z [BACKUP-SVC] config sync OK
2026-05-23T12:22:57Z [ERP-BRIDGE] connection pool: 67/100
2026-05-23T12:00:49Z [FIREWALL] certificate expiry check: 49 days remaining
2026-05-23T17:47:36Z [METRICS-AGENT] connection pool: 63/100
2026-05-23T20:50:49Z [MES] metrics flush: 2379 points
2026-05-23T11:27:12Z [BACKUP-SVC] memory pressure: 1677 MB free
2026-05-23T02:41:36Z [BACKUP-SVC] connection pool: 50/100
2026-05-23T15:41:33Z [BACKUP-SVC] metrics flush: 852 points
2026-05-23T03:27:55Z [METRICS-AGENT] connection pool: 70/100
2026-05-23T09:42:37Z [METRICS-AGENT] memory pressure: 3162 MB free
2026-05-23T20:52:55Z [MES] health check passed
2026-05-23T07:30:22Z [FIREWALL] user session 158: login from 10.0.0.64
2026-05-23T14:47:34Z [METRICS-AGENT] metrics flush: 3805 points
2026-05-23T00:47:49Z [FIREWALL] config sync OK
2026-05-23T20:26:38Z [MES] backup written to /mnt/nas/daily_2026-05-22.tar.gz
2026-05-23T16:36:14Z [FIREWALL] connection pool: 7/100
2026-05-23T04:05:51Z [ERP-BRIDGE] memory pressure: 1163 MB free
2026-05-23T19:09:37Z [METRICS-AGENT] health check passed
2026-05-23T14:00:58Z [FIREWALL] connection pool: 53/100
2026-05-23T15:00:13Z [METRICS-AGENT] certificate expiry check: 52 days remaining
2026-05-23T21:36:04Z [BACKUP-SVC] connection pool: 80/100
2026-05-23T01:52:23Z [FIREWALL] backup written to /mnt/nas/daily_2026-05-01.tar.gz
2026-05-23T19:27:56Z [ERP-BRIDGE] disk usage: 63%
2026-05-23T08:09:09Z [BACKUP-SVC] metrics flush: 1062 points
2026-05-23T09:05:47Z [METRICS-AGENT] config sync OK
2026-05-23T09:33:20Z [FIREWALL] metrics flush: 1605 points
2026-05-23T09:25:07Z [FIREWALL] memory pressure: 3209 MB free
2026-05-23T02:27:53Z [FIREWALL] config sync OK
2026-05-23T09:33:11Z [SCADA] backup written to /mnt/nas/daily_2026-05-08.tar.gz
2026-05-23T02:27:22Z [METRICS-AGENT] config sync OK
2026-05-23T14:40:06Z [MES] memory pressure: 3122 MB free
2026-05-23T22:38:50Z [METRICS-AGENT] backup written to /mnt/nas/daily_2026-05-04.tar.gz
2026-05-23T23:51:40Z [BACKUP-SVC] metrics flush: 2989 points
2026-05-23T08:02:57Z [ERP-BRIDGE] backup written to /mnt/nas/daily_2026-05-09.tar.gz
2026-05-23T02:51:11Z [ERP-BRIDGE] user session 125: login from 10.0.0.135
2026-05-23T09:42:05Z [MES] connection pool: 80/100
2026-05-23T00:21:07Z [MES] certificate expiry check: 93 days remaining
2026-05-23T06:16:19Z [SCADA] connection pool: 57/100
2026-05-23T09:40:28Z [FIREWALL] config sync OK
2026-05-23T19:50:55Z [ERP-BRIDGE] memory pressure: 2385 MB free
2026-05-23T18:17:31Z [FIREWALL] memory pressure: 1871 MB free
2026-05-23T18:30:38Z [MES] backup written to /mnt/nas/daily_2026-05-11.tar.gz
2026-05-23T13:29:14Z [FIREWALL] memory pressure: 1388 MB free
2026-05-23T23:09:02Z [SCADA] user session 305: login from 10.0.0.22
2026-05-23T18:08:00Z [BACKUP-SVC] connection pool: 77/100
2026-05-23T13:29:27Z [ERP-BRIDGE] certificate expiry check: 297 days remaining
2026-05-23T18:59:18Z [ERP-BRIDGE] config sync OK
2026-05-23T14:53:03Z [FIREWALL] health check passed
2026-05-23T23:40:43Z [ERP-BRIDGE] user session 290: login from 10.0.0.86
2026-05-23T03:21:45Z [METRICS-AGENT] connection pool: 94/100
2026-05-23T13:20:54Z [MES] config sync OK
2026-05-23T04:29:01Z [MES] config sync OK
2026-05-23T09:44:59Z [METRICS-AGENT] connection pool: 40/100
2026-05-23T10:36:56Z [FIREWALL] health check passed
2026-05-23T10:13:12Z [SCADA] config sync OK
2026-05-23T04:42:04Z [MES] user session 239: login from 10.0.0.98
2026-05-23T05:58:21Z [METRICS-AGENT] user session 461: login from 10.0.0.88
2026-05-23T20:34:19Z [ERP-BRIDGE] memory pressure: 2239 MB free
2026-05-23T23:59:55Z [BACKUP-SVC] health check passed
2026-05-23T13:01:51Z [MES] certificate expiry check: 316 days remaining
2026-05-23T15:37:37Z [FIREWALL] user session 342: login from 10.0.0.155
2026-05-23T12:47:54Z [MES] metrics flush: 1769 points
2026-05-23T15:42:26Z [BACKUP-SVC] backup written to /mnt/nas/daily_2026-05-19.tar.gz
2026-05-23T22:05:44Z [ERP-BRIDGE] user session 327: login from 10.0.0.25
2026-05-23T06:00:24Z [BACKUP-SVC] disk usage: 58%
2026-05-23T08:47:35Z [BACKUP-SVC] metrics flush: 1528 points
2026-05-23T00:15:58Z [METRICS-AGENT] certificate expiry check: 319 days remaining
2026-05-23T22:35:42Z [BACKUP-SVC] user session 590: login from 10.0.0.30
2026-05-23T19:27:19Z [FIREWALL] health check passed
2026-05-23T10:01:28Z [BACKUP-SVC] memory pressure: 612 MB free
2026-05-23T16:33:19Z [MES] health check passed
2026-05-23T03:46:54Z [FIREWALL] connection pool: 5/100
2026-05-23T13:39:58Z [METRICS-AGENT] metrics flush: 2405 points
2026-05-23T04:41:53Z [SCADA] backup written to /mnt/nas/daily_2026-05-18.tar.gz
2026-05-23T04:35:17Z [METRICS-AGENT] memory pressure: 3595 MB free
2026-05-23T01:04:39Z [MES] disk usage: 86%
2026-05-23T18:57:04Z [FIREWALL] config sync OK
2026-05-23T04:52:57Z [BACKUP-SVC] connection pool: 35/100
2026-05-23T11:46:45Z [METRICS-AGENT] user session 398: login from 10.0.0.45
2026-05-23T09:46:41Z [FIREWALL] connection pool: 18/100
2026-05-23T14:46:38Z [MES] user session 696: login from 10.0.0.248
2026-05-23T18:04:42Z [BACKUP-SVC] connection pool: 82/100
2026-05-23T08:25:01Z [SCADA] disk usage: 81%
2026-05-23T08:42:08Z [ERP-BRIDGE] metrics flush: 4761 points
2026-05-23T11:50:07Z [SCADA] certificate expiry check: 142 days remaining
2026-05-23T00:18:25Z [METRICS-AGENT] metrics flush: 1386 points
2026-05-23T19:32:20Z [ERP-BRIDGE] memory pressure: 3065 MB free
2026-05-23T07:04:00Z [BACKUP-SVC] metrics flush: 4245 points
2026-05-23T21:37:24Z [METRICS-AGENT] memory pressure: 3233 MB free
2026-05-23T23:48:30Z [BACKUP-SVC] config sync OK
2026-05-23T13:21:52Z [SCADA] backup written to /mnt/nas/daily_2026-05-07.tar.gz
2026-05-23T18:13:24Z [BACKUP-SVC] backup written to /mnt/nas/daily_2026-05-21.tar.gz
2026-05-23T14:09:25Z [METRICS-AGENT] metrics flush: 815 points
2026-05-23T05:04:32Z [METRICS-AGENT] config sync OK
2026-05-23T17:40:51Z [SCADA] backup written to /mnt/nas/daily_2026-05-12.tar.gz
2026-05-23T02:59:05Z [FIREWALL] connection pool: 54/100
2026-05-23T23:13:10Z [ERP-BRIDGE] backup written to /mnt/nas/daily_2026-05-12.tar.gz
2026-05-23T08:50:12Z [BACKUP-SVC] memory pressure: 3185 MB free
2026-05-23T05:46:48Z [FIREWALL] disk usage: 86%
2026-05-23T13:08:51Z [BACKUP-SVC] health check passed
2026-05-23T11:39:42Z [SCADA] backup written to /mnt/nas/daily_2026-05-14.tar.gz
2026-05-23T05:34:22Z [FIREWALL] health check passed
2026-05-23T00:46:03Z [SCADA] metrics flush: 3249 points
2026-05-23T14:04:44Z [SCADA] disk usage: 87%
2026-05-23T04:49:37Z [ERP-BRIDGE] disk usage: 76%
2026-05-23T20:28:11Z [MES] user session 656: login from 10.0.0.6
2026-05-23T00:59:32Z [FIREWALL] user session 985: login from 10.0.0.53
2026-05-23T07:18:32Z [ERP-BRIDGE] memory pressure: 555 MB free
2026-05-23T21:09:08Z [ERP-BRIDGE] disk usage: 85%
2026-05-23T17:48:19Z [FIREWALL] disk usage: 44%
2026-05-23T04:25:39Z [MES] health check passed
2026-05-23T07:07:23Z [METRICS-AGENT] user session 289: login from 10.0.0.129
2026-05-23T08:01:20Z [BACKUP-SVC] metrics flush: 4866 points
2026-05-23T18:03:43Z [METRICS-AGENT] memory pressure: 3323 MB free
2026-05-23T16:18:31Z [MES] connection pool: 37/100
2026-05-23T11:06:16Z [FIREWALL] health check passed
2026-05-23T10:50:57Z [METRICS-AGENT] disk usage: 73%
2026-05-23T08:22:27Z [MES] certificate expiry check: 12 days remaining
2026-05-23T23:05:11Z [SCADA] certificate expiry check: 340 days remaining
2026-05-23T05:39:36Z [FIREWALL] connection pool: 62/100
2026-05-23T13:09:16Z [MES] disk usage: 69%
2026-05-23T12:52:19Z [FIREWALL] metrics flush: 3410 points
2026-05-23T03:03:56Z [ERP-BRIDGE] certificate expiry check: 198 days remaining
2026-05-23T11:16:30Z [SCADA] memory pressure: 2165 MB free
2026-05-23T20:07:02Z [SCADA] metrics flush: 2516 points
2026-05-23T00:58:11Z [BACKUP-SVC] config sync OK
2026-05-23T01:59:57Z [MES] health check passed
2026-05-23T13:45:12Z [MES] health check passed
2026-05-23T16:04:00Z [MES] config sync OK
2026-05-23T06:00:48Z [METRICS-AGENT] metrics flush: 2947 points
2026-05-23T14:00:16Z [SCADA] disk usage: 78%
2026-05-23T00:36:24Z [MES] memory pressure: 3645 MB free
2026-05-23T10:38:45Z [SCADA] config sync OK
2026-05-23T20:11:52Z [ERP-BRIDGE] connection pool: 88/100
2026-05-23T01:16:50Z [METRICS-AGENT] metrics flush: 2879 points
2026-05-23T14:04:12Z [METRICS-AGENT] backup written to /mnt/nas/daily_2026-05-07.tar.gz
2026-05-23T10:04:39Z [METRICS-AGENT] metrics flush: 3399 points
2026-05-23T12:24:39Z [METRICS-AGENT] metrics flush: 3246 points
2026-05-23T18:37:39Z [BACKUP-SVC] certificate expiry check: 159 days remaining
2026-05-23T11:08:01Z [SCADA] metrics flush: 3985 points
2026-05-23T15:16:55Z [ERP-BRIDGE] config sync OK
2026-05-23T16:51:06Z [FIREWALL] disk usage: 43%
2026-05-23T17:51:52Z [FIREWALL] memory pressure: 1621 MB free
2026-05-23T14:37:53Z [FIREWALL] disk usage: 73%
2026-05-23T17:35:12Z [METRICS-AGENT] connection pool: 34/100
2026-05-23T18:59:08Z [METRICS-AGENT] disk usage: 66%
2026-05-23T22:49:44Z [MES] metrics flush: 3934 points
2026-05-23T06:27:18Z [SCADA] certificate expiry check: 106 days remaining
2026-05-23T18:56:19Z [FIREWALL] connection pool: 93/100
2026-05-23T04:18:55Z [METRICS-AGENT] connection pool: 38/100
2026-05-23T21:26:48Z [SCADA] config sync OK
2026-05-23T18:12:08Z [ERP-BRIDGE] memory pressure: 3099 MB free
2026-05-23T18:49:48Z [ERP-BRIDGE] disk usage: 62%
2026-05-23T12:07:39Z [MES] backup written to /mnt/nas/daily_2026-05-21.tar.gz
2026-05-23T05:22:44Z [BACKUP-SVC] memory pressure: 1243 MB free
2026-05-23T22:02:48Z [MES] user session 270: login from 10.0.0.3
2026-05-23T22:15:59Z [BACKUP-SVC] health check passed
2026-05-23T12:51:45Z [SCADA] config sync OK
2026-05-23T14:57:32Z [METRICS-AGENT] health check passed
2026-05-23T06:07:04Z [METRICS-AGENT] memory pressure: 3420 MB free
2026-05-23T04:35:08Z [BACKUP-SVC] config sync OK
2026-05-23T08:27:28Z [SCADA] health check passed
2026-05-23T12:52:28Z [FIREWALL] disk usage: 67%
2026-05-23T16:20:48Z [FIREWALL] user session 149: login from 10.0.0.200
2026-05-23T08:35:28Z [BACKUP-SVC] memory pressure: 1841 MB free
2026-05-23T19:30:31Z [MES] user session 972: login from 10.0.0.154
2026-05-23T17:45:04Z [METRICS-AGENT] disk usage: 51%
2026-05-23T08:18:43Z [ERP-BRIDGE] health check passed
2026-05-23T10:42:59Z [ERP-BRIDGE] metrics flush: 807 points
2026-05-23T08:09:46Z [BACKUP-SVC] config sync OK
2026-05-23T04:46:35Z [ERP-BRIDGE] backup written to /mnt/nas/daily_2026-05-23.tar.gz
2026-05-23T23:56:55Z [ERP-BRIDGE] disk usage: 85%
2026-05-23T14:15:01Z [BACKUP-SVC] certificate expiry check: 327 days remaining
2026-05-23T05:04:47Z [METRICS-AGENT] backup written to /mnt/nas/daily_2026-05-19.tar.gz
2026-05-23T20:40:16Z [FIREWALL] backup written to /mnt/nas/daily_2026-05-22.tar.gz
2026-05-23T01:59:09Z [ERP-BRIDGE] user session 347: login from 10.0.0.157
2026-05-23T11:53:14Z [FIREWALL] disk usage: 67%
2026-05-23T01:45:33Z [ERP-BRIDGE] user session 491: login from 10.0.0.39
2026-05-23T22:29:20Z [FIREWALL] metrics flush: 3126 points
2026-05-23T01:26:37Z [ERP-BRIDGE] disk usage: 57%
2026-05-23T23:55:20Z [METRICS-AGENT] backup written to /mnt/nas/daily_2026-05-06.tar.gz
2026-05-23T23:49:37Z [METRICS-AGENT] disk usage: 72%
2026-05-23T20:47:04Z [METRICS-AGENT] connection pool: 6/100
2026-05-23T08:06:25Z [MES] connection pool: 38/100
2026-05-23T09:32:12Z [ERP-BRIDGE] user session 761: login from 10.0.0.158
2026-05-23T22:39:26Z [ERP-BRIDGE] metrics flush: 2323 points
2026-05-23T20:03:59Z [BACKUP-SVC] disk usage: 71%
2026-05-23T19:37:42Z [ERP-BRIDGE] config sync OK
2026-05-23T01:36:33Z [ERP-BRIDGE] backup written to /mnt/nas/daily_2026-05-06.tar.gz
2026-05-23T07:23:43Z [METRICS-AGENT] certificate expiry check: 285 days remaining
2026-05-23T02:44:51Z [ERP-BRIDGE] health check passed
2026-05-23T03:00:28Z [METRICS-AGENT] metrics flush: 4473 points
2026-05-23T05:39:45Z [SCADA] config sync OK
2026-05-23T05:40:04Z [FIREWALL] connection pool: 84/100
2026-05-23T14:35:21Z [METRICS-AGENT] backup written to /mnt/nas/daily_2026-05-11.tar.gz
2026-05-23T02:16:07Z [FIREWALL] user session 724: login from 10.0.0.173
2026-05-23T12:32:04Z [METRICS-AGENT] connection pool: 49/100
2026-05-23T22:42:06Z [BACKUP-SVC] metrics flush: 2872 points
2026-05-23T13:59:09Z [METRICS-AGENT] health check passed
2026-05-23T11:21:40Z [METRICS-AGENT] disk usage: 72%
2026-05-23T02:18:28Z [SCADA] backup written to /mnt/nas/daily_2026-05-16.tar.gz
2026-05-23T10:00:17Z [ERP-BRIDGE] user session 422: login from 10.0.0.42
2026-05-23T05:41:28Z [FIREWALL] health check passed
2026-05-23T03:19:36Z [MES] metrics flush: 2878 points
2026-05-23T13:03:43Z [FIREWALL] certificate expiry check: 168 days remaining
2026-05-23T16:55:19Z [METRICS-AGENT] disk usage: 52%
2026-05-23T01:55:45Z [MES] memory pressure: 3140 MB free
2026-05-23T07:13:57Z [BACKUP-SVC] user session 448: login from 10.0.0.3
2026-05-23T18:03:01Z [FIREWALL] health check passed
2026-05-23T09:21:06Z [BACKUP-SVC] config sync OK
2026-05-23T08:43:54Z [ERP-BRIDGE] metrics flush: 1106 points
2026-05-23T12:50:33Z [SCADA] disk usage: 78%
2026-05-23T12:29:09Z [MES] user session 106: login from 10.0.0.174
2026-05-23T22:49:04Z [FIREWALL] metrics flush: 1597 points
2026-05-23T07:19:29Z [MES] memory pressure: 1047 MB free
2026-05-23T06:21:27Z [MES] certificate expiry check: 354 days remaining
2026-05-23T06:37:19Z [MES] metrics flush: 2468 points
2026-05-23T16:28:06Z [BACKUP-SVC] certificate expiry check: 242 days remaining
2026-05-23T03:39:59Z [SCADA] health check passed
2026-05-23T10:31:06Z [METRICS-AGENT] memory pressure: 1866 MB free
2026-05-23T01:10:15Z [BACKUP-SVC] metrics flush: 4593 points
2026-05-23T06:46:20Z [BACKUP-SVC] config sync OK
2026-05-23T21:24:36Z [FIREWALL] connection pool: 65/100
2026-05-23T09:30:25Z [MES] connection pool: 50/100
2026-05-23T14:38:17Z [FIREWALL] certificate expiry check: 19 days remaining
2026-05-23T16:49:04Z [SCADA] memory pressure: 3104 MB free
2026-05-23T13:03:09Z [FIREWALL] certificate expiry check: 208 days remaining
2026-05-23T08:31:52Z [METRICS-AGENT] metrics flush: 4366 points
2026-05-23T11:07:21Z [BACKUP-SVC] backup written to /mnt/nas/daily_2026-05-04.tar.gz
2026-05-23T19:15:58Z [ERP-BRIDGE] health check passed
2026-05-23T09:30:04Z [SCADA] disk usage: 82%
2026-05-23T07:47:33Z [ERP-BRIDGE] user session 405: login from 10.0.0.73
2026-05-23T22:21:08Z [FIREWALL] health check passed
2026-05-23T04:16:08Z [SCADA] user session 658: login from 10.0.0.166
2026-05-23T07:10:28Z [MES] connection pool: 44/100
2026-05-23T01:23:34Z [METRICS-AGENT] user session 349: login from 10.0.0.213
2026-05-23T08:31:02Z [MES] health check passed
2026-05-23T14:30:21Z [BACKUP-SVC] disk usage: 75%
2026-05-23T08:42:45Z [METRICS-AGENT] memory pressure: 4060 MB free
2026-05-23T22:29:46Z [FIREWALL] config sync OK
2026-05-23T17:46:09Z [SCADA] connection pool: 50/100
2026-05-23T12:58:01Z [SCADA] health check passed
2026-05-23T21:03:59Z [METRICS-AGENT] connection pool: 63/100
2026-05-23T06:40:31Z [FIREWALL] config sync OK
2026-05-23T10:53:34Z [SCADA] certificate expiry check: 113 days remaining
2026-05-23T14:40:45Z [SCADA] config sync OK
2026-05-23T16:10:31Z [FIREWALL] certificate expiry check: 64 days remaining
2026-05-23T01:01:33Z [BACKUP-SVC] metrics flush: 2745 points
2026-05-23T07:08:49Z [SCADA] health check passed
2026-05-23T06:33:46Z [SCADA] metrics flush: 2873 points
2026-05-23T03:30:49Z [SCADA] config sync OK
2026-05-23T04:25:09Z [BACKUP-SVC] health check passed
2026-05-23T19:16:32Z [BACKUP-SVC] user session 864: login from 10.0.0.162
2026-05-23T15:01:08Z [FIREWALL] metrics flush: 1917 points
2026-05-23T06:57:01Z [SCADA] config sync OK
2026-05-23T18:56:21Z [SCADA] backup written to /mnt/nas/daily_2026-05-15.tar.gz
2026-05-23T05:03:47Z [SCADA] certificate expiry check: 31 days remaining
2026-05-23T16:07:42Z [SCADA] backup written to /mnt/nas/daily_2026-05-06.tar.gz
2026-05-23T08:36:47Z [SCADA] backup written to /mnt/nas/daily_2026-05-07.tar.gz
2026-05-23T23:41:10Z [FIREWALL] certificate expiry check: 132 days remaining
2026-05-23T07:09:20Z [MES] memory pressure: 2415 MB free
2026-05-23T09:45:46Z [METRICS-AGENT] metrics flush: 4738 points
2026-05-23T06:24:52Z [SCADA] backup written to /mnt/nas/daily_2026-05-19.tar.gz
2026-05-23T17:19:51Z [ERP-BRIDGE] health check passed
2026-05-23T20:00:53Z [METRICS-AGENT] user session 419: login from 10.0.0.140
2026-05-23T12:37:07Z [SCADA] disk usage: 82%
2026-05-23T10:36:59Z [FIREWALL] memory pressure: 3046 MB free
2026-05-23T08:17:24Z [MES] connection pool: 14/100
2026-05-23T16:15:37Z [MES] metrics flush: 3225 points
2026-05-23T12:10:16Z [MES] config sync OK
2026-05-23T18:22:14Z [MES] backup written to /mnt/nas/daily_2026-05-20.tar.gz
2026-05-23T04:07:32Z [METRICS-AGENT] health check passed
2026-05-23T10:33:01Z [SCADA] config sync OK
2026-05-23T08:19:35Z [MES] health check passed
2026-05-23T15:35:04Z [BACKUP-SVC] user session 176: login from 10.0.0.168
2026-05-23T05:06:29Z [FIREWALL] certificate expiry check: 164 days remaining
2026-05-23T12:54:45Z [METRICS-AGENT] disk usage: 42%
2026-05-23T06:54:32Z [BACKUP-SVC] certificate expiry check: 119 days remaining
2026-05-23T18:50:17Z [MES] certificate expiry check: 68 days remaining
2026-05-23T21:47:24Z [SCADA] certificate expiry check: 17 days remaining
2026-05-23T14:33:08Z [MES] health check passed
2026-05-23T00:54:03Z [METRICS-AGENT] backup written to /mnt/nas/daily_2026-05-04.tar.gz
2026-05-23T13:00:34Z [MES] config sync OK
2026-05-23T03:41:14Z [SCADA] certificate expiry check: 150 days remaining
2026-05-23T11:32:50Z [BACKUP-SVC] user session 479: login from 10.0.0.26
2026-05-23T02:19:15Z [METRICS-AGENT] disk usage: 60%
2026-05-23T13:00:01Z [MES] user session 985: login from 10.0.0.135
2026-05-23T05:44:24Z [MES] user session 299: login from 10.0.0.34
2026-05-23T07:35:20Z [METRICS-AGENT] health check passed
2026-05-23T07:51:52Z [FIREWALL] user session 886: login from 10.0.0.94
2026-05-23T17:40:15Z [MES] metrics flush: 1492 points
2026-05-23T21:32:46Z [METRICS-AGENT] certificate expiry check: 99 days remaining
2026-05-23T05:35:12Z [BACKUP-SVC] user session 616: login from 10.0.0.17
2026-05-23T19:07:16Z [SCADA] memory pressure: 1882 MB free
2026-05-23T22:43:12Z [SCADA] disk usage: 77%
2026-05-23T18:07:32Z [BACKUP-SVC] user session 215: login from 10.0.0.56
2026-05-23T22:58:34Z [FIREWALL] health check passed
2026-05-23T16:55:23Z [BACKUP-SVC] memory pressure: 2587 MB free
2026-05-23T01:01:28Z [SCADA] certificate expiry check: 185 days remaining
2026-05-23T08:26:09Z [BACKUP-SVC] metrics flush: 1019 points
2026-05-23T05:28:41Z [METRICS-AGENT] config sync OK
2026-05-23T13:43:07Z [ERP-BRIDGE] config sync OK
2026-05-23T17:17:21Z [MES] memory pressure: 3493 MB free
2026-05-23T18:26:07Z [BACKUP-SVC] user session 456: login from 10.0.0.197
2026-05-23T04:20:45Z [SCADA] disk usage: 53%
2026-05-23T13:26:21Z [FIREWALL] connection pool: 91/100
2026-05-23T00:06:59Z [BACKUP-SVC] memory pressure: 1177 MB free
2026-05-23T06:16:07Z [SCADA] health check passed
2026-05-23T14:06:15Z [SCADA] user session 316: login from 10.0.0.132
2026-05-23T13:55:37Z [FIREWALL] config sync OK
2026-05-23T01:11:51Z [FIREWALL] health check passed
2026-05-23T08:41:17Z [BACKUP-SVC] user session 414: login from 10.0.0.101
2026-05-23T11:18:47Z [SCADA] certificate expiry check: 141 days remaining
2026-05-23T08:51:17Z [BACKUP-SVC] connection pool: 64/100
2026-05-23T07:44:20Z [MES] certificate expiry check: 248 days remaining
2026-05-23T05:51:10Z [BACKUP-SVC] disk usage: 56%
2026-05-23T13:24:46Z [SCADA] certificate expiry check: 353 days remaining
2026-05-23T07:38:41Z [SCADA] connection pool: 5/100
2026-05-23T21:55:38Z [ERP-BRIDGE] config sync OK
2026-05-23T20:49:18Z [METRICS-AGENT] backup written to /mnt/nas/daily_2026-05-09.tar.gz
2026-05-23T17:41:31Z [FIREWALL] connection pool: 66/100
2026-05-23T14:01:16Z [METRICS-AGENT] user session 854: login from 10.0.0.52
2026-05-23T12:00:30Z [SCADA] connection pool: 94/100
2026-05-23T15:34:38Z [MES] health check passed
2026-05-23T11:13:42Z [SCADA] connection pool: 86/100
2026-05-23T06:35:44Z [METRICS-AGENT] connection pool: 7/100
2026-05-23T19:25:11Z [MES] backup written to /mnt/nas/daily_2026-05-10.tar.gz
2026-05-23T13:01:52Z [FIREWALL] disk usage: 64%
2026-05-23T16:44:47Z [METRICS-AGENT] connection pool: 17/100
2026-05-23T00:27:00Z [ERP-BRIDGE] backup written to /mnt/nas/daily_2026-05-05.tar.gz
2026-05-23T21:26:52Z [ERP-BRIDGE] health check passed
2026-05-23T06:30:01Z [METRICS-AGENT] health check passed
2026-05-23T07:33:30Z [BACKUP-SVC] connection pool: 63/100
2026-05-23T08:51:14Z [BACKUP-SVC] certificate expiry check: 19 days remaining
2026-05-23T23:00:28Z [FIREWALL] user session 464: login from 10.0.0.68
2026-05-23T18:41:07Z [FIREWALL] health check passed
2026-05-23T20:57:41Z [FIREWALL] disk usage: 83%
2026-05-23T20:50:47Z [FIREWALL] disk usage: 52%
2026-05-23T13:37:34Z [METRICS-AGENT] certificate expiry check: 244 days remaining
2026-05-23T21:57:55Z [FIREWALL] config sync OK
2026-05-23T07:15:12Z [SCADA] user session 788: login from 10.0.0.10
2026-05-23T20:07:11Z [FIREWALL] config sync OK
2026-05-23T11:16:12Z [FIREWALL] connection pool: 18/100
2026-05-23T20:02:54Z [SCADA] connection pool: 56/100
2026-05-23T15:53:01Z [MES] memory pressure: 3346 MB free
2026-05-23T02:58:43Z [FIREWALL] health check passed
2026-05-23T11:12:04Z [BACKUP-SVC] config sync OK
2026-05-23T08:48:35Z [ERP-BRIDGE] config sync OK
2026-05-23T05:28:56Z [FIREWALL] certificate expiry check: 163 days remaining
2026-05-23T02:01:47Z [SCADA] backup written to /mnt/nas/daily_2026-05-19.tar.gz
2026-05-23T01:30:28Z [METRICS-AGENT] connection pool: 35/100
2026-05-23T00:31:48Z [BACKUP-SVC] connection pool: 56/100
2026-05-23T19:31:55Z [SCADA] disk usage: 86%
2026-05-23T21:12:44Z [FIREWALL] disk usage: 55%
2026-05-23T15:25:01Z [FIREWALL] certificate expiry check: 350 days remaining
2026-05-23T19:54:03Z [METRICS-AGENT] disk usage: 41%
2026-05-23T10:44:23Z [FIREWALL] user session 554: login from 10.0.0.50
2026-05-23T07:29:16Z [SCADA] certificate expiry check: 97 days remaining
2026-05-23T04:12:40Z [METRICS-AGENT] memory pressure: 595 MB free
2026-05-23T13:21:50Z [ERP-BRIDGE] memory pressure: 2714 MB free
2026-05-23T02:57:51Z [METRICS-AGENT] memory pressure: 823 MB free
2026-05-23T13:06:56Z [MES] config sync OK
2026-05-23T02:26:09Z [MES] memory pressure: 2927 MB free
2026-05-23T00:28:17Z [BACKUP-SVC] backup written to /mnt/nas/daily_2026-05-19.tar.gz
2026-05-23T07:23:52Z [BACKUP-SVC] backup written to /mnt/nas/daily_2026-05-21.tar.gz
2026-05-23T15:07:16Z [SCADA] backup written to /mnt/nas/daily_2026-05-15.tar.gz
2026-05-23T21:26:54Z [ERP-BRIDGE] config sync OK
2026-05-23T02:21:03Z [ERP-BRIDGE] connection pool: 65/100
2026-05-23T13:28:51Z [MES] config sync OK
2026-05-23T06:00:28Z [METRICS-AGENT] health check passed
2026-05-23T14:41:27Z [ERP-BRIDGE] config sync OK
2026-05-23T22:14:29Z [SCADA] config sync OK
2026-05-23T07:30:50Z [MES] config sync OK
2026-05-23T18:21:13Z [ERP-BRIDGE] connection pool: 40/100
2026-05-23T05:09:04Z [ERP-BRIDGE] memory pressure: 1258 MB free
2026-05-23T19:22:42Z [SCADA] user session 925: login from 10.0.0.167
2026-05-23T05:53:03Z [MES] config sync OK
2026-05-23T04:23:02Z [FIREWALL] disk usage: 64%
2026-05-23T04:28:01Z [FIREWALL] backup written to /mnt/nas/daily_2026-05-04.tar.gz
2026-05-23T13:43:42Z [FIREWALL] certificate expiry check: 113 days remaining
2026-05-23T03:10:14Z [ERP-BRIDGE] health check passed
2026-05-23T20:39:42Z [BACKUP-SVC] metrics flush: 3563 points
2026-05-23T14:07:46Z [SCADA] config sync OK
2026-05-23T07:36:30Z [SCADA] config sync OK
2026-05-23T08:40:17Z [SCADA] memory pressure: 3517 MB free
2026-05-23T08:16:58Z [METRICS-AGENT] memory pressure: 2970 MB free
2026-05-23T06:17:56Z [FIREWALL] memory pressure: 3416 MB free
2026-05-23T10:50:36Z [MES] disk usage: 87%
2026-05-23T16:08:35Z [SCADA] connection pool: 64/100
2026-05-23T09:58:35Z [MES] config sync OK
2026-05-23T05:45:23Z [ERP-BRIDGE] metrics flush: 3334 points
2026-05-23T01:09:25Z [ERP-BRIDGE] disk usage: 47%
2026-05-23T01:47:53Z [METRICS-AGENT] certificate expiry check: 129 days remaining
2026-05-23T15:27:17Z [METRICS-AGENT] health check passed
2026-05-23T16:53:24Z [SCADA] user session 798: login from 10.0.0.58
2026-05-23T07:26:09Z [MES] metrics flush: 3249 points
2026-05-23T23:20:30Z [FIREWALL] connection pool: 82/100
2026-05-23T10:55:04Z [ERP-BRIDGE] metrics flush: 3577 points
2026-05-23T23:47:12Z [METRICS-AGENT] health check passed
2026-05-23T16:25:31Z [SCADA] disk usage: 72%
2026-05-23T22:45:56Z [SCADA] certificate expiry check: 266 days remaining
2026-05-23T06:34:31Z [BACKUP-SVC] health check passed
2026-05-23T18:16:05Z [METRICS-AGENT] certificate expiry check: 363 days remaining
2026-05-23T01:32:16Z [FIREWALL] certificate expiry check: 150 days remaining
2026-05-23T13:33:34Z [BACKUP-SVC] disk usage: 78%
2026-05-23T22:08:33Z [METRICS-AGENT] metrics flush: 1428 points
2026-05-23T09:38:04Z [BACKUP-SVC] memory pressure: 3600 MB free
2026-05-23T20:24:05Z [METRICS-AGENT] config sync OK
2026-05-23T13:06:35Z [ERP-BRIDGE] metrics flush: 1592 points
2026-05-23T08:29:45Z [FIREWALL] connection pool: 33/100
2026-05-23T22:48:03Z [FIREWALL] memory pressure: 2809 MB free
2026-05-23T16:59:22Z [METRICS-AGENT] memory pressure: 3178 MB free
2026-05-23T22:29:12Z [FIREWALL] connection pool: 38/100
2026-05-23T21:58:14Z [BACKUP-SVC] backup written to /mnt/nas/daily_2026-05-02.tar.gz
2026-05-23T12:15:39Z [METRICS-AGENT] backup written to /mnt/nas/daily_2026-05-10.tar.gz
2026-05-23T07:51:38Z [FIREWALL] backup written to /mnt/nas/daily_2026-05-21.tar.gz
2026-05-23T07:34:43Z [MES] user session 905: login from 10.0.0.217
2026-05-23T04:27:09Z [ERP-BRIDGE] backup written to /mnt/nas/daily_2026-05-06.tar.gz
2026-05-23T06:48:23Z [METRICS-AGENT] metrics flush: 2892 points
2026-05-23T09:57:18Z [FIREWALL] health check passed
2026-05-23T09:43:37Z [METRICS-AGENT] backup written to /mnt/nas/daily_2026-05-16.tar.gz
2026-05-23T06:56:36Z [ERP-BRIDGE] metrics flush: 3431 points
2026-05-23T04:41:08Z [BACKUP-SVC] memory pressure: 2664 MB free
2026-05-23T22:08:18Z [BACKUP-SVC] certificate expiry check: 36 days remaining
2026-05-23T09:01:19Z [METRICS-AGENT] memory pressure: 1416 MB free
2026-05-23T23:39:55Z [METRICS-AGENT] user session 245: login from 10.0.0.41
2026-05-23T12:21:07Z [MES] disk usage: 63%
2026-05-23T13:56:22Z [METRICS-AGENT] user session 336: login from 10.0.0.14
2026-05-23T01:03:02Z [METRICS-AGENT] config sync OK
2026-05-23T16:35:50Z [METRICS-AGENT] backup written to /mnt/nas/daily_2026-05-16.tar.gz
2026-05-23T22:24:33Z [SCADA] memory pressure: 872 MB free
2026-05-23T13:44:37Z [FIREWALL] metrics flush: 1272 points
2026-05-23T21:06:51Z [SCADA] user session 664: login from 10.0.0.124
2026-05-23T22:02:23Z [SCADA] health check passed
2026-05-23T22:33:38Z [MES] certificate expiry check: 252 days remaining
2026-05-23T11:10:13Z [BACKUP-SVC] certificate expiry check: 102 days remaining
2026-05-23T00:52:53Z [METRICS-AGENT] certificate expiry check: 171 days remaining
2026-05-23T22:23:15Z [ERP-BRIDGE] user session 347: login from 10.0.0.35
2026-05-23T15:10:24Z [METRICS-AGENT] config sync OK
2026-05-23T01:24:53Z [ERP-BRIDGE] metrics flush: 986 points
2026-05-23T09:44:44Z [ERP-BRIDGE] metrics flush: 1415 points
2026-05-23T13:17:41Z [ERP-BRIDGE] disk usage: 47%
2026-05-23T18:45:56Z [BACKUP-SVC] config sync OK
2026-05-23T01:45:14Z [SCADA] health check passed
2026-05-23T15:41:58Z [METRICS-AGENT] config sync OK
2026-05-23T03:09:58Z [METRICS-AGENT] certificate expiry check: 223 days remaining
2026-05-23T11:34:54Z [METRICS-AGENT] health check passed
2026-05-23T15:37:23Z [ERP-BRIDGE] backup written to /mnt/nas/daily_2026-05-06.tar.gz
2026-05-23T01:33:48Z [FIREWALL] memory pressure: 2346 MB free
2026-05-23T11:30:15Z [BACKUP-SVC] user session 885: login from 10.0.0.25
2026-05-23T03:15:00Z [ERP-BRIDGE] connection pool: 17/100
2026-05-23T08:42:57Z [SCADA] disk usage: 78%
2026-05-23T02:03:54Z [ERP-BRIDGE] config sync OK
2026-05-23T04:29:27Z [BACKUP-SVC] connection pool: 22/100
2026-05-23T15:17:22Z [MES] disk usage: 83%
2026-05-23T05:18:49Z [FIREWALL] health check passed
2026-05-23T06:17:50Z [BACKUP-SVC] config sync OK
2026-05-23T21:23:51Z [METRICS-AGENT] config sync OK
2026-05-23T15:02:18Z [BACKUP-SVC] metrics flush: 4261 points
2026-05-23T09:25:38Z [MES] backup written to /mnt/nas/daily_2026-05-21.tar.gz
2026-05-23T10:38:29Z [SCADA] user session 899: login from 10.0.0.160
2026-05-23T05:29:01Z [METRICS-AGENT] certificate expiry check: 274 days remaining
2026-05-23T07:40:52Z [BACKUP-SVC] metrics flush: 4182 points
2026-05-23T15:59:10Z [SCADA] disk usage: 41%
2026-05-23T05:55:32Z [SCADA] user session 555: login from 10.0.0.220
2026-05-23T02:47:30Z [BACKUP-SVC] config sync OK
2026-05-23T16:00:00Z [SCADA] backup written to /mnt/nas/daily_2026-05-19.tar.gz
2026-05-23T18:37:31Z [BACKUP-SVC] connection pool: 76/100
2026-05-23T09:55:34Z [ERP-BRIDGE] certificate expiry check: 268 days remaining
2026-05-23T00:18:01Z [BACKUP-SVC] config sync OK
2026-05-23T21:23:19Z [ERP-BRIDGE] disk usage: 56%
2026-05-23T17:52:12Z [FIREWALL] user session 279: login from 10.0.0.183
2026-05-23T16:18:31Z [MES] memory pressure: 2873 MB free
2026-05-23T21:36:39Z [BACKUP-SVC] connection pool: 22/100
2026-05-23T07:49:08Z [FIREWALL] metrics flush: 4321 points
2026-05-23T18:00:26Z [SCADA] metrics flush: 1878 points
2026-05-23T04:49:31Z [ERP-BRIDGE] memory pressure: 1387 MB free
2026-05-23T05:43:37Z [SCADA] memory pressure: 3127 MB free
2026-05-23T18:52:47Z [ERP-BRIDGE] config sync OK
2026-05-23T16:34:50Z [SCADA] config sync OK
2026-05-23T22:29:39Z [MES] user session 751: login from 10.0.0.216
2026-05-23T22:49:27Z [BACKUP-SVC] connection pool: 49/100
2026-05-23T08:20:54Z [MES] disk usage: 80%
2026-05-23T02:27:23Z [FIREWALL] connection pool: 21/100
2026-05-23T08:13:59Z [ERP-BRIDGE] metrics flush: 1134 points
2026-05-23T11:29:57Z [FIREWALL] metrics flush: 4409 points
2026-05-23T00:09:35Z [BACKUP-SVC] health check passed
2026-05-23T02:59:55Z [SCADA] memory pressure: 3030 MB free
2026-05-23T06:15:56Z [SCADA] config sync OK
2026-05-23T03:10:51Z [MES] certificate expiry check: 19 days remaining
2026-05-23T22:42:08Z [MES] metrics flush: 3917 points
2026-05-23T14:13:36Z [MES] certificate expiry check: 50 days remaining
2026-05-23T02:44:48Z [BACKUP-SVC] connection pool: 16/100
2026-05-23T00:22:45Z [MES] certificate expiry check: 293 days remaining
2026-05-23T07:56:42Z [MES] metrics flush: 2453 points
2026-05-23T12:55:34Z [METRICS-AGENT] metrics flush: 3674 points
2026-05-23T04:47:43Z [ERP-BRIDGE] metrics flush: 1450 points
2026-05-23T17:49:55Z [ERP-BRIDGE] config sync OK
2026-05-23T22:11:11Z [ERP-BRIDGE] disk usage: 47%
2026-05-23T15:56:02Z [FIREWALL] backup written to /mnt/nas/daily_2026-05-04.tar.gz
2026-05-23T22:06:17Z [METRICS-AGENT] metrics flush: 3166 points
2026-05-23T05:53:35Z [METRICS-AGENT] user session 748: login from 10.0.0.56
2026-05-23T00:27:31Z [ERP-BRIDGE] config sync OK
2026-05-23T02:51:55Z [BACKUP-SVC] metrics flush: 2656 points
2026-05-23T19:33:07Z [MES] memory pressure: 2015 MB free
2026-05-23T16:53:26Z [BACKUP-SVC] backup written to /mnt/nas/daily_2026-05-08.tar.gz
2026-05-23T19:39:34Z [ERP-BRIDGE] certificate expiry check: 98 days remaining
2026-05-23T23:49:29Z [ERP-BRIDGE] disk usage: 45%
2026-05-23T23:33:30Z [BACKUP-SVC] user session 378: login from 10.0.0.212
2026-05-23T21:28:20Z [METRICS-AGENT] certificate expiry check: 225 days remaining
2026-05-23T18:21:57Z [BACKUP-SVC] disk usage: 42%
2026-05-23T14:06:11Z [ERP-BRIDGE] user session 202: login from 10.0.0.90
2026-05-23T06:31:21Z [ERP-BRIDGE] certificate expiry check: 263 days remaining
2026-05-23T05:56:10Z [BACKUP-SVC] config sync OK
2026-05-23T16:55:06Z [MES] config sync OK
2026-05-23T09:48:28Z [SCADA] metrics flush: 3694 points
2026-05-23T16:04:15Z [MES] connection pool: 31/100
2026-05-23T20:10:08Z [ERP-BRIDGE] config sync OK
2026-05-23T23:27:42Z [ERP-BRIDGE] memory pressure: 2308 MB free
2026-05-23T16:48:16Z [BACKUP-SVC] memory pressure: 2853 MB free
2026-05-23T07:46:28Z [METRICS-AGENT] disk usage: 88%
2026-05-23T18:30:52Z [BACKUP-SVC] connection pool: 32/100
2026-05-23T10:59:17Z [SCADA] metrics flush: 2641 points
2026-05-23T07:27:53Z [SCADA] connection pool: 72/100
2026-05-23T09:27:16Z [MES] disk usage: 49%
2026-05-23T06:04:16Z [SCADA] config sync OK
2026-05-23T14:40:17Z [SCADA] metrics flush: 3502 points
2026-05-23T18:18:08Z [MES] user session 697: login from 10.0.0.202
2026-05-23T11:12:06Z [METRICS-AGENT] user session 906: login from 10.0.0.106
2026-05-23T14:37:10Z [FIREWALL] user session 709: login from 10.0.0.177
2026-05-23T17:18:21Z [FIREWALL] health check passed
2026-05-23T03:25:18Z [FIREWALL] config sync OK
2026-05-23T01:59:53Z [ERP-BRIDGE] certificate expiry check: 115 days remaining
2026-05-23T22:16:14Z [SCADA] backup written to /mnt/nas/daily_2026-05-10.tar.gz
2026-05-23T19:42:01Z [FIREWALL] disk usage: 77%
2026-05-23T00:05:16Z [BACKUP-SVC] health check passed
2026-05-23T21:16:42Z [SCADA] memory pressure: 3416 MB free
2026-05-23T17:24:24Z [MES] health check passed
2026-05-23T02:47:00Z [ERP-BRIDGE] backup written to /mnt/nas/daily_2026-05-01.tar.gz
2026-05-23T22:57:29Z [METRICS-AGENT] metrics flush: 4216 points
2026-05-23T17:42:59Z [BACKUP-SVC] connection pool: 60/100
2026-05-23T07:10:07Z [FIREWALL] health check passed
2026-05-23T13:07:36Z [SCADA] backup written to /mnt/nas/daily_2026-05-09.tar.gz
2026-05-23T16:43:23Z [SCADA] user session 285: login from 10.0.0.245
2026-05-23T05:35:38Z [BACKUP-SVC] user session 638: login from 10.0.0.129
2026-05-23T07:41:18Z [FIREWALL] user session 439: login from 10.0.0.126
2026-05-23T03:15:07Z [SCADA] certificate expiry check: 275 days remaining
2026-05-23T12:35:49Z [ERP-BRIDGE] config sync OK
2026-05-23T10:52:08Z [METRICS-AGENT] memory pressure: 3084 MB free
2026-05-23T12:34:16Z [BACKUP-SVC] certificate expiry check: 296 days remaining
2026-05-23T00:29:18Z [METRICS-AGENT] config sync OK
2026-05-23T13:59:35Z [MES] connection pool: 44/100
2026-05-23T03:26:28Z [FIREWALL] memory pressure: 1050 MB free
2026-05-23T18:11:55Z [ERP-BRIDGE] connection pool: 91/100
2026-05-23T03:39:49Z [MES] config sync OK
2026-05-23T19:40:51Z [BACKUP-SVC] health check passed
2026-05-23T15:17:11Z [BACKUP-SVC] memory pressure: 2929 MB free
2026-05-23T13:03:54Z [ERP-BRIDGE] connection pool: 23/100
2026-05-23T16:17:10Z [FIREWALL] metrics flush: 3353 points
2026-05-23T14:34:30Z [ERP-BRIDGE] certificate expiry check: 141 days remaining
2026-05-23T00:19:00Z [FIREWALL] connection pool: 67/100
2026-05-23T20:05:30Z [ERP-BRIDGE] backup written to /mnt/nas/daily_2026-05-17.tar.gz
2026-05-23T01:33:22Z [FIREWALL] certificate expiry check: 30 days remaining
2026-05-23T21:40:11Z [ERP-BRIDGE] user session 198: login from 10.0.0.140
2026-05-23T23:03:50Z [FIREWALL] user session 502: login from 10.0.0.117
2026-05-23T18:35:35Z [FIREWALL] connection pool: 94/100
2026-05-23T03:16:32Z [FIREWALL] connection pool: 29/100
2026-05-23T12:14:31Z [METRICS-AGENT] disk usage: 81%
2026-05-23T00:08:17Z [METRICS-AGENT] certificate expiry check: 349 days remaining
2026-05-23T12:01:14Z [SCADA] backup written to /mnt/nas/daily_2026-05-16.tar.gz
2026-05-23T12:46:05Z [MES] health check passed
2026-05-23T14:07:12Z [BACKUP-SVC] connection pool: 38/100
2026-05-23T17:45:03Z [SCADA] connection pool: 12/100
2026-05-23T00:44:40Z [ERP-BRIDGE] backup written to /mnt/nas/daily_2026-05-06.tar.gz
2026-05-23T12:45:03Z [FIREWALL] certificate expiry check: 194 days remaining
2026-05-23T14:09:48Z [ERP-BRIDGE] certificate expiry check: 276 days remaining
2026-05-23T10:16:28Z [FIREWALL] memory pressure: 2483 MB free
2026-05-23T06:48:46Z [MES] connection pool: 82/100
2026-05-23T20:36:57Z [METRICS-AGENT] connection pool: 79/100
2026-05-23T15:22:30Z [METRICS-AGENT] config sync OK
2026-05-23T22:16:17Z [SCADA] certificate expiry check: 46 days remaining
2026-05-23T20:39:05Z [ERP-BRIDGE] metrics flush: 2851 points
2026-05-23T08:12:58Z [SCADA] memory pressure: 3640 MB free
2026-05-23T17:27:34Z [ERP-BRIDGE] certificate expiry check: 222 days remaining
2026-05-23T19:08:27Z [ERP-BRIDGE] config sync OK
2026-05-23T20:43:06Z [METRICS-AGENT] config sync OK
2026-05-23T21:28:12Z [BACKUP-SVC] connection pool: 73/100
2026-05-23T11:35:36Z [METRICS-AGENT] disk usage: 51%
2026-05-23T03:47:39Z [MES] metrics flush: 1659 points
2026-05-23T05:56:27Z [MES] health check passed
2026-05-23T05:08:57Z [METRICS-AGENT] health check passed
2026-05-23T22:13:50Z [SCADA] certificate expiry check: 97 days remaining
2026-05-23T09:55:52Z [MES] user session 499: login from 10.0.0.129
2026-05-23T05:09:26Z [FIREWALL] health check passed
2026-05-23T18:32:46Z [METRICS-AGENT] disk usage: 46%
2026-05-23T02:57:51Z [ERP-BRIDGE] metrics flush: 1200 points
2026-05-23T20:10:16Z [BACKUP-SVC] metrics flush: 1679 points
2026-05-23T00:26:21Z [FIREWALL] config sync OK
2026-05-23T16:32:25Z [MES] metrics flush: 3914 points
2026-05-23T16:29:09Z [FIREWALL] config sync OK
2026-05-23T15:09:16Z [ERP-BRIDGE] certificate expiry check: 92 days remaining
2026-05-23T18:52:48Z [METRICS-AGENT] user session 152: login from 10.0.0.8
2026-05-23T15:46:05Z [METRICS-AGENT] health check passed
2026-05-23T19:40:56Z [METRICS-AGENT] health check passed
2026-05-23T07:58:04Z [MES] health check passed
2026-05-23T01:19:25Z [METRICS-AGENT] connection pool: 46/100
2026-05-23T14:48:42Z [ERP-BRIDGE] user session 971: login from 10.0.0.140
2026-05-23T06:01:56Z [BACKUP-SVC] backup written to /mnt/nas/daily_2026-05-10.tar.gz
2026-05-23T19:51:35Z [METRICS-AGENT] memory pressure: 1903 MB free
2026-05-23T10:48:07Z [FIREWALL] connection pool: 75/100
2026-05-23T05:59:43Z [MES] memory pressure: 3699 MB free
2026-05-23T22:12:25Z [ERP-BRIDGE] config sync OK
2026-05-23T20:00:25Z [SCADA] config sync OK
2026-05-23T15:11:06Z [SCADA] backup written to /mnt/nas/daily_2026-05-06.tar.gz
2026-05-23T08:52:49Z [SCADA] memory pressure: 2412 MB free
2026-05-23T22:59:23Z [BACKUP-SVC] connection pool: 50/100
2026-05-23T23:45:06Z [SCADA] certificate expiry check: 340 days remaining
2026-05-23T17:06:39Z [FIREWALL] backup written to /mnt/nas/daily_2026-05-14.tar.gz
2026-05-23T18:44:39Z [METRICS-AGENT] disk usage: 80%
2026-05-23T11:50:47Z [MES] config sync OK
2026-05-23T08:09:03Z [BACKUP-SVC] metrics flush: 4395 points
2026-05-23T05:05:22Z [SCADA] health check passed
2026-05-23T13:36:51Z [METRICS-AGENT] user session 510: login from 10.0.0.249
2026-05-23T05:25:21Z [SCADA] config sync OK
2026-05-23T21:47:30Z [FIREWALL] connection pool: 47/100
2026-05-23T15:47:57Z [MES] metrics flush: 3449 points
2026-05-23T16:28:58Z [FIREWALL] certificate expiry check: 291 days remaining
2026-05-23T13:38:01Z [FIREWALL] memory pressure: 2650 MB free
2026-05-23T07:08:53Z [MES] config sync OK
2026-05-23T12:52:48Z [SCADA] certificate expiry check: 153 days remaining
2026-05-23T21:27:03Z [BACKUP-SVC] backup written to /mnt/nas/daily_2026-05-01.tar.gz
2026-05-23T09:35:51Z [ERP-BRIDGE] certificate expiry check: 19 days remaining
2026-05-23T13:44:41Z [BACKUP-SVC] health check passed
2026-05-23T21:35:06Z [SCADA] connection pool: 69/100
2026-05-23T16:30:14Z [SCADA] config sync OK
2026-05-23T06:57:06Z [SCADA] connection pool: 63/100
2026-05-23T12:36:46Z [METRICS-AGENT] user session 642: login from 10.0.0.203
2026-05-23T13:33:00Z [METRICS-AGENT] disk usage: 72%
2026-05-23T21:16:22Z [ERP-BRIDGE] backup written to /mnt/nas/daily_2026-05-07.tar.gz
2026-05-23T09:27:12Z [SCADA] disk usage: 54%
2026-05-23T15:18:02Z [SCADA] memory pressure: 1759 MB free
2026-05-23T20:02:50Z [MES] user session 972: login from 10.0.0.228
2026-05-23T17:45:23Z [SCADA] disk usage: 67%
2026-05-23T11:48:40Z [MES] health check passed
2026-05-23T12:12:15Z [METRICS-AGENT] user session 397: login from 10.0.0.117
2026-05-23T19:39:31Z [SCADA] certificate expiry check: 95 days remaining
2026-05-23T01:54:39Z [ERP-BRIDGE] backup written to /mnt/nas/daily_2026-05-15.tar.gz
2026-05-23T10:16:43Z [SCADA] connection pool: 74/100
2026-05-23T15:18:29Z [SCADA] certificate expiry check: 59 days remaining
2026-05-23T10:31:36Z [BACKUP-SVC] metrics flush: 1026 points
2026-05-23T23:34:32Z [BACKUP-SVC] health check passed
2026-05-23T17:45:23Z [ERP-BRIDGE] user session 530: login from 10.0.0.220
2026-05-23T20:22:42Z [SCADA] health check passed
2026-05-23T08:54:00Z [MES] metrics flush: 2197 points
2026-05-23T20:56:54Z [FIREWALL] config sync OK
2026-05-23T09:34:29Z [ERP-BRIDGE] backup written to /mnt/nas/daily_2026-05-02.tar.gz
2026-05-23T01:25:23Z [FIREWALL] memory pressure: 4040 MB free
2026-05-23T13:32:15Z [METRICS-AGENT] metrics flush: 1145 points
2026-05-23T04:24:03Z [MES] metrics flush: 1217 points
2026-05-23T09:45:19Z [ERP-BRIDGE] config sync OK
2026-05-23T03:12:38Z [METRICS-AGENT] connection pool: 91/100
2026-05-23T10:11:40Z [FIREWALL] disk usage: 81%
2026-05-23T11:48:13Z [SCADA] health check passed
2026-05-23T09:35:30Z [MES] user session 119: login from 10.0.0.190
2026-05-23T17:17:42Z [FIREWALL] metrics flush: 1698 points
2026-05-23T23:51:49Z [BACKUP-SVC] connection pool: 63/100
2026-05-23T08:46:32Z [SCADA] config sync OK
2026-05-23T16:40:25Z [SCADA] memory pressure: 3232 MB free
2026-05-23T17:25:08Z [MES] certificate expiry check: 220 days remaining
2026-05-23T03:17:30Z [METRICS-AGENT] memory pressure: 1902 MB free
2026-05-23T13:02:57Z [METRICS-AGENT] certificate expiry check: 27 days remaining
2026-05-23T03:29:59Z [MES] user session 279: login from 10.0.0.90
2026-05-23T02:16:32Z [FIREWALL] disk usage: 86%
2026-05-23T07:42:23Z [METRICS-AGENT] backup written to /mnt/nas/daily_2026-05-15.tar.gz
2026-05-23T04:46:09Z [BACKUP-SVC] config sync OK
2026-05-23T18:09:27Z [SCADA] connection pool: 95/100
2026-05-23T22:50:08Z [BACKUP-SVC] backup written to /mnt/nas/daily_2026-05-22.tar.gz
2026-05-23T11:59:57Z [SCADA] config sync OK
2026-05-23T20:47:43Z [ERP-BRIDGE] certificate expiry check: 304 days remaining
2026-05-23T23:23:41Z [MES] config sync OK
2026-05-23T01:27:37Z [METRICS-AGENT] health check passed
2026-05-23T07:24:31Z [MES] metrics flush: 2856 points
2026-05-23T13:15:35Z [ERP-BRIDGE] config sync OK
2026-05-23T07:43:19Z [METRICS-AGENT] memory pressure: 2168 MB free
2026-05-23T10:00:03Z [ERP-BRIDGE] connection pool: 68/100
2026-05-23T03:56:34Z [MES] disk usage: 90%
2026-05-23T22:16:54Z [ERP-BRIDGE] disk usage: 89%
2026-05-23T22:24:43Z [METRICS-AGENT] disk usage: 80%
2026-05-23T21:34:26Z [SCADA] memory pressure: 1064 MB free
2026-05-23T12:00:24Z [SCADA] connection pool: 72/100
2026-05-23T21:15:51Z [ERP-BRIDGE] disk usage: 86%
2026-05-23T02:52:35Z [MES] connection pool: 60/100
2026-05-23T02:25:36Z [SCADA] disk usage: 89%
2026-05-23T07:44:59Z [SCADA] config sync OK
2026-05-23T18:07:56Z [BACKUP-SVC] config sync OK
2026-05-23T08:08:59Z [BACKUP-SVC] certificate expiry check: 317 days remaining
2026-05-23T18:03:03Z [FIREWALL] memory pressure: 3297 MB free
2026-05-23T03:52:02Z [FIREWALL] health check passed
2026-05-23T01:47:24Z [MES] backup written to /mnt/nas/daily_2026-05-19.tar.gz
2026-05-23T18:59:19Z [ERP-BRIDGE] connection pool: 94/100
2026-05-23T19:38:21Z [SCADA] certificate expiry check: 311 days remaining
2026-05-23T02:40:37Z [SCADA] backup written to /mnt/nas/daily_2026-05-02.tar.gz
2026-05-23T04:00:54Z [METRICS-AGENT] backup written to /mnt/nas/daily_2026-05-07.tar.gz
2026-05-23T01:49:36Z [FIREWALL] config sync OK
2026-05-23T04:40:03Z [FIREWALL] user session 208: login from 10.0.0.212
2026-05-23T12:22:28Z [FIREWALL] memory pressure: 2859 MB free
2026-05-23T17:59:22Z [BACKUP-SVC] user session 440: login from 10.0.0.86
2026-05-23T17:21:00Z [METRICS-AGENT] certificate expiry check: 169 days remaining
2026-05-23T19:01:36Z [ERP-BRIDGE] memory pressure: 2383 MB free
2026-05-23T23:14:35Z [SCADA] health check passed
2026-05-23T01:21:09Z [FIREWALL] user session 402: login from 10.0.0.24
2026-05-23T06:58:03Z [SCADA] memory pressure: 1864 MB free
2026-05-23T21:46:35Z [MES] config sync OK
2026-05-23T00:32:42Z [METRICS-AGENT] disk usage: 81%
2026-05-23T12:10:06Z [METRICS-AGENT] connection pool: 74/100
2026-05-23T05:36:19Z [METRICS-AGENT] memory pressure: 1048 MB free
2026-05-23T15:03:43Z [MES] certificate expiry check: 113 days remaining
2026-05-23T04:43:56Z [ERP-BRIDGE] backup written to /mnt/nas/daily_2026-05-14.tar.gz
2026-05-23T06:15:12Z [ERP-BRIDGE] certificate expiry check: 298 days remaining
2026-05-23T07:57:27Z [METRICS-AGENT] config sync OK
2026-05-23T08:44:15Z [ERP-BRIDGE] memory pressure: 2984 MB free
2026-05-23T08:06:34Z [MES] metrics flush: 1021 points
2026-05-23T17:11:42Z [SCADA] backup written to /mnt/nas/daily_2026-05-08.tar.gz
2026-05-23T08:55:31Z [FIREWALL] connection pool: 88/100
2026-05-23T10:35:10Z [METRICS-AGENT] connection pool: 50/100
2026-05-23T13:16:04Z [METRICS-AGENT] health check passed
2026-05-23T22:44:17Z [MES] metrics flush: 4740 points
2026-05-23T21:09:32Z [MES] health check passed
2026-05-23T04:09:10Z [FIREWALL] connection pool: 52/100
2026-05-23T14:14:56Z [BACKUP-SVC] memory pressure: 1436 MB free
2026-05-23T12:30:07Z [METRICS-AGENT] user session 584: login from 10.0.0.138
2026-05-23T18:18:21Z [BACKUP-SVC] disk usage: 57%
2026-05-23T21:07:32Z [SCADA] metrics flush: 2813 points
2026-05-23T15:15:34Z [BACKUP-SVC] health check passed
2026-05-23T03:54:19Z [MES] backup written to /mnt/nas/daily_2026-05-03.tar.gz
2026-05-23T16:01:20Z [SCADA] connection pool: 66/100
2026-05-23T09:36:02Z [MES] certificate expiry check: 323 days remaining
2026-05-23T22:14:09Z [SCADA] certificate expiry check: 222 days remaining
2026-05-23T13:55:53Z [SCADA] health check passed
2026-05-23T13:49:56Z [MES] health check passed
2026-05-23T15:59:31Z [ERP-BRIDGE] metrics flush: 2781 points
2026-05-23T15:25:38Z [SCADA] connection pool: 36/100
2026-05-23T01:08:44Z [FIREWALL] config sync OK
2026-05-23T13:54:57Z [FIREWALL] metrics flush: 4629 points
2026-05-23T08:49:36Z [SCADA] backup written to /mnt/nas/daily_2026-05-20.tar.gz
2026-05-23T16:27:53Z [MES] user session 402: login from 10.0.0.42
2026-05-23T00:28:59Z [FIREWALL] backup written to /mnt/nas/daily_2026-05-08.tar.gz
2026-05-23T04:30:21Z [MES] connection pool: 7/100
2026-05-23T20:30:41Z [SCADA] health check passed
2026-05-23T14:27:21Z [BACKUP-SVC] user session 758: login from 10.0.0.61
2026-05-23T19:02:26Z [ERP-BRIDGE] disk usage: 45%
2026-05-23T16:47:31Z [ERP-BRIDGE] health check passed
2026-05-23T11:10:24Z [FIREWALL] certificate expiry check: 268 days remaining
2026-05-23T16:02:07Z [MES] health check passed
2026-05-23T20:29:22Z [BACKUP-SVC] backup written to /mnt/nas/daily_2026-05-13.tar.gz
2026-05-23T07:47:47Z [METRICS-AGENT] config sync OK
2026-05-23T01:27:02Z [SCADA] metrics flush: 2403 points
2026-05-23T19:02:39Z [BACKUP-SVC] config sync OK
2026-05-23T10:41:28Z [MES] backup written to /mnt/nas/daily_2026-05-14.tar.gz
2026-05-23T19:18:45Z [ERP-BRIDGE] config sync OK
2026-05-23T02:29:43Z [METRICS-AGENT] connection pool: 80/100
2026-05-23T01:37:10Z [MES] disk usage: 61%
2026-05-23T12:03:52Z [ERP-BRIDGE] connection pool: 86/100
2026-05-23T10:56:34Z [BACKUP-SVC] memory pressure: 3195 MB free
2026-05-23T22:23:58Z [ERP-BRIDGE] backup written to /mnt/nas/daily_2026-05-10.tar.gz
2026-05-23T15:29:11Z [BACKUP-SVC] certificate expiry check: 71 days remaining
2026-05-23T17:32:29Z [SCADA] certificate expiry check: 176 days remaining
2026-05-23T07:41:22Z [ERP-BRIDGE] user session 926: login from 10.0.0.21
2026-05-23T20:12:13Z [METRICS-AGENT] health check passed
2026-05-23T10:43:17Z [FIREWALL] connection pool: 76/100
2026-05-23T09:02:04Z [METRICS-AGENT] backup written to /mnt/nas/daily_2026-05-15.tar.gz
2026-05-23T17:35:42Z [FIREWALL] user session 696: login from 10.0.0.71
2026-05-23T19:46:04Z [MES] backup written to /mnt/nas/daily_2026-05-03.tar.gz
2026-05-23T01:24:04Z [MES] backup written to /mnt/nas/daily_2026-05-11.tar.gz
2026-05-23T09:33:04Z [FIREWALL] config sync OK
2026-05-23T22:18:03Z [ERP-BRIDGE] disk usage: 63%
2026-05-23T00:57:04Z [METRICS-AGENT] metrics flush: 4414 points
2026-05-23T03:13:32Z [METRICS-AGENT] memory pressure: 643 MB free
2026-05-23T07:20:50Z [ERP-BRIDGE] certificate expiry check: 318 days remaining
2026-05-23T20:17:11Z [SCADA] disk usage: 54%
2026-05-23T14:52:15Z [METRICS-AGENT] connection pool: 66/100
2026-05-23T19:08:25Z [ERP-BRIDGE] user session 911: login from 10.0.0.228
2026-05-23T15:22:58Z [METRICS-AGENT] certificate expiry check: 349 days remaining
2026-05-23T11:48:39Z [BACKUP-SVC] metrics flush: 2071 points
2026-05-23T09:25:04Z [FIREWALL] disk usage: 80%
2026-05-23T22:28:17Z [FIREWALL] memory pressure: 2187 MB free
2026-05-23T12:59:45Z [SCADA] config sync OK
2026-05-23T03:29:19Z [ERP-BRIDGE] user session 312: login from 10.0.0.238
2026-05-23T07:49:16Z [BACKUP-SVC] config sync OK
2026-05-23T19:51:19Z [FIREWALL] connection pool: 95/100
2026-05-23T12:55:14Z [METRICS-AGENT] health check passed
2026-05-23T15:15:16Z [SCADA] certificate expiry check: 226 days remaining
2026-05-23T00:15:28Z [BACKUP-SVC] connection pool: 45/100
2026-05-23T15:18:41Z [SCADA] certificate expiry check: 24 days remaining
2026-05-23T03:20:45Z [MES] connection pool: 88/100
2026-05-23T15:20:03Z [FIREWALL] backup written to /mnt/nas/daily_2026-05-07.tar.gz
2026-05-23T20:24:43Z [SCADA] metrics flush: 3436 points
2026-05-23T02:06:10Z [FIREWALL] health check passed
2026-05-23T05:48:39Z [FIREWALL] health check passed
2026-05-23T11:40:11Z [ERP-BRIDGE] memory pressure: 3754 MB free
2026-05-23T13:23:36Z [MES] memory pressure: 2840 MB free
2026-05-23T02:55:04Z [BACKUP-SVC] backup written to /mnt/nas/daily_2026-05-19.tar.gz
2026-05-23T23:49:00Z [BACKUP-SVC] config sync OK
2026-05-23T20:14:01Z [BACKUP-SVC] config sync OK
2026-05-23T15:05:18Z [SCADA] memory pressure: 2854 MB free
2026-05-23T09:02:36Z [MES] health check passed
2026-05-23T19:12:48Z [ERP-BRIDGE] memory pressure: 1866 MB free
2026-05-23T05:49:17Z [FIREWALL] user session 925: login from 10.0.0.156
2026-05-23T04:40:08Z [METRICS-AGENT] certificate expiry check: 88 days remaining
2026-05-23T15:56:47Z [FIREWALL] connection pool: 41/100
2026-05-23T04:03:49Z [MES] certificate expiry check: 106 days remaining
2026-05-23T14:30:06Z [METRICS-AGENT] memory pressure: 1979 MB free
2026-05-23T21:15:28Z [BACKUP-SVC] disk usage: 71%
2026-05-23T21:49:22Z [ERP-BRIDGE] health check passed
2026-05-23T10:12:49Z [FIREWALL] connection pool: 29/100
2026-05-23T08:23:21Z [METRICS-AGENT] disk usage: 45%
2026-05-23T09:27:32Z [SCADA] backup written to /mnt/nas/daily_2026-05-12.tar.gz
2026-05-23T07:16:53Z [BACKUP-SVC] config sync OK
2026-05-23T00:42:09Z [METRICS-AGENT] disk usage: 69%
2026-05-23T16:05:21Z [SCADA] certificate expiry check: 253 days remaining
2026-05-23T02:24:30Z [METRICS-AGENT] certificate expiry check: 198 days remaining
2026-05-23T12:52:39Z [FIREWALL] backup written to /mnt/nas/daily_2026-05-13.tar.gz
2026-05-23T16:11:01Z [BACKUP-SVC] connection pool: 21/100
2026-05-23T17:30:30Z [ERP-BRIDGE] backup written to /mnt/nas/daily_2026-05-09.tar.gz
2026-05-23T19:50:53Z [METRICS-AGENT] backup written to /mnt/nas/daily_2026-05-19.tar.gz
2026-05-23T08:22:38Z [MES] health check passed
2026-05-23T16:32:33Z [MES] user session 777: login from 10.0.0.197
2026-05-23T04:58:55Z [ERP-BRIDGE] memory pressure: 1911 MB free
2026-05-23T11:54:06Z [MES] user session 879: login from 10.0.0.187
2026-05-23T05:22:18Z [METRICS-AGENT] config sync OK
2026-05-23T06:16:23Z [ERP-BRIDGE] connection pool: 52/100
2026-05-23T22:00:41Z [ERP-BRIDGE] metrics flush: 2242 points
2026-05-23T02:25:26Z [MES] health check passed
2026-05-23T23:01:11Z [METRICS-AGENT] disk usage: 73%
2026-05-23T09:23:36Z [ERP-BRIDGE] disk usage: 89%
2026-05-23T21:03:31Z [MES] health check passed
2026-05-23T13:17:04Z [FIREWALL] health check passed
2026-05-23T01:48:35Z [MES] memory pressure: 2073 MB free
2026-05-23T04:43:47Z [MES] config sync OK
2026-05-23T15:22:26Z [BACKUP-SVC] health check passed
2026-05-23T08:52:36Z [SCADA] memory pressure: 994 MB free
2026-05-23T11:33:09Z [MES] metrics flush: 3589 points
2026-05-23T18:48:17Z [ERP-BRIDGE] disk usage: 88%
2026-05-23T14:29:28Z [SCADA] metrics flush: 3577 points
2026-05-23T11:27:26Z [MES] config sync OK
2026-05-23T03:39:11Z [BACKUP-SVC] memory pressure: 1107 MB free
2026-05-23T19:29:32Z [METRICS-AGENT] metrics flush: 1501 points
2026-05-23T02:42:51Z [SCADA] config sync OK
2026-05-23T21:06:13Z [FIREWALL] config sync OK
2026-05-23T04:00:22Z [METRICS-AGENT] config sync OK
2026-05-23T00:17:27Z [SCADA] metrics flush: 4469 points
2026-05-23T23:01:37Z [SCADA] backup written to /mnt/nas/daily_2026-05-06.tar.gz
2026-05-23T08:49:51Z [METRICS-AGENT] config sync OK
2026-05-23T12:59:50Z [ERP-BRIDGE] metrics flush: 1740 points
2026-05-23T09:08:31Z [BACKUP-SVC] memory pressure: 598 MB free
2026-05-23T12:30:00Z [METRICS-AGENT] certificate expiry check: 60 days remaining
2026-05-23T17:56:55Z [ERP-BRIDGE] config sync OK
2026-05-23T06:29:02Z [SCADA] health check passed
2026-05-23T19:38:26Z [SCADA] user session 195: login from 10.0.0.159
2026-05-23T06:09:38Z [MES] config sync OK
2026-05-23T04:20:22Z [METRICS-AGENT] health check passed
2026-05-23T09:04:17Z [FIREWALL] disk usage: 50%
2026-05-23T21:37:53Z [MES] backup written to /mnt/nas/daily_2026-05-14.tar.gz
2026-05-23T14:52:34Z [SCADA] backup written to /mnt/nas/daily_2026-05-04.tar.gz
2026-05-23T10:06:00Z [BACKUP-SVC] user session 545: login from 10.0.0.190
2026-05-23T23:53:05Z [ERP-BRIDGE] metrics flush: 3604 points
2026-05-23T13:59:25Z [BACKUP-SVC] config sync OK
2026-05-23T10:29:29Z [BACKUP-SVC] memory pressure: 2220 MB free
2026-05-23T05:48:56Z [BACKUP-SVC] metrics flush: 1633 points
2026-05-23T01:04:09Z [ERP-BRIDGE] connection pool: 7/100
2026-05-23T07:50:27Z [FIREWALL] user session 834: login from 10.0.0.5
2026-05-23T11:52:40Z [METRICS-AGENT] health check passed
2026-05-23T16:26:50Z [ERP-BRIDGE] user session 594: login from 10.0.0.193
2026-05-23T23:31:03Z [SCADA] disk usage: 72%
2026-05-23T19:24:49Z [FIREWALL] config sync OK
2026-05-23T15:29:21Z [BACKUP-SVC] metrics flush: 1052 points
2026-05-23T22:38:18Z [MES] metrics flush: 4455 points
2026-05-23T07:12:13Z [SCADA] certificate expiry check: 173 days remaining
2026-05-23T23:44:57Z [FIREWALL] metrics flush: 3300 points
2026-05-23T12:46:13Z [FIREWALL] backup written to /mnt/nas/daily_2026-05-20.tar.gz
2026-05-23T09:40:54Z [SCADA] backup written to /mnt/nas/daily_2026-05-09.tar.gz
2026-05-23T12:48:19Z [METRICS-AGENT] connection pool: 44/100
2026-05-23T02:22:16Z [MES] memory pressure: 2464 MB free
2026-05-23T11:17:13Z [METRICS-AGENT] health check passed
2026-05-23T19:12:31Z [BACKUP-SVC] disk usage: 62%
2026-05-23T05:11:24Z [SCADA] health check passed
2026-05-23T15:40:14Z [ERP-BRIDGE] config sync OK
2026-05-23T08:41:37Z [FIREWALL] metrics flush: 1047 points
2026-05-23T17:03:32Z [METRICS-AGENT] certificate expiry check: 203 days remaining
2026-05-23T08:34:43Z [BACKUP-SVC] disk usage: 71%
2026-05-23T19:17:43Z [METRICS-AGENT] metrics flush: 906 points
2026-05-23T14:35:54Z [BACKUP-SVC] metrics flush: 4785 points
2026-05-23T13:36:11Z [ERP-BRIDGE] metrics flush: 2701 points
2026-05-23T08:59:05Z [ERP-BRIDGE] metrics flush: 4827 points
2026-05-23T01:52:39Z [ERP-BRIDGE] connection pool: 89/100
2026-05-23T10:03:12Z [METRICS-AGENT] metrics flush: 2695 points
2026-05-23T23:08:33Z [FIREWALL] config sync OK
2026-05-23T21:52:54Z [FIREWALL] health check passed
2026-05-23T11:53:58Z [METRICS-AGENT] user session 428: login from 10.0.0.230
2026-05-23T14:09:16Z [METRICS-AGENT] health check passed
2026-05-23T19:15:20Z [MES] disk usage: 40%
2026-05-23T13:38:17Z [ERP-BRIDGE] memory pressure: 3717 MB free
2026-05-23T11:35:23Z [ERP-BRIDGE] config sync OK
2026-05-23T10:19:11Z [METRICS-AGENT] user session 343: login from 10.0.0.12
2026-05-23T19:55:01Z [FIREWALL] health check passed
2026-05-23T17:47:47Z [FIREWALL] memory pressure: 1198 MB free
2026-05-23T13:30:33Z [SCADA] certificate expiry check: 23 days remaining
2026-05-23T17:19:18Z [METRICS-AGENT] health check passed
2026-05-23T13:28:12Z [FIREWALL] disk usage: 66%
2026-05-23T16:55:09Z [METRICS-AGENT] backup written to /mnt/nas/daily_2026-05-22.tar.gz
2026-05-23T05:06:38Z [BACKUP-SVC] config sync OK
2026-05-23T02:44:29Z [MES] certificate expiry check: 343 days remaining
2026-05-23T15:23:56Z [FIREWALL] config sync OK
2026-05-23T05:57:47Z [FIREWALL] metrics flush: 2628 points
2026-05-23T13:06:20Z [ERP-BRIDGE] memory pressure: 2179 MB free
2026-05-23T20:51:32Z [ERP-BRIDGE] metrics flush: 2667 points
2026-05-23T17:15:06Z [FIREWALL] memory pressure: 2927 MB free
2026-05-23T02:50:47Z [SCADA] user session 817: login from 10.0.0.73
2026-05-23T12:13:31Z [FIREWALL] health check passed
2026-05-23T01:09:58Z [BACKUP-SVC] disk usage: 54%
2026-05-23T21:58:52Z [METRICS-AGENT] connection pool: 12/100
2026-05-23T14:28:15Z [SCADA] metrics flush: 1895 points
2026-05-23T21:00:13Z [MES] user session 571: login from 10.0.0.32
2026-05-23T13:16:03Z [FIREWALL] health check passed
2026-05-23T10:59:44Z [METRICS-AGENT] connection pool: 23/100
2026-05-23T20:55:34Z [METRICS-AGENT] config sync OK
2026-05-23T12:09:51Z [FIREWALL] user session 419: login from 10.0.0.135
2026-05-23T17:38:06Z [SCADA] config sync OK
2026-05-23T22:36:37Z [BACKUP-SVC] memory pressure: 3756 MB free
2026-05-23T22:33:27Z [SCADA] health check passed
2026-05-23T02:33:53Z [BACKUP-SVC] metrics flush: 2085 points
2026-05-23T03:01:20Z [METRICS-AGENT] health check passed
2026-05-23T09:19:57Z [BACKUP-SVC] config sync OK
2026-05-23T20:12:12Z [BACKUP-SVC] connection pool: 66/100
2026-05-23T17:37:37Z [METRICS-AGENT] health check passed
2026-05-23T08:40:31Z [METRICS-AGENT] config sync OK
2026-05-23T09:39:42Z [ERP-BRIDGE] connection pool: 61/100
2026-05-23T04:55:26Z [MES] user session 293: login from 10.0.0.130
2026-05-23T04:45:35Z [SCADA] health check passed
2026-05-23T03:32:06Z [FIREWALL] memory pressure: 3854 MB free
2026-05-23T23:23:11Z [METRICS-AGENT] config sync OK
2026-05-23T05:49:14Z [BACKUP-SVC] memory pressure: 641 MB free
2026-05-23T12:26:15Z [SCADA] user session 573: login from 10.0.0.28
2026-05-23T07:41:07Z [FIREWALL] user session 427: login from 10.0.0.251
2026-05-23T15:45:47Z [BACKUP-SVC] certificate expiry check: 347 days remaining
2026-05-23T22:38:37Z [METRICS-AGENT] metrics flush: 3007 points
2026-05-23T00:23:43Z [SCADA] certificate expiry check: 119 days remaining
2026-05-23T02:05:00Z [METRICS-AGENT] connection pool: 19/100
2026-05-23T20:38:50Z [MES] metrics flush: 3237 points
2026-05-23T10:53:04Z [SCADA] disk usage: 79%
2026-05-23T10:35:08Z [MES] certificate expiry check: 182 days remaining
2026-05-23T01:10:32Z [MES] certificate expiry check: 95 days remaining
2026-05-23T00:17:30Z [SCADA] disk usage: 83%
2026-05-23T04:39:56Z [SCADA] user session 421: login from 10.0.0.69
2026-05-23T17:20:16Z [METRICS-AGENT] config sync OK
2026-05-23T23:21:33Z [METRICS-AGENT] memory pressure: 1626 MB free
2026-05-23T05:19:05Z [SCADA] backup written to /mnt/nas/daily_2026-05-01.tar.gz
2026-05-23T23:59:28Z [BACKUP-SVC] memory pressure: 1411 MB free
2026-05-23T19:05:49Z [ERP-BRIDGE] certificate expiry check: 205 days remaining
2026-05-23T03:18:56Z [SCADA] disk usage: 49%
2026-05-23T01:49:51Z [BACKUP-SVC] metrics flush: 1481 points
2026-05-23T16:57:08Z [METRICS-AGENT] disk usage: 60%
2026-05-23T13:47:02Z [ERP-BRIDGE] backup written to /mnt/nas/daily_2026-05-08.tar.gz
2026-05-23T12:21:30Z [SCADA] user session 345: login from 10.0.0.30
2026-05-23T22:50:54Z [FIREWALL] disk usage: 83%
2026-05-23T15:54:49Z [METRICS-AGENT] health check passed
2026-05-23T05:24:00Z [METRICS-AGENT] config sync OK
2026-05-23T21:21:08Z [BACKUP-SVC] certificate expiry check: 147 days remaining
2026-05-23T15:17:00Z [METRICS-AGENT] config sync OK
2026-05-23T13:16:24Z [FIREWALL] disk usage: 77%
2026-05-23T19:13:06Z [MES] certificate expiry check: 185 days remaining
2026-05-23T01:46:21Z [ERP-BRIDGE] connection pool: 37/100
2026-05-23T19:53:28Z [MES] disk usage: 63%
2026-05-23T04:23:46Z [FIREWALL] backup written to /mnt/nas/daily_2026-05-21.tar.gz
2026-05-23T02:24:04Z [ERP-BRIDGE] config sync OK
2026-05-23T21:41:50Z [ERP-BRIDGE] memory pressure: 2612 MB free
2026-05-23T07:36:14Z [ERP-BRIDGE] disk usage: 43%
2026-05-23T04:51:11Z [FIREWALL] disk usage: 67%
2026-05-23T15:40:23Z [METRICS-AGENT] backup written to /mnt/nas/daily_2026-05-07.tar.gz
2026-05-23T21:18:32Z [SCADA] backup written to /mnt/nas/daily_2026-05-06.tar.gz
2026-05-23T14:52:38Z [MES] config sync OK
2026-05-23T14:50:05Z [FIREWALL] backup written to /mnt/nas/daily_2026-05-08.tar.gz
2026-05-23T00:40:56Z [METRICS-AGENT] config sync OK
2026-05-23T11:45:41Z [BACKUP-SVC] memory pressure: 772 MB free
2026-05-23T07:25:55Z [BACKUP-SVC] config sync OK
2026-05-23T16:15:15Z [ERP-BRIDGE] memory pressure: 2133 MB free
2026-05-23T10:11:19Z [SCADA] backup written to /mnt/nas/daily_2026-05-08.tar.gz
2026-05-23T04:12:42Z [ERP-BRIDGE] backup written to /mnt/nas/daily_2026-05-17.tar.gz
2026-05-23T23:02:10Z [MES] disk usage: 69%
2026-05-23T02:28:22Z [FIREWALL] user session 288: login from 10.0.0.102
2026-05-23T01:55:17Z [FIREWALL] backup written to /mnt/nas/daily_2026-05-19.tar.gz
2026-05-23T13:42:52Z [SCADA] certificate expiry check: 146 days remaining
2026-05-23T02:21:56Z [METRICS-AGENT] memory pressure: 4094 MB free
2026-05-23T07:21:57Z [SCADA] memory pressure: 1612 MB free
2026-05-23T11:52:27Z [FIREWALL] backup written to /mnt/nas/daily_2026-05-23.tar.gz
2026-05-23T07:56:28Z [MES] health check passed
2026-05-23T09:42:43Z [METRICS-AGENT] disk usage: 76%
2026-05-23T16:44:49Z [BACKUP-SVC] backup written to /mnt/nas/daily_2026-05-11.tar.gz
2026-05-23T06:13:53Z [FIREWALL] backup written to /mnt/nas/daily_2026-05-19.tar.gz
2026-05-23T09:52:24Z [METRICS-AGENT] health check passed
2026-05-23T14:54:55Z [SCADA] user session 188: login from 10.0.0.59
2026-05-23T07:57:28Z [SCADA] disk usage: 61%
2026-05-23T06:55:10Z [METRICS-AGENT] config sync OK
2026-05-23T04:50:38Z [MES] certificate expiry check: 230 days remaining
2026-05-23T00:16:46Z [SCADA] metrics flush: 1410 points
2026-05-23T10:00:41Z [METRICS-AGENT] memory pressure: 1684 MB free
2026-05-23T12:15:31Z [MES] disk usage: 44%
2026-05-23T20:06:15Z [FIREWALL] metrics flush: 2947 points
2026-05-23T20:59:48Z [METRICS-AGENT] connection pool: 88/100
2026-05-23T06:06:36Z [MES] metrics flush: 3003 points
2026-05-23T00:59:15Z [METRICS-AGENT] health check passed
2026-05-23T12:51:50Z [BACKUP-SVC] memory pressure: 1409 MB free
2026-05-23T09:53:22Z [SCADA] memory pressure: 3521 MB free
2026-05-23T19:59:28Z [BACKUP-SVC] metrics flush: 2597 points
2026-05-23T22:10:18Z [METRICS-AGENT] certificate expiry check: 310 days remaining
2026-05-23T01:17:39Z [ERP-BRIDGE] disk usage: 71%
2026-05-23T23:31:32Z [FIREWALL] config sync OK
2026-05-23T21:21:09Z [METRICS-AGENT] disk usage: 80%
2026-05-23T02:38:55Z [METRICS-AGENT] memory pressure: 1722 MB free
2026-05-23T02:13:34Z [BACKUP-SVC] disk usage: 77%
2026-05-23T03:28:49Z [FIREWALL] metrics flush: 3989 points
2026-05-23T01:19:14Z [SCADA] backup written to /mnt/nas/daily_2026-05-08.tar.gz
2026-05-23T17:49:41Z [SCADA] disk usage: 76%
2026-05-23T09:45:23Z [METRICS-AGENT] health check passed
2026-05-23T03:33:48Z [METRICS-AGENT] memory pressure: 2139 MB free
2026-05-23T02:14:32Z [METRICS-AGENT] user session 895: login from 10.0.0.40
2026-05-23T17:21:51Z [BACKUP-SVC] connection pool: 65/100
2026-05-23T19:31:25Z [MES] disk usage: 74%
2026-05-23T12:57:34Z [FIREWALL] certificate expiry check: 12 days remaining
2026-05-23T11:35:36Z [METRICS-AGENT] disk usage: 74%
2026-05-23T23:39:54Z [SCADA] disk usage: 86%
2026-05-23T07:05:54Z [SCADA] certificate expiry check: 113 days remaining
2026-05-23T16:26:37Z [SCADA] connection pool: 94/100
2026-05-23T04:29:29Z [ERP-BRIDGE] backup written to /mnt/nas/daily_2026-05-17.tar.gz
2026-05-23T14:08:46Z [ERP-BRIDGE] certificate expiry check: 153 days remaining
2026-05-23T20:36:04Z [MES] disk usage: 50%
2026-05-23T00:13:19Z [ERP-BRIDGE] memory pressure: 1257 MB free
2026-05-23T16:47:39Z [BACKUP-SVC] health check passed
2026-05-23T14:11:23Z [MES] memory pressure: 1595 MB free
2026-05-23T17:27:20Z [METRICS-AGENT] connection pool: 32/100
2026-05-23T17:14:42Z [METRICS-AGENT] health check passed
2026-05-23T07:10:18Z [BACKUP-SVC] disk usage: 63%
2026-05-23T05:54:02Z [SCADA] user session 452: login from 10.0.0.191
2026-05-23T23:00:38Z [SCADA] connection pool: 27/100
2026-05-23T01:02:28Z [FIREWALL] connection pool: 35/100
2026-05-23T18:13:58Z [MES] memory pressure: 834 MB free
2026-05-23T18:30:35Z [FIREWALL] config sync OK
2026-05-23T12:58:35Z [SCADA] user session 766: login from 10.0.0.129
2026-05-23T15:08:33Z [ERP-BRIDGE] memory pressure: 2416 MB free
2026-05-23T18:54:33Z [FIREWALL] user session 694: login from 10.0.0.186
2026-05-23T10:25:32Z [MES] connection pool: 80/100
2026-05-23T21:16:48Z [BACKUP-SVC] metrics flush: 2315 points
2026-05-23T17:01:58Z [MES] metrics flush: 2681 points
2026-05-23T22:09:26Z [FIREWALL] config sync OK
2026-05-23T09:43:56Z [BACKUP-SVC] health check passed
2026-05-23T11:57:58Z [ERP-BRIDGE] user session 991: login from 10.0.0.171
2026-05-23T20:40:22Z [SCADA] certificate expiry check: 115 days remaining
2026-05-23T10:53:29Z [MES] user session 581: login from 10.0.0.152
2026-05-23T06:09:04Z [BACKUP-SVC] connection pool: 8/100
2026-05-23T15:21:01Z [BACKUP-SVC] backup written to /mnt/nas/daily_2026-05-07.tar.gz
2026-05-23T15:32:28Z [BACKUP-SVC] health check passed
2026-05-23T17:16:40Z [SCADA] metrics flush: 2409 points
2026-05-23T11:43:50Z [METRICS-AGENT] connection pool: 33/100
2026-05-23T08:37:20Z [MES] user session 243: login from 10.0.0.5
2026-05-23T01:11:17Z [ERP-BRIDGE] health check passed
2026-05-23T12:20:43Z [METRICS-AGENT] metrics flush: 3758 points
2026-05-23T21:51:05Z [SCADA] user session 956: login from 10.0.0.193
2026-05-23T06:22:09Z [BACKUP-SVC] metrics flush: 4753 points
2026-05-23T17:34:41Z [SCADA] config sync OK
2026-05-23T01:15:50Z [FIREWALL] memory pressure: 1356 MB free
2026-05-23T09:07:14Z [BACKUP-SVC] user session 221: login from 10.0.0.95
2026-05-23T06:04:55Z [BACKUP-SVC] connection pool: 46/100
2026-05-23T21:37:39Z [SCADA] memory pressure: 3023 MB free
2026-05-23T13:23:56Z [SCADA] metrics flush: 1208 points
2026-05-23T13:12:38Z [MES] memory pressure: 1803 MB free
2026-05-23T19:50:28Z [FIREWALL] connection pool: 35/100
2026-05-23T02:36:56Z [SCADA] metrics flush: 4258 points
2026-05-23T05:17:45Z [SCADA] backup written to /mnt/nas/daily_2026-05-10.tar.gz
2026-05-23T23:52:21Z [FIREWALL] memory pressure: 2011 MB free
2026-05-23T03:00:03Z [BACKUP-SVC] user session 363: login from 10.0.0.231
2026-05-23T13:14:35Z [ERP-BRIDGE] config sync OK
2026-05-23T23:27:01Z [METRICS-AGENT] certificate expiry check: 263 days remaining
2026-05-23T17:13:03Z [ERP-BRIDGE] metrics flush: 940 points
2026-05-23T11:18:59Z [METRICS-AGENT] health check passed
2026-05-23T06:25:19Z [FIREWALL] health check passed
2026-05-23T01:31:43Z [MES] health check passed
2026-05-23T17:17:51Z [METRICS-AGENT] disk usage: 62%
2026-05-23T08:32:14Z [SCADA] config sync OK
2026-05-23T11:00:23Z [SCADA] health check passed
2026-05-23T16:21:50Z [ERP-BRIDGE] certificate expiry check: 259 days remaining
2026-05-23T03:28:15Z [BACKUP-SVC] config sync OK
2026-05-23T15:31:13Z [SCADA] disk usage: 59%
2026-05-23T08:45:38Z [BACKUP-SVC] config sync OK
2026-05-23T01:58:14Z [FIREWALL] connection pool: 19/100
2026-05-23T01:49:17Z [SCADA] disk usage: 62%
2026-05-23T00:48:29Z [BACKUP-SVC] config sync OK
2026-05-23T03:14:11Z [METRICS-AGENT] certificate expiry check: 123 days remaining
2026-05-23T16:56:23Z [SCADA] backup written to /mnt/nas/daily_2026-05-08.tar.gz
2026-05-23T04:19:11Z [MES] health check passed
2026-05-23T00:45:05Z [FIREWALL] user session 730: login from 10.0.0.38
2026-05-23T02:53:38Z [METRICS-AGENT] user session 801: login from 10.0.0.22
2026-05-23T22:19:56Z [FIREWALL] disk usage: 75%
2026-05-23T11:43:50Z [ERP-BRIDGE] config sync OK
2026-05-23T08:58:28Z [MES] disk usage: 61%
2026-05-23T04:02:07Z [METRICS-AGENT] user session 773: login from 10.0.0.203
2026-05-23T17:51:37Z [ERP-BRIDGE] disk usage: 59%
2026-05-23T01:02:23Z [BACKUP-SVC] backup written to /mnt/nas/daily_2026-05-09.tar.gz
2026-05-23T03:55:16Z [FIREWALL] memory pressure: 1560 MB free
2026-05-23T09:31:03Z [SCADA] health check passed
2026-05-23T00:43:22Z [SCADA] memory pressure: 2045 MB free
2026-05-23T19:08:11Z [MES] backup written to /mnt/nas/daily_2026-05-06.tar.gz
2026-05-23T19:35:13Z [SCADA] certificate expiry check: 321 days remaining
2026-05-23T00:16:55Z [MES] health check passed
2026-05-23T21:23:10Z [MES] memory pressure: 1395 MB free
2026-05-23T19:37:05Z [MES] connection pool: 9/100
2026-05-23T15:54:19Z [SCADA] memory pressure: 1321 MB free
2026-05-23T11:16:17Z [METRICS-AGENT] disk usage: 74%
2026-05-23T15:39:51Z [METRICS-AGENT] health check passed
2026-05-23T09:58:22Z [METRICS-AGENT] disk usage: 72%
2026-05-23T15:28:58Z [FIREWALL] metrics flush: 3426 points
2026-05-23T21:57:00Z [SCADA] metrics flush: 4649 points
2026-05-23T03:50:56Z [SCADA] memory pressure: 3828 MB free
2026-05-23T01:16:03Z [BACKUP-SVC] disk usage: 44%
2026-05-23T10:54:56Z [ERP-BRIDGE] user session 587: login from 10.0.0.195
2026-05-23T11:31:17Z [ERP-BRIDGE] metrics flush: 3487 points
2026-05-23T06:05:38Z [METRICS-AGENT] memory pressure: 1246 MB free
2026-05-23T09:11:24Z [MES] config sync OK
2026-05-23T03:07:21Z [BACKUP-SVC] config sync OK
2026-05-23T23:41:51Z [METRICS-AGENT] health check passed
2026-05-23T18:02:50Z [MES] backup written to /mnt/nas/daily_2026-05-07.tar.gz
2026-05-23T12:34:59Z [METRICS-AGENT] disk usage: 56%
2026-05-23T07:38:26Z [METRICS-AGENT] memory pressure: 3522 MB free
2026-05-23T02:59:44Z [MES] connection pool: 50/100
2026-05-23T15:35:43Z [MES] config sync OK
2026-05-23T15:55:56Z [MES] connection pool: 49/100
2026-05-23T22:33:22Z [ERP-BRIDGE] backup written to /mnt/nas/daily_2026-05-17.tar.gz
2026-05-23T09:40:50Z [FIREWALL] config sync OK
2026-05-23T17:26:16Z [BACKUP-SVC] memory pressure: 2928 MB free
2026-05-23T12:39:36Z [SCADA] health check passed
2026-05-23T14:31:05Z [FIREWALL] health check passed
2026-05-23T09:19:36Z [ERP-BRIDGE] memory pressure: 3661 MB free
2026-05-23T10:30:23Z [ERP-BRIDGE] health check passed
2026-05-23T06:57:30Z [FIREWALL] backup written to /mnt/nas/daily_2026-05-19.tar.gz
2026-05-23T13:59:37Z [METRICS-AGENT] disk usage: 57%
2026-05-23T02:50:48Z [MES] user session 278: login from 10.0.0.29
2026-05-23T17:46:10Z [FIREWALL] metrics flush: 3013 points
2026-05-23T10:04:59Z [MES] disk usage: 75%
2026-05-23T16:25:40Z [ERP-BRIDGE] config sync OK
2026-05-23T01:51:30Z [MES] user session 520: login from 10.0.0.197
2026-05-23T05:40:17Z [FIREWALL] memory pressure: 1880 MB free
2026-05-23T18:09:42Z [FIREWALL] disk usage: 48%
2026-05-23T08:32:22Z [BACKUP-SVC] metrics flush: 4952 points
2026-05-23T09:21:19Z [FIREWALL] config sync OK
2026-05-23T02:55:24Z [SCADA] disk usage: 76%
2026-05-23T20:31:00Z [SCADA] metrics flush: 4145 points
2026-05-23T06:50:10Z [FIREWALL] health check passed
2026-05-23T10:45:34Z [BACKUP-SVC] metrics flush: 2226 points
2026-05-23T12:48:34Z [METRICS-AGENT] user session 496: login from 10.0.0.140
2026-05-23T08:32:05Z [BACKUP-SVC] certificate expiry check: 275 days remaining
2026-05-23T18:08:39Z [METRICS-AGENT] backup written to /mnt/nas/daily_2026-05-01.tar.gz
2026-05-23T21:32:44Z [METRICS-AGENT] user session 716: login from 10.0.0.251
2026-05-23T23:16:12Z [BACKUP-SVC] health check passed
2026-05-23T01:02:28Z [BACKUP-SVC] certificate expiry check: 66 days remaining
2026-05-23T09:59:00Z [METRICS-AGENT] memory pressure: 2115 MB free
2026-05-23T07:16:41Z [METRICS-AGENT] disk usage: 88%
2026-05-23T15:21:47Z [FIREWALL] disk usage: 57%
2026-05-23T15:03:14Z [FIREWALL] config sync OK
2026-05-23T14:25:59Z [SCADA] memory pressure: 724 MB free
2026-05-23T12:36:00Z [ERP-BRIDGE] connection pool: 72/100
2026-05-23T01:39:50Z [SCADA] health check passed
2026-05-23T05:39:34Z [MES] memory pressure: 3634 MB free
2026-05-23T11:20:26Z [ERP-BRIDGE] metrics flush: 2250 points
2026-05-23T06:32:18Z [BACKUP-SVC] connection pool: 93/100
2026-05-23T16:43:31Z [SCADA] disk usage: 59%
2026-05-23T07:53:47Z [ERP-BRIDGE] disk usage: 66%
2026-05-23T04:14:34Z [SCADA] disk usage: 89%
2026-05-23T21:33:58Z [ERP-BRIDGE] disk usage: 75%
2026-05-23T02:39:50Z [METRICS-AGENT] health check passed
2026-05-23T05:36:20Z [MES] connection pool: 16/100
2026-05-23T21:51:55Z [MES] backup written to /mnt/nas/daily_2026-05-02.tar.gz
2026-05-23T11:33:23Z [BACKUP-SVC] certificate expiry check: 104 days remaining
2026-05-23T04:20:08Z [MES] metrics flush: 1696 points
2026-05-23T21:06:10Z [MES] config sync OK
2026-05-23T16:30:42Z [MES] config sync OK
2026-05-23T03:27:21Z [SCADA] metrics flush: 3602 points
2026-05-23T07:14:37Z [MES] metrics flush: 4506 points
2026-05-23T15:23:22Z [METRICS-AGENT] metrics flush: 2202 points
2026-05-23T03:56:52Z [ERP-BRIDGE] memory pressure: 964 MB free
2026-05-23T23:50:24Z [SCADA] connection pool: 66/100
2026-05-23T22:42:29Z [BACKUP-SVC] health check passed
2026-05-23T19:42:46Z [BACKUP-SVC] metrics flush: 3607 points
2026-05-23T18:14:26Z [ERP-BRIDGE] backup written to /mnt/nas/daily_2026-05-19.tar.gz
2026-05-23T14:11:07Z [ERP-BRIDGE] user session 180: login from 10.0.0.167
2026-05-23T08:20:41Z [MES] backup written to /mnt/nas/daily_2026-05-13.tar.gz
2026-05-23T04:41:35Z [ERP-BRIDGE] connection pool: 95/100
2026-05-23T23:08:55Z [SCADA] health check passed
2026-05-23T06:29:39Z [BACKUP-SVC] memory pressure: 1184 MB free
2026-05-23T20:17:16Z [METRICS-AGENT] config sync OK
2026-05-23T08:41:59Z [SCADA] certificate expiry check: 316 days remaining
2026-05-23T04:29:19Z [MES] metrics flush: 1461 points
2026-05-23T19:06:32Z [ERP-BRIDGE] backup written to /mnt/nas/daily_2026-05-17.tar.gz
2026-05-23T11:41:52Z [SCADA] connection pool: 50/100
2026-05-23T01:08:14Z [METRICS-AGENT] memory pressure: 3957 MB free
2026-05-23T03:41:02Z [SCADA] disk usage: 46%
2026-05-23T01:30:49Z [METRICS-AGENT] metrics flush: 1400 points
2026-05-23T04:47:01Z [ERP-BRIDGE] memory pressure: 835 MB free
2026-05-23T10:51:30Z [ERP-BRIDGE] health check passed
2026-05-23T12:53:23Z [ERP-BRIDGE] memory pressure: 948 MB free
2026-05-23T12:20:39Z [BACKUP-SVC] health check passed
2026-05-23T05:46:04Z [METRICS-AGENT] disk usage: 50%
2026-05-23T00:13:45Z [BACKUP-SVC] memory pressure: 3976 MB free
2026-05-23T02:25:53Z [BACKUP-SVC] certificate expiry check: 57 days remaining
2026-05-23T19:50:10Z [METRICS-AGENT] certificate expiry check: 145 days remaining
2026-05-23T21:29:41Z [FIREWALL] metrics flush: 3029 points
2026-05-23T07:34:54Z [BACKUP-SVC] config sync OK
2026-05-23T04:38:53Z [FIREWALL] memory pressure: 1538 MB free
2026-05-23T09:40:51Z [METRICS-AGENT] disk usage: 60%
2026-05-23T17:43:19Z [MES] certificate expiry check: 92 days remaining
2026-05-23T23:28:06Z [BACKUP-SVC] memory pressure: 915 MB free
2026-05-23T20:46:55Z [METRICS-AGENT] metrics flush: 4217 points
2026-05-23T02:21:14Z [FIREWALL] user session 352: login from 10.0.0.231
2026-05-23T19:53:21Z [SCADA] config sync OK
2026-05-23T15:20:17Z [SCADA] backup written to /mnt/nas/daily_2026-05-05.tar.gz
2026-05-23T23:08:55Z [MES] health check passed
2026-05-23T06:21:18Z [ERP-BRIDGE] connection pool: 83/100
2026-05-23T20:06:42Z [METRICS-AGENT] certificate expiry check: 87 days remaining
2026-05-23T01:03:53Z [SCADA] health check passed
2026-05-23T01:04:13Z [FIREWALL] certificate expiry check: 199 days remaining
2026-05-23T22:47:20Z [SCADA] metrics flush: 1989 points
2026-05-23T04:30:43Z [METRICS-AGENT] certificate expiry check: 20 days remaining
2026-05-23T00:35:54Z [ERP-BRIDGE] health check passed
2026-05-23T21:57:25Z [MES] metrics flush: 1897 points
2026-05-23T16:37:10Z [SCADA] disk usage: 64%
2026-05-23T10:48:34Z [FIREWALL] disk usage: 76%
2026-05-23T02:12:37Z [SCADA] connection pool: 14/100
2026-05-23T19:01:52Z [ERP-BRIDGE] connection pool: 57/100
2026-05-23T10:37:52Z [FIREWALL] config sync OK
2026-05-23T16:49:17Z [BACKUP-SVC] user session 185: login from 10.0.0.148
2026-05-23T20:07:11Z [SCADA] certificate expiry check: 79 days remaining
2026-05-23T23:51:35Z [FIREWALL] connection pool: 25/100
2026-05-23T08:28:42Z [BACKUP-SVC] user session 818: login from 10.0.0.98
2026-05-23T04:40:23Z [METRICS-AGENT] memory pressure: 3150 MB free
2026-05-23T22:05:45Z [BACKUP-SVC] memory pressure: 2830 MB free
2026-05-23T00:32:20Z [SCADA] disk usage: 76%
2026-05-23T13:02:09Z [METRICS-AGENT] certificate expiry check: 43 days remaining
2026-05-23T10:59:13Z [ERP-BRIDGE] health check passed
2026-05-23T10:09:39Z [ERP-BRIDGE] certificate expiry check: 180 days remaining
2026-05-23T15:02:18Z [BACKUP-SVC] health check passed
2026-05-23T05:09:23Z [MES] config sync OK
2026-05-23T21:19:57Z [SCADA] connection pool: 5/100
2026-05-23T05:29:01Z [MES] disk usage: 72%
2026-05-23T19:54:20Z [MES] config sync OK
2026-05-23T18:43:59Z [MES] health check passed
2026-05-23T03:57:42Z [FIREWALL] disk usage: 67%
2026-05-23T12:14:42Z [BACKUP-SVC] config sync OK
2026-05-23T11:33:23Z [BACKUP-SVC] metrics flush: 1896 points
2026-05-23T15:48:22Z [MES] health check passed
2026-05-23T13:49:47Z [MES] health check passed
2026-05-23T23:19:25Z [BACKUP-SVC] memory pressure: 1391 MB free
2026-05-23T06:07:19Z [MES] metrics flush: 4048 points
2026-05-23T12:22:05Z [ERP-BRIDGE] user session 300: login from 10.0.0.132
2026-05-23T10:27:52Z [SCADA] metrics flush: 2971 points
2026-05-23T17:27:44Z [MES] memory pressure: 741 MB free
2026-05-23T09:09:29Z [BACKUP-SVC] backup written to /mnt/nas/daily_2026-05-04.tar.gz
2026-05-23T00:20:06Z [ERP-BRIDGE] user session 150: login from 10.0.0.93
2026-05-23T10:20:02Z [ERP-BRIDGE] config sync OK
2026-05-23T06:07:01Z [SCADA] backup written to /mnt/nas/daily_2026-05-14.tar.gz
2026-05-23T02:27:58Z [ERP-BRIDGE] metrics flush: 1352 points
2026-05-23T11:16:58Z [BACKUP-SVC] certificate expiry check: 68 days remaining
2026-05-23T20:08:27Z [BACKUP-SVC] disk usage: 60%
2026-05-23T15:25:01Z [SCADA] connection pool: 69/100
2026-05-23T05:12:34Z [SCADA] health check passed
2026-05-23T18:42:33Z [BACKUP-SVC] user session 720: login from 10.0.0.72
2026-05-23T20:54:02Z [BACKUP-SVC] metrics flush: 3838 points
2026-05-23T19:36:56Z [ERP-BRIDGE] memory pressure: 3839 MB free
2026-05-23T01:21:04Z [FIREWALL] memory pressure: 2490 MB free
2026-05-23T18:00:21Z [BACKUP-SVC] health check passed
2026-05-23T23:21:01Z [FIREWALL] config sync OK
2026-05-23T13:28:29Z [METRICS-AGENT] memory pressure: 2412 MB free
2026-05-23T04:55:39Z [ERP-BRIDGE] metrics flush: 3725 points
2026-05-23T08:28:47Z [SCADA] config sync OK
2026-05-23T20:14:53Z [METRICS-AGENT] metrics flush: 1462 points
2026-05-23T10:05:20Z [METRICS-AGENT] memory pressure: 2781 MB free
2026-05-23T14:58:54Z [BACKUP-SVC] certificate expiry check: 19 days remaining
2026-05-23T16:50:22Z [METRICS-AGENT] memory pressure: 3595 MB free
2026-05-23T10:58:11Z [METRICS-AGENT] memory pressure: 2857 MB free
2026-05-23T12:45:09Z [BACKUP-SVC] certificate expiry check: 44 days remaining
2026-05-23T08:22:42Z [SCADA] user session 550: login from 10.0.0.144
2026-05-23T11:10:36Z [METRICS-AGENT] config sync OK
2026-05-23T04:07:39Z [FIREWALL] memory pressure: 3718 MB free
2026-05-23T20:32:16Z [METRICS-AGENT] memory pressure: 3485 MB free
2026-05-23T03:45:27Z [BACKUP-SVC] certificate expiry check: 102 days remaining
2026-05-23T12:33:09Z [FIREWALL] connection pool: 25/100
2026-05-23T13:50:43Z [METRICS-AGENT] user session 607: login from 10.0.0.203
2026-05-23T18:59:30Z [SCADA] user session 600: login from 10.0.0.87
2026-05-23T05:22:47Z [BACKUP-SVC] config sync OK
2026-05-23T08:54:37Z [SCADA] connection pool: 35/100
2026-05-23T19:53:22Z [MES] backup written to /mnt/nas/daily_2026-05-13.tar.gz
2026-05-23T05:01:55Z [FIREWALL] config sync OK
2026-05-23T07:22:13Z [SCADA] health check passed
2026-05-23T04:31:32Z [FIREWALL] user session 985: login from 10.0.0.218
2026-05-23T23:38:50Z [METRICS-AGENT] config sync OK
2026-05-23T05:46:41Z [MES] connection pool: 50/100
2026-05-23T12:22:59Z [SCADA] config sync OK
2026-05-23T23:29:00Z [BACKUP-SVC] memory pressure: 2866 MB free
2026-05-23T10:01:41Z [METRICS-AGENT] disk usage: 85%
2026-05-23T02:01:34Z [BACKUP-SVC] config sync OK
2026-05-23T05:51:02Z [MES] connection pool: 93/100
2026-05-23T06:38:50Z [SCADA] backup written to /mnt/nas/daily_2026-05-12.tar.gz
2026-05-23T17:47:28Z [METRICS-AGENT] memory pressure: 3724 MB free
2026-05-23T06:49:28Z [SCADA] user session 178: login from 10.0.0.224
2026-05-23T23:04:38Z [SCADA] user session 683: login from 10.0.0.39
2026-05-23T05:44:24Z [ERP-BRIDGE] user session 100: login from 10.0.0.151
2026-05-23T10:49:46Z [MES] backup written to /mnt/nas/daily_2026-05-12.tar.gz
2026-05-23T00:25:04Z [FIREWALL] memory pressure: 3331 MB free
2026-05-23T05:29:35Z [SCADA] user session 903: login from 10.0.0.135
2026-05-23T13:10:03Z [BACKUP-SVC] metrics flush: 3953 points
2026-05-23T19:37:51Z [BACKUP-SVC] metrics flush: 3899 points
2026-05-23T08:37:48Z [ERP-BRIDGE] backup written to /mnt/nas/daily_2026-05-13.tar.gz
2026-05-23T09:16:59Z [FIREWALL] memory pressure: 3056 MB free
2026-05-23T17:07:17Z [MES] user session 145: login from 10.0.0.199
2026-05-23T19:02:18Z [SCADA] memory pressure: 2281 MB free
2026-05-23T20:39:47Z [MES] disk usage: 42%
2026-05-23T09:35:39Z [ERP-BRIDGE] user session 772: login from 10.0.0.93
2026-05-23T15:05:10Z [BACKUP-SVC] disk usage: 75%
2026-05-23T22:47:07Z [METRICS-AGENT] memory pressure: 3143 MB free
2026-05-23T15:40:57Z [ERP-BRIDGE] certificate expiry check: 94 days remaining
2026-05-23T03:52:13Z [SCADA] metrics flush: 4575 points
2026-05-23T19:11:32Z [SCADA] config sync OK
2026-05-23T03:42:21Z [SCADA] memory pressure: 3435 MB free
2026-05-23T04:28:57Z [METRICS-AGENT] health check passed
2026-05-23T19:12:51Z [METRICS-AGENT] user session 513: login from 10.0.0.155
2026-05-23T05:50:50Z [BACKUP-SVC] metrics flush: 1175 points
2026-05-23T22:38:03Z [MES] health check passed
2026-05-23T21:02:54Z [MES] certificate expiry check: 334 days remaining
2026-05-23T04:17:54Z [BACKUP-SVC] metrics flush: 3301 points
2026-05-23T02:55:22Z [FIREWALL] memory pressure: 2277 MB free
2026-05-23T08:27:42Z [SCADA] metrics flush: 1737 points
2026-05-23T23:17:32Z [ERP-BRIDGE] config sync OK
2026-05-23T11:14:00Z [ERP-BRIDGE] backup written to /mnt/nas/daily_2026-05-15.tar.gz
2026-05-23T19:36:58Z [METRICS-AGENT] backup written to /mnt/nas/daily_2026-05-02.tar.gz
2026-05-23T07:16:23Z [ERP-BRIDGE] user session 310: login from 10.0.0.210
2026-05-23T22:31:43Z [ERP-BRIDGE] health check passed
2026-05-23T07:22:03Z [BACKUP-SVC] config sync OK
2026-05-23T22:30:46Z [MES] config sync OK
2026-05-23T04:23:38Z [ERP-BRIDGE] certificate expiry check: 359 days remaining
2026-05-23T20:51:40Z [MES] certificate expiry check: 246 days remaining
2026-05-23T11:39:00Z [SCADA] user session 223: login from 10.0.0.74
2026-05-23T00:59:25Z [METRICS-AGENT] backup written to /mnt/nas/daily_2026-05-10.tar.gz
2026-05-23T06:08:18Z [MES] metrics flush: 4665 points
2026-05-23T15:51:32Z [FIREWALL] memory pressure: 676 MB free
2026-05-23T12:33:05Z [FIREWALL] memory pressure: 3978 MB free
2026-05-23T09:47:22Z [SCADA] backup written to /mnt/nas/daily_2026-05-16.tar.gz
2026-05-23T18:09:47Z [METRICS-AGENT] health check passed
2026-05-23T06:05:34Z [METRICS-AGENT] certificate expiry check: 237 days remaining
2026-05-23T01:25:40Z [FIREWALL] config sync OK
2026-05-23T00:06:06Z [FIREWALL] config sync OK
2026-05-23T21:23:32Z [MES] user session 198: login from 10.0.0.63
2026-05-23T10:57:15Z [MES] disk usage: 83%
2026-05-23T20:06:22Z [FIREWALL] connection pool: 94/100
2026-05-23T23:40:58Z [ERP-BRIDGE] disk usage: 48%
2026-05-23T16:28:52Z [FIREWALL] certificate expiry check: 111 days remaining
2026-05-23T10:59:38Z [METRICS-AGENT] health check passed
2026-05-23T11:03:46Z [SCADA] user session 359: login from 10.0.0.100
2026-05-23T19:51:47Z [MES] certificate expiry check: 328 days remaining
2026-05-23T08:27:51Z [SCADA] config sync OK
2026-05-23T10:53:09Z [FIREWALL] connection pool: 80/100
2026-05-23T05:40:30Z [BACKUP-SVC] config sync OK
2026-05-23T14:40:27Z [MES] disk usage: 40%
2026-05-23T09:01:14Z [MES] disk usage: 82%
2026-05-23T11:46:37Z [MES] user session 688: login from 10.0.0.160
2026-05-23T05:02:50Z [ERP-BRIDGE] certificate expiry check: 256 days remaining
2026-05-23T04:40:44Z [BACKUP-SVC] memory pressure: 918 MB free
2026-05-23T08:05:15Z [MES] backup written to /mnt/nas/daily_2026-05-16.tar.gz
2026-05-23T21:02:58Z [MES] connection pool: 8/100
2026-05-23T21:36:57Z [FIREWALL] disk usage: 40%
2026-05-23T09:43:06Z [FIREWALL] metrics flush: 3058 points
2026-05-23T09:51:35Z [ERP-BRIDGE] metrics flush: 1257 points
2026-05-23T14:56:17Z [ERP-BRIDGE] config sync OK
2026-05-23T01:30:33Z [ERP-BRIDGE] certificate expiry check: 343 days remaining
2026-05-23T00:36:44Z [BACKUP-SVC] connection pool: 57/100
2026-05-23T17:44:55Z [BACKUP-SVC] disk usage: 55%
2026-05-23T11:44:32Z [MES] health check passed
2026-05-23T06:15:23Z [BACKUP-SVC] config sync OK
2026-05-23T07:01:38Z [SCADA] metrics flush: 2402 points
2026-05-23T16:58:20Z [ERP-BRIDGE] certificate expiry check: 363 days remaining
2026-05-23T07:56:34Z [ERP-BRIDGE] disk usage: 43%
2026-05-23T06:26:53Z [METRICS-AGENT] disk usage: 62%
2026-05-23T23:09:06Z [ERP-BRIDGE] health check passed
2026-05-23T08:04:10Z [BACKUP-SVC] metrics flush: 1570 points
2026-05-23T10:58:41Z [FIREWALL] disk usage: 60%
2026-05-23T22:07:59Z [FIREWALL] user session 781: login from 10.0.0.39
2026-05-23T21:19:00Z [METRICS-AGENT] disk usage: 55%
2026-05-23T22:44:27Z [METRICS-AGENT] user session 390: login from 10.0.0.174
2026-05-23T17:03:12Z [BACKUP-SVC] metrics flush: 2167 points
2026-05-23T04:36:31Z [FIREWALL] certificate expiry check: 308 days remaining
2026-05-23T15:37:33Z [ERP-BRIDGE] backup written to /mnt/nas/daily_2026-05-20.tar.gz
2026-05-23T04:30:11Z [BACKUP-SVC] user session 936: login from 10.0.0.47
2026-05-23T10:54:53Z [FIREWALL] connection pool: 59/100
2026-05-23T17:20:09Z [BACKUP-SVC] memory pressure: 2336 MB free
2026-05-23T02:08:35Z [FIREWALL] config sync OK
2026-05-23T22:43:17Z [MES] config sync OK
2026-05-23T05:50:12Z [SCADA] backup written to /mnt/nas/daily_2026-05-01.tar.gz
2026-05-23T13:11:54Z [SCADA] memory pressure: 2921 MB free
2026-05-23T15:26:59Z [METRICS-AGENT] user session 105: login from 10.0.0.122
2026-05-23T20:46:05Z [BACKUP-SVC] backup written to /mnt/nas/daily_2026-05-23.tar.gz
2026-05-23T06:55:42Z [MES] health check passed
2026-05-23T11:53:15Z [BACKUP-SVC] health check passed
2026-05-23T06:27:05Z [ERP-BRIDGE] user session 273: login from 10.0.0.28
2026-05-23T21:48:05Z [BACKUP-SVC] user session 882: login from 10.0.0.214
2026-05-23T09:33:58Z [BACKUP-SVC] health check passed
2026-05-23T07:34:57Z [FIREWALL] metrics flush: 4097 points
2026-05-23T14:34:38Z [MES] backup written to /mnt/nas/daily_2026-05-02.tar.gz
2026-05-23T19:09:58Z [ERP-BRIDGE] connection pool: 34/100
2026-05-23T06:43:00Z [BACKUP-SVC] memory pressure: 3766 MB free
2026-05-23T05:55:23Z [MES] connection pool: 22/100
2026-05-23T08:33:38Z [ERP-BRIDGE] metrics flush: 805 points
2026-05-23T01:35:32Z [SCADA] memory pressure: 626 MB free
2026-05-23T17:23:39Z [BACKUP-SVC] connection pool: 53/100
2026-05-23T07:22:12Z [METRICS-AGENT] health check passed
2026-05-23T19:19:49Z [FIREWALL] config sync OK
2026-05-23T03:39:34Z [BACKUP-SVC] user session 657: login from 10.0.0.203
2026-05-23T11:22:08Z [SCADA] health check passed
2026-05-23T01:07:33Z [FIREWALL] health check passed
2026-05-23T22:28:00Z [SCADA] certificate expiry check: 129 days remaining
2026-05-23T15:02:19Z [METRICS-AGENT] certificate expiry check: 352 days remaining
2026-05-23T11:42:27Z [METRICS-AGENT] health check passed
2026-05-23T20:12:46Z [SCADA] metrics flush: 1777 points
2026-05-23T10:59:41Z [BACKUP-SVC] disk usage: 69%
2026-05-23T19:40:44Z [FIREWALL] connection pool: 68/100
2026-05-23T11:14:21Z [FIREWALL] connection pool: 87/100
2026-05-23T16:11:00Z [FIREWALL] certificate expiry check: 103 days remaining
2026-05-23T06:05:07Z [METRICS-AGENT] user session 187: login from 10.0.0.194
2026-05-23T07:07:45Z [BACKUP-SVC] health check passed
2026-05-23T18:45:48Z [MES] health check passed
2026-05-23T13:02:44Z [BACKUP-SVC] connection pool: 73/100
2026-05-23T17:09:28Z [METRICS-AGENT] disk usage: 78%
2026-05-23T19:50:23Z [ERP-BRIDGE] memory pressure: 899 MB free
2026-05-23T17:32:30Z [BACKUP-SVC] certificate expiry check: 256 days remaining
2026-05-23T01:39:22Z [BACKUP-SVC] backup written to /mnt/nas/daily_2026-05-07.tar.gz
2026-05-23T15:26:04Z [SCADA] health check passed
2026-05-23T03:18:58Z [BACKUP-SVC] memory pressure: 1267 MB free
2026-05-23T10:55:08Z [METRICS-AGENT] metrics flush: 4952 points
2026-05-23T16:06:51Z [METRICS-AGENT] connection pool: 35/100
2026-05-23T06:11:56Z [ERP-BRIDGE] metrics flush: 3154 points
2026-05-23T22:05:35Z [BACKUP-SVC] metrics flush: 3623 points
2026-05-23T20:30:32Z [SCADA] backup written to /mnt/nas/daily_2026-05-03.tar.gz
2026-05-23T04:00:27Z [ERP-BRIDGE] disk usage: 42%
2026-05-23T22:47:57Z [METRICS-AGENT] memory pressure: 2203 MB free
2026-05-23T10:01:08Z [ERP-BRIDGE] config sync OK
2026-05-23T02:50:14Z [SCADA] disk usage: 76%
2026-05-23T23:41:02Z [ERP-BRIDGE] config sync OK
2026-05-23T06:08:59Z [METRICS-AGENT] certificate expiry check: 69 days remaining
2026-05-23T13:02:52Z [BACKUP-SVC] health check passed
2026-05-23T17:51:58Z [FIREWALL] config sync OK
2026-05-23T17:19:04Z [METRICS-AGENT] certificate expiry check: 127 days remaining
2026-05-23T18:36:35Z [METRICS-AGENT] connection pool: 55/100
2026-05-23T23:37:35Z [BACKUP-SVC] user session 569: login from 10.0.0.209
2026-05-23T13:13:05Z [BACKUP-SVC] connection pool: 51/100
2026-05-23T06:21:19Z [MES] user session 874: login from 10.0.0.110
2026-05-23T04:26:45Z [METRICS-AGENT] config sync OK
2026-05-23T21:52:43Z [ERP-BRIDGE] memory pressure: 2884 MB free
2026-05-23T11:11:06Z [BACKUP-SVC] disk usage: 43%
2026-05-23T02:48:35Z [FIREWALL] health check passed
2026-05-23T06:40:11Z [METRICS-AGENT] config sync OK
2026-05-23T01:35:36Z [METRICS-AGENT] metrics flush: 2626 points
2026-05-23T23:31:51Z [FIREWALL] user session 465: login from 10.0.0.45
2026-05-23T18:04:14Z [METRICS-AGENT] health check passed
2026-05-23T04:15:45Z [FIREWALL] metrics flush: 4799 points
2026-05-23T11:09:28Z [ERP-BRIDGE] connection pool: 40/100
2026-05-23T18:19:15Z [FIREWALL] backup written to /mnt/nas/daily_2026-05-13.tar.gz
2026-05-23T08:21:39Z [METRICS-AGENT] user session 977: login from 10.0.0.23
2026-05-23T19:01:10Z [FIREWALL] connection pool: 55/100
2026-05-23T12:37:12Z [BACKUP-SVC] user session 482: login from 10.0.0.155
2026-05-23T08:13:07Z [BACKUP-SVC] certificate expiry check: 232 days remaining
2026-05-23T04:57:31Z [FIREWALL] metrics flush: 4847 points
2026-05-23T17:00:52Z [ERP-BRIDGE] connection pool: 66/100
2026-05-23T22:45:50Z [SCADA] connection pool: 40/100
2026-05-23T11:31:26Z [BACKUP-SVC] memory pressure: 3448 MB free
2026-05-23T05:30:33Z [METRICS-AGENT] user session 776: login from 10.0.0.160
2026-05-23T18:37:39Z [ERP-BRIDGE] config sync OK
2026-05-23T14:34:04Z [BACKUP-SVC] disk usage: 87%
2026-05-23T20:36:25Z [BACKUP-SVC] backup written to /mnt/nas/daily_2026-05-21.tar.gz
2026-05-23T16:03:39Z [SCADA] disk usage: 42%
2026-05-23T09:31:36Z [BACKUP-SVC] connection pool: 11/100
2026-05-23T18:13:12Z [MES] backup written to /mnt/nas/daily_2026-05-20.tar.gz
2026-05-23T03:51:04Z [MES] certificate expiry check: 100 days remaining
2026-05-23T16:48:46Z [FIREWALL] memory pressure: 3205 MB free
2026-05-23T04:55:05Z [MES] backup written to /mnt/nas/daily_2026-05-18.tar.gz
2026-05-23T02:39:37Z [FIREWALL] connection pool: 83/100
2026-05-23T11:11:00Z [SCADA] disk usage: 55%
2026-05-23T02:51:17Z [FIREWALL] disk usage: 83%
2026-05-23T16:51:38Z [BACKUP-SVC] metrics flush: 2528 points
2026-05-23T21:11:47Z [BACKUP-SVC] config sync OK
2026-05-23T22:50:25Z [FIREWALL] metrics flush: 1470 points
2026-05-23T10:39:18Z [ERP-BRIDGE] health check passed
2026-05-23T12:17:34Z [MES] metrics flush: 4688 points
2026-05-23T17:40:17Z [SCADA] health check passed
2026-05-23T08:19:32Z [ERP-BRIDGE] certificate expiry check: 224 days remaining
2026-05-23T07:34:40Z [MES] backup written to /mnt/nas/daily_2026-05-03.tar.gz
2026-05-23T23:00:47Z [METRICS-AGENT] disk usage: 72%
2026-05-23T00:11:56Z [ERP-BRIDGE] certificate expiry check: 66 days remaining
2026-05-23T15:05:54Z [METRICS-AGENT] config sync OK
2026-05-23T04:12:01Z [BACKUP-SVC] backup written to /mnt/nas/daily_2026-05-20.tar.gz
2026-05-23T10:45:44Z [BACKUP-SVC] user session 900: login from 10.0.0.2
2026-05-23T05:58:37Z [ERP-BRIDGE] memory pressure: 966 MB free
2026-05-23T08:14:15Z [SCADA] connection pool: 59/100
2026-05-23T23:24:52Z [FIREWALL] user session 820: login from 10.0.0.119
2026-05-23T06:59:26Z [ERP-BRIDGE] connection pool: 33/100
2026-05-23T23:49:18Z [ERP-BRIDGE] connection pool: 89/100
2026-05-23T02:36:21Z [METRICS-AGENT] memory pressure: 2420 MB free
2026-05-23T08:06:43Z [METRICS-AGENT] metrics flush: 4453 points
2026-05-23T02:22:14Z [MES] connection pool: 46/100
2026-05-23T02:39:32Z [MES] health check passed
2026-05-23T05:43:44Z [ERP-BRIDGE] memory pressure: 3341 MB free
2026-05-23T00:59:54Z [FIREWALL] health check passed
2026-05-23T05:07:37Z [SCADA] connection pool: 88/100
2026-05-23T11:13:17Z [SCADA] health check passed
2026-05-23T04:48:19Z [MES] certificate expiry check: 176 days remaining
2026-05-23T01:58:03Z [ERP-BRIDGE] metrics flush: 4138 points
2026-05-23T13:13:17Z [BACKUP-SVC] disk usage: 76%
2026-05-23T16:34:07Z [BACKUP-SVC] metrics flush: 2896 points
2026-05-23T09:30:33Z [ERP-BRIDGE] backup written to /mnt/nas/daily_2026-05-22.tar.gz
2026-05-23T16:37:33Z [METRICS-AGENT] user session 696: login from 10.0.0.173
2026-05-23T13:50:48Z [BACKUP-SVC] health check passed
2026-05-23T07:33:14Z [ERP-BRIDGE] connection pool: 54/100
2026-05-23T13:17:29Z [SCADA] certificate expiry check: 332 days remaining
2026-05-23T13:00:55Z [SCADA] user session 434: login from 10.0.0.31
2026-05-23T09:35:43Z [FIREWALL] memory pressure: 1946 MB free
2026-05-23T22:55:55Z [SCADA] backup written to /mnt/nas/daily_2026-05-21.tar.gz
2026-05-23T20:34:23Z [BACKUP-SVC] connection pool: 38/100
2026-05-23T06:29:14Z [SCADA] user session 822: login from 10.0.0.152
2026-05-23T04:04:44Z [FIREWALL] metrics flush: 996 points
2026-05-23T08:59:43Z [SCADA] connection pool: 84/100
2026-05-23T16:51:35Z [BACKUP-SVC] config sync OK
2026-05-23T21:30:41Z [SCADA] connection pool: 75/100
2026-05-23T11:43:46Z [METRICS-AGENT] connection pool: 60/100
2026-05-23T19:25:02Z [ERP-BRIDGE] user session 586: login from 10.0.0.52
2026-05-23T18:42:40Z [ERP-BRIDGE] disk usage: 73%
2026-05-23T12:40:59Z [ERP-BRIDGE] certificate expiry check: 178 days remaining
2026-05-23T12:27:49Z [BACKUP-SVC] backup written to /mnt/nas/daily_2026-05-11.tar.gz
2026-05-23T02:58:46Z [BACKUP-SVC] connection pool: 44/100
2026-05-23T14:32:17Z [BACKUP-SVC] config sync OK
2026-05-23T09:28:15Z [FIREWALL] memory pressure: 760 MB free
2026-05-23T14:59:42Z [ERP-BRIDGE] disk usage: 56%
2026-05-23T08:37:47Z [SCADA] memory pressure: 3846 MB free
2026-05-23T17:24:27Z [ERP-BRIDGE] certificate expiry check: 179 days remaining
2026-05-23T08:56:15Z [BACKUP-SVC] memory pressure: 620 MB free
2026-05-23T18:22:20Z [ERP-BRIDGE] user session 683: login from 10.0.0.106
2026-05-23T03:43:16Z [ERP-BRIDGE] disk usage: 46%
2026-05-23T04:40:56Z [FIREWALL] disk usage: 87%
2026-05-23T14:05:17Z [BACKUP-SVC] user session 370: login from 10.0.0.178
2026-05-23T19:37:44Z [METRICS-AGENT] disk usage: 44%
2026-05-23T06:00:01Z [ERP-BRIDGE] user session 618: login from 10.0.0.29
2026-05-23T23:08:29Z [FIREWALL] certificate expiry check: 145 days remaining
2026-05-23T08:29:21Z [METRICS-AGENT] health check passed
2026-05-23T14:06:31Z [FIREWALL] metrics flush: 1805 points
2026-05-23T16:36:53Z [BACKUP-SVC] connection pool: 43/100
2026-05-23T20:53:22Z [ERP-BRIDGE] backup written to /mnt/nas/daily_2026-05-23.tar.gz
2026-05-23T07:28:46Z [SCADA] memory pressure: 2497 MB free
2026-05-23T21:49:44Z [ERP-BRIDGE] metrics flush: 2455 points
2026-05-23T13:36:57Z [ERP-BRIDGE] memory pressure: 3685 MB free
2026-05-23T12:49:40Z [MES] memory pressure: 1725 MB free
2026-05-23T09:23:46Z [MES] metrics flush: 3294 points
2026-05-23T05:47:28Z [BACKUP-SVC] disk usage: 76%
2026-05-23T03:29:16Z [ERP-BRIDGE] config sync OK
2026-05-23T01:19:52Z [SCADA] backup written to /mnt/nas/daily_2026-05-02.tar.gz
2026-05-23T10:47:34Z [SCADA] connection pool: 13/100
2026-05-23T12:45:48Z [FIREWALL] memory pressure: 1101 MB free
2026-05-23T17:17:07Z [FIREWALL] memory pressure: 778 MB free
2026-05-23T06:19:58Z [ERP-BRIDGE] backup written to /mnt/nas/daily_2026-05-01.tar.gz
2026-05-23T01:51:45Z [BACKUP-SVC] config sync OK
2026-05-23T02:47:40Z [FIREWALL] backup written to /mnt/nas/daily_2026-05-18.tar.gz
2026-05-23T21:45:32Z [MES] backup written to /mnt/nas/daily_2026-05-05.tar.gz
2026-05-23T13:09:08Z [ERP-BRIDGE] config sync OK
2026-05-23T13:16:47Z [FIREWALL] config sync OK
2026-05-23T11:34:41Z [ERP-BRIDGE] certificate expiry check: 269 days remaining
2026-05-23T23:24:41Z [FIREWALL] backup written to /mnt/nas/daily_2026-05-08.tar.gz
2026-05-23T22:16:56Z [SCADA] disk usage: 45%
2026-05-23T18:50:31Z [FIREWALL] memory pressure: 3079 MB free
2026-05-23T13:56:32Z [MES] metrics flush: 1776 points
2026-05-23T20:48:36Z [BACKUP-SVC] user session 904: login from 10.0.0.105
2026-05-23T13:40:04Z [ERP-BRIDGE] metrics flush: 1923 points
2026-05-23T21:31:05Z [SCADA] config sync OK
2026-05-23T22:03:09Z [ERP-BRIDGE] health check passed
2026-05-23T22:46:49Z [ERP-BRIDGE] config sync OK
2026-05-23T18:08:47Z [ERP-BRIDGE] certificate expiry check: 218 days remaining
2026-05-23T19:50:17Z [METRICS-AGENT] certificate expiry check: 70 days remaining
2026-05-23T19:21:32Z [METRICS-AGENT] config sync OK
2026-05-23T16:26:26Z [FIREWALL] metrics flush: 1412 points
2026-05-23T05:40:20Z [FIREWALL] metrics flush: 1872 points
2026-05-23T21:42:16Z [ERP-BRIDGE] backup written to /mnt/nas/daily_2026-05-09.tar.gz
2026-05-23T16:11:58Z [BACKUP-SVC] config sync OK
2026-05-23T13:25:31Z [SCADA] health check passed
2026-05-23T19:31:06Z [MES] health check passed
2026-05-23T22:06:37Z [SCADA] disk usage: 84%
2026-05-23T04:31:52Z [SCADA] config sync OK
2026-05-23T13:12:20Z [BACKUP-SVC] disk usage: 57%
2026-05-23T09:17:45Z [SCADA] connection pool: 30/100
2026-05-23T23:37:05Z [BACKUP-SVC] certificate expiry check: 115 days remaining
2026-05-23T05:06:37Z [FIREWALL] memory pressure: 3915 MB free
2026-05-23T15:16:31Z [FIREWALL] config sync OK
2026-05-23T19:51:21Z [METRICS-AGENT] connection pool: 56/100
2026-05-23T22:03:25Z [METRICS-AGENT] config sync OK
2026-05-23T16:52:19Z [METRICS-AGENT] config sync OK
2026-05-23T17:15:35Z [ERP-BRIDGE] memory pressure: 1075 MB free
2026-05-23T22:14:49Z [ERP-BRIDGE] backup written to /mnt/nas/daily_2026-05-01.tar.gz
2026-05-23T22:50:43Z [ERP-BRIDGE] connection pool: 68/100
2026-05-23T23:30:03Z [SCADA] connection pool: 68/100
2026-05-23T13:50:27Z [FIREWALL] config sync OK
2026-05-23T18:26:17Z [MES] health check passed
2026-05-23T02:08:25Z [BACKUP-SVC] user session 347: login from 10.0.0.2
2026-05-23T06:37:52Z [BACKUP-SVC] config sync OK
2026-05-23T21:52:01Z [FIREWALL] memory pressure: 900 MB free
2026-05-23T20:25:27Z [BACKUP-SVC] metrics flush: 4182 points
2026-05-23T09:25:20Z [SCADA] metrics flush: 4722 points
2026-05-23T06:48:54Z [ERP-BRIDGE] health check passed
2026-05-23T00:30:11Z [ERP-BRIDGE] backup written to /mnt/nas/daily_2026-05-04.tar.gz
2026-05-23T01:21:12Z [BACKUP-SVC] certificate expiry check: 14 days remaining
2026-05-23T01:40:36Z [METRICS-AGENT] backup written to /mnt/nas/daily_2026-05-15.tar.gz
2026-05-23T18:00:36Z [FIREWALL] user session 366: login from 10.0.0.143
2026-05-23T03:28:16Z [BACKUP-SVC] connection pool: 20/100
2026-05-23T18:06:14Z [METRICS-AGENT] backup written to /mnt/nas/daily_2026-05-16.tar.gz
2026-05-23T06:28:45Z [BACKUP-SVC] disk usage: 87%
2026-05-23T02:05:23Z [SCADA] config sync OK
2026-05-23T06:46:21Z [FIREWALL] config sync OK
2026-05-23T18:06:39Z [MES] connection pool: 51/100
2026-05-23T12:21:00Z [SCADA] disk usage: 72%
2026-05-23T11:54:13Z [METRICS-AGENT] backup written to /mnt/nas/daily_2026-05-16.tar.gz
2026-05-23T19:00:00Z [MES] connection pool: 86/100
2026-05-23T00:59:22Z [ERP-BRIDGE] memory pressure: 2194 MB free
2026-05-23T16:45:13Z [METRICS-AGENT] certificate expiry check: 316 days remaining
2026-05-23T10:56:11Z [SCADA] metrics flush: 3831 points
2026-05-23T08:16:10Z [BACKUP-SVC] health check passed
2026-05-23T00:22:49Z [FIREWALL] user session 795: login from 10.0.0.153
2026-05-23T18:34:51Z [METRICS-AGENT] backup written to /mnt/nas/daily_2026-05-11.tar.gz
2026-05-23T05:39:54Z [ERP-BRIDGE] connection pool: 20/100
2026-05-23T18:57:24Z [ERP-BRIDGE] certificate expiry check: 270 days remaining
2026-05-23T09:19:46Z [ERP-BRIDGE] memory pressure: 535 MB free
2026-05-23T03:58:10Z [MES] user session 708: login from 10.0.0.153
2026-05-23T02:07:45Z [METRICS-AGENT] metrics flush: 3073 points
2026-05-23T15:13:10Z [FIREWALL] certificate expiry check: 357 days remaining
2026-05-23T01:48:20Z [ERP-BRIDGE] certificate expiry check: 241 days remaining
2026-05-23T10:55:51Z [ERP-BRIDGE] backup written to /mnt/nas/daily_2026-05-03.tar.gz
2026-05-23T04:59:36Z [METRICS-AGENT] config sync OK
2026-05-23T22:13:38Z [METRICS-AGENT] backup written to /mnt/nas/daily_2026-05-18.tar.gz
2026-05-23T02:07:16Z [MES] connection pool: 84/100
2026-05-23T23:23:59Z [METRICS-AGENT] certificate expiry check: 115 days remaining
2026-05-23T19:55:43Z [FIREWALL] memory pressure: 3373 MB free
2026-05-23T21:09:39Z [SCADA] memory pressure: 1786 MB free
2026-05-23T11:20:50Z [FIREWALL] metrics flush: 2062 points
2026-05-23T20:33:48Z [ERP-BRIDGE] health check passed
2026-05-23T20:57:40Z [MES] memory pressure: 968 MB free
2026-05-23T13:39:43Z [METRICS-AGENT] certificate expiry check: 358 days remaining
2026-05-23T17:00:41Z [BACKUP-SVC] health check passed
2026-05-23T02:09:29Z [METRICS-AGENT] memory pressure: 626 MB free
2026-05-23T10:30:50Z [FIREWALL] user session 215: login from 10.0.0.109
2026-05-23T17:45:15Z [ERP-BRIDGE] metrics flush: 3184 points
2026-05-23T03:48:20Z [ERP-BRIDGE] backup written to /mnt/nas/daily_2026-05-22.tar.gz
2026-05-23T02:32:07Z [SCADA] user session 340: login from 10.0.0.152
2026-05-23T06:46:19Z [MES] memory pressure: 1459 MB free
2026-05-23T00:51:55Z [MES] certificate expiry check: 64 days remaining
2026-05-23T21:31:06Z [BACKUP-SVC] config sync OK
2026-05-23T10:49:44Z [FIREWALL] backup written to /mnt/nas/daily_2026-05-21.tar.gz
2026-05-23T03:12:21Z [FIREWALL] connection pool: 92/100
2026-05-23T23:52:05Z [FIREWALL] metrics flush: 3095 points
2026-05-23T02:44:36Z [METRICS-AGENT] health check passed
2026-05-23T19:47:35Z [METRICS-AGENT] metrics flush: 4192 points
2026-05-23T22:09:25Z [MES] certificate expiry check: 197 days remaining
2026-05-23T00:24:02Z [ERP-BRIDGE] user session 189: login from 10.0.0.108
2026-05-23T04:47:58Z [METRICS-AGENT] backup written to /mnt/nas/daily_2026-05-19.tar.gz
2026-05-23T12:30:03Z [ERP-BRIDGE] memory pressure: 3503 MB free
2026-05-23T03:13:54Z [MES] backup written to /mnt/nas/daily_2026-05-16.tar.gz
2026-05-23T14:00:06Z [FIREWALL] disk usage: 84%
2026-05-23T13:09:05Z [FIREWALL] certificate expiry check: 167 days remaining
2026-05-23T01:17:05Z [FIREWALL] config sync OK
2026-05-23T03:52:18Z [METRICS-AGENT] health check passed
2026-05-23T21:06:53Z [SCADA] config sync OK
2026-05-23T01:26:34Z [ERP-BRIDGE] disk usage: 46%
2026-05-23T07:48:23Z [FIREWALL] user session 929: login from 10.0.0.204
2026-05-23T10:06:49Z [MES] memory pressure: 1522 MB free
2026-05-23T09:03:00Z [ERP-BRIDGE] metrics flush: 4175 points
2026-05-23T00:39:18Z [MES] health check passed
2026-05-23T11:46:50Z [BACKUP-SVC] connection pool: 12/100
2026-05-23T19:53:49Z [BACKUP-SVC] disk usage: 67%
2026-05-23T02:39:20Z [METRICS-AGENT] health check passed
2026-05-23T08:30:13Z [SCADA] memory pressure: 599 MB free
2026-05-23T10:54:11Z [BACKUP-SVC] health check passed
2026-05-23T00:48:30Z [METRICS-AGENT] config sync OK
2026-05-23T07:49:32Z [ERP-BRIDGE] user session 123: login from 10.0.0.243
2026-05-23T18:28:54Z [SCADA] config sync OK
2026-05-23T19:32:28Z [FIREWALL] metrics flush: 1003 points
2026-05-23T20:39:57Z [SCADA] backup written to /mnt/nas/daily_2026-05-09.tar.gz
2026-05-23T20:57:38Z [FIREWALL] config sync OK
2026-05-23T07:33:36Z [METRICS-AGENT] backup written to /mnt/nas/daily_2026-05-20.tar.gz
2026-05-23T02:05:04Z [SCADA] certificate expiry check: 49 days remaining
2026-05-23T14:12:15Z [ERP-BRIDGE] connection pool: 33/100
2026-05-23T09:26:50Z [SCADA] metrics flush: 3670 points
2026-05-23T02:56:33Z [METRICS-AGENT] connection pool: 32/100
2026-05-23T18:04:48Z [METRICS-AGENT] disk usage: 41%
2026-05-23T05:03:52Z [MES] user session 112: login from 10.0.0.128
2026-05-23T08:12:57Z [FIREWALL] connection pool: 66/100
2026-05-23T03:27:52Z [BACKUP-SVC] memory pressure: 3454 MB free
2026-05-23T11:00:07Z [FIREWALL] config sync OK
2026-05-23T20:07:20Z [METRICS-AGENT] user session 678: login from 10.0.0.52
2026-05-23T20:07:43Z [MES] certificate expiry check: 85 days remaining
2026-05-23T17:16:01Z [MES] memory pressure: 2165 MB free
2026-05-23T06:32:10Z [METRICS-AGENT] health check passed
2026-05-23T21:06:42Z [ERP-BRIDGE] config sync OK
2026-05-23T16:03:46Z [METRICS-AGENT] memory pressure: 1096 MB free
2026-05-23T07:06:51Z [SCADA] health check passed
2026-05-23T14:34:30Z [SCADA] health check passed
2026-05-23T02:23:34Z [ERP-BRIDGE] memory pressure: 3712 MB free
2026-05-23T04:38:58Z [BACKUP-SVC] health check passed
2026-05-23T20:58:37Z [SCADA] memory pressure: 571 MB free
2026-05-23T19:05:19Z [MES] user session 622: login from 10.0.0.84
2026-05-23T06:52:57Z [METRICS-AGENT] connection pool: 32/100
2026-05-23T22:00:18Z [METRICS-AGENT] disk usage: 63%
2026-05-23T00:27:13Z [FIREWALL] metrics flush: 2264 points
2026-05-23T10:13:59Z [ERP-BRIDGE] backup written to /mnt/nas/daily_2026-05-23.tar.gz
2026-05-23T20:22:10Z [METRICS-AGENT] certificate expiry check: 113 days remaining
2026-05-23T22:25:40Z [MES] metrics flush: 1888 points
2026-05-23T23:24:07Z [MES] certificate expiry check: 129 days remaining
2026-05-23T09:12:55Z [SCADA] connection pool: 31/100
2026-05-23T11:50:53Z [METRICS-AGENT] backup written to /mnt/nas/daily_2026-05-05.tar.gz
2026-05-23T15:07:33Z [MES] certificate expiry check: 205 days remaining
2026-05-23T22:46:41Z [METRICS-AGENT] config sync OK
2026-05-23T09:06:20Z [METRICS-AGENT] metrics flush: 4701 points
2026-05-23T03:36:25Z [MES] metrics flush: 1114 points
2026-05-23T06:50:54Z [METRICS-AGENT] metrics flush: 2058 points
2026-05-23T04:18:42Z [BACKUP-SVC] backup written to /mnt/nas/daily_2026-05-21.tar.gz
2026-05-23T14:43:28Z [BACKUP-SVC] health check passed
2026-05-23T07:58:14Z [MES] config sync OK
2026-05-23T09:54:15Z [BACKUP-SVC] config sync OK
2026-05-23T14:09:38Z [ERP-BRIDGE] disk usage: 40%
2026-05-23T07:48:02Z [ERP-BRIDGE] connection pool: 23/100
2026-05-23T07:39:14Z [MES] config sync OK
2026-05-23T23:46:31Z [BACKUP-SVC] disk usage: 44%
2026-05-23T20:25:55Z [MES] config sync OK
2026-05-23T11:35:42Z [SCADA] user session 342: login from 10.0.0.164
2026-05-23T07:40:29Z [SCADA] user session 263: login from 10.0.0.137
2026-05-23T16:33:33Z [FIREWALL] certificate expiry check: 78 days remaining
2026-05-23T10:00:09Z [MES] disk usage: 69%
2026-05-23T05:53:10Z [FIREWALL] metrics flush: 3566 points
2026-05-23T01:27:47Z [ERP-BRIDGE] health check passed
2026-05-23T00:34:45Z [FIREWALL] connection pool: 65/100
2026-05-23T03:03:45Z [SCADA] memory pressure: 2060 MB free
2026-05-23T17:15:26Z [BACKUP-SVC] backup written to /mnt/nas/daily_2026-05-11.tar.gz
2026-05-23T05:50:19Z [BACKUP-SVC] memory pressure: 1161 MB free
2026-05-23T03:00:47Z [ERP-BRIDGE] memory pressure: 2081 MB free
2026-05-23T08:18:43Z [BACKUP-SVC] certificate expiry check: 344 days remaining
2026-05-23T08:49:07Z [MES] user session 834: login from 10.0.0.61
2026-05-23T01:38:03Z [MES] backup written to /mnt/nas/daily_2026-05-08.tar.gz
2026-05-23T23:45:49Z [SCADA] metrics flush: 3157 points
2026-05-23T13:34:21Z [MES] user session 157: login from 10.0.0.41
2026-05-23T14:20:15Z [FIREWALL] connection pool: 47/100
2026-05-23T19:10:01Z [SCADA] health check passed
2026-05-23T21:26:23Z [MES] disk usage: 83%
2026-05-23T00:11:39Z [FIREWALL] config sync OK
2026-05-23T18:08:41Z [BACKUP-SVC] backup written to /mnt/nas/daily_2026-05-16.tar.gz
2026-05-23T16:07:24Z [FIREWALL] certificate expiry check: 354 days remaining
2026-05-23T08:25:55Z [SCADA] memory pressure: 724 MB free
2026-05-23T13:08:45Z [FIREWALL] user session 373: login from 10.0.0.204
2026-05-23T23:47:14Z [METRICS-AGENT] memory pressure: 2218 MB free
2026-05-23T23:55:03Z [MES] user session 444: login from 10.0.0.54
2026-05-23T12:17:41Z [ERP-BRIDGE] health check passed
2026-05-23T05:41:55Z [METRICS-AGENT] metrics flush: 4742 points
2026-05-23T21:40:37Z [FIREWALL] connection pool: 72/100
2026-05-23T01:36:01Z [FIREWALL] user session 420: login from 10.0.0.19
2026-05-23T19:42:40Z [MES] metrics flush: 2973 points
2026-05-23T13:20:15Z [BACKUP-SVC] config sync OK
2026-05-23T15:57:59Z [MES] connection pool: 49/100
2026-05-23T12:18:02Z [FIREWALL] user session 989: login from 10.0.0.178
2026-05-23T20:19:16Z [SCADA] connection pool: 92/100
2026-05-23T20:04:47Z [BACKUP-SVC] backup written to /mnt/nas/daily_2026-05-23.tar.gz
2026-05-23T16:03:23Z [FIREWALL] certificate expiry check: 173 days remaining
2026-05-23T17:44:42Z [FIREWALL] health check passed
2026-05-23T04:19:32Z [ERP-BRIDGE] backup written to /mnt/nas/daily_2026-05-10.tar.gz
2026-05-23T10:19:41Z [SCADA] backup written to /mnt/nas/daily_2026-05-03.tar.gz
2026-05-23T13:24:33Z [METRICS-AGENT] connection pool: 85/100
2026-05-23T09:39:39Z [FIREWALL] health check passed
2026-05-23T20:55:32Z [ERP-BRIDGE] disk usage: 86%
2026-05-23T08:32:06Z [MES] health check passed
2026-05-23T18:20:19Z [ERP-BRIDGE] config sync OK
2026-05-23T10:46:01Z [MES] metrics flush: 1740 points
2026-05-23T16:14:26Z [METRICS-AGENT] disk usage: 59%
2026-05-23T08:03:54Z [FIREWALL] config sync OK
2026-05-23T00:26:37Z [METRICS-AGENT] metrics flush: 1246 points
2026-05-23T03:37:16Z [FIREWALL] memory pressure: 4018 MB free
2026-05-23T17:39:20Z [BACKUP-SVC] disk usage: 40%
2026-05-23T16:57:24Z [FIREWALL] user session 112: login from 10.0.0.108
2026-05-23T07:18:45Z [SCADA] disk usage: 85%
2026-05-23T13:28:56Z [MES] metrics flush: 3781 points
2026-05-23T05:33:31Z [BACKUP-SVC] backup written to /mnt/nas/daily_2026-05-12.tar.gz
2026-05-23T12:16:55Z [ERP-BRIDGE] connection pool: 23/100
2026-05-23T04:24:18Z [MES] backup written to /mnt/nas/daily_2026-05-09.tar.gz
2026-05-23T19:47:49Z [SCADA] connection pool: 15/100
2026-05-23T21:35:55Z [MES] health check passed
2026-05-23T15:18:57Z [ERP-BRIDGE] disk usage: 48%
2026-05-23T12:50:24Z [FIREWALL] metrics flush: 3953 points
2026-05-23T21:08:05Z [BACKUP-SVC] disk usage: 46%
2026-05-23T16:50:47Z [MES] health check passed
2026-05-23T14:47:19Z [FIREWALL] metrics flush: 3759 points
2026-05-23T20:27:50Z [BACKUP-SVC] connection pool: 90/100
2026-05-23T10:03:50Z [MES] connection pool: 53/100
2026-05-23T22:22:10Z [METRICS-AGENT] connection pool: 14/100
2026-05-23T02:55:38Z [ERP-BRIDGE] backup written to /mnt/nas/daily_2026-05-20.tar.gz
2026-05-23T06:07:52Z [MES] metrics flush: 2252 points
2026-05-23T13:10:30Z [BACKUP-SVC] disk usage: 67%
2026-05-23T02:29:56Z [FIREWALL] disk usage: 86%
2026-05-23T03:44:43Z [METRICS-AGENT] backup written to /mnt/nas/daily_2026-05-10.tar.gz
2026-05-23T03:27:50Z [BACKUP-SVC] config sync OK
2026-05-23T01:11:14Z [SCADA] health check passed
2026-05-23T06:32:38Z [METRICS-AGENT] metrics flush: 904 points
2026-05-23T08:52:43Z [SCADA] config sync OK
2026-05-23T02:11:32Z [SCADA] connection pool: 17/100
2026-05-23T20:06:23Z [METRICS-AGENT] connection pool: 93/100
2026-05-23T17:13:59Z [SCADA] backup written to /mnt/nas/daily_2026-05-19.tar.gz
2026-05-23T22:28:45Z [SCADA] metrics flush: 1732 points
2026-05-23T05:46:38Z [FIREWALL] user session 843: login from 10.0.0.23
2026-05-23T03:30:57Z [BACKUP-SVC] health check passed
2026-05-23T21:14:46Z [FIREWALL] backup written to /mnt/nas/daily_2026-05-12.tar.gz
2026-05-23T04:53:31Z [ERP-BRIDGE] config sync OK
2026-05-23T14:56:39Z [FIREWALL] health check passed
2026-05-23T23:22:50Z [BACKUP-SVC] certificate expiry check: 180 days remaining
2026-05-23T02:25:27Z [METRICS-AGENT] connection pool: 73/100
2026-05-23T12:54:58Z [ERP-BRIDGE] certificate expiry check: 91 days remaining
2026-05-23T19:31:46Z [SCADA] memory pressure: 1092 MB free
2026-05-23T14:06:51Z [FIREWALL] backup written to /mnt/nas/daily_2026-05-14.tar.gz
2026-05-23T12:41:39Z [SCADA] user session 814: login from 10.0.0.108
2026-05-23T18:23:22Z [METRICS-AGENT] backup written to /mnt/nas/daily_2026-05-21.tar.gz
2026-05-23T11:54:58Z [MES] connection pool: 55/100
2026-05-23T05:00:34Z [BACKUP-SVC] disk usage: 68%
2026-05-23T00:47:33Z [MES] disk usage: 62%
2026-05-23T11:22:14Z [BACKUP-SVC] health check passed
2026-05-23T15:40:00Z [BACKUP-SVC] config sync OK
2026-05-23T09:25:23Z [METRICS-AGENT] memory pressure: 2018 MB free
2026-05-23T00:45:25Z [METRICS-AGENT] certificate expiry check: 42 days remaining
2026-05-23T03:33:53Z [METRICS-AGENT] health check passed
2026-05-23T11:21:38Z [ERP-BRIDGE] user session 379: login from 10.0.0.152
2026-05-23T01:12:09Z [SCADA] metrics flush: 3562 points
2026-05-23T02:33:50Z [SCADA] disk usage: 78%
2026-05-23T05:48:22Z [ERP-BRIDGE] metrics flush: 1176 points
2026-05-23T10:28:11Z [BACKUP-SVC] backup written to /mnt/nas/daily_2026-05-08.tar.gz
2026-05-23T22:59:45Z [SCADA] certificate expiry check: 324 days remaining
2026-05-23T19:35:15Z [FIREWALL] certificate expiry check: 199 days remaining
2026-05-23T03:02:17Z [SCADA] config sync OK
2026-05-23T08:40:42Z [METRICS-AGENT] memory pressure: 3923 MB free
2026-05-23T10:43:37Z [BACKUP-SVC] certificate expiry check: 42 days remaining
2026-05-23T10:28:59Z [SCADA] health check passed
2026-05-23T16:16:32Z [BACKUP-SVC] connection pool: 59/100
2026-05-23T09:16:18Z [FIREWALL] config sync OK
2026-05-23T10:21:33Z [MES] memory pressure: 3133 MB free
2026-05-23T10:15:17Z [SCADA] memory pressure: 1818 MB free
2026-05-23T01:00:26Z [METRICS-AGENT] backup written to /mnt/nas/daily_2026-05-03.tar.gz
2026-05-23T07:38:11Z [METRICS-AGENT] metrics flush: 2262 points
2026-05-23T00:08:17Z [FIREWALL] backup written to /mnt/nas/daily_2026-05-09.tar.gz
2026-05-23T03:18:57Z [FIREWALL] metrics flush: 2152 points
2026-05-23T12:41:54Z [MES] backup written to /mnt/nas/daily_2026-05-13.tar.gz
2026-05-23T21:21:16Z [FIREWALL] connection pool: 21/100
2026-05-23T03:11:29Z [BACKUP-SVC] connection pool: 88/100
2026-05-23T00:18:23Z [METRICS-AGENT] connection pool: 42/100
2026-05-23T02:26:30Z [MES] connection pool: 6/100
2026-05-23T15:40:35Z [FIREWALL] metrics flush: 4325 points
2026-05-23T00:55:11Z [METRICS-AGENT] certificate expiry check: 111 days remaining
2026-05-23T14:21:43Z [MES] certificate expiry check: 32 days remaining
2026-05-23T22:49:21Z [FIREWALL] disk usage: 43%
2026-05-23T17:39:55Z [ERP-BRIDGE] metrics flush: 4176 points
2026-05-23T02:04:14Z [SCADA] user session 187: login from 10.0.0.206
2026-05-23T03:17:59Z [SCADA] memory pressure: 575 MB free
2026-05-23T17:50:12Z [BACKUP-SVC] config sync OK
2026-05-23T02:42:16Z [SCADA] config sync OK
2026-05-23T17:18:13Z [SCADA] health check passed
2026-05-23T14:02:26Z [MES] health check passed
2026-05-23T03:29:52Z [ERP-BRIDGE] backup written to /mnt/nas/daily_2026-05-16.tar.gz
2026-05-23T13:00:54Z [ERP-BRIDGE] backup written to /mnt/nas/daily_2026-05-06.tar.gz
2026-05-23T09:06:21Z [METRICS-AGENT] certificate expiry check: 154 days remaining
2026-05-23T12:36:17Z [SCADA] config sync OK
2026-05-23T00:43:34Z [BACKUP-SVC] metrics flush: 2682 points
2026-05-23T11:24:58Z [ERP-BRIDGE] memory pressure: 1153 MB free
2026-05-23T23:37:35Z [METRICS-AGENT] memory pressure: 3955 MB free
2026-05-23T15:50:19Z [ERP-BRIDGE] disk usage: 51%
2026-05-23T12:30:18Z [BACKUP-SVC] connection pool: 13/100
2026-05-23T20:22:08Z [BACKUP-SVC] certificate expiry check: 167 days remaining
2026-05-23T04:10:51Z [FIREWALL] backup written to /mnt/nas/daily_2026-05-15.tar.gz
2026-05-23T02:20:23Z [METRICS-AGENT] metrics flush: 1342 points
2026-05-23T07:14:14Z [FIREWALL] memory pressure: 2510 MB free
2026-05-23T13:44:27Z [BACKUP-SVC] certificate expiry check: 16 days remaining
2026-05-23T12:11:26Z [FIREWALL] disk usage: 78%
2026-05-23T16:08:47Z [METRICS-AGENT] metrics flush: 2469 points
2026-05-23T12:15:30Z [BACKUP-SVC] disk usage: 40%
2026-05-23T15:52:57Z [SCADA] memory pressure: 574 MB free
2026-05-23T03:19:54Z [SCADA] disk usage: 41%
2026-05-23T13:51:36Z [ERP-BRIDGE] disk usage: 41%
2026-05-23T05:00:57Z [BACKUP-SVC] health check passed
2026-05-23T22:54:07Z [ERP-BRIDGE] health check passed
2026-05-23T06:57:44Z [BACKUP-SVC] backup written to /mnt/nas/daily_2026-05-18.tar.gz
2026-05-23T08:43:34Z [ERP-BRIDGE] certificate expiry check: 81 days remaining
2026-05-23T10:47:22Z [METRICS-AGENT] user session 979: login from 10.0.0.201
2026-05-23T20:25:45Z [MES] memory pressure: 2231 MB free
2026-05-23T18:20:10Z [MES] config sync OK
2026-05-23T16:08:45Z [SCADA] connection pool: 72/100
2026-05-23T14:16:29Z [SCADA] disk usage: 40%
2026-05-23T03:14:25Z [METRICS-AGENT] connection pool: 77/100
2026-05-23T23:21:08Z [BACKUP-SVC] connection pool: 76/100
2026-05-23T01:32:30Z [SCADA] config sync OK
2026-05-23T01:17:45Z [FIREWALL] backup written to /mnt/nas/daily_2026-05-10.tar.gz
2026-05-23T18:29:32Z [ERP-BRIDGE] disk usage: 62%
2026-05-23T03:09:31Z [FIREWALL] backup written to /mnt/nas/daily_2026-05-04.tar.gz
2026-05-23T16:16:00Z [BACKUP-SVC] disk usage: 53%
2026-05-23T06:53:10Z [ERP-BRIDGE] connection pool: 70/100
2026-05-23T01:20:37Z [SCADA] backup written to /mnt/nas/daily_2026-05-06.tar.gz
2026-05-23T03:06:07Z [FIREWALL] health check passed
2026-05-23T12:29:40Z [ERP-BRIDGE] metrics flush: 4436 points
2026-05-23T09:54:21Z [BACKUP-SVC] disk usage: 67%
2026-05-23T21:21:17Z [ERP-BRIDGE] disk usage: 88%
2026-05-23T01:49:13Z [METRICS-AGENT] certificate expiry check: 72 days remaining
2026-05-23T20:08:38Z [BACKUP-SVC] metrics flush: 1923 points
2026-05-23T19:41:21Z [SCADA] metrics flush: 844 points
2026-05-23T06:57:51Z [SCADA] connection pool: 54/100
2026-05-23T15:34:58Z [ERP-BRIDGE] metrics flush: 1831 points
2026-05-23T22:51:01Z [METRICS-AGENT] connection pool: 43/100
2026-05-23T09:30:47Z [ERP-BRIDGE] disk usage: 46%
2026-05-23T10:44:03Z [FIREWALL] metrics flush: 2325 points
2026-05-23T13:33:58Z [FIREWALL] connection pool: 92/100
2026-05-23T14:05:28Z [SCADA] memory pressure: 2534 MB free
2026-05-23T13:14:12Z [BACKUP-SVC] user session 118: login from 10.0.0.107
2026-05-23T04:56:53Z [METRICS-AGENT] backup written to /mnt/nas/daily_2026-05-11.tar.gz
2026-05-23T07:37:45Z [SCADA] memory pressure: 3195 MB free
2026-05-23T15:16:44Z [BACKUP-SVC] disk usage: 49%
2026-05-23T03:06:56Z [METRICS-AGENT] config sync OK
2026-05-23T18:33:30Z [METRICS-AGENT] config sync OK
2026-05-23T17:58:34Z [BACKUP-SVC] certificate expiry check: 30 days remaining
2026-05-23T12:00:11Z [SCADA] health check passed
2026-05-23T16:26:54Z [ERP-BRIDGE] health check passed
2026-05-23T18:12:42Z [FIREWALL] connection pool: 5/100
2026-05-23T04:03:21Z [ERP-BRIDGE] memory pressure: 774 MB free
2026-05-23T16:40:31Z [SCADA] config sync OK
2026-05-23T11:25:28Z [FIREWALL] certificate expiry check: 179 days remaining
2026-05-23T13:56:58Z [ERP-BRIDGE] metrics flush: 3948 points
2026-05-23T12:37:22Z [BACKUP-SVC] disk usage: 79%
2026-05-23T16:54:49Z [SCADA] memory pressure: 567 MB free
2026-05-23T21:45:32Z [MES] memory pressure: 1602 MB free
2026-05-23T10:54:17Z [ERP-BRIDGE] connection pool: 31/100
2026-05-23T07:41:59Z [BACKUP-SVC] memory pressure: 2391 MB free
2026-05-23T11:29:18Z [MES] backup written to /mnt/nas/daily_2026-05-14.tar.gz
2026-05-23T05:29:19Z [METRICS-AGENT] health check passed
2026-05-23T20:46:27Z [MES] metrics flush: 4868 points
2026-05-23T11:38:16Z [ERP-BRIDGE] user session 523: login from 10.0.0.51
2026-05-23T17:01:30Z [MES] disk usage: 72%
2026-05-23T21:26:37Z [BACKUP-SVC] connection pool: 30/100
2026-05-23T12:43:09Z [ERP-BRIDGE] connection pool: 7/100
2026-05-23T03:42:16Z [ERP-BRIDGE] config sync OK
2026-05-23T10:40:00Z [METRICS-AGENT] memory pressure: 1009 MB free
2026-05-23T19:15:52Z [BACKUP-SVC] connection pool: 55/100
2026-05-23T18:46:41Z [FIREWALL] disk usage: 54%
2026-05-23T00:17:06Z [MES] backup written to /mnt/nas/daily_2026-05-16.tar.gz
2026-05-23T04:40:24Z [BACKUP-SVC] connection pool: 44/100
2026-05-23T19:58:23Z [ERP-BRIDGE] disk usage: 63%
2026-05-23T07:41:22Z [BACKUP-SVC] config sync OK
2026-05-23T14:17:52Z [SCADA] certificate expiry check: 350 days remaining
2026-05-23T13:52:08Z [FIREWALL] health check passed
2026-05-23T02:31:50Z [MES] metrics flush: 1981 points
2026-05-23T11:19:07Z [FIREWALL] backup written to /mnt/nas/daily_2026-05-16.tar.gz
2026-05-23T13:37:32Z [FIREWALL] memory pressure: 1307 MB free
2026-05-23T05:48:05Z [FIREWALL] memory pressure: 546 MB free
2026-05-23T23:52:04Z [ERP-BRIDGE] backup written to /mnt/nas/daily_2026-05-11.tar.gz
2026-05-23T05:18:58Z [METRICS-AGENT] config sync OK
2026-05-23T10:56:56Z [METRICS-AGENT] metrics flush: 4162 points
2026-05-23T09:31:53Z [FIREWALL] metrics flush: 4129 points
2026-05-23T00:41:53Z [FIREWALL] disk usage: 52%
2026-05-23T17:10:47Z [FIREWALL] disk usage: 78%
2026-05-23T19:53:55Z [BACKUP-SVC] metrics flush: 3794 points
2026-05-23T22:57:58Z [ERP-BRIDGE] health check passed
2026-05-23T02:18:14Z [FIREWALL] user session 260: login from 10.0.0.176
2026-05-23T14:51:14Z [ERP-BRIDGE] health check passed
2026-05-23T03:49:46Z [ERP-BRIDGE] disk usage: 86%
2026-05-23T04:10:27Z [ERP-BRIDGE] user session 998: login from 10.0.0.121
2026-05-23T08:20:10Z [BACKUP-SVC] health check passed
2026-05-23T23:39:30Z [ERP-BRIDGE] config sync OK
2026-05-23T13:41:15Z [MES] certificate expiry check: 42 days remaining
2026-05-23T01:57:58Z [SCADA] health check passed
2026-05-23T23:21:09Z [ERP-BRIDGE] certificate expiry check: 316 days remaining
2026-05-23T21:15:07Z [MES] config sync OK
2026-05-23T08:31:09Z [FIREWALL] user session 160: login from 10.0.0.139
2026-05-23T06:06:18Z [SCADA] metrics flush: 853 points
2026-05-23T12:25:39Z [BACKUP-SVC] connection pool: 51/100
2026-05-23T15:46:15Z [MES] user session 390: login from 10.0.0.82
2026-05-23T01:15:52Z [SCADA] backup written to /mnt/nas/daily_2026-05-10.tar.gz
2026-05-23T02:51:21Z [MES] connection pool: 84/100
2026-05-23T19:01:22Z [FIREWALL] health check passed
2026-05-23T15:09:36Z [FIREWALL] memory pressure: 648 MB free
2026-05-23T22:55:52Z [FIREWALL] health check passed
2026-05-23T00:42:18Z [ERP-BRIDGE] metrics flush: 909 points
2026-05-23T14:23:33Z [METRICS-AGENT] config sync OK
2026-05-23T20:44:17Z [MES] config sync OK
2026-05-23T11:32:28Z [ERP-BRIDGE] health check passed
2026-05-23T22:46:03Z [MES] metrics flush: 3608 points
2026-05-23T01:45:36Z [METRICS-AGENT] backup written to /mnt/nas/daily_2026-05-11.tar.gz
2026-05-23T08:19:26Z [BACKUP-SVC] disk usage: 79%
2026-05-23T18:14:40Z [ERP-BRIDGE] config sync OK
2026-05-23T15:04:00Z [SCADA] health check passed
2026-05-23T04:36:52Z [SCADA] disk usage: 65%
2026-05-23T02:26:48Z [MES] backup written to /mnt/nas/daily_2026-05-07.tar.gz
2026-05-23T17:58:43Z [FIREWALL] memory pressure: 2264 MB free
2026-05-23T23:05:55Z [BACKUP-SVC] health check passed
2026-05-23T23:50:29Z [ERP-BRIDGE] memory pressure: 2827 MB free
2026-05-23T18:47:45Z [METRICS-AGENT] memory pressure: 2974 MB free
2026-05-23T10:21:42Z [FIREWALL] backup written to /mnt/nas/daily_2026-05-10.tar.gz
2026-05-23T04:02:45Z [METRICS-AGENT] user session 516: login from 10.0.0.118
2026-05-23T23:57:18Z [FIREWALL] user session 872: login from 10.0.0.80
2026-05-23T12:38:50Z [SCADA] health check passed
2026-05-23T13:41:45Z [ERP-BRIDGE] config sync OK
2026-05-23T01:55:36Z [BACKUP-SVC] config sync OK
2026-05-23T03:01:36Z [MES] metrics flush: 4608 points
2026-05-23T15:15:41Z [SCADA] health check passed
2026-05-23T08:50:46Z [ERP-BRIDGE] disk usage: 79%
2026-05-23T00:36:04Z [FIREWALL] health check passed
2026-05-23T13:37:04Z [SCADA] memory pressure: 2841 MB free
2026-05-23T08:01:53Z [BACKUP-SVC] certificate expiry check: 364 days remaining
2026-05-23T12:41:38Z [METRICS-AGENT] config sync OK
2026-05-23T02:46:08Z [FIREWALL] metrics flush: 3416 points
2026-05-23T16:35:10Z [MES] disk usage: 41%
2026-05-23T09:13:34Z [FIREWALL] backup written to /mnt/nas/daily_2026-05-01.tar.gz
2026-05-23T21:32:09Z [SCADA] health check passed
2026-05-23T14:04:05Z [SCADA] metrics flush: 824 points
2026-05-23T01:58:05Z [MES] backup written to /mnt/nas/daily_2026-05-20.tar.gz
2026-05-23T06:50:57Z [ERP-BRIDGE] disk usage: 70%
2026-05-23T06:51:40Z [ERP-BRIDGE] config sync OK
2026-05-23T09:17:48Z [MES] metrics flush: 2515 points
2026-05-23T17:37:00Z [METRICS-AGENT] memory pressure: 1747 MB free
2026-05-23T03:01:37Z [MES] backup written to /mnt/nas/daily_2026-05-12.tar.gz
2026-05-23T14:26:11Z [MES] certificate expiry check: 305 days remaining
2026-05-23T15:34:30Z [BACKUP-SVC] backup written to /mnt/nas/daily_2026-05-11.tar.gz
2026-05-23T05:34:51Z [BACKUP-SVC] config sync OK
2026-05-23T17:45:18Z [MES] disk usage: 89%
2026-05-23T13:55:22Z [METRICS-AGENT] certificate expiry check: 138 days remaining
2026-05-23T12:03:28Z [MES] certificate expiry check: 268 days remaining
2026-05-23T06:53:53Z [MES] disk usage: 62%
2026-05-23T05:00:09Z [METRICS-AGENT] backup written to /mnt/nas/daily_2026-05-03.tar.gz
2026-05-23T11:23:59Z [ERP-BRIDGE] connection pool: 18/100
2026-05-23T11:13:06Z [BACKUP-SVC] certificate expiry check: 252 days remaining
2026-05-23T20:21:07Z [SCADA] backup written to /mnt/nas/daily_2026-05-07.tar.gz
2026-05-23T21:43:19Z [BACKUP-SVC] health check passed
2026-05-23T20:21:39Z [METRICS-AGENT] certificate expiry check: 99 days remaining
2026-05-23T01:17:27Z [METRICS-AGENT] metrics flush: 2784 points
2026-05-23T13:53:09Z [BACKUP-SVC] disk usage: 76%
2026-05-23T02:57:22Z [MES] certificate expiry check: 284 days remaining
2026-05-23T22:54:10Z [FIREWALL] user session 119: login from 10.0.0.221
2026-05-23T18:47:14Z [BACKUP-SVC] metrics flush: 1061 points
2026-05-23T22:18:36Z [SCADA] metrics flush: 4970 points
2026-05-23T23:33:14Z [METRICS-AGENT] connection pool: 50/100
2026-05-23T23:32:42Z [SCADA] connection pool: 7/100
2026-05-23T22:20:09Z [FIREWALL] health check passed
2026-05-23T08:55:59Z [FIREWALL] disk usage: 74%
2026-05-23T22:59:45Z [BACKUP-SVC] memory pressure: 616 MB free
2026-05-23T08:14:21Z [ERP-BRIDGE] metrics flush: 4255 points
2026-05-23T07:19:39Z [BACKUP-SVC] memory pressure: 2313 MB free
2026-05-23T14:07:14Z [FIREWALL] health check passed
2026-05-23T17:37:35Z [ERP-BRIDGE] metrics flush: 2687 points
2026-05-23T23:23:08Z [SCADA] connection pool: 52/100
2026-05-23T06:49:00Z [FIREWALL] user session 842: login from 10.0.0.250
2026-05-23T12:22:23Z [ERP-BRIDGE] memory pressure: 714 MB free
2026-05-23T02:04:29Z [MES] user session 527: login from 10.0.0.11
2026-05-23T04:52:20Z [SCADA] memory pressure: 2045 MB free
2026-05-23T08:08:18Z [METRICS-AGENT] memory pressure: 2129 MB free
2026-05-23T06:47:44Z [SCADA] health check passed
2026-05-23T13:52:10Z [ERP-BRIDGE] connection pool: 12/100
2026-05-23T11:31:56Z [METRICS-AGENT] metrics flush: 883 points
2026-05-23T13:54:29Z [MES] user session 641: login from 10.0.0.139
2026-05-23T06:22:12Z [ERP-BRIDGE] health check passed
2026-05-23T11:44:29Z [BACKUP-SVC] config sync OK
2026-05-23T05:31:43Z [FIREWALL] memory pressure: 527 MB free
2026-05-23T04:48:29Z [FIREWALL] backup written to /mnt/nas/daily_2026-05-06.tar.gz
2026-05-23T23:31:55Z [ERP-BRIDGE] memory pressure: 2009 MB free
2026-05-23T08:10:05Z [FIREWALL] health check passed
2026-05-23T03:29:36Z [MES] disk usage: 44%
2026-05-23T03:03:41Z [METRICS-AGENT] metrics flush: 1872 points
2026-05-23T20:06:30Z [BACKUP-SVC] metrics flush: 4495 points
2026-05-23T23:02:27Z [ERP-BRIDGE] certificate expiry check: 16 days remaining
2026-05-23T12:33:58Z [MES] backup written to /mnt/nas/daily_2026-05-03.tar.gz
2026-05-23T19:38:09Z [MES] metrics flush: 4809 points
2026-05-23T20:04:54Z [SCADA] user session 164: login from 10.0.0.95
2026-05-23T09:21:02Z [BACKUP-SVC] connection pool: 23/100
2026-05-23T09:59:49Z [BACKUP-SVC] backup written to /mnt/nas/daily_2026-05-08.tar.gz
2026-05-23T04:39:54Z [BACKUP-SVC] health check passed
2026-05-23T03:00:03Z [FIREWALL] user session 437: login from 10.0.0.105
2026-05-23T07:06:57Z [SCADA] certificate expiry check: 264 days remaining
2026-05-23T22:04:42Z [SCADA] disk usage: 81%
2026-05-23T20:01:30Z [FIREWALL] connection pool: 71/100
2026-05-23T05:12:09Z [FIREWALL] user session 281: login from 10.0.0.73
2026-05-23T20:10:30Z [ERP-BRIDGE] memory pressure: 2898 MB free
2026-05-23T08:27:37Z [BACKUP-SVC] memory pressure: 3894 MB free
2026-05-23T09:03:51Z [ERP-BRIDGE] backup written to /mnt/nas/daily_2026-05-14.tar.gz
2026-05-23T05:49:49Z [ERP-BRIDGE] config sync OK
2026-05-23T22:20:39Z [METRICS-AGENT] user session 596: login from 10.0.0.194
2026-05-23T19:34:43Z [BACKUP-SVC] backup written to /mnt/nas/daily_2026-05-07.tar.gz
2026-05-23T03:26:01Z [ERP-BRIDGE] memory pressure: 514 MB free
2026-05-23T17:06:27Z [SCADA] user session 822: login from 10.0.0.120
2026-05-23T15:17:14Z [BACKUP-SVC] connection pool: 45/100
2026-05-23T04:23:59Z [ERP-BRIDGE] certificate expiry check: 106 days remaining
2026-05-23T13:43:41Z [ERP-BRIDGE] backup written to /mnt/nas/daily_2026-05-14.tar.gz
2026-05-23T11:31:13Z [ERP-BRIDGE] backup written to /mnt/nas/daily_2026-05-14.tar.gz
2026-05-23T16:47:14Z [SCADA] certificate expiry check: 125 days remaining
2026-05-23T01:51:08Z [BACKUP-SVC] backup written to /mnt/nas/daily_2026-05-07.tar.gz
2026-05-23T06:19:47Z [BACKUP-SVC] certificate expiry check: 66 days remaining
2026-05-23T23:50:51Z [FIREWALL] backup written to /mnt/nas/daily_2026-05-20.tar.gz
2026-05-23T17:12:16Z [FIREWALL] user session 731: login from 10.0.0.229
2026-05-23T17:16:26Z [SCADA] disk usage: 44%
2026-05-23T04:59:15Z [MES] connection pool: 67/100
2026-05-23T00:56:32Z [ERP-BRIDGE] backup written to /mnt/nas/daily_2026-05-19.tar.gz
2026-05-23T22:26:23Z [BACKUP-SVC] backup written to /mnt/nas/daily_2026-05-10.tar.gz
2026-05-23T13:38:32Z [FIREWALL] metrics flush: 4226 points
2026-05-23T14:40:19Z [METRICS-AGENT] metrics flush: 1758 points
2026-05-23T17:57:15Z [SCADA] certificate expiry check: 289 days remaining
2026-05-23T02:54:50Z [MES] disk usage: 57%
2026-05-23T13:44:02Z [SCADA] backup written to /mnt/nas/daily_2026-05-20.tar.gz
2026-05-23T18:18:15Z [SCADA] memory pressure: 3133 MB free
2026-05-23T03:37:29Z [ERP-BRIDGE] certificate expiry check: 75 days remaining
2026-05-23T11:05:58Z [MES] connection pool: 30/100
2026-05-23T23:15:25Z [BACKUP-SVC] metrics flush: 4805 points
2026-05-23T18:07:53Z [FIREWALL] disk usage: 89%
2026-05-23T13:14:30Z [ERP-BRIDGE] connection pool: 5/100
2026-05-23T01:20:57Z [SCADA] certificate expiry check: 270 days remaining
2026-05-23T18:08:47Z [MES] connection pool: 47/100
2026-05-23T22:22:03Z [SCADA] backup written to /mnt/nas/daily_2026-05-22.tar.gz
2026-05-23T18:38:02Z [MES] memory pressure: 2559 MB free
2026-05-23T14:33:02Z [METRICS-AGENT] user session 801: login from 10.0.0.165
2026-05-23T20:00:04Z [MES] disk usage: 73%
2026-05-23T23:30:13Z [BACKUP-SVC] health check passed
2026-05-23T23:39:16Z [FIREWALL] health check passed
2026-05-23T06:17:42Z [SCADA] metrics flush: 1718 points
2026-05-23T19:10:22Z [MES] disk usage: 64%
2026-05-23T09:38:45Z [BACKUP-SVC] disk usage: 48%
2026-05-23T21:54:57Z [MES] metrics flush: 2173 points
2026-05-23T00:01:29Z [METRICS-AGENT] memory pressure: 1009 MB free
2026-05-23T16:58:25Z [ERP-BRIDGE] memory pressure: 1964 MB free
2026-05-23T16:14:49Z [METRICS-AGENT] disk usage: 64%
2026-05-23T09:54:53Z [FIREWALL] metrics flush: 4063 points
2026-05-23T04:39:31Z [FIREWALL] backup written to /mnt/nas/daily_2026-05-09.tar.gz
2026-05-23T14:03:14Z [METRICS-AGENT] connection pool: 91/100
2026-05-23T18:54:18Z [MES] config sync OK
2026-05-23T07:51:34Z [ERP-BRIDGE] config sync OK
2026-05-23T20:33:23Z [SCADA] user session 414: login from 10.0.0.44
2026-05-23T02:05:11Z [FIREWALL] memory pressure: 1840 MB free
2026-05-23T09:37:04Z [FIREWALL] connection pool: 32/100
2026-05-23T11:54:35Z [SCADA] user session 695: login from 10.0.0.228
2026-05-23T15:30:25Z [BACKUP-SVC] config sync OK
2026-05-23T12:35:08Z [MES] metrics flush: 3363 points
2026-05-23T05:22:14Z [ERP-BRIDGE] health check passed
2026-05-23T20:31:27Z [MES] certificate expiry check: 362 days remaining
2026-05-23T12:52:34Z [BACKUP-SVC] user session 133: login from 10.0.0.12
2026-05-23T04:36:39Z [MES] health check passed
2026-05-23T22:41:11Z [METRICS-AGENT] connection pool: 80/100
2026-05-23T16:26:45Z [ERP-BRIDGE] backup written to /mnt/nas/daily_2026-05-01.tar.gz
2026-05-23T13:57:14Z [SCADA] backup written to /mnt/nas/daily_2026-05-12.tar.gz
2026-05-23T05:31:53Z [BACKUP-SVC] memory pressure: 928 MB free
2026-05-23T21:59:21Z [MES] config sync OK
2026-05-23T13:52:58Z [ERP-BRIDGE] user session 691: login from 10.0.0.54
2026-05-23T12:21:34Z [MES] certificate expiry check: 248 days remaining
2026-05-23T15:52:12Z [SCADA] health check passed
2026-05-23T12:45:34Z [FIREWALL] backup written to /mnt/nas/daily_2026-05-04.tar.gz
2026-05-23T00:41:22Z [METRICS-AGENT] user session 463: login from 10.0.0.27
2026-05-23T00:56:10Z [BACKUP-SVC] connection pool: 23/100
2026-05-23T11:38:48Z [SCADA] connection pool: 56/100
2026-05-23T20:44:09Z [SCADA] config sync OK
2026-05-23T05:37:17Z [SCADA] memory pressure: 736 MB free
2026-05-23T00:20:04Z [METRICS-AGENT] user session 366: login from 10.0.0.126
2026-05-23T04:35:21Z [FIREWALL] metrics flush: 1658 points
2026-05-23T04:16:01Z [FIREWALL] backup written to /mnt/nas/daily_2026-05-08.tar.gz
2026-05-23T23:27:17Z [SCADA] health check passed
2026-05-23T20:37:05Z [SCADA] metrics flush: 1953 points
2026-05-23T19:28:44Z [BACKUP-SVC] disk usage: 55%
2026-05-23T04:47:23Z [BACKUP-SVC] connection pool: 41/100
2026-05-23T18:52:53Z [MES] health check passed
2026-05-23T02:05:51Z [MES] backup written to /mnt/nas/daily_2026-05-10.tar.gz
2026-05-23T03:52:40Z [FIREWALL] config sync OK
2026-05-23T12:19:20Z [ERP-BRIDGE] health check passed
2026-05-23T18:17:35Z [ERP-BRIDGE] backup written to /mnt/nas/daily_2026-05-18.tar.gz
2026-05-23T21:49:41Z [METRICS-AGENT] health check passed
2026-05-23T11:21:00Z [SCADA] connection pool: 18/100
2026-05-23T10:50:41Z [ERP-BRIDGE] metrics flush: 4880 points
2026-05-23T17:11:14Z [BACKUP-SVC] certificate expiry check: 215 days remaining
2026-05-23T03:09:48Z [ERP-BRIDGE] health check passed
2026-05-23T03:32:31Z [FIREWALL] backup written to /mnt/nas/daily_2026-05-10.tar.gz
2026-05-23T06:11:47Z [FIREWALL] config sync OK
2026-05-23T03:21:26Z [METRICS-AGENT] backup written to /mnt/nas/daily_2026-05-02.tar.gz
2026-05-23T12:10:03Z [ERP-BRIDGE] user session 282: login from 10.0.0.204
2026-05-23T18:26:42Z [BACKUP-SVC] metrics flush: 3946 points
2026-05-23T12:07:31Z [BACKUP-SVC] user session 828: login from 10.0.0.169
2026-05-23T22:30:06Z [FIREWALL] backup written to /mnt/nas/daily_2026-05-10.tar.gz
2026-05-23T11:18:13Z [ERP-BRIDGE] user session 491: login from 10.0.0.228
2026-05-23T06:40:35Z [BACKUP-SVC] user session 594: login from 10.0.0.196
2026-05-23T07:43:19Z [METRICS-AGENT] health check passed
2026-05-23T13:41:52Z [METRICS-AGENT] connection pool: 92/100
2026-05-23T00:52:12Z [BACKUP-SVC] backup written to /mnt/nas/daily_2026-05-03.tar.gz
2026-05-23T11:35:44Z [BACKUP-SVC] backup written to /mnt/nas/daily_2026-05-13.tar.gz
2026-05-23T10:19:56Z [MES] health check passed
2026-05-23T13:44:42Z [MES] certificate expiry check: 330 days remaining
2026-05-23T14:51:13Z [MES] health check passed
2026-05-23T20:38:00Z [BACKUP-SVC] backup written to /mnt/nas/daily_2026-05-20.tar.gz
2026-05-23T16:15:42Z [SCADA] user session 422: login from 10.0.0.63
2026-05-23T06:09:05Z [MES] config sync OK
2026-05-23T15:42:01Z [MES] backup written to /mnt/nas/daily_2026-05-14.tar.gz
2026-05-23T13:52:19Z [MES] disk usage: 57%
2026-05-23T17:07:21Z [MES] health check passed
2026-05-23T07:35:38Z [FIREWALL] connection pool: 57/100
2026-05-23T20:37:24Z [FIREWALL] certificate expiry check: 253 days remaining
2026-05-23T07:55:23Z [SCADA] health check passed
2026-05-23T02:37:52Z [MES] metrics flush: 2800 points
2026-05-23T16:36:04Z [FIREWALL] certificate expiry check: 342 days remaining
2026-05-23T18:49:16Z [ERP-BRIDGE] connection pool: 13/100
2026-05-23T02:32:42Z [MES] backup written to /mnt/nas/daily_2026-05-22.tar.gz
2026-05-23T20:14:38Z [BACKUP-SVC] health check passed
2026-05-23T21:13:13Z [METRICS-AGENT] config sync OK
2026-05-23T01:33:53Z [METRICS-AGENT] user session 103: login from 10.0.0.66
2026-05-23T02:05:32Z [FIREWALL] config sync OK
2026-05-23T09:49:27Z [METRICS-AGENT] memory pressure: 755 MB free
2026-05-23T13:46:45Z [ERP-BRIDGE] metrics flush: 1383 points
2026-05-23T13:50:49Z [SCADA] connection pool: 74/100
2026-05-23T10:00:55Z [MES] metrics flush: 1492 points
2026-05-23T20:39:37Z [SCADA] disk usage: 80%
2026-05-23T11:47:28Z [FIREWALL] metrics flush: 1732 points
2026-05-23T16:43:22Z [ERP-BRIDGE] backup written to /mnt/nas/daily_2026-05-21.tar.gz
2026-05-23T01:54:25Z [SCADA] config sync OK
2026-05-23T06:52:59Z [SCADA] metrics flush: 2993 points
2026-05-23T07:51:37Z [ERP-BRIDGE] health check passed
2026-05-23T15:16:33Z [MES] connection pool: 18/100
2026-05-23T06:56:35Z [MES] user session 894: login from 10.0.0.86
2026-05-23T04:21:39Z [METRICS-AGENT] disk usage: 78%
2026-05-23T05:51:12Z [FIREWALL] health check passed
2026-05-23T10:48:13Z [ERP-BRIDGE] user session 416: login from 10.0.0.148
2026-05-23T00:02:11Z [SCADA] health check passed
2026-05-23T17:43:34Z [BACKUP-SVC] metrics flush: 3133 points
2026-05-23T10:17:19Z [METRICS-AGENT] disk usage: 52%
2026-05-23T22:24:12Z [METRICS-AGENT] config sync OK
2026-05-23T22:07:08Z [ERP-BRIDGE] disk usage: 60%
2026-05-23T20:56:57Z [MES] config sync OK
2026-05-23T04:07:50Z [BACKUP-SVC] memory pressure: 3787 MB free
2026-05-23T20:23:30Z [BACKUP-SVC] memory pressure: 2520 MB free
2026-05-23T04:21:04Z [SCADA] disk usage: 69%
2026-05-23T11:22:25Z [ERP-BRIDGE] backup written to /mnt/nas/daily_2026-05-21.tar.gz
2026-05-23T10:51:07Z [SCADA] metrics flush: 4199 points
2026-05-23T21:24:27Z [FIREWALL] memory pressure: 786 MB free
2026-05-23T04:33:26Z [BACKUP-SVC] user session 740: login from 10.0.0.167
2026-05-23T21:05:17Z [FIREWALL] certificate expiry check: 207 days remaining
2026-05-23T21:04:34Z [METRICS-AGENT] metrics flush: 4418 points
2026-05-23T05:57:38Z [FIREWALL] connection pool: 78/100
2026-05-23T07:13:33Z [ERP-BRIDGE] user session 922: login from 10.0.0.151
2026-05-23T15:12:51Z [ERP-BRIDGE] memory pressure: 2427 MB free
2026-05-23T04:18:58Z [METRICS-AGENT] memory pressure: 2139 MB free
2026-05-23T10:06:35Z [METRICS-AGENT] certificate expiry check: 162 days remaining
2026-05-23T08:31:03Z [SCADA] health check passed
2026-05-23T22:59:09Z [SCADA] certificate expiry check: 208 days remaining
2026-05-23T23:17:15Z [SCADA] certificate expiry check: 57 days remaining
2026-05-23T15:43:35Z [ERP-BRIDGE] metrics flush: 4389 points
2026-05-23T16:12:20Z [FIREWALL] certificate expiry check: 95 days remaining
2026-05-23T10:58:48Z [MES] user session 409: login from 10.0.0.113
2026-05-23T20:12:34Z [METRICS-AGENT] memory pressure: 2836 MB free
2026-05-23T17:05:56Z [ERP-BRIDGE] health check passed
2026-05-23T22:01:14Z [METRICS-AGENT] disk usage: 41%
2026-05-23T23:09:48Z [MES] config sync OK
2026-05-23T00:13:35Z [SCADA] user session 669: login from 10.0.0.154
2026-05-23T01:49:37Z [ERP-BRIDGE] metrics flush: 3984 points
2026-05-23T03:36:14Z [SCADA] health check passed
2026-05-23T09:03:04Z [METRICS-AGENT] config sync OK
2026-05-23T18:30:45Z [METRICS-AGENT] config sync OK
2026-05-23T04:41:00Z [MES] metrics flush: 2508 points
2026-05-23T06:59:05Z [BACKUP-SVC] certificate expiry check: 275 days remaining
2026-05-23T11:43:48Z [BACKUP-SVC] connection pool: 41/100
2026-05-23T14:13:09Z [ERP-BRIDGE] health check passed
2026-05-23T10:55:07Z [METRICS-AGENT] user session 660: login from 10.0.0.171
2026-05-23T16:50:57Z [FIREWALL] memory pressure: 2387 MB free
2026-05-23T08:19:34Z [SCADA] disk usage: 76%
2026-05-23T02:24:09Z [SCADA] user session 541: login from 10.0.0.123
2026-05-23T11:04:23Z [METRICS-AGENT] config sync OK
2026-05-23T11:38:02Z [MES] certificate expiry check: 365 days remaining
2026-05-23T02:30:51Z [SCADA] config sync OK
2026-05-23T18:19:35Z [BACKUP-SVC] certificate expiry check: 186 days remaining
2026-05-23T07:57:22Z [ERP-BRIDGE] health check passed
2026-05-23T21:39:49Z [ERP-BRIDGE] user session 151: login from 10.0.0.129
2026-05-23T22:35:18Z [FIREWALL] health check passed
2026-05-23T05:00:28Z [FIREWALL] metrics flush: 3989 points
2026-05-23T11:04:08Z [ERP-BRIDGE] memory pressure: 2578 MB free
2026-05-23T12:36:50Z [FIREWALL] disk usage: 49%
2026-05-23T13:45:50Z [ERP-BRIDGE] memory pressure: 2553 MB free
2026-05-23T18:20:56Z [METRICS-AGENT] certificate expiry check: 166 days remaining
2026-05-23T13:30:30Z [SCADA] user session 142: login from 10.0.0.140
2026-05-23T12:05:16Z [SCADA] health check passed
2026-05-23T08:31:58Z [METRICS-AGENT] disk usage: 76%
2026-05-23T15:43:35Z [SCADA] health check passed
2026-05-23T14:48:27Z [METRICS-AGENT] metrics flush: 1391 points
2026-05-23T02:19:30Z [FIREWALL] health check passed
2026-05-23T10:29:08Z [METRICS-AGENT] certificate expiry check: 97 days remaining
2026-05-23T02:27:35Z [MES] user session 307: login from 10.0.0.206
2026-05-23T20:38:33Z [METRICS-AGENT] connection pool: 64/100
2026-05-23T10:52:39Z [ERP-BRIDGE] memory pressure: 2151 MB free
2026-05-23T04:39:51Z [FIREWALL] connection pool: 62/100
2026-05-23T11:36:27Z [FIREWALL] certificate expiry check: 49 days remaining
2026-05-23T22:57:09Z [METRICS-AGENT] certificate expiry check: 23 days remaining
2026-05-23T05:13:06Z [FIREWALL] health check passed
2026-05-23T04:00:53Z [ERP-BRIDGE] config sync OK
2026-05-23T06:07:42Z [METRICS-AGENT] disk usage: 43%
2026-05-23T09:22:07Z [METRICS-AGENT] connection pool: 47/100
2026-05-23T15:04:15Z [ERP-BRIDGE] certificate expiry check: 224 days remaining
2026-05-23T16:05:49Z [BACKUP-SVC] config sync OK
2026-05-23T22:24:12Z [SCADA] connection pool: 34/100
2026-05-23T06:33:02Z [ERP-BRIDGE] connection pool: 89/100
2026-05-23T03:08:14Z [METRICS-AGENT] config sync OK
2026-05-23T04:01:24Z [FIREWALL] certificate expiry check: 151 days remaining
2026-05-23T01:43:19Z [MES] config sync OK
2026-05-23T12:39:21Z [METRICS-AGENT] memory pressure: 3322 MB free
2026-05-23T23:04:10Z [SCADA] config sync OK
2026-05-23T17:57:48Z [ERP-BRIDGE] user session 740: login from 10.0.0.229
2026-05-23T09:27:50Z [SCADA] disk usage: 73%
2026-05-23T05:53:53Z [FIREWALL] backup written to /mnt/nas/daily_2026-05-09.tar.gz
2026-05-23T23:55:28Z [BACKUP-SVC] memory pressure: 2355 MB free
2026-05-23T22:05:15Z [BACKUP-SVC] health check passed
2026-05-23T01:04:31Z [MES] backup written to /mnt/nas/daily_2026-05-18.tar.gz
2026-05-23T05:48:59Z [SCADA] backup written to /mnt/nas/daily_2026-05-14.tar.gz
2026-05-23T20:17:08Z [MES] certificate expiry check: 199 days remaining
2026-05-23T00:47:55Z [FIREWALL] connection pool: 57/100
2026-05-23T16:11:25Z [FIREWALL] connection pool: 40/100
2026-05-23T13:28:47Z [METRICS-AGENT] user session 560: login from 10.0.0.3
2026-05-23T08:31:11Z [MES] user session 533: login from 10.0.0.17
2026-05-23T13:34:23Z [METRICS-AGENT] disk usage: 90%
2026-05-23T09:39:49Z [ERP-BRIDGE] config sync OK
2026-05-23T17:01:44Z [METRICS-AGENT] connection pool: 12/100
2026-05-23T05:25:26Z [BACKUP-SVC] certificate expiry check: 72 days remaining
2026-05-23T07:55:43Z [BACKUP-SVC] user session 314: login from 10.0.0.86
2026-05-23T13:14:35Z [BACKUP-SVC] connection pool: 75/100
2026-05-23T02:49:23Z [BACKUP-SVC] user session 480: login from 10.0.0.253
2026-05-23T19:20:16Z [FIREWALL] certificate expiry check: 110 days remaining
2026-05-23T00:24:52Z [SCADA] connection pool: 80/100
2026-05-23T16:49:25Z [SCADA] config sync OK
2026-05-23T07:53:21Z [METRICS-AGENT] connection pool: 9/100
2026-05-23T09:28:34Z [FIREWALL] certificate expiry check: 250 days remaining
2026-05-23T04:46:13Z [FIREWALL] disk usage: 42%
2026-05-23T10:15:57Z [SCADA] disk usage: 61%
2026-05-23T12:34:20Z [MES] disk usage: 78%
2026-05-23T04:20:16Z [FIREWALL] backup written to /mnt/nas/daily_2026-05-20.tar.gz
2026-05-23T14:51:11Z [ERP-BRIDGE] memory pressure: 3643 MB free
2026-05-23T13:14:25Z [METRICS-AGENT] health check passed
2026-05-23T07:29:46Z [SCADA] user session 280: login from 10.0.0.77
2026-05-23T21:35:18Z [BACKUP-SVC] disk usage: 68%
2026-05-23T07:58:44Z [SCADA] certificate expiry check: 242 days remaining
2026-05-23T06:38:07Z [METRICS-AGENT] certificate expiry check: 59 days remaining
2026-05-23T00:16:23Z [SCADA] config sync OK
2026-05-23T19:34:47Z [METRICS-AGENT] metrics flush: 817 points
2026-05-23T15:28:21Z [BACKUP-SVC] certificate expiry check: 13 days remaining
2026-05-23T12:09:15Z [METRICS-AGENT] connection pool: 74/100
2026-05-23T02:32:01Z [SCADA] config sync OK
2026-05-23T11:26:00Z [ERP-BRIDGE] certificate expiry check: 164 days remaining
2026-05-23T10:56:32Z [SCADA] metrics flush: 4784 points
2026-05-23T04:48:39Z [METRICS-AGENT] memory pressure: 3561 MB free
2026-05-23T12:13:38Z [METRICS-AGENT] metrics flush: 3302 points
2026-05-23T12:50:51Z [SCADA] health check passed
2026-05-23T05:56:05Z [SCADA] memory pressure: 1756 MB free
2026-05-23T08:36:02Z [SCADA] health check passed
2026-05-23T07:17:30Z [ERP-BRIDGE] connection pool: 90/100
2026-05-23T20:40:55Z [MES] health check passed
2026-05-23T09:04:25Z [FIREWALL] health check passed
2026-05-23T02:36:52Z [FIREWALL] memory pressure: 1426 MB free
2026-05-23T03:48:54Z [MES] health check passed
2026-05-23T02:24:29Z [ERP-BRIDGE] disk usage: 52%
2026-05-23T17:02:47Z [FIREWALL] health check passed
2026-05-23T01:09:18Z [FIREWALL] backup written to /mnt/nas/daily_2026-05-09.tar.gz
2026-05-23T12:54:54Z [FIREWALL] health check passed
2026-05-23T13:36:25Z [FIREWALL] user session 515: login from 10.0.0.74
2026-05-23T18:07:28Z [SCADA] config sync OK
2026-05-23T10:54:27Z [FIREWALL] health check passed
2026-05-23T08:10:35Z [MES] memory pressure: 2230 MB free
2026-05-23T20:55:48Z [MES] memory pressure: 3193 MB free
2026-05-23T01:07:46Z [ERP-BRIDGE] memory pressure: 2259 MB free
2026-05-23T04:38:25Z [BACKUP-SVC] health check passed
2026-05-23T09:15:09Z [METRICS-AGENT] backup written to /mnt/nas/daily_2026-05-03.tar.gz
2026-05-23T15:32:35Z [MES] user session 713: login from 10.0.0.209
2026-05-23T20:00:19Z [FIREWALL] metrics flush: 947 points
2026-05-23T09:27:56Z [ERP-BRIDGE] certificate expiry check: 38 days remaining
2026-05-23T10:28:34Z [FIREWALL] health check passed
2026-05-23T10:02:07Z [MES] backup written to /mnt/nas/daily_2026-05-14.tar.gz
2026-05-23T22:21:44Z [FIREWALL] health check passed
2026-05-23T13:41:10Z [FIREWALL] health check passed
2026-05-23T19:24:19Z [ERP-BRIDGE] disk usage: 52%
2026-05-23T05:19:36Z [METRICS-AGENT] connection pool: 43/100
2026-05-23T13:35:24Z [FIREWALL] user session 866: login from 10.0.0.166
2026-05-23T16:52:17Z [FIREWALL] memory pressure: 3597 MB free
2026-05-23T19:20:48Z [METRICS-AGENT] backup written to /mnt/nas/daily_2026-05-06.tar.gz
2026-05-23T11:12:52Z [METRICS-AGENT] config sync OK
2026-05-23T16:26:34Z [FIREWALL] health check passed
2026-05-23T10:59:51Z [FIREWALL] health check passed
2026-05-23T05:25:19Z [FIREWALL] health check passed
2026-05-23T01:00:10Z [SCADA] connection pool: 36/100
2026-05-23T17:10:38Z [BACKUP-SVC] health check passed
2026-05-23T14:29:32Z [FIREWALL] disk usage: 61%
2026-05-23T12:09:05Z [FIREWALL] certificate expiry check: 151 days remaining
2026-05-23T05:35:09Z [ERP-BRIDGE] health check passed
2026-05-23T08:47:16Z [SCADA] connection pool: 44/100
2026-05-23T07:38:40Z [SCADA] connection pool: 15/100
2026-05-23T13:20:21Z [METRICS-AGENT] config sync OK
2026-05-23T06:29:15Z [ERP-BRIDGE] disk usage: 80%
2026-05-23T19:05:27Z [MES] user session 644: login from 10.0.0.74
2026-05-23T07:50:10Z [MES] backup written to /mnt/nas/daily_2026-05-11.tar.gz
2026-05-23T19:15:10Z [SCADA] health check passed
2026-05-23T05:06:28Z [SCADA] health check passed
2026-05-23T14:55:15Z [MES] connection pool: 6/100
2026-05-23T04:14:43Z [MES] health check passed
2026-05-23T18:37:27Z [BACKUP-SVC] user session 271: login from 10.0.0.4
2026-05-23T00:45:23Z [BACKUP-SVC] config sync OK
2026-05-23T00:34:53Z [ERP-BRIDGE] user session 461: login from 10.0.0.127
2026-05-23T13:12:11Z [BACKUP-SVC] user session 746: login from 10.0.0.239
2026-05-23T13:49:35Z [MES] disk usage: 80%
2026-05-23T13:47:29Z [FIREWALL] backup written to /mnt/nas/daily_2026-05-03.tar.gz
2026-05-23T00:32:46Z [METRICS-AGENT] config sync OK
2026-05-23T19:17:37Z [MES] backup written to /mnt/nas/daily_2026-05-20.tar.gz
2026-05-23T13:57:20Z [ERP-BRIDGE] config sync OK
2026-05-23T23:12:51Z [FIREWALL] config sync OK
2026-05-23T16:27:41Z [SCADA] health check passed
2026-05-23T07:09:06Z [MES] config sync OK
2026-05-23T00:04:00Z [BACKUP-SVC] metrics flush: 3899 points
2026-05-23T06:46:36Z [BACKUP-SVC] user session 317: login from 10.0.0.121
2026-05-23T00:37:55Z [MES] certificate expiry check: 234 days remaining
2026-05-23T03:10:22Z [FIREWALL] certificate expiry check: 59 days remaining
2026-05-23T08:12:50Z [BACKUP-SVC] disk usage: 73%
2026-05-23T06:12:25Z [BACKUP-SVC] health check passed
2026-05-23T10:32:17Z [MES] user session 390: login from 10.0.0.110
2026-05-23T22:43:47Z [FIREWALL] backup written to /mnt/nas/daily_2026-05-16.tar.gz
2026-05-23T22:04:43Z [MES] disk usage: 51%
2026-05-23T16:54:32Z [FIREWALL] backup written to /mnt/nas/daily_2026-05-22.tar.gz
2026-05-23T14:35:07Z [METRICS-AGENT] health check passed
2026-05-23T21:32:41Z [BACKUP-SVC] disk usage: 71%
2026-05-23T07:23:24Z [BACKUP-SVC] connection pool: 11/100
2026-05-23T12:04:54Z [BACKUP-SVC] config sync OK
2026-05-23T12:03:22Z [SCADA] user session 612: login from 10.0.0.113
2026-05-23T08:04:34Z [SCADA] user session 952: login from 10.0.0.221
2026-05-23T11:54:45Z [BACKUP-SVC] backup written to /mnt/nas/daily_2026-05-02.tar.gz
2026-05-23T10:45:32Z [METRICS-AGENT] certificate expiry check: 259 days remaining
2026-05-23T02:53:31Z [FIREWALL] user session 173: login from 10.0.0.80
2026-05-23T09:21:01Z [METRICS-AGENT] config sync OK
2026-05-23T13:28:27Z [MES] connection pool: 65/100
2026-05-23T07:36:20Z [FIREWALL] health check passed
2026-05-23T02:19:36Z [MES] config sync OK
2026-05-23T12:02:11Z [SCADA] config sync OK
2026-05-23T08:18:10Z [ERP-BRIDGE] disk usage: 88%
2026-05-23T02:35:11Z [SCADA] memory pressure: 3848 MB free
2026-05-23T04:32:29Z [ERP-BRIDGE] backup written to /mnt/nas/daily_2026-05-11.tar.gz
2026-05-23T11:38:43Z [ERP-BRIDGE] config sync OK
2026-05-23T08:08:37Z [MES] health check passed
2026-05-23T16:49:56Z [BACKUP-SVC] backup written to /mnt/nas/daily_2026-05-08.tar.gz
2026-05-23T07:23:14Z [ERP-BRIDGE] backup written to /mnt/nas/daily_2026-05-17.tar.gz
2026-05-23T09:52:35Z [BACKUP-SVC] user session 356: login from 10.0.0.148
2026-05-23T21:02:52Z [FIREWALL] certificate expiry check: 296 days remaining
2026-05-23T14:04:22Z [MES] disk usage: 65%
2026-05-23T14:11:10Z [FIREWALL] memory pressure: 1898 MB free
2026-05-23T21:49:04Z [METRICS-AGENT] connection pool: 14/100
2026-05-23T06:42:57Z [SCADA] memory pressure: 2584 MB free
2026-05-23T08:02:49Z [SCADA] backup written to /mnt/nas/daily_2026-05-03.tar.gz
2026-05-23T00:12:49Z [ERP-BRIDGE] certificate expiry check: 288 days remaining
2026-05-23T13:55:43Z [MES] metrics flush: 1465 points
2026-05-23T05:52:01Z [SCADA] certificate expiry check: 62 days remaining
2026-05-23T05:53:24Z [MES] connection pool: 40/100
2026-05-23T23:49:32Z [MES] certificate expiry check: 55 days remaining
2026-05-23T17:49:53Z [FIREWALL] health check passed
2026-05-23T04:11:34Z [MES] connection pool: 77/100
2026-05-23T20:31:10Z [FIREWALL] health check passed
2026-05-23T11:58:41Z [MES] connection pool: 18/100
2026-05-23T14:31:06Z [BACKUP-SVC] backup written to /mnt/nas/daily_2026-05-23.tar.gz
2026-05-23T06:06:51Z [SCADA] certificate expiry check: 86 days remaining
2026-05-23T18:23:35Z [METRICS-AGENT] certificate expiry check: 16 days remaining
2026-05-23T09:30:20Z [ERP-BRIDGE] disk usage: 65%
2026-05-23T22:26:19Z [FIREWALL] config sync OK
2026-05-23T15:27:29Z [FIREWALL] user session 860: login from 10.0.0.139
2026-05-23T22:28:03Z [SCADA] health check passed
2026-05-23T18:08:22Z [MES] health check passed
2026-05-23T13:50:13Z [METRICS-AGENT] disk usage: 58%
2026-05-23T16:24:26Z [METRICS-AGENT] connection pool: 48/100
2026-05-23T00:36:14Z [SCADA] memory pressure: 3481 MB free
2026-05-23T14:07:32Z [SCADA] memory pressure: 2253 MB free
2026-05-23T00:28:32Z [FIREWALL] certificate expiry check: 170 days remaining
2026-05-23T16:31:46Z [METRICS-AGENT] config sync OK
2026-05-23T01:42:44Z [BACKUP-SVC] backup written to /mnt/nas/daily_2026-05-02.tar.gz
2026-05-23T03:08:25Z [METRICS-AGENT] certificate expiry check: 190 days remaining
2026-05-23T18:44:17Z [SCADA] health check passed
2026-05-23T06:22:04Z [ERP-BRIDGE] health check passed
2026-05-23T17:24:19Z [SCADA] certificate expiry check: 223 days remaining
2026-05-23T06:02:54Z [BACKUP-SVC] certificate expiry check: 191 days remaining
2026-05-23T00:14:16Z [BACKUP-SVC] connection pool: 35/100
2026-05-23T23:52:15Z [METRICS-AGENT] metrics flush: 868 points
2026-05-23T07:56:19Z [SCADA] certificate expiry check: 96 days remaining
2026-05-23T07:41:44Z [BACKUP-SVC] metrics flush: 1563 points
2026-05-23T21:29:17Z [ERP-BRIDGE] config sync OK
2026-05-23T02:44:52Z [ERP-BRIDGE] config sync OK
2026-05-23T12:22:18Z [BACKUP-SVC] health check passed
2026-05-23T12:57:41Z [FIREWALL] backup written to /mnt/nas/daily_2026-05-02.tar.gz
2026-05-23T22:03:15Z [SCADA] metrics flush: 4701 points
2026-05-23T08:34:34Z [METRICS-AGENT] backup written to /mnt/nas/daily_2026-05-07.tar.gz
2026-05-23T06:46:34Z [BACKUP-SVC] metrics flush: 1192 points
2026-05-23T19:05:19Z [SCADA] backup written to /mnt/nas/daily_2026-05-10.tar.gz
2026-05-23T18:27:30Z [BACKUP-SVC] backup written to /mnt/nas/daily_2026-05-16.tar.gz
2026-05-23T16:34:14Z [FIREWALL] backup written to /mnt/nas/daily_2026-05-09.tar.gz
2026-05-23T19:58:56Z [METRICS-AGENT] certificate expiry check: 88 days remaining
2026-05-23T22:24:24Z [ERP-BRIDGE] connection pool: 13/100
2026-05-23T00:33:44Z [ERP-BRIDGE] health check passed
2026-05-23T01:51:59Z [SCADA] config sync OK
2026-05-23T20:51:56Z [ERP-BRIDGE] health check passed
2026-05-23T15:20:39Z [SCADA] health check passed
2026-05-23T10:07:00Z [MES] config sync OK
2026-05-23T16:55:23Z [MES] certificate expiry check: 280 days remaining
2026-05-23T13:36:11Z [SCADA] connection pool: 51/100
2026-05-23T00:02:18Z [FIREWALL] config sync OK
2026-05-23T01:39:28Z [SCADA] metrics flush: 989 points
2026-05-23T19:14:09Z [METRICS-AGENT] metrics flush: 2222 points
2026-05-23T10:52:17Z [ERP-BRIDGE] connection pool: 85/100
2026-05-23T23:42:10Z [METRICS-AGENT] connection pool: 10/100
2026-05-23T22:07:25Z [ERP-BRIDGE] connection pool: 16/100
2026-05-23T16:30:34Z [METRICS-AGENT] certificate expiry check: 256 days remaining
2026-05-23T22:31:29Z [MES] metrics flush: 4747 points
2026-05-23T04:51:45Z [BACKUP-SVC] user session 120: login from 10.0.0.123
2026-05-23T10:33:50Z [BACKUP-SVC] health check passed
2026-05-23T05:36:13Z [METRICS-AGENT] user session 367: login from 10.0.0.242
2026-05-23T21:37:44Z [METRICS-AGENT] disk usage: 84%
2026-05-23T09:13:28Z [ERP-BRIDGE] connection pool: 19/100
2026-05-23T22:11:23Z [SCADA] config sync OK
2026-05-23T22:33:54Z [BACKUP-SVC] certificate expiry check: 156 days remaining
2026-05-23T23:48:44Z [FIREWALL] connection pool: 56/100
2026-05-23T04:33:12Z [MES] memory pressure: 3425 MB free
2026-05-23T21:40:47Z [SCADA] metrics flush: 3790 points
2026-05-23T21:17:22Z [SCADA] config sync OK
2026-05-23T16:27:11Z [BACKUP-SVC] backup written to /mnt/nas/daily_2026-05-15.tar.gz
2026-05-23T09:00:52Z [ERP-BRIDGE] memory pressure: 2796 MB free
2026-05-23T23:18:30Z [ERP-BRIDGE] user session 719: login from 10.0.0.22
2026-05-23T03:35:39Z [MES] user session 628: login from 10.0.0.205
2026-05-23T09:15:05Z [METRICS-AGENT] user session 355: login from 10.0.0.64
2026-05-23T01:53:05Z [MES] user session 669: login from 10.0.0.248
2026-05-23T01:14:45Z [METRICS-AGENT] connection pool: 47/100
2026-05-23T19:03:34Z [BACKUP-SVC] health check passed
2026-05-23T20:27:33Z [SCADA] certificate expiry check: 111 days remaining
2026-05-23T02:30:19Z [METRICS-AGENT] user session 198: login from 10.0.0.24
2026-05-23T08:26:29Z [ERP-BRIDGE] health check passed
2026-05-23T22:43:10Z [FIREWALL] disk usage: 49%
2026-05-23T15:38:42Z [SCADA] certificate expiry check: 58 days remaining
2026-05-23T21:12:31Z [METRICS-AGENT] certificate expiry check: 350 days remaining
2026-05-23T15:45:05Z [BACKUP-SVC] memory pressure: 3228 MB free
2026-05-23T11:03:17Z [MES] certificate expiry check: 206 days remaining
2026-05-23T00:10:54Z [BACKUP-SVC] disk usage: 83%
2026-05-23T17:45:38Z [METRICS-AGENT] backup written to /mnt/nas/daily_2026-05-09.tar.gz
2026-05-23T16:37:22Z [SCADA] user session 206: login from 10.0.0.121
2026-05-23T04:50:06Z [MES] connection pool: 94/100
2026-05-23T03:52:34Z [ERP-BRIDGE] backup written to /mnt/nas/daily_2026-05-16.tar.gz
2026-05-23T15:31:20Z [SCADA] health check passed
2026-05-23T02:08:31Z [FIREWALL] connection pool: 43/100
2026-05-23T23:21:20Z [FIREWALL] config sync OK
2026-05-23T12:37:52Z [FIREWALL] user session 257: login from 10.0.0.40
2026-05-23T07:09:30Z [METRICS-AGENT] metrics flush: 3977 points
2026-05-23T13:31:24Z [BACKUP-SVC] health check passed
2026-05-23T18:57:53Z [ERP-BRIDGE] backup written to /mnt/nas/daily_2026-05-04.tar.gz
2026-05-23T19:31:41Z [FIREWALL] certificate expiry check: 200 days remaining
2026-05-23T16:11:26Z [BACKUP-SVC] disk usage: 50%
2026-05-23T23:12:42Z [BACKUP-SVC] certificate expiry check: 115 days remaining
2026-05-23T13:56:49Z [MES] metrics flush: 3203 points
2026-05-23T08:28:25Z [MES] config sync OK
2026-05-23T07:23:23Z [MES] certificate expiry check: 139 days remaining
2026-05-23T07:23:43Z [ERP-BRIDGE] disk usage: 70%
2026-05-23T04:38:05Z [BACKUP-SVC] disk usage: 45%
2026-05-23T15:48:31Z [METRICS-AGENT] certificate expiry check: 82 days remaining
2026-05-23T22:53:00Z [BACKUP-SVC] backup written to /mnt/nas/daily_2026-05-12.tar.gz
2026-05-23T07:54:28Z [MES] health check passed
2026-05-23T15:40:57Z [MES] backup written to /mnt/nas/daily_2026-05-20.tar.gz
2026-05-23T13:19:23Z [MES] disk usage: 40%
2026-05-23T19:39:16Z [FIREWALL] backup written to /mnt/nas/daily_2026-05-08.tar.gz
2026-05-23T18:17:36Z [ERP-BRIDGE] config sync OK
2026-05-23T03:56:13Z [FIREWALL] health check passed
2026-05-23T05:14:32Z [BACKUP-SVC] memory pressure: 2291 MB free
2026-05-23T01:03:07Z [SCADA] user session 722: login from 10.0.0.99
2026-05-23T21:54:11Z [FIREWALL] backup written to /mnt/nas/daily_2026-05-06.tar.gz
2026-05-23T02:26:46Z [METRICS-AGENT] memory pressure: 3127 MB free
2026-05-23T17:32:40Z [SCADA] memory pressure: 3474 MB free
2026-05-23T06:37:54Z [SCADA] backup written to /mnt/nas/daily_2026-05-13.tar.gz
2026-05-23T02:46:01Z [BACKUP-SVC] disk usage: 89%
2026-05-23T01:11:31Z [BACKUP-SVC] disk usage: 47%
2026-05-23T21:41:16Z [BACKUP-SVC] metrics flush: 3060 points
2026-05-23T01:46:41Z [METRICS-AGENT] user session 660: login from 10.0.0.232
2026-05-23T17:01:01Z [MES] connection pool: 23/100
2026-05-23T07:30:33Z [FIREWALL] health check passed
2026-05-23T06:40:24Z [FIREWALL] health check passed
2026-05-23T11:14:06Z [METRICS-AGENT] memory pressure: 2514 MB free
2026-05-23T22:54:12Z [ERP-BRIDGE] backup written to /mnt/nas/daily_2026-05-08.tar.gz
2026-05-23T09:07:53Z [FIREWALL] memory pressure: 1879 MB free
2026-05-23T03:10:20Z [MES] user session 976: login from 10.0.0.28
2026-05-23T20:06:39Z [SCADA] certificate expiry check: 237 days remaining
2026-05-23T10:59:11Z [MES] disk usage: 74%
2026-05-23T19:29:15Z [SCADA] health check passed
2026-05-23T02:59:03Z [ERP-BRIDGE] connection pool: 73/100
2026-05-23T06:02:59Z [SCADA] connection pool: 57/100
2026-05-23T18:42:49Z [MES] user session 747: login from 10.0.0.52
2026-05-23T20:47:17Z [BACKUP-SVC] memory pressure: 2360 MB free
2026-05-23T02:23:47Z [MES] memory pressure: 2145 MB free
2026-05-23T20:23:39Z [SCADA] disk usage: 77%
2026-05-23T01:59:57Z [METRICS-AGENT] metrics flush: 2573 points
2026-05-23T05:57:58Z [MES] metrics flush: 3828 points
2026-05-23T16:23:46Z [FIREWALL] health check passed
2026-05-23T07:43:22Z [MES] disk usage: 81%
2026-05-23T08:31:28Z [SCADA] health check passed
2026-05-23T05:04:28Z [SCADA] health check passed
2026-05-23T05:11:31Z [FIREWALL] config sync OK
2026-05-23T09:12:04Z [MES] memory pressure: 2423 MB free
2026-05-23T15:07:45Z [MES] metrics flush: 4694 points
2026-05-23T09:49:24Z [SCADA] connection pool: 66/100
2026-05-23T12:25:35Z [BACKUP-SVC] memory pressure: 3906 MB free
2026-05-23T23:52:59Z [SCADA] config sync OK
2026-05-23T22:15:04Z [METRICS-AGENT] disk usage: 72%
2026-05-23T14:31:10Z [BACKUP-SVC] connection pool: 27/100
2026-05-23T11:14:22Z [FIREWALL] config sync OK
2026-05-23T01:55:16Z [MES] metrics flush: 3950 points
2026-05-23T13:47:13Z [FIREWALL] metrics flush: 4820 points
2026-05-23T02:02:29Z [SCADA] disk usage: 68%
2026-05-23T23:06:36Z [MES] health check passed
2026-05-23T02:10:22Z [BACKUP-SVC] user session 982: login from 10.0.0.57
2026-05-23T06:54:50Z [SCADA] user session 688: login from 10.0.0.253
2026-05-23T02:08:54Z [SCADA] memory pressure: 1413 MB free
2026-05-23T04:14:37Z [METRICS-AGENT] config sync OK
2026-05-23T20:45:30Z [SCADA] memory pressure: 2253 MB free
2026-05-23T06:49:39Z [FIREWALL] user session 120: login from 10.0.0.161
2026-05-23T19:34:18Z [FIREWALL] disk usage: 89%
2026-05-23T22:13:56Z [SCADA] disk usage: 57%
2026-05-23T13:57:07Z [SCADA] disk usage: 77%
2026-05-23T18:22:19Z [FIREWALL] metrics flush: 4865 points
2026-05-23T03:43:23Z [FIREWALL] connection pool: 42/100
2026-05-23T09:40:32Z [ERP-BRIDGE] config sync OK
2026-05-23T20:57:45Z [MES] memory pressure: 2218 MB free
2026-05-23T15:02:02Z [ERP-BRIDGE] config sync OK
2026-05-23T07:28:33Z [MES] memory pressure: 3710 MB free
2026-05-23T03:47:08Z [BACKUP-SVC] connection pool: 82/100
2026-05-23T17:47:58Z [FIREWALL] config sync OK
2026-05-23T16:57:57Z [FIREWALL] connection pool: 86/100
2026-05-23T10:39:01Z [FIREWALL] user session 928: login from 10.0.0.16
2026-05-23T02:52:01Z [METRICS-AGENT] health check passed
2026-05-23T14:41:51Z [SCADA] user session 195: login from 10.0.0.47
2026-05-23T03:57:28Z [ERP-BRIDGE] memory pressure: 3727 MB free
2026-05-23T02:25:59Z [BACKUP-SVC] config sync OK
2026-05-23T02:30:14Z [BACKUP-SVC] health check passed
2026-05-23T12:02:12Z [BACKUP-SVC] certificate expiry check: 244 days remaining
2026-05-23T13:14:59Z [FIREWALL] disk usage: 73%
2026-05-23T18:20:24Z [BACKUP-SVC] config sync OK
2026-05-23T03:21:43Z [METRICS-AGENT] connection pool: 51/100
2026-05-23T13:26:50Z [MES] metrics flush: 2601 points
2026-05-23T04:18:25Z [MES] certificate expiry check: 210 days remaining
2026-05-23T19:28:36Z [ERP-BRIDGE] health check passed
2026-05-23T10:11:09Z [FIREWALL] backup written to /mnt/nas/daily_2026-05-07.tar.gz
2026-05-23T16:06:27Z [SCADA] disk usage: 84%
2026-05-23T03:44:27Z [SCADA] config sync OK
2026-05-23T15:00:03Z [MES] config sync OK
2026-05-23T08:44:09Z [BACKUP-SVC] config sync OK
2026-05-23T06:59:19Z [MES] metrics flush: 4116 points
2026-05-23T20:24:29Z [ERP-BRIDGE] metrics flush: 1737 points
2026-05-23T08:58:45Z [BACKUP-SVC] certificate expiry check: 19 days remaining
2026-05-23T06:34:01Z [ERP-BRIDGE] certificate expiry check: 71 days remaining
2026-05-23T12:04:52Z [ERP-BRIDGE] memory pressure: 2141 MB free
2026-05-23T14:33:59Z [FIREWALL] metrics flush: 2303 points
2026-05-23T03:37:22Z [BACKUP-SVC] memory pressure: 1462 MB free
2026-05-23T07:18:01Z [MES] disk usage: 59%
2026-05-23T02:56:04Z [ERP-BRIDGE] health check passed
2026-05-23T17:06:44Z [ERP-BRIDGE] memory pressure: 1236 MB free
2026-05-23T02:09:51Z [FIREWALL] certificate expiry check: 170 days remaining
2026-05-23T19:31:59Z [FIREWALL] backup written to /mnt/nas/daily_2026-05-17.tar.gz
2026-05-23T09:57:05Z [METRICS-AGENT] memory pressure: 2518 MB free
2026-05-23T23:30:58Z [MES] disk usage: 75%
2026-05-23T19:15:49Z [MES] certificate expiry check: 318 days remaining
2026-05-23T14:44:58Z [ERP-BRIDGE] disk usage: 73%
2026-05-23T00:29:49Z [MES] disk usage: 77%
2026-05-23T02:54:45Z [BACKUP-SVC] user session 616: login from 10.0.0.3
2026-05-23T23:34:08Z [ERP-BRIDGE] metrics flush: 1963 points
2026-05-23T00:22:33Z [MES] memory pressure: 1265 MB free
2026-05-23T16:13:35Z [FIREWALL] memory pressure: 2596 MB free
2026-05-23T12:20:20Z [SCADA] metrics flush: 4525 points
2026-05-23T07:08:03Z [MES] disk usage: 73%
2026-05-23T12:11:50Z [BACKUP-SVC] certificate expiry check: 16 days remaining
2026-05-23T02:52:57Z [ERP-BRIDGE] metrics flush: 3290 points
2026-05-23T07:42:03Z [BACKUP-SVC] health check passed
2026-05-23T09:35:51Z [ERP-BRIDGE] disk usage: 41%
2026-05-23T05:07:59Z [BACKUP-SVC] connection pool: 32/100
2026-05-23T12:49:03Z [ERP-BRIDGE] metrics flush: 1113 points
2026-05-23T11:09:06Z [ERP-BRIDGE] metrics flush: 936 points
2026-05-23T13:50:23Z [MES] backup written to /mnt/nas/daily_2026-05-10.tar.gz
2026-05-23T01:29:32Z [ERP-BRIDGE] health check passed
2026-05-23T06:42:22Z [MES] user session 789: login from 10.0.0.130
2026-05-23T20:19:22Z [ERP-BRIDGE] disk usage: 48%
2026-05-23T20:50:37Z [SCADA] memory pressure: 3130 MB free
2026-05-23T10:26:15Z [SCADA] memory pressure: 1418 MB free
2026-05-23T08:01:14Z [MES] metrics flush: 2788 points
2026-05-23T05:00:29Z [MES] health check passed
2026-05-23T08:09:58Z [MES] config sync OK
2026-05-23T01:33:33Z [FIREWALL] memory pressure: 3846 MB free
2026-05-23T16:38:59Z [SCADA] health check passed
2026-05-23T10:32:22Z [BACKUP-SVC] user session 126: login from 10.0.0.80
2026-05-23T03:39:18Z [MES] backup written to /mnt/nas/daily_2026-05-21.tar.gz
2026-05-23T20:18:24Z [ERP-BRIDGE] connection pool: 15/100
2026-05-23T23:11:05Z [SCADA] certificate expiry check: 15 days remaining
2026-05-23T15:41:33Z [BACKUP-SVC] health check passed
2026-05-23T11:17:07Z [BACKUP-SVC] certificate expiry check: 101 days remaining
2026-05-23T13:48:41Z [MES] memory pressure: 2068 MB free
2026-05-23T16:27:12Z [SCADA] connection pool: 52/100
2026-05-23T06:02:24Z [MES] health check passed
2026-05-23T20:19:16Z [METRICS-AGENT] memory pressure: 1194 MB free
2026-05-23T16:39:50Z [ERP-BRIDGE] user session 973: login from 10.0.0.74
2026-05-23T13:13:36Z [MES] user session 234: login from 10.0.0.19
2026-05-23T14:53:53Z [ERP-BRIDGE] disk usage: 62%
2026-05-23T13:34:58Z [METRICS-AGENT] disk usage: 66%
2026-05-23T10:51:44Z [FIREWALL] disk usage: 43%
2026-05-23T05:19:45Z [FIREWALL] health check passed
2026-05-23T11:17:57Z [ERP-BRIDGE] disk usage: 73%
2026-05-23T05:33:56Z [SCADA] disk usage: 46%
2026-05-23T23:55:03Z [SCADA] health check passed
2026-05-23T04:36:03Z [METRICS-AGENT] health check passed
2026-05-23T01:31:35Z [FIREWALL] disk usage: 52%
2026-05-23T10:19:47Z [ERP-BRIDGE] certificate expiry check: 231 days remaining
2026-05-23T16:14:44Z [BACKUP-SVC] backup written to /mnt/nas/daily_2026-05-14.tar.gz
2026-05-23T23:48:39Z [SCADA] disk usage: 87%
2026-05-23T11:51:22Z [BACKUP-SVC] disk usage: 41%
2026-05-23T04:16:42Z [MES] certificate expiry check: 81 days remaining
2026-05-23T12:47:29Z [MES] certificate expiry check: 134 days remaining
2026-05-23T09:18:12Z [METRICS-AGENT] certificate expiry check: 304 days remaining
2026-05-23T18:54:30Z [FIREWALL] user session 446: login from 10.0.0.147
2026-05-23T12:41:10Z [METRICS-AGENT] disk usage: 59%
2026-05-23T04:29:02Z [SCADA] user session 992: login from 10.0.0.82
2026-05-23T06:22:54Z [ERP-BRIDGE] certificate expiry check: 84 days remaining
2026-05-23T12:31:24Z [ERP-BRIDGE] user session 118: login from 10.0.0.229
2026-05-23T19:16:13Z [FIREWALL] metrics flush: 2347 points
2026-05-23T16:22:46Z [BACKUP-SVC] metrics flush: 3253 points
2026-05-23T00:35:56Z [SCADA] user session 259: login from 10.0.0.82
2026-05-23T04:33:30Z [METRICS-AGENT] backup written to /mnt/nas/daily_2026-05-13.tar.gz
2026-05-23T08:11:08Z [SCADA] disk usage: 56%
2026-05-23T12:44:05Z [METRICS-AGENT] config sync OK
2026-05-23T06:54:51Z [MES] config sync OK
2026-05-23T10:19:25Z [MES] certificate expiry check: 262 days remaining
2026-05-23T23:52:52Z [BACKUP-SVC] config sync OK
2026-05-23T12:23:01Z [ERP-BRIDGE] disk usage: 60%
2026-05-23T03:18:51Z [BACKUP-SVC] health check passed
2026-05-23T11:56:10Z [BACKUP-SVC] disk usage: 40%
2026-05-23T15:33:21Z [MES] certificate expiry check: 64 days remaining
2026-05-23T22:03:40Z [SCADA] metrics flush: 4857 points
2026-05-23T05:42:15Z [ERP-BRIDGE] metrics flush: 1429 points
2026-05-23T04:43:07Z [BACKUP-SVC] certificate expiry check: 249 days remaining
2026-05-23T23:16:05Z [ERP-BRIDGE] memory pressure: 1164 MB free
2026-05-23T09:50:37Z [FIREWALL] health check passed
2026-05-23T01:22:44Z [SCADA] connection pool: 35/100
2026-05-23T09:43:25Z [SCADA] connection pool: 57/100
2026-05-23T13:19:58Z [BACKUP-SVC] user session 176: login from 10.0.0.144
2026-05-23T06:52:41Z [MES] certificate expiry check: 204 days remaining
2026-05-23T07:51:40Z [SCADA] config sync OK
2026-05-23T15:31:08Z [BACKUP-SVC] certificate expiry check: 286 days remaining
2026-05-23T19:51:30Z [MES] config sync OK
2026-05-23T11:01:43Z [SCADA] health check passed
2026-05-23T04:46:23Z [METRICS-AGENT] metrics flush: 4130 points
2026-05-23T03:13:23Z [SCADA] health check passed
2026-05-23T19:43:08Z [METRICS-AGENT] memory pressure: 3275 MB free
2026-05-23T16:29:36Z [FIREWALL] memory pressure: 773 MB free
2026-05-23T23:36:11Z [BACKUP-SVC] health check passed
2026-05-23T00:30:23Z [BACKUP-SVC] certificate expiry check: 205 days remaining
2026-05-23T21:02:32Z [BACKUP-SVC] user session 223: login from 10.0.0.49
2026-05-23T09:38:21Z [ERP-BRIDGE] backup written to /mnt/nas/daily_2026-05-08.tar.gz
2026-05-23T14:45:21Z [SCADA] config sync OK
2026-05-23T17:35:25Z [ERP-BRIDGE] metrics flush: 1713 points
2026-05-23T16:26:28Z [ERP-BRIDGE] backup written to /mnt/nas/daily_2026-05-14.tar.gz
2026-05-23T01:34:57Z [SCADA] config sync OK
2026-05-23T18:58:47Z [METRICS-AGENT] metrics flush: 2372 points
2026-05-23T05:26:55Z [METRICS-AGENT] metrics flush: 3806 points
2026-05-23T18:33:07Z [FIREWALL] connection pool: 91/100
2026-05-23T08:58:24Z [BACKUP-SVC] user session 501: login from 10.0.0.8
2026-05-23T17:45:47Z [FIREWALL] metrics flush: 4871 points
2026-05-23T20:28:48Z [FIREWALL] connection pool: 37/100
2026-05-23T22:59:20Z [MES] metrics flush: 1010 points
2026-05-23T12:05:57Z [FIREWALL] user session 330: login from 10.0.0.93
2026-05-23T13:10:49Z [BACKUP-SVC] user session 484: login from 10.0.0.75
2026-05-23T12:45:12Z [ERP-BRIDGE] health check passed
2026-05-23T08:06:01Z [SCADA] health check passed
2026-05-23T19:22:00Z [FIREWALL] connection pool: 22/100
2026-05-23T08:44:09Z [SCADA] health check passed
2026-05-23T22:54:00Z [SCADA] disk usage: 54%
2026-05-23T23:52:20Z [ERP-BRIDGE] certificate expiry check: 289 days remaining
2026-05-23T23:15:14Z [MES] disk usage: 54%
2026-05-23T01:27:47Z [MES] disk usage: 61%
2026-05-23T23:11:16Z [ERP-BRIDGE] backup written to /mnt/nas/daily_2026-05-07.tar.gz
2026-05-23T22:03:08Z [ERP-BRIDGE] config sync OK
2026-05-23T01:37:30Z [MES] disk usage: 48%
2026-05-23T01:57:13Z [FIREWALL] memory pressure: 1888 MB free
2026-05-23T06:02:30Z [MES] config sync OK
2026-05-23T21:33:40Z [SCADA] metrics flush: 1971 points
2026-05-23T06:00:26Z [FIREWALL] user session 600: login from 10.0.0.51
2026-05-23T21:31:19Z [METRICS-AGENT] connection pool: 29/100
2026-05-23T12:14:18Z [BACKUP-SVC] backup written to /mnt/nas/daily_2026-05-04.tar.gz
2026-05-23T05:54:37Z [ERP-BRIDGE] user session 574: login from 10.0.0.125
2026-05-23T10:16:55Z [BACKUP-SVC] health check passed
2026-05-23T17:17:51Z [BACKUP-SVC] user session 486: login from 10.0.0.106
2026-05-23T04:12:48Z [METRICS-AGENT] backup written to /mnt/nas/daily_2026-05-11.tar.gz
2026-05-23T17:30:40Z [FIREWALL] metrics flush: 1522 points
2026-05-23T10:39:46Z [BACKUP-SVC] backup written to /mnt/nas/daily_2026-05-18.tar.gz
2026-05-23T03:10:54Z [SCADA] user session 951: login from 10.0.0.24
2026-05-23T13:13:16Z [METRICS-AGENT] metrics flush: 4350 points
2026-05-23T03:13:21Z [METRICS-AGENT] certificate expiry check: 243 days remaining
2026-05-23T05:34:38Z [MES] disk usage: 60%
2026-05-23T21:16:31Z [METRICS-AGENT] health check passed
2026-05-23T22:53:55Z [METRICS-AGENT] connection pool: 52/100
2026-05-23T21:08:19Z [MES] certificate expiry check: 330 days remaining
2026-05-23T10:45:20Z [ERP-BRIDGE] user session 324: login from 10.0.0.104
2026-05-23T17:51:50Z [METRICS-AGENT] metrics flush: 3809 points
2026-05-23T14:58:39Z [METRICS-AGENT] metrics flush: 3613 points
2026-05-23T19:28:53Z [FIREWALL] memory pressure: 3507 MB free
2026-05-23T15:33:03Z [SCADA] disk usage: 79%
2026-05-23T04:09:40Z [FIREWALL] disk usage: 47%
2026-05-23T19:33:49Z [ERP-BRIDGE] disk usage: 86%
2026-05-23T15:41:24Z [MES] backup written to /mnt/nas/daily_2026-05-23.tar.gz
2026-05-23T19:17:12Z [METRICS-AGENT] connection pool: 42/100
2026-05-23T06:35:42Z [SCADA] metrics flush: 4240 points
2026-05-23T19:09:25Z [BACKUP-SVC] user session 797: login from 10.0.0.223
2026-05-23T07:33:38Z [METRICS-AGENT] backup written to /mnt/nas/daily_2026-05-17.tar.gz
2026-05-23T04:05:57Z [SCADA] metrics flush: 3400 points
2026-05-23T06:26:29Z [BACKUP-SVC] connection pool: 31/100
2026-05-23T00:53:47Z [BACKUP-SVC] backup written to /mnt/nas/daily_2026-05-03.tar.gz
2026-05-23T20:26:14Z [METRICS-AGENT] metrics flush: 4455 points
2026-05-23T15:26:04Z [ERP-BRIDGE] health check passed
2026-05-23T20:58:34Z [METRICS-AGENT] backup written to /mnt/nas/daily_2026-05-08.tar.gz
2026-05-23T00:08:36Z [BACKUP-SVC] backup written to /mnt/nas/daily_2026-05-18.tar.gz
2026-05-23T12:56:06Z [MES] metrics flush: 2269 points
2026-05-23T01:19:27Z [MES] config sync OK
2026-05-23T05:02:22Z [METRICS-AGENT] disk usage: 41%
2026-05-23T20:15:38Z [FIREWALL] memory pressure: 1114 MB free
2026-05-23T13:56:45Z [MES] metrics flush: 2577 points
2026-05-23T09:13:17Z [FIREWALL] metrics flush: 4621 points
2026-05-23T16:32:17Z [FIREWALL] backup written to /mnt/nas/daily_2026-05-06.tar.gz
2026-05-23T04:05:42Z [ERP-BRIDGE] health check passed
2026-05-23T07:17:11Z [MES] health check passed
2026-05-23T10:01:19Z [FIREWALL] health check passed
2026-05-23T02:40:25Z [ERP-BRIDGE] config sync OK
2026-05-23T02:32:32Z [SCADA] backup written to /mnt/nas/daily_2026-05-20.tar.gz
2026-05-23T17:34:59Z [SCADA] user session 190: login from 10.0.0.250
2026-05-23T15:09:43Z [FIREWALL] health check passed
2026-05-23T07:25:17Z [SCADA] config sync OK
2026-05-23T16:02:01Z [MES] config sync OK
2026-05-23T22:39:52Z [MES] config sync OK
2026-05-23T21:26:11Z [METRICS-AGENT] user session 735: login from 10.0.0.236
2026-05-23T14:06:16Z [MES] backup written to /mnt/nas/daily_2026-05-01.tar.gz
2026-05-23T23:39:14Z [BACKUP-SVC] user session 142: login from 10.0.0.147
2026-05-23T10:01:51Z [BACKUP-SVC] backup written to /mnt/nas/daily_2026-05-17.tar.gz
2026-05-23T13:56:15Z [MES] memory pressure: 3808 MB free
2026-05-23T22:50:22Z [METRICS-AGENT] disk usage: 84%
2026-05-23T01:12:25Z [MES] disk usage: 60%
2026-05-23T06:00:34Z [MES] backup written to /mnt/nas/daily_2026-05-01.tar.gz
2026-05-23T14:39:39Z [MES] memory pressure: 2949 MB free
2026-05-23T07:29:27Z [METRICS-AGENT] certificate expiry check: 361 days remaining
2026-05-23T04:15:14Z [BACKUP-SVC] health check passed
2026-05-23T05:46:03Z [METRICS-AGENT] disk usage: 76%
2026-05-23T03:53:56Z [METRICS-AGENT] health check passed
2026-05-23T02:51:43Z [SCADA] user session 895: login from 10.0.0.185
2026-05-23T01:15:23Z [ERP-BRIDGE] metrics flush: 4912 points
2026-05-23T17:36:24Z [SCADA] config sync OK
2026-05-23T13:15:19Z [ERP-BRIDGE] config sync OK
2026-05-23T09:01:07Z [MES] connection pool: 39/100
2026-05-23T21:20:50Z [FIREWALL] config sync OK
2026-05-23T01:53:29Z [ERP-BRIDGE] backup written to /mnt/nas/daily_2026-05-23.tar.gz
2026-05-23T12:21:40Z [FIREWALL] memory pressure: 3226 MB free
2026-05-23T19:18:08Z [FIREWALL] user session 731: login from 10.0.0.197
2026-05-23T20:23:05Z [METRICS-AGENT] user session 909: login from 10.0.0.131
2026-05-23T07:30:54Z [MES] backup written to /mnt/nas/daily_2026-05-14.tar.gz
2026-05-23T08:47:46Z [BACKUP-SVC] backup written to /mnt/nas/daily_2026-05-21.tar.gz
2026-05-23T17:50:06Z [BACKUP-SVC] memory pressure: 1617 MB free
2026-05-23T16:00:53Z [SCADA] connection pool: 88/100
2026-05-23T01:14:21Z [METRICS-AGENT] config sync OK
2026-05-23T07:20:17Z [FIREWALL] user session 182: login from 10.0.0.20
2026-05-23T01:03:21Z [MES] user session 655: login from 10.0.0.169
2026-05-23T00:00:11Z [SCADA] user session 247: login from 10.0.0.102
2026-05-23T01:36:40Z [FIREWALL] disk usage: 68%
2026-05-23T15:30:14Z [ERP-BRIDGE] health check passed
2026-05-23T16:26:34Z [SCADA] connection pool: 46/100
2026-05-23T23:30:50Z [METRICS-AGENT] user session 767: login from 10.0.0.135
2026-05-23T04:33:52Z [SCADA] certificate expiry check: 67 days remaining
2026-05-23T23:49:38Z [BACKUP-SVC] metrics flush: 1235 points
2026-05-23T00:23:39Z [BACKUP-SVC] memory pressure: 3352 MB free
2026-05-23T16:30:11Z [FIREWALL] memory pressure: 4073 MB free
2026-05-23T15:18:06Z [SCADA] user session 853: login from 10.0.0.55
2026-05-23T05:31:27Z [BACKUP-SVC] user session 566: login from 10.0.0.101
2026-05-23T15:21:08Z [BACKUP-SVC] metrics flush: 3930 points
2026-05-23T11:27:41Z [METRICS-AGENT] connection pool: 64/100
2026-05-23T19:13:33Z [METRICS-AGENT] health check passed
2026-05-23T18:42:36Z [SCADA] config sync OK
2026-05-23T00:57:15Z [SCADA] connection pool: 12/100
2026-05-23T02:30:44Z [MES] backup written to /mnt/nas/daily_2026-05-01.tar.gz
2026-05-23T03:38:21Z [ERP-BRIDGE] memory pressure: 2135 MB free
2026-05-23T03:27:40Z [MES] metrics flush: 4559 points
2026-05-23T12:17:07Z [FIREWALL] config sync OK
2026-05-23T06:28:40Z [MES] config sync OK
2026-05-23T07:25:33Z [METRICS-AGENT] metrics flush: 2848 points
2026-05-23T01:59:41Z [FIREWALL] user session 432: login from 10.0.0.26
2026-05-23T08:09:18Z [METRICS-AGENT] memory pressure: 2385 MB free
2026-05-23T04:19:27Z [BACKUP-SVC] memory pressure: 1301 MB free
2026-05-23T08:21:43Z [SCADA] config sync OK
2026-05-23T17:50:12Z [BACKUP-SVC] config sync OK
2026-05-23T16:54:05Z [FIREWALL] config sync OK
2026-05-23T08:16:54Z [MES] metrics flush: 3524 points
2026-05-23T22:10:47Z [SCADA] config sync OK
2026-05-23T15:42:02Z [SCADA] config sync OK
2026-05-23T11:06:40Z [METRICS-AGENT] user session 172: login from 10.0.0.50
2026-05-23T19:20:31Z [SCADA] backup written to /mnt/nas/daily_2026-05-09.tar.gz
2026-05-23T08:37:47Z [SCADA] backup written to /mnt/nas/daily_2026-05-20.tar.gz
2026-05-23T15:54:59Z [BACKUP-SVC] backup written to /mnt/nas/daily_2026-05-07.tar.gz
2026-05-23T11:36:51Z [SCADA] certificate expiry check: 217 days remaining
2026-05-23T09:11:32Z [MES] memory pressure: 631 MB free
2026-05-23T05:28:35Z [METRICS-AGENT] connection pool: 7/100
2026-05-23T00:55:27Z [MES] metrics flush: 1982 points
2026-05-23T12:31:50Z [METRICS-AGENT] certificate expiry check: 169 days remaining
2026-05-23T22:50:21Z [BACKUP-SVC] health check passed
2026-05-23T02:53:23Z [SCADA] config sync OK
2026-05-23T15:19:48Z [SCADA] backup written to /mnt/nas/daily_2026-05-02.tar.gz
2026-05-23T11:52:14Z [SCADA] connection pool: 8/100
2026-05-23T15:02:37Z [SCADA] certificate expiry check: 342 days remaining
2026-05-23T23:23:16Z [METRICS-AGENT] disk usage: 62%
2026-05-23T03:38:24Z [FIREWALL] memory pressure: 2278 MB free
2026-05-23T09:44:49Z [METRICS-AGENT] memory pressure: 2915 MB free
2026-05-23T04:06:00Z [MES] health check passed
2026-05-23T05:57:33Z [ERP-BRIDGE] memory pressure: 2196 MB free
2026-05-23T06:11:59Z [MES] memory pressure: 3779 MB free
2026-05-23T11:28:27Z [METRICS-AGENT] health check passed
2026-05-23T20:14:59Z [MES] memory pressure: 896 MB free
2026-05-23T02:30:51Z [FIREWALL] disk usage: 55%
2026-05-23T16:05:18Z [METRICS-AGENT] health check passed
2026-05-23T14:02:36Z [SCADA] memory pressure: 763 MB free
2026-05-23T02:02:33Z [SCADA] health check passed
2026-05-23T01:20:51Z [METRICS-AGENT] metrics flush: 3221 points
2026-05-23T19:26:07Z [MES] user session 582: login from 10.0.0.22
2026-05-23T09:20:23Z [METRICS-AGENT] certificate expiry check: 347 days remaining
2026-05-23T23:21:36Z [METRICS-AGENT] backup written to /mnt/nas/daily_2026-05-20.tar.gz
2026-05-23T23:21:26Z [FIREWALL] user session 408: login from 10.0.0.30
2026-05-23T10:41:12Z [BACKUP-SVC] disk usage: 90%
2026-05-23T07:47:52Z [SCADA] backup written to /mnt/nas/daily_2026-05-21.tar.gz
2026-05-23T19:20:38Z [METRICS-AGENT] user session 960: login from 10.0.0.67
2026-05-23T19:50:21Z [MES] connection pool: 5/100
2026-05-23T21:07:38Z [FIREWALL] disk usage: 70%
2026-05-23T17:22:30Z [SCADA] connection pool: 82/100
2026-05-23T17:37:03Z [BACKUP-SVC] connection pool: 51/100
2026-05-23T19:46:02Z [SCADA] user session 155: login from 10.0.0.33
2026-05-23T05:29:21Z [SCADA] disk usage: 51%
2026-05-23T09:49:10Z [BACKUP-SVC] disk usage: 74%
2026-05-23T02:22:55Z [MES] certificate expiry check: 271 days remaining
2026-05-23T17:41:22Z [MES] disk usage: 54%
2026-05-23T04:20:21Z [SCADA] metrics flush: 4362 points
2026-05-23T03:38:56Z [FIREWALL] health check passed
2026-05-23T03:57:40Z [MES] disk usage: 61%
2026-05-23T16:22:17Z [SCADA] certificate expiry check: 271 days remaining
2026-05-23T21:01:07Z [METRICS-AGENT] metrics flush: 2491 points
2026-05-23T13:23:37Z [BACKUP-SVC] health check passed
2026-05-23T06:22:37Z [METRICS-AGENT] connection pool: 43/100
2026-05-23T04:58:09Z [SCADA] user session 142: login from 10.0.0.167
2026-05-23T14:43:29Z [ERP-BRIDGE] health check passed
2026-05-23T16:50:48Z [MES] metrics flush: 2925 points
2026-05-23T20:09:56Z [SCADA] connection pool: 18/100
2026-05-23T03:39:35Z [SCADA] backup written to /mnt/nas/daily_2026-05-01.tar.gz
2026-05-23T20:17:44Z [FIREWALL] memory pressure: 1905 MB free
2026-05-23T16:05:32Z [FIREWALL] user session 827: login from 10.0.0.108
2026-05-23T11:50:32Z [METRICS-AGENT] certificate expiry check: 358 days remaining
2026-05-23T12:46:19Z [METRICS-AGENT] disk usage: 88%
2026-05-23T20:46:19Z [SCADA] metrics flush: 4145 points
2026-05-23T14:53:54Z [ERP-BRIDGE] backup written to /mnt/nas/daily_2026-05-01.tar.gz
2026-05-23T01:00:25Z [MES] metrics flush: 1006 points
2026-05-23T14:04:39Z [SCADA] config sync OK
2026-05-23T17:27:21Z [METRICS-AGENT] certificate expiry check: 359 days remaining
2026-05-23T03:37:55Z [FIREWALL] metrics flush: 4617 points
2026-05-23T16:02:08Z [BACKUP-SVC] user session 499: login from 10.0.0.36
2026-05-23T23:36:31Z [MES] metrics flush: 2747 points
2026-05-23T07:28:29Z [ERP-BRIDGE] connection pool: 13/100
2026-05-23T23:58:16Z [METRICS-AGENT] user session 311: login from 10.0.0.222
2026-05-23T02:52:02Z [BACKUP-SVC] config sync OK
2026-05-23T13:22:16Z [BACKUP-SVC] user session 685: login from 10.0.0.134
2026-05-23T06:08:12Z [SCADA] certificate expiry check: 147 days remaining
2026-05-23T05:23:30Z [BACKUP-SVC] connection pool: 91/100
2026-05-23T02:47:56Z [BACKUP-SVC] memory pressure: 2990 MB free
2026-05-23T20:11:45Z [MES] memory pressure: 3967 MB free
2026-05-23T15:14:16Z [BACKUP-SVC] disk usage: 81%
2026-05-23T17:05:09Z [FIREWALL] disk usage: 66%
2026-05-23T22:38:07Z [SCADA] disk usage: 60%
2026-05-23T01:53:54Z [BACKUP-SVC] certificate expiry check: 186 days remaining
2026-05-23T01:37:36Z [MES] metrics flush: 3294 points
2026-05-23T02:28:02Z [MES] user session 102: login from 10.0.0.114
2026-05-23T11:19:25Z [FIREWALL] config sync OK
2026-05-23T17:45:12Z [METRICS-AGENT] metrics flush: 1470 points
2026-05-23T09:57:30Z [BACKUP-SVC] memory pressure: 2166 MB free
2026-05-23T23:13:23Z [ERP-BRIDGE] health check passed
2026-05-23T04:21:29Z [SCADA] health check passed
2026-05-23T10:38:03Z [FIREWALL] config sync OK
2026-05-23T12:04:13Z [MES] memory pressure: 1261 MB free
2026-05-23T02:44:05Z [SCADA] disk usage: 82%
2026-05-23T07:53:55Z [BACKUP-SVC] config sync OK
2026-05-23T01:49:09Z [ERP-BRIDGE] config sync OK
2026-05-23T05:33:16Z [SCADA] user session 127: login from 10.0.0.184
2026-05-23T07:44:31Z [ERP-BRIDGE] disk usage: 70%
2026-05-23T18:14:53Z [BACKUP-SVC] metrics flush: 4366 points
2026-05-23T22:54:16Z [METRICS-AGENT] health check passed
2026-05-23T15:34:15Z [METRICS-AGENT] user session 886: login from 10.0.0.172
2026-05-23T18:19:13Z [FIREWALL] certificate expiry check: 249 days remaining
2026-05-23T12:35:04Z [BACKUP-SVC] connection pool: 49/100
2026-05-23T08:58:32Z [SCADA] user session 875: login from 10.0.0.245
2026-05-23T11:01:12Z [BACKUP-SVC] backup written to /mnt/nas/daily_2026-05-10.tar.gz
2026-05-23T02:09:39Z [FIREWALL] user session 738: login from 10.0.0.105
2026-05-23T05:19:40Z [MES] backup written to /mnt/nas/daily_2026-05-01.tar.gz
2026-05-23T03:16:49Z [METRICS-AGENT] certificate expiry check: 181 days remaining
2026-05-23T07:23:30Z [SCADA] disk usage: 84%
2026-05-23T01:27:27Z [SCADA] certificate expiry check: 168 days remaining
2026-05-23T08:13:20Z [METRICS-AGENT] health check passed
2026-05-23T02:58:08Z [MES] user session 695: login from 10.0.0.139
2026-05-23T04:11:49Z [ERP-BRIDGE] memory pressure: 3922 MB free
2026-05-23T04:42:49Z [ERP-BRIDGE] backup written to /mnt/nas/daily_2026-05-11.tar.gz
2026-05-23T17:10:37Z [BACKUP-SVC] metrics flush: 4252 points
2026-05-23T17:20:20Z [MES] user session 317: login from 10.0.0.83
2026-05-23T23:20:43Z [MES] backup written to /mnt/nas/daily_2026-05-07.tar.gz
2026-05-23T23:05:52Z [SCADA] config sync OK
2026-05-23T01:36:40Z [ERP-BRIDGE] memory pressure: 573 MB free
2026-05-23T04:07:45Z [SCADA] memory pressure: 3506 MB free
2026-05-23T17:01:16Z [METRICS-AGENT] certificate expiry check: 299 days remaining
2026-05-23T05:39:21Z [ERP-BRIDGE] health check passed
2026-05-23T04:10:31Z [ERP-BRIDGE] config sync OK
2026-05-23T04:46:25Z [SCADA] disk usage: 55%
2026-05-23T07:45:49Z [MES] backup written to /mnt/nas/daily_2026-05-21.tar.gz
2026-05-23T22:01:25Z [SCADA] backup written to /mnt/nas/daily_2026-05-11.tar.gz
2026-05-23T07:46:21Z [MES] backup written to /mnt/nas/daily_2026-05-13.tar.gz
2026-05-23T00:57:18Z [SCADA] metrics flush: 4417 points
2026-05-23T00:45:01Z [SCADA] health check passed
2026-05-23T19:34:36Z [METRICS-AGENT] connection pool: 80/100
2026-05-23T01:41:53Z [FIREWALL] memory pressure: 3437 MB free
2026-05-23T12:30:55Z [ERP-BRIDGE] certificate expiry check: 254 days remaining
2026-05-23T02:06:59Z [MES] disk usage: 67%
2026-05-23T12:25:58Z [METRICS-AGENT] backup written to /mnt/nas/daily_2026-05-17.tar.gz
2026-05-23T00:36:32Z [FIREWALL] certificate expiry check: 200 days remaining
2026-05-23T08:43:10Z [SCADA] config sync OK
2026-05-23T00:54:07Z [METRICS-AGENT] metrics flush: 2905 points
2026-05-23T02:43:33Z [FIREWALL] memory pressure: 2296 MB free
2026-05-23T20:39:13Z [MES] connection pool: 30/100
2026-05-23T08:33:00Z [METRICS-AGENT] config sync OK
2026-05-23T09:12:43Z [ERP-BRIDGE] health check passed
2026-05-23T01:55:19Z [BACKUP-SVC] metrics flush: 2884 points
2026-05-23T15:05:51Z [METRICS-AGENT] certificate expiry check: 257 days remaining
2026-05-23T18:22:09Z [SCADA] metrics flush: 2790 points
2026-05-23T21:54:56Z [METRICS-AGENT] disk usage: 73%
2026-05-23T06:27:14Z [FIREWALL] memory pressure: 2313 MB free
2026-05-23T18:57:49Z [FIREWALL] backup written to /mnt/nas/daily_2026-05-09.tar.gz
2026-05-23T03:18:59Z [METRICS-AGENT] metrics flush: 4494 points
2026-05-23T14:21:20Z [METRICS-AGENT] connection pool: 89/100
2026-05-23T15:08:04Z [SCADA] certificate expiry check: 114 days remaining
2026-05-23T00:28:50Z [MES] disk usage: 56%
2026-05-23T03:04:18Z [METRICS-AGENT] disk usage: 58%
2026-05-23T01:49:20Z [METRICS-AGENT] disk usage: 64%
2026-05-23T13:20:47Z [SCADA] metrics flush: 4830 points
2026-05-23T17:15:53Z [FIREWALL] connection pool: 41/100
2026-05-23T04:29:25Z [BACKUP-SVC] metrics flush: 4514 points
2026-05-23T14:27:52Z [ERP-BRIDGE] backup written to /mnt/nas/daily_2026-05-23.tar.gz
2026-05-23T08:49:44Z [MES] certificate expiry check: 283 days remaining
2026-05-23T19:02:36Z [METRICS-AGENT] backup written to /mnt/nas/daily_2026-05-17.tar.gz
2026-05-23T18:14:42Z [ERP-BRIDGE] memory pressure: 2542 MB free
2026-05-23T01:34:05Z [ERP-BRIDGE] certificate expiry check: 72 days remaining
2026-05-23T05:49:58Z [METRICS-AGENT] user session 861: login from 10.0.0.144
2026-05-23T00:55:31Z [MES] certificate expiry check: 232 days remaining
2026-05-23T17:34:55Z [FIREWALL] memory pressure: 4004 MB free
2026-05-23T12:59:46Z [BACKUP-SVC] backup written to /mnt/nas/daily_2026-05-14.tar.gz
2026-05-23T11:47:22Z [MES] certificate expiry check: 139 days remaining
2026-05-23T11:43:08Z [METRICS-AGENT] backup written to /mnt/nas/daily_2026-05-11.tar.gz
2026-05-23T02:40:13Z [BACKUP-SVC] metrics flush: 965 points
2026-05-23T01:02:08Z [METRICS-AGENT] config sync OK
2026-05-23T23:08:36Z [MES] backup written to /mnt/nas/daily_2026-05-03.tar.gz
2026-05-23T00:00:43Z [METRICS-AGENT] memory pressure: 2219 MB free
2026-05-23T17:39:43Z [MES] backup written to /mnt/nas/daily_2026-05-04.tar.gz
2026-05-23T23:17:36Z [SCADA] health check passed
2026-05-23T06:20:50Z [ERP-BRIDGE] connection pool: 62/100
2026-05-23T09:48:58Z [SCADA] memory pressure: 783 MB free
2026-05-23T21:52:31Z [SCADA] memory pressure: 3099 MB free
2026-05-23T06:49:38Z [ERP-BRIDGE] backup written to /mnt/nas/daily_2026-05-13.tar.gz
2026-05-23T21:00:27Z [BACKUP-SVC] metrics flush: 2639 points
2026-05-23T20:15:19Z [SCADA] config sync OK
2026-05-23T04:38:36Z [ERP-BRIDGE] health check passed
2026-05-23T10:36:27Z [ERP-BRIDGE] connection pool: 55/100
2026-05-23T19:21:56Z [MES] metrics flush: 4747 points
2026-05-23T17:25:00Z [ERP-BRIDGE] health check passed
2026-05-23T14:29:16Z [SCADA] metrics flush: 2531 points
2026-05-23T01:55:13Z [ERP-BRIDGE] disk usage: 44%
2026-05-23T05:27:21Z [FIREWALL] config sync OK
2026-05-23T01:20:41Z [METRICS-AGENT] metrics flush: 2111 points
2026-05-23T20:13:13Z [MES] user session 389: login from 10.0.0.152
2026-05-23T08:39:23Z [MES] memory pressure: 2292 MB free
2026-05-23T20:28:20Z [METRICS-AGENT] certificate expiry check: 123 days remaining
2026-05-23T17:34:10Z [ERP-BRIDGE] user session 707: login from 10.0.0.211
2026-05-23T05:43:45Z [ERP-BRIDGE] certificate expiry check: 48 days remaining
2026-05-23T04:29:24Z [ERP-BRIDGE] metrics flush: 4792 points
2026-05-23T06:35:04Z [FIREWALL] config sync OK
2026-05-23T22:23:52Z [BACKUP-SVC] metrics flush: 2269 points
2026-05-23T12:24:15Z [SCADA] certificate expiry check: 328 days remaining
2026-05-23T22:24:45Z [METRICS-AGENT] health check passed
2026-05-23T01:34:25Z [ERP-BRIDGE] health check passed
2026-05-23T00:39:31Z [SCADA] config sync OK
2026-05-23T03:38:27Z [BACKUP-SVC] metrics flush: 4017 points
2026-05-23T06:59:18Z [ERP-BRIDGE] disk usage: 45%
2026-05-23T15:55:09Z [SCADA] config sync OK
2026-05-23T10:00:32Z [ERP-BRIDGE] metrics flush: 2255 points
2026-05-23T09:33:14Z [MES] memory pressure: 2196 MB free
2026-05-23T16:45:17Z [FIREWALL] user session 942: login from 10.0.0.75
2026-05-23T23:54:54Z [SCADA] metrics flush: 4893 points
2026-05-23T09:23:14Z [BACKUP-SVC] certificate expiry check: 26 days remaining
2026-05-23T19:31:11Z [BACKUP-SVC] health check passed
2026-05-23T11:35:30Z [FIREWALL] health check passed
2026-05-23T01:28:07Z [SCADA] backup written to /mnt/nas/daily_2026-05-01.tar.gz
2026-05-23T19:42:15Z [ERP-BRIDGE] metrics flush: 4844 points
2026-05-23T17:24:55Z [METRICS-AGENT] health check passed
2026-05-23T16:20:34Z [MES] memory pressure: 3410 MB free
2026-05-23T01:17:07Z [MES] config sync OK
2026-05-23T02:01:01Z [FIREWALL] config sync OK
2026-05-23T12:29:10Z [SCADA] user session 711: login from 10.0.0.14
2026-05-23T06:18:39Z [MES] metrics flush: 849 points
2026-05-23T04:41:59Z [SCADA] health check passed
2026-05-23T08:41:44Z [ERP-BRIDGE] user session 256: login from 10.0.0.107
2026-05-23T23:39:36Z [SCADA] user session 285: login from 10.0.0.40
2026-05-23T07:53:18Z [BACKUP-SVC] metrics flush: 4238 points
2026-05-23T20:22:25Z [MES] metrics flush: 2609 points
2026-05-23T06:25:35Z [BACKUP-SVC] backup written to /mnt/nas/daily_2026-05-11.tar.gz
2026-05-23T11:49:12Z [FIREWALL] user session 995: login from 10.0.0.183
2026-05-23T16:06:12Z [BACKUP-SVC] config sync OK
2026-05-23T22:02:06Z [BACKUP-SVC] connection pool: 59/100
2026-05-23T12:41:37Z [FIREWALL] disk usage: 75%
2026-05-23T16:40:35Z [BACKUP-SVC] metrics flush: 4673 points
2026-05-23T13:39:48Z [METRICS-AGENT] health check passed
2026-05-23T21:00:55Z [ERP-BRIDGE] disk usage: 79%
2026-05-23T11:25:10Z [FIREWALL] connection pool: 70/100
2026-05-23T05:17:07Z [MES] metrics flush: 2121 points
2026-05-23T19:45:05Z [SCADA] connection pool: 23/100
2026-05-23T21:14:35Z [ERP-BRIDGE] disk usage: 61%
2026-05-23T04:07:31Z [FIREWALL] backup written to /mnt/nas/daily_2026-05-18.tar.gz
2026-05-23T23:39:45Z [ERP-BRIDGE] memory pressure: 3248 MB free
2026-05-23T06:25:03Z [ERP-BRIDGE] metrics flush: 1646 points
2026-05-23T08:19:12Z [SCADA] connection pool: 39/100
2026-05-23T03:14:11Z [ERP-BRIDGE] health check passed
2026-05-23T03:13:57Z [METRICS-AGENT] certificate expiry check: 62 days remaining
2026-05-23T04:44:11Z [SCADA] disk usage: 47%
2026-05-23T22:30:22Z [FIREWALL] disk usage: 88%
2026-05-23T11:20:22Z [FIREWALL] backup written to /mnt/nas/daily_2026-05-07.tar.gz
2026-05-23T14:54:23Z [ERP-BRIDGE] user session 665: login from 10.0.0.252
2026-05-23T00:21:45Z [ERP-BRIDGE] metrics flush: 1197 points
2026-05-23T10:40:05Z [BACKUP-SVC] config sync OK
2026-05-23T12:04:56Z [SCADA] backup written to /mnt/nas/daily_2026-05-20.tar.gz
2026-05-23T07:19:01Z [FIREWALL] health check passed
2026-05-23T07:01:06Z [BACKUP-SVC] memory pressure: 3671 MB free
2026-05-23T14:17:11Z [METRICS-AGENT] memory pressure: 2577 MB free
2026-05-23T04:47:02Z [MES] disk usage: 90%
2026-05-23T18:08:13Z [SCADA] metrics flush: 1241 points
2026-05-23T10:13:22Z [ERP-BRIDGE] certificate expiry check: 162 days remaining
2026-05-23T23:01:14Z [SCADA] memory pressure: 977 MB free
2026-05-23T15:26:59Z [MES] disk usage: 63%
2026-05-23T14:04:29Z [METRICS-AGENT] connection pool: 80/100
2026-05-23T23:11:18Z [SCADA] connection pool: 29/100
2026-05-23T18:24:22Z [ERP-BRIDGE] connection pool: 15/100
2026-05-23T13:45:24Z [FIREWALL] backup written to /mnt/nas/daily_2026-05-02.tar.gz
2026-05-23T22:37:23Z [MES] memory pressure: 2888 MB free
2026-05-23T19:19:11Z [METRICS-AGENT] memory pressure: 2567 MB free
2026-05-23T08:51:07Z [FIREWALL] memory pressure: 3235 MB free
2026-05-23T02:30:34Z [FIREWALL] health check passed
2026-05-23T12:36:05Z [ERP-BRIDGE] disk usage: 64%
2026-05-23T18:38:48Z [MES] memory pressure: 3437 MB free
2026-05-23T05:55:54Z [METRICS-AGENT] certificate expiry check: 148 days remaining
2026-05-23T15:00:31Z [BACKUP-SVC] config sync OK
2026-05-23T12:39:02Z [SCADA] disk usage: 48%
2026-05-23T07:09:40Z [FIREWALL] health check passed
2026-05-23T22:05:22Z [ERP-BRIDGE] config sync OK
2026-05-23T02:33:46Z [MES] certificate expiry check: 283 days remaining
2026-05-23T05:46:45Z [SCADA] disk usage: 88%
2026-05-23T13:58:46Z [SCADA] connection pool: 20/100
2026-05-23T13:41:21Z [SCADA] config sync OK
2026-05-23T21:56:55Z [ERP-BRIDGE] connection pool: 75/100
2026-05-23T09:18:25Z [FIREWALL] connection pool: 41/100
2026-05-23T12:07:08Z [METRICS-AGENT] config sync OK
2026-05-23T10:16:52Z [SCADA] user session 392: login from 10.0.0.161
2026-05-23T16:12:06Z [METRICS-AGENT] backup written to /mnt/nas/daily_2026-05-17.tar.gz
2026-05-23T20:39:52Z [ERP-BRIDGE] backup written to /mnt/nas/daily_2026-05-04.tar.gz
2026-05-23T18:22:47Z [METRICS-AGENT] disk usage: 63%
2026-05-23T12:27:23Z [MES] health check passed
2026-05-23T00:21:41Z [SCADA] metrics flush: 2218 points
2026-05-23T12:14:51Z [SCADA] backup written to /mnt/nas/daily_2026-05-19.tar.gz
2026-05-23T09:32:41Z [BACKUP-SVC] connection pool: 69/100
2026-05-23T11:35:10Z [BACKUP-SVC] metrics flush: 810 points
2026-05-23T20:21:53Z [BACKUP-SVC] disk usage: 44%
2026-05-23T21:31:15Z [FIREWALL] disk usage: 65%
2026-05-23T00:51:18Z [MES] memory pressure: 913 MB free
2026-05-23T01:12:17Z [SCADA] backup written to /mnt/nas/daily_2026-05-23.tar.gz
2026-05-23T06:21:41Z [SCADA] metrics flush: 2296 points
2026-05-23T14:38:07Z [METRICS-AGENT] certificate expiry check: 97 days remaining
2026-05-23T20:06:56Z [ERP-BRIDGE] config sync OK
2026-05-23T23:13:44Z [FIREWALL] backup written to /mnt/nas/daily_2026-05-17.tar.gz
2026-05-23T14:14:18Z [MES] connection pool: 9/100
2026-05-23T18:50:56Z [FIREWALL] user session 383: login from 10.0.0.109
2026-05-23T11:29:56Z [METRICS-AGENT] user session 294: login from 10.0.0.158
2026-05-23T15:47:57Z [ERP-BRIDGE] metrics flush: 3422 points
2026-05-23T02:39:22Z [BACKUP-SVC] memory pressure: 3639 MB free
2026-05-23T14:28:51Z [ERP-BRIDGE] certificate expiry check: 274 days remaining
2026-05-23T08:16:41Z [METRICS-AGENT] health check passed
2026-05-23T19:30:23Z [METRICS-AGENT] memory pressure: 3104 MB free
2026-05-23T11:06:09Z [FIREWALL] config sync OK
2026-05-23T11:35:06Z [FIREWALL] health check passed
2026-05-23T08:17:51Z [MES] memory pressure: 2639 MB free
2026-05-23T23:59:50Z [METRICS-AGENT] memory pressure: 2392 MB free
2026-05-23T06:03:53Z [SCADA] metrics flush: 2069 points
2026-05-23T23:55:02Z [FIREWALL] user session 519: login from 10.0.0.70
2026-05-23T15:29:02Z [METRICS-AGENT] user session 130: login from 10.0.0.175
2026-05-23T23:51:07Z [ERP-BRIDGE] health check passed
2026-05-23T06:31:28Z [SCADA] disk usage: 77%
2026-05-23T06:42:54Z [FIREWALL] config sync OK
2026-05-23T17:04:28Z [SCADA] config sync OK
2026-05-23T00:28:53Z [ERP-BRIDGE] metrics flush: 3729 points
2026-05-23T08:15:53Z [ERP-BRIDGE] certificate expiry check: 72 days remaining
2026-05-23T03:18:42Z [ERP-BRIDGE] metrics flush: 2254 points
2026-05-23T21:42:31Z [SCADA] disk usage: 42%
2026-05-23T08:36:59Z [FIREWALL] connection pool: 84/100
2026-05-23T20:05:58Z [MES] health check passed
2026-05-23T18:30:07Z [ERP-BRIDGE] metrics flush: 1211 points
2026-05-23T11:06:56Z [MES] memory pressure: 3333 MB free
2026-05-23T01:16:30Z [BACKUP-SVC] health check passed
2026-05-23T14:42:26Z [MES] disk usage: 66%
2026-05-23T10:02:26Z [BACKUP-SVC] disk usage: 47%
2026-05-23T00:26:36Z [BACKUP-SVC] user session 391: login from 10.0.0.27
2026-05-23T13:11:52Z [MES] backup written to /mnt/nas/daily_2026-05-23.tar.gz
2026-05-23T04:44:52Z [FIREWALL] health check passed
2026-05-23T05:25:43Z [ERP-BRIDGE] certificate expiry check: 126 days remaining
2026-05-23T05:50:12Z [FIREWALL] backup written to /mnt/nas/daily_2026-05-17.tar.gz
2026-05-23T03:05:50Z [METRICS-AGENT] disk usage: 67%
2026-05-23T06:43:42Z [FIREWALL] backup written to /mnt/nas/daily_2026-05-17.tar.gz
2026-05-23T13:49:12Z [BACKUP-SVC] connection pool: 61/100
2026-05-23T07:09:26Z [FIREWALL] user session 813: login from 10.0.0.174
2026-05-23T08:23:59Z [SCADA] config sync OK
2026-05-23T22:02:37Z [MES] memory pressure: 2399 MB free
2026-05-23T00:02:26Z [METRICS-AGENT] backup written to /mnt/nas/daily_2026-05-17.tar.gz
2026-05-23T09:20:52Z [BACKUP-SVC] certificate expiry check: 106 days remaining
2026-05-23T08:06:04Z [MES] certificate expiry check: 197 days remaining
2026-05-23T04:15:26Z [METRICS-AGENT] user session 139: login from 10.0.0.254
2026-05-23T23:18:50Z [MES] metrics flush: 1781 points
2026-05-23T17:48:23Z [FIREWALL] certificate expiry check: 142 days remaining
2026-05-23T02:07:03Z [SCADA] connection pool: 53/100
2026-05-23T04:09:07Z [FIREWALL] disk usage: 80%
2026-05-23T12:47:55Z [MES] disk usage: 50%
2026-05-23T11:30:11Z [MES] backup written to /mnt/nas/daily_2026-05-03.tar.gz
2026-05-23T13:46:42Z [SCADA] user session 598: login from 10.0.0.205
2026-05-23T19:53:30Z [MES] backup written to /mnt/nas/daily_2026-05-08.tar.gz
2026-05-23T09:33:49Z [BACKUP-SVC] health check passed
2026-05-23T01:48:43Z [FIREWALL] disk usage: 78%
2026-05-23T08:05:46Z [MES] backup written to /mnt/nas/daily_2026-05-01.tar.gz
2026-05-23T18:45:08Z [BACKUP-SVC] memory pressure: 3049 MB free
2026-05-23T18:29:21Z [METRICS-AGENT] memory pressure: 4067 MB free
2026-05-23T14:37:56Z [FIREWALL] certificate expiry check: 210 days remaining
2026-05-23T17:17:54Z [ERP-BRIDGE] disk usage: 85%
2026-05-23T19:35:21Z [SCADA] user session 734: login from 10.0.0.160
2026-05-23T05:04:19Z [MES] disk usage: 76%
2026-05-23T09:56:08Z [ERP-BRIDGE] config sync OK
2026-05-23T06:26:49Z [METRICS-AGENT] config sync OK
2026-05-23T09:48:40Z [METRICS-AGENT] health check passed
2026-05-23T16:17:17Z [SCADA] certificate expiry check: 35 days remaining
2026-05-23T14:45:50Z [FIREWALL] metrics flush: 2996 points
2026-05-23T13:40:30Z [MES] backup written to /mnt/nas/daily_2026-05-11.tar.gz
2026-05-23T07:28:25Z [SCADA] backup written to /mnt/nas/daily_2026-05-21.tar.gz
2026-05-23T09:19:54Z [FIREWALL] connection pool: 21/100
2026-05-23T06:38:22Z [BACKUP-SVC] metrics flush: 3520 points
2026-05-23T11:29:44Z [ERP-BRIDGE] memory pressure: 3540 MB free
2026-05-23T20:09:25Z [SCADA] memory pressure: 1694 MB free
2026-05-23T12:23:06Z [SCADA] connection pool: 93/100
2026-05-23T10:56:24Z [FIREWALL] connection pool: 77/100
2026-05-23T14:59:26Z [METRICS-AGENT] connection pool: 7/100
2026-05-23T11:10:45Z [SCADA] health check passed
2026-05-23T15:19:48Z [FIREWALL] config sync OK
2026-05-23T00:28:57Z [MES] disk usage: 74%
2026-05-23T01:38:10Z [SCADA] health check passed
2026-05-23T08:52:47Z [MES] config sync OK
2026-05-23T13:36:12Z [BACKUP-SVC] disk usage: 45%
2026-05-23T11:54:20Z [ERP-BRIDGE] metrics flush: 2920 points
2026-05-23T02:34:56Z [BACKUP-SVC] memory pressure: 2282 MB free
2026-05-23T22:53:09Z [FIREWALL] disk usage: 77%
2026-05-23T01:39:25Z [BACKUP-SVC] metrics flush: 3064 points
2026-05-23T09:00:46Z [FIREWALL] connection pool: 29/100
2026-05-23T14:10:16Z [METRICS-AGENT] user session 953: login from 10.0.0.235
2026-05-23T01:32:46Z [SCADA] connection pool: 40/100
2026-05-23T02:27:03Z [METRICS-AGENT] memory pressure: 3087 MB free
2026-05-23T00:46:02Z [MES] memory pressure: 809 MB free
2026-05-23T14:54:40Z [SCADA] config sync OK
2026-05-23T07:18:47Z [METRICS-AGENT] disk usage: 54%
2026-05-23T04:06:57Z [METRICS-AGENT] memory pressure: 2443 MB free
2026-05-23T07:54:24Z [SCADA] user session 348: login from 10.0.0.105
2026-05-23T10:09:32Z [BACKUP-SVC] metrics flush: 956 points
2026-05-23T18:23:38Z [MES] user session 939: login from 10.0.0.141
2026-05-23T11:48:22Z [BACKUP-SVC] connection pool: 64/100
2026-05-23T00:07:25Z [ERP-BRIDGE] memory pressure: 860 MB free
2026-05-23T16:48:31Z [MES] disk usage: 66%
2026-05-23T01:02:36Z [ERP-BRIDGE] disk usage: 45%
2026-05-23T00:04:08Z [ERP-BRIDGE] backup written to /mnt/nas/daily_2026-05-04.tar.gz
2026-05-23T23:02:19Z [SCADA] metrics flush: 4766 points
2026-05-23T17:52:35Z [ERP-BRIDGE] metrics flush: 1907 points
2026-05-23T06:14:03Z [METRICS-AGENT] certificate expiry check: 308 days remaining
2026-05-23T13:06:01Z [METRICS-AGENT] health check passed
2026-05-23T01:31:27Z [SCADA] user session 243: login from 10.0.0.80
2026-05-23T02:27:58Z [METRICS-AGENT] backup written to /mnt/nas/daily_2026-05-05.tar.gz
2026-05-23T03:44:28Z [FIREWALL] disk usage: 44%
2026-05-23T19:59:09Z [FIREWALL] certificate expiry check: 31 days remaining
2026-05-23T13:50:41Z [METRICS-AGENT] backup written to /mnt/nas/daily_2026-05-11.tar.gz
2026-05-23T00:56:08Z [METRICS-AGENT] user session 364: login from 10.0.0.198
2026-05-23T13:15:43Z [SCADA] connection pool: 73/100
2026-05-23T16:50:52Z [METRICS-AGENT] user session 780: login from 10.0.0.182
2026-05-23T12:59:49Z [ERP-BRIDGE] backup written to /mnt/nas/daily_2026-05-07.tar.gz
2026-05-23T12:46:42Z [SCADA] connection pool: 8/100
2026-05-23T19:27:55Z [METRICS-AGENT] connection pool: 34/100
2026-05-23T01:44:19Z [SCADA] user session 297: login from 10.0.0.110
2026-05-23T03:50:40Z [METRICS-AGENT] connection pool: 35/100
2026-05-23T20:41:54Z [METRICS-AGENT] user session 542: login from 10.0.0.182
2026-05-23T13:29:47Z [SCADA] config sync OK
2026-05-23T20:55:41Z [BACKUP-SVC] metrics flush: 2408 points
2026-05-23T04:57:25Z [METRICS-AGENT] backup written to /mnt/nas/daily_2026-05-05.tar.gz
2026-05-23T20:31:27Z [METRICS-AGENT] certificate expiry check: 104 days remaining
2026-05-23T10:40:53Z [MES] health check passed
2026-05-23T01:56:35Z [METRICS-AGENT] memory pressure: 1298 MB free
2026-05-23T04:56:14Z [METRICS-AGENT] disk usage: 52%
2026-05-23T21:47:39Z [SCADA] user session 921: login from 10.0.0.167
2026-05-23T20:42:43Z [MES] disk usage: 67%
2026-05-23T18:46:35Z [FIREWALL] config sync OK
2026-05-23T17:34:47Z [METRICS-AGENT] metrics flush: 3949 points
2026-05-23T12:52:11Z [ERP-BRIDGE] disk usage: 85%
2026-05-23T23:36:36Z [ERP-BRIDGE] health check passed
2026-05-23T00:11:11Z [FIREWALL] memory pressure: 2658 MB free
2026-05-23T23:15:23Z [METRICS-AGENT] config sync OK
2026-05-23T16:28:45Z [ERP-BRIDGE] metrics flush: 1167 points
2026-05-23T12:41:51Z [SCADA] config sync OK
2026-05-23T21:01:34Z [FIREWALL] disk usage: 41%
2026-05-23T01:34:50Z [ERP-BRIDGE] user session 185: login from 10.0.0.39
2026-05-23T03:04:42Z [ERP-BRIDGE] config sync OK
2026-05-23T00:29:40Z [METRICS-AGENT] metrics flush: 1902 points
2026-05-23T03:01:30Z [METRICS-AGENT] config sync OK
2026-05-23T16:15:51Z [BACKUP-SVC] disk usage: 80%
2026-05-23T22:02:20Z [METRICS-AGENT] health check passed
2026-05-23T03:07:14Z [BACKUP-SVC] config sync OK
2026-05-23T09:44:37Z [METRICS-AGENT] certificate expiry check: 208 days remaining
2026-05-23T14:23:05Z [METRICS-AGENT] connection pool: 69/100
2026-05-23T09:13:01Z [BACKUP-SVC] backup written to /mnt/nas/daily_2026-05-19.tar.gz
2026-05-23T12:19:16Z [BACKUP-SVC] backup written to /mnt/nas/daily_2026-05-08.tar.gz
2026-05-23T16:08:41Z [FIREWALL] connection pool: 38/100
2026-05-23T16:02:56Z [FIREWALL] memory pressure: 1095 MB free
2026-05-23T05:16:55Z [BACKUP-SVC] user session 962: login from 10.0.0.117
2026-05-23T02:10:57Z [SCADA] config sync OK
2026-05-23T22:30:13Z [ERP-BRIDGE] memory pressure: 819 MB free
2026-05-23T15:46:34Z [MES] user session 513: login from 10.0.0.180
2026-05-23T10:59:14Z [FIREWALL] memory pressure: 1742 MB free
2026-05-23T03:14:01Z [METRICS-AGENT] metrics flush: 4610 points
2026-05-23T17:35:41Z [METRICS-AGENT] memory pressure: 1143 MB free
2026-05-23T13:24:29Z [SCADA] backup written to /mnt/nas/daily_2026-05-13.tar.gz
2026-05-23T23:13:02Z [SCADA] metrics flush: 4974 points
2026-05-23T13:07:09Z [ERP-BRIDGE] disk usage: 45%
2026-05-23T18:34:37Z [ERP-BRIDGE] user session 622: login from 10.0.0.215
2026-05-23T17:40:53Z [ERP-BRIDGE] config sync OK
2026-05-23T13:56:29Z [BACKUP-SVC] config sync OK
2026-05-23T21:04:12Z [BACKUP-SVC] disk usage: 83%
2026-05-23T07:03:38Z [ERP-BRIDGE] config sync OK
2026-05-23T22:06:14Z [FIREWALL] backup written to /mnt/nas/daily_2026-05-12.tar.gz
2026-05-23T05:56:54Z [BACKUP-SVC] backup written to /mnt/nas/daily_2026-05-06.tar.gz
2026-05-23T01:41:53Z [FIREWALL] config sync OK
2026-05-23T18:09:09Z [ERP-BRIDGE] certificate expiry check: 150 days remaining
2026-05-23T09:25:25Z [FIREWALL] health check passed
2026-05-23T04:03:22Z [MES] backup written to /mnt/nas/daily_2026-05-16.tar.gz
2026-05-23T13:36:59Z [METRICS-AGENT] connection pool: 52/100
2026-05-23T09:16:22Z [SCADA] backup written to /mnt/nas/daily_2026-05-21.tar.gz
2026-05-23T06:22:45Z [BACKUP-SVC] metrics flush: 3575 points
2026-05-23T21:38:20Z [FIREWALL] certificate expiry check: 127 days remaining
2026-05-23T15:48:24Z [SCADA] memory pressure: 3719 MB free
2026-05-23T07:27:31Z [MES] metrics flush: 2421 points
2026-05-23T12:05:44Z [FIREWALL] health check passed
2026-05-23T17:35:17Z [MES] memory pressure: 3096 MB free
2026-05-23T13:19:14Z [FIREWALL] user session 519: login from 10.0.0.100
2026-05-23T13:38:17Z [MES] metrics flush: 3808 points
2026-05-23T09:18:10Z [ERP-BRIDGE] memory pressure: 1539 MB free
2026-05-23T03:39:29Z [MES] config sync OK
2026-05-23T04:44:47Z [BACKUP-SVC] backup written to /mnt/nas/daily_2026-05-21.tar.gz
2026-05-23T07:13:34Z [MES] backup written to /mnt/nas/daily_2026-05-17.tar.gz
2026-05-23T06:06:10Z [ERP-BRIDGE] certificate expiry check: 359 days remaining
2026-05-23T20:50:25Z [MES] disk usage: 53%
2026-05-23T02:31:23Z [METRICS-AGENT] backup written to /mnt/nas/daily_2026-05-12.tar.gz
2026-05-23T21:18:57Z [FIREWALL] memory pressure: 1051 MB free
2026-05-23T12:55:36Z [BACKUP-SVC] disk usage: 68%
2026-05-23T13:56:35Z [BACKUP-SVC] disk usage: 81%
2026-05-23T01:51:21Z [METRICS-AGENT] backup written to /mnt/nas/daily_2026-05-15.tar.gz
2026-05-23T09:04:01Z [ERP-BRIDGE] memory pressure: 2293 MB free
2026-05-23T19:09:32Z [ERP-BRIDGE] config sync OK
2026-05-23T07:55:43Z [SCADA] user session 291: login from 10.0.0.42
2026-05-23T07:37:42Z [SCADA] health check passed
2026-05-23T13:46:22Z [METRICS-AGENT] user session 597: login from 10.0.0.103
2026-05-23T15:24:08Z [ERP-BRIDGE] health check passed
2026-05-23T03:10:15Z [SCADA] metrics flush: 4089 points
2026-05-23T09:37:09Z [MES] backup written to /mnt/nas/daily_2026-05-08.tar.gz
2026-05-23T23:18:59Z [SCADA] config sync OK
2026-05-23T21:38:33Z [METRICS-AGENT] certificate expiry check: 331 days remaining
2026-05-23T06:29:38Z [METRICS-AGENT] disk usage: 70%
2026-05-23T03:27:48Z [BACKUP-SVC] config sync OK
2026-05-23T22:46:37Z [BACKUP-SVC] memory pressure: 1756 MB free
2026-05-23T04:39:42Z [ERP-BRIDGE] health check passed
2026-05-23T08:31:19Z [BACKUP-SVC] metrics flush: 1481 points
2026-05-23T12:53:25Z [SCADA] connection pool: 80/100
2026-05-23T09:35:37Z [SCADA] config sync OK
2026-05-23T07:31:49Z [ERP-BRIDGE] certificate expiry check: 192 days remaining
2026-05-23T15:11:18Z [FIREWALL] config sync OK
2026-05-23T18:42:36Z [ERP-BRIDGE] connection pool: 5/100
2026-05-23T01:18:49Z [METRICS-AGENT] backup written to /mnt/nas/daily_2026-05-10.tar.gz
2026-05-23T23:11:05Z [SCADA] disk usage: 63%
2026-05-23T01:19:48Z [BACKUP-SVC] config sync OK
2026-05-23T08:27:49Z [FIREWALL] health check passed
2026-05-23T05:25:54Z [SCADA] certificate expiry check: 234 days remaining
2026-05-23T06:47:23Z [METRICS-AGENT] memory pressure: 2629 MB free
2026-05-23T03:57:06Z [ERP-BRIDGE] memory pressure: 1167 MB free
2026-05-23T11:30:52Z [FIREWALL] metrics flush: 1492 points
2026-05-23T19:55:44Z [SCADA] disk usage: 75%
2026-05-23T04:34:31Z [METRICS-AGENT] certificate expiry check: 111 days remaining
2026-05-23T06:38:48Z [ERP-BRIDGE] disk usage: 83%
2026-05-23T09:25:14Z [SCADA] user session 275: login from 10.0.0.135
2026-05-23T18:07:09Z [ERP-BRIDGE] memory pressure: 2683 MB free
2026-05-23T01:21:34Z [ERP-BRIDGE] health check passed
2026-05-23T15:24:07Z [METRICS-AGENT] config sync OK
2026-05-23T01:44:16Z [ERP-BRIDGE] certificate expiry check: 212 days remaining
2026-05-23T19:45:00Z [METRICS-AGENT] backup written to /mnt/nas/daily_2026-05-02.tar.gz
2026-05-23T18:14:51Z [ERP-BRIDGE] metrics flush: 3391 points
2026-05-23T14:23:25Z [BACKUP-SVC] metrics flush: 3316 points
2026-05-23T04:10:57Z [FIREWALL] user session 927: login from 10.0.0.221
2026-05-23T01:05:48Z [FIREWALL] backup written to /mnt/nas/daily_2026-05-01.tar.gz
2026-05-23T13:29:36Z [METRICS-AGENT] health check passed
2026-05-23T22:28:50Z [FIREWALL] disk usage: 71%
2026-05-23T07:25:14Z [BACKUP-SVC] memory pressure: 3791 MB free
2026-05-23T10:02:24Z [BACKUP-SVC] connection pool: 47/100
2026-05-23T10:00:20Z [FIREWALL] memory pressure: 1687 MB free
2026-05-23T19:41:24Z [ERP-BRIDGE] certificate expiry check: 216 days remaining
2026-05-23T08:54:50Z [ERP-BRIDGE] backup written to /mnt/nas/daily_2026-05-06.tar.gz
2026-05-23T00:12:24Z [BACKUP-SVC] backup written to /mnt/nas/daily_2026-05-06.tar.gz
2026-05-23T23:04:36Z [MES] connection pool: 15/100
2026-05-23T03:58:03Z [BACKUP-SVC] metrics flush: 3414 points
2026-05-23T15:43:49Z [FIREWALL] disk usage: 48%
2026-05-23T20:03:17Z [FIREWALL] user session 669: login from 10.0.0.240
2026-05-23T10:45:12Z [MES] config sync OK
2026-05-23T05:47:57Z [ERP-BRIDGE] certificate expiry check: 16 days remaining
2026-05-23T03:41:06Z [SCADA] config sync OK
2026-05-23T04:36:11Z [METRICS-AGENT] disk usage: 40%
2026-05-23T06:52:42Z [BACKUP-SVC] memory pressure: 3267 MB free
2026-05-23T17:30:34Z [METRICS-AGENT] certificate expiry check: 280 days remaining
2026-05-23T21:47:42Z [ERP-BRIDGE] disk usage: 46%
2026-05-23T05:43:58Z [BACKUP-SVC] memory pressure: 2768 MB free
2026-05-23T20:37:36Z [MES] connection pool: 41/100
2026-05-23T14:33:23Z [SCADA] disk usage: 74%
2026-05-23T02:37:46Z [SCADA] metrics flush: 3823 points
2026-05-23T00:02:57Z [METRICS-AGENT] backup written to /mnt/nas/daily_2026-05-11.tar.gz
2026-05-23T14:44:18Z [ERP-BRIDGE] user session 951: login from 10.0.0.121
2026-05-23T19:14:10Z [FIREWALL] config sync OK
2026-05-23T00:32:12Z [METRICS-AGENT] backup written to /mnt/nas/daily_2026-05-03.tar.gz
2026-05-23T23:13:59Z [BACKUP-SVC] disk usage: 66%
2026-05-23T06:59:16Z [METRICS-AGENT] connection pool: 80/100
2026-05-23T11:27:53Z [SCADA] disk usage: 90%
2026-05-23T05:08:45Z [SCADA] user session 552: login from 10.0.0.191
2026-05-23T08:00:40Z [ERP-BRIDGE] config sync OK
2026-05-23T15:39:30Z [SCADA] metrics flush: 1543 points
2026-05-23T03:55:09Z [BACKUP-SVC] certificate expiry check: 241 days remaining
2026-05-23T19:00:55Z [METRICS-AGENT] backup written to /mnt/nas/daily_2026-05-18.tar.gz
2026-05-23T02:19:40Z [METRICS-AGENT] metrics flush: 2358 points
2026-05-23T16:42:01Z [METRICS-AGENT] config sync OK
2026-05-23T13:43:46Z [SCADA] memory pressure: 3570 MB free
2026-05-23T14:34:29Z [SCADA] config sync OK
2026-05-23T10:45:56Z [SCADA] user session 858: login from 10.0.0.234
2026-05-23T17:15:47Z [MES] user session 883: login from 10.0.0.97
2026-05-23T08:50:44Z [ERP-BRIDGE] backup written to /mnt/nas/daily_2026-05-13.tar.gz
2026-05-23T13:26:02Z [METRICS-AGENT] disk usage: 71%
2026-05-23T16:40:11Z [ERP-BRIDGE] user session 911: login from 10.0.0.184
2026-05-23T23:27:43Z [BACKUP-SVC] disk usage: 82%
2026-05-23T21:22:08Z [MES] config sync OK
2026-05-23T22:44:47Z [SCADA] memory pressure: 3654 MB free
2026-05-23T14:10:39Z [ERP-BRIDGE] metrics flush: 1185 points
2026-05-23T22:53:29Z [ERP-BRIDGE] certificate expiry check: 314 days remaining
2026-05-23T04:14:36Z [MES] health check passed
2026-05-23T17:33:00Z [METRICS-AGENT] metrics flush: 2876 points
2026-05-23T18:36:20Z [ERP-BRIDGE] certificate expiry check: 299 days remaining
2026-05-23T15:28:56Z [ERP-BRIDGE] memory pressure: 3988 MB free
2026-05-23T04:02:52Z [MES] memory pressure: 637 MB free
2026-05-23T16:27:43Z [ERP-BRIDGE] certificate expiry check: 289 days remaining
2026-05-23T00:01:29Z [MES] metrics flush: 1600 points
2026-05-23T12:37:51Z [ERP-BRIDGE] connection pool: 59/100
2026-05-23T15:37:02Z [BACKUP-SVC] certificate expiry check: 301 days remaining
2026-05-23T12:40:33Z [BACKUP-SVC] certificate expiry check: 148 days remaining
2026-05-23T05:07:03Z [MES] user session 351: login from 10.0.0.51
2026-05-23T00:41:20Z [FIREWALL] metrics flush: 2279 points
2026-05-23T08:51:31Z [BACKUP-SVC] user session 877: login from 10.0.0.203
2026-05-23T05:02:21Z [MES] metrics flush: 3676 points
2026-05-23T09:47:09Z [METRICS-AGENT] user session 772: login from 10.0.0.177
2026-05-23T05:41:08Z [SCADA] certificate expiry check: 260 days remaining
2026-05-23T15:10:41Z [FIREWALL] config sync OK
2026-05-23T06:46:08Z [FIREWALL] connection pool: 60/100
2026-05-23T20:50:50Z [SCADA] disk usage: 47%
2026-05-23T09:03:17Z [BACKUP-SVC] metrics flush: 4317 points
2026-05-23T12:58:29Z [BACKUP-SVC] health check passed
2026-05-23T23:34:43Z [ERP-BRIDGE] certificate expiry check: 253 days remaining
2026-05-23T08:45:22Z [METRICS-AGENT] certificate expiry check: 315 days remaining
2026-05-23T04:22:41Z [SCADA] health check passed
2026-05-23T05:25:34Z [FIREWALL] connection pool: 94/100
2026-05-23T06:53:52Z [BACKUP-SVC] disk usage: 85%
2026-05-23T20:04:22Z [SCADA] config sync OK
2026-05-23T15:23:52Z [BACKUP-SVC] backup written to /mnt/nas/daily_2026-05-11.tar.gz
2026-05-23T05:31:01Z [ERP-BRIDGE] user session 273: login from 10.0.0.251
2026-05-23T01:33:06Z [ERP-BRIDGE] connection pool: 40/100
2026-05-23T19:08:02Z [FIREWALL] metrics flush: 2004 points
2026-05-23T23:01:31Z [FIREWALL] health check passed
2026-05-23T14:03:27Z [SCADA] user session 754: login from 10.0.0.34
2026-05-23T19:29:02Z [MES] backup written to /mnt/nas/daily_2026-05-22.tar.gz
2026-05-23T20:56:34Z [FIREWALL] certificate expiry check: 100 days remaining
2026-05-23T22:26:58Z [SCADA] connection pool: 39/100
2026-05-23T22:28:40Z [SCADA] connection pool: 18/100
2026-05-23T17:55:00Z [BACKUP-SVC] backup written to /mnt/nas/daily_2026-05-02.tar.gz
2026-05-23T00:58:26Z [METRICS-AGENT] disk usage: 74%
2026-05-23T21:05:37Z [ERP-BRIDGE] disk usage: 51%
2026-05-23T03:19:30Z [MES] health check passed
2026-05-23T14:38:46Z [SCADA] config sync OK
2026-05-23T04:47:00Z [MES] memory pressure: 969 MB free
2026-05-23T10:46:27Z [SCADA] health check passed
2026-05-23T03:20:36Z [SCADA] memory pressure: 763 MB free
2026-05-23T00:39:37Z [MES] disk usage: 57%
2026-05-23T05:36:49Z [BACKUP-SVC] connection pool: 9/100
2026-05-23T10:28:25Z [ERP-BRIDGE] metrics flush: 2054 points
2026-05-23T17:44:22Z [BACKUP-SVC] backup written to /mnt/nas/daily_2026-05-18.tar.gz
2026-05-23T12:41:56Z [METRICS-AGENT] memory pressure: 2947 MB free
2026-05-23T14:39:03Z [FIREWALL] user session 924: login from 10.0.0.131
2026-05-23T06:52:17Z [METRICS-AGENT] certificate expiry check: 203 days remaining
2026-05-23T17:09:15Z [SCADA] metrics flush: 4280 points
2026-05-23T07:07:11Z [ERP-BRIDGE] health check passed
2026-05-23T08:33:53Z [BACKUP-SVC] memory pressure: 572 MB free
2026-05-23T09:46:38Z [BACKUP-SVC] metrics flush: 1576 points
2026-05-23T16:30:28Z [MES] backup written to /mnt/nas/daily_2026-05-01.tar.gz
2026-05-23T05:26:18Z [BACKUP-SVC] memory pressure: 911 MB free
2026-05-23T01:19:19Z [FIREWALL] metrics flush: 4751 points
2026-05-23T18:53:16Z [ERP-BRIDGE] certificate expiry check: 344 days remaining
2026-05-23T12:01:29Z [BACKUP-SVC] memory pressure: 1367 MB free
2026-05-23T23:51:31Z [METRICS-AGENT] metrics flush: 2888 points
2026-05-23T02:52:59Z [FIREWALL] config sync OK
2026-05-23T04:34:36Z [ERP-BRIDGE] memory pressure: 2696 MB free
2026-05-23T10:53:50Z [FIREWALL] certificate expiry check: 55 days remaining
2026-05-23T23:32:49Z [SCADA] connection pool: 28/100
2026-05-23T11:00:56Z [BACKUP-SVC] disk usage: 67%
2026-05-23T06:51:04Z [METRICS-AGENT] health check passed
2026-05-23T04:55:12Z [METRICS-AGENT] backup written to /mnt/nas/daily_2026-05-17.tar.gz
2026-05-23T08:06:35Z [METRICS-AGENT] certificate expiry check: 183 days remaining
2026-05-23T23:54:44Z [SCADA] metrics flush: 1041 points
2026-05-23T10:20:43Z [ERP-BRIDGE] user session 683: login from 10.0.0.112
2026-05-23T12:43:43Z [BACKUP-SVC] connection pool: 79/100
2026-05-23T11:54:13Z [METRICS-AGENT] certificate expiry check: 186 days remaining
2026-05-23T15:35:54Z [SCADA] user session 549: login from 10.0.0.176
2026-05-23T21:28:00Z [ERP-BRIDGE] user session 435: login from 10.0.0.230
2026-05-23T19:21:53Z [METRICS-AGENT] config sync OK
2026-05-23T22:27:27Z [ERP-BRIDGE] disk usage: 85%
2026-05-23T21:54:47Z [FIREWALL] user session 262: login from 10.0.0.26
2026-05-23T07:56:25Z [METRICS-AGENT] metrics flush: 2168 points
2026-05-23T14:26:19Z [METRICS-AGENT] certificate expiry check: 135 days remaining
2026-05-23T08:03:58Z [ERP-BRIDGE] user session 193: login from 10.0.0.176
2026-05-23T19:46:44Z [MES] config sync OK
2026-05-23T16:18:12Z [MES] config sync OK
2026-05-23T15:26:28Z [ERP-BRIDGE] backup written to /mnt/nas/daily_2026-05-12.tar.gz
2026-05-23T16:18:31Z [MES] config sync OK
2026-05-23T11:52:31Z [ERP-BRIDGE] disk usage: 63%
2026-05-23T09:04:20Z [METRICS-AGENT] health check passed
2026-05-23T02:05:08Z [SCADA] certificate expiry check: 185 days remaining
2026-05-23T07:00:14Z [ERP-BRIDGE] metrics flush: 3361 points
2026-05-23T12:04:22Z [SCADA] disk usage: 83%
2026-05-23T15:40:14Z [METRICS-AGENT] certificate expiry check: 342 days remaining
2026-05-23T20:08:49Z [BACKUP-SVC] certificate expiry check: 261 days remaining
2026-05-23T12:14:38Z [ERP-BRIDGE] backup written to /mnt/nas/daily_2026-05-02.tar.gz
2026-05-23T07:41:20Z [FIREWALL] health check passed
2026-05-23T16:50:57Z [ERP-BRIDGE] health check passed
2026-05-23T06:29:25Z [FIREWALL] backup written to /mnt/nas/daily_2026-05-08.tar.gz
2026-05-23T10:43:50Z [FIREWALL] config sync OK
2026-05-23T19:23:18Z [ERP-BRIDGE] metrics flush: 2249 points
2026-05-23T03:53:52Z [BACKUP-SVC] connection pool: 75/100
2026-05-23T16:17:47Z [FIREWALL] backup written to /mnt/nas/daily_2026-05-13.tar.gz
2026-05-23T02:24:49Z [ERP-BRIDGE] disk usage: 70%
2026-05-23T10:32:08Z [ERP-BRIDGE] health check passed
2026-05-23T03:35:43Z [MES] config sync OK
2026-05-23T19:47:02Z [SCADA] backup written to /mnt/nas/daily_2026-05-04.tar.gz
2026-05-23T14:38:07Z [FIREWALL] health check passed
2026-05-23T04:45:21Z [BACKUP-SVC] disk usage: 82%
2026-05-23T03:59:10Z [FIREWALL] metrics flush: 4358 points
2026-05-23T12:16:06Z [BACKUP-SVC] metrics flush: 1524 points
2026-05-23T01:26:38Z [SCADA] metrics flush: 1221 points
2026-05-23T10:52:37Z [BACKUP-SVC] backup written to /mnt/nas/daily_2026-05-17.tar.gz
2026-05-23T04:11:02Z [BACKUP-SVC] memory pressure: 3137 MB free
2026-05-23T17:28:26Z [ERP-BRIDGE] backup written to /mnt/nas/daily_2026-05-05.tar.gz
2026-05-23T22:20:03Z [ERP-BRIDGE] config sync OK
2026-05-23T12:22:58Z [FIREWALL] config sync OK
2026-05-23T02:49:47Z [MES] user session 137: login from 10.0.0.38
2026-05-23T00:07:06Z [BACKUP-SVC] disk usage: 53%
2026-05-23T13:36:22Z [BACKUP-SVC] memory pressure: 1943 MB free
2026-05-23T09:26:09Z [FIREWALL] memory pressure: 1992 MB free
2026-05-23T20:17:45Z [ERP-BRIDGE] backup written to /mnt/nas/daily_2026-05-01.tar.gz
2026-05-23T13:41:22Z [MES] metrics flush: 4099 points
2026-05-23T17:14:43Z [METRICS-AGENT] connection pool: 84/100
2026-05-23T04:00:26Z [SCADA] config sync OK
2026-05-23T18:26:27Z [ERP-BRIDGE] health check passed
2026-05-23T14:36:46Z [FIREWALL] backup written to /mnt/nas/daily_2026-05-17.tar.gz
2026-05-23T03:59:16Z [ERP-BRIDGE] memory pressure: 1563 MB free
2026-05-23T00:55:55Z [FIREWALL] certificate expiry check: 318 days remaining
2026-05-23T15:29:42Z [METRICS-AGENT] disk usage: 70%
2026-05-23T13:28:25Z [MES] backup written to /mnt/nas/daily_2026-05-05.tar.gz
2026-05-23T06:50:27Z [FIREWALL] backup written to /mnt/nas/daily_2026-05-16.tar.gz
2026-05-23T11:23:14Z [MES] health check passed
2026-05-23T02:16:33Z [ERP-BRIDGE] connection pool: 26/100
2026-05-23T15:46:48Z [SCADA] user session 662: login from 10.0.0.62
2026-05-23T07:46:47Z [ERP-BRIDGE] user session 461: login from 10.0.0.165
2026-05-23T18:12:28Z [BACKUP-SVC] config sync OK
2026-05-23T08:38:43Z [SCADA] config sync OK
2026-05-23T07:44:16Z [FIREWALL] backup written to /mnt/nas/daily_2026-05-15.tar.gz
2026-05-23T16:31:32Z [SCADA] user session 863: login from 10.0.0.107
2026-05-23T15:12:05Z [FIREWALL] health check passed
2026-05-23T12:20:15Z [SCADA] certificate expiry check: 159 days remaining
2026-05-23T23:17:51Z [BACKUP-SVC] certificate expiry check: 162 days remaining
2026-05-23T23:50:00Z [FIREWALL] connection pool: 57/100
2026-05-23T15:14:42Z [SCADA] metrics flush: 1864 points
2026-05-23T23:48:26Z [FIREWALL] user session 681: login from 10.0.0.207
2026-05-23T00:48:54Z [ERP-BRIDGE] metrics flush: 4861 points
2026-05-23T07:05:08Z [FIREWALL] disk usage: 52%
2026-05-23T05:05:18Z [SCADA] config sync OK
2026-05-23T19:05:13Z [METRICS-AGENT] certificate expiry check: 347 days remaining
2026-05-23T15:26:21Z [BACKUP-SVC] user session 939: login from 10.0.0.108
2026-05-23T21:04:48Z [ERP-BRIDGE] metrics flush: 2810 points
2026-05-23T03:49:08Z [SCADA] disk usage: 79%
2026-05-23T13:42:52Z [FIREWALL] config sync OK
2026-05-23T13:05:30Z [SCADA] memory pressure: 3392 MB free
2026-05-23T21:32:37Z [ERP-BRIDGE] metrics flush: 1634 points
2026-05-23T19:50:16Z [SCADA] metrics flush: 1288 points
2026-05-23T18:39:20Z [BACKUP-SVC] config sync OK
2026-05-23T04:16:34Z [ERP-BRIDGE] memory pressure: 3985 MB free
2026-05-23T19:23:03Z [SCADA] backup written to /mnt/nas/daily_2026-05-04.tar.gz
2026-05-23T14:42:22Z [METRICS-AGENT] connection pool: 60/100
2026-05-23T03:00:41Z [FIREWALL] disk usage: 75%
2026-05-23T21:50:14Z [MES] certificate expiry check: 47 days remaining
2026-05-23T08:25:39Z [METRICS-AGENT] health check passed
2026-05-23T00:54:35Z [METRICS-AGENT] config sync OK
2026-05-23T23:34:51Z [METRICS-AGENT] certificate expiry check: 227 days remaining
2026-05-23T09:16:54Z [ERP-BRIDGE] disk usage: 59%
2026-05-23T00:01:06Z [MES] certificate expiry check: 326 days remaining
2026-05-23T04:28:25Z [SCADA] backup written to /mnt/nas/daily_2026-05-01.tar.gz
2026-05-23T16:34:41Z [MES] metrics flush: 2108 points
2026-05-23T18:41:13Z [MES] user session 317: login from 10.0.0.37
2026-05-23T18:10:15Z [METRICS-AGENT] certificate expiry check: 343 days remaining
2026-05-23T20:58:51Z [FIREWALL] disk usage: 87%
2026-05-23T11:22:26Z [METRICS-AGENT] metrics flush: 2476 points
2026-05-23T11:39:33Z [BACKUP-SVC] config sync OK
2026-05-23T02:15:11Z [SCADA] backup written to /mnt/nas/daily_2026-05-10.tar.gz
2026-05-23T18:53:14Z [MES] metrics flush: 3214 points
2026-05-23T18:02:38Z [METRICS-AGENT] user session 972: login from 10.0.0.216
2026-05-23T21:00:56Z [BACKUP-SVC] backup written to /mnt/nas/daily_2026-05-01.tar.gz
2026-05-23T14:33:53Z [FIREWALL] config sync OK
2026-05-23T04:23:21Z [ERP-BRIDGE] user session 241: login from 10.0.0.27
2026-05-23T06:13:51Z [FIREWALL] metrics flush: 3208 points
2026-05-23T22:18:52Z [MES] certificate expiry check: 279 days remaining
2026-05-23T20:15:50Z [SCADA] connection pool: 87/100
2026-05-23T10:48:14Z [FIREWALL] metrics flush: 2752 points
2026-05-23T01:55:58Z [FIREWALL] config sync OK
2026-05-23T11:37:51Z [ERP-BRIDGE] user session 692: login from 10.0.0.131
2026-05-23T07:09:49Z [BACKUP-SVC] backup written to /mnt/nas/daily_2026-05-20.tar.gz
2026-05-23T13:23:03Z [BACKUP-SVC] health check passed
2026-05-23T05:25:06Z [BACKUP-SVC] memory pressure: 1220 MB free
2026-05-23T04:13:42Z [SCADA] backup written to /mnt/nas/daily_2026-05-17.tar.gz
2026-05-23T16:50:04Z [MES] certificate expiry check: 157 days remaining
2026-05-23T16:35:32Z [SCADA] certificate expiry check: 245 days remaining
2026-05-23T22:44:51Z [MES] backup written to /mnt/nas/daily_2026-05-01.tar.gz
2026-05-23T19:09:37Z [METRICS-AGENT] memory pressure: 917 MB free
2026-05-23T10:21:47Z [METRICS-AGENT] disk usage: 72%
2026-05-23T16:17:25Z [BACKUP-SVC] backup written to /mnt/nas/daily_2026-05-19.tar.gz
2026-05-23T12:47:06Z [ERP-BRIDGE] disk usage: 87%
2026-05-23T00:05:48Z [MES] connection pool: 67/100
2026-05-23T08:16:42Z [MES] memory pressure: 966 MB free
2026-05-23T01:30:15Z [SCADA] certificate expiry check: 60 days remaining
2026-05-23T00:52:43Z [ERP-BRIDGE] metrics flush: 960 points
2026-05-23T17:59:01Z [BACKUP-SVC] backup written to /mnt/nas/daily_2026-05-07.tar.gz
2026-05-23T07:39:15Z [SCADA] disk usage: 60%
2026-05-23T02:07:41Z [BACKUP-SVC] metrics flush: 4117 points
2026-05-23T01:42:30Z [METRICS-AGENT] backup written to /mnt/nas/daily_2026-05-04.tar.gz
2026-05-23T22:23:40Z [FIREWALL] metrics flush: 1319 points
2026-05-23T22:35:30Z [ERP-BRIDGE] user session 232: login from 10.0.0.45
2026-05-23T08:32:25Z [SCADA] backup written to /mnt/nas/daily_2026-05-09.tar.gz
2026-05-23T19:48:15Z [METRICS-AGENT] disk usage: 82%
2026-05-23T16:45:45Z [FIREWALL] health check passed
2026-05-23T04:49:14Z [BACKUP-SVC] health check passed
2026-05-23T18:48:13Z [METRICS-AGENT] backup written to /mnt/nas/daily_2026-05-04.tar.gz
2026-05-23T18:59:50Z [MES] config sync OK
2026-05-23T09:04:56Z [MES] config sync OK
2026-05-23T13:30:25Z [BACKUP-SVC] backup written to /mnt/nas/daily_2026-05-14.tar.gz
2026-05-23T03:57:42Z [ERP-BRIDGE] health check passed
2026-05-23T15:07:42Z [BACKUP-SVC] certificate expiry check: 346 days remaining
2026-05-23T19:29:24Z [METRICS-AGENT] backup written to /mnt/nas/daily_2026-05-02.tar.gz
2026-05-23T13:45:27Z [FIREWALL] config sync OK
2026-05-23T05:47:39Z [METRICS-AGENT] connection pool: 70/100
2026-05-23T06:19:35Z [SCADA] backup written to /mnt/nas/daily_2026-05-15.tar.gz
2026-05-23T22:15:24Z [METRICS-AGENT] metrics flush: 1066 points
2026-05-23T12:24:19Z [BACKUP-SVC] backup written to /mnt/nas/daily_2026-05-23.tar.gz
2026-05-23T03:00:01Z [MES] metrics flush: 2054 points
2026-05-23T19:16:02Z [ERP-BRIDGE] connection pool: 54/100
2026-05-23T17:59:15Z [SCADA] disk usage: 88%
2026-05-23T06:26:06Z [BACKUP-SVC] memory pressure: 3884 MB free
2026-05-23T01:40:12Z [SCADA] health check passed
2026-05-23T17:12:11Z [MES] backup written to /mnt/nas/daily_2026-05-14.tar.gz
2026-05-23T02:44:36Z [FIREWALL] health check passed
2026-05-23T08:43:00Z [BACKUP-SVC] certificate expiry check: 226 days remaining
2026-05-23T19:38:31Z [MES] disk usage: 41%
2026-05-23T20:39:30Z [ERP-BRIDGE] certificate expiry check: 133 days remaining
2026-05-23T13:14:07Z [MES] health check passed
2026-05-23T18:20:28Z [MES] health check passed
2026-05-23T20:50:58Z [SCADA] health check passed
2026-05-23T13:13:22Z [SCADA] config sync OK
2026-05-23T07:51:55Z [BACKUP-SVC] certificate expiry check: 25 days remaining
2026-05-23T23:25:39Z [METRICS-AGENT] user session 584: login from 10.0.0.177
2026-05-23T02:26:02Z [SCADA] memory pressure: 4077 MB free
2026-05-23T05:20:52Z [METRICS-AGENT] certificate expiry check: 325 days remaining
2026-05-23T23:29:39Z [FIREWALL] certificate expiry check: 131 days remaining
2026-05-23T08:53:28Z [FIREWALL] user session 463: login from 10.0.0.179
2026-05-23T08:47:06Z [BACKUP-SVC] certificate expiry check: 30 days remaining
2026-05-23T21:14:03Z [MES] disk usage: 57%
2026-05-23T11:00:07Z [FIREWALL] config sync OK
2026-05-23T19:54:30Z [SCADA] backup written to /mnt/nas/daily_2026-05-04.tar.gz
2026-05-23T02:55:38Z [MES] memory pressure: 3068 MB free
2026-05-23T02:38:41Z [FIREWALL] health check passed
2026-05-23T08:25:29Z [FIREWALL] connection pool: 16/100
2026-05-23T06:19:44Z [SCADA] user session 603: login from 10.0.0.232
2026-05-23T16:30:09Z [METRICS-AGENT] certificate expiry check: 223 days remaining
2026-05-23T20:15:07Z [MES] certificate expiry check: 341 days remaining
2026-05-23T00:54:49Z [BACKUP-SVC] user session 840: login from 10.0.0.107
2026-05-23T01:43:18Z [FIREWALL] backup written to /mnt/nas/daily_2026-05-21.tar.gz
2026-05-23T08:10:58Z [FIREWALL] certificate expiry check: 339 days remaining
2026-05-23T20:51:19Z [MES] memory pressure: 1517 MB free
2026-05-23T09:37:47Z [FIREWALL] certificate expiry check: 137 days remaining
2026-05-23T08:01:13Z [BACKUP-SVC] disk usage: 87%
2026-05-23T05:00:19Z [ERP-BRIDGE] metrics flush: 1644 points
2026-05-23T19:14:29Z [MES] disk usage: 66%
2026-05-23T22:58:15Z [FIREWALL] disk usage: 53%
2026-05-23T05:10:23Z [SCADA] memory pressure: 2398 MB free
2026-05-23T20:09:22Z [SCADA] metrics flush: 5000 points
2026-05-23T02:54:01Z [BACKUP-SVC] metrics flush: 2504 points
2026-05-23T09:15:48Z [METRICS-AGENT] memory pressure: 1558 MB free
2026-05-23T20:21:55Z [ERP-BRIDGE] user session 830: login from 10.0.0.53
2026-05-23T08:00:30Z [FIREWALL] config sync OK
2026-05-23T17:33:09Z [FIREWALL] memory pressure: 2834 MB free
2026-05-23T17:05:32Z [MES] certificate expiry check: 263 days remaining
2026-05-23T12:16:54Z [BACKUP-SVC] backup written to /mnt/nas/daily_2026-05-16.tar.gz
2026-05-23T18:46:02Z [SCADA] user session 767: login from 10.0.0.239
2026-05-23T10:47:11Z [BACKUP-SVC] connection pool: 87/100
2026-05-23T11:36:48Z [BACKUP-SVC] certificate expiry check: 104 days remaining
2026-05-23T11:45:09Z [BACKUP-SVC] disk usage: 54%
2026-05-23T07:42:49Z [MES] certificate expiry check: 69 days remaining
2026-05-23T11:18:16Z [METRICS-AGENT] memory pressure: 1429 MB free
2026-05-23T07:57:20Z [ERP-BRIDGE] metrics flush: 3537 points
2026-05-23T21:58:30Z [METRICS-AGENT] disk usage: 55%
2026-05-23T16:11:05Z [METRICS-AGENT] memory pressure: 3321 MB free
2026-05-23T23:47:38Z [ERP-BRIDGE] metrics flush: 1173 points
2026-05-23T05:04:31Z [SCADA] config sync OK
2026-05-23T07:43:13Z [ERP-BRIDGE] user session 985: login from 10.0.0.184
2026-05-23T21:25:54Z [METRICS-AGENT] memory pressure: 3344 MB free
2026-05-23T06:44:07Z [ERP-BRIDGE] health check passed
2026-05-23T20:51:22Z [METRICS-AGENT] config sync OK
2026-05-23T08:56:55Z [METRICS-AGENT] connection pool: 7/100
2026-05-23T14:32:39Z [FIREWALL] backup written to /mnt/nas/daily_2026-05-09.tar.gz
2026-05-23T17:08:08Z [FIREWALL] connection pool: 69/100
2026-05-23T13:01:39Z [METRICS-AGENT] connection pool: 34/100
2026-05-23T16:14:22Z [BACKUP-SVC] backup written to /mnt/nas/daily_2026-05-13.tar.gz
2026-05-23T11:37:29Z [METRICS-AGENT] user session 946: login from 10.0.0.209
2026-05-23T18:16:08Z [FIREWALL] certificate expiry check: 301 days remaining
2026-05-23T08:47:31Z [ERP-BRIDGE] disk usage: 68%
2026-05-23T00:13:23Z [BACKUP-SVC] config sync OK
2026-05-23T23:20:46Z [ERP-BRIDGE] connection pool: 10/100
2026-05-23T17:56:35Z [FIREWALL] user session 245: login from 10.0.0.44
2026-05-23T21:02:49Z [MES] config sync OK
2026-05-23T20:59:40Z [BACKUP-SVC] connection pool: 42/100
2026-05-23T20:27:19Z [ERP-BRIDGE] connection pool: 89/100
2026-05-23T10:36:54Z [MES] disk usage: 79%
2026-05-23T02:02:06Z [MES] health check passed
2026-05-23T14:53:10Z [SCADA] health check passed
2026-05-23T04:47:27Z [BACKUP-SVC] memory pressure: 3232 MB free
2026-05-23T11:04:38Z [ERP-BRIDGE] connection pool: 25/100
2026-05-23T02:26:34Z [ERP-BRIDGE] user session 280: login from 10.0.0.7
2026-05-23T02:58:19Z [BACKUP-SVC] config sync OK
2026-05-23T09:58:17Z [ERP-BRIDGE] health check passed
2026-05-23T17:15:21Z [FIREWALL] connection pool: 11/100
2026-05-23T08:40:53Z [FIREWALL] connection pool: 51/100
2026-05-23T23:08:53Z [ERP-BRIDGE] backup written to /mnt/nas/daily_2026-05-08.tar.gz
2026-05-23T21:12:16Z [FIREWALL] health check passed
2026-05-23T11:11:08Z [ERP-BRIDGE] disk usage: 74%
2026-05-23T17:38:10Z [METRICS-AGENT] config sync OK
2026-05-23T06:18:56Z [MES] user session 845: login from 10.0.0.96
2026-05-23T20:04:42Z [MES] user session 744: login from 10.0.0.52
2026-05-23T18:16:03Z [METRICS-AGENT] config sync OK
2026-05-23T04:09:45Z [FIREWALL] config sync OK
2026-05-23T07:21:44Z [ERP-BRIDGE] config sync OK
2026-05-23T21:29:52Z [FIREWALL] metrics flush: 1948 points
2026-05-23T13:05:22Z [BACKUP-SVC] certificate expiry check: 21 days remaining
2026-05-23T01:14:30Z [BACKUP-SVC] health check passed
2026-05-23T00:33:17Z [MES] metrics flush: 4887 points
2026-05-23T03:44:14Z [ERP-BRIDGE] memory pressure: 1988 MB free
2026-05-23T16:57:44Z [METRICS-AGENT] disk usage: 45%
2026-05-23T05:39:17Z [METRICS-AGENT] config sync OK
2026-05-23T01:25:25Z [SCADA] metrics flush: 806 points
2026-05-23T19:22:55Z [MES] memory pressure: 2540 MB free
2026-05-23T14:48:18Z [METRICS-AGENT] certificate expiry check: 64 days remaining
2026-05-23T15:27:47Z [BACKUP-SVC] metrics flush: 3763 points
2026-05-23T18:30:02Z [METRICS-AGENT] metrics flush: 920 points
2026-05-23T09:06:37Z [METRICS-AGENT] disk usage: 87%
2026-05-23T22:31:40Z [MES] metrics flush: 2791 points
2026-05-23T21:11:19Z [MES] config sync OK
2026-05-23T16:40:33Z [METRICS-AGENT] user session 605: login from 10.0.0.62
2026-05-23T04:05:03Z [MES] metrics flush: 804 points
2026-05-23T00:04:36Z [SCADA] certificate expiry check: 151 days remaining
2026-05-23T15:24:29Z [BACKUP-SVC] health check passed
2026-05-23T03:50:48Z [FIREWALL] memory pressure: 921 MB free
2026-05-23T13:12:34Z [ERP-BRIDGE] user session 982: login from 10.0.0.42
2026-05-23T08:10:29Z [SCADA] disk usage: 42%
2026-05-23T04:34:23Z [METRICS-AGENT] config sync OK
2026-05-23T09:17:52Z [MES] backup written to /mnt/nas/daily_2026-05-05.tar.gz
2026-05-23T08:08:58Z [SCADA] certificate expiry check: 162 days remaining
2026-05-23T23:17:42Z [METRICS-AGENT] health check passed
2026-05-23T00:29:35Z [MES] user session 715: login from 10.0.0.54
2026-05-23T12:23:09Z [ERP-BRIDGE] backup written to /mnt/nas/daily_2026-05-04.tar.gz
2026-05-23T10:01:45Z [BACKUP-SVC] config sync OK
2026-05-23T00:33:51Z [METRICS-AGENT] disk usage: 79%
2026-05-23T01:10:59Z [SCADA] backup written to /mnt/nas/daily_2026-05-01.tar.gz
2026-05-23T09:23:18Z [MES] config sync OK
2026-05-23T04:06:24Z [BACKUP-SVC] disk usage: 46%
2026-05-23T22:02:56Z [METRICS-AGENT] health check passed
2026-05-23T12:21:52Z [MES] config sync OK
2026-05-23T02:46:31Z [FIREWALL] metrics flush: 855 points
2026-05-23T13:33:45Z [METRICS-AGENT] metrics flush: 1152 points
2026-05-23T00:34:34Z [FIREWALL] health check passed
2026-05-23T05:06:39Z [ERP-BRIDGE] disk usage: 68%
2026-05-23T23:37:10Z [BACKUP-SVC] disk usage: 80%
2026-05-23T15:19:01Z [MES] user session 465: login from 10.0.0.99
2026-05-23T01:12:29Z [FIREWALL] config sync OK
2026-05-23T17:45:29Z [METRICS-AGENT] certificate expiry check: 174 days remaining
2026-05-23T19:03:44Z [MES] connection pool: 55/100
2026-05-23T19:34:35Z [METRICS-AGENT] metrics flush: 2834 points
2026-05-23T16:17:29Z [METRICS-AGENT] metrics flush: 1310 points
2026-05-23T07:42:38Z [BACKUP-SVC] certificate expiry check: 11 days remaining
2026-05-23T17:49:56Z [FIREWALL] memory pressure: 2129 MB free
2026-05-23T13:31:42Z [SCADA] memory pressure: 3112 MB free
2026-05-23T15:10:26Z [FIREWALL] disk usage: 43%
2026-05-23T19:00:28Z [FIREWALL] disk usage: 78%
2026-05-23T16:22:42Z [MES] disk usage: 90%
2026-05-23T17:27:35Z [ERP-BRIDGE] metrics flush: 4268 points
2026-05-23T10:51:01Z [MES] user session 132: login from 10.0.0.72
2026-05-23T11:15:35Z [SCADA] health check passed
2026-05-23T00:28:10Z [FIREWALL] backup written to /mnt/nas/daily_2026-05-09.tar.gz
2026-05-23T13:07:29Z [BACKUP-SVC] health check passed
2026-05-23T00:44:43Z [METRICS-AGENT] connection pool: 77/100
2026-05-23T13:12:40Z [FIREWALL] health check passed
2026-05-23T15:14:07Z [METRICS-AGENT] certificate expiry check: 237 days remaining
2026-05-23T14:48:07Z [METRICS-AGENT] disk usage: 71%
2026-05-23T23:30:29Z [METRICS-AGENT] backup written to /mnt/nas/daily_2026-05-01.tar.gz
2026-05-23T13:07:18Z [ERP-BRIDGE] connection pool: 13/100
2026-05-23T11:36:53Z [FIREWALL] connection pool: 20/100
2026-05-23T03:42:47Z [METRICS-AGENT] connection pool: 65/100
2026-05-23T02:10:56Z [MES] certificate expiry check: 73 days remaining
2026-05-23T14:14:16Z [MES] memory pressure: 1540 MB free
2026-05-23T18:51:39Z [MES] config sync OK
2026-05-23T23:21:34Z [MES] memory pressure: 1298 MB free
2026-05-23T21:50:22Z [MES] config sync OK
2026-05-23T10:19:02Z [BACKUP-SVC] backup written to /mnt/nas/daily_2026-05-07.tar.gz
2026-05-23T03:30:06Z [METRICS-AGENT] config sync OK
2026-05-23T14:08:32Z [FIREWALL] memory pressure: 3927 MB free
2026-05-23T03:45:14Z [BACKUP-SVC] user session 891: login from 10.0.0.8
2026-05-23T11:34:21Z [ERP-BRIDGE] health check passed
2026-05-23T01:10:04Z [FIREWALL] user session 188: login from 10.0.0.223
2026-05-23T05:40:48Z [METRICS-AGENT] health check passed
2026-05-23T06:09:30Z [METRICS-AGENT] certificate expiry check: 188 days remaining
2026-05-23T12:29:41Z [FIREWALL] user session 244: login from 10.0.0.101
2026-05-23T17:36:54Z [BACKUP-SVC] config sync OK
2026-05-23T23:28:05Z [FIREWALL] disk usage: 70%
2026-05-23T22:08:55Z [MES] health check passed
2026-05-23T09:03:20Z [ERP-BRIDGE] certificate expiry check: 89 days remaining
2026-05-23T20:49:39Z [METRICS-AGENT] memory pressure: 1819 MB free
2026-05-23T09:15:23Z [METRICS-AGENT] config sync OK
2026-05-23T20:53:40Z [BACKUP-SVC] metrics flush: 3067 points
2026-05-23T22:00:07Z [SCADA] health check passed
2026-05-23T00:49:45Z [MES] metrics flush: 4152 points
2026-05-23T20:46:07Z [BACKUP-SVC] connection pool: 80/100
2026-05-23T06:49:59Z [METRICS-AGENT] disk usage: 78%
2026-05-23T20:13:32Z [METRICS-AGENT] disk usage: 75%
2026-05-23T22:16:08Z [ERP-BRIDGE] health check passed
2026-05-23T10:02:45Z [SCADA] health check passed
2026-05-23T19:00:27Z [BACKUP-SVC] disk usage: 62%
2026-05-23T02:23:45Z [BACKUP-SVC] metrics flush: 4644 points
2026-05-23T06:41:55Z [METRICS-AGENT] connection pool: 85/100
2026-05-23T02:41:08Z [METRICS-AGENT] health check passed
2026-05-23T01:16:53Z [ERP-BRIDGE] config sync OK
2026-05-23T11:11:29Z [METRICS-AGENT] user session 213: login from 10.0.0.48
2026-05-23T15:55:49Z [SCADA] backup written to /mnt/nas/daily_2026-05-09.tar.gz
2026-05-23T00:36:54Z [BACKUP-SVC] health check passed
2026-05-23T09:35:15Z [SCADA] backup written to /mnt/nas/daily_2026-05-23.tar.gz
2026-05-23T16:39:58Z [MES] memory pressure: 2297 MB free
2026-05-23T15:41:29Z [SCADA] health check passed
2026-05-23T00:31:47Z [MES] backup written to /mnt/nas/daily_2026-05-03.tar.gz
2026-05-23T19:51:57Z [SCADA] backup written to /mnt/nas/daily_2026-05-17.tar.gz
2026-05-23T01:29:02Z [BACKUP-SVC] metrics flush: 1508 points
2026-05-23T14:20:14Z [MES] metrics flush: 3049 points
2026-05-23T21:30:34Z [ERP-BRIDGE] disk usage: 55%
2026-05-23T20:55:46Z [METRICS-AGENT] certificate expiry check: 108 days remaining
2026-05-23T15:19:41Z [METRICS-AGENT] connection pool: 61/100
2026-05-23T06:08:45Z [ERP-BRIDGE] config sync OK
2026-05-23T16:46:12Z [FIREWALL] connection pool: 69/100
2026-05-23T17:37:07Z [METRICS-AGENT] backup written to /mnt/nas/daily_2026-05-20.tar.gz
2026-05-23T07:12:11Z [METRICS-AGENT] disk usage: 86%
2026-05-23T20:25:01Z [METRICS-AGENT] connection pool: 60/100
2026-05-23T15:33:33Z [ERP-BRIDGE] connection pool: 81/100
2026-05-23T02:14:45Z [ERP-BRIDGE] backup written to /mnt/nas/daily_2026-05-15.tar.gz
2026-05-23T03:44:52Z [SCADA] health check passed
2026-05-23T17:24:20Z [MES] backup written to /mnt/nas/daily_2026-05-23.tar.gz
2026-05-23T14:35:22Z [METRICS-AGENT] backup written to /mnt/nas/daily_2026-05-23.tar.gz
2026-05-23T00:57:57Z [SCADA] connection pool: 87/100
2026-05-23T22:54:00Z [BACKUP-SVC] disk usage: 54%
2026-05-23T02:57:28Z [SCADA] certificate expiry check: 349 days remaining
2026-05-23T03:11:35Z [ERP-BRIDGE] disk usage: 55%
2026-05-23T16:50:41Z [SCADA] health check passed
2026-05-23T15:33:25Z [METRICS-AGENT] certificate expiry check: 237 days remaining
2026-05-23T17:31:30Z [ERP-BRIDGE] connection pool: 31/100
2026-05-23T09:28:12Z [MES] backup written to /mnt/nas/daily_2026-05-01.tar.gz
2026-05-23T02:08:57Z [METRICS-AGENT] connection pool: 80/100
2026-05-23T03:42:11Z [BACKUP-SVC] backup written to /mnt/nas/daily_2026-05-02.tar.gz
2026-05-23T10:12:22Z [SCADA] certificate expiry check: 88 days remaining
2026-05-23T18:31:09Z [METRICS-AGENT] disk usage: 70%
2026-05-23T12:01:09Z [SCADA] health check passed
2026-05-23T20:07:52Z [FIREWALL] connection pool: 63/100
2026-05-23T11:13:29Z [METRICS-AGENT] user session 923: login from 10.0.0.5
2026-05-23T03:33:04Z [BACKUP-SVC] disk usage: 83%
2026-05-23T13:35:45Z [METRICS-AGENT] user session 242: login from 10.0.0.37
2026-05-23T11:48:20Z [FIREWALL] backup written to /mnt/nas/daily_2026-05-13.tar.gz
2026-05-23T21:06:51Z [ERP-BRIDGE] metrics flush: 1443 points
2026-05-23T14:44:40Z [SCADA] health check passed
2026-05-23T13:23:39Z [SCADA] config sync OK
2026-05-23T02:11:05Z [FIREWALL] user session 485: login from 10.0.0.54
2026-05-23T06:58:51Z [ERP-BRIDGE] certificate expiry check: 342 days remaining
2026-05-23T15:28:39Z [FIREWALL] memory pressure: 1203 MB free
2026-05-23T10:43:07Z [ERP-BRIDGE] config sync OK
2026-05-23T01:34:13Z [SCADA] user session 488: login from 10.0.0.244
2026-05-23T17:13:52Z [ERP-BRIDGE] disk usage: 41%
2026-05-23T23:52:46Z [BACKUP-SVC] health check passed
2026-05-23T00:21:22Z [MES] user session 966: login from 10.0.0.113
2026-05-23T00:47:10Z [BACKUP-SVC] connection pool: 73/100
2026-05-23T04:11:54Z [ERP-BRIDGE] disk usage: 52%
2026-05-23T23:28:48Z [MES] certificate expiry check: 287 days remaining
2026-05-23T14:10:30Z [METRICS-AGENT] disk usage: 40%
2026-05-23T00:39:18Z [SCADA] metrics flush: 4238 points
2026-05-23T23:20:12Z [BACKUP-SVC] user session 814: login from 10.0.0.117
2026-05-23T19:32:41Z [ERP-BRIDGE] config sync OK
2026-05-23T03:16:20Z [MES] disk usage: 67%
2026-05-23T13:41:55Z [BACKUP-SVC] memory pressure: 3766 MB free
2026-05-23T02:21:34Z [METRICS-AGENT] user session 263: login from 10.0.0.104
2026-05-23T03:18:58Z [ERP-BRIDGE] health check passed
2026-05-23T15:27:33Z [METRICS-AGENT] health check passed
2026-05-23T01:31:29Z [MES] health check passed
2026-05-23T07:17:56Z [FIREWALL] backup written to /mnt/nas/daily_2026-05-17.tar.gz
2026-05-23T07:30:25Z [SCADA] health check passed
2026-05-23T20:12:13Z [ERP-BRIDGE] metrics flush: 2600 points
2026-05-23T10:46:59Z [METRICS-AGENT] backup written to /mnt/nas/daily_2026-05-11.tar.gz
2026-05-23T18:24:40Z [METRICS-AGENT] user session 409: login from 10.0.0.88
2026-05-23T04:32:28Z [BACKUP-SVC] disk usage: 40%
2026-05-23T15:41:21Z [MES] backup written to /mnt/nas/daily_2026-05-12.tar.gz
2026-05-23T09:06:56Z [FIREWALL] disk usage: 48%
2026-05-23T22:55:19Z [ERP-BRIDGE] certificate expiry check: 232 days remaining
2026-05-23T04:23:36Z [METRICS-AGENT] disk usage: 47%
2026-05-23T00:08:35Z [BACKUP-SVC] connection pool: 27/100
2026-05-23T01:06:48Z [FIREWALL] disk usage: 87%
2026-05-23T16:44:22Z [ERP-BRIDGE] metrics flush: 2133 points
2026-05-23T01:22:39Z [METRICS-AGENT] user session 449: login from 10.0.0.252
2026-05-23T00:22:36Z [FIREWALL] backup written to /mnt/nas/daily_2026-05-13.tar.gz
2026-05-23T22:54:37Z [BACKUP-SVC] memory pressure: 4074 MB free
2026-05-23T22:03:27Z [BACKUP-SVC] backup written to /mnt/nas/daily_2026-05-20.tar.gz
2026-05-23T00:45:45Z [BACKUP-SVC] memory pressure: 3014 MB free
2026-05-23T03:25:58Z [FIREWALL] user session 669: login from 10.0.0.46
2026-05-23T19:52:50Z [ERP-BRIDGE] backup written to /mnt/nas/daily_2026-05-11.tar.gz
2026-05-23T11:58:51Z [SCADA] disk usage: 48%
2026-05-23T07:41:57Z [ERP-BRIDGE] backup written to /mnt/nas/daily_2026-05-19.tar.gz
2026-05-23T14:33:59Z [FIREWALL] disk usage: 49%
2026-05-23T18:18:38Z [METRICS-AGENT] user session 792: login from 10.0.0.226
2026-05-23T14:35:14Z [SCADA] certificate expiry check: 46 days remaining
2026-05-23T03:41:49Z [BACKUP-SVC] backup written to /mnt/nas/daily_2026-05-02.tar.gz
2026-05-23T23:45:07Z [MES] backup written to /mnt/nas/daily_2026-05-03.tar.gz
2026-05-23T20:34:17Z [FIREWALL] metrics flush: 1139 points
2026-05-23T18:59:54Z [MES] certificate expiry check: 285 days remaining
2026-05-23T07:24:33Z [FIREWALL] config sync OK
2026-05-23T23:01:13Z [METRICS-AGENT] connection pool: 9/100
2026-05-23T06:55:59Z [METRICS-AGENT] certificate expiry check: 53 days remaining
2026-05-23T17:29:41Z [SCADA] backup written to /mnt/nas/daily_2026-05-04.tar.gz
2026-05-23T20:00:02Z [ERP-BRIDGE] metrics flush: 4444 points
2026-05-23T10:28:17Z [METRICS-AGENT] metrics flush: 1686 points
2026-05-23T20:34:19Z [MES] health check passed
2026-05-23T23:29:42Z [ERP-BRIDGE] certificate expiry check: 15 days remaining
2026-05-23T22:13:31Z [MES] connection pool: 81/100
2026-05-23T23:01:27Z [ERP-BRIDGE] memory pressure: 3908 MB free
2026-05-23T06:25:55Z [FIREWALL] memory pressure: 2054 MB free
2026-05-23T07:14:27Z [METRICS-AGENT] metrics flush: 2431 points
2026-05-23T05:44:10Z [METRICS-AGENT] memory pressure: 3663 MB free
2026-05-23T07:57:40Z [SCADA] disk usage: 54%
2026-05-23T15:27:17Z [BACKUP-SVC] backup written to /mnt/nas/daily_2026-05-09.tar.gz
2026-05-23T21:57:07Z [BACKUP-SVC] certificate expiry check: 255 days remaining
2026-05-23T20:58:41Z [SCADA] certificate expiry check: 181 days remaining
2026-05-23T13:15:25Z [METRICS-AGENT] health check passed
2026-05-23T04:44:18Z [FIREWALL] metrics flush: 1297 points
2026-05-23T20:49:32Z [FIREWALL] disk usage: 74%
2026-05-23T11:50:35Z [METRICS-AGENT] health check passed
2026-05-23T17:18:40Z [FIREWALL] user session 631: login from 10.0.0.139
2026-05-23T05:29:45Z [FIREWALL] backup written to /mnt/nas/daily_2026-05-18.tar.gz
2026-05-23T13:51:11Z [METRICS-AGENT] disk usage: 66%
2026-05-23T12:25:41Z [BACKUP-SVC] health check passed
2026-05-23T23:19:37Z [MES] metrics flush: 3994 points
2026-05-23T01:31:01Z [MES] user session 859: login from 10.0.0.202
2026-05-23T23:39:54Z [FIREWALL] health check passed
2026-05-23T16:37:31Z [MES] metrics flush: 2708 points
2026-05-23T16:36:46Z [FIREWALL] memory pressure: 2812 MB free
2026-05-23T06:04:46Z [BACKUP-SVC] connection pool: 75/100
2026-05-23T11:45:24Z [ERP-BRIDGE] metrics flush: 2524 points
2026-05-23T09:28:21Z [BACKUP-SVC] user session 166: login from 10.0.0.103
2026-05-23T13:37:40Z [BACKUP-SVC] connection pool: 45/100
2026-05-23T21:18:07Z [METRICS-AGENT] metrics flush: 1280 points
2026-05-23T19:21:58Z [BACKUP-SVC] disk usage: 53%
2026-05-23T01:45:31Z [METRICS-AGENT] disk usage: 87%
2026-05-23T06:20:20Z [FIREWALL] disk usage: 89%
2026-05-23T01:24:16Z [ERP-BRIDGE] health check passed
2026-05-23T02:15:38Z [BACKUP-SVC] config sync OK
2026-05-23T15:47:06Z [MES] backup written to /mnt/nas/daily_2026-05-23.tar.gz
2026-05-23T00:51:01Z [FIREWALL] connection pool: 72/100
2026-05-23T05:16:11Z [ERP-BRIDGE] disk usage: 69%
2026-05-23T01:53:42Z [SCADA] backup written to /mnt/nas/daily_2026-05-02.tar.gz
2026-05-23T07:10:33Z [ERP-BRIDGE] connection pool: 76/100
2026-05-23T19:01:11Z [ERP-BRIDGE] metrics flush: 4788 points
2026-05-23T00:59:57Z [METRICS-AGENT] certificate expiry check: 289 days remaining
2026-05-23T04:57:25Z [FIREWALL] metrics flush: 3286 points
2026-05-23T22:11:19Z [BACKUP-SVC] metrics flush: 1166 points
2026-05-23T15:23:58Z [SCADA] config sync OK
2026-05-23T23:16:16Z [SCADA] connection pool: 33/100
2026-05-23T08:33:46Z [BACKUP-SVC] memory pressure: 1492 MB free
2026-05-23T05:53:33Z [BACKUP-SVC] user session 142: login from 10.0.0.73
2026-05-23T18:30:17Z [METRICS-AGENT] user session 968: login from 10.0.0.185
2026-05-23T01:29:50Z [FIREWALL] config sync OK
2026-05-23T02:14:48Z [MES] memory pressure: 3870 MB free
2026-05-23T15:05:10Z [SCADA] memory pressure: 960 MB free
2026-05-23T05:14:09Z [METRICS-AGENT] metrics flush: 3319 points
2026-05-23T20:17:48Z [METRICS-AGENT] disk usage: 71%
2026-05-23T19:12:35Z [ERP-BRIDGE] health check passed
2026-05-23T18:30:00Z [FIREWALL] certificate expiry check: 352 days remaining
2026-05-23T13:55:03Z [FIREWALL] config sync OK
2026-05-23T22:19:30Z [ERP-BRIDGE] metrics flush: 2002 points
2026-05-23T19:14:01Z [METRICS-AGENT] backup written to /mnt/nas/daily_2026-05-21.tar.gz
2026-05-23T03:48:42Z [METRICS-AGENT] connection pool: 35/100
2026-05-23T03:40:14Z [MES] connection pool: 44/100
2026-05-23T06:38:19Z [METRICS-AGENT] disk usage: 52%
2026-05-23T11:24:59Z [FIREWALL] user session 792: login from 10.0.0.187
2026-05-23T22:01:12Z [SCADA] certificate expiry check: 14 days remaining
2026-05-23T16:02:49Z [FIREWALL] backup written to /mnt/nas/daily_2026-05-09.tar.gz
2026-05-23T17:11:50Z [FIREWALL] metrics flush: 4193 points
2026-05-23T02:40:56Z [SCADA] certificate expiry check: 150 days remaining
2026-05-23T07:55:19Z [ERP-BRIDGE] metrics flush: 2235 points
2026-05-23T03:09:36Z [BACKUP-SVC] health check passed
2026-05-23T18:07:27Z [SCADA] health check passed
2026-05-23T06:39:02Z [MES] metrics flush: 4721 points
2026-05-23T12:32:00Z [BACKUP-SVC] backup written to /mnt/nas/daily_2026-05-01.tar.gz
2026-05-23T05:31:55Z [MES] health check passed
2026-05-23T10:22:36Z [FIREWALL] memory pressure: 3200 MB free
2026-05-23T08:27:39Z [SCADA] metrics flush: 3365 points
2026-05-23T15:41:37Z [SCADA] config sync OK
2026-05-23T14:05:16Z [METRICS-AGENT] connection pool: 39/100
2026-05-23T02:07:15Z [METRICS-AGENT] health check passed
2026-05-23T23:26:06Z [METRICS-AGENT] user session 953: login from 10.0.0.180
2026-05-23T05:19:49Z [SCADA] user session 656: login from 10.0.0.101
2026-05-23T14:44:09Z [ERP-BRIDGE] certificate expiry check: 101 days remaining
2026-05-23T12:00:50Z [FIREWALL] health check passed
2026-05-23T02:50:42Z [SCADA] memory pressure: 1316 MB free
2026-05-23T18:46:59Z [BACKUP-SVC] certificate expiry check: 301 days remaining
2026-05-23T12:33:36Z [MES] health check passed
2026-05-23T12:22:12Z [SCADA] connection pool: 16/100
2026-05-23T08:07:13Z [FIREWALL] metrics flush: 1007 points
2026-05-23T03:00:11Z [ERP-BRIDGE] backup written to /mnt/nas/daily_2026-05-02.tar.gz
2026-05-23T08:09:54Z [METRICS-AGENT] config sync OK
2026-05-23T05:14:48Z [SCADA] metrics flush: 2242 points
2026-05-23T05:17:52Z [BACKUP-SVC] config sync OK
2026-05-23T11:20:56Z [ERP-BRIDGE] certificate expiry check: 363 days remaining
2026-05-23T00:37:39Z [ERP-BRIDGE] memory pressure: 1665 MB free
2026-05-23T16:34:51Z [ERP-BRIDGE] connection pool: 64/100
2026-05-23T13:50:08Z [FIREWALL] backup written to /mnt/nas/daily_2026-05-11.tar.gz
2026-05-23T12:07:08Z [ERP-BRIDGE] config sync OK
2026-05-23T02:31:56Z [MES] config sync OK
2026-05-23T23:52:04Z [BACKUP-SVC] user session 584: login from 10.0.0.217
2026-05-23T10:20:07Z [SCADA] disk usage: 47%
2026-05-23T01:49:49Z [FIREWALL] config sync OK
2026-05-23T18:22:48Z [SCADA] user session 495: login from 10.0.0.104
2026-05-23T03:43:46Z [SCADA] backup written to /mnt/nas/daily_2026-05-15.tar.gz
2026-05-23T20:03:09Z [MES] user session 147: login from 10.0.0.243
2026-05-23T05:51:38Z [BACKUP-SVC] backup written to /mnt/nas/daily_2026-05-04.tar.gz
2026-05-23T04:33:16Z [METRICS-AGENT] config sync OK
2026-05-23T02:01:37Z [SCADA] memory pressure: 4016 MB free
2026-05-23T06:42:40Z [FIREWALL] config sync OK
2026-05-23T21:21:38Z [SCADA] health check passed
2026-05-23T08:32:24Z [BACKUP-SVC] disk usage: 63%
2026-05-23T10:57:32Z [BACKUP-SVC] metrics flush: 969 points
2026-05-23T15:44:08Z [MES] connection pool: 62/100
2026-05-23T11:14:18Z [ERP-BRIDGE] metrics flush: 3978 points
2026-05-23T03:15:55Z [MES] disk usage: 86%
2026-05-23T04:46:05Z [SCADA] backup written to /mnt/nas/daily_2026-05-09.tar.gz
2026-05-23T13:35:29Z [BACKUP-SVC] connection pool: 45/100
2026-05-23T18:02:00Z [MES] memory pressure: 541 MB free
2026-05-23T15:30:58Z [METRICS-AGENT] backup written to /mnt/nas/daily_2026-05-01.tar.gz
2026-05-23T13:26:29Z [MES] health check passed
2026-05-23T15:56:14Z [METRICS-AGENT] user session 583: login from 10.0.0.65
2026-05-23T10:52:01Z [BACKUP-SVC] memory pressure: 2304 MB free
2026-05-23T04:01:43Z [METRICS-AGENT] certificate expiry check: 33 days remaining
2026-05-23T19:27:50Z [METRICS-AGENT] backup written to /mnt/nas/daily_2026-05-09.tar.gz
2026-05-23T01:18:33Z [METRICS-AGENT] certificate expiry check: 11 days remaining
2026-05-23T08:46:10Z [SCADA] backup written to /mnt/nas/daily_2026-05-02.tar.gz
2026-05-23T00:50:27Z [FIREWALL] backup written to /mnt/nas/daily_2026-05-19.tar.gz
2026-05-23T21:59:04Z [BACKUP-SVC] certificate expiry check: 324 days remaining
2026-05-23T19:05:16Z [FIREWALL] backup written to /mnt/nas/daily_2026-05-09.tar.gz
2026-05-23T04:28:13Z [METRICS-AGENT] user session 347: login from 10.0.0.124
2026-05-23T08:16:46Z [MES] memory pressure: 583 MB free
2026-05-23T06:02:34Z [ERP-BRIDGE] backup written to /mnt/nas/daily_2026-05-03.tar.gz
2026-05-23T14:15:12Z [MES] health check passed
2026-05-23T05:54:48Z [BACKUP-SVC] memory pressure: 813 MB free
2026-05-23T09:12:56Z [FIREWALL] connection pool: 41/100
2026-05-23T06:47:15Z [ERP-BRIDGE] backup written to /mnt/nas/daily_2026-05-03.tar.gz
2026-05-23T03:10:08Z [SCADA] certificate expiry check: 301 days remaining
2026-05-23T04:51:35Z [BACKUP-SVC] memory pressure: 3748 MB free
2026-05-23T09:39:59Z [MES] health check passed
2026-05-23T02:36:28Z [MES] certificate expiry check: 11 days remaining
2026-05-23T08:22:49Z [BACKUP-SVC] disk usage: 81%
2026-05-23T03:48:40Z [FIREWALL] memory pressure: 2498 MB free
2026-05-23T02:35:54Z [MES] certificate expiry check: 273 days remaining
2026-05-23T12:24:07Z [FIREWALL] connection pool: 5/100
2026-05-23T22:01:43Z [MES] connection pool: 8/100
2026-05-23T04:39:18Z [FIREWALL] config sync OK
2026-05-23T14:21:38Z [METRICS-AGENT] memory pressure: 1725 MB free
2026-05-23T04:45:45Z [BACKUP-SVC] metrics flush: 880 points
2026-05-23T22:37:43Z [METRICS-AGENT] connection pool: 16/100
2026-05-23T21:06:03Z [BACKUP-SVC] certificate expiry check: 348 days remaining
2026-05-23T14:02:24Z [FIREWALL] backup written to /mnt/nas/daily_2026-05-13.tar.gz
2026-05-23T15:41:46Z [SCADA] disk usage: 83%
2026-05-23T01:23:24Z [BACKUP-SVC] backup written to /mnt/nas/daily_2026-05-02.tar.gz
2026-05-23T10:20:08Z [FIREWALL] health check passed
2026-05-23T22:59:13Z [METRICS-AGENT] config sync OK
2026-05-23T23:04:44Z [FIREWALL] user session 598: login from 10.0.0.167
2026-05-23T11:15:46Z [MES] metrics flush: 4453 points
2026-05-23T03:53:28Z [BACKUP-SVC] config sync OK
2026-05-23T21:01:55Z [MES] connection pool: 16/100
2026-05-23T05:00:19Z [MES] user session 315: login from 10.0.0.175
2026-05-23T17:51:17Z [SCADA] config sync OK
2026-05-23T07:01:44Z [BACKUP-SVC] health check passed
2026-05-23T06:08:23Z [METRICS-AGENT] backup written to /mnt/nas/daily_2026-05-10.tar.gz
2026-05-23T18:52:08Z [MES] config sync OK
2026-05-23T13:35:04Z [BACKUP-SVC] config sync OK
2026-05-23T19:29:02Z [MES] connection pool: 66/100
2026-05-23T12:54:33Z [SCADA] config sync OK
2026-05-23T08:27:18Z [FIREWALL] certificate expiry check: 233 days remaining
2026-05-23T23:53:23Z [SCADA] backup written to /mnt/nas/daily_2026-05-20.tar.gz
2026-05-23T03:54:28Z [FIREWALL] backup written to /mnt/nas/daily_2026-05-11.tar.gz
2026-05-23T23:35:24Z [MES] user session 979: login from 10.0.0.129
2026-05-23T00:35:02Z [SCADA] connection pool: 26/100
2026-05-23T10:54:29Z [SCADA] backup written to /mnt/nas/daily_2026-05-03.tar.gz
2026-05-23T17:18:02Z [FIREWALL] disk usage: 67%
2026-05-23T23:02:00Z [BACKUP-SVC] user session 367: login from 10.0.0.114
2026-05-23T08:53:52Z [ERP-BRIDGE] health check passed
2026-05-23T12:22:56Z [BACKUP-SVC] health check passed
2026-05-23T20:50:39Z [SCADA] health check passed
2026-05-23T02:25:45Z [SCADA] backup written to /mnt/nas/daily_2026-05-17.tar.gz
2026-05-23T19:39:13Z [BACKUP-SVC] config sync OK
2026-05-23T21:40:10Z [METRICS-AGENT] user session 397: login from 10.0.0.89
2026-05-23T09:57:27Z [SCADA] user session 248: login from 10.0.0.19
2026-05-23T01:29:06Z [ERP-BRIDGE] disk usage: 60%
2026-05-23T11:12:12Z [METRICS-AGENT] disk usage: 67%
2026-05-23T04:37:55Z [FIREWALL] certificate expiry check: 152 days remaining
2026-05-23T18:05:14Z [MES] health check passed
2026-05-23T13:00:45Z [MES] user session 316: login from 10.0.0.55
2026-05-23T20:44:35Z [METRICS-AGENT] config sync OK
2026-05-23T19:18:38Z [FIREWALL] user session 509: login from 10.0.0.179
2026-05-23T11:56:47Z [MES] user session 377: login from 10.0.0.115
2026-05-23T23:35:40Z [BACKUP-SVC] backup written to /mnt/nas/daily_2026-05-18.tar.gz
2026-05-23T23:10:53Z [SCADA] certificate expiry check: 196 days remaining
2026-05-23T03:35:57Z [FIREWALL] certificate expiry check: 283 days remaining
2026-05-23T17:56:21Z [METRICS-AGENT] user session 522: login from 10.0.0.17
2026-05-23T22:39:33Z [FIREWALL] health check passed
2026-05-23T18:49:23Z [ERP-BRIDGE] health check passed
2026-05-23T12:20:48Z [FIREWALL] health check passed
2026-05-23T19:07:37Z [SCADA] health check passed
2026-05-23T10:56:13Z [FIREWALL] certificate expiry check: 289 days remaining
2026-05-23T07:49:53Z [METRICS-AGENT] metrics flush: 2985 points
2026-05-23T14:31:04Z [METRICS-AGENT] disk usage: 77%
2026-05-23T09:06:52Z [BACKUP-SVC] backup written to /mnt/nas/daily_2026-05-06.tar.gz
2026-05-23T22:20:15Z [ERP-BRIDGE] connection pool: 82/100
2026-05-23T05:14:37Z [ERP-BRIDGE] disk usage: 55%
2026-05-23T07:59:51Z [BACKUP-SVC] certificate expiry check: 262 days remaining
2026-05-23T10:33:22Z [SCADA] certificate expiry check: 249 days remaining
2026-05-23T13:14:44Z [ERP-BRIDGE] user session 540: login from 10.0.0.26
2026-05-23T17:36:13Z [SCADA] backup written to /mnt/nas/daily_2026-05-22.tar.gz
2026-05-23T02:48:17Z [BACKUP-SVC] disk usage: 73%
2026-05-23T16:06:01Z [FIREWALL] config sync OK
2026-05-23T13:02:47Z [METRICS-AGENT] connection pool: 19/100
2026-05-23T02:08:04Z [ERP-BRIDGE] connection pool: 63/100
2026-05-23T20:44:33Z [FIREWALL] certificate expiry check: 194 days remaining
2026-05-23T02:18:54Z [SCADA] connection pool: 59/100
2026-05-23T00:33:19Z [MES] user session 865: login from 10.0.0.224
2026-05-23T12:41:17Z [FIREWALL] memory pressure: 2583 MB free
2026-05-23T16:04:30Z [MES] certificate expiry check: 290 days remaining
2026-05-23T20:36:33Z [SCADA] health check passed
2026-05-23T14:31:51Z [MES] metrics flush: 2492 points
2026-05-23T22:04:44Z [FIREWALL] memory pressure: 1014 MB free
2026-05-23T16:08:22Z [METRICS-AGENT] health check passed
2026-05-23T20:07:53Z [FIREWALL] disk usage: 75%
2026-05-23T07:20:56Z [BACKUP-SVC] user session 660: login from 10.0.0.120
2026-05-23T14:11:59Z [BACKUP-SVC] memory pressure: 806 MB free
2026-05-23T22:24:24Z [BACKUP-SVC] connection pool: 74/100
2026-05-23T10:11:17Z [ERP-BRIDGE] memory pressure: 3027 MB free
2026-05-23T05:14:29Z [FIREWALL] user session 928: login from 10.0.0.254
2026-05-23T08:52:55Z [FIREWALL] metrics flush: 4469 points
2026-05-23T14:35:45Z [BACKUP-SVC] user session 833: login from 10.0.0.222
2026-05-23T09:26:54Z [BACKUP-SVC] health check passed
2026-05-23T00:00:58Z [SCADA] backup written to /mnt/nas/daily_2026-05-06.tar.gz
2026-05-23T10:55:26Z [METRICS-AGENT] backup written to /mnt/nas/daily_2026-05-03.tar.gz
2026-05-23T11:57:06Z [BACKUP-SVC] certificate expiry check: 95 days remaining
2026-05-23T17:17:29Z [BACKUP-SVC] config sync OK
2026-05-23T07:11:47Z [ERP-BRIDGE] disk usage: 68%
2026-05-23T17:00:41Z [SCADA] metrics flush: 2408 points
2026-05-23T20:17:06Z [METRICS-AGENT] metrics flush: 3126 points
2026-05-23T02:44:14Z [METRICS-AGENT] metrics flush: 4734 points
2026-05-23T21:25:30Z [BACKUP-SVC] config sync OK
2026-05-23T14:23:45Z [FIREWALL] config sync OK
2026-05-23T23:34:26Z [BACKUP-SVC] connection pool: 90/100
2026-05-23T07:03:16Z [ERP-BRIDGE] connection pool: 73/100
2026-05-23T08:55:55Z [BACKUP-SVC] user session 903: login from 10.0.0.131
2026-05-23T10:48:45Z [METRICS-AGENT] connection pool: 68/100
2026-05-23T06:37:53Z [SCADA] connection pool: 81/100
2026-05-23T13:36:29Z [FIREWALL] user session 553: login from 10.0.0.20
2026-05-23T17:11:16Z [MES] disk usage: 50%
2026-05-23T12:10:32Z [FIREWALL] user session 612: login from 10.0.0.186
2026-05-23T04:57:48Z [BACKUP-SVC] backup written to /mnt/nas/daily_2026-05-15.tar.gz
2026-05-23T22:19:03Z [MES] certificate expiry check: 111 days remaining
2026-05-23T14:20:31Z [METRICS-AGENT] health check passed
2026-05-23T04:48:45Z [SCADA] connection pool: 68/100
2026-05-23T18:04:42Z [ERP-BRIDGE] certificate expiry check: 199 days remaining
2026-05-23T03:58:12Z [MES] health check passed
2026-05-23T01:57:27Z [ERP-BRIDGE] certificate expiry check: 154 days remaining
2026-05-23T10:48:58Z [SCADA] connection pool: 52/100
2026-05-23T13:53:15Z [FIREWALL] metrics flush: 4059 points
2026-05-23T17:36:24Z [MES] config sync OK
2026-05-23T19:22:33Z [FIREWALL] user session 189: login from 10.0.0.174
2026-05-23T06:17:37Z [MES] health check passed
2026-05-23T05:27:41Z [BACKUP-SVC] metrics flush: 4917 points
2026-05-23T10:27:45Z [SCADA] config sync OK
2026-05-23T22:32:55Z [ERP-BRIDGE] disk usage: 56%
2026-05-23T07:05:53Z [METRICS-AGENT] user session 505: login from 10.0.0.14
2026-05-23T11:38:09Z [BACKUP-SVC] health check passed
2026-05-23T15:58:50Z [SCADA] metrics flush: 4146 points
2026-05-23T17:58:03Z [METRICS-AGENT] config sync OK
2026-05-23T23:34:57Z [ERP-BRIDGE] user session 339: login from 10.0.0.49
2026-05-23T12:07:12Z [SCADA] connection pool: 27/100
2026-05-23T22:22:46Z [BACKUP-SVC] user session 111: login from 10.0.0.54
2026-05-23T19:48:31Z [FIREWALL] disk usage: 52%
2026-05-23T22:14:55Z [SCADA] certificate expiry check: 310 days remaining
2026-05-23T12:56:29Z [METRICS-AGENT] certificate expiry check: 90 days remaining
2026-05-23T10:56:05Z [ERP-BRIDGE] user session 915: login from 10.0.0.207
2026-05-23T08:59:42Z [ERP-BRIDGE] certificate expiry check: 140 days remaining
2026-05-23T18:32:38Z [SCADA] disk usage: 73%
2026-05-23T23:56:24Z [METRICS-AGENT] memory pressure: 3291 MB free
2026-05-23T18:01:09Z [METRICS-AGENT] config sync OK
2026-05-23T21:17:38Z [SCADA] memory pressure: 989 MB free
2026-05-23T12:30:13Z [METRICS-AGENT] user session 662: login from 10.0.0.145
2026-05-23T01:12:31Z [SCADA] memory pressure: 1814 MB free
2026-05-23T19:31:52Z [METRICS-AGENT] disk usage: 74%
2026-05-23T22:52:53Z [BACKUP-SVC] health check passed
2026-05-23T22:02:17Z [ERP-BRIDGE] backup written to /mnt/nas/daily_2026-05-10.tar.gz
2026-05-23T06:47:49Z [ERP-BRIDGE] user session 835: login from 10.0.0.42
2026-05-23T02:57:45Z [METRICS-AGENT] metrics flush: 3157 points
2026-05-23T05:54:27Z [ERP-BRIDGE] disk usage: 47%
2026-05-23T11:17:35Z [METRICS-AGENT] user session 521: login from 10.0.0.114
2026-05-23T07:31:36Z [ERP-BRIDGE] memory pressure: 961 MB free
2026-05-23T08:36:55Z [METRICS-AGENT] config sync OK
2026-05-23T08:40:00Z [SCADA] user session 119: login from 10.0.0.110
2026-05-23T10:36:16Z [ERP-BRIDGE] connection pool: 86/100
2026-05-23T11:37:16Z [ERP-BRIDGE] backup written to /mnt/nas/daily_2026-05-14.tar.gz
2026-05-23T12:57:13Z [ERP-BRIDGE] certificate expiry check: 247 days remaining
2026-05-23T04:45:34Z [MES] connection pool: 45/100
2026-05-23T06:01:20Z [METRICS-AGENT] disk usage: 44%
2026-05-23T09:04:43Z [SCADA] config sync OK
2026-05-23T05:06:58Z [MES] config sync OK
2026-05-23T17:12:19Z [FIREWALL] memory pressure: 991 MB free
2026-05-23T01:47:54Z [MES] metrics flush: 1165 points
2026-05-23T02:16:38Z [MES] health check passed
2026-05-23T09:26:41Z [FIREWALL] certificate expiry check: 143 days remaining
2026-05-23T22:10:55Z [BACKUP-SVC] backup written to /mnt/nas/daily_2026-05-11.tar.gz
2026-05-23T17:22:14Z [METRICS-AGENT] connection pool: 12/100
2026-05-23T08:22:51Z [MES] health check passed
2026-05-23T20:42:29Z [ERP-BRIDGE] memory pressure: 3936 MB free
2026-05-23T04:32:48Z [SCADA] connection pool: 32/100
2026-05-23T10:42:37Z [MES] config sync OK
2026-05-23T05:52:03Z [SCADA] config sync OK
2026-05-23T05:08:53Z [ERP-BRIDGE] memory pressure: 3176 MB free
2026-05-23T20:33:54Z [ERP-BRIDGE] disk usage: 50%
2026-05-23T12:59:46Z [ERP-BRIDGE] memory pressure: 2270 MB free
2026-05-23T03:19:50Z [ERP-BRIDGE] connection pool: 11/100
2026-05-23T17:29:42Z [FIREWALL] user session 521: login from 10.0.0.163
2026-05-23T01:31:00Z [BACKUP-SVC] user session 474: login from 10.0.0.186
2026-05-23T06:29:43Z [MES] user session 398: login from 10.0.0.211
2026-05-23T13:32:34Z [METRICS-AGENT] health check passed
2026-05-23T02:10:31Z [SCADA] config sync OK
2026-05-23T17:11:32Z [FIREWALL] memory pressure: 3269 MB free
2026-05-23T20:38:08Z [BACKUP-SVC] user session 133: login from 10.0.0.167
2026-05-23T22:44:00Z [MES] certificate expiry check: 119 days remaining
2026-05-23T00:32:14Z [METRICS-AGENT] connection pool: 89/100
2026-05-23T10:37:44Z [ERP-BRIDGE] connection pool: 76/100
2026-05-23T08:57:56Z [METRICS-AGENT] certificate expiry check: 73 days remaining
2026-05-23T06:14:37Z [FIREWALL] user session 556: login from 10.0.0.125
2026-05-23T15:53:47Z [BACKUP-SVC] metrics flush: 3187 points
2026-05-23T20:51:36Z [ERP-BRIDGE] disk usage: 46%
2026-05-23T01:35:35Z [BACKUP-SVC] certificate expiry check: 185 days remaining
2026-05-23T23:23:33Z [MES] connection pool: 70/100
2026-05-23T19:26:00Z [METRICS-AGENT] certificate expiry check: 34 days remaining
2026-05-23T08:29:50Z [SCADA] certificate expiry check: 309 days remaining
2026-05-23T00:22:29Z [FIREWALL] health check passed
2026-05-23T18:07:05Z [METRICS-AGENT] backup written to /mnt/nas/daily_2026-05-07.tar.gz
2026-05-23T07:05:29Z [MES] config sync OK
2026-05-23T22:03:25Z [METRICS-AGENT] certificate expiry check: 329 days remaining
2026-05-23T10:07:06Z [FIREWALL] config sync OK
2026-05-23T07:02:30Z [BACKUP-SVC] backup written to /mnt/nas/daily_2026-05-20.tar.gz
2026-05-23T04:10:02Z [BACKUP-SVC] metrics flush: 2147 points
2026-05-23T11:47:23Z [MES] user session 892: login from 10.0.0.173
2026-05-23T02:49:27Z [FIREWALL] connection pool: 66/100
2026-05-23T16:21:26Z [ERP-BRIDGE] certificate expiry check: 68 days remaining
2026-05-23T10:56:21Z [SCADA] disk usage: 54%
2026-05-23T13:49:39Z [FIREWALL] user session 320: login from 10.0.0.245
2026-05-23T06:03:28Z [FIREWALL] connection pool: 25/100
2026-05-23T12:29:50Z [SCADA] certificate expiry check: 71 days remaining
2026-05-23T21:05:57Z [FIREWALL] user session 756: login from 10.0.0.113
2026-05-23T04:31:43Z [MES] disk usage: 64%
2026-05-23T06:22:01Z [FIREWALL] user session 868: login from 10.0.0.209
2026-05-23T12:10:21Z [METRICS-AGENT] disk usage: 66%
2026-05-23T04:44:17Z [SCADA] metrics flush: 3048 points
2026-05-23T11:45:42Z [BACKUP-SVC] certificate expiry check: 158 days remaining
2026-05-23T21:14:38Z [FIREWALL] backup written to /mnt/nas/daily_2026-05-21.tar.gz
2026-05-23T22:54:42Z [BACKUP-SVC] disk usage: 59%
2026-05-23T21:25:59Z [SCADA] user session 755: login from 10.0.0.157
2026-05-23T19:50:30Z [BACKUP-SVC] config sync OK
2026-05-23T15:13:50Z [FIREWALL] user session 713: login from 10.0.0.102
2026-05-23T04:40:30Z [METRICS-AGENT] connection pool: 70/100
2026-05-23T22:47:39Z [ERP-BRIDGE] certificate expiry check: 154 days remaining
2026-05-23T03:08:07Z [BACKUP-SVC] certificate expiry check: 90 days remaining
2026-05-23T04:16:58Z [SCADA] disk usage: 41%
2026-05-23T11:32:22Z [FIREWALL] certificate expiry check: 11 days remaining
2026-05-23T01:39:32Z [METRICS-AGENT] config sync OK
2026-05-23T16:31:04Z [METRICS-AGENT] health check passed
2026-05-23T09:30:46Z [BACKUP-SVC] metrics flush: 2825 points
2026-05-23T06:31:07Z [SCADA] user session 387: login from 10.0.0.179
2026-05-23T22:11:26Z [ERP-BRIDGE] disk usage: 84%
2026-05-23T06:18:44Z [MES] health check passed
2026-05-23T03:38:18Z [FIREWALL] metrics flush: 4053 points
2026-05-23T17:39:57Z [ERP-BRIDGE] metrics flush: 2473 points
2026-05-23T21:57:28Z [FIREWALL] backup written to /mnt/nas/daily_2026-05-06.tar.gz
2026-05-23T00:27:27Z [FIREWALL] user session 204: login from 10.0.0.200
2026-05-23T14:32:33Z [FIREWALL] certificate expiry check: 19 days remaining
2026-05-23T05:09:37Z [MES] user session 889: login from 10.0.0.55
2026-05-23T09:18:16Z [FIREWALL] memory pressure: 2469 MB free
2026-05-23T06:32:26Z [BACKUP-SVC] health check passed
2026-05-23T17:02:00Z [FIREWALL] config sync OK
2026-05-23T01:08:51Z [SCADA] metrics flush: 2555 points
2026-05-23T23:54:20Z [MES] certificate expiry check: 156 days remaining
2026-05-23T04:42:38Z [SCADA] metrics flush: 1303 points
2026-05-23T00:36:39Z [METRICS-AGENT] config sync OK
2026-05-23T22:38:18Z [MES] memory pressure: 3335 MB free
2026-05-23T20:03:01Z [METRICS-AGENT] config sync OK
2026-05-23T17:26:25Z [MES] health check passed
2026-05-23T14:58:54Z [METRICS-AGENT] disk usage: 44%
2026-05-23T03:00:35Z [MES] user session 838: login from 10.0.0.36
2026-05-23T19:24:22Z [MES] certificate expiry check: 292 days remaining
2026-05-23T06:54:19Z [METRICS-AGENT] connection pool: 30/100
2026-05-23T07:35:15Z [ERP-BRIDGE] metrics flush: 1070 points
2026-05-23T12:11:27Z [MES] config sync OK
2026-05-23T11:20:06Z [BACKUP-SVC] memory pressure: 3874 MB free
2026-05-23T10:06:12Z [SCADA] memory pressure: 2301 MB free
2026-05-23T02:19:01Z [BACKUP-SVC] certificate expiry check: 14 days remaining
2026-05-23T00:19:05Z [BACKUP-SVC] backup written to /mnt/nas/daily_2026-05-17.tar.gz
2026-05-23T10:12:32Z [SCADA] certificate expiry check: 217 days remaining
2026-05-23T09:42:28Z [ERP-BRIDGE] certificate expiry check: 143 days remaining
2026-05-23T15:34:59Z [SCADA] connection pool: 66/100
2026-05-23T19:58:02Z [BACKUP-SVC] health check passed
2026-05-23T06:38:15Z [MES] config sync OK
2026-05-23T22:39:00Z [BACKUP-SVC] backup written to /mnt/nas/daily_2026-05-13.tar.gz
2026-05-23T03:34:09Z [SCADA] certificate expiry check: 94 days remaining
2026-05-23T14:14:23Z [MES] certificate expiry check: 357 days remaining
2026-05-23T21:10:18Z [SCADA] disk usage: 44%
2026-05-23T08:09:55Z [MES] connection pool: 8/100
2026-05-23T01:08:04Z [MES] certificate expiry check: 111 days remaining
2026-05-23T20:25:18Z [BACKUP-SVC] health check passed
2026-05-23T19:43:51Z [SCADA] metrics flush: 3838 points
2026-05-23T04:55:42Z [FIREWALL] user session 422: login from 10.0.0.191
2026-05-23T03:22:53Z [FIREWALL] disk usage: 81%
2026-05-23T15:01:50Z [ERP-BRIDGE] metrics flush: 3799 points
2026-05-23T02:17:11Z [ERP-BRIDGE] health check passed
2026-05-23T04:08:05Z [MES] memory pressure: 3351 MB free
2026-05-23T16:07:27Z [SCADA] disk usage: 42%
2026-05-23T13:07:24Z [MES] certificate expiry check: 329 days remaining
2026-05-23T01:32:09Z [MES] user session 115: login from 10.0.0.242
2026-05-23T07:45:13Z [METRICS-AGENT] memory pressure: 2693 MB free
2026-05-23T13:42:34Z [MES] health check passed
2026-05-23T09:50:13Z [FIREWALL] connection pool: 27/100
2026-05-23T19:20:46Z [FIREWALL] certificate expiry check: 339 days remaining
2026-05-23T22:51:35Z [BACKUP-SVC] config sync OK
2026-05-23T12:12:09Z [FIREWALL] health check passed
2026-05-23T21:15:22Z [MES] certificate expiry check: 315 days remaining
2026-05-23T06:13:19Z [BACKUP-SVC] disk usage: 54%
2026-05-23T05:17:11Z [MES] backup written to /mnt/nas/daily_2026-05-16.tar.gz
2026-05-23T01:32:42Z [METRICS-AGENT] backup written to /mnt/nas/daily_2026-05-15.tar.gz
2026-05-23T05:08:00Z [METRICS-AGENT] disk usage: 86%
2026-05-23T22:40:56Z [SCADA] config sync OK
2026-05-23T16:55:17Z [MES] metrics flush: 3792 points
2026-05-23T03:01:15Z [FIREWALL] memory pressure: 611 MB free
2026-05-23T03:38:00Z [ERP-BRIDGE] certificate expiry check: 50 days remaining
2026-05-23T12:47:33Z [MES] config sync OK
2026-05-23T05:20:54Z [MES] memory pressure: 3830 MB free
2026-05-23T08:13:50Z [BACKUP-SVC] memory pressure: 1585 MB free
2026-05-23T01:23:56Z [MES] disk usage: 42%
2026-05-23T23:56:45Z [FIREWALL] metrics flush: 1369 points
2026-05-23T04:57:11Z [SCADA] backup written to /mnt/nas/daily_2026-05-14.tar.gz
2026-05-23T17:31:09Z [ERP-BRIDGE] user session 982: login from 10.0.0.158
2026-05-23T04:12:24Z [ERP-BRIDGE] certificate expiry check: 235 days remaining
2026-05-23T04:25:49Z [METRICS-AGENT] config sync OK
2026-05-23T01:38:44Z [ERP-BRIDGE] health check passed
2026-05-23T08:31:30Z [FIREWALL] disk usage: 86%
2026-05-23T03:45:31Z [MES] config sync OK
2026-05-23T22:57:16Z [SCADA] health check passed
2026-05-23T07:25:37Z [SCADA] health check passed
2026-05-23T17:49:31Z [ERP-BRIDGE] certificate expiry check: 349 days remaining
2026-05-23T04:10:57Z [METRICS-AGENT] health check passed
2026-05-23T03:41:06Z [BACKUP-SVC] config sync OK
2026-05-23T08:29:04Z [MES] disk usage: 67%
2026-05-23T11:32:08Z [SCADA] certificate expiry check: 322 days remaining
2026-05-23T09:34:57Z [ERP-BRIDGE] memory pressure: 1076 MB free
2026-05-23T12:04:15Z [FIREWALL] connection pool: 50/100
2026-05-23T11:41:20Z [MES] connection pool: 64/100
2026-05-23T05:06:01Z [SCADA] connection pool: 42/100
2026-05-23T18:35:13Z [MES] metrics flush: 3322 points
2026-05-23T09:46:21Z [FIREWALL] disk usage: 85%
2026-05-23T21:33:18Z [MES] metrics flush: 4524 points
2026-05-23T16:33:13Z [SCADA] memory pressure: 3397 MB free
2026-05-23T00:27:05Z [BACKUP-SVC] metrics flush: 3595 points
2026-05-23T12:18:01Z [BACKUP-SVC] memory pressure: 697 MB free
2026-05-23T20:49:19Z [METRICS-AGENT] certificate expiry check: 18 days remaining
2026-05-23T19:40:35Z [ERP-BRIDGE] metrics flush: 2760 points
2026-05-23T10:12:27Z [SCADA] disk usage: 66%
2026-05-23T02:29:27Z [BACKUP-SVC] health check passed
2026-05-23T15:42:32Z [MES] health check passed
2026-05-23T17:27:35Z [MES] backup written to /mnt/nas/daily_2026-05-18.tar.gz
2026-05-23T06:55:05Z [METRICS-AGENT] metrics flush: 3002 points
2026-05-23T07:17:14Z [FIREWALL] connection pool: 57/100
2026-05-23T01:58:21Z [METRICS-AGENT] memory pressure: 828 MB free
2026-05-23T08:14:43Z [METRICS-AGENT] backup written to /mnt/nas/daily_2026-05-17.tar.gz
2026-05-23T01:06:34Z [MES] config sync OK
2026-05-23T02:23:53Z [SCADA] memory pressure: 2298 MB free
2026-05-23T03:37:33Z [METRICS-AGENT] disk usage: 40%
2026-05-23T12:40:19Z [METRICS-AGENT] metrics flush: 4805 points
2026-05-23T01:30:02Z [FIREWALL] user session 390: login from 10.0.0.74
2026-05-23T20:56:54Z [FIREWALL] user session 645: login from 10.0.0.107
2026-05-23T06:19:05Z [BACKUP-SVC] backup written to /mnt/nas/daily_2026-05-06.tar.gz
2026-05-23T16:10:40Z [SCADA] user session 645: login from 10.0.0.61
2026-05-23T07:18:23Z [BACKUP-SVC] health check passed
2026-05-23T04:05:48Z [ERP-BRIDGE] config sync OK
2026-05-23T13:20:12Z [METRICS-AGENT] disk usage: 90%
2026-05-23T19:39:52Z [SCADA] disk usage: 70%
2026-05-23T23:49:45Z [SCADA] memory pressure: 1021 MB free
2026-05-23T12:59:09Z [ERP-BRIDGE] certificate expiry check: 61 days remaining
2026-05-23T02:21:10Z [MES] disk usage: 89%
2026-05-23T10:29:32Z [SCADA] memory pressure: 1258 MB free
2026-05-23T16:48:35Z [METRICS-AGENT] backup written to /mnt/nas/daily_2026-05-17.tar.gz
2026-05-23T16:58:40Z [METRICS-AGENT] metrics flush: 2963 points
2026-05-23T11:39:18Z [MES] health check passed
2026-05-23T04:04:57Z [ERP-BRIDGE] backup written to /mnt/nas/daily_2026-05-13.tar.gz
2026-05-23T20:38:03Z [MES] metrics flush: 4442 points
2026-05-23T16:43:53Z [SCADA] disk usage: 40%
2026-05-23T03:53:09Z [BACKUP-SVC] backup written to /mnt/nas/daily_2026-05-10.tar.gz
2026-05-23T20:16:55Z [SCADA] metrics flush: 2903 points
2026-05-23T07:40:27Z [FIREWALL] certificate expiry check: 309 days remaining
2026-05-23T18:59:25Z [ERP-BRIDGE] backup written to /mnt/nas/daily_2026-05-10.tar.gz
2026-05-23T21:50:54Z [SCADA] health check passed
2026-05-23T12:46:42Z [BACKUP-SVC] certificate expiry check: 130 days remaining
2026-05-23T14:03:15Z [BACKUP-SVC] health check passed
2026-05-23T12:56:37Z [MES] certificate expiry check: 255 days remaining
2026-05-23T18:55:39Z [ERP-BRIDGE] user session 555: login from 10.0.0.217
2026-05-23T19:49:58Z [BACKUP-SVC] config sync OK
2026-05-23T09:33:06Z [BACKUP-SVC] metrics flush: 3127 points
2026-05-23T11:32:58Z [SCADA] backup written to /mnt/nas/daily_2026-05-21.tar.gz
2026-05-23T22:42:46Z [MES] memory pressure: 1295 MB free
2026-05-23T12:59:24Z [SCADA] metrics flush: 1044 points
2026-05-23T06:30:28Z [ERP-BRIDGE] connection pool: 12/100
2026-05-23T15:51:18Z [ERP-BRIDGE] config sync OK
2026-05-23T00:31:37Z [ERP-BRIDGE] connection pool: 70/100
2026-05-23T06:38:14Z [FIREWALL] config sync OK
2026-05-23T02:48:34Z [BACKUP-SVC] certificate expiry check: 262 days remaining
2026-05-23T15:21:33Z [MES] backup written to /mnt/nas/daily_2026-05-09.tar.gz
2026-05-23T17:35:40Z [BACKUP-SVC] connection pool: 53/100
2026-05-23T06:55:09Z [BACKUP-SVC] config sync OK
2026-05-23T01:01:42Z [MES] health check passed
2026-05-23T22:47:36Z [METRICS-AGENT] health check passed
2026-05-23T20:26:26Z [BACKUP-SVC] health check passed
2026-05-23T18:25:36Z [SCADA] health check passed
2026-05-23T09:06:23Z [MES] disk usage: 49%
2026-05-23T23:49:37Z [MES] disk usage: 51%
2026-05-23T03:56:00Z [ERP-BRIDGE] memory pressure: 3208 MB free
2026-05-23T01:46:14Z [METRICS-AGENT] user session 630: login from 10.0.0.73
2026-05-23T12:07:30Z [MES] metrics flush: 4567 points
2026-05-23T14:25:25Z [METRICS-AGENT] health check passed
2026-05-23T20:21:37Z [MES] backup written to /mnt/nas/daily_2026-05-02.tar.gz
2026-05-23T09:25:06Z [MES] connection pool: 24/100
2026-05-23T12:03:12Z [FIREWALL] backup written to /mnt/nas/daily_2026-05-15.tar.gz
2026-05-23T09:02:01Z [BACKUP-SVC] disk usage: 55%
2026-05-23T04:10:08Z [SCADA] health check passed
2026-05-23T19:20:32Z [MES] metrics flush: 1559 points
2026-05-23T00:34:54Z [ERP-BRIDGE] disk usage: 74%
2026-05-23T04:38:52Z [SCADA] backup written to /mnt/nas/daily_2026-05-03.tar.gz
2026-05-23T00:12:31Z [ERP-BRIDGE] certificate expiry check: 235 days remaining
2026-05-23T15:47:14Z [MES] certificate expiry check: 223 days remaining
2026-05-23T14:34:53Z [BACKUP-SVC] metrics flush: 4961 points
2026-05-23T17:50:57Z [BACKUP-SVC] disk usage: 49%
2026-05-23T16:15:14Z [ERP-BRIDGE] disk usage: 62%
2026-05-23T18:38:06Z [METRICS-AGENT] health check passed
2026-05-23T23:25:31Z [ERP-BRIDGE] connection pool: 26/100
2026-05-23T10:07:57Z [FIREWALL] user session 311: login from 10.0.0.243
2026-05-23T06:46:59Z [METRICS-AGENT] disk usage: 73%
2026-05-23T13:16:19Z [MES] disk usage: 86%
2026-05-23T10:38:59Z [MES] memory pressure: 3864 MB free
2026-05-23T18:26:55Z [BACKUP-SVC] memory pressure: 1771 MB free
2026-05-23T00:14:17Z [ERP-BRIDGE] memory pressure: 922 MB free
2026-05-23T22:10:52Z [ERP-BRIDGE] metrics flush: 2264 points
2026-05-23T03:06:52Z [ERP-BRIDGE] health check passed
2026-05-23T03:29:15Z [ERP-BRIDGE] backup written to /mnt/nas/daily_2026-05-02.tar.gz
2026-05-23T05:57:05Z [METRICS-AGENT] metrics flush: 1627 points
2026-05-23T08:46:18Z [FIREWALL] memory pressure: 1901 MB free
2026-05-23T16:20:51Z [METRICS-AGENT] metrics flush: 1203 points
2026-05-23T13:55:44Z [FIREWALL] memory pressure: 3010 MB free
2026-05-23T10:17:25Z [ERP-BRIDGE] disk usage: 86%
2026-05-23T20:16:15Z [BACKUP-SVC] memory pressure: 2007 MB free
2026-05-23T02:03:57Z [SCADA] user session 522: login from 10.0.0.161
2026-05-23T04:01:46Z [BACKUP-SVC] disk usage: 61%
2026-05-23T02:53:19Z [MES] health check passed
2026-05-23T08:55:19Z [SCADA] health check passed
2026-05-23T06:08:15Z [METRICS-AGENT] metrics flush: 2064 points
2026-05-23T10:37:45Z [ERP-BRIDGE] disk usage: 46%
2026-05-23T05:19:03Z [BACKUP-SVC] config sync OK
2026-05-23T09:27:56Z [BACKUP-SVC] config sync OK
2026-05-23T05:42:04Z [MES] metrics flush: 1656 points
2026-05-23T03:41:58Z [MES] config sync OK
2026-05-23T15:06:00Z [METRICS-AGENT] health check passed
2026-05-23T08:06:32Z [ERP-BRIDGE] metrics flush: 2316 points
2026-05-23T13:12:38Z [METRICS-AGENT] user session 360: login from 10.0.0.237
2026-05-23T21:26:19Z [BACKUP-SVC] metrics flush: 801 points
2026-05-23T15:15:14Z [BACKUP-SVC] disk usage: 70%
2026-05-23T01:18:29Z [ERP-BRIDGE] connection pool: 69/100
2026-05-23T12:31:53Z [SCADA] user session 318: login from 10.0.0.62
2026-05-23T14:24:12Z [ERP-BRIDGE] disk usage: 71%
2026-05-23T09:12:37Z [SCADA] metrics flush: 3238 points
2026-05-23T04:03:24Z [METRICS-AGENT] memory pressure: 1873 MB free
2026-05-23T03:44:52Z [MES] certificate expiry check: 326 days remaining
2026-05-23T20:29:28Z [SCADA] certificate expiry check: 304 days remaining
2026-05-23T22:49:19Z [MES] backup written to /mnt/nas/daily_2026-05-14.tar.gz
2026-05-23T08:22:09Z [BACKUP-SVC] certificate expiry check: 186 days remaining
2026-05-23T13:22:39Z [FIREWALL] certificate expiry check: 336 days remaining
2026-05-23T14:54:28Z [ERP-BRIDGE] config sync OK
2026-05-23T12:57:56Z [FIREWALL] connection pool: 63/100
2026-05-23T01:43:34Z [SCADA] memory pressure: 2946 MB free
2026-05-23T17:05:41Z [SCADA] user session 600: login from 10.0.0.206
2026-05-23T16:24:10Z [METRICS-AGENT] connection pool: 56/100
2026-05-23T11:19:16Z [BACKUP-SVC] config sync OK
2026-05-23T06:15:37Z [ERP-BRIDGE] config sync OK
2026-05-23T02:46:12Z [METRICS-AGENT] config sync OK
2026-05-23T13:33:28Z [MES] config sync OK
2026-05-23T14:55:53Z [METRICS-AGENT] health check passed
2026-05-23T04:36:59Z [MES] backup written to /mnt/nas/daily_2026-05-11.tar.gz
2026-05-23T21:42:59Z [ERP-BRIDGE] memory pressure: 2727 MB free
2026-05-23T05:19:07Z [FIREWALL] user session 703: login from 10.0.0.148
2026-05-23T08:36:01Z [FIREWALL] disk usage: 58%
2026-05-23T16:52:28Z [SCADA] metrics flush: 3802 points
2026-05-23T04:29:00Z [SCADA] backup written to /mnt/nas/daily_2026-05-11.tar.gz
2026-05-23T14:35:09Z [SCADA] certificate expiry check: 47 days remaining
2026-05-23T08:46:38Z [BACKUP-SVC] metrics flush: 1070 points
2026-05-23T09:02:25Z [BACKUP-SVC] user session 790: login from 10.0.0.217
2026-05-23T01:43:27Z [FIREWALL] backup written to /mnt/nas/daily_2026-05-06.tar.gz
2026-05-23T16:09:56Z [METRICS-AGENT] health check passed
2026-05-23T21:17:27Z [MES] certificate expiry check: 115 days remaining
2026-05-23T15:40:40Z [MES] backup written to /mnt/nas/daily_2026-05-22.tar.gz
2026-05-23T06:46:33Z [SCADA] backup written to /mnt/nas/daily_2026-05-01.tar.gz
2026-05-23T03:19:48Z [METRICS-AGENT] disk usage: 69%
2026-05-23T03:05:19Z [MES] backup written to /mnt/nas/daily_2026-05-06.tar.gz
2026-05-23T03:25:20Z [METRICS-AGENT] connection pool: 70/100
2026-05-23T15:08:01Z [ERP-BRIDGE] config sync OK
2026-05-23T12:12:39Z [BACKUP-SVC] backup written to /mnt/nas/daily_2026-05-08.tar.gz
2026-05-23T10:58:50Z [METRICS-AGENT] certificate expiry check: 289 days remaining
2026-05-23T23:57:14Z [BACKUP-SVC] metrics flush: 2859 points
2026-05-23T07:35:20Z [ERP-BRIDGE] user session 151: login from 10.0.0.116
2026-05-23T22:27:09Z [SCADA] connection pool: 83/100
2026-05-23T20:14:15Z [ERP-BRIDGE] certificate expiry check: 93 days remaining
2026-05-23T16:58:27Z [MES] backup written to /mnt/nas/daily_2026-05-22.tar.gz
2026-05-23T23:31:44Z [ERP-BRIDGE] metrics flush: 934 points
2026-05-23T06:30:17Z [BACKUP-SVC] disk usage: 48%
2026-05-23T05:44:50Z [FIREWALL] backup written to /mnt/nas/daily_2026-05-08.tar.gz
2026-05-23T02:25:13Z [MES] backup written to /mnt/nas/daily_2026-05-09.tar.gz
2026-05-23T13:19:40Z [SCADA] config sync OK
2026-05-23T09:42:18Z [METRICS-AGENT] health check passed
2026-05-23T07:03:15Z [MES] disk usage: 86%
2026-05-23T08:09:54Z [BACKUP-SVC] user session 923: login from 10.0.0.152
2026-05-23T00:08:18Z [METRICS-AGENT] config sync OK
2026-05-23T11:40:06Z [MES] memory pressure: 3531 MB free
2026-05-23T20:10:14Z [MES] config sync OK
2026-05-23T22:13:08Z [SCADA] disk usage: 89%
2026-05-23T05:28:33Z [ERP-BRIDGE] memory pressure: 1241 MB free
2026-05-23T14:59:14Z [METRICS-AGENT] disk usage: 79%
2026-05-23T04:18:13Z [METRICS-AGENT] user session 119: login from 10.0.0.190
2026-05-23T02:25:43Z [MES] user session 761: login from 10.0.0.62
2026-05-23T22:32:31Z [METRICS-AGENT] certificate expiry check: 73 days remaining
2026-05-23T05:17:12Z [BACKUP-SVC] health check passed
2026-05-23T03:06:42Z [MES] memory pressure: 3977 MB free
2026-05-23T08:51:12Z [FIREWALL] certificate expiry check: 111 days remaining
2026-05-23T08:49:29Z [BACKUP-SVC] memory pressure: 1304 MB free
2026-05-23T21:04:01Z [MES] config sync OK
2026-05-23T02:50:25Z [SCADA] backup written to /mnt/nas/daily_2026-05-20.tar.gz
2026-05-23T14:54:23Z [FIREWALL] metrics flush: 3820 points
2026-05-23T10:37:21Z [BACKUP-SVC] metrics flush: 1292 points
2026-05-23T22:07:21Z [BACKUP-SVC] backup written to /mnt/nas/daily_2026-05-21.tar.gz
2026-05-23T11:42:24Z [BACKUP-SVC] certificate expiry check: 16 days remaining
2026-05-23T08:00:21Z [METRICS-AGENT] memory pressure: 2668 MB free
2026-05-23T19:31:15Z [MES] connection pool: 36/100
2026-05-23T21:36:52Z [SCADA] metrics flush: 1381 points
2026-05-23T16:37:21Z [ERP-BRIDGE] disk usage: 56%
2026-05-23T09:42:30Z [MES] connection pool: 51/100
2026-05-23T21:53:06Z [MES] metrics flush: 2889 points
2026-05-23T16:02:46Z [ERP-BRIDGE] config sync OK
2026-05-23T10:22:49Z [BACKUP-SVC] memory pressure: 2550 MB free
2026-05-23T13:26:45Z [MES] certificate expiry check: 137 days remaining
