# FinClear Asia Migration Execution Log — 2026-01-14 (HISTORICAL ARCHIVE)
# Project: Cross-Datacenter Migration PROJ-MIG-2026-01
# WARNING: All order IDs use MIG- prefix. This log is UNRELATED to March 2026 incident.
# Timestamps: UTC. Root cause of January incident: network latency (NOT timezone).

2026-01-14T08:11:04Z [MIG-ENGINE] ORDER order_id=MIG-00000001 symbol=MIGY side=SELL qty=89 fill_price=44.99 match_ts_utc=2026-01-14T08:11:04Z dispatch_ts_utc=2026-01-14T08:11:04Z tz_offset_applied="+08:00" dispatch_status=TIMEOUT latency_ms=1533
2026-01-14T08:10:00Z [MIG-ENGINE] ORDER order_id=MIG-00000002 symbol=MIGZ side=BUY qty=41 fill_price=2.48 match_ts_utc=2026-01-14T08:10:00Z dispatch_ts_utc=2026-01-14T08:10:00Z tz_offset_applied="+08:00" dispatch_status=ACK latency_ms=4835
2026-01-14T08:41:10Z [MIG-ENGINE] ORDER order_id=MIG-00000003 symbol=MIGY side=BUY qty=93 fill_price=27.74 match_ts_utc=2026-01-14T08:41:10Z dispatch_ts_utc=2026-01-14T08:41:10Z tz_offset_applied="+09:00" dispatch_status=TIMEOUT latency_ms=3260
2026-01-14T08:59:19Z [MIG-ENGINE] ORDER order_id=MIG-00000004 symbol=MIGZ side=SELL qty=128 fill_price=45.12 match_ts_utc=2026-01-14T08:59:19Z dispatch_ts_utc=2026-01-14T08:59:19Z tz_offset_applied="+00:00" dispatch_status=ACK latency_ms=4977
2026-01-14T08:27:15Z [MIG-ENGINE] ORDER order_id=MIG-00000005 symbol=MIGB side=SELL qty=59 fill_price=9.47 match_ts_utc=2026-01-14T08:27:15Z dispatch_ts_utc=2026-01-14T08:27:15Z tz_offset_applied="+09:00" dispatch_status=TIMEOUT latency_ms=4669
2026-01-14T08:37:12Z [MIG-ENGINE] ORDER order_id=MIG-00000006 symbol=MIGX side=BUY qty=73 fill_price=7.79 match_ts_utc=2026-01-14T08:37:12Z dispatch_ts_utc=2026-01-14T08:37:12Z tz_offset_applied="+09:00" dispatch_status=ACK latency_ms=4005
2026-01-14T08:19:54Z [MIG-ENGINE] ORDER order_id=MIG-00000007 symbol=MIGY side=SELL qty=154 fill_price=43.66 match_ts_utc=2026-01-14T08:19:54Z dispatch_ts_utc=2026-01-14T08:19:54Z tz_offset_applied="+00:00" dispatch_status=SENT latency_ms=3270
2026-01-14T08:34:45Z [MIG-ENGINE] ORDER order_id=MIG-00000008 symbol=MIGA side=SELL qty=112 fill_price=24.22 match_ts_utc=2026-01-14T08:34:45Z dispatch_ts_utc=2026-01-14T08:34:45Z tz_offset_applied="+08:00" dispatch_status=SENT latency_ms=132
2026-01-14T08:47:41Z [MIG-ENGINE] ORDER order_id=MIG-00000009 symbol=MIGA side=BUY qty=194 fill_price=33.79 match_ts_utc=2026-01-14T08:47:41Z dispatch_ts_utc=2026-01-14T08:47:41Z tz_offset_applied="+00:00" dispatch_status=ACK latency_ms=1089
2026-01-14T08:26:06Z [MIG-ENGINE] ORDER order_id=MIG-00000010 symbol=MIGZ side=SELL qty=40 fill_price=49.58 match_ts_utc=2026-01-14T08:26:06Z dispatch_ts_utc=2026-01-14T08:26:06Z tz_offset_applied="+08:00" dispatch_status=RETRY latency_ms=2667
2026-01-14T08:53:03Z [MIG-ENGINE] ORDER order_id=MIG-00000011 symbol=MIGA side=BUY qty=129 fill_price=46.35 match_ts_utc=2026-01-14T08:53:03Z dispatch_ts_utc=2026-01-14T08:53:03Z tz_offset_applied="+09:00" dispatch_status=ACK latency_ms=3076
2026-01-14T08:44:15Z [MIG-ENGINE] ORDER order_id=MIG-00000012 symbol=MIGB side=BUY qty=53 fill_price=28.47 match_ts_utc=2026-01-14T08:44:15Z dispatch_ts_utc=2026-01-14T08:44:15Z tz_offset_applied="+09:00" dispatch_status=TIMEOUT latency_ms=3304
2026-01-14T08:21:50Z [MIG-ENGINE] ORDER order_id=MIG-00000013 symbol=MIGA side=SELL qty=100 fill_price=7.75 match_ts_utc=2026-01-14T08:21:50Z dispatch_ts_utc=2026-01-14T08:21:50Z tz_offset_applied="+00:00" dispatch_status=TIMEOUT latency_ms=2521
2026-01-14T08:04:49Z [MIG-ENGINE] ORDER order_id=MIG-00000014 symbol=MIGZ side=BUY qty=89 fill_price=38.13 match_ts_utc=2026-01-14T08:04:49Z dispatch_ts_utc=2026-01-14T08:04:49Z tz_offset_applied="+00:00" dispatch_status=SENT latency_ms=3971
2026-01-14T08:45:56Z [MIG-ENGINE] ORDER order_id=MIG-00000015 symbol=MIGB side=SELL qty=199 fill_price=46.91 match_ts_utc=2026-01-14T08:45:56Z dispatch_ts_utc=2026-01-14T08:45:56Z tz_offset_applied="+08:00" dispatch_status=RETRY latency_ms=2078
2026-01-14T08:10:33Z [MIG-ENGINE] ORDER order_id=MIG-00000016 symbol=MIGA side=SELL qty=136 fill_price=8.35 match_ts_utc=2026-01-14T08:10:33Z dispatch_ts_utc=2026-01-14T08:10:33Z tz_offset_applied="+08:00" dispatch_status=RETRY latency_ms=161
2026-01-14T08:15:45Z [MIG-ENGINE] ORDER order_id=MIG-00000017 symbol=MIGZ side=BUY qty=116 fill_price=7.64 match_ts_utc=2026-01-14T08:15:45Z dispatch_ts_utc=2026-01-14T08:15:45Z tz_offset_applied="+09:00" dispatch_status=RETRY latency_ms=1158
2026-01-14T08:26:44Z [MIG-ENGINE] ORDER order_id=MIG-00000018 symbol=MIGA side=SELL qty=51 fill_price=30.00 match_ts_utc=2026-01-14T08:26:44Z dispatch_ts_utc=2026-01-14T08:26:44Z tz_offset_applied="+09:00" dispatch_status=RETRY latency_ms=936
2026-01-14T08:55:50Z [MIG-ENGINE] ORDER order_id=MIG-00000019 symbol=MIGB side=SELL qty=199 fill_price=12.31 match_ts_utc=2026-01-14T08:55:50Z dispatch_ts_utc=2026-01-14T08:55:50Z tz_offset_applied="+08:00" dispatch_status=ACK latency_ms=1387
2026-01-14T08:33:41Z [MIG-ENGINE] ORDER order_id=MIG-00000020 symbol=MIGX side=SELL qty=80 fill_price=12.24 match_ts_utc=2026-01-14T08:33:41Z dispatch_ts_utc=2026-01-14T08:33:41Z tz_offset_applied="+09:00" dispatch_status=SENT latency_ms=3183
2026-01-14T08:20:27Z [MIG-ENGINE] ORDER order_id=MIG-00000021 symbol=MIGX side=SELL qty=93 fill_price=43.65 match_ts_utc=2026-01-14T08:20:27Z dispatch_ts_utc=2026-01-14T08:20:27Z tz_offset_applied="+00:00" dispatch_status=TIMEOUT latency_ms=2926
2026-01-14T08:16:55Z [MIG-ENGINE] ORDER order_id=MIG-00000022 symbol=MIGB side=BUY qty=39 fill_price=36.23 match_ts_utc=2026-01-14T08:16:55Z dispatch_ts_utc=2026-01-14T08:16:55Z tz_offset_applied="+00:00" dispatch_status=SENT latency_ms=2975
2026-01-14T08:34:36Z [MIG-ENGINE] ORDER order_id=MIG-00000023 symbol=MIGA side=SELL qty=21 fill_price=9.51 match_ts_utc=2026-01-14T08:34:36Z dispatch_ts_utc=2026-01-14T08:34:36Z tz_offset_applied="+08:00" dispatch_status=TIMEOUT latency_ms=2523
2026-01-14T08:36:29Z [MIG-ENGINE] ORDER order_id=MIG-00000024 symbol=MIGZ side=SELL qty=39 fill_price=17.48 match_ts_utc=2026-01-14T08:36:29Z dispatch_ts_utc=2026-01-14T08:36:29Z tz_offset_applied="+08:00" dispatch_status=RETRY latency_ms=4102
2026-01-14T08:21:56Z [MIG-ENGINE] ORDER order_id=MIG-00000025 symbol=MIGY side=BUY qty=71 fill_price=24.47 match_ts_utc=2026-01-14T08:21:56Z dispatch_ts_utc=2026-01-14T08:21:56Z tz_offset_applied="+08:00" dispatch_status=TIMEOUT latency_ms=2699
2026-01-14T08:22:37Z [MIG-ENGINE] ORDER order_id=MIG-00000026 symbol=MIGX side=BUY qty=142 fill_price=13.13 match_ts_utc=2026-01-14T08:22:37Z dispatch_ts_utc=2026-01-14T08:22:37Z tz_offset_applied="+08:00" dispatch_status=SENT latency_ms=1250
2026-01-14T08:12:03Z [MIG-ENGINE] ORDER order_id=MIG-00000027 symbol=MIGB side=BUY qty=77 fill_price=42.60 match_ts_utc=2026-01-14T08:12:03Z dispatch_ts_utc=2026-01-14T08:12:03Z tz_offset_applied="+00:00" dispatch_status=RETRY latency_ms=4037
2026-01-14T08:45:32Z [MIG-ENGINE] ORDER order_id=MIG-00000028 symbol=MIGX side=SELL qty=157 fill_price=28.29 match_ts_utc=2026-01-14T08:45:32Z dispatch_ts_utc=2026-01-14T08:45:32Z tz_offset_applied="+08:00" dispatch_status=SENT latency_ms=3670
2026-01-14T08:59:09Z [MIG-ENGINE] ORDER order_id=MIG-00000029 symbol=MIGX side=BUY qty=151 fill_price=3.45 match_ts_utc=2026-01-14T08:59:09Z dispatch_ts_utc=2026-01-14T08:59:09Z tz_offset_applied="+09:00" dispatch_status=RETRY latency_ms=2704
2026-01-14T08:39:24Z [MIG-ENGINE] ORDER order_id=MIG-00000030 symbol=MIGY side=BUY qty=116 fill_price=44.74 match_ts_utc=2026-01-14T08:39:24Z dispatch_ts_utc=2026-01-14T08:39:24Z tz_offset_applied="+08:00" dispatch_status=SENT latency_ms=1586
2026-01-14T08:13:46Z [MIG-ENGINE] ORDER order_id=MIG-00000031 symbol=MIGA side=BUY qty=12 fill_price=35.65 match_ts_utc=2026-01-14T08:13:46Z dispatch_ts_utc=2026-01-14T08:13:46Z tz_offset_applied="+09:00" dispatch_status=SENT latency_ms=3273
2026-01-14T08:19:17Z [MIG-ENGINE] ORDER order_id=MIG-00000032 symbol=MIGZ side=SELL qty=85 fill_price=5.21 match_ts_utc=2026-01-14T08:19:17Z dispatch_ts_utc=2026-01-14T08:19:17Z tz_offset_applied="+00:00" dispatch_status=SENT latency_ms=3242
2026-01-14T08:42:56Z [MIG-ENGINE] ORDER order_id=MIG-00000033 symbol=MIGZ side=BUY qty=58 fill_price=13.87 match_ts_utc=2026-01-14T08:42:56Z dispatch_ts_utc=2026-01-14T08:42:56Z tz_offset_applied="+00:00" dispatch_status=ACK latency_ms=2085
2026-01-14T08:17:33Z [MIG-ENGINE] ORDER order_id=MIG-00000034 symbol=MIGX side=BUY qty=38 fill_price=22.04 match_ts_utc=2026-01-14T08:17:33Z dispatch_ts_utc=2026-01-14T08:17:33Z tz_offset_applied="+08:00" dispatch_status=SENT latency_ms=3291
2026-01-14T08:49:04Z [MIG-ENGINE] ORDER order_id=MIG-00000035 symbol=MIGX side=SELL qty=32 fill_price=44.71 match_ts_utc=2026-01-14T08:49:04Z dispatch_ts_utc=2026-01-14T08:49:04Z tz_offset_applied="+08:00" dispatch_status=ACK latency_ms=3358
2026-01-14T08:56:32Z [MIG-ENGINE] ORDER order_id=MIG-00000036 symbol=MIGB side=SELL qty=41 fill_price=12.57 match_ts_utc=2026-01-14T08:56:32Z dispatch_ts_utc=2026-01-14T08:56:32Z tz_offset_applied="+00:00" dispatch_status=RETRY latency_ms=4839
2026-01-14T08:55:51Z [MIG-ENGINE] ORDER order_id=MIG-00000037 symbol=MIGB side=SELL qty=127 fill_price=8.79 match_ts_utc=2026-01-14T08:55:51Z dispatch_ts_utc=2026-01-14T08:55:51Z tz_offset_applied="+09:00" dispatch_status=ACK latency_ms=2888
2026-01-14T08:07:00Z [MIG-ENGINE] ORDER order_id=MIG-00000038 symbol=MIGX side=BUY qty=141 fill_price=17.56 match_ts_utc=2026-01-14T08:07:00Z dispatch_ts_utc=2026-01-14T08:07:00Z tz_offset_applied="+09:00" dispatch_status=TIMEOUT latency_ms=2911
2026-01-14T08:34:02Z [MIG-ENGINE] ORDER order_id=MIG-00000039 symbol=MIGZ side=SELL qty=142 fill_price=8.80 match_ts_utc=2026-01-14T08:34:02Z dispatch_ts_utc=2026-01-14T08:34:02Z tz_offset_applied="+08:00" dispatch_status=RETRY latency_ms=3174
2026-01-14T08:05:20Z [MIG-ENGINE] ORDER order_id=MIG-00000040 symbol=MIGZ side=SELL qty=186 fill_price=26.77 match_ts_utc=2026-01-14T08:05:20Z dispatch_ts_utc=2026-01-14T08:05:20Z tz_offset_applied="+08:00" dispatch_status=SENT latency_ms=4885
2026-01-14T08:18:36Z [MIG-ENGINE] ORDER order_id=MIG-00000041 symbol=MIGX side=SELL qty=28 fill_price=27.95 match_ts_utc=2026-01-14T08:18:36Z dispatch_ts_utc=2026-01-14T08:18:36Z tz_offset_applied="+09:00" dispatch_status=TIMEOUT latency_ms=4086
2026-01-14T08:47:24Z [MIG-ENGINE] ORDER order_id=MIG-00000042 symbol=MIGX side=SELL qty=16 fill_price=39.49 match_ts_utc=2026-01-14T08:47:24Z dispatch_ts_utc=2026-01-14T08:47:24Z tz_offset_applied="+09:00" dispatch_status=ACK latency_ms=3774
2026-01-14T08:41:34Z [MIG-ENGINE] ORDER order_id=MIG-00000043 symbol=MIGY side=SELL qty=75 fill_price=40.25 match_ts_utc=2026-01-14T08:41:34Z dispatch_ts_utc=2026-01-14T08:41:34Z tz_offset_applied="+00:00" dispatch_status=RETRY latency_ms=3099
2026-01-14T08:31:23Z [MIG-ENGINE] ORDER order_id=MIG-00000044 symbol=MIGY side=SELL qty=95 fill_price=7.01 match_ts_utc=2026-01-14T08:31:23Z dispatch_ts_utc=2026-01-14T08:31:23Z tz_offset_applied="+08:00" dispatch_status=SENT latency_ms=4686
2026-01-14T08:01:29Z [MIG-ENGINE] ORDER order_id=MIG-00000045 symbol=MIGY side=SELL qty=196 fill_price=42.49 match_ts_utc=2026-01-14T08:01:29Z dispatch_ts_utc=2026-01-14T08:01:29Z tz_offset_applied="+09:00" dispatch_status=ACK latency_ms=708
2026-01-14T08:47:42Z [MIG-ENGINE] ORDER order_id=MIG-00000046 symbol=MIGY side=SELL qty=27 fill_price=39.04 match_ts_utc=2026-01-14T08:47:42Z dispatch_ts_utc=2026-01-14T08:47:42Z tz_offset_applied="+00:00" dispatch_status=SENT latency_ms=858
2026-01-14T08:22:43Z [MIG-ENGINE] ORDER order_id=MIG-00000047 symbol=MIGY side=BUY qty=151 fill_price=14.49 match_ts_utc=2026-01-14T08:22:43Z dispatch_ts_utc=2026-01-14T08:22:43Z tz_offset_applied="+08:00" dispatch_status=RETRY latency_ms=2142
2026-01-14T08:59:05Z [MIG-ENGINE] ORDER order_id=MIG-00000048 symbol=MIGY side=SELL qty=78 fill_price=5.61 match_ts_utc=2026-01-14T08:59:05Z dispatch_ts_utc=2026-01-14T08:59:05Z tz_offset_applied="+00:00" dispatch_status=RETRY latency_ms=2019
2026-01-14T08:34:33Z [MIG-ENGINE] ORDER order_id=MIG-00000049 symbol=MIGA side=BUY qty=84 fill_price=45.11 match_ts_utc=2026-01-14T08:34:33Z dispatch_ts_utc=2026-01-14T08:34:33Z tz_offset_applied="+00:00" dispatch_status=ACK latency_ms=3266
2026-01-14T08:55:07Z [MIG-ENGINE] ORDER order_id=MIG-00000050 symbol=MIGY side=SELL qty=82 fill_price=13.12 match_ts_utc=2026-01-14T08:55:07Z dispatch_ts_utc=2026-01-14T08:55:07Z tz_offset_applied="+08:00" dispatch_status=TIMEOUT latency_ms=286
2026-01-14T08:27:00Z [MIG-ENGINE] ORDER order_id=MIG-00000051 symbol=MIGA side=BUY qty=77 fill_price=27.00 match_ts_utc=2026-01-14T08:27:00Z dispatch_ts_utc=2026-01-14T08:27:00Z tz_offset_applied="+09:00" dispatch_status=ACK latency_ms=24
2026-01-14T08:38:07Z [MIG-ENGINE] ORDER order_id=MIG-00000052 symbol=MIGX side=SELL qty=191 fill_price=48.40 match_ts_utc=2026-01-14T08:38:07Z dispatch_ts_utc=2026-01-14T08:38:07Z tz_offset_applied="+08:00" dispatch_status=ACK latency_ms=642
2026-01-14T08:30:18Z [MIG-ENGINE] ORDER order_id=MIG-00000053 symbol=MIGZ side=SELL qty=11 fill_price=41.33 match_ts_utc=2026-01-14T08:30:18Z dispatch_ts_utc=2026-01-14T08:30:18Z tz_offset_applied="+09:00" dispatch_status=ACK latency_ms=4143
2026-01-14T08:41:41Z [MIG-ENGINE] ORDER order_id=MIG-00000054 symbol=MIGZ side=SELL qty=124 fill_price=8.14 match_ts_utc=2026-01-14T08:41:41Z dispatch_ts_utc=2026-01-14T08:41:41Z tz_offset_applied="+09:00" dispatch_status=TIMEOUT latency_ms=1486
2026-01-14T08:53:57Z [MIG-ENGINE] ORDER order_id=MIG-00000055 symbol=MIGZ side=BUY qty=124 fill_price=9.88 match_ts_utc=2026-01-14T08:53:57Z dispatch_ts_utc=2026-01-14T08:53:57Z tz_offset_applied="+08:00" dispatch_status=SENT latency_ms=1734
2026-01-14T08:49:42Z [MIG-ENGINE] ORDER order_id=MIG-00000056 symbol=MIGY side=SELL qty=112 fill_price=13.08 match_ts_utc=2026-01-14T08:49:42Z dispatch_ts_utc=2026-01-14T08:49:42Z tz_offset_applied="+00:00" dispatch_status=ACK latency_ms=2571
2026-01-14T08:57:11Z [MIG-ENGINE] ORDER order_id=MIG-00000057 symbol=MIGY side=BUY qty=32 fill_price=24.35 match_ts_utc=2026-01-14T08:57:11Z dispatch_ts_utc=2026-01-14T08:57:11Z tz_offset_applied="+08:00" dispatch_status=ACK latency_ms=2946
2026-01-14T08:15:14Z [MIG-ENGINE] ORDER order_id=MIG-00000058 symbol=MIGX side=BUY qty=13 fill_price=9.60 match_ts_utc=2026-01-14T08:15:14Z dispatch_ts_utc=2026-01-14T08:15:14Z tz_offset_applied="+00:00" dispatch_status=SENT latency_ms=206
2026-01-14T08:10:18Z [MIG-ENGINE] ORDER order_id=MIG-00000059 symbol=MIGZ side=SELL qty=123 fill_price=13.04 match_ts_utc=2026-01-14T08:10:18Z dispatch_ts_utc=2026-01-14T08:10:18Z tz_offset_applied="+09:00" dispatch_status=RETRY latency_ms=4413
2026-01-14T08:38:42Z [MIG-ENGINE] ORDER order_id=MIG-00000060 symbol=MIGZ side=BUY qty=52 fill_price=12.00 match_ts_utc=2026-01-14T08:38:42Z dispatch_ts_utc=2026-01-14T08:38:42Z tz_offset_applied="+09:00" dispatch_status=RETRY latency_ms=3728
2026-01-14T08:35:05Z [MIG-ENGINE] ORDER order_id=MIG-00000061 symbol=MIGB side=BUY qty=97 fill_price=41.50 match_ts_utc=2026-01-14T08:35:05Z dispatch_ts_utc=2026-01-14T08:35:05Z tz_offset_applied="+09:00" dispatch_status=TIMEOUT latency_ms=2651
2026-01-14T08:13:19Z [MIG-ENGINE] ORDER order_id=MIG-00000062 symbol=MIGB side=SELL qty=107 fill_price=17.70 match_ts_utc=2026-01-14T08:13:19Z dispatch_ts_utc=2026-01-14T08:13:19Z tz_offset_applied="+08:00" dispatch_status=TIMEOUT latency_ms=4187
2026-01-14T08:51:01Z [MIG-ENGINE] ORDER order_id=MIG-00000063 symbol=MIGX side=SELL qty=55 fill_price=30.66 match_ts_utc=2026-01-14T08:51:01Z dispatch_ts_utc=2026-01-14T08:51:01Z tz_offset_applied="+08:00" dispatch_status=TIMEOUT latency_ms=1112
2026-01-14T08:08:26Z [MIG-ENGINE] ORDER order_id=MIG-00000064 symbol=MIGY side=SELL qty=113 fill_price=29.02 match_ts_utc=2026-01-14T08:08:26Z dispatch_ts_utc=2026-01-14T08:08:26Z tz_offset_applied="+00:00" dispatch_status=ACK latency_ms=1750
2026-01-14T08:14:32Z [MIG-ENGINE] ORDER order_id=MIG-00000065 symbol=MIGB side=BUY qty=23 fill_price=36.65 match_ts_utc=2026-01-14T08:14:32Z dispatch_ts_utc=2026-01-14T08:14:32Z tz_offset_applied="+08:00" dispatch_status=RETRY latency_ms=1805
2026-01-14T08:12:48Z [MIG-ENGINE] ORDER order_id=MIG-00000066 symbol=MIGZ side=SELL qty=27 fill_price=12.51 match_ts_utc=2026-01-14T08:12:48Z dispatch_ts_utc=2026-01-14T08:12:48Z tz_offset_applied="+00:00" dispatch_status=RETRY latency_ms=4724
2026-01-14T08:46:01Z [MIG-ENGINE] ORDER order_id=MIG-00000067 symbol=MIGA side=BUY qty=10 fill_price=17.61 match_ts_utc=2026-01-14T08:46:01Z dispatch_ts_utc=2026-01-14T08:46:01Z tz_offset_applied="+09:00" dispatch_status=SENT latency_ms=3783
2026-01-14T08:43:59Z [MIG-ENGINE] ORDER order_id=MIG-00000068 symbol=MIGX side=SELL qty=89 fill_price=34.50 match_ts_utc=2026-01-14T08:43:59Z dispatch_ts_utc=2026-01-14T08:43:59Z tz_offset_applied="+09:00" dispatch_status=SENT latency_ms=3028
2026-01-14T08:15:50Z [MIG-ENGINE] ORDER order_id=MIG-00000069 symbol=MIGY side=BUY qty=178 fill_price=35.45 match_ts_utc=2026-01-14T08:15:50Z dispatch_ts_utc=2026-01-14T08:15:50Z tz_offset_applied="+09:00" dispatch_status=RETRY latency_ms=2988
2026-01-14T08:08:50Z [MIG-ENGINE] ORDER order_id=MIG-00000070 symbol=MIGY side=BUY qty=184 fill_price=25.98 match_ts_utc=2026-01-14T08:08:50Z dispatch_ts_utc=2026-01-14T08:08:50Z tz_offset_applied="+08:00" dispatch_status=SENT latency_ms=1158
2026-01-14T08:58:17Z [MIG-ENGINE] ORDER order_id=MIG-00000071 symbol=MIGX side=BUY qty=149 fill_price=7.78 match_ts_utc=2026-01-14T08:58:17Z dispatch_ts_utc=2026-01-14T08:58:17Z tz_offset_applied="+08:00" dispatch_status=RETRY latency_ms=4392
2026-01-14T08:28:05Z [MIG-ENGINE] ORDER order_id=MIG-00000072 symbol=MIGB side=SELL qty=62 fill_price=45.26 match_ts_utc=2026-01-14T08:28:05Z dispatch_ts_utc=2026-01-14T08:28:05Z tz_offset_applied="+09:00" dispatch_status=RETRY latency_ms=2730
2026-01-14T08:53:50Z [MIG-ENGINE] ORDER order_id=MIG-00000073 symbol=MIGA side=SELL qty=67 fill_price=13.04 match_ts_utc=2026-01-14T08:53:50Z dispatch_ts_utc=2026-01-14T08:53:50Z tz_offset_applied="+00:00" dispatch_status=ACK latency_ms=4337
2026-01-14T08:04:22Z [MIG-ENGINE] ORDER order_id=MIG-00000074 symbol=MIGX side=BUY qty=60 fill_price=30.23 match_ts_utc=2026-01-14T08:04:22Z dispatch_ts_utc=2026-01-14T08:04:22Z tz_offset_applied="+00:00" dispatch_status=RETRY latency_ms=1402
2026-01-14T08:18:14Z [MIG-ENGINE] ORDER order_id=MIG-00000075 symbol=MIGZ side=SELL qty=62 fill_price=25.28 match_ts_utc=2026-01-14T08:18:14Z dispatch_ts_utc=2026-01-14T08:18:14Z tz_offset_applied="+08:00" dispatch_status=SENT latency_ms=4960
2026-01-14T08:39:06Z [MIG-ENGINE] ORDER order_id=MIG-00000076 symbol=MIGY side=BUY qty=106 fill_price=35.58 match_ts_utc=2026-01-14T08:39:06Z dispatch_ts_utc=2026-01-14T08:39:06Z tz_offset_applied="+00:00" dispatch_status=ACK latency_ms=3725
2026-01-14T09:50:50Z [MIG-ENGINE] ORDER order_id=MIG-00000077 symbol=MIGY side=SELL qty=67 fill_price=37.41 match_ts_utc=2026-01-14T09:50:50Z dispatch_ts_utc=2026-01-14T09:50:50Z tz_offset_applied="+00:00" dispatch_status=SENT latency_ms=348
2026-01-14T09:15:37Z [MIG-ENGINE] ORDER order_id=MIG-00000078 symbol=MIGA side=BUY qty=173 fill_price=22.10 match_ts_utc=2026-01-14T09:15:37Z dispatch_ts_utc=2026-01-14T09:15:37Z tz_offset_applied="+09:00" dispatch_status=RETRY latency_ms=3631
2026-01-14T09:07:54Z [MIG-ENGINE] ORDER order_id=MIG-00000079 symbol=MIGY side=BUY qty=108 fill_price=28.87 match_ts_utc=2026-01-14T09:07:54Z dispatch_ts_utc=2026-01-14T09:07:54Z tz_offset_applied="+08:00" dispatch_status=ACK latency_ms=4216
2026-01-14T09:06:38Z [MIG-ENGINE] ORDER order_id=MIG-00000080 symbol=MIGB side=SELL qty=156 fill_price=28.71 match_ts_utc=2026-01-14T09:06:38Z dispatch_ts_utc=2026-01-14T09:06:38Z tz_offset_applied="+09:00" dispatch_status=RETRY latency_ms=4347
2026-01-14T09:26:50Z [MIG-ENGINE] ORDER order_id=MIG-00000081 symbol=MIGZ side=SELL qty=37 fill_price=14.38 match_ts_utc=2026-01-14T09:26:50Z dispatch_ts_utc=2026-01-14T09:26:50Z tz_offset_applied="+00:00" dispatch_status=TIMEOUT latency_ms=4240
2026-01-14T09:32:38Z [MIG-ENGINE] ORDER order_id=MIG-00000082 symbol=MIGX side=SELL qty=88 fill_price=20.76 match_ts_utc=2026-01-14T09:32:38Z dispatch_ts_utc=2026-01-14T09:32:38Z tz_offset_applied="+09:00" dispatch_status=ACK latency_ms=1221
2026-01-14T09:28:53Z [MIG-ENGINE] ORDER order_id=MIG-00000083 symbol=MIGZ side=SELL qty=56 fill_price=9.83 match_ts_utc=2026-01-14T09:28:53Z dispatch_ts_utc=2026-01-14T09:28:53Z tz_offset_applied="+00:00" dispatch_status=ACK latency_ms=4009
2026-01-14T09:53:44Z [MIG-ENGINE] ORDER order_id=MIG-00000084 symbol=MIGB side=SELL qty=81 fill_price=28.67 match_ts_utc=2026-01-14T09:53:44Z dispatch_ts_utc=2026-01-14T09:53:44Z tz_offset_applied="+08:00" dispatch_status=ACK latency_ms=3516
2026-01-14T09:20:56Z [MIG-ENGINE] ORDER order_id=MIG-00000085 symbol=MIGY side=BUY qty=153 fill_price=14.62 match_ts_utc=2026-01-14T09:20:56Z dispatch_ts_utc=2026-01-14T09:20:56Z tz_offset_applied="+09:00" dispatch_status=ACK latency_ms=1511
2026-01-14T09:06:29Z [MIG-ENGINE] ORDER order_id=MIG-00000086 symbol=MIGX side=SELL qty=89 fill_price=46.82 match_ts_utc=2026-01-14T09:06:29Z dispatch_ts_utc=2026-01-14T09:06:29Z tz_offset_applied="+08:00" dispatch_status=SENT latency_ms=2482
2026-01-14T09:10:45Z [MIG-ENGINE] ORDER order_id=MIG-00000087 symbol=MIGZ side=BUY qty=27 fill_price=14.48 match_ts_utc=2026-01-14T09:10:45Z dispatch_ts_utc=2026-01-14T09:10:45Z tz_offset_applied="+00:00" dispatch_status=ACK latency_ms=2206
2026-01-14T09:23:03Z [MIG-ENGINE] ORDER order_id=MIG-00000088 symbol=MIGX side=SELL qty=44 fill_price=47.04 match_ts_utc=2026-01-14T09:23:03Z dispatch_ts_utc=2026-01-14T09:23:03Z tz_offset_applied="+08:00" dispatch_status=ACK latency_ms=3608
2026-01-14T09:30:20Z [MIG-ENGINE] ORDER order_id=MIG-00000089 symbol=MIGA side=BUY qty=150 fill_price=39.85 match_ts_utc=2026-01-14T09:30:20Z dispatch_ts_utc=2026-01-14T09:30:20Z tz_offset_applied="+09:00" dispatch_status=ACK latency_ms=1085
2026-01-14T09:09:50Z [MIG-ENGINE] ORDER order_id=MIG-00000090 symbol=MIGY side=BUY qty=179 fill_price=37.85 match_ts_utc=2026-01-14T09:09:50Z dispatch_ts_utc=2026-01-14T09:09:50Z tz_offset_applied="+08:00" dispatch_status=RETRY latency_ms=3848
2026-01-14T09:03:07Z [MIG-ENGINE] ORDER order_id=MIG-00000091 symbol=MIGB side=BUY qty=57 fill_price=2.13 match_ts_utc=2026-01-14T09:03:07Z dispatch_ts_utc=2026-01-14T09:03:07Z tz_offset_applied="+09:00" dispatch_status=SENT latency_ms=2115
2026-01-14T09:54:28Z [MIG-ENGINE] ORDER order_id=MIG-00000092 symbol=MIGY side=BUY qty=151 fill_price=22.47 match_ts_utc=2026-01-14T09:54:28Z dispatch_ts_utc=2026-01-14T09:54:28Z tz_offset_applied="+08:00" dispatch_status=TIMEOUT latency_ms=954
2026-01-14T09:29:55Z [MIG-ENGINE] ORDER order_id=MIG-00000093 symbol=MIGX side=BUY qty=167 fill_price=20.42 match_ts_utc=2026-01-14T09:29:55Z dispatch_ts_utc=2026-01-14T09:29:55Z tz_offset_applied="+09:00" dispatch_status=TIMEOUT latency_ms=3836
2026-01-14T09:04:44Z [MIG-ENGINE] ORDER order_id=MIG-00000094 symbol=MIGA side=BUY qty=200 fill_price=23.50 match_ts_utc=2026-01-14T09:04:44Z dispatch_ts_utc=2026-01-14T09:04:44Z tz_offset_applied="+08:00" dispatch_status=RETRY latency_ms=4601
2026-01-14T09:11:18Z [MIG-ENGINE] ORDER order_id=MIG-00000095 symbol=MIGX side=SELL qty=38 fill_price=21.24 match_ts_utc=2026-01-14T09:11:18Z dispatch_ts_utc=2026-01-14T09:11:18Z tz_offset_applied="+09:00" dispatch_status=SENT latency_ms=2847
2026-01-14T09:42:47Z [MIG-ENGINE] ORDER order_id=MIG-00000096 symbol=MIGZ side=SELL qty=21 fill_price=11.72 match_ts_utc=2026-01-14T09:42:47Z dispatch_ts_utc=2026-01-14T09:42:47Z tz_offset_applied="+08:00" dispatch_status=SENT latency_ms=4776
2026-01-14T09:31:56Z [MIG-ENGINE] ORDER order_id=MIG-00000097 symbol=MIGA side=SELL qty=41 fill_price=22.28 match_ts_utc=2026-01-14T09:31:56Z dispatch_ts_utc=2026-01-14T09:31:56Z tz_offset_applied="+08:00" dispatch_status=ACK latency_ms=2365
2026-01-14T09:38:26Z [MIG-ENGINE] ORDER order_id=MIG-00000098 symbol=MIGZ side=SELL qty=111 fill_price=16.29 match_ts_utc=2026-01-14T09:38:26Z dispatch_ts_utc=2026-01-14T09:38:26Z tz_offset_applied="+08:00" dispatch_status=SENT latency_ms=4858
2026-01-14T09:56:45Z [MIG-ENGINE] ORDER order_id=MIG-00000099 symbol=MIGY side=SELL qty=43 fill_price=33.61 match_ts_utc=2026-01-14T09:56:45Z dispatch_ts_utc=2026-01-14T09:56:45Z tz_offset_applied="+09:00" dispatch_status=SENT latency_ms=3505
2026-01-14T09:30:04Z [MIG-ENGINE] ORDER order_id=MIG-00000100 symbol=MIGY side=BUY qty=75 fill_price=44.59 match_ts_utc=2026-01-14T09:30:04Z dispatch_ts_utc=2026-01-14T09:30:04Z tz_offset_applied="+08:00" dispatch_status=SENT latency_ms=1075
2026-01-14T09:01:44Z [MIG-ENGINE] ORDER order_id=MIG-00000101 symbol=MIGZ side=BUY qty=96 fill_price=10.25 match_ts_utc=2026-01-14T09:01:44Z dispatch_ts_utc=2026-01-14T09:01:44Z tz_offset_applied="+00:00" dispatch_status=RETRY latency_ms=1052
2026-01-14T09:04:46Z [MIG-ENGINE] ORDER order_id=MIG-00000102 symbol=MIGX side=BUY qty=82 fill_price=22.24 match_ts_utc=2026-01-14T09:04:46Z dispatch_ts_utc=2026-01-14T09:04:46Z tz_offset_applied="+00:00" dispatch_status=TIMEOUT latency_ms=17
2026-01-14T09:03:57Z [MIG-ENGINE] ORDER order_id=MIG-00000103 symbol=MIGB side=SELL qty=74 fill_price=5.56 match_ts_utc=2026-01-14T09:03:57Z dispatch_ts_utc=2026-01-14T09:03:57Z tz_offset_applied="+00:00" dispatch_status=ACK latency_ms=214
2026-01-14T09:24:42Z [MIG-ENGINE] ORDER order_id=MIG-00000104 symbol=MIGB side=SELL qty=68 fill_price=19.14 match_ts_utc=2026-01-14T09:24:42Z dispatch_ts_utc=2026-01-14T09:24:42Z tz_offset_applied="+09:00" dispatch_status=ACK latency_ms=1708
2026-01-14T09:14:39Z [MIG-ENGINE] ORDER order_id=MIG-00000105 symbol=MIGB side=BUY qty=182 fill_price=30.13 match_ts_utc=2026-01-14T09:14:39Z dispatch_ts_utc=2026-01-14T09:14:39Z tz_offset_applied="+09:00" dispatch_status=TIMEOUT latency_ms=4737
2026-01-14T09:23:11Z [MIG-ENGINE] ORDER order_id=MIG-00000106 symbol=MIGZ side=BUY qty=45 fill_price=32.02 match_ts_utc=2026-01-14T09:23:11Z dispatch_ts_utc=2026-01-14T09:23:11Z tz_offset_applied="+09:00" dispatch_status=ACK latency_ms=1837
2026-01-14T09:57:14Z [MIG-ENGINE] ORDER order_id=MIG-00000107 symbol=MIGX side=SELL qty=43 fill_price=41.13 match_ts_utc=2026-01-14T09:57:14Z dispatch_ts_utc=2026-01-14T09:57:14Z tz_offset_applied="+00:00" dispatch_status=ACK latency_ms=509
2026-01-14T09:04:44Z [MIG-ENGINE] ORDER order_id=MIG-00000108 symbol=MIGA side=SELL qty=187 fill_price=29.75 match_ts_utc=2026-01-14T09:04:44Z dispatch_ts_utc=2026-01-14T09:04:44Z tz_offset_applied="+09:00" dispatch_status=RETRY latency_ms=2707
2026-01-14T09:31:27Z [MIG-ENGINE] ORDER order_id=MIG-00000109 symbol=MIGX side=BUY qty=171 fill_price=10.95 match_ts_utc=2026-01-14T09:31:27Z dispatch_ts_utc=2026-01-14T09:31:27Z tz_offset_applied="+08:00" dispatch_status=SENT latency_ms=4879
2026-01-14T09:02:59Z [MIG-ENGINE] ORDER order_id=MIG-00000110 symbol=MIGZ side=BUY qty=97 fill_price=47.43 match_ts_utc=2026-01-14T09:02:59Z dispatch_ts_utc=2026-01-14T09:02:59Z tz_offset_applied="+09:00" dispatch_status=ACK latency_ms=1984
2026-01-14T09:41:21Z [MIG-ENGINE] ORDER order_id=MIG-00000111 symbol=MIGB side=SELL qty=125 fill_price=3.24 match_ts_utc=2026-01-14T09:41:21Z dispatch_ts_utc=2026-01-14T09:41:21Z tz_offset_applied="+09:00" dispatch_status=TIMEOUT latency_ms=2045
2026-01-14T09:10:42Z [MIG-ENGINE] ORDER order_id=MIG-00000112 symbol=MIGX side=BUY qty=15 fill_price=44.70 match_ts_utc=2026-01-14T09:10:42Z dispatch_ts_utc=2026-01-14T09:10:42Z tz_offset_applied="+09:00" dispatch_status=TIMEOUT latency_ms=3055
2026-01-14T09:51:26Z [MIG-ENGINE] ORDER order_id=MIG-00000113 symbol=MIGB side=SELL qty=154 fill_price=10.03 match_ts_utc=2026-01-14T09:51:26Z dispatch_ts_utc=2026-01-14T09:51:26Z tz_offset_applied="+08:00" dispatch_status=ACK latency_ms=2075
2026-01-14T09:34:58Z [MIG-ENGINE] ORDER order_id=MIG-00000114 symbol=MIGB side=BUY qty=174 fill_price=27.09 match_ts_utc=2026-01-14T09:34:58Z dispatch_ts_utc=2026-01-14T09:34:58Z tz_offset_applied="+00:00" dispatch_status=ACK latency_ms=3390
2026-01-14T09:18:56Z [MIG-ENGINE] ORDER order_id=MIG-00000115 symbol=MIGY side=BUY qty=69 fill_price=42.02 match_ts_utc=2026-01-14T09:18:56Z dispatch_ts_utc=2026-01-14T09:18:56Z tz_offset_applied="+09:00" dispatch_status=RETRY latency_ms=4228
2026-01-14T09:29:51Z [MIG-ENGINE] ORDER order_id=MIG-00000116 symbol=MIGZ side=SELL qty=105 fill_price=30.94 match_ts_utc=2026-01-14T09:29:51Z dispatch_ts_utc=2026-01-14T09:29:51Z tz_offset_applied="+09:00" dispatch_status=SENT latency_ms=1042
2026-01-14T09:39:58Z [MIG-ENGINE] ORDER order_id=MIG-00000117 symbol=MIGY side=SELL qty=185 fill_price=26.95 match_ts_utc=2026-01-14T09:39:58Z dispatch_ts_utc=2026-01-14T09:39:58Z tz_offset_applied="+09:00" dispatch_status=SENT latency_ms=913
2026-01-14T09:33:09Z [MIG-ENGINE] ORDER order_id=MIG-00000118 symbol=MIGB side=BUY qty=47 fill_price=23.09 match_ts_utc=2026-01-14T09:33:09Z dispatch_ts_utc=2026-01-14T09:33:09Z tz_offset_applied="+09:00" dispatch_status=RETRY latency_ms=2500
2026-01-14T09:16:21Z [MIG-ENGINE] ORDER order_id=MIG-00000119 symbol=MIGB side=SELL qty=107 fill_price=46.33 match_ts_utc=2026-01-14T09:16:21Z dispatch_ts_utc=2026-01-14T09:16:21Z tz_offset_applied="+00:00" dispatch_status=TIMEOUT latency_ms=3957
2026-01-14T09:15:10Z [MIG-ENGINE] ORDER order_id=MIG-00000120 symbol=MIGZ side=BUY qty=141 fill_price=31.12 match_ts_utc=2026-01-14T09:15:10Z dispatch_ts_utc=2026-01-14T09:15:10Z tz_offset_applied="+08:00" dispatch_status=ACK latency_ms=4847
2026-01-14T09:49:47Z [MIG-ENGINE] ORDER order_id=MIG-00000121 symbol=MIGX side=BUY qty=166 fill_price=34.08 match_ts_utc=2026-01-14T09:49:47Z dispatch_ts_utc=2026-01-14T09:49:47Z tz_offset_applied="+09:00" dispatch_status=TIMEOUT latency_ms=975
2026-01-14T09:07:56Z [MIG-ENGINE] ORDER order_id=MIG-00000122 symbol=MIGZ side=BUY qty=98 fill_price=13.29 match_ts_utc=2026-01-14T09:07:56Z dispatch_ts_utc=2026-01-14T09:07:56Z tz_offset_applied="+00:00" dispatch_status=RETRY latency_ms=3508
2026-01-14T09:41:57Z [MIG-ENGINE] ORDER order_id=MIG-00000123 symbol=MIGX side=BUY qty=143 fill_price=24.06 match_ts_utc=2026-01-14T09:41:57Z dispatch_ts_utc=2026-01-14T09:41:57Z tz_offset_applied="+09:00" dispatch_status=ACK latency_ms=4646
2026-01-14T09:49:11Z [MIG-ENGINE] ORDER order_id=MIG-00000124 symbol=MIGZ side=SELL qty=84 fill_price=19.66 match_ts_utc=2026-01-14T09:49:11Z dispatch_ts_utc=2026-01-14T09:49:11Z tz_offset_applied="+09:00" dispatch_status=SENT latency_ms=2454
2026-01-14T09:56:02Z [MIG-ENGINE] ORDER order_id=MIG-00000125 symbol=MIGZ side=SELL qty=127 fill_price=33.28 match_ts_utc=2026-01-14T09:56:02Z dispatch_ts_utc=2026-01-14T09:56:02Z tz_offset_applied="+09:00" dispatch_status=RETRY latency_ms=2750
2026-01-14T09:06:03Z [MIG-ENGINE] ORDER order_id=MIG-00000126 symbol=MIGA side=BUY qty=90 fill_price=39.22 match_ts_utc=2026-01-14T09:06:03Z dispatch_ts_utc=2026-01-14T09:06:03Z tz_offset_applied="+08:00" dispatch_status=RETRY latency_ms=3386
2026-01-14T09:46:12Z [MIG-ENGINE] ORDER order_id=MIG-00000127 symbol=MIGX side=BUY qty=184 fill_price=27.94 match_ts_utc=2026-01-14T09:46:12Z dispatch_ts_utc=2026-01-14T09:46:12Z tz_offset_applied="+00:00" dispatch_status=TIMEOUT latency_ms=1595
2026-01-14T09:58:26Z [MIG-ENGINE] ORDER order_id=MIG-00000128 symbol=MIGX side=SELL qty=35 fill_price=9.34 match_ts_utc=2026-01-14T09:58:26Z dispatch_ts_utc=2026-01-14T09:58:26Z tz_offset_applied="+00:00" dispatch_status=TIMEOUT latency_ms=979
2026-01-14T09:40:49Z [MIG-ENGINE] ORDER order_id=MIG-00000129 symbol=MIGZ side=SELL qty=43 fill_price=19.46 match_ts_utc=2026-01-14T09:40:49Z dispatch_ts_utc=2026-01-14T09:40:49Z tz_offset_applied="+08:00" dispatch_status=TIMEOUT latency_ms=1280
2026-01-14T09:40:00Z [MIG-ENGINE] ORDER order_id=MIG-00000130 symbol=MIGB side=BUY qty=84 fill_price=46.22 match_ts_utc=2026-01-14T09:40:00Z dispatch_ts_utc=2026-01-14T09:40:00Z tz_offset_applied="+08:00" dispatch_status=SENT latency_ms=4554
2026-01-14T09:06:12Z [MIG-ENGINE] ORDER order_id=MIG-00000131 symbol=MIGA side=SELL qty=188 fill_price=44.79 match_ts_utc=2026-01-14T09:06:12Z dispatch_ts_utc=2026-01-14T09:06:12Z tz_offset_applied="+00:00" dispatch_status=RETRY latency_ms=2802
2026-01-14T09:17:08Z [MIG-ENGINE] ORDER order_id=MIG-00000132 symbol=MIGZ side=SELL qty=132 fill_price=28.82 match_ts_utc=2026-01-14T09:17:08Z dispatch_ts_utc=2026-01-14T09:17:08Z tz_offset_applied="+08:00" dispatch_status=ACK latency_ms=2701
2026-01-14T09:04:15Z [MIG-ENGINE] ORDER order_id=MIG-00000133 symbol=MIGX side=BUY qty=65 fill_price=3.38 match_ts_utc=2026-01-14T09:04:15Z dispatch_ts_utc=2026-01-14T09:04:15Z tz_offset_applied="+00:00" dispatch_status=ACK latency_ms=3417
2026-01-14T09:25:04Z [MIG-ENGINE] ORDER order_id=MIG-00000134 symbol=MIGX side=BUY qty=164 fill_price=3.21 match_ts_utc=2026-01-14T09:25:04Z dispatch_ts_utc=2026-01-14T09:25:04Z tz_offset_applied="+09:00" dispatch_status=SENT latency_ms=3849
2026-01-14T09:35:54Z [MIG-ENGINE] ORDER order_id=MIG-00000135 symbol=MIGX side=BUY qty=107 fill_price=14.62 match_ts_utc=2026-01-14T09:35:54Z dispatch_ts_utc=2026-01-14T09:35:54Z tz_offset_applied="+00:00" dispatch_status=SENT latency_ms=2755
2026-01-14T09:19:55Z [MIG-ENGINE] ORDER order_id=MIG-00000136 symbol=MIGB side=SELL qty=10 fill_price=46.60 match_ts_utc=2026-01-14T09:19:55Z dispatch_ts_utc=2026-01-14T09:19:55Z tz_offset_applied="+09:00" dispatch_status=SENT latency_ms=2062
2026-01-14T09:46:14Z [MIG-ENGINE] ORDER order_id=MIG-00000137 symbol=MIGZ side=BUY qty=93 fill_price=3.84 match_ts_utc=2026-01-14T09:46:14Z dispatch_ts_utc=2026-01-14T09:46:14Z tz_offset_applied="+09:00" dispatch_status=ACK latency_ms=3298
2026-01-14T09:55:55Z [MIG-ENGINE] ORDER order_id=MIG-00000138 symbol=MIGA side=SELL qty=170 fill_price=7.91 match_ts_utc=2026-01-14T09:55:55Z dispatch_ts_utc=2026-01-14T09:55:55Z tz_offset_applied="+09:00" dispatch_status=TIMEOUT latency_ms=1713
2026-01-14T09:37:01Z [MIG-ENGINE] ORDER order_id=MIG-00000139 symbol=MIGZ side=SELL qty=86 fill_price=29.85 match_ts_utc=2026-01-14T09:37:01Z dispatch_ts_utc=2026-01-14T09:37:01Z tz_offset_applied="+08:00" dispatch_status=TIMEOUT latency_ms=705
2026-01-14T09:54:25Z [MIG-ENGINE] ORDER order_id=MIG-00000140 symbol=MIGB side=BUY qty=89 fill_price=47.78 match_ts_utc=2026-01-14T09:54:25Z dispatch_ts_utc=2026-01-14T09:54:25Z tz_offset_applied="+09:00" dispatch_status=SENT latency_ms=4105
2026-01-14T09:52:02Z [MIG-ENGINE] ORDER order_id=MIG-00000141 symbol=MIGX side=SELL qty=104 fill_price=18.19 match_ts_utc=2026-01-14T09:52:02Z dispatch_ts_utc=2026-01-14T09:52:02Z tz_offset_applied="+08:00" dispatch_status=TIMEOUT latency_ms=4617
2026-01-14T09:44:46Z [MIG-ENGINE] ORDER order_id=MIG-00000142 symbol=MIGZ side=BUY qty=152 fill_price=31.45 match_ts_utc=2026-01-14T09:44:46Z dispatch_ts_utc=2026-01-14T09:44:46Z tz_offset_applied="+00:00" dispatch_status=TIMEOUT latency_ms=3085
2026-01-14T09:56:59Z [MIG-ENGINE] ORDER order_id=MIG-00000143 symbol=MIGY side=BUY qty=146 fill_price=46.04 match_ts_utc=2026-01-14T09:56:59Z dispatch_ts_utc=2026-01-14T09:56:59Z tz_offset_applied="+00:00" dispatch_status=SENT latency_ms=2045
2026-01-14T09:57:59Z [MIG-ENGINE] ORDER order_id=MIG-00000144 symbol=MIGB side=BUY qty=35 fill_price=31.81 match_ts_utc=2026-01-14T09:57:59Z dispatch_ts_utc=2026-01-14T09:57:59Z tz_offset_applied="+09:00" dispatch_status=ACK latency_ms=434
2026-01-14T10:44:56Z [MIG-ENGINE] ORDER order_id=MIG-00000145 symbol=MIGB side=BUY qty=26 fill_price=17.14 match_ts_utc=2026-01-14T10:44:56Z dispatch_ts_utc=2026-01-14T10:44:56Z tz_offset_applied="+08:00" dispatch_status=RETRY latency_ms=4528
2026-01-14T10:21:24Z [MIG-ENGINE] ORDER order_id=MIG-00000146 symbol=MIGB side=SELL qty=18 fill_price=39.35 match_ts_utc=2026-01-14T10:21:24Z dispatch_ts_utc=2026-01-14T10:21:24Z tz_offset_applied="+08:00" dispatch_status=RETRY latency_ms=2421
2026-01-14T10:51:42Z [MIG-ENGINE] ORDER order_id=MIG-00000147 symbol=MIGB side=BUY qty=22 fill_price=2.16 match_ts_utc=2026-01-14T10:51:42Z dispatch_ts_utc=2026-01-14T10:51:42Z tz_offset_applied="+09:00" dispatch_status=ACK latency_ms=1555
2026-01-14T10:18:57Z [MIG-ENGINE] ORDER order_id=MIG-00000148 symbol=MIGA side=BUY qty=72 fill_price=32.69 match_ts_utc=2026-01-14T10:18:57Z dispatch_ts_utc=2026-01-14T10:18:57Z tz_offset_applied="+08:00" dispatch_status=SENT latency_ms=2663
2026-01-14T10:20:06Z [MIG-ENGINE] ORDER order_id=MIG-00000149 symbol=MIGA side=SELL qty=109 fill_price=18.42 match_ts_utc=2026-01-14T10:20:06Z dispatch_ts_utc=2026-01-14T10:20:06Z tz_offset_applied="+08:00" dispatch_status=SENT latency_ms=214
2026-01-14T10:04:43Z [MIG-ENGINE] ORDER order_id=MIG-00000150 symbol=MIGY side=BUY qty=58 fill_price=17.60 match_ts_utc=2026-01-14T10:04:43Z dispatch_ts_utc=2026-01-14T10:04:43Z tz_offset_applied="+09:00" dispatch_status=ACK latency_ms=4754
2026-01-14T10:55:06Z [MIG-ENGINE] ORDER order_id=MIG-00000151 symbol=MIGY side=BUY qty=83 fill_price=30.64 match_ts_utc=2026-01-14T10:55:06Z dispatch_ts_utc=2026-01-14T10:55:06Z tz_offset_applied="+08:00" dispatch_status=ACK latency_ms=2436
2026-01-14T10:51:26Z [MIG-ENGINE] ORDER order_id=MIG-00000152 symbol=MIGA side=SELL qty=148 fill_price=20.63 match_ts_utc=2026-01-14T10:51:26Z dispatch_ts_utc=2026-01-14T10:51:26Z tz_offset_applied="+08:00" dispatch_status=SENT latency_ms=1450
2026-01-14T10:27:33Z [MIG-ENGINE] ORDER order_id=MIG-00000153 symbol=MIGY side=SELL qty=20 fill_price=35.94 match_ts_utc=2026-01-14T10:27:33Z dispatch_ts_utc=2026-01-14T10:27:33Z tz_offset_applied="+08:00" dispatch_status=RETRY latency_ms=3046
2026-01-14T10:00:52Z [MIG-ENGINE] ORDER order_id=MIG-00000154 symbol=MIGZ side=SELL qty=170 fill_price=13.08 match_ts_utc=2026-01-14T10:00:52Z dispatch_ts_utc=2026-01-14T10:00:52Z tz_offset_applied="+08:00" dispatch_status=SENT latency_ms=1260
2026-01-14T10:40:27Z [MIG-ENGINE] ORDER order_id=MIG-00000155 symbol=MIGY side=BUY qty=116 fill_price=23.71 match_ts_utc=2026-01-14T10:40:27Z dispatch_ts_utc=2026-01-14T10:40:27Z tz_offset_applied="+08:00" dispatch_status=ACK latency_ms=4828
2026-01-14T10:27:24Z [MIG-ENGINE] ORDER order_id=MIG-00000156 symbol=MIGA side=SELL qty=129 fill_price=22.96 match_ts_utc=2026-01-14T10:27:24Z dispatch_ts_utc=2026-01-14T10:27:24Z tz_offset_applied="+09:00" dispatch_status=ACK latency_ms=2457
2026-01-14T10:32:13Z [MIG-ENGINE] ORDER order_id=MIG-00000157 symbol=MIGB side=BUY qty=35 fill_price=3.90 match_ts_utc=2026-01-14T10:32:13Z dispatch_ts_utc=2026-01-14T10:32:13Z tz_offset_applied="+09:00" dispatch_status=TIMEOUT latency_ms=2014
2026-01-14T10:57:53Z [MIG-ENGINE] ORDER order_id=MIG-00000158 symbol=MIGA side=SELL qty=71 fill_price=40.98 match_ts_utc=2026-01-14T10:57:53Z dispatch_ts_utc=2026-01-14T10:57:53Z tz_offset_applied="+09:00" dispatch_status=RETRY latency_ms=2213
2026-01-14T10:59:11Z [MIG-ENGINE] ORDER order_id=MIG-00000159 symbol=MIGY side=SELL qty=146 fill_price=46.11 match_ts_utc=2026-01-14T10:59:11Z dispatch_ts_utc=2026-01-14T10:59:11Z tz_offset_applied="+00:00" dispatch_status=ACK latency_ms=3392
2026-01-14T10:33:54Z [MIG-ENGINE] ORDER order_id=MIG-00000160 symbol=MIGB side=BUY qty=21 fill_price=43.23 match_ts_utc=2026-01-14T10:33:54Z dispatch_ts_utc=2026-01-14T10:33:54Z tz_offset_applied="+08:00" dispatch_status=RETRY latency_ms=4696
2026-01-14T10:48:53Z [MIG-ENGINE] ORDER order_id=MIG-00000161 symbol=MIGX side=SELL qty=57 fill_price=27.60 match_ts_utc=2026-01-14T10:48:53Z dispatch_ts_utc=2026-01-14T10:48:53Z tz_offset_applied="+08:00" dispatch_status=SENT latency_ms=3667
2026-01-14T10:05:48Z [MIG-ENGINE] ORDER order_id=MIG-00000162 symbol=MIGX side=BUY qty=35 fill_price=1.92 match_ts_utc=2026-01-14T10:05:48Z dispatch_ts_utc=2026-01-14T10:05:48Z tz_offset_applied="+00:00" dispatch_status=SENT latency_ms=4496
2026-01-14T10:36:38Z [MIG-ENGINE] ORDER order_id=MIG-00000163 symbol=MIGX side=BUY qty=27 fill_price=38.30 match_ts_utc=2026-01-14T10:36:38Z dispatch_ts_utc=2026-01-14T10:36:38Z tz_offset_applied="+08:00" dispatch_status=RETRY latency_ms=3937
2026-01-14T10:00:07Z [MIG-ENGINE] ORDER order_id=MIG-00000164 symbol=MIGX side=SELL qty=127 fill_price=37.12 match_ts_utc=2026-01-14T10:00:07Z dispatch_ts_utc=2026-01-14T10:00:07Z tz_offset_applied="+00:00" dispatch_status=TIMEOUT latency_ms=3770
2026-01-14T10:08:16Z [MIG-ENGINE] ORDER order_id=MIG-00000165 symbol=MIGB side=SELL qty=88 fill_price=49.81 match_ts_utc=2026-01-14T10:08:16Z dispatch_ts_utc=2026-01-14T10:08:16Z tz_offset_applied="+00:00" dispatch_status=SENT latency_ms=32
2026-01-14T10:36:35Z [MIG-ENGINE] ORDER order_id=MIG-00000166 symbol=MIGX side=BUY qty=159 fill_price=47.14 match_ts_utc=2026-01-14T10:36:35Z dispatch_ts_utc=2026-01-14T10:36:35Z tz_offset_applied="+00:00" dispatch_status=SENT latency_ms=192
2026-01-14T10:51:16Z [MIG-ENGINE] ORDER order_id=MIG-00000167 symbol=MIGY side=BUY qty=18 fill_price=5.06 match_ts_utc=2026-01-14T10:51:16Z dispatch_ts_utc=2026-01-14T10:51:16Z tz_offset_applied="+08:00" dispatch_status=RETRY latency_ms=4461
2026-01-14T10:23:06Z [MIG-ENGINE] ORDER order_id=MIG-00000168 symbol=MIGZ side=SELL qty=67 fill_price=33.83 match_ts_utc=2026-01-14T10:23:06Z dispatch_ts_utc=2026-01-14T10:23:06Z tz_offset_applied="+00:00" dispatch_status=ACK latency_ms=1262
2026-01-14T10:06:09Z [MIG-ENGINE] ORDER order_id=MIG-00000169 symbol=MIGZ side=BUY qty=90 fill_price=36.34 match_ts_utc=2026-01-14T10:06:09Z dispatch_ts_utc=2026-01-14T10:06:09Z tz_offset_applied="+09:00" dispatch_status=SENT latency_ms=1880
2026-01-14T10:41:30Z [MIG-ENGINE] ORDER order_id=MIG-00000170 symbol=MIGA side=BUY qty=37 fill_price=23.78 match_ts_utc=2026-01-14T10:41:30Z dispatch_ts_utc=2026-01-14T10:41:30Z tz_offset_applied="+08:00" dispatch_status=ACK latency_ms=4515
2026-01-14T10:40:22Z [MIG-ENGINE] ORDER order_id=MIG-00000171 symbol=MIGA side=SELL qty=77 fill_price=2.87 match_ts_utc=2026-01-14T10:40:22Z dispatch_ts_utc=2026-01-14T10:40:22Z tz_offset_applied="+00:00" dispatch_status=ACK latency_ms=1984
2026-01-14T10:20:15Z [MIG-ENGINE] ORDER order_id=MIG-00000172 symbol=MIGA side=SELL qty=185 fill_price=21.72 match_ts_utc=2026-01-14T10:20:15Z dispatch_ts_utc=2026-01-14T10:20:15Z tz_offset_applied="+09:00" dispatch_status=TIMEOUT latency_ms=98
2026-01-14T10:09:13Z [MIG-ENGINE] ORDER order_id=MIG-00000173 symbol=MIGA side=BUY qty=136 fill_price=17.38 match_ts_utc=2026-01-14T10:09:13Z dispatch_ts_utc=2026-01-14T10:09:13Z tz_offset_applied="+00:00" dispatch_status=ACK latency_ms=1169
2026-01-14T10:22:03Z [MIG-ENGINE] ORDER order_id=MIG-00000174 symbol=MIGZ side=SELL qty=84 fill_price=33.60 match_ts_utc=2026-01-14T10:22:03Z dispatch_ts_utc=2026-01-14T10:22:03Z tz_offset_applied="+09:00" dispatch_status=SENT latency_ms=3122
2026-01-14T10:12:58Z [MIG-ENGINE] ORDER order_id=MIG-00000175 symbol=MIGX side=SELL qty=68 fill_price=38.63 match_ts_utc=2026-01-14T10:12:58Z dispatch_ts_utc=2026-01-14T10:12:58Z tz_offset_applied="+08:00" dispatch_status=RETRY latency_ms=2349
2026-01-14T10:28:55Z [MIG-ENGINE] ORDER order_id=MIG-00000176 symbol=MIGY side=BUY qty=148 fill_price=38.42 match_ts_utc=2026-01-14T10:28:55Z dispatch_ts_utc=2026-01-14T10:28:55Z tz_offset_applied="+09:00" dispatch_status=TIMEOUT latency_ms=4587
2026-01-14T10:13:47Z [MIG-ENGINE] ORDER order_id=MIG-00000177 symbol=MIGB side=SELL qty=80 fill_price=9.04 match_ts_utc=2026-01-14T10:13:47Z dispatch_ts_utc=2026-01-14T10:13:47Z tz_offset_applied="+09:00" dispatch_status=ACK latency_ms=2025
2026-01-14T10:17:05Z [MIG-ENGINE] ORDER order_id=MIG-00000178 symbol=MIGZ side=BUY qty=104 fill_price=16.27 match_ts_utc=2026-01-14T10:17:05Z dispatch_ts_utc=2026-01-14T10:17:05Z tz_offset_applied="+00:00" dispatch_status=SENT latency_ms=4971
2026-01-14T10:01:11Z [MIG-ENGINE] ORDER order_id=MIG-00000179 symbol=MIGB side=BUY qty=164 fill_price=30.57 match_ts_utc=2026-01-14T10:01:11Z dispatch_ts_utc=2026-01-14T10:01:11Z tz_offset_applied="+00:00" dispatch_status=RETRY latency_ms=2199
2026-01-14T10:39:24Z [MIG-ENGINE] ORDER order_id=MIG-00000180 symbol=MIGZ side=BUY qty=175 fill_price=45.66 match_ts_utc=2026-01-14T10:39:24Z dispatch_ts_utc=2026-01-14T10:39:24Z tz_offset_applied="+08:00" dispatch_status=TIMEOUT latency_ms=1831
2026-01-14T10:42:38Z [MIG-ENGINE] ORDER order_id=MIG-00000181 symbol=MIGY side=SELL qty=85 fill_price=12.92 match_ts_utc=2026-01-14T10:42:38Z dispatch_ts_utc=2026-01-14T10:42:38Z tz_offset_applied="+09:00" dispatch_status=ACK latency_ms=1315
2026-01-14T10:40:20Z [MIG-ENGINE] ORDER order_id=MIG-00000182 symbol=MIGY side=BUY qty=55 fill_price=15.86 match_ts_utc=2026-01-14T10:40:20Z dispatch_ts_utc=2026-01-14T10:40:20Z tz_offset_applied="+09:00" dispatch_status=RETRY latency_ms=3945
2026-01-14T10:41:09Z [MIG-ENGINE] ORDER order_id=MIG-00000183 symbol=MIGB side=SELL qty=189 fill_price=39.50 match_ts_utc=2026-01-14T10:41:09Z dispatch_ts_utc=2026-01-14T10:41:09Z tz_offset_applied="+08:00" dispatch_status=RETRY latency_ms=2519
2026-01-14T10:10:17Z [MIG-ENGINE] ORDER order_id=MIG-00000184 symbol=MIGZ side=BUY qty=178 fill_price=41.58 match_ts_utc=2026-01-14T10:10:17Z dispatch_ts_utc=2026-01-14T10:10:17Z tz_offset_applied="+00:00" dispatch_status=TIMEOUT latency_ms=608
2026-01-14T10:58:22Z [MIG-ENGINE] ORDER order_id=MIG-00000185 symbol=MIGB side=SELL qty=82 fill_price=25.28 match_ts_utc=2026-01-14T10:58:22Z dispatch_ts_utc=2026-01-14T10:58:22Z tz_offset_applied="+08:00" dispatch_status=RETRY latency_ms=4373
2026-01-14T10:45:01Z [MIG-ENGINE] ORDER order_id=MIG-00000186 symbol=MIGX side=SELL qty=96 fill_price=21.88 match_ts_utc=2026-01-14T10:45:01Z dispatch_ts_utc=2026-01-14T10:45:01Z tz_offset_applied="+09:00" dispatch_status=TIMEOUT latency_ms=3408
2026-01-14T10:13:47Z [MIG-ENGINE] ORDER order_id=MIG-00000187 symbol=MIGY side=SELL qty=137 fill_price=11.32 match_ts_utc=2026-01-14T10:13:47Z dispatch_ts_utc=2026-01-14T10:13:47Z tz_offset_applied="+09:00" dispatch_status=ACK latency_ms=1669
2026-01-14T10:03:34Z [MIG-ENGINE] ORDER order_id=MIG-00000188 symbol=MIGX side=SELL qty=90 fill_price=30.22 match_ts_utc=2026-01-14T10:03:34Z dispatch_ts_utc=2026-01-14T10:03:34Z tz_offset_applied="+09:00" dispatch_status=SENT latency_ms=901
2026-01-14T10:27:16Z [MIG-ENGINE] ORDER order_id=MIG-00000189 symbol=MIGA side=BUY qty=77 fill_price=14.72 match_ts_utc=2026-01-14T10:27:16Z dispatch_ts_utc=2026-01-14T10:27:16Z tz_offset_applied="+00:00" dispatch_status=TIMEOUT latency_ms=1423
2026-01-14T10:31:00Z [MIG-ENGINE] ORDER order_id=MIG-00000190 symbol=MIGX side=BUY qty=112 fill_price=27.83 match_ts_utc=2026-01-14T10:31:00Z dispatch_ts_utc=2026-01-14T10:31:00Z tz_offset_applied="+09:00" dispatch_status=ACK latency_ms=3772
2026-01-14T11:49:28Z [MIG-ENGINE] ORDER order_id=MIG-00000191 symbol=MIGA side=BUY qty=165 fill_price=2.44 match_ts_utc=2026-01-14T11:49:28Z dispatch_ts_utc=2026-01-14T11:49:28Z tz_offset_applied="+08:00" dispatch_status=TIMEOUT latency_ms=4127
2026-01-14T11:14:06Z [MIG-ENGINE] ORDER order_id=MIG-00000192 symbol=MIGY side=SELL qty=171 fill_price=8.24 match_ts_utc=2026-01-14T11:14:06Z dispatch_ts_utc=2026-01-14T11:14:06Z tz_offset_applied="+00:00" dispatch_status=SENT latency_ms=1084
2026-01-14T11:32:59Z [MIG-ENGINE] ORDER order_id=MIG-00000193 symbol=MIGY side=BUY qty=28 fill_price=1.80 match_ts_utc=2026-01-14T11:32:59Z dispatch_ts_utc=2026-01-14T11:32:59Z tz_offset_applied="+00:00" dispatch_status=SENT latency_ms=253
2026-01-14T11:31:52Z [MIG-ENGINE] ORDER order_id=MIG-00000194 symbol=MIGX side=BUY qty=52 fill_price=25.43 match_ts_utc=2026-01-14T11:31:52Z dispatch_ts_utc=2026-01-14T11:31:52Z tz_offset_applied="+08:00" dispatch_status=RETRY latency_ms=2367
2026-01-14T11:38:38Z [MIG-ENGINE] ORDER order_id=MIG-00000195 symbol=MIGZ side=SELL qty=126 fill_price=35.12 match_ts_utc=2026-01-14T11:38:38Z dispatch_ts_utc=2026-01-14T11:38:38Z tz_offset_applied="+00:00" dispatch_status=ACK latency_ms=306
2026-01-14T11:31:56Z [MIG-ENGINE] ORDER order_id=MIG-00000196 symbol=MIGA side=BUY qty=167 fill_price=3.84 match_ts_utc=2026-01-14T11:31:56Z dispatch_ts_utc=2026-01-14T11:31:56Z tz_offset_applied="+08:00" dispatch_status=SENT latency_ms=74
2026-01-14T11:23:44Z [MIG-ENGINE] ORDER order_id=MIG-00000197 symbol=MIGA side=BUY qty=19 fill_price=45.77 match_ts_utc=2026-01-14T11:23:44Z dispatch_ts_utc=2026-01-14T11:23:44Z tz_offset_applied="+00:00" dispatch_status=SENT latency_ms=4100
2026-01-14T11:14:30Z [MIG-ENGINE] ORDER order_id=MIG-00000198 symbol=MIGZ side=SELL qty=120 fill_price=13.29 match_ts_utc=2026-01-14T11:14:30Z dispatch_ts_utc=2026-01-14T11:14:30Z tz_offset_applied="+00:00" dispatch_status=ACK latency_ms=4349
2026-01-14T11:08:28Z [MIG-ENGINE] ORDER order_id=MIG-00000199 symbol=MIGB side=SELL qty=16 fill_price=32.00 match_ts_utc=2026-01-14T11:08:28Z dispatch_ts_utc=2026-01-14T11:08:28Z tz_offset_applied="+08:00" dispatch_status=ACK latency_ms=3112
2026-01-14T11:24:42Z [MIG-ENGINE] ORDER order_id=MIG-00000200 symbol=MIGA side=BUY qty=34 fill_price=27.74 match_ts_utc=2026-01-14T11:24:42Z dispatch_ts_utc=2026-01-14T11:24:42Z tz_offset_applied="+08:00" dispatch_status=TIMEOUT latency_ms=4749
2026-01-14T11:18:36Z [MIG-ENGINE] ORDER order_id=MIG-00000201 symbol=MIGA side=SELL qty=40 fill_price=13.13 match_ts_utc=2026-01-14T11:18:36Z dispatch_ts_utc=2026-01-14T11:18:36Z tz_offset_applied="+08:00" dispatch_status=SENT latency_ms=498
2026-01-14T11:22:59Z [MIG-ENGINE] ORDER order_id=MIG-00000202 symbol=MIGB side=SELL qty=115 fill_price=34.59 match_ts_utc=2026-01-14T11:22:59Z dispatch_ts_utc=2026-01-14T11:22:59Z tz_offset_applied="+08:00" dispatch_status=TIMEOUT latency_ms=308
2026-01-14T11:19:12Z [MIG-ENGINE] ORDER order_id=MIG-00000203 symbol=MIGA side=SELL qty=82 fill_price=17.43 match_ts_utc=2026-01-14T11:19:12Z dispatch_ts_utc=2026-01-14T11:19:12Z tz_offset_applied="+08:00" dispatch_status=ACK latency_ms=327
2026-01-14T11:19:32Z [MIG-ENGINE] ORDER order_id=MIG-00000204 symbol=MIGZ side=SELL qty=49 fill_price=22.43 match_ts_utc=2026-01-14T11:19:32Z dispatch_ts_utc=2026-01-14T11:19:32Z tz_offset_applied="+08:00" dispatch_status=TIMEOUT latency_ms=2218
2026-01-14T11:24:38Z [MIG-ENGINE] ORDER order_id=MIG-00000205 symbol=MIGB side=BUY qty=38 fill_price=36.36 match_ts_utc=2026-01-14T11:24:38Z dispatch_ts_utc=2026-01-14T11:24:38Z tz_offset_applied="+08:00" dispatch_status=SENT latency_ms=1799
2026-01-14T11:42:25Z [MIG-ENGINE] ORDER order_id=MIG-00000206 symbol=MIGZ side=BUY qty=85 fill_price=47.51 match_ts_utc=2026-01-14T11:42:25Z dispatch_ts_utc=2026-01-14T11:42:25Z tz_offset_applied="+08:00" dispatch_status=TIMEOUT latency_ms=3261
2026-01-14T11:42:16Z [MIG-ENGINE] ORDER order_id=MIG-00000207 symbol=MIGB side=SELL qty=152 fill_price=13.95 match_ts_utc=2026-01-14T11:42:16Z dispatch_ts_utc=2026-01-14T11:42:16Z tz_offset_applied="+00:00" dispatch_status=SENT latency_ms=1737
2026-01-14T11:31:58Z [MIG-ENGINE] ORDER order_id=MIG-00000208 symbol=MIGY side=BUY qty=130 fill_price=34.40 match_ts_utc=2026-01-14T11:31:58Z dispatch_ts_utc=2026-01-14T11:31:58Z tz_offset_applied="+08:00" dispatch_status=TIMEOUT latency_ms=3624
2026-01-14T11:56:31Z [MIG-ENGINE] ORDER order_id=MIG-00000209 symbol=MIGZ side=SELL qty=157 fill_price=40.64 match_ts_utc=2026-01-14T11:56:31Z dispatch_ts_utc=2026-01-14T11:56:31Z tz_offset_applied="+09:00" dispatch_status=SENT latency_ms=4184
2026-01-14T11:16:07Z [MIG-ENGINE] ORDER order_id=MIG-00000210 symbol=MIGB side=BUY qty=34 fill_price=27.78 match_ts_utc=2026-01-14T11:16:07Z dispatch_ts_utc=2026-01-14T11:16:07Z tz_offset_applied="+00:00" dispatch_status=SENT latency_ms=4606
2026-01-14T11:16:00Z [MIG-ENGINE] ORDER order_id=MIG-00000211 symbol=MIGB side=SELL qty=175 fill_price=49.36 match_ts_utc=2026-01-14T11:16:00Z dispatch_ts_utc=2026-01-14T11:16:00Z tz_offset_applied="+08:00" dispatch_status=SENT latency_ms=4573
2026-01-14T11:31:17Z [MIG-ENGINE] ORDER order_id=MIG-00000212 symbol=MIGA side=SELL qty=14 fill_price=35.96 match_ts_utc=2026-01-14T11:31:17Z dispatch_ts_utc=2026-01-14T11:31:17Z tz_offset_applied="+00:00" dispatch_status=TIMEOUT latency_ms=1135
2026-01-14T11:11:03Z [MIG-ENGINE] ORDER order_id=MIG-00000213 symbol=MIGY side=BUY qty=124 fill_price=37.67 match_ts_utc=2026-01-14T11:11:03Z dispatch_ts_utc=2026-01-14T11:11:03Z tz_offset_applied="+08:00" dispatch_status=ACK latency_ms=2458
2026-01-14T11:04:49Z [MIG-ENGINE] ORDER order_id=MIG-00000214 symbol=MIGA side=BUY qty=122 fill_price=13.48 match_ts_utc=2026-01-14T11:04:49Z dispatch_ts_utc=2026-01-14T11:04:49Z tz_offset_applied="+00:00" dispatch_status=RETRY latency_ms=2984
2026-01-14T11:47:41Z [MIG-ENGINE] ORDER order_id=MIG-00000215 symbol=MIGY side=SELL qty=101 fill_price=37.75 match_ts_utc=2026-01-14T11:47:41Z dispatch_ts_utc=2026-01-14T11:47:41Z tz_offset_applied="+08:00" dispatch_status=ACK latency_ms=55
2026-01-14T11:10:45Z [MIG-ENGINE] ORDER order_id=MIG-00000216 symbol=MIGX side=SELL qty=17 fill_price=35.40 match_ts_utc=2026-01-14T11:10:45Z dispatch_ts_utc=2026-01-14T11:10:45Z tz_offset_applied="+09:00" dispatch_status=TIMEOUT latency_ms=1411
2026-01-14T11:00:55Z [MIG-ENGINE] ORDER order_id=MIG-00000217 symbol=MIGY side=BUY qty=46 fill_price=45.71 match_ts_utc=2026-01-14T11:00:55Z dispatch_ts_utc=2026-01-14T11:00:55Z tz_offset_applied="+09:00" dispatch_status=ACK latency_ms=397
2026-01-14T11:06:50Z [MIG-ENGINE] ORDER order_id=MIG-00000218 symbol=MIGY side=BUY qty=122 fill_price=32.75 match_ts_utc=2026-01-14T11:06:50Z dispatch_ts_utc=2026-01-14T11:06:50Z tz_offset_applied="+08:00" dispatch_status=TIMEOUT latency_ms=2304
2026-01-14T11:32:10Z [MIG-ENGINE] ORDER order_id=MIG-00000219 symbol=MIGB side=BUY qty=81 fill_price=26.00 match_ts_utc=2026-01-14T11:32:10Z dispatch_ts_utc=2026-01-14T11:32:10Z tz_offset_applied="+08:00" dispatch_status=SENT latency_ms=3173
2026-01-14T11:00:05Z [MIG-ENGINE] ORDER order_id=MIG-00000220 symbol=MIGY side=SELL qty=154 fill_price=49.63 match_ts_utc=2026-01-14T11:00:05Z dispatch_ts_utc=2026-01-14T11:00:05Z tz_offset_applied="+08:00" dispatch_status=RETRY latency_ms=264
2026-01-14T11:35:02Z [MIG-ENGINE] ORDER order_id=MIG-00000221 symbol=MIGA side=BUY qty=13 fill_price=10.92 match_ts_utc=2026-01-14T11:35:02Z dispatch_ts_utc=2026-01-14T11:35:02Z tz_offset_applied="+00:00" dispatch_status=SENT latency_ms=1405
2026-01-14T11:23:44Z [MIG-ENGINE] ORDER order_id=MIG-00000222 symbol=MIGX side=BUY qty=70 fill_price=47.10 match_ts_utc=2026-01-14T11:23:44Z dispatch_ts_utc=2026-01-14T11:23:44Z tz_offset_applied="+09:00" dispatch_status=ACK latency_ms=3120
2026-01-14T11:17:12Z [MIG-ENGINE] ORDER order_id=MIG-00000223 symbol=MIGB side=SELL qty=134 fill_price=26.54 match_ts_utc=2026-01-14T11:17:12Z dispatch_ts_utc=2026-01-14T11:17:12Z tz_offset_applied="+09:00" dispatch_status=RETRY latency_ms=4859
2026-01-14T11:51:17Z [MIG-ENGINE] ORDER order_id=MIG-00000224 symbol=MIGB side=SELL qty=49 fill_price=1.29 match_ts_utc=2026-01-14T11:51:17Z dispatch_ts_utc=2026-01-14T11:51:17Z tz_offset_applied="+09:00" dispatch_status=ACK latency_ms=4675
2026-01-14T11:24:56Z [MIG-ENGINE] ORDER order_id=MIG-00000225 symbol=MIGX side=SELL qty=74 fill_price=34.00 match_ts_utc=2026-01-14T11:24:56Z dispatch_ts_utc=2026-01-14T11:24:56Z tz_offset_applied="+08:00" dispatch_status=TIMEOUT latency_ms=4521
2026-01-14T11:58:41Z [MIG-ENGINE] ORDER order_id=MIG-00000226 symbol=MIGA side=BUY qty=161 fill_price=35.86 match_ts_utc=2026-01-14T11:58:41Z dispatch_ts_utc=2026-01-14T11:58:41Z tz_offset_applied="+09:00" dispatch_status=ACK latency_ms=3795
2026-01-14T11:20:31Z [MIG-ENGINE] ORDER order_id=MIG-00000227 symbol=MIGB side=SELL qty=96 fill_price=9.60 match_ts_utc=2026-01-14T11:20:31Z dispatch_ts_utc=2026-01-14T11:20:31Z tz_offset_applied="+00:00" dispatch_status=TIMEOUT latency_ms=4940
2026-01-14T11:17:21Z [MIG-ENGINE] ORDER order_id=MIG-00000228 symbol=MIGB side=BUY qty=64 fill_price=18.34 match_ts_utc=2026-01-14T11:17:21Z dispatch_ts_utc=2026-01-14T11:17:21Z tz_offset_applied="+00:00" dispatch_status=ACK latency_ms=1521
2026-01-14T11:34:00Z [MIG-ENGINE] ORDER order_id=MIG-00000229 symbol=MIGA side=SELL qty=61 fill_price=48.33 match_ts_utc=2026-01-14T11:34:00Z dispatch_ts_utc=2026-01-14T11:34:00Z tz_offset_applied="+00:00" dispatch_status=ACK latency_ms=4293
2026-01-14T11:04:06Z [MIG-ENGINE] ORDER order_id=MIG-00000230 symbol=MIGB side=BUY qty=118 fill_price=22.46 match_ts_utc=2026-01-14T11:04:06Z dispatch_ts_utc=2026-01-14T11:04:06Z tz_offset_applied="+08:00" dispatch_status=ACK latency_ms=1678
2026-01-14T11:15:58Z [MIG-ENGINE] ORDER order_id=MIG-00000231 symbol=MIGY side=SELL qty=145 fill_price=10.18 match_ts_utc=2026-01-14T11:15:58Z dispatch_ts_utc=2026-01-14T11:15:58Z tz_offset_applied="+08:00" dispatch_status=SENT latency_ms=628
2026-01-14T11:46:05Z [MIG-ENGINE] ORDER order_id=MIG-00000232 symbol=MIGA side=SELL qty=80 fill_price=11.12 match_ts_utc=2026-01-14T11:46:05Z dispatch_ts_utc=2026-01-14T11:46:05Z tz_offset_applied="+08:00" dispatch_status=ACK latency_ms=3784
2026-01-14T11:34:06Z [MIG-ENGINE] ORDER order_id=MIG-00000233 symbol=MIGX side=BUY qty=173 fill_price=10.31 match_ts_utc=2026-01-14T11:34:06Z dispatch_ts_utc=2026-01-14T11:34:06Z tz_offset_applied="+09:00" dispatch_status=RETRY latency_ms=2695
2026-01-14T11:28:55Z [MIG-ENGINE] ORDER order_id=MIG-00000234 symbol=MIGZ side=SELL qty=54 fill_price=45.94 match_ts_utc=2026-01-14T11:28:55Z dispatch_ts_utc=2026-01-14T11:28:55Z tz_offset_applied="+09:00" dispatch_status=SENT latency_ms=2089
2026-01-14T11:37:06Z [MIG-ENGINE] ORDER order_id=MIG-00000235 symbol=MIGY side=SELL qty=194 fill_price=45.48 match_ts_utc=2026-01-14T11:37:06Z dispatch_ts_utc=2026-01-14T11:37:06Z tz_offset_applied="+00:00" dispatch_status=ACK latency_ms=4264
2026-01-14T11:10:28Z [MIG-ENGINE] ORDER order_id=MIG-00000236 symbol=MIGZ side=SELL qty=154 fill_price=5.24 match_ts_utc=2026-01-14T11:10:28Z dispatch_ts_utc=2026-01-14T11:10:28Z tz_offset_applied="+09:00" dispatch_status=ACK latency_ms=3102
2026-01-14T11:54:30Z [MIG-ENGINE] ORDER order_id=MIG-00000237 symbol=MIGZ side=BUY qty=152 fill_price=3.61 match_ts_utc=2026-01-14T11:54:30Z dispatch_ts_utc=2026-01-14T11:54:30Z tz_offset_applied="+08:00" dispatch_status=SENT latency_ms=3879
2026-01-14T11:22:46Z [MIG-ENGINE] ORDER order_id=MIG-00000238 symbol=MIGX side=BUY qty=27 fill_price=28.89 match_ts_utc=2026-01-14T11:22:46Z dispatch_ts_utc=2026-01-14T11:22:46Z tz_offset_applied="+00:00" dispatch_status=RETRY latency_ms=3983
2026-01-14T12:08:16Z [MIG-ENGINE] ORDER order_id=MIG-00000239 symbol=MIGY side=SELL qty=19 fill_price=7.17 match_ts_utc=2026-01-14T12:08:16Z dispatch_ts_utc=2026-01-14T12:08:16Z tz_offset_applied="+09:00" dispatch_status=SENT latency_ms=3626
2026-01-14T12:45:33Z [MIG-ENGINE] ORDER order_id=MIG-00000240 symbol=MIGY side=SELL qty=23 fill_price=20.67 match_ts_utc=2026-01-14T12:45:33Z dispatch_ts_utc=2026-01-14T12:45:33Z tz_offset_applied="+08:00" dispatch_status=SENT latency_ms=3391
2026-01-14T12:57:31Z [MIG-ENGINE] ORDER order_id=MIG-00000241 symbol=MIGZ side=BUY qty=45 fill_price=1.37 match_ts_utc=2026-01-14T12:57:31Z dispatch_ts_utc=2026-01-14T12:57:31Z tz_offset_applied="+09:00" dispatch_status=TIMEOUT latency_ms=2632
2026-01-14T12:55:26Z [MIG-ENGINE] ORDER order_id=MIG-00000242 symbol=MIGZ side=BUY qty=23 fill_price=8.19 match_ts_utc=2026-01-14T12:55:26Z dispatch_ts_utc=2026-01-14T12:55:26Z tz_offset_applied="+08:00" dispatch_status=ACK latency_ms=1861
2026-01-14T12:10:22Z [MIG-ENGINE] ORDER order_id=MIG-00000243 symbol=MIGY side=SELL qty=31 fill_price=43.66 match_ts_utc=2026-01-14T12:10:22Z dispatch_ts_utc=2026-01-14T12:10:22Z tz_offset_applied="+08:00" dispatch_status=SENT latency_ms=2205
2026-01-14T12:56:57Z [MIG-ENGINE] ORDER order_id=MIG-00000244 symbol=MIGY side=BUY qty=21 fill_price=19.58 match_ts_utc=2026-01-14T12:56:57Z dispatch_ts_utc=2026-01-14T12:56:57Z tz_offset_applied="+08:00" dispatch_status=SENT latency_ms=427
2026-01-14T12:22:21Z [MIG-ENGINE] ORDER order_id=MIG-00000245 symbol=MIGX side=BUY qty=155 fill_price=20.84 match_ts_utc=2026-01-14T12:22:21Z dispatch_ts_utc=2026-01-14T12:22:21Z tz_offset_applied="+08:00" dispatch_status=ACK latency_ms=1210
2026-01-14T12:37:25Z [MIG-ENGINE] ORDER order_id=MIG-00000246 symbol=MIGB side=SELL qty=23 fill_price=7.37 match_ts_utc=2026-01-14T12:37:25Z dispatch_ts_utc=2026-01-14T12:37:25Z tz_offset_applied="+00:00" dispatch_status=SENT latency_ms=1844
2026-01-14T12:50:48Z [MIG-ENGINE] ORDER order_id=MIG-00000247 symbol=MIGZ side=BUY qty=200 fill_price=41.18 match_ts_utc=2026-01-14T12:50:48Z dispatch_ts_utc=2026-01-14T12:50:48Z tz_offset_applied="+08:00" dispatch_status=ACK latency_ms=1182
2026-01-14T12:05:46Z [MIG-ENGINE] ORDER order_id=MIG-00000248 symbol=MIGZ side=SELL qty=167 fill_price=14.14 match_ts_utc=2026-01-14T12:05:46Z dispatch_ts_utc=2026-01-14T12:05:46Z tz_offset_applied="+00:00" dispatch_status=ACK latency_ms=2085
2026-01-14T12:25:00Z [MIG-ENGINE] ORDER order_id=MIG-00000249 symbol=MIGY side=SELL qty=10 fill_price=18.34 match_ts_utc=2026-01-14T12:25:00Z dispatch_ts_utc=2026-01-14T12:25:00Z tz_offset_applied="+09:00" dispatch_status=TIMEOUT latency_ms=2209
2026-01-14T12:00:31Z [MIG-ENGINE] ORDER order_id=MIG-00000250 symbol=MIGY side=SELL qty=84 fill_price=43.59 match_ts_utc=2026-01-14T12:00:31Z dispatch_ts_utc=2026-01-14T12:00:31Z tz_offset_applied="+09:00" dispatch_status=RETRY latency_ms=1041
2026-01-14T12:30:16Z [MIG-ENGINE] ORDER order_id=MIG-00000251 symbol=MIGB side=SELL qty=71 fill_price=22.92 match_ts_utc=2026-01-14T12:30:16Z dispatch_ts_utc=2026-01-14T12:30:16Z tz_offset_applied="+09:00" dispatch_status=TIMEOUT latency_ms=3632
2026-01-14T12:56:14Z [MIG-ENGINE] ORDER order_id=MIG-00000252 symbol=MIGY side=BUY qty=83 fill_price=18.35 match_ts_utc=2026-01-14T12:56:14Z dispatch_ts_utc=2026-01-14T12:56:14Z tz_offset_applied="+08:00" dispatch_status=ACK latency_ms=4653
2026-01-14T12:20:08Z [MIG-ENGINE] ORDER order_id=MIG-00000253 symbol=MIGB side=SELL qty=154 fill_price=29.65 match_ts_utc=2026-01-14T12:20:08Z dispatch_ts_utc=2026-01-14T12:20:08Z tz_offset_applied="+09:00" dispatch_status=RETRY latency_ms=4035
2026-01-14T12:54:35Z [MIG-ENGINE] ORDER order_id=MIG-00000254 symbol=MIGA side=BUY qty=53 fill_price=31.89 match_ts_utc=2026-01-14T12:54:35Z dispatch_ts_utc=2026-01-14T12:54:35Z tz_offset_applied="+09:00" dispatch_status=RETRY latency_ms=2593
2026-01-14T12:20:34Z [MIG-ENGINE] ORDER order_id=MIG-00000255 symbol=MIGY side=BUY qty=36 fill_price=47.22 match_ts_utc=2026-01-14T12:20:34Z dispatch_ts_utc=2026-01-14T12:20:34Z tz_offset_applied="+00:00" dispatch_status=RETRY latency_ms=3194
2026-01-14T12:40:05Z [MIG-ENGINE] ORDER order_id=MIG-00000256 symbol=MIGX side=BUY qty=24 fill_price=37.79 match_ts_utc=2026-01-14T12:40:05Z dispatch_ts_utc=2026-01-14T12:40:05Z tz_offset_applied="+00:00" dispatch_status=SENT latency_ms=3455
2026-01-14T12:49:23Z [MIG-ENGINE] ORDER order_id=MIG-00000257 symbol=MIGY side=SELL qty=87 fill_price=24.38 match_ts_utc=2026-01-14T12:49:23Z dispatch_ts_utc=2026-01-14T12:49:23Z tz_offset_applied="+08:00" dispatch_status=TIMEOUT latency_ms=3269
2026-01-14T12:47:11Z [MIG-ENGINE] ORDER order_id=MIG-00000258 symbol=MIGZ side=BUY qty=101 fill_price=25.22 match_ts_utc=2026-01-14T12:47:11Z dispatch_ts_utc=2026-01-14T12:47:11Z tz_offset_applied="+09:00" dispatch_status=SENT latency_ms=718
2026-01-14T12:26:41Z [MIG-ENGINE] ORDER order_id=MIG-00000259 symbol=MIGY side=BUY qty=39 fill_price=39.34 match_ts_utc=2026-01-14T12:26:41Z dispatch_ts_utc=2026-01-14T12:26:41Z tz_offset_applied="+08:00" dispatch_status=SENT latency_ms=1518
2026-01-14T12:03:04Z [MIG-ENGINE] ORDER order_id=MIG-00000260 symbol=MIGX side=SELL qty=72 fill_price=27.36 match_ts_utc=2026-01-14T12:03:04Z dispatch_ts_utc=2026-01-14T12:03:04Z tz_offset_applied="+08:00" dispatch_status=RETRY latency_ms=2030
2026-01-14T12:58:35Z [MIG-ENGINE] ORDER order_id=MIG-00000261 symbol=MIGA side=SELL qty=33 fill_price=45.76 match_ts_utc=2026-01-14T12:58:35Z dispatch_ts_utc=2026-01-14T12:58:35Z tz_offset_applied="+00:00" dispatch_status=RETRY latency_ms=517
2026-01-14T12:22:24Z [MIG-ENGINE] ORDER order_id=MIG-00000262 symbol=MIGB side=SELL qty=109 fill_price=43.45 match_ts_utc=2026-01-14T12:22:24Z dispatch_ts_utc=2026-01-14T12:22:24Z tz_offset_applied="+00:00" dispatch_status=SENT latency_ms=1937
2026-01-14T12:10:20Z [MIG-ENGINE] ORDER order_id=MIG-00000263 symbol=MIGY side=BUY qty=68 fill_price=45.87 match_ts_utc=2026-01-14T12:10:20Z dispatch_ts_utc=2026-01-14T12:10:20Z tz_offset_applied="+00:00" dispatch_status=TIMEOUT latency_ms=2375
2026-01-14T12:43:34Z [MIG-ENGINE] ORDER order_id=MIG-00000264 symbol=MIGY side=SELL qty=172 fill_price=21.81 match_ts_utc=2026-01-14T12:43:34Z dispatch_ts_utc=2026-01-14T12:43:34Z tz_offset_applied="+00:00" dispatch_status=RETRY latency_ms=583
2026-01-14T12:36:17Z [MIG-ENGINE] ORDER order_id=MIG-00000265 symbol=MIGY side=BUY qty=148 fill_price=49.31 match_ts_utc=2026-01-14T12:36:17Z dispatch_ts_utc=2026-01-14T12:36:17Z tz_offset_applied="+08:00" dispatch_status=SENT latency_ms=4915
2026-01-14T12:04:54Z [MIG-ENGINE] ORDER order_id=MIG-00000266 symbol=MIGX side=BUY qty=23 fill_price=26.52 match_ts_utc=2026-01-14T12:04:54Z dispatch_ts_utc=2026-01-14T12:04:54Z tz_offset_applied="+08:00" dispatch_status=TIMEOUT latency_ms=69
2026-01-14T12:48:33Z [MIG-ENGINE] ORDER order_id=MIG-00000267 symbol=MIGX side=BUY qty=38 fill_price=10.66 match_ts_utc=2026-01-14T12:48:33Z dispatch_ts_utc=2026-01-14T12:48:33Z tz_offset_applied="+00:00" dispatch_status=ACK latency_ms=4890
2026-01-14T12:03:52Z [MIG-ENGINE] ORDER order_id=MIG-00000268 symbol=MIGY side=SELL qty=187 fill_price=15.83 match_ts_utc=2026-01-14T12:03:52Z dispatch_ts_utc=2026-01-14T12:03:52Z tz_offset_applied="+00:00" dispatch_status=RETRY latency_ms=193
2026-01-14T12:24:05Z [MIG-ENGINE] ORDER order_id=MIG-00000269 symbol=MIGY side=SELL qty=156 fill_price=47.28 match_ts_utc=2026-01-14T12:24:05Z dispatch_ts_utc=2026-01-14T12:24:05Z tz_offset_applied="+00:00" dispatch_status=SENT latency_ms=1650
2026-01-14T12:53:32Z [MIG-ENGINE] ORDER order_id=MIG-00000270 symbol=MIGX side=BUY qty=198 fill_price=21.97 match_ts_utc=2026-01-14T12:53:32Z dispatch_ts_utc=2026-01-14T12:53:32Z tz_offset_applied="+09:00" dispatch_status=ACK latency_ms=4994
2026-01-14T12:12:21Z [MIG-ENGINE] ORDER order_id=MIG-00000271 symbol=MIGA side=BUY qty=42 fill_price=37.60 match_ts_utc=2026-01-14T12:12:21Z dispatch_ts_utc=2026-01-14T12:12:21Z tz_offset_applied="+09:00" dispatch_status=ACK latency_ms=1949
2026-01-14T12:25:58Z [MIG-ENGINE] ORDER order_id=MIG-00000272 symbol=MIGZ side=BUY qty=56 fill_price=20.53 match_ts_utc=2026-01-14T12:25:58Z dispatch_ts_utc=2026-01-14T12:25:58Z tz_offset_applied="+09:00" dispatch_status=ACK latency_ms=3549
2026-01-14T12:43:19Z [MIG-ENGINE] ORDER order_id=MIG-00000273 symbol=MIGY side=BUY qty=60 fill_price=7.58 match_ts_utc=2026-01-14T12:43:19Z dispatch_ts_utc=2026-01-14T12:43:19Z tz_offset_applied="+08:00" dispatch_status=ACK latency_ms=2215
2026-01-14T12:52:54Z [MIG-ENGINE] ORDER order_id=MIG-00000274 symbol=MIGY side=BUY qty=27 fill_price=19.17 match_ts_utc=2026-01-14T12:52:54Z dispatch_ts_utc=2026-01-14T12:52:54Z tz_offset_applied="+00:00" dispatch_status=ACK latency_ms=3258
2026-01-14T12:58:42Z [MIG-ENGINE] ORDER order_id=MIG-00000275 symbol=MIGZ side=BUY qty=42 fill_price=6.28 match_ts_utc=2026-01-14T12:58:42Z dispatch_ts_utc=2026-01-14T12:58:42Z tz_offset_applied="+09:00" dispatch_status=TIMEOUT latency_ms=1424
2026-01-14T12:53:10Z [MIG-ENGINE] ORDER order_id=MIG-00000276 symbol=MIGY side=SELL qty=105 fill_price=19.11 match_ts_utc=2026-01-14T12:53:10Z dispatch_ts_utc=2026-01-14T12:53:10Z tz_offset_applied="+00:00" dispatch_status=ACK latency_ms=4
2026-01-14T12:01:50Z [MIG-ENGINE] ORDER order_id=MIG-00000277 symbol=MIGZ side=BUY qty=119 fill_price=22.66 match_ts_utc=2026-01-14T12:01:50Z dispatch_ts_utc=2026-01-14T12:01:50Z tz_offset_applied="+00:00" dispatch_status=ACK latency_ms=3923
2026-01-14T12:44:21Z [MIG-ENGINE] ORDER order_id=MIG-00000278 symbol=MIGB side=SELL qty=128 fill_price=31.86 match_ts_utc=2026-01-14T12:44:21Z dispatch_ts_utc=2026-01-14T12:44:21Z tz_offset_applied="+08:00" dispatch_status=RETRY latency_ms=1292
2026-01-14T12:51:08Z [MIG-ENGINE] ORDER order_id=MIG-00000279 symbol=MIGZ side=SELL qty=196 fill_price=48.40 match_ts_utc=2026-01-14T12:51:08Z dispatch_ts_utc=2026-01-14T12:51:08Z tz_offset_applied="+09:00" dispatch_status=SENT latency_ms=417
2026-01-14T12:03:13Z [MIG-ENGINE] ORDER order_id=MIG-00000280 symbol=MIGA side=BUY qty=73 fill_price=12.56 match_ts_utc=2026-01-14T12:03:13Z dispatch_ts_utc=2026-01-14T12:03:13Z tz_offset_applied="+08:00" dispatch_status=ACK latency_ms=2699
2026-01-14T12:34:09Z [MIG-ENGINE] ORDER order_id=MIG-00000281 symbol=MIGB side=BUY qty=143 fill_price=49.91 match_ts_utc=2026-01-14T12:34:09Z dispatch_ts_utc=2026-01-14T12:34:09Z tz_offset_applied="+00:00" dispatch_status=TIMEOUT latency_ms=2268
2026-01-14T12:05:37Z [MIG-ENGINE] ORDER order_id=MIG-00000282 symbol=MIGZ side=SELL qty=59 fill_price=15.65 match_ts_utc=2026-01-14T12:05:37Z dispatch_ts_utc=2026-01-14T12:05:37Z tz_offset_applied="+08:00" dispatch_status=ACK latency_ms=1878
2026-01-14T12:04:27Z [MIG-ENGINE] ORDER order_id=MIG-00000283 symbol=MIGY side=SELL qty=172 fill_price=47.77 match_ts_utc=2026-01-14T12:04:27Z dispatch_ts_utc=2026-01-14T12:04:27Z tz_offset_applied="+00:00" dispatch_status=SENT latency_ms=715
2026-01-14T12:21:56Z [MIG-ENGINE] ORDER order_id=MIG-00000284 symbol=MIGB side=SELL qty=26 fill_price=30.82 match_ts_utc=2026-01-14T12:21:56Z dispatch_ts_utc=2026-01-14T12:21:56Z tz_offset_applied="+09:00" dispatch_status=ACK latency_ms=994
2026-01-14T12:52:15Z [MIG-ENGINE] ORDER order_id=MIG-00000285 symbol=MIGX side=SELL qty=69 fill_price=24.75 match_ts_utc=2026-01-14T12:52:15Z dispatch_ts_utc=2026-01-14T12:52:15Z tz_offset_applied="+09:00" dispatch_status=SENT latency_ms=3805
2026-01-14T12:34:07Z [MIG-ENGINE] ORDER order_id=MIG-00000286 symbol=MIGY side=BUY qty=176 fill_price=28.23 match_ts_utc=2026-01-14T12:34:07Z dispatch_ts_utc=2026-01-14T12:34:07Z tz_offset_applied="+08:00" dispatch_status=TIMEOUT latency_ms=4624
2026-01-14T12:29:12Z [MIG-ENGINE] ORDER order_id=MIG-00000287 symbol=MIGB side=SELL qty=159 fill_price=9.89 match_ts_utc=2026-01-14T12:29:12Z dispatch_ts_utc=2026-01-14T12:29:12Z tz_offset_applied="+00:00" dispatch_status=TIMEOUT latency_ms=2571
2026-01-14T12:30:53Z [MIG-ENGINE] ORDER order_id=MIG-00000288 symbol=MIGB side=SELL qty=162 fill_price=27.08 match_ts_utc=2026-01-14T12:30:53Z dispatch_ts_utc=2026-01-14T12:30:53Z tz_offset_applied="+09:00" dispatch_status=SENT latency_ms=4407
2026-01-14T12:58:03Z [MIG-ENGINE] ORDER order_id=MIG-00000289 symbol=MIGX side=BUY qty=50 fill_price=44.41 match_ts_utc=2026-01-14T12:58:03Z dispatch_ts_utc=2026-01-14T12:58:03Z tz_offset_applied="+00:00" dispatch_status=RETRY latency_ms=1060
2026-01-14T12:27:42Z [MIG-ENGINE] ORDER order_id=MIG-00000290 symbol=MIGZ side=BUY qty=39 fill_price=28.79 match_ts_utc=2026-01-14T12:27:42Z dispatch_ts_utc=2026-01-14T12:27:42Z tz_offset_applied="+08:00" dispatch_status=SENT latency_ms=3429
2026-01-14T12:34:55Z [MIG-ENGINE] ORDER order_id=MIG-00000291 symbol=MIGB side=BUY qty=170 fill_price=17.03 match_ts_utc=2026-01-14T12:34:55Z dispatch_ts_utc=2026-01-14T12:34:55Z tz_offset_applied="+08:00" dispatch_status=TIMEOUT latency_ms=1307
2026-01-14T12:08:14Z [MIG-ENGINE] ORDER order_id=MIG-00000292 symbol=MIGY side=BUY qty=111 fill_price=4.21 match_ts_utc=2026-01-14T12:08:14Z dispatch_ts_utc=2026-01-14T12:08:14Z tz_offset_applied="+00:00" dispatch_status=SENT latency_ms=3071
2026-01-14T12:29:37Z [MIG-ENGINE] ORDER order_id=MIG-00000293 symbol=MIGY side=BUY qty=199 fill_price=32.58 match_ts_utc=2026-01-14T12:29:37Z dispatch_ts_utc=2026-01-14T12:29:37Z tz_offset_applied="+00:00" dispatch_status=SENT latency_ms=4250
2026-01-14T12:03:00Z [MIG-ENGINE] ORDER order_id=MIG-00000294 symbol=MIGA side=SELL qty=57 fill_price=15.66 match_ts_utc=2026-01-14T12:03:00Z dispatch_ts_utc=2026-01-14T12:03:00Z tz_offset_applied="+08:00" dispatch_status=RETRY latency_ms=3598
2026-01-14T12:26:32Z [MIG-ENGINE] ORDER order_id=MIG-00000295 symbol=MIGB side=BUY qty=91 fill_price=5.34 match_ts_utc=2026-01-14T12:26:32Z dispatch_ts_utc=2026-01-14T12:26:32Z tz_offset_applied="+08:00" dispatch_status=SENT latency_ms=1043
2026-01-14T12:38:46Z [MIG-ENGINE] ORDER order_id=MIG-00000296 symbol=MIGX side=BUY qty=200 fill_price=45.31 match_ts_utc=2026-01-14T12:38:46Z dispatch_ts_utc=2026-01-14T12:38:46Z tz_offset_applied="+00:00" dispatch_status=RETRY latency_ms=3789
2026-01-14T12:49:32Z [MIG-ENGINE] ORDER order_id=MIG-00000297 symbol=MIGA side=BUY qty=13 fill_price=8.30 match_ts_utc=2026-01-14T12:49:32Z dispatch_ts_utc=2026-01-14T12:49:32Z tz_offset_applied="+00:00" dispatch_status=TIMEOUT latency_ms=1151
2026-01-14T12:43:18Z [MIG-ENGINE] ORDER order_id=MIG-00000298 symbol=MIGB side=BUY qty=127 fill_price=16.28 match_ts_utc=2026-01-14T12:43:18Z dispatch_ts_utc=2026-01-14T12:43:18Z tz_offset_applied="+08:00" dispatch_status=ACK latency_ms=3858
2026-01-14T12:46:10Z [MIG-ENGINE] ORDER order_id=MIG-00000299 symbol=MIGY side=BUY qty=155 fill_price=21.30 match_ts_utc=2026-01-14T12:46:10Z dispatch_ts_utc=2026-01-14T12:46:10Z tz_offset_applied="+09:00" dispatch_status=ACK latency_ms=1620
2026-01-14T12:53:44Z [MIG-ENGINE] ORDER order_id=MIG-00000300 symbol=MIGY side=BUY qty=26 fill_price=49.89 match_ts_utc=2026-01-14T12:53:44Z dispatch_ts_utc=2026-01-14T12:53:44Z tz_offset_applied="+00:00" dispatch_status=TIMEOUT latency_ms=4180
2026-01-14T13:55:28Z [MIG-ENGINE] ORDER order_id=MIG-00000301 symbol=MIGX side=BUY qty=67 fill_price=15.47 match_ts_utc=2026-01-14T13:55:28Z dispatch_ts_utc=2026-01-14T13:55:28Z tz_offset_applied="+00:00" dispatch_status=ACK latency_ms=1703
2026-01-14T13:55:53Z [MIG-ENGINE] ORDER order_id=MIG-00000302 symbol=MIGX side=SELL qty=18 fill_price=7.61 match_ts_utc=2026-01-14T13:55:53Z dispatch_ts_utc=2026-01-14T13:55:53Z tz_offset_applied="+09:00" dispatch_status=TIMEOUT latency_ms=2565
2026-01-14T13:41:56Z [MIG-ENGINE] ORDER order_id=MIG-00000303 symbol=MIGY side=SELL qty=110 fill_price=27.54 match_ts_utc=2026-01-14T13:41:56Z dispatch_ts_utc=2026-01-14T13:41:56Z tz_offset_applied="+09:00" dispatch_status=TIMEOUT latency_ms=3760
2026-01-14T13:00:13Z [MIG-ENGINE] ORDER order_id=MIG-00000304 symbol=MIGA side=SELL qty=109 fill_price=2.21 match_ts_utc=2026-01-14T13:00:13Z dispatch_ts_utc=2026-01-14T13:00:13Z tz_offset_applied="+08:00" dispatch_status=ACK latency_ms=3129
2026-01-14T13:30:03Z [MIG-ENGINE] ORDER order_id=MIG-00000305 symbol=MIGB side=BUY qty=181 fill_price=14.05 match_ts_utc=2026-01-14T13:30:03Z dispatch_ts_utc=2026-01-14T13:30:03Z tz_offset_applied="+09:00" dispatch_status=TIMEOUT latency_ms=2075
2026-01-14T13:11:15Z [MIG-ENGINE] ORDER order_id=MIG-00000306 symbol=MIGX side=SELL qty=137 fill_price=29.58 match_ts_utc=2026-01-14T13:11:15Z dispatch_ts_utc=2026-01-14T13:11:15Z tz_offset_applied="+08:00" dispatch_status=ACK latency_ms=2233
2026-01-14T13:38:25Z [MIG-ENGINE] ORDER order_id=MIG-00000307 symbol=MIGY side=BUY qty=135 fill_price=44.96 match_ts_utc=2026-01-14T13:38:25Z dispatch_ts_utc=2026-01-14T13:38:25Z tz_offset_applied="+00:00" dispatch_status=SENT latency_ms=4795
2026-01-14T13:47:12Z [MIG-ENGINE] ORDER order_id=MIG-00000308 symbol=MIGY side=SELL qty=150 fill_price=22.71 match_ts_utc=2026-01-14T13:47:12Z dispatch_ts_utc=2026-01-14T13:47:12Z tz_offset_applied="+08:00" dispatch_status=ACK latency_ms=2796
2026-01-14T13:23:07Z [MIG-ENGINE] ORDER order_id=MIG-00000309 symbol=MIGX side=BUY qty=16 fill_price=30.89 match_ts_utc=2026-01-14T13:23:07Z dispatch_ts_utc=2026-01-14T13:23:07Z tz_offset_applied="+00:00" dispatch_status=SENT latency_ms=3349
2026-01-14T13:49:21Z [MIG-ENGINE] ORDER order_id=MIG-00000310 symbol=MIGB side=BUY qty=156 fill_price=30.08 match_ts_utc=2026-01-14T13:49:21Z dispatch_ts_utc=2026-01-14T13:49:21Z tz_offset_applied="+09:00" dispatch_status=SENT latency_ms=3062
2026-01-14T13:35:03Z [MIG-ENGINE] ORDER order_id=MIG-00000311 symbol=MIGA side=BUY qty=76 fill_price=1.83 match_ts_utc=2026-01-14T13:35:03Z dispatch_ts_utc=2026-01-14T13:35:03Z tz_offset_applied="+08:00" dispatch_status=ACK latency_ms=867
2026-01-14T13:50:05Z [MIG-ENGINE] ORDER order_id=MIG-00000312 symbol=MIGA side=BUY qty=170 fill_price=33.06 match_ts_utc=2026-01-14T13:50:05Z dispatch_ts_utc=2026-01-14T13:50:05Z tz_offset_applied="+09:00" dispatch_status=TIMEOUT latency_ms=313
2026-01-14T13:11:26Z [MIG-ENGINE] ORDER order_id=MIG-00000313 symbol=MIGY side=BUY qty=198 fill_price=48.00 match_ts_utc=2026-01-14T13:11:26Z dispatch_ts_utc=2026-01-14T13:11:26Z tz_offset_applied="+09:00" dispatch_status=SENT latency_ms=2907
2026-01-14T13:10:43Z [MIG-ENGINE] ORDER order_id=MIG-00000314 symbol=MIGB side=BUY qty=59 fill_price=28.21 match_ts_utc=2026-01-14T13:10:43Z dispatch_ts_utc=2026-01-14T13:10:43Z tz_offset_applied="+00:00" dispatch_status=ACK latency_ms=292
2026-01-14T13:18:44Z [MIG-ENGINE] ORDER order_id=MIG-00000315 symbol=MIGZ side=BUY qty=127 fill_price=31.42 match_ts_utc=2026-01-14T13:18:44Z dispatch_ts_utc=2026-01-14T13:18:44Z tz_offset_applied="+00:00" dispatch_status=SENT latency_ms=1818
2026-01-14T13:38:11Z [MIG-ENGINE] ORDER order_id=MIG-00000316 symbol=MIGZ side=BUY qty=156 fill_price=25.85 match_ts_utc=2026-01-14T13:38:11Z dispatch_ts_utc=2026-01-14T13:38:11Z tz_offset_applied="+08:00" dispatch_status=RETRY latency_ms=3992
2026-01-14T13:36:11Z [MIG-ENGINE] ORDER order_id=MIG-00000317 symbol=MIGY side=SELL qty=138 fill_price=11.81 match_ts_utc=2026-01-14T13:36:11Z dispatch_ts_utc=2026-01-14T13:36:11Z tz_offset_applied="+08:00" dispatch_status=TIMEOUT latency_ms=4371
2026-01-14T13:38:58Z [MIG-ENGINE] ORDER order_id=MIG-00000318 symbol=MIGA side=SELL qty=86 fill_price=32.12 match_ts_utc=2026-01-14T13:38:58Z dispatch_ts_utc=2026-01-14T13:38:58Z tz_offset_applied="+00:00" dispatch_status=ACK latency_ms=2705
2026-01-14T13:52:59Z [MIG-ENGINE] ORDER order_id=MIG-00000319 symbol=MIGY side=SELL qty=42 fill_price=24.50 match_ts_utc=2026-01-14T13:52:59Z dispatch_ts_utc=2026-01-14T13:52:59Z tz_offset_applied="+09:00" dispatch_status=SENT latency_ms=4010
2026-01-14T13:06:01Z [MIG-ENGINE] ORDER order_id=MIG-00000320 symbol=MIGX side=SELL qty=12 fill_price=41.59 match_ts_utc=2026-01-14T13:06:01Z dispatch_ts_utc=2026-01-14T13:06:01Z tz_offset_applied="+08:00" dispatch_status=RETRY latency_ms=1373
2026-01-14T13:48:48Z [MIG-ENGINE] ORDER order_id=MIG-00000321 symbol=MIGA side=SELL qty=76 fill_price=1.48 match_ts_utc=2026-01-14T13:48:48Z dispatch_ts_utc=2026-01-14T13:48:48Z tz_offset_applied="+00:00" dispatch_status=RETRY latency_ms=3246
2026-01-14T13:31:52Z [MIG-ENGINE] ORDER order_id=MIG-00000322 symbol=MIGZ side=SELL qty=184 fill_price=29.65 match_ts_utc=2026-01-14T13:31:52Z dispatch_ts_utc=2026-01-14T13:31:52Z tz_offset_applied="+00:00" dispatch_status=SENT latency_ms=1736
2026-01-14T13:37:12Z [MIG-ENGINE] ORDER order_id=MIG-00000323 symbol=MIGX side=SELL qty=90 fill_price=13.42 match_ts_utc=2026-01-14T13:37:12Z dispatch_ts_utc=2026-01-14T13:37:12Z tz_offset_applied="+08:00" dispatch_status=ACK latency_ms=4423
2026-01-14T13:32:52Z [MIG-ENGINE] ORDER order_id=MIG-00000324 symbol=MIGZ side=SELL qty=15 fill_price=8.77 match_ts_utc=2026-01-14T13:32:52Z dispatch_ts_utc=2026-01-14T13:32:52Z tz_offset_applied="+08:00" dispatch_status=ACK latency_ms=3004
2026-01-14T13:36:57Z [MIG-ENGINE] ORDER order_id=MIG-00000325 symbol=MIGA side=SELL qty=38 fill_price=45.28 match_ts_utc=2026-01-14T13:36:57Z dispatch_ts_utc=2026-01-14T13:36:57Z tz_offset_applied="+00:00" dispatch_status=TIMEOUT latency_ms=4917
2026-01-14T13:40:03Z [MIG-ENGINE] ORDER order_id=MIG-00000326 symbol=MIGA side=SELL qty=54 fill_price=25.26 match_ts_utc=2026-01-14T13:40:03Z dispatch_ts_utc=2026-01-14T13:40:03Z tz_offset_applied="+08:00" dispatch_status=ACK latency_ms=2441
2026-01-14T13:34:03Z [MIG-ENGINE] ORDER order_id=MIG-00000327 symbol=MIGB side=SELL qty=57 fill_price=22.76 match_ts_utc=2026-01-14T13:34:03Z dispatch_ts_utc=2026-01-14T13:34:03Z tz_offset_applied="+08:00" dispatch_status=SENT latency_ms=1259
2026-01-14T13:08:28Z [MIG-ENGINE] ORDER order_id=MIG-00000328 symbol=MIGA side=SELL qty=73 fill_price=34.57 match_ts_utc=2026-01-14T13:08:28Z dispatch_ts_utc=2026-01-14T13:08:28Z tz_offset_applied="+08:00" dispatch_status=TIMEOUT latency_ms=3378
2026-01-14T13:26:08Z [MIG-ENGINE] ORDER order_id=MIG-00000329 symbol=MIGB side=SELL qty=81 fill_price=13.65 match_ts_utc=2026-01-14T13:26:08Z dispatch_ts_utc=2026-01-14T13:26:08Z tz_offset_applied="+08:00" dispatch_status=SENT latency_ms=2521
2026-01-14T13:31:04Z [MIG-ENGINE] ORDER order_id=MIG-00000330 symbol=MIGA side=SELL qty=151 fill_price=43.55 match_ts_utc=2026-01-14T13:31:04Z dispatch_ts_utc=2026-01-14T13:31:04Z tz_offset_applied="+08:00" dispatch_status=ACK latency_ms=2805
2026-01-14T13:47:11Z [MIG-ENGINE] ORDER order_id=MIG-00000331 symbol=MIGZ side=BUY qty=99 fill_price=31.74 match_ts_utc=2026-01-14T13:47:11Z dispatch_ts_utc=2026-01-14T13:47:11Z tz_offset_applied="+09:00" dispatch_status=RETRY latency_ms=966
2026-01-14T13:30:48Z [MIG-ENGINE] ORDER order_id=MIG-00000332 symbol=MIGB side=BUY qty=78 fill_price=24.28 match_ts_utc=2026-01-14T13:30:48Z dispatch_ts_utc=2026-01-14T13:30:48Z tz_offset_applied="+09:00" dispatch_status=RETRY latency_ms=3964
2026-01-14T13:22:37Z [MIG-ENGINE] ORDER order_id=MIG-00000333 symbol=MIGB side=SELL qty=134 fill_price=47.22 match_ts_utc=2026-01-14T13:22:37Z dispatch_ts_utc=2026-01-14T13:22:37Z tz_offset_applied="+00:00" dispatch_status=ACK latency_ms=4309
2026-01-14T13:48:28Z [MIG-ENGINE] ORDER order_id=MIG-00000334 symbol=MIGY side=SELL qty=171 fill_price=10.03 match_ts_utc=2026-01-14T13:48:28Z dispatch_ts_utc=2026-01-14T13:48:28Z tz_offset_applied="+09:00" dispatch_status=ACK latency_ms=4155
2026-01-14T13:52:54Z [MIG-ENGINE] ORDER order_id=MIG-00000335 symbol=MIGA side=BUY qty=20 fill_price=31.25 match_ts_utc=2026-01-14T13:52:54Z dispatch_ts_utc=2026-01-14T13:52:54Z tz_offset_applied="+08:00" dispatch_status=SENT latency_ms=905
2026-01-14T13:28:28Z [MIG-ENGINE] ORDER order_id=MIG-00000336 symbol=MIGY side=BUY qty=124 fill_price=2.91 match_ts_utc=2026-01-14T13:28:28Z dispatch_ts_utc=2026-01-14T13:28:28Z tz_offset_applied="+00:00" dispatch_status=TIMEOUT latency_ms=2019
2026-01-14T13:35:17Z [MIG-ENGINE] ORDER order_id=MIG-00000337 symbol=MIGY side=SELL qty=70 fill_price=40.39 match_ts_utc=2026-01-14T13:35:17Z dispatch_ts_utc=2026-01-14T13:35:17Z tz_offset_applied="+08:00" dispatch_status=SENT latency_ms=163
2026-01-14T13:48:31Z [MIG-ENGINE] ORDER order_id=MIG-00000338 symbol=MIGX side=SELL qty=157 fill_price=26.30 match_ts_utc=2026-01-14T13:48:31Z dispatch_ts_utc=2026-01-14T13:48:31Z tz_offset_applied="+00:00" dispatch_status=RETRY latency_ms=105
2026-01-14T13:55:39Z [MIG-ENGINE] ORDER order_id=MIG-00000339 symbol=MIGB side=SELL qty=88 fill_price=33.45 match_ts_utc=2026-01-14T13:55:39Z dispatch_ts_utc=2026-01-14T13:55:39Z tz_offset_applied="+08:00" dispatch_status=SENT latency_ms=823
2026-01-14T13:31:38Z [MIG-ENGINE] ORDER order_id=MIG-00000340 symbol=MIGB side=BUY qty=110 fill_price=35.27 match_ts_utc=2026-01-14T13:31:38Z dispatch_ts_utc=2026-01-14T13:31:38Z tz_offset_applied="+08:00" dispatch_status=TIMEOUT latency_ms=4971
2026-01-14T13:41:25Z [MIG-ENGINE] ORDER order_id=MIG-00000341 symbol=MIGB side=SELL qty=100 fill_price=40.21 match_ts_utc=2026-01-14T13:41:25Z dispatch_ts_utc=2026-01-14T13:41:25Z tz_offset_applied="+08:00" dispatch_status=ACK latency_ms=2951
2026-01-14T13:02:39Z [MIG-ENGINE] ORDER order_id=MIG-00000342 symbol=MIGZ side=BUY qty=133 fill_price=38.12 match_ts_utc=2026-01-14T13:02:39Z dispatch_ts_utc=2026-01-14T13:02:39Z tz_offset_applied="+09:00" dispatch_status=SENT latency_ms=4416
2026-01-14T13:59:23Z [MIG-ENGINE] ORDER order_id=MIG-00000343 symbol=MIGB side=SELL qty=13 fill_price=32.21 match_ts_utc=2026-01-14T13:59:23Z dispatch_ts_utc=2026-01-14T13:59:23Z tz_offset_applied="+08:00" dispatch_status=RETRY latency_ms=2629
2026-01-14T13:04:45Z [MIG-ENGINE] ORDER order_id=MIG-00000344 symbol=MIGY side=SELL qty=106 fill_price=18.78 match_ts_utc=2026-01-14T13:04:45Z dispatch_ts_utc=2026-01-14T13:04:45Z tz_offset_applied="+09:00" dispatch_status=SENT latency_ms=755
2026-01-14T13:53:36Z [MIG-ENGINE] ORDER order_id=MIG-00000345 symbol=MIGB side=BUY qty=88 fill_price=35.30 match_ts_utc=2026-01-14T13:53:36Z dispatch_ts_utc=2026-01-14T13:53:36Z tz_offset_applied="+08:00" dispatch_status=RETRY latency_ms=1603
2026-01-14T13:58:00Z [MIG-ENGINE] ORDER order_id=MIG-00000346 symbol=MIGA side=BUY qty=130 fill_price=39.33 match_ts_utc=2026-01-14T13:58:00Z dispatch_ts_utc=2026-01-14T13:58:00Z tz_offset_applied="+00:00" dispatch_status=SENT latency_ms=459
2026-01-14T13:35:43Z [MIG-ENGINE] ORDER order_id=MIG-00000347 symbol=MIGB side=SELL qty=79 fill_price=12.89 match_ts_utc=2026-01-14T13:35:43Z dispatch_ts_utc=2026-01-14T13:35:43Z tz_offset_applied="+09:00" dispatch_status=ACK latency_ms=916
2026-01-14T13:21:07Z [MIG-ENGINE] ORDER order_id=MIG-00000348 symbol=MIGY side=SELL qty=20 fill_price=49.82 match_ts_utc=2026-01-14T13:21:07Z dispatch_ts_utc=2026-01-14T13:21:07Z tz_offset_applied="+00:00" dispatch_status=RETRY latency_ms=2796
2026-01-14T13:57:40Z [MIG-ENGINE] ORDER order_id=MIG-00000349 symbol=MIGX side=SELL qty=133 fill_price=39.59 match_ts_utc=2026-01-14T13:57:40Z dispatch_ts_utc=2026-01-14T13:57:40Z tz_offset_applied="+08:00" dispatch_status=ACK latency_ms=2317
2026-01-14T13:33:54Z [MIG-ENGINE] ORDER order_id=MIG-00000350 symbol=MIGA side=BUY qty=35 fill_price=45.42 match_ts_utc=2026-01-14T13:33:54Z dispatch_ts_utc=2026-01-14T13:33:54Z tz_offset_applied="+00:00" dispatch_status=TIMEOUT latency_ms=1005
2026-01-14T13:09:17Z [MIG-ENGINE] ORDER order_id=MIG-00000351 symbol=MIGA side=SELL qty=47 fill_price=19.20 match_ts_utc=2026-01-14T13:09:17Z dispatch_ts_utc=2026-01-14T13:09:17Z tz_offset_applied="+00:00" dispatch_status=TIMEOUT latency_ms=4863
2026-01-14T13:15:42Z [MIG-ENGINE] ORDER order_id=MIG-00000352 symbol=MIGA side=SELL qty=16 fill_price=21.65 match_ts_utc=2026-01-14T13:15:42Z dispatch_ts_utc=2026-01-14T13:15:42Z tz_offset_applied="+08:00" dispatch_status=ACK latency_ms=1632
2026-01-14T13:56:00Z [MIG-ENGINE] ORDER order_id=MIG-00000353 symbol=MIGZ side=BUY qty=60 fill_price=43.82 match_ts_utc=2026-01-14T13:56:00Z dispatch_ts_utc=2026-01-14T13:56:00Z tz_offset_applied="+08:00" dispatch_status=ACK latency_ms=1548
2026-01-14T13:07:15Z [MIG-ENGINE] ORDER order_id=MIG-00000354 symbol=MIGY side=BUY qty=101 fill_price=36.92 match_ts_utc=2026-01-14T13:07:15Z dispatch_ts_utc=2026-01-14T13:07:15Z tz_offset_applied="+00:00" dispatch_status=RETRY latency_ms=3104
2026-01-14T13:38:30Z [MIG-ENGINE] ORDER order_id=MIG-00000355 symbol=MIGZ side=BUY qty=143 fill_price=16.14 match_ts_utc=2026-01-14T13:38:30Z dispatch_ts_utc=2026-01-14T13:38:30Z tz_offset_applied="+00:00" dispatch_status=RETRY latency_ms=2148
2026-01-14T13:36:59Z [MIG-ENGINE] ORDER order_id=MIG-00000356 symbol=MIGA side=BUY qty=11 fill_price=11.08 match_ts_utc=2026-01-14T13:36:59Z dispatch_ts_utc=2026-01-14T13:36:59Z tz_offset_applied="+09:00" dispatch_status=TIMEOUT latency_ms=2870
2026-01-14T13:38:46Z [MIG-ENGINE] ORDER order_id=MIG-00000357 symbol=MIGA side=BUY qty=75 fill_price=1.55 match_ts_utc=2026-01-14T13:38:46Z dispatch_ts_utc=2026-01-14T13:38:46Z tz_offset_applied="+09:00" dispatch_status=ACK latency_ms=2778
2026-01-14T13:26:22Z [MIG-ENGINE] ORDER order_id=MIG-00000358 symbol=MIGB side=SELL qty=119 fill_price=38.56 match_ts_utc=2026-01-14T13:26:22Z dispatch_ts_utc=2026-01-14T13:26:22Z tz_offset_applied="+00:00" dispatch_status=ACK latency_ms=3423
2026-01-14T13:31:19Z [MIG-ENGINE] ORDER order_id=MIG-00000359 symbol=MIGA side=BUY qty=34 fill_price=9.08 match_ts_utc=2026-01-14T13:31:19Z dispatch_ts_utc=2026-01-14T13:31:19Z tz_offset_applied="+09:00" dispatch_status=SENT latency_ms=588
2026-01-14T13:28:53Z [MIG-ENGINE] ORDER order_id=MIG-00000360 symbol=MIGA side=BUY qty=194 fill_price=31.14 match_ts_utc=2026-01-14T13:28:53Z dispatch_ts_utc=2026-01-14T13:28:53Z tz_offset_applied="+09:00" dispatch_status=RETRY latency_ms=2920
2026-01-14T14:19:30Z [MIG-ENGINE] ORDER order_id=MIG-00000361 symbol=MIGZ side=BUY qty=195 fill_price=46.11 match_ts_utc=2026-01-14T14:19:30Z dispatch_ts_utc=2026-01-14T14:19:30Z tz_offset_applied="+08:00" dispatch_status=SENT latency_ms=772
2026-01-14T14:55:42Z [MIG-ENGINE] ORDER order_id=MIG-00000362 symbol=MIGA side=BUY qty=64 fill_price=34.60 match_ts_utc=2026-01-14T14:55:42Z dispatch_ts_utc=2026-01-14T14:55:42Z tz_offset_applied="+08:00" dispatch_status=ACK latency_ms=3288
2026-01-14T14:13:35Z [MIG-ENGINE] ORDER order_id=MIG-00000363 symbol=MIGY side=SELL qty=129 fill_price=26.47 match_ts_utc=2026-01-14T14:13:35Z dispatch_ts_utc=2026-01-14T14:13:35Z tz_offset_applied="+08:00" dispatch_status=ACK latency_ms=1570
2026-01-14T14:10:30Z [MIG-ENGINE] ORDER order_id=MIG-00000364 symbol=MIGY side=BUY qty=65 fill_price=44.87 match_ts_utc=2026-01-14T14:10:30Z dispatch_ts_utc=2026-01-14T14:10:30Z tz_offset_applied="+00:00" dispatch_status=ACK latency_ms=636
2026-01-14T14:12:46Z [MIG-ENGINE] ORDER order_id=MIG-00000365 symbol=MIGA side=SELL qty=198 fill_price=16.35 match_ts_utc=2026-01-14T14:12:46Z dispatch_ts_utc=2026-01-14T14:12:46Z tz_offset_applied="+00:00" dispatch_status=ACK latency_ms=2525
2026-01-14T14:43:20Z [MIG-ENGINE] ORDER order_id=MIG-00000366 symbol=MIGY side=BUY qty=179 fill_price=35.76 match_ts_utc=2026-01-14T14:43:20Z dispatch_ts_utc=2026-01-14T14:43:20Z tz_offset_applied="+00:00" dispatch_status=TIMEOUT latency_ms=892
2026-01-14T14:53:41Z [MIG-ENGINE] ORDER order_id=MIG-00000367 symbol=MIGY side=BUY qty=17 fill_price=9.13 match_ts_utc=2026-01-14T14:53:41Z dispatch_ts_utc=2026-01-14T14:53:41Z tz_offset_applied="+09:00" dispatch_status=SENT latency_ms=498
2026-01-14T14:31:37Z [MIG-ENGINE] ORDER order_id=MIG-00000368 symbol=MIGA side=BUY qty=194 fill_price=32.30 match_ts_utc=2026-01-14T14:31:37Z dispatch_ts_utc=2026-01-14T14:31:37Z tz_offset_applied="+09:00" dispatch_status=ACK latency_ms=4533
2026-01-14T14:08:00Z [MIG-ENGINE] ORDER order_id=MIG-00000369 symbol=MIGB side=BUY qty=127 fill_price=47.07 match_ts_utc=2026-01-14T14:08:00Z dispatch_ts_utc=2026-01-14T14:08:00Z tz_offset_applied="+00:00" dispatch_status=TIMEOUT latency_ms=4964
2026-01-14T14:01:28Z [MIG-ENGINE] ORDER order_id=MIG-00000370 symbol=MIGB side=SELL qty=48 fill_price=32.09 match_ts_utc=2026-01-14T14:01:28Z dispatch_ts_utc=2026-01-14T14:01:28Z tz_offset_applied="+09:00" dispatch_status=TIMEOUT latency_ms=2300
2026-01-14T14:01:50Z [MIG-ENGINE] ORDER order_id=MIG-00000371 symbol=MIGA side=SELL qty=16 fill_price=43.80 match_ts_utc=2026-01-14T14:01:50Z dispatch_ts_utc=2026-01-14T14:01:50Z tz_offset_applied="+00:00" dispatch_status=SENT latency_ms=1262
2026-01-14T14:56:15Z [MIG-ENGINE] ORDER order_id=MIG-00000372 symbol=MIGZ side=BUY qty=35 fill_price=31.55 match_ts_utc=2026-01-14T14:56:15Z dispatch_ts_utc=2026-01-14T14:56:15Z tz_offset_applied="+08:00" dispatch_status=ACK latency_ms=1944
2026-01-14T14:50:49Z [MIG-ENGINE] ORDER order_id=MIG-00000373 symbol=MIGX side=SELL qty=116 fill_price=40.70 match_ts_utc=2026-01-14T14:50:49Z dispatch_ts_utc=2026-01-14T14:50:49Z tz_offset_applied="+00:00" dispatch_status=RETRY latency_ms=1547
2026-01-14T14:12:25Z [MIG-ENGINE] ORDER order_id=MIG-00000374 symbol=MIGX side=SELL qty=48 fill_price=22.38 match_ts_utc=2026-01-14T14:12:25Z dispatch_ts_utc=2026-01-14T14:12:25Z tz_offset_applied="+00:00" dispatch_status=ACK latency_ms=4792
2026-01-14T14:10:25Z [MIG-ENGINE] ORDER order_id=MIG-00000375 symbol=MIGY side=SELL qty=154 fill_price=26.06 match_ts_utc=2026-01-14T14:10:25Z dispatch_ts_utc=2026-01-14T14:10:25Z tz_offset_applied="+08:00" dispatch_status=ACK latency_ms=2698
2026-01-14T14:36:42Z [MIG-ENGINE] ORDER order_id=MIG-00000376 symbol=MIGZ side=BUY qty=29 fill_price=8.36 match_ts_utc=2026-01-14T14:36:42Z dispatch_ts_utc=2026-01-14T14:36:42Z tz_offset_applied="+00:00" dispatch_status=ACK latency_ms=2769
2026-01-14T14:01:32Z [MIG-ENGINE] ORDER order_id=MIG-00000377 symbol=MIGX side=SELL qty=29 fill_price=17.79 match_ts_utc=2026-01-14T14:01:32Z dispatch_ts_utc=2026-01-14T14:01:32Z tz_offset_applied="+09:00" dispatch_status=RETRY latency_ms=1064
2026-01-14T14:53:11Z [MIG-ENGINE] ORDER order_id=MIG-00000378 symbol=MIGB side=SELL qty=28 fill_price=3.75 match_ts_utc=2026-01-14T14:53:11Z dispatch_ts_utc=2026-01-14T14:53:11Z tz_offset_applied="+09:00" dispatch_status=SENT latency_ms=3973
2026-01-14T14:51:55Z [MIG-ENGINE] ORDER order_id=MIG-00000379 symbol=MIGY side=SELL qty=67 fill_price=33.02 match_ts_utc=2026-01-14T14:51:55Z dispatch_ts_utc=2026-01-14T14:51:55Z tz_offset_applied="+00:00" dispatch_status=RETRY latency_ms=4930
2026-01-14T14:07:37Z [MIG-ENGINE] ORDER order_id=MIG-00000380 symbol=MIGB side=BUY qty=162 fill_price=36.35 match_ts_utc=2026-01-14T14:07:37Z dispatch_ts_utc=2026-01-14T14:07:37Z tz_offset_applied="+09:00" dispatch_status=ACK latency_ms=1002
2026-01-14T14:37:07Z [MIG-ENGINE] ORDER order_id=MIG-00000381 symbol=MIGX side=BUY qty=163 fill_price=28.72 match_ts_utc=2026-01-14T14:37:07Z dispatch_ts_utc=2026-01-14T14:37:07Z tz_offset_applied="+00:00" dispatch_status=TIMEOUT latency_ms=1138
2026-01-14T14:18:30Z [MIG-ENGINE] ORDER order_id=MIG-00000382 symbol=MIGY side=BUY qty=18 fill_price=38.57 match_ts_utc=2026-01-14T14:18:30Z dispatch_ts_utc=2026-01-14T14:18:30Z tz_offset_applied="+09:00" dispatch_status=ACK latency_ms=4414
2026-01-14T14:49:34Z [MIG-ENGINE] ORDER order_id=MIG-00000383 symbol=MIGX side=BUY qty=128 fill_price=40.59 match_ts_utc=2026-01-14T14:49:34Z dispatch_ts_utc=2026-01-14T14:49:34Z tz_offset_applied="+00:00" dispatch_status=ACK latency_ms=3464
2026-01-14T14:25:50Z [MIG-ENGINE] ORDER order_id=MIG-00000384 symbol=MIGZ side=SELL qty=189 fill_price=3.46 match_ts_utc=2026-01-14T14:25:50Z dispatch_ts_utc=2026-01-14T14:25:50Z tz_offset_applied="+09:00" dispatch_status=ACK latency_ms=2544
2026-01-14T14:55:28Z [MIG-ENGINE] ORDER order_id=MIG-00000385 symbol=MIGY side=SELL qty=112 fill_price=9.72 match_ts_utc=2026-01-14T14:55:28Z dispatch_ts_utc=2026-01-14T14:55:28Z tz_offset_applied="+08:00" dispatch_status=RETRY latency_ms=2934
2026-01-14T14:53:00Z [MIG-ENGINE] ORDER order_id=MIG-00000386 symbol=MIGX side=BUY qty=149 fill_price=14.11 match_ts_utc=2026-01-14T14:53:00Z dispatch_ts_utc=2026-01-14T14:53:00Z tz_offset_applied="+08:00" dispatch_status=SENT latency_ms=3724
2026-01-14T14:49:04Z [MIG-ENGINE] ORDER order_id=MIG-00000387 symbol=MIGX side=BUY qty=150 fill_price=18.42 match_ts_utc=2026-01-14T14:49:04Z dispatch_ts_utc=2026-01-14T14:49:04Z tz_offset_applied="+00:00" dispatch_status=ACK latency_ms=304
2026-01-14T14:11:18Z [MIG-ENGINE] ORDER order_id=MIG-00000388 symbol=MIGZ side=SELL qty=101 fill_price=41.69 match_ts_utc=2026-01-14T14:11:18Z dispatch_ts_utc=2026-01-14T14:11:18Z tz_offset_applied="+09:00" dispatch_status=ACK latency_ms=3021
2026-01-14T14:16:20Z [MIG-ENGINE] ORDER order_id=MIG-00000389 symbol=MIGB side=SELL qty=174 fill_price=27.17 match_ts_utc=2026-01-14T14:16:20Z dispatch_ts_utc=2026-01-14T14:16:20Z tz_offset_applied="+09:00" dispatch_status=ACK latency_ms=1911
2026-01-14T14:38:53Z [MIG-ENGINE] ORDER order_id=MIG-00000390 symbol=MIGA side=SELL qty=177 fill_price=17.88 match_ts_utc=2026-01-14T14:38:53Z dispatch_ts_utc=2026-01-14T14:38:53Z tz_offset_applied="+00:00" dispatch_status=SENT latency_ms=92
2026-01-14T14:27:05Z [MIG-ENGINE] ORDER order_id=MIG-00000391 symbol=MIGA side=SELL qty=24 fill_price=27.54 match_ts_utc=2026-01-14T14:27:05Z dispatch_ts_utc=2026-01-14T14:27:05Z tz_offset_applied="+08:00" dispatch_status=ACK latency_ms=329
2026-01-14T14:56:56Z [MIG-ENGINE] ORDER order_id=MIG-00000392 symbol=MIGB side=BUY qty=48 fill_price=17.80 match_ts_utc=2026-01-14T14:56:56Z dispatch_ts_utc=2026-01-14T14:56:56Z tz_offset_applied="+09:00" dispatch_status=SENT latency_ms=2746
2026-01-14T14:24:42Z [MIG-ENGINE] ORDER order_id=MIG-00000393 symbol=MIGA side=SELL qty=151 fill_price=33.39 match_ts_utc=2026-01-14T14:24:42Z dispatch_ts_utc=2026-01-14T14:24:42Z tz_offset_applied="+08:00" dispatch_status=SENT latency_ms=3266
2026-01-14T14:15:53Z [MIG-ENGINE] ORDER order_id=MIG-00000394 symbol=MIGZ side=SELL qty=51 fill_price=48.95 match_ts_utc=2026-01-14T14:15:53Z dispatch_ts_utc=2026-01-14T14:15:53Z tz_offset_applied="+08:00" dispatch_status=ACK latency_ms=1623
2026-01-14T14:37:57Z [MIG-ENGINE] ORDER order_id=MIG-00000395 symbol=MIGX side=BUY qty=142 fill_price=48.07 match_ts_utc=2026-01-14T14:37:57Z dispatch_ts_utc=2026-01-14T14:37:57Z tz_offset_applied="+00:00" dispatch_status=ACK latency_ms=3479
2026-01-14T14:52:58Z [MIG-ENGINE] ORDER order_id=MIG-00000396 symbol=MIGX side=SELL qty=130 fill_price=17.41 match_ts_utc=2026-01-14T14:52:58Z dispatch_ts_utc=2026-01-14T14:52:58Z tz_offset_applied="+00:00" dispatch_status=ACK latency_ms=3374
2026-01-14T14:37:22Z [MIG-ENGINE] ORDER order_id=MIG-00000397 symbol=MIGX side=SELL qty=122 fill_price=28.82 match_ts_utc=2026-01-14T14:37:22Z dispatch_ts_utc=2026-01-14T14:37:22Z tz_offset_applied="+08:00" dispatch_status=RETRY latency_ms=1669
2026-01-14T14:25:14Z [MIG-ENGINE] ORDER order_id=MIG-00000398 symbol=MIGX side=BUY qty=54 fill_price=15.81 match_ts_utc=2026-01-14T14:25:14Z dispatch_ts_utc=2026-01-14T14:25:14Z tz_offset_applied="+08:00" dispatch_status=SENT latency_ms=832
2026-01-14T14:02:17Z [MIG-ENGINE] ORDER order_id=MIG-00000399 symbol=MIGB side=SELL qty=111 fill_price=39.60 match_ts_utc=2026-01-14T14:02:17Z dispatch_ts_utc=2026-01-14T14:02:17Z tz_offset_applied="+08:00" dispatch_status=SENT latency_ms=1152
2026-01-14T14:35:15Z [MIG-ENGINE] ORDER order_id=MIG-00000400 symbol=MIGZ side=BUY qty=148 fill_price=2.69 match_ts_utc=2026-01-14T14:35:15Z dispatch_ts_utc=2026-01-14T14:35:15Z tz_offset_applied="+08:00" dispatch_status=ACK latency_ms=167
2026-01-14T14:48:34Z [MIG-ENGINE] ORDER order_id=MIG-00000401 symbol=MIGY side=SELL qty=36 fill_price=31.09 match_ts_utc=2026-01-14T14:48:34Z dispatch_ts_utc=2026-01-14T14:48:34Z tz_offset_applied="+08:00" dispatch_status=ACK latency_ms=53
2026-01-14T14:09:45Z [MIG-ENGINE] ORDER order_id=MIG-00000402 symbol=MIGY side=SELL qty=41 fill_price=20.30 match_ts_utc=2026-01-14T14:09:45Z dispatch_ts_utc=2026-01-14T14:09:45Z tz_offset_applied="+00:00" dispatch_status=RETRY latency_ms=3032
2026-01-14T14:32:20Z [MIG-ENGINE] ORDER order_id=MIG-00000403 symbol=MIGA side=SELL qty=17 fill_price=13.12 match_ts_utc=2026-01-14T14:32:20Z dispatch_ts_utc=2026-01-14T14:32:20Z tz_offset_applied="+00:00" dispatch_status=TIMEOUT latency_ms=1566
2026-01-14T14:45:17Z [MIG-ENGINE] ORDER order_id=MIG-00000404 symbol=MIGX side=BUY qty=87 fill_price=8.62 match_ts_utc=2026-01-14T14:45:17Z dispatch_ts_utc=2026-01-14T14:45:17Z tz_offset_applied="+09:00" dispatch_status=SENT latency_ms=2994
2026-01-14T14:50:13Z [MIG-ENGINE] ORDER order_id=MIG-00000405 symbol=MIGZ side=SELL qty=96 fill_price=34.45 match_ts_utc=2026-01-14T14:50:13Z dispatch_ts_utc=2026-01-14T14:50:13Z tz_offset_applied="+09:00" dispatch_status=SENT latency_ms=2888
2026-01-14T14:22:35Z [MIG-ENGINE] ORDER order_id=MIG-00000406 symbol=MIGB side=SELL qty=157 fill_price=40.31 match_ts_utc=2026-01-14T14:22:35Z dispatch_ts_utc=2026-01-14T14:22:35Z tz_offset_applied="+08:00" dispatch_status=SENT latency_ms=3023
2026-01-14T14:41:26Z [MIG-ENGINE] ORDER order_id=MIG-00000407 symbol=MIGY side=SELL qty=17 fill_price=7.44 match_ts_utc=2026-01-14T14:41:26Z dispatch_ts_utc=2026-01-14T14:41:26Z tz_offset_applied="+09:00" dispatch_status=SENT latency_ms=177
2026-01-14T14:56:50Z [MIG-ENGINE] ORDER order_id=MIG-00000408 symbol=MIGB side=BUY qty=169 fill_price=9.40 match_ts_utc=2026-01-14T14:56:50Z dispatch_ts_utc=2026-01-14T14:56:50Z tz_offset_applied="+00:00" dispatch_status=SENT latency_ms=1422
2026-01-14T14:07:57Z [MIG-ENGINE] ORDER order_id=MIG-00000409 symbol=MIGB side=BUY qty=49 fill_price=1.86 match_ts_utc=2026-01-14T14:07:57Z dispatch_ts_utc=2026-01-14T14:07:57Z tz_offset_applied="+00:00" dispatch_status=TIMEOUT latency_ms=3166
2026-01-14T14:48:42Z [MIG-ENGINE] ORDER order_id=MIG-00000410 symbol=MIGB side=BUY qty=54 fill_price=19.30 match_ts_utc=2026-01-14T14:48:42Z dispatch_ts_utc=2026-01-14T14:48:42Z tz_offset_applied="+08:00" dispatch_status=ACK latency_ms=602
2026-01-14T14:15:13Z [MIG-ENGINE] ORDER order_id=MIG-00000411 symbol=MIGB side=BUY qty=112 fill_price=41.38 match_ts_utc=2026-01-14T14:15:13Z dispatch_ts_utc=2026-01-14T14:15:13Z tz_offset_applied="+00:00" dispatch_status=TIMEOUT latency_ms=1067
2026-01-14T14:09:28Z [MIG-ENGINE] ORDER order_id=MIG-00000412 symbol=MIGY side=BUY qty=188 fill_price=11.82 match_ts_utc=2026-01-14T14:09:28Z dispatch_ts_utc=2026-01-14T14:09:28Z tz_offset_applied="+08:00" dispatch_status=ACK latency_ms=4095
2026-01-14T14:45:37Z [MIG-ENGINE] ORDER order_id=MIG-00000413 symbol=MIGX side=SELL qty=35 fill_price=44.31 match_ts_utc=2026-01-14T14:45:37Z dispatch_ts_utc=2026-01-14T14:45:37Z tz_offset_applied="+00:00" dispatch_status=RETRY latency_ms=3005
2026-01-14T15:06:47Z [MIG-ENGINE] ORDER order_id=MIG-00000414 symbol=MIGY side=SELL qty=29 fill_price=43.42 match_ts_utc=2026-01-14T15:06:47Z dispatch_ts_utc=2026-01-14T15:06:47Z tz_offset_applied="+00:00" dispatch_status=RETRY latency_ms=313
2026-01-14T15:46:34Z [MIG-ENGINE] ORDER order_id=MIG-00000415 symbol=MIGX side=SELL qty=168 fill_price=19.77 match_ts_utc=2026-01-14T15:46:34Z dispatch_ts_utc=2026-01-14T15:46:34Z tz_offset_applied="+09:00" dispatch_status=ACK latency_ms=2190
2026-01-14T15:37:01Z [MIG-ENGINE] ORDER order_id=MIG-00000416 symbol=MIGX side=BUY qty=48 fill_price=20.68 match_ts_utc=2026-01-14T15:37:01Z dispatch_ts_utc=2026-01-14T15:37:01Z tz_offset_applied="+09:00" dispatch_status=SENT latency_ms=4498
2026-01-14T15:58:52Z [MIG-ENGINE] ORDER order_id=MIG-00000417 symbol=MIGB side=BUY qty=30 fill_price=10.47 match_ts_utc=2026-01-14T15:58:52Z dispatch_ts_utc=2026-01-14T15:58:52Z tz_offset_applied="+00:00" dispatch_status=ACK latency_ms=3769
2026-01-14T15:26:48Z [MIG-ENGINE] ORDER order_id=MIG-00000418 symbol=MIGA side=BUY qty=105 fill_price=30.64 match_ts_utc=2026-01-14T15:26:48Z dispatch_ts_utc=2026-01-14T15:26:48Z tz_offset_applied="+09:00" dispatch_status=ACK latency_ms=2405
2026-01-14T15:25:37Z [MIG-ENGINE] ORDER order_id=MIG-00000419 symbol=MIGB side=SELL qty=143 fill_price=34.11 match_ts_utc=2026-01-14T15:25:37Z dispatch_ts_utc=2026-01-14T15:25:37Z tz_offset_applied="+00:00" dispatch_status=TIMEOUT latency_ms=1367
2026-01-14T15:56:05Z [MIG-ENGINE] ORDER order_id=MIG-00000420 symbol=MIGA side=SELL qty=50 fill_price=37.04 match_ts_utc=2026-01-14T15:56:05Z dispatch_ts_utc=2026-01-14T15:56:05Z tz_offset_applied="+08:00" dispatch_status=SENT latency_ms=1414
2026-01-14T15:36:12Z [MIG-ENGINE] ORDER order_id=MIG-00000421 symbol=MIGB side=BUY qty=132 fill_price=35.83 match_ts_utc=2026-01-14T15:36:12Z dispatch_ts_utc=2026-01-14T15:36:12Z tz_offset_applied="+08:00" dispatch_status=ACK latency_ms=2232
2026-01-14T15:12:01Z [MIG-ENGINE] ORDER order_id=MIG-00000422 symbol=MIGB side=BUY qty=191 fill_price=21.29 match_ts_utc=2026-01-14T15:12:01Z dispatch_ts_utc=2026-01-14T15:12:01Z tz_offset_applied="+09:00" dispatch_status=SENT latency_ms=3541
2026-01-14T15:59:20Z [MIG-ENGINE] ORDER order_id=MIG-00000423 symbol=MIGY side=SELL qty=92 fill_price=14.84 match_ts_utc=2026-01-14T15:59:20Z dispatch_ts_utc=2026-01-14T15:59:20Z tz_offset_applied="+00:00" dispatch_status=ACK latency_ms=2943
2026-01-14T15:17:10Z [MIG-ENGINE] ORDER order_id=MIG-00000424 symbol=MIGB side=SELL qty=68 fill_price=2.57 match_ts_utc=2026-01-14T15:17:10Z dispatch_ts_utc=2026-01-14T15:17:10Z tz_offset_applied="+09:00" dispatch_status=SENT latency_ms=985
2026-01-14T15:10:54Z [MIG-ENGINE] ORDER order_id=MIG-00000425 symbol=MIGX side=SELL qty=45 fill_price=7.04 match_ts_utc=2026-01-14T15:10:54Z dispatch_ts_utc=2026-01-14T15:10:54Z tz_offset_applied="+00:00" dispatch_status=RETRY latency_ms=3649
2026-01-14T15:25:02Z [MIG-ENGINE] ORDER order_id=MIG-00000426 symbol=MIGA side=BUY qty=183 fill_price=28.22 match_ts_utc=2026-01-14T15:25:02Z dispatch_ts_utc=2026-01-14T15:25:02Z tz_offset_applied="+09:00" dispatch_status=SENT latency_ms=4381
2026-01-14T15:22:52Z [MIG-ENGINE] ORDER order_id=MIG-00000427 symbol=MIGX side=SELL qty=48 fill_price=6.57 match_ts_utc=2026-01-14T15:22:52Z dispatch_ts_utc=2026-01-14T15:22:52Z tz_offset_applied="+00:00" dispatch_status=RETRY latency_ms=3083
2026-01-14T15:19:47Z [MIG-ENGINE] ORDER order_id=MIG-00000428 symbol=MIGY side=BUY qty=181 fill_price=30.45 match_ts_utc=2026-01-14T15:19:47Z dispatch_ts_utc=2026-01-14T15:19:47Z tz_offset_applied="+00:00" dispatch_status=RETRY latency_ms=1217
2026-01-14T15:16:24Z [MIG-ENGINE] ORDER order_id=MIG-00000429 symbol=MIGB side=SELL qty=157 fill_price=22.87 match_ts_utc=2026-01-14T15:16:24Z dispatch_ts_utc=2026-01-14T15:16:24Z tz_offset_applied="+08:00" dispatch_status=SENT latency_ms=176
2026-01-14T15:27:52Z [MIG-ENGINE] ORDER order_id=MIG-00000430 symbol=MIGY side=SELL qty=168 fill_price=42.03 match_ts_utc=2026-01-14T15:27:52Z dispatch_ts_utc=2026-01-14T15:27:52Z tz_offset_applied="+08:00" dispatch_status=ACK latency_ms=2767
2026-01-14T15:28:13Z [MIG-ENGINE] ORDER order_id=MIG-00000431 symbol=MIGZ side=BUY qty=158 fill_price=27.40 match_ts_utc=2026-01-14T15:28:13Z dispatch_ts_utc=2026-01-14T15:28:13Z tz_offset_applied="+09:00" dispatch_status=SENT latency_ms=3325
2026-01-14T15:46:52Z [MIG-ENGINE] ORDER order_id=MIG-00000432 symbol=MIGA side=SELL qty=52 fill_price=36.88 match_ts_utc=2026-01-14T15:46:52Z dispatch_ts_utc=2026-01-14T15:46:52Z tz_offset_applied="+09:00" dispatch_status=ACK latency_ms=1276
2026-01-14T15:35:50Z [MIG-ENGINE] ORDER order_id=MIG-00000433 symbol=MIGB side=SELL qty=124 fill_price=49.47 match_ts_utc=2026-01-14T15:35:50Z dispatch_ts_utc=2026-01-14T15:35:50Z tz_offset_applied="+00:00" dispatch_status=ACK latency_ms=1587
2026-01-14T15:22:37Z [MIG-ENGINE] ORDER order_id=MIG-00000434 symbol=MIGA side=BUY qty=100 fill_price=46.88 match_ts_utc=2026-01-14T15:22:37Z dispatch_ts_utc=2026-01-14T15:22:37Z tz_offset_applied="+09:00" dispatch_status=ACK latency_ms=549
2026-01-14T15:26:08Z [MIG-ENGINE] ORDER order_id=MIG-00000435 symbol=MIGB side=BUY qty=62 fill_price=30.46 match_ts_utc=2026-01-14T15:26:08Z dispatch_ts_utc=2026-01-14T15:26:08Z tz_offset_applied="+00:00" dispatch_status=ACK latency_ms=3591
2026-01-14T15:14:18Z [MIG-ENGINE] ORDER order_id=MIG-00000436 symbol=MIGY side=BUY qty=100 fill_price=10.23 match_ts_utc=2026-01-14T15:14:18Z dispatch_ts_utc=2026-01-14T15:14:18Z tz_offset_applied="+00:00" dispatch_status=TIMEOUT latency_ms=1809
2026-01-14T15:22:22Z [MIG-ENGINE] ORDER order_id=MIG-00000437 symbol=MIGX side=BUY qty=22 fill_price=45.95 match_ts_utc=2026-01-14T15:22:22Z dispatch_ts_utc=2026-01-14T15:22:22Z tz_offset_applied="+08:00" dispatch_status=SENT latency_ms=243
2026-01-14T15:00:25Z [MIG-ENGINE] ORDER order_id=MIG-00000438 symbol=MIGY side=SELL qty=162 fill_price=19.76 match_ts_utc=2026-01-14T15:00:25Z dispatch_ts_utc=2026-01-14T15:00:25Z tz_offset_applied="+08:00" dispatch_status=SENT latency_ms=509
2026-01-14T15:29:19Z [MIG-ENGINE] ORDER order_id=MIG-00000439 symbol=MIGY side=BUY qty=145 fill_price=13.55 match_ts_utc=2026-01-14T15:29:19Z dispatch_ts_utc=2026-01-14T15:29:19Z tz_offset_applied="+09:00" dispatch_status=SENT latency_ms=1848
2026-01-14T15:20:57Z [MIG-ENGINE] ORDER order_id=MIG-00000440 symbol=MIGA side=SELL qty=17 fill_price=46.94 match_ts_utc=2026-01-14T15:20:57Z dispatch_ts_utc=2026-01-14T15:20:57Z tz_offset_applied="+09:00" dispatch_status=ACK latency_ms=4336
2026-01-14T15:16:51Z [MIG-ENGINE] ORDER order_id=MIG-00000441 symbol=MIGA side=BUY qty=196 fill_price=36.54 match_ts_utc=2026-01-14T15:16:51Z dispatch_ts_utc=2026-01-14T15:16:51Z tz_offset_applied="+09:00" dispatch_status=SENT latency_ms=4813
2026-01-14T15:58:00Z [MIG-ENGINE] ORDER order_id=MIG-00000442 symbol=MIGY side=SELL qty=76 fill_price=44.96 match_ts_utc=2026-01-14T15:58:00Z dispatch_ts_utc=2026-01-14T15:58:00Z tz_offset_applied="+00:00" dispatch_status=ACK latency_ms=489
2026-01-14T15:28:14Z [MIG-ENGINE] ORDER order_id=MIG-00000443 symbol=MIGX side=SELL qty=121 fill_price=36.67 match_ts_utc=2026-01-14T15:28:14Z dispatch_ts_utc=2026-01-14T15:28:14Z tz_offset_applied="+09:00" dispatch_status=SENT latency_ms=4173
2026-01-14T15:39:01Z [MIG-ENGINE] ORDER order_id=MIG-00000444 symbol=MIGA side=SELL qty=51 fill_price=8.51 match_ts_utc=2026-01-14T15:39:01Z dispatch_ts_utc=2026-01-14T15:39:01Z tz_offset_applied="+08:00" dispatch_status=TIMEOUT latency_ms=4191
2026-01-14T15:57:39Z [MIG-ENGINE] ORDER order_id=MIG-00000445 symbol=MIGZ side=SELL qty=73 fill_price=5.76 match_ts_utc=2026-01-14T15:57:39Z dispatch_ts_utc=2026-01-14T15:57:39Z tz_offset_applied="+09:00" dispatch_status=RETRY latency_ms=2867
2026-01-14T15:50:00Z [MIG-ENGINE] ORDER order_id=MIG-00000446 symbol=MIGA side=SELL qty=172 fill_price=24.56 match_ts_utc=2026-01-14T15:50:00Z dispatch_ts_utc=2026-01-14T15:50:00Z tz_offset_applied="+00:00" dispatch_status=RETRY latency_ms=4363
2026-01-14T15:54:15Z [MIG-ENGINE] ORDER order_id=MIG-00000447 symbol=MIGB side=BUY qty=168 fill_price=30.66 match_ts_utc=2026-01-14T15:54:15Z dispatch_ts_utc=2026-01-14T15:54:15Z tz_offset_applied="+08:00" dispatch_status=RETRY latency_ms=4830
2026-01-14T15:05:31Z [MIG-ENGINE] ORDER order_id=MIG-00000448 symbol=MIGB side=BUY qty=24 fill_price=24.02 match_ts_utc=2026-01-14T15:05:31Z dispatch_ts_utc=2026-01-14T15:05:31Z tz_offset_applied="+00:00" dispatch_status=ACK latency_ms=2121
2026-01-14T15:37:17Z [MIG-ENGINE] ORDER order_id=MIG-00000449 symbol=MIGB side=BUY qty=176 fill_price=23.19 match_ts_utc=2026-01-14T15:37:17Z dispatch_ts_utc=2026-01-14T15:37:17Z tz_offset_applied="+09:00" dispatch_status=ACK latency_ms=4028
2026-01-14T15:57:12Z [MIG-ENGINE] ORDER order_id=MIG-00000450 symbol=MIGX side=BUY qty=11 fill_price=2.85 match_ts_utc=2026-01-14T15:57:12Z dispatch_ts_utc=2026-01-14T15:57:12Z tz_offset_applied="+09:00" dispatch_status=SENT latency_ms=4213
2026-01-14T15:36:26Z [MIG-ENGINE] ORDER order_id=MIG-00000451 symbol=MIGZ side=BUY qty=188 fill_price=2.41 match_ts_utc=2026-01-14T15:36:26Z dispatch_ts_utc=2026-01-14T15:36:26Z tz_offset_applied="+09:00" dispatch_status=ACK latency_ms=1831
2026-01-14T15:33:01Z [MIG-ENGINE] ORDER order_id=MIG-00000452 symbol=MIGZ side=BUY qty=195 fill_price=35.46 match_ts_utc=2026-01-14T15:33:01Z dispatch_ts_utc=2026-01-14T15:33:01Z tz_offset_applied="+08:00" dispatch_status=TIMEOUT latency_ms=4873
2026-01-14T15:16:02Z [MIG-ENGINE] ORDER order_id=MIG-00000453 symbol=MIGB side=SELL qty=61 fill_price=46.74 match_ts_utc=2026-01-14T15:16:02Z dispatch_ts_utc=2026-01-14T15:16:02Z tz_offset_applied="+08:00" dispatch_status=TIMEOUT latency_ms=1517
2026-01-14T15:23:10Z [MIG-ENGINE] ORDER order_id=MIG-00000454 symbol=MIGY side=BUY qty=128 fill_price=3.26 match_ts_utc=2026-01-14T15:23:10Z dispatch_ts_utc=2026-01-14T15:23:10Z tz_offset_applied="+00:00" dispatch_status=SENT latency_ms=971
2026-01-14T15:08:25Z [MIG-ENGINE] ORDER order_id=MIG-00000455 symbol=MIGZ side=SELL qty=73 fill_price=28.44 match_ts_utc=2026-01-14T15:08:25Z dispatch_ts_utc=2026-01-14T15:08:25Z tz_offset_applied="+09:00" dispatch_status=RETRY latency_ms=90
2026-01-14T15:00:31Z [MIG-ENGINE] ORDER order_id=MIG-00000456 symbol=MIGX side=SELL qty=33 fill_price=13.08 match_ts_utc=2026-01-14T15:00:31Z dispatch_ts_utc=2026-01-14T15:00:31Z tz_offset_applied="+09:00" dispatch_status=RETRY latency_ms=3799
2026-01-14T15:14:46Z [MIG-ENGINE] ORDER order_id=MIG-00000457 symbol=MIGA side=SELL qty=13 fill_price=14.04 match_ts_utc=2026-01-14T15:14:46Z dispatch_ts_utc=2026-01-14T15:14:46Z tz_offset_applied="+08:00" dispatch_status=SENT latency_ms=3687
2026-01-14T15:33:51Z [MIG-ENGINE] ORDER order_id=MIG-00000458 symbol=MIGY side=SELL qty=81 fill_price=16.77 match_ts_utc=2026-01-14T15:33:51Z dispatch_ts_utc=2026-01-14T15:33:51Z tz_offset_applied="+00:00" dispatch_status=ACK latency_ms=4404
2026-01-14T15:16:42Z [MIG-ENGINE] ORDER order_id=MIG-00000459 symbol=MIGB side=SELL qty=179 fill_price=33.78 match_ts_utc=2026-01-14T15:16:42Z dispatch_ts_utc=2026-01-14T15:16:42Z tz_offset_applied="+08:00" dispatch_status=TIMEOUT latency_ms=716
2026-01-14T15:52:17Z [MIG-ENGINE] ORDER order_id=MIG-00000460 symbol=MIGA side=SELL qty=25 fill_price=1.43 match_ts_utc=2026-01-14T15:52:17Z dispatch_ts_utc=2026-01-14T15:52:17Z tz_offset_applied="+08:00" dispatch_status=TIMEOUT latency_ms=3759
2026-01-14T15:56:51Z [MIG-ENGINE] ORDER order_id=MIG-00000461 symbol=MIGB side=SELL qty=144 fill_price=49.81 match_ts_utc=2026-01-14T15:56:51Z dispatch_ts_utc=2026-01-14T15:56:51Z tz_offset_applied="+09:00" dispatch_status=SENT latency_ms=3014
2026-01-14T15:14:23Z [MIG-ENGINE] ORDER order_id=MIG-00000462 symbol=MIGB side=BUY qty=73 fill_price=25.51 match_ts_utc=2026-01-14T15:14:23Z dispatch_ts_utc=2026-01-14T15:14:23Z tz_offset_applied="+09:00" dispatch_status=RETRY latency_ms=1148
2026-01-14T15:24:31Z [MIG-ENGINE] ORDER order_id=MIG-00000463 symbol=MIGX side=SELL qty=106 fill_price=16.08 match_ts_utc=2026-01-14T15:24:31Z dispatch_ts_utc=2026-01-14T15:24:31Z tz_offset_applied="+08:00" dispatch_status=ACK latency_ms=698
2026-01-14T15:34:33Z [MIG-ENGINE] ORDER order_id=MIG-00000464 symbol=MIGY side=BUY qty=119 fill_price=22.21 match_ts_utc=2026-01-14T15:34:33Z dispatch_ts_utc=2026-01-14T15:34:33Z tz_offset_applied="+09:00" dispatch_status=ACK latency_ms=4141
2026-01-14T15:48:16Z [MIG-ENGINE] ORDER order_id=MIG-00000465 symbol=MIGX side=SELL qty=47 fill_price=21.71 match_ts_utc=2026-01-14T15:48:16Z dispatch_ts_utc=2026-01-14T15:48:16Z tz_offset_applied="+00:00" dispatch_status=SENT latency_ms=421
2026-01-14T15:08:35Z [MIG-ENGINE] ORDER order_id=MIG-00000466 symbol=MIGA side=SELL qty=149 fill_price=11.61 match_ts_utc=2026-01-14T15:08:35Z dispatch_ts_utc=2026-01-14T15:08:35Z tz_offset_applied="+08:00" dispatch_status=TIMEOUT latency_ms=3029
2026-01-14T15:10:01Z [MIG-ENGINE] ORDER order_id=MIG-00000467 symbol=MIGX side=BUY qty=26 fill_price=36.75 match_ts_utc=2026-01-14T15:10:01Z dispatch_ts_utc=2026-01-14T15:10:01Z tz_offset_applied="+08:00" dispatch_status=ACK latency_ms=1507
2026-01-14T15:51:06Z [MIG-ENGINE] ORDER order_id=MIG-00000468 symbol=MIGX side=BUY qty=187 fill_price=33.27 match_ts_utc=2026-01-14T15:51:06Z dispatch_ts_utc=2026-01-14T15:51:06Z tz_offset_applied="+00:00" dispatch_status=ACK latency_ms=1504
2026-01-14T15:33:58Z [MIG-ENGINE] ORDER order_id=MIG-00000469 symbol=MIGY side=SELL qty=49 fill_price=11.00 match_ts_utc=2026-01-14T15:33:58Z dispatch_ts_utc=2026-01-14T15:33:58Z tz_offset_applied="+00:00" dispatch_status=RETRY latency_ms=1227
2026-01-14T15:42:14Z [MIG-ENGINE] ORDER order_id=MIG-00000470 symbol=MIGX side=SELL qty=166 fill_price=49.00 match_ts_utc=2026-01-14T15:42:14Z dispatch_ts_utc=2026-01-14T15:42:14Z tz_offset_applied="+08:00" dispatch_status=SENT latency_ms=4093
2026-01-14T15:10:39Z [MIG-ENGINE] ORDER order_id=MIG-00000471 symbol=MIGB side=BUY qty=113 fill_price=31.30 match_ts_utc=2026-01-14T15:10:39Z dispatch_ts_utc=2026-01-14T15:10:39Z tz_offset_applied="+08:00" dispatch_status=SENT latency_ms=775
2026-01-14T15:41:12Z [MIG-ENGINE] ORDER order_id=MIG-00000472 symbol=MIGZ side=BUY qty=106 fill_price=10.64 match_ts_utc=2026-01-14T15:41:12Z dispatch_ts_utc=2026-01-14T15:41:12Z tz_offset_applied="+09:00" dispatch_status=ACK latency_ms=3892
2026-01-14T15:59:01Z [MIG-ENGINE] ORDER order_id=MIG-00000473 symbol=MIGB side=SELL qty=67 fill_price=43.05 match_ts_utc=2026-01-14T15:59:01Z dispatch_ts_utc=2026-01-14T15:59:01Z tz_offset_applied="+00:00" dispatch_status=RETRY latency_ms=4827
2026-01-14T15:27:52Z [MIG-ENGINE] ORDER order_id=MIG-00000474 symbol=MIGY side=BUY qty=78 fill_price=34.60 match_ts_utc=2026-01-14T15:27:52Z dispatch_ts_utc=2026-01-14T15:27:52Z tz_offset_applied="+08:00" dispatch_status=TIMEOUT latency_ms=4637
2026-01-14T15:56:23Z [MIG-ENGINE] ORDER order_id=MIG-00000475 symbol=MIGY side=SELL qty=125 fill_price=21.07 match_ts_utc=2026-01-14T15:56:23Z dispatch_ts_utc=2026-01-14T15:56:23Z tz_offset_applied="+00:00" dispatch_status=ACK latency_ms=3655
2026-01-14T15:54:42Z [MIG-ENGINE] ORDER order_id=MIG-00000476 symbol=MIGZ side=SELL qty=22 fill_price=17.47 match_ts_utc=2026-01-14T15:54:42Z dispatch_ts_utc=2026-01-14T15:54:42Z tz_offset_applied="+08:00" dispatch_status=SENT latency_ms=3034
2026-01-14T15:56:36Z [MIG-ENGINE] ORDER order_id=MIG-00000477 symbol=MIGY side=BUY qty=80 fill_price=28.26 match_ts_utc=2026-01-14T15:56:36Z dispatch_ts_utc=2026-01-14T15:56:36Z tz_offset_applied="+08:00" dispatch_status=SENT latency_ms=3729
2026-01-14T15:48:41Z [MIG-ENGINE] ORDER order_id=MIG-00000478 symbol=MIGB side=SELL qty=160 fill_price=28.82 match_ts_utc=2026-01-14T15:48:41Z dispatch_ts_utc=2026-01-14T15:48:41Z tz_offset_applied="+08:00" dispatch_status=SENT latency_ms=3460
2026-01-14T15:45:53Z [MIG-ENGINE] ORDER order_id=MIG-00000479 symbol=MIGX side=BUY qty=97 fill_price=31.37 match_ts_utc=2026-01-14T15:45:53Z dispatch_ts_utc=2026-01-14T15:45:53Z tz_offset_applied="+00:00" dispatch_status=SENT latency_ms=729
2026-01-14T15:31:35Z [MIG-ENGINE] ORDER order_id=MIG-00000480 symbol=MIGX side=SELL qty=104 fill_price=5.95 match_ts_utc=2026-01-14T15:31:35Z dispatch_ts_utc=2026-01-14T15:31:35Z tz_offset_applied="+09:00" dispatch_status=RETRY latency_ms=3717
2026-01-14T15:42:21Z [MIG-ENGINE] ORDER order_id=MIG-00000481 symbol=MIGY side=BUY qty=117 fill_price=26.81 match_ts_utc=2026-01-14T15:42:21Z dispatch_ts_utc=2026-01-14T15:42:21Z tz_offset_applied="+08:00" dispatch_status=TIMEOUT latency_ms=3141
2026-01-14T15:00:23Z [MIG-ENGINE] ORDER order_id=MIG-00000482 symbol=MIGB side=SELL qty=61 fill_price=30.54 match_ts_utc=2026-01-14T15:00:23Z dispatch_ts_utc=2026-01-14T15:00:23Z tz_offset_applied="+08:00" dispatch_status=RETRY latency_ms=1763
2026-01-14T15:08:46Z [MIG-ENGINE] ORDER order_id=MIG-00000483 symbol=MIGB side=SELL qty=130 fill_price=16.50 match_ts_utc=2026-01-14T15:08:46Z dispatch_ts_utc=2026-01-14T15:08:46Z tz_offset_applied="+09:00" dispatch_status=RETRY latency_ms=3801
2026-01-14T15:58:28Z [MIG-ENGINE] ORDER order_id=MIG-00000484 symbol=MIGA side=SELL qty=178 fill_price=39.98 match_ts_utc=2026-01-14T15:58:28Z dispatch_ts_utc=2026-01-14T15:58:28Z tz_offset_applied="+00:00" dispatch_status=ACK latency_ms=349
2026-01-14T15:28:00Z [MIG-ENGINE] ORDER order_id=MIG-00000485 symbol=MIGX side=BUY qty=129 fill_price=39.12 match_ts_utc=2026-01-14T15:28:00Z dispatch_ts_utc=2026-01-14T15:28:00Z tz_offset_applied="+08:00" dispatch_status=TIMEOUT latency_ms=2646
2026-01-14T15:17:20Z [MIG-ENGINE] ORDER order_id=MIG-00000486 symbol=MIGB side=BUY qty=43 fill_price=40.34 match_ts_utc=2026-01-14T15:17:20Z dispatch_ts_utc=2026-01-14T15:17:20Z tz_offset_applied="+00:00" dispatch_status=SENT latency_ms=2503
2026-01-14T15:04:09Z [MIG-ENGINE] ORDER order_id=MIG-00000487 symbol=MIGB side=BUY qty=15 fill_price=5.92 match_ts_utc=2026-01-14T15:04:09Z dispatch_ts_utc=2026-01-14T15:04:09Z tz_offset_applied="+08:00" dispatch_status=ACK latency_ms=3369
2026-01-14T16:57:07Z [MIG-ENGINE] ORDER order_id=MIG-00000488 symbol=MIGA side=SELL qty=100 fill_price=30.98 match_ts_utc=2026-01-14T16:57:07Z dispatch_ts_utc=2026-01-14T16:57:07Z tz_offset_applied="+00:00" dispatch_status=SENT latency_ms=1293
2026-01-14T16:43:21Z [MIG-ENGINE] ORDER order_id=MIG-00000489 symbol=MIGX side=BUY qty=89 fill_price=18.21 match_ts_utc=2026-01-14T16:43:21Z dispatch_ts_utc=2026-01-14T16:43:21Z tz_offset_applied="+08:00" dispatch_status=SENT latency_ms=50
2026-01-14T16:35:47Z [MIG-ENGINE] ORDER order_id=MIG-00000490 symbol=MIGA side=SELL qty=37 fill_price=11.49 match_ts_utc=2026-01-14T16:35:47Z dispatch_ts_utc=2026-01-14T16:35:47Z tz_offset_applied="+00:00" dispatch_status=ACK latency_ms=1408
2026-01-14T16:56:54Z [MIG-ENGINE] ORDER order_id=MIG-00000491 symbol=MIGY side=BUY qty=64 fill_price=35.26 match_ts_utc=2026-01-14T16:56:54Z dispatch_ts_utc=2026-01-14T16:56:54Z tz_offset_applied="+00:00" dispatch_status=ACK latency_ms=1083
2026-01-14T16:34:43Z [MIG-ENGINE] ORDER order_id=MIG-00000492 symbol=MIGX side=SELL qty=21 fill_price=11.78 match_ts_utc=2026-01-14T16:34:43Z dispatch_ts_utc=2026-01-14T16:34:43Z tz_offset_applied="+08:00" dispatch_status=ACK latency_ms=3907
2026-01-14T16:51:38Z [MIG-ENGINE] ORDER order_id=MIG-00000493 symbol=MIGX side=BUY qty=138 fill_price=16.57 match_ts_utc=2026-01-14T16:51:38Z dispatch_ts_utc=2026-01-14T16:51:38Z tz_offset_applied="+00:00" dispatch_status=SENT latency_ms=3762
2026-01-14T16:05:09Z [MIG-ENGINE] ORDER order_id=MIG-00000494 symbol=MIGY side=BUY qty=65 fill_price=32.81 match_ts_utc=2026-01-14T16:05:09Z dispatch_ts_utc=2026-01-14T16:05:09Z tz_offset_applied="+00:00" dispatch_status=ACK latency_ms=3121
2026-01-14T16:51:15Z [MIG-ENGINE] ORDER order_id=MIG-00000495 symbol=MIGY side=BUY qty=182 fill_price=20.07 match_ts_utc=2026-01-14T16:51:15Z dispatch_ts_utc=2026-01-14T16:51:15Z tz_offset_applied="+00:00" dispatch_status=SENT latency_ms=1235
2026-01-14T16:15:15Z [MIG-ENGINE] ORDER order_id=MIG-00000496 symbol=MIGA side=BUY qty=142 fill_price=49.14 match_ts_utc=2026-01-14T16:15:15Z dispatch_ts_utc=2026-01-14T16:15:15Z tz_offset_applied="+08:00" dispatch_status=SENT latency_ms=4944
2026-01-14T16:53:40Z [MIG-ENGINE] ORDER order_id=MIG-00000497 symbol=MIGA side=SELL qty=156 fill_price=32.35 match_ts_utc=2026-01-14T16:53:40Z dispatch_ts_utc=2026-01-14T16:53:40Z tz_offset_applied="+09:00" dispatch_status=SENT latency_ms=4260
2026-01-14T16:33:44Z [MIG-ENGINE] ORDER order_id=MIG-00000498 symbol=MIGZ side=BUY qty=149 fill_price=30.58 match_ts_utc=2026-01-14T16:33:44Z dispatch_ts_utc=2026-01-14T16:33:44Z tz_offset_applied="+00:00" dispatch_status=SENT latency_ms=2197
2026-01-14T16:35:12Z [MIG-ENGINE] ORDER order_id=MIG-00000499 symbol=MIGZ side=SELL qty=74 fill_price=5.91 match_ts_utc=2026-01-14T16:35:12Z dispatch_ts_utc=2026-01-14T16:35:12Z tz_offset_applied="+08:00" dispatch_status=SENT latency_ms=1934
2026-01-14T16:31:31Z [MIG-ENGINE] ORDER order_id=MIG-00000500 symbol=MIGA side=SELL qty=108 fill_price=7.35 match_ts_utc=2026-01-14T16:31:31Z dispatch_ts_utc=2026-01-14T16:31:31Z tz_offset_applied="+08:00" dispatch_status=SENT latency_ms=686
2026-01-14T16:00:17Z [MIG-ENGINE] ORDER order_id=MIG-00000501 symbol=MIGY side=SELL qty=97 fill_price=47.34 match_ts_utc=2026-01-14T16:00:17Z dispatch_ts_utc=2026-01-14T16:00:17Z tz_offset_applied="+00:00" dispatch_status=TIMEOUT latency_ms=4207
2026-01-14T16:19:00Z [MIG-ENGINE] ORDER order_id=MIG-00000502 symbol=MIGZ side=BUY qty=19 fill_price=27.12 match_ts_utc=2026-01-14T16:19:00Z dispatch_ts_utc=2026-01-14T16:19:00Z tz_offset_applied="+09:00" dispatch_status=SENT latency_ms=1876
2026-01-14T16:58:07Z [MIG-ENGINE] ORDER order_id=MIG-00000503 symbol=MIGZ side=SELL qty=109 fill_price=25.45 match_ts_utc=2026-01-14T16:58:07Z dispatch_ts_utc=2026-01-14T16:58:07Z tz_offset_applied="+00:00" dispatch_status=SENT latency_ms=3522
2026-01-14T16:06:54Z [MIG-ENGINE] ORDER order_id=MIG-00000504 symbol=MIGY side=BUY qty=81 fill_price=25.87 match_ts_utc=2026-01-14T16:06:54Z dispatch_ts_utc=2026-01-14T16:06:54Z tz_offset_applied="+00:00" dispatch_status=SENT latency_ms=50
2026-01-14T16:15:43Z [MIG-ENGINE] ORDER order_id=MIG-00000505 symbol=MIGA side=SELL qty=133 fill_price=21.88 match_ts_utc=2026-01-14T16:15:43Z dispatch_ts_utc=2026-01-14T16:15:43Z tz_offset_applied="+09:00" dispatch_status=ACK latency_ms=4503
2026-01-14T16:29:29Z [MIG-ENGINE] ORDER order_id=MIG-00000506 symbol=MIGA side=BUY qty=106 fill_price=12.24 match_ts_utc=2026-01-14T16:29:29Z dispatch_ts_utc=2026-01-14T16:29:29Z tz_offset_applied="+08:00" dispatch_status=TIMEOUT latency_ms=680
2026-01-14T16:27:49Z [MIG-ENGINE] ORDER order_id=MIG-00000507 symbol=MIGB side=SELL qty=16 fill_price=31.49 match_ts_utc=2026-01-14T16:27:49Z dispatch_ts_utc=2026-01-14T16:27:49Z tz_offset_applied="+00:00" dispatch_status=ACK latency_ms=1409
2026-01-14T16:31:53Z [MIG-ENGINE] ORDER order_id=MIG-00000508 symbol=MIGB side=BUY qty=107 fill_price=46.00 match_ts_utc=2026-01-14T16:31:53Z dispatch_ts_utc=2026-01-14T16:31:53Z tz_offset_applied="+09:00" dispatch_status=TIMEOUT latency_ms=3594
2026-01-14T16:13:30Z [MIG-ENGINE] ORDER order_id=MIG-00000509 symbol=MIGY side=SELL qty=47 fill_price=28.39 match_ts_utc=2026-01-14T16:13:30Z dispatch_ts_utc=2026-01-14T16:13:30Z tz_offset_applied="+08:00" dispatch_status=SENT latency_ms=3984
2026-01-14T16:09:43Z [MIG-ENGINE] ORDER order_id=MIG-00000510 symbol=MIGA side=BUY qty=191 fill_price=37.32 match_ts_utc=2026-01-14T16:09:43Z dispatch_ts_utc=2026-01-14T16:09:43Z tz_offset_applied="+00:00" dispatch_status=ACK latency_ms=968
2026-01-14T16:36:40Z [MIG-ENGINE] ORDER order_id=MIG-00000511 symbol=MIGZ side=BUY qty=25 fill_price=9.24 match_ts_utc=2026-01-14T16:36:40Z dispatch_ts_utc=2026-01-14T16:36:40Z tz_offset_applied="+00:00" dispatch_status=SENT latency_ms=868
2026-01-14T16:17:54Z [MIG-ENGINE] ORDER order_id=MIG-00000512 symbol=MIGA side=SELL qty=31 fill_price=37.35 match_ts_utc=2026-01-14T16:17:54Z dispatch_ts_utc=2026-01-14T16:17:54Z tz_offset_applied="+08:00" dispatch_status=ACK latency_ms=2955
2026-01-14T16:48:16Z [MIG-ENGINE] ORDER order_id=MIG-00000513 symbol=MIGY side=SELL qty=129 fill_price=2.39 match_ts_utc=2026-01-14T16:48:16Z dispatch_ts_utc=2026-01-14T16:48:16Z tz_offset_applied="+00:00" dispatch_status=ACK latency_ms=3851
2026-01-14T16:48:50Z [MIG-ENGINE] ORDER order_id=MIG-00000514 symbol=MIGZ side=BUY qty=91 fill_price=8.92 match_ts_utc=2026-01-14T16:48:50Z dispatch_ts_utc=2026-01-14T16:48:50Z tz_offset_applied="+00:00" dispatch_status=ACK latency_ms=4465
2026-01-14T16:57:27Z [MIG-ENGINE] ORDER order_id=MIG-00000515 symbol=MIGA side=SELL qty=130 fill_price=10.35 match_ts_utc=2026-01-14T16:57:27Z dispatch_ts_utc=2026-01-14T16:57:27Z tz_offset_applied="+00:00" dispatch_status=SENT latency_ms=394
2026-01-14T16:16:50Z [MIG-ENGINE] ORDER order_id=MIG-00000516 symbol=MIGX side=SELL qty=98 fill_price=24.62 match_ts_utc=2026-01-14T16:16:50Z dispatch_ts_utc=2026-01-14T16:16:50Z tz_offset_applied="+09:00" dispatch_status=TIMEOUT latency_ms=3534
2026-01-14T16:45:44Z [MIG-ENGINE] ORDER order_id=MIG-00000517 symbol=MIGB side=BUY qty=145 fill_price=10.29 match_ts_utc=2026-01-14T16:45:44Z dispatch_ts_utc=2026-01-14T16:45:44Z tz_offset_applied="+08:00" dispatch_status=RETRY latency_ms=4401
2026-01-14T16:38:21Z [MIG-ENGINE] ORDER order_id=MIG-00000518 symbol=MIGA side=BUY qty=159 fill_price=46.83 match_ts_utc=2026-01-14T16:38:21Z dispatch_ts_utc=2026-01-14T16:38:21Z tz_offset_applied="+09:00" dispatch_status=SENT latency_ms=3912
2026-01-14T16:04:52Z [MIG-ENGINE] ORDER order_id=MIG-00000519 symbol=MIGZ side=SELL qty=50 fill_price=24.45 match_ts_utc=2026-01-14T16:04:52Z dispatch_ts_utc=2026-01-14T16:04:52Z tz_offset_applied="+09:00" dispatch_status=SENT latency_ms=1146
2026-01-14T16:07:13Z [MIG-ENGINE] ORDER order_id=MIG-00000520 symbol=MIGY side=SELL qty=28 fill_price=32.28 match_ts_utc=2026-01-14T16:07:13Z dispatch_ts_utc=2026-01-14T16:07:13Z tz_offset_applied="+00:00" dispatch_status=RETRY latency_ms=1837
2026-01-14T16:15:28Z [MIG-ENGINE] ORDER order_id=MIG-00000521 symbol=MIGB side=BUY qty=187 fill_price=3.56 match_ts_utc=2026-01-14T16:15:28Z dispatch_ts_utc=2026-01-14T16:15:28Z tz_offset_applied="+08:00" dispatch_status=SENT latency_ms=4913
2026-01-14T16:00:40Z [MIG-ENGINE] ORDER order_id=MIG-00000522 symbol=MIGA side=SELL qty=57 fill_price=48.38 match_ts_utc=2026-01-14T16:00:40Z dispatch_ts_utc=2026-01-14T16:00:40Z tz_offset_applied="+09:00" dispatch_status=RETRY latency_ms=605
2026-01-14T16:26:37Z [MIG-ENGINE] ORDER order_id=MIG-00000523 symbol=MIGX side=BUY qty=199 fill_price=5.38 match_ts_utc=2026-01-14T16:26:37Z dispatch_ts_utc=2026-01-14T16:26:37Z tz_offset_applied="+09:00" dispatch_status=ACK latency_ms=4634
2026-01-14T16:28:44Z [MIG-ENGINE] ORDER order_id=MIG-00000524 symbol=MIGZ side=BUY qty=25 fill_price=30.05 match_ts_utc=2026-01-14T16:28:44Z dispatch_ts_utc=2026-01-14T16:28:44Z tz_offset_applied="+00:00" dispatch_status=TIMEOUT latency_ms=3418
2026-01-14T16:09:12Z [MIG-ENGINE] ORDER order_id=MIG-00000525 symbol=MIGY side=SELL qty=39 fill_price=40.37 match_ts_utc=2026-01-14T16:09:12Z dispatch_ts_utc=2026-01-14T16:09:12Z tz_offset_applied="+09:00" dispatch_status=ACK latency_ms=2622
2026-01-14T16:10:46Z [MIG-ENGINE] ORDER order_id=MIG-00000526 symbol=MIGZ side=BUY qty=52 fill_price=46.61 match_ts_utc=2026-01-14T16:10:46Z dispatch_ts_utc=2026-01-14T16:10:46Z tz_offset_applied="+09:00" dispatch_status=ACK latency_ms=1111
2026-01-14T16:28:26Z [MIG-ENGINE] ORDER order_id=MIG-00000527 symbol=MIGZ side=BUY qty=126 fill_price=17.57 match_ts_utc=2026-01-14T16:28:26Z dispatch_ts_utc=2026-01-14T16:28:26Z tz_offset_applied="+09:00" dispatch_status=ACK latency_ms=4680
2026-01-14T16:29:53Z [MIG-ENGINE] ORDER order_id=MIG-00000528 symbol=MIGZ side=BUY qty=83 fill_price=43.04 match_ts_utc=2026-01-14T16:29:53Z dispatch_ts_utc=2026-01-14T16:29:53Z tz_offset_applied="+08:00" dispatch_status=SENT latency_ms=3408
2026-01-14T16:17:48Z [MIG-ENGINE] ORDER order_id=MIG-00000529 symbol=MIGZ side=BUY qty=26 fill_price=15.01 match_ts_utc=2026-01-14T16:17:48Z dispatch_ts_utc=2026-01-14T16:17:48Z tz_offset_applied="+08:00" dispatch_status=RETRY latency_ms=4185
2026-01-14T16:58:20Z [MIG-ENGINE] ORDER order_id=MIG-00000530 symbol=MIGY side=SELL qty=138 fill_price=36.91 match_ts_utc=2026-01-14T16:58:20Z dispatch_ts_utc=2026-01-14T16:58:20Z tz_offset_applied="+00:00" dispatch_status=ACK latency_ms=4370
2026-01-14T16:45:19Z [MIG-ENGINE] ORDER order_id=MIG-00000531 symbol=MIGA side=SELL qty=74 fill_price=44.68 match_ts_utc=2026-01-14T16:45:19Z dispatch_ts_utc=2026-01-14T16:45:19Z tz_offset_applied="+00:00" dispatch_status=RETRY latency_ms=218
2026-01-14T16:23:06Z [MIG-ENGINE] ORDER order_id=MIG-00000532 symbol=MIGZ side=SELL qty=13 fill_price=14.59 match_ts_utc=2026-01-14T16:23:06Z dispatch_ts_utc=2026-01-14T16:23:06Z tz_offset_applied="+09:00" dispatch_status=TIMEOUT latency_ms=1887
2026-01-14T16:18:05Z [MIG-ENGINE] ORDER order_id=MIG-00000533 symbol=MIGZ side=BUY qty=45 fill_price=2.46 match_ts_utc=2026-01-14T16:18:05Z dispatch_ts_utc=2026-01-14T16:18:05Z tz_offset_applied="+00:00" dispatch_status=TIMEOUT latency_ms=1509
2026-01-14T16:40:41Z [MIG-ENGINE] ORDER order_id=MIG-00000534 symbol=MIGZ side=BUY qty=135 fill_price=40.30 match_ts_utc=2026-01-14T16:40:41Z dispatch_ts_utc=2026-01-14T16:40:41Z tz_offset_applied="+00:00" dispatch_status=TIMEOUT latency_ms=3858
2026-01-14T16:01:30Z [MIG-ENGINE] ORDER order_id=MIG-00000535 symbol=MIGZ side=SELL qty=182 fill_price=39.36 match_ts_utc=2026-01-14T16:01:30Z dispatch_ts_utc=2026-01-14T16:01:30Z tz_offset_applied="+00:00" dispatch_status=SENT latency_ms=4694
2026-01-14T16:48:08Z [MIG-ENGINE] ORDER order_id=MIG-00000536 symbol=MIGA side=BUY qty=153 fill_price=11.05 match_ts_utc=2026-01-14T16:48:08Z dispatch_ts_utc=2026-01-14T16:48:08Z tz_offset_applied="+09:00" dispatch_status=SENT latency_ms=2362
2026-01-14T16:45:51Z [MIG-ENGINE] ORDER order_id=MIG-00000537 symbol=MIGB side=SELL qty=149 fill_price=12.59 match_ts_utc=2026-01-14T16:45:51Z dispatch_ts_utc=2026-01-14T16:45:51Z tz_offset_applied="+08:00" dispatch_status=SENT latency_ms=1138
2026-01-14T16:26:11Z [MIG-ENGINE] ORDER order_id=MIG-00000538 symbol=MIGA side=SELL qty=139 fill_price=16.36 match_ts_utc=2026-01-14T16:26:11Z dispatch_ts_utc=2026-01-14T16:26:11Z tz_offset_applied="+08:00" dispatch_status=RETRY latency_ms=4743
2026-01-14T16:53:29Z [MIG-ENGINE] ORDER order_id=MIG-00000539 symbol=MIGZ side=BUY qty=51 fill_price=47.20 match_ts_utc=2026-01-14T16:53:29Z dispatch_ts_utc=2026-01-14T16:53:29Z tz_offset_applied="+08:00" dispatch_status=SENT latency_ms=1447
2026-01-14T16:19:53Z [MIG-ENGINE] ORDER order_id=MIG-00000540 symbol=MIGZ side=SELL qty=120 fill_price=35.09 match_ts_utc=2026-01-14T16:19:53Z dispatch_ts_utc=2026-01-14T16:19:53Z tz_offset_applied="+09:00" dispatch_status=TIMEOUT latency_ms=2149
2026-01-14T16:55:40Z [MIG-ENGINE] ORDER order_id=MIG-00000541 symbol=MIGZ side=BUY qty=175 fill_price=7.97 match_ts_utc=2026-01-14T16:55:40Z dispatch_ts_utc=2026-01-14T16:55:40Z tz_offset_applied="+08:00" dispatch_status=TIMEOUT latency_ms=2315
2026-01-14T16:59:04Z [MIG-ENGINE] ORDER order_id=MIG-00000542 symbol=MIGX side=BUY qty=43 fill_price=42.37 match_ts_utc=2026-01-14T16:59:04Z dispatch_ts_utc=2026-01-14T16:59:04Z tz_offset_applied="+08:00" dispatch_status=TIMEOUT latency_ms=143
2026-01-14T16:18:50Z [MIG-ENGINE] ORDER order_id=MIG-00000543 symbol=MIGZ side=BUY qty=90 fill_price=35.01 match_ts_utc=2026-01-14T16:18:50Z dispatch_ts_utc=2026-01-14T16:18:50Z tz_offset_applied="+09:00" dispatch_status=SENT latency_ms=1695
2026-01-14T16:36:18Z [MIG-ENGINE] ORDER order_id=MIG-00000544 symbol=MIGA side=SELL qty=187 fill_price=24.73 match_ts_utc=2026-01-14T16:36:18Z dispatch_ts_utc=2026-01-14T16:36:18Z tz_offset_applied="+09:00" dispatch_status=TIMEOUT latency_ms=4941
2026-01-14T16:05:40Z [MIG-ENGINE] ORDER order_id=MIG-00000545 symbol=MIGY side=SELL qty=121 fill_price=22.56 match_ts_utc=2026-01-14T16:05:40Z dispatch_ts_utc=2026-01-14T16:05:40Z tz_offset_applied="+00:00" dispatch_status=SENT latency_ms=700
2026-01-14T16:34:40Z [MIG-ENGINE] ORDER order_id=MIG-00000546 symbol=MIGZ side=BUY qty=79 fill_price=16.51 match_ts_utc=2026-01-14T16:34:40Z dispatch_ts_utc=2026-01-14T16:34:40Z tz_offset_applied="+09:00" dispatch_status=RETRY latency_ms=540
2026-01-14T16:10:38Z [MIG-ENGINE] ORDER order_id=MIG-00000547 symbol=MIGB side=BUY qty=107 fill_price=15.26 match_ts_utc=2026-01-14T16:10:38Z dispatch_ts_utc=2026-01-14T16:10:38Z tz_offset_applied="+08:00" dispatch_status=ACK latency_ms=2106
2026-01-14T16:03:56Z [MIG-ENGINE] ORDER order_id=MIG-00000548 symbol=MIGB side=BUY qty=13 fill_price=32.09 match_ts_utc=2026-01-14T16:03:56Z dispatch_ts_utc=2026-01-14T16:03:56Z tz_offset_applied="+00:00" dispatch_status=RETRY latency_ms=4890
2026-01-14T16:15:28Z [MIG-ENGINE] ORDER order_id=MIG-00000549 symbol=MIGA side=BUY qty=58 fill_price=26.17 match_ts_utc=2026-01-14T16:15:28Z dispatch_ts_utc=2026-01-14T16:15:28Z tz_offset_applied="+09:00" dispatch_status=ACK latency_ms=1754
2026-01-14T16:16:51Z [MIG-ENGINE] ORDER order_id=MIG-00000550 symbol=MIGA side=BUY qty=137 fill_price=39.22 match_ts_utc=2026-01-14T16:16:51Z dispatch_ts_utc=2026-01-14T16:16:51Z tz_offset_applied="+08:00" dispatch_status=TIMEOUT latency_ms=4136
2026-01-14T16:57:29Z [MIG-ENGINE] ORDER order_id=MIG-00000551 symbol=MIGA side=BUY qty=56 fill_price=16.96 match_ts_utc=2026-01-14T16:57:29Z dispatch_ts_utc=2026-01-14T16:57:29Z tz_offset_applied="+09:00" dispatch_status=RETRY latency_ms=2546
2026-01-14T16:28:41Z [MIG-ENGINE] ORDER order_id=MIG-00000552 symbol=MIGZ side=BUY qty=173 fill_price=44.16 match_ts_utc=2026-01-14T16:28:41Z dispatch_ts_utc=2026-01-14T16:28:41Z tz_offset_applied="+00:00" dispatch_status=SENT latency_ms=483
2026-01-14T17:33:55Z [MIG-ENGINE] ORDER order_id=MIG-00000553 symbol=MIGX side=BUY qty=147 fill_price=15.46 match_ts_utc=2026-01-14T17:33:55Z dispatch_ts_utc=2026-01-14T17:33:55Z tz_offset_applied="+00:00" dispatch_status=ACK latency_ms=922
2026-01-14T17:58:30Z [MIG-ENGINE] ORDER order_id=MIG-00000554 symbol=MIGB side=SELL qty=152 fill_price=2.77 match_ts_utc=2026-01-14T17:58:30Z dispatch_ts_utc=2026-01-14T17:58:30Z tz_offset_applied="+08:00" dispatch_status=SENT latency_ms=201
2026-01-14T17:03:18Z [MIG-ENGINE] ORDER order_id=MIG-00000555 symbol=MIGZ side=BUY qty=72 fill_price=19.78 match_ts_utc=2026-01-14T17:03:18Z dispatch_ts_utc=2026-01-14T17:03:18Z tz_offset_applied="+00:00" dispatch_status=RETRY latency_ms=2529
2026-01-14T17:11:10Z [MIG-ENGINE] ORDER order_id=MIG-00000556 symbol=MIGA side=BUY qty=24 fill_price=14.65 match_ts_utc=2026-01-14T17:11:10Z dispatch_ts_utc=2026-01-14T17:11:10Z tz_offset_applied="+08:00" dispatch_status=ACK latency_ms=1324
2026-01-14T17:38:34Z [MIG-ENGINE] ORDER order_id=MIG-00000557 symbol=MIGB side=SELL qty=171 fill_price=27.17 match_ts_utc=2026-01-14T17:38:34Z dispatch_ts_utc=2026-01-14T17:38:34Z tz_offset_applied="+09:00" dispatch_status=TIMEOUT latency_ms=3675
2026-01-14T17:07:48Z [MIG-ENGINE] ORDER order_id=MIG-00000558 symbol=MIGB side=SELL qty=85 fill_price=32.74 match_ts_utc=2026-01-14T17:07:48Z dispatch_ts_utc=2026-01-14T17:07:48Z tz_offset_applied="+00:00" dispatch_status=ACK latency_ms=3501
2026-01-14T17:56:22Z [MIG-ENGINE] ORDER order_id=MIG-00000559 symbol=MIGY side=BUY qty=52 fill_price=5.98 match_ts_utc=2026-01-14T17:56:22Z dispatch_ts_utc=2026-01-14T17:56:22Z tz_offset_applied="+09:00" dispatch_status=ACK latency_ms=4525
2026-01-14T17:10:03Z [MIG-ENGINE] ORDER order_id=MIG-00000560 symbol=MIGY side=BUY qty=176 fill_price=37.10 match_ts_utc=2026-01-14T17:10:03Z dispatch_ts_utc=2026-01-14T17:10:03Z tz_offset_applied="+09:00" dispatch_status=TIMEOUT latency_ms=900
2026-01-14T17:09:06Z [MIG-ENGINE] ORDER order_id=MIG-00000561 symbol=MIGB side=SELL qty=143 fill_price=47.79 match_ts_utc=2026-01-14T17:09:06Z dispatch_ts_utc=2026-01-14T17:09:06Z tz_offset_applied="+09:00" dispatch_status=RETRY latency_ms=3801
2026-01-14T17:38:07Z [MIG-ENGINE] ORDER order_id=MIG-00000562 symbol=MIGX side=SELL qty=47 fill_price=5.29 match_ts_utc=2026-01-14T17:38:07Z dispatch_ts_utc=2026-01-14T17:38:07Z tz_offset_applied="+09:00" dispatch_status=SENT latency_ms=2697
2026-01-14T17:50:40Z [MIG-ENGINE] ORDER order_id=MIG-00000563 symbol=MIGA side=SELL qty=193 fill_price=34.00 match_ts_utc=2026-01-14T17:50:40Z dispatch_ts_utc=2026-01-14T17:50:40Z tz_offset_applied="+00:00" dispatch_status=SENT latency_ms=3813
2026-01-14T17:05:33Z [MIG-ENGINE] ORDER order_id=MIG-00000564 symbol=MIGB side=SELL qty=13 fill_price=49.23 match_ts_utc=2026-01-14T17:05:33Z dispatch_ts_utc=2026-01-14T17:05:33Z tz_offset_applied="+08:00" dispatch_status=RETRY latency_ms=880
2026-01-14T17:06:06Z [MIG-ENGINE] ORDER order_id=MIG-00000565 symbol=MIGA side=SELL qty=152 fill_price=37.44 match_ts_utc=2026-01-14T17:06:06Z dispatch_ts_utc=2026-01-14T17:06:06Z tz_offset_applied="+09:00" dispatch_status=SENT latency_ms=687
2026-01-14T17:04:36Z [MIG-ENGINE] ORDER order_id=MIG-00000566 symbol=MIGY side=BUY qty=28 fill_price=2.36 match_ts_utc=2026-01-14T17:04:36Z dispatch_ts_utc=2026-01-14T17:04:36Z tz_offset_applied="+09:00" dispatch_status=SENT latency_ms=2146
2026-01-14T17:47:12Z [MIG-ENGINE] ORDER order_id=MIG-00000567 symbol=MIGB side=SELL qty=18 fill_price=15.70 match_ts_utc=2026-01-14T17:47:12Z dispatch_ts_utc=2026-01-14T17:47:12Z tz_offset_applied="+08:00" dispatch_status=RETRY latency_ms=3995
2026-01-14T17:06:55Z [MIG-ENGINE] ORDER order_id=MIG-00000568 symbol=MIGA side=BUY qty=186 fill_price=31.81 match_ts_utc=2026-01-14T17:06:55Z dispatch_ts_utc=2026-01-14T17:06:55Z tz_offset_applied="+08:00" dispatch_status=ACK latency_ms=713
2026-01-14T17:50:26Z [MIG-ENGINE] ORDER order_id=MIG-00000569 symbol=MIGY side=SELL qty=149 fill_price=32.63 match_ts_utc=2026-01-14T17:50:26Z dispatch_ts_utc=2026-01-14T17:50:26Z tz_offset_applied="+09:00" dispatch_status=ACK latency_ms=4106
2026-01-14T17:53:56Z [MIG-ENGINE] ORDER order_id=MIG-00000570 symbol=MIGA side=SELL qty=116 fill_price=35.63 match_ts_utc=2026-01-14T17:53:56Z dispatch_ts_utc=2026-01-14T17:53:56Z tz_offset_applied="+00:00" dispatch_status=RETRY latency_ms=3988
2026-01-14T17:05:43Z [MIG-ENGINE] ORDER order_id=MIG-00000571 symbol=MIGA side=BUY qty=154 fill_price=3.57 match_ts_utc=2026-01-14T17:05:43Z dispatch_ts_utc=2026-01-14T17:05:43Z tz_offset_applied="+08:00" dispatch_status=RETRY latency_ms=367
2026-01-14T17:07:43Z [MIG-ENGINE] ORDER order_id=MIG-00000572 symbol=MIGB side=BUY qty=60 fill_price=10.05 match_ts_utc=2026-01-14T17:07:43Z dispatch_ts_utc=2026-01-14T17:07:43Z tz_offset_applied="+09:00" dispatch_status=RETRY latency_ms=3578
2026-01-14T17:23:40Z [MIG-ENGINE] ORDER order_id=MIG-00000573 symbol=MIGA side=BUY qty=121 fill_price=5.28 match_ts_utc=2026-01-14T17:23:40Z dispatch_ts_utc=2026-01-14T17:23:40Z tz_offset_applied="+00:00" dispatch_status=TIMEOUT latency_ms=1877
2026-01-14T17:19:03Z [MIG-ENGINE] ORDER order_id=MIG-00000574 symbol=MIGZ side=BUY qty=62 fill_price=28.36 match_ts_utc=2026-01-14T17:19:03Z dispatch_ts_utc=2026-01-14T17:19:03Z tz_offset_applied="+09:00" dispatch_status=TIMEOUT latency_ms=449
2026-01-14T17:48:56Z [MIG-ENGINE] ORDER order_id=MIG-00000575 symbol=MIGY side=BUY qty=167 fill_price=19.66 match_ts_utc=2026-01-14T17:48:56Z dispatch_ts_utc=2026-01-14T17:48:56Z tz_offset_applied="+00:00" dispatch_status=ACK latency_ms=2112
2026-01-14T17:33:13Z [MIG-ENGINE] ORDER order_id=MIG-00000576 symbol=MIGX side=BUY qty=75 fill_price=2.83 match_ts_utc=2026-01-14T17:33:13Z dispatch_ts_utc=2026-01-14T17:33:13Z tz_offset_applied="+08:00" dispatch_status=TIMEOUT latency_ms=3656
2026-01-14T17:12:57Z [MIG-ENGINE] ORDER order_id=MIG-00000577 symbol=MIGB side=BUY qty=94 fill_price=48.27 match_ts_utc=2026-01-14T17:12:57Z dispatch_ts_utc=2026-01-14T17:12:57Z tz_offset_applied="+08:00" dispatch_status=SENT latency_ms=4770
2026-01-14T17:14:40Z [MIG-ENGINE] ORDER order_id=MIG-00000578 symbol=MIGA side=SELL qty=42 fill_price=38.28 match_ts_utc=2026-01-14T17:14:40Z dispatch_ts_utc=2026-01-14T17:14:40Z tz_offset_applied="+08:00" dispatch_status=TIMEOUT latency_ms=1111
2026-01-14T17:57:54Z [MIG-ENGINE] ORDER order_id=MIG-00000579 symbol=MIGA side=BUY qty=147 fill_price=1.33 match_ts_utc=2026-01-14T17:57:54Z dispatch_ts_utc=2026-01-14T17:57:54Z tz_offset_applied="+09:00" dispatch_status=TIMEOUT latency_ms=3397
2026-01-14T17:24:51Z [MIG-ENGINE] ORDER order_id=MIG-00000580 symbol=MIGX side=BUY qty=28 fill_price=43.61 match_ts_utc=2026-01-14T17:24:51Z dispatch_ts_utc=2026-01-14T17:24:51Z tz_offset_applied="+09:00" dispatch_status=SENT latency_ms=3679
2026-01-14T17:02:24Z [MIG-ENGINE] ORDER order_id=MIG-00000581 symbol=MIGY side=BUY qty=21 fill_price=3.61 match_ts_utc=2026-01-14T17:02:24Z dispatch_ts_utc=2026-01-14T17:02:24Z tz_offset_applied="+00:00" dispatch_status=TIMEOUT latency_ms=856
2026-01-14T17:53:10Z [MIG-ENGINE] ORDER order_id=MIG-00000582 symbol=MIGA side=SELL qty=77 fill_price=12.90 match_ts_utc=2026-01-14T17:53:10Z dispatch_ts_utc=2026-01-14T17:53:10Z tz_offset_applied="+09:00" dispatch_status=RETRY latency_ms=4331
2026-01-14T17:38:10Z [MIG-ENGINE] ORDER order_id=MIG-00000583 symbol=MIGA side=SELL qty=68 fill_price=36.21 match_ts_utc=2026-01-14T17:38:10Z dispatch_ts_utc=2026-01-14T17:38:10Z tz_offset_applied="+09:00" dispatch_status=TIMEOUT latency_ms=2162
2026-01-14T17:22:09Z [MIG-ENGINE] ORDER order_id=MIG-00000584 symbol=MIGX side=SELL qty=106 fill_price=11.97 match_ts_utc=2026-01-14T17:22:09Z dispatch_ts_utc=2026-01-14T17:22:09Z tz_offset_applied="+00:00" dispatch_status=ACK latency_ms=137
2026-01-14T17:06:30Z [MIG-ENGINE] ORDER order_id=MIG-00000585 symbol=MIGA side=BUY qty=183 fill_price=19.58 match_ts_utc=2026-01-14T17:06:30Z dispatch_ts_utc=2026-01-14T17:06:30Z tz_offset_applied="+00:00" dispatch_status=RETRY latency_ms=2800
2026-01-14T17:39:05Z [MIG-ENGINE] ORDER order_id=MIG-00000586 symbol=MIGA side=SELL qty=197 fill_price=24.60 match_ts_utc=2026-01-14T17:39:05Z dispatch_ts_utc=2026-01-14T17:39:05Z tz_offset_applied="+08:00" dispatch_status=SENT latency_ms=756
2026-01-14T17:18:36Z [MIG-ENGINE] ORDER order_id=MIG-00000587 symbol=MIGX side=BUY qty=103 fill_price=41.30 match_ts_utc=2026-01-14T17:18:36Z dispatch_ts_utc=2026-01-14T17:18:36Z tz_offset_applied="+09:00" dispatch_status=ACK latency_ms=2473
2026-01-14T17:30:58Z [MIG-ENGINE] ORDER order_id=MIG-00000588 symbol=MIGB side=SELL qty=173 fill_price=48.72 match_ts_utc=2026-01-14T17:30:58Z dispatch_ts_utc=2026-01-14T17:30:58Z tz_offset_applied="+09:00" dispatch_status=SENT latency_ms=136
2026-01-14T17:42:57Z [MIG-ENGINE] ORDER order_id=MIG-00000589 symbol=MIGB side=BUY qty=180 fill_price=30.77 match_ts_utc=2026-01-14T17:42:57Z dispatch_ts_utc=2026-01-14T17:42:57Z tz_offset_applied="+08:00" dispatch_status=RETRY latency_ms=2738
2026-01-14T17:24:58Z [MIG-ENGINE] ORDER order_id=MIG-00000590 symbol=MIGY side=SELL qty=99 fill_price=27.13 match_ts_utc=2026-01-14T17:24:58Z dispatch_ts_utc=2026-01-14T17:24:58Z tz_offset_applied="+09:00" dispatch_status=SENT latency_ms=1355
2026-01-14T17:07:19Z [MIG-ENGINE] ORDER order_id=MIG-00000591 symbol=MIGY side=SELL qty=153 fill_price=39.77 match_ts_utc=2026-01-14T17:07:19Z dispatch_ts_utc=2026-01-14T17:07:19Z tz_offset_applied="+00:00" dispatch_status=SENT latency_ms=1411
2026-01-14T17:35:29Z [MIG-ENGINE] ORDER order_id=MIG-00000592 symbol=MIGA side=SELL qty=69 fill_price=42.06 match_ts_utc=2026-01-14T17:35:29Z dispatch_ts_utc=2026-01-14T17:35:29Z tz_offset_applied="+00:00" dispatch_status=TIMEOUT latency_ms=2898
2026-01-14T17:06:13Z [MIG-ENGINE] ORDER order_id=MIG-00000593 symbol=MIGA side=SELL qty=163 fill_price=17.80 match_ts_utc=2026-01-14T17:06:13Z dispatch_ts_utc=2026-01-14T17:06:13Z tz_offset_applied="+08:00" dispatch_status=SENT latency_ms=861
2026-01-14T17:39:17Z [MIG-ENGINE] ORDER order_id=MIG-00000594 symbol=MIGY side=SELL qty=142 fill_price=5.32 match_ts_utc=2026-01-14T17:39:17Z dispatch_ts_utc=2026-01-14T17:39:17Z tz_offset_applied="+09:00" dispatch_status=RETRY latency_ms=418
2026-01-14T17:09:14Z [MIG-ENGINE] ORDER order_id=MIG-00000595 symbol=MIGZ side=SELL qty=62 fill_price=10.23 match_ts_utc=2026-01-14T17:09:14Z dispatch_ts_utc=2026-01-14T17:09:14Z tz_offset_applied="+08:00" dispatch_status=SENT latency_ms=269
2026-01-14T17:18:11Z [MIG-ENGINE] ORDER order_id=MIG-00000596 symbol=MIGY side=SELL qty=51 fill_price=23.65 match_ts_utc=2026-01-14T17:18:11Z dispatch_ts_utc=2026-01-14T17:18:11Z tz_offset_applied="+08:00" dispatch_status=SENT latency_ms=3777
2026-01-14T17:38:55Z [MIG-ENGINE] ORDER order_id=MIG-00000597 symbol=MIGA side=SELL qty=135 fill_price=2.58 match_ts_utc=2026-01-14T17:38:55Z dispatch_ts_utc=2026-01-14T17:38:55Z tz_offset_applied="+08:00" dispatch_status=RETRY latency_ms=2866
2026-01-14T17:04:51Z [MIG-ENGINE] ORDER order_id=MIG-00000598 symbol=MIGZ side=BUY qty=71 fill_price=34.56 match_ts_utc=2026-01-14T17:04:51Z dispatch_ts_utc=2026-01-14T17:04:51Z tz_offset_applied="+09:00" dispatch_status=ACK latency_ms=4366
2026-01-14T18:24:37Z [MIG-ENGINE] ORDER order_id=MIG-00000599 symbol=MIGB side=SELL qty=112 fill_price=14.59 match_ts_utc=2026-01-14T18:24:37Z dispatch_ts_utc=2026-01-14T18:24:37Z tz_offset_applied="+08:00" dispatch_status=ACK latency_ms=4629
2026-01-14T18:08:31Z [MIG-ENGINE] ORDER order_id=MIG-00000600 symbol=MIGA side=BUY qty=188 fill_price=42.35 match_ts_utc=2026-01-14T18:08:31Z dispatch_ts_utc=2026-01-14T18:08:31Z tz_offset_applied="+08:00" dispatch_status=TIMEOUT latency_ms=3164
2026-01-14T18:28:01Z [MIG-ENGINE] ORDER order_id=MIG-00000601 symbol=MIGZ side=SELL qty=101 fill_price=6.33 match_ts_utc=2026-01-14T18:28:01Z dispatch_ts_utc=2026-01-14T18:28:01Z tz_offset_applied="+09:00" dispatch_status=ACK latency_ms=472
2026-01-14T18:47:29Z [MIG-ENGINE] ORDER order_id=MIG-00000602 symbol=MIGX side=SELL qty=125 fill_price=22.89 match_ts_utc=2026-01-14T18:47:29Z dispatch_ts_utc=2026-01-14T18:47:29Z tz_offset_applied="+08:00" dispatch_status=SENT latency_ms=3257
2026-01-14T18:04:26Z [MIG-ENGINE] ORDER order_id=MIG-00000603 symbol=MIGX side=BUY qty=105 fill_price=44.24 match_ts_utc=2026-01-14T18:04:26Z dispatch_ts_utc=2026-01-14T18:04:26Z tz_offset_applied="+09:00" dispatch_status=ACK latency_ms=4166
2026-01-14T18:44:32Z [MIG-ENGINE] ORDER order_id=MIG-00000604 symbol=MIGZ side=SELL qty=34 fill_price=18.10 match_ts_utc=2026-01-14T18:44:32Z dispatch_ts_utc=2026-01-14T18:44:32Z tz_offset_applied="+00:00" dispatch_status=ACK latency_ms=523
2026-01-14T18:18:31Z [MIG-ENGINE] ORDER order_id=MIG-00000605 symbol=MIGB side=BUY qty=127 fill_price=36.14 match_ts_utc=2026-01-14T18:18:31Z dispatch_ts_utc=2026-01-14T18:18:31Z tz_offset_applied="+08:00" dispatch_status=ACK latency_ms=3804
2026-01-14T18:03:49Z [MIG-ENGINE] ORDER order_id=MIG-00000606 symbol=MIGY side=SELL qty=51 fill_price=41.26 match_ts_utc=2026-01-14T18:03:49Z dispatch_ts_utc=2026-01-14T18:03:49Z tz_offset_applied="+08:00" dispatch_status=TIMEOUT latency_ms=2393
2026-01-14T18:37:45Z [MIG-ENGINE] ORDER order_id=MIG-00000607 symbol=MIGB side=SELL qty=115 fill_price=49.98 match_ts_utc=2026-01-14T18:37:45Z dispatch_ts_utc=2026-01-14T18:37:45Z tz_offset_applied="+00:00" dispatch_status=ACK latency_ms=2000
2026-01-14T18:56:22Z [MIG-ENGINE] ORDER order_id=MIG-00000608 symbol=MIGB side=BUY qty=29 fill_price=15.36 match_ts_utc=2026-01-14T18:56:22Z dispatch_ts_utc=2026-01-14T18:56:22Z tz_offset_applied="+09:00" dispatch_status=ACK latency_ms=3939
2026-01-14T18:42:53Z [MIG-ENGINE] ORDER order_id=MIG-00000609 symbol=MIGX side=BUY qty=150 fill_price=21.77 match_ts_utc=2026-01-14T18:42:53Z dispatch_ts_utc=2026-01-14T18:42:53Z tz_offset_applied="+09:00" dispatch_status=TIMEOUT latency_ms=4921
2026-01-14T18:59:55Z [MIG-ENGINE] ORDER order_id=MIG-00000610 symbol=MIGZ side=BUY qty=38 fill_price=7.00 match_ts_utc=2026-01-14T18:59:55Z dispatch_ts_utc=2026-01-14T18:59:55Z tz_offset_applied="+08:00" dispatch_status=ACK latency_ms=2747
2026-01-14T18:16:40Z [MIG-ENGINE] ORDER order_id=MIG-00000611 symbol=MIGY side=BUY qty=159 fill_price=20.76 match_ts_utc=2026-01-14T18:16:40Z dispatch_ts_utc=2026-01-14T18:16:40Z tz_offset_applied="+09:00" dispatch_status=RETRY latency_ms=772
2026-01-14T18:44:52Z [MIG-ENGINE] ORDER order_id=MIG-00000612 symbol=MIGY side=BUY qty=98 fill_price=30.91 match_ts_utc=2026-01-14T18:44:52Z dispatch_ts_utc=2026-01-14T18:44:52Z tz_offset_applied="+09:00" dispatch_status=ACK latency_ms=1179
2026-01-14T18:34:03Z [MIG-ENGINE] ORDER order_id=MIG-00000613 symbol=MIGB side=SELL qty=194 fill_price=31.47 match_ts_utc=2026-01-14T18:34:03Z dispatch_ts_utc=2026-01-14T18:34:03Z tz_offset_applied="+00:00" dispatch_status=SENT latency_ms=2433
2026-01-14T18:25:18Z [MIG-ENGINE] ORDER order_id=MIG-00000614 symbol=MIGA side=SELL qty=177 fill_price=35.12 match_ts_utc=2026-01-14T18:25:18Z dispatch_ts_utc=2026-01-14T18:25:18Z tz_offset_applied="+00:00" dispatch_status=RETRY latency_ms=4676
2026-01-14T18:55:42Z [MIG-ENGINE] ORDER order_id=MIG-00000615 symbol=MIGZ side=BUY qty=80 fill_price=35.82 match_ts_utc=2026-01-14T18:55:42Z dispatch_ts_utc=2026-01-14T18:55:42Z tz_offset_applied="+00:00" dispatch_status=ACK latency_ms=3934
2026-01-14T18:59:15Z [MIG-ENGINE] ORDER order_id=MIG-00000616 symbol=MIGA side=BUY qty=83 fill_price=18.07 match_ts_utc=2026-01-14T18:59:15Z dispatch_ts_utc=2026-01-14T18:59:15Z tz_offset_applied="+00:00" dispatch_status=RETRY latency_ms=487
2026-01-14T18:49:14Z [MIG-ENGINE] ORDER order_id=MIG-00000617 symbol=MIGY side=SELL qty=161 fill_price=26.60 match_ts_utc=2026-01-14T18:49:14Z dispatch_ts_utc=2026-01-14T18:49:14Z tz_offset_applied="+09:00" dispatch_status=ACK latency_ms=3626
2026-01-14T18:29:43Z [MIG-ENGINE] ORDER order_id=MIG-00000618 symbol=MIGY side=BUY qty=40 fill_price=20.31 match_ts_utc=2026-01-14T18:29:43Z dispatch_ts_utc=2026-01-14T18:29:43Z tz_offset_applied="+00:00" dispatch_status=ACK latency_ms=2567
2026-01-14T18:48:29Z [MIG-ENGINE] ORDER order_id=MIG-00000619 symbol=MIGZ side=SELL qty=143 fill_price=45.76 match_ts_utc=2026-01-14T18:48:29Z dispatch_ts_utc=2026-01-14T18:48:29Z tz_offset_applied="+09:00" dispatch_status=SENT latency_ms=3962
2026-01-14T18:02:53Z [MIG-ENGINE] ORDER order_id=MIG-00000620 symbol=MIGB side=SELL qty=136 fill_price=43.17 match_ts_utc=2026-01-14T18:02:53Z dispatch_ts_utc=2026-01-14T18:02:53Z tz_offset_applied="+09:00" dispatch_status=ACK latency_ms=2141
2026-01-14T18:22:19Z [MIG-ENGINE] ORDER order_id=MIG-00000621 symbol=MIGZ side=SELL qty=193 fill_price=16.73 match_ts_utc=2026-01-14T18:22:19Z dispatch_ts_utc=2026-01-14T18:22:19Z tz_offset_applied="+09:00" dispatch_status=ACK latency_ms=2476
2026-01-14T18:39:57Z [MIG-ENGINE] ORDER order_id=MIG-00000622 symbol=MIGA side=SELL qty=55 fill_price=3.54 match_ts_utc=2026-01-14T18:39:57Z dispatch_ts_utc=2026-01-14T18:39:57Z tz_offset_applied="+09:00" dispatch_status=RETRY latency_ms=1852
2026-01-14T18:11:31Z [MIG-ENGINE] ORDER order_id=MIG-00000623 symbol=MIGX side=BUY qty=89 fill_price=43.00 match_ts_utc=2026-01-14T18:11:31Z dispatch_ts_utc=2026-01-14T18:11:31Z tz_offset_applied="+08:00" dispatch_status=ACK latency_ms=2436
2026-01-14T18:11:50Z [MIG-ENGINE] ORDER order_id=MIG-00000624 symbol=MIGA side=BUY qty=138 fill_price=35.44 match_ts_utc=2026-01-14T18:11:50Z dispatch_ts_utc=2026-01-14T18:11:50Z tz_offset_applied="+08:00" dispatch_status=TIMEOUT latency_ms=2641
2026-01-14T18:05:08Z [MIG-ENGINE] ORDER order_id=MIG-00000625 symbol=MIGX side=BUY qty=105 fill_price=20.75 match_ts_utc=2026-01-14T18:05:08Z dispatch_ts_utc=2026-01-14T18:05:08Z tz_offset_applied="+08:00" dispatch_status=ACK latency_ms=4091
2026-01-14T18:24:37Z [MIG-ENGINE] ORDER order_id=MIG-00000626 symbol=MIGZ side=SELL qty=45 fill_price=24.95 match_ts_utc=2026-01-14T18:24:37Z dispatch_ts_utc=2026-01-14T18:24:37Z tz_offset_applied="+08:00" dispatch_status=SENT latency_ms=1787
2026-01-14T18:39:18Z [MIG-ENGINE] ORDER order_id=MIG-00000627 symbol=MIGZ side=SELL qty=136 fill_price=20.24 match_ts_utc=2026-01-14T18:39:18Z dispatch_ts_utc=2026-01-14T18:39:18Z tz_offset_applied="+09:00" dispatch_status=SENT latency_ms=3994
2026-01-14T18:29:19Z [MIG-ENGINE] ORDER order_id=MIG-00000628 symbol=MIGY side=SELL qty=176 fill_price=33.56 match_ts_utc=2026-01-14T18:29:19Z dispatch_ts_utc=2026-01-14T18:29:19Z tz_offset_applied="+08:00" dispatch_status=ACK latency_ms=2606
2026-01-14T18:13:49Z [MIG-ENGINE] ORDER order_id=MIG-00000629 symbol=MIGY side=SELL qty=74 fill_price=20.76 match_ts_utc=2026-01-14T18:13:49Z dispatch_ts_utc=2026-01-14T18:13:49Z tz_offset_applied="+09:00" dispatch_status=ACK latency_ms=2667
2026-01-14T18:17:00Z [MIG-ENGINE] ORDER order_id=MIG-00000630 symbol=MIGZ side=SELL qty=22 fill_price=18.24 match_ts_utc=2026-01-14T18:17:00Z dispatch_ts_utc=2026-01-14T18:17:00Z tz_offset_applied="+00:00" dispatch_status=SENT latency_ms=2846
2026-01-14T18:53:40Z [MIG-ENGINE] ORDER order_id=MIG-00000631 symbol=MIGY side=BUY qty=182 fill_price=30.10 match_ts_utc=2026-01-14T18:53:40Z dispatch_ts_utc=2026-01-14T18:53:40Z tz_offset_applied="+00:00" dispatch_status=TIMEOUT latency_ms=2284
2026-01-14T18:00:15Z [MIG-ENGINE] ORDER order_id=MIG-00000632 symbol=MIGZ side=SELL qty=62 fill_price=36.30 match_ts_utc=2026-01-14T18:00:15Z dispatch_ts_utc=2026-01-14T18:00:15Z tz_offset_applied="+09:00" dispatch_status=ACK latency_ms=1218
2026-01-14T18:35:10Z [MIG-ENGINE] ORDER order_id=MIG-00000633 symbol=MIGY side=BUY qty=50 fill_price=6.10 match_ts_utc=2026-01-14T18:35:10Z dispatch_ts_utc=2026-01-14T18:35:10Z tz_offset_applied="+00:00" dispatch_status=ACK latency_ms=4149
2026-01-14T18:23:52Z [MIG-ENGINE] ORDER order_id=MIG-00000634 symbol=MIGA side=SELL qty=67 fill_price=33.57 match_ts_utc=2026-01-14T18:23:52Z dispatch_ts_utc=2026-01-14T18:23:52Z tz_offset_applied="+08:00" dispatch_status=RETRY latency_ms=964
2026-01-14T18:26:35Z [MIG-ENGINE] ORDER order_id=MIG-00000635 symbol=MIGB side=SELL qty=137 fill_price=15.77 match_ts_utc=2026-01-14T18:26:35Z dispatch_ts_utc=2026-01-14T18:26:35Z tz_offset_applied="+08:00" dispatch_status=ACK latency_ms=2370
2026-01-14T18:27:17Z [MIG-ENGINE] ORDER order_id=MIG-00000636 symbol=MIGB side=BUY qty=116 fill_price=25.44 match_ts_utc=2026-01-14T18:27:17Z dispatch_ts_utc=2026-01-14T18:27:17Z tz_offset_applied="+09:00" dispatch_status=ACK latency_ms=2014
2026-01-14T18:25:26Z [MIG-ENGINE] ORDER order_id=MIG-00000637 symbol=MIGZ side=BUY qty=172 fill_price=17.68 match_ts_utc=2026-01-14T18:25:26Z dispatch_ts_utc=2026-01-14T18:25:26Z tz_offset_applied="+00:00" dispatch_status=SENT latency_ms=3925
2026-01-14T18:44:50Z [MIG-ENGINE] ORDER order_id=MIG-00000638 symbol=MIGZ side=SELL qty=59 fill_price=11.39 match_ts_utc=2026-01-14T18:44:50Z dispatch_ts_utc=2026-01-14T18:44:50Z tz_offset_applied="+08:00" dispatch_status=TIMEOUT latency_ms=3569
2026-01-14T18:43:48Z [MIG-ENGINE] ORDER order_id=MIG-00000639 symbol=MIGA side=SELL qty=188 fill_price=40.07 match_ts_utc=2026-01-14T18:43:48Z dispatch_ts_utc=2026-01-14T18:43:48Z tz_offset_applied="+09:00" dispatch_status=ACK latency_ms=2807
2026-01-14T18:57:55Z [MIG-ENGINE] ORDER order_id=MIG-00000640 symbol=MIGX side=BUY qty=83 fill_price=18.21 match_ts_utc=2026-01-14T18:57:55Z dispatch_ts_utc=2026-01-14T18:57:55Z tz_offset_applied="+08:00" dispatch_status=ACK latency_ms=4155
2026-01-14T18:42:56Z [MIG-ENGINE] ORDER order_id=MIG-00000641 symbol=MIGB side=SELL qty=19 fill_price=26.87 match_ts_utc=2026-01-14T18:42:56Z dispatch_ts_utc=2026-01-14T18:42:56Z tz_offset_applied="+09:00" dispatch_status=RETRY latency_ms=2917
2026-01-14T18:50:21Z [MIG-ENGINE] ORDER order_id=MIG-00000642 symbol=MIGX side=BUY qty=146 fill_price=2.65 match_ts_utc=2026-01-14T18:50:21Z dispatch_ts_utc=2026-01-14T18:50:21Z tz_offset_applied="+00:00" dispatch_status=TIMEOUT latency_ms=2606
2026-01-14T18:18:54Z [MIG-ENGINE] ORDER order_id=MIG-00000643 symbol=MIGY side=SELL qty=26 fill_price=20.56 match_ts_utc=2026-01-14T18:18:54Z dispatch_ts_utc=2026-01-14T18:18:54Z tz_offset_applied="+00:00" dispatch_status=ACK latency_ms=4136
2026-01-14T18:59:31Z [MIG-ENGINE] ORDER order_id=MIG-00000644 symbol=MIGZ side=SELL qty=48 fill_price=13.44 match_ts_utc=2026-01-14T18:59:31Z dispatch_ts_utc=2026-01-14T18:59:31Z tz_offset_applied="+00:00" dispatch_status=ACK latency_ms=4337
2026-01-14T18:06:28Z [MIG-ENGINE] ORDER order_id=MIG-00000645 symbol=MIGX side=BUY qty=164 fill_price=23.81 match_ts_utc=2026-01-14T18:06:28Z dispatch_ts_utc=2026-01-14T18:06:28Z tz_offset_applied="+00:00" dispatch_status=SENT latency_ms=312
2026-01-14T18:40:59Z [MIG-ENGINE] ORDER order_id=MIG-00000646 symbol=MIGY side=BUY qty=113 fill_price=42.44 match_ts_utc=2026-01-14T18:40:59Z dispatch_ts_utc=2026-01-14T18:40:59Z tz_offset_applied="+09:00" dispatch_status=SENT latency_ms=187
2026-01-14T18:29:12Z [MIG-ENGINE] ORDER order_id=MIG-00000647 symbol=MIGB side=BUY qty=167 fill_price=15.14 match_ts_utc=2026-01-14T18:29:12Z dispatch_ts_utc=2026-01-14T18:29:12Z tz_offset_applied="+00:00" dispatch_status=SENT latency_ms=4788
2026-01-14T18:28:22Z [MIG-ENGINE] ORDER order_id=MIG-00000648 symbol=MIGX side=SELL qty=144 fill_price=44.56 match_ts_utc=2026-01-14T18:28:22Z dispatch_ts_utc=2026-01-14T18:28:22Z tz_offset_applied="+00:00" dispatch_status=SENT latency_ms=1347
2026-01-14T18:54:21Z [MIG-ENGINE] ORDER order_id=MIG-00000649 symbol=MIGB side=BUY qty=152 fill_price=42.65 match_ts_utc=2026-01-14T18:54:21Z dispatch_ts_utc=2026-01-14T18:54:21Z tz_offset_applied="+00:00" dispatch_status=SENT latency_ms=2287
2026-01-14T18:03:01Z [MIG-ENGINE] ORDER order_id=MIG-00000650 symbol=MIGA side=BUY qty=26 fill_price=4.83 match_ts_utc=2026-01-14T18:03:01Z dispatch_ts_utc=2026-01-14T18:03:01Z tz_offset_applied="+09:00" dispatch_status=TIMEOUT latency_ms=1876
2026-01-14T18:31:57Z [MIG-ENGINE] ORDER order_id=MIG-00000651 symbol=MIGY side=SELL qty=112 fill_price=27.87 match_ts_utc=2026-01-14T18:31:57Z dispatch_ts_utc=2026-01-14T18:31:57Z tz_offset_applied="+09:00" dispatch_status=SENT latency_ms=3237
2026-01-14T18:38:25Z [MIG-ENGINE] ORDER order_id=MIG-00000652 symbol=MIGX side=BUY qty=143 fill_price=49.29 match_ts_utc=2026-01-14T18:38:25Z dispatch_ts_utc=2026-01-14T18:38:25Z tz_offset_applied="+08:00" dispatch_status=SENT latency_ms=4995
2026-01-14T18:54:53Z [MIG-ENGINE] ORDER order_id=MIG-00000653 symbol=MIGA side=SELL qty=168 fill_price=6.33 match_ts_utc=2026-01-14T18:54:53Z dispatch_ts_utc=2026-01-14T18:54:53Z tz_offset_applied="+08:00" dispatch_status=ACK latency_ms=785
2026-01-14T18:51:32Z [MIG-ENGINE] ORDER order_id=MIG-00000654 symbol=MIGA side=BUY qty=75 fill_price=40.87 match_ts_utc=2026-01-14T18:51:32Z dispatch_ts_utc=2026-01-14T18:51:32Z tz_offset_applied="+00:00" dispatch_status=TIMEOUT latency_ms=574
2026-01-14T18:49:21Z [MIG-ENGINE] ORDER order_id=MIG-00000655 symbol=MIGX side=SELL qty=125 fill_price=6.90 match_ts_utc=2026-01-14T18:49:21Z dispatch_ts_utc=2026-01-14T18:49:21Z tz_offset_applied="+09:00" dispatch_status=TIMEOUT latency_ms=899
2026-01-14T18:03:04Z [MIG-ENGINE] ORDER order_id=MIG-00000656 symbol=MIGB side=BUY qty=181 fill_price=44.09 match_ts_utc=2026-01-14T18:03:04Z dispatch_ts_utc=2026-01-14T18:03:04Z tz_offset_applied="+00:00" dispatch_status=SENT latency_ms=780
2026-01-14T18:56:49Z [MIG-ENGINE] ORDER order_id=MIG-00000657 symbol=MIGY side=BUY qty=25 fill_price=23.36 match_ts_utc=2026-01-14T18:56:49Z dispatch_ts_utc=2026-01-14T18:56:49Z tz_offset_applied="+08:00" dispatch_status=ACK latency_ms=2885
2026-01-14T18:02:14Z [MIG-ENGINE] ORDER order_id=MIG-00000658 symbol=MIGX side=BUY qty=40 fill_price=9.11 match_ts_utc=2026-01-14T18:02:14Z dispatch_ts_utc=2026-01-14T18:02:14Z tz_offset_applied="+08:00" dispatch_status=SENT latency_ms=3104
2026-01-14T18:55:19Z [MIG-ENGINE] ORDER order_id=MIG-00000659 symbol=MIGY side=BUY qty=112 fill_price=34.76 match_ts_utc=2026-01-14T18:55:19Z dispatch_ts_utc=2026-01-14T18:55:19Z tz_offset_applied="+09:00" dispatch_status=ACK latency_ms=4710
2026-01-14T18:54:53Z [MIG-ENGINE] ORDER order_id=MIG-00000660 symbol=MIGZ side=SELL qty=147 fill_price=47.71 match_ts_utc=2026-01-14T18:54:53Z dispatch_ts_utc=2026-01-14T18:54:53Z tz_offset_applied="+08:00" dispatch_status=ACK latency_ms=55
2026-01-14T18:38:55Z [MIG-ENGINE] ORDER order_id=MIG-00000661 symbol=MIGZ side=BUY qty=25 fill_price=42.85 match_ts_utc=2026-01-14T18:38:55Z dispatch_ts_utc=2026-01-14T18:38:55Z tz_offset_applied="+00:00" dispatch_status=ACK latency_ms=480
2026-01-14T18:59:18Z [MIG-ENGINE] ORDER order_id=MIG-00000662 symbol=MIGZ side=BUY qty=118 fill_price=33.41 match_ts_utc=2026-01-14T18:59:18Z dispatch_ts_utc=2026-01-14T18:59:18Z tz_offset_applied="+09:00" dispatch_status=SENT latency_ms=2453
2026-01-14T18:42:14Z [MIG-ENGINE] ORDER order_id=MIG-00000663 symbol=MIGA side=BUY qty=17 fill_price=18.78 match_ts_utc=2026-01-14T18:42:14Z dispatch_ts_utc=2026-01-14T18:42:14Z tz_offset_applied="+09:00" dispatch_status=SENT latency_ms=813
2026-01-14T18:03:09Z [MIG-ENGINE] ORDER order_id=MIG-00000664 symbol=MIGY side=SELL qty=183 fill_price=41.28 match_ts_utc=2026-01-14T18:03:09Z dispatch_ts_utc=2026-01-14T18:03:09Z tz_offset_applied="+08:00" dispatch_status=SENT latency_ms=3764
2026-01-14T18:21:44Z [MIG-ENGINE] ORDER order_id=MIG-00000665 symbol=MIGY side=SELL qty=27 fill_price=10.28 match_ts_utc=2026-01-14T18:21:44Z dispatch_ts_utc=2026-01-14T18:21:44Z tz_offset_applied="+09:00" dispatch_status=TIMEOUT latency_ms=2967
2026-01-14T18:48:08Z [MIG-ENGINE] ORDER order_id=MIG-00000666 symbol=MIGB side=BUY qty=107 fill_price=45.90 match_ts_utc=2026-01-14T18:48:08Z dispatch_ts_utc=2026-01-14T18:48:08Z tz_offset_applied="+08:00" dispatch_status=SENT latency_ms=3501
2026-01-14T19:04:24Z [MIG-ENGINE] ORDER order_id=MIG-00000667 symbol=MIGA side=SELL qty=71 fill_price=23.95 match_ts_utc=2026-01-14T19:04:24Z dispatch_ts_utc=2026-01-14T19:04:24Z tz_offset_applied="+00:00" dispatch_status=ACK latency_ms=1604
2026-01-14T19:29:28Z [MIG-ENGINE] ORDER order_id=MIG-00000668 symbol=MIGB side=SELL qty=91 fill_price=42.28 match_ts_utc=2026-01-14T19:29:28Z dispatch_ts_utc=2026-01-14T19:29:28Z tz_offset_applied="+09:00" dispatch_status=SENT latency_ms=2096
2026-01-14T19:45:25Z [MIG-ENGINE] ORDER order_id=MIG-00000669 symbol=MIGA side=BUY qty=158 fill_price=5.01 match_ts_utc=2026-01-14T19:45:25Z dispatch_ts_utc=2026-01-14T19:45:25Z tz_offset_applied="+09:00" dispatch_status=RETRY latency_ms=4145
2026-01-14T19:11:28Z [MIG-ENGINE] ORDER order_id=MIG-00000670 symbol=MIGY side=SELL qty=149 fill_price=6.88 match_ts_utc=2026-01-14T19:11:28Z dispatch_ts_utc=2026-01-14T19:11:28Z tz_offset_applied="+08:00" dispatch_status=SENT latency_ms=1244
2026-01-14T19:40:51Z [MIG-ENGINE] ORDER order_id=MIG-00000671 symbol=MIGX side=SELL qty=187 fill_price=5.20 match_ts_utc=2026-01-14T19:40:51Z dispatch_ts_utc=2026-01-14T19:40:51Z tz_offset_applied="+08:00" dispatch_status=SENT latency_ms=1170
2026-01-14T19:12:41Z [MIG-ENGINE] ORDER order_id=MIG-00000672 symbol=MIGZ side=BUY qty=200 fill_price=16.34 match_ts_utc=2026-01-14T19:12:41Z dispatch_ts_utc=2026-01-14T19:12:41Z tz_offset_applied="+08:00" dispatch_status=RETRY latency_ms=2850
2026-01-14T19:48:54Z [MIG-ENGINE] ORDER order_id=MIG-00000673 symbol=MIGB side=SELL qty=130 fill_price=41.63 match_ts_utc=2026-01-14T19:48:54Z dispatch_ts_utc=2026-01-14T19:48:54Z tz_offset_applied="+00:00" dispatch_status=TIMEOUT latency_ms=3843
2026-01-14T19:35:55Z [MIG-ENGINE] ORDER order_id=MIG-00000674 symbol=MIGA side=BUY qty=188 fill_price=14.62 match_ts_utc=2026-01-14T19:35:55Z dispatch_ts_utc=2026-01-14T19:35:55Z tz_offset_applied="+09:00" dispatch_status=ACK latency_ms=3856
2026-01-14T19:42:18Z [MIG-ENGINE] ORDER order_id=MIG-00000675 symbol=MIGB side=SELL qty=190 fill_price=17.42 match_ts_utc=2026-01-14T19:42:18Z dispatch_ts_utc=2026-01-14T19:42:18Z tz_offset_applied="+09:00" dispatch_status=ACK latency_ms=4674
2026-01-14T19:55:42Z [MIG-ENGINE] ORDER order_id=MIG-00000676 symbol=MIGY side=BUY qty=63 fill_price=1.68 match_ts_utc=2026-01-14T19:55:42Z dispatch_ts_utc=2026-01-14T19:55:42Z tz_offset_applied="+08:00" dispatch_status=SENT latency_ms=1062
2026-01-14T19:32:22Z [MIG-ENGINE] ORDER order_id=MIG-00000677 symbol=MIGZ side=SELL qty=68 fill_price=16.46 match_ts_utc=2026-01-14T19:32:22Z dispatch_ts_utc=2026-01-14T19:32:22Z tz_offset_applied="+00:00" dispatch_status=RETRY latency_ms=2379
2026-01-14T19:45:47Z [MIG-ENGINE] ORDER order_id=MIG-00000678 symbol=MIGB side=SELL qty=88 fill_price=25.96 match_ts_utc=2026-01-14T19:45:47Z dispatch_ts_utc=2026-01-14T19:45:47Z tz_offset_applied="+09:00" dispatch_status=ACK latency_ms=1072
2026-01-14T19:23:02Z [MIG-ENGINE] ORDER order_id=MIG-00000679 symbol=MIGA side=BUY qty=88 fill_price=44.24 match_ts_utc=2026-01-14T19:23:02Z dispatch_ts_utc=2026-01-14T19:23:02Z tz_offset_applied="+09:00" dispatch_status=SENT latency_ms=3235
2026-01-14T19:55:12Z [MIG-ENGINE] ORDER order_id=MIG-00000680 symbol=MIGY side=BUY qty=194 fill_price=29.10 match_ts_utc=2026-01-14T19:55:12Z dispatch_ts_utc=2026-01-14T19:55:12Z tz_offset_applied="+09:00" dispatch_status=ACK latency_ms=4437
2026-01-14T19:24:18Z [MIG-ENGINE] ORDER order_id=MIG-00000681 symbol=MIGX side=BUY qty=137 fill_price=6.61 match_ts_utc=2026-01-14T19:24:18Z dispatch_ts_utc=2026-01-14T19:24:18Z tz_offset_applied="+09:00" dispatch_status=SENT latency_ms=4684
2026-01-14T19:51:29Z [MIG-ENGINE] ORDER order_id=MIG-00000682 symbol=MIGY side=BUY qty=36 fill_price=21.79 match_ts_utc=2026-01-14T19:51:29Z dispatch_ts_utc=2026-01-14T19:51:29Z tz_offset_applied="+00:00" dispatch_status=SENT latency_ms=1233
2026-01-14T19:12:11Z [MIG-ENGINE] ORDER order_id=MIG-00000683 symbol=MIGX side=SELL qty=137 fill_price=19.70 match_ts_utc=2026-01-14T19:12:11Z dispatch_ts_utc=2026-01-14T19:12:11Z tz_offset_applied="+09:00" dispatch_status=ACK latency_ms=1430
2026-01-14T19:36:01Z [MIG-ENGINE] ORDER order_id=MIG-00000684 symbol=MIGY side=SELL qty=133 fill_price=20.59 match_ts_utc=2026-01-14T19:36:01Z dispatch_ts_utc=2026-01-14T19:36:01Z tz_offset_applied="+08:00" dispatch_status=TIMEOUT latency_ms=490
2026-01-14T19:11:37Z [MIG-ENGINE] ORDER order_id=MIG-00000685 symbol=MIGB side=BUY qty=32 fill_price=14.68 match_ts_utc=2026-01-14T19:11:37Z dispatch_ts_utc=2026-01-14T19:11:37Z tz_offset_applied="+09:00" dispatch_status=ACK latency_ms=4853
2026-01-14T19:33:22Z [MIG-ENGINE] ORDER order_id=MIG-00000686 symbol=MIGY side=SELL qty=84 fill_price=21.69 match_ts_utc=2026-01-14T19:33:22Z dispatch_ts_utc=2026-01-14T19:33:22Z tz_offset_applied="+08:00" dispatch_status=RETRY latency_ms=256
2026-01-14T19:00:44Z [MIG-ENGINE] ORDER order_id=MIG-00000687 symbol=MIGB side=BUY qty=196 fill_price=30.65 match_ts_utc=2026-01-14T19:00:44Z dispatch_ts_utc=2026-01-14T19:00:44Z tz_offset_applied="+09:00" dispatch_status=ACK latency_ms=3561
2026-01-14T19:55:56Z [MIG-ENGINE] ORDER order_id=MIG-00000688 symbol=MIGY side=SELL qty=42 fill_price=42.55 match_ts_utc=2026-01-14T19:55:56Z dispatch_ts_utc=2026-01-14T19:55:56Z tz_offset_applied="+08:00" dispatch_status=ACK latency_ms=2774
2026-01-14T19:44:35Z [MIG-ENGINE] ORDER order_id=MIG-00000689 symbol=MIGY side=SELL qty=93 fill_price=11.26 match_ts_utc=2026-01-14T19:44:35Z dispatch_ts_utc=2026-01-14T19:44:35Z tz_offset_applied="+00:00" dispatch_status=SENT latency_ms=657
2026-01-14T19:05:50Z [MIG-ENGINE] ORDER order_id=MIG-00000690 symbol=MIGZ side=BUY qty=22 fill_price=31.41 match_ts_utc=2026-01-14T19:05:50Z dispatch_ts_utc=2026-01-14T19:05:50Z tz_offset_applied="+08:00" dispatch_status=ACK latency_ms=1129
2026-01-14T19:44:06Z [MIG-ENGINE] ORDER order_id=MIG-00000691 symbol=MIGY side=SELL qty=88 fill_price=20.90 match_ts_utc=2026-01-14T19:44:06Z dispatch_ts_utc=2026-01-14T19:44:06Z tz_offset_applied="+00:00" dispatch_status=ACK latency_ms=1592
2026-01-14T19:19:39Z [MIG-ENGINE] ORDER order_id=MIG-00000692 symbol=MIGB side=BUY qty=89 fill_price=15.07 match_ts_utc=2026-01-14T19:19:39Z dispatch_ts_utc=2026-01-14T19:19:39Z tz_offset_applied="+00:00" dispatch_status=SENT latency_ms=4715
2026-01-14T19:22:19Z [MIG-ENGINE] ORDER order_id=MIG-00000693 symbol=MIGB side=BUY qty=92 fill_price=21.27 match_ts_utc=2026-01-14T19:22:19Z dispatch_ts_utc=2026-01-14T19:22:19Z tz_offset_applied="+09:00" dispatch_status=SENT latency_ms=2767
2026-01-14T19:26:25Z [MIG-ENGINE] ORDER order_id=MIG-00000694 symbol=MIGZ side=BUY qty=12 fill_price=48.38 match_ts_utc=2026-01-14T19:26:25Z dispatch_ts_utc=2026-01-14T19:26:25Z tz_offset_applied="+09:00" dispatch_status=RETRY latency_ms=980
2026-01-14T19:31:34Z [MIG-ENGINE] ORDER order_id=MIG-00000695 symbol=MIGB side=BUY qty=118 fill_price=39.73 match_ts_utc=2026-01-14T19:31:34Z dispatch_ts_utc=2026-01-14T19:31:34Z tz_offset_applied="+00:00" dispatch_status=TIMEOUT latency_ms=1309
2026-01-14T19:38:10Z [MIG-ENGINE] ORDER order_id=MIG-00000696 symbol=MIGB side=BUY qty=100 fill_price=49.14 match_ts_utc=2026-01-14T19:38:10Z dispatch_ts_utc=2026-01-14T19:38:10Z tz_offset_applied="+00:00" dispatch_status=TIMEOUT latency_ms=4848
2026-01-14T19:01:05Z [MIG-ENGINE] ORDER order_id=MIG-00000697 symbol=MIGZ side=SELL qty=119 fill_price=38.62 match_ts_utc=2026-01-14T19:01:05Z dispatch_ts_utc=2026-01-14T19:01:05Z tz_offset_applied="+00:00" dispatch_status=ACK latency_ms=1964
2026-01-14T19:54:00Z [MIG-ENGINE] ORDER order_id=MIG-00000698 symbol=MIGZ side=SELL qty=187 fill_price=18.46 match_ts_utc=2026-01-14T19:54:00Z dispatch_ts_utc=2026-01-14T19:54:00Z tz_offset_applied="+09:00" dispatch_status=ACK latency_ms=2918
2026-01-14T19:34:40Z [MIG-ENGINE] ORDER order_id=MIG-00000699 symbol=MIGZ side=SELL qty=171 fill_price=23.31 match_ts_utc=2026-01-14T19:34:40Z dispatch_ts_utc=2026-01-14T19:34:40Z tz_offset_applied="+00:00" dispatch_status=RETRY latency_ms=636
2026-01-14T19:05:10Z [MIG-ENGINE] ORDER order_id=MIG-00000700 symbol=MIGZ side=BUY qty=12 fill_price=5.10 match_ts_utc=2026-01-14T19:05:10Z dispatch_ts_utc=2026-01-14T19:05:10Z tz_offset_applied="+08:00" dispatch_status=RETRY latency_ms=3747
2026-01-14T19:46:10Z [MIG-ENGINE] ORDER order_id=MIG-00000701 symbol=MIGZ side=BUY qty=60 fill_price=49.38 match_ts_utc=2026-01-14T19:46:10Z dispatch_ts_utc=2026-01-14T19:46:10Z tz_offset_applied="+08:00" dispatch_status=TIMEOUT latency_ms=3190
2026-01-14T19:05:31Z [MIG-ENGINE] ORDER order_id=MIG-00000702 symbol=MIGY side=BUY qty=27 fill_price=32.00 match_ts_utc=2026-01-14T19:05:31Z dispatch_ts_utc=2026-01-14T19:05:31Z tz_offset_applied="+08:00" dispatch_status=RETRY latency_ms=892
2026-01-14T19:38:28Z [MIG-ENGINE] ORDER order_id=MIG-00000703 symbol=MIGA side=BUY qty=191 fill_price=46.17 match_ts_utc=2026-01-14T19:38:28Z dispatch_ts_utc=2026-01-14T19:38:28Z tz_offset_applied="+08:00" dispatch_status=ACK latency_ms=2670
2026-01-14T19:02:37Z [MIG-ENGINE] ORDER order_id=MIG-00000704 symbol=MIGX side=SELL qty=43 fill_price=21.86 match_ts_utc=2026-01-14T19:02:37Z dispatch_ts_utc=2026-01-14T19:02:37Z tz_offset_applied="+00:00" dispatch_status=SENT latency_ms=3150
2026-01-14T19:04:05Z [MIG-ENGINE] ORDER order_id=MIG-00000705 symbol=MIGX side=SELL qty=153 fill_price=48.96 match_ts_utc=2026-01-14T19:04:05Z dispatch_ts_utc=2026-01-14T19:04:05Z tz_offset_applied="+08:00" dispatch_status=TIMEOUT latency_ms=2178
2026-01-14T19:39:47Z [MIG-ENGINE] ORDER order_id=MIG-00000706 symbol=MIGA side=SELL qty=161 fill_price=21.53 match_ts_utc=2026-01-14T19:39:47Z dispatch_ts_utc=2026-01-14T19:39:47Z tz_offset_applied="+09:00" dispatch_status=SENT latency_ms=2188
2026-01-14T19:30:20Z [MIG-ENGINE] ORDER order_id=MIG-00000707 symbol=MIGZ side=SELL qty=36 fill_price=41.31 match_ts_utc=2026-01-14T19:30:20Z dispatch_ts_utc=2026-01-14T19:30:20Z tz_offset_applied="+09:00" dispatch_status=RETRY latency_ms=2968
2026-01-14T19:38:53Z [MIG-ENGINE] ORDER order_id=MIG-00000708 symbol=MIGB side=SELL qty=110 fill_price=4.03 match_ts_utc=2026-01-14T19:38:53Z dispatch_ts_utc=2026-01-14T19:38:53Z tz_offset_applied="+00:00" dispatch_status=RETRY latency_ms=3296
2026-01-14T19:36:13Z [MIG-ENGINE] ORDER order_id=MIG-00000709 symbol=MIGB side=SELL qty=121 fill_price=15.56 match_ts_utc=2026-01-14T19:36:13Z dispatch_ts_utc=2026-01-14T19:36:13Z tz_offset_applied="+09:00" dispatch_status=SENT latency_ms=1111
2026-01-14T19:34:59Z [MIG-ENGINE] ORDER order_id=MIG-00000710 symbol=MIGZ side=SELL qty=70 fill_price=30.23 match_ts_utc=2026-01-14T19:34:59Z dispatch_ts_utc=2026-01-14T19:34:59Z tz_offset_applied="+09:00" dispatch_status=ACK latency_ms=702
2026-01-14T19:05:08Z [MIG-ENGINE] ORDER order_id=MIG-00000711 symbol=MIGX side=SELL qty=120 fill_price=1.87 match_ts_utc=2026-01-14T19:05:08Z dispatch_ts_utc=2026-01-14T19:05:08Z tz_offset_applied="+00:00" dispatch_status=ACK latency_ms=2018
2026-01-14T19:49:16Z [MIG-ENGINE] ORDER order_id=MIG-00000712 symbol=MIGY side=BUY qty=121 fill_price=27.60 match_ts_utc=2026-01-14T19:49:16Z dispatch_ts_utc=2026-01-14T19:49:16Z tz_offset_applied="+00:00" dispatch_status=SENT latency_ms=4663
2026-01-14T19:35:33Z [MIG-ENGINE] ORDER order_id=MIG-00000713 symbol=MIGZ side=BUY qty=32 fill_price=41.29 match_ts_utc=2026-01-14T19:35:33Z dispatch_ts_utc=2026-01-14T19:35:33Z tz_offset_applied="+00:00" dispatch_status=TIMEOUT latency_ms=3108
2026-01-14T19:27:22Z [MIG-ENGINE] ORDER order_id=MIG-00000714 symbol=MIGX side=BUY qty=179 fill_price=13.49 match_ts_utc=2026-01-14T19:27:22Z dispatch_ts_utc=2026-01-14T19:27:22Z tz_offset_applied="+09:00" dispatch_status=ACK latency_ms=2758
2026-01-14T19:01:36Z [MIG-ENGINE] ORDER order_id=MIG-00000715 symbol=MIGB side=BUY qty=188 fill_price=23.96 match_ts_utc=2026-01-14T19:01:36Z dispatch_ts_utc=2026-01-14T19:01:36Z tz_offset_applied="+00:00" dispatch_status=SENT latency_ms=70
2026-01-14T19:53:55Z [MIG-ENGINE] ORDER order_id=MIG-00000716 symbol=MIGA side=SELL qty=57 fill_price=31.16 match_ts_utc=2026-01-14T19:53:55Z dispatch_ts_utc=2026-01-14T19:53:55Z tz_offset_applied="+00:00" dispatch_status=SENT latency_ms=1024
2026-01-14T19:28:12Z [MIG-ENGINE] ORDER order_id=MIG-00000717 symbol=MIGA side=BUY qty=185 fill_price=31.66 match_ts_utc=2026-01-14T19:28:12Z dispatch_ts_utc=2026-01-14T19:28:12Z tz_offset_applied="+09:00" dispatch_status=TIMEOUT latency_ms=4137
2026-01-14T19:37:47Z [MIG-ENGINE] ORDER order_id=MIG-00000718 symbol=MIGZ side=BUY qty=83 fill_price=9.47 match_ts_utc=2026-01-14T19:37:47Z dispatch_ts_utc=2026-01-14T19:37:47Z tz_offset_applied="+00:00" dispatch_status=RETRY latency_ms=139
2026-01-14T19:42:29Z [MIG-ENGINE] ORDER order_id=MIG-00000719 symbol=MIGX side=BUY qty=47 fill_price=21.56 match_ts_utc=2026-01-14T19:42:29Z dispatch_ts_utc=2026-01-14T19:42:29Z tz_offset_applied="+09:00" dispatch_status=RETRY latency_ms=4410
2026-01-14T19:07:03Z [MIG-ENGINE] ORDER order_id=MIG-00000720 symbol=MIGB side=BUY qty=63 fill_price=45.73 match_ts_utc=2026-01-14T19:07:03Z dispatch_ts_utc=2026-01-14T19:07:03Z tz_offset_applied="+08:00" dispatch_status=SENT latency_ms=4446
2026-01-14T19:57:49Z [MIG-ENGINE] ORDER order_id=MIG-00000721 symbol=MIGA side=BUY qty=139 fill_price=37.05 match_ts_utc=2026-01-14T19:57:49Z dispatch_ts_utc=2026-01-14T19:57:49Z tz_offset_applied="+09:00" dispatch_status=SENT latency_ms=1415
2026-01-14T19:40:09Z [MIG-ENGINE] ORDER order_id=MIG-00000722 symbol=MIGA side=SELL qty=48 fill_price=46.11 match_ts_utc=2026-01-14T19:40:09Z dispatch_ts_utc=2026-01-14T19:40:09Z tz_offset_applied="+08:00" dispatch_status=SENT latency_ms=1900
2026-01-14T19:22:43Z [MIG-ENGINE] ORDER order_id=MIG-00000723 symbol=MIGA side=BUY qty=126 fill_price=16.86 match_ts_utc=2026-01-14T19:22:43Z dispatch_ts_utc=2026-01-14T19:22:43Z tz_offset_applied="+08:00" dispatch_status=ACK latency_ms=3639
2026-01-14T19:46:02Z [MIG-ENGINE] ORDER order_id=MIG-00000724 symbol=MIGY side=SELL qty=131 fill_price=8.49 match_ts_utc=2026-01-14T19:46:02Z dispatch_ts_utc=2026-01-14T19:46:02Z tz_offset_applied="+09:00" dispatch_status=SENT latency_ms=247
2026-01-14T19:56:15Z [MIG-ENGINE] ORDER order_id=MIG-00000725 symbol=MIGX side=SELL qty=95 fill_price=3.91 match_ts_utc=2026-01-14T19:56:15Z dispatch_ts_utc=2026-01-14T19:56:15Z tz_offset_applied="+09:00" dispatch_status=ACK latency_ms=564
2026-01-14T19:44:04Z [MIG-ENGINE] ORDER order_id=MIG-00000726 symbol=MIGA side=SELL qty=87 fill_price=25.28 match_ts_utc=2026-01-14T19:44:04Z dispatch_ts_utc=2026-01-14T19:44:04Z tz_offset_applied="+00:00" dispatch_status=ACK latency_ms=2126
2026-01-14T19:48:29Z [MIG-ENGINE] ORDER order_id=MIG-00000727 symbol=MIGZ side=BUY qty=19 fill_price=48.22 match_ts_utc=2026-01-14T19:48:29Z dispatch_ts_utc=2026-01-14T19:48:29Z tz_offset_applied="+09:00" dispatch_status=TIMEOUT latency_ms=942
2026-01-14T19:43:50Z [MIG-ENGINE] ORDER order_id=MIG-00000728 symbol=MIGX side=BUY qty=179 fill_price=40.19 match_ts_utc=2026-01-14T19:43:50Z dispatch_ts_utc=2026-01-14T19:43:50Z tz_offset_applied="+08:00" dispatch_status=TIMEOUT latency_ms=3069
2026-01-14T19:37:35Z [MIG-ENGINE] ORDER order_id=MIG-00000729 symbol=MIGX side=SELL qty=124 fill_price=1.10 match_ts_utc=2026-01-14T19:37:35Z dispatch_ts_utc=2026-01-14T19:37:35Z tz_offset_applied="+08:00" dispatch_status=ACK latency_ms=4845
2026-01-14T19:26:37Z [MIG-ENGINE] ORDER order_id=MIG-00000730 symbol=MIGZ side=BUY qty=28 fill_price=27.74 match_ts_utc=2026-01-14T19:26:37Z dispatch_ts_utc=2026-01-14T19:26:37Z tz_offset_applied="+00:00" dispatch_status=RETRY latency_ms=3405
2026-01-14T19:28:42Z [MIG-ENGINE] ORDER order_id=MIG-00000731 symbol=MIGZ side=SELL qty=41 fill_price=48.46 match_ts_utc=2026-01-14T19:28:42Z dispatch_ts_utc=2026-01-14T19:28:42Z tz_offset_applied="+00:00" dispatch_status=RETRY latency_ms=3030
2026-01-14T19:12:36Z [MIG-ENGINE] ORDER order_id=MIG-00000732 symbol=MIGZ side=BUY qty=122 fill_price=10.67 match_ts_utc=2026-01-14T19:12:36Z dispatch_ts_utc=2026-01-14T19:12:36Z tz_offset_applied="+09:00" dispatch_status=ACK latency_ms=321
2026-01-14T20:14:13Z [MIG-ENGINE] ORDER order_id=MIG-00000733 symbol=MIGZ side=SELL qty=73 fill_price=8.35 match_ts_utc=2026-01-14T20:14:13Z dispatch_ts_utc=2026-01-14T20:14:13Z tz_offset_applied="+09:00" dispatch_status=ACK latency_ms=1495
2026-01-14T20:09:29Z [MIG-ENGINE] ORDER order_id=MIG-00000734 symbol=MIGB side=SELL qty=46 fill_price=20.22 match_ts_utc=2026-01-14T20:09:29Z dispatch_ts_utc=2026-01-14T20:09:29Z tz_offset_applied="+00:00" dispatch_status=RETRY latency_ms=1689
2026-01-14T20:35:31Z [MIG-ENGINE] ORDER order_id=MIG-00000735 symbol=MIGA side=SELL qty=112 fill_price=21.11 match_ts_utc=2026-01-14T20:35:31Z dispatch_ts_utc=2026-01-14T20:35:31Z tz_offset_applied="+09:00" dispatch_status=TIMEOUT latency_ms=1999
2026-01-14T20:29:23Z [MIG-ENGINE] ORDER order_id=MIG-00000736 symbol=MIGA side=SELL qty=12 fill_price=39.55 match_ts_utc=2026-01-14T20:29:23Z dispatch_ts_utc=2026-01-14T20:29:23Z tz_offset_applied="+08:00" dispatch_status=TIMEOUT latency_ms=318
2026-01-14T20:21:28Z [MIG-ENGINE] ORDER order_id=MIG-00000737 symbol=MIGB side=SELL qty=93 fill_price=44.16 match_ts_utc=2026-01-14T20:21:28Z dispatch_ts_utc=2026-01-14T20:21:28Z tz_offset_applied="+08:00" dispatch_status=SENT latency_ms=4267
2026-01-14T20:20:19Z [MIG-ENGINE] ORDER order_id=MIG-00000738 symbol=MIGZ side=SELL qty=164 fill_price=37.26 match_ts_utc=2026-01-14T20:20:19Z dispatch_ts_utc=2026-01-14T20:20:19Z tz_offset_applied="+00:00" dispatch_status=RETRY latency_ms=1458
2026-01-14T20:39:30Z [MIG-ENGINE] ORDER order_id=MIG-00000739 symbol=MIGB side=SELL qty=121 fill_price=26.08 match_ts_utc=2026-01-14T20:39:30Z dispatch_ts_utc=2026-01-14T20:39:30Z tz_offset_applied="+00:00" dispatch_status=ACK latency_ms=4675
2026-01-14T20:20:52Z [MIG-ENGINE] ORDER order_id=MIG-00000740 symbol=MIGZ side=BUY qty=21 fill_price=8.85 match_ts_utc=2026-01-14T20:20:52Z dispatch_ts_utc=2026-01-14T20:20:52Z tz_offset_applied="+09:00" dispatch_status=SENT latency_ms=3926
2026-01-14T20:00:43Z [MIG-ENGINE] ORDER order_id=MIG-00000741 symbol=MIGY side=BUY qty=166 fill_price=9.83 match_ts_utc=2026-01-14T20:00:43Z dispatch_ts_utc=2026-01-14T20:00:43Z tz_offset_applied="+08:00" dispatch_status=ACK latency_ms=1254
2026-01-14T20:22:28Z [MIG-ENGINE] ORDER order_id=MIG-00000742 symbol=MIGY side=SELL qty=138 fill_price=37.57 match_ts_utc=2026-01-14T20:22:28Z dispatch_ts_utc=2026-01-14T20:22:28Z tz_offset_applied="+09:00" dispatch_status=RETRY latency_ms=2099
2026-01-14T20:57:56Z [MIG-ENGINE] ORDER order_id=MIG-00000743 symbol=MIGA side=BUY qty=116 fill_price=2.20 match_ts_utc=2026-01-14T20:57:56Z dispatch_ts_utc=2026-01-14T20:57:56Z tz_offset_applied="+08:00" dispatch_status=RETRY latency_ms=2956
2026-01-14T20:18:00Z [MIG-ENGINE] ORDER order_id=MIG-00000744 symbol=MIGX side=SELL qty=157 fill_price=5.28 match_ts_utc=2026-01-14T20:18:00Z dispatch_ts_utc=2026-01-14T20:18:00Z tz_offset_applied="+09:00" dispatch_status=SENT latency_ms=1341
2026-01-14T20:17:08Z [MIG-ENGINE] ORDER order_id=MIG-00000745 symbol=MIGB side=BUY qty=119 fill_price=7.26 match_ts_utc=2026-01-14T20:17:08Z dispatch_ts_utc=2026-01-14T20:17:08Z tz_offset_applied="+00:00" dispatch_status=TIMEOUT latency_ms=4135
2026-01-14T20:51:02Z [MIG-ENGINE] ORDER order_id=MIG-00000746 symbol=MIGX side=SELL qty=102 fill_price=6.43 match_ts_utc=2026-01-14T20:51:02Z dispatch_ts_utc=2026-01-14T20:51:02Z tz_offset_applied="+00:00" dispatch_status=RETRY latency_ms=4340
2026-01-14T20:33:23Z [MIG-ENGINE] ORDER order_id=MIG-00000747 symbol=MIGZ side=BUY qty=76 fill_price=40.52 match_ts_utc=2026-01-14T20:33:23Z dispatch_ts_utc=2026-01-14T20:33:23Z tz_offset_applied="+09:00" dispatch_status=SENT latency_ms=3831
2026-01-14T20:20:42Z [MIG-ENGINE] ORDER order_id=MIG-00000748 symbol=MIGX side=BUY qty=48 fill_price=6.45 match_ts_utc=2026-01-14T20:20:42Z dispatch_ts_utc=2026-01-14T20:20:42Z tz_offset_applied="+00:00" dispatch_status=ACK latency_ms=186
2026-01-14T20:59:38Z [MIG-ENGINE] ORDER order_id=MIG-00000749 symbol=MIGB side=SELL qty=191 fill_price=37.72 match_ts_utc=2026-01-14T20:59:38Z dispatch_ts_utc=2026-01-14T20:59:38Z tz_offset_applied="+00:00" dispatch_status=ACK latency_ms=4737
2026-01-14T20:40:44Z [MIG-ENGINE] ORDER order_id=MIG-00000750 symbol=MIGB side=BUY qty=43 fill_price=21.33 match_ts_utc=2026-01-14T20:40:44Z dispatch_ts_utc=2026-01-14T20:40:44Z tz_offset_applied="+08:00" dispatch_status=SENT latency_ms=3815
2026-01-14T20:28:47Z [MIG-ENGINE] ORDER order_id=MIG-00000751 symbol=MIGY side=BUY qty=18 fill_price=46.05 match_ts_utc=2026-01-14T20:28:47Z dispatch_ts_utc=2026-01-14T20:28:47Z tz_offset_applied="+09:00" dispatch_status=TIMEOUT latency_ms=3455
2026-01-14T20:41:26Z [MIG-ENGINE] ORDER order_id=MIG-00000752 symbol=MIGY side=SELL qty=175 fill_price=44.94 match_ts_utc=2026-01-14T20:41:26Z dispatch_ts_utc=2026-01-14T20:41:26Z tz_offset_applied="+08:00" dispatch_status=ACK latency_ms=3130
2026-01-14T20:59:18Z [MIG-ENGINE] ORDER order_id=MIG-00000753 symbol=MIGZ side=BUY qty=28 fill_price=13.01 match_ts_utc=2026-01-14T20:59:18Z dispatch_ts_utc=2026-01-14T20:59:18Z tz_offset_applied="+08:00" dispatch_status=TIMEOUT latency_ms=4388
2026-01-14T20:16:19Z [MIG-ENGINE] ORDER order_id=MIG-00000754 symbol=MIGY side=SELL qty=174 fill_price=38.25 match_ts_utc=2026-01-14T20:16:19Z dispatch_ts_utc=2026-01-14T20:16:19Z tz_offset_applied="+00:00" dispatch_status=ACK latency_ms=4105
2026-01-14T20:39:33Z [MIG-ENGINE] ORDER order_id=MIG-00000755 symbol=MIGY side=SELL qty=170 fill_price=19.56 match_ts_utc=2026-01-14T20:39:33Z dispatch_ts_utc=2026-01-14T20:39:33Z tz_offset_applied="+08:00" dispatch_status=SENT latency_ms=4560
2026-01-14T20:32:01Z [MIG-ENGINE] ORDER order_id=MIG-00000756 symbol=MIGB side=SELL qty=182 fill_price=41.17 match_ts_utc=2026-01-14T20:32:01Z dispatch_ts_utc=2026-01-14T20:32:01Z tz_offset_applied="+09:00" dispatch_status=SENT latency_ms=4966
2026-01-14T20:49:21Z [MIG-ENGINE] ORDER order_id=MIG-00000757 symbol=MIGY side=SELL qty=69 fill_price=22.14 match_ts_utc=2026-01-14T20:49:21Z dispatch_ts_utc=2026-01-14T20:49:21Z tz_offset_applied="+00:00" dispatch_status=TIMEOUT latency_ms=3250
2026-01-14T20:48:27Z [MIG-ENGINE] ORDER order_id=MIG-00000758 symbol=MIGA side=SELL qty=74 fill_price=15.38 match_ts_utc=2026-01-14T20:48:27Z dispatch_ts_utc=2026-01-14T20:48:27Z tz_offset_applied="+08:00" dispatch_status=TIMEOUT latency_ms=2928
2026-01-14T20:03:18Z [MIG-ENGINE] ORDER order_id=MIG-00000759 symbol=MIGZ side=BUY qty=145 fill_price=29.82 match_ts_utc=2026-01-14T20:03:18Z dispatch_ts_utc=2026-01-14T20:03:18Z tz_offset_applied="+09:00" dispatch_status=RETRY latency_ms=1370
2026-01-14T20:33:09Z [MIG-ENGINE] ORDER order_id=MIG-00000760 symbol=MIGA side=BUY qty=91 fill_price=32.07 match_ts_utc=2026-01-14T20:33:09Z dispatch_ts_utc=2026-01-14T20:33:09Z tz_offset_applied="+08:00" dispatch_status=SENT latency_ms=4141
2026-01-14T20:01:18Z [MIG-ENGINE] ORDER order_id=MIG-00000761 symbol=MIGB side=SELL qty=15 fill_price=13.32 match_ts_utc=2026-01-14T20:01:18Z dispatch_ts_utc=2026-01-14T20:01:18Z tz_offset_applied="+09:00" dispatch_status=TIMEOUT latency_ms=2383
2026-01-14T20:54:21Z [MIG-ENGINE] ORDER order_id=MIG-00000762 symbol=MIGA side=SELL qty=132 fill_price=18.78 match_ts_utc=2026-01-14T20:54:21Z dispatch_ts_utc=2026-01-14T20:54:21Z tz_offset_applied="+08:00" dispatch_status=SENT latency_ms=2205
2026-01-14T20:51:38Z [MIG-ENGINE] ORDER order_id=MIG-00000763 symbol=MIGZ side=SELL qty=34 fill_price=36.21 match_ts_utc=2026-01-14T20:51:38Z dispatch_ts_utc=2026-01-14T20:51:38Z tz_offset_applied="+08:00" dispatch_status=TIMEOUT latency_ms=596
2026-01-14T20:10:33Z [MIG-ENGINE] ORDER order_id=MIG-00000764 symbol=MIGX side=SELL qty=54 fill_price=35.99 match_ts_utc=2026-01-14T20:10:33Z dispatch_ts_utc=2026-01-14T20:10:33Z tz_offset_applied="+08:00" dispatch_status=ACK latency_ms=1689
2026-01-14T20:09:13Z [MIG-ENGINE] ORDER order_id=MIG-00000765 symbol=MIGX side=BUY qty=44 fill_price=34.45 match_ts_utc=2026-01-14T20:09:13Z dispatch_ts_utc=2026-01-14T20:09:13Z tz_offset_applied="+09:00" dispatch_status=TIMEOUT latency_ms=1557
2026-01-14T20:56:56Z [MIG-ENGINE] ORDER order_id=MIG-00000766 symbol=MIGB side=BUY qty=76 fill_price=45.17 match_ts_utc=2026-01-14T20:56:56Z dispatch_ts_utc=2026-01-14T20:56:56Z tz_offset_applied="+09:00" dispatch_status=TIMEOUT latency_ms=2005
2026-01-14T20:28:57Z [MIG-ENGINE] ORDER order_id=MIG-00000767 symbol=MIGZ side=SELL qty=194 fill_price=49.71 match_ts_utc=2026-01-14T20:28:57Z dispatch_ts_utc=2026-01-14T20:28:57Z tz_offset_applied="+08:00" dispatch_status=ACK latency_ms=3992
2026-01-14T20:31:03Z [MIG-ENGINE] ORDER order_id=MIG-00000768 symbol=MIGX side=SELL qty=79 fill_price=9.01 match_ts_utc=2026-01-14T20:31:03Z dispatch_ts_utc=2026-01-14T20:31:03Z tz_offset_applied="+08:00" dispatch_status=RETRY latency_ms=3024
2026-01-14T20:40:04Z [MIG-ENGINE] ORDER order_id=MIG-00000769 symbol=MIGA side=SELL qty=192 fill_price=24.48 match_ts_utc=2026-01-14T20:40:04Z dispatch_ts_utc=2026-01-14T20:40:04Z tz_offset_applied="+09:00" dispatch_status=TIMEOUT latency_ms=3234
2026-01-14T20:00:46Z [MIG-ENGINE] ORDER order_id=MIG-00000770 symbol=MIGB side=SELL qty=56 fill_price=16.76 match_ts_utc=2026-01-14T20:00:46Z dispatch_ts_utc=2026-01-14T20:00:46Z tz_offset_applied="+08:00" dispatch_status=ACK latency_ms=1960
2026-01-14T20:23:40Z [MIG-ENGINE] ORDER order_id=MIG-00000771 symbol=MIGY side=BUY qty=59 fill_price=10.04 match_ts_utc=2026-01-14T20:23:40Z dispatch_ts_utc=2026-01-14T20:23:40Z tz_offset_applied="+00:00" dispatch_status=SENT latency_ms=698
2026-01-14T20:29:36Z [MIG-ENGINE] ORDER order_id=MIG-00000772 symbol=MIGA side=SELL qty=167 fill_price=26.14 match_ts_utc=2026-01-14T20:29:36Z dispatch_ts_utc=2026-01-14T20:29:36Z tz_offset_applied="+09:00" dispatch_status=ACK latency_ms=3211
2026-01-14T20:57:46Z [MIG-ENGINE] ORDER order_id=MIG-00000773 symbol=MIGZ side=SELL qty=191 fill_price=29.66 match_ts_utc=2026-01-14T20:57:46Z dispatch_ts_utc=2026-01-14T20:57:46Z tz_offset_applied="+08:00" dispatch_status=TIMEOUT latency_ms=734
2026-01-14T20:32:47Z [MIG-ENGINE] ORDER order_id=MIG-00000774 symbol=MIGX side=BUY qty=169 fill_price=40.62 match_ts_utc=2026-01-14T20:32:47Z dispatch_ts_utc=2026-01-14T20:32:47Z tz_offset_applied="+00:00" dispatch_status=TIMEOUT latency_ms=3591
2026-01-14T20:56:35Z [MIG-ENGINE] ORDER order_id=MIG-00000775 symbol=MIGA side=SELL qty=131 fill_price=33.52 match_ts_utc=2026-01-14T20:56:35Z dispatch_ts_utc=2026-01-14T20:56:35Z tz_offset_applied="+08:00" dispatch_status=SENT latency_ms=4886
2026-01-14T20:17:22Z [MIG-ENGINE] ORDER order_id=MIG-00000776 symbol=MIGX side=SELL qty=170 fill_price=49.44 match_ts_utc=2026-01-14T20:17:22Z dispatch_ts_utc=2026-01-14T20:17:22Z tz_offset_applied="+08:00" dispatch_status=ACK latency_ms=4166
2026-01-14T20:54:32Z [MIG-ENGINE] ORDER order_id=MIG-00000777 symbol=MIGZ side=BUY qty=136 fill_price=41.12 match_ts_utc=2026-01-14T20:54:32Z dispatch_ts_utc=2026-01-14T20:54:32Z tz_offset_applied="+00:00" dispatch_status=RETRY latency_ms=2241
2026-01-14T20:28:41Z [MIG-ENGINE] ORDER order_id=MIG-00000778 symbol=MIGZ side=SELL qty=137 fill_price=22.74 match_ts_utc=2026-01-14T20:28:41Z dispatch_ts_utc=2026-01-14T20:28:41Z tz_offset_applied="+09:00" dispatch_status=RETRY latency_ms=3106
2026-01-14T20:31:45Z [MIG-ENGINE] ORDER order_id=MIG-00000779 symbol=MIGZ side=BUY qty=73 fill_price=9.93 match_ts_utc=2026-01-14T20:31:45Z dispatch_ts_utc=2026-01-14T20:31:45Z tz_offset_applied="+08:00" dispatch_status=ACK latency_ms=3410
2026-01-14T20:09:15Z [MIG-ENGINE] ORDER order_id=MIG-00000780 symbol=MIGZ side=BUY qty=78 fill_price=13.86 match_ts_utc=2026-01-14T20:09:15Z dispatch_ts_utc=2026-01-14T20:09:15Z tz_offset_applied="+09:00" dispatch_status=SENT latency_ms=3747
2026-01-14T20:56:48Z [MIG-ENGINE] ORDER order_id=MIG-00000781 symbol=MIGZ side=BUY qty=43 fill_price=4.24 match_ts_utc=2026-01-14T20:56:48Z dispatch_ts_utc=2026-01-14T20:56:48Z tz_offset_applied="+00:00" dispatch_status=SENT latency_ms=55
2026-01-14T20:53:32Z [MIG-ENGINE] ORDER order_id=MIG-00000782 symbol=MIGA side=SELL qty=185 fill_price=19.57 match_ts_utc=2026-01-14T20:53:32Z dispatch_ts_utc=2026-01-14T20:53:32Z tz_offset_applied="+09:00" dispatch_status=RETRY latency_ms=2918
2026-01-14T20:53:41Z [MIG-ENGINE] ORDER order_id=MIG-00000783 symbol=MIGB side=SELL qty=99 fill_price=9.04 match_ts_utc=2026-01-14T20:53:41Z dispatch_ts_utc=2026-01-14T20:53:41Z tz_offset_applied="+00:00" dispatch_status=ACK latency_ms=4481
2026-01-14T20:44:09Z [MIG-ENGINE] ORDER order_id=MIG-00000784 symbol=MIGY side=SELL qty=44 fill_price=5.04 match_ts_utc=2026-01-14T20:44:09Z dispatch_ts_utc=2026-01-14T20:44:09Z tz_offset_applied="+09:00" dispatch_status=SENT latency_ms=3347
2026-01-14T20:10:47Z [MIG-ENGINE] ORDER order_id=MIG-00000785 symbol=MIGA side=BUY qty=183 fill_price=27.50 match_ts_utc=2026-01-14T20:10:47Z dispatch_ts_utc=2026-01-14T20:10:47Z tz_offset_applied="+09:00" dispatch_status=ACK latency_ms=4683
2026-01-14T20:39:21Z [MIG-ENGINE] ORDER order_id=MIG-00000786 symbol=MIGZ side=BUY qty=98 fill_price=45.34 match_ts_utc=2026-01-14T20:39:21Z dispatch_ts_utc=2026-01-14T20:39:21Z tz_offset_applied="+09:00" dispatch_status=RETRY latency_ms=1222
2026-01-14T20:31:10Z [MIG-ENGINE] ORDER order_id=MIG-00000787 symbol=MIGB side=SELL qty=159 fill_price=6.15 match_ts_utc=2026-01-14T20:31:10Z dispatch_ts_utc=2026-01-14T20:31:10Z tz_offset_applied="+00:00" dispatch_status=SENT latency_ms=4614
2026-01-14T21:43:05Z [MIG-ENGINE] ORDER order_id=MIG-00000788 symbol=MIGB side=BUY qty=31 fill_price=4.61 match_ts_utc=2026-01-14T21:43:05Z dispatch_ts_utc=2026-01-14T21:43:05Z tz_offset_applied="+09:00" dispatch_status=RETRY latency_ms=1796
2026-01-14T21:22:12Z [MIG-ENGINE] ORDER order_id=MIG-00000789 symbol=MIGZ side=SELL qty=17 fill_price=6.45 match_ts_utc=2026-01-14T21:22:12Z dispatch_ts_utc=2026-01-14T21:22:12Z tz_offset_applied="+09:00" dispatch_status=ACK latency_ms=3190
2026-01-14T21:21:25Z [MIG-ENGINE] ORDER order_id=MIG-00000790 symbol=MIGX side=BUY qty=160 fill_price=19.54 match_ts_utc=2026-01-14T21:21:25Z dispatch_ts_utc=2026-01-14T21:21:25Z tz_offset_applied="+09:00" dispatch_status=SENT latency_ms=1697
2026-01-14T21:15:36Z [MIG-ENGINE] ORDER order_id=MIG-00000791 symbol=MIGY side=SELL qty=83 fill_price=43.42 match_ts_utc=2026-01-14T21:15:36Z dispatch_ts_utc=2026-01-14T21:15:36Z tz_offset_applied="+00:00" dispatch_status=SENT latency_ms=1816
2026-01-14T21:44:51Z [MIG-ENGINE] ORDER order_id=MIG-00000792 symbol=MIGX side=SELL qty=183 fill_price=22.14 match_ts_utc=2026-01-14T21:44:51Z dispatch_ts_utc=2026-01-14T21:44:51Z tz_offset_applied="+09:00" dispatch_status=SENT latency_ms=242
2026-01-14T21:28:46Z [MIG-ENGINE] ORDER order_id=MIG-00000793 symbol=MIGZ side=BUY qty=68 fill_price=22.97 match_ts_utc=2026-01-14T21:28:46Z dispatch_ts_utc=2026-01-14T21:28:46Z tz_offset_applied="+08:00" dispatch_status=ACK latency_ms=3900
2026-01-14T21:14:48Z [MIG-ENGINE] ORDER order_id=MIG-00000794 symbol=MIGZ side=SELL qty=15 fill_price=7.15 match_ts_utc=2026-01-14T21:14:48Z dispatch_ts_utc=2026-01-14T21:14:48Z tz_offset_applied="+08:00" dispatch_status=SENT latency_ms=3172
2026-01-14T21:55:11Z [MIG-ENGINE] ORDER order_id=MIG-00000795 symbol=MIGY side=BUY qty=197 fill_price=16.07 match_ts_utc=2026-01-14T21:55:11Z dispatch_ts_utc=2026-01-14T21:55:11Z tz_offset_applied="+09:00" dispatch_status=RETRY latency_ms=4416
2026-01-14T21:09:36Z [MIG-ENGINE] ORDER order_id=MIG-00000796 symbol=MIGA side=BUY qty=13 fill_price=36.26 match_ts_utc=2026-01-14T21:09:36Z dispatch_ts_utc=2026-01-14T21:09:36Z tz_offset_applied="+00:00" dispatch_status=ACK latency_ms=3218
2026-01-14T21:28:58Z [MIG-ENGINE] ORDER order_id=MIG-00000797 symbol=MIGX side=SELL qty=32 fill_price=13.85 match_ts_utc=2026-01-14T21:28:58Z dispatch_ts_utc=2026-01-14T21:28:58Z tz_offset_applied="+09:00" dispatch_status=SENT latency_ms=621
2026-01-14T21:23:39Z [MIG-ENGINE] ORDER order_id=MIG-00000798 symbol=MIGZ side=BUY qty=96 fill_price=13.60 match_ts_utc=2026-01-14T21:23:39Z dispatch_ts_utc=2026-01-14T21:23:39Z tz_offset_applied="+08:00" dispatch_status=RETRY latency_ms=4366
2026-01-14T21:40:36Z [MIG-ENGINE] ORDER order_id=MIG-00000799 symbol=MIGY side=BUY qty=132 fill_price=25.76 match_ts_utc=2026-01-14T21:40:36Z dispatch_ts_utc=2026-01-14T21:40:36Z tz_offset_applied="+00:00" dispatch_status=SENT latency_ms=4689
2026-01-14T21:46:23Z [MIG-ENGINE] ORDER order_id=MIG-00000800 symbol=MIGX side=SELL qty=172 fill_price=18.52 match_ts_utc=2026-01-14T21:46:23Z dispatch_ts_utc=2026-01-14T21:46:23Z tz_offset_applied="+09:00" dispatch_status=SENT latency_ms=2171
2026-01-14T21:57:55Z [MIG-ENGINE] ORDER order_id=MIG-00000801 symbol=MIGY side=SELL qty=199 fill_price=32.41 match_ts_utc=2026-01-14T21:57:55Z dispatch_ts_utc=2026-01-14T21:57:55Z tz_offset_applied="+08:00" dispatch_status=SENT latency_ms=2934
2026-01-14T21:10:04Z [MIG-ENGINE] ORDER order_id=MIG-00000802 symbol=MIGX side=SELL qty=39 fill_price=16.21 match_ts_utc=2026-01-14T21:10:04Z dispatch_ts_utc=2026-01-14T21:10:04Z tz_offset_applied="+08:00" dispatch_status=TIMEOUT latency_ms=4576
2026-01-14T21:00:41Z [MIG-ENGINE] ORDER order_id=MIG-00000803 symbol=MIGA side=SELL qty=102 fill_price=35.02 match_ts_utc=2026-01-14T21:00:41Z dispatch_ts_utc=2026-01-14T21:00:41Z tz_offset_applied="+00:00" dispatch_status=RETRY latency_ms=2410
2026-01-14T21:59:15Z [MIG-ENGINE] ORDER order_id=MIG-00000804 symbol=MIGZ side=BUY qty=159 fill_price=23.08 match_ts_utc=2026-01-14T21:59:15Z dispatch_ts_utc=2026-01-14T21:59:15Z tz_offset_applied="+00:00" dispatch_status=ACK latency_ms=4473
2026-01-14T21:54:17Z [MIG-ENGINE] ORDER order_id=MIG-00000805 symbol=MIGA side=BUY qty=180 fill_price=19.73 match_ts_utc=2026-01-14T21:54:17Z dispatch_ts_utc=2026-01-14T21:54:17Z tz_offset_applied="+00:00" dispatch_status=ACK latency_ms=1282
2026-01-14T21:49:54Z [MIG-ENGINE] ORDER order_id=MIG-00000806 symbol=MIGX side=BUY qty=40 fill_price=44.19 match_ts_utc=2026-01-14T21:49:54Z dispatch_ts_utc=2026-01-14T21:49:54Z tz_offset_applied="+00:00" dispatch_status=ACK latency_ms=508
2026-01-14T21:09:26Z [MIG-ENGINE] ORDER order_id=MIG-00000807 symbol=MIGX side=SELL qty=135 fill_price=15.74 match_ts_utc=2026-01-14T21:09:26Z dispatch_ts_utc=2026-01-14T21:09:26Z tz_offset_applied="+09:00" dispatch_status=ACK latency_ms=2650
2026-01-14T21:18:37Z [MIG-ENGINE] ORDER order_id=MIG-00000808 symbol=MIGX side=SELL qty=15 fill_price=34.25 match_ts_utc=2026-01-14T21:18:37Z dispatch_ts_utc=2026-01-14T21:18:37Z tz_offset_applied="+08:00" dispatch_status=ACK latency_ms=2865
2026-01-14T21:53:32Z [MIG-ENGINE] ORDER order_id=MIG-00000809 symbol=MIGA side=SELL qty=117 fill_price=37.88 match_ts_utc=2026-01-14T21:53:32Z dispatch_ts_utc=2026-01-14T21:53:32Z tz_offset_applied="+00:00" dispatch_status=ACK latency_ms=3648
2026-01-14T21:33:53Z [MIG-ENGINE] ORDER order_id=MIG-00000810 symbol=MIGX side=BUY qty=154 fill_price=43.64 match_ts_utc=2026-01-14T21:33:53Z dispatch_ts_utc=2026-01-14T21:33:53Z tz_offset_applied="+00:00" dispatch_status=TIMEOUT latency_ms=2493
2026-01-14T21:13:53Z [MIG-ENGINE] ORDER order_id=MIG-00000811 symbol=MIGB side=BUY qty=45 fill_price=16.68 match_ts_utc=2026-01-14T21:13:53Z dispatch_ts_utc=2026-01-14T21:13:53Z tz_offset_applied="+08:00" dispatch_status=RETRY latency_ms=526
2026-01-14T21:01:31Z [MIG-ENGINE] ORDER order_id=MIG-00000812 symbol=MIGX side=BUY qty=11 fill_price=25.28 match_ts_utc=2026-01-14T21:01:31Z dispatch_ts_utc=2026-01-14T21:01:31Z tz_offset_applied="+08:00" dispatch_status=RETRY latency_ms=476
2026-01-14T21:32:08Z [MIG-ENGINE] ORDER order_id=MIG-00000813 symbol=MIGY side=SELL qty=130 fill_price=22.48 match_ts_utc=2026-01-14T21:32:08Z dispatch_ts_utc=2026-01-14T21:32:08Z tz_offset_applied="+00:00" dispatch_status=RETRY latency_ms=2078
2026-01-14T21:46:27Z [MIG-ENGINE] ORDER order_id=MIG-00000814 symbol=MIGX side=BUY qty=136 fill_price=24.17 match_ts_utc=2026-01-14T21:46:27Z dispatch_ts_utc=2026-01-14T21:46:27Z tz_offset_applied="+00:00" dispatch_status=ACK latency_ms=3915
2026-01-14T21:00:39Z [MIG-ENGINE] ORDER order_id=MIG-00000815 symbol=MIGY side=SELL qty=43 fill_price=45.57 match_ts_utc=2026-01-14T21:00:39Z dispatch_ts_utc=2026-01-14T21:00:39Z tz_offset_applied="+09:00" dispatch_status=ACK latency_ms=1399
2026-01-14T21:13:38Z [MIG-ENGINE] ORDER order_id=MIG-00000816 symbol=MIGZ side=BUY qty=26 fill_price=2.10 match_ts_utc=2026-01-14T21:13:38Z dispatch_ts_utc=2026-01-14T21:13:38Z tz_offset_applied="+00:00" dispatch_status=ACK latency_ms=1192
2026-01-14T21:45:19Z [MIG-ENGINE] ORDER order_id=MIG-00000817 symbol=MIGY side=SELL qty=117 fill_price=10.72 match_ts_utc=2026-01-14T21:45:19Z dispatch_ts_utc=2026-01-14T21:45:19Z tz_offset_applied="+08:00" dispatch_status=ACK latency_ms=3586
2026-01-14T21:06:38Z [MIG-ENGINE] ORDER order_id=MIG-00000818 symbol=MIGA side=SELL qty=164 fill_price=15.29 match_ts_utc=2026-01-14T21:06:38Z dispatch_ts_utc=2026-01-14T21:06:38Z tz_offset_applied="+09:00" dispatch_status=RETRY latency_ms=442
2026-01-14T21:45:14Z [MIG-ENGINE] ORDER order_id=MIG-00000819 symbol=MIGY side=BUY qty=62 fill_price=8.11 match_ts_utc=2026-01-14T21:45:14Z dispatch_ts_utc=2026-01-14T21:45:14Z tz_offset_applied="+08:00" dispatch_status=SENT latency_ms=274
2026-01-14T21:08:15Z [MIG-ENGINE] ORDER order_id=MIG-00000820 symbol=MIGY side=SELL qty=148 fill_price=48.74 match_ts_utc=2026-01-14T21:08:15Z dispatch_ts_utc=2026-01-14T21:08:15Z tz_offset_applied="+09:00" dispatch_status=RETRY latency_ms=4128
2026-01-14T21:20:41Z [MIG-ENGINE] ORDER order_id=MIG-00000821 symbol=MIGX side=BUY qty=45 fill_price=39.05 match_ts_utc=2026-01-14T21:20:41Z dispatch_ts_utc=2026-01-14T21:20:41Z tz_offset_applied="+08:00" dispatch_status=TIMEOUT latency_ms=2907
2026-01-14T21:22:37Z [MIG-ENGINE] ORDER order_id=MIG-00000822 symbol=MIGY side=BUY qty=13 fill_price=3.45 match_ts_utc=2026-01-14T21:22:37Z dispatch_ts_utc=2026-01-14T21:22:37Z tz_offset_applied="+08:00" dispatch_status=TIMEOUT latency_ms=3513
2026-01-14T21:50:30Z [MIG-ENGINE] ORDER order_id=MIG-00000823 symbol=MIGA side=SELL qty=102 fill_price=12.09 match_ts_utc=2026-01-14T21:50:30Z dispatch_ts_utc=2026-01-14T21:50:30Z tz_offset_applied="+08:00" dispatch_status=ACK latency_ms=2188
2026-01-14T21:02:11Z [MIG-ENGINE] ORDER order_id=MIG-00000824 symbol=MIGZ side=BUY qty=108 fill_price=17.57 match_ts_utc=2026-01-14T21:02:11Z dispatch_ts_utc=2026-01-14T21:02:11Z tz_offset_applied="+08:00" dispatch_status=ACK latency_ms=2403
2026-01-14T21:06:53Z [MIG-ENGINE] ORDER order_id=MIG-00000825 symbol=MIGX side=SELL qty=109 fill_price=30.17 match_ts_utc=2026-01-14T21:06:53Z dispatch_ts_utc=2026-01-14T21:06:53Z tz_offset_applied="+00:00" dispatch_status=TIMEOUT latency_ms=3544
2026-01-14T21:30:17Z [MIG-ENGINE] ORDER order_id=MIG-00000826 symbol=MIGA side=SELL qty=103 fill_price=30.92 match_ts_utc=2026-01-14T21:30:17Z dispatch_ts_utc=2026-01-14T21:30:17Z tz_offset_applied="+09:00" dispatch_status=SENT latency_ms=969
2026-01-14T21:23:18Z [MIG-ENGINE] ORDER order_id=MIG-00000827 symbol=MIGX side=SELL qty=178 fill_price=31.95 match_ts_utc=2026-01-14T21:23:18Z dispatch_ts_utc=2026-01-14T21:23:18Z tz_offset_applied="+08:00" dispatch_status=SENT latency_ms=1323
2026-01-14T21:37:55Z [MIG-ENGINE] ORDER order_id=MIG-00000828 symbol=MIGX side=BUY qty=59 fill_price=38.63 match_ts_utc=2026-01-14T21:37:55Z dispatch_ts_utc=2026-01-14T21:37:55Z tz_offset_applied="+08:00" dispatch_status=TIMEOUT latency_ms=380
2026-01-14T21:39:41Z [MIG-ENGINE] ORDER order_id=MIG-00000829 symbol=MIGB side=BUY qty=130 fill_price=40.18 match_ts_utc=2026-01-14T21:39:41Z dispatch_ts_utc=2026-01-14T21:39:41Z tz_offset_applied="+08:00" dispatch_status=TIMEOUT latency_ms=4177
2026-01-14T21:52:49Z [MIG-ENGINE] ORDER order_id=MIG-00000830 symbol=MIGY side=BUY qty=186 fill_price=3.51 match_ts_utc=2026-01-14T21:52:49Z dispatch_ts_utc=2026-01-14T21:52:49Z tz_offset_applied="+09:00" dispatch_status=SENT latency_ms=309
2026-01-14T21:40:36Z [MIG-ENGINE] ORDER order_id=MIG-00000831 symbol=MIGA side=BUY qty=78 fill_price=20.05 match_ts_utc=2026-01-14T21:40:36Z dispatch_ts_utc=2026-01-14T21:40:36Z tz_offset_applied="+08:00" dispatch_status=RETRY latency_ms=2010
2026-01-14T21:05:15Z [MIG-ENGINE] ORDER order_id=MIG-00000832 symbol=MIGZ side=SELL qty=129 fill_price=15.16 match_ts_utc=2026-01-14T21:05:15Z dispatch_ts_utc=2026-01-14T21:05:15Z tz_offset_applied="+09:00" dispatch_status=ACK latency_ms=1034
2026-01-14T21:44:57Z [MIG-ENGINE] ORDER order_id=MIG-00000833 symbol=MIGY side=SELL qty=72 fill_price=47.45 match_ts_utc=2026-01-14T21:44:57Z dispatch_ts_utc=2026-01-14T21:44:57Z tz_offset_applied="+09:00" dispatch_status=TIMEOUT latency_ms=4243
2026-01-14T21:08:29Z [MIG-ENGINE] ORDER order_id=MIG-00000834 symbol=MIGA side=BUY qty=144 fill_price=45.01 match_ts_utc=2026-01-14T21:08:29Z dispatch_ts_utc=2026-01-14T21:08:29Z tz_offset_applied="+00:00" dispatch_status=ACK latency_ms=3684
2026-01-14T21:04:56Z [MIG-ENGINE] ORDER order_id=MIG-00000835 symbol=MIGX side=SELL qty=62 fill_price=38.05 match_ts_utc=2026-01-14T21:04:56Z dispatch_ts_utc=2026-01-14T21:04:56Z tz_offset_applied="+00:00" dispatch_status=SENT latency_ms=3115
2026-01-14T21:50:28Z [MIG-ENGINE] ORDER order_id=MIG-00000836 symbol=MIGY side=BUY qty=44 fill_price=47.67 match_ts_utc=2026-01-14T21:50:28Z dispatch_ts_utc=2026-01-14T21:50:28Z tz_offset_applied="+09:00" dispatch_status=RETRY latency_ms=3566
2026-01-14T21:37:10Z [MIG-ENGINE] ORDER order_id=MIG-00000837 symbol=MIGZ side=SELL qty=110 fill_price=16.09 match_ts_utc=2026-01-14T21:37:10Z dispatch_ts_utc=2026-01-14T21:37:10Z tz_offset_applied="+08:00" dispatch_status=TIMEOUT latency_ms=1545
2026-01-14T21:05:36Z [MIG-ENGINE] ORDER order_id=MIG-00000838 symbol=MIGZ side=BUY qty=60 fill_price=47.19 match_ts_utc=2026-01-14T21:05:36Z dispatch_ts_utc=2026-01-14T21:05:36Z tz_offset_applied="+09:00" dispatch_status=SENT latency_ms=169
2026-01-14T21:58:43Z [MIG-ENGINE] ORDER order_id=MIG-00000839 symbol=MIGX side=BUY qty=60 fill_price=4.92 match_ts_utc=2026-01-14T21:58:43Z dispatch_ts_utc=2026-01-14T21:58:43Z tz_offset_applied="+00:00" dispatch_status=ACK latency_ms=4020

2026-01-14T14:23:01Z [MIG-ENGINE] LATENCY_ALERT latency_ms=4821 threshold=2000 cause=BGP_ROUTING_TABLE_MISMATCH
2026-01-14T14:35:00Z [MIG-ENGINE] LATENCY_RESOLVED BGP_TABLE_CORRECTED latency_ms=12
