paper_id	paper_doi	researcher_group	journal	year	fig_pair	similarity_score	verdict	method	review_status	analyst	notes
UPD1-0001	10.1182/bld.upd1-0000	Ghobrial	Leukemia	1998	Fig.7C	0.9699	DUPLICATE	ImageTwin_v2.2	confirmed	analyst_a	Update1 batch scan #1
UPD1-0002	10.1182/bld.upd1-0001	Anderson	Leukemia	2012	Fig.2C	0.7748	DISTINCT	ImageTwin_v2.2	reviewed	analyst_a	Update1 batch scan #1
UPD1-0003	10.1182/bld.upd1-0002	Ghobrial	Leukemia	2009	Fig.1B	0.9737	DUPLICATE	ImageTwin_v2.2	reviewed	analyst_a	Update1 batch scan #1
UPD1-0004	10.1182/bld.upd1-0003	Ghobrial	Leukemia	2003	Fig.5C	0.4605	DISTINCT	ImageTwin_v2.2	disputed	analyst_b	Update1 batch scan #1
UPD1-0005	10.1182/bld.upd1-0004	Ghobrial	Nature Medicine	1995	Fig.7C	0.4946	DISTINCT	ImageTwin_v2.2	reviewed	analyst_b	Update1 batch scan #1
UPD1-0006	10.1182/bld.upd1-0005	Anderson	Cancer Cell	2010	Fig.2B	0.884	SIMILAR	ImageTwin_v2.2	pending	analyst_c	Update1 batch scan #1
UPD1-0007	10.1182/bld.upd1-0006	Ghobrial	Leukemia	2016	Fig.5A	0.8637	SIMILAR	ImageTwin_v2.2	pending	analyst_a	Update1 batch scan #1
UPD1-0008	10.1182/bld.upd1-0007	Hahn	Nature Medicine	2003	Fig.3A	0.8848	SIMILAR	ImageTwin_v2.2	disputed	analyst_c	Update1 batch scan #1
UPD1-0009	10.1182/bld.upd1-0008	Carrasco	Cancer Cell	2014	Fig.5A	0.5243	DISTINCT	ImageTwin_v2.2	pending	analyst_b	Update1 batch scan #1
UPD1-0010	10.1182/bld.upd1-0009	Carrasco	Science	2006	Fig.1B	0.7718	DISTINCT	ImageTwin_v2.2	reviewed	analyst_b	Update1 batch scan #1
UPD1-0011	10.1182/bld.upd1-0010	Ghobrial	Science	2023	Fig.5A	0.7739	DISTINCT	ImageTwin_v2.2	confirmed	analyst_a	Update1 batch scan #1
UPD1-0012	10.1182/bld.upd1-0011	Carrasco	Nature Medicine	1997	Fig.6B	0.4667	DISTINCT	ImageTwin_v2.2	pending	analyst_a	Update1 batch scan #1
UPD1-0013	10.1182/bld.upd1-0012	Carrasco	Nature Medicine	2003	Fig.1C	0.7727	DISTINCT	ImageTwin_v2.2	pending	analyst_a	Update1 batch scan #1
UPD1-0014	10.1182/bld.upd1-0013	Ghobrial	Blood	1999	Fig.7C	0.7779	DISTINCT	ImageTwin_v2.2	confirmed	analyst_b	Update1 batch scan #1
UPD1-0015	10.1182/bld.upd1-0014	Hahn	Nature Medicine	2005	Fig.1B	0.7771	DISTINCT	ImageTwin_v2.2	pending	analyst_a	Update1 batch scan #1
UPD1-0016	10.1182/bld.upd1-0015	Anderson	Leukemia	2020	Fig.6A	0.6624	DISTINCT	ImageTwin_v2.2	reviewed	analyst_c	Update1 batch scan #1
UPD1-0017	10.1182/bld.upd1-0016	Carrasco	Leukemia	2007	Fig.5B	0.4552	DISTINCT	ImageTwin_v2.2	reviewed	analyst_b	Update1 batch scan #1
UPD1-0018	10.1182/bld.upd1-0017	Anderson	Science	2000	Fig.8C	0.5265	DISTINCT	ImageTwin_v2.2	reviewed	analyst_c	Update1 batch scan #1
UPD1-0019	10.1182/bld.upd1-0018	Hahn	Cancer Cell	1996	Fig.8C	0.9304	SIMILAR	ImageTwin_v2.2	pending	analyst_c	Update1 batch scan #1
UPD1-0020	10.1182/bld.upd1-0019	Anderson	Leukemia	2016	Fig.2B	0.7761	DISTINCT	ImageTwin_v2.2	reviewed	analyst_c	Update1 batch scan #1
UPD1-0021	10.1182/bld.upd1-0020	Anderson	Nature Medicine	2000	Fig.8C	0.7045	DISTINCT	ImageTwin_v2.2	reviewed	analyst_c	Update1 batch scan #1
UPD1-0022	10.1182/bld.upd1-0021	Glimcher	Cancer Cell	2003	Fig.7C	0.7084	DISTINCT	ImageTwin_v2.2	reviewed	analyst_c	Update1 batch scan #1
UPD1-0023	10.1182/bld.upd1-0022	Hahn	Cancer Cell	2017	Fig.2C	0.7781	DISTINCT	ImageTwin_v2.2	pending	analyst_a	Update1 batch scan #1
UPD1-0024	10.1182/bld.upd1-0023	Glimcher	Blood	1998	Fig.2C	0.5922	DISTINCT	ImageTwin_v2.2	pending	analyst_b	Update1 batch scan #1
UPD1-0025	10.1182/bld.upd1-0024	Ghobrial	Leukemia	2008	Fig.3B	0.8338	SIMILAR	ImageTwin_v2.2	reviewed	analyst_b	Update1 batch scan #1
UPD1-0026	10.1182/bld.upd1-0025	Ghobrial	Cancer Cell	2004	Fig.6B	0.52	DISTINCT	ImageTwin_v2.2	pending	analyst_b	Update1 batch scan #1
UPD1-0027	10.1182/bld.upd1-0026	Ghobrial	Blood	2014	Fig.2C	0.6383	DISTINCT	ImageTwin_v2.2	disputed	analyst_b	Update1 batch scan #1
UPD1-0028	10.1182/bld.upd1-0027	Glimcher	Leukemia	2000	Fig.3A	0.9112	SIMILAR	ImageTwin_v2.2	confirmed	analyst_a	Update1 batch scan #1
UPD1-0029	10.1182/bld.upd1-0028	Anderson	Nature Medicine	1996	Fig.3A	0.9589	DUPLICATE	ImageTwin_v2.2	pending	analyst_a	Update1 batch scan #1
UPD1-0030	10.1182/bld.upd1-0029	Anderson	Nature Medicine	1997	Fig.3C	0.6844	DISTINCT	ImageTwin_v2.2	disputed	analyst_a	Update1 batch scan #1
UPD1-0031	10.1182/bld.upd1-0030	Ghobrial	Nature Medicine	2000	Fig.2C	0.5741	DISTINCT	ImageTwin_v2.2	reviewed	analyst_c	Update1 batch scan #1
UPD1-0032	10.1182/bld.upd1-0031	Glimcher	Blood	1998	Fig.7B	0.5987	DISTINCT	ImageTwin_v2.2	reviewed	analyst_c	Update1 batch scan #1
UPD1-0033	10.1182/bld.upd1-0032	Carrasco	Blood	2021	Fig.6B	0.6014	DISTINCT	ImageTwin_v2.2	pending	analyst_c	Update1 batch scan #1
UPD1-0034	10.1182/bld.upd1-0033	Anderson	Cancer Cell	2005	Fig.5B	0.6359	DISTINCT	ImageTwin_v2.2	confirmed	analyst_a	Update1 batch scan #1
UPD1-0035	10.1182/bld.upd1-0034	Glimcher	Blood	2019	Fig.2A	0.8495	SIMILAR	ImageTwin_v2.2	disputed	analyst_a	Update1 batch scan #1
UPD1-0036	10.1182/bld.upd1-0035	Carrasco	Leukemia	2009	Fig.4A	0.8185	SIMILAR	ImageTwin_v2.2	pending	analyst_a	Update1 batch scan #1
UPD1-0037	10.1182/bld.upd1-0036	Hahn	Leukemia	2002	Fig.3A	0.4841	DISTINCT	ImageTwin_v2.2	disputed	analyst_c	Update1 batch scan #1
UPD1-0038	10.1182/bld.upd1-0037	Carrasco	Leukemia	2018	Fig.7C	0.453	DISTINCT	ImageTwin_v2.2	pending	analyst_a	Update1 batch scan #1
UPD1-0039	10.1182/bld.upd1-0038	Anderson	Cancer Cell	2021	Fig.7A	0.9695	DUPLICATE	ImageTwin_v2.2	disputed	analyst_c	Update1 batch scan #1
UPD1-0040	10.1182/bld.upd1-0039	Ghobrial	Nature Medicine	2007	Fig.4B	0.5193	DISTINCT	ImageTwin_v2.2	pending	analyst_c	Update1 batch scan #1
UPD1-0041	10.1182/bld.upd1-0040	Hahn	Science	1995	Fig.6C	0.9027	SIMILAR	ImageTwin_v2.2	confirmed	analyst_c	Update1 batch scan #1
UPD1-0042	10.1182/bld.upd1-0041	Carrasco	Leukemia	2016	Fig.3A	0.7525	DISTINCT	ImageTwin_v2.2	confirmed	analyst_c	Update1 batch scan #1
UPD1-0043	10.1182/bld.upd1-0042	Carrasco	Blood	2002	Fig.3C	0.5174	DISTINCT	ImageTwin_v2.2	reviewed	analyst_b	Update1 batch scan #1
UPD1-0044	10.1182/bld.upd1-0043	Ghobrial	Science	1999	Fig.8B	0.795	DISTINCT	ImageTwin_v2.2	confirmed	analyst_a	Update1 batch scan #1
UPD1-0045	10.1182/bld.upd1-0044	Anderson	Blood	2015	Fig.5B	0.6469	DISTINCT	ImageTwin_v2.2	pending	analyst_b	Update1 batch scan #1
UPD1-0046	10.1182/bld.upd1-0045	Hahn	Leukemia	2020	Fig.8B	0.5606	DISTINCT	ImageTwin_v2.2	reviewed	analyst_b	Update1 batch scan #1
UPD1-0047	10.1182/bld.upd1-0046	Carrasco	Leukemia	2018	Fig.6C	0.7669	DISTINCT	ImageTwin_v2.2	disputed	analyst_c	Update1 batch scan #1
UPD1-0048	10.1182/bld.upd1-0047	Anderson	Science	2022	Fig.8C	0.7291	DISTINCT	ImageTwin_v2.2	pending	analyst_b	Update1 batch scan #1
UPD1-0049	10.1182/bld.upd1-0048	Ghobrial	Blood	2008	Fig.2C	0.4629	DISTINCT	ImageTwin_v2.2	disputed	analyst_c	Update1 batch scan #1
UPD1-0050	10.1182/bld.upd1-0049	Glimcher	Leukemia	2001	Fig.7B	0.478	DISTINCT	ImageTwin_v2.2	pending	analyst_c	Update1 batch scan #1
UPD1-0051	10.1182/bld.upd1-0050	Anderson	Science	2006	Fig.8B	0.7963	DISTINCT	ImageTwin_v2.2	disputed	analyst_c	Update1 batch scan #2
UPD1-0052	10.1182/bld.upd1-0051	Hahn	Blood	1997	Fig.8B	0.705	DISTINCT	ImageTwin_v2.2	reviewed	analyst_b	Update1 batch scan #2
UPD1-0053	10.1182/bld.upd1-0052	Hahn	Leukemia	2012	Fig.5B	0.642	DISTINCT	ImageTwin_v2.2	disputed	analyst_a	Update1 batch scan #2
UPD1-0054	10.1182/bld.upd1-0053	Hahn	Leukemia	1995	Fig.4A	0.4595	DISTINCT	ImageTwin_v2.2	pending	analyst_c	Update1 batch scan #2
UPD1-0055	10.1182/bld.upd1-0054	Glimcher	Blood	2015	Fig.4B	0.7085	DISTINCT	ImageTwin_v2.2	disputed	analyst_c	Update1 batch scan #2
UPD1-0056	10.1182/bld.upd1-0055	Hahn	Cancer Cell	1996	Fig.4B	0.4513	DISTINCT	ImageTwin_v2.2	pending	analyst_a	Update1 batch scan #2
UPD1-0057	10.1182/bld.upd1-0056	Carrasco	Cancer Cell	2009	Fig.1B	0.4782	DISTINCT	ImageTwin_v2.2	pending	analyst_c	Update1 batch scan #2
UPD1-0058	10.1182/bld.upd1-0057	Anderson	Science	2017	Fig.3A	0.8048	SIMILAR	ImageTwin_v2.2	confirmed	analyst_a	Update1 batch scan #2
UPD1-0059	10.1182/bld.upd1-0058	Glimcher	Nature Medicine	1997	Fig.5A	0.8301	SIMILAR	ImageTwin_v2.2	pending	analyst_c	Update1 batch scan #2
UPD1-0060	10.1182/bld.upd1-0059	Glimcher	Cancer Cell	2012	Fig.4B	0.7032	DISTINCT	ImageTwin_v2.2	pending	analyst_a	Update1 batch scan #2
UPD1-0061	10.1182/bld.upd1-0060	Anderson	Blood	2012	Fig.4A	0.5331	DISTINCT	ImageTwin_v2.2	disputed	analyst_a	Update1 batch scan #2
UPD1-0062	10.1182/bld.upd1-0061	Carrasco	Science	2002	Fig.8A	0.4874	DISTINCT	ImageTwin_v2.2	disputed	analyst_c	Update1 batch scan #2
UPD1-0063	10.1182/bld.upd1-0062	Carrasco	Cancer Cell	2021	Fig.3C	0.4974	DISTINCT	ImageTwin_v2.2	reviewed	analyst_b	Update1 batch scan #2
UPD1-0064	10.1182/bld.upd1-0063	Glimcher	Science	2007	Fig.4B	0.545	DISTINCT	ImageTwin_v2.2	reviewed	analyst_b	Update1 batch scan #2
UPD1-0065	10.1182/bld.upd1-0064	Carrasco	Science	2000	Fig.7A	0.5923	DISTINCT	ImageTwin_v2.2	disputed	analyst_c	Update1 batch scan #2
UPD1-0066	10.1182/bld.upd1-0065	Carrasco	Leukemia	2004	Fig.7C	0.7185	DISTINCT	ImageTwin_v2.2	disputed	analyst_b	Update1 batch scan #2
UPD1-0067	10.1182/bld.upd1-0066	Carrasco	Leukemia	2023	Fig.3A	0.5874	DISTINCT	ImageTwin_v2.2	disputed	analyst_c	Update1 batch scan #2
UPD1-0068	10.1182/bld.upd1-0067	Glimcher	Science	2020	Fig.1A	0.8305	SIMILAR	ImageTwin_v2.2	confirmed	analyst_a	Update1 batch scan #2
UPD1-0069	10.1182/bld.upd1-0068	Carrasco	Leukemia	2017	Fig.5C	0.4578	DISTINCT	ImageTwin_v2.2	reviewed	analyst_c	Update1 batch scan #2
UPD1-0070	10.1182/bld.upd1-0069	Anderson	Leukemia	2023	Fig.6C	0.5371	DISTINCT	ImageTwin_v2.2	reviewed	analyst_b	Update1 batch scan #2
UPD1-0071	10.1182/bld.upd1-0070	Ghobrial	Science	2002	Fig.1C	0.9537	DUPLICATE	ImageTwin_v2.2	pending	analyst_c	Update1 batch scan #2
UPD1-0072	10.1182/bld.upd1-0071	Glimcher	Nature Medicine	2002	Fig.3B	0.5598	DISTINCT	ImageTwin_v2.2	confirmed	analyst_b	Update1 batch scan #2
UPD1-0073	10.1182/bld.upd1-0072	Glimcher	Science	2023	Fig.7B	0.8183	SIMILAR	ImageTwin_v2.2	pending	analyst_b	Update1 batch scan #2
UPD1-0074	10.1182/bld.upd1-0073	Anderson	Leukemia	2005	Fig.7B	0.7147	DISTINCT	ImageTwin_v2.2	disputed	analyst_c	Update1 batch scan #2
UPD1-0075	10.1182/bld.upd1-0074	Glimcher	Science	2018	Fig.6A	0.9185	SIMILAR	ImageTwin_v2.2	pending	analyst_a	Update1 batch scan #2
UPD1-0076	10.1182/bld.upd1-0075	Glimcher	Science	2003	Fig.8A	0.8817	SIMILAR	ImageTwin_v2.2	reviewed	analyst_a	Update1 batch scan #2
UPD1-0077	10.1182/bld.upd1-0076	Glimcher	Nature Medicine	2007	Fig.1A	0.7703	DISTINCT	ImageTwin_v2.2	reviewed	analyst_c	Update1 batch scan #2
UPD1-0078	10.1182/bld.upd1-0077	Hahn	Blood	2018	Fig.8A	0.8929	SIMILAR	ImageTwin_v2.2	disputed	analyst_c	Update1 batch scan #2
UPD1-0079	10.1182/bld.upd1-0078	Ghobrial	Cancer Cell	2020	Fig.1B	0.6447	DISTINCT	ImageTwin_v2.2	pending	analyst_c	Update1 batch scan #2
UPD1-0080	10.1182/bld.upd1-0079	Ghobrial	Nature Medicine	1995	Fig.5B	0.4878	DISTINCT	ImageTwin_v2.2	disputed	analyst_a	Update1 batch scan #2
UPD1-0081	10.1182/bld.upd1-0080	Anderson	Cancer Cell	1999	Fig.1B	0.9813	DUPLICATE	ImageTwin_v2.2	confirmed	analyst_a	Update1 batch scan #2
UPD1-0082	10.1182/bld.upd1-0081	Ghobrial	Science	2010	Fig.4C	0.633	DISTINCT	ImageTwin_v2.2	pending	analyst_c	Update1 batch scan #2
UPD1-0083	10.1182/bld.upd1-0082	Anderson	Blood	2020	Fig.3C	0.8339	SIMILAR	ImageTwin_v2.2	reviewed	analyst_a	Update1 batch scan #2
UPD1-0084	10.1182/bld.upd1-0083	Carrasco	Blood	2013	Fig.5B	0.9677	DUPLICATE	ImageTwin_v2.2	confirmed	analyst_a	Update1 batch scan #2
UPD1-0085	10.1182/bld.upd1-0084	Hahn	Leukemia	2006	Fig.8A	0.6666	DISTINCT	ImageTwin_v2.2	pending	analyst_b	Update1 batch scan #2
UPD1-0086	10.1182/bld.upd1-0085	Glimcher	Nature Medicine	2002	Fig.4B	0.7515	DISTINCT	ImageTwin_v2.2	reviewed	analyst_b	Update1 batch scan #2
UPD1-0087	10.1182/bld.upd1-0086	Hahn	Leukemia	2008	Fig.5B	0.4855	DISTINCT	ImageTwin_v2.2	pending	analyst_c	Update1 batch scan #2
UPD1-0088	10.1182/bld.upd1-0087	Anderson	Blood	2021	Fig.7B	0.5641	DISTINCT	ImageTwin_v2.2	disputed	analyst_b	Update1 batch scan #2
UPD1-0089	10.1182/bld.upd1-0088	Glimcher	Nature Medicine	2000	Fig.7B	0.8719	SIMILAR	ImageTwin_v2.2	disputed	analyst_c	Update1 batch scan #2
UPD1-0090	10.1182/bld.upd1-0089	Anderson	Leukemia	1995	Fig.1A	0.9923	DUPLICATE	ImageTwin_v2.2	disputed	analyst_b	Update1 batch scan #2
UPD1-0091	10.1182/bld.upd1-0090	Anderson	Nature Medicine	2014	Fig.5A	0.8168	SIMILAR	ImageTwin_v2.2	pending	analyst_a	Update1 batch scan #2
UPD1-0092	10.1182/bld.upd1-0091	Ghobrial	Cancer Cell	2023	Fig.3B	0.8126	SIMILAR	ImageTwin_v2.2	disputed	analyst_c	Update1 batch scan #2
UPD1-0093	10.1182/bld.upd1-0092	Carrasco	Blood	2005	Fig.4A	0.6469	DISTINCT	ImageTwin_v2.2	disputed	analyst_b	Update1 batch scan #2
UPD1-0094	10.1182/bld.upd1-0093	Glimcher	Science	2004	Fig.2A	0.6525	DISTINCT	ImageTwin_v2.2	reviewed	analyst_c	Update1 batch scan #2
UPD1-0095	10.1182/bld.upd1-0094	Carrasco	Cancer Cell	2004	Fig.4C	0.6318	DISTINCT	ImageTwin_v2.2	disputed	analyst_b	Update1 batch scan #2
UPD1-0096	10.1182/bld.upd1-0095	Anderson	Cancer Cell	2018	Fig.2C	0.6515	DISTINCT	ImageTwin_v2.2	pending	analyst_b	Update1 batch scan #2
UPD1-0097	10.1182/bld.upd1-0096	Glimcher	Blood	2018	Fig.8C	0.7386	DISTINCT	ImageTwin_v2.2	confirmed	analyst_a	Update1 batch scan #2
UPD1-0098	10.1182/bld.upd1-0097	Anderson	Blood	1999	Fig.6C	0.5229	DISTINCT	ImageTwin_v2.2	confirmed	analyst_c	Update1 batch scan #2
UPD1-0099	10.1182/bld.upd1-0098	Glimcher	Leukemia	2017	Fig.5C	0.793	DISTINCT	ImageTwin_v2.2	confirmed	analyst_c	Update1 batch scan #2
UPD1-0100	10.1182/bld.upd1-0099	Ghobrial	Science	1999	Fig.7B	0.8776	SIMILAR	ImageTwin_v2.2	confirmed	analyst_b	Update1 batch scan #2
UPD1-0101	10.1182/bld.upd1-0100	Hahn	Cancer Cell	2019	Fig.6A	0.7545	DISTINCT	ImageTwin_v2.2	pending	analyst_a	Update1 batch scan #3
UPD1-0102	10.1182/bld.upd1-0101	Carrasco	Nature Medicine	2004	Fig.2B	0.5648	DISTINCT	ImageTwin_v2.2	pending	analyst_b	Update1 batch scan #3
UPD1-0103	10.1182/bld.upd1-0102	Anderson	Leukemia	2019	Fig.7A	0.8177	SIMILAR	ImageTwin_v2.2	reviewed	analyst_a	Update1 batch scan #3
UPD1-0104	10.1182/bld.upd1-0103	Anderson	Leukemia	1999	Fig.2A	0.4731	DISTINCT	ImageTwin_v2.2	pending	analyst_a	Update1 batch scan #3
UPD1-0105	10.1182/bld.upd1-0104	Ghobrial	Cancer Cell	2007	Fig.5C	0.7945	DISTINCT	ImageTwin_v2.2	pending	analyst_b	Update1 batch scan #3
UPD1-0106	10.1182/bld.upd1-0105	Carrasco	Science	2020	Fig.2A	0.6612	DISTINCT	ImageTwin_v2.2	confirmed	analyst_a	Update1 batch scan #3
UPD1-0107	10.1182/bld.upd1-0106	Hahn	Science	1995	Fig.1C	0.5667	DISTINCT	ImageTwin_v2.2	pending	analyst_c	Update1 batch scan #3
UPD1-0108	10.1182/bld.upd1-0107	Carrasco	Leukemia	2020	Fig.2A	0.6654	DISTINCT	ImageTwin_v2.2	confirmed	analyst_b	Update1 batch scan #3
UPD1-0109	10.1182/bld.upd1-0108	Ghobrial	Nature Medicine	2011	Fig.5C	0.7599	DISTINCT	ImageTwin_v2.2	disputed	analyst_b	Update1 batch scan #3
UPD1-0110	10.1182/bld.upd1-0109	Ghobrial	Nature Medicine	2016	Fig.7A	0.8293	SIMILAR	ImageTwin_v2.2	disputed	analyst_c	Update1 batch scan #3
UPD1-0111	10.1182/bld.upd1-0110	Anderson	Leukemia	2023	Fig.5B	0.9068	SIMILAR	ImageTwin_v2.2	disputed	analyst_c	Update1 batch scan #3
UPD1-0112	10.1182/bld.upd1-0111	Glimcher	Nature Medicine	2013	Fig.7A	0.8371	SIMILAR	ImageTwin_v2.2	pending	analyst_a	Update1 batch scan #3
UPD1-0113	10.1182/bld.upd1-0112	Anderson	Science	2005	Fig.4B	0.6772	DISTINCT	ImageTwin_v2.2	pending	analyst_a	Update1 batch scan #3
UPD1-0114	10.1182/bld.upd1-0113	Anderson	Leukemia	2008	Fig.6B	0.8591	SIMILAR	ImageTwin_v2.2	reviewed	analyst_c	Update1 batch scan #3
UPD1-0115	10.1182/bld.upd1-0114	Ghobrial	Blood	2005	Fig.8C	0.7803	DISTINCT	ImageTwin_v2.2	disputed	analyst_c	Update1 batch scan #3
UPD1-0116	10.1182/bld.upd1-0115	Hahn	Science	2019	Fig.7B	0.8976	SIMILAR	ImageTwin_v2.2	reviewed	analyst_b	Update1 batch scan #3
UPD1-0117	10.1182/bld.upd1-0116	Carrasco	Leukemia	2011	Fig.5B	0.9314	SIMILAR	ImageTwin_v2.2	confirmed	analyst_b	Update1 batch scan #3
UPD1-0118	10.1182/bld.upd1-0117	Glimcher	Leukemia	2008	Fig.7C	0.4925	DISTINCT	ImageTwin_v2.2	pending	analyst_b	Update1 batch scan #3
UPD1-0119	10.1182/bld.upd1-0118	Carrasco	Leukemia	2013	Fig.8B	0.9283	SIMILAR	ImageTwin_v2.2	confirmed	analyst_c	Update1 batch scan #3
UPD1-0120	10.1182/bld.upd1-0119	Anderson	Nature Medicine	2008	Fig.4B	0.6565	DISTINCT	ImageTwin_v2.2	reviewed	analyst_c	Update1 batch scan #3
UPD1-0121	10.1182/bld.upd1-0120	Carrasco	Blood	2011	Fig.2C	0.6911	DISTINCT	ImageTwin_v2.2	reviewed	analyst_a	Update1 batch scan #3
UPD1-0122	10.1182/bld.upd1-0121	Glimcher	Blood	2004	Fig.4A	0.8336	SIMILAR	ImageTwin_v2.2	pending	analyst_b	Update1 batch scan #3
UPD1-0123	10.1182/bld.upd1-0122	Anderson	Blood	2015	Fig.6B	0.6561	DISTINCT	ImageTwin_v2.2	reviewed	analyst_b	Update1 batch scan #3
UPD1-0124	10.1182/bld.upd1-0123	Ghobrial	Science	1998	Fig.8C	0.9025	SIMILAR	ImageTwin_v2.2	reviewed	analyst_b	Update1 batch scan #3
UPD1-0125	10.1182/bld.upd1-0124	Anderson	Blood	2017	Fig.5B	0.9743	DUPLICATE	ImageTwin_v2.2	reviewed	analyst_a	Update1 batch scan #3
UPD1-0126	10.1182/bld.upd1-0125	Ghobrial	Science	2005	Fig.1B	0.5576	DISTINCT	ImageTwin_v2.2	pending	analyst_a	Update1 batch scan #3
UPD1-0127	10.1182/bld.upd1-0126	Hahn	Nature Medicine	2002	Fig.8C	0.6681	DISTINCT	ImageTwin_v2.2	pending	analyst_c	Update1 batch scan #3
UPD1-0128	10.1182/bld.upd1-0127	Glimcher	Science	2019	Fig.5B	0.6828	DISTINCT	ImageTwin_v2.2	confirmed	analyst_b	Update1 batch scan #3
UPD1-0129	10.1182/bld.upd1-0128	Anderson	Nature Medicine	2001	Fig.6A	0.6088	DISTINCT	ImageTwin_v2.2	reviewed	analyst_c	Update1 batch scan #3
UPD1-0130	10.1182/bld.upd1-0129	Hahn	Nature Medicine	2005	Fig.2A	0.6449	DISTINCT	ImageTwin_v2.2	confirmed	analyst_c	Update1 batch scan #3
UPD1-0131	10.1182/bld.upd1-0130	Hahn	Nature Medicine	2013	Fig.8A	0.7534	DISTINCT	ImageTwin_v2.2	reviewed	analyst_c	Update1 batch scan #3
UPD1-0132	10.1182/bld.upd1-0131	Ghobrial	Nature Medicine	2013	Fig.7B	0.5461	DISTINCT	ImageTwin_v2.2	disputed	analyst_b	Update1 batch scan #3
UPD1-0133	10.1182/bld.upd1-0132	Glimcher	Cancer Cell	2011	Fig.5B	0.5577	DISTINCT	ImageTwin_v2.2	reviewed	analyst_a	Update1 batch scan #3
UPD1-0134	10.1182/bld.upd1-0133	Carrasco	Leukemia	2019	Fig.6A	0.9712	DUPLICATE	ImageTwin_v2.2	confirmed	analyst_a	Update1 batch scan #3
UPD1-0135	10.1182/bld.upd1-0134	Carrasco	Cancer Cell	2012	Fig.1B	0.6705	DISTINCT	ImageTwin_v2.2	pending	analyst_b	Update1 batch scan #3
UPD1-0136	10.1182/bld.upd1-0135	Glimcher	Leukemia	2021	Fig.6C	0.6131	DISTINCT	ImageTwin_v2.2	confirmed	analyst_b	Update1 batch scan #3
UPD1-0137	10.1182/bld.upd1-0136	Hahn	Cancer Cell	1998	Fig.7B	0.9629	DUPLICATE	ImageTwin_v2.2	pending	analyst_b	Update1 batch scan #3
UPD1-0138	10.1182/bld.upd1-0137	Glimcher	Science	2001	Fig.2C	0.5922	DISTINCT	ImageTwin_v2.2	reviewed	analyst_a	Update1 batch scan #3
UPD1-0139	10.1182/bld.upd1-0138	Carrasco	Science	2022	Fig.2C	0.7697	DISTINCT	ImageTwin_v2.2	pending	analyst_b	Update1 batch scan #3
UPD1-0140	10.1182/bld.upd1-0139	Glimcher	Leukemia	2003	Fig.6C	0.887	SIMILAR	ImageTwin_v2.2	reviewed	analyst_c	Update1 batch scan #3
UPD1-0141	10.1182/bld.upd1-0140	Glimcher	Leukemia	1996	Fig.8A	0.9795	DUPLICATE	ImageTwin_v2.2	disputed	analyst_a	Update1 batch scan #3
UPD1-0142	10.1182/bld.upd1-0141	Glimcher	Leukemia	1996	Fig.6A	0.8026	SIMILAR	ImageTwin_v2.2	reviewed	analyst_a	Update1 batch scan #3
UPD1-0143	10.1182/bld.upd1-0142	Carrasco	Leukemia	2015	Fig.6A	0.8365	SIMILAR	ImageTwin_v2.2	reviewed	analyst_a	Update1 batch scan #3
UPD1-0144	10.1182/bld.upd1-0143	Glimcher	Blood	2000	Fig.4B	0.9747	DUPLICATE	ImageTwin_v2.2	reviewed	analyst_b	Update1 batch scan #3
UPD1-0145	10.1182/bld.upd1-0144	Anderson	Science	2007	Fig.3A	0.9699	DUPLICATE	ImageTwin_v2.2	disputed	analyst_b	Update1 batch scan #3
UPD1-0146	10.1182/bld.upd1-0145	Ghobrial	Blood	2018	Fig.3B	0.6055	DISTINCT	ImageTwin_v2.2	pending	analyst_c	Update1 batch scan #3
UPD1-0147	10.1182/bld.upd1-0146	Glimcher	Science	2019	Fig.2A	0.4942	DISTINCT	ImageTwin_v2.2	pending	analyst_c	Update1 batch scan #3
UPD1-0148	10.1182/bld.upd1-0147	Ghobrial	Science	1997	Fig.2A	0.7837	DISTINCT	ImageTwin_v2.2	pending	analyst_c	Update1 batch scan #3
UPD1-0149	10.1182/bld.upd1-0148	Glimcher	Blood	2018	Fig.2B	0.7304	DISTINCT	ImageTwin_v2.2	disputed	analyst_c	Update1 batch scan #3
UPD1-0150	10.1182/bld.upd1-0149	Glimcher	Cancer Cell	2015	Fig.2C	0.8659	SIMILAR	ImageTwin_v2.2	confirmed	analyst_b	Update1 batch scan #3
UPD1-0151	10.1182/bld.upd1-0150	Glimcher	Cancer Cell	2010	Fig.3C	0.5079	DISTINCT	ImageTwin_v2.2	disputed	analyst_b	Update1 batch scan #4
UPD1-0152	10.1182/bld.upd1-0151	Carrasco	Nature Medicine	2008	Fig.3C	0.6966	DISTINCT	ImageTwin_v2.2	reviewed	analyst_b	Update1 batch scan #4
UPD1-0153	10.1182/bld.upd1-0152	Ghobrial	Blood	2018	Fig.3A	0.5788	DISTINCT	ImageTwin_v2.2	pending	analyst_a	Update1 batch scan #4
UPD1-0154	10.1182/bld.upd1-0153	Ghobrial	Nature Medicine	2000	Fig.6B	0.9676	DUPLICATE	ImageTwin_v2.2	confirmed	analyst_c	Update1 batch scan #4
UPD1-0155	10.1182/bld.upd1-0154	Ghobrial	Science	2020	Fig.4C	0.778	DISTINCT	ImageTwin_v2.2	disputed	analyst_a	Update1 batch scan #4
UPD1-0156	10.1182/bld.upd1-0155	Glimcher	Leukemia	2018	Fig.2C	0.859	SIMILAR	ImageTwin_v2.2	reviewed	analyst_b	Update1 batch scan #4
UPD1-0157	10.1182/bld.upd1-0156	Carrasco	Blood	2016	Fig.6C	0.8698	SIMILAR	ImageTwin_v2.2	disputed	analyst_a	Update1 batch scan #4
UPD1-0158	10.1182/bld.upd1-0157	Glimcher	Science	2021	Fig.6C	0.5253	DISTINCT	ImageTwin_v2.2	disputed	analyst_c	Update1 batch scan #4
UPD1-0159	10.1182/bld.upd1-0158	Hahn	Nature Medicine	2020	Fig.7B	0.772	DISTINCT	ImageTwin_v2.2	confirmed	analyst_a	Update1 batch scan #4
UPD1-0160	10.1182/bld.upd1-0159	Anderson	Leukemia	2006	Fig.2C	0.9337	SIMILAR	ImageTwin_v2.2	pending	analyst_a	Update1 batch scan #4
UPD1-0161	10.1182/bld.upd1-0160	Glimcher	Science	1999	Fig.5A	0.9094	SIMILAR	ImageTwin_v2.2	pending	analyst_a	Update1 batch scan #4
UPD1-0162	10.1182/bld.upd1-0161	Glimcher	Science	2000	Fig.4C	0.5528	DISTINCT	ImageTwin_v2.2	confirmed	analyst_a	Update1 batch scan #4
UPD1-0163	10.1182/bld.upd1-0162	Carrasco	Blood	2022	Fig.5A	0.8315	SIMILAR	ImageTwin_v2.2	reviewed	analyst_b	Update1 batch scan #4
UPD1-0164	10.1182/bld.upd1-0163	Ghobrial	Nature Medicine	2019	Fig.2A	0.6096	DISTINCT	ImageTwin_v2.2	disputed	analyst_c	Update1 batch scan #4
UPD1-0165	10.1182/bld.upd1-0164	Glimcher	Blood	2005	Fig.7C	0.5125	DISTINCT	ImageTwin_v2.2	reviewed	analyst_a	Update1 batch scan #4
UPD1-0166	10.1182/bld.upd1-0165	Carrasco	Blood	1995	Fig.8B	0.7796	DISTINCT	ImageTwin_v2.2	reviewed	analyst_c	Update1 batch scan #4
UPD1-0167	10.1182/bld.upd1-0166	Hahn	Nature Medicine	1997	Fig.6B	0.9329	SIMILAR	ImageTwin_v2.2	disputed	analyst_c	Update1 batch scan #4
UPD1-0168	10.1182/bld.upd1-0167	Carrasco	Leukemia	2019	Fig.2A	0.9665	DUPLICATE	ImageTwin_v2.2	disputed	analyst_c	Update1 batch scan #4
UPD1-0169	10.1182/bld.upd1-0168	Hahn	Science	2021	Fig.6A	0.6291	DISTINCT	ImageTwin_v2.2	pending	analyst_a	Update1 batch scan #4
UPD1-0170	10.1182/bld.upd1-0169	Anderson	Leukemia	2018	Fig.4C	0.6196	DISTINCT	ImageTwin_v2.2	disputed	analyst_c	Update1 batch scan #4
UPD1-0171	10.1182/bld.upd1-0170	Ghobrial	Leukemia	1998	Fig.1B	0.6542	DISTINCT	ImageTwin_v2.2	pending	analyst_a	Update1 batch scan #4
UPD1-0172	10.1182/bld.upd1-0171	Carrasco	Nature Medicine	2001	Fig.1A	0.617	DISTINCT	ImageTwin_v2.2	reviewed	analyst_a	Update1 batch scan #4
UPD1-0173	10.1182/bld.upd1-0172	Hahn	Nature Medicine	1997	Fig.1B	0.5812	DISTINCT	ImageTwin_v2.2	confirmed	analyst_b	Update1 batch scan #4
UPD1-0174	10.1182/bld.upd1-0173	Anderson	Nature Medicine	2014	Fig.6C	0.5353	DISTINCT	ImageTwin_v2.2	confirmed	analyst_c	Update1 batch scan #4
UPD1-0175	10.1182/bld.upd1-0174	Carrasco	Nature Medicine	1997	Fig.2A	0.7285	DISTINCT	ImageTwin_v2.2	disputed	analyst_b	Update1 batch scan #4
UPD1-0176	10.1182/bld.upd1-0175	Carrasco	Nature Medicine	2000	Fig.5B	0.9777	DUPLICATE	ImageTwin_v2.2	confirmed	analyst_b	Update1 batch scan #4
UPD1-0177	10.1182/bld.upd1-0176	Hahn	Cancer Cell	2021	Fig.8A	0.6298	DISTINCT	ImageTwin_v2.2	pending	analyst_a	Update1 batch scan #4
UPD1-0178	10.1182/bld.upd1-0177	Carrasco	Blood	2008	Fig.7A	0.5627	DISTINCT	ImageTwin_v2.2	pending	analyst_a	Update1 batch scan #4
UPD1-0179	10.1182/bld.upd1-0178	Hahn	Cancer Cell	2016	Fig.8B	0.9623	DUPLICATE	ImageTwin_v2.2	confirmed	analyst_c	Update1 batch scan #4
UPD1-0180	10.1182/bld.upd1-0179	Anderson	Cancer Cell	2010	Fig.2B	0.9727	DUPLICATE	ImageTwin_v2.2	confirmed	analyst_b	Update1 batch scan #4
UPD1-0181	10.1182/bld.upd1-0180	Hahn	Cancer Cell	2005	Fig.3C	0.7201	DISTINCT	ImageTwin_v2.2	pending	analyst_b	Update1 batch scan #4
UPD1-0182	10.1182/bld.upd1-0181	Anderson	Science	2005	Fig.3C	0.7714	DISTINCT	ImageTwin_v2.2	disputed	analyst_c	Update1 batch scan #4
UPD1-0183	10.1182/bld.upd1-0182	Hahn	Science	2023	Fig.6C	0.6149	DISTINCT	ImageTwin_v2.2	pending	analyst_a	Update1 batch scan #4
UPD1-0184	10.1182/bld.upd1-0183	Glimcher	Blood	2012	Fig.4C	0.8385	SIMILAR	ImageTwin_v2.2	pending	analyst_a	Update1 batch scan #4
UPD1-0185	10.1182/bld.upd1-0184	Ghobrial	Leukemia	2020	Fig.1C	0.901	SIMILAR	ImageTwin_v2.2	confirmed	analyst_c	Update1 batch scan #4
UPD1-0186	10.1182/bld.upd1-0185	Anderson	Science	2016	Fig.6B	0.8613	SIMILAR	ImageTwin_v2.2	pending	analyst_a	Update1 batch scan #4
UPD1-0187	10.1182/bld.upd1-0186	Hahn	Science	2023	Fig.2A	0.9212	SIMILAR	ImageTwin_v2.2	pending	analyst_b	Update1 batch scan #4
UPD1-0188	10.1182/bld.upd1-0187	Anderson	Leukemia	2015	Fig.8A	0.58	DISTINCT	ImageTwin_v2.2	disputed	analyst_c	Update1 batch scan #4
UPD1-0189	10.1182/bld.upd1-0188	Carrasco	Leukemia	2017	Fig.7B	0.7477	DISTINCT	ImageTwin_v2.2	pending	analyst_c	Update1 batch scan #4
UPD1-0190	10.1182/bld.upd1-0189	Ghobrial	Science	1997	Fig.5A	0.7467	DISTINCT	ImageTwin_v2.2	disputed	analyst_b	Update1 batch scan #4
UPD1-0191	10.1182/bld.upd1-0190	Carrasco	Blood	2017	Fig.4C	0.6714	DISTINCT	ImageTwin_v2.2	pending	analyst_a	Update1 batch scan #4
UPD1-0192	10.1182/bld.upd1-0191	Anderson	Science	2016	Fig.7C	0.8181	SIMILAR	ImageTwin_v2.2	disputed	analyst_c	Update1 batch scan #4
UPD1-0193	10.1182/bld.upd1-0192	Glimcher	Nature Medicine	2008	Fig.5A	0.8505	SIMILAR	ImageTwin_v2.2	disputed	analyst_b	Update1 batch scan #4
UPD1-0194	10.1182/bld.upd1-0193	Hahn	Science	2023	Fig.6C	0.7069	DISTINCT	ImageTwin_v2.2	disputed	analyst_c	Update1 batch scan #4
UPD1-0195	10.1182/bld.upd1-0194	Carrasco	Science	2015	Fig.3A	0.9769	DUPLICATE	ImageTwin_v2.2	disputed	analyst_c	Update1 batch scan #4
UPD1-0196	10.1182/bld.upd1-0195	Hahn	Blood	2006	Fig.3B	0.7199	DISTINCT	ImageTwin_v2.2	reviewed	analyst_a	Update1 batch scan #4
UPD1-0197	10.1182/bld.upd1-0196	Glimcher	Science	2005	Fig.1A	0.8588	SIMILAR	ImageTwin_v2.2	confirmed	analyst_c	Update1 batch scan #4
UPD1-0198	10.1182/bld.upd1-0197	Glimcher	Science	2009	Fig.3C	0.5192	DISTINCT	ImageTwin_v2.2	pending	analyst_c	Update1 batch scan #4
UPD1-0199	10.1182/bld.upd1-0198	Anderson	Blood	2022	Fig.7C	0.5609	DISTINCT	ImageTwin_v2.2	reviewed	analyst_b	Update1 batch scan #4
UPD1-0200	10.1182/bld.upd1-0199	Anderson	Leukemia	2003	Fig.7C	0.9665	DUPLICATE	ImageTwin_v2.2	pending	analyst_c	Update1 batch scan #4
UPD1-0201	10.1182/bld.upd1-0200	Anderson	Nature Medicine	2015	Fig.3A	0.8296	SIMILAR	ImageTwin_v2.2	reviewed	analyst_c	Update1 batch scan #5
UPD1-0202	10.1182/bld.upd1-0201	Anderson	Nature Medicine	2011	Fig.1A	0.7031	DISTINCT	ImageTwin_v2.2	confirmed	analyst_a	Update1 batch scan #5
UPD1-0203	10.1182/bld.upd1-0202	Hahn	Blood	2012	Fig.2B	0.598	DISTINCT	ImageTwin_v2.2	reviewed	analyst_a	Update1 batch scan #5
UPD1-0204	10.1182/bld.upd1-0203	Hahn	Cancer Cell	2017	Fig.4C	0.8298	SIMILAR	ImageTwin_v2.2	confirmed	analyst_a	Update1 batch scan #5
UPD1-0205	10.1182/bld.upd1-0204	Anderson	Cancer Cell	1999	Fig.5C	0.7727	DISTINCT	ImageTwin_v2.2	pending	analyst_a	Update1 batch scan #5
UPD1-0206	10.1182/bld.upd1-0205	Glimcher	Nature Medicine	2022	Fig.5C	0.5496	DISTINCT	ImageTwin_v2.2	reviewed	analyst_a	Update1 batch scan #5
UPD1-0207	10.1182/bld.upd1-0206	Hahn	Leukemia	2008	Fig.7C	0.9087	SIMILAR	ImageTwin_v2.2	confirmed	analyst_a	Update1 batch scan #5
UPD1-0208	10.1182/bld.upd1-0207	Anderson	Blood	2020	Fig.6A	0.5096	DISTINCT	ImageTwin_v2.2	pending	analyst_a	Update1 batch scan #5
UPD1-0209	10.1182/bld.upd1-0208	Ghobrial	Science	2012	Fig.8A	0.7099	DISTINCT	ImageTwin_v2.2	pending	analyst_a	Update1 batch scan #5
UPD1-0210	10.1182/bld.upd1-0209	Hahn	Blood	2003	Fig.8C	0.6955	DISTINCT	ImageTwin_v2.2	pending	analyst_c	Update1 batch scan #5
UPD1-0211	10.1182/bld.upd1-0210	Anderson	Cancer Cell	1999	Fig.1B	0.9177	SIMILAR	ImageTwin_v2.2	disputed	analyst_b	Update1 batch scan #5
UPD1-0212	10.1182/bld.upd1-0211	Ghobrial	Nature Medicine	2020	Fig.1A	0.9901	DUPLICATE	ImageTwin_v2.2	reviewed	analyst_a	Update1 batch scan #5
UPD1-0213	10.1182/bld.upd1-0212	Glimcher	Blood	2017	Fig.5B	0.6489	DISTINCT	ImageTwin_v2.2	pending	analyst_c	Update1 batch scan #5
UPD1-0214	10.1182/bld.upd1-0213	Glimcher	Blood	2022	Fig.8B	0.5613	DISTINCT	ImageTwin_v2.2	confirmed	analyst_c	Update1 batch scan #5
UPD1-0215	10.1182/bld.upd1-0214	Glimcher	Cancer Cell	2014	Fig.5C	0.6976	DISTINCT	ImageTwin_v2.2	confirmed	analyst_a	Update1 batch scan #5
UPD1-0216	10.1182/bld.upd1-0215	Anderson	Nature Medicine	2022	Fig.1A	0.5089	DISTINCT	ImageTwin_v2.2	reviewed	analyst_b	Update1 batch scan #5
UPD1-0217	10.1182/bld.upd1-0216	Ghobrial	Nature Medicine	2010	Fig.1A	0.6714	DISTINCT	ImageTwin_v2.2	confirmed	analyst_a	Update1 batch scan #5
UPD1-0218	10.1182/bld.upd1-0217	Hahn	Cancer Cell	2000	Fig.7B	0.7448	DISTINCT	ImageTwin_v2.2	pending	analyst_b	Update1 batch scan #5
UPD1-0219	10.1182/bld.upd1-0218	Anderson	Cancer Cell	2020	Fig.5C	0.8742	SIMILAR	ImageTwin_v2.2	disputed	analyst_a	Update1 batch scan #5
UPD1-0220	10.1182/bld.upd1-0219	Ghobrial	Cancer Cell	2001	Fig.6A	0.8714	SIMILAR	ImageTwin_v2.2	disputed	analyst_a	Update1 batch scan #5
UPD1-0221	10.1182/bld.upd1-0220	Ghobrial	Science	2013	Fig.8B	0.6208	DISTINCT	ImageTwin_v2.2	confirmed	analyst_b	Update1 batch scan #5
UPD1-0222	10.1182/bld.upd1-0221	Ghobrial	Leukemia	2009	Fig.7C	0.7194	DISTINCT	ImageTwin_v2.2	reviewed	analyst_b	Update1 batch scan #5
UPD1-0223	10.1182/bld.upd1-0222	Glimcher	Blood	2004	Fig.2A	0.9895	DUPLICATE	ImageTwin_v2.2	pending	analyst_b	Update1 batch scan #5
UPD1-0224	10.1182/bld.upd1-0223	Ghobrial	Science	2008	Fig.1B	0.6536	DISTINCT	ImageTwin_v2.2	pending	analyst_b	Update1 batch scan #5
UPD1-0225	10.1182/bld.upd1-0224	Glimcher	Science	2006	Fig.4B	0.8112	SIMILAR	ImageTwin_v2.2	pending	analyst_b	Update1 batch scan #5
UPD1-0226	10.1182/bld.upd1-0225	Glimcher	Leukemia	2003	Fig.5B	0.8081	SIMILAR	ImageTwin_v2.2	disputed	analyst_c	Update1 batch scan #5
UPD1-0227	10.1182/bld.upd1-0226	Carrasco	Science	2005	Fig.4A	0.8961	SIMILAR	ImageTwin_v2.2	reviewed	analyst_a	Update1 batch scan #5
UPD1-0228	10.1182/bld.upd1-0227	Glimcher	Cancer Cell	2019	Fig.3B	0.9756	DUPLICATE	ImageTwin_v2.2	pending	analyst_c	Update1 batch scan #5
UPD1-0229	10.1182/bld.upd1-0228	Glimcher	Science	1997	Fig.4B	0.8075	SIMILAR	ImageTwin_v2.2	reviewed	analyst_b	Update1 batch scan #5
UPD1-0230	10.1182/bld.upd1-0229	Ghobrial	Leukemia	2004	Fig.8B	0.6732	DISTINCT	ImageTwin_v2.2	disputed	analyst_b	Update1 batch scan #5
UPD1-0231	10.1182/bld.upd1-0230	Ghobrial	Nature Medicine	1995	Fig.6B	0.5078	DISTINCT	ImageTwin_v2.2	confirmed	analyst_c	Update1 batch scan #5
UPD1-0232	10.1182/bld.upd1-0231	Anderson	Blood	1996	Fig.4B	0.4598	DISTINCT	ImageTwin_v2.2	confirmed	analyst_b	Update1 batch scan #5
UPD1-0233	10.1182/bld.upd1-0232	Glimcher	Nature Medicine	1997	Fig.6A	0.8952	SIMILAR	ImageTwin_v2.2	disputed	analyst_c	Update1 batch scan #5
UPD1-0234	10.1182/bld.upd1-0233	Carrasco	Leukemia	2000	Fig.2C	0.9236	SIMILAR	ImageTwin_v2.2	disputed	analyst_a	Update1 batch scan #5
UPD1-0235	10.1182/bld.upd1-0234	Carrasco	Blood	2003	Fig.7C	0.6449	DISTINCT	ImageTwin_v2.2	reviewed	analyst_a	Update1 batch scan #5
UPD1-0236	10.1182/bld.upd1-0235	Anderson	Blood	2002	Fig.8C	0.9825	DUPLICATE	ImageTwin_v2.2	reviewed	analyst_a	Update1 batch scan #5
UPD1-0237	10.1182/bld.upd1-0236	Ghobrial	Leukemia	2003	Fig.2C	0.5468	DISTINCT	ImageTwin_v2.2	confirmed	analyst_a	Update1 batch scan #5
UPD1-0238	10.1182/bld.upd1-0237	Carrasco	Leukemia	2020	Fig.4B	0.7808	DISTINCT	ImageTwin_v2.2	confirmed	analyst_a	Update1 batch scan #5
UPD1-0239	10.1182/bld.upd1-0238	Carrasco	Cancer Cell	2003	Fig.2C	0.611	DISTINCT	ImageTwin_v2.2	pending	analyst_b	Update1 batch scan #5
UPD1-0240	10.1182/bld.upd1-0239	Carrasco	Nature Medicine	2000	Fig.8A	0.7308	DISTINCT	ImageTwin_v2.2	disputed	analyst_a	Update1 batch scan #5
UPD1-0241	10.1182/bld.upd1-0240	Ghobrial	Cancer Cell	2007	Fig.6B	0.5007	DISTINCT	ImageTwin_v2.2	disputed	analyst_c	Update1 batch scan #5
UPD1-0242	10.1182/bld.upd1-0241	Anderson	Nature Medicine	2005	Fig.7A	0.5033	DISTINCT	ImageTwin_v2.2	confirmed	analyst_c	Update1 batch scan #5
UPD1-0243	10.1182/bld.upd1-0242	Hahn	Leukemia	1999	Fig.3C	0.6833	DISTINCT	ImageTwin_v2.2	pending	analyst_c	Update1 batch scan #5
UPD1-0244	10.1182/bld.upd1-0243	Hahn	Nature Medicine	2019	Fig.3C	0.9931	DUPLICATE	ImageTwin_v2.2	reviewed	analyst_c	Update1 batch scan #5
UPD1-0245	10.1182/bld.upd1-0244	Anderson	Leukemia	2008	Fig.6C	0.9123	SIMILAR	ImageTwin_v2.2	confirmed	analyst_b	Update1 batch scan #5
UPD1-0246	10.1182/bld.upd1-0245	Carrasco	Nature Medicine	2010	Fig.2A	0.4668	DISTINCT	ImageTwin_v2.2	reviewed	analyst_b	Update1 batch scan #5
UPD1-0247	10.1182/bld.upd1-0246	Glimcher	Blood	2016	Fig.8B	0.8278	SIMILAR	ImageTwin_v2.2	confirmed	analyst_a	Update1 batch scan #5
UPD1-0248	10.1182/bld.upd1-0247	Ghobrial	Cancer Cell	2010	Fig.6C	0.5456	DISTINCT	ImageTwin_v2.2	disputed	analyst_c	Update1 batch scan #5
UPD1-0249	10.1182/bld.upd1-0248	Hahn	Leukemia	2020	Fig.8A	0.7043	DISTINCT	ImageTwin_v2.2	pending	analyst_a	Update1 batch scan #5
UPD1-0250	10.1182/bld.upd1-0249	Glimcher	Science	2008	Fig.4C	0.7129	DISTINCT	ImageTwin_v2.2	reviewed	analyst_b	Update1 batch scan #5
UPD1-0251	10.1182/bld.upd1-0250	Ghobrial	Nature Medicine	2005	Fig.4B	0.8668	SIMILAR	ImageTwin_v2.2	disputed	analyst_b	Update1 batch scan #6
UPD1-0252	10.1182/bld.upd1-0251	Glimcher	Leukemia	2021	Fig.6B	0.5045	DISTINCT	ImageTwin_v2.2	disputed	analyst_c	Update1 batch scan #6
UPD1-0253	10.1182/bld.upd1-0252	Hahn	Science	2001	Fig.6C	0.4624	DISTINCT	ImageTwin_v2.2	reviewed	analyst_c	Update1 batch scan #6
UPD1-0254	10.1182/bld.upd1-0253	Ghobrial	Science	2013	Fig.4A	0.66	DISTINCT	ImageTwin_v2.2	confirmed	analyst_b	Update1 batch scan #6
UPD1-0255	10.1182/bld.upd1-0254	Hahn	Science	1996	Fig.4B	0.8361	SIMILAR	ImageTwin_v2.2	disputed	analyst_a	Update1 batch scan #6
UPD1-0256	10.1182/bld.upd1-0255	Glimcher	Blood	1995	Fig.6C	0.9598	DUPLICATE	ImageTwin_v2.2	disputed	analyst_b	Update1 batch scan #6
UPD1-0257	10.1182/bld.upd1-0256	Ghobrial	Science	2003	Fig.2B	0.5629	DISTINCT	ImageTwin_v2.2	pending	analyst_c	Update1 batch scan #6
UPD1-0258	10.1182/bld.upd1-0257	Ghobrial	Blood	1995	Fig.2A	0.7482	DISTINCT	ImageTwin_v2.2	disputed	analyst_b	Update1 batch scan #6
UPD1-0259	10.1182/bld.upd1-0258	Hahn	Cancer Cell	2006	Fig.3B	0.7559	DISTINCT	ImageTwin_v2.2	reviewed	analyst_c	Update1 batch scan #6
UPD1-0260	10.1182/bld.upd1-0259	Anderson	Leukemia	2018	Fig.5A	0.9256	SIMILAR	ImageTwin_v2.2	pending	analyst_b	Update1 batch scan #6
UPD1-0261	10.1182/bld.upd1-0260	Anderson	Leukemia	2011	Fig.5A	0.5357	DISTINCT	ImageTwin_v2.2	disputed	analyst_c	Update1 batch scan #6
UPD1-0262	10.1182/bld.upd1-0261	Ghobrial	Leukemia	2008	Fig.7B	0.5468	DISTINCT	ImageTwin_v2.2	disputed	analyst_b	Update1 batch scan #6
UPD1-0263	10.1182/bld.upd1-0262	Glimcher	Leukemia	2020	Fig.4A	0.5169	DISTINCT	ImageTwin_v2.2	pending	analyst_b	Update1 batch scan #6
UPD1-0264	10.1182/bld.upd1-0263	Glimcher	Cancer Cell	2007	Fig.7B	0.8693	SIMILAR	ImageTwin_v2.2	confirmed	analyst_c	Update1 batch scan #6
UPD1-0265	10.1182/bld.upd1-0264	Anderson	Cancer Cell	2017	Fig.6A	0.8169	SIMILAR	ImageTwin_v2.2	confirmed	analyst_a	Update1 batch scan #6
UPD1-0266	10.1182/bld.upd1-0265	Glimcher	Science	2008	Fig.8A	0.4668	DISTINCT	ImageTwin_v2.2	pending	analyst_c	Update1 batch scan #6
UPD1-0267	10.1182/bld.upd1-0266	Hahn	Science	2020	Fig.8A	0.4694	DISTINCT	ImageTwin_v2.2	pending	analyst_a	Update1 batch scan #6
UPD1-0268	10.1182/bld.upd1-0267	Anderson	Science	2015	Fig.1C	0.6731	DISTINCT	ImageTwin_v2.2	pending	analyst_b	Update1 batch scan #6
UPD1-0269	10.1182/bld.upd1-0268	Ghobrial	Science	2000	Fig.8C	0.5539	DISTINCT	ImageTwin_v2.2	pending	analyst_a	Update1 batch scan #6
UPD1-0270	10.1182/bld.upd1-0269	Carrasco	Nature Medicine	2014	Fig.3A	0.7639	DISTINCT	ImageTwin_v2.2	disputed	analyst_c	Update1 batch scan #6
UPD1-0271	10.1182/bld.upd1-0270	Ghobrial	Nature Medicine	2000	Fig.7C	0.9451	SIMILAR	ImageTwin_v2.2	pending	analyst_a	Update1 batch scan #6
UPD1-0272	10.1182/bld.upd1-0271	Carrasco	Science	2007	Fig.6A	0.7619	DISTINCT	ImageTwin_v2.2	reviewed	analyst_b	Update1 batch scan #6
UPD1-0273	10.1182/bld.upd1-0272	Hahn	Leukemia	2013	Fig.2A	0.6329	DISTINCT	ImageTwin_v2.2	disputed	analyst_a	Update1 batch scan #6
UPD1-0274	10.1182/bld.upd1-0273	Hahn	Leukemia	2006	Fig.7B	0.4539	DISTINCT	ImageTwin_v2.2	reviewed	analyst_c	Update1 batch scan #6
UPD1-0275	10.1182/bld.upd1-0274	Ghobrial	Nature Medicine	2009	Fig.4C	0.8883	SIMILAR	ImageTwin_v2.2	disputed	analyst_b	Update1 batch scan #6
UPD1-0276	10.1182/bld.upd1-0275	Glimcher	Science	1996	Fig.5B	0.7387	DISTINCT	ImageTwin_v2.2	pending	analyst_b	Update1 batch scan #6
UPD1-0277	10.1182/bld.upd1-0276	Anderson	Blood	2000	Fig.1C	0.7153	DISTINCT	ImageTwin_v2.2	pending	analyst_c	Update1 batch scan #6
UPD1-0278	10.1182/bld.upd1-0277	Anderson	Cancer Cell	2007	Fig.1C	0.791	DISTINCT	ImageTwin_v2.2	confirmed	analyst_a	Update1 batch scan #6
UPD1-0279	10.1182/bld.upd1-0278	Carrasco	Leukemia	2001	Fig.8A	0.6624	DISTINCT	ImageTwin_v2.2	confirmed	analyst_a	Update1 batch scan #6
UPD1-0280	10.1182/bld.upd1-0279	Anderson	Blood	2009	Fig.3C	0.9763	DUPLICATE	ImageTwin_v2.2	pending	analyst_c	Update1 batch scan #6
UPD1-0281	10.1182/bld.upd1-0280	Glimcher	Blood	2001	Fig.2A	0.9528	DUPLICATE	ImageTwin_v2.2	reviewed	analyst_b	Update1 batch scan #6
UPD1-0282	10.1182/bld.upd1-0281	Ghobrial	Blood	2013	Fig.4A	0.851	SIMILAR	ImageTwin_v2.2	confirmed	analyst_b	Update1 batch scan #6
UPD1-0283	10.1182/bld.upd1-0282	Anderson	Science	2013	Fig.5A	0.9062	SIMILAR	ImageTwin_v2.2	reviewed	analyst_a	Update1 batch scan #6
UPD1-0284	10.1182/bld.upd1-0283	Hahn	Blood	2000	Fig.2B	0.6842	DISTINCT	ImageTwin_v2.2	pending	analyst_a	Update1 batch scan #6
UPD1-0285	10.1182/bld.upd1-0284	Hahn	Nature Medicine	2023	Fig.3A	0.9897	DUPLICATE	ImageTwin_v2.2	disputed	analyst_a	Update1 batch scan #6
UPD1-0286	10.1182/bld.upd1-0285	Hahn	Cancer Cell	2006	Fig.1B	0.5077	DISTINCT	ImageTwin_v2.2	reviewed	analyst_a	Update1 batch scan #6
UPD1-0287	10.1182/bld.upd1-0286	Anderson	Nature Medicine	2013	Fig.3B	0.8333	SIMILAR	ImageTwin_v2.2	reviewed	analyst_c	Update1 batch scan #6
UPD1-0288	10.1182/bld.upd1-0287	Ghobrial	Blood	2003	Fig.3C	0.9595	DUPLICATE	ImageTwin_v2.2	confirmed	analyst_b	Update1 batch scan #6
UPD1-0289	10.1182/bld.upd1-0288	Ghobrial	Leukemia	2009	Fig.5B	0.8743	SIMILAR	ImageTwin_v2.2	disputed	analyst_a	Update1 batch scan #6
UPD1-0290	10.1182/bld.upd1-0289	Hahn	Science	2021	Fig.7C	0.6014	DISTINCT	ImageTwin_v2.2	disputed	analyst_c	Update1 batch scan #6
UPD1-0291	10.1182/bld.upd1-0290	Glimcher	Leukemia	2006	Fig.1C	0.8577	SIMILAR	ImageTwin_v2.2	reviewed	analyst_b	Update1 batch scan #6
UPD1-0292	10.1182/bld.upd1-0291	Carrasco	Leukemia	2021	Fig.5A	0.5007	DISTINCT	ImageTwin_v2.2	confirmed	analyst_c	Update1 batch scan #6
UPD1-0293	10.1182/bld.upd1-0292	Carrasco	Blood	2020	Fig.2A	0.5718	DISTINCT	ImageTwin_v2.2	confirmed	analyst_a	Update1 batch scan #6
UPD1-0294	10.1182/bld.upd1-0293	Glimcher	Nature Medicine	2017	Fig.4B	0.5627	DISTINCT	ImageTwin_v2.2	reviewed	analyst_c	Update1 batch scan #6
UPD1-0295	10.1182/bld.upd1-0294	Hahn	Leukemia	2023	Fig.7A	0.4734	DISTINCT	ImageTwin_v2.2	confirmed	analyst_b	Update1 batch scan #6
UPD1-0296	10.1182/bld.upd1-0295	Carrasco	Nature Medicine	2016	Fig.7A	0.9967	DUPLICATE	ImageTwin_v2.2	disputed	analyst_a	Update1 batch scan #6
UPD1-0297	10.1182/bld.upd1-0296	Hahn	Cancer Cell	1997	Fig.1A	0.5287	DISTINCT	ImageTwin_v2.2	reviewed	analyst_a	Update1 batch scan #6
UPD1-0298	10.1182/bld.upd1-0297	Hahn	Leukemia	1996	Fig.8A	0.5493	DISTINCT	ImageTwin_v2.2	disputed	analyst_a	Update1 batch scan #6
UPD1-0299	10.1182/bld.upd1-0298	Glimcher	Leukemia	2006	Fig.7B	0.497	DISTINCT	ImageTwin_v2.2	disputed	analyst_a	Update1 batch scan #6
UPD1-0300	10.1182/bld.upd1-0299	Anderson	Science	2000	Fig.4C	0.8937	SIMILAR	ImageTwin_v2.2	disputed	analyst_a	Update1 batch scan #6
UPD1-0301	10.1182/bld.upd1-0300	Ghobrial	Science	2000	Fig.1C	0.4792	DISTINCT	ImageTwin_v2.2	pending	analyst_a	Update1 batch scan #7
UPD1-0302	10.1182/bld.upd1-0301	Hahn	Cancer Cell	2008	Fig.7B	0.5509	DISTINCT	ImageTwin_v2.2	pending	analyst_b	Update1 batch scan #7
UPD1-0303	10.1182/bld.upd1-0302	Hahn	Nature Medicine	2009	Fig.7A	0.9106	SIMILAR	ImageTwin_v2.2	pending	analyst_b	Update1 batch scan #7
UPD1-0304	10.1182/bld.upd1-0303	Glimcher	Cancer Cell	2014	Fig.6A	0.66	DISTINCT	ImageTwin_v2.2	reviewed	analyst_a	Update1 batch scan #7
UPD1-0305	10.1182/bld.upd1-0304	Ghobrial	Science	2020	Fig.8A	0.8918	SIMILAR	ImageTwin_v2.2	reviewed	analyst_c	Update1 batch scan #7
UPD1-0306	10.1182/bld.upd1-0305	Anderson	Leukemia	2020	Fig.5A	0.5218	DISTINCT	ImageTwin_v2.2	reviewed	analyst_c	Update1 batch scan #7
UPD1-0307	10.1182/bld.upd1-0306	Anderson	Blood	2022	Fig.2C	0.6879	DISTINCT	ImageTwin_v2.2	confirmed	analyst_b	Update1 batch scan #7
UPD1-0308	10.1182/bld.upd1-0307	Hahn	Leukemia	2008	Fig.8B	0.5198	DISTINCT	ImageTwin_v2.2	reviewed	analyst_a	Update1 batch scan #7
UPD1-0309	10.1182/bld.upd1-0308	Carrasco	Nature Medicine	1995	Fig.2C	0.7641	DISTINCT	ImageTwin_v2.2	pending	analyst_a	Update1 batch scan #7
UPD1-0310	10.1182/bld.upd1-0309	Ghobrial	Nature Medicine	2013	Fig.8B	0.5912	DISTINCT	ImageTwin_v2.2	disputed	analyst_a	Update1 batch scan #7
UPD1-0311	10.1182/bld.upd1-0310	Carrasco	Science	2007	Fig.4B	0.9341	SIMILAR	ImageTwin_v2.2	disputed	analyst_c	Update1 batch scan #7
UPD1-0312	10.1182/bld.upd1-0311	Ghobrial	Blood	2020	Fig.4C	0.6213	DISTINCT	ImageTwin_v2.2	pending	analyst_a	Update1 batch scan #7
UPD1-0313	10.1182/bld.upd1-0312	Anderson	Nature Medicine	2010	Fig.1C	0.7703	DISTINCT	ImageTwin_v2.2	confirmed	analyst_c	Update1 batch scan #7
UPD1-0314	10.1182/bld.upd1-0313	Carrasco	Cancer Cell	2008	Fig.2C	0.8247	SIMILAR	ImageTwin_v2.2	pending	analyst_a	Update1 batch scan #7
UPD1-0315	10.1182/bld.upd1-0314	Glimcher	Blood	2011	Fig.7A	0.9233	SIMILAR	ImageTwin_v2.2	confirmed	analyst_a	Update1 batch scan #7
UPD1-0316	10.1182/bld.upd1-0315	Ghobrial	Leukemia	1998	Fig.4B	0.6077	DISTINCT	ImageTwin_v2.2	disputed	analyst_b	Update1 batch scan #7
UPD1-0317	10.1182/bld.upd1-0316	Hahn	Cancer Cell	2021	Fig.6B	0.6994	DISTINCT	ImageTwin_v2.2	disputed	analyst_c	Update1 batch scan #7
UPD1-0318	10.1182/bld.upd1-0317	Anderson	Leukemia	2018	Fig.2C	0.545	DISTINCT	ImageTwin_v2.2	disputed	analyst_a	Update1 batch scan #7
UPD1-0319	10.1182/bld.upd1-0318	Anderson	Nature Medicine	2019	Fig.4A	0.5131	DISTINCT	ImageTwin_v2.2	confirmed	analyst_a	Update1 batch scan #7
UPD1-0320	10.1182/bld.upd1-0319	Carrasco	Cancer Cell	2008	Fig.2A	0.8937	SIMILAR	ImageTwin_v2.2	confirmed	analyst_c	Update1 batch scan #7
UPD1-0321	10.1182/bld.upd1-0320	Ghobrial	Science	2018	Fig.8C	0.8415	SIMILAR	ImageTwin_v2.2	pending	analyst_b	Update1 batch scan #7
UPD1-0322	10.1182/bld.upd1-0321	Hahn	Leukemia	2016	Fig.2A	0.5007	DISTINCT	ImageTwin_v2.2	disputed	analyst_a	Update1 batch scan #7
UPD1-0323	10.1182/bld.upd1-0322	Anderson	Science	2010	Fig.6B	0.9377	SIMILAR	ImageTwin_v2.2	confirmed	analyst_b	Update1 batch scan #7
UPD1-0324	10.1182/bld.upd1-0323	Ghobrial	Blood	2008	Fig.2A	0.7309	DISTINCT	ImageTwin_v2.2	pending	analyst_b	Update1 batch scan #7
UPD1-0325	10.1182/bld.upd1-0324	Carrasco	Blood	2002	Fig.8A	0.5657	DISTINCT	ImageTwin_v2.2	confirmed	analyst_a	Update1 batch scan #7
UPD1-0326	10.1182/bld.upd1-0325	Hahn	Cancer Cell	2006	Fig.8B	0.8725	SIMILAR	ImageTwin_v2.2	confirmed	analyst_c	Update1 batch scan #7
UPD1-0327	10.1182/bld.upd1-0326	Glimcher	Nature Medicine	2005	Fig.5B	0.8129	SIMILAR	ImageTwin_v2.2	reviewed	analyst_a	Update1 batch scan #7
UPD1-0328	10.1182/bld.upd1-0327	Ghobrial	Blood	2006	Fig.2B	0.8456	SIMILAR	ImageTwin_v2.2	reviewed	analyst_c	Update1 batch scan #7
UPD1-0329	10.1182/bld.upd1-0328	Anderson	Leukemia	2010	Fig.1C	0.7907	DISTINCT	ImageTwin_v2.2	pending	analyst_b	Update1 batch scan #7
UPD1-0330	10.1182/bld.upd1-0329	Hahn	Blood	2012	Fig.2A	0.5407	DISTINCT	ImageTwin_v2.2	pending	analyst_a	Update1 batch scan #7
UPD1-0331	10.1182/bld.upd1-0330	Ghobrial	Blood	2007	Fig.4B	0.7042	DISTINCT	ImageTwin_v2.2	pending	analyst_c	Update1 batch scan #7
UPD1-0332	10.1182/bld.upd1-0331	Anderson	Blood	2002	Fig.3C	0.8525	SIMILAR	ImageTwin_v2.2	reviewed	analyst_c	Update1 batch scan #7
UPD1-0333	10.1182/bld.upd1-0332	Ghobrial	Science	2020	Fig.4C	0.9155	SIMILAR	ImageTwin_v2.2	disputed	analyst_b	Update1 batch scan #7
UPD1-0334	10.1182/bld.upd1-0333	Anderson	Leukemia	2014	Fig.3C	0.7168	DISTINCT	ImageTwin_v2.2	disputed	analyst_a	Update1 batch scan #7
UPD1-0335	10.1182/bld.upd1-0334	Hahn	Nature Medicine	2009	Fig.1B	0.7505	DISTINCT	ImageTwin_v2.2	reviewed	analyst_b	Update1 batch scan #7
UPD1-0336	10.1182/bld.upd1-0335	Glimcher	Blood	2010	Fig.1C	0.9634	DUPLICATE	ImageTwin_v2.2	confirmed	analyst_b	Update1 batch scan #7
UPD1-0337	10.1182/bld.upd1-0336	Glimcher	Nature Medicine	2022	Fig.5A	0.6731	DISTINCT	ImageTwin_v2.2	pending	analyst_c	Update1 batch scan #7
UPD1-0338	10.1182/bld.upd1-0337	Anderson	Cancer Cell	2019	Fig.1B	0.9317	SIMILAR	ImageTwin_v2.2	pending	analyst_a	Update1 batch scan #7
UPD1-0339	10.1182/bld.upd1-0338	Ghobrial	Cancer Cell	2014	Fig.5B	0.725	DISTINCT	ImageTwin_v2.2	disputed	analyst_c	Update1 batch scan #7
UPD1-0340	10.1182/bld.upd1-0339	Anderson	Leukemia	2016	Fig.7C	0.7371	DISTINCT	ImageTwin_v2.2	confirmed	analyst_b	Update1 batch scan #7
UPD1-0341	10.1182/bld.upd1-0340	Carrasco	Science	1998	Fig.8B	0.6237	DISTINCT	ImageTwin_v2.2	confirmed	analyst_a	Update1 batch scan #7
UPD1-0342	10.1182/bld.upd1-0341	Glimcher	Blood	2015	Fig.6A	0.9792	DUPLICATE	ImageTwin_v2.2	confirmed	analyst_a	Update1 batch scan #7
UPD1-0343	10.1182/bld.upd1-0342	Hahn	Leukemia	2023	Fig.6C	0.7539	DISTINCT	ImageTwin_v2.2	pending	analyst_c	Update1 batch scan #7
UPD1-0344	10.1182/bld.upd1-0343	Hahn	Nature Medicine	2022	Fig.7A	0.9038	SIMILAR	ImageTwin_v2.2	disputed	analyst_c	Update1 batch scan #7
UPD1-0345	10.1182/bld.upd1-0344	Glimcher	Blood	2002	Fig.4A	0.4755	DISTINCT	ImageTwin_v2.2	reviewed	analyst_a	Update1 batch scan #7
UPD1-0346	10.1182/bld.upd1-0345	Glimcher	Nature Medicine	2002	Fig.1C	0.9058	SIMILAR	ImageTwin_v2.2	confirmed	analyst_a	Update1 batch scan #7
UPD1-0347	10.1182/bld.upd1-0346	Hahn	Cancer Cell	2012	Fig.5C	0.5568	DISTINCT	ImageTwin_v2.2	disputed	analyst_c	Update1 batch scan #7
UPD1-0348	10.1182/bld.upd1-0347	Anderson	Blood	2004	Fig.4B	0.994	DUPLICATE	ImageTwin_v2.2	disputed	analyst_b	Update1 batch scan #7
UPD1-0349	10.1182/bld.upd1-0348	Hahn	Blood	2010	Fig.2C	0.8357	SIMILAR	ImageTwin_v2.2	pending	analyst_c	Update1 batch scan #7
UPD1-0350	10.1182/bld.upd1-0349	Ghobrial	Blood	2001	Fig.4B	0.4788	DISTINCT	ImageTwin_v2.2	reviewed	analyst_c	Update1 batch scan #7
UPD1-0351	10.1182/bld.upd1-0350	Hahn	Science	2013	Fig.4B	0.652	DISTINCT	ImageTwin_v2.2	confirmed	analyst_b	Update1 batch scan #8
UPD1-0352	10.1182/bld.upd1-0351	Carrasco	Leukemia	2018	Fig.2B	0.4841	DISTINCT	ImageTwin_v2.2	reviewed	analyst_b	Update1 batch scan #8
UPD1-0353	10.1182/bld.upd1-0352	Glimcher	Nature Medicine	2003	Fig.7A	0.8283	SIMILAR	ImageTwin_v2.2	confirmed	analyst_a	Update1 batch scan #8
UPD1-0354	10.1182/bld.upd1-0353	Ghobrial	Leukemia	2018	Fig.3B	0.4664	DISTINCT	ImageTwin_v2.2	disputed	analyst_c	Update1 batch scan #8
UPD1-0355	10.1182/bld.upd1-0354	Carrasco	Cancer Cell	2014	Fig.2B	0.997	DUPLICATE	ImageTwin_v2.2	reviewed	analyst_b	Update1 batch scan #8
UPD1-0356	10.1182/bld.upd1-0355	Hahn	Cancer Cell	2020	Fig.5A	0.8907	SIMILAR	ImageTwin_v2.2	reviewed	analyst_a	Update1 batch scan #8
UPD1-0357	10.1182/bld.upd1-0356	Anderson	Leukemia	2011	Fig.8C	0.7025	DISTINCT	ImageTwin_v2.2	pending	analyst_a	Update1 batch scan #8
UPD1-0358	10.1182/bld.upd1-0357	Ghobrial	Science	1997	Fig.3B	0.6363	DISTINCT	ImageTwin_v2.2	confirmed	analyst_c	Update1 batch scan #8
UPD1-0359	10.1182/bld.upd1-0358	Carrasco	Cancer Cell	2001	Fig.6B	0.4815	DISTINCT	ImageTwin_v2.2	disputed	analyst_b	Update1 batch scan #8
UPD1-0360	10.1182/bld.upd1-0359	Glimcher	Nature Medicine	2003	Fig.2A	0.806	SIMILAR	ImageTwin_v2.2	disputed	analyst_a	Update1 batch scan #8
UPD1-0361	10.1182/bld.upd1-0360	Carrasco	Science	1996	Fig.5A	0.7441	DISTINCT	ImageTwin_v2.2	pending	analyst_a	Update1 batch scan #8
UPD1-0362	10.1182/bld.upd1-0361	Carrasco	Blood	2016	Fig.7A	0.5211	DISTINCT	ImageTwin_v2.2	confirmed	analyst_b	Update1 batch scan #8
UPD1-0363	10.1182/bld.upd1-0362	Glimcher	Blood	2008	Fig.2A	0.8085	SIMILAR	ImageTwin_v2.2	pending	analyst_b	Update1 batch scan #8
UPD1-0364	10.1182/bld.upd1-0363	Anderson	Nature Medicine	1995	Fig.2B	0.6785	DISTINCT	ImageTwin_v2.2	reviewed	analyst_a	Update1 batch scan #8
UPD1-0365	10.1182/bld.upd1-0364	Ghobrial	Blood	2001	Fig.2C	0.8588	SIMILAR	ImageTwin_v2.2	disputed	analyst_b	Update1 batch scan #8
UPD1-0366	10.1182/bld.upd1-0365	Carrasco	Leukemia	2016	Fig.4A	0.9457	SIMILAR	ImageTwin_v2.2	confirmed	analyst_c	Update1 batch scan #8
UPD1-0367	10.1182/bld.upd1-0366	Hahn	Nature Medicine	2017	Fig.5A	0.996	DUPLICATE	ImageTwin_v2.2	pending	analyst_b	Update1 batch scan #8
UPD1-0368	10.1182/bld.upd1-0367	Ghobrial	Cancer Cell	2002	Fig.4A	0.8383	SIMILAR	ImageTwin_v2.2	pending	analyst_a	Update1 batch scan #8
UPD1-0369	10.1182/bld.upd1-0368	Carrasco	Leukemia	2011	Fig.8C	0.5836	DISTINCT	ImageTwin_v2.2	reviewed	analyst_a	Update1 batch scan #8
UPD1-0370	10.1182/bld.upd1-0369	Hahn	Cancer Cell	2005	Fig.6B	0.5592	DISTINCT	ImageTwin_v2.2	disputed	analyst_b	Update1 batch scan #8
UPD1-0371	10.1182/bld.upd1-0370	Anderson	Leukemia	1996	Fig.7C	0.7736	DISTINCT	ImageTwin_v2.2	disputed	analyst_a	Update1 batch scan #8
UPD1-0372	10.1182/bld.upd1-0371	Glimcher	Cancer Cell	2008	Fig.5A	0.5512	DISTINCT	ImageTwin_v2.2	disputed	analyst_c	Update1 batch scan #8
UPD1-0373	10.1182/bld.upd1-0372	Glimcher	Science	2012	Fig.7C	0.7892	DISTINCT	ImageTwin_v2.2	confirmed	analyst_a	Update1 batch scan #8
UPD1-0374	10.1182/bld.upd1-0373	Anderson	Leukemia	2010	Fig.1A	0.6498	DISTINCT	ImageTwin_v2.2	reviewed	analyst_a	Update1 batch scan #8
UPD1-0375	10.1182/bld.upd1-0374	Ghobrial	Science	2016	Fig.4B	0.7116	DISTINCT	ImageTwin_v2.2	disputed	analyst_c	Update1 batch scan #8
UPD1-0376	10.1182/bld.upd1-0375	Anderson	Cancer Cell	2006	Fig.4C	0.4662	DISTINCT	ImageTwin_v2.2	pending	analyst_c	Update1 batch scan #8
UPD1-0377	10.1182/bld.upd1-0376	Glimcher	Science	1998	Fig.2A	0.8839	SIMILAR	ImageTwin_v2.2	disputed	analyst_a	Update1 batch scan #8
UPD1-0378	10.1182/bld.upd1-0377	Ghobrial	Cancer Cell	2007	Fig.7A	0.5282	DISTINCT	ImageTwin_v2.2	confirmed	analyst_a	Update1 batch scan #8
UPD1-0379	10.1182/bld.upd1-0378	Glimcher	Nature Medicine	2023	Fig.2B	0.9071	SIMILAR	ImageTwin_v2.2	confirmed	analyst_b	Update1 batch scan #8
UPD1-0380	10.1182/bld.upd1-0379	Glimcher	Cancer Cell	1997	Fig.8B	0.6341	DISTINCT	ImageTwin_v2.2	confirmed	analyst_a	Update1 batch scan #8
UPD1-0381	10.1182/bld.upd1-0380	Glimcher	Science	1999	Fig.2C	0.5608	DISTINCT	ImageTwin_v2.2	reviewed	analyst_a	Update1 batch scan #8
UPD1-0382	10.1182/bld.upd1-0381	Hahn	Blood	2020	Fig.7A	0.5745	DISTINCT	ImageTwin_v2.2	reviewed	analyst_b	Update1 batch scan #8
UPD1-0383	10.1182/bld.upd1-0382	Carrasco	Leukemia	2015	Fig.7B	0.5191	DISTINCT	ImageTwin_v2.2	pending	analyst_a	Update1 batch scan #8
UPD1-0384	10.1182/bld.upd1-0383	Anderson	Blood	2007	Fig.3C	0.5987	DISTINCT	ImageTwin_v2.2	reviewed	analyst_c	Update1 batch scan #8
UPD1-0385	10.1182/bld.upd1-0384	Glimcher	Blood	2007	Fig.8C	0.495	DISTINCT	ImageTwin_v2.2	pending	analyst_a	Update1 batch scan #8
UPD1-0386	10.1182/bld.upd1-0385	Ghobrial	Science	2008	Fig.2A	0.5318	DISTINCT	ImageTwin_v2.2	pending	analyst_a	Update1 batch scan #8
UPD1-0387	10.1182/bld.upd1-0386	Carrasco	Leukemia	1999	Fig.6B	0.7695	DISTINCT	ImageTwin_v2.2	disputed	analyst_b	Update1 batch scan #8
UPD1-0388	10.1182/bld.upd1-0387	Glimcher	Cancer Cell	1998	Fig.3A	0.4708	DISTINCT	ImageTwin_v2.2	reviewed	analyst_c	Update1 batch scan #8
UPD1-0389	10.1182/bld.upd1-0388	Carrasco	Blood	2022	Fig.6B	0.5815	DISTINCT	ImageTwin_v2.2	disputed	analyst_c	Update1 batch scan #8
UPD1-0390	10.1182/bld.upd1-0389	Carrasco	Cancer Cell	2002	Fig.4A	0.8516	SIMILAR	ImageTwin_v2.2	reviewed	analyst_c	Update1 batch scan #8
UPD1-0391	10.1182/bld.upd1-0390	Carrasco	Science	2001	Fig.5B	0.8611	SIMILAR	ImageTwin_v2.2	pending	analyst_b	Update1 batch scan #8
UPD1-0392	10.1182/bld.upd1-0391	Hahn	Science	2012	Fig.7A	0.9349	SIMILAR	ImageTwin_v2.2	confirmed	analyst_b	Update1 batch scan #8
UPD1-0393	10.1182/bld.upd1-0392	Carrasco	Science	2010	Fig.2B	0.8373	SIMILAR	ImageTwin_v2.2	reviewed	analyst_b	Update1 batch scan #8
UPD1-0394	10.1182/bld.upd1-0393	Ghobrial	Cancer Cell	2001	Fig.5A	0.8583	SIMILAR	ImageTwin_v2.2	disputed	analyst_a	Update1 batch scan #8
UPD1-0395	10.1182/bld.upd1-0394	Hahn	Nature Medicine	2013	Fig.1A	0.5893	DISTINCT	ImageTwin_v2.2	confirmed	analyst_b	Update1 batch scan #8
UPD1-0396	10.1182/bld.upd1-0395	Carrasco	Nature Medicine	2016	Fig.3B	0.7214	DISTINCT	ImageTwin_v2.2	confirmed	analyst_c	Update1 batch scan #8
UPD1-0397	10.1182/bld.upd1-0396	Glimcher	Leukemia	2023	Fig.8A	0.8339	SIMILAR	ImageTwin_v2.2	pending	analyst_b	Update1 batch scan #8
UPD1-0398	10.1182/bld.upd1-0397	Hahn	Science	2010	Fig.6B	0.5949	DISTINCT	ImageTwin_v2.2	reviewed	analyst_b	Update1 batch scan #8
UPD1-0399	10.1182/bld.upd1-0398	Carrasco	Leukemia	2002	Fig.6A	0.5949	DISTINCT	ImageTwin_v2.2	confirmed	analyst_a	Update1 batch scan #8
UPD1-0400	10.1182/bld.upd1-0399	Glimcher	Science	2002	Fig.4A	0.8177	SIMILAR	ImageTwin_v2.2	reviewed	analyst_c	Update1 batch scan #8
UPD1-0401	10.1182/bld.upd1-0400	Glimcher	Cancer Cell	2004	Fig.7A	0.4606	DISTINCT	ImageTwin_v2.2	reviewed	analyst_b	Update1 batch scan #9
UPD1-0402	10.1182/bld.upd1-0401	Anderson	Cancer Cell	2000	Fig.7A	0.7939	DISTINCT	ImageTwin_v2.2	reviewed	analyst_b	Update1 batch scan #9
UPD1-0403	10.1182/bld.upd1-0402	Hahn	Nature Medicine	1998	Fig.7C	0.8586	SIMILAR	ImageTwin_v2.2	disputed	analyst_a	Update1 batch scan #9
UPD1-0404	10.1182/bld.upd1-0403	Carrasco	Blood	2011	Fig.6B	0.7917	DISTINCT	ImageTwin_v2.2	confirmed	analyst_c	Update1 batch scan #9
UPD1-0405	10.1182/bld.upd1-0404	Hahn	Science	2013	Fig.5C	0.9611	DUPLICATE	ImageTwin_v2.2	confirmed	analyst_b	Update1 batch scan #9
UPD1-0406	10.1182/bld.upd1-0405	Hahn	Science	2017	Fig.2C	0.9657	DUPLICATE	ImageTwin_v2.2	disputed	analyst_a	Update1 batch scan #9
UPD1-0407	10.1182/bld.upd1-0406	Carrasco	Cancer Cell	2005	Fig.3C	0.9166	SIMILAR	ImageTwin_v2.2	confirmed	analyst_b	Update1 batch scan #9
UPD1-0408	10.1182/bld.upd1-0407	Hahn	Leukemia	2001	Fig.8C	0.4671	DISTINCT	ImageTwin_v2.2	reviewed	analyst_b	Update1 batch scan #9
UPD1-0409	10.1182/bld.upd1-0408	Carrasco	Science	1996	Fig.4B	0.7755	DISTINCT	ImageTwin_v2.2	pending	analyst_a	Update1 batch scan #9
UPD1-0410	10.1182/bld.upd1-0409	Ghobrial	Nature Medicine	2003	Fig.7C	0.9558	DUPLICATE	ImageTwin_v2.2	pending	analyst_a	Update1 batch scan #9
UPD1-0411	10.1182/bld.upd1-0410	Carrasco	Leukemia	2001	Fig.6C	0.8976	SIMILAR	ImageTwin_v2.2	reviewed	analyst_a	Update1 batch scan #9
UPD1-0412	10.1182/bld.upd1-0411	Carrasco	Cancer Cell	1995	Fig.3A	0.6357	DISTINCT	ImageTwin_v2.2	disputed	analyst_c	Update1 batch scan #9
UPD1-0413	10.1182/bld.upd1-0412	Hahn	Cancer Cell	2016	Fig.5A	0.6085	DISTINCT	ImageTwin_v2.2	pending	analyst_c	Update1 batch scan #9
UPD1-0414	10.1182/bld.upd1-0413	Glimcher	Science	2010	Fig.6C	0.9804	DUPLICATE	ImageTwin_v2.2	pending	analyst_a	Update1 batch scan #9
UPD1-0415	10.1182/bld.upd1-0414	Hahn	Blood	2004	Fig.1C	0.5412	DISTINCT	ImageTwin_v2.2	confirmed	analyst_b	Update1 batch scan #9
UPD1-0416	10.1182/bld.upd1-0415	Anderson	Nature Medicine	2002	Fig.4A	0.8687	SIMILAR	ImageTwin_v2.2	disputed	analyst_b	Update1 batch scan #9
UPD1-0417	10.1182/bld.upd1-0416	Anderson	Leukemia	2005	Fig.6A	0.5329	DISTINCT	ImageTwin_v2.2	disputed	analyst_c	Update1 batch scan #9
UPD1-0418	10.1182/bld.upd1-0417	Anderson	Blood	2004	Fig.1A	0.6101	DISTINCT	ImageTwin_v2.2	reviewed	analyst_a	Update1 batch scan #9
UPD1-0419	10.1182/bld.upd1-0418	Ghobrial	Science	2014	Fig.8C	0.6508	DISTINCT	ImageTwin_v2.2	confirmed	analyst_c	Update1 batch scan #9
UPD1-0420	10.1182/bld.upd1-0419	Carrasco	Cancer Cell	2006	Fig.6A	0.6561	DISTINCT	ImageTwin_v2.2	confirmed	analyst_c	Update1 batch scan #9
UPD1-0421	10.1182/bld.upd1-0420	Carrasco	Science	1997	Fig.2C	0.9902	DUPLICATE	ImageTwin_v2.2	confirmed	analyst_c	Update1 batch scan #9
UPD1-0422	10.1182/bld.upd1-0421	Ghobrial	Cancer Cell	2010	Fig.6A	0.691	DISTINCT	ImageTwin_v2.2	reviewed	analyst_c	Update1 batch scan #9
UPD1-0423	10.1182/bld.upd1-0422	Hahn	Science	2015	Fig.8A	0.931	SIMILAR	ImageTwin_v2.2	pending	analyst_b	Update1 batch scan #9
UPD1-0424	10.1182/bld.upd1-0423	Carrasco	Nature Medicine	2009	Fig.8B	0.6056	DISTINCT	ImageTwin_v2.2	pending	analyst_c	Update1 batch scan #9
UPD1-0425	10.1182/bld.upd1-0424	Anderson	Leukemia	2013	Fig.7A	0.5571	DISTINCT	ImageTwin_v2.2	reviewed	analyst_c	Update1 batch scan #9
UPD1-0426	10.1182/bld.upd1-0425	Hahn	Science	1998	Fig.8A	0.7075	DISTINCT	ImageTwin_v2.2	confirmed	analyst_b	Update1 batch scan #9
UPD1-0427	10.1182/bld.upd1-0426	Carrasco	Nature Medicine	2022	Fig.6B	0.801	SIMILAR	ImageTwin_v2.2	reviewed	analyst_a	Update1 batch scan #9
UPD1-0428	10.1182/bld.upd1-0427	Anderson	Cancer Cell	2021	Fig.4A	0.802	SIMILAR	ImageTwin_v2.2	disputed	analyst_a	Update1 batch scan #9
UPD1-0429	10.1182/bld.upd1-0428	Ghobrial	Cancer Cell	1999	Fig.7A	0.8326	SIMILAR	ImageTwin_v2.2	reviewed	analyst_c	Update1 batch scan #9
UPD1-0430	10.1182/bld.upd1-0429	Ghobrial	Science	1998	Fig.5B	0.9828	DUPLICATE	ImageTwin_v2.2	confirmed	analyst_b	Update1 batch scan #9
UPD1-0431	10.1182/bld.upd1-0430	Carrasco	Leukemia	2013	Fig.5C	0.973	DUPLICATE	ImageTwin_v2.2	reviewed	analyst_b	Update1 batch scan #9
UPD1-0432	10.1182/bld.upd1-0431	Ghobrial	Science	2000	Fig.7C	0.954	DUPLICATE	ImageTwin_v2.2	reviewed	analyst_b	Update1 batch scan #9
UPD1-0433	10.1182/bld.upd1-0432	Glimcher	Leukemia	2014	Fig.1A	0.5555	DISTINCT	ImageTwin_v2.2	reviewed	analyst_a	Update1 batch scan #9
UPD1-0434	10.1182/bld.upd1-0433	Hahn	Nature Medicine	2008	Fig.4B	0.9091	SIMILAR	ImageTwin_v2.2	pending	analyst_a	Update1 batch scan #9
UPD1-0435	10.1182/bld.upd1-0434	Anderson	Nature Medicine	2021	Fig.8A	0.7566	DISTINCT	ImageTwin_v2.2	reviewed	analyst_c	Update1 batch scan #9
UPD1-0436	10.1182/bld.upd1-0435	Carrasco	Leukemia	2008	Fig.2A	0.8171	SIMILAR	ImageTwin_v2.2	disputed	analyst_a	Update1 batch scan #9
UPD1-0437	10.1182/bld.upd1-0436	Carrasco	Science	1998	Fig.2B	0.7266	DISTINCT	ImageTwin_v2.2	reviewed	analyst_c	Update1 batch scan #9
UPD1-0438	10.1182/bld.upd1-0437	Anderson	Blood	2013	Fig.3A	0.7263	DISTINCT	ImageTwin_v2.2	confirmed	analyst_a	Update1 batch scan #9
UPD1-0439	10.1182/bld.upd1-0438	Ghobrial	Leukemia	2020	Fig.3A	0.9834	DUPLICATE	ImageTwin_v2.2	pending	analyst_c	Update1 batch scan #9
UPD1-0440	10.1182/bld.upd1-0439	Hahn	Leukemia	2010	Fig.7C	0.7782	DISTINCT	ImageTwin_v2.2	disputed	analyst_b	Update1 batch scan #9
UPD1-0441	10.1182/bld.upd1-0440	Hahn	Blood	2010	Fig.6A	0.9807	DUPLICATE	ImageTwin_v2.2	disputed	analyst_b	Update1 batch scan #9
UPD1-0442	10.1182/bld.upd1-0441	Carrasco	Blood	1998	Fig.5C	0.5294	DISTINCT	ImageTwin_v2.2	reviewed	analyst_a	Update1 batch scan #9
UPD1-0443	10.1182/bld.upd1-0442	Hahn	Nature Medicine	2013	Fig.8C	0.5274	DISTINCT	ImageTwin_v2.2	reviewed	analyst_b	Update1 batch scan #9
UPD1-0444	10.1182/bld.upd1-0443	Glimcher	Science	2014	Fig.6B	0.5677	DISTINCT	ImageTwin_v2.2	pending	analyst_a	Update1 batch scan #9
UPD1-0445	10.1182/bld.upd1-0444	Glimcher	Blood	2013	Fig.2B	0.7451	DISTINCT	ImageTwin_v2.2	disputed	analyst_a	Update1 batch scan #9
UPD1-0446	10.1182/bld.upd1-0445	Carrasco	Nature Medicine	2022	Fig.1C	0.9219	SIMILAR	ImageTwin_v2.2	confirmed	analyst_b	Update1 batch scan #9
UPD1-0447	10.1182/bld.upd1-0446	Glimcher	Nature Medicine	2023	Fig.1C	0.4894	DISTINCT	ImageTwin_v2.2	reviewed	analyst_a	Update1 batch scan #9
UPD1-0448	10.1182/bld.upd1-0447	Glimcher	Nature Medicine	2011	Fig.6A	0.8357	SIMILAR	ImageTwin_v2.2	disputed	analyst_c	Update1 batch scan #9
UPD1-0449	10.1182/bld.upd1-0448	Ghobrial	Science	2015	Fig.4B	0.6737	DISTINCT	ImageTwin_v2.2	pending	analyst_a	Update1 batch scan #9
UPD1-0450	10.1182/bld.upd1-0449	Anderson	Leukemia	1996	Fig.4C	0.916	SIMILAR	ImageTwin_v2.2	confirmed	analyst_a	Update1 batch scan #9
UPD1-0451	10.1182/bld.upd1-0450	Anderson	Blood	2018	Fig.3B	0.7968	DISTINCT	ImageTwin_v2.2	pending	analyst_b	Update1 batch scan #10
UPD1-0452	10.1182/bld.upd1-0451	Carrasco	Blood	2010	Fig.6B	0.5479	DISTINCT	ImageTwin_v2.2	disputed	analyst_c	Update1 batch scan #10
UPD1-0453	10.1182/bld.upd1-0452	Anderson	Nature Medicine	2018	Fig.7B	0.8699	SIMILAR	ImageTwin_v2.2	pending	analyst_c	Update1 batch scan #10
UPD1-0454	10.1182/bld.upd1-0453	Anderson	Blood	2011	Fig.2A	0.6606	DISTINCT	ImageTwin_v2.2	pending	analyst_b	Update1 batch scan #10
UPD1-0455	10.1182/bld.upd1-0454	Glimcher	Nature Medicine	2008	Fig.2C	0.6815	DISTINCT	ImageTwin_v2.2	pending	analyst_c	Update1 batch scan #10
UPD1-0456	10.1182/bld.upd1-0455	Glimcher	Leukemia	2008	Fig.1C	0.7041	DISTINCT	ImageTwin_v2.2	reviewed	analyst_c	Update1 batch scan #10
UPD1-0457	10.1182/bld.upd1-0456	Anderson	Blood	2001	Fig.5A	0.7627	DISTINCT	ImageTwin_v2.2	pending	analyst_c	Update1 batch scan #10
UPD1-0458	10.1182/bld.upd1-0457	Ghobrial	Blood	1999	Fig.6C	0.6652	DISTINCT	ImageTwin_v2.2	disputed	analyst_c	Update1 batch scan #10
UPD1-0459	10.1182/bld.upd1-0458	Ghobrial	Science	2021	Fig.3A	0.8634	SIMILAR	ImageTwin_v2.2	reviewed	analyst_b	Update1 batch scan #10
UPD1-0460	10.1182/bld.upd1-0459	Ghobrial	Nature Medicine	2020	Fig.6B	0.5349	DISTINCT	ImageTwin_v2.2	disputed	analyst_c	Update1 batch scan #10
UPD1-0461	10.1182/bld.upd1-0460	Hahn	Cancer Cell	2015	Fig.5B	0.9938	DUPLICATE	ImageTwin_v2.2	reviewed	analyst_b	Update1 batch scan #10
UPD1-0462	10.1182/bld.upd1-0461	Carrasco	Leukemia	2022	Fig.7C	0.8052	SIMILAR	ImageTwin_v2.2	reviewed	analyst_c	Update1 batch scan #10
UPD1-0463	10.1182/bld.upd1-0462	Ghobrial	Nature Medicine	2008	Fig.3B	0.8094	SIMILAR	ImageTwin_v2.2	confirmed	analyst_a	Update1 batch scan #10
UPD1-0464	10.1182/bld.upd1-0463	Glimcher	Nature Medicine	2023	Fig.6B	0.9084	SIMILAR	ImageTwin_v2.2	disputed	analyst_a	Update1 batch scan #10
UPD1-0465	10.1182/bld.upd1-0464	Anderson	Blood	1998	Fig.8A	0.922	SIMILAR	ImageTwin_v2.2	reviewed	analyst_b	Update1 batch scan #10
UPD1-0466	10.1182/bld.upd1-0465	Glimcher	Cancer Cell	2019	Fig.1A	0.4503	DISTINCT	ImageTwin_v2.2	confirmed	analyst_b	Update1 batch scan #10
UPD1-0467	10.1182/bld.upd1-0466	Hahn	Cancer Cell	2005	Fig.6C	0.9777	DUPLICATE	ImageTwin_v2.2	confirmed	analyst_c	Update1 batch scan #10
UPD1-0468	10.1182/bld.upd1-0467	Glimcher	Nature Medicine	2016	Fig.6A	0.8544	SIMILAR	ImageTwin_v2.2	confirmed	analyst_b	Update1 batch scan #10
UPD1-0469	10.1182/bld.upd1-0468	Ghobrial	Leukemia	2015	Fig.6B	0.9161	SIMILAR	ImageTwin_v2.2	disputed	analyst_b	Update1 batch scan #10
UPD1-0470	10.1182/bld.upd1-0469	Anderson	Blood	2002	Fig.2A	0.75	DISTINCT	ImageTwin_v2.2	reviewed	analyst_c	Update1 batch scan #10
UPD1-0471	10.1182/bld.upd1-0470	Glimcher	Nature Medicine	2006	Fig.8C	0.7599	DISTINCT	ImageTwin_v2.2	reviewed	analyst_c	Update1 batch scan #10
UPD1-0472	10.1182/bld.upd1-0471	Glimcher	Nature Medicine	2004	Fig.3C	0.728	DISTINCT	ImageTwin_v2.2	confirmed	analyst_b	Update1 batch scan #10
UPD1-0473	10.1182/bld.upd1-0472	Carrasco	Leukemia	2001	Fig.7A	0.4729	DISTINCT	ImageTwin_v2.2	disputed	analyst_a	Update1 batch scan #10
UPD1-0474	10.1182/bld.upd1-0473	Carrasco	Cancer Cell	2020	Fig.7C	0.4533	DISTINCT	ImageTwin_v2.2	disputed	analyst_b	Update1 batch scan #10
UPD1-0475	10.1182/bld.upd1-0474	Carrasco	Leukemia	2009	Fig.7B	0.7566	DISTINCT	ImageTwin_v2.2	disputed	analyst_a	Update1 batch scan #10
UPD1-0476	10.1182/bld.upd1-0475	Ghobrial	Nature Medicine	2005	Fig.6A	0.9149	SIMILAR	ImageTwin_v2.2	reviewed	analyst_b	Update1 batch scan #10
UPD1-0477	10.1182/bld.upd1-0476	Ghobrial	Blood	2005	Fig.3B	0.7974	DISTINCT	ImageTwin_v2.2	pending	analyst_b	Update1 batch scan #10
UPD1-0478	10.1182/bld.upd1-0477	Ghobrial	Cancer Cell	2021	Fig.2C	0.9955	DUPLICATE	ImageTwin_v2.2	pending	analyst_a	Update1 batch scan #10
UPD1-0479	10.1182/bld.upd1-0478	Carrasco	Nature Medicine	1995	Fig.2A	0.6234	DISTINCT	ImageTwin_v2.2	disputed	analyst_b	Update1 batch scan #10
UPD1-0480	10.1182/bld.upd1-0479	Hahn	Cancer Cell	2009	Fig.7B	0.7555	DISTINCT	ImageTwin_v2.2	confirmed	analyst_c	Update1 batch scan #10
UPD1-0481	10.1182/bld.upd1-0480	Ghobrial	Cancer Cell	2010	Fig.3B	0.7252	DISTINCT	ImageTwin_v2.2	pending	analyst_b	Update1 batch scan #10
UPD1-0482	10.1182/bld.upd1-0481	Carrasco	Cancer Cell	2017	Fig.4A	0.7694	DISTINCT	ImageTwin_v2.2	reviewed	analyst_b	Update1 batch scan #10
UPD1-0483	10.1182/bld.upd1-0482	Hahn	Cancer Cell	2012	Fig.8B	0.6454	DISTINCT	ImageTwin_v2.2	pending	analyst_b	Update1 batch scan #10
UPD1-0484	10.1182/bld.upd1-0483	Carrasco	Cancer Cell	2008	Fig.7A	0.8655	SIMILAR	ImageTwin_v2.2	reviewed	analyst_b	Update1 batch scan #10
UPD1-0485	10.1182/bld.upd1-0484	Ghobrial	Leukemia	2011	Fig.3C	0.7216	DISTINCT	ImageTwin_v2.2	reviewed	analyst_c	Update1 batch scan #10
UPD1-0486	10.1182/bld.upd1-0485	Ghobrial	Cancer Cell	1996	Fig.5B	0.5904	DISTINCT	ImageTwin_v2.2	reviewed	analyst_c	Update1 batch scan #10
UPD1-0487	10.1182/bld.upd1-0486	Hahn	Blood	2004	Fig.4A	0.4502	DISTINCT	ImageTwin_v2.2	confirmed	analyst_a	Update1 batch scan #10
UPD1-0488	10.1182/bld.upd1-0487	Carrasco	Science	2010	Fig.2C	0.9781	DUPLICATE	ImageTwin_v2.2	reviewed	analyst_c	Update1 batch scan #10
UPD1-0489	10.1182/bld.upd1-0488	Carrasco	Blood	1998	Fig.7A	0.716	DISTINCT	ImageTwin_v2.2	disputed	analyst_c	Update1 batch scan #10
UPD1-0490	10.1182/bld.upd1-0489	Hahn	Science	2006	Fig.5B	0.629	DISTINCT	ImageTwin_v2.2	reviewed	analyst_b	Update1 batch scan #10
UPD1-0491	10.1182/bld.upd1-0490	Carrasco	Cancer Cell	2002	Fig.6A	0.7725	DISTINCT	ImageTwin_v2.2	confirmed	analyst_c	Update1 batch scan #10
UPD1-0492	10.1182/bld.upd1-0491	Ghobrial	Leukemia	2014	Fig.7C	0.5294	DISTINCT	ImageTwin_v2.2	pending	analyst_a	Update1 batch scan #10
UPD1-0493	10.1182/bld.upd1-0492	Ghobrial	Blood	2017	Fig.7A	0.4919	DISTINCT	ImageTwin_v2.2	reviewed	analyst_b	Update1 batch scan #10
UPD1-0494	10.1182/bld.upd1-0493	Anderson	Science	1997	Fig.7C	0.9245	SIMILAR	ImageTwin_v2.2	reviewed	analyst_a	Update1 batch scan #10
UPD1-0495	10.1182/bld.upd1-0494	Anderson	Cancer Cell	2000	Fig.5B	0.747	DISTINCT	ImageTwin_v2.2	disputed	analyst_c	Update1 batch scan #10
UPD1-0496	10.1182/bld.upd1-0495	Anderson	Science	1996	Fig.8B	0.8269	SIMILAR	ImageTwin_v2.2	pending	analyst_b	Update1 batch scan #10
UPD1-0497	10.1182/bld.upd1-0496	Hahn	Leukemia	2013	Fig.1C	0.7264	DISTINCT	ImageTwin_v2.2	pending	analyst_b	Update1 batch scan #10
UPD1-0498	10.1182/bld.upd1-0497	Anderson	Blood	1995	Fig.3A	0.901	SIMILAR	ImageTwin_v2.2	disputed	analyst_c	Update1 batch scan #10
UPD1-0499	10.1182/bld.upd1-0498	Hahn	Nature Medicine	2000	Fig.1B	0.6451	DISTINCT	ImageTwin_v2.2	reviewed	analyst_a	Update1 batch scan #10
UPD1-0500	10.1182/bld.upd1-0499	Ghobrial	Nature Medicine	2001	Fig.6A	0.7158	DISTINCT	ImageTwin_v2.2	reviewed	analyst_b	Update1 batch scan #10
UPD1-0501	10.1182/bld.upd1-0500	Anderson	Nature Medicine	2022	Fig.4A	0.5124	DISTINCT	ImageTwin_v2.2	reviewed	analyst_c	Update1 batch scan #11
UPD1-0502	10.1182/bld.upd1-0501	Carrasco	Science	1998	Fig.7A	0.4762	DISTINCT	ImageTwin_v2.2	confirmed	analyst_a	Update1 batch scan #11
UPD1-0503	10.1182/bld.upd1-0502	Anderson	Nature Medicine	2000	Fig.8C	0.7546	DISTINCT	ImageTwin_v2.2	reviewed	analyst_b	Update1 batch scan #11
UPD1-0504	10.1182/bld.upd1-0503	Hahn	Science	2012	Fig.5A	0.5971	DISTINCT	ImageTwin_v2.2	disputed	analyst_b	Update1 batch scan #11
UPD1-0505	10.1182/bld.upd1-0504	Anderson	Leukemia	1999	Fig.3C	0.8948	SIMILAR	ImageTwin_v2.2	confirmed	analyst_a	Update1 batch scan #11
UPD1-0506	10.1182/bld.upd1-0505	Ghobrial	Science	2008	Fig.4C	0.8201	SIMILAR	ImageTwin_v2.2	disputed	analyst_c	Update1 batch scan #11
UPD1-0507	10.1182/bld.upd1-0506	Hahn	Nature Medicine	2018	Fig.2C	0.9271	SIMILAR	ImageTwin_v2.2	confirmed	analyst_a	Update1 batch scan #11
UPD1-0508	10.1182/bld.upd1-0507	Ghobrial	Blood	2020	Fig.7B	0.4534	DISTINCT	ImageTwin_v2.2	confirmed	analyst_a	Update1 batch scan #11
UPD1-0509	10.1182/bld.upd1-0508	Ghobrial	Nature Medicine	2009	Fig.3C	0.5199	DISTINCT	ImageTwin_v2.2	pending	analyst_a	Update1 batch scan #11
UPD1-0510	10.1182/bld.upd1-0509	Anderson	Science	2017	Fig.5A	0.7745	DISTINCT	ImageTwin_v2.2	confirmed	analyst_a	Update1 batch scan #11
UPD1-0511	10.1182/bld.upd1-0510	Anderson	Nature Medicine	2002	Fig.5C	0.788	DISTINCT	ImageTwin_v2.2	confirmed	analyst_a	Update1 batch scan #11
UPD1-0512	10.1182/bld.upd1-0511	Anderson	Nature Medicine	2003	Fig.1C	0.7605	DISTINCT	ImageTwin_v2.2	pending	analyst_b	Update1 batch scan #11
UPD1-0513	10.1182/bld.upd1-0512	Carrasco	Cancer Cell	2014	Fig.3A	0.8057	SIMILAR	ImageTwin_v2.2	disputed	analyst_a	Update1 batch scan #11
UPD1-0514	10.1182/bld.upd1-0513	Carrasco	Leukemia	2007	Fig.7A	0.8607	SIMILAR	ImageTwin_v2.2	disputed	analyst_b	Update1 batch scan #11
UPD1-0515	10.1182/bld.upd1-0514	Anderson	Blood	2010	Fig.3A	0.7356	DISTINCT	ImageTwin_v2.2	confirmed	analyst_a	Update1 batch scan #11
UPD1-0516	10.1182/bld.upd1-0515	Carrasco	Nature Medicine	1997	Fig.3C	0.9204	SIMILAR	ImageTwin_v2.2	confirmed	analyst_b	Update1 batch scan #11
UPD1-0517	10.1182/bld.upd1-0516	Anderson	Science	2014	Fig.8B	0.6532	DISTINCT	ImageTwin_v2.2	confirmed	analyst_b	Update1 batch scan #11
UPD1-0518	10.1182/bld.upd1-0517	Glimcher	Nature Medicine	2003	Fig.3A	0.8563	SIMILAR	ImageTwin_v2.2	confirmed	analyst_b	Update1 batch scan #11
UPD1-0519	10.1182/bld.upd1-0518	Hahn	Cancer Cell	2007	Fig.1C	0.7712	DISTINCT	ImageTwin_v2.2	disputed	analyst_b	Update1 batch scan #11
UPD1-0520	10.1182/bld.upd1-0519	Carrasco	Blood	2002	Fig.4A	0.6705	DISTINCT	ImageTwin_v2.2	disputed	analyst_b	Update1 batch scan #11
UPD1-0521	10.1182/bld.upd1-0520	Glimcher	Nature Medicine	2007	Fig.1C	0.7539	DISTINCT	ImageTwin_v2.2	pending	analyst_a	Update1 batch scan #11
UPD1-0522	10.1182/bld.upd1-0521	Carrasco	Blood	2000	Fig.2B	0.7954	DISTINCT	ImageTwin_v2.2	pending	analyst_b	Update1 batch scan #11
UPD1-0523	10.1182/bld.upd1-0522	Anderson	Leukemia	2003	Fig.1C	0.9417	SIMILAR	ImageTwin_v2.2	confirmed	analyst_b	Update1 batch scan #11
UPD1-0524	10.1182/bld.upd1-0523	Carrasco	Cancer Cell	2014	Fig.7B	0.9184	SIMILAR	ImageTwin_v2.2	reviewed	analyst_a	Update1 batch scan #11
UPD1-0525	10.1182/bld.upd1-0524	Anderson	Cancer Cell	2018	Fig.8B	0.898	SIMILAR	ImageTwin_v2.2	confirmed	analyst_c	Update1 batch scan #11
UPD1-0526	10.1182/bld.upd1-0525	Ghobrial	Cancer Cell	2017	Fig.4A	0.9551	DUPLICATE	ImageTwin_v2.2	reviewed	analyst_c	Update1 batch scan #11
UPD1-0527	10.1182/bld.upd1-0526	Ghobrial	Nature Medicine	1998	Fig.8B	0.7326	DISTINCT	ImageTwin_v2.2	pending	analyst_c	Update1 batch scan #11
UPD1-0528	10.1182/bld.upd1-0527	Ghobrial	Cancer Cell	2015	Fig.4C	0.5312	DISTINCT	ImageTwin_v2.2	pending	analyst_c	Update1 batch scan #11
UPD1-0529	10.1182/bld.upd1-0528	Anderson	Nature Medicine	1998	Fig.6B	0.9822	DUPLICATE	ImageTwin_v2.2	disputed	analyst_a	Update1 batch scan #11
UPD1-0530	10.1182/bld.upd1-0529	Hahn	Nature Medicine	2018	Fig.4C	0.875	SIMILAR	ImageTwin_v2.2	confirmed	analyst_b	Update1 batch scan #11
UPD1-0531	10.1182/bld.upd1-0530	Glimcher	Blood	2007	Fig.3C	0.969	DUPLICATE	ImageTwin_v2.2	pending	analyst_b	Update1 batch scan #11
UPD1-0532	10.1182/bld.upd1-0531	Anderson	Science	2015	Fig.7B	0.7865	DISTINCT	ImageTwin_v2.2	pending	analyst_c	Update1 batch scan #11
UPD1-0533	10.1182/bld.upd1-0532	Anderson	Cancer Cell	2015	Fig.1B	0.6897	DISTINCT	ImageTwin_v2.2	reviewed	analyst_c	Update1 batch scan #11
UPD1-0534	10.1182/bld.upd1-0533	Hahn	Cancer Cell	2015	Fig.7B	0.8117	SIMILAR	ImageTwin_v2.2	confirmed	analyst_c	Update1 batch scan #11
UPD1-0535	10.1182/bld.upd1-0534	Ghobrial	Cancer Cell	2011	Fig.1B	0.9518	DUPLICATE	ImageTwin_v2.2	confirmed	analyst_b	Update1 batch scan #11
UPD1-0536	10.1182/bld.upd1-0535	Anderson	Leukemia	2019	Fig.2A	0.6462	DISTINCT	ImageTwin_v2.2	reviewed	analyst_b	Update1 batch scan #11
UPD1-0537	10.1182/bld.upd1-0536	Carrasco	Leukemia	2011	Fig.7B	0.4819	DISTINCT	ImageTwin_v2.2	confirmed	analyst_c	Update1 batch scan #11
UPD1-0538	10.1182/bld.upd1-0537	Ghobrial	Leukemia	2003	Fig.7B	0.8653	SIMILAR	ImageTwin_v2.2	confirmed	analyst_c	Update1 batch scan #11
UPD1-0539	10.1182/bld.upd1-0538	Glimcher	Leukemia	2010	Fig.7C	0.9835	DUPLICATE	ImageTwin_v2.2	pending	analyst_c	Update1 batch scan #11
UPD1-0540	10.1182/bld.upd1-0539	Hahn	Blood	2023	Fig.5B	0.7597	DISTINCT	ImageTwin_v2.2	reviewed	analyst_a	Update1 batch scan #11
UPD1-0541	10.1182/bld.upd1-0540	Glimcher	Cancer Cell	2011	Fig.7A	0.8697	SIMILAR	ImageTwin_v2.2	confirmed	analyst_a	Update1 batch scan #11
UPD1-0542	10.1182/bld.upd1-0541	Glimcher	Leukemia	2020	Fig.2A	0.7606	DISTINCT	ImageTwin_v2.2	reviewed	analyst_c	Update1 batch scan #11
UPD1-0543	10.1182/bld.upd1-0542	Anderson	Science	2020	Fig.7B	0.4587	DISTINCT	ImageTwin_v2.2	pending	analyst_c	Update1 batch scan #11
UPD1-0544	10.1182/bld.upd1-0543	Anderson	Cancer Cell	2012	Fig.4A	0.631	DISTINCT	ImageTwin_v2.2	pending	analyst_b	Update1 batch scan #11
UPD1-0545	10.1182/bld.upd1-0544	Carrasco	Science	2007	Fig.3C	0.7496	DISTINCT	ImageTwin_v2.2	confirmed	analyst_a	Update1 batch scan #11
UPD1-0546	10.1182/bld.upd1-0545	Hahn	Blood	2007	Fig.2C	0.8407	SIMILAR	ImageTwin_v2.2	reviewed	analyst_c	Update1 batch scan #11
UPD1-0547	10.1182/bld.upd1-0546	Hahn	Blood	2003	Fig.4A	0.731	DISTINCT	ImageTwin_v2.2	pending	analyst_c	Update1 batch scan #11
UPD1-0548	10.1182/bld.upd1-0547	Ghobrial	Leukemia	2010	Fig.4B	0.7913	DISTINCT	ImageTwin_v2.2	confirmed	analyst_c	Update1 batch scan #11
UPD1-0549	10.1182/bld.upd1-0548	Hahn	Blood	2009	Fig.3A	0.6051	DISTINCT	ImageTwin_v2.2	pending	analyst_a	Update1 batch scan #11
UPD1-0550	10.1182/bld.upd1-0549	Carrasco	Cancer Cell	2020	Fig.5C	0.7892	DISTINCT	ImageTwin_v2.2	pending	analyst_c	Update1 batch scan #11
UPD1-0551	10.1182/bld.upd1-0550	Carrasco	Science	2013	Fig.6A	0.7852	DISTINCT	ImageTwin_v2.2	reviewed	analyst_b	Update1 batch scan #12
UPD1-0552	10.1182/bld.upd1-0551	Ghobrial	Blood	2005	Fig.6A	0.938	SIMILAR	ImageTwin_v2.2	confirmed	analyst_c	Update1 batch scan #12
UPD1-0553	10.1182/bld.upd1-0552	Ghobrial	Cancer Cell	2007	Fig.2B	0.5787	DISTINCT	ImageTwin_v2.2	reviewed	analyst_c	Update1 batch scan #12
UPD1-0554	10.1182/bld.upd1-0553	Hahn	Science	2022	Fig.1A	0.5231	DISTINCT	ImageTwin_v2.2	reviewed	analyst_b	Update1 batch scan #12
UPD1-0555	10.1182/bld.upd1-0554	Carrasco	Science	2002	Fig.3B	0.7604	DISTINCT	ImageTwin_v2.2	pending	analyst_a	Update1 batch scan #12
UPD1-0556	10.1182/bld.upd1-0555	Ghobrial	Science	2021	Fig.5C	0.8821	SIMILAR	ImageTwin_v2.2	confirmed	analyst_b	Update1 batch scan #12
UPD1-0557	10.1182/bld.upd1-0556	Glimcher	Blood	2017	Fig.6A	0.5587	DISTINCT	ImageTwin_v2.2	reviewed	analyst_b	Update1 batch scan #12
UPD1-0558	10.1182/bld.upd1-0557	Glimcher	Blood	2014	Fig.8C	0.703	DISTINCT	ImageTwin_v2.2	confirmed	analyst_b	Update1 batch scan #12
UPD1-0559	10.1182/bld.upd1-0558	Hahn	Blood	2013	Fig.6B	0.4562	DISTINCT	ImageTwin_v2.2	reviewed	analyst_b	Update1 batch scan #12
UPD1-0560	10.1182/bld.upd1-0559	Hahn	Leukemia	2001	Fig.3C	0.886	SIMILAR	ImageTwin_v2.2	pending	analyst_c	Update1 batch scan #12
UPD1-0561	10.1182/bld.upd1-0560	Carrasco	Cancer Cell	2010	Fig.3A	0.8807	SIMILAR	ImageTwin_v2.2	disputed	analyst_c	Update1 batch scan #12
UPD1-0562	10.1182/bld.upd1-0561	Hahn	Cancer Cell	2017	Fig.8A	0.7315	DISTINCT	ImageTwin_v2.2	confirmed	analyst_b	Update1 batch scan #12
UPD1-0563	10.1182/bld.upd1-0562	Hahn	Science	2021	Fig.6B	0.5324	DISTINCT	ImageTwin_v2.2	disputed	analyst_c	Update1 batch scan #12
UPD1-0564	10.1182/bld.upd1-0563	Glimcher	Nature Medicine	2009	Fig.6B	0.6917	DISTINCT	ImageTwin_v2.2	disputed	analyst_a	Update1 batch scan #12
UPD1-0565	10.1182/bld.upd1-0564	Carrasco	Nature Medicine	2022	Fig.8B	0.8079	SIMILAR	ImageTwin_v2.2	disputed	analyst_b	Update1 batch scan #12
UPD1-0566	10.1182/bld.upd1-0565	Carrasco	Nature Medicine	2016	Fig.8B	0.4843	DISTINCT	ImageTwin_v2.2	confirmed	analyst_c	Update1 batch scan #12
UPD1-0567	10.1182/bld.upd1-0566	Carrasco	Leukemia	2014	Fig.1C	0.8293	SIMILAR	ImageTwin_v2.2	pending	analyst_a	Update1 batch scan #12
UPD1-0568	10.1182/bld.upd1-0567	Glimcher	Nature Medicine	2005	Fig.2B	0.7736	DISTINCT	ImageTwin_v2.2	disputed	analyst_a	Update1 batch scan #12
UPD1-0569	10.1182/bld.upd1-0568	Ghobrial	Cancer Cell	2005	Fig.3B	0.6317	DISTINCT	ImageTwin_v2.2	reviewed	analyst_b	Update1 batch scan #12
UPD1-0570	10.1182/bld.upd1-0569	Hahn	Blood	2023	Fig.2C	0.6738	DISTINCT	ImageTwin_v2.2	confirmed	analyst_c	Update1 batch scan #12
UPD1-0571	10.1182/bld.upd1-0570	Anderson	Science	2013	Fig.3A	0.7164	DISTINCT	ImageTwin_v2.2	disputed	analyst_b	Update1 batch scan #12
UPD1-0572	10.1182/bld.upd1-0571	Hahn	Blood	2003	Fig.5A	0.4679	DISTINCT	ImageTwin_v2.2	confirmed	analyst_b	Update1 batch scan #12
UPD1-0573	10.1182/bld.upd1-0572	Carrasco	Science	2018	Fig.8B	0.8436	SIMILAR	ImageTwin_v2.2	pending	analyst_a	Update1 batch scan #12
UPD1-0574	10.1182/bld.upd1-0573	Anderson	Cancer Cell	2004	Fig.4A	0.7979	DISTINCT	ImageTwin_v2.2	pending	analyst_a	Update1 batch scan #12
UPD1-0575	10.1182/bld.upd1-0574	Hahn	Nature Medicine	2000	Fig.8C	0.5656	DISTINCT	ImageTwin_v2.2	pending	analyst_a	Update1 batch scan #12
UPD1-0576	10.1182/bld.upd1-0575	Carrasco	Leukemia	2016	Fig.1A	0.683	DISTINCT	ImageTwin_v2.2	pending	analyst_b	Update1 batch scan #12
UPD1-0577	10.1182/bld.upd1-0576	Anderson	Cancer Cell	1996	Fig.4C	0.6936	DISTINCT	ImageTwin_v2.2	disputed	analyst_b	Update1 batch scan #12
UPD1-0578	10.1182/bld.upd1-0577	Glimcher	Nature Medicine	2021	Fig.6A	0.517	DISTINCT	ImageTwin_v2.2	confirmed	analyst_a	Update1 batch scan #12
UPD1-0579	10.1182/bld.upd1-0578	Ghobrial	Science	2005	Fig.5B	0.4785	DISTINCT	ImageTwin_v2.2	confirmed	analyst_b	Update1 batch scan #12
UPD1-0580	10.1182/bld.upd1-0579	Glimcher	Nature Medicine	2001	Fig.5B	0.6801	DISTINCT	ImageTwin_v2.2	reviewed	analyst_b	Update1 batch scan #12
UPD1-0581	10.1182/bld.upd1-0580	Carrasco	Science	2015	Fig.4C	0.9506	DUPLICATE	ImageTwin_v2.2	reviewed	analyst_b	Update1 batch scan #12
UPD1-0582	10.1182/bld.upd1-0581	Anderson	Blood	2013	Fig.7B	0.7611	DISTINCT	ImageTwin_v2.2	reviewed	analyst_c	Update1 batch scan #12
UPD1-0583	10.1182/bld.upd1-0582	Hahn	Nature Medicine	2009	Fig.2C	0.7168	DISTINCT	ImageTwin_v2.2	reviewed	analyst_c	Update1 batch scan #12
UPD1-0584	10.1182/bld.upd1-0583	Glimcher	Blood	1997	Fig.5A	0.9544	DUPLICATE	ImageTwin_v2.2	pending	analyst_b	Update1 batch scan #12
UPD1-0585	10.1182/bld.upd1-0584	Carrasco	Nature Medicine	2020	Fig.8B	0.7992	DISTINCT	ImageTwin_v2.2	pending	analyst_b	Update1 batch scan #12
UPD1-0586	10.1182/bld.upd1-0585	Carrasco	Cancer Cell	2012	Fig.6B	0.5482	DISTINCT	ImageTwin_v2.2	confirmed	analyst_b	Update1 batch scan #12
UPD1-0587	10.1182/bld.upd1-0586	Ghobrial	Science	2016	Fig.4C	0.6143	DISTINCT	ImageTwin_v2.2	disputed	analyst_b	Update1 batch scan #12
UPD1-0588	10.1182/bld.upd1-0587	Ghobrial	Blood	2011	Fig.2A	0.6604	DISTINCT	ImageTwin_v2.2	disputed	analyst_a	Update1 batch scan #12
UPD1-0589	10.1182/bld.upd1-0588	Glimcher	Cancer Cell	2005	Fig.5B	0.666	DISTINCT	ImageTwin_v2.2	disputed	analyst_b	Update1 batch scan #12
UPD1-0590	10.1182/bld.upd1-0589	Hahn	Nature Medicine	2009	Fig.5B	0.6057	DISTINCT	ImageTwin_v2.2	disputed	analyst_c	Update1 batch scan #12
UPD1-0591	10.1182/bld.upd1-0590	Carrasco	Blood	2001	Fig.2B	0.7431	DISTINCT	ImageTwin_v2.2	pending	analyst_a	Update1 batch scan #12
UPD1-0592	10.1182/bld.upd1-0591	Carrasco	Nature Medicine	2019	Fig.7A	0.476	DISTINCT	ImageTwin_v2.2	confirmed	analyst_c	Update1 batch scan #12
UPD1-0593	10.1182/bld.upd1-0592	Ghobrial	Leukemia	2010	Fig.2B	0.6397	DISTINCT	ImageTwin_v2.2	reviewed	analyst_a	Update1 batch scan #12
UPD1-0594	10.1182/bld.upd1-0593	Anderson	Blood	2023	Fig.4C	0.5486	DISTINCT	ImageTwin_v2.2	reviewed	analyst_a	Update1 batch scan #12
UPD1-0595	10.1182/bld.upd1-0594	Carrasco	Blood	2010	Fig.2A	0.8143	SIMILAR	ImageTwin_v2.2	pending	analyst_a	Update1 batch scan #12
UPD1-0596	10.1182/bld.upd1-0595	Carrasco	Nature Medicine	2020	Fig.3B	0.9825	DUPLICATE	ImageTwin_v2.2	disputed	analyst_a	Update1 batch scan #12
UPD1-0597	10.1182/bld.upd1-0596	Ghobrial	Nature Medicine	2021	Fig.3A	0.8847	SIMILAR	ImageTwin_v2.2	confirmed	analyst_c	Update1 batch scan #12
UPD1-0598	10.1182/bld.upd1-0597	Ghobrial	Science	2002	Fig.1B	0.9025	SIMILAR	ImageTwin_v2.2	confirmed	analyst_a	Update1 batch scan #12
UPD1-0599	10.1182/bld.upd1-0598	Hahn	Nature Medicine	2012	Fig.2A	0.6879	DISTINCT	ImageTwin_v2.2	confirmed	analyst_b	Update1 batch scan #12
UPD1-0600	10.1182/bld.upd1-0599	Carrasco	Nature Medicine	2014	Fig.7B	0.9927	DUPLICATE	ImageTwin_v2.2	confirmed	analyst_b	Update1 batch scan #12
UPD1-0601	10.1182/bld.upd1-0600	Ghobrial	Leukemia	2020	Fig.1C	0.9658	DUPLICATE	ImageTwin_v2.2	disputed	analyst_c	Update1 batch scan #13
UPD1-0602	10.1182/bld.upd1-0601	Glimcher	Cancer Cell	1998	Fig.8A	0.5058	DISTINCT	ImageTwin_v2.2	disputed	analyst_c	Update1 batch scan #13
UPD1-0603	10.1182/bld.upd1-0602	Ghobrial	Blood	2000	Fig.4B	0.9386	SIMILAR	ImageTwin_v2.2	confirmed	analyst_b	Update1 batch scan #13
UPD1-0604	10.1182/bld.upd1-0603	Hahn	Cancer Cell	2017	Fig.6A	0.8697	SIMILAR	ImageTwin_v2.2	disputed	analyst_a	Update1 batch scan #13
UPD1-0605	10.1182/bld.upd1-0604	Hahn	Leukemia	2016	Fig.6A	0.8564	SIMILAR	ImageTwin_v2.2	pending	analyst_b	Update1 batch scan #13
UPD1-0606	10.1182/bld.upd1-0605	Glimcher	Blood	2017	Fig.3B	0.8777	SIMILAR	ImageTwin_v2.2	pending	analyst_c	Update1 batch scan #13
UPD1-0607	10.1182/bld.upd1-0606	Hahn	Leukemia	2023	Fig.4C	0.701	DISTINCT	ImageTwin_v2.2	reviewed	analyst_c	Update1 batch scan #13
UPD1-0608	10.1182/bld.upd1-0607	Glimcher	Leukemia	2011	Fig.5A	0.7448	DISTINCT	ImageTwin_v2.2	disputed	analyst_a	Update1 batch scan #13
UPD1-0609	10.1182/bld.upd1-0608	Ghobrial	Cancer Cell	2004	Fig.7B	0.6243	DISTINCT	ImageTwin_v2.2	pending	analyst_a	Update1 batch scan #13
UPD1-0610	10.1182/bld.upd1-0609	Anderson	Science	2012	Fig.1A	0.5029	DISTINCT	ImageTwin_v2.2	reviewed	analyst_c	Update1 batch scan #13
UPD1-0611	10.1182/bld.upd1-0610	Glimcher	Cancer Cell	2003	Fig.6B	0.5652	DISTINCT	ImageTwin_v2.2	disputed	analyst_c	Update1 batch scan #13
UPD1-0612	10.1182/bld.upd1-0611	Anderson	Cancer Cell	2019	Fig.6B	0.7584	DISTINCT	ImageTwin_v2.2	reviewed	analyst_c	Update1 batch scan #13
UPD1-0613	10.1182/bld.upd1-0612	Carrasco	Leukemia	2020	Fig.4C	0.6189	DISTINCT	ImageTwin_v2.2	disputed	analyst_a	Update1 batch scan #13
UPD1-0614	10.1182/bld.upd1-0613	Glimcher	Nature Medicine	1998	Fig.8B	0.7769	DISTINCT	ImageTwin_v2.2	disputed	analyst_a	Update1 batch scan #13
UPD1-0615	10.1182/bld.upd1-0614	Ghobrial	Leukemia	2010	Fig.6C	0.9938	DUPLICATE	ImageTwin_v2.2	reviewed	analyst_a	Update1 batch scan #13
UPD1-0616	10.1182/bld.upd1-0615	Ghobrial	Blood	2000	Fig.8B	0.8415	SIMILAR	ImageTwin_v2.2	pending	analyst_b	Update1 batch scan #13
UPD1-0617	10.1182/bld.upd1-0616	Carrasco	Cancer Cell	2008	Fig.7A	0.7364	DISTINCT	ImageTwin_v2.2	disputed	analyst_a	Update1 batch scan #13
UPD1-0618	10.1182/bld.upd1-0617	Ghobrial	Cancer Cell	2019	Fig.3A	0.9428	SIMILAR	ImageTwin_v2.2	disputed	analyst_b	Update1 batch scan #13
UPD1-0619	10.1182/bld.upd1-0618	Anderson	Leukemia	2007	Fig.2A	0.9009	SIMILAR	ImageTwin_v2.2	confirmed	analyst_a	Update1 batch scan #13
UPD1-0620	10.1182/bld.upd1-0619	Carrasco	Blood	1999	Fig.6A	0.7924	DISTINCT	ImageTwin_v2.2	disputed	analyst_c	Update1 batch scan #13
UPD1-0621	10.1182/bld.upd1-0620	Anderson	Leukemia	2004	Fig.3A	0.8987	SIMILAR	ImageTwin_v2.2	disputed	analyst_b	Update1 batch scan #13
UPD1-0622	10.1182/bld.upd1-0621	Glimcher	Science	2009	Fig.3A	0.6163	DISTINCT	ImageTwin_v2.2	pending	analyst_c	Update1 batch scan #13
UPD1-0623	10.1182/bld.upd1-0622	Hahn	Science	1995	Fig.4B	0.8307	SIMILAR	ImageTwin_v2.2	reviewed	analyst_b	Update1 batch scan #13
UPD1-0624	10.1182/bld.upd1-0623	Carrasco	Leukemia	2013	Fig.2A	0.7986	DISTINCT	ImageTwin_v2.2	reviewed	analyst_b	Update1 batch scan #13
UPD1-0625	10.1182/bld.upd1-0624	Glimcher	Cancer Cell	2017	Fig.3C	0.9097	SIMILAR	ImageTwin_v2.2	reviewed	analyst_a	Update1 batch scan #13
UPD1-0626	10.1182/bld.upd1-0625	Ghobrial	Science	2017	Fig.5C	0.6529	DISTINCT	ImageTwin_v2.2	disputed	analyst_a	Update1 batch scan #13
UPD1-0627	10.1182/bld.upd1-0626	Ghobrial	Cancer Cell	2005	Fig.6B	0.8806	SIMILAR	ImageTwin_v2.2	pending	analyst_b	Update1 batch scan #13
UPD1-0628	10.1182/bld.upd1-0627	Anderson	Leukemia	1995	Fig.6A	0.5486	DISTINCT	ImageTwin_v2.2	disputed	analyst_a	Update1 batch scan #13
UPD1-0629	10.1182/bld.upd1-0628	Anderson	Nature Medicine	2012	Fig.3C	0.6583	DISTINCT	ImageTwin_v2.2	reviewed	analyst_b	Update1 batch scan #13
UPD1-0630	10.1182/bld.upd1-0629	Hahn	Science	2002	Fig.5B	0.7934	DISTINCT	ImageTwin_v2.2	pending	analyst_a	Update1 batch scan #13
UPD1-0631	10.1182/bld.upd1-0630	Carrasco	Leukemia	2009	Fig.1C	0.857	SIMILAR	ImageTwin_v2.2	reviewed	analyst_c	Update1 batch scan #13
UPD1-0632	10.1182/bld.upd1-0631	Hahn	Science	2023	Fig.1B	0.5641	DISTINCT	ImageTwin_v2.2	reviewed	analyst_b	Update1 batch scan #13
UPD1-0633	10.1182/bld.upd1-0632	Glimcher	Science	2001	Fig.6C	0.9097	SIMILAR	ImageTwin_v2.2	confirmed	analyst_b	Update1 batch scan #13
UPD1-0634	10.1182/bld.upd1-0633	Glimcher	Nature Medicine	2001	Fig.5B	0.4637	DISTINCT	ImageTwin_v2.2	confirmed	analyst_a	Update1 batch scan #13
UPD1-0635	10.1182/bld.upd1-0634	Glimcher	Science	2013	Fig.8B	0.9412	SIMILAR	ImageTwin_v2.2	reviewed	analyst_b	Update1 batch scan #13
UPD1-0636	10.1182/bld.upd1-0635	Anderson	Blood	1995	Fig.3B	0.5534	DISTINCT	ImageTwin_v2.2	disputed	analyst_b	Update1 batch scan #13
UPD1-0637	10.1182/bld.upd1-0636	Carrasco	Science	2016	Fig.8C	0.6468	DISTINCT	ImageTwin_v2.2	disputed	analyst_b	Update1 batch scan #13
UPD1-0638	10.1182/bld.upd1-0637	Hahn	Leukemia	2002	Fig.6B	0.9115	SIMILAR	ImageTwin_v2.2	confirmed	analyst_b	Update1 batch scan #13
UPD1-0639	10.1182/bld.upd1-0638	Hahn	Nature Medicine	2004	Fig.5A	0.6675	DISTINCT	ImageTwin_v2.2	reviewed	analyst_b	Update1 batch scan #13
UPD1-0640	10.1182/bld.upd1-0639	Ghobrial	Nature Medicine	2013	Fig.8C	0.9755	DUPLICATE	ImageTwin_v2.2	confirmed	analyst_b	Update1 batch scan #13
UPD1-0641	10.1182/bld.upd1-0640	Carrasco	Science	2023	Fig.7C	0.7422	DISTINCT	ImageTwin_v2.2	reviewed	analyst_a	Update1 batch scan #13
UPD1-0642	10.1182/bld.upd1-0641	Anderson	Cancer Cell	1998	Fig.7C	0.7617	DISTINCT	ImageTwin_v2.2	disputed	analyst_a	Update1 batch scan #13
UPD1-0643	10.1182/bld.upd1-0642	Anderson	Blood	1995	Fig.8C	0.8395	SIMILAR	ImageTwin_v2.2	confirmed	analyst_b	Update1 batch scan #13
UPD1-0644	10.1182/bld.upd1-0643	Hahn	Nature Medicine	2016	Fig.6A	0.5448	DISTINCT	ImageTwin_v2.2	disputed	analyst_a	Update1 batch scan #13
UPD1-0645	10.1182/bld.upd1-0644	Glimcher	Nature Medicine	2007	Fig.6B	0.5248	DISTINCT	ImageTwin_v2.2	reviewed	analyst_c	Update1 batch scan #13
UPD1-0646	10.1182/bld.upd1-0645	Anderson	Science	2009	Fig.5B	0.8636	SIMILAR	ImageTwin_v2.2	confirmed	analyst_a	Update1 batch scan #13
UPD1-0647	10.1182/bld.upd1-0646	Hahn	Science	2015	Fig.8B	0.5124	DISTINCT	ImageTwin_v2.2	confirmed	analyst_b	Update1 batch scan #13
UPD1-0648	10.1182/bld.upd1-0647	Hahn	Science	1999	Fig.8A	0.8611	SIMILAR	ImageTwin_v2.2	reviewed	analyst_a	Update1 batch scan #13
UPD1-0649	10.1182/bld.upd1-0648	Glimcher	Nature Medicine	2007	Fig.4B	0.7957	DISTINCT	ImageTwin_v2.2	pending	analyst_b	Update1 batch scan #13
UPD1-0650	10.1182/bld.upd1-0649	Anderson	Blood	2023	Fig.4B	0.8342	SIMILAR	ImageTwin_v2.2	confirmed	analyst_b	Update1 batch scan #13
UPD1-0651	10.1182/bld.upd1-0650	Carrasco	Blood	2015	Fig.1C	0.7134	DISTINCT	ImageTwin_v2.2	confirmed	analyst_a	Update1 batch scan #14
UPD1-0652	10.1182/bld.upd1-0651	Anderson	Leukemia	2012	Fig.2B	0.8969	SIMILAR	ImageTwin_v2.2	disputed	analyst_b	Update1 batch scan #14
UPD1-0653	10.1182/bld.upd1-0652	Hahn	Science	2005	Fig.3B	0.9587	DUPLICATE	ImageTwin_v2.2	reviewed	analyst_a	Update1 batch scan #14
UPD1-0654	10.1182/bld.upd1-0653	Glimcher	Nature Medicine	2020	Fig.2C	0.7209	DISTINCT	ImageTwin_v2.2	reviewed	analyst_b	Update1 batch scan #14
UPD1-0655	10.1182/bld.upd1-0654	Carrasco	Blood	2005	Fig.7B	0.8776	SIMILAR	ImageTwin_v2.2	pending	analyst_b	Update1 batch scan #14
UPD1-0656	10.1182/bld.upd1-0655	Hahn	Nature Medicine	2001	Fig.4C	0.8874	SIMILAR	ImageTwin_v2.2	disputed	analyst_b	Update1 batch scan #14
UPD1-0657	10.1182/bld.upd1-0656	Hahn	Leukemia	2015	Fig.4B	0.8327	SIMILAR	ImageTwin_v2.2	reviewed	analyst_b	Update1 batch scan #14
UPD1-0658	10.1182/bld.upd1-0657	Glimcher	Science	2005	Fig.5A	0.7728	DISTINCT	ImageTwin_v2.2	reviewed	analyst_c	Update1 batch scan #14
UPD1-0659	10.1182/bld.upd1-0658	Glimcher	Cancer Cell	2020	Fig.1B	0.9289	SIMILAR	ImageTwin_v2.2	disputed	analyst_c	Update1 batch scan #14
UPD1-0660	10.1182/bld.upd1-0659	Hahn	Leukemia	1996	Fig.2C	0.6701	DISTINCT	ImageTwin_v2.2	pending	analyst_b	Update1 batch scan #14
UPD1-0661	10.1182/bld.upd1-0660	Anderson	Cancer Cell	2022	Fig.2B	0.5656	DISTINCT	ImageTwin_v2.2	pending	analyst_a	Update1 batch scan #14
UPD1-0662	10.1182/bld.upd1-0661	Carrasco	Nature Medicine	2004	Fig.7A	0.7678	DISTINCT	ImageTwin_v2.2	pending	analyst_a	Update1 batch scan #14
UPD1-0663	10.1182/bld.upd1-0662	Ghobrial	Science	1998	Fig.3A	0.923	SIMILAR	ImageTwin_v2.2	confirmed	analyst_c	Update1 batch scan #14
UPD1-0664	10.1182/bld.upd1-0663	Glimcher	Science	1995	Fig.1A	0.7856	DISTINCT	ImageTwin_v2.2	pending	analyst_b	Update1 batch scan #14
UPD1-0665	10.1182/bld.upd1-0664	Ghobrial	Blood	2008	Fig.8C	0.8226	SIMILAR	ImageTwin_v2.2	reviewed	analyst_b	Update1 batch scan #14
UPD1-0666	10.1182/bld.upd1-0665	Ghobrial	Nature Medicine	2008	Fig.1C	0.5719	DISTINCT	ImageTwin_v2.2	disputed	analyst_c	Update1 batch scan #14
UPD1-0667	10.1182/bld.upd1-0666	Glimcher	Nature Medicine	2015	Fig.8C	0.7778	DISTINCT	ImageTwin_v2.2	disputed	analyst_a	Update1 batch scan #14
UPD1-0668	10.1182/bld.upd1-0667	Glimcher	Nature Medicine	2022	Fig.5C	0.7074	DISTINCT	ImageTwin_v2.2	reviewed	analyst_a	Update1 batch scan #14
UPD1-0669	10.1182/bld.upd1-0668	Glimcher	Nature Medicine	2020	Fig.2A	0.7563	DISTINCT	ImageTwin_v2.2	disputed	analyst_b	Update1 batch scan #14
UPD1-0670	10.1182/bld.upd1-0669	Hahn	Blood	2018	Fig.4A	0.4602	DISTINCT	ImageTwin_v2.2	pending	analyst_c	Update1 batch scan #14
UPD1-0671	10.1182/bld.upd1-0670	Glimcher	Nature Medicine	1998	Fig.1B	0.7738	DISTINCT	ImageTwin_v2.2	confirmed	analyst_c	Update1 batch scan #14
UPD1-0672	10.1182/bld.upd1-0671	Ghobrial	Nature Medicine	1995	Fig.7A	0.9227	SIMILAR	ImageTwin_v2.2	pending	analyst_a	Update1 batch scan #14
UPD1-0673	10.1182/bld.upd1-0672	Hahn	Nature Medicine	1998	Fig.4B	0.651	DISTINCT	ImageTwin_v2.2	disputed	analyst_b	Update1 batch scan #14
UPD1-0674	10.1182/bld.upd1-0673	Carrasco	Nature Medicine	1995	Fig.1C	0.789	DISTINCT	ImageTwin_v2.2	reviewed	analyst_c	Update1 batch scan #14
UPD1-0675	10.1182/bld.upd1-0674	Glimcher	Cancer Cell	2019	Fig.3B	0.803	SIMILAR	ImageTwin_v2.2	pending	analyst_a	Update1 batch scan #14
UPD1-0676	10.1182/bld.upd1-0675	Carrasco	Blood	2022	Fig.2B	0.7529	DISTINCT	ImageTwin_v2.2	pending	analyst_a	Update1 batch scan #14
UPD1-0677	10.1182/bld.upd1-0676	Hahn	Cancer Cell	2002	Fig.1A	0.8479	SIMILAR	ImageTwin_v2.2	disputed	analyst_a	Update1 batch scan #14
UPD1-0678	10.1182/bld.upd1-0677	Glimcher	Cancer Cell	2010	Fig.5B	0.7703	DISTINCT	ImageTwin_v2.2	confirmed	analyst_c	Update1 batch scan #14
UPD1-0679	10.1182/bld.upd1-0678	Glimcher	Leukemia	1996	Fig.7B	0.4979	DISTINCT	ImageTwin_v2.2	reviewed	analyst_b	Update1 batch scan #14
UPD1-0680	10.1182/bld.upd1-0679	Carrasco	Cancer Cell	2016	Fig.1B	0.8096	SIMILAR	ImageTwin_v2.2	reviewed	analyst_c	Update1 batch scan #14
UPD1-0681	10.1182/bld.upd1-0680	Carrasco	Nature Medicine	2011	Fig.5C	0.6814	DISTINCT	ImageTwin_v2.2	disputed	analyst_b	Update1 batch scan #14
UPD1-0682	10.1182/bld.upd1-0681	Hahn	Blood	2016	Fig.8A	0.7234	DISTINCT	ImageTwin_v2.2	reviewed	analyst_a	Update1 batch scan #14
UPD1-0683	10.1182/bld.upd1-0682	Anderson	Leukemia	2005	Fig.8A	0.4521	DISTINCT	ImageTwin_v2.2	confirmed	analyst_a	Update1 batch scan #14
UPD1-0684	10.1182/bld.upd1-0683	Carrasco	Blood	2016	Fig.3B	0.6053	DISTINCT	ImageTwin_v2.2	reviewed	analyst_b	Update1 batch scan #14
UPD1-0685	10.1182/bld.upd1-0684	Carrasco	Nature Medicine	2022	Fig.8A	0.7462	DISTINCT	ImageTwin_v2.2	confirmed	analyst_b	Update1 batch scan #14
UPD1-0686	10.1182/bld.upd1-0685	Hahn	Leukemia	1995	Fig.8C	0.5872	DISTINCT	ImageTwin_v2.2	pending	analyst_b	Update1 batch scan #14
UPD1-0687	10.1182/bld.upd1-0686	Hahn	Science	2009	Fig.7C	0.7647	DISTINCT	ImageTwin_v2.2	disputed	analyst_a	Update1 batch scan #14
UPD1-0688	10.1182/bld.upd1-0687	Glimcher	Cancer Cell	1995	Fig.4B	0.6932	DISTINCT	ImageTwin_v2.2	reviewed	analyst_b	Update1 batch scan #14
UPD1-0689	10.1182/bld.upd1-0688	Hahn	Leukemia	2005	Fig.5B	0.8596	SIMILAR	ImageTwin_v2.2	confirmed	analyst_b	Update1 batch scan #14
UPD1-0690	10.1182/bld.upd1-0689	Ghobrial	Science	2023	Fig.2C	0.8774	SIMILAR	ImageTwin_v2.2	reviewed	analyst_b	Update1 batch scan #14
UPD1-0691	10.1182/bld.upd1-0690	Glimcher	Nature Medicine	2009	Fig.1A	0.7236	DISTINCT	ImageTwin_v2.2	disputed	analyst_c	Update1 batch scan #14
UPD1-0692	10.1182/bld.upd1-0691	Anderson	Cancer Cell	2022	Fig.7C	0.7947	DISTINCT	ImageTwin_v2.2	pending	analyst_a	Update1 batch scan #14
UPD1-0693	10.1182/bld.upd1-0692	Hahn	Nature Medicine	2006	Fig.7A	0.5228	DISTINCT	ImageTwin_v2.2	confirmed	analyst_b	Update1 batch scan #14
UPD1-0694	10.1182/bld.upd1-0693	Ghobrial	Blood	2020	Fig.2B	0.9628	DUPLICATE	ImageTwin_v2.2	confirmed	analyst_b	Update1 batch scan #14
UPD1-0695	10.1182/bld.upd1-0694	Glimcher	Nature Medicine	2018	Fig.5A	0.9664	DUPLICATE	ImageTwin_v2.2	reviewed	analyst_a	Update1 batch scan #14
UPD1-0696	10.1182/bld.upd1-0695	Carrasco	Science	2016	Fig.5C	0.6181	DISTINCT	ImageTwin_v2.2	confirmed	analyst_c	Update1 batch scan #14
UPD1-0697	10.1182/bld.upd1-0696	Carrasco	Blood	2018	Fig.2C	0.5538	DISTINCT	ImageTwin_v2.2	pending	analyst_c	Update1 batch scan #14
UPD1-0698	10.1182/bld.upd1-0697	Glimcher	Cancer Cell	2013	Fig.2B	0.7159	DISTINCT	ImageTwin_v2.2	reviewed	analyst_a	Update1 batch scan #14
UPD1-0699	10.1182/bld.upd1-0698	Ghobrial	Blood	2009	Fig.1B	0.7832	DISTINCT	ImageTwin_v2.2	reviewed	analyst_c	Update1 batch scan #14
UPD1-0700	10.1182/bld.upd1-0699	Ghobrial	Cancer Cell	2004	Fig.4C	0.8703	SIMILAR	ImageTwin_v2.2	confirmed	analyst_a	Update1 batch scan #14
UPD1-0701	10.1182/bld.upd1-0700	Ghobrial	Nature Medicine	2001	Fig.1A	0.7583	DISTINCT	ImageTwin_v2.2	pending	analyst_b	Update1 batch scan #15
UPD1-0702	10.1182/bld.upd1-0701	Carrasco	Leukemia	1995	Fig.4B	0.8719	SIMILAR	ImageTwin_v2.2	reviewed	analyst_c	Update1 batch scan #15
UPD1-0703	10.1182/bld.upd1-0702	Anderson	Science	2007	Fig.2C	0.4634	DISTINCT	ImageTwin_v2.2	reviewed	analyst_a	Update1 batch scan #15
UPD1-0704	10.1182/bld.upd1-0703	Glimcher	Blood	2008	Fig.2A	0.6025	DISTINCT	ImageTwin_v2.2	disputed	analyst_b	Update1 batch scan #15
UPD1-0705	10.1182/bld.upd1-0704	Ghobrial	Science	2007	Fig.6A	0.8087	SIMILAR	ImageTwin_v2.2	reviewed	analyst_c	Update1 batch scan #15
UPD1-0706	10.1182/bld.upd1-0705	Ghobrial	Nature Medicine	2008	Fig.5B	0.6395	DISTINCT	ImageTwin_v2.2	disputed	analyst_b	Update1 batch scan #15
UPD1-0707	10.1182/bld.upd1-0706	Glimcher	Science	2017	Fig.2C	0.6472	DISTINCT	ImageTwin_v2.2	disputed	analyst_b	Update1 batch scan #15
UPD1-0708	10.1182/bld.upd1-0707	Glimcher	Cancer Cell	2014	Fig.7B	0.5143	DISTINCT	ImageTwin_v2.2	disputed	analyst_a	Update1 batch scan #15
UPD1-0709	10.1182/bld.upd1-0708	Anderson	Blood	1998	Fig.5B	0.7768	DISTINCT	ImageTwin_v2.2	disputed	analyst_a	Update1 batch scan #15
UPD1-0710	10.1182/bld.upd1-0709	Carrasco	Nature Medicine	2020	Fig.8C	0.8179	SIMILAR	ImageTwin_v2.2	pending	analyst_b	Update1 batch scan #15
UPD1-0711	10.1182/bld.upd1-0710	Ghobrial	Leukemia	2002	Fig.5A	0.5137	DISTINCT	ImageTwin_v2.2	disputed	analyst_a	Update1 batch scan #15
UPD1-0712	10.1182/bld.upd1-0711	Anderson	Blood	2019	Fig.6C	0.4808	DISTINCT	ImageTwin_v2.2	confirmed	analyst_a	Update1 batch scan #15
UPD1-0713	10.1182/bld.upd1-0712	Ghobrial	Cancer Cell	2015	Fig.2B	0.6627	DISTINCT	ImageTwin_v2.2	reviewed	analyst_c	Update1 batch scan #15
UPD1-0714	10.1182/bld.upd1-0713	Glimcher	Nature Medicine	2005	Fig.2C	0.8155	SIMILAR	ImageTwin_v2.2	pending	analyst_b	Update1 batch scan #15
UPD1-0715	10.1182/bld.upd1-0714	Hahn	Nature Medicine	2016	Fig.8B	0.4907	DISTINCT	ImageTwin_v2.2	confirmed	analyst_c	Update1 batch scan #15
UPD1-0716	10.1182/bld.upd1-0715	Glimcher	Cancer Cell	1997	Fig.2B	0.5562	DISTINCT	ImageTwin_v2.2	confirmed	analyst_b	Update1 batch scan #15
UPD1-0717	10.1182/bld.upd1-0716	Ghobrial	Nature Medicine	2000	Fig.6B	0.9867	DUPLICATE	ImageTwin_v2.2	reviewed	analyst_b	Update1 batch scan #15
UPD1-0718	10.1182/bld.upd1-0717	Anderson	Science	1996	Fig.4C	0.7349	DISTINCT	ImageTwin_v2.2	confirmed	analyst_a	Update1 batch scan #15
UPD1-0719	10.1182/bld.upd1-0718	Glimcher	Nature Medicine	1996	Fig.4B	0.6244	DISTINCT	ImageTwin_v2.2	pending	analyst_a	Update1 batch scan #15
UPD1-0720	10.1182/bld.upd1-0719	Hahn	Cancer Cell	2001	Fig.2C	0.6791	DISTINCT	ImageTwin_v2.2	reviewed	analyst_c	Update1 batch scan #15
UPD1-0721	10.1182/bld.upd1-0720	Ghobrial	Cancer Cell	2002	Fig.4B	0.6084	DISTINCT	ImageTwin_v2.2	disputed	analyst_a	Update1 batch scan #15
UPD1-0722	10.1182/bld.upd1-0721	Anderson	Cancer Cell	2014	Fig.6A	0.8269	SIMILAR	ImageTwin_v2.2	reviewed	analyst_b	Update1 batch scan #15
UPD1-0723	10.1182/bld.upd1-0722	Hahn	Leukemia	2012	Fig.3C	0.636	DISTINCT	ImageTwin_v2.2	reviewed	analyst_a	Update1 batch scan #15
UPD1-0724	10.1182/bld.upd1-0723	Ghobrial	Nature Medicine	1998	Fig.6B	0.6106	DISTINCT	ImageTwin_v2.2	confirmed	analyst_c	Update1 batch scan #15
UPD1-0725	10.1182/bld.upd1-0724	Glimcher	Leukemia	2012	Fig.3A	0.901	SIMILAR	ImageTwin_v2.2	pending	analyst_c	Update1 batch scan #15
UPD1-0726	10.1182/bld.upd1-0725	Ghobrial	Cancer Cell	2023	Fig.7C	0.9577	DUPLICATE	ImageTwin_v2.2	reviewed	analyst_c	Update1 batch scan #15
UPD1-0727	10.1182/bld.upd1-0726	Glimcher	Blood	1997	Fig.6C	0.4606	DISTINCT	ImageTwin_v2.2	confirmed	analyst_b	Update1 batch scan #15
UPD1-0728	10.1182/bld.upd1-0727	Hahn	Nature Medicine	2008	Fig.6A	0.514	DISTINCT	ImageTwin_v2.2	reviewed	analyst_b	Update1 batch scan #15
UPD1-0729	10.1182/bld.upd1-0728	Glimcher	Cancer Cell	1997	Fig.4B	0.7253	DISTINCT	ImageTwin_v2.2	pending	analyst_c	Update1 batch scan #15
UPD1-0730	10.1182/bld.upd1-0729	Glimcher	Cancer Cell	2016	Fig.8A	0.4897	DISTINCT	ImageTwin_v2.2	disputed	analyst_b	Update1 batch scan #15
UPD1-0731	10.1182/bld.upd1-0730	Carrasco	Leukemia	2020	Fig.1A	0.7466	DISTINCT	ImageTwin_v2.2	reviewed	analyst_c	Update1 batch scan #15
UPD1-0732	10.1182/bld.upd1-0731	Anderson	Nature Medicine	2018	Fig.7C	0.8961	SIMILAR	ImageTwin_v2.2	confirmed	analyst_b	Update1 batch scan #15
UPD1-0733	10.1182/bld.upd1-0732	Ghobrial	Nature Medicine	2007	Fig.4B	0.5864	DISTINCT	ImageTwin_v2.2	disputed	analyst_b	Update1 batch scan #15
UPD1-0734	10.1182/bld.upd1-0733	Glimcher	Science	1998	Fig.8A	0.8683	SIMILAR	ImageTwin_v2.2	pending	analyst_b	Update1 batch scan #15
UPD1-0735	10.1182/bld.upd1-0734	Carrasco	Blood	1999	Fig.3A	0.5218	DISTINCT	ImageTwin_v2.2	disputed	analyst_c	Update1 batch scan #15
UPD1-0736	10.1182/bld.upd1-0735	Anderson	Leukemia	2022	Fig.3B	0.8391	SIMILAR	ImageTwin_v2.2	pending	analyst_c	Update1 batch scan #15
UPD1-0737	10.1182/bld.upd1-0736	Glimcher	Nature Medicine	2012	Fig.6C	0.9925	DUPLICATE	ImageTwin_v2.2	pending	analyst_a	Update1 batch scan #15
UPD1-0738	10.1182/bld.upd1-0737	Hahn	Blood	2015	Fig.1B	0.8644	SIMILAR	ImageTwin_v2.2	pending	analyst_b	Update1 batch scan #15
UPD1-0739	10.1182/bld.upd1-0738	Ghobrial	Blood	2018	Fig.5A	0.9978	DUPLICATE	ImageTwin_v2.2	confirmed	analyst_a	Update1 batch scan #15
UPD1-0740	10.1182/bld.upd1-0739	Ghobrial	Cancer Cell	2014	Fig.8B	0.4631	DISTINCT	ImageTwin_v2.2	disputed	analyst_a	Update1 batch scan #15
UPD1-0741	10.1182/bld.upd1-0740	Ghobrial	Leukemia	1995	Fig.5B	0.5673	DISTINCT	ImageTwin_v2.2	confirmed	analyst_a	Update1 batch scan #15
UPD1-0742	10.1182/bld.upd1-0741	Anderson	Blood	2012	Fig.8C	0.8932	SIMILAR	ImageTwin_v2.2	reviewed	analyst_c	Update1 batch scan #15
UPD1-0743	10.1182/bld.upd1-0742	Carrasco	Cancer Cell	2007	Fig.5B	0.6008	DISTINCT	ImageTwin_v2.2	disputed	analyst_a	Update1 batch scan #15
UPD1-0744	10.1182/bld.upd1-0743	Hahn	Blood	1997	Fig.8B	0.9971	DUPLICATE	ImageTwin_v2.2	reviewed	analyst_a	Update1 batch scan #15
UPD1-0745	10.1182/bld.upd1-0744	Anderson	Science	2002	Fig.2A	0.8995	SIMILAR	ImageTwin_v2.2	disputed	analyst_c	Update1 batch scan #15
UPD1-0746	10.1182/bld.upd1-0745	Carrasco	Nature Medicine	2013	Fig.4B	0.8574	SIMILAR	ImageTwin_v2.2	confirmed	analyst_c	Update1 batch scan #15
UPD1-0747	10.1182/bld.upd1-0746	Ghobrial	Nature Medicine	2018	Fig.6C	0.9723	DUPLICATE	ImageTwin_v2.2	pending	analyst_b	Update1 batch scan #15
UPD1-0748	10.1182/bld.upd1-0747	Ghobrial	Leukemia	1999	Fig.5B	0.9864	DUPLICATE	ImageTwin_v2.2	pending	analyst_b	Update1 batch scan #15
UPD1-0749	10.1182/bld.upd1-0748	Ghobrial	Blood	2003	Fig.7B	0.6191	DISTINCT	ImageTwin_v2.2	reviewed	analyst_b	Update1 batch scan #15
UPD1-0750	10.1182/bld.upd1-0749	Carrasco	Science	1995	Fig.3C	0.8302	SIMILAR	ImageTwin_v2.2	disputed	analyst_a	Update1 batch scan #15
UPD1-0751	10.1182/bld.upd1-0750	Ghobrial	Cancer Cell	2007	Fig.6A	0.8143	SIMILAR	ImageTwin_v2.2	reviewed	analyst_a	Update1 batch scan #16
UPD1-0752	10.1182/bld.upd1-0751	Hahn	Leukemia	1996	Fig.7C	0.8902	SIMILAR	ImageTwin_v2.2	confirmed	analyst_c	Update1 batch scan #16
UPD1-0753	10.1182/bld.upd1-0752	Carrasco	Blood	2019	Fig.5C	0.947	SIMILAR	ImageTwin_v2.2	reviewed	analyst_a	Update1 batch scan #16
UPD1-0754	10.1182/bld.upd1-0753	Carrasco	Nature Medicine	2016	Fig.3A	0.6655	DISTINCT	ImageTwin_v2.2	reviewed	analyst_a	Update1 batch scan #16
UPD1-0755	10.1182/bld.upd1-0754	Anderson	Cancer Cell	2014	Fig.4C	0.4584	DISTINCT	ImageTwin_v2.2	reviewed	analyst_a	Update1 batch scan #16
UPD1-0756	10.1182/bld.upd1-0755	Carrasco	Cancer Cell	2017	Fig.3A	0.7606	DISTINCT	ImageTwin_v2.2	reviewed	analyst_a	Update1 batch scan #16
UPD1-0757	10.1182/bld.upd1-0756	Carrasco	Blood	2022	Fig.8B	0.9692	DUPLICATE	ImageTwin_v2.2	confirmed	analyst_c	Update1 batch scan #16
UPD1-0758	10.1182/bld.upd1-0757	Glimcher	Science	2003	Fig.8C	0.5903	DISTINCT	ImageTwin_v2.2	pending	analyst_c	Update1 batch scan #16
UPD1-0759	10.1182/bld.upd1-0758	Anderson	Blood	2005	Fig.7B	0.6524	DISTINCT	ImageTwin_v2.2	disputed	analyst_b	Update1 batch scan #16
UPD1-0760	10.1182/bld.upd1-0759	Anderson	Science	2008	Fig.2A	0.5382	DISTINCT	ImageTwin_v2.2	disputed	analyst_b	Update1 batch scan #16
UPD1-0761	10.1182/bld.upd1-0760	Hahn	Science	2007	Fig.5C	0.7619	DISTINCT	ImageTwin_v2.2	disputed	analyst_b	Update1 batch scan #16
UPD1-0762	10.1182/bld.upd1-0761	Glimcher	Cancer Cell	2019	Fig.3A	0.9543	DUPLICATE	ImageTwin_v2.2	pending	analyst_b	Update1 batch scan #16
UPD1-0763	10.1182/bld.upd1-0762	Carrasco	Nature Medicine	2020	Fig.6B	0.602	DISTINCT	ImageTwin_v2.2	pending	analyst_b	Update1 batch scan #16
UPD1-0764	10.1182/bld.upd1-0763	Hahn	Nature Medicine	2021	Fig.1A	0.5278	DISTINCT	ImageTwin_v2.2	confirmed	analyst_b	Update1 batch scan #16
UPD1-0765	10.1182/bld.upd1-0764	Glimcher	Blood	2017	Fig.4A	0.9503	DUPLICATE	ImageTwin_v2.2	reviewed	analyst_c	Update1 batch scan #16
UPD1-0766	10.1182/bld.upd1-0765	Ghobrial	Leukemia	2023	Fig.7C	0.6095	DISTINCT	ImageTwin_v2.2	reviewed	analyst_c	Update1 batch scan #16
UPD1-0767	10.1182/bld.upd1-0766	Ghobrial	Blood	2013	Fig.7B	0.809	SIMILAR	ImageTwin_v2.2	reviewed	analyst_a	Update1 batch scan #16
UPD1-0768	10.1182/bld.upd1-0767	Hahn	Science	2019	Fig.3C	0.7174	DISTINCT	ImageTwin_v2.2	pending	analyst_b	Update1 batch scan #16
UPD1-0769	10.1182/bld.upd1-0768	Carrasco	Nature Medicine	2008	Fig.6A	0.5386	DISTINCT	ImageTwin_v2.2	reviewed	analyst_a	Update1 batch scan #16
UPD1-0770	10.1182/bld.upd1-0769	Glimcher	Nature Medicine	2012	Fig.8B	0.5013	DISTINCT	ImageTwin_v2.2	disputed	analyst_b	Update1 batch scan #16
UPD1-0771	10.1182/bld.upd1-0770	Glimcher	Nature Medicine	2000	Fig.6B	0.844	SIMILAR	ImageTwin_v2.2	disputed	analyst_c	Update1 batch scan #16
UPD1-0772	10.1182/bld.upd1-0771	Glimcher	Blood	2023	Fig.3C	0.4993	DISTINCT	ImageTwin_v2.2	pending	analyst_b	Update1 batch scan #16
UPD1-0773	10.1182/bld.upd1-0772	Hahn	Leukemia	2023	Fig.4A	0.8218	SIMILAR	ImageTwin_v2.2	pending	analyst_a	Update1 batch scan #16
UPD1-0774	10.1182/bld.upd1-0773	Ghobrial	Nature Medicine	2002	Fig.5B	0.5387	DISTINCT	ImageTwin_v2.2	confirmed	analyst_c	Update1 batch scan #16
UPD1-0775	10.1182/bld.upd1-0774	Carrasco	Cancer Cell	2010	Fig.8C	0.9859	DUPLICATE	ImageTwin_v2.2	disputed	analyst_b	Update1 batch scan #16
UPD1-0776	10.1182/bld.upd1-0775	Glimcher	Nature Medicine	2016	Fig.2A	0.5762	DISTINCT	ImageTwin_v2.2	reviewed	analyst_a	Update1 batch scan #16
UPD1-0777	10.1182/bld.upd1-0776	Carrasco	Leukemia	2004	Fig.8A	0.7692	DISTINCT	ImageTwin_v2.2	pending	analyst_c	Update1 batch scan #16
UPD1-0778	10.1182/bld.upd1-0777	Carrasco	Cancer Cell	2011	Fig.2C	0.8415	SIMILAR	ImageTwin_v2.2	confirmed	analyst_a	Update1 batch scan #16
UPD1-0779	10.1182/bld.upd1-0778	Carrasco	Cancer Cell	2006	Fig.3A	0.9247	SIMILAR	ImageTwin_v2.2	disputed	analyst_c	Update1 batch scan #16
UPD1-0780	10.1182/bld.upd1-0779	Glimcher	Leukemia	1995	Fig.4A	0.9205	SIMILAR	ImageTwin_v2.2	reviewed	analyst_b	Update1 batch scan #16
UPD1-0781	10.1182/bld.upd1-0780	Carrasco	Science	1995	Fig.6C	0.6029	DISTINCT	ImageTwin_v2.2	reviewed	analyst_b	Update1 batch scan #16
UPD1-0782	10.1182/bld.upd1-0781	Hahn	Leukemia	2009	Fig.1A	0.9985	DUPLICATE	ImageTwin_v2.2	pending	analyst_c	Update1 batch scan #16
UPD1-0783	10.1182/bld.upd1-0782	Anderson	Science	2020	Fig.4A	0.9165	SIMILAR	ImageTwin_v2.2	confirmed	analyst_c	Update1 batch scan #16
UPD1-0784	10.1182/bld.upd1-0783	Glimcher	Nature Medicine	2013	Fig.6C	0.8314	SIMILAR	ImageTwin_v2.2	disputed	analyst_a	Update1 batch scan #16
UPD1-0785	10.1182/bld.upd1-0784	Anderson	Cancer Cell	2009	Fig.2C	0.8924	SIMILAR	ImageTwin_v2.2	confirmed	analyst_b	Update1 batch scan #16
UPD1-0786	10.1182/bld.upd1-0785	Hahn	Science	2019	Fig.6A	0.9912	DUPLICATE	ImageTwin_v2.2	confirmed	analyst_c	Update1 batch scan #16
UPD1-0787	10.1182/bld.upd1-0786	Carrasco	Leukemia	2010	Fig.3A	0.7078	DISTINCT	ImageTwin_v2.2	pending	analyst_b	Update1 batch scan #16
UPD1-0788	10.1182/bld.upd1-0787	Glimcher	Nature Medicine	2003	Fig.6A	0.9207	SIMILAR	ImageTwin_v2.2	reviewed	analyst_a	Update1 batch scan #16
UPD1-0789	10.1182/bld.upd1-0788	Ghobrial	Nature Medicine	1996	Fig.5C	0.6695	DISTINCT	ImageTwin_v2.2	pending	analyst_b	Update1 batch scan #16
UPD1-0790	10.1182/bld.upd1-0789	Hahn	Science	2013	Fig.3A	0.8564	SIMILAR	ImageTwin_v2.2	pending	analyst_b	Update1 batch scan #16
UPD1-0791	10.1182/bld.upd1-0790	Carrasco	Blood	2021	Fig.1B	0.674	DISTINCT	ImageTwin_v2.2	reviewed	analyst_c	Update1 batch scan #16
UPD1-0792	10.1182/bld.upd1-0791	Ghobrial	Blood	1998	Fig.2A	0.7707	DISTINCT	ImageTwin_v2.2	pending	analyst_c	Update1 batch scan #16
UPD1-0793	10.1182/bld.upd1-0792	Hahn	Science	2007	Fig.1B	0.576	DISTINCT	ImageTwin_v2.2	confirmed	analyst_a	Update1 batch scan #16
UPD1-0794	10.1182/bld.upd1-0793	Glimcher	Blood	2014	Fig.1A	0.7703	DISTINCT	ImageTwin_v2.2	disputed	analyst_b	Update1 batch scan #16
UPD1-0795	10.1182/bld.upd1-0794	Carrasco	Blood	2003	Fig.8A	0.6574	DISTINCT	ImageTwin_v2.2	disputed	analyst_c	Update1 batch scan #16
UPD1-0796	10.1182/bld.upd1-0795	Carrasco	Nature Medicine	2005	Fig.2C	0.8753	SIMILAR	ImageTwin_v2.2	disputed	analyst_b	Update1 batch scan #16
UPD1-0797	10.1182/bld.upd1-0796	Glimcher	Science	2004	Fig.5A	0.972	DUPLICATE	ImageTwin_v2.2	disputed	analyst_a	Update1 batch scan #16
UPD1-0798	10.1182/bld.upd1-0797	Carrasco	Science	2013	Fig.8C	0.5372	DISTINCT	ImageTwin_v2.2	pending	analyst_a	Update1 batch scan #16
UPD1-0799	10.1182/bld.upd1-0798	Ghobrial	Nature Medicine	1995	Fig.3A	0.9964	DUPLICATE	ImageTwin_v2.2	disputed	analyst_b	Update1 batch scan #16
UPD1-0800	10.1182/bld.upd1-0799	Carrasco	Nature Medicine	1996	Fig.4B	0.5947	DISTINCT	ImageTwin_v2.2	pending	analyst_c	Update1 batch scan #16
