row_id,category_name,yt_category,meta_category,tt_category,reddit_category,severity,yt_first_action,meta_first_action,tt_first_action,reddit_first_action,yt_repeat_action,meta_repeat_action,tt_repeat_action,reddit_repeat_action,yt_appeal_window,meta_appeal_window,tt_appeal_window,reddit_appeal_window,notes
PM-0001,Violence & Incitement,Violent or Dangerous Content,Safety & Civility,Violent Content,Violent Criminals,low,channel_removal,feature_restrict,warning,suspend_7d,strike_2_14d,content_ban_30d,shadowban,suspend_3d,6 months (strikes) / 12 months (content),Not publicly specified (varies),Not publicly specified,6 months,Cross-platform comparison row 1
PM-0002,Hate Speech,Sensitive Content,Safety & Civility,Hateful Content,Rule 1,critical,channel_removal,warning,warning,warning,strike_1_7d,content_ban_1d,shadowban,suspend_7d,6 months (strikes) / 12 months (content),Not publicly specified (varies),Not publicly specified,6 months,Cross-platform comparison row 2
PM-0003,Spam & Deceptive,Spam & Deceptive Practices,Inauthentic Behavior,Spam,Rule 2,low,warning,warning,shadowban,suspend_3d,strike_1_7d,content_ban_30d,shadowban,perm_ban,6 months (strikes) / 12 months (content),Not publicly specified (varies),Not publicly specified,6 months,Cross-platform comparison row 3
PM-0004,Misinformation,Misinformation,False News,Misinformation,Rule 5,critical,channel_removal,content_ban_1d,warning,warning,channel_removal,feature_restrict,shadowban,suspend_3d,6 months (strikes) / 12 months (content),Not publicly specified (varies),Not publicly specified,6 months,Cross-platform comparison row 4
PM-0005,CSAM,Child Safety,CSAM,CSAM,Rule 4,medium,warning,warning,shadowban,suspend_7d,strike_1_7d,content_ban_30d,strike_90d,suspend_7d,6 months (strikes) / 12 months (content),Not publicly specified (varies),Not publicly specified,6 months,Cross-platform comparison row 5
PM-0006,Adult Sexual Content,Sensitive Content,Adult Sexual Exploitation,Adult Nudity,Explicit Content,critical,strike_1_7d,content_ban_1d,perm_ban,perm_ban,strike_2_14d,content_ban_30d,shadowban,perm_ban,6 months (strikes) / 12 months (content),Not publicly specified (varies),Not publicly specified,6 months,Cross-platform comparison row 6
PM-0007,Harassment,Sensitive Content,Bullying and Harassment,Safety & Civility,Rule 6,critical,warning,content_ban_1d,shadowban,suspend_7d,strike_1_7d,content_ban_30d,perm_ban,perm_ban,6 months (strikes) / 12 months (content),Not publicly specified (varies),Not publicly specified,6 months,Cross-platform comparison row 7
PM-0008,Privacy Violations,Sensitive Content,Privacy Violations,Privacy & Security,Rule 3,high,strike_1_7d,content_ban_1d,strike_90d,suspend_7d,strike_2_14d,feature_restrict,perm_ban,suspend_3d,6 months (strikes) / 12 months (content),Not publicly specified (varies),Not publicly specified,6 months,Cross-platform comparison row 8
PM-0009,Terrorism,Violent or Dangerous Content,Dangerous Organizations,Safety & Civility,Rule 4,high,strike_2_14d,feature_restrict,warning,suspend_7d,channel_removal,content_ban_30d,perm_ban,perm_ban,6 months (strikes) / 12 months (content),Not publicly specified (varies),Not publicly specified,6 months,Cross-platform comparison row 9
PM-0010,Cybersecurity,Regulated Goods,Cybersecurity,Privacy & Security,Rule 7,medium,channel_removal,content_ban_1d,shadowban,suspend_7d,channel_removal,feature_restrict,perm_ban,perm_ban,6 months (strikes) / 12 months (content),Not publicly specified (varies),Not publicly specified,6 months,Cross-platform comparison row 10
PM-0011,Violence & Incitement,Violent or Dangerous Content,Safety & Civility,Violent Content,Violent Criminals,critical,warning,feature_restrict,shadowban,suspend_3d,strike_1_7d,feature_restrict,perm_ban,suspend_7d,6 months (strikes) / 12 months (content),Not publicly specified (varies),Not publicly specified,6 months,Cross-platform comparison row 11
PM-0012,Hate Speech,Sensitive Content,Safety & Civility,Hateful Content,Rule 1,medium,strike_2_14d,warning,warning,perm_ban,strike_1_7d,feature_restrict,shadowban,perm_ban,6 months (strikes) / 12 months (content),Not publicly specified (varies),Not publicly specified,6 months,Cross-platform comparison row 12
PM-0013,Spam & Deceptive,Spam & Deceptive Practices,Inauthentic Behavior,Spam,Rule 2,medium,strike_2_14d,content_ban_1d,shadowban,suspend_7d,channel_removal,content_ban_1d,shadowban,suspend_7d,6 months (strikes) / 12 months (content),Not publicly specified (varies),Not publicly specified,6 months,Cross-platform comparison row 13
PM-0014,Misinformation,Misinformation,False News,Misinformation,Rule 5,medium,channel_removal,feature_restrict,warning,suspend_3d,strike_1_7d,content_ban_30d,strike_90d,suspend_7d,6 months (strikes) / 12 months (content),Not publicly specified (varies),Not publicly specified,6 months,Cross-platform comparison row 14
PM-0015,CSAM,Child Safety,CSAM,CSAM,Rule 4,medium,warning,content_ban_1d,strike_90d,suspend_7d,channel_removal,content_ban_1d,strike_90d,suspend_7d,6 months (strikes) / 12 months (content),Not publicly specified (varies),Not publicly specified,6 months,Cross-platform comparison row 15
PM-0016,Adult Sexual Content,Sensitive Content,Adult Sexual Exploitation,Adult Nudity,Explicit Content,low,strike_1_7d,content_ban_1d,perm_ban,perm_ban,channel_removal,content_ban_30d,strike_90d,suspend_7d,6 months (strikes) / 12 months (content),Not publicly specified (varies),Not publicly specified,6 months,Cross-platform comparison row 16
PM-0017,Harassment,Sensitive Content,Bullying and Harassment,Safety & Civility,Rule 6,high,warning,feature_restrict,shadowban,suspend_7d,strike_1_7d,content_ban_1d,shadowban,perm_ban,6 months (strikes) / 12 months (content),Not publicly specified (varies),Not publicly specified,6 months,Cross-platform comparison row 17
PM-0018,Privacy Violations,Sensitive Content,Privacy Violations,Privacy & Security,Rule 3,medium,channel_removal,feature_restrict,warning,warning,strike_1_7d,content_ban_1d,strike_90d,perm_ban,6 months (strikes) / 12 months (content),Not publicly specified (varies),Not publicly specified,6 months,Cross-platform comparison row 18
PM-0019,Terrorism,Violent or Dangerous Content,Dangerous Organizations,Safety & Civility,Rule 4,low,warning,warning,strike_90d,suspend_7d,strike_1_7d,content_ban_30d,strike_90d,perm_ban,6 months (strikes) / 12 months (content),Not publicly specified (varies),Not publicly specified,6 months,Cross-platform comparison row 19
PM-0020,Cybersecurity,Regulated Goods,Cybersecurity,Privacy & Security,Rule 7,high,strike_1_7d,warning,perm_ban,perm_ban,channel_removal,content_ban_1d,perm_ban,suspend_7d,6 months (strikes) / 12 months (content),Not publicly specified (varies),Not publicly specified,6 months,Cross-platform comparison row 20
PM-0021,Violence & Incitement,Violent or Dangerous Content,Safety & Civility,Violent Content,Violent Criminals,high,strike_1_7d,content_ban_1d,perm_ban,warning,strike_2_14d,feature_restrict,perm_ban,perm_ban,6 months (strikes) / 12 months (content),Not publicly specified (varies),Not publicly specified,6 months,Cross-platform comparison row 21
PM-0022,Hate Speech,Sensitive Content,Safety & Civility,Hateful Content,Rule 1,critical,strike_1_7d,warning,perm_ban,perm_ban,strike_2_14d,content_ban_1d,shadowban,suspend_3d,6 months (strikes) / 12 months (content),Not publicly specified (varies),Not publicly specified,6 months,Cross-platform comparison row 22
PM-0023,Spam & Deceptive,Spam & Deceptive Practices,Inauthentic Behavior,Spam,Rule 2,high,warning,warning,perm_ban,perm_ban,channel_removal,content_ban_1d,shadowban,suspend_7d,6 months (strikes) / 12 months (content),Not publicly specified (varies),Not publicly specified,6 months,Cross-platform comparison row 23
PM-0024,Misinformation,Misinformation,False News,Misinformation,Rule 5,low,strike_2_14d,content_ban_1d,warning,suspend_3d,channel_removal,content_ban_30d,strike_90d,suspend_7d,6 months (strikes) / 12 months (content),Not publicly specified (varies),Not publicly specified,6 months,Cross-platform comparison row 24
PM-0025,CSAM,Child Safety,CSAM,CSAM,Rule 4,low,strike_2_14d,content_ban_1d,strike_90d,warning,channel_removal,content_ban_1d,shadowban,perm_ban,6 months (strikes) / 12 months (content),Not publicly specified (varies),Not publicly specified,6 months,Cross-platform comparison row 25
PM-0026,Adult Sexual Content,Sensitive Content,Adult Sexual Exploitation,Adult Nudity,Explicit Content,high,strike_2_14d,content_ban_1d,warning,warning,channel_removal,feature_restrict,perm_ban,suspend_7d,6 months (strikes) / 12 months (content),Not publicly specified (varies),Not publicly specified,6 months,Cross-platform comparison row 26
PM-0027,Harassment,Sensitive Content,Bullying and Harassment,Safety & Civility,Rule 6,high,channel_removal,warning,shadowban,suspend_7d,channel_removal,content_ban_1d,perm_ban,suspend_7d,6 months (strikes) / 12 months (content),Not publicly specified (varies),Not publicly specified,6 months,Cross-platform comparison row 27
PM-0028,Privacy Violations,Sensitive Content,Privacy Violations,Privacy & Security,Rule 3,medium,strike_1_7d,feature_restrict,shadowban,suspend_7d,strike_1_7d,content_ban_30d,strike_90d,suspend_7d,6 months (strikes) / 12 months (content),Not publicly specified (varies),Not publicly specified,6 months,Cross-platform comparison row 28
PM-0029,Terrorism,Violent or Dangerous Content,Dangerous Organizations,Safety & Civility,Rule 4,critical,strike_1_7d,feature_restrict,shadowban,warning,strike_2_14d,content_ban_30d,strike_90d,suspend_3d,6 months (strikes) / 12 months (content),Not publicly specified (varies),Not publicly specified,6 months,Cross-platform comparison row 29
PM-0030,Cybersecurity,Regulated Goods,Cybersecurity,Privacy & Security,Rule 7,low,strike_2_14d,content_ban_1d,shadowban,warning,strike_2_14d,content_ban_30d,perm_ban,suspend_3d,6 months (strikes) / 12 months (content),Not publicly specified (varies),Not publicly specified,6 months,Cross-platform comparison row 30
PM-0031,Violence & Incitement,Violent or Dangerous Content,Safety & Civility,Violent Content,Violent Criminals,critical,strike_1_7d,feature_restrict,warning,warning,strike_2_14d,content_ban_1d,strike_90d,suspend_7d,6 months (strikes) / 12 months (content),Not publicly specified (varies),Not publicly specified,6 months,Cross-platform comparison row 31
PM-0032,Hate Speech,Sensitive Content,Safety & Civility,Hateful Content,Rule 1,low,warning,content_ban_1d,shadowban,warning,strike_1_7d,content_ban_1d,shadowban,suspend_7d,6 months (strikes) / 12 months (content),Not publicly specified (varies),Not publicly specified,6 months,Cross-platform comparison row 32
PM-0033,Spam & Deceptive,Spam & Deceptive Practices,Inauthentic Behavior,Spam,Rule 2,high,warning,feature_restrict,warning,suspend_3d,channel_removal,feature_restrict,shadowban,suspend_3d,6 months (strikes) / 12 months (content),Not publicly specified (varies),Not publicly specified,6 months,Cross-platform comparison row 33
PM-0034,Misinformation,Misinformation,False News,Misinformation,Rule 5,medium,channel_removal,feature_restrict,warning,warning,strike_1_7d,content_ban_30d,perm_ban,suspend_3d,6 months (strikes) / 12 months (content),Not publicly specified (varies),Not publicly specified,6 months,Cross-platform comparison row 34
PM-0035,CSAM,Child Safety,CSAM,CSAM,Rule 4,low,warning,content_ban_1d,shadowban,suspend_7d,strike_1_7d,content_ban_1d,perm_ban,perm_ban,6 months (strikes) / 12 months (content),Not publicly specified (varies),Not publicly specified,6 months,Cross-platform comparison row 35
PM-0036,Adult Sexual Content,Sensitive Content,Adult Sexual Exploitation,Adult Nudity,Explicit Content,critical,channel_removal,feature_restrict,shadowban,suspend_7d,channel_removal,feature_restrict,perm_ban,suspend_3d,6 months (strikes) / 12 months (content),Not publicly specified (varies),Not publicly specified,6 months,Cross-platform comparison row 36
PM-0037,Harassment,Sensitive Content,Bullying and Harassment,Safety & Civility,Rule 6,high,strike_1_7d,content_ban_1d,strike_90d,suspend_3d,channel_removal,content_ban_1d,strike_90d,suspend_7d,6 months (strikes) / 12 months (content),Not publicly specified (varies),Not publicly specified,6 months,Cross-platform comparison row 37
PM-0038,Privacy Violations,Sensitive Content,Privacy Violations,Privacy & Security,Rule 3,low,strike_1_7d,feature_restrict,warning,suspend_3d,strike_1_7d,content_ban_1d,strike_90d,perm_ban,6 months (strikes) / 12 months (content),Not publicly specified (varies),Not publicly specified,6 months,Cross-platform comparison row 38
PM-0039,Terrorism,Violent or Dangerous Content,Dangerous Organizations,Safety & Civility,Rule 4,medium,strike_1_7d,content_ban_30d,perm_ban,perm_ban,channel_removal,content_ban_30d,shadowban,suspend_7d,6 months (strikes) / 12 months (content),Not publicly specified (varies),Not publicly specified,6 months,Cross-platform comparison row 39
PM-0040,Cybersecurity,Regulated Goods,Cybersecurity,Privacy & Security,Rule 7,high,channel_removal,feature_restrict,warning,suspend_7d,strike_1_7d,feature_restrict,perm_ban,perm_ban,6 months (strikes) / 12 months (content),Not publicly specified (varies),Not publicly specified,6 months,Cross-platform comparison row 40
PM-0041,Violence & Incitement,Violent or Dangerous Content,Safety & Civility,Violent Content,Violent Criminals,high,warning,warning,warning,suspend_7d,strike_1_7d,content_ban_30d,strike_90d,perm_ban,6 months (strikes) / 12 months (content),Not publicly specified (varies),Not publicly specified,6 months,Cross-platform comparison row 41
PM-0042,Hate Speech,Sensitive Content,Safety & Civility,Hateful Content,Rule 1,high,strike_2_14d,feature_restrict,warning,perm_ban,channel_removal,feature_restrict,perm_ban,perm_ban,6 months (strikes) / 12 months (content),Not publicly specified (varies),Not publicly specified,6 months,Cross-platform comparison row 42
PM-0043,Spam & Deceptive,Spam & Deceptive Practices,Inauthentic Behavior,Spam,Rule 2,medium,warning,content_ban_1d,shadowban,suspend_7d,channel_removal,content_ban_30d,perm_ban,suspend_7d,6 months (strikes) / 12 months (content),Not publicly specified (varies),Not publicly specified,6 months,Cross-platform comparison row 43
PM-0044,Misinformation,Misinformation,False News,Misinformation,Rule 5,high,strike_1_7d,warning,warning,perm_ban,channel_removal,feature_restrict,perm_ban,suspend_3d,6 months (strikes) / 12 months (content),Not publicly specified (varies),Not publicly specified,6 months,Cross-platform comparison row 44
PM-0045,CSAM,Child Safety,CSAM,CSAM,Rule 4,high,warning,feature_restrict,shadowban,suspend_7d,strike_1_7d,content_ban_30d,perm_ban,suspend_7d,6 months (strikes) / 12 months (content),Not publicly specified (varies),Not publicly specified,6 months,Cross-platform comparison row 45
PM-0046,Adult Sexual Content,Sensitive Content,Adult Sexual Exploitation,Adult Nudity,Explicit Content,medium,channel_removal,content_ban_30d,warning,suspend_7d,strike_1_7d,feature_restrict,shadowban,perm_ban,6 months (strikes) / 12 months (content),Not publicly specified (varies),Not publicly specified,6 months,Cross-platform comparison row 46
PM-0047,Harassment,Sensitive Content,Bullying and Harassment,Safety & Civility,Rule 6,low,channel_removal,warning,shadowban,suspend_7d,strike_1_7d,feature_restrict,shadowban,suspend_7d,6 months (strikes) / 12 months (content),Not publicly specified (varies),Not publicly specified,6 months,Cross-platform comparison row 47
PM-0048,Privacy Violations,Sensitive Content,Privacy Violations,Privacy & Security,Rule 3,critical,channel_removal,content_ban_30d,shadowban,suspend_7d,strike_2_14d,feature_restrict,strike_90d,suspend_7d,6 months (strikes) / 12 months (content),Not publicly specified (varies),Not publicly specified,6 months,Cross-platform comparison row 48
PM-0049,Terrorism,Violent or Dangerous Content,Dangerous Organizations,Safety & Civility,Rule 4,low,warning,content_ban_1d,strike_90d,suspend_3d,strike_2_14d,content_ban_1d,strike_90d,perm_ban,6 months (strikes) / 12 months (content),Not publicly specified (varies),Not publicly specified,6 months,Cross-platform comparison row 49
PM-0050,Cybersecurity,Regulated Goods,Cybersecurity,Privacy & Security,Rule 7,medium,strike_1_7d,content_ban_30d,shadowban,suspend_3d,channel_removal,feature_restrict,strike_90d,suspend_3d,6 months (strikes) / 12 months (content),Not publicly specified (varies),Not publicly specified,6 months,Cross-platform comparison row 50
PM-0051,Violence & Incitement,Violent or Dangerous Content,Safety & Civility,Violent Content,Violent Criminals,high,strike_2_14d,warning,shadowban,suspend_7d,strike_2_14d,feature_restrict,shadowban,suspend_7d,6 months (strikes) / 12 months (content),Not publicly specified (varies),Not publicly specified,6 months,Cross-platform comparison row 51
PM-0052,Hate Speech,Sensitive Content,Safety & Civility,Hateful Content,Rule 1,low,strike_2_14d,content_ban_1d,strike_90d,suspend_7d,strike_2_14d,feature_restrict,perm_ban,suspend_7d,6 months (strikes) / 12 months (content),Not publicly specified (varies),Not publicly specified,6 months,Cross-platform comparison row 52
PM-0053,Spam & Deceptive,Spam & Deceptive Practices,Inauthentic Behavior,Spam,Rule 2,medium,channel_removal,content_ban_1d,perm_ban,warning,strike_1_7d,content_ban_1d,perm_ban,suspend_7d,6 months (strikes) / 12 months (content),Not publicly specified (varies),Not publicly specified,6 months,Cross-platform comparison row 53
PM-0054,Misinformation,Misinformation,False News,Misinformation,Rule 5,low,strike_2_14d,content_ban_30d,strike_90d,suspend_3d,strike_2_14d,content_ban_1d,shadowban,suspend_7d,6 months (strikes) / 12 months (content),Not publicly specified (varies),Not publicly specified,6 months,Cross-platform comparison row 54
PM-0055,CSAM,Child Safety,CSAM,CSAM,Rule 4,low,channel_removal,warning,perm_ban,suspend_3d,channel_removal,feature_restrict,strike_90d,perm_ban,6 months (strikes) / 12 months (content),Not publicly specified (varies),Not publicly specified,6 months,Cross-platform comparison row 55
PM-0056,Adult Sexual Content,Sensitive Content,Adult Sexual Exploitation,Adult Nudity,Explicit Content,high,channel_removal,content_ban_30d,perm_ban,perm_ban,channel_removal,feature_restrict,shadowban,perm_ban,6 months (strikes) / 12 months (content),Not publicly specified (varies),Not publicly specified,6 months,Cross-platform comparison row 56
PM-0057,Harassment,Sensitive Content,Bullying and Harassment,Safety & Civility,Rule 6,high,strike_1_7d,warning,warning,perm_ban,channel_removal,content_ban_30d,perm_ban,suspend_3d,6 months (strikes) / 12 months (content),Not publicly specified (varies),Not publicly specified,6 months,Cross-platform comparison row 57
PM-0058,Privacy Violations,Sensitive Content,Privacy Violations,Privacy & Security,Rule 3,low,strike_1_7d,warning,strike_90d,suspend_7d,strike_2_14d,content_ban_1d,shadowban,suspend_7d,6 months (strikes) / 12 months (content),Not publicly specified (varies),Not publicly specified,6 months,Cross-platform comparison row 58
PM-0059,Terrorism,Violent or Dangerous Content,Dangerous Organizations,Safety & Civility,Rule 4,critical,strike_1_7d,content_ban_30d,shadowban,suspend_3d,strike_2_14d,content_ban_1d,shadowban,suspend_7d,6 months (strikes) / 12 months (content),Not publicly specified (varies),Not publicly specified,6 months,Cross-platform comparison row 59
PM-0060,Cybersecurity,Regulated Goods,Cybersecurity,Privacy & Security,Rule 7,critical,warning,content_ban_30d,shadowban,suspend_7d,channel_removal,content_ban_1d,strike_90d,suspend_7d,6 months (strikes) / 12 months (content),Not publicly specified (varies),Not publicly specified,6 months,Cross-platform comparison row 60
PM-0061,Violence & Incitement,Violent or Dangerous Content,Safety & Civility,Violent Content,Violent Criminals,medium,strike_1_7d,content_ban_30d,strike_90d,perm_ban,strike_1_7d,content_ban_1d,strike_90d,perm_ban,6 months (strikes) / 12 months (content),Not publicly specified (varies),Not publicly specified,6 months,Cross-platform comparison row 61
PM-0062,Hate Speech,Sensitive Content,Safety & Civility,Hateful Content,Rule 1,low,channel_removal,feature_restrict,warning,perm_ban,strike_1_7d,content_ban_30d,strike_90d,suspend_7d,6 months (strikes) / 12 months (content),Not publicly specified (varies),Not publicly specified,6 months,Cross-platform comparison row 62
PM-0063,Spam & Deceptive,Spam & Deceptive Practices,Inauthentic Behavior,Spam,Rule 2,low,strike_1_7d,warning,warning,warning,strike_2_14d,content_ban_1d,shadowban,suspend_3d,6 months (strikes) / 12 months (content),Not publicly specified (varies),Not publicly specified,6 months,Cross-platform comparison row 63
PM-0064,Misinformation,Misinformation,False News,Misinformation,Rule 5,high,strike_1_7d,content_ban_1d,strike_90d,perm_ban,strike_2_14d,content_ban_30d,strike_90d,perm_ban,6 months (strikes) / 12 months (content),Not publicly specified (varies),Not publicly specified,6 months,Cross-platform comparison row 64
PM-0065,CSAM,Child Safety,CSAM,CSAM,Rule 4,low,strike_2_14d,content_ban_30d,strike_90d,suspend_7d,strike_1_7d,content_ban_1d,shadowban,suspend_7d,6 months (strikes) / 12 months (content),Not publicly specified (varies),Not publicly specified,6 months,Cross-platform comparison row 65
PM-0066,Adult Sexual Content,Sensitive Content,Adult Sexual Exploitation,Adult Nudity,Explicit Content,high,strike_1_7d,content_ban_30d,strike_90d,perm_ban,channel_removal,feature_restrict,strike_90d,suspend_3d,6 months (strikes) / 12 months (content),Not publicly specified (varies),Not publicly specified,6 months,Cross-platform comparison row 66
PM-0067,Harassment,Sensitive Content,Bullying and Harassment,Safety & Civility,Rule 6,critical,strike_2_14d,feature_restrict,shadowban,suspend_7d,channel_removal,feature_restrict,shadowban,perm_ban,6 months (strikes) / 12 months (content),Not publicly specified (varies),Not publicly specified,6 months,Cross-platform comparison row 67
PM-0068,Privacy Violations,Sensitive Content,Privacy Violations,Privacy & Security,Rule 3,critical,strike_1_7d,warning,shadowban,warning,strike_1_7d,feature_restrict,perm_ban,suspend_7d,6 months (strikes) / 12 months (content),Not publicly specified (varies),Not publicly specified,6 months,Cross-platform comparison row 68
PM-0069,Terrorism,Violent or Dangerous Content,Dangerous Organizations,Safety & Civility,Rule 4,low,warning,warning,shadowban,warning,channel_removal,feature_restrict,strike_90d,suspend_7d,6 months (strikes) / 12 months (content),Not publicly specified (varies),Not publicly specified,6 months,Cross-platform comparison row 69
PM-0070,Cybersecurity,Regulated Goods,Cybersecurity,Privacy & Security,Rule 7,medium,channel_removal,feature_restrict,warning,perm_ban,strike_1_7d,content_ban_30d,strike_90d,suspend_7d,6 months (strikes) / 12 months (content),Not publicly specified (varies),Not publicly specified,6 months,Cross-platform comparison row 70
PM-0071,Violence & Incitement,Violent or Dangerous Content,Safety & Civility,Violent Content,Violent Criminals,high,warning,feature_restrict,strike_90d,suspend_7d,strike_1_7d,feature_restrict,shadowban,suspend_7d,6 months (strikes) / 12 months (content),Not publicly specified (varies),Not publicly specified,6 months,Cross-platform comparison row 71
PM-0072,Hate Speech,Sensitive Content,Safety & Civility,Hateful Content,Rule 1,low,strike_2_14d,feature_restrict,strike_90d,suspend_7d,channel_removal,content_ban_1d,perm_ban,suspend_7d,6 months (strikes) / 12 months (content),Not publicly specified (varies),Not publicly specified,6 months,Cross-platform comparison row 72
PM-0073,Spam & Deceptive,Spam & Deceptive Practices,Inauthentic Behavior,Spam,Rule 2,high,warning,content_ban_1d,shadowban,perm_ban,strike_2_14d,content_ban_1d,shadowban,perm_ban,6 months (strikes) / 12 months (content),Not publicly specified (varies),Not publicly specified,6 months,Cross-platform comparison row 73
PM-0074,Misinformation,Misinformation,False News,Misinformation,Rule 5,low,warning,feature_restrict,perm_ban,perm_ban,channel_removal,content_ban_30d,strike_90d,suspend_3d,6 months (strikes) / 12 months (content),Not publicly specified (varies),Not publicly specified,6 months,Cross-platform comparison row 74
PM-0075,CSAM,Child Safety,CSAM,CSAM,Rule 4,critical,strike_1_7d,content_ban_30d,warning,perm_ban,channel_removal,feature_restrict,strike_90d,perm_ban,6 months (strikes) / 12 months (content),Not publicly specified (varies),Not publicly specified,6 months,Cross-platform comparison row 75
PM-0076,Adult Sexual Content,Sensitive Content,Adult Sexual Exploitation,Adult Nudity,Explicit Content,low,strike_1_7d,warning,strike_90d,suspend_3d,strike_2_14d,content_ban_30d,strike_90d,suspend_7d,6 months (strikes) / 12 months (content),Not publicly specified (varies),Not publicly specified,6 months,Cross-platform comparison row 76
PM-0077,Harassment,Sensitive Content,Bullying and Harassment,Safety & Civility,Rule 6,high,warning,feature_restrict,shadowban,suspend_3d,strike_2_14d,content_ban_1d,shadowban,perm_ban,6 months (strikes) / 12 months (content),Not publicly specified (varies),Not publicly specified,6 months,Cross-platform comparison row 77
PM-0078,Privacy Violations,Sensitive Content,Privacy Violations,Privacy & Security,Rule 3,critical,channel_removal,content_ban_30d,warning,warning,strike_1_7d,feature_restrict,strike_90d,perm_ban,6 months (strikes) / 12 months (content),Not publicly specified (varies),Not publicly specified,6 months,Cross-platform comparison row 78
PM-0079,Terrorism,Violent or Dangerous Content,Dangerous Organizations,Safety & Civility,Rule 4,low,strike_1_7d,warning,strike_90d,perm_ban,channel_removal,content_ban_30d,strike_90d,perm_ban,6 months (strikes) / 12 months (content),Not publicly specified (varies),Not publicly specified,6 months,Cross-platform comparison row 79
PM-0080,Cybersecurity,Regulated Goods,Cybersecurity,Privacy & Security,Rule 7,low,warning,content_ban_30d,warning,perm_ban,strike_1_7d,content_ban_1d,shadowban,perm_ban,6 months (strikes) / 12 months (content),Not publicly specified (varies),Not publicly specified,6 months,Cross-platform comparison row 80
PM-0081,Violence & Incitement,Violent or Dangerous Content,Safety & Civility,Violent Content,Violent Criminals,medium,warning,feature_restrict,perm_ban,perm_ban,strike_2_14d,content_ban_30d,perm_ban,suspend_3d,6 months (strikes) / 12 months (content),Not publicly specified (varies),Not publicly specified,6 months,Cross-platform comparison row 81
PM-0082,Hate Speech,Sensitive Content,Safety & Civility,Hateful Content,Rule 1,critical,warning,warning,shadowban,warning,strike_2_14d,feature_restrict,strike_90d,suspend_3d,6 months (strikes) / 12 months (content),Not publicly specified (varies),Not publicly specified,6 months,Cross-platform comparison row 82
PM-0083,Spam & Deceptive,Spam & Deceptive Practices,Inauthentic Behavior,Spam,Rule 2,critical,warning,content_ban_30d,warning,perm_ban,strike_1_7d,content_ban_1d,perm_ban,perm_ban,6 months (strikes) / 12 months (content),Not publicly specified (varies),Not publicly specified,6 months,Cross-platform comparison row 83
PM-0084,Misinformation,Misinformation,False News,Misinformation,Rule 5,medium,strike_1_7d,warning,perm_ban,warning,strike_2_14d,content_ban_30d,perm_ban,suspend_3d,6 months (strikes) / 12 months (content),Not publicly specified (varies),Not publicly specified,6 months,Cross-platform comparison row 84
PM-0085,CSAM,Child Safety,CSAM,CSAM,Rule 4,medium,strike_1_7d,content_ban_30d,shadowban,perm_ban,channel_removal,content_ban_1d,shadowban,perm_ban,6 months (strikes) / 12 months (content),Not publicly specified (varies),Not publicly specified,6 months,Cross-platform comparison row 85
PM-0086,Adult Sexual Content,Sensitive Content,Adult Sexual Exploitation,Adult Nudity,Explicit Content,high,strike_2_14d,warning,warning,suspend_3d,strike_2_14d,feature_restrict,shadowban,perm_ban,6 months (strikes) / 12 months (content),Not publicly specified (varies),Not publicly specified,6 months,Cross-platform comparison row 86
PM-0087,Harassment,Sensitive Content,Bullying and Harassment,Safety & Civility,Rule 6,critical,channel_removal,content_ban_30d,strike_90d,suspend_3d,strike_2_14d,feature_restrict,perm_ban,suspend_7d,6 months (strikes) / 12 months (content),Not publicly specified (varies),Not publicly specified,6 months,Cross-platform comparison row 87
PM-0088,Privacy Violations,Sensitive Content,Privacy Violations,Privacy & Security,Rule 3,high,channel_removal,warning,strike_90d,warning,strike_2_14d,feature_restrict,shadowban,perm_ban,6 months (strikes) / 12 months (content),Not publicly specified (varies),Not publicly specified,6 months,Cross-platform comparison row 88
PM-0089,Terrorism,Violent or Dangerous Content,Dangerous Organizations,Safety & Civility,Rule 4,medium,warning,feature_restrict,strike_90d,warning,channel_removal,feature_restrict,perm_ban,perm_ban,6 months (strikes) / 12 months (content),Not publicly specified (varies),Not publicly specified,6 months,Cross-platform comparison row 89
PM-0090,Cybersecurity,Regulated Goods,Cybersecurity,Privacy & Security,Rule 7,critical,channel_removal,feature_restrict,perm_ban,suspend_7d,strike_1_7d,content_ban_30d,perm_ban,suspend_3d,6 months (strikes) / 12 months (content),Not publicly specified (varies),Not publicly specified,6 months,Cross-platform comparison row 90
PM-0091,Violence & Incitement,Violent or Dangerous Content,Safety & Civility,Violent Content,Violent Criminals,critical,strike_2_14d,feature_restrict,warning,suspend_3d,strike_1_7d,feature_restrict,shadowban,perm_ban,6 months (strikes) / 12 months (content),Not publicly specified (varies),Not publicly specified,6 months,Cross-platform comparison row 91
PM-0092,Hate Speech,Sensitive Content,Safety & Civility,Hateful Content,Rule 1,high,strike_1_7d,content_ban_30d,shadowban,warning,strike_1_7d,content_ban_30d,shadowban,perm_ban,6 months (strikes) / 12 months (content),Not publicly specified (varies),Not publicly specified,6 months,Cross-platform comparison row 92
PM-0093,Spam & Deceptive,Spam & Deceptive Practices,Inauthentic Behavior,Spam,Rule 2,critical,warning,feature_restrict,strike_90d,warning,strike_1_7d,feature_restrict,perm_ban,suspend_3d,6 months (strikes) / 12 months (content),Not publicly specified (varies),Not publicly specified,6 months,Cross-platform comparison row 93
PM-0094,Misinformation,Misinformation,False News,Misinformation,Rule 5,medium,channel_removal,content_ban_30d,shadowban,suspend_3d,channel_removal,feature_restrict,strike_90d,suspend_3d,6 months (strikes) / 12 months (content),Not publicly specified (varies),Not publicly specified,6 months,Cross-platform comparison row 94
PM-0095,CSAM,Child Safety,CSAM,CSAM,Rule 4,medium,channel_removal,content_ban_1d,shadowban,suspend_3d,strike_1_7d,content_ban_1d,strike_90d,perm_ban,6 months (strikes) / 12 months (content),Not publicly specified (varies),Not publicly specified,6 months,Cross-platform comparison row 95
PM-0096,Adult Sexual Content,Sensitive Content,Adult Sexual Exploitation,Adult Nudity,Explicit Content,medium,warning,content_ban_1d,strike_90d,warning,strike_2_14d,content_ban_30d,strike_90d,suspend_3d,6 months (strikes) / 12 months (content),Not publicly specified (varies),Not publicly specified,6 months,Cross-platform comparison row 96
PM-0097,Harassment,Sensitive Content,Bullying and Harassment,Safety & Civility,Rule 6,high,strike_2_14d,warning,shadowban,perm_ban,channel_removal,content_ban_30d,strike_90d,suspend_3d,6 months (strikes) / 12 months (content),Not publicly specified (varies),Not publicly specified,6 months,Cross-platform comparison row 97
PM-0098,Privacy Violations,Sensitive Content,Privacy Violations,Privacy & Security,Rule 3,medium,channel_removal,warning,strike_90d,suspend_3d,strike_2_14d,feature_restrict,strike_90d,suspend_7d,6 months (strikes) / 12 months (content),Not publicly specified (varies),Not publicly specified,6 months,Cross-platform comparison row 98
PM-0099,Terrorism,Violent or Dangerous Content,Dangerous Organizations,Safety & Civility,Rule 4,high,warning,feature_restrict,strike_90d,suspend_3d,strike_1_7d,feature_restrict,shadowban,suspend_7d,6 months (strikes) / 12 months (content),Not publicly specified (varies),Not publicly specified,6 months,Cross-platform comparison row 99
PM-0100,Cybersecurity,Regulated Goods,Cybersecurity,Privacy & Security,Rule 7,high,warning,content_ban_1d,warning,perm_ban,strike_1_7d,content_ban_30d,perm_ban,suspend_3d,6 months (strikes) / 12 months (content),Not publicly specified (varies),Not publicly specified,6 months,Cross-platform comparison row 100
PM-0101,Violence & Incitement,Violent or Dangerous Content,Safety & Civility,Violent Content,Violent Criminals,critical,strike_2_14d,feature_restrict,strike_90d,suspend_3d,strike_1_7d,content_ban_1d,shadowban,perm_ban,6 months (strikes) / 12 months (content),Not publicly specified (varies),Not publicly specified,6 months,Cross-platform comparison row 101
PM-0102,Hate Speech,Sensitive Content,Safety & Civility,Hateful Content,Rule 1,low,warning,feature_restrict,shadowban,suspend_7d,strike_1_7d,content_ban_1d,perm_ban,suspend_3d,6 months (strikes) / 12 months (content),Not publicly specified (varies),Not publicly specified,6 months,Cross-platform comparison row 102
PM-0103,Spam & Deceptive,Spam & Deceptive Practices,Inauthentic Behavior,Spam,Rule 2,low,channel_removal,warning,shadowban,suspend_3d,strike_2_14d,content_ban_30d,shadowban,perm_ban,6 months (strikes) / 12 months (content),Not publicly specified (varies),Not publicly specified,6 months,Cross-platform comparison row 103
PM-0104,Misinformation,Misinformation,False News,Misinformation,Rule 5,high,warning,warning,strike_90d,perm_ban,strike_2_14d,content_ban_30d,strike_90d,suspend_3d,6 months (strikes) / 12 months (content),Not publicly specified (varies),Not publicly specified,6 months,Cross-platform comparison row 104
PM-0105,CSAM,Child Safety,CSAM,CSAM,Rule 4,low,strike_2_14d,content_ban_30d,shadowban,warning,strike_1_7d,content_ban_30d,shadowban,suspend_7d,6 months (strikes) / 12 months (content),Not publicly specified (varies),Not publicly specified,6 months,Cross-platform comparison row 105
PM-0106,Adult Sexual Content,Sensitive Content,Adult Sexual Exploitation,Adult Nudity,Explicit Content,medium,warning,feature_restrict,warning,perm_ban,channel_removal,content_ban_1d,strike_90d,suspend_7d,6 months (strikes) / 12 months (content),Not publicly specified (varies),Not publicly specified,6 months,Cross-platform comparison row 106
PM-0107,Harassment,Sensitive Content,Bullying and Harassment,Safety & Civility,Rule 6,critical,channel_removal,content_ban_1d,perm_ban,suspend_7d,channel_removal,content_ban_1d,perm_ban,suspend_3d,6 months (strikes) / 12 months (content),Not publicly specified (varies),Not publicly specified,6 months,Cross-platform comparison row 107
PM-0108,Privacy Violations,Sensitive Content,Privacy Violations,Privacy & Security,Rule 3,low,strike_1_7d,feature_restrict,strike_90d,suspend_3d,strike_2_14d,content_ban_30d,perm_ban,suspend_7d,6 months (strikes) / 12 months (content),Not publicly specified (varies),Not publicly specified,6 months,Cross-platform comparison row 108
PM-0109,Terrorism,Violent or Dangerous Content,Dangerous Organizations,Safety & Civility,Rule 4,low,warning,warning,warning,suspend_7d,channel_removal,feature_restrict,perm_ban,suspend_7d,6 months (strikes) / 12 months (content),Not publicly specified (varies),Not publicly specified,6 months,Cross-platform comparison row 109
PM-0110,Cybersecurity,Regulated Goods,Cybersecurity,Privacy & Security,Rule 7,medium,strike_2_14d,content_ban_30d,strike_90d,suspend_7d,strike_1_7d,feature_restrict,strike_90d,suspend_3d,6 months (strikes) / 12 months (content),Not publicly specified (varies),Not publicly specified,6 months,Cross-platform comparison row 110
PM-0111,Violence & Incitement,Violent or Dangerous Content,Safety & Civility,Violent Content,Violent Criminals,critical,warning,content_ban_1d,shadowban,perm_ban,channel_removal,content_ban_30d,perm_ban,perm_ban,6 months (strikes) / 12 months (content),Not publicly specified (varies),Not publicly specified,6 months,Cross-platform comparison row 111
PM-0112,Hate Speech,Sensitive Content,Safety & Civility,Hateful Content,Rule 1,high,warning,content_ban_1d,shadowban,suspend_7d,strike_2_14d,content_ban_30d,perm_ban,suspend_3d,6 months (strikes) / 12 months (content),Not publicly specified (varies),Not publicly specified,6 months,Cross-platform comparison row 112
PM-0113,Spam & Deceptive,Spam & Deceptive Practices,Inauthentic Behavior,Spam,Rule 2,low,channel_removal,warning,shadowban,suspend_3d,channel_removal,content_ban_1d,strike_90d,suspend_3d,6 months (strikes) / 12 months (content),Not publicly specified (varies),Not publicly specified,6 months,Cross-platform comparison row 113
PM-0114,Misinformation,Misinformation,False News,Misinformation,Rule 5,critical,strike_2_14d,warning,warning,perm_ban,channel_removal,feature_restrict,strike_90d,perm_ban,6 months (strikes) / 12 months (content),Not publicly specified (varies),Not publicly specified,6 months,Cross-platform comparison row 114
PM-0115,CSAM,Child Safety,CSAM,CSAM,Rule 4,high,strike_2_14d,content_ban_30d,perm_ban,suspend_7d,channel_removal,content_ban_1d,shadowban,suspend_3d,6 months (strikes) / 12 months (content),Not publicly specified (varies),Not publicly specified,6 months,Cross-platform comparison row 115
PM-0116,Adult Sexual Content,Sensitive Content,Adult Sexual Exploitation,Adult Nudity,Explicit Content,medium,warning,content_ban_30d,shadowban,perm_ban,strike_2_14d,content_ban_30d,strike_90d,suspend_7d,6 months (strikes) / 12 months (content),Not publicly specified (varies),Not publicly specified,6 months,Cross-platform comparison row 116
PM-0117,Harassment,Sensitive Content,Bullying and Harassment,Safety & Civility,Rule 6,low,channel_removal,warning,warning,suspend_7d,strike_2_14d,content_ban_1d,shadowban,suspend_7d,6 months (strikes) / 12 months (content),Not publicly specified (varies),Not publicly specified,6 months,Cross-platform comparison row 117
PM-0118,Privacy Violations,Sensitive Content,Privacy Violations,Privacy & Security,Rule 3,low,strike_1_7d,feature_restrict,strike_90d,warning,strike_2_14d,content_ban_30d,strike_90d,suspend_7d,6 months (strikes) / 12 months (content),Not publicly specified (varies),Not publicly specified,6 months,Cross-platform comparison row 118
PM-0119,Terrorism,Violent or Dangerous Content,Dangerous Organizations,Safety & Civility,Rule 4,high,strike_1_7d,content_ban_1d,strike_90d,perm_ban,strike_1_7d,content_ban_30d,perm_ban,suspend_7d,6 months (strikes) / 12 months (content),Not publicly specified (varies),Not publicly specified,6 months,Cross-platform comparison row 119
PM-0120,Cybersecurity,Regulated Goods,Cybersecurity,Privacy & Security,Rule 7,medium,warning,content_ban_1d,shadowban,warning,strike_1_7d,content_ban_1d,perm_ban,perm_ban,6 months (strikes) / 12 months (content),Not publicly specified (varies),Not publicly specified,6 months,Cross-platform comparison row 120
PM-0121,Violence & Incitement,Violent or Dangerous Content,Safety & Civility,Violent Content,Violent Criminals,critical,channel_removal,content_ban_1d,warning,perm_ban,strike_2_14d,content_ban_30d,shadowban,perm_ban,6 months (strikes) / 12 months (content),Not publicly specified (varies),Not publicly specified,6 months,Cross-platform comparison row 121
PM-0122,Hate Speech,Sensitive Content,Safety & Civility,Hateful Content,Rule 1,low,channel_removal,content_ban_1d,warning,warning,strike_2_14d,content_ban_30d,strike_90d,suspend_7d,6 months (strikes) / 12 months (content),Not publicly specified (varies),Not publicly specified,6 months,Cross-platform comparison row 122
PM-0123,Spam & Deceptive,Spam & Deceptive Practices,Inauthentic Behavior,Spam,Rule 2,critical,channel_removal,feature_restrict,warning,warning,channel_removal,content_ban_30d,strike_90d,suspend_7d,6 months (strikes) / 12 months (content),Not publicly specified (varies),Not publicly specified,6 months,Cross-platform comparison row 123
PM-0124,Misinformation,Misinformation,False News,Misinformation,Rule 5,low,channel_removal,warning,warning,perm_ban,channel_removal,content_ban_1d,shadowban,perm_ban,6 months (strikes) / 12 months (content),Not publicly specified (varies),Not publicly specified,6 months,Cross-platform comparison row 124
PM-0125,CSAM,Child Safety,CSAM,CSAM,Rule 4,low,warning,warning,warning,warning,strike_1_7d,feature_restrict,shadowban,suspend_3d,6 months (strikes) / 12 months (content),Not publicly specified (varies),Not publicly specified,6 months,Cross-platform comparison row 125
PM-0126,Adult Sexual Content,Sensitive Content,Adult Sexual Exploitation,Adult Nudity,Explicit Content,medium,strike_1_7d,content_ban_1d,strike_90d,suspend_3d,channel_removal,content_ban_1d,strike_90d,suspend_3d,6 months (strikes) / 12 months (content),Not publicly specified (varies),Not publicly specified,6 months,Cross-platform comparison row 126
PM-0127,Harassment,Sensitive Content,Bullying and Harassment,Safety & Civility,Rule 6,high,strike_2_14d,content_ban_30d,warning,suspend_3d,channel_removal,content_ban_1d,perm_ban,suspend_3d,6 months (strikes) / 12 months (content),Not publicly specified (varies),Not publicly specified,6 months,Cross-platform comparison row 127
PM-0128,Privacy Violations,Sensitive Content,Privacy Violations,Privacy & Security,Rule 3,high,channel_removal,feature_restrict,strike_90d,suspend_3d,channel_removal,content_ban_30d,perm_ban,suspend_7d,6 months (strikes) / 12 months (content),Not publicly specified (varies),Not publicly specified,6 months,Cross-platform comparison row 128
PM-0129,Terrorism,Violent or Dangerous Content,Dangerous Organizations,Safety & Civility,Rule 4,critical,channel_removal,warning,strike_90d,suspend_7d,channel_removal,content_ban_30d,perm_ban,perm_ban,6 months (strikes) / 12 months (content),Not publicly specified (varies),Not publicly specified,6 months,Cross-platform comparison row 129
PM-0130,Cybersecurity,Regulated Goods,Cybersecurity,Privacy & Security,Rule 7,high,channel_removal,warning,perm_ban,perm_ban,strike_1_7d,content_ban_1d,strike_90d,suspend_7d,6 months (strikes) / 12 months (content),Not publicly specified (varies),Not publicly specified,6 months,Cross-platform comparison row 130
PM-0131,Violence & Incitement,Violent or Dangerous Content,Safety & Civility,Violent Content,Violent Criminals,medium,strike_1_7d,warning,strike_90d,suspend_7d,strike_1_7d,feature_restrict,strike_90d,suspend_3d,6 months (strikes) / 12 months (content),Not publicly specified (varies),Not publicly specified,6 months,Cross-platform comparison row 131
PM-0132,Hate Speech,Sensitive Content,Safety & Civility,Hateful Content,Rule 1,critical,warning,feature_restrict,strike_90d,suspend_3d,strike_1_7d,content_ban_1d,perm_ban,perm_ban,6 months (strikes) / 12 months (content),Not publicly specified (varies),Not publicly specified,6 months,Cross-platform comparison row 132
PM-0133,Spam & Deceptive,Spam & Deceptive Practices,Inauthentic Behavior,Spam,Rule 2,low,channel_removal,content_ban_30d,strike_90d,perm_ban,channel_removal,content_ban_1d,strike_90d,perm_ban,6 months (strikes) / 12 months (content),Not publicly specified (varies),Not publicly specified,6 months,Cross-platform comparison row 133
PM-0134,Misinformation,Misinformation,False News,Misinformation,Rule 5,high,channel_removal,content_ban_30d,perm_ban,warning,strike_1_7d,content_ban_30d,shadowban,suspend_7d,6 months (strikes) / 12 months (content),Not publicly specified (varies),Not publicly specified,6 months,Cross-platform comparison row 134
PM-0135,CSAM,Child Safety,CSAM,CSAM,Rule 4,high,strike_1_7d,content_ban_30d,perm_ban,warning,strike_1_7d,feature_restrict,perm_ban,suspend_7d,6 months (strikes) / 12 months (content),Not publicly specified (varies),Not publicly specified,6 months,Cross-platform comparison row 135
PM-0136,Adult Sexual Content,Sensitive Content,Adult Sexual Exploitation,Adult Nudity,Explicit Content,high,channel_removal,warning,shadowban,suspend_3d,strike_1_7d,content_ban_1d,perm_ban,suspend_3d,6 months (strikes) / 12 months (content),Not publicly specified (varies),Not publicly specified,6 months,Cross-platform comparison row 136
PM-0137,Harassment,Sensitive Content,Bullying and Harassment,Safety & Civility,Rule 6,critical,channel_removal,content_ban_30d,perm_ban,suspend_7d,channel_removal,content_ban_1d,perm_ban,perm_ban,6 months (strikes) / 12 months (content),Not publicly specified (varies),Not publicly specified,6 months,Cross-platform comparison row 137
PM-0138,Privacy Violations,Sensitive Content,Privacy Violations,Privacy & Security,Rule 3,high,strike_1_7d,warning,shadowban,perm_ban,strike_2_14d,content_ban_1d,perm_ban,suspend_7d,6 months (strikes) / 12 months (content),Not publicly specified (varies),Not publicly specified,6 months,Cross-platform comparison row 138
PM-0139,Terrorism,Violent or Dangerous Content,Dangerous Organizations,Safety & Civility,Rule 4,critical,warning,content_ban_1d,warning,warning,channel_removal,feature_restrict,strike_90d,perm_ban,6 months (strikes) / 12 months (content),Not publicly specified (varies),Not publicly specified,6 months,Cross-platform comparison row 139
PM-0140,Cybersecurity,Regulated Goods,Cybersecurity,Privacy & Security,Rule 7,critical,strike_2_14d,content_ban_30d,shadowban,suspend_7d,strike_1_7d,content_ban_30d,perm_ban,perm_ban,6 months (strikes) / 12 months (content),Not publicly specified (varies),Not publicly specified,6 months,Cross-platform comparison row 140
PM-0141,Violence & Incitement,Violent or Dangerous Content,Safety & Civility,Violent Content,Violent Criminals,high,channel_removal,content_ban_30d,perm_ban,suspend_7d,strike_1_7d,content_ban_1d,shadowban,suspend_7d,6 months (strikes) / 12 months (content),Not publicly specified (varies),Not publicly specified,6 months,Cross-platform comparison row 141
PM-0142,Hate Speech,Sensitive Content,Safety & Civility,Hateful Content,Rule 1,medium,strike_2_14d,feature_restrict,shadowban,perm_ban,channel_removal,content_ban_1d,perm_ban,suspend_7d,6 months (strikes) / 12 months (content),Not publicly specified (varies),Not publicly specified,6 months,Cross-platform comparison row 142
PM-0143,Spam & Deceptive,Spam & Deceptive Practices,Inauthentic Behavior,Spam,Rule 2,low,warning,content_ban_30d,perm_ban,perm_ban,strike_1_7d,content_ban_30d,strike_90d,suspend_3d,6 months (strikes) / 12 months (content),Not publicly specified (varies),Not publicly specified,6 months,Cross-platform comparison row 143
PM-0144,Misinformation,Misinformation,False News,Misinformation,Rule 5,medium,warning,content_ban_1d,shadowban,suspend_7d,channel_removal,content_ban_1d,strike_90d,suspend_7d,6 months (strikes) / 12 months (content),Not publicly specified (varies),Not publicly specified,6 months,Cross-platform comparison row 144
PM-0145,CSAM,Child Safety,CSAM,CSAM,Rule 4,critical,strike_1_7d,content_ban_30d,strike_90d,perm_ban,strike_2_14d,feature_restrict,strike_90d,suspend_7d,6 months (strikes) / 12 months (content),Not publicly specified (varies),Not publicly specified,6 months,Cross-platform comparison row 145
PM-0146,Adult Sexual Content,Sensitive Content,Adult Sexual Exploitation,Adult Nudity,Explicit Content,medium,warning,content_ban_30d,warning,suspend_7d,channel_removal,feature_restrict,shadowban,suspend_7d,6 months (strikes) / 12 months (content),Not publicly specified (varies),Not publicly specified,6 months,Cross-platform comparison row 146
PM-0147,Harassment,Sensitive Content,Bullying and Harassment,Safety & Civility,Rule 6,low,channel_removal,feature_restrict,shadowban,perm_ban,channel_removal,content_ban_1d,shadowban,perm_ban,6 months (strikes) / 12 months (content),Not publicly specified (varies),Not publicly specified,6 months,Cross-platform comparison row 147
PM-0148,Privacy Violations,Sensitive Content,Privacy Violations,Privacy & Security,Rule 3,critical,channel_removal,feature_restrict,shadowban,suspend_3d,strike_1_7d,content_ban_1d,strike_90d,suspend_7d,6 months (strikes) / 12 months (content),Not publicly specified (varies),Not publicly specified,6 months,Cross-platform comparison row 148
PM-0149,Terrorism,Violent or Dangerous Content,Dangerous Organizations,Safety & Civility,Rule 4,critical,channel_removal,warning,perm_ban,perm_ban,strike_1_7d,content_ban_1d,perm_ban,suspend_7d,6 months (strikes) / 12 months (content),Not publicly specified (varies),Not publicly specified,6 months,Cross-platform comparison row 149
PM-0150,Cybersecurity,Regulated Goods,Cybersecurity,Privacy & Security,Rule 7,low,strike_2_14d,feature_restrict,shadowban,perm_ban,strike_1_7d,content_ban_30d,shadowban,perm_ban,6 months (strikes) / 12 months (content),Not publicly specified (varies),Not publicly specified,6 months,Cross-platform comparison row 150
PM-0151,Violence & Incitement,Violent or Dangerous Content,Safety & Civility,Violent Content,Violent Criminals,critical,strike_2_14d,warning,strike_90d,perm_ban,strike_2_14d,feature_restrict,shadowban,perm_ban,6 months (strikes) / 12 months (content),Not publicly specified (varies),Not publicly specified,6 months,Cross-platform comparison row 151
PM-0152,Hate Speech,Sensitive Content,Safety & Civility,Hateful Content,Rule 1,high,channel_removal,feature_restrict,perm_ban,suspend_3d,strike_2_14d,content_ban_30d,shadowban,perm_ban,6 months (strikes) / 12 months (content),Not publicly specified (varies),Not publicly specified,6 months,Cross-platform comparison row 152
PM-0153,Spam & Deceptive,Spam & Deceptive Practices,Inauthentic Behavior,Spam,Rule 2,critical,warning,feature_restrict,perm_ban,suspend_3d,strike_2_14d,content_ban_30d,shadowban,suspend_3d,6 months (strikes) / 12 months (content),Not publicly specified (varies),Not publicly specified,6 months,Cross-platform comparison row 153
PM-0154,Misinformation,Misinformation,False News,Misinformation,Rule 5,low,warning,content_ban_30d,perm_ban,perm_ban,strike_1_7d,feature_restrict,strike_90d,perm_ban,6 months (strikes) / 12 months (content),Not publicly specified (varies),Not publicly specified,6 months,Cross-platform comparison row 154
PM-0155,CSAM,Child Safety,CSAM,CSAM,Rule 4,critical,channel_removal,content_ban_30d,perm_ban,suspend_7d,strike_2_14d,content_ban_1d,perm_ban,perm_ban,6 months (strikes) / 12 months (content),Not publicly specified (varies),Not publicly specified,6 months,Cross-platform comparison row 155
PM-0156,Adult Sexual Content,Sensitive Content,Adult Sexual Exploitation,Adult Nudity,Explicit Content,high,strike_2_14d,warning,perm_ban,suspend_3d,strike_1_7d,content_ban_1d,perm_ban,suspend_3d,6 months (strikes) / 12 months (content),Not publicly specified (varies),Not publicly specified,6 months,Cross-platform comparison row 156
PM-0157,Harassment,Sensitive Content,Bullying and Harassment,Safety & Civility,Rule 6,critical,strike_2_14d,content_ban_30d,warning,suspend_3d,channel_removal,feature_restrict,shadowban,suspend_7d,6 months (strikes) / 12 months (content),Not publicly specified (varies),Not publicly specified,6 months,Cross-platform comparison row 157
PM-0158,Privacy Violations,Sensitive Content,Privacy Violations,Privacy & Security,Rule 3,critical,channel_removal,content_ban_1d,shadowban,warning,strike_2_14d,content_ban_30d,strike_90d,suspend_7d,6 months (strikes) / 12 months (content),Not publicly specified (varies),Not publicly specified,6 months,Cross-platform comparison row 158
PM-0159,Terrorism,Violent or Dangerous Content,Dangerous Organizations,Safety & Civility,Rule 4,low,strike_1_7d,warning,perm_ban,suspend_7d,strike_2_14d,feature_restrict,strike_90d,suspend_7d,6 months (strikes) / 12 months (content),Not publicly specified (varies),Not publicly specified,6 months,Cross-platform comparison row 159
PM-0160,Cybersecurity,Regulated Goods,Cybersecurity,Privacy & Security,Rule 7,critical,warning,feature_restrict,perm_ban,suspend_3d,strike_1_7d,feature_restrict,strike_90d,suspend_3d,6 months (strikes) / 12 months (content),Not publicly specified (varies),Not publicly specified,6 months,Cross-platform comparison row 160
PM-0161,Violence & Incitement,Violent or Dangerous Content,Safety & Civility,Violent Content,Violent Criminals,critical,strike_1_7d,content_ban_30d,perm_ban,warning,strike_2_14d,content_ban_30d,shadowban,perm_ban,6 months (strikes) / 12 months (content),Not publicly specified (varies),Not publicly specified,6 months,Cross-platform comparison row 161
PM-0162,Hate Speech,Sensitive Content,Safety & Civility,Hateful Content,Rule 1,critical,channel_removal,content_ban_30d,warning,suspend_7d,channel_removal,feature_restrict,shadowban,suspend_7d,6 months (strikes) / 12 months (content),Not publicly specified (varies),Not publicly specified,6 months,Cross-platform comparison row 162
PM-0163,Spam & Deceptive,Spam & Deceptive Practices,Inauthentic Behavior,Spam,Rule 2,high,strike_1_7d,content_ban_30d,shadowban,suspend_7d,strike_2_14d,feature_restrict,strike_90d,perm_ban,6 months (strikes) / 12 months (content),Not publicly specified (varies),Not publicly specified,6 months,Cross-platform comparison row 163
PM-0164,Misinformation,Misinformation,False News,Misinformation,Rule 5,low,strike_2_14d,content_ban_30d,shadowban,perm_ban,strike_1_7d,content_ban_1d,strike_90d,perm_ban,6 months (strikes) / 12 months (content),Not publicly specified (varies),Not publicly specified,6 months,Cross-platform comparison row 164
PM-0165,CSAM,Child Safety,CSAM,CSAM,Rule 4,medium,warning,feature_restrict,shadowban,perm_ban,strike_2_14d,content_ban_1d,perm_ban,suspend_7d,6 months (strikes) / 12 months (content),Not publicly specified (varies),Not publicly specified,6 months,Cross-platform comparison row 165
PM-0166,Adult Sexual Content,Sensitive Content,Adult Sexual Exploitation,Adult Nudity,Explicit Content,medium,channel_removal,content_ban_1d,strike_90d,suspend_7d,strike_2_14d,content_ban_30d,strike_90d,suspend_7d,6 months (strikes) / 12 months (content),Not publicly specified (varies),Not publicly specified,6 months,Cross-platform comparison row 166
PM-0167,Harassment,Sensitive Content,Bullying and Harassment,Safety & Civility,Rule 6,high,strike_1_7d,feature_restrict,strike_90d,warning,strike_1_7d,content_ban_30d,strike_90d,suspend_7d,6 months (strikes) / 12 months (content),Not publicly specified (varies),Not publicly specified,6 months,Cross-platform comparison row 167
PM-0168,Privacy Violations,Sensitive Content,Privacy Violations,Privacy & Security,Rule 3,low,strike_2_14d,warning,warning,perm_ban,strike_1_7d,content_ban_30d,shadowban,suspend_7d,6 months (strikes) / 12 months (content),Not publicly specified (varies),Not publicly specified,6 months,Cross-platform comparison row 168
PM-0169,Terrorism,Violent or Dangerous Content,Dangerous Organizations,Safety & Civility,Rule 4,critical,channel_removal,warning,perm_ban,perm_ban,strike_1_7d,content_ban_1d,shadowban,suspend_3d,6 months (strikes) / 12 months (content),Not publicly specified (varies),Not publicly specified,6 months,Cross-platform comparison row 169
PM-0170,Cybersecurity,Regulated Goods,Cybersecurity,Privacy & Security,Rule 7,critical,warning,feature_restrict,shadowban,suspend_3d,strike_1_7d,content_ban_1d,shadowban,suspend_7d,6 months (strikes) / 12 months (content),Not publicly specified (varies),Not publicly specified,6 months,Cross-platform comparison row 170
PM-0171,Violence & Incitement,Violent or Dangerous Content,Safety & Civility,Violent Content,Violent Criminals,medium,strike_1_7d,content_ban_1d,shadowban,perm_ban,channel_removal,content_ban_30d,perm_ban,suspend_3d,6 months (strikes) / 12 months (content),Not publicly specified (varies),Not publicly specified,6 months,Cross-platform comparison row 171
PM-0172,Hate Speech,Sensitive Content,Safety & Civility,Hateful Content,Rule 1,critical,strike_2_14d,warning,warning,suspend_3d,channel_removal,feature_restrict,shadowban,perm_ban,6 months (strikes) / 12 months (content),Not publicly specified (varies),Not publicly specified,6 months,Cross-platform comparison row 172
PM-0173,Spam & Deceptive,Spam & Deceptive Practices,Inauthentic Behavior,Spam,Rule 2,medium,strike_2_14d,content_ban_30d,warning,suspend_3d,channel_removal,content_ban_30d,perm_ban,suspend_7d,6 months (strikes) / 12 months (content),Not publicly specified (varies),Not publicly specified,6 months,Cross-platform comparison row 173
PM-0174,Misinformation,Misinformation,False News,Misinformation,Rule 5,medium,warning,feature_restrict,perm_ban,perm_ban,strike_2_14d,content_ban_1d,strike_90d,suspend_7d,6 months (strikes) / 12 months (content),Not publicly specified (varies),Not publicly specified,6 months,Cross-platform comparison row 174
PM-0175,CSAM,Child Safety,CSAM,CSAM,Rule 4,low,strike_1_7d,feature_restrict,strike_90d,suspend_3d,channel_removal,content_ban_1d,strike_90d,suspend_7d,6 months (strikes) / 12 months (content),Not publicly specified (varies),Not publicly specified,6 months,Cross-platform comparison row 175
PM-0176,Adult Sexual Content,Sensitive Content,Adult Sexual Exploitation,Adult Nudity,Explicit Content,critical,channel_removal,warning,strike_90d,suspend_7d,strike_1_7d,feature_restrict,perm_ban,perm_ban,6 months (strikes) / 12 months (content),Not publicly specified (varies),Not publicly specified,6 months,Cross-platform comparison row 176
PM-0177,Harassment,Sensitive Content,Bullying and Harassment,Safety & Civility,Rule 6,medium,strike_1_7d,warning,warning,suspend_3d,channel_removal,content_ban_30d,perm_ban,perm_ban,6 months (strikes) / 12 months (content),Not publicly specified (varies),Not publicly specified,6 months,Cross-platform comparison row 177
PM-0178,Privacy Violations,Sensitive Content,Privacy Violations,Privacy & Security,Rule 3,critical,strike_1_7d,warning,strike_90d,perm_ban,strike_1_7d,content_ban_1d,perm_ban,suspend_3d,6 months (strikes) / 12 months (content),Not publicly specified (varies),Not publicly specified,6 months,Cross-platform comparison row 178
PM-0179,Terrorism,Violent or Dangerous Content,Dangerous Organizations,Safety & Civility,Rule 4,critical,channel_removal,content_ban_30d,shadowban,warning,strike_1_7d,content_ban_30d,shadowban,suspend_7d,6 months (strikes) / 12 months (content),Not publicly specified (varies),Not publicly specified,6 months,Cross-platform comparison row 179
PM-0180,Cybersecurity,Regulated Goods,Cybersecurity,Privacy & Security,Rule 7,medium,warning,content_ban_30d,shadowban,suspend_7d,strike_2_14d,content_ban_30d,strike_90d,suspend_3d,6 months (strikes) / 12 months (content),Not publicly specified (varies),Not publicly specified,6 months,Cross-platform comparison row 180
PM-0181,Violence & Incitement,Violent or Dangerous Content,Safety & Civility,Violent Content,Violent Criminals,high,strike_1_7d,content_ban_30d,strike_90d,perm_ban,strike_2_14d,content_ban_30d,shadowban,perm_ban,6 months (strikes) / 12 months (content),Not publicly specified (varies),Not publicly specified,6 months,Cross-platform comparison row 181
PM-0182,Hate Speech,Sensitive Content,Safety & Civility,Hateful Content,Rule 1,medium,warning,feature_restrict,strike_90d,warning,channel_removal,content_ban_1d,strike_90d,suspend_7d,6 months (strikes) / 12 months (content),Not publicly specified (varies),Not publicly specified,6 months,Cross-platform comparison row 182
PM-0183,Spam & Deceptive,Spam & Deceptive Practices,Inauthentic Behavior,Spam,Rule 2,medium,warning,warning,warning,suspend_3d,strike_1_7d,content_ban_1d,strike_90d,suspend_3d,6 months (strikes) / 12 months (content),Not publicly specified (varies),Not publicly specified,6 months,Cross-platform comparison row 183
PM-0184,Misinformation,Misinformation,False News,Misinformation,Rule 5,high,warning,content_ban_30d,shadowban,suspend_3d,channel_removal,content_ban_30d,perm_ban,suspend_7d,6 months (strikes) / 12 months (content),Not publicly specified (varies),Not publicly specified,6 months,Cross-platform comparison row 184
PM-0185,CSAM,Child Safety,CSAM,CSAM,Rule 4,medium,warning,feature_restrict,warning,warning,channel_removal,feature_restrict,strike_90d,perm_ban,6 months (strikes) / 12 months (content),Not publicly specified (varies),Not publicly specified,6 months,Cross-platform comparison row 185
PM-0186,Adult Sexual Content,Sensitive Content,Adult Sexual Exploitation,Adult Nudity,Explicit Content,critical,strike_1_7d,warning,strike_90d,suspend_3d,channel_removal,feature_restrict,perm_ban,perm_ban,6 months (strikes) / 12 months (content),Not publicly specified (varies),Not publicly specified,6 months,Cross-platform comparison row 186
PM-0187,Harassment,Sensitive Content,Bullying and Harassment,Safety & Civility,Rule 6,medium,strike_1_7d,feature_restrict,perm_ban,perm_ban,strike_1_7d,content_ban_30d,strike_90d,suspend_7d,6 months (strikes) / 12 months (content),Not publicly specified (varies),Not publicly specified,6 months,Cross-platform comparison row 187
PM-0188,Privacy Violations,Sensitive Content,Privacy Violations,Privacy & Security,Rule 3,critical,strike_2_14d,content_ban_1d,shadowban,warning,channel_removal,content_ban_1d,strike_90d,perm_ban,6 months (strikes) / 12 months (content),Not publicly specified (varies),Not publicly specified,6 months,Cross-platform comparison row 188
PM-0189,Terrorism,Violent or Dangerous Content,Dangerous Organizations,Safety & Civility,Rule 4,high,strike_2_14d,content_ban_30d,shadowban,perm_ban,strike_2_14d,content_ban_1d,strike_90d,suspend_3d,6 months (strikes) / 12 months (content),Not publicly specified (varies),Not publicly specified,6 months,Cross-platform comparison row 189
PM-0190,Cybersecurity,Regulated Goods,Cybersecurity,Privacy & Security,Rule 7,medium,strike_1_7d,content_ban_30d,perm_ban,warning,strike_1_7d,content_ban_1d,strike_90d,suspend_3d,6 months (strikes) / 12 months (content),Not publicly specified (varies),Not publicly specified,6 months,Cross-platform comparison row 190
PM-0191,Violence & Incitement,Violent or Dangerous Content,Safety & Civility,Violent Content,Violent Criminals,critical,warning,feature_restrict,perm_ban,perm_ban,channel_removal,content_ban_1d,shadowban,suspend_7d,6 months (strikes) / 12 months (content),Not publicly specified (varies),Not publicly specified,6 months,Cross-platform comparison row 191
PM-0192,Hate Speech,Sensitive Content,Safety & Civility,Hateful Content,Rule 1,high,warning,warning,warning,suspend_7d,strike_2_14d,content_ban_30d,shadowban,suspend_7d,6 months (strikes) / 12 months (content),Not publicly specified (varies),Not publicly specified,6 months,Cross-platform comparison row 192
PM-0193,Spam & Deceptive,Spam & Deceptive Practices,Inauthentic Behavior,Spam,Rule 2,critical,channel_removal,content_ban_1d,strike_90d,suspend_3d,channel_removal,content_ban_30d,strike_90d,suspend_7d,6 months (strikes) / 12 months (content),Not publicly specified (varies),Not publicly specified,6 months,Cross-platform comparison row 193
PM-0194,Misinformation,Misinformation,False News,Misinformation,Rule 5,critical,strike_2_14d,content_ban_1d,perm_ban,suspend_3d,strike_1_7d,feature_restrict,strike_90d,suspend_7d,6 months (strikes) / 12 months (content),Not publicly specified (varies),Not publicly specified,6 months,Cross-platform comparison row 194
PM-0195,CSAM,Child Safety,CSAM,CSAM,Rule 4,critical,strike_1_7d,content_ban_30d,warning,suspend_7d,strike_1_7d,feature_restrict,shadowban,suspend_3d,6 months (strikes) / 12 months (content),Not publicly specified (varies),Not publicly specified,6 months,Cross-platform comparison row 195
PM-0196,Adult Sexual Content,Sensitive Content,Adult Sexual Exploitation,Adult Nudity,Explicit Content,high,strike_2_14d,feature_restrict,strike_90d,warning,strike_2_14d,content_ban_1d,strike_90d,suspend_3d,6 months (strikes) / 12 months (content),Not publicly specified (varies),Not publicly specified,6 months,Cross-platform comparison row 196
PM-0197,Harassment,Sensitive Content,Bullying and Harassment,Safety & Civility,Rule 6,critical,channel_removal,warning,perm_ban,warning,channel_removal,content_ban_1d,strike_90d,suspend_3d,6 months (strikes) / 12 months (content),Not publicly specified (varies),Not publicly specified,6 months,Cross-platform comparison row 197
PM-0198,Privacy Violations,Sensitive Content,Privacy Violations,Privacy & Security,Rule 3,low,strike_2_14d,content_ban_1d,strike_90d,warning,strike_1_7d,content_ban_1d,shadowban,suspend_3d,6 months (strikes) / 12 months (content),Not publicly specified (varies),Not publicly specified,6 months,Cross-platform comparison row 198
PM-0199,Terrorism,Violent or Dangerous Content,Dangerous Organizations,Safety & Civility,Rule 4,low,channel_removal,content_ban_30d,warning,warning,strike_2_14d,feature_restrict,shadowban,suspend_3d,6 months (strikes) / 12 months (content),Not publicly specified (varies),Not publicly specified,6 months,Cross-platform comparison row 199
PM-0200,Cybersecurity,Regulated Goods,Cybersecurity,Privacy & Security,Rule 7,medium,warning,content_ban_1d,warning,perm_ban,channel_removal,content_ban_30d,strike_90d,suspend_7d,6 months (strikes) / 12 months (content),Not publicly specified (varies),Not publicly specified,6 months,Cross-platform comparison row 200
PM-0201,Violence & Incitement,Violent or Dangerous Content,Safety & Civility,Violent Content,Violent Criminals,critical,warning,warning,strike_90d,warning,strike_2_14d,content_ban_1d,shadowban,suspend_7d,6 months (strikes) / 12 months (content),Not publicly specified (varies),Not publicly specified,6 months,Cross-platform comparison row 201
PM-0202,Hate Speech,Sensitive Content,Safety & Civility,Hateful Content,Rule 1,critical,strike_2_14d,content_ban_1d,perm_ban,suspend_7d,strike_2_14d,content_ban_1d,strike_90d,perm_ban,6 months (strikes) / 12 months (content),Not publicly specified (varies),Not publicly specified,6 months,Cross-platform comparison row 202
PM-0203,Spam & Deceptive,Spam & Deceptive Practices,Inauthentic Behavior,Spam,Rule 2,critical,warning,content_ban_1d,perm_ban,perm_ban,strike_1_7d,content_ban_1d,perm_ban,perm_ban,6 months (strikes) / 12 months (content),Not publicly specified (varies),Not publicly specified,6 months,Cross-platform comparison row 203
PM-0204,Misinformation,Misinformation,False News,Misinformation,Rule 5,medium,strike_1_7d,content_ban_30d,warning,suspend_3d,strike_1_7d,content_ban_1d,shadowban,perm_ban,6 months (strikes) / 12 months (content),Not publicly specified (varies),Not publicly specified,6 months,Cross-platform comparison row 204
PM-0205,CSAM,Child Safety,CSAM,CSAM,Rule 4,critical,strike_1_7d,feature_restrict,shadowban,perm_ban,strike_1_7d,content_ban_30d,shadowban,suspend_7d,6 months (strikes) / 12 months (content),Not publicly specified (varies),Not publicly specified,6 months,Cross-platform comparison row 205
PM-0206,Adult Sexual Content,Sensitive Content,Adult Sexual Exploitation,Adult Nudity,Explicit Content,medium,strike_2_14d,warning,warning,suspend_7d,strike_2_14d,content_ban_30d,perm_ban,suspend_7d,6 months (strikes) / 12 months (content),Not publicly specified (varies),Not publicly specified,6 months,Cross-platform comparison row 206
PM-0207,Harassment,Sensitive Content,Bullying and Harassment,Safety & Civility,Rule 6,low,warning,content_ban_1d,shadowban,perm_ban,channel_removal,content_ban_1d,strike_90d,suspend_7d,6 months (strikes) / 12 months (content),Not publicly specified (varies),Not publicly specified,6 months,Cross-platform comparison row 207
PM-0208,Privacy Violations,Sensitive Content,Privacy Violations,Privacy & Security,Rule 3,medium,channel_removal,warning,shadowban,perm_ban,strike_2_14d,content_ban_1d,perm_ban,suspend_3d,6 months (strikes) / 12 months (content),Not publicly specified (varies),Not publicly specified,6 months,Cross-platform comparison row 208
PM-0209,Terrorism,Violent or Dangerous Content,Dangerous Organizations,Safety & Civility,Rule 4,critical,strike_2_14d,feature_restrict,shadowban,warning,channel_removal,content_ban_30d,strike_90d,suspend_3d,6 months (strikes) / 12 months (content),Not publicly specified (varies),Not publicly specified,6 months,Cross-platform comparison row 209
PM-0210,Cybersecurity,Regulated Goods,Cybersecurity,Privacy & Security,Rule 7,medium,channel_removal,warning,strike_90d,perm_ban,strike_1_7d,content_ban_1d,perm_ban,perm_ban,6 months (strikes) / 12 months (content),Not publicly specified (varies),Not publicly specified,6 months,Cross-platform comparison row 210
PM-0211,Violence & Incitement,Violent or Dangerous Content,Safety & Civility,Violent Content,Violent Criminals,critical,strike_1_7d,feature_restrict,strike_90d,perm_ban,strike_1_7d,feature_restrict,perm_ban,perm_ban,6 months (strikes) / 12 months (content),Not publicly specified (varies),Not publicly specified,6 months,Cross-platform comparison row 211
PM-0212,Hate Speech,Sensitive Content,Safety & Civility,Hateful Content,Rule 1,low,channel_removal,content_ban_30d,shadowban,suspend_3d,channel_removal,content_ban_30d,shadowban,suspend_3d,6 months (strikes) / 12 months (content),Not publicly specified (varies),Not publicly specified,6 months,Cross-platform comparison row 212
PM-0213,Spam & Deceptive,Spam & Deceptive Practices,Inauthentic Behavior,Spam,Rule 2,high,warning,content_ban_30d,warning,suspend_3d,channel_removal,feature_restrict,strike_90d,suspend_3d,6 months (strikes) / 12 months (content),Not publicly specified (varies),Not publicly specified,6 months,Cross-platform comparison row 213
PM-0214,Misinformation,Misinformation,False News,Misinformation,Rule 5,medium,warning,warning,shadowban,perm_ban,strike_1_7d,content_ban_30d,shadowban,suspend_3d,6 months (strikes) / 12 months (content),Not publicly specified (varies),Not publicly specified,6 months,Cross-platform comparison row 214
PM-0215,CSAM,Child Safety,CSAM,CSAM,Rule 4,medium,strike_2_14d,warning,strike_90d,suspend_7d,channel_removal,content_ban_30d,shadowban,perm_ban,6 months (strikes) / 12 months (content),Not publicly specified (varies),Not publicly specified,6 months,Cross-platform comparison row 215
PM-0216,Adult Sexual Content,Sensitive Content,Adult Sexual Exploitation,Adult Nudity,Explicit Content,critical,strike_2_14d,content_ban_30d,perm_ban,suspend_3d,strike_1_7d,content_ban_30d,strike_90d,suspend_7d,6 months (strikes) / 12 months (content),Not publicly specified (varies),Not publicly specified,6 months,Cross-platform comparison row 216
PM-0217,Harassment,Sensitive Content,Bullying and Harassment,Safety & Civility,Rule 6,high,channel_removal,content_ban_30d,perm_ban,suspend_7d,channel_removal,feature_restrict,perm_ban,perm_ban,6 months (strikes) / 12 months (content),Not publicly specified (varies),Not publicly specified,6 months,Cross-platform comparison row 217
PM-0218,Privacy Violations,Sensitive Content,Privacy Violations,Privacy & Security,Rule 3,high,strike_2_14d,feature_restrict,perm_ban,suspend_7d,strike_1_7d,content_ban_1d,strike_90d,suspend_7d,6 months (strikes) / 12 months (content),Not publicly specified (varies),Not publicly specified,6 months,Cross-platform comparison row 218
PM-0219,Terrorism,Violent or Dangerous Content,Dangerous Organizations,Safety & Civility,Rule 4,low,channel_removal,warning,perm_ban,perm_ban,channel_removal,feature_restrict,strike_90d,perm_ban,6 months (strikes) / 12 months (content),Not publicly specified (varies),Not publicly specified,6 months,Cross-platform comparison row 219
PM-0220,Cybersecurity,Regulated Goods,Cybersecurity,Privacy & Security,Rule 7,medium,strike_1_7d,warning,shadowban,warning,channel_removal,content_ban_1d,strike_90d,suspend_3d,6 months (strikes) / 12 months (content),Not publicly specified (varies),Not publicly specified,6 months,Cross-platform comparison row 220
PM-0221,Violence & Incitement,Violent or Dangerous Content,Safety & Civility,Violent Content,Violent Criminals,medium,channel_removal,warning,perm_ban,suspend_3d,channel_removal,feature_restrict,strike_90d,suspend_3d,6 months (strikes) / 12 months (content),Not publicly specified (varies),Not publicly specified,6 months,Cross-platform comparison row 221
PM-0222,Hate Speech,Sensitive Content,Safety & Civility,Hateful Content,Rule 1,low,channel_removal,warning,strike_90d,perm_ban,strike_1_7d,feature_restrict,perm_ban,suspend_7d,6 months (strikes) / 12 months (content),Not publicly specified (varies),Not publicly specified,6 months,Cross-platform comparison row 222
PM-0223,Spam & Deceptive,Spam & Deceptive Practices,Inauthentic Behavior,Spam,Rule 2,critical,warning,warning,perm_ban,perm_ban,strike_1_7d,content_ban_1d,shadowban,perm_ban,6 months (strikes) / 12 months (content),Not publicly specified (varies),Not publicly specified,6 months,Cross-platform comparison row 223
PM-0224,Misinformation,Misinformation,False News,Misinformation,Rule 5,medium,strike_1_7d,feature_restrict,shadowban,warning,strike_1_7d,content_ban_1d,strike_90d,suspend_7d,6 months (strikes) / 12 months (content),Not publicly specified (varies),Not publicly specified,6 months,Cross-platform comparison row 224
PM-0225,CSAM,Child Safety,CSAM,CSAM,Rule 4,low,warning,content_ban_30d,strike_90d,suspend_7d,strike_2_14d,content_ban_30d,shadowban,perm_ban,6 months (strikes) / 12 months (content),Not publicly specified (varies),Not publicly specified,6 months,Cross-platform comparison row 225
PM-0226,Adult Sexual Content,Sensitive Content,Adult Sexual Exploitation,Adult Nudity,Explicit Content,high,strike_1_7d,feature_restrict,strike_90d,suspend_3d,channel_removal,content_ban_1d,strike_90d,suspend_3d,6 months (strikes) / 12 months (content),Not publicly specified (varies),Not publicly specified,6 months,Cross-platform comparison row 226
PM-0227,Harassment,Sensitive Content,Bullying and Harassment,Safety & Civility,Rule 6,high,strike_1_7d,warning,perm_ban,perm_ban,channel_removal,content_ban_30d,shadowban,suspend_7d,6 months (strikes) / 12 months (content),Not publicly specified (varies),Not publicly specified,6 months,Cross-platform comparison row 227
PM-0228,Privacy Violations,Sensitive Content,Privacy Violations,Privacy & Security,Rule 3,low,strike_1_7d,content_ban_30d,warning,suspend_3d,channel_removal,content_ban_30d,strike_90d,suspend_3d,6 months (strikes) / 12 months (content),Not publicly specified (varies),Not publicly specified,6 months,Cross-platform comparison row 228
PM-0229,Terrorism,Violent or Dangerous Content,Dangerous Organizations,Safety & Civility,Rule 4,high,channel_removal,feature_restrict,warning,perm_ban,strike_1_7d,feature_restrict,perm_ban,suspend_7d,6 months (strikes) / 12 months (content),Not publicly specified (varies),Not publicly specified,6 months,Cross-platform comparison row 229
PM-0230,Cybersecurity,Regulated Goods,Cybersecurity,Privacy & Security,Rule 7,low,strike_1_7d,content_ban_1d,shadowban,suspend_3d,strike_1_7d,content_ban_30d,perm_ban,suspend_3d,6 months (strikes) / 12 months (content),Not publicly specified (varies),Not publicly specified,6 months,Cross-platform comparison row 230
PM-0231,Violence & Incitement,Violent or Dangerous Content,Safety & Civility,Violent Content,Violent Criminals,low,warning,content_ban_30d,shadowban,perm_ban,strike_2_14d,feature_restrict,strike_90d,suspend_3d,6 months (strikes) / 12 months (content),Not publicly specified (varies),Not publicly specified,6 months,Cross-platform comparison row 231
PM-0232,Hate Speech,Sensitive Content,Safety & Civility,Hateful Content,Rule 1,high,channel_removal,content_ban_30d,strike_90d,suspend_7d,channel_removal,feature_restrict,strike_90d,suspend_7d,6 months (strikes) / 12 months (content),Not publicly specified (varies),Not publicly specified,6 months,Cross-platform comparison row 232
PM-0233,Spam & Deceptive,Spam & Deceptive Practices,Inauthentic Behavior,Spam,Rule 2,medium,warning,content_ban_30d,strike_90d,suspend_7d,channel_removal,content_ban_30d,strike_90d,perm_ban,6 months (strikes) / 12 months (content),Not publicly specified (varies),Not publicly specified,6 months,Cross-platform comparison row 233
PM-0234,Misinformation,Misinformation,False News,Misinformation,Rule 5,critical,strike_1_7d,feature_restrict,strike_90d,warning,strike_2_14d,feature_restrict,perm_ban,suspend_7d,6 months (strikes) / 12 months (content),Not publicly specified (varies),Not publicly specified,6 months,Cross-platform comparison row 234
PM-0235,CSAM,Child Safety,CSAM,CSAM,Rule 4,low,strike_1_7d,content_ban_1d,strike_90d,warning,channel_removal,content_ban_1d,shadowban,suspend_7d,6 months (strikes) / 12 months (content),Not publicly specified (varies),Not publicly specified,6 months,Cross-platform comparison row 235
PM-0236,Adult Sexual Content,Sensitive Content,Adult Sexual Exploitation,Adult Nudity,Explicit Content,medium,warning,feature_restrict,perm_ban,perm_ban,strike_2_14d,content_ban_30d,shadowban,suspend_3d,6 months (strikes) / 12 months (content),Not publicly specified (varies),Not publicly specified,6 months,Cross-platform comparison row 236
PM-0237,Harassment,Sensitive Content,Bullying and Harassment,Safety & Civility,Rule 6,low,warning,warning,strike_90d,warning,strike_1_7d,feature_restrict,shadowban,suspend_7d,6 months (strikes) / 12 months (content),Not publicly specified (varies),Not publicly specified,6 months,Cross-platform comparison row 237
PM-0238,Privacy Violations,Sensitive Content,Privacy Violations,Privacy & Security,Rule 3,critical,channel_removal,content_ban_30d,shadowban,suspend_3d,channel_removal,content_ban_1d,strike_90d,suspend_3d,6 months (strikes) / 12 months (content),Not publicly specified (varies),Not publicly specified,6 months,Cross-platform comparison row 238
PM-0239,Terrorism,Violent or Dangerous Content,Dangerous Organizations,Safety & Civility,Rule 4,high,strike_1_7d,content_ban_1d,perm_ban,suspend_3d,strike_2_14d,content_ban_1d,strike_90d,suspend_7d,6 months (strikes) / 12 months (content),Not publicly specified (varies),Not publicly specified,6 months,Cross-platform comparison row 239
PM-0240,Cybersecurity,Regulated Goods,Cybersecurity,Privacy & Security,Rule 7,medium,warning,feature_restrict,warning,suspend_3d,strike_2_14d,feature_restrict,strike_90d,perm_ban,6 months (strikes) / 12 months (content),Not publicly specified (varies),Not publicly specified,6 months,Cross-platform comparison row 240
PM-0241,Violence & Incitement,Violent or Dangerous Content,Safety & Civility,Violent Content,Violent Criminals,high,strike_1_7d,content_ban_1d,perm_ban,suspend_7d,strike_1_7d,feature_restrict,strike_90d,suspend_7d,6 months (strikes) / 12 months (content),Not publicly specified (varies),Not publicly specified,6 months,Cross-platform comparison row 241
PM-0242,Hate Speech,Sensitive Content,Safety & Civility,Hateful Content,Rule 1,critical,warning,feature_restrict,warning,suspend_3d,strike_1_7d,content_ban_1d,shadowban,suspend_3d,6 months (strikes) / 12 months (content),Not publicly specified (varies),Not publicly specified,6 months,Cross-platform comparison row 242
PM-0243,Spam & Deceptive,Spam & Deceptive Practices,Inauthentic Behavior,Spam,Rule 2,critical,strike_1_7d,warning,perm_ban,warning,strike_1_7d,content_ban_1d,strike_90d,suspend_3d,6 months (strikes) / 12 months (content),Not publicly specified (varies),Not publicly specified,6 months,Cross-platform comparison row 243
PM-0244,Misinformation,Misinformation,False News,Misinformation,Rule 5,high,channel_removal,content_ban_30d,perm_ban,perm_ban,channel_removal,feature_restrict,perm_ban,perm_ban,6 months (strikes) / 12 months (content),Not publicly specified (varies),Not publicly specified,6 months,Cross-platform comparison row 244
PM-0245,CSAM,Child Safety,CSAM,CSAM,Rule 4,medium,strike_1_7d,warning,strike_90d,suspend_7d,strike_2_14d,feature_restrict,strike_90d,perm_ban,6 months (strikes) / 12 months (content),Not publicly specified (varies),Not publicly specified,6 months,Cross-platform comparison row 245
PM-0246,Adult Sexual Content,Sensitive Content,Adult Sexual Exploitation,Adult Nudity,Explicit Content,medium,warning,warning,warning,perm_ban,channel_removal,content_ban_1d,strike_90d,perm_ban,6 months (strikes) / 12 months (content),Not publicly specified (varies),Not publicly specified,6 months,Cross-platform comparison row 246
PM-0247,Harassment,Sensitive Content,Bullying and Harassment,Safety & Civility,Rule 6,high,strike_1_7d,content_ban_1d,strike_90d,perm_ban,channel_removal,feature_restrict,perm_ban,suspend_3d,6 months (strikes) / 12 months (content),Not publicly specified (varies),Not publicly specified,6 months,Cross-platform comparison row 247
PM-0248,Privacy Violations,Sensitive Content,Privacy Violations,Privacy & Security,Rule 3,low,channel_removal,content_ban_30d,perm_ban,suspend_7d,strike_2_14d,content_ban_1d,strike_90d,suspend_7d,6 months (strikes) / 12 months (content),Not publicly specified (varies),Not publicly specified,6 months,Cross-platform comparison row 248
PM-0249,Terrorism,Violent or Dangerous Content,Dangerous Organizations,Safety & Civility,Rule 4,high,strike_2_14d,content_ban_1d,perm_ban,suspend_3d,channel_removal,content_ban_1d,strike_90d,suspend_3d,6 months (strikes) / 12 months (content),Not publicly specified (varies),Not publicly specified,6 months,Cross-platform comparison row 249
PM-0250,Cybersecurity,Regulated Goods,Cybersecurity,Privacy & Security,Rule 7,low,strike_1_7d,content_ban_30d,shadowban,warning,strike_1_7d,feature_restrict,shadowban,suspend_7d,6 months (strikes) / 12 months (content),Not publicly specified (varies),Not publicly specified,6 months,Cross-platform comparison row 250
PM-0251,Violence & Incitement,Violent or Dangerous Content,Safety & Civility,Violent Content,Violent Criminals,medium,channel_removal,content_ban_1d,shadowban,perm_ban,strike_2_14d,content_ban_30d,strike_90d,perm_ban,6 months (strikes) / 12 months (content),Not publicly specified (varies),Not publicly specified,6 months,Cross-platform comparison row 251
PM-0252,Hate Speech,Sensitive Content,Safety & Civility,Hateful Content,Rule 1,high,strike_1_7d,warning,warning,perm_ban,strike_1_7d,feature_restrict,perm_ban,suspend_3d,6 months (strikes) / 12 months (content),Not publicly specified (varies),Not publicly specified,6 months,Cross-platform comparison row 252
PM-0253,Spam & Deceptive,Spam & Deceptive Practices,Inauthentic Behavior,Spam,Rule 2,high,strike_2_14d,feature_restrict,warning,warning,channel_removal,feature_restrict,strike_90d,suspend_7d,6 months (strikes) / 12 months (content),Not publicly specified (varies),Not publicly specified,6 months,Cross-platform comparison row 253
PM-0254,Misinformation,Misinformation,False News,Misinformation,Rule 5,critical,channel_removal,content_ban_30d,strike_90d,suspend_7d,channel_removal,content_ban_1d,strike_90d,suspend_3d,6 months (strikes) / 12 months (content),Not publicly specified (varies),Not publicly specified,6 months,Cross-platform comparison row 254
PM-0255,CSAM,Child Safety,CSAM,CSAM,Rule 4,low,strike_2_14d,content_ban_30d,perm_ban,warning,channel_removal,feature_restrict,strike_90d,suspend_7d,6 months (strikes) / 12 months (content),Not publicly specified (varies),Not publicly specified,6 months,Cross-platform comparison row 255
PM-0256,Adult Sexual Content,Sensitive Content,Adult Sexual Exploitation,Adult Nudity,Explicit Content,low,strike_2_14d,warning,perm_ban,suspend_7d,strike_1_7d,content_ban_30d,shadowban,suspend_3d,6 months (strikes) / 12 months (content),Not publicly specified (varies),Not publicly specified,6 months,Cross-platform comparison row 256
PM-0257,Harassment,Sensitive Content,Bullying and Harassment,Safety & Civility,Rule 6,medium,warning,content_ban_1d,strike_90d,perm_ban,channel_removal,feature_restrict,shadowban,perm_ban,6 months (strikes) / 12 months (content),Not publicly specified (varies),Not publicly specified,6 months,Cross-platform comparison row 257
PM-0258,Privacy Violations,Sensitive Content,Privacy Violations,Privacy & Security,Rule 3,medium,strike_2_14d,warning,strike_90d,warning,channel_removal,content_ban_1d,perm_ban,suspend_3d,6 months (strikes) / 12 months (content),Not publicly specified (varies),Not publicly specified,6 months,Cross-platform comparison row 258
PM-0259,Terrorism,Violent or Dangerous Content,Dangerous Organizations,Safety & Civility,Rule 4,medium,strike_1_7d,warning,shadowban,perm_ban,strike_2_14d,content_ban_30d,perm_ban,suspend_3d,6 months (strikes) / 12 months (content),Not publicly specified (varies),Not publicly specified,6 months,Cross-platform comparison row 259
PM-0260,Cybersecurity,Regulated Goods,Cybersecurity,Privacy & Security,Rule 7,high,strike_2_14d,content_ban_1d,perm_ban,perm_ban,strike_2_14d,feature_restrict,perm_ban,suspend_3d,6 months (strikes) / 12 months (content),Not publicly specified (varies),Not publicly specified,6 months,Cross-platform comparison row 260
PM-0261,Violence & Incitement,Violent or Dangerous Content,Safety & Civility,Violent Content,Violent Criminals,critical,strike_2_14d,content_ban_1d,warning,suspend_3d,channel_removal,content_ban_1d,shadowban,suspend_7d,6 months (strikes) / 12 months (content),Not publicly specified (varies),Not publicly specified,6 months,Cross-platform comparison row 261
PM-0262,Hate Speech,Sensitive Content,Safety & Civility,Hateful Content,Rule 1,critical,strike_2_14d,feature_restrict,warning,suspend_7d,strike_1_7d,feature_restrict,perm_ban,perm_ban,6 months (strikes) / 12 months (content),Not publicly specified (varies),Not publicly specified,6 months,Cross-platform comparison row 262
PM-0263,Spam & Deceptive,Spam & Deceptive Practices,Inauthentic Behavior,Spam,Rule 2,low,channel_removal,content_ban_30d,shadowban,suspend_3d,channel_removal,feature_restrict,strike_90d,suspend_3d,6 months (strikes) / 12 months (content),Not publicly specified (varies),Not publicly specified,6 months,Cross-platform comparison row 263
PM-0264,Misinformation,Misinformation,False News,Misinformation,Rule 5,medium,strike_1_7d,feature_restrict,shadowban,perm_ban,strike_1_7d,feature_restrict,shadowban,perm_ban,6 months (strikes) / 12 months (content),Not publicly specified (varies),Not publicly specified,6 months,Cross-platform comparison row 264
PM-0265,CSAM,Child Safety,CSAM,CSAM,Rule 4,medium,strike_2_14d,warning,shadowban,warning,strike_2_14d,feature_restrict,perm_ban,suspend_3d,6 months (strikes) / 12 months (content),Not publicly specified (varies),Not publicly specified,6 months,Cross-platform comparison row 265
PM-0266,Adult Sexual Content,Sensitive Content,Adult Sexual Exploitation,Adult Nudity,Explicit Content,low,strike_2_14d,content_ban_30d,perm_ban,perm_ban,channel_removal,feature_restrict,shadowban,suspend_7d,6 months (strikes) / 12 months (content),Not publicly specified (varies),Not publicly specified,6 months,Cross-platform comparison row 266
PM-0267,Harassment,Sensitive Content,Bullying and Harassment,Safety & Civility,Rule 6,critical,strike_1_7d,feature_restrict,warning,perm_ban,strike_2_14d,content_ban_1d,shadowban,suspend_7d,6 months (strikes) / 12 months (content),Not publicly specified (varies),Not publicly specified,6 months,Cross-platform comparison row 267
PM-0268,Privacy Violations,Sensitive Content,Privacy Violations,Privacy & Security,Rule 3,critical,strike_2_14d,content_ban_30d,strike_90d,perm_ban,channel_removal,feature_restrict,shadowban,suspend_7d,6 months (strikes) / 12 months (content),Not publicly specified (varies),Not publicly specified,6 months,Cross-platform comparison row 268
PM-0269,Terrorism,Violent or Dangerous Content,Dangerous Organizations,Safety & Civility,Rule 4,medium,strike_1_7d,warning,warning,perm_ban,strike_2_14d,feature_restrict,perm_ban,suspend_3d,6 months (strikes) / 12 months (content),Not publicly specified (varies),Not publicly specified,6 months,Cross-platform comparison row 269
PM-0270,Cybersecurity,Regulated Goods,Cybersecurity,Privacy & Security,Rule 7,low,strike_2_14d,content_ban_30d,perm_ban,suspend_7d,strike_2_14d,content_ban_30d,shadowban,suspend_3d,6 months (strikes) / 12 months (content),Not publicly specified (varies),Not publicly specified,6 months,Cross-platform comparison row 270
PM-0271,Violence & Incitement,Violent or Dangerous Content,Safety & Civility,Violent Content,Violent Criminals,critical,strike_1_7d,content_ban_1d,perm_ban,suspend_3d,strike_1_7d,feature_restrict,perm_ban,suspend_7d,6 months (strikes) / 12 months (content),Not publicly specified (varies),Not publicly specified,6 months,Cross-platform comparison row 271
PM-0272,Hate Speech,Sensitive Content,Safety & Civility,Hateful Content,Rule 1,medium,strike_2_14d,content_ban_30d,perm_ban,warning,channel_removal,feature_restrict,strike_90d,perm_ban,6 months (strikes) / 12 months (content),Not publicly specified (varies),Not publicly specified,6 months,Cross-platform comparison row 272
PM-0273,Spam & Deceptive,Spam & Deceptive Practices,Inauthentic Behavior,Spam,Rule 2,high,strike_2_14d,content_ban_1d,shadowban,warning,strike_1_7d,feature_restrict,strike_90d,suspend_7d,6 months (strikes) / 12 months (content),Not publicly specified (varies),Not publicly specified,6 months,Cross-platform comparison row 273
PM-0274,Misinformation,Misinformation,False News,Misinformation,Rule 5,high,strike_1_7d,content_ban_1d,warning,suspend_7d,channel_removal,content_ban_1d,strike_90d,suspend_7d,6 months (strikes) / 12 months (content),Not publicly specified (varies),Not publicly specified,6 months,Cross-platform comparison row 274
PM-0275,CSAM,Child Safety,CSAM,CSAM,Rule 4,high,channel_removal,warning,perm_ban,suspend_7d,strike_1_7d,content_ban_1d,strike_90d,perm_ban,6 months (strikes) / 12 months (content),Not publicly specified (varies),Not publicly specified,6 months,Cross-platform comparison row 275
PM-0276,Adult Sexual Content,Sensitive Content,Adult Sexual Exploitation,Adult Nudity,Explicit Content,low,strike_1_7d,feature_restrict,perm_ban,suspend_3d,strike_1_7d,content_ban_30d,perm_ban,suspend_3d,6 months (strikes) / 12 months (content),Not publicly specified (varies),Not publicly specified,6 months,Cross-platform comparison row 276
PM-0277,Harassment,Sensitive Content,Bullying and Harassment,Safety & Civility,Rule 6,critical,channel_removal,feature_restrict,shadowban,suspend_3d,channel_removal,feature_restrict,shadowban,suspend_7d,6 months (strikes) / 12 months (content),Not publicly specified (varies),Not publicly specified,6 months,Cross-platform comparison row 277
PM-0278,Privacy Violations,Sensitive Content,Privacy Violations,Privacy & Security,Rule 3,low,strike_2_14d,content_ban_30d,perm_ban,suspend_3d,strike_2_14d,content_ban_30d,strike_90d,suspend_7d,6 months (strikes) / 12 months (content),Not publicly specified (varies),Not publicly specified,6 months,Cross-platform comparison row 278
PM-0279,Terrorism,Violent or Dangerous Content,Dangerous Organizations,Safety & Civility,Rule 4,medium,strike_2_14d,content_ban_30d,strike_90d,suspend_7d,strike_2_14d,content_ban_1d,shadowban,suspend_7d,6 months (strikes) / 12 months (content),Not publicly specified (varies),Not publicly specified,6 months,Cross-platform comparison row 279
PM-0280,Cybersecurity,Regulated Goods,Cybersecurity,Privacy & Security,Rule 7,medium,warning,content_ban_1d,perm_ban,warning,strike_1_7d,content_ban_1d,perm_ban,perm_ban,6 months (strikes) / 12 months (content),Not publicly specified (varies),Not publicly specified,6 months,Cross-platform comparison row 280
PM-0281,Violence & Incitement,Violent or Dangerous Content,Safety & Civility,Violent Content,Violent Criminals,medium,strike_2_14d,content_ban_1d,warning,suspend_7d,channel_removal,content_ban_30d,shadowban,perm_ban,6 months (strikes) / 12 months (content),Not publicly specified (varies),Not publicly specified,6 months,Cross-platform comparison row 281
PM-0282,Hate Speech,Sensitive Content,Safety & Civility,Hateful Content,Rule 1,high,strike_1_7d,warning,strike_90d,suspend_3d,channel_removal,feature_restrict,shadowban,suspend_7d,6 months (strikes) / 12 months (content),Not publicly specified (varies),Not publicly specified,6 months,Cross-platform comparison row 282
PM-0283,Spam & Deceptive,Spam & Deceptive Practices,Inauthentic Behavior,Spam,Rule 2,low,strike_2_14d,content_ban_30d,warning,suspend_7d,strike_1_7d,content_ban_1d,strike_90d,perm_ban,6 months (strikes) / 12 months (content),Not publicly specified (varies),Not publicly specified,6 months,Cross-platform comparison row 283
PM-0284,Misinformation,Misinformation,False News,Misinformation,Rule 5,critical,strike_2_14d,content_ban_30d,strike_90d,suspend_3d,strike_2_14d,feature_restrict,shadowban,perm_ban,6 months (strikes) / 12 months (content),Not publicly specified (varies),Not publicly specified,6 months,Cross-platform comparison row 284
PM-0285,CSAM,Child Safety,CSAM,CSAM,Rule 4,critical,channel_removal,content_ban_30d,perm_ban,suspend_7d,strike_2_14d,feature_restrict,strike_90d,suspend_7d,6 months (strikes) / 12 months (content),Not publicly specified (varies),Not publicly specified,6 months,Cross-platform comparison row 285
PM-0286,Adult Sexual Content,Sensitive Content,Adult Sexual Exploitation,Adult Nudity,Explicit Content,critical,strike_1_7d,warning,shadowban,suspend_3d,channel_removal,content_ban_30d,shadowban,perm_ban,6 months (strikes) / 12 months (content),Not publicly specified (varies),Not publicly specified,6 months,Cross-platform comparison row 286
PM-0287,Harassment,Sensitive Content,Bullying and Harassment,Safety & Civility,Rule 6,low,strike_1_7d,content_ban_30d,strike_90d,suspend_7d,strike_2_14d,feature_restrict,perm_ban,suspend_3d,6 months (strikes) / 12 months (content),Not publicly specified (varies),Not publicly specified,6 months,Cross-platform comparison row 287
PM-0288,Privacy Violations,Sensitive Content,Privacy Violations,Privacy & Security,Rule 3,high,strike_1_7d,content_ban_1d,warning,warning,strike_1_7d,content_ban_1d,shadowban,suspend_3d,6 months (strikes) / 12 months (content),Not publicly specified (varies),Not publicly specified,6 months,Cross-platform comparison row 288
PM-0289,Terrorism,Violent or Dangerous Content,Dangerous Organizations,Safety & Civility,Rule 4,low,warning,warning,warning,warning,strike_1_7d,feature_restrict,shadowban,perm_ban,6 months (strikes) / 12 months (content),Not publicly specified (varies),Not publicly specified,6 months,Cross-platform comparison row 289
PM-0290,Cybersecurity,Regulated Goods,Cybersecurity,Privacy & Security,Rule 7,critical,warning,feature_restrict,warning,suspend_3d,channel_removal,content_ban_30d,perm_ban,suspend_3d,6 months (strikes) / 12 months (content),Not publicly specified (varies),Not publicly specified,6 months,Cross-platform comparison row 290
PM-0291,Violence & Incitement,Violent or Dangerous Content,Safety & Civility,Violent Content,Violent Criminals,medium,strike_2_14d,content_ban_30d,perm_ban,suspend_7d,strike_1_7d,content_ban_30d,shadowban,suspend_7d,6 months (strikes) / 12 months (content),Not publicly specified (varies),Not publicly specified,6 months,Cross-platform comparison row 291
PM-0292,Hate Speech,Sensitive Content,Safety & Civility,Hateful Content,Rule 1,medium,strike_1_7d,content_ban_1d,perm_ban,warning,channel_removal,content_ban_1d,shadowban,perm_ban,6 months (strikes) / 12 months (content),Not publicly specified (varies),Not publicly specified,6 months,Cross-platform comparison row 292
PM-0293,Spam & Deceptive,Spam & Deceptive Practices,Inauthentic Behavior,Spam,Rule 2,low,warning,content_ban_1d,warning,suspend_7d,channel_removal,content_ban_30d,strike_90d,perm_ban,6 months (strikes) / 12 months (content),Not publicly specified (varies),Not publicly specified,6 months,Cross-platform comparison row 293
PM-0294,Misinformation,Misinformation,False News,Misinformation,Rule 5,critical,strike_1_7d,feature_restrict,perm_ban,warning,strike_1_7d,content_ban_30d,strike_90d,perm_ban,6 months (strikes) / 12 months (content),Not publicly specified (varies),Not publicly specified,6 months,Cross-platform comparison row 294
PM-0295,CSAM,Child Safety,CSAM,CSAM,Rule 4,critical,channel_removal,content_ban_30d,warning,warning,strike_2_14d,content_ban_30d,perm_ban,perm_ban,6 months (strikes) / 12 months (content),Not publicly specified (varies),Not publicly specified,6 months,Cross-platform comparison row 295
PM-0296,Adult Sexual Content,Sensitive Content,Adult Sexual Exploitation,Adult Nudity,Explicit Content,critical,channel_removal,content_ban_1d,perm_ban,suspend_3d,strike_1_7d,feature_restrict,strike_90d,suspend_3d,6 months (strikes) / 12 months (content),Not publicly specified (varies),Not publicly specified,6 months,Cross-platform comparison row 296
PM-0297,Harassment,Sensitive Content,Bullying and Harassment,Safety & Civility,Rule 6,medium,channel_removal,warning,warning,suspend_7d,strike_2_14d,content_ban_1d,shadowban,suspend_7d,6 months (strikes) / 12 months (content),Not publicly specified (varies),Not publicly specified,6 months,Cross-platform comparison row 297
PM-0298,Privacy Violations,Sensitive Content,Privacy Violations,Privacy & Security,Rule 3,high,strike_1_7d,warning,perm_ban,perm_ban,strike_2_14d,content_ban_30d,shadowban,suspend_7d,6 months (strikes) / 12 months (content),Not publicly specified (varies),Not publicly specified,6 months,Cross-platform comparison row 298
PM-0299,Terrorism,Violent or Dangerous Content,Dangerous Organizations,Safety & Civility,Rule 4,low,strike_1_7d,feature_restrict,perm_ban,suspend_3d,channel_removal,feature_restrict,perm_ban,suspend_7d,6 months (strikes) / 12 months (content),Not publicly specified (varies),Not publicly specified,6 months,Cross-platform comparison row 299
PM-0300,Cybersecurity,Regulated Goods,Cybersecurity,Privacy & Security,Rule 7,high,strike_1_7d,feature_restrict,strike_90d,suspend_7d,strike_2_14d,content_ban_1d,strike_90d,perm_ban,6 months (strikes) / 12 months (content),Not publicly specified (varies),Not publicly specified,6 months,Cross-platform comparison row 300
PM-0301,Violence & Incitement,Violent or Dangerous Content,Safety & Civility,Violent Content,Violent Criminals,critical,strike_1_7d,warning,shadowban,warning,strike_1_7d,content_ban_1d,strike_90d,perm_ban,6 months (strikes) / 12 months (content),Not publicly specified (varies),Not publicly specified,6 months,Cross-platform comparison row 301
PM-0302,Hate Speech,Sensitive Content,Safety & Civility,Hateful Content,Rule 1,low,strike_2_14d,content_ban_1d,perm_ban,perm_ban,channel_removal,content_ban_1d,strike_90d,suspend_7d,6 months (strikes) / 12 months (content),Not publicly specified (varies),Not publicly specified,6 months,Cross-platform comparison row 302
PM-0303,Spam & Deceptive,Spam & Deceptive Practices,Inauthentic Behavior,Spam,Rule 2,low,warning,content_ban_1d,strike_90d,warning,strike_1_7d,content_ban_1d,strike_90d,suspend_3d,6 months (strikes) / 12 months (content),Not publicly specified (varies),Not publicly specified,6 months,Cross-platform comparison row 303
PM-0304,Misinformation,Misinformation,False News,Misinformation,Rule 5,critical,channel_removal,feature_restrict,warning,suspend_3d,strike_1_7d,feature_restrict,perm_ban,perm_ban,6 months (strikes) / 12 months (content),Not publicly specified (varies),Not publicly specified,6 months,Cross-platform comparison row 304
PM-0305,CSAM,Child Safety,CSAM,CSAM,Rule 4,low,strike_1_7d,content_ban_30d,warning,suspend_7d,channel_removal,feature_restrict,shadowban,suspend_3d,6 months (strikes) / 12 months (content),Not publicly specified (varies),Not publicly specified,6 months,Cross-platform comparison row 305
PM-0306,Adult Sexual Content,Sensitive Content,Adult Sexual Exploitation,Adult Nudity,Explicit Content,critical,warning,warning,strike_90d,warning,strike_1_7d,content_ban_30d,shadowban,suspend_3d,6 months (strikes) / 12 months (content),Not publicly specified (varies),Not publicly specified,6 months,Cross-platform comparison row 306
PM-0307,Harassment,Sensitive Content,Bullying and Harassment,Safety & Civility,Rule 6,high,warning,feature_restrict,warning,suspend_7d,channel_removal,content_ban_1d,strike_90d,suspend_3d,6 months (strikes) / 12 months (content),Not publicly specified (varies),Not publicly specified,6 months,Cross-platform comparison row 307
PM-0308,Privacy Violations,Sensitive Content,Privacy Violations,Privacy & Security,Rule 3,low,strike_1_7d,feature_restrict,strike_90d,suspend_7d,strike_2_14d,feature_restrict,perm_ban,suspend_7d,6 months (strikes) / 12 months (content),Not publicly specified (varies),Not publicly specified,6 months,Cross-platform comparison row 308
PM-0309,Terrorism,Violent or Dangerous Content,Dangerous Organizations,Safety & Civility,Rule 4,low,warning,content_ban_30d,warning,suspend_7d,strike_1_7d,content_ban_1d,strike_90d,perm_ban,6 months (strikes) / 12 months (content),Not publicly specified (varies),Not publicly specified,6 months,Cross-platform comparison row 309
PM-0310,Cybersecurity,Regulated Goods,Cybersecurity,Privacy & Security,Rule 7,medium,channel_removal,content_ban_30d,strike_90d,perm_ban,channel_removal,content_ban_30d,shadowban,suspend_3d,6 months (strikes) / 12 months (content),Not publicly specified (varies),Not publicly specified,6 months,Cross-platform comparison row 310
PM-0311,Violence & Incitement,Violent or Dangerous Content,Safety & Civility,Violent Content,Violent Criminals,medium,strike_1_7d,content_ban_1d,warning,perm_ban,channel_removal,content_ban_1d,strike_90d,perm_ban,6 months (strikes) / 12 months (content),Not publicly specified (varies),Not publicly specified,6 months,Cross-platform comparison row 311
PM-0312,Hate Speech,Sensitive Content,Safety & Civility,Hateful Content,Rule 1,low,channel_removal,warning,shadowban,perm_ban,strike_1_7d,content_ban_30d,perm_ban,suspend_3d,6 months (strikes) / 12 months (content),Not publicly specified (varies),Not publicly specified,6 months,Cross-platform comparison row 312
PM-0313,Spam & Deceptive,Spam & Deceptive Practices,Inauthentic Behavior,Spam,Rule 2,critical,channel_removal,feature_restrict,strike_90d,suspend_7d,strike_1_7d,content_ban_30d,shadowban,suspend_3d,6 months (strikes) / 12 months (content),Not publicly specified (varies),Not publicly specified,6 months,Cross-platform comparison row 313
PM-0314,Misinformation,Misinformation,False News,Misinformation,Rule 5,critical,channel_removal,warning,strike_90d,suspend_3d,channel_removal,content_ban_30d,shadowban,suspend_3d,6 months (strikes) / 12 months (content),Not publicly specified (varies),Not publicly specified,6 months,Cross-platform comparison row 314
PM-0315,CSAM,Child Safety,CSAM,CSAM,Rule 4,high,strike_2_14d,content_ban_30d,perm_ban,suspend_3d,strike_2_14d,feature_restrict,shadowban,suspend_3d,6 months (strikes) / 12 months (content),Not publicly specified (varies),Not publicly specified,6 months,Cross-platform comparison row 315
PM-0316,Adult Sexual Content,Sensitive Content,Adult Sexual Exploitation,Adult Nudity,Explicit Content,medium,strike_1_7d,content_ban_1d,warning,suspend_3d,strike_1_7d,content_ban_1d,shadowban,suspend_7d,6 months (strikes) / 12 months (content),Not publicly specified (varies),Not publicly specified,6 months,Cross-platform comparison row 316
PM-0317,Harassment,Sensitive Content,Bullying and Harassment,Safety & Civility,Rule 6,critical,channel_removal,content_ban_1d,perm_ban,perm_ban,strike_2_14d,content_ban_30d,strike_90d,suspend_7d,6 months (strikes) / 12 months (content),Not publicly specified (varies),Not publicly specified,6 months,Cross-platform comparison row 317
PM-0318,Privacy Violations,Sensitive Content,Privacy Violations,Privacy & Security,Rule 3,medium,channel_removal,content_ban_30d,strike_90d,warning,strike_1_7d,content_ban_1d,perm_ban,suspend_7d,6 months (strikes) / 12 months (content),Not publicly specified (varies),Not publicly specified,6 months,Cross-platform comparison row 318
PM-0319,Terrorism,Violent or Dangerous Content,Dangerous Organizations,Safety & Civility,Rule 4,critical,strike_2_14d,content_ban_1d,strike_90d,perm_ban,channel_removal,content_ban_1d,perm_ban,suspend_3d,6 months (strikes) / 12 months (content),Not publicly specified (varies),Not publicly specified,6 months,Cross-platform comparison row 319
PM-0320,Cybersecurity,Regulated Goods,Cybersecurity,Privacy & Security,Rule 7,high,warning,content_ban_30d,shadowban,warning,strike_2_14d,content_ban_30d,strike_90d,suspend_3d,6 months (strikes) / 12 months (content),Not publicly specified (varies),Not publicly specified,6 months,Cross-platform comparison row 320
PM-0321,Violence & Incitement,Violent or Dangerous Content,Safety & Civility,Violent Content,Violent Criminals,high,strike_2_14d,feature_restrict,perm_ban,perm_ban,channel_removal,content_ban_1d,strike_90d,perm_ban,6 months (strikes) / 12 months (content),Not publicly specified (varies),Not publicly specified,6 months,Cross-platform comparison row 321
PM-0322,Hate Speech,Sensitive Content,Safety & Civility,Hateful Content,Rule 1,critical,strike_1_7d,warning,warning,warning,strike_1_7d,content_ban_1d,shadowban,suspend_7d,6 months (strikes) / 12 months (content),Not publicly specified (varies),Not publicly specified,6 months,Cross-platform comparison row 322
PM-0323,Spam & Deceptive,Spam & Deceptive Practices,Inauthentic Behavior,Spam,Rule 2,low,warning,feature_restrict,shadowban,warning,strike_1_7d,content_ban_30d,perm_ban,suspend_7d,6 months (strikes) / 12 months (content),Not publicly specified (varies),Not publicly specified,6 months,Cross-platform comparison row 323
PM-0324,Misinformation,Misinformation,False News,Misinformation,Rule 5,medium,channel_removal,content_ban_1d,strike_90d,warning,strike_2_14d,feature_restrict,strike_90d,suspend_7d,6 months (strikes) / 12 months (content),Not publicly specified (varies),Not publicly specified,6 months,Cross-platform comparison row 324
PM-0325,CSAM,Child Safety,CSAM,CSAM,Rule 4,low,warning,content_ban_1d,perm_ban,suspend_7d,channel_removal,content_ban_30d,strike_90d,perm_ban,6 months (strikes) / 12 months (content),Not publicly specified (varies),Not publicly specified,6 months,Cross-platform comparison row 325
PM-0326,Adult Sexual Content,Sensitive Content,Adult Sexual Exploitation,Adult Nudity,Explicit Content,high,warning,warning,perm_ban,suspend_7d,strike_1_7d,feature_restrict,shadowban,perm_ban,6 months (strikes) / 12 months (content),Not publicly specified (varies),Not publicly specified,6 months,Cross-platform comparison row 326
PM-0327,Harassment,Sensitive Content,Bullying and Harassment,Safety & Civility,Rule 6,critical,channel_removal,content_ban_30d,warning,suspend_3d,channel_removal,content_ban_1d,shadowban,suspend_3d,6 months (strikes) / 12 months (content),Not publicly specified (varies),Not publicly specified,6 months,Cross-platform comparison row 327
PM-0328,Privacy Violations,Sensitive Content,Privacy Violations,Privacy & Security,Rule 3,critical,warning,content_ban_30d,perm_ban,suspend_3d,strike_2_14d,content_ban_30d,shadowban,suspend_3d,6 months (strikes) / 12 months (content),Not publicly specified (varies),Not publicly specified,6 months,Cross-platform comparison row 328
PM-0329,Terrorism,Violent or Dangerous Content,Dangerous Organizations,Safety & Civility,Rule 4,high,strike_2_14d,feature_restrict,warning,warning,channel_removal,feature_restrict,shadowban,suspend_7d,6 months (strikes) / 12 months (content),Not publicly specified (varies),Not publicly specified,6 months,Cross-platform comparison row 329
PM-0330,Cybersecurity,Regulated Goods,Cybersecurity,Privacy & Security,Rule 7,high,channel_removal,warning,strike_90d,suspend_3d,strike_1_7d,content_ban_30d,strike_90d,suspend_3d,6 months (strikes) / 12 months (content),Not publicly specified (varies),Not publicly specified,6 months,Cross-platform comparison row 330
PM-0331,Violence & Incitement,Violent or Dangerous Content,Safety & Civility,Violent Content,Violent Criminals,critical,warning,content_ban_1d,perm_ban,perm_ban,strike_2_14d,content_ban_1d,perm_ban,perm_ban,6 months (strikes) / 12 months (content),Not publicly specified (varies),Not publicly specified,6 months,Cross-platform comparison row 331
PM-0332,Hate Speech,Sensitive Content,Safety & Civility,Hateful Content,Rule 1,low,strike_1_7d,content_ban_30d,strike_90d,suspend_3d,strike_1_7d,feature_restrict,perm_ban,perm_ban,6 months (strikes) / 12 months (content),Not publicly specified (varies),Not publicly specified,6 months,Cross-platform comparison row 332
PM-0333,Spam & Deceptive,Spam & Deceptive Practices,Inauthentic Behavior,Spam,Rule 2,high,channel_removal,warning,perm_ban,warning,strike_2_14d,content_ban_30d,perm_ban,suspend_7d,6 months (strikes) / 12 months (content),Not publicly specified (varies),Not publicly specified,6 months,Cross-platform comparison row 333
PM-0334,Misinformation,Misinformation,False News,Misinformation,Rule 5,critical,strike_1_7d,content_ban_1d,perm_ban,perm_ban,strike_2_14d,content_ban_1d,strike_90d,perm_ban,6 months (strikes) / 12 months (content),Not publicly specified (varies),Not publicly specified,6 months,Cross-platform comparison row 334
PM-0335,CSAM,Child Safety,CSAM,CSAM,Rule 4,medium,warning,feature_restrict,warning,perm_ban,channel_removal,content_ban_1d,perm_ban,perm_ban,6 months (strikes) / 12 months (content),Not publicly specified (varies),Not publicly specified,6 months,Cross-platform comparison row 335
PM-0336,Adult Sexual Content,Sensitive Content,Adult Sexual Exploitation,Adult Nudity,Explicit Content,low,strike_2_14d,content_ban_30d,strike_90d,suspend_3d,strike_2_14d,content_ban_1d,perm_ban,suspend_7d,6 months (strikes) / 12 months (content),Not publicly specified (varies),Not publicly specified,6 months,Cross-platform comparison row 336
PM-0337,Harassment,Sensitive Content,Bullying and Harassment,Safety & Civility,Rule 6,critical,channel_removal,warning,shadowban,warning,strike_2_14d,content_ban_30d,perm_ban,suspend_7d,6 months (strikes) / 12 months (content),Not publicly specified (varies),Not publicly specified,6 months,Cross-platform comparison row 337
PM-0338,Privacy Violations,Sensitive Content,Privacy Violations,Privacy & Security,Rule 3,high,strike_1_7d,warning,strike_90d,suspend_7d,strike_1_7d,feature_restrict,strike_90d,suspend_7d,6 months (strikes) / 12 months (content),Not publicly specified (varies),Not publicly specified,6 months,Cross-platform comparison row 338
PM-0339,Terrorism,Violent or Dangerous Content,Dangerous Organizations,Safety & Civility,Rule 4,low,warning,content_ban_1d,shadowban,warning,strike_1_7d,content_ban_30d,shadowban,perm_ban,6 months (strikes) / 12 months (content),Not publicly specified (varies),Not publicly specified,6 months,Cross-platform comparison row 339
PM-0340,Cybersecurity,Regulated Goods,Cybersecurity,Privacy & Security,Rule 7,medium,channel_removal,feature_restrict,perm_ban,perm_ban,channel_removal,content_ban_30d,shadowban,perm_ban,6 months (strikes) / 12 months (content),Not publicly specified (varies),Not publicly specified,6 months,Cross-platform comparison row 340
PM-0341,Violence & Incitement,Violent or Dangerous Content,Safety & Civility,Violent Content,Violent Criminals,critical,channel_removal,content_ban_30d,perm_ban,perm_ban,strike_2_14d,feature_restrict,strike_90d,perm_ban,6 months (strikes) / 12 months (content),Not publicly specified (varies),Not publicly specified,6 months,Cross-platform comparison row 341
PM-0342,Hate Speech,Sensitive Content,Safety & Civility,Hateful Content,Rule 1,high,strike_1_7d,feature_restrict,strike_90d,perm_ban,strike_1_7d,content_ban_1d,perm_ban,suspend_3d,6 months (strikes) / 12 months (content),Not publicly specified (varies),Not publicly specified,6 months,Cross-platform comparison row 342
PM-0343,Spam & Deceptive,Spam & Deceptive Practices,Inauthentic Behavior,Spam,Rule 2,critical,channel_removal,content_ban_30d,warning,suspend_7d,strike_1_7d,content_ban_30d,perm_ban,suspend_3d,6 months (strikes) / 12 months (content),Not publicly specified (varies),Not publicly specified,6 months,Cross-platform comparison row 343
PM-0344,Misinformation,Misinformation,False News,Misinformation,Rule 5,low,strike_1_7d,feature_restrict,perm_ban,suspend_7d,strike_2_14d,content_ban_30d,strike_90d,suspend_7d,6 months (strikes) / 12 months (content),Not publicly specified (varies),Not publicly specified,6 months,Cross-platform comparison row 344
PM-0345,CSAM,Child Safety,CSAM,CSAM,Rule 4,critical,strike_1_7d,content_ban_1d,perm_ban,perm_ban,strike_2_14d,content_ban_30d,shadowban,perm_ban,6 months (strikes) / 12 months (content),Not publicly specified (varies),Not publicly specified,6 months,Cross-platform comparison row 345
PM-0346,Adult Sexual Content,Sensitive Content,Adult Sexual Exploitation,Adult Nudity,Explicit Content,high,strike_1_7d,warning,strike_90d,suspend_7d,strike_2_14d,feature_restrict,shadowban,perm_ban,6 months (strikes) / 12 months (content),Not publicly specified (varies),Not publicly specified,6 months,Cross-platform comparison row 346
PM-0347,Harassment,Sensitive Content,Bullying and Harassment,Safety & Civility,Rule 6,low,strike_1_7d,feature_restrict,warning,warning,strike_2_14d,content_ban_30d,strike_90d,suspend_3d,6 months (strikes) / 12 months (content),Not publicly specified (varies),Not publicly specified,6 months,Cross-platform comparison row 347
PM-0348,Privacy Violations,Sensitive Content,Privacy Violations,Privacy & Security,Rule 3,low,strike_2_14d,warning,shadowban,perm_ban,strike_1_7d,content_ban_1d,shadowban,suspend_7d,6 months (strikes) / 12 months (content),Not publicly specified (varies),Not publicly specified,6 months,Cross-platform comparison row 348
PM-0349,Terrorism,Violent or Dangerous Content,Dangerous Organizations,Safety & Civility,Rule 4,high,strike_1_7d,feature_restrict,perm_ban,suspend_3d,strike_1_7d,content_ban_30d,perm_ban,suspend_7d,6 months (strikes) / 12 months (content),Not publicly specified (varies),Not publicly specified,6 months,Cross-platform comparison row 349
PM-0350,Cybersecurity,Regulated Goods,Cybersecurity,Privacy & Security,Rule 7,high,warning,warning,shadowban,warning,strike_1_7d,content_ban_1d,strike_90d,suspend_3d,6 months (strikes) / 12 months (content),Not publicly specified (varies),Not publicly specified,6 months,Cross-platform comparison row 350
PM-0351,Violence & Incitement,Violent or Dangerous Content,Safety & Civility,Violent Content,Violent Criminals,high,strike_1_7d,content_ban_30d,shadowban,warning,strike_1_7d,feature_restrict,shadowban,perm_ban,6 months (strikes) / 12 months (content),Not publicly specified (varies),Not publicly specified,6 months,Cross-platform comparison row 351
PM-0352,Hate Speech,Sensitive Content,Safety & Civility,Hateful Content,Rule 1,high,channel_removal,content_ban_1d,strike_90d,suspend_3d,strike_2_14d,content_ban_30d,strike_90d,suspend_3d,6 months (strikes) / 12 months (content),Not publicly specified (varies),Not publicly specified,6 months,Cross-platform comparison row 352
PM-0353,Spam & Deceptive,Spam & Deceptive Practices,Inauthentic Behavior,Spam,Rule 2,high,strike_2_14d,content_ban_30d,strike_90d,warning,channel_removal,feature_restrict,perm_ban,suspend_7d,6 months (strikes) / 12 months (content),Not publicly specified (varies),Not publicly specified,6 months,Cross-platform comparison row 353
PM-0354,Misinformation,Misinformation,False News,Misinformation,Rule 5,critical,channel_removal,warning,strike_90d,warning,channel_removal,feature_restrict,perm_ban,perm_ban,6 months (strikes) / 12 months (content),Not publicly specified (varies),Not publicly specified,6 months,Cross-platform comparison row 354
PM-0355,CSAM,Child Safety,CSAM,CSAM,Rule 4,low,strike_2_14d,content_ban_1d,shadowban,suspend_7d,strike_1_7d,feature_restrict,shadowban,perm_ban,6 months (strikes) / 12 months (content),Not publicly specified (varies),Not publicly specified,6 months,Cross-platform comparison row 355
PM-0356,Adult Sexual Content,Sensitive Content,Adult Sexual Exploitation,Adult Nudity,Explicit Content,high,channel_removal,warning,perm_ban,suspend_7d,strike_2_14d,content_ban_1d,strike_90d,perm_ban,6 months (strikes) / 12 months (content),Not publicly specified (varies),Not publicly specified,6 months,Cross-platform comparison row 356
PM-0357,Harassment,Sensitive Content,Bullying and Harassment,Safety & Civility,Rule 6,low,warning,content_ban_1d,shadowban,warning,strike_1_7d,content_ban_1d,shadowban,suspend_7d,6 months (strikes) / 12 months (content),Not publicly specified (varies),Not publicly specified,6 months,Cross-platform comparison row 357
PM-0358,Privacy Violations,Sensitive Content,Privacy Violations,Privacy & Security,Rule 3,critical,strike_2_14d,warning,perm_ban,perm_ban,channel_removal,content_ban_30d,shadowban,perm_ban,6 months (strikes) / 12 months (content),Not publicly specified (varies),Not publicly specified,6 months,Cross-platform comparison row 358
PM-0359,Terrorism,Violent or Dangerous Content,Dangerous Organizations,Safety & Civility,Rule 4,medium,strike_1_7d,content_ban_30d,warning,warning,channel_removal,feature_restrict,shadowban,perm_ban,6 months (strikes) / 12 months (content),Not publicly specified (varies),Not publicly specified,6 months,Cross-platform comparison row 359
PM-0360,Cybersecurity,Regulated Goods,Cybersecurity,Privacy & Security,Rule 7,medium,strike_1_7d,warning,warning,perm_ban,strike_1_7d,feature_restrict,shadowban,perm_ban,6 months (strikes) / 12 months (content),Not publicly specified (varies),Not publicly specified,6 months,Cross-platform comparison row 360
PM-0361,Violence & Incitement,Violent or Dangerous Content,Safety & Civility,Violent Content,Violent Criminals,medium,strike_1_7d,feature_restrict,strike_90d,warning,strike_2_14d,content_ban_30d,perm_ban,suspend_3d,6 months (strikes) / 12 months (content),Not publicly specified (varies),Not publicly specified,6 months,Cross-platform comparison row 361
PM-0362,Hate Speech,Sensitive Content,Safety & Civility,Hateful Content,Rule 1,high,warning,content_ban_1d,warning,warning,strike_1_7d,content_ban_1d,strike_90d,suspend_3d,6 months (strikes) / 12 months (content),Not publicly specified (varies),Not publicly specified,6 months,Cross-platform comparison row 362
PM-0363,Spam & Deceptive,Spam & Deceptive Practices,Inauthentic Behavior,Spam,Rule 2,medium,channel_removal,content_ban_30d,strike_90d,warning,strike_2_14d,content_ban_1d,perm_ban,suspend_3d,6 months (strikes) / 12 months (content),Not publicly specified (varies),Not publicly specified,6 months,Cross-platform comparison row 363
PM-0364,Misinformation,Misinformation,False News,Misinformation,Rule 5,medium,strike_2_14d,warning,shadowban,warning,strike_2_14d,content_ban_30d,strike_90d,suspend_7d,6 months (strikes) / 12 months (content),Not publicly specified (varies),Not publicly specified,6 months,Cross-platform comparison row 364
PM-0365,CSAM,Child Safety,CSAM,CSAM,Rule 4,critical,strike_2_14d,content_ban_1d,strike_90d,suspend_3d,strike_2_14d,content_ban_1d,perm_ban,suspend_7d,6 months (strikes) / 12 months (content),Not publicly specified (varies),Not publicly specified,6 months,Cross-platform comparison row 365
PM-0366,Adult Sexual Content,Sensitive Content,Adult Sexual Exploitation,Adult Nudity,Explicit Content,critical,strike_2_14d,content_ban_30d,shadowban,warning,strike_2_14d,content_ban_30d,perm_ban,suspend_3d,6 months (strikes) / 12 months (content),Not publicly specified (varies),Not publicly specified,6 months,Cross-platform comparison row 366
PM-0367,Harassment,Sensitive Content,Bullying and Harassment,Safety & Civility,Rule 6,low,channel_removal,content_ban_30d,strike_90d,warning,strike_1_7d,content_ban_30d,strike_90d,perm_ban,6 months (strikes) / 12 months (content),Not publicly specified (varies),Not publicly specified,6 months,Cross-platform comparison row 367
PM-0368,Privacy Violations,Sensitive Content,Privacy Violations,Privacy & Security,Rule 3,low,channel_removal,feature_restrict,warning,perm_ban,strike_1_7d,content_ban_1d,shadowban,perm_ban,6 months (strikes) / 12 months (content),Not publicly specified (varies),Not publicly specified,6 months,Cross-platform comparison row 368
PM-0369,Terrorism,Violent or Dangerous Content,Dangerous Organizations,Safety & Civility,Rule 4,critical,channel_removal,content_ban_1d,warning,suspend_3d,strike_2_14d,content_ban_1d,shadowban,perm_ban,6 months (strikes) / 12 months (content),Not publicly specified (varies),Not publicly specified,6 months,Cross-platform comparison row 369
PM-0370,Cybersecurity,Regulated Goods,Cybersecurity,Privacy & Security,Rule 7,low,strike_2_14d,content_ban_30d,perm_ban,perm_ban,channel_removal,content_ban_1d,shadowban,suspend_3d,6 months (strikes) / 12 months (content),Not publicly specified (varies),Not publicly specified,6 months,Cross-platform comparison row 370
PM-0371,Violence & Incitement,Violent or Dangerous Content,Safety & Civility,Violent Content,Violent Criminals,critical,strike_1_7d,content_ban_30d,strike_90d,warning,channel_removal,feature_restrict,shadowban,perm_ban,6 months (strikes) / 12 months (content),Not publicly specified (varies),Not publicly specified,6 months,Cross-platform comparison row 371
PM-0372,Hate Speech,Sensitive Content,Safety & Civility,Hateful Content,Rule 1,high,strike_2_14d,content_ban_1d,strike_90d,suspend_3d,strike_2_14d,content_ban_30d,strike_90d,perm_ban,6 months (strikes) / 12 months (content),Not publicly specified (varies),Not publicly specified,6 months,Cross-platform comparison row 372
PM-0373,Spam & Deceptive,Spam & Deceptive Practices,Inauthentic Behavior,Spam,Rule 2,critical,channel_removal,content_ban_30d,shadowban,suspend_7d,channel_removal,content_ban_30d,shadowban,suspend_7d,6 months (strikes) / 12 months (content),Not publicly specified (varies),Not publicly specified,6 months,Cross-platform comparison row 373
PM-0374,Misinformation,Misinformation,False News,Misinformation,Rule 5,low,warning,feature_restrict,perm_ban,perm_ban,strike_2_14d,feature_restrict,strike_90d,suspend_3d,6 months (strikes) / 12 months (content),Not publicly specified (varies),Not publicly specified,6 months,Cross-platform comparison row 374
PM-0375,CSAM,Child Safety,CSAM,CSAM,Rule 4,medium,strike_2_14d,content_ban_1d,strike_90d,warning,channel_removal,feature_restrict,shadowban,perm_ban,6 months (strikes) / 12 months (content),Not publicly specified (varies),Not publicly specified,6 months,Cross-platform comparison row 375
PM-0376,Adult Sexual Content,Sensitive Content,Adult Sexual Exploitation,Adult Nudity,Explicit Content,high,channel_removal,feature_restrict,shadowban,warning,channel_removal,content_ban_30d,perm_ban,suspend_3d,6 months (strikes) / 12 months (content),Not publicly specified (varies),Not publicly specified,6 months,Cross-platform comparison row 376
PM-0377,Harassment,Sensitive Content,Bullying and Harassment,Safety & Civility,Rule 6,low,warning,content_ban_30d,strike_90d,perm_ban,strike_2_14d,content_ban_1d,perm_ban,suspend_3d,6 months (strikes) / 12 months (content),Not publicly specified (varies),Not publicly specified,6 months,Cross-platform comparison row 377
PM-0378,Privacy Violations,Sensitive Content,Privacy Violations,Privacy & Security,Rule 3,critical,warning,content_ban_1d,perm_ban,suspend_3d,channel_removal,feature_restrict,perm_ban,suspend_3d,6 months (strikes) / 12 months (content),Not publicly specified (varies),Not publicly specified,6 months,Cross-platform comparison row 378
PM-0379,Terrorism,Violent or Dangerous Content,Dangerous Organizations,Safety & Civility,Rule 4,high,strike_1_7d,content_ban_1d,shadowban,suspend_7d,strike_1_7d,content_ban_1d,perm_ban,suspend_7d,6 months (strikes) / 12 months (content),Not publicly specified (varies),Not publicly specified,6 months,Cross-platform comparison row 379
PM-0380,Cybersecurity,Regulated Goods,Cybersecurity,Privacy & Security,Rule 7,critical,channel_removal,warning,perm_ban,warning,strike_1_7d,content_ban_1d,perm_ban,perm_ban,6 months (strikes) / 12 months (content),Not publicly specified (varies),Not publicly specified,6 months,Cross-platform comparison row 380
PM-0381,Violence & Incitement,Violent or Dangerous Content,Safety & Civility,Violent Content,Violent Criminals,medium,channel_removal,content_ban_30d,strike_90d,perm_ban,strike_2_14d,feature_restrict,perm_ban,perm_ban,6 months (strikes) / 12 months (content),Not publicly specified (varies),Not publicly specified,6 months,Cross-platform comparison row 381
PM-0382,Hate Speech,Sensitive Content,Safety & Civility,Hateful Content,Rule 1,low,channel_removal,feature_restrict,warning,suspend_3d,channel_removal,feature_restrict,shadowban,suspend_7d,6 months (strikes) / 12 months (content),Not publicly specified (varies),Not publicly specified,6 months,Cross-platform comparison row 382
PM-0383,Spam & Deceptive,Spam & Deceptive Practices,Inauthentic Behavior,Spam,Rule 2,low,strike_2_14d,feature_restrict,shadowban,warning,strike_2_14d,content_ban_30d,strike_90d,perm_ban,6 months (strikes) / 12 months (content),Not publicly specified (varies),Not publicly specified,6 months,Cross-platform comparison row 383
PM-0384,Misinformation,Misinformation,False News,Misinformation,Rule 5,high,channel_removal,content_ban_30d,strike_90d,suspend_3d,channel_removal,content_ban_30d,shadowban,suspend_7d,6 months (strikes) / 12 months (content),Not publicly specified (varies),Not publicly specified,6 months,Cross-platform comparison row 384
PM-0385,CSAM,Child Safety,CSAM,CSAM,Rule 4,high,channel_removal,content_ban_1d,warning,warning,channel_removal,content_ban_30d,perm_ban,suspend_3d,6 months (strikes) / 12 months (content),Not publicly specified (varies),Not publicly specified,6 months,Cross-platform comparison row 385
PM-0386,Adult Sexual Content,Sensitive Content,Adult Sexual Exploitation,Adult Nudity,Explicit Content,critical,warning,feature_restrict,strike_90d,perm_ban,strike_1_7d,content_ban_1d,strike_90d,suspend_3d,6 months (strikes) / 12 months (content),Not publicly specified (varies),Not publicly specified,6 months,Cross-platform comparison row 386
PM-0387,Harassment,Sensitive Content,Bullying and Harassment,Safety & Civility,Rule 6,medium,strike_1_7d,content_ban_30d,shadowban,suspend_3d,channel_removal,content_ban_1d,perm_ban,perm_ban,6 months (strikes) / 12 months (content),Not publicly specified (varies),Not publicly specified,6 months,Cross-platform comparison row 387
PM-0388,Privacy Violations,Sensitive Content,Privacy Violations,Privacy & Security,Rule 3,low,strike_2_14d,feature_restrict,warning,suspend_3d,strike_2_14d,content_ban_30d,strike_90d,perm_ban,6 months (strikes) / 12 months (content),Not publicly specified (varies),Not publicly specified,6 months,Cross-platform comparison row 388
PM-0389,Terrorism,Violent or Dangerous Content,Dangerous Organizations,Safety & Civility,Rule 4,high,strike_2_14d,warning,strike_90d,warning,strike_1_7d,feature_restrict,shadowban,perm_ban,6 months (strikes) / 12 months (content),Not publicly specified (varies),Not publicly specified,6 months,Cross-platform comparison row 389
PM-0390,Cybersecurity,Regulated Goods,Cybersecurity,Privacy & Security,Rule 7,high,strike_2_14d,content_ban_1d,shadowban,warning,strike_2_14d,content_ban_30d,shadowban,suspend_7d,6 months (strikes) / 12 months (content),Not publicly specified (varies),Not publicly specified,6 months,Cross-platform comparison row 390
PM-0391,Violence & Incitement,Violent or Dangerous Content,Safety & Civility,Violent Content,Violent Criminals,critical,channel_removal,content_ban_30d,shadowban,suspend_7d,strike_1_7d,content_ban_1d,strike_90d,suspend_3d,6 months (strikes) / 12 months (content),Not publicly specified (varies),Not publicly specified,6 months,Cross-platform comparison row 391
PM-0392,Hate Speech,Sensitive Content,Safety & Civility,Hateful Content,Rule 1,high,strike_1_7d,content_ban_30d,shadowban,warning,strike_2_14d,content_ban_30d,shadowban,suspend_7d,6 months (strikes) / 12 months (content),Not publicly specified (varies),Not publicly specified,6 months,Cross-platform comparison row 392
PM-0393,Spam & Deceptive,Spam & Deceptive Practices,Inauthentic Behavior,Spam,Rule 2,low,warning,content_ban_1d,strike_90d,warning,strike_1_7d,feature_restrict,perm_ban,perm_ban,6 months (strikes) / 12 months (content),Not publicly specified (varies),Not publicly specified,6 months,Cross-platform comparison row 393
PM-0394,Misinformation,Misinformation,False News,Misinformation,Rule 5,high,strike_1_7d,content_ban_1d,shadowban,warning,strike_1_7d,content_ban_30d,perm_ban,perm_ban,6 months (strikes) / 12 months (content),Not publicly specified (varies),Not publicly specified,6 months,Cross-platform comparison row 394
PM-0395,CSAM,Child Safety,CSAM,CSAM,Rule 4,critical,strike_2_14d,feature_restrict,warning,perm_ban,strike_2_14d,content_ban_1d,perm_ban,suspend_3d,6 months (strikes) / 12 months (content),Not publicly specified (varies),Not publicly specified,6 months,Cross-platform comparison row 395
PM-0396,Adult Sexual Content,Sensitive Content,Adult Sexual Exploitation,Adult Nudity,Explicit Content,high,strike_2_14d,content_ban_1d,strike_90d,warning,channel_removal,feature_restrict,perm_ban,perm_ban,6 months (strikes) / 12 months (content),Not publicly specified (varies),Not publicly specified,6 months,Cross-platform comparison row 396
PM-0397,Harassment,Sensitive Content,Bullying and Harassment,Safety & Civility,Rule 6,low,warning,content_ban_1d,warning,suspend_3d,strike_2_14d,content_ban_30d,perm_ban,suspend_7d,6 months (strikes) / 12 months (content),Not publicly specified (varies),Not publicly specified,6 months,Cross-platform comparison row 397
PM-0398,Privacy Violations,Sensitive Content,Privacy Violations,Privacy & Security,Rule 3,high,channel_removal,content_ban_1d,warning,warning,channel_removal,feature_restrict,strike_90d,suspend_7d,6 months (strikes) / 12 months (content),Not publicly specified (varies),Not publicly specified,6 months,Cross-platform comparison row 398
PM-0399,Terrorism,Violent or Dangerous Content,Dangerous Organizations,Safety & Civility,Rule 4,low,strike_1_7d,content_ban_1d,shadowban,perm_ban,channel_removal,content_ban_30d,shadowban,suspend_3d,6 months (strikes) / 12 months (content),Not publicly specified (varies),Not publicly specified,6 months,Cross-platform comparison row 399
PM-0400,Cybersecurity,Regulated Goods,Cybersecurity,Privacy & Security,Rule 7,high,channel_removal,feature_restrict,perm_ban,suspend_7d,strike_2_14d,content_ban_30d,strike_90d,perm_ban,6 months (strikes) / 12 months (content),Not publicly specified (varies),Not publicly specified,6 months,Cross-platform comparison row 400
