study_id,paper_doi,condition,participant_id,dv_primary,dv_secondary,manipulation_check,age,gender,education,session_date,response_time_ms,attrition_flag,note
S0001,10.1073/pnas.1209746109,control,P00001,4.471,3.578,3.94,18,NB,PhD,2019-12-06,248057,0,upd1_extended_row_1
S0002,10.1037/pspa0000226,treatment_a,P00002,3.052,3.948,6.15,25,F,PhD,2019-06-21,603381,0,upd1_extended_row_2
S0003,10.1177/0956797614520714,treatment_b,P00003,5.445,3.55,4.72,26,M,PhD,2019-03-28,975748,0,upd1_extended_row_3
S0004,10.1073/pnas.1209746109,treatment_b,P00004,2.588,4.007,6.18,38,M,BA,2019-09-21,1176119,0,upd1_extended_row_4
S0005,10.1073/pnas.1209746109,treatment_b,P00005,5.615,3.679,5.44,55,NB,MA,2019-05-07,623058,0,upd1_extended_row_5
S0006,10.1177/0956797615575277,treatment_a,P00006,5.682,2.999,4.74,34,NB,Other,2019-06-17,188103,0,upd1_extended_row_6
S0007,10.1177/0956797614520714,treatment_a,P00007,4.387,3.469,5.68,37,F,HS,2019-05-21,1703701,0,upd1_extended_row_7
S0008,10.1177/0956797614520714,control,P00008,4.245,1.938,4.77,61,NB,PhD,2019-04-16,2188825,0,upd1_extended_row_8
S0009,10.1073/pnas.1209746109,control,P00009,3.192,3.745,6.63,36,NB,PhD,2019-01-01,236939,0,upd1_extended_row_9
S0010,10.1177/0956797615575277,treatment_b,P00010,5.627,4.011,4.42,26,M,HS,2019-12-15,963458,1,upd1_extended_row_10
S0011,10.1177/0956797615575277,control,P00011,3.095,4.073,4.57,19,M,PhD,2019-08-02,628034,0,upd1_extended_row_11
S0012,10.1073/pnas.1209746109,control,P00012,4.425,2.408,4.81,44,M,HS,2019-02-21,1112560,0,upd1_extended_row_12
S0013,10.1177/0956797614520714,treatment_b,P00013,4.69,2.883,3.84,33,NB,MA,2019-07-06,1765058,0,upd1_extended_row_13
S0014,10.1073/pnas.1209746109,control,P00014,4.968,5.232,5.35,51,M,HS,2019-01-08,2236306,0,upd1_extended_row_14
S0015,10.1073/pnas.1209746109,control,P00015,4.851,2.963,5.44,27,F,PhD,2019-06-16,587429,0,upd1_extended_row_15
S0016,10.1177/0956797614520714,treatment_a,P00016,2.671,4.637,5.64,27,F,PhD,2019-09-28,913904,1,upd1_extended_row_16
S0017,10.1037/pspa0000226,treatment_b,P00017,2.162,4.225,4.33,51,F,PhD,2019-04-25,2062895,0,upd1_extended_row_17
S0018,10.1177/0956797615575277,control,P00018,6.564,3.372,5.61,28,M,Other,2019-07-06,747634,0,upd1_extended_row_18
S0019,10.1073/pnas.1209746109,treatment_a,P00019,6.305,3.298,3.05,62,M,MA,2019-12-05,1333512,0,upd1_extended_row_19
S0020,10.1037/pspa0000226,treatment_a,P00020,3.772,2.756,5.51,18,NB,BA,2019-08-26,1538393,1,upd1_extended_row_20
S0021,10.1177/0956797615575277,treatment_b,P00021,5.294,2.248,4.51,65,F,Other,2019-09-09,629334,0,upd1_extended_row_21
S0022,10.1177/0956797615575277,treatment_a,P00022,3.19,4.647,4.16,40,F,Other,2019-11-14,2258159,0,upd1_extended_row_22
S0023,10.1177/0956797615575277,control,P00023,2.89,4.384,5.23,23,NB,Other,2019-05-05,819566,0,upd1_extended_row_23
S0024,10.1177/0956797614520714,treatment_b,P00024,4.195,3.458,3.67,46,M,MA,2019-01-16,858394,0,upd1_extended_row_24
S0025,10.1073/pnas.1209746109,treatment_b,P00025,5.207,4.162,4.78,27,M,BA,2019-08-01,601017,0,upd1_extended_row_25
S0026,10.1177/0956797614520714,control,P00026,3.954,2.715,5.25,23,M,HS,2019-11-28,886403,0,upd1_extended_row_26
S0027,10.1177/0956797614520714,treatment_a,P00027,3.241,2.886,4.52,29,F,BA,2019-03-24,990576,0,upd1_extended_row_27
S0028,10.1177/0956797614520714,treatment_b,P00028,3.911,2.279,4.9,25,M,PhD,2019-06-11,797443,0,upd1_extended_row_28
S0029,10.1177/0956797615575277,control,P00029,5.5,3.508,5.54,59,M,BA,2019-04-10,697492,0,upd1_extended_row_29
S0030,10.1177/0956797614520714,treatment_b,P00030,7.021,3.59,4.74,63,M,BA,2019-04-07,2351496,0,upd1_extended_row_30
S0031,10.1177/0956797614520714,treatment_b,P00031,4.657,3.371,3.2,55,M,BA,2019-01-24,1578399,0,upd1_extended_row_31
S0032,10.1073/pnas.1209746109,treatment_a,P00032,4.685,2.472,4.17,36,F,PhD,2019-06-03,954136,0,upd1_extended_row_32
S0033,10.1073/pnas.1209746109,control,P00033,2.911,4.898,5.89,56,M,Other,2019-01-24,1262232,0,upd1_extended_row_33
S0034,10.1177/0956797614520714,control,P00034,5.392,3.808,4.18,42,M,PhD,2019-09-15,1672176,0,upd1_extended_row_34
S0035,10.1177/0956797614520714,treatment_a,P00035,4.288,4.514,5.84,46,M,PhD,2019-04-05,2205334,0,upd1_extended_row_35
S0036,10.1177/0956797615575277,treatment_a,P00036,4.939,3.8,6.06,43,F,BA,2019-05-11,2317872,1,upd1_extended_row_36
S0037,10.1073/pnas.1209746109,treatment_b,P00037,2.662,4.063,4.52,30,M,PhD,2019-03-04,2053195,0,upd1_extended_row_37
S0038,10.1073/pnas.1209746109,treatment_a,P00038,2.976,4.086,5.69,62,F,HS,2019-02-23,601742,0,upd1_extended_row_38
S0039,10.1073/pnas.1209746109,control,P00039,4.259,4.596,5.43,56,M,BA,2019-10-23,1978689,0,upd1_extended_row_39
S0040,10.1177/0956797614520714,treatment_a,P00040,5.225,4.224,5.34,35,M,HS,2019-07-07,1853126,0,upd1_extended_row_40
S0041,10.1037/pspa0000226,treatment_b,P00041,4.022,4.562,4.84,28,M,BA,2019-01-04,2076298,0,upd1_extended_row_41
S0042,10.1177/0956797615575277,treatment_b,P00042,3.579,4.521,5.39,44,F,HS,2019-05-24,1952229,0,upd1_extended_row_42
S0043,10.1037/pspa0000226,control,P00043,3.813,4.665,4.15,60,M,PhD,2019-01-09,675064,0,upd1_extended_row_43
S0044,10.1177/0956797615575277,treatment_b,P00044,3.058,2.886,4.71,59,M,HS,2019-10-23,1403971,0,upd1_extended_row_44
S0045,10.1177/0956797615575277,treatment_b,P00045,2.501,3.254,4.53,21,F,Other,2019-04-09,1411704,0,upd1_extended_row_45
S0046,10.1177/0956797615575277,control,P00046,5.127,3.386,5.86,47,F,Other,2019-01-05,1896624,0,upd1_extended_row_46
S0047,10.1177/0956797614520714,treatment_a,P00047,4.638,2.254,4.24,43,F,BA,2019-05-13,1871570,0,upd1_extended_row_47
S0048,10.1177/0956797614520714,control,P00048,4.387,2.353,5.04,52,M,MA,2019-05-05,680030,0,upd1_extended_row_48
S0049,10.1073/pnas.1209746109,treatment_b,P00049,4.565,3.471,5.35,50,F,MA,2019-08-15,673505,0,upd1_extended_row_49
S0050,10.1177/0956797614520714,treatment_a,P00050,4.316,4.258,5.44,48,F,HS,2019-01-17,1231671,0,upd1_extended_row_50
S0051,10.1177/0956797615575277,treatment_a,P00051,3.997,4.09,5.51,42,M,Other,2019-09-14,1437425,0,upd1_extended_row_51
S0052,10.1177/0956797615575277,treatment_b,P00052,5.623,5.208,4.81,38,M,PhD,2019-11-25,2253792,0,upd1_extended_row_52
S0053,10.1073/pnas.1209746109,treatment_a,P00053,5.179,4.139,4.15,27,F,HS,2019-09-13,1236209,1,upd1_extended_row_53
S0054,10.1177/0956797614520714,treatment_b,P00054,6.025,2.119,4.78,38,F,MA,2019-02-25,1419850,0,upd1_extended_row_54
S0055,10.1073/pnas.1209746109,control,P00055,4.886,4.557,5.16,30,M,BA,2019-03-03,462626,0,upd1_extended_row_55
S0056,10.1177/0956797614520714,treatment_b,P00056,2.081,2.492,4.75,24,F,PhD,2019-10-22,528553,0,upd1_extended_row_56
S0057,10.1177/0956797614520714,treatment_a,P00057,5.759,2.99,4.47,32,M,HS,2019-12-13,2398423,0,upd1_extended_row_57
S0058,10.1073/pnas.1209746109,treatment_a,P00058,2.605,4.63,4.48,32,F,Other,2019-02-18,2152523,0,upd1_extended_row_58
S0059,10.1073/pnas.1209746109,control,P00059,3.559,3.665,4.56,21,NB,BA,2019-10-14,964419,0,upd1_extended_row_59
S0060,10.1177/0956797615575277,control,P00060,3.792,4.819,4.63,19,M,PhD,2019-04-08,1286180,0,upd1_extended_row_60
S0061,10.1037/pspa0000226,treatment_a,P00061,3.38,4.529,4.39,65,F,BA,2019-01-15,1754115,0,upd1_extended_row_61
S0062,10.1073/pnas.1209746109,treatment_b,P00062,2.979,3.534,6.2,65,F,Other,2019-02-13,485315,0,upd1_extended_row_62
S0063,10.1177/0956797614520714,treatment_a,P00063,3.535,2.397,5.71,40,F,PhD,2019-12-23,2049032,0,upd1_extended_row_63
S0064,10.1037/pspa0000226,treatment_b,P00064,5.825,2.857,5.34,61,F,PhD,2019-05-11,1131044,0,upd1_extended_row_64
S0065,10.1073/pnas.1209746109,treatment_b,P00065,5.643,5.293,4.23,61,F,Other,2019-02-16,1027561,0,upd1_extended_row_65
S0066,10.1073/pnas.1209746109,treatment_a,P00066,3.926,3.492,6.11,65,M,BA,2019-09-04,1713598,0,upd1_extended_row_66
S0067,10.1177/0956797614520714,control,P00067,2.782,4.805,6.19,38,M,MA,2019-07-20,983989,0,upd1_extended_row_67
S0068,10.1177/0956797614520714,control,P00068,3.849,5.275,5.39,34,M,PhD,2019-03-20,411347,0,upd1_extended_row_68
S0069,10.1177/0956797614520714,control,P00069,5.867,4.686,5.85,56,F,BA,2019-01-10,1001060,0,upd1_extended_row_69
S0070,10.1037/pspa0000226,treatment_a,P00070,3.463,2.392,4.77,39,M,Other,2019-10-11,1721126,0,upd1_extended_row_70
S0071,10.1177/0956797614520714,treatment_a,P00071,4.271,4.332,6.09,33,M,HS,2019-09-28,1815766,0,upd1_extended_row_71
S0072,10.1073/pnas.1209746109,treatment_b,P00072,4.319,4.696,5.57,21,F,PhD,2019-10-10,873839,0,upd1_extended_row_72
S0073,10.1073/pnas.1209746109,treatment_b,P00073,3.524,3.234,5.21,41,F,PhD,2019-10-25,400344,0,upd1_extended_row_73
S0074,10.1177/0956797614520714,treatment_a,P00074,3.065,4.591,5.63,62,F,HS,2019-10-04,1072708,1,upd1_extended_row_74
S0075,10.1177/0956797614520714,treatment_a,P00075,3.959,3.71,4.96,27,F,Other,2019-09-01,449958,0,upd1_extended_row_75
S0076,10.1177/0956797615575277,treatment_a,P00076,7.178,3.654,3.98,35,F,HS,2019-01-15,1296647,0,upd1_extended_row_76
S0077,10.1177/0956797614520714,control,P00077,4.177,2.758,4.28,23,M,BA,2019-05-01,1466132,0,upd1_extended_row_77
S0078,10.1037/pspa0000226,treatment_b,P00078,5.271,4.49,6.13,35,M,PhD,2019-10-13,895434,0,upd1_extended_row_78
S0079,10.1037/pspa0000226,treatment_b,P00079,2.477,3.397,5.25,59,M,MA,2019-10-07,1971304,0,upd1_extended_row_79
S0080,10.1073/pnas.1209746109,treatment_b,P00080,6.839,4.325,4.35,19,F,HS,2019-02-04,2274881,0,upd1_extended_row_80
S0081,10.1073/pnas.1209746109,treatment_a,P00081,4.533,4.579,5.15,27,F,PhD,2019-11-08,244518,0,upd1_extended_row_81
S0082,10.1073/pnas.1209746109,treatment_b,P00082,4.374,3.995,4.54,24,NB,MA,2019-06-11,1375339,0,upd1_extended_row_82
S0083,10.1073/pnas.1209746109,treatment_a,P00083,2.691,2.971,5.84,56,F,HS,2019-08-14,403273,0,upd1_extended_row_83
S0084,10.1177/0956797615575277,treatment_a,P00084,2.433,2.264,4.7,23,NB,MA,2019-07-06,1693557,0,upd1_extended_row_84
S0085,10.1073/pnas.1209746109,treatment_a,P00085,4.856,3.444,5.76,63,F,MA,2019-01-24,956793,0,upd1_extended_row_85
S0086,10.1177/0956797615575277,control,P00086,3.154,1.41,5.04,65,NB,PhD,2019-03-28,1412788,0,upd1_extended_row_86
S0087,10.1177/0956797615575277,treatment_b,P00087,4.263,2.939,3.47,36,F,PhD,2019-02-13,494395,0,upd1_extended_row_87
S0088,10.1037/pspa0000226,treatment_a,P00088,3.546,4.263,5.38,37,F,BA,2019-05-28,2218352,0,upd1_extended_row_88
S0089,10.1037/pspa0000226,treatment_a,P00089,6.411,4.109,5.0,21,M,MA,2019-02-11,677018,0,upd1_extended_row_89
S0090,10.1177/0956797615575277,treatment_b,P00090,4.792,3.484,4.76,60,NB,HS,2019-06-28,744511,0,upd1_extended_row_90
S0091,10.1073/pnas.1209746109,treatment_b,P00091,4.863,5.664,5.32,58,F,PhD,2019-07-19,1426965,0,upd1_extended_row_91
S0092,10.1177/0956797615575277,treatment_a,P00092,4.045,3.035,5.48,23,NB,MA,2019-02-22,895702,0,upd1_extended_row_92
S0093,10.1073/pnas.1209746109,control,P00093,4.714,4.219,4.98,45,F,PhD,2019-01-14,921332,0,upd1_extended_row_93
S0094,10.1073/pnas.1209746109,treatment_a,P00094,4.034,3.624,5.62,25,F,Other,2019-04-28,2373274,0,upd1_extended_row_94
S0095,10.1177/0956797614520714,treatment_a,P00095,5.025,3.393,6.13,53,F,BA,2019-08-20,1286703,1,upd1_extended_row_95
S0096,10.1177/0956797615575277,treatment_b,P00096,4.795,2.636,5.27,26,NB,HS,2019-01-03,508014,0,upd1_extended_row_96
S0097,10.1177/0956797614520714,treatment_b,P00097,5.136,4.065,5.26,51,NB,HS,2019-06-23,262713,0,upd1_extended_row_97
S0098,10.1037/pspa0000226,treatment_b,P00098,4.988,3.188,4.69,30,NB,PhD,2019-04-17,1510855,0,upd1_extended_row_98
S0099,10.1177/0956797615575277,treatment_b,P00099,5.259,4.733,3.85,35,M,BA,2019-10-12,240213,0,upd1_extended_row_99
S0100,10.1037/pspa0000226,treatment_b,P00100,3.896,5.825,5.0,22,M,HS,2019-05-17,2090368,0,upd1_extended_row_100
S0101,10.1037/pspa0000226,treatment_b,P00101,5.115,3.645,5.62,44,F,Other,2019-06-23,1398024,0,upd1_extended_row_101
S0102,10.1073/pnas.1209746109,treatment_a,P00102,3.519,3.387,5.46,37,NB,PhD,2019-11-11,896264,1,upd1_extended_row_102
S0103,10.1073/pnas.1209746109,treatment_b,P00103,2.546,4.228,4.54,62,F,HS,2019-05-25,503673,0,upd1_extended_row_103
S0104,10.1037/pspa0000226,treatment_b,P00104,5.377,4.337,5.45,48,NB,BA,2019-01-03,1857226,0,upd1_extended_row_104
S0105,10.1073/pnas.1209746109,treatment_b,P00105,3.943,3.131,4.75,29,F,Other,2019-09-14,2294674,0,upd1_extended_row_105
S0106,10.1177/0956797614520714,treatment_a,P00106,2.609,3.964,5.18,32,F,MA,2019-09-28,2344066,0,upd1_extended_row_106
S0107,10.1177/0956797614520714,treatment_b,P00107,4.091,4.132,3.57,32,M,Other,2019-12-04,2039503,0,upd1_extended_row_107
S0108,10.1073/pnas.1209746109,treatment_a,P00108,4.815,3.116,4.93,24,F,HS,2019-03-22,2307373,0,upd1_extended_row_108
S0109,10.1177/0956797615575277,treatment_b,P00109,5.952,2.72,4.71,27,M,HS,2019-05-24,1343440,0,upd1_extended_row_109
S0110,10.1177/0956797614520714,treatment_b,P00110,4.364,6.761,4.12,28,F,BA,2019-09-28,2102803,0,upd1_extended_row_110
S0111,10.1177/0956797615575277,control,P00111,4.793,3.788,3.98,39,M,MA,2019-01-20,2183683,0,upd1_extended_row_111
S0112,10.1037/pspa0000226,treatment_b,P00112,2.711,5.81,4.48,50,F,BA,2019-01-15,1180239,0,upd1_extended_row_112
S0113,10.1037/pspa0000226,control,P00113,5.457,3.833,4.58,62,F,MA,2019-03-08,1048101,0,upd1_extended_row_113
S0114,10.1073/pnas.1209746109,treatment_b,P00114,4.666,5.075,4.75,19,M,HS,2019-11-26,905321,1,upd1_extended_row_114
S0115,10.1177/0956797615575277,treatment_a,P00115,4.827,5.287,4.36,24,M,HS,2019-11-16,266544,0,upd1_extended_row_115
S0116,10.1073/pnas.1209746109,treatment_b,P00116,6.325,3.956,5.2,44,NB,HS,2019-07-20,729937,0,upd1_extended_row_116
S0117,10.1177/0956797614520714,control,P00117,5.201,3.167,4.84,58,F,PhD,2019-05-22,699182,0,upd1_extended_row_117
S0118,10.1073/pnas.1209746109,treatment_a,P00118,4.532,3.769,4.99,60,F,BA,2019-11-04,363571,0,upd1_extended_row_118
S0119,10.1177/0956797614520714,treatment_b,P00119,5.016,3.631,4.55,64,F,BA,2019-12-26,1344207,0,upd1_extended_row_119
S0120,10.1177/0956797615575277,treatment_b,P00120,5.826,2.739,4.91,53,F,Other,2019-04-22,248049,1,upd1_extended_row_120
S0121,10.1073/pnas.1209746109,control,P00121,5.605,2.396,5.06,27,NB,PhD,2019-08-12,847335,0,upd1_extended_row_121
S0122,10.1177/0956797615575277,control,P00122,3.233,3.151,3.56,24,F,Other,2019-01-24,1968941,0,upd1_extended_row_122
S0123,10.1073/pnas.1209746109,control,P00123,3.743,4.742,4.82,38,NB,BA,2019-11-06,1319495,0,upd1_extended_row_123
S0124,10.1073/pnas.1209746109,control,P00124,5.59,3.52,5.09,63,F,BA,2019-10-26,266140,0,upd1_extended_row_124
S0125,10.1037/pspa0000226,treatment_b,P00125,4.983,2.413,5.67,37,M,PhD,2019-02-12,573982,0,upd1_extended_row_125
S0126,10.1073/pnas.1209746109,control,P00126,4.569,2.196,6.09,51,M,PhD,2019-06-08,638514,0,upd1_extended_row_126
S0127,10.1177/0956797614520714,treatment_b,P00127,3.413,4.156,5.46,49,F,PhD,2019-09-05,2290749,0,upd1_extended_row_127
S0128,10.1073/pnas.1209746109,treatment_a,P00128,3.499,1.548,3.79,41,F,BA,2019-10-09,594507,0,upd1_extended_row_128
S0129,10.1177/0956797614520714,control,P00129,3.047,3.651,4.21,60,F,BA,2019-01-06,1836896,0,upd1_extended_row_129
S0130,10.1073/pnas.1209746109,treatment_a,P00130,7.484,3.924,3.76,45,M,MA,2019-11-12,1958471,0,upd1_extended_row_130
S0131,10.1073/pnas.1209746109,treatment_b,P00131,4.72,3.754,4.9,44,F,BA,2019-08-17,1112012,0,upd1_extended_row_131
S0132,10.1037/pspa0000226,control,P00132,4.033,4.59,4.49,42,F,Other,2019-01-05,1825734,0,upd1_extended_row_132
S0133,10.1177/0956797614520714,treatment_b,P00133,5.678,3.392,5.63,47,F,PhD,2019-06-17,2344247,1,upd1_extended_row_133
S0134,10.1073/pnas.1209746109,treatment_a,P00134,4.946,4.382,4.79,54,M,HS,2019-12-10,750493,0,upd1_extended_row_134
S0135,10.1037/pspa0000226,treatment_b,P00135,3.577,4.145,4.65,32,F,PhD,2019-06-09,2233925,0,upd1_extended_row_135
S0136,10.1037/pspa0000226,control,P00136,4.715,3.926,4.89,64,M,Other,2019-03-24,1805154,0,upd1_extended_row_136
S0137,10.1073/pnas.1209746109,treatment_a,P00137,5.028,4.49,5.61,65,NB,HS,2019-08-08,472344,0,upd1_extended_row_137
S0138,10.1177/0956797615575277,control,P00138,5.687,2.713,5.21,54,NB,MA,2019-03-10,1011301,0,upd1_extended_row_138
S0139,10.1037/pspa0000226,control,P00139,5.288,3.775,4.81,60,M,Other,2019-03-12,1007874,0,upd1_extended_row_139
S0140,10.1177/0956797614520714,control,P00140,2.821,3.234,4.81,18,M,PhD,2019-01-04,2139988,1,upd1_extended_row_140
S0141,10.1073/pnas.1209746109,treatment_a,P00141,4.516,4.408,5.42,60,F,MA,2019-09-21,855593,0,upd1_extended_row_141
S0142,10.1037/pspa0000226,treatment_b,P00142,2.447,3.528,4.53,50,NB,HS,2019-06-04,2009306,0,upd1_extended_row_142
S0143,10.1073/pnas.1209746109,treatment_a,P00143,5.925,4.102,5.1,49,NB,Other,2019-12-08,845187,0,upd1_extended_row_143
S0144,10.1177/0956797614520714,treatment_a,P00144,3.592,4.557,6.17,38,F,MA,2019-05-16,1318011,0,upd1_extended_row_144
S0145,10.1177/0956797614520714,control,P00145,4.16,4.146,4.39,61,F,PhD,2019-01-01,956499,0,upd1_extended_row_145
S0146,10.1177/0956797615575277,control,P00146,5.388,3.816,5.38,30,M,Other,2019-09-17,1098874,0,upd1_extended_row_146
S0147,10.1037/pspa0000226,treatment_a,P00147,5.69,4.271,4.76,56,F,MA,2019-10-18,2178865,0,upd1_extended_row_147
S0148,10.1177/0956797615575277,control,P00148,5.182,3.676,5.19,31,M,BA,2019-02-24,1710825,0,upd1_extended_row_148
S0149,10.1073/pnas.1209746109,treatment_a,P00149,4.764,4.223,5.06,22,F,MA,2019-03-14,1200731,0,upd1_extended_row_149
S0150,10.1177/0956797614520714,treatment_b,P00150,5.668,5.411,4.93,64,M,BA,2019-07-05,309321,0,upd1_extended_row_150
S0151,10.1073/pnas.1209746109,control,P00151,5.058,4.289,5.18,32,M,HS,2019-07-02,1099284,0,upd1_extended_row_151
S0152,10.1073/pnas.1209746109,control,P00152,3.729,6.558,3.39,21,F,MA,2019-11-19,1888009,0,upd1_extended_row_152
S0153,10.1177/0956797614520714,treatment_a,P00153,4.708,4.267,5.58,27,F,MA,2019-05-18,1170411,0,upd1_extended_row_153
S0154,10.1037/pspa0000226,treatment_b,P00154,5.593,4.918,5.8,57,M,BA,2019-06-10,1410749,0,upd1_extended_row_154
S0155,10.1037/pspa0000226,treatment_a,P00155,3.906,3.081,5.25,45,F,PhD,2019-06-04,1089760,0,upd1_extended_row_155
S0156,10.1177/0956797615575277,control,P00156,7.293,3.218,4.88,20,M,MA,2019-04-08,2331082,0,upd1_extended_row_156
S0157,10.1073/pnas.1209746109,treatment_b,P00157,6.723,3.29,3.37,26,F,BA,2019-04-07,1551125,0,upd1_extended_row_157
S0158,10.1037/pspa0000226,control,P00158,3.383,3.332,4.48,58,M,HS,2019-06-05,1360541,0,upd1_extended_row_158
S0159,10.1073/pnas.1209746109,treatment_b,P00159,4.495,3.102,4.58,62,F,HS,2019-11-24,578459,0,upd1_extended_row_159
S0160,10.1073/pnas.1209746109,control,P00160,6.413,5.015,4.13,56,NB,Other,2019-01-28,1351007,0,upd1_extended_row_160
S0161,10.1177/0956797614520714,control,P00161,3.45,3.765,4.25,30,NB,Other,2019-01-19,1679987,0,upd1_extended_row_161
S0162,10.1037/pspa0000226,control,P00162,2.86,4.201,5.29,27,M,HS,2019-06-23,2053266,0,upd1_extended_row_162
S0163,10.1177/0956797614520714,control,P00163,3.419,3.991,4.23,58,M,PhD,2019-09-01,2347386,0,upd1_extended_row_163
S0164,10.1177/0956797615575277,treatment_a,P00164,4.088,5.439,4.75,45,M,BA,2019-12-22,862534,0,upd1_extended_row_164
S0165,10.1073/pnas.1209746109,treatment_a,P00165,4.125,5.677,5.14,38,M,PhD,2019-10-03,335456,0,upd1_extended_row_165
S0166,10.1073/pnas.1209746109,treatment_b,P00166,3.563,3.613,6.08,46,M,MA,2019-03-15,212585,0,upd1_extended_row_166
S0167,10.1177/0956797615575277,control,P00167,3.349,4.365,5.84,24,F,BA,2019-06-14,1889413,0,upd1_extended_row_167
S0168,10.1073/pnas.1209746109,treatment_a,P00168,5.963,3.434,3.96,36,NB,BA,2019-01-25,1727023,0,upd1_extended_row_168
S0169,10.1177/0956797615575277,control,P00169,4.778,3.206,6.48,64,M,Other,2019-10-21,1594563,0,upd1_extended_row_169
S0170,10.1073/pnas.1209746109,treatment_a,P00170,3.366,4.617,5.05,24,F,BA,2019-02-09,876226,0,upd1_extended_row_170
S0171,10.1177/0956797615575277,control,P00171,2.302,3.538,4.59,38,F,Other,2019-07-02,1711982,0,upd1_extended_row_171
S0172,10.1037/pspa0000226,treatment_b,P00172,5.791,3.533,5.18,27,F,HS,2019-01-20,2246002,1,upd1_extended_row_172
S0173,10.1037/pspa0000226,control,P00173,4.315,2.168,4.86,40,M,MA,2019-12-10,1312866,0,upd1_extended_row_173
S0174,10.1177/0956797614520714,control,P00174,6.086,3.533,5.43,31,F,BA,2019-12-19,2355762,0,upd1_extended_row_174
S0175,10.1073/pnas.1209746109,control,P00175,3.223,3.085,4.27,38,F,BA,2019-02-18,1687692,0,upd1_extended_row_175
S0176,10.1177/0956797614520714,control,P00176,3.047,4.108,5.35,32,NB,MA,2019-03-24,563588,0,upd1_extended_row_176
S0177,10.1177/0956797615575277,treatment_b,P00177,4.503,4.704,6.53,40,F,BA,2019-03-02,202081,0,upd1_extended_row_177
S0178,10.1177/0956797615575277,treatment_a,P00178,2.936,3.929,5.13,46,F,HS,2019-12-12,2146637,0,upd1_extended_row_178
S0179,10.1177/0956797614520714,control,P00179,4.442,4.034,4.3,50,F,Other,2019-12-22,2046325,1,upd1_extended_row_179
S0180,10.1073/pnas.1209746109,treatment_a,P00180,5.749,4.218,5.21,50,F,HS,2019-10-21,1846118,0,upd1_extended_row_180
S0181,10.1073/pnas.1209746109,treatment_b,P00181,4.568,3.68,5.36,25,F,Other,2019-01-10,341584,0,upd1_extended_row_181
S0182,10.1177/0956797615575277,control,P00182,2.051,3.641,5.62,58,F,HS,2019-06-16,855730,0,upd1_extended_row_182
S0183,10.1177/0956797615575277,treatment_a,P00183,4.746,2.918,4.68,25,M,HS,2019-04-16,935379,0,upd1_extended_row_183
S0184,10.1177/0956797615575277,treatment_b,P00184,5.996,4.366,4.32,45,F,MA,2019-02-08,899352,0,upd1_extended_row_184
S0185,10.1037/pspa0000226,treatment_b,P00185,3.956,2.09,5.97,21,M,PhD,2019-09-21,2151042,0,upd1_extended_row_185
S0186,10.1177/0956797615575277,treatment_a,P00186,6.295,2.74,5.84,45,F,MA,2019-11-11,1706063,0,upd1_extended_row_186
S0187,10.1037/pspa0000226,treatment_b,P00187,4.848,3.783,5.16,32,F,BA,2019-01-14,828147,0,upd1_extended_row_187
S0188,10.1177/0956797614520714,treatment_b,P00188,3.83,3.42,4.62,43,F,Other,2019-06-18,1852660,0,upd1_extended_row_188
S0189,10.1177/0956797614520714,treatment_b,P00189,5.361,2.355,4.55,45,M,BA,2019-11-24,2357643,0,upd1_extended_row_189
S0190,10.1177/0956797614520714,treatment_b,P00190,4.989,3.736,5.66,19,M,BA,2019-11-28,759829,0,upd1_extended_row_190
S0191,10.1177/0956797614520714,control,P00191,4.14,4.351,3.88,45,M,BA,2019-10-19,680671,1,upd1_extended_row_191
S0192,10.1177/0956797614520714,control,P00192,5.189,4.735,5.59,55,F,MA,2019-06-06,262242,0,upd1_extended_row_192
S0193,10.1177/0956797614520714,treatment_b,P00193,4.626,4.047,4.64,64,M,Other,2019-09-13,329932,0,upd1_extended_row_193
S0194,10.1177/0956797614520714,control,P00194,5.22,3.804,5.58,48,F,MA,2019-10-05,828677,0,upd1_extended_row_194
S0195,10.1037/pspa0000226,treatment_b,P00195,5.79,4.5,4.58,45,M,HS,2019-09-02,2000786,0,upd1_extended_row_195
S0196,10.1177/0956797614520714,treatment_b,P00196,4.43,1.924,4.91,47,NB,BA,2019-10-16,2353103,1,upd1_extended_row_196
S0197,10.1177/0956797615575277,treatment_b,P00197,5.684,3.772,5.98,64,NB,MA,2019-01-13,1301747,0,upd1_extended_row_197
S0198,10.1037/pspa0000226,treatment_b,P00198,4.81,3.846,3.29,37,F,MA,2019-08-10,301886,0,upd1_extended_row_198
S0199,10.1177/0956797615575277,control,P00199,5.055,3.291,5.72,40,F,BA,2019-03-22,854159,0,upd1_extended_row_199
S0200,10.1073/pnas.1209746109,treatment_b,P00200,5.037,2.572,3.98,35,F,BA,2019-08-07,550672,0,upd1_extended_row_200
S0201,10.1177/0956797614520714,treatment_b,P00201,3.757,4.057,6.37,46,NB,PhD,2019-01-12,1109479,0,upd1_extended_row_201
S0202,10.1177/0956797615575277,treatment_a,P00202,1.831,3.338,4.58,19,F,PhD,2019-10-23,2345809,0,upd1_extended_row_202
S0203,10.1177/0956797614520714,treatment_b,P00203,3.254,3.797,4.85,64,M,PhD,2019-08-27,1574534,0,upd1_extended_row_203
S0204,10.1073/pnas.1209746109,control,P00204,4.872,2.854,4.04,24,M,BA,2019-12-20,1294504,0,upd1_extended_row_204
S0205,10.1073/pnas.1209746109,treatment_b,P00205,3.431,4.66,4.78,26,F,Other,2019-09-28,492576,0,upd1_extended_row_205
S0206,10.1073/pnas.1209746109,treatment_b,P00206,4.644,4.167,3.7,50,F,BA,2019-06-24,1147283,0,upd1_extended_row_206
S0207,10.1177/0956797615575277,control,P00207,3.881,4.04,6.46,36,F,Other,2019-08-26,1378169,0,upd1_extended_row_207
S0208,10.1177/0956797615575277,treatment_a,P00208,1.932,4.268,6.16,24,F,PhD,2019-02-15,495318,0,upd1_extended_row_208
S0209,10.1037/pspa0000226,control,P00209,3.304,3.896,3.6,63,F,PhD,2019-10-23,1655911,1,upd1_extended_row_209
S0210,10.1177/0956797614520714,treatment_a,P00210,4.506,3.589,5.69,48,NB,HS,2019-09-14,1484993,0,upd1_extended_row_210
S0211,10.1037/pspa0000226,treatment_b,P00211,4.699,2.985,4.79,37,F,HS,2019-11-25,795232,0,upd1_extended_row_211
S0212,10.1037/pspa0000226,control,P00212,6.224,4.211,5.32,56,M,MA,2019-11-24,2381269,0,upd1_extended_row_212
S0213,10.1177/0956797614520714,control,P00213,5.435,3.239,5.86,35,NB,HS,2019-03-19,1649681,0,upd1_extended_row_213
S0214,10.1177/0956797614520714,treatment_a,P00214,4.346,5.195,4.76,46,M,MA,2019-06-09,394250,0,upd1_extended_row_214
S0215,10.1037/pspa0000226,control,P00215,4.966,4.613,4.78,34,M,PhD,2019-05-01,1699042,0,upd1_extended_row_215
S0216,10.1177/0956797614520714,treatment_a,P00216,5.467,3.737,5.76,45,F,Other,2019-10-05,1552835,1,upd1_extended_row_216
S0217,10.1073/pnas.1209746109,control,P00217,4.671,3.424,3.58,24,F,Other,2019-06-12,1020540,0,upd1_extended_row_217
S0218,10.1177/0956797614520714,control,P00218,2.795,3.155,5.7,49,M,BA,2019-09-15,408148,0,upd1_extended_row_218
S0219,10.1037/pspa0000226,treatment_a,P00219,6.243,4.595,4.18,50,F,HS,2019-12-09,1598392,0,upd1_extended_row_219
S0220,10.1037/pspa0000226,treatment_b,P00220,5.15,4.58,5.0,31,M,HS,2019-01-11,304534,0,upd1_extended_row_220
S0221,10.1073/pnas.1209746109,treatment_a,P00221,4.535,3.363,4.81,46,F,MA,2019-03-16,324580,0,upd1_extended_row_221
S0222,10.1177/0956797615575277,treatment_b,P00222,5.574,5.717,5.13,52,M,Other,2019-09-26,2005939,0,upd1_extended_row_222
S0223,10.1073/pnas.1209746109,control,P00223,3.391,2.072,3.49,59,M,PhD,2019-04-18,1268770,0,upd1_extended_row_223
S0224,10.1037/pspa0000226,control,P00224,5.686,3.115,4.78,20,M,Other,2019-02-21,1027209,0,upd1_extended_row_224
S0225,10.1073/pnas.1209746109,control,P00225,1.434,4.481,5.95,48,M,MA,2019-04-04,1453854,0,upd1_extended_row_225
S0226,10.1177/0956797614520714,treatment_a,P00226,6.203,4.913,4.6,28,NB,Other,2019-11-06,645156,0,upd1_extended_row_226
S0227,10.1177/0956797615575277,control,P00227,3.157,3.896,3.28,61,F,HS,2019-01-16,630061,0,upd1_extended_row_227
S0228,10.1073/pnas.1209746109,treatment_a,P00228,2.582,2.845,6.63,24,NB,MA,2019-04-20,2104876,0,upd1_extended_row_228
S0229,10.1073/pnas.1209746109,control,P00229,2.876,2.511,4.75,41,M,MA,2019-02-17,1273874,0,upd1_extended_row_229
S0230,10.1037/pspa0000226,treatment_a,P00230,4.134,1.745,3.5,64,F,HS,2019-01-27,1863320,0,upd1_extended_row_230
S0231,10.1037/pspa0000226,treatment_a,P00231,3.821,2.746,2.93,59,M,Other,2019-02-23,1631551,0,upd1_extended_row_231
S0232,10.1073/pnas.1209746109,treatment_b,P00232,3.91,2.768,5.31,30,F,BA,2019-08-19,897565,0,upd1_extended_row_232
S0233,10.1177/0956797614520714,treatment_a,P00233,3.719,3.55,5.47,50,F,PhD,2019-05-05,1448358,0,upd1_extended_row_233
S0234,10.1073/pnas.1209746109,treatment_b,P00234,4.504,2.865,5.64,23,M,MA,2019-09-16,1952757,0,upd1_extended_row_234
S0235,10.1177/0956797615575277,control,P00235,3.985,4.806,4.74,38,F,PhD,2019-08-11,1246900,0,upd1_extended_row_235
S0236,10.1177/0956797614520714,treatment_a,P00236,3.346,5.527,5.58,32,NB,BA,2019-02-25,2114535,0,upd1_extended_row_236
S0237,10.1037/pspa0000226,treatment_b,P00237,6.283,4.027,3.33,62,F,MA,2019-06-24,1718387,0,upd1_extended_row_237
S0238,10.1177/0956797615575277,treatment_b,P00238,2.81,3.968,5.72,26,F,MA,2019-05-19,1460082,0,upd1_extended_row_238
S0239,10.1037/pspa0000226,treatment_a,P00239,4.888,3.014,3.88,49,F,PhD,2019-03-19,2320541,0,upd1_extended_row_239
S0240,10.1177/0956797614520714,treatment_b,P00240,4.54,4.904,6.27,46,F,Other,2019-04-11,2306177,0,upd1_extended_row_240
S0241,10.1177/0956797615575277,control,P00241,3.669,3.555,6.63,43,F,MA,2019-03-08,670137,0,upd1_extended_row_241
S0242,10.1073/pnas.1209746109,treatment_b,P00242,5.451,3.88,4.63,47,M,HS,2019-09-28,2067954,0,upd1_extended_row_242
S0243,10.1177/0956797614520714,treatment_b,P00243,3.831,3.087,4.64,23,NB,HS,2019-06-12,1172146,0,upd1_extended_row_243
S0244,10.1037/pspa0000226,treatment_b,P00244,3.785,4.495,5.41,58,F,MA,2019-03-19,653333,0,upd1_extended_row_244
S0245,10.1073/pnas.1209746109,treatment_b,P00245,4.071,3.215,4.51,30,M,PhD,2019-07-05,1231537,0,upd1_extended_row_245
S0246,10.1037/pspa0000226,treatment_b,P00246,5.012,2.718,5.1,60,M,HS,2019-01-17,479398,0,upd1_extended_row_246
S0247,10.1177/0956797615575277,control,P00247,3.306,3.699,6.37,47,NB,HS,2019-06-03,808534,0,upd1_extended_row_247
S0248,10.1177/0956797615575277,treatment_a,P00248,7.687,2.745,5.64,40,M,Other,2019-11-21,600511,0,upd1_extended_row_248
S0249,10.1037/pspa0000226,treatment_b,P00249,3.722,3.796,4.23,63,NB,Other,2019-04-24,919801,0,upd1_extended_row_249
S0250,10.1073/pnas.1209746109,control,P00250,4.583,3.61,4.76,53,M,HS,2019-12-13,2036901,0,upd1_extended_row_250
S0251,10.1177/0956797614520714,treatment_b,P00251,4.924,3.912,5.01,61,M,MA,2019-07-23,2135615,0,upd1_extended_row_251
S0252,10.1037/pspa0000226,treatment_a,P00252,3.95,3.172,5.03,38,M,BA,2019-02-28,1563848,0,upd1_extended_row_252
S0253,10.1037/pspa0000226,treatment_a,P00253,5.859,5.594,4.6,21,M,Other,2019-12-21,671815,0,upd1_extended_row_253
S0254,10.1177/0956797614520714,control,P00254,4.846,1.945,4.64,42,F,PhD,2019-12-27,1258336,0,upd1_extended_row_254
S0255,10.1177/0956797615575277,treatment_b,P00255,5.557,3.853,5.28,39,F,HS,2019-07-15,1343979,0,upd1_extended_row_255
S0256,10.1073/pnas.1209746109,control,P00256,5.645,3.695,4.66,55,NB,Other,2019-11-20,368284,0,upd1_extended_row_256
S0257,10.1073/pnas.1209746109,treatment_b,P00257,3.712,3.589,5.16,51,F,BA,2019-09-04,2358455,0,upd1_extended_row_257
S0258,10.1037/pspa0000226,control,P00258,4.55,3.701,4.37,42,F,Other,2019-02-21,2206492,0,upd1_extended_row_258
S0259,10.1177/0956797615575277,treatment_b,P00259,4.325,4.54,4.96,43,F,MA,2019-08-17,603376,0,upd1_extended_row_259
S0260,10.1037/pspa0000226,treatment_b,P00260,3.786,4.169,4.74,63,M,Other,2019-07-24,1225533,0,upd1_extended_row_260
S0261,10.1177/0956797615575277,treatment_b,P00261,4.863,4.812,4.69,58,NB,MA,2019-01-27,1717701,0,upd1_extended_row_261
S0262,10.1177/0956797615575277,treatment_b,P00262,5.671,2.091,4.17,59,M,BA,2019-12-06,1471581,0,upd1_extended_row_262
S0263,10.1177/0956797615575277,control,P00263,5.531,4.291,6.16,52,NB,PhD,2019-05-02,2369506,1,upd1_extended_row_263
S0264,10.1037/pspa0000226,treatment_a,P00264,4.669,2.751,4.09,57,M,HS,2019-03-19,2078608,0,upd1_extended_row_264
S0265,10.1073/pnas.1209746109,treatment_a,P00265,3.563,5.29,5.31,54,M,MA,2019-06-13,1630430,0,upd1_extended_row_265
S0266,10.1037/pspa0000226,treatment_b,P00266,3.152,2.938,6.22,26,F,HS,2019-08-25,1792841,1,upd1_extended_row_266
S0267,10.1177/0956797614520714,control,P00267,3.859,3.001,5.78,64,NB,Other,2019-10-19,371894,0,upd1_extended_row_267
S0268,10.1037/pspa0000226,treatment_b,P00268,5.4,2.782,4.51,54,NB,HS,2019-09-28,2149671,0,upd1_extended_row_268
S0269,10.1037/pspa0000226,treatment_b,P00269,3.841,1.137,5.59,44,NB,PhD,2019-05-19,1187421,0,upd1_extended_row_269
S0270,10.1177/0956797614520714,control,P00270,4.044,3.42,3.63,29,NB,HS,2019-07-10,1893283,0,upd1_extended_row_270
S0271,10.1037/pspa0000226,treatment_b,P00271,6.534,4.546,6.17,57,F,Other,2019-02-11,1502164,0,upd1_extended_row_271
S0272,10.1177/0956797615575277,control,P00272,6.122,3.947,6.78,19,F,Other,2019-11-17,1898735,0,upd1_extended_row_272
S0273,10.1177/0956797615575277,treatment_b,P00273,4.249,4.281,6.23,26,F,HS,2019-02-22,1882961,0,upd1_extended_row_273
S0274,10.1177/0956797614520714,control,P00274,3.344,4.072,4.84,57,M,HS,2019-06-25,1320337,0,upd1_extended_row_274
S0275,10.1177/0956797615575277,control,P00275,4.325,5.097,6.03,27,F,HS,2019-04-23,1557734,0,upd1_extended_row_275
S0276,10.1073/pnas.1209746109,treatment_a,P00276,4.974,5.928,5.12,24,F,Other,2019-09-21,2189146,0,upd1_extended_row_276
S0277,10.1073/pnas.1209746109,treatment_a,P00277,5.858,4.365,3.68,41,F,BA,2019-01-14,826303,0,upd1_extended_row_277
S0278,10.1177/0956797615575277,control,P00278,4.696,3.548,5.38,34,F,BA,2019-12-27,2152530,0,upd1_extended_row_278
S0279,10.1037/pspa0000226,treatment_b,P00279,0.797,4.132,5.25,63,F,Other,2019-11-17,2288576,0,upd1_extended_row_279
S0280,10.1177/0956797614520714,treatment_a,P00280,5.442,3.544,5.08,37,NB,HS,2019-04-16,692732,0,upd1_extended_row_280
S0281,10.1177/0956797615575277,control,P00281,5.315,4.314,4.91,34,M,HS,2019-02-22,500002,0,upd1_extended_row_281
S0282,10.1073/pnas.1209746109,treatment_b,P00282,4.327,2.742,4.82,37,F,MA,2019-02-25,1446949,0,upd1_extended_row_282
S0283,10.1177/0956797614520714,control,P00283,5.169,3.271,5.35,56,F,PhD,2019-02-14,1108773,0,upd1_extended_row_283
S0284,10.1037/pspa0000226,treatment_b,P00284,4.446,3.933,4.78,33,M,MA,2019-08-20,812310,0,upd1_extended_row_284
S0285,10.1073/pnas.1209746109,control,P00285,6.386,1.911,5.16,55,F,MA,2019-06-19,504024,0,upd1_extended_row_285
S0286,10.1073/pnas.1209746109,treatment_a,P00286,5.154,2.422,4.7,55,F,PhD,2019-09-25,2175357,0,upd1_extended_row_286
S0287,10.1177/0956797615575277,treatment_b,P00287,5.232,2.799,4.11,50,M,Other,2019-08-28,268739,0,upd1_extended_row_287
S0288,10.1073/pnas.1209746109,control,P00288,2.379,4.795,6.14,48,M,Other,2019-03-02,654000,0,upd1_extended_row_288
S0289,10.1177/0956797614520714,treatment_a,P00289,2.107,3.673,5.21,26,M,HS,2019-10-07,1111788,0,upd1_extended_row_289
S0290,10.1177/0956797615575277,control,P00290,5.779,4.26,5.74,20,F,MA,2019-04-10,1573919,0,upd1_extended_row_290
S0291,10.1177/0956797615575277,control,P00291,4.554,3.387,4.9,43,NB,HS,2019-04-09,1457139,1,upd1_extended_row_291
S0292,10.1073/pnas.1209746109,treatment_b,P00292,6.145,3.046,5.39,58,NB,MA,2019-07-27,1182061,0,upd1_extended_row_292
S0293,10.1177/0956797614520714,control,P00293,3.293,4.795,6.03,49,F,BA,2019-01-11,1147698,0,upd1_extended_row_293
S0294,10.1073/pnas.1209746109,treatment_b,P00294,5.734,1.847,5.79,29,F,Other,2019-12-08,1474607,0,upd1_extended_row_294
S0295,10.1177/0956797615575277,control,P00295,4.472,2.825,5.45,41,F,BA,2019-08-21,2253764,0,upd1_extended_row_295
S0296,10.1073/pnas.1209746109,treatment_b,P00296,4.355,3.694,4.78,39,NB,BA,2019-12-10,1778844,0,upd1_extended_row_296
S0297,10.1073/pnas.1209746109,control,P00297,2.944,3.849,4.69,27,F,MA,2019-06-02,2088570,0,upd1_extended_row_297
S0298,10.1177/0956797614520714,treatment_b,P00298,6.686,3.052,4.28,34,M,HS,2019-08-10,1811761,0,upd1_extended_row_298
S0299,10.1037/pspa0000226,treatment_b,P00299,3.225,3.156,3.9,63,NB,MA,2019-11-23,1286802,0,upd1_extended_row_299
S0300,10.1037/pspa0000226,control,P00300,5.412,2.422,5.72,56,F,Other,2019-01-26,606099,0,upd1_extended_row_300
S0301,10.1177/0956797614520714,control,P00301,4.084,2.992,6.14,45,M,PhD,2019-10-03,1073889,0,upd1_extended_row_301
S0302,10.1073/pnas.1209746109,treatment_b,P00302,3.898,4.031,3.72,33,M,BA,2019-06-16,1692608,0,upd1_extended_row_302
S0303,10.1037/pspa0000226,treatment_a,P00303,4.114,2.911,4.13,19,M,PhD,2019-02-28,1477356,0,upd1_extended_row_303
S0304,10.1037/pspa0000226,treatment_a,P00304,4.396,5.043,4.63,57,M,PhD,2019-01-04,1723152,0,upd1_extended_row_304
S0305,10.1177/0956797615575277,treatment_b,P00305,7.755,4.574,5.28,27,F,Other,2019-11-27,1596032,0,upd1_extended_row_305
S0306,10.1177/0956797614520714,treatment_b,P00306,2.641,3.123,6.22,40,M,MA,2019-05-13,1843204,0,upd1_extended_row_306
S0307,10.1073/pnas.1209746109,treatment_a,P00307,5.137,4.395,6.91,29,NB,PhD,2019-01-28,2149225,0,upd1_extended_row_307
S0308,10.1177/0956797615575277,treatment_b,P00308,4.484,4.574,5.76,58,F,Other,2019-09-16,1834032,0,upd1_extended_row_308
S0309,10.1073/pnas.1209746109,treatment_a,P00309,3.758,4.477,6.51,27,M,HS,2019-04-21,338602,0,upd1_extended_row_309
S0310,10.1177/0956797615575277,treatment_a,P00310,6.464,5.445,5.17,20,F,HS,2019-10-28,1163691,0,upd1_extended_row_310
S0311,10.1073/pnas.1209746109,control,P00311,2.88,3.272,5.03,48,F,Other,2019-12-11,2333980,1,upd1_extended_row_311
S0312,10.1037/pspa0000226,treatment_a,P00312,4.017,4.701,4.91,63,M,HS,2019-09-11,344611,0,upd1_extended_row_312
S0313,10.1177/0956797614520714,treatment_b,P00313,5.142,1.902,5.79,65,M,Other,2019-11-01,1635051,0,upd1_extended_row_313
S0314,10.1177/0956797615575277,treatment_b,P00314,4.924,4.975,6.31,29,F,BA,2019-04-08,784028,0,upd1_extended_row_314
S0315,10.1037/pspa0000226,treatment_b,P00315,5.499,4.478,5.21,34,M,Other,2019-10-20,274588,0,upd1_extended_row_315
S0316,10.1177/0956797614520714,treatment_a,P00316,5.599,3.612,5.74,46,F,MA,2019-10-23,2171395,0,upd1_extended_row_316
S0317,10.1177/0956797615575277,treatment_b,P00317,3.495,4.239,5.71,22,F,HS,2019-10-10,1167179,0,upd1_extended_row_317
S0318,10.1037/pspa0000226,control,P00318,3.148,3.417,4.69,43,F,MA,2019-10-26,1459128,0,upd1_extended_row_318
S0319,10.1037/pspa0000226,control,P00319,2.153,3.124,5.8,20,M,MA,2019-12-22,1406266,0,upd1_extended_row_319
S0320,10.1037/pspa0000226,control,P00320,3.585,4.129,5.0,49,NB,Other,2019-09-03,1458665,0,upd1_extended_row_320
S0321,10.1073/pnas.1209746109,control,P00321,3.339,3.264,4.51,61,M,BA,2019-11-02,1329385,0,upd1_extended_row_321
S0322,10.1177/0956797614520714,treatment_a,P00322,4.129,4.583,6.35,53,F,MA,2019-06-24,1473362,0,upd1_extended_row_322
S0323,10.1177/0956797614520714,treatment_b,P00323,4.589,3.343,5.03,33,M,PhD,2019-01-22,1376286,0,upd1_extended_row_323
S0324,10.1073/pnas.1209746109,treatment_a,P00324,3.728,5.071,5.85,38,F,Other,2019-08-01,513771,0,upd1_extended_row_324
S0325,10.1177/0956797615575277,treatment_a,P00325,4.273,2.916,5.54,47,NB,MA,2019-12-27,346058,0,upd1_extended_row_325
S0326,10.1177/0956797615575277,treatment_b,P00326,2.309,3.524,4.55,30,F,HS,2019-03-01,1174132,0,upd1_extended_row_326
S0327,10.1177/0956797615575277,treatment_b,P00327,6.751,3.762,2.71,39,M,PhD,2019-08-02,2212386,0,upd1_extended_row_327
S0328,10.1037/pspa0000226,treatment_b,P00328,4.652,3.252,6.56,45,F,PhD,2019-01-16,689900,0,upd1_extended_row_328
S0329,10.1177/0956797614520714,treatment_b,P00329,5.189,2.897,4.97,35,F,MA,2019-10-26,1706932,0,upd1_extended_row_329
S0330,10.1037/pspa0000226,treatment_a,P00330,4.336,2.724,3.98,33,NB,Other,2019-04-20,1191212,0,upd1_extended_row_330
S0331,10.1037/pspa0000226,treatment_a,P00331,4.539,2.503,4.47,19,F,MA,2019-09-04,1211911,0,upd1_extended_row_331
S0332,10.1177/0956797614520714,treatment_a,P00332,5.337,4.692,5.22,54,M,PhD,2019-07-14,876499,0,upd1_extended_row_332
S0333,10.1037/pspa0000226,treatment_a,P00333,2.261,3.933,4.74,36,M,MA,2019-02-02,1672483,0,upd1_extended_row_333
S0334,10.1073/pnas.1209746109,treatment_a,P00334,6.647,2.772,5.35,61,M,HS,2019-01-28,519674,0,upd1_extended_row_334
S0335,10.1177/0956797614520714,treatment_a,P00335,4.228,2.274,5.0,56,M,Other,2019-10-07,2075169,0,upd1_extended_row_335
S0336,10.1037/pspa0000226,control,P00336,2.178,3.603,4.49,18,M,BA,2019-12-12,603478,0,upd1_extended_row_336
S0337,10.1037/pspa0000226,treatment_a,P00337,5.881,3.903,5.35,65,NB,HS,2019-11-22,1403532,0,upd1_extended_row_337
S0338,10.1037/pspa0000226,treatment_b,P00338,5.789,3.517,4.71,51,NB,BA,2019-04-04,1167815,0,upd1_extended_row_338
S0339,10.1177/0956797614520714,control,P00339,3.487,2.838,5.07,65,M,HS,2019-10-09,2175811,0,upd1_extended_row_339
S0340,10.1037/pspa0000226,control,P00340,5.251,4.707,5.4,57,F,MA,2019-07-10,1359154,0,upd1_extended_row_340
S0341,10.1037/pspa0000226,treatment_b,P00341,6.26,3.536,4.81,53,F,HS,2019-08-27,1004050,0,upd1_extended_row_341
S0342,10.1073/pnas.1209746109,treatment_b,P00342,4.581,3.356,5.14,50,F,PhD,2019-10-20,1901127,0,upd1_extended_row_342
S0343,10.1177/0956797614520714,control,P00343,3.299,6.094,5.63,39,F,HS,2019-07-14,2149841,0,upd1_extended_row_343
S0344,10.1177/0956797615575277,treatment_a,P00344,4.194,4.812,5.81,49,F,MA,2019-05-05,1910109,0,upd1_extended_row_344
S0345,10.1177/0956797615575277,treatment_b,P00345,3.423,3.534,4.7,51,F,MA,2019-06-18,2133788,0,upd1_extended_row_345
S0346,10.1037/pspa0000226,treatment_a,P00346,6.212,4.406,4.27,52,F,Other,2019-06-24,404454,0,upd1_extended_row_346
S0347,10.1177/0956797615575277,treatment_a,P00347,3.706,5.046,6.52,29,F,Other,2019-12-19,1649215,0,upd1_extended_row_347
S0348,10.1037/pspa0000226,control,P00348,5.878,2.69,4.41,51,NB,Other,2019-11-27,1015498,0,upd1_extended_row_348
S0349,10.1177/0956797615575277,treatment_a,P00349,4.918,3.132,3.58,21,F,BA,2019-03-16,189067,0,upd1_extended_row_349
S0350,10.1037/pspa0000226,treatment_a,P00350,2.655,5.556,5.2,59,M,PhD,2019-09-09,1208541,0,upd1_extended_row_350
S0351,10.1037/pspa0000226,control,P00351,3.137,3.512,2.99,58,F,Other,2019-10-07,2053052,0,upd1_extended_row_351
S0352,10.1037/pspa0000226,treatment_a,P00352,4.631,2.673,4.86,48,F,HS,2019-08-19,1709098,0,upd1_extended_row_352
S0353,10.1073/pnas.1209746109,control,P00353,6.131,5.058,4.92,62,M,HS,2019-09-23,1606469,0,upd1_extended_row_353
S0354,10.1073/pnas.1209746109,treatment_b,P00354,3.594,4.864,4.69,44,M,Other,2019-12-02,1796098,0,upd1_extended_row_354
S0355,10.1073/pnas.1209746109,control,P00355,4.962,4.856,5.24,51,M,PhD,2019-05-27,2048853,0,upd1_extended_row_355
S0356,10.1037/pspa0000226,treatment_a,P00356,3.025,3.986,5.68,33,F,PhD,2019-03-20,1097215,0,upd1_extended_row_356
S0357,10.1177/0956797614520714,treatment_b,P00357,5.723,3.132,4.8,51,F,MA,2019-07-09,500922,0,upd1_extended_row_357
S0358,10.1037/pspa0000226,treatment_b,P00358,4.918,4.52,5.04,23,F,BA,2019-05-19,1275792,0,upd1_extended_row_358
S0359,10.1177/0956797614520714,treatment_a,P00359,4.065,3.569,6.51,40,F,BA,2019-07-09,523730,0,upd1_extended_row_359
S0360,10.1177/0956797614520714,control,P00360,4.969,2.228,6.07,18,NB,Other,2019-02-13,2030797,0,upd1_extended_row_360
S0361,10.1177/0956797615575277,control,P00361,4.524,2.926,3.85,37,M,BA,2019-09-24,1534457,1,upd1_extended_row_361
S0362,10.1177/0956797615575277,control,P00362,3.394,4.217,5.52,49,F,MA,2019-10-28,1207080,0,upd1_extended_row_362
S0363,10.1177/0956797615575277,control,P00363,4.988,3.503,5.13,45,NB,MA,2019-12-26,1206414,0,upd1_extended_row_363
S0364,10.1073/pnas.1209746109,treatment_b,P00364,4.147,2.336,4.17,35,F,PhD,2019-10-14,1229270,0,upd1_extended_row_364
S0365,10.1177/0956797614520714,treatment_b,P00365,3.045,4.803,5.73,42,F,Other,2019-02-03,1816981,0,upd1_extended_row_365
S0366,10.1177/0956797614520714,treatment_a,P00366,3.742,3.215,5.38,43,F,MA,2019-05-14,1676103,0,upd1_extended_row_366
S0367,10.1177/0956797615575277,treatment_b,P00367,4.645,4.075,4.99,25,F,MA,2019-04-08,1764431,0,upd1_extended_row_367
S0368,10.1073/pnas.1209746109,treatment_a,P00368,3.652,2.721,5.1,59,F,Other,2019-12-09,1119770,0,upd1_extended_row_368
S0369,10.1177/0956797615575277,treatment_b,P00369,6.457,4.588,5.89,38,F,Other,2019-01-06,316533,0,upd1_extended_row_369
S0370,10.1073/pnas.1209746109,treatment_a,P00370,4.416,3.583,4.55,43,F,MA,2019-10-03,1937251,0,upd1_extended_row_370
S0371,10.1073/pnas.1209746109,treatment_b,P00371,3.322,5.011,4.89,26,M,PhD,2019-06-17,2356066,0,upd1_extended_row_371
S0372,10.1177/0956797615575277,control,P00372,5.268,3.897,6.05,26,F,Other,2019-10-03,1065311,0,upd1_extended_row_372
S0373,10.1037/pspa0000226,treatment_b,P00373,5.645,4.179,5.67,42,M,PhD,2019-09-01,1309770,0,upd1_extended_row_373
S0374,10.1073/pnas.1209746109,treatment_b,P00374,6.125,4.06,6.83,32,NB,PhD,2019-06-16,1692118,0,upd1_extended_row_374
S0375,10.1177/0956797615575277,treatment_b,P00375,2.901,3.304,6.25,21,NB,BA,2019-02-28,1777740,1,upd1_extended_row_375
S0376,10.1073/pnas.1209746109,control,P00376,4.554,3.454,5.58,46,F,PhD,2019-10-24,2035329,0,upd1_extended_row_376
S0377,10.1177/0956797614520714,control,P00377,4.872,2.644,5.37,55,M,HS,2019-04-14,375258,0,upd1_extended_row_377
S0378,10.1073/pnas.1209746109,treatment_b,P00378,3.164,3.441,3.92,59,M,MA,2019-08-13,484225,0,upd1_extended_row_378
S0379,10.1177/0956797614520714,treatment_b,P00379,4.987,4.313,4.85,64,M,PhD,2019-04-12,2348247,0,upd1_extended_row_379
S0380,10.1177/0956797614520714,treatment_a,P00380,3.901,2.633,5.21,34,F,HS,2019-01-02,1205111,0,upd1_extended_row_380
S0381,10.1073/pnas.1209746109,treatment_a,P00381,4.012,3.447,4.98,60,F,HS,2019-03-22,1176560,0,upd1_extended_row_381
S0382,10.1073/pnas.1209746109,treatment_a,P00382,2.819,2.309,6.25,26,M,Other,2019-03-20,912767,0,upd1_extended_row_382
S0383,10.1177/0956797615575277,treatment_a,P00383,3.197,2.403,5.74,64,NB,Other,2019-01-27,276737,0,upd1_extended_row_383
S0384,10.1177/0956797614520714,treatment_a,P00384,4.153,3.27,5.85,28,F,Other,2019-07-15,2301519,0,upd1_extended_row_384
S0385,10.1073/pnas.1209746109,treatment_a,P00385,4.908,3.858,4.38,39,F,Other,2019-09-13,302310,1,upd1_extended_row_385
S0386,10.1177/0956797615575277,control,P00386,5.108,3.019,4.29,47,F,HS,2019-01-05,2197903,0,upd1_extended_row_386
S0387,10.1073/pnas.1209746109,treatment_b,P00387,2.738,4.113,4.71,22,F,BA,2019-10-22,449144,0,upd1_extended_row_387
S0388,10.1037/pspa0000226,control,P00388,5.986,3.78,4.98,19,M,Other,2019-08-18,506313,0,upd1_extended_row_388
S0389,10.1073/pnas.1209746109,treatment_a,P00389,6.145,2.326,4.67,31,M,MA,2019-12-17,692623,1,upd1_extended_row_389
S0390,10.1037/pspa0000226,treatment_a,P00390,4.42,3.956,5.13,46,M,BA,2019-10-19,2321938,0,upd1_extended_row_390
S0391,10.1177/0956797615575277,treatment_a,P00391,3.829,4.342,4.84,36,F,PhD,2019-07-03,612899,0,upd1_extended_row_391
S0392,10.1073/pnas.1209746109,control,P00392,4.805,2.677,5.07,32,NB,PhD,2019-02-04,715041,0,upd1_extended_row_392
S0393,10.1037/pspa0000226,treatment_b,P00393,5.455,3.468,4.52,30,F,BA,2019-07-06,789807,0,upd1_extended_row_393
S0394,10.1177/0956797615575277,treatment_a,P00394,4.314,4.851,4.88,38,F,Other,2019-12-15,1410419,0,upd1_extended_row_394
S0395,10.1037/pspa0000226,control,P00395,6.312,4.042,6.07,60,F,Other,2019-07-03,311449,0,upd1_extended_row_395
S0396,10.1073/pnas.1209746109,treatment_b,P00396,4.549,4.679,4.46,26,F,PhD,2019-11-13,2257003,0,upd1_extended_row_396
S0397,10.1177/0956797614520714,treatment_b,P00397,8.137,4.477,5.77,60,M,BA,2019-01-27,1973690,0,upd1_extended_row_397
S0398,10.1037/pspa0000226,treatment_b,P00398,6.049,3.422,3.67,27,F,HS,2019-05-02,1545282,1,upd1_extended_row_398
S0399,10.1177/0956797614520714,treatment_a,P00399,5.775,3.522,4.51,65,F,PhD,2019-09-11,1936162,0,upd1_extended_row_399
S0400,10.1073/pnas.1209746109,control,P00400,3.894,4.816,3.94,39,M,MA,2019-10-11,1617865,1,upd1_extended_row_400
S0401,10.1177/0956797615575277,control,P00401,5.13,4.114,4.56,54,F,PhD,2019-02-27,2034532,0,upd1_extended_row_401
S0402,10.1177/0956797615575277,control,P00402,5.947,2.755,3.58,49,M,BA,2019-09-21,668292,0,upd1_extended_row_402
S0403,10.1177/0956797615575277,treatment_a,P00403,4.672,4.279,5.02,47,F,Other,2019-10-21,1670313,0,upd1_extended_row_403
S0404,10.1177/0956797615575277,control,P00404,3.497,4.453,5.8,61,NB,HS,2019-04-08,1028253,0,upd1_extended_row_404
S0405,10.1073/pnas.1209746109,treatment_a,P00405,7.74,4.409,6.71,39,NB,BA,2019-12-20,1641873,1,upd1_extended_row_405
S0406,10.1037/pspa0000226,control,P00406,3.328,5.306,4.93,25,F,PhD,2019-06-28,538848,0,upd1_extended_row_406
S0407,10.1037/pspa0000226,control,P00407,5.193,4.083,6.09,57,M,BA,2019-06-20,308784,0,upd1_extended_row_407
S0408,10.1037/pspa0000226,treatment_a,P00408,3.545,4.229,5.52,60,M,PhD,2019-11-15,426077,0,upd1_extended_row_408
S0409,10.1037/pspa0000226,treatment_b,P00409,5.637,3.383,4.89,62,NB,PhD,2019-12-01,800191,0,upd1_extended_row_409
S0410,10.1073/pnas.1209746109,control,P00410,4.209,5.006,5.44,37,M,BA,2019-12-26,1927359,0,upd1_extended_row_410
S0411,10.1177/0956797614520714,treatment_a,P00411,6.428,3.402,5.37,44,F,HS,2019-07-04,645244,1,upd1_extended_row_411
S0412,10.1177/0956797614520714,treatment_a,P00412,3.262,1.823,7.41,20,F,Other,2019-12-17,2134003,0,upd1_extended_row_412
S0413,10.1037/pspa0000226,control,P00413,4.304,2.447,4.79,38,M,Other,2019-04-26,2309067,0,upd1_extended_row_413
S0414,10.1177/0956797614520714,treatment_a,P00414,4.858,3.803,5.02,36,NB,HS,2019-06-10,882990,0,upd1_extended_row_414
S0415,10.1073/pnas.1209746109,treatment_a,P00415,6.003,4.551,6.03,56,NB,Other,2019-01-20,548686,0,upd1_extended_row_415
S0416,10.1177/0956797615575277,treatment_a,P00416,2.897,4.165,4.94,38,M,PhD,2019-12-12,609223,0,upd1_extended_row_416
S0417,10.1177/0956797614520714,control,P00417,3.883,4.797,4.99,43,NB,HS,2019-02-08,942318,0,upd1_extended_row_417
S0418,10.1037/pspa0000226,treatment_b,P00418,5.18,1.895,3.85,41,F,PhD,2019-09-16,1919071,0,upd1_extended_row_418
S0419,10.1177/0956797614520714,treatment_a,P00419,5.581,2.97,4.09,40,F,HS,2019-04-10,915359,0,upd1_extended_row_419
S0420,10.1073/pnas.1209746109,treatment_a,P00420,3.878,4.95,5.56,52,F,PhD,2019-02-23,315910,0,upd1_extended_row_420
S0421,10.1073/pnas.1209746109,treatment_b,P00421,5.243,3.514,4.4,36,NB,PhD,2019-04-28,1482884,0,upd1_extended_row_421
S0422,10.1177/0956797614520714,control,P00422,6.038,3.535,3.09,18,M,MA,2019-07-06,474200,0,upd1_extended_row_422
S0423,10.1177/0956797615575277,treatment_b,P00423,4.583,2.98,4.32,50,NB,PhD,2019-09-15,1169606,0,upd1_extended_row_423
S0424,10.1177/0956797615575277,control,P00424,3.213,3.442,5.04,32,F,HS,2019-04-28,471206,0,upd1_extended_row_424
S0425,10.1037/pspa0000226,treatment_b,P00425,4.127,3.072,6.7,50,M,BA,2019-03-02,1140774,0,upd1_extended_row_425
S0426,10.1037/pspa0000226,control,P00426,4.498,2.904,3.85,34,F,MA,2019-08-16,1456182,0,upd1_extended_row_426
S0427,10.1177/0956797615575277,treatment_b,P00427,5.185,3.456,4.29,31,F,PhD,2019-11-07,534982,0,upd1_extended_row_427
S0428,10.1037/pspa0000226,treatment_b,P00428,5.411,3.417,4.39,64,F,PhD,2019-02-09,1813620,1,upd1_extended_row_428
S0429,10.1177/0956797614520714,treatment_a,P00429,4.575,3.103,4.5,63,F,Other,2019-02-02,943864,0,upd1_extended_row_429
S0430,10.1177/0956797615575277,treatment_a,P00430,5.24,4.549,4.59,36,F,PhD,2019-12-16,311750,0,upd1_extended_row_430
S0431,10.1177/0956797615575277,treatment_a,P00431,4.21,5.637,6.4,54,M,PhD,2019-11-07,296260,0,upd1_extended_row_431
S0432,10.1037/pspa0000226,treatment_b,P00432,3.879,3.632,5.21,55,NB,BA,2019-01-22,995922,0,upd1_extended_row_432
S0433,10.1073/pnas.1209746109,control,P00433,4.369,4.522,4.49,42,F,PhD,2019-03-04,279155,0,upd1_extended_row_433
S0434,10.1177/0956797615575277,control,P00434,4.043,4.591,4.98,64,M,HS,2019-11-24,1884032,1,upd1_extended_row_434
S0435,10.1177/0956797615575277,treatment_b,P00435,5.492,4.443,4.46,37,F,BA,2019-01-14,863299,1,upd1_extended_row_435
S0436,10.1177/0956797614520714,treatment_b,P00436,5.579,3.877,4.93,56,F,MA,2019-03-15,215618,0,upd1_extended_row_436
S0437,10.1177/0956797614520714,control,P00437,3.527,3.873,4.23,63,F,PhD,2019-07-17,1321453,0,upd1_extended_row_437
S0438,10.1037/pspa0000226,treatment_a,P00438,2.584,3.66,4.81,61,NB,HS,2019-08-02,978082,0,upd1_extended_row_438
S0439,10.1037/pspa0000226,treatment_a,P00439,5.201,4.303,5.04,18,F,Other,2019-06-06,2162297,0,upd1_extended_row_439
S0440,10.1177/0956797615575277,control,P00440,3.229,3.225,5.13,45,M,BA,2019-09-14,899551,0,upd1_extended_row_440
S0441,10.1177/0956797614520714,control,P00441,2.952,3.498,3.54,45,M,PhD,2019-07-12,587409,0,upd1_extended_row_441
S0442,10.1177/0956797614520714,control,P00442,3.732,4.186,4.36,55,F,HS,2019-04-17,789233,0,upd1_extended_row_442
S0443,10.1073/pnas.1209746109,treatment_b,P00443,5.73,2.607,4.35,41,NB,PhD,2019-03-25,664140,1,upd1_extended_row_443
S0444,10.1073/pnas.1209746109,control,P00444,5.31,1.779,4.94,62,F,BA,2019-10-01,836992,0,upd1_extended_row_444
S0445,10.1037/pspa0000226,control,P00445,2.844,3.923,5.84,45,M,PhD,2019-10-13,1458830,0,upd1_extended_row_445
S0446,10.1177/0956797615575277,treatment_b,P00446,4.435,3.611,4.62,42,F,PhD,2019-07-16,1423851,0,upd1_extended_row_446
S0447,10.1177/0956797614520714,treatment_b,P00447,3.291,3.982,4.27,32,M,BA,2019-08-06,2176719,0,upd1_extended_row_447
S0448,10.1177/0956797614520714,control,P00448,5.247,4.218,5.32,56,F,PhD,2019-03-02,1168616,0,upd1_extended_row_448
S0449,10.1073/pnas.1209746109,treatment_b,P00449,3.128,4.079,5.42,57,F,Other,2019-05-21,182569,0,upd1_extended_row_449
S0450,10.1177/0956797614520714,treatment_b,P00450,4.47,3.346,6.63,36,F,HS,2019-10-24,2247500,0,upd1_extended_row_450
S0451,10.1177/0956797614520714,treatment_b,P00451,5.226,3.659,4.27,56,F,BA,2019-11-17,531342,0,upd1_extended_row_451
S0452,10.1073/pnas.1209746109,treatment_b,P00452,5.953,4.206,5.02,42,NB,PhD,2019-08-28,912548,0,upd1_extended_row_452
S0453,10.1073/pnas.1209746109,treatment_b,P00453,2.5,3.973,3.91,33,F,MA,2019-11-28,482045,1,upd1_extended_row_453
S0454,10.1037/pspa0000226,treatment_b,P00454,4.773,3.393,4.02,57,F,PhD,2019-05-08,2017113,0,upd1_extended_row_454
S0455,10.1073/pnas.1209746109,treatment_a,P00455,6.103,3.816,5.48,27,NB,BA,2019-04-17,1276943,0,upd1_extended_row_455
S0456,10.1177/0956797615575277,treatment_b,P00456,5.947,2.404,4.43,20,NB,Other,2019-07-16,792261,0,upd1_extended_row_456
S0457,10.1177/0956797614520714,treatment_a,P00457,2.743,3.594,5.2,27,M,HS,2019-06-06,1314352,0,upd1_extended_row_457
S0458,10.1073/pnas.1209746109,control,P00458,6.527,4.097,5.41,32,M,HS,2019-04-06,1962271,0,upd1_extended_row_458
S0459,10.1037/pspa0000226,control,P00459,3.624,4.133,5.79,60,NB,MA,2019-05-10,2394484,0,upd1_extended_row_459
S0460,10.1177/0956797615575277,treatment_b,P00460,6.091,2.262,6.23,61,M,BA,2019-07-07,2357626,0,upd1_extended_row_460
S0461,10.1073/pnas.1209746109,treatment_b,P00461,4.707,4.248,4.2,61,F,MA,2019-09-09,1055548,0,upd1_extended_row_461
S0462,10.1177/0956797614520714,treatment_a,P00462,3.686,3.725,5.36,57,M,PhD,2019-01-15,1931226,0,upd1_extended_row_462
S0463,10.1177/0956797615575277,treatment_b,P00463,3.072,4.85,6.13,23,M,Other,2019-03-16,1501383,0,upd1_extended_row_463
S0464,10.1037/pspa0000226,treatment_b,P00464,3.707,4.09,5.84,52,F,BA,2019-08-07,245750,1,upd1_extended_row_464
S0465,10.1037/pspa0000226,control,P00465,5.687,4.61,4.81,32,F,HS,2019-03-11,2137959,0,upd1_extended_row_465
S0466,10.1177/0956797615575277,treatment_b,P00466,1.901,3.757,5.18,22,F,BA,2019-09-23,386899,0,upd1_extended_row_466
S0467,10.1177/0956797615575277,treatment_b,P00467,4.249,3.412,6.22,48,M,Other,2019-07-25,1018265,0,upd1_extended_row_467
S0468,10.1177/0956797615575277,treatment_b,P00468,5.076,4.434,6.35,64,NB,PhD,2019-09-20,1430429,0,upd1_extended_row_468
S0469,10.1037/pspa0000226,treatment_b,P00469,6.16,3.887,6.22,65,M,HS,2019-05-18,1049208,1,upd1_extended_row_469
S0470,10.1177/0956797615575277,treatment_b,P00470,3.873,4.481,4.19,19,NB,BA,2019-10-02,360611,1,upd1_extended_row_470
S0471,10.1177/0956797614520714,treatment_b,P00471,1.79,3.952,4.75,39,F,HS,2019-06-09,1052286,0,upd1_extended_row_471
S0472,10.1073/pnas.1209746109,control,P00472,4.748,5.138,4.83,56,F,BA,2019-05-16,1692159,0,upd1_extended_row_472
S0473,10.1177/0956797615575277,treatment_a,P00473,5.207,4.696,6.01,44,M,MA,2019-11-20,898457,0,upd1_extended_row_473
S0474,10.1073/pnas.1209746109,treatment_a,P00474,4.107,4.261,5.37,61,F,HS,2019-04-22,711554,0,upd1_extended_row_474
S0475,10.1177/0956797615575277,treatment_a,P00475,4.235,3.291,6.05,19,M,Other,2019-09-14,1579904,0,upd1_extended_row_475
S0476,10.1177/0956797615575277,treatment_a,P00476,5.597,4.027,5.51,46,F,HS,2019-03-28,463825,0,upd1_extended_row_476
S0477,10.1177/0956797614520714,control,P00477,3.644,3.712,4.81,54,F,MA,2019-07-02,225257,0,upd1_extended_row_477
S0478,10.1073/pnas.1209746109,control,P00478,5.613,4.801,5.16,30,F,MA,2019-05-27,1217245,0,upd1_extended_row_478
S0479,10.1177/0956797615575277,treatment_b,P00479,4.59,1.878,5.28,23,F,Other,2019-09-17,1476214,0,upd1_extended_row_479
S0480,10.1073/pnas.1209746109,treatment_b,P00480,4.995,4.77,5.09,48,F,MA,2019-01-05,287378,0,upd1_extended_row_480
S0481,10.1177/0956797615575277,treatment_a,P00481,3.333,2.56,4.6,47,NB,MA,2019-06-02,1510684,0,upd1_extended_row_481
S0482,10.1073/pnas.1209746109,treatment_a,P00482,3.932,4.322,5.58,30,M,HS,2019-11-20,1989264,0,upd1_extended_row_482
S0483,10.1037/pspa0000226,control,P00483,4.566,3.974,5.54,51,NB,Other,2019-07-24,1622953,0,upd1_extended_row_483
S0484,10.1037/pspa0000226,treatment_a,P00484,4.316,3.295,4.03,37,F,BA,2019-09-04,1199012,0,upd1_extended_row_484
S0485,10.1073/pnas.1209746109,treatment_b,P00485,5.693,2.984,5.43,56,M,Other,2019-08-26,2070475,0,upd1_extended_row_485
S0486,10.1177/0956797614520714,treatment_a,P00486,5.159,4.79,4.19,23,F,MA,2019-05-18,533633,0,upd1_extended_row_486
S0487,10.1177/0956797614520714,control,P00487,5.505,3.016,4.68,18,F,HS,2019-09-11,765917,1,upd1_extended_row_487
S0488,10.1037/pspa0000226,treatment_b,P00488,5.849,3.393,5.41,51,F,PhD,2019-02-07,266408,0,upd1_extended_row_488
S0489,10.1073/pnas.1209746109,treatment_b,P00489,1.179,2.957,5.69,32,M,PhD,2019-02-15,747276,0,upd1_extended_row_489
S0490,10.1073/pnas.1209746109,treatment_a,P00490,1.585,3.427,3.81,54,NB,PhD,2019-07-05,1815499,0,upd1_extended_row_490
S0491,10.1177/0956797614520714,treatment_a,P00491,4.505,4.406,6.13,41,F,PhD,2019-05-09,1286689,0,upd1_extended_row_491
S0492,10.1073/pnas.1209746109,treatment_a,P00492,3.304,4.214,4.26,49,NB,PhD,2019-07-11,587759,0,upd1_extended_row_492
S0493,10.1177/0956797615575277,treatment_b,P00493,4.848,2.493,4.38,21,M,PhD,2019-12-27,956375,0,upd1_extended_row_493
S0494,10.1177/0956797614520714,treatment_a,P00494,5.371,3.316,4.17,47,F,Other,2019-10-11,2161562,0,upd1_extended_row_494
S0495,10.1177/0956797614520714,control,P00495,4.114,1.018,5.55,35,M,BA,2019-03-10,701021,0,upd1_extended_row_495
S0496,10.1037/pspa0000226,treatment_a,P00496,3.183,4.994,4.64,49,F,Other,2019-09-10,354535,0,upd1_extended_row_496
S0497,10.1037/pspa0000226,treatment_b,P00497,4.989,2.168,4.45,56,F,PhD,2019-04-18,2164866,0,upd1_extended_row_497
S0498,10.1177/0956797614520714,control,P00498,5.078,3.546,5.28,28,F,MA,2019-07-09,2279736,0,upd1_extended_row_498
S0499,10.1177/0956797615575277,treatment_b,P00499,3.636,4.98,5.92,63,F,MA,2019-04-18,706254,0,upd1_extended_row_499
S0500,10.1177/0956797614520714,treatment_a,P00500,5.329,4.62,4.86,38,F,HS,2019-10-26,1687335,0,upd1_extended_row_500
S0501,10.1177/0956797615575277,treatment_b,P00501,6.141,3.522,5.11,42,NB,MA,2019-08-21,1828829,0,upd1_extended_row_501
S0502,10.1037/pspa0000226,control,P00502,4.575,3.78,4.37,35,M,BA,2019-09-13,2340115,0,upd1_extended_row_502
S0503,10.1037/pspa0000226,treatment_b,P00503,4.073,3.269,4.13,38,M,BA,2019-03-02,1300021,0,upd1_extended_row_503
S0504,10.1177/0956797615575277,treatment_b,P00504,5.313,1.905,5.39,60,NB,Other,2019-06-01,1283530,0,upd1_extended_row_504
S0505,10.1177/0956797615575277,treatment_b,P00505,3.883,3.297,4.52,22,F,HS,2019-06-24,1579880,0,upd1_extended_row_505
S0506,10.1073/pnas.1209746109,treatment_b,P00506,3.721,4.518,4.16,59,F,HS,2019-04-19,2242096,0,upd1_extended_row_506
S0507,10.1177/0956797615575277,treatment_a,P00507,4.768,2.77,5.02,46,F,MA,2019-10-18,876076,0,upd1_extended_row_507
S0508,10.1177/0956797615575277,control,P00508,5.931,2.94,5.29,44,M,Other,2019-11-08,2393350,0,upd1_extended_row_508
S0509,10.1177/0956797614520714,control,P00509,3.223,3.842,4.5,47,M,Other,2019-07-02,824984,0,upd1_extended_row_509
S0510,10.1177/0956797615575277,treatment_b,P00510,4.873,4.815,4.47,63,NB,Other,2019-06-19,425846,0,upd1_extended_row_510
S0511,10.1177/0956797615575277,treatment_a,P00511,5.48,4.418,5.52,52,F,Other,2019-02-06,743180,0,upd1_extended_row_511
S0512,10.1177/0956797615575277,control,P00512,4.737,5.001,5.3,57,F,MA,2019-08-16,1594181,0,upd1_extended_row_512
S0513,10.1073/pnas.1209746109,treatment_a,P00513,6.24,4.483,4.95,54,F,Other,2019-11-24,691228,0,upd1_extended_row_513
S0514,10.1177/0956797614520714,treatment_a,P00514,4.137,4.676,4.29,56,F,MA,2019-09-05,1772731,0,upd1_extended_row_514
S0515,10.1177/0956797615575277,treatment_a,P00515,4.172,3.326,6.33,60,F,Other,2019-09-23,1979947,0,upd1_extended_row_515
S0516,10.1037/pspa0000226,control,P00516,5.627,3.5,5.79,36,M,BA,2019-06-27,2036434,0,upd1_extended_row_516
S0517,10.1073/pnas.1209746109,treatment_a,P00517,2.69,4.276,4.56,56,NB,Other,2019-04-14,1642514,0,upd1_extended_row_517
S0518,10.1073/pnas.1209746109,treatment_b,P00518,2.841,3.007,3.72,21,M,HS,2019-06-05,826087,0,upd1_extended_row_518
S0519,10.1073/pnas.1209746109,treatment_a,P00519,6.226,3.124,5.23,27,M,MA,2019-06-20,547152,0,upd1_extended_row_519
S0520,10.1177/0956797614520714,treatment_b,P00520,3.483,4.021,6.13,26,F,HS,2019-10-20,2315188,1,upd1_extended_row_520
S0521,10.1177/0956797614520714,control,P00521,4.188,3.857,6.1,21,NB,PhD,2019-03-13,224670,0,upd1_extended_row_521
S0522,10.1037/pspa0000226,treatment_b,P00522,3.659,4.883,3.9,31,NB,BA,2019-07-07,1663248,0,upd1_extended_row_522
S0523,10.1177/0956797614520714,control,P00523,4.767,3.239,4.43,24,F,MA,2019-08-09,1331613,0,upd1_extended_row_523
S0524,10.1177/0956797615575277,treatment_b,P00524,5.888,3.541,3.91,43,M,PhD,2019-03-03,658641,0,upd1_extended_row_524
S0525,10.1177/0956797615575277,treatment_b,P00525,2.814,3.879,4.81,25,M,BA,2019-10-09,2090476,0,upd1_extended_row_525
S0526,10.1177/0956797615575277,treatment_a,P00526,5.059,3.263,4.68,60,M,PhD,2019-11-05,1100351,0,upd1_extended_row_526
S0527,10.1037/pspa0000226,control,P00527,3.461,3.554,5.39,58,F,HS,2019-02-08,484871,0,upd1_extended_row_527
S0528,10.1177/0956797614520714,treatment_b,P00528,6.041,5.161,4.15,25,NB,PhD,2019-12-01,2145180,0,upd1_extended_row_528
S0529,10.1177/0956797614520714,control,P00529,4.276,3.615,5.77,51,F,MA,2019-12-26,304163,0,upd1_extended_row_529
S0530,10.1073/pnas.1209746109,treatment_a,P00530,3.805,4.845,5.51,24,F,PhD,2019-02-06,2059473,0,upd1_extended_row_530
S0531,10.1177/0956797615575277,treatment_a,P00531,4.853,4.165,5.28,35,F,HS,2019-05-17,1443742,0,upd1_extended_row_531
S0532,10.1073/pnas.1209746109,control,P00532,3.255,4.106,5.92,38,M,Other,2019-03-15,2311481,0,upd1_extended_row_532
S0533,10.1177/0956797615575277,treatment_a,P00533,3.574,5.133,4.25,26,F,HS,2019-07-18,393031,0,upd1_extended_row_533
S0534,10.1177/0956797615575277,treatment_a,P00534,6.599,4.594,6.06,24,F,MA,2019-07-01,2321446,0,upd1_extended_row_534
S0535,10.1177/0956797614520714,treatment_a,P00535,4.155,3.806,5.3,51,M,HS,2019-12-12,529483,0,upd1_extended_row_535
S0536,10.1073/pnas.1209746109,treatment_b,P00536,3.836,5.176,4.67,38,NB,MA,2019-10-28,1994874,0,upd1_extended_row_536
S0537,10.1037/pspa0000226,treatment_a,P00537,4.099,3.135,5.7,18,M,Other,2019-08-02,915142,1,upd1_extended_row_537
S0538,10.1177/0956797614520714,control,P00538,6.216,4.272,4.19,42,F,HS,2019-09-16,2197341,0,upd1_extended_row_538
S0539,10.1037/pspa0000226,control,P00539,4.785,3.893,4.1,40,M,Other,2019-10-23,252903,1,upd1_extended_row_539
S0540,10.1177/0956797614520714,control,P00540,7.661,2.52,5.53,18,F,HS,2019-06-18,2073493,0,upd1_extended_row_540
S0541,10.1177/0956797615575277,control,P00541,4.155,2.582,5.38,46,NB,MA,2019-02-14,2169526,0,upd1_extended_row_541
S0542,10.1177/0956797615575277,treatment_a,P00542,3.266,5.716,4.78,60,NB,Other,2019-07-25,1617480,0,upd1_extended_row_542
S0543,10.1177/0956797614520714,treatment_b,P00543,6.754,4.848,4.41,60,M,Other,2019-05-26,2212037,0,upd1_extended_row_543
S0544,10.1177/0956797614520714,treatment_b,P00544,4.453,3.313,3.56,41,F,HS,2019-03-15,1273288,0,upd1_extended_row_544
S0545,10.1037/pspa0000226,treatment_a,P00545,6.155,4.918,6.56,35,NB,PhD,2019-12-01,948701,0,upd1_extended_row_545
S0546,10.1177/0956797615575277,treatment_a,P00546,4.105,5.1,5.29,49,F,PhD,2019-08-04,1575862,0,upd1_extended_row_546
S0547,10.1177/0956797614520714,treatment_b,P00547,5.414,3.613,5.37,47,NB,BA,2019-03-22,296329,0,upd1_extended_row_547
S0548,10.1177/0956797615575277,treatment_b,P00548,4.729,3.728,5.57,54,F,BA,2019-08-20,317057,0,upd1_extended_row_548
S0549,10.1177/0956797615575277,treatment_b,P00549,3.874,4.316,6.4,40,NB,PhD,2019-09-22,1446015,0,upd1_extended_row_549
S0550,10.1177/0956797614520714,control,P00550,4.115,5.051,5.06,29,F,MA,2019-06-11,401553,0,upd1_extended_row_550
S0551,10.1177/0956797615575277,control,P00551,5.111,4.767,6.61,21,M,PhD,2019-07-03,341136,0,upd1_extended_row_551
S0552,10.1037/pspa0000226,control,P00552,6.243,3.737,3.72,45,NB,MA,2019-01-01,1281739,0,upd1_extended_row_552
S0553,10.1037/pspa0000226,treatment_b,P00553,2.367,2.561,5.89,33,F,HS,2019-12-21,776862,0,upd1_extended_row_553
S0554,10.1073/pnas.1209746109,treatment_b,P00554,3.427,3.728,4.87,22,F,Other,2019-03-11,1981974,0,upd1_extended_row_554
S0555,10.1037/pspa0000226,control,P00555,6.351,3.49,5.67,57,F,HS,2019-12-13,619091,0,upd1_extended_row_555
S0556,10.1073/pnas.1209746109,treatment_a,P00556,5.522,4.351,4.47,25,F,HS,2019-11-26,1850633,0,upd1_extended_row_556
S0557,10.1037/pspa0000226,control,P00557,5.848,5.401,7.08,56,F,Other,2019-05-21,1235292,0,upd1_extended_row_557
S0558,10.1037/pspa0000226,control,P00558,2.591,3.247,5.4,31,M,HS,2019-06-01,1979900,0,upd1_extended_row_558
S0559,10.1177/0956797614520714,treatment_b,P00559,4.106,2.764,6.75,46,F,HS,2019-04-20,2257228,0,upd1_extended_row_559
S0560,10.1177/0956797615575277,control,P00560,4.565,3.206,4.54,60,M,Other,2019-05-12,400382,0,upd1_extended_row_560
S0561,10.1177/0956797615575277,treatment_b,P00561,3.865,4.297,5.05,24,M,PhD,2019-10-04,1544264,0,upd1_extended_row_561
S0562,10.1073/pnas.1209746109,treatment_a,P00562,4.051,2.74,6.27,27,NB,Other,2019-12-21,1726068,0,upd1_extended_row_562
S0563,10.1177/0956797614520714,control,P00563,5.399,3.662,4.02,41,F,HS,2019-09-08,1514107,0,upd1_extended_row_563
S0564,10.1177/0956797615575277,control,P00564,4.581,4.475,3.95,47,F,Other,2019-11-04,2198468,0,upd1_extended_row_564
S0565,10.1177/0956797614520714,treatment_b,P00565,4.812,4.687,4.97,52,F,BA,2019-10-02,1630214,0,upd1_extended_row_565
S0566,10.1177/0956797614520714,control,P00566,4.495,4.162,6.24,57,M,Other,2019-03-03,1616573,0,upd1_extended_row_566
S0567,10.1037/pspa0000226,treatment_a,P00567,2.911,2.241,5.44,53,NB,BA,2019-04-15,1263076,0,upd1_extended_row_567
S0568,10.1073/pnas.1209746109,control,P00568,5.32,3.996,5.0,19,M,BA,2019-07-11,1667678,0,upd1_extended_row_568
S0569,10.1177/0956797615575277,treatment_b,P00569,4.866,3.321,5.51,42,F,Other,2019-12-01,1955605,0,upd1_extended_row_569
S0570,10.1177/0956797614520714,treatment_b,P00570,4.655,3.102,4.73,35,F,HS,2019-08-18,2321690,0,upd1_extended_row_570
S0571,10.1177/0956797615575277,control,P00571,3.996,5.207,4.23,21,NB,PhD,2019-10-09,1861908,0,upd1_extended_row_571
S0572,10.1037/pspa0000226,control,P00572,5.198,5.108,5.96,49,F,HS,2019-01-26,1146641,0,upd1_extended_row_572
S0573,10.1177/0956797615575277,control,P00573,5.585,4.237,5.57,62,F,BA,2019-09-13,2326415,0,upd1_extended_row_573
S0574,10.1177/0956797614520714,treatment_a,P00574,2.434,4.453,5.64,29,M,BA,2019-02-10,2336317,0,upd1_extended_row_574
S0575,10.1177/0956797615575277,treatment_b,P00575,3.244,5.999,5.82,60,M,Other,2019-02-05,1586158,0,upd1_extended_row_575
S0576,10.1037/pspa0000226,control,P00576,4.194,3.427,5.43,60,F,BA,2019-07-10,425410,0,upd1_extended_row_576
S0577,10.1037/pspa0000226,control,P00577,4.497,3.299,4.65,27,M,MA,2019-11-09,2183869,0,upd1_extended_row_577
S0578,10.1037/pspa0000226,control,P00578,3.61,4.334,4.84,29,NB,MA,2019-06-06,1042466,0,upd1_extended_row_578
S0579,10.1177/0956797615575277,treatment_b,P00579,4.382,4.405,5.94,40,F,BA,2019-03-26,1618831,0,upd1_extended_row_579
S0580,10.1037/pspa0000226,treatment_b,P00580,4.616,3.458,3.88,21,F,HS,2019-04-20,1049653,0,upd1_extended_row_580
S0581,10.1177/0956797614520714,control,P00581,3.536,3.449,5.55,18,F,PhD,2019-06-19,1216149,0,upd1_extended_row_581
S0582,10.1073/pnas.1209746109,treatment_b,P00582,3.676,4.387,5.37,63,F,Other,2019-05-12,1868959,0,upd1_extended_row_582
S0583,10.1073/pnas.1209746109,treatment_b,P00583,4.671,3.127,4.72,36,NB,MA,2019-09-26,1861024,0,upd1_extended_row_583
S0584,10.1037/pspa0000226,control,P00584,2.179,3.752,3.95,25,F,BA,2019-10-11,1175347,0,upd1_extended_row_584
S0585,10.1037/pspa0000226,treatment_a,P00585,4.844,3.743,5.02,55,F,HS,2019-05-05,835319,0,upd1_extended_row_585
S0586,10.1037/pspa0000226,treatment_a,P00586,4.405,3.227,4.21,48,NB,BA,2019-09-20,328754,0,upd1_extended_row_586
S0587,10.1177/0956797615575277,treatment_b,P00587,3.385,3.305,4.48,57,F,PhD,2019-08-17,1740871,0,upd1_extended_row_587
S0588,10.1177/0956797615575277,treatment_a,P00588,3.427,4.51,4.93,37,F,HS,2019-04-23,459150,0,upd1_extended_row_588
S0589,10.1037/pspa0000226,treatment_b,P00589,5.052,3.32,6.28,63,F,MA,2019-07-04,342783,0,upd1_extended_row_589
S0590,10.1177/0956797614520714,control,P00590,5.268,2.445,4.18,55,F,Other,2019-03-18,656259,1,upd1_extended_row_590
S0591,10.1037/pspa0000226,control,P00591,4.081,1.952,4.44,31,F,BA,2019-12-08,2377268,0,upd1_extended_row_591
S0592,10.1177/0956797615575277,treatment_a,P00592,5.004,2.313,5.14,32,M,MA,2019-01-09,1874854,0,upd1_extended_row_592
S0593,10.1073/pnas.1209746109,control,P00593,7.301,1.231,5.56,42,F,PhD,2019-10-07,416987,0,upd1_extended_row_593
S0594,10.1177/0956797615575277,treatment_b,P00594,4.761,3.858,4.47,29,NB,MA,2019-11-05,376622,0,upd1_extended_row_594
S0595,10.1177/0956797615575277,treatment_a,P00595,4.726,2.968,2.92,19,F,BA,2019-05-25,396784,0,upd1_extended_row_595
S0596,10.1073/pnas.1209746109,treatment_b,P00596,5.935,0.845,4.79,63,F,HS,2019-01-13,689981,0,upd1_extended_row_596
S0597,10.1177/0956797615575277,control,P00597,6.051,3.557,4.04,26,M,HS,2019-01-24,355794,0,upd1_extended_row_597
S0598,10.1177/0956797614520714,control,P00598,3.836,3.898,5.45,56,NB,PhD,2019-02-05,1849520,0,upd1_extended_row_598
S0599,10.1177/0956797615575277,control,P00599,4.558,5.245,5.56,52,NB,PhD,2019-05-26,819270,0,upd1_extended_row_599
S0600,10.1177/0956797615575277,treatment_b,P00600,2.587,2.705,5.47,44,F,MA,2019-10-17,887509,1,upd1_extended_row_600
S0601,10.1073/pnas.1209746109,control,P00601,4.41,3.944,4.92,26,F,HS,2019-11-05,595959,0,upd1_extended_row_601
S0602,10.1037/pspa0000226,treatment_b,P00602,4.798,4.34,5.66,19,F,Other,2019-12-09,1165796,0,upd1_extended_row_602
S0603,10.1073/pnas.1209746109,control,P00603,6.179,5.053,5.12,29,F,BA,2019-06-01,1892376,0,upd1_extended_row_603
S0604,10.1073/pnas.1209746109,treatment_a,P00604,2.994,4.802,4.17,38,M,PhD,2019-08-11,1752228,0,upd1_extended_row_604
S0605,10.1037/pspa0000226,treatment_b,P00605,1.711,3.575,5.89,31,NB,PhD,2019-09-12,2274633,0,upd1_extended_row_605
S0606,10.1177/0956797614520714,treatment_b,P00606,4.445,2.231,3.91,52,F,BA,2019-10-06,1900396,0,upd1_extended_row_606
S0607,10.1073/pnas.1209746109,treatment_a,P00607,5.447,4.906,4.5,23,F,MA,2019-12-22,878369,0,upd1_extended_row_607
S0608,10.1073/pnas.1209746109,treatment_a,P00608,5.261,3.649,5.38,37,F,BA,2019-01-03,1189301,0,upd1_extended_row_608
S0609,10.1177/0956797614520714,control,P00609,3.755,1.572,5.51,42,F,PhD,2019-01-28,773067,0,upd1_extended_row_609
S0610,10.1177/0956797615575277,treatment_a,P00610,4.723,2.845,4.5,52,M,PhD,2019-06-14,1278479,0,upd1_extended_row_610
S0611,10.1073/pnas.1209746109,control,P00611,5.54,5.165,4.91,50,M,MA,2019-10-09,949563,0,upd1_extended_row_611
S0612,10.1177/0956797615575277,treatment_a,P00612,5.483,3.76,5.47,59,M,MA,2019-07-23,1729636,0,upd1_extended_row_612
S0613,10.1037/pspa0000226,control,P00613,4.291,4.391,4.82,29,F,HS,2019-10-27,2115064,1,upd1_extended_row_613
S0614,10.1037/pspa0000226,control,P00614,4.568,4.323,3.76,48,F,HS,2019-07-01,462134,0,upd1_extended_row_614
S0615,10.1037/pspa0000226,treatment_a,P00615,4.626,1.548,4.5,41,F,MA,2019-08-01,1539469,0,upd1_extended_row_615
S0616,10.1073/pnas.1209746109,treatment_b,P00616,3.937,3.942,3.69,40,F,Other,2019-09-22,250843,0,upd1_extended_row_616
S0617,10.1073/pnas.1209746109,treatment_a,P00617,4.673,4.023,4.92,26,M,HS,2019-12-11,2336541,0,upd1_extended_row_617
S0618,10.1073/pnas.1209746109,treatment_a,P00618,5.252,3.73,5.73,49,F,Other,2019-11-18,858945,0,upd1_extended_row_618
S0619,10.1177/0956797614520714,treatment_a,P00619,2.859,4.177,4.94,37,F,Other,2019-01-07,907994,0,upd1_extended_row_619
S0620,10.1177/0956797615575277,treatment_b,P00620,4.115,2.297,4.55,41,F,PhD,2019-03-10,903599,0,upd1_extended_row_620
S0621,10.1073/pnas.1209746109,treatment_a,P00621,4.04,5.02,4.4,39,NB,HS,2019-04-07,687121,0,upd1_extended_row_621
S0622,10.1177/0956797615575277,control,P00622,2.355,2.926,6.45,61,F,MA,2019-05-09,868642,0,upd1_extended_row_622
S0623,10.1073/pnas.1209746109,treatment_a,P00623,4.935,4.602,4.15,24,M,HS,2019-10-16,1492452,0,upd1_extended_row_623
S0624,10.1177/0956797615575277,treatment_b,P00624,4.763,3.916,5.24,41,F,HS,2019-05-14,1780702,1,upd1_extended_row_624
S0625,10.1073/pnas.1209746109,treatment_b,P00625,5.191,3.417,6.51,55,F,PhD,2019-05-06,1109658,0,upd1_extended_row_625
S0626,10.1177/0956797615575277,treatment_a,P00626,6.64,4.007,4.5,30,F,Other,2019-12-15,780765,0,upd1_extended_row_626
S0627,10.1177/0956797615575277,treatment_b,P00627,6.413,3.859,5.07,23,M,MA,2019-08-25,1308766,0,upd1_extended_row_627
S0628,10.1037/pspa0000226,control,P00628,2.626,3.999,4.73,18,F,PhD,2019-11-13,1347809,0,upd1_extended_row_628
S0629,10.1177/0956797615575277,treatment_a,P00629,3.665,2.648,5.25,41,F,BA,2019-01-15,1379953,0,upd1_extended_row_629
S0630,10.1177/0956797615575277,treatment_a,P00630,5.828,5.531,5.06,34,NB,PhD,2019-03-08,635208,0,upd1_extended_row_630
S0631,10.1037/pspa0000226,treatment_b,P00631,4.257,2.228,5.79,47,F,Other,2019-02-27,1004413,0,upd1_extended_row_631
S0632,10.1037/pspa0000226,treatment_a,P00632,5.341,3.668,6.96,63,F,HS,2019-12-13,989750,0,upd1_extended_row_632
S0633,10.1037/pspa0000226,treatment_b,P00633,6.797,2.491,3.77,60,F,MA,2019-07-03,1998984,0,upd1_extended_row_633
S0634,10.1177/0956797615575277,control,P00634,3.843,3.846,5.36,29,F,MA,2019-03-15,893195,0,upd1_extended_row_634
S0635,10.1177/0956797614520714,treatment_b,P00635,6.168,3.845,4.19,54,F,BA,2019-06-27,1514754,0,upd1_extended_row_635
S0636,10.1177/0956797615575277,treatment_a,P00636,3.774,4.204,5.15,50,F,PhD,2019-05-01,2237492,0,upd1_extended_row_636
S0637,10.1073/pnas.1209746109,treatment_b,P00637,3.567,3.755,5.39,56,F,BA,2019-07-18,1157002,0,upd1_extended_row_637
S0638,10.1177/0956797614520714,control,P00638,6.891,3.972,3.96,44,M,PhD,2019-12-28,2062191,0,upd1_extended_row_638
S0639,10.1177/0956797614520714,control,P00639,5.832,2.5,4.13,49,NB,HS,2019-04-28,372532,0,upd1_extended_row_639
S0640,10.1037/pspa0000226,control,P00640,3.254,2.845,3.77,61,F,PhD,2019-07-26,928236,0,upd1_extended_row_640
S0641,10.1037/pspa0000226,treatment_a,P00641,3.711,3.852,6.72,63,F,PhD,2019-01-19,1005689,0,upd1_extended_row_641
S0642,10.1037/pspa0000226,treatment_a,P00642,4.46,4.74,3.55,35,M,PhD,2019-06-26,1677813,0,upd1_extended_row_642
S0643,10.1177/0956797615575277,treatment_a,P00643,4.44,4.604,3.86,56,M,PhD,2019-08-18,215381,0,upd1_extended_row_643
S0644,10.1177/0956797614520714,treatment_a,P00644,4.472,3.333,5.47,48,F,MA,2019-09-13,2291478,0,upd1_extended_row_644
S0645,10.1073/pnas.1209746109,control,P00645,2.436,4.597,3.81,55,F,BA,2019-01-12,1657916,0,upd1_extended_row_645
S0646,10.1177/0956797614520714,treatment_a,P00646,5.05,2.513,5.51,65,F,PhD,2019-02-24,652950,0,upd1_extended_row_646
S0647,10.1037/pspa0000226,control,P00647,5.175,4.251,5.11,39,M,PhD,2019-06-20,1455932,0,upd1_extended_row_647
S0648,10.1177/0956797615575277,treatment_a,P00648,4.734,3.38,4.86,48,F,Other,2019-02-02,2065054,0,upd1_extended_row_648
S0649,10.1177/0956797615575277,control,P00649,5.993,3.73,7.17,65,F,BA,2019-05-21,2353092,0,upd1_extended_row_649
S0650,10.1177/0956797614520714,treatment_a,P00650,5.343,5.034,5.06,61,M,Other,2019-10-25,1296450,0,upd1_extended_row_650
S0651,10.1177/0956797615575277,control,P00651,5.476,3.706,5.16,34,F,Other,2019-10-27,2006380,0,upd1_extended_row_651
S0652,10.1177/0956797615575277,treatment_a,P00652,4.695,4.151,5.66,39,M,BA,2019-06-10,376471,0,upd1_extended_row_652
S0653,10.1037/pspa0000226,control,P00653,5.94,3.048,5.32,63,F,BA,2019-09-17,1547062,0,upd1_extended_row_653
S0654,10.1037/pspa0000226,treatment_a,P00654,4.461,5.226,3.41,52,F,Other,2019-02-26,2354147,0,upd1_extended_row_654
S0655,10.1037/pspa0000226,treatment_b,P00655,5.87,2.931,5.09,20,M,HS,2019-08-25,1503148,0,upd1_extended_row_655
S0656,10.1177/0956797615575277,treatment_b,P00656,3.477,3.629,6.81,28,NB,PhD,2019-03-25,669486,0,upd1_extended_row_656
S0657,10.1177/0956797615575277,treatment_b,P00657,5.515,4.297,5.09,56,F,BA,2019-07-14,182805,0,upd1_extended_row_657
S0658,10.1177/0956797614520714,treatment_b,P00658,3.411,3.884,5.84,61,F,HS,2019-04-21,1489091,0,upd1_extended_row_658
S0659,10.1073/pnas.1209746109,treatment_b,P00659,3.339,2.931,5.63,25,M,HS,2019-07-22,1794454,0,upd1_extended_row_659
S0660,10.1073/pnas.1209746109,treatment_a,P00660,3.135,5.433,5.91,52,F,MA,2019-02-03,916720,0,upd1_extended_row_660
S0661,10.1177/0956797614520714,control,P00661,4.473,4.2,4.02,54,F,Other,2019-09-24,1060017,0,upd1_extended_row_661
S0662,10.1177/0956797614520714,control,P00662,4.579,2.516,6.12,22,F,HS,2019-06-05,1361429,0,upd1_extended_row_662
S0663,10.1177/0956797615575277,control,P00663,6.704,3.611,4.15,25,F,PhD,2019-10-20,233371,0,upd1_extended_row_663
S0664,10.1037/pspa0000226,treatment_b,P00664,4.626,4.353,5.75,50,F,MA,2019-05-24,1413531,1,upd1_extended_row_664
S0665,10.1177/0956797614520714,treatment_a,P00665,4.359,3.976,4.42,34,NB,BA,2019-03-08,1250597,0,upd1_extended_row_665
S0666,10.1037/pspa0000226,treatment_a,P00666,4.889,4.588,4.82,57,NB,BA,2019-11-27,1451147,0,upd1_extended_row_666
S0667,10.1177/0956797614520714,treatment_b,P00667,2.416,4.676,4.67,27,M,BA,2019-08-23,1937319,0,upd1_extended_row_667
S0668,10.1177/0956797614520714,treatment_b,P00668,5.03,3.005,4.1,62,F,PhD,2019-02-23,497488,0,upd1_extended_row_668
S0669,10.1177/0956797615575277,control,P00669,5.695,4.412,5.3,27,M,MA,2019-01-24,1332990,0,upd1_extended_row_669
S0670,10.1037/pspa0000226,treatment_a,P00670,5.374,3.452,4.58,65,M,MA,2019-07-11,1719066,0,upd1_extended_row_670
S0671,10.1177/0956797614520714,treatment_a,P00671,5.548,2.64,5.95,29,M,MA,2019-10-24,2078344,0,upd1_extended_row_671
S0672,10.1037/pspa0000226,treatment_b,P00672,3.782,1.735,3.81,40,NB,HS,2019-09-22,298657,0,upd1_extended_row_672
S0673,10.1177/0956797615575277,treatment_a,P00673,4.284,1.416,5.6,22,NB,Other,2019-04-17,1304730,0,upd1_extended_row_673
S0674,10.1177/0956797615575277,treatment_a,P00674,4.595,3.96,5.85,38,M,PhD,2019-03-07,495517,0,upd1_extended_row_674
S0675,10.1073/pnas.1209746109,treatment_b,P00675,6.294,3.921,4.84,25,F,HS,2019-03-17,1144356,0,upd1_extended_row_675
S0676,10.1177/0956797615575277,treatment_b,P00676,3.11,4.84,5.21,43,M,Other,2019-05-07,1997087,0,upd1_extended_row_676
S0677,10.1073/pnas.1209746109,treatment_b,P00677,3.0,2.748,5.12,43,M,BA,2019-06-02,1968747,0,upd1_extended_row_677
S0678,10.1073/pnas.1209746109,control,P00678,3.936,3.815,5.92,45,F,MA,2019-01-03,740251,1,upd1_extended_row_678
S0679,10.1073/pnas.1209746109,control,P00679,5.273,3.459,6.22,22,F,HS,2019-10-12,597828,0,upd1_extended_row_679
S0680,10.1037/pspa0000226,treatment_b,P00680,2.539,3.025,4.39,43,M,PhD,2019-12-06,1354720,0,upd1_extended_row_680
S0681,10.1177/0956797614520714,treatment_a,P00681,4.452,4.784,5.77,36,M,MA,2019-07-04,808058,0,upd1_extended_row_681
S0682,10.1177/0956797614520714,treatment_b,P00682,5.363,4.818,4.83,34,F,HS,2019-01-06,1857666,0,upd1_extended_row_682
S0683,10.1073/pnas.1209746109,treatment_a,P00683,2.537,4.458,5.06,19,F,HS,2019-12-05,417496,0,upd1_extended_row_683
S0684,10.1073/pnas.1209746109,treatment_a,P00684,5.356,3.188,4.09,34,NB,BA,2019-06-24,1026176,0,upd1_extended_row_684
S0685,10.1177/0956797615575277,treatment_b,P00685,5.838,4.922,5.39,25,M,BA,2019-12-19,1705030,0,upd1_extended_row_685
S0686,10.1037/pspa0000226,treatment_b,P00686,3.198,3.896,4.86,53,F,MA,2019-01-09,314964,0,upd1_extended_row_686
S0687,10.1177/0956797615575277,treatment_b,P00687,3.692,3.141,4.22,25,F,Other,2019-05-06,1839377,0,upd1_extended_row_687
S0688,10.1037/pspa0000226,treatment_b,P00688,5.463,3.443,5.64,31,M,MA,2019-05-11,979401,0,upd1_extended_row_688
S0689,10.1177/0956797615575277,treatment_b,P00689,4.819,5.427,4.79,63,M,MA,2019-09-26,214773,0,upd1_extended_row_689
S0690,10.1177/0956797615575277,treatment_b,P00690,6.314,3.05,5.78,55,NB,MA,2019-04-12,1233354,0,upd1_extended_row_690
S0691,10.1073/pnas.1209746109,treatment_b,P00691,4.343,2.0,4.38,57,F,HS,2019-11-13,1647632,0,upd1_extended_row_691
S0692,10.1177/0956797615575277,treatment_a,P00692,4.947,5.648,5.17,47,M,Other,2019-08-15,851423,0,upd1_extended_row_692
S0693,10.1177/0956797614520714,control,P00693,4.206,4.678,5.3,33,NB,Other,2019-02-12,1783722,0,upd1_extended_row_693
S0694,10.1037/pspa0000226,treatment_b,P00694,4.704,4.116,3.91,51,M,PhD,2019-05-11,412663,0,upd1_extended_row_694
S0695,10.1177/0956797615575277,treatment_a,P00695,4.433,4.091,4.73,28,F,BA,2019-03-04,1280054,0,upd1_extended_row_695
S0696,10.1177/0956797614520714,treatment_a,P00696,4.387,4.25,3.93,33,F,BA,2019-01-23,1291243,0,upd1_extended_row_696
S0697,10.1177/0956797615575277,control,P00697,6.918,3.88,5.38,21,F,BA,2019-02-24,2201162,0,upd1_extended_row_697
S0698,10.1037/pspa0000226,treatment_a,P00698,1.784,4.301,4.66,65,F,MA,2019-03-11,812645,0,upd1_extended_row_698
S0699,10.1073/pnas.1209746109,treatment_a,P00699,3.327,3.213,5.78,21,F,PhD,2019-05-15,2081764,1,upd1_extended_row_699
S0700,10.1037/pspa0000226,treatment_b,P00700,3.252,4.221,6.53,57,F,PhD,2019-12-04,2048803,0,upd1_extended_row_700
S0701,10.1037/pspa0000226,treatment_b,P00701,4.375,3.396,4.19,41,F,HS,2019-04-22,2378589,0,upd1_extended_row_701
S0702,10.1073/pnas.1209746109,control,P00702,2.853,2.941,4.12,23,NB,Other,2019-04-16,613560,0,upd1_extended_row_702
S0703,10.1177/0956797615575277,control,P00703,4.685,4.022,5.03,36,NB,Other,2019-02-19,1064930,0,upd1_extended_row_703
S0704,10.1073/pnas.1209746109,treatment_b,P00704,4.264,3.431,5.58,44,F,MA,2019-10-26,197736,0,upd1_extended_row_704
S0705,10.1177/0956797614520714,treatment_a,P00705,4.877,3.863,4.96,49,F,HS,2019-11-28,1385666,1,upd1_extended_row_705
S0706,10.1177/0956797615575277,control,P00706,5.201,3.745,5.03,57,F,HS,2019-10-20,1436936,0,upd1_extended_row_706
S0707,10.1073/pnas.1209746109,treatment_a,P00707,4.742,2.418,4.33,24,NB,PhD,2019-03-28,1982778,0,upd1_extended_row_707
S0708,10.1177/0956797615575277,treatment_a,P00708,1.357,4.911,5.46,34,M,HS,2019-10-20,1272934,0,upd1_extended_row_708
S0709,10.1073/pnas.1209746109,treatment_a,P00709,6.295,4.358,4.99,20,NB,HS,2019-02-07,772398,0,upd1_extended_row_709
S0710,10.1037/pspa0000226,control,P00710,5.692,4.054,4.78,54,F,MA,2019-07-20,1825124,0,upd1_extended_row_710
S0711,10.1177/0956797614520714,treatment_a,P00711,4.749,3.477,4.63,36,F,Other,2019-10-27,2087074,0,upd1_extended_row_711
S0712,10.1073/pnas.1209746109,treatment_b,P00712,5.515,5.897,5.5,60,NB,Other,2019-05-06,295385,0,upd1_extended_row_712
S0713,10.1037/pspa0000226,control,P00713,4.984,4.229,3.48,46,NB,BA,2019-05-25,804782,0,upd1_extended_row_713
S0714,10.1177/0956797615575277,treatment_b,P00714,5.521,4.207,5.37,61,F,MA,2019-07-22,1318329,0,upd1_extended_row_714
S0715,10.1073/pnas.1209746109,control,P00715,2.863,3.3,5.7,62,M,MA,2019-03-22,201060,0,upd1_extended_row_715
S0716,10.1177/0956797615575277,treatment_b,P00716,6.225,2.644,4.12,29,M,MA,2019-08-02,329441,0,upd1_extended_row_716
S0717,10.1177/0956797615575277,control,P00717,4.638,3.229,5.63,56,NB,PhD,2019-08-27,346707,0,upd1_extended_row_717
S0718,10.1037/pspa0000226,treatment_b,P00718,6.128,5.605,4.71,48,M,HS,2019-07-20,1036874,0,upd1_extended_row_718
S0719,10.1073/pnas.1209746109,treatment_b,P00719,4.893,3.366,4.4,24,M,PhD,2019-06-21,1518580,0,upd1_extended_row_719
S0720,10.1037/pspa0000226,treatment_b,P00720,5.17,4.407,5.91,47,F,MA,2019-02-18,1245177,1,upd1_extended_row_720
S0721,10.1177/0956797614520714,treatment_b,P00721,3.772,3.081,4.85,45,F,BA,2019-10-01,686138,0,upd1_extended_row_721
S0722,10.1177/0956797614520714,control,P00722,6.498,2.804,4.23,32,F,MA,2019-08-05,1767078,0,upd1_extended_row_722
S0723,10.1177/0956797614520714,treatment_b,P00723,4.859,3.22,5.59,29,M,PhD,2019-05-07,619158,0,upd1_extended_row_723
S0724,10.1073/pnas.1209746109,control,P00724,5.153,2.733,4.94,50,F,MA,2019-10-04,2192619,0,upd1_extended_row_724
S0725,10.1177/0956797614520714,control,P00725,3.291,5.048,5.75,46,M,Other,2019-01-25,1019523,0,upd1_extended_row_725
S0726,10.1073/pnas.1209746109,treatment_a,P00726,5.932,4.067,4.65,44,F,BA,2019-08-10,1211937,0,upd1_extended_row_726
S0727,10.1073/pnas.1209746109,control,P00727,4.023,3.928,6.13,38,M,Other,2019-04-15,1397708,0,upd1_extended_row_727
S0728,10.1177/0956797614520714,treatment_b,P00728,4.039,4.71,4.14,29,M,MA,2019-09-28,605352,0,upd1_extended_row_728
S0729,10.1177/0956797614520714,treatment_b,P00729,5.967,3.221,3.92,41,M,MA,2019-04-15,197205,0,upd1_extended_row_729
S0730,10.1177/0956797614520714,treatment_a,P00730,5.19,4.129,4.86,57,M,Other,2019-06-21,1345359,0,upd1_extended_row_730
S0731,10.1177/0956797615575277,treatment_a,P00731,4.855,4.249,5.3,65,F,BA,2019-04-12,2225559,0,upd1_extended_row_731
S0732,10.1177/0956797615575277,control,P00732,5.517,4.394,3.68,42,M,BA,2019-02-14,988403,0,upd1_extended_row_732
S0733,10.1073/pnas.1209746109,treatment_b,P00733,2.382,5.868,4.58,34,NB,BA,2019-05-28,1675357,0,upd1_extended_row_733
S0734,10.1037/pspa0000226,control,P00734,5.355,4.011,6.8,57,F,Other,2019-07-12,1925681,0,upd1_extended_row_734
S0735,10.1177/0956797615575277,control,P00735,4.053,5.163,4.43,24,F,BA,2019-10-20,1071819,0,upd1_extended_row_735
S0736,10.1177/0956797614520714,control,P00736,3.32,2.978,4.38,32,F,HS,2019-04-05,1676626,0,upd1_extended_row_736
S0737,10.1177/0956797614520714,control,P00737,3.898,3.45,4.77,51,F,PhD,2019-05-26,840743,0,upd1_extended_row_737
S0738,10.1037/pspa0000226,treatment_b,P00738,3.616,3.159,5.4,48,F,BA,2019-02-03,672579,0,upd1_extended_row_738
S0739,10.1177/0956797614520714,control,P00739,6.668,3.688,2.26,39,F,MA,2019-08-24,1391872,0,upd1_extended_row_739
S0740,10.1073/pnas.1209746109,control,P00740,3.949,3.684,6.61,53,F,MA,2019-05-17,378633,0,upd1_extended_row_740
S0741,10.1073/pnas.1209746109,treatment_b,P00741,4.137,3.139,4.37,50,M,Other,2019-02-05,1810261,0,upd1_extended_row_741
S0742,10.1177/0956797615575277,treatment_b,P00742,4.362,2.349,4.44,36,F,BA,2019-06-09,1161505,0,upd1_extended_row_742
S0743,10.1177/0956797615575277,treatment_a,P00743,5.464,3.339,4.41,22,F,PhD,2019-03-28,1831250,0,upd1_extended_row_743
S0744,10.1177/0956797615575277,treatment_a,P00744,5.517,4.916,4.31,56,F,Other,2019-04-03,1151067,0,upd1_extended_row_744
S0745,10.1073/pnas.1209746109,control,P00745,7.116,3.356,6.03,35,F,PhD,2019-12-12,2143240,0,upd1_extended_row_745
S0746,10.1177/0956797614520714,treatment_b,P00746,4.602,3.42,3.8,20,M,MA,2019-10-05,208374,0,upd1_extended_row_746
S0747,10.1177/0956797614520714,treatment_b,P00747,4.522,2.866,4.51,18,NB,MA,2019-01-13,1990388,0,upd1_extended_row_747
S0748,10.1177/0956797615575277,treatment_b,P00748,2.433,2.854,4.62,26,M,MA,2019-04-09,1164418,0,upd1_extended_row_748
S0749,10.1177/0956797615575277,control,P00749,3.547,3.369,3.9,43,M,BA,2019-10-26,1696764,0,upd1_extended_row_749
S0750,10.1177/0956797614520714,treatment_a,P00750,4.244,3.54,5.42,40,F,PhD,2019-03-11,374802,0,upd1_extended_row_750
S0751,10.1073/pnas.1209746109,treatment_a,P00751,4.646,4.393,5.18,21,F,PhD,2019-06-16,1807585,0,upd1_extended_row_751
S0752,10.1177/0956797615575277,treatment_b,P00752,6.112,1.22,4.82,34,F,MA,2019-06-06,2361783,0,upd1_extended_row_752
S0753,10.1177/0956797615575277,treatment_b,P00753,5.66,4.434,4.06,55,F,PhD,2019-11-27,429316,0,upd1_extended_row_753
S0754,10.1073/pnas.1209746109,control,P00754,5.614,5.292,4.41,23,NB,PhD,2019-12-25,1548108,0,upd1_extended_row_754
S0755,10.1037/pspa0000226,treatment_a,P00755,6.07,3.994,6.33,28,F,BA,2019-11-27,426969,1,upd1_extended_row_755
S0756,10.1037/pspa0000226,treatment_a,P00756,4.931,3.489,5.04,52,M,Other,2019-09-15,1590774,0,upd1_extended_row_756
S0757,10.1073/pnas.1209746109,treatment_b,P00757,1.792,4.005,2.82,20,F,Other,2019-05-07,2101764,0,upd1_extended_row_757
S0758,10.1073/pnas.1209746109,treatment_b,P00758,3.441,4.962,4.37,21,F,PhD,2019-06-24,407420,0,upd1_extended_row_758
S0759,10.1037/pspa0000226,treatment_a,P00759,2.898,3.924,5.92,42,NB,MA,2019-01-20,1271570,0,upd1_extended_row_759
S0760,10.1177/0956797614520714,treatment_a,P00760,5.293,3.845,5.14,24,F,MA,2019-04-27,664109,0,upd1_extended_row_760
S0761,10.1037/pspa0000226,treatment_a,P00761,5.085,3.038,4.31,45,NB,MA,2019-08-09,2229233,0,upd1_extended_row_761
S0762,10.1177/0956797615575277,control,P00762,4.524,3.842,5.37,59,F,Other,2019-10-09,311610,0,upd1_extended_row_762
S0763,10.1073/pnas.1209746109,control,P00763,4.929,4.934,4.38,26,M,BA,2019-05-28,1280680,0,upd1_extended_row_763
S0764,10.1037/pspa0000226,treatment_b,P00764,4.447,3.473,4.89,45,NB,MA,2019-11-10,1421465,0,upd1_extended_row_764
S0765,10.1073/pnas.1209746109,treatment_b,P00765,4.569,5.909,4.86,47,F,Other,2019-11-28,1033495,0,upd1_extended_row_765
S0766,10.1073/pnas.1209746109,treatment_a,P00766,3.194,1.33,5.89,19,M,PhD,2019-05-22,2033585,0,upd1_extended_row_766
S0767,10.1177/0956797615575277,treatment_b,P00767,7.171,2.374,3.63,36,F,Other,2019-03-14,1993142,0,upd1_extended_row_767
S0768,10.1177/0956797614520714,control,P00768,5.873,3.853,5.25,56,NB,Other,2019-11-22,905525,1,upd1_extended_row_768
S0769,10.1073/pnas.1209746109,treatment_a,P00769,5.0,3.454,5.12,31,NB,HS,2019-05-19,710946,0,upd1_extended_row_769
S0770,10.1177/0956797614520714,treatment_b,P00770,4.895,3.708,3.93,64,M,MA,2019-07-12,1985654,0,upd1_extended_row_770
S0771,10.1073/pnas.1209746109,treatment_b,P00771,4.032,3.585,5.16,61,M,Other,2019-12-19,1598810,0,upd1_extended_row_771
S0772,10.1177/0956797614520714,treatment_b,P00772,5.911,3.593,4.64,65,F,Other,2019-01-25,869911,0,upd1_extended_row_772
S0773,10.1177/0956797614520714,control,P00773,5.443,3.198,4.7,38,M,HS,2019-03-10,917683,0,upd1_extended_row_773
S0774,10.1073/pnas.1209746109,treatment_a,P00774,5.752,4.105,4.43,65,M,BA,2019-01-19,563948,0,upd1_extended_row_774
S0775,10.1177/0956797615575277,treatment_b,P00775,3.112,3.273,5.96,63,F,Other,2019-03-26,1635583,0,upd1_extended_row_775
S0776,10.1177/0956797615575277,control,P00776,3.969,3.262,4.75,25,M,Other,2019-11-19,2106302,1,upd1_extended_row_776
S0777,10.1037/pspa0000226,treatment_a,P00777,6.394,4.852,6.41,21,M,MA,2019-03-22,975721,0,upd1_extended_row_777
S0778,10.1073/pnas.1209746109,treatment_a,P00778,5.217,4.982,5.82,32,M,Other,2019-02-23,2304857,0,upd1_extended_row_778
S0779,10.1073/pnas.1209746109,treatment_b,P00779,4.129,3.335,5.49,36,NB,Other,2019-09-09,1355690,1,upd1_extended_row_779
S0780,10.1177/0956797614520714,control,P00780,3.436,5.33,6.02,27,M,Other,2019-04-17,2251303,0,upd1_extended_row_780
S0781,10.1037/pspa0000226,control,P00781,4.541,2.728,4.08,43,M,HS,2019-06-01,1593267,1,upd1_extended_row_781
S0782,10.1177/0956797614520714,control,P00782,4.607,3.692,4.6,41,F,PhD,2019-04-02,1569848,0,upd1_extended_row_782
S0783,10.1037/pspa0000226,control,P00783,5.19,2.699,5.64,40,NB,Other,2019-04-03,382972,0,upd1_extended_row_783
S0784,10.1037/pspa0000226,treatment_a,P00784,5.18,3.011,5.04,30,M,BA,2019-05-10,2064725,0,upd1_extended_row_784
S0785,10.1177/0956797614520714,treatment_a,P00785,8.192,2.76,4.5,55,F,Other,2019-05-07,703914,0,upd1_extended_row_785
S0786,10.1177/0956797614520714,treatment_b,P00786,2.844,4.684,4.42,61,M,MA,2019-11-08,788066,0,upd1_extended_row_786
S0787,10.1177/0956797614520714,treatment_b,P00787,2.533,3.788,5.86,28,M,MA,2019-09-24,475290,0,upd1_extended_row_787
S0788,10.1037/pspa0000226,treatment_b,P00788,3.186,2.379,5.02,29,F,PhD,2019-07-28,2101817,0,upd1_extended_row_788
S0789,10.1177/0956797615575277,treatment_a,P00789,4.901,3.935,4.99,26,NB,MA,2019-11-11,673879,0,upd1_extended_row_789
S0790,10.1073/pnas.1209746109,treatment_b,P00790,5.791,2.862,4.65,63,F,Other,2019-12-04,1859191,0,upd1_extended_row_790
S0791,10.1073/pnas.1209746109,treatment_a,P00791,5.205,3.434,5.21,64,F,BA,2019-02-05,1541903,1,upd1_extended_row_791
S0792,10.1073/pnas.1209746109,control,P00792,6.135,4.0,4.74,46,F,HS,2019-01-23,1805455,0,upd1_extended_row_792
S0793,10.1037/pspa0000226,control,P00793,5.629,2.775,4.81,45,F,Other,2019-06-12,1537709,0,upd1_extended_row_793
S0794,10.1177/0956797614520714,treatment_b,P00794,1.735,5.093,4.44,50,F,MA,2019-04-24,679028,0,upd1_extended_row_794
S0795,10.1037/pspa0000226,treatment_a,P00795,4.676,2.675,5.66,51,F,BA,2019-07-24,1208701,0,upd1_extended_row_795
S0796,10.1037/pspa0000226,treatment_a,P00796,5.716,4.063,4.62,49,NB,Other,2019-10-02,1689231,0,upd1_extended_row_796
S0797,10.1177/0956797615575277,treatment_a,P00797,3.759,3.312,3.63,51,F,Other,2019-04-04,1605219,0,upd1_extended_row_797
S0798,10.1073/pnas.1209746109,treatment_b,P00798,3.703,4.939,4.53,31,M,MA,2019-05-24,973801,0,upd1_extended_row_798
S0799,10.1037/pspa0000226,control,P00799,4.167,3.326,6.18,37,F,PhD,2019-08-07,540441,0,upd1_extended_row_799
S0800,10.1177/0956797614520714,treatment_a,P00800,5.974,4.579,6.37,55,F,HS,2019-05-02,1265754,0,upd1_extended_row_800
S0801,10.1177/0956797615575277,treatment_b,P00801,6.619,3.758,4.9,48,F,HS,2019-01-26,682217,0,upd1_extended_row_801
S0802,10.1177/0956797615575277,treatment_a,P00802,6.217,4.352,4.24,53,F,BA,2019-04-16,1790439,1,upd1_extended_row_802
S0803,10.1073/pnas.1209746109,treatment_a,P00803,6.582,2.95,4.29,21,M,BA,2019-08-19,1368069,0,upd1_extended_row_803
S0804,10.1073/pnas.1209746109,treatment_b,P00804,3.0,4.112,5.64,25,F,BA,2019-03-01,1005332,0,upd1_extended_row_804
S0805,10.1177/0956797614520714,treatment_a,P00805,5.106,2.915,4.57,42,F,HS,2019-10-21,2388863,1,upd1_extended_row_805
S0806,10.1073/pnas.1209746109,treatment_a,P00806,2.865,4.433,3.46,50,M,HS,2019-07-13,814242,0,upd1_extended_row_806
S0807,10.1073/pnas.1209746109,treatment_b,P00807,3.119,2.94,4.72,39,M,BA,2019-08-15,2377955,0,upd1_extended_row_807
S0808,10.1073/pnas.1209746109,treatment_b,P00808,4.641,3.138,5.99,32,M,BA,2019-12-16,875949,0,upd1_extended_row_808
S0809,10.1073/pnas.1209746109,treatment_b,P00809,4.298,4.352,6.48,34,NB,HS,2019-07-22,1567883,0,upd1_extended_row_809
S0810,10.1177/0956797614520714,control,P00810,4.156,3.501,4.4,28,NB,HS,2019-03-05,969222,0,upd1_extended_row_810
S0811,10.1177/0956797615575277,treatment_b,P00811,4.038,4.373,5.55,41,F,BA,2019-01-15,2283680,0,upd1_extended_row_811
S0812,10.1177/0956797615575277,treatment_b,P00812,6.057,3.117,7.09,61,M,BA,2019-04-15,971066,1,upd1_extended_row_812
S0813,10.1177/0956797614520714,control,P00813,4.346,4.291,4.87,33,F,PhD,2019-02-25,2005097,0,upd1_extended_row_813
S0814,10.1073/pnas.1209746109,treatment_b,P00814,3.2,3.584,4.57,19,F,HS,2019-10-15,1182882,1,upd1_extended_row_814
S0815,10.1037/pspa0000226,treatment_b,P00815,3.703,4.0,4.93,60,F,BA,2019-01-15,1787263,0,upd1_extended_row_815
S0816,10.1177/0956797615575277,treatment_a,P00816,2.552,4.211,4.41,38,M,MA,2019-09-28,2373360,0,upd1_extended_row_816
S0817,10.1037/pspa0000226,treatment_b,P00817,2.118,6.106,4.97,45,F,HS,2019-04-19,474621,0,upd1_extended_row_817
S0818,10.1177/0956797614520714,treatment_b,P00818,5.28,4.793,5.09,22,F,PhD,2019-06-24,1060293,0,upd1_extended_row_818
S0819,10.1037/pspa0000226,treatment_a,P00819,4.517,2.622,4.96,56,M,BA,2019-10-24,2294660,0,upd1_extended_row_819
S0820,10.1177/0956797615575277,treatment_b,P00820,4.524,2.863,4.66,62,F,BA,2019-02-07,2262692,0,upd1_extended_row_820
S0821,10.1073/pnas.1209746109,treatment_a,P00821,7.005,3.352,5.74,19,F,HS,2019-05-08,1856332,0,upd1_extended_row_821
S0822,10.1177/0956797614520714,treatment_a,P00822,5.489,4.089,3.95,27,F,Other,2019-02-18,1387452,1,upd1_extended_row_822
S0823,10.1073/pnas.1209746109,control,P00823,2.14,2.928,5.55,32,F,BA,2019-04-06,2295855,0,upd1_extended_row_823
S0824,10.1177/0956797615575277,treatment_b,P00824,4.32,3.522,4.01,25,F,BA,2019-12-17,2355562,0,upd1_extended_row_824
S0825,10.1037/pspa0000226,treatment_a,P00825,4.239,3.751,5.03,49,F,BA,2019-05-15,2197429,0,upd1_extended_row_825
S0826,10.1037/pspa0000226,control,P00826,6.708,3.805,4.74,60,M,PhD,2019-06-13,1685537,0,upd1_extended_row_826
S0827,10.1073/pnas.1209746109,treatment_b,P00827,3.892,6.241,3.72,53,F,PhD,2019-09-21,2160559,0,upd1_extended_row_827
S0828,10.1177/0956797614520714,control,P00828,3.911,4.554,4.94,42,F,BA,2019-10-01,1752067,0,upd1_extended_row_828
S0829,10.1177/0956797614520714,control,P00829,2.614,5.414,5.86,24,M,MA,2019-10-09,1573269,0,upd1_extended_row_829
S0830,10.1177/0956797614520714,treatment_b,P00830,4.389,2.772,4.57,61,M,HS,2019-07-09,1237116,0,upd1_extended_row_830
S0831,10.1073/pnas.1209746109,treatment_a,P00831,3.538,3.08,4.33,39,F,Other,2019-07-04,2097992,0,upd1_extended_row_831
S0832,10.1177/0956797614520714,treatment_a,P00832,3.999,2.359,4.99,22,M,MA,2019-03-22,1517782,0,upd1_extended_row_832
S0833,10.1073/pnas.1209746109,treatment_a,P00833,6.471,4.636,4.59,37,F,Other,2019-08-13,1552222,0,upd1_extended_row_833
S0834,10.1073/pnas.1209746109,control,P00834,5.255,1.797,5.03,29,M,HS,2019-04-11,866829,0,upd1_extended_row_834
S0835,10.1073/pnas.1209746109,control,P00835,5.218,3.943,4.12,62,F,Other,2019-09-28,1816255,0,upd1_extended_row_835
S0836,10.1177/0956797614520714,treatment_a,P00836,4.336,2.515,5.62,65,F,HS,2019-02-04,1563035,0,upd1_extended_row_836
S0837,10.1073/pnas.1209746109,control,P00837,3.72,2.811,5.99,45,F,BA,2019-07-12,1705038,0,upd1_extended_row_837
S0838,10.1073/pnas.1209746109,treatment_b,P00838,6.664,4.256,4.54,46,F,PhD,2019-03-06,375222,0,upd1_extended_row_838
S0839,10.1177/0956797615575277,control,P00839,4.086,4.761,4.57,56,M,Other,2019-08-28,1099936,0,upd1_extended_row_839
S0840,10.1177/0956797615575277,treatment_a,P00840,6.028,3.311,5.37,18,NB,BA,2019-05-07,1247021,0,upd1_extended_row_840
S0841,10.1177/0956797614520714,treatment_b,P00841,5.88,4.129,5.36,34,NB,BA,2019-07-01,840896,0,upd1_extended_row_841
S0842,10.1073/pnas.1209746109,control,P00842,3.749,2.855,4.67,29,M,BA,2019-09-07,455341,0,upd1_extended_row_842
S0843,10.1073/pnas.1209746109,treatment_a,P00843,6.487,3.802,4.9,47,F,Other,2019-02-07,2136600,0,upd1_extended_row_843
S0844,10.1037/pspa0000226,treatment_a,P00844,4.885,3.953,4.07,64,F,PhD,2019-11-24,1626162,0,upd1_extended_row_844
S0845,10.1073/pnas.1209746109,treatment_b,P00845,2.604,4.273,5.63,56,F,PhD,2019-07-22,233185,0,upd1_extended_row_845
S0846,10.1073/pnas.1209746109,control,P00846,4.622,4.321,4.56,62,F,Other,2019-09-21,441618,0,upd1_extended_row_846
S0847,10.1037/pspa0000226,treatment_b,P00847,5.805,4.325,4.89,62,M,PhD,2019-12-26,827618,0,upd1_extended_row_847
S0848,10.1177/0956797615575277,control,P00848,4.869,5.754,4.39,40,M,MA,2019-10-04,857262,0,upd1_extended_row_848
S0849,10.1073/pnas.1209746109,treatment_b,P00849,5.09,3.941,6.28,35,F,BA,2019-10-28,1907159,0,upd1_extended_row_849
S0850,10.1037/pspa0000226,treatment_a,P00850,5.217,3.309,3.43,39,M,BA,2019-03-12,571806,0,upd1_extended_row_850
S0851,10.1177/0956797615575277,treatment_a,P00851,3.697,2.601,5.75,45,F,MA,2019-02-11,1792318,0,upd1_extended_row_851
S0852,10.1177/0956797614520714,control,P00852,2.164,4.206,5.5,32,F,MA,2019-04-07,1765399,0,upd1_extended_row_852
S0853,10.1073/pnas.1209746109,treatment_b,P00853,5.681,3.909,5.86,62,M,Other,2019-12-16,2136442,0,upd1_extended_row_853
S0854,10.1037/pspa0000226,control,P00854,3.028,4.598,4.65,38,F,Other,2019-02-17,1096151,0,upd1_extended_row_854
S0855,10.1037/pspa0000226,control,P00855,2.826,4.01,5.65,48,M,MA,2019-10-21,2213314,0,upd1_extended_row_855
S0856,10.1177/0956797614520714,treatment_b,P00856,2.91,4.463,5.11,64,F,BA,2019-02-05,2336454,0,upd1_extended_row_856
S0857,10.1037/pspa0000226,treatment_b,P00857,1.894,3.086,5.92,61,F,HS,2019-08-09,622059,0,upd1_extended_row_857
S0858,10.1073/pnas.1209746109,control,P00858,5.258,3.247,5.53,47,M,HS,2019-03-25,1954961,0,upd1_extended_row_858
S0859,10.1177/0956797614520714,control,P00859,4.406,3.245,5.8,65,F,Other,2019-05-28,359616,0,upd1_extended_row_859
S0860,10.1037/pspa0000226,control,P00860,2.453,1.505,5.47,63,M,BA,2019-02-25,1219518,0,upd1_extended_row_860
S0861,10.1073/pnas.1209746109,treatment_b,P00861,2.297,3.15,5.8,62,NB,HS,2019-08-16,2089133,0,upd1_extended_row_861
S0862,10.1177/0956797615575277,treatment_a,P00862,5.403,3.5,5.4,35,F,PhD,2019-12-03,2053085,0,upd1_extended_row_862
S0863,10.1037/pspa0000226,treatment_b,P00863,5.32,4.625,6.29,19,F,PhD,2019-04-25,1872428,0,upd1_extended_row_863
S0864,10.1177/0956797615575277,treatment_b,P00864,6.078,4.038,2.81,34,M,Other,2019-06-01,607791,0,upd1_extended_row_864
S0865,10.1073/pnas.1209746109,treatment_b,P00865,2.328,2.793,5.01,55,F,MA,2019-09-10,1157461,0,upd1_extended_row_865
S0866,10.1177/0956797615575277,treatment_b,P00866,3.723,4.733,4.24,26,F,Other,2019-03-11,746574,0,upd1_extended_row_866
S0867,10.1177/0956797615575277,treatment_a,P00867,5.671,2.664,5.22,64,NB,Other,2019-09-05,2319131,0,upd1_extended_row_867
S0868,10.1037/pspa0000226,treatment_b,P00868,3.832,3.64,5.27,44,F,HS,2019-09-07,617353,1,upd1_extended_row_868
S0869,10.1073/pnas.1209746109,treatment_b,P00869,4.41,4.354,3.91,45,M,HS,2019-11-05,914406,0,upd1_extended_row_869
S0870,10.1037/pspa0000226,control,P00870,4.879,5.906,7.06,64,F,Other,2019-08-17,1898402,0,upd1_extended_row_870
S0871,10.1073/pnas.1209746109,control,P00871,4.952,3.315,4.89,26,M,MA,2019-05-15,1703503,0,upd1_extended_row_871
S0872,10.1037/pspa0000226,treatment_a,P00872,4.978,3.147,5.02,20,F,Other,2019-04-10,2003632,0,upd1_extended_row_872
S0873,10.1177/0956797614520714,treatment_a,P00873,4.13,3.378,5.42,57,M,HS,2019-12-07,1264706,0,upd1_extended_row_873
S0874,10.1037/pspa0000226,treatment_a,P00874,5.523,4.425,6.09,44,M,MA,2019-07-24,1699529,0,upd1_extended_row_874
S0875,10.1073/pnas.1209746109,control,P00875,4.422,5.039,5.81,56,M,Other,2019-02-12,567499,0,upd1_extended_row_875
S0876,10.1073/pnas.1209746109,control,P00876,4.548,4.064,4.03,26,F,Other,2019-02-15,305968,0,upd1_extended_row_876
S0877,10.1037/pspa0000226,treatment_b,P00877,3.278,6.203,5.93,38,M,BA,2019-08-22,1047522,0,upd1_extended_row_877
S0878,10.1073/pnas.1209746109,treatment_a,P00878,5.154,4.177,5.51,49,M,BA,2019-02-03,893489,0,upd1_extended_row_878
S0879,10.1037/pspa0000226,treatment_a,P00879,3.87,3.356,5.59,29,F,HS,2019-01-03,1352753,0,upd1_extended_row_879
S0880,10.1073/pnas.1209746109,treatment_b,P00880,4.673,3.391,4.89,28,F,MA,2019-05-05,1626118,0,upd1_extended_row_880
S0881,10.1037/pspa0000226,treatment_b,P00881,5.276,3.133,5.49,59,M,Other,2019-12-05,590059,0,upd1_extended_row_881
S0882,10.1037/pspa0000226,treatment_a,P00882,5.55,5.892,6.41,27,F,HS,2019-03-15,1998793,0,upd1_extended_row_882
S0883,10.1037/pspa0000226,treatment_b,P00883,4.11,5.614,4.07,20,NB,PhD,2019-05-13,623987,0,upd1_extended_row_883
S0884,10.1177/0956797614520714,treatment_b,P00884,4.614,1.88,4.08,29,F,Other,2019-08-10,262030,0,upd1_extended_row_884
S0885,10.1073/pnas.1209746109,treatment_b,P00885,4.289,3.493,4.35,26,NB,Other,2019-04-11,1085679,1,upd1_extended_row_885
S0886,10.1073/pnas.1209746109,treatment_a,P00886,4.117,4.824,4.95,38,F,MA,2019-06-16,1436931,0,upd1_extended_row_886
S0887,10.1073/pnas.1209746109,treatment_b,P00887,5.589,4.864,4.27,40,M,PhD,2019-12-21,2374690,1,upd1_extended_row_887
S0888,10.1177/0956797614520714,treatment_b,P00888,4.237,3.859,6.48,57,M,Other,2019-03-13,513769,0,upd1_extended_row_888
S0889,10.1177/0956797615575277,treatment_a,P00889,5.785,5.023,3.92,19,NB,Other,2019-11-28,739618,0,upd1_extended_row_889
S0890,10.1037/pspa0000226,control,P00890,4.241,5.679,3.53,61,F,MA,2019-05-14,1857337,1,upd1_extended_row_890
S0891,10.1073/pnas.1209746109,treatment_b,P00891,3.216,3.341,5.16,33,M,BA,2019-02-11,363609,0,upd1_extended_row_891
S0892,10.1037/pspa0000226,control,P00892,5.292,3.183,4.39,24,NB,PhD,2019-12-28,1386878,0,upd1_extended_row_892
S0893,10.1177/0956797615575277,control,P00893,3.424,3.966,5.92,21,M,BA,2019-12-10,269794,1,upd1_extended_row_893
S0894,10.1177/0956797615575277,treatment_b,P00894,4.754,4.244,3.93,35,M,Other,2019-12-28,1851100,0,upd1_extended_row_894
S0895,10.1177/0956797615575277,treatment_b,P00895,4.716,2.78,4.13,63,F,PhD,2019-06-03,879206,0,upd1_extended_row_895
S0896,10.1037/pspa0000226,control,P00896,2.668,4.748,4.7,62,M,BA,2019-04-13,1288184,0,upd1_extended_row_896
S0897,10.1073/pnas.1209746109,treatment_b,P00897,3.678,2.864,3.61,35,NB,PhD,2019-06-11,1294242,0,upd1_extended_row_897
S0898,10.1177/0956797614520714,treatment_a,P00898,3.908,3.899,5.09,44,NB,Other,2019-09-14,1383488,0,upd1_extended_row_898
S0899,10.1073/pnas.1209746109,control,P00899,3.456,4.684,4.97,42,NB,BA,2019-06-27,1409943,0,upd1_extended_row_899
S0900,10.1177/0956797615575277,treatment_b,P00900,5.065,3.084,6.9,65,F,BA,2019-11-13,1364685,0,upd1_extended_row_900
S0901,10.1073/pnas.1209746109,treatment_b,P00901,6.827,3.094,4.93,57,F,BA,2019-10-08,493519,0,upd1_extended_row_901
S0902,10.1177/0956797614520714,treatment_b,P00902,2.121,3.457,5.14,37,F,PhD,2019-06-22,1798288,0,upd1_extended_row_902
S0903,10.1177/0956797615575277,treatment_b,P00903,3.703,4.39,3.95,23,M,BA,2019-07-23,1657403,0,upd1_extended_row_903
S0904,10.1177/0956797615575277,treatment_a,P00904,6.798,2.882,4.93,50,NB,MA,2019-09-19,1144307,0,upd1_extended_row_904
S0905,10.1177/0956797614520714,control,P00905,7.376,5.954,4.08,49,F,BA,2019-09-22,664111,0,upd1_extended_row_905
S0906,10.1177/0956797614520714,control,P00906,4.19,4.705,5.82,63,F,MA,2019-11-18,1131941,0,upd1_extended_row_906
S0907,10.1073/pnas.1209746109,treatment_b,P00907,5.534,3.545,5.33,27,M,MA,2019-10-09,396696,0,upd1_extended_row_907
S0908,10.1177/0956797615575277,control,P00908,4.405,7.375,5.62,38,NB,MA,2019-05-26,301348,0,upd1_extended_row_908
S0909,10.1177/0956797614520714,control,P00909,6.984,4.802,2.83,29,M,PhD,2019-06-26,1455064,1,upd1_extended_row_909
S0910,10.1073/pnas.1209746109,treatment_b,P00910,3.286,4.501,4.85,45,F,HS,2019-05-26,1952537,0,upd1_extended_row_910
S0911,10.1073/pnas.1209746109,control,P00911,5.872,4.656,5.83,63,F,Other,2019-01-11,515622,0,upd1_extended_row_911
S0912,10.1073/pnas.1209746109,treatment_a,P00912,5.231,7.041,4.18,30,NB,PhD,2019-01-12,739855,0,upd1_extended_row_912
S0913,10.1177/0956797614520714,treatment_b,P00913,4.52,3.21,4.91,22,NB,HS,2019-06-02,2124356,0,upd1_extended_row_913
S0914,10.1073/pnas.1209746109,treatment_b,P00914,3.464,3.385,4.77,23,F,BA,2019-08-27,2148706,0,upd1_extended_row_914
S0915,10.1037/pspa0000226,treatment_b,P00915,3.428,4.647,5.24,64,M,HS,2019-07-26,1029966,0,upd1_extended_row_915
S0916,10.1037/pspa0000226,control,P00916,3.422,3.156,3.72,20,F,PhD,2019-10-14,1195531,1,upd1_extended_row_916
S0917,10.1177/0956797614520714,treatment_b,P00917,4.199,3.174,4.8,25,M,BA,2019-03-24,843107,0,upd1_extended_row_917
S0918,10.1177/0956797615575277,treatment_b,P00918,3.133,3.023,5.16,26,M,PhD,2019-06-22,697347,0,upd1_extended_row_918
S0919,10.1037/pspa0000226,control,P00919,5.083,4.277,5.42,34,F,PhD,2019-07-06,2162823,0,upd1_extended_row_919
S0920,10.1037/pspa0000226,treatment_b,P00920,5.593,4.124,2.77,38,F,Other,2019-06-12,1415258,0,upd1_extended_row_920
S0921,10.1177/0956797615575277,treatment_b,P00921,3.063,4.025,4.47,21,F,PhD,2019-04-06,1215715,0,upd1_extended_row_921
S0922,10.1073/pnas.1209746109,treatment_a,P00922,5.427,4.057,5.83,36,M,Other,2019-09-17,409978,0,upd1_extended_row_922
S0923,10.1073/pnas.1209746109,control,P00923,4.894,2.575,4.99,44,F,PhD,2019-09-28,865493,0,upd1_extended_row_923
S0924,10.1177/0956797615575277,treatment_b,P00924,3.531,2.508,3.95,55,F,HS,2019-02-09,912885,0,upd1_extended_row_924
S0925,10.1073/pnas.1209746109,treatment_b,P00925,4.15,4.028,4.2,37,M,Other,2019-04-06,2187066,0,upd1_extended_row_925
S0926,10.1037/pspa0000226,treatment_a,P00926,6.247,2.298,6.05,41,F,PhD,2019-06-04,1539649,0,upd1_extended_row_926
S0927,10.1177/0956797614520714,treatment_b,P00927,6.76,3.206,4.94,19,M,Other,2019-04-18,392211,0,upd1_extended_row_927
S0928,10.1073/pnas.1209746109,control,P00928,5.621,1.623,4.37,35,F,BA,2019-01-25,1729913,0,upd1_extended_row_928
S0929,10.1177/0956797614520714,treatment_b,P00929,3.238,3.209,4.67,26,NB,MA,2019-01-13,1642208,0,upd1_extended_row_929
S0930,10.1073/pnas.1209746109,treatment_b,P00930,4.843,2.349,2.86,20,NB,Other,2019-05-14,905312,0,upd1_extended_row_930
S0931,10.1073/pnas.1209746109,treatment_b,P00931,6.025,3.995,4.93,41,F,PhD,2019-03-26,1435176,0,upd1_extended_row_931
S0932,10.1177/0956797615575277,control,P00932,6.019,3.576,4.43,56,M,MA,2019-03-05,1120369,0,upd1_extended_row_932
S0933,10.1177/0956797614520714,treatment_b,P00933,6.983,4.408,4.2,65,F,HS,2019-02-17,1289310,0,upd1_extended_row_933
S0934,10.1177/0956797614520714,treatment_b,P00934,4.418,3.714,4.33,35,F,BA,2019-05-21,1381811,0,upd1_extended_row_934
S0935,10.1073/pnas.1209746109,control,P00935,5.429,3.647,4.48,61,M,Other,2019-06-10,1831043,0,upd1_extended_row_935
S0936,10.1177/0956797614520714,control,P00936,3.058,5.094,4.21,62,M,MA,2019-10-16,2266924,0,upd1_extended_row_936
S0937,10.1177/0956797615575277,treatment_b,P00937,4.234,5.02,5.61,45,F,Other,2019-09-01,221254,0,upd1_extended_row_937
S0938,10.1073/pnas.1209746109,treatment_b,P00938,3.86,4.118,4.58,49,NB,PhD,2019-05-24,1140282,0,upd1_extended_row_938
S0939,10.1177/0956797615575277,treatment_b,P00939,4.083,2.533,5.2,53,F,PhD,2019-02-02,1427907,0,upd1_extended_row_939
S0940,10.1037/pspa0000226,treatment_b,P00940,6.265,2.881,5.25,28,F,BA,2019-03-28,268901,0,upd1_extended_row_940
S0941,10.1177/0956797615575277,treatment_a,P00941,7.218,3.305,5.0,65,F,Other,2019-12-25,1724445,0,upd1_extended_row_941
S0942,10.1177/0956797615575277,treatment_b,P00942,4.127,3.088,5.3,39,F,MA,2019-01-14,1762133,0,upd1_extended_row_942
S0943,10.1177/0956797615575277,control,P00943,3.57,3.867,4.88,37,M,BA,2019-12-10,1930545,0,upd1_extended_row_943
S0944,10.1037/pspa0000226,control,P00944,5.481,3.567,4.83,35,M,BA,2019-12-23,851399,0,upd1_extended_row_944
S0945,10.1037/pspa0000226,treatment_a,P00945,4.512,4.716,4.84,31,F,BA,2019-10-01,2056117,0,upd1_extended_row_945
S0946,10.1073/pnas.1209746109,treatment_a,P00946,5.339,3.756,4.86,30,M,PhD,2019-01-04,2125652,0,upd1_extended_row_946
S0947,10.1177/0956797614520714,treatment_a,P00947,5.406,4.001,3.71,41,M,HS,2019-03-22,946543,0,upd1_extended_row_947
S0948,10.1037/pspa0000226,treatment_a,P00948,3.118,3.242,5.64,47,F,Other,2019-01-21,1766440,0,upd1_extended_row_948
S0949,10.1177/0956797614520714,treatment_a,P00949,4.874,4.366,5.1,55,F,HS,2019-12-08,1172842,0,upd1_extended_row_949
S0950,10.1177/0956797614520714,control,P00950,2.826,3.434,5.32,50,M,MA,2019-02-06,1156308,0,upd1_extended_row_950
S0951,10.1073/pnas.1209746109,control,P00951,6.132,4.005,3.47,39,M,Other,2019-03-23,1752498,0,upd1_extended_row_951
S0952,10.1073/pnas.1209746109,treatment_a,P00952,4.613,3.178,4.2,37,NB,PhD,2019-12-23,2258993,0,upd1_extended_row_952
S0953,10.1037/pspa0000226,treatment_b,P00953,3.618,3.735,5.8,64,M,MA,2019-04-10,852069,0,upd1_extended_row_953
S0954,10.1177/0956797614520714,treatment_b,P00954,6.0,4.234,5.68,42,M,Other,2019-09-24,436689,0,upd1_extended_row_954
S0955,10.1037/pspa0000226,control,P00955,5.208,3.974,6.13,58,F,MA,2019-08-12,1152417,0,upd1_extended_row_955
S0956,10.1177/0956797615575277,treatment_b,P00956,5.492,3.781,5.6,49,NB,BA,2019-04-08,788824,0,upd1_extended_row_956
S0957,10.1073/pnas.1209746109,treatment_b,P00957,2.301,3.042,4.44,41,F,Other,2019-06-23,971170,0,upd1_extended_row_957
S0958,10.1037/pspa0000226,control,P00958,4.426,3.913,5.04,63,M,Other,2019-10-02,1858317,0,upd1_extended_row_958
S0959,10.1177/0956797615575277,control,P00959,5.339,2.663,5.41,46,M,BA,2019-06-14,947941,0,upd1_extended_row_959
S0960,10.1177/0956797614520714,treatment_a,P00960,4.813,4.7,6.08,21,M,PhD,2019-06-25,2279773,0,upd1_extended_row_960
S0961,10.1177/0956797614520714,treatment_b,P00961,4.61,4.381,5.53,30,F,HS,2019-03-07,1635176,0,upd1_extended_row_961
S0962,10.1073/pnas.1209746109,treatment_a,P00962,5.533,2.942,5.5,29,M,MA,2019-11-17,342721,0,upd1_extended_row_962
S0963,10.1177/0956797615575277,treatment_b,P00963,5.685,4.473,3.94,56,F,BA,2019-01-17,763363,0,upd1_extended_row_963
S0964,10.1073/pnas.1209746109,treatment_b,P00964,4.311,5.875,5.12,52,F,HS,2019-03-21,430620,0,upd1_extended_row_964
S0965,10.1073/pnas.1209746109,treatment_a,P00965,4.616,4.776,4.17,28,NB,PhD,2019-11-05,1628296,0,upd1_extended_row_965
S0966,10.1177/0956797615575277,treatment_a,P00966,3.998,4.276,5.96,33,M,MA,2019-06-06,2110373,0,upd1_extended_row_966
S0967,10.1177/0956797614520714,treatment_b,P00967,2.538,5.216,5.58,25,F,HS,2019-12-09,1098333,0,upd1_extended_row_967
S0968,10.1073/pnas.1209746109,treatment_a,P00968,6.611,4.81,4.93,37,F,Other,2019-05-01,1413148,0,upd1_extended_row_968
S0969,10.1177/0956797614520714,treatment_a,P00969,5.694,4.051,4.69,63,M,PhD,2019-04-17,2276642,0,upd1_extended_row_969
S0970,10.1037/pspa0000226,control,P00970,4.16,4.072,6.6,37,F,MA,2019-04-25,267180,0,upd1_extended_row_970
S0971,10.1073/pnas.1209746109,treatment_b,P00971,4.694,4.51,3.97,54,F,Other,2019-09-11,982321,0,upd1_extended_row_971
S0972,10.1073/pnas.1209746109,treatment_a,P00972,3.76,3.472,5.09,63,NB,PhD,2019-09-03,202336,0,upd1_extended_row_972
S0973,10.1177/0956797615575277,treatment_a,P00973,6.642,2.446,5.59,31,M,BA,2019-12-03,408812,0,upd1_extended_row_973
S0974,10.1177/0956797615575277,treatment_a,P00974,3.417,4.44,3.15,34,F,MA,2019-02-11,1863307,0,upd1_extended_row_974
S0975,10.1177/0956797615575277,control,P00975,5.947,4.521,5.25,20,F,MA,2019-08-19,1151186,0,upd1_extended_row_975
S0976,10.1037/pspa0000226,treatment_a,P00976,2.765,4.558,6.04,63,F,Other,2019-11-22,2146686,0,upd1_extended_row_976
S0977,10.1073/pnas.1209746109,treatment_a,P00977,4.87,2.464,5.35,34,F,MA,2019-04-15,386202,0,upd1_extended_row_977
S0978,10.1073/pnas.1209746109,control,P00978,5.29,3.742,4.48,18,F,BA,2019-03-06,1038627,0,upd1_extended_row_978
S0979,10.1037/pspa0000226,treatment_a,P00979,4.763,4.956,5.31,27,F,MA,2019-05-03,566798,0,upd1_extended_row_979
S0980,10.1177/0956797614520714,control,P00980,5.873,3.61,5.46,44,M,BA,2019-10-04,2082602,0,upd1_extended_row_980
S0981,10.1037/pspa0000226,treatment_b,P00981,4.486,3.943,4.88,43,F,Other,2019-05-18,1519522,0,upd1_extended_row_981
S0982,10.1177/0956797615575277,control,P00982,2.976,3.187,4.89,39,NB,MA,2019-12-12,1481166,0,upd1_extended_row_982
S0983,10.1177/0956797614520714,control,P00983,5.605,5.146,6.69,37,NB,MA,2019-09-09,954403,0,upd1_extended_row_983
S0984,10.1177/0956797614520714,treatment_a,P00984,4.817,3.41,4.03,19,NB,MA,2019-03-14,1576547,0,upd1_extended_row_984
S0985,10.1177/0956797615575277,control,P00985,5.378,3.525,5.97,23,M,Other,2019-09-02,969206,0,upd1_extended_row_985
S0986,10.1177/0956797614520714,treatment_b,P00986,7.372,4.007,4.39,33,M,MA,2019-07-22,1543716,0,upd1_extended_row_986
S0987,10.1037/pspa0000226,treatment_a,P00987,3.653,3.767,5.26,51,M,Other,2019-10-04,331721,1,upd1_extended_row_987
S0988,10.1177/0956797615575277,treatment_a,P00988,4.42,3.802,5.3,51,M,HS,2019-12-06,1028309,0,upd1_extended_row_988
S0989,10.1177/0956797614520714,control,P00989,3.565,4.023,5.51,20,F,BA,2019-05-15,261865,0,upd1_extended_row_989
S0990,10.1177/0956797614520714,control,P00990,3.12,4.052,3.96,33,M,HS,2019-02-04,413251,0,upd1_extended_row_990
S0991,10.1177/0956797615575277,control,P00991,5.049,2.556,5.15,46,M,PhD,2019-08-28,2151792,0,upd1_extended_row_991
S0992,10.1037/pspa0000226,treatment_b,P00992,6.374,3.169,4.4,48,F,Other,2019-06-06,1725008,0,upd1_extended_row_992
S0993,10.1177/0956797615575277,control,P00993,4.313,3.22,4.11,59,M,HS,2019-03-17,2242443,0,upd1_extended_row_993
S0994,10.1037/pspa0000226,control,P00994,2.91,4.771,4.33,45,F,HS,2019-01-05,856081,0,upd1_extended_row_994
S0995,10.1177/0956797614520714,control,P00995,5.063,4.323,5.93,59,NB,BA,2019-05-16,2116160,0,upd1_extended_row_995
S0996,10.1037/pspa0000226,treatment_b,P00996,3.506,2.66,5.98,25,F,Other,2019-02-22,244387,0,upd1_extended_row_996
S0997,10.1177/0956797615575277,treatment_a,P00997,4.547,4.59,5.56,50,F,HS,2019-10-20,1563504,0,upd1_extended_row_997
S0998,10.1037/pspa0000226,control,P00998,6.251,4.208,5.22,20,NB,HS,2019-07-01,2228251,0,upd1_extended_row_998
S0999,10.1037/pspa0000226,treatment_a,P00999,5.971,3.669,5.12,47,M,Other,2019-10-02,2391014,0,upd1_extended_row_999
S1000,10.1037/pspa0000226,control,P01000,5.579,2.607,6.35,51,F,Other,2019-01-11,1757805,0,upd1_extended_row_1000
S1001,10.1073/pnas.1209746109,treatment_a,P01001,3.279,4.207,5.89,56,F,BA,2019-07-26,2170155,0,upd1_extended_row_1001
S1002,10.1037/pspa0000226,treatment_b,P01002,4.095,3.624,4.54,65,NB,BA,2019-10-20,1702417,0,upd1_extended_row_1002
S1003,10.1037/pspa0000226,treatment_a,P01003,4.681,3.815,3.74,59,F,BA,2019-06-24,2012455,0,upd1_extended_row_1003
S1004,10.1037/pspa0000226,control,P01004,4.586,3.365,6.5,62,F,MA,2019-06-05,1480429,0,upd1_extended_row_1004
S1005,10.1177/0956797614520714,control,P01005,4.923,4.54,5.04,61,M,PhD,2019-01-14,974228,0,upd1_extended_row_1005
S1006,10.1073/pnas.1209746109,treatment_b,P01006,2.632,4.07,5.1,47,M,MA,2019-08-08,768341,1,upd1_extended_row_1006
S1007,10.1037/pspa0000226,treatment_a,P01007,2.62,5.15,6.54,41,M,MA,2019-09-23,1730124,0,upd1_extended_row_1007
S1008,10.1073/pnas.1209746109,treatment_b,P01008,4.349,4.491,5.35,30,M,Other,2019-05-10,1224367,0,upd1_extended_row_1008
S1009,10.1037/pspa0000226,treatment_a,P01009,6.202,4.653,4.94,50,M,PhD,2019-05-12,681184,0,upd1_extended_row_1009
S1010,10.1177/0956797615575277,treatment_b,P01010,5.409,4.324,4.8,58,NB,BA,2019-05-01,1877800,0,upd1_extended_row_1010
S1011,10.1177/0956797614520714,control,P01011,4.226,4.105,6.06,47,NB,PhD,2019-07-27,1798252,0,upd1_extended_row_1011
S1012,10.1177/0956797615575277,treatment_a,P01012,5.239,4.047,4.77,34,F,HS,2019-02-05,1650198,0,upd1_extended_row_1012
S1013,10.1177/0956797615575277,treatment_b,P01013,4.458,5.167,6.02,27,M,BA,2019-01-14,1638514,0,upd1_extended_row_1013
S1014,10.1177/0956797614520714,treatment_b,P01014,5.406,3.363,5.18,58,NB,MA,2019-07-26,1788901,0,upd1_extended_row_1014
S1015,10.1177/0956797614520714,treatment_b,P01015,5.862,4.868,4.56,62,M,MA,2019-04-14,1954818,0,upd1_extended_row_1015
S1016,10.1073/pnas.1209746109,control,P01016,5.536,1.924,5.26,43,M,Other,2019-06-09,1081357,0,upd1_extended_row_1016
S1017,10.1177/0956797614520714,control,P01017,4.49,2.613,4.9,43,M,HS,2019-11-08,1434505,0,upd1_extended_row_1017
S1018,10.1177/0956797614520714,treatment_b,P01018,3.672,4.241,5.93,40,NB,BA,2019-11-08,1122657,0,upd1_extended_row_1018
S1019,10.1177/0956797615575277,control,P01019,5.523,4.151,6.09,62,F,PhD,2019-05-09,1026449,0,upd1_extended_row_1019
S1020,10.1177/0956797614520714,treatment_a,P01020,4.139,2.939,4.15,53,F,Other,2019-02-14,527451,0,upd1_extended_row_1020
S1021,10.1037/pspa0000226,treatment_b,P01021,5.109,4.522,5.71,58,F,BA,2019-04-17,1219133,0,upd1_extended_row_1021
S1022,10.1073/pnas.1209746109,control,P01022,4.743,2.913,3.25,50,F,BA,2019-08-13,1899194,0,upd1_extended_row_1022
S1023,10.1073/pnas.1209746109,treatment_b,P01023,3.807,5.615,6.34,53,F,PhD,2019-06-05,551317,0,upd1_extended_row_1023
S1024,10.1177/0956797615575277,control,P01024,4.203,3.778,4.98,21,M,MA,2019-10-08,1078211,0,upd1_extended_row_1024
S1025,10.1073/pnas.1209746109,treatment_b,P01025,6.578,4.529,5.57,51,F,MA,2019-10-21,981791,0,upd1_extended_row_1025
S1026,10.1177/0956797614520714,control,P01026,4.25,4.058,5.86,37,F,MA,2019-08-26,724415,0,upd1_extended_row_1026
S1027,10.1177/0956797615575277,treatment_a,P01027,5.399,4.422,3.3,37,M,BA,2019-05-06,406296,1,upd1_extended_row_1027
S1028,10.1177/0956797614520714,control,P01028,4.888,3.923,4.27,21,F,HS,2019-04-25,1945259,0,upd1_extended_row_1028
S1029,10.1177/0956797614520714,control,P01029,3.793,4.414,5.62,57,F,MA,2019-09-23,1417477,0,upd1_extended_row_1029
S1030,10.1037/pspa0000226,treatment_b,P01030,4.92,5.469,4.55,44,M,PhD,2019-09-19,1190614,0,upd1_extended_row_1030
S1031,10.1037/pspa0000226,treatment_a,P01031,2.399,4.245,4.14,19,F,BA,2019-10-28,2235403,0,upd1_extended_row_1031
S1032,10.1177/0956797615575277,control,P01032,4.262,4.231,4.24,50,NB,Other,2019-02-04,2226836,0,upd1_extended_row_1032
S1033,10.1177/0956797615575277,control,P01033,3.053,3.062,3.43,26,F,BA,2019-01-11,2165759,0,upd1_extended_row_1033
S1034,10.1177/0956797615575277,control,P01034,4.372,2.737,5.85,59,M,BA,2019-11-13,608621,1,upd1_extended_row_1034
S1035,10.1037/pspa0000226,treatment_a,P01035,4.867,3.046,3.58,46,F,PhD,2019-11-11,2387343,1,upd1_extended_row_1035
S1036,10.1037/pspa0000226,treatment_b,P01036,6.299,3.564,5.01,40,NB,HS,2019-04-20,899217,0,upd1_extended_row_1036
S1037,10.1177/0956797615575277,treatment_b,P01037,4.347,3.523,5.6,53,M,BA,2019-05-17,608099,0,upd1_extended_row_1037
S1038,10.1177/0956797615575277,treatment_b,P01038,3.366,3.464,4.07,64,F,MA,2019-09-07,1822272,0,upd1_extended_row_1038
S1039,10.1177/0956797614520714,treatment_b,P01039,6.484,3.131,5.28,46,F,MA,2019-04-22,1300598,0,upd1_extended_row_1039
S1040,10.1177/0956797615575277,control,P01040,4.765,2.727,5.82,63,F,Other,2019-07-06,2262276,1,upd1_extended_row_1040
S1041,10.1073/pnas.1209746109,treatment_a,P01041,2.93,2.38,5.08,44,NB,MA,2019-03-25,2070563,0,upd1_extended_row_1041
S1042,10.1177/0956797614520714,treatment_b,P01042,5.228,5.644,6.2,52,NB,BA,2019-02-18,2383377,0,upd1_extended_row_1042
S1043,10.1177/0956797615575277,control,P01043,4.536,4.497,4.94,32,NB,BA,2019-06-27,1609285,1,upd1_extended_row_1043
S1044,10.1037/pspa0000226,treatment_b,P01044,4.053,4.314,5.11,52,M,BA,2019-07-24,833657,0,upd1_extended_row_1044
S1045,10.1073/pnas.1209746109,treatment_b,P01045,5.6,3.655,5.04,24,F,MA,2019-03-06,1710386,0,upd1_extended_row_1045
S1046,10.1037/pspa0000226,treatment_b,P01046,4.764,4.816,3.37,59,F,HS,2019-08-04,1920495,0,upd1_extended_row_1046
S1047,10.1037/pspa0000226,treatment_a,P01047,3.603,3.167,5.02,36,M,HS,2019-12-25,1035390,0,upd1_extended_row_1047
S1048,10.1177/0956797615575277,treatment_a,P01048,4.697,2.911,4.25,35,M,HS,2019-04-19,1427816,0,upd1_extended_row_1048
S1049,10.1073/pnas.1209746109,treatment_b,P01049,3.263,3.231,6.11,26,M,PhD,2019-04-12,1632658,0,upd1_extended_row_1049
S1050,10.1177/0956797615575277,treatment_b,P01050,4.191,2.816,4.62,47,F,Other,2019-02-12,654335,0,upd1_extended_row_1050
S1051,10.1177/0956797615575277,control,P01051,3.99,3.224,4.18,45,F,MA,2019-01-15,273756,0,upd1_extended_row_1051
S1052,10.1073/pnas.1209746109,treatment_a,P01052,4.102,3.133,4.49,41,F,PhD,2019-09-02,1488294,0,upd1_extended_row_1052
S1053,10.1073/pnas.1209746109,treatment_a,P01053,5.138,4.078,4.79,27,M,BA,2019-10-05,1183831,1,upd1_extended_row_1053
S1054,10.1177/0956797614520714,treatment_a,P01054,5.17,3.316,6.71,19,M,HS,2019-05-24,2383653,0,upd1_extended_row_1054
S1055,10.1177/0956797615575277,control,P01055,3.421,4.026,5.6,35,M,HS,2019-09-19,314623,0,upd1_extended_row_1055
S1056,10.1177/0956797615575277,control,P01056,4.916,4.502,4.66,35,F,Other,2019-06-25,1111807,1,upd1_extended_row_1056
S1057,10.1177/0956797615575277,treatment_b,P01057,2.837,4.045,5.09,38,NB,PhD,2019-04-20,1106845,0,upd1_extended_row_1057
S1058,10.1177/0956797615575277,control,P01058,4.944,2.912,5.25,46,NB,HS,2019-03-18,2016205,0,upd1_extended_row_1058
S1059,10.1073/pnas.1209746109,control,P01059,4.373,3.586,7.12,53,NB,HS,2019-09-08,2343431,0,upd1_extended_row_1059
S1060,10.1073/pnas.1209746109,control,P01060,4.399,4.662,4.8,18,F,HS,2019-08-11,948516,0,upd1_extended_row_1060
S1061,10.1037/pspa0000226,treatment_a,P01061,5.663,2.758,3.61,65,M,MA,2019-01-03,670324,0,upd1_extended_row_1061
S1062,10.1177/0956797615575277,treatment_a,P01062,4.678,3.209,5.83,20,M,Other,2019-12-07,2195202,0,upd1_extended_row_1062
S1063,10.1177/0956797615575277,treatment_b,P01063,2.189,4.11,4.47,19,M,MA,2019-05-06,1701524,1,upd1_extended_row_1063
S1064,10.1073/pnas.1209746109,treatment_b,P01064,2.516,3.691,5.71,54,NB,MA,2019-02-13,406987,0,upd1_extended_row_1064
S1065,10.1177/0956797614520714,control,P01065,2.61,2.631,5.8,30,F,BA,2019-05-26,396907,0,upd1_extended_row_1065
S1066,10.1177/0956797615575277,treatment_b,P01066,4.043,4.783,5.03,65,NB,HS,2019-03-24,1518365,0,upd1_extended_row_1066
S1067,10.1177/0956797614520714,treatment_a,P01067,5.766,4.345,4.66,49,F,MA,2019-03-19,1426025,0,upd1_extended_row_1067
S1068,10.1037/pspa0000226,treatment_b,P01068,3.977,4.038,3.97,40,M,BA,2019-12-04,359405,0,upd1_extended_row_1068
S1069,10.1177/0956797614520714,treatment_b,P01069,6.514,3.916,3.74,40,F,PhD,2019-06-19,1531352,0,upd1_extended_row_1069
S1070,10.1177/0956797614520714,treatment_a,P01070,3.288,4.086,5.07,34,M,BA,2019-01-21,1966139,0,upd1_extended_row_1070
S1071,10.1177/0956797615575277,control,P01071,4.591,3.763,5.41,37,F,PhD,2019-03-28,609333,0,upd1_extended_row_1071
S1072,10.1177/0956797614520714,treatment_b,P01072,4.228,4.118,3.77,25,M,BA,2019-10-20,791060,0,upd1_extended_row_1072
S1073,10.1037/pspa0000226,treatment_b,P01073,3.478,4.165,5.62,26,F,PhD,2019-10-06,2374953,0,upd1_extended_row_1073
S1074,10.1037/pspa0000226,control,P01074,5.0,5.549,6.35,39,F,BA,2019-04-12,2319167,0,upd1_extended_row_1074
S1075,10.1177/0956797614520714,treatment_a,P01075,3.443,1.927,5.03,34,M,PhD,2019-09-27,1649044,0,upd1_extended_row_1075
S1076,10.1177/0956797614520714,treatment_b,P01076,4.05,4.473,7.44,28,M,HS,2019-02-15,290622,0,upd1_extended_row_1076
S1077,10.1037/pspa0000226,treatment_b,P01077,5.117,2.806,5.17,36,M,BA,2019-07-04,211004,0,upd1_extended_row_1077
S1078,10.1073/pnas.1209746109,control,P01078,7.008,3.213,5.5,46,F,PhD,2019-03-12,1796831,0,upd1_extended_row_1078
S1079,10.1177/0956797614520714,control,P01079,5.775,5.882,4.88,45,F,Other,2019-01-27,2205771,0,upd1_extended_row_1079
S1080,10.1073/pnas.1209746109,treatment_a,P01080,4.301,2.953,4.31,35,F,Other,2019-06-21,913427,0,upd1_extended_row_1080
S1081,10.1073/pnas.1209746109,treatment_b,P01081,5.762,5.194,5.4,29,F,PhD,2019-09-26,2309721,0,upd1_extended_row_1081
S1082,10.1177/0956797614520714,treatment_a,P01082,5.875,3.623,4.59,52,NB,PhD,2019-10-24,1106461,0,upd1_extended_row_1082
S1083,10.1177/0956797615575277,treatment_a,P01083,5.591,3.128,4.87,60,F,MA,2019-02-19,772683,0,upd1_extended_row_1083
S1084,10.1073/pnas.1209746109,treatment_b,P01084,5.991,3.99,5.24,44,NB,Other,2019-05-20,1964035,0,upd1_extended_row_1084
S1085,10.1177/0956797615575277,treatment_a,P01085,4.819,3.215,4.11,31,F,BA,2019-09-05,1380778,0,upd1_extended_row_1085
S1086,10.1037/pspa0000226,treatment_b,P01086,3.803,3.589,6.11,24,M,BA,2019-03-23,2089583,0,upd1_extended_row_1086
S1087,10.1177/0956797615575277,control,P01087,4.632,3.329,3.81,46,M,HS,2019-10-14,1187461,0,upd1_extended_row_1087
S1088,10.1177/0956797614520714,treatment_b,P01088,2.892,3.574,4.47,28,M,BA,2019-03-04,2362166,1,upd1_extended_row_1088
S1089,10.1177/0956797615575277,control,P01089,4.05,2.747,4.49,35,F,HS,2019-08-15,1599427,0,upd1_extended_row_1089
S1090,10.1073/pnas.1209746109,control,P01090,4.354,4.072,4.36,40,M,MA,2019-04-28,834939,0,upd1_extended_row_1090
S1091,10.1073/pnas.1209746109,treatment_a,P01091,4.356,3.057,5.08,23,NB,Other,2019-01-02,273515,0,upd1_extended_row_1091
S1092,10.1037/pspa0000226,treatment_a,P01092,3.34,3.632,4.98,60,M,Other,2019-11-09,919772,0,upd1_extended_row_1092
S1093,10.1177/0956797615575277,treatment_b,P01093,5.439,3.522,5.04,62,F,HS,2019-10-09,764276,0,upd1_extended_row_1093
S1094,10.1037/pspa0000226,control,P01094,7.167,3.77,4.79,31,NB,BA,2019-10-25,1789108,0,upd1_extended_row_1094
S1095,10.1177/0956797614520714,control,P01095,2.663,4.513,4.6,61,M,MA,2019-06-16,2247112,0,upd1_extended_row_1095
S1096,10.1177/0956797615575277,control,P01096,4.958,4.118,4.85,65,F,MA,2019-04-24,1409602,0,upd1_extended_row_1096
S1097,10.1037/pspa0000226,treatment_b,P01097,4.259,2.617,4.98,21,M,HS,2019-01-06,547407,0,upd1_extended_row_1097
S1098,10.1037/pspa0000226,treatment_b,P01098,4.872,5.375,5.7,28,F,MA,2019-09-28,1212244,0,upd1_extended_row_1098
S1099,10.1177/0956797614520714,treatment_b,P01099,5.906,4.618,4.5,65,F,PhD,2019-04-20,1202755,0,upd1_extended_row_1099
S1100,10.1073/pnas.1209746109,control,P01100,4.31,4.878,5.44,20,M,HS,2019-07-03,1136415,0,upd1_extended_row_1100
S1101,10.1073/pnas.1209746109,treatment_b,P01101,3.935,2.736,4.12,50,M,Other,2019-09-18,876821,0,upd1_extended_row_1101
S1102,10.1037/pspa0000226,treatment_a,P01102,3.952,2.012,4.92,49,F,HS,2019-01-28,985703,0,upd1_extended_row_1102
S1103,10.1177/0956797614520714,treatment_a,P01103,2.09,3.909,4.83,65,M,PhD,2019-07-20,589781,1,upd1_extended_row_1103
S1104,10.1177/0956797615575277,treatment_b,P01104,6.218,3.992,7.03,61,M,PhD,2019-04-24,948509,0,upd1_extended_row_1104
S1105,10.1177/0956797615575277,control,P01105,6.878,3.412,6.07,51,F,BA,2019-06-04,1073458,0,upd1_extended_row_1105
S1106,10.1177/0956797615575277,control,P01106,2.923,3.859,5.74,22,NB,MA,2019-06-08,1909193,1,upd1_extended_row_1106
S1107,10.1073/pnas.1209746109,control,P01107,5.112,5.49,6.32,59,M,MA,2019-11-03,1012578,0,upd1_extended_row_1107
S1108,10.1177/0956797614520714,treatment_b,P01108,5.144,3.043,5.72,60,F,BA,2019-12-13,1925947,0,upd1_extended_row_1108
S1109,10.1177/0956797615575277,treatment_b,P01109,4.8,3.763,5.5,41,M,MA,2019-07-11,1846399,0,upd1_extended_row_1109
S1110,10.1177/0956797615575277,control,P01110,3.913,2.799,4.66,45,M,BA,2019-10-23,1405612,0,upd1_extended_row_1110
S1111,10.1037/pspa0000226,treatment_a,P01111,4.364,3.508,5.58,60,F,BA,2019-06-16,466095,0,upd1_extended_row_1111
S1112,10.1037/pspa0000226,treatment_b,P01112,6.548,3.922,4.93,30,M,MA,2019-12-07,1067614,1,upd1_extended_row_1112
S1113,10.1177/0956797615575277,control,P01113,4.468,3.249,4.64,38,M,MA,2019-01-09,1060622,1,upd1_extended_row_1113
S1114,10.1177/0956797614520714,treatment_b,P01114,3.486,2.684,5.29,38,F,PhD,2019-06-17,407768,0,upd1_extended_row_1114
S1115,10.1037/pspa0000226,treatment_b,P01115,4.858,3.206,5.59,61,NB,PhD,2019-09-26,1384473,0,upd1_extended_row_1115
S1116,10.1037/pspa0000226,treatment_b,P01116,2.443,3.752,5.22,43,M,PhD,2019-01-15,852697,0,upd1_extended_row_1116
S1117,10.1073/pnas.1209746109,control,P01117,3.756,3.312,3.97,49,NB,MA,2019-03-04,1156144,0,upd1_extended_row_1117
S1118,10.1177/0956797614520714,treatment_a,P01118,6.23,3.978,5.76,40,F,MA,2019-01-06,206748,0,upd1_extended_row_1118
S1119,10.1177/0956797615575277,control,P01119,3.9,4.644,4.07,40,NB,HS,2019-06-20,477723,0,upd1_extended_row_1119
S1120,10.1037/pspa0000226,treatment_a,P01120,4.59,2.894,4.76,61,NB,HS,2019-12-14,1913237,0,upd1_extended_row_1120
S1121,10.1177/0956797615575277,control,P01121,5.912,3.379,4.58,43,M,MA,2019-12-10,1387430,1,upd1_extended_row_1121
S1122,10.1177/0956797614520714,treatment_a,P01122,5.856,2.364,5.24,55,M,HS,2019-11-10,957770,0,upd1_extended_row_1122
S1123,10.1177/0956797615575277,control,P01123,5.935,5.69,6.77,54,M,HS,2019-02-02,353970,0,upd1_extended_row_1123
S1124,10.1073/pnas.1209746109,control,P01124,4.182,3.997,3.44,47,F,Other,2019-03-11,1773916,0,upd1_extended_row_1124
S1125,10.1073/pnas.1209746109,control,P01125,3.695,5.53,4.82,31,F,MA,2019-12-10,2064809,0,upd1_extended_row_1125
S1126,10.1073/pnas.1209746109,control,P01126,3.85,5.105,6.82,63,NB,PhD,2019-07-16,1962763,0,upd1_extended_row_1126
S1127,10.1037/pspa0000226,treatment_b,P01127,6.283,2.338,4.89,30,F,Other,2019-09-15,2097312,0,upd1_extended_row_1127
S1128,10.1177/0956797614520714,treatment_b,P01128,4.888,4.403,4.12,61,M,MA,2019-01-24,1479235,0,upd1_extended_row_1128
S1129,10.1177/0956797614520714,control,P01129,5.093,3.385,5.79,42,M,MA,2019-04-13,1781861,0,upd1_extended_row_1129
S1130,10.1177/0956797614520714,control,P01130,5.688,4.748,5.23,27,NB,BA,2019-05-06,1825541,0,upd1_extended_row_1130
S1131,10.1177/0956797615575277,treatment_a,P01131,3.566,3.07,5.41,32,M,BA,2019-05-22,454334,0,upd1_extended_row_1131
S1132,10.1177/0956797614520714,treatment_a,P01132,3.86,3.988,4.01,21,M,HS,2019-08-11,309465,0,upd1_extended_row_1132
S1133,10.1177/0956797614520714,treatment_b,P01133,6.93,4.687,3.19,48,M,PhD,2019-04-06,397029,0,upd1_extended_row_1133
S1134,10.1177/0956797615575277,treatment_a,P01134,5.174,3.848,4.65,19,NB,PhD,2019-09-26,903519,0,upd1_extended_row_1134
S1135,10.1037/pspa0000226,treatment_b,P01135,7.808,2.725,4.25,26,F,BA,2019-11-13,1084708,0,upd1_extended_row_1135
S1136,10.1177/0956797614520714,treatment_b,P01136,5.053,2.904,6.47,36,M,BA,2019-10-03,1765975,0,upd1_extended_row_1136
S1137,10.1037/pspa0000226,treatment_b,P01137,3.87,2.836,4.94,26,F,Other,2019-11-09,1126022,0,upd1_extended_row_1137
S1138,10.1037/pspa0000226,control,P01138,5.861,4.647,4.64,21,M,BA,2019-01-10,194384,0,upd1_extended_row_1138
S1139,10.1177/0956797615575277,treatment_b,P01139,4.291,3.766,4.21,43,F,MA,2019-10-06,2199406,0,upd1_extended_row_1139
S1140,10.1177/0956797615575277,treatment_b,P01140,3.824,2.7,4.9,26,F,Other,2019-04-07,912470,0,upd1_extended_row_1140
S1141,10.1177/0956797614520714,treatment_a,P01141,3.657,4.242,4.19,28,M,MA,2019-12-13,721637,1,upd1_extended_row_1141
S1142,10.1177/0956797614520714,treatment_a,P01142,4.0,3.385,4.28,46,F,Other,2019-12-12,2037649,0,upd1_extended_row_1142
S1143,10.1073/pnas.1209746109,treatment_b,P01143,5.254,3.689,5.48,18,NB,HS,2019-01-27,1205689,0,upd1_extended_row_1143
S1144,10.1073/pnas.1209746109,treatment_b,P01144,4.44,2.118,4.69,58,M,PhD,2019-01-27,1802902,0,upd1_extended_row_1144
S1145,10.1037/pspa0000226,treatment_b,P01145,4.508,4.032,5.22,63,F,BA,2019-12-05,540633,0,upd1_extended_row_1145
S1146,10.1177/0956797615575277,control,P01146,6.249,3.926,4.1,48,M,Other,2019-02-11,1653032,0,upd1_extended_row_1146
S1147,10.1073/pnas.1209746109,treatment_b,P01147,5.599,4.408,4.8,49,F,BA,2019-10-18,485207,0,upd1_extended_row_1147
S1148,10.1177/0956797615575277,treatment_b,P01148,0.445,3.346,4.79,25,M,BA,2019-03-27,1195408,0,upd1_extended_row_1148
S1149,10.1177/0956797614520714,control,P01149,6.328,3.176,6.07,38,NB,HS,2019-04-22,1064342,0,upd1_extended_row_1149
S1150,10.1177/0956797615575277,control,P01150,3.45,4.701,4.93,42,F,HS,2019-12-27,859916,0,upd1_extended_row_1150
S1151,10.1177/0956797614520714,treatment_b,P01151,2.7,3.73,5.41,21,M,PhD,2019-06-18,2127332,0,upd1_extended_row_1151
S1152,10.1177/0956797614520714,treatment_b,P01152,4.086,5.451,5.08,46,M,BA,2019-08-22,1387916,0,upd1_extended_row_1152
S1153,10.1177/0956797615575277,treatment_a,P01153,5.637,3.389,3.89,18,F,PhD,2019-02-14,2140631,0,upd1_extended_row_1153
S1154,10.1177/0956797615575277,treatment_b,P01154,5.567,4.292,4.7,48,F,PhD,2019-11-19,611353,0,upd1_extended_row_1154
S1155,10.1037/pspa0000226,treatment_a,P01155,2.605,4.373,4.93,22,F,BA,2019-08-12,1025796,0,upd1_extended_row_1155
S1156,10.1037/pspa0000226,treatment_a,P01156,4.506,4.49,5.24,52,M,Other,2019-05-26,1804921,0,upd1_extended_row_1156
S1157,10.1177/0956797615575277,treatment_b,P01157,4.582,3.391,4.27,65,M,MA,2019-10-07,976570,0,upd1_extended_row_1157
S1158,10.1073/pnas.1209746109,treatment_b,P01158,9.057,1.776,5.92,31,F,MA,2019-11-18,231052,0,upd1_extended_row_1158
S1159,10.1037/pspa0000226,treatment_b,P01159,3.961,4.779,4.94,65,F,BA,2019-10-04,308583,0,upd1_extended_row_1159
S1160,10.1073/pnas.1209746109,treatment_b,P01160,4.91,2.539,4.46,27,M,PhD,2019-09-22,972307,0,upd1_extended_row_1160
S1161,10.1177/0956797615575277,treatment_a,P01161,4.995,3.921,4.89,28,F,Other,2019-01-22,2318253,0,upd1_extended_row_1161
S1162,10.1037/pspa0000226,treatment_a,P01162,5.049,4.511,4.71,48,F,Other,2019-03-25,1272897,0,upd1_extended_row_1162
S1163,10.1177/0956797614520714,treatment_b,P01163,4.652,4.221,4.87,29,F,PhD,2019-06-10,1820887,1,upd1_extended_row_1163
S1164,10.1177/0956797614520714,treatment_a,P01164,6.371,4.824,3.87,57,M,HS,2019-02-11,1387770,0,upd1_extended_row_1164
S1165,10.1073/pnas.1209746109,control,P01165,4.514,3.867,6.33,56,F,HS,2019-11-22,1061060,1,upd1_extended_row_1165
S1166,10.1177/0956797615575277,control,P01166,3.366,4.232,5.44,26,F,MA,2019-07-20,592347,0,upd1_extended_row_1166
S1167,10.1177/0956797615575277,treatment_b,P01167,4.91,3.081,6.13,48,M,MA,2019-10-11,522265,0,upd1_extended_row_1167
S1168,10.1073/pnas.1209746109,treatment_b,P01168,5.512,3.978,5.91,43,M,PhD,2019-11-21,205386,0,upd1_extended_row_1168
S1169,10.1073/pnas.1209746109,control,P01169,2.937,3.007,3.72,39,M,PhD,2019-01-13,1492658,0,upd1_extended_row_1169
S1170,10.1073/pnas.1209746109,treatment_a,P01170,5.711,4.381,5.67,32,M,HS,2019-09-06,1456154,0,upd1_extended_row_1170
S1171,10.1073/pnas.1209746109,control,P01171,4.43,4.786,4.44,31,M,BA,2019-08-15,568215,0,upd1_extended_row_1171
S1172,10.1177/0956797615575277,treatment_a,P01172,4.771,2.608,5.56,49,M,HS,2019-08-12,864870,0,upd1_extended_row_1172
S1173,10.1177/0956797614520714,treatment_b,P01173,3.155,4.362,4.63,51,F,MA,2019-10-15,1730401,0,upd1_extended_row_1173
S1174,10.1177/0956797614520714,control,P01174,5.967,5.279,5.02,28,M,BA,2019-02-03,288446,0,upd1_extended_row_1174
S1175,10.1037/pspa0000226,treatment_b,P01175,4.597,3.562,5.43,53,F,BA,2019-12-19,970901,0,upd1_extended_row_1175
S1176,10.1037/pspa0000226,treatment_b,P01176,4.286,2.118,4.7,37,NB,BA,2019-06-11,2364914,0,upd1_extended_row_1176
S1177,10.1177/0956797615575277,treatment_b,P01177,2.466,4.674,5.57,38,M,PhD,2019-08-12,753883,0,upd1_extended_row_1177
S1178,10.1177/0956797615575277,control,P01178,4.428,4.727,5.2,46,F,HS,2019-04-06,1071560,0,upd1_extended_row_1178
S1179,10.1177/0956797615575277,treatment_a,P01179,4.207,2.357,4.72,28,M,HS,2019-02-26,2133236,0,upd1_extended_row_1179
S1180,10.1073/pnas.1209746109,treatment_b,P01180,2.233,2.427,4.38,38,NB,HS,2019-11-13,2274497,0,upd1_extended_row_1180
S1181,10.1073/pnas.1209746109,treatment_a,P01181,4.505,1.966,5.76,23,F,BA,2019-09-28,2058931,0,upd1_extended_row_1181
S1182,10.1037/pspa0000226,control,P01182,3.377,4.002,6.93,25,M,PhD,2019-06-03,533568,0,upd1_extended_row_1182
S1183,10.1073/pnas.1209746109,treatment_a,P01183,3.66,2.759,3.75,61,F,Other,2019-11-02,1890928,0,upd1_extended_row_1183
S1184,10.1037/pspa0000226,treatment_a,P01184,2.868,4.189,5.68,37,NB,MA,2019-09-02,735669,1,upd1_extended_row_1184
S1185,10.1073/pnas.1209746109,treatment_b,P01185,3.733,3.573,6.75,21,F,MA,2019-10-13,1735650,0,upd1_extended_row_1185
S1186,10.1073/pnas.1209746109,control,P01186,4.856,2.797,5.25,28,M,MA,2019-02-23,233327,0,upd1_extended_row_1186
S1187,10.1177/0956797614520714,control,P01187,6.019,2.858,4.72,49,NB,BA,2019-03-25,990816,0,upd1_extended_row_1187
S1188,10.1037/pspa0000226,control,P01188,2.792,2.253,5.0,29,F,PhD,2019-08-06,1625414,0,upd1_extended_row_1188
S1189,10.1177/0956797615575277,treatment_b,P01189,5.166,5.164,4.44,57,F,BA,2019-08-14,968827,0,upd1_extended_row_1189
S1190,10.1037/pspa0000226,treatment_a,P01190,3.474,6.1,4.96,36,M,PhD,2019-10-21,1663653,0,upd1_extended_row_1190
S1191,10.1177/0956797615575277,treatment_b,P01191,5.188,3.702,5.34,20,M,BA,2019-12-17,1958601,0,upd1_extended_row_1191
S1192,10.1177/0956797615575277,treatment_a,P01192,3.454,5.33,4.49,36,F,Other,2019-04-24,2116504,0,upd1_extended_row_1192
S1193,10.1073/pnas.1209746109,control,P01193,2.694,3.748,3.8,50,F,MA,2019-11-27,2244868,0,upd1_extended_row_1193
S1194,10.1177/0956797614520714,treatment_b,P01194,5.916,4.866,5.09,54,M,Other,2019-11-25,1650163,0,upd1_extended_row_1194
S1195,10.1037/pspa0000226,treatment_a,P01195,5.27,3.685,5.04,63,F,HS,2019-04-13,307752,0,upd1_extended_row_1195
S1196,10.1177/0956797614520714,treatment_a,P01196,6.014,2.534,5.76,56,F,MA,2019-08-20,1338468,0,upd1_extended_row_1196
S1197,10.1177/0956797615575277,treatment_a,P01197,3.865,3.576,5.16,31,M,BA,2019-01-01,2025109,0,upd1_extended_row_1197
S1198,10.1037/pspa0000226,treatment_a,P01198,4.171,4.569,5.82,27,F,PhD,2019-07-04,512627,0,upd1_extended_row_1198
S1199,10.1073/pnas.1209746109,treatment_b,P01199,5.78,2.228,6.27,37,F,BA,2019-04-25,1231016,0,upd1_extended_row_1199
S1200,10.1037/pspa0000226,treatment_b,P01200,4.677,3.738,7.19,41,F,BA,2019-08-09,487961,0,upd1_extended_row_1200
S1201,10.1177/0956797615575277,treatment_b,P01201,2.711,3.558,5.25,32,NB,BA,2019-04-09,1526336,0,upd1_extended_row_1201
S1202,10.1073/pnas.1209746109,control,P01202,3.828,4.382,4.61,41,F,MA,2019-04-25,947417,0,upd1_extended_row_1202
S1203,10.1073/pnas.1209746109,treatment_a,P01203,3.215,2.577,3.41,45,F,HS,2019-06-08,2217042,0,upd1_extended_row_1203
S1204,10.1037/pspa0000226,control,P01204,4.261,4.001,5.18,37,F,HS,2019-06-25,749854,0,upd1_extended_row_1204
S1205,10.1073/pnas.1209746109,treatment_b,P01205,2.72,3.828,5.98,24,F,MA,2019-10-13,217135,0,upd1_extended_row_1205
S1206,10.1073/pnas.1209746109,treatment_b,P01206,3.294,4.086,7.46,65,F,BA,2019-08-11,911566,0,upd1_extended_row_1206
S1207,10.1177/0956797614520714,control,P01207,1.642,3.665,3.78,48,F,HS,2019-04-24,1082557,1,upd1_extended_row_1207
S1208,10.1073/pnas.1209746109,treatment_a,P01208,2.273,2.651,3.97,48,M,HS,2019-03-28,933784,0,upd1_extended_row_1208
S1209,10.1037/pspa0000226,treatment_a,P01209,6.592,6.028,5.23,33,M,MA,2019-03-10,640128,0,upd1_extended_row_1209
S1210,10.1037/pspa0000226,treatment_a,P01210,2.549,2.926,4.08,20,NB,PhD,2019-09-02,1801211,0,upd1_extended_row_1210
S1211,10.1177/0956797614520714,control,P01211,3.578,2.441,5.75,37,F,PhD,2019-08-06,2365338,1,upd1_extended_row_1211
S1212,10.1177/0956797614520714,control,P01212,4.617,4.646,5.17,27,F,BA,2019-04-27,1221812,0,upd1_extended_row_1212
S1213,10.1037/pspa0000226,treatment_b,P01213,2.685,4.079,5.61,43,F,HS,2019-02-23,1741735,0,upd1_extended_row_1213
S1214,10.1177/0956797614520714,treatment_b,P01214,3.893,2.674,5.41,63,M,HS,2019-03-03,1146110,0,upd1_extended_row_1214
S1215,10.1037/pspa0000226,treatment_b,P01215,6.059,4.557,3.8,39,F,PhD,2019-05-23,689551,0,upd1_extended_row_1215
S1216,10.1177/0956797615575277,treatment_b,P01216,4.102,2.771,4.24,29,M,BA,2019-11-14,2072310,0,upd1_extended_row_1216
S1217,10.1073/pnas.1209746109,control,P01217,4.156,5.502,7.12,61,F,Other,2019-07-05,2073667,0,upd1_extended_row_1217
S1218,10.1177/0956797614520714,treatment_a,P01218,4.182,3.989,6.29,42,NB,BA,2019-11-04,885562,0,upd1_extended_row_1218
S1219,10.1037/pspa0000226,control,P01219,2.382,4.092,4.62,60,F,MA,2019-02-05,1459069,0,upd1_extended_row_1219
S1220,10.1073/pnas.1209746109,control,P01220,3.836,4.881,5.76,58,M,Other,2019-09-25,1485975,0,upd1_extended_row_1220
S1221,10.1037/pspa0000226,control,P01221,4.522,3.465,3.36,34,F,HS,2019-08-21,377045,0,upd1_extended_row_1221
S1222,10.1073/pnas.1209746109,treatment_a,P01222,4.016,3.455,4.81,48,NB,MA,2019-08-07,1803294,0,upd1_extended_row_1222
S1223,10.1037/pspa0000226,treatment_b,P01223,4.473,2.847,6.07,55,F,HS,2019-12-12,624347,0,upd1_extended_row_1223
S1224,10.1177/0956797615575277,control,P01224,6.79,3.179,4.53,38,F,BA,2019-10-04,2171279,0,upd1_extended_row_1224
S1225,10.1177/0956797615575277,treatment_a,P01225,4.704,2.962,6.08,41,M,Other,2019-02-13,789336,0,upd1_extended_row_1225
S1226,10.1177/0956797614520714,treatment_a,P01226,2.278,4.178,4.66,48,NB,BA,2019-06-26,464495,0,upd1_extended_row_1226
S1227,10.1177/0956797614520714,control,P01227,2.555,2.705,4.56,23,M,HS,2019-08-07,484157,0,upd1_extended_row_1227
S1228,10.1177/0956797614520714,control,P01228,2.815,3.096,3.3,56,M,BA,2019-12-28,512327,0,upd1_extended_row_1228
S1229,10.1177/0956797614520714,control,P01229,4.603,2.356,6.02,27,NB,HS,2019-03-04,1771752,0,upd1_extended_row_1229
S1230,10.1073/pnas.1209746109,treatment_b,P01230,7.216,2.77,5.71,52,M,HS,2019-03-01,2109013,0,upd1_extended_row_1230
S1231,10.1073/pnas.1209746109,treatment_b,P01231,5.629,3.868,4.86,35,F,PhD,2019-12-28,1123199,0,upd1_extended_row_1231
S1232,10.1177/0956797615575277,treatment_b,P01232,4.584,2.931,4.34,57,M,PhD,2019-12-19,1423344,0,upd1_extended_row_1232
S1233,10.1177/0956797615575277,treatment_a,P01233,4.184,4.086,5.54,41,F,Other,2019-07-11,225216,0,upd1_extended_row_1233
S1234,10.1177/0956797615575277,control,P01234,2.223,4.521,6.1,21,M,MA,2019-11-20,1826835,0,upd1_extended_row_1234
S1235,10.1073/pnas.1209746109,treatment_a,P01235,4.256,3.234,4.03,23,F,HS,2019-06-19,539078,0,upd1_extended_row_1235
S1236,10.1177/0956797615575277,treatment_b,P01236,5.5,4.029,4.74,55,M,HS,2019-06-08,1246860,0,upd1_extended_row_1236
S1237,10.1073/pnas.1209746109,control,P01237,5.223,2.555,5.09,32,M,PhD,2019-03-24,2379704,0,upd1_extended_row_1237
S1238,10.1037/pspa0000226,treatment_b,P01238,5.709,3.72,4.43,34,F,PhD,2019-04-08,518657,0,upd1_extended_row_1238
S1239,10.1177/0956797615575277,treatment_a,P01239,6.0,5.145,3.77,32,M,PhD,2019-10-21,735865,0,upd1_extended_row_1239
S1240,10.1073/pnas.1209746109,treatment_b,P01240,3.554,3.139,4.57,22,NB,BA,2019-07-05,1888729,0,upd1_extended_row_1240
S1241,10.1073/pnas.1209746109,treatment_a,P01241,4.079,3.298,4.89,63,NB,BA,2019-04-12,2202746,0,upd1_extended_row_1241
S1242,10.1177/0956797614520714,treatment_b,P01242,7.135,5.055,5.09,55,NB,Other,2019-03-02,1749988,0,upd1_extended_row_1242
S1243,10.1177/0956797615575277,treatment_b,P01243,3.536,5.213,5.44,44,M,BA,2019-03-26,1332439,1,upd1_extended_row_1243
S1244,10.1073/pnas.1209746109,control,P01244,3.832,3.156,3.57,32,F,Other,2019-09-14,1559148,0,upd1_extended_row_1244
S1245,10.1037/pspa0000226,treatment_b,P01245,6.289,5.033,5.71,57,F,HS,2019-10-25,1577059,0,upd1_extended_row_1245
S1246,10.1177/0956797615575277,treatment_b,P01246,3.451,4.674,3.98,54,F,HS,2019-03-04,922814,0,upd1_extended_row_1246
S1247,10.1073/pnas.1209746109,control,P01247,5.894,3.171,5.0,56,M,PhD,2019-09-13,1020955,0,upd1_extended_row_1247
S1248,10.1177/0956797614520714,treatment_b,P01248,5.078,3.131,3.62,54,M,MA,2019-11-12,1774144,0,upd1_extended_row_1248
S1249,10.1177/0956797615575277,treatment_b,P01249,3.884,4.381,5.04,36,M,BA,2019-10-02,918366,0,upd1_extended_row_1249
S1250,10.1073/pnas.1209746109,treatment_a,P01250,3.822,2.171,4.76,52,F,MA,2019-05-15,556559,0,upd1_extended_row_1250
S1251,10.1177/0956797615575277,treatment_b,P01251,4.575,3.664,5.29,60,F,HS,2019-09-25,1840517,0,upd1_extended_row_1251
S1252,10.1037/pspa0000226,control,P01252,4.177,4.657,6.12,48,F,MA,2019-03-20,502233,0,upd1_extended_row_1252
S1253,10.1073/pnas.1209746109,control,P01253,4.981,3.892,5.09,20,F,BA,2019-05-28,1820979,0,upd1_extended_row_1253
S1254,10.1037/pspa0000226,treatment_b,P01254,4.54,4.126,4.65,35,M,Other,2019-04-28,775129,1,upd1_extended_row_1254
S1255,10.1073/pnas.1209746109,treatment_a,P01255,3.454,2.74,4.32,18,F,BA,2019-09-08,837819,0,upd1_extended_row_1255
S1256,10.1177/0956797614520714,control,P01256,4.936,2.697,4.39,44,F,MA,2019-03-02,1423392,0,upd1_extended_row_1256
S1257,10.1037/pspa0000226,treatment_a,P01257,2.042,2.462,7.02,43,F,Other,2019-10-17,1397680,0,upd1_extended_row_1257
S1258,10.1177/0956797615575277,treatment_b,P01258,4.511,6.044,5.37,21,F,BA,2019-05-09,1860066,0,upd1_extended_row_1258
S1259,10.1177/0956797615575277,treatment_b,P01259,4.766,4.468,4.36,58,F,HS,2019-07-05,1368244,0,upd1_extended_row_1259
S1260,10.1177/0956797615575277,treatment_a,P01260,4.823,6.285,5.11,26,F,Other,2019-08-05,2147911,0,upd1_extended_row_1260
S1261,10.1073/pnas.1209746109,control,P01261,6.897,5.13,5.37,45,M,BA,2019-01-04,577464,0,upd1_extended_row_1261
S1262,10.1037/pspa0000226,control,P01262,3.586,3.378,5.51,38,M,BA,2019-09-24,1017422,0,upd1_extended_row_1262
S1263,10.1177/0956797614520714,treatment_b,P01263,3.066,2.659,5.51,18,M,BA,2019-03-17,1402567,0,upd1_extended_row_1263
S1264,10.1037/pspa0000226,treatment_a,P01264,4.864,3.383,6.74,22,NB,PhD,2019-01-28,833548,0,upd1_extended_row_1264
S1265,10.1177/0956797614520714,treatment_b,P01265,6.217,3.121,5.32,60,F,HS,2019-06-05,1813384,1,upd1_extended_row_1265
S1266,10.1073/pnas.1209746109,treatment_a,P01266,5.583,4.227,5.55,49,F,PhD,2019-06-07,1408911,0,upd1_extended_row_1266
S1267,10.1177/0956797614520714,treatment_a,P01267,5.526,3.123,4.91,52,M,Other,2019-02-28,1895450,0,upd1_extended_row_1267
S1268,10.1177/0956797614520714,treatment_a,P01268,4.7,3.687,5.35,63,NB,Other,2019-09-23,1477013,0,upd1_extended_row_1268
S1269,10.1073/pnas.1209746109,control,P01269,4.856,3.322,4.45,61,F,Other,2019-11-06,1130788,0,upd1_extended_row_1269
S1270,10.1177/0956797614520714,control,P01270,3.378,3.995,5.07,61,M,Other,2019-12-07,783514,0,upd1_extended_row_1270
S1271,10.1073/pnas.1209746109,treatment_a,P01271,4.346,3.484,5.55,27,NB,HS,2019-08-05,1467750,0,upd1_extended_row_1271
S1272,10.1037/pspa0000226,treatment_a,P01272,5.736,3.534,4.63,40,F,BA,2019-11-21,1057101,0,upd1_extended_row_1272
S1273,10.1177/0956797614520714,treatment_b,P01273,3.859,4.301,5.98,65,M,MA,2019-05-23,671675,1,upd1_extended_row_1273
S1274,10.1037/pspa0000226,control,P01274,3.289,2.456,3.4,33,F,HS,2019-09-09,2304674,0,upd1_extended_row_1274
S1275,10.1073/pnas.1209746109,treatment_a,P01275,5.632,4.004,5.38,50,M,MA,2019-01-02,513415,0,upd1_extended_row_1275
S1276,10.1073/pnas.1209746109,treatment_b,P01276,3.148,3.487,5.21,63,NB,MA,2019-08-02,1038081,0,upd1_extended_row_1276
S1277,10.1177/0956797615575277,control,P01277,4.677,2.551,5.85,61,F,PhD,2019-05-11,1017963,1,upd1_extended_row_1277
S1278,10.1177/0956797615575277,control,P01278,4.255,3.572,5.5,56,F,PhD,2019-03-19,794877,0,upd1_extended_row_1278
S1279,10.1177/0956797615575277,treatment_a,P01279,3.756,3.791,4.96,51,F,MA,2019-04-27,414836,0,upd1_extended_row_1279
S1280,10.1177/0956797615575277,treatment_a,P01280,3.088,3.527,6.12,63,M,BA,2019-01-13,1611869,0,upd1_extended_row_1280
S1281,10.1037/pspa0000226,treatment_b,P01281,5.385,5.051,4.94,41,NB,MA,2019-10-03,1981112,0,upd1_extended_row_1281
S1282,10.1177/0956797614520714,control,P01282,6.03,4.486,6.45,25,M,PhD,2019-07-06,1298429,0,upd1_extended_row_1282
S1283,10.1177/0956797615575277,control,P01283,5.338,4.047,5.49,39,M,BA,2019-10-02,1575824,0,upd1_extended_row_1283
S1284,10.1177/0956797614520714,treatment_a,P01284,4.237,4.56,5.48,64,M,BA,2019-01-20,509455,0,upd1_extended_row_1284
S1285,10.1073/pnas.1209746109,control,P01285,3.889,2.376,3.21,18,NB,BA,2019-06-21,1590401,0,upd1_extended_row_1285
S1286,10.1073/pnas.1209746109,treatment_a,P01286,4.929,4.268,5.5,29,F,BA,2019-11-03,902865,0,upd1_extended_row_1286
S1287,10.1073/pnas.1209746109,treatment_a,P01287,4.47,5.05,3.97,24,M,PhD,2019-03-26,1287763,1,upd1_extended_row_1287
S1288,10.1177/0956797615575277,treatment_a,P01288,4.275,4.232,4.59,53,NB,PhD,2019-01-11,1586395,0,upd1_extended_row_1288
S1289,10.1037/pspa0000226,treatment_b,P01289,3.708,4.191,5.44,57,NB,Other,2019-02-12,1882038,0,upd1_extended_row_1289
S1290,10.1037/pspa0000226,treatment_a,P01290,5.509,2.446,6.2,40,F,Other,2019-11-14,1756651,1,upd1_extended_row_1290
S1291,10.1073/pnas.1209746109,treatment_b,P01291,4.296,3.058,4.0,32,NB,MA,2019-09-12,705137,0,upd1_extended_row_1291
S1292,10.1177/0956797615575277,treatment_a,P01292,2.717,2.859,4.88,31,M,BA,2019-03-03,2232165,1,upd1_extended_row_1292
S1293,10.1177/0956797615575277,treatment_a,P01293,6.388,2.495,6.44,24,M,Other,2019-08-16,2122681,0,upd1_extended_row_1293
S1294,10.1177/0956797614520714,treatment_a,P01294,5.078,4.569,5.38,25,F,Other,2019-07-26,1990734,0,upd1_extended_row_1294
S1295,10.1073/pnas.1209746109,control,P01295,3.98,4.522,6.15,43,M,Other,2019-05-16,1022504,0,upd1_extended_row_1295
S1296,10.1073/pnas.1209746109,treatment_b,P01296,5.814,3.114,5.85,43,F,MA,2019-06-13,1295923,0,upd1_extended_row_1296
S1297,10.1073/pnas.1209746109,treatment_b,P01297,7.047,2.437,5.37,55,F,Other,2019-11-25,1220787,0,upd1_extended_row_1297
S1298,10.1177/0956797614520714,control,P01298,3.354,3.952,4.77,31,M,Other,2019-02-05,1226911,0,upd1_extended_row_1298
S1299,10.1037/pspa0000226,treatment_b,P01299,4.509,2.089,6.32,47,F,Other,2019-04-08,1627259,0,upd1_extended_row_1299
S1300,10.1073/pnas.1209746109,treatment_b,P01300,4.47,4.56,4.49,47,M,BA,2019-07-24,1927821,0,upd1_extended_row_1300
S1301,10.1177/0956797615575277,control,P01301,7.894,2.546,5.43,32,NB,Other,2019-11-11,2190862,0,upd1_extended_row_1301
S1302,10.1177/0956797615575277,treatment_a,P01302,3.597,4.128,5.29,54,M,PhD,2019-08-03,1567010,0,upd1_extended_row_1302
S1303,10.1037/pspa0000226,treatment_a,P01303,6.428,1.837,5.12,44,M,BA,2019-06-25,469900,0,upd1_extended_row_1303
S1304,10.1177/0956797614520714,treatment_b,P01304,4.855,4.972,3.94,59,F,HS,2019-01-02,892585,0,upd1_extended_row_1304
S1305,10.1177/0956797615575277,control,P01305,2.885,4.528,5.15,58,F,PhD,2019-06-09,738605,0,upd1_extended_row_1305
S1306,10.1177/0956797615575277,treatment_a,P01306,6.338,4.273,4.7,36,F,MA,2019-10-23,699308,1,upd1_extended_row_1306
S1307,10.1037/pspa0000226,treatment_a,P01307,6.181,4.367,6.37,30,M,Other,2019-11-05,613088,0,upd1_extended_row_1307
S1308,10.1177/0956797614520714,treatment_a,P01308,3.933,4.528,4.69,21,NB,BA,2019-03-28,1963351,0,upd1_extended_row_1308
S1309,10.1177/0956797615575277,treatment_b,P01309,6.966,2.988,5.04,63,F,PhD,2019-06-20,246060,0,upd1_extended_row_1309
S1310,10.1177/0956797615575277,treatment_a,P01310,4.157,3.996,5.69,27,F,Other,2019-03-15,2002881,0,upd1_extended_row_1310
S1311,10.1037/pspa0000226,treatment_b,P01311,2.619,3.593,5.59,54,F,HS,2019-01-09,887653,0,upd1_extended_row_1311
S1312,10.1073/pnas.1209746109,treatment_b,P01312,4.607,4.765,4.4,60,F,MA,2019-10-21,1822991,0,upd1_extended_row_1312
S1313,10.1177/0956797615575277,treatment_b,P01313,3.164,3.818,5.69,51,F,MA,2019-04-13,2163490,0,upd1_extended_row_1313
S1314,10.1177/0956797615575277,treatment_a,P01314,3.457,5.238,4.93,28,M,HS,2019-02-12,1724783,0,upd1_extended_row_1314
S1315,10.1177/0956797615575277,treatment_b,P01315,5.108,4.903,6.67,34,M,HS,2019-03-19,1240446,0,upd1_extended_row_1315
S1316,10.1177/0956797615575277,treatment_b,P01316,3.592,3.992,5.45,53,F,HS,2019-07-14,1928326,0,upd1_extended_row_1316
S1317,10.1177/0956797614520714,control,P01317,4.256,3.185,4.58,18,M,PhD,2019-05-03,2336886,0,upd1_extended_row_1317
S1318,10.1073/pnas.1209746109,treatment_a,P01318,4.913,4.026,5.28,29,M,MA,2019-09-10,846040,0,upd1_extended_row_1318
S1319,10.1177/0956797615575277,treatment_a,P01319,6.068,3.412,4.85,45,M,PhD,2019-04-02,1191002,0,upd1_extended_row_1319
S1320,10.1177/0956797614520714,treatment_b,P01320,2.636,4.472,6.01,25,NB,PhD,2019-06-17,195639,0,upd1_extended_row_1320
S1321,10.1177/0956797614520714,treatment_a,P01321,3.095,4.31,4.68,33,M,Other,2019-10-04,2280412,0,upd1_extended_row_1321
S1322,10.1073/pnas.1209746109,treatment_b,P01322,4.116,3.661,4.01,44,NB,HS,2019-06-28,230046,0,upd1_extended_row_1322
S1323,10.1177/0956797614520714,control,P01323,5.256,3.496,4.57,40,M,Other,2019-10-04,854533,0,upd1_extended_row_1323
S1324,10.1177/0956797614520714,treatment_b,P01324,4.347,3.449,4.64,20,M,BA,2019-02-12,1612716,0,upd1_extended_row_1324
S1325,10.1037/pspa0000226,treatment_b,P01325,2.074,3.221,4.15,56,F,Other,2019-05-25,966810,1,upd1_extended_row_1325
S1326,10.1073/pnas.1209746109,control,P01326,3.118,3.133,3.42,49,M,HS,2019-11-14,553778,0,upd1_extended_row_1326
S1327,10.1177/0956797615575277,treatment_b,P01327,3.802,3.723,4.9,42,F,Other,2019-02-27,831467,0,upd1_extended_row_1327
S1328,10.1177/0956797615575277,treatment_b,P01328,5.031,4.46,4.85,30,F,PhD,2019-02-25,1773868,0,upd1_extended_row_1328
S1329,10.1037/pspa0000226,treatment_b,P01329,4.235,3.595,5.27,33,M,BA,2019-02-05,2240774,0,upd1_extended_row_1329
S1330,10.1177/0956797615575277,control,P01330,5.251,3.622,4.69,22,M,HS,2019-10-23,1786074,0,upd1_extended_row_1330
S1331,10.1177/0956797614520714,treatment_b,P01331,2.746,3.082,6.48,35,NB,MA,2019-01-18,1854907,0,upd1_extended_row_1331
S1332,10.1037/pspa0000226,treatment_a,P01332,2.987,3.186,6.4,46,F,HS,2019-01-27,324195,0,upd1_extended_row_1332
S1333,10.1177/0956797614520714,control,P01333,2.624,4.656,4.73,23,NB,BA,2019-05-14,438237,0,upd1_extended_row_1333
S1334,10.1177/0956797615575277,control,P01334,4.334,3.956,6.53,22,NB,BA,2019-05-12,1497859,0,upd1_extended_row_1334
S1335,10.1177/0956797615575277,control,P01335,4.092,3.912,6.51,31,M,HS,2019-07-06,684179,0,upd1_extended_row_1335
S1336,10.1037/pspa0000226,treatment_a,P01336,4.658,3.93,4.77,33,NB,MA,2019-12-10,419316,0,upd1_extended_row_1336
S1337,10.1037/pspa0000226,treatment_b,P01337,2.754,3.697,4.57,44,M,HS,2019-09-05,1492823,0,upd1_extended_row_1337
S1338,10.1177/0956797615575277,control,P01338,6.139,3.52,5.95,44,M,BA,2019-04-08,345997,0,upd1_extended_row_1338
S1339,10.1177/0956797615575277,control,P01339,5.762,4.668,3.83,65,F,HS,2019-11-28,1413740,0,upd1_extended_row_1339
S1340,10.1177/0956797615575277,control,P01340,4.971,4.364,5.32,27,M,HS,2019-06-03,2083149,0,upd1_extended_row_1340
S1341,10.1177/0956797615575277,control,P01341,2.683,3.151,4.24,54,M,BA,2019-10-23,598358,0,upd1_extended_row_1341
S1342,10.1177/0956797615575277,control,P01342,5.668,4.353,4.9,49,NB,PhD,2019-11-28,709313,0,upd1_extended_row_1342
S1343,10.1177/0956797615575277,control,P01343,5.265,2.895,4.22,19,M,PhD,2019-01-11,1243792,0,upd1_extended_row_1343
S1344,10.1177/0956797615575277,treatment_b,P01344,4.024,2.656,4.6,61,M,PhD,2019-01-07,2016966,0,upd1_extended_row_1344
S1345,10.1037/pspa0000226,control,P01345,3.883,3.681,5.48,49,NB,BA,2019-04-04,870770,1,upd1_extended_row_1345
S1346,10.1037/pspa0000226,treatment_a,P01346,5.534,3.499,6.43,53,NB,HS,2019-02-15,1292807,0,upd1_extended_row_1346
S1347,10.1177/0956797615575277,treatment_b,P01347,4.264,1.822,4.72,53,F,HS,2019-09-24,1797837,0,upd1_extended_row_1347
S1348,10.1177/0956797614520714,control,P01348,5.948,3.198,4.94,51,M,MA,2019-09-20,2021246,0,upd1_extended_row_1348
S1349,10.1073/pnas.1209746109,treatment_b,P01349,3.998,3.257,4.18,51,M,HS,2019-02-15,476457,1,upd1_extended_row_1349
S1350,10.1037/pspa0000226,treatment_b,P01350,5.454,2.767,4.96,25,M,PhD,2019-11-18,1896386,0,upd1_extended_row_1350
S1351,10.1073/pnas.1209746109,treatment_b,P01351,6.224,5.239,5.85,31,M,PhD,2019-04-01,552554,0,upd1_extended_row_1351
S1352,10.1073/pnas.1209746109,control,P01352,3.903,3.172,5.47,37,F,PhD,2019-12-11,1534624,0,upd1_extended_row_1352
S1353,10.1073/pnas.1209746109,treatment_b,P01353,4.461,3.254,5.46,48,F,MA,2019-07-16,1987482,0,upd1_extended_row_1353
S1354,10.1177/0956797615575277,treatment_b,P01354,5.503,3.419,3.83,65,F,HS,2019-06-27,2395800,0,upd1_extended_row_1354
S1355,10.1037/pspa0000226,treatment_a,P01355,5.924,4.265,6.68,19,M,MA,2019-11-08,878054,0,upd1_extended_row_1355
S1356,10.1037/pspa0000226,control,P01356,5.576,5.511,4.16,23,F,Other,2019-03-15,1722404,0,upd1_extended_row_1356
S1357,10.1177/0956797614520714,treatment_b,P01357,5.223,2.665,3.83,24,F,PhD,2019-07-23,2157135,0,upd1_extended_row_1357
S1358,10.1177/0956797615575277,control,P01358,6.255,2.396,3.96,42,M,MA,2019-02-14,2274160,0,upd1_extended_row_1358
S1359,10.1037/pspa0000226,treatment_b,P01359,4.64,3.489,2.97,42,F,PhD,2019-10-12,1956994,0,upd1_extended_row_1359
S1360,10.1037/pspa0000226,control,P01360,5.366,3.778,4.58,41,M,Other,2019-09-27,420342,0,upd1_extended_row_1360
S1361,10.1177/0956797615575277,treatment_a,P01361,3.213,4.552,6.48,45,M,PhD,2019-10-21,1762118,0,upd1_extended_row_1361
S1362,10.1177/0956797614520714,treatment_a,P01362,2.771,4.01,5.26,24,M,PhD,2019-02-04,1224139,0,upd1_extended_row_1362
S1363,10.1073/pnas.1209746109,control,P01363,6.914,4.284,4.99,26,F,Other,2019-05-11,2079579,0,upd1_extended_row_1363
S1364,10.1177/0956797614520714,control,P01364,3.19,4.196,5.23,63,M,BA,2019-10-10,993444,0,upd1_extended_row_1364
S1365,10.1177/0956797615575277,control,P01365,3.014,3.117,6.08,60,NB,HS,2019-08-20,1931140,1,upd1_extended_row_1365
S1366,10.1073/pnas.1209746109,treatment_b,P01366,4.033,3.337,4.38,25,F,MA,2019-03-22,1373627,0,upd1_extended_row_1366
S1367,10.1073/pnas.1209746109,treatment_a,P01367,4.257,4.339,5.55,21,F,PhD,2019-04-04,562738,0,upd1_extended_row_1367
S1368,10.1037/pspa0000226,treatment_a,P01368,4.762,2.641,5.22,22,F,PhD,2019-09-23,2230050,0,upd1_extended_row_1368
S1369,10.1073/pnas.1209746109,treatment_b,P01369,5.013,4.085,4.12,22,F,BA,2019-01-01,871686,0,upd1_extended_row_1369
S1370,10.1037/pspa0000226,treatment_a,P01370,2.819,3.881,5.85,20,NB,Other,2019-05-16,514793,0,upd1_extended_row_1370
S1371,10.1177/0956797615575277,control,P01371,5.181,3.254,5.99,34,M,MA,2019-12-03,948761,0,upd1_extended_row_1371
S1372,10.1073/pnas.1209746109,treatment_a,P01372,5.495,3.906,3.73,35,M,PhD,2019-01-06,812814,0,upd1_extended_row_1372
S1373,10.1073/pnas.1209746109,treatment_a,P01373,4.123,2.662,4.28,40,M,Other,2019-03-27,299286,0,upd1_extended_row_1373
S1374,10.1037/pspa0000226,treatment_b,P01374,6.342,2.41,5.81,36,F,MA,2019-04-19,365430,0,upd1_extended_row_1374
S1375,10.1177/0956797614520714,treatment_b,P01375,5.456,4.572,4.15,65,F,PhD,2019-05-02,947324,1,upd1_extended_row_1375
S1376,10.1177/0956797614520714,treatment_b,P01376,4.157,4.336,5.28,57,F,Other,2019-10-08,1569882,0,upd1_extended_row_1376
S1377,10.1177/0956797614520714,treatment_b,P01377,4.355,3.234,5.04,63,M,Other,2019-03-18,2017865,0,upd1_extended_row_1377
S1378,10.1177/0956797615575277,treatment_b,P01378,3.133,5.294,4.03,38,NB,HS,2019-10-19,1602579,0,upd1_extended_row_1378
S1379,10.1073/pnas.1209746109,treatment_b,P01379,6.202,2.965,5.38,51,NB,BA,2019-08-07,1669884,0,upd1_extended_row_1379
S1380,10.1177/0956797615575277,control,P01380,3.859,4.156,5.68,25,NB,MA,2019-02-19,1111918,1,upd1_extended_row_1380
S1381,10.1073/pnas.1209746109,control,P01381,3.821,3.873,4.58,40,M,BA,2019-04-08,1221052,0,upd1_extended_row_1381
S1382,10.1177/0956797615575277,treatment_b,P01382,5.945,4.052,5.89,61,M,BA,2019-01-01,1055353,0,upd1_extended_row_1382
S1383,10.1073/pnas.1209746109,control,P01383,5.313,4.778,5.45,18,M,BA,2019-09-26,1756381,0,upd1_extended_row_1383
S1384,10.1073/pnas.1209746109,treatment_a,P01384,5.698,5.604,4.72,24,M,HS,2019-11-28,363812,0,upd1_extended_row_1384
S1385,10.1177/0956797614520714,control,P01385,6.972,4.305,6.16,53,NB,BA,2019-11-15,1557773,0,upd1_extended_row_1385
S1386,10.1177/0956797615575277,treatment_b,P01386,5.359,4.066,4.47,28,F,Other,2019-03-28,1087238,0,upd1_extended_row_1386
S1387,10.1037/pspa0000226,treatment_b,P01387,5.635,3.27,5.23,52,F,MA,2019-05-21,1359573,0,upd1_extended_row_1387
S1388,10.1073/pnas.1209746109,control,P01388,6.475,3.637,6.49,53,NB,MA,2019-01-28,1433719,0,upd1_extended_row_1388
S1389,10.1037/pspa0000226,treatment_a,P01389,6.294,2.479,5.54,41,NB,PhD,2019-07-03,1416570,0,upd1_extended_row_1389
S1390,10.1037/pspa0000226,treatment_a,P01390,6.434,2.003,5.79,44,NB,BA,2019-02-10,1959122,0,upd1_extended_row_1390
S1391,10.1177/0956797614520714,control,P01391,4.814,4.166,4.83,34,F,PhD,2019-07-15,1784455,0,upd1_extended_row_1391
S1392,10.1073/pnas.1209746109,control,P01392,5.74,3.727,3.42,25,F,HS,2019-05-21,1300694,0,upd1_extended_row_1392
S1393,10.1037/pspa0000226,control,P01393,5.363,4.574,4.45,55,M,BA,2019-07-12,2267753,0,upd1_extended_row_1393
S1394,10.1037/pspa0000226,treatment_a,P01394,3.767,1.78,5.34,18,F,MA,2019-08-20,842251,0,upd1_extended_row_1394
S1395,10.1037/pspa0000226,treatment_b,P01395,5.344,5.372,6.4,35,F,BA,2019-02-08,1905876,0,upd1_extended_row_1395
S1396,10.1073/pnas.1209746109,treatment_a,P01396,4.071,3.263,5.37,38,F,Other,2019-04-18,606113,0,upd1_extended_row_1396
S1397,10.1037/pspa0000226,control,P01397,4.269,3.168,4.55,50,F,MA,2019-05-21,195305,0,upd1_extended_row_1397
S1398,10.1073/pnas.1209746109,treatment_a,P01398,5.391,3.189,4.99,33,F,HS,2019-11-22,1863623,0,upd1_extended_row_1398
S1399,10.1177/0956797615575277,treatment_a,P01399,5.109,4.177,5.27,58,M,Other,2019-04-10,1887420,1,upd1_extended_row_1399
S1400,10.1037/pspa0000226,control,P01400,3.576,4.026,4.89,31,M,MA,2019-05-21,323905,0,upd1_extended_row_1400
S1401,10.1177/0956797614520714,treatment_b,P01401,3.855,2.765,4.55,46,M,MA,2019-10-01,1973562,0,upd1_extended_row_1401
S1402,10.1177/0956797614520714,control,P01402,4.897,3.628,4.96,41,NB,PhD,2019-06-25,1180011,1,upd1_extended_row_1402
S1403,10.1177/0956797615575277,control,P01403,3.74,3.684,4.33,64,F,MA,2019-04-15,1035077,0,upd1_extended_row_1403
S1404,10.1073/pnas.1209746109,control,P01404,3.958,5.849,6.7,40,NB,PhD,2019-03-24,1564208,0,upd1_extended_row_1404
S1405,10.1037/pspa0000226,treatment_b,P01405,5.835,3.096,4.76,49,F,BA,2019-02-16,2088711,0,upd1_extended_row_1405
S1406,10.1177/0956797614520714,treatment_a,P01406,2.342,1.426,3.63,61,F,BA,2019-11-02,1072063,0,upd1_extended_row_1406
S1407,10.1177/0956797615575277,treatment_a,P01407,5.626,3.531,3.91,40,F,Other,2019-01-19,445224,0,upd1_extended_row_1407
S1408,10.1177/0956797615575277,treatment_a,P01408,5.552,4.556,5.36,31,M,HS,2019-01-12,471534,0,upd1_extended_row_1408
S1409,10.1177/0956797615575277,treatment_a,P01409,5.594,4.472,4.86,43,NB,PhD,2019-12-10,1637650,0,upd1_extended_row_1409
S1410,10.1177/0956797614520714,treatment_b,P01410,3.82,3.485,5.94,39,F,HS,2019-03-11,1885553,0,upd1_extended_row_1410
S1411,10.1177/0956797615575277,treatment_b,P01411,3.659,5.782,6.78,58,F,BA,2019-04-24,1410212,0,upd1_extended_row_1411
S1412,10.1177/0956797615575277,treatment_b,P01412,3.923,3.216,5.13,38,M,PhD,2019-12-10,786783,0,upd1_extended_row_1412
S1413,10.1073/pnas.1209746109,control,P01413,3.512,4.52,5.04,35,F,PhD,2019-10-05,685895,0,upd1_extended_row_1413
S1414,10.1177/0956797614520714,control,P01414,4.183,2.236,5.08,18,F,HS,2019-10-17,2109659,0,upd1_extended_row_1414
S1415,10.1037/pspa0000226,treatment_b,P01415,6.796,2.284,4.28,53,M,HS,2019-05-05,1468993,0,upd1_extended_row_1415
S1416,10.1037/pspa0000226,treatment_a,P01416,5.517,2.871,6.26,47,M,MA,2019-10-09,1588965,0,upd1_extended_row_1416
S1417,10.1177/0956797614520714,treatment_b,P01417,4.377,4.446,5.05,46,F,PhD,2019-07-06,1774498,0,upd1_extended_row_1417
S1418,10.1177/0956797615575277,treatment_b,P01418,4.617,5.457,4.74,57,F,MA,2019-02-11,2047416,1,upd1_extended_row_1418
S1419,10.1073/pnas.1209746109,treatment_b,P01419,4.858,1.92,5.74,30,F,PhD,2019-02-12,1509845,1,upd1_extended_row_1419
S1420,10.1177/0956797614520714,treatment_a,P01420,2.207,3.873,6.22,18,F,MA,2019-04-04,1948504,0,upd1_extended_row_1420
S1421,10.1037/pspa0000226,treatment_a,P01421,4.952,2.995,5.08,47,NB,BA,2019-03-17,227002,0,upd1_extended_row_1421
S1422,10.1037/pspa0000226,treatment_b,P01422,5.307,4.377,4.93,26,NB,MA,2019-12-02,843217,0,upd1_extended_row_1422
S1423,10.1073/pnas.1209746109,treatment_b,P01423,4.624,2.492,5.17,54,F,MA,2019-08-16,1698260,0,upd1_extended_row_1423
S1424,10.1177/0956797614520714,treatment_b,P01424,2.892,3.038,4.46,25,M,Other,2019-03-25,282931,0,upd1_extended_row_1424
S1425,10.1177/0956797614520714,treatment_b,P01425,2.719,4.85,4.41,23,F,MA,2019-11-07,1834350,0,upd1_extended_row_1425
S1426,10.1037/pspa0000226,treatment_a,P01426,4.962,2.516,6.05,36,F,MA,2019-01-08,1654006,0,upd1_extended_row_1426
S1427,10.1177/0956797615575277,treatment_b,P01427,4.641,3.83,4.02,50,NB,Other,2019-10-17,1798459,0,upd1_extended_row_1427
S1428,10.1073/pnas.1209746109,control,P01428,3.766,6.186,4.4,27,NB,PhD,2019-11-02,246846,0,upd1_extended_row_1428
S1429,10.1073/pnas.1209746109,treatment_b,P01429,4.248,4.269,4.96,28,F,PhD,2019-03-03,2023788,0,upd1_extended_row_1429
S1430,10.1073/pnas.1209746109,treatment_b,P01430,4.483,4.168,5.17,28,M,PhD,2019-07-22,423656,0,upd1_extended_row_1430
S1431,10.1037/pspa0000226,control,P01431,3.558,3.257,4.12,33,NB,HS,2019-02-10,1211589,0,upd1_extended_row_1431
S1432,10.1073/pnas.1209746109,treatment_a,P01432,3.648,1.724,4.88,39,M,HS,2019-10-03,294625,0,upd1_extended_row_1432
S1433,10.1073/pnas.1209746109,control,P01433,2.934,4.417,5.52,57,NB,MA,2019-01-16,1429956,0,upd1_extended_row_1433
S1434,10.1177/0956797614520714,treatment_a,P01434,1.58,3.833,4.88,60,F,Other,2019-08-05,2039921,0,upd1_extended_row_1434
S1435,10.1073/pnas.1209746109,control,P01435,4.835,4.308,6.07,45,NB,Other,2019-01-09,1248027,0,upd1_extended_row_1435
S1436,10.1037/pspa0000226,control,P01436,4.747,3.677,5.37,38,M,PhD,2019-04-23,1038859,0,upd1_extended_row_1436
S1437,10.1177/0956797614520714,treatment_a,P01437,0.938,3.553,5.31,44,F,BA,2019-04-02,607478,0,upd1_extended_row_1437
S1438,10.1073/pnas.1209746109,control,P01438,3.724,3.449,4.22,31,NB,PhD,2019-09-07,740714,0,upd1_extended_row_1438
S1439,10.1177/0956797615575277,treatment_a,P01439,4.622,3.141,5.09,35,F,BA,2019-04-28,711254,0,upd1_extended_row_1439
S1440,10.1037/pspa0000226,treatment_a,P01440,4.804,4.746,5.15,45,F,MA,2019-10-15,1121379,0,upd1_extended_row_1440
S1441,10.1177/0956797615575277,control,P01441,6.158,1.139,5.12,28,M,PhD,2019-05-28,1187923,0,upd1_extended_row_1441
S1442,10.1177/0956797615575277,control,P01442,4.847,3.87,4.0,39,F,HS,2019-08-24,691042,0,upd1_extended_row_1442
S1443,10.1177/0956797614520714,treatment_a,P01443,6.256,3.564,6.5,21,F,HS,2019-01-12,791257,0,upd1_extended_row_1443
S1444,10.1177/0956797615575277,treatment_a,P01444,5.721,3.808,4.85,26,F,BA,2019-01-16,1386545,0,upd1_extended_row_1444
S1445,10.1177/0956797615575277,control,P01445,5.474,2.733,4.73,24,M,Other,2019-12-02,1221875,0,upd1_extended_row_1445
S1446,10.1177/0956797614520714,treatment_b,P01446,4.21,2.159,4.82,27,F,Other,2019-10-19,2328515,0,upd1_extended_row_1446
S1447,10.1073/pnas.1209746109,control,P01447,3.748,4.747,3.51,42,NB,PhD,2019-04-08,796401,0,upd1_extended_row_1447
S1448,10.1073/pnas.1209746109,treatment_b,P01448,2.373,3.43,4.48,59,NB,HS,2019-09-14,813810,0,upd1_extended_row_1448
S1449,10.1177/0956797615575277,treatment_b,P01449,3.795,4.904,5.12,65,F,HS,2019-03-20,637266,1,upd1_extended_row_1449
S1450,10.1037/pspa0000226,treatment_b,P01450,4.934,2.48,3.05,40,M,MA,2019-04-26,2316712,0,upd1_extended_row_1450
S1451,10.1037/pspa0000226,treatment_b,P01451,4.577,4.81,4.11,29,F,HS,2019-01-18,879086,0,upd1_extended_row_1451
S1452,10.1177/0956797614520714,control,P01452,1.665,4.684,5.31,61,M,MA,2019-03-25,1825081,0,upd1_extended_row_1452
S1453,10.1037/pspa0000226,treatment_a,P01453,4.936,4.152,3.33,36,F,MA,2019-04-27,1258638,0,upd1_extended_row_1453
S1454,10.1177/0956797615575277,treatment_a,P01454,6.549,2.349,4.84,46,F,Other,2019-07-15,508621,0,upd1_extended_row_1454
S1455,10.1177/0956797615575277,treatment_b,P01455,3.027,4.268,3.98,63,NB,HS,2019-06-06,1778525,1,upd1_extended_row_1455
S1456,10.1037/pspa0000226,treatment_b,P01456,2.798,3.911,4.55,55,NB,MA,2019-11-03,2217856,0,upd1_extended_row_1456
S1457,10.1177/0956797614520714,treatment_b,P01457,3.825,3.378,3.48,48,F,HS,2019-01-19,1890800,0,upd1_extended_row_1457
S1458,10.1073/pnas.1209746109,control,P01458,4.258,2.054,4.84,22,F,MA,2019-01-27,1325169,0,upd1_extended_row_1458
S1459,10.1037/pspa0000226,control,P01459,5.44,3.931,4.25,56,F,PhD,2019-03-05,738673,0,upd1_extended_row_1459
S1460,10.1037/pspa0000226,treatment_a,P01460,4.872,2.495,4.4,62,M,HS,2019-05-05,1175944,0,upd1_extended_row_1460
S1461,10.1073/pnas.1209746109,treatment_a,P01461,3.388,4.55,5.62,31,F,MA,2019-02-04,1202764,1,upd1_extended_row_1461
S1462,10.1177/0956797614520714,control,P01462,2.762,4.083,4.99,33,M,BA,2019-09-26,740334,0,upd1_extended_row_1462
S1463,10.1073/pnas.1209746109,treatment_a,P01463,5.252,3.2,6.06,42,F,BA,2019-08-28,562723,0,upd1_extended_row_1463
S1464,10.1073/pnas.1209746109,control,P01464,4.332,4.293,3.97,57,F,MA,2019-08-16,1145484,0,upd1_extended_row_1464
S1465,10.1177/0956797614520714,treatment_b,P01465,4.42,4.011,3.27,21,F,BA,2019-11-27,1436405,0,upd1_extended_row_1465
S1466,10.1073/pnas.1209746109,treatment_b,P01466,6.147,5.053,4.46,41,F,PhD,2019-11-07,2381903,0,upd1_extended_row_1466
S1467,10.1177/0956797615575277,treatment_b,P01467,5.305,3.213,5.11,35,F,BA,2019-09-14,2241513,0,upd1_extended_row_1467
S1468,10.1177/0956797614520714,treatment_a,P01468,3.572,3.68,6.08,37,M,Other,2019-08-13,1173894,0,upd1_extended_row_1468
S1469,10.1177/0956797615575277,treatment_a,P01469,5.264,3.498,4.71,26,M,MA,2019-09-04,2116379,0,upd1_extended_row_1469
S1470,10.1037/pspa0000226,treatment_a,P01470,4.994,3.127,4.56,28,F,BA,2019-09-16,414687,0,upd1_extended_row_1470
S1471,10.1073/pnas.1209746109,control,P01471,4.051,3.658,4.59,55,F,PhD,2019-08-02,2120608,0,upd1_extended_row_1471
S1472,10.1177/0956797615575277,treatment_a,P01472,4.657,2.415,5.55,41,M,Other,2019-11-13,1058619,0,upd1_extended_row_1472
S1473,10.1177/0956797615575277,control,P01473,4.553,4.659,5.15,36,M,Other,2019-08-03,2352588,0,upd1_extended_row_1473
S1474,10.1177/0956797614520714,treatment_b,P01474,4.522,3.717,6.08,31,F,MA,2019-12-18,995290,0,upd1_extended_row_1474
S1475,10.1073/pnas.1209746109,treatment_a,P01475,3.991,3.082,4.85,37,F,BA,2019-04-10,1141056,0,upd1_extended_row_1475
S1476,10.1037/pspa0000226,treatment_b,P01476,2.633,3.389,5.1,26,F,HS,2019-01-12,433425,0,upd1_extended_row_1476
S1477,10.1177/0956797614520714,treatment_a,P01477,4.064,3.307,5.08,62,NB,Other,2019-07-03,1467472,0,upd1_extended_row_1477
S1478,10.1037/pspa0000226,treatment_a,P01478,7.024,3.545,6.09,51,M,MA,2019-02-10,2169538,0,upd1_extended_row_1478
S1479,10.1073/pnas.1209746109,treatment_b,P01479,2.182,3.563,5.19,55,M,PhD,2019-06-04,2249857,0,upd1_extended_row_1479
S1480,10.1177/0956797614520714,control,P01480,5.135,3.587,5.66,46,F,BA,2019-04-05,1472527,0,upd1_extended_row_1480
S1481,10.1037/pspa0000226,control,P01481,5.45,3.497,5.8,39,NB,Other,2019-12-11,1061153,0,upd1_extended_row_1481
S1482,10.1037/pspa0000226,control,P01482,3.482,4.439,6.87,54,NB,BA,2019-02-10,1755400,0,upd1_extended_row_1482
S1483,10.1177/0956797615575277,treatment_b,P01483,6.559,4.772,4.74,20,NB,MA,2019-04-13,2110971,0,upd1_extended_row_1483
S1484,10.1177/0956797615575277,treatment_b,P01484,6.666,3.692,3.56,64,F,PhD,2019-04-11,943606,0,upd1_extended_row_1484
S1485,10.1177/0956797615575277,control,P01485,4.455,3.025,4.54,39,M,PhD,2019-09-23,1696254,0,upd1_extended_row_1485
S1486,10.1177/0956797614520714,treatment_b,P01486,4.039,2.978,4.84,65,F,BA,2019-07-19,650268,0,upd1_extended_row_1486
S1487,10.1177/0956797614520714,control,P01487,2.748,2.665,7.72,33,M,BA,2019-06-20,530386,0,upd1_extended_row_1487
S1488,10.1073/pnas.1209746109,treatment_b,P01488,4.272,4.235,6.37,31,M,BA,2019-02-11,519971,0,upd1_extended_row_1488
S1489,10.1073/pnas.1209746109,treatment_a,P01489,3.74,2.217,4.65,47,M,Other,2019-04-04,1522449,0,upd1_extended_row_1489
S1490,10.1073/pnas.1209746109,treatment_b,P01490,4.442,2.104,4.57,61,M,PhD,2019-03-04,730458,0,upd1_extended_row_1490
S1491,10.1073/pnas.1209746109,treatment_a,P01491,3.652,3.611,4.5,49,M,PhD,2019-10-13,1425492,0,upd1_extended_row_1491
S1492,10.1177/0956797614520714,treatment_b,P01492,3.866,4.406,5.92,18,M,MA,2019-10-06,1207813,0,upd1_extended_row_1492
S1493,10.1177/0956797615575277,control,P01493,4.479,4.568,4.81,28,F,MA,2019-07-05,819909,0,upd1_extended_row_1493
S1494,10.1037/pspa0000226,control,P01494,4.238,4.433,4.51,19,M,HS,2019-10-24,1581668,0,upd1_extended_row_1494
S1495,10.1037/pspa0000226,treatment_b,P01495,6.65,3.561,4.82,52,NB,BA,2019-11-24,1951717,0,upd1_extended_row_1495
S1496,10.1037/pspa0000226,treatment_b,P01496,4.842,1.409,4.09,44,M,MA,2019-11-09,1182493,0,upd1_extended_row_1496
S1497,10.1037/pspa0000226,treatment_b,P01497,3.116,4.236,5.05,50,M,PhD,2019-12-19,1156370,0,upd1_extended_row_1497
S1498,10.1037/pspa0000226,treatment_a,P01498,3.599,4.362,4.63,29,F,HS,2019-04-27,467995,0,upd1_extended_row_1498
S1499,10.1037/pspa0000226,control,P01499,5.395,3.699,4.94,25,F,BA,2019-12-26,317593,0,upd1_extended_row_1499
S1500,10.1177/0956797614520714,control,P01500,4.867,3.585,4.49,42,NB,Other,2019-12-13,1670014,0,upd1_extended_row_1500
S1501,10.1177/0956797614520714,treatment_a,P01501,3.693,4.001,5.01,55,F,Other,2019-06-07,2121828,0,upd1_extended_row_1501
S1502,10.1037/pspa0000226,treatment_b,P01502,5.003,3.599,4.04,20,F,Other,2019-02-06,2185755,0,upd1_extended_row_1502
S1503,10.1037/pspa0000226,control,P01503,4.606,3.785,4.99,49,F,BA,2019-03-01,911624,0,upd1_extended_row_1503
S1504,10.1037/pspa0000226,treatment_a,P01504,5.507,5.159,5.47,42,M,BA,2019-09-10,2371867,0,upd1_extended_row_1504
S1505,10.1073/pnas.1209746109,control,P01505,3.585,4.546,4.94,33,F,PhD,2019-12-28,771360,0,upd1_extended_row_1505
S1506,10.1177/0956797614520714,control,P01506,3.459,3.715,4.71,34,F,BA,2019-07-25,2324168,0,upd1_extended_row_1506
S1507,10.1073/pnas.1209746109,treatment_b,P01507,2.276,3.784,5.47,24,F,BA,2019-04-28,526582,0,upd1_extended_row_1507
S1508,10.1073/pnas.1209746109,treatment_b,P01508,4.606,3.871,4.29,54,F,PhD,2019-01-15,1828670,1,upd1_extended_row_1508
S1509,10.1177/0956797615575277,treatment_a,P01509,4.378,3.158,4.19,55,F,HS,2019-07-24,2141218,0,upd1_extended_row_1509
S1510,10.1037/pspa0000226,control,P01510,6.15,3.567,5.12,34,F,MA,2019-02-14,572335,0,upd1_extended_row_1510
S1511,10.1177/0956797614520714,control,P01511,5.167,4.237,5.45,34,F,BA,2019-05-05,1816675,1,upd1_extended_row_1511
S1512,10.1037/pspa0000226,control,P01512,4.933,3.838,5.83,38,F,Other,2019-09-10,440820,0,upd1_extended_row_1512
S1513,10.1177/0956797615575277,treatment_a,P01513,2.708,3.601,6.11,42,M,BA,2019-01-23,907686,0,upd1_extended_row_1513
S1514,10.1177/0956797615575277,treatment_a,P01514,5.304,5.075,5.5,23,F,PhD,2019-07-09,1438395,0,upd1_extended_row_1514
S1515,10.1037/pspa0000226,control,P01515,2.376,2.281,4.68,32,F,Other,2019-06-10,1908956,0,upd1_extended_row_1515
S1516,10.1037/pspa0000226,treatment_a,P01516,4.235,4.686,5.78,49,NB,HS,2019-05-21,1296639,0,upd1_extended_row_1516
S1517,10.1177/0956797614520714,treatment_a,P01517,3.163,4.869,5.8,58,M,PhD,2019-07-18,883918,0,upd1_extended_row_1517
S1518,10.1037/pspa0000226,treatment_b,P01518,3.801,3.122,5.91,58,F,HS,2019-07-25,1081589,0,upd1_extended_row_1518
S1519,10.1037/pspa0000226,treatment_b,P01519,3.621,4.041,5.56,28,NB,BA,2019-02-21,1695517,0,upd1_extended_row_1519
S1520,10.1177/0956797614520714,control,P01520,5.404,5.018,5.06,20,F,PhD,2019-11-10,966398,0,upd1_extended_row_1520
S1521,10.1177/0956797614520714,treatment_a,P01521,2.039,4.117,5.82,58,F,BA,2019-04-10,345141,1,upd1_extended_row_1521
S1522,10.1177/0956797614520714,treatment_b,P01522,3.871,4.036,4.8,27,M,Other,2019-12-09,1993926,0,upd1_extended_row_1522
S1523,10.1037/pspa0000226,control,P01523,2.42,1.89,5.34,60,F,PhD,2019-06-24,258267,0,upd1_extended_row_1523
S1524,10.1037/pspa0000226,control,P01524,4.147,3.398,6.54,24,F,HS,2019-09-10,828342,0,upd1_extended_row_1524
S1525,10.1177/0956797614520714,treatment_a,P01525,4.445,3.292,5.73,19,F,BA,2019-12-01,1296305,0,upd1_extended_row_1525
S1526,10.1177/0956797615575277,treatment_a,P01526,4.274,5.089,4.59,65,F,PhD,2019-07-26,2281325,0,upd1_extended_row_1526
S1527,10.1177/0956797615575277,control,P01527,4.112,3.782,5.21,37,F,HS,2019-06-18,196771,0,upd1_extended_row_1527
S1528,10.1177/0956797615575277,treatment_b,P01528,3.542,3.304,4.73,44,F,MA,2019-04-21,365590,0,upd1_extended_row_1528
S1529,10.1177/0956797614520714,control,P01529,4.742,4.898,3.97,62,M,Other,2019-07-26,398904,0,upd1_extended_row_1529
S1530,10.1177/0956797614520714,treatment_b,P01530,4.862,3.632,4.58,31,F,Other,2019-11-22,1915176,0,upd1_extended_row_1530
S1531,10.1177/0956797614520714,control,P01531,5.645,3.419,6.19,28,F,HS,2019-05-21,1460383,1,upd1_extended_row_1531
S1532,10.1177/0956797614520714,treatment_b,P01532,1.991,4.421,7.28,23,NB,PhD,2019-09-04,501662,0,upd1_extended_row_1532
S1533,10.1177/0956797615575277,treatment_b,P01533,3.721,5.192,3.4,40,F,HS,2019-01-08,209275,0,upd1_extended_row_1533
S1534,10.1177/0956797614520714,control,P01534,5.164,3.37,4.23,56,M,PhD,2019-07-04,756257,0,upd1_extended_row_1534
S1535,10.1037/pspa0000226,control,P01535,2.627,2.247,3.8,35,F,HS,2019-02-21,1296035,1,upd1_extended_row_1535
S1536,10.1177/0956797614520714,treatment_b,P01536,5.382,3.859,5.54,53,F,PhD,2019-10-22,1492955,0,upd1_extended_row_1536
S1537,10.1177/0956797615575277,control,P01537,5.093,3.8,3.68,62,M,MA,2019-05-14,1541870,0,upd1_extended_row_1537
S1538,10.1073/pnas.1209746109,treatment_b,P01538,4.239,4.69,5.75,29,F,PhD,2019-11-05,704619,1,upd1_extended_row_1538
S1539,10.1177/0956797615575277,treatment_a,P01539,4.866,3.373,5.53,44,F,Other,2019-01-26,1483723,0,upd1_extended_row_1539
S1540,10.1037/pspa0000226,control,P01540,3.984,4.867,5.73,50,M,Other,2019-07-17,1604672,0,upd1_extended_row_1540
S1541,10.1177/0956797614520714,treatment_b,P01541,5.096,3.757,5.35,48,F,Other,2019-08-18,2362541,0,upd1_extended_row_1541
S1542,10.1037/pspa0000226,treatment_b,P01542,3.561,3.65,3.63,46,M,HS,2019-11-18,1865375,0,upd1_extended_row_1542
S1543,10.1037/pspa0000226,treatment_a,P01543,5.158,2.759,3.92,54,F,BA,2019-10-03,1510791,0,upd1_extended_row_1543
S1544,10.1177/0956797615575277,treatment_b,P01544,4.614,1.941,5.83,56,M,Other,2019-07-02,212004,0,upd1_extended_row_1544
S1545,10.1037/pspa0000226,treatment_a,P01545,4.105,2.961,5.16,18,NB,MA,2019-10-28,1639093,0,upd1_extended_row_1545
S1546,10.1177/0956797614520714,treatment_a,P01546,2.004,3.496,5.13,59,NB,BA,2019-08-01,1031065,0,upd1_extended_row_1546
S1547,10.1073/pnas.1209746109,control,P01547,5.088,2.558,4.84,35,M,MA,2019-08-04,626193,0,upd1_extended_row_1547
S1548,10.1177/0956797614520714,treatment_b,P01548,5.814,3.726,3.72,41,M,PhD,2019-01-24,2069838,0,upd1_extended_row_1548
S1549,10.1073/pnas.1209746109,control,P01549,5.038,4.049,6.4,34,F,MA,2019-03-23,1878153,0,upd1_extended_row_1549
S1550,10.1177/0956797614520714,control,P01550,2.459,4.568,6.34,51,NB,PhD,2019-03-07,591577,0,upd1_extended_row_1550
S1551,10.1073/pnas.1209746109,treatment_a,P01551,4.171,3.409,4.1,64,F,Other,2019-08-25,779817,0,upd1_extended_row_1551
S1552,10.1073/pnas.1209746109,treatment_a,P01552,5.113,3.039,4.79,38,NB,Other,2019-12-08,324883,0,upd1_extended_row_1552
S1553,10.1177/0956797614520714,control,P01553,4.024,5.658,4.2,24,F,HS,2019-03-23,233852,0,upd1_extended_row_1553
S1554,10.1177/0956797615575277,treatment_a,P01554,4.003,4.031,4.59,45,F,PhD,2019-11-11,628223,0,upd1_extended_row_1554
S1555,10.1073/pnas.1209746109,control,P01555,3.279,3.078,6.12,28,F,Other,2019-11-15,1121674,0,upd1_extended_row_1555
S1556,10.1177/0956797614520714,treatment_b,P01556,4.526,5.077,5.23,21,M,MA,2019-11-03,423112,0,upd1_extended_row_1556
S1557,10.1037/pspa0000226,treatment_b,P01557,7.642,3.389,5.17,50,F,BA,2019-08-28,1398375,0,upd1_extended_row_1557
S1558,10.1037/pspa0000226,control,P01558,4.407,2.85,6.53,58,F,MA,2019-11-15,527029,0,upd1_extended_row_1558
S1559,10.1073/pnas.1209746109,control,P01559,4.268,4.476,4.49,39,NB,HS,2019-04-22,2189518,1,upd1_extended_row_1559
S1560,10.1177/0956797615575277,treatment_b,P01560,3.675,4.433,4.59,36,F,PhD,2019-01-06,877937,0,upd1_extended_row_1560
S1561,10.1037/pspa0000226,treatment_b,P01561,3.318,4.257,5.33,25,F,HS,2019-03-16,1578456,0,upd1_extended_row_1561
S1562,10.1073/pnas.1209746109,treatment_b,P01562,1.656,3.621,3.84,31,M,HS,2019-02-07,281917,0,upd1_extended_row_1562
S1563,10.1073/pnas.1209746109,control,P01563,4.986,2.557,5.21,36,M,MA,2019-06-11,502728,0,upd1_extended_row_1563
S1564,10.1177/0956797615575277,treatment_b,P01564,6.534,3.608,6.12,24,M,HS,2019-10-01,2110583,0,upd1_extended_row_1564
S1565,10.1177/0956797615575277,treatment_a,P01565,4.591,3.747,3.27,20,F,Other,2019-02-17,1162430,0,upd1_extended_row_1565
S1566,10.1177/0956797615575277,control,P01566,3.992,3.699,4.56,37,F,HS,2019-09-24,1842888,0,upd1_extended_row_1566
S1567,10.1177/0956797614520714,control,P01567,3.678,3.92,5.78,23,NB,Other,2019-08-04,2117400,0,upd1_extended_row_1567
S1568,10.1177/0956797614520714,control,P01568,5.228,4.468,3.92,27,NB,MA,2019-02-21,1417206,0,upd1_extended_row_1568
S1569,10.1177/0956797614520714,treatment_b,P01569,5.584,4.484,3.75,20,F,Other,2019-03-17,1029548,0,upd1_extended_row_1569
S1570,10.1177/0956797614520714,treatment_b,P01570,3.892,4.588,5.38,24,M,MA,2019-02-19,573982,0,upd1_extended_row_1570
S1571,10.1037/pspa0000226,treatment_b,P01571,5.024,3.187,5.51,34,NB,MA,2019-06-19,951951,0,upd1_extended_row_1571
S1572,10.1037/pspa0000226,control,P01572,4.23,4.357,4.93,35,NB,HS,2019-06-16,1233731,0,upd1_extended_row_1572
S1573,10.1037/pspa0000226,control,P01573,5.325,3.479,4.0,22,F,PhD,2019-12-11,799526,0,upd1_extended_row_1573
S1574,10.1177/0956797615575277,treatment_b,P01574,2.442,3.791,5.47,43,M,HS,2019-12-08,1227077,0,upd1_extended_row_1574
S1575,10.1037/pspa0000226,treatment_b,P01575,5.155,2.992,5.88,56,F,HS,2019-08-09,876762,0,upd1_extended_row_1575
S1576,10.1177/0956797614520714,treatment_b,P01576,4.778,4.489,6.06,50,F,Other,2019-11-15,2387077,1,upd1_extended_row_1576
S1577,10.1177/0956797615575277,treatment_a,P01577,2.674,2.679,5.85,42,NB,PhD,2019-07-20,1528338,0,upd1_extended_row_1577
S1578,10.1177/0956797614520714,control,P01578,4.855,2.845,4.73,64,M,Other,2019-12-03,2072595,0,upd1_extended_row_1578
S1579,10.1073/pnas.1209746109,control,P01579,4.53,3.276,5.15,24,F,BA,2019-07-02,1585133,0,upd1_extended_row_1579
S1580,10.1073/pnas.1209746109,control,P01580,5.946,3.445,5.66,48,F,Other,2019-06-24,329460,1,upd1_extended_row_1580
S1581,10.1037/pspa0000226,treatment_b,P01581,1.284,4.921,5.23,62,F,MA,2019-07-05,258594,1,upd1_extended_row_1581
S1582,10.1037/pspa0000226,treatment_b,P01582,2.718,4.041,6.13,56,F,HS,2019-11-27,1054886,0,upd1_extended_row_1582
S1583,10.1177/0956797615575277,control,P01583,4.427,4.766,3.95,37,NB,Other,2019-05-21,2205925,1,upd1_extended_row_1583
S1584,10.1177/0956797614520714,control,P01584,3.61,3.416,4.4,58,M,MA,2019-11-17,884809,0,upd1_extended_row_1584
S1585,10.1177/0956797614520714,treatment_b,P01585,5.234,4.206,4.26,59,NB,BA,2019-02-08,1001004,0,upd1_extended_row_1585
S1586,10.1177/0956797615575277,control,P01586,4.086,3.263,3.66,32,M,MA,2019-07-07,1615992,0,upd1_extended_row_1586
S1587,10.1073/pnas.1209746109,control,P01587,3.63,4.197,4.78,51,F,PhD,2019-03-06,1152222,0,upd1_extended_row_1587
S1588,10.1037/pspa0000226,treatment_a,P01588,2.192,3.363,4.32,42,M,PhD,2019-01-09,2006804,0,upd1_extended_row_1588
S1589,10.1037/pspa0000226,control,P01589,4.311,4.3,4.01,39,M,PhD,2019-06-17,1557079,0,upd1_extended_row_1589
S1590,10.1177/0956797614520714,treatment_a,P01590,6.376,2.726,5.03,29,M,PhD,2019-04-05,489597,0,upd1_extended_row_1590
S1591,10.1177/0956797614520714,treatment_a,P01591,4.023,3.35,5.89,35,M,BA,2019-04-17,2212753,0,upd1_extended_row_1591
S1592,10.1037/pspa0000226,control,P01592,4.1,3.595,6.35,46,F,BA,2019-05-21,1096335,0,upd1_extended_row_1592
S1593,10.1073/pnas.1209746109,control,P01593,6.249,4.125,4.16,60,M,MA,2019-12-25,1298241,0,upd1_extended_row_1593
S1594,10.1073/pnas.1209746109,control,P01594,5.34,3.757,5.62,31,F,BA,2019-11-21,443901,0,upd1_extended_row_1594
S1595,10.1177/0956797615575277,control,P01595,2.702,4.062,5.07,55,NB,Other,2019-09-23,610333,0,upd1_extended_row_1595
S1596,10.1037/pspa0000226,treatment_a,P01596,4.776,3.67,5.61,46,F,PhD,2019-10-21,1023519,0,upd1_extended_row_1596
S1597,10.1177/0956797615575277,treatment_a,P01597,6.192,3.929,5.72,27,F,MA,2019-11-19,1521626,0,upd1_extended_row_1597
S1598,10.1037/pspa0000226,control,P01598,4.483,3.497,5.33,54,F,MA,2019-04-24,1362858,0,upd1_extended_row_1598
S1599,10.1037/pspa0000226,control,P01599,4.342,3.128,4.07,29,F,MA,2019-07-05,1797667,0,upd1_extended_row_1599
S1600,10.1073/pnas.1209746109,treatment_b,P01600,5.548,2.768,5.14,27,NB,BA,2019-06-26,1338791,1,upd1_extended_row_1600
S1601,10.1037/pspa0000226,treatment_b,P01601,6.453,4.102,6.28,57,NB,Other,2019-06-16,693572,0,upd1_extended_row_1601
S1602,10.1177/0956797614520714,treatment_a,P01602,3.501,2.493,3.53,60,M,MA,2019-02-15,1202207,0,upd1_extended_row_1602
S1603,10.1177/0956797614520714,treatment_a,P01603,4.831,4.38,5.23,18,M,BA,2019-02-21,1666214,1,upd1_extended_row_1603
S1604,10.1073/pnas.1209746109,treatment_b,P01604,5.98,4.804,5.56,29,F,PhD,2019-04-27,295315,0,upd1_extended_row_1604
S1605,10.1073/pnas.1209746109,control,P01605,3.268,2.627,5.11,45,M,MA,2019-07-27,817839,0,upd1_extended_row_1605
S1606,10.1037/pspa0000226,control,P01606,3.773,3.277,6.1,33,NB,HS,2019-03-25,2283391,0,upd1_extended_row_1606
S1607,10.1073/pnas.1209746109,treatment_b,P01607,5.694,6.784,6.03,56,M,MA,2019-06-05,1898613,0,upd1_extended_row_1607
S1608,10.1073/pnas.1209746109,control,P01608,5.233,3.33,5.03,62,NB,PhD,2019-02-17,1348413,0,upd1_extended_row_1608
S1609,10.1073/pnas.1209746109,treatment_b,P01609,5.269,4.069,4.26,25,M,HS,2019-12-01,1700879,0,upd1_extended_row_1609
S1610,10.1073/pnas.1209746109,control,P01610,4.976,2.774,5.81,19,NB,HS,2019-12-16,1359264,1,upd1_extended_row_1610
S1611,10.1073/pnas.1209746109,treatment_a,P01611,5.26,4.462,5.26,23,F,MA,2019-03-20,2175367,0,upd1_extended_row_1611
S1612,10.1177/0956797614520714,control,P01612,3.24,4.321,4.86,45,F,PhD,2019-05-27,2085663,0,upd1_extended_row_1612
S1613,10.1177/0956797614520714,treatment_a,P01613,4.512,4.22,4.96,48,M,HS,2019-10-14,438101,0,upd1_extended_row_1613
S1614,10.1073/pnas.1209746109,treatment_a,P01614,4.774,4.345,4.71,34,F,PhD,2019-07-03,1944882,0,upd1_extended_row_1614
S1615,10.1037/pspa0000226,control,P01615,6.292,5.416,4.01,19,F,BA,2019-06-16,2176278,0,upd1_extended_row_1615
S1616,10.1177/0956797615575277,treatment_a,P01616,4.982,2.592,5.17,20,F,HS,2019-10-09,200211,0,upd1_extended_row_1616
S1617,10.1177/0956797615575277,control,P01617,2.998,3.137,5.54,48,F,MA,2019-12-06,1632436,0,upd1_extended_row_1617
S1618,10.1177/0956797614520714,treatment_b,P01618,2.578,3.511,5.19,61,M,BA,2019-02-09,760452,0,upd1_extended_row_1618
S1619,10.1037/pspa0000226,control,P01619,4.464,4.298,3.95,51,M,MA,2019-09-12,958052,0,upd1_extended_row_1619
S1620,10.1073/pnas.1209746109,control,P01620,4.734,3.693,4.89,49,F,PhD,2019-02-08,1552326,0,upd1_extended_row_1620
S1621,10.1073/pnas.1209746109,treatment_b,P01621,4.765,3.534,5.06,19,F,HS,2019-01-25,2170344,0,upd1_extended_row_1621
S1622,10.1037/pspa0000226,treatment_b,P01622,4.935,5.592,4.68,37,NB,Other,2019-12-26,857427,0,upd1_extended_row_1622
S1623,10.1177/0956797614520714,treatment_b,P01623,5.786,2.813,5.41,61,NB,HS,2019-08-20,1242264,0,upd1_extended_row_1623
S1624,10.1177/0956797615575277,control,P01624,6.919,4.573,4.06,54,M,Other,2019-04-27,1566402,0,upd1_extended_row_1624
S1625,10.1177/0956797614520714,treatment_b,P01625,5.823,2.201,5.34,18,M,Other,2019-03-10,1690418,0,upd1_extended_row_1625
S1626,10.1073/pnas.1209746109,control,P01626,4.616,3.908,5.37,53,M,Other,2019-04-25,1450275,0,upd1_extended_row_1626
S1627,10.1037/pspa0000226,treatment_a,P01627,6.867,3.38,6.32,48,M,PhD,2019-02-18,1656176,0,upd1_extended_row_1627
S1628,10.1037/pspa0000226,control,P01628,5.834,3.629,6.22,26,F,MA,2019-07-02,1689235,0,upd1_extended_row_1628
S1629,10.1037/pspa0000226,treatment_a,P01629,7.446,3.272,4.93,39,F,Other,2019-12-05,359584,0,upd1_extended_row_1629
S1630,10.1037/pspa0000226,treatment_a,P01630,3.822,4.468,3.92,41,F,PhD,2019-09-16,1381396,0,upd1_extended_row_1630
S1631,10.1177/0956797615575277,control,P01631,4.91,4.229,5.06,22,F,PhD,2019-08-22,2277120,0,upd1_extended_row_1631
S1632,10.1073/pnas.1209746109,control,P01632,5.016,4.703,4.93,34,M,HS,2019-10-18,1338202,0,upd1_extended_row_1632
S1633,10.1177/0956797615575277,treatment_a,P01633,3.854,3.476,5.6,45,F,BA,2019-08-21,2017952,0,upd1_extended_row_1633
S1634,10.1177/0956797614520714,treatment_a,P01634,4.115,3.112,3.98,62,F,HS,2019-02-10,2043314,0,upd1_extended_row_1634
S1635,10.1037/pspa0000226,treatment_a,P01635,4.215,4.453,5.81,63,F,HS,2019-05-25,1684088,0,upd1_extended_row_1635
S1636,10.1037/pspa0000226,treatment_a,P01636,4.698,3.897,5.41,33,M,HS,2019-08-28,1305021,1,upd1_extended_row_1636
S1637,10.1037/pspa0000226,treatment_b,P01637,5.453,5.684,6.2,46,F,BA,2019-03-25,2044931,1,upd1_extended_row_1637
S1638,10.1037/pspa0000226,treatment_b,P01638,2.806,2.976,5.16,41,NB,Other,2019-12-21,1011394,0,upd1_extended_row_1638
S1639,10.1037/pspa0000226,control,P01639,4.136,4.03,3.32,23,F,BA,2019-06-23,660424,0,upd1_extended_row_1639
S1640,10.1177/0956797614520714,treatment_b,P01640,3.734,3.878,5.41,47,F,MA,2019-10-13,2318677,0,upd1_extended_row_1640
S1641,10.1177/0956797614520714,treatment_a,P01641,3.066,3.239,5.59,56,F,Other,2019-01-02,1135253,0,upd1_extended_row_1641
S1642,10.1177/0956797615575277,treatment_a,P01642,4.041,4.58,5.57,64,NB,HS,2019-08-06,336568,0,upd1_extended_row_1642
S1643,10.1037/pspa0000226,treatment_b,P01643,3.517,2.947,4.48,43,NB,HS,2019-11-20,187427,0,upd1_extended_row_1643
S1644,10.1073/pnas.1209746109,treatment_a,P01644,4.236,3.148,3.82,54,F,Other,2019-11-11,2384918,0,upd1_extended_row_1644
S1645,10.1037/pspa0000226,treatment_b,P01645,6.165,4.937,4.67,37,F,MA,2019-10-20,1708386,0,upd1_extended_row_1645
S1646,10.1177/0956797615575277,control,P01646,5.179,4.973,4.61,47,F,HS,2019-05-27,2271149,0,upd1_extended_row_1646
S1647,10.1177/0956797615575277,treatment_a,P01647,3.182,4.239,5.06,31,M,PhD,2019-12-11,2308346,0,upd1_extended_row_1647
S1648,10.1177/0956797614520714,treatment_a,P01648,6.257,3.493,5.56,33,F,BA,2019-12-26,1708848,0,upd1_extended_row_1648
S1649,10.1037/pspa0000226,treatment_a,P01649,4.134,4.488,3.89,49,F,PhD,2019-11-14,485895,0,upd1_extended_row_1649
S1650,10.1177/0956797615575277,treatment_a,P01650,4.771,3.004,4.96,44,F,MA,2019-05-26,470508,0,upd1_extended_row_1650
S1651,10.1073/pnas.1209746109,treatment_b,P01651,4.57,4.61,5.81,31,F,PhD,2019-07-17,1272600,0,upd1_extended_row_1651
S1652,10.1177/0956797614520714,control,P01652,4.684,3.022,6.34,42,NB,MA,2019-08-23,2201629,0,upd1_extended_row_1652
S1653,10.1037/pspa0000226,control,P01653,5.659,2.978,5.4,18,NB,MA,2019-09-09,2351108,0,upd1_extended_row_1653
S1654,10.1037/pspa0000226,treatment_b,P01654,4.211,3.292,3.53,62,M,HS,2019-10-05,2111799,0,upd1_extended_row_1654
S1655,10.1037/pspa0000226,control,P01655,4.557,4.308,5.55,44,F,BA,2019-08-27,2314608,0,upd1_extended_row_1655
S1656,10.1177/0956797615575277,control,P01656,4.297,3.243,4.83,50,M,HS,2019-03-02,1770450,0,upd1_extended_row_1656
S1657,10.1037/pspa0000226,control,P01657,4.559,4.777,3.53,43,M,MA,2019-02-05,1300803,0,upd1_extended_row_1657
S1658,10.1037/pspa0000226,control,P01658,3.436,4.506,4.99,59,F,PhD,2019-02-11,1368471,0,upd1_extended_row_1658
S1659,10.1073/pnas.1209746109,control,P01659,4.352,3.921,4.99,30,F,MA,2019-11-13,1909952,0,upd1_extended_row_1659
S1660,10.1177/0956797614520714,treatment_a,P01660,2.399,3.644,4.16,22,F,MA,2019-11-14,1543577,0,upd1_extended_row_1660
S1661,10.1177/0956797615575277,control,P01661,3.865,1.049,5.76,30,F,BA,2019-04-03,730136,0,upd1_extended_row_1661
S1662,10.1177/0956797614520714,treatment_a,P01662,3.276,4.442,3.83,43,NB,HS,2019-01-09,2313150,0,upd1_extended_row_1662
S1663,10.1177/0956797614520714,treatment_b,P01663,4.536,3.438,3.97,24,NB,HS,2019-03-06,1523455,0,upd1_extended_row_1663
S1664,10.1073/pnas.1209746109,treatment_b,P01664,5.979,3.579,6.73,58,F,BA,2019-12-02,1527844,0,upd1_extended_row_1664
S1665,10.1073/pnas.1209746109,treatment_b,P01665,4.671,2.599,4.97,20,M,Other,2019-01-27,1962395,0,upd1_extended_row_1665
S1666,10.1037/pspa0000226,control,P01666,5.447,3.43,3.68,54,F,HS,2019-04-11,1200492,0,upd1_extended_row_1666
S1667,10.1177/0956797615575277,treatment_a,P01667,5.841,4.024,4.74,21,M,HS,2019-05-15,1211995,0,upd1_extended_row_1667
S1668,10.1073/pnas.1209746109,treatment_a,P01668,4.409,5.168,4.45,54,F,HS,2019-02-17,1528814,0,upd1_extended_row_1668
S1669,10.1177/0956797615575277,treatment_b,P01669,4.057,2.846,5.53,25,F,Other,2019-06-22,995492,0,upd1_extended_row_1669
S1670,10.1177/0956797614520714,control,P01670,4.208,3.448,4.3,30,F,MA,2019-03-12,1780698,1,upd1_extended_row_1670
S1671,10.1037/pspa0000226,treatment_b,P01671,6.423,3.653,7.02,60,F,Other,2019-02-10,2110610,0,upd1_extended_row_1671
S1672,10.1177/0956797614520714,control,P01672,3.538,5.717,5.16,61,M,MA,2019-01-26,1419937,0,upd1_extended_row_1672
S1673,10.1073/pnas.1209746109,control,P01673,3.617,3.223,4.43,43,F,HS,2019-06-14,861787,0,upd1_extended_row_1673
S1674,10.1037/pspa0000226,treatment_b,P01674,4.433,4.802,5.16,62,F,BA,2019-07-24,300777,0,upd1_extended_row_1674
S1675,10.1177/0956797615575277,treatment_a,P01675,3.089,4.56,4.11,41,F,BA,2019-07-21,584123,0,upd1_extended_row_1675
S1676,10.1037/pspa0000226,treatment_a,P01676,5.748,3.417,4.9,50,F,PhD,2019-09-15,1550560,0,upd1_extended_row_1676
S1677,10.1177/0956797614520714,control,P01677,5.807,4.423,5.29,37,F,MA,2019-08-24,2284353,0,upd1_extended_row_1677
S1678,10.1177/0956797615575277,treatment_a,P01678,5.483,3.383,5.01,33,NB,MA,2019-06-07,1976288,0,upd1_extended_row_1678
S1679,10.1073/pnas.1209746109,treatment_b,P01679,7.839,2.925,4.9,51,M,BA,2019-03-07,1741825,0,upd1_extended_row_1679
S1680,10.1073/pnas.1209746109,treatment_b,P01680,5.889,4.244,5.18,55,F,PhD,2019-10-21,1418185,0,upd1_extended_row_1680
S1681,10.1073/pnas.1209746109,control,P01681,4.038,5.188,4.45,26,NB,Other,2019-08-28,1495599,0,upd1_extended_row_1681
S1682,10.1037/pspa0000226,treatment_a,P01682,3.246,3.022,3.58,60,M,Other,2019-11-18,758747,0,upd1_extended_row_1682
S1683,10.1177/0956797615575277,treatment_b,P01683,2.375,3.749,4.98,36,F,HS,2019-06-10,729747,0,upd1_extended_row_1683
S1684,10.1073/pnas.1209746109,treatment_b,P01684,5.071,2.688,4.42,42,F,Other,2019-09-13,1282357,0,upd1_extended_row_1684
S1685,10.1177/0956797614520714,treatment_a,P01685,3.558,1.918,5.91,59,M,MA,2019-08-22,1745954,1,upd1_extended_row_1685
S1686,10.1073/pnas.1209746109,treatment_a,P01686,3.887,2.406,5.08,35,F,Other,2019-01-08,741756,0,upd1_extended_row_1686
S1687,10.1073/pnas.1209746109,control,P01687,4.571,3.216,4.0,49,F,HS,2019-01-02,1416892,0,upd1_extended_row_1687
S1688,10.1073/pnas.1209746109,treatment_a,P01688,6.086,2.965,5.27,60,F,Other,2019-09-11,2296922,0,upd1_extended_row_1688
S1689,10.1037/pspa0000226,control,P01689,4.732,4.77,3.76,60,F,MA,2019-05-27,267025,0,upd1_extended_row_1689
S1690,10.1177/0956797614520714,treatment_a,P01690,4.967,4.431,5.33,23,NB,BA,2019-08-24,2012213,0,upd1_extended_row_1690
S1691,10.1073/pnas.1209746109,treatment_b,P01691,4.297,5.084,6.04,25,NB,Other,2019-07-23,1508070,0,upd1_extended_row_1691
S1692,10.1177/0956797614520714,control,P01692,2.375,3.424,5.41,60,M,Other,2019-04-05,2396264,0,upd1_extended_row_1692
S1693,10.1177/0956797615575277,treatment_b,P01693,3.78,4.487,6.4,54,M,BA,2019-06-19,1772719,0,upd1_extended_row_1693
S1694,10.1073/pnas.1209746109,control,P01694,3.7,2.693,5.68,25,F,HS,2019-11-05,416932,0,upd1_extended_row_1694
S1695,10.1177/0956797615575277,treatment_b,P01695,5.498,3.392,3.25,44,M,MA,2019-05-16,2330908,0,upd1_extended_row_1695
S1696,10.1037/pspa0000226,treatment_b,P01696,8.775,3.676,3.74,34,F,MA,2019-10-25,473639,0,upd1_extended_row_1696
S1697,10.1177/0956797615575277,treatment_a,P01697,6.006,3.945,3.88,61,F,Other,2019-05-12,893311,1,upd1_extended_row_1697
S1698,10.1177/0956797615575277,treatment_b,P01698,7.268,3.807,3.97,43,M,PhD,2019-09-25,2106917,0,upd1_extended_row_1698
S1699,10.1037/pspa0000226,treatment_b,P01699,4.604,4.172,4.63,44,NB,HS,2019-08-19,1542913,0,upd1_extended_row_1699
S1700,10.1073/pnas.1209746109,control,P01700,3.813,3.864,5.59,25,M,BA,2019-09-26,280716,0,upd1_extended_row_1700
S1701,10.1177/0956797615575277,control,P01701,5.498,4.809,4.66,20,NB,BA,2019-11-04,2146306,0,upd1_extended_row_1701
S1702,10.1073/pnas.1209746109,treatment_b,P01702,4.628,3.651,5.15,65,F,Other,2019-09-05,591708,0,upd1_extended_row_1702
S1703,10.1177/0956797615575277,control,P01703,4.017,2.717,5.35,29,M,MA,2019-02-10,1040551,0,upd1_extended_row_1703
S1704,10.1073/pnas.1209746109,treatment_b,P01704,4.897,2.305,5.41,28,NB,MA,2019-10-03,1814855,0,upd1_extended_row_1704
S1705,10.1073/pnas.1209746109,treatment_b,P01705,3.088,2.803,4.85,41,NB,HS,2019-06-20,2139355,0,upd1_extended_row_1705
S1706,10.1073/pnas.1209746109,treatment_b,P01706,2.216,3.837,4.43,30,M,PhD,2019-04-16,2116448,0,upd1_extended_row_1706
S1707,10.1037/pspa0000226,control,P01707,2.644,4.453,4.54,18,NB,Other,2019-11-21,1903230,0,upd1_extended_row_1707
S1708,10.1073/pnas.1209746109,treatment_a,P01708,4.396,4.439,4.31,22,F,MA,2019-05-16,2057936,0,upd1_extended_row_1708
S1709,10.1073/pnas.1209746109,control,P01709,6.812,2.097,5.04,21,F,MA,2019-08-25,668075,1,upd1_extended_row_1709
S1710,10.1177/0956797615575277,control,P01710,4.367,2.54,5.24,40,F,MA,2019-11-05,970794,0,upd1_extended_row_1710
S1711,10.1177/0956797614520714,treatment_b,P01711,4.66,3.816,5.55,34,F,Other,2019-06-14,2188394,0,upd1_extended_row_1711
S1712,10.1177/0956797614520714,control,P01712,2.921,4.316,4.77,18,F,Other,2019-07-24,331745,0,upd1_extended_row_1712
S1713,10.1037/pspa0000226,control,P01713,2.199,4.05,5.35,39,M,HS,2019-10-25,1599655,0,upd1_extended_row_1713
S1714,10.1177/0956797615575277,control,P01714,6.192,4.139,4.19,29,F,HS,2019-02-09,1244307,0,upd1_extended_row_1714
S1715,10.1037/pspa0000226,treatment_a,P01715,3.159,4.39,5.3,40,F,HS,2019-11-09,2059580,1,upd1_extended_row_1715
S1716,10.1177/0956797614520714,treatment_a,P01716,5.393,4.746,5.75,19,F,Other,2019-03-17,1597772,0,upd1_extended_row_1716
S1717,10.1177/0956797615575277,treatment_a,P01717,4.427,4.794,3.87,27,M,Other,2019-04-22,478152,0,upd1_extended_row_1717
S1718,10.1177/0956797615575277,treatment_a,P01718,4.826,3.732,5.19,45,F,PhD,2019-08-25,1849839,0,upd1_extended_row_1718
S1719,10.1073/pnas.1209746109,control,P01719,4.085,4.146,5.61,48,F,PhD,2019-06-21,1668557,0,upd1_extended_row_1719
S1720,10.1177/0956797614520714,treatment_b,P01720,3.553,5.698,5.29,28,F,PhD,2019-09-17,2388763,0,upd1_extended_row_1720
S1721,10.1073/pnas.1209746109,control,P01721,4.072,4.088,4.64,64,F,PhD,2019-06-18,728643,0,upd1_extended_row_1721
S1722,10.1037/pspa0000226,treatment_a,P01722,1.232,4.047,3.5,24,F,MA,2019-12-15,1340329,0,upd1_extended_row_1722
S1723,10.1073/pnas.1209746109,control,P01723,3.584,4.444,5.62,54,M,Other,2019-08-02,226501,0,upd1_extended_row_1723
S1724,10.1177/0956797615575277,treatment_b,P01724,5.403,3.962,5.83,53,F,Other,2019-12-26,1955873,0,upd1_extended_row_1724
S1725,10.1073/pnas.1209746109,treatment_b,P01725,3.122,4.579,5.83,22,F,PhD,2019-11-22,1795664,0,upd1_extended_row_1725
S1726,10.1037/pspa0000226,control,P01726,3.465,3.234,5.48,65,NB,BA,2019-11-20,578131,0,upd1_extended_row_1726
S1727,10.1177/0956797614520714,treatment_b,P01727,5.809,4.186,5.12,45,M,HS,2019-10-17,1936001,0,upd1_extended_row_1727
S1728,10.1177/0956797615575277,treatment_b,P01728,6.604,4.135,5.4,55,F,Other,2019-02-28,415681,0,upd1_extended_row_1728
S1729,10.1073/pnas.1209746109,control,P01729,6.404,4.385,5.0,55,F,MA,2019-04-08,2098293,0,upd1_extended_row_1729
S1730,10.1177/0956797615575277,control,P01730,1.499,5.512,5.12,28,M,HS,2019-10-04,2025357,0,upd1_extended_row_1730
S1731,10.1073/pnas.1209746109,treatment_a,P01731,6.217,5.325,5.52,36,M,PhD,2019-07-27,851751,1,upd1_extended_row_1731
S1732,10.1073/pnas.1209746109,control,P01732,6.195,4.586,4.79,40,M,BA,2019-09-24,865336,0,upd1_extended_row_1732
S1733,10.1073/pnas.1209746109,treatment_a,P01733,6.258,3.879,5.05,21,NB,Other,2019-11-14,324953,0,upd1_extended_row_1733
S1734,10.1177/0956797614520714,treatment_a,P01734,3.19,4.643,3.85,45,NB,PhD,2019-01-08,1686664,1,upd1_extended_row_1734
S1735,10.1177/0956797615575277,treatment_a,P01735,2.821,5.501,4.63,28,F,HS,2019-05-18,1863695,0,upd1_extended_row_1735
S1736,10.1073/pnas.1209746109,control,P01736,4.307,3.919,5.86,52,M,MA,2019-04-20,1296753,0,upd1_extended_row_1736
S1737,10.1177/0956797614520714,treatment_b,P01737,3.681,3.493,6.3,25,F,BA,2019-07-17,2227907,0,upd1_extended_row_1737
S1738,10.1037/pspa0000226,treatment_a,P01738,3.68,3.275,5.49,65,M,Other,2019-05-20,878590,0,upd1_extended_row_1738
S1739,10.1177/0956797615575277,control,P01739,5.841,4.059,5.16,18,M,HS,2019-06-21,1342112,0,upd1_extended_row_1739
S1740,10.1073/pnas.1209746109,control,P01740,5.966,3.585,4.93,58,NB,Other,2019-07-05,2345868,0,upd1_extended_row_1740
S1741,10.1177/0956797614520714,control,P01741,2.605,3.566,4.63,24,F,HS,2019-12-17,376401,0,upd1_extended_row_1741
S1742,10.1037/pspa0000226,control,P01742,3.656,4.473,4.91,34,F,PhD,2019-12-14,401818,0,upd1_extended_row_1742
S1743,10.1177/0956797614520714,treatment_a,P01743,4.064,4.231,3.39,41,NB,HS,2019-08-14,235449,0,upd1_extended_row_1743
S1744,10.1177/0956797614520714,control,P01744,4.528,6.162,5.2,46,M,MA,2019-09-10,2088067,1,upd1_extended_row_1744
S1745,10.1177/0956797615575277,treatment_b,P01745,5.897,3.725,4.92,39,M,PhD,2019-07-01,1495177,0,upd1_extended_row_1745
S1746,10.1177/0956797614520714,control,P01746,4.827,4.96,5.98,19,F,HS,2019-01-11,2179586,0,upd1_extended_row_1746
S1747,10.1177/0956797614520714,control,P01747,5.508,3.065,5.02,20,F,Other,2019-05-02,1284182,1,upd1_extended_row_1747
S1748,10.1037/pspa0000226,control,P01748,6.36,3.335,4.73,33,F,HS,2019-06-10,224607,1,upd1_extended_row_1748
S1749,10.1177/0956797614520714,control,P01749,4.125,4.593,5.54,33,M,MA,2019-02-10,477918,0,upd1_extended_row_1749
S1750,10.1177/0956797615575277,treatment_b,P01750,6.916,3.933,4.95,50,F,Other,2019-09-26,587097,0,upd1_extended_row_1750
S1751,10.1037/pspa0000226,control,P01751,1.984,3.05,4.68,37,F,Other,2019-04-14,1383026,1,upd1_extended_row_1751
S1752,10.1037/pspa0000226,control,P01752,7.648,2.524,5.34,39,M,MA,2019-06-21,2386437,0,upd1_extended_row_1752
S1753,10.1037/pspa0000226,treatment_b,P01753,6.093,4.651,5.07,27,F,Other,2019-02-20,505848,0,upd1_extended_row_1753
S1754,10.1037/pspa0000226,treatment_b,P01754,6.735,3.301,4.36,62,F,HS,2019-06-18,677098,0,upd1_extended_row_1754
S1755,10.1177/0956797614520714,treatment_b,P01755,3.305,3.761,4.89,27,M,HS,2019-06-28,1761374,0,upd1_extended_row_1755
S1756,10.1073/pnas.1209746109,control,P01756,6.514,3.664,4.37,60,M,Other,2019-07-17,579462,0,upd1_extended_row_1756
S1757,10.1037/pspa0000226,treatment_b,P01757,6.491,3.734,6.04,40,F,HS,2019-03-07,1382368,0,upd1_extended_row_1757
S1758,10.1177/0956797615575277,treatment_a,P01758,6.116,4.254,4.45,44,M,PhD,2019-06-26,1217415,0,upd1_extended_row_1758
S1759,10.1037/pspa0000226,control,P01759,2.777,4.823,4.99,42,F,HS,2019-10-10,529087,1,upd1_extended_row_1759
S1760,10.1073/pnas.1209746109,treatment_b,P01760,3.893,4.024,5.96,22,M,BA,2019-01-10,1518050,0,upd1_extended_row_1760
S1761,10.1037/pspa0000226,treatment_a,P01761,4.922,2.928,5.3,56,F,Other,2019-03-18,561828,1,upd1_extended_row_1761
S1762,10.1177/0956797615575277,treatment_a,P01762,4.166,5.044,5.99,61,NB,BA,2019-04-19,2273190,0,upd1_extended_row_1762
S1763,10.1177/0956797615575277,treatment_a,P01763,4.239,2.677,3.92,41,F,MA,2019-09-21,514914,0,upd1_extended_row_1763
S1764,10.1177/0956797615575277,treatment_b,P01764,4.127,3.694,5.35,49,F,Other,2019-08-19,617808,0,upd1_extended_row_1764
S1765,10.1177/0956797615575277,treatment_a,P01765,2.045,4.364,3.95,31,M,BA,2019-01-21,499607,0,upd1_extended_row_1765
S1766,10.1073/pnas.1209746109,treatment_a,P01766,2.114,3.213,5.0,64,M,MA,2019-03-03,1610684,0,upd1_extended_row_1766
S1767,10.1073/pnas.1209746109,treatment_a,P01767,4.823,2.339,4.14,41,F,HS,2019-10-06,869883,1,upd1_extended_row_1767
S1768,10.1177/0956797614520714,control,P01768,5.315,2.024,3.87,60,NB,MA,2019-08-19,800548,0,upd1_extended_row_1768
S1769,10.1177/0956797614520714,treatment_a,P01769,4.395,2.878,4.86,20,NB,PhD,2019-06-15,362169,0,upd1_extended_row_1769
S1770,10.1037/pspa0000226,treatment_a,P01770,3.864,3.891,4.87,41,F,HS,2019-03-27,250279,1,upd1_extended_row_1770
S1771,10.1177/0956797614520714,treatment_a,P01771,6.133,2.938,3.89,35,F,BA,2019-03-21,2242386,0,upd1_extended_row_1771
S1772,10.1177/0956797615575277,treatment_a,P01772,3.677,5.182,4.98,45,F,PhD,2019-08-07,2168882,0,upd1_extended_row_1772
S1773,10.1037/pspa0000226,treatment_a,P01773,3.662,4.564,6.13,49,F,Other,2019-04-28,1075193,0,upd1_extended_row_1773
S1774,10.1073/pnas.1209746109,treatment_b,P01774,4.577,4.188,5.82,43,F,BA,2019-06-25,187037,0,upd1_extended_row_1774
S1775,10.1073/pnas.1209746109,treatment_a,P01775,2.895,4.818,5.77,59,M,Other,2019-12-03,1394994,0,upd1_extended_row_1775
S1776,10.1177/0956797615575277,control,P01776,4.876,3.109,4.87,45,F,Other,2019-10-02,289757,0,upd1_extended_row_1776
S1777,10.1037/pspa0000226,treatment_b,P01777,5.428,3.459,5.23,35,M,MA,2019-03-20,762304,0,upd1_extended_row_1777
S1778,10.1177/0956797615575277,treatment_a,P01778,4.645,4.388,4.63,39,M,HS,2019-07-23,823718,0,upd1_extended_row_1778
S1779,10.1177/0956797615575277,treatment_a,P01779,5.591,4.292,6.55,53,NB,BA,2019-09-15,2345119,0,upd1_extended_row_1779
S1780,10.1177/0956797614520714,treatment_b,P01780,3.687,3.032,6.38,64,F,BA,2019-12-20,497038,0,upd1_extended_row_1780
S1781,10.1073/pnas.1209746109,treatment_b,P01781,5.152,4.738,4.99,22,NB,MA,2019-07-23,1956506,1,upd1_extended_row_1781
S1782,10.1177/0956797614520714,control,P01782,7.896,4.342,4.79,27,M,Other,2019-02-19,1761714,0,upd1_extended_row_1782
S1783,10.1177/0956797614520714,treatment_b,P01783,4.97,4.227,6.56,51,M,MA,2019-10-09,338966,0,upd1_extended_row_1783
S1784,10.1177/0956797614520714,treatment_b,P01784,6.135,2.971,3.04,24,F,MA,2019-06-12,1744271,0,upd1_extended_row_1784
S1785,10.1177/0956797614520714,treatment_b,P01785,5.833,3.347,3.71,19,M,HS,2019-02-21,1953088,1,upd1_extended_row_1785
S1786,10.1177/0956797615575277,control,P01786,4.837,2.65,5.18,38,F,BA,2019-01-28,768486,1,upd1_extended_row_1786
S1787,10.1073/pnas.1209746109,control,P01787,5.205,3.629,5.19,23,F,MA,2019-11-20,818049,0,upd1_extended_row_1787
S1788,10.1037/pspa0000226,treatment_b,P01788,4.903,3.815,4.56,21,M,MA,2019-07-25,1071624,0,upd1_extended_row_1788
S1789,10.1177/0956797614520714,control,P01789,4.681,4.36,5.29,38,F,Other,2019-03-18,1082922,0,upd1_extended_row_1789
S1790,10.1037/pspa0000226,treatment_b,P01790,4.436,3.898,5.49,37,F,PhD,2019-02-15,1600708,0,upd1_extended_row_1790
S1791,10.1073/pnas.1209746109,control,P01791,5.087,3.608,5.64,58,NB,PhD,2019-09-01,1852703,0,upd1_extended_row_1791
S1792,10.1037/pspa0000226,control,P01792,4.074,3.791,4.94,43,M,MA,2019-10-20,499933,0,upd1_extended_row_1792
S1793,10.1073/pnas.1209746109,treatment_b,P01793,3.395,4.576,4.71,60,M,MA,2019-07-12,2194846,1,upd1_extended_row_1793
S1794,10.1177/0956797615575277,treatment_b,P01794,4.719,3.392,5.55,34,F,MA,2019-07-10,875617,0,upd1_extended_row_1794
S1795,10.1177/0956797615575277,control,P01795,4.709,2.064,5.85,64,F,MA,2019-06-15,1592378,0,upd1_extended_row_1795
S1796,10.1073/pnas.1209746109,control,P01796,3.919,2.929,5.03,65,M,PhD,2019-08-08,1183974,0,upd1_extended_row_1796
S1797,10.1177/0956797614520714,treatment_a,P01797,4.339,3.127,5.62,58,F,MA,2019-09-02,2059213,1,upd1_extended_row_1797
S1798,10.1177/0956797615575277,control,P01798,5.297,4.718,4.26,19,F,HS,2019-02-15,1990900,0,upd1_extended_row_1798
S1799,10.1037/pspa0000226,control,P01799,2.476,3.072,5.79,24,NB,HS,2019-05-27,1901785,0,upd1_extended_row_1799
S1800,10.1177/0956797615575277,treatment_b,P01800,3.015,3.294,5.12,45,M,MA,2019-03-18,1812188,0,upd1_extended_row_1800
S1801,10.1073/pnas.1209746109,control,P01801,1.208,3.622,4.64,23,F,HS,2019-11-12,586198,0,upd1_extended_row_1801
S1802,10.1073/pnas.1209746109,control,P01802,2.832,4.553,5.82,25,M,PhD,2019-09-24,1838013,0,upd1_extended_row_1802
S1803,10.1037/pspa0000226,treatment_a,P01803,5.289,3.019,6.38,58,M,PhD,2019-11-08,1113393,0,upd1_extended_row_1803
S1804,10.1177/0956797615575277,treatment_a,P01804,3.486,3.364,4.25,50,M,HS,2019-09-22,277059,0,upd1_extended_row_1804
S1805,10.1177/0956797614520714,treatment_a,P01805,6.034,2.394,4.76,50,M,MA,2019-01-25,420011,0,upd1_extended_row_1805
S1806,10.1177/0956797614520714,control,P01806,3.998,4.303,4.58,65,M,HS,2019-12-28,2294738,0,upd1_extended_row_1806
S1807,10.1037/pspa0000226,treatment_b,P01807,4.802,4.349,4.0,28,NB,MA,2019-11-28,1348866,0,upd1_extended_row_1807
S1808,10.1177/0956797614520714,treatment_b,P01808,4.889,3.328,4.75,34,M,BA,2019-11-02,751370,0,upd1_extended_row_1808
S1809,10.1037/pspa0000226,treatment_b,P01809,4.86,2.475,5.48,61,F,HS,2019-10-25,2335408,0,upd1_extended_row_1809
S1810,10.1177/0956797614520714,treatment_b,P01810,5.5,3.722,4.86,43,M,Other,2019-05-12,1495867,0,upd1_extended_row_1810
S1811,10.1177/0956797614520714,treatment_a,P01811,2.624,2.855,4.74,33,NB,MA,2019-02-22,338120,0,upd1_extended_row_1811
S1812,10.1177/0956797614520714,treatment_a,P01812,4.195,3.49,4.94,46,M,BA,2019-04-10,1633353,0,upd1_extended_row_1812
S1813,10.1177/0956797614520714,treatment_b,P01813,6.434,2.912,3.42,57,F,BA,2019-04-24,1203399,0,upd1_extended_row_1813
S1814,10.1177/0956797615575277,treatment_b,P01814,4.149,4.778,4.79,42,M,BA,2019-06-20,1493951,0,upd1_extended_row_1814
S1815,10.1177/0956797615575277,treatment_b,P01815,6.442,5.36,5.02,26,M,BA,2019-12-12,402779,0,upd1_extended_row_1815
S1816,10.1073/pnas.1209746109,treatment_b,P01816,3.939,2.383,5.13,43,F,BA,2019-05-27,1319197,0,upd1_extended_row_1816
S1817,10.1037/pspa0000226,treatment_b,P01817,4.45,2.895,4.62,36,F,HS,2019-09-01,642597,0,upd1_extended_row_1817
S1818,10.1177/0956797614520714,control,P01818,4.462,3.445,5.44,60,M,MA,2019-03-23,2003466,0,upd1_extended_row_1818
S1819,10.1177/0956797615575277,control,P01819,3.815,3.682,5.42,21,F,Other,2019-10-12,313545,0,upd1_extended_row_1819
S1820,10.1073/pnas.1209746109,treatment_a,P01820,4.48,4.482,5.67,49,F,MA,2019-05-04,1185643,0,upd1_extended_row_1820
S1821,10.1037/pspa0000226,treatment_a,P01821,2.537,6.327,4.95,59,F,MA,2019-12-26,365596,0,upd1_extended_row_1821
S1822,10.1037/pspa0000226,treatment_b,P01822,3.738,2.103,5.01,34,F,MA,2019-09-07,1581882,0,upd1_extended_row_1822
S1823,10.1073/pnas.1209746109,treatment_a,P01823,3.81,4.147,5.07,64,M,MA,2019-03-20,1800776,0,upd1_extended_row_1823
S1824,10.1037/pspa0000226,control,P01824,5.722,2.928,5.39,40,F,MA,2019-02-13,1791497,0,upd1_extended_row_1824
S1825,10.1177/0956797615575277,treatment_a,P01825,5.797,3.723,4.16,47,M,HS,2019-04-14,1775875,0,upd1_extended_row_1825
S1826,10.1073/pnas.1209746109,control,P01826,5.535,2.685,5.16,20,M,MA,2019-09-22,2367942,0,upd1_extended_row_1826
S1827,10.1177/0956797615575277,treatment_a,P01827,6.322,3.785,4.85,47,M,MA,2019-04-08,1451040,0,upd1_extended_row_1827
S1828,10.1177/0956797614520714,treatment_b,P01828,3.411,2.764,4.4,24,F,MA,2019-08-14,1568661,1,upd1_extended_row_1828
S1829,10.1037/pspa0000226,treatment_a,P01829,4.665,2.458,3.63,19,F,MA,2019-07-22,533388,0,upd1_extended_row_1829
S1830,10.1037/pspa0000226,treatment_b,P01830,3.855,2.811,5.37,61,F,HS,2019-12-19,1377097,0,upd1_extended_row_1830
S1831,10.1073/pnas.1209746109,control,P01831,4.333,3.665,4.64,39,M,Other,2019-01-08,1792776,0,upd1_extended_row_1831
S1832,10.1073/pnas.1209746109,control,P01832,2.667,4.445,4.33,28,F,PhD,2019-09-04,1772879,0,upd1_extended_row_1832
S1833,10.1177/0956797615575277,control,P01833,5.739,2.465,4.13,40,M,MA,2019-01-19,823140,0,upd1_extended_row_1833
S1834,10.1037/pspa0000226,treatment_a,P01834,4.237,4.304,5.94,44,F,BA,2019-12-16,1965800,0,upd1_extended_row_1834
S1835,10.1037/pspa0000226,treatment_b,P01835,5.31,3.38,3.91,28,F,BA,2019-07-01,2225248,1,upd1_extended_row_1835
S1836,10.1177/0956797615575277,treatment_b,P01836,4.123,5.469,4.88,29,NB,BA,2019-07-17,912367,0,upd1_extended_row_1836
S1837,10.1177/0956797614520714,control,P01837,4.886,4.784,4.96,51,F,HS,2019-01-07,751028,0,upd1_extended_row_1837
S1838,10.1177/0956797615575277,treatment_a,P01838,5.275,4.866,4.85,43,F,Other,2019-06-15,1991179,1,upd1_extended_row_1838
S1839,10.1037/pspa0000226,control,P01839,5.732,3.74,5.39,36,F,Other,2019-09-28,1198607,0,upd1_extended_row_1839
S1840,10.1177/0956797615575277,control,P01840,3.29,2.745,5.54,50,M,HS,2019-02-03,239353,0,upd1_extended_row_1840
S1841,10.1177/0956797615575277,treatment_a,P01841,6.309,5.65,5.22,52,M,MA,2019-06-18,1280518,0,upd1_extended_row_1841
S1842,10.1073/pnas.1209746109,control,P01842,5.731,2.093,3.39,36,F,BA,2019-11-17,748049,0,upd1_extended_row_1842
S1843,10.1037/pspa0000226,treatment_a,P01843,4.211,3.194,4.62,62,M,Other,2019-07-23,744471,0,upd1_extended_row_1843
S1844,10.1037/pspa0000226,treatment_b,P01844,3.34,3.839,4.59,37,NB,HS,2019-02-04,1348162,0,upd1_extended_row_1844
S1845,10.1037/pspa0000226,treatment_a,P01845,3.638,3.162,5.36,62,F,PhD,2019-01-19,598769,0,upd1_extended_row_1845
S1846,10.1037/pspa0000226,treatment_a,P01846,6.16,4.082,5.29,43,M,HS,2019-08-10,1232313,0,upd1_extended_row_1846
S1847,10.1073/pnas.1209746109,control,P01847,4.591,3.693,5.7,62,F,MA,2019-02-22,2194679,1,upd1_extended_row_1847
S1848,10.1037/pspa0000226,control,P01848,3.482,2.313,3.76,32,F,HS,2019-06-06,1380779,0,upd1_extended_row_1848
S1849,10.1073/pnas.1209746109,control,P01849,3.564,3.435,5.61,25,NB,MA,2019-07-09,2393861,0,upd1_extended_row_1849
S1850,10.1177/0956797614520714,control,P01850,4.333,4.507,5.53,35,M,Other,2019-06-19,1250224,0,upd1_extended_row_1850
S1851,10.1037/pspa0000226,treatment_b,P01851,2.741,2.95,4.86,40,F,Other,2019-05-23,1418950,0,upd1_extended_row_1851
S1852,10.1037/pspa0000226,control,P01852,2.834,3.162,5.32,20,NB,HS,2019-07-07,2094741,0,upd1_extended_row_1852
S1853,10.1177/0956797615575277,control,P01853,5.15,4.167,4.14,32,F,MA,2019-05-15,1851446,0,upd1_extended_row_1853
S1854,10.1037/pspa0000226,treatment_a,P01854,1.81,4.166,4.6,20,M,HS,2019-12-24,356173,0,upd1_extended_row_1854
S1855,10.1177/0956797615575277,control,P01855,4.786,5.735,2.84,32,M,HS,2019-12-26,1651537,0,upd1_extended_row_1855
S1856,10.1073/pnas.1209746109,treatment_b,P01856,2.017,3.841,5.25,54,F,Other,2019-05-11,614184,0,upd1_extended_row_1856
S1857,10.1073/pnas.1209746109,treatment_b,P01857,5.153,5.4,5.39,27,F,HS,2019-11-22,566226,0,upd1_extended_row_1857
S1858,10.1037/pspa0000226,control,P01858,5.632,2.54,4.22,53,F,HS,2019-10-14,580251,0,upd1_extended_row_1858
S1859,10.1177/0956797615575277,treatment_a,P01859,4.302,3.211,4.08,62,M,HS,2019-03-16,271342,0,upd1_extended_row_1859
S1860,10.1177/0956797614520714,treatment_a,P01860,4.829,4.414,4.81,54,NB,HS,2019-04-07,1884229,0,upd1_extended_row_1860
S1861,10.1073/pnas.1209746109,treatment_b,P01861,4.296,2.889,4.01,55,F,MA,2019-06-07,1298479,0,upd1_extended_row_1861
S1862,10.1073/pnas.1209746109,treatment_b,P01862,7.583,4.046,5.59,26,F,Other,2019-10-18,1339358,0,upd1_extended_row_1862
S1863,10.1177/0956797614520714,treatment_b,P01863,5.959,3.853,5.08,63,F,MA,2019-06-08,1871849,0,upd1_extended_row_1863
S1864,10.1177/0956797614520714,control,P01864,3.995,4.49,4.65,43,M,Other,2019-02-08,2130865,1,upd1_extended_row_1864
S1865,10.1177/0956797614520714,treatment_a,P01865,2.196,5.368,5.62,25,F,BA,2019-12-08,347075,0,upd1_extended_row_1865
S1866,10.1177/0956797614520714,treatment_b,P01866,2.14,4.002,5.84,29,F,HS,2019-12-18,1632685,0,upd1_extended_row_1866
S1867,10.1037/pspa0000226,treatment_b,P01867,3.136,3.968,6.69,39,M,PhD,2019-11-06,1202710,0,upd1_extended_row_1867
S1868,10.1177/0956797615575277,control,P01868,2.805,4.999,4.35,42,F,HS,2019-09-08,1328375,0,upd1_extended_row_1868
S1869,10.1177/0956797614520714,control,P01869,4.115,3.326,4.37,28,F,Other,2019-06-11,216126,0,upd1_extended_row_1869
S1870,10.1177/0956797615575277,control,P01870,5.746,3.13,5.19,31,M,PhD,2019-06-12,1594801,0,upd1_extended_row_1870
S1871,10.1177/0956797614520714,treatment_b,P01871,3.429,5.046,5.05,60,M,BA,2019-04-16,322588,0,upd1_extended_row_1871
S1872,10.1177/0956797615575277,treatment_a,P01872,5.23,4.125,4.4,39,NB,HS,2019-01-04,1281881,0,upd1_extended_row_1872
S1873,10.1037/pspa0000226,treatment_b,P01873,4.323,3.987,5.2,33,NB,PhD,2019-07-13,870002,0,upd1_extended_row_1873
S1874,10.1073/pnas.1209746109,treatment_b,P01874,4.993,3.244,5.0,56,F,PhD,2019-01-04,2299494,0,upd1_extended_row_1874
S1875,10.1037/pspa0000226,treatment_b,P01875,3.013,5.884,6.04,55,M,Other,2019-01-17,1886937,0,upd1_extended_row_1875
S1876,10.1037/pspa0000226,control,P01876,5.891,4.711,3.74,58,M,BA,2019-07-21,1527870,0,upd1_extended_row_1876
S1877,10.1177/0956797614520714,treatment_b,P01877,1.51,4.033,5.48,63,F,PhD,2019-05-14,565115,0,upd1_extended_row_1877
S1878,10.1177/0956797614520714,treatment_a,P01878,2.053,3.662,4.48,20,F,PhD,2019-07-14,462323,0,upd1_extended_row_1878
S1879,10.1177/0956797614520714,treatment_a,P01879,6.436,2.525,4.65,27,M,MA,2019-07-03,381512,0,upd1_extended_row_1879
S1880,10.1177/0956797615575277,control,P01880,3.738,3.4,4.56,43,M,Other,2019-01-06,1637134,0,upd1_extended_row_1880
S1881,10.1177/0956797614520714,control,P01881,5.427,3.221,5.41,60,F,PhD,2019-04-10,324514,0,upd1_extended_row_1881
S1882,10.1037/pspa0000226,treatment_b,P01882,2.443,3.227,4.25,46,NB,Other,2019-08-05,2270183,0,upd1_extended_row_1882
S1883,10.1177/0956797614520714,treatment_b,P01883,5.481,4.559,6.43,18,NB,MA,2019-01-21,2356658,0,upd1_extended_row_1883
S1884,10.1037/pspa0000226,treatment_b,P01884,4.603,4.121,5.28,29,F,BA,2019-10-23,1766627,0,upd1_extended_row_1884
S1885,10.1037/pspa0000226,treatment_b,P01885,3.992,3.968,6.87,50,F,BA,2019-06-23,1490074,0,upd1_extended_row_1885
S1886,10.1177/0956797615575277,treatment_b,P01886,4.209,4.111,4.79,51,F,BA,2019-02-24,943952,0,upd1_extended_row_1886
S1887,10.1073/pnas.1209746109,treatment_b,P01887,5.309,3.819,3.18,40,F,PhD,2019-03-25,485493,0,upd1_extended_row_1887
S1888,10.1037/pspa0000226,control,P01888,3.194,2.913,6.35,39,F,MA,2019-10-12,2329762,0,upd1_extended_row_1888
S1889,10.1073/pnas.1209746109,treatment_b,P01889,5.916,2.988,5.21,56,F,PhD,2019-07-03,397486,0,upd1_extended_row_1889
S1890,10.1073/pnas.1209746109,control,P01890,3.571,4.255,4.59,26,F,PhD,2019-06-06,2137318,0,upd1_extended_row_1890
S1891,10.1177/0956797614520714,control,P01891,0.258,2.87,5.17,49,M,Other,2019-04-16,669740,0,upd1_extended_row_1891
S1892,10.1073/pnas.1209746109,treatment_a,P01892,5.629,3.604,6.05,33,NB,MA,2019-12-25,641633,0,upd1_extended_row_1892
S1893,10.1177/0956797614520714,treatment_a,P01893,5.131,4.295,6.4,52,NB,PhD,2019-02-05,1552204,0,upd1_extended_row_1893
S1894,10.1073/pnas.1209746109,control,P01894,4.342,4.509,5.25,65,F,HS,2019-02-17,2125644,0,upd1_extended_row_1894
S1895,10.1177/0956797614520714,treatment_a,P01895,4.394,6.136,5.12,47,F,HS,2019-08-07,416332,0,upd1_extended_row_1895
S1896,10.1073/pnas.1209746109,treatment_a,P01896,4.088,3.502,6.28,33,M,Other,2019-04-07,421742,0,upd1_extended_row_1896
S1897,10.1177/0956797614520714,control,P01897,5.332,3.123,5.95,51,F,Other,2019-03-12,275764,1,upd1_extended_row_1897
S1898,10.1177/0956797614520714,treatment_b,P01898,2.111,3.025,4.29,44,NB,PhD,2019-09-25,1734026,0,upd1_extended_row_1898
S1899,10.1177/0956797615575277,treatment_a,P01899,4.037,4.329,4.11,64,NB,MA,2019-06-01,2270533,0,upd1_extended_row_1899
S1900,10.1177/0956797615575277,treatment_a,P01900,3.014,4.809,4.28,31,M,Other,2019-11-27,1056991,0,upd1_extended_row_1900
S1901,10.1037/pspa0000226,control,P01901,4.968,2.686,3.91,57,F,PhD,2019-05-13,2324266,0,upd1_extended_row_1901
S1902,10.1177/0956797614520714,treatment_a,P01902,6.644,2.854,4.59,21,F,BA,2019-06-14,1212888,0,upd1_extended_row_1902
S1903,10.1177/0956797615575277,treatment_a,P01903,3.648,3.181,5.22,61,M,MA,2019-01-21,1728814,0,upd1_extended_row_1903
S1904,10.1177/0956797614520714,treatment_a,P01904,3.556,4.771,4.79,31,M,MA,2019-09-14,1808940,0,upd1_extended_row_1904
S1905,10.1177/0956797614520714,control,P01905,4.039,3.873,3.76,41,M,PhD,2019-01-02,2297827,0,upd1_extended_row_1905
S1906,10.1073/pnas.1209746109,control,P01906,5.735,4.971,3.36,25,M,HS,2019-02-01,417253,0,upd1_extended_row_1906
S1907,10.1037/pspa0000226,treatment_b,P01907,5.263,3.181,6.1,26,F,BA,2019-05-12,1545963,0,upd1_extended_row_1907
S1908,10.1177/0956797614520714,treatment_b,P01908,4.932,3.254,5.43,42,F,PhD,2019-02-21,2354218,0,upd1_extended_row_1908
S1909,10.1177/0956797615575277,control,P01909,3.851,2.502,4.81,43,F,HS,2019-05-26,1570846,0,upd1_extended_row_1909
S1910,10.1177/0956797614520714,treatment_b,P01910,3.594,4.472,5.46,34,F,PhD,2019-10-20,705048,1,upd1_extended_row_1910
S1911,10.1037/pspa0000226,treatment_a,P01911,5.518,4.724,4.62,63,F,MA,2019-04-01,290261,0,upd1_extended_row_1911
S1912,10.1073/pnas.1209746109,treatment_a,P01912,4.14,4.472,5.74,57,M,HS,2019-12-03,347922,0,upd1_extended_row_1912
S1913,10.1177/0956797615575277,treatment_b,P01913,5.067,3.006,5.17,52,F,Other,2019-09-02,816365,0,upd1_extended_row_1913
S1914,10.1177/0956797615575277,control,P01914,4.175,3.139,5.73,48,M,BA,2019-01-16,2313468,0,upd1_extended_row_1914
S1915,10.1177/0956797614520714,control,P01915,3.975,3.638,5.63,39,F,HS,2019-08-25,2003922,1,upd1_extended_row_1915
S1916,10.1073/pnas.1209746109,treatment_a,P01916,2.981,2.767,3.41,59,NB,HS,2019-02-07,1204289,0,upd1_extended_row_1916
S1917,10.1073/pnas.1209746109,treatment_b,P01917,4.298,2.077,5.4,33,F,BA,2019-11-14,1613100,0,upd1_extended_row_1917
S1918,10.1177/0956797615575277,control,P01918,3.828,2.203,5.32,20,F,MA,2019-07-19,822764,0,upd1_extended_row_1918
S1919,10.1037/pspa0000226,control,P01919,4.025,3.444,5.39,40,F,MA,2019-10-22,692585,0,upd1_extended_row_1919
S1920,10.1073/pnas.1209746109,control,P01920,4.832,3.261,5.12,24,F,Other,2019-06-02,1730644,0,upd1_extended_row_1920
S1921,10.1037/pspa0000226,treatment_a,P01921,2.399,2.413,4.7,29,F,MA,2019-11-04,1869453,0,upd1_extended_row_1921
S1922,10.1037/pspa0000226,treatment_b,P01922,5.805,4.532,4.12,48,M,BA,2019-01-22,270192,0,upd1_extended_row_1922
S1923,10.1177/0956797615575277,treatment_b,P01923,3.107,2.899,4.53,40,M,Other,2019-07-16,725108,0,upd1_extended_row_1923
S1924,10.1177/0956797615575277,treatment_a,P01924,1.506,3.309,5.36,54,F,Other,2019-12-04,1874361,1,upd1_extended_row_1924
S1925,10.1037/pspa0000226,treatment_b,P01925,4.761,5.31,3.42,31,M,HS,2019-05-28,2168068,0,upd1_extended_row_1925
S1926,10.1177/0956797614520714,control,P01926,4.495,3.197,4.59,42,F,MA,2019-08-06,836680,0,upd1_extended_row_1926
S1927,10.1073/pnas.1209746109,treatment_b,P01927,5.961,4.472,5.41,29,M,MA,2019-03-26,828885,0,upd1_extended_row_1927
S1928,10.1177/0956797615575277,treatment_b,P01928,5.093,3.965,5.33,23,M,Other,2019-07-13,1001050,1,upd1_extended_row_1928
S1929,10.1037/pspa0000226,control,P01929,4.399,4.563,5.52,65,F,MA,2019-04-16,1037913,0,upd1_extended_row_1929
S1930,10.1177/0956797615575277,treatment_a,P01930,5.094,3.696,5.3,40,M,PhD,2019-12-19,1997295,0,upd1_extended_row_1930
S1931,10.1177/0956797614520714,treatment_b,P01931,6.851,4.594,5.29,40,F,Other,2019-06-05,1743858,0,upd1_extended_row_1931
S1932,10.1177/0956797615575277,treatment_b,P01932,5.091,4.32,3.48,20,M,BA,2019-02-07,1480093,0,upd1_extended_row_1932
S1933,10.1073/pnas.1209746109,treatment_a,P01933,5.994,4.182,4.95,18,F,BA,2019-09-26,1788543,0,upd1_extended_row_1933
S1934,10.1177/0956797615575277,treatment_a,P01934,5.082,2.993,6.04,47,F,PhD,2019-12-28,1261770,0,upd1_extended_row_1934
S1935,10.1073/pnas.1209746109,treatment_a,P01935,5.176,3.352,6.11,43,F,MA,2019-06-05,1948590,0,upd1_extended_row_1935
S1936,10.1177/0956797615575277,treatment_b,P01936,4.671,4.003,4.65,61,F,MA,2019-04-08,799485,0,upd1_extended_row_1936
S1937,10.1177/0956797615575277,treatment_b,P01937,3.209,4.032,5.07,28,F,MA,2019-04-05,1387129,0,upd1_extended_row_1937
S1938,10.1073/pnas.1209746109,treatment_b,P01938,3.822,3.344,3.75,21,M,MA,2019-03-26,713368,0,upd1_extended_row_1938
S1939,10.1177/0956797615575277,treatment_a,P01939,5.362,4.942,6.71,40,F,BA,2019-12-27,353634,0,upd1_extended_row_1939
S1940,10.1037/pspa0000226,treatment_a,P01940,6.362,2.535,6.36,45,M,PhD,2019-02-05,1425678,0,upd1_extended_row_1940
S1941,10.1177/0956797615575277,control,P01941,3.909,3.141,5.7,43,M,HS,2019-05-03,198667,0,upd1_extended_row_1941
S1942,10.1073/pnas.1209746109,control,P01942,3.866,4.663,4.01,27,F,MA,2019-10-04,799083,0,upd1_extended_row_1942
S1943,10.1177/0956797615575277,treatment_b,P01943,2.873,3.525,5.08,58,M,Other,2019-06-20,1378195,0,upd1_extended_row_1943
S1944,10.1073/pnas.1209746109,treatment_b,P01944,3.801,3.459,4.6,51,F,MA,2019-07-20,2203336,0,upd1_extended_row_1944
S1945,10.1177/0956797614520714,treatment_a,P01945,4.942,4.215,4.65,44,NB,Other,2019-01-19,908091,0,upd1_extended_row_1945
S1946,10.1177/0956797615575277,control,P01946,3.047,5.782,4.59,24,NB,MA,2019-07-01,2359613,0,upd1_extended_row_1946
S1947,10.1177/0956797614520714,treatment_a,P01947,2.957,3.675,5.14,65,F,HS,2019-02-10,1804950,0,upd1_extended_row_1947
S1948,10.1037/pspa0000226,treatment_a,P01948,3.182,2.625,3.9,64,F,BA,2019-05-03,563935,1,upd1_extended_row_1948
S1949,10.1177/0956797614520714,treatment_b,P01949,4.585,4.619,6.43,58,F,MA,2019-08-15,822956,0,upd1_extended_row_1949
S1950,10.1177/0956797615575277,control,P01950,5.52,3.12,6.16,51,M,BA,2019-10-28,899563,0,upd1_extended_row_1950
S1951,10.1177/0956797614520714,treatment_b,P01951,5.228,4.43,4.32,53,F,MA,2019-08-01,1248614,0,upd1_extended_row_1951
S1952,10.1177/0956797614520714,treatment_a,P01952,6.552,4.804,4.2,46,F,BA,2019-07-13,2240789,0,upd1_extended_row_1952
S1953,10.1177/0956797615575277,treatment_a,P01953,5.31,4.257,2.84,59,F,HS,2019-05-02,1307559,0,upd1_extended_row_1953
S1954,10.1073/pnas.1209746109,treatment_b,P01954,5.277,3.616,7.07,49,F,HS,2019-12-16,1684639,0,upd1_extended_row_1954
S1955,10.1177/0956797615575277,treatment_b,P01955,5.464,3.748,5.06,49,M,HS,2019-03-21,219252,0,upd1_extended_row_1955
S1956,10.1073/pnas.1209746109,treatment_b,P01956,3.698,4.561,4.27,46,M,MA,2019-11-23,610904,0,upd1_extended_row_1956
S1957,10.1177/0956797615575277,treatment_a,P01957,5.147,4.314,4.91,63,F,PhD,2019-12-19,1348038,0,upd1_extended_row_1957
S1958,10.1073/pnas.1209746109,treatment_a,P01958,5.748,4.266,4.47,55,M,PhD,2019-01-07,1040500,0,upd1_extended_row_1958
S1959,10.1177/0956797614520714,control,P01959,2.136,3.638,3.35,58,M,MA,2019-04-26,2343337,0,upd1_extended_row_1959
S1960,10.1073/pnas.1209746109,control,P01960,1.774,4.525,4.6,30,F,BA,2019-12-10,583829,0,upd1_extended_row_1960
S1961,10.1177/0956797614520714,treatment_a,P01961,7.089,2.67,4.61,20,NB,Other,2019-12-16,663883,0,upd1_extended_row_1961
S1962,10.1177/0956797614520714,control,P01962,3.118,3.728,4.87,51,F,Other,2019-12-06,2015646,0,upd1_extended_row_1962
S1963,10.1177/0956797614520714,treatment_a,P01963,1.786,3.706,4.67,49,F,HS,2019-03-27,2231814,0,upd1_extended_row_1963
S1964,10.1037/pspa0000226,control,P01964,5.945,3.049,5.96,42,F,HS,2019-04-24,1923966,0,upd1_extended_row_1964
S1965,10.1177/0956797615575277,treatment_b,P01965,5.933,4.434,5.13,60,M,Other,2019-01-03,496480,1,upd1_extended_row_1965
S1966,10.1073/pnas.1209746109,treatment_b,P01966,6.791,5.665,5.12,52,F,BA,2019-03-22,981924,0,upd1_extended_row_1966
S1967,10.1037/pspa0000226,control,P01967,6.06,5.047,4.87,56,M,PhD,2019-12-02,1058192,0,upd1_extended_row_1967
S1968,10.1073/pnas.1209746109,control,P01968,2.841,4.277,5.53,45,NB,PhD,2019-12-01,862477,0,upd1_extended_row_1968
S1969,10.1177/0956797614520714,treatment_b,P01969,5.911,3.31,3.91,40,F,PhD,2019-12-18,1386842,0,upd1_extended_row_1969
S1970,10.1073/pnas.1209746109,treatment_b,P01970,5.859,7.717,4.58,53,M,BA,2019-04-26,721444,0,upd1_extended_row_1970
S1971,10.1177/0956797614520714,control,P01971,6.401,2.348,4.97,61,F,MA,2019-09-11,807196,0,upd1_extended_row_1971
S1972,10.1177/0956797614520714,control,P01972,5.651,5.114,4.51,62,F,HS,2019-09-08,2211564,0,upd1_extended_row_1972
S1973,10.1177/0956797615575277,control,P01973,4.991,4.012,4.85,49,F,MA,2019-09-11,1845115,0,upd1_extended_row_1973
S1974,10.1177/0956797615575277,treatment_b,P01974,4.888,3.454,4.83,36,F,MA,2019-05-09,1414795,0,upd1_extended_row_1974
S1975,10.1037/pspa0000226,control,P01975,5.662,3.231,5.37,20,F,PhD,2019-07-27,1413749,0,upd1_extended_row_1975
S1976,10.1177/0956797615575277,treatment_b,P01976,2.036,4.215,4.93,60,F,PhD,2019-08-09,1843584,0,upd1_extended_row_1976
S1977,10.1177/0956797614520714,control,P01977,3.257,5.217,6.09,19,F,Other,2019-10-18,2232703,0,upd1_extended_row_1977
S1978,10.1037/pspa0000226,treatment_b,P01978,3.964,5.074,5.99,44,M,Other,2019-08-14,587331,0,upd1_extended_row_1978
S1979,10.1073/pnas.1209746109,control,P01979,3.992,4.144,5.5,52,F,HS,2019-07-03,1002528,0,upd1_extended_row_1979
S1980,10.1177/0956797614520714,control,P01980,6.594,3.902,5.62,52,F,HS,2019-12-09,1986867,0,upd1_extended_row_1980
S1981,10.1037/pspa0000226,treatment_b,P01981,4.86,3.614,4.4,32,M,Other,2019-10-18,275197,0,upd1_extended_row_1981
S1982,10.1177/0956797615575277,treatment_a,P01982,4.18,4.484,5.4,41,F,Other,2019-02-02,468750,0,upd1_extended_row_1982
S1983,10.1073/pnas.1209746109,control,P01983,4.444,2.667,5.45,62,F,HS,2019-04-28,1753629,0,upd1_extended_row_1983
S1984,10.1073/pnas.1209746109,treatment_a,P01984,2.835,3.559,5.09,56,M,HS,2019-05-22,258848,0,upd1_extended_row_1984
S1985,10.1073/pnas.1209746109,treatment_b,P01985,3.609,5.29,4.54,51,F,MA,2019-04-20,1776718,0,upd1_extended_row_1985
S1986,10.1177/0956797615575277,treatment_b,P01986,2.346,5.525,5.04,57,NB,MA,2019-05-07,1820535,0,upd1_extended_row_1986
S1987,10.1177/0956797615575277,treatment_b,P01987,5.205,2.502,5.58,30,F,HS,2019-08-25,2211683,0,upd1_extended_row_1987
S1988,10.1037/pspa0000226,treatment_a,P01988,4.665,5.95,6.48,51,F,Other,2019-08-21,1309975,0,upd1_extended_row_1988
S1989,10.1073/pnas.1209746109,treatment_a,P01989,2.793,3.469,5.06,36,F,BA,2019-07-12,1944777,0,upd1_extended_row_1989
S1990,10.1073/pnas.1209746109,treatment_a,P01990,5.386,3.626,3.67,59,F,MA,2019-03-09,968594,0,upd1_extended_row_1990
S1991,10.1073/pnas.1209746109,control,P01991,4.271,3.915,5.24,34,NB,HS,2019-07-03,2192873,0,upd1_extended_row_1991
S1992,10.1177/0956797614520714,control,P01992,7.561,5.759,5.52,55,NB,MA,2019-10-15,1385175,0,upd1_extended_row_1992
S1993,10.1177/0956797615575277,treatment_b,P01993,3.707,4.65,5.17,27,NB,Other,2019-05-16,1024417,0,upd1_extended_row_1993
S1994,10.1177/0956797615575277,treatment_b,P01994,5.505,2.749,3.99,53,M,Other,2019-01-13,664560,0,upd1_extended_row_1994
S1995,10.1037/pspa0000226,treatment_b,P01995,4.421,3.815,3.73,54,F,BA,2019-06-17,1791285,1,upd1_extended_row_1995
S1996,10.1177/0956797615575277,treatment_b,P01996,3.81,4.246,4.29,41,NB,PhD,2019-02-08,657074,0,upd1_extended_row_1996
S1997,10.1177/0956797615575277,treatment_a,P01997,4.669,4.403,4.59,60,M,Other,2019-08-17,367650,0,upd1_extended_row_1997
S1998,10.1037/pspa0000226,treatment_b,P01998,7.373,3.756,4.99,49,M,BA,2019-09-20,605944,0,upd1_extended_row_1998
S1999,10.1037/pspa0000226,treatment_a,P01999,3.765,5.238,5.63,47,NB,HS,2019-08-01,282728,0,upd1_extended_row_1999
S2000,10.1177/0956797614520714,treatment_a,P02000,5.728,2.764,4.26,46,M,Other,2019-06-02,583774,0,upd1_extended_row_2000
