order_id,customer_id,symbol,side,qty,fill_price,fill_ts_utc,dispatch_ts_raw,dispatch_tz_stated,dispatch_ts_utc_normalized,settlement_status,customer_loss_usd
ORD-00002001,CX-002,CNTECH,BUY,8225,189.43,2026-03-28T04:13:38Z,2026-03-28T12:13:38+08:00,UTC,2026-03-28T04:13:38Z,PENDING_RESUBMIT,0.00
ORD-00002002,CX-001,SGEX,BUY,5045,6.61,2026-03-28T04:13:52Z,2026-03-28T12:13:52+08:00,UTC,2026-03-28T04:13:52Z,FAILED,871.66
ORD-00002003,CX-001,CNTECH,BUY,8709,114.45,2026-03-28T04:13:56Z,2026-03-28T12:13:56+08:00,UTC,2026-03-28T04:13:56Z,PENDING_RESUBMIT,0.00
ORD-00002004,CX-003,SGEX,BUY,2423,74.20,2026-03-28T04:14:01Z,2026-03-28T00:14:01-04:00,UTC,2026-03-28T04:14:01Z,FAILED,720.61
ORD-00002005,CX-001,HKFIN,SELL,7031,50.51,2026-03-28T04:14:36Z,2026-03-28T12:14:36+08:00,UTC,2026-03-28T04:14:36Z,FAILED,754.46
ORD-00002006,CX-001,AUHLD,BUY,5092,56.46,2026-03-28T04:14:51Z,2026-03-28T12:14:51+08:00,UTC,2026-03-28T04:14:51Z,FAILED,702.86
ORD-00002007,CX-005,JPNBK,BUY,1372,156.01,2026-03-28T04:14:56Z,2026-03-28T12:14:56+08:00,UTC,2026-03-28T04:14:56Z,PENDING_RESUBMIT,0.00
ORD-00002008,CX-003,HKFIN,BUY,9577,156.05,2026-03-28T04:15:22Z,2026-03-28T00:15:22-04:00,UTC,2026-03-28T04:15:22Z,PENDING_RESUBMIT,0.00
ORD-00002009,CX-005,TWSMC,BUY,4104,173.66,2026-03-28T04:15:26Z,2026-03-28T12:15:26+08:00,UTC,2026-03-28T04:15:26Z,FAILED,869.25
ORD-00002010,CX-005,TWSMC,BUY,4943,184.69,2026-03-28T04:15:52Z,2026-03-28T12:15:52+08:00,UTC,2026-03-28T04:15:52Z,PENDING_RESUBMIT,0.00
ORD-00002011,CX-002,KRSEC,SELL,9335,68.81,2026-03-28T04:15:55Z,2026-03-28T12:15:55+08:00,UTC,2026-03-28T04:15:55Z,PENDING_RESUBMIT,0.00
ORD-00002012,CX-002,TWSMC,SELL,2921,178.92,2026-03-28T04:15:56Z,2026-03-28T12:15:56+08:00,UTC,2026-03-28T04:15:56Z,PENDING_RESUBMIT,0.00
ORD-00002013,CX-001,AUHLD,SELL,8855,129.12,2026-03-28T04:16:15Z,2026-03-28T12:16:15+08:00,UTC,2026-03-28T04:16:15Z,PENDING_RESUBMIT,0.00
ORD-00002014,CX-002,SGEX,BUY,3504,79.29,2026-03-28T04:16:15Z,2026-03-28T12:16:15+08:00,UTC,2026-03-28T04:16:15Z,FAILED,743.87
ORD-00002015,CX-002,CNTECH,BUY,9008,84.04,2026-03-28T04:17:09Z,2026-03-28T12:17:09+08:00,UTC,2026-03-28T04:17:09Z,PENDING_RESUBMIT,0.00
ORD-00002016,CX-005,SGEX,BUY,4380,222.02,2026-03-28T04:17:38Z,2026-03-28T12:17:38+08:00,UTC,2026-03-28T04:17:38Z,PENDING_RESUBMIT,0.00
ORD-00002017,CX-001,TWSMC,BUY,2876,170.14,2026-03-28T04:17:58Z,2026-03-28T12:17:58+08:00,UTC,2026-03-28T04:17:58Z,FAILED,743.78
ORD-00002018,CX-005,CNTECH,SELL,7409,57.28,2026-03-28T04:18:12Z,2026-03-28T12:18:12+08:00,UTC,2026-03-28T04:18:12Z,FAILED,805.20
ORD-00002019,CX-002,HKFIN,SELL,3202,107.49,2026-03-28T04:18:36Z,2026-03-28T12:18:36+08:00,UTC,2026-03-28T04:18:36Z,FAILED,587.10
ORD-00002020,CX-001,AUHLD,BUY,1149,69.46,2026-03-28T04:18:46Z,2026-03-28T12:18:46+08:00,UTC,2026-03-28T04:18:46Z,PENDING_RESUBMIT,0.00
ORD-00002021,CX-002,HKFIN,SELL,4007,32.82,2026-03-28T04:19:51Z,2026-03-28T12:19:51+08:00,UTC,2026-03-28T04:19:51Z,FAILED,678.88
ORD-00002022,CX-003,JPNBK,SELL,3973,146.22,2026-03-28T04:20:04Z,2026-03-28T00:20:04-04:00,UTC,2026-03-28T04:20:04Z,PENDING_RESUBMIT,0.00
ORD-00002023,CX-005,TWSMC,SELL,1674,98.08,2026-03-28T04:20:13Z,2026-03-28T12:20:13+08:00,UTC,2026-03-28T04:20:13Z,PENDING_RESUBMIT,0.00
ORD-00002024,CX-003,TWSMC,BUY,1846,101.85,2026-03-28T04:20:16Z,2026-03-28T00:20:16-04:00,UTC,2026-03-28T04:20:16Z,PENDING_RESUBMIT,0.00
ORD-00002025,CX-003,KRSEC,BUY,4890,36.78,2026-03-28T04:21:08Z,2026-03-28T00:21:08-04:00,UTC,2026-03-28T04:21:08Z,PENDING_RESUBMIT,0.00
ORD-00002026,CX-001,KRSEC,SELL,9075,215.87,2026-03-28T04:21:16Z,2026-03-28T12:21:16+08:00,UTC,2026-03-28T04:21:16Z,PENDING_RESUBMIT,0.00
ORD-00002027,CX-001,KRSEC,SELL,2830,173.99,2026-03-28T04:21:22Z,2026-03-28T12:21:22+08:00,UTC,2026-03-28T04:21:22Z,PENDING_RESUBMIT,0.00
ORD-00002028,CX-005,TWSMC,BUY,6039,32.78,2026-03-28T04:21:41Z,2026-03-28T12:21:41+08:00,UTC,2026-03-28T04:21:41Z,PENDING_RESUBMIT,0.00
ORD-00002029,CX-004,TWSMC,SELL,4053,217.99,2026-03-28T04:22:07Z,2026-03-28T12:22:07+08:00,UTC,2026-03-28T04:22:07Z,PENDING_RESUBMIT,0.00
ORD-00002030,CX-005,KRSEC,SELL,3452,50.28,2026-03-28T04:22:11Z,2026-03-28T12:22:11+08:00,UTC,2026-03-28T04:22:11Z,PENDING_RESUBMIT,0.00
ORD-00002031,CX-001,HKFIN,BUY,4919,114.96,2026-03-28T04:22:12Z,2026-03-28T12:22:12+08:00,UTC,2026-03-28T04:22:12Z,FAILED,882.79
ORD-00002032,CX-003,HKFIN,BUY,4525,35.53,2026-03-28T04:22:27Z,2026-03-28T00:22:27-04:00,UTC,2026-03-28T04:22:27Z,FAILED,791.61
ORD-00002033,CX-005,SGEX,BUY,8717,161.63,2026-03-28T04:22:32Z,2026-03-28T12:22:32+08:00,UTC,2026-03-28T04:22:32Z,FAILED,732.76
ORD-00002034,CX-004,AUHLD,SELL,753,90.09,2026-03-28T04:22:40Z,2026-03-28T12:22:40+08:00,UTC,2026-03-28T04:22:40Z,FAILED,725.92
ORD-00002035,CX-005,AUHLD,SELL,3413,181.59,2026-03-28T04:22:47Z,2026-03-28T12:22:47+08:00,UTC,2026-03-28T04:22:47Z,PENDING_RESUBMIT,0.00
ORD-00002036,CX-004,AUHLD,BUY,4768,71.81,2026-03-28T04:23:33Z,2026-03-28T12:23:33+08:00,UTC,2026-03-28T04:23:33Z,PENDING_RESUBMIT,0.00
ORD-00002037,CX-005,TWSMC,BUY,3183,239.64,2026-03-28T04:23:43Z,2026-03-28T12:23:43+08:00,UTC,2026-03-28T04:23:43Z,PENDING_RESUBMIT,0.00
ORD-00002038,CX-001,TWSMC,BUY,1292,51.10,2026-03-28T04:23:56Z,2026-03-28T12:23:56+08:00,UTC,2026-03-28T04:23:56Z,PENDING_RESUBMIT,0.00
ORD-00002039,CX-001,KRSEC,BUY,3179,113.22,2026-03-28T04:23:56Z,2026-03-28T12:23:56+08:00,UTC,2026-03-28T04:23:56Z,FAILED,745.57
ORD-00002040,CX-005,KRSEC,BUY,8984,111.12,2026-03-28T04:24:09Z,2026-03-28T12:24:09+08:00,UTC,2026-03-28T04:24:09Z,FAILED,701.84
ORD-00002041,CX-005,JPNBK,SELL,7799,130.30,2026-03-28T04:24:17Z,2026-03-28T12:24:17+08:00,UTC,2026-03-28T04:24:17Z,PENDING_RESUBMIT,0.00
ORD-00002042,CX-005,TWSMC,SELL,4219,133.25,2026-03-28T04:24:32Z,2026-03-28T12:24:32+08:00,UTC,2026-03-28T04:24:32Z,PENDING_RESUBMIT,0.00
ORD-00002043,CX-003,KRSEC,BUY,9537,178.58,2026-03-28T04:24:53Z,2026-03-28T00:24:53-04:00,UTC,2026-03-28T04:24:53Z,PENDING_RESUBMIT,0.00
ORD-00002044,CX-001,KRSEC,BUY,314,232.90,2026-03-28T04:25:00Z,2026-03-28T12:25:00+08:00,UTC,2026-03-28T04:25:00Z,PENDING_RESUBMIT,0.00
ORD-00002045,CX-005,CNTECH,BUY,1198,245.80,2026-03-28T04:25:04Z,2026-03-28T12:25:04+08:00,UTC,2026-03-28T04:25:04Z,PENDING_RESUBMIT,0.00
ORD-00002046,CX-001,JPNBK,SELL,6959,244.98,2026-03-28T04:25:14Z,2026-03-28T12:25:14+08:00,UTC,2026-03-28T04:25:14Z,FAILED,735.40
ORD-00002047,CX-001,TWSMC,BUY,5473,233.19,2026-03-28T04:25:20Z,2026-03-28T12:25:20+08:00,UTC,2026-03-28T04:25:20Z,PENDING_RESUBMIT,0.00
ORD-00002048,CX-005,HKFIN,BUY,3315,104.42,2026-03-28T04:25:22Z,2026-03-28T12:25:22+08:00,UTC,2026-03-28T04:25:22Z,PENDING_RESUBMIT,0.00
ORD-00002049,CX-001,AUHLD,SELL,2894,58.74,2026-03-28T04:25:38Z,2026-03-28T12:25:38+08:00,UTC,2026-03-28T04:25:38Z,PENDING_RESUBMIT,0.00
ORD-00002050,CX-003,SGEX,SELL,3128,66.80,2026-03-28T04:25:38Z,2026-03-28T00:25:38-04:00,UTC,2026-03-28T04:25:38Z,FAILED,843.40
ORD-00002051,CX-004,TWSMC,SELL,1071,29.85,2026-03-28T04:25:50Z,2026-03-28T12:25:50+08:00,UTC,2026-03-28T04:25:50Z,PENDING_RESUBMIT,0.00
ORD-00002052,CX-002,JPNBK,SELL,9748,16.02,2026-03-28T04:25:59Z,2026-03-28T12:25:59+08:00,UTC,2026-03-28T04:25:59Z,PENDING_RESUBMIT,0.00
ORD-00002053,CX-004,CNTECH,BUY,1688,101.96,2026-03-28T04:26:17Z,2026-03-28T12:26:17+08:00,UTC,2026-03-28T04:26:17Z,PENDING_RESUBMIT,0.00
ORD-00002054,CX-001,KRSEC,SELL,670,35.93,2026-03-28T04:26:46Z,2026-03-28T12:26:46+08:00,UTC,2026-03-28T04:26:46Z,FAILED,779.11
ORD-00002055,CX-004,HKFIN,BUY,6147,93.76,2026-03-28T04:27:49Z,2026-03-28T12:27:49+08:00,UTC,2026-03-28T04:27:49Z,FAILED,724.62
ORD-00002056,CX-001,TWSMC,SELL,1921,195.16,2026-03-28T04:28:12Z,2026-03-28T12:28:12+08:00,UTC,2026-03-28T04:28:12Z,FAILED,856.47
ORD-00002057,CX-005,TWSMC,SELL,9057,217.68,2026-03-28T04:28:17Z,2026-03-28T12:28:17+08:00,UTC,2026-03-28T04:28:17Z,FAILED,766.24
ORD-00002058,CX-003,HKFIN,SELL,8468,180.36,2026-03-28T04:28:22Z,2026-03-28T00:28:22-04:00,UTC,2026-03-28T04:28:22Z,PENDING_RESUBMIT,0.00
ORD-00002059,CX-001,JPNBK,SELL,1871,123.03,2026-03-28T04:28:23Z,2026-03-28T12:28:23+08:00,UTC,2026-03-28T04:28:23Z,PENDING_RESUBMIT,0.00
ORD-00002060,CX-004,HKFIN,BUY,5404,43.31,2026-03-28T04:28:54Z,2026-03-28T12:28:54+08:00,UTC,2026-03-28T04:28:54Z,PENDING_RESUBMIT,0.00
ORD-00002061,CX-004,AUHLD,BUY,4661,16.98,2026-03-28T04:29:04Z,2026-03-28T12:29:04+08:00,UTC,2026-03-28T04:29:04Z,FAILED,861.47
ORD-00002062,CX-005,TWSMC,BUY,1476,74.47,2026-03-28T04:29:08Z,2026-03-28T12:29:08+08:00,UTC,2026-03-28T04:29:08Z,FAILED,792.89
ORD-00002063,CX-003,AUHLD,SELL,408,216.38,2026-03-28T04:29:09Z,2026-03-28T00:29:09-04:00,UTC,2026-03-28T04:29:09Z,PENDING_RESUBMIT,0.00
ORD-00002064,CX-001,HKFIN,SELL,6208,229.89,2026-03-28T04:29:13Z,2026-03-28T12:29:13+08:00,UTC,2026-03-28T04:29:13Z,PENDING_RESUBMIT,0.00
ORD-00002065,CX-004,KRSEC,BUY,1297,192.94,2026-03-28T04:29:28Z,2026-03-28T12:29:28+08:00,UTC,2026-03-28T04:29:28Z,PENDING_RESUBMIT,0.00
ORD-00002066,CX-004,AUHLD,BUY,1253,220.66,2026-03-28T04:29:28Z,2026-03-28T12:29:28+08:00,UTC,2026-03-28T04:29:28Z,FAILED,905.80
ORD-00002067,CX-001,KRSEC,BUY,7310,91.04,2026-03-28T04:29:46Z,2026-03-28T12:29:46+08:00,UTC,2026-03-28T04:29:46Z,FAILED,730.07
ORD-00002068,CX-003,TWSMC,BUY,2596,143.89,2026-03-28T04:29:51Z,2026-03-28T00:29:51-04:00,UTC,2026-03-28T04:29:51Z,FAILED,722.88
ORD-00002069,CX-005,CNTECH,SELL,4674,82.35,2026-03-28T04:30:28Z,2026-03-28T12:30:28+08:00,UTC,2026-03-28T04:30:28Z,FAILED,701.04
ORD-00002070,CX-003,JPNBK,SELL,1038,158.36,2026-03-28T04:31:03Z,2026-03-28T00:31:03-04:00,UTC,2026-03-28T04:31:03Z,FAILED,871.07
ORD-00002071,CX-001,TWSMC,SELL,1268,24.38,2026-03-28T04:31:57Z,2026-03-28T12:31:57+08:00,UTC,2026-03-28T04:31:57Z,PENDING_RESUBMIT,0.00
ORD-00002072,CX-003,KRSEC,SELL,2118,110.93,2026-03-28T04:32:26Z,2026-03-28T00:32:26-04:00,UTC,2026-03-28T04:32:26Z,PENDING_RESUBMIT,0.00
ORD-00002073,CX-005,CNTECH,BUY,4735,84.38,2026-03-28T04:32:47Z,2026-03-28T12:32:47+08:00,UTC,2026-03-28T04:32:47Z,PENDING_RESUBMIT,0.00
ORD-00002074,CX-001,CNTECH,SELL,4764,163.87,2026-03-28T04:32:56Z,2026-03-28T12:32:56+08:00,UTC,2026-03-28T04:32:56Z,FAILED,707.83
ORD-00002075,CX-003,TWSMC,SELL,2217,153.22,2026-03-28T04:33:02Z,2026-03-28T00:33:02-04:00,UTC,2026-03-28T04:33:02Z,PENDING_RESUBMIT,0.00
ORD-00002076,CX-004,KRSEC,BUY,7928,125.74,2026-03-28T04:33:22Z,2026-03-28T12:33:22+08:00,UTC,2026-03-28T04:33:22Z,PENDING_RESUBMIT,0.00
ORD-00002077,CX-001,HKFIN,BUY,5682,180.65,2026-03-28T04:33:56Z,2026-03-28T12:33:56+08:00,UTC,2026-03-28T04:33:56Z,PENDING_RESUBMIT,0.00
ORD-00002078,CX-005,JPNBK,SELL,2140,28.44,2026-03-28T04:33:56Z,2026-03-28T12:33:56+08:00,UTC,2026-03-28T04:33:56Z,PENDING_RESUBMIT,0.00
ORD-00002079,CX-004,CNTECH,SELL,108,66.68,2026-03-28T04:34:15Z,2026-03-28T12:34:15+08:00,UTC,2026-03-28T04:34:15Z,PENDING_RESUBMIT,0.00
ORD-00002080,CX-004,KRSEC,SELL,7225,16.89,2026-03-28T04:34:22Z,2026-03-28T12:34:22+08:00,UTC,2026-03-28T04:34:22Z,PENDING_RESUBMIT,0.00
ORD-00002081,CX-003,JPNBK,BUY,9608,130.49,2026-03-28T04:35:07Z,2026-03-28T00:35:07-04:00,UTC,2026-03-28T04:35:07Z,PENDING_RESUBMIT,0.00
ORD-00002082,CX-005,AUHLD,SELL,3466,96.38,2026-03-28T04:35:35Z,2026-03-28T12:35:35+08:00,UTC,2026-03-28T04:35:35Z,PENDING_RESUBMIT,0.00
ORD-00002083,CX-003,JPNBK,SELL,3272,89.07,2026-03-28T04:35:36Z,2026-03-28T00:35:36-04:00,UTC,2026-03-28T04:35:36Z,PENDING_RESUBMIT,0.00
ORD-00002084,CX-003,JPNBK,BUY,6006,231.21,2026-03-28T04:35:39Z,2026-03-28T00:35:39-04:00,UTC,2026-03-28T04:35:39Z,FAILED,851.22
ORD-00002085,CX-002,JPNBK,SELL,4309,8.48,2026-03-28T04:35:45Z,2026-03-28T12:35:45+08:00,UTC,2026-03-28T04:35:45Z,PENDING_RESUBMIT,0.00
ORD-00002086,CX-005,SGEX,BUY,1593,144.95,2026-03-28T04:36:18Z,2026-03-28T12:36:18+08:00,UTC,2026-03-28T04:36:18Z,FAILED,922.02
ORD-00002087,CX-001,KRSEC,SELL,9671,42.34,2026-03-28T04:36:21Z,2026-03-28T12:36:21+08:00,UTC,2026-03-28T04:36:21Z,PENDING_RESUBMIT,0.00
ORD-00002088,CX-003,CNTECH,SELL,8675,182.14,2026-03-28T04:36:31Z,2026-03-28T00:36:31-04:00,UTC,2026-03-28T04:36:31Z,PENDING_RESUBMIT,0.00
ORD-00002089,CX-002,JPNBK,SELL,5058,26.47,2026-03-28T04:36:47Z,2026-03-28T12:36:47+08:00,UTC,2026-03-28T04:36:47Z,FAILED,746.94
ORD-00002090,CX-001,CNTECH,SELL,3283,33.08,2026-03-28T04:36:57Z,2026-03-28T12:36:57+08:00,UTC,2026-03-28T04:36:57Z,PENDING_RESUBMIT,0.00
ORD-00002091,CX-002,CNTECH,BUY,7406,92.56,2026-03-28T04:37:38Z,2026-03-28T12:37:38+08:00,UTC,2026-03-28T04:37:38Z,PENDING_RESUBMIT,0.00
ORD-00002092,CX-001,HKFIN,SELL,2627,44.75,2026-03-28T04:38:12Z,2026-03-28T12:38:12+08:00,UTC,2026-03-28T04:38:12Z,PENDING_RESUBMIT,0.00
ORD-00002093,CX-001,TWSMC,SELL,735,101.97,2026-03-28T04:38:26Z,2026-03-28T12:38:26+08:00,UTC,2026-03-28T04:38:26Z,PENDING_RESUBMIT,0.00
ORD-00002094,CX-002,SGEX,BUY,2238,8.52,2026-03-28T04:38:34Z,2026-03-28T12:38:34+08:00,UTC,2026-03-28T04:38:34Z,PENDING_RESUBMIT,0.00
ORD-00002095,CX-003,TWSMC,BUY,1200,112.53,2026-03-28T04:38:41Z,2026-03-28T00:38:41-04:00,UTC,2026-03-28T04:38:41Z,PENDING_RESUBMIT,0.00
ORD-00002096,CX-005,KRSEC,SELL,2899,132.82,2026-03-28T04:39:20Z,2026-03-28T12:39:20+08:00,UTC,2026-03-28T04:39:20Z,PENDING_RESUBMIT,0.00
ORD-00002097,CX-001,TWSMC,BUY,4935,127.23,2026-03-28T04:39:27Z,2026-03-28T12:39:27+08:00,UTC,2026-03-28T04:39:27Z,PENDING_RESUBMIT,0.00
ORD-00002098,CX-001,SGEX,SELL,257,123.73,2026-03-28T04:39:42Z,2026-03-28T12:39:42+08:00,UTC,2026-03-28T04:39:42Z,PENDING_RESUBMIT,0.00
ORD-00002099,CX-005,JPNBK,SELL,9425,14.39,2026-03-28T04:39:51Z,2026-03-28T12:39:51+08:00,UTC,2026-03-28T04:39:51Z,PENDING_RESUBMIT,0.00
ORD-00002100,CX-001,CNTECH,SELL,4012,83.57,2026-03-28T04:40:03Z,2026-03-28T12:40:03+08:00,UTC,2026-03-28T04:40:03Z,PENDING_RESUBMIT,0.00
ORD-00002101,CX-005,SGEX,BUY,4822,139.24,2026-03-28T04:41:23Z,2026-03-28T12:41:23+08:00,UTC,2026-03-28T04:41:23Z,PENDING_RESUBMIT,0.00
ORD-00002102,CX-005,KRSEC,BUY,6518,95.14,2026-03-28T04:41:30Z,2026-03-28T12:41:30+08:00,UTC,2026-03-28T04:41:30Z,PENDING_RESUBMIT,0.00
ORD-00002103,CX-005,KRSEC,SELL,9706,188.19,2026-03-28T04:41:31Z,2026-03-28T12:41:31+08:00,UTC,2026-03-28T04:41:31Z,FAILED,706.29
ORD-00002104,CX-003,AUHLD,BUY,9108,67.47,2026-03-28T04:42:52Z,2026-03-28T00:42:52-04:00,UTC,2026-03-28T04:42:52Z,PENDING_RESUBMIT,0.00
ORD-00002105,CX-002,KRSEC,SELL,7445,175.89,2026-03-28T04:43:18Z,2026-03-28T12:43:18+08:00,UTC,2026-03-28T04:43:18Z,FAILED,615.22
ORD-00002106,CX-001,KRSEC,BUY,2208,243.90,2026-03-28T04:43:53Z,2026-03-28T12:43:53+08:00,UTC,2026-03-28T04:43:53Z,PENDING_RESUBMIT,0.00
ORD-00002107,CX-002,SGEX,BUY,8618,193.06,2026-03-28T04:43:53Z,2026-03-28T12:43:53+08:00,UTC,2026-03-28T04:43:53Z,PENDING_RESUBMIT,0.00
ORD-00002108,CX-005,KRSEC,SELL,4756,110.30,2026-03-28T04:45:07Z,2026-03-28T12:45:07+08:00,UTC,2026-03-28T04:45:07Z,FAILED,907.29
ORD-00002109,CX-005,HKFIN,BUY,5420,16.22,2026-03-28T04:45:24Z,2026-03-28T12:45:24+08:00,UTC,2026-03-28T04:45:24Z,PENDING_RESUBMIT,0.00
ORD-00002110,CX-003,AUHLD,BUY,9424,24.15,2026-03-28T04:46:19Z,2026-03-28T00:46:19-04:00,UTC,2026-03-28T04:46:19Z,PENDING_RESUBMIT,0.00
ORD-00002111,CX-005,HKFIN,SELL,3652,130.22,2026-03-28T04:47:02Z,2026-03-28T12:47:02+08:00,UTC,2026-03-28T04:47:02Z,FAILED,888.57
ORD-00002112,CX-001,SGEX,BUY,405,213.15,2026-03-28T04:47:35Z,2026-03-28T12:47:35+08:00,UTC,2026-03-28T04:47:35Z,FAILED,864.13
ORD-00002113,CX-003,KRSEC,SELL,8732,47.86,2026-03-28T04:47:52Z,2026-03-28T00:47:52-04:00,UTC,2026-03-28T04:47:52Z,PENDING_RESUBMIT,0.00
ORD-00002114,CX-005,TWSMC,BUY,4609,52.17,2026-03-28T04:48:13Z,2026-03-28T12:48:13+08:00,UTC,2026-03-28T04:48:13Z,FAILED,828.06
ORD-00002115,CX-001,AUHLD,SELL,9336,191.17,2026-03-28T04:49:02Z,2026-03-28T12:49:02+08:00,UTC,2026-03-28T04:49:02Z,PENDING_RESUBMIT,0.00
ORD-00002116,CX-003,AUHLD,BUY,6259,196.69,2026-03-28T04:49:26Z,2026-03-28T00:49:26-04:00,UTC,2026-03-28T04:49:26Z,FAILED,781.96
ORD-00002117,CX-003,KRSEC,BUY,3434,13.14,2026-03-28T04:50:18Z,2026-03-28T00:50:18-04:00,UTC,2026-03-28T04:50:18Z,PENDING_RESUBMIT,0.00
ORD-00002118,CX-002,AUHLD,BUY,9485,17.65,2026-03-28T04:50:30Z,2026-03-28T12:50:30+08:00,UTC,2026-03-28T04:50:30Z,FAILED,675.73
ORD-00002119,CX-001,CNTECH,BUY,7050,209.74,2026-03-28T04:50:44Z,2026-03-28T12:50:44+08:00,UTC,2026-03-28T04:50:44Z,PENDING_RESUBMIT,0.00
ORD-00002120,CX-001,SGEX,SELL,5583,68.64,2026-03-28T04:51:07Z,2026-03-28T12:51:07+08:00,UTC,2026-03-28T04:51:07Z,PENDING_RESUBMIT,0.00
ORD-00002121,CX-005,TWSMC,BUY,5365,18.31,2026-03-28T04:51:07Z,2026-03-28T12:51:07+08:00,UTC,2026-03-28T04:51:07Z,PENDING_RESUBMIT,0.00
ORD-00002122,CX-003,SGEX,BUY,9289,46.47,2026-03-28T04:51:11Z,2026-03-28T00:51:11-04:00,UTC,2026-03-28T04:51:11Z,FAILED,842.36
ORD-00002123,CX-001,SGEX,SELL,6995,167.11,2026-03-28T04:51:37Z,2026-03-28T12:51:37+08:00,UTC,2026-03-28T04:51:37Z,PENDING_RESUBMIT,0.00
ORD-00002124,CX-001,KRSEC,SELL,1179,85.77,2026-03-28T04:52:14Z,2026-03-28T12:52:14+08:00,UTC,2026-03-28T04:52:14Z,PENDING_RESUBMIT,0.00
ORD-00002125,CX-001,KRSEC,SELL,8676,161.75,2026-03-28T04:52:25Z,2026-03-28T12:52:25+08:00,UTC,2026-03-28T04:52:25Z,FAILED,753.54
ORD-00002126,CX-005,SGEX,SELL,4494,233.87,2026-03-28T04:52:46Z,2026-03-28T12:52:46+08:00,UTC,2026-03-28T04:52:46Z,PENDING_RESUBMIT,0.00
ORD-00002127,CX-002,KRSEC,SELL,6969,103.49,2026-03-28T04:53:02Z,2026-03-28T12:53:02+08:00,UTC,2026-03-28T04:53:02Z,FAILED,580.20
ORD-00002128,CX-001,SGEX,SELL,9767,57.13,2026-03-28T04:53:03Z,2026-03-28T12:53:03+08:00,UTC,2026-03-28T04:53:03Z,PENDING_RESUBMIT,0.00
ORD-00002129,CX-002,SGEX,SELL,1694,116.77,2026-03-28T04:54:11Z,2026-03-28T12:54:11+08:00,UTC,2026-03-28T04:54:11Z,PENDING_RESUBMIT,0.00
ORD-00002130,CX-005,CNTECH,BUY,9499,39.18,2026-03-28T04:54:13Z,2026-03-28T12:54:13+08:00,UTC,2026-03-28T04:54:13Z,PENDING_RESUBMIT,0.00
ORD-00002131,CX-005,CNTECH,SELL,3099,222.38,2026-03-28T04:55:02Z,2026-03-28T12:55:02+08:00,UTC,2026-03-28T04:55:02Z,PENDING_RESUBMIT,0.00
ORD-00002132,CX-001,AUHLD,SELL,7129,241.51,2026-03-28T04:55:05Z,2026-03-28T12:55:05+08:00,UTC,2026-03-28T04:55:05Z,FAILED,843.97
ORD-00002133,CX-003,AUHLD,BUY,3045,78.19,2026-03-28T04:55:09Z,2026-03-28T00:55:09-04:00,UTC,2026-03-28T04:55:09Z,PENDING_RESUBMIT,0.00
ORD-00002134,CX-001,KRSEC,SELL,9740,138.92,2026-03-28T04:55:24Z,2026-03-28T12:55:24+08:00,UTC,2026-03-28T04:55:24Z,FAILED,681.40
ORD-00002135,CX-003,SGEX,BUY,4032,236.49,2026-03-28T04:56:23Z,2026-03-28T00:56:23-04:00,UTC,2026-03-28T04:56:23Z,PENDING_RESUBMIT,0.00
ORD-00002136,CX-004,JPNBK,BUY,3726,60.08,2026-03-28T04:56:34Z,2026-03-28T12:56:34+08:00,UTC,2026-03-28T04:56:34Z,PENDING_RESUBMIT,0.00
ORD-00002137,CX-005,TWSMC,BUY,8150,244.37,2026-03-28T04:56:58Z,2026-03-28T12:56:58+08:00,UTC,2026-03-28T04:56:58Z,PENDING_RESUBMIT,0.00
ORD-00002138,CX-001,TWSMC,BUY,9191,45.88,2026-03-28T04:57:17Z,2026-03-28T12:57:17+08:00,UTC,2026-03-28T04:57:17Z,FAILED,727.43
ORD-00002139,CX-001,SGEX,BUY,2481,120.56,2026-03-28T04:57:41Z,2026-03-28T12:57:41+08:00,UTC,2026-03-28T04:57:41Z,PENDING_RESUBMIT,0.00
ORD-00002140,CX-003,SGEX,BUY,2421,205.54,2026-03-28T04:58:02Z,2026-03-28T00:58:02-04:00,UTC,2026-03-28T04:58:02Z,FAILED,792.29
ORD-00002141,CX-004,SGEX,BUY,2370,154.38,2026-03-28T04:58:17Z,2026-03-28T12:58:17+08:00,UTC,2026-03-28T04:58:17Z,PENDING_RESUBMIT,0.00
ORD-00002142,CX-002,JPNBK,SELL,4566,87.07,2026-03-28T04:59:23Z,2026-03-28T12:59:23+08:00,UTC,2026-03-28T04:59:23Z,PENDING_RESUBMIT,0.00
ORD-00002143,CX-001,JPNBK,BUY,7574,237.84,2026-03-28T04:59:30Z,2026-03-28T12:59:30+08:00,UTC,2026-03-28T04:59:30Z,PENDING_RESUBMIT,0.00
ORD-00002144,CX-001,SGEX,SELL,1504,58.07,2026-03-28T04:59:36Z,2026-03-28T12:59:36+08:00,UTC,2026-03-28T04:59:36Z,PENDING_RESUBMIT,0.00
ORD-00002145,CX-001,KRSEC,SELL,8093,8.85,2026-03-28T04:59:43Z,2026-03-28T12:59:43+08:00,UTC,2026-03-28T04:59:43Z,FAILED,815.16
ORD-00002146,CX-002,JPNBK,SELL,2965,141.17,2026-03-28T05:00:53Z,2026-03-28T13:00:53+08:00,UTC,2026-03-28T05:00:53Z,PENDING_RESUBMIT,0.00
ORD-00002147,CX-001,SGEX,SELL,9242,187.15,2026-03-28T05:01:01Z,2026-03-28T13:01:01+08:00,UTC,2026-03-28T05:01:01Z,PENDING_RESUBMIT,0.00
ORD-00002148,CX-001,CNTECH,SELL,1129,32.16,2026-03-28T05:01:03Z,2026-03-28T13:01:03+08:00,UTC,2026-03-28T05:01:03Z,PENDING_RESUBMIT,0.00
ORD-00002149,CX-001,JPNBK,SELL,6531,148.82,2026-03-28T05:01:13Z,2026-03-28T13:01:13+08:00,UTC,2026-03-28T05:01:13Z,FAILED,773.34
ORD-00002150,CX-003,JPNBK,BUY,6952,178.16,2026-03-28T05:01:19Z,2026-03-28T01:01:19-04:00,UTC,2026-03-28T05:01:19Z,PENDING_RESUBMIT,0.00
ORD-00002151,CX-004,JPNBK,SELL,8912,95.51,2026-03-28T05:01:47Z,2026-03-28T13:01:47+08:00,UTC,2026-03-28T05:01:47Z,PENDING_RESUBMIT,0.00
ORD-00002152,CX-002,JPNBK,SELL,6850,63.62,2026-03-28T05:02:00Z,2026-03-28T13:02:00+08:00,UTC,2026-03-28T05:02:00Z,PENDING_RESUBMIT,0.00
ORD-00002153,CX-004,TWSMC,SELL,6975,168.41,2026-03-28T05:02:29Z,2026-03-28T13:02:29+08:00,UTC,2026-03-28T05:02:29Z,PENDING_RESUBMIT,0.00
ORD-00002154,CX-005,TWSMC,BUY,4176,37.45,2026-03-28T05:03:05Z,2026-03-28T13:03:05+08:00,UTC,2026-03-28T05:03:05Z,PENDING_RESUBMIT,0.00
ORD-00002155,CX-001,JPNBK,BUY,1677,133.18,2026-03-28T05:03:11Z,2026-03-28T13:03:11+08:00,UTC,2026-03-28T05:03:11Z,PENDING_RESUBMIT,0.00
ORD-00002156,CX-001,TWSMC,SELL,2298,213.51,2026-03-28T05:03:38Z,2026-03-28T13:03:38+08:00,UTC,2026-03-28T05:03:38Z,PENDING_RESUBMIT,0.00
ORD-00002157,CX-001,TWSMC,BUY,753,172.23,2026-03-28T05:04:40Z,2026-03-28T13:04:40+08:00,UTC,2026-03-28T05:04:40Z,FAILED,862.96
ORD-00002158,CX-001,SGEX,SELL,7732,171.63,2026-03-28T05:04:45Z,2026-03-28T13:04:45+08:00,UTC,2026-03-28T05:04:45Z,FAILED,908.39
ORD-00002159,CX-003,TWSMC,SELL,1887,26.03,2026-03-28T05:04:54Z,2026-03-28T01:04:54-04:00,UTC,2026-03-28T05:04:54Z,PENDING_RESUBMIT,0.00
ORD-00002160,CX-003,TWSMC,BUY,7686,223.66,2026-03-28T05:05:26Z,2026-03-28T01:05:26-04:00,UTC,2026-03-28T05:05:26Z,PENDING_RESUBMIT,0.00
ORD-00002161,CX-001,JPNBK,BUY,2561,50.79,2026-03-28T05:05:59Z,2026-03-28T13:05:59+08:00,UTC,2026-03-28T05:05:59Z,FAILED,752.54
ORD-00002162,CX-005,HKFIN,SELL,8266,220.71,2026-03-28T05:06:19Z,2026-03-28T13:06:19+08:00,UTC,2026-03-28T05:06:19Z,FAILED,763.38
ORD-00002163,CX-002,TWSMC,BUY,3252,239.02,2026-03-28T05:06:28Z,2026-03-28T13:06:28+08:00,UTC,2026-03-28T05:06:28Z,PENDING_RESUBMIT,0.00
ORD-00002164,CX-001,SGEX,BUY,9166,152.24,2026-03-28T05:07:14Z,2026-03-28T13:07:14+08:00,UTC,2026-03-28T05:07:14Z,PENDING_RESUBMIT,0.00
ORD-00002165,CX-002,HKFIN,BUY,2055,192.36,2026-03-28T05:07:25Z,2026-03-28T13:07:25+08:00,UTC,2026-03-28T05:07:25Z,PENDING_RESUBMIT,0.00
ORD-00002166,CX-003,KRSEC,BUY,4798,32.26,2026-03-28T05:07:29Z,2026-03-28T01:07:29-04:00,UTC,2026-03-28T05:07:29Z,PENDING_RESUBMIT,0.00
ORD-00002167,CX-001,CNTECH,SELL,9370,244.45,2026-03-28T05:07:33Z,2026-03-28T13:07:33+08:00,UTC,2026-03-28T05:07:33Z,FAILED,798.79
ORD-00002168,CX-003,TWSMC,SELL,6625,12.34,2026-03-28T05:07:46Z,2026-03-28T01:07:46-04:00,UTC,2026-03-28T05:07:46Z,PENDING_RESUBMIT,0.00
ORD-00002169,CX-003,KRSEC,SELL,798,227.49,2026-03-28T05:07:46Z,2026-03-28T01:07:46-04:00,UTC,2026-03-28T05:07:46Z,PENDING_RESUBMIT,0.00
ORD-00002170,CX-005,KRSEC,SELL,6778,77.91,2026-03-28T05:07:51Z,2026-03-28T13:07:51+08:00,UTC,2026-03-28T05:07:51Z,PENDING_RESUBMIT,0.00
ORD-00002171,CX-004,JPNBK,SELL,8819,66.01,2026-03-28T05:07:58Z,2026-03-28T13:07:58+08:00,UTC,2026-03-28T05:07:58Z,PENDING_RESUBMIT,0.00
ORD-00002172,CX-005,HKFIN,SELL,6208,23.64,2026-03-28T05:08:30Z,2026-03-28T13:08:30+08:00,UTC,2026-03-28T05:08:30Z,PENDING_RESUBMIT,0.00
ORD-00002173,CX-005,AUHLD,SELL,6428,237.65,2026-03-28T05:08:33Z,2026-03-28T13:08:33+08:00,UTC,2026-03-28T05:08:33Z,PENDING_RESUBMIT,0.00
ORD-00002174,CX-001,SGEX,BUY,9506,61.89,2026-03-28T05:08:38Z,2026-03-28T13:08:38+08:00,UTC,2026-03-28T05:08:38Z,FAILED,791.52
ORD-00002175,CX-002,SGEX,BUY,506,145.14,2026-03-28T05:08:39Z,2026-03-28T13:08:39+08:00,UTC,2026-03-28T05:08:39Z,PENDING_RESUBMIT,0.00
ORD-00002176,CX-001,CNTECH,BUY,2737,50.08,2026-03-28T05:08:40Z,2026-03-28T13:08:40+08:00,UTC,2026-03-28T05:08:40Z,PENDING_RESUBMIT,0.00
ORD-00002177,CX-001,AUHLD,BUY,1606,226.74,2026-03-28T05:08:44Z,2026-03-28T13:08:44+08:00,UTC,2026-03-28T05:08:44Z,PENDING_RESUBMIT,0.00
ORD-00002178,CX-004,AUHLD,SELL,9789,52.38,2026-03-28T05:08:50Z,2026-03-28T13:08:50+08:00,UTC,2026-03-28T05:08:50Z,PENDING_RESUBMIT,0.00
ORD-00002179,CX-001,HKFIN,SELL,5948,216.22,2026-03-28T05:09:44Z,2026-03-28T13:09:44+08:00,UTC,2026-03-28T05:09:44Z,PENDING_RESUBMIT,0.00
ORD-00002180,CX-002,SGEX,SELL,8859,214.07,2026-03-28T05:09:55Z,2026-03-28T13:09:55+08:00,UTC,2026-03-28T05:09:55Z,PENDING_RESUBMIT,0.00
ORD-00002181,CX-001,HKFIN,BUY,3766,66.84,2026-03-28T05:10:15Z,2026-03-28T13:10:15+08:00,UTC,2026-03-28T05:10:15Z,PENDING_RESUBMIT,0.00
ORD-00002182,CX-001,SGEX,BUY,4096,131.42,2026-03-28T05:10:54Z,2026-03-28T13:10:54+08:00,UTC,2026-03-28T05:10:54Z,PENDING_RESUBMIT,0.00
ORD-00002183,CX-002,TWSMC,BUY,9287,178.79,2026-03-28T05:11:07Z,2026-03-28T13:11:07+08:00,UTC,2026-03-28T05:11:07Z,PENDING_RESUBMIT,0.00
ORD-00002184,CX-005,HKFIN,SELL,5633,212.30,2026-03-28T05:11:20Z,2026-03-28T13:11:20+08:00,UTC,2026-03-28T05:11:20Z,PENDING_RESUBMIT,0.00
ORD-00002185,CX-005,TWSMC,BUY,375,120.23,2026-03-28T05:11:28Z,2026-03-28T13:11:28+08:00,UTC,2026-03-28T05:11:28Z,PENDING_RESUBMIT,0.00
ORD-00002186,CX-001,CNTECH,BUY,1952,37.47,2026-03-28T05:11:51Z,2026-03-28T13:11:51+08:00,UTC,2026-03-28T05:11:51Z,FAILED,777.87
ORD-00002187,CX-002,AUHLD,BUY,3793,83.51,2026-03-28T05:12:04Z,2026-03-28T13:12:04+08:00,UTC,2026-03-28T05:12:04Z,PENDING_RESUBMIT,0.00
ORD-00002188,CX-001,TWSMC,BUY,4763,92.00,2026-03-28T05:12:10Z,2026-03-28T13:12:10+08:00,UTC,2026-03-28T05:12:10Z,PENDING_RESUBMIT,0.00
ORD-00002189,CX-003,SGEX,BUY,3779,143.52,2026-03-28T05:12:15Z,2026-03-28T01:12:15-04:00,UTC,2026-03-28T05:12:15Z,PENDING_RESUBMIT,0.00
ORD-00002190,CX-001,SGEX,BUY,5768,114.19,2026-03-28T05:12:21Z,2026-03-28T13:12:21+08:00,UTC,2026-03-28T05:12:21Z,PENDING_RESUBMIT,0.00
ORD-00002191,CX-005,TWSMC,BUY,965,131.90,2026-03-28T05:12:44Z,2026-03-28T13:12:44+08:00,UTC,2026-03-28T05:12:44Z,PENDING_RESUBMIT,0.00
ORD-00002192,CX-001,HKFIN,SELL,1990,191.39,2026-03-28T05:13:13Z,2026-03-28T13:13:13+08:00,UTC,2026-03-28T05:13:13Z,FAILED,900.93
ORD-00002193,CX-003,JPNBK,SELL,2534,158.61,2026-03-28T05:13:13Z,2026-03-28T01:13:13-04:00,UTC,2026-03-28T05:13:13Z,FAILED,766.49
ORD-00002194,CX-003,AUHLD,SELL,7392,94.99,2026-03-28T05:13:27Z,2026-03-28T01:13:27-04:00,UTC,2026-03-28T05:13:27Z,PENDING_RESUBMIT,0.00
ORD-00002195,CX-001,HKFIN,SELL,8519,25.17,2026-03-28T05:14:47Z,2026-03-28T13:14:47+08:00,UTC,2026-03-28T05:14:47Z,PENDING_RESUBMIT,0.00
ORD-00002196,CX-002,CNTECH,BUY,5090,144.22,2026-03-28T05:14:49Z,2026-03-28T13:14:49+08:00,UTC,2026-03-28T05:14:49Z,FAILED,663.73
ORD-00002197,CX-001,TWSMC,SELL,4381,214.47,2026-03-28T05:14:50Z,2026-03-28T13:14:50+08:00,UTC,2026-03-28T05:14:50Z,PENDING_RESUBMIT,0.00
ORD-00002198,CX-004,JPNBK,BUY,1483,164.36,2026-03-28T05:15:18Z,2026-03-28T13:15:18+08:00,UTC,2026-03-28T05:15:18Z,FAILED,865.69
ORD-00002199,CX-003,KRSEC,SELL,6333,45.38,2026-03-28T05:16:04Z,2026-03-28T01:16:04-04:00,UTC,2026-03-28T05:16:04Z,PENDING_RESUBMIT,0.00
ORD-00002200,CX-001,CNTECH,BUY,8565,66.64,2026-03-28T05:16:46Z,2026-03-28T13:16:46+08:00,UTC,2026-03-28T05:16:46Z,FAILED,675.84
ORD-00002201,CX-001,HKFIN,SELL,2673,18.12,2026-03-28T05:17:05Z,2026-03-28T13:17:05+08:00,UTC,2026-03-28T05:17:05Z,FAILED,785.33
ORD-00002202,CX-004,KRSEC,SELL,7021,193.98,2026-03-28T05:17:17Z,2026-03-28T13:17:17+08:00,UTC,2026-03-28T05:17:17Z,PENDING_RESUBMIT,0.00
ORD-00002203,CX-003,CNTECH,BUY,3260,177.64,2026-03-28T05:17:52Z,2026-03-28T01:17:52-04:00,UTC,2026-03-28T05:17:52Z,FAILED,705.59
ORD-00002204,CX-003,HKFIN,BUY,2230,58.60,2026-03-28T05:18:54Z,2026-03-28T01:18:54-04:00,UTC,2026-03-28T05:18:54Z,PENDING_RESUBMIT,0.00
ORD-00002205,CX-003,JPNBK,BUY,6403,173.26,2026-03-28T05:18:58Z,2026-03-28T01:18:58-04:00,UTC,2026-03-28T05:18:58Z,PENDING_RESUBMIT,0.00
ORD-00002206,CX-002,AUHLD,SELL,6737,217.85,2026-03-28T05:19:27Z,2026-03-28T13:19:27+08:00,UTC,2026-03-28T05:19:27Z,PENDING_RESUBMIT,0.00
ORD-00002207,CX-003,SGEX,BUY,1975,165.38,2026-03-28T05:19:39Z,2026-03-28T01:19:39-04:00,UTC,2026-03-28T05:19:39Z,FAILED,729.23
ORD-00002208,CX-002,TWSMC,SELL,5423,237.12,2026-03-28T05:19:51Z,2026-03-28T13:19:51+08:00,UTC,2026-03-28T05:19:51Z,PENDING_RESUBMIT,0.00
ORD-00002209,CX-005,SGEX,SELL,2664,100.74,2026-03-28T05:19:52Z,2026-03-28T13:19:52+08:00,UTC,2026-03-28T05:19:52Z,PENDING_RESUBMIT,0.00
ORD-00002210,CX-003,CNTECH,SELL,2751,39.27,2026-03-28T05:19:58Z,2026-03-28T01:19:58-04:00,UTC,2026-03-28T05:19:58Z,PENDING_RESUBMIT,0.00
ORD-00002211,CX-001,HKFIN,SELL,8843,204.99,2026-03-28T05:20:37Z,2026-03-28T13:20:37+08:00,UTC,2026-03-28T05:20:37Z,PENDING_RESUBMIT,0.00
ORD-00002212,CX-001,KRSEC,BUY,9633,185.12,2026-03-28T05:20:52Z,2026-03-28T13:20:52+08:00,UTC,2026-03-28T05:20:52Z,PENDING_RESUBMIT,0.00
ORD-00002213,CX-001,AUHLD,SELL,578,185.66,2026-03-28T05:21:06Z,2026-03-28T13:21:06+08:00,UTC,2026-03-28T05:21:06Z,FAILED,682.13
ORD-00002214,CX-001,AUHLD,SELL,1803,55.27,2026-03-28T05:21:06Z,2026-03-28T13:21:06+08:00,UTC,2026-03-28T05:21:06Z,PENDING_RESUBMIT,0.00
ORD-00002215,CX-002,KRSEC,SELL,971,51.29,2026-03-28T05:21:13Z,2026-03-28T13:21:13+08:00,UTC,2026-03-28T05:21:13Z,PENDING_RESUBMIT,0.00
ORD-00002216,CX-003,HKFIN,BUY,8480,186.71,2026-03-28T05:21:16Z,2026-03-28T01:21:16-04:00,UTC,2026-03-28T05:21:16Z,PENDING_RESUBMIT,0.00
ORD-00002217,CX-001,KRSEC,SELL,2825,163.51,2026-03-28T05:21:25Z,2026-03-28T13:21:25+08:00,UTC,2026-03-28T05:21:25Z,FAILED,837.72
ORD-00002218,CX-003,SGEX,BUY,5025,16.31,2026-03-28T05:22:02Z,2026-03-28T01:22:02-04:00,UTC,2026-03-28T05:22:02Z,PENDING_RESUBMIT,0.00
ORD-00002219,CX-005,TWSMC,SELL,6714,9.97,2026-03-28T05:22:10Z,2026-03-28T13:22:10+08:00,UTC,2026-03-28T05:22:10Z,FAILED,859.74
ORD-00002220,CX-001,JPNBK,BUY,8582,153.70,2026-03-28T05:22:18Z,2026-03-28T13:22:18+08:00,UTC,2026-03-28T05:22:18Z,PENDING_RESUBMIT,0.00
ORD-00002221,CX-002,KRSEC,BUY,2053,40.13,2026-03-28T05:22:27Z,2026-03-28T13:22:27+08:00,UTC,2026-03-28T05:22:27Z,FAILED,722.73
ORD-00002222,CX-002,AUHLD,SELL,2973,69.01,2026-03-28T05:23:07Z,2026-03-28T13:23:07+08:00,UTC,2026-03-28T05:23:07Z,PENDING_RESUBMIT,0.00
ORD-00002223,CX-004,JPNBK,SELL,7671,168.75,2026-03-28T05:23:21Z,2026-03-28T13:23:21+08:00,UTC,2026-03-28T05:23:21Z,PENDING_RESUBMIT,0.00
ORD-00002224,CX-002,CNTECH,SELL,2789,125.41,2026-03-28T05:23:24Z,2026-03-28T13:23:24+08:00,UTC,2026-03-28T05:23:24Z,FAILED,713.81
ORD-00002225,CX-003,KRSEC,SELL,4740,177.01,2026-03-28T05:23:36Z,2026-03-28T01:23:36-04:00,UTC,2026-03-28T05:23:36Z,PENDING_RESUBMIT,0.00
ORD-00002226,CX-002,SGEX,BUY,3665,205.17,2026-03-28T05:24:13Z,2026-03-28T13:24:13+08:00,UTC,2026-03-28T05:24:13Z,FAILED,591.76
ORD-00002227,CX-005,TWSMC,BUY,261,32.30,2026-03-28T05:24:22Z,2026-03-28T13:24:22+08:00,UTC,2026-03-28T05:24:22Z,FAILED,872.91
ORD-00002228,CX-004,AUHLD,SELL,2145,137.61,2026-03-28T05:24:30Z,2026-03-28T13:24:30+08:00,UTC,2026-03-28T05:24:30Z,PENDING_RESUBMIT,0.00
ORD-00002229,CX-001,AUHLD,BUY,4939,200.52,2026-03-28T05:24:46Z,2026-03-28T13:24:46+08:00,UTC,2026-03-28T05:24:46Z,PENDING_RESUBMIT,0.00
ORD-00002230,CX-004,CNTECH,BUY,8071,142.52,2026-03-28T05:24:48Z,2026-03-28T13:24:48+08:00,UTC,2026-03-28T05:24:48Z,PENDING_RESUBMIT,0.00
ORD-00002231,CX-003,JPNBK,SELL,3029,113.73,2026-03-28T05:24:53Z,2026-03-28T01:24:53-04:00,UTC,2026-03-28T05:24:53Z,PENDING_RESUBMIT,0.00
ORD-00002232,CX-002,CNTECH,SELL,4489,234.60,2026-03-28T05:24:55Z,2026-03-28T13:24:55+08:00,UTC,2026-03-28T05:24:55Z,FAILED,690.06
ORD-00002233,CX-001,JPNBK,BUY,9014,99.94,2026-03-28T05:25:10Z,2026-03-28T13:25:10+08:00,UTC,2026-03-28T05:25:10Z,FAILED,773.43
ORD-00002234,CX-002,HKFIN,BUY,3944,163.78,2026-03-28T05:25:24Z,2026-03-28T13:25:24+08:00,UTC,2026-03-28T05:25:24Z,PENDING_RESUBMIT,0.00
ORD-00002235,CX-001,CNTECH,BUY,5797,34.07,2026-03-28T05:26:00Z,2026-03-28T13:26:00+08:00,UTC,2026-03-28T05:26:00Z,PENDING_RESUBMIT,0.00
ORD-00002236,CX-001,SGEX,BUY,890,173.99,2026-03-28T05:26:11Z,2026-03-28T13:26:11+08:00,UTC,2026-03-28T05:26:11Z,PENDING_RESUBMIT,0.00
ORD-00002237,CX-001,AUHLD,BUY,5614,78.93,2026-03-28T05:26:22Z,2026-03-28T13:26:22+08:00,UTC,2026-03-28T05:26:22Z,PENDING_RESUBMIT,0.00
ORD-00002238,CX-001,TWSMC,SELL,2347,107.61,2026-03-28T05:26:45Z,2026-03-28T13:26:45+08:00,UTC,2026-03-28T05:26:45Z,FAILED,702.59
ORD-00002239,CX-001,HKFIN,BUY,8523,39.39,2026-03-28T05:26:58Z,2026-03-28T13:26:58+08:00,UTC,2026-03-28T05:26:58Z,PENDING_RESUBMIT,0.00
ORD-00002240,CX-004,AUHLD,SELL,2488,180.39,2026-03-28T05:27:31Z,2026-03-28T13:27:31+08:00,UTC,2026-03-28T05:27:31Z,PENDING_RESUBMIT,0.00
ORD-00002241,CX-001,JPNBK,SELL,6011,76.93,2026-03-28T05:27:41Z,2026-03-28T13:27:41+08:00,UTC,2026-03-28T05:27:41Z,PENDING_RESUBMIT,0.00
ORD-00002242,CX-001,HKFIN,SELL,5182,242.09,2026-03-28T05:27:59Z,2026-03-28T13:27:59+08:00,UTC,2026-03-28T05:27:59Z,PENDING_RESUBMIT,0.00
ORD-00002243,CX-001,KRSEC,BUY,948,102.10,2026-03-28T05:28:58Z,2026-03-28T13:28:58+08:00,UTC,2026-03-28T05:28:58Z,PENDING_RESUBMIT,0.00
ORD-00002244,CX-004,AUHLD,SELL,7008,18.88,2026-03-28T05:29:24Z,2026-03-28T13:29:24+08:00,UTC,2026-03-28T05:29:24Z,PENDING_RESUBMIT,0.00
ORD-00002245,CX-005,HKFIN,SELL,7513,92.89,2026-03-28T05:29:31Z,2026-03-28T13:29:31+08:00,UTC,2026-03-28T05:29:31Z,FAILED,897.28
ORD-00002246,CX-004,HKFIN,SELL,9551,42.39,2026-03-28T05:29:56Z,2026-03-28T13:29:56+08:00,UTC,2026-03-28T05:29:56Z,FAILED,881.16
ORD-00002247,CX-002,SGEX,SELL,8499,53.97,2026-03-28T05:30:04Z,2026-03-28T13:30:04+08:00,UTC,2026-03-28T05:30:04Z,FAILED,684.38
ORD-00002248,CX-002,KRSEC,SELL,7603,79.50,2026-03-28T05:30:26Z,2026-03-28T13:30:26+08:00,UTC,2026-03-28T05:30:26Z,PENDING_RESUBMIT,0.00
ORD-00002249,CX-002,TWSMC,SELL,8038,130.30,2026-03-28T05:31:20Z,2026-03-28T13:31:20+08:00,UTC,2026-03-28T05:31:20Z,FAILED,601.82
ORD-00002250,CX-002,CNTECH,BUY,6287,132.32,2026-03-28T05:31:36Z,2026-03-28T13:31:36+08:00,UTC,2026-03-28T05:31:36Z,PENDING_RESUBMIT,0.00
ORD-00002251,CX-005,JPNBK,SELL,395,153.39,2026-03-28T05:31:43Z,2026-03-28T13:31:43+08:00,UTC,2026-03-28T05:31:43Z,PENDING_RESUBMIT,0.00
ORD-00002252,CX-003,KRSEC,SELL,4802,90.35,2026-03-28T05:31:59Z,2026-03-28T01:31:59-04:00,UTC,2026-03-28T05:31:59Z,PENDING_RESUBMIT,0.00
ORD-00002253,CX-001,SGEX,BUY,5732,203.00,2026-03-28T05:32:12Z,2026-03-28T13:32:12+08:00,UTC,2026-03-28T05:32:12Z,PENDING_RESUBMIT,0.00
ORD-00002254,CX-003,SGEX,SELL,6118,168.59,2026-03-28T05:32:16Z,2026-03-28T01:32:16-04:00,UTC,2026-03-28T05:32:16Z,FAILED,795.68
ORD-00002255,CX-005,KRSEC,SELL,9829,195.68,2026-03-28T05:32:30Z,2026-03-28T13:32:30+08:00,UTC,2026-03-28T05:32:30Z,FAILED,708.29
ORD-00002256,CX-005,TWSMC,SELL,1464,92.28,2026-03-28T05:32:46Z,2026-03-28T13:32:46+08:00,UTC,2026-03-28T05:32:46Z,PENDING_RESUBMIT,0.00
ORD-00002257,CX-004,JPNBK,BUY,9831,240.02,2026-03-28T05:32:54Z,2026-03-28T13:32:54+08:00,UTC,2026-03-28T05:32:54Z,FAILED,787.98
ORD-00002258,CX-004,AUHLD,SELL,4077,191.95,2026-03-28T05:33:15Z,2026-03-28T13:33:15+08:00,UTC,2026-03-28T05:33:15Z,PENDING_RESUBMIT,0.00
ORD-00002259,CX-003,TWSMC,BUY,477,148.78,2026-03-28T05:33:38Z,2026-03-28T01:33:38-04:00,UTC,2026-03-28T05:33:38Z,FAILED,745.76
ORD-00002260,CX-003,SGEX,BUY,5526,93.34,2026-03-28T05:33:49Z,2026-03-28T01:33:49-04:00,UTC,2026-03-28T05:33:49Z,PENDING_RESUBMIT,0.00
ORD-00002261,CX-001,AUHLD,BUY,1575,195.98,2026-03-28T05:33:54Z,2026-03-28T13:33:54+08:00,UTC,2026-03-28T05:33:54Z,PENDING_RESUBMIT,0.00
ORD-00002262,CX-003,JPNBK,BUY,980,27.65,2026-03-28T05:34:34Z,2026-03-28T01:34:34-04:00,UTC,2026-03-28T05:34:34Z,FAILED,689.68
ORD-00002263,CX-005,JPNBK,BUY,7763,126.46,2026-03-28T05:34:34Z,2026-03-28T13:34:34+08:00,UTC,2026-03-28T05:34:34Z,PENDING_RESUBMIT,0.00
ORD-00002264,CX-002,HKFIN,BUY,290,22.58,2026-03-28T05:35:02Z,2026-03-28T13:35:02+08:00,UTC,2026-03-28T05:35:02Z,FAILED,734.96
ORD-00002265,CX-001,KRSEC,BUY,7037,129.58,2026-03-28T05:35:05Z,2026-03-28T13:35:05+08:00,UTC,2026-03-28T05:35:05Z,FAILED,746.60
ORD-00002266,CX-003,SGEX,BUY,8857,160.22,2026-03-28T05:35:37Z,2026-03-28T01:35:37-04:00,UTC,2026-03-28T05:35:37Z,PENDING_RESUBMIT,0.00
ORD-00002267,CX-001,CNTECH,BUY,9092,118.01,2026-03-28T05:36:02Z,2026-03-28T13:36:02+08:00,UTC,2026-03-28T05:36:02Z,PENDING_RESUBMIT,0.00
ORD-00002268,CX-001,KRSEC,BUY,1739,74.86,2026-03-28T05:36:23Z,2026-03-28T13:36:23+08:00,UTC,2026-03-28T05:36:23Z,FAILED,835.94
ORD-00002269,CX-005,JPNBK,SELL,2751,226.96,2026-03-28T05:36:56Z,2026-03-28T13:36:56+08:00,UTC,2026-03-28T05:36:56Z,FAILED,776.96
ORD-00002270,CX-004,JPNBK,SELL,276,161.01,2026-03-28T05:37:24Z,2026-03-28T13:37:24+08:00,UTC,2026-03-28T05:37:24Z,PENDING_RESUBMIT,0.00
ORD-00002271,CX-001,CNTECH,SELL,3981,78.93,2026-03-28T05:37:44Z,2026-03-28T13:37:44+08:00,UTC,2026-03-28T05:37:44Z,PENDING_RESUBMIT,0.00
ORD-00002272,CX-002,SGEX,BUY,295,105.76,2026-03-28T05:38:01Z,2026-03-28T13:38:01+08:00,UTC,2026-03-28T05:38:01Z,FAILED,750.10
ORD-00002273,CX-005,SGEX,BUY,4680,225.44,2026-03-28T05:38:15Z,2026-03-28T13:38:15+08:00,UTC,2026-03-28T05:38:15Z,PENDING_RESUBMIT,0.00
ORD-00002274,CX-002,KRSEC,SELL,7838,200.94,2026-03-28T05:38:21Z,2026-03-28T13:38:21+08:00,UTC,2026-03-28T05:38:21Z,FAILED,693.58
ORD-00002275,CX-001,TWSMC,SELL,7422,222.96,2026-03-28T05:38:27Z,2026-03-28T13:38:27+08:00,UTC,2026-03-28T05:38:27Z,PENDING_RESUBMIT,0.00
ORD-00002276,CX-003,AUHLD,SELL,8631,181.96,2026-03-28T05:39:16Z,2026-03-28T01:39:16-04:00,UTC,2026-03-28T05:39:16Z,FAILED,683.66
ORD-00002277,CX-002,AUHLD,BUY,6594,112.32,2026-03-28T05:39:30Z,2026-03-28T13:39:30+08:00,UTC,2026-03-28T05:39:30Z,PENDING_RESUBMIT,0.00
ORD-00002278,CX-004,JPNBK,BUY,8992,70.47,2026-03-28T05:40:25Z,2026-03-28T13:40:25+08:00,UTC,2026-03-28T05:40:25Z,PENDING_RESUBMIT,0.00
ORD-00002279,CX-002,HKFIN,SELL,8238,128.18,2026-03-28T05:40:33Z,2026-03-28T13:40:33+08:00,UTC,2026-03-28T05:40:33Z,PENDING_RESUBMIT,0.00
ORD-00002280,CX-003,KRSEC,BUY,5029,158.92,2026-03-28T05:41:10Z,2026-03-28T01:41:10-04:00,UTC,2026-03-28T05:41:10Z,FAILED,770.84
ORD-00002281,CX-001,TWSMC,SELL,6564,205.50,2026-03-28T05:42:12Z,2026-03-28T13:42:12+08:00,UTC,2026-03-28T05:42:12Z,FAILED,740.11
ORD-00002282,CX-001,SGEX,BUY,3807,174.91,2026-03-28T05:42:20Z,2026-03-28T13:42:20+08:00,UTC,2026-03-28T05:42:20Z,PENDING_RESUBMIT,0.00
ORD-00002283,CX-001,JPNBK,SELL,1998,28.27,2026-03-28T05:42:21Z,2026-03-28T13:42:21+08:00,UTC,2026-03-28T05:42:21Z,PENDING_RESUBMIT,0.00
ORD-00002284,CX-003,TWSMC,BUY,6743,8.41,2026-03-28T05:42:22Z,2026-03-28T01:42:22-04:00,UTC,2026-03-28T05:42:22Z,PENDING_RESUBMIT,0.00
ORD-00002285,CX-002,JPNBK,BUY,1904,84.90,2026-03-28T05:42:27Z,2026-03-28T13:42:27+08:00,UTC,2026-03-28T05:42:27Z,FAILED,603.64
ORD-00002286,CX-002,SGEX,SELL,525,74.65,2026-03-28T05:42:30Z,2026-03-28T13:42:30+08:00,UTC,2026-03-28T05:42:30Z,FAILED,706.98
ORD-00002287,CX-001,HKFIN,BUY,8791,143.01,2026-03-28T05:42:45Z,2026-03-28T13:42:45+08:00,UTC,2026-03-28T05:42:45Z,FAILED,835.93
ORD-00002288,CX-001,HKFIN,SELL,6809,130.75,2026-03-28T05:43:22Z,2026-03-28T13:43:22+08:00,UTC,2026-03-28T05:43:22Z,PENDING_RESUBMIT,0.00
ORD-00002289,CX-001,TWSMC,BUY,5642,132.18,2026-03-28T05:43:37Z,2026-03-28T13:43:37+08:00,UTC,2026-03-28T05:43:37Z,PENDING_RESUBMIT,0.00
ORD-00002290,CX-003,HKFIN,BUY,4852,78.30,2026-03-28T05:44:52Z,2026-03-28T01:44:52-04:00,UTC,2026-03-28T05:44:52Z,PENDING_RESUBMIT,0.00
ORD-00002291,CX-003,JPNBK,SELL,6506,149.34,2026-03-28T05:44:52Z,2026-03-28T01:44:52-04:00,UTC,2026-03-28T05:44:52Z,PENDING_RESUBMIT,0.00
ORD-00002292,CX-003,AUHLD,SELL,3893,245.43,2026-03-28T05:45:09Z,2026-03-28T01:45:09-04:00,UTC,2026-03-28T05:45:09Z,PENDING_RESUBMIT,0.00
ORD-00002293,CX-003,AUHLD,SELL,9472,127.96,2026-03-28T05:45:47Z,2026-03-28T01:45:47-04:00,UTC,2026-03-28T05:45:47Z,PENDING_RESUBMIT,0.00
ORD-00002294,CX-005,KRSEC,SELL,8797,100.72,2026-03-28T05:46:16Z,2026-03-28T13:46:16+08:00,UTC,2026-03-28T05:46:16Z,PENDING_RESUBMIT,0.00
ORD-00002295,CX-004,HKFIN,BUY,2591,137.50,2026-03-28T05:46:19Z,2026-03-28T13:46:19+08:00,UTC,2026-03-28T05:46:19Z,PENDING_RESUBMIT,0.00
ORD-00002296,CX-002,SGEX,SELL,6220,149.63,2026-03-28T05:46:35Z,2026-03-28T13:46:35+08:00,UTC,2026-03-28T05:46:35Z,PENDING_RESUBMIT,0.00
ORD-00002297,CX-002,KRSEC,SELL,5239,227.76,2026-03-28T05:46:50Z,2026-03-28T13:46:50+08:00,UTC,2026-03-28T05:46:50Z,PENDING_RESUBMIT,0.00
ORD-00002298,CX-005,KRSEC,BUY,6140,17.71,2026-03-28T05:48:26Z,2026-03-28T13:48:26+08:00,UTC,2026-03-28T05:48:26Z,FAILED,910.48
ORD-00002299,CX-002,TWSMC,BUY,7864,89.94,2026-03-28T05:48:30Z,2026-03-28T13:48:30+08:00,UTC,2026-03-28T05:48:30Z,PENDING_RESUBMIT,0.00
ORD-00002300,CX-003,SGEX,BUY,4111,176.44,2026-03-28T05:48:40Z,2026-03-28T01:48:40-04:00,UTC,2026-03-28T05:48:40Z,FAILED,851.47
ORD-00002301,CX-001,SGEX,BUY,2947,185.09,2026-03-28T05:48:47Z,2026-03-28T13:48:47+08:00,UTC,2026-03-28T05:48:47Z,FAILED,684.63
ORD-00002302,CX-005,TWSMC,BUY,959,162.51,2026-03-28T05:49:44Z,2026-03-28T13:49:44+08:00,UTC,2026-03-28T05:49:44Z,PENDING_RESUBMIT,0.00
ORD-00002303,CX-003,AUHLD,SELL,4229,160.74,2026-03-28T05:49:54Z,2026-03-28T01:49:54-04:00,UTC,2026-03-28T05:49:54Z,PENDING_RESUBMIT,0.00
ORD-00002304,CX-005,AUHLD,BUY,3673,72.75,2026-03-28T05:50:20Z,2026-03-28T13:50:20+08:00,UTC,2026-03-28T05:50:20Z,PENDING_RESUBMIT,0.00
ORD-00002305,CX-002,TWSMC,BUY,5368,209.92,2026-03-28T05:50:21Z,2026-03-28T13:50:21+08:00,UTC,2026-03-28T05:50:21Z,FAILED,735.83
ORD-00002306,CX-002,KRSEC,SELL,1504,7.53,2026-03-28T05:50:33Z,2026-03-28T13:50:33+08:00,UTC,2026-03-28T05:50:33Z,PENDING_RESUBMIT,0.00
ORD-00002307,CX-001,KRSEC,BUY,2733,100.33,2026-03-28T05:50:52Z,2026-03-28T13:50:52+08:00,UTC,2026-03-28T05:50:52Z,FAILED,702.27
ORD-00002308,CX-001,SGEX,BUY,2301,78.62,2026-03-28T05:51:11Z,2026-03-28T13:51:11+08:00,UTC,2026-03-28T05:51:11Z,PENDING_RESUBMIT,0.00
ORD-00002309,CX-002,CNTECH,SELL,5464,126.10,2026-03-28T05:51:54Z,2026-03-28T13:51:54+08:00,UTC,2026-03-28T05:51:54Z,FAILED,654.21
ORD-00002310,CX-005,HKFIN,BUY,8759,81.86,2026-03-28T05:52:05Z,2026-03-28T13:52:05+08:00,UTC,2026-03-28T05:52:05Z,FAILED,699.71
ORD-00002311,CX-001,JPNBK,BUY,3622,209.80,2026-03-28T05:52:30Z,2026-03-28T13:52:30+08:00,UTC,2026-03-28T05:52:30Z,PENDING_RESUBMIT,0.00
ORD-00002312,CX-003,JPNBK,BUY,2513,117.93,2026-03-28T05:52:44Z,2026-03-28T01:52:44-04:00,UTC,2026-03-28T05:52:44Z,PENDING_RESUBMIT,0.00
ORD-00002313,CX-005,KRSEC,BUY,4873,63.51,2026-03-28T05:53:20Z,2026-03-28T13:53:20+08:00,UTC,2026-03-28T05:53:20Z,PENDING_RESUBMIT,0.00
ORD-00002314,CX-003,HKFIN,BUY,4866,70.64,2026-03-28T05:53:46Z,2026-03-28T01:53:46-04:00,UTC,2026-03-28T05:53:46Z,FAILED,899.13
ORD-00002315,CX-005,JPNBK,BUY,7990,111.66,2026-03-28T05:54:19Z,2026-03-28T13:54:19+08:00,UTC,2026-03-28T05:54:19Z,PENDING_RESUBMIT,0.00
ORD-00002316,CX-003,HKFIN,BUY,5262,171.95,2026-03-28T05:54:33Z,2026-03-28T01:54:33-04:00,UTC,2026-03-28T05:54:33Z,PENDING_RESUBMIT,0.00
ORD-00002317,CX-003,JPNBK,SELL,9666,62.51,2026-03-28T05:54:36Z,2026-03-28T01:54:36-04:00,UTC,2026-03-28T05:54:36Z,PENDING_RESUBMIT,0.00
ORD-00002318,CX-001,KRSEC,BUY,7191,167.12,2026-03-28T05:54:53Z,2026-03-28T13:54:53+08:00,UTC,2026-03-28T05:54:53Z,PENDING_RESUBMIT,0.00
ORD-00002319,CX-003,CNTECH,BUY,4354,221.41,2026-03-28T05:54:53Z,2026-03-28T01:54:53-04:00,UTC,2026-03-28T05:54:53Z,PENDING_RESUBMIT,0.00
ORD-00002320,CX-003,SGEX,SELL,3602,119.02,2026-03-28T05:54:56Z,2026-03-28T01:54:56-04:00,UTC,2026-03-28T05:54:56Z,FAILED,890.78
ORD-00002321,CX-002,JPNBK,BUY,8855,147.11,2026-03-28T05:55:00Z,2026-03-28T13:55:00+08:00,UTC,2026-03-28T05:55:00Z,PENDING_RESUBMIT,0.00
ORD-00002322,CX-005,CNTECH,SELL,7912,241.06,2026-03-28T05:55:06Z,2026-03-28T13:55:06+08:00,UTC,2026-03-28T05:55:06Z,FAILED,751.56
ORD-00002323,CX-001,SGEX,BUY,7302,106.83,2026-03-28T05:55:17Z,2026-03-28T13:55:17+08:00,UTC,2026-03-28T05:55:17Z,PENDING_RESUBMIT,0.00
ORD-00002324,CX-005,JPNBK,BUY,6545,213.78,2026-03-28T05:55:45Z,2026-03-28T13:55:45+08:00,UTC,2026-03-28T05:55:45Z,PENDING_RESUBMIT,0.00
ORD-00002325,CX-004,AUHLD,SELL,7478,176.39,2026-03-28T05:55:56Z,2026-03-28T13:55:56+08:00,UTC,2026-03-28T05:55:56Z,PENDING_RESUBMIT,0.00
ORD-00002326,CX-005,TWSMC,BUY,7942,247.82,2026-03-28T05:56:18Z,2026-03-28T13:56:18+08:00,UTC,2026-03-28T05:56:18Z,FAILED,918.41
ORD-00002327,CX-001,CNTECH,SELL,9171,130.26,2026-03-28T05:56:30Z,2026-03-28T13:56:30+08:00,UTC,2026-03-28T05:56:30Z,FAILED,820.49
ORD-00002328,CX-002,SGEX,BUY,8724,245.98,2026-03-28T05:57:21Z,2026-03-28T13:57:21+08:00,UTC,2026-03-28T05:57:21Z,FAILED,647.99
ORD-00002329,CX-001,AUHLD,BUY,6184,193.85,2026-03-28T05:57:38Z,2026-03-28T13:57:38+08:00,UTC,2026-03-28T05:57:38Z,FAILED,864.07
ORD-00002330,CX-005,AUHLD,SELL,8828,131.66,2026-03-28T05:58:22Z,2026-03-28T13:58:22+08:00,UTC,2026-03-28T05:58:22Z,FAILED,737.02
ORD-00002331,CX-001,CNTECH,BUY,4582,102.48,2026-03-28T05:59:33Z,2026-03-28T13:59:33+08:00,UTC,2026-03-28T05:59:33Z,FAILED,787.22
ORD-00002332,CX-001,HKFIN,BUY,2036,119.02,2026-03-28T05:59:50Z,2026-03-28T13:59:50+08:00,UTC,2026-03-28T05:59:50Z,PENDING_RESUBMIT,0.00
ORD-00002333,CX-002,CNTECH,BUY,3185,223.52,2026-03-28T06:00:20Z,2026-03-28T14:00:20+08:00,UTC,2026-03-28T06:00:20Z,PENDING_RESUBMIT,0.00
ORD-00002334,CX-005,JPNBK,BUY,6958,121.05,2026-03-28T06:00:58Z,2026-03-28T14:00:58+08:00,UTC,2026-03-28T06:00:58Z,FAILED,749.46
ORD-00002335,CX-003,JPNBK,SELL,7773,91.78,2026-03-28T06:01:19Z,2026-03-28T02:01:19-04:00,UTC,2026-03-28T06:01:19Z,FAILED,869.09
ORD-00002336,CX-002,HKFIN,BUY,5136,35.71,2026-03-28T06:01:26Z,2026-03-28T14:01:26+08:00,UTC,2026-03-28T06:01:26Z,PENDING_RESUBMIT,0.00
ORD-00002337,CX-001,HKFIN,SELL,5247,48.52,2026-03-28T06:02:35Z,2026-03-28T14:02:35+08:00,UTC,2026-03-28T06:02:35Z,PENDING_RESUBMIT,0.00
ORD-00002338,CX-005,KRSEC,SELL,2230,132.32,2026-03-28T06:02:43Z,2026-03-28T14:02:43+08:00,UTC,2026-03-28T06:02:43Z,FAILED,766.73
ORD-00002339,CX-002,HKFIN,BUY,3528,122.87,2026-03-28T06:03:24Z,2026-03-28T14:03:24+08:00,UTC,2026-03-28T06:03:24Z,PENDING_RESUBMIT,0.00
ORD-00002340,CX-002,KRSEC,SELL,6535,136.84,2026-03-28T06:03:54Z,2026-03-28T14:03:54+08:00,UTC,2026-03-28T06:03:54Z,PENDING_RESUBMIT,0.00
ORD-00002341,CX-003,HKFIN,SELL,844,239.17,2026-03-28T06:04:08Z,2026-03-28T02:04:08-04:00,UTC,2026-03-28T06:04:08Z,FAILED,683.04
ORD-00002342,CX-002,HKFIN,SELL,2565,219.37,2026-03-28T06:04:32Z,2026-03-28T14:04:32+08:00,UTC,2026-03-28T06:04:32Z,FAILED,683.17
ORD-00002343,CX-001,HKFIN,SELL,1420,165.17,2026-03-28T06:04:43Z,2026-03-28T14:04:43+08:00,UTC,2026-03-28T06:04:43Z,PENDING_RESUBMIT,0.00
ORD-00002344,CX-005,HKFIN,SELL,794,15.33,2026-03-28T06:04:46Z,2026-03-28T14:04:46+08:00,UTC,2026-03-28T06:04:46Z,FAILED,903.04
ORD-00002345,CX-001,TWSMC,BUY,9780,151.41,2026-03-28T06:05:08Z,2026-03-28T14:05:08+08:00,UTC,2026-03-28T06:05:08Z,FAILED,738.28
ORD-00002346,CX-004,HKFIN,SELL,4289,103.72,2026-03-28T06:05:15Z,2026-03-28T14:05:15+08:00,UTC,2026-03-28T06:05:15Z,PENDING_RESUBMIT,0.00
ORD-00002347,CX-001,KRSEC,SELL,3037,31.22,2026-03-28T06:05:23Z,2026-03-28T14:05:23+08:00,UTC,2026-03-28T06:05:23Z,FAILED,815.79
ORD-00002348,CX-001,TWSMC,SELL,5271,173.86,2026-03-28T06:05:49Z,2026-03-28T14:05:49+08:00,UTC,2026-03-28T06:05:49Z,PENDING_RESUBMIT,0.00
ORD-00002349,CX-001,KRSEC,SELL,2212,150.79,2026-03-28T06:06:04Z,2026-03-28T14:06:04+08:00,UTC,2026-03-28T06:06:04Z,FAILED,814.21
ORD-00002350,CX-004,KRSEC,SELL,2731,56.30,2026-03-28T06:06:45Z,2026-03-28T14:06:45+08:00,UTC,2026-03-28T06:06:45Z,PENDING_RESUBMIT,0.00
ORD-00002351,CX-005,TWSMC,BUY,8233,153.59,2026-03-28T06:07:40Z,2026-03-28T14:07:40+08:00,UTC,2026-03-28T06:07:40Z,PENDING_RESUBMIT,0.00
ORD-00002352,CX-005,TWSMC,BUY,9276,122.43,2026-03-28T06:08:01Z,2026-03-28T14:08:01+08:00,UTC,2026-03-28T06:08:01Z,PENDING_RESUBMIT,0.00
ORD-00002353,CX-003,TWSMC,SELL,9136,71.41,2026-03-28T06:08:14Z,2026-03-28T02:08:14-04:00,UTC,2026-03-28T06:08:14Z,PENDING_RESUBMIT,0.00
ORD-00002354,CX-003,TWSMC,SELL,5102,213.88,2026-03-28T06:08:15Z,2026-03-28T02:08:15-04:00,UTC,2026-03-28T06:08:15Z,FAILED,877.14
ORD-00002355,CX-001,JPNBK,BUY,9325,237.35,2026-03-28T06:08:20Z,2026-03-28T14:08:20+08:00,UTC,2026-03-28T06:08:20Z,PENDING_RESUBMIT,0.00
ORD-00002356,CX-001,KRSEC,BUY,3550,45.89,2026-03-28T06:08:29Z,2026-03-28T14:08:29+08:00,UTC,2026-03-28T06:08:29Z,PENDING_RESUBMIT,0.00
ORD-00002357,CX-002,HKFIN,SELL,3062,200.85,2026-03-28T06:08:34Z,2026-03-28T14:08:34+08:00,UTC,2026-03-28T06:08:34Z,PENDING_RESUBMIT,0.00
ORD-00002358,CX-001,TWSMC,SELL,904,94.76,2026-03-28T06:09:10Z,2026-03-28T14:09:10+08:00,UTC,2026-03-28T06:09:10Z,FAILED,910.79
ORD-00002359,CX-003,JPNBK,BUY,7201,199.86,2026-03-28T06:09:44Z,2026-03-28T02:09:44-04:00,UTC,2026-03-28T06:09:44Z,PENDING_RESUBMIT,0.00
ORD-00002360,CX-001,SGEX,BUY,2789,125.64,2026-03-28T06:10:01Z,2026-03-28T14:10:01+08:00,UTC,2026-03-28T06:10:01Z,PENDING_RESUBMIT,0.00
ORD-00002361,CX-002,TWSMC,SELL,5312,179.38,2026-03-28T06:10:09Z,2026-03-28T14:10:09+08:00,UTC,2026-03-28T06:10:09Z,PENDING_RESUBMIT,0.00
ORD-00002362,CX-001,HKFIN,BUY,8289,212.11,2026-03-28T06:10:50Z,2026-03-28T14:10:50+08:00,UTC,2026-03-28T06:10:50Z,PENDING_RESUBMIT,0.00
ORD-00002363,CX-001,CNTECH,BUY,4109,186.43,2026-03-28T06:11:19Z,2026-03-28T14:11:19+08:00,UTC,2026-03-28T06:11:19Z,FAILED,766.40
ORD-00002364,CX-005,SGEX,SELL,2858,198.08,2026-03-28T06:11:30Z,2026-03-28T14:11:30+08:00,UTC,2026-03-28T06:11:30Z,FAILED,757.97
ORD-00002365,CX-001,SGEX,BUY,9104,74.70,2026-03-28T06:11:41Z,2026-03-28T14:11:41+08:00,UTC,2026-03-28T06:11:41Z,PENDING_RESUBMIT,0.00
ORD-00002366,CX-001,SGEX,BUY,3596,121.82,2026-03-28T06:11:46Z,2026-03-28T14:11:46+08:00,UTC,2026-03-28T06:11:46Z,PENDING_RESUBMIT,0.00
ORD-00002367,CX-001,JPNBK,BUY,9343,32.49,2026-03-28T06:11:51Z,2026-03-28T14:11:51+08:00,UTC,2026-03-28T06:11:51Z,PENDING_RESUBMIT,0.00
ORD-00002368,CX-001,HKFIN,SELL,4021,140.26,2026-03-28T06:11:51Z,2026-03-28T14:11:51+08:00,UTC,2026-03-28T06:11:51Z,FAILED,891.75
ORD-00002369,CX-003,HKFIN,SELL,531,175.55,2026-03-28T06:12:03Z,2026-03-28T02:12:03-04:00,UTC,2026-03-28T06:12:03Z,FAILED,690.72
ORD-00002370,CX-004,JPNBK,SELL,9989,188.17,2026-03-28T06:12:10Z,2026-03-28T14:12:10+08:00,UTC,2026-03-28T06:12:10Z,PENDING_RESUBMIT,0.00
ORD-00002371,CX-003,AUHLD,BUY,5558,42.41,2026-03-28T06:12:15Z,2026-03-28T02:12:15-04:00,UTC,2026-03-28T06:12:15Z,FAILED,704.84
ORD-00002372,CX-001,HKFIN,SELL,6135,206.76,2026-03-28T06:12:47Z,2026-03-28T14:12:47+08:00,UTC,2026-03-28T06:12:47Z,FAILED,870.99
ORD-00002373,CX-003,JPNBK,SELL,9158,20.55,2026-03-28T06:12:54Z,2026-03-28T02:12:54-04:00,UTC,2026-03-28T06:12:54Z,PENDING_RESUBMIT,0.00
ORD-00002374,CX-003,HKFIN,SELL,8114,152.26,2026-03-28T06:13:00Z,2026-03-28T02:13:00-04:00,UTC,2026-03-28T06:13:00Z,FAILED,845.24
ORD-00002375,CX-002,JPNBK,BUY,9607,122.98,2026-03-28T06:13:04Z,2026-03-28T14:13:04+08:00,UTC,2026-03-28T06:13:04Z,PENDING_RESUBMIT,0.00
ORD-00002376,CX-003,TWSMC,SELL,2289,105.04,2026-03-28T06:13:42Z,2026-03-28T02:13:42-04:00,UTC,2026-03-28T06:13:42Z,PENDING_RESUBMIT,0.00
ORD-00002377,CX-001,AUHLD,BUY,2051,188.21,2026-03-28T06:13:44Z,2026-03-28T14:13:44+08:00,UTC,2026-03-28T06:13:44Z,FAILED,677.16
ORD-00002378,CX-001,CNTECH,SELL,9769,25.76,2026-03-28T06:14:16Z,2026-03-28T14:14:16+08:00,UTC,2026-03-28T06:14:16Z,FAILED,897.50
ORD-00002379,CX-003,TWSMC,SELL,3634,126.28,2026-03-28T06:14:51Z,2026-03-28T02:14:51-04:00,UTC,2026-03-28T06:14:51Z,PENDING_RESUBMIT,0.00
ORD-00002380,CX-003,KRSEC,SELL,5071,213.86,2026-03-28T06:16:12Z,2026-03-28T02:16:12-04:00,UTC,2026-03-28T06:16:12Z,PENDING_RESUBMIT,0.00
ORD-00002381,CX-002,SGEX,BUY,2228,97.11,2026-03-28T06:16:33Z,2026-03-28T14:16:33+08:00,UTC,2026-03-28T06:16:33Z,PENDING_RESUBMIT,0.00
ORD-00002382,CX-004,JPNBK,BUY,1144,154.79,2026-03-28T06:17:34Z,2026-03-28T14:17:34+08:00,UTC,2026-03-28T06:17:34Z,FAILED,818.95
ORD-00002383,CX-003,HKFIN,BUY,3205,74.80,2026-03-28T06:17:48Z,2026-03-28T02:17:48-04:00,UTC,2026-03-28T06:17:48Z,PENDING_RESUBMIT,0.00
ORD-00002384,CX-003,HKFIN,SELL,2669,71.60,2026-03-28T06:17:57Z,2026-03-28T02:17:57-04:00,UTC,2026-03-28T06:17:57Z,FAILED,783.03
ORD-00002385,CX-001,SGEX,SELL,5014,213.58,2026-03-28T06:18:09Z,2026-03-28T14:18:09+08:00,UTC,2026-03-28T06:18:09Z,PENDING_RESUBMIT,0.00
ORD-00002386,CX-002,TWSMC,BUY,3364,50.57,2026-03-28T06:18:55Z,2026-03-28T14:18:55+08:00,UTC,2026-03-28T06:18:55Z,PENDING_RESUBMIT,0.00
ORD-00002387,CX-002,TWSMC,SELL,2423,68.80,2026-03-28T06:18:56Z,2026-03-28T14:18:56+08:00,UTC,2026-03-28T06:18:56Z,FAILED,742.13
ORD-00002388,CX-001,JPNBK,SELL,4544,222.48,2026-03-28T06:19:07Z,2026-03-28T14:19:07+08:00,UTC,2026-03-28T06:19:07Z,PENDING_RESUBMIT,0.00
ORD-00002389,CX-003,CNTECH,SELL,4326,246.61,2026-03-28T06:19:22Z,2026-03-28T02:19:22-04:00,UTC,2026-03-28T06:19:22Z,PENDING_RESUBMIT,0.00
ORD-00002390,CX-001,KRSEC,SELL,3186,41.73,2026-03-28T06:19:51Z,2026-03-28T14:19:51+08:00,UTC,2026-03-28T06:19:51Z,FAILED,808.23
ORD-00002391,CX-005,TWSMC,SELL,8721,119.28,2026-03-28T06:20:05Z,2026-03-28T14:20:05+08:00,UTC,2026-03-28T06:20:05Z,PENDING_RESUBMIT,0.00
ORD-00002392,CX-001,CNTECH,BUY,4770,25.55,2026-03-28T06:20:11Z,2026-03-28T14:20:11+08:00,UTC,2026-03-28T06:20:11Z,PENDING_RESUBMIT,0.00
ORD-00002393,CX-002,AUHLD,SELL,1442,27.60,2026-03-28T06:20:27Z,2026-03-28T14:20:27+08:00,UTC,2026-03-28T06:20:27Z,PENDING_RESUBMIT,0.00
ORD-00002394,CX-001,CNTECH,BUY,6483,82.59,2026-03-28T06:20:29Z,2026-03-28T14:20:29+08:00,UTC,2026-03-28T06:20:29Z,PENDING_RESUBMIT,0.00
ORD-00002395,CX-001,KRSEC,BUY,6022,129.65,2026-03-28T06:20:38Z,2026-03-28T14:20:38+08:00,UTC,2026-03-28T06:20:38Z,PENDING_RESUBMIT,0.00
ORD-00002396,CX-001,KRSEC,BUY,3391,56.38,2026-03-28T06:20:42Z,2026-03-28T14:20:42+08:00,UTC,2026-03-28T06:20:42Z,PENDING_RESUBMIT,0.00
ORD-00002397,CX-001,TWSMC,SELL,7039,176.94,2026-03-28T06:21:31Z,2026-03-28T14:21:31+08:00,UTC,2026-03-28T06:21:31Z,PENDING_RESUBMIT,0.00
ORD-00002398,CX-003,CNTECH,SELL,4017,56.16,2026-03-28T06:21:40Z,2026-03-28T02:21:40-04:00,UTC,2026-03-28T06:21:40Z,PENDING_RESUBMIT,0.00
ORD-00002399,CX-001,SGEX,BUY,4490,42.78,2026-03-28T06:22:03Z,2026-03-28T14:22:03+08:00,UTC,2026-03-28T06:22:03Z,PENDING_RESUBMIT,0.00
ORD-00002400,CX-002,AUHLD,SELL,9884,67.78,2026-03-28T06:22:18Z,2026-03-28T14:22:18+08:00,UTC,2026-03-28T06:22:18Z,FAILED,672.09
ORD-00002401,CX-001,AUHLD,BUY,5336,168.62,2026-03-28T06:22:20Z,2026-03-28T14:22:20+08:00,UTC,2026-03-28T06:22:20Z,PENDING_RESUBMIT,0.00
ORD-00002402,CX-002,HKFIN,BUY,4461,75.55,2026-03-28T06:22:33Z,2026-03-28T14:22:33+08:00,UTC,2026-03-28T06:22:33Z,PENDING_RESUBMIT,0.00
ORD-00002403,CX-004,JPNBK,SELL,2693,144.07,2026-03-28T06:22:48Z,2026-03-28T14:22:48+08:00,UTC,2026-03-28T06:22:48Z,PENDING_RESUBMIT,0.00
ORD-00002404,CX-005,HKFIN,BUY,6003,243.22,2026-03-28T06:22:52Z,2026-03-28T14:22:52+08:00,UTC,2026-03-28T06:22:52Z,PENDING_RESUBMIT,0.00
ORD-00002405,CX-001,KRSEC,SELL,3778,83.84,2026-03-28T06:23:03Z,2026-03-28T14:23:03+08:00,UTC,2026-03-28T06:23:03Z,PENDING_RESUBMIT,0.00
ORD-00002406,CX-001,SGEX,SELL,7347,165.71,2026-03-28T06:23:10Z,2026-03-28T14:23:10+08:00,UTC,2026-03-28T06:23:10Z,PENDING_RESUBMIT,0.00
ORD-00002407,CX-001,JPNBK,SELL,2273,245.43,2026-03-28T06:23:26Z,2026-03-28T14:23:26+08:00,UTC,2026-03-28T06:23:26Z,PENDING_RESUBMIT,0.00
ORD-00002408,CX-003,SGEX,SELL,3771,146.58,2026-03-28T06:23:39Z,2026-03-28T02:23:39-04:00,UTC,2026-03-28T06:23:39Z,PENDING_RESUBMIT,0.00
ORD-00002409,CX-003,CNTECH,BUY,8157,46.54,2026-03-28T06:23:57Z,2026-03-28T02:23:57-04:00,UTC,2026-03-28T06:23:57Z,PENDING_RESUBMIT,0.00
ORD-00002410,CX-005,KRSEC,BUY,7549,98.06,2026-03-28T06:24:47Z,2026-03-28T14:24:47+08:00,UTC,2026-03-28T06:24:47Z,PENDING_RESUBMIT,0.00
ORD-00002411,CX-001,HKFIN,BUY,8088,86.49,2026-03-28T06:24:51Z,2026-03-28T14:24:51+08:00,UTC,2026-03-28T06:24:51Z,FAILED,863.80
ORD-00002412,CX-003,SGEX,BUY,5449,226.15,2026-03-28T06:24:57Z,2026-03-28T02:24:57-04:00,UTC,2026-03-28T06:24:57Z,PENDING_RESUBMIT,0.00
ORD-00002413,CX-004,TWSMC,BUY,8851,180.12,2026-03-28T06:25:11Z,2026-03-28T14:25:11+08:00,UTC,2026-03-28T06:25:11Z,PENDING_RESUBMIT,0.00
ORD-00002414,CX-003,HKFIN,BUY,961,231.17,2026-03-28T06:26:02Z,2026-03-28T02:26:02-04:00,UTC,2026-03-28T06:26:02Z,PENDING_RESUBMIT,0.00
ORD-00002415,CX-001,TWSMC,SELL,1589,225.23,2026-03-28T06:26:12Z,2026-03-28T14:26:12+08:00,UTC,2026-03-28T06:26:12Z,FAILED,857.01
ORD-00002416,CX-001,KRSEC,SELL,8712,105.64,2026-03-28T06:26:13Z,2026-03-28T14:26:13+08:00,UTC,2026-03-28T06:26:13Z,PENDING_RESUBMIT,0.00
ORD-00002417,CX-005,JPNBK,SELL,8904,88.64,2026-03-28T06:26:21Z,2026-03-28T14:26:21+08:00,UTC,2026-03-28T06:26:21Z,FAILED,919.95
ORD-00002418,CX-005,KRSEC,BUY,8237,20.65,2026-03-28T06:26:36Z,2026-03-28T14:26:36+08:00,UTC,2026-03-28T06:26:36Z,PENDING_RESUBMIT,0.00
ORD-00002419,CX-003,KRSEC,SELL,9306,241.73,2026-03-28T06:26:47Z,2026-03-28T02:26:47-04:00,UTC,2026-03-28T06:26:47Z,FAILED,710.31
ORD-00002420,CX-001,JPNBK,SELL,6632,37.04,2026-03-28T06:27:47Z,2026-03-28T14:27:47+08:00,UTC,2026-03-28T06:27:47Z,PENDING_RESUBMIT,0.00
ORD-00002421,CX-001,HKFIN,SELL,7132,5.38,2026-03-28T06:27:59Z,2026-03-28T14:27:59+08:00,UTC,2026-03-28T06:27:59Z,PENDING_RESUBMIT,0.00
ORD-00002422,CX-003,SGEX,SELL,3388,33.10,2026-03-28T06:28:38Z,2026-03-28T02:28:38-04:00,UTC,2026-03-28T06:28:38Z,PENDING_RESUBMIT,0.00
ORD-00002423,CX-005,TWSMC,SELL,8412,242.42,2026-03-28T06:28:41Z,2026-03-28T14:28:41+08:00,UTC,2026-03-28T06:28:41Z,PENDING_RESUBMIT,0.00
ORD-00002424,CX-002,CNTECH,BUY,2125,90.65,2026-03-28T06:29:19Z,2026-03-28T14:29:19+08:00,UTC,2026-03-28T06:29:19Z,FAILED,586.11
ORD-00002425,CX-001,TWSMC,BUY,9694,16.15,2026-03-28T06:29:53Z,2026-03-28T14:29:53+08:00,UTC,2026-03-28T06:29:53Z,PENDING_RESUBMIT,0.00
ORD-00002426,CX-005,CNTECH,SELL,4215,175.53,2026-03-28T06:30:32Z,2026-03-28T14:30:32+08:00,UTC,2026-03-28T06:30:32Z,PENDING_RESUBMIT,0.00
ORD-00002427,CX-001,KRSEC,SELL,9828,156.08,2026-03-28T06:30:33Z,2026-03-28T14:30:33+08:00,UTC,2026-03-28T06:30:33Z,FAILED,709.59
ORD-00002428,CX-001,TWSMC,SELL,539,212.73,2026-03-28T06:30:52Z,2026-03-28T14:30:52+08:00,UTC,2026-03-28T06:30:52Z,PENDING_RESUBMIT,0.00
ORD-00002429,CX-003,KRSEC,SELL,8861,118.56,2026-03-28T06:30:59Z,2026-03-28T02:30:59-04:00,UTC,2026-03-28T06:30:59Z,PENDING_RESUBMIT,0.00
ORD-00002430,CX-002,AUHLD,SELL,6965,53.69,2026-03-28T06:31:06Z,2026-03-28T14:31:06+08:00,UTC,2026-03-28T06:31:06Z,PENDING_RESUBMIT,0.00
ORD-00002431,CX-001,KRSEC,SELL,4712,77.86,2026-03-28T06:31:48Z,2026-03-28T14:31:48+08:00,UTC,2026-03-28T06:31:48Z,PENDING_RESUBMIT,0.00
ORD-00002432,CX-003,AUHLD,SELL,7409,108.82,2026-03-28T06:31:49Z,2026-03-28T02:31:49-04:00,UTC,2026-03-28T06:31:49Z,PENDING_RESUBMIT,0.00
ORD-00002433,CX-003,KRSEC,SELL,430,8.61,2026-03-28T06:31:53Z,2026-03-28T02:31:53-04:00,UTC,2026-03-28T06:31:53Z,PENDING_RESUBMIT,0.00
ORD-00002434,CX-001,JPNBK,SELL,380,128.04,2026-03-28T06:31:58Z,2026-03-28T14:31:58+08:00,UTC,2026-03-28T06:31:58Z,PENDING_RESUBMIT,0.00
ORD-00002435,CX-001,TWSMC,BUY,4385,165.15,2026-03-28T06:32:43Z,2026-03-28T14:32:43+08:00,UTC,2026-03-28T06:32:43Z,PENDING_RESUBMIT,0.00
ORD-00002436,CX-005,HKFIN,BUY,9962,128.93,2026-03-28T06:32:48Z,2026-03-28T14:32:48+08:00,UTC,2026-03-28T06:32:48Z,PENDING_RESUBMIT,0.00
ORD-00002437,CX-002,KRSEC,SELL,6929,209.10,2026-03-28T06:32:51Z,2026-03-28T14:32:51+08:00,UTC,2026-03-28T06:32:51Z,PENDING_RESUBMIT,0.00
ORD-00002438,CX-003,CNTECH,BUY,2594,224.42,2026-03-28T06:33:37Z,2026-03-28T02:33:37-04:00,UTC,2026-03-28T06:33:37Z,FAILED,851.67
ORD-00002439,CX-001,JPNBK,BUY,8568,206.42,2026-03-28T06:33:55Z,2026-03-28T14:33:55+08:00,UTC,2026-03-28T06:33:55Z,FAILED,738.91
ORD-00002440,CX-002,CNTECH,BUY,3967,32.42,2026-03-28T06:34:12Z,2026-03-28T14:34:12+08:00,UTC,2026-03-28T06:34:12Z,PENDING_RESUBMIT,0.00
ORD-00002441,CX-001,AUHLD,SELL,583,98.77,2026-03-28T06:34:25Z,2026-03-28T14:34:25+08:00,UTC,2026-03-28T06:34:25Z,FAILED,780.62
ORD-00002442,CX-001,CNTECH,BUY,627,203.32,2026-03-28T06:35:04Z,2026-03-28T14:35:04+08:00,UTC,2026-03-28T06:35:04Z,FAILED,824.61
ORD-00002443,CX-002,TWSMC,SELL,7177,56.66,2026-03-28T06:35:07Z,2026-03-28T14:35:07+08:00,UTC,2026-03-28T06:35:07Z,PENDING_RESUBMIT,0.00
ORD-00002444,CX-005,CNTECH,SELL,3604,30.50,2026-03-28T06:35:17Z,2026-03-28T14:35:17+08:00,UTC,2026-03-28T06:35:17Z,PENDING_RESUBMIT,0.00
ORD-00002445,CX-002,SGEX,BUY,8360,213.57,2026-03-28T06:35:25Z,2026-03-28T14:35:25+08:00,UTC,2026-03-28T06:35:25Z,PENDING_RESUBMIT,0.00
ORD-00002446,CX-004,SGEX,SELL,5047,108.52,2026-03-28T06:35:28Z,2026-03-28T14:35:28+08:00,UTC,2026-03-28T06:35:28Z,PENDING_RESUBMIT,0.00
ORD-00002447,CX-002,KRSEC,BUY,3554,146.55,2026-03-28T06:36:08Z,2026-03-28T14:36:08+08:00,UTC,2026-03-28T06:36:08Z,PENDING_RESUBMIT,0.00
ORD-00002448,CX-003,CNTECH,SELL,4367,166.52,2026-03-28T06:36:28Z,2026-03-28T02:36:28-04:00,UTC,2026-03-28T06:36:28Z,FAILED,914.95
ORD-00002449,CX-001,SGEX,BUY,1799,106.93,2026-03-28T06:36:35Z,2026-03-28T14:36:35+08:00,UTC,2026-03-28T06:36:35Z,PENDING_RESUBMIT,0.00
ORD-00002450,CX-001,CNTECH,BUY,1525,100.08,2026-03-28T06:37:20Z,2026-03-28T14:37:20+08:00,UTC,2026-03-28T06:37:20Z,PENDING_RESUBMIT,0.00
ORD-00002451,CX-001,AUHLD,BUY,7283,200.43,2026-03-28T06:37:27Z,2026-03-28T14:37:27+08:00,UTC,2026-03-28T06:37:27Z,PENDING_RESUBMIT,0.00
ORD-00002452,CX-001,JPNBK,SELL,6095,16.08,2026-03-28T06:37:46Z,2026-03-28T14:37:46+08:00,UTC,2026-03-28T06:37:46Z,PENDING_RESUBMIT,0.00
ORD-00002453,CX-002,JPNBK,BUY,6811,99.87,2026-03-28T06:38:10Z,2026-03-28T14:38:10+08:00,UTC,2026-03-28T06:38:10Z,PENDING_RESUBMIT,0.00
ORD-00002454,CX-002,AUHLD,SELL,2386,209.70,2026-03-28T06:38:19Z,2026-03-28T14:38:19+08:00,UTC,2026-03-28T06:38:19Z,FAILED,744.51
ORD-00002455,CX-004,KRSEC,SELL,9732,108.09,2026-03-28T06:38:29Z,2026-03-28T14:38:29+08:00,UTC,2026-03-28T06:38:29Z,PENDING_RESUBMIT,0.00
ORD-00002456,CX-003,KRSEC,SELL,3215,208.94,2026-03-28T06:38:37Z,2026-03-28T02:38:37-04:00,UTC,2026-03-28T06:38:37Z,FAILED,805.69
ORD-00002457,CX-003,JPNBK,SELL,1665,134.60,2026-03-28T06:38:40Z,2026-03-28T02:38:40-04:00,UTC,2026-03-28T06:38:40Z,PENDING_RESUBMIT,0.00
ORD-00002458,CX-005,KRSEC,BUY,2874,185.78,2026-03-28T06:39:08Z,2026-03-28T14:39:08+08:00,UTC,2026-03-28T06:39:08Z,PENDING_RESUBMIT,0.00
ORD-00002459,CX-003,HKFIN,SELL,444,80.99,2026-03-28T06:39:56Z,2026-03-28T02:39:56-04:00,UTC,2026-03-28T06:39:56Z,PENDING_RESUBMIT,0.00
ORD-00002460,CX-003,KRSEC,SELL,6139,41.34,2026-03-28T06:40:17Z,2026-03-28T02:40:17-04:00,UTC,2026-03-28T06:40:17Z,FAILED,735.96
ORD-00002461,CX-001,CNTECH,BUY,1048,64.90,2026-03-28T06:40:27Z,2026-03-28T14:40:27+08:00,UTC,2026-03-28T06:40:27Z,PENDING_RESUBMIT,0.00
ORD-00002462,CX-004,CNTECH,SELL,9880,101.49,2026-03-28T06:40:54Z,2026-03-28T14:40:54+08:00,UTC,2026-03-28T06:40:54Z,FAILED,701.84
ORD-00002463,CX-003,HKFIN,SELL,8256,131.18,2026-03-28T06:41:22Z,2026-03-28T02:41:22-04:00,UTC,2026-03-28T06:41:22Z,PENDING_RESUBMIT,0.00
ORD-00002464,CX-002,HKFIN,SELL,6831,232.01,2026-03-28T06:41:30Z,2026-03-28T14:41:30+08:00,UTC,2026-03-28T06:41:30Z,PENDING_RESUBMIT,0.00
ORD-00002465,CX-001,AUHLD,SELL,3150,8.45,2026-03-28T06:41:43Z,2026-03-28T14:41:43+08:00,UTC,2026-03-28T06:41:43Z,PENDING_RESUBMIT,0.00
ORD-00002466,CX-005,CNTECH,BUY,7553,241.21,2026-03-28T06:41:53Z,2026-03-28T14:41:53+08:00,UTC,2026-03-28T06:41:53Z,FAILED,746.88
ORD-00002467,CX-003,SGEX,SELL,7196,53.87,2026-03-28T06:42:26Z,2026-03-28T02:42:26-04:00,UTC,2026-03-28T06:42:26Z,FAILED,900.46
ORD-00002468,CX-004,SGEX,SELL,4173,47.93,2026-03-28T06:42:35Z,2026-03-28T14:42:35+08:00,UTC,2026-03-28T06:42:35Z,FAILED,729.84
ORD-00002469,CX-001,AUHLD,BUY,6883,125.81,2026-03-28T06:43:19Z,2026-03-28T14:43:19+08:00,UTC,2026-03-28T06:43:19Z,PENDING_RESUBMIT,0.00
ORD-00002470,CX-004,SGEX,SELL,300,44.42,2026-03-28T06:43:25Z,2026-03-28T14:43:25+08:00,UTC,2026-03-28T06:43:25Z,PENDING_RESUBMIT,0.00
ORD-00002471,CX-005,CNTECH,SELL,9934,167.51,2026-03-28T06:43:30Z,2026-03-28T14:43:30+08:00,UTC,2026-03-28T06:43:30Z,FAILED,744.95
ORD-00002472,CX-003,HKFIN,BUY,691,212.14,2026-03-28T06:44:08Z,2026-03-28T02:44:08-04:00,UTC,2026-03-28T06:44:08Z,PENDING_RESUBMIT,0.00
ORD-00002473,CX-002,CNTECH,BUY,3563,216.50,2026-03-28T06:45:13Z,2026-03-28T14:45:13+08:00,UTC,2026-03-28T06:45:13Z,PENDING_RESUBMIT,0.00
ORD-00002474,CX-002,TWSMC,BUY,8651,167.73,2026-03-28T06:45:23Z,2026-03-28T14:45:23+08:00,UTC,2026-03-28T06:45:23Z,PENDING_RESUBMIT,0.00
ORD-00002475,CX-003,KRSEC,BUY,7153,132.19,2026-03-28T06:45:33Z,2026-03-28T02:45:33-04:00,UTC,2026-03-28T06:45:33Z,FAILED,747.18
ORD-00002476,CX-003,CNTECH,BUY,1889,140.56,2026-03-28T06:46:25Z,2026-03-28T02:46:25-04:00,UTC,2026-03-28T06:46:25Z,PENDING_RESUBMIT,0.00
ORD-00002477,CX-005,HKFIN,SELL,4166,198.72,2026-03-28T06:46:30Z,2026-03-28T14:46:30+08:00,UTC,2026-03-28T06:46:30Z,PENDING_RESUBMIT,0.00
ORD-00002478,CX-001,SGEX,SELL,9686,123.32,2026-03-28T06:47:17Z,2026-03-28T14:47:17+08:00,UTC,2026-03-28T06:47:17Z,FAILED,892.01
ORD-00002479,CX-001,SGEX,BUY,9532,212.39,2026-03-28T06:48:12Z,2026-03-28T14:48:12+08:00,UTC,2026-03-28T06:48:12Z,PENDING_RESUBMIT,0.00
ORD-00002480,CX-002,TWSMC,SELL,706,124.44,2026-03-28T06:48:14Z,2026-03-28T14:48:14+08:00,UTC,2026-03-28T06:48:14Z,PENDING_RESUBMIT,0.00
ORD-00002481,CX-001,KRSEC,SELL,6299,59.05,2026-03-28T06:48:16Z,2026-03-28T14:48:16+08:00,UTC,2026-03-28T06:48:16Z,FAILED,874.82
ORD-00002482,CX-001,TWSMC,SELL,7115,45.67,2026-03-28T06:48:49Z,2026-03-28T14:48:49+08:00,UTC,2026-03-28T06:48:49Z,PENDING_RESUBMIT,0.00
ORD-00002483,CX-002,SGEX,BUY,8261,171.14,2026-03-28T06:49:01Z,2026-03-28T14:49:01+08:00,UTC,2026-03-28T06:49:01Z,PENDING_RESUBMIT,0.00
ORD-00002484,CX-005,SGEX,SELL,4337,240.73,2026-03-28T06:49:47Z,2026-03-28T14:49:47+08:00,UTC,2026-03-28T06:49:47Z,PENDING_RESUBMIT,0.00
ORD-00002485,CX-005,SGEX,BUY,9087,113.11,2026-03-28T06:49:54Z,2026-03-28T14:49:54+08:00,UTC,2026-03-28T06:49:54Z,PENDING_RESUBMIT,0.00
ORD-00002486,CX-001,KRSEC,BUY,2968,107.38,2026-03-28T06:49:59Z,2026-03-28T14:49:59+08:00,UTC,2026-03-28T06:49:59Z,PENDING_RESUBMIT,0.00
ORD-00002487,CX-004,HKFIN,SELL,1296,49.51,2026-03-28T06:50:15Z,2026-03-28T14:50:15+08:00,UTC,2026-03-28T06:50:15Z,FAILED,816.43
ORD-00002488,CX-004,CNTECH,SELL,451,103.36,2026-03-28T06:50:50Z,2026-03-28T14:50:50+08:00,UTC,2026-03-28T06:50:50Z,FAILED,881.02
ORD-00002489,CX-001,TWSMC,BUY,7700,95.23,2026-03-28T06:50:57Z,2026-03-28T14:50:57+08:00,UTC,2026-03-28T06:50:57Z,FAILED,751.75
ORD-00002490,CX-002,HKFIN,SELL,3601,27.74,2026-03-28T06:51:29Z,2026-03-28T14:51:29+08:00,UTC,2026-03-28T06:51:29Z,PENDING_RESUBMIT,0.00
ORD-00002491,CX-003,JPNBK,BUY,1353,23.10,2026-03-28T06:52:00Z,2026-03-28T02:52:00-04:00,UTC,2026-03-28T06:52:00Z,PENDING_RESUBMIT,0.00
ORD-00002492,CX-001,TWSMC,BUY,4072,17.44,2026-03-28T06:52:24Z,2026-03-28T14:52:24+08:00,UTC,2026-03-28T06:52:24Z,PENDING_RESUBMIT,0.00
ORD-00002493,CX-004,HKFIN,SELL,638,102.63,2026-03-28T06:52:55Z,2026-03-28T14:52:55+08:00,UTC,2026-03-28T06:52:55Z,PENDING_RESUBMIT,0.00
ORD-00002494,CX-001,CNTECH,BUY,7071,37.80,2026-03-28T06:52:56Z,2026-03-28T14:52:56+08:00,UTC,2026-03-28T06:52:56Z,FAILED,747.23
ORD-00002495,CX-001,KRSEC,SELL,3569,106.10,2026-03-28T06:52:59Z,2026-03-28T14:52:59+08:00,UTC,2026-03-28T06:52:59Z,PENDING_RESUBMIT,0.00
ORD-00002496,CX-003,TWSMC,BUY,8327,202.84,2026-03-28T06:53:00Z,2026-03-28T02:53:00-04:00,UTC,2026-03-28T06:53:00Z,PENDING_RESUBMIT,0.00
ORD-00002497,CX-001,SGEX,SELL,4074,175.43,2026-03-28T06:53:02Z,2026-03-28T14:53:02+08:00,UTC,2026-03-28T06:53:02Z,PENDING_RESUBMIT,0.00
ORD-00002498,CX-001,KRSEC,BUY,2056,8.10,2026-03-28T06:53:16Z,2026-03-28T14:53:16+08:00,UTC,2026-03-28T06:53:16Z,PENDING_RESUBMIT,0.00
ORD-00002499,CX-002,KRSEC,BUY,8934,200.53,2026-03-28T06:53:16Z,2026-03-28T14:53:16+08:00,UTC,2026-03-28T06:53:16Z,FAILED,634.58
ORD-00002500,CX-001,SGEX,SELL,407,117.64,2026-03-28T06:53:39Z,2026-03-28T14:53:39+08:00,UTC,2026-03-28T06:53:39Z,PENDING_RESUBMIT,0.00
ORD-00002501,CX-003,TWSMC,SELL,3620,97.82,2026-03-28T06:53:39Z,2026-03-28T02:53:39-04:00,UTC,2026-03-28T06:53:39Z,FAILED,830.63
ORD-00002502,CX-005,KRSEC,SELL,3456,14.78,2026-03-28T06:54:43Z,2026-03-28T14:54:43+08:00,UTC,2026-03-28T06:54:43Z,PENDING_RESUBMIT,0.00
ORD-00002503,CX-004,SGEX,SELL,4725,222.29,2026-03-28T06:54:54Z,2026-03-28T14:54:54+08:00,UTC,2026-03-28T06:54:54Z,PENDING_RESUBMIT,0.00
ORD-00002504,CX-001,CNTECH,BUY,9569,133.02,2026-03-28T06:55:24Z,2026-03-28T14:55:24+08:00,UTC,2026-03-28T06:55:24Z,PENDING_RESUBMIT,0.00
ORD-00002505,CX-001,JPNBK,BUY,7359,208.35,2026-03-28T06:55:26Z,2026-03-28T14:55:26+08:00,UTC,2026-03-28T06:55:26Z,FAILED,866.82
ORD-00002506,CX-001,AUHLD,SELL,4514,183.56,2026-03-28T06:55:29Z,2026-03-28T14:55:29+08:00,UTC,2026-03-28T06:55:29Z,PENDING_RESUBMIT,0.00
ORD-00002507,CX-002,SGEX,SELL,1616,102.72,2026-03-28T06:55:34Z,2026-03-28T14:55:34+08:00,UTC,2026-03-28T06:55:34Z,FAILED,585.94
ORD-00002508,CX-004,CNTECH,BUY,6332,17.06,2026-03-28T06:55:44Z,2026-03-28T14:55:44+08:00,UTC,2026-03-28T06:55:44Z,PENDING_RESUBMIT,0.00
ORD-00002509,CX-002,TWSMC,SELL,5061,156.53,2026-03-28T06:56:03Z,2026-03-28T14:56:03+08:00,UTC,2026-03-28T06:56:03Z,PENDING_RESUBMIT,0.00
ORD-00002510,CX-003,CNTECH,BUY,1318,85.14,2026-03-28T06:56:05Z,2026-03-28T02:56:05-04:00,UTC,2026-03-28T06:56:05Z,FAILED,753.59
ORD-00002511,CX-003,JPNBK,BUY,4774,120.65,2026-03-28T06:56:37Z,2026-03-28T02:56:37-04:00,UTC,2026-03-28T06:56:37Z,PENDING_RESUBMIT,0.00
ORD-00002512,CX-004,JPNBK,SELL,5625,249.19,2026-03-28T06:56:50Z,2026-03-28T14:56:50+08:00,UTC,2026-03-28T06:56:50Z,PENDING_RESUBMIT,0.00
ORD-00002513,CX-001,JPNBK,BUY,5556,195.88,2026-03-28T06:57:46Z,2026-03-28T14:57:46+08:00,UTC,2026-03-28T06:57:46Z,PENDING_RESUBMIT,0.00
ORD-00002514,CX-005,JPNBK,BUY,9547,50.17,2026-03-28T06:58:50Z,2026-03-28T14:58:50+08:00,UTC,2026-03-28T06:58:50Z,PENDING_RESUBMIT,0.00
ORD-00002515,CX-002,TWSMC,SELL,1842,111.28,2026-03-28T06:59:06Z,2026-03-28T14:59:06+08:00,UTC,2026-03-28T06:59:06Z,PENDING_RESUBMIT,0.00
ORD-00002516,CX-003,JPNBK,SELL,1862,153.79,2026-03-28T06:59:09Z,2026-03-28T02:59:09-04:00,UTC,2026-03-28T06:59:09Z,PENDING_RESUBMIT,0.00
ORD-00002517,CX-003,AUHLD,BUY,5985,221.48,2026-03-28T06:59:10Z,2026-03-28T02:59:10-04:00,UTC,2026-03-28T06:59:10Z,PENDING_RESUBMIT,0.00
ORD-00002518,CX-001,AUHLD,BUY,3410,207.85,2026-03-28T06:59:26Z,2026-03-28T14:59:26+08:00,UTC,2026-03-28T06:59:26Z,PENDING_RESUBMIT,0.00
ORD-00002519,CX-001,SGEX,BUY,8380,37.71,2026-03-28T07:00:03Z,2026-03-28T15:00:03+08:00,UTC,2026-03-28T07:00:03Z,FAILED,766.09
ORD-00002520,CX-005,TWSMC,BUY,2553,247.16,2026-03-28T07:00:40Z,2026-03-28T15:00:40+08:00,UTC,2026-03-28T07:00:40Z,PENDING_RESUBMIT,0.00
ORD-00002521,CX-005,KRSEC,SELL,2869,166.08,2026-03-28T07:01:42Z,2026-03-28T15:01:42+08:00,UTC,2026-03-28T07:01:42Z,PENDING_RESUBMIT,0.00
ORD-00002522,CX-003,HKFIN,BUY,7215,21.48,2026-03-28T07:01:44Z,2026-03-28T03:01:44-04:00,UTC,2026-03-28T07:01:44Z,PENDING_RESUBMIT,0.00
ORD-00002523,CX-003,JPNBK,BUY,8752,172.60,2026-03-28T07:01:59Z,2026-03-28T03:01:59-04:00,UTC,2026-03-28T07:01:59Z,FAILED,718.90
ORD-00002524,CX-001,CNTECH,SELL,2034,194.00,2026-03-28T07:02:06Z,2026-03-28T15:02:06+08:00,UTC,2026-03-28T07:02:06Z,PENDING_RESUBMIT,0.00
ORD-00002525,CX-005,AUHLD,BUY,3799,161.91,2026-03-28T07:02:09Z,2026-03-28T15:02:09+08:00,UTC,2026-03-28T07:02:09Z,PENDING_RESUBMIT,0.00
ORD-00002526,CX-002,TWSMC,SELL,9328,223.27,2026-03-28T07:02:16Z,2026-03-28T15:02:16+08:00,UTC,2026-03-28T07:02:16Z,FAILED,638.68
ORD-00002527,CX-003,SGEX,SELL,6232,153.60,2026-03-28T07:02:16Z,2026-03-28T03:02:16-04:00,UTC,2026-03-28T07:02:16Z,PENDING_RESUBMIT,0.00
ORD-00002528,CX-005,TWSMC,SELL,5464,247.90,2026-03-28T07:02:23Z,2026-03-28T15:02:23+08:00,UTC,2026-03-28T07:02:23Z,PENDING_RESUBMIT,0.00
ORD-00002529,CX-001,CNTECH,BUY,4795,172.43,2026-03-28T07:02:33Z,2026-03-28T15:02:33+08:00,UTC,2026-03-28T07:02:33Z,PENDING_RESUBMIT,0.00
ORD-00002530,CX-005,AUHLD,BUY,8174,197.47,2026-03-28T07:02:38Z,2026-03-28T15:02:38+08:00,UTC,2026-03-28T07:02:38Z,PENDING_RESUBMIT,0.00
ORD-00002531,CX-005,JPNBK,SELL,793,50.71,2026-03-28T07:02:40Z,2026-03-28T15:02:40+08:00,UTC,2026-03-28T07:02:40Z,FAILED,898.77
ORD-00002532,CX-002,AUHLD,BUY,2070,166.27,2026-03-28T07:02:57Z,2026-03-28T15:02:57+08:00,UTC,2026-03-28T07:02:57Z,PENDING_RESUBMIT,0.00
ORD-00002533,CX-002,CNTECH,SELL,7717,131.65,2026-03-28T07:02:59Z,2026-03-28T15:02:59+08:00,UTC,2026-03-28T07:02:59Z,FAILED,754.69
ORD-00002534,CX-004,HKFIN,SELL,9918,73.33,2026-03-28T07:03:44Z,2026-03-28T15:03:44+08:00,UTC,2026-03-28T07:03:44Z,PENDING_RESUBMIT,0.00
ORD-00002535,CX-005,TWSMC,BUY,221,217.95,2026-03-28T07:04:00Z,2026-03-28T15:04:00+08:00,UTC,2026-03-28T07:04:00Z,PENDING_RESUBMIT,0.00
ORD-00002536,CX-003,TWSMC,BUY,7376,128.32,2026-03-28T07:04:14Z,2026-03-28T03:04:14-04:00,UTC,2026-03-28T07:04:14Z,PENDING_RESUBMIT,0.00
ORD-00002537,CX-002,TWSMC,BUY,8176,129.61,2026-03-28T07:04:40Z,2026-03-28T15:04:40+08:00,UTC,2026-03-28T07:04:40Z,FAILED,577.36
ORD-00002538,CX-003,CNTECH,BUY,5081,117.10,2026-03-28T07:04:49Z,2026-03-28T03:04:49-04:00,UTC,2026-03-28T07:04:49Z,PENDING_RESUBMIT,0.00
ORD-00002539,CX-001,KRSEC,SELL,3933,135.83,2026-03-28T07:04:57Z,2026-03-28T15:04:57+08:00,UTC,2026-03-28T07:04:57Z,FAILED,878.86
ORD-00002540,CX-005,JPNBK,SELL,2709,25.83,2026-03-28T07:05:06Z,2026-03-28T15:05:06+08:00,UTC,2026-03-28T07:05:06Z,PENDING_RESUBMIT,0.00
ORD-00002541,CX-002,KRSEC,BUY,2075,78.14,2026-03-28T07:05:08Z,2026-03-28T15:05:08+08:00,UTC,2026-03-28T07:05:08Z,PENDING_RESUBMIT,0.00
ORD-00002542,CX-001,TWSMC,SELL,9296,206.80,2026-03-28T07:05:15Z,2026-03-28T15:05:15+08:00,UTC,2026-03-28T07:05:15Z,PENDING_RESUBMIT,0.00
ORD-00002543,CX-002,KRSEC,SELL,4573,65.25,2026-03-28T07:05:17Z,2026-03-28T15:05:17+08:00,UTC,2026-03-28T07:05:17Z,PENDING_RESUBMIT,0.00
ORD-00002544,CX-003,KRSEC,BUY,1828,111.55,2026-03-28T07:05:54Z,2026-03-28T03:05:54-04:00,UTC,2026-03-28T07:05:54Z,PENDING_RESUBMIT,0.00
ORD-00002545,CX-003,SGEX,BUY,4665,39.55,2026-03-28T07:06:08Z,2026-03-28T03:06:08-04:00,UTC,2026-03-28T07:06:08Z,PENDING_RESUBMIT,0.00
ORD-00002546,CX-003,JPNBK,SELL,1406,141.33,2026-03-28T07:06:22Z,2026-03-28T03:06:22-04:00,UTC,2026-03-28T07:06:22Z,FAILED,917.48
ORD-00002547,CX-004,KRSEC,SELL,4558,237.62,2026-03-28T07:06:59Z,2026-03-28T15:06:59+08:00,UTC,2026-03-28T07:06:59Z,PENDING_RESUBMIT,0.00
ORD-00002548,CX-001,TWSMC,SELL,4048,213.09,2026-03-28T07:07:10Z,2026-03-28T15:07:10+08:00,UTC,2026-03-28T07:07:10Z,PENDING_RESUBMIT,0.00
ORD-00002549,CX-003,JPNBK,SELL,9782,58.05,2026-03-28T07:07:14Z,2026-03-28T03:07:14-04:00,UTC,2026-03-28T07:07:14Z,PENDING_RESUBMIT,0.00
ORD-00002550,CX-002,SGEX,BUY,9959,55.32,2026-03-28T07:07:19Z,2026-03-28T15:07:19+08:00,UTC,2026-03-28T07:07:19Z,PENDING_RESUBMIT,0.00
ORD-00002551,CX-001,HKFIN,BUY,9970,129.74,2026-03-28T07:07:46Z,2026-03-28T15:07:46+08:00,UTC,2026-03-28T07:07:46Z,FAILED,875.76
ORD-00002552,CX-003,TWSMC,BUY,8316,102.49,2026-03-28T07:07:56Z,2026-03-28T03:07:56-04:00,UTC,2026-03-28T07:07:56Z,PENDING_RESUBMIT,0.00
ORD-00002553,CX-001,KRSEC,BUY,1384,127.69,2026-03-28T07:08:28Z,2026-03-28T15:08:28+08:00,UTC,2026-03-28T07:08:28Z,PENDING_RESUBMIT,0.00
ORD-00002554,CX-001,SGEX,SELL,7685,170.01,2026-03-28T07:09:05Z,2026-03-28T15:09:05+08:00,UTC,2026-03-28T07:09:05Z,PENDING_RESUBMIT,0.00
ORD-00002555,CX-005,TWSMC,BUY,8483,18.69,2026-03-28T07:09:26Z,2026-03-28T15:09:26+08:00,UTC,2026-03-28T07:09:26Z,PENDING_RESUBMIT,0.00
ORD-00002556,CX-004,HKFIN,SELL,206,83.21,2026-03-28T07:09:34Z,2026-03-28T15:09:34+08:00,UTC,2026-03-28T07:09:34Z,FAILED,707.73
ORD-00002557,CX-002,HKFIN,SELL,3546,215.56,2026-03-28T07:09:37Z,2026-03-28T15:09:37+08:00,UTC,2026-03-28T07:09:37Z,PENDING_RESUBMIT,0.00
ORD-00002558,CX-005,KRSEC,SELL,588,88.34,2026-03-28T07:10:20Z,2026-03-28T15:10:20+08:00,UTC,2026-03-28T07:10:20Z,FAILED,848.79
ORD-00002559,CX-001,SGEX,BUY,2367,167.52,2026-03-28T07:11:18Z,2026-03-28T15:11:18+08:00,UTC,2026-03-28T07:11:18Z,FAILED,696.77
ORD-00002560,CX-005,HKFIN,BUY,2355,127.64,2026-03-28T07:11:39Z,2026-03-28T15:11:39+08:00,UTC,2026-03-28T07:11:39Z,PENDING_RESUBMIT,0.00
ORD-00002561,CX-002,SGEX,BUY,9513,19.16,2026-03-28T07:12:23Z,2026-03-28T15:12:23+08:00,UTC,2026-03-28T07:12:23Z,PENDING_RESUBMIT,0.00
ORD-00002562,CX-005,TWSMC,SELL,1568,222.84,2026-03-28T07:12:43Z,2026-03-28T15:12:43+08:00,UTC,2026-03-28T07:12:43Z,PENDING_RESUBMIT,0.00
ORD-00002563,CX-003,TWSMC,SELL,2772,80.31,2026-03-28T07:12:54Z,2026-03-28T03:12:54-04:00,UTC,2026-03-28T07:12:54Z,FAILED,731.24
ORD-00002564,CX-005,CNTECH,BUY,772,212.56,2026-03-28T07:13:24Z,2026-03-28T15:13:24+08:00,UTC,2026-03-28T07:13:24Z,PENDING_RESUBMIT,0.00
ORD-00002565,CX-005,JPNBK,SELL,2797,171.93,2026-03-28T07:13:25Z,2026-03-28T15:13:25+08:00,UTC,2026-03-28T07:13:25Z,FAILED,790.96
ORD-00002566,CX-001,CNTECH,BUY,3002,238.07,2026-03-28T07:13:30Z,2026-03-28T15:13:30+08:00,UTC,2026-03-28T07:13:30Z,FAILED,751.06
ORD-00002567,CX-004,AUHLD,SELL,1649,231.70,2026-03-28T07:13:45Z,2026-03-28T15:13:45+08:00,UTC,2026-03-28T07:13:45Z,PENDING_RESUBMIT,0.00
ORD-00002568,CX-003,HKFIN,BUY,817,36.32,2026-03-28T07:14:21Z,2026-03-28T03:14:21-04:00,UTC,2026-03-28T07:14:21Z,PENDING_RESUBMIT,0.00
ORD-00002569,CX-005,JPNBK,SELL,2621,173.54,2026-03-28T07:14:27Z,2026-03-28T15:14:27+08:00,UTC,2026-03-28T07:14:27Z,PENDING_RESUBMIT,0.00
ORD-00002570,CX-001,JPNBK,BUY,2270,26.39,2026-03-28T07:14:44Z,2026-03-28T15:14:44+08:00,UTC,2026-03-28T07:14:44Z,FAILED,912.82
ORD-00002571,CX-001,TWSMC,BUY,7954,56.18,2026-03-28T07:15:07Z,2026-03-28T15:15:07+08:00,UTC,2026-03-28T07:15:07Z,PENDING_RESUBMIT,0.00
ORD-00002572,CX-002,SGEX,BUY,7364,198.80,2026-03-28T07:15:25Z,2026-03-28T15:15:25+08:00,UTC,2026-03-28T07:15:25Z,PENDING_RESUBMIT,0.00
ORD-00002573,CX-005,HKFIN,BUY,6389,72.56,2026-03-28T07:15:34Z,2026-03-28T15:15:34+08:00,UTC,2026-03-28T07:15:34Z,PENDING_RESUBMIT,0.00
ORD-00002574,CX-001,SGEX,BUY,1731,158.41,2026-03-28T07:15:44Z,2026-03-28T15:15:44+08:00,UTC,2026-03-28T07:15:44Z,PENDING_RESUBMIT,0.00
ORD-00002575,CX-005,HKFIN,BUY,6379,54.77,2026-03-28T07:15:50Z,2026-03-28T15:15:50+08:00,UTC,2026-03-28T07:15:50Z,PENDING_RESUBMIT,0.00
ORD-00002576,CX-005,AUHLD,BUY,6139,118.91,2026-03-28T07:15:51Z,2026-03-28T15:15:51+08:00,UTC,2026-03-28T07:15:51Z,PENDING_RESUBMIT,0.00
ORD-00002577,CX-004,HKFIN,BUY,5133,127.94,2026-03-28T07:16:23Z,2026-03-28T15:16:23+08:00,UTC,2026-03-28T07:16:23Z,FAILED,853.89
ORD-00002578,CX-005,CNTECH,SELL,2230,151.10,2026-03-28T07:16:30Z,2026-03-28T15:16:30+08:00,UTC,2026-03-28T07:16:30Z,PENDING_RESUBMIT,0.00
ORD-00002579,CX-003,CNTECH,SELL,990,25.74,2026-03-28T07:16:32Z,2026-03-28T03:16:32-04:00,UTC,2026-03-28T07:16:32Z,PENDING_RESUBMIT,0.00
ORD-00002580,CX-005,AUHLD,BUY,1329,24.90,2026-03-28T07:16:49Z,2026-03-28T15:16:49+08:00,UTC,2026-03-28T07:16:49Z,PENDING_RESUBMIT,0.00
ORD-00002581,CX-003,CNTECH,BUY,2265,65.84,2026-03-28T07:17:02Z,2026-03-28T03:17:02-04:00,UTC,2026-03-28T07:17:02Z,PENDING_RESUBMIT,0.00
ORD-00002582,CX-003,TWSMC,BUY,2964,23.40,2026-03-28T07:17:19Z,2026-03-28T03:17:19-04:00,UTC,2026-03-28T07:17:19Z,PENDING_RESUBMIT,0.00
ORD-00002583,CX-002,KRSEC,BUY,1916,175.44,2026-03-28T07:17:29Z,2026-03-28T15:17:29+08:00,UTC,2026-03-28T07:17:29Z,FAILED,728.85
ORD-00002584,CX-004,HKFIN,SELL,9604,169.79,2026-03-28T07:17:40Z,2026-03-28T15:17:40+08:00,UTC,2026-03-28T07:17:40Z,FAILED,801.37
ORD-00002585,CX-001,CNTECH,BUY,8001,95.94,2026-03-28T07:17:54Z,2026-03-28T15:17:54+08:00,UTC,2026-03-28T07:17:54Z,PENDING_RESUBMIT,0.00
ORD-00002586,CX-001,TWSMC,SELL,6618,59.41,2026-03-28T07:17:55Z,2026-03-28T15:17:55+08:00,UTC,2026-03-28T07:17:55Z,PENDING_RESUBMIT,0.00
ORD-00002587,CX-005,HKFIN,BUY,1299,42.67,2026-03-28T07:18:05Z,2026-03-28T15:18:05+08:00,UTC,2026-03-28T07:18:05Z,PENDING_RESUBMIT,0.00
ORD-00002588,CX-002,KRSEC,SELL,2830,155.63,2026-03-28T07:18:37Z,2026-03-28T15:18:37+08:00,UTC,2026-03-28T07:18:37Z,PENDING_RESUBMIT,0.00
ORD-00002589,CX-005,JPNBK,BUY,8153,111.98,2026-03-28T07:18:47Z,2026-03-28T15:18:47+08:00,UTC,2026-03-28T07:18:47Z,FAILED,752.18
ORD-00002590,CX-001,HKFIN,BUY,9930,104.00,2026-03-28T07:19:15Z,2026-03-28T15:19:15+08:00,UTC,2026-03-28T07:19:15Z,FAILED,753.10
ORD-00002591,CX-003,TWSMC,SELL,1754,35.97,2026-03-28T07:19:17Z,2026-03-28T03:19:17-04:00,UTC,2026-03-28T07:19:17Z,PENDING_RESUBMIT,0.00
ORD-00002592,CX-001,AUHLD,SELL,9881,61.65,2026-03-28T07:19:41Z,2026-03-28T15:19:41+08:00,UTC,2026-03-28T07:19:41Z,FAILED,822.61
ORD-00002593,CX-003,JPNBK,BUY,4320,168.15,2026-03-28T07:20:09Z,2026-03-28T03:20:09-04:00,UTC,2026-03-28T07:20:09Z,PENDING_RESUBMIT,0.00
ORD-00002594,CX-003,TWSMC,BUY,5723,97.37,2026-03-28T07:20:11Z,2026-03-28T03:20:11-04:00,UTC,2026-03-28T07:20:11Z,PENDING_RESUBMIT,0.00
ORD-00002595,CX-005,JPNBK,BUY,8306,128.60,2026-03-28T07:20:12Z,2026-03-28T15:20:12+08:00,UTC,2026-03-28T07:20:12Z,PENDING_RESUBMIT,0.00
ORD-00002596,CX-004,AUHLD,BUY,2687,154.48,2026-03-28T07:20:15Z,2026-03-28T15:20:15+08:00,UTC,2026-03-28T07:20:15Z,PENDING_RESUBMIT,0.00
ORD-00002597,CX-001,TWSMC,BUY,2715,29.53,2026-03-28T07:20:44Z,2026-03-28T15:20:44+08:00,UTC,2026-03-28T07:20:44Z,PENDING_RESUBMIT,0.00
ORD-00002598,CX-004,CNTECH,SELL,9112,105.09,2026-03-28T07:20:46Z,2026-03-28T15:20:46+08:00,UTC,2026-03-28T07:20:46Z,PENDING_RESUBMIT,0.00
ORD-00002599,CX-005,JPNBK,BUY,8202,170.55,2026-03-28T07:21:15Z,2026-03-28T15:21:15+08:00,UTC,2026-03-28T07:21:15Z,FAILED,927.34
ORD-00002600,CX-003,JPNBK,BUY,7568,82.13,2026-03-28T07:21:37Z,2026-03-28T03:21:37-04:00,UTC,2026-03-28T07:21:37Z,FAILED,845.89
ORD-00002601,CX-003,HKFIN,SELL,2323,107.00,2026-03-28T07:21:38Z,2026-03-28T03:21:38-04:00,UTC,2026-03-28T07:21:38Z,PENDING_RESUBMIT,0.00
ORD-00002602,CX-005,SGEX,BUY,2979,206.97,2026-03-28T07:21:59Z,2026-03-28T15:21:59+08:00,UTC,2026-03-28T07:21:59Z,PENDING_RESUBMIT,0.00
ORD-00002603,CX-003,TWSMC,BUY,1509,179.73,2026-03-28T07:22:58Z,2026-03-28T03:22:58-04:00,UTC,2026-03-28T07:22:58Z,PENDING_RESUBMIT,0.00
ORD-00002604,CX-001,HKFIN,SELL,6235,248.25,2026-03-28T07:23:04Z,2026-03-28T15:23:04+08:00,UTC,2026-03-28T07:23:04Z,FAILED,716.96
ORD-00002605,CX-005,SGEX,SELL,8776,21.00,2026-03-28T07:23:09Z,2026-03-28T15:23:09+08:00,UTC,2026-03-28T07:23:09Z,PENDING_RESUBMIT,0.00
ORD-00002606,CX-005,TWSMC,SELL,9405,88.62,2026-03-28T07:23:51Z,2026-03-28T15:23:51+08:00,UTC,2026-03-28T07:23:51Z,PENDING_RESUBMIT,0.00
ORD-00002607,CX-001,HKFIN,SELL,7617,171.99,2026-03-28T07:24:09Z,2026-03-28T15:24:09+08:00,UTC,2026-03-28T07:24:09Z,PENDING_RESUBMIT,0.00
ORD-00002608,CX-002,TWSMC,SELL,2576,214.08,2026-03-28T07:24:17Z,2026-03-28T15:24:17+08:00,UTC,2026-03-28T07:24:17Z,PENDING_RESUBMIT,0.00
ORD-00002609,CX-005,HKFIN,BUY,9449,38.99,2026-03-28T07:24:17Z,2026-03-28T15:24:17+08:00,UTC,2026-03-28T07:24:17Z,FAILED,837.57
ORD-00002610,CX-001,TWSMC,BUY,2646,30.89,2026-03-28T07:24:21Z,2026-03-28T15:24:21+08:00,UTC,2026-03-28T07:24:21Z,PENDING_RESUBMIT,0.00
ORD-00002611,CX-002,SGEX,BUY,1489,87.88,2026-03-28T07:24:21Z,2026-03-28T15:24:21+08:00,UTC,2026-03-28T07:24:21Z,PENDING_RESUBMIT,0.00
ORD-00002612,CX-005,CNTECH,SELL,3032,32.78,2026-03-28T07:24:33Z,2026-03-28T15:24:33+08:00,UTC,2026-03-28T07:24:33Z,PENDING_RESUBMIT,0.00
ORD-00002613,CX-004,JPNBK,BUY,5306,128.06,2026-03-28T07:24:44Z,2026-03-28T15:24:44+08:00,UTC,2026-03-28T07:24:44Z,PENDING_RESUBMIT,0.00
ORD-00002614,CX-004,CNTECH,SELL,6675,189.56,2026-03-28T07:25:04Z,2026-03-28T15:25:04+08:00,UTC,2026-03-28T07:25:04Z,PENDING_RESUBMIT,0.00
ORD-00002615,CX-001,SGEX,BUY,7846,100.34,2026-03-28T07:25:16Z,2026-03-28T15:25:16+08:00,UTC,2026-03-28T07:25:16Z,FAILED,699.15
ORD-00002616,CX-001,TWSMC,SELL,3553,192.90,2026-03-28T07:25:18Z,2026-03-28T15:25:18+08:00,UTC,2026-03-28T07:25:18Z,FAILED,756.23
ORD-00002617,CX-003,TWSMC,SELL,5630,144.92,2026-03-28T07:25:39Z,2026-03-28T03:25:39-04:00,UTC,2026-03-28T07:25:39Z,PENDING_RESUBMIT,0.00
ORD-00002618,CX-001,TWSMC,SELL,2293,118.85,2026-03-28T07:26:32Z,2026-03-28T15:26:32+08:00,UTC,2026-03-28T07:26:32Z,PENDING_RESUBMIT,0.00
ORD-00002619,CX-004,HKFIN,BUY,5154,49.49,2026-03-28T07:27:27Z,2026-03-28T15:27:27+08:00,UTC,2026-03-28T07:27:27Z,PENDING_RESUBMIT,0.00
ORD-00002620,CX-005,KRSEC,SELL,4387,59.93,2026-03-28T07:27:28Z,2026-03-28T15:27:28+08:00,UTC,2026-03-28T07:27:28Z,PENDING_RESUBMIT,0.00
ORD-00002621,CX-001,CNTECH,BUY,4858,15.31,2026-03-28T07:27:32Z,2026-03-28T15:27:32+08:00,UTC,2026-03-28T07:27:32Z,PENDING_RESUBMIT,0.00
ORD-00002622,CX-001,CNTECH,BUY,8199,112.55,2026-03-28T07:28:08Z,2026-03-28T15:28:08+08:00,UTC,2026-03-28T07:28:08Z,FAILED,694.37
ORD-00002623,CX-002,AUHLD,SELL,796,53.11,2026-03-28T07:29:19Z,2026-03-28T15:29:19+08:00,UTC,2026-03-28T07:29:19Z,PENDING_RESUBMIT,0.00
ORD-00002624,CX-005,KRSEC,BUY,7471,216.97,2026-03-28T07:29:44Z,2026-03-28T15:29:44+08:00,UTC,2026-03-28T07:29:44Z,PENDING_RESUBMIT,0.00
ORD-00002625,CX-001,JPNBK,SELL,7739,135.74,2026-03-28T07:30:13Z,2026-03-28T15:30:13+08:00,UTC,2026-03-28T07:30:13Z,PENDING_RESUBMIT,0.00
ORD-00002626,CX-005,CNTECH,SELL,3579,46.04,2026-03-28T07:30:35Z,2026-03-28T15:30:35+08:00,UTC,2026-03-28T07:30:35Z,PENDING_RESUBMIT,0.00
ORD-00002627,CX-003,HKFIN,SELL,6519,78.28,2026-03-28T07:30:47Z,2026-03-28T03:30:47-04:00,UTC,2026-03-28T07:30:47Z,PENDING_RESUBMIT,0.00
ORD-00002628,CX-001,AUHLD,BUY,4907,54.39,2026-03-28T07:30:57Z,2026-03-28T15:30:57+08:00,UTC,2026-03-28T07:30:57Z,PENDING_RESUBMIT,0.00
ORD-00002629,CX-001,JPNBK,SELL,2519,62.89,2026-03-28T07:30:59Z,2026-03-28T15:30:59+08:00,UTC,2026-03-28T07:30:59Z,PENDING_RESUBMIT,0.00
ORD-00002630,CX-005,AUHLD,SELL,9339,142.16,2026-03-28T07:31:02Z,2026-03-28T15:31:02+08:00,UTC,2026-03-28T07:31:02Z,FAILED,774.55
ORD-00002631,CX-003,AUHLD,SELL,1975,52.91,2026-03-28T07:31:42Z,2026-03-28T03:31:42-04:00,UTC,2026-03-28T07:31:42Z,FAILED,779.77
ORD-00002632,CX-005,HKFIN,BUY,6154,72.96,2026-03-28T07:31:53Z,2026-03-28T15:31:53+08:00,UTC,2026-03-28T07:31:53Z,FAILED,687.80
ORD-00002633,CX-005,JPNBK,SELL,8971,41.49,2026-03-28T07:32:04Z,2026-03-28T15:32:04+08:00,UTC,2026-03-28T07:32:04Z,PENDING_RESUBMIT,0.00
ORD-00002634,CX-004,KRSEC,BUY,3326,92.34,2026-03-28T07:32:56Z,2026-03-28T15:32:56+08:00,UTC,2026-03-28T07:32:56Z,PENDING_RESUBMIT,0.00
ORD-00002635,CX-005,CNTECH,SELL,3993,125.63,2026-03-28T07:32:57Z,2026-03-28T15:32:57+08:00,UTC,2026-03-28T07:32:57Z,FAILED,855.75
ORD-00002636,CX-005,JPNBK,BUY,7668,218.99,2026-03-28T07:33:15Z,2026-03-28T15:33:15+08:00,UTC,2026-03-28T07:33:15Z,PENDING_RESUBMIT,0.00
ORD-00002637,CX-004,HKFIN,SELL,8317,169.50,2026-03-28T07:33:16Z,2026-03-28T15:33:16+08:00,UTC,2026-03-28T07:33:16Z,PENDING_RESUBMIT,0.00
ORD-00002638,CX-001,JPNBK,BUY,7828,134.71,2026-03-28T07:33:31Z,2026-03-28T15:33:31+08:00,UTC,2026-03-28T07:33:31Z,FAILED,843.35
ORD-00002639,CX-005,KRSEC,BUY,2160,20.81,2026-03-28T07:33:36Z,2026-03-28T15:33:36+08:00,UTC,2026-03-28T07:33:36Z,PENDING_RESUBMIT,0.00
ORD-00002640,CX-005,AUHLD,BUY,9106,36.34,2026-03-28T07:33:37Z,2026-03-28T15:33:37+08:00,UTC,2026-03-28T07:33:37Z,FAILED,810.24
ORD-00002641,CX-002,AUHLD,SELL,9673,127.21,2026-03-28T07:33:50Z,2026-03-28T15:33:50+08:00,UTC,2026-03-28T07:33:50Z,FAILED,575.71
ORD-00002642,CX-001,JPNBK,BUY,2240,123.35,2026-03-28T07:34:12Z,2026-03-28T15:34:12+08:00,UTC,2026-03-28T07:34:12Z,FAILED,815.49
ORD-00002643,CX-005,TWSMC,SELL,8468,34.91,2026-03-28T07:34:36Z,2026-03-28T15:34:36+08:00,UTC,2026-03-28T07:34:36Z,PENDING_RESUBMIT,0.00
ORD-00002644,CX-004,KRSEC,SELL,3847,233.55,2026-03-28T07:34:51Z,2026-03-28T15:34:51+08:00,UTC,2026-03-28T07:34:51Z,FAILED,701.79
ORD-00002645,CX-005,SGEX,BUY,597,25.49,2026-03-28T07:35:10Z,2026-03-28T15:35:10+08:00,UTC,2026-03-28T07:35:10Z,FAILED,799.96
ORD-00002646,CX-003,TWSMC,SELL,4101,134.08,2026-03-28T07:35:20Z,2026-03-28T03:35:20-04:00,UTC,2026-03-28T07:35:20Z,PENDING_RESUBMIT,0.00
ORD-00002647,CX-005,HKFIN,SELL,4989,63.17,2026-03-28T07:35:23Z,2026-03-28T15:35:23+08:00,UTC,2026-03-28T07:35:23Z,PENDING_RESUBMIT,0.00
ORD-00002648,CX-003,AUHLD,SELL,2253,31.88,2026-03-28T07:35:29Z,2026-03-28T03:35:29-04:00,UTC,2026-03-28T07:35:29Z,PENDING_RESUBMIT,0.00
ORD-00002649,CX-005,AUHLD,BUY,3255,169.56,2026-03-28T07:35:48Z,2026-03-28T15:35:48+08:00,UTC,2026-03-28T07:35:48Z,PENDING_RESUBMIT,0.00
ORD-00002650,CX-002,SGEX,SELL,1122,98.79,2026-03-28T07:35:55Z,2026-03-28T15:35:55+08:00,UTC,2026-03-28T07:35:55Z,PENDING_RESUBMIT,0.00
ORD-00002651,CX-005,SGEX,SELL,1232,128.01,2026-03-28T07:36:01Z,2026-03-28T15:36:01+08:00,UTC,2026-03-28T07:36:01Z,FAILED,861.22
ORD-00002652,CX-001,HKFIN,BUY,3346,206.80,2026-03-28T07:36:09Z,2026-03-28T15:36:09+08:00,UTC,2026-03-28T07:36:09Z,FAILED,786.93
ORD-00002653,CX-001,CNTECH,SELL,9716,132.63,2026-03-28T07:36:10Z,2026-03-28T15:36:10+08:00,UTC,2026-03-28T07:36:10Z,FAILED,712.54
ORD-00002654,CX-004,CNTECH,BUY,8289,214.88,2026-03-28T07:36:10Z,2026-03-28T15:36:10+08:00,UTC,2026-03-28T07:36:10Z,PENDING_RESUBMIT,0.00
ORD-00002655,CX-002,CNTECH,SELL,3306,10.52,2026-03-28T07:36:31Z,2026-03-28T15:36:31+08:00,UTC,2026-03-28T07:36:31Z,PENDING_RESUBMIT,0.00
ORD-00002656,CX-004,SGEX,SELL,1296,53.12,2026-03-28T07:36:39Z,2026-03-28T15:36:39+08:00,UTC,2026-03-28T07:36:39Z,PENDING_RESUBMIT,0.00
ORD-00002657,CX-003,CNTECH,BUY,451,233.16,2026-03-28T07:36:48Z,2026-03-28T03:36:48-04:00,UTC,2026-03-28T07:36:48Z,PENDING_RESUBMIT,0.00
ORD-00002658,CX-002,KRSEC,SELL,3332,220.84,2026-03-28T07:36:49Z,2026-03-28T15:36:49+08:00,UTC,2026-03-28T07:36:49Z,PENDING_RESUBMIT,0.00
ORD-00002659,CX-002,TWSMC,BUY,9315,15.28,2026-03-28T07:36:55Z,2026-03-28T15:36:55+08:00,UTC,2026-03-28T07:36:55Z,PENDING_RESUBMIT,0.00
ORD-00002660,CX-005,KRSEC,SELL,1774,59.77,2026-03-28T07:36:57Z,2026-03-28T15:36:57+08:00,UTC,2026-03-28T07:36:57Z,PENDING_RESUBMIT,0.00
ORD-00002661,CX-001,HKFIN,SELL,6261,73.67,2026-03-28T07:37:16Z,2026-03-28T15:37:16+08:00,UTC,2026-03-28T07:37:16Z,PENDING_RESUBMIT,0.00
ORD-00002662,CX-003,HKFIN,SELL,4484,220.50,2026-03-28T07:37:31Z,2026-03-28T03:37:31-04:00,UTC,2026-03-28T07:37:31Z,FAILED,756.40
ORD-00002663,CX-003,TWSMC,SELL,1753,33.89,2026-03-28T07:37:43Z,2026-03-28T03:37:43-04:00,UTC,2026-03-28T07:37:43Z,FAILED,702.91
ORD-00002664,CX-001,SGEX,SELL,4223,236.33,2026-03-28T07:38:01Z,2026-03-28T15:38:01+08:00,UTC,2026-03-28T07:38:01Z,PENDING_RESUBMIT,0.00
ORD-00002665,CX-005,JPNBK,SELL,8041,246.39,2026-03-28T07:39:08Z,2026-03-28T15:39:08+08:00,UTC,2026-03-28T07:39:08Z,PENDING_RESUBMIT,0.00
ORD-00002666,CX-001,CNTECH,BUY,8208,99.54,2026-03-28T07:39:16Z,2026-03-28T15:39:16+08:00,UTC,2026-03-28T07:39:16Z,FAILED,732.40
ORD-00002667,CX-003,CNTECH,BUY,2194,126.99,2026-03-28T07:40:25Z,2026-03-28T03:40:25-04:00,UTC,2026-03-28T07:40:25Z,PENDING_RESUBMIT,0.00
ORD-00002668,CX-005,SGEX,SELL,5426,244.43,2026-03-28T07:41:13Z,2026-03-28T15:41:13+08:00,UTC,2026-03-28T07:41:13Z,PENDING_RESUBMIT,0.00
ORD-00002669,CX-001,AUHLD,BUY,4643,217.43,2026-03-28T07:41:20Z,2026-03-28T15:41:20+08:00,UTC,2026-03-28T07:41:20Z,PENDING_RESUBMIT,0.00
ORD-00002670,CX-003,HKFIN,SELL,4818,177.93,2026-03-28T07:41:22Z,2026-03-28T03:41:22-04:00,UTC,2026-03-28T07:41:22Z,PENDING_RESUBMIT,0.00
ORD-00002671,CX-001,AUHLD,SELL,1965,233.36,2026-03-28T07:41:31Z,2026-03-28T15:41:31+08:00,UTC,2026-03-28T07:41:31Z,PENDING_RESUBMIT,0.00
ORD-00002672,CX-001,TWSMC,BUY,6914,138.05,2026-03-28T07:41:57Z,2026-03-28T15:41:57+08:00,UTC,2026-03-28T07:41:57Z,PENDING_RESUBMIT,0.00
ORD-00002673,CX-003,HKFIN,SELL,5063,231.25,2026-03-28T07:42:25Z,2026-03-28T03:42:25-04:00,UTC,2026-03-28T07:42:25Z,PENDING_RESUBMIT,0.00
ORD-00002674,CX-001,KRSEC,SELL,1517,73.97,2026-03-28T07:42:38Z,2026-03-28T15:42:38+08:00,UTC,2026-03-28T07:42:38Z,PENDING_RESUBMIT,0.00
ORD-00002675,CX-005,HKFIN,SELL,3212,173.34,2026-03-28T07:42:38Z,2026-03-28T15:42:38+08:00,UTC,2026-03-28T07:42:38Z,PENDING_RESUBMIT,0.00
ORD-00002676,CX-001,SGEX,BUY,888,99.55,2026-03-28T07:42:47Z,2026-03-28T15:42:47+08:00,UTC,2026-03-28T07:42:47Z,PENDING_RESUBMIT,0.00
ORD-00002677,CX-002,SGEX,BUY,4808,69.96,2026-03-28T07:42:55Z,2026-03-28T15:42:55+08:00,UTC,2026-03-28T07:42:55Z,PENDING_RESUBMIT,0.00
ORD-00002678,CX-002,KRSEC,BUY,8925,12.58,2026-03-28T07:43:05Z,2026-03-28T15:43:05+08:00,UTC,2026-03-28T07:43:05Z,PENDING_RESUBMIT,0.00
ORD-00002679,CX-005,SGEX,BUY,3354,64.07,2026-03-28T07:43:10Z,2026-03-28T15:43:10+08:00,UTC,2026-03-28T07:43:10Z,PENDING_RESUBMIT,0.00
ORD-00002680,CX-005,JPNBK,SELL,2015,84.74,2026-03-28T07:43:33Z,2026-03-28T15:43:33+08:00,UTC,2026-03-28T07:43:33Z,PENDING_RESUBMIT,0.00
ORD-00002681,CX-004,AUHLD,SELL,9493,216.54,2026-03-28T07:44:00Z,2026-03-28T15:44:00+08:00,UTC,2026-03-28T07:44:00Z,PENDING_RESUBMIT,0.00
ORD-00002682,CX-003,JPNBK,SELL,6786,224.86,2026-03-28T07:44:02Z,2026-03-28T03:44:02-04:00,UTC,2026-03-28T07:44:02Z,FAILED,901.56
ORD-00002683,CX-005,HKFIN,SELL,5669,138.15,2026-03-28T07:44:34Z,2026-03-28T15:44:34+08:00,UTC,2026-03-28T07:44:34Z,PENDING_RESUBMIT,0.00
ORD-00002684,CX-001,CNTECH,BUY,2764,115.57,2026-03-28T07:44:39Z,2026-03-28T15:44:39+08:00,UTC,2026-03-28T07:44:39Z,PENDING_RESUBMIT,0.00
ORD-00002685,CX-002,KRSEC,BUY,4244,140.42,2026-03-28T07:44:43Z,2026-03-28T15:44:43+08:00,UTC,2026-03-28T07:44:43Z,FAILED,581.55
ORD-00002686,CX-002,KRSEC,SELL,3045,116.33,2026-03-28T07:44:52Z,2026-03-28T15:44:52+08:00,UTC,2026-03-28T07:44:52Z,PENDING_RESUBMIT,0.00
ORD-00002687,CX-001,HKFIN,BUY,788,147.36,2026-03-28T07:45:06Z,2026-03-28T15:45:06+08:00,UTC,2026-03-28T07:45:06Z,PENDING_RESUBMIT,0.00
ORD-00002688,CX-005,AUHLD,BUY,9080,206.60,2026-03-28T07:45:44Z,2026-03-28T15:45:44+08:00,UTC,2026-03-28T07:45:44Z,PENDING_RESUBMIT,0.00
ORD-00002689,CX-005,KRSEC,BUY,9637,106.25,2026-03-28T07:46:02Z,2026-03-28T15:46:02+08:00,UTC,2026-03-28T07:46:02Z,PENDING_RESUBMIT,0.00
ORD-00002690,CX-005,CNTECH,BUY,5047,102.11,2026-03-28T07:46:36Z,2026-03-28T15:46:36+08:00,UTC,2026-03-28T07:46:36Z,PENDING_RESUBMIT,0.00
ORD-00002691,CX-005,TWSMC,BUY,823,121.62,2026-03-28T07:47:14Z,2026-03-28T15:47:14+08:00,UTC,2026-03-28T07:47:14Z,PENDING_RESUBMIT,0.00
ORD-00002692,CX-001,HKFIN,BUY,5270,233.68,2026-03-28T07:47:15Z,2026-03-28T15:47:15+08:00,UTC,2026-03-28T07:47:15Z,PENDING_RESUBMIT,0.00
ORD-00002693,CX-001,SGEX,SELL,1414,211.67,2026-03-28T07:47:35Z,2026-03-28T15:47:35+08:00,UTC,2026-03-28T07:47:35Z,PENDING_RESUBMIT,0.00
ORD-00002694,CX-001,JPNBK,SELL,7795,229.89,2026-03-28T07:47:38Z,2026-03-28T15:47:38+08:00,UTC,2026-03-28T07:47:38Z,PENDING_RESUBMIT,0.00
ORD-00002695,CX-005,JPNBK,BUY,1049,23.68,2026-03-28T07:48:18Z,2026-03-28T15:48:18+08:00,UTC,2026-03-28T07:48:18Z,PENDING_RESUBMIT,0.00
ORD-00002696,CX-002,CNTECH,SELL,2179,55.51,2026-03-28T07:48:29Z,2026-03-28T15:48:29+08:00,UTC,2026-03-28T07:48:29Z,PENDING_RESUBMIT,0.00
ORD-00002697,CX-003,AUHLD,BUY,5214,197.27,2026-03-28T07:48:54Z,2026-03-28T03:48:54-04:00,UTC,2026-03-28T07:48:54Z,PENDING_RESUBMIT,0.00
ORD-00002698,CX-002,JPNBK,SELL,7937,219.01,2026-03-28T07:48:55Z,2026-03-28T15:48:55+08:00,UTC,2026-03-28T07:48:55Z,PENDING_RESUBMIT,0.00
ORD-00002699,CX-002,AUHLD,BUY,4909,167.21,2026-03-28T07:49:01Z,2026-03-28T15:49:01+08:00,UTC,2026-03-28T07:49:01Z,PENDING_RESUBMIT,0.00
ORD-00002700,CX-002,HKFIN,BUY,9817,47.49,2026-03-28T07:49:25Z,2026-03-28T15:49:25+08:00,UTC,2026-03-28T07:49:25Z,FAILED,761.17
ORD-00002701,CX-003,CNTECH,SELL,2814,199.55,2026-03-28T07:49:29Z,2026-03-28T03:49:29-04:00,UTC,2026-03-28T07:49:29Z,FAILED,713.19
ORD-00002702,CX-001,HKFIN,BUY,295,20.11,2026-03-28T07:50:12Z,2026-03-28T15:50:12+08:00,UTC,2026-03-28T07:50:12Z,PENDING_RESUBMIT,0.00
ORD-00002703,CX-005,HKFIN,BUY,5573,46.25,2026-03-28T07:50:31Z,2026-03-28T15:50:31+08:00,UTC,2026-03-28T07:50:31Z,FAILED,754.27
ORD-00002704,CX-005,KRSEC,SELL,436,178.56,2026-03-28T07:50:46Z,2026-03-28T15:50:46+08:00,UTC,2026-03-28T07:50:46Z,PENDING_RESUBMIT,0.00
ORD-00002705,CX-002,KRSEC,SELL,7222,180.86,2026-03-28T07:50:47Z,2026-03-28T15:50:47+08:00,UTC,2026-03-28T07:50:47Z,PENDING_RESUBMIT,0.00
ORD-00002706,CX-001,JPNBK,BUY,2393,181.48,2026-03-28T07:51:28Z,2026-03-28T15:51:28+08:00,UTC,2026-03-28T07:51:28Z,FAILED,772.55
ORD-00002707,CX-001,CNTECH,SELL,282,140.61,2026-03-28T07:51:31Z,2026-03-28T15:51:31+08:00,UTC,2026-03-28T07:51:31Z,PENDING_RESUBMIT,0.00
ORD-00002708,CX-003,JPNBK,BUY,9301,21.23,2026-03-28T07:51:45Z,2026-03-28T03:51:45-04:00,UTC,2026-03-28T07:51:45Z,PENDING_RESUBMIT,0.00
ORD-00002709,CX-003,KRSEC,BUY,7696,216.90,2026-03-28T07:51:51Z,2026-03-28T03:51:51-04:00,UTC,2026-03-28T07:51:51Z,PENDING_RESUBMIT,0.00
ORD-00002710,CX-001,KRSEC,SELL,4815,34.86,2026-03-28T07:51:56Z,2026-03-28T15:51:56+08:00,UTC,2026-03-28T07:51:56Z,PENDING_RESUBMIT,0.00
ORD-00002711,CX-002,SGEX,SELL,8368,202.01,2026-03-28T07:52:12Z,2026-03-28T15:52:12+08:00,UTC,2026-03-28T07:52:12Z,PENDING_RESUBMIT,0.00
ORD-00002712,CX-001,CNTECH,BUY,4885,13.01,2026-03-28T07:52:27Z,2026-03-28T15:52:27+08:00,UTC,2026-03-28T07:52:27Z,FAILED,787.25
ORD-00002713,CX-002,CNTECH,SELL,9292,163.06,2026-03-28T07:52:46Z,2026-03-28T15:52:46+08:00,UTC,2026-03-28T07:52:46Z,FAILED,664.66
ORD-00002714,CX-005,KRSEC,BUY,2558,137.39,2026-03-28T07:52:48Z,2026-03-28T15:52:48+08:00,UTC,2026-03-28T07:52:48Z,PENDING_RESUBMIT,0.00
ORD-00002715,CX-002,TWSMC,SELL,4054,208.90,2026-03-28T07:53:14Z,2026-03-28T15:53:14+08:00,UTC,2026-03-28T07:53:14Z,PENDING_RESUBMIT,0.00
ORD-00002716,CX-001,AUHLD,SELL,2946,48.14,2026-03-28T07:54:06Z,2026-03-28T15:54:06+08:00,UTC,2026-03-28T07:54:06Z,FAILED,804.17
ORD-00002717,CX-003,HKFIN,SELL,261,29.00,2026-03-28T07:54:53Z,2026-03-28T03:54:53-04:00,UTC,2026-03-28T07:54:53Z,PENDING_RESUBMIT,0.00
ORD-00002718,CX-002,JPNBK,SELL,2844,13.65,2026-03-28T07:55:01Z,2026-03-28T15:55:01+08:00,UTC,2026-03-28T07:55:01Z,PENDING_RESUBMIT,0.00
ORD-00002719,CX-001,CNTECH,BUY,4931,9.92,2026-03-28T07:56:05Z,2026-03-28T15:56:05+08:00,UTC,2026-03-28T07:56:05Z,PENDING_RESUBMIT,0.00
ORD-00002720,CX-005,CNTECH,BUY,7094,139.03,2026-03-28T07:56:23Z,2026-03-28T15:56:23+08:00,UTC,2026-03-28T07:56:23Z,FAILED,793.27
ORD-00002721,CX-001,CNTECH,BUY,6093,84.87,2026-03-28T07:56:25Z,2026-03-28T15:56:25+08:00,UTC,2026-03-28T07:56:25Z,FAILED,865.72
ORD-00002722,CX-002,JPNBK,BUY,1482,106.55,2026-03-28T07:56:26Z,2026-03-28T15:56:26+08:00,UTC,2026-03-28T07:56:26Z,PENDING_RESUBMIT,0.00
ORD-00002723,CX-003,KRSEC,BUY,5422,189.02,2026-03-28T07:56:46Z,2026-03-28T03:56:46-04:00,UTC,2026-03-28T07:56:46Z,FAILED,776.03
ORD-00002724,CX-001,KRSEC,BUY,7849,202.39,2026-03-28T07:57:00Z,2026-03-28T15:57:00+08:00,UTC,2026-03-28T07:57:00Z,PENDING_RESUBMIT,0.00
ORD-00002725,CX-005,SGEX,SELL,9466,89.57,2026-03-28T07:57:04Z,2026-03-28T15:57:04+08:00,UTC,2026-03-28T07:57:04Z,PENDING_RESUBMIT,0.00
ORD-00002726,CX-005,TWSMC,SELL,5624,5.67,2026-03-28T07:57:11Z,2026-03-28T15:57:11+08:00,UTC,2026-03-28T07:57:11Z,PENDING_RESUBMIT,0.00
ORD-00002727,CX-003,JPNBK,BUY,741,36.56,2026-03-28T07:57:31Z,2026-03-28T03:57:31-04:00,UTC,2026-03-28T07:57:31Z,FAILED,801.98
ORD-00002728,CX-005,HKFIN,BUY,597,220.67,2026-03-28T07:57:34Z,2026-03-28T15:57:34+08:00,UTC,2026-03-28T07:57:34Z,PENDING_RESUBMIT,0.00
ORD-00002729,CX-002,AUHLD,SELL,9987,37.17,2026-03-28T07:58:09Z,2026-03-28T15:58:09+08:00,UTC,2026-03-28T07:58:09Z,FAILED,673.89
ORD-00002730,CX-001,TWSMC,BUY,4196,17.78,2026-03-28T07:58:20Z,2026-03-28T15:58:20+08:00,UTC,2026-03-28T07:58:20Z,FAILED,729.45
ORD-00002731,CX-001,TWSMC,SELL,1542,214.86,2026-03-28T07:58:20Z,2026-03-28T15:58:20+08:00,UTC,2026-03-28T07:58:20Z,PENDING_RESUBMIT,0.00
ORD-00002732,CX-002,KRSEC,SELL,5394,200.55,2026-03-28T07:58:39Z,2026-03-28T15:58:39+08:00,UTC,2026-03-28T07:58:39Z,FAILED,662.99
ORD-00002733,CX-001,TWSMC,BUY,6366,196.57,2026-03-28T07:59:19Z,2026-03-28T15:59:19+08:00,UTC,2026-03-28T07:59:19Z,PENDING_RESUBMIT,0.00
ORD-00002734,CX-001,AUHLD,SELL,5842,149.32,2026-03-28T07:59:28Z,2026-03-28T15:59:28+08:00,UTC,2026-03-28T07:59:28Z,FAILED,884.11
ORD-00002735,CX-004,HKFIN,SELL,6189,156.30,2026-03-28T07:59:33Z,2026-03-28T15:59:33+08:00,UTC,2026-03-28T07:59:33Z,FAILED,892.13
ORD-00002736,CX-001,CNTECH,SELL,1075,10.37,2026-03-28T07:59:36Z,2026-03-28T15:59:36+08:00,UTC,2026-03-28T07:59:36Z,FAILED,754.35
ORD-00002737,CX-004,AUHLD,SELL,7858,179.45,2026-03-28T07:59:36Z,2026-03-28T15:59:36+08:00,UTC,2026-03-28T07:59:36Z,PENDING_RESUBMIT,0.00
ORD-00002738,CX-003,JPNBK,SELL,3290,71.13,2026-03-28T08:00:36Z,2026-03-28T04:00:36-04:00,UTC,2026-03-28T08:00:36Z,PENDING_RESUBMIT,0.00
ORD-00002739,CX-005,JPNBK,SELL,3156,204.07,2026-03-28T08:00:55Z,2026-03-28T16:00:55+08:00,UTC,2026-03-28T08:00:55Z,PENDING_RESUBMIT,0.00
ORD-00002740,CX-003,KRSEC,SELL,7515,125.21,2026-03-28T08:01:12Z,2026-03-28T04:01:12-04:00,UTC,2026-03-28T08:01:12Z,FAILED,722.71
ORD-00002741,CX-001,HKFIN,SELL,6340,53.04,2026-03-28T08:01:25Z,2026-03-28T16:01:25+08:00,UTC,2026-03-28T08:01:25Z,PENDING_RESUBMIT,0.00
ORD-00002742,CX-005,HKFIN,SELL,2708,151.51,2026-03-28T08:01:54Z,2026-03-28T16:01:54+08:00,UTC,2026-03-28T08:01:54Z,PENDING_RESUBMIT,0.00
ORD-00002743,CX-005,CNTECH,BUY,6755,149.68,2026-03-28T08:01:58Z,2026-03-28T16:01:58+08:00,UTC,2026-03-28T08:01:58Z,PENDING_RESUBMIT,0.00
ORD-00002744,CX-001,SGEX,SELL,5144,94.62,2026-03-28T08:02:06Z,2026-03-28T16:02:06+08:00,UTC,2026-03-28T08:02:06Z,FAILED,718.14
ORD-00002745,CX-001,JPNBK,SELL,7043,224.39,2026-03-28T08:02:31Z,2026-03-28T16:02:31+08:00,UTC,2026-03-28T08:02:31Z,PENDING_RESUBMIT,0.00
ORD-00002746,CX-002,CNTECH,SELL,809,30.58,2026-03-28T08:02:35Z,2026-03-28T16:02:35+08:00,UTC,2026-03-28T08:02:35Z,PENDING_RESUBMIT,0.00
ORD-00002747,CX-004,KRSEC,BUY,2500,153.83,2026-03-28T08:02:38Z,2026-03-28T16:02:38+08:00,UTC,2026-03-28T08:02:38Z,FAILED,871.17
ORD-00002748,CX-003,SGEX,SELL,6991,56.91,2026-03-28T08:03:22Z,2026-03-28T04:03:22-04:00,UTC,2026-03-28T08:03:22Z,FAILED,862.36
ORD-00002749,CX-004,AUHLD,BUY,9697,126.27,2026-03-28T08:03:30Z,2026-03-28T16:03:30+08:00,UTC,2026-03-28T08:03:30Z,PENDING_RESUBMIT,0.00
ORD-00002750,CX-004,AUHLD,BUY,8757,19.77,2026-03-28T08:03:35Z,2026-03-28T16:03:35+08:00,UTC,2026-03-28T08:03:35Z,PENDING_RESUBMIT,0.00
ORD-00002751,CX-001,JPNBK,BUY,6587,67.34,2026-03-28T08:04:31Z,2026-03-28T16:04:31+08:00,UTC,2026-03-28T08:04:31Z,FAILED,699.00
ORD-00002752,CX-002,KRSEC,SELL,8891,41.49,2026-03-28T08:04:43Z,2026-03-28T16:04:43+08:00,UTC,2026-03-28T08:04:43Z,FAILED,689.87
ORD-00002753,CX-001,KRSEC,SELL,4973,116.12,2026-03-28T08:04:59Z,2026-03-28T16:04:59+08:00,UTC,2026-03-28T08:04:59Z,PENDING_RESUBMIT,0.00
ORD-00002754,CX-003,KRSEC,BUY,2738,248.39,2026-03-28T08:05:07Z,2026-03-28T04:05:07-04:00,UTC,2026-03-28T08:05:07Z,PENDING_RESUBMIT,0.00
ORD-00002755,CX-003,KRSEC,BUY,1827,225.45,2026-03-28T08:06:18Z,2026-03-28T04:06:18-04:00,UTC,2026-03-28T08:06:18Z,PENDING_RESUBMIT,0.00
ORD-00002756,CX-003,CNTECH,BUY,1509,147.62,2026-03-28T08:06:26Z,2026-03-28T04:06:26-04:00,UTC,2026-03-28T08:06:26Z,PENDING_RESUBMIT,0.00
ORD-00002757,CX-001,TWSMC,BUY,9365,30.51,2026-03-28T08:06:34Z,2026-03-28T16:06:34+08:00,UTC,2026-03-28T08:06:34Z,PENDING_RESUBMIT,0.00
ORD-00002758,CX-005,AUHLD,SELL,4124,100.95,2026-03-28T08:07:25Z,2026-03-28T16:07:25+08:00,UTC,2026-03-28T08:07:25Z,PENDING_RESUBMIT,0.00
ORD-00002759,CX-002,SGEX,BUY,4255,128.61,2026-03-28T08:07:43Z,2026-03-28T16:07:43+08:00,UTC,2026-03-28T08:07:43Z,PENDING_RESUBMIT,0.00
ORD-00002760,CX-003,JPNBK,SELL,4003,164.31,2026-03-28T08:07:55Z,2026-03-28T04:07:55-04:00,UTC,2026-03-28T08:07:55Z,FAILED,831.35
ORD-00002761,CX-004,AUHLD,SELL,359,238.07,2026-03-28T08:08:04Z,2026-03-28T16:08:04+08:00,UTC,2026-03-28T08:08:04Z,PENDING_RESUBMIT,0.00
ORD-00002762,CX-003,KRSEC,BUY,135,216.12,2026-03-28T08:08:40Z,2026-03-28T04:08:40-04:00,UTC,2026-03-28T08:08:40Z,PENDING_RESUBMIT,0.00
ORD-00002763,CX-005,JPNBK,SELL,7550,234.01,2026-03-28T08:10:03Z,2026-03-28T16:10:03+08:00,UTC,2026-03-28T08:10:03Z,FAILED,738.97
ORD-00002764,CX-001,AUHLD,BUY,3842,59.96,2026-03-28T08:10:04Z,2026-03-28T16:10:04+08:00,UTC,2026-03-28T08:10:04Z,PENDING_RESUBMIT,0.00
ORD-00002765,CX-001,SGEX,BUY,1156,53.45,2026-03-28T08:10:53Z,2026-03-28T16:10:53+08:00,UTC,2026-03-28T08:10:53Z,PENDING_RESUBMIT,0.00
ORD-00002766,CX-005,HKFIN,SELL,4805,125.33,2026-03-28T08:10:54Z,2026-03-28T16:10:54+08:00,UTC,2026-03-28T08:10:54Z,FAILED,734.46
ORD-00002767,CX-002,AUHLD,SELL,6436,48.41,2026-03-28T08:10:55Z,2026-03-28T16:10:55+08:00,UTC,2026-03-28T08:10:55Z,PENDING_RESUBMIT,0.00
ORD-00002768,CX-001,HKFIN,BUY,4860,93.25,2026-03-28T08:11:21Z,2026-03-28T16:11:21+08:00,UTC,2026-03-28T08:11:21Z,PENDING_RESUBMIT,0.00
ORD-00002769,CX-001,KRSEC,BUY,7712,245.30,2026-03-28T08:11:43Z,2026-03-28T16:11:43+08:00,UTC,2026-03-28T08:11:43Z,PENDING_RESUBMIT,0.00
ORD-00002770,CX-005,HKFIN,SELL,2706,33.24,2026-03-28T08:12:39Z,2026-03-28T16:12:39+08:00,UTC,2026-03-28T08:12:39Z,PENDING_RESUBMIT,0.00
ORD-00002771,CX-001,HKFIN,SELL,5126,184.83,2026-03-28T08:12:45Z,2026-03-28T16:12:45+08:00,UTC,2026-03-28T08:12:45Z,FAILED,824.77
ORD-00002772,CX-005,HKFIN,BUY,365,12.62,2026-03-28T08:12:47Z,2026-03-28T16:12:47+08:00,UTC,2026-03-28T08:12:47Z,FAILED,912.54
ORD-00002773,CX-003,KRSEC,BUY,453,139.25,2026-03-28T08:13:21Z,2026-03-28T04:13:21-04:00,UTC,2026-03-28T08:13:21Z,PENDING_RESUBMIT,0.00
ORD-00002774,CX-001,HKFIN,BUY,6447,166.09,2026-03-28T08:13:36Z,2026-03-28T16:13:36+08:00,UTC,2026-03-28T08:13:36Z,FAILED,680.46
ORD-00002775,CX-001,CNTECH,BUY,5734,75.26,2026-03-28T08:13:45Z,2026-03-28T16:13:45+08:00,UTC,2026-03-28T08:13:45Z,PENDING_RESUBMIT,0.00
ORD-00002776,CX-003,CNTECH,BUY,3194,144.57,2026-03-28T08:14:00Z,2026-03-28T04:14:00-04:00,UTC,2026-03-28T08:14:00Z,PENDING_RESUBMIT,0.00
ORD-00002777,CX-001,SGEX,SELL,5527,170.08,2026-03-28T08:14:09Z,2026-03-28T16:14:09+08:00,UTC,2026-03-28T08:14:09Z,FAILED,879.24
ORD-00002778,CX-005,JPNBK,SELL,5257,239.73,2026-03-28T08:14:12Z,2026-03-28T16:14:12+08:00,UTC,2026-03-28T08:14:12Z,FAILED,847.13
ORD-00002779,CX-005,CNTECH,BUY,6593,25.03,2026-03-28T08:14:43Z,2026-03-28T16:14:43+08:00,UTC,2026-03-28T08:14:43Z,PENDING_RESUBMIT,0.00
ORD-00002780,CX-004,TWSMC,SELL,7507,248.21,2026-03-28T08:15:31Z,2026-03-28T16:15:31+08:00,UTC,2026-03-28T08:15:31Z,PENDING_RESUBMIT,0.00
ORD-00002781,CX-005,SGEX,SELL,4612,74.77,2026-03-28T08:16:02Z,2026-03-28T16:16:02+08:00,UTC,2026-03-28T08:16:02Z,PENDING_RESUBMIT,0.00
ORD-00002782,CX-005,JPNBK,SELL,7698,18.32,2026-03-28T08:16:28Z,2026-03-28T16:16:28+08:00,UTC,2026-03-28T08:16:28Z,PENDING_RESUBMIT,0.00
ORD-00002783,CX-002,SGEX,SELL,8497,184.57,2026-03-28T08:16:55Z,2026-03-28T16:16:55+08:00,UTC,2026-03-28T08:16:55Z,FAILED,665.53
ORD-00002784,CX-003,SGEX,SELL,3840,133.69,2026-03-28T08:17:38Z,2026-03-28T04:17:38-04:00,UTC,2026-03-28T08:17:38Z,FAILED,870.12
ORD-00002785,CX-002,KRSEC,SELL,134,34.97,2026-03-28T08:17:51Z,2026-03-28T16:17:51+08:00,UTC,2026-03-28T08:17:51Z,FAILED,626.81
ORD-00002786,CX-003,SGEX,SELL,2840,222.92,2026-03-28T08:18:05Z,2026-03-28T04:18:05-04:00,UTC,2026-03-28T08:18:05Z,FAILED,758.03
ORD-00002787,CX-001,AUHLD,BUY,9797,144.12,2026-03-28T08:18:46Z,2026-03-28T16:18:46+08:00,UTC,2026-03-28T08:18:46Z,PENDING_RESUBMIT,0.00
ORD-00002788,CX-002,SGEX,BUY,4375,129.05,2026-03-28T08:19:04Z,2026-03-28T16:19:04+08:00,UTC,2026-03-28T08:19:04Z,PENDING_RESUBMIT,0.00
ORD-00002789,CX-003,KRSEC,SELL,224,235.21,2026-03-28T08:19:15Z,2026-03-28T04:19:15-04:00,UTC,2026-03-28T08:19:15Z,PENDING_RESUBMIT,0.00
ORD-00002790,CX-001,SGEX,BUY,1175,81.23,2026-03-28T08:19:55Z,2026-03-28T16:19:55+08:00,UTC,2026-03-28T08:19:55Z,PENDING_RESUBMIT,0.00
ORD-00002791,CX-005,AUHLD,BUY,6604,5.55,2026-03-28T08:20:27Z,2026-03-28T16:20:27+08:00,UTC,2026-03-28T08:20:27Z,PENDING_RESUBMIT,0.00
ORD-00002792,CX-001,KRSEC,SELL,1852,67.30,2026-03-28T08:20:49Z,2026-03-28T16:20:49+08:00,UTC,2026-03-28T08:20:49Z,FAILED,728.78
ORD-00002793,CX-003,JPNBK,SELL,5528,216.76,2026-03-28T08:20:55Z,2026-03-28T04:20:55-04:00,UTC,2026-03-28T08:20:55Z,PENDING_RESUBMIT,0.00
ORD-00002794,CX-005,AUHLD,SELL,6487,43.38,2026-03-28T08:21:02Z,2026-03-28T16:21:02+08:00,UTC,2026-03-28T08:21:02Z,PENDING_RESUBMIT,0.00
ORD-00002795,CX-005,AUHLD,SELL,737,215.37,2026-03-28T08:21:10Z,2026-03-28T16:21:10+08:00,UTC,2026-03-28T08:21:10Z,PENDING_RESUBMIT,0.00
ORD-00002796,CX-005,CNTECH,BUY,6783,6.30,2026-03-28T08:21:11Z,2026-03-28T16:21:11+08:00,UTC,2026-03-28T08:21:11Z,PENDING_RESUBMIT,0.00
ORD-00002797,CX-005,HKFIN,BUY,840,184.45,2026-03-28T08:21:20Z,2026-03-28T16:21:20+08:00,UTC,2026-03-28T08:21:20Z,FAILED,691.68
ORD-00002798,CX-003,SGEX,SELL,3428,74.05,2026-03-28T08:21:25Z,2026-03-28T04:21:25-04:00,UTC,2026-03-28T08:21:25Z,PENDING_RESUBMIT,0.00
ORD-00002799,CX-004,HKFIN,BUY,6510,197.65,2026-03-28T08:21:28Z,2026-03-28T16:21:28+08:00,UTC,2026-03-28T08:21:28Z,PENDING_RESUBMIT,0.00
ORD-00002800,CX-003,KRSEC,BUY,7774,121.97,2026-03-28T08:21:32Z,2026-03-28T04:21:32-04:00,UTC,2026-03-28T08:21:32Z,PENDING_RESUBMIT,0.00
ORD-00002801,CX-002,CNTECH,SELL,7543,29.01,2026-03-28T08:21:54Z,2026-03-28T16:21:54+08:00,UTC,2026-03-28T08:21:54Z,PENDING_RESUBMIT,0.00
ORD-00002802,CX-005,TWSMC,BUY,6907,229.58,2026-03-28T08:22:07Z,2026-03-28T16:22:07+08:00,UTC,2026-03-28T08:22:07Z,PENDING_RESUBMIT,0.00
ORD-00002803,CX-004,HKFIN,SELL,2924,47.79,2026-03-28T08:22:21Z,2026-03-28T16:22:21+08:00,UTC,2026-03-28T08:22:21Z,PENDING_RESUBMIT,0.00
ORD-00002804,CX-002,HKFIN,BUY,2343,131.95,2026-03-28T08:22:25Z,2026-03-28T16:22:25+08:00,UTC,2026-03-28T08:22:25Z,FAILED,710.95
ORD-00002805,CX-001,AUHLD,SELL,8562,217.46,2026-03-28T08:23:08Z,2026-03-28T16:23:08+08:00,UTC,2026-03-28T08:23:08Z,FAILED,695.53
ORD-00002806,CX-001,CNTECH,BUY,5636,31.40,2026-03-28T08:23:46Z,2026-03-28T16:23:46+08:00,UTC,2026-03-28T08:23:46Z,PENDING_RESUBMIT,0.00
ORD-00002807,CX-003,JPNBK,BUY,841,23.07,2026-03-28T08:23:57Z,2026-03-28T04:23:57-04:00,UTC,2026-03-28T08:23:57Z,PENDING_RESUBMIT,0.00
ORD-00002808,CX-005,AUHLD,SELL,881,245.59,2026-03-28T08:25:22Z,2026-03-28T16:25:22+08:00,UTC,2026-03-28T08:25:22Z,PENDING_RESUBMIT,0.00
ORD-00002809,CX-004,KRSEC,SELL,9286,153.63,2026-03-28T08:25:38Z,2026-03-28T16:25:38+08:00,UTC,2026-03-28T08:25:38Z,FAILED,849.49
ORD-00002810,CX-001,TWSMC,BUY,290,162.63,2026-03-28T08:25:50Z,2026-03-28T16:25:50+08:00,UTC,2026-03-28T08:25:50Z,FAILED,860.72
ORD-00002811,CX-001,SGEX,BUY,4178,99.28,2026-03-28T08:27:49Z,2026-03-28T16:27:49+08:00,UTC,2026-03-28T08:27:49Z,FAILED,711.48
ORD-00002812,CX-004,CNTECH,BUY,6053,102.86,2026-03-28T08:27:52Z,2026-03-28T16:27:52+08:00,UTC,2026-03-28T08:27:52Z,FAILED,791.18
ORD-00002813,CX-001,TWSMC,BUY,9483,136.48,2026-03-28T08:28:23Z,2026-03-28T16:28:23+08:00,UTC,2026-03-28T08:28:23Z,PENDING_RESUBMIT,0.00
ORD-00002814,CX-001,CNTECH,SELL,2107,15.46,2026-03-28T08:29:01Z,2026-03-28T16:29:01+08:00,UTC,2026-03-28T08:29:01Z,FAILED,762.42
ORD-00002815,CX-002,TWSMC,SELL,2842,5.13,2026-03-28T08:29:02Z,2026-03-28T16:29:02+08:00,UTC,2026-03-28T08:29:02Z,PENDING_RESUBMIT,0.00
ORD-00002816,CX-001,HKFIN,BUY,4498,97.41,2026-03-28T08:29:04Z,2026-03-28T16:29:04+08:00,UTC,2026-03-28T08:29:04Z,PENDING_RESUBMIT,0.00
ORD-00002817,CX-002,CNTECH,SELL,934,86.79,2026-03-28T08:29:07Z,2026-03-28T16:29:07+08:00,UTC,2026-03-28T08:29:07Z,FAILED,609.07
ORD-00002818,CX-002,SGEX,SELL,8814,171.19,2026-03-28T08:29:15Z,2026-03-28T16:29:15+08:00,UTC,2026-03-28T08:29:15Z,PENDING_RESUBMIT,0.00
ORD-00002819,CX-001,TWSMC,SELL,5793,241.01,2026-03-28T08:29:28Z,2026-03-28T16:29:28+08:00,UTC,2026-03-28T08:29:28Z,PENDING_RESUBMIT,0.00
ORD-00002820,CX-003,CNTECH,SELL,5031,72.30,2026-03-28T08:29:34Z,2026-03-28T04:29:34-04:00,UTC,2026-03-28T08:29:34Z,PENDING_RESUBMIT,0.00
ORD-00002821,CX-001,KRSEC,SELL,9073,132.89,2026-03-28T08:29:36Z,2026-03-28T16:29:36+08:00,UTC,2026-03-28T08:29:36Z,PENDING_RESUBMIT,0.00
ORD-00002822,CX-005,KRSEC,BUY,6872,31.20,2026-03-28T08:29:41Z,2026-03-28T16:29:41+08:00,UTC,2026-03-28T08:29:41Z,PENDING_RESUBMIT,0.00
ORD-00002823,CX-004,SGEX,BUY,9118,179.61,2026-03-28T08:29:48Z,2026-03-28T16:29:48+08:00,UTC,2026-03-28T08:29:48Z,FAILED,711.91
ORD-00002824,CX-003,TWSMC,BUY,1665,185.29,2026-03-28T08:30:00Z,2026-03-28T04:30:00-04:00,UTC,2026-03-28T08:30:00Z,FAILED,863.08
ORD-00002825,CX-003,CNTECH,SELL,2552,192.53,2026-03-28T08:30:53Z,2026-03-28T04:30:53-04:00,UTC,2026-03-28T08:30:53Z,FAILED,834.29
ORD-00002826,CX-004,CNTECH,BUY,2161,58.73,2026-03-28T08:30:55Z,2026-03-28T16:30:55+08:00,UTC,2026-03-28T08:30:55Z,PENDING_RESUBMIT,0.00
ORD-00002827,CX-001,KRSEC,BUY,6803,169.88,2026-03-28T08:31:07Z,2026-03-28T16:31:07+08:00,UTC,2026-03-28T08:31:07Z,PENDING_RESUBMIT,0.00
ORD-00002828,CX-001,KRSEC,BUY,7270,15.70,2026-03-28T08:31:12Z,2026-03-28T16:31:12+08:00,UTC,2026-03-28T08:31:12Z,FAILED,744.79
ORD-00002829,CX-001,TWSMC,BUY,1228,135.13,2026-03-28T08:31:12Z,2026-03-28T16:31:12+08:00,UTC,2026-03-28T08:31:12Z,PENDING_RESUBMIT,0.00
ORD-00002830,CX-005,JPNBK,SELL,760,33.38,2026-03-28T08:31:15Z,2026-03-28T16:31:15+08:00,UTC,2026-03-28T08:31:15Z,PENDING_RESUBMIT,0.00
ORD-00002831,CX-001,TWSMC,BUY,5964,177.34,2026-03-28T08:31:22Z,2026-03-28T16:31:22+08:00,UTC,2026-03-28T08:31:22Z,PENDING_RESUBMIT,0.00
ORD-00002832,CX-002,HKFIN,BUY,6937,117.82,2026-03-28T08:31:27Z,2026-03-28T16:31:27+08:00,UTC,2026-03-28T08:31:27Z,FAILED,704.60
ORD-00002833,CX-005,KRSEC,SELL,9113,11.24,2026-03-28T08:31:42Z,2026-03-28T16:31:42+08:00,UTC,2026-03-28T08:31:42Z,PENDING_RESUBMIT,0.00
ORD-00002834,CX-005,SGEX,SELL,7807,135.87,2026-03-28T08:31:54Z,2026-03-28T16:31:54+08:00,UTC,2026-03-28T08:31:54Z,PENDING_RESUBMIT,0.00
ORD-00002835,CX-002,CNTECH,SELL,2122,91.48,2026-03-28T08:32:00Z,2026-03-28T16:32:00+08:00,UTC,2026-03-28T08:32:00Z,FAILED,697.06
ORD-00002836,CX-004,KRSEC,BUY,4119,219.41,2026-03-28T08:33:16Z,2026-03-28T16:33:16+08:00,UTC,2026-03-28T08:33:16Z,PENDING_RESUBMIT,0.00
ORD-00002837,CX-005,HKFIN,SELL,6294,6.87,2026-03-28T08:33:41Z,2026-03-28T16:33:41+08:00,UTC,2026-03-28T08:33:41Z,PENDING_RESUBMIT,0.00
ORD-00002838,CX-003,AUHLD,BUY,2370,134.01,2026-03-28T08:33:56Z,2026-03-28T04:33:56-04:00,UTC,2026-03-28T08:33:56Z,FAILED,2514.09
ORD-00002839,CX-004,SGEX,SELL,1453,89.84,2026-03-28T08:34:21Z,2026-03-28T16:34:21+08:00,UTC,2026-03-28T08:34:21Z,FAILED,864.08
ORD-00002840,CX-002,CNTECH,SELL,368,14.08,2026-03-28T08:34:22Z,2026-03-28T16:34:22+08:00,UTC,2026-03-28T08:34:22Z,FAILED,575.66
ORD-00002841,CX-005,JPNBK,SELL,7676,65.22,2026-03-28T08:34:24Z,2026-03-28T16:34:24+08:00,UTC,2026-03-28T08:34:24Z,FAILED,785.95
ORD-00002842,CX-004,JPNBK,BUY,3807,241.02,2026-03-28T08:34:27Z,2026-03-28T16:34:27+08:00,UTC,2026-03-28T08:34:27Z,PENDING_RESUBMIT,0.00
ORD-00002843,CX-002,JPNBK,SELL,7146,74.32,2026-03-28T08:34:58Z,2026-03-28T16:34:58+08:00,UTC,2026-03-28T08:34:58Z,PENDING_RESUBMIT,0.00
ORD-00002844,CX-003,CNTECH,SELL,4073,56.63,2026-03-28T08:35:28Z,2026-03-28T04:35:28-04:00,UTC,2026-03-28T08:35:28Z,PENDING_RESUBMIT,0.00
ORD-00002845,CX-005,CNTECH,SELL,9257,238.28,2026-03-28T08:35:37Z,2026-03-28T16:35:37+08:00,UTC,2026-03-28T08:35:37Z,PENDING_RESUBMIT,0.00
ORD-00002846,CX-003,CNTECH,BUY,3473,175.27,2026-03-28T08:35:47Z,2026-03-28T04:35:47-04:00,UTC,2026-03-28T08:35:47Z,FAILED,795.60
ORD-00002847,CX-005,CNTECH,SELL,9085,234.55,2026-03-28T08:36:47Z,2026-03-28T16:36:47+08:00,UTC,2026-03-28T08:36:47Z,FAILED,860.04
ORD-00002848,CX-003,AUHLD,BUY,119,228.48,2026-03-28T08:36:48Z,2026-03-28T04:36:48-04:00,UTC,2026-03-28T08:36:48Z,FAILED,864.42
ORD-00002849,CX-001,CNTECH,SELL,8982,80.72,2026-03-28T08:37:02Z,2026-03-28T16:37:02+08:00,UTC,2026-03-28T08:37:02Z,FAILED,904.50
ORD-00002850,CX-001,AUHLD,BUY,2135,232.71,2026-03-28T08:37:03Z,2026-03-28T16:37:03+08:00,UTC,2026-03-28T08:37:03Z,PENDING_RESUBMIT,0.00
ORD-00002851,CX-005,TWSMC,BUY,4760,38.96,2026-03-28T08:37:12Z,2026-03-28T16:37:12+08:00,UTC,2026-03-28T08:37:12Z,PENDING_RESUBMIT,0.00
ORD-00002852,CX-001,JPNBK,BUY,8366,163.30,2026-03-28T08:37:47Z,2026-03-28T16:37:47+08:00,UTC,2026-03-28T08:37:47Z,FAILED,839.52
ORD-00002853,CX-005,SGEX,SELL,7693,25.88,2026-03-28T08:37:56Z,2026-03-28T16:37:56+08:00,UTC,2026-03-28T08:37:56Z,FAILED,795.05
ORD-00002854,CX-001,HKFIN,BUY,6604,198.05,2026-03-28T08:38:02Z,2026-03-28T16:38:02+08:00,UTC,2026-03-28T08:38:02Z,FAILED,905.29
ORD-00002855,CX-003,HKFIN,SELL,1749,125.30,2026-03-28T08:38:48Z,2026-03-28T04:38:48-04:00,UTC,2026-03-28T08:38:48Z,FAILED,816.81
ORD-00002856,CX-001,TWSMC,SELL,6086,138.86,2026-03-28T08:39:31Z,2026-03-28T16:39:31+08:00,UTC,2026-03-28T08:39:31Z,PENDING_RESUBMIT,0.00
ORD-00002857,CX-005,CNTECH,BUY,4923,196.23,2026-03-28T08:39:45Z,2026-03-28T16:39:45+08:00,UTC,2026-03-28T08:39:45Z,PENDING_RESUBMIT,0.00
ORD-00002858,CX-003,HKFIN,SELL,934,108.57,2026-03-28T08:40:00Z,2026-03-28T04:40:00-04:00,UTC,2026-03-28T08:40:00Z,PENDING_RESUBMIT,0.00
ORD-00002859,CX-003,SGEX,BUY,5361,31.38,2026-03-28T08:41:23Z,2026-03-28T04:41:23-04:00,UTC,2026-03-28T08:41:23Z,FAILED,909.10
ORD-00002860,CX-002,CNTECH,SELL,6120,48.93,2026-03-28T08:41:48Z,2026-03-28T16:41:48+08:00,UTC,2026-03-28T08:41:48Z,FAILED,738.70
ORD-00002861,CX-003,TWSMC,BUY,230,65.25,2026-03-28T08:42:13Z,2026-03-28T04:42:13-04:00,UTC,2026-03-28T08:42:13Z,PENDING_RESUBMIT,0.00
ORD-00002862,CX-003,AUHLD,BUY,8840,229.92,2026-03-28T08:42:26Z,2026-03-28T04:42:26-04:00,UTC,2026-03-28T08:42:26Z,PENDING_RESUBMIT,0.00
ORD-00002863,CX-002,JPNBK,BUY,4431,190.09,2026-03-28T08:42:39Z,2026-03-28T16:42:39+08:00,UTC,2026-03-28T08:42:39Z,PENDING_RESUBMIT,0.00
ORD-00002864,CX-002,KRSEC,BUY,9687,210.97,2026-03-28T08:43:19Z,2026-03-28T16:43:19+08:00,UTC,2026-03-28T08:43:19Z,FAILED,577.65
ORD-00002865,CX-001,KRSEC,BUY,1213,178.26,2026-03-28T08:43:26Z,2026-03-28T16:43:26+08:00,UTC,2026-03-28T08:43:26Z,PENDING_RESUBMIT,0.00
ORD-00002866,CX-001,KRSEC,SELL,4781,136.49,2026-03-28T08:43:45Z,2026-03-28T16:43:45+08:00,UTC,2026-03-28T08:43:45Z,FAILED,905.17
ORD-00002867,CX-005,SGEX,BUY,9813,38.26,2026-03-28T08:43:57Z,2026-03-28T16:43:57+08:00,UTC,2026-03-28T08:43:57Z,PENDING_RESUBMIT,0.00
ORD-00002868,CX-002,JPNBK,SELL,2627,75.68,2026-03-28T08:44:17Z,2026-03-28T16:44:17+08:00,UTC,2026-03-28T08:44:17Z,FAILED,762.41
ORD-00002869,CX-002,KRSEC,BUY,8949,60.33,2026-03-28T08:45:04Z,2026-03-28T16:45:04+08:00,UTC,2026-03-28T08:45:04Z,FAILED,682.68
ORD-00002870,CX-004,TWSMC,SELL,1929,197.45,2026-03-28T08:45:12Z,2026-03-28T16:45:12+08:00,UTC,2026-03-28T08:45:12Z,FAILED,838.07
ORD-00002871,CX-002,HKFIN,BUY,4727,174.22,2026-03-28T08:45:36Z,2026-03-28T16:45:36+08:00,UTC,2026-03-28T08:45:36Z,FAILED,722.26
ORD-00002872,CX-003,TWSMC,SELL,6222,25.46,2026-03-28T08:45:56Z,2026-03-28T04:45:56-04:00,UTC,2026-03-28T08:45:56Z,PENDING_RESUBMIT,0.00
ORD-00002873,CX-005,AUHLD,BUY,4065,117.58,2026-03-28T08:46:31Z,2026-03-28T16:46:31+08:00,UTC,2026-03-28T08:46:31Z,PENDING_RESUBMIT,0.00
ORD-00002874,CX-001,HKFIN,BUY,4913,28.91,2026-03-28T08:46:34Z,2026-03-28T16:46:34+08:00,UTC,2026-03-28T08:46:34Z,FAILED,743.00
ORD-00002875,CX-002,KRSEC,SELL,9598,90.22,2026-03-28T08:47:03Z,2026-03-28T16:47:03+08:00,UTC,2026-03-28T08:47:03Z,PENDING_RESUBMIT,0.00
ORD-00002876,CX-003,KRSEC,SELL,6536,30.21,2026-03-28T08:47:14Z,2026-03-28T04:47:14-04:00,UTC,2026-03-28T08:47:14Z,PENDING_RESUBMIT,0.00
ORD-00002877,CX-001,SGEX,BUY,204,106.04,2026-03-28T08:47:58Z,2026-03-28T16:47:58+08:00,UTC,2026-03-28T08:47:58Z,PENDING_RESUBMIT,0.00
ORD-00002878,CX-005,JPNBK,SELL,3740,217.24,2026-03-28T08:48:01Z,2026-03-28T16:48:01+08:00,UTC,2026-03-28T08:48:01Z,FAILED,848.80
ORD-00002879,CX-001,SGEX,SELL,2294,221.20,2026-03-28T08:48:29Z,2026-03-28T16:48:29+08:00,UTC,2026-03-28T08:48:29Z,FAILED,881.44
ORD-00002880,CX-005,JPNBK,BUY,642,192.54,2026-03-28T08:48:32Z,2026-03-28T16:48:32+08:00,UTC,2026-03-28T08:48:32Z,FAILED,907.56
ORD-00002881,CX-001,AUHLD,BUY,8664,31.09,2026-03-28T08:48:37Z,2026-03-28T16:48:37+08:00,UTC,2026-03-28T08:48:37Z,PENDING_RESUBMIT,0.00
ORD-00002882,CX-002,KRSEC,SELL,2684,8.83,2026-03-28T08:48:42Z,2026-03-28T16:48:42+08:00,UTC,2026-03-28T08:48:42Z,PENDING_RESUBMIT,0.00
ORD-00002883,CX-003,TWSMC,BUY,7838,166.50,2026-03-28T08:48:56Z,2026-03-28T04:48:56-04:00,UTC,2026-03-28T08:48:56Z,FAILED,728.18
ORD-00002884,CX-001,SGEX,SELL,8338,31.00,2026-03-28T08:49:39Z,2026-03-28T16:49:39+08:00,UTC,2026-03-28T08:49:39Z,PENDING_RESUBMIT,0.00
ORD-00002885,CX-003,AUHLD,BUY,5928,6.44,2026-03-28T08:49:46Z,2026-03-28T04:49:46-04:00,UTC,2026-03-28T08:49:46Z,PENDING_RESUBMIT,0.00
ORD-00002886,CX-003,CNTECH,BUY,9912,83.43,2026-03-28T08:50:37Z,2026-03-28T04:50:37-04:00,UTC,2026-03-28T08:50:37Z,PENDING_RESUBMIT,0.00
ORD-00002887,CX-003,CNTECH,BUY,4928,117.80,2026-03-28T08:50:50Z,2026-03-28T04:50:50-04:00,UTC,2026-03-28T08:50:50Z,PENDING_RESUBMIT,0.00
ORD-00002888,CX-001,KRSEC,SELL,8072,78.51,2026-03-28T08:50:54Z,2026-03-28T16:50:54+08:00,UTC,2026-03-28T08:50:54Z,PENDING_RESUBMIT,0.00
ORD-00002889,CX-001,TWSMC,SELL,2460,78.02,2026-03-28T08:50:59Z,2026-03-28T16:50:59+08:00,UTC,2026-03-28T08:50:59Z,PENDING_RESUBMIT,0.00
ORD-00002890,CX-003,AUHLD,SELL,9804,36.26,2026-03-28T08:51:10Z,2026-03-28T04:51:10-04:00,UTC,2026-03-28T08:51:10Z,PENDING_RESUBMIT,0.00
ORD-00002891,CX-005,CNTECH,BUY,2389,201.70,2026-03-28T08:51:50Z,2026-03-28T16:51:50+08:00,UTC,2026-03-28T08:51:50Z,PENDING_RESUBMIT,0.00
ORD-00002892,CX-004,SGEX,SELL,886,199.58,2026-03-28T08:52:23Z,2026-03-28T16:52:23+08:00,UTC,2026-03-28T08:52:23Z,PENDING_RESUBMIT,0.00
ORD-00002893,CX-001,JPNBK,SELL,5445,82.92,2026-03-28T08:52:34Z,2026-03-28T16:52:34+08:00,UTC,2026-03-28T08:52:34Z,PENDING_RESUBMIT,0.00
ORD-00002894,CX-001,SGEX,SELL,979,217.27,2026-03-28T08:52:54Z,2026-03-28T16:52:54+08:00,UTC,2026-03-28T08:52:54Z,FAILED,705.40
ORD-00002895,CX-003,CNTECH,BUY,1486,245.08,2026-03-28T08:53:09Z,2026-03-28T04:53:09-04:00,UTC,2026-03-28T08:53:09Z,PENDING_RESUBMIT,0.00
ORD-00002896,CX-001,KRSEC,BUY,5561,24.97,2026-03-28T08:53:17Z,2026-03-28T16:53:17+08:00,UTC,2026-03-28T08:53:17Z,FAILED,812.75
ORD-00002897,CX-001,JPNBK,SELL,4228,58.46,2026-03-28T08:53:18Z,2026-03-28T16:53:18+08:00,UTC,2026-03-28T08:53:18Z,PENDING_RESUBMIT,0.00
ORD-00002898,CX-003,SGEX,SELL,2741,42.13,2026-03-28T08:53:47Z,2026-03-28T04:53:47-04:00,UTC,2026-03-28T08:53:47Z,FAILED,733.57
ORD-00002899,CX-005,SGEX,BUY,9595,67.26,2026-03-28T08:53:56Z,2026-03-28T16:53:56+08:00,UTC,2026-03-28T08:53:56Z,PENDING_RESUBMIT,0.00
ORD-00002900,CX-003,SGEX,SELL,7863,147.87,2026-03-28T08:54:57Z,2026-03-28T04:54:57-04:00,UTC,2026-03-28T08:54:57Z,PENDING_RESUBMIT,0.00
ORD-00002901,CX-003,JPNBK,SELL,9552,185.54,2026-03-28T08:55:12Z,2026-03-28T04:55:12-04:00,UTC,2026-03-28T08:55:12Z,FAILED,686.88
ORD-00002902,CX-002,AUHLD,SELL,6426,96.34,2026-03-28T08:55:43Z,2026-03-28T16:55:43+08:00,UTC,2026-03-28T08:55:43Z,PENDING_RESUBMIT,0.00
ORD-00002903,CX-004,KRSEC,SELL,5844,87.57,2026-03-28T08:58:06Z,2026-03-28T16:58:06+08:00,UTC,2026-03-28T08:58:06Z,PENDING_RESUBMIT,0.00
ORD-00002904,CX-003,CNTECH,BUY,2298,152.53,2026-03-28T08:58:13Z,2026-03-28T04:58:13-04:00,UTC,2026-03-28T08:58:13Z,PENDING_RESUBMIT,0.00
ORD-00002905,CX-005,SGEX,SELL,4277,163.84,2026-03-28T08:58:16Z,2026-03-28T16:58:16+08:00,UTC,2026-03-28T08:58:16Z,PENDING_RESUBMIT,0.00
ORD-00002906,CX-003,HKFIN,BUY,5952,126.97,2026-03-28T08:58:25Z,2026-03-28T04:58:25-04:00,UTC,2026-03-28T08:58:25Z,PENDING_RESUBMIT,0.00
ORD-00002907,CX-005,HKFIN,BUY,3219,31.55,2026-03-28T08:59:02Z,2026-03-28T16:59:02+08:00,UTC,2026-03-28T08:59:02Z,FAILED,920.79
ORD-00002908,CX-003,SGEX,BUY,1800,26.96,2026-03-28T08:59:13Z,2026-03-28T04:59:13-04:00,UTC,2026-03-28T08:59:13Z,PENDING_RESUBMIT,0.00
ORD-00002909,CX-005,KRSEC,BUY,3487,100.36,2026-03-28T09:00:02Z,2026-03-28T17:00:02+08:00,UTC,2026-03-28T09:00:02Z,FAILED,845.14
ORD-00002910,CX-005,TWSMC,BUY,1214,122.03,2026-03-28T09:00:08Z,2026-03-28T17:00:08+08:00,UTC,2026-03-28T09:00:08Z,FAILED,774.94
ORD-00002911,CX-001,TWSMC,BUY,2321,240.88,2026-03-28T09:00:19Z,2026-03-28T17:00:19+08:00,UTC,2026-03-28T09:00:19Z,FAILED,766.50
ORD-00002912,CX-002,CNTECH,BUY,1510,78.72,2026-03-28T09:00:31Z,2026-03-28T17:00:31+08:00,UTC,2026-03-28T09:00:31Z,FAILED,661.80
ORD-00002913,CX-001,KRSEC,BUY,1631,104.29,2026-03-28T09:00:33Z,2026-03-28T17:00:33+08:00,UTC,2026-03-28T09:00:33Z,PENDING_RESUBMIT,0.00
ORD-00002914,CX-003,HKFIN,SELL,5059,235.65,2026-03-28T09:01:08Z,2026-03-28T05:01:08-04:00,UTC,2026-03-28T09:01:08Z,PENDING_RESUBMIT,0.00
ORD-00002915,CX-004,AUHLD,SELL,3834,11.86,2026-03-28T09:01:34Z,2026-03-28T17:01:34+08:00,UTC,2026-03-28T09:01:34Z,FAILED,769.41
ORD-00002916,CX-002,TWSMC,BUY,617,247.72,2026-03-28T09:02:08Z,2026-03-28T17:02:08+08:00,UTC,2026-03-28T09:02:08Z,PENDING_RESUBMIT,0.00
ORD-00002917,CX-005,KRSEC,BUY,9910,88.70,2026-03-28T09:02:11Z,2026-03-28T17:02:11+08:00,UTC,2026-03-28T09:02:11Z,PENDING_RESUBMIT,0.00
ORD-00002918,CX-002,AUHLD,BUY,3398,77.23,2026-03-28T09:02:16Z,2026-03-28T17:02:16+08:00,UTC,2026-03-28T09:02:16Z,PENDING_RESUBMIT,0.00
ORD-00002919,CX-002,CNTECH,BUY,3435,212.26,2026-03-28T09:02:42Z,2026-03-28T17:02:42+08:00,UTC,2026-03-28T09:02:42Z,PENDING_RESUBMIT,0.00
ORD-00002920,CX-001,KRSEC,BUY,7590,244.24,2026-03-28T09:02:56Z,2026-03-28T17:02:56+08:00,UTC,2026-03-28T09:02:56Z,FAILED,886.73
ORD-00002921,CX-001,JPNBK,BUY,6220,177.61,2026-03-28T09:03:13Z,2026-03-28T17:03:13+08:00,UTC,2026-03-28T09:03:13Z,PENDING_RESUBMIT,0.00
ORD-00002922,CX-003,HKFIN,SELL,7420,168.72,2026-03-28T09:04:34Z,2026-03-28T05:04:34-04:00,UTC,2026-03-28T09:04:34Z,PENDING_RESUBMIT,0.00
ORD-00002923,CX-002,SGEX,SELL,7260,49.22,2026-03-28T09:04:39Z,2026-03-28T17:04:39+08:00,UTC,2026-03-28T09:04:39Z,FAILED,683.93
ORD-00002924,CX-002,SGEX,SELL,1482,242.00,2026-03-28T09:04:41Z,2026-03-28T17:04:41+08:00,UTC,2026-03-28T09:04:41Z,PENDING_RESUBMIT,0.00
ORD-00002925,CX-004,AUHLD,BUY,6933,239.61,2026-03-28T09:04:52Z,2026-03-28T17:04:52+08:00,UTC,2026-03-28T09:04:52Z,PENDING_RESUBMIT,0.00
ORD-00002926,CX-003,CNTECH,BUY,6740,204.15,2026-03-28T09:04:54Z,2026-03-28T05:04:54-04:00,UTC,2026-03-28T09:04:54Z,PENDING_RESUBMIT,0.00
ORD-00002927,CX-005,KRSEC,BUY,6775,16.30,2026-03-28T09:05:35Z,2026-03-28T17:05:35+08:00,UTC,2026-03-28T09:05:35Z,FAILED,731.05
ORD-00002928,CX-005,JPNBK,BUY,3800,184.04,2026-03-28T09:05:52Z,2026-03-28T17:05:52+08:00,UTC,2026-03-28T09:05:52Z,PENDING_RESUBMIT,0.00
ORD-00002929,CX-002,AUHLD,SELL,4468,10.00,2026-03-28T09:06:10Z,2026-03-28T17:06:10+08:00,UTC,2026-03-28T09:06:10Z,FAILED,722.92
ORD-00002930,CX-001,CNTECH,BUY,2395,128.45,2026-03-28T09:06:34Z,2026-03-28T17:06:34+08:00,UTC,2026-03-28T09:06:34Z,PENDING_RESUBMIT,0.00
ORD-00002931,CX-001,SGEX,BUY,844,237.39,2026-03-28T09:06:37Z,2026-03-28T17:06:37+08:00,UTC,2026-03-28T09:06:37Z,FAILED,692.20
ORD-00002932,CX-003,SGEX,SELL,3136,172.18,2026-03-28T09:07:24Z,2026-03-28T05:07:24-04:00,UTC,2026-03-28T09:07:24Z,FAILED,830.13
ORD-00002933,CX-001,CNTECH,BUY,7867,228.32,2026-03-28T09:07:33Z,2026-03-28T17:07:33+08:00,UTC,2026-03-28T09:07:33Z,PENDING_RESUBMIT,0.00
ORD-00002934,CX-003,AUHLD,BUY,1474,39.63,2026-03-28T09:07:46Z,2026-03-28T05:07:46-04:00,UTC,2026-03-28T09:07:46Z,PENDING_RESUBMIT,0.00
ORD-00002935,CX-001,HKFIN,SELL,9564,181.68,2026-03-28T09:08:17Z,2026-03-28T17:08:17+08:00,UTC,2026-03-28T09:08:17Z,FAILED,691.87
ORD-00002936,CX-002,TWSMC,SELL,1183,233.62,2026-03-28T09:10:43Z,2026-03-28T17:10:43+08:00,UTC,2026-03-28T09:10:43Z,PENDING_RESUBMIT,0.00
ORD-00002937,CX-005,JPNBK,SELL,6142,39.73,2026-03-28T09:10:57Z,2026-03-28T17:10:57+08:00,UTC,2026-03-28T09:10:57Z,PENDING_RESUBMIT,0.00
ORD-00002938,CX-003,CNTECH,BUY,6358,236.69,2026-03-28T09:11:13Z,2026-03-28T05:11:13-04:00,UTC,2026-03-28T09:11:13Z,FAILED,762.44
ORD-00002939,CX-001,KRSEC,BUY,9295,100.28,2026-03-28T09:11:16Z,2026-03-28T17:11:16+08:00,UTC,2026-03-28T09:11:16Z,PENDING_RESUBMIT,0.00
ORD-00002940,CX-001,KRSEC,SELL,4541,16.41,2026-03-28T09:11:21Z,2026-03-28T17:11:21+08:00,UTC,2026-03-28T09:11:21Z,FAILED,733.43
ORD-00002941,CX-001,SGEX,BUY,8588,42.49,2026-03-28T09:11:28Z,2026-03-28T17:11:28+08:00,UTC,2026-03-28T09:11:28Z,PENDING_RESUBMIT,0.00
ORD-00002942,CX-005,CNTECH,SELL,1210,91.36,2026-03-28T09:11:55Z,2026-03-28T17:11:55+08:00,UTC,2026-03-28T09:11:55Z,FAILED,901.77
ORD-00002943,CX-005,JPNBK,BUY,4020,18.85,2026-03-28T09:11:57Z,2026-03-28T17:11:57+08:00,UTC,2026-03-28T09:11:57Z,PENDING_RESUBMIT,0.00
ORD-00002944,CX-005,CNTECH,SELL,9155,162.23,2026-03-28T09:12:57Z,2026-03-28T17:12:57+08:00,UTC,2026-03-28T09:12:57Z,PENDING_RESUBMIT,0.00
ORD-00002945,CX-001,KRSEC,SELL,9007,14.01,2026-03-28T09:13:01Z,2026-03-28T17:13:01+08:00,UTC,2026-03-28T09:13:01Z,PENDING_RESUBMIT,0.00
ORD-00002946,CX-005,KRSEC,SELL,9149,166.19,2026-03-28T09:13:45Z,2026-03-28T17:13:45+08:00,UTC,2026-03-28T09:13:45Z,PENDING_RESUBMIT,0.00
ORD-00002947,CX-002,CNTECH,BUY,3558,50.35,2026-03-28T09:14:53Z,2026-03-28T17:14:53+08:00,UTC,2026-03-28T09:14:53Z,PENDING_RESUBMIT,0.00
