order_id,customer_id,symbol,side,qty,fill_price,fill_ts_utc,dispatch_ts_raw,dispatch_tz_stated,dispatch_ts_utc_normalized,settlement_status,customer_loss_usd
ORD-00000001,CX-003,HKFIN,BUY,8616,28.73,2026-03-27T17:23:11Z,2026-03-27T13:23:11-04:00,UTC,2026-03-27T17:23:11Z,PENDING_RESUBMIT,0.00
ORD-00000002,CX-005,CNTECH,BUY,919,215.01,2026-03-27T17:23:26Z,2026-03-28T01:23:26+08:00,UTC,2026-03-27T17:23:26Z,PENDING_RESUBMIT,0.00
ORD-00000003,CX-001,CNTECH,SELL,3139,221.32,2026-03-27T17:23:56Z,2026-03-28T01:23:56+08:00,UTC,2026-03-27T17:23:56Z,PENDING_RESUBMIT,0.00
ORD-00000004,CX-004,JPNBK,SELL,7792,225.39,2026-03-27T17:23:56Z,2026-03-28T01:23:56+08:00,UTC,2026-03-27T17:23:56Z,PENDING_RESUBMIT,0.00
ORD-00000005,CX-003,KRSEC,SELL,6147,84.52,2026-03-27T17:24:40Z,2026-03-27T13:24:40-04:00,UTC,2026-03-27T17:24:40Z,PENDING_RESUBMIT,0.00
ORD-00000006,CX-003,HKFIN,BUY,6037,141.80,2026-03-27T17:26:16Z,2026-03-27T13:26:16-04:00,UTC,2026-03-27T17:26:16Z,PENDING_RESUBMIT,0.00
ORD-00000007,CX-001,KRSEC,BUY,9575,22.89,2026-03-27T17:26:26Z,2026-03-28T01:26:26+08:00,UTC,2026-03-27T17:26:26Z,PENDING_RESUBMIT,0.00
ORD-00000008,CX-005,HKFIN,BUY,5463,193.28,2026-03-27T17:26:49Z,2026-03-28T01:26:49+08:00,UTC,2026-03-27T17:26:49Z,FAILED,759.42
ORD-00000009,CX-005,JPNBK,BUY,3815,172.58,2026-03-27T17:27:33Z,2026-03-28T01:27:33+08:00,UTC,2026-03-27T17:27:33Z,FAILED,780.17
ORD-00000010,CX-002,SGEX,BUY,6869,141.17,2026-03-27T17:27:49Z,2026-03-28T01:27:49+08:00,UTC,2026-03-27T17:27:49Z,PENDING_RESUBMIT,0.00
ORD-00000011,CX-002,TWSMC,BUY,3244,33.79,2026-03-27T17:28:08Z,2026-03-28T01:28:08+08:00,UTC,2026-03-27T17:28:08Z,PENDING_RESUBMIT,0.00
ORD-00000012,CX-004,AUHLD,BUY,5747,29.48,2026-03-27T17:28:33Z,2026-03-28T01:28:33+08:00,UTC,2026-03-27T17:28:33Z,PENDING_RESUBMIT,0.00
ORD-00000013,CX-003,AUHLD,SELL,110,17.23,2026-03-27T17:28:42Z,2026-03-27T13:28:42-04:00,UTC,2026-03-27T17:28:42Z,FAILED,760.16
ORD-00000014,CX-001,JPNBK,SELL,2636,14.79,2026-03-27T17:29:18Z,2026-03-28T01:29:18+08:00,UTC,2026-03-27T17:29:18Z,PENDING_RESUBMIT,0.00
ORD-00000015,CX-003,HKFIN,SELL,3804,120.32,2026-03-27T17:30:41Z,2026-03-27T13:30:41-04:00,UTC,2026-03-27T17:30:41Z,PENDING_RESUBMIT,0.00
ORD-00000016,CX-001,TWSMC,SELL,3189,105.88,2026-03-27T17:31:02Z,2026-03-28T01:31:02+08:00,UTC,2026-03-27T17:31:02Z,FAILED,683.98
ORD-00000017,CX-002,CNTECH,SELL,8747,154.55,2026-03-27T17:31:46Z,2026-03-28T01:31:46+08:00,UTC,2026-03-27T17:31:46Z,PENDING_RESUBMIT,0.00
ORD-00000018,CX-003,AUHLD,BUY,7740,171.83,2026-03-27T17:32:15Z,2026-03-27T13:32:15-04:00,UTC,2026-03-27T17:32:15Z,FAILED,875.27
ORD-00000019,CX-001,HKFIN,SELL,6214,19.81,2026-03-27T17:33:08Z,2026-03-28T01:33:08+08:00,UTC,2026-03-27T17:33:08Z,PENDING_RESUBMIT,0.00
ORD-00000020,CX-001,SGEX,SELL,2075,247.10,2026-03-27T17:33:17Z,2026-03-28T01:33:17+08:00,UTC,2026-03-27T17:33:17Z,PENDING_RESUBMIT,0.00
ORD-00000021,CX-003,CNTECH,BUY,8986,185.35,2026-03-27T17:33:24Z,2026-03-27T13:33:24-04:00,UTC,2026-03-27T17:33:24Z,PENDING_RESUBMIT,0.00
ORD-00000022,CX-003,KRSEC,BUY,2170,39.95,2026-03-27T17:33:31Z,2026-03-27T13:33:31-04:00,UTC,2026-03-27T17:33:31Z,PENDING_RESUBMIT,0.00
ORD-00000023,CX-003,CNTECH,SELL,3692,183.97,2026-03-27T17:34:31Z,2026-03-27T13:34:31-04:00,UTC,2026-03-27T17:34:31Z,FAILED,800.10
ORD-00000024,CX-005,KRSEC,SELL,5722,100.00,2026-03-27T17:34:41Z,2026-03-28T01:34:41+08:00,UTC,2026-03-27T17:34:41Z,PENDING_RESUBMIT,0.00
ORD-00000025,CX-002,AUHLD,SELL,8499,226.98,2026-03-27T17:34:55Z,2026-03-28T01:34:55+08:00,UTC,2026-03-27T17:34:55Z,PENDING_RESUBMIT,0.00
ORD-00000026,CX-001,KRSEC,BUY,6316,147.35,2026-03-27T17:36:03Z,2026-03-28T01:36:03+08:00,UTC,2026-03-27T17:36:03Z,PENDING_RESUBMIT,0.00
ORD-00000027,CX-001,JPNBK,SELL,2262,99.78,2026-03-27T17:36:19Z,2026-03-28T01:36:19+08:00,UTC,2026-03-27T17:36:19Z,PENDING_RESUBMIT,0.00
ORD-00000028,CX-001,HKFIN,BUY,7829,94.17,2026-03-27T17:36:34Z,2026-03-28T01:36:34+08:00,UTC,2026-03-27T17:36:34Z,PENDING_RESUBMIT,0.00
ORD-00000029,CX-001,CNTECH,SELL,1943,106.54,2026-03-27T17:36:39Z,2026-03-28T01:36:39+08:00,UTC,2026-03-27T17:36:39Z,FAILED,699.68
ORD-00000030,CX-004,JPNBK,SELL,5337,89.86,2026-03-27T17:36:52Z,2026-03-28T01:36:52+08:00,UTC,2026-03-27T17:36:52Z,FAILED,847.48
ORD-00000031,CX-003,KRSEC,SELL,7111,86.84,2026-03-27T17:37:03Z,2026-03-27T13:37:03-04:00,UTC,2026-03-27T17:37:03Z,PENDING_RESUBMIT,0.00
ORD-00000032,CX-001,KRSEC,BUY,1909,209.63,2026-03-27T17:37:04Z,2026-03-28T01:37:04+08:00,UTC,2026-03-27T17:37:04Z,PENDING_RESUBMIT,0.00
ORD-00000033,CX-005,TWSMC,BUY,1132,240.06,2026-03-27T17:37:38Z,2026-03-28T01:37:38+08:00,UTC,2026-03-27T17:37:38Z,PENDING_RESUBMIT,0.00
ORD-00000034,CX-002,HKFIN,SELL,7255,243.87,2026-03-27T17:40:18Z,2026-03-28T01:40:18+08:00,UTC,2026-03-27T17:40:18Z,PENDING_RESUBMIT,0.00
ORD-00000035,CX-005,KRSEC,SELL,4281,147.81,2026-03-27T17:40:22Z,2026-03-28T01:40:22+08:00,UTC,2026-03-27T17:40:22Z,FAILED,707.28
ORD-00000036,CX-001,JPNBK,BUY,5749,64.08,2026-03-27T17:40:53Z,2026-03-28T01:40:53+08:00,UTC,2026-03-27T17:40:53Z,PENDING_RESUBMIT,0.00
ORD-00000037,CX-003,TWSMC,SELL,1798,126.62,2026-03-27T17:41:05Z,2026-03-27T13:41:05-04:00,UTC,2026-03-27T17:41:05Z,PENDING_RESUBMIT,0.00
ORD-00000038,CX-003,AUHLD,BUY,7742,14.07,2026-03-27T17:42:00Z,2026-03-27T13:42:00-04:00,UTC,2026-03-27T17:42:00Z,PENDING_RESUBMIT,0.00
ORD-00000039,CX-002,CNTECH,SELL,2768,147.51,2026-03-27T17:42:18Z,2026-03-28T01:42:18+08:00,UTC,2026-03-27T17:42:18Z,PENDING_RESUBMIT,0.00
ORD-00000040,CX-001,SGEX,SELL,6855,13.78,2026-03-27T17:42:33Z,2026-03-28T01:42:33+08:00,UTC,2026-03-27T17:42:33Z,FAILED,762.19
ORD-00000041,CX-002,SGEX,SELL,2011,8.26,2026-03-27T17:42:43Z,2026-03-28T01:42:43+08:00,UTC,2026-03-27T17:42:43Z,FAILED,582.13
ORD-00000042,CX-005,SGEX,BUY,1007,132.46,2026-03-27T17:42:46Z,2026-03-28T01:42:46+08:00,UTC,2026-03-27T17:42:46Z,PENDING_RESUBMIT,0.00
ORD-00000043,CX-002,JPNBK,SELL,5949,170.85,2026-03-27T17:42:57Z,2026-03-28T01:42:57+08:00,UTC,2026-03-27T17:42:57Z,PENDING_RESUBMIT,0.00
ORD-00000044,CX-001,JPNBK,SELL,3053,238.04,2026-03-27T17:43:03Z,2026-03-28T01:43:03+08:00,UTC,2026-03-27T17:43:03Z,FAILED,787.95
ORD-00000045,CX-002,KRSEC,BUY,9551,127.30,2026-03-27T17:43:28Z,2026-03-28T01:43:28+08:00,UTC,2026-03-27T17:43:28Z,PENDING_RESUBMIT,0.00
ORD-00000046,CX-003,AUHLD,SELL,1147,132.13,2026-03-27T17:44:43Z,2026-03-27T13:44:43-04:00,UTC,2026-03-27T17:44:43Z,PENDING_RESUBMIT,0.00
ORD-00000047,CX-003,KRSEC,BUY,6312,27.11,2026-03-27T17:44:54Z,2026-03-27T13:44:54-04:00,UTC,2026-03-27T17:44:54Z,PENDING_RESUBMIT,0.00
ORD-00000048,CX-005,HKFIN,SELL,2238,95.22,2026-03-27T17:45:46Z,2026-03-28T01:45:46+08:00,UTC,2026-03-27T17:45:46Z,PENDING_RESUBMIT,0.00
ORD-00000049,CX-002,HKFIN,SELL,3249,119.96,2026-03-27T17:45:52Z,2026-03-28T01:45:52+08:00,UTC,2026-03-27T17:45:52Z,PENDING_RESUBMIT,0.00
ORD-00000050,CX-001,JPNBK,BUY,7638,208.85,2026-03-27T17:45:55Z,2026-03-28T01:45:55+08:00,UTC,2026-03-27T17:45:55Z,PENDING_RESUBMIT,0.00
ORD-00000051,CX-002,KRSEC,BUY,995,174.22,2026-03-27T17:46:10Z,2026-03-28T01:46:10+08:00,UTC,2026-03-27T17:46:10Z,FAILED,722.43
ORD-00000052,CX-003,AUHLD,BUY,4528,73.10,2026-03-27T17:46:24Z,2026-03-27T13:46:24-04:00,UTC,2026-03-27T17:46:24Z,PENDING_RESUBMIT,0.00
ORD-00000053,CX-001,KRSEC,SELL,5968,182.48,2026-03-27T17:46:28Z,2026-03-28T01:46:28+08:00,UTC,2026-03-27T17:46:28Z,PENDING_RESUBMIT,0.00
ORD-00000054,CX-003,AUHLD,BUY,8071,240.01,2026-03-27T17:47:07Z,2026-03-27T13:47:07-04:00,UTC,2026-03-27T17:47:07Z,PENDING_RESUBMIT,0.00
ORD-00000055,CX-002,CNTECH,BUY,8613,162.94,2026-03-27T17:47:13Z,2026-03-28T01:47:13+08:00,UTC,2026-03-27T17:47:13Z,PENDING_RESUBMIT,0.00
ORD-00000056,CX-004,HKFIN,SELL,1398,210.03,2026-03-27T17:47:35Z,2026-03-28T01:47:35+08:00,UTC,2026-03-27T17:47:35Z,PENDING_RESUBMIT,0.00
ORD-00000057,CX-004,KRSEC,SELL,9144,130.28,2026-03-27T17:47:57Z,2026-03-28T01:47:57+08:00,UTC,2026-03-27T17:47:57Z,PENDING_RESUBMIT,0.00
ORD-00000058,CX-002,TWSMC,BUY,1557,243.66,2026-03-27T17:48:14Z,2026-03-28T01:48:14+08:00,UTC,2026-03-27T17:48:14Z,PENDING_RESUBMIT,0.00
ORD-00000059,CX-004,HKFIN,BUY,6830,109.70,2026-03-27T17:48:25Z,2026-03-28T01:48:25+08:00,UTC,2026-03-27T17:48:25Z,PENDING_RESUBMIT,0.00
ORD-00000060,CX-004,JPNBK,SELL,6365,84.79,2026-03-27T17:49:00Z,2026-03-28T01:49:00+08:00,UTC,2026-03-27T17:49:00Z,PENDING_RESUBMIT,0.00
ORD-00000061,CX-003,HKFIN,SELL,6414,41.11,2026-03-27T17:49:21Z,2026-03-27T13:49:21-04:00,UTC,2026-03-27T17:49:21Z,PENDING_RESUBMIT,0.00
ORD-00000062,CX-002,CNTECH,SELL,6358,68.01,2026-03-27T17:49:25Z,2026-03-28T01:49:25+08:00,UTC,2026-03-27T17:49:25Z,FAILED,643.61
ORD-00000063,CX-003,AUHLD,BUY,7425,95.61,2026-03-27T17:50:20Z,2026-03-27T13:50:20-04:00,UTC,2026-03-27T17:50:20Z,FAILED,786.69
ORD-00000064,CX-004,TWSMC,BUY,2186,137.32,2026-03-27T17:51:47Z,2026-03-28T01:51:47+08:00,UTC,2026-03-27T17:51:47Z,PENDING_RESUBMIT,0.00
ORD-00000065,CX-001,JPNBK,SELL,7757,201.90,2026-03-27T17:51:51Z,2026-03-28T01:51:51+08:00,UTC,2026-03-27T17:51:51Z,PENDING_RESUBMIT,0.00
ORD-00000066,CX-001,CNTECH,SELL,8684,192.42,2026-03-27T17:51:56Z,2026-03-28T01:51:56+08:00,UTC,2026-03-27T17:51:56Z,FAILED,720.66
ORD-00000067,CX-003,CNTECH,BUY,8852,153.99,2026-03-27T17:51:56Z,2026-03-27T13:51:56-04:00,UTC,2026-03-27T17:51:56Z,PENDING_RESUBMIT,0.00
ORD-00000068,CX-005,CNTECH,BUY,9702,31.15,2026-03-27T17:52:10Z,2026-03-28T01:52:10+08:00,UTC,2026-03-27T17:52:10Z,FAILED,717.24
ORD-00000069,CX-001,AUHLD,BUY,6595,127.99,2026-03-27T17:52:16Z,2026-03-28T01:52:16+08:00,UTC,2026-03-27T17:52:16Z,FAILED,829.59
ORD-00000070,CX-003,JPNBK,SELL,7104,196.74,2026-03-27T17:53:01Z,2026-03-27T13:53:01-04:00,UTC,2026-03-27T17:53:01Z,PENDING_RESUBMIT,0.00
ORD-00000071,CX-002,CNTECH,BUY,2428,197.03,2026-03-27T17:53:42Z,2026-03-28T01:53:42+08:00,UTC,2026-03-27T17:53:42Z,PENDING_RESUBMIT,0.00
ORD-00000072,CX-002,TWSMC,BUY,2200,210.05,2026-03-27T17:53:53Z,2026-03-28T01:53:53+08:00,UTC,2026-03-27T17:53:53Z,PENDING_RESUBMIT,0.00
ORD-00000073,CX-004,CNTECH,BUY,5532,11.98,2026-03-27T17:54:15Z,2026-03-28T01:54:15+08:00,UTC,2026-03-27T17:54:15Z,FAILED,797.64
ORD-00000074,CX-002,KRSEC,BUY,3743,36.54,2026-03-27T17:54:33Z,2026-03-28T01:54:33+08:00,UTC,2026-03-27T17:54:33Z,FAILED,725.50
ORD-00000075,CX-001,HKFIN,BUY,3388,210.06,2026-03-27T17:54:46Z,2026-03-28T01:54:46+08:00,UTC,2026-03-27T17:54:46Z,PENDING_RESUBMIT,0.00
ORD-00000076,CX-001,JPNBK,SELL,4556,133.34,2026-03-27T17:55:12Z,2026-03-28T01:55:12+08:00,UTC,2026-03-27T17:55:12Z,PENDING_RESUBMIT,0.00
ORD-00000077,CX-004,HKFIN,BUY,5861,143.40,2026-03-27T17:55:26Z,2026-03-28T01:55:26+08:00,UTC,2026-03-27T17:55:26Z,PENDING_RESUBMIT,0.00
ORD-00000078,CX-005,KRSEC,SELL,2949,188.57,2026-03-27T17:56:29Z,2026-03-28T01:56:29+08:00,UTC,2026-03-27T17:56:29Z,PENDING_RESUBMIT,0.00
ORD-00000079,CX-005,AUHLD,BUY,9302,25.79,2026-03-27T17:56:54Z,2026-03-28T01:56:54+08:00,UTC,2026-03-27T17:56:54Z,PENDING_RESUBMIT,0.00
ORD-00000080,CX-005,SGEX,BUY,6107,158.65,2026-03-27T17:57:32Z,2026-03-28T01:57:32+08:00,UTC,2026-03-27T17:57:32Z,PENDING_RESUBMIT,0.00
ORD-00000081,CX-004,TWSMC,SELL,8927,125.54,2026-03-27T17:58:11Z,2026-03-28T01:58:11+08:00,UTC,2026-03-27T17:58:11Z,PENDING_RESUBMIT,0.00
ORD-00000082,CX-001,AUHLD,SELL,5811,216.24,2026-03-27T17:58:21Z,2026-03-28T01:58:21+08:00,UTC,2026-03-27T17:58:21Z,PENDING_RESUBMIT,0.00
ORD-00000083,CX-004,KRSEC,SELL,8615,248.91,2026-03-27T17:58:27Z,2026-03-28T01:58:27+08:00,UTC,2026-03-27T17:58:27Z,FAILED,713.61
ORD-00000084,CX-005,CNTECH,SELL,4131,81.45,2026-03-27T17:58:37Z,2026-03-28T01:58:37+08:00,UTC,2026-03-27T17:58:37Z,PENDING_RESUBMIT,0.00
ORD-00000085,CX-002,KRSEC,BUY,9259,95.49,2026-03-27T17:58:45Z,2026-03-28T01:58:45+08:00,UTC,2026-03-27T17:58:45Z,PENDING_RESUBMIT,0.00
ORD-00000086,CX-002,CNTECH,BUY,7785,34.14,2026-03-27T17:58:58Z,2026-03-28T01:58:58+08:00,UTC,2026-03-27T17:58:58Z,PENDING_RESUBMIT,0.00
ORD-00000087,CX-001,HKFIN,SELL,356,240.56,2026-03-27T17:59:05Z,2026-03-28T01:59:05+08:00,UTC,2026-03-27T17:59:05Z,FAILED,861.48
ORD-00000088,CX-003,CNTECH,SELL,492,174.06,2026-03-27T18:00:22Z,2026-03-27T14:00:22-04:00,UTC,2026-03-27T18:00:22Z,PENDING_RESUBMIT,0.00
ORD-00000089,CX-001,TWSMC,BUY,5722,183.00,2026-03-27T18:01:43Z,2026-03-28T02:01:43+08:00,UTC,2026-03-27T18:01:43Z,PENDING_RESUBMIT,0.00
ORD-00000090,CX-005,KRSEC,BUY,2612,233.57,2026-03-27T18:02:38Z,2026-03-28T02:02:38+08:00,UTC,2026-03-27T18:02:38Z,PENDING_RESUBMIT,0.00
ORD-00000091,CX-005,JPNBK,BUY,9725,105.24,2026-03-27T18:03:08Z,2026-03-28T02:03:08+08:00,UTC,2026-03-27T18:03:08Z,PENDING_RESUBMIT,0.00
ORD-00000092,CX-001,TWSMC,SELL,9004,224.03,2026-03-27T18:03:11Z,2026-03-28T02:03:11+08:00,UTC,2026-03-27T18:03:11Z,PENDING_RESUBMIT,0.00
ORD-00000093,CX-004,AUHLD,SELL,520,57.93,2026-03-27T18:03:51Z,2026-03-28T02:03:51+08:00,UTC,2026-03-27T18:03:51Z,PENDING_RESUBMIT,0.00
ORD-00000094,CX-005,JPNBK,SELL,1182,58.68,2026-03-27T18:04:04Z,2026-03-28T02:04:04+08:00,UTC,2026-03-27T18:04:04Z,PENDING_RESUBMIT,0.00
ORD-00000095,CX-003,TWSMC,BUY,7799,40.65,2026-03-27T18:04:57Z,2026-03-27T14:04:57-04:00,UTC,2026-03-27T18:04:57Z,PENDING_RESUBMIT,0.00
ORD-00000096,CX-003,AUHLD,BUY,8640,82.79,2026-03-27T18:05:02Z,2026-03-27T14:05:02-04:00,UTC,2026-03-27T18:05:02Z,FAILED,752.24
ORD-00000097,CX-003,TWSMC,SELL,6026,70.84,2026-03-27T18:05:19Z,2026-03-27T14:05:19-04:00,UTC,2026-03-27T18:05:19Z,PENDING_RESUBMIT,0.00
ORD-00000098,CX-003,JPNBK,BUY,1237,120.12,2026-03-27T18:05:52Z,2026-03-27T14:05:52-04:00,UTC,2026-03-27T18:05:52Z,PENDING_RESUBMIT,0.00
ORD-00000099,CX-001,HKFIN,SELL,7299,133.40,2026-03-27T18:05:54Z,2026-03-28T02:05:54+08:00,UTC,2026-03-27T18:05:54Z,FAILED,897.55
ORD-00000100,CX-001,TWSMC,BUY,1016,45.75,2026-03-27T18:05:57Z,2026-03-28T02:05:57+08:00,UTC,2026-03-27T18:05:57Z,PENDING_RESUBMIT,0.00
ORD-00000101,CX-003,TWSMC,BUY,209,124.65,2026-03-27T18:06:33Z,2026-03-27T14:06:33-04:00,UTC,2026-03-27T18:06:33Z,PENDING_RESUBMIT,0.00
ORD-00000102,CX-002,AUHLD,BUY,7074,135.12,2026-03-27T18:06:54Z,2026-03-28T02:06:54+08:00,UTC,2026-03-27T18:06:54Z,PENDING_RESUBMIT,0.00
ORD-00000103,CX-005,HKFIN,BUY,3521,61.23,2026-03-27T18:06:58Z,2026-03-28T02:06:58+08:00,UTC,2026-03-27T18:06:58Z,FAILED,839.70
ORD-00000104,CX-005,HKFIN,BUY,862,184.16,2026-03-27T18:07:03Z,2026-03-28T02:07:03+08:00,UTC,2026-03-27T18:07:03Z,PENDING_RESUBMIT,0.00
ORD-00000105,CX-005,TWSMC,SELL,7756,11.43,2026-03-27T18:07:15Z,2026-03-28T02:07:15+08:00,UTC,2026-03-27T18:07:15Z,FAILED,870.56
ORD-00000106,CX-001,HKFIN,SELL,3896,20.40,2026-03-27T18:07:17Z,2026-03-28T02:07:17+08:00,UTC,2026-03-27T18:07:17Z,FAILED,756.43
ORD-00000107,CX-005,CNTECH,BUY,2790,122.21,2026-03-27T18:07:27Z,2026-03-28T02:07:27+08:00,UTC,2026-03-27T18:07:27Z,PENDING_RESUBMIT,0.00
ORD-00000108,CX-002,SGEX,SELL,8188,33.35,2026-03-27T18:07:30Z,2026-03-28T02:07:30+08:00,UTC,2026-03-27T18:07:30Z,PENDING_RESUBMIT,0.00
ORD-00000109,CX-004,AUHLD,SELL,1948,158.59,2026-03-27T18:07:54Z,2026-03-28T02:07:54+08:00,UTC,2026-03-27T18:07:54Z,PENDING_RESUBMIT,0.00
ORD-00000110,CX-002,JPNBK,BUY,7323,68.80,2026-03-27T18:08:05Z,2026-03-28T02:08:05+08:00,UTC,2026-03-27T18:08:05Z,PENDING_RESUBMIT,0.00
ORD-00000111,CX-005,AUHLD,BUY,3468,54.03,2026-03-27T18:08:39Z,2026-03-28T02:08:39+08:00,UTC,2026-03-27T18:08:39Z,PENDING_RESUBMIT,0.00
ORD-00000112,CX-005,TWSMC,BUY,7796,17.99,2026-03-27T18:08:53Z,2026-03-28T02:08:53+08:00,UTC,2026-03-27T18:08:53Z,PENDING_RESUBMIT,0.00
ORD-00000113,CX-005,SGEX,SELL,3181,5.91,2026-03-27T18:08:59Z,2026-03-28T02:08:59+08:00,UTC,2026-03-27T18:08:59Z,PENDING_RESUBMIT,0.00
ORD-00000114,CX-003,TWSMC,SELL,2861,170.26,2026-03-27T18:09:24Z,2026-03-27T14:09:24-04:00,UTC,2026-03-27T18:09:24Z,PENDING_RESUBMIT,0.00
ORD-00000115,CX-003,SGEX,BUY,5085,23.39,2026-03-27T18:10:12Z,2026-03-27T14:10:12-04:00,UTC,2026-03-27T18:10:12Z,FAILED,770.37
ORD-00000116,CX-001,HKFIN,BUY,2307,159.24,2026-03-27T18:10:16Z,2026-03-28T02:10:16+08:00,UTC,2026-03-27T18:10:16Z,PENDING_RESUBMIT,0.00
ORD-00000117,CX-001,KRSEC,SELL,6216,67.14,2026-03-27T18:10:42Z,2026-03-28T02:10:42+08:00,UTC,2026-03-27T18:10:42Z,FAILED,779.89
ORD-00000118,CX-005,HKFIN,SELL,6856,136.07,2026-03-27T18:11:04Z,2026-03-28T02:11:04+08:00,UTC,2026-03-27T18:11:04Z,PENDING_RESUBMIT,0.00
ORD-00000119,CX-004,HKFIN,SELL,7233,27.75,2026-03-27T18:11:28Z,2026-03-28T02:11:28+08:00,UTC,2026-03-27T18:11:28Z,PENDING_RESUBMIT,0.00
ORD-00000120,CX-001,TWSMC,SELL,5532,241.60,2026-03-27T18:11:32Z,2026-03-28T02:11:32+08:00,UTC,2026-03-27T18:11:32Z,FAILED,798.91
ORD-00000121,CX-003,JPNBK,BUY,9786,11.26,2026-03-27T18:11:52Z,2026-03-27T14:11:52-04:00,UTC,2026-03-27T18:11:52Z,PENDING_RESUBMIT,0.00
ORD-00000122,CX-003,HKFIN,BUY,3181,39.71,2026-03-27T18:12:00Z,2026-03-27T14:12:00-04:00,UTC,2026-03-27T18:12:00Z,PENDING_RESUBMIT,0.00
ORD-00000123,CX-003,TWSMC,BUY,5829,31.75,2026-03-27T18:12:00Z,2026-03-27T14:12:00-04:00,UTC,2026-03-27T18:12:00Z,PENDING_RESUBMIT,0.00
ORD-00000124,CX-002,TWSMC,BUY,8466,109.10,2026-03-27T18:12:24Z,2026-03-28T02:12:24+08:00,UTC,2026-03-27T18:12:24Z,PENDING_RESUBMIT,0.00
ORD-00000125,CX-003,JPNBK,SELL,6814,59.22,2026-03-27T18:12:59Z,2026-03-27T14:12:59-04:00,UTC,2026-03-27T18:12:59Z,PENDING_RESUBMIT,0.00
ORD-00000126,CX-004,CNTECH,SELL,8079,66.21,2026-03-27T18:13:23Z,2026-03-28T02:13:23+08:00,UTC,2026-03-27T18:13:23Z,FAILED,730.62
ORD-00000127,CX-001,SGEX,SELL,1791,177.42,2026-03-27T18:13:52Z,2026-03-28T02:13:52+08:00,UTC,2026-03-27T18:13:52Z,PENDING_RESUBMIT,0.00
ORD-00000128,CX-001,JPNBK,SELL,8692,83.09,2026-03-27T18:14:21Z,2026-03-28T02:14:21+08:00,UTC,2026-03-27T18:14:21Z,PENDING_RESUBMIT,0.00
ORD-00000129,CX-002,HKFIN,SELL,4759,116.70,2026-03-27T18:14:50Z,2026-03-28T02:14:50+08:00,UTC,2026-03-27T18:14:50Z,FAILED,714.84
ORD-00000130,CX-005,TWSMC,SELL,9348,147.31,2026-03-27T18:15:01Z,2026-03-28T02:15:01+08:00,UTC,2026-03-27T18:15:01Z,PENDING_RESUBMIT,0.00
ORD-00000131,CX-003,HKFIN,BUY,108,17.77,2026-03-27T18:15:05Z,2026-03-27T14:15:05-04:00,UTC,2026-03-27T18:15:05Z,FAILED,912.48
ORD-00000132,CX-005,SGEX,SELL,8869,204.53,2026-03-27T18:15:19Z,2026-03-28T02:15:19+08:00,UTC,2026-03-27T18:15:19Z,FAILED,891.61
ORD-00000133,CX-001,CNTECH,SELL,4576,35.50,2026-03-27T18:15:21Z,2026-03-28T02:15:21+08:00,UTC,2026-03-27T18:15:21Z,PENDING_RESUBMIT,0.00
ORD-00000134,CX-005,JPNBK,BUY,8566,125.32,2026-03-27T18:16:21Z,2026-03-28T02:16:21+08:00,UTC,2026-03-27T18:16:21Z,PENDING_RESUBMIT,0.00
ORD-00000135,CX-005,KRSEC,BUY,9583,84.14,2026-03-27T18:16:52Z,2026-03-28T02:16:52+08:00,UTC,2026-03-27T18:16:52Z,FAILED,838.92
ORD-00000136,CX-003,TWSMC,BUY,6032,136.19,2026-03-27T18:16:54Z,2026-03-27T14:16:54-04:00,UTC,2026-03-27T18:16:54Z,FAILED,840.14
ORD-00000137,CX-001,HKFIN,BUY,3726,163.61,2026-03-27T18:17:22Z,2026-03-28T02:17:22+08:00,UTC,2026-03-27T18:17:22Z,PENDING_RESUBMIT,0.00
ORD-00000138,CX-004,TWSMC,SELL,4234,109.30,2026-03-27T18:17:50Z,2026-03-28T02:17:50+08:00,UTC,2026-03-27T18:17:50Z,FAILED,874.69
ORD-00000139,CX-001,JPNBK,SELL,6950,65.83,2026-03-27T18:18:25Z,2026-03-28T02:18:25+08:00,UTC,2026-03-27T18:18:25Z,FAILED,844.39
ORD-00000140,CX-001,TWSMC,BUY,6039,140.54,2026-03-27T18:19:01Z,2026-03-28T02:19:01+08:00,UTC,2026-03-27T18:19:01Z,PENDING_RESUBMIT,0.00
ORD-00000141,CX-003,KRSEC,BUY,3540,135.98,2026-03-27T18:19:25Z,2026-03-27T14:19:25-04:00,UTC,2026-03-27T18:19:25Z,FAILED,728.60
ORD-00000142,CX-003,JPNBK,BUY,4511,94.08,2026-03-27T18:19:34Z,2026-03-27T14:19:34-04:00,UTC,2026-03-27T18:19:34Z,PENDING_RESUBMIT,0.00
ORD-00000143,CX-002,TWSMC,BUY,2689,197.45,2026-03-27T18:20:26Z,2026-03-28T02:20:26+08:00,UTC,2026-03-27T18:20:26Z,PENDING_RESUBMIT,0.00
ORD-00000144,CX-001,HKFIN,BUY,8550,245.45,2026-03-27T18:20:40Z,2026-03-28T02:20:40+08:00,UTC,2026-03-27T18:20:40Z,FAILED,729.79
ORD-00000145,CX-002,JPNBK,SELL,6973,160.88,2026-03-27T18:20:55Z,2026-03-28T02:20:55+08:00,UTC,2026-03-27T18:20:55Z,PENDING_RESUBMIT,0.00
ORD-00000146,CX-005,HKFIN,SELL,3456,172.10,2026-03-27T18:20:55Z,2026-03-28T02:20:55+08:00,UTC,2026-03-27T18:20:55Z,PENDING_RESUBMIT,0.00
ORD-00000147,CX-001,CNTECH,BUY,2350,248.13,2026-03-27T18:22:12Z,2026-03-28T02:22:12+08:00,UTC,2026-03-27T18:22:12Z,PENDING_RESUBMIT,0.00
ORD-00000148,CX-002,HKFIN,BUY,687,120.21,2026-03-27T18:22:45Z,2026-03-28T02:22:45+08:00,UTC,2026-03-27T18:22:45Z,PENDING_RESUBMIT,0.00
ORD-00000149,CX-005,AUHLD,BUY,9240,120.88,2026-03-27T18:22:58Z,2026-03-28T02:22:58+08:00,UTC,2026-03-27T18:22:58Z,FAILED,768.72
ORD-00000150,CX-002,TWSMC,SELL,944,32.19,2026-03-27T18:23:01Z,2026-03-28T02:23:01+08:00,UTC,2026-03-27T18:23:01Z,FAILED,728.39
ORD-00000151,CX-005,JPNBK,BUY,4331,204.84,2026-03-27T18:23:07Z,2026-03-28T02:23:07+08:00,UTC,2026-03-27T18:23:07Z,PENDING_RESUBMIT,0.00
ORD-00000152,CX-002,AUHLD,SELL,1950,82.54,2026-03-27T18:24:14Z,2026-03-28T02:24:14+08:00,UTC,2026-03-27T18:24:14Z,PENDING_RESUBMIT,0.00
ORD-00000153,CX-002,JPNBK,BUY,6743,33.96,2026-03-27T18:24:22Z,2026-03-28T02:24:22+08:00,UTC,2026-03-27T18:24:22Z,PENDING_RESUBMIT,0.00
ORD-00000154,CX-005,AUHLD,BUY,2836,16.84,2026-03-27T18:25:14Z,2026-03-28T02:25:14+08:00,UTC,2026-03-27T18:25:14Z,PENDING_RESUBMIT,0.00
ORD-00000155,CX-005,AUHLD,SELL,7180,42.74,2026-03-27T18:25:18Z,2026-03-28T02:25:18+08:00,UTC,2026-03-27T18:25:18Z,FAILED,849.34
ORD-00000156,CX-003,HKFIN,BUY,1607,149.21,2026-03-27T18:26:25Z,2026-03-27T14:26:25-04:00,UTC,2026-03-27T18:26:25Z,PENDING_RESUBMIT,0.00
ORD-00000157,CX-004,CNTECH,SELL,2398,40.23,2026-03-27T18:27:50Z,2026-03-28T02:27:50+08:00,UTC,2026-03-27T18:27:50Z,PENDING_RESUBMIT,0.00
ORD-00000158,CX-005,AUHLD,BUY,6464,52.16,2026-03-27T18:27:59Z,2026-03-28T02:27:59+08:00,UTC,2026-03-27T18:27:59Z,PENDING_RESUBMIT,0.00
ORD-00000159,CX-002,TWSMC,BUY,6068,118.31,2026-03-27T18:28:33Z,2026-03-28T02:28:33+08:00,UTC,2026-03-27T18:28:33Z,PENDING_RESUBMIT,0.00
ORD-00000160,CX-002,CNTECH,SELL,4355,158.61,2026-03-27T18:28:37Z,2026-03-28T02:28:37+08:00,UTC,2026-03-27T18:28:37Z,FAILED,728.20
ORD-00000161,CX-003,KRSEC,BUY,9998,189.03,2026-03-27T18:28:41Z,2026-03-27T14:28:41-04:00,UTC,2026-03-27T18:28:41Z,PENDING_RESUBMIT,0.00
ORD-00000162,CX-001,CNTECH,SELL,8400,75.19,2026-03-27T18:29:11Z,2026-03-28T02:29:11+08:00,UTC,2026-03-27T18:29:11Z,PENDING_RESUBMIT,0.00
ORD-00000163,CX-003,CNTECH,BUY,6612,126.28,2026-03-27T18:29:33Z,2026-03-27T14:29:33-04:00,UTC,2026-03-27T18:29:33Z,PENDING_RESUBMIT,0.00
ORD-00000164,CX-001,TWSMC,BUY,7099,141.18,2026-03-27T18:29:43Z,2026-03-28T02:29:43+08:00,UTC,2026-03-27T18:29:43Z,PENDING_RESUBMIT,0.00
ORD-00000165,CX-003,TWSMC,SELL,1975,14.17,2026-03-27T18:30:47Z,2026-03-27T14:30:47-04:00,UTC,2026-03-27T18:30:47Z,PENDING_RESUBMIT,0.00
ORD-00000166,CX-003,CNTECH,SELL,7146,244.75,2026-03-27T18:31:18Z,2026-03-27T14:31:18-04:00,UTC,2026-03-27T18:31:18Z,PENDING_RESUBMIT,0.00
ORD-00000167,CX-002,SGEX,SELL,2414,190.60,2026-03-27T18:32:12Z,2026-03-28T02:32:12+08:00,UTC,2026-03-27T18:32:12Z,FAILED,576.02
ORD-00000168,CX-001,KRSEC,SELL,3210,133.40,2026-03-27T18:32:20Z,2026-03-28T02:32:20+08:00,UTC,2026-03-27T18:32:20Z,FAILED,825.38
ORD-00000169,CX-005,KRSEC,SELL,8208,154.56,2026-03-27T18:32:29Z,2026-03-28T02:32:29+08:00,UTC,2026-03-27T18:32:29Z,PENDING_RESUBMIT,0.00
ORD-00000170,CX-002,JPNBK,SELL,7855,33.65,2026-03-27T18:32:31Z,2026-03-28T02:32:31+08:00,UTC,2026-03-27T18:32:31Z,FAILED,731.89
ORD-00000171,CX-003,CNTECH,SELL,355,116.20,2026-03-27T18:33:43Z,2026-03-27T14:33:43-04:00,UTC,2026-03-27T18:33:43Z,PENDING_RESUBMIT,0.00
ORD-00000172,CX-005,CNTECH,SELL,4781,145.65,2026-03-27T18:33:58Z,2026-03-28T02:33:58+08:00,UTC,2026-03-27T18:33:58Z,FAILED,899.27
ORD-00000173,CX-005,AUHLD,BUY,4675,24.63,2026-03-27T18:35:28Z,2026-03-28T02:35:28+08:00,UTC,2026-03-27T18:35:28Z,FAILED,747.31
ORD-00000174,CX-001,SGEX,BUY,3026,219.01,2026-03-27T18:35:58Z,2026-03-28T02:35:58+08:00,UTC,2026-03-27T18:35:58Z,PENDING_RESUBMIT,0.00
ORD-00000175,CX-005,KRSEC,BUY,8199,141.58,2026-03-27T18:36:13Z,2026-03-28T02:36:13+08:00,UTC,2026-03-27T18:36:13Z,PENDING_RESUBMIT,0.00
ORD-00000176,CX-002,TWSMC,SELL,7097,56.39,2026-03-27T18:36:37Z,2026-03-28T02:36:37+08:00,UTC,2026-03-27T18:36:37Z,PENDING_RESUBMIT,0.00
ORD-00000177,CX-001,SGEX,SELL,3634,14.76,2026-03-27T18:36:54Z,2026-03-28T02:36:54+08:00,UTC,2026-03-27T18:36:54Z,PENDING_RESUBMIT,0.00
ORD-00000178,CX-001,AUHLD,BUY,3867,201.04,2026-03-27T18:36:56Z,2026-03-28T02:36:56+08:00,UTC,2026-03-27T18:36:56Z,PENDING_RESUBMIT,0.00
ORD-00000179,CX-005,HKFIN,BUY,1775,133.08,2026-03-27T18:37:18Z,2026-03-28T02:37:18+08:00,UTC,2026-03-27T18:37:18Z,PENDING_RESUBMIT,0.00
ORD-00000180,CX-003,CNTECH,BUY,4819,23.32,2026-03-27T18:37:22Z,2026-03-27T14:37:22-04:00,UTC,2026-03-27T18:37:22Z,PENDING_RESUBMIT,0.00
ORD-00000181,CX-004,CNTECH,SELL,6018,226.75,2026-03-27T18:37:25Z,2026-03-28T02:37:25+08:00,UTC,2026-03-27T18:37:25Z,FAILED,879.68
ORD-00000182,CX-003,CNTECH,SELL,6268,240.83,2026-03-27T18:37:39Z,2026-03-27T14:37:39-04:00,UTC,2026-03-27T18:37:39Z,PENDING_RESUBMIT,0.00
ORD-00000183,CX-001,AUHLD,SELL,5061,200.10,2026-03-27T18:37:44Z,2026-03-28T02:37:44+08:00,UTC,2026-03-27T18:37:44Z,FAILED,862.67
ORD-00000184,CX-001,HKFIN,BUY,4844,32.04,2026-03-27T18:37:55Z,2026-03-28T02:37:55+08:00,UTC,2026-03-27T18:37:55Z,PENDING_RESUBMIT,0.00
ORD-00000185,CX-001,AUHLD,BUY,4803,105.17,2026-03-27T18:38:32Z,2026-03-28T02:38:32+08:00,UTC,2026-03-27T18:38:32Z,FAILED,907.26
ORD-00000186,CX-004,JPNBK,SELL,3870,166.25,2026-03-27T18:38:48Z,2026-03-28T02:38:48+08:00,UTC,2026-03-27T18:38:48Z,PENDING_RESUBMIT,0.00
ORD-00000187,CX-002,AUHLD,BUY,6532,48.72,2026-03-27T18:38:57Z,2026-03-28T02:38:57+08:00,UTC,2026-03-27T18:38:57Z,PENDING_RESUBMIT,0.00
ORD-00000188,CX-001,HKFIN,SELL,8060,115.41,2026-03-27T18:39:23Z,2026-03-28T02:39:23+08:00,UTC,2026-03-27T18:39:23Z,FAILED,822.38
ORD-00000189,CX-003,KRSEC,SELL,3256,180.04,2026-03-27T18:40:13Z,2026-03-27T14:40:13-04:00,UTC,2026-03-27T18:40:13Z,PENDING_RESUBMIT,0.00
ORD-00000190,CX-002,AUHLD,SELL,8798,13.01,2026-03-27T18:40:22Z,2026-03-28T02:40:22+08:00,UTC,2026-03-27T18:40:22Z,PENDING_RESUBMIT,0.00
ORD-00000191,CX-004,JPNBK,SELL,9708,11.59,2026-03-27T18:41:25Z,2026-03-28T02:41:25+08:00,UTC,2026-03-27T18:41:25Z,PENDING_RESUBMIT,0.00
ORD-00000192,CX-003,AUHLD,BUY,7555,227.74,2026-03-27T18:41:50Z,2026-03-27T14:41:50-04:00,UTC,2026-03-27T18:41:50Z,PENDING_RESUBMIT,0.00
ORD-00000193,CX-005,KRSEC,SELL,4062,190.17,2026-03-27T18:42:01Z,2026-03-28T02:42:01+08:00,UTC,2026-03-27T18:42:01Z,PENDING_RESUBMIT,0.00
ORD-00000194,CX-005,TWSMC,BUY,4147,158.60,2026-03-27T18:42:26Z,2026-03-28T02:42:26+08:00,UTC,2026-03-27T18:42:26Z,PENDING_RESUBMIT,0.00
ORD-00000195,CX-003,CNTECH,BUY,5766,245.36,2026-03-27T18:42:47Z,2026-03-27T14:42:47-04:00,UTC,2026-03-27T18:42:47Z,FAILED,803.20
ORD-00000196,CX-003,HKFIN,SELL,7019,91.82,2026-03-27T18:42:54Z,2026-03-27T14:42:54-04:00,UTC,2026-03-27T18:42:54Z,FAILED,897.77
ORD-00000197,CX-001,SGEX,BUY,4227,141.73,2026-03-27T18:43:09Z,2026-03-28T02:43:09+08:00,UTC,2026-03-27T18:43:09Z,FAILED,832.51
ORD-00000198,CX-005,HKFIN,SELL,4605,87.12,2026-03-27T18:43:25Z,2026-03-28T02:43:25+08:00,UTC,2026-03-27T18:43:25Z,PENDING_RESUBMIT,0.00
ORD-00000199,CX-001,AUHLD,SELL,9108,73.53,2026-03-27T18:43:27Z,2026-03-28T02:43:27+08:00,UTC,2026-03-27T18:43:27Z,FAILED,792.43
ORD-00000200,CX-003,AUHLD,BUY,594,40.99,2026-03-27T18:43:43Z,2026-03-27T14:43:43-04:00,UTC,2026-03-27T18:43:43Z,FAILED,791.05
ORD-00000201,CX-004,JPNBK,SELL,2586,219.12,2026-03-27T18:43:57Z,2026-03-28T02:43:57+08:00,UTC,2026-03-27T18:43:57Z,FAILED,707.96
ORD-00000202,CX-001,KRSEC,SELL,8997,143.06,2026-03-27T18:44:21Z,2026-03-28T02:44:21+08:00,UTC,2026-03-27T18:44:21Z,PENDING_RESUBMIT,0.00
ORD-00000203,CX-005,CNTECH,BUY,7984,151.76,2026-03-27T18:44:32Z,2026-03-28T02:44:32+08:00,UTC,2026-03-27T18:44:32Z,FAILED,857.62
ORD-00000204,CX-001,CNTECH,SELL,5353,64.02,2026-03-27T18:44:55Z,2026-03-28T02:44:55+08:00,UTC,2026-03-27T18:44:55Z,FAILED,873.71
ORD-00000205,CX-001,KRSEC,BUY,4292,162.86,2026-03-27T18:45:07Z,2026-03-28T02:45:07+08:00,UTC,2026-03-27T18:45:07Z,PENDING_RESUBMIT,0.00
ORD-00000206,CX-003,AUHLD,BUY,3581,8.22,2026-03-27T18:45:13Z,2026-03-27T14:45:13-04:00,UTC,2026-03-27T18:45:13Z,PENDING_RESUBMIT,0.00
ORD-00000207,CX-001,KRSEC,BUY,6700,131.33,2026-03-27T18:45:38Z,2026-03-28T02:45:38+08:00,UTC,2026-03-27T18:45:38Z,FAILED,854.64
ORD-00000208,CX-004,HKFIN,BUY,1583,179.36,2026-03-27T18:46:05Z,2026-03-28T02:46:05+08:00,UTC,2026-03-27T18:46:05Z,PENDING_RESUBMIT,0.00
ORD-00000209,CX-001,JPNBK,SELL,5447,12.26,2026-03-27T18:46:10Z,2026-03-28T02:46:10+08:00,UTC,2026-03-27T18:46:10Z,FAILED,894.77
ORD-00000210,CX-005,SGEX,BUY,3889,105.63,2026-03-27T18:46:27Z,2026-03-28T02:46:27+08:00,UTC,2026-03-27T18:46:27Z,PENDING_RESUBMIT,0.00
ORD-00000211,CX-003,HKFIN,SELL,6248,222.98,2026-03-27T18:46:30Z,2026-03-27T14:46:30-04:00,UTC,2026-03-27T18:46:30Z,PENDING_RESUBMIT,0.00
ORD-00000212,CX-001,TWSMC,BUY,8793,129.94,2026-03-27T18:46:34Z,2026-03-28T02:46:34+08:00,UTC,2026-03-27T18:46:34Z,FAILED,859.38
ORD-00000213,CX-002,SGEX,BUY,384,122.48,2026-03-27T18:46:35Z,2026-03-28T02:46:35+08:00,UTC,2026-03-27T18:46:35Z,PENDING_RESUBMIT,0.00
ORD-00000214,CX-003,JPNBK,SELL,3874,115.00,2026-03-27T18:46:38Z,2026-03-27T14:46:38-04:00,UTC,2026-03-27T18:46:38Z,PENDING_RESUBMIT,0.00
ORD-00000215,CX-002,TWSMC,BUY,3102,192.35,2026-03-27T18:47:03Z,2026-03-28T02:47:03+08:00,UTC,2026-03-27T18:47:03Z,PENDING_RESUBMIT,0.00
ORD-00000216,CX-005,HKFIN,SELL,8066,66.02,2026-03-27T18:47:03Z,2026-03-28T02:47:03+08:00,UTC,2026-03-27T18:47:03Z,PENDING_RESUBMIT,0.00
ORD-00000217,CX-004,KRSEC,BUY,2362,127.49,2026-03-27T18:47:32Z,2026-03-28T02:47:32+08:00,UTC,2026-03-27T18:47:32Z,FAILED,821.94
ORD-00000218,CX-001,CNTECH,SELL,9533,110.17,2026-03-27T18:48:11Z,2026-03-28T02:48:11+08:00,UTC,2026-03-27T18:48:11Z,PENDING_RESUBMIT,0.00
ORD-00000219,CX-001,HKFIN,BUY,1758,182.67,2026-03-27T18:48:16Z,2026-03-28T02:48:16+08:00,UTC,2026-03-27T18:48:16Z,PENDING_RESUBMIT,0.00
ORD-00000220,CX-005,TWSMC,BUY,107,98.06,2026-03-27T18:48:59Z,2026-03-28T02:48:59+08:00,UTC,2026-03-27T18:48:59Z,FAILED,805.72
ORD-00000221,CX-001,AUHLD,BUY,9037,76.97,2026-03-27T18:49:21Z,2026-03-28T02:49:21+08:00,UTC,2026-03-27T18:49:21Z,FAILED,774.42
ORD-00000222,CX-001,JPNBK,SELL,7620,143.43,2026-03-27T18:49:27Z,2026-03-28T02:49:27+08:00,UTC,2026-03-27T18:49:27Z,PENDING_RESUBMIT,0.00
ORD-00000223,CX-001,TWSMC,BUY,2645,136.42,2026-03-27T18:49:27Z,2026-03-28T02:49:27+08:00,UTC,2026-03-27T18:49:27Z,FAILED,802.41
ORD-00000224,CX-001,AUHLD,SELL,1614,136.23,2026-03-27T18:49:30Z,2026-03-28T02:49:30+08:00,UTC,2026-03-27T18:49:30Z,PENDING_RESUBMIT,0.00
ORD-00000225,CX-002,CNTECH,SELL,5021,41.41,2026-03-27T18:49:38Z,2026-03-28T02:49:38+08:00,UTC,2026-03-27T18:49:38Z,FAILED,610.63
ORD-00000226,CX-001,AUHLD,BUY,8564,192.31,2026-03-27T18:49:40Z,2026-03-28T02:49:40+08:00,UTC,2026-03-27T18:49:40Z,PENDING_RESUBMIT,0.00
ORD-00000227,CX-003,JPNBK,SELL,1149,112.91,2026-03-27T18:50:02Z,2026-03-27T14:50:02-04:00,UTC,2026-03-27T18:50:02Z,PENDING_RESUBMIT,0.00
ORD-00000228,CX-003,JPNBK,BUY,626,120.93,2026-03-27T18:51:18Z,2026-03-27T14:51:18-04:00,UTC,2026-03-27T18:51:18Z,FAILED,757.63
ORD-00000229,CX-002,CNTECH,BUY,1966,186.43,2026-03-27T18:52:27Z,2026-03-28T02:52:27+08:00,UTC,2026-03-27T18:52:27Z,FAILED,748.61
ORD-00000230,CX-001,KRSEC,BUY,4646,25.48,2026-03-27T18:53:10Z,2026-03-28T02:53:10+08:00,UTC,2026-03-27T18:53:10Z,PENDING_RESUBMIT,0.00
ORD-00000231,CX-002,TWSMC,BUY,6762,237.73,2026-03-27T18:53:54Z,2026-03-28T02:53:54+08:00,UTC,2026-03-27T18:53:54Z,PENDING_RESUBMIT,0.00
ORD-00000232,CX-001,SGEX,SELL,2644,25.66,2026-03-27T18:54:04Z,2026-03-28T02:54:04+08:00,UTC,2026-03-27T18:54:04Z,FAILED,702.42
ORD-00000233,CX-003,KRSEC,BUY,4484,72.05,2026-03-27T18:54:17Z,2026-03-27T14:54:17-04:00,UTC,2026-03-27T18:54:17Z,PENDING_RESUBMIT,0.00
ORD-00000234,CX-005,JPNBK,BUY,4354,68.98,2026-03-27T18:54:25Z,2026-03-28T02:54:25+08:00,UTC,2026-03-27T18:54:25Z,PENDING_RESUBMIT,0.00
ORD-00000235,CX-003,JPNBK,BUY,9924,8.31,2026-03-27T18:54:27Z,2026-03-27T14:54:27-04:00,UTC,2026-03-27T18:54:27Z,PENDING_RESUBMIT,0.00
ORD-00000236,CX-003,HKFIN,BUY,4587,104.24,2026-03-27T18:54:27Z,2026-03-27T14:54:27-04:00,UTC,2026-03-27T18:54:27Z,PENDING_RESUBMIT,0.00
ORD-00000237,CX-002,JPNBK,SELL,1141,225.64,2026-03-27T18:54:49Z,2026-03-28T02:54:49+08:00,UTC,2026-03-27T18:54:49Z,PENDING_RESUBMIT,0.00
ORD-00000238,CX-002,SGEX,SELL,6489,182.65,2026-03-27T18:55:12Z,2026-03-28T02:55:12+08:00,UTC,2026-03-27T18:55:12Z,PENDING_RESUBMIT,0.00
ORD-00000239,CX-001,JPNBK,SELL,5481,204.23,2026-03-27T18:55:41Z,2026-03-28T02:55:41+08:00,UTC,2026-03-27T18:55:41Z,PENDING_RESUBMIT,0.00
ORD-00000240,CX-003,SGEX,BUY,3017,110.01,2026-03-27T18:55:46Z,2026-03-27T14:55:46-04:00,UTC,2026-03-27T18:55:46Z,PENDING_RESUBMIT,0.00
ORD-00000241,CX-003,TWSMC,BUY,9336,246.69,2026-03-27T18:56:02Z,2026-03-27T14:56:02-04:00,UTC,2026-03-27T18:56:02Z,FAILED,727.15
ORD-00000242,CX-001,TWSMC,SELL,1208,238.58,2026-03-27T18:56:39Z,2026-03-28T02:56:39+08:00,UTC,2026-03-27T18:56:39Z,PENDING_RESUBMIT,0.00
ORD-00000243,CX-001,SGEX,BUY,5807,81.41,2026-03-27T18:56:55Z,2026-03-28T02:56:55+08:00,UTC,2026-03-27T18:56:55Z,FAILED,856.44
ORD-00000244,CX-005,CNTECH,SELL,3543,101.66,2026-03-27T18:57:05Z,2026-03-28T02:57:05+08:00,UTC,2026-03-27T18:57:05Z,PENDING_RESUBMIT,0.00
ORD-00000245,CX-002,KRSEC,SELL,2215,47.46,2026-03-27T18:57:17Z,2026-03-28T02:57:17+08:00,UTC,2026-03-27T18:57:17Z,PENDING_RESUBMIT,0.00
ORD-00000246,CX-001,AUHLD,BUY,3127,245.51,2026-03-27T18:57:53Z,2026-03-28T02:57:53+08:00,UTC,2026-03-27T18:57:53Z,FAILED,910.61
ORD-00000247,CX-003,JPNBK,SELL,5223,212.09,2026-03-27T18:58:06Z,2026-03-27T14:58:06-04:00,UTC,2026-03-27T18:58:06Z,PENDING_RESUBMIT,0.00
ORD-00000248,CX-001,AUHLD,BUY,3982,56.42,2026-03-27T18:58:09Z,2026-03-28T02:58:09+08:00,UTC,2026-03-27T18:58:09Z,FAILED,890.42
ORD-00000249,CX-003,JPNBK,SELL,2853,224.62,2026-03-27T18:58:16Z,2026-03-27T14:58:16-04:00,UTC,2026-03-27T18:58:16Z,PENDING_RESUBMIT,0.00
ORD-00000250,CX-001,JPNBK,SELL,3371,28.76,2026-03-27T18:58:51Z,2026-03-28T02:58:51+08:00,UTC,2026-03-27T18:58:51Z,FAILED,834.15
ORD-00000251,CX-003,HKFIN,SELL,8907,247.44,2026-03-27T18:59:17Z,2026-03-27T14:59:17-04:00,UTC,2026-03-27T18:59:17Z,PENDING_RESUBMIT,0.00
ORD-00000252,CX-005,JPNBK,SELL,7533,31.34,2026-03-27T18:59:29Z,2026-03-28T02:59:29+08:00,UTC,2026-03-27T18:59:29Z,PENDING_RESUBMIT,0.00
ORD-00000253,CX-005,CNTECH,BUY,6428,42.73,2026-03-27T18:59:41Z,2026-03-28T02:59:41+08:00,UTC,2026-03-27T18:59:41Z,PENDING_RESUBMIT,0.00
ORD-00000254,CX-005,TWSMC,SELL,7575,206.07,2026-03-27T18:59:43Z,2026-03-28T02:59:43+08:00,UTC,2026-03-27T18:59:43Z,FAILED,809.03
ORD-00000255,CX-003,JPNBK,SELL,4576,40.85,2026-03-27T19:00:20Z,2026-03-27T15:00:20-04:00,UTC,2026-03-27T19:00:20Z,PENDING_RESUBMIT,0.00
ORD-00000256,CX-002,KRSEC,SELL,6919,174.91,2026-03-27T19:00:30Z,2026-03-28T03:00:30+08:00,UTC,2026-03-27T19:00:30Z,PENDING_RESUBMIT,0.00
ORD-00000257,CX-003,HKFIN,SELL,1868,241.54,2026-03-27T19:00:39Z,2026-03-27T15:00:39-04:00,UTC,2026-03-27T19:00:39Z,PENDING_RESUBMIT,0.00
ORD-00000258,CX-002,SGEX,SELL,5094,44.64,2026-03-27T19:02:15Z,2026-03-28T03:02:15+08:00,UTC,2026-03-27T19:02:15Z,PENDING_RESUBMIT,0.00
ORD-00000259,CX-004,KRSEC,BUY,1143,227.00,2026-03-27T19:02:56Z,2026-03-28T03:02:56+08:00,UTC,2026-03-27T19:02:56Z,PENDING_RESUBMIT,0.00
ORD-00000260,CX-005,KRSEC,BUY,8170,58.11,2026-03-27T19:03:00Z,2026-03-28T03:03:00+08:00,UTC,2026-03-27T19:03:00Z,PENDING_RESUBMIT,0.00
ORD-00000261,CX-002,SGEX,BUY,9920,161.33,2026-03-27T19:03:34Z,2026-03-28T03:03:34+08:00,UTC,2026-03-27T19:03:34Z,PENDING_RESUBMIT,0.00
ORD-00000262,CX-003,TWSMC,SELL,2150,187.07,2026-03-27T19:03:34Z,2026-03-27T15:03:34-04:00,UTC,2026-03-27T19:03:34Z,PENDING_RESUBMIT,0.00
ORD-00000263,CX-002,KRSEC,BUY,9797,87.53,2026-03-27T19:03:35Z,2026-03-28T03:03:35+08:00,UTC,2026-03-27T19:03:35Z,PENDING_RESUBMIT,0.00
ORD-00000264,CX-005,JPNBK,BUY,6455,202.62,2026-03-27T19:03:40Z,2026-03-28T03:03:40+08:00,UTC,2026-03-27T19:03:40Z,PENDING_RESUBMIT,0.00
ORD-00000265,CX-001,AUHLD,SELL,1345,140.87,2026-03-27T19:04:44Z,2026-03-28T03:04:44+08:00,UTC,2026-03-27T19:04:44Z,PENDING_RESUBMIT,0.00
ORD-00000266,CX-001,JPNBK,SELL,607,110.67,2026-03-27T19:04:50Z,2026-03-28T03:04:50+08:00,UTC,2026-03-27T19:04:50Z,FAILED,906.18
ORD-00000267,CX-001,TWSMC,BUY,9796,235.69,2026-03-27T19:05:11Z,2026-03-28T03:05:11+08:00,UTC,2026-03-27T19:05:11Z,PENDING_RESUBMIT,0.00
ORD-00000268,CX-005,CNTECH,SELL,9486,97.68,2026-03-27T19:05:16Z,2026-03-28T03:05:16+08:00,UTC,2026-03-27T19:05:16Z,FAILED,871.88
ORD-00000269,CX-002,AUHLD,SELL,5923,67.44,2026-03-27T19:06:21Z,2026-03-28T03:06:21+08:00,UTC,2026-03-27T19:06:21Z,PENDING_RESUBMIT,0.00
ORD-00000270,CX-005,SGEX,BUY,9822,216.37,2026-03-27T19:06:51Z,2026-03-28T03:06:51+08:00,UTC,2026-03-27T19:06:51Z,PENDING_RESUBMIT,0.00
ORD-00000271,CX-002,TWSMC,BUY,953,86.55,2026-03-27T19:07:13Z,2026-03-28T03:07:13+08:00,UTC,2026-03-27T19:07:13Z,PENDING_RESUBMIT,0.00
ORD-00000272,CX-005,AUHLD,SELL,9152,181.47,2026-03-27T19:07:15Z,2026-03-28T03:07:15+08:00,UTC,2026-03-27T19:07:15Z,FAILED,801.59
ORD-00000273,CX-001,TWSMC,BUY,3864,56.80,2026-03-27T19:07:18Z,2026-03-28T03:07:18+08:00,UTC,2026-03-27T19:07:18Z,PENDING_RESUBMIT,0.00
ORD-00000274,CX-004,AUHLD,BUY,5315,191.95,2026-03-27T19:07:48Z,2026-03-28T03:07:48+08:00,UTC,2026-03-27T19:07:48Z,PENDING_RESUBMIT,0.00
ORD-00000275,CX-001,SGEX,SELL,9467,139.67,2026-03-27T19:07:54Z,2026-03-28T03:07:54+08:00,UTC,2026-03-27T19:07:54Z,PENDING_RESUBMIT,0.00
ORD-00000276,CX-001,HKFIN,BUY,1172,56.64,2026-03-27T19:07:57Z,2026-03-28T03:07:57+08:00,UTC,2026-03-27T19:07:57Z,FAILED,743.89
ORD-00000277,CX-005,SGEX,BUY,7088,196.18,2026-03-27T19:07:59Z,2026-03-28T03:07:59+08:00,UTC,2026-03-27T19:07:59Z,FAILED,841.24
ORD-00000278,CX-001,TWSMC,BUY,4048,52.02,2026-03-27T19:08:21Z,2026-03-28T03:08:21+08:00,UTC,2026-03-27T19:08:21Z,PENDING_RESUBMIT,0.00
ORD-00000279,CX-003,HKFIN,BUY,4806,107.80,2026-03-27T19:08:35Z,2026-03-27T15:08:35-04:00,UTC,2026-03-27T19:08:35Z,PENDING_RESUBMIT,0.00
ORD-00000280,CX-004,JPNBK,BUY,7607,225.30,2026-03-27T19:09:14Z,2026-03-28T03:09:14+08:00,UTC,2026-03-27T19:09:14Z,PENDING_RESUBMIT,0.00
ORD-00000281,CX-002,HKFIN,SELL,3376,97.01,2026-03-27T19:10:15Z,2026-03-28T03:10:15+08:00,UTC,2026-03-27T19:10:15Z,PENDING_RESUBMIT,0.00
ORD-00000282,CX-003,JPNBK,SELL,9881,81.13,2026-03-27T19:10:20Z,2026-03-27T15:10:20-04:00,UTC,2026-03-27T19:10:20Z,PENDING_RESUBMIT,0.00
ORD-00000283,CX-004,AUHLD,SELL,6952,105.52,2026-03-27T19:10:32Z,2026-03-28T03:10:32+08:00,UTC,2026-03-27T19:10:32Z,PENDING_RESUBMIT,0.00
ORD-00000284,CX-003,SGEX,SELL,5039,182.71,2026-03-27T19:10:53Z,2026-03-27T15:10:53-04:00,UTC,2026-03-27T19:10:53Z,FAILED,801.02
ORD-00000285,CX-002,JPNBK,BUY,6863,223.79,2026-03-27T19:11:00Z,2026-03-28T03:11:00+08:00,UTC,2026-03-27T19:11:00Z,FAILED,673.08
ORD-00000286,CX-004,JPNBK,BUY,4547,140.55,2026-03-27T19:11:06Z,2026-03-28T03:11:06+08:00,UTC,2026-03-27T19:11:06Z,FAILED,896.43
ORD-00000287,CX-005,HKFIN,SELL,9160,160.18,2026-03-27T19:11:20Z,2026-03-28T03:11:20+08:00,UTC,2026-03-27T19:11:20Z,PENDING_RESUBMIT,0.00
ORD-00000288,CX-003,SGEX,BUY,5310,236.90,2026-03-27T19:11:21Z,2026-03-27T15:11:21-04:00,UTC,2026-03-27T19:11:21Z,FAILED,905.41
ORD-00000289,CX-002,CNTECH,BUY,8764,58.16,2026-03-27T19:11:23Z,2026-03-28T03:11:23+08:00,UTC,2026-03-27T19:11:23Z,PENDING_RESUBMIT,0.00
ORD-00000290,CX-005,SGEX,BUY,9531,73.03,2026-03-27T19:12:28Z,2026-03-28T03:12:28+08:00,UTC,2026-03-27T19:12:28Z,FAILED,690.92
ORD-00000291,CX-005,CNTECH,BUY,6793,179.54,2026-03-27T19:12:46Z,2026-03-28T03:12:46+08:00,UTC,2026-03-27T19:12:46Z,PENDING_RESUBMIT,0.00
ORD-00000292,CX-005,AUHLD,BUY,5210,230.12,2026-03-27T19:12:51Z,2026-03-28T03:12:51+08:00,UTC,2026-03-27T19:12:51Z,PENDING_RESUBMIT,0.00
ORD-00000293,CX-001,TWSMC,BUY,7414,151.46,2026-03-27T19:13:21Z,2026-03-28T03:13:21+08:00,UTC,2026-03-27T19:13:21Z,FAILED,873.05
ORD-00000294,CX-001,CNTECH,SELL,8875,220.63,2026-03-27T19:13:27Z,2026-03-28T03:13:27+08:00,UTC,2026-03-27T19:13:27Z,PENDING_RESUBMIT,0.00
ORD-00000295,CX-001,TWSMC,BUY,5617,219.72,2026-03-27T19:13:37Z,2026-03-28T03:13:37+08:00,UTC,2026-03-27T19:13:37Z,FAILED,904.04
ORD-00000296,CX-004,KRSEC,BUY,6752,81.67,2026-03-27T19:13:47Z,2026-03-28T03:13:47+08:00,UTC,2026-03-27T19:13:47Z,PENDING_RESUBMIT,0.00
ORD-00000297,CX-003,AUHLD,SELL,3336,25.76,2026-03-27T19:13:50Z,2026-03-27T15:13:50-04:00,UTC,2026-03-27T19:13:50Z,PENDING_RESUBMIT,0.00
ORD-00000298,CX-001,SGEX,SELL,4943,80.09,2026-03-27T19:15:12Z,2026-03-28T03:15:12+08:00,UTC,2026-03-27T19:15:12Z,PENDING_RESUBMIT,0.00
ORD-00000299,CX-002,KRSEC,SELL,6910,212.91,2026-03-27T19:15:17Z,2026-03-28T03:15:17+08:00,UTC,2026-03-27T19:15:17Z,PENDING_RESUBMIT,0.00
ORD-00000300,CX-003,SGEX,BUY,883,207.24,2026-03-27T19:15:22Z,2026-03-27T15:15:22-04:00,UTC,2026-03-27T19:15:22Z,PENDING_RESUBMIT,0.00
ORD-00000301,CX-003,TWSMC,SELL,1780,130.33,2026-03-27T19:15:27Z,2026-03-27T15:15:27-04:00,UTC,2026-03-27T19:15:27Z,PENDING_RESUBMIT,0.00
ORD-00000302,CX-001,SGEX,BUY,7852,139.37,2026-03-27T19:15:39Z,2026-03-28T03:15:39+08:00,UTC,2026-03-27T19:15:39Z,FAILED,692.84
ORD-00000303,CX-002,SGEX,BUY,1253,144.98,2026-03-27T19:15:58Z,2026-03-28T03:15:58+08:00,UTC,2026-03-27T19:15:58Z,PENDING_RESUBMIT,0.00
ORD-00000304,CX-004,HKFIN,SELL,9599,189.63,2026-03-27T19:16:20Z,2026-03-28T03:16:20+08:00,UTC,2026-03-27T19:16:20Z,PENDING_RESUBMIT,0.00
ORD-00000305,CX-004,CNTECH,SELL,9440,242.83,2026-03-27T19:16:20Z,2026-03-28T03:16:20+08:00,UTC,2026-03-27T19:16:20Z,PENDING_RESUBMIT,0.00
ORD-00000306,CX-003,JPNBK,SELL,6147,233.56,2026-03-27T19:16:39Z,2026-03-27T15:16:39-04:00,UTC,2026-03-27T19:16:39Z,PENDING_RESUBMIT,0.00
ORD-00000307,CX-003,SGEX,SELL,9982,195.81,2026-03-27T19:17:10Z,2026-03-27T15:17:10-04:00,UTC,2026-03-27T19:17:10Z,FAILED,685.26
ORD-00000308,CX-001,TWSMC,BUY,4731,32.93,2026-03-27T19:17:44Z,2026-03-28T03:17:44+08:00,UTC,2026-03-27T19:17:44Z,PENDING_RESUBMIT,0.00
ORD-00000309,CX-004,CNTECH,SELL,4619,226.66,2026-03-27T19:18:02Z,2026-03-28T03:18:02+08:00,UTC,2026-03-27T19:18:02Z,PENDING_RESUBMIT,0.00
ORD-00000310,CX-004,HKFIN,BUY,4206,50.23,2026-03-27T19:18:05Z,2026-03-28T03:18:05+08:00,UTC,2026-03-27T19:18:05Z,FAILED,742.03
ORD-00000311,CX-002,HKFIN,BUY,3465,228.19,2026-03-27T19:18:17Z,2026-03-28T03:18:17+08:00,UTC,2026-03-27T19:18:17Z,PENDING_RESUBMIT,0.00
ORD-00000312,CX-002,CNTECH,SELL,2619,12.07,2026-03-27T19:19:00Z,2026-03-28T03:19:00+08:00,UTC,2026-03-27T19:19:00Z,PENDING_RESUBMIT,0.00
ORD-00000313,CX-001,AUHLD,BUY,3372,195.60,2026-03-27T19:19:13Z,2026-03-28T03:19:13+08:00,UTC,2026-03-27T19:19:13Z,PENDING_RESUBMIT,0.00
ORD-00000314,CX-001,TWSMC,BUY,8343,77.09,2026-03-27T19:19:26Z,2026-03-28T03:19:26+08:00,UTC,2026-03-27T19:19:26Z,PENDING_RESUBMIT,0.00
ORD-00000315,CX-003,SGEX,BUY,9883,7.69,2026-03-27T19:19:26Z,2026-03-27T15:19:26-04:00,UTC,2026-03-27T19:19:26Z,PENDING_RESUBMIT,0.00
ORD-00000316,CX-001,SGEX,BUY,5150,113.96,2026-03-27T19:19:31Z,2026-03-28T03:19:31+08:00,UTC,2026-03-27T19:19:31Z,FAILED,706.55
ORD-00000317,CX-001,SGEX,BUY,8171,155.39,2026-03-27T19:19:40Z,2026-03-28T03:19:40+08:00,UTC,2026-03-27T19:19:40Z,PENDING_RESUBMIT,0.00
ORD-00000318,CX-005,JPNBK,BUY,9780,235.22,2026-03-27T19:19:54Z,2026-03-28T03:19:54+08:00,UTC,2026-03-27T19:19:54Z,FAILED,855.16
ORD-00000319,CX-003,KRSEC,BUY,4041,9.06,2026-03-27T19:20:12Z,2026-03-27T15:20:12-04:00,UTC,2026-03-27T19:20:12Z,FAILED,825.88
ORD-00000320,CX-002,HKFIN,SELL,6319,108.90,2026-03-27T19:20:22Z,2026-03-28T03:20:22+08:00,UTC,2026-03-27T19:20:22Z,PENDING_RESUBMIT,0.00
ORD-00000321,CX-003,CNTECH,BUY,2166,43.11,2026-03-27T19:20:58Z,2026-03-27T15:20:58-04:00,UTC,2026-03-27T19:20:58Z,FAILED,770.76
ORD-00000322,CX-005,AUHLD,BUY,2822,70.20,2026-03-27T19:21:35Z,2026-03-28T03:21:35+08:00,UTC,2026-03-27T19:21:35Z,PENDING_RESUBMIT,0.00
ORD-00000323,CX-004,CNTECH,BUY,591,126.90,2026-03-27T19:22:38Z,2026-03-28T03:22:38+08:00,UTC,2026-03-27T19:22:38Z,FAILED,743.55
ORD-00000324,CX-003,KRSEC,SELL,1180,85.69,2026-03-27T19:23:17Z,2026-03-27T15:23:17-04:00,UTC,2026-03-27T19:23:17Z,PENDING_RESUBMIT,0.00
ORD-00000325,CX-003,HKFIN,BUY,4717,92.54,2026-03-27T19:23:26Z,2026-03-27T15:23:26-04:00,UTC,2026-03-27T19:23:26Z,FAILED,839.22
ORD-00000326,CX-003,HKFIN,BUY,970,224.29,2026-03-27T19:24:28Z,2026-03-27T15:24:28-04:00,UTC,2026-03-27T19:24:28Z,PENDING_RESUBMIT,0.00
ORD-00000327,CX-004,HKFIN,SELL,8392,176.56,2026-03-27T19:24:54Z,2026-03-28T03:24:54+08:00,UTC,2026-03-27T19:24:54Z,PENDING_RESUBMIT,0.00
ORD-00000328,CX-002,TWSMC,BUY,9795,186.05,2026-03-27T19:24:59Z,2026-03-28T03:24:59+08:00,UTC,2026-03-27T19:24:59Z,PENDING_RESUBMIT,0.00
ORD-00000329,CX-004,KRSEC,BUY,6104,106.16,2026-03-27T19:25:14Z,2026-03-28T03:25:14+08:00,UTC,2026-03-27T19:25:14Z,FAILED,700.21
ORD-00000330,CX-004,AUHLD,BUY,218,98.11,2026-03-27T19:25:28Z,2026-03-28T03:25:28+08:00,UTC,2026-03-27T19:25:28Z,PENDING_RESUBMIT,0.00
ORD-00000331,CX-004,AUHLD,SELL,6900,214.75,2026-03-27T19:25:55Z,2026-03-28T03:25:55+08:00,UTC,2026-03-27T19:25:55Z,PENDING_RESUBMIT,0.00
ORD-00000332,CX-005,TWSMC,BUY,3543,180.72,2026-03-27T19:26:09Z,2026-03-28T03:26:09+08:00,UTC,2026-03-27T19:26:09Z,PENDING_RESUBMIT,0.00
ORD-00000333,CX-002,CNTECH,BUY,7872,126.89,2026-03-27T19:26:13Z,2026-03-28T03:26:13+08:00,UTC,2026-03-27T19:26:13Z,PENDING_RESUBMIT,0.00
ORD-00000334,CX-001,SGEX,BUY,8276,131.85,2026-03-27T19:27:03Z,2026-03-28T03:27:03+08:00,UTC,2026-03-27T19:27:03Z,PENDING_RESUBMIT,0.00
ORD-00000335,CX-002,TWSMC,BUY,2077,142.69,2026-03-27T19:27:38Z,2026-03-28T03:27:38+08:00,UTC,2026-03-27T19:27:38Z,PENDING_RESUBMIT,0.00
ORD-00000336,CX-001,SGEX,BUY,135,88.63,2026-03-27T19:27:41Z,2026-03-28T03:27:41+08:00,UTC,2026-03-27T19:27:41Z,PENDING_RESUBMIT,0.00
ORD-00000337,CX-002,SGEX,BUY,4775,40.29,2026-03-27T19:28:22Z,2026-03-28T03:28:22+08:00,UTC,2026-03-27T19:28:22Z,PENDING_RESUBMIT,0.00
ORD-00000338,CX-003,HKFIN,BUY,5466,38.95,2026-03-27T19:28:31Z,2026-03-27T15:28:31-04:00,UTC,2026-03-27T19:28:31Z,FAILED,740.11
ORD-00000339,CX-005,CNTECH,BUY,9004,171.98,2026-03-27T19:28:44Z,2026-03-28T03:28:44+08:00,UTC,2026-03-27T19:28:44Z,PENDING_RESUBMIT,0.00
ORD-00000340,CX-003,CNTECH,SELL,4152,168.25,2026-03-27T19:28:46Z,2026-03-27T15:28:46-04:00,UTC,2026-03-27T19:28:46Z,FAILED,908.47
ORD-00000341,CX-001,HKFIN,BUY,821,215.38,2026-03-27T19:29:07Z,2026-03-28T03:29:07+08:00,UTC,2026-03-27T19:29:07Z,FAILED,786.11
ORD-00000342,CX-005,CNTECH,BUY,981,61.29,2026-03-27T19:29:08Z,2026-03-28T03:29:08+08:00,UTC,2026-03-27T19:29:08Z,PENDING_RESUBMIT,0.00
ORD-00000343,CX-003,KRSEC,BUY,7391,184.54,2026-03-27T19:29:12Z,2026-03-27T15:29:12-04:00,UTC,2026-03-27T19:29:12Z,PENDING_RESUBMIT,0.00
ORD-00000344,CX-001,JPNBK,SELL,7815,124.83,2026-03-27T19:29:18Z,2026-03-28T03:29:18+08:00,UTC,2026-03-27T19:29:18Z,FAILED,794.82
ORD-00000345,CX-003,AUHLD,BUY,4087,56.85,2026-03-27T19:29:30Z,2026-03-27T15:29:30-04:00,UTC,2026-03-27T19:29:30Z,PENDING_RESUBMIT,0.00
ORD-00000346,CX-002,SGEX,BUY,7702,102.69,2026-03-27T19:29:50Z,2026-03-28T03:29:50+08:00,UTC,2026-03-27T19:29:50Z,PENDING_RESUBMIT,0.00
ORD-00000347,CX-004,AUHLD,BUY,7899,53.36,2026-03-27T19:30:17Z,2026-03-28T03:30:17+08:00,UTC,2026-03-27T19:30:17Z,FAILED,688.87
ORD-00000348,CX-001,CNTECH,SELL,8913,204.22,2026-03-27T19:30:57Z,2026-03-28T03:30:57+08:00,UTC,2026-03-27T19:30:57Z,PENDING_RESUBMIT,0.00
ORD-00000349,CX-003,HKFIN,BUY,187,140.91,2026-03-27T19:31:18Z,2026-03-27T15:31:18-04:00,UTC,2026-03-27T19:31:18Z,PENDING_RESUBMIT,0.00
ORD-00000350,CX-001,SGEX,SELL,2235,225.99,2026-03-27T19:31:30Z,2026-03-28T03:31:30+08:00,UTC,2026-03-27T19:31:30Z,PENDING_RESUBMIT,0.00
ORD-00000351,CX-002,TWSMC,SELL,1907,34.61,2026-03-27T19:32:52Z,2026-03-28T03:32:52+08:00,UTC,2026-03-27T19:32:52Z,PENDING_RESUBMIT,0.00
ORD-00000352,CX-005,AUHLD,SELL,1100,103.65,2026-03-27T19:33:07Z,2026-03-28T03:33:07+08:00,UTC,2026-03-27T19:33:07Z,PENDING_RESUBMIT,0.00
ORD-00000353,CX-002,AUHLD,SELL,5253,213.95,2026-03-27T19:33:16Z,2026-03-28T03:33:16+08:00,UTC,2026-03-27T19:33:16Z,PENDING_RESUBMIT,0.00
ORD-00000354,CX-001,AUHLD,BUY,7120,73.38,2026-03-27T19:33:30Z,2026-03-28T03:33:30+08:00,UTC,2026-03-27T19:33:30Z,PENDING_RESUBMIT,0.00
ORD-00000355,CX-003,SGEX,BUY,2099,124.86,2026-03-27T19:34:13Z,2026-03-27T15:34:13-04:00,UTC,2026-03-27T19:34:13Z,PENDING_RESUBMIT,0.00
ORD-00000356,CX-005,JPNBK,BUY,4404,116.95,2026-03-27T19:34:18Z,2026-03-28T03:34:18+08:00,UTC,2026-03-27T19:34:18Z,PENDING_RESUBMIT,0.00
ORD-00000357,CX-004,AUHLD,SELL,5291,106.71,2026-03-27T19:34:36Z,2026-03-28T03:34:36+08:00,UTC,2026-03-27T19:34:36Z,PENDING_RESUBMIT,0.00
ORD-00000358,CX-005,HKFIN,BUY,1268,21.42,2026-03-27T19:35:23Z,2026-03-28T03:35:23+08:00,UTC,2026-03-27T19:35:23Z,PENDING_RESUBMIT,0.00
ORD-00000359,CX-001,JPNBK,BUY,9551,146.09,2026-03-27T19:35:34Z,2026-03-28T03:35:34+08:00,UTC,2026-03-27T19:35:34Z,PENDING_RESUBMIT,0.00
ORD-00000360,CX-001,HKFIN,BUY,3978,198.64,2026-03-27T19:35:42Z,2026-03-28T03:35:42+08:00,UTC,2026-03-27T19:35:42Z,PENDING_RESUBMIT,0.00
ORD-00000361,CX-003,KRSEC,BUY,3459,131.48,2026-03-27T19:35:47Z,2026-03-27T15:35:47-04:00,UTC,2026-03-27T19:35:47Z,FAILED,785.95
ORD-00000362,CX-005,CNTECH,BUY,4024,21.17,2026-03-27T19:35:47Z,2026-03-28T03:35:47+08:00,UTC,2026-03-27T19:35:47Z,PENDING_RESUBMIT,0.00
ORD-00000363,CX-001,JPNBK,SELL,4161,39.52,2026-03-27T19:36:58Z,2026-03-28T03:36:58+08:00,UTC,2026-03-27T19:36:58Z,FAILED,746.53
ORD-00000364,CX-005,KRSEC,SELL,3536,224.42,2026-03-27T19:37:04Z,2026-03-28T03:37:04+08:00,UTC,2026-03-27T19:37:04Z,FAILED,695.65
ORD-00000365,CX-005,HKFIN,SELL,2545,200.44,2026-03-27T19:37:26Z,2026-03-28T03:37:26+08:00,UTC,2026-03-27T19:37:26Z,PENDING_RESUBMIT,0.00
ORD-00000366,CX-001,JPNBK,BUY,6247,219.75,2026-03-27T19:37:40Z,2026-03-28T03:37:40+08:00,UTC,2026-03-27T19:37:40Z,PENDING_RESUBMIT,0.00
ORD-00000367,CX-003,CNTECH,SELL,6665,37.14,2026-03-27T19:38:12Z,2026-03-27T15:38:12-04:00,UTC,2026-03-27T19:38:12Z,PENDING_RESUBMIT,0.00
ORD-00000368,CX-001,KRSEC,BUY,4222,235.41,2026-03-27T19:39:43Z,2026-03-28T03:39:43+08:00,UTC,2026-03-27T19:39:43Z,PENDING_RESUBMIT,0.00
ORD-00000369,CX-001,KRSEC,SELL,234,62.04,2026-03-27T19:39:43Z,2026-03-28T03:39:43+08:00,UTC,2026-03-27T19:39:43Z,PENDING_RESUBMIT,0.00
ORD-00000370,CX-003,SGEX,SELL,1140,179.87,2026-03-27T19:39:56Z,2026-03-27T15:39:56-04:00,UTC,2026-03-27T19:39:56Z,FAILED,752.93
ORD-00000371,CX-005,HKFIN,BUY,4728,193.74,2026-03-27T19:40:53Z,2026-03-28T03:40:53+08:00,UTC,2026-03-27T19:40:53Z,PENDING_RESUBMIT,0.00
ORD-00000372,CX-001,SGEX,SELL,1383,247.13,2026-03-27T19:40:58Z,2026-03-28T03:40:58+08:00,UTC,2026-03-27T19:40:58Z,PENDING_RESUBMIT,0.00
ORD-00000373,CX-004,CNTECH,SELL,5130,115.88,2026-03-27T19:41:06Z,2026-03-28T03:41:06+08:00,UTC,2026-03-27T19:41:06Z,PENDING_RESUBMIT,0.00
ORD-00000374,CX-002,TWSMC,BUY,4652,66.75,2026-03-27T19:41:40Z,2026-03-28T03:41:40+08:00,UTC,2026-03-27T19:41:40Z,PENDING_RESUBMIT,0.00
ORD-00000375,CX-001,KRSEC,BUY,4190,40.83,2026-03-27T19:41:44Z,2026-03-28T03:41:44+08:00,UTC,2026-03-27T19:41:44Z,PENDING_RESUBMIT,0.00
ORD-00000376,CX-003,HKFIN,BUY,2506,218.45,2026-03-27T19:42:06Z,2026-03-27T15:42:06-04:00,UTC,2026-03-27T19:42:06Z,PENDING_RESUBMIT,0.00
ORD-00000377,CX-003,TWSMC,SELL,977,190.06,2026-03-27T19:42:10Z,2026-03-27T15:42:10-04:00,UTC,2026-03-27T19:42:10Z,FAILED,727.59
ORD-00000378,CX-005,AUHLD,SELL,2676,64.13,2026-03-27T19:42:13Z,2026-03-28T03:42:13+08:00,UTC,2026-03-27T19:42:13Z,PENDING_RESUBMIT,0.00
ORD-00000379,CX-003,HKFIN,SELL,5877,83.23,2026-03-27T19:42:27Z,2026-03-27T15:42:27-04:00,UTC,2026-03-27T19:42:27Z,PENDING_RESUBMIT,0.00
ORD-00000380,CX-002,CNTECH,SELL,1122,95.46,2026-03-27T19:42:28Z,2026-03-28T03:42:28+08:00,UTC,2026-03-27T19:42:28Z,PENDING_RESUBMIT,0.00
ORD-00000381,CX-002,KRSEC,SELL,4173,133.16,2026-03-27T19:42:43Z,2026-03-28T03:42:43+08:00,UTC,2026-03-27T19:42:43Z,PENDING_RESUBMIT,0.00
ORD-00000382,CX-001,KRSEC,SELL,9259,191.91,2026-03-27T19:42:53Z,2026-03-28T03:42:53+08:00,UTC,2026-03-27T19:42:53Z,PENDING_RESUBMIT,0.00
ORD-00000383,CX-004,TWSMC,SELL,7549,7.84,2026-03-27T19:43:46Z,2026-03-28T03:43:46+08:00,UTC,2026-03-27T19:43:46Z,FAILED,881.12
ORD-00000384,CX-002,KRSEC,BUY,3583,116.58,2026-03-27T19:44:28Z,2026-03-28T03:44:28+08:00,UTC,2026-03-27T19:44:28Z,PENDING_RESUBMIT,0.00
ORD-00000385,CX-003,JPNBK,BUY,1804,13.72,2026-03-27T19:44:33Z,2026-03-27T15:44:33-04:00,UTC,2026-03-27T19:44:33Z,PENDING_RESUBMIT,0.00
ORD-00000386,CX-003,KRSEC,BUY,5528,104.79,2026-03-27T19:44:37Z,2026-03-27T15:44:37-04:00,UTC,2026-03-27T19:44:37Z,PENDING_RESUBMIT,0.00
ORD-00000387,CX-004,CNTECH,BUY,3795,166.51,2026-03-27T19:44:56Z,2026-03-28T03:44:56+08:00,UTC,2026-03-27T19:44:56Z,PENDING_RESUBMIT,0.00
ORD-00000388,CX-002,SGEX,SELL,1930,24.05,2026-03-27T19:45:22Z,2026-03-28T03:45:22+08:00,UTC,2026-03-27T19:45:22Z,PENDING_RESUBMIT,0.00
ORD-00000389,CX-003,KRSEC,BUY,772,148.71,2026-03-27T19:45:40Z,2026-03-27T15:45:40-04:00,UTC,2026-03-27T19:45:40Z,FAILED,854.28
ORD-00000390,CX-003,AUHLD,SELL,3156,63.73,2026-03-27T19:45:44Z,2026-03-27T15:45:44-04:00,UTC,2026-03-27T19:45:44Z,PENDING_RESUBMIT,0.00
ORD-00000391,CX-001,TWSMC,SELL,5731,224.07,2026-03-27T19:45:47Z,2026-03-28T03:45:47+08:00,UTC,2026-03-27T19:45:47Z,PENDING_RESUBMIT,0.00
ORD-00000392,CX-001,HKFIN,BUY,9761,128.64,2026-03-27T19:46:27Z,2026-03-28T03:46:27+08:00,UTC,2026-03-27T19:46:27Z,PENDING_RESUBMIT,0.00
ORD-00000393,CX-002,CNTECH,SELL,2913,198.37,2026-03-27T19:47:16Z,2026-03-28T03:47:16+08:00,UTC,2026-03-27T19:47:16Z,FAILED,634.20
ORD-00000394,CX-001,SGEX,BUY,3415,133.06,2026-03-27T19:47:33Z,2026-03-28T03:47:33+08:00,UTC,2026-03-27T19:47:33Z,FAILED,805.50
ORD-00000395,CX-004,TWSMC,SELL,1097,55.89,2026-03-27T19:47:55Z,2026-03-28T03:47:55+08:00,UTC,2026-03-27T19:47:55Z,FAILED,732.26
ORD-00000396,CX-005,JPNBK,SELL,2905,54.64,2026-03-27T19:48:03Z,2026-03-28T03:48:03+08:00,UTC,2026-03-27T19:48:03Z,PENDING_RESUBMIT,0.00
ORD-00000397,CX-001,TWSMC,BUY,8610,171.60,2026-03-27T19:48:05Z,2026-03-28T03:48:05+08:00,UTC,2026-03-27T19:48:05Z,FAILED,876.62
ORD-00000398,CX-002,JPNBK,SELL,4016,163.67,2026-03-27T19:48:06Z,2026-03-28T03:48:06+08:00,UTC,2026-03-27T19:48:06Z,PENDING_RESUBMIT,0.00
ORD-00000399,CX-005,HKFIN,SELL,9427,52.45,2026-03-27T19:48:21Z,2026-03-28T03:48:21+08:00,UTC,2026-03-27T19:48:21Z,PENDING_RESUBMIT,0.00
ORD-00000400,CX-002,CNTECH,SELL,6613,173.28,2026-03-27T19:48:38Z,2026-03-28T03:48:38+08:00,UTC,2026-03-27T19:48:38Z,PENDING_RESUBMIT,0.00
ORD-00000401,CX-005,KRSEC,SELL,283,96.11,2026-03-27T19:48:39Z,2026-03-28T03:48:39+08:00,UTC,2026-03-27T19:48:39Z,PENDING_RESUBMIT,0.00
ORD-00000402,CX-005,SGEX,BUY,8061,99.22,2026-03-27T19:48:57Z,2026-03-28T03:48:57+08:00,UTC,2026-03-27T19:48:57Z,PENDING_RESUBMIT,0.00
ORD-00000403,CX-002,JPNBK,BUY,9816,207.56,2026-03-27T19:48:58Z,2026-03-28T03:48:58+08:00,UTC,2026-03-27T19:48:58Z,PENDING_RESUBMIT,0.00
ORD-00000404,CX-004,AUHLD,SELL,4739,205.85,2026-03-27T19:48:59Z,2026-03-28T03:48:59+08:00,UTC,2026-03-27T19:48:59Z,FAILED,699.56
ORD-00000405,CX-003,SGEX,BUY,5823,93.41,2026-03-27T19:49:04Z,2026-03-27T15:49:04-04:00,UTC,2026-03-27T19:49:04Z,FAILED,853.97
ORD-00000406,CX-003,AUHLD,SELL,5526,225.74,2026-03-27T19:49:09Z,2026-03-27T15:49:09-04:00,UTC,2026-03-27T19:49:09Z,PENDING_RESUBMIT,0.00
ORD-00000407,CX-001,JPNBK,BUY,4008,79.82,2026-03-27T19:49:27Z,2026-03-28T03:49:27+08:00,UTC,2026-03-27T19:49:27Z,PENDING_RESUBMIT,0.00
ORD-00000408,CX-005,AUHLD,BUY,5669,14.20,2026-03-27T19:49:47Z,2026-03-28T03:49:47+08:00,UTC,2026-03-27T19:49:47Z,FAILED,731.97
ORD-00000409,CX-002,JPNBK,SELL,8086,192.18,2026-03-27T19:50:02Z,2026-03-28T03:50:02+08:00,UTC,2026-03-27T19:50:02Z,PENDING_RESUBMIT,0.00
ORD-00000410,CX-002,SGEX,BUY,1933,204.91,2026-03-27T19:50:43Z,2026-03-28T03:50:43+08:00,UTC,2026-03-27T19:50:43Z,PENDING_RESUBMIT,0.00
ORD-00000411,CX-005,HKFIN,BUY,3679,95.86,2026-03-27T19:51:23Z,2026-03-28T03:51:23+08:00,UTC,2026-03-27T19:51:23Z,PENDING_RESUBMIT,0.00
ORD-00000412,CX-001,CNTECH,BUY,7506,47.30,2026-03-27T19:51:24Z,2026-03-28T03:51:24+08:00,UTC,2026-03-27T19:51:24Z,FAILED,781.65
ORD-00000413,CX-002,SGEX,BUY,6913,215.74,2026-03-27T19:51:27Z,2026-03-28T03:51:27+08:00,UTC,2026-03-27T19:51:27Z,PENDING_RESUBMIT,0.00
ORD-00000414,CX-005,SGEX,SELL,7649,134.58,2026-03-27T19:51:35Z,2026-03-28T03:51:35+08:00,UTC,2026-03-27T19:51:35Z,PENDING_RESUBMIT,0.00
ORD-00000415,CX-002,SGEX,SELL,3378,158.93,2026-03-27T19:51:47Z,2026-03-28T03:51:47+08:00,UTC,2026-03-27T19:51:47Z,PENDING_RESUBMIT,0.00
ORD-00000416,CX-001,HKFIN,SELL,8082,164.05,2026-03-27T19:52:11Z,2026-03-28T03:52:11+08:00,UTC,2026-03-27T19:52:11Z,PENDING_RESUBMIT,0.00
ORD-00000417,CX-005,SGEX,BUY,9738,5.98,2026-03-27T19:52:40Z,2026-03-28T03:52:40+08:00,UTC,2026-03-27T19:52:40Z,PENDING_RESUBMIT,0.00
ORD-00000418,CX-005,JPNBK,BUY,7970,201.30,2026-03-27T19:52:51Z,2026-03-28T03:52:51+08:00,UTC,2026-03-27T19:52:51Z,FAILED,716.14
ORD-00000419,CX-003,CNTECH,BUY,5096,186.77,2026-03-27T19:52:56Z,2026-03-27T15:52:56-04:00,UTC,2026-03-27T19:52:56Z,PENDING_RESUBMIT,0.00
ORD-00000420,CX-001,KRSEC,BUY,2784,126.62,2026-03-27T19:53:01Z,2026-03-28T03:53:01+08:00,UTC,2026-03-27T19:53:01Z,PENDING_RESUBMIT,0.00
ORD-00000421,CX-001,AUHLD,BUY,8714,66.04,2026-03-27T19:53:02Z,2026-03-28T03:53:02+08:00,UTC,2026-03-27T19:53:02Z,FAILED,850.29
ORD-00000422,CX-001,SGEX,BUY,6766,164.96,2026-03-27T19:53:18Z,2026-03-28T03:53:18+08:00,UTC,2026-03-27T19:53:18Z,PENDING_RESUBMIT,0.00
ORD-00000423,CX-001,HKFIN,BUY,4946,211.88,2026-03-27T19:53:24Z,2026-03-28T03:53:24+08:00,UTC,2026-03-27T19:53:24Z,FAILED,710.74
ORD-00000424,CX-005,JPNBK,SELL,7744,115.44,2026-03-27T19:53:29Z,2026-03-28T03:53:29+08:00,UTC,2026-03-27T19:53:29Z,PENDING_RESUBMIT,0.00
ORD-00000425,CX-003,JPNBK,SELL,8324,168.00,2026-03-27T19:53:34Z,2026-03-27T15:53:34-04:00,UTC,2026-03-27T19:53:34Z,FAILED,733.00
ORD-00000426,CX-003,TWSMC,SELL,2064,35.94,2026-03-27T19:53:37Z,2026-03-27T15:53:37-04:00,UTC,2026-03-27T19:53:37Z,FAILED,818.54
ORD-00000427,CX-002,CNTECH,SELL,3130,198.52,2026-03-27T19:54:33Z,2026-03-28T03:54:33+08:00,UTC,2026-03-27T19:54:33Z,PENDING_RESUBMIT,0.00
ORD-00000428,CX-003,SGEX,SELL,7238,60.45,2026-03-27T19:54:41Z,2026-03-27T15:54:41-04:00,UTC,2026-03-27T19:54:41Z,PENDING_RESUBMIT,0.00
ORD-00000429,CX-001,AUHLD,BUY,3868,23.89,2026-03-27T19:54:56Z,2026-03-28T03:54:56+08:00,UTC,2026-03-27T19:54:56Z,PENDING_RESUBMIT,0.00
ORD-00000430,CX-001,KRSEC,SELL,4065,66.91,2026-03-27T19:55:10Z,2026-03-28T03:55:10+08:00,UTC,2026-03-27T19:55:10Z,PENDING_RESUBMIT,0.00
ORD-00000431,CX-005,HKFIN,BUY,7277,126.56,2026-03-27T19:55:11Z,2026-03-28T03:55:11+08:00,UTC,2026-03-27T19:55:11Z,FAILED,863.27
ORD-00000432,CX-001,CNTECH,BUY,3490,202.33,2026-03-27T19:55:13Z,2026-03-28T03:55:13+08:00,UTC,2026-03-27T19:55:13Z,FAILED,716.98
ORD-00000433,CX-002,KRSEC,BUY,5147,11.07,2026-03-27T19:55:26Z,2026-03-28T03:55:26+08:00,UTC,2026-03-27T19:55:26Z,PENDING_RESUBMIT,0.00
ORD-00000434,CX-004,AUHLD,SELL,419,205.54,2026-03-27T19:55:59Z,2026-03-28T03:55:59+08:00,UTC,2026-03-27T19:55:59Z,FAILED,869.37
ORD-00000435,CX-002,SGEX,BUY,515,181.34,2026-03-27T19:56:00Z,2026-03-28T03:56:00+08:00,UTC,2026-03-27T19:56:00Z,PENDING_RESUBMIT,0.00
ORD-00000436,CX-001,CNTECH,BUY,9759,183.85,2026-03-27T19:56:04Z,2026-03-28T03:56:04+08:00,UTC,2026-03-27T19:56:04Z,PENDING_RESUBMIT,0.00
ORD-00000437,CX-001,TWSMC,BUY,4412,184.72,2026-03-27T19:56:04Z,2026-03-28T03:56:04+08:00,UTC,2026-03-27T19:56:04Z,FAILED,806.78
ORD-00000438,CX-004,KRSEC,SELL,738,19.99,2026-03-27T19:56:18Z,2026-03-28T03:56:18+08:00,UTC,2026-03-27T19:56:18Z,PENDING_RESUBMIT,0.00
ORD-00000439,CX-003,SGEX,SELL,6785,144.23,2026-03-27T19:56:40Z,2026-03-27T15:56:40-04:00,UTC,2026-03-27T19:56:40Z,PENDING_RESUBMIT,0.00
ORD-00000440,CX-005,CNTECH,SELL,4917,130.02,2026-03-27T19:56:59Z,2026-03-28T03:56:59+08:00,UTC,2026-03-27T19:56:59Z,FAILED,894.73
ORD-00000441,CX-003,SGEX,BUY,1362,8.06,2026-03-27T19:57:27Z,2026-03-27T15:57:27-04:00,UTC,2026-03-27T19:57:27Z,PENDING_RESUBMIT,0.00
ORD-00000442,CX-005,AUHLD,SELL,8511,46.73,2026-03-27T19:58:00Z,2026-03-28T03:58:00+08:00,UTC,2026-03-27T19:58:00Z,PENDING_RESUBMIT,0.00
ORD-00000443,CX-005,SGEX,BUY,7293,66.97,2026-03-27T19:58:35Z,2026-03-28T03:58:35+08:00,UTC,2026-03-27T19:58:35Z,FAILED,768.39
ORD-00000444,CX-001,KRSEC,SELL,1624,15.76,2026-03-27T19:58:39Z,2026-03-28T03:58:39+08:00,UTC,2026-03-27T19:58:39Z,FAILED,863.17
ORD-00000445,CX-003,KRSEC,BUY,7178,148.38,2026-03-27T19:58:57Z,2026-03-27T15:58:57-04:00,UTC,2026-03-27T19:58:57Z,PENDING_RESUBMIT,0.00
ORD-00000446,CX-001,KRSEC,BUY,6875,78.62,2026-03-27T19:59:37Z,2026-03-28T03:59:37+08:00,UTC,2026-03-27T19:59:37Z,PENDING_RESUBMIT,0.00
ORD-00000447,CX-005,JPNBK,BUY,572,164.65,2026-03-27T20:00:30Z,2026-03-28T04:00:30+08:00,UTC,2026-03-27T20:00:30Z,PENDING_RESUBMIT,0.00
ORD-00000448,CX-002,TWSMC,BUY,8042,179.23,2026-03-27T20:00:48Z,2026-03-28T04:00:48+08:00,UTC,2026-03-27T20:00:48Z,PENDING_RESUBMIT,0.00
ORD-00000449,CX-001,CNTECH,BUY,5627,108.35,2026-03-27T20:01:21Z,2026-03-28T04:01:21+08:00,UTC,2026-03-27T20:01:21Z,PENDING_RESUBMIT,0.00
ORD-00000450,CX-002,JPNBK,SELL,6125,206.23,2026-03-27T20:01:25Z,2026-03-28T04:01:25+08:00,UTC,2026-03-27T20:01:25Z,FAILED,595.76
ORD-00000451,CX-002,KRSEC,BUY,7239,211.31,2026-03-27T20:01:41Z,2026-03-28T04:01:41+08:00,UTC,2026-03-27T20:01:41Z,PENDING_RESUBMIT,0.00
ORD-00000452,CX-005,KRSEC,BUY,4940,96.64,2026-03-27T20:02:06Z,2026-03-28T04:02:06+08:00,UTC,2026-03-27T20:02:06Z,PENDING_RESUBMIT,0.00
ORD-00000453,CX-005,KRSEC,SELL,1081,11.05,2026-03-27T20:02:33Z,2026-03-28T04:02:33+08:00,UTC,2026-03-27T20:02:33Z,FAILED,718.16
ORD-00000454,CX-001,SGEX,SELL,6529,22.49,2026-03-27T20:02:43Z,2026-03-28T04:02:43+08:00,UTC,2026-03-27T20:02:43Z,PENDING_RESUBMIT,0.00
ORD-00000455,CX-002,JPNBK,SELL,2319,92.56,2026-03-27T20:02:46Z,2026-03-28T04:02:46+08:00,UTC,2026-03-27T20:02:46Z,PENDING_RESUBMIT,0.00
ORD-00000456,CX-001,CNTECH,BUY,4935,54.98,2026-03-27T20:03:05Z,2026-03-28T04:03:05+08:00,UTC,2026-03-27T20:03:05Z,FAILED,745.75
ORD-00000457,CX-001,JPNBK,BUY,2942,152.59,2026-03-27T20:03:06Z,2026-03-28T04:03:06+08:00,UTC,2026-03-27T20:03:06Z,PENDING_RESUBMIT,0.00
ORD-00000458,CX-005,CNTECH,BUY,6081,192.31,2026-03-27T20:03:12Z,2026-03-28T04:03:12+08:00,UTC,2026-03-27T20:03:12Z,PENDING_RESUBMIT,0.00
ORD-00000459,CX-002,KRSEC,SELL,7410,162.75,2026-03-27T20:03:33Z,2026-03-28T04:03:33+08:00,UTC,2026-03-27T20:03:33Z,PENDING_RESUBMIT,0.00
ORD-00000460,CX-002,CNTECH,SELL,1870,34.94,2026-03-27T20:04:07Z,2026-03-28T04:04:07+08:00,UTC,2026-03-27T20:04:07Z,PENDING_RESUBMIT,0.00
ORD-00000461,CX-003,TWSMC,SELL,2489,188.03,2026-03-27T20:04:10Z,2026-03-27T16:04:10-04:00,UTC,2026-03-27T20:04:10Z,PENDING_RESUBMIT,0.00
ORD-00000462,CX-005,AUHLD,SELL,9197,43.46,2026-03-27T20:04:23Z,2026-03-28T04:04:23+08:00,UTC,2026-03-27T20:04:23Z,PENDING_RESUBMIT,0.00
ORD-00000463,CX-002,JPNBK,SELL,8945,243.99,2026-03-27T20:04:44Z,2026-03-28T04:04:44+08:00,UTC,2026-03-27T20:04:44Z,PENDING_RESUBMIT,0.00
ORD-00000464,CX-005,TWSMC,BUY,3687,220.78,2026-03-27T20:04:46Z,2026-03-28T04:04:46+08:00,UTC,2026-03-27T20:04:46Z,FAILED,763.22
ORD-00000465,CX-003,JPNBK,BUY,4530,218.98,2026-03-27T20:04:57Z,2026-03-27T16:04:57-04:00,UTC,2026-03-27T20:04:57Z,PENDING_RESUBMIT,0.00
ORD-00000466,CX-001,TWSMC,BUY,1830,142.86,2026-03-27T20:05:01Z,2026-03-28T04:05:01+08:00,UTC,2026-03-27T20:05:01Z,FAILED,853.09
ORD-00000467,CX-003,CNTECH,BUY,5347,41.21,2026-03-27T20:05:30Z,2026-03-27T16:05:30-04:00,UTC,2026-03-27T20:05:30Z,PENDING_RESUBMIT,0.00
ORD-00000468,CX-002,KRSEC,BUY,719,167.83,2026-03-27T20:05:44Z,2026-03-28T04:05:44+08:00,UTC,2026-03-27T20:05:44Z,PENDING_RESUBMIT,0.00
ORD-00000469,CX-001,HKFIN,BUY,9158,201.76,2026-03-27T20:07:04Z,2026-03-28T04:07:04+08:00,UTC,2026-03-27T20:07:04Z,PENDING_RESUBMIT,0.00
ORD-00000470,CX-003,SGEX,SELL,7914,148.66,2026-03-27T20:07:11Z,2026-03-27T16:07:11-04:00,UTC,2026-03-27T20:07:11Z,FAILED,918.31
ORD-00000471,CX-001,SGEX,SELL,3658,88.77,2026-03-27T20:07:44Z,2026-03-28T04:07:44+08:00,UTC,2026-03-27T20:07:44Z,PENDING_RESUBMIT,0.00
ORD-00000472,CX-003,AUHLD,BUY,8238,74.24,2026-03-27T20:08:33Z,2026-03-27T16:08:33-04:00,UTC,2026-03-27T20:08:33Z,PENDING_RESUBMIT,0.00
ORD-00000473,CX-004,TWSMC,BUY,8835,93.85,2026-03-27T20:08:55Z,2026-03-28T04:08:55+08:00,UTC,2026-03-27T20:08:55Z,PENDING_RESUBMIT,0.00
ORD-00000474,CX-003,KRSEC,BUY,4187,73.88,2026-03-27T20:09:42Z,2026-03-27T16:09:42-04:00,UTC,2026-03-27T20:09:42Z,PENDING_RESUBMIT,0.00
ORD-00000475,CX-005,JPNBK,SELL,6850,245.42,2026-03-27T20:10:18Z,2026-03-28T04:10:18+08:00,UTC,2026-03-27T20:10:18Z,PENDING_RESUBMIT,0.00
ORD-00000476,CX-001,SGEX,SELL,5534,14.28,2026-03-27T20:11:05Z,2026-03-28T04:11:05+08:00,UTC,2026-03-27T20:11:05Z,PENDING_RESUBMIT,0.00
ORD-00000477,CX-001,KRSEC,BUY,2161,124.52,2026-03-27T20:11:16Z,2026-03-28T04:11:16+08:00,UTC,2026-03-27T20:11:16Z,FAILED,722.38
ORD-00000478,CX-001,KRSEC,SELL,6276,23.12,2026-03-27T20:11:30Z,2026-03-28T04:11:30+08:00,UTC,2026-03-27T20:11:30Z,PENDING_RESUBMIT,0.00
ORD-00000479,CX-001,HKFIN,SELL,9334,15.09,2026-03-27T20:11:34Z,2026-03-28T04:11:34+08:00,UTC,2026-03-27T20:11:34Z,PENDING_RESUBMIT,0.00
ORD-00000480,CX-005,KRSEC,BUY,2418,175.68,2026-03-27T20:12:17Z,2026-03-28T04:12:17+08:00,UTC,2026-03-27T20:12:17Z,PENDING_RESUBMIT,0.00
ORD-00000481,CX-004,KRSEC,SELL,531,126.15,2026-03-27T20:12:27Z,2026-03-28T04:12:27+08:00,UTC,2026-03-27T20:12:27Z,PENDING_RESUBMIT,0.00
ORD-00000482,CX-005,CNTECH,BUY,4063,216.11,2026-03-27T20:13:26Z,2026-03-28T04:13:26+08:00,UTC,2026-03-27T20:13:26Z,PENDING_RESUBMIT,0.00
ORD-00000483,CX-002,SGEX,SELL,4942,121.11,2026-03-27T20:13:36Z,2026-03-28T04:13:36+08:00,UTC,2026-03-27T20:13:36Z,PENDING_RESUBMIT,0.00
ORD-00000484,CX-002,TWSMC,SELL,1753,199.40,2026-03-27T20:13:53Z,2026-03-28T04:13:53+08:00,UTC,2026-03-27T20:13:53Z,PENDING_RESUBMIT,0.00
ORD-00000485,CX-001,TWSMC,SELL,8223,218.01,2026-03-27T20:14:33Z,2026-03-28T04:14:33+08:00,UTC,2026-03-27T20:14:33Z,FAILED,819.11
ORD-00000486,CX-003,CNTECH,SELL,3857,76.10,2026-03-27T20:14:37Z,2026-03-27T16:14:37-04:00,UTC,2026-03-27T20:14:37Z,FAILED,737.32
ORD-00000487,CX-002,KRSEC,SELL,7333,191.68,2026-03-27T20:14:40Z,2026-03-28T04:14:40+08:00,UTC,2026-03-27T20:14:40Z,PENDING_RESUBMIT,0.00
ORD-00000488,CX-004,JPNBK,SELL,9852,198.24,2026-03-27T20:14:46Z,2026-03-28T04:14:46+08:00,UTC,2026-03-27T20:14:46Z,FAILED,855.16
ORD-00000489,CX-001,JPNBK,BUY,9502,170.16,2026-03-27T20:14:58Z,2026-03-28T04:14:58+08:00,UTC,2026-03-27T20:14:58Z,FAILED,700.16
ORD-00000490,CX-001,AUHLD,SELL,111,248.00,2026-03-27T20:15:42Z,2026-03-28T04:15:42+08:00,UTC,2026-03-27T20:15:42Z,PENDING_RESUBMIT,0.00
ORD-00000491,CX-001,TWSMC,SELL,5872,226.11,2026-03-27T20:15:55Z,2026-03-28T04:15:55+08:00,UTC,2026-03-27T20:15:55Z,PENDING_RESUBMIT,0.00
ORD-00000492,CX-003,TWSMC,SELL,1295,59.65,2026-03-27T20:15:57Z,2026-03-27T16:15:57-04:00,UTC,2026-03-27T20:15:57Z,PENDING_RESUBMIT,0.00
ORD-00000493,CX-003,JPNBK,BUY,5815,226.12,2026-03-27T20:16:04Z,2026-03-27T16:16:04-04:00,UTC,2026-03-27T20:16:04Z,PENDING_RESUBMIT,0.00
ORD-00000494,CX-005,HKFIN,BUY,5521,200.60,2026-03-27T20:16:05Z,2026-03-28T04:16:05+08:00,UTC,2026-03-27T20:16:05Z,PENDING_RESUBMIT,0.00
ORD-00000495,CX-005,SGEX,BUY,4202,24.42,2026-03-27T20:16:33Z,2026-03-28T04:16:33+08:00,UTC,2026-03-27T20:16:33Z,PENDING_RESUBMIT,0.00
ORD-00000496,CX-003,JPNBK,BUY,1627,27.85,2026-03-27T20:16:52Z,2026-03-27T16:16:52-04:00,UTC,2026-03-27T20:16:52Z,PENDING_RESUBMIT,0.00
ORD-00000497,CX-003,HKFIN,BUY,1840,127.36,2026-03-27T20:17:00Z,2026-03-27T16:17:00-04:00,UTC,2026-03-27T20:17:00Z,FAILED,736.92
ORD-00000498,CX-001,HKFIN,BUY,8021,235.10,2026-03-27T20:17:03Z,2026-03-28T04:17:03+08:00,UTC,2026-03-27T20:17:03Z,PENDING_RESUBMIT,0.00
ORD-00000499,CX-005,SGEX,SELL,6097,8.63,2026-03-27T20:17:03Z,2026-03-28T04:17:03+08:00,UTC,2026-03-27T20:17:03Z,PENDING_RESUBMIT,0.00
ORD-00000500,CX-004,HKFIN,SELL,1244,6.69,2026-03-27T20:17:06Z,2026-03-28T04:17:06+08:00,UTC,2026-03-27T20:17:06Z,PENDING_RESUBMIT,0.00
ORD-00000501,CX-001,AUHLD,SELL,2023,161.48,2026-03-27T20:17:36Z,2026-03-28T04:17:36+08:00,UTC,2026-03-27T20:17:36Z,FAILED,738.39
ORD-00000502,CX-002,KRSEC,BUY,985,162.99,2026-03-27T20:17:39Z,2026-03-28T04:17:39+08:00,UTC,2026-03-27T20:17:39Z,PENDING_RESUBMIT,0.00
ORD-00000503,CX-002,AUHLD,SELL,6756,198.38,2026-03-27T20:18:09Z,2026-03-28T04:18:09+08:00,UTC,2026-03-27T20:18:09Z,FAILED,726.67
ORD-00000504,CX-001,JPNBK,SELL,8510,41.10,2026-03-27T20:18:15Z,2026-03-28T04:18:15+08:00,UTC,2026-03-27T20:18:15Z,PENDING_RESUBMIT,0.00
ORD-00000505,CX-003,KRSEC,BUY,7952,240.13,2026-03-27T20:18:15Z,2026-03-27T16:18:15-04:00,UTC,2026-03-27T20:18:15Z,PENDING_RESUBMIT,0.00
ORD-00000506,CX-004,JPNBK,SELL,9814,120.12,2026-03-27T20:18:22Z,2026-03-28T04:18:22+08:00,UTC,2026-03-27T20:18:22Z,FAILED,721.57
ORD-00000507,CX-002,CNTECH,BUY,8372,144.71,2026-03-27T20:18:31Z,2026-03-28T04:18:31+08:00,UTC,2026-03-27T20:18:31Z,PENDING_RESUBMIT,0.00
ORD-00000508,CX-003,KRSEC,SELL,5911,228.59,2026-03-27T20:18:39Z,2026-03-27T16:18:39-04:00,UTC,2026-03-27T20:18:39Z,FAILED,747.01
ORD-00000509,CX-003,JPNBK,SELL,6873,57.83,2026-03-27T20:19:26Z,2026-03-27T16:19:26-04:00,UTC,2026-03-27T20:19:26Z,FAILED,773.45
ORD-00000510,CX-005,HKFIN,SELL,2727,132.91,2026-03-27T20:20:24Z,2026-03-28T04:20:24+08:00,UTC,2026-03-27T20:20:24Z,PENDING_RESUBMIT,0.00
ORD-00000511,CX-005,SGEX,SELL,2389,182.88,2026-03-27T20:20:26Z,2026-03-28T04:20:26+08:00,UTC,2026-03-27T20:20:26Z,PENDING_RESUBMIT,0.00
ORD-00000512,CX-003,TWSMC,SELL,6351,74.83,2026-03-27T20:20:48Z,2026-03-27T16:20:48-04:00,UTC,2026-03-27T20:20:48Z,PENDING_RESUBMIT,0.00
ORD-00000513,CX-002,SGEX,BUY,2632,128.33,2026-03-27T20:21:13Z,2026-03-28T04:21:13+08:00,UTC,2026-03-27T20:21:13Z,FAILED,742.05
ORD-00000514,CX-001,SGEX,BUY,4266,121.75,2026-03-27T20:21:33Z,2026-03-28T04:21:33+08:00,UTC,2026-03-27T20:21:33Z,FAILED,892.21
ORD-00000515,CX-002,KRSEC,SELL,7250,33.43,2026-03-27T20:21:47Z,2026-03-28T04:21:47+08:00,UTC,2026-03-27T20:21:47Z,PENDING_RESUBMIT,0.00
ORD-00000516,CX-003,TWSMC,BUY,7339,175.51,2026-03-27T20:21:56Z,2026-03-27T16:21:56-04:00,UTC,2026-03-27T20:21:56Z,PENDING_RESUBMIT,0.00
ORD-00000517,CX-005,JPNBK,SELL,1627,124.29,2026-03-27T20:22:28Z,2026-03-28T04:22:28+08:00,UTC,2026-03-27T20:22:28Z,FAILED,825.03
ORD-00000518,CX-001,JPNBK,SELL,2004,171.67,2026-03-27T20:22:52Z,2026-03-28T04:22:52+08:00,UTC,2026-03-27T20:22:52Z,FAILED,882.47
ORD-00000519,CX-001,HKFIN,SELL,3794,89.78,2026-03-27T20:22:59Z,2026-03-28T04:22:59+08:00,UTC,2026-03-27T20:22:59Z,PENDING_RESUBMIT,0.00
ORD-00000520,CX-005,SGEX,BUY,8644,209.09,2026-03-27T20:23:10Z,2026-03-28T04:23:10+08:00,UTC,2026-03-27T20:23:10Z,FAILED,824.61
ORD-00000521,CX-005,CNTECH,BUY,1453,173.55,2026-03-27T20:23:17Z,2026-03-28T04:23:17+08:00,UTC,2026-03-27T20:23:17Z,FAILED,743.49
ORD-00000522,CX-002,JPNBK,SELL,2578,141.14,2026-03-27T20:23:21Z,2026-03-28T04:23:21+08:00,UTC,2026-03-27T20:23:21Z,PENDING_RESUBMIT,0.00
ORD-00000523,CX-003,TWSMC,BUY,1485,187.14,2026-03-27T20:23:29Z,2026-03-27T16:23:29-04:00,UTC,2026-03-27T20:23:29Z,FAILED,837.16
ORD-00000524,CX-005,JPNBK,SELL,1737,14.54,2026-03-27T20:23:36Z,2026-03-28T04:23:36+08:00,UTC,2026-03-27T20:23:36Z,FAILED,876.59
ORD-00000525,CX-003,SGEX,SELL,4586,124.23,2026-03-27T20:24:01Z,2026-03-27T16:24:01-04:00,UTC,2026-03-27T20:24:01Z,PENDING_RESUBMIT,0.00
ORD-00000526,CX-005,AUHLD,SELL,9483,202.98,2026-03-27T20:24:01Z,2026-03-28T04:24:01+08:00,UTC,2026-03-27T20:24:01Z,PENDING_RESUBMIT,0.00
ORD-00000527,CX-005,KRSEC,SELL,1971,24.59,2026-03-27T20:24:02Z,2026-03-28T04:24:02+08:00,UTC,2026-03-27T20:24:02Z,PENDING_RESUBMIT,0.00
ORD-00000528,CX-005,HKFIN,BUY,4678,31.31,2026-03-27T20:24:04Z,2026-03-28T04:24:04+08:00,UTC,2026-03-27T20:24:04Z,PENDING_RESUBMIT,0.00
ORD-00000529,CX-002,HKFIN,SELL,8047,120.51,2026-03-27T20:24:34Z,2026-03-28T04:24:34+08:00,UTC,2026-03-27T20:24:34Z,PENDING_RESUBMIT,0.00
ORD-00000530,CX-002,TWSMC,BUY,8870,74.89,2026-03-27T20:24:51Z,2026-03-28T04:24:51+08:00,UTC,2026-03-27T20:24:51Z,PENDING_RESUBMIT,0.00
ORD-00000531,CX-003,TWSMC,BUY,1907,237.23,2026-03-27T20:25:03Z,2026-03-27T16:25:03-04:00,UTC,2026-03-27T20:25:03Z,PENDING_RESUBMIT,0.00
ORD-00000532,CX-005,TWSMC,BUY,3898,218.59,2026-03-27T20:25:09Z,2026-03-28T04:25:09+08:00,UTC,2026-03-27T20:25:09Z,PENDING_RESUBMIT,0.00
ORD-00000533,CX-003,HKFIN,SELL,7558,39.75,2026-03-27T20:25:10Z,2026-03-27T16:25:10-04:00,UTC,2026-03-27T20:25:10Z,FAILED,775.01
ORD-00000534,CX-001,AUHLD,SELL,6999,78.44,2026-03-27T20:25:47Z,2026-03-28T04:25:47+08:00,UTC,2026-03-27T20:25:47Z,PENDING_RESUBMIT,0.00
ORD-00000535,CX-003,CNTECH,BUY,1638,29.50,2026-03-27T20:25:53Z,2026-03-27T16:25:53-04:00,UTC,2026-03-27T20:25:53Z,FAILED,682.86
ORD-00000536,CX-001,CNTECH,SELL,9679,34.31,2026-03-27T20:25:57Z,2026-03-28T04:25:57+08:00,UTC,2026-03-27T20:25:57Z,PENDING_RESUBMIT,0.00
ORD-00000537,CX-002,KRSEC,SELL,9167,45.43,2026-03-27T20:26:42Z,2026-03-28T04:26:42+08:00,UTC,2026-03-27T20:26:42Z,PENDING_RESUBMIT,0.00
ORD-00000538,CX-002,CNTECH,BUY,8906,238.39,2026-03-27T20:26:51Z,2026-03-28T04:26:51+08:00,UTC,2026-03-27T20:26:51Z,PENDING_RESUBMIT,0.00
ORD-00000539,CX-002,SGEX,SELL,712,117.92,2026-03-27T20:28:35Z,2026-03-28T04:28:35+08:00,UTC,2026-03-27T20:28:35Z,FAILED,691.78
ORD-00000540,CX-004,JPNBK,BUY,9719,213.89,2026-03-27T20:29:16Z,2026-03-28T04:29:16+08:00,UTC,2026-03-27T20:29:16Z,FAILED,870.70
ORD-00000541,CX-001,TWSMC,SELL,2521,206.31,2026-03-27T20:29:23Z,2026-03-28T04:29:23+08:00,UTC,2026-03-27T20:29:23Z,PENDING_RESUBMIT,0.00
ORD-00000542,CX-001,JPNBK,SELL,7271,239.00,2026-03-27T20:29:23Z,2026-03-28T04:29:23+08:00,UTC,2026-03-27T20:29:23Z,FAILED,827.26
ORD-00000543,CX-001,SGEX,BUY,5946,215.79,2026-03-27T20:29:29Z,2026-03-28T04:29:29+08:00,UTC,2026-03-27T20:29:29Z,PENDING_RESUBMIT,0.00
ORD-00000544,CX-002,CNTECH,BUY,1842,32.97,2026-03-27T20:29:35Z,2026-03-28T04:29:35+08:00,UTC,2026-03-27T20:29:35Z,FAILED,623.00
ORD-00000545,CX-005,HKFIN,BUY,5822,85.33,2026-03-27T20:29:51Z,2026-03-28T04:29:51+08:00,UTC,2026-03-27T20:29:51Z,PENDING_RESUBMIT,0.00
ORD-00000546,CX-001,CNTECH,SELL,1295,9.09,2026-03-27T20:31:51Z,2026-03-28T04:31:51+08:00,UTC,2026-03-27T20:31:51Z,FAILED,706.46
ORD-00000547,CX-002,AUHLD,BUY,3183,141.08,2026-03-27T20:32:33Z,2026-03-28T04:32:33+08:00,UTC,2026-03-27T20:32:33Z,PENDING_RESUBMIT,0.00
ORD-00000548,CX-003,AUHLD,SELL,8575,43.82,2026-03-27T20:32:53Z,2026-03-27T16:32:53-04:00,UTC,2026-03-27T20:32:53Z,PENDING_RESUBMIT,0.00
ORD-00000549,CX-001,SGEX,SELL,7508,141.21,2026-03-27T20:33:03Z,2026-03-28T04:33:03+08:00,UTC,2026-03-27T20:33:03Z,PENDING_RESUBMIT,0.00
ORD-00000550,CX-003,KRSEC,SELL,6982,230.98,2026-03-27T20:33:12Z,2026-03-27T16:33:12-04:00,UTC,2026-03-27T20:33:12Z,PENDING_RESUBMIT,0.00
ORD-00000551,CX-001,KRSEC,SELL,3757,168.06,2026-03-27T20:33:25Z,2026-03-28T04:33:25+08:00,UTC,2026-03-27T20:33:25Z,FAILED,880.60
ORD-00000552,CX-002,TWSMC,BUY,9869,49.10,2026-03-27T20:33:48Z,2026-03-28T04:33:48+08:00,UTC,2026-03-27T20:33:48Z,PENDING_RESUBMIT,0.00
ORD-00000553,CX-002,CNTECH,BUY,1143,87.75,2026-03-27T20:33:59Z,2026-03-28T04:33:59+08:00,UTC,2026-03-27T20:33:59Z,PENDING_RESUBMIT,0.00
ORD-00000554,CX-005,KRSEC,BUY,4166,44.71,2026-03-27T20:34:27Z,2026-03-28T04:34:27+08:00,UTC,2026-03-27T20:34:27Z,PENDING_RESUBMIT,0.00
ORD-00000555,CX-002,CNTECH,BUY,2741,63.29,2026-03-27T20:34:41Z,2026-03-28T04:34:41+08:00,UTC,2026-03-27T20:34:41Z,FAILED,765.03
ORD-00000556,CX-005,CNTECH,BUY,4261,224.89,2026-03-27T20:34:51Z,2026-03-28T04:34:51+08:00,UTC,2026-03-27T20:34:51Z,PENDING_RESUBMIT,0.00
ORD-00000557,CX-001,HKFIN,SELL,8825,177.40,2026-03-27T20:35:03Z,2026-03-28T04:35:03+08:00,UTC,2026-03-27T20:35:03Z,PENDING_RESUBMIT,0.00
ORD-00000558,CX-001,KRSEC,BUY,4697,215.38,2026-03-27T20:35:08Z,2026-03-28T04:35:08+08:00,UTC,2026-03-27T20:35:08Z,PENDING_RESUBMIT,0.00
ORD-00000559,CX-005,CNTECH,SELL,6236,70.74,2026-03-27T20:35:17Z,2026-03-28T04:35:17+08:00,UTC,2026-03-27T20:35:17Z,PENDING_RESUBMIT,0.00
ORD-00000560,CX-001,AUHLD,SELL,2303,248.91,2026-03-27T20:36:03Z,2026-03-28T04:36:03+08:00,UTC,2026-03-27T20:36:03Z,FAILED,723.09
ORD-00000561,CX-002,TWSMC,BUY,6394,166.88,2026-03-27T20:36:03Z,2026-03-28T04:36:03+08:00,UTC,2026-03-27T20:36:03Z,PENDING_RESUBMIT,0.00
ORD-00000562,CX-001,JPNBK,BUY,177,115.75,2026-03-27T20:36:17Z,2026-03-28T04:36:17+08:00,UTC,2026-03-27T20:36:17Z,FAILED,889.46
ORD-00000563,CX-001,AUHLD,BUY,8806,128.32,2026-03-27T20:36:56Z,2026-03-28T04:36:56+08:00,UTC,2026-03-27T20:36:56Z,FAILED,841.88
ORD-00000564,CX-003,JPNBK,BUY,2897,171.40,2026-03-27T20:37:02Z,2026-03-27T16:37:02-04:00,UTC,2026-03-27T20:37:02Z,PENDING_RESUBMIT,0.00
ORD-00000565,CX-005,SGEX,BUY,4874,246.01,2026-03-27T20:37:06Z,2026-03-28T04:37:06+08:00,UTC,2026-03-27T20:37:06Z,PENDING_RESUBMIT,0.00
ORD-00000566,CX-004,AUHLD,SELL,154,135.50,2026-03-27T20:37:09Z,2026-03-28T04:37:09+08:00,UTC,2026-03-27T20:37:09Z,FAILED,769.95
ORD-00000567,CX-003,CNTECH,SELL,3177,22.02,2026-03-27T20:37:16Z,2026-03-27T16:37:16-04:00,UTC,2026-03-27T20:37:16Z,FAILED,826.46
ORD-00000568,CX-002,HKFIN,SELL,1561,10.03,2026-03-27T20:37:35Z,2026-03-28T04:37:35+08:00,UTC,2026-03-27T20:37:35Z,FAILED,718.12
ORD-00000569,CX-001,AUHLD,SELL,5892,58.55,2026-03-27T20:38:06Z,2026-03-28T04:38:06+08:00,UTC,2026-03-27T20:38:06Z,PENDING_RESUBMIT,0.00
ORD-00000570,CX-003,KRSEC,BUY,2020,244.10,2026-03-27T20:38:18Z,2026-03-27T16:38:18-04:00,UTC,2026-03-27T20:38:18Z,PENDING_RESUBMIT,0.00
ORD-00000571,CX-002,AUHLD,SELL,2602,79.17,2026-03-27T20:38:46Z,2026-03-28T04:38:46+08:00,UTC,2026-03-27T20:38:46Z,FAILED,635.08
ORD-00000572,CX-003,CNTECH,SELL,7135,198.77,2026-03-27T20:39:39Z,2026-03-27T16:39:39-04:00,UTC,2026-03-27T20:39:39Z,PENDING_RESUBMIT,0.00
ORD-00000573,CX-001,TWSMC,SELL,9919,242.46,2026-03-27T20:39:47Z,2026-03-28T04:39:47+08:00,UTC,2026-03-27T20:39:47Z,PENDING_RESUBMIT,0.00
ORD-00000574,CX-001,TWSMC,SELL,8368,87.69,2026-03-27T20:40:11Z,2026-03-28T04:40:11+08:00,UTC,2026-03-27T20:40:11Z,FAILED,693.07
ORD-00000575,CX-002,AUHLD,BUY,4133,193.22,2026-03-27T20:40:22Z,2026-03-28T04:40:22+08:00,UTC,2026-03-27T20:40:22Z,PENDING_RESUBMIT,0.00
ORD-00000576,CX-003,SGEX,BUY,8197,211.93,2026-03-27T20:40:26Z,2026-03-27T16:40:26-04:00,UTC,2026-03-27T20:40:26Z,FAILED,793.18
ORD-00000577,CX-004,SGEX,SELL,1718,76.61,2026-03-27T20:40:33Z,2026-03-28T04:40:33+08:00,UTC,2026-03-27T20:40:33Z,PENDING_RESUBMIT,0.00
ORD-00000578,CX-003,AUHLD,SELL,7205,78.10,2026-03-27T20:40:57Z,2026-03-27T16:40:57-04:00,UTC,2026-03-27T20:40:57Z,PENDING_RESUBMIT,0.00
ORD-00000579,CX-001,TWSMC,SELL,2847,182.43,2026-03-27T20:41:48Z,2026-03-28T04:41:48+08:00,UTC,2026-03-27T20:41:48Z,PENDING_RESUBMIT,0.00
ORD-00000580,CX-002,AUHLD,SELL,9445,60.00,2026-03-27T20:41:49Z,2026-03-28T04:41:49+08:00,UTC,2026-03-27T20:41:49Z,PENDING_RESUBMIT,0.00
ORD-00000581,CX-004,SGEX,BUY,658,209.67,2026-03-27T20:42:07Z,2026-03-28T04:42:07+08:00,UTC,2026-03-27T20:42:07Z,FAILED,834.22
ORD-00000582,CX-005,TWSMC,SELL,7647,150.43,2026-03-27T20:42:32Z,2026-03-28T04:42:32+08:00,UTC,2026-03-27T20:42:32Z,FAILED,749.83
ORD-00000583,CX-005,TWSMC,BUY,9639,201.09,2026-03-27T20:42:37Z,2026-03-28T04:42:37+08:00,UTC,2026-03-27T20:42:37Z,FAILED,781.69
ORD-00000584,CX-005,HKFIN,SELL,9661,212.16,2026-03-27T20:42:40Z,2026-03-28T04:42:40+08:00,UTC,2026-03-27T20:42:40Z,FAILED,905.09
ORD-00000585,CX-004,KRSEC,BUY,3841,173.96,2026-03-27T20:42:41Z,2026-03-28T04:42:41+08:00,UTC,2026-03-27T20:42:41Z,PENDING_RESUBMIT,0.00
ORD-00000586,CX-001,SGEX,SELL,6657,240.77,2026-03-27T20:42:53Z,2026-03-28T04:42:53+08:00,UTC,2026-03-27T20:42:53Z,PENDING_RESUBMIT,0.00
ORD-00000587,CX-001,JPNBK,BUY,8469,100.17,2026-03-27T20:43:05Z,2026-03-28T04:43:05+08:00,UTC,2026-03-27T20:43:05Z,PENDING_RESUBMIT,0.00
ORD-00000588,CX-001,KRSEC,SELL,1563,59.45,2026-03-27T20:43:06Z,2026-03-28T04:43:06+08:00,UTC,2026-03-27T20:43:06Z,FAILED,738.54
ORD-00000589,CX-003,AUHLD,SELL,7778,128.05,2026-03-27T20:43:08Z,2026-03-27T16:43:08-04:00,UTC,2026-03-27T20:43:08Z,PENDING_RESUBMIT,0.00
ORD-00000590,CX-003,KRSEC,SELL,9600,82.75,2026-03-27T20:44:24Z,2026-03-27T16:44:24-04:00,UTC,2026-03-27T20:44:24Z,PENDING_RESUBMIT,0.00
ORD-00000591,CX-003,KRSEC,SELL,8824,17.80,2026-03-27T20:44:35Z,2026-03-27T16:44:35-04:00,UTC,2026-03-27T20:44:35Z,FAILED,719.58
ORD-00000592,CX-002,HKFIN,BUY,5292,244.62,2026-03-27T20:44:40Z,2026-03-28T04:44:40+08:00,UTC,2026-03-27T20:44:40Z,PENDING_RESUBMIT,0.00
ORD-00000593,CX-002,AUHLD,BUY,9568,127.05,2026-03-27T20:46:05Z,2026-03-28T04:46:05+08:00,UTC,2026-03-27T20:46:05Z,PENDING_RESUBMIT,0.00
ORD-00000594,CX-001,KRSEC,SELL,713,7.27,2026-03-27T20:46:39Z,2026-03-28T04:46:39+08:00,UTC,2026-03-27T20:46:39Z,PENDING_RESUBMIT,0.00
ORD-00000595,CX-004,JPNBK,SELL,8084,194.14,2026-03-27T20:46:39Z,2026-03-28T04:46:39+08:00,UTC,2026-03-27T20:46:39Z,PENDING_RESUBMIT,0.00
ORD-00000596,CX-005,SGEX,BUY,2745,161.57,2026-03-27T20:47:01Z,2026-03-28T04:47:01+08:00,UTC,2026-03-27T20:47:01Z,PENDING_RESUBMIT,0.00
ORD-00000597,CX-005,HKFIN,BUY,5432,214.57,2026-03-27T20:47:11Z,2026-03-28T04:47:11+08:00,UTC,2026-03-27T20:47:11Z,PENDING_RESUBMIT,0.00
ORD-00000598,CX-005,JPNBK,BUY,481,168.82,2026-03-27T20:47:21Z,2026-03-28T04:47:21+08:00,UTC,2026-03-27T20:47:21Z,PENDING_RESUBMIT,0.00
ORD-00000599,CX-003,AUHLD,BUY,9945,97.50,2026-03-27T20:48:07Z,2026-03-27T16:48:07-04:00,UTC,2026-03-27T20:48:07Z,FAILED,807.95
ORD-00000600,CX-005,TWSMC,BUY,6648,70.61,2026-03-27T20:48:09Z,2026-03-28T04:48:09+08:00,UTC,2026-03-27T20:48:09Z,FAILED,834.45
ORD-00000601,CX-005,CNTECH,BUY,8126,124.78,2026-03-27T20:48:29Z,2026-03-28T04:48:29+08:00,UTC,2026-03-27T20:48:29Z,PENDING_RESUBMIT,0.00
ORD-00000602,CX-001,KRSEC,SELL,4942,163.31,2026-03-27T20:49:12Z,2026-03-28T04:49:12+08:00,UTC,2026-03-27T20:49:12Z,FAILED,848.26
ORD-00000603,CX-005,KRSEC,SELL,7936,122.29,2026-03-27T20:49:13Z,2026-03-28T04:49:13+08:00,UTC,2026-03-27T20:49:13Z,PENDING_RESUBMIT,0.00
ORD-00000604,CX-001,CNTECH,BUY,8263,249.01,2026-03-27T20:50:29Z,2026-03-28T04:50:29+08:00,UTC,2026-03-27T20:50:29Z,PENDING_RESUBMIT,0.00
ORD-00000605,CX-003,CNTECH,BUY,7062,177.13,2026-03-27T20:50:52Z,2026-03-27T16:50:52-04:00,UTC,2026-03-27T20:50:52Z,PENDING_RESUBMIT,0.00
ORD-00000606,CX-002,JPNBK,BUY,8900,6.06,2026-03-27T20:52:22Z,2026-03-28T04:52:22+08:00,UTC,2026-03-27T20:52:22Z,PENDING_RESUBMIT,0.00
ORD-00000607,CX-005,CNTECH,SELL,8581,170.64,2026-03-27T20:52:41Z,2026-03-28T04:52:41+08:00,UTC,2026-03-27T20:52:41Z,PENDING_RESUBMIT,0.00
ORD-00000608,CX-002,SGEX,BUY,5187,118.72,2026-03-27T20:52:46Z,2026-03-28T04:52:46+08:00,UTC,2026-03-27T20:52:46Z,PENDING_RESUBMIT,0.00
ORD-00000609,CX-005,CNTECH,BUY,6503,206.93,2026-03-27T20:53:08Z,2026-03-28T04:53:08+08:00,UTC,2026-03-27T20:53:08Z,PENDING_RESUBMIT,0.00
ORD-00000610,CX-003,TWSMC,SELL,945,201.33,2026-03-27T20:53:35Z,2026-03-27T16:53:35-04:00,UTC,2026-03-27T20:53:35Z,PENDING_RESUBMIT,0.00
ORD-00000611,CX-004,CNTECH,BUY,7600,95.42,2026-03-27T20:53:59Z,2026-03-28T04:53:59+08:00,UTC,2026-03-27T20:53:59Z,PENDING_RESUBMIT,0.00
ORD-00000612,CX-001,HKFIN,SELL,7107,131.24,2026-03-27T20:54:08Z,2026-03-28T04:54:08+08:00,UTC,2026-03-27T20:54:08Z,FAILED,766.12
ORD-00000613,CX-005,CNTECH,SELL,517,16.74,2026-03-27T20:54:19Z,2026-03-28T04:54:19+08:00,UTC,2026-03-27T20:54:19Z,PENDING_RESUBMIT,0.00
ORD-00000614,CX-005,JPNBK,BUY,281,248.06,2026-03-27T20:54:28Z,2026-03-28T04:54:28+08:00,UTC,2026-03-27T20:54:28Z,PENDING_RESUBMIT,0.00
ORD-00000615,CX-005,JPNBK,BUY,8493,206.96,2026-03-27T20:55:13Z,2026-03-28T04:55:13+08:00,UTC,2026-03-27T20:55:13Z,FAILED,704.38
ORD-00000616,CX-005,TWSMC,BUY,5673,104.20,2026-03-27T20:55:40Z,2026-03-28T04:55:40+08:00,UTC,2026-03-27T20:55:40Z,FAILED,799.74
ORD-00000617,CX-003,KRSEC,BUY,8620,219.68,2026-03-27T20:56:13Z,2026-03-27T16:56:13-04:00,UTC,2026-03-27T20:56:13Z,PENDING_RESUBMIT,0.00
ORD-00000618,CX-003,KRSEC,SELL,1694,37.07,2026-03-27T20:56:14Z,2026-03-27T16:56:14-04:00,UTC,2026-03-27T20:56:14Z,FAILED,784.22
ORD-00000619,CX-001,CNTECH,SELL,9300,128.83,2026-03-27T20:56:16Z,2026-03-28T04:56:16+08:00,UTC,2026-03-27T20:56:16Z,PENDING_RESUBMIT,0.00
ORD-00000620,CX-005,TWSMC,BUY,1203,194.34,2026-03-27T20:56:33Z,2026-03-28T04:56:33+08:00,UTC,2026-03-27T20:56:33Z,PENDING_RESUBMIT,0.00
ORD-00000621,CX-003,KRSEC,BUY,6034,182.86,2026-03-27T20:56:51Z,2026-03-27T16:56:51-04:00,UTC,2026-03-27T20:56:51Z,FAILED,909.13
ORD-00000622,CX-003,JPNBK,SELL,7268,171.32,2026-03-27T20:56:55Z,2026-03-27T16:56:55-04:00,UTC,2026-03-27T20:56:55Z,PENDING_RESUBMIT,0.00
ORD-00000623,CX-005,CNTECH,BUY,3338,37.49,2026-03-27T20:57:04Z,2026-03-28T04:57:04+08:00,UTC,2026-03-27T20:57:04Z,PENDING_RESUBMIT,0.00
ORD-00000624,CX-001,HKFIN,BUY,6537,57.82,2026-03-27T20:57:08Z,2026-03-28T04:57:08+08:00,UTC,2026-03-27T20:57:08Z,PENDING_RESUBMIT,0.00
ORD-00000625,CX-005,HKFIN,SELL,4919,50.49,2026-03-27T20:57:21Z,2026-03-28T04:57:21+08:00,UTC,2026-03-27T20:57:21Z,PENDING_RESUBMIT,0.00
ORD-00000626,CX-001,AUHLD,SELL,6470,6.09,2026-03-27T20:58:40Z,2026-03-28T04:58:40+08:00,UTC,2026-03-27T20:58:40Z,FAILED,698.88
ORD-00000627,CX-001,KRSEC,SELL,5520,92.50,2026-03-27T20:58:46Z,2026-03-28T04:58:46+08:00,UTC,2026-03-27T20:58:46Z,PENDING_RESUBMIT,0.00
ORD-00000628,CX-003,HKFIN,BUY,8192,127.17,2026-03-27T20:59:34Z,2026-03-27T16:59:34-04:00,UTC,2026-03-27T20:59:34Z,FAILED,683.36
ORD-00000629,CX-002,JPNBK,BUY,915,103.25,2026-03-27T20:59:42Z,2026-03-28T04:59:42+08:00,UTC,2026-03-27T20:59:42Z,PENDING_RESUBMIT,0.00
ORD-00000630,CX-005,HKFIN,SELL,3902,26.85,2026-03-27T20:59:53Z,2026-03-28T04:59:53+08:00,UTC,2026-03-27T20:59:53Z,PENDING_RESUBMIT,0.00
ORD-00000631,CX-003,KRSEC,BUY,8559,215.00,2026-03-27T21:00:02Z,2026-03-27T17:00:02-04:00,UTC,2026-03-27T21:00:02Z,PENDING_RESUBMIT,0.00
ORD-00000632,CX-004,KRSEC,SELL,8711,152.23,2026-03-27T21:00:09Z,2026-03-28T05:00:09+08:00,UTC,2026-03-27T21:00:09Z,PENDING_RESUBMIT,0.00
ORD-00000633,CX-002,JPNBK,BUY,9847,211.79,2026-03-27T21:00:36Z,2026-03-28T05:00:36+08:00,UTC,2026-03-27T21:00:36Z,FAILED,599.44
ORD-00000634,CX-005,JPNBK,BUY,7107,158.89,2026-03-27T21:00:43Z,2026-03-28T05:00:43+08:00,UTC,2026-03-27T21:00:43Z,PENDING_RESUBMIT,0.00
ORD-00000635,CX-003,SGEX,SELL,9135,164.72,2026-03-27T21:00:46Z,2026-03-27T17:00:46-04:00,UTC,2026-03-27T21:00:46Z,PENDING_RESUBMIT,0.00
ORD-00000636,CX-003,JPNBK,SELL,1502,77.85,2026-03-27T21:01:04Z,2026-03-27T17:01:04-04:00,UTC,2026-03-27T21:01:04Z,FAILED,786.75
ORD-00000637,CX-001,HKFIN,BUY,4448,55.66,2026-03-27T21:01:14Z,2026-03-28T05:01:14+08:00,UTC,2026-03-27T21:01:14Z,FAILED,803.92
ORD-00000638,CX-001,TWSMC,BUY,9112,11.59,2026-03-27T21:01:23Z,2026-03-28T05:01:23+08:00,UTC,2026-03-27T21:01:23Z,PENDING_RESUBMIT,0.00
ORD-00000639,CX-002,HKFIN,SELL,579,27.24,2026-03-27T21:01:37Z,2026-03-28T05:01:37+08:00,UTC,2026-03-27T21:01:37Z,FAILED,660.95
ORD-00000640,CX-005,SGEX,SELL,1405,85.55,2026-03-27T21:01:53Z,2026-03-28T05:01:53+08:00,UTC,2026-03-27T21:01:53Z,PENDING_RESUBMIT,0.00
ORD-00000641,CX-004,JPNBK,BUY,7051,247.80,2026-03-27T21:03:27Z,2026-03-28T05:03:27+08:00,UTC,2026-03-27T21:03:27Z,PENDING_RESUBMIT,0.00
ORD-00000642,CX-001,CNTECH,SELL,3290,13.23,2026-03-27T21:03:28Z,2026-03-28T05:03:28+08:00,UTC,2026-03-27T21:03:28Z,PENDING_RESUBMIT,0.00
ORD-00000643,CX-001,SGEX,SELL,3239,29.19,2026-03-27T21:03:52Z,2026-03-28T05:03:52+08:00,UTC,2026-03-27T21:03:52Z,FAILED,906.39
ORD-00000644,CX-004,HKFIN,SELL,4929,208.98,2026-03-27T21:04:01Z,2026-03-28T05:04:01+08:00,UTC,2026-03-27T21:04:01Z,PENDING_RESUBMIT,0.00
ORD-00000645,CX-003,SGEX,SELL,9540,120.49,2026-03-27T21:04:30Z,2026-03-27T17:04:30-04:00,UTC,2026-03-27T21:04:30Z,PENDING_RESUBMIT,0.00
ORD-00000646,CX-001,CNTECH,BUY,5933,43.22,2026-03-27T21:04:37Z,2026-03-28T05:04:37+08:00,UTC,2026-03-27T21:04:37Z,PENDING_RESUBMIT,0.00
ORD-00000647,CX-005,JPNBK,SELL,6618,221.71,2026-03-27T21:05:04Z,2026-03-28T05:05:04+08:00,UTC,2026-03-27T21:05:04Z,PENDING_RESUBMIT,0.00
ORD-00000648,CX-002,CNTECH,SELL,3059,209.56,2026-03-27T21:05:40Z,2026-03-28T05:05:40+08:00,UTC,2026-03-27T21:05:40Z,PENDING_RESUBMIT,0.00
ORD-00000649,CX-003,JPNBK,SELL,6915,22.49,2026-03-27T21:06:01Z,2026-03-27T17:06:01-04:00,UTC,2026-03-27T21:06:01Z,PENDING_RESUBMIT,0.00
ORD-00000650,CX-005,KRSEC,BUY,6021,28.91,2026-03-27T21:06:04Z,2026-03-28T05:06:04+08:00,UTC,2026-03-27T21:06:04Z,PENDING_RESUBMIT,0.00
ORD-00000651,CX-003,SGEX,SELL,503,209.02,2026-03-27T21:06:17Z,2026-03-27T17:06:17-04:00,UTC,2026-03-27T21:06:17Z,PENDING_RESUBMIT,0.00
ORD-00000652,CX-002,HKFIN,SELL,4009,137.21,2026-03-27T21:06:45Z,2026-03-28T05:06:45+08:00,UTC,2026-03-27T21:06:45Z,PENDING_RESUBMIT,0.00
ORD-00000653,CX-001,TWSMC,SELL,1281,187.99,2026-03-27T21:07:41Z,2026-03-28T05:07:41+08:00,UTC,2026-03-27T21:07:41Z,PENDING_RESUBMIT,0.00
ORD-00000654,CX-003,KRSEC,BUY,1538,142.81,2026-03-27T21:08:24Z,2026-03-27T17:08:24-04:00,UTC,2026-03-27T21:08:24Z,PENDING_RESUBMIT,0.00
ORD-00000655,CX-005,AUHLD,BUY,2508,182.46,2026-03-27T21:08:31Z,2026-03-28T05:08:31+08:00,UTC,2026-03-27T21:08:31Z,PENDING_RESUBMIT,0.00
ORD-00000656,CX-005,AUHLD,SELL,5463,117.18,2026-03-27T21:08:32Z,2026-03-28T05:08:32+08:00,UTC,2026-03-27T21:08:32Z,PENDING_RESUBMIT,0.00
ORD-00000657,CX-003,TWSMC,BUY,548,151.61,2026-03-27T21:09:04Z,2026-03-27T17:09:04-04:00,UTC,2026-03-27T21:09:04Z,PENDING_RESUBMIT,0.00
ORD-00000658,CX-005,SGEX,SELL,4989,33.31,2026-03-27T21:09:07Z,2026-03-28T05:09:07+08:00,UTC,2026-03-27T21:09:07Z,FAILED,837.23
ORD-00000659,CX-003,HKFIN,BUY,2721,145.12,2026-03-27T21:09:10Z,2026-03-27T17:09:10-04:00,UTC,2026-03-27T21:09:10Z,PENDING_RESUBMIT,0.00
ORD-00000660,CX-001,HKFIN,SELL,1442,121.02,2026-03-27T21:09:11Z,2026-03-28T05:09:11+08:00,UTC,2026-03-27T21:09:11Z,PENDING_RESUBMIT,0.00
ORD-00000661,CX-005,HKFIN,SELL,5887,104.25,2026-03-27T21:09:23Z,2026-03-28T05:09:23+08:00,UTC,2026-03-27T21:09:23Z,PENDING_RESUBMIT,0.00
ORD-00000662,CX-002,CNTECH,BUY,5600,185.26,2026-03-27T21:09:24Z,2026-03-28T05:09:24+08:00,UTC,2026-03-27T21:09:24Z,PENDING_RESUBMIT,0.00
ORD-00000663,CX-001,KRSEC,SELL,5516,62.45,2026-03-27T21:10:00Z,2026-03-28T05:10:00+08:00,UTC,2026-03-27T21:10:00Z,FAILED,749.29
ORD-00000664,CX-005,HKFIN,SELL,9964,214.73,2026-03-27T21:10:15Z,2026-03-28T05:10:15+08:00,UTC,2026-03-27T21:10:15Z,FAILED,908.41
ORD-00000665,CX-002,HKFIN,SELL,6692,74.81,2026-03-27T21:10:35Z,2026-03-28T05:10:35+08:00,UTC,2026-03-27T21:10:35Z,FAILED,740.97
ORD-00000666,CX-005,JPNBK,SELL,9761,230.29,2026-03-27T21:10:49Z,2026-03-28T05:10:49+08:00,UTC,2026-03-27T21:10:49Z,PENDING_RESUBMIT,0.00
ORD-00000667,CX-001,KRSEC,SELL,1410,119.67,2026-03-27T21:11:08Z,2026-03-28T05:11:08+08:00,UTC,2026-03-27T21:11:08Z,PENDING_RESUBMIT,0.00
ORD-00000668,CX-001,CNTECH,BUY,9541,192.30,2026-03-27T21:11:51Z,2026-03-28T05:11:51+08:00,UTC,2026-03-27T21:11:51Z,PENDING_RESUBMIT,0.00
ORD-00000669,CX-003,TWSMC,SELL,1529,222.36,2026-03-27T21:12:33Z,2026-03-27T17:12:33-04:00,UTC,2026-03-27T21:12:33Z,PENDING_RESUBMIT,0.00
ORD-00000670,CX-004,SGEX,SELL,7931,67.54,2026-03-27T21:12:53Z,2026-03-28T05:12:53+08:00,UTC,2026-03-27T21:12:53Z,PENDING_RESUBMIT,0.00
ORD-00000671,CX-003,SGEX,SELL,2425,13.79,2026-03-27T21:13:21Z,2026-03-27T17:13:21-04:00,UTC,2026-03-27T21:13:21Z,PENDING_RESUBMIT,0.00
ORD-00000672,CX-004,SGEX,SELL,3026,216.90,2026-03-27T21:13:57Z,2026-03-28T05:13:57+08:00,UTC,2026-03-27T21:13:57Z,PENDING_RESUBMIT,0.00
ORD-00000673,CX-004,TWSMC,SELL,2530,148.14,2026-03-27T21:14:20Z,2026-03-28T05:14:20+08:00,UTC,2026-03-27T21:14:20Z,PENDING_RESUBMIT,0.00
ORD-00000674,CX-001,KRSEC,BUY,6845,155.94,2026-03-27T21:15:51Z,2026-03-28T05:15:51+08:00,UTC,2026-03-27T21:15:51Z,PENDING_RESUBMIT,0.00
ORD-00000675,CX-003,SGEX,BUY,475,238.40,2026-03-27T21:16:15Z,2026-03-27T17:16:15-04:00,UTC,2026-03-27T21:16:15Z,FAILED,692.68
ORD-00000676,CX-003,JPNBK,BUY,9948,194.68,2026-03-27T21:16:18Z,2026-03-27T17:16:18-04:00,UTC,2026-03-27T21:16:18Z,FAILED,892.73
ORD-00000677,CX-001,AUHLD,SELL,5998,240.60,2026-03-27T21:16:48Z,2026-03-28T05:16:48+08:00,UTC,2026-03-27T21:16:48Z,FAILED,735.38
ORD-00000678,CX-001,TWSMC,SELL,8147,54.04,2026-03-27T21:17:31Z,2026-03-28T05:17:31+08:00,UTC,2026-03-27T21:17:31Z,PENDING_RESUBMIT,0.00
ORD-00000679,CX-001,HKFIN,SELL,1125,146.45,2026-03-27T21:17:45Z,2026-03-28T05:17:45+08:00,UTC,2026-03-27T21:17:45Z,PENDING_RESUBMIT,0.00
ORD-00000680,CX-003,CNTECH,SELL,1096,142.75,2026-03-27T21:18:06Z,2026-03-27T17:18:06-04:00,UTC,2026-03-27T21:18:06Z,PENDING_RESUBMIT,0.00
ORD-00000681,CX-001,CNTECH,BUY,9091,235.36,2026-03-27T21:18:42Z,2026-03-28T05:18:42+08:00,UTC,2026-03-27T21:18:42Z,PENDING_RESUBMIT,0.00
ORD-00000682,CX-003,TWSMC,SELL,4644,36.48,2026-03-27T21:19:07Z,2026-03-27T17:19:07-04:00,UTC,2026-03-27T21:19:07Z,PENDING_RESUBMIT,0.00
ORD-00000683,CX-003,AUHLD,SELL,3178,124.47,2026-03-27T21:19:13Z,2026-03-27T17:19:13-04:00,UTC,2026-03-27T21:19:13Z,PENDING_RESUBMIT,0.00
ORD-00000684,CX-005,HKFIN,SELL,3283,207.99,2026-03-27T21:19:13Z,2026-03-28T05:19:13+08:00,UTC,2026-03-27T21:19:13Z,PENDING_RESUBMIT,0.00
ORD-00000685,CX-003,JPNBK,BUY,971,124.65,2026-03-27T21:20:31Z,2026-03-27T17:20:31-04:00,UTC,2026-03-27T21:20:31Z,PENDING_RESUBMIT,0.00
ORD-00000686,CX-001,SGEX,BUY,7213,84.51,2026-03-27T21:21:01Z,2026-03-28T05:21:01+08:00,UTC,2026-03-27T21:21:01Z,PENDING_RESUBMIT,0.00
ORD-00000687,CX-002,HKFIN,BUY,2969,57.46,2026-03-27T21:21:16Z,2026-03-28T05:21:16+08:00,UTC,2026-03-27T21:21:16Z,FAILED,630.38
ORD-00000688,CX-002,TWSMC,BUY,7334,180.27,2026-03-27T21:21:41Z,2026-03-28T05:21:41+08:00,UTC,2026-03-27T21:21:41Z,FAILED,633.30
ORD-00000689,CX-005,KRSEC,SELL,495,114.85,2026-03-27T21:22:01Z,2026-03-28T05:22:01+08:00,UTC,2026-03-27T21:22:01Z,PENDING_RESUBMIT,0.00
ORD-00000690,CX-001,SGEX,SELL,111,86.27,2026-03-27T21:22:08Z,2026-03-28T05:22:08+08:00,UTC,2026-03-27T21:22:08Z,FAILED,860.11
ORD-00000691,CX-005,CNTECH,SELL,3998,207.17,2026-03-27T21:22:12Z,2026-03-28T05:22:12+08:00,UTC,2026-03-27T21:22:12Z,FAILED,869.10
ORD-00000692,CX-005,CNTECH,BUY,694,244.89,2026-03-27T21:22:30Z,2026-03-28T05:22:30+08:00,UTC,2026-03-27T21:22:30Z,PENDING_RESUBMIT,0.00
ORD-00000693,CX-002,JPNBK,BUY,2884,146.64,2026-03-27T21:23:17Z,2026-03-28T05:23:17+08:00,UTC,2026-03-27T21:23:17Z,PENDING_RESUBMIT,0.00
ORD-00000694,CX-003,KRSEC,SELL,8212,55.40,2026-03-27T21:23:19Z,2026-03-27T17:23:19-04:00,UTC,2026-03-27T21:23:19Z,FAILED,699.23
ORD-00000695,CX-005,SGEX,BUY,5062,7.97,2026-03-27T21:23:42Z,2026-03-28T05:23:42+08:00,UTC,2026-03-27T21:23:42Z,PENDING_RESUBMIT,0.00
ORD-00000696,CX-005,KRSEC,BUY,8586,41.22,2026-03-27T21:24:00Z,2026-03-28T05:24:00+08:00,UTC,2026-03-27T21:24:00Z,PENDING_RESUBMIT,0.00
ORD-00000697,CX-002,SGEX,SELL,9686,123.68,2026-03-27T21:24:10Z,2026-03-28T05:24:10+08:00,UTC,2026-03-27T21:24:10Z,PENDING_RESUBMIT,0.00
ORD-00000698,CX-003,JPNBK,BUY,8872,210.91,2026-03-27T21:25:21Z,2026-03-27T17:25:21-04:00,UTC,2026-03-27T21:25:21Z,PENDING_RESUBMIT,0.00
ORD-00000699,CX-001,HKFIN,SELL,455,194.02,2026-03-27T21:25:30Z,2026-03-28T05:25:30+08:00,UTC,2026-03-27T21:25:30Z,FAILED,777.43
ORD-00000700,CX-005,CNTECH,BUY,1774,27.06,2026-03-27T21:25:30Z,2026-03-28T05:25:30+08:00,UTC,2026-03-27T21:25:30Z,PENDING_RESUBMIT,0.00
ORD-00000701,CX-003,AUHLD,BUY,2123,48.05,2026-03-27T21:25:52Z,2026-03-27T17:25:52-04:00,UTC,2026-03-27T21:25:52Z,PENDING_RESUBMIT,0.00
ORD-00000702,CX-001,KRSEC,SELL,5973,129.29,2026-03-27T21:26:01Z,2026-03-28T05:26:01+08:00,UTC,2026-03-27T21:26:01Z,PENDING_RESUBMIT,0.00
ORD-00000703,CX-001,TWSMC,SELL,5881,205.22,2026-03-27T21:26:36Z,2026-03-28T05:26:36+08:00,UTC,2026-03-27T21:26:36Z,PENDING_RESUBMIT,0.00
ORD-00000704,CX-005,AUHLD,SELL,5019,223.42,2026-03-27T21:26:36Z,2026-03-28T05:26:36+08:00,UTC,2026-03-27T21:26:36Z,PENDING_RESUBMIT,0.00
ORD-00000705,CX-001,KRSEC,SELL,6989,198.08,2026-03-27T21:27:05Z,2026-03-28T05:27:05+08:00,UTC,2026-03-27T21:27:05Z,FAILED,905.78
ORD-00000706,CX-003,HKFIN,SELL,4350,247.26,2026-03-27T21:27:25Z,2026-03-27T17:27:25-04:00,UTC,2026-03-27T21:27:25Z,PENDING_RESUBMIT,0.00
ORD-00000707,CX-005,SGEX,BUY,8519,111.39,2026-03-27T21:27:31Z,2026-03-28T05:27:31+08:00,UTC,2026-03-27T21:27:31Z,PENDING_RESUBMIT,0.00
ORD-00000708,CX-003,SGEX,BUY,4881,14.58,2026-03-27T21:27:44Z,2026-03-27T17:27:44-04:00,UTC,2026-03-27T21:27:44Z,FAILED,728.52
ORD-00000709,CX-003,SGEX,BUY,2020,240.70,2026-03-27T21:28:27Z,2026-03-27T17:28:27-04:00,UTC,2026-03-27T21:28:27Z,FAILED,917.94
ORD-00000710,CX-004,TWSMC,BUY,1551,249.41,2026-03-27T21:28:30Z,2026-03-28T05:28:30+08:00,UTC,2026-03-27T21:28:30Z,PENDING_RESUBMIT,0.00
ORD-00000711,CX-001,TWSMC,SELL,2855,196.28,2026-03-27T21:28:44Z,2026-03-28T05:28:44+08:00,UTC,2026-03-27T21:28:44Z,PENDING_RESUBMIT,0.00
ORD-00000712,CX-003,HKFIN,BUY,7211,204.39,2026-03-27T21:29:27Z,2026-03-27T17:29:27-04:00,UTC,2026-03-27T21:29:27Z,PENDING_RESUBMIT,0.00
ORD-00000713,CX-002,AUHLD,SELL,4820,193.59,2026-03-27T21:30:51Z,2026-03-28T05:30:51+08:00,UTC,2026-03-27T21:30:51Z,PENDING_RESUBMIT,0.00
ORD-00000714,CX-003,AUHLD,BUY,344,218.95,2026-03-27T21:31:13Z,2026-03-27T17:31:13-04:00,UTC,2026-03-27T21:31:13Z,PENDING_RESUBMIT,0.00
ORD-00000715,CX-004,AUHLD,SELL,5556,53.75,2026-03-27T21:31:50Z,2026-03-28T05:31:50+08:00,UTC,2026-03-27T21:31:50Z,PENDING_RESUBMIT,0.00
ORD-00000716,CX-005,KRSEC,SELL,2002,29.88,2026-03-27T21:32:59Z,2026-03-28T05:32:59+08:00,UTC,2026-03-27T21:32:59Z,PENDING_RESUBMIT,0.00
ORD-00000717,CX-003,KRSEC,BUY,653,71.75,2026-03-27T21:34:22Z,2026-03-27T17:34:22-04:00,UTC,2026-03-27T21:34:22Z,PENDING_RESUBMIT,0.00
ORD-00000718,CX-003,AUHLD,BUY,9618,180.16,2026-03-27T21:34:29Z,2026-03-27T17:34:29-04:00,UTC,2026-03-27T21:34:29Z,PENDING_RESUBMIT,0.00
ORD-00000719,CX-004,KRSEC,BUY,6235,43.89,2026-03-27T21:34:50Z,2026-03-28T05:34:50+08:00,UTC,2026-03-27T21:34:50Z,PENDING_RESUBMIT,0.00
ORD-00000720,CX-005,HKFIN,SELL,9154,91.62,2026-03-27T21:34:54Z,2026-03-28T05:34:54+08:00,UTC,2026-03-27T21:34:54Z,PENDING_RESUBMIT,0.00
ORD-00000721,CX-003,SGEX,SELL,469,59.89,2026-03-27T21:34:59Z,2026-03-27T17:34:59-04:00,UTC,2026-03-27T21:34:59Z,PENDING_RESUBMIT,0.00
ORD-00000722,CX-003,SGEX,BUY,8361,34.00,2026-03-27T21:35:25Z,2026-03-27T17:35:25-04:00,UTC,2026-03-27T21:35:25Z,FAILED,825.61
ORD-00000723,CX-005,AUHLD,SELL,5718,210.33,2026-03-27T21:35:50Z,2026-03-28T05:35:50+08:00,UTC,2026-03-27T21:35:50Z,FAILED,827.23
ORD-00000724,CX-001,CNTECH,SELL,6202,117.32,2026-03-27T21:35:58Z,2026-03-28T05:35:58+08:00,UTC,2026-03-27T21:35:58Z,FAILED,743.72
ORD-00000725,CX-005,SGEX,SELL,5203,211.16,2026-03-27T21:36:01Z,2026-03-28T05:36:01+08:00,UTC,2026-03-27T21:36:01Z,PENDING_RESUBMIT,0.00
ORD-00000726,CX-004,HKFIN,SELL,547,38.64,2026-03-27T21:37:37Z,2026-03-28T05:37:37+08:00,UTC,2026-03-27T21:37:37Z,PENDING_RESUBMIT,0.00
ORD-00000727,CX-005,KRSEC,SELL,2133,18.08,2026-03-27T21:38:27Z,2026-03-28T05:38:27+08:00,UTC,2026-03-27T21:38:27Z,PENDING_RESUBMIT,0.00
ORD-00000728,CX-005,AUHLD,SELL,4524,10.53,2026-03-27T21:39:37Z,2026-03-28T05:39:37+08:00,UTC,2026-03-27T21:39:37Z,PENDING_RESUBMIT,0.00
ORD-00000729,CX-002,AUHLD,SELL,9901,178.84,2026-03-27T21:39:39Z,2026-03-28T05:39:39+08:00,UTC,2026-03-27T21:39:39Z,PENDING_RESUBMIT,0.00
ORD-00000730,CX-003,KRSEC,SELL,7534,238.50,2026-03-27T21:39:56Z,2026-03-27T17:39:56-04:00,UTC,2026-03-27T21:39:56Z,PENDING_RESUBMIT,0.00
ORD-00000731,CX-005,CNTECH,SELL,5451,56.58,2026-03-27T21:39:58Z,2026-03-28T05:39:58+08:00,UTC,2026-03-27T21:39:58Z,PENDING_RESUBMIT,0.00
ORD-00000732,CX-001,AUHLD,SELL,5500,78.98,2026-03-27T21:40:24Z,2026-03-28T05:40:24+08:00,UTC,2026-03-27T21:40:24Z,FAILED,827.25
ORD-00000733,CX-005,AUHLD,SELL,6593,149.16,2026-03-27T21:40:34Z,2026-03-28T05:40:34+08:00,UTC,2026-03-27T21:40:34Z,FAILED,918.69
ORD-00000734,CX-001,AUHLD,BUY,6242,60.01,2026-03-27T21:40:40Z,2026-03-28T05:40:40+08:00,UTC,2026-03-27T21:40:40Z,PENDING_RESUBMIT,0.00
ORD-00000735,CX-001,CNTECH,SELL,6033,98.80,2026-03-27T21:40:55Z,2026-03-28T05:40:55+08:00,UTC,2026-03-27T21:40:55Z,FAILED,784.76
ORD-00000736,CX-002,CNTECH,BUY,5839,78.30,2026-03-27T21:41:01Z,2026-03-28T05:41:01+08:00,UTC,2026-03-27T21:41:01Z,FAILED,611.13
ORD-00000737,CX-005,HKFIN,BUY,9171,148.11,2026-03-27T21:41:19Z,2026-03-28T05:41:19+08:00,UTC,2026-03-27T21:41:19Z,PENDING_RESUBMIT,0.00
ORD-00000738,CX-002,CNTECH,SELL,6464,6.93,2026-03-27T21:41:20Z,2026-03-28T05:41:20+08:00,UTC,2026-03-27T21:41:20Z,PENDING_RESUBMIT,0.00
ORD-00000739,CX-005,TWSMC,BUY,1632,202.33,2026-03-27T21:41:41Z,2026-03-28T05:41:41+08:00,UTC,2026-03-27T21:41:41Z,PENDING_RESUBMIT,0.00
ORD-00000740,CX-001,JPNBK,SELL,5721,94.65,2026-03-27T21:42:10Z,2026-03-28T05:42:10+08:00,UTC,2026-03-27T21:42:10Z,PENDING_RESUBMIT,0.00
ORD-00000741,CX-001,JPNBK,BUY,882,63.42,2026-03-27T21:42:42Z,2026-03-28T05:42:42+08:00,UTC,2026-03-27T21:42:42Z,PENDING_RESUBMIT,0.00
ORD-00000742,CX-004,HKFIN,SELL,5384,7.87,2026-03-27T21:42:55Z,2026-03-28T05:42:55+08:00,UTC,2026-03-27T21:42:55Z,PENDING_RESUBMIT,0.00
ORD-00000743,CX-002,TWSMC,BUY,5234,85.68,2026-03-27T21:43:11Z,2026-03-28T05:43:11+08:00,UTC,2026-03-27T21:43:11Z,PENDING_RESUBMIT,0.00
ORD-00000744,CX-001,AUHLD,SELL,1081,243.28,2026-03-27T21:43:17Z,2026-03-28T05:43:17+08:00,UTC,2026-03-27T21:43:17Z,FAILED,842.98
ORD-00000745,CX-005,KRSEC,SELL,7230,147.01,2026-03-27T21:43:57Z,2026-03-28T05:43:57+08:00,UTC,2026-03-27T21:43:57Z,FAILED,894.59
ORD-00000746,CX-004,HKFIN,SELL,3373,84.07,2026-03-27T21:44:32Z,2026-03-28T05:44:32+08:00,UTC,2026-03-27T21:44:32Z,PENDING_RESUBMIT,0.00
ORD-00000747,CX-002,HKFIN,SELL,7233,105.51,2026-03-27T21:45:42Z,2026-03-28T05:45:42+08:00,UTC,2026-03-27T21:45:42Z,PENDING_RESUBMIT,0.00
ORD-00000748,CX-001,AUHLD,BUY,8755,222.74,2026-03-27T21:46:28Z,2026-03-28T05:46:28+08:00,UTC,2026-03-27T21:46:28Z,FAILED,728.81
ORD-00000749,CX-001,SGEX,BUY,3225,9.64,2026-03-27T21:47:41Z,2026-03-28T05:47:41+08:00,UTC,2026-03-27T21:47:41Z,PENDING_RESUBMIT,0.00
ORD-00000750,CX-001,TWSMC,BUY,6337,46.53,2026-03-27T21:48:17Z,2026-03-28T05:48:17+08:00,UTC,2026-03-27T21:48:17Z,FAILED,746.10
ORD-00000751,CX-005,HKFIN,BUY,495,44.69,2026-03-27T21:48:49Z,2026-03-28T05:48:49+08:00,UTC,2026-03-27T21:48:49Z,PENDING_RESUBMIT,0.00
ORD-00000752,CX-002,TWSMC,BUY,2285,29.49,2026-03-27T21:49:16Z,2026-03-28T05:49:16+08:00,UTC,2026-03-27T21:49:16Z,FAILED,679.92
ORD-00000753,CX-004,SGEX,SELL,7291,106.56,2026-03-27T21:49:18Z,2026-03-28T05:49:18+08:00,UTC,2026-03-27T21:49:18Z,PENDING_RESUBMIT,0.00
ORD-00000754,CX-004,TWSMC,SELL,7706,29.08,2026-03-27T21:49:35Z,2026-03-28T05:49:35+08:00,UTC,2026-03-27T21:49:35Z,PENDING_RESUBMIT,0.00
ORD-00000755,CX-004,CNTECH,SELL,765,23.75,2026-03-27T21:49:46Z,2026-03-28T05:49:46+08:00,UTC,2026-03-27T21:49:46Z,PENDING_RESUBMIT,0.00
ORD-00000756,CX-005,CNTECH,BUY,8243,244.48,2026-03-27T21:49:59Z,2026-03-28T05:49:59+08:00,UTC,2026-03-27T21:49:59Z,PENDING_RESUBMIT,0.00
ORD-00000757,CX-003,TWSMC,SELL,5988,55.55,2026-03-27T21:50:03Z,2026-03-27T17:50:03-04:00,UTC,2026-03-27T21:50:03Z,PENDING_RESUBMIT,0.00
ORD-00000758,CX-001,HKFIN,BUY,6818,10.86,2026-03-27T21:50:53Z,2026-03-28T05:50:53+08:00,UTC,2026-03-27T21:50:53Z,FAILED,908.97
ORD-00000759,CX-004,JPNBK,SELL,9220,135.10,2026-03-27T21:51:00Z,2026-03-28T05:51:00+08:00,UTC,2026-03-27T21:51:00Z,PENDING_RESUBMIT,0.00
ORD-00000760,CX-002,CNTECH,SELL,1486,202.70,2026-03-27T21:51:04Z,2026-03-28T05:51:04+08:00,UTC,2026-03-27T21:51:04Z,PENDING_RESUBMIT,0.00
ORD-00000761,CX-005,HKFIN,BUY,7208,123.43,2026-03-27T21:51:04Z,2026-03-28T05:51:04+08:00,UTC,2026-03-27T21:51:04Z,PENDING_RESUBMIT,0.00
ORD-00000762,CX-002,HKFIN,SELL,3838,38.81,2026-03-27T21:51:14Z,2026-03-28T05:51:14+08:00,UTC,2026-03-27T21:51:14Z,PENDING_RESUBMIT,0.00
ORD-00000763,CX-005,AUHLD,BUY,1729,36.82,2026-03-27T21:51:24Z,2026-03-28T05:51:24+08:00,UTC,2026-03-27T21:51:24Z,PENDING_RESUBMIT,0.00
ORD-00000764,CX-001,JPNBK,SELL,3784,235.66,2026-03-27T21:52:24Z,2026-03-28T05:52:24+08:00,UTC,2026-03-27T21:52:24Z,FAILED,881.39
ORD-00000765,CX-005,KRSEC,BUY,8827,186.14,2026-03-27T21:52:31Z,2026-03-28T05:52:31+08:00,UTC,2026-03-27T21:52:31Z,FAILED,731.69
ORD-00000766,CX-002,HKFIN,SELL,7214,146.97,2026-03-27T21:52:33Z,2026-03-28T05:52:33+08:00,UTC,2026-03-27T21:52:33Z,PENDING_RESUBMIT,0.00
ORD-00000767,CX-002,SGEX,SELL,8561,147.68,2026-03-27T21:53:37Z,2026-03-28T05:53:37+08:00,UTC,2026-03-27T21:53:37Z,PENDING_RESUBMIT,0.00
ORD-00000768,CX-001,AUHLD,SELL,6405,41.42,2026-03-27T21:54:39Z,2026-03-28T05:54:39+08:00,UTC,2026-03-27T21:54:39Z,PENDING_RESUBMIT,0.00
ORD-00000769,CX-004,JPNBK,SELL,883,84.51,2026-03-27T21:54:47Z,2026-03-28T05:54:47+08:00,UTC,2026-03-27T21:54:47Z,PENDING_RESUBMIT,0.00
ORD-00000770,CX-001,HKFIN,SELL,1597,173.06,2026-03-27T21:54:49Z,2026-03-28T05:54:49+08:00,UTC,2026-03-27T21:54:49Z,PENDING_RESUBMIT,0.00
ORD-00000771,CX-005,AUHLD,BUY,1715,175.86,2026-03-27T21:54:50Z,2026-03-28T05:54:50+08:00,UTC,2026-03-27T21:54:50Z,PENDING_RESUBMIT,0.00
ORD-00000772,CX-001,TWSMC,BUY,9249,188.55,2026-03-27T21:54:51Z,2026-03-28T05:54:51+08:00,UTC,2026-03-27T21:54:51Z,PENDING_RESUBMIT,0.00
ORD-00000773,CX-005,KRSEC,SELL,3882,97.96,2026-03-27T21:54:52Z,2026-03-28T05:54:52+08:00,UTC,2026-03-27T21:54:52Z,FAILED,688.70
ORD-00000774,CX-004,HKFIN,BUY,2196,132.06,2026-03-27T21:55:07Z,2026-03-28T05:55:07+08:00,UTC,2026-03-27T21:55:07Z,FAILED,911.86
ORD-00000775,CX-005,TWSMC,BUY,6294,180.95,2026-03-27T21:55:08Z,2026-03-28T05:55:08+08:00,UTC,2026-03-27T21:55:08Z,PENDING_RESUBMIT,0.00
ORD-00000776,CX-001,SGEX,SELL,928,229.92,2026-03-27T21:55:39Z,2026-03-28T05:55:39+08:00,UTC,2026-03-27T21:55:39Z,FAILED,743.88
ORD-00000777,CX-003,CNTECH,BUY,1355,18.88,2026-03-27T21:56:07Z,2026-03-27T17:56:07-04:00,UTC,2026-03-27T21:56:07Z,PENDING_RESUBMIT,0.00
ORD-00000778,CX-004,HKFIN,SELL,1590,238.20,2026-03-27T21:56:09Z,2026-03-28T05:56:09+08:00,UTC,2026-03-27T21:56:09Z,FAILED,734.29
ORD-00000779,CX-003,CNTECH,BUY,2136,80.19,2026-03-27T21:56:46Z,2026-03-27T17:56:46-04:00,UTC,2026-03-27T21:56:46Z,PENDING_RESUBMIT,0.00
ORD-00000780,CX-002,CNTECH,SELL,407,224.65,2026-03-27T21:56:52Z,2026-03-28T05:56:52+08:00,UTC,2026-03-27T21:56:52Z,PENDING_RESUBMIT,0.00
ORD-00000781,CX-001,SGEX,SELL,7268,141.96,2026-03-27T21:56:58Z,2026-03-28T05:56:58+08:00,UTC,2026-03-27T21:56:58Z,PENDING_RESUBMIT,0.00
ORD-00000782,CX-004,JPNBK,BUY,311,29.78,2026-03-27T21:57:34Z,2026-03-28T05:57:34+08:00,UTC,2026-03-27T21:57:34Z,PENDING_RESUBMIT,0.00
ORD-00000783,CX-002,TWSMC,SELL,9071,49.25,2026-03-27T21:57:35Z,2026-03-28T05:57:35+08:00,UTC,2026-03-27T21:57:35Z,PENDING_RESUBMIT,0.00
ORD-00000784,CX-005,CNTECH,BUY,9206,229.23,2026-03-27T21:59:17Z,2026-03-28T05:59:17+08:00,UTC,2026-03-27T21:59:17Z,PENDING_RESUBMIT,0.00
ORD-00000785,CX-002,SGEX,BUY,5042,168.56,2026-03-27T21:59:30Z,2026-03-28T05:59:30+08:00,UTC,2026-03-27T21:59:30Z,FAILED,765.62
ORD-00000786,CX-002,JPNBK,SELL,1340,161.50,2026-03-27T21:59:51Z,2026-03-28T05:59:51+08:00,UTC,2026-03-27T21:59:51Z,PENDING_RESUBMIT,0.00
ORD-00000787,CX-004,JPNBK,SELL,5873,243.53,2026-03-27T22:00:03Z,2026-03-28T06:00:03+08:00,UTC,2026-03-27T22:00:03Z,PENDING_RESUBMIT,0.00
ORD-00000788,CX-003,KRSEC,SELL,2446,136.30,2026-03-27T22:00:46Z,2026-03-27T18:00:46-04:00,UTC,2026-03-27T22:00:46Z,PENDING_RESUBMIT,0.00
ORD-00000789,CX-003,SGEX,BUY,584,136.31,2026-03-27T22:01:07Z,2026-03-27T18:01:07-04:00,UTC,2026-03-27T22:01:07Z,PENDING_RESUBMIT,0.00
ORD-00000790,CX-005,TWSMC,BUY,4237,35.49,2026-03-27T22:01:22Z,2026-03-28T06:01:22+08:00,UTC,2026-03-27T22:01:22Z,PENDING_RESUBMIT,0.00
ORD-00000791,CX-005,AUHLD,BUY,4903,39.70,2026-03-27T22:01:50Z,2026-03-28T06:01:50+08:00,UTC,2026-03-27T22:01:50Z,PENDING_RESUBMIT,0.00
ORD-00000792,CX-005,HKFIN,BUY,1185,45.03,2026-03-27T22:01:50Z,2026-03-28T06:01:50+08:00,UTC,2026-03-27T22:01:50Z,PENDING_RESUBMIT,0.00
ORD-00000793,CX-002,CNTECH,BUY,2626,80.16,2026-03-27T22:02:17Z,2026-03-28T06:02:17+08:00,UTC,2026-03-27T22:02:17Z,PENDING_RESUBMIT,0.00
ORD-00000794,CX-001,CNTECH,BUY,9830,248.70,2026-03-27T22:02:32Z,2026-03-28T06:02:32+08:00,UTC,2026-03-27T22:02:32Z,PENDING_RESUBMIT,0.00
ORD-00000795,CX-003,CNTECH,SELL,2401,235.26,2026-03-27T22:02:47Z,2026-03-27T18:02:47-04:00,UTC,2026-03-27T22:02:47Z,PENDING_RESUBMIT,0.00
ORD-00000796,CX-005,JPNBK,BUY,5458,224.99,2026-03-27T22:03:04Z,2026-03-28T06:03:04+08:00,UTC,2026-03-27T22:03:04Z,PENDING_RESUBMIT,0.00
ORD-00000797,CX-004,HKFIN,SELL,8947,94.57,2026-03-27T22:03:42Z,2026-03-28T06:03:42+08:00,UTC,2026-03-27T22:03:42Z,FAILED,834.10
ORD-00000798,CX-003,CNTECH,BUY,7344,59.06,2026-03-27T22:04:14Z,2026-03-27T18:04:14-04:00,UTC,2026-03-27T22:04:14Z,PENDING_RESUBMIT,0.00
ORD-00000799,CX-005,TWSMC,SELL,2101,101.71,2026-03-27T22:04:38Z,2026-03-28T06:04:38+08:00,UTC,2026-03-27T22:04:38Z,FAILED,823.95
ORD-00000800,CX-002,AUHLD,BUY,949,54.63,2026-03-27T22:04:52Z,2026-03-28T06:04:52+08:00,UTC,2026-03-27T22:04:52Z,PENDING_RESUBMIT,0.00
ORD-00000801,CX-003,CNTECH,SELL,4352,217.92,2026-03-27T22:04:57Z,2026-03-27T18:04:57-04:00,UTC,2026-03-27T22:04:57Z,PENDING_RESUBMIT,0.00
ORD-00000802,CX-005,TWSMC,SELL,5449,134.04,2026-03-27T22:05:02Z,2026-03-28T06:05:02+08:00,UTC,2026-03-27T22:05:02Z,FAILED,749.86
ORD-00000803,CX-001,KRSEC,BUY,4770,11.73,2026-03-27T22:05:40Z,2026-03-28T06:05:40+08:00,UTC,2026-03-27T22:05:40Z,PENDING_RESUBMIT,0.00
ORD-00000804,CX-003,JPNBK,BUY,5889,137.41,2026-03-27T22:06:06Z,2026-03-27T18:06:06-04:00,UTC,2026-03-27T22:06:06Z,FAILED,700.15
ORD-00000805,CX-004,JPNBK,SELL,7914,156.52,2026-03-27T22:06:30Z,2026-03-28T06:06:30+08:00,UTC,2026-03-27T22:06:30Z,PENDING_RESUBMIT,0.00
ORD-00000806,CX-001,HKFIN,SELL,272,5.02,2026-03-27T22:06:55Z,2026-03-28T06:06:55+08:00,UTC,2026-03-27T22:06:55Z,PENDING_RESUBMIT,0.00
ORD-00000807,CX-005,SGEX,SELL,3157,135.59,2026-03-27T22:07:56Z,2026-03-28T06:07:56+08:00,UTC,2026-03-27T22:07:56Z,FAILED,732.83
ORD-00000808,CX-003,HKFIN,SELL,1073,39.13,2026-03-27T22:08:06Z,2026-03-27T18:08:06-04:00,UTC,2026-03-27T22:08:06Z,FAILED,850.39
ORD-00000809,CX-005,TWSMC,SELL,2911,145.27,2026-03-27T22:08:20Z,2026-03-28T06:08:20+08:00,UTC,2026-03-27T22:08:20Z,PENDING_RESUBMIT,0.00
ORD-00000810,CX-001,SGEX,BUY,5700,46.68,2026-03-27T22:08:22Z,2026-03-28T06:08:22+08:00,UTC,2026-03-27T22:08:22Z,PENDING_RESUBMIT,0.00
ORD-00000811,CX-001,KRSEC,SELL,302,177.62,2026-03-27T22:08:54Z,2026-03-28T06:08:54+08:00,UTC,2026-03-27T22:08:54Z,PENDING_RESUBMIT,0.00
ORD-00000812,CX-002,HKFIN,SELL,4168,95.56,2026-03-27T22:09:06Z,2026-03-28T06:09:06+08:00,UTC,2026-03-27T22:09:06Z,FAILED,628.77
ORD-00000813,CX-005,KRSEC,SELL,7876,103.33,2026-03-27T22:10:10Z,2026-03-28T06:10:10+08:00,UTC,2026-03-27T22:10:10Z,PENDING_RESUBMIT,0.00
ORD-00000814,CX-004,SGEX,SELL,7088,162.36,2026-03-27T22:10:16Z,2026-03-28T06:10:16+08:00,UTC,2026-03-27T22:10:16Z,FAILED,815.95
ORD-00000815,CX-001,KRSEC,BUY,8228,116.52,2026-03-27T22:10:21Z,2026-03-28T06:10:21+08:00,UTC,2026-03-27T22:10:21Z,PENDING_RESUBMIT,0.00
ORD-00000816,CX-003,KRSEC,BUY,628,87.82,2026-03-27T22:10:28Z,2026-03-27T18:10:28-04:00,UTC,2026-03-27T22:10:28Z,PENDING_RESUBMIT,0.00
ORD-00000817,CX-002,TWSMC,SELL,8570,81.69,2026-03-27T22:10:39Z,2026-03-28T06:10:39+08:00,UTC,2026-03-27T22:10:39Z,PENDING_RESUBMIT,0.00
ORD-00000818,CX-001,AUHLD,SELL,4415,60.43,2026-03-27T22:10:44Z,2026-03-28T06:10:44+08:00,UTC,2026-03-27T22:10:44Z,PENDING_RESUBMIT,0.00
ORD-00000819,CX-004,AUHLD,SELL,6072,225.51,2026-03-27T22:11:01Z,2026-03-28T06:11:01+08:00,UTC,2026-03-27T22:11:01Z,FAILED,755.79
ORD-00000820,CX-003,CNTECH,SELL,1456,91.49,2026-03-27T22:11:18Z,2026-03-27T18:11:18-04:00,UTC,2026-03-27T22:11:18Z,PENDING_RESUBMIT,0.00
ORD-00000821,CX-005,CNTECH,SELL,5315,222.66,2026-03-27T22:11:43Z,2026-03-28T06:11:43+08:00,UTC,2026-03-27T22:11:43Z,PENDING_RESUBMIT,0.00
ORD-00000822,CX-001,HKFIN,BUY,9668,212.27,2026-03-27T22:11:46Z,2026-03-28T06:11:46+08:00,UTC,2026-03-27T22:11:46Z,FAILED,686.08
ORD-00000823,CX-003,JPNBK,SELL,4057,6.02,2026-03-27T22:12:03Z,2026-03-27T18:12:03-04:00,UTC,2026-03-27T22:12:03Z,FAILED,757.79
ORD-00000824,CX-001,CNTECH,BUY,1581,43.62,2026-03-27T22:12:36Z,2026-03-28T06:12:36+08:00,UTC,2026-03-27T22:12:36Z,PENDING_RESUBMIT,0.00
ORD-00000825,CX-001,HKFIN,BUY,1210,90.87,2026-03-27T22:12:49Z,2026-03-28T06:12:49+08:00,UTC,2026-03-27T22:12:49Z,PENDING_RESUBMIT,0.00
ORD-00000826,CX-005,SGEX,BUY,764,59.34,2026-03-27T22:13:00Z,2026-03-28T06:13:00+08:00,UTC,2026-03-27T22:13:00Z,PENDING_RESUBMIT,0.00
ORD-00000827,CX-001,KRSEC,BUY,941,147.96,2026-03-27T22:13:10Z,2026-03-28T06:13:10+08:00,UTC,2026-03-27T22:13:10Z,FAILED,817.76
ORD-00000828,CX-003,SGEX,SELL,8112,139.78,2026-03-27T22:13:28Z,2026-03-27T18:13:28-04:00,UTC,2026-03-27T22:13:28Z,PENDING_RESUBMIT,0.00
ORD-00000829,CX-001,TWSMC,BUY,1253,209.44,2026-03-27T22:13:29Z,2026-03-28T06:13:29+08:00,UTC,2026-03-27T22:13:29Z,PENDING_RESUBMIT,0.00
ORD-00000830,CX-005,TWSMC,BUY,5069,220.69,2026-03-27T22:13:34Z,2026-03-28T06:13:34+08:00,UTC,2026-03-27T22:13:34Z,FAILED,775.70
ORD-00000831,CX-002,JPNBK,SELL,6008,159.21,2026-03-27T22:13:42Z,2026-03-28T06:13:42+08:00,UTC,2026-03-27T22:13:42Z,FAILED,740.65
ORD-00000832,CX-002,HKFIN,SELL,6511,145.79,2026-03-27T22:14:10Z,2026-03-28T06:14:10+08:00,UTC,2026-03-27T22:14:10Z,PENDING_RESUBMIT,0.00
ORD-00000833,CX-002,CNTECH,SELL,2731,67.83,2026-03-27T22:14:42Z,2026-03-28T06:14:42+08:00,UTC,2026-03-27T22:14:42Z,FAILED,636.57
ORD-00000834,CX-002,CNTECH,BUY,4283,165.31,2026-03-27T22:14:52Z,2026-03-28T06:14:52+08:00,UTC,2026-03-27T22:14:52Z,PENDING_RESUBMIT,0.00
ORD-00000835,CX-005,SGEX,SELL,3181,62.53,2026-03-27T22:15:05Z,2026-03-28T06:15:05+08:00,UTC,2026-03-27T22:15:05Z,PENDING_RESUBMIT,0.00
ORD-00000836,CX-002,TWSMC,SELL,4640,18.34,2026-03-27T22:15:10Z,2026-03-28T06:15:10+08:00,UTC,2026-03-27T22:15:10Z,PENDING_RESUBMIT,0.00
ORD-00000837,CX-003,KRSEC,BUY,447,207.11,2026-03-27T22:15:17Z,2026-03-27T18:15:17-04:00,UTC,2026-03-27T22:15:17Z,PENDING_RESUBMIT,0.00
ORD-00000838,CX-003,JPNBK,BUY,984,89.93,2026-03-27T22:15:22Z,2026-03-27T18:15:22-04:00,UTC,2026-03-27T22:15:22Z,PENDING_RESUBMIT,0.00
ORD-00000839,CX-005,CNTECH,BUY,2105,216.99,2026-03-27T22:15:40Z,2026-03-28T06:15:40+08:00,UTC,2026-03-27T22:15:40Z,PENDING_RESUBMIT,0.00
ORD-00000840,CX-001,KRSEC,BUY,6205,204.67,2026-03-27T22:16:12Z,2026-03-28T06:16:12+08:00,UTC,2026-03-27T22:16:12Z,PENDING_RESUBMIT,0.00
ORD-00000841,CX-003,AUHLD,BUY,5667,160.89,2026-03-27T22:16:13Z,2026-03-27T18:16:13-04:00,UTC,2026-03-27T22:16:13Z,PENDING_RESUBMIT,0.00
ORD-00000842,CX-001,TWSMC,BUY,2576,189.30,2026-03-27T22:16:29Z,2026-03-28T06:16:29+08:00,UTC,2026-03-27T22:16:29Z,PENDING_RESUBMIT,0.00
ORD-00000843,CX-001,JPNBK,BUY,5635,205.26,2026-03-27T22:16:30Z,2026-03-28T06:16:30+08:00,UTC,2026-03-27T22:16:30Z,PENDING_RESUBMIT,0.00
ORD-00000844,CX-003,HKFIN,SELL,2650,114.28,2026-03-27T22:16:44Z,2026-03-27T18:16:44-04:00,UTC,2026-03-27T22:16:44Z,PENDING_RESUBMIT,0.00
ORD-00000845,CX-001,JPNBK,SELL,8179,40.75,2026-03-27T22:16:52Z,2026-03-28T06:16:52+08:00,UTC,2026-03-27T22:16:52Z,PENDING_RESUBMIT,0.00
ORD-00000846,CX-005,CNTECH,BUY,8848,35.41,2026-03-27T22:17:01Z,2026-03-28T06:17:01+08:00,UTC,2026-03-27T22:17:01Z,FAILED,927.08
ORD-00000847,CX-005,JPNBK,SELL,7940,43.73,2026-03-27T22:17:06Z,2026-03-28T06:17:06+08:00,UTC,2026-03-27T22:17:06Z,PENDING_RESUBMIT,0.00
ORD-00000848,CX-002,TWSMC,BUY,5497,242.59,2026-03-27T22:17:19Z,2026-03-28T06:17:19+08:00,UTC,2026-03-27T22:17:19Z,PENDING_RESUBMIT,0.00
ORD-00000849,CX-005,SGEX,SELL,6492,98.33,2026-03-27T22:17:19Z,2026-03-28T06:17:19+08:00,UTC,2026-03-27T22:17:19Z,PENDING_RESUBMIT,0.00
ORD-00000850,CX-005,HKFIN,SELL,3713,112.34,2026-03-27T22:17:40Z,2026-03-28T06:17:40+08:00,UTC,2026-03-27T22:17:40Z,FAILED,878.09
ORD-00000851,CX-002,HKFIN,SELL,2184,12.86,2026-03-27T22:17:43Z,2026-03-28T06:17:43+08:00,UTC,2026-03-27T22:17:43Z,PENDING_RESUBMIT,0.00
ORD-00000852,CX-003,CNTECH,BUY,5563,150.61,2026-03-27T22:18:15Z,2026-03-27T18:18:15-04:00,UTC,2026-03-27T22:18:15Z,FAILED,709.97
ORD-00000853,CX-001,TWSMC,SELL,2349,31.76,2026-03-27T22:19:17Z,2026-03-28T06:19:17+08:00,UTC,2026-03-27T22:19:17Z,PENDING_RESUBMIT,0.00
ORD-00000854,CX-001,CNTECH,SELL,7935,200.98,2026-03-27T22:20:03Z,2026-03-28T06:20:03+08:00,UTC,2026-03-27T22:20:03Z,FAILED,745.83
ORD-00000855,CX-005,TWSMC,BUY,6685,169.11,2026-03-27T22:20:10Z,2026-03-28T06:20:10+08:00,UTC,2026-03-27T22:20:10Z,FAILED,903.73
ORD-00000856,CX-001,HKFIN,BUY,3421,38.35,2026-03-27T22:20:11Z,2026-03-28T06:20:11+08:00,UTC,2026-03-27T22:20:11Z,PENDING_RESUBMIT,0.00
ORD-00000857,CX-002,HKFIN,BUY,4333,198.47,2026-03-27T22:21:01Z,2026-03-28T06:21:01+08:00,UTC,2026-03-27T22:21:01Z,PENDING_RESUBMIT,0.00
ORD-00000858,CX-001,CNTECH,SELL,8138,60.89,2026-03-27T22:21:41Z,2026-03-28T06:21:41+08:00,UTC,2026-03-27T22:21:41Z,PENDING_RESUBMIT,0.00
ORD-00000859,CX-005,AUHLD,BUY,4230,5.75,2026-03-27T22:22:19Z,2026-03-28T06:22:19+08:00,UTC,2026-03-27T22:22:19Z,PENDING_RESUBMIT,0.00
ORD-00000860,CX-001,SGEX,SELL,4202,25.19,2026-03-27T22:22:27Z,2026-03-28T06:22:27+08:00,UTC,2026-03-27T22:22:27Z,PENDING_RESUBMIT,0.00
ORD-00000861,CX-002,CNTECH,BUY,8155,120.42,2026-03-27T22:22:28Z,2026-03-28T06:22:28+08:00,UTC,2026-03-27T22:22:28Z,PENDING_RESUBMIT,0.00
ORD-00000862,CX-005,SGEX,SELL,7391,98.45,2026-03-27T22:22:41Z,2026-03-28T06:22:41+08:00,UTC,2026-03-27T22:22:41Z,PENDING_RESUBMIT,0.00
ORD-00000863,CX-003,AUHLD,BUY,2133,115.93,2026-03-27T22:22:53Z,2026-03-27T18:22:53-04:00,UTC,2026-03-27T22:22:53Z,FAILED,904.46
ORD-00000864,CX-002,AUHLD,SELL,4266,216.41,2026-03-27T22:23:01Z,2026-03-28T06:23:01+08:00,UTC,2026-03-27T22:23:01Z,PENDING_RESUBMIT,0.00
ORD-00000865,CX-004,KRSEC,SELL,843,39.48,2026-03-27T22:23:12Z,2026-03-28T06:23:12+08:00,UTC,2026-03-27T22:23:12Z,PENDING_RESUBMIT,0.00
ORD-00000866,CX-004,JPNBK,SELL,9915,198.61,2026-03-27T22:23:16Z,2026-03-28T06:23:16+08:00,UTC,2026-03-27T22:23:16Z,PENDING_RESUBMIT,0.00
ORD-00000867,CX-003,SGEX,BUY,479,161.40,2026-03-27T22:23:29Z,2026-03-27T18:23:29-04:00,UTC,2026-03-27T22:23:29Z,PENDING_RESUBMIT,0.00
ORD-00000868,CX-001,JPNBK,SELL,2535,13.49,2026-03-27T22:23:30Z,2026-03-28T06:23:30+08:00,UTC,2026-03-27T22:23:30Z,PENDING_RESUBMIT,0.00
ORD-00000869,CX-004,KRSEC,SELL,7309,32.31,2026-03-27T22:23:50Z,2026-03-28T06:23:50+08:00,UTC,2026-03-27T22:23:50Z,PENDING_RESUBMIT,0.00
ORD-00000870,CX-003,HKFIN,SELL,6521,101.26,2026-03-27T22:24:01Z,2026-03-27T18:24:01-04:00,UTC,2026-03-27T22:24:01Z,PENDING_RESUBMIT,0.00
ORD-00000871,CX-003,AUHLD,BUY,5100,160.73,2026-03-27T22:24:25Z,2026-03-27T18:24:25-04:00,UTC,2026-03-27T22:24:25Z,PENDING_RESUBMIT,0.00
ORD-00000872,CX-001,CNTECH,SELL,5885,169.07,2026-03-27T22:24:32Z,2026-03-28T06:24:32+08:00,UTC,2026-03-27T22:24:32Z,PENDING_RESUBMIT,0.00
ORD-00000873,CX-004,HKFIN,SELL,2122,182.86,2026-03-27T22:24:51Z,2026-03-28T06:24:51+08:00,UTC,2026-03-27T22:24:51Z,FAILED,750.84
ORD-00000874,CX-003,JPNBK,BUY,773,146.98,2026-03-27T22:24:53Z,2026-03-27T18:24:53-04:00,UTC,2026-03-27T22:24:53Z,FAILED,865.35
ORD-00000875,CX-002,CNTECH,SELL,5398,68.05,2026-03-27T22:25:02Z,2026-03-28T06:25:02+08:00,UTC,2026-03-27T22:25:02Z,FAILED,635.40
ORD-00000876,CX-001,HKFIN,BUY,7550,232.78,2026-03-27T22:25:10Z,2026-03-28T06:25:10+08:00,UTC,2026-03-27T22:25:10Z,PENDING_RESUBMIT,0.00
ORD-00000877,CX-005,TWSMC,BUY,204,231.93,2026-03-27T22:25:47Z,2026-03-28T06:25:47+08:00,UTC,2026-03-27T22:25:47Z,PENDING_RESUBMIT,0.00
ORD-00000878,CX-005,SGEX,SELL,2187,197.05,2026-03-27T22:26:05Z,2026-03-28T06:26:05+08:00,UTC,2026-03-27T22:26:05Z,PENDING_RESUBMIT,0.00
ORD-00000879,CX-002,KRSEC,BUY,791,241.13,2026-03-27T22:26:33Z,2026-03-28T06:26:33+08:00,UTC,2026-03-27T22:26:33Z,PENDING_RESUBMIT,0.00
ORD-00000880,CX-001,SGEX,BUY,9119,162.61,2026-03-27T22:26:58Z,2026-03-28T06:26:58+08:00,UTC,2026-03-27T22:26:58Z,PENDING_RESUBMIT,0.00
ORD-00000881,CX-001,KRSEC,SELL,7549,237.81,2026-03-27T22:27:02Z,2026-03-28T06:27:02+08:00,UTC,2026-03-27T22:27:02Z,FAILED,885.15
ORD-00000882,CX-003,KRSEC,BUY,5895,201.89,2026-03-27T22:27:17Z,2026-03-27T18:27:17-04:00,UTC,2026-03-27T22:27:17Z,FAILED,838.12
ORD-00000883,CX-002,CNTECH,SELL,6657,92.24,2026-03-27T22:27:21Z,2026-03-28T06:27:21+08:00,UTC,2026-03-27T22:27:21Z,PENDING_RESUBMIT,0.00
ORD-00000884,CX-005,JPNBK,SELL,3185,193.24,2026-03-27T22:27:22Z,2026-03-28T06:27:22+08:00,UTC,2026-03-27T22:27:22Z,FAILED,693.71
ORD-00000885,CX-005,AUHLD,SELL,1196,20.97,2026-03-27T22:27:47Z,2026-03-28T06:27:47+08:00,UTC,2026-03-27T22:27:47Z,PENDING_RESUBMIT,0.00
ORD-00000886,CX-003,HKFIN,SELL,356,136.66,2026-03-27T22:28:38Z,2026-03-27T18:28:38-04:00,UTC,2026-03-27T22:28:38Z,PENDING_RESUBMIT,0.00
ORD-00000887,CX-005,KRSEC,SELL,3525,27.90,2026-03-27T22:29:26Z,2026-03-28T06:29:26+08:00,UTC,2026-03-27T22:29:26Z,FAILED,925.31
ORD-00000888,CX-003,CNTECH,SELL,1501,249.71,2026-03-27T22:29:44Z,2026-03-27T18:29:44-04:00,UTC,2026-03-27T22:29:44Z,PENDING_RESUBMIT,0.00
ORD-00000889,CX-005,KRSEC,SELL,7950,54.66,2026-03-27T22:29:53Z,2026-03-28T06:29:53+08:00,UTC,2026-03-27T22:29:53Z,PENDING_RESUBMIT,0.00
ORD-00000890,CX-005,AUHLD,SELL,5072,209.90,2026-03-27T22:29:53Z,2026-03-28T06:29:53+08:00,UTC,2026-03-27T22:29:53Z,PENDING_RESUBMIT,0.00
ORD-00000891,CX-002,SGEX,BUY,8850,142.95,2026-03-27T22:30:25Z,2026-03-28T06:30:25+08:00,UTC,2026-03-27T22:30:25Z,FAILED,730.26
ORD-00000892,CX-004,SGEX,BUY,8121,117.76,2026-03-27T22:30:51Z,2026-03-28T06:30:51+08:00,UTC,2026-03-27T22:30:51Z,PENDING_RESUBMIT,0.00
ORD-00000893,CX-003,AUHLD,BUY,7127,65.70,2026-03-27T22:31:24Z,2026-03-27T18:31:24-04:00,UTC,2026-03-27T22:31:24Z,PENDING_RESUBMIT,0.00
ORD-00000894,CX-002,JPNBK,BUY,657,10.81,2026-03-27T22:32:35Z,2026-03-28T06:32:35+08:00,UTC,2026-03-27T22:32:35Z,PENDING_RESUBMIT,0.00
ORD-00000895,CX-002,AUHLD,SELL,7373,60.34,2026-03-27T22:32:55Z,2026-03-28T06:32:55+08:00,UTC,2026-03-27T22:32:55Z,FAILED,733.11
ORD-00000896,CX-003,TWSMC,BUY,8738,58.28,2026-03-27T22:32:55Z,2026-03-27T18:32:55-04:00,UTC,2026-03-27T22:32:55Z,FAILED,778.86
ORD-00000897,CX-004,SGEX,SELL,2300,220.81,2026-03-27T22:33:36Z,2026-03-28T06:33:36+08:00,UTC,2026-03-27T22:33:36Z,FAILED,764.22
ORD-00000898,CX-002,JPNBK,SELL,5147,244.49,2026-03-27T22:34:03Z,2026-03-28T06:34:03+08:00,UTC,2026-03-27T22:34:03Z,PENDING_RESUBMIT,0.00
ORD-00000899,CX-005,JPNBK,BUY,8570,148.48,2026-03-27T22:34:21Z,2026-03-28T06:34:21+08:00,UTC,2026-03-27T22:34:21Z,PENDING_RESUBMIT,0.00
ORD-00000900,CX-003,SGEX,BUY,7665,74.67,2026-03-27T22:34:29Z,2026-03-27T18:34:29-04:00,UTC,2026-03-27T22:34:29Z,PENDING_RESUBMIT,0.00
ORD-00000901,CX-002,HKFIN,SELL,4218,86.90,2026-03-27T22:34:30Z,2026-03-28T06:34:30+08:00,UTC,2026-03-27T22:34:30Z,PENDING_RESUBMIT,0.00
ORD-00000902,CX-001,CNTECH,SELL,2373,190.92,2026-03-27T22:36:29Z,2026-03-28T06:36:29+08:00,UTC,2026-03-27T22:36:29Z,PENDING_RESUBMIT,0.00
ORD-00000903,CX-001,SGEX,BUY,9833,129.23,2026-03-27T22:36:42Z,2026-03-28T06:36:42+08:00,UTC,2026-03-27T22:36:42Z,PENDING_RESUBMIT,0.00
ORD-00000904,CX-005,HKFIN,SELL,4676,48.38,2026-03-27T22:36:51Z,2026-03-28T06:36:51+08:00,UTC,2026-03-27T22:36:51Z,PENDING_RESUBMIT,0.00
ORD-00000905,CX-005,CNTECH,BUY,3947,231.78,2026-03-27T22:37:14Z,2026-03-28T06:37:14+08:00,UTC,2026-03-27T22:37:14Z,FAILED,851.64
ORD-00000906,CX-002,AUHLD,BUY,8159,227.16,2026-03-27T22:37:22Z,2026-03-28T06:37:22+08:00,UTC,2026-03-27T22:37:22Z,PENDING_RESUBMIT,0.00
ORD-00000907,CX-003,KRSEC,BUY,1644,50.34,2026-03-27T22:37:41Z,2026-03-27T18:37:41-04:00,UTC,2026-03-27T22:37:41Z,PENDING_RESUBMIT,0.00
ORD-00000908,CX-002,SGEX,BUY,2799,72.61,2026-03-27T22:38:07Z,2026-03-28T06:38:07+08:00,UTC,2026-03-27T22:38:07Z,FAILED,588.24
ORD-00000909,CX-004,SGEX,BUY,6176,143.07,2026-03-27T22:38:11Z,2026-03-28T06:38:11+08:00,UTC,2026-03-27T22:38:11Z,PENDING_RESUBMIT,0.00
ORD-00000910,CX-005,JPNBK,BUY,1348,245.79,2026-03-27T22:38:34Z,2026-03-28T06:38:34+08:00,UTC,2026-03-27T22:38:34Z,PENDING_RESUBMIT,0.00
ORD-00000911,CX-001,HKFIN,BUY,5254,211.29,2026-03-27T22:38:38Z,2026-03-28T06:38:38+08:00,UTC,2026-03-27T22:38:38Z,PENDING_RESUBMIT,0.00
ORD-00000912,CX-005,TWSMC,BUY,5229,232.07,2026-03-27T22:38:45Z,2026-03-28T06:38:45+08:00,UTC,2026-03-27T22:38:45Z,PENDING_RESUBMIT,0.00
ORD-00000913,CX-005,TWSMC,BUY,5246,97.96,2026-03-27T22:38:47Z,2026-03-28T06:38:47+08:00,UTC,2026-03-27T22:38:47Z,PENDING_RESUBMIT,0.00
ORD-00000914,CX-001,HKFIN,SELL,9561,151.49,2026-03-27T22:39:06Z,2026-03-28T06:39:06+08:00,UTC,2026-03-27T22:39:06Z,PENDING_RESUBMIT,0.00
ORD-00000915,CX-005,AUHLD,BUY,6898,139.76,2026-03-27T22:39:30Z,2026-03-28T06:39:30+08:00,UTC,2026-03-27T22:39:30Z,PENDING_RESUBMIT,0.00
ORD-00000916,CX-002,CNTECH,BUY,9360,183.49,2026-03-27T22:39:43Z,2026-03-28T06:39:43+08:00,UTC,2026-03-27T22:39:43Z,PENDING_RESUBMIT,0.00
ORD-00000917,CX-003,CNTECH,SELL,6496,177.30,2026-03-27T22:39:47Z,2026-03-27T18:39:47-04:00,UTC,2026-03-27T22:39:47Z,PENDING_RESUBMIT,0.00
ORD-00000918,CX-003,SGEX,BUY,1560,88.36,2026-03-27T22:40:58Z,2026-03-27T18:40:58-04:00,UTC,2026-03-27T22:40:58Z,FAILED,841.34
ORD-00000919,CX-003,HKFIN,BUY,3673,202.07,2026-03-27T22:41:05Z,2026-03-27T18:41:05-04:00,UTC,2026-03-27T22:41:05Z,PENDING_RESUBMIT,0.00
ORD-00000920,CX-003,AUHLD,BUY,3741,241.89,2026-03-27T22:41:15Z,2026-03-27T18:41:15-04:00,UTC,2026-03-27T22:41:15Z,PENDING_RESUBMIT,0.00
ORD-00000921,CX-004,KRSEC,BUY,2401,194.16,2026-03-27T22:41:27Z,2026-03-28T06:41:27+08:00,UTC,2026-03-27T22:41:27Z,PENDING_RESUBMIT,0.00
ORD-00000922,CX-005,KRSEC,BUY,3470,151.54,2026-03-27T22:41:30Z,2026-03-28T06:41:30+08:00,UTC,2026-03-27T22:41:30Z,PENDING_RESUBMIT,0.00
ORD-00000923,CX-002,CNTECH,BUY,4799,123.77,2026-03-27T22:41:49Z,2026-03-28T06:41:49+08:00,UTC,2026-03-27T22:41:49Z,PENDING_RESUBMIT,0.00
ORD-00000924,CX-004,CNTECH,SELL,7497,170.25,2026-03-27T22:41:53Z,2026-03-28T06:41:53+08:00,UTC,2026-03-27T22:41:53Z,PENDING_RESUBMIT,0.00
ORD-00000925,CX-003,KRSEC,SELL,8131,200.20,2026-03-27T22:42:13Z,2026-03-27T18:42:13-04:00,UTC,2026-03-27T22:42:13Z,PENDING_RESUBMIT,0.00
ORD-00000926,CX-004,SGEX,BUY,3491,146.51,2026-03-27T22:43:09Z,2026-03-28T06:43:09+08:00,UTC,2026-03-27T22:43:09Z,PENDING_RESUBMIT,0.00
ORD-00000927,CX-004,JPNBK,SELL,387,114.46,2026-03-27T22:43:26Z,2026-03-28T06:43:26+08:00,UTC,2026-03-27T22:43:26Z,PENDING_RESUBMIT,0.00
ORD-00000928,CX-003,JPNBK,BUY,136,185.82,2026-03-27T22:43:46Z,2026-03-27T18:43:46-04:00,UTC,2026-03-27T22:43:46Z,PENDING_RESUBMIT,0.00
ORD-00000929,CX-004,SGEX,SELL,409,7.09,2026-03-27T22:44:04Z,2026-03-28T06:44:04+08:00,UTC,2026-03-27T22:44:04Z,PENDING_RESUBMIT,0.00
ORD-00000930,CX-005,JPNBK,SELL,763,233.82,2026-03-27T22:44:13Z,2026-03-28T06:44:13+08:00,UTC,2026-03-27T22:44:13Z,PENDING_RESUBMIT,0.00
ORD-00000931,CX-005,SGEX,SELL,9430,156.60,2026-03-27T22:44:43Z,2026-03-28T06:44:43+08:00,UTC,2026-03-27T22:44:43Z,PENDING_RESUBMIT,0.00
ORD-00000932,CX-001,HKFIN,BUY,129,237.45,2026-03-27T22:44:50Z,2026-03-28T06:44:50+08:00,UTC,2026-03-27T22:44:50Z,PENDING_RESUBMIT,0.00
ORD-00000933,CX-001,JPNBK,BUY,3690,239.55,2026-03-27T22:45:24Z,2026-03-28T06:45:24+08:00,UTC,2026-03-27T22:45:24Z,FAILED,893.07
ORD-00000934,CX-001,HKFIN,BUY,9080,126.61,2026-03-27T22:45:45Z,2026-03-28T06:45:45+08:00,UTC,2026-03-27T22:45:45Z,PENDING_RESUBMIT,0.00
ORD-00000935,CX-002,TWSMC,BUY,9127,23.75,2026-03-27T22:45:53Z,2026-03-28T06:45:53+08:00,UTC,2026-03-27T22:45:53Z,PENDING_RESUBMIT,0.00
ORD-00000936,CX-005,HKFIN,SELL,9590,99.10,2026-03-27T22:45:58Z,2026-03-28T06:45:58+08:00,UTC,2026-03-27T22:45:58Z,PENDING_RESUBMIT,0.00
ORD-00000937,CX-001,JPNBK,SELL,6728,100.13,2026-03-27T22:46:01Z,2026-03-28T06:46:01+08:00,UTC,2026-03-27T22:46:01Z,FAILED,784.11
ORD-00000938,CX-003,KRSEC,SELL,9146,34.18,2026-03-27T22:46:51Z,2026-03-27T18:46:51-04:00,UTC,2026-03-27T22:46:51Z,FAILED,787.93
ORD-00000939,CX-003,CNTECH,BUY,8289,171.60,2026-03-27T22:47:21Z,2026-03-27T18:47:21-04:00,UTC,2026-03-27T22:47:21Z,PENDING_RESUBMIT,0.00
ORD-00000940,CX-002,TWSMC,SELL,3800,158.02,2026-03-27T22:47:54Z,2026-03-28T06:47:54+08:00,UTC,2026-03-27T22:47:54Z,FAILED,646.29
ORD-00000941,CX-001,CNTECH,SELL,3496,174.11,2026-03-27T22:48:13Z,2026-03-28T06:48:13+08:00,UTC,2026-03-27T22:48:13Z,FAILED,761.24
ORD-00000942,CX-004,KRSEC,BUY,9861,32.36,2026-03-27T22:48:17Z,2026-03-28T06:48:17+08:00,UTC,2026-03-27T22:48:17Z,FAILED,763.32
ORD-00000943,CX-001,JPNBK,SELL,8624,151.11,2026-03-27T22:48:51Z,2026-03-28T06:48:51+08:00,UTC,2026-03-27T22:48:51Z,FAILED,900.25
ORD-00000944,CX-003,CNTECH,SELL,6976,133.57,2026-03-27T22:49:00Z,2026-03-27T18:49:00-04:00,UTC,2026-03-27T22:49:00Z,FAILED,841.08
ORD-00000945,CX-001,HKFIN,SELL,953,216.60,2026-03-27T22:49:32Z,2026-03-28T06:49:32+08:00,UTC,2026-03-27T22:49:32Z,PENDING_RESUBMIT,0.00
ORD-00000946,CX-002,KRSEC,SELL,1849,159.50,2026-03-27T22:49:35Z,2026-03-28T06:49:35+08:00,UTC,2026-03-27T22:49:35Z,PENDING_RESUBMIT,0.00
ORD-00000947,CX-001,HKFIN,SELL,2281,162.19,2026-03-27T22:50:00Z,2026-03-28T06:50:00+08:00,UTC,2026-03-27T22:50:00Z,FAILED,881.36
ORD-00000948,CX-003,AUHLD,SELL,5626,113.77,2026-03-27T22:50:17Z,2026-03-27T18:50:17-04:00,UTC,2026-03-27T22:50:17Z,FAILED,729.58
ORD-00000949,CX-005,AUHLD,BUY,528,245.41,2026-03-27T22:50:38Z,2026-03-28T06:50:38+08:00,UTC,2026-03-27T22:50:38Z,FAILED,922.74
ORD-00000950,CX-004,SGEX,BUY,4217,178.54,2026-03-27T22:50:49Z,2026-03-28T06:50:49+08:00,UTC,2026-03-27T22:50:49Z,PENDING_RESUBMIT,0.00
ORD-00000951,CX-002,KRSEC,SELL,2134,165.18,2026-03-27T22:51:00Z,2026-03-28T06:51:00+08:00,UTC,2026-03-27T22:51:00Z,PENDING_RESUBMIT,0.00
ORD-00000952,CX-001,SGEX,BUY,470,213.05,2026-03-27T22:51:07Z,2026-03-28T06:51:07+08:00,UTC,2026-03-27T22:51:07Z,PENDING_RESUBMIT,0.00
ORD-00000953,CX-002,SGEX,SELL,2114,208.47,2026-03-27T22:51:31Z,2026-03-28T06:51:31+08:00,UTC,2026-03-27T22:51:31Z,FAILED,681.88
ORD-00000954,CX-001,CNTECH,BUY,7686,229.11,2026-03-27T22:51:38Z,2026-03-28T06:51:38+08:00,UTC,2026-03-27T22:51:38Z,FAILED,707.77
ORD-00000955,CX-002,AUHLD,BUY,6322,172.46,2026-03-27T22:52:19Z,2026-03-28T06:52:19+08:00,UTC,2026-03-27T22:52:19Z,PENDING_RESUBMIT,0.00
ORD-00000956,CX-002,CNTECH,SELL,8195,142.02,2026-03-27T22:53:00Z,2026-03-28T06:53:00+08:00,UTC,2026-03-27T22:53:00Z,PENDING_RESUBMIT,0.00
ORD-00000957,CX-001,KRSEC,SELL,9676,30.07,2026-03-27T22:53:10Z,2026-03-28T06:53:10+08:00,UTC,2026-03-27T22:53:10Z,PENDING_RESUBMIT,0.00
ORD-00000958,CX-005,CNTECH,BUY,8979,161.37,2026-03-27T22:53:57Z,2026-03-28T06:53:57+08:00,UTC,2026-03-27T22:53:57Z,PENDING_RESUBMIT,0.00
ORD-00000959,CX-004,AUHLD,SELL,1999,152.89,2026-03-27T22:54:03Z,2026-03-28T06:54:03+08:00,UTC,2026-03-27T22:54:03Z,PENDING_RESUBMIT,0.00
ORD-00000960,CX-001,JPNBK,SELL,8154,215.27,2026-03-27T22:54:10Z,2026-03-28T06:54:10+08:00,UTC,2026-03-27T22:54:10Z,PENDING_RESUBMIT,0.00
ORD-00000961,CX-004,TWSMC,BUY,900,96.69,2026-03-27T22:54:19Z,2026-03-28T06:54:19+08:00,UTC,2026-03-27T22:54:19Z,PENDING_RESUBMIT,0.00
ORD-00000962,CX-002,KRSEC,SELL,8378,32.06,2026-03-27T22:55:08Z,2026-03-28T06:55:08+08:00,UTC,2026-03-27T22:55:08Z,FAILED,635.40
ORD-00000963,CX-005,TWSMC,BUY,8747,246.36,2026-03-27T22:55:12Z,2026-03-28T06:55:12+08:00,UTC,2026-03-27T22:55:12Z,PENDING_RESUBMIT,0.00
ORD-00000964,CX-004,AUHLD,SELL,4931,42.84,2026-03-27T22:56:00Z,2026-03-28T06:56:00+08:00,UTC,2026-03-27T22:56:00Z,PENDING_RESUBMIT,0.00
ORD-00000965,CX-003,SGEX,SELL,525,227.96,2026-03-27T22:56:27Z,2026-03-27T18:56:27-04:00,UTC,2026-03-27T22:56:27Z,PENDING_RESUBMIT,0.00
ORD-00000966,CX-001,KRSEC,BUY,7132,165.59,2026-03-27T22:56:50Z,2026-03-28T06:56:50+08:00,UTC,2026-03-27T22:56:50Z,PENDING_RESUBMIT,0.00
ORD-00000967,CX-004,AUHLD,SELL,4444,157.37,2026-03-27T22:57:27Z,2026-03-28T06:57:27+08:00,UTC,2026-03-27T22:57:27Z,FAILED,763.79
ORD-00000968,CX-003,TWSMC,BUY,8277,163.98,2026-03-27T22:58:26Z,2026-03-27T18:58:26-04:00,UTC,2026-03-27T22:58:26Z,FAILED,740.65
ORD-00000969,CX-003,SGEX,SELL,4726,239.89,2026-03-27T23:00:13Z,2026-03-27T19:00:13-04:00,UTC,2026-03-27T23:00:13Z,PENDING_RESUBMIT,0.00
ORD-00000970,CX-003,HKFIN,BUY,630,63.88,2026-03-27T23:00:47Z,2026-03-27T19:00:47-04:00,UTC,2026-03-27T23:00:47Z,PENDING_RESUBMIT,0.00
ORD-00000971,CX-002,KRSEC,SELL,2099,136.05,2026-03-27T23:00:57Z,2026-03-28T07:00:57+08:00,UTC,2026-03-27T23:00:57Z,FAILED,753.58
ORD-00000972,CX-004,HKFIN,BUY,2559,73.19,2026-03-27T23:00:59Z,2026-03-28T07:00:59+08:00,UTC,2026-03-27T23:00:59Z,FAILED,880.40
ORD-00000973,CX-001,CNTECH,SELL,3278,95.12,2026-03-27T23:01:10Z,2026-03-28T07:01:10+08:00,UTC,2026-03-27T23:01:10Z,FAILED,780.58
ORD-00000974,CX-005,TWSMC,BUY,8619,153.65,2026-03-27T23:01:12Z,2026-03-28T07:01:12+08:00,UTC,2026-03-27T23:01:12Z,FAILED,881.17
ORD-00000975,CX-003,TWSMC,BUY,8274,28.06,2026-03-27T23:01:15Z,2026-03-27T19:01:15-04:00,UTC,2026-03-27T23:01:15Z,PENDING_RESUBMIT,0.00
ORD-00000976,CX-002,TWSMC,SELL,5634,196.43,2026-03-27T23:01:25Z,2026-03-28T07:01:25+08:00,UTC,2026-03-27T23:01:25Z,PENDING_RESUBMIT,0.00
ORD-00000977,CX-005,SGEX,BUY,3064,215.79,2026-03-27T23:01:38Z,2026-03-28T07:01:38+08:00,UTC,2026-03-27T23:01:38Z,PENDING_RESUBMIT,0.00
ORD-00000978,CX-004,CNTECH,BUY,7213,236.76,2026-03-27T23:01:43Z,2026-03-28T07:01:43+08:00,UTC,2026-03-27T23:01:43Z,PENDING_RESUBMIT,0.00
ORD-00000979,CX-001,JPNBK,BUY,9161,116.90,2026-03-27T23:02:30Z,2026-03-28T07:02:30+08:00,UTC,2026-03-27T23:02:30Z,PENDING_RESUBMIT,0.00
ORD-00000980,CX-003,SGEX,BUY,6459,245.06,2026-03-27T23:02:37Z,2026-03-27T19:02:37-04:00,UTC,2026-03-27T23:02:37Z,FAILED,839.59
ORD-00000981,CX-004,AUHLD,SELL,670,68.95,2026-03-27T23:02:56Z,2026-03-28T07:02:56+08:00,UTC,2026-03-27T23:02:56Z,FAILED,800.43
ORD-00000982,CX-001,CNTECH,SELL,6184,118.60,2026-03-27T23:03:28Z,2026-03-28T07:03:28+08:00,UTC,2026-03-27T23:03:28Z,FAILED,742.61
ORD-00000983,CX-002,KRSEC,SELL,2377,205.17,2026-03-27T23:03:28Z,2026-03-28T07:03:28+08:00,UTC,2026-03-27T23:03:28Z,PENDING_RESUBMIT,0.00
ORD-00000984,CX-001,JPNBK,BUY,791,187.46,2026-03-27T23:04:03Z,2026-03-28T07:04:03+08:00,UTC,2026-03-27T23:04:03Z,FAILED,682.11
ORD-00000985,CX-002,TWSMC,BUY,5728,136.08,2026-03-27T23:04:28Z,2026-03-28T07:04:28+08:00,UTC,2026-03-27T23:04:28Z,PENDING_RESUBMIT,0.00
ORD-00000986,CX-005,AUHLD,BUY,8357,163.17,2026-03-27T23:04:51Z,2026-03-28T07:04:51+08:00,UTC,2026-03-27T23:04:51Z,PENDING_RESUBMIT,0.00
ORD-00000987,CX-005,SGEX,BUY,3067,35.11,2026-03-27T23:05:11Z,2026-03-28T07:05:11+08:00,UTC,2026-03-27T23:05:11Z,PENDING_RESUBMIT,0.00
ORD-00000988,CX-003,AUHLD,BUY,6544,78.12,2026-03-27T23:05:13Z,2026-03-27T19:05:13-04:00,UTC,2026-03-27T23:05:13Z,PENDING_RESUBMIT,0.00
ORD-00000989,CX-001,HKFIN,BUY,7245,72.79,2026-03-27T23:05:15Z,2026-03-28T07:05:15+08:00,UTC,2026-03-27T23:05:15Z,PENDING_RESUBMIT,0.00
ORD-00000990,CX-002,SGEX,BUY,8279,218.56,2026-03-27T23:05:19Z,2026-03-28T07:05:19+08:00,UTC,2026-03-27T23:05:19Z,FAILED,748.29
ORD-00000991,CX-001,AUHLD,BUY,6865,174.17,2026-03-27T23:05:47Z,2026-03-28T07:05:47+08:00,UTC,2026-03-27T23:05:47Z,PENDING_RESUBMIT,0.00
ORD-00000992,CX-003,HKFIN,SELL,2745,21.70,2026-03-27T23:05:48Z,2026-03-27T19:05:48-04:00,UTC,2026-03-27T23:05:48Z,PENDING_RESUBMIT,0.00
ORD-00000993,CX-002,TWSMC,BUY,1915,43.67,2026-03-27T23:05:49Z,2026-03-28T07:05:49+08:00,UTC,2026-03-27T23:05:49Z,FAILED,670.05
ORD-00000994,CX-001,HKFIN,SELL,8834,88.87,2026-03-27T23:05:51Z,2026-03-28T07:05:51+08:00,UTC,2026-03-27T23:05:51Z,PENDING_RESUBMIT,0.00
ORD-00000995,CX-002,SGEX,SELL,1907,132.33,2026-03-27T23:06:25Z,2026-03-28T07:06:25+08:00,UTC,2026-03-27T23:06:25Z,PENDING_RESUBMIT,0.00
ORD-00000996,CX-004,TWSMC,SELL,6292,217.03,2026-03-27T23:06:26Z,2026-03-28T07:06:26+08:00,UTC,2026-03-27T23:06:26Z,PENDING_RESUBMIT,0.00
ORD-00000997,CX-005,AUHLD,BUY,362,57.81,2026-03-27T23:06:43Z,2026-03-28T07:06:43+08:00,UTC,2026-03-27T23:06:43Z,FAILED,884.09
ORD-00000998,CX-001,AUHLD,SELL,8141,49.80,2026-03-27T23:07:40Z,2026-03-28T07:07:40+08:00,UTC,2026-03-27T23:07:40Z,PENDING_RESUBMIT,0.00
ORD-00000999,CX-002,TWSMC,BUY,1695,229.84,2026-03-27T23:07:57Z,2026-03-28T07:07:57+08:00,UTC,2026-03-27T23:07:57Z,PENDING_RESUBMIT,0.00
ORD-00001000,CX-001,AUHLD,SELL,1846,42.92,2026-03-27T23:08:11Z,2026-03-28T07:08:11+08:00,UTC,2026-03-27T23:08:11Z,PENDING_RESUBMIT,0.00
