# Mercator Vitals M-7 Audit Trail — ICU Fleet (wave3)
# Generated: 2026-06-15T06:00:00Z

2026-06-07T00:00:53Z [NETWORK_SYNC] user=SYSTEM serial=MV7-ICU-2208-0047 fw=2.18.3
2026-06-08T23:52:36Z [PARAM_CHANGE] user=RN_CHEN serial=MV7-ICU-2208-0047 fw=2.18.3
2026-06-08T23:44:22Z [PARAM_CHANGE] user=BIOENG_MARTIN serial=MV7-ICU-2208-0047 fw=2.18.3
2026-06-08T23:36:48Z [CALIBRATION_OK] user=SYSTEM serial=MV7-ICU-2208-0047 fw=2.18.3
2026-06-08T23:28:36Z [PM_CHECK_PASS] user=RN_CHEN serial=MV7-ICU-2208-0047 fw=2.18.3
2026-06-08T23:20:57Z [PARAM_CHANGE] user=BIOENG_MARTIN serial=MV7-ICU-2208-0047 fw=2.18.3
2026-06-08T23:12:50Z [BATTERY_CHECK] user=SYSTEM serial=MV7-ICU-2208-0047 fw=2.18.3
2026-06-08T23:04:29Z [USER_LOGIN] user=RN_CHEN serial=MV7-ICU-2208-0047 fw=2.18.3
2026-06-08T22:56:53Z [PM_CHECK_PASS] user=BIOENG_MARTIN serial=MV7-ICU-2208-0047 fw=2.18.3
2026-06-08T22:48:27Z [NETWORK_SYNC] user=RN_OKONKWO serial=MV7-ICU-2208-0047 fw=2.18.3
2026-06-08T22:40:16Z [FIRMWARE_VERIFIED] user=BIOENG_MARTIN serial=MV7-ICU-2208-0047 fw=2.18.3
2026-06-08T22:32:09Z [BATTERY_CHECK] user=RN_PATEL serial=MV7-ICU-2208-0047 fw=2.18.3
2026-06-08T22:24:31Z [PARAM_CHANGE] user=BIOENG_MARTIN serial=MV7-ICU-2208-0047 fw=2.18.3
2026-06-08T22:16:05Z [USER_LOGOUT] user=RN_PATEL serial=MV7-ICU-2208-0047 fw=2.18.3
2026-06-08T22:08:00Z [BATTERY_CHECK] user=BIOENG_MARTIN serial=MV7-ICU-2208-0047 fw=2.18.3
2026-06-08T22:00:55Z [PARAM_CHANGE] user=RN_CHEN serial=MV7-ICU-2208-0047 fw=2.18.3
2026-06-08T21:52:34Z [FIRMWARE_VERIFIED] user=RN_CHEN serial=MV7-ICU-2208-0047 fw=2.18.3
2026-06-08T21:44:10Z [PM_CHECK_PASS] user=BIOENG_MARTIN serial=MV7-ICU-2208-0047 fw=2.18.3
2026-06-08T21:36:59Z [PARAM_CHANGE] user=SYSTEM serial=MV7-ICU-2208-0047 fw=2.18.3
2026-06-08T21:28:49Z [ALARM_TEST_PASS] user=RN_PATEL serial=MV7-ICU-2208-0047 fw=2.18.3
2026-06-08T21:20:21Z [USER_LOGOUT] user=BIOENG_MARTIN serial=MV7-ICU-2208-0047 fw=2.18.3
2026-06-08T21:12:47Z [ALARM_TEST_PASS] user=RN_OKONKWO serial=MV7-ICU-2208-0047 fw=2.18.3
2026-06-08T21:04:16Z [ALARM_TEST_PASS] user=BIOENG_MARTIN serial=MV7-ICU-2208-0047 fw=2.18.3
2026-06-08T20:56:37Z [BATTERY_CHECK] user=RN_PATEL serial=MV7-ICU-2208-0047 fw=2.18.3
2026-06-08T20:48:53Z [USER_LOGOUT] user=RN_PATEL serial=MV7-ICU-2208-0047 fw=2.18.3
2026-06-08T20:40:12Z [PM_CHECK_PASS] user=RN_PATEL serial=MV7-ICU-2208-0047 fw=2.18.3
2026-06-08T20:32:55Z [USER_LOGOUT] user=RN_OKONKWO serial=MV7-ICU-2208-0047 fw=2.18.3
2026-06-08T20:24:39Z [FIRMWARE_VERIFIED] user=RN_CHEN serial=MV7-ICU-2208-0047 fw=2.18.3
2026-06-08T20:16:44Z [CALIBRATION_OK] user=RN_OKONKWO serial=MV7-ICU-2208-0047 fw=2.18.3
2026-06-08T20:08:28Z [CALIBRATION_OK] user=SYSTEM serial=MV7-ICU-2208-0047 fw=2.18.3
2026-06-08T20:00:40Z [FIRMWARE_VERIFIED] user=RN_PATEL serial=MV7-ICU-2208-0047 fw=2.18.3
2026-06-08T19:52:28Z [PM_CHECK_PASS] user=RN_CHEN serial=MV7-ICU-2208-0047 fw=2.18.3
2026-06-08T19:44:31Z [PM_CHECK_PASS] user=SYSTEM serial=MV7-ICU-2208-0047 fw=2.18.3
2026-06-08T19:36:00Z [USER_LOGOUT] user=RN_PATEL serial=MV7-ICU-2208-0047 fw=2.18.3
2026-06-08T19:28:42Z [BATTERY_CHECK] user=RN_CHEN serial=MV7-ICU-2208-0047 fw=2.18.3
2026-06-08T19:20:40Z [CALIBRATION_OK] user=SYSTEM serial=MV7-ICU-2208-0047 fw=2.18.3
2026-06-08T19:12:17Z [BATTERY_CHECK] user=SYSTEM serial=MV7-ICU-2208-0047 fw=2.18.3
2026-06-08T19:04:18Z [FIRMWARE_VERIFIED] user=RN_CHEN serial=MV7-ICU-2208-0047 fw=2.18.3
2026-06-08T18:56:38Z [PARAM_CHANGE] user=BIOENG_MARTIN serial=MV7-ICU-2208-0047 fw=2.18.3
2026-06-08T18:48:29Z [PM_CHECK_PASS] user=BIOENG_MARTIN serial=MV7-ICU-2208-0047 fw=2.18.3
2026-06-08T18:40:54Z [DRUG_PROFILE_LOAD] user=RN_OKONKWO serial=MV7-ICU-2208-0047 fw=2.18.3
2026-06-08T18:32:06Z [PM_CHECK_PASS] user=RN_PATEL serial=MV7-ICU-2208-0047 fw=2.18.3
2026-06-08T18:24:33Z [FIRMWARE_VERIFIED] user=BIOENG_MARTIN serial=MV7-ICU-2208-0047 fw=2.18.3
2026-06-08T18:16:06Z [NETWORK_SYNC] user=RN_CHEN serial=MV7-ICU-2208-0047 fw=2.18.3
2026-06-08T18:08:46Z [ALARM_TEST_PASS] user=BIOENG_MARTIN serial=MV7-ICU-2208-0047 fw=2.18.3
2026-06-08T18:00:39Z [FIRMWARE_VERIFIED] user=BIOENG_MARTIN serial=MV7-ICU-2208-0047 fw=2.18.3
2026-06-08T17:52:24Z [FIRMWARE_VERIFIED] user=RN_OKONKWO serial=MV7-ICU-2208-0047 fw=2.18.3
2026-06-08T17:44:34Z [USER_LOGIN] user=RN_CHEN serial=MV7-ICU-2208-0047 fw=2.18.3
2026-06-08T17:36:52Z [NETWORK_SYNC] user=SYSTEM serial=MV7-ICU-2208-0047 fw=2.18.3
2026-06-08T17:28:13Z [PARAM_CHANGE] user=RN_PATEL serial=MV7-ICU-2208-0047 fw=2.18.3
2026-06-08T17:20:39Z [FIRMWARE_VERIFIED] user=SYSTEM serial=MV7-ICU-2208-0047 fw=2.18.3
2026-06-08T17:12:18Z [BATTERY_CHECK] user=RN_PATEL serial=MV7-ICU-2208-0047 fw=2.18.3
2026-06-08T17:04:20Z [USER_LOGOUT] user=RN_CHEN serial=MV7-ICU-2208-0047 fw=2.18.3
2026-06-08T16:56:23Z [FIRMWARE_VERIFIED] user=RN_OKONKWO serial=MV7-ICU-2208-0047 fw=2.18.3
2026-06-08T16:48:04Z [NETWORK_SYNC] user=BIOENG_MARTIN serial=MV7-ICU-2208-0047 fw=2.18.3
2026-06-08T16:40:14Z [PARAM_CHANGE] user=RN_OKONKWO serial=MV7-ICU-2208-0047 fw=2.18.3
2026-06-08T16:32:16Z [PM_CHECK_PASS] user=RN_OKONKWO serial=MV7-ICU-2208-0047 fw=2.18.3
2026-06-08T16:24:27Z [CALIBRATION_OK] user=RN_CHEN serial=MV7-ICU-2208-0047 fw=2.18.3
2026-06-08T16:16:26Z [USER_LOGIN] user=RN_CHEN serial=MV7-ICU-2208-0047 fw=2.18.3
2026-06-08T16:08:19Z [PARAM_CHANGE] user=RN_OKONKWO serial=MV7-ICU-2208-0047 fw=2.18.3
2026-06-08T16:00:00Z [PARAM_CHANGE] user=RN_PATEL serial=MV7-ICU-2208-0047 fw=2.18.3
2026-06-08T15:52:13Z [PARAM_CHANGE] user=RN_PATEL serial=MV7-ICU-2208-0047 fw=2.18.3
2026-06-08T15:44:55Z [BATTERY_CHECK] user=BIOENG_MARTIN serial=MV7-ICU-2208-0047 fw=2.18.3
2026-06-08T15:36:31Z [DRUG_PROFILE_LOAD] user=RN_PATEL serial=MV7-ICU-2208-0047 fw=2.18.3
2026-06-08T15:28:09Z [NETWORK_SYNC] user=RN_CHEN serial=MV7-ICU-2208-0047 fw=2.18.3
2026-06-08T15:20:38Z [BATTERY_CHECK] user=SYSTEM serial=MV7-ICU-2208-0047 fw=2.18.3
2026-06-08T15:12:36Z [DRUG_PROFILE_LOAD] user=SYSTEM serial=MV7-ICU-2208-0047 fw=2.18.3
2026-06-08T15:04:59Z [PARAM_CHANGE] user=RN_OKONKWO serial=MV7-ICU-2208-0047 fw=2.18.3
2026-06-08T14:56:59Z [NETWORK_SYNC] user=RN_OKONKWO serial=MV7-ICU-2208-0047 fw=2.18.3
2026-06-08T14:48:57Z [BATTERY_CHECK] user=SYSTEM serial=MV7-ICU-2208-0047 fw=2.18.3
2026-06-08T14:40:52Z [NETWORK_SYNC] user=RN_CHEN serial=MV7-ICU-2208-0047 fw=2.18.3
2026-06-08T14:32:17Z [BATTERY_CHECK] user=RN_CHEN serial=MV7-ICU-2208-0047 fw=2.18.3
2026-06-08T14:24:54Z [PM_CHECK_PASS] user=RN_PATEL serial=MV7-ICU-2208-0047 fw=2.18.3
2026-06-08T14:16:20Z [PARAM_CHANGE] user=SYSTEM serial=MV7-ICU-2208-0047 fw=2.18.3
2026-06-08T14:08:18Z [CALIBRATION_OK] user=RN_PATEL serial=MV7-ICU-2208-0047 fw=2.18.3
2026-06-08T14:00:01Z [PM_CHECK_PASS] user=RN_CHEN serial=MV7-ICU-2208-0047 fw=2.18.3
2026-06-08T13:52:41Z [DRUG_PROFILE_LOAD] user=RN_OKONKWO serial=MV7-ICU-2208-0047 fw=2.18.3
2026-06-08T13:44:14Z [ALARM_TEST_PASS] user=RN_OKONKWO serial=MV7-ICU-2208-0047 fw=2.18.3
2026-06-08T13:36:47Z [DRUG_PROFILE_LOAD] user=RN_PATEL serial=MV7-ICU-2208-0047 fw=2.18.3
2026-06-08T13:28:27Z [DRUG_PROFILE_LOAD] user=BIOENG_MARTIN serial=MV7-ICU-2208-0047 fw=2.18.3
2026-06-08T13:20:25Z [PM_CHECK_PASS] user=SYSTEM serial=MV7-ICU-2208-0047 fw=2.18.3
2026-06-08T13:12:18Z [FIRMWARE_VERIFIED] user=RN_PATEL serial=MV7-ICU-2208-0047 fw=2.18.3
2026-06-08T13:04:58Z [FIRMWARE_VERIFIED] user=BIOENG_MARTIN serial=MV7-ICU-2208-0047 fw=2.18.3
2026-06-08T12:56:32Z [NETWORK_SYNC] user=RN_CHEN serial=MV7-ICU-2208-0047 fw=2.18.3
2026-06-08T12:48:58Z [CALIBRATION_OK] user=RN_CHEN serial=MV7-ICU-2208-0047 fw=2.18.3
2026-06-08T12:40:57Z [ALARM_TEST_PASS] user=SYSTEM serial=MV7-ICU-2208-0047 fw=2.18.3
2026-06-08T12:32:44Z [CALIBRATION_OK] user=SYSTEM serial=MV7-ICU-2208-0047 fw=2.18.3
2026-06-08T12:24:59Z [USER_LOGOUT] user=BIOENG_MARTIN serial=MV7-ICU-2208-0047 fw=2.18.3
2026-06-08T12:16:15Z [USER_LOGIN] user=RN_OKONKWO serial=MV7-ICU-2208-0047 fw=2.18.3
2026-06-08T12:08:48Z [DRUG_PROFILE_LOAD] user=BIOENG_MARTIN serial=MV7-ICU-2208-0047 fw=2.18.3
2026-06-08T12:00:46Z [DRUG_PROFILE_LOAD] user=BIOENG_MARTIN serial=MV7-ICU-2208-0047 fw=2.18.3
2026-06-08T11:52:49Z [PM_CHECK_PASS] user=SYSTEM serial=MV7-ICU-2208-0047 fw=2.18.3
2026-06-08T11:44:01Z [FIRMWARE_VERIFIED] user=RN_CHEN serial=MV7-ICU-2208-0047 fw=2.18.3
2026-06-08T11:36:56Z [NETWORK_SYNC] user=RN_OKONKWO serial=MV7-ICU-2208-0047 fw=2.18.3
2026-06-08T11:28:45Z [DRUG_PROFILE_LOAD] user=SYSTEM serial=MV7-ICU-2208-0047 fw=2.18.3
2026-06-08T11:20:57Z [BATTERY_CHECK] user=RN_CHEN serial=MV7-ICU-2208-0047 fw=2.18.3
2026-06-08T11:12:17Z [USER_LOGOUT] user=RN_PATEL serial=MV7-ICU-2208-0047 fw=2.18.3
2026-06-08T11:04:13Z [DRUG_PROFILE_LOAD] user=BIOENG_MARTIN serial=MV7-ICU-2208-0047 fw=2.18.3
2026-06-08T10:56:06Z [USER_LOGOUT] user=SYSTEM serial=MV7-ICU-2208-0047 fw=2.18.3
2026-06-08T10:48:16Z [DRUG_PROFILE_LOAD] user=RN_OKONKWO serial=MV7-ICU-2208-0047 fw=2.18.3
2026-06-08T10:40:08Z [FIRMWARE_VERIFIED] user=BIOENG_MARTIN serial=MV7-ICU-2208-0047 fw=2.18.3
2026-06-08T10:32:12Z [BATTERY_CHECK] user=RN_OKONKWO serial=MV7-ICU-2208-0047 fw=2.18.3
2026-06-08T10:24:23Z [ALARM_TEST_PASS] user=RN_OKONKWO serial=MV7-ICU-2208-0047 fw=2.18.3
2026-06-08T10:16:46Z [ALARM_TEST_PASS] user=RN_OKONKWO serial=MV7-ICU-2208-0047 fw=2.18.3
2026-06-08T10:08:13Z [DRUG_PROFILE_LOAD] user=RN_CHEN serial=MV7-ICU-2208-0047 fw=2.18.3
2026-06-08T10:00:39Z [ALARM_TEST_PASS] user=RN_OKONKWO serial=MV7-ICU-2208-0047 fw=2.18.3
2026-06-08T09:52:35Z [ALARM_TEST_PASS] user=SYSTEM serial=MV7-ICU-2208-0047 fw=2.18.3
2026-06-08T09:44:53Z [ALARM_TEST_PASS] user=RN_OKONKWO serial=MV7-ICU-2208-0047 fw=2.18.3
2026-06-08T09:36:41Z [FIRMWARE_VERIFIED] user=SYSTEM serial=MV7-ICU-2208-0047 fw=2.18.3
2026-06-08T09:28:04Z [PM_CHECK_PASS] user=RN_CHEN serial=MV7-ICU-2208-0047 fw=2.18.3
2026-06-08T09:20:10Z [USER_LOGIN] user=RN_CHEN serial=MV7-ICU-2208-0047 fw=2.18.3
2026-06-08T09:12:20Z [USER_LOGIN] user=SYSTEM serial=MV7-ICU-2208-0047 fw=2.18.3
2026-06-08T09:04:53Z [PARAM_CHANGE] user=RN_PATEL serial=MV7-ICU-2208-0047 fw=2.18.3
2026-06-08T08:56:57Z [USER_LOGIN] user=RN_PATEL serial=MV7-ICU-2208-0047 fw=2.18.3
2026-06-08T08:48:30Z [PM_CHECK_PASS] user=RN_OKONKWO serial=MV7-ICU-2208-0047 fw=2.18.3
2026-06-08T08:40:04Z [DRUG_PROFILE_LOAD] user=RN_OKONKWO serial=MV7-ICU-2208-0047 fw=2.18.3
2026-06-08T08:32:08Z [NETWORK_SYNC] user=BIOENG_MARTIN serial=MV7-ICU-2208-0047 fw=2.18.3
2026-06-08T08:24:00Z [ALARM_TEST_PASS] user=SYSTEM serial=MV7-ICU-2208-0047 fw=2.18.3
2026-06-08T08:16:21Z [ALARM_TEST_PASS] user=RN_PATEL serial=MV7-ICU-2208-0047 fw=2.18.3
2026-06-08T08:08:32Z [USER_LOGOUT] user=SYSTEM serial=MV7-ICU-2208-0047 fw=2.18.3
2026-06-08T08:00:19Z [ALARM_TEST_PASS] user=SYSTEM serial=MV7-ICU-2208-0047 fw=2.18.3
2026-06-08T07:52:34Z [USER_LOGIN] user=SYSTEM serial=MV7-ICU-2208-0047 fw=2.18.3
2026-06-08T07:44:26Z [PARAM_CHANGE] user=BIOENG_MARTIN serial=MV7-ICU-2208-0047 fw=2.18.3
2026-06-08T07:36:30Z [USER_LOGIN] user=RN_OKONKWO serial=MV7-ICU-2208-0047 fw=2.18.3
2026-06-08T07:28:12Z [ALARM_TEST_PASS] user=SYSTEM serial=MV7-ICU-2208-0047 fw=2.18.3
2026-06-08T07:20:05Z [USER_LOGIN] user=SYSTEM serial=MV7-ICU-2208-0047 fw=2.18.3
2026-06-08T07:12:44Z [ALARM_TEST_PASS] user=BIOENG_MARTIN serial=MV7-ICU-2208-0047 fw=2.18.3
2026-06-08T07:04:55Z [NETWORK_SYNC] user=RN_PATEL serial=MV7-ICU-2208-0047 fw=2.18.3
2026-06-08T06:56:40Z [FIRMWARE_VERIFIED] user=RN_CHEN serial=MV7-ICU-2208-0047 fw=2.18.3
2026-06-08T06:48:20Z [PM_CHECK_PASS] user=SYSTEM serial=MV7-ICU-2208-0047 fw=2.18.3
2026-06-08T06:40:00Z [USER_LOGOUT] user=RN_OKONKWO serial=MV7-ICU-2208-0047 fw=2.18.3
2026-06-08T06:32:03Z [PM_CHECK_PASS] user=RN_PATEL serial=MV7-ICU-2208-0047 fw=2.18.3
2026-06-08T06:24:45Z [PM_CHECK_PASS] user=SYSTEM serial=MV7-ICU-2208-0047 fw=2.18.3
2026-06-08T06:16:03Z [USER_LOGIN] user=BIOENG_MARTIN serial=MV7-ICU-2208-0047 fw=2.18.3
2026-06-08T06:08:09Z [ALARM_TEST_PASS] user=RN_OKONKWO serial=MV7-ICU-2208-0047 fw=2.18.3
2026-06-08T06:00:28Z [USER_LOGIN] user=RN_CHEN serial=MV7-ICU-2208-0047 fw=2.18.3
2026-06-08T05:52:03Z [PARAM_CHANGE] user=SYSTEM serial=MV7-ICU-2208-0047 fw=2.18.3
2026-06-08T05:44:38Z [FIRMWARE_VERIFIED] user=SYSTEM serial=MV7-ICU-2208-0047 fw=2.18.3
2026-06-08T05:36:18Z [NETWORK_SYNC] user=RN_OKONKWO serial=MV7-ICU-2208-0047 fw=2.18.3
2026-06-08T05:28:43Z [USER_LOGOUT] user=RN_PATEL serial=MV7-ICU-2208-0047 fw=2.18.3
2026-06-08T05:20:55Z [NETWORK_SYNC] user=RN_CHEN serial=MV7-ICU-2208-0047 fw=2.18.3
2026-06-08T05:12:36Z [ALARM_TEST_PASS] user=BIOENG_MARTIN serial=MV7-ICU-2208-0047 fw=2.18.3
2026-06-08T05:04:29Z [USER_LOGOUT] user=RN_PATEL serial=MV7-ICU-2208-0047 fw=2.18.3
2026-06-08T04:56:47Z [DRUG_PROFILE_LOAD] user=RN_PATEL serial=MV7-ICU-2208-0047 fw=2.18.3
2026-06-08T04:48:59Z [NETWORK_SYNC] user=RN_PATEL serial=MV7-ICU-2208-0047 fw=2.18.3
2026-06-08T04:40:09Z [BATTERY_CHECK] user=SYSTEM serial=MV7-ICU-2208-0047 fw=2.18.3
2026-06-08T04:32:28Z [PM_CHECK_PASS] user=RN_CHEN serial=MV7-ICU-2208-0047 fw=2.18.3
2026-06-08T04:24:56Z [FIRMWARE_VERIFIED] user=RN_OKONKWO serial=MV7-ICU-2208-0047 fw=2.18.3
2026-06-08T04:16:08Z [PM_CHECK_PASS] user=RN_OKONKWO serial=MV7-ICU-2208-0047 fw=2.18.3
2026-06-08T04:08:11Z [USER_LOGOUT] user=BIOENG_MARTIN serial=MV7-ICU-2208-0047 fw=2.18.3
2026-06-08T04:00:15Z [NETWORK_SYNC] user=RN_OKONKWO serial=MV7-ICU-2208-0047 fw=2.18.3
2026-06-08T03:52:53Z [DRUG_PROFILE_LOAD] user=RN_CHEN serial=MV7-ICU-2208-0047 fw=2.18.3
2026-06-08T03:44:21Z [PM_CHECK_PASS] user=RN_PATEL serial=MV7-ICU-2208-0047 fw=2.18.3
2026-06-08T03:36:33Z [DRUG_PROFILE_LOAD] user=BIOENG_MARTIN serial=MV7-ICU-2208-0047 fw=2.18.3
2026-06-08T03:28:02Z [NETWORK_SYNC] user=RN_CHEN serial=MV7-ICU-2208-0047 fw=2.18.3
2026-06-08T03:20:54Z [BATTERY_CHECK] user=SYSTEM serial=MV7-ICU-2208-0047 fw=2.18.3
2026-06-08T03:12:48Z [CALIBRATION_OK] user=SYSTEM serial=MV7-ICU-2208-0047 fw=2.18.3
2026-06-08T03:04:39Z [USER_LOGOUT] user=SYSTEM serial=MV7-ICU-2208-0047 fw=2.18.3
2026-06-08T02:56:15Z [USER_LOGIN] user=RN_CHEN serial=MV7-ICU-2208-0047 fw=2.18.3
2026-06-08T02:48:32Z [BATTERY_CHECK] user=RN_OKONKWO serial=MV7-ICU-2208-0047 fw=2.18.3
2026-06-08T02:40:41Z [PM_CHECK_PASS] user=SYSTEM serial=MV7-ICU-2208-0047 fw=2.18.3
2026-06-08T02:32:58Z [FIRMWARE_VERIFIED] user=RN_CHEN serial=MV7-ICU-2208-0047 fw=2.18.3
2026-06-08T02:24:10Z [CALIBRATION_OK] user=RN_PATEL serial=MV7-ICU-2208-0047 fw=2.18.3
2026-06-08T02:16:21Z [USER_LOGOUT] user=SYSTEM serial=MV7-ICU-2208-0047 fw=2.18.3
2026-06-08T02:08:15Z [CALIBRATION_OK] user=RN_OKONKWO serial=MV7-ICU-2208-0047 fw=2.18.3
2026-06-08T02:00:23Z [ALARM_TEST_PASS] user=RN_CHEN serial=MV7-ICU-2208-0047 fw=2.18.3
2026-06-08T01:52:02Z [USER_LOGOUT] user=SYSTEM serial=MV7-ICU-2208-0047 fw=2.18.3
2026-06-08T01:44:42Z [CALIBRATION_OK] user=RN_PATEL serial=MV7-ICU-2208-0047 fw=2.18.3
2026-06-08T01:36:59Z [USER_LOGIN] user=RN_CHEN serial=MV7-ICU-2208-0047 fw=2.18.3
2026-06-08T01:28:08Z [CALIBRATION_OK] user=RN_CHEN serial=MV7-ICU-2208-0047 fw=2.18.3
2026-06-08T01:20:31Z [NETWORK_SYNC] user=RN_OKONKWO serial=MV7-ICU-2208-0047 fw=2.18.3
2026-06-08T01:12:30Z [NETWORK_SYNC] user=RN_CHEN serial=MV7-ICU-2208-0047 fw=2.18.3
2026-06-08T01:04:53Z [CALIBRATION_OK] user=RN_PATEL serial=MV7-ICU-2208-0047 fw=2.18.3
2026-06-08T00:56:46Z [NETWORK_SYNC] user=SYSTEM serial=MV7-ICU-2208-0047 fw=2.18.3
2026-06-08T00:48:55Z [CALIBRATION_OK] user=RN_PATEL serial=MV7-ICU-2208-0047 fw=2.18.3
2026-06-08T00:40:55Z [ALARM_TEST_PASS] user=SYSTEM serial=MV7-ICU-2208-0047 fw=2.18.3
2026-06-08T00:32:22Z [ALARM_TEST_PASS] user=SYSTEM serial=MV7-ICU-2208-0047 fw=2.18.3
2026-06-08T00:24:31Z [FIRMWARE_VERIFIED] user=RN_CHEN serial=MV7-ICU-2208-0047 fw=2.18.3
2026-06-08T00:16:17Z [NETWORK_SYNC] user=BIOENG_MARTIN serial=MV7-ICU-2208-0047 fw=2.18.3
2026-06-08T00:08:27Z [USER_LOGIN] user=RN_OKONKWO serial=MV7-ICU-2208-0047 fw=2.18.3
2026-06-08T00:00:57Z [ALARM_TEST_PASS] user=BIOENG_MARTIN serial=MV7-ICU-2208-0047 fw=2.18.3
2026-06-09T23:52:06Z [NETWORK_SYNC] user=RN_OKONKWO serial=MV7-ICU-2208-0047 fw=2.18.3
2026-06-09T23:44:14Z [DRUG_PROFILE_LOAD] user=RN_OKONKWO serial=MV7-ICU-2208-0047 fw=2.18.3
2026-06-09T23:36:17Z [PARAM_CHANGE] user=RN_PATEL serial=MV7-ICU-2208-0047 fw=2.18.3
2026-06-09T23:28:24Z [DRUG_PROFILE_LOAD] user=BIOENG_MARTIN serial=MV7-ICU-2208-0047 fw=2.18.3
2026-06-09T23:20:26Z [BATTERY_CHECK] user=RN_OKONKWO serial=MV7-ICU-2208-0047 fw=2.18.3
2026-06-09T23:12:20Z [CALIBRATION_OK] user=RN_CHEN serial=MV7-ICU-2208-0047 fw=2.18.3
2026-06-09T23:04:20Z [FIRMWARE_VERIFIED] user=SYSTEM serial=MV7-ICU-2208-0047 fw=2.18.3
2026-06-09T22:56:09Z [PARAM_CHANGE] user=RN_PATEL serial=MV7-ICU-2208-0047 fw=2.18.3
2026-06-09T22:48:05Z [DRUG_PROFILE_LOAD] user=RN_PATEL serial=MV7-ICU-2208-0047 fw=2.18.3
2026-06-09T22:40:35Z [CALIBRATION_OK] user=BIOENG_MARTIN serial=MV7-ICU-2208-0047 fw=2.18.3
2026-06-09T22:32:21Z [USER_LOGOUT] user=SYSTEM serial=MV7-ICU-2208-0047 fw=2.18.3
2026-06-09T22:24:02Z [USER_LOGOUT] user=RN_OKONKWO serial=MV7-ICU-2208-0047 fw=2.18.3
2026-06-09T22:16:05Z [CALIBRATION_OK] user=RN_PATEL serial=MV7-ICU-2208-0047 fw=2.18.3
2026-06-09T22:08:06Z [PM_CHECK_PASS] user=RN_PATEL serial=MV7-ICU-2208-0047 fw=2.18.3
2026-06-09T22:00:51Z [USER_LOGIN] user=RN_PATEL serial=MV7-ICU-2208-0047 fw=2.18.3
2026-06-09T21:52:19Z [PM_CHECK_PASS] user=BIOENG_MARTIN serial=MV7-ICU-2208-0047 fw=2.18.3
2026-06-09T21:44:29Z [FIRMWARE_VERIFIED] user=RN_PATEL serial=MV7-ICU-2208-0047 fw=2.18.3
2026-06-09T21:36:49Z [PARAM_CHANGE] user=RN_CHEN serial=MV7-ICU-2208-0047 fw=2.18.3
2026-06-09T21:28:08Z [NETWORK_SYNC] user=RN_PATEL serial=MV7-ICU-2208-0047 fw=2.18.3
2026-06-09T21:20:42Z [USER_LOGIN] user=RN_CHEN serial=MV7-ICU-2208-0047 fw=2.18.3
2026-06-09T21:12:47Z [FIRMWARE_VERIFIED] user=RN_CHEN serial=MV7-ICU-2208-0047 fw=2.18.3
2026-06-09T21:04:02Z [DRUG_PROFILE_LOAD] user=RN_CHEN serial=MV7-ICU-2208-0047 fw=2.18.3
2026-06-09T20:56:31Z [USER_LOGIN] user=SYSTEM serial=MV7-ICU-2208-0047 fw=2.18.3
2026-06-09T20:48:08Z [NETWORK_SYNC] user=BIOENG_MARTIN serial=MV7-ICU-2208-0047 fw=2.18.3
2026-06-09T20:40:46Z [FIRMWARE_VERIFIED] user=SYSTEM serial=MV7-ICU-2208-0047 fw=2.18.3
2026-06-09T20:32:10Z [PM_CHECK_PASS] user=SYSTEM serial=MV7-ICU-2208-0047 fw=2.18.3
2026-06-09T20:24:02Z [PM_CHECK_PASS] user=BIOENG_MARTIN serial=MV7-ICU-2208-0047 fw=2.18.3
2026-06-09T20:16:06Z [BATTERY_CHECK] user=BIOENG_MARTIN serial=MV7-ICU-2208-0047 fw=2.18.3
2026-06-09T20:08:00Z [USER_LOGOUT] user=RN_PATEL serial=MV7-ICU-2208-0047 fw=2.18.3
2026-06-09T20:00:12Z [USER_LOGIN] user=RN_OKONKWO serial=MV7-ICU-2208-0047 fw=2.18.3
2026-06-09T19:52:51Z [FIRMWARE_VERIFIED] user=RN_OKONKWO serial=MV7-ICU-2208-0047 fw=2.18.3
2026-06-09T19:44:10Z [FIRMWARE_VERIFIED] user=RN_PATEL serial=MV7-ICU-2208-0047 fw=2.18.3
2026-06-09T19:36:13Z [CALIBRATION_OK] user=RN_CHEN serial=MV7-ICU-2208-0047 fw=2.18.3
2026-06-09T19:28:58Z [PM_CHECK_PASS] user=RN_CHEN serial=MV7-ICU-2208-0047 fw=2.18.3
2026-06-09T19:20:39Z [PARAM_CHANGE] user=RN_PATEL serial=MV7-ICU-2208-0047 fw=2.18.3
2026-06-09T19:12:31Z [NETWORK_SYNC] user=RN_CHEN serial=MV7-ICU-2208-0047 fw=2.18.3
2026-06-09T19:04:14Z [ALARM_TEST_PASS] user=BIOENG_MARTIN serial=MV7-ICU-2208-0047 fw=2.18.3
2026-06-09T18:56:53Z [BATTERY_CHECK] user=RN_OKONKWO serial=MV7-ICU-2208-0047 fw=2.18.3
2026-06-09T18:48:57Z [DRUG_PROFILE_LOAD] user=RN_CHEN serial=MV7-ICU-2208-0047 fw=2.18.3
2026-06-09T18:40:50Z [DRUG_PROFILE_LOAD] user=RN_CHEN serial=MV7-ICU-2208-0047 fw=2.18.3
2026-06-09T18:32:40Z [NETWORK_SYNC] user=BIOENG_MARTIN serial=MV7-ICU-2208-0047 fw=2.18.3
2026-06-09T18:24:59Z [PM_CHECK_PASS] user=RN_PATEL serial=MV7-ICU-2208-0047 fw=2.18.3
2026-06-09T18:16:28Z [DRUG_PROFILE_LOAD] user=RN_OKONKWO serial=MV7-ICU-2208-0047 fw=2.18.3
2026-06-09T18:08:36Z [USER_LOGOUT] user=RN_CHEN serial=MV7-ICU-2208-0047 fw=2.18.3
2026-06-09T18:00:26Z [PARAM_CHANGE] user=RN_PATEL serial=MV7-ICU-2208-0047 fw=2.18.3
2026-06-09T17:52:37Z [USER_LOGOUT] user=RN_CHEN serial=MV7-ICU-2208-0047 fw=2.18.3
2026-06-09T17:44:48Z [ALARM_TEST_PASS] user=BIOENG_MARTIN serial=MV7-ICU-2208-0047 fw=2.18.3
2026-06-09T17:36:40Z [PARAM_CHANGE] user=SYSTEM serial=MV7-ICU-2208-0047 fw=2.18.3
2026-06-09T17:28:13Z [USER_LOGOUT] user=SYSTEM serial=MV7-ICU-2208-0047 fw=2.18.3
2026-06-09T17:20:40Z [USER_LOGIN] user=RN_CHEN serial=MV7-ICU-2208-0047 fw=2.18.3
2026-06-09T17:12:57Z [NETWORK_SYNC] user=RN_CHEN serial=MV7-ICU-2208-0047 fw=2.18.3
2026-06-09T17:04:59Z [USER_LOGOUT] user=RN_CHEN serial=MV7-ICU-2208-0047 fw=2.18.3
2026-06-09T16:56:58Z [PM_CHECK_PASS] user=SYSTEM serial=MV7-ICU-2208-0047 fw=2.18.3
2026-06-09T16:48:57Z [FIRMWARE_VERIFIED] user=RN_CHEN serial=MV7-ICU-2208-0047 fw=2.18.3
2026-06-09T16:40:48Z [FIRMWARE_VERIFIED] user=RN_CHEN serial=MV7-ICU-2208-0047 fw=2.18.3
2026-06-09T16:32:05Z [NETWORK_SYNC] user=RN_CHEN serial=MV7-ICU-2208-0047 fw=2.18.3
2026-06-09T16:24:27Z [DRUG_PROFILE_LOAD] user=RN_PATEL serial=MV7-ICU-2208-0047 fw=2.18.3
2026-06-09T16:16:11Z [BATTERY_CHECK] user=RN_OKONKWO serial=MV7-ICU-2208-0047 fw=2.18.3
2026-06-09T16:08:58Z [ALARM_TEST_PASS] user=RN_CHEN serial=MV7-ICU-2208-0047 fw=2.18.3
2026-06-09T16:00:19Z [DRUG_PROFILE_LOAD] user=RN_OKONKWO serial=MV7-ICU-2208-0047 fw=2.18.3
2026-06-09T15:52:14Z [USER_LOGOUT] user=BIOENG_MARTIN serial=MV7-ICU-2208-0047 fw=2.18.3
2026-06-09T15:44:49Z [PARAM_CHANGE] user=RN_PATEL serial=MV7-ICU-2208-0047 fw=2.18.3
2026-06-09T15:36:08Z [PARAM_CHANGE] user=BIOENG_MARTIN serial=MV7-ICU-2208-0047 fw=2.18.3
2026-06-09T15:28:34Z [FIRMWARE_VERIFIED] user=RN_OKONKWO serial=MV7-ICU-2208-0047 fw=2.18.3
2026-06-09T15:20:17Z [DRUG_PROFILE_LOAD] user=SYSTEM serial=MV7-ICU-2208-0047 fw=2.18.3
2026-06-09T15:12:25Z [NETWORK_SYNC] user=RN_PATEL serial=MV7-ICU-2208-0047 fw=2.18.3
2026-06-09T15:04:12Z [ALARM_TEST_PASS] user=RN_OKONKWO serial=MV7-ICU-2208-0047 fw=2.18.3
2026-06-09T14:56:41Z [DRUG_PROFILE_LOAD] user=RN_OKONKWO serial=MV7-ICU-2208-0047 fw=2.18.3
2026-06-09T14:48:02Z [DRUG_PROFILE_LOAD] user=SYSTEM serial=MV7-ICU-2208-0047 fw=2.18.3
2026-06-09T14:40:57Z [USER_LOGIN] user=SYSTEM serial=MV7-ICU-2208-0047 fw=2.18.3
2026-06-09T14:32:33Z [NETWORK_SYNC] user=RN_PATEL serial=MV7-ICU-2208-0047 fw=2.18.3
2026-06-09T14:24:48Z [PARAM_CHANGE] user=SYSTEM serial=MV7-ICU-2208-0047 fw=2.18.3
2026-06-09T14:16:43Z [USER_LOGIN] user=BIOENG_MARTIN serial=MV7-ICU-2208-0047 fw=2.18.3
2026-06-09T14:08:14Z [PM_CHECK_PASS] user=RN_OKONKWO serial=MV7-ICU-2208-0047 fw=2.18.3
2026-06-09T14:00:58Z [BATTERY_CHECK] user=SYSTEM serial=MV7-ICU-2208-0047 fw=2.18.3
2026-06-09T13:52:56Z [USER_LOGIN] user=SYSTEM serial=MV7-ICU-2208-0047 fw=2.18.3
2026-06-09T13:44:52Z [ALARM_TEST_PASS] user=RN_CHEN serial=MV7-ICU-2208-0047 fw=2.18.3
2026-06-09T13:36:10Z [PARAM_CHANGE] user=RN_CHEN serial=MV7-ICU-2208-0047 fw=2.18.3
2026-06-09T13:28:31Z [ALARM_TEST_PASS] user=BIOENG_MARTIN serial=MV7-ICU-2208-0047 fw=2.18.3
2026-06-09T13:20:50Z [DRUG_PROFILE_LOAD] user=RN_CHEN serial=MV7-ICU-2208-0047 fw=2.18.3
2026-06-09T13:12:54Z [PARAM_CHANGE] user=RN_OKONKWO serial=MV7-ICU-2208-0047 fw=2.18.3
2026-06-09T13:04:35Z [BATTERY_CHECK] user=RN_PATEL serial=MV7-ICU-2208-0047 fw=2.18.3
2026-06-09T12:56:14Z [FIRMWARE_VERIFIED] user=RN_PATEL serial=MV7-ICU-2208-0047 fw=2.18.3
2026-06-09T12:48:49Z [PM_CHECK_PASS] user=RN_OKONKWO serial=MV7-ICU-2208-0047 fw=2.18.3
2026-06-09T12:40:22Z [BATTERY_CHECK] user=RN_CHEN serial=MV7-ICU-2208-0047 fw=2.18.3
2026-06-09T12:32:33Z [PARAM_CHANGE] user=SYSTEM serial=MV7-ICU-2208-0047 fw=2.18.3
2026-06-09T12:24:23Z [USER_LOGOUT] user=SYSTEM serial=MV7-ICU-2208-0047 fw=2.18.3
2026-06-09T12:16:05Z [USER_LOGIN] user=BIOENG_MARTIN serial=MV7-ICU-2208-0047 fw=2.18.3
2026-06-09T12:08:23Z [ALARM_TEST_PASS] user=BIOENG_MARTIN serial=MV7-ICU-2208-0047 fw=2.18.3
2026-06-09T12:00:36Z [PM_CHECK_PASS] user=RN_PATEL serial=MV7-ICU-2208-0047 fw=2.18.3
2026-06-09T11:52:57Z [USER_LOGIN] user=RN_OKONKWO serial=MV7-ICU-2208-0047 fw=2.18.3
2026-06-09T11:44:28Z [NETWORK_SYNC] user=RN_PATEL serial=MV7-ICU-2208-0047 fw=2.18.3
2026-06-09T11:36:32Z [PARAM_CHANGE] user=RN_CHEN serial=MV7-ICU-2208-0047 fw=2.18.3
2026-06-09T11:28:03Z [PM_CHECK_PASS] user=RN_PATEL serial=MV7-ICU-2208-0047 fw=2.18.3
2026-06-09T11:20:37Z [USER_LOGOUT] user=RN_PATEL serial=MV7-ICU-2208-0047 fw=2.18.3
2026-06-09T11:12:48Z [NETWORK_SYNC] user=RN_OKONKWO serial=MV7-ICU-2208-0047 fw=2.18.3
2026-06-09T11:04:09Z [CALIBRATION_OK] user=RN_OKONKWO serial=MV7-ICU-2208-0047 fw=2.18.3
2026-06-09T10:56:23Z [BATTERY_CHECK] user=RN_CHEN serial=MV7-ICU-2208-0047 fw=2.18.3
2026-06-09T10:48:10Z [PM_CHECK_PASS] user=RN_OKONKWO serial=MV7-ICU-2208-0047 fw=2.18.3
2026-06-09T10:40:02Z [ALARM_TEST_PASS] user=RN_OKONKWO serial=MV7-ICU-2208-0047 fw=2.18.3
2026-06-09T10:32:22Z [CALIBRATION_OK] user=RN_OKONKWO serial=MV7-ICU-2208-0047 fw=2.18.3
2026-06-09T10:24:03Z [ALARM_TEST_PASS] user=BIOENG_MARTIN serial=MV7-ICU-2208-0047 fw=2.18.3
2026-06-09T10:16:01Z [FIRMWARE_VERIFIED] user=SYSTEM serial=MV7-ICU-2208-0047 fw=2.18.3
2026-06-09T10:08:53Z [USER_LOGOUT] user=RN_OKONKWO serial=MV7-ICU-2208-0047 fw=2.18.3
2026-06-09T10:00:01Z [CALIBRATION_OK] user=BIOENG_MARTIN serial=MV7-ICU-2208-0047 fw=2.18.3
2026-06-09T09:52:42Z [PARAM_CHANGE] user=RN_CHEN serial=MV7-ICU-2208-0047 fw=2.18.3
2026-06-09T09:44:34Z [PM_CHECK_PASS] user=BIOENG_MARTIN serial=MV7-ICU-2208-0047 fw=2.18.3
2026-06-09T09:36:22Z [USER_LOGIN] user=RN_OKONKWO serial=MV7-ICU-2208-0047 fw=2.18.3
2026-06-09T09:28:27Z [FIRMWARE_VERIFIED] user=RN_PATEL serial=MV7-ICU-2208-0047 fw=2.18.3
2026-06-09T09:20:28Z [NETWORK_SYNC] user=RN_OKONKWO serial=MV7-ICU-2208-0047 fw=2.18.3
2026-06-09T09:12:29Z [NETWORK_SYNC] user=RN_CHEN serial=MV7-ICU-2208-0047 fw=2.18.3
2026-06-09T09:04:38Z [PM_CHECK_PASS] user=SYSTEM serial=MV7-ICU-2208-0047 fw=2.18.3
2026-06-09T08:56:01Z [USER_LOGIN] user=SYSTEM serial=MV7-ICU-2208-0047 fw=2.18.3
2026-06-09T08:48:20Z [NETWORK_SYNC] user=BIOENG_MARTIN serial=MV7-ICU-2208-0047 fw=2.18.3
2026-06-09T08:40:18Z [USER_LOGOUT] user=BIOENG_MARTIN serial=MV7-ICU-2208-0047 fw=2.18.3
2026-06-09T08:32:06Z [USER_LOGOUT] user=RN_CHEN serial=MV7-ICU-2208-0047 fw=2.18.3
2026-06-09T08:24:41Z [USER_LOGIN] user=RN_CHEN serial=MV7-ICU-2208-0047 fw=2.18.3
2026-06-09T08:16:41Z [DRUG_PROFILE_LOAD] user=BIOENG_MARTIN serial=MV7-ICU-2208-0047 fw=2.18.3
2026-06-09T08:08:12Z [PARAM_CHANGE] user=RN_OKONKWO serial=MV7-ICU-2208-0047 fw=2.18.3
2026-06-09T08:00:09Z [NETWORK_SYNC] user=RN_CHEN serial=MV7-ICU-2208-0047 fw=2.18.3
2026-06-09T07:52:48Z [USER_LOGOUT] user=BIOENG_MARTIN serial=MV7-ICU-2208-0047 fw=2.18.3
2026-06-09T07:44:53Z [BATTERY_CHECK] user=SYSTEM serial=MV7-ICU-2208-0047 fw=2.18.3
2026-06-09T07:36:16Z [DRUG_PROFILE_LOAD] user=SYSTEM serial=MV7-ICU-2208-0047 fw=2.18.3
2026-06-09T07:28:48Z [USER_LOGIN] user=RN_PATEL serial=MV7-ICU-2208-0047 fw=2.18.3
2026-06-09T07:20:58Z [PARAM_CHANGE] user=RN_CHEN serial=MV7-ICU-2208-0047 fw=2.18.3
2026-06-09T07:12:13Z [PARAM_CHANGE] user=RN_CHEN serial=MV7-ICU-2208-0047 fw=2.18.3
2026-06-09T07:04:12Z [ALARM_TEST_PASS] user=BIOENG_MARTIN serial=MV7-ICU-2208-0047 fw=2.18.3
2026-06-09T06:56:17Z [ALARM_TEST_PASS] user=RN_PATEL serial=MV7-ICU-2208-0047 fw=2.18.3
2026-06-09T06:48:52Z [PARAM_CHANGE] user=SYSTEM serial=MV7-ICU-2208-0047 fw=2.18.3
2026-06-09T06:40:41Z [ALARM_TEST_PASS] user=BIOENG_MARTIN serial=MV7-ICU-2208-0047 fw=2.18.3
2026-06-09T06:32:25Z [BATTERY_CHECK] user=RN_OKONKWO serial=MV7-ICU-2208-0047 fw=2.18.3
2026-06-09T06:24:33Z [USER_LOGIN] user=RN_OKONKWO serial=MV7-ICU-2208-0047 fw=2.18.3
2026-06-09T06:16:02Z [PM_CHECK_PASS] user=RN_PATEL serial=MV7-ICU-2208-0047 fw=2.18.3
2026-06-09T06:08:54Z [CALIBRATION_OK] user=RN_OKONKWO serial=MV7-ICU-2208-0047 fw=2.18.3
2026-06-09T06:00:14Z [DRUG_PROFILE_LOAD] user=BIOENG_MARTIN serial=MV7-ICU-2208-0047 fw=2.18.3
2026-06-09T05:52:37Z [PM_CHECK_PASS] user=BIOENG_MARTIN serial=MV7-ICU-2208-0047 fw=2.18.3
2026-06-09T05:44:19Z [PARAM_CHANGE] user=RN_CHEN serial=MV7-ICU-2208-0047 fw=2.18.3
2026-06-09T05:36:18Z [NETWORK_SYNC] user=RN_CHEN serial=MV7-ICU-2208-0047 fw=2.18.3
2026-06-09T05:28:18Z [FIRMWARE_VERIFIED] user=BIOENG_MARTIN serial=MV7-ICU-2208-0047 fw=2.18.3
2026-06-09T05:20:06Z [PM_CHECK_PASS] user=BIOENG_MARTIN serial=MV7-ICU-2208-0047 fw=2.18.3
2026-06-09T05:12:47Z [USER_LOGIN] user=RN_PATEL serial=MV7-ICU-2208-0047 fw=2.18.3
2026-06-09T05:04:02Z [PM_CHECK_PASS] user=RN_OKONKWO serial=MV7-ICU-2208-0047 fw=2.18.3
2026-06-09T04:56:19Z [CALIBRATION_OK] user=RN_CHEN serial=MV7-ICU-2208-0047 fw=2.18.3
2026-06-09T04:48:39Z [PM_CHECK_PASS] user=RN_OKONKWO serial=MV7-ICU-2208-0047 fw=2.18.3
2026-06-09T04:40:08Z [BATTERY_CHECK] user=SYSTEM serial=MV7-ICU-2208-0047 fw=2.18.3
2026-06-09T04:32:24Z [USER_LOGOUT] user=BIOENG_MARTIN serial=MV7-ICU-2208-0047 fw=2.18.3
2026-06-09T04:24:36Z [PARAM_CHANGE] user=BIOENG_MARTIN serial=MV7-ICU-2208-0047 fw=2.18.3
2026-06-09T04:16:31Z [USER_LOGOUT] user=RN_OKONKWO serial=MV7-ICU-2208-0047 fw=2.18.3
2026-06-09T04:08:26Z [BATTERY_CHECK] user=SYSTEM serial=MV7-ICU-2208-0047 fw=2.18.3
2026-06-09T04:00:55Z [FIRMWARE_VERIFIED] user=RN_PATEL serial=MV7-ICU-2208-0047 fw=2.18.3
2026-06-09T03:52:32Z [ALARM_TEST_PASS] user=BIOENG_MARTIN serial=MV7-ICU-2208-0047 fw=2.18.3
2026-06-09T03:44:32Z [PARAM_CHANGE] user=BIOENG_MARTIN serial=MV7-ICU-2208-0047 fw=2.18.3
2026-06-09T03:36:04Z [ALARM_TEST_PASS] user=SYSTEM serial=MV7-ICU-2208-0047 fw=2.18.3
2026-06-09T03:28:32Z [CALIBRATION_OK] user=RN_OKONKWO serial=MV7-ICU-2208-0047 fw=2.18.3
2026-06-09T03:20:18Z [FIRMWARE_VERIFIED] user=RN_OKONKWO serial=MV7-ICU-2208-0047 fw=2.18.3
2026-06-09T03:12:18Z [USER_LOGOUT] user=SYSTEM serial=MV7-ICU-2208-0047 fw=2.18.3
2026-06-09T03:04:32Z [PM_CHECK_PASS] user=BIOENG_MARTIN serial=MV7-ICU-2208-0047 fw=2.18.3
2026-06-09T02:56:33Z [BATTERY_CHECK] user=RN_CHEN serial=MV7-ICU-2208-0047 fw=2.18.3
2026-06-09T02:48:10Z [NETWORK_SYNC] user=RN_PATEL serial=MV7-ICU-2208-0047 fw=2.18.3
2026-06-09T02:40:54Z [ALARM_TEST_PASS] user=BIOENG_MARTIN serial=MV7-ICU-2208-0047 fw=2.18.3
2026-06-09T02:32:41Z [CALIBRATION_OK] user=RN_CHEN serial=MV7-ICU-2208-0047 fw=2.18.3
2026-06-09T02:24:57Z [USER_LOGOUT] user=RN_OKONKWO serial=MV7-ICU-2208-0047 fw=2.18.3
2026-06-09T02:16:27Z [PARAM_CHANGE] user=SYSTEM serial=MV7-ICU-2208-0047 fw=2.18.3
2026-06-09T02:08:31Z [DRUG_PROFILE_LOAD] user=SYSTEM serial=MV7-ICU-2208-0047 fw=2.18.3
2026-06-09T02:00:55Z [PM_CHECK_PASS] user=SYSTEM serial=MV7-ICU-2208-0047 fw=2.18.3
2026-06-09T01:52:39Z [DRUG_PROFILE_LOAD] user=RN_PATEL serial=MV7-ICU-2208-0047 fw=2.18.3
2026-06-09T01:44:58Z [USER_LOGOUT] user=RN_OKONKWO serial=MV7-ICU-2208-0047 fw=2.18.3
2026-06-09T01:36:29Z [PM_CHECK_PASS] user=RN_CHEN serial=MV7-ICU-2208-0047 fw=2.18.3
2026-06-09T01:28:08Z [NETWORK_SYNC] user=SYSTEM serial=MV7-ICU-2208-0047 fw=2.18.3
2026-06-09T01:20:41Z [PARAM_CHANGE] user=BIOENG_MARTIN serial=MV7-ICU-2208-0047 fw=2.18.3
2026-06-09T01:12:59Z [PM_CHECK_PASS] user=BIOENG_MARTIN serial=MV7-ICU-2208-0047 fw=2.18.3
2026-06-09T01:04:24Z [CALIBRATION_OK] user=RN_PATEL serial=MV7-ICU-2208-0047 fw=2.18.3
2026-06-09T00:56:48Z [CALIBRATION_OK] user=RN_CHEN serial=MV7-ICU-2208-0047 fw=2.18.3
2026-06-09T00:48:03Z [PM_CHECK_PASS] user=RN_PATEL serial=MV7-ICU-2208-0047 fw=2.18.3
2026-06-09T00:40:06Z [BATTERY_CHECK] user=BIOENG_MARTIN serial=MV7-ICU-2208-0047 fw=2.18.3
2026-06-09T00:32:40Z [NETWORK_SYNC] user=RN_PATEL serial=MV7-ICU-2208-0047 fw=2.18.3
2026-06-09T00:24:09Z [USER_LOGIN] user=RN_PATEL serial=MV7-ICU-2208-0047 fw=2.18.3
2026-06-09T00:16:57Z [DRUG_PROFILE_LOAD] user=BIOENG_MARTIN serial=MV7-ICU-2208-0047 fw=2.18.3
2026-06-09T00:08:59Z [FIRMWARE_VERIFIED] user=RN_PATEL serial=MV7-ICU-2208-0047 fw=2.18.3
2026-06-09T00:00:35Z [ALARM_TEST_PASS] user=SYSTEM serial=MV7-ICU-2208-0047 fw=2.18.3
2026-06-10T23:52:34Z [ALARM_TEST_PASS] user=BIOENG_MARTIN serial=MV7-ICU-2208-0047 fw=2.18.3
2026-06-10T23:44:42Z [USER_LOGIN] user=RN_PATEL serial=MV7-ICU-2208-0047 fw=2.18.3
2026-06-10T23:36:07Z [DRUG_PROFILE_LOAD] user=RN_OKONKWO serial=MV7-ICU-2208-0047 fw=2.18.3
2026-06-10T23:28:45Z [PM_CHECK_PASS] user=SYSTEM serial=MV7-ICU-2208-0047 fw=2.18.3
2026-06-10T23:20:10Z [USER_LOGOUT] user=SYSTEM serial=MV7-ICU-2208-0047 fw=2.18.3
2026-06-10T23:12:45Z [PM_CHECK_PASS] user=RN_PATEL serial=MV7-ICU-2208-0047 fw=2.18.3
2026-06-10T23:04:50Z [FIRMWARE_VERIFIED] user=BIOENG_MARTIN serial=MV7-ICU-2208-0047 fw=2.18.3
2026-06-10T22:56:49Z [CALIBRATION_OK] user=BIOENG_MARTIN serial=MV7-ICU-2208-0047 fw=2.18.3
2026-06-10T22:48:34Z [PARAM_CHANGE] user=RN_OKONKWO serial=MV7-ICU-2208-0047 fw=2.18.3
2026-06-10T22:40:50Z [DRUG_PROFILE_LOAD] user=SYSTEM serial=MV7-ICU-2208-0047 fw=2.18.3
2026-06-10T22:32:51Z [PM_CHECK_PASS] user=RN_OKONKWO serial=MV7-ICU-2208-0047 fw=2.18.3
2026-06-10T22:24:01Z [CALIBRATION_OK] user=RN_OKONKWO serial=MV7-ICU-2208-0047 fw=2.18.3
2026-06-10T22:16:10Z [NETWORK_SYNC] user=SYSTEM serial=MV7-ICU-2208-0047 fw=2.18.3
2026-06-10T22:08:43Z [USER_LOGIN] user=RN_OKONKWO serial=MV7-ICU-2208-0047 fw=2.18.3
2026-06-10T22:00:49Z [ALARM_TEST_PASS] user=BIOENG_MARTIN serial=MV7-ICU-2208-0047 fw=2.18.3
2026-06-10T21:52:10Z [FIRMWARE_VERIFIED] user=BIOENG_MARTIN serial=MV7-ICU-2208-0047 fw=2.18.3
2026-06-10T21:44:32Z [CALIBRATION_OK] user=BIOENG_MARTIN serial=MV7-ICU-2208-0047 fw=2.18.3
2026-06-10T21:36:41Z [NETWORK_SYNC] user=BIOENG_MARTIN serial=MV7-ICU-2208-0047 fw=2.18.3
2026-06-10T21:28:27Z [PARAM_CHANGE] user=SYSTEM serial=MV7-ICU-2208-0047 fw=2.18.3
2026-06-10T21:20:23Z [USER_LOGIN] user=SYSTEM serial=MV7-ICU-2208-0047 fw=2.18.3
2026-06-10T21:12:04Z [PM_CHECK_PASS] user=RN_PATEL serial=MV7-ICU-2208-0047 fw=2.18.3
2026-06-10T21:04:37Z [USER_LOGOUT] user=BIOENG_MARTIN serial=MV7-ICU-2208-0047 fw=2.18.3
2026-06-10T20:56:31Z [FIRMWARE_VERIFIED] user=SYSTEM serial=MV7-ICU-2208-0047 fw=2.18.3
2026-06-10T20:48:46Z [USER_LOGOUT] user=RN_OKONKWO serial=MV7-ICU-2208-0047 fw=2.18.3
2026-06-10T20:40:36Z [ALARM_TEST_PASS] user=SYSTEM serial=MV7-ICU-2208-0047 fw=2.18.3
2026-06-10T20:32:01Z [USER_LOGOUT] user=RN_PATEL serial=MV7-ICU-2208-0047 fw=2.18.3
2026-06-10T20:24:18Z [BATTERY_CHECK] user=RN_OKONKWO serial=MV7-ICU-2208-0047 fw=2.18.3
2026-06-10T20:16:13Z [USER_LOGIN] user=RN_PATEL serial=MV7-ICU-2208-0047 fw=2.18.3
2026-06-10T20:08:32Z [BATTERY_CHECK] user=RN_PATEL serial=MV7-ICU-2208-0047 fw=2.18.3
2026-06-10T20:00:11Z [USER_LOGOUT] user=RN_OKONKWO serial=MV7-ICU-2208-0047 fw=2.18.3
2026-06-10T19:52:32Z [USER_LOGOUT] user=RN_PATEL serial=MV7-ICU-2208-0047 fw=2.18.3
2026-06-10T19:44:12Z [PM_CHECK_PASS] user=RN_OKONKWO serial=MV7-ICU-2208-0047 fw=2.18.3
2026-06-10T19:36:48Z [FIRMWARE_VERIFIED] user=RN_OKONKWO serial=MV7-ICU-2208-0047 fw=2.18.3
2026-06-10T19:28:54Z [USER_LOGIN] user=RN_PATEL serial=MV7-ICU-2208-0047 fw=2.18.3
2026-06-10T19:20:27Z [USER_LOGOUT] user=RN_OKONKWO serial=MV7-ICU-2208-0047 fw=2.18.3
2026-06-10T19:12:17Z [ALARM_TEST_PASS] user=RN_PATEL serial=MV7-ICU-2208-0047 fw=2.18.3
2026-06-10T19:04:20Z [USER_LOGOUT] user=SYSTEM serial=MV7-ICU-2208-0047 fw=2.18.3
2026-06-10T18:56:28Z [CALIBRATION_OK] user=RN_OKONKWO serial=MV7-ICU-2208-0047 fw=2.18.3
2026-06-10T18:48:56Z [USER_LOGOUT] user=BIOENG_MARTIN serial=MV7-ICU-2208-0047 fw=2.18.3
2026-06-10T18:40:35Z [CALIBRATION_OK] user=RN_OKONKWO serial=MV7-ICU-2208-0047 fw=2.18.3
2026-06-10T18:32:44Z [FIRMWARE_VERIFIED] user=RN_CHEN serial=MV7-ICU-2208-0047 fw=2.18.3
2026-06-10T18:24:17Z [ALARM_TEST_PASS] user=RN_CHEN serial=MV7-ICU-2208-0047 fw=2.18.3
2026-06-10T18:16:45Z [USER_LOGOUT] user=RN_CHEN serial=MV7-ICU-2208-0047 fw=2.18.3
2026-06-10T18:08:05Z [PM_CHECK_PASS] user=RN_CHEN serial=MV7-ICU-2208-0047 fw=2.18.3
2026-06-10T18:00:46Z [NETWORK_SYNC] user=RN_CHEN serial=MV7-ICU-2208-0047 fw=2.18.3
2026-06-10T17:52:47Z [DRUG_PROFILE_LOAD] user=RN_PATEL serial=MV7-ICU-2208-0047 fw=2.18.3
2026-06-10T17:44:15Z [DRUG_PROFILE_LOAD] user=BIOENG_MARTIN serial=MV7-ICU-2208-0047 fw=2.18.3
2026-06-10T17:36:30Z [PM_CHECK_PASS] user=RN_PATEL serial=MV7-ICU-2208-0047 fw=2.18.3
2026-06-10T17:28:02Z [ALARM_TEST_PASS] user=RN_PATEL serial=MV7-ICU-2208-0047 fw=2.18.3
2026-06-10T17:20:29Z [CALIBRATION_OK] user=BIOENG_MARTIN serial=MV7-ICU-2208-0047 fw=2.18.3
2026-06-10T17:12:09Z [PARAM_CHANGE] user=BIOENG_MARTIN serial=MV7-ICU-2208-0047 fw=2.18.3
2026-06-10T17:04:36Z [BATTERY_CHECK] user=RN_CHEN serial=MV7-ICU-2208-0047 fw=2.18.3
2026-06-10T16:56:32Z [CALIBRATION_OK] user=RN_OKONKWO serial=MV7-ICU-2208-0047 fw=2.18.3
2026-06-10T16:48:20Z [USER_LOGOUT] user=RN_CHEN serial=MV7-ICU-2208-0047 fw=2.18.3
2026-06-10T16:40:18Z [ALARM_TEST_PASS] user=SYSTEM serial=MV7-ICU-2208-0047 fw=2.18.3
2026-06-10T16:32:44Z [DRUG_PROFILE_LOAD] user=RN_OKONKWO serial=MV7-ICU-2208-0047 fw=2.18.3
2026-06-10T16:24:54Z [NETWORK_SYNC] user=BIOENG_MARTIN serial=MV7-ICU-2208-0047 fw=2.18.3
2026-06-10T16:16:41Z [BATTERY_CHECK] user=BIOENG_MARTIN serial=MV7-ICU-2208-0047 fw=2.18.3
2026-06-10T16:08:28Z [USER_LOGOUT] user=RN_OKONKWO serial=MV7-ICU-2208-0047 fw=2.18.3
2026-06-10T16:00:09Z [BATTERY_CHECK] user=RN_CHEN serial=MV7-ICU-2208-0047 fw=2.18.3
2026-06-10T15:52:27Z [USER_LOGOUT] user=RN_PATEL serial=MV7-ICU-2208-0047 fw=2.18.3
2026-06-10T15:44:08Z [NETWORK_SYNC] user=RN_PATEL serial=MV7-ICU-2208-0047 fw=2.18.3
2026-06-10T15:36:06Z [CALIBRATION_OK] user=RN_OKONKWO serial=MV7-ICU-2208-0047 fw=2.18.3
2026-06-10T15:28:08Z [BATTERY_CHECK] user=RN_CHEN serial=MV7-ICU-2208-0047 fw=2.18.3
2026-06-10T15:20:44Z [USER_LOGOUT] user=BIOENG_MARTIN serial=MV7-ICU-2208-0047 fw=2.18.3
2026-06-10T15:12:15Z [PARAM_CHANGE] user=BIOENG_MARTIN serial=MV7-ICU-2208-0047 fw=2.18.3
2026-06-10T15:04:46Z [CALIBRATION_OK] user=RN_PATEL serial=MV7-ICU-2208-0047 fw=2.18.3
2026-06-10T14:56:59Z [BATTERY_CHECK] user=BIOENG_MARTIN serial=MV7-ICU-2208-0047 fw=2.18.3
2026-06-10T14:48:25Z [BATTERY_CHECK] user=RN_OKONKWO serial=MV7-ICU-2208-0047 fw=2.18.3
2026-06-10T14:40:38Z [PARAM_CHANGE] user=RN_PATEL serial=MV7-ICU-2208-0047 fw=2.18.3
2026-06-10T14:32:13Z [USER_LOGOUT] user=RN_PATEL serial=MV7-ICU-2208-0047 fw=2.18.3
2026-06-10T14:24:24Z [BATTERY_CHECK] user=SYSTEM serial=MV7-ICU-2208-0047 fw=2.18.3
2026-06-10T14:16:23Z [DRUG_PROFILE_LOAD] user=RN_PATEL serial=MV7-ICU-2208-0047 fw=2.18.3
2026-06-10T14:08:23Z [DRUG_PROFILE_LOAD] user=RN_PATEL serial=MV7-ICU-2208-0047 fw=2.18.3
2026-06-10T14:00:01Z [PM_CHECK_PASS] user=SYSTEM serial=MV7-ICU-2208-0047 fw=2.18.3
2026-06-10T13:52:53Z [PARAM_CHANGE] user=RN_OKONKWO serial=MV7-ICU-2208-0047 fw=2.18.3
2026-06-10T13:44:11Z [PARAM_CHANGE] user=SYSTEM serial=MV7-ICU-2208-0047 fw=2.18.3
2026-06-10T13:36:37Z [DRUG_PROFILE_LOAD] user=SYSTEM serial=MV7-ICU-2208-0047 fw=2.18.3
2026-06-10T13:28:10Z [BATTERY_CHECK] user=RN_PATEL serial=MV7-ICU-2208-0047 fw=2.18.3
2026-06-10T13:20:52Z [CALIBRATION_OK] user=RN_PATEL serial=MV7-ICU-2208-0047 fw=2.18.3
2026-06-10T13:12:57Z [PARAM_CHANGE] user=BIOENG_MARTIN serial=MV7-ICU-2208-0047 fw=2.18.3
2026-06-10T13:04:29Z [USER_LOGOUT] user=RN_CHEN serial=MV7-ICU-2208-0047 fw=2.18.3
2026-06-10T12:56:23Z [ALARM_TEST_PASS] user=RN_CHEN serial=MV7-ICU-2208-0047 fw=2.18.3
2026-06-10T12:48:39Z [ALARM_TEST_PASS] user=RN_CHEN serial=MV7-ICU-2208-0047 fw=2.18.3
2026-06-10T12:40:14Z [PM_CHECK_PASS] user=BIOENG_MARTIN serial=MV7-ICU-2208-0047 fw=2.18.3
2026-06-10T12:32:20Z [BATTERY_CHECK] user=BIOENG_MARTIN serial=MV7-ICU-2208-0047 fw=2.18.3
2026-06-10T12:24:58Z [NETWORK_SYNC] user=SYSTEM serial=MV7-ICU-2208-0047 fw=2.18.3
2026-06-10T12:16:21Z [PM_CHECK_PASS] user=RN_CHEN serial=MV7-ICU-2208-0047 fw=2.18.3
2026-06-10T12:08:13Z [FIRMWARE_VERIFIED] user=SYSTEM serial=MV7-ICU-2208-0047 fw=2.18.3
2026-06-10T12:00:25Z [ALARM_TEST_PASS] user=RN_CHEN serial=MV7-ICU-2208-0047 fw=2.18.3
2026-06-10T11:52:45Z [ALARM_TEST_PASS] user=SYSTEM serial=MV7-ICU-2208-0047 fw=2.18.3
2026-06-10T11:44:35Z [CALIBRATION_OK] user=BIOENG_MARTIN serial=MV7-ICU-2208-0047 fw=2.18.3
2026-06-10T11:36:51Z [USER_LOGOUT] user=BIOENG_MARTIN serial=MV7-ICU-2208-0047 fw=2.18.3
2026-06-10T11:28:45Z [USER_LOGIN] user=RN_OKONKWO serial=MV7-ICU-2208-0047 fw=2.18.3
2026-06-10T11:20:41Z [CALIBRATION_OK] user=RN_OKONKWO serial=MV7-ICU-2208-0047 fw=2.18.3
2026-06-10T11:12:15Z [PM_CHECK_PASS] user=RN_PATEL serial=MV7-ICU-2208-0047 fw=2.18.3
2026-06-10T11:04:12Z [CALIBRATION_OK] user=RN_OKONKWO serial=MV7-ICU-2208-0047 fw=2.18.3
2026-06-10T10:56:40Z [PM_CHECK_PASS] user=RN_CHEN serial=MV7-ICU-2208-0047 fw=2.18.3
2026-06-10T10:48:54Z [DRUG_PROFILE_LOAD] user=RN_PATEL serial=MV7-ICU-2208-0047 fw=2.18.3
2026-06-10T10:40:45Z [NETWORK_SYNC] user=SYSTEM serial=MV7-ICU-2208-0047 fw=2.18.3
2026-06-10T10:32:01Z [PM_CHECK_PASS] user=BIOENG_MARTIN serial=MV7-ICU-2208-0047 fw=2.18.3
2026-06-10T10:24:54Z [CALIBRATION_OK] user=BIOENG_MARTIN serial=MV7-ICU-2208-0047 fw=2.18.3
2026-06-10T10:16:15Z [BATTERY_CHECK] user=RN_PATEL serial=MV7-ICU-2208-0047 fw=2.18.3
2026-06-10T10:08:42Z [FIRMWARE_VERIFIED] user=RN_PATEL serial=MV7-ICU-2208-0047 fw=2.18.3
2026-06-10T10:00:30Z [USER_LOGOUT] user=SYSTEM serial=MV7-ICU-2208-0047 fw=2.18.3
2026-06-10T09:52:59Z [USER_LOGOUT] user=SYSTEM serial=MV7-ICU-2208-0047 fw=2.18.3
2026-06-10T09:44:57Z [USER_LOGOUT] user=SYSTEM serial=MV7-ICU-2208-0047 fw=2.18.3
2026-06-10T09:36:45Z [CALIBRATION_OK] user=SYSTEM serial=MV7-ICU-2208-0047 fw=2.18.3
2026-06-10T09:28:20Z [PM_CHECK_PASS] user=RN_OKONKWO serial=MV7-ICU-2208-0047 fw=2.18.3
2026-06-10T09:20:22Z [ALARM_TEST_PASS] user=BIOENG_MARTIN serial=MV7-ICU-2208-0047 fw=2.18.3
2026-06-10T09:12:21Z [DRUG_PROFILE_LOAD] user=BIOENG_MARTIN serial=MV7-ICU-2208-0047 fw=2.18.3
2026-06-10T09:04:22Z [DRUG_PROFILE_LOAD] user=BIOENG_MARTIN serial=MV7-ICU-2208-0047 fw=2.18.3
2026-06-10T08:56:33Z [USER_LOGIN] user=SYSTEM serial=MV7-ICU-2208-0047 fw=2.18.3
2026-06-10T08:48:29Z [BATTERY_CHECK] user=RN_PATEL serial=MV7-ICU-2208-0047 fw=2.18.3
2026-06-10T08:40:50Z [FIRMWARE_VERIFIED] user=BIOENG_MARTIN serial=MV7-ICU-2208-0047 fw=2.18.3
2026-06-10T08:32:27Z [NETWORK_SYNC] user=RN_OKONKWO serial=MV7-ICU-2208-0047 fw=2.18.3
2026-06-10T08:24:24Z [BATTERY_CHECK] user=RN_CHEN serial=MV7-ICU-2208-0047 fw=2.18.3
2026-06-10T08:16:33Z [USER_LOGOUT] user=RN_CHEN serial=MV7-ICU-2208-0047 fw=2.18.3
2026-06-10T08:08:55Z [PARAM_CHANGE] user=RN_PATEL serial=MV7-ICU-2208-0047 fw=2.18.3
2026-06-10T08:00:56Z [CALIBRATION_OK] user=RN_CHEN serial=MV7-ICU-2208-0047 fw=2.18.3
2026-06-10T07:52:48Z [USER_LOGOUT] user=RN_CHEN serial=MV7-ICU-2208-0047 fw=2.18.3
2026-06-10T07:44:04Z [NETWORK_SYNC] user=BIOENG_MARTIN serial=MV7-ICU-2208-0047 fw=2.18.3
2026-06-10T07:36:31Z [PARAM_CHANGE] user=RN_OKONKWO serial=MV7-ICU-2208-0047 fw=2.18.3
2026-06-10T07:28:16Z [NETWORK_SYNC] user=RN_PATEL serial=MV7-ICU-2208-0047 fw=2.18.3
2026-06-10T07:20:40Z [BATTERY_CHECK] user=SYSTEM serial=MV7-ICU-2208-0047 fw=2.18.3
2026-06-10T07:12:11Z [BATTERY_CHECK] user=RN_OKONKWO serial=MV7-ICU-2208-0047 fw=2.18.3
2026-06-10T07:04:18Z [USER_LOGOUT] user=RN_PATEL serial=MV7-ICU-2208-0047 fw=2.18.3
2026-06-10T06:56:26Z [DRUG_PROFILE_LOAD] user=BIOENG_MARTIN serial=MV7-ICU-2208-0047 fw=2.18.3
2026-06-10T06:48:49Z [PARAM_CHANGE] user=RN_OKONKWO serial=MV7-ICU-2208-0047 fw=2.18.3
2026-06-10T06:40:16Z [CALIBRATION_OK] user=BIOENG_MARTIN serial=MV7-ICU-2208-0047 fw=2.18.3
2026-06-10T06:32:39Z [BATTERY_CHECK] user=BIOENG_MARTIN serial=MV7-ICU-2208-0047 fw=2.18.3
2026-06-10T06:24:03Z [USER_LOGIN] user=SYSTEM serial=MV7-ICU-2208-0047 fw=2.18.3
2026-06-10T06:16:14Z [DRUG_PROFILE_LOAD] user=RN_CHEN serial=MV7-ICU-2208-0047 fw=2.18.3
2026-06-10T06:08:15Z [USER_LOGIN] user=SYSTEM serial=MV7-ICU-2208-0047 fw=2.18.3
2026-06-10T06:00:49Z [USER_LOGIN] user=BIOENG_MARTIN serial=MV7-ICU-2208-0047 fw=2.18.3
2026-06-10T05:52:28Z [NETWORK_SYNC] user=RN_PATEL serial=MV7-ICU-2208-0047 fw=2.18.3
2026-06-10T05:44:04Z [FIRMWARE_VERIFIED] user=RN_OKONKWO serial=MV7-ICU-2208-0047 fw=2.18.3
2026-06-10T05:36:03Z [PARAM_CHANGE] user=BIOENG_MARTIN serial=MV7-ICU-2208-0047 fw=2.18.3
2026-06-10T05:28:56Z [USER_LOGIN] user=RN_PATEL serial=MV7-ICU-2208-0047 fw=2.18.3
2026-06-10T05:20:07Z [PM_CHECK_PASS] user=RN_CHEN serial=MV7-ICU-2208-0047 fw=2.18.3
2026-06-10T05:12:17Z [USER_LOGIN] user=BIOENG_MARTIN serial=MV7-ICU-2208-0047 fw=2.18.3
2026-06-10T05:04:59Z [BATTERY_CHECK] user=RN_PATEL serial=MV7-ICU-2208-0047 fw=2.18.3
2026-06-10T04:56:03Z [PARAM_CHANGE] user=RN_PATEL serial=MV7-ICU-2208-0047 fw=2.18.3
2026-06-10T04:48:49Z [CALIBRATION_OK] user=RN_OKONKWO serial=MV7-ICU-2208-0047 fw=2.18.3
2026-06-10T04:40:13Z [USER_LOGOUT] user=RN_OKONKWO serial=MV7-ICU-2208-0047 fw=2.18.3
2026-06-10T04:32:04Z [DRUG_PROFILE_LOAD] user=RN_CHEN serial=MV7-ICU-2208-0047 fw=2.18.3
2026-06-10T04:24:52Z [BATTERY_CHECK] user=BIOENG_MARTIN serial=MV7-ICU-2208-0047 fw=2.18.3
2026-06-10T04:16:44Z [BATTERY_CHECK] user=RN_OKONKWO serial=MV7-ICU-2208-0047 fw=2.18.3
2026-06-10T04:08:37Z [USER_LOGOUT] user=RN_PATEL serial=MV7-ICU-2208-0047 fw=2.18.3
2026-06-10T04:00:57Z [NETWORK_SYNC] user=SYSTEM serial=MV7-ICU-2208-0047 fw=2.18.3
2026-06-10T03:52:04Z [ALARM_TEST_PASS] user=RN_PATEL serial=MV7-ICU-2208-0047 fw=2.18.3
2026-06-10T03:44:10Z [USER_LOGOUT] user=SYSTEM serial=MV7-ICU-2208-0047 fw=2.18.3
2026-06-10T03:36:33Z [DRUG_PROFILE_LOAD] user=RN_OKONKWO serial=MV7-ICU-2208-0047 fw=2.18.3
2026-06-10T03:28:51Z [BATTERY_CHECK] user=SYSTEM serial=MV7-ICU-2208-0047 fw=2.18.3
2026-06-10T03:20:19Z [PARAM_CHANGE] user=RN_CHEN serial=MV7-ICU-2208-0047 fw=2.18.3
2026-06-10T03:12:49Z [USER_LOGIN] user=SYSTEM serial=MV7-ICU-2208-0047 fw=2.18.3
2026-06-10T03:04:02Z [BATTERY_CHECK] user=SYSTEM serial=MV7-ICU-2208-0047 fw=2.18.3
2026-06-10T02:56:57Z [DRUG_PROFILE_LOAD] user=SYSTEM serial=MV7-ICU-2208-0047 fw=2.18.3
2026-06-10T02:48:13Z [ALARM_TEST_PASS] user=RN_PATEL serial=MV7-ICU-2208-0047 fw=2.18.3
2026-06-10T02:40:44Z [CALIBRATION_OK] user=RN_PATEL serial=MV7-ICU-2208-0047 fw=2.18.3
2026-06-10T02:32:04Z [PARAM_CHANGE] user=SYSTEM serial=MV7-ICU-2208-0047 fw=2.18.3
2026-06-10T02:24:58Z [NETWORK_SYNC] user=SYSTEM serial=MV7-ICU-2208-0047 fw=2.18.3
2026-06-10T02:16:05Z [NETWORK_SYNC] user=RN_OKONKWO serial=MV7-ICU-2208-0047 fw=2.18.3
2026-06-10T02:08:07Z [BATTERY_CHECK] user=RN_OKONKWO serial=MV7-ICU-2208-0047 fw=2.18.3
2026-06-10T02:00:14Z [FIRMWARE_VERIFIED] user=BIOENG_MARTIN serial=MV7-ICU-2208-0047 fw=2.18.3
2026-06-10T01:52:05Z [PARAM_CHANGE] user=SYSTEM serial=MV7-ICU-2208-0047 fw=2.18.3
2026-06-10T01:44:47Z [ALARM_TEST_PASS] user=SYSTEM serial=MV7-ICU-2208-0047 fw=2.18.3
2026-06-10T01:36:57Z [PARAM_CHANGE] user=RN_CHEN serial=MV7-ICU-2208-0047 fw=2.18.3
2026-06-10T01:28:24Z [USER_LOGOUT] user=SYSTEM serial=MV7-ICU-2208-0047 fw=2.18.3
2026-06-10T01:20:29Z [CALIBRATION_OK] user=RN_PATEL serial=MV7-ICU-2208-0047 fw=2.18.3
2026-06-10T01:12:08Z [DRUG_PROFILE_LOAD] user=BIOENG_MARTIN serial=MV7-ICU-2208-0047 fw=2.18.3
2026-06-10T01:04:18Z [DRUG_PROFILE_LOAD] user=RN_PATEL serial=MV7-ICU-2208-0047 fw=2.18.3
2026-06-10T00:56:22Z [CALIBRATION_OK] user=RN_CHEN serial=MV7-ICU-2208-0047 fw=2.18.3
2026-06-10T00:48:12Z [ALARM_TEST_PASS] user=RN_OKONKWO serial=MV7-ICU-2208-0047 fw=2.18.3
2026-06-10T00:40:24Z [USER_LOGIN] user=RN_CHEN serial=MV7-ICU-2208-0047 fw=2.18.3
2026-06-10T00:32:51Z [DRUG_PROFILE_LOAD] user=BIOENG_MARTIN serial=MV7-ICU-2208-0047 fw=2.18.3
2026-06-10T00:24:37Z [CALIBRATION_OK] user=SYSTEM serial=MV7-ICU-2208-0047 fw=2.18.3
2026-06-10T00:16:25Z [CALIBRATION_OK] user=RN_CHEN serial=MV7-ICU-2208-0047 fw=2.18.3
2026-06-10T00:08:05Z [BATTERY_CHECK] user=SYSTEM serial=MV7-ICU-2208-0047 fw=2.18.3
2026-06-10T00:00:43Z [CALIBRATION_OK] user=BIOENG_MARTIN serial=MV7-ICU-2208-0047 fw=2.18.3
2026-06-11T23:52:53Z [PARAM_CHANGE] user=BIOENG_MARTIN serial=MV7-ICU-2208-0047 fw=2.18.3
2026-06-11T23:44:59Z [PM_CHECK_PASS] user=RN_PATEL serial=MV7-ICU-2208-0047 fw=2.18.3
2026-06-11T23:36:43Z [FIRMWARE_VERIFIED] user=RN_CHEN serial=MV7-ICU-2208-0047 fw=2.18.3
2026-06-11T23:28:56Z [NETWORK_SYNC] user=BIOENG_MARTIN serial=MV7-ICU-2208-0047 fw=2.18.3
2026-06-11T23:20:41Z [FIRMWARE_VERIFIED] user=RN_OKONKWO serial=MV7-ICU-2208-0047 fw=2.18.3
2026-06-11T23:12:28Z [ALARM_TEST_PASS] user=RN_OKONKWO serial=MV7-ICU-2208-0047 fw=2.18.3
2026-06-11T23:04:37Z [DRUG_PROFILE_LOAD] user=RN_PATEL serial=MV7-ICU-2208-0047 fw=2.18.3
2026-06-11T22:56:47Z [FIRMWARE_VERIFIED] user=SYSTEM serial=MV7-ICU-2208-0047 fw=2.18.3
2026-06-11T22:48:51Z [DRUG_PROFILE_LOAD] user=RN_CHEN serial=MV7-ICU-2208-0047 fw=2.18.3
2026-06-11T22:40:07Z [FIRMWARE_VERIFIED] user=RN_OKONKWO serial=MV7-ICU-2208-0047 fw=2.18.3
2026-06-11T22:32:40Z [CALIBRATION_OK] user=RN_CHEN serial=MV7-ICU-2208-0047 fw=2.18.3
2026-06-11T22:24:02Z [PM_CHECK_PASS] user=RN_CHEN serial=MV7-ICU-2208-0047 fw=2.18.3
2026-06-11T22:16:03Z [PM_CHECK_PASS] user=SYSTEM serial=MV7-ICU-2208-0047 fw=2.18.3
2026-06-11T22:08:25Z [CALIBRATION_OK] user=SYSTEM serial=MV7-ICU-2208-0047 fw=2.18.3
2026-06-11T22:00:29Z [NETWORK_SYNC] user=SYSTEM serial=MV7-ICU-2208-0047 fw=2.18.3
2026-06-11T21:52:05Z [ALARM_TEST_PASS] user=RN_CHEN serial=MV7-ICU-2208-0047 fw=2.18.3
2026-06-11T21:44:14Z [NETWORK_SYNC] user=RN_OKONKWO serial=MV7-ICU-2208-0047 fw=2.18.3
2026-06-11T21:36:26Z [CALIBRATION_OK] user=RN_OKONKWO serial=MV7-ICU-2208-0047 fw=2.18.3
2026-06-11T21:28:44Z [NETWORK_SYNC] user=RN_OKONKWO serial=MV7-ICU-2208-0047 fw=2.18.3
2026-06-11T21:20:41Z [DRUG_PROFILE_LOAD] user=RN_CHEN serial=MV7-ICU-2208-0047 fw=2.18.3
2026-06-11T21:12:18Z [PARAM_CHANGE] user=RN_PATEL serial=MV7-ICU-2208-0047 fw=2.18.3
2026-06-11T21:04:25Z [ALARM_TEST_PASS] user=RN_OKONKWO serial=MV7-ICU-2208-0047 fw=2.18.3
2026-06-11T20:56:59Z [CALIBRATION_OK] user=SYSTEM serial=MV7-ICU-2208-0047 fw=2.18.3
2026-06-11T20:48:04Z [FIRMWARE_VERIFIED] user=BIOENG_MARTIN serial=MV7-ICU-2208-0047 fw=2.18.3
2026-06-11T20:40:36Z [PARAM_CHANGE] user=RN_PATEL serial=MV7-ICU-2208-0047 fw=2.18.3
2026-06-11T20:32:52Z [USER_LOGOUT] user=RN_OKONKWO serial=MV7-ICU-2208-0047 fw=2.18.3
2026-06-11T20:24:16Z [USER_LOGOUT] user=BIOENG_MARTIN serial=MV7-ICU-2208-0047 fw=2.18.3
2026-06-11T20:16:46Z [ALARM_TEST_PASS] user=SYSTEM serial=MV7-ICU-2208-0047 fw=2.18.3
2026-06-11T20:08:07Z [NETWORK_SYNC] user=SYSTEM serial=MV7-ICU-2208-0047 fw=2.18.3
2026-06-11T20:00:14Z [DRUG_PROFILE_LOAD] user=RN_OKONKWO serial=MV7-ICU-2208-0047 fw=2.18.3
2026-06-11T19:52:51Z [PARAM_CHANGE] user=BIOENG_MARTIN serial=MV7-ICU-2208-0047 fw=2.18.3
2026-06-11T19:44:39Z [DRUG_PROFILE_LOAD] user=RN_CHEN serial=MV7-ICU-2208-0047 fw=2.18.3
2026-06-11T19:36:52Z [USER_LOGOUT] user=RN_OKONKWO serial=MV7-ICU-2208-0047 fw=2.18.3
2026-06-11T19:28:03Z [ALARM_TEST_PASS] user=RN_PATEL serial=MV7-ICU-2208-0047 fw=2.18.3
2026-06-11T19:20:09Z [PM_CHECK_PASS] user=RN_CHEN serial=MV7-ICU-2208-0047 fw=2.18.3
2026-06-11T19:12:57Z [USER_LOGIN] user=BIOENG_MARTIN serial=MV7-ICU-2208-0047 fw=2.18.3
2026-06-11T19:04:17Z [PARAM_CHANGE] user=RN_OKONKWO serial=MV7-ICU-2208-0047 fw=2.18.3
2026-06-11T18:56:50Z [PARAM_CHANGE] user=RN_CHEN serial=MV7-ICU-2208-0047 fw=2.18.3
2026-06-11T18:48:55Z [BATTERY_CHECK] user=RN_OKONKWO serial=MV7-ICU-2208-0047 fw=2.18.3
2026-06-11T18:40:52Z [ALARM_TEST_PASS] user=SYSTEM serial=MV7-ICU-2208-0047 fw=2.18.3
2026-06-11T18:32:49Z [ALARM_TEST_PASS] user=RN_OKONKWO serial=MV7-ICU-2208-0047 fw=2.18.3
2026-06-11T18:24:08Z [FIRMWARE_VERIFIED] user=RN_PATEL serial=MV7-ICU-2208-0047 fw=2.18.3
2026-06-11T18:16:42Z [USER_LOGIN] user=SYSTEM serial=MV7-ICU-2208-0047 fw=2.18.3
2026-06-11T18:08:24Z [USER_LOGOUT] user=SYSTEM serial=MV7-ICU-2208-0047 fw=2.18.3
2026-06-11T18:00:17Z [NETWORK_SYNC] user=RN_PATEL serial=MV7-ICU-2208-0047 fw=2.18.3
2026-06-11T17:52:03Z [ALARM_TEST_PASS] user=RN_CHEN serial=MV7-ICU-2208-0047 fw=2.18.3
2026-06-11T17:44:48Z [PM_CHECK_PASS] user=SYSTEM serial=MV7-ICU-2208-0047 fw=2.18.3
2026-06-11T17:36:32Z [FIRMWARE_VERIFIED] user=RN_PATEL serial=MV7-ICU-2208-0047 fw=2.18.3
2026-06-11T17:28:56Z [PARAM_CHANGE] user=SYSTEM serial=MV7-ICU-2208-0047 fw=2.18.3
2026-06-11T17:20:56Z [CALIBRATION_OK] user=RN_PATEL serial=MV7-ICU-2208-0047 fw=2.18.3
2026-06-11T17:12:01Z [ALARM_TEST_PASS] user=RN_CHEN serial=MV7-ICU-2208-0047 fw=2.18.3
2026-06-11T17:04:12Z [BATTERY_CHECK] user=RN_OKONKWO serial=MV7-ICU-2208-0047 fw=2.18.3
2026-06-11T16:56:21Z [CALIBRATION_OK] user=RN_CHEN serial=MV7-ICU-2208-0047 fw=2.18.3
2026-06-11T16:48:51Z [CALIBRATION_OK] user=RN_OKONKWO serial=MV7-ICU-2208-0047 fw=2.18.3
2026-06-11T16:40:04Z [ALARM_TEST_PASS] user=RN_PATEL serial=MV7-ICU-2208-0047 fw=2.18.3
2026-06-11T16:32:03Z [USER_LOGOUT] user=RN_OKONKWO serial=MV7-ICU-2208-0047 fw=2.18.3
2026-06-11T16:24:59Z [CALIBRATION_OK] user=BIOENG_MARTIN serial=MV7-ICU-2208-0047 fw=2.18.3
2026-06-11T16:16:31Z [DRUG_PROFILE_LOAD] user=RN_OKONKWO serial=MV7-ICU-2208-0047 fw=2.18.3
2026-06-11T16:08:50Z [CALIBRATION_OK] user=RN_CHEN serial=MV7-ICU-2208-0047 fw=2.18.3
2026-06-11T16:00:09Z [CALIBRATION_OK] user=SYSTEM serial=MV7-ICU-2208-0047 fw=2.18.3
2026-06-11T15:52:26Z [CALIBRATION_OK] user=RN_CHEN serial=MV7-ICU-2208-0047 fw=2.18.3
2026-06-11T15:44:54Z [DRUG_PROFILE_LOAD] user=RN_CHEN serial=MV7-ICU-2208-0047 fw=2.18.3
2026-06-11T15:36:24Z [FIRMWARE_VERIFIED] user=SYSTEM serial=MV7-ICU-2208-0047 fw=2.18.3
2026-06-11T15:28:59Z [DRUG_PROFILE_LOAD] user=RN_OKONKWO serial=MV7-ICU-2208-0047 fw=2.18.3
2026-06-11T15:20:29Z [ALARM_TEST_PASS] user=RN_OKONKWO serial=MV7-ICU-2208-0047 fw=2.18.3
2026-06-11T15:12:16Z [ALARM_TEST_PASS] user=SYSTEM serial=MV7-ICU-2208-0047 fw=2.18.3
2026-06-11T15:04:45Z [USER_LOGOUT] user=SYSTEM serial=MV7-ICU-2208-0047 fw=2.18.3
2026-06-11T14:56:45Z [NETWORK_SYNC] user=SYSTEM serial=MV7-ICU-2208-0047 fw=2.18.3
2026-06-11T14:48:37Z [DRUG_PROFILE_LOAD] user=RN_PATEL serial=MV7-ICU-2208-0047 fw=2.18.3
2026-06-11T14:40:55Z [USER_LOGIN] user=BIOENG_MARTIN serial=MV7-ICU-2208-0047 fw=2.18.3
2026-06-11T14:32:37Z [BATTERY_CHECK] user=RN_OKONKWO serial=MV7-ICU-2208-0047 fw=2.18.3
2026-06-11T14:24:07Z [ALARM_TEST_PASS] user=RN_OKONKWO serial=MV7-ICU-2208-0047 fw=2.18.3
2026-06-11T14:16:35Z [FIRMWARE_VERIFIED] user=RN_PATEL serial=MV7-ICU-2208-0047 fw=2.18.3
2026-06-11T14:08:12Z [PARAM_CHANGE] user=RN_CHEN serial=MV7-ICU-2208-0047 fw=2.18.3
2026-06-11T14:00:57Z [DRUG_PROFILE_LOAD] user=RN_PATEL serial=MV7-ICU-2208-0047 fw=2.18.3
2026-06-11T13:52:32Z [ALARM_TEST_PASS] user=RN_PATEL serial=MV7-ICU-2208-0047 fw=2.18.3
2026-06-11T13:44:07Z [PM_CHECK_PASS] user=SYSTEM serial=MV7-ICU-2208-0047 fw=2.18.3
2026-06-11T13:36:56Z [USER_LOGIN] user=BIOENG_MARTIN serial=MV7-ICU-2208-0047 fw=2.18.3
2026-06-11T13:28:33Z [USER_LOGOUT] user=BIOENG_MARTIN serial=MV7-ICU-2208-0047 fw=2.18.3
2026-06-11T13:20:56Z [USER_LOGOUT] user=BIOENG_MARTIN serial=MV7-ICU-2208-0047 fw=2.18.3
2026-06-11T13:12:41Z [USER_LOGOUT] user=SYSTEM serial=MV7-ICU-2208-0047 fw=2.18.3
2026-06-11T13:04:12Z [NETWORK_SYNC] user=RN_CHEN serial=MV7-ICU-2208-0047 fw=2.18.3
2026-06-11T12:56:01Z [BATTERY_CHECK] user=BIOENG_MARTIN serial=MV7-ICU-2208-0047 fw=2.18.3
2026-06-11T12:48:17Z [PARAM_CHANGE] user=SYSTEM serial=MV7-ICU-2208-0047 fw=2.18.3
2026-06-11T12:40:48Z [CALIBRATION_OK] user=SYSTEM serial=MV7-ICU-2208-0047 fw=2.18.3
2026-06-11T12:32:41Z [USER_LOGIN] user=BIOENG_MARTIN serial=MV7-ICU-2208-0047 fw=2.18.3
2026-06-11T12:24:47Z [PARAM_CHANGE] user=RN_PATEL serial=MV7-ICU-2208-0047 fw=2.18.3
2026-06-11T12:16:28Z [USER_LOGOUT] user=RN_PATEL serial=MV7-ICU-2208-0047 fw=2.18.3
2026-06-11T12:08:43Z [DRUG_PROFILE_LOAD] user=SYSTEM serial=MV7-ICU-2208-0047 fw=2.18.3
2026-06-11T12:00:37Z [USER_LOGIN] user=RN_PATEL serial=MV7-ICU-2208-0047 fw=2.18.3
2026-06-11T11:52:25Z [FIRMWARE_VERIFIED] user=SYSTEM serial=MV7-ICU-2208-0047 fw=2.18.3
2026-06-11T11:44:15Z [USER_LOGOUT] user=RN_PATEL serial=MV7-ICU-2208-0047 fw=2.18.3
2026-06-11T11:36:20Z [NETWORK_SYNC] user=SYSTEM serial=MV7-ICU-2208-0047 fw=2.18.3
2026-06-11T11:28:49Z [ALARM_TEST_PASS] user=RN_PATEL serial=MV7-ICU-2208-0047 fw=2.18.3
2026-06-11T11:20:52Z [BATTERY_CHECK] user=BIOENG_MARTIN serial=MV7-ICU-2208-0047 fw=2.18.3
2026-06-11T11:12:43Z [FIRMWARE_VERIFIED] user=RN_PATEL serial=MV7-ICU-2208-0047 fw=2.18.3
2026-06-11T11:04:09Z [FIRMWARE_VERIFIED] user=RN_OKONKWO serial=MV7-ICU-2208-0047 fw=2.18.3
2026-06-11T10:56:42Z [USER_LOGIN] user=SYSTEM serial=MV7-ICU-2208-0047 fw=2.18.3
2026-06-11T10:48:59Z [NETWORK_SYNC] user=RN_OKONKWO serial=MV7-ICU-2208-0047 fw=2.18.3
2026-06-11T10:40:58Z [USER_LOGIN] user=RN_PATEL serial=MV7-ICU-2208-0047 fw=2.18.3
2026-06-11T10:32:05Z [PARAM_CHANGE] user=BIOENG_MARTIN serial=MV7-ICU-2208-0047 fw=2.18.3
2026-06-11T10:24:57Z [ALARM_TEST_PASS] user=BIOENG_MARTIN serial=MV7-ICU-2208-0047 fw=2.18.3
2026-06-11T10:16:07Z [NETWORK_SYNC] user=RN_OKONKWO serial=MV7-ICU-2208-0047 fw=2.18.3
2026-06-11T10:08:32Z [PARAM_CHANGE] user=RN_PATEL serial=MV7-ICU-2208-0047 fw=2.18.3
2026-06-11T10:00:19Z [NETWORK_SYNC] user=RN_PATEL serial=MV7-ICU-2208-0047 fw=2.18.3
2026-06-11T09:52:27Z [USER_LOGIN] user=RN_CHEN serial=MV7-ICU-2208-0047 fw=2.18.3
2026-06-11T09:44:00Z [FIRMWARE_VERIFIED] user=RN_PATEL serial=MV7-ICU-2208-0047 fw=2.18.3
2026-06-11T09:36:21Z [NETWORK_SYNC] user=SYSTEM serial=MV7-ICU-2208-0047 fw=2.18.3
2026-06-11T09:28:57Z [PM_CHECK_PASS] user=SYSTEM serial=MV7-ICU-2208-0047 fw=2.18.3
2026-06-11T09:20:11Z [PM_CHECK_PASS] user=BIOENG_MARTIN serial=MV7-ICU-2208-0047 fw=2.18.3
2026-06-11T09:12:32Z [BATTERY_CHECK] user=RN_PATEL serial=MV7-ICU-2208-0047 fw=2.18.3
2026-06-11T09:04:34Z [PARAM_CHANGE] user=RN_OKONKWO serial=MV7-ICU-2208-0047 fw=2.18.3
2026-06-11T08:56:57Z [ALARM_TEST_PASS] user=RN_CHEN serial=MV7-ICU-2208-0047 fw=2.18.3
2026-06-11T08:48:55Z [BATTERY_CHECK] user=RN_CHEN serial=MV7-ICU-2208-0047 fw=2.18.3
2026-06-11T08:40:10Z [FIRMWARE_VERIFIED] user=BIOENG_MARTIN serial=MV7-ICU-2208-0047 fw=2.18.3
2026-06-11T08:32:17Z [PM_CHECK_PASS] user=RN_CHEN serial=MV7-ICU-2208-0047 fw=2.18.3
2026-06-11T08:24:57Z [NETWORK_SYNC] user=RN_PATEL serial=MV7-ICU-2208-0047 fw=2.18.3
2026-06-11T08:16:45Z [PM_CHECK_PASS] user=BIOENG_MARTIN serial=MV7-ICU-2208-0047 fw=2.18.3
2026-06-11T08:08:43Z [BATTERY_CHECK] user=BIOENG_MARTIN serial=MV7-ICU-2208-0047 fw=2.18.3
2026-06-11T08:00:21Z [DRUG_PROFILE_LOAD] user=RN_PATEL serial=MV7-ICU-2208-0047 fw=2.18.3
2026-06-11T07:52:33Z [USER_LOGIN] user=RN_PATEL serial=MV7-ICU-2208-0047 fw=2.18.3
2026-06-11T07:44:57Z [FIRMWARE_VERIFIED] user=RN_CHEN serial=MV7-ICU-2208-0047 fw=2.18.3
2026-06-11T07:36:39Z [BATTERY_CHECK] user=RN_PATEL serial=MV7-ICU-2208-0047 fw=2.18.3
2026-06-11T07:28:54Z [USER_LOGOUT] user=SYSTEM serial=MV7-ICU-2208-0047 fw=2.18.3
2026-06-11T07:20:51Z [PM_CHECK_PASS] user=RN_PATEL serial=MV7-ICU-2208-0047 fw=2.18.3
2026-06-11T07:12:11Z [ALARM_TEST_PASS] user=BIOENG_MARTIN serial=MV7-ICU-2208-0047 fw=2.18.3
2026-06-11T07:04:47Z [ALARM_TEST_PASS] user=RN_CHEN serial=MV7-ICU-2208-0047 fw=2.18.3
2026-06-11T06:56:30Z [BATTERY_CHECK] user=RN_OKONKWO serial=MV7-ICU-2208-0047 fw=2.18.3
2026-06-11T06:48:48Z [BATTERY_CHECK] user=BIOENG_MARTIN serial=MV7-ICU-2208-0047 fw=2.18.3
2026-06-11T06:40:06Z [DRUG_PROFILE_LOAD] user=BIOENG_MARTIN serial=MV7-ICU-2208-0047 fw=2.18.3
2026-06-11T06:32:13Z [DRUG_PROFILE_LOAD] user=SYSTEM serial=MV7-ICU-2208-0047 fw=2.18.3
2026-06-11T06:24:18Z [BATTERY_CHECK] user=RN_OKONKWO serial=MV7-ICU-2208-0047 fw=2.18.3
2026-06-11T06:16:09Z [PARAM_CHANGE] user=RN_CHEN serial=MV7-ICU-2208-0047 fw=2.18.3
2026-06-11T06:08:32Z [ALARM_TEST_PASS] user=RN_OKONKWO serial=MV7-ICU-2208-0047 fw=2.18.3
2026-06-11T06:00:34Z [PM_CHECK_PASS] user=RN_CHEN serial=MV7-ICU-2208-0047 fw=2.18.3
2026-06-11T05:52:34Z [ALARM_TEST_PASS] user=RN_PATEL serial=MV7-ICU-2208-0047 fw=2.18.3
2026-06-11T05:44:44Z [DRUG_PROFILE_LOAD] user=SYSTEM serial=MV7-ICU-2208-0047 fw=2.18.3
2026-06-11T05:36:39Z [ALARM_TEST_PASS] user=RN_CHEN serial=MV7-ICU-2208-0047 fw=2.18.3
2026-06-11T05:28:11Z [DRUG_PROFILE_LOAD] user=RN_PATEL serial=MV7-ICU-2208-0047 fw=2.18.3
2026-06-11T05:20:52Z [DRUG_PROFILE_LOAD] user=SYSTEM serial=MV7-ICU-2208-0047 fw=2.18.3
2026-06-11T05:12:00Z [USER_LOGIN] user=RN_CHEN serial=MV7-ICU-2208-0047 fw=2.18.3
2026-06-11T05:04:02Z [CALIBRATION_OK] user=RN_PATEL serial=MV7-ICU-2208-0047 fw=2.18.3
2026-06-11T04:56:25Z [ALARM_TEST_PASS] user=SYSTEM serial=MV7-ICU-2208-0047 fw=2.18.3
2026-06-11T04:48:25Z [NETWORK_SYNC] user=RN_PATEL serial=MV7-ICU-2208-0047 fw=2.18.3
2026-06-11T04:40:30Z [PM_CHECK_PASS] user=RN_PATEL serial=MV7-ICU-2208-0047 fw=2.18.3
2026-06-11T04:32:13Z [USER_LOGIN] user=RN_OKONKWO serial=MV7-ICU-2208-0047 fw=2.18.3
2026-06-11T04:24:54Z [FIRMWARE_VERIFIED] user=RN_OKONKWO serial=MV7-ICU-2208-0047 fw=2.18.3
2026-06-11T04:16:50Z [NETWORK_SYNC] user=RN_CHEN serial=MV7-ICU-2208-0047 fw=2.18.3
2026-06-11T04:08:14Z [DRUG_PROFILE_LOAD] user=SYSTEM serial=MV7-ICU-2208-0047 fw=2.18.3
2026-06-11T04:00:17Z [USER_LOGOUT] user=RN_OKONKWO serial=MV7-ICU-2208-0047 fw=2.18.3
2026-06-11T03:52:38Z [NETWORK_SYNC] user=RN_CHEN serial=MV7-ICU-2208-0047 fw=2.18.3
2026-06-11T03:44:10Z [CALIBRATION_OK] user=RN_OKONKWO serial=MV7-ICU-2208-0047 fw=2.18.3
2026-06-11T03:36:08Z [USER_LOGIN] user=RN_CHEN serial=MV7-ICU-2208-0047 fw=2.18.3
2026-06-11T03:28:04Z [USER_LOGIN] user=RN_PATEL serial=MV7-ICU-2208-0047 fw=2.18.3
2026-06-11T03:20:01Z [NETWORK_SYNC] user=BIOENG_MARTIN serial=MV7-ICU-2208-0047 fw=2.18.3
2026-06-11T03:12:41Z [ALARM_TEST_PASS] user=RN_OKONKWO serial=MV7-ICU-2208-0047 fw=2.18.3
2026-06-11T03:04:49Z [BATTERY_CHECK] user=RN_PATEL serial=MV7-ICU-2208-0047 fw=2.18.3
2026-06-11T02:56:24Z [PM_CHECK_PASS] user=BIOENG_MARTIN serial=MV7-ICU-2208-0047 fw=2.18.3
2026-06-11T02:48:32Z [ALARM_TEST_PASS] user=RN_PATEL serial=MV7-ICU-2208-0047 fw=2.18.3
2026-06-11T02:40:05Z [NETWORK_SYNC] user=RN_OKONKWO serial=MV7-ICU-2208-0047 fw=2.18.3
2026-06-11T02:32:10Z [ALARM_TEST_PASS] user=RN_OKONKWO serial=MV7-ICU-2208-0047 fw=2.18.3
2026-06-11T02:24:32Z [BATTERY_CHECK] user=RN_PATEL serial=MV7-ICU-2208-0047 fw=2.18.3
2026-06-11T02:16:09Z [FIRMWARE_VERIFIED] user=BIOENG_MARTIN serial=MV7-ICU-2208-0047 fw=2.18.3
2026-06-11T02:08:31Z [ALARM_TEST_PASS] user=RN_OKONKWO serial=MV7-ICU-2208-0047 fw=2.18.3
2026-06-11T02:00:20Z [NETWORK_SYNC] user=RN_PATEL serial=MV7-ICU-2208-0047 fw=2.18.3
2026-06-11T01:52:58Z [PARAM_CHANGE] user=RN_CHEN serial=MV7-ICU-2208-0047 fw=2.18.3
2026-06-11T01:44:28Z [USER_LOGOUT] user=RN_PATEL serial=MV7-ICU-2208-0047 fw=2.18.3
2026-06-11T01:36:55Z [CALIBRATION_OK] user=RN_CHEN serial=MV7-ICU-2208-0047 fw=2.18.3
2026-06-11T01:28:50Z [DRUG_PROFILE_LOAD] user=SYSTEM serial=MV7-ICU-2208-0047 fw=2.18.3
2026-06-11T01:20:26Z [DRUG_PROFILE_LOAD] user=RN_PATEL serial=MV7-ICU-2208-0047 fw=2.18.3
2026-06-11T01:12:14Z [ALARM_TEST_PASS] user=RN_PATEL serial=MV7-ICU-2208-0047 fw=2.18.3
2026-06-11T01:04:00Z [BATTERY_CHECK] user=RN_PATEL serial=MV7-ICU-2208-0047 fw=2.18.3
2026-06-11T00:56:28Z [PARAM_CHANGE] user=RN_CHEN serial=MV7-ICU-2208-0047 fw=2.18.3
2026-06-11T00:48:27Z [NETWORK_SYNC] user=SYSTEM serial=MV7-ICU-2208-0047 fw=2.18.3
2026-06-11T00:40:36Z [PM_CHECK_PASS] user=RN_CHEN serial=MV7-ICU-2208-0047 fw=2.18.3
2026-06-11T00:32:30Z [USER_LOGIN] user=SYSTEM serial=MV7-ICU-2208-0047 fw=2.18.3
2026-06-11T00:24:24Z [PM_CHECK_PASS] user=SYSTEM serial=MV7-ICU-2208-0047 fw=2.18.3
2026-06-11T00:16:41Z [CALIBRATION_OK] user=RN_OKONKWO serial=MV7-ICU-2208-0047 fw=2.18.3
2026-06-11T00:08:01Z [USER_LOGOUT] user=RN_OKONKWO serial=MV7-ICU-2208-0047 fw=2.18.3
2026-06-11T00:00:28Z [DRUG_PROFILE_LOAD] user=BIOENG_MARTIN serial=MV7-ICU-2208-0047 fw=2.18.3
2026-06-12T23:52:45Z [USER_LOGIN] user=BIOENG_MARTIN serial=MV7-ICU-2208-0047 fw=2.18.3
2026-06-12T23:44:03Z [PM_CHECK_PASS] user=SYSTEM serial=MV7-ICU-2208-0047 fw=2.18.3
2026-06-12T23:36:53Z [PARAM_CHANGE] user=RN_OKONKWO serial=MV7-ICU-2208-0047 fw=2.18.3
2026-06-12T23:28:22Z [ALARM_TEST_PASS] user=RN_PATEL serial=MV7-ICU-2208-0047 fw=2.18.3
2026-06-12T23:20:35Z [BATTERY_CHECK] user=RN_PATEL serial=MV7-ICU-2208-0047 fw=2.18.3
2026-06-12T23:12:13Z [PM_CHECK_PASS] user=RN_CHEN serial=MV7-ICU-2208-0047 fw=2.18.3
2026-06-12T23:04:00Z [NETWORK_SYNC] user=RN_CHEN serial=MV7-ICU-2208-0047 fw=2.18.3
2026-06-12T22:56:07Z [PM_CHECK_PASS] user=RN_PATEL serial=MV7-ICU-2208-0047 fw=2.18.3
2026-06-12T22:48:16Z [PM_CHECK_PASS] user=BIOENG_MARTIN serial=MV7-ICU-2208-0047 fw=2.18.3
2026-06-12T22:40:13Z [CALIBRATION_OK] user=RN_CHEN serial=MV7-ICU-2208-0047 fw=2.18.3
2026-06-12T22:32:26Z [FIRMWARE_VERIFIED] user=SYSTEM serial=MV7-ICU-2208-0047 fw=2.18.3
2026-06-12T22:24:37Z [NETWORK_SYNC] user=RN_CHEN serial=MV7-ICU-2208-0047 fw=2.18.3
2026-06-12T22:16:34Z [CALIBRATION_OK] user=RN_PATEL serial=MV7-ICU-2208-0047 fw=2.18.3
2026-06-12T22:08:48Z [FIRMWARE_VERIFIED] user=SYSTEM serial=MV7-ICU-2208-0047 fw=2.18.3
2026-06-12T22:00:04Z [ALARM_TEST_PASS] user=BIOENG_MARTIN serial=MV7-ICU-2208-0047 fw=2.18.3
2026-06-12T21:52:30Z [BATTERY_CHECK] user=BIOENG_MARTIN serial=MV7-ICU-2208-0047 fw=2.18.3
2026-06-12T21:44:19Z [USER_LOGIN] user=BIOENG_MARTIN serial=MV7-ICU-2208-0047 fw=2.18.3
2026-06-12T21:36:50Z [FIRMWARE_VERIFIED] user=RN_CHEN serial=MV7-ICU-2208-0047 fw=2.18.3
2026-06-12T21:28:33Z [DRUG_PROFILE_LOAD] user=RN_OKONKWO serial=MV7-ICU-2208-0047 fw=2.18.3
2026-06-12T21:20:36Z [NETWORK_SYNC] user=BIOENG_MARTIN serial=MV7-ICU-2208-0047 fw=2.18.3
2026-06-12T21:12:35Z [PARAM_CHANGE] user=RN_OKONKWO serial=MV7-ICU-2208-0047 fw=2.18.3
2026-06-12T21:04:42Z [DRUG_PROFILE_LOAD] user=RN_PATEL serial=MV7-ICU-2208-0047 fw=2.18.3
2026-06-12T20:56:38Z [PM_CHECK_PASS] user=RN_CHEN serial=MV7-ICU-2208-0047 fw=2.18.3
2026-06-12T20:48:46Z [USER_LOGOUT] user=RN_PATEL serial=MV7-ICU-2208-0047 fw=2.18.3
2026-06-12T20:40:45Z [USER_LOGOUT] user=RN_PATEL serial=MV7-ICU-2208-0047 fw=2.18.3
2026-06-12T20:32:01Z [DRUG_PROFILE_LOAD] user=SYSTEM serial=MV7-ICU-2208-0047 fw=2.18.3
2026-06-12T20:24:54Z [PARAM_CHANGE] user=SYSTEM serial=MV7-ICU-2208-0047 fw=2.18.3
2026-06-12T20:16:18Z [PM_CHECK_PASS] user=RN_PATEL serial=MV7-ICU-2208-0047 fw=2.18.3
2026-06-12T20:08:39Z [CALIBRATION_OK] user=RN_CHEN serial=MV7-ICU-2208-0047 fw=2.18.3
2026-06-12T20:00:55Z [NETWORK_SYNC] user=RN_OKONKWO serial=MV7-ICU-2208-0047 fw=2.18.3
2026-06-12T19:52:47Z [PM_CHECK_PASS] user=SYSTEM serial=MV7-ICU-2208-0047 fw=2.18.3
2026-06-12T19:44:17Z [FIRMWARE_VERIFIED] user=RN_CHEN serial=MV7-ICU-2208-0047 fw=2.18.3
2026-06-12T19:36:36Z [PARAM_CHANGE] user=BIOENG_MARTIN serial=MV7-ICU-2208-0047 fw=2.18.3
2026-06-12T19:28:55Z [USER_LOGOUT] user=RN_PATEL serial=MV7-ICU-2208-0047 fw=2.18.3
2026-06-12T19:20:40Z [CALIBRATION_OK] user=RN_CHEN serial=MV7-ICU-2208-0047 fw=2.18.3
2026-06-12T19:12:47Z [BATTERY_CHECK] user=RN_OKONKWO serial=MV7-ICU-2208-0047 fw=2.18.3
2026-06-12T19:04:52Z [PM_CHECK_PASS] user=SYSTEM serial=MV7-ICU-2208-0047 fw=2.18.3
2026-06-12T18:56:33Z [CALIBRATION_OK] user=SYSTEM serial=MV7-ICU-2208-0047 fw=2.18.3
2026-06-12T18:48:07Z [ALARM_TEST_PASS] user=BIOENG_MARTIN serial=MV7-ICU-2208-0047 fw=2.18.3
2026-06-12T18:40:42Z [DRUG_PROFILE_LOAD] user=SYSTEM serial=MV7-ICU-2208-0047 fw=2.18.3
2026-06-12T18:32:46Z [USER_LOGIN] user=BIOENG_MARTIN serial=MV7-ICU-2208-0047 fw=2.18.3
2026-06-12T18:24:34Z [USER_LOGIN] user=RN_OKONKWO serial=MV7-ICU-2208-0047 fw=2.18.3
2026-06-12T18:16:09Z [BATTERY_CHECK] user=RN_PATEL serial=MV7-ICU-2208-0047 fw=2.18.3
2026-06-12T18:08:50Z [FIRMWARE_VERIFIED] user=RN_CHEN serial=MV7-ICU-2208-0047 fw=2.18.3
2026-06-12T18:00:11Z [CALIBRATION_OK] user=RN_OKONKWO serial=MV7-ICU-2208-0047 fw=2.18.3
2026-06-12T17:52:30Z [NETWORK_SYNC] user=SYSTEM serial=MV7-ICU-2208-0047 fw=2.18.3
2026-06-12T17:44:02Z [BATTERY_CHECK] user=BIOENG_MARTIN serial=MV7-ICU-2208-0047 fw=2.18.3
2026-06-12T17:36:34Z [NETWORK_SYNC] user=RN_CHEN serial=MV7-ICU-2208-0047 fw=2.18.3
2026-06-12T17:28:57Z [NETWORK_SYNC] user=RN_PATEL serial=MV7-ICU-2208-0047 fw=2.18.3
2026-06-12T17:20:25Z [USER_LOGOUT] user=RN_CHEN serial=MV7-ICU-2208-0047 fw=2.18.3
2026-06-12T17:12:49Z [USER_LOGOUT] user=RN_OKONKWO serial=MV7-ICU-2208-0047 fw=2.18.3
2026-06-12T17:04:54Z [USER_LOGIN] user=RN_OKONKWO serial=MV7-ICU-2208-0047 fw=2.18.3
2026-06-12T16:56:28Z [USER_LOGOUT] user=RN_PATEL serial=MV7-ICU-2208-0047 fw=2.18.3
2026-06-12T16:48:05Z [PARAM_CHANGE] user=RN_CHEN serial=MV7-ICU-2208-0047 fw=2.18.3
2026-06-12T16:40:27Z [PM_CHECK_PASS] user=RN_CHEN serial=MV7-ICU-2208-0047 fw=2.18.3
2026-06-12T16:32:56Z [NETWORK_SYNC] user=SYSTEM serial=MV7-ICU-2208-0047 fw=2.18.3
2026-06-12T16:24:06Z [USER_LOGIN] user=RN_OKONKWO serial=MV7-ICU-2208-0047 fw=2.18.3
2026-06-12T16:16:47Z [DRUG_PROFILE_LOAD] user=SYSTEM serial=MV7-ICU-2208-0047 fw=2.18.3
2026-06-12T16:08:23Z [CALIBRATION_OK] user=RN_OKONKWO serial=MV7-ICU-2208-0047 fw=2.18.3
2026-06-12T16:00:36Z [USER_LOGIN] user=SYSTEM serial=MV7-ICU-2208-0047 fw=2.18.3
2026-06-12T15:52:13Z [ALARM_TEST_PASS] user=RN_OKONKWO serial=MV7-ICU-2208-0047 fw=2.18.3
2026-06-12T15:44:26Z [CALIBRATION_OK] user=RN_OKONKWO serial=MV7-ICU-2208-0047 fw=2.18.3
2026-06-12T15:36:55Z [PM_CHECK_PASS] user=RN_CHEN serial=MV7-ICU-2208-0047 fw=2.18.3
2026-06-12T15:28:30Z [FIRMWARE_VERIFIED] user=BIOENG_MARTIN serial=MV7-ICU-2208-0047 fw=2.18.3
2026-06-12T15:20:40Z [PARAM_CHANGE] user=RN_PATEL serial=MV7-ICU-2208-0047 fw=2.18.3
2026-06-12T15:12:46Z [NETWORK_SYNC] user=RN_OKONKWO serial=MV7-ICU-2208-0047 fw=2.18.3
2026-06-12T15:04:10Z [PARAM_CHANGE] user=RN_OKONKWO serial=MV7-ICU-2208-0047 fw=2.18.3
2026-06-12T14:56:41Z [FIRMWARE_VERIFIED] user=RN_PATEL serial=MV7-ICU-2208-0047 fw=2.18.3
2026-06-12T14:48:21Z [FIRMWARE_VERIFIED] user=BIOENG_MARTIN serial=MV7-ICU-2208-0047 fw=2.18.3
2026-06-12T14:40:59Z [CALIBRATION_OK] user=BIOENG_MARTIN serial=MV7-ICU-2208-0047 fw=2.18.3
2026-06-12T14:32:50Z [ALARM_TEST_PASS] user=SYSTEM serial=MV7-ICU-2208-0047 fw=2.18.3
2026-06-12T14:24:32Z [USER_LOGIN] user=BIOENG_MARTIN serial=MV7-ICU-2208-0047 fw=2.18.3
2026-06-12T14:16:46Z [USER_LOGOUT] user=RN_OKONKWO serial=MV7-ICU-2208-0047 fw=2.18.3
2026-06-12T14:08:50Z [USER_LOGIN] user=BIOENG_MARTIN serial=MV7-ICU-2208-0047 fw=2.18.3
2026-06-12T14:00:44Z [PARAM_CHANGE] user=RN_OKONKWO serial=MV7-ICU-2208-0047 fw=2.18.3
2026-06-12T13:52:01Z [FIRMWARE_VERIFIED] user=RN_PATEL serial=MV7-ICU-2208-0047 fw=2.18.3
2026-06-12T13:44:38Z [BATTERY_CHECK] user=BIOENG_MARTIN serial=MV7-ICU-2208-0047 fw=2.18.3
2026-06-12T13:36:04Z [NETWORK_SYNC] user=SYSTEM serial=MV7-ICU-2208-0047 fw=2.18.3
2026-06-12T13:28:40Z [USER_LOGOUT] user=RN_CHEN serial=MV7-ICU-2208-0047 fw=2.18.3
2026-06-12T13:20:23Z [ALARM_TEST_PASS] user=BIOENG_MARTIN serial=MV7-ICU-2208-0047 fw=2.18.3
2026-06-12T13:12:35Z [PARAM_CHANGE] user=BIOENG_MARTIN serial=MV7-ICU-2208-0047 fw=2.18.3
2026-06-12T13:04:15Z [USER_LOGIN] user=RN_OKONKWO serial=MV7-ICU-2208-0047 fw=2.18.3
2026-06-12T12:56:18Z [ALARM_TEST_PASS] user=SYSTEM serial=MV7-ICU-2208-0047 fw=2.18.3
2026-06-12T12:48:12Z [PM_CHECK_PASS] user=BIOENG_MARTIN serial=MV7-ICU-2208-0047 fw=2.18.3
2026-06-12T12:40:13Z [USER_LOGIN] user=RN_CHEN serial=MV7-ICU-2208-0047 fw=2.18.3
2026-06-12T12:32:43Z [FIRMWARE_VERIFIED] user=RN_CHEN serial=MV7-ICU-2208-0047 fw=2.18.3
2026-06-12T12:24:44Z [CALIBRATION_OK] user=BIOENG_MARTIN serial=MV7-ICU-2208-0047 fw=2.18.3
2026-06-12T12:16:42Z [BATTERY_CHECK] user=BIOENG_MARTIN serial=MV7-ICU-2208-0047 fw=2.18.3
2026-06-12T12:08:57Z [NETWORK_SYNC] user=RN_OKONKWO serial=MV7-ICU-2208-0047 fw=2.18.3
2026-06-12T12:00:49Z [USER_LOGIN] user=SYSTEM serial=MV7-ICU-2208-0047 fw=2.18.3
2026-06-12T11:52:12Z [DRUG_PROFILE_LOAD] user=BIOENG_MARTIN serial=MV7-ICU-2208-0047 fw=2.18.3
2026-06-12T11:44:14Z [USER_LOGIN] user=RN_OKONKWO serial=MV7-ICU-2208-0047 fw=2.18.3
2026-06-12T11:36:18Z [USER_LOGIN] user=RN_PATEL serial=MV7-ICU-2208-0047 fw=2.18.3
2026-06-12T11:28:08Z [FIRMWARE_VERIFIED] user=SYSTEM serial=MV7-ICU-2208-0047 fw=2.18.3
2026-06-12T11:20:03Z [CALIBRATION_OK] user=SYSTEM serial=MV7-ICU-2208-0047 fw=2.18.3
2026-06-12T11:12:06Z [CALIBRATION_OK] user=RN_CHEN serial=MV7-ICU-2208-0047 fw=2.18.3
2026-06-12T11:04:52Z [CALIBRATION_OK] user=BIOENG_MARTIN serial=MV7-ICU-2208-0047 fw=2.18.3
2026-06-12T10:56:56Z [BATTERY_CHECK] user=RN_PATEL serial=MV7-ICU-2208-0047 fw=2.18.3
2026-06-12T10:48:29Z [CALIBRATION_OK] user=RN_CHEN serial=MV7-ICU-2208-0047 fw=2.18.3
2026-06-12T10:40:17Z [PM_CHECK_PASS] user=RN_PATEL serial=MV7-ICU-2208-0047 fw=2.18.3
2026-06-12T10:32:23Z [FIRMWARE_VERIFIED] user=BIOENG_MARTIN serial=MV7-ICU-2208-0047 fw=2.18.3
2026-06-12T10:24:46Z [DRUG_PROFILE_LOAD] user=RN_CHEN serial=MV7-ICU-2208-0047 fw=2.18.3
2026-06-12T10:16:14Z [BATTERY_CHECK] user=SYSTEM serial=MV7-ICU-2208-0047 fw=2.18.3
2026-06-12T10:08:14Z [DRUG_PROFILE_LOAD] user=RN_OKONKWO serial=MV7-ICU-2208-0047 fw=2.18.3
2026-06-12T10:00:44Z [DRUG_PROFILE_LOAD] user=RN_OKONKWO serial=MV7-ICU-2208-0047 fw=2.18.3
2026-06-12T09:52:16Z [PM_CHECK_PASS] user=SYSTEM serial=MV7-ICU-2208-0047 fw=2.18.3
2026-06-12T09:44:34Z [NETWORK_SYNC] user=RN_OKONKWO serial=MV7-ICU-2208-0047 fw=2.18.3
2026-06-12T09:36:20Z [FIRMWARE_VERIFIED] user=RN_OKONKWO serial=MV7-ICU-2208-0047 fw=2.18.3
2026-06-12T09:28:40Z [NETWORK_SYNC] user=RN_PATEL serial=MV7-ICU-2208-0047 fw=2.18.3
2026-06-12T09:20:41Z [DRUG_PROFILE_LOAD] user=SYSTEM serial=MV7-ICU-2208-0047 fw=2.18.3
2026-06-12T09:12:39Z [BATTERY_CHECK] user=BIOENG_MARTIN serial=MV7-ICU-2208-0047 fw=2.18.3
2026-06-12T09:04:29Z [DRUG_PROFILE_LOAD] user=RN_OKONKWO serial=MV7-ICU-2208-0047 fw=2.18.3
2026-06-12T08:56:03Z [PM_CHECK_PASS] user=RN_PATEL serial=MV7-ICU-2208-0047 fw=2.18.3
2026-06-12T08:48:25Z [PARAM_CHANGE] user=RN_CHEN serial=MV7-ICU-2208-0047 fw=2.18.3
2026-06-12T08:40:48Z [PARAM_CHANGE] user=RN_CHEN serial=MV7-ICU-2208-0047 fw=2.18.3
2026-06-12T08:32:53Z [CALIBRATION_OK] user=RN_PATEL serial=MV7-ICU-2208-0047 fw=2.18.3
2026-06-12T08:24:32Z [BATTERY_CHECK] user=RN_PATEL serial=MV7-ICU-2208-0047 fw=2.18.3
2026-06-12T08:16:03Z [PM_CHECK_PASS] user=RN_OKONKWO serial=MV7-ICU-2208-0047 fw=2.18.3
2026-06-12T08:08:41Z [USER_LOGOUT] user=BIOENG_MARTIN serial=MV7-ICU-2208-0047 fw=2.18.3
2026-06-12T08:00:39Z [FIRMWARE_VERIFIED] user=BIOENG_MARTIN serial=MV7-ICU-2208-0047 fw=2.18.3
2026-06-12T07:52:17Z [PM_CHECK_PASS] user=SYSTEM serial=MV7-ICU-2208-0047 fw=2.18.3
2026-06-12T07:44:02Z [DRUG_PROFILE_LOAD] user=RN_CHEN serial=MV7-ICU-2208-0047 fw=2.18.3
2026-06-12T07:36:51Z [DRUG_PROFILE_LOAD] user=RN_PATEL serial=MV7-ICU-2208-0047 fw=2.18.3
2026-06-12T07:28:20Z [ALARM_TEST_PASS] user=RN_PATEL serial=MV7-ICU-2208-0047 fw=2.18.3
2026-06-12T07:20:55Z [USER_LOGOUT] user=BIOENG_MARTIN serial=MV7-ICU-2208-0047 fw=2.18.3
2026-06-12T07:12:00Z [PM_CHECK_PASS] user=RN_OKONKWO serial=MV7-ICU-2208-0047 fw=2.18.3
2026-06-12T07:04:09Z [PM_CHECK_PASS] user=RN_OKONKWO serial=MV7-ICU-2208-0047 fw=2.18.3
2026-06-12T06:56:32Z [PM_CHECK_PASS] user=RN_CHEN serial=MV7-ICU-2208-0047 fw=2.18.3
2026-06-12T06:48:01Z [USER_LOGOUT] user=RN_CHEN serial=MV7-ICU-2208-0047 fw=2.18.3
2026-06-12T06:40:21Z [PARAM_CHANGE] user=RN_OKONKWO serial=MV7-ICU-2208-0047 fw=2.18.3
2026-06-12T06:32:59Z [FIRMWARE_VERIFIED] user=BIOENG_MARTIN serial=MV7-ICU-2208-0047 fw=2.18.3
2026-06-12T06:24:11Z [BATTERY_CHECK] user=RN_CHEN serial=MV7-ICU-2208-0047 fw=2.18.3
2026-06-12T06:16:36Z [PM_CHECK_PASS] user=SYSTEM serial=MV7-ICU-2208-0047 fw=2.18.3
2026-06-12T06:08:19Z [PARAM_CHANGE] user=RN_PATEL serial=MV7-ICU-2208-0047 fw=2.18.3
2026-06-12T06:00:02Z [ALARM_TEST_PASS] user=RN_OKONKWO serial=MV7-ICU-2208-0047 fw=2.18.3
2026-06-12T05:52:23Z [DRUG_PROFILE_LOAD] user=RN_OKONKWO serial=MV7-ICU-2208-0047 fw=2.18.3
2026-06-12T05:44:02Z [DRUG_PROFILE_LOAD] user=RN_PATEL serial=MV7-ICU-2208-0047 fw=2.18.3
2026-06-12T05:36:26Z [NETWORK_SYNC] user=RN_OKONKWO serial=MV7-ICU-2208-0047 fw=2.18.3
2026-06-12T05:28:07Z [PARAM_CHANGE] user=BIOENG_MARTIN serial=MV7-ICU-2208-0047 fw=2.18.3
2026-06-12T05:20:22Z [CALIBRATION_OK] user=RN_CHEN serial=MV7-ICU-2208-0047 fw=2.18.3
2026-06-12T05:12:04Z [PM_CHECK_PASS] user=BIOENG_MARTIN serial=MV7-ICU-2208-0047 fw=2.18.3
2026-06-12T05:04:50Z [ALARM_TEST_PASS] user=BIOENG_MARTIN serial=MV7-ICU-2208-0047 fw=2.18.3
2026-06-12T04:56:54Z [ALARM_TEST_PASS] user=RN_OKONKWO serial=MV7-ICU-2208-0047 fw=2.18.3
2026-06-12T04:48:28Z [NETWORK_SYNC] user=BIOENG_MARTIN serial=MV7-ICU-2208-0047 fw=2.18.3
2026-06-12T04:40:41Z [PARAM_CHANGE] user=RN_PATEL serial=MV7-ICU-2208-0047 fw=2.18.3
2026-06-12T04:32:00Z [ALARM_TEST_PASS] user=RN_PATEL serial=MV7-ICU-2208-0047 fw=2.18.3
2026-06-12T04:24:46Z [CALIBRATION_OK] user=RN_CHEN serial=MV7-ICU-2208-0047 fw=2.18.3
2026-06-12T04:16:08Z [NETWORK_SYNC] user=BIOENG_MARTIN serial=MV7-ICU-2208-0047 fw=2.18.3
2026-06-12T04:08:18Z [ALARM_TEST_PASS] user=SYSTEM serial=MV7-ICU-2208-0047 fw=2.18.3
2026-06-12T04:00:46Z [DRUG_PROFILE_LOAD] user=SYSTEM serial=MV7-ICU-2208-0047 fw=2.18.3
2026-06-12T03:52:17Z [FIRMWARE_VERIFIED] user=SYSTEM serial=MV7-ICU-2208-0047 fw=2.18.3
2026-06-12T03:44:20Z [NETWORK_SYNC] user=RN_PATEL serial=MV7-ICU-2208-0047 fw=2.18.3
2026-06-12T03:36:13Z [FIRMWARE_VERIFIED] user=RN_CHEN serial=MV7-ICU-2208-0047 fw=2.18.3
2026-06-12T03:28:45Z [PARAM_CHANGE] user=RN_CHEN serial=MV7-ICU-2208-0047 fw=2.18.3
2026-06-12T03:20:12Z [FIRMWARE_VERIFIED] user=RN_CHEN serial=MV7-ICU-2208-0047 fw=2.18.3
2026-06-12T03:12:21Z [PM_CHECK_PASS] user=RN_PATEL serial=MV7-ICU-2208-0047 fw=2.18.3
2026-06-12T03:04:25Z [DRUG_PROFILE_LOAD] user=RN_OKONKWO serial=MV7-ICU-2208-0047 fw=2.18.3
2026-06-12T02:56:14Z [USER_LOGIN] user=RN_CHEN serial=MV7-ICU-2208-0047 fw=2.18.3
2026-06-12T02:48:57Z [PM_CHECK_PASS] user=BIOENG_MARTIN serial=MV7-ICU-2208-0047 fw=2.18.3
2026-06-12T02:40:01Z [NETWORK_SYNC] user=SYSTEM serial=MV7-ICU-2208-0047 fw=2.18.3
2026-06-12T02:32:39Z [ALARM_TEST_PASS] user=SYSTEM serial=MV7-ICU-2208-0047 fw=2.18.3
2026-06-12T02:24:11Z [PARAM_CHANGE] user=RN_OKONKWO serial=MV7-ICU-2208-0047 fw=2.18.3
2026-06-12T02:16:11Z [USER_LOGOUT] user=SYSTEM serial=MV7-ICU-2208-0047 fw=2.18.3
2026-06-12T02:08:02Z [NETWORK_SYNC] user=RN_OKONKWO serial=MV7-ICU-2208-0047 fw=2.18.3
2026-06-12T02:00:59Z [PARAM_CHANGE] user=SYSTEM serial=MV7-ICU-2208-0047 fw=2.18.3
2026-06-12T01:52:23Z [USER_LOGOUT] user=RN_OKONKWO serial=MV7-ICU-2208-0047 fw=2.18.3
2026-06-12T01:44:18Z [USER_LOGOUT] user=RN_CHEN serial=MV7-ICU-2208-0047 fw=2.18.3
2026-06-12T01:36:35Z [ALARM_TEST_PASS] user=RN_PATEL serial=MV7-ICU-2208-0047 fw=2.18.3
2026-06-12T01:28:10Z [BATTERY_CHECK] user=RN_PATEL serial=MV7-ICU-2208-0047 fw=2.18.3
2026-06-12T01:20:59Z [NETWORK_SYNC] user=RN_CHEN serial=MV7-ICU-2208-0047 fw=2.18.3
2026-06-12T01:12:27Z [PARAM_CHANGE] user=RN_OKONKWO serial=MV7-ICU-2208-0047 fw=2.18.3
2026-06-12T01:04:04Z [PARAM_CHANGE] user=RN_OKONKWO serial=MV7-ICU-2208-0047 fw=2.18.3
2026-06-12T00:56:09Z [NETWORK_SYNC] user=RN_CHEN serial=MV7-ICU-2208-0047 fw=2.18.3
2026-06-12T00:48:39Z [BATTERY_CHECK] user=BIOENG_MARTIN serial=MV7-ICU-2208-0047 fw=2.18.3
2026-06-12T00:40:46Z [BATTERY_CHECK] user=SYSTEM serial=MV7-ICU-2208-0047 fw=2.18.3
2026-06-12T00:32:48Z [BATTERY_CHECK] user=SYSTEM serial=MV7-ICU-2208-0047 fw=2.18.3
2026-06-12T00:24:56Z [ALARM_TEST_PASS] user=RN_OKONKWO serial=MV7-ICU-2208-0047 fw=2.18.3
2026-06-12T00:16:14Z [PM_CHECK_PASS] user=BIOENG_MARTIN serial=MV7-ICU-2208-0047 fw=2.18.3
2026-06-12T00:08:17Z [BATTERY_CHECK] user=SYSTEM serial=MV7-ICU-2208-0047 fw=2.18.3
2026-06-12T00:00:56Z [BATTERY_CHECK] user=RN_OKONKWO serial=MV7-ICU-2208-0047 fw=2.18.3
2026-06-13T23:52:20Z [BATTERY_CHECK] user=RN_PATEL serial=MV7-ICU-2208-0047 fw=2.18.3
2026-06-13T23:44:45Z [FIRMWARE_VERIFIED] user=RN_PATEL serial=MV7-ICU-2208-0047 fw=2.18.3
2026-06-13T23:36:34Z [USER_LOGIN] user=BIOENG_MARTIN serial=MV7-ICU-2208-0047 fw=2.18.3
2026-06-13T23:28:40Z [PARAM_CHANGE] user=RN_CHEN serial=MV7-ICU-2208-0047 fw=2.18.3
2026-06-13T23:20:41Z [NETWORK_SYNC] user=BIOENG_MARTIN serial=MV7-ICU-2208-0047 fw=2.18.3
2026-06-13T23:12:11Z [PARAM_CHANGE] user=RN_CHEN serial=MV7-ICU-2208-0047 fw=2.18.3
2026-06-13T23:04:49Z [ALARM_TEST_PASS] user=BIOENG_MARTIN serial=MV7-ICU-2208-0047 fw=2.18.3
2026-06-13T22:56:36Z [PARAM_CHANGE] user=RN_OKONKWO serial=MV7-ICU-2208-0047 fw=2.18.3
2026-06-13T22:48:57Z [PM_CHECK_PASS] user=RN_CHEN serial=MV7-ICU-2208-0047 fw=2.18.3
2026-06-13T22:40:37Z [CALIBRATION_OK] user=SYSTEM serial=MV7-ICU-2208-0047 fw=2.18.3
2026-06-13T22:32:01Z [USER_LOGOUT] user=RN_PATEL serial=MV7-ICU-2208-0047 fw=2.18.3
2026-06-13T22:24:50Z [DRUG_PROFILE_LOAD] user=SYSTEM serial=MV7-ICU-2208-0047 fw=2.18.3
2026-06-13T22:16:08Z [PM_CHECK_PASS] user=BIOENG_MARTIN serial=MV7-ICU-2208-0047 fw=2.18.3
2026-06-13T22:08:45Z [FIRMWARE_VERIFIED] user=RN_OKONKWO serial=MV7-ICU-2208-0047 fw=2.18.3
2026-06-13T22:00:38Z [CALIBRATION_OK] user=RN_CHEN serial=MV7-ICU-2208-0047 fw=2.18.3
2026-06-13T21:52:36Z [DRUG_PROFILE_LOAD] user=RN_PATEL serial=MV7-ICU-2208-0047 fw=2.18.3
2026-06-13T21:44:41Z [BATTERY_CHECK] user=RN_PATEL serial=MV7-ICU-2208-0047 fw=2.18.3
2026-06-13T21:36:49Z [USER_LOGIN] user=RN_OKONKWO serial=MV7-ICU-2208-0047 fw=2.18.3
2026-06-13T21:28:56Z [PARAM_CHANGE] user=BIOENG_MARTIN serial=MV7-ICU-2208-0047 fw=2.18.3
2026-06-13T21:20:28Z [CALIBRATION_OK] user=RN_OKONKWO serial=MV7-ICU-2208-0047 fw=2.18.3
2026-06-13T21:12:06Z [ALARM_TEST_PASS] user=SYSTEM serial=MV7-ICU-2208-0047 fw=2.18.3
2026-06-13T21:04:39Z [NETWORK_SYNC] user=RN_CHEN serial=MV7-ICU-2208-0047 fw=2.18.3
2026-06-13T20:56:36Z [CALIBRATION_OK] user=RN_OKONKWO serial=MV7-ICU-2208-0047 fw=2.18.3
2026-06-13T20:48:14Z [BATTERY_CHECK] user=SYSTEM serial=MV7-ICU-2208-0047 fw=2.18.3
2026-06-13T20:40:55Z [USER_LOGOUT] user=RN_PATEL serial=MV7-ICU-2208-0047 fw=2.18.3
2026-06-13T20:32:33Z [DRUG_PROFILE_LOAD] user=SYSTEM serial=MV7-ICU-2208-0047 fw=2.18.3
2026-06-13T20:24:08Z [PM_CHECK_PASS] user=RN_CHEN serial=MV7-ICU-2208-0047 fw=2.18.3
2026-06-13T20:16:51Z [USER_LOGIN] user=RN_OKONKWO serial=MV7-ICU-2208-0047 fw=2.18.3
2026-06-13T20:08:01Z [PARAM_CHANGE] user=RN_PATEL serial=MV7-ICU-2208-0047 fw=2.18.3
2026-06-13T20:00:35Z [USER_LOGOUT] user=RN_OKONKWO serial=MV7-ICU-2208-0047 fw=2.18.3
2026-06-13T19:52:08Z [PARAM_CHANGE] user=RN_PATEL serial=MV7-ICU-2208-0047 fw=2.18.3
2026-06-13T19:44:52Z [CALIBRATION_OK] user=RN_OKONKWO serial=MV7-ICU-2208-0047 fw=2.18.3
2026-06-13T19:36:27Z [DRUG_PROFILE_LOAD] user=BIOENG_MARTIN serial=MV7-ICU-2208-0047 fw=2.18.3
2026-06-13T19:28:41Z [ALARM_TEST_PASS] user=SYSTEM serial=MV7-ICU-2208-0047 fw=2.18.3
2026-06-13T19:20:57Z [NETWORK_SYNC] user=RN_PATEL serial=MV7-ICU-2208-0047 fw=2.18.3
2026-06-13T19:12:00Z [PARAM_CHANGE] user=RN_PATEL serial=MV7-ICU-2208-0047 fw=2.18.3
2026-06-13T19:04:48Z [PM_CHECK_PASS] user=RN_OKONKWO serial=MV7-ICU-2208-0047 fw=2.18.3
2026-06-13T18:56:19Z [USER_LOGOUT] user=RN_PATEL serial=MV7-ICU-2208-0047 fw=2.18.3
2026-06-13T18:48:40Z [NETWORK_SYNC] user=SYSTEM serial=MV7-ICU-2208-0047 fw=2.18.3
2026-06-13T18:40:29Z [BATTERY_CHECK] user=RN_OKONKWO serial=MV7-ICU-2208-0047 fw=2.18.3
2026-06-13T18:32:06Z [DRUG_PROFILE_LOAD] user=RN_PATEL serial=MV7-ICU-2208-0047 fw=2.18.3
2026-06-13T18:24:45Z [ALARM_TEST_PASS] user=SYSTEM serial=MV7-ICU-2208-0047 fw=2.18.3
2026-06-13T18:16:06Z [USER_LOGIN] user=RN_PATEL serial=MV7-ICU-2208-0047 fw=2.18.3
2026-06-13T18:08:53Z [USER_LOGIN] user=SYSTEM serial=MV7-ICU-2208-0047 fw=2.18.3
2026-06-13T18:00:56Z [USER_LOGOUT] user=RN_CHEN serial=MV7-ICU-2208-0047 fw=2.18.3
2026-06-13T17:52:06Z [PARAM_CHANGE] user=SYSTEM serial=MV7-ICU-2208-0047 fw=2.18.3
2026-06-13T17:44:21Z [USER_LOGIN] user=SYSTEM serial=MV7-ICU-2208-0047 fw=2.18.3
2026-06-13T17:36:10Z [ALARM_TEST_PASS] user=RN_PATEL serial=MV7-ICU-2208-0047 fw=2.18.3
2026-06-13T17:28:00Z [FIRMWARE_VERIFIED] user=RN_CHEN serial=MV7-ICU-2208-0047 fw=2.18.3
2026-06-13T17:20:25Z [USER_LOGOUT] user=RN_OKONKWO serial=MV7-ICU-2208-0047 fw=2.18.3
2026-06-13T17:12:00Z [CALIBRATION_OK] user=BIOENG_MARTIN serial=MV7-ICU-2208-0047 fw=2.18.3
2026-06-13T17:04:32Z [PARAM_CHANGE] user=BIOENG_MARTIN serial=MV7-ICU-2208-0047 fw=2.18.3
2026-06-13T16:56:24Z [PM_CHECK_PASS] user=RN_CHEN serial=MV7-ICU-2208-0047 fw=2.18.3
2026-06-13T16:48:04Z [USER_LOGOUT] user=BIOENG_MARTIN serial=MV7-ICU-2208-0047 fw=2.18.3
2026-06-13T16:40:59Z [PM_CHECK_PASS] user=BIOENG_MARTIN serial=MV7-ICU-2208-0047 fw=2.18.3
2026-06-13T16:32:12Z [NETWORK_SYNC] user=RN_OKONKWO serial=MV7-ICU-2208-0047 fw=2.18.3
2026-06-13T16:24:41Z [USER_LOGOUT] user=BIOENG_MARTIN serial=MV7-ICU-2208-0047 fw=2.18.3
2026-06-13T16:16:32Z [PARAM_CHANGE] user=RN_CHEN serial=MV7-ICU-2208-0047 fw=2.18.3
2026-06-13T16:08:46Z [DRUG_PROFILE_LOAD] user=BIOENG_MARTIN serial=MV7-ICU-2208-0047 fw=2.18.3
2026-06-13T16:00:31Z [CALIBRATION_OK] user=BIOENG_MARTIN serial=MV7-ICU-2208-0047 fw=2.18.3
2026-06-13T15:52:44Z [BATTERY_CHECK] user=SYSTEM serial=MV7-ICU-2208-0047 fw=2.18.3
2026-06-13T15:44:59Z [PM_CHECK_PASS] user=SYSTEM serial=MV7-ICU-2208-0047 fw=2.18.3
2026-06-13T15:36:19Z [PARAM_CHANGE] user=SYSTEM serial=MV7-ICU-2208-0047 fw=2.18.3
2026-06-13T15:28:38Z [ALARM_TEST_PASS] user=SYSTEM serial=MV7-ICU-2208-0047 fw=2.18.3
2026-06-13T15:20:20Z [PM_CHECK_PASS] user=SYSTEM serial=MV7-ICU-2208-0047 fw=2.18.3
2026-06-13T15:12:52Z [CALIBRATION_OK] user=RN_CHEN serial=MV7-ICU-2208-0047 fw=2.18.3
2026-06-13T15:04:56Z [CALIBRATION_OK] user=BIOENG_MARTIN serial=MV7-ICU-2208-0047 fw=2.18.3
2026-06-13T14:56:29Z [USER_LOGOUT] user=BIOENG_MARTIN serial=MV7-ICU-2208-0047 fw=2.18.3
2026-06-13T14:48:06Z [BATTERY_CHECK] user=RN_CHEN serial=MV7-ICU-2208-0047 fw=2.18.3
2026-06-13T14:40:09Z [DRUG_PROFILE_LOAD] user=SYSTEM serial=MV7-ICU-2208-0047 fw=2.18.3
2026-06-13T14:32:44Z [BATTERY_CHECK] user=SYSTEM serial=MV7-ICU-2208-0047 fw=2.18.3
2026-06-13T14:24:51Z [DRUG_PROFILE_LOAD] user=RN_CHEN serial=MV7-ICU-2208-0047 fw=2.18.3
2026-06-13T14:16:12Z [PARAM_CHANGE] user=RN_CHEN serial=MV7-ICU-2208-0047 fw=2.18.3
2026-06-13T14:08:28Z [DRUG_PROFILE_LOAD] user=RN_CHEN serial=MV7-ICU-2208-0047 fw=2.18.3
2026-06-13T14:00:30Z [NETWORK_SYNC] user=RN_CHEN serial=MV7-ICU-2208-0047 fw=2.18.3
2026-06-13T13:52:14Z [PM_CHECK_PASS] user=RN_CHEN serial=MV7-ICU-2208-0047 fw=2.18.3
2026-06-13T13:44:20Z [DRUG_PROFILE_LOAD] user=SYSTEM serial=MV7-ICU-2208-0047 fw=2.18.3
2026-06-13T13:36:33Z [USER_LOGOUT] user=BIOENG_MARTIN serial=MV7-ICU-2208-0047 fw=2.18.3
2026-06-13T13:28:39Z [ALARM_TEST_PASS] user=RN_PATEL serial=MV7-ICU-2208-0047 fw=2.18.3
2026-06-13T13:20:53Z [NETWORK_SYNC] user=BIOENG_MARTIN serial=MV7-ICU-2208-0047 fw=2.18.3
2026-06-13T13:12:21Z [CALIBRATION_OK] user=BIOENG_MARTIN serial=MV7-ICU-2208-0047 fw=2.18.3
2026-06-13T13:04:48Z [USER_LOGOUT] user=RN_CHEN serial=MV7-ICU-2208-0047 fw=2.18.3
2026-06-13T12:56:12Z [NETWORK_SYNC] user=BIOENG_MARTIN serial=MV7-ICU-2208-0047 fw=2.18.3
2026-06-13T12:48:57Z [USER_LOGOUT] user=BIOENG_MARTIN serial=MV7-ICU-2208-0047 fw=2.18.3
2026-06-13T12:40:54Z [NETWORK_SYNC] user=RN_OKONKWO serial=MV7-ICU-2208-0047 fw=2.18.3
2026-06-13T12:32:12Z [ALARM_TEST_PASS] user=RN_OKONKWO serial=MV7-ICU-2208-0047 fw=2.18.3
2026-06-13T12:24:51Z [NETWORK_SYNC] user=SYSTEM serial=MV7-ICU-2208-0047 fw=2.18.3
2026-06-13T12:16:48Z [PARAM_CHANGE] user=BIOENG_MARTIN serial=MV7-ICU-2208-0047 fw=2.18.3
2026-06-13T12:08:36Z [ALARM_TEST_PASS] user=RN_PATEL serial=MV7-ICU-2208-0047 fw=2.18.3
2026-06-13T12:00:04Z [DRUG_PROFILE_LOAD] user=BIOENG_MARTIN serial=MV7-ICU-2208-0047 fw=2.18.3
2026-06-13T11:52:35Z [PM_CHECK_PASS] user=RN_CHEN serial=MV7-ICU-2208-0047 fw=2.18.3
2026-06-13T11:44:10Z [NETWORK_SYNC] user=RN_OKONKWO serial=MV7-ICU-2208-0047 fw=2.18.3
2026-06-13T11:36:05Z [USER_LOGOUT] user=RN_CHEN serial=MV7-ICU-2208-0047 fw=2.18.3
2026-06-13T11:28:27Z [NETWORK_SYNC] user=RN_PATEL serial=MV7-ICU-2208-0047 fw=2.18.3
2026-06-13T11:20:13Z [USER_LOGOUT] user=RN_PATEL serial=MV7-ICU-2208-0047 fw=2.18.3
2026-06-13T11:12:33Z [DRUG_PROFILE_LOAD] user=SYSTEM serial=MV7-ICU-2208-0047 fw=2.18.3
2026-06-13T11:04:36Z [FIRMWARE_VERIFIED] user=SYSTEM serial=MV7-ICU-2208-0047 fw=2.18.3
2026-06-13T10:56:34Z [CALIBRATION_OK] user=RN_CHEN serial=MV7-ICU-2208-0047 fw=2.18.3
2026-06-13T10:48:39Z [FIRMWARE_VERIFIED] user=RN_OKONKWO serial=MV7-ICU-2208-0047 fw=2.18.3
2026-06-13T10:40:00Z [ALARM_TEST_PASS] user=SYSTEM serial=MV7-ICU-2208-0047 fw=2.18.3
2026-06-13T10:32:01Z [NETWORK_SYNC] user=RN_OKONKWO serial=MV7-ICU-2208-0047 fw=2.18.3
2026-06-13T10:24:14Z [USER_LOGOUT] user=RN_PATEL serial=MV7-ICU-2208-0047 fw=2.18.3
2026-06-13T10:16:21Z [CALIBRATION_OK] user=RN_PATEL serial=MV7-ICU-2208-0047 fw=2.18.3
2026-06-13T10:08:24Z [USER_LOGOUT] user=RN_OKONKWO serial=MV7-ICU-2208-0047 fw=2.18.3
2026-06-13T10:00:37Z [NETWORK_SYNC] user=RN_OKONKWO serial=MV7-ICU-2208-0047 fw=2.18.3
2026-06-13T09:52:36Z [DRUG_PROFILE_LOAD] user=RN_CHEN serial=MV7-ICU-2208-0047 fw=2.18.3
2026-06-13T09:44:42Z [NETWORK_SYNC] user=RN_CHEN serial=MV7-ICU-2208-0047 fw=2.18.3
2026-06-13T09:36:03Z [DRUG_PROFILE_LOAD] user=RN_PATEL serial=MV7-ICU-2208-0047 fw=2.18.3
2026-06-13T09:28:30Z [BATTERY_CHECK] user=SYSTEM serial=MV7-ICU-2208-0047 fw=2.18.3
2026-06-13T09:20:29Z [FIRMWARE_VERIFIED] user=RN_PATEL serial=MV7-ICU-2208-0047 fw=2.18.3
2026-06-13T09:12:18Z [USER_LOGIN] user=RN_CHEN serial=MV7-ICU-2208-0047 fw=2.18.3
2026-06-13T09:04:35Z [DRUG_PROFILE_LOAD] user=RN_OKONKWO serial=MV7-ICU-2208-0047 fw=2.18.3
2026-06-13T08:56:11Z [ALARM_TEST_PASS] user=RN_PATEL serial=MV7-ICU-2208-0047 fw=2.18.3
2026-06-13T08:48:36Z [USER_LOGIN] user=BIOENG_MARTIN serial=MV7-ICU-2208-0047 fw=2.18.3
2026-06-13T08:40:41Z [BATTERY_CHECK] user=RN_CHEN serial=MV7-ICU-2208-0047 fw=2.18.3
2026-06-13T08:32:15Z [PARAM_CHANGE] user=RN_CHEN serial=MV7-ICU-2208-0047 fw=2.18.3
2026-06-13T08:24:55Z [PM_CHECK_PASS] user=SYSTEM serial=MV7-ICU-2208-0047 fw=2.18.3
2026-06-13T08:16:26Z [NETWORK_SYNC] user=RN_CHEN serial=MV7-ICU-2208-0047 fw=2.18.3
2026-06-13T08:08:36Z [CALIBRATION_OK] user=RN_PATEL serial=MV7-ICU-2208-0047 fw=2.18.3
2026-06-13T08:00:23Z [USER_LOGIN] user=RN_CHEN serial=MV7-ICU-2208-0047 fw=2.18.3
2026-06-13T07:52:48Z [CALIBRATION_OK] user=RN_OKONKWO serial=MV7-ICU-2208-0047 fw=2.18.3
2026-06-13T07:44:35Z [USER_LOGIN] user=RN_CHEN serial=MV7-ICU-2208-0047 fw=2.18.3
2026-06-13T07:36:51Z [CALIBRATION_OK] user=RN_PATEL serial=MV7-ICU-2208-0047 fw=2.18.3
2026-06-13T07:28:31Z [CALIBRATION_OK] user=RN_CHEN serial=MV7-ICU-2208-0047 fw=2.18.3
2026-06-13T07:20:47Z [NETWORK_SYNC] user=BIOENG_MARTIN serial=MV7-ICU-2208-0047 fw=2.18.3
2026-06-13T07:12:54Z [USER_LOGOUT] user=RN_OKONKWO serial=MV7-ICU-2208-0047 fw=2.18.3
2026-06-13T07:04:29Z [DRUG_PROFILE_LOAD] user=BIOENG_MARTIN serial=MV7-ICU-2208-0047 fw=2.18.3
2026-06-13T06:56:18Z [CALIBRATION_OK] user=RN_CHEN serial=MV7-ICU-2208-0047 fw=2.18.3
2026-06-13T06:48:10Z [CALIBRATION_OK] user=SYSTEM serial=MV7-ICU-2208-0047 fw=2.18.3
2026-06-13T06:40:32Z [NETWORK_SYNC] user=RN_OKONKWO serial=MV7-ICU-2208-0047 fw=2.18.3
2026-06-13T06:32:50Z [CALIBRATION_OK] user=RN_OKONKWO serial=MV7-ICU-2208-0047 fw=2.18.3
2026-06-13T06:24:22Z [PARAM_CHANGE] user=RN_OKONKWO serial=MV7-ICU-2208-0047 fw=2.18.3
2026-06-13T06:16:01Z [USER_LOGIN] user=RN_OKONKWO serial=MV7-ICU-2208-0047 fw=2.18.3
2026-06-13T06:08:52Z [NETWORK_SYNC] user=SYSTEM serial=MV7-ICU-2208-0047 fw=2.18.3
2026-06-13T06:00:42Z [CALIBRATION_OK] user=RN_OKONKWO serial=MV7-ICU-2208-0047 fw=2.18.3
2026-06-13T05:52:34Z [BATTERY_CHECK] user=BIOENG_MARTIN serial=MV7-ICU-2208-0047 fw=2.18.3
2026-06-13T05:44:47Z [DRUG_PROFILE_LOAD] user=BIOENG_MARTIN serial=MV7-ICU-2208-0047 fw=2.18.3
2026-06-13T05:36:31Z [USER_LOGIN] user=BIOENG_MARTIN serial=MV7-ICU-2208-0047 fw=2.18.3
2026-06-13T05:28:38Z [USER_LOGOUT] user=RN_CHEN serial=MV7-ICU-2208-0047 fw=2.18.3
2026-06-13T05:20:26Z [USER_LOGOUT] user=RN_CHEN serial=MV7-ICU-2208-0047 fw=2.18.3
2026-06-13T05:12:24Z [CALIBRATION_OK] user=RN_PATEL serial=MV7-ICU-2208-0047 fw=2.18.3
2026-06-13T05:04:37Z [PARAM_CHANGE] user=SYSTEM serial=MV7-ICU-2208-0047 fw=2.18.3
2026-06-13T04:56:48Z [PARAM_CHANGE] user=BIOENG_MARTIN serial=MV7-ICU-2208-0047 fw=2.18.3
2026-06-13T04:48:24Z [BATTERY_CHECK] user=RN_CHEN serial=MV7-ICU-2208-0047 fw=2.18.3
2026-06-13T04:40:44Z [USER_LOGIN] user=SYSTEM serial=MV7-ICU-2208-0047 fw=2.18.3
2026-06-13T04:32:54Z [USER_LOGOUT] user=RN_PATEL serial=MV7-ICU-2208-0047 fw=2.18.3
2026-06-13T04:24:21Z [USER_LOGIN] user=BIOENG_MARTIN serial=MV7-ICU-2208-0047 fw=2.18.3
2026-06-13T04:16:01Z [ALARM_TEST_PASS] user=RN_OKONKWO serial=MV7-ICU-2208-0047 fw=2.18.3
2026-06-13T04:08:15Z [PM_CHECK_PASS] user=RN_CHEN serial=MV7-ICU-2208-0047 fw=2.18.3
2026-06-13T04:00:20Z [USER_LOGIN] user=RN_CHEN serial=MV7-ICU-2208-0047 fw=2.18.3
2026-06-13T03:52:06Z [PARAM_CHANGE] user=RN_OKONKWO serial=MV7-ICU-2208-0047 fw=2.18.3
2026-06-13T03:44:08Z [USER_LOGIN] user=RN_OKONKWO serial=MV7-ICU-2208-0047 fw=2.18.3
2026-06-13T03:36:01Z [CALIBRATION_OK] user=RN_OKONKWO serial=MV7-ICU-2208-0047 fw=2.18.3
2026-06-13T03:28:46Z [NETWORK_SYNC] user=SYSTEM serial=MV7-ICU-2208-0047 fw=2.18.3
2026-06-13T03:20:08Z [PARAM_CHANGE] user=SYSTEM serial=MV7-ICU-2208-0047 fw=2.18.3
2026-06-13T03:12:38Z [FIRMWARE_VERIFIED] user=RN_PATEL serial=MV7-ICU-2208-0047 fw=2.18.3
2026-06-13T03:04:06Z [DRUG_PROFILE_LOAD] user=RN_PATEL serial=MV7-ICU-2208-0047 fw=2.18.3
2026-06-13T02:56:55Z [NETWORK_SYNC] user=RN_OKONKWO serial=MV7-ICU-2208-0047 fw=2.18.3
2026-06-13T02:48:06Z [USER_LOGOUT] user=RN_CHEN serial=MV7-ICU-2208-0047 fw=2.18.3
2026-06-13T02:40:02Z [ALARM_TEST_PASS] user=SYSTEM serial=MV7-ICU-2208-0047 fw=2.18.3
2026-06-13T02:32:53Z [FIRMWARE_VERIFIED] user=RN_OKONKWO serial=MV7-ICU-2208-0047 fw=2.18.3
2026-06-13T02:24:16Z [USER_LOGIN] user=RN_PATEL serial=MV7-ICU-2208-0047 fw=2.18.3
2026-06-13T02:16:06Z [USER_LOGIN] user=RN_OKONKWO serial=MV7-ICU-2208-0047 fw=2.18.3
2026-06-13T02:08:55Z [USER_LOGOUT] user=RN_PATEL serial=MV7-ICU-2208-0047 fw=2.18.3
2026-06-13T02:00:04Z [ALARM_TEST_PASS] user=BIOENG_MARTIN serial=MV7-ICU-2208-0047 fw=2.18.3
2026-06-13T01:52:30Z [PARAM_CHANGE] user=RN_CHEN serial=MV7-ICU-2208-0047 fw=2.18.3
2026-06-13T01:44:01Z [BATTERY_CHECK] user=RN_OKONKWO serial=MV7-ICU-2208-0047 fw=2.18.3
2026-06-13T01:36:07Z [DRUG_PROFILE_LOAD] user=RN_PATEL serial=MV7-ICU-2208-0047 fw=2.18.3
2026-06-13T01:28:38Z [USER_LOGIN] user=SYSTEM serial=MV7-ICU-2208-0047 fw=2.18.3
2026-06-13T01:20:31Z [PM_CHECK_PASS] user=RN_OKONKWO serial=MV7-ICU-2208-0047 fw=2.18.3
2026-06-13T01:12:12Z [FIRMWARE_VERIFIED] user=RN_CHEN serial=MV7-ICU-2208-0047 fw=2.18.3
2026-06-13T01:04:20Z [USER_LOGOUT] user=RN_PATEL serial=MV7-ICU-2208-0047 fw=2.18.3
2026-06-13T00:56:00Z [PARAM_CHANGE] user=RN_PATEL serial=MV7-ICU-2208-0047 fw=2.18.3
2026-06-13T00:48:08Z [USER_LOGOUT] user=SYSTEM serial=MV7-ICU-2208-0047 fw=2.18.3
2026-06-13T00:40:32Z [ALARM_TEST_PASS] user=RN_PATEL serial=MV7-ICU-2208-0047 fw=2.18.3
2026-06-13T00:32:37Z [USER_LOGIN] user=SYSTEM serial=MV7-ICU-2208-0047 fw=2.18.3
2026-06-13T00:24:03Z [PARAM_CHANGE] user=RN_OKONKWO serial=MV7-ICU-2208-0047 fw=2.18.3
2026-06-13T00:16:40Z [PARAM_CHANGE] user=RN_PATEL serial=MV7-ICU-2208-0047 fw=2.18.3
2026-06-13T00:08:45Z [USER_LOGIN] user=RN_PATEL serial=MV7-ICU-2208-0047 fw=2.18.3
2026-06-13T00:00:12Z [FIRMWARE_VERIFIED] user=RN_PATEL serial=MV7-ICU-2208-0047 fw=2.18.3
2026-06-14T23:52:41Z [FIRMWARE_VERIFIED] user=RN_OKONKWO serial=MV7-ICU-2208-0047 fw=2.18.3
2026-06-14T23:44:24Z [PARAM_CHANGE] user=RN_PATEL serial=MV7-ICU-2208-0047 fw=2.18.3
2026-06-14T23:36:42Z [PARAM_CHANGE] user=RN_PATEL serial=MV7-ICU-2208-0047 fw=2.18.3
2026-06-14T23:28:17Z [USER_LOGIN] user=RN_CHEN serial=MV7-ICU-2208-0047 fw=2.18.3
2026-06-14T23:20:33Z [PM_CHECK_PASS] user=SYSTEM serial=MV7-ICU-2208-0047 fw=2.18.3
2026-06-14T23:12:20Z [ALARM_TEST_PASS] user=RN_PATEL serial=MV7-ICU-2208-0047 fw=2.18.3
2026-06-14T23:04:06Z [BATTERY_CHECK] user=BIOENG_MARTIN serial=MV7-ICU-2208-0047 fw=2.18.3
2026-06-14T22:56:37Z [FIRMWARE_VERIFIED] user=SYSTEM serial=MV7-ICU-2208-0047 fw=2.18.3
2026-06-14T22:48:19Z [ALARM_TEST_PASS] user=SYSTEM serial=MV7-ICU-2208-0047 fw=2.18.3
2026-06-14T22:40:57Z [CALIBRATION_OK] user=BIOENG_MARTIN serial=MV7-ICU-2208-0047 fw=2.18.3
2026-06-14T22:32:31Z [ALARM_TEST_PASS] user=RN_PATEL serial=MV7-ICU-2208-0047 fw=2.18.3
2026-06-14T22:24:58Z [USER_LOGIN] user=RN_OKONKWO serial=MV7-ICU-2208-0047 fw=2.18.3
2026-06-14T22:16:38Z [NETWORK_SYNC] user=BIOENG_MARTIN serial=MV7-ICU-2208-0047 fw=2.18.3
2026-06-14T22:08:10Z [BATTERY_CHECK] user=RN_CHEN serial=MV7-ICU-2208-0047 fw=2.18.3
2026-06-14T22:00:30Z [NETWORK_SYNC] user=RN_OKONKWO serial=MV7-ICU-2208-0047 fw=2.18.3
2026-06-14T21:52:10Z [NETWORK_SYNC] user=RN_OKONKWO serial=MV7-ICU-2208-0047 fw=2.18.3
2026-06-14T21:44:24Z [BATTERY_CHECK] user=BIOENG_MARTIN serial=MV7-ICU-2208-0047 fw=2.18.3
2026-06-14T21:36:40Z [BATTERY_CHECK] user=RN_OKONKWO serial=MV7-ICU-2208-0047 fw=2.18.3
2026-06-14T21:28:04Z [ALARM_TEST_PASS] user=RN_PATEL serial=MV7-ICU-2208-0047 fw=2.18.3
2026-06-14T21:20:57Z [CALIBRATION_OK] user=BIOENG_MARTIN serial=MV7-ICU-2208-0047 fw=2.18.3
2026-06-14T21:12:57Z [USER_LOGOUT] user=BIOENG_MARTIN serial=MV7-ICU-2208-0047 fw=2.18.3
2026-06-14T21:04:56Z [DRUG_PROFILE_LOAD] user=SYSTEM serial=MV7-ICU-2208-0047 fw=2.18.3
2026-06-14T20:56:43Z [USER_LOGOUT] user=BIOENG_MARTIN serial=MV7-ICU-2208-0047 fw=2.18.3
2026-06-14T20:48:26Z [FIRMWARE_VERIFIED] user=RN_CHEN serial=MV7-ICU-2208-0047 fw=2.18.3
2026-06-14T20:40:43Z [PARAM_CHANGE] user=RN_CHEN serial=MV7-ICU-2208-0047 fw=2.18.3
2026-06-14T20:32:18Z [USER_LOGOUT] user=BIOENG_MARTIN serial=MV7-ICU-2208-0047 fw=2.18.3
2026-06-14T20:24:27Z [FIRMWARE_VERIFIED] user=RN_CHEN serial=MV7-ICU-2208-0047 fw=2.18.3
2026-06-14T20:16:00Z [USER_LOGIN] user=BIOENG_MARTIN serial=MV7-ICU-2208-0047 fw=2.18.3
2026-06-14T20:08:01Z [DRUG_PROFILE_LOAD] user=BIOENG_MARTIN serial=MV7-ICU-2208-0047 fw=2.18.3
2026-06-14T20:00:44Z [BATTERY_CHECK] user=RN_CHEN serial=MV7-ICU-2208-0047 fw=2.18.3
2026-06-14T19:52:09Z [USER_LOGOUT] user=RN_PATEL serial=MV7-ICU-2208-0047 fw=2.18.3
2026-06-14T19:44:47Z [NETWORK_SYNC] user=RN_OKONKWO serial=MV7-ICU-2208-0047 fw=2.18.3
2026-06-14T19:36:08Z [DRUG_PROFILE_LOAD] user=BIOENG_MARTIN serial=MV7-ICU-2208-0047 fw=2.18.3
2026-06-14T19:28:12Z [PM_CHECK_PASS] user=SYSTEM serial=MV7-ICU-2208-0047 fw=2.18.3
2026-06-14T19:20:47Z [ALARM_TEST_PASS] user=SYSTEM serial=MV7-ICU-2208-0047 fw=2.18.3
2026-06-14T19:12:00Z [CALIBRATION_OK] user=RN_OKONKWO serial=MV7-ICU-2208-0047 fw=2.18.3
2026-06-14T19:04:45Z [FIRMWARE_VERIFIED] user=SYSTEM serial=MV7-ICU-2208-0047 fw=2.18.3
2026-06-14T18:56:33Z [PARAM_CHANGE] user=SYSTEM serial=MV7-ICU-2208-0047 fw=2.18.3
2026-06-14T18:48:01Z [CALIBRATION_OK] user=RN_PATEL serial=MV7-ICU-2208-0047 fw=2.18.3
2026-06-14T18:40:35Z [BATTERY_CHECK] user=RN_PATEL serial=MV7-ICU-2208-0047 fw=2.18.3
2026-06-14T18:32:46Z [PARAM_CHANGE] user=RN_PATEL serial=MV7-ICU-2208-0047 fw=2.18.3
2026-06-14T18:24:21Z [PM_CHECK_PASS] user=SYSTEM serial=MV7-ICU-2208-0047 fw=2.18.3
2026-06-14T18:16:25Z [BATTERY_CHECK] user=SYSTEM serial=MV7-ICU-2208-0047 fw=2.18.3
2026-06-14T18:08:12Z [PM_CHECK_PASS] user=RN_PATEL serial=MV7-ICU-2208-0047 fw=2.18.3
2026-06-14T18:00:54Z [USER_LOGIN] user=RN_OKONKWO serial=MV7-ICU-2208-0047 fw=2.18.3
2026-06-14T17:52:54Z [DRUG_PROFILE_LOAD] user=BIOENG_MARTIN serial=MV7-ICU-2208-0047 fw=2.18.3
2026-06-14T17:44:15Z [USER_LOGOUT] user=RN_OKONKWO serial=MV7-ICU-2208-0047 fw=2.18.3
2026-06-14T17:36:07Z [ALARM_TEST_PASS] user=RN_PATEL serial=MV7-ICU-2208-0047 fw=2.18.3
2026-06-14T17:28:12Z [BATTERY_CHECK] user=RN_OKONKWO serial=MV7-ICU-2208-0047 fw=2.18.3
2026-06-14T17:20:20Z [PARAM_CHANGE] user=RN_OKONKWO serial=MV7-ICU-2208-0047 fw=2.18.3
2026-06-14T17:12:07Z [ALARM_TEST_PASS] user=BIOENG_MARTIN serial=MV7-ICU-2208-0047 fw=2.18.3
2026-06-14T17:04:54Z [NETWORK_SYNC] user=SYSTEM serial=MV7-ICU-2208-0047 fw=2.18.3
2026-06-14T16:56:47Z [PM_CHECK_PASS] user=BIOENG_MARTIN serial=MV7-ICU-2208-0047 fw=2.18.3
2026-06-14T16:48:25Z [USER_LOGOUT] user=RN_OKONKWO serial=MV7-ICU-2208-0047 fw=2.18.3
2026-06-14T16:40:58Z [BATTERY_CHECK] user=BIOENG_MARTIN serial=MV7-ICU-2208-0047 fw=2.18.3
2026-06-14T16:32:39Z [PM_CHECK_PASS] user=BIOENG_MARTIN serial=MV7-ICU-2208-0047 fw=2.18.3
2026-06-14T16:24:00Z [USER_LOGOUT] user=SYSTEM serial=MV7-ICU-2208-0047 fw=2.18.3
2026-06-14T16:16:24Z [PM_CHECK_PASS] user=RN_PATEL serial=MV7-ICU-2208-0047 fw=2.18.3
2026-06-14T16:08:29Z [CALIBRATION_OK] user=RN_OKONKWO serial=MV7-ICU-2208-0047 fw=2.18.3
2026-06-14T16:00:22Z [BATTERY_CHECK] user=SYSTEM serial=MV7-ICU-2208-0047 fw=2.18.3
2026-06-14T15:52:09Z [BATTERY_CHECK] user=RN_CHEN serial=MV7-ICU-2208-0047 fw=2.18.3
2026-06-14T15:44:09Z [USER_LOGIN] user=SYSTEM serial=MV7-ICU-2208-0047 fw=2.18.3
2026-06-14T15:36:47Z [ALARM_TEST_PASS] user=RN_PATEL serial=MV7-ICU-2208-0047 fw=2.18.3
2026-06-14T15:28:23Z [CALIBRATION_OK] user=RN_PATEL serial=MV7-ICU-2208-0047 fw=2.18.3
2026-06-14T15:20:57Z [USER_LOGOUT] user=RN_OKONKWO serial=MV7-ICU-2208-0047 fw=2.18.3
2026-06-14T15:12:20Z [USER_LOGIN] user=BIOENG_MARTIN serial=MV7-ICU-2208-0047 fw=2.18.3
2026-06-14T15:04:37Z [PM_CHECK_PASS] user=RN_CHEN serial=MV7-ICU-2208-0047 fw=2.18.3
2026-06-14T14:56:16Z [NETWORK_SYNC] user=RN_PATEL serial=MV7-ICU-2208-0047 fw=2.18.3
2026-06-14T14:48:10Z [DRUG_PROFILE_LOAD] user=RN_PATEL serial=MV7-ICU-2208-0047 fw=2.18.3
2026-06-14T14:40:47Z [DRUG_PROFILE_LOAD] user=RN_OKONKWO serial=MV7-ICU-2208-0047 fw=2.18.3
2026-06-14T14:32:22Z [PARAM_CHANGE] user=BIOENG_MARTIN serial=MV7-ICU-2208-0047 fw=2.18.3
2026-06-14T14:24:27Z [FIRMWARE_VERIFIED] user=RN_CHEN serial=MV7-ICU-2208-0047 fw=2.18.3
2026-06-14T14:16:58Z [USER_LOGOUT] user=SYSTEM serial=MV7-ICU-2208-0047 fw=2.18.3
2026-06-14T14:08:24Z [BATTERY_CHECK] user=BIOENG_MARTIN serial=MV7-ICU-2208-0047 fw=2.18.3
2026-06-14T14:00:30Z [CALIBRATION_OK] user=BIOENG_MARTIN serial=MV7-ICU-2208-0047 fw=2.18.3
2026-06-14T13:52:16Z [BATTERY_CHECK] user=RN_PATEL serial=MV7-ICU-2208-0047 fw=2.18.3
2026-06-14T13:44:09Z [BATTERY_CHECK] user=SYSTEM serial=MV7-ICU-2208-0047 fw=2.18.3
2026-06-14T13:36:48Z [USER_LOGIN] user=BIOENG_MARTIN serial=MV7-ICU-2208-0047 fw=2.18.3
2026-06-14T13:28:32Z [DRUG_PROFILE_LOAD] user=RN_OKONKWO serial=MV7-ICU-2208-0047 fw=2.18.3
2026-06-14T13:20:19Z [ALARM_TEST_PASS] user=BIOENG_MARTIN serial=MV7-ICU-2208-0047 fw=2.18.3
2026-06-14T13:12:18Z [USER_LOGIN] user=RN_OKONKWO serial=MV7-ICU-2208-0047 fw=2.18.3
2026-06-14T13:04:50Z [ALARM_TEST_PASS] user=SYSTEM serial=MV7-ICU-2208-0047 fw=2.18.3
2026-06-14T12:56:11Z [ALARM_TEST_PASS] user=RN_OKONKWO serial=MV7-ICU-2208-0047 fw=2.18.3
2026-06-14T12:48:10Z [CALIBRATION_OK] user=SYSTEM serial=MV7-ICU-2208-0047 fw=2.18.3
2026-06-14T12:40:07Z [CALIBRATION_OK] user=SYSTEM serial=MV7-ICU-2208-0047 fw=2.18.3
2026-06-14T12:32:53Z [BATTERY_CHECK] user=SYSTEM serial=MV7-ICU-2208-0047 fw=2.18.3
2026-06-14T12:24:26Z [USER_LOGOUT] user=RN_OKONKWO serial=MV7-ICU-2208-0047 fw=2.18.3
2026-06-14T12:16:19Z [USER_LOGOUT] user=RN_CHEN serial=MV7-ICU-2208-0047 fw=2.18.3
2026-06-14T12:08:59Z [PM_CHECK_PASS] user=BIOENG_MARTIN serial=MV7-ICU-2208-0047 fw=2.18.3
2026-06-14T12:00:50Z [USER_LOGIN] user=RN_CHEN serial=MV7-ICU-2208-0047 fw=2.18.3
2026-06-14T11:52:15Z [DRUG_PROFILE_LOAD] user=RN_CHEN serial=MV7-ICU-2208-0047 fw=2.18.3
2026-06-14T11:44:38Z [FIRMWARE_VERIFIED] user=RN_CHEN serial=MV7-ICU-2208-0047 fw=2.18.3
2026-06-14T11:36:59Z [PM_CHECK_PASS] user=SYSTEM serial=MV7-ICU-2208-0047 fw=2.18.3
2026-06-14T11:28:23Z [ALARM_TEST_PASS] user=BIOENG_MARTIN serial=MV7-ICU-2208-0047 fw=2.18.3
2026-06-14T11:20:11Z [BATTERY_CHECK] user=BIOENG_MARTIN serial=MV7-ICU-2208-0047 fw=2.18.3
2026-06-14T11:12:27Z [DRUG_PROFILE_LOAD] user=BIOENG_MARTIN serial=MV7-ICU-2208-0047 fw=2.18.3
2026-06-14T11:04:18Z [CALIBRATION_OK] user=RN_PATEL serial=MV7-ICU-2208-0047 fw=2.18.3
2026-06-14T10:56:04Z [CALIBRATION_OK] user=RN_PATEL serial=MV7-ICU-2208-0047 fw=2.18.3
2026-06-14T10:48:35Z [PARAM_CHANGE] user=RN_OKONKWO serial=MV7-ICU-2208-0047 fw=2.18.3
2026-06-14T10:40:31Z [ALARM_TEST_PASS] user=RN_OKONKWO serial=MV7-ICU-2208-0047 fw=2.18.3
2026-06-14T10:32:00Z [FIRMWARE_VERIFIED] user=RN_CHEN serial=MV7-ICU-2208-0047 fw=2.18.3
2026-06-14T10:24:45Z [USER_LOGOUT] user=RN_CHEN serial=MV7-ICU-2208-0047 fw=2.18.3
2026-06-14T10:16:17Z [ALARM_TEST_PASS] user=RN_CHEN serial=MV7-ICU-2208-0047 fw=2.18.3
2026-06-14T10:08:08Z [USER_LOGIN] user=RN_OKONKWO serial=MV7-ICU-2208-0047 fw=2.18.3
2026-06-14T10:00:43Z [NETWORK_SYNC] user=RN_CHEN serial=MV7-ICU-2208-0047 fw=2.18.3
2026-06-14T09:52:59Z [USER_LOGIN] user=RN_PATEL serial=MV7-ICU-2208-0047 fw=2.18.3
2026-06-14T09:44:45Z [NETWORK_SYNC] user=RN_PATEL serial=MV7-ICU-2208-0047 fw=2.18.3
2026-06-14T09:36:51Z [BATTERY_CHECK] user=RN_OKONKWO serial=MV7-ICU-2208-0047 fw=2.18.3
2026-06-14T09:28:55Z [BATTERY_CHECK] user=SYSTEM serial=MV7-ICU-2208-0047 fw=2.18.3
2026-06-14T09:20:04Z [CALIBRATION_OK] user=RN_OKONKWO serial=MV7-ICU-2208-0047 fw=2.18.3
2026-06-14T09:12:03Z [DRUG_PROFILE_LOAD] user=RN_OKONKWO serial=MV7-ICU-2208-0047 fw=2.18.3
2026-06-14T09:04:43Z [DRUG_PROFILE_LOAD] user=BIOENG_MARTIN serial=MV7-ICU-2208-0047 fw=2.18.3
2026-06-14T08:56:51Z [PARAM_CHANGE] user=RN_OKONKWO serial=MV7-ICU-2208-0047 fw=2.18.3
2026-06-14T08:48:05Z [NETWORK_SYNC] user=BIOENG_MARTIN serial=MV7-ICU-2208-0047 fw=2.18.3
2026-06-14T08:40:26Z [ALARM_TEST_PASS] user=BIOENG_MARTIN serial=MV7-ICU-2208-0047 fw=2.18.3
2026-06-14T08:32:27Z [CALIBRATION_OK] user=RN_PATEL serial=MV7-ICU-2208-0047 fw=2.18.3
2026-06-14T08:24:34Z [PM_CHECK_PASS] user=RN_PATEL serial=MV7-ICU-2208-0047 fw=2.18.3
2026-06-14T08:16:46Z [USER_LOGOUT] user=RN_CHEN serial=MV7-ICU-2208-0047 fw=2.18.3
2026-06-14T08:08:43Z [CALIBRATION_OK] user=RN_PATEL serial=MV7-ICU-2208-0047 fw=2.18.3
2026-06-14T08:00:48Z [DRUG_PROFILE_LOAD] user=RN_PATEL serial=MV7-ICU-2208-0047 fw=2.18.3
2026-06-14T07:52:11Z [CALIBRATION_OK] user=BIOENG_MARTIN serial=MV7-ICU-2208-0047 fw=2.18.3
2026-06-14T07:44:14Z [BATTERY_CHECK] user=RN_CHEN serial=MV7-ICU-2208-0047 fw=2.18.3
2026-06-14T07:36:40Z [NETWORK_SYNC] user=RN_PATEL serial=MV7-ICU-2208-0047 fw=2.18.3
2026-06-14T07:28:45Z [DRUG_PROFILE_LOAD] user=SYSTEM serial=MV7-ICU-2208-0047 fw=2.18.3
2026-06-14T07:20:53Z [DRUG_PROFILE_LOAD] user=RN_CHEN serial=MV7-ICU-2208-0047 fw=2.18.3
2026-06-14T07:12:10Z [NETWORK_SYNC] user=BIOENG_MARTIN serial=MV7-ICU-2208-0047 fw=2.18.3
2026-06-14T07:04:19Z [USER_LOGIN] user=SYSTEM serial=MV7-ICU-2208-0047 fw=2.18.3
2026-06-14T06:56:03Z [USER_LOGOUT] user=RN_CHEN serial=MV7-ICU-2208-0047 fw=2.18.3
2026-06-14T06:48:55Z [USER_LOGOUT] user=RN_PATEL serial=MV7-ICU-2208-0047 fw=2.18.3
2026-06-14T06:40:38Z [BATTERY_CHECK] user=SYSTEM serial=MV7-ICU-2208-0047 fw=2.18.3
2026-06-14T06:32:22Z [PM_CHECK_PASS] user=RN_OKONKWO serial=MV7-ICU-2208-0047 fw=2.18.3
2026-06-14T06:24:10Z [DRUG_PROFILE_LOAD] user=RN_OKONKWO serial=MV7-ICU-2208-0047 fw=2.18.3
2026-06-14T06:16:17Z [NETWORK_SYNC] user=RN_PATEL serial=MV7-ICU-2208-0047 fw=2.18.3
2026-06-14T06:08:19Z [USER_LOGIN] user=RN_PATEL serial=MV7-ICU-2208-0047 fw=2.18.3
2026-06-14T06:00:32Z [USER_LOGOUT] user=RN_CHEN serial=MV7-ICU-2208-0047 fw=2.18.3
2026-06-14T05:52:51Z [FIRMWARE_VERIFIED] user=RN_OKONKWO serial=MV7-ICU-2208-0047 fw=2.18.3
2026-06-14T05:44:53Z [DRUG_PROFILE_LOAD] user=RN_PATEL serial=MV7-ICU-2208-0047 fw=2.18.3
2026-06-14T05:36:34Z [DRUG_PROFILE_LOAD] user=RN_PATEL serial=MV7-ICU-2208-0047 fw=2.18.3
2026-06-14T05:28:03Z [BATTERY_CHECK] user=BIOENG_MARTIN serial=MV7-ICU-2208-0047 fw=2.18.3
2026-06-14T05:20:27Z [BATTERY_CHECK] user=BIOENG_MARTIN serial=MV7-ICU-2208-0047 fw=2.18.3
2026-06-14T05:12:03Z [USER_LOGOUT] user=SYSTEM serial=MV7-ICU-2208-0047 fw=2.18.3
2026-06-14T05:04:00Z [BATTERY_CHECK] user=SYSTEM serial=MV7-ICU-2208-0047 fw=2.18.3
2026-06-14T04:56:02Z [FIRMWARE_VERIFIED] user=SYSTEM serial=MV7-ICU-2208-0047 fw=2.18.3
2026-06-14T04:48:27Z [CALIBRATION_OK] user=RN_CHEN serial=MV7-ICU-2208-0047 fw=2.18.3
2026-06-14T04:40:47Z [PM_CHECK_PASS] user=RN_CHEN serial=MV7-ICU-2208-0047 fw=2.18.3
2026-06-14T04:32:21Z [FIRMWARE_VERIFIED] user=SYSTEM serial=MV7-ICU-2208-0047 fw=2.18.3
2026-06-14T04:24:34Z [USER_LOGOUT] user=RN_PATEL serial=MV7-ICU-2208-0047 fw=2.18.3
2026-06-14T04:16:45Z [BATTERY_CHECK] user=BIOENG_MARTIN serial=MV7-ICU-2208-0047 fw=2.18.3
2026-06-14T04:08:10Z [NETWORK_SYNC] user=RN_OKONKWO serial=MV7-ICU-2208-0047 fw=2.18.3
2026-06-14T04:00:00Z [NETWORK_SYNC] user=RN_OKONKWO serial=MV7-ICU-2208-0047 fw=2.18.3
2026-06-14T03:52:18Z [NETWORK_SYNC] user=SYSTEM serial=MV7-ICU-2208-0047 fw=2.18.3
2026-06-14T03:44:56Z [CALIBRATION_OK] user=BIOENG_MARTIN serial=MV7-ICU-2208-0047 fw=2.18.3
2026-06-14T03:36:15Z [PARAM_CHANGE] user=RN_OKONKWO serial=MV7-ICU-2208-0047 fw=2.18.3
2026-06-14T03:28:18Z [NETWORK_SYNC] user=RN_OKONKWO serial=MV7-ICU-2208-0047 fw=2.18.3
2026-06-14T03:20:34Z [NETWORK_SYNC] user=RN_PATEL serial=MV7-ICU-2208-0047 fw=2.18.3
2026-06-14T03:12:19Z [USER_LOGIN] user=SYSTEM serial=MV7-ICU-2208-0047 fw=2.18.3
2026-06-14T03:04:33Z [USER_LOGOUT] user=BIOENG_MARTIN serial=MV7-ICU-2208-0047 fw=2.18.3
2026-06-14T02:56:31Z [PARAM_CHANGE] user=RN_CHEN serial=MV7-ICU-2208-0047 fw=2.18.3
2026-06-14T02:48:27Z [NETWORK_SYNC] user=RN_OKONKWO serial=MV7-ICU-2208-0047 fw=2.18.3
2026-06-14T02:40:10Z [FIRMWARE_VERIFIED] user=RN_PATEL serial=MV7-ICU-2208-0047 fw=2.18.3
2026-06-14T02:32:28Z [NETWORK_SYNC] user=RN_PATEL serial=MV7-ICU-2208-0047 fw=2.18.3
2026-06-14T02:24:22Z [NETWORK_SYNC] user=BIOENG_MARTIN serial=MV7-ICU-2208-0047 fw=2.18.3
2026-06-14T02:16:33Z [PARAM_CHANGE] user=RN_PATEL serial=MV7-ICU-2208-0047 fw=2.18.3
2026-06-14T02:08:28Z [BATTERY_CHECK] user=RN_PATEL serial=MV7-ICU-2208-0047 fw=2.18.3
2026-06-14T02:00:01Z [USER_LOGIN] user=BIOENG_MARTIN serial=MV7-ICU-2208-0047 fw=2.18.3
2026-06-14T01:52:20Z [NETWORK_SYNC] user=SYSTEM serial=MV7-ICU-2208-0047 fw=2.18.3
2026-06-14T01:44:45Z [ALARM_TEST_PASS] user=BIOENG_MARTIN serial=MV7-ICU-2208-0047 fw=2.18.3
2026-06-14T01:36:58Z [USER_LOGIN] user=BIOENG_MARTIN serial=MV7-ICU-2208-0047 fw=2.18.3
2026-06-14T01:28:16Z [ALARM_TEST_PASS] user=RN_CHEN serial=MV7-ICU-2208-0047 fw=2.18.3
2026-06-14T01:20:28Z [DRUG_PROFILE_LOAD] user=RN_PATEL serial=MV7-ICU-2208-0047 fw=2.18.3
2026-06-14T01:12:02Z [DRUG_PROFILE_LOAD] user=BIOENG_MARTIN serial=MV7-ICU-2208-0047 fw=2.18.3
2026-06-14T01:04:50Z [USER_LOGIN] user=RN_OKONKWO serial=MV7-ICU-2208-0047 fw=2.18.3
2026-06-14T00:56:08Z [CALIBRATION_OK] user=RN_CHEN serial=MV7-ICU-2208-0047 fw=2.18.3
2026-06-14T00:48:10Z [DRUG_PROFILE_LOAD] user=SYSTEM serial=MV7-ICU-2208-0047 fw=2.18.3
2026-06-14T00:40:06Z [CALIBRATION_OK] user=SYSTEM serial=MV7-ICU-2208-0047 fw=2.18.3
2026-06-14T00:32:42Z [PARAM_CHANGE] user=BIOENG_MARTIN serial=MV7-ICU-2208-0047 fw=2.18.3
2026-06-14T00:24:53Z [FIRMWARE_VERIFIED] user=RN_PATEL serial=MV7-ICU-2208-0047 fw=2.18.3
2026-06-14T00:16:09Z [NETWORK_SYNC] user=BIOENG_MARTIN serial=MV7-ICU-2208-0047 fw=2.18.3
2026-06-14T00:08:35Z [BATTERY_CHECK] user=RN_CHEN serial=MV7-ICU-2208-0047 fw=2.18.3
2026-06-14T00:00:08Z [USER_LOGIN] user=RN_OKONKWO serial=MV7-ICU-2208-0047 fw=2.18.3
2026-06-14T00:00:45Z [BATTERY_CHECK] user=RN_OKONKWO serial=MV7-ICU-2208-0047 fw=2.18.3
2026-06-14T00:00:09Z [USER_LOGOUT] user=SYSTEM serial=MV7-ICU-2208-0047 fw=2.18.3
2026-06-14T00:00:09Z [DRUG_PROFILE_LOAD] user=RN_PATEL serial=MV7-ICU-2208-0047 fw=2.18.3
2026-06-14T00:00:12Z [USER_LOGIN] user=RN_OKONKWO serial=MV7-ICU-2208-0047 fw=2.18.3
2026-06-14T00:00:19Z [DRUG_PROFILE_LOAD] user=SYSTEM serial=MV7-ICU-2208-0047 fw=2.18.3
2026-06-14T00:00:10Z [USER_LOGOUT] user=RN_CHEN serial=MV7-ICU-2208-0047 fw=2.18.3
2026-06-14T00:00:53Z [BATTERY_CHECK] user=SYSTEM serial=MV7-ICU-2208-0047 fw=2.18.3
2026-06-14T00:00:31Z [CALIBRATION_OK] user=SYSTEM serial=MV7-ICU-2208-0047 fw=2.18.3
2026-06-14T00:00:19Z [USER_LOGIN] user=BIOENG_MARTIN serial=MV7-ICU-2208-0047 fw=2.18.3
2026-06-14T00:00:51Z [ALARM_TEST_PASS] user=RN_PATEL serial=MV7-ICU-2208-0047 fw=2.18.3
2026-06-14T00:00:37Z [ALARM_TEST_PASS] user=SYSTEM serial=MV7-ICU-2208-0047 fw=2.18.3
2026-06-14T00:00:03Z [DRUG_PROFILE_LOAD] user=RN_PATEL serial=MV7-ICU-2208-0047 fw=2.18.3
2026-06-14T00:00:25Z [PM_CHECK_PASS] user=RN_OKONKWO serial=MV7-ICU-2208-0047 fw=2.18.3
2026-06-14T00:00:55Z [NETWORK_SYNC] user=SYSTEM serial=MV7-ICU-2208-0047 fw=2.18.3
2026-06-14T00:00:37Z [PM_CHECK_PASS] user=BIOENG_MARTIN serial=MV7-ICU-2208-0047 fw=2.18.3
2026-06-14T00:00:24Z [USER_LOGOUT] user=RN_OKONKWO serial=MV7-ICU-2208-0047 fw=2.18.3
2026-06-14T00:00:57Z [ALARM_TEST_PASS] user=SYSTEM serial=MV7-ICU-2208-0047 fw=2.18.3
2026-06-14T00:00:34Z [PM_CHECK_PASS] user=RN_OKONKWO serial=MV7-ICU-2208-0047 fw=2.18.3
2026-06-14T00:00:42Z [NETWORK_SYNC] user=BIOENG_MARTIN serial=MV7-ICU-2208-0047 fw=2.18.3
2026-06-14T00:00:36Z [PM_CHECK_PASS] user=RN_CHEN serial=MV7-ICU-2208-0047 fw=2.18.3
2026-06-14T00:00:34Z [BATTERY_CHECK] user=RN_OKONKWO serial=MV7-ICU-2208-0047 fw=2.18.3
2026-06-14T00:00:05Z [PARAM_CHANGE] user=SYSTEM serial=MV7-ICU-2208-0047 fw=2.18.3
2026-06-14T00:00:28Z [NETWORK_SYNC] user=RN_PATEL serial=MV7-ICU-2208-0047 fw=2.18.3
2026-06-14T00:00:48Z [USER_LOGIN] user=RN_OKONKWO serial=MV7-ICU-2208-0047 fw=2.18.3
2026-06-14T00:00:00Z [CALIBRATION_OK] user=SYSTEM serial=MV7-ICU-2208-0047 fw=2.18.3
2026-06-14T00:00:16Z [USER_LOGOUT] user=RN_PATEL serial=MV7-ICU-2208-0047 fw=2.18.3
2026-06-14T00:00:41Z [PM_CHECK_PASS] user=RN_OKONKWO serial=MV7-ICU-2208-0047 fw=2.18.3
2026-06-14T00:00:16Z [USER_LOGIN] user=SYSTEM serial=MV7-ICU-2208-0047 fw=2.18.3
2026-06-14T00:00:11Z [FIRMWARE_VERIFIED] user=RN_CHEN serial=MV7-ICU-2208-0047 fw=2.18.3
2026-06-14T00:00:43Z [NETWORK_SYNC] user=RN_CHEN serial=MV7-ICU-2208-0047 fw=2.18.3
2026-06-14T00:00:41Z [FIRMWARE_VERIFIED] user=BIOENG_MARTIN serial=MV7-ICU-2208-0047 fw=2.18.3
2026-06-14T00:00:20Z [USER_LOGIN] user=RN_PATEL serial=MV7-ICU-2208-0047 fw=2.18.3
2026-06-14T00:00:33Z [USER_LOGIN] user=RN_CHEN serial=MV7-ICU-2208-0047 fw=2.18.3
2026-06-14T00:00:20Z [BATTERY_CHECK] user=RN_OKONKWO serial=MV7-ICU-2208-0047 fw=2.18.3
2026-06-14T00:00:07Z [USER_LOGOUT] user=RN_PATEL serial=MV7-ICU-2208-0047 fw=2.18.3
2026-06-14T00:00:56Z [USER_LOGIN] user=RN_PATEL serial=MV7-ICU-2208-0047 fw=2.18.3
2026-06-14T00:00:40Z [BATTERY_CHECK] user=SYSTEM serial=MV7-ICU-2208-0047 fw=2.18.3
2026-06-14T00:00:38Z [ALARM_TEST_PASS] user=RN_CHEN serial=MV7-ICU-2208-0047 fw=2.18.3
2026-06-14T00:00:39Z [PM_CHECK_PASS] user=RN_OKONKWO serial=MV7-ICU-2208-0047 fw=2.18.3
2026-06-14T00:00:56Z [NETWORK_SYNC] user=BIOENG_MARTIN serial=MV7-ICU-2208-0047 fw=2.18.3
2026-06-14T00:00:54Z [ALARM_TEST_PASS] user=RN_CHEN serial=MV7-ICU-2208-0047 fw=2.18.3
2026-06-14T00:00:17Z [PM_CHECK_PASS] user=RN_CHEN serial=MV7-ICU-2208-0047 fw=2.18.3
2026-06-14T00:00:18Z [USER_LOGIN] user=RN_OKONKWO serial=MV7-ICU-2208-0047 fw=2.18.3
2026-06-14T00:00:50Z [BATTERY_CHECK] user=RN_CHEN serial=MV7-ICU-2208-0047 fw=2.18.3
2026-06-14T00:00:35Z [PM_CHECK_PASS] user=SYSTEM serial=MV7-ICU-2208-0047 fw=2.18.3
2026-06-14T00:00:00Z [CALIBRATION_OK] user=BIOENG_MARTIN serial=MV7-ICU-2208-0047 fw=2.18.3
2026-06-14T00:00:14Z [BATTERY_CHECK] user=RN_PATEL serial=MV7-ICU-2208-0047 fw=2.18.3
2026-06-14T00:00:45Z [PARAM_CHANGE] user=BIOENG_MARTIN serial=MV7-ICU-2208-0047 fw=2.18.3
2026-06-14T00:00:20Z [DRUG_PROFILE_LOAD] user=RN_OKONKWO serial=MV7-ICU-2208-0047 fw=2.18.3
2026-06-14T00:00:42Z [FIRMWARE_VERIFIED] user=RN_OKONKWO serial=MV7-ICU-2208-0047 fw=2.18.3
2026-06-14T00:00:03Z [FIRMWARE_VERIFIED] user=RN_OKONKWO serial=MV7-ICU-2208-0047 fw=2.18.3
2026-06-14T00:00:30Z [BATTERY_CHECK] user=RN_CHEN serial=MV7-ICU-2208-0047 fw=2.18.3
2026-06-14T00:00:07Z [USER_LOGOUT] user=RN_CHEN serial=MV7-ICU-2208-0047 fw=2.18.3
2026-06-14T00:00:27Z [PARAM_CHANGE] user=RN_PATEL serial=MV7-ICU-2208-0047 fw=2.18.3
2026-06-14T00:00:12Z [NETWORK_SYNC] user=RN_CHEN serial=MV7-ICU-2208-0047 fw=2.18.3
2026-06-14T00:00:17Z [NETWORK_SYNC] user=BIOENG_MARTIN serial=MV7-ICU-2208-0047 fw=2.18.3
2026-06-14T00:00:05Z [PM_CHECK_PASS] user=SYSTEM serial=MV7-ICU-2208-0047 fw=2.18.3
2026-06-14T00:00:30Z [DRUG_PROFILE_LOAD] user=RN_PATEL serial=MV7-ICU-2208-0047 fw=2.18.3
2026-06-14T00:00:47Z [FIRMWARE_VERIFIED] user=RN_PATEL serial=MV7-ICU-2208-0047 fw=2.18.3
2026-06-14T00:00:46Z [USER_LOGOUT] user=RN_CHEN serial=MV7-ICU-2208-0047 fw=2.18.3
2026-06-14T00:00:37Z [DRUG_PROFILE_LOAD] user=RN_PATEL serial=MV7-ICU-2208-0047 fw=2.18.3
2026-06-14T00:00:43Z [PARAM_CHANGE] user=SYSTEM serial=MV7-ICU-2208-0047 fw=2.18.3
2026-06-14T00:00:10Z [DRUG_PROFILE_LOAD] user=SYSTEM serial=MV7-ICU-2208-0047 fw=2.18.3
2026-06-14T00:00:17Z [BATTERY_CHECK] user=BIOENG_MARTIN serial=MV7-ICU-2208-0047 fw=2.18.3
2026-06-14T00:00:24Z [USER_LOGOUT] user=RN_OKONKWO serial=MV7-ICU-2208-0047 fw=2.18.3
2026-06-14T00:00:53Z [CALIBRATION_OK] user=RN_OKONKWO serial=MV7-ICU-2208-0047 fw=2.18.3
2026-06-14T00:00:12Z [PARAM_CHANGE] user=BIOENG_MARTIN serial=MV7-ICU-2208-0047 fw=2.18.3
2026-06-14T00:00:57Z [PARAM_CHANGE] user=BIOENG_MARTIN serial=MV7-ICU-2208-0047 fw=2.18.3
2026-06-14T00:00:06Z [CALIBRATION_OK] user=BIOENG_MARTIN serial=MV7-ICU-2208-0047 fw=2.18.3
2026-06-14T00:00:22Z [DRUG_PROFILE_LOAD] user=RN_OKONKWO serial=MV7-ICU-2208-0047 fw=2.18.3
2026-06-14T00:00:35Z [BATTERY_CHECK] user=RN_CHEN serial=MV7-ICU-2208-0047 fw=2.18.3
2026-06-14T00:00:26Z [PARAM_CHANGE] user=BIOENG_MARTIN serial=MV7-ICU-2208-0047 fw=2.18.3
2026-06-14T00:00:38Z [BATTERY_CHECK] user=SYSTEM serial=MV7-ICU-2208-0047 fw=2.18.3
2026-06-14T00:00:49Z [CALIBRATION_OK] user=RN_OKONKWO serial=MV7-ICU-2208-0047 fw=2.18.3
2026-06-14T00:00:46Z [ALARM_TEST_PASS] user=RN_CHEN serial=MV7-ICU-2208-0047 fw=2.18.3
2026-06-14T00:00:59Z [USER_LOGOUT] user=SYSTEM serial=MV7-ICU-2208-0047 fw=2.18.3
2026-06-14T00:00:05Z [ALARM_TEST_PASS] user=RN_OKONKWO serial=MV7-ICU-2208-0047 fw=2.18.3
2026-06-14T00:00:09Z [DRUG_PROFILE_LOAD] user=SYSTEM serial=MV7-ICU-2208-0047 fw=2.18.3
2026-06-14T00:00:13Z [BATTERY_CHECK] user=RN_PATEL serial=MV7-ICU-2208-0047 fw=2.18.3
2026-06-14T00:00:45Z [PARAM_CHANGE] user=RN_CHEN serial=MV7-ICU-2208-0047 fw=2.18.3
2026-06-14T00:00:28Z [USER_LOGIN] user=SYSTEM serial=MV7-ICU-2208-0047 fw=2.18.3
2026-06-14T00:00:07Z [USER_LOGIN] user=RN_PATEL serial=MV7-ICU-2208-0047 fw=2.18.3
2026-06-14T00:00:41Z [USER_LOGOUT] user=BIOENG_MARTIN serial=MV7-ICU-2208-0047 fw=2.18.3
2026-06-14T00:00:42Z [DRUG_PROFILE_LOAD] user=RN_CHEN serial=MV7-ICU-2208-0047 fw=2.18.3
2026-06-14T00:00:13Z [USER_LOGIN] user=BIOENG_MARTIN serial=MV7-ICU-2208-0047 fw=2.18.3
2026-06-14T00:00:38Z [USER_LOGIN] user=SYSTEM serial=MV7-ICU-2208-0047 fw=2.18.3
2026-06-14T00:00:27Z [BATTERY_CHECK] user=RN_PATEL serial=MV7-ICU-2208-0047 fw=2.18.3
2026-06-14T00:00:48Z [BATTERY_CHECK] user=SYSTEM serial=MV7-ICU-2208-0047 fw=2.18.3
2026-06-14T00:00:32Z [USER_LOGIN] user=RN_OKONKWO serial=MV7-ICU-2208-0047 fw=2.18.3
2026-06-14T00:00:08Z [CALIBRATION_OK] user=BIOENG_MARTIN serial=MV7-ICU-2208-0047 fw=2.18.3
2026-06-14T00:00:15Z [CALIBRATION_OK] user=BIOENG_MARTIN serial=MV7-ICU-2208-0047 fw=2.18.3
2026-06-14T00:00:52Z [PM_CHECK_PASS] user=RN_PATEL serial=MV7-ICU-2208-0047 fw=2.18.3
2026-06-14T00:00:16Z [BATTERY_CHECK] user=BIOENG_MARTIN serial=MV7-ICU-2208-0047 fw=2.18.3
2026-06-14T00:00:37Z [USER_LOGIN] user=SYSTEM serial=MV7-ICU-2208-0047 fw=2.18.3
2026-06-14T00:00:37Z [DRUG_PROFILE_LOAD] user=SYSTEM serial=MV7-ICU-2208-0047 fw=2.18.3
2026-06-14T00:00:57Z [CALIBRATION_OK] user=RN_OKONKWO serial=MV7-ICU-2208-0047 fw=2.18.3
2026-06-14T00:00:36Z [BATTERY_CHECK] user=RN_PATEL serial=MV7-ICU-2208-0047 fw=2.18.3
2026-06-14T00:00:34Z [BATTERY_CHECK] user=BIOENG_MARTIN serial=MV7-ICU-2208-0047 fw=2.18.3
2026-06-14T00:00:07Z [ALARM_TEST_PASS] user=RN_CHEN serial=MV7-ICU-2208-0047 fw=2.18.3
2026-06-14T00:00:29Z [DRUG_PROFILE_LOAD] user=RN_PATEL serial=MV7-ICU-2208-0047 fw=2.18.3
2026-06-14T00:00:01Z [FIRMWARE_VERIFIED] user=RN_PATEL serial=MV7-ICU-2208-0047 fw=2.18.3
2026-06-14T00:00:11Z [DRUG_PROFILE_LOAD] user=BIOENG_MARTIN serial=MV7-ICU-2208-0047 fw=2.18.3
2026-06-14T00:00:05Z [CALIBRATION_OK] user=RN_PATEL serial=MV7-ICU-2208-0047 fw=2.18.3
2026-06-14T00:00:57Z [PARAM_CHANGE] user=SYSTEM serial=MV7-ICU-2208-0047 fw=2.18.3
2026-06-14T00:00:30Z [USER_LOGIN] user=RN_PATEL serial=MV7-ICU-2208-0047 fw=2.18.3
2026-06-14T00:00:21Z [USER_LOGIN] user=SYSTEM serial=MV7-ICU-2208-0047 fw=2.18.3
2026-06-14T00:00:41Z [PM_CHECK_PASS] user=SYSTEM serial=MV7-ICU-2208-0047 fw=2.18.3
2026-06-14T00:00:26Z [PM_CHECK_PASS] user=BIOENG_MARTIN serial=MV7-ICU-2208-0047 fw=2.18.3
2026-06-14T00:00:55Z [FIRMWARE_VERIFIED] user=RN_OKONKWO serial=MV7-ICU-2208-0047 fw=2.18.3
2026-06-14T00:00:30Z [USER_LOGIN] user=RN_PATEL serial=MV7-ICU-2208-0047 fw=2.18.3
2026-06-14T00:00:13Z [PM_CHECK_PASS] user=SYSTEM serial=MV7-ICU-2208-0047 fw=2.18.3
2026-06-14T00:00:49Z [CALIBRATION_OK] user=RN_OKONKWO serial=MV7-ICU-2208-0047 fw=2.18.3
2026-06-14T00:00:38Z [PARAM_CHANGE] user=RN_PATEL serial=MV7-ICU-2208-0047 fw=2.18.3
2026-06-14T00:00:35Z [PM_CHECK_PASS] user=SYSTEM serial=MV7-ICU-2208-0047 fw=2.18.3
2026-06-14T00:00:19Z [NETWORK_SYNC] user=BIOENG_MARTIN serial=MV7-ICU-2208-0047 fw=2.18.3
2026-06-14T00:00:42Z [USER_LOGOUT] user=RN_OKONKWO serial=MV7-ICU-2208-0047 fw=2.18.3
2026-06-14T00:00:29Z [NETWORK_SYNC] user=BIOENG_MARTIN serial=MV7-ICU-2208-0047 fw=2.18.3
2026-06-14T00:00:07Z [DRUG_PROFILE_LOAD] user=BIOENG_MARTIN serial=MV7-ICU-2208-0047 fw=2.18.3
2026-06-14T00:00:21Z [USER_LOGOUT] user=BIOENG_MARTIN serial=MV7-ICU-2208-0047 fw=2.18.3
2026-06-14T00:00:20Z [FIRMWARE_VERIFIED] user=RN_CHEN serial=MV7-ICU-2208-0047 fw=2.18.3
2026-06-14T00:00:44Z [BATTERY_CHECK] user=BIOENG_MARTIN serial=MV7-ICU-2208-0047 fw=2.18.3
2026-06-14T00:00:26Z [USER_LOGIN] user=RN_OKONKWO serial=MV7-ICU-2208-0047 fw=2.18.3
2026-06-14T00:00:21Z [PM_CHECK_PASS] user=RN_OKONKWO serial=MV7-ICU-2208-0047 fw=2.18.3
2026-06-14T00:00:27Z [USER_LOGOUT] user=RN_CHEN serial=MV7-ICU-2208-0047 fw=2.18.3
2026-06-14T00:00:19Z [ALARM_TEST_PASS] user=BIOENG_MARTIN serial=MV7-ICU-2208-0047 fw=2.18.3
2026-06-14T00:00:39Z [NETWORK_SYNC] user=SYSTEM serial=MV7-ICU-2208-0047 fw=2.18.3
2026-06-14T00:00:57Z [FIRMWARE_VERIFIED] user=RN_PATEL serial=MV7-ICU-2208-0047 fw=2.18.3
2026-06-14T00:00:07Z [USER_LOGIN] user=RN_OKONKWO serial=MV7-ICU-2208-0047 fw=2.18.3
2026-06-14T00:00:53Z [PARAM_CHANGE] user=SYSTEM serial=MV7-ICU-2208-0047 fw=2.18.3
2026-06-14T00:00:38Z [FIRMWARE_VERIFIED] user=RN_PATEL serial=MV7-ICU-2208-0047 fw=2.18.3
2026-06-14T00:00:05Z [DRUG_PROFILE_LOAD] user=RN_PATEL serial=MV7-ICU-2208-0047 fw=2.18.3
2026-06-14T00:00:06Z [DRUG_PROFILE_LOAD] user=BIOENG_MARTIN serial=MV7-ICU-2208-0047 fw=2.18.3
2026-06-14T00:00:55Z [ALARM_TEST_PASS] user=RN_OKONKWO serial=MV7-ICU-2208-0047 fw=2.18.3
2026-06-14T00:00:04Z [FIRMWARE_VERIFIED] user=RN_CHEN serial=MV7-ICU-2208-0047 fw=2.18.3
2026-06-14T00:00:06Z [PM_CHECK_PASS] user=BIOENG_MARTIN serial=MV7-ICU-2208-0047 fw=2.18.3
2026-06-14T00:00:13Z [DRUG_PROFILE_LOAD] user=BIOENG_MARTIN serial=MV7-ICU-2208-0047 fw=2.18.3
2026-06-14T00:00:18Z [DRUG_PROFILE_LOAD] user=RN_OKONKWO serial=MV7-ICU-2208-0047 fw=2.18.3
2026-06-14T00:00:22Z [PARAM_CHANGE] user=RN_OKONKWO serial=MV7-ICU-2208-0047 fw=2.18.3
2026-06-14T00:00:39Z [NETWORK_SYNC] user=SYSTEM serial=MV7-ICU-2208-0047 fw=2.18.3
2026-06-14T00:00:03Z [PARAM_CHANGE] user=RN_PATEL serial=MV7-ICU-2208-0047 fw=2.18.3
2026-06-14T00:00:48Z [DRUG_PROFILE_LOAD] user=RN_CHEN serial=MV7-ICU-2208-0047 fw=2.18.3
2026-06-14T00:00:38Z [NETWORK_SYNC] user=BIOENG_MARTIN serial=MV7-ICU-2208-0047 fw=2.18.3
2026-06-14T00:00:09Z [USER_LOGOUT] user=SYSTEM serial=MV7-ICU-2208-0047 fw=2.18.3
2026-06-14T00:00:36Z [ALARM_TEST_PASS] user=RN_PATEL serial=MV7-ICU-2208-0047 fw=2.18.3
2026-06-14T00:00:55Z [USER_LOGIN] user=RN_PATEL serial=MV7-ICU-2208-0047 fw=2.18.3
2026-06-14T00:00:57Z [PARAM_CHANGE] user=RN_CHEN serial=MV7-ICU-2208-0047 fw=2.18.3
2026-06-14T00:00:05Z [PARAM_CHANGE] user=RN_PATEL serial=MV7-ICU-2208-0047 fw=2.18.3
2026-06-14T00:00:21Z [DRUG_PROFILE_LOAD] user=RN_PATEL serial=MV7-ICU-2208-0047 fw=2.18.3
2026-06-14T00:00:04Z [CALIBRATION_OK] user=BIOENG_MARTIN serial=MV7-ICU-2208-0047 fw=2.18.3
2026-06-14T00:00:04Z [DRUG_PROFILE_LOAD] user=RN_OKONKWO serial=MV7-ICU-2208-0047 fw=2.18.3
2026-06-14T00:00:12Z [NETWORK_SYNC] user=BIOENG_MARTIN serial=MV7-ICU-2208-0047 fw=2.18.3
2026-06-14T00:00:58Z [NETWORK_SYNC] user=BIOENG_MARTIN serial=MV7-ICU-2208-0047 fw=2.18.3
2026-06-14T00:00:07Z [BATTERY_CHECK] user=RN_CHEN serial=MV7-ICU-2208-0047 fw=2.18.3
2026-06-14T00:00:08Z [CALIBRATION_OK] user=BIOENG_MARTIN serial=MV7-ICU-2208-0047 fw=2.18.3
2026-06-14T00:00:22Z [USER_LOGIN] user=BIOENG_MARTIN serial=MV7-ICU-2208-0047 fw=2.18.3
2026-06-14T00:00:56Z [CALIBRATION_OK] user=RN_OKONKWO serial=MV7-ICU-2208-0047 fw=2.18.3
2026-06-14T00:00:09Z [ALARM_TEST_PASS] user=RN_PATEL serial=MV7-ICU-2208-0047 fw=2.18.3
2026-06-14T00:00:50Z [PM_CHECK_PASS] user=RN_CHEN serial=MV7-ICU-2208-0047 fw=2.18.3
2026-06-14T00:00:10Z [DRUG_PROFILE_LOAD] user=RN_PATEL serial=MV7-ICU-2208-0047 fw=2.18.3
2026-06-14T00:00:12Z [NETWORK_SYNC] user=RN_PATEL serial=MV7-ICU-2208-0047 fw=2.18.3
2026-06-14T00:00:39Z [CALIBRATION_OK] user=RN_PATEL serial=MV7-ICU-2208-0047 fw=2.18.3
2026-06-14T00:00:31Z [PM_CHECK_PASS] user=RN_CHEN serial=MV7-ICU-2208-0047 fw=2.18.3
2026-06-14T00:00:15Z [CALIBRATION_OK] user=RN_PATEL serial=MV7-ICU-2208-0047 fw=2.18.3
2026-06-14T00:00:22Z [DRUG_PROFILE_LOAD] user=RN_PATEL serial=MV7-ICU-2208-0047 fw=2.18.3
2026-06-14T00:00:10Z [CALIBRATION_OK] user=RN_OKONKWO serial=MV7-ICU-2208-0047 fw=2.18.3
2026-06-14T00:00:59Z [USER_LOGOUT] user=RN_CHEN serial=MV7-ICU-2208-0047 fw=2.18.3
2026-06-14T00:00:49Z [ALARM_TEST_PASS] user=RN_PATEL serial=MV7-ICU-2208-0047 fw=2.18.3
2026-06-14T00:00:54Z [ALARM_TEST_PASS] user=RN_CHEN serial=MV7-ICU-2208-0047 fw=2.18.3
2026-06-14T00:00:25Z [CALIBRATION_OK] user=BIOENG_MARTIN serial=MV7-ICU-2208-0047 fw=2.18.3
2026-06-14T00:00:10Z [NETWORK_SYNC] user=SYSTEM serial=MV7-ICU-2208-0047 fw=2.18.3
2026-06-14T00:00:53Z [PM_CHECK_PASS] user=RN_PATEL serial=MV7-ICU-2208-0047 fw=2.18.3
2026-06-14T00:00:39Z [USER_LOGOUT] user=SYSTEM serial=MV7-ICU-2208-0047 fw=2.18.3
2026-06-14T00:00:58Z [USER_LOGOUT] user=SYSTEM serial=MV7-ICU-2208-0047 fw=2.18.3
2026-06-14T00:00:36Z [ALARM_TEST_PASS] user=BIOENG_MARTIN serial=MV7-ICU-2208-0047 fw=2.18.3
2026-06-14T00:00:54Z [DRUG_PROFILE_LOAD] user=SYSTEM serial=MV7-ICU-2208-0047 fw=2.18.3
2026-06-14T00:00:58Z [NETWORK_SYNC] user=BIOENG_MARTIN serial=MV7-ICU-2208-0047 fw=2.18.3
2026-06-14T00:00:53Z [BATTERY_CHECK] user=RN_CHEN serial=MV7-ICU-2208-0047 fw=2.18.3
2026-06-14T00:00:23Z [CALIBRATION_OK] user=RN_CHEN serial=MV7-ICU-2208-0047 fw=2.18.3
2026-06-14T00:00:04Z [USER_LOGOUT] user=SYSTEM serial=MV7-ICU-2208-0047 fw=2.18.3
2026-06-14T00:00:19Z [ALARM_TEST_PASS] user=RN_OKONKWO serial=MV7-ICU-2208-0047 fw=2.18.3
2026-06-14T00:00:45Z [PARAM_CHANGE] user=SYSTEM serial=MV7-ICU-2208-0047 fw=2.18.3
2026-06-14T00:00:22Z [FIRMWARE_VERIFIED] user=SYSTEM serial=MV7-ICU-2208-0047 fw=2.18.3
2026-06-14T00:00:21Z [BATTERY_CHECK] user=RN_CHEN serial=MV7-ICU-2208-0047 fw=2.18.3
2026-06-14T00:00:01Z [BATTERY_CHECK] user=RN_OKONKWO serial=MV7-ICU-2208-0047 fw=2.18.3
2026-06-14T00:00:58Z [DRUG_PROFILE_LOAD] user=RN_CHEN serial=MV7-ICU-2208-0047 fw=2.18.3
2026-06-14T00:00:52Z [CALIBRATION_OK] user=BIOENG_MARTIN serial=MV7-ICU-2208-0047 fw=2.18.3
2026-06-14T00:00:33Z [ALARM_TEST_PASS] user=BIOENG_MARTIN serial=MV7-ICU-2208-0047 fw=2.18.3
2026-06-14T00:00:42Z [DRUG_PROFILE_LOAD] user=RN_OKONKWO serial=MV7-ICU-2208-0047 fw=2.18.3
2026-06-14T00:00:03Z [DRUG_PROFILE_LOAD] user=SYSTEM serial=MV7-ICU-2208-0047 fw=2.18.3
2026-06-14T00:00:00Z [CALIBRATION_OK] user=RN_OKONKWO serial=MV7-ICU-2208-0047 fw=2.18.3
2026-06-14T00:00:02Z [USER_LOGIN] user=BIOENG_MARTIN serial=MV7-ICU-2208-0047 fw=2.18.3
2026-06-14T00:00:10Z [ALARM_TEST_PASS] user=RN_PATEL serial=MV7-ICU-2208-0047 fw=2.18.3
2026-06-14T00:00:15Z [DRUG_PROFILE_LOAD] user=RN_OKONKWO serial=MV7-ICU-2208-0047 fw=2.18.3
2026-06-14T00:00:58Z [USER_LOGOUT] user=BIOENG_MARTIN serial=MV7-ICU-2208-0047 fw=2.18.3
2026-06-14T00:00:49Z [PARAM_CHANGE] user=BIOENG_MARTIN serial=MV7-ICU-2208-0047 fw=2.18.3
2026-06-14T00:00:20Z [PM_CHECK_PASS] user=RN_PATEL serial=MV7-ICU-2208-0047 fw=2.18.3
2026-06-14T00:00:45Z [ALARM_TEST_PASS] user=RN_CHEN serial=MV7-ICU-2208-0047 fw=2.18.3
2026-06-14T00:00:06Z [CALIBRATION_OK] user=RN_OKONKWO serial=MV7-ICU-2208-0047 fw=2.18.3
2026-06-14T00:00:48Z [FIRMWARE_VERIFIED] user=BIOENG_MARTIN serial=MV7-ICU-2208-0047 fw=2.18.3
2026-06-14T00:00:30Z [DRUG_PROFILE_LOAD] user=RN_PATEL serial=MV7-ICU-2208-0047 fw=2.18.3
2026-06-14T00:00:11Z [PM_CHECK_PASS] user=RN_PATEL serial=MV7-ICU-2208-0047 fw=2.18.3
2026-06-14T00:00:44Z [USER_LOGIN] user=RN_OKONKWO serial=MV7-ICU-2208-0047 fw=2.18.3
2026-06-14T00:00:45Z [BATTERY_CHECK] user=RN_CHEN serial=MV7-ICU-2208-0047 fw=2.18.3
2026-06-14T00:00:58Z [PM_CHECK_PASS] user=RN_CHEN serial=MV7-ICU-2208-0047 fw=2.18.3
2026-06-14T00:00:38Z [USER_LOGOUT] user=BIOENG_MARTIN serial=MV7-ICU-2208-0047 fw=2.18.3
2026-06-14T00:00:17Z [CALIBRATION_OK] user=RN_CHEN serial=MV7-ICU-2208-0047 fw=2.18.3
2026-06-14T00:00:10Z [DRUG_PROFILE_LOAD] user=SYSTEM serial=MV7-ICU-2208-0047 fw=2.18.3
2026-06-14T00:00:46Z [BATTERY_CHECK] user=RN_OKONKWO serial=MV7-ICU-2208-0047 fw=2.18.3
2026-06-14T00:00:59Z [PM_CHECK_PASS] user=RN_OKONKWO serial=MV7-ICU-2208-0047 fw=2.18.3
2026-06-14T00:00:18Z [DRUG_PROFILE_LOAD] user=BIOENG_MARTIN serial=MV7-ICU-2208-0047 fw=2.18.3
2026-06-14T00:00:02Z [DRUG_PROFILE_LOAD] user=RN_PATEL serial=MV7-ICU-2208-0047 fw=2.18.3
2026-06-14T00:00:34Z [ALARM_TEST_PASS] user=SYSTEM serial=MV7-ICU-2208-0047 fw=2.18.3
2026-06-14T00:00:46Z [USER_LOGIN] user=RN_PATEL serial=MV7-ICU-2208-0047 fw=2.18.3
2026-06-14T00:00:54Z [NETWORK_SYNC] user=RN_OKONKWO serial=MV7-ICU-2208-0047 fw=2.18.3
2026-06-14T00:00:55Z [ALARM_TEST_PASS] user=SYSTEM serial=MV7-ICU-2208-0047 fw=2.18.3
2026-06-14T00:00:01Z [FIRMWARE_VERIFIED] user=RN_CHEN serial=MV7-ICU-2208-0047 fw=2.18.3
2026-06-14T00:00:16Z [CALIBRATION_OK] user=RN_OKONKWO serial=MV7-ICU-2208-0047 fw=2.18.3
2026-06-14T00:00:39Z [USER_LOGOUT] user=RN_CHEN serial=MV7-ICU-2208-0047 fw=2.18.3
2026-06-14T00:00:56Z [ALARM_TEST_PASS] user=RN_PATEL serial=MV7-ICU-2208-0047 fw=2.18.3
2026-06-14T00:00:53Z [PM_CHECK_PASS] user=RN_OKONKWO serial=MV7-ICU-2208-0047 fw=2.18.3
2026-06-14T00:00:10Z [ALARM_TEST_PASS] user=RN_OKONKWO serial=MV7-ICU-2208-0047 fw=2.18.3
2026-06-14T00:00:46Z [FIRMWARE_VERIFIED] user=RN_PATEL serial=MV7-ICU-2208-0047 fw=2.18.3
2026-06-14T00:00:09Z [DRUG_PROFILE_LOAD] user=RN_PATEL serial=MV7-ICU-2208-0047 fw=2.18.3
2026-06-14T00:00:25Z [NETWORK_SYNC] user=SYSTEM serial=MV7-ICU-2208-0047 fw=2.18.3
2026-06-14T00:00:27Z [DRUG_PROFILE_LOAD] user=RN_CHEN serial=MV7-ICU-2208-0047 fw=2.18.3
2026-06-14T00:00:45Z [PARAM_CHANGE] user=RN_OKONKWO serial=MV7-ICU-2208-0047 fw=2.18.3
2026-06-14T00:00:35Z [CALIBRATION_OK] user=SYSTEM serial=MV7-ICU-2208-0047 fw=2.18.3
2026-06-14T00:00:26Z [USER_LOGIN] user=BIOENG_MARTIN serial=MV7-ICU-2208-0047 fw=2.18.3
2026-06-14T00:00:54Z [PARAM_CHANGE] user=BIOENG_MARTIN serial=MV7-ICU-2208-0047 fw=2.18.3
2026-06-14T00:00:14Z [NETWORK_SYNC] user=RN_CHEN serial=MV7-ICU-2208-0047 fw=2.18.3
2026-06-14T00:00:59Z [PARAM_CHANGE] user=BIOENG_MARTIN serial=MV7-ICU-2208-0047 fw=2.18.3
2026-06-14T00:00:13Z [CALIBRATION_OK] user=BIOENG_MARTIN serial=MV7-ICU-2208-0047 fw=2.18.3
2026-06-14T00:00:44Z [USER_LOGOUT] user=RN_PATEL serial=MV7-ICU-2208-0047 fw=2.18.3
2026-06-14T00:00:18Z [USER_LOGIN] user=RN_CHEN serial=MV7-ICU-2208-0047 fw=2.18.3
2026-06-14T00:00:10Z [BATTERY_CHECK] user=RN_CHEN serial=MV7-ICU-2208-0047 fw=2.18.3
2026-06-14T00:00:45Z [USER_LOGIN] user=RN_CHEN serial=MV7-ICU-2208-0047 fw=2.18.3
2026-06-14T00:00:30Z [NETWORK_SYNC] user=RN_PATEL serial=MV7-ICU-2208-0047 fw=2.18.3
2026-06-14T00:00:22Z [CALIBRATION_OK] user=SYSTEM serial=MV7-ICU-2208-0047 fw=2.18.3
2026-06-14T00:00:53Z [USER_LOGOUT] user=RN_PATEL serial=MV7-ICU-2208-0047 fw=2.18.3
