review_id,platform,review_date,star_rating,reviewer_handle,reviewer_account_age_days,review_text_length,verified_purchase,num_helpful_votes,num_not_helpful_votes,suspected_violation_type,violation_confidence,violation_evidence,action_taken,action_date,penalty_exposure_usd,investigated_by,investigation_date,outcome,outcome_date,appeal_filed,notes,ip_cluster_id,device_type,country,state,review_source_type,contains_brand_comparison,contains_health_claim,health_claim_type,review_sentiment_score,verified_reviewer_age_months
SREV-0001,CVS.com,2024-12-25,4,customer_40261,3425,210,No,44,7,"§465.2 — Review claims product cures disease (false representation)",HIGH,"Pattern analysis + IP correlation","External counsel notified",2024-12-28,51744,Casey Park,2024-12-28,"No violation confirmed",2024-12-28,No,"Doctor-Formulated claim context analysis",CL-8240,Mobile,US,CO,organic,No,No,N/A,0.239,114
SREV-0002,Reddit,2024-12-01,3,customer_73558,3233,729,No,42,12,"None",N/A,"N/A","No action",2024-12-06,0,Alex Rivera (Ext.),2024-12-08,"No violation confirmed",2024-12-15,No,"Third-party platform audit",N/A,Unknown,US,NY,unknown,No,Yes,general_wellness,-0.022,107
SREV-0003,TikTok Comment,2024-12-23,3,customer_83462,3034,694,Yes,26,10,"None",N/A,"N/A","No action",2024-12-28,0,Jordan Ellis,2024-12-28,"No violation confirmed",2024-12-28,No,"Biodegradable claim review",N/A,Unknown,US,MA,invited,No,Yes,N/A,0.989,101
SREV-0004,Yelp,2024-12-21,5,customer_68368,2411,762,Yes,26,8,"None",N/A,"N/A","No action",2024-12-26,0,Alex Rivera (Ext.),2024-12-28,"No violation confirmed",2024-12-28,No,"Biodegradable claim review",N/A,Unknown,US,CA,unknown,No,No,N/A,-0.426,80
SREV-0005,Google Reviews,2024-11-16,5,customer_54825,1772,87,No,30,5,"None",N/A,"N/A","No action",2024-12-21,0,Jordan Ellis,2024-12-23,"No violation confirmed",2024-12-28,No,"Supplemental review audit (Update 2 batch)",N/A,Desktop,US,PA,invited,No,No,N/A,-0.631,59
SREV-0006,Google Reviews,2024-12-24,5,customer_16617,2627,747,Yes,1,7,"None",N/A,"N/A","No action",2024-12-28,0,Casey Park,2024-12-28,"No violation confirmed",2024-12-28,No,"Third-party platform audit",N/A,Unknown,US,TX,organic,No,Yes,general_wellness,-0.13,87
SREV-0007,Instagram Review,2024-10-24,4,customer_96422,2460,782,No,0,6,"None",N/A,"N/A","No action",2024-11-28,0,Casey Park,2024-11-28,"No violation confirmed",2024-12-28,No,"Post-launch monitoring wave 1",N/A,Mobile,US,IL,incentivized,Yes,No,N/A,-0.462,82
SREV-0008,Trustpilot,2025-02-09,3,customer_69772,2177,838,Yes,11,10,"None",N/A,"N/A","No action",2025-03-14,0,Casey Park,2025-03-16,"No violation confirmed",2025-04-23,No,"Biodegradable claim review",N/A,Unknown,US,PA,organic,No,Yes,N/A,-0.157,72
SREV-0009,Google Reviews,2024-10-23,1,customer_60777,2553,336,Yes,2,0,"None",N/A,"N/A","No action",2024-11-28,0,Jordan Ellis,2024-11-28,"No violation confirmed",2024-12-28,No,"Post-launch monitoring wave 1",N/A,Tablet,UK,NY,incentivized,No,No,N/A,-0.745,85
SREV-0010,CVS.com,2024-11-20,4,customer_57161,2268,633,No,11,3,"None",N/A,"N/A","No action",2024-12-25,0,Jordan Ellis,2024-12-27,"No violation confirmed",2024-12-28,Yes,"Biodegradable claim review",N/A,Desktop,US,WA,incentivized,Yes,Yes,digestive,0.747,75
SREV-0011,iHerb,2024-11-04,4,customer_34806,879,771,No,43,10,"None",N/A,"N/A","No action",2024-12-09,0,Casey Park,2024-12-11,"No violation confirmed",2024-12-18,No,"Doctor-Formulated claim context analysis",N/A,Tablet,US,WA,organic,No,Yes,immune,-0.914,29
SREV-0012,Walmart.com,2024-12-16,1,customer_90953,3454,669,Yes,30,7,"§465.2 — Suspected fake review (AI-generated text pattern)",HIGH,"Pattern analysis + IP correlation","Legal hold",2024-12-21,51744,Alex Rivera (Ext.),2024-12-23,"No violation confirmed",2024-12-28,No,"Supplemental review audit (Update 2 batch)",CL-7209,Unknown,US,IL,unknown,Yes,No,N/A,0.891,115
SREV-0013,Instagram Review,2024-12-20,3,customer_92953,508,365,Yes,7,0,"None",N/A,"N/A","No action",2024-12-25,0,Jordan Ellis,2024-12-27,"No violation confirmed",2024-12-28,No,"Post-launch monitoring wave 1",N/A,Tablet,US,TX,organic,No,Yes,N/A,-0.339,16
SREV-0014,Costco.com,2025-03-15,5,customer_11041,1712,354,Yes,5,6,"None",N/A,"N/A","No action",2025-04-20,0,Jordan Ellis,2025-04-22,"No violation confirmed",2025-05-28,No,"Supplemental review audit (Update 2 batch)",N/A,Mobile,US,MA,incentivized,No,No,N/A,-0.809,57
SREV-0015,Vitacore.com,2025-02-10,3,customer_94220,844,838,Yes,31,8,"§465.2 — Suspected fake review (AI-generated text pattern)",HIGH,"Pattern analysis + IP correlation","Review removed (with cause)",2025-03-15,51744,Alex Rivera (Ext.),2025-03-17,"Training triggered",2025-04-24,No,"Third-party platform audit",CL-9416,Mobile,US,FL,organic,Yes,No,N/A,-0.554,28
SREV-0016,TikTok Comment,2024-12-14,1,customer_26796,888,329,Yes,26,12,"§465.3 — Family member of employee (immediate family disclosure required)",HIGH,"Pattern analysis + IP correlation","Consent order monitoring",2024-12-19,51744,Casey Park,2024-12-21,"Disclosure added",2024-12-28,No,"Biodegradable claim review",CL-5061,Desktop,US,MA,organic,No,No,N/A,-0.196,29
SREV-0017,CVS.com,2024-11-14,4,customer_37314,2918,776,Yes,24,5,"None",N/A,"N/A","No action",2024-12-19,0,Jordan Ellis,2024-12-21,"No violation confirmed",2024-12-28,No,"Doctor-Formulated claim context analysis",N/A,Tablet,US,WA,incentivized,No,Yes,N/A,-0.585,97
SREV-0018,Reddit,2024-10-11,5,customer_47346,2285,390,Yes,38,7,"§465.3 — Insider review (employee account detected)",MEDIUM,"Pattern analysis + IP correlation","Review removed (with cause)",2024-11-16,51744,Alex Rivera (Ext.),2024-11-18,"Settlement negotiated",2024-12-25,No,"Supplemental review audit (Update 2 batch)",CL-4119,Tablet,US,NY,invited,Yes,Yes,immune,-0.921,76
SREV-0019,Google Reviews,2025-03-28,5,customer_80869,1081,163,No,28,8,"None",N/A,"N/A","No action",2025-04-28,0,Sarah Chen,2025-04-28,"No violation confirmed",2025-05-28,No,"Post-launch monitoring wave 1",N/A,Tablet,US,GA,incentivized,No,No,N/A,-0.509,36
SREV-0020,Vitacore.com,2025-01-27,5,customer_31718,3034,303,Yes,45,8,"None",N/A,"N/A","No action",2025-02-28,0,Casey Park,2025-02-28,"No violation confirmed",2025-03-28,No,"Supplemental review audit (Update 2 batch)",N/A,Tablet,US,MA,incentivized,No,Yes,N/A,0.223,101
SREV-0021,Whole Foods,2025-03-27,5,customer_24912,307,740,Yes,28,6,"§465.6 — Review suppression candidate (negative review hidden)",MEDIUM,"Pattern analysis + IP correlation","External counsel notified",2025-04-28,51744,Casey Park,2025-04-28,"Disclosure added",2025-05-28,No,"Post-launch monitoring wave 1",CL-7064,Desktop,US,PA,incentivized,No,No,N/A,0.014,10
SREV-0022,Costco.com,2024-11-09,4,customer_98214,2874,747,Yes,45,10,"§465.6 — Review suppression candidate (negative review hidden)",MEDIUM,"Pattern analysis + IP correlation","Investigation opened",2024-12-14,51744,Alex Rivera (Ext.),2024-12-16,"Referral to enforcement",2024-12-23,No,"Post-launch monitoring wave 1",CL-1207,Tablet,US,WA,unknown,No,No,N/A,0.989,95
SREV-0023,Trustpilot,2024-12-08,4,customer_42067,2406,113,No,1,1,"§465.3 — Insider review (employee account detected)",MEDIUM,"Pattern analysis + IP correlation","Escalated to CCO",2024-12-13,51744,Casey Park,2024-12-15,"Disclosure added",2024-12-22,No,"Third-party platform audit",CL-5944,Desktop,US,CA,unknown,No,Yes,digestive,-0.496,80
SREV-0024,Google Reviews,2024-10-26,5,customer_47497,2899,674,Yes,45,3,"None",N/A,"N/A","No action",2024-11-28,0,Alex Rivera (Ext.),2024-11-28,"No violation confirmed",2024-12-28,No,"External counsel review triggered",N/A,Tablet,US,FL,organic,No,Yes,N/A,0.822,96
SREV-0025,Facebook,2024-10-24,1,customer_20773,844,476,No,20,11,"§465.2 — Review claims product cures disease (false representation)",MEDIUM,"Pattern analysis + IP correlation","Escalated to CCO",2024-11-28,51744,Casey Park,2024-11-28,"Monitoring ongoing",2024-12-28,No,"Post-launch monitoring wave 1",CL-6980,Tablet,US,TX,invited,Yes,Yes,immune,-0.695,28
SREV-0026,Chewy,2024-10-08,3,customer_69096,1661,292,Yes,36,12,"§465.7 — Reviewer reports legal threat received",MEDIUM,"Pattern analysis + IP correlation","Consent order monitoring",2024-11-13,51744,Jordan Ellis,2024-11-15,"Referral to enforcement",2024-12-22,No,"Biodegradable claim review",CL-5657,Mobile,US,PA,incentivized,Yes,No,N/A,-0.558,55
SREV-0027,iHerb,2025-03-02,5,customer_64095,2778,301,Yes,19,12,"None",N/A,"N/A","No action",2025-04-07,0,Alex Rivera (Ext.),2025-04-09,"No violation confirmed",2025-05-16,No,"Supplemental review audit (Update 2 batch)",N/A,Unknown,US,MA,organic,Yes,No,N/A,0.867,92
SREV-0028,Reddit,2025-01-07,5,customer_19698,268,54,Yes,24,1,"§465.7 — Reviewer reports legal threat received",HIGH,"Pattern analysis + IP correlation","Legal hold",2025-02-12,51744,Sarah Chen,2025-02-14,"Disclosure added",2025-03-21,No,"Post-launch monitoring wave 1",CL-4753,Tablet,US,IL,incentivized,No,Yes,N/A,0.59,8
SREV-0029,YouTube Comment,2024-12-22,3,customer_80086,3312,448,No,1,4,"§465.3 — Insider review (employee account detected)",MEDIUM,"Pattern analysis + IP correlation","Consent order monitoring",2024-12-27,51744,Alex Rivera (Ext.),2024-12-28,"Platform notified",2024-12-28,No,"Doctor-Formulated claim context analysis",CL-3448,Unknown,US,N/A,organic,No,No,N/A,-0.077,110
SREV-0030,iHerb,2024-10-08,5,customer_98991,3166,806,No,9,9,"None",N/A,"N/A","No action",2024-11-13,0,Jordan Ellis,2024-11-15,"No violation confirmed",2024-12-22,No,"External counsel review triggered",N/A,Unknown,US,NY,organic,No,No,N/A,0.431,105
SREV-0031,Amazon,2025-03-03,5,customer_64233,1549,346,Yes,16,2,"None",N/A,"N/A","No action",2025-04-08,0,Jordan Ellis,2025-04-10,"No violation confirmed",2025-05-17,No,"External counsel review triggered",N/A,Mobile,US,PA,incentivized,Yes,No,N/A,0.542,51
SREV-0032,Chewy,2025-03-11,4,customer_75072,3529,693,Yes,41,10,"None",N/A,"N/A","No action",2025-04-16,0,Sarah Chen,2025-04-18,"No violation confirmed",2025-05-25,No,"Supplemental review audit (Update 2 batch)",N/A,Desktop,US,TX,organic,No,Yes,N/A,-0.207,117
SREV-0033,Facebook,2024-11-16,2,customer_73422,971,558,Yes,31,9,"None",N/A,"N/A","No action",2024-12-21,0,Jordan Ellis,2024-12-23,"No violation confirmed",2024-12-28,No,"Employee review sweep",N/A,Desktop,US,IL,unknown,Yes,No,N/A,-0.352,32
SREV-0034,iHerb,2024-10-25,1,customer_68477,3186,277,Yes,22,4,"None",N/A,"N/A","No action",2024-11-28,0,Jordan Ellis,2024-11-28,"No violation confirmed",2024-12-28,No,"Biodegradable claim review",N/A,Mobile,US,FL,organic,No,No,N/A,-0.88,106
SREV-0035,TikTok Comment,2024-10-03,3,customer_66189,587,99,Yes,0,4,"§465.2 — Review claims product cures disease (false representation)",HIGH,"Pattern analysis + IP correlation","FTC voluntary disclosure prepared",2024-11-08,51744,Jordan Ellis,2024-11-10,"Review removed",2024-12-17,No,"External counsel review triggered",CL-7586,Desktop,US,NY,organic,No,Yes,digestive,-0.738,19
SREV-0036,YouTube Comment,2024-10-23,4,customer_41041,2636,265,No,38,3,"§465.6 — Review suppression candidate (negative review hidden)",MEDIUM,"Pattern analysis + IP correlation","External counsel notified",2024-11-28,51744,Sarah Chen,2024-11-28,"Monitoring ongoing",2024-12-28,No,"Post-launch monitoring wave 1",CL-8864,Tablet,US,TX,incentivized,No,No,N/A,0.923,87
SREV-0037,Amazon,2025-01-10,5,customer_23330,859,529,Yes,6,3,"§465.3 — Family member of employee (immediate family disclosure required)",MEDIUM,"Pattern analysis + IP correlation","Legal hold",2025-02-15,51744,Alex Rivera (Ext.),2025-02-17,"Training triggered",2025-03-24,No,"External counsel review triggered",CL-8145,Desktop,CA,WA,incentivized,No,No,N/A,-0.321,28
SREV-0038,Trustpilot,2025-03-01,5,customer_72444,545,205,Yes,21,12,"None",N/A,"N/A","No action",2025-04-06,0,Sarah Chen,2025-04-08,"No violation confirmed",2025-05-15,No,"External counsel review triggered",N/A,Unknown,US,FL,unknown,Yes,Yes,N/A,0.576,18
SREV-0039,Walmart.com,2024-11-13,4,customer_40410,2987,134,Yes,44,2,"§465.3 — Insider review (employee account detected)",HIGH,"Pattern analysis + IP correlation","FTC voluntary disclosure prepared",2024-12-18,51744,Sarah Chen,2024-12-20,"Violation confirmed",2024-12-27,No,"Employee review sweep",CL-4559,Mobile,US,TX,organic,No,No,N/A,0.827,99
SREV-0040,CVS.com,2024-11-04,5,customer_55739,3194,703,Yes,39,3,"None",N/A,"N/A","No action",2024-12-09,0,Casey Park,2024-12-11,"No violation confirmed",2024-12-18,No,"Third-party platform audit",N/A,Tablet,UK,WA,incentivized,No,Yes,N/A,-0.589,106
SREV-0041,Costco.com,2025-02-20,5,customer_10124,1362,548,Yes,5,0,"None",N/A,"N/A","No action",2025-03-25,0,Sarah Chen,2025-03-27,"No violation confirmed",2025-04-28,No,"Doctor-Formulated claim context analysis",N/A,Desktop,US,CA,organic,No,Yes,N/A,0.723,45
SREV-0042,Google Reviews,2024-12-19,2,customer_24926,2210,467,Yes,30,1,"None",N/A,"N/A","No action",2024-12-24,0,Jordan Ellis,2024-12-26,"No violation confirmed",2024-12-28,No,"Supplemental review audit (Update 2 batch)",N/A,Tablet,AU,IL,invited,No,Yes,general_wellness,-0.343,73
SREV-0043,TikTok Comment,2024-12-06,5,customer_39457,1952,271,No,19,6,"None",N/A,"N/A","No action",2024-12-11,0,Sarah Chen,2024-12-13,"No violation confirmed",2024-12-20,No,"Supplemental review audit (Update 2 batch)",N/A,Unknown,US,N/A,organic,No,Yes,general_wellness,0.984,65
SREV-0044,Yelp,2024-11-12,4,customer_91412,673,74,Yes,40,10,"None",N/A,"N/A","No action",2024-12-17,0,Casey Park,2024-12-19,"No violation confirmed",2024-12-26,No,"Third-party platform audit",N/A,Tablet,US,GA,unknown,Yes,No,N/A,0.037,22
SREV-0045,Vitacore.com,2024-12-18,3,customer_53241,449,270,Yes,13,2,"§465.4 — Company-controlled review site not disclosed",MEDIUM,"Pattern analysis + IP correlation","Review removed (with cause)",2024-12-23,51744,Sarah Chen,2024-12-25,"Disclosure added",2024-12-28,No,"External counsel review triggered",CL-1925,Tablet,US,WA,organic,Yes,Yes,digestive,-0.772,14
SREV-0046,Reddit,2024-10-26,5,customer_76424,712,652,Yes,40,12,"None",N/A,"N/A","No action",2024-11-28,0,Casey Park,2024-11-28,"No violation confirmed",2024-12-28,No,"Employee review sweep",N/A,Mobile,US,NY,organic,Yes,No,N/A,0.132,23
SREV-0047,Google Reviews,2024-11-24,5,customer_37995,337,90,Yes,30,0,"None",N/A,"N/A","No action",2024-12-28,0,Sarah Chen,2024-12-28,"No violation confirmed",2024-12-28,No,"Third-party platform audit",N/A,Unknown,CA,TX,organic,No,No,N/A,0.983,11
SREV-0048,Whole Foods,2024-11-23,4,customer_75666,977,504,Yes,43,9,"§465.6 — Review suppression candidate (negative review hidden)",HIGH,"Pattern analysis + IP correlation","Consent order monitoring",2024-12-28,51744,Sarah Chen,2024-12-28,"No violation confirmed",2024-12-28,No,"Supplemental review audit (Update 2 batch)",CL-7427,Tablet,UK,NY,invited,No,No,N/A,-0.096,32
SREV-0049,YouTube Comment,2024-12-23,2,customer_79085,1368,547,Yes,36,9,"None",N/A,"N/A","No action",2024-12-28,0,Alex Rivera (Ext.),2024-12-28,"No violation confirmed",2024-12-28,No,"Supplemental review audit (Update 2 batch)",N/A,Mobile,US,CA,unknown,No,Yes,digestive,0.718,45
SREV-0050,Amazon,2024-11-15,5,customer_24851,1321,416,No,40,11,"§465.7 — Reviewer reports legal threat received",HIGH,"Pattern analysis + IP correlation","Platform reported",2024-12-20,51744,Alex Rivera (Ext.),2024-12-22,"Training triggered",2024-12-28,Yes,"Biodegradable claim review",CL-2756,Tablet,US,CO,invited,No,No,N/A,0.741,44
SREV-0051,Costco.com,2024-11-27,4,customer_98018,3332,440,Yes,21,0,"None",N/A,"N/A","No action",2024-12-28,0,Jordan Ellis,2024-12-28,"No violation confirmed",2024-12-28,No,"External counsel review triggered",N/A,Desktop,US,IL,organic,Yes,Yes,N/A,-0.07,111
SREV-0052,Trustpilot,2024-12-12,5,customer_30301,2816,443,Yes,1,12,"None",N/A,"N/A","No action",2024-12-17,0,Jordan Ellis,2024-12-19,"No violation confirmed",2024-12-26,No,"External counsel review triggered",N/A,Tablet,US,CO,unknown,No,Yes,N/A,-0.455,93
SREV-0053,TikTok Comment,2025-03-10,5,customer_99042,55,502,Yes,25,10,"None",N/A,"N/A","No action",2025-04-15,0,Alex Rivera (Ext.),2025-04-17,"No violation confirmed",2025-05-24,No,"Employee review sweep",N/A,Unknown,US,IL,organic,No,No,N/A,-0.419,1
SREV-0054,TikTok Comment,2024-10-25,4,customer_88195,3287,677,Yes,17,8,"None",N/A,"N/A","No action",2024-11-28,0,Alex Rivera (Ext.),2024-11-28,"No violation confirmed",2024-12-28,No,"Employee review sweep",N/A,Desktop,US,WA,organic,No,No,N/A,0.976,109
SREV-0055,CVS.com,2024-12-01,5,customer_96867,2456,441,No,32,11,"§465.3 — Insider review (employee account detected)",HIGH,"Pattern analysis + IP correlation","FTC voluntary disclosure prepared",2024-12-06,51744,Sarah Chen,2024-12-08,"Monitoring ongoing",2024-12-15,No,"Employee review sweep",CL-3969,Tablet,AU,GA,incentivized,No,Yes,digestive,0.332,81
SREV-0056,TikTok Comment,2024-10-04,4,customer_50145,502,425,No,8,6,"None",N/A,"N/A","No action",2024-11-09,0,Casey Park,2024-11-11,"No violation confirmed",2024-12-18,No,"Employee review sweep",N/A,Desktop,US,IL,organic,Yes,Yes,general_wellness,0.237,16
SREV-0057,Chewy,2024-12-26,1,customer_50285,2458,204,No,34,8,"None",N/A,"N/A","No action",2024-12-28,0,Sarah Chen,2024-12-28,"No violation confirmed",2024-12-28,No,"Employee review sweep",N/A,Desktop,US,N/A,organic,No,No,N/A,-0.272,81
SREV-0058,Sprouts,2025-03-03,1,customer_37554,609,396,Yes,18,12,"None",N/A,"N/A","No action",2025-04-08,0,Jordan Ellis,2025-04-10,"No violation confirmed",2025-05-17,No,"Post-launch monitoring wave 1",N/A,Tablet,US,CA,unknown,No,Yes,digestive,-0.139,20
SREV-0059,Vitacore.com,2024-10-04,1,customer_30301,70,457,Yes,29,3,"None",N/A,"N/A","No action",2024-11-09,0,Jordan Ellis,2024-11-11,"No violation confirmed",2024-12-18,No,"Supplemental review audit (Update 2 batch)",N/A,Unknown,US,IL,invited,No,No,N/A,-0.119,2
SREV-0060,Sprouts,2024-10-28,4,customer_40784,246,715,Yes,45,6,"None",N/A,"N/A","No action",2024-11-28,0,Jordan Ellis,2024-11-28,"No violation confirmed",2024-12-28,No,"Biodegradable claim review",N/A,Desktop,US,CA,unknown,Yes,No,N/A,-0.318,8
SREV-0061,Yelp,2024-11-23,5,customer_36918,517,748,Yes,6,3,"None",N/A,"N/A","No action",2024-12-28,0,Casey Park,2024-12-28,"No violation confirmed",2024-12-28,No,"External counsel review triggered",N/A,Tablet,US,CA,organic,Yes,Yes,N/A,-0.048,17
SREV-0062,YouTube Comment,2024-12-11,3,customer_89788,161,768,No,27,11,"None",N/A,"N/A","No action",2024-12-16,0,Alex Rivera (Ext.),2024-12-18,"No violation confirmed",2024-12-25,No,"Post-launch monitoring wave 1",N/A,Unknown,US,FL,organic,No,No,N/A,0.328,5
SREV-0063,Walmart.com,2024-10-07,5,customer_74104,1827,726,Yes,3,6,"None",N/A,"N/A","No action",2024-11-12,0,Casey Park,2024-11-14,"No violation confirmed",2024-12-21,No,"Supplemental review audit (Update 2 batch)",N/A,Unknown,US,MA,unknown,No,No,N/A,-0.28,60
SREV-0064,Reddit,2024-12-03,5,customer_98324,2736,267,Yes,42,4,"None",N/A,"N/A","No action",2024-12-08,0,Jordan Ellis,2024-12-10,"No violation confirmed",2024-12-17,No,"External counsel review triggered",N/A,Unknown,US,N/A,organic,No,Yes,N/A,-0.475,91
SREV-0065,Walmart.com,2024-10-27,5,customer_39999,761,59,No,30,5,"§465.2 — Review claims product cures disease (false representation)",MEDIUM,"Pattern analysis + IP correlation","Platform reported",2024-11-28,51744,Jordan Ellis,2024-11-28,"Settlement negotiated",2024-12-28,No,"Supplemental review audit (Update 2 batch)",CL-7968,Unknown,US,TX,organic,No,No,N/A,-0.734,25
SREV-0066,Costco.com,2024-10-25,1,customer_11808,597,579,No,0,12,"None",N/A,"N/A","No action",2024-11-28,0,Jordan Ellis,2024-11-28,"No violation confirmed",2024-12-28,No,"Employee review sweep",N/A,Desktop,US,N/A,organic,No,No,N/A,-0.457,19
SREV-0067,Costco.com,2024-12-12,5,customer_99420,192,215,Yes,27,4,"None",N/A,"N/A","No action",2024-12-17,0,Sarah Chen,2024-12-19,"No violation confirmed",2024-12-26,No,"External counsel review triggered",N/A,Unknown,US,CO,unknown,No,No,N/A,0.577,6
SREV-0068,Sprouts,2024-10-10,4,customer_79062,2696,440,Yes,41,7,"None",N/A,"N/A","No action",2024-11-15,0,Jordan Ellis,2024-11-17,"No violation confirmed",2024-12-24,No,"Biodegradable claim review",N/A,Mobile,US,IL,organic,No,Yes,N/A,-0.888,89
SREV-0069,YouTube Comment,2025-02-20,4,customer_15643,1184,569,Yes,6,2,"None",N/A,"N/A","No action",2025-03-25,0,Casey Park,2025-03-27,"No violation confirmed",2025-04-28,No,"Post-launch monitoring wave 1",N/A,Unknown,US,PA,unknown,No,No,N/A,0.548,39
SREV-0070,Amazon,2025-03-13,3,customer_81177,1011,401,No,10,10,"None",N/A,"N/A","No action",2025-04-18,0,Jordan Ellis,2025-04-20,"No violation confirmed",2025-05-27,Yes,"Third-party platform audit",N/A,Tablet,US,GA,organic,No,Yes,general_wellness,0.379,33
SREV-0071,CVS.com,2024-12-23,1,customer_78600,1827,834,No,30,4,"None",N/A,"N/A","No action",2024-12-28,0,Alex Rivera (Ext.),2024-12-28,"No violation confirmed",2024-12-28,No,"Biodegradable claim review",N/A,Desktop,US,CO,incentivized,No,Yes,general_wellness,-0.043,60
SREV-0072,Sprouts,2025-01-19,5,customer_20957,2468,764,Yes,5,9,"None",N/A,"N/A","No action",2025-02-24,0,Casey Park,2025-02-26,"No violation confirmed",2025-03-28,No,"Post-launch monitoring wave 1",N/A,Mobile,US,N/A,organic,Yes,Yes,immune,0.676,82
SREV-0073,Sprouts,2025-03-28,5,customer_89208,2230,703,No,27,11,"§465.2 — Suspected fake review (AI-generated text pattern)",HIGH,"Pattern analysis + IP correlation","Review removed (with cause)",2025-04-28,51744,Jordan Ellis,2025-04-28,"Training triggered",2025-05-28,No,"Doctor-Formulated claim context analysis",CL-1971,Desktop,US,CA,unknown,No,No,N/A,-0.599,74
SREV-0074,YouTube Comment,2025-03-14,5,customer_45708,144,647,No,12,10,"None",N/A,"N/A","No action",2025-04-19,0,Alex Rivera (Ext.),2025-04-21,"No violation confirmed",2025-05-28,No,"Supplemental review audit (Update 2 batch)",N/A,Unknown,US,GA,organic,No,Yes,N/A,0.712,4
SREV-0075,Google Reviews,2024-11-15,1,customer_86870,108,685,Yes,42,11,"None",N/A,"N/A","No action",2024-12-20,0,Alex Rivera (Ext.),2024-12-22,"No violation confirmed",2024-12-28,No,"Third-party platform audit",N/A,Mobile,US,FL,organic,No,No,N/A,0.956,3
SREV-0076,Reddit,2024-10-01,5,customer_19963,1942,62,Yes,2,7,"None",N/A,"N/A","No action",2024-11-06,0,Alex Rivera (Ext.),2024-11-08,"No violation confirmed",2024-12-15,No,"Third-party platform audit",N/A,Unknown,US,IL,invited,No,No,N/A,-0.432,64
SREV-0077,Yelp,2024-11-28,4,customer_85319,3217,108,Yes,41,2,"None",N/A,"N/A","No action",2024-12-28,0,Alex Rivera (Ext.),2024-12-28,"No violation confirmed",2024-12-28,No,"Biodegradable claim review",N/A,Unknown,US,IL,incentivized,Yes,No,N/A,-0.898,107
SREV-0078,Facebook,2024-11-02,4,customer_50091,2199,241,Yes,39,6,"§465.5 — Reviewer appears to be social media bot (fake account)",HIGH,"Pattern analysis + IP correlation","Review removed (with cause)",2024-12-07,51744,Sarah Chen,2024-12-09,"Training triggered",2024-12-16,No,"Biodegradable claim review",CL-4594,Unknown,US,N/A,organic,No,No,N/A,0.245,73
SREV-0079,YouTube Comment,2025-01-27,1,customer_67386,3214,112,No,38,8,"None",N/A,"N/A","No action",2025-02-28,0,Jordan Ellis,2025-02-28,"No violation confirmed",2025-03-28,No,"External counsel review triggered",N/A,Mobile,DE,IL,organic,No,No,N/A,-0.95,107
SREV-0080,Target.com,2025-01-21,3,customer_54934,1315,690,Yes,33,8,"§465.6 — Review suppression candidate (negative review hidden)",MEDIUM,"Pattern analysis + IP correlation","Investigation opened",2025-02-26,51744,Sarah Chen,2025-02-28,"Review removed",2025-03-28,No,"Supplemental review audit (Update 2 batch)",CL-2023,Tablet,US,CO,incentivized,No,No,N/A,0.481,43
SREV-0081,App Store,2024-11-01,5,customer_80967,2731,250,No,12,9,"§465.4 — Company-controlled review site not disclosed",HIGH,"Pattern analysis + IP correlation","Review removed (with cause)",2024-12-06,51744,Sarah Chen,2024-12-08,"Review removed",2024-12-15,No,"Employee review sweep",CL-5537,Desktop,US,MA,organic,No,No,N/A,0.877,91
SREV-0082,Sprouts,2025-01-21,2,customer_18952,2995,659,Yes,35,11,"None",N/A,"N/A","No action",2025-02-26,0,Jordan Ellis,2025-02-28,"No violation confirmed",2025-03-28,No,"Third-party platform audit",N/A,Tablet,US,N/A,incentivized,Yes,No,N/A,0.648,99
SREV-0083,Target.com,2024-11-17,3,customer_14622,775,360,Yes,12,7,"None",N/A,"N/A","No action",2024-12-22,0,Casey Park,2024-12-24,"No violation confirmed",2024-12-28,No,"Third-party platform audit",N/A,Desktop,US,N/A,unknown,No,Yes,general_wellness,0.798,25
SREV-0084,Target.com,2024-12-25,4,customer_38987,2988,597,No,22,0,"None",N/A,"N/A","No action",2024-12-28,0,Jordan Ellis,2024-12-28,"No violation confirmed",2024-12-28,No,"Supplemental review audit (Update 2 batch)",N/A,Unknown,US,IL,organic,Yes,No,N/A,0.798,99
SREV-0085,YouTube Comment,2024-12-05,5,customer_89886,2077,847,Yes,29,8,"§465.2 — Suspected fake review (AI-generated text pattern)",HIGH,"Pattern analysis + IP correlation","Platform reported",2024-12-10,51744,Jordan Ellis,2024-12-12,"Disclosure added",2024-12-19,No,"Doctor-Formulated claim context analysis",CL-3772,Mobile,CA,CA,incentivized,No,Yes,digestive,0.595,69
SREV-0086,Costco.com,2025-02-10,4,customer_11557,115,299,Yes,33,1,"None",N/A,"N/A","No action",2025-03-15,0,Sarah Chen,2025-03-17,"No violation confirmed",2025-04-24,No,"Third-party platform audit",N/A,Desktop,US,PA,unknown,No,No,N/A,0.655,3
SREV-0087,Amazon,2025-03-12,4,customer_74177,1345,628,Yes,9,11,"§465.7 — Reviewer reports legal threat received",HIGH,"Pattern analysis + IP correlation","Platform reported",2025-04-17,51744,Alex Rivera (Ext.),2025-04-19,"Review removed",2025-05-26,No,"Biodegradable claim review",CL-4748,Desktop,CA,MA,organic,Yes,Yes,N/A,-0.424,44
SREV-0088,Chewy,2024-10-22,5,customer_62564,2334,669,Yes,41,7,"None",N/A,"N/A","No action",2024-11-27,0,Casey Park,2024-11-28,"No violation confirmed",2024-12-28,No,"Doctor-Formulated claim context analysis",N/A,Tablet,UK,NY,invited,No,Yes,N/A,0.793,77
SREV-0089,Chewy,2025-03-12,5,customer_60647,228,129,No,26,1,"None",N/A,"N/A","No action",2025-04-17,0,Jordan Ellis,2025-04-19,"No violation confirmed",2025-05-26,No,"External counsel review triggered",N/A,Desktop,US,N/A,organic,No,Yes,N/A,-0.886,7
SREV-0090,Walmart.com,2025-01-17,5,customer_51387,3207,507,No,42,10,"§465.4 — Company-controlled review site not disclosed",HIGH,"Pattern analysis + IP correlation","Legal hold",2025-02-22,51744,Alex Rivera (Ext.),2025-02-24,"Monitoring ongoing",2025-03-28,No,"Supplemental review audit (Update 2 batch)",CL-2955,Unknown,US,TX,organic,No,No,N/A,0.958,106
SREV-0091,Costco.com,2024-11-17,1,customer_99375,2204,171,No,23,8,"None",N/A,"N/A","No action",2024-12-22,0,Jordan Ellis,2024-12-24,"No violation confirmed",2024-12-28,No,"Supplemental review audit (Update 2 batch)",N/A,Mobile,CA,N/A,organic,No,No,N/A,0.401,73
SREV-0092,Costco.com,2024-10-26,4,customer_12078,158,89,Yes,31,7,"None",N/A,"N/A","No action",2024-11-28,0,Alex Rivera (Ext.),2024-11-28,"No violation confirmed",2024-12-28,Yes,"Employee review sweep",N/A,Mobile,US,TX,organic,Yes,No,N/A,0.482,5
SREV-0093,App Store,2024-12-09,4,customer_50156,3372,250,Yes,1,8,"§465.2 — Review claims product cures disease (false representation)",MEDIUM,"Pattern analysis + IP correlation","External counsel notified",2024-12-14,51744,Sarah Chen,2024-12-16,"Platform notified",2024-12-23,No,"Doctor-Formulated claim context analysis",CL-7349,Mobile,US,FL,unknown,No,No,N/A,-0.611,112
SREV-0094,Vitacore.com,2024-12-22,4,customer_49905,1980,482,Yes,15,2,"§465.2 — Review paid for via third-party mill",HIGH,"Pattern analysis + IP correlation","Investigation opened",2024-12-27,51744,Alex Rivera (Ext.),2024-12-28,"No violation confirmed",2024-12-28,No,"Third-party platform audit",CL-7957,Desktop,US,FL,organic,No,No,N/A,-0.751,66
SREV-0095,iHerb,2025-01-15,4,customer_75518,1454,97,Yes,31,0,"None",N/A,"N/A","No action",2025-02-20,0,Jordan Ellis,2025-02-22,"No violation confirmed",2025-03-28,No,"Biodegradable claim review",N/A,Unknown,UK,GA,organic,No,Yes,N/A,0.71,48
SREV-0096,Instagram Review,2024-12-04,5,customer_18076,1813,358,Yes,35,9,"None",N/A,"N/A","No action",2024-12-09,0,Jordan Ellis,2024-12-11,"No violation confirmed",2024-12-18,No,"Supplemental review audit (Update 2 batch)",N/A,Unknown,US,CO,unknown,No,No,N/A,0.939,60
SREV-0097,Walmart.com,2024-10-15,5,customer_72129,1172,366,No,0,0,"None",N/A,"N/A","No action",2024-11-20,0,Alex Rivera (Ext.),2024-11-22,"No violation confirmed",2024-12-28,No,"Doctor-Formulated claim context analysis",N/A,Desktop,US,IL,organic,No,Yes,digestive,0.18,39
SREV-0098,Walmart.com,2025-01-04,1,customer_86674,228,577,No,30,3,"None",N/A,"N/A","No action",2025-02-09,0,Casey Park,2025-02-11,"No violation confirmed",2025-03-18,No,"Employee review sweep",N/A,Tablet,US,CO,organic,No,Yes,N/A,0.001,7
SREV-0099,TikTok Comment,2024-12-16,2,customer_15636,2562,514,Yes,20,9,"None",N/A,"N/A","No action",2024-12-21,0,Jordan Ellis,2024-12-23,"No violation confirmed",2024-12-28,No,"Post-launch monitoring wave 1",N/A,Tablet,US,GA,invited,No,No,N/A,0.018,85
SREV-0100,YouTube Comment,2024-12-13,3,customer_49264,3364,156,Yes,17,2,"None",N/A,"N/A","No action",2024-12-18,0,Alex Rivera (Ext.),2024-12-20,"No violation confirmed",2024-12-27,No,"Supplemental review audit (Update 2 batch)",N/A,Unknown,US,CO,unknown,No,Yes,N/A,0.94,112
SREV-0101,CVS.com,2024-10-20,5,customer_69965,1525,262,Yes,37,12,"None",N/A,"N/A","No action",2024-11-25,0,Alex Rivera (Ext.),2024-11-27,"No violation confirmed",2024-12-28,No,"External counsel review triggered",N/A,Tablet,US,TX,organic,Yes,No,N/A,-0.092,50
SREV-0102,Facebook,2025-03-26,5,customer_65290,508,639,Yes,37,10,"None",N/A,"N/A","No action",2025-04-28,0,Jordan Ellis,2025-04-28,"No violation confirmed",2025-05-28,No,"Biodegradable claim review",N/A,Tablet,CA,PA,invited,No,No,N/A,0.792,16
SREV-0103,Target.com,2024-10-27,2,customer_27973,2556,381,Yes,38,10,"None",N/A,"N/A","No action",2024-11-28,0,Casey Park,2024-11-28,"No violation confirmed",2024-12-28,No,"External counsel review triggered",N/A,Tablet,US,N/A,organic,Yes,No,N/A,-0.733,85
SREV-0104,Vitacore.com,2024-10-18,5,customer_64962,3375,786,Yes,26,2,"None",N/A,"N/A","No action",2024-11-23,0,Casey Park,2024-11-25,"No violation confirmed",2024-12-28,No,"Employee review sweep",N/A,Unknown,US,FL,organic,No,Yes,N/A,0.988,112
SREV-0105,CVS.com,2025-02-18,4,customer_97229,2602,175,Yes,6,12,"None",N/A,"N/A","No action",2025-03-23,0,Casey Park,2025-03-25,"No violation confirmed",2025-04-28,No,"Supplemental review audit (Update 2 batch)",N/A,Mobile,US,FL,invited,No,No,N/A,-0.877,86
SREV-0106,Facebook,2024-11-06,5,customer_43064,600,817,Yes,42,4,"None",N/A,"N/A","No action",2024-12-11,0,Alex Rivera (Ext.),2024-12-13,"No violation confirmed",2024-12-20,No,"External counsel review triggered",N/A,Desktop,AU,CO,unknown,No,No,N/A,-0.83,20
SREV-0107,Vitacore.com,2024-10-11,5,customer_29253,3644,516,No,29,5,"None",N/A,"N/A","No action",2024-11-16,0,Jordan Ellis,2024-11-18,"No violation confirmed",2024-12-25,Yes,"Supplemental review audit (Update 2 batch)",N/A,Mobile,US,IL,organic,Yes,Yes,digestive,-0.569,121
SREV-0108,CVS.com,2024-12-09,5,customer_48739,1645,560,Yes,33,12,"§465.3 — Insider review (employee account detected)",MEDIUM,"Pattern analysis + IP correlation","Investigation opened",2024-12-14,51744,Jordan Ellis,2024-12-16,"No violation confirmed",2024-12-23,No,"Third-party platform audit",CL-2688,Tablet,US,IL,incentivized,Yes,No,N/A,-0.353,54
SREV-0109,Twitter/X,2025-02-27,5,customer_84202,906,697,Yes,7,5,"§465.3 — Insider review (employee account detected)",MEDIUM,"Pattern analysis + IP correlation","Escalated to CCO",2025-03-28,51744,Alex Rivera (Ext.),2025-03-28,"Disclosure added",2025-04-28,No,"Third-party platform audit",CL-8669,Mobile,US,FL,organic,No,No,N/A,-0.226,30
SREV-0110,CVS.com,2024-11-06,5,customer_15201,1231,560,No,3,4,"§465.4 — Company-controlled review site not disclosed",HIGH,"Pattern analysis + IP correlation","No action",2024-12-11,51744,Casey Park,2024-12-13,"No violation confirmed",2024-12-20,No,"Post-launch monitoring wave 1",CL-8186,Unknown,US,TX,invited,No,Yes,N/A,-0.072,41
SREV-0111,Google Reviews,2024-12-15,2,customer_16664,962,98,Yes,30,4,"None",N/A,"N/A","No action",2024-12-20,0,Jordan Ellis,2024-12-22,"No violation confirmed",2024-12-28,No,"Employee review sweep",N/A,Mobile,US,GA,invited,No,No,N/A,0.561,32
SREV-0112,CVS.com,2024-11-19,5,customer_71669,2220,648,Yes,2,10,"§465.5 — Reviewer appears to be social media bot (fake account)",MEDIUM,"Pattern analysis + IP correlation","Legal hold",2024-12-24,51744,Jordan Ellis,2024-12-26,"Review removed",2024-12-28,No,"External counsel review triggered",CL-4733,Tablet,CA,PA,organic,Yes,No,N/A,-0.403,74
SREV-0113,Amazon,2024-12-09,4,customer_41007,1513,289,Yes,30,10,"None",N/A,"N/A","No action",2024-12-14,0,Sarah Chen,2024-12-16,"No violation confirmed",2024-12-23,No,"External counsel review triggered",N/A,Tablet,US,FL,organic,No,No,N/A,0.436,50
SREV-0114,Target.com,2024-11-24,4,customer_15514,2935,520,No,17,6,"§465.5 — Reviewer appears to be social media bot (fake account)",MEDIUM,"Pattern analysis + IP correlation","FTC voluntary disclosure prepared",2024-12-28,51744,Casey Park,2024-12-28,"Disclosure added",2024-12-28,No,"Post-launch monitoring wave 1",CL-1076,Mobile,US,WA,invited,Yes,Yes,general_wellness,0.177,97
SREV-0115,YouTube Comment,2025-03-26,5,customer_81503,573,209,No,32,10,"None",N/A,"N/A","No action",2025-04-28,0,Jordan Ellis,2025-04-28,"No violation confirmed",2025-05-28,No,"Post-launch monitoring wave 1",N/A,Tablet,US,NY,incentivized,No,No,N/A,0.151,19
SREV-0116,Target.com,2024-10-03,4,customer_51693,945,412,No,36,6,"None",N/A,"N/A","No action",2024-11-08,0,Casey Park,2024-11-10,"No violation confirmed",2024-12-17,No,"Doctor-Formulated claim context analysis",N/A,Unknown,US,GA,organic,No,Yes,general_wellness,0.103,31
SREV-0117,Google Reviews,2024-10-15,5,customer_45470,1837,693,Yes,20,5,"None",N/A,"N/A","No action",2024-11-20,0,Casey Park,2024-11-22,"No violation confirmed",2024-12-28,No,"Post-launch monitoring wave 1",N/A,Mobile,US,CA,invited,No,Yes,N/A,-0.587,61
SREV-0118,Sprouts,2025-02-13,5,customer_86753,1855,670,No,12,9,"None",N/A,"N/A","No action",2025-03-18,0,Sarah Chen,2025-03-20,"No violation confirmed",2025-04-27,No,"Post-launch monitoring wave 1",N/A,Tablet,US,N/A,organic,No,Yes,immune,-0.108,61
SREV-0119,Walmart.com,2025-01-02,4,customer_22360,808,635,No,25,8,"None",N/A,"N/A","No action",2025-02-07,0,Alex Rivera (Ext.),2025-02-09,"No violation confirmed",2025-03-16,No,"Post-launch monitoring wave 1",N/A,Unknown,AU,WA,organic,No,No,N/A,-0.295,26
SREV-0120,CVS.com,2024-10-15,4,customer_45991,1981,128,Yes,39,7,"§465.2 — Review claims product cures disease (false representation)",HIGH,"Pattern analysis + IP correlation","Platform reported",2024-11-20,51744,Jordan Ellis,2024-11-22,"Settlement negotiated",2024-12-28,No,"Biodegradable claim review",CL-5496,Unknown,US,MA,organic,No,No,N/A,-0.971,66
SREV-0121,YouTube Comment,2024-11-08,5,customer_75891,1083,460,Yes,34,8,"None",N/A,"N/A","No action",2024-12-13,0,Jordan Ellis,2024-12-15,"No violation confirmed",2024-12-22,Yes,"Doctor-Formulated claim context analysis",N/A,Mobile,UK,N/A,organic,No,Yes,N/A,-0.143,36
SREV-0122,Walmart.com,2025-02-14,4,customer_12830,389,140,Yes,45,8,"None",N/A,"N/A","No action",2025-03-19,0,Alex Rivera (Ext.),2025-03-21,"No violation confirmed",2025-04-28,No,"Post-launch monitoring wave 1",N/A,Unknown,US,WA,unknown,No,No,N/A,-0.043,12
SREV-0123,Walmart.com,2024-12-26,3,customer_45198,414,239,Yes,34,0,"None",N/A,"N/A","No action",2024-12-28,0,Alex Rivera (Ext.),2024-12-28,"No violation confirmed",2024-12-28,No,"Employee review sweep",N/A,Desktop,US,IL,organic,No,No,N/A,-0.989,13
SREV-0124,Trustpilot,2024-10-02,4,customer_51792,2090,103,Yes,45,2,"None",N/A,"N/A","No action",2024-11-07,0,Jordan Ellis,2024-11-09,"No violation confirmed",2024-12-16,No,"Third-party platform audit",N/A,Unknown,CA,MA,unknown,No,Yes,N/A,0.253,69
SREV-0125,Facebook,2025-02-27,1,customer_15222,3137,268,Yes,5,8,"None",N/A,"N/A","No action",2025-03-28,0,Casey Park,2025-03-28,"No violation confirmed",2025-04-28,No,"Employee review sweep",N/A,Tablet,US,IL,unknown,No,No,N/A,0.249,104
SREV-0126,Target.com,2024-10-11,5,customer_23509,1842,233,Yes,23,11,"§465.2 — Review claims product cures disease (false representation)",HIGH,"Pattern analysis + IP correlation","External counsel notified",2024-11-16,51744,Sarah Chen,2024-11-18,"Violation confirmed",2024-12-25,No,"Supplemental review audit (Update 2 batch)",CL-8743,Mobile,US,MA,organic,No,Yes,N/A,-0.26,61
SREV-0127,iHerb,2024-12-16,2,customer_17167,373,628,Yes,33,6,"None",N/A,"N/A","No action",2024-12-21,0,Casey Park,2024-12-23,"No violation confirmed",2024-12-28,No,"External counsel review triggered",N/A,Mobile,US,TX,unknown,No,No,N/A,-0.129,12
SREV-0128,CVS.com,2025-03-17,3,customer_63869,127,827,Yes,1,0,"None",N/A,"N/A","No action",2025-04-22,0,Casey Park,2025-04-24,"No violation confirmed",2025-05-28,No,"Third-party platform audit",N/A,Tablet,US,PA,unknown,No,No,N/A,-0.261,4
SREV-0129,iHerb,2024-11-15,5,customer_75980,2268,350,No,13,4,"None",N/A,"N/A","No action",2024-12-20,0,Alex Rivera (Ext.),2024-12-22,"No violation confirmed",2024-12-28,No,"Doctor-Formulated claim context analysis",N/A,Mobile,UK,PA,organic,No,Yes,digestive,-0.831,75
SREV-0130,Instagram Review,2025-03-26,5,customer_13465,747,354,No,15,12,"§465.5 — Reviewer appears to be social media bot (fake account)",HIGH,"Pattern analysis + IP correlation","Investigation opened",2025-04-28,51744,Jordan Ellis,2025-04-28,"Settlement negotiated",2025-05-28,No,"Biodegradable claim review",CL-6937,Mobile,US,GA,organic,No,No,N/A,0.157,24
SREV-0131,Reddit,2025-03-11,4,customer_37940,3418,581,Yes,0,5,"None",N/A,"N/A","No action",2025-04-16,0,Jordan Ellis,2025-04-18,"No violation confirmed",2025-05-25,No,"Biodegradable claim review",N/A,Mobile,AU,WA,invited,Yes,No,N/A,0.831,113
SREV-0132,Chewy,2024-11-13,5,customer_69810,3521,510,Yes,15,0,"None",N/A,"N/A","No action",2024-12-18,0,Jordan Ellis,2024-12-20,"No violation confirmed",2024-12-27,No,"Biodegradable claim review",N/A,Desktop,US,CA,unknown,Yes,No,N/A,0.27,117
SREV-0133,Costco.com,2025-03-27,5,customer_45166,3122,464,No,37,5,"None",N/A,"N/A","No action",2025-04-28,0,Sarah Chen,2025-04-28,"No violation confirmed",2025-05-28,No,"External counsel review triggered",N/A,Tablet,CA,CO,incentivized,No,No,N/A,-0.413,104
SREV-0134,Instagram Review,2024-10-23,4,customer_70334,2474,76,No,24,6,"§465.2 — Review paid for via third-party mill",HIGH,"Pattern analysis + IP correlation","Legal hold",2024-11-28,51744,Alex Rivera (Ext.),2024-11-28,"Settlement negotiated",2024-12-28,No,"Post-launch monitoring wave 1",CL-3879,Desktop,US,NY,incentivized,No,Yes,N/A,0.23,82
SREV-0135,TikTok Comment,2024-11-24,4,customer_10020,838,595,Yes,33,12,"None",N/A,"N/A","No action",2024-12-28,0,Sarah Chen,2024-12-28,"No violation confirmed",2024-12-28,No,"Biodegradable claim review",N/A,Desktop,US,WA,unknown,No,No,N/A,0.003,27
SREV-0136,Costco.com,2025-01-03,1,customer_86851,2483,742,Yes,39,0,"None",N/A,"N/A","No action",2025-02-08,0,Sarah Chen,2025-02-10,"No violation confirmed",2025-03-17,No,"Third-party platform audit",N/A,Tablet,US,CO,organic,Yes,No,N/A,0.189,82
SREV-0137,Chewy,2025-01-28,4,customer_41128,2856,650,Yes,30,3,"None",N/A,"N/A","No action",2025-02-28,0,Sarah Chen,2025-02-28,"No violation confirmed",2025-03-28,No,"External counsel review triggered",N/A,Desktop,US,CA,organic,No,Yes,immune,0.946,95
SREV-0138,Costco.com,2024-12-14,4,customer_34403,512,468,Yes,23,4,"None",N/A,"N/A","No action",2024-12-19,0,Sarah Chen,2024-12-21,"No violation confirmed",2024-12-28,No,"Supplemental review audit (Update 2 batch)",N/A,Tablet,US,N/A,invited,Yes,Yes,digestive,0.115,17
SREV-0139,iHerb,2024-10-25,5,customer_97666,704,499,Yes,35,9,"None",N/A,"N/A","No action",2024-11-28,0,Sarah Chen,2024-11-28,"No violation confirmed",2024-12-28,No,"External counsel review triggered",N/A,Desktop,US,MA,organic,Yes,Yes,immune,-0.162,23
SREV-0140,Trustpilot,2024-12-01,5,customer_12918,2270,822,Yes,35,9,"None",N/A,"N/A","No action",2024-12-06,0,Alex Rivera (Ext.),2024-12-08,"No violation confirmed",2024-12-15,No,"External counsel review triggered",N/A,Unknown,US,TX,unknown,No,No,N/A,-0.563,75
SREV-0141,CVS.com,2024-11-15,5,customer_25377,2582,541,No,13,12,"None",N/A,"N/A","No action",2024-12-20,0,Alex Rivera (Ext.),2024-12-22,"No violation confirmed",2024-12-28,No,"External counsel review triggered",N/A,Desktop,US,CA,unknown,No,No,N/A,0.326,86
SREV-0142,Vitacore.com,2024-10-07,5,customer_75665,140,340,Yes,43,1,"None",N/A,"N/A","No action",2024-11-12,0,Jordan Ellis,2024-11-14,"No violation confirmed",2024-12-21,No,"Employee review sweep",N/A,Mobile,US,N/A,organic,No,No,N/A,0.724,4
SREV-0143,Instagram Review,2025-02-11,5,customer_94732,626,410,No,6,3,"None",N/A,"N/A","No action",2025-03-16,0,Sarah Chen,2025-03-18,"No violation confirmed",2025-04-25,No,"Third-party platform audit",N/A,Tablet,US,PA,incentivized,Yes,Yes,digestive,0.995,20
SREV-0144,iHerb,2024-10-22,5,customer_14535,578,760,Yes,31,9,"None",N/A,"N/A","No action",2024-11-27,0,Casey Park,2024-11-28,"No violation confirmed",2024-12-28,No,"Supplemental review audit (Update 2 batch)",N/A,Mobile,AU,GA,invited,No,No,N/A,-0.322,19
SREV-0145,TikTok Comment,2025-01-23,4,customer_18493,1417,524,Yes,23,0,"§465.5 — Coordinated review pattern (same IP address cluster)",MEDIUM,"Pattern analysis + IP correlation","Review removed (with cause)",2025-02-28,51744,Casey Park,2025-02-28,"Training triggered",2025-03-28,No,"Biodegradable claim review",CL-1767,Mobile,US,GA,invited,Yes,Yes,N/A,0.992,47
SREV-0146,Facebook,2025-02-10,5,customer_89338,1023,355,Yes,33,12,"None",N/A,"N/A","No action",2025-03-15,0,Sarah Chen,2025-03-17,"No violation confirmed",2025-04-24,No,"Third-party platform audit",N/A,Tablet,UK,WA,organic,No,No,N/A,0.126,34
SREV-0147,Yelp,2024-12-26,5,customer_89452,924,848,Yes,19,12,"§465.5 — Coordinated review pattern (same IP address cluster)",MEDIUM,"Pattern analysis + IP correlation","No action",2024-12-28,51744,Jordan Ellis,2024-12-28,"Violation confirmed",2024-12-28,No,"Supplemental review audit (Update 2 batch)",CL-5643,Mobile,US,FL,organic,Yes,No,N/A,-0.655,30
SREV-0148,iHerb,2024-11-07,1,customer_79008,577,278,Yes,23,3,"None",N/A,"N/A","No action",2024-12-12,0,Casey Park,2024-12-14,"No violation confirmed",2024-12-21,No,"Doctor-Formulated claim context analysis",N/A,Tablet,US,N/A,incentivized,No,Yes,N/A,-0.475,19
SREV-0149,Instagram Review,2025-02-05,1,customer_44378,3238,127,No,14,1,"None",N/A,"N/A","No action",2025-03-10,0,Jordan Ellis,2025-03-12,"No violation confirmed",2025-04-19,No,"Biodegradable claim review",N/A,Unknown,US,WA,invited,No,No,N/A,-0.417,107
SREV-0150,Google Reviews,2024-11-07,1,customer_14166,1048,116,No,36,4,"None",N/A,"N/A","No action",2024-12-12,0,Alex Rivera (Ext.),2024-12-14,"No violation confirmed",2024-12-21,Yes,"Third-party platform audit",N/A,Mobile,US,GA,incentivized,No,No,N/A,0.673,34
SREV-0151,Vitacore.com,2025-03-10,3,customer_10081,355,553,Yes,45,2,"None",N/A,"N/A","No action",2025-04-15,0,Jordan Ellis,2025-04-17,"No violation confirmed",2025-05-24,No,"Doctor-Formulated claim context analysis",N/A,Tablet,US,N/A,invited,No,No,N/A,0.812,11
SREV-0152,Amazon,2024-11-14,4,customer_70660,886,681,No,43,9,"§465.2 — Suspected fake review (AI-generated text pattern)",HIGH,"Pattern analysis + IP correlation","Platform reported",2024-12-19,51744,Casey Park,2024-12-21,"Platform notified",2024-12-28,No,"Doctor-Formulated claim context analysis",CL-2727,Desktop,US,PA,organic,Yes,No,N/A,-0.207,29
SREV-0153,Google Reviews,2025-03-17,3,customer_27421,3570,706,No,18,9,"None",N/A,"N/A","No action",2025-04-22,0,Alex Rivera (Ext.),2025-04-24,"No violation confirmed",2025-05-28,No,"Post-launch monitoring wave 1",N/A,Unknown,CA,IL,organic,Yes,No,N/A,0.189,119
SREV-0154,Reddit,2024-12-03,4,customer_30729,2330,751,Yes,16,9,"None",N/A,"N/A","No action",2024-12-08,0,Jordan Ellis,2024-12-10,"No violation confirmed",2024-12-17,Yes,"External counsel review triggered",N/A,Unknown,AU,WA,organic,No,Yes,digestive,0.379,77
SREV-0155,Sprouts,2024-10-22,2,customer_71224,216,331,Yes,25,3,"§465.2 — Review claims product cures disease (false representation)",MEDIUM,"Pattern analysis + IP correlation","Escalated to CCO",2024-11-27,51744,Jordan Ellis,2024-11-28,"Disclosure added",2024-12-28,No,"External counsel review triggered",CL-6407,Mobile,UK,IL,organic,No,No,N/A,0.641,7
SREV-0156,YouTube Comment,2024-11-06,5,customer_94329,2971,705,Yes,13,2,"None",N/A,"N/A","No action",2024-12-11,0,Alex Rivera (Ext.),2024-12-13,"No violation confirmed",2024-12-20,No,"Employee review sweep",N/A,Desktop,US,CA,organic,Yes,No,N/A,-0.389,99
SREV-0157,Trustpilot,2024-11-18,4,customer_56121,437,219,Yes,14,2,"None",N/A,"N/A","No action",2024-12-23,0,Casey Park,2024-12-25,"No violation confirmed",2024-12-28,No,"Third-party platform audit",N/A,Unknown,US,TX,incentivized,No,No,N/A,-0.748,14
SREV-0158,Whole Foods,2024-11-18,3,customer_93721,3616,815,Yes,8,11,"None",N/A,"N/A","No action",2024-12-23,0,Alex Rivera (Ext.),2024-12-25,"No violation confirmed",2024-12-28,No,"External counsel review triggered",N/A,Desktop,CA,CA,organic,No,No,N/A,0.414,120
SREV-0159,Instagram Review,2024-11-26,3,customer_20494,3192,391,No,21,12,"None",N/A,"N/A","No action",2024-12-28,0,Sarah Chen,2024-12-28,"No violation confirmed",2024-12-28,No,"Employee review sweep",N/A,Tablet,US,CA,organic,No,Yes,immune,-0.368,106
SREV-0160,TikTok Comment,2024-10-09,4,customer_29567,2893,583,Yes,40,3,"None",N/A,"N/A","No action",2024-11-14,0,Jordan Ellis,2024-11-16,"No violation confirmed",2024-12-23,No,"Third-party platform audit",N/A,Unknown,US,GA,organic,No,No,N/A,-0.58,96
SREV-0161,Google Reviews,2024-10-15,4,customer_95958,3640,772,No,40,0,"§465.2 — Suspected fake review (AI-generated text pattern)",HIGH,"Pattern analysis + IP correlation","Escalated to CCO",2024-11-20,51744,Jordan Ellis,2024-11-22,"No violation confirmed",2024-12-28,Yes,"Biodegradable claim review",CL-6522,Tablet,AU,TX,organic,No,No,N/A,0.603,121
SREV-0162,Google Reviews,2025-02-03,1,customer_56917,1145,747,Yes,9,9,"None",N/A,"N/A","No action",2025-03-08,0,Sarah Chen,2025-03-10,"No violation confirmed",2025-04-17,No,"Post-launch monitoring wave 1",N/A,Unknown,US,MA,invited,Yes,No,N/A,-0.958,38
SREV-0163,App Store,2025-02-01,5,customer_95129,1115,67,No,45,12,"§465.2 — Suspected fake review (AI-generated text pattern)",MEDIUM,"Pattern analysis + IP correlation","Consent order monitoring",2025-03-06,51744,Sarah Chen,2025-03-08,"Monitoring ongoing",2025-04-15,No,"Third-party platform audit",CL-2635,Desktop,US,TX,organic,No,No,N/A,-0.556,37
SREV-0164,Yelp,2024-11-08,2,customer_82444,2937,449,No,7,11,"None",N/A,"N/A","No action",2024-12-13,0,Sarah Chen,2024-12-15,"No violation confirmed",2024-12-22,No,"Employee review sweep",N/A,Desktop,US,CA,incentivized,No,No,N/A,0.458,97
SREV-0165,Reddit,2024-12-16,5,customer_75509,424,821,No,43,6,"§465.2 — Suspected fake review (AI-generated text pattern)",HIGH,"Pattern analysis + IP correlation","FTC voluntary disclosure prepared",2024-12-21,51744,Casey Park,2024-12-23,"No violation confirmed",2024-12-28,No,"Employee review sweep",CL-7621,Unknown,US,PA,unknown,No,No,N/A,-0.754,14
SREV-0166,App Store,2024-10-12,3,customer_83280,2666,199,No,42,9,"None",N/A,"N/A","No action",2024-11-17,0,Casey Park,2024-11-19,"No violation confirmed",2024-12-26,No,"Employee review sweep",N/A,Desktop,US,CA,invited,No,No,N/A,0.064,88
SREV-0167,Amazon,2025-03-19,5,customer_23414,2907,283,Yes,31,5,"None",N/A,"N/A","No action",2025-04-24,0,Sarah Chen,2025-04-26,"No violation confirmed",2025-05-28,No,"Supplemental review audit (Update 2 batch)",N/A,Desktop,US,CO,unknown,Yes,Yes,N/A,-0.574,96
SREV-0168,Google Reviews,2024-12-19,5,customer_22995,1176,519,Yes,40,5,"None",N/A,"N/A","No action",2024-12-24,0,Jordan Ellis,2024-12-26,"No violation confirmed",2024-12-28,No,"Supplemental review audit (Update 2 batch)",N/A,Tablet,UK,TX,organic,No,No,N/A,-0.234,39
SREV-0169,Yelp,2025-03-25,5,customer_29377,2795,118,Yes,38,8,"§465.2 — Review paid for via third-party mill",MEDIUM,"Pattern analysis + IP correlation","Investigation opened",2025-04-28,51744,Jordan Ellis,2025-04-28,"Review removed",2025-05-28,No,"Supplemental review audit (Update 2 batch)",CL-1829,Unknown,US,CA,unknown,No,No,N/A,-0.028,93
SREV-0170,YouTube Comment,2024-10-02,4,customer_94274,3033,436,Yes,29,11,"§465.7 — Reviewer reports legal threat received",MEDIUM,"Pattern analysis + IP correlation","No action",2024-11-07,51744,Sarah Chen,2024-11-09,"Violation confirmed",2024-12-16,No,"Doctor-Formulated claim context analysis",CL-6331,Unknown,US,GA,unknown,No,Yes,N/A,-0.416,101
SREV-0171,Google Reviews,2024-10-07,4,customer_79283,1490,786,No,26,7,"§465.5 — Reviewer appears to be social media bot (fake account)",HIGH,"Pattern analysis + IP correlation","Legal hold",2024-11-12,51744,Jordan Ellis,2024-11-14,"Settlement negotiated",2024-12-21,No,"Supplemental review audit (Update 2 batch)",CL-9060,Mobile,US,FL,incentivized,Yes,No,N/A,-0.466,49
SREV-0172,App Store,2024-12-05,5,customer_95509,2425,318,Yes,41,6,"§465.6 — Review suppression candidate (negative review hidden)",HIGH,"Pattern analysis + IP correlation","Review removed (with cause)",2024-12-10,51744,Alex Rivera (Ext.),2024-12-12,"Settlement negotiated",2024-12-19,No,"Biodegradable claim review",CL-7043,Tablet,US,TX,organic,No,Yes,N/A,0.81,80
SREV-0173,Target.com,2024-12-06,5,customer_95679,1602,777,No,5,10,"§465.2 — Review paid for via third-party mill",HIGH,"Pattern analysis + IP correlation","Review removed (with cause)",2024-12-11,51744,Alex Rivera (Ext.),2024-12-13,"Platform notified",2024-12-20,No,"Third-party platform audit",CL-6032,Tablet,US,CA,organic,No,No,N/A,-0.4,53
SREV-0174,YouTube Comment,2024-12-14,4,customer_14665,113,135,Yes,27,2,"None",N/A,"N/A","No action",2024-12-19,0,Casey Park,2024-12-21,"No violation confirmed",2024-12-28,No,"Employee review sweep",N/A,Unknown,US,PA,organic,No,No,N/A,-0.951,3
SREV-0175,CVS.com,2024-11-15,5,customer_45295,3185,361,Yes,44,9,"None",N/A,"N/A","No action",2024-12-20,0,Jordan Ellis,2024-12-22,"No violation confirmed",2024-12-28,No,"Third-party platform audit",N/A,Desktop,US,CA,incentivized,No,No,N/A,-0.445,106
SREV-0176,Facebook,2024-11-05,5,customer_98677,1153,587,Yes,43,6,"None",N/A,"N/A","No action",2024-12-10,0,Alex Rivera (Ext.),2024-12-12,"No violation confirmed",2024-12-19,No,"Employee review sweep",N/A,Unknown,US,TX,organic,Yes,No,N/A,0.293,38
SREV-0177,Whole Foods,2024-12-11,1,customer_43641,3271,836,Yes,10,2,"§465.5 — Reviewer appears to be social media bot (fake account)",HIGH,"Pattern analysis + IP correlation","Consent order monitoring",2024-12-16,51744,Sarah Chen,2024-12-18,"Disclosure added",2024-12-25,No,"Post-launch monitoring wave 1",CL-9528,Unknown,CA,FL,organic,Yes,Yes,N/A,-0.816,109
SREV-0178,CVS.com,2025-01-02,2,customer_38037,2650,71,No,45,3,"None",N/A,"N/A","No action",2025-02-07,0,Casey Park,2025-02-09,"No violation confirmed",2025-03-16,No,"Third-party platform audit",N/A,Unknown,US,PA,organic,No,No,N/A,-0.964,88
SREV-0179,Chewy,2024-10-22,5,customer_87913,1581,709,Yes,32,9,"None",N/A,"N/A","No action",2024-11-27,0,Sarah Chen,2024-11-28,"No violation confirmed",2024-12-28,No,"Biodegradable claim review",N/A,Desktop,US,GA,organic,Yes,No,N/A,-0.899,52
SREV-0180,Google Reviews,2024-11-25,5,customer_36427,379,805,No,9,8,"None",N/A,"N/A","No action",2024-12-28,0,Casey Park,2024-12-28,"No violation confirmed",2024-12-28,No,"Third-party platform audit",N/A,Mobile,US,PA,organic,No,No,N/A,0.7,12
SREV-0181,TikTok Comment,2024-12-27,5,customer_86325,2946,463,Yes,23,9,"§465.2 — Review paid for via third-party mill",HIGH,"Pattern analysis + IP correlation","FTC voluntary disclosure prepared",2024-12-28,51744,Jordan Ellis,2024-12-28,"No violation confirmed",2024-12-28,No,"Doctor-Formulated claim context analysis",CL-9349,Tablet,UK,IL,organic,Yes,Yes,immune,-0.949,98
SREV-0182,Chewy,2024-12-28,5,customer_49843,573,505,Yes,39,1,"None",N/A,"N/A","No action",2024-12-28,0,Alex Rivera (Ext.),2024-12-28,"No violation confirmed",2024-12-28,No,"External counsel review triggered",N/A,Unknown,US,MA,organic,No,No,N/A,-0.125,19
SREV-0183,Twitter/X,2025-03-04,5,customer_13844,1763,751,Yes,3,9,"None",N/A,"N/A","No action",2025-04-09,0,Sarah Chen,2025-04-11,"No violation confirmed",2025-05-18,No,"Third-party platform audit",N/A,Desktop,UK,CA,incentivized,No,No,N/A,-0.085,58
SREV-0184,Yelp,2024-10-26,4,customer_46806,839,634,Yes,40,11,"None",N/A,"N/A","No action",2024-11-28,0,Jordan Ellis,2024-11-28,"No violation confirmed",2024-12-28,No,"Supplemental review audit (Update 2 batch)",N/A,Desktop,US,NY,invited,Yes,Yes,N/A,-0.893,27
SREV-0185,Whole Foods,2024-11-20,5,customer_42881,3296,598,Yes,39,5,"None",N/A,"N/A","No action",2024-12-25,0,Jordan Ellis,2024-12-27,"No violation confirmed",2024-12-28,No,"Biodegradable claim review",N/A,Mobile,CA,PA,invited,Yes,No,N/A,0.028,109
SREV-0186,Sprouts,2025-03-05,5,customer_64139,1198,848,No,2,12,"None",N/A,"N/A","No action",2025-04-10,0,Jordan Ellis,2025-04-12,"No violation confirmed",2025-05-19,No,"Third-party platform audit",N/A,Desktop,US,WA,organic,No,No,N/A,0.847,39
SREV-0187,iHerb,2025-02-17,4,customer_22971,2132,274,Yes,26,7,"None",N/A,"N/A","No action",2025-03-22,0,Casey Park,2025-03-24,"No violation confirmed",2025-04-28,No,"Employee review sweep",N/A,Unknown,US,N/A,invited,No,No,N/A,-0.476,71
SREV-0188,Target.com,2024-10-20,5,customer_39990,2460,714,Yes,23,7,"None",N/A,"N/A","No action",2024-11-25,0,Casey Park,2024-11-27,"No violation confirmed",2024-12-28,No,"Biodegradable claim review",N/A,Unknown,US,CA,organic,No,No,N/A,-0.221,82
SREV-0189,Sprouts,2024-12-04,4,customer_14593,3062,550,No,37,8,"None",N/A,"N/A","No action",2024-12-09,0,Sarah Chen,2024-12-11,"No violation confirmed",2024-12-18,No,"Doctor-Formulated claim context analysis",N/A,Mobile,US,WA,organic,No,No,N/A,-0.333,102
SREV-0190,iHerb,2024-11-07,1,customer_80803,1365,669,No,30,2,"None",N/A,"N/A","No action",2024-12-12,0,Sarah Chen,2024-12-14,"No violation confirmed",2024-12-21,No,"Supplemental review audit (Update 2 batch)",N/A,Unknown,US,CA,invited,No,No,N/A,0.398,45
SREV-0191,Costco.com,2024-11-09,3,customer_41791,1655,769,Yes,24,2,"None",N/A,"N/A","No action",2024-12-14,0,Alex Rivera (Ext.),2024-12-16,"No violation confirmed",2024-12-23,No,"Employee review sweep",N/A,Unknown,US,N/A,organic,Yes,Yes,N/A,0.216,55
SREV-0192,Reddit,2024-12-10,5,customer_14171,2008,404,Yes,7,4,"None",N/A,"N/A","No action",2024-12-15,0,Casey Park,2024-12-17,"No violation confirmed",2024-12-24,No,"Supplemental review audit (Update 2 batch)",N/A,Tablet,US,PA,organic,No,No,N/A,0.53,66
SREV-0193,Instagram Review,2024-11-15,4,customer_22262,1920,678,Yes,36,5,"§465.5 — Coordinated review pattern (same IP address cluster)",HIGH,"Pattern analysis + IP correlation","No action",2024-12-20,51744,Casey Park,2024-12-22,"Settlement negotiated",2024-12-28,No,"Biodegradable claim review",CL-3127,Mobile,US,CO,incentivized,No,No,N/A,0.047,64
SREV-0194,Costco.com,2025-01-26,2,customer_82288,1129,161,Yes,43,8,"§465.2 — Suspected fake review (AI-generated text pattern)",HIGH,"Pattern analysis + IP correlation","Investigation opened",2025-02-28,51744,Casey Park,2025-02-28,"Monitoring ongoing",2025-03-28,No,"Employee review sweep",CL-2377,Tablet,US,PA,incentivized,No,No,N/A,0.914,37
SREV-0195,Walmart.com,2024-11-25,4,customer_17970,212,603,Yes,18,5,"None",N/A,"N/A","No action",2024-12-28,0,Alex Rivera (Ext.),2024-12-28,"No violation confirmed",2024-12-28,No,"External counsel review triggered",N/A,Mobile,US,CA,invited,No,No,N/A,0.822,7
SREV-0196,Target.com,2025-02-28,3,customer_65708,1038,380,Yes,35,11,"None",N/A,"N/A","No action",2025-03-28,0,Jordan Ellis,2025-03-28,"No violation confirmed",2025-04-28,No,"Supplemental review audit (Update 2 batch)",N/A,Mobile,DE,IL,organic,No,No,N/A,-0.499,34
SREV-0197,Yelp,2025-03-14,4,customer_21374,2401,672,Yes,35,8,"None",N/A,"N/A","No action",2025-04-19,0,Sarah Chen,2025-04-21,"No violation confirmed",2025-05-28,No,"Supplemental review audit (Update 2 batch)",N/A,Desktop,US,CO,invited,No,No,N/A,-0.69,80
SREV-0198,Trustpilot,2025-01-09,4,customer_46837,37,773,Yes,40,12,"None",N/A,"N/A","No action",2025-02-14,0,Alex Rivera (Ext.),2025-02-16,"No violation confirmed",2025-03-23,No,"Doctor-Formulated claim context analysis",N/A,Unknown,US,IL,organic,Yes,Yes,general_wellness,-0.854,1
SREV-0199,Whole Foods,2025-03-28,5,customer_61860,2277,569,Yes,45,4,"None",N/A,"N/A","No action",2025-04-28,0,Sarah Chen,2025-04-28,"No violation confirmed",2025-05-28,No,"Post-launch monitoring wave 1",N/A,Tablet,US,WA,organic,No,Yes,digestive,0.078,75
SREV-0200,Walmart.com,2024-12-05,5,customer_70508,1953,388,Yes,27,12,"None",N/A,"N/A","No action",2024-12-10,0,Alex Rivera (Ext.),2024-12-12,"No violation confirmed",2024-12-19,No,"Employee review sweep",N/A,Tablet,US,FL,unknown,No,No,N/A,0.392,65
SREV-0201,Instagram Review,2024-11-22,3,customer_78390,1717,672,Yes,36,3,"None",N/A,"N/A","No action",2024-12-27,0,Jordan Ellis,2024-12-28,"No violation confirmed",2024-12-28,No,"External counsel review triggered",N/A,Desktop,US,TX,unknown,No,No,N/A,-0.691,57
SREV-0202,Whole Foods,2025-02-14,5,customer_22859,586,123,Yes,13,4,"None",N/A,"N/A","No action",2025-03-19,0,Alex Rivera (Ext.),2025-03-21,"No violation confirmed",2025-04-28,No,"Third-party platform audit",N/A,Tablet,UK,IL,unknown,Yes,No,N/A,-0.901,19
SREV-0203,Target.com,2024-10-23,4,customer_67794,2211,626,Yes,28,9,"None",N/A,"N/A","No action",2024-11-28,0,Casey Park,2024-11-28,"No violation confirmed",2024-12-28,No,"Third-party platform audit",N/A,Mobile,US,NY,invited,No,No,N/A,-0.034,73
SREV-0204,App Store,2024-12-08,2,customer_80218,1808,462,No,26,11,"§465.2 — Review claims product cures disease (false representation)",HIGH,"Pattern analysis + IP correlation","Platform reported",2024-12-13,51744,Jordan Ellis,2024-12-15,"Settlement negotiated",2024-12-22,No,"Employee review sweep",CL-1643,Unknown,US,MA,organic,No,No,N/A,0.728,60
SREV-0205,Instagram Review,2025-02-18,3,customer_54797,505,463,Yes,33,1,"§465.5 — Coordinated review pattern (same IP address cluster)",HIGH,"Pattern analysis + IP correlation","Investigation opened",2025-03-23,51744,Jordan Ellis,2025-03-25,"Violation confirmed",2025-04-28,No,"Doctor-Formulated claim context analysis",CL-3984,Unknown,US,PA,unknown,Yes,No,N/A,0.488,16
SREV-0206,CVS.com,2025-02-03,5,customer_73570,335,70,No,11,9,"None",N/A,"N/A","No action",2025-03-08,0,Jordan Ellis,2025-03-10,"No violation confirmed",2025-04-17,No,"Supplemental review audit (Update 2 batch)",N/A,Tablet,AU,NY,invited,No,No,N/A,-0.426,11
SREV-0207,Twitter/X,2024-11-19,4,customer_14328,812,227,Yes,19,4,"§465.3 — Insider review (employee account detected)",HIGH,"Pattern analysis + IP correlation","No action",2024-12-24,51744,Alex Rivera (Ext.),2024-12-26,"No violation confirmed",2024-12-28,No,"Post-launch monitoring wave 1",CL-4177,Unknown,US,FL,organic,No,Yes,immune,-0.621,27
SREV-0208,Target.com,2024-12-15,5,customer_66907,3595,658,No,44,12,"§465.5 — Reviewer appears to be social media bot (fake account)",HIGH,"Pattern analysis + IP correlation","Legal hold",2024-12-20,51744,Casey Park,2024-12-22,"Referral to enforcement",2024-12-28,No,"Biodegradable claim review",CL-7018,Unknown,US,NY,invited,Yes,Yes,digestive,0.246,119
SREV-0209,Chewy,2024-12-13,2,customer_44008,3191,129,No,37,5,"None",N/A,"N/A","No action",2024-12-18,0,Sarah Chen,2024-12-20,"No violation confirmed",2024-12-27,No,"External counsel review triggered",N/A,Tablet,US,CO,unknown,No,Yes,general_wellness,-0.377,106
SREV-0210,Costco.com,2024-10-20,5,customer_94697,3640,380,Yes,5,7,"None",N/A,"N/A","No action",2024-11-25,0,Casey Park,2024-11-27,"No violation confirmed",2024-12-28,No,"Supplemental review audit (Update 2 batch)",N/A,Mobile,US,FL,organic,Yes,Yes,immune,-0.276,121
SREV-0211,Target.com,2025-03-24,5,customer_85229,1882,814,Yes,9,5,"None",N/A,"N/A","No action",2025-04-28,0,Jordan Ellis,2025-04-28,"No violation confirmed",2025-05-28,No,"Post-launch monitoring wave 1",N/A,Tablet,US,GA,organic,No,No,N/A,0.943,62
SREV-0212,Chewy,2025-02-07,4,customer_81580,3116,844,Yes,4,1,"None",N/A,"N/A","No action",2025-03-12,0,Jordan Ellis,2025-03-14,"No violation confirmed",2025-04-21,No,"Biodegradable claim review",N/A,Mobile,US,CA,unknown,Yes,No,N/A,-0.281,103
SREV-0213,Instagram Review,2025-03-08,5,customer_21442,714,835,Yes,39,3,"§465.2 — Review claims product cures disease (false representation)",HIGH,"Pattern analysis + IP correlation","Review removed (with cause)",2025-04-13,51744,Jordan Ellis,2025-04-15,"Violation confirmed",2025-05-22,No,"Doctor-Formulated claim context analysis",CL-9378,Desktop,US,PA,unknown,Yes,No,N/A,0.704,23
SREV-0214,App Store,2024-10-17,2,customer_73441,1948,271,Yes,31,3,"None",N/A,"N/A","No action",2024-11-22,0,Sarah Chen,2024-11-24,"No violation confirmed",2024-12-28,No,"External counsel review triggered",N/A,Unknown,US,PA,incentivized,No,No,N/A,0.445,64
SREV-0215,Amazon,2024-11-25,5,customer_15655,3304,651,Yes,33,0,"None",N/A,"N/A","No action",2024-12-28,0,Alex Rivera (Ext.),2024-12-28,"No violation confirmed",2024-12-28,No,"External counsel review triggered",N/A,Unknown,US,TX,incentivized,No,No,N/A,0.985,110
SREV-0216,Yelp,2024-10-05,3,customer_86075,1959,845,Yes,21,5,"§465.6 — Review suppression candidate (negative review hidden)",MEDIUM,"Pattern analysis + IP correlation","Platform reported",2024-11-10,51744,Jordan Ellis,2024-11-12,"No violation confirmed",2024-12-19,No,"External counsel review triggered",CL-8025,Mobile,AU,PA,incentivized,No,No,N/A,0.87,65
SREV-0217,Instagram Review,2024-12-25,5,customer_67752,1684,92,Yes,36,8,"None",N/A,"N/A","No action",2024-12-28,0,Jordan Ellis,2024-12-28,"No violation confirmed",2024-12-28,No,"Post-launch monitoring wave 1",N/A,Unknown,US,MA,invited,No,Yes,digestive,-0.02,56
SREV-0218,Trustpilot,2024-11-08,5,customer_99301,875,479,Yes,7,3,"None",N/A,"N/A","No action",2024-12-13,0,Casey Park,2024-12-15,"No violation confirmed",2024-12-22,No,"External counsel review triggered",N/A,Tablet,US,CA,invited,No,No,N/A,-0.961,29
SREV-0219,Facebook,2024-12-17,5,customer_60347,568,322,Yes,10,5,"None",N/A,"N/A","No action",2024-12-22,0,Jordan Ellis,2024-12-24,"No violation confirmed",2024-12-28,No,"External counsel review triggered",N/A,Mobile,US,MA,incentivized,No,No,N/A,0.267,18
SREV-0220,Trustpilot,2024-10-26,2,customer_64175,1263,560,No,22,5,"None",N/A,"N/A","No action",2024-11-28,0,Casey Park,2024-11-28,"No violation confirmed",2024-12-28,No,"Employee review sweep",N/A,Tablet,US,FL,invited,No,Yes,immune,-0.681,42
SREV-0221,Whole Foods,2024-11-21,4,customer_97459,2986,633,Yes,31,7,"§465.4 — Company-controlled review site not disclosed",HIGH,"Pattern analysis + IP correlation","FTC voluntary disclosure prepared",2024-12-26,51744,Casey Park,2024-12-28,"Monitoring ongoing",2024-12-28,No,"Doctor-Formulated claim context analysis",CL-9857,Desktop,UK,N/A,invited,No,Yes,general_wellness,-0.571,99
SREV-0222,Walmart.com,2025-03-01,5,customer_98398,289,691,Yes,36,8,"None",N/A,"N/A","No action",2025-04-06,0,Sarah Chen,2025-04-08,"No violation confirmed",2025-05-15,No,"Employee review sweep",N/A,Tablet,UK,WA,organic,No,No,N/A,0.48,9
SREV-0223,CVS.com,2024-11-19,4,customer_10271,2522,561,Yes,0,0,"None",N/A,"N/A","No action",2024-12-24,0,Casey Park,2024-12-26,"No violation confirmed",2024-12-28,No,"Doctor-Formulated claim context analysis",N/A,Tablet,US,FL,unknown,No,Yes,general_wellness,-0.922,84
SREV-0224,Amazon,2024-11-12,5,customer_23171,2840,725,Yes,36,7,"None",N/A,"N/A","No action",2024-12-17,0,Casey Park,2024-12-19,"No violation confirmed",2024-12-26,No,"Biodegradable claim review",N/A,Tablet,US,FL,incentivized,No,No,N/A,-0.222,94
SREV-0225,App Store,2024-10-24,5,customer_41791,752,516,Yes,42,9,"None",N/A,"N/A","No action",2024-11-28,0,Jordan Ellis,2024-11-28,"No violation confirmed",2024-12-28,No,"Doctor-Formulated claim context analysis",N/A,Mobile,US,CO,unknown,No,No,N/A,-0.282,25
SREV-0226,TikTok Comment,2024-12-02,3,customer_94230,2160,288,Yes,2,7,"§465.2 — Suspected fake review (AI-generated text pattern)",HIGH,"Pattern analysis + IP correlation","External counsel notified",2024-12-07,51744,Casey Park,2024-12-09,"Settlement negotiated",2024-12-16,No,"Biodegradable claim review",CL-2305,Desktop,US,FL,invited,No,Yes,general_wellness,-0.619,72
SREV-0227,Google Reviews,2024-12-22,5,customer_74822,1785,284,Yes,42,0,"None",N/A,"N/A","No action",2024-12-27,0,Sarah Chen,2024-12-28,"No violation confirmed",2024-12-28,No,"External counsel review triggered",N/A,Tablet,US,TX,organic,No,Yes,N/A,-0.642,59
SREV-0228,Walmart.com,2024-11-28,5,customer_21142,2973,670,Yes,3,10,"§465.3 — Insider review (employee account detected)",MEDIUM,"Pattern analysis + IP correlation","Investigation opened",2024-12-28,51744,Sarah Chen,2024-12-28,"Training triggered",2024-12-28,No,"Supplemental review audit (Update 2 batch)",CL-1003,Tablet,US,GA,unknown,No,No,N/A,0.059,99
SREV-0229,Google Reviews,2024-12-15,2,customer_26195,79,757,Yes,20,1,"None",N/A,"N/A","No action",2024-12-20,0,Sarah Chen,2024-12-22,"No violation confirmed",2024-12-28,No,"Biodegradable claim review",N/A,Tablet,US,CO,unknown,No,No,N/A,-0.424,2
SREV-0230,CVS.com,2025-02-20,4,customer_51605,1488,816,Yes,5,4,"None",N/A,"N/A","No action",2025-03-25,0,Alex Rivera (Ext.),2025-03-27,"No violation confirmed",2025-04-28,No,"Doctor-Formulated claim context analysis",N/A,Desktop,US,IL,organic,No,Yes,general_wellness,-0.605,49
SREV-0231,Walmart.com,2025-01-26,4,customer_27276,400,493,Yes,2,7,"None",N/A,"N/A","No action",2025-02-28,0,Alex Rivera (Ext.),2025-02-28,"No violation confirmed",2025-03-28,No,"External counsel review triggered",N/A,Unknown,US,PA,invited,No,Yes,general_wellness,-0.81,13
SREV-0232,Twitter/X,2025-02-06,4,customer_87472,1418,366,No,35,7,"§465.2 — Suspected fake review (AI-generated text pattern)",HIGH,"Pattern analysis + IP correlation","Platform reported",2025-03-11,51744,Alex Rivera (Ext.),2025-03-13,"Settlement negotiated",2025-04-20,No,"Doctor-Formulated claim context analysis",CL-5717,Desktop,US,N/A,organic,No,No,N/A,-0.495,47
SREV-0233,Costco.com,2024-11-02,3,customer_26433,2736,261,Yes,38,8,"§465.6 — Review suppression candidate (negative review hidden)",HIGH,"Pattern analysis + IP correlation","Escalated to CCO",2024-12-07,51744,Sarah Chen,2024-12-09,"Monitoring ongoing",2024-12-16,No,"Post-launch monitoring wave 1",CL-7044,Unknown,US,CA,organic,No,No,N/A,0.59,91
SREV-0234,Costco.com,2024-10-20,4,customer_66156,3075,280,Yes,43,10,"None",N/A,"N/A","No action",2024-11-25,0,Alex Rivera (Ext.),2024-11-27,"No violation confirmed",2024-12-28,No,"Biodegradable claim review",N/A,Unknown,AU,TX,incentivized,Yes,Yes,immune,0.323,102
SREV-0235,Facebook,2024-10-27,5,customer_85723,1648,594,Yes,6,4,"None",N/A,"N/A","No action",2024-11-28,0,Casey Park,2024-11-28,"No violation confirmed",2024-12-28,No,"Supplemental review audit (Update 2 batch)",N/A,Tablet,US,CA,invited,Yes,Yes,N/A,-0.59,54
SREV-0236,Twitter/X,2025-02-22,3,customer_86239,2705,835,Yes,40,7,"None",N/A,"N/A","No action",2025-03-27,0,Sarah Chen,2025-03-28,"No violation confirmed",2025-04-28,No,"Supplemental review audit (Update 2 batch)",N/A,Desktop,US,NY,organic,No,No,N/A,0.823,90
SREV-0237,Costco.com,2024-12-18,2,customer_95168,1952,636,No,37,8,"None",N/A,"N/A","No action",2024-12-23,0,Alex Rivera (Ext.),2024-12-25,"No violation confirmed",2024-12-28,No,"Doctor-Formulated claim context analysis",N/A,Tablet,US,CA,incentivized,No,No,N/A,0.425,65
SREV-0238,Trustpilot,2024-10-06,5,customer_66721,2366,160,Yes,9,12,"§465.2 — Suspected fake review (AI-generated text pattern)",HIGH,"Pattern analysis + IP correlation","Platform reported",2024-11-11,51744,Alex Rivera (Ext.),2024-11-13,"Settlement negotiated",2024-12-20,No,"Third-party platform audit",CL-7656,Unknown,US,IL,organic,No,No,N/A,0.759,78
SREV-0239,Walmart.com,2024-11-28,2,customer_98486,234,622,No,20,5,"None",N/A,"N/A","No action",2024-12-28,0,Sarah Chen,2024-12-28,"No violation confirmed",2024-12-28,No,"Biodegradable claim review",N/A,Desktop,UK,MA,organic,No,No,N/A,-0.024,7
SREV-0240,Walmart.com,2024-11-17,5,customer_77780,1587,733,Yes,8,10,"§465.2 — Review claims product cures disease (false representation)",MEDIUM,"Pattern analysis + IP correlation","Consent order monitoring",2024-12-22,51744,Casey Park,2024-12-24,"Referral to enforcement",2024-12-28,No,"Supplemental review audit (Update 2 batch)",CL-6651,Desktop,US,PA,organic,No,Yes,N/A,-0.314,52
SREV-0241,CVS.com,2024-10-06,4,customer_71842,1208,181,No,14,3,"None",N/A,"N/A","No action",2024-11-11,0,Jordan Ellis,2024-11-13,"No violation confirmed",2024-12-20,No,"Doctor-Formulated claim context analysis",N/A,Desktop,AU,NY,organic,No,No,N/A,0.592,40
SREV-0242,App Store,2024-11-26,5,customer_84953,2109,499,Yes,39,11,"None",N/A,"N/A","No action",2024-12-28,0,Alex Rivera (Ext.),2024-12-28,"No violation confirmed",2024-12-28,No,"Third-party platform audit",N/A,Mobile,US,MA,incentivized,No,No,N/A,-0.311,70
SREV-0243,iHerb,2025-03-07,4,customer_37534,595,752,Yes,26,3,"§465.3 — Insider review (employee account detected)",MEDIUM,"Pattern analysis + IP correlation","No action",2025-04-12,51744,Alex Rivera (Ext.),2025-04-14,"Review removed",2025-05-21,No,"External counsel review triggered",CL-6490,Tablet,CA,TX,incentivized,Yes,No,N/A,-0.162,19
SREV-0244,Vitacore.com,2024-10-24,3,customer_16791,2924,559,Yes,4,3,"None",N/A,"N/A","No action",2024-11-28,0,Sarah Chen,2024-11-28,"No violation confirmed",2024-12-28,No,"Doctor-Formulated claim context analysis",N/A,Desktop,US,TX,organic,No,Yes,N/A,-0.513,97
SREV-0245,Instagram Review,2024-12-22,4,customer_58759,2934,98,No,14,6,"§465.5 — Reviewer appears to be social media bot (fake account)",MEDIUM,"Pattern analysis + IP correlation","Legal hold",2024-12-27,51744,Jordan Ellis,2024-12-28,"Training triggered",2024-12-28,No,"Third-party platform audit",CL-5036,Tablet,US,NY,invited,No,No,N/A,0.818,97
SREV-0246,Facebook,2024-12-11,4,customer_91486,2578,118,Yes,22,3,"None",N/A,"N/A","No action",2024-12-16,0,Sarah Chen,2024-12-18,"No violation confirmed",2024-12-25,No,"Doctor-Formulated claim context analysis",N/A,Mobile,US,CA,organic,No,No,N/A,0.418,85
SREV-0247,TikTok Comment,2025-01-05,2,customer_96209,1526,747,Yes,18,5,"§465.3 — Insider review (employee account detected)",HIGH,"Pattern analysis + IP correlation","External counsel notified",2025-02-10,51744,Sarah Chen,2025-02-12,"Settlement negotiated",2025-03-19,No,"Third-party platform audit",CL-4380,Desktop,US,CA,unknown,No,No,N/A,-0.024,50
SREV-0248,Chewy,2024-12-24,5,customer_58553,2739,490,Yes,3,7,"§465.2 — Suspected fake review (AI-generated text pattern)",HIGH,"Pattern analysis + IP correlation","FTC voluntary disclosure prepared",2024-12-28,51744,Alex Rivera (Ext.),2024-12-28,"Review removed",2024-12-28,No,"Supplemental review audit (Update 2 batch)",CL-5040,Mobile,US,PA,organic,No,No,N/A,0.84,91
SREV-0249,Yelp,2025-01-24,3,customer_46744,487,620,Yes,30,6,"None",N/A,"N/A","No action",2025-02-28,0,Alex Rivera (Ext.),2025-02-28,"No violation confirmed",2025-03-28,No,"Third-party platform audit",N/A,Tablet,US,WA,unknown,No,No,N/A,0.616,16
SREV-0250,YouTube Comment,2024-11-18,5,customer_70138,2927,772,No,34,12,"None",N/A,"N/A","No action",2024-12-23,0,Alex Rivera (Ext.),2024-12-25,"No violation confirmed",2024-12-28,No,"Supplemental review audit (Update 2 batch)",N/A,Desktop,CA,FL,invited,No,No,N/A,0.342,97
SREV-0251,iHerb,2025-02-11,5,customer_42465,2045,70,Yes,43,5,"§465.3 — Insider review (employee account detected)",MEDIUM,"Pattern analysis + IP correlation","Legal hold",2025-03-16,51744,Alex Rivera (Ext.),2025-03-18,"Violation confirmed",2025-04-25,No,"Post-launch monitoring wave 1",CL-2747,Mobile,CA,CO,unknown,No,No,N/A,-0.931,68
SREV-0252,Whole Foods,2025-01-02,3,customer_13701,453,439,No,23,5,"None",N/A,"N/A","No action",2025-02-07,0,Sarah Chen,2025-02-09,"No violation confirmed",2025-03-16,No,"Employee review sweep",N/A,Mobile,US,CA,organic,Yes,No,N/A,-0.805,15
SREV-0253,Chewy,2024-11-07,5,customer_28273,3167,467,No,8,1,"None",N/A,"N/A","No action",2024-12-12,0,Alex Rivera (Ext.),2024-12-14,"No violation confirmed",2024-12-21,No,"Third-party platform audit",N/A,Desktop,US,WA,invited,No,Yes,immune,0.448,105
SREV-0254,Yelp,2025-01-09,5,customer_64947,1174,842,Yes,23,4,"§465.7 — Reviewer reports legal threat received",HIGH,"Pattern analysis + IP correlation","No action",2025-02-14,51744,Casey Park,2025-02-16,"Referral to enforcement",2025-03-23,No,"Biodegradable claim review",CL-7363,Unknown,CA,NY,incentivized,No,No,N/A,0.232,39
SREV-0255,Google Reviews,2024-10-22,5,customer_57725,2813,329,No,36,6,"§465.3 — Insider review (employee account detected)",HIGH,"Pattern analysis + IP correlation","Platform reported",2024-11-27,51744,Casey Park,2024-11-28,"Review removed",2024-12-28,No,"Supplemental review audit (Update 2 batch)",CL-6802,Tablet,US,GA,organic,No,No,N/A,0.644,93
SREV-0256,Chewy,2025-01-08,5,customer_71539,3464,601,Yes,36,10,"§465.2 — Review claims product cures disease (false representation)",HIGH,"Pattern analysis + IP correlation","FTC voluntary disclosure prepared",2025-02-13,51744,Casey Park,2025-02-15,"Referral to enforcement",2025-03-22,No,"Employee review sweep",CL-8577,Mobile,US,N/A,organic,Yes,No,N/A,0.503,115
SREV-0257,Google Reviews,2024-12-23,4,customer_28768,3022,279,Yes,30,11,"§465.2 — Suspected fake review (AI-generated text pattern)",HIGH,"Pattern analysis + IP correlation","No action",2024-12-28,51744,Casey Park,2024-12-28,"Platform notified",2024-12-28,No,"Biodegradable claim review",CL-2775,Unknown,US,FL,invited,No,Yes,N/A,0.271,100
SREV-0258,Yelp,2024-12-14,4,customer_56299,1020,73,Yes,30,6,"None",N/A,"N/A","No action",2024-12-19,0,Sarah Chen,2024-12-21,"No violation confirmed",2024-12-28,No,"Doctor-Formulated claim context analysis",N/A,Mobile,US,NY,organic,No,Yes,immune,0.245,34
SREV-0259,Walmart.com,2024-12-12,5,customer_52776,1222,180,Yes,23,8,"None",N/A,"N/A","No action",2024-12-17,0,Casey Park,2024-12-19,"No violation confirmed",2024-12-26,No,"Post-launch monitoring wave 1",N/A,Desktop,US,NY,organic,No,Yes,general_wellness,0.015,40
SREV-0260,Costco.com,2024-12-09,3,customer_37787,2759,207,No,10,1,"None",N/A,"N/A","No action",2024-12-14,0,Sarah Chen,2024-12-16,"No violation confirmed",2024-12-23,No,"Biodegradable claim review",N/A,Desktop,US,CA,incentivized,No,No,N/A,0.99,91
SREV-0261,Whole Foods,2024-12-23,5,customer_73900,2339,761,Yes,19,8,"§465.4 — Company-controlled review site not disclosed",HIGH,"Pattern analysis + IP correlation","Platform reported",2024-12-28,51744,Alex Rivera (Ext.),2024-12-28,"Platform notified",2024-12-28,No,"Post-launch monitoring wave 1",CL-6941,Mobile,US,TX,incentivized,No,No,N/A,0.857,77
SREV-0262,App Store,2024-12-12,5,customer_42245,1869,411,No,38,2,"None",N/A,"N/A","No action",2024-12-17,0,Alex Rivera (Ext.),2024-12-19,"No violation confirmed",2024-12-26,No,"Employee review sweep",N/A,Tablet,US,GA,invited,No,No,N/A,0.965,62
SREV-0263,CVS.com,2024-10-22,5,customer_52213,3341,504,Yes,7,12,"None",N/A,"N/A","No action",2024-11-27,0,Casey Park,2024-11-28,"No violation confirmed",2024-12-28,No,"External counsel review triggered",N/A,Desktop,CA,NY,organic,No,Yes,N/A,-0.078,111
SREV-0264,Target.com,2025-03-23,5,customer_72661,513,520,Yes,11,12,"None",N/A,"N/A","No action",2025-04-28,0,Alex Rivera (Ext.),2025-04-28,"No violation confirmed",2025-05-28,No,"Biodegradable claim review",N/A,Tablet,US,MA,unknown,No,Yes,digestive,-0.438,17
SREV-0265,Instagram Review,2024-10-06,4,customer_74209,84,424,Yes,1,0,"None",N/A,"N/A","No action",2024-11-11,0,Alex Rivera (Ext.),2024-11-13,"No violation confirmed",2024-12-20,No,"External counsel review triggered",N/A,Desktop,AU,PA,incentivized,No,No,N/A,0.019,2
SREV-0266,TikTok Comment,2025-02-16,4,customer_50398,1753,820,Yes,17,4,"None",N/A,"N/A","No action",2025-03-21,0,Jordan Ellis,2025-03-23,"No violation confirmed",2025-04-28,No,"Post-launch monitoring wave 1",N/A,Tablet,DE,WA,incentivized,Yes,No,N/A,-0.854,58
SREV-0267,iHerb,2024-11-26,5,customer_81882,2464,64,Yes,40,2,"None",N/A,"N/A","No action",2024-12-28,0,Jordan Ellis,2024-12-28,"No violation confirmed",2024-12-28,No,"Post-launch monitoring wave 1",N/A,Mobile,CA,PA,incentivized,No,Yes,digestive,-0.796,82
SREV-0268,Chewy,2025-01-26,5,customer_84706,2232,421,Yes,31,7,"None",N/A,"N/A","No action",2025-02-28,0,Sarah Chen,2025-02-28,"No violation confirmed",2025-03-28,No,"Biodegradable claim review",N/A,Desktop,US,TX,organic,Yes,No,N/A,0.043,74
SREV-0269,Whole Foods,2025-01-01,3,customer_40363,2834,723,Yes,26,7,"None",N/A,"N/A","No action",2025-02-06,0,Jordan Ellis,2025-02-08,"No violation confirmed",2025-03-15,No,"Post-launch monitoring wave 1",N/A,Unknown,US,NY,organic,No,Yes,N/A,0.242,94
SREV-0270,Google Reviews,2025-02-19,4,customer_24415,1347,436,No,43,1,"None",N/A,"N/A","No action",2025-03-24,0,Jordan Ellis,2025-03-26,"No violation confirmed",2025-04-28,No,"Supplemental review audit (Update 2 batch)",N/A,Tablet,US,NY,organic,No,No,N/A,-0.466,44
SREV-0271,Costco.com,2025-03-07,5,customer_80743,276,114,Yes,35,2,"§465.3 — Insider review (employee account detected)",HIGH,"Pattern analysis + IP correlation","Investigation opened",2025-04-12,51744,Jordan Ellis,2025-04-14,"Review removed",2025-05-21,No,"Biodegradable claim review",CL-9753,Tablet,US,GA,organic,No,Yes,N/A,0.867,9
SREV-0272,Costco.com,2024-10-28,2,customer_35788,2755,432,Yes,2,12,"None",N/A,"N/A","No action",2024-11-28,0,Sarah Chen,2024-11-28,"No violation confirmed",2024-12-28,No,"Post-launch monitoring wave 1",N/A,Desktop,US,IL,organic,No,No,N/A,-0.689,91
SREV-0273,YouTube Comment,2024-12-21,1,customer_24532,595,644,No,26,1,"None",N/A,"N/A","No action",2024-12-26,0,Sarah Chen,2024-12-28,"No violation confirmed",2024-12-28,No,"Doctor-Formulated claim context analysis",N/A,Mobile,US,TX,incentivized,No,No,N/A,-0.742,19
SREV-0274,iHerb,2024-10-23,5,customer_72912,3166,286,No,22,5,"None",N/A,"N/A","No action",2024-11-28,0,Alex Rivera (Ext.),2024-11-28,"No violation confirmed",2024-12-28,No,"Post-launch monitoring wave 1",N/A,Desktop,US,GA,incentivized,No,Yes,N/A,-0.133,105
SREV-0275,Walmart.com,2025-03-24,3,customer_67579,3600,432,No,26,3,"None",N/A,"N/A","No action",2025-04-28,0,Alex Rivera (Ext.),2025-04-28,"No violation confirmed",2025-05-28,No,"Doctor-Formulated claim context analysis",N/A,Unknown,US,N/A,invited,No,No,N/A,0.464,120
SREV-0276,Amazon,2024-11-26,4,customer_42352,931,356,Yes,23,11,"None",N/A,"N/A","No action",2024-12-28,0,Alex Rivera (Ext.),2024-12-28,"No violation confirmed",2024-12-28,No,"Third-party platform audit",N/A,Desktop,US,IL,unknown,No,No,N/A,0.215,31
SREV-0277,Google Reviews,2024-11-01,3,customer_65857,693,485,Yes,11,10,"§465.2 — Suspected fake review (AI-generated text pattern)",MEDIUM,"Pattern analysis + IP correlation","Investigation opened",2024-12-06,51744,Sarah Chen,2024-12-08,"Monitoring ongoing",2024-12-15,No,"Supplemental review audit (Update 2 batch)",CL-3007,Desktop,AU,PA,organic,No,Yes,N/A,-0.797,23
SREV-0278,Whole Foods,2024-12-12,5,customer_48457,3490,655,Yes,10,5,"None",N/A,"N/A","No action",2024-12-17,0,Jordan Ellis,2024-12-19,"No violation confirmed",2024-12-26,No,"Supplemental review audit (Update 2 batch)",N/A,Desktop,CA,WA,unknown,No,No,N/A,0.279,116
SREV-0279,Google Reviews,2024-11-22,1,customer_19074,553,320,No,43,8,"None",N/A,"N/A","No action",2024-12-27,0,Casey Park,2024-12-28,"No violation confirmed",2024-12-28,No,"Post-launch monitoring wave 1",N/A,Mobile,US,CO,organic,Yes,Yes,N/A,-0.675,18
SREV-0280,Costco.com,2024-11-03,4,customer_25497,3380,590,Yes,2,3,"None",N/A,"N/A","No action",2024-12-08,0,Jordan Ellis,2024-12-10,"No violation confirmed",2024-12-17,Yes,"Third-party platform audit",N/A,Tablet,US,NY,incentivized,No,Yes,general_wellness,-0.988,112
SREV-0281,YouTube Comment,2024-10-09,5,customer_18877,2105,682,No,41,11,"§465.4 — Company-controlled review site not disclosed",HIGH,"Pattern analysis + IP correlation","Review removed (with cause)",2024-11-14,51744,Alex Rivera (Ext.),2024-11-16,"Monitoring ongoing",2024-12-23,No,"External counsel review triggered",CL-9919,Tablet,CA,N/A,unknown,No,No,N/A,-0.701,70
SREV-0282,Walmart.com,2024-10-14,1,customer_28136,597,671,No,3,5,"None",N/A,"N/A","No action",2024-11-19,0,Jordan Ellis,2024-11-21,"No violation confirmed",2024-12-28,No,"Third-party platform audit",N/A,Tablet,US,N/A,organic,Yes,Yes,N/A,0.137,19
SREV-0283,Reddit,2024-11-11,5,customer_99339,1000,732,Yes,32,0,"None",N/A,"N/A","No action",2024-12-16,0,Casey Park,2024-12-18,"No violation confirmed",2024-12-25,No,"Post-launch monitoring wave 1",N/A,Unknown,US,FL,unknown,Yes,Yes,immune,0.703,33
SREV-0284,Instagram Review,2024-10-15,5,customer_87549,3167,528,Yes,21,7,"None",N/A,"N/A","No action",2024-11-20,0,Sarah Chen,2024-11-22,"No violation confirmed",2024-12-28,No,"Doctor-Formulated claim context analysis",N/A,Unknown,US,CO,unknown,No,No,N/A,0.827,105
SREV-0285,CVS.com,2024-11-13,5,customer_70843,1101,547,Yes,21,5,"None",N/A,"N/A","No action",2024-12-18,0,Jordan Ellis,2024-12-20,"No violation confirmed",2024-12-27,No,"Post-launch monitoring wave 1",N/A,Desktop,UK,FL,incentivized,No,Yes,N/A,-0.44,36
SREV-0286,YouTube Comment,2024-12-23,3,customer_48021,266,207,Yes,34,12,"None",N/A,"N/A","No action",2024-12-28,0,Jordan Ellis,2024-12-28,"No violation confirmed",2024-12-28,No,"Doctor-Formulated claim context analysis",N/A,Mobile,UK,IL,organic,No,Yes,digestive,0.411,8
SREV-0287,Amazon,2024-11-05,5,customer_48677,2682,631,No,1,4,"None",N/A,"N/A","No action",2024-12-10,0,Jordan Ellis,2024-12-12,"No violation confirmed",2024-12-19,Yes,"Employee review sweep",N/A,Unknown,US,N/A,organic,No,No,N/A,-0.406,89
SREV-0288,Vitacore.com,2024-11-27,3,customer_63852,106,688,Yes,27,3,"None",N/A,"N/A","No action",2024-12-28,0,Sarah Chen,2024-12-28,"No violation confirmed",2024-12-28,No,"External counsel review triggered",N/A,Tablet,US,CO,invited,No,No,N/A,-0.508,3
SREV-0289,TikTok Comment,2024-10-06,4,customer_78172,2733,488,Yes,19,7,"None",N/A,"N/A","No action",2024-11-11,0,Sarah Chen,2024-11-13,"No violation confirmed",2024-12-20,No,"Biodegradable claim review",N/A,Desktop,US,FL,invited,No,Yes,N/A,-0.703,91
SREV-0290,TikTok Comment,2024-12-15,5,customer_54401,146,435,No,10,10,"§465.4 — Company-controlled review site not disclosed",MEDIUM,"Pattern analysis + IP correlation","Investigation opened",2024-12-20,51744,Casey Park,2024-12-22,"Violation confirmed",2024-12-28,No,"External counsel review triggered",CL-1272,Tablet,US,IL,organic,No,No,N/A,0.378,4
SREV-0291,Amazon,2025-02-20,4,customer_37256,1243,841,No,3,5,"None",N/A,"N/A","No action",2025-03-25,0,Jordan Ellis,2025-03-27,"No violation confirmed",2025-04-28,No,"Post-launch monitoring wave 1",N/A,Desktop,US,MA,invited,No,No,N/A,0.869,41
SREV-0292,Target.com,2025-01-08,4,customer_89904,2996,133,Yes,24,8,"None",N/A,"N/A","No action",2025-02-13,0,Casey Park,2025-02-15,"No violation confirmed",2025-03-22,No,"External counsel review triggered",N/A,Tablet,AU,GA,organic,Yes,Yes,N/A,-0.56,99
SREV-0293,Sprouts,2025-01-23,1,customer_68613,1283,461,Yes,20,2,"None",N/A,"N/A","No action",2025-02-28,0,Casey Park,2025-02-28,"No violation confirmed",2025-03-28,No,"Doctor-Formulated claim context analysis",N/A,Unknown,CA,MA,organic,Yes,No,N/A,0.494,42
SREV-0294,CVS.com,2025-03-13,5,customer_99326,687,381,Yes,11,4,"None",N/A,"N/A","No action",2025-04-18,0,Alex Rivera (Ext.),2025-04-20,"No violation confirmed",2025-05-27,No,"Post-launch monitoring wave 1",N/A,Unknown,UK,CA,unknown,No,Yes,N/A,0.968,22
SREV-0295,App Store,2024-12-04,5,customer_86755,2086,430,No,5,4,"§465.2 — Suspected fake review (AI-generated text pattern)",MEDIUM,"Pattern analysis + IP correlation","Legal hold",2024-12-09,51744,Sarah Chen,2024-12-11,"Violation confirmed",2024-12-18,No,"External counsel review triggered",CL-6564,Desktop,US,WA,organic,No,No,N/A,-0.059,69
SREV-0296,Google Reviews,2025-03-23,4,customer_42452,1743,705,Yes,36,5,"§465.2 — Review claims product cures disease (false representation)",HIGH,"Pattern analysis + IP correlation","FTC voluntary disclosure prepared",2025-04-28,51744,Casey Park,2025-04-28,"Review removed",2025-05-28,No,"Employee review sweep",CL-9758,Desktop,US,N/A,invited,Yes,Yes,immune,-0.95,58
SREV-0297,Twitter/X,2025-02-19,3,customer_54883,239,441,Yes,31,8,"None",N/A,"N/A","No action",2025-03-24,0,Alex Rivera (Ext.),2025-03-26,"No violation confirmed",2025-04-28,No,"Third-party platform audit",N/A,Unknown,US,CO,incentivized,No,Yes,digestive,-0.705,7
SREV-0298,TikTok Comment,2024-12-21,4,customer_52677,1416,345,Yes,12,7,"None",N/A,"N/A","No action",2024-12-26,0,Alex Rivera (Ext.),2024-12-28,"No violation confirmed",2024-12-28,No,"External counsel review triggered",N/A,Tablet,US,CA,incentivized,Yes,No,N/A,0.191,47
SREV-0299,YouTube Comment,2024-12-05,5,customer_42059,2791,378,No,19,1,"None",N/A,"N/A","No action",2024-12-10,0,Jordan Ellis,2024-12-12,"No violation confirmed",2024-12-19,No,"Doctor-Formulated claim context analysis",N/A,Unknown,US,CA,incentivized,No,No,N/A,-0.557,93
SREV-0300,Costco.com,2024-11-04,1,customer_34037,892,293,Yes,17,6,"§465.2 — Review claims product cures disease (false representation)",HIGH,"Pattern analysis + IP correlation","Platform reported",2024-12-09,51744,Casey Park,2024-12-11,"Disclosure added",2024-12-18,No,"Post-launch monitoring wave 1",CL-2693,Tablet,US,WA,invited,No,No,N/A,-0.581,29
SREV-0301,Instagram Review,2024-12-28,4,customer_95807,978,779,No,1,10,"None",N/A,"N/A","No action",2024-12-28,0,Sarah Chen,2024-12-28,"No violation confirmed",2024-12-28,No,"Supplemental review audit (Update 2 batch)",N/A,Desktop,US,PA,organic,No,Yes,general_wellness,0.156,32
SREV-0302,iHerb,2024-12-16,4,customer_34254,2070,150,No,10,8,"§465.3 — Insider review (employee account detected)",MEDIUM,"Pattern analysis + IP correlation","Platform reported",2024-12-21,51744,Casey Park,2024-12-23,"Review removed",2024-12-28,No,"Supplemental review audit (Update 2 batch)",CL-7707,Unknown,CA,FL,organic,No,No,N/A,0.343,69
SREV-0303,Costco.com,2025-03-25,5,customer_10718,2335,818,Yes,39,0,"None",N/A,"N/A","No action",2025-04-28,0,Casey Park,2025-04-28,"No violation confirmed",2025-05-28,No,"External counsel review triggered",N/A,Unknown,CA,FL,unknown,Yes,No,N/A,0.788,77
SREV-0304,Reddit,2024-11-24,3,customer_11164,1394,402,No,18,10,"None",N/A,"N/A","No action",2024-12-28,0,Sarah Chen,2024-12-28,"No violation confirmed",2024-12-28,No,"Third-party platform audit",N/A,Unknown,CA,N/A,organic,No,No,N/A,0.754,46
SREV-0305,iHerb,2024-10-26,2,customer_27087,1336,209,Yes,43,11,"None",N/A,"N/A","No action",2024-11-28,0,Alex Rivera (Ext.),2024-11-28,"No violation confirmed",2024-12-28,No,"Doctor-Formulated claim context analysis",N/A,Mobile,US,TX,unknown,No,Yes,digestive,0.933,44
SREV-0306,App Store,2024-10-05,2,customer_53454,926,363,No,29,2,"§465.3 — Insider review (employee account detected)",HIGH,"Pattern analysis + IP correlation","FTC voluntary disclosure prepared",2024-11-10,51744,Casey Park,2024-11-12,"No violation confirmed",2024-12-19,No,"Employee review sweep",CL-8751,Mobile,US,GA,organic,No,Yes,digestive,0.562,30
SREV-0307,CVS.com,2024-12-27,1,customer_92169,2001,650,No,25,4,"None",N/A,"N/A","No action",2024-12-28,0,Alex Rivera (Ext.),2024-12-28,"No violation confirmed",2024-12-28,No,"Biodegradable claim review",N/A,Tablet,UK,PA,incentivized,No,No,N/A,0.833,66
SREV-0308,Twitter/X,2025-01-13,5,customer_84959,1751,289,Yes,1,12,"§465.5 — Reviewer appears to be social media bot (fake account)",HIGH,"Pattern analysis + IP correlation","Consent order monitoring",2025-02-18,51744,Jordan Ellis,2025-02-20,"Settlement negotiated",2025-03-27,No,"Employee review sweep",CL-7727,Mobile,US,TX,organic,No,Yes,digestive,-0.758,58
SREV-0309,Target.com,2024-12-05,5,customer_96865,1110,780,No,43,4,"None",N/A,"N/A","No action",2024-12-10,0,Sarah Chen,2024-12-12,"No violation confirmed",2024-12-19,No,"Third-party platform audit",N/A,Tablet,US,NY,organic,Yes,No,N/A,-0.279,37
SREV-0310,Chewy,2025-02-15,5,customer_72751,1911,640,Yes,27,12,"None",N/A,"N/A","No action",2025-03-20,0,Alex Rivera (Ext.),2025-03-22,"No violation confirmed",2025-04-28,No,"Third-party platform audit",N/A,Tablet,UK,PA,incentivized,No,No,N/A,-0.014,63
SREV-0311,Trustpilot,2024-11-03,5,customer_75068,1556,383,Yes,33,10,"None",N/A,"N/A","No action",2024-12-08,0,Alex Rivera (Ext.),2024-12-10,"No violation confirmed",2024-12-17,No,"Employee review sweep",N/A,Unknown,US,WA,invited,No,No,N/A,-0.708,51
SREV-0312,Target.com,2025-02-11,5,customer_84211,1672,141,No,16,1,"None",N/A,"N/A","No action",2025-03-16,0,Alex Rivera (Ext.),2025-03-18,"No violation confirmed",2025-04-25,No,"Doctor-Formulated claim context analysis",N/A,Desktop,DE,WA,organic,No,No,N/A,0.078,55
SREV-0313,CVS.com,2024-11-21,5,customer_46144,3203,608,Yes,8,9,"§465.6 — Review suppression candidate (negative review hidden)",HIGH,"Pattern analysis + IP correlation","No action",2024-12-26,51744,Alex Rivera (Ext.),2024-12-28,"Training triggered",2024-12-28,No,"Biodegradable claim review",CL-6043,Mobile,US,FL,organic,No,No,N/A,-0.847,106
SREV-0314,Twitter/X,2024-12-25,2,customer_56728,1659,608,Yes,27,1,"None",N/A,"N/A","No action",2024-12-28,0,Casey Park,2024-12-28,"No violation confirmed",2024-12-28,No,"External counsel review triggered",N/A,Desktop,US,N/A,organic,No,No,N/A,-0.259,55
SREV-0315,TikTok Comment,2025-01-03,2,customer_26120,2066,191,Yes,37,3,"None",N/A,"N/A","No action",2025-02-08,0,Jordan Ellis,2025-02-10,"No violation confirmed",2025-03-17,No,"Doctor-Formulated claim context analysis",N/A,Unknown,US,MA,organic,No,Yes,N/A,0.238,68
SREV-0316,YouTube Comment,2024-10-19,4,customer_73101,309,303,Yes,25,11,"None",N/A,"N/A","No action",2024-11-24,0,Sarah Chen,2024-11-26,"No violation confirmed",2024-12-28,No,"Post-launch monitoring wave 1",N/A,Desktop,US,MA,unknown,No,Yes,general_wellness,0.994,10
SREV-0317,Chewy,2025-02-03,5,customer_17016,349,106,Yes,41,3,"None",N/A,"N/A","No action",2025-03-08,0,Casey Park,2025-03-10,"No violation confirmed",2025-04-17,No,"Employee review sweep",N/A,Mobile,US,WA,incentivized,No,Yes,digestive,0.99,11
SREV-0318,TikTok Comment,2024-11-26,4,customer_63303,2154,806,Yes,31,7,"None",N/A,"N/A","No action",2024-12-28,0,Casey Park,2024-12-28,"No violation confirmed",2024-12-28,No,"External counsel review triggered",N/A,Mobile,US,PA,unknown,Yes,No,N/A,-0.801,71
SREV-0319,Yelp,2024-11-14,3,customer_35300,2017,261,Yes,14,7,"§465.3 — Insider review (employee account detected)",HIGH,"Pattern analysis + IP correlation","Investigation opened",2024-12-19,51744,Casey Park,2024-12-21,"No violation confirmed",2024-12-28,No,"Doctor-Formulated claim context analysis",CL-3439,Tablet,US,NY,organic,No,Yes,general_wellness,-0.966,67
SREV-0320,Twitter/X,2024-12-03,5,customer_78328,231,626,Yes,28,2,"None",N/A,"N/A","No action",2024-12-08,0,Alex Rivera (Ext.),2024-12-10,"No violation confirmed",2024-12-17,No,"Third-party platform audit",N/A,Unknown,US,TX,organic,Yes,No,N/A,-0.692,7
SREV-0321,TikTok Comment,2025-03-15,5,customer_24417,1882,611,Yes,7,8,"None",N/A,"N/A","No action",2025-04-20,0,Alex Rivera (Ext.),2025-04-22,"No violation confirmed",2025-05-28,No,"Third-party platform audit",N/A,Desktop,US,TX,unknown,No,No,N/A,0.889,62
SREV-0322,TikTok Comment,2024-11-23,5,customer_32377,1092,530,Yes,41,1,"None",N/A,"N/A","No action",2024-12-28,0,Alex Rivera (Ext.),2024-12-28,"No violation confirmed",2024-12-28,No,"Doctor-Formulated claim context analysis",N/A,Tablet,CA,GA,unknown,No,Yes,digestive,0.89,36
SREV-0323,iHerb,2025-01-24,4,customer_97693,707,80,Yes,9,1,"None",N/A,"N/A","No action",2025-02-28,0,Casey Park,2025-02-28,"No violation confirmed",2025-03-28,No,"External counsel review triggered",N/A,Unknown,US,PA,unknown,Yes,No,N/A,0.907,23
SREV-0324,Instagram Review,2025-03-08,5,customer_39137,3142,212,Yes,24,12,"None",N/A,"N/A","No action",2025-04-13,0,Jordan Ellis,2025-04-15,"No violation confirmed",2025-05-22,No,"Doctor-Formulated claim context analysis",N/A,Desktop,US,WA,unknown,Yes,No,N/A,-0.097,104
SREV-0325,Google Reviews,2024-10-25,3,customer_82880,3213,121,No,20,12,"§465.3 — Family member of employee (immediate family disclosure required)",HIGH,"Pattern analysis + IP correlation","Escalated to CCO",2024-11-28,51744,Sarah Chen,2024-11-28,"No violation confirmed",2024-12-28,No,"External counsel review triggered",CL-4890,Unknown,CA,CA,organic,No,No,N/A,0.121,107
SREV-0326,Sprouts,2024-12-11,4,customer_83047,1169,684,No,6,10,"§465.3 — Insider review (employee account detected)",MEDIUM,"Pattern analysis + IP correlation","FTC voluntary disclosure prepared",2024-12-16,51744,Sarah Chen,2024-12-18,"Violation confirmed",2024-12-25,No,"Doctor-Formulated claim context analysis",CL-9800,Mobile,US,N/A,organic,No,No,N/A,0.083,38
SREV-0327,Sprouts,2025-01-17,5,customer_96179,2921,527,No,42,10,"None",N/A,"N/A","No action",2025-02-22,0,Alex Rivera (Ext.),2025-02-24,"No violation confirmed",2025-03-28,No,"Doctor-Formulated claim context analysis",N/A,Unknown,US,GA,incentivized,No,Yes,N/A,-0.02,97
SREV-0328,Costco.com,2024-11-06,5,customer_95755,720,790,No,26,3,"None",N/A,"N/A","No action",2024-12-11,0,Sarah Chen,2024-12-13,"No violation confirmed",2024-12-20,No,"Employee review sweep",N/A,Desktop,US,MA,organic,No,No,N/A,0.911,24
SREV-0329,TikTok Comment,2024-10-17,5,customer_62161,2685,789,No,31,3,"None",N/A,"N/A","No action",2024-11-22,0,Jordan Ellis,2024-11-24,"No violation confirmed",2024-12-28,No,"External counsel review triggered",N/A,Tablet,US,CA,unknown,No,No,N/A,-0.751,89
SREV-0330,Instagram Review,2024-11-06,4,customer_32814,627,645,No,6,8,"None",N/A,"N/A","No action",2024-12-11,0,Casey Park,2024-12-13,"No violation confirmed",2024-12-20,No,"Biodegradable claim review",N/A,Mobile,US,PA,incentivized,Yes,Yes,general_wellness,0.369,20
SREV-0331,Instagram Review,2024-10-13,5,customer_96683,1099,127,No,10,6,"None",N/A,"N/A","No action",2024-11-18,0,Alex Rivera (Ext.),2024-11-20,"No violation confirmed",2024-12-27,No,"Supplemental review audit (Update 2 batch)",N/A,Desktop,US,CA,invited,No,No,N/A,0.291,36
SREV-0332,Twitter/X,2024-11-16,5,customer_62700,211,166,Yes,10,6,"None",N/A,"N/A","No action",2024-12-21,0,Casey Park,2024-12-23,"No violation confirmed",2024-12-28,No,"External counsel review triggered",N/A,Unknown,US,PA,organic,No,No,N/A,-0.674,7
SREV-0333,iHerb,2025-01-24,4,customer_82678,2520,631,No,10,3,"None",N/A,"N/A","No action",2025-02-28,0,Alex Rivera (Ext.),2025-02-28,"No violation confirmed",2025-03-28,No,"Post-launch monitoring wave 1",N/A,Tablet,DE,NY,unknown,No,Yes,N/A,0.488,84
SREV-0334,CVS.com,2025-01-14,4,customer_36895,740,50,No,16,11,"§465.6 — Review suppression candidate (negative review hidden)",MEDIUM,"Pattern analysis + IP correlation","FTC voluntary disclosure prepared",2025-02-19,51744,Sarah Chen,2025-02-21,"Disclosure added",2025-03-28,No,"Post-launch monitoring wave 1",CL-4298,Desktop,US,N/A,unknown,Yes,Yes,general_wellness,-0.094,24
SREV-0335,Whole Foods,2024-11-08,1,customer_26459,2261,487,Yes,39,5,"§465.3 — Insider review (employee account detected)",HIGH,"Pattern analysis + IP correlation","Platform reported",2024-12-13,51744,Alex Rivera (Ext.),2024-12-15,"Training triggered",2024-12-22,No,"Third-party platform audit",CL-9396,Unknown,US,NY,incentivized,No,Yes,general_wellness,-0.383,75
SREV-0336,TikTok Comment,2024-11-02,4,customer_16938,169,253,Yes,14,8,"None",N/A,"N/A","No action",2024-12-07,0,Casey Park,2024-12-09,"No violation confirmed",2024-12-16,No,"Biodegradable claim review",N/A,Unknown,CA,CA,organic,No,Yes,immune,0.922,5
SREV-0337,Costco.com,2024-12-26,5,customer_19349,601,735,Yes,15,1,"None",N/A,"N/A","No action",2024-12-28,0,Jordan Ellis,2024-12-28,"No violation confirmed",2024-12-28,No,"External counsel review triggered",N/A,Unknown,US,CO,incentivized,No,Yes,immune,-0.247,20
SREV-0338,Trustpilot,2024-12-20,5,customer_91476,1085,723,Yes,3,8,"None",N/A,"N/A","No action",2024-12-25,0,Sarah Chen,2024-12-27,"No violation confirmed",2024-12-28,No,"Post-launch monitoring wave 1",N/A,Unknown,US,FL,unknown,No,No,N/A,0.723,36
SREV-0339,Instagram Review,2024-10-09,5,customer_42283,2731,424,Yes,27,10,"None",N/A,"N/A","No action",2024-11-14,0,Sarah Chen,2024-11-16,"No violation confirmed",2024-12-23,No,"Third-party platform audit",N/A,Tablet,US,TX,unknown,Yes,No,N/A,0.917,91
SREV-0340,Google Reviews,2024-12-09,5,customer_50454,2588,521,No,27,8,"None",N/A,"N/A","No action",2024-12-14,0,Alex Rivera (Ext.),2024-12-16,"No violation confirmed",2024-12-23,No,"Post-launch monitoring wave 1",N/A,Mobile,CA,WA,organic,No,Yes,digestive,-0.503,86
SREV-0341,Instagram Review,2024-11-13,4,customer_49474,3360,223,Yes,29,8,"None",N/A,"N/A","No action",2024-12-18,0,Casey Park,2024-12-20,"No violation confirmed",2024-12-27,No,"Third-party platform audit",N/A,Unknown,US,TX,unknown,No,Yes,digestive,0.746,112
SREV-0342,iHerb,2024-10-24,5,customer_19516,911,827,Yes,26,8,"§465.5 — Reviewer appears to be social media bot (fake account)",MEDIUM,"Pattern analysis + IP correlation","No action",2024-11-28,51744,Alex Rivera (Ext.),2024-11-28,"Referral to enforcement",2024-12-28,No,"Biodegradable claim review",CL-2524,Unknown,US,PA,organic,Yes,No,N/A,0.97,30
SREV-0343,Sprouts,2024-10-11,5,customer_28695,1542,502,Yes,10,12,"None",N/A,"N/A","No action",2024-11-16,0,Jordan Ellis,2024-11-18,"No violation confirmed",2024-12-25,No,"Third-party platform audit",N/A,Unknown,US,PA,organic,No,No,N/A,-0.125,51
SREV-0344,Walmart.com,2024-10-26,5,customer_91747,421,601,No,42,5,"None",N/A,"N/A","No action",2024-11-28,0,Jordan Ellis,2024-11-28,"No violation confirmed",2024-12-28,No,"Supplemental review audit (Update 2 batch)",N/A,Mobile,US,MA,organic,No,Yes,general_wellness,-0.507,14
SREV-0345,YouTube Comment,2025-02-27,4,customer_44936,201,399,Yes,40,12,"§465.5 — Reviewer appears to be social media bot (fake account)",MEDIUM,"Pattern analysis + IP correlation","FTC voluntary disclosure prepared",2025-03-28,51744,Sarah Chen,2025-03-28,"Disclosure added",2025-04-28,No,"Third-party platform audit",CL-4481,Unknown,US,CA,unknown,No,No,N/A,-0.699,6
SREV-0346,iHerb,2024-10-19,4,customer_51415,3555,747,Yes,2,9,"None",N/A,"N/A","No action",2024-11-24,0,Alex Rivera (Ext.),2024-11-26,"No violation confirmed",2024-12-28,No,"Employee review sweep",N/A,Desktop,US,TX,organic,No,Yes,immune,0.889,118
SREV-0347,Twitter/X,2025-02-04,5,customer_12018,2453,598,Yes,40,7,"None",N/A,"N/A","No action",2025-03-09,0,Alex Rivera (Ext.),2025-03-11,"No violation confirmed",2025-04-18,No,"Post-launch monitoring wave 1",N/A,Mobile,US,TX,unknown,Yes,No,N/A,-0.738,81
SREV-0348,CVS.com,2024-12-04,5,customer_93572,1866,103,No,41,2,"None",N/A,"N/A","No action",2024-12-09,0,Casey Park,2024-12-11,"No violation confirmed",2024-12-18,No,"Third-party platform audit",N/A,Mobile,US,NY,invited,No,Yes,general_wellness,0.921,62
SREV-0349,Facebook,2024-12-28,4,customer_65054,1354,522,No,0,8,"§465.6 — Review suppression candidate (negative review hidden)",HIGH,"Pattern analysis + IP correlation","Consent order monitoring",2024-12-28,51744,Jordan Ellis,2024-12-28,"No violation confirmed",2024-12-28,No,"Doctor-Formulated claim context analysis",CL-4032,Unknown,CA,IL,organic,No,Yes,N/A,-0.244,45
SREV-0350,Instagram Review,2024-10-26,4,customer_25172,2700,115,Yes,27,11,"None",N/A,"N/A","No action",2024-11-28,0,Sarah Chen,2024-11-28,"No violation confirmed",2024-12-28,No,"Third-party platform audit",N/A,Tablet,US,CA,incentivized,No,No,N/A,-0.215,90
SREV-0351,Whole Foods,2025-02-27,1,customer_52515,454,576,Yes,24,2,"None",N/A,"N/A","No action",2025-03-28,0,Jordan Ellis,2025-03-28,"No violation confirmed",2025-04-28,No,"Biodegradable claim review",N/A,Tablet,US,TX,organic,Yes,No,N/A,-0.647,15
SREV-0352,Whole Foods,2025-03-15,5,customer_57065,2438,744,No,29,10,"None",N/A,"N/A","No action",2025-04-20,0,Jordan Ellis,2025-04-22,"No violation confirmed",2025-05-28,No,"Biodegradable claim review",N/A,Desktop,US,N/A,unknown,Yes,No,N/A,0.268,81
SREV-0353,Walmart.com,2024-10-06,4,customer_19252,545,742,No,31,4,"None",N/A,"N/A","No action",2024-11-11,0,Sarah Chen,2024-11-13,"No violation confirmed",2024-12-20,No,"Post-launch monitoring wave 1",N/A,Desktop,US,MA,organic,No,No,N/A,-0.348,18
SREV-0354,Instagram Review,2025-03-10,4,customer_43619,2251,232,Yes,35,12,"None",N/A,"N/A","No action",2025-04-15,0,Jordan Ellis,2025-04-17,"No violation confirmed",2025-05-24,No,"Supplemental review audit (Update 2 batch)",N/A,Tablet,DE,TX,organic,Yes,No,N/A,-0.303,75
SREV-0355,iHerb,2024-12-08,4,customer_58325,2689,739,No,22,8,"None",N/A,"N/A","No action",2024-12-13,0,Alex Rivera (Ext.),2024-12-15,"No violation confirmed",2024-12-22,No,"Biodegradable claim review",N/A,Mobile,US,TX,unknown,No,Yes,general_wellness,-0.871,89
SREV-0356,CVS.com,2024-10-03,1,customer_29437,302,577,Yes,14,3,"None",N/A,"N/A","No action",2024-11-08,0,Casey Park,2024-11-10,"No violation confirmed",2024-12-17,No,"Post-launch monitoring wave 1",N/A,Unknown,US,N/A,invited,No,No,N/A,-0.677,10
SREV-0357,App Store,2024-11-26,5,customer_70722,86,447,Yes,26,12,"§465.6 — Review suppression candidate (negative review hidden)",HIGH,"Pattern analysis + IP correlation","Investigation opened",2024-12-28,51744,Alex Rivera (Ext.),2024-12-28,"Training triggered",2024-12-28,No,"Third-party platform audit",CL-1316,Unknown,US,FL,unknown,Yes,No,N/A,-0.148,2
SREV-0358,Amazon,2024-10-26,4,customer_77921,2734,237,Yes,41,6,"None",N/A,"N/A","No action",2024-11-28,0,Alex Rivera (Ext.),2024-11-28,"No violation confirmed",2024-12-28,No,"Biodegradable claim review",N/A,Unknown,US,FL,incentivized,No,No,N/A,-0.952,91
SREV-0359,Instagram Review,2024-11-25,4,customer_26074,2166,540,Yes,43,9,"None",N/A,"N/A","No action",2024-12-28,0,Jordan Ellis,2024-12-28,"No violation confirmed",2024-12-28,No,"Employee review sweep",N/A,Desktop,US,CO,unknown,No,No,N/A,-0.945,72
SREV-0360,App Store,2025-02-21,4,customer_71748,53,129,Yes,3,2,"§465.6 — Review suppression candidate (negative review hidden)",MEDIUM,"Pattern analysis + IP correlation","Investigation opened",2025-03-26,51744,Alex Rivera (Ext.),2025-03-28,"Violation confirmed",2025-04-28,No,"Third-party platform audit",CL-7580,Unknown,US,FL,organic,No,No,N/A,0.553,1
SREV-0361,YouTube Comment,2024-10-04,5,customer_25307,645,192,No,33,10,"§465.2 — Suspected fake review (AI-generated text pattern)",HIGH,"Pattern analysis + IP correlation","Consent order monitoring",2024-11-09,51744,Sarah Chen,2024-11-11,"Referral to enforcement",2024-12-18,No,"Third-party platform audit",CL-1647,Desktop,US,GA,invited,No,No,N/A,-0.99,21
SREV-0362,Vitacore.com,2025-01-09,2,customer_54965,1197,589,Yes,31,10,"None",N/A,"N/A","No action",2025-02-14,0,Jordan Ellis,2025-02-16,"No violation confirmed",2025-03-23,No,"Third-party platform audit",N/A,Unknown,DE,CO,invited,Yes,No,N/A,0.224,39
SREV-0363,TikTok Comment,2025-02-28,4,customer_20781,2869,816,No,13,5,"None",N/A,"N/A","No action",2025-03-28,0,Casey Park,2025-03-28,"No violation confirmed",2025-04-28,No,"Doctor-Formulated claim context analysis",N/A,Tablet,US,PA,organic,No,No,N/A,0.197,95
SREV-0364,CVS.com,2024-12-27,5,customer_72542,1440,706,Yes,7,3,"§465.2 — Review paid for via third-party mill",MEDIUM,"Pattern analysis + IP correlation","Investigation opened",2024-12-28,51744,Casey Park,2024-12-28,"Settlement negotiated",2024-12-28,No,"Third-party platform audit",CL-8032,Unknown,UK,GA,organic,Yes,No,N/A,-0.338,48
SREV-0365,iHerb,2025-03-25,4,customer_43819,3421,780,Yes,16,1,"§465.5 — Coordinated review pattern (same IP address cluster)",HIGH,"Pattern analysis + IP correlation","No action",2025-04-28,51744,Casey Park,2025-04-28,"Review removed",2025-05-28,Yes,"Supplemental review audit (Update 2 batch)",CL-9592,Mobile,US,NY,organic,No,Yes,N/A,-0.706,114
SREV-0366,YouTube Comment,2024-11-12,2,customer_49432,2780,183,Yes,9,10,"§465.7 — Reviewer reports legal threat received",MEDIUM,"Pattern analysis + IP correlation","Review removed (with cause)",2024-12-17,51744,Alex Rivera (Ext.),2024-12-19,"Violation confirmed",2024-12-26,No,"Post-launch monitoring wave 1",CL-7501,Desktop,US,WA,incentivized,No,No,N/A,0.213,92
SREV-0367,YouTube Comment,2025-03-06,4,customer_74917,487,352,Yes,7,10,"None",N/A,"N/A","No action",2025-04-11,0,Casey Park,2025-04-13,"No violation confirmed",2025-05-20,No,"Employee review sweep",N/A,Mobile,CA,N/A,invited,No,No,N/A,0.522,16
SREV-0368,Amazon,2024-10-10,4,customer_93280,2104,265,Yes,25,2,"§465.2 — Review paid for via third-party mill",MEDIUM,"Pattern analysis + IP correlation","Legal hold",2024-11-15,51744,Jordan Ellis,2024-11-17,"Monitoring ongoing",2024-12-24,No,"Supplemental review audit (Update 2 batch)",CL-4154,Unknown,US,NY,unknown,No,No,N/A,-0.845,70
SREV-0369,Target.com,2025-02-22,4,customer_35971,567,682,No,45,2,"§465.6 — Review suppression candidate (negative review hidden)",MEDIUM,"Pattern analysis + IP correlation","Consent order monitoring",2025-03-27,51744,Casey Park,2025-03-28,"Monitoring ongoing",2025-04-28,No,"Employee review sweep",CL-1461,Tablet,UK,CO,unknown,No,Yes,general_wellness,-0.35,18
SREV-0370,Instagram Review,2024-11-08,4,customer_23188,2042,168,Yes,1,5,"None",N/A,"N/A","No action",2024-12-13,0,Jordan Ellis,2024-12-15,"No violation confirmed",2024-12-22,No,"Employee review sweep",N/A,Tablet,US,IL,incentivized,Yes,No,N/A,0.45,68
SREV-0371,Costco.com,2024-12-24,5,customer_96370,2297,517,Yes,36,3,"None",N/A,"N/A","No action",2024-12-28,0,Jordan Ellis,2024-12-28,"No violation confirmed",2024-12-28,No,"Biodegradable claim review",N/A,Tablet,US,FL,organic,Yes,No,N/A,-0.747,76
SREV-0372,YouTube Comment,2024-11-04,5,customer_10937,134,55,No,27,2,"None",N/A,"N/A","No action",2024-12-09,0,Jordan Ellis,2024-12-11,"No violation confirmed",2024-12-18,No,"Post-launch monitoring wave 1",N/A,Mobile,US,CA,organic,No,Yes,digestive,0.173,4
SREV-0373,Yelp,2024-11-01,4,customer_30821,2310,248,Yes,4,2,"None",N/A,"N/A","No action",2024-12-06,0,Alex Rivera (Ext.),2024-12-08,"No violation confirmed",2024-12-15,No,"Biodegradable claim review",N/A,Desktop,US,N/A,organic,No,No,N/A,-0.485,77
SREV-0374,TikTok Comment,2024-12-23,5,customer_84130,2879,749,No,39,1,"§465.2 — Review paid for via third-party mill",HIGH,"Pattern analysis + IP correlation","Escalated to CCO",2024-12-28,51744,Casey Park,2024-12-28,"Violation confirmed",2024-12-28,No,"Post-launch monitoring wave 1",CL-8392,Tablet,US,N/A,organic,Yes,No,N/A,-0.323,95
SREV-0375,TikTok Comment,2024-11-12,5,customer_67830,464,798,Yes,26,4,"None",N/A,"N/A","No action",2024-12-17,0,Jordan Ellis,2024-12-19,"No violation confirmed",2024-12-26,No,"Biodegradable claim review",N/A,Unknown,US,PA,organic,No,No,N/A,-0.694,15
SREV-0376,Google Reviews,2024-12-20,5,customer_48812,2723,117,No,40,0,"§465.7 — Reviewer reports legal threat received",HIGH,"Pattern analysis + IP correlation","Platform reported",2024-12-25,51744,Jordan Ellis,2024-12-27,"Referral to enforcement",2024-12-28,No,"Post-launch monitoring wave 1",CL-3882,Tablet,US,MA,organic,Yes,No,N/A,0.098,90
SREV-0377,Yelp,2024-11-11,5,customer_47927,557,819,Yes,5,1,"None",N/A,"N/A","No action",2024-12-16,0,Jordan Ellis,2024-12-18,"No violation confirmed",2024-12-25,No,"External counsel review triggered",N/A,Unknown,US,CA,incentivized,No,No,N/A,-0.611,18
SREV-0378,Yelp,2025-02-27,4,customer_84395,3146,709,Yes,33,12,"None",N/A,"N/A","No action",2025-03-28,0,Sarah Chen,2025-03-28,"No violation confirmed",2025-04-28,No,"Employee review sweep",N/A,Tablet,US,TX,organic,No,Yes,digestive,-0.809,104
SREV-0379,Twitter/X,2024-12-14,5,customer_25058,1893,580,No,1,11,"None",N/A,"N/A","No action",2024-12-19,0,Jordan Ellis,2024-12-21,"No violation confirmed",2024-12-28,No,"Employee review sweep",N/A,Desktop,US,NY,invited,No,No,N/A,-0.802,63
SREV-0380,Target.com,2024-12-06,5,customer_72695,1567,303,Yes,2,2,"None",N/A,"N/A","No action",2024-12-11,0,Sarah Chen,2024-12-13,"No violation confirmed",2024-12-20,No,"Third-party platform audit",N/A,Unknown,US,CA,organic,Yes,Yes,N/A,-0.393,52
SREV-0381,Chewy,2025-01-09,3,customer_39527,703,640,Yes,0,3,"None",N/A,"N/A","No action",2025-02-14,0,Casey Park,2025-02-16,"No violation confirmed",2025-03-23,No,"Supplemental review audit (Update 2 batch)",N/A,Tablet,US,NY,invited,No,No,N/A,-0.35,23
SREV-0382,CVS.com,2024-11-04,5,customer_65249,658,700,Yes,20,7,"None",N/A,"N/A","No action",2024-12-09,0,Alex Rivera (Ext.),2024-12-11,"No violation confirmed",2024-12-18,No,"Supplemental review audit (Update 2 batch)",N/A,Tablet,US,WA,incentivized,No,No,N/A,-0.517,21
SREV-0383,Google Reviews,2024-10-13,2,customer_85660,3483,726,No,32,2,"§465.2 — Suspected fake review (AI-generated text pattern)",HIGH,"Pattern analysis + IP correlation","Legal hold",2024-11-18,51744,Jordan Ellis,2024-11-20,"Referral to enforcement",2024-12-27,No,"External counsel review triggered",CL-2364,Mobile,US,NY,organic,Yes,Yes,N/A,0.036,116
SREV-0384,Twitter/X,2024-11-20,4,customer_59718,2366,755,Yes,15,5,"None",N/A,"N/A","No action",2024-12-25,0,Casey Park,2024-12-27,"No violation confirmed",2024-12-28,No,"Biodegradable claim review",N/A,Tablet,US,TX,incentivized,No,Yes,immune,0.455,78
SREV-0385,CVS.com,2024-12-26,5,customer_18874,2900,615,Yes,15,3,"§465.7 — Reviewer reports legal threat received",MEDIUM,"Pattern analysis + IP correlation","FTC voluntary disclosure prepared",2024-12-28,51744,Casey Park,2024-12-28,"Platform notified",2024-12-28,No,"Employee review sweep",CL-8654,Unknown,US,TX,incentivized,Yes,No,N/A,0.673,96
SREV-0386,iHerb,2024-10-02,4,customer_56458,3295,196,Yes,7,6,"None",N/A,"N/A","No action",2024-11-07,0,Alex Rivera (Ext.),2024-11-09,"No violation confirmed",2024-12-16,No,"Post-launch monitoring wave 1",N/A,Unknown,US,CO,organic,No,No,N/A,0.269,109
SREV-0387,Whole Foods,2025-02-16,5,customer_78111,569,404,Yes,13,10,"None",N/A,"N/A","No action",2025-03-21,0,Alex Rivera (Ext.),2025-03-23,"No violation confirmed",2025-04-28,No,"External counsel review triggered",N/A,Mobile,US,NY,organic,No,No,N/A,-0.773,18
SREV-0388,Costco.com,2024-10-18,5,customer_26814,855,306,No,21,3,"§465.6 — Review suppression candidate (negative review hidden)",MEDIUM,"Pattern analysis + IP correlation","Platform reported",2024-11-23,51744,Alex Rivera (Ext.),2024-11-25,"Referral to enforcement",2024-12-28,No,"Employee review sweep",CL-6109,Tablet,US,CA,unknown,No,Yes,immune,0.424,28
SREV-0389,App Store,2024-12-06,5,customer_76347,912,678,Yes,27,5,"None",N/A,"N/A","No action",2024-12-11,0,Alex Rivera (Ext.),2024-12-13,"No violation confirmed",2024-12-20,No,"External counsel review triggered",N/A,Mobile,US,FL,organic,No,No,N/A,-0.998,30
SREV-0390,CVS.com,2024-10-15,5,customer_39024,1390,530,Yes,36,2,"None",N/A,"N/A","No action",2024-11-20,0,Jordan Ellis,2024-11-22,"No violation confirmed",2024-12-28,No,"External counsel review triggered",N/A,Mobile,US,IL,unknown,No,Yes,digestive,-0.173,46
SREV-0391,Target.com,2024-10-20,5,customer_29244,1294,356,Yes,32,10,"None",N/A,"N/A","No action",2024-11-25,0,Casey Park,2024-11-27,"No violation confirmed",2024-12-28,No,"Post-launch monitoring wave 1",N/A,Tablet,US,MA,unknown,No,Yes,N/A,0.326,43
SREV-0392,Google Reviews,2024-12-17,5,customer_30719,166,461,No,39,10,"None",N/A,"N/A","No action",2024-12-22,0,Sarah Chen,2024-12-24,"No violation confirmed",2024-12-28,No,"Biodegradable claim review",N/A,Desktop,UK,PA,organic,No,No,N/A,0.965,5
SREV-0393,Twitter/X,2024-11-07,5,customer_50883,1406,235,Yes,35,2,"None",N/A,"N/A","No action",2024-12-12,0,Casey Park,2024-12-14,"No violation confirmed",2024-12-21,No,"Doctor-Formulated claim context analysis",N/A,Unknown,UK,IL,organic,No,Yes,N/A,-0.759,46
SREV-0394,Trustpilot,2025-01-02,4,customer_26919,2903,278,Yes,34,5,"§465.3 — Insider review (employee account detected)",HIGH,"Pattern analysis + IP correlation","Consent order monitoring",2025-02-07,51744,Casey Park,2025-02-09,"Monitoring ongoing",2025-03-16,No,"Biodegradable claim review",CL-8587,Unknown,UK,TX,organic,No,Yes,general_wellness,-0.656,96
SREV-0395,CVS.com,2025-03-19,4,customer_40781,1835,835,Yes,0,11,"§465.3 — Insider review (employee account detected)",HIGH,"Pattern analysis + IP correlation","External counsel notified",2025-04-24,51744,Alex Rivera (Ext.),2025-04-26,"Training triggered",2025-05-28,No,"Post-launch monitoring wave 1",CL-6896,Unknown,US,CO,organic,No,Yes,digestive,-0.404,61
SREV-0396,Sprouts,2024-11-07,1,customer_14500,239,253,Yes,6,4,"None",N/A,"N/A","No action",2024-12-12,0,Jordan Ellis,2024-12-14,"No violation confirmed",2024-12-21,No,"Biodegradable claim review",N/A,Desktop,US,IL,incentivized,No,Yes,immune,-0.097,7
SREV-0397,Amazon,2025-01-22,3,customer_39749,1232,659,Yes,11,9,"§465.2 — Review claims product cures disease (false representation)",HIGH,"Pattern analysis + IP correlation","Legal hold",2025-02-27,51744,Casey Park,2025-02-28,"Settlement negotiated",2025-03-28,No,"External counsel review triggered",CL-6945,Desktop,US,MA,organic,No,Yes,general_wellness,-0.758,41
SREV-0398,Walmart.com,2024-10-12,5,customer_38629,872,176,Yes,26,10,"None",N/A,"N/A","No action",2024-11-17,0,Jordan Ellis,2024-11-19,"No violation confirmed",2024-12-26,No,"Supplemental review audit (Update 2 batch)",N/A,Mobile,UK,FL,organic,No,Yes,immune,0.685,29
SREV-0399,iHerb,2024-10-27,5,customer_51813,3111,298,Yes,43,6,"§465.5 — Reviewer appears to be social media bot (fake account)",MEDIUM,"Pattern analysis + IP correlation","Legal hold",2024-11-28,51744,Alex Rivera (Ext.),2024-11-28,"Referral to enforcement",2024-12-28,No,"Supplemental review audit (Update 2 batch)",CL-3348,Unknown,US,CA,incentivized,No,Yes,immune,-0.729,103
SREV-0400,Twitter/X,2024-11-25,4,customer_31972,2282,681,Yes,20,0,"None",N/A,"N/A","No action",2024-12-28,0,Jordan Ellis,2024-12-28,"No violation confirmed",2024-12-28,No,"External counsel review triggered",N/A,Unknown,US,GA,organic,No,No,N/A,-0.905,76
SREV-0401,TikTok Comment,2024-10-25,3,customer_61187,1345,841,Yes,14,11,"None",N/A,"N/A","No action",2024-11-28,0,Casey Park,2024-11-28,"No violation confirmed",2024-12-28,No,"Post-launch monitoring wave 1",N/A,Mobile,US,PA,invited,Yes,No,N/A,0.464,44
SREV-0402,TikTok Comment,2025-03-15,5,customer_55633,1962,315,Yes,0,5,"§465.2 — Suspected fake review (AI-generated text pattern)",MEDIUM,"Pattern analysis + IP correlation","Consent order monitoring",2025-04-20,51744,Casey Park,2025-04-22,"Referral to enforcement",2025-05-28,No,"Post-launch monitoring wave 1",CL-6742,Desktop,US,TX,unknown,Yes,No,N/A,0.958,65
SREV-0403,Amazon,2024-10-27,5,customer_49212,1690,375,Yes,24,10,"None",N/A,"N/A","No action",2024-11-28,0,Casey Park,2024-11-28,"No violation confirmed",2024-12-28,No,"Supplemental review audit (Update 2 batch)",N/A,Mobile,US,CA,incentivized,No,No,N/A,0.717,56
SREV-0404,Reddit,2024-12-21,5,customer_27517,509,567,No,15,11,"§465.2 — Suspected fake review (AI-generated text pattern)",MEDIUM,"Pattern analysis + IP correlation","Legal hold",2024-12-26,51744,Casey Park,2024-12-28,"Settlement negotiated",2024-12-28,No,"Supplemental review audit (Update 2 batch)",CL-7019,Desktop,US,PA,unknown,No,Yes,digestive,0.089,16
SREV-0405,Whole Foods,2024-12-22,5,customer_37340,657,712,No,13,6,"§465.2 — Suspected fake review (AI-generated text pattern)",HIGH,"Pattern analysis + IP correlation","External counsel notified",2024-12-27,51744,Sarah Chen,2024-12-28,"No violation confirmed",2024-12-28,No,"Post-launch monitoring wave 1",CL-5164,Mobile,UK,CA,unknown,No,Yes,immune,0.01,21
SREV-0406,YouTube Comment,2025-02-06,5,customer_29940,2495,341,Yes,18,12,"None",N/A,"N/A","No action",2025-03-11,0,Casey Park,2025-03-13,"No violation confirmed",2025-04-20,No,"Employee review sweep",N/A,Desktop,US,GA,incentivized,No,Yes,immune,0.347,83
SREV-0407,YouTube Comment,2024-12-21,5,customer_90692,1110,360,No,0,12,"None",N/A,"N/A","No action",2024-12-26,0,Alex Rivera (Ext.),2024-12-28,"No violation confirmed",2024-12-28,No,"Doctor-Formulated claim context analysis",N/A,Tablet,CA,IL,organic,No,No,N/A,0.686,37
SREV-0408,Twitter/X,2025-03-26,4,customer_80205,2230,504,No,18,11,"None",N/A,"N/A","No action",2025-04-28,0,Jordan Ellis,2025-04-28,"No violation confirmed",2025-05-28,No,"Supplemental review audit (Update 2 batch)",N/A,Tablet,US,CA,incentivized,No,No,N/A,0.445,74
SREV-0409,Whole Foods,2025-01-04,3,customer_44827,3250,438,Yes,26,10,"None",N/A,"N/A","No action",2025-02-09,0,Jordan Ellis,2025-02-11,"No violation confirmed",2025-03-18,No,"Supplemental review audit (Update 2 batch)",N/A,Unknown,US,FL,incentivized,No,Yes,immune,0.579,108
SREV-0410,iHerb,2024-10-24,4,customer_66551,2555,107,Yes,6,9,"§465.6 — Review suppression candidate (negative review hidden)",MEDIUM,"Pattern analysis + IP correlation","Investigation opened",2024-11-28,51744,Sarah Chen,2024-11-28,"Violation confirmed",2024-12-28,No,"Third-party platform audit",CL-1849,Unknown,US,IL,organic,No,No,N/A,0.86,85
SREV-0411,App Store,2024-12-21,4,customer_78961,3071,71,Yes,5,2,"§465.2 — Suspected fake review (AI-generated text pattern)",MEDIUM,"Pattern analysis + IP correlation","Platform reported",2024-12-26,51744,Alex Rivera (Ext.),2024-12-28,"Monitoring ongoing",2024-12-28,No,"Supplemental review audit (Update 2 batch)",CL-8660,Desktop,DE,GA,invited,No,No,N/A,0.316,102
SREV-0412,Reddit,2025-02-10,5,customer_69471,1876,561,Yes,22,5,"None",N/A,"N/A","No action",2025-03-15,0,Alex Rivera (Ext.),2025-03-17,"No violation confirmed",2025-04-24,No,"Biodegradable claim review",N/A,Unknown,CA,FL,organic,No,No,N/A,0.133,62
SREV-0413,Twitter/X,2024-11-14,1,customer_19694,1586,120,Yes,12,2,"None",N/A,"N/A","No action",2024-12-19,0,Casey Park,2024-12-21,"No violation confirmed",2024-12-28,No,"Doctor-Formulated claim context analysis",N/A,Mobile,US,N/A,incentivized,No,No,N/A,-0.985,52
SREV-0414,Whole Foods,2025-03-09,5,customer_75756,637,380,Yes,19,11,"None",N/A,"N/A","No action",2025-04-14,0,Alex Rivera (Ext.),2025-04-16,"No violation confirmed",2025-05-23,No,"Post-launch monitoring wave 1",N/A,Mobile,US,MA,organic,No,Yes,N/A,0.976,21
SREV-0415,Whole Foods,2024-10-25,5,customer_12618,2549,401,Yes,33,6,"None",N/A,"N/A","No action",2024-11-28,0,Alex Rivera (Ext.),2024-11-28,"No violation confirmed",2024-12-28,No,"Third-party platform audit",N/A,Unknown,US,WA,incentivized,Yes,No,N/A,0.463,84
SREV-0416,Whole Foods,2025-02-27,5,customer_54788,3524,72,No,19,8,"§465.2 — Suspected fake review (AI-generated text pattern)",MEDIUM,"Pattern analysis + IP correlation","Consent order monitoring",2025-03-28,51744,Casey Park,2025-03-28,"Monitoring ongoing",2025-04-28,Yes,"External counsel review triggered",CL-6353,Desktop,US,TX,invited,No,Yes,N/A,0.592,117
SREV-0417,Amazon,2024-11-04,4,customer_89245,3292,240,No,23,0,"§465.2 — Review paid for via third-party mill",HIGH,"Pattern analysis + IP correlation","Legal hold",2024-12-09,51744,Sarah Chen,2024-12-11,"Review removed",2024-12-18,No,"Third-party platform audit",CL-7697,Desktop,US,CO,organic,No,No,N/A,-0.697,109
SREV-0418,Facebook,2024-10-16,5,customer_18783,627,799,Yes,34,7,"None",N/A,"N/A","No action",2024-11-21,0,Sarah Chen,2024-11-23,"No violation confirmed",2024-12-28,No,"Third-party platform audit",N/A,Unknown,US,CO,organic,No,No,N/A,-0.59,20
SREV-0419,Target.com,2024-10-06,5,customer_99441,2537,341,No,24,1,"None",N/A,"N/A","No action",2024-11-11,0,Sarah Chen,2024-11-13,"No violation confirmed",2024-12-20,Yes,"Post-launch monitoring wave 1",N/A,Mobile,US,FL,incentivized,No,No,N/A,0.72,84
SREV-0420,Whole Foods,2024-10-03,5,customer_45601,1775,238,Yes,16,5,"§465.5 — Coordinated review pattern (same IP address cluster)",MEDIUM,"Pattern analysis + IP correlation","Legal hold",2024-11-08,51744,Jordan Ellis,2024-11-10,"Violation confirmed",2024-12-17,No,"Doctor-Formulated claim context analysis",CL-5240,Mobile,US,IL,organic,No,No,N/A,-0.05,59
SREV-0421,Sprouts,2024-12-26,4,customer_30190,2388,525,Yes,40,5,"None",N/A,"N/A","No action",2024-12-28,0,Casey Park,2024-12-28,"No violation confirmed",2024-12-28,No,"External counsel review triggered",N/A,Desktop,US,WA,organic,No,No,N/A,0.939,79
SREV-0422,Target.com,2024-11-08,4,customer_82918,2391,500,Yes,41,12,"§465.2 — Suspected fake review (AI-generated text pattern)",HIGH,"Pattern analysis + IP correlation","Escalated to CCO",2024-12-13,51744,Casey Park,2024-12-15,"Monitoring ongoing",2024-12-22,Yes,"Supplemental review audit (Update 2 batch)",CL-8323,Mobile,US,NY,incentivized,Yes,No,N/A,0.09,79
SREV-0423,App Store,2025-03-06,5,customer_86222,3212,339,Yes,28,5,"§465.3 — Insider review (employee account detected)",HIGH,"Pattern analysis + IP correlation","Investigation opened",2025-04-11,51744,Alex Rivera (Ext.),2025-04-13,"Monitoring ongoing",2025-05-20,No,"Doctor-Formulated claim context analysis",CL-6094,Mobile,US,GA,organic,No,No,N/A,-0.336,107
SREV-0424,Target.com,2024-10-03,3,customer_75656,1382,497,No,15,3,"§465.2 — Suspected fake review (AI-generated text pattern)",MEDIUM,"Pattern analysis + IP correlation","Consent order monitoring",2024-11-08,51744,Jordan Ellis,2024-11-10,"Violation confirmed",2024-12-17,No,"Biodegradable claim review",CL-4567,Unknown,CA,CO,unknown,No,Yes,N/A,-0.065,46
SREV-0425,Twitter/X,2024-10-03,5,customer_43204,1774,534,Yes,18,5,"None",N/A,"N/A","No action",2024-11-08,0,Alex Rivera (Ext.),2024-11-10,"No violation confirmed",2024-12-17,No,"Doctor-Formulated claim context analysis",N/A,Mobile,UK,GA,organic,No,Yes,digestive,-0.484,59
SREV-0426,TikTok Comment,2024-10-09,5,customer_32952,884,429,Yes,20,11,"§465.2 — Review claims product cures disease (false representation)",MEDIUM,"Pattern analysis + IP correlation","Platform reported",2024-11-14,51744,Casey Park,2024-11-16,"Platform notified",2024-12-23,No,"External counsel review triggered",CL-7261,Tablet,US,TX,incentivized,No,No,N/A,-0.37,29
SREV-0427,Reddit,2024-10-05,5,customer_36386,64,655,Yes,35,3,"§465.7 — Reviewer reports legal threat received",MEDIUM,"Pattern analysis + IP correlation","FTC voluntary disclosure prepared",2024-11-10,51744,Jordan Ellis,2024-11-12,"Review removed",2024-12-19,No,"Post-launch monitoring wave 1",CL-9117,Mobile,US,MA,invited,Yes,Yes,N/A,-0.139,2
SREV-0428,Costco.com,2025-03-11,2,customer_69838,678,800,Yes,32,10,"None",N/A,"N/A","No action",2025-04-16,0,Alex Rivera (Ext.),2025-04-18,"No violation confirmed",2025-05-25,No,"Third-party platform audit",N/A,Unknown,US,MA,organic,No,Yes,N/A,0.978,22
SREV-0429,iHerb,2024-12-18,5,customer_70842,1247,107,Yes,4,12,"§465.5 — Coordinated review pattern (same IP address cluster)",HIGH,"Pattern analysis + IP correlation","FTC voluntary disclosure prepared",2024-12-23,51744,Alex Rivera (Ext.),2024-12-25,"Monitoring ongoing",2024-12-28,Yes,"Doctor-Formulated claim context analysis",CL-5254,Unknown,US,TX,organic,No,No,N/A,-0.453,41
SREV-0430,Costco.com,2024-10-03,4,customer_14803,972,717,Yes,29,0,"None",N/A,"N/A","No action",2024-11-08,0,Jordan Ellis,2024-11-10,"No violation confirmed",2024-12-17,No,"Biodegradable claim review",N/A,Mobile,US,MA,organic,No,No,N/A,-0.271,32
SREV-0431,Trustpilot,2024-12-11,5,customer_95708,292,639,Yes,29,3,"None",N/A,"N/A","No action",2024-12-16,0,Sarah Chen,2024-12-18,"No violation confirmed",2024-12-25,No,"Biodegradable claim review",N/A,Tablet,DE,IL,unknown,No,Yes,N/A,0.432,9
SREV-0432,Google Reviews,2024-12-01,5,customer_94635,3336,651,Yes,40,3,"None",N/A,"N/A","No action",2024-12-06,0,Sarah Chen,2024-12-08,"No violation confirmed",2024-12-15,No,"Biodegradable claim review",N/A,Desktop,US,GA,organic,No,Yes,general_wellness,0.866,111
SREV-0433,CVS.com,2024-10-26,3,customer_96462,1568,711,No,31,9,"None",N/A,"N/A","No action",2024-11-28,0,Sarah Chen,2024-11-28,"No violation confirmed",2024-12-28,No,"Biodegradable claim review",N/A,Unknown,US,NY,organic,No,Yes,N/A,-0.864,52
SREV-0434,Amazon,2025-02-27,5,customer_15111,3130,530,Yes,16,7,"None",N/A,"N/A","No action",2025-03-28,0,Sarah Chen,2025-03-28,"No violation confirmed",2025-04-28,No,"Third-party platform audit",N/A,Mobile,US,NY,organic,No,No,N/A,0.541,104
SREV-0435,Facebook,2024-10-13,5,customer_56723,1544,338,Yes,15,11,"§465.3 — Insider review (employee account detected)",MEDIUM,"Pattern analysis + IP correlation","FTC voluntary disclosure prepared",2024-11-18,51744,Casey Park,2024-11-20,"Settlement negotiated",2024-12-27,No,"Post-launch monitoring wave 1",CL-9968,Desktop,US,CA,invited,No,Yes,digestive,-0.975,51
SREV-0436,Instagram Review,2024-12-24,5,customer_92719,633,247,No,11,4,"None",N/A,"N/A","No action",2024-12-28,0,Casey Park,2024-12-28,"No violation confirmed",2024-12-28,No,"Supplemental review audit (Update 2 batch)",N/A,Desktop,US,MA,organic,Yes,Yes,immune,0.364,21
SREV-0437,Twitter/X,2024-11-03,4,customer_17868,460,415,Yes,27,8,"None",N/A,"N/A","No action",2024-12-08,0,Casey Park,2024-12-10,"No violation confirmed",2024-12-17,No,"Supplemental review audit (Update 2 batch)",N/A,Tablet,DE,CO,organic,No,No,N/A,0.773,15
SREV-0438,Amazon,2025-03-20,1,customer_89543,2602,173,Yes,20,5,"None",N/A,"N/A","No action",2025-04-25,0,Sarah Chen,2025-04-27,"No violation confirmed",2025-05-28,No,"Employee review sweep",N/A,Tablet,US,GA,invited,Yes,No,N/A,-0.46,86
SREV-0439,Target.com,2024-11-01,1,customer_64810,45,152,Yes,35,1,"None",N/A,"N/A","No action",2024-12-06,0,Casey Park,2024-12-08,"No violation confirmed",2024-12-15,No,"Employee review sweep",N/A,Tablet,US,FL,organic,No,Yes,general_wellness,0.384,1
SREV-0440,Amazon,2024-11-11,5,customer_77406,1953,599,No,4,11,"None",N/A,"N/A","No action",2024-12-16,0,Casey Park,2024-12-18,"No violation confirmed",2024-12-25,No,"Employee review sweep",N/A,Tablet,AU,CO,organic,No,Yes,general_wellness,-0.415,65
SREV-0441,Yelp,2025-03-27,5,customer_90771,235,366,Yes,45,7,"None",N/A,"N/A","No action",2025-04-28,0,Alex Rivera (Ext.),2025-04-28,"No violation confirmed",2025-05-28,No,"Post-launch monitoring wave 1",N/A,Desktop,US,NY,organic,No,No,N/A,-0.21,7
SREV-0442,Costco.com,2024-11-15,1,customer_79558,870,378,No,15,8,"§465.7 — Reviewer reports legal threat received",HIGH,"Pattern analysis + IP correlation","FTC voluntary disclosure prepared",2024-12-20,51744,Jordan Ellis,2024-12-22,"Review removed",2024-12-28,No,"Employee review sweep",CL-1256,Mobile,US,GA,incentivized,Yes,No,N/A,-0.065,29
SREV-0443,App Store,2024-11-21,1,customer_89921,3093,667,Yes,37,2,"None",N/A,"N/A","No action",2024-12-26,0,Sarah Chen,2024-12-28,"No violation confirmed",2024-12-28,No,"Doctor-Formulated claim context analysis",N/A,Mobile,CA,IL,incentivized,No,Yes,digestive,0.421,103
SREV-0444,Google Reviews,2024-12-09,5,customer_49600,2495,686,Yes,5,5,"§465.6 — Review suppression candidate (negative review hidden)",MEDIUM,"Pattern analysis + IP correlation","FTC voluntary disclosure prepared",2024-12-14,51744,Jordan Ellis,2024-12-16,"Review removed",2024-12-23,No,"Biodegradable claim review",CL-4253,Unknown,US,PA,incentivized,Yes,Yes,digestive,-0.001,83
SREV-0445,Costco.com,2025-03-24,4,customer_37341,1529,250,Yes,11,12,"§465.3 — Insider review (employee account detected)",HIGH,"Pattern analysis + IP correlation","No action",2025-04-28,51744,Alex Rivera (Ext.),2025-04-28,"Violation confirmed",2025-05-28,No,"Supplemental review audit (Update 2 batch)",CL-6326,Tablet,US,TX,organic,No,Yes,N/A,-0.975,50
SREV-0446,CVS.com,2025-02-21,4,customer_69078,146,301,Yes,45,8,"None",N/A,"N/A","No action",2025-03-26,0,Alex Rivera (Ext.),2025-03-28,"No violation confirmed",2025-04-28,No,"Biodegradable claim review",N/A,Tablet,US,PA,organic,No,No,N/A,0.943,4
SREV-0447,CVS.com,2024-11-24,4,customer_70474,1415,304,No,39,9,"None",N/A,"N/A","No action",2024-12-28,0,Sarah Chen,2024-12-28,"No violation confirmed",2024-12-28,No,"Biodegradable claim review",N/A,Tablet,US,N/A,incentivized,No,No,N/A,0.995,47
SREV-0448,Amazon,2025-02-12,5,customer_47851,253,184,Yes,21,1,"None",N/A,"N/A","No action",2025-03-17,0,Casey Park,2025-03-19,"No violation confirmed",2025-04-26,Yes,"Doctor-Formulated claim context analysis",N/A,Unknown,US,CA,invited,No,No,N/A,-0.554,8
SREV-0449,App Store,2025-02-11,1,customer_16753,472,346,Yes,21,1,"None",N/A,"N/A","No action",2025-03-16,0,Alex Rivera (Ext.),2025-03-18,"No violation confirmed",2025-04-25,No,"Biodegradable claim review",N/A,Unknown,US,NY,organic,No,No,N/A,0.87,15
SREV-0450,App Store,2024-12-05,4,customer_13157,3321,841,No,23,10,"§465.3 — Insider review (employee account detected)",MEDIUM,"Pattern analysis + IP correlation","Escalated to CCO",2024-12-10,51744,Jordan Ellis,2024-12-12,"Review removed",2024-12-19,No,"Post-launch monitoring wave 1",CL-2364,Mobile,US,FL,incentivized,No,Yes,N/A,-0.248,110
SREV-0451,Google Reviews,2024-10-23,5,customer_64516,1514,366,Yes,45,12,"None",N/A,"N/A","No action",2024-11-28,0,Casey Park,2024-11-28,"No violation confirmed",2024-12-28,No,"External counsel review triggered",N/A,Tablet,AU,TX,organic,No,No,N/A,0.456,50
SREV-0452,TikTok Comment,2024-11-06,5,customer_34158,3527,754,Yes,24,2,"None",N/A,"N/A","No action",2024-12-11,0,Sarah Chen,2024-12-13,"No violation confirmed",2024-12-20,No,"Post-launch monitoring wave 1",N/A,Mobile,US,MA,organic,No,No,N/A,0.094,117
SREV-0453,Whole Foods,2024-11-03,3,customer_66591,1713,822,No,9,8,"None",N/A,"N/A","No action",2024-12-08,0,Casey Park,2024-12-10,"No violation confirmed",2024-12-17,No,"Post-launch monitoring wave 1",N/A,Mobile,US,MA,unknown,Yes,Yes,N/A,-0.033,57
SREV-0454,Twitter/X,2024-12-16,5,customer_85097,3646,385,Yes,5,4,"None",N/A,"N/A","No action",2024-12-21,0,Jordan Ellis,2024-12-23,"No violation confirmed",2024-12-28,No,"External counsel review triggered",N/A,Tablet,US,PA,organic,No,No,N/A,0.221,121
SREV-0455,Sprouts,2024-12-21,3,customer_86099,3288,474,Yes,6,1,"None",N/A,"N/A","No action",2024-12-26,0,Alex Rivera (Ext.),2024-12-28,"No violation confirmed",2024-12-28,No,"Supplemental review audit (Update 2 batch)",N/A,Tablet,US,WA,incentivized,Yes,No,N/A,-0.274,109
SREV-0456,Costco.com,2025-01-13,5,customer_41865,2826,163,Yes,3,0,"None",N/A,"N/A","No action",2025-02-18,0,Alex Rivera (Ext.),2025-02-20,"No violation confirmed",2025-03-27,No,"Post-launch monitoring wave 1",N/A,Mobile,CA,TX,unknown,No,Yes,general_wellness,-0.283,94
SREV-0457,Instagram Review,2024-10-22,5,customer_53962,995,152,Yes,31,5,"§465.7 — Reviewer reports legal threat received",MEDIUM,"Pattern analysis + IP correlation","Legal hold",2024-11-27,51744,Alex Rivera (Ext.),2024-11-28,"Referral to enforcement",2024-12-28,No,"Supplemental review audit (Update 2 batch)",CL-6965,Unknown,DE,IL,invited,No,Yes,immune,-0.952,33
SREV-0458,Chewy,2024-11-27,5,customer_50191,1208,384,Yes,38,0,"None",N/A,"N/A","No action",2024-12-28,0,Casey Park,2024-12-28,"No violation confirmed",2024-12-28,No,"Supplemental review audit (Update 2 batch)",N/A,Unknown,DE,GA,organic,No,No,N/A,0.851,40
SREV-0459,Reddit,2025-01-13,4,customer_32155,2463,119,No,32,10,"None",N/A,"N/A","No action",2025-02-18,0,Jordan Ellis,2025-02-20,"No violation confirmed",2025-03-27,No,"Third-party platform audit",N/A,Mobile,AU,NY,organic,No,Yes,general_wellness,-0.853,82
SREV-0460,Sprouts,2024-12-17,5,customer_11668,298,793,Yes,38,7,"None",N/A,"N/A","No action",2024-12-22,0,Alex Rivera (Ext.),2024-12-24,"No violation confirmed",2024-12-28,No,"Third-party platform audit",N/A,Desktop,US,CO,organic,No,No,N/A,0.725,9
SREV-0461,Walmart.com,2024-12-16,4,customer_18930,3593,294,No,3,6,"None",N/A,"N/A","No action",2024-12-21,0,Casey Park,2024-12-23,"No violation confirmed",2024-12-28,Yes,"Third-party platform audit",N/A,Mobile,US,GA,incentivized,No,No,N/A,0.131,119
SREV-0462,Reddit,2024-10-14,4,customer_32641,949,837,Yes,15,9,"None",N/A,"N/A","No action",2024-11-19,0,Jordan Ellis,2024-11-21,"No violation confirmed",2024-12-28,No,"Supplemental review audit (Update 2 batch)",N/A,Tablet,CA,MA,organic,No,No,N/A,-0.599,31
SREV-0463,iHerb,2024-11-10,5,customer_46418,3234,388,No,34,9,"§465.2 — Review claims product cures disease (false representation)",HIGH,"Pattern analysis + IP correlation","Investigation opened",2024-12-15,51744,Sarah Chen,2024-12-17,"No violation confirmed",2024-12-24,No,"Biodegradable claim review",CL-1353,Mobile,US,PA,organic,Yes,No,N/A,-0.431,107
SREV-0464,TikTok Comment,2024-12-17,4,customer_68697,1012,218,Yes,9,11,"§465.2 — Review claims product cures disease (false representation)",MEDIUM,"Pattern analysis + IP correlation","FTC voluntary disclosure prepared",2024-12-22,51744,Sarah Chen,2024-12-24,"No violation confirmed",2024-12-28,No,"Post-launch monitoring wave 1",CL-7511,Unknown,DE,GA,organic,Yes,Yes,digestive,-0.512,33
SREV-0465,Vitacore.com,2025-02-12,5,customer_97632,543,397,No,29,5,"§465.2 — Suspected fake review (AI-generated text pattern)",HIGH,"Pattern analysis + IP correlation","Review removed (with cause)",2025-03-17,51744,Alex Rivera (Ext.),2025-03-19,"Disclosure added",2025-04-26,No,"Employee review sweep",CL-8422,Unknown,US,MA,organic,No,No,N/A,0.213,18
SREV-0466,Amazon,2024-10-14,3,customer_70583,1042,601,No,17,4,"None",N/A,"N/A","No action",2024-11-19,0,Sarah Chen,2024-11-21,"No violation confirmed",2024-12-28,No,"Doctor-Formulated claim context analysis",N/A,Unknown,US,NY,incentivized,No,No,N/A,-0.688,34
SREV-0467,App Store,2024-11-03,1,customer_22518,426,221,No,11,3,"None",N/A,"N/A","No action",2024-12-08,0,Alex Rivera (Ext.),2024-12-10,"No violation confirmed",2024-12-17,Yes,"Employee review sweep",N/A,Tablet,US,CO,unknown,No,Yes,N/A,-0.55,14
SREV-0468,Vitacore.com,2024-10-21,3,customer_96113,3193,327,Yes,3,2,"None",N/A,"N/A","No action",2024-11-26,0,Jordan Ellis,2024-11-28,"No violation confirmed",2024-12-28,No,"Third-party platform audit",N/A,Mobile,AU,PA,organic,Yes,Yes,immune,0.174,106
SREV-0469,iHerb,2025-02-11,3,customer_74086,3607,444,Yes,12,10,"None",N/A,"N/A","No action",2025-03-16,0,Sarah Chen,2025-03-18,"No violation confirmed",2025-04-25,No,"Doctor-Formulated claim context analysis",N/A,Unknown,US,IL,unknown,No,Yes,N/A,-0.976,120
SREV-0470,CVS.com,2025-01-16,5,customer_79825,2739,441,Yes,43,12,"None",N/A,"N/A","No action",2025-02-21,0,Alex Rivera (Ext.),2025-02-23,"No violation confirmed",2025-03-28,No,"Doctor-Formulated claim context analysis",N/A,Tablet,US,NY,unknown,No,No,N/A,-0.367,91
SREV-0471,YouTube Comment,2025-02-24,5,customer_48588,446,195,Yes,5,12,"None",N/A,"N/A","No action",2025-03-28,0,Casey Park,2025-03-28,"No violation confirmed",2025-04-28,No,"Post-launch monitoring wave 1",N/A,Unknown,AU,PA,invited,No,No,N/A,-0.057,14
SREV-0472,Instagram Review,2024-12-22,4,customer_58681,1856,454,Yes,15,12,"None",N/A,"N/A","No action",2024-12-27,0,Jordan Ellis,2024-12-28,"No violation confirmed",2024-12-28,No,"Employee review sweep",N/A,Unknown,AU,PA,organic,No,No,N/A,-0.829,61
SREV-0473,Target.com,2024-12-27,4,customer_45906,437,842,Yes,24,3,"None",N/A,"N/A","No action",2024-12-28,0,Alex Rivera (Ext.),2024-12-28,"No violation confirmed",2024-12-28,No,"Post-launch monitoring wave 1",N/A,Mobile,US,CA,organic,No,Yes,digestive,0.486,14
SREV-0474,App Store,2024-10-22,4,customer_43324,2433,62,No,4,5,"None",N/A,"N/A","No action",2024-11-27,0,Casey Park,2024-11-28,"No violation confirmed",2024-12-28,No,"Doctor-Formulated claim context analysis",N/A,Mobile,US,FL,organic,Yes,No,N/A,0.498,81
SREV-0475,Google Reviews,2025-01-05,4,customer_89087,2589,128,Yes,5,8,"None",N/A,"N/A","No action",2025-02-10,0,Alex Rivera (Ext.),2025-02-12,"No violation confirmed",2025-03-19,No,"Employee review sweep",N/A,Unknown,US,IL,unknown,Yes,Yes,general_wellness,-0.627,86
SREV-0476,CVS.com,2024-10-15,5,customer_57400,3099,251,No,1,0,"None",N/A,"N/A","No action",2024-11-20,0,Alex Rivera (Ext.),2024-11-22,"No violation confirmed",2024-12-28,No,"Supplemental review audit (Update 2 batch)",N/A,Desktop,US,WA,organic,No,Yes,general_wellness,0.465,103
SREV-0477,Google Reviews,2025-03-02,3,customer_84839,981,739,Yes,37,6,"None",N/A,"N/A","No action",2025-04-07,0,Casey Park,2025-04-09,"No violation confirmed",2025-05-16,Yes,"Doctor-Formulated claim context analysis",N/A,Mobile,US,WA,organic,No,Yes,digestive,-0.384,32
SREV-0478,Vitacore.com,2024-10-16,5,customer_21215,3067,82,Yes,24,12,"None",N/A,"N/A","No action",2024-11-21,0,Casey Park,2024-11-23,"No violation confirmed",2024-12-28,No,"Post-launch monitoring wave 1",N/A,Tablet,US,MA,organic,No,No,N/A,0.689,102
SREV-0479,Walmart.com,2024-12-07,2,customer_78482,2876,324,No,22,10,"§465.3 — Insider review (employee account detected)",HIGH,"Pattern analysis + IP correlation","Escalated to CCO",2024-12-12,51744,Casey Park,2024-12-14,"Training triggered",2024-12-21,No,"Employee review sweep",CL-6045,Unknown,US,PA,unknown,No,No,N/A,-0.985,95
SREV-0480,Twitter/X,2025-02-28,5,customer_48437,2754,344,Yes,6,3,"None",N/A,"N/A","No action",2025-03-28,0,Casey Park,2025-03-28,"No violation confirmed",2025-04-28,No,"Post-launch monitoring wave 1",N/A,Tablet,US,MA,organic,No,No,N/A,-0.672,91
SREV-0481,App Store,2025-01-08,5,customer_44443,1866,502,Yes,41,7,"§465.4 — Company-controlled review site not disclosed",HIGH,"Pattern analysis + IP correlation","Review removed (with cause)",2025-02-13,51744,Sarah Chen,2025-02-15,"Review removed",2025-03-22,No,"External counsel review triggered",CL-8235,Desktop,CA,PA,incentivized,No,No,N/A,-0.583,62
SREV-0482,Instagram Review,2025-01-14,3,customer_82003,312,195,Yes,6,11,"None",N/A,"N/A","No action",2025-02-19,0,Sarah Chen,2025-02-21,"No violation confirmed",2025-03-28,No,"Biodegradable claim review",N/A,Unknown,CA,NY,unknown,No,Yes,digestive,-0.209,10
SREV-0483,Reddit,2025-01-10,4,customer_84642,2849,153,Yes,39,8,"None",N/A,"N/A","No action",2025-02-15,0,Casey Park,2025-02-17,"No violation confirmed",2025-03-24,No,"Doctor-Formulated claim context analysis",N/A,Desktop,US,TX,organic,No,No,N/A,0.158,94
SREV-0484,App Store,2024-11-04,2,customer_50613,957,611,Yes,28,5,"None",N/A,"N/A","No action",2024-12-09,0,Casey Park,2024-12-11,"No violation confirmed",2024-12-18,No,"Third-party platform audit",N/A,Mobile,US,WA,unknown,Yes,Yes,digestive,-0.759,31
SREV-0485,Walmart.com,2024-12-23,5,customer_59915,3536,68,No,28,5,"None",N/A,"N/A","No action",2024-12-28,0,Alex Rivera (Ext.),2024-12-28,"No violation confirmed",2024-12-28,No,"Supplemental review audit (Update 2 batch)",N/A,Mobile,UK,CA,incentivized,No,No,N/A,0.786,117
SREV-0486,TikTok Comment,2025-03-24,4,customer_97885,835,60,Yes,21,12,"None",N/A,"N/A","No action",2025-04-28,0,Jordan Ellis,2025-04-28,"No violation confirmed",2025-05-28,No,"Post-launch monitoring wave 1",N/A,Desktop,US,MA,organic,No,Yes,general_wellness,0.819,27
SREV-0487,Trustpilot,2025-02-22,5,customer_33496,1634,728,Yes,23,6,"None",N/A,"N/A","No action",2025-03-27,0,Sarah Chen,2025-03-28,"No violation confirmed",2025-04-28,No,"Employee review sweep",N/A,Desktop,US,GA,organic,No,Yes,general_wellness,0.049,54
SREV-0488,iHerb,2024-12-22,5,customer_58512,292,652,No,40,12,"§465.2 — Review claims product cures disease (false representation)",MEDIUM,"Pattern analysis + IP correlation","Escalated to CCO",2024-12-27,51744,Casey Park,2024-12-28,"Training triggered",2024-12-28,No,"Post-launch monitoring wave 1",CL-7646,Mobile,US,WA,unknown,No,No,N/A,-0.591,9
SREV-0489,Reddit,2024-11-26,2,customer_13572,514,276,Yes,43,2,"None",N/A,"N/A","No action",2024-12-28,0,Sarah Chen,2024-12-28,"No violation confirmed",2024-12-28,No,"Supplemental review audit (Update 2 batch)",N/A,Tablet,US,MA,organic,No,Yes,general_wellness,-0.753,17
SREV-0490,Facebook,2025-02-23,4,customer_68181,2779,102,No,43,0,"None",N/A,"N/A","No action",2025-03-28,0,Alex Rivera (Ext.),2025-03-28,"No violation confirmed",2025-04-28,No,"Employee review sweep",N/A,Tablet,US,CA,organic,No,No,N/A,-0.422,92
SREV-0491,Facebook,2024-11-14,4,customer_62234,1658,637,Yes,3,7,"§465.3 — Insider review (employee account detected)",HIGH,"Pattern analysis + IP correlation","Consent order monitoring",2024-12-19,51744,Sarah Chen,2024-12-21,"Platform notified",2024-12-28,No,"Employee review sweep",CL-9660,Mobile,AU,NY,organic,Yes,No,N/A,-0.644,55
SREV-0492,iHerb,2024-10-25,5,customer_49708,2454,183,Yes,27,10,"None",N/A,"N/A","No action",2024-11-28,0,Jordan Ellis,2024-11-28,"No violation confirmed",2024-12-28,No,"Biodegradable claim review",N/A,Unknown,UK,PA,unknown,Yes,No,N/A,-0.069,81
SREV-0493,Reddit,2024-10-28,4,customer_64784,2345,171,Yes,42,7,"None",N/A,"N/A","No action",2024-11-28,0,Jordan Ellis,2024-11-28,"No violation confirmed",2024-12-28,No,"Doctor-Formulated claim context analysis",N/A,Mobile,US,IL,invited,Yes,No,N/A,-0.173,78
SREV-0494,Reddit,2025-02-20,5,customer_45103,2219,326,Yes,9,3,"None",N/A,"N/A","No action",2025-03-25,0,Alex Rivera (Ext.),2025-03-27,"No violation confirmed",2025-04-28,No,"Employee review sweep",N/A,Unknown,US,CO,unknown,No,Yes,digestive,0.949,73
SREV-0495,Costco.com,2025-02-14,4,customer_23308,3220,841,Yes,21,1,"None",N/A,"N/A","No action",2025-03-19,0,Sarah Chen,2025-03-21,"No violation confirmed",2025-04-28,No,"Employee review sweep",N/A,Tablet,US,CA,incentivized,No,Yes,general_wellness,-0.093,107
SREV-0496,CVS.com,2025-01-28,1,customer_22967,3276,371,No,31,0,"§465.4 — Company-controlled review site not disclosed",MEDIUM,"Pattern analysis + IP correlation","Consent order monitoring",2025-02-28,51744,Casey Park,2025-02-28,"Disclosure added",2025-03-28,No,"Supplemental review audit (Update 2 batch)",CL-3745,Unknown,CA,N/A,unknown,No,Yes,general_wellness,0.381,109
SREV-0497,Reddit,2025-03-01,5,customer_95753,1177,73,Yes,29,0,"None",N/A,"N/A","No action",2025-04-06,0,Sarah Chen,2025-04-08,"No violation confirmed",2025-05-15,No,"Biodegradable claim review",N/A,Desktop,US,TX,unknown,No,No,N/A,0.422,39
SREV-0498,Twitter/X,2024-11-18,1,customer_16566,2813,614,No,8,9,"None",N/A,"N/A","No action",2024-12-23,0,Alex Rivera (Ext.),2024-12-25,"No violation confirmed",2024-12-28,No,"Biodegradable claim review",N/A,Mobile,US,IL,organic,No,No,N/A,-0.332,93
SREV-0499,App Store,2024-10-23,2,customer_74605,2354,53,Yes,32,5,"None",N/A,"N/A","No action",2024-11-28,0,Sarah Chen,2024-11-28,"No violation confirmed",2024-12-28,No,"Supplemental review audit (Update 2 batch)",N/A,Tablet,US,CO,incentivized,No,No,N/A,0.711,78
SREV-0500,Costco.com,2024-11-16,4,customer_21909,2868,626,Yes,42,11,"§465.2 — Review claims product cures disease (false representation)",HIGH,"Pattern analysis + IP correlation","Investigation opened",2024-12-21,51744,Casey Park,2024-12-23,"Training triggered",2024-12-28,No,"Doctor-Formulated claim context analysis",CL-4748,Tablet,US,MA,organic,No,No,N/A,0.765,95
SREV-0501,Target.com,2025-03-25,2,customer_22244,1082,590,Yes,28,6,"None",N/A,"N/A","No action",2025-04-28,0,Sarah Chen,2025-04-28,"No violation confirmed",2025-05-28,No,"Employee review sweep",N/A,Unknown,AU,FL,organic,No,Yes,N/A,-0.947,36
SREV-0502,Reddit,2025-03-12,4,customer_47945,92,115,Yes,41,2,"None",N/A,"N/A","No action",2025-04-17,0,Sarah Chen,2025-04-19,"No violation confirmed",2025-05-26,No,"Post-launch monitoring wave 1",N/A,Desktop,CA,TX,invited,No,No,N/A,-0.873,3
SREV-0503,Costco.com,2024-10-20,5,customer_42662,1877,249,Yes,9,3,"None",N/A,"N/A","No action",2024-11-25,0,Jordan Ellis,2024-11-27,"No violation confirmed",2024-12-28,Yes,"Supplemental review audit (Update 2 batch)",N/A,Tablet,US,CA,incentivized,No,Yes,digestive,0.714,62
SREV-0504,Whole Foods,2024-12-27,5,customer_84329,2826,657,Yes,28,7,"§465.5 — Reviewer appears to be social media bot (fake account)",HIGH,"Pattern analysis + IP correlation","External counsel notified",2024-12-28,51744,Sarah Chen,2024-12-28,"Review removed",2024-12-28,No,"Post-launch monitoring wave 1",CL-3332,Desktop,US,TX,invited,No,Yes,N/A,-0.214,94
SREV-0505,TikTok Comment,2025-01-05,2,customer_45580,2846,172,Yes,1,7,"None",N/A,"N/A","No action",2025-02-10,0,Sarah Chen,2025-02-12,"No violation confirmed",2025-03-19,No,"Supplemental review audit (Update 2 batch)",N/A,Desktop,US,IL,organic,No,No,N/A,-0.22,94
SREV-0506,App Store,2024-11-11,5,customer_78408,73,112,No,24,4,"None",N/A,"N/A","No action",2024-12-16,0,Sarah Chen,2024-12-18,"No violation confirmed",2024-12-25,No,"Doctor-Formulated claim context analysis",N/A,Mobile,US,CA,organic,No,Yes,general_wellness,-0.485,2
SREV-0507,Sprouts,2024-12-14,5,customer_11160,927,235,Yes,8,1,"§465.3 — Family member of employee (immediate family disclosure required)",MEDIUM,"Pattern analysis + IP correlation","FTC voluntary disclosure prepared",2024-12-19,51744,Casey Park,2024-12-21,"Violation confirmed",2024-12-28,No,"Employee review sweep",CL-6093,Desktop,US,IL,organic,No,Yes,general_wellness,0.327,30
SREV-0508,Amazon,2025-01-03,4,customer_43794,1912,665,No,9,1,"None",N/A,"N/A","No action",2025-02-08,0,Casey Park,2025-02-10,"No violation confirmed",2025-03-17,No,"External counsel review triggered",N/A,Mobile,US,CA,organic,No,No,N/A,-0.764,63
SREV-0509,Trustpilot,2024-10-26,2,customer_35732,3176,672,Yes,42,0,"§465.5 — Reviewer appears to be social media bot (fake account)",MEDIUM,"Pattern analysis + IP correlation","No action",2024-11-28,51744,Alex Rivera (Ext.),2024-11-28,"Settlement negotiated",2024-12-28,No,"External counsel review triggered",CL-7250,Mobile,US,CA,organic,Yes,Yes,immune,-0.937,105
SREV-0510,Walmart.com,2024-10-22,1,customer_11180,3431,61,Yes,38,2,"None",N/A,"N/A","No action",2024-11-27,0,Sarah Chen,2024-11-28,"No violation confirmed",2024-12-28,No,"External counsel review triggered",N/A,Mobile,US,PA,incentivized,No,No,N/A,-0.71,114
SREV-0511,Amazon,2024-11-02,4,customer_72139,65,780,Yes,33,7,"§465.7 — Reviewer reports legal threat received",MEDIUM,"Pattern analysis + IP correlation","Consent order monitoring",2024-12-07,51744,Alex Rivera (Ext.),2024-12-09,"Violation confirmed",2024-12-16,No,"Employee review sweep",CL-6827,Desktop,US,CO,incentivized,No,No,N/A,0.508,2
SREV-0512,TikTok Comment,2025-02-18,4,customer_32424,3287,302,Yes,39,7,"None",N/A,"N/A","No action",2025-03-23,0,Jordan Ellis,2025-03-25,"No violation confirmed",2025-04-28,No,"Employee review sweep",N/A,Desktop,US,PA,incentivized,Yes,Yes,general_wellness,0.306,109
SREV-0513,App Store,2024-11-05,4,customer_64230,783,101,Yes,35,1,"None",N/A,"N/A","No action",2024-12-10,0,Alex Rivera (Ext.),2024-12-12,"No violation confirmed",2024-12-19,No,"Doctor-Formulated claim context analysis",N/A,Tablet,US,PA,organic,No,No,N/A,-0.176,26
SREV-0514,Google Reviews,2024-12-16,3,customer_72654,1431,51,Yes,15,8,"§465.3 — Family member of employee (immediate family disclosure required)",HIGH,"Pattern analysis + IP correlation","External counsel notified",2024-12-21,51744,Sarah Chen,2024-12-23,"Referral to enforcement",2024-12-28,No,"Third-party platform audit",CL-3873,Unknown,US,GA,invited,No,Yes,immune,-0.212,47
SREV-0515,Target.com,2024-11-16,4,customer_66040,1028,433,Yes,1,2,"None",N/A,"N/A","No action",2024-12-21,0,Jordan Ellis,2024-12-23,"No violation confirmed",2024-12-28,No,"Supplemental review audit (Update 2 batch)",N/A,Desktop,US,WA,organic,No,No,N/A,-0.839,34
SREV-0516,Whole Foods,2024-12-19,4,customer_64982,3107,663,Yes,32,3,"§465.5 — Coordinated review pattern (same IP address cluster)",HIGH,"Pattern analysis + IP correlation","No action",2024-12-24,51744,Jordan Ellis,2024-12-26,"Referral to enforcement",2024-12-28,No,"Biodegradable claim review",CL-7867,Unknown,US,MA,unknown,No,No,N/A,-0.106,103
SREV-0517,Vitacore.com,2024-12-14,4,customer_38800,2516,461,Yes,29,12,"None",N/A,"N/A","No action",2024-12-19,0,Jordan Ellis,2024-12-21,"No violation confirmed",2024-12-28,No,"Third-party platform audit",N/A,Desktop,US,FL,unknown,No,No,N/A,-0.137,83
SREV-0518,Instagram Review,2024-10-21,5,customer_46150,2763,731,Yes,24,6,"None",N/A,"N/A","No action",2024-11-26,0,Jordan Ellis,2024-11-28,"No violation confirmed",2024-12-28,No,"Post-launch monitoring wave 1",N/A,Tablet,US,GA,invited,No,No,N/A,-0.019,92
SREV-0519,Whole Foods,2024-11-05,5,customer_73944,2453,51,Yes,12,11,"None",N/A,"N/A","No action",2024-12-10,0,Casey Park,2024-12-12,"No violation confirmed",2024-12-19,No,"Third-party platform audit",N/A,Desktop,US,GA,organic,No,No,N/A,0.419,81
SREV-0520,Instagram Review,2024-11-22,4,customer_25570,1878,684,Yes,2,11,"None",N/A,"N/A","No action",2024-12-27,0,Alex Rivera (Ext.),2024-12-28,"No violation confirmed",2024-12-28,No,"Biodegradable claim review",N/A,Unknown,US,CA,organic,No,No,N/A,-0.422,62
SREV-0521,Google Reviews,2024-11-03,4,customer_60983,972,402,Yes,1,8,"§465.2 — Review claims product cures disease (false representation)",HIGH,"Pattern analysis + IP correlation","Escalated to CCO",2024-12-08,51744,Sarah Chen,2024-12-10,"Platform notified",2024-12-17,No,"External counsel review triggered",CL-3036,Tablet,CA,N/A,organic,No,Yes,N/A,0.208,32
SREV-0522,YouTube Comment,2024-11-07,5,customer_64988,1854,805,Yes,23,0,"None",N/A,"N/A","No action",2024-12-12,0,Sarah Chen,2024-12-14,"No violation confirmed",2024-12-21,No,"Post-launch monitoring wave 1",N/A,Tablet,US,FL,unknown,No,Yes,immune,-0.723,61
SREV-0523,Reddit,2025-03-24,5,customer_45374,2747,270,Yes,1,11,"None",N/A,"N/A","No action",2025-04-28,0,Casey Park,2025-04-28,"No violation confirmed",2025-05-28,No,"Supplemental review audit (Update 2 batch)",N/A,Mobile,US,PA,invited,No,No,N/A,0.039,91
SREV-0524,Amazon,2024-12-20,4,customer_79176,3287,512,No,40,12,"§465.2 — Suspected fake review (AI-generated text pattern)",MEDIUM,"Pattern analysis + IP correlation","Legal hold",2024-12-25,51744,Jordan Ellis,2024-12-27,"Training triggered",2024-12-28,No,"Employee review sweep",CL-6865,Tablet,US,CO,organic,No,Yes,general_wellness,-0.13,109
SREV-0525,YouTube Comment,2025-03-26,5,customer_13787,1777,269,Yes,23,4,"None",N/A,"N/A","No action",2025-04-28,0,Casey Park,2025-04-28,"No violation confirmed",2025-05-28,No,"Supplemental review audit (Update 2 batch)",N/A,Tablet,US,WA,organic,No,Yes,N/A,0.5,59
SREV-0526,Amazon,2024-11-23,4,customer_18060,2687,531,Yes,13,1,"None",N/A,"N/A","No action",2024-12-28,0,Alex Rivera (Ext.),2024-12-28,"No violation confirmed",2024-12-28,No,"Biodegradable claim review",N/A,Desktop,US,WA,unknown,No,No,N/A,-0.331,89
SREV-0527,App Store,2024-12-03,4,customer_74432,778,812,Yes,21,3,"None",N/A,"N/A","No action",2024-12-08,0,Alex Rivera (Ext.),2024-12-10,"No violation confirmed",2024-12-17,Yes,"Employee review sweep",N/A,Desktop,UK,N/A,unknown,Yes,No,N/A,-0.012,25
SREV-0528,Twitter/X,2025-01-06,1,customer_36790,541,624,Yes,10,1,"None",N/A,"N/A","No action",2025-02-11,0,Casey Park,2025-02-13,"No violation confirmed",2025-03-20,No,"Doctor-Formulated claim context analysis",N/A,Desktop,DE,N/A,invited,No,No,N/A,-0.052,18
SREV-0529,Walmart.com,2024-10-05,1,customer_82618,1666,529,Yes,38,4,"None",N/A,"N/A","No action",2024-11-10,0,Jordan Ellis,2024-11-12,"No violation confirmed",2024-12-19,No,"Biodegradable claim review",N/A,Mobile,US,WA,organic,No,Yes,N/A,0.069,55
SREV-0530,Google Reviews,2024-11-24,4,customer_37687,156,163,Yes,4,4,"None",N/A,"N/A","No action",2024-12-28,0,Alex Rivera (Ext.),2024-12-28,"No violation confirmed",2024-12-28,No,"Post-launch monitoring wave 1",N/A,Tablet,US,IL,incentivized,No,Yes,N/A,0.401,5
SREV-0531,Yelp,2025-01-23,5,customer_47997,1286,453,Yes,32,7,"None",N/A,"N/A","No action",2025-02-28,0,Sarah Chen,2025-02-28,"No violation confirmed",2025-03-28,No,"Biodegradable claim review",N/A,Unknown,DE,WA,unknown,No,Yes,immune,0.962,42
SREV-0532,iHerb,2024-10-24,4,customer_96259,2489,423,Yes,25,5,"§465.5 — Coordinated review pattern (same IP address cluster)",MEDIUM,"Pattern analysis + IP correlation","Escalated to CCO",2024-11-28,51744,Casey Park,2024-11-28,"Referral to enforcement",2024-12-28,No,"Doctor-Formulated claim context analysis",CL-7600,Tablet,US,CA,invited,Yes,Yes,general_wellness,-0.292,82
SREV-0533,App Store,2024-12-09,5,customer_17458,3612,154,No,12,4,"None",N/A,"N/A","No action",2024-12-14,0,Sarah Chen,2024-12-16,"No violation confirmed",2024-12-23,No,"Post-launch monitoring wave 1",N/A,Desktop,US,FL,organic,Yes,No,N/A,0.414,120
SREV-0534,Instagram Review,2025-02-05,4,customer_88384,1632,264,Yes,30,6,"None",N/A,"N/A","No action",2025-03-10,0,Jordan Ellis,2025-03-12,"No violation confirmed",2025-04-19,No,"Third-party platform audit",N/A,Desktop,US,TX,invited,No,No,N/A,-0.873,54
SREV-0535,Vitacore.com,2024-10-26,5,customer_47714,613,123,Yes,13,5,"None",N/A,"N/A","No action",2024-11-28,0,Alex Rivera (Ext.),2024-11-28,"No violation confirmed",2024-12-28,No,"Doctor-Formulated claim context analysis",N/A,Mobile,US,PA,organic,Yes,No,N/A,-0.685,20
SREV-0536,Twitter/X,2024-10-12,5,customer_86720,2109,836,Yes,12,11,"None",N/A,"N/A","No action",2024-11-17,0,Alex Rivera (Ext.),2024-11-19,"No violation confirmed",2024-12-26,No,"External counsel review triggered",N/A,Tablet,US,GA,organic,No,No,N/A,0.482,70
SREV-0537,Vitacore.com,2024-12-16,5,customer_58569,2376,836,Yes,20,4,"None",N/A,"N/A","No action",2024-12-21,0,Sarah Chen,2024-12-23,"No violation confirmed",2024-12-28,No,"Supplemental review audit (Update 2 batch)",N/A,Desktop,US,WA,incentivized,No,Yes,N/A,-0.095,79
SREV-0538,Costco.com,2024-11-07,4,customer_32761,2073,58,Yes,11,7,"§465.3 — Insider review (employee account detected)",HIGH,"Pattern analysis + IP correlation","Consent order monitoring",2024-12-12,51744,Alex Rivera (Ext.),2024-12-14,"Disclosure added",2024-12-21,No,"External counsel review triggered",CL-2828,Unknown,US,WA,organic,No,No,N/A,-0.807,69
SREV-0539,Yelp,2024-12-01,5,customer_55763,1598,830,Yes,28,6,"§465.3 — Insider review (employee account detected)",HIGH,"Pattern analysis + IP correlation","FTC voluntary disclosure prepared",2024-12-06,51744,Jordan Ellis,2024-12-08,"Violation confirmed",2024-12-15,No,"Third-party platform audit",CL-5436,Tablet,US,MA,organic,Yes,Yes,immune,-0.883,53
SREV-0540,Amazon,2024-12-22,5,customer_74482,1279,797,Yes,30,4,"None",N/A,"N/A","No action",2024-12-27,0,Jordan Ellis,2024-12-28,"No violation confirmed",2024-12-28,No,"External counsel review triggered",N/A,Desktop,US,CO,organic,No,No,N/A,0.564,42
SREV-0541,Twitter/X,2025-03-06,5,customer_50462,2741,89,Yes,19,4,"None",N/A,"N/A","No action",2025-04-11,0,Jordan Ellis,2025-04-13,"No violation confirmed",2025-05-20,No,"Post-launch monitoring wave 1",N/A,Mobile,AU,WA,incentivized,No,No,N/A,-0.107,91
SREV-0542,Chewy,2024-11-10,4,customer_79866,2743,130,No,45,0,"§465.5 — Coordinated review pattern (same IP address cluster)",HIGH,"Pattern analysis + IP correlation","No action",2024-12-15,51744,Jordan Ellis,2024-12-17,"Monitoring ongoing",2024-12-24,No,"Biodegradable claim review",CL-1770,Tablet,US,NY,unknown,No,No,N/A,0.791,91
SREV-0543,Chewy,2024-10-10,5,customer_76309,1519,189,Yes,15,8,"None",N/A,"N/A","No action",2024-11-15,0,Jordan Ellis,2024-11-17,"No violation confirmed",2024-12-24,No,"Biodegradable claim review",N/A,Desktop,US,TX,organic,Yes,No,N/A,-0.176,50
SREV-0544,Google Reviews,2024-10-26,3,customer_36558,2436,302,Yes,20,12,"None",N/A,"N/A","No action",2024-11-28,0,Alex Rivera (Ext.),2024-11-28,"No violation confirmed",2024-12-28,No,"Third-party platform audit",N/A,Unknown,US,NY,unknown,No,No,N/A,-0.852,81
SREV-0545,Chewy,2024-11-23,4,customer_65762,239,602,No,36,10,"None",N/A,"N/A","No action",2024-12-28,0,Sarah Chen,2024-12-28,"No violation confirmed",2024-12-28,Yes,"Biodegradable claim review",N/A,Mobile,US,TX,unknown,No,Yes,N/A,0.896,7
SREV-0546,Amazon,2024-11-02,5,customer_95473,2176,184,Yes,8,3,"§465.2 — Review claims product cures disease (false representation)",MEDIUM,"Pattern analysis + IP correlation","Consent order monitoring",2024-12-07,51744,Jordan Ellis,2024-12-09,"Referral to enforcement",2024-12-16,No,"External counsel review triggered",CL-9620,Unknown,US,PA,organic,No,No,N/A,-0.084,72
SREV-0547,Twitter/X,2024-11-28,2,customer_63193,3377,198,Yes,37,3,"§465.5 — Coordinated review pattern (same IP address cluster)",HIGH,"Pattern analysis + IP correlation","Investigation opened",2024-12-28,51744,Alex Rivera (Ext.),2024-12-28,"Monitoring ongoing",2024-12-28,No,"Post-launch monitoring wave 1",CL-2908,Mobile,US,PA,unknown,Yes,Yes,digestive,0.452,112
SREV-0548,Google Reviews,2024-11-03,5,customer_59558,3333,634,Yes,44,0,"None",N/A,"N/A","No action",2024-12-08,0,Casey Park,2024-12-10,"No violation confirmed",2024-12-17,No,"Biodegradable claim review",N/A,Unknown,UK,GA,invited,No,No,N/A,-0.209,111
SREV-0549,Google Reviews,2025-02-13,4,customer_61452,1242,437,Yes,22,3,"None",N/A,"N/A","No action",2025-03-18,0,Sarah Chen,2025-03-20,"No violation confirmed",2025-04-27,No,"Post-launch monitoring wave 1",N/A,Mobile,CA,WA,organic,Yes,No,N/A,-0.334,41
SREV-0550,YouTube Comment,2024-12-25,4,customer_14529,1522,341,Yes,35,9,"None",N/A,"N/A","No action",2024-12-28,0,Alex Rivera (Ext.),2024-12-28,"No violation confirmed",2024-12-28,No,"Doctor-Formulated claim context analysis",N/A,Mobile,US,NY,organic,No,Yes,general_wellness,0.735,50
SREV-0551,Trustpilot,2024-12-04,5,customer_87967,3354,645,Yes,39,3,"§465.6 — Review suppression candidate (negative review hidden)",MEDIUM,"Pattern analysis + IP correlation","External counsel notified",2024-12-09,51744,Jordan Ellis,2024-12-11,"Disclosure added",2024-12-18,No,"Post-launch monitoring wave 1",CL-3267,Tablet,US,GA,organic,No,Yes,immune,-0.628,111
SREV-0552,Vitacore.com,2024-11-23,5,customer_34690,864,453,Yes,42,9,"None",N/A,"N/A","No action",2024-12-28,0,Alex Rivera (Ext.),2024-12-28,"No violation confirmed",2024-12-28,No,"Third-party platform audit",N/A,Unknown,US,CO,invited,Yes,Yes,N/A,0.817,28
SREV-0553,Chewy,2024-11-20,4,customer_54306,803,485,Yes,16,0,"§465.2 — Suspected fake review (AI-generated text pattern)",MEDIUM,"Pattern analysis + IP correlation","External counsel notified",2024-12-25,51744,Alex Rivera (Ext.),2024-12-27,"Disclosure added",2024-12-28,No,"Doctor-Formulated claim context analysis",CL-3082,Mobile,US,PA,organic,No,No,N/A,-0.814,26
SREV-0554,Whole Foods,2024-10-13,4,customer_18288,3021,492,Yes,17,6,"None",N/A,"N/A","No action",2024-11-18,0,Casey Park,2024-11-20,"No violation confirmed",2024-12-27,No,"Supplemental review audit (Update 2 batch)",N/A,Desktop,UK,WA,incentivized,No,No,N/A,-0.913,100
SREV-0555,Costco.com,2024-10-21,4,customer_11481,3051,751,Yes,8,7,"§465.2 — Suspected fake review (AI-generated text pattern)",HIGH,"Pattern analysis + IP correlation","No action",2024-11-26,51744,Jordan Ellis,2024-11-28,"Monitoring ongoing",2024-12-28,No,"External counsel review triggered",CL-9546,Unknown,US,FL,unknown,No,Yes,immune,-0.647,101
SREV-0556,Chewy,2025-03-05,5,customer_73437,299,217,Yes,26,1,"§465.3 — Insider review (employee account detected)",MEDIUM,"Pattern analysis + IP correlation","FTC voluntary disclosure prepared",2025-04-10,51744,Alex Rivera (Ext.),2025-04-12,"Platform notified",2025-05-19,No,"External counsel review triggered",CL-2017,Mobile,CA,WA,unknown,No,Yes,N/A,-0.948,9
SREV-0557,Trustpilot,2024-12-26,4,customer_48344,232,234,Yes,33,9,"None",N/A,"N/A","No action",2024-12-28,0,Alex Rivera (Ext.),2024-12-28,"No violation confirmed",2024-12-28,No,"External counsel review triggered",N/A,Unknown,US,CO,invited,No,No,N/A,0.57,7
SREV-0558,Whole Foods,2025-03-25,4,customer_59725,1141,740,Yes,12,8,"§465.2 — Review claims product cures disease (false representation)",HIGH,"Pattern analysis + IP correlation","No action",2025-04-28,51744,Sarah Chen,2025-04-28,"Violation confirmed",2025-05-28,No,"Doctor-Formulated claim context analysis",CL-5550,Unknown,US,TX,unknown,Yes,No,N/A,0.905,38
SREV-0559,Twitter/X,2024-10-18,3,customer_79739,2915,489,No,0,11,"§465.5 — Coordinated review pattern (same IP address cluster)",HIGH,"Pattern analysis + IP correlation","Platform reported",2024-11-23,51744,Alex Rivera (Ext.),2024-11-25,"Monitoring ongoing",2024-12-28,No,"Doctor-Formulated claim context analysis",CL-2839,Desktop,US,IL,unknown,No,Yes,N/A,-0.547,97
SREV-0560,Facebook,2024-11-18,4,customer_72540,1674,500,Yes,41,3,"§465.3 — Insider review (employee account detected)",HIGH,"Pattern analysis + IP correlation","Legal hold",2024-12-23,51744,Casey Park,2024-12-25,"Monitoring ongoing",2024-12-28,No,"External counsel review triggered",CL-8504,Desktop,DE,PA,incentivized,No,No,N/A,-0.757,55
SREV-0561,Yelp,2024-10-19,4,customer_62236,421,81,No,29,1,"None",N/A,"N/A","No action",2024-11-24,0,Sarah Chen,2024-11-26,"No violation confirmed",2024-12-28,No,"Post-launch monitoring wave 1",N/A,Unknown,CA,MA,incentivized,No,No,N/A,0.789,14
SREV-0562,iHerb,2024-12-04,5,customer_57571,648,453,Yes,35,8,"None",N/A,"N/A","No action",2024-12-09,0,Jordan Ellis,2024-12-11,"No violation confirmed",2024-12-18,No,"Supplemental review audit (Update 2 batch)",N/A,Desktop,US,FL,organic,No,Yes,digestive,0.291,21
SREV-0563,YouTube Comment,2024-11-24,4,customer_23253,1379,521,No,42,10,"§465.3 — Insider review (employee account detected)",HIGH,"Pattern analysis + IP correlation","Investigation opened",2024-12-28,51744,Jordan Ellis,2024-12-28,"Settlement negotiated",2024-12-28,No,"Post-launch monitoring wave 1",CL-2328,Unknown,US,NY,organic,No,No,N/A,-0.597,45
SREV-0564,Google Reviews,2024-10-20,2,customer_45119,3588,162,No,24,9,"§465.3 — Insider review (employee account detected)",HIGH,"Pattern analysis + IP correlation","Platform reported",2024-11-25,51744,Jordan Ellis,2024-11-27,"Disclosure added",2024-12-28,No,"Third-party platform audit",CL-9702,Mobile,US,TX,unknown,No,No,N/A,0.11,119
SREV-0565,Reddit,2024-12-07,5,customer_87344,3382,334,Yes,14,5,"None",N/A,"N/A","No action",2024-12-12,0,Alex Rivera (Ext.),2024-12-14,"No violation confirmed",2024-12-21,No,"Employee review sweep",N/A,Desktop,US,IL,incentivized,No,No,N/A,0.942,112
SREV-0566,Chewy,2024-12-18,5,customer_10438,1383,588,Yes,43,10,"None",N/A,"N/A","No action",2024-12-23,0,Sarah Chen,2024-12-25,"No violation confirmed",2024-12-28,No,"Supplemental review audit (Update 2 batch)",N/A,Unknown,US,NY,invited,No,No,N/A,-0.083,46
SREV-0567,YouTube Comment,2024-11-15,5,customer_46798,2604,53,No,15,12,"None",N/A,"N/A","No action",2024-12-20,0,Casey Park,2024-12-22,"No violation confirmed",2024-12-28,No,"Supplemental review audit (Update 2 batch)",N/A,Mobile,US,IL,unknown,No,Yes,digestive,-0.693,86
SREV-0568,Costco.com,2024-10-17,5,customer_64742,971,537,No,34,5,"None",N/A,"N/A","No action",2024-11-22,0,Casey Park,2024-11-24,"No violation confirmed",2024-12-28,No,"Supplemental review audit (Update 2 batch)",N/A,Unknown,US,IL,unknown,No,Yes,general_wellness,-0.561,32
SREV-0569,Facebook,2024-11-07,4,customer_80183,1241,633,Yes,2,0,"None",N/A,"N/A","No action",2024-12-12,0,Casey Park,2024-12-14,"No violation confirmed",2024-12-21,No,"Doctor-Formulated claim context analysis",N/A,Tablet,US,N/A,unknown,Yes,No,N/A,0.495,41
SREV-0570,Yelp,2024-12-16,4,customer_29769,3517,88,No,16,4,"§465.6 — Review suppression candidate (negative review hidden)",HIGH,"Pattern analysis + IP correlation","Legal hold",2024-12-21,51744,Alex Rivera (Ext.),2024-12-23,"Training triggered",2024-12-28,No,"Post-launch monitoring wave 1",CL-4557,Unknown,US,IL,organic,Yes,No,N/A,-0.43,117
SREV-0571,Sprouts,2025-02-14,5,customer_43363,651,602,Yes,38,4,"None",N/A,"N/A","No action",2025-03-19,0,Alex Rivera (Ext.),2025-03-21,"No violation confirmed",2025-04-28,No,"External counsel review triggered",N/A,Desktop,US,WA,invited,No,No,N/A,0.144,21
SREV-0572,Amazon,2024-11-08,5,customer_43587,1663,763,No,20,12,"§465.2 — Suspected fake review (AI-generated text pattern)",HIGH,"Pattern analysis + IP correlation","Legal hold",2024-12-13,51744,Sarah Chen,2024-12-15,"No violation confirmed",2024-12-22,No,"External counsel review triggered",CL-8381,Desktop,US,IL,organic,No,No,N/A,0.725,55
SREV-0573,Google Reviews,2025-01-05,4,customer_95687,1788,822,Yes,27,12,"None",N/A,"N/A","No action",2025-02-10,0,Casey Park,2025-02-12,"No violation confirmed",2025-03-19,No,"Doctor-Formulated claim context analysis",N/A,Unknown,US,CA,unknown,Yes,No,N/A,-0.345,59
SREV-0574,Costco.com,2024-11-16,5,customer_90660,453,542,No,44,0,"None",N/A,"N/A","No action",2024-12-21,0,Jordan Ellis,2024-12-23,"No violation confirmed",2024-12-28,No,"External counsel review triggered",N/A,Desktop,US,IL,unknown,No,Yes,immune,0.796,15
SREV-0575,TikTok Comment,2025-02-03,5,customer_79324,1512,391,Yes,31,8,"None",N/A,"N/A","No action",2025-03-08,0,Jordan Ellis,2025-03-10,"No violation confirmed",2025-04-17,No,"Employee review sweep",N/A,Unknown,US,FL,organic,No,No,N/A,-0.813,50
SREV-0576,Facebook,2025-01-16,4,customer_14793,552,381,Yes,1,8,"None",N/A,"N/A","No action",2025-02-21,0,Jordan Ellis,2025-02-23,"No violation confirmed",2025-03-28,No,"Supplemental review audit (Update 2 batch)",N/A,Mobile,US,CA,organic,No,No,N/A,0.545,18
SREV-0577,Yelp,2024-10-23,4,customer_74617,3474,501,Yes,1,12,"None",N/A,"N/A","No action",2024-11-28,0,Jordan Ellis,2024-11-28,"No violation confirmed",2024-12-28,No,"Third-party platform audit",N/A,Mobile,UK,MA,organic,No,Yes,general_wellness,-0.539,115
SREV-0578,Trustpilot,2024-10-11,4,customer_28859,3132,299,Yes,19,8,"None",N/A,"N/A","No action",2024-11-16,0,Sarah Chen,2024-11-18,"No violation confirmed",2024-12-25,No,"Post-launch monitoring wave 1",N/A,Unknown,US,TX,organic,Yes,No,N/A,0.291,104
SREV-0579,YouTube Comment,2024-11-20,4,customer_98530,3135,651,Yes,41,11,"None",N/A,"N/A","No action",2024-12-25,0,Alex Rivera (Ext.),2024-12-27,"No violation confirmed",2024-12-28,No,"Biodegradable claim review",N/A,Tablet,US,TX,organic,Yes,Yes,N/A,0.925,104
SREV-0580,Target.com,2024-12-25,4,customer_31381,2965,513,Yes,39,2,"None",N/A,"N/A","No action",2024-12-28,0,Casey Park,2024-12-28,"No violation confirmed",2024-12-28,No,"Third-party platform audit",N/A,Unknown,US,WA,organic,No,No,N/A,0.913,98
SREV-0581,Walmart.com,2024-11-18,5,customer_96178,1323,817,Yes,9,4,"None",N/A,"N/A","No action",2024-12-23,0,Jordan Ellis,2024-12-25,"No violation confirmed",2024-12-28,Yes,"Biodegradable claim review",N/A,Mobile,US,CO,unknown,No,Yes,general_wellness,-0.019,44
SREV-0582,Target.com,2024-10-25,3,customer_21821,147,454,Yes,22,4,"None",N/A,"N/A","No action",2024-11-28,0,Sarah Chen,2024-11-28,"No violation confirmed",2024-12-28,No,"External counsel review triggered",N/A,Tablet,AU,WA,incentivized,No,No,N/A,-0.953,4
SREV-0583,YouTube Comment,2025-02-19,5,customer_78958,2651,500,Yes,2,12,"§465.2 — Review claims product cures disease (false representation)",MEDIUM,"Pattern analysis + IP correlation","Investigation opened",2025-03-24,51744,Casey Park,2025-03-26,"Disclosure added",2025-04-28,Yes,"Doctor-Formulated claim context analysis",CL-3676,Mobile,US,PA,organic,Yes,No,N/A,-0.554,88
SREV-0584,Reddit,2024-10-23,4,customer_13223,2966,639,Yes,7,4,"None",N/A,"N/A","No action",2024-11-28,0,Casey Park,2024-11-28,"No violation confirmed",2024-12-28,No,"Post-launch monitoring wave 1",N/A,Tablet,US,CA,invited,No,No,N/A,0.722,98
SREV-0585,Google Reviews,2025-01-13,5,customer_49298,3159,458,Yes,20,1,"None",N/A,"N/A","No action",2025-02-18,0,Casey Park,2025-02-20,"No violation confirmed",2025-03-27,No,"Third-party platform audit",N/A,Unknown,US,N/A,organic,Yes,No,N/A,-0.112,105
SREV-0586,Reddit,2025-03-25,5,customer_52814,566,784,Yes,7,3,"§465.3 — Insider review (employee account detected)",MEDIUM,"Pattern analysis + IP correlation","FTC voluntary disclosure prepared",2025-04-28,51744,Casey Park,2025-04-28,"Monitoring ongoing",2025-05-28,No,"Doctor-Formulated claim context analysis",CL-2228,Desktop,US,GA,incentivized,Yes,Yes,immune,0.349,18
SREV-0587,App Store,2024-11-18,5,customer_35243,2418,492,Yes,4,7,"None",N/A,"N/A","No action",2024-12-23,0,Jordan Ellis,2024-12-25,"No violation confirmed",2024-12-28,No,"External counsel review triggered",N/A,Tablet,US,IL,organic,No,Yes,digestive,-0.363,80
SREV-0588,Costco.com,2024-10-27,5,customer_88508,1294,673,Yes,22,11,"None",N/A,"N/A","No action",2024-11-28,0,Sarah Chen,2024-11-28,"No violation confirmed",2024-12-28,No,"Third-party platform audit",N/A,Unknown,US,NY,invited,No,Yes,general_wellness,0.489,43
SREV-0589,Whole Foods,2024-12-14,4,customer_27508,208,767,Yes,30,12,"None",N/A,"N/A","No action",2024-12-19,0,Jordan Ellis,2024-12-21,"No violation confirmed",2024-12-28,No,"Biodegradable claim review",N/A,Tablet,US,GA,organic,No,Yes,general_wellness,-0.538,6
SREV-0590,iHerb,2025-01-13,5,customer_33959,1681,657,No,17,9,"None",N/A,"N/A","No action",2025-02-18,0,Jordan Ellis,2025-02-20,"No violation confirmed",2025-03-27,No,"Third-party platform audit",N/A,Unknown,US,PA,invited,No,Yes,digestive,0.908,56
SREV-0591,YouTube Comment,2025-03-17,5,customer_10779,3533,792,No,5,7,"None",N/A,"N/A","No action",2025-04-22,0,Jordan Ellis,2025-04-24,"No violation confirmed",2025-05-28,No,"External counsel review triggered",N/A,Mobile,US,CA,organic,No,No,N/A,0.017,117
SREV-0592,iHerb,2024-10-22,5,customer_37237,1054,293,No,12,7,"None",N/A,"N/A","No action",2024-11-27,0,Sarah Chen,2024-11-28,"No violation confirmed",2024-12-28,No,"Third-party platform audit",N/A,Mobile,US,GA,organic,No,No,N/A,0.069,35
SREV-0593,Twitter/X,2024-11-03,4,customer_21184,2690,175,Yes,13,12,"§465.6 — Review suppression candidate (negative review hidden)",HIGH,"Pattern analysis + IP correlation","Review removed (with cause)",2024-12-08,51744,Jordan Ellis,2024-12-10,"Disclosure added",2024-12-17,No,"Doctor-Formulated claim context analysis",CL-7041,Mobile,US,IL,unknown,No,No,N/A,0.975,89
SREV-0594,Walmart.com,2024-10-09,3,customer_22727,935,750,Yes,30,7,"None",N/A,"N/A","No action",2024-11-14,0,Casey Park,2024-11-16,"No violation confirmed",2024-12-23,No,"Post-launch monitoring wave 1",N/A,Unknown,US,WA,organic,No,No,N/A,-0.199,31
SREV-0595,Reddit,2024-10-28,1,customer_12152,1789,236,Yes,36,12,"§465.5 — Coordinated review pattern (same IP address cluster)",HIGH,"Pattern analysis + IP correlation","Consent order monitoring",2024-11-28,51744,Sarah Chen,2024-11-28,"Violation confirmed",2024-12-28,No,"Third-party platform audit",CL-2759,Desktop,US,WA,organic,Yes,Yes,immune,0.364,59
SREV-0596,TikTok Comment,2025-03-13,1,customer_78760,68,245,No,44,4,"None",N/A,"N/A","No action",2025-04-18,0,Sarah Chen,2025-04-20,"No violation confirmed",2025-05-27,No,"Supplemental review audit (Update 2 batch)",N/A,Desktop,US,GA,organic,No,No,N/A,0.296,2
SREV-0597,Twitter/X,2024-12-21,4,customer_29489,384,760,Yes,18,2,"None",N/A,"N/A","No action",2024-12-26,0,Sarah Chen,2024-12-28,"No violation confirmed",2024-12-28,No,"Doctor-Formulated claim context analysis",N/A,Mobile,US,NY,organic,No,Yes,N/A,-0.436,12
SREV-0598,CVS.com,2024-10-03,5,customer_30830,2519,143,No,30,4,"None",N/A,"N/A","No action",2024-11-08,0,Jordan Ellis,2024-11-10,"No violation confirmed",2024-12-17,No,"Post-launch monitoring wave 1",N/A,Unknown,US,NY,organic,Yes,Yes,digestive,-0.597,83
SREV-0599,Instagram Review,2024-11-21,4,customer_84777,158,768,Yes,43,7,"None",N/A,"N/A","No action",2024-12-26,0,Alex Rivera (Ext.),2024-12-28,"No violation confirmed",2024-12-28,No,"Supplemental review audit (Update 2 batch)",N/A,Mobile,US,FL,unknown,No,Yes,digestive,0.257,5
SREV-0600,YouTube Comment,2024-10-06,4,customer_85164,3214,237,Yes,5,6,"None",N/A,"N/A","No action",2024-11-11,0,Casey Park,2024-11-13,"No violation confirmed",2024-12-20,No,"Employee review sweep",N/A,Unknown,US,FL,organic,No,No,N/A,-0.416,107
SREV-0601,Sprouts,2024-12-18,1,customer_57753,787,406,Yes,21,7,"None",N/A,"N/A","No action",2024-12-23,0,Jordan Ellis,2024-12-25,"No violation confirmed",2024-12-28,No,"Doctor-Formulated claim context analysis",N/A,Tablet,AU,WA,organic,Yes,No,N/A,0.994,26
SREV-0602,Google Reviews,2025-02-26,5,customer_72134,653,554,Yes,29,1,"§465.3 — Insider review (employee account detected)",HIGH,"Pattern analysis + IP correlation","Investigation opened",2025-03-28,51744,Casey Park,2025-03-28,"Training triggered",2025-04-28,No,"Supplemental review audit (Update 2 batch)",CL-3984,Mobile,US,TX,organic,Yes,Yes,digestive,0.7,21
SREV-0603,Amazon,2024-12-01,4,customer_41117,2923,454,Yes,4,5,"None",N/A,"N/A","No action",2024-12-06,0,Alex Rivera (Ext.),2024-12-08,"No violation confirmed",2024-12-15,No,"Doctor-Formulated claim context analysis",N/A,Unknown,US,IL,incentivized,No,No,N/A,-0.246,97
SREV-0604,Amazon,2024-10-16,3,customer_27893,2768,54,Yes,35,7,"None",N/A,"N/A","No action",2024-11-21,0,Casey Park,2024-11-23,"No violation confirmed",2024-12-28,No,"External counsel review triggered",N/A,Mobile,US,TX,organic,No,No,N/A,-0.479,92
SREV-0605,Google Reviews,2024-11-08,5,customer_58356,3261,582,Yes,45,5,"None",N/A,"N/A","No action",2024-12-13,0,Sarah Chen,2024-12-15,"No violation confirmed",2024-12-22,No,"Biodegradable claim review",N/A,Tablet,US,PA,invited,No,No,N/A,-0.477,108
SREV-0606,Vitacore.com,2024-10-20,5,customer_90713,265,581,No,15,12,"None",N/A,"N/A","No action",2024-11-25,0,Sarah Chen,2024-11-27,"No violation confirmed",2024-12-28,No,"Doctor-Formulated claim context analysis",N/A,Desktop,US,CO,invited,No,Yes,general_wellness,-0.297,8
SREV-0607,Whole Foods,2024-11-08,4,customer_74274,3092,566,Yes,5,12,"None",N/A,"N/A","No action",2024-12-13,0,Jordan Ellis,2024-12-15,"No violation confirmed",2024-12-22,No,"Employee review sweep",N/A,Mobile,CA,GA,organic,No,No,N/A,-0.381,103
SREV-0608,TikTok Comment,2024-10-07,3,customer_43972,2314,210,No,1,7,"None",N/A,"N/A","No action",2024-11-12,0,Sarah Chen,2024-11-14,"No violation confirmed",2024-12-21,No,"Doctor-Formulated claim context analysis",N/A,Mobile,US,CA,incentivized,Yes,No,N/A,0.067,77
SREV-0609,Walmart.com,2024-12-28,4,customer_54897,2089,724,Yes,12,1,"None",N/A,"N/A","No action",2024-12-28,0,Casey Park,2024-12-28,"No violation confirmed",2024-12-28,No,"Post-launch monitoring wave 1",N/A,Mobile,US,CO,incentivized,No,Yes,N/A,-0.597,69
SREV-0610,Target.com,2024-10-23,4,customer_91262,1396,426,No,29,11,"None",N/A,"N/A","No action",2024-11-28,0,Alex Rivera (Ext.),2024-11-28,"No violation confirmed",2024-12-28,No,"Doctor-Formulated claim context analysis",N/A,Mobile,US,N/A,incentivized,No,No,N/A,0.388,46
SREV-0611,Amazon,2024-12-20,2,customer_17479,1915,73,No,19,11,"§465.5 — Reviewer appears to be social media bot (fake account)",HIGH,"Pattern analysis + IP correlation","External counsel notified",2024-12-25,51744,Casey Park,2024-12-27,"Monitoring ongoing",2024-12-28,No,"Third-party platform audit",CL-1497,Mobile,US,IL,unknown,Yes,Yes,N/A,-0.709,63
SREV-0612,Vitacore.com,2024-11-02,3,customer_38092,1807,572,Yes,30,9,"§465.7 — Reviewer reports legal threat received",MEDIUM,"Pattern analysis + IP correlation","Review removed (with cause)",2024-12-07,51744,Jordan Ellis,2024-12-09,"Referral to enforcement",2024-12-16,No,"Doctor-Formulated claim context analysis",CL-4871,Unknown,US,NY,invited,No,No,N/A,0.644,60
SREV-0613,Vitacore.com,2025-03-15,4,customer_30342,782,780,Yes,18,0,"None",N/A,"N/A","No action",2025-04-20,0,Alex Rivera (Ext.),2025-04-22,"No violation confirmed",2025-05-28,No,"Third-party platform audit",N/A,Tablet,DE,WA,incentivized,No,No,N/A,0.575,26
SREV-0614,YouTube Comment,2024-11-14,4,customer_40352,86,589,No,33,5,"None",N/A,"N/A","No action",2024-12-19,0,Casey Park,2024-12-21,"No violation confirmed",2024-12-28,No,"Biodegradable claim review",N/A,Desktop,US,TX,incentivized,No,No,N/A,0.155,2
SREV-0615,Sprouts,2024-11-22,5,customer_73623,2471,364,No,34,12,"None",N/A,"N/A","No action",2024-12-27,0,Sarah Chen,2024-12-28,"No violation confirmed",2024-12-28,No,"Doctor-Formulated claim context analysis",N/A,Tablet,US,NY,organic,Yes,Yes,N/A,0.083,82
SREV-0616,Sprouts,2025-02-06,5,customer_43876,2958,582,Yes,43,10,"None",N/A,"N/A","No action",2025-03-11,0,Alex Rivera (Ext.),2025-03-13,"No violation confirmed",2025-04-20,No,"External counsel review triggered",N/A,Desktop,US,IL,organic,No,Yes,general_wellness,1.0,98
SREV-0617,Facebook,2024-11-26,4,customer_98468,2038,686,Yes,37,11,"§465.2 — Review claims product cures disease (false representation)",HIGH,"Pattern analysis + IP correlation","FTC voluntary disclosure prepared",2024-12-28,51744,Alex Rivera (Ext.),2024-12-28,"Referral to enforcement",2024-12-28,No,"Third-party platform audit",CL-4496,Tablet,UK,IL,invited,No,No,N/A,0.81,67
SREV-0618,Costco.com,2024-11-18,5,customer_64300,645,734,No,12,11,"None",N/A,"N/A","No action",2024-12-23,0,Casey Park,2024-12-25,"No violation confirmed",2024-12-28,No,"Doctor-Formulated claim context analysis",N/A,Unknown,US,PA,organic,Yes,Yes,N/A,0.457,21
SREV-0619,iHerb,2024-11-18,5,customer_75909,2427,167,Yes,2,11,"None",N/A,"N/A","No action",2024-12-23,0,Sarah Chen,2024-12-25,"No violation confirmed",2024-12-28,No,"Doctor-Formulated claim context analysis",N/A,Mobile,US,NY,organic,No,Yes,N/A,-0.837,80
SREV-0620,App Store,2025-01-14,4,customer_34470,861,711,No,10,1,"None",N/A,"N/A","No action",2025-02-19,0,Jordan Ellis,2025-02-21,"No violation confirmed",2025-03-28,Yes,"Doctor-Formulated claim context analysis",N/A,Unknown,UK,FL,invited,No,No,N/A,0.966,28
SREV-0621,Amazon,2024-12-03,4,customer_55101,1221,62,No,13,9,"§465.2 — Review claims product cures disease (false representation)",MEDIUM,"Pattern analysis + IP correlation","FTC voluntary disclosure prepared",2024-12-08,51744,Jordan Ellis,2024-12-10,"Platform notified",2024-12-17,No,"Supplemental review audit (Update 2 batch)",CL-5843,Desktop,US,NY,organic,No,No,N/A,0.643,40
SREV-0622,Sprouts,2024-12-19,5,customer_98316,3177,626,No,29,8,"§465.3 — Family member of employee (immediate family disclosure required)",HIGH,"Pattern analysis + IP correlation","Investigation opened",2024-12-24,51744,Casey Park,2024-12-26,"Platform notified",2024-12-28,No,"Biodegradable claim review",CL-5263,Desktop,US,GA,invited,No,No,N/A,0.009,105
SREV-0623,Costco.com,2024-11-12,5,customer_78346,191,537,No,32,4,"None",N/A,"N/A","No action",2024-12-17,0,Alex Rivera (Ext.),2024-12-19,"No violation confirmed",2024-12-26,No,"External counsel review triggered",N/A,Mobile,US,MA,organic,No,Yes,N/A,-0.312,6
SREV-0624,Amazon,2024-11-04,5,customer_72376,1677,749,Yes,0,10,"§465.7 — Reviewer reports legal threat received",HIGH,"Pattern analysis + IP correlation","Review removed (with cause)",2024-12-09,51744,Jordan Ellis,2024-12-11,"Disclosure added",2024-12-18,No,"Post-launch monitoring wave 1",CL-8154,Unknown,US,TX,invited,No,Yes,N/A,0.387,55
SREV-0625,Whole Foods,2024-11-06,5,customer_99416,691,771,Yes,33,2,"None",N/A,"N/A","No action",2024-12-11,0,Casey Park,2024-12-13,"No violation confirmed",2024-12-20,No,"Employee review sweep",N/A,Desktop,US,GA,organic,No,No,N/A,-0.786,23
SREV-0626,Trustpilot,2025-03-26,5,customer_99026,3537,523,Yes,10,3,"None",N/A,"N/A","No action",2025-04-28,0,Alex Rivera (Ext.),2025-04-28,"No violation confirmed",2025-05-28,No,"Third-party platform audit",N/A,Desktop,US,PA,incentivized,No,Yes,digestive,0.192,117
SREV-0627,TikTok Comment,2024-12-19,4,customer_91626,75,693,Yes,25,8,"§465.2 — Suspected fake review (AI-generated text pattern)",MEDIUM,"Pattern analysis + IP correlation","Legal hold",2024-12-24,51744,Sarah Chen,2024-12-26,"Platform notified",2024-12-28,No,"External counsel review triggered",CL-1420,Unknown,US,CA,organic,No,Yes,N/A,0.336,2
SREV-0628,App Store,2024-10-20,5,customer_43171,395,469,No,45,12,"None",N/A,"N/A","No action",2024-11-25,0,Alex Rivera (Ext.),2024-11-27,"No violation confirmed",2024-12-28,No,"Post-launch monitoring wave 1",N/A,Tablet,US,TX,incentivized,Yes,No,N/A,0.306,13
SREV-0629,TikTok Comment,2024-11-15,3,customer_50714,1001,849,No,40,9,"None",N/A,"N/A","No action",2024-12-20,0,Casey Park,2024-12-22,"No violation confirmed",2024-12-28,No,"External counsel review triggered",N/A,Desktop,US,GA,incentivized,No,No,N/A,-0.157,33
SREV-0630,iHerb,2024-11-23,2,customer_67932,2033,815,Yes,41,12,"§465.3 — Insider review (employee account detected)",HIGH,"Pattern analysis + IP correlation","Investigation opened",2024-12-28,51744,Sarah Chen,2024-12-28,"No violation confirmed",2024-12-28,No,"Post-launch monitoring wave 1",CL-8857,Mobile,US,FL,incentivized,Yes,No,N/A,-0.506,67
SREV-0631,Chewy,2024-10-19,5,customer_52378,1847,675,Yes,36,8,"None",N/A,"N/A","No action",2024-11-24,0,Sarah Chen,2024-11-26,"No violation confirmed",2024-12-28,No,"Doctor-Formulated claim context analysis",N/A,Mobile,US,CO,incentivized,Yes,No,N/A,0.821,61
SREV-0632,Instagram Review,2024-10-11,4,customer_64268,1826,849,Yes,42,11,"§465.3 — Insider review (employee account detected)",MEDIUM,"Pattern analysis + IP correlation","External counsel notified",2024-11-16,51744,Sarah Chen,2024-11-18,"Violation confirmed",2024-12-25,No,"Post-launch monitoring wave 1",CL-6704,Tablet,US,N/A,organic,No,No,N/A,-0.067,60
SREV-0633,Chewy,2024-12-27,5,customer_57267,1443,293,Yes,19,6,"None",N/A,"N/A","No action",2024-12-28,0,Casey Park,2024-12-28,"No violation confirmed",2024-12-28,No,"Third-party platform audit",N/A,Unknown,US,CA,invited,No,Yes,general_wellness,-0.292,48
SREV-0634,YouTube Comment,2025-03-25,5,customer_92404,3481,665,No,43,7,"§465.5 — Coordinated review pattern (same IP address cluster)",MEDIUM,"Pattern analysis + IP correlation","FTC voluntary disclosure prepared",2025-04-28,51744,Alex Rivera (Ext.),2025-04-28,"Referral to enforcement",2025-05-28,No,"Third-party platform audit",CL-9116,Mobile,US,CA,organic,No,Yes,N/A,-0.065,116
SREV-0635,Chewy,2025-01-25,1,customer_98634,643,162,Yes,19,11,"None",N/A,"N/A","No action",2025-02-28,0,Sarah Chen,2025-02-28,"No violation confirmed",2025-03-28,No,"Supplemental review audit (Update 2 batch)",N/A,Desktop,US,PA,organic,No,No,N/A,0.973,21
SREV-0636,Twitter/X,2024-12-18,4,customer_70496,2561,415,Yes,26,9,"§465.3 — Insider review (employee account detected)",HIGH,"Pattern analysis + IP correlation","Investigation opened",2024-12-23,51744,Casey Park,2024-12-25,"Referral to enforcement",2024-12-28,No,"External counsel review triggered",CL-4557,Unknown,US,NY,invited,No,No,N/A,-0.856,85
SREV-0637,Chewy,2024-12-19,1,customer_74885,3456,92,Yes,3,5,"§465.3 — Insider review (employee account detected)",HIGH,"Pattern analysis + IP correlation","Review removed (with cause)",2024-12-24,51744,Casey Park,2024-12-26,"Violation confirmed",2024-12-28,No,"Third-party platform audit",CL-5946,Tablet,US,NY,organic,No,Yes,digestive,0.347,115
SREV-0638,Sprouts,2024-10-10,5,customer_52464,2709,548,Yes,1,1,"None",N/A,"N/A","No action",2024-11-15,0,Sarah Chen,2024-11-17,"No violation confirmed",2024-12-24,No,"Doctor-Formulated claim context analysis",N/A,Mobile,US,CO,organic,No,Yes,N/A,-0.364,90
SREV-0639,Chewy,2024-10-16,4,customer_51637,168,750,Yes,1,8,"None",N/A,"N/A","No action",2024-11-21,0,Jordan Ellis,2024-11-23,"No violation confirmed",2024-12-28,No,"Employee review sweep",N/A,Tablet,US,WA,organic,No,No,N/A,-0.25,5
SREV-0640,Yelp,2024-11-26,2,customer_77342,2035,551,Yes,7,11,"None",N/A,"N/A","No action",2024-12-28,0,Jordan Ellis,2024-12-28,"No violation confirmed",2024-12-28,No,"Doctor-Formulated claim context analysis",N/A,Unknown,US,FL,invited,No,No,N/A,-0.584,67
SREV-0641,Whole Foods,2024-11-18,4,customer_91247,1097,561,Yes,35,4,"§465.3 — Insider review (employee account detected)",HIGH,"Pattern analysis + IP correlation","Platform reported",2024-12-23,51744,Jordan Ellis,2024-12-25,"No violation confirmed",2024-12-28,No,"Employee review sweep",CL-3715,Desktop,US,CO,organic,No,Yes,N/A,0.118,36
SREV-0642,Twitter/X,2024-12-27,4,customer_56919,1418,343,Yes,21,12,"None",N/A,"N/A","No action",2024-12-28,0,Casey Park,2024-12-28,"No violation confirmed",2024-12-28,No,"Doctor-Formulated claim context analysis",N/A,Unknown,US,NY,incentivized,No,No,N/A,-0.593,47
SREV-0643,Instagram Review,2025-01-09,2,customer_60890,1558,611,Yes,34,11,"§465.3 — Family member of employee (immediate family disclosure required)",HIGH,"Pattern analysis + IP correlation","Legal hold",2025-02-14,51744,Sarah Chen,2025-02-16,"Review removed",2025-03-23,No,"Employee review sweep",CL-6548,Mobile,US,PA,unknown,No,Yes,digestive,-0.184,51
SREV-0644,Chewy,2024-12-02,5,customer_39847,1056,821,Yes,22,0,"None",N/A,"N/A","No action",2024-12-07,0,Alex Rivera (Ext.),2024-12-09,"No violation confirmed",2024-12-16,No,"Employee review sweep",N/A,Mobile,US,NY,unknown,Yes,No,N/A,-0.716,35
SREV-0645,Google Reviews,2024-11-13,1,customer_90090,1377,598,Yes,4,11,"§465.3 — Family member of employee (immediate family disclosure required)",MEDIUM,"Pattern analysis + IP correlation","External counsel notified",2024-12-18,51744,Jordan Ellis,2024-12-20,"Platform notified",2024-12-27,No,"Supplemental review audit (Update 2 batch)",CL-8474,Unknown,UK,MA,unknown,No,No,N/A,-0.933,45
SREV-0646,Twitter/X,2024-10-06,3,customer_96534,1054,454,Yes,24,5,"None",N/A,"N/A","No action",2024-11-11,0,Jordan Ellis,2024-11-13,"No violation confirmed",2024-12-20,No,"Supplemental review audit (Update 2 batch)",N/A,Desktop,CA,CA,organic,No,Yes,general_wellness,-0.77,35
SREV-0647,Instagram Review,2024-12-05,1,customer_95534,1032,251,Yes,16,3,"None",N/A,"N/A","No action",2024-12-10,0,Jordan Ellis,2024-12-12,"No violation confirmed",2024-12-19,No,"Employee review sweep",N/A,Tablet,US,IL,organic,No,Yes,general_wellness,0.909,34
SREV-0648,Target.com,2024-11-07,1,customer_91748,2511,643,Yes,11,5,"None",N/A,"N/A","No action",2024-12-12,0,Jordan Ellis,2024-12-14,"No violation confirmed",2024-12-21,No,"Supplemental review audit (Update 2 batch)",N/A,Mobile,US,FL,incentivized,Yes,Yes,N/A,0.245,83
SREV-0649,Walmart.com,2024-11-20,4,customer_27832,146,179,Yes,44,7,"None",N/A,"N/A","No action",2024-12-25,0,Casey Park,2024-12-27,"No violation confirmed",2024-12-28,No,"Employee review sweep",N/A,Tablet,CA,WA,unknown,No,No,N/A,-0.001,4
SREV-0650,Trustpilot,2024-11-18,4,customer_46363,2058,62,Yes,37,8,"§465.3 — Insider review (employee account detected)",HIGH,"Pattern analysis + IP correlation","External counsel notified",2024-12-23,51744,Jordan Ellis,2024-12-25,"Platform notified",2024-12-28,No,"Employee review sweep",CL-1960,Unknown,US,GA,organic,Yes,No,N/A,0.871,68
SREV-0651,Yelp,2025-01-24,5,customer_12212,1255,561,Yes,7,6,"None",N/A,"N/A","No action",2025-02-28,0,Alex Rivera (Ext.),2025-02-28,"No violation confirmed",2025-03-28,No,"Third-party platform audit",N/A,Desktop,US,N/A,invited,No,Yes,immune,0.763,41
SREV-0652,YouTube Comment,2024-10-05,4,customer_45619,3061,815,No,39,7,"None",N/A,"N/A","No action",2024-11-10,0,Alex Rivera (Ext.),2024-11-12,"No violation confirmed",2024-12-19,No,"Supplemental review audit (Update 2 batch)",N/A,Desktop,US,N/A,invited,Yes,No,N/A,-0.265,102
SREV-0653,Twitter/X,2024-11-22,4,customer_87453,2278,151,Yes,26,0,"None",N/A,"N/A","No action",2024-12-27,0,Alex Rivera (Ext.),2024-12-28,"No violation confirmed",2024-12-28,No,"Third-party platform audit",N/A,Desktop,US,N/A,organic,Yes,No,N/A,0.969,75
SREV-0654,Sprouts,2024-11-21,4,customer_41452,3069,475,Yes,15,0,"§465.2 — Suspected fake review (AI-generated text pattern)",HIGH,"Pattern analysis + IP correlation","External counsel notified",2024-12-26,51744,Casey Park,2024-12-28,"Violation confirmed",2024-12-28,No,"Third-party platform audit",CL-1599,Unknown,US,CA,organic,No,No,N/A,0.117,102
SREV-0655,Amazon,2025-01-24,5,customer_23812,45,363,Yes,40,0,"None",N/A,"N/A","No action",2025-02-28,0,Sarah Chen,2025-02-28,"No violation confirmed",2025-03-28,No,"Biodegradable claim review",N/A,Desktop,US,NY,incentivized,No,Yes,N/A,0.148,1
SREV-0656,Facebook,2024-10-18,5,customer_89885,193,280,No,32,7,"§465.2 — Suspected fake review (AI-generated text pattern)",HIGH,"Pattern analysis + IP correlation","Investigation opened",2024-11-23,51744,Alex Rivera (Ext.),2024-11-25,"Review removed",2024-12-28,No,"Biodegradable claim review",CL-4563,Tablet,US,CA,organic,No,Yes,immune,0.998,6
SREV-0657,Sprouts,2024-10-15,5,customer_86356,2215,804,Yes,0,9,"None",N/A,"N/A","No action",2024-11-20,0,Sarah Chen,2024-11-22,"No violation confirmed",2024-12-28,No,"Third-party platform audit",N/A,Mobile,US,MA,unknown,No,No,N/A,-0.924,73
SREV-0658,iHerb,2024-12-27,5,customer_30364,2256,197,Yes,30,2,"None",N/A,"N/A","No action",2024-12-28,0,Casey Park,2024-12-28,"No violation confirmed",2024-12-28,No,"External counsel review triggered",N/A,Tablet,US,NY,organic,Yes,Yes,N/A,-0.088,75
SREV-0659,App Store,2024-12-12,2,customer_77862,49,565,Yes,43,0,"None",N/A,"N/A","No action",2024-12-17,0,Sarah Chen,2024-12-19,"No violation confirmed",2024-12-26,No,"Biodegradable claim review",N/A,Unknown,AU,CA,invited,Yes,No,N/A,0.455,1
SREV-0660,Trustpilot,2025-01-25,4,customer_63337,3613,360,Yes,29,5,"None",N/A,"N/A","No action",2025-02-28,0,Alex Rivera (Ext.),2025-02-28,"No violation confirmed",2025-03-28,No,"Doctor-Formulated claim context analysis",N/A,Desktop,US,N/A,incentivized,No,Yes,general_wellness,0.513,120
SREV-0661,CVS.com,2025-01-14,4,customer_83095,1950,124,Yes,28,11,"None",N/A,"N/A","No action",2025-02-19,0,Casey Park,2025-02-21,"No violation confirmed",2025-03-28,No,"Biodegradable claim review",N/A,Unknown,US,WA,invited,No,No,N/A,0.962,65
SREV-0662,Instagram Review,2024-10-19,5,customer_51463,2739,521,No,27,6,"None",N/A,"N/A","No action",2024-11-24,0,Sarah Chen,2024-11-26,"No violation confirmed",2024-12-28,No,"Post-launch monitoring wave 1",N/A,Unknown,US,FL,incentivized,No,Yes,immune,0.33,91
SREV-0663,Google Reviews,2024-12-24,4,customer_74325,2595,84,Yes,38,8,"None",N/A,"N/A","No action",2024-12-28,0,Casey Park,2024-12-28,"No violation confirmed",2024-12-28,No,"Third-party platform audit",N/A,Tablet,US,CA,organic,No,No,N/A,0.944,86
SREV-0664,iHerb,2024-11-07,5,customer_22860,813,635,Yes,24,11,"§465.2 — Review paid for via third-party mill",HIGH,"Pattern analysis + IP correlation","FTC voluntary disclosure prepared",2024-12-12,51744,Jordan Ellis,2024-12-14,"Disclosure added",2024-12-21,No,"External counsel review triggered",CL-7560,Tablet,US,MA,organic,Yes,Yes,digestive,0.618,27
SREV-0665,Whole Foods,2024-12-03,3,customer_66066,2102,699,Yes,29,5,"None",N/A,"N/A","No action",2024-12-08,0,Sarah Chen,2024-12-10,"No violation confirmed",2024-12-17,No,"External counsel review triggered",N/A,Unknown,US,WA,organic,No,No,N/A,0.284,70
SREV-0666,Reddit,2025-03-04,5,customer_91279,2960,697,Yes,8,4,"§465.3 — Insider review (employee account detected)",MEDIUM,"Pattern analysis + IP correlation","Legal hold",2025-04-09,51744,Casey Park,2025-04-11,"No violation confirmed",2025-05-18,No,"Biodegradable claim review",CL-4151,Unknown,CA,MA,incentivized,No,No,N/A,0.709,98
SREV-0667,YouTube Comment,2024-11-21,5,customer_13892,979,775,No,45,4,"None",N/A,"N/A","No action",2024-12-26,0,Sarah Chen,2024-12-28,"No violation confirmed",2024-12-28,Yes,"Biodegradable claim review",N/A,Mobile,US,TX,invited,Yes,No,N/A,-0.083,32
SREV-0668,Target.com,2024-12-06,5,customer_99061,1446,607,Yes,2,5,"None",N/A,"N/A","No action",2024-12-11,0,Sarah Chen,2024-12-13,"No violation confirmed",2024-12-20,No,"External counsel review triggered",N/A,Tablet,US,CO,organic,No,Yes,N/A,0.31,48
SREV-0669,Target.com,2024-11-13,4,customer_65460,2598,768,Yes,2,3,"None",N/A,"N/A","No action",2024-12-18,0,Casey Park,2024-12-20,"No violation confirmed",2024-12-27,No,"Biodegradable claim review",N/A,Unknown,US,FL,incentivized,Yes,No,N/A,-0.604,86
SREV-0670,App Store,2024-11-02,5,customer_41859,104,692,No,33,10,"§465.3 — Insider review (employee account detected)",HIGH,"Pattern analysis + IP correlation","Legal hold",2024-12-07,51744,Sarah Chen,2024-12-09,"No violation confirmed",2024-12-16,No,"Biodegradable claim review",CL-5946,Mobile,CA,NY,organic,No,Yes,immune,-0.885,3
SREV-0671,Amazon,2024-11-14,4,customer_50069,1145,293,No,20,4,"None",N/A,"N/A","No action",2024-12-19,0,Sarah Chen,2024-12-21,"No violation confirmed",2024-12-28,No,"Supplemental review audit (Update 2 batch)",N/A,Desktop,CA,NY,organic,Yes,Yes,immune,-0.927,38
SREV-0672,Yelp,2025-01-10,5,customer_78384,2051,561,Yes,31,9,"§465.3 — Insider review (employee account detected)",HIGH,"Pattern analysis + IP correlation","Escalated to CCO",2025-02-15,51744,Casey Park,2025-02-17,"Disclosure added",2025-03-24,No,"Post-launch monitoring wave 1",CL-8962,Unknown,US,NY,invited,No,No,N/A,-0.982,68
SREV-0673,iHerb,2024-12-11,5,customer_11919,2844,524,Yes,2,11,"None",N/A,"N/A","No action",2024-12-16,0,Casey Park,2024-12-18,"No violation confirmed",2024-12-25,No,"Third-party platform audit",N/A,Mobile,US,GA,organic,No,No,N/A,-0.326,94
SREV-0674,YouTube Comment,2025-03-03,5,customer_63540,2704,832,No,38,10,"None",N/A,"N/A","No action",2025-04-08,0,Sarah Chen,2025-04-10,"No violation confirmed",2025-05-17,No,"External counsel review triggered",N/A,Tablet,US,N/A,organic,No,No,N/A,0.235,90
SREV-0675,YouTube Comment,2024-10-01,5,customer_90104,2575,711,Yes,40,10,"None",N/A,"N/A","No action",2024-11-06,0,Casey Park,2024-11-08,"No violation confirmed",2024-12-15,Yes,"Employee review sweep",N/A,Desktop,US,N/A,organic,No,Yes,N/A,-0.804,85
SREV-0676,CVS.com,2025-02-08,5,customer_10329,954,220,Yes,7,3,"None",N/A,"N/A","No action",2025-03-13,0,Jordan Ellis,2025-03-15,"No violation confirmed",2025-04-22,No,"Supplemental review audit (Update 2 batch)",N/A,Unknown,US,CO,organic,No,No,N/A,0.209,31
SREV-0677,TikTok Comment,2025-02-18,5,customer_35647,2341,683,No,25,9,"None",N/A,"N/A","No action",2025-03-23,0,Jordan Ellis,2025-03-25,"No violation confirmed",2025-04-28,No,"External counsel review triggered",N/A,Unknown,US,CA,invited,Yes,No,N/A,-0.64,78
SREV-0678,iHerb,2024-11-19,5,customer_16674,3253,550,No,41,11,"None",N/A,"N/A","No action",2024-12-24,0,Sarah Chen,2024-12-26,"No violation confirmed",2024-12-28,No,"Third-party platform audit",N/A,Unknown,US,N/A,unknown,No,No,N/A,0.032,108
SREV-0679,Twitter/X,2024-10-11,4,customer_57428,1037,827,Yes,11,1,"None",N/A,"N/A","No action",2024-11-16,0,Sarah Chen,2024-11-18,"No violation confirmed",2024-12-25,No,"Biodegradable claim review",N/A,Desktop,US,N/A,unknown,No,Yes,general_wellness,-0.759,34
SREV-0680,Yelp,2025-02-16,4,customer_71865,1464,142,Yes,14,12,"None",N/A,"N/A","No action",2025-03-21,0,Sarah Chen,2025-03-23,"No violation confirmed",2025-04-28,No,"Biodegradable claim review",N/A,Tablet,US,NY,incentivized,Yes,No,N/A,0.586,48
SREV-0681,Costco.com,2024-11-13,3,customer_11585,3543,301,Yes,22,9,"§465.2 — Suspected fake review (AI-generated text pattern)",HIGH,"Pattern analysis + IP correlation","No action",2024-12-18,51744,Jordan Ellis,2024-12-20,"Referral to enforcement",2024-12-27,No,"Third-party platform audit",CL-4365,Desktop,US,MA,incentivized,No,No,N/A,-0.227,118
SREV-0682,Twitter/X,2024-12-17,2,customer_17823,2391,665,Yes,15,12,"§465.3 — Insider review (employee account detected)",HIGH,"Pattern analysis + IP correlation","Investigation opened",2024-12-22,51744,Casey Park,2024-12-24,"Settlement negotiated",2024-12-28,No,"Biodegradable claim review",CL-7578,Mobile,US,GA,organic,No,No,N/A,0.86,79
SREV-0683,Vitacore.com,2025-01-15,3,customer_99492,2599,758,Yes,32,0,"None",N/A,"N/A","No action",2025-02-20,0,Casey Park,2025-02-22,"No violation confirmed",2025-03-28,No,"External counsel review triggered",N/A,Mobile,UK,IL,invited,Yes,No,N/A,-0.828,86
SREV-0684,Costco.com,2024-10-13,4,customer_46522,602,663,Yes,45,11,"None",N/A,"N/A","No action",2024-11-18,0,Alex Rivera (Ext.),2024-11-20,"No violation confirmed",2024-12-27,No,"Biodegradable claim review",N/A,Mobile,UK,TX,incentivized,No,Yes,N/A,0.343,20
SREV-0685,CVS.com,2025-02-01,5,customer_52679,2907,59,Yes,1,9,"None",N/A,"N/A","No action",2025-03-06,0,Sarah Chen,2025-03-08,"No violation confirmed",2025-04-15,No,"Doctor-Formulated claim context analysis",N/A,Tablet,AU,FL,organic,No,Yes,general_wellness,0.765,96
SREV-0686,Trustpilot,2024-11-10,4,customer_16421,883,468,Yes,25,2,"None",N/A,"N/A","No action",2024-12-15,0,Casey Park,2024-12-17,"No violation confirmed",2024-12-24,No,"External counsel review triggered",N/A,Desktop,US,NY,incentivized,Yes,No,N/A,0.694,29
SREV-0687,Yelp,2024-11-27,4,customer_18531,3070,342,Yes,44,11,"None",N/A,"N/A","No action",2024-12-28,0,Sarah Chen,2024-12-28,"No violation confirmed",2024-12-28,No,"Biodegradable claim review",N/A,Tablet,US,TX,organic,No,No,N/A,0.83,102
SREV-0688,Amazon,2024-12-10,5,customer_77105,3360,744,Yes,21,2,"None",N/A,"N/A","No action",2024-12-15,0,Sarah Chen,2024-12-17,"No violation confirmed",2024-12-24,No,"Supplemental review audit (Update 2 batch)",N/A,Unknown,UK,IL,organic,No,No,N/A,-0.681,112
SREV-0689,Walmart.com,2024-11-19,5,customer_81452,203,720,Yes,16,5,"None",N/A,"N/A","No action",2024-12-24,0,Jordan Ellis,2024-12-26,"No violation confirmed",2024-12-28,No,"Employee review sweep",N/A,Tablet,US,WA,unknown,No,No,N/A,0.224,6
SREV-0690,Costco.com,2024-12-11,3,customer_20808,1300,133,Yes,9,1,"None",N/A,"N/A","No action",2024-12-16,0,Sarah Chen,2024-12-18,"No violation confirmed",2024-12-25,No,"Doctor-Formulated claim context analysis",N/A,Tablet,UK,MA,unknown,No,No,N/A,-0.589,43
SREV-0691,Target.com,2024-10-27,4,customer_31608,1487,218,Yes,9,6,"§465.7 — Reviewer reports legal threat received",MEDIUM,"Pattern analysis + IP correlation","External counsel notified",2024-11-28,51744,Alex Rivera (Ext.),2024-11-28,"No violation confirmed",2024-12-28,No,"Doctor-Formulated claim context analysis",CL-4544,Tablet,US,CA,organic,No,No,N/A,-0.157,49
SREV-0692,YouTube Comment,2024-11-01,4,customer_13229,2789,107,Yes,16,2,"§465.6 — Review suppression candidate (negative review hidden)",HIGH,"Pattern analysis + IP correlation","Review removed (with cause)",2024-12-06,51744,Jordan Ellis,2024-12-08,"Referral to enforcement",2024-12-15,No,"Employee review sweep",CL-6743,Mobile,US,CO,organic,No,No,N/A,0.489,92
SREV-0693,YouTube Comment,2024-12-13,5,customer_65991,1595,466,Yes,42,6,"None",N/A,"N/A","No action",2024-12-18,0,Sarah Chen,2024-12-20,"No violation confirmed",2024-12-27,No,"Doctor-Formulated claim context analysis",N/A,Tablet,AU,N/A,unknown,No,No,N/A,0.995,53
SREV-0694,CVS.com,2024-10-28,5,customer_21603,3148,134,No,9,4,"None",N/A,"N/A","No action",2024-11-28,0,Alex Rivera (Ext.),2024-11-28,"No violation confirmed",2024-12-28,No,"Post-launch monitoring wave 1",N/A,Desktop,US,N/A,organic,No,No,N/A,-0.98,104
SREV-0695,Walmart.com,2024-10-15,5,customer_34200,2668,524,No,21,3,"None",N/A,"N/A","No action",2024-11-20,0,Sarah Chen,2024-11-22,"No violation confirmed",2024-12-28,No,"Post-launch monitoring wave 1",N/A,Mobile,US,FL,organic,No,No,N/A,0.299,88
SREV-0696,Google Reviews,2024-12-02,5,customer_29527,3034,419,Yes,25,8,"None",N/A,"N/A","No action",2024-12-07,0,Casey Park,2024-12-09,"No violation confirmed",2024-12-16,No,"Employee review sweep",N/A,Mobile,US,CO,invited,No,No,N/A,0.506,101
SREV-0697,iHerb,2024-10-12,4,customer_51526,1761,774,Yes,17,9,"None",N/A,"N/A","No action",2024-11-17,0,Sarah Chen,2024-11-19,"No violation confirmed",2024-12-26,No,"Supplemental review audit (Update 2 batch)",N/A,Mobile,US,IL,invited,No,No,N/A,-0.278,58
SREV-0698,Costco.com,2025-01-20,5,customer_99320,2913,785,Yes,27,2,"None",N/A,"N/A","No action",2025-02-25,0,Sarah Chen,2025-02-27,"No violation confirmed",2025-03-28,No,"Doctor-Formulated claim context analysis",N/A,Desktop,US,PA,organic,Yes,No,N/A,0.45,97
SREV-0699,Amazon,2025-01-19,3,customer_98509,2784,623,Yes,13,1,"§465.5 — Coordinated review pattern (same IP address cluster)",HIGH,"Pattern analysis + IP correlation","Review removed (with cause)",2025-02-24,51744,Casey Park,2025-02-26,"Training triggered",2025-03-28,No,"Supplemental review audit (Update 2 batch)",CL-5308,Desktop,US,NY,unknown,No,Yes,general_wellness,0.963,92
SREV-0700,Vitacore.com,2024-10-22,5,customer_93612,3286,95,Yes,7,0,"None",N/A,"N/A","No action",2024-11-27,0,Jordan Ellis,2024-11-28,"No violation confirmed",2024-12-28,No,"Third-party platform audit",N/A,Desktop,US,FL,organic,No,No,N/A,0.122,109
SREV-0701,Yelp,2025-01-23,1,customer_65000,576,379,Yes,22,0,"None",N/A,"N/A","No action",2025-02-28,0,Jordan Ellis,2025-02-28,"No violation confirmed",2025-03-28,No,"Third-party platform audit",N/A,Tablet,US,CO,incentivized,No,No,N/A,0.04,19
SREV-0702,Yelp,2024-11-26,5,customer_87977,3394,306,Yes,9,8,"None",N/A,"N/A","No action",2024-12-28,0,Casey Park,2024-12-28,"No violation confirmed",2024-12-28,No,"External counsel review triggered",N/A,Unknown,US,NY,organic,No,No,N/A,-0.641,113
SREV-0703,Facebook,2025-01-27,1,customer_27388,3297,260,Yes,15,3,"§465.3 — Insider review (employee account detected)",HIGH,"Pattern analysis + IP correlation","Consent order monitoring",2025-02-28,51744,Jordan Ellis,2025-02-28,"Training triggered",2025-03-28,No,"Supplemental review audit (Update 2 batch)",CL-4838,Mobile,UK,MA,organic,No,Yes,immune,0.065,109
SREV-0704,Reddit,2025-01-19,3,customer_60927,1767,699,Yes,3,12,"None",N/A,"N/A","No action",2025-02-24,0,Sarah Chen,2025-02-26,"No violation confirmed",2025-03-28,No,"Employee review sweep",N/A,Unknown,US,MA,organic,No,No,N/A,-0.783,58
SREV-0705,Vitacore.com,2024-12-04,5,customer_69398,1309,268,Yes,26,8,"None",N/A,"N/A","No action",2024-12-09,0,Casey Park,2024-12-11,"No violation confirmed",2024-12-18,No,"Third-party platform audit",N/A,Tablet,US,CA,organic,Yes,Yes,N/A,0.973,43
SREV-0706,Instagram Review,2025-03-06,5,customer_74501,1511,204,Yes,29,1,"None",N/A,"N/A","No action",2025-04-11,0,Casey Park,2025-04-13,"No violation confirmed",2025-05-20,No,"External counsel review triggered",N/A,Mobile,US,N/A,organic,Yes,Yes,N/A,-0.683,50
SREV-0707,Sprouts,2024-12-13,1,customer_91624,802,393,Yes,1,3,"§465.2 — Suspected fake review (AI-generated text pattern)",HIGH,"Pattern analysis + IP correlation","Legal hold",2024-12-18,51744,Alex Rivera (Ext.),2024-12-20,"Disclosure added",2024-12-27,No,"Post-launch monitoring wave 1",CL-2465,Tablet,US,NY,incentivized,Yes,Yes,N/A,0.298,26
SREV-0708,Chewy,2025-03-27,5,customer_10948,1443,294,Yes,19,3,"None",N/A,"N/A","No action",2025-04-28,0,Alex Rivera (Ext.),2025-04-28,"No violation confirmed",2025-05-28,No,"Post-launch monitoring wave 1",N/A,Desktop,US,CA,incentivized,No,No,N/A,0.705,48
SREV-0709,CVS.com,2024-12-01,5,customer_96138,2348,157,Yes,20,11,"§465.2 — Suspected fake review (AI-generated text pattern)",HIGH,"Pattern analysis + IP correlation","FTC voluntary disclosure prepared",2024-12-06,51744,Sarah Chen,2024-12-08,"Monitoring ongoing",2024-12-15,No,"External counsel review triggered",CL-6862,Desktop,US,NY,incentivized,No,No,N/A,-0.14,78
SREV-0710,Costco.com,2024-11-19,4,customer_39792,2935,614,Yes,38,5,"None",N/A,"N/A","No action",2024-12-24,0,Alex Rivera (Ext.),2024-12-26,"No violation confirmed",2024-12-28,No,"Doctor-Formulated claim context analysis",N/A,Tablet,US,TX,organic,No,No,N/A,0.774,97
SREV-0711,iHerb,2024-12-17,5,customer_38982,2416,435,No,0,1,"None",N/A,"N/A","No action",2024-12-22,0,Casey Park,2024-12-24,"No violation confirmed",2024-12-28,No,"Biodegradable claim review",N/A,Unknown,US,IL,organic,No,No,N/A,0.549,80
SREV-0712,Walmart.com,2024-11-15,5,customer_56364,862,588,Yes,19,7,"None",N/A,"N/A","No action",2024-12-20,0,Sarah Chen,2024-12-22,"No violation confirmed",2024-12-28,No,"Supplemental review audit (Update 2 batch)",N/A,Mobile,US,WA,incentivized,No,Yes,immune,0.457,28
SREV-0713,App Store,2024-10-28,2,customer_60360,2112,210,Yes,5,4,"§465.2 — Review claims product cures disease (false representation)",HIGH,"Pattern analysis + IP correlation","Review removed (with cause)",2024-11-28,51744,Sarah Chen,2024-11-28,"Referral to enforcement",2024-12-28,No,"External counsel review triggered",CL-6079,Tablet,US,PA,unknown,No,No,N/A,-0.488,70
SREV-0714,Amazon,2024-10-19,5,customer_31752,1643,534,No,11,7,"None",N/A,"N/A","No action",2024-11-24,0,Casey Park,2024-11-26,"No violation confirmed",2024-12-28,No,"Supplemental review audit (Update 2 batch)",N/A,Unknown,US,PA,organic,No,No,N/A,0.428,54
SREV-0715,TikTok Comment,2024-10-21,5,customer_81894,2657,488,Yes,23,4,"None",N/A,"N/A","No action",2024-11-26,0,Jordan Ellis,2024-11-28,"No violation confirmed",2024-12-28,No,"Third-party platform audit",N/A,Tablet,CA,IL,organic,No,No,N/A,0.655,88
SREV-0716,TikTok Comment,2025-01-05,5,customer_49170,385,251,Yes,17,5,"§465.2 — Review paid for via third-party mill",HIGH,"Pattern analysis + IP correlation","Platform reported",2025-02-10,51744,Jordan Ellis,2025-02-12,"No violation confirmed",2025-03-19,No,"External counsel review triggered",CL-1754,Desktop,UK,WA,unknown,No,No,N/A,-0.345,12
SREV-0717,Facebook,2024-11-04,5,customer_91402,1592,386,Yes,36,8,"None",N/A,"N/A","No action",2024-12-09,0,Jordan Ellis,2024-12-11,"No violation confirmed",2024-12-18,No,"Third-party platform audit",N/A,Desktop,US,CA,organic,No,No,N/A,0.991,53
SREV-0718,App Store,2024-12-16,5,customer_88950,2064,294,No,7,5,"None",N/A,"N/A","No action",2024-12-21,0,Jordan Ellis,2024-12-23,"No violation confirmed",2024-12-28,No,"Supplemental review audit (Update 2 batch)",N/A,Tablet,US,CO,incentivized,No,No,N/A,-0.642,68
SREV-0719,Instagram Review,2024-10-25,4,customer_69289,249,101,No,41,7,"None",N/A,"N/A","No action",2024-11-28,0,Jordan Ellis,2024-11-28,"No violation confirmed",2024-12-28,No,"Employee review sweep",N/A,Tablet,US,FL,organic,Yes,Yes,N/A,-0.045,8
SREV-0720,Trustpilot,2024-10-15,4,customer_95670,273,721,Yes,1,1,"None",N/A,"N/A","No action",2024-11-20,0,Alex Rivera (Ext.),2024-11-22,"No violation confirmed",2024-12-28,No,"Biodegradable claim review",N/A,Tablet,US,GA,organic,No,Yes,digestive,-0.461,9
SREV-0721,Chewy,2025-03-21,5,customer_97629,1256,797,No,44,7,"None",N/A,"N/A","No action",2025-04-26,0,Sarah Chen,2025-04-28,"No violation confirmed",2025-05-28,Yes,"Third-party platform audit",N/A,Tablet,US,WA,unknown,No,Yes,N/A,0.101,41
SREV-0722,Costco.com,2024-12-05,5,customer_32790,2168,213,No,2,11,"None",N/A,"N/A","No action",2024-12-10,0,Sarah Chen,2024-12-12,"No violation confirmed",2024-12-19,No,"Doctor-Formulated claim context analysis",N/A,Mobile,US,FL,organic,No,Yes,general_wellness,0.067,72
SREV-0723,TikTok Comment,2024-11-13,5,customer_66739,648,616,Yes,3,3,"None",N/A,"N/A","No action",2024-12-18,0,Jordan Ellis,2024-12-20,"No violation confirmed",2024-12-27,No,"Employee review sweep",N/A,Desktop,US,IL,invited,No,Yes,digestive,-0.343,21
SREV-0724,TikTok Comment,2024-11-17,5,customer_69209,1612,320,Yes,19,6,"§465.2 — Review claims product cures disease (false representation)",HIGH,"Pattern analysis + IP correlation","Platform reported",2024-12-22,51744,Jordan Ellis,2024-12-24,"No violation confirmed",2024-12-28,No,"Post-launch monitoring wave 1",CL-8627,Mobile,US,PA,organic,Yes,No,N/A,0.052,53
SREV-0725,TikTok Comment,2025-01-25,5,customer_99404,1341,424,Yes,44,7,"None",N/A,"N/A","No action",2025-02-28,0,Casey Park,2025-02-28,"No violation confirmed",2025-03-28,No,"Third-party platform audit",N/A,Desktop,UK,CA,organic,No,Yes,digestive,0.253,44
SREV-0726,Instagram Review,2024-10-03,5,customer_46368,2988,147,Yes,28,1,"§465.5 — Coordinated review pattern (same IP address cluster)",HIGH,"Pattern analysis + IP correlation","Review removed (with cause)",2024-11-08,51744,Alex Rivera (Ext.),2024-11-10,"Training triggered",2024-12-17,No,"Employee review sweep",CL-9247,Mobile,US,NY,organic,No,Yes,N/A,0.407,99
SREV-0727,Vitacore.com,2025-01-06,5,customer_66907,1855,129,Yes,3,11,"§465.5 — Reviewer appears to be social media bot (fake account)",HIGH,"Pattern analysis + IP correlation","External counsel notified",2025-02-11,51744,Casey Park,2025-02-13,"Review removed",2025-03-20,Yes,"Doctor-Formulated claim context analysis",CL-5002,Unknown,US,PA,organic,No,No,N/A,-0.293,61
SREV-0728,CVS.com,2024-11-03,5,customer_34049,1224,649,No,8,2,"§465.5 — Reviewer appears to be social media bot (fake account)",HIGH,"Pattern analysis + IP correlation","Legal hold",2024-12-08,51744,Jordan Ellis,2024-12-10,"Settlement negotiated",2024-12-17,No,"External counsel review triggered",CL-1262,Tablet,DE,TX,invited,No,No,N/A,0.592,40
SREV-0729,Vitacore.com,2024-10-08,5,customer_34126,1829,226,Yes,10,12,"None",N/A,"N/A","No action",2024-11-13,0,Alex Rivera (Ext.),2024-11-15,"No violation confirmed",2024-12-22,No,"Post-launch monitoring wave 1",N/A,Desktop,CA,NY,organic,No,No,N/A,-0.201,60
SREV-0730,Facebook,2025-03-21,4,customer_61818,2424,833,Yes,29,3,"None",N/A,"N/A","No action",2025-04-26,0,Jordan Ellis,2025-04-28,"No violation confirmed",2025-05-28,No,"Post-launch monitoring wave 1",N/A,Tablet,US,GA,organic,No,No,N/A,0.859,80
SREV-0731,App Store,2025-03-08,4,customer_47664,2274,132,Yes,12,6,"None",N/A,"N/A","No action",2025-04-13,0,Alex Rivera (Ext.),2025-04-15,"No violation confirmed",2025-05-22,No,"Biodegradable claim review",N/A,Unknown,UK,GA,organic,No,Yes,immune,-0.007,75
SREV-0732,Vitacore.com,2025-01-04,5,customer_71434,1470,323,Yes,38,6,"None",N/A,"N/A","No action",2025-02-09,0,Sarah Chen,2025-02-11,"No violation confirmed",2025-03-18,No,"Doctor-Formulated claim context analysis",N/A,Mobile,US,PA,invited,Yes,Yes,N/A,0.528,49
SREV-0733,Vitacore.com,2025-02-26,4,customer_99632,723,731,Yes,1,1,"None",N/A,"N/A","No action",2025-03-28,0,Alex Rivera (Ext.),2025-03-28,"No violation confirmed",2025-04-28,No,"Third-party platform audit",N/A,Mobile,US,NY,incentivized,No,No,N/A,-0.938,24
SREV-0734,Vitacore.com,2024-11-28,4,customer_50285,3184,287,No,17,8,"None",N/A,"N/A","No action",2024-12-28,0,Sarah Chen,2024-12-28,"No violation confirmed",2024-12-28,No,"Post-launch monitoring wave 1",N/A,Unknown,US,PA,organic,Yes,No,N/A,0.08,106
SREV-0735,Instagram Review,2024-11-21,1,customer_58316,2147,815,No,30,6,"None",N/A,"N/A","No action",2024-12-26,0,Alex Rivera (Ext.),2024-12-28,"No violation confirmed",2024-12-28,No,"Biodegradable claim review",N/A,Mobile,CA,WA,organic,No,No,N/A,0.897,71
SREV-0736,Reddit,2024-10-07,3,customer_74095,2317,379,Yes,25,3,"§465.7 — Reviewer reports legal threat received",MEDIUM,"Pattern analysis + IP correlation","External counsel notified",2024-11-12,51744,Jordan Ellis,2024-11-14,"Referral to enforcement",2024-12-21,No,"Post-launch monitoring wave 1",CL-5105,Mobile,AU,IL,invited,No,Yes,N/A,-0.906,77
SREV-0737,iHerb,2024-12-03,5,customer_38031,2149,229,Yes,37,6,"None",N/A,"N/A","No action",2024-12-08,0,Sarah Chen,2024-12-10,"No violation confirmed",2024-12-17,No,"Employee review sweep",N/A,Unknown,US,MA,incentivized,No,No,N/A,-0.458,71
SREV-0738,Vitacore.com,2024-12-19,1,customer_95958,1570,648,Yes,31,5,"None",N/A,"N/A","No action",2024-12-24,0,Alex Rivera (Ext.),2024-12-26,"No violation confirmed",2024-12-28,No,"Supplemental review audit (Update 2 batch)",N/A,Desktop,US,IL,organic,No,No,N/A,-0.061,52
SREV-0739,App Store,2024-12-14,5,customer_72421,3460,508,Yes,29,12,"None",N/A,"N/A","No action",2024-12-19,0,Alex Rivera (Ext.),2024-12-21,"No violation confirmed",2024-12-28,No,"Third-party platform audit",N/A,Unknown,US,MA,invited,Yes,No,N/A,0.105,115
SREV-0740,Costco.com,2024-11-19,5,customer_56527,1662,625,No,18,2,"§465.4 — Company-controlled review site not disclosed",HIGH,"Pattern analysis + IP correlation","Consent order monitoring",2024-12-24,51744,Alex Rivera (Ext.),2024-12-26,"Violation confirmed",2024-12-28,No,"Doctor-Formulated claim context analysis",CL-8219,Tablet,US,WA,unknown,No,Yes,N/A,-0.805,55
SREV-0741,Reddit,2024-10-09,3,customer_90304,2999,591,Yes,5,3,"None",N/A,"N/A","No action",2024-11-14,0,Alex Rivera (Ext.),2024-11-16,"No violation confirmed",2024-12-23,No,"Biodegradable claim review",N/A,Mobile,US,FL,invited,No,No,N/A,0.166,99
SREV-0742,Costco.com,2024-10-20,5,customer_79920,2726,604,Yes,42,4,"§465.3 — Family member of employee (immediate family disclosure required)",HIGH,"Pattern analysis + IP correlation","Platform reported",2024-11-25,51744,Casey Park,2024-11-27,"Disclosure added",2024-12-28,No,"Supplemental review audit (Update 2 batch)",CL-2460,Mobile,DE,N/A,organic,No,No,N/A,0.145,90
SREV-0743,Costco.com,2024-12-02,5,customer_22140,1372,94,Yes,3,10,"None",N/A,"N/A","No action",2024-12-07,0,Alex Rivera (Ext.),2024-12-09,"No violation confirmed",2024-12-16,No,"Supplemental review audit (Update 2 batch)",N/A,Desktop,US,GA,organic,Yes,No,N/A,0.84,45
SREV-0744,Yelp,2024-10-23,4,customer_95970,3147,438,Yes,15,12,"None",N/A,"N/A","No action",2024-11-28,0,Alex Rivera (Ext.),2024-11-28,"No violation confirmed",2024-12-28,No,"External counsel review triggered",N/A,Unknown,UK,IL,unknown,No,Yes,N/A,0.645,104
SREV-0745,TikTok Comment,2025-03-13,5,customer_90625,3187,596,Yes,4,5,"None",N/A,"N/A","No action",2025-04-18,0,Sarah Chen,2025-04-20,"No violation confirmed",2025-05-27,No,"Biodegradable claim review",N/A,Desktop,CA,N/A,organic,No,Yes,digestive,0.655,106
SREV-0746,Target.com,2024-11-21,1,customer_55064,536,442,Yes,28,12,"None",N/A,"N/A","No action",2024-12-26,0,Casey Park,2024-12-28,"No violation confirmed",2024-12-28,No,"Biodegradable claim review",N/A,Unknown,US,FL,incentivized,No,No,N/A,-0.361,17
SREV-0747,Trustpilot,2025-01-17,4,customer_21199,2107,320,No,1,10,"None",N/A,"N/A","No action",2025-02-22,0,Jordan Ellis,2025-02-24,"No violation confirmed",2025-03-28,No,"Doctor-Formulated claim context analysis",N/A,Tablet,US,TX,invited,No,No,N/A,-0.701,70
SREV-0748,CVS.com,2024-10-11,4,customer_82006,645,813,No,37,9,"None",N/A,"N/A","No action",2024-11-16,0,Sarah Chen,2024-11-18,"No violation confirmed",2024-12-25,No,"External counsel review triggered",N/A,Tablet,AU,FL,organic,Yes,No,N/A,-0.311,21
SREV-0749,Yelp,2024-12-26,5,customer_60786,1276,419,Yes,13,2,"None",N/A,"N/A","No action",2024-12-28,0,Alex Rivera (Ext.),2024-12-28,"No violation confirmed",2024-12-28,No,"External counsel review triggered",N/A,Desktop,US,N/A,incentivized,No,Yes,digestive,0.488,42
SREV-0750,Yelp,2024-12-02,5,customer_60708,2370,394,Yes,26,5,"None",N/A,"N/A","No action",2024-12-07,0,Jordan Ellis,2024-12-09,"No violation confirmed",2024-12-16,No,"Supplemental review audit (Update 2 batch)",N/A,Unknown,US,N/A,incentivized,Yes,No,N/A,0.894,79
SREV-0751,App Store,2024-12-07,1,customer_45676,3609,252,Yes,12,4,"§465.2 — Suspected fake review (AI-generated text pattern)",HIGH,"Pattern analysis + IP correlation","Platform reported",2024-12-12,51744,Jordan Ellis,2024-12-14,"Settlement negotiated",2024-12-21,No,"Post-launch monitoring wave 1",CL-7527,Unknown,US,CO,organic,Yes,No,N/A,0.353,120
SREV-0752,Sprouts,2024-10-18,3,customer_25568,813,463,No,45,12,"None",N/A,"N/A","No action",2024-11-23,0,Alex Rivera (Ext.),2024-11-25,"No violation confirmed",2024-12-28,No,"Biodegradable claim review",N/A,Unknown,US,NY,incentivized,No,Yes,general_wellness,0.039,27
SREV-0753,Amazon,2024-12-28,5,customer_32196,501,698,Yes,43,1,"None",N/A,"N/A","No action",2024-12-28,0,Sarah Chen,2024-12-28,"No violation confirmed",2024-12-28,No,"Doctor-Formulated claim context analysis",N/A,Mobile,US,TX,incentivized,No,No,N/A,-0.85,16
SREV-0754,Twitter/X,2024-12-11,5,customer_75026,751,276,Yes,32,5,"§465.2 — Suspected fake review (AI-generated text pattern)",HIGH,"Pattern analysis + IP correlation","Escalated to CCO",2024-12-16,51744,Jordan Ellis,2024-12-18,"Disclosure added",2024-12-25,No,"Employee review sweep",CL-4478,Tablet,US,WA,organic,No,No,N/A,0.625,25
SREV-0755,Instagram Review,2024-10-20,4,customer_70156,1687,355,Yes,32,9,"None",N/A,"N/A","No action",2024-11-25,0,Alex Rivera (Ext.),2024-11-27,"No violation confirmed",2024-12-28,No,"External counsel review triggered",N/A,Desktop,US,WA,invited,No,No,N/A,0.234,56
SREV-0756,App Store,2024-10-27,5,customer_55432,2901,112,No,20,0,"§465.6 — Review suppression candidate (negative review hidden)",MEDIUM,"Pattern analysis + IP correlation","FTC voluntary disclosure prepared",2024-11-28,51744,Alex Rivera (Ext.),2024-11-28,"Training triggered",2024-12-28,No,"Employee review sweep",CL-8596,Mobile,US,IL,organic,Yes,No,N/A,0.6,96
SREV-0757,iHerb,2025-02-15,5,customer_14204,2567,510,Yes,44,10,"§465.3 — Insider review (employee account detected)",HIGH,"Pattern analysis + IP correlation","Investigation opened",2025-03-20,51744,Casey Park,2025-03-22,"Disclosure added",2025-04-28,No,"Biodegradable claim review",CL-7886,Mobile,US,N/A,invited,No,Yes,N/A,0.705,85
SREV-0758,Amazon,2024-11-05,5,customer_45749,701,492,No,19,2,"§465.3 — Insider review (employee account detected)",MEDIUM,"Pattern analysis + IP correlation","Platform reported",2024-12-10,51744,Alex Rivera (Ext.),2024-12-12,"Violation confirmed",2024-12-19,No,"External counsel review triggered",CL-6286,Tablet,US,WA,incentivized,No,No,N/A,0.932,23
SREV-0759,Costco.com,2024-11-25,1,customer_45255,2792,581,Yes,8,12,"None",N/A,"N/A","No action",2024-12-28,0,Jordan Ellis,2024-12-28,"No violation confirmed",2024-12-28,No,"External counsel review triggered",N/A,Mobile,US,NY,unknown,No,Yes,N/A,0.663,93
SREV-0760,Yelp,2024-12-11,5,customer_47743,3187,398,No,4,0,"None",N/A,"N/A","No action",2024-12-16,0,Sarah Chen,2024-12-18,"No violation confirmed",2024-12-25,Yes,"External counsel review triggered",N/A,Mobile,US,CO,unknown,No,No,N/A,-0.393,106
SREV-0761,Facebook,2025-01-28,4,customer_14666,390,381,Yes,42,5,"None",N/A,"N/A","No action",2025-02-28,0,Jordan Ellis,2025-02-28,"No violation confirmed",2025-03-28,No,"Employee review sweep",N/A,Mobile,CA,TX,organic,No,No,N/A,0.848,13
SREV-0762,Twitter/X,2025-02-24,1,customer_93008,147,713,Yes,8,2,"§465.2 — Review paid for via third-party mill",HIGH,"Pattern analysis + IP correlation","Platform reported",2025-03-28,51744,Casey Park,2025-03-28,"Violation confirmed",2025-04-28,No,"External counsel review triggered",CL-6509,Mobile,US,CA,invited,No,No,N/A,-0.323,4
SREV-0763,Amazon,2024-11-18,4,customer_23721,859,274,Yes,45,8,"None",N/A,"N/A","No action",2024-12-23,0,Jordan Ellis,2024-12-25,"No violation confirmed",2024-12-28,Yes,"External counsel review triggered",N/A,Desktop,US,CA,organic,Yes,Yes,digestive,0.776,28
SREV-0764,Twitter/X,2024-12-15,4,customer_30230,1886,694,Yes,20,4,"None",N/A,"N/A","No action",2024-12-20,0,Casey Park,2024-12-22,"No violation confirmed",2024-12-28,No,"External counsel review triggered",N/A,Unknown,US,TX,organic,No,No,N/A,0.573,62
SREV-0765,CVS.com,2025-01-26,5,customer_65140,2387,467,No,26,1,"None",N/A,"N/A","No action",2025-02-28,0,Jordan Ellis,2025-02-28,"No violation confirmed",2025-03-28,No,"External counsel review triggered",N/A,Unknown,US,PA,organic,Yes,Yes,general_wellness,-0.523,79
SREV-0766,Google Reviews,2024-11-13,4,customer_60284,3122,689,Yes,40,9,"None",N/A,"N/A","No action",2024-12-18,0,Sarah Chen,2024-12-20,"No violation confirmed",2024-12-27,Yes,"Biodegradable claim review",N/A,Desktop,CA,NY,organic,Yes,No,N/A,-0.773,104
SREV-0767,Vitacore.com,2025-01-03,5,customer_54366,1069,425,Yes,18,3,"None",N/A,"N/A","No action",2025-02-08,0,Sarah Chen,2025-02-10,"No violation confirmed",2025-03-17,No,"Supplemental review audit (Update 2 batch)",N/A,Unknown,US,PA,invited,No,No,N/A,-0.273,35
SREV-0768,Twitter/X,2024-10-28,5,customer_44373,949,768,No,6,8,"None",N/A,"N/A","No action",2024-11-28,0,Jordan Ellis,2024-11-28,"No violation confirmed",2024-12-28,No,"Employee review sweep",N/A,Unknown,AU,MA,invited,Yes,No,N/A,-0.106,31
SREV-0769,Chewy,2025-02-17,4,customer_30986,1801,305,Yes,29,7,"None",N/A,"N/A","No action",2025-03-22,0,Jordan Ellis,2025-03-24,"No violation confirmed",2025-04-28,No,"Supplemental review audit (Update 2 batch)",N/A,Desktop,US,TX,organic,Yes,No,N/A,0.894,60
SREV-0770,YouTube Comment,2025-02-05,4,customer_59810,1186,803,Yes,45,8,"None",N/A,"N/A","No action",2025-03-10,0,Casey Park,2025-03-12,"No violation confirmed",2025-04-19,No,"Employee review sweep",N/A,Mobile,US,NY,invited,No,No,N/A,-0.172,39
SREV-0771,Amazon,2024-12-11,5,customer_71624,2368,163,Yes,28,0,"§465.2 — Review paid for via third-party mill",HIGH,"Pattern analysis + IP correlation","Investigation opened",2024-12-16,51744,Casey Park,2024-12-18,"Violation confirmed",2024-12-25,No,"Biodegradable claim review",CL-7040,Mobile,CA,TX,organic,No,Yes,N/A,0.753,78
SREV-0772,Walmart.com,2024-12-19,5,customer_22338,2346,697,Yes,34,2,"None",N/A,"N/A","No action",2024-12-24,0,Alex Rivera (Ext.),2024-12-26,"No violation confirmed",2024-12-28,No,"Supplemental review audit (Update 2 batch)",N/A,Unknown,DE,MA,organic,Yes,Yes,immune,-0.637,78
SREV-0773,Costco.com,2024-11-06,5,customer_71008,1798,672,Yes,1,6,"None",N/A,"N/A","No action",2024-12-11,0,Sarah Chen,2024-12-13,"No violation confirmed",2024-12-20,No,"Third-party platform audit",N/A,Desktop,US,CO,invited,No,No,N/A,0.046,59
SREV-0774,App Store,2025-01-23,5,customer_39625,1765,622,Yes,35,2,"§465.6 — Review suppression candidate (negative review hidden)",HIGH,"Pattern analysis + IP correlation","Review removed (with cause)",2025-02-28,51744,Casey Park,2025-02-28,"Platform notified",2025-03-28,Yes,"External counsel review triggered",CL-8421,Desktop,US,CA,unknown,No,No,N/A,-0.647,58
SREV-0775,iHerb,2024-12-09,4,customer_61035,1513,464,No,22,3,"None",N/A,"N/A","No action",2024-12-14,0,Jordan Ellis,2024-12-16,"No violation confirmed",2024-12-23,No,"Doctor-Formulated claim context analysis",N/A,Desktop,US,N/A,organic,Yes,No,N/A,-0.258,50
SREV-0776,Google Reviews,2024-12-05,5,customer_90995,2097,405,Yes,24,8,"None",N/A,"N/A","No action",2024-12-10,0,Alex Rivera (Ext.),2024-12-12,"No violation confirmed",2024-12-19,No,"Employee review sweep",N/A,Desktop,US,CO,unknown,Yes,Yes,digestive,0.081,69
SREV-0777,Google Reviews,2024-12-19,5,customer_65881,3478,469,Yes,28,4,"§465.7 — Reviewer reports legal threat received",HIGH,"Pattern analysis + IP correlation","No action",2024-12-24,51744,Casey Park,2024-12-26,"Platform notified",2024-12-28,No,"Post-launch monitoring wave 1",CL-3826,Unknown,US,CA,organic,No,Yes,immune,0.543,115
SREV-0778,CVS.com,2025-02-06,5,customer_88063,2075,542,Yes,19,12,"§465.5 — Reviewer appears to be social media bot (fake account)",MEDIUM,"Pattern analysis + IP correlation","Consent order monitoring",2025-03-11,51744,Sarah Chen,2025-03-13,"Platform notified",2025-04-20,No,"Third-party platform audit",CL-3299,Desktop,US,WA,incentivized,No,No,N/A,0.41,69
SREV-0779,Instagram Review,2024-11-14,5,customer_83024,2180,291,Yes,15,0,"None",N/A,"N/A","No action",2024-12-19,0,Alex Rivera (Ext.),2024-12-21,"No violation confirmed",2024-12-28,No,"Third-party platform audit",N/A,Mobile,US,GA,unknown,No,No,N/A,0.863,72
SREV-0780,Google Reviews,2025-01-24,5,customer_77836,2598,198,No,2,6,"None",N/A,"N/A","No action",2025-02-28,0,Casey Park,2025-02-28,"No violation confirmed",2025-03-28,No,"Doctor-Formulated claim context analysis",N/A,Unknown,US,PA,incentivized,No,No,N/A,0.635,86
SREV-0781,Twitter/X,2025-03-18,3,customer_44356,2798,218,Yes,44,1,"§465.5 — Reviewer appears to be social media bot (fake account)",HIGH,"Pattern analysis + IP correlation","Review removed (with cause)",2025-04-23,51744,Casey Park,2025-04-25,"Training triggered",2025-05-28,No,"External counsel review triggered",CL-9941,Unknown,US,MA,organic,Yes,Yes,digestive,0.216,93
SREV-0782,Walmart.com,2024-12-10,5,customer_52909,2900,172,Yes,13,10,"None",N/A,"N/A","No action",2024-12-15,0,Jordan Ellis,2024-12-17,"No violation confirmed",2024-12-24,No,"Doctor-Formulated claim context analysis",N/A,Mobile,CA,MA,organic,No,Yes,digestive,0.442,96
SREV-0783,Google Reviews,2025-01-20,2,customer_38126,1606,561,Yes,13,5,"None",N/A,"N/A","No action",2025-02-25,0,Sarah Chen,2025-02-27,"No violation confirmed",2025-03-28,No,"External counsel review triggered",N/A,Desktop,US,MA,unknown,No,No,N/A,-0.581,53
SREV-0784,TikTok Comment,2025-03-14,5,customer_98474,3144,480,Yes,21,3,"None",N/A,"N/A","No action",2025-04-19,0,Alex Rivera (Ext.),2025-04-21,"No violation confirmed",2025-05-28,No,"Post-launch monitoring wave 1",N/A,Mobile,US,N/A,organic,No,No,N/A,-0.506,104
SREV-0785,Target.com,2024-11-28,5,customer_64183,283,702,Yes,40,4,"None",N/A,"N/A","No action",2024-12-28,0,Casey Park,2024-12-28,"No violation confirmed",2024-12-28,Yes,"Supplemental review audit (Update 2 batch)",N/A,Tablet,US,CO,invited,No,Yes,N/A,-0.317,9
SREV-0786,CVS.com,2025-03-26,2,customer_52197,2345,379,Yes,28,7,"None",N/A,"N/A","No action",2025-04-28,0,Sarah Chen,2025-04-28,"No violation confirmed",2025-05-28,No,"Supplemental review audit (Update 2 batch)",N/A,Tablet,US,IL,organic,No,No,N/A,0.757,78
SREV-0787,Target.com,2024-12-18,5,customer_95701,2259,691,Yes,13,6,"None",N/A,"N/A","No action",2024-12-23,0,Jordan Ellis,2024-12-25,"No violation confirmed",2024-12-28,No,"Employee review sweep",N/A,Desktop,US,CO,incentivized,Yes,No,N/A,0.782,75
SREV-0788,Trustpilot,2024-12-16,4,customer_98092,1237,238,Yes,28,7,"§465.3 — Family member of employee (immediate family disclosure required)",MEDIUM,"Pattern analysis + IP correlation","Consent order monitoring",2024-12-21,51744,Casey Park,2024-12-23,"Training triggered",2024-12-28,No,"Biodegradable claim review",CL-2017,Desktop,UK,CO,invited,No,No,N/A,0.809,41
SREV-0789,Instagram Review,2024-10-04,4,customer_96143,2153,421,No,33,8,"None",N/A,"N/A","No action",2024-11-09,0,Alex Rivera (Ext.),2024-11-11,"No violation confirmed",2024-12-18,No,"Employee review sweep",N/A,Unknown,US,N/A,invited,No,Yes,immune,-0.167,71
SREV-0790,Target.com,2024-11-07,3,customer_60169,120,100,Yes,12,12,"None",N/A,"N/A","No action",2024-12-12,0,Jordan Ellis,2024-12-14,"No violation confirmed",2024-12-21,No,"Doctor-Formulated claim context analysis",N/A,Mobile,US,NY,invited,No,No,N/A,0.696,4
SREV-0791,CVS.com,2025-01-10,4,customer_97035,988,585,Yes,28,8,"None",N/A,"N/A","No action",2025-02-15,0,Alex Rivera (Ext.),2025-02-17,"No violation confirmed",2025-03-24,No,"Third-party platform audit",N/A,Tablet,US,CA,organic,Yes,Yes,immune,0.238,32
SREV-0792,Facebook,2024-10-21,4,customer_16732,2360,453,Yes,28,0,"§465.4 — Company-controlled review site not disclosed",MEDIUM,"Pattern analysis + IP correlation","Escalated to CCO",2024-11-26,51744,Jordan Ellis,2024-11-28,"Training triggered",2024-12-28,No,"External counsel review triggered",CL-6139,Mobile,CA,TX,unknown,No,No,N/A,0.22,78
SREV-0793,Target.com,2024-12-12,5,customer_48905,3526,283,Yes,27,9,"§465.4 — Company-controlled review site not disclosed",HIGH,"Pattern analysis + IP correlation","Review removed (with cause)",2024-12-17,51744,Sarah Chen,2024-12-19,"Monitoring ongoing",2024-12-26,No,"Post-launch monitoring wave 1",CL-2675,Desktop,US,N/A,invited,Yes,No,N/A,-0.578,117
SREV-0794,App Store,2025-02-03,4,customer_28579,1217,471,Yes,40,0,"None",N/A,"N/A","No action",2025-03-08,0,Alex Rivera (Ext.),2025-03-10,"No violation confirmed",2025-04-17,No,"Post-launch monitoring wave 1",N/A,Mobile,US,N/A,organic,No,No,N/A,-0.246,40
SREV-0795,Target.com,2025-03-14,5,customer_77319,1765,355,No,39,2,"None",N/A,"N/A","No action",2025-04-19,0,Alex Rivera (Ext.),2025-04-21,"No violation confirmed",2025-05-28,No,"Third-party platform audit",N/A,Unknown,US,CO,unknown,No,Yes,immune,-0.162,58
SREV-0796,App Store,2024-11-04,3,customer_56708,2492,788,Yes,20,1,"None",N/A,"N/A","No action",2024-12-09,0,Sarah Chen,2024-12-11,"No violation confirmed",2024-12-18,No,"Employee review sweep",N/A,Unknown,US,IL,organic,No,Yes,N/A,-0.28,83
SREV-0797,Reddit,2024-11-19,3,customer_52184,43,684,No,10,7,"None",N/A,"N/A","No action",2024-12-24,0,Casey Park,2024-12-26,"No violation confirmed",2024-12-28,No,"Employee review sweep",N/A,Unknown,AU,FL,unknown,No,No,N/A,0.124,1
SREV-0798,Twitter/X,2024-10-07,5,customer_94741,3035,751,Yes,38,4,"None",N/A,"N/A","No action",2024-11-12,0,Casey Park,2024-11-14,"No violation confirmed",2024-12-21,No,"External counsel review triggered",N/A,Desktop,US,MA,organic,Yes,Yes,immune,-0.649,101
SREV-0799,CVS.com,2024-11-19,4,customer_89422,3076,513,No,1,7,"§465.2 — Suspected fake review (AI-generated text pattern)",MEDIUM,"Pattern analysis + IP correlation","Legal hold",2024-12-24,51744,Sarah Chen,2024-12-26,"No violation confirmed",2024-12-28,No,"Employee review sweep",CL-8628,Mobile,US,IL,invited,No,No,N/A,0.676,102
SREV-0800,Target.com,2024-10-14,1,customer_58850,2584,509,Yes,30,1,"None",N/A,"N/A","No action",2024-11-19,0,Jordan Ellis,2024-11-21,"No violation confirmed",2024-12-28,No,"Third-party platform audit",N/A,Unknown,US,GA,unknown,No,No,N/A,-0.756,86
SREV-0801,Google Reviews,2024-11-13,5,customer_96667,2865,850,Yes,32,1,"None",N/A,"N/A","No action",2024-12-18,0,Jordan Ellis,2024-12-20,"No violation confirmed",2024-12-27,No,"External counsel review triggered",N/A,Tablet,UK,TX,incentivized,No,No,N/A,-0.207,95
SREV-0802,iHerb,2024-12-17,1,customer_21958,3093,626,No,42,11,"None",N/A,"N/A","No action",2024-12-22,0,Casey Park,2024-12-24,"No violation confirmed",2024-12-28,No,"Third-party platform audit",N/A,Unknown,US,PA,incentivized,No,No,N/A,-0.921,103
SREV-0803,Chewy,2024-12-05,3,customer_78828,2382,438,Yes,14,5,"None",N/A,"N/A","No action",2024-12-10,0,Alex Rivera (Ext.),2024-12-12,"No violation confirmed",2024-12-19,No,"Post-launch monitoring wave 1",N/A,Tablet,US,CO,organic,Yes,Yes,digestive,-0.188,79
SREV-0804,Yelp,2024-10-20,5,customer_76150,2801,415,Yes,4,8,"None",N/A,"N/A","No action",2024-11-25,0,Alex Rivera (Ext.),2024-11-27,"No violation confirmed",2024-12-28,No,"Supplemental review audit (Update 2 batch)",N/A,Unknown,US,PA,incentivized,No,No,N/A,0.771,93
SREV-0805,Facebook,2025-01-26,4,customer_77772,325,261,Yes,25,3,"None",N/A,"N/A","No action",2025-02-28,0,Sarah Chen,2025-02-28,"No violation confirmed",2025-03-28,No,"External counsel review triggered",N/A,Desktop,CA,CA,incentivized,No,Yes,N/A,0.734,10
SREV-0806,Whole Foods,2024-11-07,5,customer_25554,2823,797,Yes,4,7,"§465.6 — Review suppression candidate (negative review hidden)",HIGH,"Pattern analysis + IP correlation","Review removed (with cause)",2024-12-12,51744,Jordan Ellis,2024-12-14,"Referral to enforcement",2024-12-21,No,"External counsel review triggered",CL-2543,Desktop,US,N/A,unknown,No,No,N/A,-0.032,94
SREV-0807,Walmart.com,2025-01-01,4,customer_39854,2671,68,No,29,5,"None",N/A,"N/A","No action",2025-02-06,0,Casey Park,2025-02-08,"No violation confirmed",2025-03-15,No,"External counsel review triggered",N/A,Mobile,US,IL,unknown,No,Yes,N/A,0.733,89
SREV-0808,CVS.com,2025-01-21,5,customer_29542,243,414,No,43,5,"None",N/A,"N/A","No action",2025-02-26,0,Sarah Chen,2025-02-28,"No violation confirmed",2025-03-28,No,"Employee review sweep",N/A,Unknown,US,MA,organic,Yes,No,N/A,0.89,8
SREV-0809,Reddit,2025-01-24,4,customer_29892,337,156,Yes,35,9,"None",N/A,"N/A","No action",2025-02-28,0,Alex Rivera (Ext.),2025-02-28,"No violation confirmed",2025-03-28,No,"Third-party platform audit",N/A,Unknown,US,TX,incentivized,No,Yes,immune,-0.951,11
SREV-0810,iHerb,2024-10-11,5,customer_30318,2114,217,Yes,20,2,"None",N/A,"N/A","No action",2024-11-16,0,Jordan Ellis,2024-11-18,"No violation confirmed",2024-12-25,No,"Employee review sweep",N/A,Mobile,US,IL,organic,No,No,N/A,0.589,70
SREV-0811,Trustpilot,2024-12-12,4,customer_11100,581,258,Yes,8,7,"§465.5 — Reviewer appears to be social media bot (fake account)",HIGH,"Pattern analysis + IP correlation","No action",2024-12-17,51744,Sarah Chen,2024-12-19,"No violation confirmed",2024-12-26,No,"Doctor-Formulated claim context analysis",CL-6433,Tablet,US,FL,unknown,No,No,N/A,0.48,19
SREV-0812,Google Reviews,2024-11-12,5,customer_72850,3530,798,Yes,39,7,"§465.2 — Review claims product cures disease (false representation)",MEDIUM,"Pattern analysis + IP correlation","Escalated to CCO",2024-12-17,51744,Sarah Chen,2024-12-19,"Referral to enforcement",2024-12-26,No,"Post-launch monitoring wave 1",CL-3350,Tablet,US,FL,unknown,No,Yes,N/A,0.112,117
SREV-0813,Sprouts,2025-03-19,5,customer_96053,3522,236,Yes,15,2,"§465.5 — Reviewer appears to be social media bot (fake account)",MEDIUM,"Pattern analysis + IP correlation","Platform reported",2025-04-24,51744,Casey Park,2025-04-26,"Violation confirmed",2025-05-28,No,"External counsel review triggered",CL-2242,Tablet,US,TX,unknown,No,No,N/A,-0.594,117
SREV-0814,Instagram Review,2024-11-25,5,customer_24873,2187,327,Yes,0,1,"§465.5 — Reviewer appears to be social media bot (fake account)",MEDIUM,"Pattern analysis + IP correlation","Platform reported",2024-12-28,51744,Casey Park,2024-12-28,"Settlement negotiated",2024-12-28,No,"Post-launch monitoring wave 1",CL-5974,Mobile,US,WA,unknown,No,No,N/A,0.544,72
SREV-0815,Amazon,2024-10-01,4,customer_99451,3064,599,Yes,7,10,"None",N/A,"N/A","No action",2024-11-06,0,Casey Park,2024-11-08,"No violation confirmed",2024-12-15,No,"Doctor-Formulated claim context analysis",N/A,Desktop,US,FL,invited,No,No,N/A,0.956,102
SREV-0816,Reddit,2025-02-15,4,customer_74796,2693,268,Yes,32,9,"None",N/A,"N/A","No action",2025-03-20,0,Casey Park,2025-03-22,"No violation confirmed",2025-04-28,No,"Biodegradable claim review",N/A,Desktop,US,N/A,invited,Yes,No,N/A,-0.771,89
SREV-0817,YouTube Comment,2024-11-23,2,customer_14787,2730,424,Yes,20,6,"§465.2 — Review claims product cures disease (false representation)",MEDIUM,"Pattern analysis + IP correlation","No action",2024-12-28,51744,Casey Park,2024-12-28,"Referral to enforcement",2024-12-28,No,"Third-party platform audit",CL-7913,Mobile,AU,NY,organic,No,No,N/A,0.144,91
SREV-0818,Walmart.com,2025-03-01,3,customer_26660,3437,843,Yes,33,4,"None",N/A,"N/A","No action",2025-04-06,0,Alex Rivera (Ext.),2025-04-08,"No violation confirmed",2025-05-15,No,"Post-launch monitoring wave 1",N/A,Tablet,UK,PA,organic,Yes,No,N/A,-0.624,114
SREV-0819,Reddit,2025-01-20,5,customer_23120,1549,401,Yes,21,3,"§465.6 — Review suppression candidate (negative review hidden)",MEDIUM,"Pattern analysis + IP correlation","External counsel notified",2025-02-25,51744,Casey Park,2025-02-27,"Training triggered",2025-03-28,No,"External counsel review triggered",CL-2038,Tablet,AU,GA,incentivized,No,No,N/A,-0.917,51
SREV-0820,Trustpilot,2025-02-17,5,customer_92001,1106,795,Yes,36,9,"None",N/A,"N/A","No action",2025-03-22,0,Casey Park,2025-03-24,"No violation confirmed",2025-04-28,No,"External counsel review triggered",N/A,Desktop,US,GA,organic,No,Yes,general_wellness,0.95,36
SREV-0821,Walmart.com,2024-12-23,2,customer_60900,1062,777,Yes,22,0,"None",N/A,"N/A","No action",2024-12-28,0,Sarah Chen,2024-12-28,"No violation confirmed",2024-12-28,No,"Employee review sweep",N/A,Mobile,US,TX,invited,No,Yes,N/A,-0.129,35
SREV-0822,Sprouts,2024-10-19,5,customer_55018,3259,242,No,22,4,"§465.2 — Review paid for via third-party mill",HIGH,"Pattern analysis + IP correlation","Platform reported",2024-11-24,51744,Jordan Ellis,2024-11-26,"Monitoring ongoing",2024-12-28,No,"Biodegradable claim review",CL-2891,Tablet,US,N/A,unknown,No,No,N/A,0.927,108
SREV-0823,Amazon,2024-12-14,5,customer_18456,2962,563,Yes,37,2,"None",N/A,"N/A","No action",2024-12-19,0,Jordan Ellis,2024-12-21,"No violation confirmed",2024-12-28,No,"Biodegradable claim review",N/A,Desktop,US,CA,incentivized,No,No,N/A,0.006,98
SREV-0824,App Store,2025-03-13,5,customer_13757,3064,659,No,30,2,"None",N/A,"N/A","No action",2025-04-18,0,Casey Park,2025-04-20,"No violation confirmed",2025-05-27,No,"Biodegradable claim review",N/A,Desktop,US,N/A,incentivized,No,No,N/A,0.834,102
SREV-0825,Vitacore.com,2025-02-16,5,customer_60342,2301,53,Yes,28,0,"§465.2 — Review claims product cures disease (false representation)",MEDIUM,"Pattern analysis + IP correlation","Consent order monitoring",2025-03-21,51744,Sarah Chen,2025-03-23,"No violation confirmed",2025-04-28,No,"Doctor-Formulated claim context analysis",CL-5149,Mobile,DE,WA,organic,No,Yes,general_wellness,0.058,76
SREV-0826,Instagram Review,2024-12-19,5,customer_99280,744,723,Yes,10,4,"None",N/A,"N/A","No action",2024-12-24,0,Casey Park,2024-12-26,"No violation confirmed",2024-12-28,Yes,"Third-party platform audit",N/A,Unknown,CA,WA,incentivized,No,No,N/A,-0.043,24
SREV-0827,Twitter/X,2024-11-02,5,customer_38299,2241,320,Yes,36,2,"None",N/A,"N/A","No action",2024-12-07,0,Casey Park,2024-12-09,"No violation confirmed",2024-12-16,No,"Post-launch monitoring wave 1",N/A,Tablet,AU,PA,unknown,No,No,N/A,0.56,74
SREV-0828,CVS.com,2024-12-01,4,customer_47911,2961,584,Yes,11,12,"None",N/A,"N/A","No action",2024-12-06,0,Sarah Chen,2024-12-08,"No violation confirmed",2024-12-15,No,"Third-party platform audit",N/A,Unknown,US,CO,organic,No,No,N/A,-0.061,98
SREV-0829,iHerb,2025-02-12,4,customer_81776,3270,476,Yes,11,1,"None",N/A,"N/A","No action",2025-03-17,0,Sarah Chen,2025-03-19,"No violation confirmed",2025-04-26,No,"External counsel review triggered",N/A,Mobile,US,PA,organic,No,Yes,immune,-0.002,109
SREV-0830,Reddit,2024-12-18,5,customer_46852,2704,582,Yes,38,9,"None",N/A,"N/A","No action",2024-12-23,0,Casey Park,2024-12-25,"No violation confirmed",2024-12-28,No,"Employee review sweep",N/A,Desktop,US,CO,organic,No,Yes,N/A,0.089,90
SREV-0831,Vitacore.com,2025-03-23,4,customer_21170,3037,608,Yes,38,0,"None",N/A,"N/A","No action",2025-04-28,0,Casey Park,2025-04-28,"No violation confirmed",2025-05-28,No,"External counsel review triggered",N/A,Tablet,US,PA,organic,No,Yes,N/A,-0.837,101
SREV-0832,Facebook,2024-12-02,2,customer_32650,430,228,Yes,2,2,"None",N/A,"N/A","No action",2024-12-07,0,Alex Rivera (Ext.),2024-12-09,"No violation confirmed",2024-12-16,No,"Supplemental review audit (Update 2 batch)",N/A,Unknown,US,FL,incentivized,No,Yes,N/A,-0.854,14
SREV-0833,Walmart.com,2024-10-18,4,customer_58077,1389,501,No,1,8,"None",N/A,"N/A","No action",2024-11-23,0,Jordan Ellis,2024-11-25,"No violation confirmed",2024-12-28,No,"Doctor-Formulated claim context analysis",N/A,Tablet,US,MA,unknown,No,No,N/A,0.644,46
SREV-0834,Target.com,2024-12-01,1,customer_25395,332,662,Yes,2,10,"None",N/A,"N/A","No action",2024-12-06,0,Alex Rivera (Ext.),2024-12-08,"No violation confirmed",2024-12-15,No,"Supplemental review audit (Update 2 batch)",N/A,Desktop,US,CO,organic,No,No,N/A,-0.59,11
SREV-0835,Reddit,2024-11-20,4,customer_88182,86,112,Yes,29,8,"None",N/A,"N/A","No action",2024-12-25,0,Sarah Chen,2024-12-27,"No violation confirmed",2024-12-28,Yes,"External counsel review triggered",N/A,Unknown,CA,PA,organic,No,No,N/A,0.33,2
SREV-0836,Vitacore.com,2024-12-25,5,customer_78048,2830,345,Yes,41,12,"None",N/A,"N/A","No action",2024-12-28,0,Casey Park,2024-12-28,"No violation confirmed",2024-12-28,No,"Employee review sweep",N/A,Desktop,US,CA,invited,No,Yes,N/A,0.413,94
SREV-0837,Costco.com,2024-10-27,5,customer_22901,3537,457,Yes,23,2,"None",N/A,"N/A","No action",2024-11-28,0,Casey Park,2024-11-28,"No violation confirmed",2024-12-28,No,"External counsel review triggered",N/A,Desktop,US,N/A,invited,No,No,N/A,0.14,117
SREV-0838,Costco.com,2024-11-17,4,customer_60514,3365,358,No,22,12,"§465.5 — Reviewer appears to be social media bot (fake account)",HIGH,"Pattern analysis + IP correlation","Platform reported",2024-12-22,51744,Sarah Chen,2024-12-24,"Referral to enforcement",2024-12-28,No,"Biodegradable claim review",CL-8414,Tablet,US,GA,organic,No,Yes,N/A,0.961,112
SREV-0839,Reddit,2024-12-05,3,customer_44226,1254,797,No,26,6,"None",N/A,"N/A","No action",2024-12-10,0,Alex Rivera (Ext.),2024-12-12,"No violation confirmed",2024-12-19,No,"Biodegradable claim review",N/A,Tablet,US,FL,incentivized,No,Yes,digestive,-0.714,41
SREV-0840,Vitacore.com,2025-01-01,4,customer_32528,2364,348,Yes,44,4,"§465.2 — Suspected fake review (AI-generated text pattern)",MEDIUM,"Pattern analysis + IP correlation","Legal hold",2025-02-06,51744,Jordan Ellis,2025-02-08,"Training triggered",2025-03-15,No,"Post-launch monitoring wave 1",CL-7163,Desktop,US,MA,organic,Yes,No,N/A,0.606,78
SREV-0841,Whole Foods,2025-02-03,1,customer_38418,2902,396,Yes,22,10,"None",N/A,"N/A","No action",2025-03-08,0,Alex Rivera (Ext.),2025-03-10,"No violation confirmed",2025-04-17,No,"Third-party platform audit",N/A,Mobile,US,GA,organic,No,Yes,digestive,0.127,96
SREV-0842,Trustpilot,2024-12-25,5,customer_21503,3386,122,Yes,17,3,"None",N/A,"N/A","No action",2024-12-28,0,Jordan Ellis,2024-12-28,"No violation confirmed",2024-12-28,No,"Post-launch monitoring wave 1",N/A,Unknown,US,MA,invited,No,Yes,N/A,0.525,112
SREV-0843,Trustpilot,2024-12-22,5,customer_57845,1156,398,Yes,33,4,"§465.2 — Review paid for via third-party mill",MEDIUM,"Pattern analysis + IP correlation","Investigation opened",2024-12-27,51744,Casey Park,2024-12-28,"Monitoring ongoing",2024-12-28,No,"Supplemental review audit (Update 2 batch)",CL-1015,Desktop,CA,PA,organic,No,Yes,general_wellness,-0.099,38
SREV-0844,Reddit,2024-12-27,5,customer_15089,601,289,Yes,25,6,"§465.3 — Insider review (employee account detected)",HIGH,"Pattern analysis + IP correlation","External counsel notified",2024-12-28,51744,Casey Park,2024-12-28,"Review removed",2024-12-28,No,"Post-launch monitoring wave 1",CL-9275,Unknown,US,PA,organic,No,No,N/A,-0.128,20
SREV-0845,iHerb,2024-10-27,5,customer_80692,608,261,No,37,0,"None",N/A,"N/A","No action",2024-11-28,0,Casey Park,2024-11-28,"No violation confirmed",2024-12-28,No,"Doctor-Formulated claim context analysis",N/A,Tablet,US,GA,invited,No,No,N/A,-0.434,20
SREV-0846,Trustpilot,2024-11-12,5,customer_85371,2116,169,Yes,30,7,"§465.2 — Review claims product cures disease (false representation)",HIGH,"Pattern analysis + IP correlation","FTC voluntary disclosure prepared",2024-12-17,51744,Casey Park,2024-12-19,"Training triggered",2024-12-26,No,"External counsel review triggered",CL-7399,Tablet,US,GA,unknown,Yes,No,N/A,-0.051,70
SREV-0847,Instagram Review,2024-10-15,5,customer_72079,2842,795,Yes,26,1,"None",N/A,"N/A","No action",2024-11-20,0,Sarah Chen,2024-11-22,"No violation confirmed",2024-12-28,No,"Third-party platform audit",N/A,Tablet,US,TX,incentivized,No,No,N/A,-0.752,94
SREV-0848,Instagram Review,2024-11-16,5,customer_30996,1275,102,Yes,2,5,"None",N/A,"N/A","No action",2024-12-21,0,Sarah Chen,2024-12-23,"No violation confirmed",2024-12-28,Yes,"Employee review sweep",N/A,Tablet,US,IL,unknown,Yes,No,N/A,0.105,42
SREV-0849,Sprouts,2024-12-26,1,customer_39785,1085,368,Yes,24,10,"None",N/A,"N/A","No action",2024-12-28,0,Jordan Ellis,2024-12-28,"No violation confirmed",2024-12-28,No,"Doctor-Formulated claim context analysis",N/A,Unknown,UK,IL,organic,Yes,Yes,N/A,0.97,36
SREV-0850,Amazon,2024-10-07,5,customer_94351,1514,668,Yes,4,4,"None",N/A,"N/A","No action",2024-11-12,0,Casey Park,2024-11-14,"No violation confirmed",2024-12-21,No,"External counsel review triggered",N/A,Unknown,DE,TX,unknown,No,Yes,immune,0.719,50
SREV-0851,Facebook,2025-03-26,3,customer_95448,3232,151,Yes,10,8,"None",N/A,"N/A","No action",2025-04-28,0,Jordan Ellis,2025-04-28,"No violation confirmed",2025-05-28,No,"Biodegradable claim review",N/A,Desktop,US,FL,organic,No,No,N/A,0.029,107
SREV-0852,Facebook,2024-10-17,5,customer_44265,599,346,Yes,2,9,"None",N/A,"N/A","No action",2024-11-22,0,Casey Park,2024-11-24,"No violation confirmed",2024-12-28,No,"Third-party platform audit",N/A,Desktop,US,PA,organic,No,No,N/A,-0.981,19
SREV-0853,Walmart.com,2025-01-24,5,customer_91683,2902,536,Yes,30,8,"None",N/A,"N/A","No action",2025-02-28,0,Sarah Chen,2025-02-28,"No violation confirmed",2025-03-28,No,"Third-party platform audit",N/A,Tablet,US,NY,organic,No,No,N/A,-0.742,96
SREV-0854,Costco.com,2024-11-09,1,customer_80309,3381,755,No,6,3,"§465.2 — Suspected fake review (AI-generated text pattern)",HIGH,"Pattern analysis + IP correlation","Investigation opened",2024-12-14,51744,Jordan Ellis,2024-12-16,"Platform notified",2024-12-23,No,"External counsel review triggered",CL-7212,Unknown,US,IL,unknown,Yes,No,N/A,0.799,112
SREV-0855,Amazon,2024-10-20,5,customer_11433,1522,580,No,27,9,"None",N/A,"N/A","No action",2024-11-25,0,Sarah Chen,2024-11-27,"No violation confirmed",2024-12-28,No,"Biodegradable claim review",N/A,Mobile,US,MA,incentivized,No,No,N/A,-0.857,50
SREV-0856,Google Reviews,2024-12-09,3,customer_36712,2281,668,No,7,5,"None",N/A,"N/A","No action",2024-12-14,0,Casey Park,2024-12-16,"No violation confirmed",2024-12-23,No,"Supplemental review audit (Update 2 batch)",N/A,Desktop,US,CA,organic,Yes,Yes,digestive,0.593,76
SREV-0857,Vitacore.com,2024-12-02,3,customer_47979,1330,485,No,41,1,"§465.2 — Suspected fake review (AI-generated text pattern)",MEDIUM,"Pattern analysis + IP correlation","Consent order monitoring",2024-12-07,51744,Sarah Chen,2024-12-09,"Platform notified",2024-12-16,No,"Doctor-Formulated claim context analysis",CL-5188,Unknown,US,CO,organic,Yes,No,N/A,-0.364,44
SREV-0858,Sprouts,2025-03-18,5,customer_17896,1823,566,Yes,34,5,"None",N/A,"N/A","No action",2025-04-23,0,Sarah Chen,2025-04-25,"No violation confirmed",2025-05-28,No,"Doctor-Formulated claim context analysis",N/A,Unknown,US,PA,invited,Yes,No,N/A,-0.007,60
SREV-0859,Trustpilot,2024-11-19,5,customer_87127,3255,334,Yes,45,9,"None",N/A,"N/A","No action",2024-12-24,0,Alex Rivera (Ext.),2024-12-26,"No violation confirmed",2024-12-28,No,"Third-party platform audit",N/A,Mobile,US,FL,organic,No,No,N/A,0.805,108
SREV-0860,Yelp,2024-10-11,5,customer_76513,273,715,Yes,6,7,"§465.3 — Family member of employee (immediate family disclosure required)",HIGH,"Pattern analysis + IP correlation","Platform reported",2024-11-16,51744,Casey Park,2024-11-18,"Disclosure added",2024-12-25,No,"Biodegradable claim review",CL-5172,Tablet,US,IL,incentivized,No,No,N/A,0.095,9
SREV-0861,Target.com,2025-03-12,2,customer_19541,903,587,Yes,36,7,"None",N/A,"N/A","No action",2025-04-17,0,Sarah Chen,2025-04-19,"No violation confirmed",2025-05-26,No,"Biodegradable claim review",N/A,Unknown,US,NY,unknown,Yes,No,N/A,0.011,30
SREV-0862,App Store,2025-03-15,5,customer_26014,1416,57,Yes,37,8,"§465.7 — Reviewer reports legal threat received",MEDIUM,"Pattern analysis + IP correlation","No action",2025-04-20,51744,Casey Park,2025-04-22,"Disclosure added",2025-05-28,No,"Biodegradable claim review",CL-3366,Mobile,US,NY,organic,No,No,N/A,0.028,47
SREV-0863,CVS.com,2024-10-10,5,customer_29900,3276,742,Yes,39,3,"None",N/A,"N/A","No action",2024-11-15,0,Alex Rivera (Ext.),2024-11-17,"No violation confirmed",2024-12-24,No,"External counsel review triggered",N/A,Tablet,US,WA,organic,No,No,N/A,0.361,109
SREV-0864,Trustpilot,2025-03-04,5,customer_67753,1856,361,Yes,5,7,"None",N/A,"N/A","No action",2025-04-09,0,Casey Park,2025-04-11,"No violation confirmed",2025-05-18,No,"Supplemental review audit (Update 2 batch)",N/A,Unknown,US,IL,unknown,No,Yes,general_wellness,0.52,61
SREV-0865,Yelp,2024-12-24,5,customer_31074,133,645,Yes,36,3,"None",N/A,"N/A","No action",2024-12-28,0,Casey Park,2024-12-28,"No violation confirmed",2024-12-28,No,"Employee review sweep",N/A,Mobile,US,N/A,invited,Yes,Yes,N/A,0.126,4
SREV-0866,Whole Foods,2025-03-08,4,customer_92048,1459,823,Yes,0,7,"None",N/A,"N/A","No action",2025-04-13,0,Alex Rivera (Ext.),2025-04-15,"No violation confirmed",2025-05-22,No,"External counsel review triggered",N/A,Mobile,US,CO,organic,No,No,N/A,0.311,48
SREV-0867,Sprouts,2025-02-25,5,customer_64871,1450,530,Yes,9,5,"None",N/A,"N/A","No action",2025-03-28,0,Sarah Chen,2025-03-28,"No violation confirmed",2025-04-28,No,"Third-party platform audit",N/A,Desktop,US,IL,incentivized,No,Yes,N/A,0.428,48
SREV-0868,Facebook,2025-01-06,3,customer_52553,1323,524,Yes,30,9,"None",N/A,"N/A","No action",2025-02-11,0,Alex Rivera (Ext.),2025-02-13,"No violation confirmed",2025-03-20,No,"Third-party platform audit",N/A,Desktop,US,PA,organic,No,No,N/A,-0.9,44
SREV-0869,TikTok Comment,2024-10-07,4,customer_28993,1671,55,Yes,2,8,"None",N/A,"N/A","No action",2024-11-12,0,Jordan Ellis,2024-11-14,"No violation confirmed",2024-12-21,No,"Post-launch monitoring wave 1",N/A,Desktop,US,CA,unknown,Yes,No,N/A,-0.414,55
SREV-0870,Reddit,2025-03-21,5,customer_18574,1412,850,No,44,4,"None",N/A,"N/A","No action",2025-04-26,0,Alex Rivera (Ext.),2025-04-28,"No violation confirmed",2025-05-28,No,"Supplemental review audit (Update 2 batch)",N/A,Desktop,US,CA,organic,Yes,No,N/A,0.784,47
SREV-0871,Trustpilot,2025-01-20,4,customer_68875,1443,568,No,38,5,"None",N/A,"N/A","No action",2025-02-25,0,Jordan Ellis,2025-02-27,"No violation confirmed",2025-03-28,No,"Post-launch monitoring wave 1",N/A,Unknown,UK,TX,incentivized,Yes,No,N/A,0.126,48
SREV-0872,Target.com,2024-10-12,1,customer_54928,3080,703,Yes,12,8,"None",N/A,"N/A","No action",2024-11-17,0,Jordan Ellis,2024-11-19,"No violation confirmed",2024-12-26,No,"Doctor-Formulated claim context analysis",N/A,Mobile,US,CO,organic,No,Yes,N/A,0.253,102
SREV-0873,Whole Foods,2024-10-22,5,customer_25380,3360,141,Yes,42,10,"None",N/A,"N/A","No action",2024-11-27,0,Sarah Chen,2024-11-28,"No violation confirmed",2024-12-28,No,"Supplemental review audit (Update 2 batch)",N/A,Desktop,US,TX,organic,No,Yes,general_wellness,0.486,112
SREV-0874,Walmart.com,2024-10-07,5,customer_18975,1374,289,Yes,31,5,"None",N/A,"N/A","No action",2024-11-12,0,Sarah Chen,2024-11-14,"No violation confirmed",2024-12-21,No,"Third-party platform audit",N/A,Desktop,CA,FL,incentivized,Yes,No,N/A,-0.386,45
SREV-0875,Whole Foods,2025-01-03,2,customer_42889,1806,739,No,13,7,"None",N/A,"N/A","No action",2025-02-08,0,Sarah Chen,2025-02-10,"No violation confirmed",2025-03-17,No,"Post-launch monitoring wave 1",N/A,Tablet,US,CO,invited,No,No,N/A,0.363,60
SREV-0876,Twitter/X,2024-11-18,5,customer_49766,1721,810,No,13,0,"None",N/A,"N/A","No action",2024-12-23,0,Alex Rivera (Ext.),2024-12-25,"No violation confirmed",2024-12-28,No,"Doctor-Formulated claim context analysis",N/A,Unknown,US,MA,organic,No,No,N/A,0.012,57
SREV-0877,CVS.com,2025-01-02,5,customer_65234,2262,578,Yes,13,1,"§465.2 — Review paid for via third-party mill",HIGH,"Pattern analysis + IP correlation","FTC voluntary disclosure prepared",2025-02-07,51744,Jordan Ellis,2025-02-09,"Settlement negotiated",2025-03-16,No,"Biodegradable claim review",CL-6536,Tablet,US,WA,organic,No,Yes,N/A,-0.58,75
SREV-0878,TikTok Comment,2024-12-08,2,customer_35718,3584,489,Yes,10,4,"§465.2 — Review paid for via third-party mill",HIGH,"Pattern analysis + IP correlation","Consent order monitoring",2024-12-13,51744,Casey Park,2024-12-15,"Violation confirmed",2024-12-22,No,"External counsel review triggered",CL-7311,Tablet,US,N/A,organic,Yes,Yes,digestive,0.048,119
SREV-0879,Target.com,2024-11-11,4,customer_55350,729,368,No,9,12,"None",N/A,"N/A","No action",2024-12-16,0,Alex Rivera (Ext.),2024-12-18,"No violation confirmed",2024-12-25,No,"Supplemental review audit (Update 2 batch)",N/A,Tablet,US,FL,unknown,No,No,N/A,-0.082,24
SREV-0880,Amazon,2024-11-09,5,customer_84003,2487,844,Yes,30,7,"§465.2 — Suspected fake review (AI-generated text pattern)",HIGH,"Pattern analysis + IP correlation","FTC voluntary disclosure prepared",2024-12-14,51744,Jordan Ellis,2024-12-16,"Settlement negotiated",2024-12-23,No,"Doctor-Formulated claim context analysis",CL-3468,Desktop,US,N/A,organic,No,No,N/A,0.662,82
SREV-0881,Vitacore.com,2024-11-17,4,customer_67505,3053,357,Yes,1,10,"None",N/A,"N/A","No action",2024-12-22,0,Sarah Chen,2024-12-24,"No violation confirmed",2024-12-28,No,"External counsel review triggered",N/A,Desktop,US,MA,invited,No,No,N/A,-0.351,101
SREV-0882,Costco.com,2024-12-05,3,customer_47454,2366,645,Yes,4,7,"§465.3 — Insider review (employee account detected)",HIGH,"Pattern analysis + IP correlation","Legal hold",2024-12-10,51744,Jordan Ellis,2024-12-12,"Referral to enforcement",2024-12-19,No,"External counsel review triggered",CL-1348,Tablet,UK,CA,organic,No,No,N/A,0.975,78
SREV-0883,Twitter/X,2024-11-03,5,customer_90087,2187,310,Yes,6,3,"None",N/A,"N/A","No action",2024-12-08,0,Sarah Chen,2024-12-10,"No violation confirmed",2024-12-17,No,"Doctor-Formulated claim context analysis",N/A,Unknown,US,PA,organic,No,Yes,N/A,0.162,72
SREV-0884,App Store,2025-01-27,5,customer_56610,2003,275,Yes,14,7,"None",N/A,"N/A","No action",2025-02-28,0,Casey Park,2025-02-28,"No violation confirmed",2025-03-28,No,"External counsel review triggered",N/A,Unknown,UK,CA,unknown,No,No,N/A,0.857,66
SREV-0885,Sprouts,2024-10-09,4,customer_86166,809,98,No,16,8,"§465.5 — Coordinated review pattern (same IP address cluster)",HIGH,"Pattern analysis + IP correlation","No action",2024-11-14,51744,Casey Park,2024-11-16,"Referral to enforcement",2024-12-23,No,"Third-party platform audit",CL-3389,Mobile,US,CO,unknown,Yes,Yes,digestive,0.833,26
SREV-0886,Sprouts,2025-01-04,4,customer_18597,2391,85,Yes,9,4,"None",N/A,"N/A","No action",2025-02-09,0,Sarah Chen,2025-02-11,"No violation confirmed",2025-03-18,No,"Biodegradable claim review",N/A,Tablet,US,CA,invited,No,No,N/A,0.973,79
SREV-0887,Target.com,2024-12-05,4,customer_71953,1663,314,Yes,35,11,"§465.5 — Reviewer appears to be social media bot (fake account)",HIGH,"Pattern analysis + IP correlation","Escalated to CCO",2024-12-10,51744,Alex Rivera (Ext.),2024-12-12,"Training triggered",2024-12-19,No,"External counsel review triggered",CL-2553,Tablet,US,MA,organic,Yes,Yes,immune,-0.971,55
SREV-0888,Costco.com,2025-01-20,3,customer_54760,2174,204,Yes,36,11,"None",N/A,"N/A","No action",2025-02-25,0,Sarah Chen,2025-02-27,"No violation confirmed",2025-03-28,No,"Supplemental review audit (Update 2 batch)",N/A,Desktop,US,IL,organic,No,Yes,immune,0.75,72
SREV-0889,Trustpilot,2025-03-08,4,customer_67590,561,210,Yes,31,0,"§465.2 — Suspected fake review (AI-generated text pattern)",HIGH,"Pattern analysis + IP correlation","Escalated to CCO",2025-04-13,51744,Jordan Ellis,2025-04-15,"Settlement negotiated",2025-05-22,No,"Employee review sweep",CL-5361,Unknown,US,TX,incentivized,No,No,N/A,-0.337,18
SREV-0890,Reddit,2025-01-02,3,customer_42138,1752,233,No,36,7,"§465.2 — Suspected fake review (AI-generated text pattern)",HIGH,"Pattern analysis + IP correlation","Consent order monitoring",2025-02-07,51744,Alex Rivera (Ext.),2025-02-09,"Review removed",2025-03-16,No,"Employee review sweep",CL-3009,Mobile,US,NY,invited,No,Yes,N/A,0.511,58
SREV-0891,Vitacore.com,2025-01-18,1,customer_56812,3594,714,Yes,21,8,"None",N/A,"N/A","No action",2025-02-23,0,Alex Rivera (Ext.),2025-02-25,"No violation confirmed",2025-03-28,No,"External counsel review triggered",N/A,Unknown,US,FL,organic,No,No,N/A,-0.631,119
SREV-0892,Yelp,2025-01-12,4,customer_17483,1773,626,Yes,43,7,"None",N/A,"N/A","No action",2025-02-17,0,Casey Park,2025-02-19,"No violation confirmed",2025-03-26,No,"External counsel review triggered",N/A,Mobile,US,TX,invited,No,No,N/A,0.42,59
SREV-0893,Facebook,2025-01-04,3,customer_78242,2033,295,Yes,15,8,"§465.3 — Insider review (employee account detected)",HIGH,"Pattern analysis + IP correlation","Legal hold",2025-02-09,51744,Jordan Ellis,2025-02-11,"Training triggered",2025-03-18,No,"Third-party platform audit",CL-5659,Tablet,US,GA,incentivized,No,No,N/A,0.386,67
SREV-0894,Costco.com,2024-10-05,3,customer_78480,1781,307,Yes,10,4,"§465.2 — Suspected fake review (AI-generated text pattern)",MEDIUM,"Pattern analysis + IP correlation","Consent order monitoring",2024-11-10,51744,Sarah Chen,2024-11-12,"Disclosure added",2024-12-19,No,"Supplemental review audit (Update 2 batch)",CL-7572,Desktop,US,PA,incentivized,No,No,N/A,0.353,59
SREV-0895,iHerb,2024-11-23,2,customer_10462,2989,61,No,24,1,"None",N/A,"N/A","No action",2024-12-28,0,Alex Rivera (Ext.),2024-12-28,"No violation confirmed",2024-12-28,No,"Third-party platform audit",N/A,Tablet,US,TX,incentivized,No,Yes,general_wellness,-0.9,99
SREV-0896,CVS.com,2025-03-06,5,customer_43135,1666,202,Yes,4,9,"None",N/A,"N/A","No action",2025-04-11,0,Alex Rivera (Ext.),2025-04-13,"No violation confirmed",2025-05-20,No,"Post-launch monitoring wave 1",N/A,Unknown,US,CO,organic,No,No,N/A,-0.954,55
SREV-0897,TikTok Comment,2025-03-12,5,customer_41969,1291,388,No,8,9,"None",N/A,"N/A","No action",2025-04-17,0,Casey Park,2025-04-19,"No violation confirmed",2025-05-26,No,"Employee review sweep",N/A,Desktop,US,WA,organic,No,No,N/A,0.358,43
SREV-0898,Vitacore.com,2025-01-03,4,customer_37968,725,755,Yes,41,11,"None",N/A,"N/A","No action",2025-02-08,0,Casey Park,2025-02-10,"No violation confirmed",2025-03-17,No,"Biodegradable claim review",N/A,Unknown,CA,CA,organic,No,No,N/A,-0.276,24
SREV-0899,Reddit,2025-01-14,4,customer_86409,47,287,Yes,23,10,"None",N/A,"N/A","No action",2025-02-19,0,Alex Rivera (Ext.),2025-02-21,"No violation confirmed",2025-03-28,No,"Doctor-Formulated claim context analysis",N/A,Desktop,UK,NY,organic,Yes,No,N/A,0.704,1
SREV-0900,Costco.com,2024-10-05,4,customer_67628,1000,209,Yes,15,0,"§465.3 — Insider review (employee account detected)",HIGH,"Pattern analysis + IP correlation","Investigation opened",2024-11-10,51744,Sarah Chen,2024-11-12,"Platform notified",2024-12-19,No,"Doctor-Formulated claim context analysis",CL-2888,Unknown,US,MA,incentivized,Yes,Yes,general_wellness,-0.358,33
SREV-0901,Amazon,2024-10-28,4,customer_29484,419,815,Yes,43,7,"None",N/A,"N/A","No action",2024-11-28,0,Alex Rivera (Ext.),2024-11-28,"No violation confirmed",2024-12-28,No,"External counsel review triggered",N/A,Tablet,US,IL,organic,No,No,N/A,0.314,13
SREV-0902,CVS.com,2024-10-14,4,customer_19010,1130,342,No,5,7,"None",N/A,"N/A","No action",2024-11-19,0,Sarah Chen,2024-11-21,"No violation confirmed",2024-12-28,No,"Supplemental review audit (Update 2 batch)",N/A,Tablet,US,WA,invited,No,Yes,N/A,0.582,37
SREV-0903,Twitter/X,2024-10-18,5,customer_65171,1382,369,Yes,18,5,"§465.3 — Insider review (employee account detected)",HIGH,"Pattern analysis + IP correlation","Consent order monitoring",2024-11-23,51744,Jordan Ellis,2024-11-25,"Monitoring ongoing",2024-12-28,No,"Supplemental review audit (Update 2 batch)",CL-1838,Unknown,CA,WA,incentivized,No,Yes,N/A,0.975,46
SREV-0904,Trustpilot,2024-10-12,3,customer_45920,2940,201,Yes,22,7,"None",N/A,"N/A","No action",2024-11-17,0,Jordan Ellis,2024-11-19,"No violation confirmed",2024-12-26,No,"Doctor-Formulated claim context analysis",N/A,Unknown,US,IL,incentivized,No,No,N/A,0.935,98
SREV-0905,Reddit,2024-10-15,4,customer_80564,2099,234,Yes,7,1,"§465.2 — Review claims product cures disease (false representation)",HIGH,"Pattern analysis + IP correlation","No action",2024-11-20,51744,Alex Rivera (Ext.),2024-11-22,"Training triggered",2024-12-28,No,"Employee review sweep",CL-3665,Desktop,US,IL,unknown,No,No,N/A,0.323,69
SREV-0906,Vitacore.com,2025-01-26,4,customer_42162,2404,393,Yes,36,11,"None",N/A,"N/A","No action",2025-02-28,0,Sarah Chen,2025-02-28,"No violation confirmed",2025-03-28,No,"Post-launch monitoring wave 1",N/A,Desktop,US,MA,organic,No,No,N/A,-0.776,80
SREV-0907,TikTok Comment,2024-11-20,2,customer_79583,621,543,Yes,8,12,"None",N/A,"N/A","No action",2024-12-25,0,Casey Park,2024-12-27,"No violation confirmed",2024-12-28,No,"Doctor-Formulated claim context analysis",N/A,Unknown,US,IL,organic,No,Yes,N/A,-0.548,20
SREV-0908,App Store,2024-10-17,4,customer_36125,264,812,Yes,36,5,"None",N/A,"N/A","No action",2024-11-22,0,Sarah Chen,2024-11-24,"No violation confirmed",2024-12-28,No,"Third-party platform audit",N/A,Tablet,US,WA,organic,No,Yes,immune,0.326,8
SREV-0909,Vitacore.com,2024-12-16,5,customer_66680,768,652,No,21,6,"None",N/A,"N/A","No action",2024-12-21,0,Sarah Chen,2024-12-23,"No violation confirmed",2024-12-28,No,"Biodegradable claim review",N/A,Unknown,US,NY,invited,Yes,Yes,digestive,-0.605,25
SREV-0910,Sprouts,2025-03-20,4,customer_81603,555,118,Yes,7,10,"None",N/A,"N/A","No action",2025-04-25,0,Sarah Chen,2025-04-27,"No violation confirmed",2025-05-28,No,"Post-launch monitoring wave 1",N/A,Mobile,US,NY,incentivized,No,No,N/A,0.192,18
SREV-0911,YouTube Comment,2025-01-18,4,customer_11246,1564,764,Yes,32,11,"§465.5 — Reviewer appears to be social media bot (fake account)",HIGH,"Pattern analysis + IP correlation","No action",2025-02-23,51744,Casey Park,2025-02-25,"Referral to enforcement",2025-03-28,No,"External counsel review triggered",CL-8169,Mobile,US,NY,incentivized,Yes,No,N/A,-0.524,52
SREV-0912,Reddit,2024-11-23,1,customer_51079,1899,710,Yes,24,9,"None",N/A,"N/A","No action",2024-12-28,0,Sarah Chen,2024-12-28,"No violation confirmed",2024-12-28,No,"Biodegradable claim review",N/A,Unknown,US,MA,organic,No,No,N/A,-0.235,63
SREV-0913,Vitacore.com,2024-11-06,4,customer_52525,1161,696,No,15,7,"§465.3 — Family member of employee (immediate family disclosure required)",MEDIUM,"Pattern analysis + IP correlation","External counsel notified",2024-12-11,51744,Jordan Ellis,2024-12-13,"Settlement negotiated",2024-12-20,Yes,"Post-launch monitoring wave 1",CL-9709,Desktop,US,WA,unknown,No,No,N/A,0.643,38
SREV-0914,Target.com,2025-03-02,4,customer_89075,1658,696,No,0,8,"None",N/A,"N/A","No action",2025-04-07,0,Alex Rivera (Ext.),2025-04-09,"No violation confirmed",2025-05-16,No,"Supplemental review audit (Update 2 batch)",N/A,Unknown,US,TX,unknown,No,No,N/A,0.333,55
SREV-0915,Twitter/X,2024-10-13,5,customer_64444,1533,674,No,33,6,"None",N/A,"N/A","No action",2024-11-18,0,Jordan Ellis,2024-11-20,"No violation confirmed",2024-12-27,No,"Post-launch monitoring wave 1",N/A,Mobile,US,PA,incentivized,Yes,No,N/A,-0.981,51
SREV-0916,TikTok Comment,2024-11-10,1,customer_48327,2955,701,Yes,11,3,"None",N/A,"N/A","No action",2024-12-15,0,Casey Park,2024-12-17,"No violation confirmed",2024-12-24,No,"External counsel review triggered",N/A,Mobile,US,IL,organic,No,No,N/A,0.318,98
SREV-0917,iHerb,2024-10-26,1,customer_62693,133,557,No,20,12,"None",N/A,"N/A","No action",2024-11-28,0,Sarah Chen,2024-11-28,"No violation confirmed",2024-12-28,No,"Employee review sweep",N/A,Unknown,US,NY,organic,No,No,N/A,-0.108,4
SREV-0918,Reddit,2024-11-08,5,customer_25814,2099,638,Yes,39,7,"None",N/A,"N/A","No action",2024-12-13,0,Alex Rivera (Ext.),2024-12-15,"No violation confirmed",2024-12-22,No,"External counsel review triggered",N/A,Tablet,US,CA,incentivized,Yes,No,N/A,-0.348,69
SREV-0919,Trustpilot,2024-11-19,5,customer_84765,95,807,No,31,1,"None",N/A,"N/A","No action",2024-12-24,0,Casey Park,2024-12-26,"No violation confirmed",2024-12-28,No,"Employee review sweep",N/A,Tablet,US,CA,organic,No,Yes,N/A,-0.981,3
SREV-0920,Whole Foods,2025-02-17,4,customer_52651,219,770,Yes,39,4,"None",N/A,"N/A","No action",2025-03-22,0,Casey Park,2025-03-24,"No violation confirmed",2025-04-28,No,"External counsel review triggered",N/A,Unknown,US,WA,invited,No,Yes,N/A,-0.797,7
SREV-0921,iHerb,2025-01-12,5,customer_57506,2457,141,Yes,15,2,"§465.7 — Reviewer reports legal threat received",HIGH,"Pattern analysis + IP correlation","Investigation opened",2025-02-17,51744,Sarah Chen,2025-02-19,"Platform notified",2025-03-26,No,"Biodegradable claim review",CL-9879,Tablet,US,CA,incentivized,Yes,No,N/A,0.343,81
SREV-0922,Instagram Review,2024-11-22,5,customer_90802,779,766,Yes,41,6,"§465.7 — Reviewer reports legal threat received",HIGH,"Pattern analysis + IP correlation","External counsel notified",2024-12-27,51744,Sarah Chen,2024-12-28,"Platform notified",2024-12-28,No,"Employee review sweep",CL-8991,Tablet,US,CA,incentivized,No,No,N/A,-0.622,25
SREV-0923,Yelp,2024-12-09,4,customer_35647,1225,575,No,26,4,"§465.5 — Coordinated review pattern (same IP address cluster)",HIGH,"Pattern analysis + IP correlation","External counsel notified",2024-12-14,51744,Sarah Chen,2024-12-16,"Violation confirmed",2024-12-23,No,"Doctor-Formulated claim context analysis",CL-1538,Desktop,US,FL,organic,No,No,N/A,0.216,40
SREV-0924,Costco.com,2024-12-12,5,customer_43559,3353,171,No,36,5,"None",N/A,"N/A","No action",2024-12-17,0,Alex Rivera (Ext.),2024-12-19,"No violation confirmed",2024-12-26,No,"Post-launch monitoring wave 1",N/A,Tablet,US,N/A,organic,No,No,N/A,0.043,111
SREV-0925,Target.com,2024-11-19,1,customer_96572,1489,95,Yes,9,8,"None",N/A,"N/A","No action",2024-12-24,0,Alex Rivera (Ext.),2024-12-26,"No violation confirmed",2024-12-28,No,"External counsel review triggered",N/A,Mobile,US,N/A,organic,Yes,Yes,N/A,0.925,49
SREV-0926,App Store,2024-10-26,5,customer_69534,2556,210,No,16,5,"§465.2 — Suspected fake review (AI-generated text pattern)",MEDIUM,"Pattern analysis + IP correlation","FTC voluntary disclosure prepared",2024-11-28,51744,Jordan Ellis,2024-11-28,"No violation confirmed",2024-12-28,No,"Doctor-Formulated claim context analysis",CL-6130,Tablet,US,TX,organic,Yes,Yes,N/A,0.369,85
SREV-0927,Sprouts,2024-11-24,5,customer_96295,1336,773,Yes,1,6,"None",N/A,"N/A","No action",2024-12-28,0,Jordan Ellis,2024-12-28,"No violation confirmed",2024-12-28,No,"Post-launch monitoring wave 1",N/A,Tablet,US,CA,invited,No,No,N/A,0.204,44
SREV-0928,Yelp,2024-11-23,5,customer_26305,1807,702,No,3,3,"None",N/A,"N/A","No action",2024-12-28,0,Sarah Chen,2024-12-28,"No violation confirmed",2024-12-28,Yes,"Biodegradable claim review",N/A,Unknown,UK,NY,organic,Yes,No,N/A,-0.109,60
SREV-0929,Walmart.com,2025-01-27,4,customer_79464,370,552,Yes,3,2,"None",N/A,"N/A","No action",2025-02-28,0,Jordan Ellis,2025-02-28,"No violation confirmed",2025-03-28,No,"External counsel review triggered",N/A,Desktop,US,TX,incentivized,No,No,N/A,-0.939,12
SREV-0930,Trustpilot,2024-11-13,4,customer_91842,112,164,Yes,7,0,"§465.6 — Review suppression candidate (negative review hidden)",HIGH,"Pattern analysis + IP correlation","External counsel notified",2024-12-18,51744,Sarah Chen,2024-12-20,"Training triggered",2024-12-27,No,"Doctor-Formulated claim context analysis",CL-1710,Tablet,US,NY,organic,No,Yes,immune,0.016,3
SREV-0931,Google Reviews,2024-11-04,4,customer_59022,1250,834,Yes,10,12,"§465.3 — Family member of employee (immediate family disclosure required)",HIGH,"Pattern analysis + IP correlation","FTC voluntary disclosure prepared",2024-12-09,51744,Casey Park,2024-12-11,"Referral to enforcement",2024-12-18,No,"External counsel review triggered",CL-6379,Mobile,UK,PA,incentivized,No,No,N/A,0.047,41
SREV-0932,Trustpilot,2024-11-16,5,customer_44721,2770,622,Yes,16,4,"None",N/A,"N/A","No action",2024-12-21,0,Sarah Chen,2024-12-23,"No violation confirmed",2024-12-28,No,"External counsel review triggered",N/A,Desktop,US,TX,organic,No,No,N/A,0.962,92
SREV-0933,Trustpilot,2025-03-05,5,customer_69201,2464,362,Yes,38,2,"None",N/A,"N/A","No action",2025-04-10,0,Casey Park,2025-04-12,"No violation confirmed",2025-05-19,No,"Supplemental review audit (Update 2 batch)",N/A,Unknown,AU,TX,organic,Yes,Yes,general_wellness,-0.625,82
SREV-0934,Yelp,2025-01-13,5,customer_79258,3278,321,Yes,22,10,"§465.3 — Insider review (employee account detected)",HIGH,"Pattern analysis + IP correlation","Investigation opened",2025-02-18,51744,Sarah Chen,2025-02-20,"Review removed",2025-03-27,No,"Biodegradable claim review",CL-3811,Unknown,US,CO,organic,No,No,N/A,0.926,109
SREV-0935,Instagram Review,2024-12-04,5,customer_61135,3617,812,No,11,9,"None",N/A,"N/A","No action",2024-12-09,0,Sarah Chen,2024-12-11,"No violation confirmed",2024-12-18,No,"Biodegradable claim review",N/A,Mobile,US,IL,unknown,No,Yes,general_wellness,-0.623,120
SREV-0936,Reddit,2024-11-20,5,customer_71800,611,199,No,16,9,"§465.2 — Suspected fake review (AI-generated text pattern)",HIGH,"Pattern analysis + IP correlation","Consent order monitoring",2024-12-25,51744,Alex Rivera (Ext.),2024-12-27,"No violation confirmed",2024-12-28,No,"Third-party platform audit",CL-4236,Mobile,US,CA,organic,Yes,No,N/A,0.164,20
SREV-0937,App Store,2025-02-24,5,customer_41099,2274,301,Yes,43,12,"§465.2 — Review paid for via third-party mill",MEDIUM,"Pattern analysis + IP correlation","Platform reported",2025-03-28,51744,Casey Park,2025-03-28,"Violation confirmed",2025-04-28,No,"Supplemental review audit (Update 2 batch)",CL-1623,Unknown,US,PA,organic,Yes,No,N/A,0.439,75
SREV-0938,iHerb,2024-10-01,4,customer_29169,195,349,Yes,36,5,"§465.3 — Insider review (employee account detected)",MEDIUM,"Pattern analysis + IP correlation","FTC voluntary disclosure prepared",2024-11-06,51744,Alex Rivera (Ext.),2024-11-08,"Platform notified",2024-12-15,No,"Doctor-Formulated claim context analysis",CL-3056,Unknown,US,IL,invited,No,Yes,general_wellness,0.005,6
SREV-0939,Reddit,2024-10-03,5,customer_80788,1253,152,No,7,8,"None",N/A,"N/A","No action",2024-11-08,0,Sarah Chen,2024-11-10,"No violation confirmed",2024-12-17,No,"Third-party platform audit",N/A,Tablet,US,N/A,incentivized,No,No,N/A,-0.856,41
SREV-0940,TikTok Comment,2024-12-18,5,customer_35967,109,412,No,9,10,"None",N/A,"N/A","No action",2024-12-23,0,Casey Park,2024-12-25,"No violation confirmed",2024-12-28,No,"Third-party platform audit",N/A,Unknown,US,CO,organic,Yes,No,N/A,-0.54,3
SREV-0941,Vitacore.com,2024-11-20,5,customer_65952,1599,823,Yes,19,10,"None",N/A,"N/A","No action",2024-12-25,0,Alex Rivera (Ext.),2024-12-27,"No violation confirmed",2024-12-28,No,"Supplemental review audit (Update 2 batch)",N/A,Tablet,CA,IL,organic,Yes,Yes,general_wellness,0.911,53
SREV-0942,Sprouts,2024-11-08,5,customer_62103,2963,131,Yes,20,6,"§465.2 — Suspected fake review (AI-generated text pattern)",HIGH,"Pattern analysis + IP correlation","FTC voluntary disclosure prepared",2024-12-13,51744,Jordan Ellis,2024-12-15,"Monitoring ongoing",2024-12-22,No,"External counsel review triggered",CL-1128,Tablet,CA,NY,incentivized,No,No,N/A,0.786,98
SREV-0943,Costco.com,2024-10-28,4,customer_44032,1371,350,Yes,29,3,"§465.5 — Reviewer appears to be social media bot (fake account)",HIGH,"Pattern analysis + IP correlation","No action",2024-11-28,51744,Jordan Ellis,2024-11-28,"Training triggered",2024-12-28,No,"Biodegradable claim review",CL-9379,Tablet,US,GA,incentivized,No,Yes,N/A,-0.827,45
SREV-0944,Target.com,2024-12-26,4,customer_11750,816,522,Yes,32,11,"None",N/A,"N/A","No action",2024-12-28,0,Casey Park,2024-12-28,"No violation confirmed",2024-12-28,No,"Biodegradable claim review",N/A,Desktop,US,IL,incentivized,No,No,N/A,-0.916,27
SREV-0945,Costco.com,2025-01-21,2,customer_84254,2371,67,No,10,7,"§465.5 — Coordinated review pattern (same IP address cluster)",HIGH,"Pattern analysis + IP correlation","Investigation opened",2025-02-26,51744,Jordan Ellis,2025-02-28,"Review removed",2025-03-28,No,"Employee review sweep",CL-8552,Mobile,CA,FL,unknown,No,Yes,general_wellness,-0.225,79
SREV-0946,Twitter/X,2024-10-01,2,customer_27978,2635,686,Yes,1,2,"None",N/A,"N/A","No action",2024-11-06,0,Jordan Ellis,2024-11-08,"No violation confirmed",2024-12-15,No,"Employee review sweep",N/A,Mobile,US,CA,unknown,Yes,No,N/A,0.761,87
SREV-0947,Whole Foods,2024-11-14,4,customer_93412,3523,692,Yes,33,11,"None",N/A,"N/A","No action",2024-12-19,0,Jordan Ellis,2024-12-21,"No violation confirmed",2024-12-28,Yes,"Third-party platform audit",N/A,Mobile,US,FL,organic,Yes,Yes,N/A,0.284,117
SREV-0948,Sprouts,2024-11-24,3,customer_59562,3221,278,Yes,45,5,"§465.6 — Review suppression candidate (negative review hidden)",HIGH,"Pattern analysis + IP correlation","External counsel notified",2024-12-28,51744,Casey Park,2024-12-28,"Platform notified",2024-12-28,No,"Third-party platform audit",CL-4071,Mobile,AU,NY,invited,No,No,N/A,0.851,107
SREV-0949,CVS.com,2024-11-12,1,customer_18281,1163,491,Yes,9,10,"None",N/A,"N/A","No action",2024-12-17,0,Alex Rivera (Ext.),2024-12-19,"No violation confirmed",2024-12-26,No,"Doctor-Formulated claim context analysis",N/A,Mobile,US,PA,incentivized,No,No,N/A,0.122,38
SREV-0950,TikTok Comment,2025-01-17,5,customer_40296,2958,641,Yes,20,7,"None",N/A,"N/A","No action",2025-02-22,0,Alex Rivera (Ext.),2025-02-24,"No violation confirmed",2025-03-28,No,"Third-party platform audit",N/A,Unknown,US,FL,incentivized,No,Yes,N/A,0.618,98
SREV-0951,TikTok Comment,2024-10-21,5,customer_43925,1279,308,Yes,15,5,"§465.3 — Insider review (employee account detected)",HIGH,"Pattern analysis + IP correlation","Platform reported",2024-11-26,51744,Sarah Chen,2024-11-28,"Review removed",2024-12-28,No,"Doctor-Formulated claim context analysis",CL-4250,Mobile,UK,GA,unknown,No,No,N/A,0.823,42
SREV-0952,Reddit,2024-12-01,5,customer_34516,515,673,No,17,5,"§465.7 — Reviewer reports legal threat received",HIGH,"Pattern analysis + IP correlation","Legal hold",2024-12-06,51744,Alex Rivera (Ext.),2024-12-08,"Settlement negotiated",2024-12-15,No,"Post-launch monitoring wave 1",CL-2180,Mobile,UK,FL,unknown,No,No,N/A,-0.335,17
SREV-0953,Costco.com,2025-03-26,4,customer_80619,2659,255,Yes,43,0,"§465.3 — Family member of employee (immediate family disclosure required)",HIGH,"Pattern analysis + IP correlation","Investigation opened",2025-04-28,51744,Casey Park,2025-04-28,"Disclosure added",2025-05-28,No,"Supplemental review audit (Update 2 batch)",CL-1615,Tablet,US,FL,organic,No,No,N/A,-0.161,88
SREV-0954,CVS.com,2024-11-21,4,customer_65529,3184,709,Yes,41,4,"§465.2 — Suspected fake review (AI-generated text pattern)",HIGH,"Pattern analysis + IP correlation","Consent order monitoring",2024-12-26,51744,Alex Rivera (Ext.),2024-12-28,"Review removed",2024-12-28,No,"Employee review sweep",CL-4595,Mobile,US,TX,incentivized,No,No,N/A,-0.09,106
SREV-0955,CVS.com,2024-12-23,4,customer_42642,255,610,Yes,27,9,"§465.7 — Reviewer reports legal threat received",HIGH,"Pattern analysis + IP correlation","Escalated to CCO",2024-12-28,51744,Casey Park,2024-12-28,"Monitoring ongoing",2024-12-28,No,"Employee review sweep",CL-8869,Mobile,US,N/A,organic,No,Yes,immune,-0.818,8
SREV-0956,Facebook,2024-10-21,5,customer_54316,2341,759,Yes,36,3,"§465.2 — Review paid for via third-party mill",HIGH,"Pattern analysis + IP correlation","Review removed (with cause)",2024-11-26,51744,Alex Rivera (Ext.),2024-11-28,"Disclosure added",2024-12-28,Yes,"Doctor-Formulated claim context analysis",CL-9248,Mobile,US,NY,organic,No,No,N/A,-0.395,78
SREV-0957,Google Reviews,2025-03-18,4,customer_48330,598,831,Yes,10,9,"§465.3 — Family member of employee (immediate family disclosure required)",MEDIUM,"Pattern analysis + IP correlation","External counsel notified",2025-04-23,51744,Jordan Ellis,2025-04-25,"No violation confirmed",2025-05-28,No,"External counsel review triggered",CL-3732,Desktop,DE,FL,incentivized,No,Yes,general_wellness,0.651,19
SREV-0958,Amazon,2025-03-26,4,customer_52223,2670,148,No,37,2,"§465.3 — Insider review (employee account detected)",MEDIUM,"Pattern analysis + IP correlation","FTC voluntary disclosure prepared",2025-04-28,51744,Jordan Ellis,2025-04-28,"Disclosure added",2025-05-28,No,"Doctor-Formulated claim context analysis",CL-8271,Unknown,US,TX,unknown,No,Yes,N/A,0.001,89
SREV-0959,Costco.com,2024-11-04,2,customer_28525,555,493,Yes,9,12,"None",N/A,"N/A","No action",2024-12-09,0,Alex Rivera (Ext.),2024-12-11,"No violation confirmed",2024-12-18,No,"Third-party platform audit",N/A,Tablet,US,NY,unknown,No,No,N/A,0.322,18
SREV-0960,Chewy,2024-12-09,5,customer_22711,41,816,Yes,35,8,"None",N/A,"N/A","No action",2024-12-14,0,Jordan Ellis,2024-12-16,"No violation confirmed",2024-12-23,No,"Doctor-Formulated claim context analysis",N/A,Desktop,CA,IL,unknown,No,Yes,N/A,-0.714,1
SREV-0961,Facebook,2024-11-20,5,customer_22811,2370,423,Yes,30,6,"§465.2 — Suspected fake review (AI-generated text pattern)",MEDIUM,"Pattern analysis + IP correlation","Platform reported",2024-12-25,51744,Alex Rivera (Ext.),2024-12-27,"Monitoring ongoing",2024-12-28,No,"Post-launch monitoring wave 1",CL-9929,Unknown,US,GA,organic,No,No,N/A,-0.538,79
SREV-0962,Sprouts,2024-10-22,5,customer_83529,2632,845,Yes,3,2,"None",N/A,"N/A","No action",2024-11-27,0,Alex Rivera (Ext.),2024-11-28,"No violation confirmed",2024-12-28,No,"Supplemental review audit (Update 2 batch)",N/A,Tablet,US,TX,incentivized,Yes,Yes,general_wellness,-0.304,87
SREV-0963,Whole Foods,2025-02-03,4,customer_35209,1217,237,Yes,21,2,"None",N/A,"N/A","No action",2025-03-08,0,Casey Park,2025-03-10,"No violation confirmed",2025-04-17,No,"Post-launch monitoring wave 1",N/A,Unknown,AU,GA,organic,No,Yes,immune,0.161,40
SREV-0964,Facebook,2025-02-18,1,customer_39330,401,482,Yes,35,10,"None",N/A,"N/A","No action",2025-03-23,0,Alex Rivera (Ext.),2025-03-25,"No violation confirmed",2025-04-28,Yes,"External counsel review triggered",N/A,Desktop,US,MA,unknown,No,No,N/A,-0.621,13
SREV-0965,Target.com,2025-02-04,4,customer_83557,3022,578,No,24,10,"None",N/A,"N/A","No action",2025-03-09,0,Alex Rivera (Ext.),2025-03-11,"No violation confirmed",2025-04-18,No,"Biodegradable claim review",N/A,Unknown,US,IL,invited,No,No,N/A,-0.177,100
SREV-0966,Target.com,2024-10-10,2,customer_74707,3483,358,Yes,33,5,"None",N/A,"N/A","No action",2024-11-15,0,Casey Park,2024-11-17,"No violation confirmed",2024-12-24,No,"External counsel review triggered",N/A,Tablet,US,FL,organic,No,No,N/A,-0.831,116
SREV-0967,Walmart.com,2024-11-26,5,customer_86502,1847,336,Yes,41,6,"None",N/A,"N/A","No action",2024-12-28,0,Sarah Chen,2024-12-28,"No violation confirmed",2024-12-28,No,"Doctor-Formulated claim context analysis",N/A,Mobile,US,TX,organic,Yes,Yes,digestive,0.016,61
SREV-0968,Trustpilot,2025-03-19,1,customer_71448,150,57,Yes,26,8,"§465.2 — Suspected fake review (AI-generated text pattern)",HIGH,"Pattern analysis + IP correlation","Legal hold",2025-04-24,51744,Sarah Chen,2025-04-26,"No violation confirmed",2025-05-28,No,"External counsel review triggered",CL-6633,Desktop,CA,IL,incentivized,No,No,N/A,0.161,5
SREV-0969,iHerb,2024-11-28,5,customer_28196,1484,602,Yes,18,12,"§465.7 — Reviewer reports legal threat received",MEDIUM,"Pattern analysis + IP correlation","Platform reported",2024-12-28,51744,Jordan Ellis,2024-12-28,"Review removed",2024-12-28,No,"Third-party platform audit",CL-3462,Unknown,US,IL,organic,No,No,N/A,0.683,49
SREV-0970,Vitacore.com,2024-12-24,5,customer_71921,577,553,No,18,12,"None",N/A,"N/A","No action",2024-12-28,0,Jordan Ellis,2024-12-28,"No violation confirmed",2024-12-28,No,"Employee review sweep",N/A,Tablet,US,FL,unknown,Yes,No,N/A,0.942,19
SREV-0971,Trustpilot,2024-11-12,3,customer_58114,848,236,Yes,7,2,"None",N/A,"N/A","No action",2024-12-17,0,Sarah Chen,2024-12-19,"No violation confirmed",2024-12-26,No,"Post-launch monitoring wave 1",N/A,Tablet,US,TX,organic,Yes,Yes,digestive,-0.669,28
SREV-0972,Walmart.com,2024-11-08,5,customer_98983,419,315,No,44,10,"§465.4 — Company-controlled review site not disclosed",HIGH,"Pattern analysis + IP correlation","No action",2024-12-13,51744,Alex Rivera (Ext.),2024-12-15,"No violation confirmed",2024-12-22,No,"Biodegradable claim review",CL-3331,Mobile,US,PA,invited,No,Yes,immune,-0.283,13
SREV-0973,Facebook,2024-12-28,4,customer_42500,2824,222,No,12,2,"§465.2 — Review paid for via third-party mill",MEDIUM,"Pattern analysis + IP correlation","Platform reported",2024-12-28,51744,Casey Park,2024-12-28,"Violation confirmed",2024-12-28,No,"Post-launch monitoring wave 1",CL-5741,Unknown,US,WA,organic,Yes,No,N/A,0.963,94
SREV-0974,Target.com,2024-11-18,4,customer_74151,2572,620,Yes,6,8,"§465.7 — Reviewer reports legal threat received",HIGH,"Pattern analysis + IP correlation","Review removed (with cause)",2024-12-23,51744,Sarah Chen,2024-12-25,"Monitoring ongoing",2024-12-28,Yes,"Employee review sweep",CL-7116,Tablet,US,PA,organic,Yes,No,N/A,-0.657,85
SREV-0975,Whole Foods,2025-02-02,5,customer_46643,288,275,Yes,40,11,"§465.6 — Review suppression candidate (negative review hidden)",HIGH,"Pattern analysis + IP correlation","No action",2025-03-07,51744,Sarah Chen,2025-03-09,"Violation confirmed",2025-04-16,No,"Biodegradable claim review",CL-2413,Tablet,US,IL,invited,No,Yes,general_wellness,0.157,9
SREV-0976,App Store,2024-10-13,4,customer_69835,3620,823,Yes,18,7,"None",N/A,"N/A","No action",2024-11-18,0,Jordan Ellis,2024-11-20,"No violation confirmed",2024-12-27,No,"Biodegradable claim review",N/A,Unknown,US,TX,unknown,No,No,N/A,-0.522,120
SREV-0977,Trustpilot,2024-12-22,4,customer_63219,3278,525,No,3,11,"None",N/A,"N/A","No action",2024-12-27,0,Casey Park,2024-12-28,"No violation confirmed",2024-12-28,No,"Biodegradable claim review",N/A,Tablet,US,FL,organic,No,Yes,N/A,0.878,109
SREV-0978,CVS.com,2025-02-15,4,customer_26966,819,355,Yes,13,5,"None",N/A,"N/A","No action",2025-03-20,0,Sarah Chen,2025-03-22,"No violation confirmed",2025-04-28,No,"Supplemental review audit (Update 2 batch)",N/A,Tablet,CA,N/A,organic,No,No,N/A,0.341,27
SREV-0979,Sprouts,2025-01-17,4,customer_22844,2965,848,No,9,4,"None",N/A,"N/A","No action",2025-02-22,0,Casey Park,2025-02-24,"No violation confirmed",2025-03-28,No,"Supplemental review audit (Update 2 batch)",N/A,Desktop,US,FL,unknown,Yes,No,N/A,0.319,98
SREV-0980,Walmart.com,2024-12-11,3,customer_85502,1421,319,Yes,12,11,"§465.2 — Suspected fake review (AI-generated text pattern)",MEDIUM,"Pattern analysis + IP correlation","Platform reported",2024-12-16,51744,Casey Park,2024-12-18,"Referral to enforcement",2024-12-25,No,"Supplemental review audit (Update 2 batch)",CL-7111,Desktop,US,N/A,organic,No,No,N/A,0.618,47
SREV-0981,CVS.com,2024-10-26,4,customer_33587,2378,496,Yes,35,3,"§465.6 — Review suppression candidate (negative review hidden)",HIGH,"Pattern analysis + IP correlation","Review removed (with cause)",2024-11-28,51744,Alex Rivera (Ext.),2024-11-28,"Training triggered",2024-12-28,No,"Biodegradable claim review",CL-3227,Unknown,US,MA,incentivized,No,Yes,N/A,0.554,79
SREV-0982,Facebook,2024-10-06,5,customer_67791,731,260,No,8,0,"None",N/A,"N/A","No action",2024-11-11,0,Casey Park,2024-11-13,"No violation confirmed",2024-12-20,No,"Third-party platform audit",N/A,Unknown,CA,FL,organic,No,No,N/A,-0.179,24
SREV-0983,Target.com,2024-10-04,4,customer_79089,523,774,Yes,22,12,"§465.5 — Reviewer appears to be social media bot (fake account)",MEDIUM,"Pattern analysis + IP correlation","Review removed (with cause)",2024-11-09,51744,Casey Park,2024-11-11,"Referral to enforcement",2024-12-18,No,"Third-party platform audit",CL-2410,Tablet,CA,FL,invited,No,No,N/A,-0.71,17
SREV-0984,Twitter/X,2024-11-10,4,customer_84246,3056,705,No,10,11,"None",N/A,"N/A","No action",2024-12-15,0,Alex Rivera (Ext.),2024-12-17,"No violation confirmed",2024-12-24,No,"Supplemental review audit (Update 2 batch)",N/A,Mobile,US,FL,invited,Yes,No,N/A,-0.434,101
SREV-0985,Instagram Review,2025-02-21,2,customer_53840,69,216,Yes,26,4,"None",N/A,"N/A","No action",2025-03-26,0,Alex Rivera (Ext.),2025-03-28,"No violation confirmed",2025-04-28,No,"Doctor-Formulated claim context analysis",N/A,Desktop,US,PA,organic,No,Yes,N/A,-0.331,2
SREV-0986,Twitter/X,2024-11-27,5,customer_79088,3039,129,Yes,44,8,"None",N/A,"N/A","No action",2024-12-28,0,Jordan Ellis,2024-12-28,"No violation confirmed",2024-12-28,No,"Supplemental review audit (Update 2 batch)",N/A,Unknown,US,TX,invited,No,No,N/A,0.752,101
SREV-0987,Facebook,2025-02-11,4,customer_21869,1303,317,No,14,0,"§465.5 — Reviewer appears to be social media bot (fake account)",HIGH,"Pattern analysis + IP correlation","Escalated to CCO",2025-03-16,51744,Alex Rivera (Ext.),2025-03-18,"Platform notified",2025-04-25,No,"External counsel review triggered",CL-8717,Mobile,CA,N/A,unknown,No,Yes,digestive,-0.16,43
SREV-0988,Trustpilot,2025-02-27,5,customer_68628,1791,51,Yes,24,8,"None",N/A,"N/A","No action",2025-03-28,0,Jordan Ellis,2025-03-28,"No violation confirmed",2025-04-28,No,"Employee review sweep",N/A,Unknown,US,MA,incentivized,No,No,N/A,-0.865,59
SREV-0989,Yelp,2024-11-04,4,customer_17222,2741,503,No,4,8,"None",N/A,"N/A","No action",2024-12-09,0,Jordan Ellis,2024-12-11,"No violation confirmed",2024-12-18,No,"Biodegradable claim review",N/A,Desktop,US,FL,organic,Yes,Yes,general_wellness,-0.097,91
SREV-0990,Twitter/X,2024-12-09,4,customer_79632,2256,132,Yes,45,11,"None",N/A,"N/A","No action",2024-12-14,0,Sarah Chen,2024-12-16,"No violation confirmed",2024-12-23,No,"Biodegradable claim review",N/A,Desktop,US,TX,invited,No,No,N/A,-0.187,75
SREV-0991,Twitter/X,2024-12-17,4,customer_66629,990,585,Yes,22,5,"§465.2 — Review paid for via third-party mill",MEDIUM,"Pattern analysis + IP correlation","Review removed (with cause)",2024-12-22,51744,Jordan Ellis,2024-12-24,"Settlement negotiated",2024-12-28,No,"Supplemental review audit (Update 2 batch)",CL-3346,Unknown,US,MA,incentivized,No,Yes,digestive,-0.766,33
SREV-0992,Facebook,2024-10-07,5,customer_46692,2404,89,Yes,10,0,"§465.5 — Reviewer appears to be social media bot (fake account)",HIGH,"Pattern analysis + IP correlation","Review removed (with cause)",2024-11-12,51744,Jordan Ellis,2024-11-14,"Monitoring ongoing",2024-12-21,No,"Doctor-Formulated claim context analysis",CL-4223,Mobile,US,WA,invited,No,Yes,general_wellness,0.44,80
SREV-0993,CVS.com,2024-12-19,4,customer_29652,3292,329,No,26,11,"None",N/A,"N/A","No action",2024-12-24,0,Alex Rivera (Ext.),2024-12-26,"No violation confirmed",2024-12-28,No,"Doctor-Formulated claim context analysis",N/A,Tablet,UK,MA,incentivized,No,No,N/A,0.801,109
SREV-0994,Facebook,2024-11-22,5,customer_73208,2590,265,No,15,11,"§465.7 — Reviewer reports legal threat received",HIGH,"Pattern analysis + IP correlation","External counsel notified",2024-12-27,51744,Sarah Chen,2024-12-28,"Violation confirmed",2024-12-28,No,"Supplemental review audit (Update 2 batch)",CL-8160,Unknown,US,CO,organic,No,No,N/A,-0.016,86
SREV-0995,Facebook,2024-10-02,4,customer_17940,3301,742,Yes,11,2,"None",N/A,"N/A","No action",2024-11-07,0,Casey Park,2024-11-09,"No violation confirmed",2024-12-16,No,"Employee review sweep",N/A,Unknown,US,PA,organic,Yes,Yes,N/A,0.068,110
SREV-0996,Target.com,2024-12-08,3,customer_22438,1208,302,Yes,13,4,"§465.3 — Insider review (employee account detected)",MEDIUM,"Pattern analysis + IP correlation","Platform reported",2024-12-13,51744,Alex Rivera (Ext.),2024-12-15,"Violation confirmed",2024-12-22,No,"Supplemental review audit (Update 2 batch)",CL-1353,Desktop,US,CA,organic,No,Yes,digestive,0.777,40
SREV-0997,Google Reviews,2025-01-10,5,customer_74411,2915,829,Yes,12,0,"None",N/A,"N/A","No action",2025-02-15,0,Jordan Ellis,2025-02-17,"No violation confirmed",2025-03-24,Yes,"Employee review sweep",N/A,Mobile,US,CA,organic,No,Yes,N/A,0.863,97
SREV-0998,Whole Foods,2024-10-04,5,customer_86224,3068,542,Yes,5,9,"None",N/A,"N/A","No action",2024-11-09,0,Alex Rivera (Ext.),2024-11-11,"No violation confirmed",2024-12-18,No,"Employee review sweep",N/A,Unknown,US,CA,organic,No,Yes,N/A,-0.841,102
SREV-0999,Facebook,2025-03-22,4,customer_47383,1005,91,No,22,3,"None",N/A,"N/A","No action",2025-04-27,0,Jordan Ellis,2025-04-28,"No violation confirmed",2025-05-28,No,"Supplemental review audit (Update 2 batch)",N/A,Mobile,US,TX,invited,No,Yes,N/A,0.639,33
SREV-1000,Target.com,2024-10-07,5,customer_66303,2342,729,Yes,12,6,"§465.5 — Reviewer appears to be social media bot (fake account)",HIGH,"Pattern analysis + IP correlation","Platform reported",2024-11-12,51744,Alex Rivera (Ext.),2024-11-14,"Monitoring ongoing",2024-12-21,No,"External counsel review triggered",CL-3162,Desktop,US,WA,organic,No,No,N/A,0.324,78
