customer_id,plan,region,impact,unique_visitor_flag,affected_flag
CUST-000001,free,Europe East,CDN error 503,1,1
CUST-000002,free,North America,CDN error 503,1,1
CUST-000003,pro,Europe West,CDN error 503,1,1
CUST-000004,free,Europe East,CDN error 503,1,1
CUST-000005,business,North America,CDN error 503,1,1
CUST-000006,enterprise,Asia Pacific,CDN error 503,1,1
CUST-000007,free,Europe West,CDN error 503,1,1
CUST-000008,business,Europe West,CDN error 503,1,1
CUST-000009,pro,Latin America,CDN error 503,1,1
CUST-000010,business,North America,CDN error 503,1,1
CUST-000011,pro,Latin America,CDN error 503,1,1
CUST-000012,free,Europe West,CDN error 503,1,1
CUST-000013,free,North America,CDN error 503,1,1
CUST-000014,free,Europe West,CDN error 503,1,1
CUST-000015,pro,Europe East,CDN error 503,1,1
CUST-000016,free,Europe West,CDN error 503,1,1
CUST-000017,business,Asia Pacific,CDN error 503,1,1
CUST-000018,enterprise,North America,CDN error 503,1,1
CUST-000019,business,Europe East,CDN error 503,1,1
CUST-000020,business,Latin America,CDN error 503,1,1
CUST-000021,enterprise,Europe West,CDN error 503,1,1
CUST-000022,pro,Latin America,CDN error 503,1,1
CUST-000023,business,Europe East,CDN error 503,1,1
CUST-000024,enterprise,Asia Pacific,CDN error 503,1,1
CUST-000025,enterprise,Europe West,CDN error 503,1,1
CUST-000026,pro,Europe West,CDN error 503,1,1
CUST-000027,pro,North America,CDN error 503,1,1
CUST-000028,business,Asia Pacific,CDN error 503,1,1
CUST-000029,pro,Europe East,CDN error 503,1,1
CUST-000030,free,Europe East,CDN error 503,1,1
CUST-000031,enterprise,Asia Pacific,CDN error 503,1,1
CUST-000032,pro,North America,CDN error 503,1,1
CUST-000033,pro,Asia Pacific,CDN error 503,1,1
CUST-000034,free,Latin America,CDN error 503,1,1
CUST-000035,free,Latin America,CDN error 503,1,1
CUST-000036,pro,Europe East,CDN error 503,1,1
CUST-000037,business,North America,CDN error 503,1,1
CUST-000038,free,Latin America,CDN error 503,1,1
CUST-000039,pro,Latin America,CDN error 503,1,1
CUST-000040,pro,Europe East,CDN error 503,1,1
CUST-000041,pro,Europe West,CDN error 503,1,1
CUST-000042,enterprise,North America,CDN error 503,1,1
CUST-000043,business,Asia Pacific,CDN error 503,1,1
CUST-000044,pro,Europe East,CDN error 503,1,1
CUST-000045,free,Europe West,CDN error 503,1,1
CUST-000046,business,Asia Pacific,CDN error 503,1,1
CUST-000047,free,Latin America,CDN error 503,1,1
CUST-000048,pro,North America,CDN error 503,1,1
CUST-000049,business,Europe East,CDN error 503,1,1
CUST-000050,enterprise,Asia Pacific,CDN error 503,1,1
CUST-000051,pro,Europe West,CDN error 503,1,1
CUST-000052,enterprise,North America,CDN error 503,1,1
CUST-000053,pro,Europe East,CDN error 503,1,1
CUST-000054,free,Latin America,CDN error 503,1,1
CUST-000055,pro,Europe West,CDN error 503,1,1
CUST-000056,business,Latin America,CDN error 503,1,1
CUST-000057,pro,Asia Pacific,CDN error 503,1,1
CUST-000058,business,Europe East,CDN error 503,1,1
CUST-000059,free,Latin America,CDN error 503,1,1
CUST-000060,enterprise,Latin America,CDN error 503,1,1
CUST-000061,free,North America,CDN error 503,1,1
CUST-000062,free,North America,CDN error 503,1,1
CUST-000063,enterprise,Asia Pacific,CDN error 503,1,1
CUST-000064,pro,Europe West,none,1,0
CUST-000065,business,Asia Pacific,none,1,0
CUST-000066,free,Europe East,none,1,0
CUST-000067,pro,Asia Pacific,none,1,0
CUST-000068,free,North America,none,1,0
CUST-000069,enterprise,Latin America,none,1,0
CUST-000070,business,North America,none,1,0
CUST-000071,free,Europe West,none,1,0
CUST-000072,pro,Latin America,none,1,0
CUST-000073,enterprise,North America,none,1,0
CUST-000074,enterprise,Latin America,none,1,0
CUST-000075,business,Asia Pacific,none,1,0
CUST-000076,free,North America,none,1,0
CUST-000077,business,North America,none,1,0
CUST-000078,pro,Latin America,none,1,0
CUST-000079,business,Europe East,none,1,0
CUST-000080,free,North America,none,1,0
CUST-000081,enterprise,Europe East,none,1,0
CUST-000082,business,North America,none,1,0
CUST-000083,enterprise,North America,none,1,0
CUST-000084,business,Europe West,none,1,0
CUST-000085,enterprise,Europe West,none,1,0
CUST-000086,pro,Europe West,none,1,0
CUST-000087,business,Asia Pacific,none,1,0
CUST-000088,enterprise,Europe East,none,1,0
CUST-000089,free,Europe East,none,1,0
CUST-000090,enterprise,Latin America,none,1,0
CUST-000091,pro,Europe East,none,1,0
CUST-000092,free,Latin America,none,1,0
CUST-000093,business,Europe East,none,1,0
CUST-000094,pro,Latin America,none,1,0
CUST-000095,enterprise,Asia Pacific,none,1,0
CUST-000096,free,Asia Pacific,none,1,0
CUST-000097,enterprise,North America,none,1,0
CUST-000098,enterprise,Latin America,none,1,0
CUST-000099,business,Latin America,none,1,0
CUST-000100,enterprise,North America,none,1,0
CUST-000101,free,Latin America,none,1,0
CUST-000102,pro,North America,none,1,0
CUST-000103,business,Europe West,none,1,0
CUST-000104,business,Europe West,none,1,0
CUST-000105,free,Latin America,none,1,0
CUST-000106,pro,Latin America,none,1,0
CUST-000107,enterprise,Europe East,none,1,0
CUST-000108,enterprise,Asia Pacific,none,1,0
CUST-000109,business,Europe East,none,1,0
CUST-000110,enterprise,Asia Pacific,none,1,0
CUST-000111,free,Latin America,none,1,0
CUST-000112,business,Europe East,none,1,0
CUST-000113,enterprise,Europe East,none,1,0
CUST-000114,free,North America,none,1,0
CUST-000115,business,Asia Pacific,none,1,0
CUST-000116,business,North America,none,1,0
CUST-000117,pro,Europe East,none,1,0
CUST-000118,pro,Asia Pacific,none,1,0
CUST-000119,business,Latin America,none,1,0
CUST-000120,enterprise,Latin America,none,1,0
CUST-000121,enterprise,Latin America,none,1,0
CUST-000122,enterprise,Europe West,none,1,0
CUST-000123,pro,Europe East,none,1,0
CUST-000124,business,Latin America,none,1,0
CUST-000125,pro,Asia Pacific,none,1,0
CUST-000126,enterprise,Asia Pacific,none,1,0
CUST-000127,pro,Europe East,none,1,0
CUST-000128,enterprise,Latin America,none,1,0
CUST-000129,free,Latin America,none,1,0
CUST-000130,free,Europe West,none,1,0
CUST-000131,pro,Latin America,none,1,0
CUST-000132,business,Asia Pacific,none,1,0
CUST-000133,pro,Asia Pacific,none,1,0
CUST-000134,free,Europe West,none,1,0
CUST-000135,pro,Europe West,none,1,0
CUST-000136,business,Asia Pacific,none,1,0
CUST-000137,free,Europe West,none,1,0
CUST-000138,pro,Europe East,none,1,0
CUST-000139,enterprise,Europe East,none,1,0
CUST-000140,pro,Europe West,none,1,0
CUST-000141,pro,Europe East,none,1,0
CUST-000142,pro,Europe East,none,1,0
CUST-000143,free,North America,none,1,0
CUST-000144,pro,Europe East,none,1,0
CUST-000145,business,North America,none,1,0
CUST-000146,business,Europe West,none,1,0
CUST-000147,enterprise,Asia Pacific,none,1,0
CUST-000148,business,Latin America,none,1,0
CUST-000149,pro,Asia Pacific,none,1,0
CUST-000150,pro,Europe West,none,1,0
CUST-000151,enterprise,North America,none,1,0
CUST-000152,pro,North America,none,1,0
CUST-000153,pro,Asia Pacific,none,1,0
CUST-000154,business,Latin America,none,1,0
CUST-000155,business,Asia Pacific,none,1,0
CUST-000156,pro,Europe East,none,1,0
CUST-000157,enterprise,Latin America,none,1,0
CUST-000158,free,Europe East,none,1,0
CUST-000159,free,Europe West,none,1,0
CUST-000160,enterprise,North America,none,1,0
CUST-000161,free,Europe East,none,1,0
CUST-000162,pro,Europe West,none,1,0
CUST-000163,business,Europe East,none,1,0
CUST-000164,free,North America,none,1,0
CUST-000165,free,Asia Pacific,none,1,0
CUST-000166,pro,Latin America,none,1,0
CUST-000167,business,Europe East,none,1,0
CUST-000168,enterprise,Asia Pacific,none,1,0
CUST-000169,business,Latin America,none,1,0
CUST-000170,business,Europe West,none,1,0
CUST-000171,pro,Asia Pacific,none,1,0
CUST-000172,business,Europe East,none,1,0
CUST-000173,pro,Asia Pacific,none,1,0
CUST-000174,free,Asia Pacific,none,1,0
CUST-000175,pro,Latin America,none,1,0
CUST-000176,enterprise,Latin America,none,1,0
CUST-000177,business,Asia Pacific,none,1,0
CUST-000178,business,North America,none,1,0
CUST-000179,pro,Asia Pacific,none,1,0
CUST-000180,free,North America,none,1,0
CUST-000181,free,Latin America,none,1,0
CUST-000182,enterprise,Europe West,none,1,0
CUST-000183,business,North America,none,1,0
CUST-000184,pro,Europe East,none,1,0
CUST-000185,free,Europe East,none,1,0
CUST-000186,business,Europe West,none,1,0
CUST-000187,free,Latin America,none,1,0
CUST-000188,free,Asia Pacific,none,1,0
CUST-000189,enterprise,North America,none,1,0
CUST-000190,business,Europe East,none,1,0
CUST-000191,pro,North America,none,1,0
CUST-000192,free,Europe East,none,1,0
CUST-000193,pro,Europe West,none,1,0
CUST-000194,pro,Europe East,none,1,0
CUST-000195,free,Latin America,none,1,0
CUST-000196,business,Asia Pacific,none,1,0
CUST-000197,business,Asia Pacific,none,1,0
CUST-000198,enterprise,Europe West,none,1,0
CUST-000199,enterprise,Europe West,none,1,0
CUST-000200,pro,Asia Pacific,none,1,0
CUST-000201,pro,Asia Pacific,none,1,0
CUST-000202,enterprise,Europe West,none,1,0
CUST-000203,business,Europe East,none,1,0
CUST-000204,business,Europe East,none,1,0
CUST-000205,enterprise,Asia Pacific,none,1,0
CUST-000206,free,Asia Pacific,none,1,0
CUST-000207,free,Europe West,none,1,0
CUST-000208,free,Europe East,none,1,0
CUST-000209,enterprise,North America,none,1,0
CUST-000210,enterprise,Europe West,none,1,0
CUST-000211,business,North America,none,1,0
CUST-000212,business,Europe West,none,1,0
CUST-000213,business,North America,none,1,0
CUST-000214,free,Latin America,none,1,0
CUST-000215,business,Europe East,none,1,0
CUST-000216,enterprise,Latin America,none,1,0
CUST-000217,business,Asia Pacific,none,1,0
CUST-000218,pro,Europe West,none,1,0
CUST-000219,pro,Europe West,none,1,0
CUST-000220,pro,Latin America,none,1,0
CUST-000221,enterprise,Asia Pacific,none,1,0
CUST-000222,business,Europe West,none,1,0
CUST-000223,pro,Latin America,none,1,0
CUST-000224,pro,Europe West,none,1,0
CUST-000225,business,Latin America,none,1,0
CUST-000226,free,Asia Pacific,none,1,0
CUST-000227,free,North America,none,1,0
CUST-000228,pro,Europe East,none,1,0
CUST-000229,business,Asia Pacific,none,1,0
CUST-000230,business,Asia Pacific,none,1,0
CUST-000231,free,Europe West,none,1,0
CUST-000232,pro,Europe West,none,1,0
CUST-000233,enterprise,North America,none,1,0
CUST-000234,enterprise,Europe East,none,1,0
CUST-000235,business,Latin America,none,1,0
CUST-000236,business,Europe East,none,1,0
CUST-000237,enterprise,Latin America,none,1,0
CUST-000238,pro,Asia Pacific,none,1,0
CUST-000239,business,Europe East,none,1,0
CUST-000240,pro,Europe East,none,1,0
CUST-000241,enterprise,Europe West,none,1,0
CUST-000242,pro,Europe West,none,1,0
CUST-000243,free,Europe East,none,1,0
CUST-000244,business,North America,none,1,0
CUST-000245,enterprise,North America,none,1,0
CUST-000246,pro,North America,none,1,0
CUST-000247,business,North America,none,1,0
CUST-000248,enterprise,Latin America,none,1,0
CUST-000249,free,Europe East,none,1,0
CUST-000250,pro,North America,none,1,0
CUST-000251,free,Latin America,none,1,0
CUST-000252,enterprise,Latin America,none,1,0
CUST-000253,enterprise,Asia Pacific,none,1,0
CUST-000254,pro,Asia Pacific,none,1,0
CUST-000255,pro,North America,none,1,0
CUST-000256,enterprise,Europe West,none,1,0
CUST-000257,free,Asia Pacific,none,1,0
CUST-000258,pro,North America,none,1,0
CUST-000259,enterprise,Europe West,none,1,0
CUST-000260,enterprise,North America,none,1,0
CUST-000261,business,Europe East,none,1,0
CUST-000262,free,North America,none,1,0
CUST-000263,pro,Latin America,none,1,0
CUST-000264,business,Europe West,none,1,0
CUST-000265,business,Europe West,none,1,0
CUST-000266,free,North America,none,1,0
CUST-000267,business,Asia Pacific,none,1,0
CUST-000268,pro,North America,none,1,0
CUST-000269,enterprise,Latin America,none,1,0
CUST-000270,free,Latin America,none,1,0
CUST-000271,pro,North America,none,1,0
CUST-000272,business,Latin America,none,1,0
CUST-000273,enterprise,Asia Pacific,none,1,0
CUST-000274,enterprise,Europe West,none,1,0
CUST-000275,enterprise,Europe East,none,1,0
CUST-000276,free,Europe West,none,1,0
CUST-000277,business,North America,none,1,0
CUST-000278,pro,Europe West,none,1,0
CUST-000279,free,Asia Pacific,none,1,0
CUST-000280,pro,Europe West,none,1,0
CUST-000281,pro,Asia Pacific,none,1,0
CUST-000282,free,North America,none,1,0
CUST-000283,business,Latin America,none,1,0
CUST-000284,enterprise,Europe West,none,1,0
CUST-000285,pro,Europe East,none,1,0
CUST-000286,pro,Europe West,none,1,0
CUST-000287,enterprise,Latin America,none,1,0
CUST-000288,pro,Europe West,none,1,0
CUST-000289,free,Latin America,none,1,0
CUST-000290,pro,North America,none,1,0
CUST-000291,enterprise,North America,none,1,0
CUST-000292,enterprise,North America,none,1,0
CUST-000293,enterprise,Europe East,none,1,0
CUST-000294,business,Europe West,none,1,0
CUST-000295,enterprise,Asia Pacific,none,1,0
CUST-000296,business,Europe West,none,1,0
CUST-000297,business,Latin America,none,1,0
CUST-000298,business,North America,none,1,0
CUST-000299,enterprise,Europe East,none,1,0
CUST-000300,business,North America,none,1,0
CUST-000301,business,Europe West,none,1,0
CUST-000302,free,Asia Pacific,none,1,0
CUST-000303,free,Europe West,none,1,0
CUST-000304,enterprise,Europe East,none,1,0
CUST-000305,business,Latin America,none,1,0
CUST-000306,pro,Asia Pacific,none,1,0
CUST-000307,free,North America,none,1,0
CUST-000308,enterprise,Europe West,none,1,0
CUST-000309,enterprise,Europe West,none,1,0
CUST-000310,pro,Europe West,none,1,0
CUST-000311,pro,Europe East,none,1,0
CUST-000312,pro,Latin America,none,1,0
CUST-000313,free,Asia Pacific,none,1,0
CUST-000314,free,Europe East,none,1,0
CUST-000315,free,Europe East,none,1,0
CUST-000316,free,Asia Pacific,none,1,0
CUST-000317,enterprise,Europe West,none,1,0
CUST-000318,free,Europe West,none,1,0
CUST-000319,pro,North America,none,1,0
CUST-000320,enterprise,North America,none,1,0
CUST-000321,free,Europe East,none,1,0
CUST-000322,pro,Europe East,none,1,0
CUST-000323,pro,Europe East,none,1,0
CUST-000324,free,Asia Pacific,none,1,0
CUST-000325,business,Asia Pacific,none,1,0
CUST-000326,free,Europe West,none,1,0
CUST-000327,free,Latin America,none,1,0
CUST-000328,pro,North America,none,1,0
CUST-000329,enterprise,North America,none,1,0
CUST-000330,pro,Asia Pacific,none,1,0
CUST-000331,enterprise,Latin America,none,1,0
CUST-000332,free,Europe West,none,1,0
CUST-000333,enterprise,Europe East,none,1,0
CUST-000334,free,North America,none,1,0
CUST-000335,pro,Latin America,none,1,0
CUST-000336,business,North America,none,1,0
CUST-000337,business,Latin America,none,1,0
CUST-000338,pro,Asia Pacific,none,1,0
CUST-000339,enterprise,Europe East,none,1,0
CUST-000340,pro,Latin America,none,1,0
CUST-000341,pro,Europe East,none,1,0
CUST-000342,pro,Asia Pacific,none,1,0
CUST-000343,pro,Europe East,none,1,0
CUST-000344,free,North America,none,1,0
CUST-000345,business,Latin America,none,1,0
CUST-000346,enterprise,Europe East,none,1,0
CUST-000347,pro,Latin America,none,1,0
CUST-000348,pro,Europe West,none,1,0
CUST-000349,pro,Europe West,none,1,0
CUST-000350,pro,Asia Pacific,none,1,0
CUST-000351,business,Latin America,none,1,0
CUST-000352,enterprise,North America,none,1,0
CUST-000353,business,Asia Pacific,none,1,0
CUST-000354,enterprise,Asia Pacific,none,1,0
CUST-000355,free,Europe West,none,1,0
CUST-000356,pro,Asia Pacific,none,1,0
CUST-000357,pro,North America,none,1,0
CUST-000358,free,Asia Pacific,none,1,0
CUST-000359,business,North America,none,1,0
CUST-000360,enterprise,Latin America,none,1,0
CUST-000361,business,Asia Pacific,none,1,0
CUST-000362,business,North America,none,1,0
CUST-000363,pro,North America,none,1,0
CUST-000364,free,Europe West,none,1,0
CUST-000365,free,Europe West,none,1,0
CUST-000366,pro,Asia Pacific,none,1,0
CUST-000367,pro,Europe West,none,1,0
CUST-000368,enterprise,Europe East,none,1,0
CUST-000369,business,Latin America,none,1,0
CUST-000370,pro,Latin America,none,1,0
CUST-000371,free,Europe East,none,1,0
CUST-000372,pro,Europe East,none,1,0
CUST-000373,enterprise,Europe West,none,1,0
CUST-000374,pro,Latin America,none,1,0
CUST-000375,pro,Latin America,none,1,0
CUST-000376,business,Asia Pacific,none,1,0
CUST-000377,free,Europe East,none,1,0
CUST-000378,enterprise,Asia Pacific,none,1,0
CUST-000379,business,Asia Pacific,none,1,0
CUST-000380,free,Europe West,none,1,0
CUST-000381,pro,Asia Pacific,none,1,0
CUST-000382,pro,Europe West,none,1,0
CUST-000383,free,Europe East,none,1,0
CUST-000384,pro,Latin America,none,1,0
CUST-000385,free,North America,none,1,0
CUST-000386,business,Europe West,none,1,0
CUST-000387,business,Latin America,none,1,0
CUST-000388,enterprise,Asia Pacific,none,1,0
CUST-000389,pro,Europe East,none,1,0
CUST-000390,pro,Europe East,none,1,0
CUST-000391,pro,Europe East,none,1,0
CUST-000392,pro,Europe West,none,1,0
CUST-000393,business,Latin America,none,1,0
CUST-000394,business,Europe West,none,1,0
CUST-000395,pro,Europe East,none,1,0
CUST-000396,pro,Europe West,none,1,0
CUST-000397,pro,North America,none,1,0
CUST-000398,business,Europe East,none,1,0
CUST-000399,enterprise,Europe East,none,1,0
CUST-000400,enterprise,Europe East,none,1,0
CUST-000401,enterprise,Latin America,none,1,0
CUST-000402,free,Latin America,none,1,0
CUST-000403,business,North America,none,1,0
CUST-000404,pro,Europe West,none,1,0
CUST-000405,free,Europe East,none,1,0
CUST-000406,pro,Europe West,none,1,0
CUST-000407,business,Europe East,none,1,0
CUST-000408,pro,Europe West,none,1,0
CUST-000409,business,Latin America,none,1,0
CUST-000410,enterprise,Europe East,none,1,0
CUST-000411,business,Latin America,none,1,0
CUST-000412,free,Europe East,none,1,0
CUST-000413,business,North America,none,1,0
CUST-000414,enterprise,North America,none,1,0
CUST-000415,free,Europe West,none,1,0
CUST-000416,free,Europe East,none,1,0
CUST-000417,free,Asia Pacific,none,1,0
CUST-000418,pro,Europe West,none,1,0
CUST-000419,pro,Latin America,none,1,0
CUST-000420,pro,Europe West,none,1,0
CUST-000421,free,Latin America,none,1,0
CUST-000422,business,Asia Pacific,none,1,0
CUST-000423,pro,Europe East,none,1,0
CUST-000424,enterprise,Latin America,none,1,0
CUST-000425,business,Latin America,none,1,0
CUST-000426,pro,Europe East,none,1,0
CUST-000427,free,North America,none,1,0
CUST-000428,business,Asia Pacific,none,1,0
CUST-000429,enterprise,North America,none,1,0
CUST-000430,free,Europe East,none,1,0
CUST-000431,business,Europe East,none,1,0
CUST-000432,business,Europe East,none,1,0
CUST-000433,pro,Europe West,none,1,0
CUST-000434,enterprise,North America,none,1,0
CUST-000435,business,Europe West,none,1,0
CUST-000436,pro,Europe East,none,1,0
CUST-000437,business,Europe East,none,1,0
CUST-000438,pro,Asia Pacific,none,1,0
CUST-000439,enterprise,North America,none,1,0
CUST-000440,business,Europe East,none,1,0
CUST-000441,enterprise,Asia Pacific,none,1,0
CUST-000442,business,Latin America,none,1,0
CUST-000443,business,Latin America,none,1,0
CUST-000444,enterprise,Latin America,none,1,0
CUST-000445,free,Europe East,none,1,0
CUST-000446,pro,North America,none,1,0
CUST-000447,free,North America,none,1,0
CUST-000448,free,Asia Pacific,none,1,0
CUST-000449,pro,Asia Pacific,none,1,0
CUST-000450,pro,Europe East,none,1,0
CUST-000451,enterprise,Europe East,none,1,0
CUST-000452,business,Latin America,none,1,0
CUST-000453,pro,Latin America,none,1,0
CUST-000454,free,Europe West,none,1,0
CUST-000455,business,Latin America,none,1,0
CUST-000456,pro,Europe East,none,1,0
CUST-000457,free,North America,none,1,0
CUST-000458,business,Europe East,none,1,0
CUST-000459,business,Europe East,none,1,0
CUST-000460,free,Asia Pacific,none,1,0
CUST-000461,business,North America,none,1,0
CUST-000462,business,Europe East,none,1,0
CUST-000463,pro,Asia Pacific,none,1,0
CUST-000464,business,Asia Pacific,none,1,0
CUST-000465,pro,Europe East,none,1,0
CUST-000466,free,Europe West,none,1,0
CUST-000467,pro,Asia Pacific,none,1,0
CUST-000468,business,Europe East,none,1,0
CUST-000469,enterprise,Europe East,none,1,0
CUST-000470,business,Europe East,none,1,0
CUST-000471,business,Latin America,none,1,0
CUST-000472,pro,Latin America,none,1,0
CUST-000473,enterprise,Latin America,none,1,0
CUST-000474,enterprise,Asia Pacific,none,1,0
CUST-000475,enterprise,Europe West,none,1,0
CUST-000476,pro,North America,none,1,0
CUST-000477,business,Europe East,none,1,0
CUST-000478,pro,Europe West,none,1,0
CUST-000479,pro,Asia Pacific,none,1,0
CUST-000480,pro,North America,none,1,0
CUST-000481,free,North America,none,1,0
CUST-000482,business,Europe West,none,1,0
CUST-000483,business,Europe West,none,1,0
CUST-000484,enterprise,North America,none,1,0
CUST-000485,free,Europe East,none,1,0
CUST-000486,enterprise,Latin America,none,1,0
CUST-000487,free,Asia Pacific,none,1,0
CUST-000488,pro,Asia Pacific,none,1,0
CUST-000489,enterprise,North America,none,1,0
CUST-000490,business,Asia Pacific,none,1,0
CUST-000491,free,North America,none,1,0
CUST-000492,business,Europe West,none,1,0
CUST-000493,business,Europe East,none,1,0
CUST-000494,enterprise,Europe East,none,1,0
CUST-000495,pro,North America,none,1,0
CUST-000496,pro,North America,none,1,0
CUST-000497,free,North America,none,1,0
CUST-000498,free,Europe East,none,1,0
CUST-000499,business,Europe East,none,1,0
CUST-000500,pro,Europe West,none,1,0
CUST-000501,free,Latin America,none,1,0
CUST-000502,free,Europe West,none,1,0
CUST-000503,pro,Europe East,none,1,0
CUST-000504,business,Europe East,none,1,0
CUST-000505,pro,North America,none,1,0
CUST-000506,enterprise,Latin America,none,1,0
CUST-000507,free,North America,none,1,0
CUST-000508,enterprise,Asia Pacific,none,1,0
CUST-000509,enterprise,Asia Pacific,none,1,0
CUST-000510,free,Latin America,none,1,0
CUST-000511,free,Europe East,none,1,0
CUST-000512,pro,Asia Pacific,none,1,0
CUST-000513,business,Europe West,none,1,0
CUST-000514,business,North America,none,1,0
CUST-000515,business,Latin America,none,1,0
CUST-000516,pro,North America,none,1,0
CUST-000517,enterprise,Asia Pacific,none,1,0
CUST-000518,pro,North America,none,1,0
CUST-000519,business,Latin America,none,1,0
CUST-000520,business,Asia Pacific,none,1,0
CUST-000521,business,Europe West,none,1,0
CUST-000522,business,North America,none,1,0
CUST-000523,enterprise,Asia Pacific,none,1,0
CUST-000524,free,Europe East,none,1,0
CUST-000525,free,Asia Pacific,none,1,0
CUST-000526,enterprise,Europe East,none,1,0
CUST-000527,business,North America,none,1,0
CUST-000528,free,Europe East,none,1,0
CUST-000529,business,Asia Pacific,none,1,0
CUST-000530,enterprise,North America,none,1,0
CUST-000531,free,Europe East,none,1,0
CUST-000532,enterprise,Europe East,none,1,0
CUST-000533,business,Latin America,none,1,0
CUST-000534,enterprise,Europe West,none,1,0
CUST-000535,free,Asia Pacific,none,1,0
CUST-000536,business,Europe East,none,1,0
CUST-000537,enterprise,North America,none,1,0
CUST-000538,business,Asia Pacific,none,1,0
CUST-000539,business,Europe West,none,1,0
CUST-000540,pro,North America,none,1,0
CUST-000541,enterprise,Europe East,none,1,0
CUST-000542,enterprise,Europe East,none,1,0
CUST-000543,pro,Asia Pacific,none,1,0
CUST-000544,business,North America,none,1,0
CUST-000545,free,Europe West,none,1,0
CUST-000546,pro,Europe East,none,1,0
CUST-000547,free,Latin America,none,1,0
CUST-000548,free,Latin America,none,1,0
CUST-000549,business,Asia Pacific,none,1,0
CUST-000550,business,Europe West,none,1,0
CUST-000551,enterprise,Asia Pacific,none,1,0
CUST-000552,free,North America,none,1,0
CUST-000553,free,Europe West,none,1,0
CUST-000554,pro,Asia Pacific,none,1,0
CUST-000555,free,Europe East,none,1,0
CUST-000556,business,Europe West,none,1,0
CUST-000557,free,Asia Pacific,none,1,0
CUST-000558,free,Europe East,none,1,0
CUST-000559,free,Europe West,none,1,0
CUST-000560,free,Latin America,none,1,0
CUST-000561,free,Asia Pacific,none,1,0
CUST-000562,enterprise,Europe East,none,1,0
CUST-000563,pro,North America,none,1,0
CUST-000564,free,Europe West,none,1,0
CUST-000565,free,North America,none,1,0
CUST-000566,business,Europe West,none,1,0
CUST-000567,enterprise,Latin America,none,1,0
CUST-000568,business,Latin America,none,1,0
CUST-000569,pro,Latin America,none,1,0
CUST-000570,pro,Europe West,none,1,0
CUST-000571,business,Europe East,none,1,0
CUST-000572,enterprise,North America,none,1,0
CUST-000573,enterprise,Asia Pacific,none,1,0
CUST-000574,free,Europe East,none,1,0
CUST-000575,pro,Latin America,none,1,0
CUST-000576,pro,Latin America,none,1,0
CUST-000577,pro,North America,none,1,0
CUST-000578,pro,Europe West,none,1,0
CUST-000579,business,Asia Pacific,none,1,0
CUST-000580,pro,North America,none,1,0
CUST-000581,pro,Asia Pacific,none,1,0
CUST-000582,business,Europe West,none,1,0
CUST-000583,free,Europe West,none,1,0
CUST-000584,enterprise,Latin America,none,1,0
CUST-000585,pro,Asia Pacific,none,1,0
CUST-000586,enterprise,Asia Pacific,none,1,0
CUST-000587,pro,Latin America,none,1,0
CUST-000588,free,Asia Pacific,none,1,0
CUST-000589,pro,Asia Pacific,none,1,0
CUST-000590,pro,Latin America,none,1,0
CUST-000591,pro,North America,none,1,0
CUST-000592,free,Europe West,none,1,0
CUST-000593,enterprise,North America,none,1,0
CUST-000594,free,Latin America,none,1,0
CUST-000595,free,Europe East,none,1,0
CUST-000596,pro,Europe East,none,1,0
CUST-000597,free,Europe West,none,1,0
CUST-000598,business,Latin America,none,1,0
CUST-000599,enterprise,Asia Pacific,none,1,0
CUST-000600,pro,Asia Pacific,none,1,0
CUST-000601,free,Europe East,none,1,0
CUST-000602,pro,North America,none,1,0
CUST-000603,enterprise,Europe East,none,1,0
CUST-000604,enterprise,Europe East,none,1,0
CUST-000605,business,Asia Pacific,none,1,0
CUST-000606,pro,Latin America,none,1,0
CUST-000607,free,North America,none,1,0
CUST-000608,business,Europe East,none,1,0
CUST-000609,free,North America,none,1,0
CUST-000610,pro,Latin America,none,1,0
CUST-000611,pro,North America,none,1,0
CUST-000612,enterprise,Asia Pacific,none,1,0
CUST-000613,business,Europe West,none,1,0
CUST-000614,free,Europe West,none,1,0
CUST-000615,enterprise,Asia Pacific,none,1,0
CUST-000616,business,Latin America,none,1,0
CUST-000617,enterprise,Latin America,none,1,0
CUST-000618,pro,North America,none,1,0
CUST-000619,pro,Asia Pacific,none,1,0
CUST-000620,enterprise,Asia Pacific,none,1,0
CUST-000621,free,North America,none,1,0
CUST-000622,enterprise,Latin America,none,1,0
CUST-000623,free,Europe West,none,1,0
CUST-000624,pro,Europe West,none,1,0
CUST-000625,enterprise,Latin America,none,1,0
CUST-000626,pro,North America,none,1,0
CUST-000627,pro,North America,none,1,0
CUST-000628,business,Asia Pacific,none,1,0
CUST-000629,business,North America,none,1,0
CUST-000630,business,Latin America,none,1,0
CUST-000631,pro,Europe West,none,1,0
CUST-000632,business,Europe East,none,1,0
CUST-000633,enterprise,Latin America,none,1,0
CUST-000634,pro,North America,none,1,0
CUST-000635,pro,Latin America,none,1,0
CUST-000636,business,Asia Pacific,none,1,0
CUST-000637,free,Europe East,none,1,0
CUST-000638,enterprise,Asia Pacific,none,1,0
CUST-000639,pro,Europe West,none,1,0
CUST-000640,pro,Europe West,none,1,0
CUST-000641,free,Latin America,none,1,0
CUST-000642,free,North America,none,1,0
CUST-000643,free,Latin America,none,1,0
CUST-000644,enterprise,Europe East,none,1,0
CUST-000645,business,Europe East,none,1,0
CUST-000646,business,Europe West,none,1,0
CUST-000647,pro,Asia Pacific,none,1,0
CUST-000648,enterprise,Latin America,none,1,0
CUST-000649,enterprise,North America,none,1,0
CUST-000650,enterprise,Europe East,none,1,0
CUST-000651,business,Europe East,none,1,0
CUST-000652,business,Europe West,none,1,0
CUST-000653,pro,Asia Pacific,none,1,0
CUST-000654,free,Europe West,none,1,0
CUST-000655,pro,Latin America,none,1,0
CUST-000656,business,Latin America,none,1,0
CUST-000657,business,Europe West,none,1,0
CUST-000658,business,Europe West,none,1,0
CUST-000659,business,Asia Pacific,none,1,0
CUST-000660,enterprise,Europe East,none,1,0
CUST-000661,enterprise,Europe East,none,1,0
CUST-000662,enterprise,Europe West,none,1,0
CUST-000663,business,Asia Pacific,none,1,0
CUST-000664,pro,Europe West,none,1,0
CUST-000665,pro,Europe West,none,1,0
CUST-000666,pro,Europe East,none,1,0
CUST-000667,business,Asia Pacific,none,1,0
CUST-000668,pro,Asia Pacific,none,1,0
CUST-000669,business,Europe East,none,1,0
CUST-000670,business,Europe West,none,1,0
CUST-000671,pro,North America,none,1,0
CUST-000672,free,Europe West,none,1,0
CUST-000673,enterprise,Asia Pacific,none,1,0
CUST-000674,business,Europe East,none,1,0
CUST-000675,business,Europe West,none,1,0
CUST-000676,pro,Asia Pacific,none,1,0
CUST-000677,business,Europe East,none,1,0
CUST-000678,free,Europe West,none,1,0
CUST-000679,pro,Latin America,none,1,0
CUST-000680,pro,Asia Pacific,none,1,0
CUST-000681,enterprise,Europe West,none,1,0
CUST-000682,enterprise,Europe West,none,1,0
CUST-000683,pro,Europe East,none,1,0
CUST-000684,pro,Europe East,none,1,0
CUST-000685,business,Europe East,none,1,0
CUST-000686,pro,Europe East,none,1,0
CUST-000687,free,Europe West,none,1,0
CUST-000688,free,Europe East,none,1,0
CUST-000689,pro,North America,none,1,0
CUST-000690,free,Asia Pacific,none,1,0
CUST-000691,pro,Europe East,none,1,0
CUST-000692,pro,Europe East,none,1,0
CUST-000693,pro,North America,none,1,0
CUST-000694,business,Asia Pacific,none,1,0
CUST-000695,pro,Europe East,none,1,0
CUST-000696,pro,North America,none,1,0
CUST-000697,pro,Asia Pacific,none,1,0
CUST-000698,pro,Europe West,none,1,0
CUST-000699,pro,Asia Pacific,none,1,0
CUST-000700,free,Europe East,none,1,0
CUST-000701,business,Europe West,none,1,0
CUST-000702,business,Europe East,none,1,0
CUST-000703,pro,Europe East,none,1,0
CUST-000704,pro,Europe West,none,1,0
CUST-000705,business,Latin America,none,1,0
CUST-000706,business,Europe East,none,1,0
CUST-000707,enterprise,North America,none,1,0
CUST-000708,business,Europe East,none,1,0
CUST-000709,business,North America,none,1,0
CUST-000710,free,Latin America,none,1,0
CUST-000711,pro,Latin America,none,1,0
CUST-000712,enterprise,Latin America,none,1,0
CUST-000713,pro,Asia Pacific,none,1,0
CUST-000714,enterprise,Europe East,none,1,0
CUST-000715,pro,Europe West,none,1,0
CUST-000716,free,North America,none,1,0
CUST-000717,pro,Europe East,none,1,0
CUST-000718,pro,Latin America,none,1,0
CUST-000719,pro,Asia Pacific,none,1,0
CUST-000720,pro,Latin America,none,1,0
CUST-000721,pro,Europe East,none,1,0
CUST-000722,pro,Europe West,none,1,0
CUST-000723,enterprise,Latin America,none,1,0
CUST-000724,business,North America,none,1,0
CUST-000725,free,North America,none,1,0
CUST-000726,pro,Europe East,none,1,0
CUST-000727,business,Europe West,none,1,0
CUST-000728,business,North America,none,1,0
CUST-000729,pro,Europe East,none,1,0
CUST-000730,business,Europe East,none,1,0
CUST-000731,pro,Asia Pacific,none,1,0
CUST-000732,free,Europe West,none,1,0
CUST-000733,business,Latin America,none,1,0
CUST-000734,free,Europe East,none,1,0
CUST-000735,pro,Latin America,none,1,0
CUST-000736,business,Europe West,none,1,0
CUST-000737,free,Latin America,none,1,0
CUST-000738,business,North America,none,1,0
CUST-000739,free,Europe West,none,1,0
CUST-000740,business,Latin America,none,1,0
CUST-000741,business,Europe East,none,1,0
CUST-000742,pro,Europe East,none,1,0
CUST-000743,business,Asia Pacific,none,1,0
CUST-000744,business,Asia Pacific,none,1,0
CUST-000745,free,North America,none,1,0
CUST-000746,pro,Asia Pacific,none,1,0
CUST-000747,enterprise,Europe West,none,1,0
CUST-000748,free,Asia Pacific,none,1,0
CUST-000749,pro,Europe West,none,1,0
CUST-000750,enterprise,Europe East,none,1,0
CUST-000751,pro,Europe West,none,1,0
CUST-000752,free,Europe West,none,1,0
CUST-000753,pro,North America,none,1,0
CUST-000754,pro,North America,none,1,0
CUST-000755,pro,Latin America,none,1,0
CUST-000756,business,Europe West,none,1,0
CUST-000757,enterprise,Latin America,none,1,0
CUST-000758,business,Europe East,none,1,0
CUST-000759,business,North America,none,1,0
CUST-000760,pro,Asia Pacific,none,1,0
CUST-000761,pro,North America,none,1,0
CUST-000762,enterprise,Europe East,none,1,0
CUST-000763,free,Europe East,none,1,0
CUST-000764,free,North America,none,1,0
CUST-000765,business,Europe West,none,1,0
CUST-000766,business,Europe West,none,1,0
CUST-000767,free,Asia Pacific,none,1,0
CUST-000768,free,North America,none,1,0
CUST-000769,pro,Europe West,none,1,0
CUST-000770,free,Latin America,none,1,0
CUST-000771,enterprise,North America,none,1,0
CUST-000772,free,Asia Pacific,none,1,0
CUST-000773,pro,North America,none,1,0
CUST-000774,enterprise,North America,none,1,0
CUST-000775,enterprise,Asia Pacific,none,1,0
CUST-000776,business,Asia Pacific,none,1,0
CUST-000777,pro,Europe East,none,1,0
CUST-000778,pro,North America,none,1,0
CUST-000779,business,Asia Pacific,none,1,0
CUST-000780,business,Europe East,none,1,0
CUST-000781,pro,Europe West,none,1,0
CUST-000782,business,Latin America,none,1,0
CUST-000783,pro,Asia Pacific,none,1,0
CUST-000784,business,Asia Pacific,none,1,0
CUST-000785,business,North America,none,1,0
CUST-000786,business,Asia Pacific,none,1,0
CUST-000787,business,Latin America,none,1,0
CUST-000788,pro,Europe East,none,1,0
CUST-000789,free,Asia Pacific,none,1,0
CUST-000790,enterprise,Asia Pacific,none,1,0
CUST-000791,enterprise,Europe East,none,1,0
CUST-000792,business,Latin America,none,1,0
CUST-000793,free,Europe West,none,1,0
CUST-000794,enterprise,North America,none,1,0
CUST-000795,free,Asia Pacific,none,1,0
CUST-000796,business,Latin America,none,1,0
CUST-000797,pro,North America,none,1,0
CUST-000798,enterprise,Asia Pacific,none,1,0
CUST-000799,enterprise,Europe East,none,1,0
CUST-000800,business,North America,none,1,0
CUST-000801,free,Latin America,none,1,0
CUST-000802,pro,North America,none,1,0
CUST-000803,pro,Europe East,none,1,0
CUST-000804,enterprise,Latin America,none,1,0
CUST-000805,enterprise,North America,none,1,0
CUST-000806,enterprise,Europe East,none,1,0
CUST-000807,business,Europe West,none,1,0
CUST-000808,business,Latin America,none,1,0
CUST-000809,business,Asia Pacific,none,1,0
CUST-000810,free,Latin America,none,1,0
CUST-000811,business,Europe West,none,1,0
CUST-000812,pro,Asia Pacific,none,1,0
CUST-000813,pro,Europe West,none,1,0
CUST-000814,pro,Europe East,none,1,0
CUST-000815,business,North America,none,1,0
CUST-000816,pro,Latin America,none,1,0
CUST-000817,business,North America,none,1,0
CUST-000818,free,North America,none,1,0
CUST-000819,pro,Europe West,none,1,0
CUST-000820,enterprise,Europe West,none,1,0
CUST-000821,pro,Europe East,none,1,0
CUST-000822,free,Asia Pacific,none,1,0
CUST-000823,business,Latin America,none,1,0
CUST-000824,free,North America,none,1,0
CUST-000825,business,Europe East,none,1,0
CUST-000826,free,Europe West,none,1,0
CUST-000827,business,Europe East,none,1,0
CUST-000828,business,Europe West,none,1,0
CUST-000829,pro,Europe East,none,1,0
CUST-000830,pro,Latin America,none,1,0
CUST-000831,free,Europe West,none,1,0
CUST-000832,free,Europe East,none,1,0
CUST-000833,pro,Europe West,none,1,0
CUST-000834,business,North America,none,1,0
CUST-000835,enterprise,Latin America,none,1,0
CUST-000836,pro,Asia Pacific,none,1,0
CUST-000837,pro,North America,none,1,0
CUST-000838,free,Europe East,none,1,0
CUST-000839,pro,North America,none,1,0
CUST-000840,free,Asia Pacific,none,1,0
CUST-000841,business,North America,none,1,0
CUST-000842,business,Europe West,none,1,0
CUST-000843,enterprise,North America,none,1,0
CUST-000844,pro,Asia Pacific,none,1,0
CUST-000845,business,North America,none,1,0
CUST-000846,pro,Europe East,none,1,0
CUST-000847,business,Europe West,none,1,0
CUST-000848,pro,Europe West,none,1,0
CUST-000849,free,Latin America,none,1,0
CUST-000850,pro,Europe East,none,1,0
CUST-000851,free,Europe West,none,1,0
CUST-000852,pro,Latin America,none,1,0
CUST-000853,business,Europe East,none,1,0
CUST-000854,free,Latin America,none,1,0
CUST-000855,free,Latin America,none,1,0
CUST-000856,free,Europe West,none,1,0
CUST-000857,pro,Europe West,none,1,0
CUST-000858,enterprise,Europe West,none,1,0
CUST-000859,enterprise,Latin America,none,1,0
CUST-000860,free,Latin America,none,1,0
CUST-000861,free,North America,none,1,0
CUST-000862,enterprise,Europe West,none,1,0
CUST-000863,business,North America,none,1,0
CUST-000864,pro,Asia Pacific,none,1,0
CUST-000865,pro,Asia Pacific,none,1,0
CUST-000866,free,North America,none,1,0
CUST-000867,enterprise,Europe West,none,1,0
CUST-000868,pro,Europe West,none,1,0
CUST-000869,pro,Latin America,none,1,0
CUST-000870,business,North America,none,1,0
CUST-000871,enterprise,North America,none,1,0
CUST-000872,enterprise,North America,none,1,0
CUST-000873,free,Europe West,none,1,0
CUST-000874,business,North America,none,1,0
CUST-000875,business,Asia Pacific,none,1,0
CUST-000876,enterprise,Europe West,none,1,0
CUST-000877,business,Latin America,none,1,0
CUST-000878,business,North America,none,1,0
CUST-000879,business,Europe West,none,1,0
CUST-000880,business,Europe West,none,1,0
CUST-000881,business,Europe East,none,1,0
CUST-000882,business,Europe East,none,1,0
CUST-000883,pro,North America,none,1,0
CUST-000884,business,North America,none,1,0
CUST-000885,free,Europe West,none,1,0
CUST-000886,enterprise,Asia Pacific,none,1,0
CUST-000887,business,Asia Pacific,none,1,0
CUST-000888,business,North America,none,1,0
CUST-000889,pro,Latin America,none,1,0
CUST-000890,free,Europe East,none,1,0
CUST-000891,pro,Latin America,none,1,0
CUST-000892,free,Latin America,none,1,0
CUST-000893,business,Asia Pacific,none,1,0
CUST-000894,business,Europe West,none,1,0
CUST-000895,pro,Latin America,none,1,0
CUST-000896,free,Europe East,none,1,0
CUST-000897,business,Asia Pacific,none,1,0
CUST-000898,enterprise,Latin America,none,1,0
CUST-000899,enterprise,Asia Pacific,none,1,0
CUST-000900,pro,North America,none,1,0
CUST-000901,free,Europe East,none,1,0
CUST-000902,pro,Europe West,none,1,0
CUST-000903,pro,North America,none,1,0
CUST-000904,business,Asia Pacific,none,1,0
CUST-000905,pro,Europe East,none,1,0
CUST-000906,free,Latin America,none,1,0
CUST-000907,pro,North America,none,1,0
CUST-000908,free,Europe West,none,1,0
CUST-000909,enterprise,North America,none,1,0
CUST-000910,enterprise,North America,none,1,0
CUST-000911,business,Asia Pacific,none,1,0
CUST-000912,business,North America,none,1,0
CUST-000913,business,Asia Pacific,none,1,0
CUST-000914,business,Europe West,none,1,0
CUST-000915,pro,Latin America,none,1,0
CUST-000916,business,North America,none,1,0
CUST-000917,pro,North America,none,1,0
CUST-000918,business,North America,none,1,0
CUST-000919,business,Latin America,none,1,0
CUST-000920,enterprise,Europe West,none,1,0
CUST-000921,business,North America,none,1,0
CUST-000922,pro,Europe West,none,1,0
CUST-000923,pro,Latin America,none,1,0
CUST-000924,free,Europe East,none,1,0
CUST-000925,enterprise,Asia Pacific,none,1,0
CUST-000926,business,Europe West,none,1,0
CUST-000927,free,Europe West,none,1,0
CUST-000928,pro,Europe West,none,1,0
CUST-000929,pro,Latin America,none,1,0
CUST-000930,free,North America,none,1,0
CUST-000931,free,Europe East,none,1,0
CUST-000932,business,Europe East,none,1,0
CUST-000933,pro,North America,none,1,0
CUST-000934,pro,Europe West,none,1,0
CUST-000935,enterprise,Europe West,none,1,0
CUST-000936,business,Europe East,none,1,0
CUST-000937,enterprise,North America,none,1,0
CUST-000938,enterprise,Latin America,none,1,0
CUST-000939,free,North America,none,1,0
CUST-000940,enterprise,Europe West,none,1,0
CUST-000941,free,Latin America,none,1,0
CUST-000942,pro,North America,none,1,0
CUST-000943,business,Asia Pacific,none,1,0
CUST-000944,free,Europe East,none,1,0
CUST-000945,enterprise,Latin America,none,1,0
CUST-000946,pro,Europe East,none,1,0
CUST-000947,pro,Europe East,none,1,0
CUST-000948,business,Europe West,none,1,0
CUST-000949,pro,Asia Pacific,none,1,0
CUST-000950,free,Latin America,none,1,0
CUST-000951,pro,Europe West,none,1,0
CUST-000952,business,Asia Pacific,none,1,0
CUST-000953,pro,Asia Pacific,none,1,0
CUST-000954,business,Europe West,none,1,0
CUST-000955,business,Asia Pacific,none,1,0
CUST-000956,enterprise,Latin America,none,1,0
CUST-000957,free,Latin America,none,1,0
CUST-000958,pro,North America,none,1,0
CUST-000959,enterprise,Latin America,none,1,0
CUST-000960,pro,Latin America,none,1,0
CUST-000961,pro,Europe East,none,1,0
CUST-000962,pro,Europe East,none,1,0
CUST-000963,pro,Latin America,none,1,0
CUST-000964,business,Europe East,none,1,0
CUST-000965,pro,North America,none,1,0
CUST-000966,business,Europe West,none,1,0
CUST-000967,free,Latin America,none,1,0
CUST-000968,business,Latin America,none,1,0
CUST-000969,enterprise,Europe East,none,1,0
CUST-000970,business,North America,none,1,0
CUST-000971,pro,Europe East,none,1,0
CUST-000972,business,Europe West,none,1,0
CUST-000973,business,North America,none,1,0
CUST-000974,business,Europe East,none,1,0
CUST-000975,enterprise,Asia Pacific,none,1,0
CUST-000976,free,Asia Pacific,none,1,0
CUST-000977,enterprise,Europe East,none,1,0
CUST-000978,business,Europe East,none,1,0
CUST-000979,free,Europe West,none,1,0
CUST-000980,enterprise,Asia Pacific,none,1,0
CUST-000981,free,Latin America,none,1,0
CUST-000982,business,Asia Pacific,none,1,0
CUST-000983,business,Asia Pacific,none,1,0
CUST-000984,pro,North America,none,1,0
CUST-000985,free,Europe West,none,1,0
CUST-000986,business,Asia Pacific,none,1,0
CUST-000987,business,Latin America,none,1,0
CUST-000988,enterprise,Latin America,none,1,0
CUST-000989,enterprise,Latin America,none,1,0
CUST-000990,enterprise,Latin America,none,1,0
CUST-000991,pro,North America,none,1,0
CUST-000992,pro,Europe West,none,1,0
CUST-000993,pro,Asia Pacific,none,1,0
CUST-000994,free,North America,none,1,0
CUST-000995,free,Latin America,none,1,0
CUST-000996,business,Europe West,none,1,0
CUST-000997,pro,Europe West,none,1,0
CUST-000998,pro,North America,none,1,0
CUST-000999,pro,North America,none,1,0
CUST-001000,business,Europe East,none,1,0
CUST-001001,pro,Asia Pacific,none,1,0
CUST-001002,pro,Latin America,none,1,0
CUST-001003,enterprise,Asia Pacific,none,1,0
CUST-001004,business,Europe East,none,1,0
CUST-001005,business,Europe West,none,1,0
CUST-001006,enterprise,Europe West,none,1,0
CUST-001007,free,Latin America,none,1,0
CUST-001008,business,Latin America,none,1,0
CUST-001009,enterprise,North America,none,1,0
CUST-001010,pro,Asia Pacific,none,1,0
CUST-001011,pro,Europe East,none,1,0
CUST-001012,pro,Europe West,none,1,0
CUST-001013,business,Latin America,none,1,0
CUST-001014,pro,North America,none,1,0
CUST-001015,business,North America,none,1,0
CUST-001016,free,Europe East,none,1,0
CUST-001017,pro,North America,none,1,0
CUST-001018,business,Latin America,none,1,0
CUST-001019,free,Europe West,none,1,0
CUST-001020,pro,Latin America,none,1,0
CUST-001021,free,North America,none,1,0
CUST-001022,business,Europe East,none,1,0
CUST-001023,business,Europe West,none,1,0
CUST-001024,free,Europe East,none,1,0
CUST-001025,enterprise,North America,none,1,0
CUST-001026,business,Europe East,none,1,0
CUST-001027,pro,Europe West,none,1,0
CUST-001028,pro,Europe East,none,1,0
CUST-001029,enterprise,Latin America,none,1,0
CUST-001030,business,Latin America,none,1,0
CUST-001031,enterprise,Asia Pacific,none,1,0
CUST-001032,enterprise,Asia Pacific,none,1,0
CUST-001033,enterprise,Asia Pacific,none,1,0
CUST-001034,enterprise,Latin America,none,1,0
CUST-001035,business,Asia Pacific,none,1,0
CUST-001036,pro,Asia Pacific,none,1,0
CUST-001037,business,Europe East,none,1,0
CUST-001038,pro,Latin America,none,1,0
CUST-001039,pro,Europe West,none,1,0
CUST-001040,business,Latin America,none,1,0
CUST-001041,pro,North America,none,1,0
CUST-001042,pro,Europe East,none,1,0
CUST-001043,pro,Asia Pacific,none,1,0
CUST-001044,enterprise,Asia Pacific,none,1,0
CUST-001045,free,North America,none,1,0
CUST-001046,enterprise,Europe East,none,1,0
CUST-001047,business,Latin America,none,1,0
CUST-001048,free,Latin America,none,1,0
CUST-001049,business,North America,none,1,0
CUST-001050,pro,Europe West,none,1,0
CUST-001051,business,North America,none,1,0
CUST-001052,pro,Asia Pacific,none,1,0
CUST-001053,free,Asia Pacific,none,1,0
CUST-001054,enterprise,North America,none,1,0
CUST-001055,pro,North America,none,1,0
CUST-001056,business,Europe East,none,1,0
CUST-001057,enterprise,Latin America,none,1,0
CUST-001058,pro,Asia Pacific,none,1,0
CUST-001059,free,Asia Pacific,none,1,0
CUST-001060,pro,Europe East,none,1,0
CUST-001061,enterprise,Europe East,none,1,0
CUST-001062,enterprise,North America,none,1,0
CUST-001063,pro,Asia Pacific,none,1,0
CUST-001064,business,Europe West,none,1,0
CUST-001065,business,North America,none,1,0
CUST-001066,free,Europe West,none,1,0
CUST-001067,business,Asia Pacific,none,1,0
CUST-001068,free,North America,none,1,0
CUST-001069,business,North America,none,1,0
CUST-001070,pro,Europe West,none,1,0
CUST-001071,business,Asia Pacific,none,1,0
CUST-001072,pro,Europe East,none,1,0
CUST-001073,pro,Latin America,none,1,0
CUST-001074,free,Asia Pacific,none,1,0
CUST-001075,enterprise,Asia Pacific,none,1,0
CUST-001076,enterprise,Latin America,none,1,0
CUST-001077,business,Latin America,none,1,0
CUST-001078,business,Asia Pacific,none,1,0
CUST-001079,business,Europe West,none,1,0
CUST-001080,business,Latin America,none,1,0
CUST-001081,free,Asia Pacific,none,1,0
CUST-001082,enterprise,Latin America,none,1,0
CUST-001083,enterprise,Europe East,none,1,0
CUST-001084,enterprise,Europe West,none,1,0
CUST-001085,business,Asia Pacific,none,1,0
CUST-001086,business,Latin America,none,1,0
CUST-001087,pro,North America,none,1,0
CUST-001088,business,Europe East,none,1,0
CUST-001089,business,Europe East,none,1,0
CUST-001090,enterprise,Europe East,none,1,0
CUST-001091,business,North America,none,1,0
CUST-001092,business,Europe East,none,1,0
CUST-001093,pro,Europe West,none,1,0
CUST-001094,business,Europe West,none,1,0
CUST-001095,pro,Asia Pacific,none,1,0
CUST-001096,free,Europe West,none,1,0
CUST-001097,free,Europe East,none,1,0
CUST-001098,free,Latin America,none,1,0
CUST-001099,business,North America,none,1,0
CUST-001100,pro,Asia Pacific,none,1,0
CUST-001101,business,North America,none,1,0
CUST-001102,business,Europe East,none,1,0
CUST-001103,enterprise,Latin America,none,1,0
CUST-001104,business,Asia Pacific,none,1,0
CUST-001105,pro,North America,none,1,0
CUST-001106,enterprise,Europe East,none,1,0
CUST-001107,business,Europe East,none,1,0
CUST-001108,pro,North America,none,1,0
CUST-001109,business,North America,none,1,0
CUST-001110,business,North America,none,1,0
CUST-001111,enterprise,Latin America,none,1,0
CUST-001112,pro,Latin America,none,1,0
CUST-001113,free,Latin America,none,1,0
CUST-001114,business,Latin America,none,1,0
CUST-001115,free,North America,none,1,0
CUST-001116,enterprise,North America,none,1,0
CUST-001117,pro,Latin America,none,1,0
CUST-001118,enterprise,Europe West,none,1,0
CUST-001119,pro,Latin America,none,1,0
CUST-001120,business,Europe West,none,1,0
CUST-001121,free,Europe West,none,1,0
CUST-001122,business,North America,none,1,0
CUST-001123,pro,Europe West,none,1,0
CUST-001124,enterprise,Asia Pacific,none,1,0
CUST-001125,free,Asia Pacific,none,1,0
CUST-001126,business,North America,none,1,0
CUST-001127,business,Europe West,none,1,0
CUST-001128,enterprise,North America,none,1,0
CUST-001129,business,Europe West,none,1,0
CUST-001130,enterprise,Asia Pacific,none,1,0
CUST-001131,pro,Asia Pacific,none,1,0
CUST-001132,pro,Asia Pacific,none,1,0
CUST-001133,business,Latin America,none,1,0
CUST-001134,business,Asia Pacific,none,1,0
CUST-001135,enterprise,Europe East,none,1,0
CUST-001136,pro,Europe West,none,1,0
CUST-001137,business,Europe West,none,1,0
CUST-001138,pro,Europe West,none,1,0
CUST-001139,business,North America,none,1,0
CUST-001140,enterprise,North America,none,1,0
CUST-001141,enterprise,Europe West,none,1,0
CUST-001142,enterprise,North America,none,1,0
CUST-001143,free,Europe East,none,1,0
CUST-001144,business,Europe East,none,1,0
CUST-001145,business,Europe East,none,1,0
CUST-001146,pro,Latin America,none,1,0
CUST-001147,pro,Europe East,none,1,0
CUST-001148,pro,Asia Pacific,none,1,0
CUST-001149,free,Europe West,none,1,0
CUST-001150,enterprise,North America,none,1,0
CUST-001151,pro,Europe West,none,1,0
CUST-001152,free,Latin America,none,1,0
CUST-001153,pro,Latin America,none,1,0
CUST-001154,pro,Europe West,none,1,0
CUST-001155,free,Latin America,none,1,0
CUST-001156,enterprise,Latin America,none,1,0
CUST-001157,pro,Europe East,none,1,0
CUST-001158,pro,Europe East,none,1,0
CUST-001159,business,North America,none,1,0
CUST-001160,enterprise,Latin America,none,1,0
CUST-001161,business,Europe East,none,1,0
CUST-001162,pro,Asia Pacific,none,1,0
CUST-001163,enterprise,Europe East,none,1,0
CUST-001164,business,Europe West,none,1,0
CUST-001165,business,Europe West,none,1,0
CUST-001166,business,Europe East,none,1,0
CUST-001167,pro,North America,none,1,0
CUST-001168,free,Europe West,none,1,0
CUST-001169,pro,North America,none,1,0
CUST-001170,pro,Latin America,none,1,0
CUST-001171,business,Latin America,none,1,0
CUST-001172,business,Europe West,none,1,0
CUST-001173,business,Asia Pacific,none,1,0
CUST-001174,business,Latin America,none,1,0
CUST-001175,business,Asia Pacific,none,1,0
CUST-001176,pro,Asia Pacific,none,1,0
CUST-001177,pro,Latin America,none,1,0
CUST-001178,pro,Europe East,none,1,0
CUST-001179,enterprise,Latin America,none,1,0
CUST-001180,business,Europe West,none,1,0
CUST-001181,pro,Latin America,none,1,0
CUST-001182,pro,North America,none,1,0
CUST-001183,business,Asia Pacific,none,1,0
CUST-001184,business,Europe East,none,1,0
CUST-001185,business,Latin America,none,1,0
CUST-001186,pro,Europe East,none,1,0
CUST-001187,free,North America,none,1,0
CUST-001188,pro,Europe East,none,1,0
CUST-001189,enterprise,Latin America,none,1,0
CUST-001190,pro,Latin America,none,1,0
CUST-001191,business,Latin America,none,1,0
CUST-001192,enterprise,Asia Pacific,none,1,0
CUST-001193,enterprise,Latin America,none,1,0
CUST-001194,business,North America,none,1,0
CUST-001195,free,Europe East,none,1,0
CUST-001196,pro,Asia Pacific,none,1,0
CUST-001197,business,Europe West,none,1,0
CUST-001198,enterprise,North America,none,1,0
CUST-001199,pro,Europe East,none,1,0
CUST-001200,pro,Europe West,none,1,0
CUST-001201,free,Europe East,none,1,0
CUST-001202,pro,North America,none,1,0
CUST-001203,pro,North America,none,1,0
CUST-001204,pro,Europe East,none,1,0
CUST-001205,free,Asia Pacific,none,1,0
CUST-001206,enterprise,Asia Pacific,none,1,0
CUST-001207,pro,Asia Pacific,none,1,0
CUST-001208,business,Europe West,none,1,0
CUST-001209,free,Europe West,none,1,0
CUST-001210,free,Europe East,none,1,0
CUST-001211,free,North America,none,1,0
CUST-001212,business,Europe East,none,1,0
CUST-001213,enterprise,North America,none,1,0
CUST-001214,business,Europe East,none,1,0
CUST-001215,business,Europe West,none,1,0
CUST-001216,pro,Europe East,none,1,0
CUST-001217,pro,Europe East,none,1,0
CUST-001218,free,Latin America,none,1,0
CUST-001219,free,North America,none,1,0
CUST-001220,enterprise,North America,none,1,0
CUST-001221,business,Europe East,none,1,0
CUST-001222,pro,North America,none,1,0
CUST-001223,enterprise,Asia Pacific,none,1,0
CUST-001224,free,Europe East,none,1,0
CUST-001225,business,Europe East,none,1,0
CUST-001226,business,Europe East,none,1,0
CUST-001227,enterprise,Europe West,none,1,0
CUST-001228,business,Latin America,none,1,0
CUST-001229,free,Latin America,none,1,0
CUST-001230,business,Europe East,none,1,0
CUST-001231,enterprise,Latin America,none,1,0
CUST-001232,business,Europe West,none,1,0
CUST-001233,business,Europe East,none,1,0
CUST-001234,enterprise,Asia Pacific,none,1,0
CUST-001235,business,Europe West,none,1,0
CUST-001236,business,North America,none,1,0
CUST-001237,business,Asia Pacific,none,1,0
CUST-001238,free,Europe East,none,1,0
CUST-001239,enterprise,Europe West,none,1,0
CUST-001240,pro,North America,none,1,0
CUST-001241,free,Europe East,none,1,0
CUST-001242,business,Latin America,none,1,0
CUST-001243,business,Asia Pacific,none,1,0
CUST-001244,pro,Europe West,none,1,0
CUST-001245,business,North America,none,1,0
CUST-001246,business,Europe West,none,1,0
CUST-001247,free,Latin America,none,1,0
CUST-001248,free,Latin America,none,1,0
CUST-001249,enterprise,Europe East,none,1,0
CUST-001250,business,Latin America,none,1,0
CUST-001251,pro,Latin America,none,1,0
CUST-001252,pro,North America,none,1,0
CUST-001253,business,Europe West,none,1,0
CUST-001254,pro,Europe West,none,1,0
CUST-001255,pro,Europe West,none,1,0
CUST-001256,business,Latin America,none,1,0
CUST-001257,business,Asia Pacific,none,1,0
CUST-001258,pro,Latin America,none,1,0
CUST-001259,free,Europe West,none,1,0
CUST-001260,enterprise,Latin America,none,1,0
CUST-001261,enterprise,Asia Pacific,none,1,0
CUST-001262,pro,Latin America,none,1,0
CUST-001263,business,Europe East,none,1,0
CUST-001264,business,Latin America,none,1,0
CUST-001265,business,North America,none,1,0
CUST-001266,enterprise,North America,none,1,0
CUST-001267,enterprise,Asia Pacific,none,1,0
CUST-001268,pro,Europe West,none,1,0
CUST-001269,enterprise,Asia Pacific,none,1,0
CUST-001270,pro,Latin America,none,1,0
CUST-001271,enterprise,Latin America,none,1,0
CUST-001272,pro,Europe East,none,1,0
CUST-001273,pro,Latin America,none,1,0
CUST-001274,business,Asia Pacific,none,1,0
CUST-001275,pro,Europe East,none,1,0
CUST-001276,pro,Asia Pacific,none,1,0
CUST-001277,business,Europe West,none,1,0
CUST-001278,pro,Europe West,none,1,0
CUST-001279,free,North America,none,1,0
CUST-001280,pro,Europe West,none,1,0
CUST-001281,enterprise,Latin America,none,1,0
CUST-001282,free,Europe East,none,1,0
CUST-001283,pro,Asia Pacific,none,1,0
CUST-001284,free,Europe East,none,1,0
CUST-001285,pro,Europe West,none,1,0
CUST-001286,enterprise,Asia Pacific,none,1,0
CUST-001287,free,North America,none,1,0
CUST-001288,business,Europe West,none,1,0
CUST-001289,enterprise,Latin America,none,1,0
CUST-001290,business,North America,none,1,0
CUST-001291,free,North America,none,1,0
CUST-001292,free,Asia Pacific,none,1,0
CUST-001293,business,Europe East,none,1,0
CUST-001294,business,Asia Pacific,none,1,0
CUST-001295,business,Latin America,none,1,0
CUST-001296,enterprise,Europe West,none,1,0
CUST-001297,free,Asia Pacific,none,1,0
CUST-001298,business,Asia Pacific,none,1,0
CUST-001299,pro,North America,none,1,0
CUST-001300,business,North America,none,1,0
CUST-001301,business,Europe West,none,1,0
CUST-001302,business,North America,none,1,0
CUST-001303,business,Asia Pacific,none,1,0
CUST-001304,free,North America,none,1,0
CUST-001305,business,Latin America,none,1,0
CUST-001306,pro,Asia Pacific,none,1,0
CUST-001307,business,North America,none,1,0
CUST-001308,pro,Asia Pacific,none,1,0
CUST-001309,pro,Europe West,none,1,0
CUST-001310,enterprise,Europe West,none,1,0
CUST-001311,business,Latin America,none,1,0
CUST-001312,business,Latin America,none,1,0
CUST-001313,business,Europe East,none,1,0
CUST-001314,business,Latin America,none,1,0
CUST-001315,pro,Latin America,none,1,0
CUST-001316,enterprise,Asia Pacific,none,1,0
CUST-001317,business,Europe East,none,1,0
CUST-001318,free,Europe East,none,1,0
CUST-001319,pro,Asia Pacific,none,1,0
CUST-001320,business,Europe West,none,1,0
CUST-001321,business,Asia Pacific,none,1,0
CUST-001322,business,Europe East,none,1,0
CUST-001323,enterprise,Europe East,none,1,0
CUST-001324,free,Europe West,none,1,0
CUST-001325,free,Europe East,none,1,0
CUST-001326,business,Latin America,none,1,0
CUST-001327,pro,Latin America,none,1,0
CUST-001328,business,Asia Pacific,none,1,0
CUST-001329,business,Europe West,none,1,0
CUST-001330,business,Asia Pacific,none,1,0
CUST-001331,business,Asia Pacific,none,1,0
CUST-001332,pro,Europe East,none,1,0
CUST-001333,enterprise,Europe West,none,1,0
CUST-001334,pro,North America,none,1,0
CUST-001335,business,North America,none,1,0
CUST-001336,free,Asia Pacific,none,1,0
CUST-001337,pro,North America,none,1,0
CUST-001338,pro,Europe West,none,1,0
CUST-001339,business,North America,none,1,0
CUST-001340,free,Europe West,none,1,0
CUST-001341,enterprise,Europe West,none,1,0
CUST-001342,free,Europe West,none,1,0
CUST-001343,business,North America,none,1,0
CUST-001344,enterprise,North America,none,1,0
CUST-001345,enterprise,North America,none,1,0
CUST-001346,enterprise,Europe West,none,1,0
CUST-001347,pro,North America,none,1,0
CUST-001348,business,Europe West,none,1,0
CUST-001349,free,Latin America,none,1,0
CUST-001350,enterprise,Latin America,none,1,0
CUST-001351,enterprise,Latin America,none,1,0
CUST-001352,free,Europe East,none,1,0
CUST-001353,pro,Latin America,none,1,0
CUST-001354,pro,Europe East,none,1,0
CUST-001355,enterprise,Asia Pacific,none,1,0
CUST-001356,pro,North America,none,1,0
CUST-001357,enterprise,North America,none,1,0
CUST-001358,enterprise,Europe West,none,1,0
CUST-001359,enterprise,Europe West,none,1,0
CUST-001360,pro,Europe East,none,1,0
CUST-001361,enterprise,Europe West,none,1,0
CUST-001362,free,Europe East,none,1,0
CUST-001363,pro,Latin America,none,1,0
CUST-001364,business,Europe East,none,1,0
CUST-001365,enterprise,North America,none,1,0
CUST-001366,business,Latin America,none,1,0
CUST-001367,business,Asia Pacific,none,1,0
CUST-001368,business,Asia Pacific,none,1,0
CUST-001369,enterprise,Europe East,none,1,0
CUST-001370,enterprise,Asia Pacific,none,1,0
CUST-001371,business,Europe East,none,1,0
CUST-001372,business,Europe East,none,1,0
CUST-001373,business,Latin America,none,1,0
CUST-001374,free,Europe West,none,1,0
CUST-001375,free,North America,none,1,0
CUST-001376,business,North America,none,1,0
CUST-001377,pro,Asia Pacific,none,1,0
CUST-001378,enterprise,Europe West,none,1,0
CUST-001379,business,Latin America,none,1,0
CUST-001380,business,Europe West,none,1,0
CUST-001381,business,Europe East,none,1,0
CUST-001382,free,Europe East,none,1,0
CUST-001383,business,Asia Pacific,none,1,0
CUST-001384,pro,Latin America,none,1,0
CUST-001385,business,Europe East,none,1,0
CUST-001386,business,Asia Pacific,none,1,0
CUST-001387,business,Asia Pacific,none,1,0
CUST-001388,business,Latin America,none,1,0
CUST-001389,free,Europe East,none,1,0
CUST-001390,pro,North America,none,1,0
CUST-001391,pro,North America,none,1,0
CUST-001392,pro,Latin America,none,1,0
CUST-001393,business,Latin America,none,1,0
CUST-001394,pro,Latin America,none,1,0
CUST-001395,pro,Europe East,none,1,0
CUST-001396,free,North America,none,1,0
CUST-001397,pro,Asia Pacific,none,1,0
CUST-001398,enterprise,Europe West,none,1,0
CUST-001399,pro,North America,none,1,0
CUST-001400,pro,Europe West,none,1,0
CUST-001401,free,North America,none,1,0
CUST-001402,pro,Europe West,none,1,0
CUST-001403,business,Europe East,none,1,0
CUST-001404,enterprise,Latin America,none,1,0
CUST-001405,pro,Asia Pacific,none,1,0
CUST-001406,business,Asia Pacific,none,1,0
CUST-001407,business,Europe West,none,1,0
CUST-001408,business,Latin America,none,1,0
CUST-001409,pro,Latin America,none,1,0
CUST-001410,business,Latin America,none,1,0
CUST-001411,business,North America,none,1,0
CUST-001412,business,Latin America,none,1,0
CUST-001413,pro,Asia Pacific,none,1,0
CUST-001414,enterprise,North America,none,1,0
CUST-001415,pro,Asia Pacific,none,1,0
CUST-001416,pro,Asia Pacific,none,1,0
CUST-001417,enterprise,Europe East,none,1,0
CUST-001418,pro,Europe West,none,1,0
CUST-001419,enterprise,Latin America,none,1,0
CUST-001420,enterprise,North America,none,1,0
CUST-001421,business,Latin America,none,1,0
CUST-001422,enterprise,Asia Pacific,none,1,0
CUST-001423,business,Asia Pacific,none,1,0
CUST-001424,free,Asia Pacific,none,1,0
CUST-001425,business,Asia Pacific,none,1,0
CUST-001426,business,Europe West,none,1,0
CUST-001427,free,North America,none,1,0
CUST-001428,pro,North America,none,1,0
CUST-001429,pro,Europe East,none,1,0
CUST-001430,business,Latin America,none,1,0
CUST-001431,free,Europe East,none,1,0
CUST-001432,free,Europe East,none,1,0
CUST-001433,pro,Latin America,none,1,0
CUST-001434,business,North America,none,1,0
CUST-001435,pro,Europe West,none,1,0
CUST-001436,enterprise,North America,none,1,0
CUST-001437,business,Asia Pacific,none,1,0
CUST-001438,business,Latin America,none,1,0
CUST-001439,pro,Latin America,none,1,0
CUST-001440,pro,Europe East,none,1,0
CUST-001441,business,Europe East,none,1,0
CUST-001442,business,Latin America,none,1,0
CUST-001443,enterprise,Asia Pacific,none,1,0
CUST-001444,enterprise,Asia Pacific,none,1,0
CUST-001445,free,Europe West,none,1,0
CUST-001446,pro,Latin America,none,1,0
CUST-001447,enterprise,Europe East,none,1,0
CUST-001448,business,Latin America,none,1,0
CUST-001449,enterprise,Latin America,none,1,0
CUST-001450,business,North America,none,1,0
CUST-001451,business,Latin America,none,1,0
CUST-001452,free,Asia Pacific,none,1,0
CUST-001453,pro,Latin America,none,1,0
CUST-001454,business,Europe East,none,1,0
CUST-001455,pro,Europe East,none,1,0
CUST-001456,pro,Europe East,none,1,0
CUST-001457,pro,Europe East,none,1,0
CUST-001458,business,Latin America,none,1,0
CUST-001459,business,North America,none,1,0
CUST-001460,pro,Europe West,none,1,0
CUST-001461,free,Europe East,none,1,0
CUST-001462,free,Europe East,none,1,0
CUST-001463,pro,Europe West,none,1,0
CUST-001464,pro,Europe East,none,1,0
CUST-001465,pro,Latin America,none,1,0
CUST-001466,business,Asia Pacific,none,1,0
CUST-001467,business,Europe West,none,1,0
CUST-001468,pro,Latin America,none,1,0
CUST-001469,business,Europe West,none,1,0
CUST-001470,business,Europe East,none,1,0
CUST-001471,business,Europe East,none,1,0
CUST-001472,enterprise,Latin America,none,1,0
CUST-001473,enterprise,Asia Pacific,none,1,0
CUST-001474,enterprise,Europe East,none,1,0
CUST-001475,pro,Europe West,none,1,0
CUST-001476,pro,Asia Pacific,none,1,0
CUST-001477,free,Europe West,none,1,0
CUST-001478,enterprise,North America,none,1,0
CUST-001479,business,Europe West,none,1,0
CUST-001480,free,Latin America,none,1,0
CUST-001481,pro,Europe East,none,1,0
CUST-001482,free,Latin America,none,1,0
CUST-001483,business,Europe East,none,1,0
CUST-001484,pro,Europe East,none,1,0
CUST-001485,free,Latin America,none,1,0
CUST-001486,pro,North America,none,1,0
CUST-001487,enterprise,Europe West,none,1,0
CUST-001488,business,Europe West,none,1,0
CUST-001489,enterprise,Europe East,none,1,0
CUST-001490,business,Europe West,none,1,0
CUST-001491,enterprise,Asia Pacific,none,1,0
CUST-001492,business,Asia Pacific,none,1,0
CUST-001493,pro,Europe East,none,1,0
CUST-001494,enterprise,Asia Pacific,none,1,0
CUST-001495,pro,Europe West,none,1,0
CUST-001496,business,Europe West,none,1,0
CUST-001497,business,Europe West,none,1,0
CUST-001498,free,Europe East,none,1,0
CUST-001499,pro,North America,none,1,0
CUST-001500,pro,Asia Pacific,none,1,0
CUST-001501,pro,Asia Pacific,none,1,0
CUST-001502,business,North America,none,1,0
CUST-001503,pro,Europe West,none,1,0
CUST-001504,pro,Asia Pacific,none,1,0
CUST-001505,business,Europe West,none,1,0
CUST-001506,free,Latin America,none,1,0
CUST-001507,business,Latin America,none,1,0
CUST-001508,enterprise,Europe East,none,1,0
CUST-001509,free,Europe East,none,1,0
CUST-001510,business,Europe East,none,1,0
CUST-001511,pro,Asia Pacific,none,1,0
CUST-001512,pro,Europe East,none,1,0
CUST-001513,pro,Latin America,none,1,0
CUST-001514,business,Asia Pacific,none,1,0
CUST-001515,pro,Asia Pacific,none,1,0
CUST-001516,free,Asia Pacific,none,1,0
CUST-001517,business,North America,none,1,0
CUST-001518,business,Asia Pacific,none,1,0
CUST-001519,business,North America,none,1,0
CUST-001520,business,Europe East,none,1,0
CUST-001521,pro,Latin America,none,1,0
CUST-001522,pro,North America,none,1,0
CUST-001523,pro,Latin America,none,1,0
CUST-001524,free,North America,none,1,0
CUST-001525,enterprise,North America,none,1,0
CUST-001526,business,Latin America,none,1,0
CUST-001527,pro,Latin America,none,1,0
CUST-001528,business,Asia Pacific,none,1,0
CUST-001529,pro,Latin America,none,1,0
CUST-001530,pro,Europe West,none,1,0
CUST-001531,free,North America,none,1,0
CUST-001532,business,North America,none,1,0
CUST-001533,enterprise,Europe West,none,1,0
CUST-001534,business,Asia Pacific,none,1,0
CUST-001535,enterprise,Latin America,none,1,0
CUST-001536,business,Europe East,none,1,0
CUST-001537,pro,Asia Pacific,none,1,0
CUST-001538,business,Latin America,none,1,0
CUST-001539,enterprise,Latin America,none,1,0
CUST-001540,pro,Asia Pacific,none,1,0
CUST-001541,business,Europe West,none,1,0
CUST-001542,business,Asia Pacific,none,1,0
CUST-001543,enterprise,Europe East,none,1,0
CUST-001544,business,Latin America,none,1,0
CUST-001545,business,Asia Pacific,none,1,0
CUST-001546,business,Europe East,none,1,0
CUST-001547,pro,Europe East,none,1,0
CUST-001548,business,Europe West,none,1,0
CUST-001549,business,Latin America,none,1,0
CUST-001550,pro,Latin America,none,1,0
CUST-001551,business,Europe West,none,1,0
CUST-001552,pro,Europe East,none,1,0
CUST-001553,free,Asia Pacific,none,1,0
CUST-001554,free,Europe East,none,1,0
CUST-001555,business,Latin America,none,1,0
CUST-001556,business,Europe East,none,1,0
CUST-001557,business,Asia Pacific,none,1,0
CUST-001558,business,Europe West,none,1,0
CUST-001559,enterprise,Asia Pacific,none,1,0
CUST-001560,pro,Latin America,none,1,0
CUST-001561,pro,North America,none,1,0
CUST-001562,free,Europe West,none,1,0
CUST-001563,enterprise,Latin America,none,1,0
CUST-001564,enterprise,Europe East,none,1,0
CUST-001565,enterprise,Europe West,none,1,0
CUST-001566,pro,Europe East,none,1,0
CUST-001567,business,Europe West,none,1,0
CUST-001568,pro,Asia Pacific,none,1,0
CUST-001569,pro,North America,none,1,0
CUST-001570,business,Latin America,none,1,0
CUST-001571,pro,North America,none,1,0
CUST-001572,pro,North America,none,1,0
CUST-001573,free,Latin America,none,1,0
CUST-001574,business,North America,none,1,0
CUST-001575,business,Europe East,none,1,0
CUST-001576,business,Asia Pacific,none,1,0
CUST-001577,business,Europe West,none,1,0
CUST-001578,pro,Europe East,none,1,0
CUST-001579,pro,Europe West,none,1,0
CUST-001580,pro,North America,none,1,0
CUST-001581,enterprise,Europe West,none,1,0
CUST-001582,free,North America,none,1,0
CUST-001583,business,Europe East,none,1,0
CUST-001584,pro,Europe West,none,1,0
CUST-001585,pro,North America,none,1,0
CUST-001586,enterprise,Europe West,none,1,0
CUST-001587,business,North America,none,1,0
CUST-001588,business,Europe West,none,1,0
CUST-001589,enterprise,Latin America,none,1,0
CUST-001590,free,North America,none,1,0
CUST-001591,pro,Asia Pacific,none,1,0
CUST-001592,business,Europe West,none,1,0
CUST-001593,business,Latin America,none,1,0
CUST-001594,enterprise,North America,none,1,0
CUST-001595,enterprise,Europe West,none,1,0
CUST-001596,business,Europe East,none,1,0
CUST-001597,free,Latin America,none,1,0
CUST-001598,enterprise,Europe West,none,1,0
CUST-001599,pro,Asia Pacific,none,1,0
CUST-001600,pro,Asia Pacific,none,1,0
CUST-001601,pro,Asia Pacific,none,1,0
CUST-001602,pro,Europe West,none,1,0
CUST-001603,pro,North America,none,1,0
CUST-001604,free,Latin America,none,1,0
CUST-001605,business,North America,none,1,0
CUST-001606,pro,Latin America,none,1,0
CUST-001607,enterprise,Europe East,none,1,0
CUST-001608,enterprise,Asia Pacific,none,1,0
CUST-001609,free,Asia Pacific,none,1,0
CUST-001610,free,Latin America,none,1,0
CUST-001611,business,Europe East,none,1,0
CUST-001612,business,Asia Pacific,none,1,0
CUST-001613,pro,North America,none,1,0
CUST-001614,business,Europe West,none,1,0
CUST-001615,free,Europe East,none,1,0
CUST-001616,free,Europe East,none,1,0
CUST-001617,enterprise,Europe East,none,1,0
CUST-001618,business,Europe West,none,1,0
CUST-001619,free,Europe West,none,1,0
CUST-001620,business,Europe East,none,1,0
CUST-001621,business,Latin America,none,1,0
CUST-001622,enterprise,North America,none,1,0
CUST-001623,pro,Europe East,none,1,0
CUST-001624,enterprise,Asia Pacific,none,1,0
CUST-001625,enterprise,North America,none,1,0
CUST-001626,business,Europe East,none,1,0
CUST-001627,business,Asia Pacific,none,1,0
CUST-001628,free,Europe West,none,1,0
CUST-001629,business,North America,none,1,0
CUST-001630,enterprise,Asia Pacific,none,1,0
CUST-001631,enterprise,Asia Pacific,none,1,0
CUST-001632,pro,Europe East,none,1,0
CUST-001633,enterprise,Asia Pacific,none,1,0
CUST-001634,enterprise,North America,none,1,0
CUST-001635,business,North America,none,1,0
CUST-001636,business,Europe East,none,1,0
CUST-001637,free,North America,none,1,0
CUST-001638,free,Latin America,none,1,0
CUST-001639,business,North America,none,1,0
CUST-001640,business,Latin America,none,1,0
CUST-001641,business,Latin America,none,1,0
CUST-001642,business,Asia Pacific,none,1,0
CUST-001643,pro,Asia Pacific,none,1,0
CUST-001644,free,Europe East,none,1,0
CUST-001645,business,Europe West,none,1,0
CUST-001646,free,Europe West,none,1,0
CUST-001647,pro,Latin America,none,1,0
CUST-001648,business,Latin America,none,1,0
CUST-001649,enterprise,Latin America,none,1,0
CUST-001650,free,Europe West,none,1,0
CUST-001651,enterprise,Europe East,none,1,0
CUST-001652,pro,North America,none,1,0
CUST-001653,pro,Europe East,none,1,0
CUST-001654,free,North America,none,1,0
CUST-001655,pro,Europe East,none,1,0
CUST-001656,business,Europe West,none,1,0
CUST-001657,free,North America,none,1,0
CUST-001658,business,Asia Pacific,none,1,0
CUST-001659,pro,Europe West,none,1,0
CUST-001660,pro,North America,none,1,0
CUST-001661,business,Asia Pacific,none,1,0
CUST-001662,enterprise,Europe East,none,1,0
CUST-001663,free,Latin America,none,1,0
CUST-001664,enterprise,North America,none,1,0
CUST-001665,pro,Europe East,none,1,0
CUST-001666,free,Asia Pacific,none,1,0
CUST-001667,business,Europe West,none,1,0
CUST-001668,free,Europe East,none,1,0
CUST-001669,pro,Europe West,none,1,0
CUST-001670,enterprise,Asia Pacific,none,1,0
CUST-001671,free,Asia Pacific,none,1,0
CUST-001672,pro,Latin America,none,1,0
CUST-001673,enterprise,Europe West,none,1,0
CUST-001674,business,Europe East,none,1,0
CUST-001675,business,Europe East,none,1,0
CUST-001676,free,Asia Pacific,none,1,0
CUST-001677,business,Latin America,none,1,0
CUST-001678,business,Europe West,none,1,0
CUST-001679,business,Latin America,none,1,0
CUST-001680,business,Latin America,none,1,0
CUST-001681,business,Asia Pacific,none,1,0
CUST-001682,free,Asia Pacific,none,1,0
CUST-001683,pro,North America,none,1,0
CUST-001684,pro,North America,none,1,0
CUST-001685,enterprise,Europe West,none,1,0
CUST-001686,enterprise,Europe West,none,1,0
CUST-001687,pro,North America,none,1,0
CUST-001688,business,Asia Pacific,none,1,0
CUST-001689,pro,North America,none,1,0
CUST-001690,free,North America,none,1,0
CUST-001691,enterprise,Europe East,none,1,0
CUST-001692,business,North America,none,1,0
CUST-001693,enterprise,Europe West,none,1,0
CUST-001694,enterprise,Latin America,none,1,0
CUST-001695,business,Europe West,none,1,0
CUST-001696,free,Europe West,none,1,0
CUST-001697,pro,Asia Pacific,none,1,0
CUST-001698,business,Asia Pacific,none,1,0
CUST-001699,free,Europe West,none,1,0
CUST-001700,free,Europe East,none,1,0
CUST-001701,business,Europe East,none,1,0
CUST-001702,pro,Asia Pacific,none,1,0
CUST-001703,business,Asia Pacific,none,1,0
CUST-001704,pro,Latin America,none,1,0
CUST-001705,enterprise,North America,none,1,0
CUST-001706,enterprise,Asia Pacific,none,1,0
CUST-001707,enterprise,Asia Pacific,none,1,0
CUST-001708,business,Europe West,none,1,0
CUST-001709,pro,Europe West,none,1,0
CUST-001710,enterprise,Europe West,none,1,0
CUST-001711,business,Europe West,none,1,0
CUST-001712,free,Latin America,none,1,0
CUST-001713,enterprise,North America,none,1,0
CUST-001714,pro,North America,none,1,0
CUST-001715,free,Asia Pacific,none,1,0
CUST-001716,free,Europe East,none,1,0
CUST-001717,business,Asia Pacific,none,1,0
CUST-001718,pro,North America,none,1,0
CUST-001719,business,Asia Pacific,none,1,0
CUST-001720,pro,North America,none,1,0
CUST-001721,pro,Latin America,none,1,0
CUST-001722,pro,North America,none,1,0
CUST-001723,business,North America,none,1,0
CUST-001724,business,Latin America,none,1,0
CUST-001725,pro,North America,none,1,0
CUST-001726,free,Europe East,none,1,0
CUST-001727,pro,Latin America,none,1,0
CUST-001728,free,North America,none,1,0
CUST-001729,pro,North America,none,1,0
CUST-001730,pro,Asia Pacific,none,1,0
CUST-001731,business,North America,none,1,0
CUST-001732,enterprise,Europe West,none,1,0
CUST-001733,pro,North America,none,1,0
CUST-001734,free,Europe East,none,1,0
CUST-001735,pro,Europe West,none,1,0
CUST-001736,free,Europe West,none,1,0
CUST-001737,free,Asia Pacific,none,1,0
CUST-001738,free,Europe West,none,1,0
CUST-001739,pro,North America,none,1,0
CUST-001740,business,Asia Pacific,none,1,0
CUST-001741,pro,Europe West,none,1,0
CUST-001742,business,North America,none,1,0
CUST-001743,pro,Europe East,none,1,0
CUST-001744,enterprise,Europe West,none,1,0
CUST-001745,business,Europe West,none,1,0
CUST-001746,business,Asia Pacific,none,1,0
CUST-001747,free,Europe East,none,1,0
CUST-001748,enterprise,Europe East,none,1,0
CUST-001749,enterprise,North America,none,1,0
CUST-001750,business,Europe West,none,1,0
CUST-001751,business,Europe East,none,1,0
CUST-001752,pro,North America,none,1,0
CUST-001753,business,North America,none,1,0
CUST-001754,business,Latin America,none,1,0
CUST-001755,pro,Europe West,none,1,0
CUST-001756,enterprise,Europe West,none,1,0
CUST-001757,business,Latin America,none,1,0
CUST-001758,business,Latin America,none,1,0
CUST-001759,enterprise,Europe East,none,1,0
CUST-001760,business,Asia Pacific,none,1,0
CUST-001761,business,North America,none,1,0
CUST-001762,business,Europe West,none,1,0
CUST-001763,free,Asia Pacific,none,1,0
CUST-001764,business,Latin America,none,1,0
CUST-001765,pro,Latin America,none,1,0
CUST-001766,free,Asia Pacific,none,1,0
CUST-001767,free,Latin America,none,1,0
CUST-001768,business,Europe East,none,1,0
CUST-001769,free,Europe East,none,1,0
CUST-001770,business,North America,none,1,0
CUST-001771,pro,Europe East,none,1,0
CUST-001772,pro,North America,none,1,0
CUST-001773,pro,Europe West,none,1,0
CUST-001774,free,Europe East,none,1,0
CUST-001775,enterprise,Latin America,none,1,0
CUST-001776,free,North America,none,1,0
CUST-001777,business,Europe West,none,1,0
CUST-001778,business,Latin America,none,1,0
CUST-001779,business,North America,none,1,0
CUST-001780,pro,Europe East,none,1,0
CUST-001781,business,Latin America,none,1,0
CUST-001782,pro,Latin America,none,1,0
CUST-001783,free,Latin America,none,1,0
CUST-001784,business,North America,none,1,0
CUST-001785,business,Latin America,none,1,0
CUST-001786,enterprise,Asia Pacific,none,1,0
CUST-001787,business,Europe East,none,1,0
CUST-001788,pro,Europe West,none,1,0
CUST-001789,enterprise,Europe East,none,1,0
CUST-001790,pro,Latin America,none,1,0
CUST-001791,pro,Europe West,none,1,0
CUST-001792,free,North America,none,1,0
CUST-001793,pro,Latin America,none,1,0
CUST-001794,pro,Europe East,none,1,0
CUST-001795,pro,North America,none,1,0
CUST-001796,business,Europe East,none,1,0
CUST-001797,pro,Asia Pacific,none,1,0
CUST-001798,enterprise,North America,none,1,0
CUST-001799,enterprise,Asia Pacific,none,1,0
CUST-001800,business,Europe East,none,1,0
CUST-001801,business,Europe West,none,1,0
CUST-001802,pro,Europe West,none,1,0
CUST-001803,pro,Europe East,none,1,0
CUST-001804,pro,North America,none,1,0
CUST-001805,business,Europe West,none,1,0
CUST-001806,pro,Asia Pacific,none,1,0
CUST-001807,business,Europe East,none,1,0
CUST-001808,business,Europe East,none,1,0
CUST-001809,free,North America,none,1,0
CUST-001810,business,Europe West,none,1,0
CUST-001811,business,North America,none,1,0
CUST-001812,pro,North America,none,1,0
CUST-001813,pro,Latin America,none,1,0
CUST-001814,enterprise,Europe East,none,1,0
CUST-001815,free,Latin America,none,1,0
CUST-001816,free,Latin America,none,1,0
CUST-001817,pro,Latin America,none,1,0
CUST-001818,pro,North America,none,1,0
CUST-001819,business,North America,none,1,0
CUST-001820,pro,Asia Pacific,none,1,0
CUST-001821,pro,Europe East,none,1,0
CUST-001822,pro,Asia Pacific,none,1,0
CUST-001823,pro,Europe West,none,1,0
CUST-001824,business,North America,none,1,0
CUST-001825,pro,Latin America,none,1,0
CUST-001826,enterprise,Asia Pacific,none,1,0
CUST-001827,free,Asia Pacific,none,1,0
CUST-001828,free,Asia Pacific,none,1,0
CUST-001829,business,Europe West,none,1,0
CUST-001830,pro,North America,none,1,0
CUST-001831,enterprise,North America,none,1,0
CUST-001832,business,Europe West,none,1,0
CUST-001833,enterprise,Europe East,none,1,0
CUST-001834,business,Europe West,none,1,0
CUST-001835,business,Europe West,none,1,0
CUST-001836,free,Latin America,none,1,0
CUST-001837,free,Europe West,none,1,0
CUST-001838,enterprise,North America,none,1,0
CUST-001839,pro,Europe East,none,1,0
CUST-001840,pro,Asia Pacific,none,1,0
CUST-001841,pro,Europe West,none,1,0
CUST-001842,pro,Europe West,none,1,0
CUST-001843,free,Latin America,none,1,0
CUST-001844,pro,Latin America,none,1,0
CUST-001845,pro,Latin America,none,1,0
CUST-001846,enterprise,North America,none,1,0
CUST-001847,enterprise,Europe West,none,1,0
CUST-001848,enterprise,Europe West,none,1,0
CUST-001849,free,Europe West,none,1,0
CUST-001850,business,Europe West,none,1,0
CUST-001851,business,Europe West,none,1,0
CUST-001852,business,Europe East,none,1,0
CUST-001853,pro,Europe East,none,1,0
CUST-001854,free,Latin America,none,1,0
CUST-001855,pro,North America,none,1,0
CUST-001856,free,North America,none,1,0
CUST-001857,enterprise,Europe West,none,1,0
CUST-001858,free,Asia Pacific,none,1,0
CUST-001859,business,Europe East,none,1,0
CUST-001860,pro,North America,none,1,0
CUST-001861,free,Asia Pacific,none,1,0
CUST-001862,free,Asia Pacific,none,1,0
CUST-001863,business,Europe East,none,1,0
CUST-001864,pro,North America,none,1,0
CUST-001865,free,North America,none,1,0
CUST-001866,enterprise,Europe West,none,1,0
CUST-001867,pro,Asia Pacific,none,1,0
CUST-001868,business,Asia Pacific,none,1,0
CUST-001869,business,Asia Pacific,none,1,0
CUST-001870,business,Europe East,none,1,0
CUST-001871,enterprise,Europe West,none,1,0
CUST-001872,free,North America,none,1,0
CUST-001873,business,Latin America,none,1,0
CUST-001874,pro,Latin America,none,1,0
CUST-001875,business,Europe East,none,1,0
CUST-001876,business,Europe West,none,1,0
CUST-001877,business,North America,none,1,0
CUST-001878,free,Latin America,none,1,0
CUST-001879,business,Latin America,none,1,0
CUST-001880,enterprise,North America,none,1,0
CUST-001881,pro,Europe West,none,1,0
CUST-001882,free,Latin America,none,1,0
CUST-001883,free,Europe East,none,1,0
CUST-001884,business,Europe West,none,1,0
CUST-001885,free,Latin America,none,1,0
CUST-001886,business,Latin America,none,1,0
CUST-001887,pro,Latin America,none,1,0
CUST-001888,business,Europe East,none,1,0
CUST-001889,free,Europe West,none,1,0
CUST-001890,pro,Latin America,none,1,0
CUST-001891,pro,Europe East,none,1,0
CUST-001892,business,Europe East,none,1,0
CUST-001893,free,Europe West,none,1,0
CUST-001894,pro,Latin America,none,1,0
CUST-001895,business,Europe West,none,1,0
CUST-001896,pro,Latin America,none,1,0
CUST-001897,enterprise,Europe West,none,1,0
CUST-001898,free,Europe West,none,1,0
CUST-001899,pro,Latin America,none,1,0
CUST-001900,pro,Europe West,none,1,0
CUST-001901,free,Asia Pacific,none,1,0
CUST-001902,pro,Europe East,none,1,0
CUST-001903,pro,Asia Pacific,none,1,0
CUST-001904,business,Latin America,none,1,0
CUST-001905,pro,Asia Pacific,none,1,0
CUST-001906,free,Asia Pacific,none,1,0
CUST-001907,pro,Europe East,none,1,0
CUST-001908,business,North America,none,1,0
CUST-001909,pro,Asia Pacific,none,1,0
CUST-001910,business,Asia Pacific,none,1,0
CUST-001911,business,Europe West,none,1,0
CUST-001912,enterprise,Latin America,none,1,0
CUST-001913,pro,Europe West,none,1,0
CUST-001914,business,Latin America,none,1,0
CUST-001915,free,Asia Pacific,none,1,0
CUST-001916,enterprise,Europe West,none,1,0
CUST-001917,business,North America,none,1,0
CUST-001918,free,North America,none,1,0
CUST-001919,free,Latin America,none,1,0
CUST-001920,pro,Asia Pacific,none,1,0
CUST-001921,free,Europe East,none,1,0
CUST-001922,free,North America,none,1,0
CUST-001923,enterprise,Latin America,none,1,0
CUST-001924,pro,Latin America,none,1,0
CUST-001925,enterprise,Asia Pacific,none,1,0
CUST-001926,enterprise,North America,none,1,0
CUST-001927,enterprise,Latin America,none,1,0
CUST-001928,pro,Europe West,none,1,0
CUST-001929,free,North America,none,1,0
CUST-001930,pro,Europe West,none,1,0
CUST-001931,business,Asia Pacific,none,1,0
CUST-001932,pro,Asia Pacific,none,1,0
CUST-001933,enterprise,Latin America,none,1,0
CUST-001934,free,Asia Pacific,none,1,0
CUST-001935,pro,Asia Pacific,none,1,0
CUST-001936,free,Europe West,none,1,0
CUST-001937,free,Europe West,none,1,0
CUST-001938,enterprise,Europe East,none,1,0
CUST-001939,pro,Asia Pacific,none,1,0
CUST-001940,pro,Asia Pacific,none,1,0
CUST-001941,free,Asia Pacific,none,1,0
CUST-001942,business,Europe East,none,1,0
CUST-001943,pro,Latin America,none,1,0
CUST-001944,business,Latin America,none,1,0
CUST-001945,pro,Asia Pacific,none,1,0
CUST-001946,enterprise,Europe West,none,1,0
CUST-001947,business,Asia Pacific,none,1,0
CUST-001948,pro,Europe West,none,1,0
CUST-001949,pro,Europe East,none,1,0
CUST-001950,business,Europe East,none,1,0
CUST-001951,free,North America,none,1,0
CUST-001952,pro,Latin America,none,1,0
CUST-001953,enterprise,Europe West,none,1,0
CUST-001954,pro,North America,none,1,0
CUST-001955,business,Asia Pacific,none,1,0
CUST-001956,business,North America,none,1,0
CUST-001957,free,Europe West,none,1,0
CUST-001958,business,Latin America,none,1,0
CUST-001959,pro,Europe East,none,1,0
CUST-001960,enterprise,North America,none,1,0
CUST-001961,business,Asia Pacific,none,1,0
CUST-001962,free,North America,none,1,0
CUST-001963,business,Latin America,none,1,0
CUST-001964,business,Latin America,none,1,0
CUST-001965,enterprise,Europe East,none,1,0
CUST-001966,business,Europe West,none,1,0
CUST-001967,business,Latin America,none,1,0
CUST-001968,enterprise,Europe West,none,1,0
CUST-001969,business,Asia Pacific,none,1,0
CUST-001970,pro,North America,none,1,0
CUST-001971,business,North America,none,1,0
CUST-001972,enterprise,Europe West,none,1,0
CUST-001973,business,Europe West,none,1,0
CUST-001974,pro,North America,none,1,0
CUST-001975,free,North America,none,1,0
CUST-001976,enterprise,Latin America,none,1,0
CUST-001977,pro,Europe East,none,1,0
CUST-001978,free,Asia Pacific,none,1,0
CUST-001979,business,Europe West,none,1,0
CUST-001980,free,Latin America,none,1,0
CUST-001981,pro,Asia Pacific,none,1,0
CUST-001982,pro,Latin America,none,1,0
CUST-001983,business,Asia Pacific,none,1,0
CUST-001984,free,Europe West,none,1,0
CUST-001985,free,Europe West,none,1,0
CUST-001986,free,Asia Pacific,none,1,0
CUST-001987,business,Europe West,none,1,0
CUST-001988,business,Europe East,none,1,0
CUST-001989,enterprise,North America,none,1,0
CUST-001990,pro,Europe East,none,1,0
CUST-001991,enterprise,Europe East,none,1,0
CUST-001992,free,North America,none,1,0
CUST-001993,enterprise,North America,none,1,0
CUST-001994,pro,Latin America,none,1,0
CUST-001995,enterprise,Europe West,none,1,0
CUST-001996,business,North America,none,1,0
CUST-001997,enterprise,Asia Pacific,none,1,0
CUST-001998,free,Asia Pacific,none,1,0
CUST-001999,pro,Europe West,none,1,0
CUST-002000,business,Latin America,none,1,0
CUST-002001,enterprise,Europe East,none,1,0
CUST-002002,free,Europe East,none,1,0
CUST-002003,free,Europe West,none,1,0
CUST-002004,enterprise,Latin America,none,1,0
CUST-002005,pro,Europe East,none,1,0
CUST-002006,pro,Latin America,none,1,0
CUST-002007,pro,North America,none,1,0
CUST-002008,pro,Latin America,none,1,0
CUST-002009,business,North America,none,1,0
CUST-002010,enterprise,Asia Pacific,none,1,0
CUST-002011,enterprise,Europe East,none,1,0
CUST-002012,business,Asia Pacific,none,1,0
CUST-002013,pro,Asia Pacific,none,1,0
CUST-002014,enterprise,Asia Pacific,none,1,0
CUST-002015,free,North America,none,1,0
CUST-002016,free,Latin America,none,1,0
CUST-002017,free,North America,none,1,0
CUST-002018,free,Asia Pacific,none,1,0
CUST-002019,business,Europe West,none,1,0
CUST-002020,free,Europe West,none,1,0
CUST-002021,business,Europe East,none,1,0
CUST-002022,enterprise,Asia Pacific,none,1,0
CUST-002023,pro,Latin America,none,1,0
CUST-002024,free,Europe West,none,1,0
CUST-002025,free,Europe East,none,1,0
CUST-002026,free,Europe West,none,1,0
CUST-002027,enterprise,Latin America,none,1,0
CUST-002028,pro,Latin America,none,1,0
CUST-002029,business,Europe West,none,1,0
CUST-002030,pro,Asia Pacific,none,1,0
CUST-002031,enterprise,Asia Pacific,none,1,0
CUST-002032,enterprise,Latin America,none,1,0
CUST-002033,enterprise,Latin America,none,1,0
CUST-002034,pro,Asia Pacific,none,1,0
CUST-002035,pro,Europe East,none,1,0
CUST-002036,enterprise,Europe West,none,1,0
CUST-002037,enterprise,Europe East,none,1,0
CUST-002038,pro,Europe East,none,1,0
CUST-002039,business,North America,none,1,0
CUST-002040,enterprise,North America,none,1,0
CUST-002041,enterprise,Latin America,none,1,0
CUST-002042,free,Europe East,none,1,0
CUST-002043,business,North America,none,1,0
CUST-002044,pro,North America,none,1,0
CUST-002045,free,North America,none,1,0
CUST-002046,business,Asia Pacific,none,1,0
CUST-002047,business,Europe West,none,1,0
CUST-002048,pro,Europe West,none,1,0
CUST-002049,pro,North America,none,1,0
CUST-002050,pro,Europe West,none,1,0
CUST-002051,enterprise,Asia Pacific,none,1,0
CUST-002052,pro,Europe East,none,1,0
CUST-002053,pro,North America,none,1,0
CUST-002054,business,Asia Pacific,none,1,0
CUST-002055,business,Europe East,none,1,0
CUST-002056,enterprise,North America,none,1,0
CUST-002057,enterprise,North America,none,1,0
CUST-002058,pro,Asia Pacific,none,1,0
CUST-002059,pro,Asia Pacific,none,1,0
CUST-002060,business,Europe East,none,1,0
CUST-002061,pro,Asia Pacific,none,1,0
CUST-002062,free,Asia Pacific,none,1,0
CUST-002063,free,North America,none,1,0
CUST-002064,enterprise,Latin America,none,1,0
CUST-002065,enterprise,Europe East,none,1,0
CUST-002066,pro,Asia Pacific,none,1,0
CUST-002067,business,Europe West,none,1,0
CUST-002068,pro,Asia Pacific,none,1,0
CUST-002069,free,Europe West,none,1,0
CUST-002070,enterprise,Asia Pacific,none,1,0
CUST-002071,enterprise,Europe West,none,1,0
CUST-002072,pro,Europe East,none,1,0
CUST-002073,pro,Europe West,none,1,0
CUST-002074,free,North America,none,1,0
CUST-002075,free,Europe East,none,1,0
CUST-002076,business,North America,none,1,0
CUST-002077,business,Europe West,none,1,0
CUST-002078,free,Europe East,none,1,0
CUST-002079,business,North America,none,1,0
CUST-002080,business,Latin America,none,1,0
CUST-002081,business,Asia Pacific,none,1,0
CUST-002082,business,Europe East,none,1,0
CUST-002083,business,Europe West,none,1,0
CUST-002084,business,Europe East,none,1,0
CUST-002085,free,Europe West,none,1,0
CUST-002086,enterprise,North America,none,1,0
CUST-002087,pro,Europe West,none,1,0
CUST-002088,free,Europe West,none,1,0
CUST-002089,enterprise,Europe West,none,1,0
CUST-002090,enterprise,North America,none,1,0
CUST-002091,free,North America,none,1,0
CUST-002092,business,Latin America,none,1,0
CUST-002093,free,Europe East,none,1,0
CUST-002094,pro,Latin America,none,1,0
CUST-002095,business,Europe West,none,1,0
CUST-002096,pro,Europe West,none,1,0
CUST-002097,business,Latin America,none,1,0
CUST-002098,business,Latin America,none,1,0
CUST-002099,pro,Europe East,none,1,0
CUST-002100,free,Latin America,none,1,0
CUST-002101,pro,Europe West,none,1,0
CUST-002102,pro,Asia Pacific,none,1,0
CUST-002103,business,Europe West,none,1,0
CUST-002104,free,Europe West,none,1,0
CUST-002105,pro,Asia Pacific,none,1,0
CUST-002106,pro,North America,none,1,0
CUST-002107,business,Europe East,none,1,0
CUST-002108,pro,Europe East,none,1,0
CUST-002109,enterprise,North America,none,1,0
CUST-002110,enterprise,North America,none,1,0
CUST-002111,enterprise,North America,none,1,0
CUST-002112,enterprise,Latin America,none,1,0
CUST-002113,enterprise,Europe West,none,1,0
CUST-002114,pro,Latin America,none,1,0
CUST-002115,enterprise,Latin America,none,1,0
CUST-002116,pro,Europe East,none,1,0
CUST-002117,enterprise,Europe East,none,1,0
CUST-002118,free,Asia Pacific,none,1,0
CUST-002119,business,Latin America,none,1,0
CUST-002120,enterprise,Asia Pacific,none,1,0
CUST-002121,free,North America,none,1,0
CUST-002122,enterprise,North America,none,1,0
CUST-002123,business,North America,none,1,0
CUST-002124,business,Latin America,none,1,0
CUST-002125,pro,North America,none,1,0
CUST-002126,business,Asia Pacific,none,1,0
CUST-002127,business,Asia Pacific,none,1,0
CUST-002128,free,Asia Pacific,none,1,0
CUST-002129,free,Europe East,none,1,0
CUST-002130,pro,North America,none,1,0
CUST-002131,pro,Asia Pacific,none,1,0
CUST-002132,pro,Europe East,none,1,0
CUST-002133,pro,Latin America,none,1,0
CUST-002134,free,Asia Pacific,none,1,0
CUST-002135,enterprise,Latin America,none,1,0
CUST-002136,enterprise,North America,none,1,0
CUST-002137,free,North America,none,1,0
CUST-002138,pro,Europe West,none,1,0
CUST-002139,pro,Asia Pacific,none,1,0
CUST-002140,pro,Latin America,none,1,0
CUST-002141,free,Asia Pacific,none,1,0
CUST-002142,business,North America,none,1,0
CUST-002143,pro,Latin America,none,1,0
CUST-002144,business,Latin America,none,1,0
CUST-002145,pro,Asia Pacific,none,1,0
CUST-002146,business,Latin America,none,1,0
CUST-002147,enterprise,Europe East,none,1,0
CUST-002148,enterprise,Latin America,none,1,0
CUST-002149,pro,North America,none,1,0
CUST-002150,free,Latin America,none,1,0
CUST-002151,free,Asia Pacific,none,1,0
CUST-002152,business,Europe East,none,1,0
CUST-002153,pro,Europe West,none,1,0
CUST-002154,enterprise,North America,none,1,0
CUST-002155,free,North America,none,1,0
CUST-002156,free,North America,none,1,0
CUST-002157,free,Asia Pacific,none,1,0
CUST-002158,pro,North America,none,1,0
CUST-002159,pro,Latin America,none,1,0
CUST-002160,enterprise,Asia Pacific,none,1,0
CUST-002161,business,Europe East,none,1,0
CUST-002162,business,Europe West,none,1,0
CUST-002163,business,Europe West,none,1,0
CUST-002164,business,Europe East,none,1,0
CUST-002165,business,Asia Pacific,none,1,0
CUST-002166,business,Latin America,none,1,0
CUST-002167,free,Asia Pacific,none,1,0
CUST-002168,pro,Asia Pacific,none,1,0
CUST-002169,free,Latin America,none,1,0
CUST-002170,business,North America,none,1,0
CUST-002171,pro,Latin America,none,1,0
CUST-002172,enterprise,Europe East,none,1,0
CUST-002173,free,Asia Pacific,none,1,0
CUST-002174,business,North America,none,1,0
CUST-002175,enterprise,Europe East,none,1,0
CUST-002176,enterprise,Europe East,none,1,0
CUST-002177,enterprise,Europe West,none,1,0
CUST-002178,free,Europe West,none,1,0
CUST-002179,enterprise,Latin America,none,1,0
CUST-002180,pro,Latin America,none,1,0
CUST-002181,free,Europe East,none,1,0
CUST-002182,enterprise,Asia Pacific,none,1,0
CUST-002183,enterprise,Latin America,none,1,0
CUST-002184,business,Europe East,none,1,0
CUST-002185,enterprise,Europe East,none,1,0
CUST-002186,pro,Asia Pacific,none,1,0
CUST-002187,business,Europe East,none,1,0
CUST-002188,business,Europe East,none,1,0
CUST-002189,business,North America,none,1,0
CUST-002190,pro,Latin America,none,1,0
CUST-002191,pro,Latin America,none,1,0
CUST-002192,business,North America,none,1,0
CUST-002193,pro,Europe West,none,1,0
CUST-002194,pro,North America,none,1,0
CUST-002195,pro,Europe East,none,1,0
CUST-002196,enterprise,Asia Pacific,none,1,0
CUST-002197,business,Europe West,none,1,0
CUST-002198,enterprise,Europe East,none,1,0
CUST-002199,pro,Europe West,none,1,0
CUST-002200,pro,Europe West,none,1,0
CUST-002201,pro,Latin America,none,1,0
CUST-002202,business,Latin America,none,1,0
CUST-002203,pro,Europe West,none,1,0
CUST-002204,free,Asia Pacific,none,1,0
CUST-002205,free,Latin America,none,1,0
CUST-002206,business,Latin America,none,1,0
CUST-002207,enterprise,Europe East,none,1,0
CUST-002208,free,Latin America,none,1,0
CUST-002209,free,Europe East,none,1,0
CUST-002210,enterprise,Asia Pacific,none,1,0
CUST-002211,enterprise,Europe West,none,1,0
CUST-002212,free,Asia Pacific,none,1,0
CUST-002213,pro,North America,none,1,0
CUST-002214,free,Latin America,none,1,0
CUST-002215,free,Europe East,none,1,0
CUST-002216,free,Asia Pacific,none,1,0
CUST-002217,enterprise,Europe West,none,1,0
CUST-002218,enterprise,Europe West,none,1,0
CUST-002219,pro,Europe East,none,1,0
CUST-002220,business,Europe West,none,1,0
CUST-002221,enterprise,Europe West,none,1,0
CUST-002222,enterprise,Latin America,none,1,0
CUST-002223,pro,Asia Pacific,none,1,0
CUST-002224,business,Europe West,none,1,0
CUST-002225,enterprise,Europe West,none,1,0
CUST-002226,free,Europe West,none,1,0
CUST-002227,business,Latin America,none,1,0
CUST-002228,business,Europe East,none,1,0
CUST-002229,pro,Europe West,none,1,0
CUST-002230,free,Asia Pacific,none,1,0
CUST-002231,enterprise,Europe East,none,1,0
CUST-002232,enterprise,Europe West,none,1,0
CUST-002233,enterprise,Latin America,none,1,0
CUST-002234,free,Asia Pacific,none,1,0
CUST-002235,pro,Latin America,none,1,0
CUST-002236,free,Europe East,none,1,0
CUST-002237,pro,North America,none,1,0
CUST-002238,free,Asia Pacific,none,1,0
CUST-002239,business,Europe West,none,1,0
CUST-002240,business,Europe East,none,1,0
CUST-002241,enterprise,Europe West,none,1,0
CUST-002242,business,Latin America,none,1,0
CUST-002243,enterprise,North America,none,1,0
CUST-002244,enterprise,North America,none,1,0
CUST-002245,free,Asia Pacific,none,1,0
CUST-002246,pro,Europe West,none,1,0
CUST-002247,pro,North America,none,1,0
CUST-002248,business,Latin America,none,1,0
CUST-002249,free,North America,none,1,0
CUST-002250,enterprise,Latin America,none,1,0
CUST-002251,business,Europe West,none,1,0
CUST-002252,free,Europe East,none,1,0
CUST-002253,business,North America,none,1,0
CUST-002254,business,Europe East,none,1,0
CUST-002255,pro,Europe West,none,1,0
CUST-002256,business,Asia Pacific,none,1,0
CUST-002257,pro,Latin America,none,1,0
CUST-002258,pro,Europe East,none,1,0
CUST-002259,enterprise,Asia Pacific,none,1,0
CUST-002260,enterprise,Asia Pacific,none,1,0
CUST-002261,business,Latin America,none,1,0
CUST-002262,business,Asia Pacific,none,1,0
CUST-002263,enterprise,Asia Pacific,none,1,0
CUST-002264,pro,Europe East,none,1,0
CUST-002265,free,Europe East,none,1,0
CUST-002266,pro,North America,none,1,0
CUST-002267,pro,Europe East,none,1,0
CUST-002268,business,Latin America,none,1,0
CUST-002269,business,Europe East,none,1,0
CUST-002270,business,Latin America,none,1,0
CUST-002271,pro,Asia Pacific,none,1,0
CUST-002272,business,Europe West,none,1,0
CUST-002273,business,Europe East,none,1,0
CUST-002274,business,Europe East,none,1,0
CUST-002275,pro,Europe East,none,1,0
CUST-002276,free,Latin America,none,1,0
CUST-002277,business,Asia Pacific,none,1,0
CUST-002278,free,Europe East,none,1,0
CUST-002279,business,Europe West,none,1,0
CUST-002280,business,Europe East,none,1,0
CUST-002281,enterprise,Latin America,none,1,0
CUST-002282,free,North America,none,1,0
CUST-002283,business,Latin America,none,1,0
CUST-002284,free,Europe East,none,1,0
CUST-002285,business,Europe West,none,1,0
CUST-002286,free,Europe East,none,1,0
CUST-002287,enterprise,North America,none,1,0
CUST-002288,free,Asia Pacific,none,1,0
CUST-002289,business,Europe West,none,1,0
CUST-002290,pro,Latin America,none,1,0
CUST-002291,enterprise,Europe East,none,1,0
CUST-002292,pro,Latin America,none,1,0
CUST-002293,enterprise,Europe West,none,1,0
CUST-002294,enterprise,Asia Pacific,none,1,0
CUST-002295,business,Europe West,none,1,0
CUST-002296,business,Latin America,none,1,0
CUST-002297,pro,Asia Pacific,none,1,0
CUST-002298,free,Europe East,none,1,0
CUST-002299,business,North America,none,1,0
CUST-002300,pro,Europe West,none,1,0
CUST-002301,pro,Europe West,none,1,0
CUST-002302,enterprise,Europe West,none,1,0
CUST-002303,pro,North America,none,1,0
CUST-002304,free,Asia Pacific,none,1,0
CUST-002305,business,Asia Pacific,none,1,0
CUST-002306,free,Asia Pacific,none,1,0
CUST-002307,business,Europe West,none,1,0
CUST-002308,business,North America,none,1,0
CUST-002309,pro,North America,none,1,0
CUST-002310,business,Europe West,none,1,0
CUST-002311,enterprise,Asia Pacific,none,1,0
CUST-002312,pro,Asia Pacific,none,1,0
CUST-002313,pro,Asia Pacific,none,1,0
CUST-002314,enterprise,North America,none,1,0
CUST-002315,pro,North America,none,1,0
CUST-002316,pro,Latin America,none,1,0
CUST-002317,pro,Latin America,none,1,0
CUST-002318,pro,Latin America,none,1,0
CUST-002319,business,Europe West,none,1,0
CUST-002320,business,Europe East,none,1,0
CUST-002321,business,Latin America,none,1,0
CUST-002322,pro,North America,none,1,0
CUST-002323,business,North America,none,1,0
CUST-002324,pro,North America,none,1,0
CUST-002325,free,Europe West,none,1,0
CUST-002326,business,Latin America,none,1,0
CUST-002327,pro,Europe East,none,1,0
CUST-002328,business,Latin America,none,1,0
CUST-002329,free,Latin America,none,1,0
CUST-002330,pro,Europe West,none,1,0
CUST-002331,free,Europe West,none,1,0
CUST-002332,free,Europe East,none,1,0
CUST-002333,pro,Asia Pacific,none,1,0
CUST-002334,enterprise,Europe West,none,1,0
CUST-002335,pro,Asia Pacific,none,1,0
CUST-002336,business,Europe West,none,1,0
CUST-002337,business,Asia Pacific,none,1,0
CUST-002338,pro,North America,none,1,0
CUST-002339,business,Europe West,none,1,0
CUST-002340,enterprise,Europe East,none,1,0
CUST-002341,free,Latin America,none,1,0
CUST-002342,enterprise,North America,none,1,0
CUST-002343,business,Europe West,none,1,0
CUST-002344,pro,Latin America,none,1,0
CUST-002345,free,Asia Pacific,none,1,0
CUST-002346,free,Asia Pacific,none,1,0
CUST-002347,business,North America,none,1,0
CUST-002348,pro,Europe East,none,1,0
CUST-002349,business,Asia Pacific,none,1,0
CUST-002350,enterprise,North America,none,1,0
CUST-002351,enterprise,Latin America,none,1,0
CUST-002352,enterprise,North America,none,1,0
CUST-002353,business,Europe West,none,1,0
CUST-002354,business,Europe West,none,1,0
CUST-002355,business,North America,none,1,0
CUST-002356,free,Europe East,none,1,0
CUST-002357,free,Europe West,none,1,0
CUST-002358,pro,Asia Pacific,none,1,0
CUST-002359,free,Europe West,none,1,0
CUST-002360,free,Europe West,none,1,0
CUST-002361,free,North America,none,1,0
CUST-002362,pro,Asia Pacific,none,1,0
CUST-002363,pro,North America,none,1,0
CUST-002364,enterprise,Europe East,none,1,0
CUST-002365,business,Asia Pacific,none,1,0
CUST-002366,free,Asia Pacific,none,1,0
CUST-002367,business,Latin America,none,1,0
CUST-002368,business,Asia Pacific,none,1,0
CUST-002369,business,Asia Pacific,none,1,0
CUST-002370,enterprise,Asia Pacific,none,1,0
CUST-002371,free,Europe West,none,1,0
CUST-002372,business,Europe West,none,1,0
CUST-002373,pro,Europe West,none,1,0
CUST-002374,pro,Asia Pacific,none,1,0
CUST-002375,pro,Europe West,none,1,0
CUST-002376,business,Europe West,none,1,0
CUST-002377,business,Europe West,none,1,0
CUST-002378,business,Europe East,none,1,0
CUST-002379,pro,Asia Pacific,none,1,0
CUST-002380,free,Latin America,none,1,0
CUST-002381,pro,Europe East,none,1,0
CUST-002382,business,Asia Pacific,none,1,0
CUST-002383,business,Asia Pacific,none,1,0
CUST-002384,pro,North America,none,1,0
CUST-002385,enterprise,Asia Pacific,none,1,0
CUST-002386,pro,Europe East,none,1,0
CUST-002387,free,Europe East,none,1,0
CUST-002388,business,Europe East,none,1,0
CUST-002389,enterprise,Europe West,none,1,0
CUST-002390,pro,Asia Pacific,none,1,0
CUST-002391,pro,Latin America,none,1,0
CUST-002392,business,Europe West,none,1,0
CUST-002393,free,Europe West,none,1,0
CUST-002394,free,Asia Pacific,none,1,0
CUST-002395,pro,Asia Pacific,none,1,0
CUST-002396,free,Latin America,none,1,0
CUST-002397,pro,Europe West,none,1,0
CUST-002398,business,Asia Pacific,none,1,0
CUST-002399,free,Europe East,none,1,0
CUST-002400,business,Asia Pacific,none,1,0
CUST-002401,pro,Latin America,none,1,0
CUST-002402,enterprise,North America,none,1,0
CUST-002403,enterprise,Europe East,none,1,0
CUST-002404,pro,Europe West,none,1,0
CUST-002405,business,Latin America,none,1,0
CUST-002406,business,Europe East,none,1,0
CUST-002407,business,Europe East,none,1,0
CUST-002408,pro,Asia Pacific,none,1,0
CUST-002409,business,Europe East,none,1,0
CUST-002410,business,Europe West,none,1,0
CUST-002411,business,Europe East,none,1,0
CUST-002412,pro,Europe East,none,1,0
CUST-002413,pro,Europe West,none,1,0
CUST-002414,business,North America,none,1,0
CUST-002415,pro,Latin America,none,1,0
CUST-002416,business,Europe East,none,1,0
CUST-002417,free,Latin America,none,1,0
CUST-002418,pro,North America,none,1,0
CUST-002419,pro,Europe West,none,1,0
CUST-002420,business,Europe East,none,1,0
CUST-002421,free,Latin America,none,1,0
CUST-002422,business,North America,none,1,0
CUST-002423,enterprise,Latin America,none,1,0
CUST-002424,business,Europe East,none,1,0
CUST-002425,business,Europe East,none,1,0
CUST-002426,pro,North America,none,1,0
CUST-002427,business,Asia Pacific,none,1,0
CUST-002428,business,Latin America,none,1,0
CUST-002429,pro,Europe West,none,1,0
CUST-002430,business,Asia Pacific,none,1,0
CUST-002431,business,Europe West,none,1,0
CUST-002432,enterprise,Europe East,none,1,0
CUST-002433,business,Europe East,none,1,0
CUST-002434,pro,Asia Pacific,none,1,0
CUST-002435,enterprise,Asia Pacific,none,1,0
CUST-002436,pro,Asia Pacific,none,1,0
CUST-002437,pro,North America,none,1,0
CUST-002438,business,Europe East,none,1,0
CUST-002439,business,North America,none,1,0
CUST-002440,pro,Europe East,none,1,0
CUST-002441,pro,North America,none,1,0
CUST-002442,business,Asia Pacific,none,1,0
CUST-002443,free,North America,none,1,0
CUST-002444,business,Latin America,none,1,0
CUST-002445,enterprise,Asia Pacific,none,1,0
CUST-002446,business,Asia Pacific,none,1,0
CUST-002447,pro,Latin America,none,1,0
CUST-002448,free,North America,none,1,0
CUST-002449,pro,Europe West,none,1,0
CUST-002450,free,Asia Pacific,none,1,0
CUST-002451,enterprise,Latin America,none,1,0
CUST-002452,enterprise,North America,none,1,0
CUST-002453,free,Europe West,none,1,0
CUST-002454,business,Europe West,none,1,0
CUST-002455,enterprise,Latin America,none,1,0
CUST-002456,free,Europe East,none,1,0
CUST-002457,enterprise,North America,none,1,0
CUST-002458,enterprise,Europe East,none,1,0
CUST-002459,free,Europe East,none,1,0
CUST-002460,pro,Asia Pacific,none,1,0
CUST-002461,pro,Latin America,none,1,0
CUST-002462,free,Latin America,none,1,0
CUST-002463,free,Latin America,none,1,0
CUST-002464,enterprise,Asia Pacific,none,1,0
CUST-002465,enterprise,Europe West,none,1,0
CUST-002466,business,Europe West,none,1,0
CUST-002467,enterprise,North America,none,1,0
CUST-002468,free,Europe East,none,1,0
CUST-002469,pro,Europe West,none,1,0
CUST-002470,business,Latin America,none,1,0
CUST-002471,business,Latin America,none,1,0
CUST-002472,enterprise,North America,none,1,0
CUST-002473,free,Europe West,none,1,0
CUST-002474,enterprise,Europe West,none,1,0
CUST-002475,pro,Asia Pacific,none,1,0
CUST-002476,free,Europe West,none,1,0
CUST-002477,pro,Latin America,none,1,0
CUST-002478,pro,Asia Pacific,none,1,0
CUST-002479,pro,Asia Pacific,none,1,0
CUST-002480,enterprise,Europe West,none,1,0
CUST-002481,pro,North America,none,1,0
CUST-002482,business,Latin America,none,1,0
CUST-002483,enterprise,Latin America,none,1,0
CUST-002484,pro,Europe West,none,1,0
CUST-002485,pro,Europe West,none,1,0
CUST-002486,enterprise,Asia Pacific,none,1,0
CUST-002487,business,Latin America,none,1,0
CUST-002488,free,North America,none,1,0
CUST-002489,business,Asia Pacific,none,1,0
CUST-002490,free,North America,none,1,0
CUST-002491,business,Latin America,none,1,0
CUST-002492,enterprise,Asia Pacific,none,1,0
CUST-002493,pro,Europe West,none,1,0
CUST-002494,business,Latin America,none,1,0
CUST-002495,free,Latin America,none,1,0
CUST-002496,business,Latin America,none,1,0
CUST-002497,free,Asia Pacific,none,1,0
CUST-002498,enterprise,North America,none,1,0
CUST-002499,business,Europe West,none,1,0
CUST-002500,pro,Europe East,none,1,0
CUST-002501,free,North America,none,1,0
CUST-002502,enterprise,North America,none,1,0
CUST-002503,business,North America,none,1,0
CUST-002504,enterprise,North America,none,1,0
CUST-002505,pro,Europe West,none,1,0
CUST-002506,pro,Europe West,none,1,0
CUST-002507,pro,Latin America,none,1,0
CUST-002508,free,Asia Pacific,none,1,0
CUST-002509,pro,Asia Pacific,none,1,0
CUST-002510,enterprise,Latin America,none,1,0
CUST-002511,pro,Europe East,none,1,0
CUST-002512,free,North America,none,1,0
CUST-002513,free,Europe West,none,1,0
CUST-002514,pro,North America,none,1,0
CUST-002515,enterprise,Europe East,none,1,0
CUST-002516,enterprise,Europe East,none,1,0
CUST-002517,pro,Europe East,none,1,0
CUST-002518,pro,Europe West,none,1,0
CUST-002519,pro,Latin America,none,1,0
CUST-002520,business,Latin America,none,1,0
CUST-002521,pro,Asia Pacific,none,1,0
CUST-002522,enterprise,Europe West,none,1,0
CUST-002523,business,North America,none,1,0
CUST-002524,pro,Asia Pacific,none,1,0
CUST-002525,business,Europe East,none,1,0
CUST-002526,pro,Europe West,none,1,0
CUST-002527,business,Latin America,none,1,0
CUST-002528,enterprise,Asia Pacific,none,1,0
CUST-002529,enterprise,Asia Pacific,none,1,0
CUST-002530,pro,Europe West,none,1,0
CUST-002531,business,Europe East,none,1,0
CUST-002532,enterprise,Latin America,none,1,0
CUST-002533,free,North America,none,1,0
CUST-002534,enterprise,Latin America,none,1,0
CUST-002535,pro,Latin America,none,1,0
CUST-002536,business,Europe West,none,1,0
CUST-002537,pro,Europe East,none,1,0
CUST-002538,business,Europe East,none,1,0
CUST-002539,pro,Latin America,none,1,0
CUST-002540,free,North America,none,1,0
CUST-002541,enterprise,Latin America,none,1,0
CUST-002542,free,Europe East,none,1,0
CUST-002543,business,Europe East,none,1,0
CUST-002544,business,Europe East,none,1,0
CUST-002545,business,Europe West,none,1,0
CUST-002546,pro,Europe East,none,1,0
CUST-002547,business,Europe East,none,1,0
CUST-002548,business,Asia Pacific,none,1,0
CUST-002549,business,North America,none,1,0
CUST-002550,pro,Asia Pacific,none,1,0
CUST-002551,business,North America,none,1,0
CUST-002552,free,Asia Pacific,none,1,0
CUST-002553,business,Asia Pacific,none,1,0
CUST-002554,enterprise,North America,none,1,0
CUST-002555,business,Latin America,none,1,0
CUST-002556,business,Europe East,none,1,0
CUST-002557,enterprise,Latin America,none,1,0
CUST-002558,enterprise,North America,none,1,0
CUST-002559,business,Asia Pacific,none,1,0
CUST-002560,free,Latin America,none,1,0
CUST-002561,free,Asia Pacific,none,1,0
CUST-002562,enterprise,Europe East,none,1,0
CUST-002563,business,Europe East,none,1,0
CUST-002564,free,Europe West,none,1,0
CUST-002565,free,North America,none,1,0
CUST-002566,pro,Asia Pacific,none,1,0
CUST-002567,pro,Latin America,none,1,0
CUST-002568,pro,Europe East,none,1,0
CUST-002569,pro,Asia Pacific,none,1,0
CUST-002570,enterprise,North America,none,1,0
CUST-002571,business,Europe West,none,1,0
CUST-002572,free,North America,none,1,0
CUST-002573,pro,Latin America,none,1,0
CUST-002574,business,Europe East,none,1,0
CUST-002575,pro,North America,none,1,0
CUST-002576,enterprise,Europe West,none,1,0
CUST-002577,enterprise,Europe West,none,1,0
CUST-002578,business,Europe West,none,1,0
CUST-002579,pro,Latin America,none,1,0
CUST-002580,enterprise,Asia Pacific,none,1,0
CUST-002581,pro,Asia Pacific,none,1,0
CUST-002582,enterprise,Europe East,none,1,0
CUST-002583,pro,Asia Pacific,none,1,0
CUST-002584,pro,North America,none,1,0
CUST-002585,free,North America,none,1,0
CUST-002586,business,North America,none,1,0
CUST-002587,business,Europe West,none,1,0
CUST-002588,business,Europe West,none,1,0
CUST-002589,free,North America,none,1,0
CUST-002590,enterprise,Europe East,none,1,0
CUST-002591,business,Asia Pacific,none,1,0
CUST-002592,business,Europe West,none,1,0
CUST-002593,business,North America,none,1,0
CUST-002594,business,North America,none,1,0
CUST-002595,pro,Europe East,none,1,0
CUST-002596,enterprise,Europe East,none,1,0
CUST-002597,free,Europe West,none,1,0
CUST-002598,enterprise,North America,none,1,0
CUST-002599,pro,Europe East,none,1,0
CUST-002600,business,Asia Pacific,none,1,0
CUST-002601,free,Asia Pacific,none,1,0
CUST-002602,free,Europe West,none,1,0
CUST-002603,free,North America,none,1,0
CUST-002604,free,Latin America,none,1,0
CUST-002605,business,Asia Pacific,none,1,0
CUST-002606,enterprise,Europe West,none,1,0
CUST-002607,pro,Europe West,none,1,0
CUST-002608,pro,Europe East,none,1,0
CUST-002609,pro,Europe West,none,1,0
CUST-002610,business,Latin America,none,1,0
CUST-002611,business,Europe East,none,1,0
CUST-002612,free,North America,none,1,0
CUST-002613,pro,Asia Pacific,none,1,0
CUST-002614,pro,Europe West,none,1,0
CUST-002615,pro,Europe East,none,1,0
CUST-002616,pro,Europe East,none,1,0
CUST-002617,pro,Europe West,none,1,0
CUST-002618,pro,Europe West,none,1,0
CUST-002619,business,Latin America,none,1,0
CUST-002620,enterprise,Europe East,none,1,0
CUST-002621,enterprise,Asia Pacific,none,1,0
CUST-002622,pro,Latin America,none,1,0
CUST-002623,pro,Europe East,none,1,0
CUST-002624,free,Europe West,none,1,0
CUST-002625,free,Europe East,none,1,0
CUST-002626,free,Europe East,none,1,0
CUST-002627,business,Europe West,none,1,0
CUST-002628,pro,North America,none,1,0
CUST-002629,enterprise,Europe West,none,1,0
CUST-002630,business,Latin America,none,1,0
CUST-002631,enterprise,Latin America,none,1,0
CUST-002632,free,Latin America,none,1,0
CUST-002633,enterprise,Europe West,none,1,0
CUST-002634,enterprise,Latin America,none,1,0
CUST-002635,business,North America,none,1,0
CUST-002636,pro,Asia Pacific,none,1,0
CUST-002637,enterprise,Europe West,none,1,0
CUST-002638,enterprise,Europe West,none,1,0
CUST-002639,business,North America,none,1,0
CUST-002640,enterprise,Europe West,none,1,0
CUST-002641,enterprise,Latin America,none,1,0
CUST-002642,enterprise,Latin America,none,1,0
CUST-002643,business,North America,none,1,0
CUST-002644,business,Latin America,none,1,0
CUST-002645,free,Europe East,none,1,0
CUST-002646,free,North America,none,1,0
CUST-002647,enterprise,North America,none,1,0
CUST-002648,pro,Asia Pacific,none,1,0
CUST-002649,pro,Europe East,none,1,0
CUST-002650,business,Europe East,none,1,0
CUST-002651,enterprise,Europe East,none,1,0
CUST-002652,enterprise,Asia Pacific,none,1,0
CUST-002653,business,Latin America,none,1,0
CUST-002654,free,Asia Pacific,none,1,0
CUST-002655,enterprise,Asia Pacific,none,1,0
CUST-002656,pro,North America,none,1,0
CUST-002657,business,Asia Pacific,none,1,0
CUST-002658,business,Asia Pacific,none,1,0
CUST-002659,business,Europe East,none,1,0
CUST-002660,pro,North America,none,1,0
CUST-002661,pro,Europe West,none,1,0
CUST-002662,free,Europe West,none,1,0
CUST-002663,free,Latin America,none,1,0
CUST-002664,business,Europe East,none,1,0
CUST-002665,enterprise,Asia Pacific,none,1,0
CUST-002666,enterprise,Europe West,none,1,0
CUST-002667,enterprise,North America,none,1,0
CUST-002668,pro,Latin America,none,1,0
CUST-002669,pro,North America,none,1,0
CUST-002670,business,Europe East,none,1,0
CUST-002671,business,Latin America,none,1,0
CUST-002672,business,Asia Pacific,none,1,0
CUST-002673,pro,Asia Pacific,none,1,0
CUST-002674,pro,North America,none,1,0
CUST-002675,enterprise,Europe West,none,1,0
CUST-002676,business,Europe East,none,1,0
CUST-002677,enterprise,Europe East,none,1,0
CUST-002678,free,Asia Pacific,none,1,0
CUST-002679,pro,Latin America,none,1,0
CUST-002680,pro,Europe West,none,1,0
CUST-002681,free,North America,none,1,0
CUST-002682,pro,Europe East,none,1,0
CUST-002683,pro,Europe West,none,1,0
CUST-002684,pro,North America,none,1,0
CUST-002685,free,Europe West,none,1,0
CUST-002686,enterprise,Asia Pacific,none,1,0
CUST-002687,pro,Europe West,none,1,0
CUST-002688,business,Asia Pacific,none,1,0
CUST-002689,free,North America,none,1,0
CUST-002690,pro,Europe West,none,1,0
CUST-002691,enterprise,Latin America,none,1,0
CUST-002692,pro,Asia Pacific,none,1,0
CUST-002693,business,Asia Pacific,none,1,0
CUST-002694,pro,Europe West,none,1,0
CUST-002695,enterprise,Asia Pacific,none,1,0
CUST-002696,enterprise,Asia Pacific,none,1,0
CUST-002697,pro,Europe West,none,1,0
CUST-002698,free,Europe East,none,1,0
CUST-002699,business,Asia Pacific,none,1,0
CUST-002700,enterprise,Asia Pacific,none,1,0
CUST-002701,pro,North America,none,1,0
CUST-002702,pro,North America,none,1,0
CUST-002703,business,North America,none,1,0
CUST-002704,pro,Europe East,none,1,0
CUST-002705,free,Europe West,none,1,0
CUST-002706,free,Latin America,none,1,0
CUST-002707,pro,North America,none,1,0
CUST-002708,enterprise,Latin America,none,1,0
CUST-002709,enterprise,Asia Pacific,none,1,0
CUST-002710,business,North America,none,1,0
CUST-002711,pro,North America,none,1,0
CUST-002712,business,Latin America,none,1,0
CUST-002713,business,North America,none,1,0
CUST-002714,business,Latin America,none,1,0
CUST-002715,business,Europe East,none,1,0
CUST-002716,pro,North America,none,1,0
CUST-002717,business,Europe West,none,1,0
CUST-002718,business,Asia Pacific,none,1,0
CUST-002719,enterprise,North America,none,1,0
CUST-002720,business,Asia Pacific,none,1,0
CUST-002721,free,Asia Pacific,none,1,0
CUST-002722,pro,Asia Pacific,none,1,0
CUST-002723,business,Europe East,none,1,0
CUST-002724,free,Europe East,none,1,0
CUST-002725,pro,Asia Pacific,none,1,0
CUST-002726,free,Latin America,none,1,0
CUST-002727,pro,North America,none,1,0
CUST-002728,pro,North America,none,1,0
CUST-002729,pro,Europe East,none,1,0
CUST-002730,pro,Latin America,none,1,0
CUST-002731,business,Europe West,none,1,0
CUST-002732,business,North America,none,1,0
CUST-002733,pro,Asia Pacific,none,1,0
CUST-002734,business,Asia Pacific,none,1,0
CUST-002735,enterprise,Europe West,none,1,0
CUST-002736,pro,Latin America,none,1,0
CUST-002737,pro,North America,none,1,0
CUST-002738,enterprise,Latin America,none,1,0
CUST-002739,pro,Latin America,none,1,0
CUST-002740,business,Asia Pacific,none,1,0
CUST-002741,business,Asia Pacific,none,1,0
CUST-002742,pro,North America,none,1,0
CUST-002743,free,North America,none,1,0
CUST-002744,enterprise,Europe West,none,1,0
CUST-002745,enterprise,Asia Pacific,none,1,0
CUST-002746,pro,Europe West,none,1,0
CUST-002747,pro,North America,none,1,0
CUST-002748,free,Europe East,none,1,0
CUST-002749,enterprise,North America,none,1,0
CUST-002750,pro,Latin America,none,1,0
CUST-002751,free,Europe West,none,1,0
CUST-002752,pro,Europe West,none,1,0
CUST-002753,business,Europe West,none,1,0
CUST-002754,enterprise,Europe West,none,1,0
CUST-002755,pro,North America,none,1,0
CUST-002756,free,Europe East,none,1,0
CUST-002757,enterprise,Europe West,none,1,0
CUST-002758,business,Asia Pacific,none,1,0
CUST-002759,free,Latin America,none,1,0
CUST-002760,pro,Europe East,none,1,0
CUST-002761,free,Europe East,none,1,0
CUST-002762,enterprise,Europe East,none,1,0
CUST-002763,pro,Europe East,none,1,0
CUST-002764,pro,Latin America,none,1,0
CUST-002765,business,North America,none,1,0
CUST-002766,free,Asia Pacific,none,1,0
CUST-002767,business,Europe West,none,1,0
CUST-002768,enterprise,Europe West,none,1,0
CUST-002769,pro,North America,none,1,0
CUST-002770,pro,Europe East,none,1,0
CUST-002771,business,North America,none,1,0
CUST-002772,enterprise,Europe East,none,1,0
CUST-002773,pro,Europe East,none,1,0
CUST-002774,free,Latin America,none,1,0
CUST-002775,business,Asia Pacific,none,1,0
CUST-002776,enterprise,Europe East,none,1,0
CUST-002777,business,Europe East,none,1,0
CUST-002778,business,Europe East,none,1,0
CUST-002779,enterprise,Asia Pacific,none,1,0
CUST-002780,business,Latin America,none,1,0
CUST-002781,free,North America,none,1,0
CUST-002782,free,Europe East,none,1,0
CUST-002783,pro,Europe East,none,1,0
CUST-002784,pro,Europe West,none,1,0
CUST-002785,pro,Europe East,none,1,0
CUST-002786,free,Europe East,none,1,0
CUST-002787,enterprise,Asia Pacific,none,1,0
CUST-002788,free,Asia Pacific,none,1,0
CUST-002789,pro,Asia Pacific,none,1,0
CUST-002790,free,Europe West,none,1,0
CUST-002791,pro,Latin America,none,1,0
CUST-002792,business,Latin America,none,1,0
CUST-002793,business,Asia Pacific,none,1,0
CUST-002794,business,North America,none,1,0
CUST-002795,business,Asia Pacific,none,1,0
CUST-002796,pro,Latin America,none,1,0
CUST-002797,pro,Europe West,none,1,0
CUST-002798,free,Asia Pacific,none,1,0
CUST-002799,enterprise,Latin America,none,1,0
CUST-002800,free,Europe West,none,1,0
CUST-002801,business,Europe West,none,1,0
CUST-002802,pro,North America,none,1,0
CUST-002803,free,North America,none,1,0
CUST-002804,free,Europe East,none,1,0
CUST-002805,pro,North America,none,1,0
CUST-002806,pro,Europe West,none,1,0
CUST-002807,enterprise,North America,none,1,0
CUST-002808,enterprise,North America,none,1,0
CUST-002809,business,Europe West,none,1,0
CUST-002810,business,North America,none,1,0
CUST-002811,business,Asia Pacific,none,1,0
CUST-002812,free,Europe West,none,1,0
CUST-002813,pro,Latin America,none,1,0
CUST-002814,business,Latin America,none,1,0
CUST-002815,pro,Europe West,none,1,0
CUST-002816,business,Europe West,none,1,0
CUST-002817,pro,Latin America,none,1,0
CUST-002818,pro,Latin America,none,1,0
CUST-002819,business,Europe East,none,1,0
CUST-002820,enterprise,North America,none,1,0
CUST-002821,enterprise,Europe West,none,1,0
CUST-002822,free,Europe East,none,1,0
CUST-002823,pro,North America,none,1,0
CUST-002824,free,Latin America,none,1,0
CUST-002825,free,North America,none,1,0
CUST-002826,pro,Latin America,none,1,0
CUST-002827,enterprise,Europe West,none,1,0
CUST-002828,business,Asia Pacific,none,1,0
CUST-002829,pro,North America,none,1,0
CUST-002830,enterprise,Europe East,none,1,0
CUST-002831,free,Asia Pacific,none,1,0
CUST-002832,business,Europe East,none,1,0
CUST-002833,business,Europe East,none,1,0
CUST-002834,pro,Latin America,none,1,0
CUST-002835,business,Europe East,none,1,0
CUST-002836,enterprise,Latin America,none,1,0
CUST-002837,enterprise,Europe West,none,1,0
CUST-002838,pro,Asia Pacific,none,1,0
CUST-002839,pro,Europe East,none,1,0
CUST-002840,enterprise,North America,none,1,0
CUST-002841,pro,North America,none,1,0
CUST-002842,free,North America,none,1,0
CUST-002843,free,Europe West,none,1,0
CUST-002844,business,Europe West,none,1,0
CUST-002845,pro,Latin America,none,1,0
CUST-002846,free,Europe East,none,1,0
CUST-002847,free,Asia Pacific,none,1,0
CUST-002848,business,Latin America,none,1,0
CUST-002849,free,Asia Pacific,none,1,0
CUST-002850,pro,North America,none,1,0
CUST-002851,pro,North America,none,1,0
CUST-002852,pro,Europe West,none,1,0
CUST-002853,business,Europe West,none,1,0
CUST-002854,business,Europe East,none,1,0
CUST-002855,business,Latin America,none,1,0
CUST-002856,business,Europe West,none,1,0
CUST-002857,pro,Europe West,none,1,0
CUST-002858,enterprise,North America,none,1,0
CUST-002859,pro,Europe East,none,1,0
CUST-002860,business,North America,none,1,0
CUST-002861,enterprise,North America,none,1,0
CUST-002862,enterprise,Europe East,none,1,0
CUST-002863,free,Asia Pacific,none,1,0
CUST-002864,enterprise,North America,none,1,0
CUST-002865,business,North America,none,1,0
CUST-002866,business,Latin America,none,1,0
CUST-002867,pro,North America,none,1,0
CUST-002868,business,North America,none,1,0
CUST-002869,enterprise,Europe West,none,1,0
CUST-002870,business,Europe East,none,1,0
CUST-002871,enterprise,North America,none,1,0
CUST-002872,pro,Europe West,none,1,0
CUST-002873,business,Europe West,none,1,0
CUST-002874,business,Asia Pacific,none,1,0
CUST-002875,pro,Latin America,none,1,0
CUST-002876,free,Asia Pacific,none,1,0
CUST-002877,pro,Asia Pacific,none,1,0
CUST-002878,free,Latin America,none,1,0
CUST-002879,pro,Europe West,none,1,0
CUST-002880,enterprise,Latin America,none,1,0
CUST-002881,business,Europe West,none,1,0
CUST-002882,free,Latin America,none,1,0
CUST-002883,business,North America,none,1,0
CUST-002884,pro,Latin America,none,1,0
CUST-002885,business,Asia Pacific,none,1,0
CUST-002886,pro,North America,none,1,0
CUST-002887,free,Asia Pacific,none,1,0
CUST-002888,enterprise,Latin America,none,1,0
CUST-002889,free,Asia Pacific,none,1,0
CUST-002890,business,North America,none,1,0
CUST-002891,business,Asia Pacific,none,1,0
CUST-002892,pro,North America,none,1,0
CUST-002893,pro,Europe East,none,1,0
CUST-002894,enterprise,Europe East,none,1,0
CUST-002895,business,Latin America,none,1,0
CUST-002896,pro,North America,none,1,0
CUST-002897,business,Latin America,none,1,0
CUST-002898,enterprise,North America,none,1,0
CUST-002899,enterprise,Asia Pacific,none,1,0
CUST-002900,pro,Latin America,none,1,0
CUST-002901,enterprise,Latin America,none,1,0
CUST-002902,business,Asia Pacific,none,1,0
CUST-002903,business,North America,none,1,0
CUST-002904,pro,North America,none,1,0
CUST-002905,free,Europe West,none,1,0
CUST-002906,pro,North America,none,1,0
CUST-002907,pro,Latin America,none,1,0
CUST-002908,enterprise,Europe West,none,1,0
CUST-002909,enterprise,North America,none,1,0
CUST-002910,free,Latin America,none,1,0
CUST-002911,business,Latin America,none,1,0
CUST-002912,enterprise,Latin America,none,1,0
CUST-002913,business,Europe West,none,1,0
CUST-002914,enterprise,Europe West,none,1,0
CUST-002915,business,Latin America,none,1,0
CUST-002916,business,Europe East,none,1,0
CUST-002917,free,Latin America,none,1,0
CUST-002918,enterprise,Europe East,none,1,0
CUST-002919,business,Europe West,none,1,0
CUST-002920,enterprise,Latin America,none,1,0
CUST-002921,enterprise,Asia Pacific,none,1,0
CUST-002922,pro,Latin America,none,1,0
CUST-002923,business,North America,none,1,0
CUST-002924,business,Latin America,none,1,0
CUST-002925,pro,North America,none,1,0
CUST-002926,pro,Asia Pacific,none,1,0
CUST-002927,business,Europe East,none,1,0
CUST-002928,business,Europe East,none,1,0
CUST-002929,business,Europe West,none,1,0
CUST-002930,pro,Latin America,none,1,0
CUST-002931,business,Latin America,none,1,0
CUST-002932,pro,Asia Pacific,none,1,0
CUST-002933,pro,North America,none,1,0
CUST-002934,free,North America,none,1,0
CUST-002935,enterprise,Latin America,none,1,0
CUST-002936,business,North America,none,1,0
CUST-002937,pro,Latin America,none,1,0
CUST-002938,business,Latin America,none,1,0
CUST-002939,enterprise,Europe West,none,1,0
CUST-002940,free,Asia Pacific,none,1,0
CUST-002941,business,Latin America,none,1,0
CUST-002942,pro,North America,none,1,0
CUST-002943,free,Europe West,none,1,0
CUST-002944,business,Europe West,none,1,0
CUST-002945,business,Europe East,none,1,0
CUST-002946,business,Europe West,none,1,0
CUST-002947,pro,Europe West,none,1,0
CUST-002948,pro,Asia Pacific,none,1,0
CUST-002949,free,Asia Pacific,none,1,0
CUST-002950,business,North America,none,1,0
CUST-002951,business,Latin America,none,1,0
CUST-002952,business,Latin America,none,1,0
CUST-002953,enterprise,Asia Pacific,none,1,0
CUST-002954,pro,North America,none,1,0
CUST-002955,business,Europe West,none,1,0
CUST-002956,free,North America,none,1,0
CUST-002957,business,North America,none,1,0
CUST-002958,pro,Europe East,none,1,0
CUST-002959,free,Asia Pacific,none,1,0
CUST-002960,pro,North America,none,1,0
CUST-002961,pro,Europe East,none,1,0
CUST-002962,pro,Asia Pacific,none,1,0
CUST-002963,business,Latin America,none,1,0
CUST-002964,pro,Asia Pacific,none,1,0
CUST-002965,business,Asia Pacific,none,1,0
CUST-002966,business,North America,none,1,0
CUST-002967,business,Europe West,none,1,0
CUST-002968,pro,Europe East,none,1,0
CUST-002969,free,Asia Pacific,none,1,0
CUST-002970,pro,Asia Pacific,none,1,0
CUST-002971,free,Europe East,none,1,0
CUST-002972,business,North America,none,1,0
CUST-002973,pro,Asia Pacific,none,1,0
CUST-002974,free,Latin America,none,1,0
CUST-002975,pro,Asia Pacific,none,1,0
CUST-002976,business,Europe East,none,1,0
CUST-002977,enterprise,Latin America,none,1,0
CUST-002978,free,Asia Pacific,none,1,0
CUST-002979,enterprise,Asia Pacific,none,1,0
CUST-002980,pro,Europe East,none,1,0
CUST-002981,business,Asia Pacific,none,1,0
CUST-002982,free,Asia Pacific,none,1,0
CUST-002983,free,Europe East,none,1,0
CUST-002984,free,Europe West,none,1,0
CUST-002985,business,Latin America,none,1,0
CUST-002986,free,Europe East,none,1,0
CUST-002987,enterprise,North America,none,1,0
CUST-002988,business,North America,none,1,0
CUST-002989,pro,Asia Pacific,none,1,0
CUST-002990,enterprise,Europe East,none,1,0
CUST-002991,business,North America,none,1,0
CUST-002992,business,Europe West,none,1,0
CUST-002993,free,Europe East,none,1,0
CUST-002994,business,North America,none,1,0
CUST-002995,business,Latin America,none,1,0
CUST-002996,free,Asia Pacific,none,1,0
CUST-002997,free,Latin America,none,1,0
CUST-002998,enterprise,Latin America,none,1,0
CUST-002999,pro,Asia Pacific,none,1,0
CUST-003000,pro,Asia Pacific,none,1,0
