case_id,platform,violation_type,severity,date,action_taken,appeal_status,appeal_deadline,status,reviewer,policy_reference,channel_context,automated_flag,human_reviewed,escalated,notes
VIOL-01001,youtube,misinformation,medium,2025-10-12,strike_1,not_appealed,2026-04-10,pending,human_review,policy_ref_youtube_misinformation,politics,true,pending,false,New batch case 1001 detected via automated monitoring. Violation: misinformation. Platform: youtube. Content removed pending review completion. Case severity: medium. Escalation status: false.
VIOL-01002,youtube,hate_speech,critical,2025-10-09,channel_removal,not_appealed,2026-04-11,pending,human_review,policy_ref_youtube_hate_speech,sports,false,pending,true,New batch case 1002 detected via automated monitoring. Violation: hate_speech. Platform: youtube. Content removed pending review completion. Case severity: critical. Escalation status: true.
VIOL-01003,reddit,rule6_safety,low,2025-10-11,warning,not_appealed,2026-04-19,pending,human_review,policy_ref_reddit_rule6_safety,politics,true,true,false,New batch case 1003 detected via automated monitoring. Violation: rule6_safety. Platform: reddit. Content removed pending review completion. Case severity: low. Escalation status: false.
VIOL-01004,reddit,rule2_manipulation,low,2025-10-07,permanent_ban,not_appealed,2026-04-07,pending,human_review,policy_ref_reddit_rule2_manipulation,entertainment,true,pending,false,New batch case 1004 detected via automated monitoring. Violation: rule2_manipulation. Platform: reddit. Content removed pending review completion. Case severity: low. Escalation status: false.
VIOL-01005,meta,violent_graphic,critical,2025-10-03,warning,not_appealed,2026-04-27,pending,human_review,policy_ref_meta_violent_graphic,politics,false,true,true,New batch case 1005 detected via automated monitoring. Violation: violent_graphic. Platform: meta. Content removed pending review completion. Case severity: critical. Escalation status: true.
VIOL-01006,reddit,rule4_csam,high,2025-10-06,suspend_3d,not_appealed,2026-04-27,pending,human_review,policy_ref_reddit_rule4_csam,entertainment,true,false,false,New batch case 1006 detected via automated monitoring. Violation: rule4_csam. Platform: reddit. Content removed pending review completion. Case severity: high. Escalation status: false.
VIOL-01007,meta,violent_graphic,high,2025-10-09,content_ban_1d,not_appealed,2026-04-21,pending,human_review,policy_ref_meta_violent_graphic,education,false,true,false,New batch case 1007 detected via automated monitoring. Violation: violent_graphic. Platform: meta. Content removed pending review completion. Case severity: high. Escalation status: false.
VIOL-01008,meta,csam,critical,2025-10-10,warning,not_appealed,2026-04-09,pending,human_review,policy_ref_meta_csam,news,false,pending,true,New batch case 1008 detected via automated monitoring. Violation: csam. Platform: meta. Content removed pending review completion. Case severity: critical. Escalation status: true.
VIOL-01009,youtube,extremism,high,2025-10-05,warning,not_appealed,2026-04-20,pending,human_review,policy_ref_youtube_extremism,science,false,true,false,New batch case 1009 detected via automated monitoring. Violation: extremism. Platform: youtube. Content removed pending review completion. Case severity: high. Escalation status: false.
VIOL-01010,reddit,rule5_misinfo,critical,2025-10-08,suspend_7d,not_appealed,2026-04-04,pending,human_review,policy_ref_reddit_rule5_misinfo,news,false,false,true,New batch case 1010 detected via automated monitoring. Violation: rule5_misinfo. Platform: reddit. Content removed pending review completion. Case severity: critical. Escalation status: true.
VIOL-01011,tiktok,sensitive_mature,critical,2025-10-09,video_removal,not_appealed,2026-04-21,pending,human_review,policy_ref_tiktok_sensitive_mature,sports,false,pending,true,New batch case 1011 detected via automated monitoring. Violation: sensitive_mature. Platform: tiktok. Content removed pending review completion. Case severity: critical. Escalation status: true.
VIOL-01012,tiktok,safety_civility,medium,2025-10-13,shadowban,not_appealed,2026-04-18,pending,human_review,policy_ref_tiktok_safety_civility,science,false,false,false,New batch case 1012 detected via automated monitoring. Violation: safety_civility. Platform: tiktok. Content removed pending review completion. Case severity: medium. Escalation status: false.
VIOL-01013,youtube,spam,high,2025-10-12,channel_removal,not_appealed,2026-04-17,pending,human_review,policy_ref_youtube_spam,entertainment,false,false,false,New batch case 1013 detected via automated monitoring. Violation: spam. Platform: youtube. Content removed pending review completion. Case severity: high. Escalation status: false.
VIOL-01014,tiktok,privacy_security,critical,2025-10-05,video_removal,not_appealed,2026-04-06,pending,human_review,policy_ref_tiktok_privacy_security,music,true,pending,true,New batch case 1014 detected via automated monitoring. Violation: privacy_security. Platform: tiktok. Content removed pending review completion. Case severity: critical. Escalation status: true.
VIOL-01015,meta,bullying_harassment,critical,2025-10-10,warning,not_appealed,2026-04-18,pending,human_review,policy_ref_meta_bullying_harassment,music,true,pending,true,New batch case 1015 detected via automated monitoring. Violation: bullying_harassment. Platform: meta. Content removed pending review completion. Case severity: critical. Escalation status: true.
VIOL-01016,youtube,child_safety,high,2025-10-03,channel_removal,not_appealed,2026-04-04,pending,human_review,policy_ref_youtube_child_safety,music,true,pending,false,New batch case 1016 detected via automated monitoring. Violation: child_safety. Platform: youtube. Content removed pending review completion. Case severity: high. Escalation status: false.
VIOL-01017,reddit,rule2_manipulation,high,2025-10-14,suspend_3d,not_appealed,2026-04-16,pending,human_review,policy_ref_reddit_rule2_manipulation,entertainment,true,pending,false,New batch case 1017 detected via automated monitoring. Violation: rule2_manipulation. Platform: reddit. Content removed pending review completion. Case severity: high. Escalation status: false.
VIOL-01018,reddit,rule6_safety,medium,2025-10-13,permanent_ban,not_appealed,2026-04-09,pending,human_review,policy_ref_reddit_rule6_safety,sports,true,false,false,New batch case 1018 detected via automated monitoring. Violation: rule6_safety. Platform: reddit. Content removed pending review completion. Case severity: medium. Escalation status: false.
VIOL-01019,youtube,violent_content,high,2025-10-07,warning,not_appealed,2026-04-02,pending,human_review,policy_ref_youtube_violent_content,finance,false,false,false,New batch case 1019 detected via automated monitoring. Violation: violent_content. Platform: youtube. Content removed pending review completion. Case severity: high. Escalation status: false.
VIOL-01020,meta,csam,medium,2025-10-01,content_ban_30d,not_appealed,2026-04-09,pending,human_review,policy_ref_meta_csam,news,true,pending,false,New batch case 1020 detected via automated monitoring. Violation: csam. Platform: meta. Content removed pending review completion. Case severity: medium. Escalation status: false.
VIOL-01021,tiktok,safety_civility,low,2025-10-07,warning,not_appealed,2026-04-17,pending,human_review,policy_ref_tiktok_safety_civility,finance,true,pending,false,New batch case 1021 detected via automated monitoring. Violation: safety_civility. Platform: tiktok. Content removed pending review completion. Case severity: low. Escalation status: false.
VIOL-01022,reddit,rule1_hate,low,2025-10-06,suspend_3d,not_appealed,2026-04-09,pending,human_review,policy_ref_reddit_rule1_hate,sports,true,false,false,New batch case 1022 detected via automated monitoring. Violation: rule1_hate. Platform: reddit. Content removed pending review completion. Case severity: low. Escalation status: false.
VIOL-01023,meta,dangerous_orgs,high,2025-10-09,content_ban_30d,not_appealed,2026-04-03,pending,human_review,policy_ref_meta_dangerous_orgs,finance,false,pending,false,New batch case 1023 detected via automated monitoring. Violation: dangerous_orgs. Platform: meta. Content removed pending review completion. Case severity: high. Escalation status: false.
VIOL-01024,reddit,rule5_misinfo,low,2025-10-06,warning,not_appealed,2026-04-21,pending,human_review,policy_ref_reddit_rule5_misinfo,news,true,pending,false,New batch case 1024 detected via automated monitoring. Violation: rule5_misinfo. Platform: reddit. Content removed pending review completion. Case severity: low. Escalation status: false.
VIOL-01025,tiktok,safety_civility,medium,2025-10-15,permanent_ban,not_appealed,2026-04-09,pending,human_review,policy_ref_tiktok_safety_civility,education,true,false,false,New batch case 1025 detected via automated monitoring. Violation: safety_civility. Platform: tiktok. Content removed pending review completion. Case severity: medium. Escalation status: false.
VIOL-01026,youtube,spam,critical,2025-10-02,channel_removal,not_appealed,2026-04-02,pending,human_review,policy_ref_youtube_spam,finance,true,false,true,New batch case 1026 detected via automated monitoring. Violation: spam. Platform: youtube. Content removed pending review completion. Case severity: critical. Escalation status: true.
VIOL-01027,tiktok,edited_media_ai,low,2025-10-02,warning,not_appealed,2026-04-16,pending,human_review,policy_ref_tiktok_edited_media_ai,gaming,true,pending,false,New batch case 1027 detected via automated monitoring. Violation: edited_media_ai. Platform: tiktok. Content removed pending review completion. Case severity: low. Escalation status: false.
VIOL-01028,tiktok,spam_manipulation,high,2025-10-04,video_removal,not_appealed,2026-04-11,pending,human_review,policy_ref_tiktok_spam_manipulation,sports,true,true,false,New batch case 1028 detected via automated monitoring. Violation: spam_manipulation. Platform: tiktok. Content removed pending review completion. Case severity: high. Escalation status: false.
VIOL-01029,reddit,rule7_illegal,high,2025-10-08,permanent_ban,not_appealed,2026-04-19,pending,human_review,policy_ref_reddit_rule7_illegal,gaming,true,false,false,New batch case 1029 detected via automated monitoring. Violation: rule7_illegal. Platform: reddit. Content removed pending review completion. Case severity: high. Escalation status: false.
VIOL-01030,tiktok,spam_manipulation,low,2025-10-11,permanent_ban,not_appealed,2026-04-10,pending,human_review,policy_ref_tiktok_spam_manipulation,gaming,false,pending,false,New batch case 1030 detected via automated monitoring. Violation: spam_manipulation. Platform: tiktok. Content removed pending review completion. Case severity: low. Escalation status: false.
VIOL-01031,tiktok,privacy_security,high,2025-10-12,shadowban,not_appealed,2026-04-28,pending,human_review,policy_ref_tiktok_privacy_security,music,true,pending,false,New batch case 1031 detected via automated monitoring. Violation: privacy_security. Platform: tiktok. Content removed pending review completion. Case severity: high. Escalation status: false.
VIOL-01032,meta,hate_speech,low,2025-10-03,content_ban_3d,not_appealed,2026-04-17,pending,human_review,policy_ref_meta_hate_speech,science,true,false,false,New batch case 1032 detected via automated monitoring. Violation: hate_speech. Platform: meta. Content removed pending review completion. Case severity: low. Escalation status: false.
VIOL-01033,meta,csam,low,2025-10-12,feature_restrict,not_appealed,2026-04-22,pending,human_review,policy_ref_meta_csam,politics,true,pending,false,New batch case 1033 detected via automated monitoring. Violation: csam. Platform: meta. Content removed pending review completion. Case severity: low. Escalation status: false.
VIOL-01034,youtube,spam,high,2025-10-01,strike_2,not_appealed,2026-04-07,pending,human_review,policy_ref_youtube_spam,sports,false,true,false,New batch case 1034 detected via automated monitoring. Violation: spam. Platform: youtube. Content removed pending review completion. Case severity: high. Escalation status: false.
VIOL-01035,meta,violent_graphic,medium,2025-10-06,warning,not_appealed,2026-04-18,pending,human_review,policy_ref_meta_violent_graphic,music,false,pending,false,New batch case 1035 detected via automated monitoring. Violation: violent_graphic. Platform: meta. Content removed pending review completion. Case severity: medium. Escalation status: false.
VIOL-01036,youtube,hate_speech,critical,2025-10-09,strike_2,not_appealed,2026-04-10,pending,human_review,policy_ref_youtube_hate_speech,entertainment,true,pending,true,New batch case 1036 detected via automated monitoring. Violation: hate_speech. Platform: youtube. Content removed pending review completion. Case severity: critical. Escalation status: true.
VIOL-01037,tiktok,safety_civility,critical,2025-10-05,shadowban,not_appealed,2026-04-10,pending,human_review,policy_ref_tiktok_safety_civility,news,true,false,true,New batch case 1037 detected via automated monitoring. Violation: safety_civility. Platform: tiktok. Content removed pending review completion. Case severity: critical. Escalation status: true.
VIOL-01038,tiktok,sensitive_mature,low,2025-10-05,video_removal,not_appealed,2026-04-13,pending,human_review,policy_ref_tiktok_sensitive_mature,gaming,true,false,false,New batch case 1038 detected via automated monitoring. Violation: sensitive_mature. Platform: tiktok. Content removed pending review completion. Case severity: low. Escalation status: false.
VIOL-01039,tiktok,spam_manipulation,medium,2025-10-13,video_removal,not_appealed,2026-04-14,pending,human_review,policy_ref_tiktok_spam_manipulation,science,false,false,false,New batch case 1039 detected via automated monitoring. Violation: spam_manipulation. Platform: tiktok. Content removed pending review completion. Case severity: medium. Escalation status: false.
VIOL-01040,reddit,rule6_safety,high,2025-10-05,suspend_7d,not_appealed,2026-04-13,pending,human_review,policy_ref_reddit_rule6_safety,music,false,true,false,New batch case 1040 detected via automated monitoring. Violation: rule6_safety. Platform: reddit. Content removed pending review completion. Case severity: high. Escalation status: false.
VIOL-01041,youtube,extremism,high,2025-10-05,strike_1,not_appealed,2026-04-24,pending,human_review,policy_ref_youtube_extremism,news,false,pending,false,New batch case 1041 detected via automated monitoring. Violation: extremism. Platform: youtube. Content removed pending review completion. Case severity: high. Escalation status: false.
VIOL-01042,tiktok,sensitive_mature,high,2025-10-05,shadowban,not_appealed,2026-04-12,pending,human_review,policy_ref_tiktok_sensitive_mature,science,true,true,false,New batch case 1042 detected via automated monitoring. Violation: sensitive_mature. Platform: tiktok. Content removed pending review completion. Case severity: high. Escalation status: false.
VIOL-01043,youtube,child_safety,low,2025-10-13,strike_2,not_appealed,2026-04-16,pending,human_review,policy_ref_youtube_child_safety,entertainment,false,true,false,New batch case 1043 detected via automated monitoring. Violation: child_safety. Platform: youtube. Content removed pending review completion. Case severity: low. Escalation status: false.
VIOL-01044,tiktok,misinformation,critical,2025-10-13,permanent_ban,not_appealed,2026-04-20,pending,human_review,policy_ref_tiktok_misinformation,music,false,false,true,New batch case 1044 detected via automated monitoring. Violation: misinformation. Platform: tiktok. Content removed pending review completion. Case severity: critical. Escalation status: true.
VIOL-01045,tiktok,edited_media_ai,high,2025-10-02,permanent_ban,not_appealed,2026-04-02,pending,human_review,policy_ref_tiktok_edited_media_ai,finance,true,false,false,New batch case 1045 detected via automated monitoring. Violation: edited_media_ai. Platform: tiktok. Content removed pending review completion. Case severity: high. Escalation status: false.
VIOL-01046,reddit,rule4_csam,critical,2025-10-11,suspend_3d,not_appealed,2026-04-04,pending,human_review,policy_ref_reddit_rule4_csam,music,true,pending,true,New batch case 1046 detected via automated monitoring. Violation: rule4_csam. Platform: reddit. Content removed pending review completion. Case severity: critical. Escalation status: true.
VIOL-01047,tiktok,sensitive_mature,low,2025-10-10,video_removal,not_appealed,2026-04-24,pending,human_review,policy_ref_tiktok_sensitive_mature,news,true,false,false,New batch case 1047 detected via automated monitoring. Violation: sensitive_mature. Platform: tiktok. Content removed pending review completion. Case severity: low. Escalation status: false.
VIOL-01048,tiktok,privacy_security,medium,2025-10-10,video_removal,not_appealed,2026-04-25,pending,human_review,policy_ref_tiktok_privacy_security,finance,false,pending,false,New batch case 1048 detected via automated monitoring. Violation: privacy_security. Platform: tiktok. Content removed pending review completion. Case severity: medium. Escalation status: false.
VIOL-01049,reddit,rule4_csam,high,2025-10-02,suspend_7d,not_appealed,2026-04-11,pending,human_review,policy_ref_reddit_rule4_csam,politics,true,true,false,New batch case 1049 detected via automated monitoring. Violation: rule4_csam. Platform: reddit. Content removed pending review completion. Case severity: high. Escalation status: false.
VIOL-01050,tiktok,sensitive_mature,high,2025-10-12,permanent_ban,not_appealed,2026-04-18,pending,human_review,policy_ref_tiktok_sensitive_mature,education,true,pending,false,New batch case 1050 detected via automated monitoring. Violation: sensitive_mature. Platform: tiktok. Content removed pending review completion. Case severity: high. Escalation status: false.
VIOL-01051,youtube,misinformation,high,2025-10-11,channel_removal,not_appealed,2026-04-11,pending,human_review,policy_ref_youtube_misinformation,education,false,false,false,New batch case 1051 detected via automated monitoring. Violation: misinformation. Platform: youtube. Content removed pending review completion. Case severity: high. Escalation status: false.
VIOL-01052,tiktok,sensitive_mature,critical,2025-10-05,shadowban,not_appealed,2026-04-20,pending,human_review,policy_ref_tiktok_sensitive_mature,education,true,false,true,New batch case 1052 detected via automated monitoring. Violation: sensitive_mature. Platform: tiktok. Content removed pending review completion. Case severity: critical. Escalation status: true.
VIOL-01053,tiktok,edited_media_ai,low,2025-10-03,permanent_ban,not_appealed,2026-04-23,pending,human_review,policy_ref_tiktok_edited_media_ai,politics,false,pending,false,New batch case 1053 detected via automated monitoring. Violation: edited_media_ai. Platform: tiktok. Content removed pending review completion. Case severity: low. Escalation status: false.
VIOL-01054,meta,hate_speech,critical,2025-10-04,content_ban_1d,not_appealed,2026-04-01,pending,human_review,policy_ref_meta_hate_speech,science,false,true,true,New batch case 1054 detected via automated monitoring. Violation: hate_speech. Platform: meta. Content removed pending review completion. Case severity: critical. Escalation status: true.
VIOL-01055,meta,cybersecurity,medium,2025-10-03,feature_restrict,not_appealed,2026-04-04,pending,human_review,policy_ref_meta_cybersecurity,entertainment,false,pending,false,New batch case 1055 detected via automated monitoring. Violation: cybersecurity. Platform: meta. Content removed pending review completion. Case severity: medium. Escalation status: false.
VIOL-01056,reddit,rule6_safety,medium,2025-10-02,suspend_3d,not_appealed,2026-04-28,pending,human_review,policy_ref_reddit_rule6_safety,gaming,false,pending,false,New batch case 1056 detected via automated monitoring. Violation: rule6_safety. Platform: reddit. Content removed pending review completion. Case severity: medium. Escalation status: false.
VIOL-01057,youtube,misinformation,high,2025-10-04,warning,not_appealed,2026-04-16,pending,human_review,policy_ref_youtube_misinformation,science,false,false,false,New batch case 1057 detected via automated monitoring. Violation: misinformation. Platform: youtube. Content removed pending review completion. Case severity: high. Escalation status: false.
VIOL-01058,youtube,misinformation,medium,2025-10-08,strike_2,not_appealed,2026-04-27,pending,human_review,policy_ref_youtube_misinformation,news,true,false,false,New batch case 1058 detected via automated monitoring. Violation: misinformation. Platform: youtube. Content removed pending review completion. Case severity: medium. Escalation status: false.
VIOL-01059,meta,violent_graphic,low,2025-10-13,content_ban_30d,not_appealed,2026-04-27,pending,human_review,policy_ref_meta_violent_graphic,entertainment,true,true,false,New batch case 1059 detected via automated monitoring. Violation: violent_graphic. Platform: meta. Content removed pending review completion. Case severity: low. Escalation status: false.
VIOL-01060,youtube,child_safety,high,2025-10-11,strike_2,not_appealed,2026-04-03,pending,human_review,policy_ref_youtube_child_safety,entertainment,true,true,false,New batch case 1060 detected via automated monitoring. Violation: child_safety. Platform: youtube. Content removed pending review completion. Case severity: high. Escalation status: false.
VIOL-01061,meta,bullying_harassment,critical,2025-10-06,content_ban_1d,not_appealed,2026-04-26,pending,human_review,policy_ref_meta_bullying_harassment,gaming,false,true,true,New batch case 1061 detected via automated monitoring. Violation: bullying_harassment. Platform: meta. Content removed pending review completion. Case severity: critical. Escalation status: true.
VIOL-01062,reddit,rule2_manipulation,critical,2025-10-03,warning,not_appealed,2026-04-02,pending,human_review,policy_ref_reddit_rule2_manipulation,sports,true,false,true,New batch case 1062 detected via automated monitoring. Violation: rule2_manipulation. Platform: reddit. Content removed pending review completion. Case severity: critical. Escalation status: true.
VIOL-01063,tiktok,sensitive_mature,critical,2025-10-14,permanent_ban,not_appealed,2026-04-04,pending,human_review,policy_ref_tiktok_sensitive_mature,entertainment,true,false,true,New batch case 1063 detected via automated monitoring. Violation: sensitive_mature. Platform: tiktok. Content removed pending review completion. Case severity: critical. Escalation status: true.
VIOL-01064,reddit,rule4_csam,low,2025-10-02,permanent_ban,not_appealed,2026-04-12,pending,human_review,policy_ref_reddit_rule4_csam,music,true,false,false,New batch case 1064 detected via automated monitoring. Violation: rule4_csam. Platform: reddit. Content removed pending review completion. Case severity: low. Escalation status: false.
VIOL-01065,youtube,extremism,medium,2025-10-14,channel_removal,not_appealed,2026-04-23,pending,human_review,policy_ref_youtube_extremism,sports,true,pending,false,New batch case 1065 detected via automated monitoring. Violation: extremism. Platform: youtube. Content removed pending review completion. Case severity: medium. Escalation status: false.
VIOL-01066,tiktok,spam_manipulation,low,2025-10-12,video_removal,not_appealed,2026-04-28,pending,human_review,policy_ref_tiktok_spam_manipulation,sports,true,false,false,New batch case 1066 detected via automated monitoring. Violation: spam_manipulation. Platform: tiktok. Content removed pending review completion. Case severity: low. Escalation status: false.
VIOL-01067,tiktok,misinformation,medium,2025-10-11,permanent_ban,not_appealed,2026-04-28,pending,human_review,policy_ref_tiktok_misinformation,science,true,true,false,New batch case 1067 detected via automated monitoring. Violation: misinformation. Platform: tiktok. Content removed pending review completion. Case severity: medium. Escalation status: false.
VIOL-01068,tiktok,misinformation,high,2025-10-02,warning,not_appealed,2026-04-15,pending,human_review,policy_ref_tiktok_misinformation,education,true,true,false,New batch case 1068 detected via automated monitoring. Violation: misinformation. Platform: tiktok. Content removed pending review completion. Case severity: high. Escalation status: false.
VIOL-01069,reddit,rule1_hate,medium,2025-10-06,suspend_7d,not_appealed,2026-04-07,pending,human_review,policy_ref_reddit_rule1_hate,music,true,false,false,New batch case 1069 detected via automated monitoring. Violation: rule1_hate. Platform: reddit. Content removed pending review completion. Case severity: medium. Escalation status: false.
VIOL-01070,meta,bullying_harassment,low,2025-10-06,content_ban_3d,not_appealed,2026-04-18,pending,human_review,policy_ref_meta_bullying_harassment,gaming,false,true,false,New batch case 1070 detected via automated monitoring. Violation: bullying_harassment. Platform: meta. Content removed pending review completion. Case severity: low. Escalation status: false.
VIOL-01071,tiktok,spam_manipulation,medium,2025-10-07,warning,not_appealed,2026-04-17,pending,human_review,policy_ref_tiktok_spam_manipulation,entertainment,false,pending,false,New batch case 1071 detected via automated monitoring. Violation: spam_manipulation. Platform: tiktok. Content removed pending review completion. Case severity: medium. Escalation status: false.
VIOL-01072,youtube,extremism,medium,2025-10-15,strike_1,not_appealed,2026-04-19,pending,human_review,policy_ref_youtube_extremism,science,true,false,false,New batch case 1072 detected via automated monitoring. Violation: extremism. Platform: youtube. Content removed pending review completion. Case severity: medium. Escalation status: false.
VIOL-01073,tiktok,privacy_security,critical,2025-10-12,shadowban,not_appealed,2026-04-11,pending,human_review,policy_ref_tiktok_privacy_security,finance,true,pending,true,New batch case 1073 detected via automated monitoring. Violation: privacy_security. Platform: tiktok. Content removed pending review completion. Case severity: critical. Escalation status: true.
VIOL-01074,tiktok,safety_civility,low,2025-10-11,shadowban,not_appealed,2026-04-07,pending,human_review,policy_ref_tiktok_safety_civility,entertainment,true,pending,false,New batch case 1074 detected via automated monitoring. Violation: safety_civility. Platform: tiktok. Content removed pending review completion. Case severity: low. Escalation status: false.
VIOL-01075,reddit,rule5_misinfo,critical,2025-10-15,permanent_ban,not_appealed,2026-04-09,pending,human_review,policy_ref_reddit_rule5_misinfo,politics,true,pending,true,New batch case 1075 detected via automated monitoring. Violation: rule5_misinfo. Platform: reddit. Content removed pending review completion. Case severity: critical. Escalation status: true.
VIOL-01076,meta,dangerous_orgs,high,2025-10-11,content_ban_1d,not_appealed,2026-04-15,pending,human_review,policy_ref_meta_dangerous_orgs,science,true,pending,false,New batch case 1076 detected via automated monitoring. Violation: dangerous_orgs. Platform: meta. Content removed pending review completion. Case severity: high. Escalation status: false.
VIOL-01077,youtube,hate_speech,medium,2025-10-15,channel_removal,not_appealed,2026-04-10,pending,human_review,policy_ref_youtube_hate_speech,entertainment,true,pending,false,New batch case 1077 detected via automated monitoring. Violation: hate_speech. Platform: youtube. Content removed pending review completion. Case severity: medium. Escalation status: false.
VIOL-01078,youtube,spam,low,2025-10-05,warning,not_appealed,2026-04-08,pending,human_review,policy_ref_youtube_spam,entertainment,true,false,false,New batch case 1078 detected via automated monitoring. Violation: spam. Platform: youtube. Content removed pending review completion. Case severity: low. Escalation status: false.
VIOL-01079,youtube,hate_speech,medium,2025-10-11,warning,not_appealed,2026-04-09,pending,human_review,policy_ref_youtube_hate_speech,entertainment,false,true,false,New batch case 1079 detected via automated monitoring. Violation: hate_speech. Platform: youtube. Content removed pending review completion. Case severity: medium. Escalation status: false.
VIOL-01080,reddit,rule2_manipulation,low,2025-10-07,suspend_7d,not_appealed,2026-04-27,pending,human_review,policy_ref_reddit_rule2_manipulation,news,true,pending,false,New batch case 1080 detected via automated monitoring. Violation: rule2_manipulation. Platform: reddit. Content removed pending review completion. Case severity: low. Escalation status: false.
VIOL-01081,meta,inauthentic_behavior,high,2025-10-12,content_ban_7d,not_appealed,2026-04-27,pending,human_review,policy_ref_meta_inauthentic_behavior,finance,false,pending,false,New batch case 1081 detected via automated monitoring. Violation: inauthentic_behavior. Platform: meta. Content removed pending review completion. Case severity: high. Escalation status: false.
VIOL-01082,meta,cybersecurity,medium,2025-10-04,content_ban_7d,not_appealed,2026-04-12,pending,human_review,policy_ref_meta_cybersecurity,politics,false,true,false,New batch case 1082 detected via automated monitoring. Violation: cybersecurity. Platform: meta. Content removed pending review completion. Case severity: medium. Escalation status: false.
VIOL-01083,tiktok,edited_media_ai,low,2025-10-02,warning,not_appealed,2026-04-11,pending,human_review,policy_ref_tiktok_edited_media_ai,sports,true,true,false,New batch case 1083 detected via automated monitoring. Violation: edited_media_ai. Platform: tiktok. Content removed pending review completion. Case severity: low. Escalation status: false.
VIOL-01084,tiktok,misinformation,critical,2025-10-12,shadowban,not_appealed,2026-04-07,pending,human_review,policy_ref_tiktok_misinformation,news,false,true,true,New batch case 1084 detected via automated monitoring. Violation: misinformation. Platform: tiktok. Content removed pending review completion. Case severity: critical. Escalation status: true.
VIOL-01085,reddit,rule1_hate,medium,2025-10-09,suspend_3d,not_appealed,2026-04-13,pending,human_review,policy_ref_reddit_rule1_hate,entertainment,true,true,false,New batch case 1085 detected via automated monitoring. Violation: rule1_hate. Platform: reddit. Content removed pending review completion. Case severity: medium. Escalation status: false.
VIOL-01086,tiktok,sensitive_mature,high,2025-10-07,shadowban,not_appealed,2026-04-07,pending,human_review,policy_ref_tiktok_sensitive_mature,news,true,false,false,New batch case 1086 detected via automated monitoring. Violation: sensitive_mature. Platform: tiktok. Content removed pending review completion. Case severity: high. Escalation status: false.
VIOL-01087,meta,violent_graphic,critical,2025-10-14,warning,not_appealed,2026-04-20,pending,human_review,policy_ref_meta_violent_graphic,entertainment,false,false,true,New batch case 1087 detected via automated monitoring. Violation: violent_graphic. Platform: meta. Content removed pending review completion. Case severity: critical. Escalation status: true.
VIOL-01088,tiktok,privacy_security,low,2025-10-13,video_removal,not_appealed,2026-04-19,pending,human_review,policy_ref_tiktok_privacy_security,entertainment,false,false,false,New batch case 1088 detected via automated monitoring. Violation: privacy_security. Platform: tiktok. Content removed pending review completion. Case severity: low. Escalation status: false.
VIOL-01089,reddit,rule2_manipulation,high,2025-10-07,suspend_3d,not_appealed,2026-04-22,pending,human_review,policy_ref_reddit_rule2_manipulation,gaming,true,true,false,New batch case 1089 detected via automated monitoring. Violation: rule2_manipulation. Platform: reddit. Content removed pending review completion. Case severity: high. Escalation status: false.
VIOL-01090,reddit,rule7_illegal,critical,2025-10-07,permanent_ban,not_appealed,2026-04-17,pending,human_review,policy_ref_reddit_rule7_illegal,news,false,true,true,New batch case 1090 detected via automated monitoring. Violation: rule7_illegal. Platform: reddit. Content removed pending review completion. Case severity: critical. Escalation status: true.
VIOL-01091,meta,fraud_deception,critical,2025-10-02,feature_restrict,not_appealed,2026-04-02,pending,human_review,policy_ref_meta_fraud_deception,entertainment,false,pending,true,New batch case 1091 detected via automated monitoring. Violation: fraud_deception. Platform: meta. Content removed pending review completion. Case severity: critical. Escalation status: true.
VIOL-01092,youtube,violent_content,medium,2025-10-12,strike_1,not_appealed,2026-04-21,pending,human_review,policy_ref_youtube_violent_content,sports,true,false,false,New batch case 1092 detected via automated monitoring. Violation: violent_content. Platform: youtube. Content removed pending review completion. Case severity: medium. Escalation status: false.
VIOL-01093,youtube,extremism,medium,2025-10-15,strike_1,not_appealed,2026-04-16,pending,human_review,policy_ref_youtube_extremism,sports,true,pending,false,New batch case 1093 detected via automated monitoring. Violation: extremism. Platform: youtube. Content removed pending review completion. Case severity: medium. Escalation status: false.
VIOL-01094,tiktok,edited_media_ai,medium,2025-10-03,permanent_ban,not_appealed,2026-04-19,pending,human_review,policy_ref_tiktok_edited_media_ai,education,true,pending,false,New batch case 1094 detected via automated monitoring. Violation: edited_media_ai. Platform: tiktok. Content removed pending review completion. Case severity: medium. Escalation status: false.
VIOL-01095,reddit,rule4_csam,high,2025-10-10,permanent_ban,not_appealed,2026-04-04,pending,human_review,policy_ref_reddit_rule4_csam,news,false,true,false,New batch case 1095 detected via automated monitoring. Violation: rule4_csam. Platform: reddit. Content removed pending review completion. Case severity: high. Escalation status: false.
VIOL-01096,reddit,rule6_safety,critical,2025-10-13,warning,not_appealed,2026-04-26,pending,human_review,policy_ref_reddit_rule6_safety,politics,true,true,true,New batch case 1096 detected via automated monitoring. Violation: rule6_safety. Platform: reddit. Content removed pending review completion. Case severity: critical. Escalation status: true.
VIOL-01097,tiktok,privacy_security,critical,2025-10-09,video_removal,not_appealed,2026-04-10,pending,human_review,policy_ref_tiktok_privacy_security,science,true,pending,true,New batch case 1097 detected via automated monitoring. Violation: privacy_security. Platform: tiktok. Content removed pending review completion. Case severity: critical. Escalation status: true.
VIOL-01098,youtube,harassment,critical,2025-10-01,channel_removal,not_appealed,2026-04-22,pending,human_review,policy_ref_youtube_harassment,science,true,pending,true,New batch case 1098 detected via automated monitoring. Violation: harassment. Platform: youtube. Content removed pending review completion. Case severity: critical. Escalation status: true.
VIOL-01099,meta,spam,medium,2025-10-08,content_ban_7d,not_appealed,2026-04-15,pending,human_review,policy_ref_meta_spam,gaming,true,true,false,New batch case 1099 detected via automated monitoring. Violation: spam. Platform: meta. Content removed pending review completion. Case severity: medium. Escalation status: false.
VIOL-01100,reddit,rule6_safety,low,2025-10-13,permanent_ban,not_appealed,2026-04-27,pending,human_review,policy_ref_reddit_rule6_safety,gaming,false,false,false,New batch case 1100 detected via automated monitoring. Violation: rule6_safety. Platform: reddit. Content removed pending review completion. Case severity: low. Escalation status: false.
VIOL-01101,reddit,rule2_manipulation,low,2025-10-05,suspend_7d,not_appealed,2026-04-23,pending,human_review,policy_ref_reddit_rule2_manipulation,finance,true,true,false,New batch case 1101 detected via automated monitoring. Violation: rule2_manipulation. Platform: reddit. Content removed pending review completion. Case severity: low. Escalation status: false.
VIOL-01102,youtube,harassment,critical,2025-10-01,warning,not_appealed,2026-04-21,pending,human_review,policy_ref_youtube_harassment,music,true,false,true,New batch case 1102 detected via automated monitoring. Violation: harassment. Platform: youtube. Content removed pending review completion. Case severity: critical. Escalation status: true.
VIOL-01103,meta,spam,low,2025-10-04,content_ban_30d,not_appealed,2026-04-26,pending,human_review,policy_ref_meta_spam,music,false,true,false,New batch case 1103 detected via automated monitoring. Violation: spam. Platform: meta. Content removed pending review completion. Case severity: low. Escalation status: false.
VIOL-01104,tiktok,safety_civility,critical,2025-10-02,permanent_ban,not_appealed,2026-04-20,pending,human_review,policy_ref_tiktok_safety_civility,entertainment,false,false,true,New batch case 1104 detected via automated monitoring. Violation: safety_civility. Platform: tiktok. Content removed pending review completion. Case severity: critical. Escalation status: true.
VIOL-01105,reddit,rule1_hate,high,2025-10-12,suspend_7d,not_appealed,2026-04-24,pending,human_review,policy_ref_reddit_rule1_hate,entertainment,false,pending,false,New batch case 1105 detected via automated monitoring. Violation: rule1_hate. Platform: reddit. Content removed pending review completion. Case severity: high. Escalation status: false.
VIOL-01106,meta,bullying_harassment,medium,2025-10-06,content_ban_7d,not_appealed,2026-04-16,pending,human_review,policy_ref_meta_bullying_harassment,sports,false,true,false,New batch case 1106 detected via automated monitoring. Violation: bullying_harassment. Platform: meta. Content removed pending review completion. Case severity: medium. Escalation status: false.
VIOL-01107,tiktok,sensitive_mature,medium,2025-10-05,permanent_ban,not_appealed,2026-04-19,pending,human_review,policy_ref_tiktok_sensitive_mature,music,true,false,false,New batch case 1107 detected via automated monitoring. Violation: sensitive_mature. Platform: tiktok. Content removed pending review completion. Case severity: medium. Escalation status: false.
VIOL-01108,youtube,misinformation,low,2025-10-04,strike_1,not_appealed,2026-04-01,pending,human_review,policy_ref_youtube_misinformation,news,true,false,false,New batch case 1108 detected via automated monitoring. Violation: misinformation. Platform: youtube. Content removed pending review completion. Case severity: low. Escalation status: false.
VIOL-01109,reddit,rule7_illegal,medium,2025-10-10,warning,not_appealed,2026-04-18,pending,human_review,policy_ref_reddit_rule7_illegal,sports,true,false,false,New batch case 1109 detected via automated monitoring. Violation: rule7_illegal. Platform: reddit. Content removed pending review completion. Case severity: medium. Escalation status: false.
VIOL-01110,tiktok,edited_media_ai,low,2025-10-01,video_removal,not_appealed,2026-04-24,pending,human_review,policy_ref_tiktok_edited_media_ai,news,true,false,false,New batch case 1110 detected via automated monitoring. Violation: edited_media_ai. Platform: tiktok. Content removed pending review completion. Case severity: low. Escalation status: false.
VIOL-01111,meta,csam,medium,2025-10-12,feature_restrict,not_appealed,2026-04-10,pending,human_review,policy_ref_meta_csam,gaming,true,false,false,New batch case 1111 detected via automated monitoring. Violation: csam. Platform: meta. Content removed pending review completion. Case severity: medium. Escalation status: false.
VIOL-01112,tiktok,spam_manipulation,high,2025-10-03,permanent_ban,not_appealed,2026-04-12,pending,human_review,policy_ref_tiktok_spam_manipulation,music,false,false,false,New batch case 1112 detected via automated monitoring. Violation: spam_manipulation. Platform: tiktok. Content removed pending review completion. Case severity: high. Escalation status: false.
VIOL-01113,tiktok,sensitive_mature,critical,2025-10-08,warning,not_appealed,2026-04-27,pending,human_review,policy_ref_tiktok_sensitive_mature,news,false,false,true,New batch case 1113 detected via automated monitoring. Violation: sensitive_mature. Platform: tiktok. Content removed pending review completion. Case severity: critical. Escalation status: true.
VIOL-01114,meta,csam,medium,2025-10-15,content_ban_1d,not_appealed,2026-04-27,pending,human_review,policy_ref_meta_csam,finance,true,pending,false,New batch case 1114 detected via automated monitoring. Violation: csam. Platform: meta. Content removed pending review completion. Case severity: medium. Escalation status: false.
VIOL-01115,youtube,violent_content,high,2025-10-05,channel_removal,not_appealed,2026-04-24,pending,human_review,policy_ref_youtube_violent_content,sports,false,pending,false,New batch case 1115 detected via automated monitoring. Violation: violent_content. Platform: youtube. Content removed pending review completion. Case severity: high. Escalation status: false.
VIOL-01116,youtube,misinformation,low,2025-10-02,strike_2,not_appealed,2026-04-07,pending,human_review,policy_ref_youtube_misinformation,entertainment,false,false,false,New batch case 1116 detected via automated monitoring. Violation: misinformation. Platform: youtube. Content removed pending review completion. Case severity: low. Escalation status: false.
VIOL-01117,reddit,rule1_hate,high,2025-10-09,suspend_3d,not_appealed,2026-04-07,pending,human_review,policy_ref_reddit_rule1_hate,gaming,true,true,false,New batch case 1117 detected via automated monitoring. Violation: rule1_hate. Platform: reddit. Content removed pending review completion. Case severity: high. Escalation status: false.
VIOL-01118,tiktok,spam_manipulation,medium,2025-10-15,warning,not_appealed,2026-04-01,pending,human_review,policy_ref_tiktok_spam_manipulation,politics,true,false,false,New batch case 1118 detected via automated monitoring. Violation: spam_manipulation. Platform: tiktok. Content removed pending review completion. Case severity: medium. Escalation status: false.
VIOL-01119,reddit,rule7_illegal,medium,2025-10-05,permanent_ban,not_appealed,2026-04-18,pending,human_review,policy_ref_reddit_rule7_illegal,sports,false,true,false,New batch case 1119 detected via automated monitoring. Violation: rule7_illegal. Platform: reddit. Content removed pending review completion. Case severity: medium. Escalation status: false.
VIOL-01120,reddit,rule7_illegal,critical,2025-10-14,permanent_ban,not_appealed,2026-04-24,pending,human_review,policy_ref_reddit_rule7_illegal,entertainment,true,true,true,New batch case 1120 detected via automated monitoring. Violation: rule7_illegal. Platform: reddit. Content removed pending review completion. Case severity: critical. Escalation status: true.
VIOL-01121,youtube,misinformation,critical,2025-10-04,channel_removal,not_appealed,2026-04-20,pending,human_review,policy_ref_youtube_misinformation,politics,false,false,true,New batch case 1121 detected via automated monitoring. Violation: misinformation. Platform: youtube. Content removed pending review completion. Case severity: critical. Escalation status: true.
VIOL-01122,reddit,rule7_illegal,medium,2025-10-14,suspend_3d,not_appealed,2026-04-01,pending,human_review,policy_ref_reddit_rule7_illegal,music,true,true,false,New batch case 1122 detected via automated monitoring. Violation: rule7_illegal. Platform: reddit. Content removed pending review completion. Case severity: medium. Escalation status: false.
VIOL-01123,reddit,rule4_csam,high,2025-10-08,warning,not_appealed,2026-04-28,pending,human_review,policy_ref_reddit_rule4_csam,music,false,false,false,New batch case 1123 detected via automated monitoring. Violation: rule4_csam. Platform: reddit. Content removed pending review completion. Case severity: high. Escalation status: false.
VIOL-01124,meta,bullying_harassment,high,2025-10-06,content_ban_1d,not_appealed,2026-04-08,pending,human_review,policy_ref_meta_bullying_harassment,news,true,false,false,New batch case 1124 detected via automated monitoring. Violation: bullying_harassment. Platform: meta. Content removed pending review completion. Case severity: high. Escalation status: false.
VIOL-01125,youtube,hate_speech,high,2025-10-07,warning,not_appealed,2026-04-20,pending,human_review,policy_ref_youtube_hate_speech,news,false,false,false,New batch case 1125 detected via automated monitoring. Violation: hate_speech. Platform: youtube. Content removed pending review completion. Case severity: high. Escalation status: false.
VIOL-01126,tiktok,safety_civility,high,2025-10-04,shadowban,not_appealed,2026-04-16,pending,human_review,policy_ref_tiktok_safety_civility,education,false,false,false,New batch case 1126 detected via automated monitoring. Violation: safety_civility. Platform: tiktok. Content removed pending review completion. Case severity: high. Escalation status: false.
VIOL-01127,tiktok,safety_civility,medium,2025-10-09,shadowban,not_appealed,2026-04-09,pending,human_review,policy_ref_tiktok_safety_civility,politics,true,false,false,New batch case 1127 detected via automated monitoring. Violation: safety_civility. Platform: tiktok. Content removed pending review completion. Case severity: medium. Escalation status: false.
VIOL-01128,reddit,rule2_manipulation,high,2025-10-10,suspend_7d,not_appealed,2026-04-24,pending,human_review,policy_ref_reddit_rule2_manipulation,news,false,false,false,New batch case 1128 detected via automated monitoring. Violation: rule2_manipulation. Platform: reddit. Content removed pending review completion. Case severity: high. Escalation status: false.
VIOL-01129,youtube,spam,low,2025-10-02,channel_removal,not_appealed,2026-04-06,pending,human_review,policy_ref_youtube_spam,music,true,pending,false,New batch case 1129 detected via automated monitoring. Violation: spam. Platform: youtube. Content removed pending review completion. Case severity: low. Escalation status: false.
VIOL-01130,tiktok,spam_manipulation,critical,2025-10-07,warning,not_appealed,2026-04-18,pending,human_review,policy_ref_tiktok_spam_manipulation,sports,true,true,true,New batch case 1130 detected via automated monitoring. Violation: spam_manipulation. Platform: tiktok. Content removed pending review completion. Case severity: critical. Escalation status: true.
VIOL-01131,meta,dangerous_orgs,high,2025-10-14,feature_restrict,not_appealed,2026-04-06,pending,human_review,policy_ref_meta_dangerous_orgs,education,false,pending,false,New batch case 1131 detected via automated monitoring. Violation: dangerous_orgs. Platform: meta. Content removed pending review completion. Case severity: high. Escalation status: false.
VIOL-01132,tiktok,safety_civility,critical,2025-10-13,permanent_ban,not_appealed,2026-04-11,pending,human_review,policy_ref_tiktok_safety_civility,news,false,pending,true,New batch case 1132 detected via automated monitoring. Violation: safety_civility. Platform: tiktok. Content removed pending review completion. Case severity: critical. Escalation status: true.
VIOL-01133,youtube,harassment,low,2025-10-01,strike_1,not_appealed,2026-04-02,pending,human_review,policy_ref_youtube_harassment,news,false,pending,false,New batch case 1133 detected via automated monitoring. Violation: harassment. Platform: youtube. Content removed pending review completion. Case severity: low. Escalation status: false.
VIOL-01134,youtube,spam,medium,2025-10-03,strike_2,not_appealed,2026-04-09,pending,human_review,policy_ref_youtube_spam,science,false,true,false,New batch case 1134 detected via automated monitoring. Violation: spam. Platform: youtube. Content removed pending review completion. Case severity: medium. Escalation status: false.
VIOL-01135,youtube,child_safety,high,2025-10-03,warning,not_appealed,2026-04-12,pending,human_review,policy_ref_youtube_child_safety,entertainment,true,pending,false,New batch case 1135 detected via automated monitoring. Violation: child_safety. Platform: youtube. Content removed pending review completion. Case severity: high. Escalation status: false.
VIOL-01136,reddit,rule2_manipulation,high,2025-10-08,permanent_ban,not_appealed,2026-04-03,pending,human_review,policy_ref_reddit_rule2_manipulation,sports,false,pending,false,New batch case 1136 detected via automated monitoring. Violation: rule2_manipulation. Platform: reddit. Content removed pending review completion. Case severity: high. Escalation status: false.
VIOL-01137,meta,adult_nudity,medium,2025-10-11,content_ban_1d,not_appealed,2026-04-28,pending,human_review,policy_ref_meta_adult_nudity,music,true,pending,false,New batch case 1137 detected via automated monitoring. Violation: adult_nudity. Platform: meta. Content removed pending review completion. Case severity: medium. Escalation status: false.
VIOL-01138,tiktok,safety_civility,medium,2025-10-09,shadowban,not_appealed,2026-04-22,pending,human_review,policy_ref_tiktok_safety_civility,entertainment,false,pending,false,New batch case 1138 detected via automated monitoring. Violation: safety_civility. Platform: tiktok. Content removed pending review completion. Case severity: medium. Escalation status: false.
VIOL-01139,tiktok,spam_manipulation,medium,2025-10-05,video_removal,not_appealed,2026-04-17,pending,human_review,policy_ref_tiktok_spam_manipulation,politics,false,false,false,New batch case 1139 detected via automated monitoring. Violation: spam_manipulation. Platform: tiktok. Content removed pending review completion. Case severity: medium. Escalation status: false.
VIOL-01140,tiktok,misinformation,medium,2025-10-12,permanent_ban,not_appealed,2026-04-23,pending,human_review,policy_ref_tiktok_misinformation,science,true,pending,false,New batch case 1140 detected via automated monitoring. Violation: misinformation. Platform: tiktok. Content removed pending review completion. Case severity: medium. Escalation status: false.
VIOL-01141,meta,cybersecurity,critical,2025-10-05,warning,not_appealed,2026-04-23,pending,human_review,policy_ref_meta_cybersecurity,news,false,pending,true,New batch case 1141 detected via automated monitoring. Violation: cybersecurity. Platform: meta. Content removed pending review completion. Case severity: critical. Escalation status: true.
VIOL-01142,meta,spam,medium,2025-10-10,feature_restrict,not_appealed,2026-04-09,pending,human_review,policy_ref_meta_spam,gaming,true,false,false,New batch case 1142 detected via automated monitoring. Violation: spam. Platform: meta. Content removed pending review completion. Case severity: medium. Escalation status: false.
VIOL-01143,youtube,child_safety,high,2025-10-09,strike_2,not_appealed,2026-04-19,pending,human_review,policy_ref_youtube_child_safety,gaming,false,true,false,New batch case 1143 detected via automated monitoring. Violation: child_safety. Platform: youtube. Content removed pending review completion. Case severity: high. Escalation status: false.
VIOL-01144,meta,inauthentic_behavior,high,2025-10-12,content_ban_1d,not_appealed,2026-04-08,pending,human_review,policy_ref_meta_inauthentic_behavior,sports,false,false,false,New batch case 1144 detected via automated monitoring. Violation: inauthentic_behavior. Platform: meta. Content removed pending review completion. Case severity: high. Escalation status: false.
VIOL-01145,meta,csam,low,2025-10-09,content_ban_3d,not_appealed,2026-04-19,pending,human_review,policy_ref_meta_csam,news,true,false,false,New batch case 1145 detected via automated monitoring. Violation: csam. Platform: meta. Content removed pending review completion. Case severity: low. Escalation status: false.
VIOL-01146,meta,fraud_deception,critical,2025-10-05,content_ban_3d,not_appealed,2026-04-07,pending,human_review,policy_ref_meta_fraud_deception,sports,false,pending,true,New batch case 1146 detected via automated monitoring. Violation: fraud_deception. Platform: meta. Content removed pending review completion. Case severity: critical. Escalation status: true.
VIOL-01147,youtube,extremism,high,2025-10-06,warning,not_appealed,2026-04-08,pending,human_review,policy_ref_youtube_extremism,gaming,true,true,false,New batch case 1147 detected via automated monitoring. Violation: extremism. Platform: youtube. Content removed pending review completion. Case severity: high. Escalation status: false.
VIOL-01148,reddit,rule7_illegal,critical,2025-10-11,suspend_7d,not_appealed,2026-04-21,pending,human_review,policy_ref_reddit_rule7_illegal,gaming,false,true,true,New batch case 1148 detected via automated monitoring. Violation: rule7_illegal. Platform: reddit. Content removed pending review completion. Case severity: critical. Escalation status: true.
VIOL-01149,youtube,misinformation,low,2025-10-02,strike_1,not_appealed,2026-04-19,pending,human_review,policy_ref_youtube_misinformation,science,true,true,false,New batch case 1149 detected via automated monitoring. Violation: misinformation. Platform: youtube. Content removed pending review completion. Case severity: low. Escalation status: false.
VIOL-01150,youtube,extremism,high,2025-10-02,channel_removal,not_appealed,2026-04-21,pending,human_review,policy_ref_youtube_extremism,science,true,true,false,New batch case 1150 detected via automated monitoring. Violation: extremism. Platform: youtube. Content removed pending review completion. Case severity: high. Escalation status: false.
VIOL-01151,meta,violent_graphic,critical,2025-10-15,content_ban_30d,not_appealed,2026-04-16,pending,human_review,policy_ref_meta_violent_graphic,politics,true,false,true,New batch case 1151 detected via automated monitoring. Violation: violent_graphic. Platform: meta. Content removed pending review completion. Case severity: critical. Escalation status: true.
VIOL-01152,meta,violent_graphic,high,2025-10-10,feature_restrict,not_appealed,2026-04-26,pending,human_review,policy_ref_meta_violent_graphic,entertainment,false,false,false,New batch case 1152 detected via automated monitoring. Violation: violent_graphic. Platform: meta. Content removed pending review completion. Case severity: high. Escalation status: false.
VIOL-01153,meta,hate_speech,high,2025-10-06,content_ban_1d,not_appealed,2026-04-27,pending,human_review,policy_ref_meta_hate_speech,entertainment,true,pending,false,New batch case 1153 detected via automated monitoring. Violation: hate_speech. Platform: meta. Content removed pending review completion. Case severity: high. Escalation status: false.
VIOL-01154,reddit,rule7_illegal,medium,2025-10-02,permanent_ban,not_appealed,2026-04-11,pending,human_review,policy_ref_reddit_rule7_illegal,education,true,pending,false,New batch case 1154 detected via automated monitoring. Violation: rule7_illegal. Platform: reddit. Content removed pending review completion. Case severity: medium. Escalation status: false.
VIOL-01155,meta,inauthentic_behavior,medium,2025-10-12,content_ban_1d,not_appealed,2026-04-24,pending,human_review,policy_ref_meta_inauthentic_behavior,sports,false,pending,false,New batch case 1155 detected via automated monitoring. Violation: inauthentic_behavior. Platform: meta. Content removed pending review completion. Case severity: medium. Escalation status: false.
VIOL-01156,tiktok,spam_manipulation,medium,2025-10-08,permanent_ban,not_appealed,2026-04-04,pending,human_review,policy_ref_tiktok_spam_manipulation,sports,true,true,false,New batch case 1156 detected via automated monitoring. Violation: spam_manipulation. Platform: tiktok. Content removed pending review completion. Case severity: medium. Escalation status: false.
VIOL-01157,tiktok,spam_manipulation,low,2025-10-15,warning,not_appealed,2026-04-23,pending,human_review,policy_ref_tiktok_spam_manipulation,gaming,true,pending,false,New batch case 1157 detected via automated monitoring. Violation: spam_manipulation. Platform: tiktok. Content removed pending review completion. Case severity: low. Escalation status: false.
VIOL-01158,reddit,rule4_csam,medium,2025-10-13,permanent_ban,not_appealed,2026-04-27,pending,human_review,policy_ref_reddit_rule4_csam,entertainment,true,false,false,New batch case 1158 detected via automated monitoring. Violation: rule4_csam. Platform: reddit. Content removed pending review completion. Case severity: medium. Escalation status: false.
VIOL-01159,youtube,violent_content,critical,2025-10-05,strike_1,not_appealed,2026-04-22,pending,human_review,policy_ref_youtube_violent_content,gaming,false,pending,true,New batch case 1159 detected via automated monitoring. Violation: violent_content. Platform: youtube. Content removed pending review completion. Case severity: critical. Escalation status: true.
VIOL-01160,reddit,rule6_safety,high,2025-10-02,permanent_ban,not_appealed,2026-04-09,pending,human_review,policy_ref_reddit_rule6_safety,sports,false,true,false,New batch case 1160 detected via automated monitoring. Violation: rule6_safety. Platform: reddit. Content removed pending review completion. Case severity: high. Escalation status: false.
VIOL-01161,youtube,violent_content,critical,2025-10-05,strike_2,not_appealed,2026-04-16,pending,human_review,policy_ref_youtube_violent_content,music,false,true,true,New batch case 1161 detected via automated monitoring. Violation: violent_content. Platform: youtube. Content removed pending review completion. Case severity: critical. Escalation status: true.
VIOL-01162,tiktok,safety_civility,low,2025-10-10,warning,not_appealed,2026-04-13,pending,human_review,policy_ref_tiktok_safety_civility,sports,true,pending,false,New batch case 1162 detected via automated monitoring. Violation: safety_civility. Platform: tiktok. Content removed pending review completion. Case severity: low. Escalation status: false.
VIOL-01163,tiktok,privacy_security,medium,2025-10-09,warning,not_appealed,2026-04-23,pending,human_review,policy_ref_tiktok_privacy_security,gaming,false,true,false,New batch case 1163 detected via automated monitoring. Violation: privacy_security. Platform: tiktok. Content removed pending review completion. Case severity: medium. Escalation status: false.
VIOL-01164,youtube,child_safety,critical,2025-10-08,strike_1,not_appealed,2026-04-12,pending,human_review,policy_ref_youtube_child_safety,finance,false,false,true,New batch case 1164 detected via automated monitoring. Violation: child_safety. Platform: youtube. Content removed pending review completion. Case severity: critical. Escalation status: true.
VIOL-01165,reddit,rule7_illegal,critical,2025-10-04,suspend_7d,not_appealed,2026-04-21,pending,human_review,policy_ref_reddit_rule7_illegal,music,true,pending,true,New batch case 1165 detected via automated monitoring. Violation: rule7_illegal. Platform: reddit. Content removed pending review completion. Case severity: critical. Escalation status: true.
VIOL-01166,tiktok,sensitive_mature,critical,2025-10-05,video_removal,not_appealed,2026-04-08,pending,human_review,policy_ref_tiktok_sensitive_mature,news,true,false,true,New batch case 1166 detected via automated monitoring. Violation: sensitive_mature. Platform: tiktok. Content removed pending review completion. Case severity: critical. Escalation status: true.
VIOL-01167,tiktok,misinformation,high,2025-10-02,video_removal,not_appealed,2026-04-17,pending,human_review,policy_ref_tiktok_misinformation,sports,true,false,false,New batch case 1167 detected via automated monitoring. Violation: misinformation. Platform: tiktok. Content removed pending review completion. Case severity: high. Escalation status: false.
VIOL-01168,reddit,rule6_safety,low,2025-10-14,suspend_3d,not_appealed,2026-04-08,pending,human_review,policy_ref_reddit_rule6_safety,entertainment,false,pending,false,New batch case 1168 detected via automated monitoring. Violation: rule6_safety. Platform: reddit. Content removed pending review completion. Case severity: low. Escalation status: false.
VIOL-01169,youtube,misinformation,critical,2025-10-02,channel_removal,not_appealed,2026-04-02,pending,human_review,policy_ref_youtube_misinformation,science,false,pending,true,New batch case 1169 detected via automated monitoring. Violation: misinformation. Platform: youtube. Content removed pending review completion. Case severity: critical. Escalation status: true.
VIOL-01170,tiktok,spam_manipulation,critical,2025-10-05,permanent_ban,not_appealed,2026-04-17,pending,human_review,policy_ref_tiktok_spam_manipulation,music,true,false,true,New batch case 1170 detected via automated monitoring. Violation: spam_manipulation. Platform: tiktok. Content removed pending review completion. Case severity: critical. Escalation status: true.
VIOL-01171,tiktok,edited_media_ai,low,2025-10-10,warning,not_appealed,2026-04-04,pending,human_review,policy_ref_tiktok_edited_media_ai,entertainment,true,true,false,New batch case 1171 detected via automated monitoring. Violation: edited_media_ai. Platform: tiktok. Content removed pending review completion. Case severity: low. Escalation status: false.
VIOL-01172,meta,hate_speech,medium,2025-10-02,feature_restrict,not_appealed,2026-04-13,pending,human_review,policy_ref_meta_hate_speech,finance,true,true,false,New batch case 1172 detected via automated monitoring. Violation: hate_speech. Platform: meta. Content removed pending review completion. Case severity: medium. Escalation status: false.
VIOL-01173,meta,csam,high,2025-10-05,content_ban_30d,not_appealed,2026-04-16,pending,human_review,policy_ref_meta_csam,news,true,true,false,New batch case 1173 detected via automated monitoring. Violation: csam. Platform: meta. Content removed pending review completion. Case severity: high. Escalation status: false.
VIOL-01174,tiktok,edited_media_ai,critical,2025-10-14,shadowban,not_appealed,2026-04-06,pending,human_review,policy_ref_tiktok_edited_media_ai,music,false,false,true,New batch case 1174 detected via automated monitoring. Violation: edited_media_ai. Platform: tiktok. Content removed pending review completion. Case severity: critical. Escalation status: true.
VIOL-01175,reddit,rule4_csam,medium,2025-10-01,permanent_ban,not_appealed,2026-04-26,pending,human_review,policy_ref_reddit_rule4_csam,finance,true,false,false,New batch case 1175 detected via automated monitoring. Violation: rule4_csam. Platform: reddit. Content removed pending review completion. Case severity: medium. Escalation status: false.
VIOL-01176,meta,adult_nudity,critical,2025-10-13,content_ban_7d,not_appealed,2026-04-06,pending,human_review,policy_ref_meta_adult_nudity,politics,false,pending,true,New batch case 1176 detected via automated monitoring. Violation: adult_nudity. Platform: meta. Content removed pending review completion. Case severity: critical. Escalation status: true.
VIOL-01177,meta,cybersecurity,critical,2025-10-08,content_ban_7d,not_appealed,2026-04-09,pending,human_review,policy_ref_meta_cybersecurity,science,true,pending,true,New batch case 1177 detected via automated monitoring. Violation: cybersecurity. Platform: meta. Content removed pending review completion. Case severity: critical. Escalation status: true.
VIOL-01178,tiktok,misinformation,low,2025-10-08,video_removal,not_appealed,2026-04-05,pending,human_review,policy_ref_tiktok_misinformation,politics,false,pending,false,New batch case 1178 detected via automated monitoring. Violation: misinformation. Platform: tiktok. Content removed pending review completion. Case severity: low. Escalation status: false.
VIOL-01179,tiktok,edited_media_ai,low,2025-10-08,warning,not_appealed,2026-04-24,pending,human_review,policy_ref_tiktok_edited_media_ai,education,false,true,false,New batch case 1179 detected via automated monitoring. Violation: edited_media_ai. Platform: tiktok. Content removed pending review completion. Case severity: low. Escalation status: false.
VIOL-01180,meta,adult_nudity,critical,2025-10-11,content_ban_3d,not_appealed,2026-04-27,pending,human_review,policy_ref_meta_adult_nudity,education,true,true,true,New batch case 1180 detected via automated monitoring. Violation: adult_nudity. Platform: meta. Content removed pending review completion. Case severity: critical. Escalation status: true.
VIOL-01181,meta,csam,high,2025-10-04,content_ban_3d,not_appealed,2026-04-01,pending,human_review,policy_ref_meta_csam,entertainment,false,pending,false,New batch case 1181 detected via automated monitoring. Violation: csam. Platform: meta. Content removed pending review completion. Case severity: high. Escalation status: false.
VIOL-01182,youtube,hate_speech,critical,2025-10-07,warning,not_appealed,2026-04-14,pending,human_review,policy_ref_youtube_hate_speech,science,false,true,true,New batch case 1182 detected via automated monitoring. Violation: hate_speech. Platform: youtube. Content removed pending review completion. Case severity: critical. Escalation status: true.
VIOL-01183,meta,cybersecurity,low,2025-10-02,content_ban_3d,not_appealed,2026-04-02,pending,human_review,policy_ref_meta_cybersecurity,sports,true,false,false,New batch case 1183 detected via automated monitoring. Violation: cybersecurity. Platform: meta. Content removed pending review completion. Case severity: low. Escalation status: false.
VIOL-01184,tiktok,privacy_security,critical,2025-10-12,warning,not_appealed,2026-04-23,pending,human_review,policy_ref_tiktok_privacy_security,gaming,true,pending,true,New batch case 1184 detected via automated monitoring. Violation: privacy_security. Platform: tiktok. Content removed pending review completion. Case severity: critical. Escalation status: true.
VIOL-01185,tiktok,edited_media_ai,high,2025-10-04,permanent_ban,not_appealed,2026-04-23,pending,human_review,policy_ref_tiktok_edited_media_ai,finance,false,false,false,New batch case 1185 detected via automated monitoring. Violation: edited_media_ai. Platform: tiktok. Content removed pending review completion. Case severity: high. Escalation status: false.
VIOL-01186,meta,adult_nudity,low,2025-10-04,content_ban_30d,not_appealed,2026-04-08,pending,human_review,policy_ref_meta_adult_nudity,entertainment,true,pending,false,New batch case 1186 detected via automated monitoring. Violation: adult_nudity. Platform: meta. Content removed pending review completion. Case severity: low. Escalation status: false.
VIOL-01187,meta,violent_graphic,low,2025-10-10,content_ban_1d,not_appealed,2026-04-09,pending,human_review,policy_ref_meta_violent_graphic,gaming,true,pending,false,New batch case 1187 detected via automated monitoring. Violation: violent_graphic. Platform: meta. Content removed pending review completion. Case severity: low. Escalation status: false.
VIOL-01188,reddit,rule4_csam,medium,2025-10-07,warning,not_appealed,2026-04-06,pending,human_review,policy_ref_reddit_rule4_csam,music,false,false,false,New batch case 1188 detected via automated monitoring. Violation: rule4_csam. Platform: reddit. Content removed pending review completion. Case severity: medium. Escalation status: false.
VIOL-01189,youtube,spam,critical,2025-10-03,warning,not_appealed,2026-04-11,pending,human_review,policy_ref_youtube_spam,gaming,true,true,true,New batch case 1189 detected via automated monitoring. Violation: spam. Platform: youtube. Content removed pending review completion. Case severity: critical. Escalation status: true.
VIOL-01190,tiktok,sensitive_mature,critical,2025-10-10,permanent_ban,not_appealed,2026-04-02,pending,human_review,policy_ref_tiktok_sensitive_mature,science,true,pending,true,New batch case 1190 detected via automated monitoring. Violation: sensitive_mature. Platform: tiktok. Content removed pending review completion. Case severity: critical. Escalation status: true.
VIOL-01191,reddit,rule4_csam,low,2025-10-10,suspend_7d,not_appealed,2026-04-16,pending,human_review,policy_ref_reddit_rule4_csam,politics,true,false,false,New batch case 1191 detected via automated monitoring. Violation: rule4_csam. Platform: reddit. Content removed pending review completion. Case severity: low. Escalation status: false.
VIOL-01192,youtube,violent_content,low,2025-10-14,strike_2,not_appealed,2026-04-20,pending,human_review,policy_ref_youtube_violent_content,music,true,true,false,New batch case 1192 detected via automated monitoring. Violation: violent_content. Platform: youtube. Content removed pending review completion. Case severity: low. Escalation status: false.
VIOL-01193,youtube,violent_content,critical,2025-10-14,warning,not_appealed,2026-04-19,pending,human_review,policy_ref_youtube_violent_content,sports,false,true,true,New batch case 1193 detected via automated monitoring. Violation: violent_content. Platform: youtube. Content removed pending review completion. Case severity: critical. Escalation status: true.
VIOL-01194,reddit,rule2_manipulation,low,2025-10-15,suspend_3d,not_appealed,2026-04-09,pending,human_review,policy_ref_reddit_rule2_manipulation,entertainment,true,true,false,New batch case 1194 detected via automated monitoring. Violation: rule2_manipulation. Platform: reddit. Content removed pending review completion. Case severity: low. Escalation status: false.
VIOL-01195,tiktok,safety_civility,medium,2025-10-11,shadowban,not_appealed,2026-04-13,pending,human_review,policy_ref_tiktok_safety_civility,music,false,pending,false,New batch case 1195 detected via automated monitoring. Violation: safety_civility. Platform: tiktok. Content removed pending review completion. Case severity: medium. Escalation status: false.
VIOL-01196,meta,dangerous_orgs,critical,2025-10-03,content_ban_1d,not_appealed,2026-04-10,pending,human_review,policy_ref_meta_dangerous_orgs,science,false,true,true,New batch case 1196 detected via automated monitoring. Violation: dangerous_orgs. Platform: meta. Content removed pending review completion. Case severity: critical. Escalation status: true.
VIOL-01197,meta,csam,critical,2025-10-07,content_ban_3d,not_appealed,2026-04-14,pending,human_review,policy_ref_meta_csam,sports,true,true,true,New batch case 1197 detected via automated monitoring. Violation: csam. Platform: meta. Content removed pending review completion. Case severity: critical. Escalation status: true.
VIOL-01198,reddit,rule1_hate,low,2025-10-10,suspend_3d,not_appealed,2026-04-19,pending,human_review,policy_ref_reddit_rule1_hate,news,false,false,false,New batch case 1198 detected via automated monitoring. Violation: rule1_hate. Platform: reddit. Content removed pending review completion. Case severity: low. Escalation status: false.
VIOL-01199,meta,inauthentic_behavior,critical,2025-10-05,warning,not_appealed,2026-04-13,pending,human_review,policy_ref_meta_inauthentic_behavior,politics,false,pending,true,New batch case 1199 detected via automated monitoring. Violation: inauthentic_behavior. Platform: meta. Content removed pending review completion. Case severity: critical. Escalation status: true.
VIOL-01200,youtube,spam,medium,2025-10-10,channel_removal,not_appealed,2026-04-22,pending,human_review,policy_ref_youtube_spam,entertainment,false,pending,false,New batch case 1200 detected via automated monitoring. Violation: spam. Platform: youtube. Content removed pending review completion. Case severity: medium. Escalation status: false.
VIOL-01201,tiktok,edited_media_ai,high,2025-10-14,warning,not_appealed,2026-04-15,pending,human_review,policy_ref_tiktok_edited_media_ai,finance,false,pending,false,New batch case 1201 detected via automated monitoring. Violation: edited_media_ai. Platform: tiktok. Content removed pending review completion. Case severity: high. Escalation status: false.
VIOL-01202,youtube,child_safety,high,2025-10-03,strike_2,not_appealed,2026-04-27,pending,human_review,policy_ref_youtube_child_safety,news,true,false,false,New batch case 1202 detected via automated monitoring. Violation: child_safety. Platform: youtube. Content removed pending review completion. Case severity: high. Escalation status: false.
VIOL-01203,meta,cybersecurity,low,2025-10-15,warning,not_appealed,2026-04-28,pending,human_review,policy_ref_meta_cybersecurity,finance,false,true,false,New batch case 1203 detected via automated monitoring. Violation: cybersecurity. Platform: meta. Content removed pending review completion. Case severity: low. Escalation status: false.
VIOL-01204,youtube,violent_content,low,2025-10-08,warning,not_appealed,2026-04-22,pending,human_review,policy_ref_youtube_violent_content,science,false,false,false,New batch case 1204 detected via automated monitoring. Violation: violent_content. Platform: youtube. Content removed pending review completion. Case severity: low. Escalation status: false.
VIOL-01205,reddit,rule2_manipulation,high,2025-10-01,permanent_ban,not_appealed,2026-04-19,pending,human_review,policy_ref_reddit_rule2_manipulation,entertainment,true,true,false,New batch case 1205 detected via automated monitoring. Violation: rule2_manipulation. Platform: reddit. Content removed pending review completion. Case severity: high. Escalation status: false.
VIOL-01206,meta,bullying_harassment,low,2025-10-10,content_ban_3d,not_appealed,2026-04-12,pending,human_review,policy_ref_meta_bullying_harassment,politics,true,false,false,New batch case 1206 detected via automated monitoring. Violation: bullying_harassment. Platform: meta. Content removed pending review completion. Case severity: low. Escalation status: false.
VIOL-01207,reddit,rule5_misinfo,low,2025-10-01,suspend_7d,not_appealed,2026-04-06,pending,human_review,policy_ref_reddit_rule5_misinfo,news,false,pending,false,New batch case 1207 detected via automated monitoring. Violation: rule5_misinfo. Platform: reddit. Content removed pending review completion. Case severity: low. Escalation status: false.
VIOL-01208,youtube,harassment,critical,2025-10-11,channel_removal,not_appealed,2026-04-02,pending,human_review,policy_ref_youtube_harassment,music,true,pending,true,New batch case 1208 detected via automated monitoring. Violation: harassment. Platform: youtube. Content removed pending review completion. Case severity: critical. Escalation status: true.
VIOL-01209,tiktok,spam_manipulation,critical,2025-10-07,warning,not_appealed,2026-04-25,pending,human_review,policy_ref_tiktok_spam_manipulation,education,true,pending,true,New batch case 1209 detected via automated monitoring. Violation: spam_manipulation. Platform: tiktok. Content removed pending review completion. Case severity: critical. Escalation status: true.
VIOL-01210,meta,violent_graphic,medium,2025-10-04,content_ban_7d,not_appealed,2026-04-22,pending,human_review,policy_ref_meta_violent_graphic,gaming,false,true,false,New batch case 1210 detected via automated monitoring. Violation: violent_graphic. Platform: meta. Content removed pending review completion. Case severity: medium. Escalation status: false.
VIOL-01211,tiktok,sensitive_mature,medium,2025-10-08,video_removal,not_appealed,2026-04-06,pending,human_review,policy_ref_tiktok_sensitive_mature,music,true,true,false,New batch case 1211 detected via automated monitoring. Violation: sensitive_mature. Platform: tiktok. Content removed pending review completion. Case severity: medium. Escalation status: false.
VIOL-01212,tiktok,misinformation,medium,2025-10-05,shadowban,not_appealed,2026-04-04,pending,human_review,policy_ref_tiktok_misinformation,science,true,false,false,New batch case 1212 detected via automated monitoring. Violation: misinformation. Platform: tiktok. Content removed pending review completion. Case severity: medium. Escalation status: false.
VIOL-01213,reddit,rule6_safety,high,2025-10-06,suspend_7d,not_appealed,2026-04-11,pending,human_review,policy_ref_reddit_rule6_safety,gaming,true,true,false,New batch case 1213 detected via automated monitoring. Violation: rule6_safety. Platform: reddit. Content removed pending review completion. Case severity: high. Escalation status: false.
VIOL-01214,reddit,rule1_hate,high,2025-10-06,suspend_7d,not_appealed,2026-04-26,pending,human_review,policy_ref_reddit_rule1_hate,science,false,false,false,New batch case 1214 detected via automated monitoring. Violation: rule1_hate. Platform: reddit. Content removed pending review completion. Case severity: high. Escalation status: false.
VIOL-01215,tiktok,edited_media_ai,high,2025-10-07,permanent_ban,not_appealed,2026-04-03,pending,human_review,policy_ref_tiktok_edited_media_ai,entertainment,true,true,false,New batch case 1215 detected via automated monitoring. Violation: edited_media_ai. Platform: tiktok. Content removed pending review completion. Case severity: high. Escalation status: false.
VIOL-01216,tiktok,safety_civility,medium,2025-10-05,permanent_ban,not_appealed,2026-04-07,pending,human_review,policy_ref_tiktok_safety_civility,education,true,false,false,New batch case 1216 detected via automated monitoring. Violation: safety_civility. Platform: tiktok. Content removed pending review completion. Case severity: medium. Escalation status: false.
VIOL-01217,reddit,rule4_csam,low,2025-10-09,warning,not_appealed,2026-04-11,pending,human_review,policy_ref_reddit_rule4_csam,finance,false,false,false,New batch case 1217 detected via automated monitoring. Violation: rule4_csam. Platform: reddit. Content removed pending review completion. Case severity: low. Escalation status: false.
VIOL-01218,meta,hate_speech,medium,2025-10-08,content_ban_30d,not_appealed,2026-04-16,pending,human_review,policy_ref_meta_hate_speech,entertainment,false,pending,false,New batch case 1218 detected via automated monitoring. Violation: hate_speech. Platform: meta. Content removed pending review completion. Case severity: medium. Escalation status: false.
VIOL-01219,meta,fraud_deception,low,2025-10-08,feature_restrict,not_appealed,2026-04-03,pending,human_review,policy_ref_meta_fraud_deception,politics,false,pending,false,New batch case 1219 detected via automated monitoring. Violation: fraud_deception. Platform: meta. Content removed pending review completion. Case severity: low. Escalation status: false.
VIOL-01220,youtube,misinformation,medium,2025-10-01,channel_removal,not_appealed,2026-04-15,pending,human_review,policy_ref_youtube_misinformation,music,false,pending,false,New batch case 1220 detected via automated monitoring. Violation: misinformation. Platform: youtube. Content removed pending review completion. Case severity: medium. Escalation status: false.
VIOL-01221,reddit,rule4_csam,low,2025-10-02,permanent_ban,not_appealed,2026-04-25,pending,human_review,policy_ref_reddit_rule4_csam,finance,true,pending,false,New batch case 1221 detected via automated monitoring. Violation: rule4_csam. Platform: reddit. Content removed pending review completion. Case severity: low. Escalation status: false.
VIOL-01222,meta,dangerous_orgs,medium,2025-10-09,content_ban_7d,not_appealed,2026-04-25,pending,human_review,policy_ref_meta_dangerous_orgs,education,false,pending,false,New batch case 1222 detected via automated monitoring. Violation: dangerous_orgs. Platform: meta. Content removed pending review completion. Case severity: medium. Escalation status: false.
VIOL-01223,youtube,hate_speech,medium,2025-10-05,strike_2,not_appealed,2026-04-21,pending,human_review,policy_ref_youtube_hate_speech,entertainment,true,pending,false,New batch case 1223 detected via automated monitoring. Violation: hate_speech. Platform: youtube. Content removed pending review completion. Case severity: medium. Escalation status: false.
VIOL-01224,reddit,rule6_safety,high,2025-10-03,permanent_ban,not_appealed,2026-04-07,pending,human_review,policy_ref_reddit_rule6_safety,science,true,pending,false,New batch case 1224 detected via automated monitoring. Violation: rule6_safety. Platform: reddit. Content removed pending review completion. Case severity: high. Escalation status: false.
VIOL-01225,youtube,child_safety,medium,2025-10-03,strike_1,not_appealed,2026-04-19,pending,human_review,policy_ref_youtube_child_safety,news,false,pending,false,New batch case 1225 detected via automated monitoring. Violation: child_safety. Platform: youtube. Content removed pending review completion. Case severity: medium. Escalation status: false.
VIOL-01226,tiktok,misinformation,high,2025-10-04,permanent_ban,not_appealed,2026-04-09,pending,human_review,policy_ref_tiktok_misinformation,music,false,pending,false,New batch case 1226 detected via automated monitoring. Violation: misinformation. Platform: tiktok. Content removed pending review completion. Case severity: high. Escalation status: false.
VIOL-01227,reddit,rule2_manipulation,low,2025-10-05,permanent_ban,not_appealed,2026-04-06,pending,human_review,policy_ref_reddit_rule2_manipulation,entertainment,true,pending,false,New batch case 1227 detected via automated monitoring. Violation: rule2_manipulation. Platform: reddit. Content removed pending review completion. Case severity: low. Escalation status: false.
VIOL-01228,reddit,rule1_hate,medium,2025-10-09,suspend_7d,not_appealed,2026-04-05,pending,human_review,policy_ref_reddit_rule1_hate,finance,true,true,false,New batch case 1228 detected via automated monitoring. Violation: rule1_hate. Platform: reddit. Content removed pending review completion. Case severity: medium. Escalation status: false.
VIOL-01229,reddit,rule2_manipulation,low,2025-10-13,warning,not_appealed,2026-04-27,pending,human_review,policy_ref_reddit_rule2_manipulation,politics,true,true,false,New batch case 1229 detected via automated monitoring. Violation: rule2_manipulation. Platform: reddit. Content removed pending review completion. Case severity: low. Escalation status: false.
VIOL-01230,tiktok,edited_media_ai,low,2025-10-06,warning,not_appealed,2026-04-08,pending,human_review,policy_ref_tiktok_edited_media_ai,news,true,false,false,New batch case 1230 detected via automated monitoring. Violation: edited_media_ai. Platform: tiktok. Content removed pending review completion. Case severity: low. Escalation status: false.
VIOL-01231,tiktok,safety_civility,high,2025-10-14,shadowban,not_appealed,2026-04-25,pending,human_review,policy_ref_tiktok_safety_civility,sports,false,false,false,New batch case 1231 detected via automated monitoring. Violation: safety_civility. Platform: tiktok. Content removed pending review completion. Case severity: high. Escalation status: false.
VIOL-01232,meta,fraud_deception,low,2025-10-08,content_ban_30d,not_appealed,2026-04-01,pending,human_review,policy_ref_meta_fraud_deception,finance,true,pending,false,New batch case 1232 detected via automated monitoring. Violation: fraud_deception. Platform: meta. Content removed pending review completion. Case severity: low. Escalation status: false.
VIOL-01233,meta,fraud_deception,high,2025-10-04,content_ban_30d,not_appealed,2026-04-19,pending,human_review,policy_ref_meta_fraud_deception,news,true,true,false,New batch case 1233 detected via automated monitoring. Violation: fraud_deception. Platform: meta. Content removed pending review completion. Case severity: high. Escalation status: false.
VIOL-01234,reddit,rule5_misinfo,high,2025-10-08,suspend_3d,not_appealed,2026-04-10,pending,human_review,policy_ref_reddit_rule5_misinfo,entertainment,false,true,false,New batch case 1234 detected via automated monitoring. Violation: rule5_misinfo. Platform: reddit. Content removed pending review completion. Case severity: high. Escalation status: false.
VIOL-01235,youtube,spam,low,2025-10-04,channel_removal,not_appealed,2026-04-21,pending,human_review,policy_ref_youtube_spam,gaming,false,pending,false,New batch case 1235 detected via automated monitoring. Violation: spam. Platform: youtube. Content removed pending review completion. Case severity: low. Escalation status: false.
VIOL-01236,meta,bullying_harassment,low,2025-10-12,feature_restrict,not_appealed,2026-04-18,pending,human_review,policy_ref_meta_bullying_harassment,sports,false,pending,false,New batch case 1236 detected via automated monitoring. Violation: bullying_harassment. Platform: meta. Content removed pending review completion. Case severity: low. Escalation status: false.
VIOL-01237,youtube,child_safety,high,2025-10-14,warning,not_appealed,2026-04-18,pending,human_review,policy_ref_youtube_child_safety,gaming,true,pending,false,New batch case 1237 detected via automated monitoring. Violation: child_safety. Platform: youtube. Content removed pending review completion. Case severity: high. Escalation status: false.
VIOL-01238,tiktok,spam_manipulation,low,2025-10-03,permanent_ban,not_appealed,2026-04-14,pending,human_review,policy_ref_tiktok_spam_manipulation,education,false,pending,false,New batch case 1238 detected via automated monitoring. Violation: spam_manipulation. Platform: tiktok. Content removed pending review completion. Case severity: low. Escalation status: false.
VIOL-01239,youtube,misinformation,critical,2025-10-06,channel_removal,not_appealed,2026-04-24,pending,human_review,policy_ref_youtube_misinformation,entertainment,false,pending,true,New batch case 1239 detected via automated monitoring. Violation: misinformation. Platform: youtube. Content removed pending review completion. Case severity: critical. Escalation status: true.
VIOL-01240,meta,dangerous_orgs,medium,2025-10-07,content_ban_7d,not_appealed,2026-04-25,pending,human_review,policy_ref_meta_dangerous_orgs,music,true,pending,false,New batch case 1240 detected via automated monitoring. Violation: dangerous_orgs. Platform: meta. Content removed pending review completion. Case severity: medium. Escalation status: false.
VIOL-01241,youtube,violent_content,high,2025-10-12,strike_2,not_appealed,2026-04-23,pending,human_review,policy_ref_youtube_violent_content,news,true,pending,false,New batch case 1241 detected via automated monitoring. Violation: violent_content. Platform: youtube. Content removed pending review completion. Case severity: high. Escalation status: false.
VIOL-01242,youtube,spam,low,2025-10-15,strike_2,not_appealed,2026-04-06,pending,human_review,policy_ref_youtube_spam,sports,true,pending,false,New batch case 1242 detected via automated monitoring. Violation: spam. Platform: youtube. Content removed pending review completion. Case severity: low. Escalation status: false.
VIOL-01243,meta,csam,high,2025-10-03,content_ban_3d,not_appealed,2026-04-04,pending,human_review,policy_ref_meta_csam,music,false,false,false,New batch case 1243 detected via automated monitoring. Violation: csam. Platform: meta. Content removed pending review completion. Case severity: high. Escalation status: false.
VIOL-01244,youtube,hate_speech,critical,2025-10-15,strike_1,not_appealed,2026-04-17,pending,human_review,policy_ref_youtube_hate_speech,gaming,false,pending,true,New batch case 1244 detected via automated monitoring. Violation: hate_speech. Platform: youtube. Content removed pending review completion. Case severity: critical. Escalation status: true.
VIOL-01245,meta,bullying_harassment,critical,2025-10-02,content_ban_1d,not_appealed,2026-04-11,pending,human_review,policy_ref_meta_bullying_harassment,gaming,false,false,true,New batch case 1245 detected via automated monitoring. Violation: bullying_harassment. Platform: meta. Content removed pending review completion. Case severity: critical. Escalation status: true.
VIOL-01246,meta,hate_speech,low,2025-10-02,content_ban_30d,not_appealed,2026-04-08,pending,human_review,policy_ref_meta_hate_speech,education,true,true,false,New batch case 1246 detected via automated monitoring. Violation: hate_speech. Platform: meta. Content removed pending review completion. Case severity: low. Escalation status: false.
VIOL-01247,youtube,extremism,medium,2025-10-05,strike_2,not_appealed,2026-04-19,pending,human_review,policy_ref_youtube_extremism,gaming,false,false,false,New batch case 1247 detected via automated monitoring. Violation: extremism. Platform: youtube. Content removed pending review completion. Case severity: medium. Escalation status: false.
VIOL-01248,youtube,harassment,low,2025-10-03,strike_1,not_appealed,2026-04-09,pending,human_review,policy_ref_youtube_harassment,politics,true,false,false,New batch case 1248 detected via automated monitoring. Violation: harassment. Platform: youtube. Content removed pending review completion. Case severity: low. Escalation status: false.
VIOL-01249,reddit,rule7_illegal,high,2025-10-13,suspend_3d,not_appealed,2026-04-18,pending,human_review,policy_ref_reddit_rule7_illegal,music,true,pending,false,New batch case 1249 detected via automated monitoring. Violation: rule7_illegal. Platform: reddit. Content removed pending review completion. Case severity: high. Escalation status: false.
VIOL-01250,reddit,rule5_misinfo,low,2025-10-09,suspend_7d,not_appealed,2026-04-19,pending,human_review,policy_ref_reddit_rule5_misinfo,music,false,pending,false,New batch case 1250 detected via automated monitoring. Violation: rule5_misinfo. Platform: reddit. Content removed pending review completion. Case severity: low. Escalation status: false.
VIOL-01251,tiktok,edited_media_ai,critical,2025-10-09,warning,not_appealed,2026-04-18,pending,human_review,policy_ref_tiktok_edited_media_ai,music,false,false,true,New batch case 1251 detected via automated monitoring. Violation: edited_media_ai. Platform: tiktok. Content removed pending review completion. Case severity: critical. Escalation status: true.
VIOL-01252,youtube,extremism,medium,2025-10-09,channel_removal,not_appealed,2026-04-03,pending,human_review,policy_ref_youtube_extremism,politics,true,pending,false,New batch case 1252 detected via automated monitoring. Violation: extremism. Platform: youtube. Content removed pending review completion. Case severity: medium. Escalation status: false.
VIOL-01253,tiktok,sensitive_mature,low,2025-10-09,warning,not_appealed,2026-04-04,pending,human_review,policy_ref_tiktok_sensitive_mature,finance,true,false,false,New batch case 1253 detected via automated monitoring. Violation: sensitive_mature. Platform: tiktok. Content removed pending review completion. Case severity: low. Escalation status: false.
VIOL-01254,reddit,rule7_illegal,low,2025-10-14,suspend_7d,not_appealed,2026-04-11,pending,human_review,policy_ref_reddit_rule7_illegal,music,false,false,false,New batch case 1254 detected via automated monitoring. Violation: rule7_illegal. Platform: reddit. Content removed pending review completion. Case severity: low. Escalation status: false.
VIOL-01255,reddit,rule5_misinfo,low,2025-10-01,warning,not_appealed,2026-04-20,pending,human_review,policy_ref_reddit_rule5_misinfo,music,false,false,false,New batch case 1255 detected via automated monitoring. Violation: rule5_misinfo. Platform: reddit. Content removed pending review completion. Case severity: low. Escalation status: false.
VIOL-01256,tiktok,edited_media_ai,high,2025-10-04,video_removal,not_appealed,2026-04-23,pending,human_review,policy_ref_tiktok_edited_media_ai,entertainment,false,false,false,New batch case 1256 detected via automated monitoring. Violation: edited_media_ai. Platform: tiktok. Content removed pending review completion. Case severity: high. Escalation status: false.
VIOL-01257,meta,adult_nudity,critical,2025-10-07,content_ban_1d,not_appealed,2026-04-01,pending,human_review,policy_ref_meta_adult_nudity,gaming,true,true,true,New batch case 1257 detected via automated monitoring. Violation: adult_nudity. Platform: meta. Content removed pending review completion. Case severity: critical. Escalation status: true.
VIOL-01258,meta,bullying_harassment,low,2025-10-08,content_ban_30d,not_appealed,2026-04-12,pending,human_review,policy_ref_meta_bullying_harassment,news,true,false,false,New batch case 1258 detected via automated monitoring. Violation: bullying_harassment. Platform: meta. Content removed pending review completion. Case severity: low. Escalation status: false.
VIOL-01259,youtube,harassment,medium,2025-10-13,warning,not_appealed,2026-04-19,pending,human_review,policy_ref_youtube_harassment,finance,true,true,false,New batch case 1259 detected via automated monitoring. Violation: harassment. Platform: youtube. Content removed pending review completion. Case severity: medium. Escalation status: false.
VIOL-01260,reddit,rule4_csam,critical,2025-10-09,warning,not_appealed,2026-04-09,pending,human_review,policy_ref_reddit_rule4_csam,entertainment,false,true,true,New batch case 1260 detected via automated monitoring. Violation: rule4_csam. Platform: reddit. Content removed pending review completion. Case severity: critical. Escalation status: true.
VIOL-01261,meta,dangerous_orgs,critical,2025-10-10,content_ban_3d,not_appealed,2026-04-19,pending,human_review,policy_ref_meta_dangerous_orgs,music,true,pending,true,New batch case 1261 detected via automated monitoring. Violation: dangerous_orgs. Platform: meta. Content removed pending review completion. Case severity: critical. Escalation status: true.
VIOL-01262,tiktok,privacy_security,medium,2025-10-09,warning,not_appealed,2026-04-13,pending,human_review,policy_ref_tiktok_privacy_security,finance,true,false,false,New batch case 1262 detected via automated monitoring. Violation: privacy_security. Platform: tiktok. Content removed pending review completion. Case severity: medium. Escalation status: false.
VIOL-01263,reddit,rule1_hate,medium,2025-10-13,suspend_3d,not_appealed,2026-04-08,pending,human_review,policy_ref_reddit_rule1_hate,news,false,false,false,New batch case 1263 detected via automated monitoring. Violation: rule1_hate. Platform: reddit. Content removed pending review completion. Case severity: medium. Escalation status: false.
VIOL-01264,youtube,misinformation,low,2025-10-01,strike_1,not_appealed,2026-04-06,pending,human_review,policy_ref_youtube_misinformation,sports,false,pending,false,New batch case 1264 detected via automated monitoring. Violation: misinformation. Platform: youtube. Content removed pending review completion. Case severity: low. Escalation status: false.
VIOL-01265,youtube,violent_content,medium,2025-10-09,strike_1,not_appealed,2026-04-22,pending,human_review,policy_ref_youtube_violent_content,finance,false,false,false,New batch case 1265 detected via automated monitoring. Violation: violent_content. Platform: youtube. Content removed pending review completion. Case severity: medium. Escalation status: false.
VIOL-01266,meta,dangerous_orgs,low,2025-10-03,content_ban_1d,not_appealed,2026-04-25,pending,human_review,policy_ref_meta_dangerous_orgs,education,false,false,false,New batch case 1266 detected via automated monitoring. Violation: dangerous_orgs. Platform: meta. Content removed pending review completion. Case severity: low. Escalation status: false.
VIOL-01267,tiktok,edited_media_ai,high,2025-10-05,warning,not_appealed,2026-04-28,pending,human_review,policy_ref_tiktok_edited_media_ai,science,true,false,false,New batch case 1267 detected via automated monitoring. Violation: edited_media_ai. Platform: tiktok. Content removed pending review completion. Case severity: high. Escalation status: false.
VIOL-01268,tiktok,edited_media_ai,high,2025-10-08,permanent_ban,not_appealed,2026-04-08,pending,human_review,policy_ref_tiktok_edited_media_ai,science,false,false,false,New batch case 1268 detected via automated monitoring. Violation: edited_media_ai. Platform: tiktok. Content removed pending review completion. Case severity: high. Escalation status: false.
VIOL-01269,tiktok,safety_civility,critical,2025-10-12,video_removal,not_appealed,2026-04-19,pending,human_review,policy_ref_tiktok_safety_civility,finance,true,true,true,New batch case 1269 detected via automated monitoring. Violation: safety_civility. Platform: tiktok. Content removed pending review completion. Case severity: critical. Escalation status: true.
VIOL-01270,tiktok,spam_manipulation,high,2025-10-03,video_removal,not_appealed,2026-04-02,pending,human_review,policy_ref_tiktok_spam_manipulation,news,true,pending,false,New batch case 1270 detected via automated monitoring. Violation: spam_manipulation. Platform: tiktok. Content removed pending review completion. Case severity: high. Escalation status: false.
VIOL-01271,tiktok,edited_media_ai,medium,2025-10-07,video_removal,not_appealed,2026-04-08,pending,human_review,policy_ref_tiktok_edited_media_ai,entertainment,false,false,false,New batch case 1271 detected via automated monitoring. Violation: edited_media_ai. Platform: tiktok. Content removed pending review completion. Case severity: medium. Escalation status: false.
VIOL-01272,youtube,extremism,critical,2025-10-07,strike_2,not_appealed,2026-04-11,pending,human_review,policy_ref_youtube_extremism,music,false,pending,true,New batch case 1272 detected via automated monitoring. Violation: extremism. Platform: youtube. Content removed pending review completion. Case severity: critical. Escalation status: true.
VIOL-01273,meta,inauthentic_behavior,critical,2025-10-07,feature_restrict,not_appealed,2026-04-08,pending,human_review,policy_ref_meta_inauthentic_behavior,education,true,false,true,New batch case 1273 detected via automated monitoring. Violation: inauthentic_behavior. Platform: meta. Content removed pending review completion. Case severity: critical. Escalation status: true.
VIOL-01274,meta,adult_nudity,critical,2025-10-10,feature_restrict,not_appealed,2026-04-19,pending,human_review,policy_ref_meta_adult_nudity,science,true,false,true,New batch case 1274 detected via automated monitoring. Violation: adult_nudity. Platform: meta. Content removed pending review completion. Case severity: critical. Escalation status: true.
VIOL-01275,reddit,rule1_hate,high,2025-10-07,warning,not_appealed,2026-04-13,pending,human_review,policy_ref_reddit_rule1_hate,sports,true,pending,false,New batch case 1275 detected via automated monitoring. Violation: rule1_hate. Platform: reddit. Content removed pending review completion. Case severity: high. Escalation status: false.
VIOL-01276,meta,dangerous_orgs,critical,2025-10-12,feature_restrict,not_appealed,2026-04-03,pending,human_review,policy_ref_meta_dangerous_orgs,education,true,false,true,New batch case 1276 detected via automated monitoring. Violation: dangerous_orgs. Platform: meta. Content removed pending review completion. Case severity: critical. Escalation status: true.
VIOL-01277,reddit,rule1_hate,high,2025-10-01,suspend_3d,not_appealed,2026-04-17,pending,human_review,policy_ref_reddit_rule1_hate,gaming,true,true,false,New batch case 1277 detected via automated monitoring. Violation: rule1_hate. Platform: reddit. Content removed pending review completion. Case severity: high. Escalation status: false.
VIOL-01278,reddit,rule4_csam,low,2025-10-13,permanent_ban,not_appealed,2026-04-09,pending,human_review,policy_ref_reddit_rule4_csam,education,false,pending,false,New batch case 1278 detected via automated monitoring. Violation: rule4_csam. Platform: reddit. Content removed pending review completion. Case severity: low. Escalation status: false.
VIOL-01279,tiktok,privacy_security,low,2025-10-01,video_removal,not_appealed,2026-04-17,pending,human_review,policy_ref_tiktok_privacy_security,news,true,true,false,New batch case 1279 detected via automated monitoring. Violation: privacy_security. Platform: tiktok. Content removed pending review completion. Case severity: low. Escalation status: false.
VIOL-01280,meta,cybersecurity,critical,2025-10-03,feature_restrict,not_appealed,2026-04-25,pending,human_review,policy_ref_meta_cybersecurity,music,false,false,true,New batch case 1280 detected via automated monitoring. Violation: cybersecurity. Platform: meta. Content removed pending review completion. Case severity: critical. Escalation status: true.
VIOL-01281,tiktok,edited_media_ai,low,2025-10-15,warning,not_appealed,2026-04-02,pending,human_review,policy_ref_tiktok_edited_media_ai,education,true,true,false,New batch case 1281 detected via automated monitoring. Violation: edited_media_ai. Platform: tiktok. Content removed pending review completion. Case severity: low. Escalation status: false.
VIOL-01282,reddit,rule1_hate,medium,2025-10-04,suspend_7d,not_appealed,2026-04-15,pending,human_review,policy_ref_reddit_rule1_hate,gaming,true,true,false,New batch case 1282 detected via automated monitoring. Violation: rule1_hate. Platform: reddit. Content removed pending review completion. Case severity: medium. Escalation status: false.
VIOL-01283,tiktok,safety_civility,critical,2025-10-11,warning,not_appealed,2026-04-09,pending,human_review,policy_ref_tiktok_safety_civility,science,true,pending,true,New batch case 1283 detected via automated monitoring. Violation: safety_civility. Platform: tiktok. Content removed pending review completion. Case severity: critical. Escalation status: true.
VIOL-01284,youtube,misinformation,medium,2025-10-14,strike_1,not_appealed,2026-04-14,pending,human_review,policy_ref_youtube_misinformation,education,false,true,false,New batch case 1284 detected via automated monitoring. Violation: misinformation. Platform: youtube. Content removed pending review completion. Case severity: medium. Escalation status: false.
VIOL-01285,youtube,misinformation,medium,2025-10-05,warning,not_appealed,2026-04-07,pending,human_review,policy_ref_youtube_misinformation,music,false,pending,false,New batch case 1285 detected via automated monitoring. Violation: misinformation. Platform: youtube. Content removed pending review completion. Case severity: medium. Escalation status: false.
VIOL-01286,tiktok,privacy_security,medium,2025-10-08,permanent_ban,not_appealed,2026-04-01,pending,human_review,policy_ref_tiktok_privacy_security,gaming,false,false,false,New batch case 1286 detected via automated monitoring. Violation: privacy_security. Platform: tiktok. Content removed pending review completion. Case severity: medium. Escalation status: false.
VIOL-01287,meta,hate_speech,medium,2025-10-03,content_ban_7d,not_appealed,2026-04-20,pending,human_review,policy_ref_meta_hate_speech,news,false,false,false,New batch case 1287 detected via automated monitoring. Violation: hate_speech. Platform: meta. Content removed pending review completion. Case severity: medium. Escalation status: false.
VIOL-01288,tiktok,sensitive_mature,high,2025-10-07,permanent_ban,not_appealed,2026-04-01,pending,human_review,policy_ref_tiktok_sensitive_mature,politics,false,pending,false,New batch case 1288 detected via automated monitoring. Violation: sensitive_mature. Platform: tiktok. Content removed pending review completion. Case severity: high. Escalation status: false.
VIOL-01289,youtube,misinformation,high,2025-10-15,channel_removal,not_appealed,2026-04-05,pending,human_review,policy_ref_youtube_misinformation,entertainment,false,true,false,New batch case 1289 detected via automated monitoring. Violation: misinformation. Platform: youtube. Content removed pending review completion. Case severity: high. Escalation status: false.
VIOL-01290,reddit,rule5_misinfo,critical,2025-10-12,suspend_7d,not_appealed,2026-04-01,pending,human_review,policy_ref_reddit_rule5_misinfo,science,false,true,true,New batch case 1290 detected via automated monitoring. Violation: rule5_misinfo. Platform: reddit. Content removed pending review completion. Case severity: critical. Escalation status: true.
VIOL-01291,meta,hate_speech,medium,2025-10-03,content_ban_3d,not_appealed,2026-04-24,pending,human_review,policy_ref_meta_hate_speech,politics,false,false,false,New batch case 1291 detected via automated monitoring. Violation: hate_speech. Platform: meta. Content removed pending review completion. Case severity: medium. Escalation status: false.
VIOL-01292,reddit,rule2_manipulation,critical,2025-10-13,permanent_ban,not_appealed,2026-04-26,pending,human_review,policy_ref_reddit_rule2_manipulation,education,true,pending,true,New batch case 1292 detected via automated monitoring. Violation: rule2_manipulation. Platform: reddit. Content removed pending review completion. Case severity: critical. Escalation status: true.
VIOL-01293,reddit,rule2_manipulation,low,2025-10-15,warning,not_appealed,2026-04-09,pending,human_review,policy_ref_reddit_rule2_manipulation,politics,false,pending,false,New batch case 1293 detected via automated monitoring. Violation: rule2_manipulation. Platform: reddit. Content removed pending review completion. Case severity: low. Escalation status: false.
VIOL-01294,tiktok,edited_media_ai,low,2025-10-07,permanent_ban,not_appealed,2026-04-19,pending,human_review,policy_ref_tiktok_edited_media_ai,science,false,true,false,New batch case 1294 detected via automated monitoring. Violation: edited_media_ai. Platform: tiktok. Content removed pending review completion. Case severity: low. Escalation status: false.
VIOL-01295,youtube,hate_speech,high,2025-10-09,strike_1,not_appealed,2026-04-25,pending,human_review,policy_ref_youtube_hate_speech,gaming,true,false,false,New batch case 1295 detected via automated monitoring. Violation: hate_speech. Platform: youtube. Content removed pending review completion. Case severity: high. Escalation status: false.
VIOL-01296,tiktok,misinformation,high,2025-10-13,permanent_ban,not_appealed,2026-04-19,pending,human_review,policy_ref_tiktok_misinformation,finance,false,true,false,New batch case 1296 detected via automated monitoring. Violation: misinformation. Platform: tiktok. Content removed pending review completion. Case severity: high. Escalation status: false.
VIOL-01297,tiktok,sensitive_mature,medium,2025-10-04,video_removal,not_appealed,2026-04-25,pending,human_review,policy_ref_tiktok_sensitive_mature,sports,true,pending,false,New batch case 1297 detected via automated monitoring. Violation: sensitive_mature. Platform: tiktok. Content removed pending review completion. Case severity: medium. Escalation status: false.
VIOL-01298,youtube,violent_content,critical,2025-10-03,channel_removal,not_appealed,2026-04-13,pending,human_review,policy_ref_youtube_violent_content,news,false,false,true,New batch case 1298 detected via automated monitoring. Violation: violent_content. Platform: youtube. Content removed pending review completion. Case severity: critical. Escalation status: true.
VIOL-01299,meta,dangerous_orgs,medium,2025-10-03,warning,not_appealed,2026-04-17,pending,human_review,policy_ref_meta_dangerous_orgs,science,false,true,false,New batch case 1299 detected via automated monitoring. Violation: dangerous_orgs. Platform: meta. Content removed pending review completion. Case severity: medium. Escalation status: false.
VIOL-01300,tiktok,privacy_security,critical,2025-10-06,warning,not_appealed,2026-04-23,pending,human_review,policy_ref_tiktok_privacy_security,gaming,false,false,true,New batch case 1300 detected via automated monitoring. Violation: privacy_security. Platform: tiktok. Content removed pending review completion. Case severity: critical. Escalation status: true.
VIOL-01301,meta,spam,low,2025-10-08,content_ban_30d,not_appealed,2026-04-13,pending,human_review,policy_ref_meta_spam,news,false,pending,false,New batch case 1301 detected via automated monitoring. Violation: spam. Platform: meta. Content removed pending review completion. Case severity: low. Escalation status: false.
VIOL-01302,reddit,rule1_hate,critical,2025-10-05,suspend_3d,not_appealed,2026-04-19,pending,human_review,policy_ref_reddit_rule1_hate,gaming,false,false,true,New batch case 1302 detected via automated monitoring. Violation: rule1_hate. Platform: reddit. Content removed pending review completion. Case severity: critical. Escalation status: true.
VIOL-01303,reddit,rule5_misinfo,high,2025-10-07,suspend_3d,not_appealed,2026-04-01,pending,human_review,policy_ref_reddit_rule5_misinfo,entertainment,true,false,false,New batch case 1303 detected via automated monitoring. Violation: rule5_misinfo. Platform: reddit. Content removed pending review completion. Case severity: high. Escalation status: false.
VIOL-01304,youtube,harassment,medium,2025-10-15,strike_2,not_appealed,2026-04-19,pending,human_review,policy_ref_youtube_harassment,gaming,false,false,false,New batch case 1304 detected via automated monitoring. Violation: harassment. Platform: youtube. Content removed pending review completion. Case severity: medium. Escalation status: false.
VIOL-01305,reddit,rule5_misinfo,medium,2025-10-13,warning,not_appealed,2026-04-25,pending,human_review,policy_ref_reddit_rule5_misinfo,sports,true,pending,false,New batch case 1305 detected via automated monitoring. Violation: rule5_misinfo. Platform: reddit. Content removed pending review completion. Case severity: medium. Escalation status: false.
VIOL-01306,meta,adult_nudity,high,2025-10-15,content_ban_3d,not_appealed,2026-04-20,pending,human_review,policy_ref_meta_adult_nudity,finance,false,pending,false,New batch case 1306 detected via automated monitoring. Violation: adult_nudity. Platform: meta. Content removed pending review completion. Case severity: high. Escalation status: false.
VIOL-01307,reddit,rule1_hate,low,2025-10-06,suspend_7d,not_appealed,2026-04-16,pending,human_review,policy_ref_reddit_rule1_hate,science,false,pending,false,New batch case 1307 detected via automated monitoring. Violation: rule1_hate. Platform: reddit. Content removed pending review completion. Case severity: low. Escalation status: false.
VIOL-01308,tiktok,misinformation,high,2025-10-02,permanent_ban,not_appealed,2026-04-09,pending,human_review,policy_ref_tiktok_misinformation,sports,false,false,false,New batch case 1308 detected via automated monitoring. Violation: misinformation. Platform: tiktok. Content removed pending review completion. Case severity: high. Escalation status: false.
VIOL-01309,meta,dangerous_orgs,medium,2025-10-09,content_ban_7d,not_appealed,2026-04-07,pending,human_review,policy_ref_meta_dangerous_orgs,science,false,false,false,New batch case 1309 detected via automated monitoring. Violation: dangerous_orgs. Platform: meta. Content removed pending review completion. Case severity: medium. Escalation status: false.
VIOL-01310,tiktok,sensitive_mature,high,2025-10-13,video_removal,not_appealed,2026-04-14,pending,human_review,policy_ref_tiktok_sensitive_mature,science,false,false,false,New batch case 1310 detected via automated monitoring. Violation: sensitive_mature. Platform: tiktok. Content removed pending review completion. Case severity: high. Escalation status: false.
VIOL-01311,meta,csam,low,2025-10-05,content_ban_30d,not_appealed,2026-04-03,pending,human_review,policy_ref_meta_csam,gaming,false,false,false,New batch case 1311 detected via automated monitoring. Violation: csam. Platform: meta. Content removed pending review completion. Case severity: low. Escalation status: false.
VIOL-01312,tiktok,sensitive_mature,high,2025-10-14,warning,not_appealed,2026-04-10,pending,human_review,policy_ref_tiktok_sensitive_mature,entertainment,false,false,false,New batch case 1312 detected via automated monitoring. Violation: sensitive_mature. Platform: tiktok. Content removed pending review completion. Case severity: high. Escalation status: false.
VIOL-01313,tiktok,privacy_security,medium,2025-10-09,permanent_ban,not_appealed,2026-04-26,pending,human_review,policy_ref_tiktok_privacy_security,sports,true,true,false,New batch case 1313 detected via automated monitoring. Violation: privacy_security. Platform: tiktok. Content removed pending review completion. Case severity: medium. Escalation status: false.
VIOL-01314,reddit,rule5_misinfo,high,2025-10-13,warning,not_appealed,2026-04-16,pending,human_review,policy_ref_reddit_rule5_misinfo,education,true,pending,false,New batch case 1314 detected via automated monitoring. Violation: rule5_misinfo. Platform: reddit. Content removed pending review completion. Case severity: high. Escalation status: false.
VIOL-01315,tiktok,safety_civility,critical,2025-10-15,warning,not_appealed,2026-04-11,pending,human_review,policy_ref_tiktok_safety_civility,politics,true,false,true,New batch case 1315 detected via automated monitoring. Violation: safety_civility. Platform: tiktok. Content removed pending review completion. Case severity: critical. Escalation status: true.
VIOL-01316,youtube,misinformation,low,2025-10-06,strike_1,not_appealed,2026-04-16,pending,human_review,policy_ref_youtube_misinformation,news,true,pending,false,New batch case 1316 detected via automated monitoring. Violation: misinformation. Platform: youtube. Content removed pending review completion. Case severity: low. Escalation status: false.
VIOL-01317,youtube,extremism,medium,2025-10-06,channel_removal,not_appealed,2026-04-07,pending,human_review,policy_ref_youtube_extremism,news,false,true,false,New batch case 1317 detected via automated monitoring. Violation: extremism. Platform: youtube. Content removed pending review completion. Case severity: medium. Escalation status: false.
VIOL-01318,tiktok,privacy_security,high,2025-10-02,warning,not_appealed,2026-04-23,pending,human_review,policy_ref_tiktok_privacy_security,science,true,false,false,New batch case 1318 detected via automated monitoring. Violation: privacy_security. Platform: tiktok. Content removed pending review completion. Case severity: high. Escalation status: false.
VIOL-01319,tiktok,edited_media_ai,high,2025-10-04,permanent_ban,not_appealed,2026-04-06,pending,human_review,policy_ref_tiktok_edited_media_ai,entertainment,false,false,false,New batch case 1319 detected via automated monitoring. Violation: edited_media_ai. Platform: tiktok. Content removed pending review completion. Case severity: high. Escalation status: false.
VIOL-01320,reddit,rule7_illegal,medium,2025-10-01,suspend_7d,not_appealed,2026-04-10,pending,human_review,policy_ref_reddit_rule7_illegal,news,false,pending,false,New batch case 1320 detected via automated monitoring. Violation: rule7_illegal. Platform: reddit. Content removed pending review completion. Case severity: medium. Escalation status: false.
VIOL-01321,tiktok,edited_media_ai,high,2025-10-12,permanent_ban,not_appealed,2026-04-28,pending,human_review,policy_ref_tiktok_edited_media_ai,sports,false,pending,false,New batch case 1321 detected via automated monitoring. Violation: edited_media_ai. Platform: tiktok. Content removed pending review completion. Case severity: high. Escalation status: false.
VIOL-01322,tiktok,sensitive_mature,high,2025-10-13,video_removal,not_appealed,2026-04-28,pending,human_review,policy_ref_tiktok_sensitive_mature,music,true,pending,false,New batch case 1322 detected via automated monitoring. Violation: sensitive_mature. Platform: tiktok. Content removed pending review completion. Case severity: high. Escalation status: false.
VIOL-01323,meta,adult_nudity,low,2025-10-10,warning,not_appealed,2026-04-13,pending,human_review,policy_ref_meta_adult_nudity,music,false,false,false,New batch case 1323 detected via automated monitoring. Violation: adult_nudity. Platform: meta. Content removed pending review completion. Case severity: low. Escalation status: false.
VIOL-01324,youtube,misinformation,medium,2025-10-15,channel_removal,not_appealed,2026-04-22,pending,human_review,policy_ref_youtube_misinformation,science,false,pending,false,New batch case 1324 detected via automated monitoring. Violation: misinformation. Platform: youtube. Content removed pending review completion. Case severity: medium. Escalation status: false.
VIOL-01325,reddit,rule2_manipulation,high,2025-10-09,permanent_ban,not_appealed,2026-04-26,pending,human_review,policy_ref_reddit_rule2_manipulation,politics,false,true,false,New batch case 1325 detected via automated monitoring. Violation: rule2_manipulation. Platform: reddit. Content removed pending review completion. Case severity: high. Escalation status: false.
VIOL-01326,youtube,hate_speech,medium,2025-10-05,strike_2,not_appealed,2026-04-16,pending,human_review,policy_ref_youtube_hate_speech,gaming,true,false,false,New batch case 1326 detected via automated monitoring. Violation: hate_speech. Platform: youtube. Content removed pending review completion. Case severity: medium. Escalation status: false.
VIOL-01327,youtube,misinformation,critical,2025-10-09,warning,not_appealed,2026-04-05,pending,human_review,policy_ref_youtube_misinformation,finance,false,true,true,New batch case 1327 detected via automated monitoring. Violation: misinformation. Platform: youtube. Content removed pending review completion. Case severity: critical. Escalation status: true.
VIOL-01328,tiktok,spam_manipulation,critical,2025-10-15,shadowban,not_appealed,2026-04-01,pending,human_review,policy_ref_tiktok_spam_manipulation,finance,false,true,true,New batch case 1328 detected via automated monitoring. Violation: spam_manipulation. Platform: tiktok. Content removed pending review completion. Case severity: critical. Escalation status: true.
VIOL-01329,reddit,rule6_safety,high,2025-10-02,warning,not_appealed,2026-04-25,pending,human_review,policy_ref_reddit_rule6_safety,education,true,true,false,New batch case 1329 detected via automated monitoring. Violation: rule6_safety. Platform: reddit. Content removed pending review completion. Case severity: high. Escalation status: false.
VIOL-01330,youtube,hate_speech,medium,2025-10-11,channel_removal,not_appealed,2026-04-07,pending,human_review,policy_ref_youtube_hate_speech,science,true,true,false,New batch case 1330 detected via automated monitoring. Violation: hate_speech. Platform: youtube. Content removed pending review completion. Case severity: medium. Escalation status: false.
VIOL-01331,meta,inauthentic_behavior,low,2025-10-15,content_ban_30d,not_appealed,2026-04-23,pending,human_review,policy_ref_meta_inauthentic_behavior,music,true,true,false,New batch case 1331 detected via automated monitoring. Violation: inauthentic_behavior. Platform: meta. Content removed pending review completion. Case severity: low. Escalation status: false.
VIOL-01332,youtube,harassment,low,2025-10-10,warning,not_appealed,2026-04-01,pending,human_review,policy_ref_youtube_harassment,news,true,true,false,New batch case 1332 detected via automated monitoring. Violation: harassment. Platform: youtube. Content removed pending review completion. Case severity: low. Escalation status: false.
VIOL-01333,youtube,harassment,high,2025-10-02,strike_2,not_appealed,2026-04-08,pending,human_review,policy_ref_youtube_harassment,entertainment,false,true,false,New batch case 1333 detected via automated monitoring. Violation: harassment. Platform: youtube. Content removed pending review completion. Case severity: high. Escalation status: false.
VIOL-01334,reddit,rule7_illegal,medium,2025-10-13,permanent_ban,not_appealed,2026-04-22,pending,human_review,policy_ref_reddit_rule7_illegal,politics,false,false,false,New batch case 1334 detected via automated monitoring. Violation: rule7_illegal. Platform: reddit. Content removed pending review completion. Case severity: medium. Escalation status: false.
VIOL-01335,youtube,spam,medium,2025-10-08,strike_1,not_appealed,2026-04-20,pending,human_review,policy_ref_youtube_spam,entertainment,true,false,false,New batch case 1335 detected via automated monitoring. Violation: spam. Platform: youtube. Content removed pending review completion. Case severity: medium. Escalation status: false.
VIOL-01336,youtube,child_safety,low,2025-10-15,channel_removal,not_appealed,2026-04-14,pending,human_review,policy_ref_youtube_child_safety,politics,false,pending,false,New batch case 1336 detected via automated monitoring. Violation: child_safety. Platform: youtube. Content removed pending review completion. Case severity: low. Escalation status: false.
VIOL-01337,meta,cybersecurity,high,2025-10-04,content_ban_3d,not_appealed,2026-04-09,pending,human_review,policy_ref_meta_cybersecurity,politics,true,false,false,New batch case 1337 detected via automated monitoring. Violation: cybersecurity. Platform: meta. Content removed pending review completion. Case severity: high. Escalation status: false.
VIOL-01338,meta,dangerous_orgs,low,2025-10-10,content_ban_7d,not_appealed,2026-04-14,pending,human_review,policy_ref_meta_dangerous_orgs,entertainment,true,false,false,New batch case 1338 detected via automated monitoring. Violation: dangerous_orgs. Platform: meta. Content removed pending review completion. Case severity: low. Escalation status: false.
VIOL-01339,meta,dangerous_orgs,medium,2025-10-15,feature_restrict,not_appealed,2026-04-19,pending,human_review,policy_ref_meta_dangerous_orgs,entertainment,true,pending,false,New batch case 1339 detected via automated monitoring. Violation: dangerous_orgs. Platform: meta. Content removed pending review completion. Case severity: medium. Escalation status: false.
VIOL-01340,meta,fraud_deception,low,2025-10-06,content_ban_1d,not_appealed,2026-04-05,pending,human_review,policy_ref_meta_fraud_deception,sports,false,pending,false,New batch case 1340 detected via automated monitoring. Violation: fraud_deception. Platform: meta. Content removed pending review completion. Case severity: low. Escalation status: false.
VIOL-01341,tiktok,privacy_security,medium,2025-10-07,shadowban,not_appealed,2026-04-28,pending,human_review,policy_ref_tiktok_privacy_security,sports,false,pending,false,New batch case 1341 detected via automated monitoring. Violation: privacy_security. Platform: tiktok. Content removed pending review completion. Case severity: medium. Escalation status: false.
VIOL-01342,tiktok,edited_media_ai,medium,2025-10-07,shadowban,not_appealed,2026-04-02,pending,human_review,policy_ref_tiktok_edited_media_ai,finance,true,true,false,New batch case 1342 detected via automated monitoring. Violation: edited_media_ai. Platform: tiktok. Content removed pending review completion. Case severity: medium. Escalation status: false.
VIOL-01343,reddit,rule4_csam,medium,2025-10-09,suspend_3d,not_appealed,2026-04-17,pending,human_review,policy_ref_reddit_rule4_csam,music,false,false,false,New batch case 1343 detected via automated monitoring. Violation: rule4_csam. Platform: reddit. Content removed pending review completion. Case severity: medium. Escalation status: false.
VIOL-01344,reddit,rule6_safety,critical,2025-10-15,warning,not_appealed,2026-04-23,pending,human_review,policy_ref_reddit_rule6_safety,music,false,true,true,New batch case 1344 detected via automated monitoring. Violation: rule6_safety. Platform: reddit. Content removed pending review completion. Case severity: critical. Escalation status: true.
VIOL-01345,tiktok,privacy_security,critical,2025-10-04,warning,not_appealed,2026-04-04,pending,human_review,policy_ref_tiktok_privacy_security,education,true,false,true,New batch case 1345 detected via automated monitoring. Violation: privacy_security. Platform: tiktok. Content removed pending review completion. Case severity: critical. Escalation status: true.
VIOL-01346,youtube,extremism,low,2025-10-02,channel_removal,not_appealed,2026-04-19,pending,human_review,policy_ref_youtube_extremism,politics,true,false,false,New batch case 1346 detected via automated monitoring. Violation: extremism. Platform: youtube. Content removed pending review completion. Case severity: low. Escalation status: false.
VIOL-01347,reddit,rule2_manipulation,medium,2025-10-13,suspend_7d,not_appealed,2026-04-24,pending,human_review,policy_ref_reddit_rule2_manipulation,finance,true,true,false,New batch case 1347 detected via automated monitoring. Violation: rule2_manipulation. Platform: reddit. Content removed pending review completion. Case severity: medium. Escalation status: false.
VIOL-01348,reddit,rule6_safety,high,2025-10-04,suspend_7d,not_appealed,2026-04-03,pending,human_review,policy_ref_reddit_rule6_safety,sports,false,true,false,New batch case 1348 detected via automated monitoring. Violation: rule6_safety. Platform: reddit. Content removed pending review completion. Case severity: high. Escalation status: false.
VIOL-01349,meta,violent_graphic,medium,2025-10-11,content_ban_30d,not_appealed,2026-04-03,pending,human_review,policy_ref_meta_violent_graphic,education,true,true,false,New batch case 1349 detected via automated monitoring. Violation: violent_graphic. Platform: meta. Content removed pending review completion. Case severity: medium. Escalation status: false.
VIOL-01350,youtube,child_safety,low,2025-10-06,channel_removal,not_appealed,2026-04-01,pending,human_review,policy_ref_youtube_child_safety,music,false,pending,false,New batch case 1350 detected via automated monitoring. Violation: child_safety. Platform: youtube. Content removed pending review completion. Case severity: low. Escalation status: false.
VIOL-01351,meta,inauthentic_behavior,critical,2025-10-02,content_ban_1d,not_appealed,2026-04-04,pending,human_review,policy_ref_meta_inauthentic_behavior,politics,true,pending,true,New batch case 1351 detected via automated monitoring. Violation: inauthentic_behavior. Platform: meta. Content removed pending review completion. Case severity: critical. Escalation status: true.
VIOL-01352,tiktok,privacy_security,low,2025-10-03,warning,not_appealed,2026-04-09,pending,human_review,policy_ref_tiktok_privacy_security,politics,true,false,false,New batch case 1352 detected via automated monitoring. Violation: privacy_security. Platform: tiktok. Content removed pending review completion. Case severity: low. Escalation status: false.
VIOL-01353,reddit,rule5_misinfo,medium,2025-10-08,suspend_3d,not_appealed,2026-04-05,pending,human_review,policy_ref_reddit_rule5_misinfo,politics,true,true,false,New batch case 1353 detected via automated monitoring. Violation: rule5_misinfo. Platform: reddit. Content removed pending review completion. Case severity: medium. Escalation status: false.
VIOL-01354,meta,hate_speech,critical,2025-10-04,content_ban_30d,not_appealed,2026-04-15,pending,human_review,policy_ref_meta_hate_speech,education,true,false,true,New batch case 1354 detected via automated monitoring. Violation: hate_speech. Platform: meta. Content removed pending review completion. Case severity: critical. Escalation status: true.
VIOL-01355,reddit,rule7_illegal,critical,2025-10-09,warning,not_appealed,2026-04-16,pending,human_review,policy_ref_reddit_rule7_illegal,entertainment,false,false,true,New batch case 1355 detected via automated monitoring. Violation: rule7_illegal. Platform: reddit. Content removed pending review completion. Case severity: critical. Escalation status: true.
VIOL-01356,tiktok,safety_civility,low,2025-10-14,permanent_ban,not_appealed,2026-04-03,pending,human_review,policy_ref_tiktok_safety_civility,science,false,pending,false,New batch case 1356 detected via automated monitoring. Violation: safety_civility. Platform: tiktok. Content removed pending review completion. Case severity: low. Escalation status: false.
VIOL-01357,youtube,spam,high,2025-10-15,strike_2,not_appealed,2026-04-04,pending,human_review,policy_ref_youtube_spam,entertainment,true,false,false,New batch case 1357 detected via automated monitoring. Violation: spam. Platform: youtube. Content removed pending review completion. Case severity: high. Escalation status: false.
VIOL-01358,youtube,harassment,high,2025-10-04,channel_removal,not_appealed,2026-04-16,pending,human_review,policy_ref_youtube_harassment,science,true,true,false,New batch case 1358 detected via automated monitoring. Violation: harassment. Platform: youtube. Content removed pending review completion. Case severity: high. Escalation status: false.
VIOL-01359,tiktok,edited_media_ai,critical,2025-10-06,video_removal,not_appealed,2026-04-05,pending,human_review,policy_ref_tiktok_edited_media_ai,gaming,false,true,true,New batch case 1359 detected via automated monitoring. Violation: edited_media_ai. Platform: tiktok. Content removed pending review completion. Case severity: critical. Escalation status: true.
VIOL-01360,reddit,rule7_illegal,high,2025-10-14,permanent_ban,not_appealed,2026-04-12,pending,human_review,policy_ref_reddit_rule7_illegal,science,true,false,false,New batch case 1360 detected via automated monitoring. Violation: rule7_illegal. Platform: reddit. Content removed pending review completion. Case severity: high. Escalation status: false.
VIOL-01361,tiktok,safety_civility,medium,2025-10-11,warning,not_appealed,2026-04-07,pending,human_review,policy_ref_tiktok_safety_civility,news,true,false,false,New batch case 1361 detected via automated monitoring. Violation: safety_civility. Platform: tiktok. Content removed pending review completion. Case severity: medium. Escalation status: false.
VIOL-01362,tiktok,sensitive_mature,high,2025-10-11,shadowban,not_appealed,2026-04-16,pending,human_review,policy_ref_tiktok_sensitive_mature,music,false,false,false,New batch case 1362 detected via automated monitoring. Violation: sensitive_mature. Platform: tiktok. Content removed pending review completion. Case severity: high. Escalation status: false.
VIOL-01363,reddit,rule1_hate,medium,2025-10-14,suspend_7d,not_appealed,2026-04-16,pending,human_review,policy_ref_reddit_rule1_hate,science,true,pending,false,New batch case 1363 detected via automated monitoring. Violation: rule1_hate. Platform: reddit. Content removed pending review completion. Case severity: medium. Escalation status: false.
VIOL-01364,reddit,rule5_misinfo,low,2025-10-10,suspend_3d,not_appealed,2026-04-22,pending,human_review,policy_ref_reddit_rule5_misinfo,science,false,true,false,New batch case 1364 detected via automated monitoring. Violation: rule5_misinfo. Platform: reddit. Content removed pending review completion. Case severity: low. Escalation status: false.
VIOL-01365,reddit,rule1_hate,critical,2025-10-02,suspend_7d,not_appealed,2026-04-21,pending,human_review,policy_ref_reddit_rule1_hate,gaming,false,true,true,New batch case 1365 detected via automated monitoring. Violation: rule1_hate. Platform: reddit. Content removed pending review completion. Case severity: critical. Escalation status: true.
VIOL-01366,tiktok,spam_manipulation,critical,2025-10-14,warning,not_appealed,2026-04-09,pending,human_review,policy_ref_tiktok_spam_manipulation,gaming,false,pending,true,New batch case 1366 detected via automated monitoring. Violation: spam_manipulation. Platform: tiktok. Content removed pending review completion. Case severity: critical. Escalation status: true.
VIOL-01367,youtube,extremism,critical,2025-10-03,strike_2,not_appealed,2026-04-13,pending,human_review,policy_ref_youtube_extremism,gaming,true,true,true,New batch case 1367 detected via automated monitoring. Violation: extremism. Platform: youtube. Content removed pending review completion. Case severity: critical. Escalation status: true.
VIOL-01368,tiktok,safety_civility,low,2025-10-10,shadowban,not_appealed,2026-04-01,pending,human_review,policy_ref_tiktok_safety_civility,science,false,false,false,New batch case 1368 detected via automated monitoring. Violation: safety_civility. Platform: tiktok. Content removed pending review completion. Case severity: low. Escalation status: false.
VIOL-01369,reddit,rule7_illegal,medium,2025-10-03,suspend_7d,not_appealed,2026-04-27,pending,human_review,policy_ref_reddit_rule7_illegal,politics,false,true,false,New batch case 1369 detected via automated monitoring. Violation: rule7_illegal. Platform: reddit. Content removed pending review completion. Case severity: medium. Escalation status: false.
VIOL-01370,youtube,child_safety,critical,2025-10-14,warning,not_appealed,2026-04-12,pending,human_review,policy_ref_youtube_child_safety,finance,false,true,true,New batch case 1370 detected via automated monitoring. Violation: child_safety. Platform: youtube. Content removed pending review completion. Case severity: critical. Escalation status: true.
VIOL-01371,meta,spam,low,2025-10-08,content_ban_1d,not_appealed,2026-04-19,pending,human_review,policy_ref_meta_spam,science,true,pending,false,New batch case 1371 detected via automated monitoring. Violation: spam. Platform: meta. Content removed pending review completion. Case severity: low. Escalation status: false.
VIOL-01372,meta,violent_graphic,low,2025-10-07,content_ban_30d,not_appealed,2026-04-04,pending,human_review,policy_ref_meta_violent_graphic,sports,false,true,false,New batch case 1372 detected via automated monitoring. Violation: violent_graphic. Platform: meta. Content removed pending review completion. Case severity: low. Escalation status: false.
VIOL-01373,tiktok,spam_manipulation,low,2025-10-03,permanent_ban,not_appealed,2026-04-28,pending,human_review,policy_ref_tiktok_spam_manipulation,finance,false,true,false,New batch case 1373 detected via automated monitoring. Violation: spam_manipulation. Platform: tiktok. Content removed pending review completion. Case severity: low. Escalation status: false.
VIOL-01374,youtube,child_safety,high,2025-10-08,warning,not_appealed,2026-04-23,pending,human_review,policy_ref_youtube_child_safety,news,true,true,false,New batch case 1374 detected via automated monitoring. Violation: child_safety. Platform: youtube. Content removed pending review completion. Case severity: high. Escalation status: false.
VIOL-01375,meta,cybersecurity,critical,2025-10-15,warning,not_appealed,2026-04-21,pending,human_review,policy_ref_meta_cybersecurity,music,true,true,true,New batch case 1375 detected via automated monitoring. Violation: cybersecurity. Platform: meta. Content removed pending review completion. Case severity: critical. Escalation status: true.
VIOL-01376,reddit,rule4_csam,medium,2025-10-15,warning,not_appealed,2026-04-19,pending,human_review,policy_ref_reddit_rule4_csam,sports,true,true,false,New batch case 1376 detected via automated monitoring. Violation: rule4_csam. Platform: reddit. Content removed pending review completion. Case severity: medium. Escalation status: false.
VIOL-01377,tiktok,edited_media_ai,low,2025-10-03,permanent_ban,not_appealed,2026-04-04,pending,human_review,policy_ref_tiktok_edited_media_ai,gaming,false,true,false,New batch case 1377 detected via automated monitoring. Violation: edited_media_ai. Platform: tiktok. Content removed pending review completion. Case severity: low. Escalation status: false.
VIOL-01378,tiktok,edited_media_ai,low,2025-10-02,warning,not_appealed,2026-04-18,pending,human_review,policy_ref_tiktok_edited_media_ai,music,false,true,false,New batch case 1378 detected via automated monitoring. Violation: edited_media_ai. Platform: tiktok. Content removed pending review completion. Case severity: low. Escalation status: false.
VIOL-01379,youtube,hate_speech,critical,2025-10-08,strike_2,not_appealed,2026-04-01,pending,human_review,policy_ref_youtube_hate_speech,gaming,false,false,true,New batch case 1379 detected via automated monitoring. Violation: hate_speech. Platform: youtube. Content removed pending review completion. Case severity: critical. Escalation status: true.
VIOL-01380,tiktok,safety_civility,medium,2025-10-14,permanent_ban,not_appealed,2026-04-28,pending,human_review,policy_ref_tiktok_safety_civility,science,false,false,false,New batch case 1380 detected via automated monitoring. Violation: safety_civility. Platform: tiktok. Content removed pending review completion. Case severity: medium. Escalation status: false.
VIOL-01381,youtube,hate_speech,high,2025-10-01,strike_1,not_appealed,2026-04-28,pending,human_review,policy_ref_youtube_hate_speech,entertainment,true,true,false,New batch case 1381 detected via automated monitoring. Violation: hate_speech. Platform: youtube. Content removed pending review completion. Case severity: high. Escalation status: false.
VIOL-01382,meta,spam,low,2025-10-02,content_ban_3d,not_appealed,2026-04-13,pending,human_review,policy_ref_meta_spam,gaming,true,false,false,New batch case 1382 detected via automated monitoring. Violation: spam. Platform: meta. Content removed pending review completion. Case severity: low. Escalation status: false.
VIOL-01383,tiktok,edited_media_ai,low,2025-10-04,warning,not_appealed,2026-04-08,pending,human_review,policy_ref_tiktok_edited_media_ai,sports,true,false,false,New batch case 1383 detected via automated monitoring. Violation: edited_media_ai. Platform: tiktok. Content removed pending review completion. Case severity: low. Escalation status: false.
VIOL-01384,tiktok,misinformation,medium,2025-10-15,permanent_ban,not_appealed,2026-04-08,pending,human_review,policy_ref_tiktok_misinformation,music,false,true,false,New batch case 1384 detected via automated monitoring. Violation: misinformation. Platform: tiktok. Content removed pending review completion. Case severity: medium. Escalation status: false.
VIOL-01385,reddit,rule1_hate,high,2025-10-14,suspend_7d,not_appealed,2026-04-02,pending,human_review,policy_ref_reddit_rule1_hate,news,true,pending,false,New batch case 1385 detected via automated monitoring. Violation: rule1_hate. Platform: reddit. Content removed pending review completion. Case severity: high. Escalation status: false.
VIOL-01386,tiktok,edited_media_ai,low,2025-10-11,shadowban,not_appealed,2026-04-12,pending,human_review,policy_ref_tiktok_edited_media_ai,science,false,false,false,New batch case 1386 detected via automated monitoring. Violation: edited_media_ai. Platform: tiktok. Content removed pending review completion. Case severity: low. Escalation status: false.
VIOL-01387,tiktok,spam_manipulation,medium,2025-10-08,warning,not_appealed,2026-04-28,pending,human_review,policy_ref_tiktok_spam_manipulation,science,true,pending,false,New batch case 1387 detected via automated monitoring. Violation: spam_manipulation. Platform: tiktok. Content removed pending review completion. Case severity: medium. Escalation status: false.
VIOL-01388,youtube,extremism,low,2025-10-12,strike_2,not_appealed,2026-04-18,pending,human_review,policy_ref_youtube_extremism,sports,false,true,false,New batch case 1388 detected via automated monitoring. Violation: extremism. Platform: youtube. Content removed pending review completion. Case severity: low. Escalation status: false.
VIOL-01389,youtube,child_safety,medium,2025-10-11,strike_1,not_appealed,2026-04-27,pending,human_review,policy_ref_youtube_child_safety,gaming,false,pending,false,New batch case 1389 detected via automated monitoring. Violation: child_safety. Platform: youtube. Content removed pending review completion. Case severity: medium. Escalation status: false.
VIOL-01390,meta,dangerous_orgs,medium,2025-10-09,feature_restrict,not_appealed,2026-04-13,pending,human_review,policy_ref_meta_dangerous_orgs,science,false,pending,false,New batch case 1390 detected via automated monitoring. Violation: dangerous_orgs. Platform: meta. Content removed pending review completion. Case severity: medium. Escalation status: false.
VIOL-01391,meta,cybersecurity,critical,2025-10-08,content_ban_7d,not_appealed,2026-04-05,pending,human_review,policy_ref_meta_cybersecurity,sports,false,pending,true,New batch case 1391 detected via automated monitoring. Violation: cybersecurity. Platform: meta. Content removed pending review completion. Case severity: critical. Escalation status: true.
VIOL-01392,youtube,spam,low,2025-10-09,warning,not_appealed,2026-04-17,pending,human_review,policy_ref_youtube_spam,science,true,pending,false,New batch case 1392 detected via automated monitoring. Violation: spam. Platform: youtube. Content removed pending review completion. Case severity: low. Escalation status: false.
VIOL-01393,youtube,hate_speech,critical,2025-10-09,strike_1,not_appealed,2026-04-11,pending,human_review,policy_ref_youtube_hate_speech,music,true,pending,true,New batch case 1393 detected via automated monitoring. Violation: hate_speech. Platform: youtube. Content removed pending review completion. Case severity: critical. Escalation status: true.
VIOL-01394,meta,inauthentic_behavior,critical,2025-10-04,content_ban_30d,not_appealed,2026-04-26,pending,human_review,policy_ref_meta_inauthentic_behavior,gaming,false,pending,true,New batch case 1394 detected via automated monitoring. Violation: inauthentic_behavior. Platform: meta. Content removed pending review completion. Case severity: critical. Escalation status: true.
VIOL-01395,reddit,rule2_manipulation,medium,2025-10-02,permanent_ban,not_appealed,2026-04-23,pending,human_review,policy_ref_reddit_rule2_manipulation,politics,true,pending,false,New batch case 1395 detected via automated monitoring. Violation: rule2_manipulation. Platform: reddit. Content removed pending review completion. Case severity: medium. Escalation status: false.
VIOL-01396,tiktok,privacy_security,medium,2025-10-08,permanent_ban,not_appealed,2026-04-09,pending,human_review,policy_ref_tiktok_privacy_security,entertainment,true,pending,false,New batch case 1396 detected via automated monitoring. Violation: privacy_security. Platform: tiktok. Content removed pending review completion. Case severity: medium. Escalation status: false.
VIOL-01397,reddit,rule1_hate,medium,2025-10-01,suspend_7d,not_appealed,2026-04-28,pending,human_review,policy_ref_reddit_rule1_hate,music,false,true,false,New batch case 1397 detected via automated monitoring. Violation: rule1_hate. Platform: reddit. Content removed pending review completion. Case severity: medium. Escalation status: false.
VIOL-01398,reddit,rule7_illegal,critical,2025-10-08,suspend_7d,not_appealed,2026-04-02,pending,human_review,policy_ref_reddit_rule7_illegal,gaming,true,false,true,New batch case 1398 detected via automated monitoring. Violation: rule7_illegal. Platform: reddit. Content removed pending review completion. Case severity: critical. Escalation status: true.
VIOL-01399,tiktok,safety_civility,low,2025-10-02,warning,not_appealed,2026-04-19,pending,human_review,policy_ref_tiktok_safety_civility,entertainment,false,pending,false,New batch case 1399 detected via automated monitoring. Violation: safety_civility. Platform: tiktok. Content removed pending review completion. Case severity: low. Escalation status: false.
VIOL-01400,tiktok,sensitive_mature,high,2025-10-05,warning,not_appealed,2026-04-13,pending,human_review,policy_ref_tiktok_sensitive_mature,finance,false,false,false,New batch case 1400 detected via automated monitoring. Violation: sensitive_mature. Platform: tiktok. Content removed pending review completion. Case severity: high. Escalation status: false.
VIOL-01401,tiktok,misinformation,medium,2025-10-03,video_removal,not_appealed,2026-04-07,pending,human_review,policy_ref_tiktok_misinformation,news,true,pending,false,New batch case 1401 detected via automated monitoring. Violation: misinformation. Platform: tiktok. Content removed pending review completion. Case severity: medium. Escalation status: false.
VIOL-01402,meta,hate_speech,low,2025-10-15,warning,not_appealed,2026-04-18,pending,human_review,policy_ref_meta_hate_speech,education,true,pending,false,New batch case 1402 detected via automated monitoring. Violation: hate_speech. Platform: meta. Content removed pending review completion. Case severity: low. Escalation status: false.
VIOL-01403,tiktok,misinformation,critical,2025-10-07,video_removal,not_appealed,2026-04-18,pending,human_review,policy_ref_tiktok_misinformation,education,true,true,true,New batch case 1403 detected via automated monitoring. Violation: misinformation. Platform: tiktok. Content removed pending review completion. Case severity: critical. Escalation status: true.
VIOL-01404,reddit,rule7_illegal,low,2025-10-01,suspend_7d,not_appealed,2026-04-15,pending,human_review,policy_ref_reddit_rule7_illegal,politics,false,false,false,New batch case 1404 detected via automated monitoring. Violation: rule7_illegal. Platform: reddit. Content removed pending review completion. Case severity: low. Escalation status: false.
VIOL-01405,meta,csam,critical,2025-10-07,feature_restrict,not_appealed,2026-04-10,pending,human_review,policy_ref_meta_csam,entertainment,false,false,true,New batch case 1405 detected via automated monitoring. Violation: csam. Platform: meta. Content removed pending review completion. Case severity: critical. Escalation status: true.
VIOL-01406,reddit,rule4_csam,high,2025-10-05,suspend_7d,not_appealed,2026-04-03,pending,human_review,policy_ref_reddit_rule4_csam,gaming,false,true,false,New batch case 1406 detected via automated monitoring. Violation: rule4_csam. Platform: reddit. Content removed pending review completion. Case severity: high. Escalation status: false.
VIOL-01407,tiktok,edited_media_ai,high,2025-10-03,video_removal,not_appealed,2026-04-23,pending,human_review,policy_ref_tiktok_edited_media_ai,sports,false,true,false,New batch case 1407 detected via automated monitoring. Violation: edited_media_ai. Platform: tiktok. Content removed pending review completion. Case severity: high. Escalation status: false.
VIOL-01408,youtube,harassment,low,2025-10-03,channel_removal,not_appealed,2026-04-12,pending,human_review,policy_ref_youtube_harassment,finance,true,pending,false,New batch case 1408 detected via automated monitoring. Violation: harassment. Platform: youtube. Content removed pending review completion. Case severity: low. Escalation status: false.
VIOL-01409,meta,cybersecurity,critical,2025-10-01,content_ban_7d,not_appealed,2026-04-13,pending,human_review,policy_ref_meta_cybersecurity,education,true,pending,true,New batch case 1409 detected via automated monitoring. Violation: cybersecurity. Platform: meta. Content removed pending review completion. Case severity: critical. Escalation status: true.
VIOL-01410,youtube,harassment,high,2025-10-11,strike_2,not_appealed,2026-04-22,pending,human_review,policy_ref_youtube_harassment,gaming,false,false,false,New batch case 1410 detected via automated monitoring. Violation: harassment. Platform: youtube. Content removed pending review completion. Case severity: high. Escalation status: false.
VIOL-01411,reddit,rule1_hate,high,2025-10-01,permanent_ban,not_appealed,2026-04-25,pending,human_review,policy_ref_reddit_rule1_hate,news,true,true,false,New batch case 1411 detected via automated monitoring. Violation: rule1_hate. Platform: reddit. Content removed pending review completion. Case severity: high. Escalation status: false.
VIOL-01412,tiktok,misinformation,high,2025-10-11,video_removal,not_appealed,2026-04-07,pending,human_review,policy_ref_tiktok_misinformation,music,true,false,false,New batch case 1412 detected via automated monitoring. Violation: misinformation. Platform: tiktok. Content removed pending review completion. Case severity: high. Escalation status: false.
VIOL-01413,tiktok,misinformation,critical,2025-10-11,video_removal,not_appealed,2026-04-06,pending,human_review,policy_ref_tiktok_misinformation,news,true,true,true,New batch case 1413 detected via automated monitoring. Violation: misinformation. Platform: tiktok. Content removed pending review completion. Case severity: critical. Escalation status: true.
VIOL-01414,meta,adult_nudity,high,2025-10-10,content_ban_1d,not_appealed,2026-04-09,pending,human_review,policy_ref_meta_adult_nudity,music,true,pending,false,New batch case 1414 detected via automated monitoring. Violation: adult_nudity. Platform: meta. Content removed pending review completion. Case severity: high. Escalation status: false.
VIOL-01415,meta,spam,low,2025-10-02,feature_restrict,not_appealed,2026-04-07,pending,human_review,policy_ref_meta_spam,education,false,false,false,New batch case 1415 detected via automated monitoring. Violation: spam. Platform: meta. Content removed pending review completion. Case severity: low. Escalation status: false.
VIOL-01416,tiktok,privacy_security,medium,2025-10-04,video_removal,not_appealed,2026-04-25,pending,human_review,policy_ref_tiktok_privacy_security,entertainment,false,false,false,New batch case 1416 detected via automated monitoring. Violation: privacy_security. Platform: tiktok. Content removed pending review completion. Case severity: medium. Escalation status: false.
VIOL-01417,meta,violent_graphic,medium,2025-10-14,warning,not_appealed,2026-04-08,pending,human_review,policy_ref_meta_violent_graphic,science,false,false,false,New batch case 1417 detected via automated monitoring. Violation: violent_graphic. Platform: meta. Content removed pending review completion. Case severity: medium. Escalation status: false.
VIOL-01418,meta,inauthentic_behavior,critical,2025-10-03,warning,not_appealed,2026-04-05,pending,human_review,policy_ref_meta_inauthentic_behavior,music,true,pending,true,New batch case 1418 detected via automated monitoring. Violation: inauthentic_behavior. Platform: meta. Content removed pending review completion. Case severity: critical. Escalation status: true.
VIOL-01419,reddit,rule4_csam,critical,2025-10-10,suspend_3d,not_appealed,2026-04-25,pending,human_review,policy_ref_reddit_rule4_csam,finance,true,true,true,New batch case 1419 detected via automated monitoring. Violation: rule4_csam. Platform: reddit. Content removed pending review completion. Case severity: critical. Escalation status: true.
VIOL-01420,tiktok,sensitive_mature,critical,2025-10-12,video_removal,not_appealed,2026-04-05,pending,human_review,policy_ref_tiktok_sensitive_mature,science,true,true,true,New batch case 1420 detected via automated monitoring. Violation: sensitive_mature. Platform: tiktok. Content removed pending review completion. Case severity: critical. Escalation status: true.
VIOL-01421,tiktok,edited_media_ai,medium,2025-10-10,shadowban,not_appealed,2026-04-22,pending,human_review,policy_ref_tiktok_edited_media_ai,education,true,false,false,New batch case 1421 detected via automated monitoring. Violation: edited_media_ai. Platform: tiktok. Content removed pending review completion. Case severity: medium. Escalation status: false.
VIOL-01422,reddit,rule5_misinfo,medium,2025-10-10,permanent_ban,not_appealed,2026-04-05,pending,human_review,policy_ref_reddit_rule5_misinfo,news,false,pending,false,New batch case 1422 detected via automated monitoring. Violation: rule5_misinfo. Platform: reddit. Content removed pending review completion. Case severity: medium. Escalation status: false.
VIOL-01423,tiktok,sensitive_mature,medium,2025-10-10,warning,not_appealed,2026-04-24,pending,human_review,policy_ref_tiktok_sensitive_mature,entertainment,false,true,false,New batch case 1423 detected via automated monitoring. Violation: sensitive_mature. Platform: tiktok. Content removed pending review completion. Case severity: medium. Escalation status: false.
VIOL-01424,tiktok,sensitive_mature,low,2025-10-13,shadowban,not_appealed,2026-04-07,pending,human_review,policy_ref_tiktok_sensitive_mature,news,false,pending,false,New batch case 1424 detected via automated monitoring. Violation: sensitive_mature. Platform: tiktok. Content removed pending review completion. Case severity: low. Escalation status: false.
VIOL-01425,meta,cybersecurity,high,2025-10-05,feature_restrict,not_appealed,2026-04-20,pending,human_review,policy_ref_meta_cybersecurity,education,false,false,false,New batch case 1425 detected via automated monitoring. Violation: cybersecurity. Platform: meta. Content removed pending review completion. Case severity: high. Escalation status: false.
VIOL-01426,tiktok,safety_civility,high,2025-10-07,warning,not_appealed,2026-04-03,pending,human_review,policy_ref_tiktok_safety_civility,news,false,true,false,New batch case 1426 detected via automated monitoring. Violation: safety_civility. Platform: tiktok. Content removed pending review completion. Case severity: high. Escalation status: false.
VIOL-01427,youtube,spam,critical,2025-10-12,strike_1,not_appealed,2026-04-07,pending,human_review,policy_ref_youtube_spam,entertainment,false,false,true,New batch case 1427 detected via automated monitoring. Violation: spam. Platform: youtube. Content removed pending review completion. Case severity: critical. Escalation status: true.
VIOL-01428,meta,spam,high,2025-10-13,feature_restrict,not_appealed,2026-04-19,pending,human_review,policy_ref_meta_spam,education,false,true,false,New batch case 1428 detected via automated monitoring. Violation: spam. Platform: meta. Content removed pending review completion. Case severity: high. Escalation status: false.
VIOL-01429,tiktok,sensitive_mature,high,2025-10-12,shadowban,not_appealed,2026-04-05,pending,human_review,policy_ref_tiktok_sensitive_mature,sports,true,pending,false,New batch case 1429 detected via automated monitoring. Violation: sensitive_mature. Platform: tiktok. Content removed pending review completion. Case severity: high. Escalation status: false.
VIOL-01430,tiktok,edited_media_ai,high,2025-10-14,video_removal,not_appealed,2026-04-12,pending,human_review,policy_ref_tiktok_edited_media_ai,politics,true,true,false,New batch case 1430 detected via automated monitoring. Violation: edited_media_ai. Platform: tiktok. Content removed pending review completion. Case severity: high. Escalation status: false.
VIOL-01431,meta,hate_speech,medium,2025-10-06,content_ban_1d,not_appealed,2026-04-07,pending,human_review,policy_ref_meta_hate_speech,politics,true,pending,false,New batch case 1431 detected via automated monitoring. Violation: hate_speech. Platform: meta. Content removed pending review completion. Case severity: medium. Escalation status: false.
VIOL-01432,youtube,extremism,low,2025-10-13,strike_1,not_appealed,2026-04-20,pending,human_review,policy_ref_youtube_extremism,science,false,false,false,New batch case 1432 detected via automated monitoring. Violation: extremism. Platform: youtube. Content removed pending review completion. Case severity: low. Escalation status: false.
VIOL-01433,youtube,harassment,high,2025-10-14,channel_removal,not_appealed,2026-04-17,pending,human_review,policy_ref_youtube_harassment,finance,true,false,false,New batch case 1433 detected via automated monitoring. Violation: harassment. Platform: youtube. Content removed pending review completion. Case severity: high. Escalation status: false.
VIOL-01434,meta,violent_graphic,critical,2025-10-13,content_ban_1d,not_appealed,2026-04-18,pending,human_review,policy_ref_meta_violent_graphic,gaming,false,true,true,New batch case 1434 detected via automated monitoring. Violation: violent_graphic. Platform: meta. Content removed pending review completion. Case severity: critical. Escalation status: true.
VIOL-01435,youtube,hate_speech,low,2025-10-09,warning,not_appealed,2026-04-04,pending,human_review,policy_ref_youtube_hate_speech,news,false,true,false,New batch case 1435 detected via automated monitoring. Violation: hate_speech. Platform: youtube. Content removed pending review completion. Case severity: low. Escalation status: false.
VIOL-01436,tiktok,privacy_security,high,2025-10-02,video_removal,not_appealed,2026-04-06,pending,human_review,policy_ref_tiktok_privacy_security,education,true,pending,false,New batch case 1436 detected via automated monitoring. Violation: privacy_security. Platform: tiktok. Content removed pending review completion. Case severity: high. Escalation status: false.
VIOL-01437,meta,spam,high,2025-10-04,content_ban_7d,not_appealed,2026-04-12,pending,human_review,policy_ref_meta_spam,news,false,true,false,New batch case 1437 detected via automated monitoring. Violation: spam. Platform: meta. Content removed pending review completion. Case severity: high. Escalation status: false.
VIOL-01438,meta,inauthentic_behavior,critical,2025-10-02,warning,not_appealed,2026-04-12,pending,human_review,policy_ref_meta_inauthentic_behavior,politics,false,true,true,New batch case 1438 detected via automated monitoring. Violation: inauthentic_behavior. Platform: meta. Content removed pending review completion. Case severity: critical. Escalation status: true.
VIOL-01439,youtube,hate_speech,critical,2025-10-04,warning,not_appealed,2026-04-04,pending,human_review,policy_ref_youtube_hate_speech,music,false,true,true,New batch case 1439 detected via automated monitoring. Violation: hate_speech. Platform: youtube. Content removed pending review completion. Case severity: critical. Escalation status: true.
VIOL-01440,reddit,rule4_csam,high,2025-10-10,permanent_ban,not_appealed,2026-04-16,pending,human_review,policy_ref_reddit_rule4_csam,education,false,true,false,New batch case 1440 detected via automated monitoring. Violation: rule4_csam. Platform: reddit. Content removed pending review completion. Case severity: high. Escalation status: false.
VIOL-01441,tiktok,spam_manipulation,high,2025-10-09,warning,not_appealed,2026-04-01,pending,human_review,policy_ref_tiktok_spam_manipulation,finance,true,true,false,New batch case 1441 detected via automated monitoring. Violation: spam_manipulation. Platform: tiktok. Content removed pending review completion. Case severity: high. Escalation status: false.
VIOL-01442,reddit,rule7_illegal,medium,2025-10-14,warning,not_appealed,2026-04-04,pending,human_review,policy_ref_reddit_rule7_illegal,science,false,true,false,New batch case 1442 detected via automated monitoring. Violation: rule7_illegal. Platform: reddit. Content removed pending review completion. Case severity: medium. Escalation status: false.
VIOL-01443,meta,violent_graphic,medium,2025-10-07,content_ban_30d,not_appealed,2026-04-21,pending,human_review,policy_ref_meta_violent_graphic,science,false,pending,false,New batch case 1443 detected via automated monitoring. Violation: violent_graphic. Platform: meta. Content removed pending review completion. Case severity: medium. Escalation status: false.
VIOL-01444,meta,bullying_harassment,low,2025-10-10,warning,not_appealed,2026-04-17,pending,human_review,policy_ref_meta_bullying_harassment,politics,false,false,false,New batch case 1444 detected via automated monitoring. Violation: bullying_harassment. Platform: meta. Content removed pending review completion. Case severity: low. Escalation status: false.
VIOL-01445,tiktok,misinformation,critical,2025-10-05,video_removal,not_appealed,2026-04-14,pending,human_review,policy_ref_tiktok_misinformation,music,true,false,true,New batch case 1445 detected via automated monitoring. Violation: misinformation. Platform: tiktok. Content removed pending review completion. Case severity: critical. Escalation status: true.
VIOL-01446,meta,csam,medium,2025-10-12,content_ban_3d,not_appealed,2026-04-17,pending,human_review,policy_ref_meta_csam,news,true,false,false,New batch case 1446 detected via automated monitoring. Violation: csam. Platform: meta. Content removed pending review completion. Case severity: medium. Escalation status: false.
VIOL-01447,youtube,extremism,critical,2025-10-09,strike_1,not_appealed,2026-04-08,pending,human_review,policy_ref_youtube_extremism,finance,true,false,true,New batch case 1447 detected via automated monitoring. Violation: extremism. Platform: youtube. Content removed pending review completion. Case severity: critical. Escalation status: true.
VIOL-01448,tiktok,misinformation,high,2025-10-14,permanent_ban,not_appealed,2026-04-28,pending,human_review,policy_ref_tiktok_misinformation,finance,false,true,false,New batch case 1448 detected via automated monitoring. Violation: misinformation. Platform: tiktok. Content removed pending review completion. Case severity: high. Escalation status: false.
VIOL-01449,meta,violent_graphic,medium,2025-10-12,warning,not_appealed,2026-04-05,pending,human_review,policy_ref_meta_violent_graphic,politics,true,false,false,New batch case 1449 detected via automated monitoring. Violation: violent_graphic. Platform: meta. Content removed pending review completion. Case severity: medium. Escalation status: false.
VIOL-01450,reddit,rule6_safety,high,2025-10-14,permanent_ban,not_appealed,2026-04-08,pending,human_review,policy_ref_reddit_rule6_safety,gaming,false,false,false,New batch case 1450 detected via automated monitoring. Violation: rule6_safety. Platform: reddit. Content removed pending review completion. Case severity: high. Escalation status: false.
VIOL-01451,reddit,rule5_misinfo,critical,2025-10-10,suspend_3d,not_appealed,2026-04-20,pending,human_review,policy_ref_reddit_rule5_misinfo,education,true,pending,true,New batch case 1451 detected via automated monitoring. Violation: rule5_misinfo. Platform: reddit. Content removed pending review completion. Case severity: critical. Escalation status: true.
VIOL-01452,meta,hate_speech,medium,2025-10-12,feature_restrict,not_appealed,2026-04-07,pending,human_review,policy_ref_meta_hate_speech,music,true,true,false,New batch case 1452 detected via automated monitoring. Violation: hate_speech. Platform: meta. Content removed pending review completion. Case severity: medium. Escalation status: false.
VIOL-01453,youtube,violent_content,high,2025-10-08,strike_2,not_appealed,2026-04-08,pending,human_review,policy_ref_youtube_violent_content,entertainment,false,false,false,New batch case 1453 detected via automated monitoring. Violation: violent_content. Platform: youtube. Content removed pending review completion. Case severity: high. Escalation status: false.
VIOL-01454,meta,bullying_harassment,medium,2025-10-14,warning,not_appealed,2026-04-02,pending,human_review,policy_ref_meta_bullying_harassment,news,false,true,false,New batch case 1454 detected via automated monitoring. Violation: bullying_harassment. Platform: meta. Content removed pending review completion. Case severity: medium. Escalation status: false.
VIOL-01455,meta,hate_speech,high,2025-10-02,content_ban_30d,not_appealed,2026-04-01,pending,human_review,policy_ref_meta_hate_speech,news,false,true,false,New batch case 1455 detected via automated monitoring. Violation: hate_speech. Platform: meta. Content removed pending review completion. Case severity: high. Escalation status: false.
VIOL-01456,youtube,harassment,low,2025-10-05,channel_removal,not_appealed,2026-04-01,pending,human_review,policy_ref_youtube_harassment,entertainment,false,false,false,New batch case 1456 detected via automated monitoring. Violation: harassment. Platform: youtube. Content removed pending review completion. Case severity: low. Escalation status: false.
VIOL-01457,reddit,rule1_hate,medium,2025-10-14,permanent_ban,not_appealed,2026-04-05,pending,human_review,policy_ref_reddit_rule1_hate,music,true,true,false,New batch case 1457 detected via automated monitoring. Violation: rule1_hate. Platform: reddit. Content removed pending review completion. Case severity: medium. Escalation status: false.
VIOL-01458,youtube,child_safety,medium,2025-10-05,channel_removal,not_appealed,2026-04-01,pending,human_review,policy_ref_youtube_child_safety,science,true,pending,false,New batch case 1458 detected via automated monitoring. Violation: child_safety. Platform: youtube. Content removed pending review completion. Case severity: medium. Escalation status: false.
VIOL-01459,reddit,rule1_hate,medium,2025-10-07,permanent_ban,not_appealed,2026-04-17,pending,human_review,policy_ref_reddit_rule1_hate,sports,false,true,false,New batch case 1459 detected via automated monitoring. Violation: rule1_hate. Platform: reddit. Content removed pending review completion. Case severity: medium. Escalation status: false.
VIOL-01460,tiktok,spam_manipulation,low,2025-10-06,warning,not_appealed,2026-04-23,pending,human_review,policy_ref_tiktok_spam_manipulation,education,false,true,false,New batch case 1460 detected via automated monitoring. Violation: spam_manipulation. Platform: tiktok. Content removed pending review completion. Case severity: low. Escalation status: false.
VIOL-01461,tiktok,privacy_security,critical,2025-10-05,shadowban,not_appealed,2026-04-17,pending,human_review,policy_ref_tiktok_privacy_security,science,true,true,true,New batch case 1461 detected via automated monitoring. Violation: privacy_security. Platform: tiktok. Content removed pending review completion. Case severity: critical. Escalation status: true.
VIOL-01462,youtube,extremism,medium,2025-10-14,channel_removal,not_appealed,2026-04-16,pending,human_review,policy_ref_youtube_extremism,music,false,pending,false,New batch case 1462 detected via automated monitoring. Violation: extremism. Platform: youtube. Content removed pending review completion. Case severity: medium. Escalation status: false.
VIOL-01463,tiktok,edited_media_ai,high,2025-10-13,permanent_ban,not_appealed,2026-04-01,pending,human_review,policy_ref_tiktok_edited_media_ai,sports,true,false,false,New batch case 1463 detected via automated monitoring. Violation: edited_media_ai. Platform: tiktok. Content removed pending review completion. Case severity: high. Escalation status: false.
VIOL-01464,tiktok,sensitive_mature,low,2025-10-06,video_removal,not_appealed,2026-04-04,pending,human_review,policy_ref_tiktok_sensitive_mature,news,false,pending,false,New batch case 1464 detected via automated monitoring. Violation: sensitive_mature. Platform: tiktok. Content removed pending review completion. Case severity: low. Escalation status: false.
VIOL-01465,reddit,rule2_manipulation,critical,2025-10-08,permanent_ban,not_appealed,2026-04-25,pending,human_review,policy_ref_reddit_rule2_manipulation,entertainment,false,pending,true,New batch case 1465 detected via automated monitoring. Violation: rule2_manipulation. Platform: reddit. Content removed pending review completion. Case severity: critical. Escalation status: true.
VIOL-01466,reddit,rule1_hate,low,2025-10-15,suspend_7d,not_appealed,2026-04-26,pending,human_review,policy_ref_reddit_rule1_hate,news,true,true,false,New batch case 1466 detected via automated monitoring. Violation: rule1_hate. Platform: reddit. Content removed pending review completion. Case severity: low. Escalation status: false.
VIOL-01467,youtube,child_safety,high,2025-10-11,warning,not_appealed,2026-04-13,pending,human_review,policy_ref_youtube_child_safety,news,true,false,false,New batch case 1467 detected via automated monitoring. Violation: child_safety. Platform: youtube. Content removed pending review completion. Case severity: high. Escalation status: false.
VIOL-01468,tiktok,spam_manipulation,high,2025-10-05,video_removal,not_appealed,2026-04-04,pending,human_review,policy_ref_tiktok_spam_manipulation,education,false,true,false,New batch case 1468 detected via automated monitoring. Violation: spam_manipulation. Platform: tiktok. Content removed pending review completion. Case severity: high. Escalation status: false.
VIOL-01469,youtube,spam,medium,2025-10-11,warning,not_appealed,2026-04-18,pending,human_review,policy_ref_youtube_spam,politics,true,pending,false,New batch case 1469 detected via automated monitoring. Violation: spam. Platform: youtube. Content removed pending review completion. Case severity: medium. Escalation status: false.
VIOL-01470,youtube,misinformation,medium,2025-10-15,strike_2,not_appealed,2026-04-13,pending,human_review,policy_ref_youtube_misinformation,sports,false,false,false,New batch case 1470 detected via automated monitoring. Violation: misinformation. Platform: youtube. Content removed pending review completion. Case severity: medium. Escalation status: false.
VIOL-01471,tiktok,edited_media_ai,low,2025-10-04,video_removal,not_appealed,2026-04-06,pending,human_review,policy_ref_tiktok_edited_media_ai,gaming,true,pending,false,New batch case 1471 detected via automated monitoring. Violation: edited_media_ai. Platform: tiktok. Content removed pending review completion. Case severity: low. Escalation status: false.
VIOL-01472,youtube,spam,medium,2025-10-06,strike_2,not_appealed,2026-04-25,pending,human_review,policy_ref_youtube_spam,gaming,true,true,false,New batch case 1472 detected via automated monitoring. Violation: spam. Platform: youtube. Content removed pending review completion. Case severity: medium. Escalation status: false.
VIOL-01473,youtube,child_safety,low,2025-10-05,strike_1,not_appealed,2026-04-09,pending,human_review,policy_ref_youtube_child_safety,music,false,true,false,New batch case 1473 detected via automated monitoring. Violation: child_safety. Platform: youtube. Content removed pending review completion. Case severity: low. Escalation status: false.
VIOL-01474,tiktok,misinformation,low,2025-10-09,shadowban,not_appealed,2026-04-11,pending,human_review,policy_ref_tiktok_misinformation,gaming,false,false,false,New batch case 1474 detected via automated monitoring. Violation: misinformation. Platform: tiktok. Content removed pending review completion. Case severity: low. Escalation status: false.
VIOL-01475,tiktok,spam_manipulation,low,2025-10-07,warning,not_appealed,2026-04-12,pending,human_review,policy_ref_tiktok_spam_manipulation,sports,false,false,false,New batch case 1475 detected via automated monitoring. Violation: spam_manipulation. Platform: tiktok. Content removed pending review completion. Case severity: low. Escalation status: false.
VIOL-01476,reddit,rule2_manipulation,critical,2025-10-14,permanent_ban,not_appealed,2026-04-06,pending,human_review,policy_ref_reddit_rule2_manipulation,news,true,true,true,New batch case 1476 detected via automated monitoring. Violation: rule2_manipulation. Platform: reddit. Content removed pending review completion. Case severity: critical. Escalation status: true.
VIOL-01477,youtube,misinformation,critical,2025-10-10,channel_removal,not_appealed,2026-04-01,pending,human_review,policy_ref_youtube_misinformation,politics,false,pending,true,New batch case 1477 detected via automated monitoring. Violation: misinformation. Platform: youtube. Content removed pending review completion. Case severity: critical. Escalation status: true.
VIOL-01478,tiktok,sensitive_mature,high,2025-10-08,permanent_ban,not_appealed,2026-04-20,pending,human_review,policy_ref_tiktok_sensitive_mature,politics,false,true,false,New batch case 1478 detected via automated monitoring. Violation: sensitive_mature. Platform: tiktok. Content removed pending review completion. Case severity: high. Escalation status: false.
VIOL-01479,tiktok,safety_civility,low,2025-10-09,shadowban,not_appealed,2026-04-26,pending,human_review,policy_ref_tiktok_safety_civility,gaming,false,true,false,New batch case 1479 detected via automated monitoring. Violation: safety_civility. Platform: tiktok. Content removed pending review completion. Case severity: low. Escalation status: false.
VIOL-01480,reddit,rule7_illegal,critical,2025-10-15,warning,not_appealed,2026-04-02,pending,human_review,policy_ref_reddit_rule7_illegal,finance,true,true,true,New batch case 1480 detected via automated monitoring. Violation: rule7_illegal. Platform: reddit. Content removed pending review completion. Case severity: critical. Escalation status: true.
VIOL-01481,youtube,spam,medium,2025-10-12,strike_1,not_appealed,2026-04-12,pending,human_review,policy_ref_youtube_spam,sports,true,false,false,New batch case 1481 detected via automated monitoring. Violation: spam. Platform: youtube. Content removed pending review completion. Case severity: medium. Escalation status: false.
VIOL-01482,reddit,rule1_hate,low,2025-10-15,permanent_ban,not_appealed,2026-04-02,pending,human_review,policy_ref_reddit_rule1_hate,finance,false,true,false,New batch case 1482 detected via automated monitoring. Violation: rule1_hate. Platform: reddit. Content removed pending review completion. Case severity: low. Escalation status: false.
VIOL-01483,youtube,harassment,low,2025-10-14,channel_removal,not_appealed,2026-04-19,pending,human_review,policy_ref_youtube_harassment,sports,true,false,false,New batch case 1483 detected via automated monitoring. Violation: harassment. Platform: youtube. Content removed pending review completion. Case severity: low. Escalation status: false.
VIOL-01484,youtube,child_safety,high,2025-10-01,strike_2,not_appealed,2026-04-11,pending,human_review,policy_ref_youtube_child_safety,music,true,true,false,New batch case 1484 detected via automated monitoring. Violation: child_safety. Platform: youtube. Content removed pending review completion. Case severity: high. Escalation status: false.
VIOL-01485,tiktok,safety_civility,medium,2025-10-02,video_removal,not_appealed,2026-04-22,pending,human_review,policy_ref_tiktok_safety_civility,gaming,false,pending,false,New batch case 1485 detected via automated monitoring. Violation: safety_civility. Platform: tiktok. Content removed pending review completion. Case severity: medium. Escalation status: false.
VIOL-01486,reddit,rule6_safety,high,2025-10-08,suspend_7d,not_appealed,2026-04-27,pending,human_review,policy_ref_reddit_rule6_safety,entertainment,false,pending,false,New batch case 1486 detected via automated monitoring. Violation: rule6_safety. Platform: reddit. Content removed pending review completion. Case severity: high. Escalation status: false.
VIOL-01487,reddit,rule2_manipulation,low,2025-10-02,permanent_ban,not_appealed,2026-04-10,pending,human_review,policy_ref_reddit_rule2_manipulation,education,true,true,false,New batch case 1487 detected via automated monitoring. Violation: rule2_manipulation. Platform: reddit. Content removed pending review completion. Case severity: low. Escalation status: false.
VIOL-01488,meta,hate_speech,critical,2025-10-09,content_ban_3d,not_appealed,2026-04-13,pending,human_review,policy_ref_meta_hate_speech,science,false,false,true,New batch case 1488 detected via automated monitoring. Violation: hate_speech. Platform: meta. Content removed pending review completion. Case severity: critical. Escalation status: true.
VIOL-01489,meta,spam,critical,2025-10-09,content_ban_30d,not_appealed,2026-04-05,pending,human_review,policy_ref_meta_spam,sports,true,false,true,New batch case 1489 detected via automated monitoring. Violation: spam. Platform: meta. Content removed pending review completion. Case severity: critical. Escalation status: true.
VIOL-01490,reddit,rule6_safety,medium,2025-10-08,warning,not_appealed,2026-04-23,pending,human_review,policy_ref_reddit_rule6_safety,sports,false,true,false,New batch case 1490 detected via automated monitoring. Violation: rule6_safety. Platform: reddit. Content removed pending review completion. Case severity: medium. Escalation status: false.
VIOL-01491,tiktok,sensitive_mature,low,2025-10-07,permanent_ban,not_appealed,2026-04-17,pending,human_review,policy_ref_tiktok_sensitive_mature,finance,true,pending,false,New batch case 1491 detected via automated monitoring. Violation: sensitive_mature. Platform: tiktok. Content removed pending review completion. Case severity: low. Escalation status: false.
VIOL-01492,meta,cybersecurity,medium,2025-10-02,content_ban_7d,not_appealed,2026-04-08,pending,human_review,policy_ref_meta_cybersecurity,science,true,pending,false,New batch case 1492 detected via automated monitoring. Violation: cybersecurity. Platform: meta. Content removed pending review completion. Case severity: medium. Escalation status: false.
VIOL-01493,youtube,spam,medium,2025-10-05,channel_removal,not_appealed,2026-04-27,pending,human_review,policy_ref_youtube_spam,finance,false,false,false,New batch case 1493 detected via automated monitoring. Violation: spam. Platform: youtube. Content removed pending review completion. Case severity: medium. Escalation status: false.
VIOL-01494,youtube,child_safety,critical,2025-10-02,strike_2,not_appealed,2026-04-16,pending,human_review,policy_ref_youtube_child_safety,finance,false,pending,true,New batch case 1494 detected via automated monitoring. Violation: child_safety. Platform: youtube. Content removed pending review completion. Case severity: critical. Escalation status: true.
VIOL-01495,meta,spam,critical,2025-10-09,content_ban_30d,not_appealed,2026-04-04,pending,human_review,policy_ref_meta_spam,education,false,true,true,New batch case 1495 detected via automated monitoring. Violation: spam. Platform: meta. Content removed pending review completion. Case severity: critical. Escalation status: true.
VIOL-01496,reddit,rule4_csam,high,2025-10-04,suspend_7d,not_appealed,2026-04-07,pending,human_review,policy_ref_reddit_rule4_csam,science,true,true,false,New batch case 1496 detected via automated monitoring. Violation: rule4_csam. Platform: reddit. Content removed pending review completion. Case severity: high. Escalation status: false.
VIOL-01497,youtube,harassment,low,2025-10-05,warning,not_appealed,2026-04-27,pending,human_review,policy_ref_youtube_harassment,education,true,false,false,New batch case 1497 detected via automated monitoring. Violation: harassment. Platform: youtube. Content removed pending review completion. Case severity: low. Escalation status: false.
VIOL-01498,tiktok,edited_media_ai,low,2025-10-11,permanent_ban,not_appealed,2026-04-23,pending,human_review,policy_ref_tiktok_edited_media_ai,politics,true,false,false,New batch case 1498 detected via automated monitoring. Violation: edited_media_ai. Platform: tiktok. Content removed pending review completion. Case severity: low. Escalation status: false.
VIOL-01499,meta,csam,high,2025-10-10,content_ban_7d,not_appealed,2026-04-07,pending,human_review,policy_ref_meta_csam,news,false,false,false,New batch case 1499 detected via automated monitoring. Violation: csam. Platform: meta. Content removed pending review completion. Case severity: high. Escalation status: false.
VIOL-01500,meta,adult_nudity,critical,2025-10-08,warning,not_appealed,2026-04-12,pending,human_review,policy_ref_meta_adult_nudity,music,false,true,true,New batch case 1500 detected via automated monitoring. Violation: adult_nudity. Platform: meta. Content removed pending review completion. Case severity: critical. Escalation status: true.
