study_id,product_tested,ingredient,study_type,control_group,randomized,blinded,sample_size,duration_weeks,primary_endpoint,result_direction,statistical_significance_p,clinical_meaningful,ftc_evidence_tier,standalone_sufficient_for_claim,claim_type_supported,limitations,funding_source,publication_year,journal,ftc_assessment
STU-0001,ProBio+ Daily component,Riboflavin,RCT,YES,YES,YES,413,45,inflammatory_markers,positive,0.2202,NO,Tier_2_observational,CONDITIONAL,energy_metabolism,high dropout rate; small sample size; short duration,NIH grant,2023,Probiotics & Antimicrobials,Insufficient for energy_metabolism claim under FTC standards
STU-0002,ProBio+ Daily component,Lactobacillus acidophilus NCFM,RCT,YES,YES,YES,200,26,immune_markers_IgA,neutral,0.1107,NO,Tier_2_observational,CONDITIONAL,immune_function,high dropout rate; no product-specific testing,NIH grant,2024,J Functional Foods,Insufficient for immune_function claim under FTC standards
STU-0003,ProBio+ Daily component,Niacin (Niacinamide),consumer_survey,NO,NO,NO,380,6,cognitive_performance,negative,0.2495,NO,Tier_3_insufficient,NO,energy_metabolism,healthy volunteers only; no blinding; surrogate endpoints only,Industry + independent verification,2015,Food Research International,Insufficient for energy_metabolism claim under FTC standards
STU-0004,ProBio+ Daily component,Vitamin B12 (Methylcobalamin),in_vitro,NO,NO,NO,0,7,bloating_score,neutral,0.5371,NO,Tier_3_insufficient,NO,digestive_health,single center,EU research fund,2021,BMJ Open,Insufficient for digestive_health claim under FTC standards
STU-0005,ProBio+ Daily component,Folate (L-Methylfolate),open_label_trial,NO,NO,NO,274,12,gut_microbiome_diversity,positive,0.1348,NO,Tier_2_pilot,NO,digestive_health,no control group; high dropout rate; industry funded,Industry + independent verification,2025,J Clinical Nutrition,Insufficient for digestive_health claim under FTC standards
STU-0006,ProBio+ Daily component,Vitamin B6 (Pyridoxine HCl),RCT,YES,YES,YES,48,19,skin_hydration,positive,0.0861,NO,Tier_2_observational,CONDITIONAL,energy_metabolism,small sample size; no blinding; no control group; single center,Industry + independent verification,2016,JAMA,Insufficient for energy_metabolism claim under FTC standards
STU-0007,ProBio+ Daily component,Riboflavin,pilot_study,NO,NO,NO,32,33,bloating_score,negative,0.235,NO,Tier_2_pilot,NO,digestive_health,surrogate endpoints only; no product-specific testing; single center; high dropout rate,NIH grant,2015,BMJ Open,Insufficient for digestive_health claim under FTC standards
STU-0008,ProBio+ Daily component,Lactobacillus acidophilus NCFM,in_vitro,NO,NO,NO,0,4,bioavailability,positive,0.0931,NO,Tier_3_insufficient,NO,energy_metabolism,no control group; industry funded; no blinding,Industry + independent verification,2016,J Clinical Nutrition,Insufficient for energy_metabolism claim under FTC standards
STU-0009,ProBio+ Daily component,Vitamin B6 (Pyridoxine HCl),pilot_study,NO,NO,NO,226,19,URTI_frequency,positive,0.2276,NO,Tier_2_pilot,NO,energy_metabolism,surrogate endpoints only; industry funded,Industry + independent verification,2022,J Clinical Nutrition,Insufficient for energy_metabolism claim under FTC standards
STU-0010,ProBio+ Daily component,Thiamine HCl,cohort_study,NO,NO,NO,204,24,gut_microbiome_diversity,positive,0.049,NO,Tier_2_observational,CONDITIONAL,digestive_health,small sample size; healthy volunteers only; no product-specific testing,EU research fund,2017,J Clinical Nutrition,Insufficient for digestive_health claim under FTC standards
STU-0011,ProBio+ Daily component,Thiamine HCl,consumer_survey,NO,NO,NO,299,13,antioxidant_capacity,positive,0.0115,NO,Tier_3_insufficient,NO,energy_metabolism,surrogate endpoints only; small sample size,EU research fund,2024,Probiotics & Antimicrobials,Insufficient for energy_metabolism claim under FTC standards
STU-0012,ProBio+ Daily component,Pantothenic Acid,RCT,YES,YES,NO,168,23,URTI_frequency,positive,0.0788,NO,Tier_2_observational,CONDITIONAL,energy_metabolism,single center; high dropout rate,Industry + independent verification,2019,JAMA,Insufficient for energy_metabolism claim under FTC standards
STU-0013,ProBio+ Daily component,Pantothenic Acid,meta_analysis,YES,NO,NO,97,29,NK_cell_activity,neutral,0.7217,NO,Tier_1_meta_analysis,YES,immune_function,small sample size; no control group; high dropout rate; short duration,Industry (manufacturer),2020,NEJM,Adequate for immune_function claim under FTC standards
STU-0014,ProBio+ Daily component,Riboflavin,in_vitro,NO,NO,NO,0,3,URTI_frequency,positive,0.0083,NO,Tier_3_insufficient,NO,energy_metabolism,no blinding; single center; small sample size,Industry + independent verification,2018,Probiotics & Antimicrobials,Insufficient for energy_metabolism claim under FTC standards
STU-0015,ProBio+ Daily component,Thiamine HCl,in_vitro,NO,NO,NO,0,1,bioavailability,positive,0.0461,NO,Tier_3_insufficient,NO,energy_metabolism,small sample size; short duration,EU research fund,2021,Nutrients,Insufficient for energy_metabolism claim under FTC standards
STU-0016,ProBio+ Daily component,Vitamin B6 (Pyridoxine HCl),open_label_trial,NO,NO,NO,318,9,bioavailability,positive,0.0381,NO,Tier_2_pilot,NO,energy_metabolism,no product-specific testing; small sample size,Academic institution,2018,Gut Microbes,Insufficient for energy_metabolism claim under FTC standards
STU-0017,ProBio+ Daily component,Lactobacillus plantarum 299v,open_label_trial,NO,NO,NO,390,9,energy_levels_self_report,neutral,0.4712,NO,Tier_2_pilot,NO,energy_metabolism,high dropout rate; short duration,NIH grant,2025,JAMA,Insufficient for energy_metabolism claim under FTC standards
STU-0018,ProBio+ Daily component,Folate (L-Methylfolate),consumer_survey,NO,NO,NO,415,7,energy_levels_self_report,positive,0.2223,NO,Tier_3_insufficient,NO,energy_metabolism,no product-specific testing; high dropout rate; healthy volunteers only; single center,EU research fund,2017,NEJM,Insufficient for energy_metabolism claim under FTC standards
STU-0019,ProBio+ Daily component,Vitamin B12 (Methylcobalamin),animal_model,NO,NO,NO,114,3,energy_levels_self_report,positive,0.05,NO,Tier_3_insufficient,NO,energy_metabolism,healthy volunteers only; short duration; industry funded; no blinding,Industry (manufacturer),2017,Food Research International,Insufficient for energy_metabolism claim under FTC standards
STU-0020,ProBio+ Daily component,Niacin (Niacinamide),meta_analysis,YES,NO,NO,193,37,NK_cell_activity,neutral,0.2292,NO,Tier_1_meta_analysis,YES,immune_function,single center; small sample size,Industry (manufacturer),2022,J Clinical Nutrition,Adequate for immune_function claim under FTC standards
STU-0021,ProBio+ Daily component,Niacin (Niacinamide),meta_analysis,YES,NO,NO,419,31,bioavailability,positive,0.2121,NO,Tier_1_meta_analysis,YES,energy_metabolism,no product-specific testing; high dropout rate; short duration,Industry (manufacturer),2017,JAMA,Adequate for energy_metabolism claim under FTC standards
STU-0022,ProBio+ Daily component,Lactobacillus acidophilus NCFM,cohort_study,NO,NO,NO,445,33,bloating_score,positive,0.1595,NO,Tier_2_observational,CONDITIONAL,digestive_health,industry funded; no blinding; high dropout rate,EU research fund,2016,Probiotics & Antimicrobials,Insufficient for digestive_health claim under FTC standards
STU-0023,ProBio+ Daily component,Riboflavin,RCT,YES,YES,NO,335,32,gut_microbiome_diversity,neutral,0.1514,NO,Tier_2_observational,CONDITIONAL,digestive_health,healthy volunteers only; no blinding,Industry (manufacturer),2015,Nutrients,Insufficient for digestive_health claim under FTC standards
STU-0024,ProBio+ Daily component,Biotin (D-Biotin),in_vitro,NO,NO,NO,0,8,energy_levels_self_report,positive,0.1172,NO,Tier_3_insufficient,NO,energy_metabolism,no control group; no blinding; healthy volunteers only; high dropout rate,EU research fund,2017,JAMA,Insufficient for energy_metabolism claim under FTC standards
STU-0025,ProBio+ Daily component,Biotin (D-Biotin),in_vitro,NO,NO,NO,0,5,inflammatory_markers,positive,0.2082,NO,Tier_3_insufficient,NO,energy_metabolism,high dropout rate; no product-specific testing; industry funded; healthy volunteers only,NIH grant,2024,J Functional Foods,Insufficient for energy_metabolism claim under FTC standards
STU-0026,ProBio+ Daily component,Lactobacillus plantarum 299v,meta_analysis,YES,NO,NO,444,22,bloating_score,negative,0.1803,NO,Tier_1_meta_analysis,YES,digestive_health,short duration; surrogate endpoints only; healthy volunteers only,Industry + independent verification,2025,Am J Clinical Nutrition,Adequate for digestive_health claim under FTC standards
STU-0027,ProBio+ Daily component,Niacin (Niacinamide),animal_model,NO,NO,NO,280,7,NK_cell_activity,positive,0.2332,NO,Tier_3_insufficient,NO,immune_function,no product-specific testing; surrogate endpoints only; high dropout rate,NIH grant,2022,Nutrients,Insufficient for immune_function claim under FTC standards
STU-0028,ProBio+ Daily component,Vitamin B12 (Methylcobalamin),meta_analysis,YES,NO,NO,328,21,inflammatory_markers,neutral,0.3592,NO,Tier_1_meta_analysis,YES,energy_metabolism,surrogate endpoints only; industry funded; single center,Industry (manufacturer),2016,BMJ Open,Adequate for energy_metabolism claim under FTC standards
STU-0029,ProBio+ Daily component,Biotin (D-Biotin),consumer_survey,NO,NO,NO,279,48,energy_levels_self_report,neutral,0.1594,NO,Tier_3_insufficient,NO,energy_metabolism,high dropout rate; single center; small sample size; surrogate endpoints only,EU research fund,2024,Food Research International,Insufficient for energy_metabolism claim under FTC standards
STU-0030,ProBio+ Daily component,Riboflavin,animal_model,NO,NO,NO,264,4,cognitive_performance,positive,0.1884,NO,Tier_3_insufficient,NO,energy_metabolism,no blinding; short duration; industry funded; no product-specific testing,Industry (manufacturer),2016,NEJM,Insufficient for energy_metabolism claim under FTC standards
STU-0031,ProBio+ Daily component,Biotin (D-Biotin),meta_analysis,YES,NO,NO,350,37,NK_cell_activity,positive,0.1937,NO,Tier_1_meta_analysis,YES,immune_function,no blinding; surrogate endpoints only,Industry (manufacturer),2015,BMJ Open,Adequate for immune_function claim under FTC standards
STU-0032,ProBio+ Daily component,Bifidobacterium lactis Bi-07,consumer_survey,NO,NO,NO,310,52,gut_microbiome_diversity,positive,0.1658,NO,Tier_3_insufficient,NO,digestive_health,short duration; no blinding; high dropout rate,NIH grant,2015,Am J Clinical Nutrition,Insufficient for digestive_health claim under FTC standards
STU-0033,ProBio+ Daily component,Lactobacillus acidophilus NCFM,open_label_trial,NO,NO,NO,218,50,NK_cell_activity,positive,0.1126,NO,Tier_2_pilot,NO,immune_function,single center; industry funded; surrogate endpoints only,Industry (manufacturer),2020,Nutrients,Insufficient for immune_function claim under FTC standards
STU-0034,ProBio+ Daily component,Pantothenic Acid,pilot_study,NO,NO,NO,416,10,antioxidant_capacity,positive,0.1085,NO,Tier_2_pilot,NO,energy_metabolism,small sample size; no product-specific testing,Industry (manufacturer),2024,Nutrients,Insufficient for energy_metabolism claim under FTC standards
STU-0035,ProBio+ Daily component,Lactobacillus plantarum 299v,pilot_study,NO,NO,NO,221,37,antioxidant_capacity,neutral,0.6263,NO,Tier_2_pilot,NO,energy_metabolism,no product-specific testing; no control group; short duration,Industry + independent verification,2021,J Clinical Nutrition,Insufficient for energy_metabolism claim under FTC standards
STU-0036,ProBio+ Daily component,Pantothenic Acid,open_label_trial,NO,NO,NO,406,8,inflammatory_markers,positive,0.1663,NO,Tier_2_pilot,NO,energy_metabolism,short duration; surrogate endpoints only; industry funded,Academic institution,2025,Am J Clinical Nutrition,Insufficient for energy_metabolism claim under FTC standards
STU-0037,ProBio+ Daily component,Niacin (Niacinamide),consumer_survey,NO,NO,NO,90,8,skin_hydration,neutral,0.5544,NO,Tier_3_insufficient,NO,energy_metabolism,short duration; small sample size,Industry + independent verification,2017,Nutrients,Insufficient for energy_metabolism claim under FTC standards
STU-0038,ProBio+ Daily component,Biotin (D-Biotin),cohort_study,NO,NO,NO,276,52,bloating_score,positive,0.1477,NO,Tier_2_observational,CONDITIONAL,digestive_health,no blinding,Industry (manufacturer),2025,Gut Microbes,Insufficient for digestive_health claim under FTC standards
STU-0039,ProBio+ Daily component,Lactobacillus plantarum 299v,in_vitro,NO,NO,NO,0,3,bioavailability,positive,0.1408,NO,Tier_3_insufficient,NO,energy_metabolism,no blinding; healthy volunteers only; no product-specific testing; single center,Industry (manufacturer),2015,J Clinical Nutrition,Insufficient for energy_metabolism claim under FTC standards
STU-0040,ProBio+ Daily component,Thiamine HCl,pilot_study,NO,NO,NO,70,26,inflammatory_markers,positive,0.1089,NO,Tier_2_pilot,NO,energy_metabolism,small sample size; short duration; single center; healthy volunteers only,Industry (manufacturer),2022,Gut Microbes,Insufficient for energy_metabolism claim under FTC standards
STU-0041,ProBio+ Daily component,Lactobacillus plantarum 299v,RCT,YES,YES,YES,271,31,skin_hydration,positive,0.015,YES,Tier_1_RCT,YES,energy_metabolism,short duration,Industry + independent verification,2022,NEJM,Adequate for energy_metabolism claim under FTC standards
STU-0042,ProBio+ Daily component,Thiamine HCl,pilot_study,NO,NO,NO,435,21,energy_levels_self_report,neutral,0.2397,NO,Tier_2_pilot,NO,energy_metabolism,no product-specific testing; surrogate endpoints only; no control group,NIH grant,2025,JAMA,Insufficient for energy_metabolism claim under FTC standards
STU-0043,ProBio+ Daily component,Bifidobacterium lactis Bi-07,pilot_study,NO,NO,NO,280,16,cognitive_performance,positive,0.2297,NO,Tier_2_pilot,NO,energy_metabolism,no product-specific testing; surrogate endpoints only; small sample size; single center,Academic institution,2019,Gut Microbes,Insufficient for energy_metabolism claim under FTC standards
STU-0044,ProBio+ Daily component,Vitamin B12 (Methylcobalamin),open_label_trial,NO,NO,NO,373,32,gut_microbiome_diversity,positive,0.068,NO,Tier_2_pilot,NO,digestive_health,no control group; high dropout rate; no product-specific testing,Industry + independent verification,2020,Gut Microbes,Insufficient for digestive_health claim under FTC standards
STU-0045,ProBio+ Daily component,Folate (L-Methylfolate),RCT,YES,YES,YES,165,19,bloating_score,neutral,0.1485,NO,Tier_2_observational,CONDITIONAL,digestive_health,no blinding; small sample size; healthy volunteers only,NIH grant,2016,Food Research International,Insufficient for digestive_health claim under FTC standards
STU-0046,ProBio+ Daily component,Niacin (Niacinamide),cohort_study,NO,NO,NO,283,7,stool_consistency,positive,0.0653,NO,Tier_2_observational,CONDITIONAL,digestive_health,single center; no blinding; short duration,NIH grant,2022,J Functional Foods,Insufficient for digestive_health claim under FTC standards
STU-0047,ProBio+ Daily component,Bifidobacterium lactis Bi-07,open_label_trial,NO,NO,NO,375,33,inflammatory_markers,neutral,0.7443,NO,Tier_2_pilot,NO,energy_metabolism,surrogate endpoints only; small sample size,Academic institution,2018,NEJM,Insufficient for energy_metabolism claim under FTC standards
STU-0048,ProBio+ Daily component,Lactobacillus acidophilus NCFM,pilot_study,NO,NO,NO,49,46,stool_consistency,positive,0.1612,NO,Tier_2_pilot,NO,digestive_health,no control group; high dropout rate,EU research fund,2022,J Clinical Nutrition,Insufficient for digestive_health claim under FTC standards
STU-0049,ProBio+ Daily component,Lactobacillus plantarum 299v,pilot_study,NO,NO,NO,116,30,cognitive_performance,positive,0.0089,NO,Tier_2_pilot,NO,energy_metabolism,short duration; surrogate endpoints only; healthy volunteers only; small sample size,EU research fund,2025,Am J Clinical Nutrition,Insufficient for energy_metabolism claim under FTC standards
STU-0050,ProBio+ Daily component,Biotin (D-Biotin),pilot_study,NO,NO,NO,125,36,URTI_frequency,positive,0.1786,NO,Tier_2_pilot,NO,energy_metabolism,single center; small sample size,Industry + independent verification,2024,J Clinical Nutrition,Insufficient for energy_metabolism claim under FTC standards
STU-0051,ProBio+ Daily component,Folate (L-Methylfolate),animal_model,NO,NO,NO,324,1,antioxidant_capacity,neutral,0.303,NO,Tier_3_insufficient,NO,energy_metabolism,short duration; healthy volunteers only; single center,Industry (manufacturer),2024,J Functional Foods,Insufficient for energy_metabolism claim under FTC standards
STU-0052,ProBio+ Daily component,Bifidobacterium lactis Bi-07,consumer_survey,NO,NO,NO,426,15,URTI_frequency,neutral,0.799,NO,Tier_3_insufficient,NO,energy_metabolism,healthy volunteers only,NIH grant,2019,Food Research International,Insufficient for energy_metabolism claim under FTC standards
STU-0053,ProBio+ Daily component,Lactobacillus rhamnosus GG,cohort_study,NO,NO,NO,191,46,inflammatory_markers,negative,0.0304,NO,Tier_2_observational,CONDITIONAL,energy_metabolism,industry funded,Industry + independent verification,2020,NEJM,Insufficient for energy_metabolism claim under FTC standards
STU-0054,ProBio+ Daily component,Vitamin B6 (Pyridoxine HCl),pilot_study,NO,NO,NO,359,41,bloating_score,positive,0.1403,NO,Tier_2_pilot,NO,digestive_health,no control group; healthy volunteers only; high dropout rate,NIH grant,2018,Food Research International,Insufficient for digestive_health claim under FTC standards
STU-0055,ProBio+ Daily component,Thiamine HCl,animal_model,NO,NO,NO,280,6,bloating_score,neutral,0.6933,NO,Tier_3_insufficient,NO,digestive_health,healthy volunteers only; high dropout rate; short duration; small sample size,Academic institution,2025,BMJ Open,Insufficient for digestive_health claim under FTC standards
STU-0056,ProBio+ Daily component,Lactobacillus acidophilus NCFM,RCT,YES,YES,YES,42,47,skin_hydration,positive,0.1563,NO,Tier_2_observational,CONDITIONAL,energy_metabolism,healthy volunteers only; no product-specific testing; no control group,Academic institution,2021,Probiotics & Antimicrobials,Insufficient for energy_metabolism claim under FTC standards
STU-0057,ProBio+ Daily component,Vitamin B6 (Pyridoxine HCl),cohort_study,NO,NO,NO,214,17,gut_microbiome_diversity,negative,0.2013,NO,Tier_2_observational,CONDITIONAL,digestive_health,no blinding,EU research fund,2024,Food Research International,Insufficient for digestive_health claim under FTC standards
STU-0058,ProBio+ Daily component,Lactobacillus plantarum 299v,animal_model,NO,NO,NO,413,7,inflammatory_markers,negative,0.0185,NO,Tier_3_insufficient,NO,energy_metabolism,no control group; surrogate endpoints only; no blinding; high dropout rate,Academic institution,2019,Food Research International,Insufficient for energy_metabolism claim under FTC standards
STU-0059,ProBio+ Daily component,Vitamin B6 (Pyridoxine HCl),animal_model,NO,NO,NO,176,7,gut_microbiome_diversity,positive,0.2033,NO,Tier_3_insufficient,NO,digestive_health,industry funded; high dropout rate; healthy volunteers only; short duration,NIH grant,2017,Food Research International,Insufficient for digestive_health claim under FTC standards
STU-0060,ProBio+ Daily component,Pantothenic Acid,open_label_trial,NO,NO,NO,182,16,antioxidant_capacity,positive,0.0886,NO,Tier_2_pilot,NO,energy_metabolism,surrogate endpoints only; single center; no product-specific testing,NIH grant,2016,J Functional Foods,Insufficient for energy_metabolism claim under FTC standards
STU-0061,ProBio+ Daily component,Niacin (Niacinamide),consumer_survey,NO,NO,NO,33,21,cognitive_performance,neutral,0.3799,NO,Tier_3_insufficient,NO,energy_metabolism,single center; short duration; industry funded; no blinding,NIH grant,2025,Food Research International,Insufficient for energy_metabolism claim under FTC standards
STU-0062,ProBio+ Daily component,Biotin (D-Biotin),meta_analysis,YES,NO,NO,242,35,skin_hydration,positive,0.0876,NO,Tier_1_meta_analysis,YES,energy_metabolism,short duration,Academic institution,2023,Am J Clinical Nutrition,Adequate for energy_metabolism claim under FTC standards
STU-0063,ProBio+ Daily component,Pantothenic Acid,consumer_survey,NO,NO,NO,29,30,energy_levels_self_report,positive,0.0843,NO,Tier_3_insufficient,NO,energy_metabolism,no control group; surrogate endpoints only; no product-specific testing; high dropout rate,EU research fund,2023,Gut Microbes,Insufficient for energy_metabolism claim under FTC standards
STU-0064,ProBio+ Daily component,Thiamine HCl,meta_analysis,YES,NO,NO,259,22,bloating_score,positive,0.0601,NO,Tier_1_meta_analysis,YES,digestive_health,no product-specific testing; high dropout rate; no control group,Industry + independent verification,2018,JAMA,Adequate for digestive_health claim under FTC standards
STU-0065,ProBio+ Daily component,Pantothenic Acid,cohort_study,NO,NO,NO,34,18,gut_microbiome_diversity,positive,0.0203,NO,Tier_2_observational,CONDITIONAL,digestive_health,no control group; industry funded; no blinding; healthy volunteers only,Academic institution,2015,Am J Clinical Nutrition,Insufficient for digestive_health claim under FTC standards
STU-0066,ProBio+ Daily component,Lactobacillus plantarum 299v,cohort_study,NO,NO,NO,333,34,URTI_frequency,positive,0.158,NO,Tier_2_observational,CONDITIONAL,energy_metabolism,no blinding; high dropout rate,NIH grant,2025,J Clinical Nutrition,Insufficient for energy_metabolism claim under FTC standards
STU-0067,ProBio+ Daily component,Pantothenic Acid,cohort_study,NO,NO,NO,268,4,gut_microbiome_diversity,positive,0.0798,NO,Tier_2_observational,CONDITIONAL,digestive_health,no blinding; healthy volunteers only; no control group,Industry (manufacturer),2018,BMJ Open,Insufficient for digestive_health claim under FTC standards
STU-0068,ProBio+ Daily component,Riboflavin,animal_model,NO,NO,NO,234,8,cognitive_performance,negative,0.0567,NO,Tier_3_insufficient,NO,energy_metabolism,short duration; healthy volunteers only; small sample size; no product-specific testing,Academic institution,2020,J Functional Foods,Insufficient for energy_metabolism claim under FTC standards
STU-0069,ProBio+ Daily component,Lactobacillus rhamnosus GG,open_label_trial,NO,NO,NO,354,13,stool_consistency,neutral,0.1962,NO,Tier_2_pilot,NO,digestive_health,no product-specific testing; single center; high dropout rate; no blinding,EU research fund,2015,NEJM,Insufficient for digestive_health claim under FTC standards
STU-0070,ProBio+ Daily component,Folate (L-Methylfolate),meta_analysis,YES,NO,NO,58,29,cognitive_performance,positive,0.0658,NO,Tier_1_meta_analysis,YES,energy_metabolism,surrogate endpoints only; high dropout rate; industry funded,EU research fund,2020,NEJM,Adequate for energy_metabolism claim under FTC standards
STU-0071,ProBio+ Daily component,Thiamine HCl,cohort_study,NO,NO,NO,136,9,URTI_frequency,negative,0.1456,NO,Tier_2_observational,CONDITIONAL,energy_metabolism,no blinding; healthy volunteers only,EU research fund,2024,NEJM,Insufficient for energy_metabolism claim under FTC standards
STU-0072,ProBio+ Daily component,Lactobacillus rhamnosus GG,cohort_study,NO,NO,NO,432,39,skin_hydration,neutral,0.3607,NO,Tier_2_observational,CONDITIONAL,energy_metabolism,surrogate endpoints only; no blinding,Academic institution,2025,Gut Microbes,Insufficient for energy_metabolism claim under FTC standards
STU-0073,ProBio+ Daily component,Bifidobacterium lactis Bi-07,animal_model,NO,NO,NO,153,2,bioavailability,neutral,0.7074,NO,Tier_3_insufficient,NO,energy_metabolism,high dropout rate; no product-specific testing; industry funded,Industry (manufacturer),2025,JAMA,Insufficient for energy_metabolism claim under FTC standards
STU-0074,ProBio+ Daily component,Niacin (Niacinamide),consumer_survey,NO,NO,NO,168,5,cognitive_performance,positive,0.1735,NO,Tier_3_insufficient,NO,energy_metabolism,surrogate endpoints only; small sample size,EU research fund,2024,Am J Clinical Nutrition,Insufficient for energy_metabolism claim under FTC standards
STU-0075,ProBio+ Daily component,Biotin (D-Biotin),meta_analysis,YES,NO,NO,321,39,NK_cell_activity,negative,0.2497,NO,Tier_1_meta_analysis,YES,immune_function,no product-specific testing; healthy volunteers only,Industry + independent verification,2021,Gut Microbes,Adequate for immune_function claim under FTC standards
STU-0076,ProBio+ Daily component,Folate (L-Methylfolate),meta_analysis,YES,NO,NO,310,49,antioxidant_capacity,neutral,0.1273,NO,Tier_1_meta_analysis,YES,energy_metabolism,short duration,Industry + independent verification,2018,JAMA,Adequate for energy_metabolism claim under FTC standards
STU-0077,ProBio+ Daily component,Lactobacillus plantarum 299v,open_label_trial,NO,NO,NO,425,50,gut_microbiome_diversity,negative,0.2227,NO,Tier_2_pilot,NO,digestive_health,no blinding,NIH grant,2022,Am J Clinical Nutrition,Insufficient for digestive_health claim under FTC standards
STU-0078,ProBio+ Daily component,Bifidobacterium lactis Bi-07,meta_analysis,YES,NO,NO,331,51,stool_consistency,positive,0.1733,NO,Tier_1_meta_analysis,YES,digestive_health,single center,Industry (manufacturer),2020,Gut Microbes,Adequate for digestive_health claim under FTC standards
STU-0079,ProBio+ Daily component,Lactobacillus rhamnosus GG,pilot_study,NO,NO,NO,22,49,antioxidant_capacity,neutral,0.3359,NO,Tier_2_pilot,NO,energy_metabolism,no product-specific testing; no blinding; high dropout rate; surrogate endpoints only,Academic institution,2019,J Functional Foods,Insufficient for energy_metabolism claim under FTC standards
STU-0080,ProBio+ Daily component,Niacin (Niacinamide),meta_analysis,YES,NO,NO,120,19,bloating_score,neutral,0.632,NO,Tier_1_meta_analysis,YES,digestive_health,surrogate endpoints only; no control group,Academic institution,2019,J Functional Foods,Adequate for digestive_health claim under FTC standards
STU-0081,ProBio+ Daily component,Thiamine HCl,animal_model,NO,NO,NO,346,8,cognitive_performance,neutral,0.6327,NO,Tier_3_insufficient,NO,energy_metabolism,surrogate endpoints only; healthy volunteers only; no control group,Industry + independent verification,2017,J Functional Foods,Insufficient for energy_metabolism claim under FTC standards
STU-0082,ProBio+ Daily component,Riboflavin,animal_model,NO,NO,NO,59,4,cognitive_performance,positive,0.2183,NO,Tier_3_insufficient,NO,energy_metabolism,single center; no blinding,Industry (manufacturer),2021,NEJM,Insufficient for energy_metabolism claim under FTC standards
STU-0083,ProBio+ Daily component,Vitamin B6 (Pyridoxine HCl),RCT,YES,YES,YES,87,10,NK_cell_activity,positive,0.027,NO,Tier_1_RCT,YES,immune_function,no blinding; high dropout rate,Industry + independent verification,2018,J Clinical Nutrition,Adequate for immune_function claim under FTC standards
STU-0084,ProBio+ Daily component,Niacin (Niacinamide),open_label_trial,NO,NO,NO,326,35,NK_cell_activity,neutral,0.6429,NO,Tier_2_pilot,NO,immune_function,industry funded; no blinding; no product-specific testing; healthy volunteers only,Industry + independent verification,2024,JAMA,Insufficient for immune_function claim under FTC standards
STU-0085,ProBio+ Daily component,Vitamin B12 (Methylcobalamin),consumer_survey,NO,NO,NO,207,24,gut_microbiome_diversity,positive,0.2469,NO,Tier_3_insufficient,NO,digestive_health,short duration,EU research fund,2020,Nutrients,Insufficient for digestive_health claim under FTC standards
STU-0086,ProBio+ Daily component,Folate (L-Methylfolate),pilot_study,NO,NO,NO,238,24,immune_markers_IgA,neutral,0.1156,NO,Tier_2_pilot,NO,immune_function,no product-specific testing; healthy volunteers only; industry funded; surrogate endpoints only,EU research fund,2025,Food Research International,Insufficient for immune_function claim under FTC standards
STU-0087,ProBio+ Daily component,Biotin (D-Biotin),pilot_study,NO,NO,NO,32,4,gut_microbiome_diversity,neutral,0.7078,NO,Tier_2_pilot,NO,digestive_health,surrogate endpoints only; healthy volunteers only,EU research fund,2018,Probiotics & Antimicrobials,Insufficient for digestive_health claim under FTC standards
STU-0088,ProBio+ Daily component,Folate (L-Methylfolate),consumer_survey,NO,NO,NO,107,7,URTI_frequency,positive,0.104,NO,Tier_3_insufficient,NO,energy_metabolism,single center,Industry + independent verification,2023,J Clinical Nutrition,Insufficient for energy_metabolism claim under FTC standards
STU-0089,ProBio+ Daily component,Thiamine HCl,RCT,YES,YES,YES,317,48,NK_cell_activity,negative,0.0095,YES,Tier_1_RCT,YES,immune_function,surrogate endpoints only,Industry + independent verification,2020,JAMA,Adequate for immune_function claim under FTC standards
STU-0090,ProBio+ Daily component,Niacin (Niacinamide),open_label_trial,NO,NO,NO,440,26,antioxidant_capacity,neutral,0.387,NO,Tier_2_pilot,NO,energy_metabolism,high dropout rate; surrogate endpoints only; no product-specific testing,EU research fund,2019,Nutrients,Insufficient for energy_metabolism claim under FTC standards
STU-0091,ProBio+ Daily component,Lactobacillus rhamnosus GG,animal_model,NO,NO,NO,355,4,antioxidant_capacity,neutral,0.6277,NO,Tier_3_insufficient,NO,energy_metabolism,single center; high dropout rate; industry funded,EU research fund,2016,Gut Microbes,Insufficient for energy_metabolism claim under FTC standards
STU-0092,ProBio+ Daily component,Thiamine HCl,animal_model,NO,NO,NO,192,7,stool_consistency,neutral,0.677,NO,Tier_3_insufficient,NO,digestive_health,short duration; industry funded; no product-specific testing; surrogate endpoints only,Industry (manufacturer),2022,Food Research International,Insufficient for digestive_health claim under FTC standards
STU-0093,ProBio+ Daily component,Pantothenic Acid,animal_model,NO,NO,NO,358,4,bioavailability,neutral,0.1595,NO,Tier_3_insufficient,NO,energy_metabolism,small sample size; single center; no blinding,Academic institution,2021,J Clinical Nutrition,Insufficient for energy_metabolism claim under FTC standards
STU-0094,ProBio+ Daily component,Vitamin B12 (Methylcobalamin),consumer_survey,NO,NO,NO,124,34,cognitive_performance,neutral,0.5327,NO,Tier_3_insufficient,NO,energy_metabolism,small sample size; short duration; healthy volunteers only; no blinding,Industry + independent verification,2019,Gut Microbes,Insufficient for energy_metabolism claim under FTC standards
STU-0095,ProBio+ Daily component,Thiamine HCl,pilot_study,NO,NO,NO,29,11,immune_markers_IgA,negative,0.2243,NO,Tier_2_pilot,NO,immune_function,no product-specific testing; small sample size,Academic institution,2018,JAMA,Insufficient for immune_function claim under FTC standards
STU-0096,ProBio+ Daily component,Folate (L-Methylfolate),meta_analysis,YES,NO,NO,214,37,bloating_score,positive,0.1814,NO,Tier_1_meta_analysis,YES,digestive_health,industry funded; high dropout rate,NIH grant,2025,Am J Clinical Nutrition,Adequate for digestive_health claim under FTC standards
STU-0097,ProBio+ Daily component,Niacin (Niacinamide),RCT,YES,YES,YES,112,32,antioxidant_capacity,neutral,0.7459,NO,Tier_2_observational,CONDITIONAL,energy_metabolism,healthy volunteers only; no control group; no blinding; small sample size,EU research fund,2016,Food Research International,Insufficient for energy_metabolism claim under FTC standards
STU-0098,ProBio+ Daily component,Lactobacillus plantarum 299v,pilot_study,NO,NO,NO,79,24,bloating_score,negative,0.2019,NO,Tier_2_pilot,NO,digestive_health,small sample size,EU research fund,2024,JAMA,Insufficient for digestive_health claim under FTC standards
STU-0099,ProBio+ Daily component,Lactobacillus plantarum 299v,pilot_study,NO,NO,NO,373,34,inflammatory_markers,positive,0.0204,NO,Tier_2_pilot,NO,energy_metabolism,short duration; industry funded,Industry + independent verification,2015,J Clinical Nutrition,Insufficient for energy_metabolism claim under FTC standards
STU-0100,ProBio+ Daily component,Vitamin B6 (Pyridoxine HCl),cohort_study,NO,NO,NO,438,4,energy_levels_self_report,negative,0.1777,NO,Tier_2_observational,CONDITIONAL,energy_metabolism,no control group; surrogate endpoints only; industry funded,NIH grant,2015,BMJ Open,Insufficient for energy_metabolism claim under FTC standards
STU-0101,ProBio+ Daily component,Lactobacillus rhamnosus GG,pilot_study,NO,NO,NO,175,8,URTI_frequency,positive,0.161,NO,Tier_2_pilot,NO,energy_metabolism,industry funded; healthy volunteers only; surrogate endpoints only,NIH grant,2020,NEJM,Insufficient for energy_metabolism claim under FTC standards
STU-0102,ProBio+ Daily component,Pantothenic Acid,open_label_trial,NO,NO,NO,253,10,inflammatory_markers,negative,0.0127,NO,Tier_2_pilot,NO,energy_metabolism,no product-specific testing,Industry (manufacturer),2018,Am J Clinical Nutrition,Insufficient for energy_metabolism claim under FTC standards
STU-0103,ProBio+ Daily component,Bifidobacterium lactis Bi-07,animal_model,NO,NO,NO,286,6,bioavailability,neutral,0.1502,NO,Tier_3_insufficient,NO,energy_metabolism,no blinding; single center,Industry + independent verification,2023,Gut Microbes,Insufficient for energy_metabolism claim under FTC standards
STU-0104,ProBio+ Daily component,Riboflavin,consumer_survey,NO,NO,NO,209,45,cognitive_performance,neutral,0.1597,NO,Tier_3_insufficient,NO,energy_metabolism,no blinding,NIH grant,2016,JAMA,Insufficient for energy_metabolism claim under FTC standards
STU-0105,ProBio+ Daily component,Riboflavin,cohort_study,NO,NO,NO,268,45,stool_consistency,positive,0.1161,NO,Tier_2_observational,CONDITIONAL,digestive_health,short duration; small sample size; single center; high dropout rate,NIH grant,2015,Gut Microbes,Insufficient for digestive_health claim under FTC standards
STU-0106,ProBio+ Daily component,Vitamin B6 (Pyridoxine HCl),consumer_survey,NO,NO,NO,309,49,cognitive_performance,positive,0.1317,NO,Tier_3_insufficient,NO,energy_metabolism,no blinding; small sample size; no product-specific testing; single center,NIH grant,2024,J Clinical Nutrition,Insufficient for energy_metabolism claim under FTC standards
STU-0107,ProBio+ Daily component,Lactobacillus rhamnosus GG,consumer_survey,NO,NO,NO,314,26,gut_microbiome_diversity,positive,0.0101,NO,Tier_3_insufficient,NO,digestive_health,single center,NIH grant,2023,BMJ Open,Insufficient for digestive_health claim under FTC standards
STU-0108,ProBio+ Daily component,Niacin (Niacinamide),animal_model,NO,NO,NO,50,8,skin_hydration,neutral,0.4747,NO,Tier_3_insufficient,NO,energy_metabolism,no blinding; industry funded,NIH grant,2023,Nutrients,Insufficient for energy_metabolism claim under FTC standards
STU-0109,ProBio+ Daily component,Vitamin B12 (Methylcobalamin),consumer_survey,NO,NO,NO,432,26,URTI_frequency,negative,0.0451,NO,Tier_3_insufficient,NO,energy_metabolism,healthy volunteers only,Academic institution,2022,J Functional Foods,Insufficient for energy_metabolism claim under FTC standards
STU-0110,ProBio+ Daily component,Riboflavin,cohort_study,NO,NO,NO,55,45,bloating_score,negative,0.0881,NO,Tier_2_observational,CONDITIONAL,digestive_health,surrogate endpoints only; healthy volunteers only; small sample size; no control group,Industry + independent verification,2022,Probiotics & Antimicrobials,Insufficient for digestive_health claim under FTC standards
STU-0111,ProBio+ Daily component,Vitamin B6 (Pyridoxine HCl),pilot_study,NO,NO,NO,446,13,bioavailability,neutral,0.4165,NO,Tier_2_pilot,NO,energy_metabolism,no control group; industry funded; high dropout rate; short duration,NIH grant,2017,Am J Clinical Nutrition,Insufficient for energy_metabolism claim under FTC standards
STU-0112,ProBio+ Daily component,Lactobacillus plantarum 299v,RCT,YES,YES,NO,272,13,skin_hydration,positive,0.0547,NO,Tier_2_observational,CONDITIONAL,energy_metabolism,no control group; high dropout rate,Industry (manufacturer),2024,Food Research International,Insufficient for energy_metabolism claim under FTC standards
STU-0113,ProBio+ Daily component,Lactobacillus plantarum 299v,meta_analysis,YES,NO,NO,59,16,inflammatory_markers,neutral,0.7339,NO,Tier_1_meta_analysis,YES,energy_metabolism,small sample size; industry funded; surrogate endpoints only,Industry (manufacturer),2021,JAMA,Adequate for energy_metabolism claim under FTC standards
STU-0114,ProBio+ Daily component,Folate (L-Methylfolate),consumer_survey,NO,NO,NO,439,52,NK_cell_activity,positive,0.175,NO,Tier_3_insufficient,NO,immune_function,healthy volunteers only; high dropout rate; small sample size; short duration,EU research fund,2022,Probiotics & Antimicrobials,Insufficient for immune_function claim under FTC standards
STU-0115,ProBio+ Daily component,Folate (L-Methylfolate),in_vitro,NO,NO,NO,0,8,skin_hydration,positive,0.0579,NO,Tier_3_insufficient,NO,energy_metabolism,high dropout rate; industry funded,Industry + independent verification,2021,NEJM,Insufficient for energy_metabolism claim under FTC standards
STU-0116,ProBio+ Daily component,Vitamin B12 (Methylcobalamin),animal_model,NO,NO,NO,445,1,energy_levels_self_report,positive,0.0113,NO,Tier_3_insufficient,NO,energy_metabolism,industry funded; small sample size; healthy volunteers only; no product-specific testing,Industry (manufacturer),2021,BMJ Open,Insufficient for energy_metabolism claim under FTC standards
STU-0117,ProBio+ Daily component,Lactobacillus plantarum 299v,cohort_study,NO,NO,NO,40,16,stool_consistency,negative,0.0467,NO,Tier_2_observational,CONDITIONAL,digestive_health,surrogate endpoints only; no control group; small sample size,Industry (manufacturer),2022,Gut Microbes,Insufficient for digestive_health claim under FTC standards
STU-0118,ProBio+ Daily component,Folate (L-Methylfolate),cohort_study,NO,NO,NO,177,27,antioxidant_capacity,positive,0.0273,NO,Tier_2_observational,CONDITIONAL,energy_metabolism,industry funded; no control group; no product-specific testing,Academic institution,2020,Nutrients,Insufficient for energy_metabolism claim under FTC standards
STU-0119,ProBio+ Daily component,Bifidobacterium lactis Bi-07,RCT,YES,YES,YES,135,11,inflammatory_markers,positive,0.0743,NO,Tier_2_observational,CONDITIONAL,energy_metabolism,single center; no control group; no product-specific testing; small sample size,Industry (manufacturer),2019,Probiotics & Antimicrobials,Insufficient for energy_metabolism claim under FTC standards
STU-0120,ProBio+ Daily component,Niacin (Niacinamide),RCT,YES,YES,YES,343,31,URTI_frequency,positive,0.1512,NO,Tier_2_observational,CONDITIONAL,energy_metabolism,surrogate endpoints only; no blinding; single center,NIH grant,2018,Gut Microbes,Insufficient for energy_metabolism claim under FTC standards
STU-0121,ProBio+ Daily component,Vitamin B6 (Pyridoxine HCl),pilot_study,NO,NO,NO,58,5,immune_markers_IgA,positive,0.1593,NO,Tier_2_pilot,NO,immune_function,single center; industry funded,Academic institution,2015,Nutrients,Insufficient for immune_function claim under FTC standards
STU-0122,ProBio+ Daily component,Vitamin B6 (Pyridoxine HCl),RCT,YES,YES,YES,390,9,URTI_frequency,negative,0.0582,NO,Tier_2_observational,CONDITIONAL,energy_metabolism,no product-specific testing; small sample size; single center; no blinding,Industry + independent verification,2018,Nutrients,Insufficient for energy_metabolism claim under FTC standards
STU-0123,ProBio+ Daily component,Pantothenic Acid,in_vitro,NO,NO,NO,0,1,URTI_frequency,negative,0.0793,NO,Tier_3_insufficient,NO,energy_metabolism,no control group; small sample size; short duration,NIH grant,2023,BMJ Open,Insufficient for energy_metabolism claim under FTC standards
STU-0124,ProBio+ Daily component,Lactobacillus rhamnosus GG,pilot_study,NO,NO,NO,224,37,cognitive_performance,positive,0.1244,NO,Tier_2_pilot,NO,energy_metabolism,no product-specific testing; healthy volunteers only; single center; small sample size,Industry (manufacturer),2024,JAMA,Insufficient for energy_metabolism claim under FTC standards
STU-0125,ProBio+ Daily component,Vitamin B12 (Methylcobalamin),pilot_study,NO,NO,NO,128,20,NK_cell_activity,negative,0.1679,NO,Tier_2_pilot,NO,immune_function,short duration; high dropout rate,Industry + independent verification,2022,NEJM,Insufficient for immune_function claim under FTC standards
STU-0126,ProBio+ Daily component,Lactobacillus plantarum 299v,pilot_study,NO,NO,NO,361,30,bioavailability,positive,0.1104,NO,Tier_2_pilot,NO,energy_metabolism,no blinding; no control group; single center,Industry (manufacturer),2024,Gut Microbes,Insufficient for energy_metabolism claim under FTC standards
STU-0127,ProBio+ Daily component,Pantothenic Acid,pilot_study,NO,NO,NO,324,48,inflammatory_markers,neutral,0.1616,NO,Tier_2_pilot,NO,energy_metabolism,no product-specific testing; surrogate endpoints only; single center,Academic institution,2021,BMJ Open,Insufficient for energy_metabolism claim under FTC standards
STU-0128,ProBio+ Daily component,Lactobacillus plantarum 299v,meta_analysis,YES,NO,NO,449,47,stool_consistency,positive,0.1652,NO,Tier_1_meta_analysis,YES,digestive_health,no control group; industry funded; small sample size; no product-specific testing,Academic institution,2015,Am J Clinical Nutrition,Adequate for digestive_health claim under FTC standards
STU-0129,ProBio+ Daily component,Biotin (D-Biotin),in_vitro,NO,NO,NO,0,4,antioxidant_capacity,negative,0.0074,NO,Tier_3_insufficient,NO,energy_metabolism,healthy volunteers only; small sample size; high dropout rate; single center,Academic institution,2021,J Clinical Nutrition,Insufficient for energy_metabolism claim under FTC standards
STU-0130,ProBio+ Daily component,Thiamine HCl,pilot_study,NO,NO,NO,86,37,gut_microbiome_diversity,neutral,0.2762,NO,Tier_2_pilot,NO,digestive_health,no control group,Industry + independent verification,2025,JAMA,Insufficient for digestive_health claim under FTC standards
STU-0131,ProBio+ Daily component,Folate (L-Methylfolate),meta_analysis,YES,NO,NO,358,33,inflammatory_markers,positive,0.2178,NO,Tier_1_meta_analysis,YES,energy_metabolism,short duration,Industry + independent verification,2019,Probiotics & Antimicrobials,Adequate for energy_metabolism claim under FTC standards
STU-0132,ProBio+ Daily component,Lactobacillus rhamnosus GG,open_label_trial,NO,NO,NO,330,23,stool_consistency,positive,0.0963,NO,Tier_2_pilot,NO,digestive_health,small sample size; no control group,NIH grant,2021,J Clinical Nutrition,Insufficient for digestive_health claim under FTC standards
STU-0133,ProBio+ Daily component,Bifidobacterium lactis Bi-07,animal_model,NO,NO,NO,177,5,stool_consistency,neutral,0.2481,NO,Tier_3_insufficient,NO,digestive_health,short duration; small sample size; high dropout rate; no product-specific testing,EU research fund,2024,J Clinical Nutrition,Insufficient for digestive_health claim under FTC standards
STU-0134,ProBio+ Daily component,Folate (L-Methylfolate),animal_model,NO,NO,NO,447,5,antioxidant_capacity,negative,0.2417,NO,Tier_3_insufficient,NO,energy_metabolism,industry funded; small sample size; no product-specific testing; high dropout rate,Industry + independent verification,2025,Probiotics & Antimicrobials,Insufficient for energy_metabolism claim under FTC standards
STU-0135,ProBio+ Daily component,Lactobacillus acidophilus NCFM,RCT,YES,YES,YES,239,7,immune_markers_IgA,positive,0.214,NO,Tier_2_observational,CONDITIONAL,immune_function,short duration; no product-specific testing; small sample size; industry funded,Academic institution,2018,Am J Clinical Nutrition,Insufficient for immune_function claim under FTC standards
STU-0136,ProBio+ Daily component,Riboflavin,in_vitro,NO,NO,NO,0,5,energy_levels_self_report,positive,0.1522,NO,Tier_3_insufficient,NO,energy_metabolism,industry funded; single center; no control group,NIH grant,2018,Am J Clinical Nutrition,Insufficient for energy_metabolism claim under FTC standards
STU-0137,ProBio+ Daily component,Thiamine HCl,pilot_study,NO,NO,NO,117,41,bloating_score,positive,0.1933,NO,Tier_2_pilot,NO,digestive_health,surrogate endpoints only; small sample size; no control group; industry funded,NIH grant,2021,Nutrients,Insufficient for digestive_health claim under FTC standards
STU-0138,ProBio+ Daily component,Pantothenic Acid,pilot_study,NO,NO,NO,325,46,NK_cell_activity,neutral,0.4692,NO,Tier_2_pilot,NO,immune_function,surrogate endpoints only; no blinding; healthy volunteers only,Industry (manufacturer),2024,BMJ Open,Insufficient for immune_function claim under FTC standards
STU-0139,ProBio+ Daily component,Lactobacillus acidophilus NCFM,in_vitro,NO,NO,NO,0,3,NK_cell_activity,negative,0.1717,NO,Tier_3_insufficient,NO,immune_function,small sample size; surrogate endpoints only; short duration,Academic institution,2021,Am J Clinical Nutrition,Insufficient for immune_function claim under FTC standards
STU-0140,ProBio+ Daily component,Biotin (D-Biotin),animal_model,NO,NO,NO,97,5,bloating_score,negative,0.1051,NO,Tier_3_insufficient,NO,digestive_health,high dropout rate; no product-specific testing; single center,Industry + independent verification,2018,Am J Clinical Nutrition,Insufficient for digestive_health claim under FTC standards
STU-0141,ProBio+ Daily component,Vitamin B6 (Pyridoxine HCl),meta_analysis,YES,NO,NO,227,51,NK_cell_activity,positive,0.1122,NO,Tier_1_meta_analysis,YES,immune_function,no blinding; no product-specific testing; healthy volunteers only; no control group,EU research fund,2015,J Functional Foods,Adequate for immune_function claim under FTC standards
STU-0142,ProBio+ Daily component,Lactobacillus rhamnosus GG,in_vitro,NO,NO,NO,0,3,inflammatory_markers,neutral,0.684,NO,Tier_3_insufficient,NO,energy_metabolism,no blinding; high dropout rate,Industry + independent verification,2022,Nutrients,Insufficient for energy_metabolism claim under FTC standards
STU-0143,ProBio+ Daily component,Thiamine HCl,pilot_study,NO,NO,NO,35,20,NK_cell_activity,positive,0.051,NO,Tier_2_pilot,NO,immune_function,single center; high dropout rate; short duration,Industry (manufacturer),2022,Probiotics & Antimicrobials,Insufficient for immune_function claim under FTC standards
STU-0144,ProBio+ Daily component,Riboflavin,open_label_trial,NO,NO,NO,173,29,NK_cell_activity,positive,0.2407,NO,Tier_2_pilot,NO,immune_function,surrogate endpoints only; no blinding; short duration; no product-specific testing,EU research fund,2020,Nutrients,Insufficient for immune_function claim under FTC standards
STU-0145,ProBio+ Daily component,Vitamin B6 (Pyridoxine HCl),meta_analysis,YES,NO,NO,287,44,immune_markers_IgA,neutral,0.241,NO,Tier_1_meta_analysis,YES,immune_function,surrogate endpoints only; healthy volunteers only; no product-specific testing,NIH grant,2015,Food Research International,Adequate for immune_function claim under FTC standards
STU-0146,ProBio+ Daily component,Lactobacillus rhamnosus GG,consumer_survey,NO,NO,NO,308,34,antioxidant_capacity,neutral,0.3833,NO,Tier_3_insufficient,NO,energy_metabolism,high dropout rate,Industry + independent verification,2017,JAMA,Insufficient for energy_metabolism claim under FTC standards
STU-0147,ProBio+ Daily component,Vitamin B12 (Methylcobalamin),open_label_trial,NO,NO,NO,57,41,skin_hydration,positive,0.1484,NO,Tier_2_pilot,NO,energy_metabolism,healthy volunteers only; short duration,NIH grant,2015,J Functional Foods,Insufficient for energy_metabolism claim under FTC standards
STU-0148,ProBio+ Daily component,Vitamin B6 (Pyridoxine HCl),animal_model,NO,NO,NO,280,5,antioxidant_capacity,positive,0.0018,NO,Tier_3_insufficient,NO,energy_metabolism,no blinding; industry funded; no product-specific testing,Industry + independent verification,2020,BMJ Open,Insufficient for energy_metabolism claim under FTC standards
STU-0149,ProBio+ Daily component,Vitamin B6 (Pyridoxine HCl),pilot_study,NO,NO,NO,350,42,bloating_score,positive,0.1599,NO,Tier_2_pilot,NO,digestive_health,no control group; surrogate endpoints only; small sample size,Academic institution,2024,J Clinical Nutrition,Insufficient for digestive_health claim under FTC standards
STU-0150,ProBio+ Daily component,Niacin (Niacinamide),cohort_study,NO,NO,NO,69,41,energy_levels_self_report,positive,0.1866,NO,Tier_2_observational,CONDITIONAL,energy_metabolism,no control group; industry funded,Academic institution,2016,BMJ Open,Insufficient for energy_metabolism claim under FTC standards
STU-0151,ProBio+ Daily component,Vitamin B12 (Methylcobalamin),pilot_study,NO,NO,NO,287,19,NK_cell_activity,positive,0.0666,NO,Tier_2_pilot,NO,immune_function,industry funded; no blinding; healthy volunteers only; high dropout rate,Academic institution,2018,BMJ Open,Insufficient for immune_function claim under FTC standards
STU-0152,ProBio+ Daily component,Niacin (Niacinamide),cohort_study,NO,NO,NO,325,48,gut_microbiome_diversity,positive,0.0519,NO,Tier_2_observational,CONDITIONAL,digestive_health,single center; no control group,Academic institution,2017,JAMA,Insufficient for digestive_health claim under FTC standards
STU-0153,ProBio+ Daily component,Lactobacillus acidophilus NCFM,RCT,YES,YES,YES,330,28,energy_levels_self_report,neutral,0.7462,NO,Tier_2_observational,CONDITIONAL,energy_metabolism,surrogate endpoints only; short duration; no control group; no blinding,Industry + independent verification,2019,Am J Clinical Nutrition,Insufficient for energy_metabolism claim under FTC standards
STU-0154,ProBio+ Daily component,Lactobacillus rhamnosus GG,meta_analysis,YES,NO,NO,448,30,NK_cell_activity,positive,0.0899,NO,Tier_1_meta_analysis,YES,immune_function,no product-specific testing; high dropout rate,Industry + independent verification,2016,Nutrients,Adequate for immune_function claim under FTC standards
STU-0155,ProBio+ Daily component,Biotin (D-Biotin),in_vitro,NO,NO,NO,0,3,cognitive_performance,positive,0.1765,NO,Tier_3_insufficient,NO,energy_metabolism,no product-specific testing; no control group; short duration; healthy volunteers only,Academic institution,2024,BMJ Open,Insufficient for energy_metabolism claim under FTC standards
STU-0156,ProBio+ Daily component,Bifidobacterium lactis Bi-07,open_label_trial,NO,NO,NO,207,39,energy_levels_self_report,neutral,0.3268,NO,Tier_2_pilot,NO,energy_metabolism,small sample size,Industry + independent verification,2018,J Clinical Nutrition,Insufficient for energy_metabolism claim under FTC standards
STU-0157,ProBio+ Daily component,Vitamin B6 (Pyridoxine HCl),pilot_study,NO,NO,NO,44,19,cognitive_performance,neutral,0.3077,NO,Tier_2_pilot,NO,energy_metabolism,no control group; single center; small sample size,EU research fund,2016,Nutrients,Insufficient for energy_metabolism claim under FTC standards
STU-0158,ProBio+ Daily component,Pantothenic Acid,in_vitro,NO,NO,NO,0,5,bloating_score,negative,0.1544,NO,Tier_3_insufficient,NO,digestive_health,no product-specific testing; short duration; no blinding,NIH grant,2024,Gut Microbes,Insufficient for digestive_health claim under FTC standards
STU-0159,ProBio+ Daily component,Riboflavin,in_vitro,NO,NO,NO,0,6,skin_hydration,negative,0.0938,NO,Tier_3_insufficient,NO,energy_metabolism,high dropout rate; surrogate endpoints only,Industry + independent verification,2025,JAMA,Insufficient for energy_metabolism claim under FTC standards
STU-0160,ProBio+ Daily component,Lactobacillus acidophilus NCFM,open_label_trial,NO,NO,NO,206,32,gut_microbiome_diversity,positive,0.1485,NO,Tier_2_pilot,NO,digestive_health,high dropout rate,NIH grant,2020,J Functional Foods,Insufficient for digestive_health claim under FTC standards
STU-0161,ProBio+ Daily component,Thiamine HCl,open_label_trial,NO,NO,NO,312,23,cognitive_performance,positive,0.0597,NO,Tier_2_pilot,NO,energy_metabolism,no control group,EU research fund,2020,BMJ Open,Insufficient for energy_metabolism claim under FTC standards
STU-0162,ProBio+ Daily component,Folate (L-Methylfolate),cohort_study,NO,NO,NO,324,9,bioavailability,positive,0.1605,NO,Tier_2_observational,CONDITIONAL,energy_metabolism,healthy volunteers only,NIH grant,2018,Nutrients,Insufficient for energy_metabolism claim under FTC standards
STU-0163,ProBio+ Daily component,Lactobacillus plantarum 299v,pilot_study,NO,NO,NO,197,5,NK_cell_activity,neutral,0.6504,NO,Tier_2_pilot,NO,immune_function,short duration; single center,NIH grant,2018,Food Research International,Insufficient for immune_function claim under FTC standards
STU-0164,ProBio+ Daily component,Niacin (Niacinamide),in_vitro,NO,NO,NO,0,1,gut_microbiome_diversity,negative,0.193,NO,Tier_3_insufficient,NO,digestive_health,single center; high dropout rate,Industry + independent verification,2022,JAMA,Insufficient for digestive_health claim under FTC standards
STU-0165,ProBio+ Daily component,Vitamin B12 (Methylcobalamin),consumer_survey,NO,NO,NO,325,41,antioxidant_capacity,negative,0.1039,NO,Tier_3_insufficient,NO,energy_metabolism,healthy volunteers only,Industry + independent verification,2019,Am J Clinical Nutrition,Insufficient for energy_metabolism claim under FTC standards
STU-0166,ProBio+ Daily component,Biotin (D-Biotin),RCT,YES,YES,YES,208,21,bloating_score,positive,0.2411,NO,Tier_2_observational,CONDITIONAL,digestive_health,industry funded,Industry (manufacturer),2023,NEJM,Insufficient for digestive_health claim under FTC standards
STU-0167,ProBio+ Daily component,Lactobacillus acidophilus NCFM,RCT,YES,YES,YES,274,30,URTI_frequency,negative,0.0827,NO,Tier_2_observational,CONDITIONAL,energy_metabolism,high dropout rate; healthy volunteers only; short duration; surrogate endpoints only,NIH grant,2025,Am J Clinical Nutrition,Insufficient for energy_metabolism claim under FTC standards
STU-0168,ProBio+ Daily component,Riboflavin,in_vitro,NO,NO,NO,0,2,energy_levels_self_report,neutral,0.3558,NO,Tier_3_insufficient,NO,energy_metabolism,single center; no blinding,NIH grant,2022,Nutrients,Insufficient for energy_metabolism claim under FTC standards
STU-0169,ProBio+ Daily component,Niacin (Niacinamide),RCT,YES,YES,YES,355,43,NK_cell_activity,negative,0.2238,NO,Tier_2_observational,CONDITIONAL,immune_function,small sample size; no control group,Academic institution,2019,Probiotics & Antimicrobials,Insufficient for immune_function claim under FTC standards
STU-0170,ProBio+ Daily component,Bifidobacterium lactis Bi-07,open_label_trial,NO,NO,NO,73,25,bloating_score,neutral,0.2618,NO,Tier_2_pilot,NO,digestive_health,healthy volunteers only,Industry (manufacturer),2024,Gut Microbes,Insufficient for digestive_health claim under FTC standards
STU-0171,ProBio+ Daily component,Vitamin B6 (Pyridoxine HCl),cohort_study,NO,NO,NO,417,37,antioxidant_capacity,neutral,0.6019,NO,Tier_2_observational,CONDITIONAL,energy_metabolism,no product-specific testing,EU research fund,2019,JAMA,Insufficient for energy_metabolism claim under FTC standards
STU-0172,ProBio+ Daily component,Vitamin B12 (Methylcobalamin),RCT,YES,YES,YES,177,52,stool_consistency,negative,0.0145,YES,Tier_1_RCT,YES,digestive_health,no product-specific testing,Academic institution,2017,Nutrients,Adequate for digestive_health claim under FTC standards
STU-0173,ProBio+ Daily component,Vitamin B6 (Pyridoxine HCl),pilot_study,NO,NO,NO,250,35,NK_cell_activity,positive,0.2231,NO,Tier_2_pilot,NO,immune_function,short duration; high dropout rate; no blinding; surrogate endpoints only,Industry (manufacturer),2017,NEJM,Insufficient for immune_function claim under FTC standards
STU-0174,ProBio+ Daily component,Niacin (Niacinamide),RCT,YES,YES,YES,252,4,bioavailability,positive,0.018,YES,Tier_1_RCT,YES,energy_metabolism,high dropout rate,Industry (manufacturer),2016,Food Research International,Adequate for energy_metabolism claim under FTC standards
STU-0175,ProBio+ Daily component,Vitamin B12 (Methylcobalamin),animal_model,NO,NO,NO,385,5,bioavailability,positive,0.1634,NO,Tier_3_insufficient,NO,energy_metabolism,surrogate endpoints only; healthy volunteers only,Industry (manufacturer),2023,Probiotics & Antimicrobials,Insufficient for energy_metabolism claim under FTC standards
STU-0176,ProBio+ Daily component,Lactobacillus acidophilus NCFM,open_label_trial,NO,NO,NO,257,43,stool_consistency,negative,0.231,NO,Tier_2_pilot,NO,digestive_health,small sample size; no control group,EU research fund,2020,Probiotics & Antimicrobials,Insufficient for digestive_health claim under FTC standards
STU-0177,ProBio+ Daily component,Lactobacillus rhamnosus GG,animal_model,NO,NO,NO,92,2,gut_microbiome_diversity,positive,0.1837,NO,Tier_3_insufficient,NO,digestive_health,no product-specific testing; surrogate endpoints only; single center; short duration,Industry + independent verification,2024,Am J Clinical Nutrition,Insufficient for digestive_health claim under FTC standards
STU-0178,ProBio+ Daily component,Folate (L-Methylfolate),RCT,YES,YES,NO,45,37,bloating_score,neutral,0.6533,NO,Tier_2_observational,CONDITIONAL,digestive_health,short duration; surrogate endpoints only; no control group,Industry (manufacturer),2021,J Functional Foods,Insufficient for digestive_health claim under FTC standards
STU-0179,ProBio+ Daily component,Pantothenic Acid,RCT,YES,YES,YES,216,26,NK_cell_activity,positive,0.0338,NO,Tier_1_RCT,YES,immune_function,short duration; high dropout rate; small sample size; healthy volunteers only,Academic institution,2015,J Functional Foods,Adequate for immune_function claim under FTC standards
STU-0180,ProBio+ Daily component,Thiamine HCl,in_vitro,NO,NO,NO,0,4,stool_consistency,neutral,0.5468,NO,Tier_3_insufficient,NO,digestive_health,high dropout rate,Academic institution,2020,Food Research International,Insufficient for digestive_health claim under FTC standards
STU-0181,ProBio+ Daily component,Lactobacillus rhamnosus GG,in_vitro,NO,NO,NO,0,6,immune_markers_IgA,negative,0.1026,NO,Tier_3_insufficient,NO,immune_function,healthy volunteers only; short duration,Academic institution,2017,J Clinical Nutrition,Insufficient for immune_function claim under FTC standards
STU-0182,ProBio+ Daily component,Lactobacillus plantarum 299v,animal_model,NO,NO,NO,395,2,gut_microbiome_diversity,neutral,0.536,NO,Tier_3_insufficient,NO,digestive_health,single center; no blinding,Industry + independent verification,2025,J Clinical Nutrition,Insufficient for digestive_health claim under FTC standards
STU-0183,ProBio+ Daily component,Biotin (D-Biotin),animal_model,NO,NO,NO,105,5,URTI_frequency,positive,0.0911,NO,Tier_3_insufficient,NO,energy_metabolism,high dropout rate; industry funded; single center; no blinding,EU research fund,2017,Gut Microbes,Insufficient for energy_metabolism claim under FTC standards
STU-0184,ProBio+ Daily component,Pantothenic Acid,meta_analysis,YES,NO,NO,264,17,stool_consistency,positive,0.0259,NO,Tier_1_meta_analysis,YES,digestive_health,no blinding,Industry (manufacturer),2017,Nutrients,Adequate for digestive_health claim under FTC standards
STU-0185,ProBio+ Daily component,Niacin (Niacinamide),in_vitro,NO,NO,NO,0,7,bloating_score,negative,0.1084,NO,Tier_3_insufficient,NO,digestive_health,no product-specific testing; healthy volunteers only; no control group,Academic institution,2022,Gut Microbes,Insufficient for digestive_health claim under FTC standards
STU-0186,ProBio+ Daily component,Bifidobacterium lactis Bi-07,consumer_survey,NO,NO,NO,25,46,stool_consistency,positive,0.0573,NO,Tier_3_insufficient,NO,digestive_health,no blinding; surrogate endpoints only; healthy volunteers only,Academic institution,2015,NEJM,Insufficient for digestive_health claim under FTC standards
STU-0187,ProBio+ Daily component,Niacin (Niacinamide),RCT,YES,YES,YES,125,41,antioxidant_capacity,positive,0.0028,YES,Tier_1_RCT,YES,energy_metabolism,healthy volunteers only,Industry + independent verification,2015,JAMA,Adequate for energy_metabolism claim under FTC standards
STU-0188,ProBio+ Daily component,Lactobacillus plantarum 299v,animal_model,NO,NO,NO,424,1,cognitive_performance,negative,0.1529,NO,Tier_3_insufficient,NO,energy_metabolism,healthy volunteers only; industry funded; no control group,Industry (manufacturer),2018,Am J Clinical Nutrition,Insufficient for energy_metabolism claim under FTC standards
STU-0189,ProBio+ Daily component,Lactobacillus acidophilus NCFM,RCT,YES,YES,NO,279,5,stool_consistency,negative,0.1819,NO,Tier_2_observational,CONDITIONAL,digestive_health,short duration; healthy volunteers only; small sample size; no product-specific testing,Academic institution,2018,J Clinical Nutrition,Insufficient for digestive_health claim under FTC standards
STU-0190,ProBio+ Daily component,Biotin (D-Biotin),pilot_study,NO,NO,NO,310,15,cognitive_performance,positive,0.2408,NO,Tier_2_pilot,NO,energy_metabolism,no control group; industry funded,EU research fund,2020,NEJM,Insufficient for energy_metabolism claim under FTC standards
STU-0191,ProBio+ Daily component,Lactobacillus plantarum 299v,pilot_study,NO,NO,NO,396,21,skin_hydration,neutral,0.286,NO,Tier_2_pilot,NO,energy_metabolism,no control group; small sample size; industry funded,Academic institution,2021,JAMA,Insufficient for energy_metabolism claim under FTC standards
STU-0192,ProBio+ Daily component,Thiamine HCl,RCT,YES,YES,YES,234,52,bioavailability,positive,0.1204,NO,Tier_2_observational,CONDITIONAL,energy_metabolism,no control group,Academic institution,2017,JAMA,Insufficient for energy_metabolism claim under FTC standards
STU-0193,ProBio+ Daily component,Biotin (D-Biotin),cohort_study,NO,NO,NO,160,27,antioxidant_capacity,positive,0.1161,NO,Tier_2_observational,CONDITIONAL,energy_metabolism,high dropout rate; no blinding,Academic institution,2024,J Clinical Nutrition,Insufficient for energy_metabolism claim under FTC standards
STU-0194,ProBio+ Daily component,Vitamin B6 (Pyridoxine HCl),in_vitro,NO,NO,NO,0,6,antioxidant_capacity,positive,0.1051,NO,Tier_3_insufficient,NO,energy_metabolism,no blinding; no control group; short duration,Industry + independent verification,2016,Food Research International,Insufficient for energy_metabolism claim under FTC standards
STU-0195,ProBio+ Daily component,Bifidobacterium lactis Bi-07,meta_analysis,YES,NO,NO,357,32,bioavailability,positive,0.1805,NO,Tier_1_meta_analysis,YES,energy_metabolism,small sample size; surrogate endpoints only; healthy volunteers only,EU research fund,2019,J Clinical Nutrition,Adequate for energy_metabolism claim under FTC standards
STU-0196,ProBio+ Daily component,Thiamine HCl,RCT,YES,YES,NO,383,37,energy_levels_self_report,positive,0.0874,NO,Tier_2_observational,CONDITIONAL,energy_metabolism,industry funded; high dropout rate,NIH grant,2025,Gut Microbes,Insufficient for energy_metabolism claim under FTC standards
STU-0197,ProBio+ Daily component,Niacin (Niacinamide),cohort_study,NO,NO,NO,263,18,bioavailability,positive,0.1859,NO,Tier_2_observational,CONDITIONAL,energy_metabolism,short duration; healthy volunteers only; industry funded; high dropout rate,Industry + independent verification,2022,NEJM,Insufficient for energy_metabolism claim under FTC standards
STU-0198,ProBio+ Daily component,Biotin (D-Biotin),RCT,YES,YES,YES,210,48,inflammatory_markers,negative,0.0159,NO,Tier_1_RCT,YES,energy_metabolism,high dropout rate,EU research fund,2021,NEJM,Adequate for energy_metabolism claim under FTC standards
STU-0199,ProBio+ Daily component,Folate (L-Methylfolate),open_label_trial,NO,NO,NO,21,18,inflammatory_markers,negative,0.1081,NO,Tier_2_pilot,NO,energy_metabolism,small sample size; no control group; no product-specific testing; short duration,Academic institution,2022,Gut Microbes,Insufficient for energy_metabolism claim under FTC standards
STU-0200,ProBio+ Daily component,Vitamin B12 (Methylcobalamin),consumer_survey,NO,NO,NO,389,45,cognitive_performance,positive,0.2256,NO,Tier_3_insufficient,NO,energy_metabolism,no product-specific testing,EU research fund,2019,BMJ Open,Insufficient for energy_metabolism claim under FTC standards
STU-0201,ProBio+ Daily component,Vitamin B6 (Pyridoxine HCl),cohort_study,NO,NO,NO,350,19,stool_consistency,positive,0.1667,NO,Tier_2_observational,CONDITIONAL,digestive_health,no blinding; single center; small sample size,EU research fund,2015,BMJ Open,Insufficient for digestive_health claim under FTC standards
STU-0202,ProBio+ Daily component,Lactobacillus plantarum 299v,consumer_survey,NO,NO,NO,218,27,cognitive_performance,positive,0.1729,NO,Tier_3_insufficient,NO,energy_metabolism,small sample size; healthy volunteers only; no control group; no blinding,Academic institution,2017,J Clinical Nutrition,Insufficient for energy_metabolism claim under FTC standards
STU-0203,ProBio+ Daily component,Bifidobacterium lactis Bi-07,RCT,YES,YES,YES,266,46,NK_cell_activity,positive,0.1009,NO,Tier_2_observational,CONDITIONAL,immune_function,single center; healthy volunteers only; no control group,Industry + independent verification,2022,Nutrients,Insufficient for immune_function claim under FTC standards
STU-0204,ProBio+ Daily component,Biotin (D-Biotin),pilot_study,NO,NO,NO,100,35,bloating_score,positive,0.1301,NO,Tier_2_pilot,NO,digestive_health,no control group; no blinding,EU research fund,2025,NEJM,Insufficient for digestive_health claim under FTC standards
STU-0205,ProBio+ Daily component,Vitamin B12 (Methylcobalamin),RCT,YES,YES,YES,58,45,cognitive_performance,positive,0.1605,NO,Tier_2_observational,CONDITIONAL,energy_metabolism,healthy volunteers only; no control group; high dropout rate,Industry + independent verification,2015,BMJ Open,Insufficient for energy_metabolism claim under FTC standards
STU-0206,ProBio+ Daily component,Vitamin B6 (Pyridoxine HCl),meta_analysis,YES,NO,NO,258,15,stool_consistency,neutral,0.2777,NO,Tier_1_meta_analysis,YES,digestive_health,short duration; no product-specific testing; no control group; small sample size,Academic institution,2021,BMJ Open,Adequate for digestive_health claim under FTC standards
STU-0207,ProBio+ Daily component,Thiamine HCl,meta_analysis,YES,NO,NO,285,14,stool_consistency,positive,0.0769,NO,Tier_1_meta_analysis,YES,digestive_health,no product-specific testing,EU research fund,2025,J Functional Foods,Adequate for digestive_health claim under FTC standards
STU-0208,ProBio+ Daily component,Lactobacillus plantarum 299v,pilot_study,NO,NO,NO,150,11,antioxidant_capacity,negative,0.0685,NO,Tier_2_pilot,NO,energy_metabolism,industry funded; small sample size,EU research fund,2020,Am J Clinical Nutrition,Insufficient for energy_metabolism claim under FTC standards
STU-0209,ProBio+ Daily component,Lactobacillus rhamnosus GG,meta_analysis,YES,NO,NO,127,27,skin_hydration,neutral,0.7958,NO,Tier_1_meta_analysis,YES,energy_metabolism,no product-specific testing; no blinding; single center; no control group,Academic institution,2020,J Clinical Nutrition,Adequate for energy_metabolism claim under FTC standards
STU-0210,ProBio+ Daily component,Folate (L-Methylfolate),consumer_survey,NO,NO,NO,212,21,skin_hydration,positive,0.1217,NO,Tier_3_insufficient,NO,energy_metabolism,no blinding,Industry (manufacturer),2021,Gut Microbes,Insufficient for energy_metabolism claim under FTC standards
STU-0211,ProBio+ Daily component,Lactobacillus plantarum 299v,pilot_study,NO,NO,NO,85,24,immune_markers_IgA,positive,0.1149,NO,Tier_2_pilot,NO,immune_function,surrogate endpoints only; short duration; no product-specific testing,EU research fund,2023,J Clinical Nutrition,Insufficient for immune_function claim under FTC standards
STU-0212,ProBio+ Daily component,Lactobacillus rhamnosus GG,meta_analysis,YES,NO,NO,371,45,bioavailability,positive,0.0577,NO,Tier_1_meta_analysis,YES,energy_metabolism,healthy volunteers only,Academic institution,2015,Nutrients,Adequate for energy_metabolism claim under FTC standards
STU-0213,ProBio+ Daily component,Thiamine HCl,consumer_survey,NO,NO,NO,273,28,bloating_score,positive,0.0618,NO,Tier_3_insufficient,NO,digestive_health,healthy volunteers only; no control group; short duration; small sample size,Academic institution,2023,JAMA,Insufficient for digestive_health claim under FTC standards
STU-0214,ProBio+ Daily component,Niacin (Niacinamide),meta_analysis,YES,NO,NO,263,35,NK_cell_activity,positive,0.1178,NO,Tier_1_meta_analysis,YES,immune_function,small sample size; single center,Industry (manufacturer),2018,Food Research International,Adequate for immune_function claim under FTC standards
STU-0215,ProBio+ Daily component,Vitamin B6 (Pyridoxine HCl),pilot_study,NO,NO,NO,322,19,URTI_frequency,positive,0.2418,NO,Tier_2_pilot,NO,energy_metabolism,no product-specific testing; short duration; surrogate endpoints only; single center,Industry + independent verification,2022,BMJ Open,Insufficient for energy_metabolism claim under FTC standards
STU-0216,ProBio+ Daily component,Vitamin B6 (Pyridoxine HCl),open_label_trial,NO,NO,NO,310,4,gut_microbiome_diversity,negative,0.0964,NO,Tier_2_pilot,NO,digestive_health,short duration; no product-specific testing; small sample size; no control group,Industry (manufacturer),2024,J Functional Foods,Insufficient for digestive_health claim under FTC standards
STU-0217,ProBio+ Daily component,Vitamin B6 (Pyridoxine HCl),in_vitro,NO,NO,NO,0,2,stool_consistency,positive,0.156,NO,Tier_3_insufficient,NO,digestive_health,no blinding; no product-specific testing,Academic institution,2024,Gut Microbes,Insufficient for digestive_health claim under FTC standards
STU-0218,ProBio+ Daily component,Niacin (Niacinamide),open_label_trial,NO,NO,NO,314,15,URTI_frequency,positive,0.134,NO,Tier_2_pilot,NO,energy_metabolism,surrogate endpoints only; healthy volunteers only,Industry + independent verification,2018,NEJM,Insufficient for energy_metabolism claim under FTC standards
STU-0219,ProBio+ Daily component,Vitamin B6 (Pyridoxine HCl),cohort_study,NO,NO,NO,356,19,gut_microbiome_diversity,neutral,0.3257,NO,Tier_2_observational,CONDITIONAL,digestive_health,no control group,Industry + independent verification,2020,Gut Microbes,Insufficient for digestive_health claim under FTC standards
STU-0220,ProBio+ Daily component,Folate (L-Methylfolate),meta_analysis,YES,NO,NO,243,27,bloating_score,positive,0.2401,NO,Tier_1_meta_analysis,YES,digestive_health,healthy volunteers only; high dropout rate; no product-specific testing,EU research fund,2025,Nutrients,Adequate for digestive_health claim under FTC standards
STU-0221,ProBio+ Daily component,Lactobacillus rhamnosus GG,animal_model,NO,NO,NO,274,4,energy_levels_self_report,positive,0.0157,NO,Tier_3_insufficient,NO,energy_metabolism,single center; no product-specific testing,Academic institution,2018,Food Research International,Insufficient for energy_metabolism claim under FTC standards
STU-0222,ProBio+ Daily component,Lactobacillus acidophilus NCFM,cohort_study,NO,NO,NO,449,16,NK_cell_activity,neutral,0.3695,NO,Tier_2_observational,CONDITIONAL,immune_function,short duration; no control group; industry funded,Industry (manufacturer),2022,NEJM,Insufficient for immune_function claim under FTC standards
STU-0223,ProBio+ Daily component,Vitamin B6 (Pyridoxine HCl),pilot_study,NO,NO,NO,400,22,URTI_frequency,negative,0.0356,NO,Tier_2_pilot,NO,energy_metabolism,no blinding; surrogate endpoints only; small sample size; no control group,NIH grant,2021,JAMA,Insufficient for energy_metabolism claim under FTC standards
STU-0224,ProBio+ Daily component,Vitamin B12 (Methylcobalamin),open_label_trial,NO,NO,NO,375,20,gut_microbiome_diversity,positive,0.1836,NO,Tier_2_pilot,NO,digestive_health,small sample size; no blinding,NIH grant,2022,Probiotics & Antimicrobials,Insufficient for digestive_health claim under FTC standards
STU-0225,ProBio+ Daily component,Lactobacillus acidophilus NCFM,meta_analysis,YES,NO,NO,328,48,skin_hydration,positive,0.0785,NO,Tier_1_meta_analysis,YES,energy_metabolism,no blinding; short duration; single center,Industry (manufacturer),2022,Food Research International,Adequate for energy_metabolism claim under FTC standards
STU-0226,ProBio+ Daily component,Thiamine HCl,in_vitro,NO,NO,NO,0,6,gut_microbiome_diversity,positive,0.1131,NO,Tier_3_insufficient,NO,digestive_health,small sample size,EU research fund,2025,J Clinical Nutrition,Insufficient for digestive_health claim under FTC standards
STU-0227,ProBio+ Daily component,Lactobacillus plantarum 299v,consumer_survey,NO,NO,NO,46,20,antioxidant_capacity,positive,0.0486,NO,Tier_3_insufficient,NO,energy_metabolism,healthy volunteers only; industry funded; high dropout rate; surrogate endpoints only,Industry + independent verification,2025,J Functional Foods,Insufficient for energy_metabolism claim under FTC standards
STU-0228,ProBio+ Daily component,Lactobacillus rhamnosus GG,in_vitro,NO,NO,NO,0,3,gut_microbiome_diversity,positive,0.1329,NO,Tier_3_insufficient,NO,digestive_health,industry funded; no control group; single center,Industry (manufacturer),2018,J Clinical Nutrition,Insufficient for digestive_health claim under FTC standards
STU-0229,ProBio+ Daily component,Lactobacillus acidophilus NCFM,in_vitro,NO,NO,NO,0,2,cognitive_performance,negative,0.1233,NO,Tier_3_insufficient,NO,energy_metabolism,no product-specific testing; high dropout rate; no blinding,Academic institution,2019,Food Research International,Insufficient for energy_metabolism claim under FTC standards
STU-0230,ProBio+ Daily component,Folate (L-Methylfolate),meta_analysis,YES,NO,NO,271,31,gut_microbiome_diversity,positive,0.0518,NO,Tier_1_meta_analysis,YES,digestive_health,surrogate endpoints only,NIH grant,2021,Nutrients,Adequate for digestive_health claim under FTC standards
STU-0231,ProBio+ Daily component,Lactobacillus plantarum 299v,cohort_study,NO,NO,NO,265,34,NK_cell_activity,positive,0.1124,NO,Tier_2_observational,CONDITIONAL,immune_function,small sample size; single center; industry funded,NIH grant,2025,JAMA,Insufficient for immune_function claim under FTC standards
STU-0232,ProBio+ Daily component,Lactobacillus acidophilus NCFM,consumer_survey,NO,NO,NO,368,45,antioxidant_capacity,negative,0.2441,NO,Tier_3_insufficient,NO,energy_metabolism,no blinding; high dropout rate; single center; no control group,Industry (manufacturer),2025,Nutrients,Insufficient for energy_metabolism claim under FTC standards
STU-0233,ProBio+ Daily component,Pantothenic Acid,in_vitro,NO,NO,NO,0,7,energy_levels_self_report,negative,0.2324,NO,Tier_3_insufficient,NO,energy_metabolism,no control group; single center,Industry + independent verification,2015,Gut Microbes,Insufficient for energy_metabolism claim under FTC standards
STU-0234,ProBio+ Daily component,Pantothenic Acid,meta_analysis,YES,NO,NO,291,17,bioavailability,neutral,0.7121,NO,Tier_1_meta_analysis,YES,energy_metabolism,short duration,NIH grant,2017,NEJM,Adequate for energy_metabolism claim under FTC standards
STU-0235,ProBio+ Daily component,Lactobacillus acidophilus NCFM,open_label_trial,NO,NO,NO,202,52,URTI_frequency,positive,0.0795,NO,Tier_2_pilot,NO,energy_metabolism,no product-specific testing,Industry (manufacturer),2018,Gut Microbes,Insufficient for energy_metabolism claim under FTC standards
STU-0236,ProBio+ Daily component,Niacin (Niacinamide),pilot_study,NO,NO,NO,344,12,skin_hydration,neutral,0.3494,NO,Tier_2_pilot,NO,energy_metabolism,short duration; surrogate endpoints only; healthy volunteers only; no control group,Industry (manufacturer),2016,Probiotics & Antimicrobials,Insufficient for energy_metabolism claim under FTC standards
STU-0237,ProBio+ Daily component,Niacin (Niacinamide),consumer_survey,NO,NO,NO,56,44,inflammatory_markers,positive,0.0255,NO,Tier_3_insufficient,NO,energy_metabolism,no blinding; small sample size; short duration,NIH grant,2018,Gut Microbes,Insufficient for energy_metabolism claim under FTC standards
STU-0238,ProBio+ Daily component,Biotin (D-Biotin),pilot_study,NO,NO,NO,121,6,gut_microbiome_diversity,positive,0.0813,NO,Tier_2_pilot,NO,digestive_health,no blinding; no control group,NIH grant,2022,Probiotics & Antimicrobials,Insufficient for digestive_health claim under FTC standards
STU-0239,ProBio+ Daily component,Thiamine HCl,animal_model,NO,NO,NO,150,2,cognitive_performance,positive,0.245,NO,Tier_3_insufficient,NO,energy_metabolism,industry funded; surrogate endpoints only,Industry (manufacturer),2019,BMJ Open,Insufficient for energy_metabolism claim under FTC standards
STU-0240,ProBio+ Daily component,Niacin (Niacinamide),pilot_study,NO,NO,NO,253,7,inflammatory_markers,positive,0.2293,NO,Tier_2_pilot,NO,energy_metabolism,healthy volunteers only; high dropout rate; single center,EU research fund,2024,BMJ Open,Insufficient for energy_metabolism claim under FTC standards
STU-0241,ProBio+ Daily component,Vitamin B6 (Pyridoxine HCl),meta_analysis,YES,NO,NO,144,26,bioavailability,neutral,0.2744,NO,Tier_1_meta_analysis,YES,energy_metabolism,small sample size,Academic institution,2016,J Functional Foods,Adequate for energy_metabolism claim under FTC standards
STU-0242,ProBio+ Daily component,Biotin (D-Biotin),animal_model,NO,NO,NO,112,2,immune_markers_IgA,neutral,0.7661,NO,Tier_3_insufficient,NO,immune_function,healthy volunteers only,Academic institution,2018,J Clinical Nutrition,Insufficient for immune_function claim under FTC standards
STU-0243,ProBio+ Daily component,Lactobacillus plantarum 299v,cohort_study,NO,NO,NO,174,12,cognitive_performance,negative,0.0201,NO,Tier_2_observational,CONDITIONAL,energy_metabolism,healthy volunteers only,Academic institution,2019,J Clinical Nutrition,Insufficient for energy_metabolism claim under FTC standards
STU-0244,ProBio+ Daily component,Pantothenic Acid,consumer_survey,NO,NO,NO,330,38,immune_markers_IgA,positive,0.1373,NO,Tier_3_insufficient,NO,immune_function,single center; surrogate endpoints only; high dropout rate,Industry + independent verification,2016,JAMA,Insufficient for immune_function claim under FTC standards
STU-0245,ProBio+ Daily component,Lactobacillus rhamnosus GG,RCT,YES,YES,NO,20,9,gut_microbiome_diversity,positive,0.1326,NO,Tier_2_observational,CONDITIONAL,digestive_health,no blinding; single center,Industry (manufacturer),2022,Gut Microbes,Insufficient for digestive_health claim under FTC standards
STU-0246,ProBio+ Daily component,Bifidobacterium lactis Bi-07,animal_model,NO,NO,NO,181,8,stool_consistency,positive,0.0499,NO,Tier_3_insufficient,NO,digestive_health,healthy volunteers only; no control group,Industry (manufacturer),2020,Probiotics & Antimicrobials,Insufficient for digestive_health claim under FTC standards
STU-0247,ProBio+ Daily component,Biotin (D-Biotin),in_vitro,NO,NO,NO,0,4,stool_consistency,neutral,0.4705,NO,Tier_3_insufficient,NO,digestive_health,short duration; industry funded,Academic institution,2019,JAMA,Insufficient for digestive_health claim under FTC standards
STU-0248,ProBio+ Daily component,Lactobacillus rhamnosus GG,RCT,YES,YES,YES,141,45,immune_markers_IgA,positive,0.2083,NO,Tier_2_observational,CONDITIONAL,immune_function,healthy volunteers only,EU research fund,2025,BMJ Open,Insufficient for immune_function claim under FTC standards
STU-0249,ProBio+ Daily component,Biotin (D-Biotin),in_vitro,NO,NO,NO,0,7,antioxidant_capacity,positive,0.1281,NO,Tier_3_insufficient,NO,energy_metabolism,small sample size; no control group; high dropout rate,Academic institution,2020,JAMA,Insufficient for energy_metabolism claim under FTC standards
STU-0250,ProBio+ Daily component,Vitamin B12 (Methylcobalamin),consumer_survey,NO,NO,NO,102,48,stool_consistency,positive,0.158,NO,Tier_3_insufficient,NO,digestive_health,single center; short duration; healthy volunteers only; industry funded,Industry (manufacturer),2021,BMJ Open,Insufficient for digestive_health claim under FTC standards
STU-0251,ProBio+ Daily component,Pantothenic Acid,RCT,YES,YES,YES,226,43,bioavailability,positive,0.0768,NO,Tier_2_observational,CONDITIONAL,energy_metabolism,single center; high dropout rate,Industry + independent verification,2018,BMJ Open,Insufficient for energy_metabolism claim under FTC standards
STU-0252,ProBio+ Daily component,Thiamine HCl,pilot_study,NO,NO,NO,233,40,skin_hydration,positive,0.0354,NO,Tier_2_pilot,NO,energy_metabolism,high dropout rate; industry funded; no product-specific testing; single center,Industry (manufacturer),2020,Am J Clinical Nutrition,Insufficient for energy_metabolism claim under FTC standards
STU-0253,ProBio+ Daily component,Lactobacillus rhamnosus GG,RCT,YES,YES,YES,74,29,inflammatory_markers,positive,0.175,NO,Tier_2_observational,CONDITIONAL,energy_metabolism,no control group,EU research fund,2024,Am J Clinical Nutrition,Insufficient for energy_metabolism claim under FTC standards
STU-0254,ProBio+ Daily component,Bifidobacterium lactis Bi-07,animal_model,NO,NO,NO,181,7,bioavailability,neutral,0.4652,NO,Tier_3_insufficient,NO,energy_metabolism,small sample size,NIH grant,2018,Probiotics & Antimicrobials,Insufficient for energy_metabolism claim under FTC standards
STU-0255,ProBio+ Daily component,Lactobacillus plantarum 299v,pilot_study,NO,NO,NO,252,44,antioxidant_capacity,positive,0.0502,NO,Tier_2_pilot,NO,energy_metabolism,no blinding; industry funded; single center; short duration,NIH grant,2025,JAMA,Insufficient for energy_metabolism claim under FTC standards
STU-0256,ProBio+ Daily component,Niacin (Niacinamide),RCT,YES,YES,YES,177,25,gut_microbiome_diversity,positive,0.2189,NO,Tier_2_observational,CONDITIONAL,digestive_health,industry funded; no product-specific testing,Industry (manufacturer),2016,Food Research International,Insufficient for digestive_health claim under FTC standards
STU-0257,ProBio+ Daily component,Thiamine HCl,open_label_trial,NO,NO,NO,293,40,bioavailability,positive,0.1572,NO,Tier_2_pilot,NO,energy_metabolism,no control group; industry funded,Industry + independent verification,2020,BMJ Open,Insufficient for energy_metabolism claim under FTC standards
STU-0258,ProBio+ Daily component,Pantothenic Acid,open_label_trial,NO,NO,NO,81,40,antioxidant_capacity,negative,0.0405,NO,Tier_2_pilot,NO,energy_metabolism,high dropout rate; short duration,NIH grant,2016,Am J Clinical Nutrition,Insufficient for energy_metabolism claim under FTC standards
STU-0259,ProBio+ Daily component,Biotin (D-Biotin),open_label_trial,NO,NO,NO,221,27,cognitive_performance,positive,0.0983,NO,Tier_2_pilot,NO,energy_metabolism,single center,Academic institution,2025,Food Research International,Insufficient for energy_metabolism claim under FTC standards
STU-0260,ProBio+ Daily component,Bifidobacterium lactis Bi-07,consumer_survey,NO,NO,NO,128,45,bioavailability,negative,0.2432,NO,Tier_3_insufficient,NO,energy_metabolism,no blinding; single center; no control group,Industry (manufacturer),2021,J Functional Foods,Insufficient for energy_metabolism claim under FTC standards
STU-0261,ProBio+ Daily component,Vitamin B12 (Methylcobalamin),consumer_survey,NO,NO,NO,44,25,cognitive_performance,neutral,0.1921,NO,Tier_3_insufficient,NO,energy_metabolism,high dropout rate; surrogate endpoints only; single center; short duration,Industry + independent verification,2019,J Functional Foods,Insufficient for energy_metabolism claim under FTC standards
STU-0262,ProBio+ Daily component,Lactobacillus rhamnosus GG,animal_model,NO,NO,NO,105,7,bioavailability,positive,0.1768,NO,Tier_3_insufficient,NO,energy_metabolism,no control group; single center; no blinding; high dropout rate,Industry (manufacturer),2021,NEJM,Insufficient for energy_metabolism claim under FTC standards
STU-0263,ProBio+ Daily component,Bifidobacterium lactis Bi-07,pilot_study,NO,NO,NO,409,52,immune_markers_IgA,negative,0.1778,NO,Tier_2_pilot,NO,immune_function,small sample size; industry funded; short duration; no blinding,EU research fund,2017,Am J Clinical Nutrition,Insufficient for immune_function claim under FTC standards
STU-0264,ProBio+ Daily component,Thiamine HCl,consumer_survey,NO,NO,NO,152,50,NK_cell_activity,positive,0.1493,NO,Tier_3_insufficient,NO,immune_function,no product-specific testing; single center; short duration,EU research fund,2022,Probiotics & Antimicrobials,Insufficient for immune_function claim under FTC standards
STU-0265,ProBio+ Daily component,Thiamine HCl,meta_analysis,YES,NO,NO,25,46,NK_cell_activity,positive,0.1499,NO,Tier_1_meta_analysis,YES,immune_function,surrogate endpoints only,EU research fund,2018,Probiotics & Antimicrobials,Adequate for immune_function claim under FTC standards
STU-0266,ProBio+ Daily component,Lactobacillus acidophilus NCFM,meta_analysis,YES,NO,NO,183,22,energy_levels_self_report,positive,0.1135,NO,Tier_1_meta_analysis,YES,energy_metabolism,single center; high dropout rate; surrogate endpoints only,Academic institution,2019,Probiotics & Antimicrobials,Adequate for energy_metabolism claim under FTC standards
STU-0267,ProBio+ Daily component,Pantothenic Acid,open_label_trial,NO,NO,NO,343,18,cognitive_performance,positive,0.0803,NO,Tier_2_pilot,NO,energy_metabolism,short duration; healthy volunteers only; no control group,Industry (manufacturer),2024,BMJ Open,Insufficient for energy_metabolism claim under FTC standards
STU-0268,ProBio+ Daily component,Riboflavin,in_vitro,NO,NO,NO,0,7,NK_cell_activity,positive,0.0351,NO,Tier_3_insufficient,NO,immune_function,no blinding,Industry + independent verification,2017,Probiotics & Antimicrobials,Insufficient for immune_function claim under FTC standards
STU-0269,ProBio+ Daily component,Pantothenic Acid,RCT,YES,YES,YES,328,26,gut_microbiome_diversity,positive,0.0892,NO,Tier_2_observational,CONDITIONAL,digestive_health,healthy volunteers only,NIH grant,2025,Food Research International,Insufficient for digestive_health claim under FTC standards
STU-0270,ProBio+ Daily component,Lactobacillus plantarum 299v,pilot_study,NO,NO,NO,449,17,inflammatory_markers,negative,0.1023,NO,Tier_2_pilot,NO,energy_metabolism,small sample size; no blinding; healthy volunteers only; short duration,NIH grant,2019,J Functional Foods,Insufficient for energy_metabolism claim under FTC standards
STU-0271,ProBio+ Daily component,Pantothenic Acid,RCT,YES,YES,YES,260,8,stool_consistency,positive,0.0515,NO,Tier_2_observational,CONDITIONAL,digestive_health,no control group; surrogate endpoints only,NIH grant,2015,J Functional Foods,Insufficient for digestive_health claim under FTC standards
STU-0272,ProBio+ Daily component,Niacin (Niacinamide),RCT,YES,YES,YES,269,42,skin_hydration,positive,0.0705,NO,Tier_2_observational,CONDITIONAL,energy_metabolism,healthy volunteers only; single center; no product-specific testing; high dropout rate,Industry + independent verification,2025,Nutrients,Insufficient for energy_metabolism claim under FTC standards
STU-0273,ProBio+ Daily component,Pantothenic Acid,in_vitro,NO,NO,NO,0,8,cognitive_performance,positive,0.1369,NO,Tier_3_insufficient,NO,energy_metabolism,no product-specific testing; no control group; small sample size,NIH grant,2017,Nutrients,Insufficient for energy_metabolism claim under FTC standards
STU-0274,ProBio+ Daily component,Pantothenic Acid,consumer_survey,NO,NO,NO,84,40,immune_markers_IgA,neutral,0.1082,NO,Tier_3_insufficient,NO,immune_function,industry funded; no blinding,Academic institution,2022,Gut Microbes,Insufficient for immune_function claim under FTC standards
STU-0275,ProBio+ Daily component,Biotin (D-Biotin),cohort_study,NO,NO,NO,401,41,immune_markers_IgA,neutral,0.6606,NO,Tier_2_observational,CONDITIONAL,immune_function,no control group; high dropout rate; small sample size,EU research fund,2023,Nutrients,Insufficient for immune_function claim under FTC standards
STU-0276,ProBio+ Daily component,Lactobacillus plantarum 299v,consumer_survey,NO,NO,NO,69,44,energy_levels_self_report,positive,0.0508,NO,Tier_3_insufficient,NO,energy_metabolism,no control group; small sample size; high dropout rate; short duration,Academic institution,2016,Probiotics & Antimicrobials,Insufficient for energy_metabolism claim under FTC standards
STU-0277,ProBio+ Daily component,Vitamin B6 (Pyridoxine HCl),RCT,YES,YES,YES,357,33,NK_cell_activity,negative,0.1247,NO,Tier_2_observational,CONDITIONAL,immune_function,industry funded; small sample size; no blinding,Industry + independent verification,2015,Nutrients,Insufficient for immune_function claim under FTC standards
STU-0278,ProBio+ Daily component,Biotin (D-Biotin),cohort_study,NO,NO,NO,444,6,cognitive_performance,negative,0.0809,NO,Tier_2_observational,CONDITIONAL,energy_metabolism,healthy volunteers only; short duration,Academic institution,2015,Nutrients,Insufficient for energy_metabolism claim under FTC standards
STU-0279,ProBio+ Daily component,Biotin (D-Biotin),animal_model,NO,NO,NO,284,1,energy_levels_self_report,positive,0.2189,NO,Tier_3_insufficient,NO,energy_metabolism,no product-specific testing; high dropout rate; healthy volunteers only; no control group,Industry (manufacturer),2021,Food Research International,Insufficient for energy_metabolism claim under FTC standards
STU-0280,ProBio+ Daily component,Biotin (D-Biotin),pilot_study,NO,NO,NO,98,20,energy_levels_self_report,negative,0.1322,NO,Tier_2_pilot,NO,energy_metabolism,short duration; no blinding; high dropout rate,Industry (manufacturer),2021,Food Research International,Insufficient for energy_metabolism claim under FTC standards
STU-0281,ProBio+ Daily component,Lactobacillus acidophilus NCFM,pilot_study,NO,NO,NO,269,15,URTI_frequency,positive,0.1597,NO,Tier_2_pilot,NO,energy_metabolism,single center; short duration; no product-specific testing,EU research fund,2015,Probiotics & Antimicrobials,Insufficient for energy_metabolism claim under FTC standards
STU-0282,ProBio+ Daily component,Pantothenic Acid,animal_model,NO,NO,NO,414,4,bloating_score,neutral,0.1224,NO,Tier_3_insufficient,NO,digestive_health,high dropout rate; single center,Industry + independent verification,2016,JAMA,Insufficient for digestive_health claim under FTC standards
STU-0283,ProBio+ Daily component,Biotin (D-Biotin),meta_analysis,YES,NO,NO,384,46,NK_cell_activity,positive,0.1009,NO,Tier_1_meta_analysis,YES,immune_function,surrogate endpoints only,Industry + independent verification,2015,BMJ Open,Adequate for immune_function claim under FTC standards
STU-0284,ProBio+ Daily component,Folate (L-Methylfolate),animal_model,NO,NO,NO,195,4,cognitive_performance,positive,0.2023,NO,Tier_3_insufficient,NO,energy_metabolism,healthy volunteers only,Industry + independent verification,2022,Nutrients,Insufficient for energy_metabolism claim under FTC standards
STU-0285,ProBio+ Daily component,Bifidobacterium lactis Bi-07,RCT,YES,YES,YES,304,46,skin_hydration,positive,0.1287,NO,Tier_2_observational,CONDITIONAL,energy_metabolism,surrogate endpoints only; no control group,Industry (manufacturer),2019,Am J Clinical Nutrition,Insufficient for energy_metabolism claim under FTC standards
STU-0286,ProBio+ Daily component,Riboflavin,RCT,YES,YES,YES,186,20,immune_markers_IgA,neutral,0.3937,NO,Tier_2_observational,CONDITIONAL,immune_function,short duration; small sample size; single center,Academic institution,2022,J Clinical Nutrition,Insufficient for immune_function claim under FTC standards
STU-0287,ProBio+ Daily component,Pantothenic Acid,open_label_trial,NO,NO,NO,426,24,NK_cell_activity,positive,0.159,NO,Tier_2_pilot,NO,immune_function,no blinding; short duration; healthy volunteers only,EU research fund,2019,NEJM,Insufficient for immune_function claim under FTC standards
STU-0288,ProBio+ Daily component,Bifidobacterium lactis Bi-07,pilot_study,NO,NO,NO,123,35,URTI_frequency,negative,0.0335,NO,Tier_2_pilot,NO,energy_metabolism,single center; no blinding,NIH grant,2019,Gut Microbes,Insufficient for energy_metabolism claim under FTC standards
STU-0289,ProBio+ Daily component,Biotin (D-Biotin),animal_model,NO,NO,NO,242,1,immune_markers_IgA,neutral,0.5716,NO,Tier_3_insufficient,NO,immune_function,no blinding; surrogate endpoints only,Industry + independent verification,2017,J Clinical Nutrition,Insufficient for immune_function claim under FTC standards
STU-0290,ProBio+ Daily component,Riboflavin,animal_model,NO,NO,NO,23,4,NK_cell_activity,positive,0.0607,NO,Tier_3_insufficient,NO,immune_function,surrogate endpoints only; healthy volunteers only; industry funded; no product-specific testing,NIH grant,2016,Nutrients,Insufficient for immune_function claim under FTC standards
STU-0291,ProBio+ Daily component,Vitamin B6 (Pyridoxine HCl),cohort_study,NO,NO,NO,84,28,energy_levels_self_report,negative,0.0397,NO,Tier_2_observational,CONDITIONAL,energy_metabolism,small sample size,Industry + independent verification,2024,J Functional Foods,Insufficient for energy_metabolism claim under FTC standards
STU-0292,ProBio+ Daily component,Riboflavin,in_vitro,NO,NO,NO,0,3,skin_hydration,negative,0.1806,NO,Tier_3_insufficient,NO,energy_metabolism,surrogate endpoints only; industry funded,Industry (manufacturer),2024,J Clinical Nutrition,Insufficient for energy_metabolism claim under FTC standards
STU-0293,ProBio+ Daily component,Lactobacillus rhamnosus GG,RCT,YES,YES,YES,184,25,bloating_score,positive,0.1384,NO,Tier_2_observational,CONDITIONAL,digestive_health,short duration,NIH grant,2025,Probiotics & Antimicrobials,Insufficient for digestive_health claim under FTC standards
STU-0294,ProBio+ Daily component,Pantothenic Acid,meta_analysis,YES,NO,NO,87,5,bloating_score,neutral,0.3054,NO,Tier_1_meta_analysis,YES,digestive_health,small sample size,Industry (manufacturer),2018,JAMA,Adequate for digestive_health claim under FTC standards
STU-0295,ProBio+ Daily component,Biotin (D-Biotin),pilot_study,NO,NO,NO,191,47,inflammatory_markers,positive,0.1148,NO,Tier_2_pilot,NO,energy_metabolism,industry funded,Academic institution,2020,Food Research International,Insufficient for energy_metabolism claim under FTC standards
STU-0296,ProBio+ Daily component,Folate (L-Methylfolate),animal_model,NO,NO,NO,421,5,immune_markers_IgA,negative,0.2113,NO,Tier_3_insufficient,NO,immune_function,short duration; no product-specific testing,Industry + independent verification,2015,J Functional Foods,Insufficient for immune_function claim under FTC standards
STU-0297,ProBio+ Daily component,Niacin (Niacinamide),cohort_study,NO,NO,NO,24,25,bloating_score,neutral,0.4183,NO,Tier_2_observational,CONDITIONAL,digestive_health,no product-specific testing; healthy volunteers only; single center,Academic institution,2020,Probiotics & Antimicrobials,Insufficient for digestive_health claim under FTC standards
STU-0298,ProBio+ Daily component,Riboflavin,in_vitro,NO,NO,NO,0,8,energy_levels_self_report,neutral,0.7918,NO,Tier_3_insufficient,NO,energy_metabolism,no control group; surrogate endpoints only; single center,Industry (manufacturer),2023,Food Research International,Insufficient for energy_metabolism claim under FTC standards
STU-0299,ProBio+ Daily component,Pantothenic Acid,consumer_survey,NO,NO,NO,261,40,antioxidant_capacity,positive,0.1239,NO,Tier_3_insufficient,NO,energy_metabolism,industry funded; no control group; healthy volunteers only,EU research fund,2017,Food Research International,Insufficient for energy_metabolism claim under FTC standards
STU-0300,ProBio+ Daily component,Niacin (Niacinamide),cohort_study,NO,NO,NO,317,22,NK_cell_activity,negative,0.2379,NO,Tier_2_observational,CONDITIONAL,immune_function,short duration,NIH grant,2018,Probiotics & Antimicrobials,Insufficient for immune_function claim under FTC standards
STU-0301,ProBio+ Daily component,Thiamine HCl,open_label_trial,NO,NO,NO,96,11,stool_consistency,positive,0.1071,NO,Tier_2_pilot,NO,digestive_health,no blinding; surrogate endpoints only; high dropout rate,EU research fund,2015,Am J Clinical Nutrition,Insufficient for digestive_health claim under FTC standards
STU-0302,ProBio+ Daily component,Vitamin B6 (Pyridoxine HCl),RCT,YES,YES,YES,283,50,NK_cell_activity,positive,0.2404,NO,Tier_2_observational,CONDITIONAL,immune_function,industry funded,Industry + independent verification,2020,Gut Microbes,Insufficient for immune_function claim under FTC standards
STU-0303,ProBio+ Daily component,Pantothenic Acid,consumer_survey,NO,NO,NO,274,33,inflammatory_markers,neutral,0.1486,NO,Tier_3_insufficient,NO,energy_metabolism,small sample size; high dropout rate,EU research fund,2020,Probiotics & Antimicrobials,Insufficient for energy_metabolism claim under FTC standards
STU-0304,ProBio+ Daily component,Lactobacillus plantarum 299v,pilot_study,NO,NO,NO,163,41,URTI_frequency,negative,0.008,NO,Tier_2_pilot,NO,energy_metabolism,single center; short duration,Industry + independent verification,2017,Probiotics & Antimicrobials,Insufficient for energy_metabolism claim under FTC standards
STU-0305,ProBio+ Daily component,Pantothenic Acid,open_label_trial,NO,NO,NO,327,42,NK_cell_activity,positive,0.1163,NO,Tier_2_pilot,NO,immune_function,healthy volunteers only,Academic institution,2019,BMJ Open,Insufficient for immune_function claim under FTC standards
STU-0306,ProBio+ Daily component,Biotin (D-Biotin),RCT,YES,YES,YES,119,14,NK_cell_activity,positive,0.0982,NO,Tier_2_observational,CONDITIONAL,immune_function,single center; no blinding,Industry + independent verification,2025,Probiotics & Antimicrobials,Insufficient for immune_function claim under FTC standards
STU-0307,ProBio+ Daily component,Folate (L-Methylfolate),meta_analysis,YES,NO,NO,148,14,energy_levels_self_report,positive,0.1589,NO,Tier_1_meta_analysis,YES,energy_metabolism,high dropout rate; single center,NIH grant,2017,NEJM,Adequate for energy_metabolism claim under FTC standards
STU-0308,ProBio+ Daily component,Lactobacillus acidophilus NCFM,pilot_study,NO,NO,NO,110,10,bloating_score,neutral,0.1306,NO,Tier_2_pilot,NO,digestive_health,industry funded; high dropout rate; healthy volunteers only,Industry (manufacturer),2018,J Functional Foods,Insufficient for digestive_health claim under FTC standards
STU-0309,ProBio+ Daily component,Riboflavin,cohort_study,NO,NO,NO,396,45,antioxidant_capacity,negative,0.2492,NO,Tier_2_observational,CONDITIONAL,energy_metabolism,no control group; short duration; no blinding; small sample size,Industry + independent verification,2023,Probiotics & Antimicrobials,Insufficient for energy_metabolism claim under FTC standards
STU-0310,ProBio+ Daily component,Thiamine HCl,cohort_study,NO,NO,NO,94,37,skin_hydration,positive,0.1157,NO,Tier_2_observational,CONDITIONAL,energy_metabolism,short duration; surrogate endpoints only,NIH grant,2018,J Clinical Nutrition,Insufficient for energy_metabolism claim under FTC standards
STU-0311,ProBio+ Daily component,Lactobacillus acidophilus NCFM,RCT,YES,YES,YES,76,46,NK_cell_activity,positive,0.0109,YES,Tier_1_RCT,YES,immune_function,no control group,EU research fund,2019,Probiotics & Antimicrobials,Adequate for immune_function claim under FTC standards
STU-0312,ProBio+ Daily component,Vitamin B12 (Methylcobalamin),animal_model,NO,NO,NO,214,5,NK_cell_activity,positive,0.0483,NO,Tier_3_insufficient,NO,immune_function,surrogate endpoints only,Industry + independent verification,2015,Am J Clinical Nutrition,Insufficient for immune_function claim under FTC standards
STU-0313,ProBio+ Daily component,Folate (L-Methylfolate),open_label_trial,NO,NO,NO,335,28,inflammatory_markers,positive,0.0549,NO,Tier_2_pilot,NO,energy_metabolism,single center; no blinding; high dropout rate,NIH grant,2018,Nutrients,Insufficient for energy_metabolism claim under FTC standards
STU-0314,ProBio+ Daily component,Vitamin B6 (Pyridoxine HCl),meta_analysis,YES,NO,NO,172,22,bloating_score,neutral,0.4948,NO,Tier_1_meta_analysis,YES,digestive_health,no blinding; surrogate endpoints only,Industry (manufacturer),2024,BMJ Open,Adequate for digestive_health claim under FTC standards
STU-0315,ProBio+ Daily component,Lactobacillus rhamnosus GG,open_label_trial,NO,NO,NO,430,10,gut_microbiome_diversity,negative,0.1177,NO,Tier_2_pilot,NO,digestive_health,no control group; healthy volunteers only,Industry + independent verification,2016,JAMA,Insufficient for digestive_health claim under FTC standards
STU-0316,ProBio+ Daily component,Vitamin B12 (Methylcobalamin),pilot_study,NO,NO,NO,15,52,NK_cell_activity,positive,0.0813,NO,Tier_2_pilot,NO,immune_function,no blinding; high dropout rate; healthy volunteers only,NIH grant,2017,BMJ Open,Insufficient for immune_function claim under FTC standards
STU-0317,ProBio+ Daily component,Riboflavin,cohort_study,NO,NO,NO,239,23,stool_consistency,positive,0.0283,NO,Tier_2_observational,CONDITIONAL,digestive_health,surrogate endpoints only; healthy volunteers only; high dropout rate,NIH grant,2017,J Functional Foods,Insufficient for digestive_health claim under FTC standards
STU-0318,ProBio+ Daily component,Lactobacillus rhamnosus GG,in_vitro,NO,NO,NO,0,6,skin_hydration,positive,0.2481,NO,Tier_3_insufficient,NO,energy_metabolism,short duration; surrogate endpoints only; no blinding; small sample size,EU research fund,2016,BMJ Open,Insufficient for energy_metabolism claim under FTC standards
STU-0319,ProBio+ Daily component,Niacin (Niacinamide),in_vitro,NO,NO,NO,0,3,inflammatory_markers,negative,0.0216,NO,Tier_3_insufficient,NO,energy_metabolism,healthy volunteers only,EU research fund,2017,Probiotics & Antimicrobials,Insufficient for energy_metabolism claim under FTC standards
STU-0320,ProBio+ Daily component,Thiamine HCl,pilot_study,NO,NO,NO,62,8,cognitive_performance,negative,0.006,NO,Tier_2_pilot,NO,energy_metabolism,surrogate endpoints only; no product-specific testing,EU research fund,2016,Am J Clinical Nutrition,Insufficient for energy_metabolism claim under FTC standards
STU-0321,ProBio+ Daily component,Bifidobacterium lactis Bi-07,consumer_survey,NO,NO,NO,168,9,bioavailability,positive,0.0656,NO,Tier_3_insufficient,NO,energy_metabolism,high dropout rate,NIH grant,2020,Am J Clinical Nutrition,Insufficient for energy_metabolism claim under FTC standards
STU-0322,ProBio+ Daily component,Lactobacillus plantarum 299v,open_label_trial,NO,NO,NO,73,20,URTI_frequency,positive,0.1192,NO,Tier_2_pilot,NO,energy_metabolism,single center; healthy volunteers only,Academic institution,2020,J Clinical Nutrition,Insufficient for energy_metabolism claim under FTC standards
STU-0323,ProBio+ Daily component,Biotin (D-Biotin),RCT,YES,YES,YES,348,22,immune_markers_IgA,neutral,0.1744,NO,Tier_2_observational,CONDITIONAL,immune_function,high dropout rate,Industry + independent verification,2023,Gut Microbes,Insufficient for immune_function claim under FTC standards
STU-0324,ProBio+ Daily component,Lactobacillus rhamnosus GG,consumer_survey,NO,NO,NO,345,52,antioxidant_capacity,negative,0.0502,NO,Tier_3_insufficient,NO,energy_metabolism,no control group; small sample size; high dropout rate; healthy volunteers only,Academic institution,2025,J Clinical Nutrition,Insufficient for energy_metabolism claim under FTC standards
STU-0325,ProBio+ Daily component,Lactobacillus acidophilus NCFM,cohort_study,NO,NO,NO,384,37,stool_consistency,positive,0.1065,NO,Tier_2_observational,CONDITIONAL,digestive_health,short duration,EU research fund,2016,Am J Clinical Nutrition,Insufficient for digestive_health claim under FTC standards
STU-0326,ProBio+ Daily component,Lactobacillus acidophilus NCFM,RCT,YES,YES,NO,47,35,bioavailability,positive,0.2407,NO,Tier_2_observational,CONDITIONAL,energy_metabolism,no blinding; no control group; single center; surrogate endpoints only,EU research fund,2015,NEJM,Insufficient for energy_metabolism claim under FTC standards
STU-0327,ProBio+ Daily component,Folate (L-Methylfolate),animal_model,NO,NO,NO,191,1,bioavailability,positive,0.0527,NO,Tier_3_insufficient,NO,energy_metabolism,surrogate endpoints only,Industry + independent verification,2024,JAMA,Insufficient for energy_metabolism claim under FTC standards
STU-0328,ProBio+ Daily component,Lactobacillus plantarum 299v,pilot_study,NO,NO,NO,114,8,URTI_frequency,negative,0.1055,NO,Tier_2_pilot,NO,energy_metabolism,small sample size; healthy volunteers only; industry funded; no product-specific testing,EU research fund,2018,BMJ Open,Insufficient for energy_metabolism claim under FTC standards
STU-0329,ProBio+ Daily component,Riboflavin,meta_analysis,YES,NO,NO,373,24,gut_microbiome_diversity,negative,0.0581,NO,Tier_1_meta_analysis,YES,digestive_health,healthy volunteers only,Industry + independent verification,2024,Food Research International,Adequate for digestive_health claim under FTC standards
STU-0330,ProBio+ Daily component,Biotin (D-Biotin),RCT,YES,YES,YES,30,52,skin_hydration,positive,0.2387,NO,Tier_2_observational,CONDITIONAL,energy_metabolism,no product-specific testing; surrogate endpoints only; short duration; no control group,Industry + independent verification,2023,Food Research International,Insufficient for energy_metabolism claim under FTC standards
STU-0331,ProBio+ Daily component,Niacin (Niacinamide),animal_model,NO,NO,NO,29,8,stool_consistency,positive,0.075,NO,Tier_3_insufficient,NO,digestive_health,no control group; high dropout rate; healthy volunteers only,Industry (manufacturer),2015,J Clinical Nutrition,Insufficient for digestive_health claim under FTC standards
STU-0332,ProBio+ Daily component,Thiamine HCl,meta_analysis,YES,NO,NO,447,15,skin_hydration,neutral,0.308,NO,Tier_1_meta_analysis,YES,energy_metabolism,high dropout rate,Industry (manufacturer),2018,JAMA,Adequate for energy_metabolism claim under FTC standards
STU-0333,ProBio+ Daily component,Lactobacillus plantarum 299v,pilot_study,NO,NO,NO,27,43,bloating_score,positive,0.1631,NO,Tier_2_pilot,NO,digestive_health,single center; high dropout rate; no blinding; industry funded,Industry (manufacturer),2020,Nutrients,Insufficient for digestive_health claim under FTC standards
STU-0334,ProBio+ Daily component,Folate (L-Methylfolate),animal_model,NO,NO,NO,443,8,inflammatory_markers,positive,0.1691,NO,Tier_3_insufficient,NO,energy_metabolism,high dropout rate; healthy volunteers only; small sample size; short duration,NIH grant,2021,Probiotics & Antimicrobials,Insufficient for energy_metabolism claim under FTC standards
STU-0335,ProBio+ Daily component,Biotin (D-Biotin),pilot_study,NO,NO,NO,393,9,immune_markers_IgA,neutral,0.4004,NO,Tier_2_pilot,NO,immune_function,no product-specific testing; small sample size; healthy volunteers only,EU research fund,2023,NEJM,Insufficient for immune_function claim under FTC standards
STU-0336,ProBio+ Daily component,Niacin (Niacinamide),animal_model,NO,NO,NO,17,3,inflammatory_markers,neutral,0.1576,NO,Tier_3_insufficient,NO,energy_metabolism,no blinding; high dropout rate,Academic institution,2023,JAMA,Insufficient for energy_metabolism claim under FTC standards
STU-0337,ProBio+ Daily component,Lactobacillus acidophilus NCFM,consumer_survey,NO,NO,NO,409,31,cognitive_performance,positive,0.0314,NO,Tier_3_insufficient,NO,energy_metabolism,small sample size; no product-specific testing; healthy volunteers only,NIH grant,2025,Probiotics & Antimicrobials,Insufficient for energy_metabolism claim under FTC standards
STU-0338,ProBio+ Daily component,Vitamin B12 (Methylcobalamin),consumer_survey,NO,NO,NO,168,24,immune_markers_IgA,neutral,0.3153,NO,Tier_3_insufficient,NO,immune_function,industry funded,EU research fund,2015,J Clinical Nutrition,Insufficient for immune_function claim under FTC standards
STU-0339,ProBio+ Daily component,Folate (L-Methylfolate),meta_analysis,YES,NO,NO,212,32,gut_microbiome_diversity,positive,0.0682,NO,Tier_1_meta_analysis,YES,digestive_health,healthy volunteers only; single center; industry funded,NIH grant,2025,BMJ Open,Adequate for digestive_health claim under FTC standards
STU-0340,ProBio+ Daily component,Biotin (D-Biotin),open_label_trial,NO,NO,NO,277,25,immune_markers_IgA,positive,0.0847,NO,Tier_2_pilot,NO,immune_function,no control group; no product-specific testing; healthy volunteers only; single center,Industry (manufacturer),2025,Am J Clinical Nutrition,Insufficient for immune_function claim under FTC standards
STU-0341,ProBio+ Daily component,Pantothenic Acid,RCT,YES,YES,NO,64,51,skin_hydration,positive,0.1656,NO,Tier_2_observational,CONDITIONAL,energy_metabolism,no blinding; single center; industry funded,NIH grant,2020,Probiotics & Antimicrobials,Insufficient for energy_metabolism claim under FTC standards
STU-0342,ProBio+ Daily component,Thiamine HCl,RCT,YES,YES,YES,86,47,NK_cell_activity,negative,0.0679,NO,Tier_2_observational,CONDITIONAL,immune_function,healthy volunteers only,NIH grant,2025,NEJM,Insufficient for immune_function claim under FTC standards
STU-0343,ProBio+ Daily component,Lactobacillus plantarum 299v,pilot_study,NO,NO,NO,407,26,antioxidant_capacity,positive,0.0649,NO,Tier_2_pilot,NO,energy_metabolism,industry funded,EU research fund,2017,Nutrients,Insufficient for energy_metabolism claim under FTC standards
STU-0344,ProBio+ Daily component,Folate (L-Methylfolate),cohort_study,NO,NO,NO,122,23,skin_hydration,positive,0.0798,NO,Tier_2_observational,CONDITIONAL,energy_metabolism,short duration; no control group; no product-specific testing; healthy volunteers only,Industry (manufacturer),2020,BMJ Open,Insufficient for energy_metabolism claim under FTC standards
STU-0345,ProBio+ Daily component,Riboflavin,open_label_trial,NO,NO,NO,207,7,NK_cell_activity,positive,0.0759,NO,Tier_2_pilot,NO,immune_function,no product-specific testing; high dropout rate,Industry (manufacturer),2020,Probiotics & Antimicrobials,Insufficient for immune_function claim under FTC standards
STU-0346,ProBio+ Daily component,Vitamin B12 (Methylcobalamin),open_label_trial,NO,NO,NO,221,33,immune_markers_IgA,negative,0.1069,NO,Tier_2_pilot,NO,immune_function,no blinding; no product-specific testing; single center; surrogate endpoints only,Academic institution,2023,BMJ Open,Insufficient for immune_function claim under FTC standards
STU-0347,ProBio+ Daily component,Vitamin B12 (Methylcobalamin),in_vitro,NO,NO,NO,0,8,energy_levels_self_report,positive,0.0446,NO,Tier_3_insufficient,NO,energy_metabolism,short duration,Industry (manufacturer),2019,Food Research International,Insufficient for energy_metabolism claim under FTC standards
STU-0348,ProBio+ Daily component,Lactobacillus rhamnosus GG,open_label_trial,NO,NO,NO,205,6,energy_levels_self_report,neutral,0.5162,NO,Tier_2_pilot,NO,energy_metabolism,surrogate endpoints only; healthy volunteers only; industry funded,NIH grant,2019,Nutrients,Insufficient for energy_metabolism claim under FTC standards
STU-0349,ProBio+ Daily component,Folate (L-Methylfolate),open_label_trial,NO,NO,NO,155,42,gut_microbiome_diversity,neutral,0.3969,NO,Tier_2_pilot,NO,digestive_health,no blinding; surrogate endpoints only; small sample size,Industry + independent verification,2023,BMJ Open,Insufficient for digestive_health claim under FTC standards
STU-0350,ProBio+ Daily component,Lactobacillus rhamnosus GG,meta_analysis,YES,NO,NO,414,23,inflammatory_markers,negative,0.1666,NO,Tier_1_meta_analysis,YES,energy_metabolism,single center; healthy volunteers only,NIH grant,2015,Food Research International,Adequate for energy_metabolism claim under FTC standards
