minute_utc,cdn_error_pct,ttfb_p99_ms,ttfb_p50_ms,request_count,5xx_total_pct,edge_pop,status
2024-06-20T20:00:00Z,0.0325,162,57,3788968,0.0195,BUD07,nominal
2024-06-20T20:01:00Z,0.0388,173,61,3208134,0.0233,MAD05,nominal
2024-06-20T20:02:00Z,0.0327,162,57,934814,0.0196,CDG03,nominal
2024-06-20T20:03:00Z,0.0231,167,58,3932636,0.0139,WAW06,nominal
2024-06-20T20:04:00Z,0.026,162,57,2124140,0.0156,STO09,nominal
2024-06-20T20:05:00Z,0.0389,161,56,3874113,0.0233,BUD07,nominal
2024-06-20T20:06:00Z,0.0285,181,63,1049290,0.0171,BUD07,nominal
2024-06-20T20:07:00Z,0.0287,194,68,4131502,0.0172,ATH08,nominal
2024-06-20T20:08:00Z,0.0383,189,66,1047215,0.023,HEL11,nominal
2024-06-20T20:09:00Z,0.0445,171,60,3343148,0.0267,AMS01,nominal
2024-06-20T20:10:00Z,0.0377,194,68,1256029,0.0226,BUD07,nominal
2024-06-20T20:11:00Z,0.0125,193,68,3573454,0.0075,BUD07,nominal
2024-06-20T20:12:00Z,0.0255,168,59,1803895,0.0153,MAD05,nominal
2024-06-20T20:13:00Z,0.0173,189,66,2457122,0.0104,LHR02,nominal
2024-06-20T20:14:00Z,0.0289,185,65,2050043,0.0173,MAD05,nominal
2024-06-20T20:15:00Z,0.0377,158,55,3511528,0.0226,STO09,nominal
2024-06-20T20:16:00Z,0.0127,193,68,4097637,0.0076,FRA04,nominal
2024-06-20T20:17:00Z,0.0344,167,58,2180175,0.0206,LHR02,nominal
2024-06-20T20:18:00Z,0.0316,171,60,2636331,0.019,STO09,nominal
2024-06-20T20:19:00Z,0.0253,192,67,889571,0.0152,FRA04,nominal
2024-06-20T20:20:00Z,0.0301,160,56,2340510,0.0181,AMS01,nominal
2024-06-20T20:21:00Z,0.0144,186,65,1267501,0.0086,FRA04,nominal
2024-06-20T20:22:00Z,0.0248,171,60,1205999,0.0149,WAW06,nominal
2024-06-20T20:23:00Z,0.0285,187,65,4430049,0.0171,MAD05,nominal
2024-06-20T20:24:00Z,0.0165,175,61,1332882,0.0099,MAD05,nominal
2024-06-20T20:25:00Z,0.0185,178,62,4178745,0.0111,WAW06,nominal
2024-06-20T20:26:00Z,0.01,181,63,1052613,0.006,TLL12,nominal
2024-06-20T20:27:00Z,0.0147,158,55,4324578,0.0088,STO09,nominal
2024-06-20T20:28:00Z,0.0281,174,61,4305116,0.0169,WAW06,nominal
2024-06-20T20:29:00Z,0.0374,191,67,3843962,0.0224,LHR02,nominal
2024-06-20T20:30:00Z,0.0311,159,56,3177946,0.0187,WAW06,nominal
2024-06-20T20:31:00Z,0.0111,187,65,3110643,0.0067,WAW06,nominal
2024-06-20T20:32:00Z,0.0166,155,54,1182168,0.01,FRA04,nominal
2024-06-20T20:33:00Z,0.0422,159,56,3608286,0.0253,BUD07,nominal
2024-06-20T20:34:00Z,0.0381,158,55,1843363,0.0229,TLL12,nominal
2024-06-20T20:35:00Z,0.0188,159,56,2715033,0.0113,AMS01,nominal
2024-06-20T20:36:00Z,0.0236,193,68,1992661,0.0142,STO09,nominal
2024-06-20T20:37:00Z,0.0368,169,59,2690420,0.0221,OSL10,nominal
2024-06-20T20:38:00Z,0.0443,187,65,980150,0.0266,AMS01,nominal
2024-06-20T20:39:00Z,0.0256,171,60,3680874,0.0154,OSL10,nominal
2024-06-20T20:40:00Z,0.0207,191,67,2857050,0.0124,WAW06,nominal
2024-06-20T20:41:00Z,0.0276,180,63,2684191,0.0166,LHR02,nominal
2024-06-20T20:42:00Z,0.0319,164,57,2422562,0.0191,WAW06,nominal
2024-06-20T20:43:00Z,0.0492,179,63,2693775,0.0295,BUD07,nominal
2024-06-20T20:44:00Z,0.0442,180,63,1375878,0.0265,STO09,nominal
2024-06-20T20:45:00Z,0.0175,183,64,1054726,0.0105,TLL12,nominal
2024-06-20T20:46:00Z,0.0153,159,56,1425512,0.0092,BUD07,nominal
2024-06-20T20:47:00Z,0.0328,180,63,1509310,0.0197,FRA04,nominal
2024-06-20T20:48:00Z,0.0148,185,65,1039010,0.0089,ATH08,nominal
2024-06-20T20:49:00Z,0.0236,190,66,1992312,0.0142,BUD07,nominal
2024-06-20T20:50:00Z,0.013,180,63,2979081,0.0078,ATH08,nominal
2024-06-20T20:51:00Z,0.0293,167,58,1690734,0.0176,TLL12,nominal
2024-06-20T20:52:00Z,0.028,158,55,2326667,0.0168,ATH08,nominal
2024-06-20T20:53:00Z,0.0296,162,57,1672313,0.0178,HEL11,nominal
2024-06-20T20:54:00Z,0.0168,165,58,2547572,0.0101,WAW06,nominal
2024-06-20T20:55:00Z,0.043,156,55,3832339,0.0258,OSL10,nominal
2024-06-20T20:56:00Z,0.0319,187,65,866945,0.0191,HEL11,nominal
2024-06-20T20:57:00Z,0.028,178,62,2653072,0.0168,AMS01,nominal
2024-06-20T20:58:00Z,0.0442,193,68,3589239,0.0265,STO09,nominal
2024-06-20T20:59:00Z,0.0323,188,66,2781286,0.0194,WAW06,nominal
2024-06-20T21:00:00Z,0.0326,184,64,1760595,0.0196,CDG03,nominal
2024-06-20T21:01:00Z,0.0296,188,66,3898732,0.0178,MAD05,nominal
2024-06-20T21:02:00Z,0.0441,177,62,1991498,0.0265,MAD05,nominal
2024-06-20T21:03:00Z,0.0307,159,56,3407871,0.0184,MAD05,nominal
2024-06-20T21:04:00Z,0.0457,190,66,1562643,0.0274,TLL12,nominal
2024-06-20T21:05:00Z,0.0261,187,65,3514220,0.0157,LHR02,nominal
2024-06-20T21:06:00Z,0.0252,160,56,1130007,0.0151,OSL10,nominal
2024-06-20T21:07:00Z,0.0369,155,54,2995823,0.0221,AMS01,nominal
2024-06-20T21:08:00Z,0.0369,164,57,3599895,0.0221,ATH08,nominal
2024-06-20T21:09:00Z,0.0345,168,59,3886147,0.0207,BUD07,nominal
2024-06-20T21:10:00Z,0.0163,184,64,3025634,0.0098,BUD07,nominal
2024-06-20T21:11:00Z,0.0437,181,63,2323690,0.0262,WAW06,nominal
2024-06-20T21:12:00Z,0.0486,190,66,3278003,0.0292,FRA04,nominal
2024-06-20T21:13:00Z,0.0302,167,58,2422698,0.0181,WAW06,nominal
2024-06-20T21:14:00Z,0.0236,193,68,2040631,0.0142,BUD07,nominal
2024-06-20T21:15:00Z,0.0349,176,62,4015976,0.0209,TLL12,nominal
2024-06-20T21:16:00Z,0.026,172,60,4234106,0.0156,ATH08,nominal
2024-06-20T21:17:00Z,0.0465,168,59,2377027,0.0279,LHR02,nominal
2024-06-20T21:18:00Z,0.0486,187,65,964375,0.0292,AMS01,nominal
2024-06-20T21:19:00Z,0.0485,176,62,1476826,0.0291,OSL10,nominal
2024-06-20T21:20:00Z,0.0357,187,65,2721602,0.0214,MAD05,nominal
2024-06-20T21:21:00Z,0.0134,158,55,1275384,0.008,LHR02,nominal
2024-06-20T21:22:00Z,0.0489,168,59,2884446,0.0293,MAD05,nominal
2024-06-20T21:23:00Z,0.0328,170,59,2946425,0.0197,HEL11,nominal
2024-06-20T21:24:00Z,0.0372,168,59,3713124,0.0223,STO09,nominal
2024-06-20T21:25:00Z,0.0205,178,62,2056563,0.0123,AMS01,nominal
2024-06-20T21:26:00Z,0.0308,169,59,3187836,0.0185,MAD05,nominal
2024-06-20T21:27:00Z,0.0438,185,65,4118051,0.0263,AMS01,nominal
2024-06-20T21:28:00Z,0.0488,189,66,3038086,0.0293,AMS01,nominal
2024-06-20T21:29:00Z,0.0287,162,57,1642526,0.0172,BUD07,nominal
2024-06-20T21:30:00Z,0.0312,155,54,4343686,0.0187,CDG03,nominal
2024-06-20T21:31:00Z,0.0409,170,59,2142756,0.0245,STO09,nominal
2024-06-20T21:32:00Z,0.0271,174,61,3371362,0.0163,CDG03,nominal
2024-06-20T21:33:00Z,0.0354,169,59,2580967,0.0212,TLL12,nominal
2024-06-20T21:34:00Z,0.0247,159,56,3342453,0.0148,FRA04,nominal
2024-06-20T21:35:00Z,0.0133,177,62,3604143,0.008,HEL11,nominal
2024-06-20T21:36:00Z,0.0382,193,68,3682026,0.0229,FRA04,nominal
2024-06-20T21:37:00Z,0.0198,168,59,995708,0.0119,MAD05,nominal
2024-06-20T21:38:00Z,0.0258,191,67,3050346,0.0155,FRA04,nominal
2024-06-20T21:39:00Z,0.0313,175,61,1865974,0.0188,ATH08,nominal
2024-06-20T21:40:00Z,0.0474,188,66,2147175,0.0284,OSL10,nominal
2024-06-20T21:41:00Z,0.0125,170,59,3967246,0.0075,OSL10,nominal
2024-06-20T21:42:00Z,0.0203,160,56,2621145,0.0122,STO09,nominal
2024-06-20T21:43:00Z,0.0446,162,57,1490255,0.0268,BUD07,nominal
2024-06-20T21:44:00Z,0.0307,189,66,4021362,0.0184,OSL10,nominal
2024-06-20T21:45:00Z,0.0242,192,67,3317411,0.0145,FRA04,nominal
2024-06-20T21:46:00Z,0.0256,175,61,1079537,0.0154,WAW06,nominal
2024-06-20T21:47:00Z,0.0487,193,68,4292616,0.0292,STO09,nominal
2024-06-20T21:48:00Z,0.0268,170,59,1885108,0.0161,MAD05,nominal
2024-06-20T21:49:00Z,0.0408,171,60,1675256,0.0245,TLL12,nominal
2024-06-20T21:50:00Z,0.0315,174,61,2392435,0.0189,MAD05,nominal
2024-06-20T21:51:00Z,0.0447,178,62,1040494,0.0268,ATH08,nominal
2024-06-20T21:52:00Z,0.0396,183,64,3731436,0.0238,FRA04,nominal
2024-06-20T21:53:00Z,0.0279,163,57,3446813,0.0167,AMS01,nominal
2024-06-20T21:54:00Z,0.0449,168,59,1403094,0.0269,LHR02,nominal
2024-06-20T21:55:00Z,0.0205,155,54,3834811,0.0123,WAW06,nominal
2024-06-20T21:56:00Z,0.0249,158,55,1816208,0.0149,FRA04,nominal
2024-06-20T21:57:00Z,0.0135,195,68,2767770,0.0081,ATH08,nominal
2024-06-20T21:58:00Z,0.0429,179,63,2672873,0.0257,AMS01,nominal
2024-06-20T21:59:00Z,0.0491,176,62,2241903,0.0295,STO09,nominal
2024-06-20T22:00:00Z,0.0289,180,63,4410201,0.0173,LHR02,nominal
2024-06-20T22:01:00Z,0.0189,164,57,4154069,0.0113,LHR02,nominal
2024-06-20T22:02:00Z,0.0455,172,60,1384051,0.0273,HEL11,nominal
2024-06-20T22:03:00Z,0.0215,172,60,3593621,0.0129,MAD05,nominal
2024-06-20T22:04:00Z,0.0449,186,65,3679716,0.0269,WAW06,nominal
2024-06-20T22:05:00Z,0.0325,184,64,4404159,0.0195,WAW06,nominal
2024-06-20T22:06:00Z,0.0475,178,62,1865518,0.0285,TLL12,nominal
2024-06-20T22:07:00Z,0.0103,164,57,1778065,0.0062,CDG03,nominal
2024-06-20T22:08:00Z,0.0245,181,63,1189890,0.0147,BUD07,nominal
2024-06-20T22:09:00Z,0.0324,189,66,3698069,0.0194,OSL10,nominal
2024-06-20T22:10:00Z,0.0381,188,66,2623358,0.0229,WAW06,nominal
2024-06-20T22:11:00Z,0.0297,187,65,2990036,0.0178,BUD07,nominal
2024-06-20T22:12:00Z,0.0183,170,59,3444425,0.011,MAD05,nominal
2024-06-20T22:13:00Z,0.0329,177,62,4153225,0.0197,BUD07,nominal
2024-06-20T22:14:00Z,0.0186,184,64,2368131,0.0112,FRA04,nominal
2024-06-20T22:15:00Z,0.0429,172,60,2318493,0.0257,TLL12,nominal
2024-06-20T22:16:00Z,0.0491,168,59,3721662,0.0295,BUD07,nominal
2024-06-20T22:17:00Z,0.0177,162,57,4271461,0.0106,STO09,nominal
2024-06-20T22:18:00Z,0.0417,186,65,3058910,0.025,CDG03,nominal
2024-06-20T22:19:00Z,0.0224,174,61,1749590,0.0134,BUD07,nominal
2024-06-20T22:20:00Z,0.0387,176,62,1553544,0.0232,AMS01,nominal
2024-06-20T22:21:00Z,0.0146,194,68,1848069,0.0088,FRA04,nominal
2024-06-20T22:22:00Z,0.0171,157,55,3610758,0.0103,FRA04,nominal
2024-06-20T22:23:00Z,0.026,171,60,1258168,0.0156,BUD07,nominal
2024-06-20T22:24:00Z,0.0248,185,65,2142007,0.0149,OSL10,nominal
2024-06-20T22:25:00Z,0.011,195,68,811820,0.0066,FRA04,nominal
2024-06-20T22:26:00Z,0.0173,186,65,2516245,0.0104,BUD07,nominal
2024-06-20T22:27:00Z,0.0304,194,68,2481723,0.0182,FRA04,nominal
2024-06-20T22:28:00Z,0.0235,158,55,4064146,0.0141,STO09,nominal
2024-06-20T22:29:00Z,0.0349,167,58,1642090,0.0209,WAW06,nominal
2024-06-20T22:30:00Z,0.0238,190,66,3387108,0.0143,LHR02,nominal
2024-06-20T22:31:00Z,0.0495,184,64,2001372,0.0297,BUD07,nominal
2024-06-20T22:32:00Z,0.0277,182,64,1046712,0.0166,OSL10,nominal
2024-06-20T22:33:00Z,0.0286,177,62,3594271,0.0172,BUD07,nominal
2024-06-20T22:34:00Z,0.0395,160,56,3732514,0.0237,BUD07,nominal
2024-06-20T22:35:00Z,0.0113,177,62,3354143,0.0068,BUD07,nominal
2024-06-20T22:36:00Z,0.0424,171,60,4458311,0.0254,BUD07,nominal
2024-06-20T22:37:00Z,0.0111,189,66,1810742,0.0067,TLL12,nominal
2024-06-20T22:38:00Z,0.0136,195,68,3901556,0.0082,CDG03,nominal
2024-06-20T22:39:00Z,0.0173,175,61,3565396,0.0104,ATH08,nominal
2024-06-20T22:40:00Z,0.045,194,68,4063170,0.027,CDG03,nominal
2024-06-20T22:41:00Z,0.0208,163,57,915120,0.0125,BUD07,nominal
2024-06-20T22:42:00Z,0.0241,159,56,3189526,0.0145,STO09,nominal
2024-06-20T22:43:00Z,0.018,165,58,3954969,0.0108,BUD07,nominal
2024-06-20T22:44:00Z,0.0139,191,67,1219471,0.0083,LHR02,nominal
2024-06-20T22:45:00Z,0.0175,166,58,2698086,0.0105,ATH08,nominal
2024-06-20T22:46:00Z,0.0322,172,60,1055828,0.0193,ATH08,nominal
2024-06-20T22:47:00Z,0.0115,184,64,3216669,0.0069,ATH08,nominal
2024-06-20T22:48:00Z,0.0179,174,61,3554883,0.0107,STO09,nominal
2024-06-20T22:49:00Z,0.0328,177,62,3133189,0.0197,HEL11,nominal
2024-06-20T22:50:00Z,0.0144,181,63,3581651,0.0086,LHR02,nominal
2024-06-20T22:51:00Z,0.0481,175,61,1739933,0.0289,AMS01,nominal
2024-06-20T22:52:00Z,0.025,174,61,4153786,0.015,BUD07,nominal
2024-06-20T22:53:00Z,0.0158,176,62,1869654,0.0095,OSL10,nominal
2024-06-20T22:54:00Z,0.0187,175,61,4234174,0.0112,FRA04,nominal
2024-06-20T22:55:00Z,0.0246,186,65,2484284,0.0148,AMS01,nominal
2024-06-20T22:56:00Z,0.0139,186,65,3687680,0.0083,STO09,nominal
2024-06-20T22:57:00Z,0.0106,186,65,3389745,0.0064,HEL11,nominal
2024-06-20T22:58:00Z,0.0296,194,68,1507121,0.0178,MAD05,nominal
2024-06-20T22:59:00Z,0.0471,159,56,3724929,0.0283,CDG03,nominal
2024-06-20T23:00:00Z,0.0416,179,63,3642359,0.025,AMS01,nominal
2024-06-20T23:01:00Z,0.0269,172,60,1325314,0.0161,ATH08,nominal
2024-06-20T23:02:00Z,0.0439,186,65,2153668,0.0263,LHR02,nominal
2024-06-20T23:03:00Z,0.016,176,62,4214823,0.0096,LHR02,nominal
2024-06-20T23:04:00Z,0.0282,157,55,2086445,0.0169,LHR02,nominal
2024-06-20T23:05:00Z,0.0322,179,63,2222313,0.0193,WAW06,nominal
2024-06-20T23:06:00Z,0.0157,192,67,4248725,0.0094,ATH08,nominal
2024-06-20T23:07:00Z,0.0337,173,61,2797233,0.0202,LHR02,nominal
2024-06-20T23:08:00Z,0.0313,161,56,3447227,0.0188,ATH08,nominal
2024-06-20T23:09:00Z,0.042,189,66,2872988,0.0252,HEL11,nominal
2024-06-20T23:10:00Z,0.0297,161,56,1067360,0.0178,STO09,nominal
2024-06-20T23:11:00Z,0.0276,158,55,1721735,0.0166,FRA04,nominal
2024-06-20T23:12:00Z,0.0152,168,59,2194207,0.0091,FRA04,nominal
2024-06-20T23:13:00Z,0.0269,160,56,3488597,0.0161,FRA04,nominal
2024-06-20T23:14:00Z,0.0329,192,67,2505798,0.0197,STO09,nominal
2024-06-20T23:15:00Z,0.011,194,68,4484138,0.0066,AMS01,nominal
2024-06-20T23:16:00Z,0.0396,169,59,1545992,0.0238,LHR02,nominal
2024-06-20T23:17:00Z,0.0195,192,67,1840629,0.0117,AMS01,nominal
2024-06-20T23:18:00Z,0.0113,195,68,2508479,0.0068,TLL12,nominal
2024-06-20T23:19:00Z,0.0483,171,60,4442182,0.029,HEL11,nominal
2024-06-20T23:20:00Z,0.042,193,68,2170663,0.0252,OSL10,nominal
2024-06-20T23:21:00Z,0.0231,172,60,3255932,0.0139,HEL11,nominal
2024-06-20T23:22:00Z,0.0386,181,63,1236107,0.0232,HEL11,nominal
2024-06-20T23:23:00Z,0.0366,177,62,2381788,0.022,CDG03,nominal
2024-06-20T23:24:00Z,0.0141,191,67,3719096,0.0085,CDG03,nominal
2024-06-20T23:25:00Z,0.032,192,67,3072714,0.0192,ATH08,nominal
2024-06-20T23:26:00Z,0.013,176,62,2287133,0.0078,MAD05,nominal
2024-06-20T23:27:00Z,0.0219,172,60,3629882,0.0131,MAD05,nominal
2024-06-20T23:28:00Z,0.0173,183,64,3452617,0.0104,AMS01,nominal
2024-06-20T23:29:00Z,0.0284,171,60,3814767,0.017,LHR02,nominal
2024-06-20T23:30:00Z,0.0411,191,67,1117817,0.0247,HEL11,nominal
2024-06-20T23:31:00Z,0.0193,181,63,1037078,0.0116,ATH08,nominal
2024-06-20T23:32:00Z,0.0467,155,54,3342529,0.028,ATH08,nominal
2024-06-20T23:33:00Z,0.0272,161,56,2934420,0.0163,FRA04,nominal
2024-06-20T23:34:00Z,0.0199,184,64,4396589,0.0119,TLL12,nominal
2024-06-20T23:35:00Z,0.0119,182,64,3926313,0.0071,ATH08,nominal
2024-06-20T23:36:00Z,0.049,155,54,2198110,0.0294,MAD05,nominal
2024-06-20T23:37:00Z,0.0492,183,64,4328536,0.0295,ATH08,nominal
2024-06-20T23:38:00Z,0.018,173,61,1114031,0.0108,WAW06,nominal
2024-06-20T23:39:00Z,0.0477,182,64,3813591,0.0286,LHR02,nominal
2024-06-20T23:40:00Z,0.0235,162,57,2575482,0.0141,BUD07,nominal
2024-06-20T23:41:00Z,0.0179,182,64,3664396,0.0107,OSL10,nominal
2024-06-20T23:42:00Z,0.013,179,63,1313010,0.0078,WAW06,nominal
2024-06-20T23:43:00Z,0.0428,194,68,2724389,0.0257,OSL10,nominal
2024-06-20T23:44:00Z,0.0175,164,57,1833857,0.0105,LHR02,nominal
2024-06-20T23:45:00Z,0.0356,190,66,2397667,0.0214,ATH08,nominal
2024-06-20T23:46:00Z,0.046,188,66,878025,0.0276,CDG03,nominal
2024-06-20T23:47:00Z,0.0157,158,55,3627519,0.0094,LHR02,nominal
2024-06-20T23:48:00Z,0.0414,156,55,1244346,0.0248,OSL10,nominal
2024-06-20T23:49:00Z,0.0191,184,64,2722212,0.0115,TLL12,nominal
2024-06-20T23:50:00Z,0.0491,165,58,2327346,0.0295,AMS01,nominal
2024-06-20T23:51:00Z,0.0156,166,58,1636309,0.0094,TLL12,nominal
2024-06-20T23:52:00Z,0.021,188,66,1014530,0.0126,OSL10,nominal
2024-06-20T23:53:00Z,0.0395,183,64,1487373,0.0237,MAD05,nominal
2024-06-20T23:54:00Z,0.0486,182,64,1090834,0.0292,CDG03,nominal
2024-06-20T23:55:00Z,0.0321,163,57,4419945,0.0193,WAW06,nominal
2024-06-20T23:56:00Z,0.0321,160,56,2125906,0.0193,STO09,nominal
2024-06-20T23:57:00Z,0.0482,166,58,1099616,0.0289,WAW06,nominal
2024-06-20T23:58:00Z,0.0241,189,66,2424747,0.0145,ATH08,nominal
2024-06-20T23:59:00Z,0.0221,179,63,1448757,0.0133,FRA04,nominal
2024-06-21T00:00:00Z,0.0267,165,58,2004468,0.016,AMS01,nominal
2024-06-21T00:01:00Z,0.0233,167,58,2132943,0.014,CDG03,nominal
2024-06-21T00:02:00Z,0.0411,164,57,1401766,0.0247,BUD07,nominal
2024-06-21T00:03:00Z,0.0444,185,65,3534698,0.0266,FRA04,nominal
2024-06-21T00:04:00Z,0.0437,178,62,3300008,0.0262,BUD07,nominal
2024-06-21T00:05:00Z,0.0378,161,56,1427237,0.0227,AMS01,nominal
2024-06-21T00:06:00Z,0.0429,189,66,4398830,0.0257,STO09,nominal
2024-06-21T00:07:00Z,0.0446,169,59,3821103,0.0268,STO09,nominal
2024-06-21T00:08:00Z,0.0443,195,68,3922303,0.0266,ATH08,nominal
2024-06-21T00:09:00Z,0.0123,187,65,3205747,0.0074,TLL12,nominal
2024-06-21T00:10:00Z,0.0497,178,62,2057980,0.0298,WAW06,nominal
2024-06-21T00:11:00Z,0.0477,161,56,1575586,0.0286,HEL11,nominal
2024-06-21T00:12:00Z,0.0184,175,61,1047935,0.011,LHR02,nominal
2024-06-21T00:13:00Z,0.0202,185,65,2366928,0.0121,BUD07,nominal
2024-06-21T00:14:00Z,0.0281,191,67,3916939,0.0169,FRA04,nominal
2024-06-21T00:15:00Z,0.0138,180,63,4489170,0.0083,BUD07,nominal
2024-06-21T00:16:00Z,0.0181,190,66,2685399,0.0109,FRA04,nominal
2024-06-21T00:17:00Z,0.0298,191,67,1318559,0.0179,MAD05,nominal
2024-06-21T00:18:00Z,0.0136,156,55,3960182,0.0082,OSL10,nominal
2024-06-21T00:19:00Z,0.0282,164,57,818081,0.0169,STO09,nominal
2024-06-21T00:20:00Z,0.048,164,57,4218554,0.0288,ATH08,nominal
2024-06-21T00:21:00Z,0.0275,167,58,3517674,0.0165,STO09,nominal
2024-06-21T00:22:00Z,0.0143,173,61,1126125,0.0086,AMS01,nominal
2024-06-21T00:23:00Z,0.0301,165,58,3409747,0.0181,ATH08,nominal
2024-06-21T00:24:00Z,0.0451,195,68,1009918,0.0271,MAD05,nominal
2024-06-21T00:25:00Z,0.0255,166,58,857647,0.0153,MAD05,nominal
2024-06-21T00:26:00Z,0.0106,171,60,4426339,0.0064,LHR02,nominal
2024-06-21T00:27:00Z,0.0263,192,67,1886286,0.0158,BUD07,nominal
2024-06-21T00:28:00Z,0.0168,175,61,3974254,0.0101,AMS01,nominal
2024-06-21T00:29:00Z,0.0295,192,67,3171891,0.0177,AMS01,nominal
2024-06-21T00:30:00Z,0.0127,164,57,1525624,0.0076,FRA04,nominal
2024-06-21T00:31:00Z,0.0338,166,58,2082964,0.0203,LHR02,nominal
2024-06-21T00:32:00Z,0.0337,169,59,1354040,0.0202,CDG03,nominal
2024-06-21T00:33:00Z,0.0385,173,61,2972540,0.0231,BUD07,nominal
2024-06-21T00:34:00Z,0.0446,169,59,1760341,0.0268,CDG03,nominal
2024-06-21T00:35:00Z,0.0476,157,55,1207989,0.0286,LHR02,nominal
2024-06-21T00:36:00Z,0.0332,188,66,1620312,0.0199,BUD07,nominal
2024-06-21T00:37:00Z,0.0167,181,63,4307418,0.01,HEL11,nominal
2024-06-21T00:38:00Z,0.0284,179,63,2762308,0.017,FRA04,nominal
2024-06-21T00:39:00Z,0.0247,156,55,3826053,0.0148,MAD05,nominal
2024-06-21T00:40:00Z,0.043,191,67,3633458,0.0258,AMS01,nominal
2024-06-21T00:41:00Z,0.0357,163,57,4108157,0.0214,BUD07,nominal
2024-06-21T00:42:00Z,0.0426,161,56,1181297,0.0256,MAD05,nominal
2024-06-21T00:43:00Z,0.0376,181,63,2381433,0.0226,AMS01,nominal
2024-06-21T00:44:00Z,0.041,165,58,2907638,0.0246,ATH08,nominal
2024-06-21T00:45:00Z,0.012,195,68,2791052,0.0072,HEL11,nominal
2024-06-21T00:46:00Z,0.0126,188,66,1636757,0.0076,OSL10,nominal
2024-06-21T00:47:00Z,0.0242,190,66,1115845,0.0145,ATH08,nominal
2024-06-21T00:48:00Z,0.0468,163,57,4181983,0.0281,MAD05,nominal
2024-06-21T00:49:00Z,0.0296,169,59,3899800,0.0178,FRA04,nominal
2024-06-21T00:50:00Z,0.0435,177,62,3744983,0.0261,BUD07,nominal
2024-06-21T00:51:00Z,0.0327,172,60,1085980,0.0196,CDG03,nominal
2024-06-21T00:52:00Z,0.0133,188,66,3482701,0.008,AMS01,nominal
2024-06-21T00:53:00Z,0.048,180,63,3323783,0.0288,BUD07,nominal
2024-06-21T00:54:00Z,0.0228,171,60,4162866,0.0137,STO09,nominal
2024-06-21T00:55:00Z,0.0372,164,57,2824601,0.0223,HEL11,nominal
2024-06-21T00:56:00Z,0.0202,189,66,2555999,0.0121,STO09,nominal
2024-06-21T00:57:00Z,0.0447,178,62,3586475,0.0268,CDG03,nominal
2024-06-21T00:58:00Z,0.0305,192,67,2267107,0.0183,AMS01,nominal
2024-06-21T00:59:00Z,0.0328,193,68,2233203,0.0197,CDG03,nominal
2024-06-21T01:00:00Z,0.0166,164,57,2476186,0.01,ATH08,nominal
2024-06-21T01:01:00Z,0.0135,161,56,905685,0.0081,BUD07,nominal
2024-06-21T01:02:00Z,0.0148,173,61,1627858,0.0089,LHR02,nominal
2024-06-21T01:03:00Z,0.026,189,66,1313581,0.0156,BUD07,nominal
2024-06-21T01:04:00Z,0.0388,185,65,4294900,0.0233,STO09,nominal
2024-06-21T01:05:00Z,0.0144,171,60,843844,0.0086,CDG03,nominal
2024-06-21T01:06:00Z,0.0494,168,59,3055724,0.0296,FRA04,nominal
2024-06-21T01:07:00Z,0.043,155,54,2831124,0.0258,CDG03,nominal
2024-06-21T01:08:00Z,0.0172,164,57,3916329,0.0103,OSL10,nominal
2024-06-21T01:09:00Z,0.0267,162,57,2717810,0.016,WAW06,nominal
2024-06-21T01:10:00Z,0.0466,180,63,2450995,0.028,FRA04,nominal
2024-06-21T01:11:00Z,0.0109,186,65,1175273,0.0065,MAD05,nominal
2024-06-21T01:12:00Z,0.0389,178,62,3834130,0.0233,WAW06,nominal
2024-06-21T01:13:00Z,0.0324,168,59,2957886,0.0194,LHR02,nominal
2024-06-21T01:14:00Z,0.0423,173,61,1710950,0.0254,CDG03,nominal
2024-06-21T01:15:00Z,0.0265,176,62,4354026,0.0159,ATH08,nominal
2024-06-21T01:16:00Z,0.0362,173,61,3400880,0.0217,HEL11,nominal
2024-06-21T01:17:00Z,0.0102,190,66,2432926,0.0061,STO09,nominal
2024-06-21T01:18:00Z,0.0361,171,60,3650884,0.0217,FRA04,nominal
2024-06-21T01:19:00Z,0.0406,177,62,3425092,0.0244,ATH08,nominal
2024-06-21T01:20:00Z,0.0371,155,54,4352498,0.0223,WAW06,nominal
2024-06-21T01:21:00Z,0.023,172,60,2913182,0.0138,MAD05,nominal
2024-06-21T01:22:00Z,0.0472,166,58,3568154,0.0283,MAD05,nominal
2024-06-21T01:23:00Z,0.0342,167,58,3142005,0.0205,HEL11,nominal
2024-06-21T01:24:00Z,0.0313,177,62,811438,0.0188,ATH08,nominal
2024-06-21T01:25:00Z,0.0233,167,58,4182558,0.014,AMS01,nominal
2024-06-21T01:26:00Z,0.0232,182,64,2730639,0.0139,FRA04,nominal
2024-06-21T01:27:00Z,0.0442,166,58,3068119,0.0265,MAD05,nominal
2024-06-21T01:28:00Z,0.0101,175,61,3614201,0.0061,HEL11,nominal
2024-06-21T01:29:00Z,0.0352,171,60,1471148,0.0211,FRA04,nominal
2024-06-21T01:30:00Z,0.0424,192,67,2629626,0.0254,AMS01,nominal
2024-06-21T01:31:00Z,0.0404,190,66,2144445,0.0242,HEL11,nominal
2024-06-21T01:32:00Z,0.01,165,58,4477081,0.006,BUD07,nominal
2024-06-21T01:33:00Z,0.0123,182,64,3001328,0.0074,FRA04,nominal
2024-06-21T01:34:00Z,0.0268,155,54,2939717,0.0161,BUD07,nominal
2024-06-21T01:35:00Z,0.0188,177,62,2785506,0.0113,AMS01,nominal
2024-06-21T01:36:00Z,0.0161,165,58,4146172,0.0097,HEL11,nominal
2024-06-21T01:37:00Z,0.0397,173,61,2757440,0.0238,BUD07,nominal
2024-06-21T01:38:00Z,0.0346,180,63,3592054,0.0208,CDG03,nominal
2024-06-21T01:39:00Z,0.0344,172,60,1213432,0.0206,OSL10,nominal
2024-06-21T01:40:00Z,0.044,172,60,2351239,0.0264,TLL12,nominal
2024-06-21T01:41:00Z,0.0403,183,64,2032559,0.0242,OSL10,nominal
2024-06-21T01:42:00Z,0.0206,176,62,1861691,0.0124,BUD07,nominal
2024-06-21T01:43:00Z,0.0414,160,56,2398455,0.0248,ATH08,nominal
2024-06-21T01:44:00Z,0.0328,170,59,2869666,0.0197,HEL11,nominal
2024-06-21T01:45:00Z,0.021,192,67,3825374,0.0126,CDG03,nominal
2024-06-21T01:46:00Z,0.0428,193,68,2328639,0.0257,OSL10,nominal
2024-06-21T01:47:00Z,0.0395,184,64,3308157,0.0237,TLL12,nominal
2024-06-21T01:48:00Z,0.0222,170,59,1835176,0.0133,STO09,nominal
2024-06-21T01:49:00Z,0.0152,162,57,2071428,0.0091,HEL11,nominal
2024-06-21T01:50:00Z,0.0283,165,58,3384910,0.017,ATH08,nominal
2024-06-21T01:51:00Z,0.03,175,61,1380960,0.018,AMS01,nominal
2024-06-21T01:52:00Z,0.0349,187,65,2640421,0.0209,AMS01,nominal
2024-06-21T01:53:00Z,0.0366,159,56,3496310,0.022,FRA04,nominal
2024-06-21T01:54:00Z,0.0242,185,65,2198440,0.0145,WAW06,nominal
2024-06-21T01:55:00Z,0.0367,176,62,3038291,0.022,TLL12,nominal
2024-06-21T01:56:00Z,0.0264,181,63,1342892,0.0158,BUD07,nominal
2024-06-21T01:57:00Z,0.0172,178,62,4183242,0.0103,BUD07,nominal
2024-06-21T01:58:00Z,0.0475,168,59,1357770,0.0285,STO09,nominal
2024-06-21T01:59:00Z,0.0375,177,62,3681227,0.0225,BUD07,nominal
2024-06-21T02:00:00Z,0.0334,194,68,3630029,0.02,STO09,nominal
2024-06-21T02:01:00Z,0.023,186,65,1772778,0.0138,STO09,nominal
2024-06-21T02:02:00Z,0.0236,169,59,1658474,0.0142,TLL12,nominal
2024-06-21T02:03:00Z,0.0314,193,68,4119790,0.0188,ATH08,nominal
2024-06-21T02:04:00Z,0.0468,170,59,2632795,0.0281,OSL10,nominal
2024-06-21T02:05:00Z,0.0266,182,64,1098615,0.016,LHR02,nominal
2024-06-21T02:06:00Z,0.0246,169,59,3331118,0.0148,AMS01,nominal
2024-06-21T02:07:00Z,0.0488,168,59,1462793,0.0293,STO09,nominal
2024-06-21T02:08:00Z,0.0133,167,58,1907185,0.008,ATH08,nominal
2024-06-21T02:09:00Z,0.0422,164,57,2063489,0.0253,CDG03,nominal
2024-06-21T02:10:00Z,0.0304,177,62,3802662,0.0182,ATH08,nominal
2024-06-21T02:11:00Z,0.0164,173,61,1402073,0.0098,FRA04,nominal
2024-06-21T02:12:00Z,0.0162,184,64,2688064,0.0097,MAD05,nominal
2024-06-21T02:13:00Z,0.0425,193,68,2873266,0.0255,STO09,nominal
2024-06-21T02:14:00Z,0.0236,157,55,1685698,0.0142,OSL10,nominal
2024-06-21T02:15:00Z,0.0188,184,64,2533490,0.0113,BUD07,nominal
2024-06-21T02:16:00Z,0.0263,172,60,2619214,0.0158,CDG03,nominal
2024-06-21T02:17:00Z,0.0299,193,68,3294294,0.0179,STO09,nominal
2024-06-21T02:18:00Z,0.0299,178,62,1410583,0.0179,OSL10,nominal
2024-06-21T02:19:00Z,0.0278,171,60,2254386,0.0167,BUD07,nominal
2024-06-21T02:20:00Z,0.0313,182,64,2769374,0.0188,MAD05,nominal
2024-06-21T02:21:00Z,0.0493,160,56,1655193,0.0296,HEL11,nominal
2024-06-21T02:22:00Z,0.0391,183,64,4039266,0.0235,CDG03,nominal
2024-06-21T02:23:00Z,0.0383,169,59,2003831,0.023,LHR02,nominal
2024-06-21T02:24:00Z,0.0444,175,61,3566958,0.0266,CDG03,nominal
2024-06-21T02:25:00Z,0.0211,187,65,4139809,0.0127,HEL11,nominal
2024-06-21T02:26:00Z,0.0412,167,58,2627609,0.0247,MAD05,nominal
2024-06-21T02:27:00Z,0.0326,159,56,3527724,0.0196,FRA04,nominal
2024-06-21T02:28:00Z,0.04,194,68,2688425,0.024,WAW06,nominal
2024-06-21T02:29:00Z,0.0168,171,60,3480256,0.0101,STO09,nominal
2024-06-21T02:30:00Z,0.0126,181,63,3925210,0.0076,FRA04,nominal
2024-06-21T02:31:00Z,0.0102,182,64,3618682,0.0061,HEL11,nominal
2024-06-21T02:32:00Z,0.0352,185,65,976339,0.0211,AMS01,nominal
2024-06-21T02:33:00Z,0.0278,189,66,1984981,0.0167,AMS01,nominal
2024-06-21T02:34:00Z,0.0148,160,56,3721639,0.0089,AMS01,nominal
2024-06-21T02:35:00Z,0.0378,175,61,3759398,0.0227,MAD05,nominal
2024-06-21T02:36:00Z,0.0117,182,64,2141336,0.007,STO09,nominal
2024-06-21T02:37:00Z,0.0499,195,68,1722350,0.0299,BUD07,nominal
2024-06-21T02:38:00Z,0.0166,189,66,1832422,0.01,LHR02,nominal
2024-06-21T02:39:00Z,0.0252,172,60,2439866,0.0151,MAD05,nominal
2024-06-21T02:40:00Z,0.0205,182,64,3371608,0.0123,AMS01,nominal
2024-06-21T02:41:00Z,0.0219,187,65,3733273,0.0131,LHR02,nominal
2024-06-21T02:42:00Z,0.0181,155,54,1544389,0.0109,STO09,nominal
2024-06-21T02:43:00Z,0.0456,168,59,4211504,0.0274,HEL11,nominal
2024-06-21T02:44:00Z,0.0335,155,54,2796631,0.0201,AMS01,nominal
2024-06-21T02:45:00Z,0.0476,173,61,3624182,0.0286,OSL10,nominal
2024-06-21T02:46:00Z,0.0442,175,61,3686998,0.0265,FRA04,nominal
2024-06-21T02:47:00Z,0.0239,167,58,2539414,0.0143,BUD07,nominal
2024-06-21T02:48:00Z,0.0388,176,62,1095864,0.0233,FRA04,nominal
2024-06-21T02:49:00Z,0.0492,191,67,1212094,0.0295,CDG03,nominal
2024-06-21T02:50:00Z,0.0393,191,67,4229943,0.0236,MAD05,nominal
2024-06-21T02:51:00Z,0.0406,175,61,3826942,0.0244,AMS01,nominal
2024-06-21T02:52:00Z,0.0129,165,58,4367639,0.0077,BUD07,nominal
2024-06-21T02:53:00Z,0.0181,176,62,4060977,0.0109,CDG03,nominal
2024-06-21T02:54:00Z,0.0337,192,67,2292071,0.0202,FRA04,nominal
2024-06-21T02:55:00Z,0.0477,155,54,1449015,0.0286,BUD07,nominal
2024-06-21T02:56:00Z,0.0214,180,63,4339525,0.0128,MAD05,nominal
2024-06-21T02:57:00Z,0.0242,174,61,1305146,0.0145,OSL10,nominal
2024-06-21T02:58:00Z,0.0255,184,64,2999180,0.0153,CDG03,nominal
2024-06-21T02:59:00Z,0.0273,168,59,2415157,0.0164,OSL10,nominal
2024-06-21T03:00:00Z,0.0205,186,65,1960523,0.0123,WAW06,nominal
2024-06-21T03:01:00Z,0.0315,179,63,2671533,0.0189,FRA04,nominal
2024-06-21T03:02:00Z,0.0291,161,56,2506002,0.0175,FRA04,nominal
2024-06-21T03:03:00Z,0.0212,186,65,1844583,0.0127,OSL10,nominal
2024-06-21T03:04:00Z,0.0113,163,57,2108949,0.0068,WAW06,nominal
2024-06-21T03:05:00Z,0.0131,177,62,3196787,0.0079,STO09,nominal
2024-06-21T03:06:00Z,0.0229,155,54,864910,0.0137,WAW06,nominal
2024-06-21T03:07:00Z,0.0209,158,55,1288461,0.0125,MAD05,nominal
2024-06-21T03:08:00Z,0.0141,182,64,3587530,0.0085,MAD05,nominal
2024-06-21T03:09:00Z,0.0174,162,57,2557920,0.0104,CDG03,nominal
2024-06-21T03:10:00Z,0.0393,163,57,1307790,0.0236,MAD05,nominal
2024-06-21T03:11:00Z,0.0254,170,59,1371284,0.0152,BUD07,nominal
2024-06-21T03:12:00Z,0.0251,173,61,3060073,0.0151,OSL10,nominal
2024-06-21T03:13:00Z,0.0233,162,57,1962798,0.014,BUD07,nominal
2024-06-21T03:14:00Z,0.0415,168,59,2074112,0.0249,TLL12,nominal
2024-06-21T03:15:00Z,0.0265,160,56,4118556,0.0159,MAD05,nominal
2024-06-21T03:16:00Z,0.0468,155,54,4496245,0.0281,STO09,nominal
2024-06-21T03:17:00Z,0.0282,189,66,3082684,0.0169,TLL12,nominal
2024-06-21T03:18:00Z,0.0229,165,58,3671877,0.0137,AMS01,nominal
2024-06-21T03:19:00Z,0.0454,169,59,2122799,0.0272,ATH08,nominal
2024-06-21T03:20:00Z,0.0234,184,64,2864785,0.014,LHR02,nominal
2024-06-21T03:21:00Z,0.0108,165,58,2278898,0.0065,FRA04,nominal
2024-06-21T03:22:00Z,0.028,157,55,3144189,0.0168,FRA04,nominal
2024-06-21T03:23:00Z,0.0437,160,56,4285300,0.0262,CDG03,nominal
2024-06-21T03:24:00Z,0.0275,193,68,3540021,0.0165,CDG03,nominal
2024-06-21T03:25:00Z,0.048,168,59,3317113,0.0288,OSL10,nominal
2024-06-21T03:26:00Z,0.0273,173,61,1822614,0.0164,WAW06,nominal
2024-06-21T03:27:00Z,0.0445,171,60,3235635,0.0267,BUD07,nominal
2024-06-21T03:28:00Z,0.0222,190,66,4484077,0.0133,HEL11,nominal
2024-06-21T03:29:00Z,0.0335,160,56,1745237,0.0201,STO09,nominal
2024-06-21T03:30:00Z,0.0174,167,58,2202169,0.0104,FRA04,nominal
2024-06-21T03:31:00Z,0.0354,155,54,3643972,0.0212,OSL10,nominal
2024-06-21T03:32:00Z,0.0273,181,63,3225485,0.0164,STO09,nominal
2024-06-21T03:33:00Z,0.0186,177,62,3039500,0.0112,CDG03,nominal
2024-06-21T03:34:00Z,0.0448,178,62,4400888,0.0269,STO09,nominal
2024-06-21T03:35:00Z,0.0228,174,61,3589465,0.0137,FRA04,nominal
2024-06-21T03:36:00Z,0.0403,190,66,2765264,0.0242,BUD07,nominal
2024-06-21T03:37:00Z,0.0391,173,61,1440058,0.0235,FRA04,nominal
2024-06-21T03:38:00Z,0.046,165,58,3105492,0.0276,LHR02,nominal
2024-06-21T03:39:00Z,0.0141,167,58,3781787,0.0085,FRA04,nominal
2024-06-21T03:40:00Z,0.0295,170,59,2587419,0.0177,MAD05,nominal
2024-06-21T03:41:00Z,0.0495,191,67,1118069,0.0297,STO09,nominal
2024-06-21T03:42:00Z,0.0481,161,56,3237548,0.0289,BUD07,nominal
2024-06-21T03:43:00Z,0.0421,161,56,1584661,0.0253,BUD07,nominal
2024-06-21T03:44:00Z,0.033,164,57,1672481,0.0198,MAD05,nominal
2024-06-21T03:45:00Z,0.016,177,62,1844056,0.0096,STO09,nominal
2024-06-21T03:46:00Z,0.022,157,55,1619367,0.0132,ATH08,nominal
2024-06-21T03:47:00Z,0.0385,156,55,3953517,0.0231,CDG03,nominal
2024-06-21T03:48:00Z,0.0421,195,68,1556032,0.0253,LHR02,nominal
2024-06-21T03:49:00Z,0.0279,155,54,3148287,0.0167,MAD05,nominal
2024-06-21T03:50:00Z,0.0118,180,63,1293486,0.0071,TLL12,nominal
2024-06-21T03:51:00Z,0.0118,161,56,4353445,0.0071,BUD07,nominal
2024-06-21T03:52:00Z,0.0371,155,54,2402895,0.0223,ATH08,nominal
2024-06-21T03:53:00Z,0.0489,174,61,3567729,0.0293,CDG03,nominal
2024-06-21T03:54:00Z,0.034,168,59,2304803,0.0204,BUD07,nominal
2024-06-21T03:55:00Z,0.0287,174,61,3207023,0.0172,LHR02,nominal
2024-06-21T03:56:00Z,0.0341,194,68,2848727,0.0205,HEL11,nominal
2024-06-21T03:57:00Z,0.0246,163,57,1061376,0.0148,OSL10,nominal
2024-06-21T03:58:00Z,0.0246,184,64,1160520,0.0148,FRA04,nominal
2024-06-21T03:59:00Z,0.0292,186,65,1584353,0.0175,LHR02,nominal
2024-06-21T04:00:00Z,0.0271,173,61,4377289,0.0163,STO09,nominal
2024-06-21T04:01:00Z,0.011,161,56,3277719,0.0066,ATH08,nominal
2024-06-21T04:02:00Z,0.0153,173,61,1107125,0.0092,BUD07,nominal
2024-06-21T04:03:00Z,0.046,166,58,2599589,0.0276,CDG03,nominal
2024-06-21T04:04:00Z,0.0292,192,67,3687511,0.0175,AMS01,nominal
2024-06-21T04:05:00Z,0.0376,170,59,3731733,0.0226,STO09,nominal
2024-06-21T04:06:00Z,0.044,172,60,2741835,0.0264,TLL12,nominal
2024-06-21T04:07:00Z,0.0348,163,57,1377786,0.0209,MAD05,nominal
2024-06-21T04:08:00Z,0.0459,186,65,1269182,0.0275,AMS01,nominal
2024-06-21T04:09:00Z,0.023,164,57,1568544,0.0138,HEL11,nominal
2024-06-21T04:10:00Z,0.0262,179,63,1207289,0.0157,TLL12,nominal
2024-06-21T04:11:00Z,0.0148,165,58,3098055,0.0089,MAD05,nominal
2024-06-21T04:12:00Z,0.0117,187,65,1039198,0.007,FRA04,nominal
2024-06-21T04:13:00Z,0.0403,191,67,3897866,0.0242,OSL10,nominal
2024-06-21T04:14:00Z,0.0405,164,57,2838882,0.0243,FRA04,nominal
2024-06-21T04:15:00Z,0.0376,174,61,3812022,0.0226,STO09,nominal
2024-06-21T04:16:00Z,0.0163,188,66,898838,0.0098,ATH08,nominal
2024-06-21T04:17:00Z,0.0486,185,65,2556956,0.0292,WAW06,nominal
2024-06-21T04:18:00Z,0.0184,172,60,2349907,0.011,WAW06,nominal
2024-06-21T04:19:00Z,0.0189,176,62,3196028,0.0113,FRA04,nominal
2024-06-21T04:20:00Z,0.0258,177,62,2382381,0.0155,TLL12,nominal
2024-06-21T04:21:00Z,0.0139,173,61,3694992,0.0083,AMS01,nominal
2024-06-21T04:22:00Z,0.0256,193,68,1499663,0.0154,TLL12,nominal
2024-06-21T04:23:00Z,0.042,172,60,2896288,0.0252,HEL11,nominal
2024-06-21T04:24:00Z,0.0109,185,65,1863810,0.0065,WAW06,nominal
2024-06-21T04:25:00Z,0.0497,172,60,3027758,0.0298,ATH08,nominal
2024-06-21T04:26:00Z,0.0421,171,60,1694335,0.0253,FRA04,nominal
2024-06-21T04:27:00Z,0.0147,171,60,3823453,0.0088,ATH08,nominal
2024-06-21T04:28:00Z,0.0429,175,61,4053220,0.0257,TLL12,nominal
2024-06-21T04:29:00Z,0.0477,158,55,1793490,0.0286,FRA04,nominal
2024-06-21T04:30:00Z,0.0489,195,68,3913939,0.0293,BUD07,nominal
2024-06-21T04:31:00Z,0.0147,168,59,3433874,0.0088,OSL10,nominal
2024-06-21T04:32:00Z,0.0452,178,62,4293492,0.0271,STO09,nominal
2024-06-21T04:33:00Z,0.0248,176,62,3268288,0.0149,OSL10,nominal
2024-06-21T04:34:00Z,0.0179,174,61,967250,0.0107,MAD05,nominal
2024-06-21T04:35:00Z,0.034,185,65,2429836,0.0204,LHR02,nominal
2024-06-21T04:36:00Z,0.021,185,65,3935056,0.0126,TLL12,nominal
2024-06-21T04:37:00Z,0.0471,186,65,1301620,0.0283,LHR02,nominal
2024-06-21T04:38:00Z,0.0396,179,63,1604024,0.0238,AMS01,nominal
2024-06-21T04:39:00Z,0.0247,195,68,1728002,0.0148,HEL11,nominal
2024-06-21T04:40:00Z,0.0349,155,54,1923928,0.0209,TLL12,nominal
2024-06-21T04:41:00Z,0.0165,171,60,1394905,0.0099,MAD05,nominal
2024-06-21T04:42:00Z,0.0346,176,62,3253931,0.0208,FRA04,nominal
2024-06-21T04:43:00Z,0.0465,177,62,3757627,0.0279,AMS01,nominal
2024-06-21T04:44:00Z,0.0496,191,67,3012070,0.0298,CDG03,nominal
2024-06-21T04:45:00Z,0.0216,179,63,1346389,0.013,WAW06,nominal
2024-06-21T04:46:00Z,0.0436,177,62,2425843,0.0262,STO09,nominal
2024-06-21T04:47:00Z,0.0198,176,62,3929087,0.0119,FRA04,nominal
2024-06-21T04:48:00Z,0.0112,176,62,3250314,0.0067,MAD05,nominal
2024-06-21T04:49:00Z,0.0419,161,56,3790933,0.0251,CDG03,nominal
2024-06-21T04:50:00Z,0.0305,164,57,2700352,0.0183,BUD07,nominal
2024-06-21T04:51:00Z,0.0305,191,67,3463418,0.0183,CDG03,nominal
2024-06-21T04:52:00Z,0.0265,157,55,1925181,0.0159,LHR02,nominal
2024-06-21T04:53:00Z,0.0281,159,56,2867739,0.0169,LHR02,nominal
2024-06-21T04:54:00Z,0.0314,159,56,3298322,0.0188,LHR02,nominal
2024-06-21T04:55:00Z,0.0419,173,61,3934370,0.0251,BUD07,nominal
2024-06-21T04:56:00Z,0.0195,185,65,2623765,0.0117,TLL12,nominal
2024-06-21T04:57:00Z,0.0375,192,67,3227469,0.0225,BUD07,nominal
2024-06-21T04:58:00Z,0.0417,175,61,2557128,0.025,FRA04,nominal
2024-06-21T04:59:00Z,0.0387,157,55,975137,0.0232,OSL10,nominal
2024-06-21T05:00:00Z,0.0125,182,64,2176393,0.0075,AMS01,nominal
2024-06-21T05:01:00Z,0.0363,179,63,4392903,0.0218,MAD05,nominal
2024-06-21T05:02:00Z,0.0313,188,66,2498660,0.0188,FRA04,nominal
2024-06-21T05:03:00Z,0.0428,167,58,3090707,0.0257,STO09,nominal
2024-06-21T05:04:00Z,0.0345,188,66,1948463,0.0207,MAD05,nominal
2024-06-21T05:05:00Z,0.0378,176,62,2469030,0.0227,MAD05,nominal
2024-06-21T05:06:00Z,0.0446,167,58,2739937,0.0268,FRA04,nominal
2024-06-21T05:07:00Z,0.0159,193,68,2581013,0.0095,FRA04,nominal
2024-06-21T05:08:00Z,0.0309,183,64,3391513,0.0185,OSL10,nominal
2024-06-21T05:09:00Z,0.011,160,56,2211368,0.0066,TLL12,nominal
2024-06-21T05:10:00Z,0.0155,188,66,2762366,0.0093,BUD07,nominal
2024-06-21T05:11:00Z,0.0334,170,59,947053,0.02,MAD05,nominal
2024-06-21T05:12:00Z,0.046,158,55,2840632,0.0276,STO09,nominal
2024-06-21T05:13:00Z,0.0136,166,58,2276381,0.0082,TLL12,nominal
2024-06-21T05:14:00Z,0.048,194,68,1940374,0.0288,TLL12,nominal
2024-06-21T05:15:00Z,0.0147,163,57,1124547,0.0088,LHR02,nominal
2024-06-21T05:16:00Z,0.0251,184,64,1546447,0.0151,MAD05,nominal
2024-06-21T05:17:00Z,0.0357,174,61,2969499,0.0214,MAD05,nominal
2024-06-21T05:18:00Z,0.0144,175,61,3364282,0.0086,OSL10,nominal
2024-06-21T05:19:00Z,0.0496,183,64,3480101,0.0298,WAW06,nominal
2024-06-21T05:20:00Z,0.0117,174,61,2834430,0.007,ATH08,nominal
2024-06-21T05:21:00Z,0.0475,180,63,3178437,0.0285,AMS01,nominal
2024-06-21T05:22:00Z,0.0451,174,61,3415687,0.0271,STO09,nominal
2024-06-21T05:23:00Z,0.0181,164,57,1272685,0.0109,OSL10,nominal
2024-06-21T05:24:00Z,0.0222,185,65,4085902,0.0133,MAD05,nominal
2024-06-21T05:25:00Z,0.0108,155,54,2991266,0.0065,CDG03,nominal
2024-06-21T05:26:00Z,0.0416,168,59,1639965,0.025,HEL11,nominal
2024-06-21T05:27:00Z,0.0423,158,55,1965648,0.0254,OSL10,nominal
2024-06-21T05:28:00Z,0.0245,160,56,4154140,0.0147,AMS01,nominal
2024-06-21T05:29:00Z,0.0299,178,62,4081947,0.0179,STO09,nominal
2024-06-21T05:30:00Z,0.0285,182,64,3028712,0.0171,HEL11,nominal
2024-06-21T05:31:00Z,0.0241,155,54,3309228,0.0145,AMS01,nominal
2024-06-21T05:32:00Z,0.0194,184,64,1773165,0.0116,CDG03,nominal
2024-06-21T05:33:00Z,0.0181,183,64,1180154,0.0109,STO09,nominal
2024-06-21T05:34:00Z,0.0154,165,58,4004888,0.0092,OSL10,nominal
2024-06-21T05:35:00Z,0.0394,161,56,2038719,0.0236,ATH08,nominal
2024-06-21T05:36:00Z,0.0464,172,60,980279,0.0278,OSL10,nominal
2024-06-21T05:37:00Z,0.0318,184,64,1445551,0.0191,MAD05,nominal
2024-06-21T05:38:00Z,0.0224,191,67,1404010,0.0134,BUD07,nominal
2024-06-21T05:39:00Z,0.0395,179,63,1407145,0.0237,OSL10,nominal
2024-06-21T05:40:00Z,0.0381,183,64,990642,0.0229,ATH08,nominal
2024-06-21T05:41:00Z,0.0391,158,55,1719597,0.0235,HEL11,nominal
2024-06-21T05:42:00Z,0.0298,159,56,4177260,0.0179,OSL10,nominal
2024-06-21T05:43:00Z,0.0286,190,66,4172858,0.0172,WAW06,nominal
2024-06-21T05:44:00Z,0.0118,189,66,2781004,0.0071,AMS01,nominal
2024-06-21T05:45:00Z,0.0421,181,63,3183233,0.0253,MAD05,nominal
2024-06-21T05:46:00Z,0.0372,159,56,1232494,0.0223,OSL10,nominal
2024-06-21T05:47:00Z,0.0246,162,57,2786467,0.0148,BUD07,nominal
2024-06-21T05:48:00Z,0.0362,162,57,4123642,0.0217,TLL12,nominal
2024-06-21T05:49:00Z,0.0422,188,66,1472599,0.0253,WAW06,nominal
2024-06-21T05:50:00Z,0.0484,167,58,1314519,0.029,TLL12,nominal
2024-06-21T05:51:00Z,0.0248,188,66,3043633,0.0149,FRA04,nominal
2024-06-21T05:52:00Z,0.0161,157,55,2397500,0.0097,OSL10,nominal
2024-06-21T05:53:00Z,0.0113,174,61,1272744,0.0068,FRA04,nominal
2024-06-21T05:54:00Z,0.05,191,67,940040,0.03,MAD05,nominal
2024-06-21T05:55:00Z,0.0261,177,62,2929404,0.0157,STO09,nominal
2024-06-21T05:56:00Z,0.0216,182,64,2045451,0.013,CDG03,nominal
2024-06-21T05:57:00Z,0.017,158,55,2625276,0.0102,AMS01,nominal
2024-06-21T05:58:00Z,0.023,189,66,1919213,0.0138,TLL12,nominal
2024-06-21T05:59:00Z,0.0427,195,68,2602411,0.0256,LHR02,nominal
2024-06-21T06:00:00Z,0.0331,173,61,3402942,0.0199,LHR02,nominal
2024-06-21T06:01:00Z,0.039,166,58,1129669,0.0234,TLL12,nominal
2024-06-21T06:02:00Z,0.0321,165,58,1422589,0.0193,OSL10,nominal
2024-06-21T06:03:00Z,0.0488,180,63,3564101,0.0293,BUD07,nominal
2024-06-21T06:04:00Z,0.0499,184,64,4288806,0.0299,LHR02,nominal
2024-06-21T06:05:00Z,0.047,168,59,4497435,0.0282,ATH08,nominal
2024-06-21T06:06:00Z,0.0378,164,57,3507703,0.0227,HEL11,nominal
2024-06-21T06:07:00Z,0.0169,162,57,3790823,0.0101,CDG03,nominal
2024-06-21T06:08:00Z,0.0111,159,56,1666437,0.0067,AMS01,nominal
2024-06-21T06:09:00Z,0.0259,188,66,3903772,0.0155,MAD05,nominal
2024-06-21T06:10:00Z,0.0138,156,55,3711817,0.0083,STO09,nominal
2024-06-21T06:11:00Z,0.0309,187,65,2594871,0.0185,MAD05,nominal
2024-06-21T06:12:00Z,0.0424,194,68,1141925,0.0254,STO09,nominal
2024-06-21T06:13:00Z,0.0257,195,68,4122752,0.0154,BUD07,nominal
2024-06-21T06:14:00Z,0.0258,168,59,1596382,0.0155,OSL10,nominal
2024-06-21T06:15:00Z,0.0182,161,56,2068186,0.0109,FRA04,nominal
2024-06-21T06:16:00Z,0.0141,189,66,1957974,0.0085,BUD07,nominal
2024-06-21T06:17:00Z,0.035,167,58,2473442,0.021,TLL12,nominal
2024-06-21T06:18:00Z,0.0242,175,61,3271154,0.0145,HEL11,nominal
2024-06-21T06:19:00Z,0.0107,180,63,3022253,0.0064,CDG03,nominal
2024-06-21T06:20:00Z,0.0138,174,61,4176791,0.0083,OSL10,nominal
2024-06-21T06:21:00Z,0.0123,171,60,1602363,0.0074,STO09,nominal
2024-06-21T06:22:00Z,0.049,160,56,4002696,0.0294,BUD07,nominal
2024-06-21T06:23:00Z,0.0468,166,58,3686726,0.0281,AMS01,nominal
2024-06-21T06:24:00Z,0.0444,178,62,1856220,0.0266,AMS01,nominal
2024-06-21T06:25:00Z,0.0423,176,62,1582260,0.0254,LHR02,nominal
2024-06-21T06:26:00Z,0.0341,174,61,1232133,0.0205,LHR02,nominal
2024-06-21T06:27:00Z,0.0273,165,58,3043681,0.0164,FRA04,nominal
2024-06-21T06:28:00Z,0.0306,161,56,1122880,0.0184,BUD07,nominal
2024-06-21T06:29:00Z,0.0164,157,55,3469706,0.0098,ATH08,nominal
2024-06-21T06:30:00Z,0.0189,169,59,1721092,0.0113,AMS01,nominal
2024-06-21T06:31:00Z,0.0134,161,56,2639884,0.008,OSL10,nominal
2024-06-21T06:32:00Z,0.041,182,64,4037681,0.0246,ATH08,nominal
2024-06-21T06:33:00Z,0.0255,188,66,1876496,0.0153,FRA04,nominal
2024-06-21T06:34:00Z,0.0277,177,62,1953616,0.0166,TLL12,nominal
2024-06-21T06:35:00Z,0.0257,193,68,3221705,0.0154,CDG03,nominal
2024-06-21T06:36:00Z,0.0439,165,58,4414157,0.0263,LHR02,nominal
2024-06-21T06:37:00Z,0.0494,182,64,2777594,0.0296,ATH08,nominal
2024-06-21T06:38:00Z,0.0299,194,68,1509194,0.0179,FRA04,nominal
2024-06-21T06:39:00Z,0.0212,189,66,1268784,0.0127,CDG03,nominal
2024-06-21T06:40:00Z,0.0178,184,64,2599058,0.0107,STO09,nominal
2024-06-21T06:41:00Z,0.0372,169,59,1718298,0.0223,FRA04,nominal
2024-06-21T06:42:00Z,0.0127,171,60,1412770,0.0076,MAD05,nominal
2024-06-21T06:43:00Z,0.0268,155,54,998819,0.0161,BUD07,nominal
2024-06-21T06:44:00Z,0.0156,166,58,833295,0.0094,AMS01,nominal
2024-06-21T06:45:00Z,0.0471,191,67,3020173,0.0283,ATH08,nominal
2024-06-21T06:46:00Z,0.0357,191,67,4261484,0.0214,MAD05,nominal
2024-06-21T06:47:00Z,0.0132,155,54,2145926,0.0079,WAW06,nominal
2024-06-21T06:48:00Z,0.0341,174,61,1903277,0.0205,STO09,nominal
2024-06-21T06:49:00Z,0.0272,188,66,1515005,0.0163,HEL11,nominal
2024-06-21T06:50:00Z,0.0107,169,59,1193868,0.0064,HEL11,nominal
2024-06-21T06:51:00Z,0.0118,179,63,3393727,0.0071,STO09,nominal
2024-06-21T06:52:00Z,0.0148,162,57,3313013,0.0089,STO09,nominal
2024-06-21T06:53:00Z,0.0208,187,65,2310436,0.0125,CDG03,nominal
2024-06-21T06:54:00Z,0.0492,186,65,3922092,0.0295,TLL12,nominal
2024-06-21T06:55:00Z,0.0157,189,66,1048464,0.0094,CDG03,nominal
2024-06-21T06:56:00Z,0.0493,195,68,2710208,0.0296,OSL10,nominal
2024-06-21T06:57:00Z,0.0217,186,65,4109557,0.013,WAW06,nominal
2024-06-21T06:58:00Z,0.0441,190,66,4189305,0.0265,CDG03,nominal
2024-06-21T06:59:00Z,0.0234,194,68,1200464,0.014,AMS01,nominal
2024-06-21T07:00:00Z,0.0425,157,55,1067497,0.0255,STO09,nominal
2024-06-21T07:01:00Z,0.0498,159,56,1903461,0.0299,OSL10,nominal
2024-06-21T07:02:00Z,0.0208,179,63,3508458,0.0125,AMS01,nominal
2024-06-21T07:03:00Z,0.0431,169,59,1480596,0.0259,AMS01,nominal
2024-06-21T07:04:00Z,0.0113,177,62,1210143,0.0068,FRA04,nominal
2024-06-21T07:05:00Z,0.0135,188,66,1004677,0.0081,HEL11,nominal
2024-06-21T07:06:00Z,0.0217,159,56,2475400,0.013,FRA04,nominal
2024-06-21T07:07:00Z,0.0484,175,61,2535969,0.029,WAW06,nominal
2024-06-21T07:08:00Z,0.0385,188,66,3558445,0.0231,LHR02,nominal
2024-06-21T07:09:00Z,0.0482,157,55,3814431,0.0289,MAD05,nominal
2024-06-21T07:10:00Z,0.0494,176,62,3634497,0.0296,BUD07,nominal
2024-06-21T07:11:00Z,0.0201,157,55,3899447,0.0121,HEL11,nominal
2024-06-21T07:12:00Z,0.0276,173,61,1063571,0.0166,LHR02,nominal
2024-06-21T07:13:00Z,0.0233,161,56,956753,0.014,STO09,nominal
2024-06-21T07:14:00Z,0.0215,176,62,1554059,0.0129,STO09,nominal
2024-06-21T07:15:00Z,0.0106,159,56,2924432,0.0064,LHR02,nominal
2024-06-21T07:16:00Z,0.0339,164,57,2053468,0.0203,TLL12,nominal
2024-06-21T07:17:00Z,0.0356,167,58,3392292,0.0214,HEL11,nominal
2024-06-21T07:18:00Z,0.0176,169,59,1822756,0.0106,OSL10,nominal
2024-06-21T07:19:00Z,0.0283,182,64,2932673,0.017,CDG03,nominal
2024-06-21T07:20:00Z,0.0494,168,59,1040417,0.0296,STO09,nominal
2024-06-21T07:21:00Z,0.0212,181,63,905490,0.0127,MAD05,nominal
2024-06-21T07:22:00Z,0.022,162,57,2195958,0.0132,LHR02,nominal
2024-06-21T07:23:00Z,0.048,159,56,1372738,0.0288,HEL11,nominal
2024-06-21T07:24:00Z,0.0123,189,66,1178345,0.0074,MAD05,nominal
2024-06-21T07:25:00Z,0.0299,170,59,2922460,0.0179,ATH08,nominal
2024-06-21T07:26:00Z,0.0424,173,61,1396676,0.0254,HEL11,nominal
2024-06-21T07:27:00Z,0.0145,178,62,820826,0.0087,FRA04,nominal
2024-06-21T07:28:00Z,0.0287,179,63,2649818,0.0172,STO09,nominal
2024-06-21T07:29:00Z,0.0411,158,55,4349807,0.0247,TLL12,nominal
2024-06-21T07:30:00Z,0.0415,184,64,1553738,0.0249,ATH08,nominal
2024-06-21T07:31:00Z,0.0257,185,65,3069753,0.0154,AMS01,nominal
2024-06-21T07:32:00Z,0.0142,161,56,1322152,0.0085,MAD05,nominal
2024-06-21T07:33:00Z,0.0111,191,67,1173566,0.0067,STO09,nominal
2024-06-21T07:34:00Z,0.0154,187,65,1251272,0.0092,LHR02,nominal
2024-06-21T07:35:00Z,0.0234,172,60,3722394,0.014,AMS01,nominal
2024-06-21T07:36:00Z,0.0167,173,61,4140545,0.01,LHR02,nominal
2024-06-21T07:37:00Z,0.0455,161,56,2519263,0.0273,BUD07,nominal
2024-06-21T07:38:00Z,0.0382,189,66,3151855,0.0229,LHR02,nominal
2024-06-21T07:39:00Z,0.0499,163,57,1707833,0.0299,BUD07,nominal
2024-06-21T07:40:00Z,0.0114,193,68,1605127,0.0068,AMS01,nominal
2024-06-21T07:41:00Z,0.0284,165,58,4293771,0.017,STO09,nominal
2024-06-21T07:42:00Z,0.0474,184,64,3353606,0.0284,AMS01,nominal
2024-06-21T07:43:00Z,0.0427,160,56,921045,0.0256,TLL12,nominal
2024-06-21T07:44:00Z,0.0437,165,58,3937301,0.0262,BUD07,nominal
2024-06-21T07:45:00Z,0.0339,177,62,3803396,0.0203,CDG03,nominal
2024-06-21T07:46:00Z,0.0274,156,55,2501562,0.0164,MAD05,nominal
2024-06-21T07:47:00Z,0.0122,157,55,2190261,0.0073,ATH08,nominal
2024-06-21T07:48:00Z,0.0473,156,55,933939,0.0284,CDG03,nominal
2024-06-21T07:49:00Z,0.0197,161,56,3559638,0.0118,ATH08,nominal
2024-06-21T07:50:00Z,0.0187,185,65,1115638,0.0112,LHR02,nominal
2024-06-21T07:51:00Z,0.039,184,64,1734042,0.0234,TLL12,nominal
2024-06-21T07:52:00Z,0.0331,162,57,4034171,0.0199,OSL10,nominal
2024-06-21T07:53:00Z,0.0435,184,64,1274042,0.0261,TLL12,nominal
2024-06-21T07:54:00Z,0.0424,163,57,4336515,0.0254,BUD07,nominal
2024-06-21T07:55:00Z,0.0277,191,67,827271,0.0166,MAD05,nominal
2024-06-21T07:56:00Z,0.0373,186,65,3404829,0.0224,AMS01,nominal
2024-06-21T07:57:00Z,0.0406,174,61,3987398,0.0244,OSL10,nominal
2024-06-21T07:58:00Z,0.0316,177,62,2793241,0.019,CDG03,nominal
2024-06-21T07:59:00Z,0.0426,192,67,1501012,0.0256,AMS01,nominal
2024-06-21T08:00:00Z,0.0171,176,62,2264664,0.0103,BUD07,nominal
2024-06-21T08:01:00Z,0.0339,155,54,3013001,0.0203,OSL10,nominal
2024-06-21T08:02:00Z,0.0307,178,62,2812948,0.0184,LHR02,nominal
2024-06-21T08:03:00Z,0.0114,186,65,3377818,0.0068,TLL12,nominal
2024-06-21T08:04:00Z,0.0387,156,55,1806178,0.0232,LHR02,nominal
2024-06-21T08:05:00Z,0.0343,181,63,1845201,0.0206,ATH08,nominal
2024-06-21T08:06:00Z,0.0265,181,63,2856892,0.0159,ATH08,nominal
2024-06-21T08:07:00Z,0.0339,164,57,2484033,0.0203,ATH08,nominal
2024-06-21T08:08:00Z,0.018,184,64,4285817,0.0108,ATH08,nominal
2024-06-21T08:09:00Z,0.0428,177,62,2528396,0.0257,LHR02,nominal
2024-06-21T08:10:00Z,0.0252,179,63,3344102,0.0151,CDG03,nominal
2024-06-21T08:11:00Z,0.0309,155,54,2417097,0.0185,ATH08,nominal
2024-06-21T08:12:00Z,0.0175,188,66,1694768,0.0105,ATH08,nominal
2024-06-21T08:13:00Z,0.0274,177,62,4365684,0.0164,AMS01,nominal
2024-06-21T08:14:00Z,0.0118,183,64,1436465,0.0071,OSL10,nominal
2024-06-21T08:15:00Z,0.0101,194,68,2984695,0.0061,ATH08,nominal
2024-06-21T08:16:00Z,0.0419,181,63,3417643,0.0251,STO09,nominal
2024-06-21T08:17:00Z,0.0245,171,60,2322026,0.0147,STO09,nominal
2024-06-21T08:18:00Z,0.0167,176,62,2675662,0.01,AMS01,nominal
2024-06-21T08:19:00Z,0.0184,195,68,4377589,0.011,HEL11,nominal
2024-06-21T08:20:00Z,0.0311,178,62,3030351,0.0187,LHR02,nominal
2024-06-21T08:21:00Z,0.0368,157,55,1309653,0.0221,AMS01,nominal
2024-06-21T08:22:00Z,0.011,190,66,4202752,0.0066,CDG03,nominal
2024-06-21T08:23:00Z,0.0441,163,57,2971855,0.0265,TLL12,nominal
2024-06-21T08:24:00Z,0.0494,165,58,1039408,0.0296,ATH08,nominal
2024-06-21T08:25:00Z,0.0133,185,65,4251649,0.008,CDG03,nominal
2024-06-21T08:26:00Z,0.027,156,55,2844914,0.0162,LHR02,nominal
2024-06-21T08:27:00Z,0.0235,185,65,3977505,0.0141,FRA04,nominal
2024-06-21T08:28:00Z,0.0476,174,61,1462992,0.0286,OSL10,nominal
2024-06-21T08:29:00Z,0.0133,158,55,1222973,0.008,FRA04,nominal
2024-06-21T08:30:00Z,0.0346,187,65,4055201,0.0208,AMS01,nominal
2024-06-21T08:31:00Z,0.0169,165,58,2822545,0.0101,OSL10,nominal
2024-06-21T08:32:00Z,0.0282,158,55,3981095,0.0169,OSL10,nominal
2024-06-21T08:33:00Z,0.023,177,62,3370505,0.0138,ATH08,nominal
2024-06-21T08:34:00Z,0.0197,174,61,2255940,0.0118,OSL10,nominal
2024-06-21T08:35:00Z,0.016,189,66,3824402,0.0096,CDG03,nominal
2024-06-21T08:36:00Z,0.0432,175,61,1459182,0.0259,HEL11,nominal
2024-06-21T08:37:00Z,0.0395,185,65,2112201,0.0237,MAD05,nominal
2024-06-21T08:38:00Z,0.0113,190,66,2671742,0.0068,OSL10,nominal
2024-06-21T08:39:00Z,0.0151,188,66,3833561,0.0091,ATH08,nominal
2024-06-21T08:40:00Z,0.0137,185,65,1527539,0.0082,HEL11,nominal
2024-06-21T08:41:00Z,0.0293,162,57,1624526,0.0176,WAW06,nominal
2024-06-21T08:42:00Z,0.0462,188,66,4016802,0.0277,HEL11,nominal
2024-06-21T08:43:00Z,0.0192,194,68,3533607,0.0115,LHR02,nominal
2024-06-21T08:44:00Z,0.0332,166,58,3792775,0.0199,OSL10,nominal
2024-06-21T08:45:00Z,0.0314,189,66,1815340,0.0188,ATH08,nominal
2024-06-21T08:46:00Z,0.0212,195,68,2119831,0.0127,LHR02,nominal
2024-06-21T08:47:00Z,0.0382,192,67,4370820,0.0229,MAD05,nominal
2024-06-21T08:48:00Z,0.0107,164,57,4149204,0.0064,MAD05,nominal
2024-06-21T08:49:00Z,0.0243,183,64,2351528,0.0146,LHR02,nominal
2024-06-21T08:50:00Z,0.0193,190,66,1286113,0.0116,BUD07,nominal
2024-06-21T08:51:00Z,0.0392,176,62,1626192,0.0235,ATH08,nominal
2024-06-21T08:52:00Z,0.0303,190,66,2326505,0.0182,TLL12,nominal
2024-06-21T08:53:00Z,0.0446,156,55,1111425,0.0268,MAD05,nominal
2024-06-21T08:54:00Z,0.0379,163,57,2715660,0.0227,STO09,nominal
2024-06-21T08:55:00Z,0.0298,187,65,1884169,0.0179,MAD05,nominal
2024-06-21T08:56:00Z,0.0197,165,58,1558858,0.0118,AMS01,nominal
2024-06-21T08:57:00Z,0.0203,175,61,2802258,0.0122,CDG03,nominal
2024-06-21T08:58:00Z,0.0111,162,57,2743343,0.0067,MAD05,nominal
2024-06-21T08:59:00Z,0.0298,171,60,883390,0.0179,TLL12,nominal
2024-06-21T09:00:00Z,0.0435,179,63,2493987,0.0261,LHR02,nominal
2024-06-21T09:01:00Z,0.0432,162,57,4040032,0.0259,BUD07,nominal
2024-06-21T09:02:00Z,0.0114,156,55,3956119,0.0068,STO09,nominal
2024-06-21T09:03:00Z,0.0128,182,64,2138781,0.0077,WAW06,nominal
2024-06-21T09:04:00Z,0.0334,169,59,2655255,0.02,OSL10,nominal
2024-06-21T09:05:00Z,0.0161,178,62,2428633,0.0097,TLL12,nominal
2024-06-21T09:06:00Z,0.0304,156,55,936672,0.0182,TLL12,nominal
2024-06-21T09:07:00Z,0.0251,186,65,1862072,0.0151,TLL12,nominal
2024-06-21T09:08:00Z,0.0358,175,61,1185712,0.0215,AMS01,nominal
2024-06-21T09:09:00Z,0.0165,176,62,3509770,0.0099,OSL10,nominal
2024-06-21T09:10:00Z,0.0205,195,68,3070271,0.0123,LHR02,nominal
2024-06-21T09:11:00Z,0.0107,192,67,1199877,0.0064,AMS01,nominal
2024-06-21T09:12:00Z,0.0118,157,55,3080919,0.0071,LHR02,nominal
2024-06-21T09:13:00Z,0.019,179,63,2023329,0.0114,CDG03,nominal
2024-06-21T09:14:00Z,0.0302,193,68,3034806,0.0181,AMS01,nominal
2024-06-21T09:15:00Z,0.0299,160,56,2084661,0.0179,WAW06,nominal
2024-06-21T09:16:00Z,0.0328,192,67,2770637,0.0197,STO09,nominal
2024-06-21T09:17:00Z,0.0416,163,57,1675692,0.025,MAD05,nominal
2024-06-21T09:18:00Z,0.0464,164,57,860628,0.0278,LHR02,nominal
2024-06-21T09:19:00Z,0.0329,169,59,1020778,0.0197,CDG03,nominal
2024-06-21T09:20:00Z,0.0384,183,64,1774336,0.023,MAD05,nominal
2024-06-21T09:21:00Z,0.0455,183,64,801398,0.0273,WAW06,nominal
2024-06-21T09:22:00Z,0.0106,169,59,2494694,0.0064,STO09,nominal
2024-06-21T09:23:00Z,0.0236,166,58,1766669,0.0142,HEL11,nominal
2024-06-21T09:24:00Z,0.0316,165,58,960786,0.019,WAW06,nominal
2024-06-21T09:25:00Z,0.0185,176,62,2862316,0.0111,AMS01,nominal
2024-06-21T09:26:00Z,0.0173,181,63,3000732,0.0104,FRA04,nominal
2024-06-21T09:27:00Z,0.0229,156,55,3538875,0.0137,ATH08,nominal
2024-06-21T09:28:00Z,0.0422,159,56,1071259,0.0253,AMS01,nominal
2024-06-21T09:29:00Z,0.0126,193,68,3458990,0.0076,HEL11,nominal
2024-06-21T09:30:00Z,0.044,172,60,946501,0.0264,MAD05,nominal
2024-06-21T09:31:00Z,0.0108,185,65,4086778,0.0065,HEL11,nominal
2024-06-21T09:32:00Z,0.0184,184,64,1432277,0.011,CDG03,nominal
2024-06-21T09:33:00Z,0.0184,187,65,802794,0.011,MAD05,nominal
2024-06-21T09:34:00Z,0.0368,156,55,2691569,0.0221,BUD07,nominal
2024-06-21T09:35:00Z,0.0336,156,55,1985642,0.0202,ATH08,nominal
2024-06-21T09:36:00Z,0.0161,184,64,2419495,0.0097,HEL11,nominal
2024-06-21T09:37:00Z,0.037,189,66,1271759,0.0222,ATH08,nominal
2024-06-21T09:38:00Z,0.0147,164,57,3841483,0.0088,ATH08,nominal
2024-06-21T09:39:00Z,0.0176,160,56,3762977,0.0106,STO09,nominal
2024-06-21T09:40:00Z,0.0231,187,65,2788629,0.0139,BUD07,nominal
2024-06-21T09:41:00Z,0.0398,171,60,2213723,0.0239,CDG03,nominal
2024-06-21T09:42:00Z,0.025,191,67,3138641,0.015,HEL11,nominal
2024-06-21T09:43:00Z,0.02,179,63,2726323,0.012,FRA04,nominal
2024-06-21T09:44:00Z,0.0409,156,55,1482873,0.0245,TLL12,nominal
2024-06-21T09:45:00Z,0.028,183,64,3666281,0.0168,HEL11,nominal
2024-06-21T09:46:00Z,0.0402,172,60,868574,0.0241,ATH08,nominal
2024-06-21T09:47:00Z,0.0319,175,61,891063,0.0191,ATH08,nominal
2024-06-21T09:48:00Z,0.0444,157,55,2631802,0.0266,LHR02,nominal
2024-06-21T09:49:00Z,0.0155,181,63,940245,0.0093,WAW06,nominal
2024-06-21T09:50:00Z,0.0128,183,64,861661,0.0077,CDG03,nominal
2024-06-21T09:51:00Z,0.0154,194,68,1266578,0.0092,TLL12,nominal
2024-06-21T09:52:00Z,0.0208,191,67,4343221,0.0125,OSL10,nominal
2024-06-21T09:53:00Z,0.0202,193,68,1503345,0.0121,FRA04,nominal
2024-06-21T09:54:00Z,0.0203,161,56,3692663,0.0122,FRA04,nominal
2024-06-21T09:55:00Z,0.031,184,64,4189442,0.0186,HEL11,nominal
2024-06-21T09:56:00Z,0.0347,159,56,2552900,0.0208,HEL11,nominal
2024-06-21T09:57:00Z,0.0277,163,57,1251447,0.0166,WAW06,nominal
2024-06-21T09:58:00Z,0.0105,164,57,2031675,0.0063,AMS01,nominal
2024-06-21T09:59:00Z,0.0347,195,68,2260319,0.0208,CDG03,nominal
2024-06-21T10:00:00Z,0.0498,162,57,2769760,0.0299,BUD07,nominal
2024-06-21T10:01:00Z,0.049,161,56,2896483,0.0294,OSL10,nominal
2024-06-21T10:02:00Z,0.0307,159,56,3458919,0.0184,CDG03,nominal
2024-06-21T10:03:00Z,0.0263,165,58,1699669,0.0158,LHR02,nominal
2024-06-21T10:04:00Z,0.0106,182,64,1952405,0.0064,OSL10,nominal
2024-06-21T10:05:00Z,0.0443,185,65,3848678,0.0266,OSL10,nominal
2024-06-21T10:06:00Z,0.0215,178,62,2804551,0.0129,AMS01,nominal
2024-06-21T10:07:00Z,0.0119,172,60,3922018,0.0071,FRA04,nominal
2024-06-21T10:08:00Z,0.0279,182,64,3802478,0.0167,ATH08,nominal
2024-06-21T10:09:00Z,0.0215,177,62,3841002,0.0129,AMS01,nominal
2024-06-21T10:10:00Z,0.0351,177,62,2286543,0.0211,HEL11,nominal
2024-06-21T10:11:00Z,0.0201,167,58,3103165,0.0121,LHR02,nominal
2024-06-21T10:12:00Z,0.0294,192,67,4179905,0.0176,WAW06,nominal
2024-06-21T10:13:00Z,0.0213,172,60,994916,0.0128,STO09,nominal
2024-06-21T10:14:00Z,0.0224,158,55,4312147,0.0134,AMS01,nominal
2024-06-21T10:15:00Z,0.0202,180,63,1851250,0.0121,STO09,nominal
2024-06-21T10:16:00Z,0.0108,180,63,1825131,0.0065,OSL10,nominal
2024-06-21T10:17:00Z,0.0125,162,57,1128433,0.0075,STO09,nominal
2024-06-21T10:18:00Z,0.0413,155,54,1389019,0.0248,ATH08,nominal
2024-06-21T10:19:00Z,0.0167,176,62,1223000,0.01,AMS01,nominal
2024-06-21T10:20:00Z,0.0331,177,62,1146938,0.0199,OSL10,nominal
2024-06-21T10:21:00Z,0.0172,186,65,3229206,0.0103,WAW06,nominal
2024-06-21T10:22:00Z,0.0165,156,55,3417093,0.0099,MAD05,nominal
2024-06-21T10:23:00Z,0.0266,177,62,2160793,0.016,STO09,nominal
2024-06-21T10:24:00Z,0.0237,194,68,3550655,0.0142,WAW06,nominal
2024-06-21T10:25:00Z,0.0259,189,66,2947574,0.0155,FRA04,nominal
2024-06-21T10:26:00Z,0.0137,171,60,2448867,0.0082,OSL10,nominal
2024-06-21T10:27:00Z,0.0211,182,64,3424542,0.0127,STO09,nominal
2024-06-21T10:28:00Z,0.0211,181,63,4056946,0.0127,FRA04,nominal
2024-06-21T10:29:00Z,0.0107,188,66,1763213,0.0064,OSL10,nominal
2024-06-21T10:30:00Z,0.046,159,56,1737330,0.0276,AMS01,nominal
2024-06-21T10:31:00Z,0.0292,182,64,4484173,0.0175,LHR02,nominal
2024-06-21T10:32:00Z,0.0298,168,59,3879275,0.0179,OSL10,nominal
2024-06-21T10:33:00Z,0.0433,175,61,1230843,0.026,HEL11,nominal
2024-06-21T10:34:00Z,0.0298,181,63,1493538,0.0179,WAW06,nominal
2024-06-21T10:35:00Z,0.0242,183,64,2112689,0.0145,FRA04,nominal
2024-06-21T10:36:00Z,0.047,184,64,4477425,0.0282,BUD07,nominal
2024-06-21T10:37:00Z,0.0273,177,62,1592108,0.0164,OSL10,nominal
2024-06-21T10:38:00Z,0.0211,177,62,1358508,0.0127,CDG03,nominal
2024-06-21T10:39:00Z,0.0419,181,63,4185344,0.0251,BUD07,nominal
2024-06-21T10:40:00Z,0.0347,190,66,3145882,0.0208,OSL10,nominal
2024-06-21T10:41:00Z,0.0112,174,61,4369748,0.0067,LHR02,nominal
2024-06-21T10:42:00Z,0.0145,165,58,2278709,0.0087,CDG03,nominal
2024-06-21T10:43:00Z,0.0419,169,59,1949869,0.0251,HEL11,nominal
2024-06-21T10:44:00Z,0.0102,192,67,3075591,0.0061,FRA04,nominal
2024-06-21T10:45:00Z,0.0217,176,62,2067963,0.013,LHR02,nominal
2024-06-21T10:46:00Z,0.0252,191,67,847024,0.0151,HEL11,nominal
2024-06-21T10:47:00Z,0.0442,158,55,1455955,0.0265,HEL11,nominal
2024-06-21T10:48:00Z,0.014,176,62,2656646,0.0084,FRA04,nominal
2024-06-21T10:49:00Z,0.0273,181,63,1704147,0.0164,TLL12,nominal
2024-06-21T10:50:00Z,0.0409,158,55,1594929,0.0245,AMS01,nominal
2024-06-21T10:51:00Z,0.0433,156,55,2135149,0.026,AMS01,nominal
2024-06-21T10:52:00Z,0.0363,166,58,3108538,0.0218,FRA04,nominal
2024-06-21T10:53:00Z,0.0392,172,60,3425472,0.0235,BUD07,nominal
2024-06-21T10:54:00Z,0.0242,184,64,1473156,0.0145,AMS01,nominal
2024-06-21T10:55:00Z,0.0495,175,61,3994764,0.0297,WAW06,nominal
2024-06-21T10:56:00Z,0.0223,159,56,2001087,0.0134,LHR02,nominal
2024-06-21T10:57:00Z,0.041,174,61,3232989,0.0246,MAD05,nominal
2024-06-21T10:58:00Z,0.017,161,56,2579317,0.0102,FRA04,nominal
2024-06-21T10:59:00Z,0.0289,195,68,2959050,0.0173,MAD05,nominal
2024-06-21T11:00:00Z,0.026,183,64,2889192,0.0156,ATH08,nominal
2024-06-21T11:01:00Z,0.0121,169,59,1248670,0.0073,ATH08,nominal
2024-06-21T11:02:00Z,0.0287,173,61,2209108,0.0172,STO09,nominal
2024-06-21T11:03:00Z,0.0452,156,55,2835782,0.0271,TLL12,nominal
2024-06-21T11:04:00Z,0.0283,188,66,2129690,0.017,AMS01,nominal
2024-06-21T11:05:00Z,0.0432,159,56,1029275,0.0259,CDG03,nominal
2024-06-21T11:06:00Z,0.0115,163,57,3951981,0.0069,CDG03,nominal
2024-06-21T11:07:00Z,0.0319,171,60,2639283,0.0191,STO09,nominal
2024-06-21T11:08:00Z,0.0147,162,57,2472707,0.0088,TLL12,nominal
2024-06-21T11:09:00Z,0.0421,161,56,2647168,0.0253,CDG03,nominal
2024-06-21T11:10:00Z,0.045,189,66,2895460,0.027,STO09,nominal
2024-06-21T11:11:00Z,0.0185,163,57,1540757,0.0111,HEL11,nominal
2024-06-21T11:12:00Z,0.0185,180,63,4339333,0.0111,OSL10,nominal
2024-06-21T11:13:00Z,0.0272,165,58,1674571,0.0163,OSL10,nominal
2024-06-21T11:14:00Z,0.0149,181,63,3659219,0.0089,CDG03,nominal
2024-06-21T11:15:00Z,0.022,162,57,4169528,0.0132,HEL11,nominal
2024-06-21T11:16:00Z,0.0364,163,57,1746969,0.0218,TLL12,nominal
2024-06-21T11:17:00Z,0.026,192,67,2891609,0.0156,MAD05,nominal
2024-06-21T11:18:00Z,0.0147,174,61,3490238,0.0088,ATH08,nominal
2024-06-21T11:19:00Z,0.0106,157,55,3008386,0.0064,BUD07,nominal
2024-06-21T11:20:00Z,0.0185,177,62,2090126,0.0111,WAW06,nominal
2024-06-21T11:21:00Z,0.0197,192,67,2094643,0.0118,MAD05,nominal
2024-06-21T11:22:00Z,0.0292,160,56,2797553,0.0175,AMS01,nominal
2024-06-21T11:23:00Z,0.0326,190,66,1922692,0.0196,AMS01,nominal
2024-06-21T11:24:00Z,0.0157,183,64,3350275,0.0094,MAD05,nominal
2024-06-21T11:25:00Z,0.0181,192,67,1998107,0.0109,MAD05,nominal
2024-06-21T11:26:00Z,0.0416,178,62,3915141,0.025,FRA04,nominal
2024-06-21T11:27:00Z,0.0293,188,66,1098391,0.0176,WAW06,nominal
2024-06-21T11:28:00Z,0.0117,192,67,3596668,0.007,AMS01,nominal
2024-06-21T11:29:00Z,0.0449,177,62,3103413,0.0269,MAD05,nominal
2024-06-21T11:30:00Z,0.0142,159,56,1311567,0.0085,LHR02,nominal
2024-06-21T11:31:00Z,0.0138,189,66,916084,0.0083,ATH08,nominal
2024-06-21T11:32:00Z,0.0283,182,64,3408757,0.017,CDG03,nominal
2024-06-21T11:33:00Z,0.0387,167,58,4015343,0.0232,STO09,nominal
2024-06-21T11:34:00Z,0.0366,194,68,3870148,0.022,WAW06,nominal
2024-06-21T11:35:00Z,0.0383,166,58,2579620,0.023,OSL10,nominal
2024-06-21T11:36:00Z,0.042,186,65,4083754,0.0252,OSL10,nominal
2024-06-21T11:37:00Z,0.0136,160,56,3726860,0.0082,OSL10,nominal
2024-06-21T11:38:00Z,0.0244,169,59,3597657,0.0146,OSL10,nominal
2024-06-21T11:39:00Z,0.0418,190,66,4027524,0.0251,CDG03,nominal
2024-06-21T11:40:00Z,0.0236,194,68,4481777,0.0142,MAD05,nominal
2024-06-21T11:41:00Z,0.0485,192,67,3934209,0.0291,OSL10,nominal
2024-06-21T11:42:00Z,0.0284,164,57,2609272,0.017,WAW06,nominal
2024-06-21T11:43:00Z,0.0183,163,57,2984271,0.011,MAD05,nominal
2024-06-21T11:44:00Z,0.0413,176,62,2804221,0.0248,WAW06,nominal
2024-06-21T11:45:00Z,0.0481,159,56,1176540,0.0289,ATH08,nominal
2024-06-21T11:46:00Z,0.0198,182,64,2449298,0.0119,STO09,nominal
2024-06-21T11:47:00Z,0.0382,178,62,802212,0.0229,AMS01,nominal
2024-06-21T11:48:00Z,0.0207,188,66,3515153,0.0124,BUD07,nominal
2024-06-21T11:49:00Z,0.0204,176,62,2975844,0.0122,HEL11,nominal
2024-06-21T11:50:00Z,0.0278,191,67,3846800,0.0167,ATH08,nominal
2024-06-21T11:51:00Z,0.0426,158,55,1555209,0.0256,OSL10,nominal
2024-06-21T11:52:00Z,0.0169,173,61,3363638,0.0101,STO09,nominal
2024-06-21T11:53:00Z,0.036,155,54,1793712,0.0216,OSL10,nominal
2024-06-21T11:54:00Z,0.046,166,58,3056711,0.0276,BUD07,nominal
2024-06-21T11:55:00Z,0.0171,172,60,1152979,0.0103,OSL10,nominal
2024-06-21T11:56:00Z,0.0222,181,63,2371395,0.0133,BUD07,nominal
2024-06-21T11:57:00Z,0.0358,166,58,1784640,0.0215,AMS01,nominal
2024-06-21T11:58:00Z,0.0208,195,68,3595212,0.0125,STO09,nominal
2024-06-21T11:59:00Z,0.0464,186,65,2880702,0.0278,LHR02,nominal
2024-06-21T12:00:00Z,0.0416,173,61,3546907,0.025,STO09,nominal
2024-06-21T12:01:00Z,0.0189,195,68,1721231,0.0113,FRA04,nominal
2024-06-21T12:02:00Z,0.0378,172,60,3735007,0.0227,HEL11,nominal
2024-06-21T12:03:00Z,0.0445,190,66,1119461,0.0267,FRA04,nominal
2024-06-21T12:04:00Z,0.0466,180,63,4219969,0.028,FRA04,nominal
2024-06-21T12:05:00Z,0.0426,187,65,1459294,0.0256,STO09,nominal
2024-06-21T12:06:00Z,0.0458,188,66,1800080,0.0275,OSL10,nominal
2024-06-21T12:07:00Z,0.038,183,64,2435321,0.0228,AMS01,nominal
2024-06-21T12:08:00Z,0.0122,165,58,865241,0.0073,WAW06,nominal
2024-06-21T12:09:00Z,0.0326,194,68,3321124,0.0196,CDG03,nominal
2024-06-21T12:10:00Z,0.0243,160,56,2096203,0.0146,MAD05,nominal
2024-06-21T12:11:00Z,0.0166,185,65,815148,0.01,TLL12,nominal
2024-06-21T12:12:00Z,0.0482,177,62,3970422,0.0289,AMS01,nominal
2024-06-21T12:13:00Z,0.0148,179,63,4488399,0.0089,CDG03,nominal
2024-06-21T12:14:00Z,0.0433,173,61,2923518,0.026,BUD07,nominal
2024-06-21T12:15:00Z,0.0394,163,57,2280210,0.0236,STO09,nominal
2024-06-21T12:16:00Z,0.0203,164,57,881180,0.0122,ATH08,nominal
2024-06-21T12:17:00Z,0.0395,190,66,1465353,0.0237,TLL12,nominal
2024-06-21T12:18:00Z,0.0222,190,66,3217593,0.0133,MAD05,nominal
2024-06-21T12:19:00Z,0.0313,156,55,2600268,0.0188,WAW06,nominal
2024-06-21T12:20:00Z,0.0128,181,63,4184343,0.0077,ATH08,nominal
2024-06-21T12:21:00Z,0.0438,160,56,4402055,0.0263,ATH08,nominal
2024-06-21T12:22:00Z,0.0143,192,67,2862527,0.0086,WAW06,nominal
2024-06-21T12:23:00Z,0.0116,185,65,2747161,0.007,HEL11,nominal
2024-06-21T12:24:00Z,0.0433,185,65,2948911,0.026,HEL11,nominal
2024-06-21T12:25:00Z,0.0366,179,63,2467688,0.022,TLL12,nominal
2024-06-21T12:26:00Z,0.0319,169,59,3475288,0.0191,MAD05,nominal
2024-06-21T12:27:00Z,0.0185,157,55,3420117,0.0111,TLL12,nominal
2024-06-21T12:28:00Z,0.0261,186,65,3150515,0.0157,MAD05,nominal
2024-06-21T12:29:00Z,0.0446,181,63,2842524,0.0268,CDG03,nominal
2024-06-21T12:30:00Z,0.0401,189,66,2197093,0.0241,MAD05,nominal
2024-06-21T12:31:00Z,0.0301,182,64,2302128,0.0181,BUD07,nominal
2024-06-21T12:32:00Z,0.023,169,59,858765,0.0138,OSL10,nominal
2024-06-21T12:33:00Z,0.0469,179,63,1651820,0.0281,TLL12,nominal
2024-06-21T12:34:00Z,0.0113,174,61,2073063,0.0068,BUD07,nominal
2024-06-21T12:35:00Z,0.0192,163,57,869213,0.0115,AMS01,nominal
2024-06-21T12:36:00Z,0.0488,190,66,3868973,0.0293,TLL12,nominal
2024-06-21T12:37:00Z,0.0187,172,60,2966681,0.0112,OSL10,nominal
2024-06-21T12:38:00Z,0.0335,166,58,1849712,0.0201,FRA04,nominal
2024-06-21T12:39:00Z,0.0103,194,68,3923000,0.0062,MAD05,nominal
2024-06-21T12:40:00Z,0.0207,195,68,4357792,0.0124,BUD07,nominal
2024-06-21T12:41:00Z,0.0416,170,59,3886498,0.025,BUD07,nominal
2024-06-21T12:42:00Z,0.0489,169,59,2371565,0.0293,FRA04,nominal
2024-06-21T12:43:00Z,0.0442,165,58,2375973,0.0265,AMS01,nominal
2024-06-21T12:44:00Z,0.0467,182,64,2807711,0.028,ATH08,nominal
2024-06-21T12:45:00Z,0.0231,184,64,1377069,0.0139,HEL11,nominal
2024-06-21T12:46:00Z,0.0213,190,66,2166076,0.0128,TLL12,nominal
2024-06-21T12:47:00Z,0.0352,167,58,2665070,0.0211,OSL10,nominal
2024-06-21T12:48:00Z,0.0147,155,54,2940679,0.0088,AMS01,nominal
2024-06-21T12:49:00Z,0.0242,173,61,1547940,0.0145,OSL10,nominal
2024-06-21T12:50:00Z,0.0446,184,64,2343322,0.0268,AMS01,nominal
2024-06-21T12:51:00Z,0.0466,189,66,2134247,0.028,BUD07,nominal
2024-06-21T12:52:00Z,0.0221,157,55,1666871,0.0133,LHR02,nominal
2024-06-21T12:53:00Z,0.0409,179,63,1054209,0.0245,FRA04,nominal
2024-06-21T12:54:00Z,0.0294,168,59,4198027,0.0176,AMS01,nominal
2024-06-21T12:55:00Z,0.0205,190,66,1958514,0.0123,STO09,nominal
2024-06-21T12:56:00Z,0.0344,189,66,974200,0.0206,TLL12,nominal
2024-06-21T12:57:00Z,0.026,195,68,1719176,0.0156,LHR02,nominal
2024-06-21T12:58:00Z,0.0486,172,60,4140814,0.0292,LHR02,nominal
2024-06-21T12:59:00Z,0.042,190,66,4145971,0.0252,BUD07,nominal
2024-06-21T13:00:00Z,0.0291,181,63,2431016,0.0175,CDG03,nominal
2024-06-21T13:01:00Z,0.0415,161,56,4480409,0.0249,TLL12,nominal
2024-06-21T13:02:00Z,0.0258,178,62,1479860,0.0155,WAW06,nominal
2024-06-21T13:03:00Z,0.0296,190,66,2025807,0.0178,ATH08,nominal
2024-06-21T13:04:00Z,0.0422,157,55,2677356,0.0253,AMS01,nominal
2024-06-21T13:05:00Z,0.0445,157,55,3330597,0.0267,BUD07,nominal
2024-06-21T13:06:00Z,0.037,187,65,1190894,0.0222,MAD05,nominal
2024-06-21T13:07:00Z,0.0204,195,68,3246191,0.0122,LHR02,nominal
2024-06-21T13:08:00Z,0.0125,158,55,3408477,0.0075,CDG03,nominal
2024-06-21T13:09:00Z,0.0279,179,63,1245951,0.0167,ATH08,nominal
2024-06-21T13:10:00Z,0.0135,181,63,948335,0.0081,MAD05,nominal
2024-06-21T13:11:00Z,0.0112,188,66,3257329,0.0067,BUD07,nominal
2024-06-21T13:12:00Z,0.0475,160,56,2600004,0.0285,MAD05,nominal
2024-06-21T13:13:00Z,0.0195,156,55,1608964,0.0117,TLL12,nominal
2024-06-21T13:14:00Z,0.0441,194,68,3720140,0.0265,MAD05,nominal
2024-06-21T13:15:00Z,0.0265,195,68,2596618,0.0159,OSL10,nominal
2024-06-21T13:16:00Z,0.0254,179,63,2364738,0.0152,WAW06,nominal
2024-06-21T13:17:00Z,0.0495,169,59,2651298,0.0297,AMS01,nominal
2024-06-21T13:18:00Z,0.0429,194,68,1072477,0.0257,FRA04,nominal
2024-06-21T13:19:00Z,0.0114,164,57,3340556,0.0068,MAD05,nominal
2024-06-21T13:20:00Z,0.0387,170,59,2242459,0.0232,HEL11,nominal
2024-06-21T13:21:00Z,0.0126,188,66,3621319,0.0076,AMS01,nominal
2024-06-21T13:22:00Z,0.0494,180,63,3928732,0.0296,TLL12,nominal
2024-06-21T13:23:00Z,0.0299,177,62,3273707,0.0179,STO09,nominal
2024-06-21T13:24:00Z,0.0477,165,58,2123988,0.0286,STO09,nominal
2024-06-21T13:25:00Z,0.0181,169,59,1948779,0.0109,MAD05,nominal
2024-06-21T13:26:00Z,0.0243,166,58,1212773,0.0146,WAW06,nominal
2024-06-21T13:27:00Z,0.0334,193,68,3309426,0.02,BUD07,nominal
2024-06-21T13:28:00Z,0.0446,190,66,4379751,0.0268,OSL10,nominal
2024-06-21T13:29:00Z,0.0481,168,59,3729809,0.0289,AMS01,nominal
2024-06-21T13:30:00Z,0.0373,183,64,833156,0.0224,WAW06,nominal
2024-06-21T13:31:00Z,0.0334,190,66,2193373,0.02,CDG03,nominal
2024-06-21T13:32:00Z,0.0353,158,55,2969647,0.0212,STO09,nominal
2024-06-21T13:33:00Z,0.0165,164,57,1101073,0.0099,OSL10,nominal
2024-06-21T13:34:00Z,0.0231,181,63,3528397,0.0139,ATH08,nominal
2024-06-21T13:35:00Z,0.041,162,57,1502546,0.0246,ATH08,nominal
2024-06-21T13:36:00Z,0.0472,172,60,4045892,0.0283,ATH08,nominal
2024-06-21T13:37:00Z,0.0391,182,64,1169740,0.0235,AMS01,nominal
2024-06-21T13:38:00Z,0.0498,175,61,4181474,0.0299,BUD07,nominal
2024-06-21T13:39:00Z,0.0367,194,68,1560142,0.022,HEL11,nominal
2024-06-21T13:40:00Z,0.0264,177,62,1654178,0.0158,CDG03,nominal
2024-06-21T13:41:00Z,0.0332,162,57,2920527,0.0199,HEL11,nominal
2024-06-21T13:42:00Z,0.035,182,64,2593830,0.021,LHR02,nominal
2024-06-21T13:43:00Z,0.0308,181,63,2581894,0.0185,MAD05,nominal
2024-06-21T13:44:00Z,0.0317,157,55,3465451,0.019,MAD05,nominal
2024-06-21T13:45:00Z,0.03,176,62,1656521,0.018,LHR02,nominal
2024-06-21T13:46:00Z,0.0185,157,55,4239819,0.0111,STO09,nominal
2024-06-21T13:47:00Z,0.0447,184,64,1550917,0.0268,LHR02,nominal
2024-06-21T13:48:00Z,0.0228,195,68,4438987,0.0137,STO09,nominal
2024-06-21T13:49:00Z,0.0325,194,68,2457338,0.0195,BUD07,nominal
2024-06-21T13:50:00Z,0.0164,184,64,1381559,0.0098,WAW06,nominal
2024-06-21T13:51:00Z,0.0418,172,60,3660507,0.0251,TLL12,nominal
2024-06-21T13:52:00Z,0.038,186,65,3762138,0.0228,CDG03,nominal
2024-06-21T13:53:00Z,0.0109,160,56,3064619,0.0065,AMS01,nominal
2024-06-21T13:54:00Z,0.0327,159,56,1936829,0.0196,CDG03,nominal
2024-06-21T13:55:00Z,0.0236,171,60,841654,0.0142,STO09,nominal
2024-06-21T13:56:00Z,0.0101,160,56,3165096,0.0061,CDG03,nominal
2024-06-21T13:57:00Z,0.0348,156,55,818661,0.0209,BUD07,nominal
2024-06-21T13:58:00Z,0.0458,194,68,3115876,0.0275,OSL10,nominal
2024-06-21T13:59:00Z,0.0173,186,65,1024034,0.0104,OSL10,nominal
2024-06-21T14:00:00Z,0.0273,175,61,3026860,0.0164,LHR02,nominal
2024-06-21T14:01:00Z,0.0156,183,64,4392877,0.0094,ATH08,nominal
2024-06-21T14:02:00Z,0.024,158,55,933972,0.0144,ATH08,nominal
2024-06-21T14:03:00Z,0.0237,162,57,2462004,0.0142,WAW06,nominal
2024-06-21T14:04:00Z,0.0445,165,58,4091977,0.0267,CDG03,nominal
2024-06-21T14:05:00Z,0.0208,188,66,2664663,0.0125,AMS01,nominal
2024-06-21T14:06:00Z,0.0237,182,64,3356165,0.0142,CDG03,nominal
2024-06-21T14:07:00Z,0.0441,164,57,2517359,0.0265,AMS01,nominal
2024-06-21T14:08:00Z,0.026,190,66,2570210,0.0156,CDG03,nominal
2024-06-21T14:09:00Z,0.0326,189,66,3161752,0.0196,WAW06,nominal
2024-06-21T14:10:00Z,0.0326,181,63,1795298,0.0196,AMS01,nominal
2024-06-21T14:11:00Z,0.0138,185,65,3252995,0.0083,MAD05,nominal
2024-06-21T14:12:00Z,0.032,175,61,1995650,0.0192,ATH08,nominal
2024-06-21T14:13:00Z,0.0354,175,61,1887075,0.0212,ATH08,nominal
2024-06-21T14:14:00Z,0.0266,157,55,814213,0.016,FRA04,nominal
2024-06-21T14:15:00Z,0.0419,165,58,3871827,0.0251,WAW06,nominal
2024-06-21T14:16:00Z,0.0489,181,63,1749498,0.0293,OSL10,nominal
2024-06-21T14:17:00Z,0.0271,156,55,2951054,0.0163,BUD07,nominal
2024-06-21T14:18:00Z,0.0125,189,66,2944307,0.0075,FRA04,nominal
2024-06-21T14:19:00Z,0.0219,177,62,1712477,0.0131,OSL10,nominal
2024-06-21T14:20:00Z,0.0353,191,67,3054468,0.0212,CDG03,nominal
2024-06-21T14:21:00Z,0.0432,179,63,1403668,0.0259,MAD05,nominal
2024-06-21T14:22:00Z,0.0424,191,67,1871044,0.0254,ATH08,nominal
2024-06-21T14:23:00Z,0.0278,170,59,3376768,0.0167,TLL12,nominal
2024-06-21T14:24:00Z,0.0271,157,55,3454265,0.0163,CDG03,nominal
2024-06-21T14:25:00Z,0.0458,170,59,1208546,0.0275,OSL10,nominal
2024-06-21T14:26:00Z,0.0168,157,55,3205336,0.0101,MAD05,nominal
2024-06-21T14:27:00Z,0.0487,165,58,1847338,0.0292,STO09,nominal
2024-06-21T14:28:00Z,0.0285,178,62,2444037,0.0171,OSL10,nominal
2024-06-21T14:29:00Z,0.0207,169,59,1121453,0.0124,WAW06,nominal
2024-06-21T14:30:00Z,0.0131,159,56,2301162,0.0079,OSL10,nominal
2024-06-21T14:31:00Z,0.0208,187,65,4107577,0.0125,WAW06,nominal
2024-06-21T14:32:00Z,0.0198,161,56,1688554,0.0119,HEL11,nominal
2024-06-21T14:33:00Z,0.0163,181,63,1176790,0.0098,STO09,nominal
2024-06-21T14:34:00Z,0.0459,190,66,4259368,0.0275,WAW06,nominal
2024-06-21T14:35:00Z,0.0392,165,58,2547184,0.0235,TLL12,nominal
2024-06-21T14:36:00Z,0.0392,175,61,3950615,0.0235,FRA04,nominal
2024-06-21T14:37:00Z,0.0446,192,67,3083554,0.0268,BUD07,nominal
2024-06-21T14:38:00Z,0.0296,167,58,3228347,0.0178,MAD05,nominal
2024-06-21T14:39:00Z,0.0375,161,56,2508995,0.0225,MAD05,nominal
2024-06-21T14:40:00Z,0.019,176,62,4338650,0.0114,BUD07,nominal
2024-06-21T14:41:00Z,0.0301,162,57,2612192,0.0181,TLL12,nominal
2024-06-21T14:42:00Z,0.0442,169,59,2257639,0.0265,CDG03,nominal
2024-06-21T14:43:00Z,0.0136,178,62,3352331,0.0082,OSL10,nominal
2024-06-21T14:44:00Z,0.0221,183,64,3483220,0.0133,BUD07,nominal
2024-06-21T14:45:00Z,0.0471,158,55,1810852,0.0283,BUD07,nominal
2024-06-21T14:46:00Z,0.018,176,62,3995418,0.0108,MAD05,nominal
2024-06-21T14:47:00Z,0.0274,156,55,2995505,0.0164,HEL11,nominal
2024-06-21T14:48:00Z,0.0158,159,56,3528208,0.0095,WAW06,nominal
2024-06-21T14:49:00Z,0.0137,161,56,4094870,0.0082,FRA04,nominal
2024-06-21T14:50:00Z,0.0416,191,67,1724283,0.025,HEL11,nominal
2024-06-21T14:51:00Z,0.044,180,63,2230122,0.0264,LHR02,nominal
2024-06-21T14:52:00Z,0.0358,187,65,2747314,0.0215,CDG03,nominal
2024-06-21T14:53:00Z,0.0172,155,54,3042049,0.0103,MAD05,nominal
2024-06-21T14:54:00Z,0.0489,172,60,842978,0.0293,OSL10,nominal
2024-06-21T14:55:00Z,0.0313,178,62,1233845,0.0188,WAW06,nominal
2024-06-21T14:56:00Z,0.0397,173,61,3796290,0.0238,CDG03,nominal
2024-06-21T14:57:00Z,0.0372,181,63,3179376,0.0223,FRA04,nominal
2024-06-21T14:58:00Z,0.0215,182,64,3077224,0.0129,CDG03,nominal
2024-06-21T14:59:00Z,0.039,166,58,2171506,0.0234,WAW06,nominal
2024-06-21T15:00:00Z,0.0273,162,57,2024089,0.0164,MAD05,nominal
2024-06-21T15:01:00Z,0.0174,193,68,1095405,0.0104,LHR02,nominal
2024-06-21T15:02:00Z,0.0198,166,58,2258967,0.0119,MAD05,nominal
2024-06-21T15:03:00Z,0.0494,195,68,1546528,0.0296,OSL10,nominal
2024-06-21T15:04:00Z,0.0446,182,64,2896410,0.0268,CDG03,nominal
2024-06-21T15:05:00Z,0.017,170,59,3422236,0.0102,BUD07,nominal
2024-06-21T15:06:00Z,0.0479,162,57,1619894,0.0287,MAD05,nominal
2024-06-21T15:07:00Z,0.0198,156,55,3281055,0.0119,MAD05,nominal
2024-06-21T15:08:00Z,0.016,177,62,1364206,0.0096,MAD05,nominal
2024-06-21T15:09:00Z,0.0489,175,61,2835355,0.0293,BUD07,nominal
2024-06-21T15:10:00Z,0.0128,195,68,982438,0.0077,MAD05,nominal
2024-06-21T15:11:00Z,0.0193,176,62,2301446,0.0116,HEL11,nominal
2024-06-21T15:12:00Z,0.0176,161,56,3231632,0.0106,LHR02,nominal
2024-06-21T15:13:00Z,0.034,174,61,2797172,0.0204,LHR02,nominal
2024-06-21T15:14:00Z,0.0162,162,57,1988327,0.0097,TLL12,nominal
2024-06-21T15:15:00Z,0.0185,166,58,2580901,0.0111,AMS01,nominal
2024-06-21T15:16:00Z,0.0128,179,63,830529,0.0077,BUD07,nominal
2024-06-21T15:17:00Z,0.0215,181,63,2643759,0.0129,OSL10,nominal
2024-06-21T15:18:00Z,0.0381,164,57,3010862,0.0229,ATH08,nominal
2024-06-21T15:19:00Z,0.0247,164,57,1805602,0.0148,MAD05,nominal
2024-06-21T15:20:00Z,0.0417,176,62,1813482,0.025,AMS01,nominal
2024-06-21T15:21:00Z,0.0362,161,56,3064103,0.0217,LHR02,nominal
2024-06-21T15:22:00Z,0.0235,178,62,1978921,0.0141,BUD07,nominal
2024-06-21T15:23:00Z,0.0171,189,66,4334092,0.0103,HEL11,nominal
2024-06-21T15:24:00Z,0.0225,176,62,1512765,0.0135,ATH08,nominal
2024-06-21T15:25:00Z,0.0394,169,59,2452656,0.0236,FRA04,nominal
2024-06-21T15:26:00Z,0.0161,165,58,3785613,0.0097,ATH08,nominal
2024-06-21T15:27:00Z,0.0413,193,68,4449488,0.0248,AMS01,nominal
2024-06-21T15:28:00Z,0.0222,156,55,1192104,0.0133,BUD07,nominal
2024-06-21T15:29:00Z,0.0395,159,56,1634769,0.0237,FRA04,nominal
2024-06-21T15:30:00Z,0.0486,187,65,4022002,0.0292,WAW06,nominal
2024-06-21T15:31:00Z,0.0326,195,68,1420251,0.0196,FRA04,nominal
2024-06-21T15:32:00Z,0.0228,172,60,3511609,0.0137,MAD05,nominal
2024-06-21T15:33:00Z,0.0289,181,63,1969896,0.0173,BUD07,nominal
2024-06-21T15:34:00Z,0.0474,195,68,1732495,0.0284,WAW06,nominal
2024-06-21T15:35:00Z,0.0355,182,64,1152032,0.0213,WAW06,nominal
2024-06-21T15:36:00Z,0.0219,164,57,3686612,0.0131,ATH08,nominal
2024-06-21T15:37:00Z,0.0274,194,68,868295,0.0164,CDG03,nominal
2024-06-21T15:38:00Z,0.044,175,61,841928,0.0264,TLL12,nominal
2024-06-21T15:39:00Z,0.045,190,66,1307422,0.027,OSL10,nominal
2024-06-21T15:40:00Z,0.044,173,61,1112859,0.0264,STO09,nominal
2024-06-21T15:41:00Z,0.0271,178,62,1616526,0.0163,AMS01,nominal
2024-06-21T15:42:00Z,0.0456,193,68,2735418,0.0274,LHR02,nominal
2024-06-21T15:43:00Z,0.0437,191,67,2042904,0.0262,BUD07,nominal
2024-06-21T15:44:00Z,0.0301,172,60,1749340,0.0181,AMS01,nominal
2024-06-21T15:45:00Z,0.0226,166,58,2757374,0.0136,TLL12,nominal
2024-06-21T15:46:00Z,0.0281,182,64,3171437,0.0169,LHR02,nominal
2024-06-21T15:47:00Z,0.031,188,66,1026781,0.0186,BUD07,nominal
2024-06-21T15:48:00Z,0.0418,163,57,2000165,0.0251,LHR02,nominal
2024-06-21T15:49:00Z,0.0453,170,59,2301450,0.0272,ATH08,nominal
2024-06-21T15:50:00Z,0.0224,183,64,3759216,0.0134,HEL11,nominal
2024-06-21T15:51:00Z,0.0277,190,66,1466698,0.0166,OSL10,nominal
2024-06-21T15:52:00Z,0.0284,189,66,3916994,0.017,BUD07,nominal
2024-06-21T15:53:00Z,0.0243,181,63,1055436,0.0146,MAD05,nominal
2024-06-21T15:54:00Z,0.0229,165,58,2073964,0.0137,LHR02,nominal
2024-06-21T15:55:00Z,0.0227,188,66,1429090,0.0136,BUD07,nominal
2024-06-21T15:56:00Z,0.0175,169,59,2226374,0.0105,OSL10,nominal
2024-06-21T15:57:00Z,0.0306,170,59,2306199,0.0184,AMS01,nominal
2024-06-21T15:58:00Z,0.0182,170,59,3751391,0.0109,TLL12,nominal
2024-06-21T15:59:00Z,0.0155,174,61,4149636,0.0093,HEL11,nominal
2024-06-21T16:00:00Z,0.0323,166,58,809303,0.0194,AMS01,nominal
2024-06-21T16:01:00Z,0.0344,193,68,3306871,0.0206,MAD05,nominal
2024-06-21T16:02:00Z,0.0483,170,59,3849807,0.029,AMS01,nominal
2024-06-21T16:03:00Z,0.0356,178,62,2451410,0.0214,CDG03,nominal
2024-06-21T16:04:00Z,0.0277,181,63,4391641,0.0166,HEL11,nominal
2024-06-21T16:05:00Z,0.0498,162,57,978730,0.0299,WAW06,nominal
2024-06-21T16:06:00Z,0.0251,175,61,1678517,0.0151,MAD05,nominal
2024-06-21T16:07:00Z,0.0228,155,54,944329,0.0137,CDG03,nominal
2024-06-21T16:08:00Z,0.0221,160,56,1949277,0.0133,OSL10,nominal
2024-06-21T16:09:00Z,0.0486,171,60,3530340,0.0292,BUD07,nominal
2024-06-21T16:10:00Z,0.0491,176,62,3456331,0.0295,ATH08,nominal
2024-06-21T16:11:00Z,0.0445,184,64,1231930,0.0267,HEL11,nominal
2024-06-21T16:12:00Z,0.0127,169,59,1474780,0.0076,ATH08,nominal
2024-06-21T16:13:00Z,0.0408,164,57,4236303,0.0245,STO09,nominal
2024-06-21T16:14:00Z,0.032,165,58,2712567,0.0192,FRA04,nominal
2024-06-21T16:15:00Z,0.0145,160,56,972037,0.0087,BUD07,nominal
2024-06-21T16:16:00Z,0.0273,168,59,1669778,0.0164,MAD05,nominal
2024-06-21T16:17:00Z,0.0417,174,61,1197338,0.025,FRA04,nominal
2024-06-21T16:18:00Z,0.0497,189,66,1248107,0.0298,STO09,nominal
2024-06-21T16:19:00Z,0.0362,159,56,1593450,0.0217,CDG03,nominal
2024-06-21T16:20:00Z,0.0119,170,59,1566438,0.0071,HEL11,nominal
2024-06-21T16:21:00Z,0.0162,189,66,2381306,0.0097,LHR02,nominal
2024-06-21T16:22:00Z,0.0261,180,63,2315979,0.0157,TLL12,nominal
2024-06-21T16:23:00Z,0.0288,165,58,2529457,0.0173,WAW06,nominal
2024-06-21T16:24:00Z,0.0147,180,63,2812173,0.0088,LHR02,nominal
2024-06-21T16:25:00Z,0.0412,160,56,1626664,0.0247,BUD07,nominal
2024-06-21T16:26:00Z,0.0395,174,61,3270406,0.0237,MAD05,nominal
2024-06-21T16:27:00Z,0.0385,186,65,3088092,0.0231,AMS01,nominal
2024-06-21T16:28:00Z,0.0477,159,56,1841282,0.0286,FRA04,nominal
2024-06-21T16:29:00Z,0.0324,167,58,3052301,0.0194,AMS01,nominal
2024-06-21T16:30:00Z,0.034,173,61,1161238,0.0204,MAD05,nominal
2024-06-21T16:31:00Z,0.0268,169,59,1286870,0.0161,TLL12,nominal
2024-06-21T16:32:00Z,0.0434,175,61,4175398,0.026,HEL11,nominal
2024-06-21T16:33:00Z,0.0187,191,67,1773979,0.0112,STO09,nominal
2024-06-21T16:34:00Z,0.0461,183,64,3986701,0.0277,FRA04,nominal
2024-06-21T16:35:00Z,0.0355,183,64,1079538,0.0213,MAD05,nominal
2024-06-21T16:36:00Z,0.0214,193,68,1227797,0.0128,MAD05,nominal
2024-06-21T16:37:00Z,0.0119,186,65,2375205,0.0071,AMS01,nominal
2024-06-21T16:38:00Z,0.0287,192,67,1182060,0.0172,MAD05,nominal
2024-06-21T16:39:00Z,0.0296,179,63,1986600,0.0178,OSL10,nominal
2024-06-21T16:40:00Z,0.0371,184,64,3691922,0.0223,FRA04,nominal
2024-06-21T16:41:00Z,0.0108,195,68,1112926,0.0065,FRA04,nominal
2024-06-21T16:42:00Z,0.0461,183,64,2566389,0.0277,MAD05,nominal
2024-06-21T16:43:00Z,0.0371,192,67,3077814,0.0223,WAW06,nominal
2024-06-21T16:44:00Z,0.0216,192,67,2758576,0.013,LHR02,nominal
2024-06-21T16:45:00Z,0.0363,171,60,1146337,0.0218,HEL11,nominal
2024-06-21T16:46:00Z,0.0431,158,55,1519161,0.0259,BUD07,nominal
2024-06-21T16:47:00Z,0.0342,160,56,1590789,0.0205,BUD07,nominal
2024-06-21T16:48:00Z,0.0482,176,62,2292918,0.0289,AMS01,nominal
2024-06-21T16:49:00Z,0.0338,158,55,1166933,0.0203,LHR02,nominal
2024-06-21T16:50:00Z,0.0128,190,66,1641821,0.0077,TLL12,nominal
2024-06-21T16:51:00Z,0.0126,176,62,1257997,0.0076,BUD07,nominal
2024-06-21T16:52:00Z,0.0254,194,68,4291826,0.0152,HEL11,nominal
2024-06-21T16:53:00Z,0.0383,190,66,1698443,0.023,ATH08,nominal
2024-06-21T16:54:00Z,0.0443,179,63,2902888,0.0266,AMS01,nominal
2024-06-21T16:55:00Z,0.0215,163,57,3707580,0.0129,FRA04,nominal
2024-06-21T16:56:00Z,0.0257,157,55,2833276,0.0154,AMS01,nominal
2024-06-21T16:57:00Z,0.0159,194,68,1957988,0.0095,TLL12,nominal
2024-06-21T16:58:00Z,0.0195,178,62,2706142,0.0117,WAW06,nominal
2024-06-21T16:59:00Z,0.0468,195,68,1606919,0.0281,HEL11,nominal
2024-06-21T17:00:00Z,0.0251,178,62,1429401,0.0151,LHR02,nominal
2024-06-21T17:01:00Z,0.0414,158,55,1743351,0.0248,OSL10,nominal
2024-06-21T17:02:00Z,0.0239,184,64,2348790,0.0143,BUD07,nominal
2024-06-21T17:03:00Z,0.0118,166,58,3618138,0.0071,WAW06,nominal
2024-06-21T17:04:00Z,0.0435,195,68,2115523,0.0261,WAW06,nominal
2024-06-21T17:05:00Z,0.0122,184,64,3869477,0.0073,FRA04,nominal
2024-06-21T17:06:00Z,0.0196,193,68,2482732,0.0118,WAW06,nominal
2024-06-21T17:07:00Z,0.0432,158,55,3970028,0.0259,TLL12,nominal
2024-06-21T17:08:00Z,0.0336,185,65,3766495,0.0202,CDG03,nominal
2024-06-21T17:09:00Z,0.0383,190,66,3890541,0.023,OSL10,nominal
2024-06-21T17:10:00Z,0.0485,166,58,2128038,0.0291,CDG03,nominal
2024-06-21T17:11:00Z,0.0129,166,58,944458,0.0077,LHR02,nominal
2024-06-21T17:12:00Z,0.0218,170,59,1609779,0.0131,MAD05,nominal
2024-06-21T17:13:00Z,0.041,177,62,1241041,0.0246,CDG03,nominal
2024-06-21T17:14:00Z,0.0174,183,64,2691031,0.0104,CDG03,nominal
2024-06-21T17:15:00Z,0.0401,160,56,4091058,0.0241,CDG03,nominal
2024-06-21T17:16:00Z,0.019,161,56,3364492,0.0114,LHR02,nominal
2024-06-21T17:17:00Z,0.0306,164,57,3820315,0.0184,TLL12,nominal
2024-06-21T17:18:00Z,0.0349,175,61,2567521,0.0209,FRA04,nominal
2024-06-21T17:19:00Z,0.032,169,59,4218523,0.0192,STO09,nominal
2024-06-21T17:20:00Z,0.0166,175,61,2623563,0.01,LHR02,nominal
2024-06-21T17:21:00Z,0.0224,192,67,3579456,0.0134,FRA04,nominal
2024-06-21T17:22:00Z,0.0194,158,55,3670217,0.0116,BUD07,nominal
2024-06-21T17:23:00Z,0.0323,158,55,2465723,0.0194,HEL11,nominal
2024-06-21T17:24:00Z,0.0204,164,57,1842857,0.0122,AMS01,nominal
2024-06-21T17:25:00Z,0.0405,168,59,1847829,0.0243,MAD05,nominal
2024-06-21T17:26:00Z,0.0301,180,63,1267575,0.0181,STO09,nominal
2024-06-21T17:27:00Z,0.0119,162,57,989388,0.0071,CDG03,nominal
2024-06-21T17:28:00Z,0.0192,176,62,1559871,0.0115,TLL12,nominal
2024-06-21T17:29:00Z,0.048,158,55,1772649,0.0288,OSL10,nominal
2024-06-21T17:30:00Z,0.0287,191,67,4162311,0.0172,FRA04,nominal
2024-06-21T17:31:00Z,0.0385,156,55,2008748,0.0231,LHR02,nominal
2024-06-21T17:32:00Z,0.0116,171,60,933582,0.007,MAD05,nominal
2024-06-21T17:33:00Z,0.0448,173,61,4260395,0.0269,FRA04,nominal
2024-06-21T17:34:00Z,0.0467,180,63,3370678,0.028,WAW06,nominal
2024-06-21T17:35:00Z,0.0289,162,57,1338872,0.0173,ATH08,nominal
2024-06-21T17:36:00Z,0.0275,169,59,2800258,0.0165,AMS01,nominal
2024-06-21T17:37:00Z,0.0305,155,54,3943253,0.0183,WAW06,nominal
2024-06-21T17:38:00Z,0.0133,164,57,3861142,0.008,LHR02,nominal
2024-06-21T17:39:00Z,0.0455,181,63,3189887,0.0273,AMS01,nominal
2024-06-21T17:40:00Z,0.0477,156,55,2997311,0.0286,WAW06,nominal
2024-06-21T17:41:00Z,0.0312,188,66,2114172,0.0187,WAW06,nominal
2024-06-21T17:42:00Z,0.0111,177,62,4168724,0.0067,BUD07,nominal
2024-06-21T17:43:00Z,0.0179,182,64,997373,0.0107,STO09,nominal
2024-06-21T17:44:00Z,0.0228,163,57,4494077,0.0137,WAW06,nominal
2024-06-21T17:45:00Z,0.0137,186,65,4151176,0.0082,AMS01,nominal
2024-06-21T17:46:00Z,0.0276,164,57,2986787,0.0166,WAW06,nominal
2024-06-21T17:47:00Z,0.0427,179,63,3168642,0.0256,WAW06,nominal
2024-06-21T17:48:00Z,0.0196,174,61,3152228,0.0118,BUD07,nominal
2024-06-21T17:49:00Z,0.0344,182,64,3236072,0.0206,FRA04,nominal
2024-06-21T17:50:00Z,0.0242,173,61,2823892,0.0145,WAW06,nominal
2024-06-21T17:51:00Z,0.0345,171,60,4451190,0.0207,MAD05,nominal
2024-06-21T17:52:00Z,0.0205,185,65,1498060,0.0123,MAD05,nominal
2024-06-21T17:53:00Z,0.0281,166,58,1948823,0.0169,HEL11,nominal
2024-06-21T17:54:00Z,0.0498,186,65,1737574,0.0299,ATH08,nominal
2024-06-21T17:55:00Z,0.0445,192,67,1140179,0.0267,ATH08,nominal
2024-06-21T17:56:00Z,0.0279,189,66,846202,0.0167,ATH08,nominal
2024-06-21T17:57:00Z,0.0168,192,67,1422640,0.0101,HEL11,nominal
2024-06-21T17:58:00Z,0.0187,182,64,3100190,0.0112,CDG03,nominal
2024-06-21T17:59:00Z,0.0278,156,55,3687368,0.0167,LHR02,nominal
2024-06-21T18:00:00Z,0.035,164,57,2605074,0.021,ATH08,nominal
2024-06-21T18:01:00Z,0.0323,186,65,3074526,0.0194,BUD07,nominal
2024-06-21T18:02:00Z,0.05,165,58,4305709,0.03,WAW06,nominal
2024-06-21T18:03:00Z,0.0379,161,56,2154681,0.0227,ATH08,nominal
2024-06-21T18:04:00Z,0.0393,181,63,3186994,0.0236,ATH08,nominal
2024-06-21T18:05:00Z,0.0143,181,63,1044082,0.0086,CDG03,nominal
2024-06-21T18:06:00Z,0.0323,167,58,2039455,0.0194,STO09,nominal
2024-06-21T18:07:00Z,0.039,155,54,2102213,0.0234,FRA04,nominal
2024-06-21T18:08:00Z,0.0209,188,66,2051246,0.0125,TLL12,nominal
2024-06-21T18:09:00Z,0.0492,160,56,2963327,0.0295,TLL12,nominal
2024-06-21T18:10:00Z,0.0293,182,64,2976259,0.0176,HEL11,nominal
2024-06-21T18:11:00Z,0.0156,189,66,4312581,0.0094,LHR02,nominal
2024-06-21T18:12:00Z,0.0468,189,66,1090203,0.0281,AMS01,nominal
2024-06-21T18:13:00Z,0.0394,189,66,2932819,0.0236,MAD05,nominal
2024-06-21T18:14:00Z,0.0234,161,56,2998116,0.014,STO09,nominal
2024-06-21T18:15:00Z,0.0138,176,62,4104569,0.0083,BUD07,nominal
2024-06-21T18:16:00Z,0.017,178,62,1830047,0.0102,OSL10,nominal
2024-06-21T18:17:00Z,0.0287,156,55,2052285,0.0172,CDG03,nominal
2024-06-21T18:18:00Z,0.028,185,65,2564750,0.0168,WAW06,nominal
2024-06-21T18:19:00Z,0.0151,173,61,3072966,0.0091,ATH08,nominal
2024-06-21T18:20:00Z,0.0179,181,63,2821106,0.0107,AMS01,nominal
2024-06-21T18:21:00Z,0.0483,173,61,1808339,0.029,ATH08,nominal
2024-06-21T18:22:00Z,0.0406,175,61,2118095,0.0244,MAD05,nominal
2024-06-21T18:23:00Z,0.0336,175,61,3750026,0.0202,WAW06,nominal
2024-06-21T18:24:00Z,0.0308,194,68,3565535,0.0185,AMS01,nominal
2024-06-21T18:25:00Z,0.0425,182,64,2304833,0.0255,STO09,nominal
2024-06-21T18:26:00Z,0.022,186,65,2914504,0.0132,BUD07,nominal
2024-06-21T18:27:00Z,0.0248,195,68,2405535,0.0149,HEL11,nominal
2024-06-21T18:28:00Z,0.0483,194,68,3044723,0.029,CDG03,nominal
2024-06-21T18:29:00Z,0.0308,191,67,1164101,0.0185,ATH08,nominal
2024-06-21T18:30:00Z,0.0366,186,65,3670073,0.022,MAD05,nominal
2024-06-21T18:31:00Z,0.0126,176,62,1647613,0.0076,HEL11,nominal
2024-06-21T18:32:00Z,0.0131,156,55,3203053,0.0079,LHR02,nominal
2024-06-21T18:33:00Z,0.036,192,67,1320836,0.0216,BUD07,nominal
2024-06-21T18:34:00Z,0.0298,177,62,3438996,0.0179,TLL12,nominal
2024-06-21T18:35:00Z,0.0234,176,62,1659657,0.014,STO09,nominal
2024-06-21T18:36:00Z,0.0347,175,61,2755971,0.0208,STO09,nominal
2024-06-21T18:37:00Z,0.0491,158,55,3168782,0.0295,HEL11,nominal
2024-06-21T18:38:00Z,0.0378,159,56,1215079,0.0227,STO09,nominal
2024-06-21T18:39:00Z,0.0247,168,59,2913267,0.0148,AMS01,nominal
2024-06-21T18:40:00Z,0.0113,158,55,1029132,0.0068,HEL11,nominal
2024-06-21T18:41:00Z,0.0274,172,60,2741133,0.0164,OSL10,nominal
2024-06-21T18:42:00Z,0.0197,160,56,3490221,0.0118,TLL12,nominal
2024-06-21T18:43:00Z,0.0257,190,66,3869446,0.0154,OSL10,nominal
2024-06-21T18:44:00Z,0.014,190,66,3857580,0.0084,HEL11,nominal
2024-06-21T18:45:00Z,0.0145,190,66,4443158,0.0087,MAD05,nominal
2024-06-21T18:46:00Z,0.0147,163,57,1448972,0.0088,TLL12,nominal
2024-06-21T18:47:00Z,0.0498,185,65,2658683,0.0299,OSL10,nominal
2024-06-21T18:48:00Z,0.0177,182,64,3891643,0.0106,ATH08,nominal
2024-06-21T18:49:00Z,0.0124,174,61,1078466,0.0074,FRA04,nominal
2024-06-21T18:50:00Z,0.0316,188,66,4031450,0.019,STO09,nominal
2024-06-21T18:51:00Z,0.0413,176,62,2141788,0.0248,STO09,nominal
2024-06-21T18:52:00Z,0.0437,188,66,2146661,0.0262,CDG03,nominal
2024-06-21T18:53:00Z,0.0438,184,64,3052863,0.0263,STO09,nominal
2024-06-21T18:54:00Z,0.0266,179,63,2008454,0.016,AMS01,nominal
2024-06-21T18:55:00Z,0.0315,187,65,3902844,0.0189,OSL10,nominal
2024-06-21T18:56:00Z,0.0269,183,64,1343082,0.0161,CDG03,nominal
2024-06-21T18:57:00Z,0.0347,192,67,2597592,0.0208,LHR02,nominal
2024-06-21T18:58:00Z,0.0137,188,66,4267115,0.0082,WAW06,nominal
2024-06-21T18:59:00Z,0.0488,160,56,3560378,0.0293,ATH08,nominal
2024-06-21T19:00:00Z,0.0482,190,66,1096684,0.0289,HEL11,nominal
2024-06-21T19:01:00Z,0.0335,183,64,3862466,0.0201,STO09,nominal
2024-06-21T19:02:00Z,0.0205,193,68,3202667,0.0123,OSL10,nominal
2024-06-21T19:03:00Z,0.0277,187,65,2997616,0.0166,BUD07,nominal
2024-06-21T19:04:00Z,0.0177,161,56,3927784,0.0106,BUD07,nominal
2024-06-21T19:05:00Z,0.0137,156,55,3886505,0.0082,STO09,nominal
2024-06-21T19:06:00Z,0.0466,175,61,3697839,0.028,HEL11,nominal
2024-06-21T19:07:00Z,0.0236,192,67,2449412,0.0142,FRA04,nominal
2024-06-21T19:08:00Z,0.0165,176,62,2444020,0.0099,WAW06,nominal
2024-06-21T19:09:00Z,0.0142,181,63,1440840,0.0085,MAD05,nominal
2024-06-21T19:10:00Z,0.0459,188,66,3999220,0.0275,TLL12,nominal
2024-06-21T19:11:00Z,0.0379,155,54,1643992,0.0227,FRA04,nominal
2024-06-21T19:12:00Z,0.0233,194,68,3102810,0.014,OSL10,nominal
2024-06-21T19:13:00Z,0.0135,158,55,3070214,0.0081,MAD05,nominal
2024-06-21T19:14:00Z,0.0373,158,55,3913949,0.0224,WAW06,nominal
2024-06-21T19:15:00Z,0.0377,156,55,4401731,0.0226,LHR02,nominal
2024-06-21T19:16:00Z,0.0427,184,64,1253806,0.0256,LHR02,nominal
2024-06-21T19:17:00Z,0.0336,168,59,3458718,0.0202,TLL12,nominal
2024-06-21T19:18:00Z,0.0423,194,68,4499615,0.0254,AMS01,nominal
2024-06-21T19:19:00Z,0.0498,188,66,1944013,0.0299,AMS01,nominal
2024-06-21T19:20:00Z,0.0242,164,57,3249244,0.0145,STO09,nominal
2024-06-21T19:21:00Z,0.023,175,61,2664964,0.0138,CDG03,nominal
2024-06-21T19:22:00Z,0.0245,171,60,3580073,0.0147,FRA04,nominal
2024-06-21T19:23:00Z,0.0117,175,61,1908823,0.007,STO09,nominal
2024-06-21T19:24:00Z,0.038,192,67,2890807,0.0228,FRA04,nominal
2024-06-21T19:25:00Z,0.0436,170,59,3157724,0.0262,HEL11,nominal
2024-06-21T19:26:00Z,0.0272,190,66,4235846,0.0163,LHR02,nominal
2024-06-21T19:27:00Z,0.0124,166,58,1982552,0.0074,ATH08,nominal
2024-06-21T19:28:00Z,0.0368,184,64,3534261,0.0221,FRA04,nominal
2024-06-21T19:29:00Z,0.0452,163,57,3731646,0.0271,FRA04,nominal
2024-06-21T19:30:00Z,0.016,195,68,1022142,0.0096,OSL10,nominal
2024-06-21T19:31:00Z,0.0335,168,59,1245529,0.0201,OSL10,nominal
2024-06-21T19:32:00Z,0.0361,156,55,3142247,0.0217,BUD07,nominal
2024-06-21T19:33:00Z,0.036,160,56,1700679,0.0216,STO09,nominal
2024-06-21T19:34:00Z,0.0162,171,60,2572147,0.0097,BUD07,nominal
2024-06-21T19:35:00Z,0.0366,169,59,2755527,0.022,STO09,nominal
2024-06-21T19:36:00Z,0.0245,163,57,2044651,0.0147,HEL11,nominal
2024-06-21T19:37:00Z,0.0319,167,58,1664660,0.0191,MAD05,nominal
2024-06-21T19:38:00Z,0.0301,156,55,2785296,0.0181,ATH08,nominal
2024-06-21T19:39:00Z,0.0475,155,54,2535023,0.0285,AMS01,nominal
2024-06-21T19:40:00Z,0.0111,174,61,2079319,0.0067,ATH08,nominal
2024-06-21T19:41:00Z,0.0125,163,57,4279087,0.0075,HEL11,nominal
2024-06-21T19:42:00Z,0.0404,182,64,3899886,0.0242,FRA04,nominal
2024-06-21T19:43:00Z,0.0217,187,65,818195,0.013,FRA04,nominal
2024-06-21T19:44:00Z,0.0236,173,61,1578639,0.0142,AMS01,nominal
2024-06-21T19:45:00Z,0.0389,161,56,2726663,0.0233,WAW06,nominal
2024-06-21T19:46:00Z,0.0157,188,66,2124400,0.0094,WAW06,nominal
2024-06-21T19:47:00Z,0.0249,173,61,2362920,0.0149,MAD05,nominal
2024-06-21T19:48:00Z,0.0147,192,67,993413,0.0088,OSL10,nominal
2024-06-21T19:49:00Z,0.0302,161,56,2308539,0.0181,ATH08,nominal
2024-06-21T19:50:00Z,0.0257,180,63,4313042,0.0154,CDG03,nominal
2024-06-21T19:51:00Z,0.0183,161,56,1462471,0.011,FRA04,nominal
2024-06-21T19:52:00Z,0.0195,185,65,2201474,0.0117,FRA04,nominal
2024-06-21T19:53:00Z,0.0198,185,65,1836164,0.0119,ATH08,nominal
2024-06-21T19:54:00Z,0.0317,191,67,1179227,0.019,STO09,nominal
2024-06-21T19:55:00Z,0.0283,174,61,2036332,0.017,OSL10,nominal
2024-06-21T19:56:00Z,0.0373,176,62,2509836,0.0224,HEL11,nominal
2024-06-21T19:57:00Z,0.0362,181,63,2261622,0.0217,TLL12,nominal
2024-06-21T19:58:00Z,0.0111,155,54,4399375,0.0067,MAD05,nominal
2024-06-21T19:59:00Z,0.0231,168,59,3633247,0.0139,BUD07,nominal
2024-06-21T20:00:00Z,0.0365,174,61,2804422,0.0219,ATH08,nominal
2024-06-21T20:01:00Z,0.0422,163,57,2017180,0.0253,FRA04,nominal
2024-06-21T20:02:00Z,0.0419,164,57,3645677,0.0251,ATH08,nominal
2024-06-21T20:03:00Z,0.0315,186,65,3815871,0.0189,OSL10,nominal
2024-06-21T20:04:00Z,0.0216,194,68,4381429,0.013,WAW06,nominal
2024-06-21T20:05:00Z,0.0201,177,62,4388904,0.0121,OSL10,nominal
2024-06-21T20:06:00Z,0.0369,173,61,3848466,0.0221,HEL11,nominal
2024-06-21T20:07:00Z,0.0335,182,64,1418117,0.0201,FRA04,nominal
2024-06-21T20:08:00Z,0.01,180,63,1772143,0.006,FRA04,nominal
2024-06-21T20:09:00Z,0.033,164,57,2768402,0.0198,OSL10,nominal
2024-06-21T20:10:00Z,0.0455,173,61,2377841,0.0273,AMS01,nominal
2024-06-21T20:11:00Z,0.0119,186,65,1120317,0.0071,BUD07,nominal
2024-06-21T20:12:00Z,0.0172,188,66,3669404,0.0103,FRA04,nominal
2024-06-21T20:13:00Z,0.0474,156,55,2846395,0.0284,AMS01,nominal
2024-06-21T20:14:00Z,0.0229,195,68,2659012,0.0137,LHR02,nominal
2024-06-21T20:15:00Z,0.0288,191,67,1503003,0.0173,FRA04,nominal
2024-06-21T20:16:00Z,0.037,180,63,3158541,0.0222,STO09,nominal
2024-06-21T20:17:00Z,0.0243,169,59,3282066,0.0146,TLL12,nominal
2024-06-21T20:18:00Z,0.0113,177,62,3047478,0.0068,BUD07,nominal
2024-06-21T20:19:00Z,0.0175,180,63,2602074,0.0105,AMS01,nominal
2024-06-21T20:20:00Z,0.0271,188,66,1360149,0.0163,STO09,nominal
2024-06-21T20:21:00Z,0.0497,180,63,1789249,0.0298,CDG03,nominal
2024-06-21T20:22:00Z,0.0399,166,58,2658823,0.0239,ATH08,nominal
2024-06-21T20:23:00Z,0.0117,177,62,1978534,0.007,AMS01,nominal
2024-06-21T20:24:00Z,0.0412,164,57,1508819,0.0247,ATH08,nominal
2024-06-21T20:25:00Z,0.0357,160,56,3917087,0.0214,ATH08,nominal
2024-06-21T20:26:00Z,0.0435,172,60,3340821,0.0261,ATH08,nominal
2024-06-21T20:27:00Z,0.0366,160,56,2300138,0.022,ATH08,nominal
2024-06-21T20:28:00Z,0.0157,159,56,1139263,0.0094,FRA04,nominal
2024-06-21T20:29:00Z,0.0344,193,68,3515824,0.0206,CDG03,nominal
2024-06-21T20:30:00Z,0.0151,180,63,3865684,0.0091,MAD05,nominal
2024-06-21T20:31:00Z,0.0262,184,64,2418216,0.0157,AMS01,nominal
2024-06-21T20:32:00Z,0.048,174,61,1816049,0.0288,MAD05,nominal
2024-06-21T20:33:00Z,0.0314,162,57,3713550,0.0188,LHR02,nominal
2024-06-21T20:34:00Z,0.0218,166,58,1614583,0.0131,OSL10,nominal
2024-06-21T20:35:00Z,0.018,166,58,2403440,0.0108,FRA04,nominal
2024-06-21T20:36:00Z,0.0162,167,58,3218364,0.0097,AMS01,nominal
2024-06-21T20:37:00Z,0.0208,171,60,3821033,0.0125,CDG03,nominal
2024-06-21T20:38:00Z,0.0245,167,58,2475697,0.0147,MAD05,nominal
2024-06-21T20:39:00Z,0.0184,174,61,3373599,0.011,ATH08,nominal
2024-06-21T20:40:00Z,0.0478,182,64,2639672,0.0287,STO09,nominal
2024-06-21T20:41:00Z,0.0324,172,60,4143804,0.0194,HEL11,nominal
2024-06-21T20:42:00Z,0.0253,177,62,2210076,0.0152,OSL10,nominal
2024-06-21T20:43:00Z,0.0241,166,58,1057391,0.0145,ATH08,nominal
2024-06-21T20:44:00Z,0.0235,185,65,2481013,0.0141,BUD07,nominal
2024-06-21T20:45:00Z,0.0159,189,66,2207440,0.0095,STO09,nominal
2024-06-21T20:46:00Z,0.0389,184,64,3936147,0.0233,CDG03,nominal
2024-06-21T20:47:00Z,0.0115,195,68,1911950,0.0069,LHR02,nominal
2024-06-21T20:48:00Z,0.0111,184,64,1548611,0.0067,CDG03,nominal
2024-06-21T20:49:00Z,0.0123,194,68,3957678,0.0074,ATH08,nominal
2024-06-21T20:50:00Z,0.0175,161,56,2260189,0.0105,ATH08,nominal
2024-06-21T20:51:00Z,0.0193,182,64,3958360,0.0116,HEL11,nominal
2024-06-21T20:52:00Z,0.0491,188,66,2174361,0.0295,TLL12,nominal
2024-06-21T20:53:00Z,0.036,163,57,833680,0.0216,AMS01,nominal
2024-06-21T20:54:00Z,0.0297,179,63,1604584,0.0178,AMS01,nominal
2024-06-21T20:55:00Z,0.0336,158,55,3038766,0.0202,FRA04,nominal
2024-06-21T20:56:00Z,0.0206,195,68,2382130,0.0124,TLL12,nominal
2024-06-21T20:57:00Z,0.0171,169,59,967581,0.0103,FRA04,nominal
2024-06-21T20:58:00Z,0.0481,163,57,3157947,0.0289,WAW06,nominal
2024-06-21T20:59:00Z,0.0496,156,55,3122989,0.0298,AMS01,nominal
2024-06-21T21:00:00Z,0.0325,163,57,1016905,0.0195,MAD05,nominal
2024-06-21T21:01:00Z,0.0352,176,62,1529009,0.0211,HEL11,nominal
2024-06-21T21:02:00Z,0.0381,157,55,1969759,0.0229,OSL10,nominal
2024-06-21T21:03:00Z,0.0333,163,57,1549225,0.02,OSL10,nominal
2024-06-21T21:04:00Z,0.0476,177,62,2475167,0.0286,FRA04,nominal
2024-06-21T21:05:00Z,0.0255,188,66,4438618,0.0153,WAW06,nominal
2024-06-21T21:06:00Z,0.0243,162,57,3716250,0.0146,CDG03,nominal
2024-06-21T21:07:00Z,0.0478,165,58,4224260,0.0287,HEL11,nominal
2024-06-21T21:08:00Z,0.0317,162,57,1654929,0.019,CDG03,nominal
2024-06-21T21:09:00Z,0.0254,185,65,4309885,0.0152,LHR02,nominal
2024-06-21T21:10:00Z,0.0405,158,55,3674089,0.0243,STO09,nominal
2024-06-21T21:11:00Z,0.027,194,68,823554,0.0162,LHR02,nominal
2024-06-21T21:12:00Z,0.0465,192,67,1863682,0.0279,AMS01,nominal
2024-06-21T21:13:00Z,0.0454,184,64,4486126,0.0272,OSL10,nominal
2024-06-21T21:14:00Z,0.0254,182,64,1924001,0.0152,ATH08,nominal
2024-06-21T21:15:00Z,0.0172,191,67,1701971,0.0103,STO09,nominal
2024-06-21T21:16:00Z,0.0204,183,64,1433981,0.0122,HEL11,nominal
2024-06-21T21:17:00Z,0.0466,173,61,1179591,0.028,LHR02,nominal
2024-06-21T21:18:00Z,0.0466,170,59,906119,0.028,BUD07,nominal
2024-06-21T21:19:00Z,0.0223,190,66,1084691,0.0134,CDG03,nominal
2024-06-21T21:20:00Z,0.0318,170,59,3535001,0.0191,HEL11,nominal
2024-06-21T21:21:00Z,0.0282,163,57,2770368,0.0169,LHR02,nominal
2024-06-21T21:22:00Z,0.0433,179,63,2018229,0.026,FRA04,nominal
2024-06-21T21:23:00Z,0.0435,175,61,935305,0.0261,LHR02,nominal
2024-06-21T21:24:00Z,0.0279,184,64,2228000,0.0167,TLL12,nominal
2024-06-21T21:25:00Z,0.0436,156,55,991363,0.0262,WAW06,nominal
2024-06-21T21:26:00Z,0.0243,174,61,3246712,0.0146,ATH08,nominal
2024-06-21T21:27:00Z,0.0257,162,57,3746401,0.0154,OSL10,nominal
2024-06-21T21:28:00Z,0.0131,174,61,3951933,0.0079,STO09,nominal
2024-06-21T21:29:00Z,0.0315,162,57,995999,0.0189,WAW06,nominal
2024-06-21T21:30:00Z,0.0211,177,62,3537285,0.0127,TLL12,nominal
2024-06-21T21:31:00Z,0.0335,195,68,3485110,0.0201,BUD07,nominal
2024-06-21T21:32:00Z,0.0193,195,68,2286120,0.0116,ATH08,nominal
2024-06-21T21:33:00Z,0.0449,166,58,2222639,0.0269,TLL12,nominal
2024-06-21T21:34:00Z,0.0389,173,61,4314347,0.0233,HEL11,nominal
2024-06-21T21:35:00Z,0.0147,188,66,3060199,0.0088,LHR02,nominal
2024-06-21T21:36:00Z,0.0426,173,61,3184303,0.0256,FRA04,nominal
2024-06-21T21:37:00Z,0.0383,191,67,3233879,0.023,OSL10,nominal
2024-06-21T21:38:00Z,0.0283,192,67,2898088,0.017,FRA04,nominal
2024-06-21T21:39:00Z,0.021,189,66,1640621,0.0126,AMS01,nominal
2024-06-21T21:40:00Z,0.0405,191,67,1152730,0.0243,TLL12,nominal
2024-06-21T21:41:00Z,0.012,173,61,2419047,0.0072,ATH08,nominal
2024-06-21T21:42:00Z,0.0116,194,68,3285443,0.007,MAD05,nominal
2024-06-21T21:43:00Z,0.0189,155,54,3983708,0.0113,BUD07,nominal
2024-06-21T21:44:00Z,0.0171,157,55,1413661,0.0103,LHR02,nominal
2024-06-21T21:45:00Z,0.0198,184,64,905498,0.0119,MAD05,nominal
2024-06-21T21:46:00Z,0.042,186,65,4383129,0.0252,MAD05,nominal
2024-06-21T21:47:00Z,0.0172,180,63,3297598,0.0103,MAD05,nominal
2024-06-21T21:48:00Z,0.0108,191,67,1907732,0.0065,LHR02,nominal
2024-06-21T21:49:00Z,0.0433,163,57,1404836,0.026,MAD05,nominal
2024-06-21T21:50:00Z,0.0268,185,65,1329966,0.0161,TLL12,nominal
2024-06-21T21:51:00Z,0.0132,178,62,2404989,0.0079,FRA04,nominal
2024-06-21T21:52:00Z,0.0309,168,59,2332886,0.0185,CDG03,nominal
2024-06-21T21:53:00Z,0.0424,184,64,1149711,0.0254,FRA04,nominal
2024-06-21T21:54:00Z,0.0257,169,59,1118575,0.0154,CDG03,nominal
2024-06-21T21:55:00Z,0.0298,195,68,1142825,0.0179,HEL11,nominal
2024-06-21T21:56:00Z,0.025,165,58,1470761,0.015,BUD07,nominal
2024-06-21T21:57:00Z,0.0374,179,63,4329164,0.0224,WAW06,nominal
2024-06-21T21:58:00Z,0.02,188,66,3734699,0.012,FRA04,nominal
2024-06-21T21:59:00Z,0.0347,168,59,1899613,0.0208,AMS01,nominal
2024-06-21T22:00:00Z,0.0361,163,57,2321033,0.0217,AMS01,nominal
2024-06-21T22:01:00Z,0.0234,155,54,911235,0.014,BUD07,nominal
2024-06-21T22:02:00Z,0.0497,178,62,2021434,0.0298,MAD05,nominal
2024-06-21T22:03:00Z,0.026,185,65,3572163,0.0156,HEL11,nominal
2024-06-21T22:04:00Z,0.0303,173,61,4076640,0.0182,LHR02,nominal
2024-06-21T22:05:00Z,0.0397,162,57,4187111,0.0238,TLL12,nominal
2024-06-21T22:06:00Z,0.0391,193,68,2207417,0.0235,ATH08,nominal
2024-06-21T22:07:00Z,0.0405,175,61,3987555,0.0243,MAD05,nominal
2024-06-21T22:08:00Z,0.0357,166,58,1048080,0.0214,AMS01,nominal
2024-06-21T22:09:00Z,0.0383,190,66,3596767,0.023,HEL11,nominal
2024-06-21T22:10:00Z,0.0324,178,62,1331004,0.0194,WAW06,nominal
2024-06-21T22:11:00Z,0.0354,187,65,2550772,0.0212,HEL11,nominal
2024-06-21T22:12:00Z,0.0145,191,67,842971,0.0087,STO09,nominal
2024-06-21T22:13:00Z,0.0221,188,66,3742664,0.0133,WAW06,nominal
2024-06-21T22:14:00Z,0.0291,189,66,3926626,0.0175,ATH08,nominal
2024-06-21T22:15:00Z,0.0142,188,66,3200027,0.0085,ATH08,nominal
2024-06-21T22:16:00Z,0.0155,193,68,1974372,0.0093,TLL12,nominal
2024-06-21T22:17:00Z,0.0107,163,57,3778003,0.0064,ATH08,nominal
2024-06-21T22:18:00Z,0.0479,183,64,3559335,0.0287,CDG03,nominal
2024-06-21T22:19:00Z,0.0295,180,63,3643126,0.0177,FRA04,nominal
2024-06-21T22:20:00Z,0.0347,164,57,4166721,0.0208,ATH08,nominal
2024-06-21T22:21:00Z,0.0271,159,56,3528196,0.0163,MAD05,nominal
2024-06-21T22:22:00Z,0.0214,178,62,2183844,0.0128,OSL10,nominal
2024-06-21T22:23:00Z,0.0164,156,55,4018210,0.0098,LHR02,nominal
2024-06-21T22:24:00Z,0.0108,166,58,2640603,0.0065,FRA04,nominal
2024-06-21T22:25:00Z,0.0189,164,57,3743278,0.0113,BUD07,nominal
2024-06-21T22:26:00Z,0.035,169,59,3976346,0.021,ATH08,nominal
2024-06-21T22:27:00Z,0.015,158,55,1912024,0.009,WAW06,nominal
2024-06-21T22:28:00Z,0.0323,192,67,2850017,0.0194,ATH08,nominal
2024-06-21T22:29:00Z,0.0364,160,56,2079336,0.0218,WAW06,nominal
2024-06-21T22:30:00Z,0.0436,177,62,1206688,0.0262,STO09,nominal
2024-06-21T22:31:00Z,0.0381,178,62,2827929,0.0229,HEL11,nominal
2024-06-21T22:32:00Z,0.0343,192,67,1789218,0.0206,LHR02,nominal
2024-06-21T22:33:00Z,0.0482,172,60,2656144,0.0289,ATH08,nominal
2024-06-21T22:34:00Z,0.0464,168,59,1102214,0.0278,AMS01,nominal
2024-06-21T22:35:00Z,0.0369,175,61,1996569,0.0221,AMS01,nominal
2024-06-21T22:36:00Z,0.0281,193,68,4217405,0.0169,MAD05,nominal
2024-06-21T22:37:00Z,0.0108,178,62,3464596,0.0065,BUD07,nominal
2024-06-21T22:38:00Z,0.0238,169,59,3085986,0.0143,OSL10,nominal
2024-06-21T22:39:00Z,0.0485,192,67,3253421,0.0291,TLL12,nominal
2024-06-21T22:40:00Z,0.0102,195,68,4104489,0.0061,STO09,nominal
2024-06-21T22:41:00Z,0.0332,174,61,1791441,0.0199,LHR02,nominal
2024-06-21T22:42:00Z,0.0238,183,64,1752988,0.0143,CDG03,nominal
2024-06-21T22:43:00Z,0.0244,195,68,2970951,0.0146,WAW06,nominal
2024-06-21T22:44:00Z,0.0384,190,66,3990541,0.023,OSL10,nominal
2024-06-21T22:45:00Z,0.0491,178,62,2729788,0.0295,TLL12,nominal
2024-06-21T22:46:00Z,0.0341,187,65,1256512,0.0205,OSL10,nominal
2024-06-21T22:47:00Z,0.0268,166,58,3251566,0.0161,TLL12,nominal
2024-06-21T22:48:00Z,0.0468,155,54,3359197,0.0281,STO09,nominal
2024-06-21T22:49:00Z,0.0371,180,63,2902345,0.0223,OSL10,nominal
2024-06-21T22:50:00Z,0.0329,162,57,4179956,0.0197,WAW06,nominal
2024-06-21T22:51:00Z,0.0302,157,55,2927625,0.0181,AMS01,nominal
2024-06-21T22:52:00Z,0.0189,156,55,4252376,0.0113,ATH08,nominal
2024-06-21T22:53:00Z,0.0414,181,63,983905,0.0248,CDG03,nominal
2024-06-21T22:54:00Z,0.0188,186,65,2609657,0.0113,ATH08,nominal
2024-06-21T22:55:00Z,0.0126,194,68,1082999,0.0076,HEL11,nominal
2024-06-21T22:56:00Z,0.0131,164,57,1269380,0.0079,ATH08,nominal
2024-06-21T22:57:00Z,0.0145,174,61,1789401,0.0087,AMS01,nominal
2024-06-21T22:58:00Z,0.0456,160,56,3925453,0.0274,STO09,nominal
2024-06-21T22:59:00Z,0.0437,179,63,1486171,0.0262,AMS01,nominal
2024-06-21T23:00:00Z,0.0112,191,67,3218462,0.0067,LHR02,nominal
2024-06-21T23:01:00Z,0.029,171,60,1470220,0.0174,WAW06,nominal
2024-06-21T23:02:00Z,0.0437,191,67,2737932,0.0262,FRA04,nominal
2024-06-21T23:03:00Z,0.0338,166,58,3881761,0.0203,CDG03,nominal
2024-06-21T23:04:00Z,0.0322,161,56,3272966,0.0193,BUD07,nominal
2024-06-21T23:05:00Z,0.0201,195,68,2197909,0.0121,OSL10,nominal
2024-06-21T23:06:00Z,0.0335,195,68,2870470,0.0201,MAD05,nominal
2024-06-21T23:07:00Z,0.01,195,68,4187900,0.006,CDG03,nominal
2024-06-21T23:08:00Z,0.0315,168,59,3751104,0.0189,TLL12,nominal
2024-06-21T23:09:00Z,0.0387,195,68,1246599,0.0232,LHR02,nominal
2024-06-21T23:10:00Z,0.0279,180,63,1758604,0.0167,AMS01,nominal
2024-06-21T23:11:00Z,0.034,169,59,982702,0.0204,MAD05,nominal
2024-06-21T23:12:00Z,0.0137,173,61,3948153,0.0082,MAD05,nominal
2024-06-21T23:13:00Z,0.0295,187,65,4209615,0.0177,AMS01,nominal
2024-06-21T23:14:00Z,0.0121,161,56,3559076,0.0073,FRA04,nominal
2024-06-21T23:15:00Z,0.0207,156,55,3120601,0.0124,LHR02,nominal
2024-06-21T23:16:00Z,0.0334,182,64,2913638,0.02,AMS01,nominal
2024-06-21T23:17:00Z,0.0421,162,57,2718403,0.0253,TLL12,nominal
2024-06-21T23:18:00Z,0.045,160,56,4307846,0.027,MAD05,nominal
2024-06-21T23:19:00Z,0.031,182,64,4261931,0.0186,ATH08,nominal
2024-06-21T23:20:00Z,0.011,195,68,1801706,0.0066,LHR02,nominal
2024-06-21T23:21:00Z,0.0466,167,58,2484287,0.028,ATH08,nominal
2024-06-21T23:22:00Z,0.0234,194,68,4314358,0.014,OSL10,nominal
2024-06-21T23:23:00Z,0.0444,167,58,1268729,0.0266,ATH08,nominal
2024-06-21T23:24:00Z,0.0491,165,58,2496082,0.0295,LHR02,nominal
2024-06-21T23:25:00Z,0.0244,175,61,1588818,0.0146,STO09,nominal
2024-06-21T23:26:00Z,0.0218,162,57,3677186,0.0131,OSL10,nominal
2024-06-21T23:27:00Z,0.0358,168,59,1079730,0.0215,AMS01,nominal
2024-06-21T23:28:00Z,0.0155,155,54,3696789,0.0093,ATH08,nominal
2024-06-21T23:29:00Z,0.0389,158,55,1080295,0.0233,MAD05,nominal
2024-06-21T23:30:00Z,0.0476,161,56,2484912,0.0286,HEL11,nominal
2024-06-21T23:31:00Z,0.0457,184,64,4285121,0.0274,AMS01,nominal
2024-06-21T23:32:00Z,0.0476,186,65,1166460,0.0286,CDG03,nominal
2024-06-21T23:33:00Z,0.0369,162,57,3479925,0.0221,OSL10,nominal
2024-06-21T23:34:00Z,0.0136,192,67,4363949,0.0082,BUD07,nominal
2024-06-21T23:35:00Z,0.0311,173,61,2672938,0.0187,TLL12,nominal
2024-06-21T23:36:00Z,0.0143,187,65,3373572,0.0086,STO09,nominal
2024-06-21T23:37:00Z,0.0184,174,61,3754948,0.011,BUD07,nominal
2024-06-21T23:38:00Z,0.0315,168,59,917100,0.0189,AMS01,nominal
2024-06-21T23:39:00Z,0.0142,167,58,868731,0.0085,LHR02,nominal
2024-06-21T23:40:00Z,0.0354,159,56,2625783,0.0212,AMS01,nominal
2024-06-21T23:41:00Z,0.0447,188,66,1904381,0.0268,HEL11,nominal
2024-06-21T23:42:00Z,0.0392,157,55,3759008,0.0235,BUD07,nominal
2024-06-21T23:43:00Z,0.039,184,64,2112418,0.0234,STO09,nominal
2024-06-21T23:44:00Z,0.0193,182,64,3821235,0.0116,ATH08,nominal
2024-06-21T23:45:00Z,0.0305,177,62,3406263,0.0183,HEL11,nominal
2024-06-21T23:46:00Z,0.035,190,66,3198851,0.021,CDG03,nominal
2024-06-21T23:47:00Z,0.0249,161,56,2987610,0.0149,STO09,nominal
2024-06-21T23:48:00Z,0.0346,157,55,3445281,0.0208,FRA04,nominal
2024-06-21T23:49:00Z,0.0388,156,55,2207868,0.0233,STO09,nominal
2024-06-21T23:50:00Z,0.0427,177,62,3059177,0.0256,ATH08,nominal
2024-06-21T23:51:00Z,0.0222,184,64,2299607,0.0133,OSL10,nominal
2024-06-21T23:52:00Z,0.0137,156,55,4356140,0.0082,BUD07,nominal
2024-06-21T23:53:00Z,0.0332,183,64,2600863,0.0199,CDG03,nominal
2024-06-21T23:54:00Z,0.043,158,55,886377,0.0258,MAD05,nominal
2024-06-21T23:55:00Z,0.0169,155,54,1843937,0.0101,FRA04,nominal
2024-06-21T23:56:00Z,0.0265,174,61,4449142,0.0159,LHR02,nominal
2024-06-21T23:57:00Z,0.0334,162,57,1582400,0.02,ATH08,nominal
2024-06-21T23:58:00Z,0.0121,159,56,2941232,0.0073,ATH08,nominal
2024-06-21T23:59:00Z,0.0295,179,63,4001926,0.0177,WAW06,nominal
2024-06-22T00:00:00Z,0.0304,190,66,3686367,0.0182,CDG03,nominal
2024-06-22T00:01:00Z,0.0331,179,63,1113514,0.0199,STO09,nominal
2024-06-22T00:02:00Z,0.0277,163,57,2350577,0.0166,ATH08,nominal
2024-06-22T00:03:00Z,0.0444,184,64,3205489,0.0266,HEL11,nominal
2024-06-22T00:04:00Z,0.0172,157,55,2476787,0.0103,CDG03,nominal
2024-06-22T00:05:00Z,0.0393,176,62,2948488,0.0236,AMS01,nominal
2024-06-22T00:06:00Z,0.0232,195,68,1293870,0.0139,AMS01,nominal
2024-06-22T00:07:00Z,0.0211,172,60,4180600,0.0127,HEL11,nominal
2024-06-22T00:08:00Z,0.0418,166,58,1673718,0.0251,AMS01,nominal
2024-06-22T00:09:00Z,0.038,174,61,810231,0.0228,MAD05,nominal
2024-06-22T00:10:00Z,0.039,166,58,1221217,0.0234,CDG03,nominal
2024-06-22T00:11:00Z,0.0215,192,67,2179071,0.0129,HEL11,nominal
2024-06-22T00:12:00Z,0.0499,164,57,1665649,0.0299,AMS01,nominal
2024-06-22T00:13:00Z,0.0451,193,68,3542303,0.0271,LHR02,nominal
2024-06-22T00:14:00Z,0.0332,161,56,2866117,0.0199,CDG03,nominal
2024-06-22T00:15:00Z,0.0206,186,65,1954684,0.0124,FRA04,nominal
2024-06-22T00:16:00Z,0.0221,185,65,3217724,0.0133,HEL11,nominal
2024-06-22T00:17:00Z,0.0271,185,65,1145122,0.0163,AMS01,nominal
2024-06-22T00:18:00Z,0.0444,184,64,3140744,0.0266,LHR02,nominal
2024-06-22T00:19:00Z,0.0301,176,62,2674348,0.0181,AMS01,nominal
2024-06-22T00:20:00Z,0.0389,160,56,1666590,0.0233,FRA04,nominal
2024-06-22T00:21:00Z,0.0417,163,57,2385704,0.025,MAD05,nominal
2024-06-22T00:22:00Z,0.0157,162,57,4431022,0.0094,WAW06,nominal
2024-06-22T00:23:00Z,0.0428,194,68,2495853,0.0257,STO09,nominal
2024-06-22T00:24:00Z,0.0313,184,64,3560961,0.0188,WAW06,nominal
2024-06-22T00:25:00Z,0.0326,179,63,2217834,0.0196,ATH08,nominal
2024-06-22T00:26:00Z,0.0241,166,58,2405393,0.0145,ATH08,nominal
2024-06-22T00:27:00Z,0.0321,160,56,2193854,0.0193,CDG03,nominal
2024-06-22T00:28:00Z,0.0372,183,64,3108928,0.0223,STO09,nominal
2024-06-22T00:29:00Z,0.0398,173,61,2830335,0.0239,OSL10,nominal
2024-06-22T00:30:00Z,0.0176,195,68,4000045,0.0106,STO09,nominal
2024-06-22T00:31:00Z,0.0262,160,56,2554197,0.0157,BUD07,nominal
2024-06-22T00:32:00Z,0.026,179,63,3109512,0.0156,TLL12,nominal
2024-06-22T00:33:00Z,0.0492,157,55,4360459,0.0295,LHR02,nominal
2024-06-22T00:34:00Z,0.0254,193,68,2826108,0.0152,HEL11,nominal
2024-06-22T00:35:00Z,0.0285,189,66,4175496,0.0171,TLL12,nominal
2024-06-22T00:36:00Z,0.0128,163,57,3010432,0.0077,FRA04,nominal
2024-06-22T00:37:00Z,0.045,189,66,3670550,0.027,OSL10,nominal
2024-06-22T00:38:00Z,0.0434,171,60,3225236,0.026,FRA04,nominal
2024-06-22T00:39:00Z,0.0179,158,55,1261645,0.0107,TLL12,nominal
2024-06-22T00:40:00Z,0.0268,180,63,1850518,0.0161,MAD05,nominal
2024-06-22T00:41:00Z,0.0439,181,63,1263716,0.0263,ATH08,nominal
2024-06-22T00:42:00Z,0.0143,168,59,2974977,0.0086,STO09,nominal
2024-06-22T00:43:00Z,0.0109,181,63,1389148,0.0065,MAD05,nominal
2024-06-22T00:44:00Z,0.0472,183,64,1592164,0.0283,CDG03,nominal
2024-06-22T00:45:00Z,0.0318,185,65,4442676,0.0191,STO09,nominal
2024-06-22T00:46:00Z,0.0262,166,58,1097241,0.0157,BUD07,nominal
2024-06-22T00:47:00Z,0.0247,175,61,2493272,0.0148,OSL10,nominal
2024-06-22T00:48:00Z,0.0338,155,54,904482,0.0203,WAW06,nominal
2024-06-22T00:49:00Z,0.039,159,56,3137417,0.0234,LHR02,nominal
2024-06-22T00:50:00Z,0.0366,177,62,3099029,0.022,MAD05,nominal
2024-06-22T00:51:00Z,0.026,165,58,4270893,0.0156,LHR02,nominal
2024-06-22T00:52:00Z,0.0137,169,59,856805,0.0082,OSL10,nominal
2024-06-22T00:53:00Z,0.0446,156,55,3106472,0.0268,CDG03,nominal
2024-06-22T00:54:00Z,0.0193,192,67,2643556,0.0116,WAW06,nominal
2024-06-22T00:55:00Z,0.0205,159,56,4228724,0.0123,LHR02,nominal
2024-06-22T00:56:00Z,0.0367,190,66,3481820,0.022,MAD05,nominal
2024-06-22T00:57:00Z,0.0378,159,56,4366186,0.0227,HEL11,nominal
2024-06-22T00:58:00Z,0.0224,175,61,1867769,0.0134,CDG03,nominal
2024-06-22T00:59:00Z,0.0437,163,57,1420148,0.0262,FRA04,nominal
2024-06-22T01:00:00Z,0.0107,164,57,2345028,0.0064,CDG03,nominal
2024-06-22T01:01:00Z,0.0391,183,64,1696737,0.0235,TLL12,nominal
2024-06-22T01:02:00Z,0.0206,180,63,1744715,0.0124,WAW06,nominal
2024-06-22T01:03:00Z,0.0423,194,68,1976387,0.0254,CDG03,nominal
2024-06-22T01:04:00Z,0.0232,182,64,3979955,0.0139,LHR02,nominal
2024-06-22T01:05:00Z,0.0268,170,59,2594582,0.0161,ATH08,nominal
2024-06-22T01:06:00Z,0.0463,176,62,4259700,0.0278,AMS01,nominal
2024-06-22T01:07:00Z,0.0345,191,67,2734417,0.0207,MAD05,nominal
2024-06-22T01:08:00Z,0.0365,176,62,1582632,0.0219,TLL12,nominal
2024-06-22T01:09:00Z,0.0205,167,58,3331438,0.0123,WAW06,nominal
2024-06-22T01:10:00Z,0.0484,181,63,1115278,0.029,TLL12,nominal
2024-06-22T01:11:00Z,0.0386,180,63,2956712,0.0232,AMS01,nominal
2024-06-22T01:12:00Z,0.0118,183,64,3296953,0.0071,BUD07,nominal
2024-06-22T01:13:00Z,0.0413,192,67,3045709,0.0248,FRA04,nominal
2024-06-22T01:14:00Z,0.0171,190,66,2693788,0.0103,AMS01,nominal
2024-06-22T01:15:00Z,0.032,184,64,3614745,0.0192,HEL11,nominal
2024-06-22T01:16:00Z,0.0269,179,63,4019571,0.0161,TLL12,nominal
2024-06-22T01:17:00Z,0.0399,193,68,3760644,0.0239,FRA04,nominal
2024-06-22T01:18:00Z,0.0165,159,56,3391249,0.0099,FRA04,nominal
2024-06-22T01:19:00Z,0.0412,195,68,3664176,0.0247,ATH08,nominal
2024-06-22T01:20:00Z,0.0325,157,55,1872122,0.0195,MAD05,nominal
2024-06-22T01:21:00Z,0.0109,180,63,2018652,0.0065,FRA04,nominal
2024-06-22T01:22:00Z,0.0109,173,61,998418,0.0065,WAW06,nominal
2024-06-22T01:23:00Z,0.0137,155,54,850147,0.0082,MAD05,nominal
2024-06-22T01:24:00Z,0.0227,156,55,1801169,0.0136,ATH08,nominal
2024-06-22T01:25:00Z,0.0209,173,61,3439684,0.0125,FRA04,nominal
2024-06-22T01:26:00Z,0.0444,175,61,4076370,0.0266,FRA04,nominal
2024-06-22T01:27:00Z,0.013,156,55,2560692,0.0078,CDG03,nominal
2024-06-22T01:28:00Z,0.0206,172,60,882726,0.0124,OSL10,nominal
2024-06-22T01:29:00Z,0.0337,177,62,1404201,0.0202,STO09,nominal
2024-06-22T01:30:00Z,0.0333,177,62,1275354,0.02,CDG03,nominal
2024-06-22T01:31:00Z,0.0313,195,68,2324952,0.0188,CDG03,nominal
2024-06-22T01:32:00Z,0.0376,190,66,4065253,0.0226,AMS01,nominal
2024-06-22T01:33:00Z,0.0432,183,64,1194781,0.0259,WAW06,nominal
2024-06-22T01:34:00Z,0.0357,183,64,3654257,0.0214,BUD07,nominal
2024-06-22T01:35:00Z,0.0486,162,57,3383120,0.0292,FRA04,nominal
2024-06-22T01:36:00Z,0.049,172,60,2744697,0.0294,BUD07,nominal
2024-06-22T01:37:00Z,0.0101,177,62,1179322,0.0061,MAD05,nominal
2024-06-22T01:38:00Z,0.0383,194,68,1729098,0.023,AMS01,nominal
2024-06-22T01:39:00Z,0.0415,183,64,1409338,0.0249,AMS01,nominal
2024-06-22T01:40:00Z,0.0187,172,60,2328867,0.0112,HEL11,nominal
2024-06-22T01:41:00Z,0.0363,156,55,1154814,0.0218,ATH08,nominal
2024-06-22T01:42:00Z,0.0331,156,55,1551118,0.0199,STO09,nominal
2024-06-22T01:43:00Z,0.0216,165,58,2381195,0.013,STO09,nominal
2024-06-22T01:44:00Z,0.0406,195,68,2035623,0.0244,LHR02,nominal
2024-06-22T01:45:00Z,0.0247,157,55,2954827,0.0148,LHR02,nominal
2024-06-22T01:46:00Z,0.011,185,65,1182712,0.0066,LHR02,nominal
2024-06-22T01:47:00Z,0.0468,169,59,2618357,0.0281,LHR02,nominal
2024-06-22T01:48:00Z,0.0231,163,57,4011751,0.0139,HEL11,nominal
2024-06-22T01:49:00Z,0.0108,190,66,4343103,0.0065,WAW06,nominal
2024-06-22T01:50:00Z,0.0188,195,68,1294791,0.0113,WAW06,nominal
2024-06-22T01:51:00Z,0.0286,171,60,1333824,0.0172,AMS01,nominal
2024-06-22T01:52:00Z,0.0481,192,67,2735582,0.0289,OSL10,nominal
2024-06-22T01:53:00Z,0.033,164,57,2329194,0.0198,OSL10,nominal
2024-06-22T01:54:00Z,0.0417,183,64,3745199,0.025,BUD07,nominal
2024-06-22T01:55:00Z,0.0472,187,65,4353208,0.0283,AMS01,nominal
2024-06-22T01:56:00Z,0.0372,164,57,3435550,0.0223,ATH08,nominal
2024-06-22T01:57:00Z,0.0496,176,62,3125959,0.0298,HEL11,nominal
2024-06-22T01:58:00Z,0.0321,156,55,3635680,0.0193,STO09,nominal
2024-06-22T01:59:00Z,0.0441,188,66,1580279,0.0265,AMS01,nominal
2024-06-22T02:00:00Z,0.0314,183,64,2950180,0.0188,LHR02,nominal
2024-06-22T02:01:00Z,0.0287,161,56,3721046,0.0172,WAW06,nominal
2024-06-22T02:02:00Z,0.0466,165,58,2844277,0.028,WAW06,nominal
2024-06-22T02:03:00Z,0.0288,181,63,3981228,0.0173,TLL12,nominal
2024-06-22T02:04:00Z,0.0343,185,65,2924005,0.0206,HEL11,nominal
2024-06-22T02:05:00Z,0.047,171,60,2143898,0.0282,ATH08,nominal
2024-06-22T02:06:00Z,0.0108,176,62,2790550,0.0065,LHR02,nominal
2024-06-22T02:07:00Z,0.0183,194,68,1080415,0.011,ATH08,nominal
2024-06-22T02:08:00Z,0.0123,172,60,1266127,0.0074,WAW06,nominal
2024-06-22T02:09:00Z,0.0196,194,68,4198202,0.0118,TLL12,nominal
2024-06-22T02:10:00Z,0.0401,191,67,1993637,0.0241,ATH08,nominal
2024-06-22T02:11:00Z,0.0387,189,66,2570787,0.0232,LHR02,nominal
2024-06-22T02:12:00Z,0.0379,194,68,3453688,0.0227,LHR02,nominal
2024-06-22T02:13:00Z,0.0344,188,66,3593946,0.0206,ATH08,nominal
2024-06-22T02:14:00Z,0.0115,171,60,3193888,0.0069,AMS01,nominal
2024-06-22T02:15:00Z,0.0487,188,66,1189749,0.0292,AMS01,nominal
2024-06-22T02:16:00Z,0.0253,157,55,1056302,0.0152,OSL10,nominal
2024-06-22T02:17:00Z,0.0446,184,64,3986742,0.0268,CDG03,nominal
2024-06-22T02:18:00Z,0.0454,172,60,3597839,0.0272,STO09,nominal
2024-06-22T02:19:00Z,0.0354,175,61,1795619,0.0212,AMS01,nominal
2024-06-22T02:20:00Z,0.0161,156,55,1118906,0.0097,MAD05,nominal
2024-06-22T02:21:00Z,0.045,167,58,4380166,0.027,FRA04,nominal
2024-06-22T02:22:00Z,0.043,195,68,3443517,0.0258,LHR02,nominal
2024-06-22T02:23:00Z,0.0318,177,62,2793246,0.0191,CDG03,nominal
2024-06-22T02:24:00Z,0.034,186,65,1441299,0.0204,TLL12,nominal
2024-06-22T02:25:00Z,0.0162,195,68,2064070,0.0097,OSL10,nominal
2024-06-22T02:26:00Z,0.0207,194,68,3520886,0.0124,ATH08,nominal
2024-06-22T02:27:00Z,0.0335,190,66,1882555,0.0201,WAW06,nominal
2024-06-22T02:28:00Z,0.0207,191,67,2440985,0.0124,LHR02,nominal
2024-06-22T02:29:00Z,0.0245,162,57,2040315,0.0147,ATH08,nominal
2024-06-22T02:30:00Z,0.0483,193,68,4116947,0.029,MAD05,nominal
2024-06-22T02:31:00Z,0.0381,188,66,3966280,0.0229,LHR02,nominal
2024-06-22T02:32:00Z,0.0359,183,64,1378207,0.0215,FRA04,nominal
2024-06-22T02:33:00Z,0.0472,180,63,2063978,0.0283,ATH08,nominal
2024-06-22T02:34:00Z,0.0329,179,63,865786,0.0197,CDG03,nominal
2024-06-22T02:35:00Z,0.029,188,66,3479874,0.0174,ATH08,nominal
2024-06-22T02:36:00Z,0.0402,155,54,2407170,0.0241,ATH08,nominal
2024-06-22T02:37:00Z,0.039,183,64,3839616,0.0234,WAW06,nominal
2024-06-22T02:38:00Z,0.0363,173,61,3209723,0.0218,WAW06,nominal
2024-06-22T02:39:00Z,0.0289,169,59,3977170,0.0173,STO09,nominal
2024-06-22T02:40:00Z,0.037,174,61,4268127,0.0222,WAW06,nominal
2024-06-22T02:41:00Z,0.0265,170,59,2200535,0.0159,CDG03,nominal
2024-06-22T02:42:00Z,0.0182,185,65,2442705,0.0109,STO09,nominal
2024-06-22T02:43:00Z,0.0231,159,56,4197772,0.0139,HEL11,nominal
2024-06-22T02:44:00Z,0.0442,180,63,2949834,0.0265,LHR02,nominal
2024-06-22T02:45:00Z,0.0145,190,66,4005850,0.0087,FRA04,nominal
2024-06-22T02:46:00Z,0.0334,175,61,2087885,0.02,WAW06,nominal
2024-06-22T02:47:00Z,0.0432,168,59,2730669,0.0259,HEL11,nominal
2024-06-22T02:48:00Z,0.0282,163,57,2422519,0.0169,STO09,nominal
2024-06-22T02:49:00Z,0.0308,192,67,3816011,0.0185,TLL12,nominal
2024-06-22T02:50:00Z,0.0176,158,55,1849522,0.0106,MAD05,nominal
2024-06-22T02:51:00Z,0.0334,182,64,4076904,0.02,BUD07,nominal
2024-06-22T02:52:00Z,0.0488,158,55,3916951,0.0293,CDG03,nominal
2024-06-22T02:53:00Z,0.02,175,61,3239166,0.012,CDG03,nominal
2024-06-22T02:54:00Z,0.0164,164,57,2047013,0.0098,OSL10,nominal
2024-06-22T02:55:00Z,0.0192,187,65,3883900,0.0115,FRA04,nominal
2024-06-22T02:56:00Z,0.0326,156,55,3816622,0.0196,FRA04,nominal
2024-06-22T02:57:00Z,0.0138,163,57,3160905,0.0083,HEL11,nominal
2024-06-22T02:58:00Z,0.0281,185,65,3551956,0.0169,MAD05,nominal
2024-06-22T02:59:00Z,0.0129,171,60,1160281,0.0077,STO09,nominal
2024-06-22T03:00:00Z,0.0271,176,62,2734188,0.0163,STO09,nominal
2024-06-22T03:01:00Z,0.0281,167,58,4227546,0.0169,OSL10,nominal
2024-06-22T03:02:00Z,0.0308,155,54,2169725,0.0185,LHR02,nominal
2024-06-22T03:03:00Z,0.0258,162,57,3633006,0.0155,ATH08,nominal
2024-06-22T03:04:00Z,0.0111,156,55,1480132,0.0067,MAD05,nominal
2024-06-22T03:05:00Z,0.0408,169,59,2372420,0.0245,MAD05,nominal
2024-06-22T03:06:00Z,0.0428,159,56,1430785,0.0257,LHR02,nominal
2024-06-22T03:07:00Z,0.0256,183,64,2708459,0.0154,TLL12,nominal
2024-06-22T03:08:00Z,0.0108,185,65,3565692,0.0065,LHR02,nominal
2024-06-22T03:09:00Z,0.0112,167,58,3866340,0.0067,STO09,nominal
2024-06-22T03:10:00Z,0.0221,176,62,2536117,0.0133,ATH08,nominal
2024-06-22T03:11:00Z,0.0484,176,62,3265175,0.029,WAW06,nominal
2024-06-22T03:12:00Z,0.0348,174,61,2424639,0.0209,WAW06,nominal
2024-06-22T03:13:00Z,0.0401,186,65,1936755,0.0241,LHR02,nominal
2024-06-22T03:14:00Z,0.0277,171,60,2201000,0.0166,HEL11,nominal
2024-06-22T03:15:00Z,0.0217,190,66,3438338,0.013,STO09,nominal
2024-06-22T03:16:00Z,0.0234,193,68,3418992,0.014,WAW06,nominal
2024-06-22T03:17:00Z,0.0253,157,55,2811792,0.0152,CDG03,nominal
2024-06-22T03:18:00Z,0.0486,158,55,1187657,0.0292,HEL11,nominal
2024-06-22T03:19:00Z,0.0378,183,64,3461337,0.0227,FRA04,nominal
2024-06-22T03:20:00Z,0.0111,193,68,1326094,0.0067,ATH08,nominal
2024-06-22T03:21:00Z,0.012,155,54,1546202,0.0072,ATH08,nominal
2024-06-22T03:22:00Z,0.0435,165,58,3901043,0.0261,FRA04,nominal
2024-06-22T03:23:00Z,0.0309,183,64,2331978,0.0185,BUD07,nominal
2024-06-22T03:24:00Z,0.0273,187,65,2311180,0.0164,AMS01,nominal
2024-06-22T03:25:00Z,0.0436,172,60,1145160,0.0262,BUD07,nominal
2024-06-22T03:26:00Z,0.0126,179,63,1590757,0.0076,ATH08,nominal
2024-06-22T03:27:00Z,0.0461,173,61,2246777,0.0277,STO09,nominal
2024-06-22T03:28:00Z,0.0145,169,59,1780006,0.0087,MAD05,nominal
2024-06-22T03:29:00Z,0.0285,188,66,3584743,0.0171,STO09,nominal
2024-06-22T03:30:00Z,0.0409,167,58,2769186,0.0245,BUD07,nominal
2024-06-22T03:31:00Z,0.0401,190,66,3108985,0.0241,WAW06,nominal
2024-06-22T03:32:00Z,0.0331,184,64,1138049,0.0199,TLL12,nominal
2024-06-22T03:33:00Z,0.027,155,54,811867,0.0162,AMS01,nominal
2024-06-22T03:34:00Z,0.0139,186,65,1042164,0.0083,HEL11,nominal
2024-06-22T03:35:00Z,0.0403,174,61,3810347,0.0242,WAW06,nominal
2024-06-22T03:36:00Z,0.0416,186,65,1226915,0.025,TLL12,nominal
2024-06-22T03:37:00Z,0.0452,167,58,3160984,0.0271,CDG03,nominal
2024-06-22T03:38:00Z,0.0396,163,57,1786514,0.0238,OSL10,nominal
2024-06-22T03:39:00Z,0.0464,171,60,2472733,0.0278,CDG03,nominal
2024-06-22T03:40:00Z,0.0114,158,55,2431293,0.0068,HEL11,nominal
2024-06-22T03:41:00Z,0.0116,165,58,2906892,0.007,TLL12,nominal
2024-06-22T03:42:00Z,0.0261,181,63,2297234,0.0157,CDG03,nominal
2024-06-22T03:43:00Z,0.0171,159,56,2404934,0.0103,STO09,nominal
2024-06-22T03:44:00Z,0.0453,182,64,1918150,0.0272,AMS01,nominal
2024-06-22T03:45:00Z,0.0362,188,66,2355538,0.0217,LHR02,nominal
2024-06-22T03:46:00Z,0.0434,168,59,1813974,0.026,FRA04,nominal
2024-06-22T03:47:00Z,0.0146,178,62,2032828,0.0088,TLL12,nominal
2024-06-22T03:48:00Z,0.0156,177,62,3106667,0.0094,HEL11,nominal
2024-06-22T03:49:00Z,0.0181,165,58,924892,0.0109,LHR02,nominal
2024-06-22T03:50:00Z,0.0133,179,63,3313101,0.008,MAD05,nominal
2024-06-22T03:51:00Z,0.0272,171,60,3003512,0.0163,STO09,nominal
2024-06-22T03:52:00Z,0.0414,186,65,4179032,0.0248,TLL12,nominal
2024-06-22T03:53:00Z,0.0266,172,60,4020010,0.016,AMS01,nominal
2024-06-22T03:54:00Z,0.0479,180,63,2016640,0.0287,ATH08,nominal
2024-06-22T03:55:00Z,0.0499,183,64,2257517,0.0299,FRA04,nominal
2024-06-22T03:56:00Z,0.032,193,68,3936410,0.0192,FRA04,nominal
2024-06-22T03:57:00Z,0.0292,157,55,2769857,0.0175,OSL10,nominal
2024-06-22T03:58:00Z,0.0271,195,68,990485,0.0163,ATH08,nominal
2024-06-22T03:59:00Z,0.0352,178,62,2074215,0.0211,OSL10,nominal
2024-06-22T04:00:00Z,0.018,182,64,4428941,0.0108,WAW06,nominal
2024-06-22T04:01:00Z,0.0352,174,61,1570560,0.0211,TLL12,nominal
2024-06-22T04:02:00Z,0.0306,165,58,4421943,0.0184,WAW06,nominal
2024-06-22T04:03:00Z,0.0394,182,64,2419477,0.0236,BUD07,nominal
2024-06-22T04:04:00Z,0.0146,195,68,3298709,0.0088,AMS01,nominal
2024-06-22T04:05:00Z,0.0306,179,63,3588663,0.0184,FRA04,nominal
2024-06-22T04:06:00Z,0.042,171,60,4089837,0.0252,LHR02,nominal
2024-06-22T04:07:00Z,0.0276,190,66,3100309,0.0166,STO09,nominal
2024-06-22T04:08:00Z,0.0229,178,62,2776492,0.0137,OSL10,nominal
2024-06-22T04:09:00Z,0.0379,176,62,1845890,0.0227,WAW06,nominal
2024-06-22T04:10:00Z,0.0179,186,65,3414157,0.0107,HEL11,nominal
2024-06-22T04:11:00Z,0.0481,185,65,4373033,0.0289,LHR02,nominal
2024-06-22T04:12:00Z,0.0142,190,66,4233670,0.0085,MAD05,nominal
2024-06-22T04:13:00Z,0.0494,173,61,3940551,0.0296,WAW06,nominal
2024-06-22T04:14:00Z,0.0213,162,57,1530661,0.0128,STO09,nominal
2024-06-22T04:15:00Z,0.0413,166,58,1305816,0.0248,HEL11,nominal
2024-06-22T04:16:00Z,0.0244,167,58,2889017,0.0146,CDG03,nominal
2024-06-22T04:17:00Z,0.0217,191,67,2633648,0.013,LHR02,nominal
2024-06-22T04:18:00Z,0.0472,159,56,1623417,0.0283,CDG03,nominal
2024-06-22T04:19:00Z,0.0377,167,58,3615433,0.0226,FRA04,nominal
2024-06-22T04:20:00Z,0.0473,163,57,2347672,0.0284,TLL12,nominal
2024-06-22T04:21:00Z,0.0473,184,64,3924348,0.0284,FRA04,nominal
2024-06-22T04:22:00Z,0.0234,168,59,1484602,0.014,AMS01,nominal
2024-06-22T04:23:00Z,0.031,155,54,3419144,0.0186,BUD07,nominal
2024-06-22T04:24:00Z,0.0292,183,64,2806919,0.0175,ATH08,nominal
2024-06-22T04:25:00Z,0.0329,184,64,1172785,0.0197,ATH08,nominal
2024-06-22T04:26:00Z,0.0337,156,55,3096448,0.0202,MAD05,nominal
2024-06-22T04:27:00Z,0.0252,181,63,1151202,0.0151,WAW06,nominal
2024-06-22T04:28:00Z,0.0242,168,59,2224259,0.0145,MAD05,nominal
2024-06-22T04:29:00Z,0.0415,180,63,1013765,0.0249,TLL12,nominal
2024-06-22T04:30:00Z,0.0304,191,67,1604539,0.0182,LHR02,nominal
2024-06-22T04:31:00Z,0.0471,185,65,4412177,0.0283,OSL10,nominal
2024-06-22T04:32:00Z,0.0212,194,68,1756219,0.0127,FRA04,nominal
2024-06-22T04:33:00Z,0.0275,168,59,3050856,0.0165,TLL12,nominal
2024-06-22T04:34:00Z,0.0278,179,63,1623360,0.0167,BUD07,nominal
2024-06-22T04:35:00Z,0.036,178,62,2515262,0.0216,FRA04,nominal
2024-06-22T04:36:00Z,0.0315,186,65,1257131,0.0189,WAW06,nominal
2024-06-22T04:37:00Z,0.0234,172,60,1196297,0.014,ATH08,nominal
2024-06-22T04:38:00Z,0.0219,187,65,3101821,0.0131,BUD07,nominal
2024-06-22T04:39:00Z,0.0115,180,63,3720366,0.0069,STO09,nominal
2024-06-22T04:40:00Z,0.0403,193,68,3482224,0.0242,CDG03,nominal
2024-06-22T04:41:00Z,0.0375,168,59,1269298,0.0225,STO09,nominal
2024-06-22T04:42:00Z,0.0399,183,64,932140,0.0239,WAW06,nominal
2024-06-22T04:43:00Z,0.0487,182,64,2770156,0.0292,LHR02,nominal
2024-06-22T04:44:00Z,0.0128,171,60,3487817,0.0077,LHR02,nominal
2024-06-22T04:45:00Z,0.0249,184,64,3503617,0.0149,HEL11,nominal
2024-06-22T04:46:00Z,0.0303,189,66,3315928,0.0182,WAW06,nominal
2024-06-22T04:47:00Z,0.0304,170,59,3852363,0.0182,CDG03,nominal
2024-06-22T04:48:00Z,0.0101,195,68,2577431,0.0061,STO09,nominal
2024-06-22T04:49:00Z,0.0347,169,59,2395051,0.0208,WAW06,nominal
2024-06-22T04:50:00Z,0.0232,183,64,3067960,0.0139,ATH08,nominal
2024-06-22T04:51:00Z,0.0129,190,66,3501994,0.0077,WAW06,nominal
2024-06-22T04:52:00Z,0.0463,177,62,3329640,0.0278,ATH08,nominal
2024-06-22T04:53:00Z,0.0373,172,60,3480807,0.0224,MAD05,nominal
2024-06-22T04:54:00Z,0.0153,156,55,1700276,0.0092,AMS01,nominal
2024-06-22T04:55:00Z,0.013,179,63,1603198,0.0078,STO09,nominal
2024-06-22T04:56:00Z,0.0228,186,65,4334191,0.0137,ATH08,nominal
2024-06-22T04:57:00Z,0.03,158,55,1340962,0.018,FRA04,nominal
2024-06-22T04:58:00Z,0.0211,178,62,3096371,0.0127,STO09,nominal
2024-06-22T04:59:00Z,0.0105,182,64,4499257,0.0063,LHR02,nominal
2024-06-22T05:00:00Z,0.0295,174,61,1729402,0.0177,MAD05,nominal
2024-06-22T05:01:00Z,0.0351,170,59,1069022,0.0211,ATH08,nominal
2024-06-22T05:02:00Z,0.0333,174,61,906631,0.02,AMS01,nominal
2024-06-22T05:03:00Z,0.0309,170,59,1395803,0.0185,BUD07,nominal
2024-06-22T05:04:00Z,0.0313,191,67,1342197,0.0188,BUD07,nominal
2024-06-22T05:05:00Z,0.0355,164,57,1053786,0.0213,TLL12,nominal
2024-06-22T05:06:00Z,0.0332,179,63,1913029,0.0199,OSL10,nominal
2024-06-22T05:07:00Z,0.0335,184,64,2883610,0.0201,FRA04,nominal
2024-06-22T05:08:00Z,0.0475,188,66,1687016,0.0285,MAD05,nominal
2024-06-22T05:09:00Z,0.0343,157,55,945580,0.0206,OSL10,nominal
2024-06-22T05:10:00Z,0.0469,164,57,3746925,0.0281,LHR02,nominal
2024-06-22T05:11:00Z,0.0135,159,56,1328698,0.0081,OSL10,nominal
2024-06-22T05:12:00Z,0.0322,159,56,3158904,0.0193,FRA04,nominal
2024-06-22T05:13:00Z,0.0324,174,61,1238212,0.0194,LHR02,nominal
2024-06-22T05:14:00Z,0.0404,188,66,1910006,0.0242,ATH08,nominal
2024-06-22T05:15:00Z,0.0233,172,60,2074691,0.014,STO09,nominal
2024-06-22T05:16:00Z,0.0379,181,63,2317685,0.0227,BUD07,nominal
2024-06-22T05:17:00Z,0.0389,183,64,1350975,0.0233,AMS01,nominal
2024-06-22T05:18:00Z,0.0206,159,56,2319582,0.0124,BUD07,nominal
2024-06-22T05:19:00Z,0.0362,175,61,2940071,0.0217,WAW06,nominal
2024-06-22T05:20:00Z,0.0417,187,65,2456193,0.025,WAW06,nominal
2024-06-22T05:21:00Z,0.0409,193,68,3314076,0.0245,BUD07,nominal
2024-06-22T05:22:00Z,0.0132,190,66,2926036,0.0079,LHR02,nominal
2024-06-22T05:23:00Z,0.0186,165,58,1917746,0.0112,TLL12,nominal
2024-06-22T05:24:00Z,0.0489,157,55,1554067,0.0293,WAW06,nominal
2024-06-22T05:25:00Z,0.0194,182,64,1690649,0.0116,HEL11,nominal
2024-06-22T05:26:00Z,0.0362,191,67,3205163,0.0217,TLL12,nominal
2024-06-22T05:27:00Z,0.025,191,67,2200022,0.015,BUD07,nominal
2024-06-22T05:28:00Z,0.0337,191,67,4355353,0.0202,FRA04,nominal
2024-06-22T05:29:00Z,0.0448,195,68,3936289,0.0269,LHR02,nominal
2024-06-22T05:30:00Z,0.0264,173,61,807420,0.0158,LHR02,nominal
2024-06-22T05:31:00Z,0.0364,191,67,2559242,0.0218,MAD05,nominal
2024-06-22T05:32:00Z,0.0156,182,64,2555008,0.0094,LHR02,nominal
2024-06-22T05:33:00Z,0.0266,195,68,1516470,0.016,CDG03,nominal
2024-06-22T05:34:00Z,0.0446,173,61,1324848,0.0268,ATH08,nominal
2024-06-22T05:35:00Z,0.0274,161,56,881198,0.0164,TLL12,nominal
2024-06-22T05:36:00Z,0.043,170,59,1312086,0.0258,CDG03,nominal
2024-06-22T05:37:00Z,0.0437,187,65,2474957,0.0262,TLL12,nominal
2024-06-22T05:38:00Z,0.0279,184,64,2285982,0.0167,AMS01,nominal
2024-06-22T05:39:00Z,0.0456,171,60,1812265,0.0274,BUD07,nominal
2024-06-22T05:40:00Z,0.0264,174,61,2170258,0.0158,HEL11,nominal
2024-06-22T05:41:00Z,0.0496,178,62,1671525,0.0298,HEL11,nominal
2024-06-22T05:42:00Z,0.0183,161,56,1388743,0.011,WAW06,nominal
2024-06-22T05:43:00Z,0.0204,172,60,3579863,0.0122,OSL10,nominal
2024-06-22T05:44:00Z,0.045,156,55,3448825,0.027,BUD07,nominal
2024-06-22T05:45:00Z,0.0341,163,57,2869560,0.0205,AMS01,nominal
2024-06-22T05:46:00Z,0.035,170,59,3136809,0.021,WAW06,nominal
2024-06-22T05:47:00Z,0.0375,160,56,1096914,0.0225,OSL10,nominal
2024-06-22T05:48:00Z,0.0422,174,61,2523231,0.0253,WAW06,nominal
2024-06-22T05:49:00Z,0.0232,170,59,3850777,0.0139,FRA04,nominal
2024-06-22T05:50:00Z,0.0438,190,66,3705466,0.0263,HEL11,nominal
2024-06-22T05:51:00Z,0.0162,192,67,2314685,0.0097,MAD05,nominal
2024-06-22T05:52:00Z,0.0381,187,65,4374628,0.0229,HEL11,nominal
2024-06-22T05:53:00Z,0.0176,182,64,3800187,0.0106,MAD05,nominal
2024-06-22T05:54:00Z,0.0316,178,62,4367127,0.019,TLL12,nominal
2024-06-22T05:55:00Z,0.0251,185,65,3469158,0.0151,FRA04,nominal
2024-06-22T05:56:00Z,0.0265,195,68,3294032,0.0159,TLL12,nominal
2024-06-22T05:57:00Z,0.0401,194,68,1422100,0.0241,CDG03,nominal
2024-06-22T05:58:00Z,0.016,192,67,3807245,0.0096,TLL12,nominal
2024-06-22T05:59:00Z,0.0464,173,61,3256772,0.0278,FRA04,nominal
2024-06-22T06:00:00Z,0.0289,193,68,4076754,0.0173,BUD07,nominal
2024-06-22T06:01:00Z,0.0478,179,63,1011890,0.0287,TLL12,nominal
2024-06-22T06:02:00Z,0.0416,158,55,4265195,0.025,ATH08,nominal
2024-06-22T06:03:00Z,0.0294,170,59,1576677,0.0176,BUD07,nominal
2024-06-22T06:04:00Z,0.0463,164,57,4480979,0.0278,OSL10,nominal
2024-06-22T06:05:00Z,0.0218,179,63,3058031,0.0131,WAW06,nominal
2024-06-22T06:06:00Z,0.0486,156,55,4032358,0.0292,WAW06,nominal
2024-06-22T06:07:00Z,0.0426,167,58,4496587,0.0256,BUD07,nominal
2024-06-22T06:08:00Z,0.0306,176,62,1747733,0.0184,OSL10,nominal
2024-06-22T06:09:00Z,0.0348,170,59,2988416,0.0209,STO09,nominal
2024-06-22T06:10:00Z,0.0262,191,67,2384164,0.0157,OSL10,nominal
2024-06-22T06:11:00Z,0.0378,159,56,4429520,0.0227,HEL11,nominal
2024-06-22T06:12:00Z,0.0381,182,64,2373583,0.0229,MAD05,nominal
2024-06-22T06:13:00Z,0.0395,193,68,1013110,0.0237,BUD07,nominal
2024-06-22T06:14:00Z,0.0325,186,65,1881029,0.0195,MAD05,nominal
2024-06-22T06:15:00Z,0.0155,160,56,1641881,0.0093,FRA04,nominal
2024-06-22T06:16:00Z,0.0127,174,61,1701686,0.0076,STO09,nominal
2024-06-22T06:17:00Z,0.021,174,61,3723181,0.0126,WAW06,nominal
2024-06-22T06:18:00Z,0.0401,179,63,1183112,0.0241,TLL12,nominal
2024-06-22T06:19:00Z,0.0477,156,55,2281757,0.0286,OSL10,nominal
2024-06-22T06:20:00Z,0.0202,172,60,2922704,0.0121,WAW06,nominal
2024-06-22T06:21:00Z,0.0103,180,63,1350285,0.0062,WAW06,nominal
2024-06-22T06:22:00Z,0.0316,195,68,4489351,0.019,STO09,nominal
2024-06-22T06:23:00Z,0.0306,171,60,4409381,0.0184,MAD05,nominal
2024-06-22T06:24:00Z,0.0377,175,61,2626509,0.0226,BUD07,nominal
2024-06-22T06:25:00Z,0.0327,178,62,2184448,0.0196,OSL10,nominal
2024-06-22T06:26:00Z,0.0132,189,66,1155957,0.0079,ATH08,nominal
2024-06-22T06:27:00Z,0.0402,184,64,2572632,0.0241,FRA04,nominal
2024-06-22T06:28:00Z,0.0347,163,57,890988,0.0208,FRA04,nominal
2024-06-22T06:29:00Z,0.0249,180,63,1498926,0.0149,LHR02,nominal
2024-06-22T06:30:00Z,0.0142,156,55,3265889,0.0085,ATH08,nominal
2024-06-22T06:31:00Z,0.0489,165,58,3290305,0.0293,AMS01,nominal
2024-06-22T06:32:00Z,0.0196,165,58,1822709,0.0118,STO09,nominal
2024-06-22T06:33:00Z,0.0164,178,62,3227900,0.0098,STO09,nominal
2024-06-22T06:34:00Z,0.0106,177,62,3765547,0.0064,CDG03,nominal
2024-06-22T06:35:00Z,0.0168,176,62,1422894,0.0101,AMS01,nominal
2024-06-22T06:36:00Z,0.016,164,57,2758845,0.0096,BUD07,nominal
2024-06-22T06:37:00Z,0.0255,174,61,4370516,0.0153,OSL10,nominal
2024-06-22T06:38:00Z,0.0263,162,57,2932650,0.0158,BUD07,nominal
2024-06-22T06:39:00Z,0.0137,166,58,2053159,0.0082,WAW06,nominal
2024-06-22T06:40:00Z,0.0219,179,63,2080242,0.0131,WAW06,nominal
2024-06-22T06:41:00Z,0.0334,172,60,3207523,0.02,WAW06,nominal
2024-06-22T06:42:00Z,0.0452,169,59,2259141,0.0271,ATH08,nominal
2024-06-22T06:43:00Z,0.0158,169,59,3832693,0.0095,HEL11,nominal
2024-06-22T06:44:00Z,0.0419,176,62,2387796,0.0251,STO09,nominal
2024-06-22T06:45:00Z,0.0492,177,62,3891582,0.0295,WAW06,nominal
2024-06-22T06:46:00Z,0.0369,163,57,2681394,0.0221,OSL10,nominal
2024-06-22T06:47:00Z,0.0425,195,68,4487369,0.0255,HEL11,nominal
2024-06-22T06:48:00Z,0.04,179,63,2831789,0.024,MAD05,nominal
2024-06-22T06:49:00Z,0.0341,187,65,4122935,0.0205,STO09,nominal
2024-06-22T06:50:00Z,0.0336,192,67,3579479,0.0202,OSL10,nominal
2024-06-22T06:51:00Z,0.0353,184,64,1002400,0.0212,OSL10,nominal
2024-06-22T06:52:00Z,0.0193,174,61,4487325,0.0116,FRA04,nominal
2024-06-22T06:53:00Z,0.0366,177,62,2671892,0.022,OSL10,nominal
2024-06-22T06:54:00Z,0.0207,160,56,4261173,0.0124,MAD05,nominal
2024-06-22T06:55:00Z,0.0395,184,64,915484,0.0237,FRA04,nominal
2024-06-22T06:56:00Z,0.0296,165,58,4459457,0.0178,WAW06,nominal
2024-06-22T06:57:00Z,0.0494,159,56,1374590,0.0296,CDG03,nominal
2024-06-22T06:58:00Z,0.0443,158,55,1837968,0.0266,WAW06,nominal
2024-06-22T06:59:00Z,0.0414,159,56,2763315,0.0248,HEL11,nominal
2024-06-22T07:00:00Z,0.0416,192,67,3256172,0.025,CDG03,nominal
2024-06-22T07:01:00Z,0.0291,184,64,1859487,0.0175,HEL11,nominal
2024-06-22T07:02:00Z,0.0442,194,68,2088107,0.0265,CDG03,nominal
2024-06-22T07:03:00Z,0.0419,194,68,4365106,0.0251,CDG03,nominal
2024-06-22T07:04:00Z,0.0178,161,56,1138789,0.0107,HEL11,nominal
2024-06-22T07:05:00Z,0.0483,159,56,1741583,0.029,WAW06,nominal
2024-06-22T07:06:00Z,0.0406,193,68,1009299,0.0244,OSL10,nominal
2024-06-22T07:07:00Z,0.0366,164,57,1108461,0.022,STO09,nominal
2024-06-22T07:08:00Z,0.0205,162,57,1419965,0.0123,ATH08,nominal
2024-06-22T07:09:00Z,0.0383,184,64,4073276,0.023,LHR02,nominal
2024-06-22T07:10:00Z,0.0283,190,66,2645909,0.017,WAW06,nominal
2024-06-22T07:11:00Z,0.0104,185,65,1698991,0.0062,BUD07,nominal
2024-06-22T07:12:00Z,0.0231,164,57,1109200,0.0139,CDG03,nominal
2024-06-22T07:13:00Z,0.0131,184,64,2629471,0.0079,BUD07,nominal
2024-06-22T07:14:00Z,0.0205,175,61,1985901,0.0123,AMS01,nominal
2024-06-22T07:15:00Z,0.0277,163,57,3166339,0.0166,AMS01,nominal
2024-06-22T07:16:00Z,0.0408,173,61,1000405,0.0245,MAD05,nominal
2024-06-22T07:17:00Z,0.0402,163,57,1203105,0.0241,CDG03,nominal
2024-06-22T07:18:00Z,0.0121,173,61,3857133,0.0073,STO09,nominal
2024-06-22T07:19:00Z,0.0169,158,55,1221283,0.0101,LHR02,nominal
2024-06-22T07:20:00Z,0.0453,179,63,4155198,0.0272,FRA04,nominal
2024-06-22T07:21:00Z,0.0176,160,56,3707415,0.0106,WAW06,nominal
2024-06-22T07:22:00Z,0.0413,165,58,1198492,0.0248,MAD05,nominal
2024-06-22T07:23:00Z,0.0383,193,68,3460941,0.023,BUD07,nominal
2024-06-22T07:24:00Z,0.0221,163,57,1225678,0.0133,OSL10,nominal
2024-06-22T07:25:00Z,0.0423,175,61,1434635,0.0254,FRA04,nominal
2024-06-22T07:26:00Z,0.0479,166,58,2907150,0.0287,CDG03,nominal
2024-06-22T07:27:00Z,0.0439,185,65,966827,0.0263,OSL10,nominal
2024-06-22T07:28:00Z,0.0295,158,55,4053233,0.0177,OSL10,nominal
2024-06-22T07:29:00Z,0.0238,188,66,2440077,0.0143,CDG03,nominal
2024-06-22T07:30:00Z,0.0346,158,55,3220491,0.0208,FRA04,nominal
2024-06-22T07:31:00Z,0.0291,177,62,4352605,0.0175,FRA04,nominal
2024-06-22T07:32:00Z,0.0328,163,57,2900368,0.0197,LHR02,nominal
2024-06-22T07:33:00Z,0.039,187,65,1797232,0.0234,STO09,nominal
2024-06-22T07:34:00Z,0.0395,173,61,3198444,0.0237,AMS01,nominal
2024-06-22T07:35:00Z,0.0315,157,55,2978843,0.0189,ATH08,nominal
2024-06-22T07:36:00Z,0.0492,172,60,3641526,0.0295,FRA04,nominal
2024-06-22T07:37:00Z,0.0278,162,57,4049470,0.0167,AMS01,nominal
2024-06-22T07:38:00Z,0.0191,168,59,3041529,0.0115,BUD07,nominal
2024-06-22T07:39:00Z,0.0346,161,56,3872661,0.0208,OSL10,nominal
2024-06-22T07:40:00Z,0.0165,186,65,2751055,0.0099,AMS01,nominal
2024-06-22T07:41:00Z,0.0332,182,64,1679530,0.0199,AMS01,nominal
2024-06-22T07:42:00Z,0.0108,181,63,3544727,0.0065,ATH08,nominal
2024-06-22T07:43:00Z,0.0195,187,65,1784282,0.0117,FRA04,nominal
2024-06-22T07:44:00Z,0.0151,173,61,2544805,0.0091,CDG03,nominal
2024-06-22T07:45:00Z,0.0451,175,61,4476219,0.0271,WAW06,nominal
2024-06-22T07:46:00Z,0.0422,169,59,4290408,0.0253,FRA04,nominal
2024-06-22T07:47:00Z,0.0385,169,59,3991558,0.0231,HEL11,nominal
2024-06-22T07:48:00Z,0.0115,172,60,1100653,0.0069,MAD05,nominal
2024-06-22T07:49:00Z,0.0351,170,59,1456522,0.0211,AMS01,nominal
2024-06-22T07:50:00Z,0.023,192,67,1081970,0.0138,FRA04,nominal
2024-06-22T07:51:00Z,0.0188,187,65,4318555,0.0113,FRA04,nominal
2024-06-22T07:52:00Z,0.0104,170,59,1189832,0.0062,TLL12,nominal
2024-06-22T07:53:00Z,0.0133,195,68,1055397,0.008,OSL10,nominal
2024-06-22T07:54:00Z,0.0482,171,60,1227657,0.0289,BUD07,nominal
2024-06-22T07:55:00Z,0.0364,186,65,4004939,0.0218,FRA04,nominal
2024-06-22T07:56:00Z,0.0407,183,64,1170702,0.0244,MAD05,nominal
2024-06-22T07:57:00Z,0.0431,159,56,4098227,0.0259,ATH08,nominal
2024-06-22T07:58:00Z,0.0293,191,67,4272928,0.0176,LHR02,nominal
2024-06-22T07:59:00Z,0.0412,188,66,1458585,0.0247,MAD05,nominal
2024-06-22T08:00:00Z,0.0393,171,60,1050123,0.0236,STO09,nominal
2024-06-22T08:01:00Z,0.0268,177,62,1011574,0.0161,CDG03,nominal
2024-06-22T08:02:00Z,0.0386,166,58,2727069,0.0232,BUD07,nominal
2024-06-22T08:03:00Z,0.0492,178,62,1168105,0.0295,LHR02,nominal
2024-06-22T08:04:00Z,0.0254,178,62,3675004,0.0152,TLL12,nominal
2024-06-22T08:05:00Z,0.0353,163,57,4026140,0.0212,AMS01,nominal
2024-06-22T08:06:00Z,0.0488,172,60,1273053,0.0293,CDG03,nominal
2024-06-22T08:07:00Z,0.0127,174,61,918620,0.0076,OSL10,nominal
2024-06-22T08:08:00Z,0.0438,184,64,3247874,0.0263,CDG03,nominal
2024-06-22T08:09:00Z,0.0117,186,65,3085971,0.007,ATH08,nominal
2024-06-22T08:10:00Z,0.0259,173,61,1038169,0.0155,BUD07,nominal
2024-06-22T08:11:00Z,0.0462,157,55,2895339,0.0277,OSL10,nominal
2024-06-22T08:12:00Z,0.0349,188,66,933934,0.0209,OSL10,nominal
2024-06-22T08:13:00Z,0.0412,182,64,1126230,0.0247,AMS01,nominal
2024-06-22T08:14:00Z,0.0259,190,66,1671146,0.0155,HEL11,nominal
2024-06-22T08:15:00Z,0.0279,187,65,2909770,0.0167,TLL12,nominal
2024-06-22T08:16:00Z,0.0433,168,59,3625409,0.026,HEL11,nominal
2024-06-22T08:17:00Z,0.049,160,56,1103615,0.0294,STO09,nominal
2024-06-22T08:18:00Z,0.0491,179,63,2188376,0.0295,HEL11,nominal
2024-06-22T08:19:00Z,0.0483,171,60,1517455,0.029,BUD07,nominal
2024-06-22T08:20:00Z,0.0378,187,65,924462,0.0227,FRA04,nominal
2024-06-22T08:21:00Z,0.0217,161,56,3258405,0.013,ATH08,nominal
2024-06-22T08:22:00Z,0.0399,186,65,2290888,0.0239,WAW06,nominal
2024-06-22T08:23:00Z,0.0306,179,63,1956984,0.0184,HEL11,nominal
2024-06-22T08:24:00Z,0.0322,187,65,3959238,0.0193,LHR02,nominal
2024-06-22T08:25:00Z,0.027,187,65,1822332,0.0162,OSL10,nominal
2024-06-22T08:26:00Z,0.0475,172,60,3744269,0.0285,BUD07,nominal
2024-06-22T08:27:00Z,0.0309,160,56,2913846,0.0185,WAW06,nominal
2024-06-22T08:28:00Z,0.0418,193,68,3167228,0.0251,FRA04,nominal
2024-06-22T08:29:00Z,0.0128,189,66,3264759,0.0077,FRA04,nominal
2024-06-22T08:30:00Z,0.0411,178,62,3440988,0.0247,CDG03,nominal
2024-06-22T08:31:00Z,0.0451,195,68,3196723,0.0271,ATH08,nominal
2024-06-22T08:32:00Z,0.0272,174,61,2923125,0.0163,AMS01,nominal
2024-06-22T08:33:00Z,0.0407,156,55,822605,0.0244,WAW06,nominal
2024-06-22T08:34:00Z,0.0325,171,60,2190960,0.0195,AMS01,nominal
2024-06-22T08:35:00Z,0.0317,157,55,2502787,0.019,MAD05,nominal
2024-06-22T08:36:00Z,0.0169,179,63,3711686,0.0101,OSL10,nominal
2024-06-22T08:37:00Z,0.0188,187,65,4191732,0.0113,FRA04,nominal
2024-06-22T08:38:00Z,0.017,183,64,3599146,0.0102,CDG03,nominal
2024-06-22T08:39:00Z,0.0183,187,65,2107096,0.011,MAD05,nominal
2024-06-22T08:40:00Z,0.033,179,63,1321256,0.0198,WAW06,nominal
2024-06-22T08:41:00Z,0.0389,179,63,1556496,0.0233,LHR02,nominal
2024-06-22T08:42:00Z,0.0137,181,63,3075483,0.0082,FRA04,nominal
2024-06-22T08:43:00Z,0.0135,178,62,2609117,0.0081,CDG03,nominal
2024-06-22T08:44:00Z,0.0385,195,68,3415454,0.0231,AMS01,nominal
2024-06-22T08:45:00Z,0.039,184,64,2205522,0.0234,ATH08,nominal
2024-06-22T08:46:00Z,0.0424,163,57,3378248,0.0254,MAD05,nominal
2024-06-22T08:47:00Z,0.0441,180,63,4318961,0.0265,ATH08,nominal
2024-06-22T08:48:00Z,0.0355,171,60,3439359,0.0213,AMS01,nominal
2024-06-22T08:49:00Z,0.0136,170,59,1955064,0.0082,CDG03,nominal
2024-06-22T08:50:00Z,0.0379,182,64,3927279,0.0227,LHR02,nominal
2024-06-22T08:51:00Z,0.0416,173,61,2676950,0.025,TLL12,nominal
2024-06-22T08:52:00Z,0.0392,192,67,2463390,0.0235,HEL11,nominal
2024-06-22T08:53:00Z,0.0154,177,62,3016298,0.0092,BUD07,nominal
2024-06-22T08:54:00Z,0.0452,162,57,2728598,0.0271,AMS01,nominal
2024-06-22T08:55:00Z,0.0452,157,55,1968458,0.0271,ATH08,nominal
2024-06-22T08:56:00Z,0.0437,179,63,2824768,0.0262,CDG03,nominal
2024-06-22T08:57:00Z,0.0315,156,55,1166124,0.0189,MAD05,nominal
2024-06-22T08:58:00Z,0.0275,188,66,1226153,0.0165,TLL12,nominal
2024-06-22T08:59:00Z,0.0372,160,56,2020572,0.0223,AMS01,nominal
2024-06-22T09:00:00Z,0.0111,168,59,3794417,0.0067,TLL12,nominal
2024-06-22T09:01:00Z,0.0261,181,63,856571,0.0157,STO09,nominal
2024-06-22T09:02:00Z,0.045,168,59,4434434,0.027,WAW06,nominal
2024-06-22T09:03:00Z,0.0352,181,63,840636,0.0211,LHR02,nominal
2024-06-22T09:04:00Z,0.0266,167,58,1033816,0.016,STO09,nominal
2024-06-22T09:05:00Z,0.0158,186,65,3992134,0.0095,AMS01,nominal
2024-06-22T09:06:00Z,0.035,170,59,1029869,0.021,OSL10,nominal
2024-06-22T09:07:00Z,0.0137,181,63,2126016,0.0082,WAW06,nominal
2024-06-22T09:08:00Z,0.0443,173,61,3570336,0.0266,STO09,nominal
2024-06-22T09:09:00Z,0.0441,192,67,1116702,0.0265,BUD07,nominal
2024-06-22T09:10:00Z,0.045,156,55,3041633,0.027,STO09,nominal
2024-06-22T09:11:00Z,0.0417,182,64,2322675,0.025,STO09,nominal
2024-06-22T09:12:00Z,0.0465,183,64,3523183,0.0279,ATH08,nominal
2024-06-22T09:13:00Z,0.0293,162,57,1125817,0.0176,MAD05,nominal
2024-06-22T09:14:00Z,0.0221,188,66,1366059,0.0133,HEL11,nominal
2024-06-22T09:15:00Z,0.034,174,61,2976751,0.0204,OSL10,nominal
2024-06-22T09:16:00Z,0.0243,190,66,3994495,0.0146,STO09,nominal
2024-06-22T09:17:00Z,0.0207,158,55,3690342,0.0124,LHR02,nominal
2024-06-22T09:18:00Z,0.0283,178,62,1580195,0.017,WAW06,nominal
2024-06-22T09:19:00Z,0.0209,195,68,3289137,0.0125,AMS01,nominal
2024-06-22T09:20:00Z,0.0254,155,54,1036931,0.0152,WAW06,nominal
2024-06-22T09:21:00Z,0.0263,169,59,2733366,0.0158,AMS01,nominal
2024-06-22T09:22:00Z,0.0235,178,62,1979616,0.0141,STO09,nominal
2024-06-22T09:23:00Z,0.0136,157,55,3977349,0.0082,TLL12,nominal
2024-06-22T09:24:00Z,0.0426,174,61,3371076,0.0256,CDG03,nominal
2024-06-22T09:25:00Z,0.0156,183,64,2407057,0.0094,AMS01,nominal
2024-06-22T09:26:00Z,0.0329,178,62,2420926,0.0197,WAW06,nominal
2024-06-22T09:27:00Z,0.0238,166,58,4292423,0.0143,TLL12,nominal
2024-06-22T09:28:00Z,0.0209,178,62,2762192,0.0125,LHR02,nominal
2024-06-22T09:29:00Z,0.0278,185,65,2133539,0.0167,LHR02,nominal
2024-06-22T09:30:00Z,0.0453,177,62,2957505,0.0272,STO09,nominal
2024-06-22T09:31:00Z,0.0359,192,67,2085086,0.0215,TLL12,nominal
2024-06-22T09:32:00Z,0.0125,165,58,1045639,0.0075,TLL12,nominal
2024-06-22T09:33:00Z,0.0362,187,65,1202061,0.0217,AMS01,nominal
2024-06-22T09:34:00Z,0.0144,177,62,3569065,0.0086,OSL10,nominal
2024-06-22T09:35:00Z,0.0128,193,68,1938900,0.0077,ATH08,nominal
2024-06-22T09:36:00Z,0.0465,194,68,2409712,0.0279,LHR02,nominal
2024-06-22T09:37:00Z,0.0384,188,66,3568673,0.023,MAD05,nominal
2024-06-22T09:38:00Z,0.0115,156,55,2171922,0.0069,LHR02,nominal
2024-06-22T09:39:00Z,0.043,166,58,3582809,0.0258,STO09,nominal
2024-06-22T09:40:00Z,0.0109,183,64,4289341,0.0065,OSL10,nominal
2024-06-22T09:41:00Z,0.0251,160,56,3076252,0.0151,LHR02,nominal
2024-06-22T09:42:00Z,0.0184,184,64,4108004,0.011,WAW06,nominal
2024-06-22T09:43:00Z,0.0314,179,63,3196280,0.0188,CDG03,nominal
2024-06-22T09:44:00Z,0.048,185,65,3706741,0.0288,LHR02,nominal
2024-06-22T09:45:00Z,0.0355,170,59,2750459,0.0213,BUD07,nominal
2024-06-22T09:46:00Z,0.0157,167,58,4305759,0.0094,MAD05,nominal
2024-06-22T09:47:00Z,0.0469,181,63,902944,0.0281,MAD05,nominal
2024-06-22T09:48:00Z,0.0155,168,59,1304323,0.0093,AMS01,nominal
2024-06-22T09:49:00Z,0.0251,185,65,3621902,0.0151,ATH08,nominal
2024-06-22T09:50:00Z,0.0174,167,58,1807323,0.0104,TLL12,nominal
2024-06-22T09:51:00Z,0.0118,158,55,3272849,0.0071,LHR02,nominal
2024-06-22T09:52:00Z,0.0146,184,64,909445,0.0088,FRA04,nominal
2024-06-22T09:53:00Z,0.0481,189,66,3683971,0.0289,BUD07,nominal
2024-06-22T09:54:00Z,0.0326,193,68,2276900,0.0196,AMS01,nominal
2024-06-22T09:55:00Z,0.0376,185,65,3994784,0.0226,MAD05,nominal
2024-06-22T09:56:00Z,0.0305,165,58,2815817,0.0183,CDG03,nominal
2024-06-22T09:57:00Z,0.0112,176,62,4172319,0.0067,BUD07,nominal
2024-06-22T09:58:00Z,0.0209,175,61,4380585,0.0125,FRA04,nominal
2024-06-22T09:59:00Z,0.0462,167,58,1805211,0.0277,CDG03,nominal
2024-06-22T10:00:00Z,0.0225,188,66,3803250,0.0135,STO09,nominal
2024-06-22T10:01:00Z,0.0203,156,55,2939860,0.0122,LHR02,nominal
2024-06-22T10:02:00Z,0.0177,162,57,1432293,0.0106,LHR02,nominal
2024-06-22T10:03:00Z,0.0122,168,59,1558028,0.0073,WAW06,nominal
2024-06-22T10:04:00Z,0.0292,185,65,3055841,0.0175,WAW06,nominal
2024-06-22T10:05:00Z,0.0365,175,61,3903901,0.0219,LHR02,nominal
2024-06-22T10:06:00Z,0.0129,182,64,3805771,0.0077,FRA04,nominal
2024-06-22T10:07:00Z,0.0343,178,62,3746929,0.0206,AMS01,nominal
2024-06-22T10:08:00Z,0.0358,168,59,3511978,0.0215,FRA04,nominal
2024-06-22T10:09:00Z,0.0449,168,59,2125105,0.0269,BUD07,nominal
2024-06-22T10:10:00Z,0.0354,185,65,1537317,0.0212,AMS01,nominal
2024-06-22T10:11:00Z,0.0148,182,64,2435570,0.0089,CDG03,nominal
2024-06-22T10:12:00Z,0.0333,188,66,3580286,0.02,WAW06,nominal
2024-06-22T10:13:00Z,0.0313,157,55,2183686,0.0188,STO09,nominal
2024-06-22T10:14:00Z,0.05,160,56,4370468,0.03,LHR02,nominal
2024-06-22T10:15:00Z,0.0259,175,61,810279,0.0155,TLL12,nominal
2024-06-22T10:16:00Z,0.019,192,67,2091625,0.0114,BUD07,nominal
2024-06-22T10:17:00Z,0.0279,195,68,2486118,0.0167,LHR02,nominal
2024-06-22T10:18:00Z,0.0419,181,63,1281253,0.0251,ATH08,nominal
2024-06-22T10:19:00Z,0.0472,195,68,4452225,0.0283,HEL11,nominal
2024-06-22T10:20:00Z,0.0316,161,56,2331894,0.019,CDG03,nominal
2024-06-22T10:21:00Z,0.0186,189,66,1518822,0.0112,FRA04,nominal
2024-06-22T10:22:00Z,0.0281,158,55,3612711,0.0169,TLL12,nominal
2024-06-22T10:23:00Z,0.0218,159,56,2494102,0.0131,WAW06,nominal
2024-06-22T10:24:00Z,0.0365,185,65,3881165,0.0219,STO09,nominal
2024-06-22T10:25:00Z,0.0325,175,61,1450890,0.0195,LHR02,nominal
2024-06-22T10:26:00Z,0.0265,159,56,1141029,0.0159,AMS01,nominal
2024-06-22T10:27:00Z,0.0182,155,54,1686848,0.0109,WAW06,nominal
2024-06-22T10:28:00Z,0.0217,188,66,1637680,0.013,LHR02,nominal
2024-06-22T10:29:00Z,0.0357,160,56,4384910,0.0214,MAD05,nominal
2024-06-22T10:30:00Z,0.0149,179,63,3917688,0.0089,WAW06,nominal
2024-06-22T10:31:00Z,0.0129,155,54,2721829,0.0077,MAD05,nominal
2024-06-22T10:32:00Z,0.0232,185,65,2026569,0.0139,BUD07,nominal
2024-06-22T10:33:00Z,0.0412,166,58,1192596,0.0247,CDG03,nominal
2024-06-22T10:34:00Z,0.0235,195,68,3056231,0.0141,LHR02,nominal
2024-06-22T10:35:00Z,0.0148,175,61,2060028,0.0089,HEL11,nominal
2024-06-22T10:36:00Z,0.0209,165,58,1401839,0.0125,AMS01,nominal
2024-06-22T10:37:00Z,0.016,187,65,4122456,0.0096,LHR02,nominal
2024-06-22T10:38:00Z,0.0144,174,61,3202727,0.0086,HEL11,nominal
2024-06-22T10:39:00Z,0.033,174,61,3502682,0.0198,WAW06,nominal
2024-06-22T10:40:00Z,0.0439,165,58,4372111,0.0263,AMS01,nominal
2024-06-22T10:41:00Z,0.038,158,55,3726334,0.0228,STO09,nominal
2024-06-22T10:42:00Z,0.0434,173,61,3752846,0.026,OSL10,nominal
2024-06-22T10:43:00Z,0.0217,158,55,3680935,0.013,TLL12,nominal
2024-06-22T10:44:00Z,0.0484,195,68,2313746,0.029,OSL10,nominal
2024-06-22T10:45:00Z,0.0359,184,64,2590207,0.0215,STO09,nominal
2024-06-22T10:46:00Z,0.0214,157,55,2037427,0.0128,STO09,nominal
2024-06-22T10:47:00Z,0.0496,167,58,1574587,0.0298,TLL12,nominal
2024-06-22T10:48:00Z,0.0353,191,67,2669406,0.0212,CDG03,nominal
2024-06-22T10:49:00Z,0.0407,155,54,1694532,0.0244,WAW06,nominal
2024-06-22T10:50:00Z,0.0473,195,68,1833597,0.0284,TLL12,nominal
2024-06-22T10:51:00Z,0.0141,168,59,1053499,0.0085,LHR02,nominal
2024-06-22T10:52:00Z,0.0322,180,63,2085626,0.0193,WAW06,nominal
2024-06-22T10:53:00Z,0.024,155,54,1219426,0.0144,FRA04,nominal
2024-06-22T10:54:00Z,0.043,159,56,1571864,0.0258,LHR02,nominal
2024-06-22T10:55:00Z,0.0362,192,67,828267,0.0217,CDG03,nominal
2024-06-22T10:56:00Z,0.0481,165,58,1989605,0.0289,AMS01,nominal
2024-06-22T10:57:00Z,0.0442,185,65,1316658,0.0265,CDG03,nominal
2024-06-22T10:58:00Z,0.0171,184,64,2346192,0.0103,CDG03,nominal
2024-06-22T10:59:00Z,0.0333,165,58,3011697,0.02,MAD05,nominal
2024-06-22T11:00:00Z,0.0418,162,57,4193441,0.0251,TLL12,nominal
2024-06-22T11:01:00Z,0.0332,182,64,1558532,0.0199,AMS01,nominal
2024-06-22T11:02:00Z,0.0234,159,56,1299846,0.014,ATH08,nominal
2024-06-22T11:03:00Z,0.0131,176,62,3324035,0.0079,HEL11,nominal
2024-06-22T11:04:00Z,0.0405,156,55,2911515,0.0243,AMS01,nominal
2024-06-22T11:05:00Z,0.0163,159,56,3576671,0.0098,STO09,nominal
2024-06-22T11:06:00Z,0.034,195,68,1777360,0.0204,MAD05,nominal
2024-06-22T11:07:00Z,0.0188,158,55,3975488,0.0113,HEL11,nominal
2024-06-22T11:08:00Z,0.04,168,59,3630132,0.024,FRA04,nominal
2024-06-22T11:09:00Z,0.043,181,63,2613613,0.0258,STO09,nominal
2024-06-22T11:10:00Z,0.0131,162,57,2812199,0.0079,CDG03,nominal
2024-06-22T11:11:00Z,0.0257,159,56,2654290,0.0154,ATH08,nominal
2024-06-22T11:12:00Z,0.0273,181,63,3735319,0.0164,FRA04,nominal
2024-06-22T11:13:00Z,0.031,162,57,1522430,0.0186,AMS01,nominal
2024-06-22T11:14:00Z,0.0393,161,56,2630153,0.0236,HEL11,nominal
2024-06-22T11:15:00Z,0.0479,162,57,1000879,0.0287,MAD05,nominal
2024-06-22T11:16:00Z,0.0184,188,66,2806559,0.011,HEL11,nominal
2024-06-22T11:17:00Z,0.0111,195,68,1695213,0.0067,MAD05,nominal
2024-06-22T11:18:00Z,0.0281,159,56,1896387,0.0169,CDG03,nominal
2024-06-22T11:19:00Z,0.0499,187,65,2923886,0.0299,AMS01,nominal
2024-06-22T11:20:00Z,0.0268,170,59,3892174,0.0161,LHR02,nominal
2024-06-22T11:21:00Z,0.0191,170,59,1316360,0.0115,AMS01,nominal
2024-06-22T11:22:00Z,0.0386,174,61,2606735,0.0232,FRA04,nominal
2024-06-22T11:23:00Z,0.0428,182,64,1028144,0.0257,BUD07,nominal
2024-06-22T11:24:00Z,0.0467,169,59,986450,0.028,CDG03,nominal
2024-06-22T11:25:00Z,0.0392,185,65,2957103,0.0235,CDG03,nominal
2024-06-22T11:26:00Z,0.0335,159,56,4217868,0.0201,HEL11,nominal
2024-06-22T11:27:00Z,0.0251,187,65,1439138,0.0151,STO09,nominal
2024-06-22T11:28:00Z,0.0293,168,59,4325738,0.0176,WAW06,nominal
2024-06-22T11:29:00Z,0.0312,161,56,2081263,0.0187,FRA04,nominal
2024-06-22T11:30:00Z,0.0113,166,58,4196445,0.0068,FRA04,nominal
2024-06-22T11:31:00Z,0.0374,170,59,4302900,0.0224,STO09,nominal
2024-06-22T11:32:00Z,0.0381,166,58,3093469,0.0229,AMS01,nominal
2024-06-22T11:33:00Z,0.0385,195,68,1514995,0.0231,ATH08,nominal
2024-06-22T11:34:00Z,0.0375,182,64,3898986,0.0225,HEL11,nominal
2024-06-22T11:35:00Z,0.0447,157,55,2209771,0.0268,LHR02,nominal
2024-06-22T11:36:00Z,0.0218,182,64,1904833,0.0131,FRA04,nominal
2024-06-22T11:37:00Z,0.0232,168,59,1229563,0.0139,TLL12,nominal
2024-06-22T11:38:00Z,0.0408,161,56,2345296,0.0245,STO09,nominal
2024-06-22T11:39:00Z,0.0436,193,68,4277199,0.0262,MAD05,nominal
2024-06-22T11:40:00Z,0.0156,155,54,2635590,0.0094,LHR02,nominal
2024-06-22T11:41:00Z,0.0143,190,66,3804768,0.0086,BUD07,nominal
2024-06-22T11:42:00Z,0.0232,162,57,1116347,0.0139,AMS01,nominal
2024-06-22T11:43:00Z,0.0144,189,66,1425560,0.0086,LHR02,nominal
2024-06-22T11:44:00Z,0.0235,189,66,3888751,0.0141,BUD07,nominal
2024-06-22T11:45:00Z,0.0339,167,58,1400969,0.0203,TLL12,nominal
2024-06-22T11:46:00Z,0.0297,169,59,3943696,0.0178,AMS01,nominal
2024-06-22T11:47:00Z,0.0296,191,67,3073888,0.0178,OSL10,nominal
2024-06-22T11:48:00Z,0.0342,175,61,2405034,0.0205,CDG03,nominal
2024-06-22T11:49:00Z,0.0135,173,61,2886770,0.0081,STO09,nominal
2024-06-22T11:50:00Z,0.0261,181,63,2698556,0.0157,LHR02,nominal
2024-06-22T11:51:00Z,0.0266,175,61,2376960,0.016,FRA04,nominal
2024-06-22T11:52:00Z,0.0249,194,68,2442104,0.0149,FRA04,nominal
2024-06-22T11:53:00Z,0.0393,173,61,3479095,0.0236,MAD05,nominal
2024-06-22T11:54:00Z,0.0288,160,56,1947923,0.0173,MAD05,nominal
2024-06-22T11:55:00Z,0.0197,157,55,1226506,0.0118,STO09,nominal
2024-06-22T11:56:00Z,0.0484,175,61,3027368,0.029,HEL11,nominal
2024-06-22T11:57:00Z,0.0445,174,61,2102026,0.0267,FRA04,nominal
2024-06-22T11:58:00Z,0.0307,181,63,4073862,0.0184,WAW06,nominal
2024-06-22T11:59:00Z,0.0286,164,57,1761874,0.0172,CDG03,nominal
2024-06-22T12:00:00Z,0.0307,173,61,3852931,0.0184,STO09,nominal
2024-06-22T12:01:00Z,0.0467,186,65,1656112,0.028,HEL11,nominal
2024-06-22T12:02:00Z,0.0197,157,55,2243606,0.0118,TLL12,nominal
2024-06-22T12:03:00Z,0.0169,193,68,4493685,0.0101,BUD07,nominal
2024-06-22T12:04:00Z,0.0208,184,64,984131,0.0125,MAD05,nominal
2024-06-22T12:05:00Z,0.049,162,57,1327802,0.0294,ATH08,nominal
2024-06-22T12:06:00Z,0.0224,163,57,813113,0.0134,STO09,nominal
2024-06-22T12:07:00Z,0.029,192,67,3781898,0.0174,WAW06,nominal
2024-06-22T12:08:00Z,0.0275,191,67,1490330,0.0165,CDG03,nominal
2024-06-22T12:09:00Z,0.0344,165,58,3169602,0.0206,STO09,nominal
2024-06-22T12:10:00Z,0.0252,179,63,3784261,0.0151,BUD07,nominal
2024-06-22T12:11:00Z,0.0194,171,60,3746510,0.0116,LHR02,nominal
2024-06-22T12:12:00Z,0.0427,156,55,2472041,0.0256,CDG03,nominal
2024-06-22T12:13:00Z,0.0416,190,66,1626083,0.025,TLL12,nominal
2024-06-22T12:14:00Z,0.0228,175,61,2065342,0.0137,WAW06,nominal
2024-06-22T12:15:00Z,0.0104,186,65,3644359,0.0062,OSL10,nominal
2024-06-22T12:16:00Z,0.0356,180,63,2842187,0.0214,OSL10,nominal
2024-06-22T12:17:00Z,0.0293,171,60,2420016,0.0176,LHR02,nominal
2024-06-22T12:18:00Z,0.022,180,63,3884966,0.0132,BUD07,nominal
2024-06-22T12:19:00Z,0.0163,193,68,2605787,0.0098,TLL12,nominal
2024-06-22T12:20:00Z,0.0145,192,67,3585328,0.0087,AMS01,nominal
2024-06-22T12:21:00Z,0.049,194,68,1163433,0.0294,OSL10,nominal
2024-06-22T12:22:00Z,0.0206,169,59,2316119,0.0124,MAD05,nominal
2024-06-22T12:23:00Z,0.012,168,59,1966378,0.0072,AMS01,nominal
2024-06-22T12:24:00Z,0.0172,174,61,3079198,0.0103,OSL10,nominal
2024-06-22T12:25:00Z,0.0261,169,59,2595988,0.0157,STO09,nominal
2024-06-22T12:26:00Z,0.0241,159,56,3126869,0.0145,HEL11,nominal
2024-06-22T12:27:00Z,0.0455,182,64,1477729,0.0273,LHR02,nominal
2024-06-22T12:28:00Z,0.0146,189,66,1856142,0.0088,BUD07,nominal
2024-06-22T12:29:00Z,0.0207,179,63,1574157,0.0124,FRA04,nominal
2024-06-22T12:30:00Z,0.0388,179,63,2451530,0.0233,ATH08,nominal
2024-06-22T12:31:00Z,0.0351,165,58,3862019,0.0211,AMS01,nominal
2024-06-22T12:32:00Z,0.0151,194,68,2370201,0.0091,MAD05,nominal
2024-06-22T12:33:00Z,0.0207,166,58,4282310,0.0124,AMS01,nominal
2024-06-22T12:34:00Z,0.0464,169,59,3062987,0.0278,FRA04,nominal
2024-06-22T12:35:00Z,0.0479,156,55,2629741,0.0287,WAW06,nominal
2024-06-22T12:36:00Z,0.0372,171,60,3980321,0.0223,FRA04,nominal
2024-06-22T12:37:00Z,0.0243,163,57,2965037,0.0146,OSL10,nominal
2024-06-22T12:38:00Z,0.0456,187,65,1647984,0.0274,STO09,nominal
2024-06-22T12:39:00Z,0.045,171,60,3088796,0.027,AMS01,nominal
2024-06-22T12:40:00Z,0.0439,167,58,3203747,0.0263,CDG03,nominal
2024-06-22T12:41:00Z,0.0287,189,66,4332775,0.0172,WAW06,nominal
2024-06-22T12:42:00Z,0.0279,174,61,1119850,0.0167,OSL10,nominal
2024-06-22T12:43:00Z,0.0172,182,64,3506772,0.0103,ATH08,nominal
2024-06-22T12:44:00Z,0.0209,155,54,4319709,0.0125,MAD05,nominal
2024-06-22T12:45:00Z,0.0382,173,61,3836477,0.0229,LHR02,nominal
2024-06-22T12:46:00Z,0.0381,183,64,1851009,0.0229,ATH08,nominal
2024-06-22T12:47:00Z,0.0167,170,59,4277687,0.01,BUD07,nominal
2024-06-22T12:48:00Z,0.0242,167,58,3198279,0.0145,AMS01,nominal
2024-06-22T12:49:00Z,0.0414,174,61,2840942,0.0248,MAD05,nominal
2024-06-22T12:50:00Z,0.02,188,66,1332684,0.012,FRA04,nominal
2024-06-22T12:51:00Z,0.0338,175,61,2786355,0.0203,OSL10,nominal
2024-06-22T12:52:00Z,0.0389,183,64,2652852,0.0233,CDG03,nominal
2024-06-22T12:53:00Z,0.0288,165,58,2610304,0.0173,WAW06,nominal
2024-06-22T12:54:00Z,0.0185,188,66,2624783,0.0111,TLL12,nominal
2024-06-22T12:55:00Z,0.0438,192,67,2147304,0.0263,FRA04,nominal
2024-06-22T12:56:00Z,0.0246,190,66,2554650,0.0148,TLL12,nominal
2024-06-22T12:57:00Z,0.0326,163,57,4067378,0.0196,TLL12,nominal
2024-06-22T12:58:00Z,0.0268,187,65,4150754,0.0161,LHR02,nominal
2024-06-22T12:59:00Z,0.0121,157,55,4080190,0.0073,LHR02,nominal
2024-06-22T13:00:00Z,0.0321,160,56,3629871,0.0193,ATH08,nominal
2024-06-22T13:01:00Z,0.0397,177,62,1404266,0.0238,AMS01,nominal
2024-06-22T13:02:00Z,0.0316,193,68,3684360,0.019,MAD05,nominal
2024-06-22T13:03:00Z,0.0166,186,65,3414234,0.01,LHR02,nominal
2024-06-22T13:04:00Z,0.0454,163,57,1772305,0.0272,AMS01,nominal
2024-06-22T13:05:00Z,0.0105,187,65,2202638,0.0063,LHR02,nominal
2024-06-22T13:06:00Z,0.0181,157,55,4347990,0.0109,BUD07,nominal
2024-06-22T13:07:00Z,0.0158,174,61,3518037,0.0095,MAD05,nominal
2024-06-22T13:08:00Z,0.0409,161,56,3016495,0.0245,OSL10,nominal
2024-06-22T13:09:00Z,0.0281,161,56,2673105,0.0169,STO09,nominal
2024-06-22T13:10:00Z,0.0483,185,65,1215415,0.029,LHR02,nominal
2024-06-22T13:11:00Z,0.0307,188,66,3079323,0.0184,OSL10,nominal
2024-06-22T13:12:00Z,0.0392,175,61,4400706,0.0235,BUD07,nominal
2024-06-22T13:13:00Z,0.0103,192,67,1033312,0.0062,OSL10,nominal
2024-06-22T13:14:00Z,0.043,179,63,4003436,0.0258,OSL10,nominal
2024-06-22T13:15:00Z,0.0329,189,66,821186,0.0197,TLL12,nominal
2024-06-22T13:16:00Z,0.0497,189,66,1994265,0.0298,ATH08,nominal
2024-06-22T13:17:00Z,0.0339,175,61,3168781,0.0203,OSL10,nominal
2024-06-22T13:18:00Z,0.0225,172,60,1469223,0.0135,WAW06,nominal
2024-06-22T13:19:00Z,0.0228,189,66,1490849,0.0137,FRA04,nominal
2024-06-22T13:20:00Z,0.0249,182,64,3104193,0.0149,ATH08,nominal
2024-06-22T13:21:00Z,0.0183,159,56,4130529,0.011,FRA04,nominal
2024-06-22T13:22:00Z,0.0297,193,68,1826113,0.0178,BUD07,nominal
2024-06-22T13:23:00Z,0.037,159,56,4149008,0.0222,FRA04,nominal
2024-06-22T13:24:00Z,0.0389,187,65,2477729,0.0233,MAD05,nominal
2024-06-22T13:25:00Z,0.0347,181,63,1729065,0.0208,FRA04,nominal
2024-06-22T13:26:00Z,0.0449,156,55,3694485,0.0269,OSL10,nominal
2024-06-22T13:27:00Z,0.0368,170,59,2474449,0.0221,AMS01,nominal
2024-06-22T13:28:00Z,0.0455,163,57,3324846,0.0273,OSL10,nominal
2024-06-22T13:29:00Z,0.0482,192,67,874489,0.0289,LHR02,nominal
2024-06-22T13:30:00Z,0.041,194,68,2188930,0.0246,AMS01,nominal
2024-06-22T13:31:00Z,0.029,159,56,1559708,0.0174,HEL11,nominal
2024-06-22T13:32:00Z,0.02,194,68,2697467,0.012,ATH08,nominal
2024-06-22T13:33:00Z,0.0285,166,58,3273233,0.0171,ATH08,nominal
2024-06-22T13:34:00Z,0.0353,170,59,1349432,0.0212,HEL11,nominal
2024-06-22T13:35:00Z,0.0145,190,66,1996647,0.0087,FRA04,nominal
2024-06-22T13:36:00Z,0.01,163,57,3460089,0.006,TLL12,nominal
2024-06-22T13:37:00Z,0.0336,195,68,1280648,0.0202,OSL10,nominal
2024-06-22T13:38:00Z,0.0176,184,64,2204515,0.0106,CDG03,nominal
2024-06-22T13:39:00Z,0.0287,195,68,2089679,0.0172,BUD07,nominal
2024-06-22T13:40:00Z,0.0202,161,56,2520532,0.0121,AMS01,nominal
2024-06-22T13:41:00Z,0.0443,160,56,2561121,0.0266,FRA04,nominal
2024-06-22T13:42:00Z,0.0105,193,68,1600419,0.0063,FRA04,nominal
2024-06-22T13:43:00Z,0.0192,177,62,3124043,0.0115,LHR02,nominal
2024-06-22T13:44:00Z,0.0129,176,62,4296888,0.0077,LHR02,nominal
2024-06-22T13:45:00Z,0.0342,164,57,3471414,0.0205,STO09,nominal
2024-06-22T13:46:00Z,0.0141,189,66,1171454,0.0085,AMS01,nominal
2024-06-22T13:47:00Z,0.0195,194,68,3639771,0.0117,BUD07,nominal
2024-06-22T13:48:00Z,0.0385,157,55,1118295,0.0231,CDG03,nominal
2024-06-22T13:49:00Z,0.0151,163,57,2103196,0.0091,HEL11,nominal
2024-06-22T13:50:00Z,0.0165,193,68,2458631,0.0099,OSL10,nominal
2024-06-22T13:51:00Z,0.0338,155,54,3189550,0.0203,STO09,nominal
2024-06-22T13:52:00Z,0.0424,165,58,1334182,0.0254,WAW06,nominal
2024-06-22T13:53:00Z,0.0123,169,59,1569247,0.0074,STO09,nominal
2024-06-22T13:54:00Z,0.0386,194,68,1214467,0.0232,FRA04,nominal
2024-06-22T13:55:00Z,0.0184,161,56,2891308,0.011,AMS01,nominal
2024-06-22T13:56:00Z,0.0466,176,62,3758101,0.028,AMS01,nominal
2024-06-22T13:57:00Z,0.025,193,68,2131974,0.015,HEL11,nominal
2024-06-22T13:58:00Z,0.0448,156,55,3085722,0.0269,OSL10,nominal
2024-06-22T13:59:00Z,0.0305,164,57,1992758,0.0183,STO09,nominal
2024-06-22T14:00:00Z,0.043,171,60,1961383,0.0258,AMS01,nominal
2024-06-22T14:01:00Z,0.0492,167,58,2626627,0.0295,CDG03,nominal
2024-06-22T14:02:00Z,0.0459,168,59,3132000,0.0275,HEL11,nominal
2024-06-22T14:03:00Z,0.0496,192,67,1027736,0.0298,WAW06,nominal
2024-06-22T14:04:00Z,0.0245,191,67,3172391,0.0147,TLL12,nominal
2024-06-22T14:05:00Z,0.0344,176,62,3496257,0.0206,CDG03,nominal
2024-06-22T14:06:00Z,0.047,160,56,3006573,0.0282,BUD07,nominal
2024-06-22T14:07:00Z,0.0361,193,68,1637045,0.0217,HEL11,nominal
2024-06-22T14:08:00Z,0.0452,185,65,2774991,0.0271,CDG03,nominal
2024-06-22T14:09:00Z,0.0396,178,62,2772360,0.0238,STO09,nominal
2024-06-22T14:10:00Z,0.0205,165,58,1509353,0.0123,MAD05,nominal
2024-06-22T14:11:00Z,0.0224,175,61,1448232,0.0134,BUD07,nominal
2024-06-22T14:12:00Z,0.0381,184,64,1280498,0.0229,WAW06,nominal
2024-06-22T14:13:00Z,0.027,161,56,3837584,0.0162,WAW06,nominal
2024-06-22T14:14:00Z,0.0448,195,68,2557957,0.0269,MAD05,nominal
2024-06-22T14:15:00Z,0.0362,163,57,1091609,0.0217,BUD07,nominal
2024-06-22T14:16:00Z,0.0297,180,63,3941296,0.0178,FRA04,nominal
2024-06-22T14:17:00Z,0.0321,166,58,2317085,0.0193,ATH08,nominal
2024-06-22T14:18:00Z,0.0196,180,63,1200372,0.0118,BUD07,nominal
2024-06-22T14:19:00Z,0.035,190,66,2507301,0.021,MAD05,nominal
2024-06-22T14:20:00Z,0.0277,177,62,1112901,0.0166,OSL10,nominal
2024-06-22T14:21:00Z,0.0423,169,59,3229602,0.0254,LHR02,nominal
2024-06-22T14:22:00Z,0.0254,187,65,3753285,0.0152,CDG03,nominal
2024-06-22T14:23:00Z,0.0239,169,59,1105915,0.0143,FRA04,nominal
2024-06-22T14:24:00Z,0.0209,160,56,3281323,0.0125,BUD07,nominal
2024-06-22T14:25:00Z,0.0439,163,57,1563515,0.0263,LHR02,nominal
2024-06-22T14:26:00Z,0.0305,190,66,3096259,0.0183,WAW06,nominal
2024-06-22T14:27:00Z,0.0406,190,66,993730,0.0244,LHR02,nominal
2024-06-22T14:28:00Z,0.0437,181,63,3544023,0.0262,WAW06,nominal
2024-06-22T14:29:00Z,0.0373,190,66,1435393,0.0224,ATH08,nominal
2024-06-22T14:30:00Z,0.0375,166,58,1625749,0.0225,AMS01,nominal
2024-06-22T14:31:00Z,0.0112,192,67,1473754,0.0067,AMS01,nominal
2024-06-22T14:32:00Z,0.0166,195,68,2204134,0.01,OSL10,nominal
2024-06-22T14:33:00Z,0.0256,181,63,2998287,0.0154,LHR02,nominal
2024-06-22T14:34:00Z,0.0491,159,56,3987925,0.0295,TLL12,nominal
2024-06-22T14:35:00Z,0.0402,166,58,3245143,0.0241,BUD07,nominal
2024-06-22T14:36:00Z,0.0317,169,59,1032316,0.019,AMS01,nominal
2024-06-22T14:37:00Z,0.0436,161,56,2287661,0.0262,STO09,nominal
2024-06-22T14:38:00Z,0.0456,174,61,2838374,0.0274,CDG03,nominal
2024-06-22T14:39:00Z,0.011,178,62,1104050,0.0066,MAD05,nominal
2024-06-22T14:40:00Z,0.0426,195,68,3930064,0.0256,MAD05,nominal
2024-06-22T14:41:00Z,0.0158,166,58,3363317,0.0095,CDG03,nominal
2024-06-22T14:42:00Z,0.0404,195,68,2280182,0.0242,BUD07,nominal
2024-06-22T14:43:00Z,0.0247,172,60,837042,0.0148,STO09,nominal
2024-06-22T14:44:00Z,0.0139,179,63,1207191,0.0083,OSL10,nominal
2024-06-22T14:45:00Z,0.0145,166,58,2012445,0.0087,TLL12,nominal
2024-06-22T14:46:00Z,0.0414,186,65,880243,0.0248,AMS01,nominal
2024-06-22T14:47:00Z,0.0148,156,55,2089411,0.0089,LHR02,nominal
2024-06-22T14:48:00Z,0.0266,161,56,1225037,0.016,AMS01,nominal
2024-06-22T14:49:00Z,0.0328,162,57,3236821,0.0197,CDG03,nominal
2024-06-22T14:50:00Z,0.0369,165,58,2841893,0.0221,HEL11,nominal
2024-06-22T14:51:00Z,0.0372,184,64,3886820,0.0223,FRA04,nominal
2024-06-22T14:52:00Z,0.0292,187,65,1426583,0.0175,CDG03,nominal
2024-06-22T14:53:00Z,0.0438,180,63,1695747,0.0263,TLL12,nominal
2024-06-22T14:54:00Z,0.039,159,56,2900552,0.0234,BUD07,nominal
2024-06-22T14:55:00Z,0.0249,162,57,3556343,0.0149,ATH08,nominal
2024-06-22T14:56:00Z,0.0226,160,56,1481340,0.0136,FRA04,nominal
2024-06-22T14:57:00Z,0.0131,165,58,1790679,0.0079,STO09,nominal
2024-06-22T14:58:00Z,0.0361,172,60,3434212,0.0217,MAD05,nominal
2024-06-22T14:59:00Z,0.0423,156,55,2091091,0.0254,MAD05,nominal
2024-06-22T15:00:00Z,0.0241,173,61,2778788,0.0145,MAD05,nominal
2024-06-22T15:01:00Z,0.0236,185,65,3986398,0.0142,FRA04,nominal
2024-06-22T15:02:00Z,0.0366,158,55,3120394,0.022,MAD05,nominal
2024-06-22T15:03:00Z,0.0205,173,61,2625289,0.0123,MAD05,nominal
2024-06-22T15:04:00Z,0.0447,173,61,2605185,0.0268,MAD05,nominal
2024-06-22T15:05:00Z,0.0485,180,63,3284971,0.0291,FRA04,nominal
2024-06-22T15:06:00Z,0.0423,181,63,1150754,0.0254,BUD07,nominal
2024-06-22T15:07:00Z,0.0454,169,59,4238175,0.0272,OSL10,nominal
2024-06-22T15:08:00Z,0.0168,187,65,998255,0.0101,CDG03,nominal
2024-06-22T15:09:00Z,0.049,187,65,1242541,0.0294,BUD07,nominal
2024-06-22T15:10:00Z,0.0249,170,59,2194747,0.0149,ATH08,nominal
2024-06-22T15:11:00Z,0.0183,176,62,3954954,0.011,ATH08,nominal
2024-06-22T15:12:00Z,0.0434,186,65,948380,0.026,TLL12,nominal
2024-06-22T15:13:00Z,0.0177,165,58,2828779,0.0106,HEL11,nominal
2024-06-22T15:14:00Z,0.0267,167,58,1072350,0.016,ATH08,nominal
2024-06-22T15:15:00Z,0.0183,182,64,922931,0.011,HEL11,nominal
2024-06-22T15:16:00Z,0.032,165,58,4438228,0.0192,MAD05,nominal
2024-06-22T15:17:00Z,0.045,168,59,2233106,0.027,OSL10,nominal
2024-06-22T15:18:00Z,0.0256,164,57,4401591,0.0154,TLL12,nominal
2024-06-22T15:19:00Z,0.0311,185,65,1667709,0.0187,HEL11,nominal
2024-06-22T15:20:00Z,0.0393,186,65,1015650,0.0236,WAW06,nominal
2024-06-22T15:21:00Z,0.0135,176,62,2912419,0.0081,STO09,nominal
2024-06-22T15:22:00Z,0.0274,193,68,3628823,0.0164,MAD05,nominal
2024-06-22T15:23:00Z,0.035,187,65,3462213,0.021,AMS01,nominal
2024-06-22T15:24:00Z,0.0409,173,61,3001602,0.0245,ATH08,nominal
2024-06-22T15:25:00Z,0.0189,189,66,3844626,0.0113,OSL10,nominal
2024-06-22T15:26:00Z,0.0133,186,65,3406540,0.008,FRA04,nominal
2024-06-22T15:27:00Z,0.0182,181,63,1220544,0.0109,FRA04,nominal
2024-06-22T15:28:00Z,0.0357,157,55,2311612,0.0214,FRA04,nominal
2024-06-22T15:29:00Z,0.048,158,55,4496609,0.0288,CDG03,nominal
2024-06-22T15:30:00Z,0.0321,166,58,1470611,0.0193,FRA04,nominal
2024-06-22T15:31:00Z,0.0448,155,54,2139738,0.0269,LHR02,nominal
2024-06-22T15:32:00Z,0.0455,180,63,3519651,0.0273,ATH08,nominal
2024-06-22T15:33:00Z,0.0429,166,58,2685402,0.0257,TLL12,nominal
2024-06-22T15:34:00Z,0.0172,182,64,2551344,0.0103,WAW06,nominal
2024-06-22T15:35:00Z,0.0266,162,57,1589949,0.016,OSL10,nominal
2024-06-22T15:36:00Z,0.0127,171,60,1793983,0.0076,MAD05,nominal
2024-06-22T15:37:00Z,0.038,190,66,2673328,0.0228,OSL10,nominal
2024-06-22T15:38:00Z,0.0241,191,67,4319822,0.0145,BUD07,nominal
2024-06-22T15:39:00Z,0.0411,166,58,4434241,0.0247,BUD07,nominal
2024-06-22T15:40:00Z,0.0353,167,58,3260716,0.0212,TLL12,nominal
2024-06-22T15:41:00Z,0.0463,161,56,3426550,0.0278,OSL10,nominal
2024-06-22T15:42:00Z,0.0345,162,57,2064369,0.0207,BUD07,nominal
2024-06-22T15:43:00Z,0.0464,156,55,3868691,0.0278,BUD07,nominal
2024-06-22T15:44:00Z,0.0391,165,58,2163594,0.0235,STO09,nominal
2024-06-22T15:45:00Z,0.0428,193,68,2078423,0.0257,ATH08,nominal
2024-06-22T15:46:00Z,0.0467,167,58,3471458,0.028,AMS01,nominal
2024-06-22T15:47:00Z,0.0405,169,59,1665965,0.0243,HEL11,nominal
2024-06-22T15:48:00Z,0.0246,169,59,3339405,0.0148,LHR02,nominal
2024-06-22T15:49:00Z,0.0262,170,59,2280509,0.0157,TLL12,nominal
2024-06-22T15:50:00Z,0.0497,188,66,4107957,0.0298,BUD07,nominal
2024-06-22T15:51:00Z,0.0196,192,67,3399794,0.0118,ATH08,nominal
2024-06-22T15:52:00Z,0.0259,190,66,2387176,0.0155,BUD07,nominal
2024-06-22T15:53:00Z,0.0138,185,65,3958475,0.0083,ATH08,nominal
2024-06-22T15:54:00Z,0.0263,195,68,3927386,0.0158,WAW06,nominal
2024-06-22T15:55:00Z,0.017,163,57,2349869,0.0102,TLL12,nominal
2024-06-22T15:56:00Z,0.0478,169,59,1947708,0.0287,CDG03,nominal
2024-06-22T15:57:00Z,0.0478,195,68,1442905,0.0287,STO09,nominal
2024-06-22T15:58:00Z,0.0339,159,56,3536154,0.0203,CDG03,nominal
2024-06-22T15:59:00Z,0.0383,193,68,2109696,0.023,STO09,nominal
2024-06-22T16:00:00Z,0.0296,167,58,1759184,0.0178,ATH08,nominal
2024-06-22T16:01:00Z,0.0439,157,55,3345813,0.0263,TLL12,nominal
2024-06-22T16:02:00Z,0.0185,179,63,1269633,0.0111,HEL11,nominal
2024-06-22T16:03:00Z,0.0455,165,58,3937772,0.0273,ATH08,nominal
2024-06-22T16:04:00Z,0.0396,160,56,1822713,0.0238,LHR02,nominal
2024-06-22T16:05:00Z,0.0456,180,63,914227,0.0274,STO09,nominal
2024-06-22T16:06:00Z,0.045,183,64,3432973,0.027,ATH08,nominal
2024-06-22T16:07:00Z,0.047,194,68,1284476,0.0282,AMS01,nominal
2024-06-22T16:08:00Z,0.0409,180,63,2468574,0.0245,MAD05,nominal
2024-06-22T16:09:00Z,0.0166,186,65,2060908,0.01,CDG03,nominal
2024-06-22T16:10:00Z,0.0474,165,58,4226014,0.0284,TLL12,nominal
2024-06-22T16:11:00Z,0.0112,170,59,3538921,0.0067,STO09,nominal
2024-06-22T16:12:00Z,0.0164,181,63,2868092,0.0098,STO09,nominal
2024-06-22T16:13:00Z,0.0457,167,58,3657063,0.0274,BUD07,nominal
2024-06-22T16:14:00Z,0.0347,171,60,3661398,0.0208,BUD07,nominal
2024-06-22T16:15:00Z,0.0487,177,62,2049774,0.0292,MAD05,nominal
2024-06-22T16:16:00Z,0.042,159,56,4346376,0.0252,LHR02,nominal
2024-06-22T16:17:00Z,0.0115,156,55,3818794,0.0069,TLL12,nominal
2024-06-22T16:18:00Z,0.0436,163,57,2654620,0.0262,LHR02,nominal
2024-06-22T16:19:00Z,0.0305,189,66,3071098,0.0183,OSL10,nominal
2024-06-22T16:20:00Z,0.0206,195,68,1897920,0.0124,STO09,nominal
2024-06-22T16:21:00Z,0.0113,182,64,3997508,0.0068,STO09,nominal
2024-06-22T16:22:00Z,0.0421,177,62,1638824,0.0253,WAW06,nominal
2024-06-22T16:23:00Z,0.043,181,63,2298849,0.0258,STO09,nominal
2024-06-22T16:24:00Z,0.0174,189,66,1445722,0.0104,MAD05,nominal
2024-06-22T16:25:00Z,0.049,156,55,3862598,0.0294,WAW06,nominal
2024-06-22T16:26:00Z,0.0213,184,64,2576502,0.0128,LHR02,nominal
2024-06-22T16:27:00Z,0.0315,178,62,2768883,0.0189,AMS01,nominal
2024-06-22T16:28:00Z,0.0295,174,61,1915963,0.0177,LHR02,nominal
2024-06-22T16:29:00Z,0.02,164,57,3168219,0.012,TLL12,nominal
2024-06-22T16:30:00Z,0.0451,190,66,2131722,0.0271,AMS01,nominal
2024-06-22T16:31:00Z,0.024,195,68,2703129,0.0144,ATH08,nominal
2024-06-22T16:32:00Z,0.0112,169,59,1171771,0.0067,HEL11,nominal
2024-06-22T16:33:00Z,0.0277,193,68,3910196,0.0166,OSL10,nominal
2024-06-22T16:34:00Z,0.0402,184,64,3681426,0.0241,TLL12,nominal
2024-06-22T16:35:00Z,0.0227,172,60,2461546,0.0136,OSL10,nominal
2024-06-22T16:36:00Z,0.0186,189,66,1997736,0.0112,BUD07,nominal
2024-06-22T16:37:00Z,0.0174,161,56,3625387,0.0104,HEL11,nominal
2024-06-22T16:38:00Z,0.0108,188,66,1259681,0.0065,ATH08,nominal
2024-06-22T16:39:00Z,0.0161,173,61,3940463,0.0097,STO09,nominal
2024-06-22T16:40:00Z,0.016,156,55,985396,0.0096,FRA04,nominal
2024-06-22T16:41:00Z,0.014,183,64,2561227,0.0084,WAW06,nominal
2024-06-22T16:42:00Z,0.0425,162,57,975090,0.0255,ATH08,nominal
2024-06-22T16:43:00Z,0.0378,181,63,2993263,0.0227,LHR02,nominal
2024-06-22T16:44:00Z,0.0406,184,64,3975879,0.0244,FRA04,nominal
2024-06-22T16:45:00Z,0.0259,163,57,4149239,0.0155,STO09,nominal
2024-06-22T16:46:00Z,0.0345,166,58,3634042,0.0207,FRA04,nominal
2024-06-22T16:47:00Z,0.0458,193,68,1766535,0.0275,WAW06,nominal
2024-06-22T16:48:00Z,0.0103,172,60,1821983,0.0062,TLL12,nominal
2024-06-22T16:49:00Z,0.0448,194,68,4142668,0.0269,ATH08,nominal
2024-06-22T16:50:00Z,0.0281,168,59,4368983,0.0169,HEL11,nominal
2024-06-22T16:51:00Z,0.0189,176,62,823254,0.0113,LHR02,nominal
2024-06-22T16:52:00Z,0.0224,184,64,819187,0.0134,ATH08,nominal
2024-06-22T16:53:00Z,0.0442,160,56,2607804,0.0265,STO09,nominal
2024-06-22T16:54:00Z,0.0139,171,60,4310206,0.0083,STO09,nominal
2024-06-22T16:55:00Z,0.0371,164,57,2963629,0.0223,WAW06,nominal
2024-06-22T16:56:00Z,0.0364,181,63,1634218,0.0218,WAW06,nominal
2024-06-22T16:57:00Z,0.0328,167,58,3445230,0.0197,AMS01,nominal
2024-06-22T16:58:00Z,0.0323,183,64,3893944,0.0194,WAW06,nominal
2024-06-22T16:59:00Z,0.0374,170,59,1630082,0.0224,BUD07,nominal
2024-06-22T17:00:00Z,0.0305,170,59,2530189,0.0183,MAD05,nominal
2024-06-22T17:01:00Z,0.038,170,59,3967648,0.0228,CDG03,nominal
2024-06-22T17:02:00Z,0.012,189,66,3132672,0.0072,OSL10,nominal
2024-06-22T17:03:00Z,0.0284,166,58,2840025,0.017,ATH08,nominal
2024-06-22T17:04:00Z,0.0246,188,66,898174,0.0148,LHR02,nominal
2024-06-22T17:05:00Z,0.0455,173,61,1121078,0.0273,WAW06,nominal
2024-06-22T17:06:00Z,0.042,158,55,4424880,0.0252,LHR02,nominal
2024-06-22T17:07:00Z,0.0173,177,62,2701493,0.0104,TLL12,nominal
2024-06-22T17:08:00Z,0.0104,157,55,2417564,0.0062,OSL10,nominal
2024-06-22T17:09:00Z,0.0338,177,62,3995226,0.0203,BUD07,nominal
2024-06-22T17:10:00Z,0.0392,176,62,3330478,0.0235,FRA04,nominal
2024-06-22T17:11:00Z,0.0455,185,65,3171443,0.0273,CDG03,nominal
2024-06-22T17:12:00Z,0.0199,179,63,2540283,0.0119,HEL11,nominal
2024-06-22T17:13:00Z,0.0441,156,55,3973225,0.0265,STO09,nominal
2024-06-22T17:14:00Z,0.0148,162,57,1503625,0.0089,CDG03,nominal
2024-06-22T17:15:00Z,0.0145,161,56,2691436,0.0087,MAD05,nominal
2024-06-22T17:16:00Z,0.0441,162,57,4158440,0.0265,AMS01,nominal
2024-06-22T17:17:00Z,0.0219,179,63,1037431,0.0131,FRA04,nominal
2024-06-22T17:18:00Z,0.0296,195,68,1369481,0.0178,STO09,nominal
2024-06-22T17:19:00Z,0.0451,166,58,3277551,0.0271,OSL10,nominal
2024-06-22T17:20:00Z,0.0207,171,60,2550835,0.0124,CDG03,nominal
2024-06-22T17:21:00Z,0.0323,155,54,3424589,0.0194,ATH08,nominal
2024-06-22T17:22:00Z,0.0247,168,59,1770284,0.0148,STO09,nominal
2024-06-22T17:23:00Z,0.0352,167,58,2193864,0.0211,CDG03,nominal
2024-06-22T17:24:00Z,0.0115,190,66,1528472,0.0069,OSL10,nominal
2024-06-22T17:25:00Z,0.0242,193,68,2946605,0.0145,STO09,nominal
2024-06-22T17:26:00Z,0.0344,173,61,4202471,0.0206,HEL11,nominal
2024-06-22T17:27:00Z,0.0152,167,58,2428426,0.0091,MAD05,nominal
2024-06-22T17:28:00Z,0.0103,168,59,1343459,0.0062,BUD07,nominal
2024-06-22T17:29:00Z,0.0386,165,58,2765783,0.0232,CDG03,nominal
2024-06-22T17:30:00Z,0.0114,168,59,3513669,0.0068,HEL11,nominal
2024-06-22T17:31:00Z,0.0461,194,68,1205222,0.0277,ATH08,nominal
2024-06-22T17:32:00Z,0.0148,163,57,2334010,0.0089,CDG03,nominal
2024-06-22T17:33:00Z,0.0488,194,68,2668532,0.0293,HEL11,nominal
2024-06-22T17:34:00Z,0.0486,174,61,2476892,0.0292,FRA04,nominal
2024-06-22T17:35:00Z,0.0281,164,57,4124368,0.0169,FRA04,nominal
2024-06-22T17:36:00Z,0.0434,179,63,1993094,0.026,BUD07,nominal
2024-06-22T17:37:00Z,0.0251,169,59,2492771,0.0151,ATH08,nominal
2024-06-22T17:38:00Z,0.0221,170,59,3868610,0.0133,LHR02,nominal
2024-06-22T17:39:00Z,0.031,169,59,3485733,0.0186,MAD05,nominal
2024-06-22T17:40:00Z,0.0123,189,66,4033592,0.0074,BUD07,nominal
2024-06-22T17:41:00Z,0.0232,157,55,2677156,0.0139,STO09,nominal
2024-06-22T17:42:00Z,0.0237,192,67,1454313,0.0142,WAW06,nominal
2024-06-22T17:43:00Z,0.0229,174,61,2491797,0.0137,OSL10,nominal
2024-06-22T17:44:00Z,0.0449,179,63,4204403,0.0269,TLL12,nominal
2024-06-22T17:45:00Z,0.0139,186,65,2098687,0.0083,WAW06,nominal
2024-06-22T17:46:00Z,0.0439,161,56,2825431,0.0263,HEL11,nominal
2024-06-22T17:47:00Z,0.0246,187,65,4230394,0.0148,TLL12,nominal
2024-06-22T17:48:00Z,0.0372,158,55,1061401,0.0223,MAD05,nominal
2024-06-22T17:49:00Z,0.0398,191,67,918525,0.0239,FRA04,nominal
2024-06-22T17:50:00Z,0.0439,189,66,2752615,0.0263,AMS01,nominal
2024-06-22T17:51:00Z,0.0408,156,55,3946875,0.0245,TLL12,nominal
2024-06-22T17:52:00Z,0.0139,183,64,2297186,0.0083,MAD05,nominal
2024-06-22T17:53:00Z,0.0319,165,58,3305420,0.0191,ATH08,nominal
2024-06-22T17:54:00Z,0.0329,179,63,3422356,0.0197,ATH08,nominal
2024-06-22T17:55:00Z,0.0405,163,57,3727345,0.0243,WAW06,nominal
2024-06-22T17:56:00Z,0.0291,188,66,1706164,0.0175,WAW06,nominal
2024-06-22T17:57:00Z,0.0177,158,55,1200786,0.0106,BUD07,nominal
2024-06-22T17:58:00Z,0.0171,173,61,3162193,0.0103,LHR02,nominal
2024-06-22T17:59:00Z,0.0329,180,63,4458047,0.0197,MAD05,nominal
2024-06-22T18:00:00Z,0.0269,193,68,1929726,0.0161,LHR02,nominal
2024-06-22T18:01:00Z,0.014,162,57,2292685,0.0084,HEL11,nominal
2024-06-22T18:02:00Z,0.0111,180,63,4080016,0.0067,AMS01,nominal
2024-06-22T18:03:00Z,0.0344,183,64,2224726,0.0206,LHR02,nominal
2024-06-22T18:04:00Z,0.0196,179,63,1309129,0.0118,FRA04,nominal
2024-06-22T18:05:00Z,0.0379,162,57,4199849,0.0227,TLL12,nominal
2024-06-22T18:06:00Z,0.023,185,65,4169281,0.0138,BUD07,nominal
2024-06-22T18:07:00Z,0.013,185,65,1830612,0.0078,TLL12,nominal
2024-06-22T18:08:00Z,0.0253,173,61,2561624,0.0152,LHR02,nominal
2024-06-22T18:09:00Z,0.0366,181,63,4260970,0.022,HEL11,nominal
2024-06-22T18:10:00Z,0.0498,178,62,4167783,0.0299,TLL12,nominal
2024-06-22T18:11:00Z,0.0126,160,56,2724858,0.0076,FRA04,nominal
2024-06-22T18:12:00Z,0.0279,165,58,1319052,0.0167,BUD07,nominal
2024-06-22T18:13:00Z,0.0321,157,55,1822052,0.0193,FRA04,nominal
2024-06-22T18:14:00Z,0.0323,194,68,3738242,0.0194,LHR02,nominal
2024-06-22T18:15:00Z,0.0206,155,54,2173011,0.0124,HEL11,nominal
2024-06-22T18:16:00Z,0.0113,157,55,2690708,0.0068,MAD05,nominal
2024-06-22T18:17:00Z,0.0324,191,67,4074295,0.0194,BUD07,nominal
2024-06-22T18:18:00Z,0.0227,167,58,3953906,0.0136,AMS01,nominal
2024-06-22T18:19:00Z,0.0285,170,59,4041515,0.0171,HEL11,nominal
2024-06-22T18:20:00Z,0.032,187,65,3839586,0.0192,HEL11,nominal
2024-06-22T18:21:00Z,0.0407,184,64,1686675,0.0244,HEL11,nominal
2024-06-22T18:22:00Z,0.0363,158,55,3132821,0.0218,STO09,nominal
2024-06-22T18:23:00Z,0.0361,168,59,4450966,0.0217,OSL10,nominal
2024-06-22T18:24:00Z,0.0302,181,63,2984766,0.0181,HEL11,nominal
2024-06-22T18:25:00Z,0.0135,173,61,3991334,0.0081,FRA04,nominal
2024-06-22T18:26:00Z,0.0364,187,65,4166478,0.0218,TLL12,nominal
2024-06-22T18:27:00Z,0.0376,183,64,3137209,0.0226,WAW06,nominal
2024-06-22T18:28:00Z,0.0104,169,59,1793426,0.0062,ATH08,nominal
2024-06-22T18:29:00Z,0.015,188,66,3555609,0.009,CDG03,nominal
2024-06-22T18:30:00Z,0.0365,155,54,835204,0.0219,FRA04,nominal
2024-06-22T18:31:00Z,0.0485,160,56,1760562,0.0291,TLL12,nominal
2024-06-22T18:32:00Z,0.01,191,67,2088795,0.006,ATH08,nominal
2024-06-22T18:33:00Z,0.0253,186,65,3324801,0.0152,OSL10,nominal
2024-06-22T18:34:00Z,0.0352,194,68,4289151,0.0211,TLL12,nominal
2024-06-22T18:35:00Z,0.0191,158,55,1966524,0.0115,MAD05,nominal
2024-06-22T18:36:00Z,0.0426,186,65,4289452,0.0256,HEL11,nominal
2024-06-22T18:37:00Z,0.0259,193,68,944399,0.0155,CDG03,nominal
2024-06-22T18:38:00Z,0.0101,194,68,3411510,0.0061,AMS01,nominal
2024-06-22T18:39:00Z,0.014,186,65,866608,0.0084,OSL10,nominal
2024-06-22T18:40:00Z,0.0317,169,59,3160703,0.019,LHR02,nominal
2024-06-22T18:41:00Z,0.0145,164,57,3689940,0.0087,TLL12,nominal
2024-06-22T18:42:00Z,0.0481,159,56,3502207,0.0289,CDG03,nominal
2024-06-22T18:43:00Z,0.0477,156,55,1464947,0.0286,WAW06,nominal
2024-06-22T18:44:00Z,0.0252,187,65,2203184,0.0151,CDG03,nominal
2024-06-22T18:45:00Z,0.0419,170,59,886633,0.0251,STO09,nominal
2024-06-22T18:46:00Z,0.0119,166,58,2682654,0.0071,HEL11,nominal
2024-06-22T18:47:00Z,0.0113,178,62,1892421,0.0068,WAW06,nominal
2024-06-22T18:48:00Z,0.0122,189,66,3166639,0.0073,AMS01,nominal
2024-06-22T18:49:00Z,0.0182,177,62,962668,0.0109,MAD05,nominal
2024-06-22T18:50:00Z,0.0347,179,63,2489398,0.0208,CDG03,nominal
2024-06-22T18:51:00Z,0.0132,156,55,1881808,0.0079,CDG03,nominal
2024-06-22T18:52:00Z,0.0378,177,62,3962082,0.0227,HEL11,nominal
2024-06-22T18:53:00Z,0.0188,180,63,1429628,0.0113,LHR02,nominal
2024-06-22T18:54:00Z,0.0432,162,57,900697,0.0259,STO09,nominal
2024-06-22T18:55:00Z,0.0441,156,55,1797508,0.0265,WAW06,nominal
2024-06-22T18:56:00Z,0.0118,157,55,3489259,0.0071,ATH08,nominal
2024-06-22T18:57:00Z,0.0411,172,60,1573809,0.0247,FRA04,nominal
2024-06-22T18:58:00Z,0.0324,165,58,1344958,0.0194,FRA04,nominal
2024-06-22T18:59:00Z,0.0315,178,62,2144588,0.0189,FRA04,nominal
2024-06-22T19:00:00Z,0.0152,160,56,2464824,0.0091,STO09,nominal
2024-06-22T19:01:00Z,0.0222,176,62,2106575,0.0133,BUD07,nominal
2024-06-22T19:02:00Z,0.0313,161,56,2257689,0.0188,STO09,nominal
2024-06-22T19:03:00Z,0.0392,160,56,3347662,0.0235,CDG03,nominal
2024-06-22T19:04:00Z,0.0236,162,57,1895686,0.0142,TLL12,nominal
2024-06-22T19:05:00Z,0.0172,162,57,2551300,0.0103,BUD07,nominal
2024-06-22T19:06:00Z,0.0326,177,62,3305002,0.0196,FRA04,nominal
2024-06-22T19:07:00Z,0.0399,193,68,2760769,0.0239,TLL12,nominal
2024-06-22T19:08:00Z,0.0205,174,61,3006649,0.0123,STO09,nominal
2024-06-22T19:09:00Z,0.0253,171,60,3402543,0.0152,LHR02,nominal
2024-06-22T19:10:00Z,0.0446,188,66,3357905,0.0268,MAD05,nominal
2024-06-22T19:11:00Z,0.0211,188,66,2122097,0.0127,FRA04,nominal
2024-06-22T19:12:00Z,0.04,188,66,3613686,0.024,ATH08,nominal
2024-06-22T19:13:00Z,0.0269,187,65,1764521,0.0161,AMS01,nominal
2024-06-22T19:14:00Z,0.0428,175,61,3367029,0.0257,STO09,nominal
2024-06-22T19:15:00Z,0.0208,178,62,1700188,0.0125,OSL10,nominal
2024-06-22T19:16:00Z,0.0266,172,60,1259635,0.016,OSL10,nominal
2024-06-22T19:17:00Z,0.0498,182,64,3454272,0.0299,HEL11,nominal
2024-06-22T19:18:00Z,0.0219,165,58,1723298,0.0131,TLL12,nominal
2024-06-22T19:19:00Z,0.0343,195,68,4145736,0.0206,ATH08,nominal
2024-06-22T19:20:00Z,0.0263,173,61,2872609,0.0158,STO09,nominal
2024-06-22T19:21:00Z,0.0347,178,62,1971606,0.0208,CDG03,nominal
2024-06-22T19:22:00Z,0.0493,155,54,889568,0.0296,FRA04,nominal
2024-06-22T19:23:00Z,0.0184,179,63,1557247,0.011,WAW06,nominal
2024-06-22T19:24:00Z,0.0376,181,63,3742705,0.0226,FRA04,nominal
2024-06-22T19:25:00Z,0.0271,159,56,2159895,0.0163,WAW06,nominal
2024-06-22T19:26:00Z,0.0424,169,59,1804479,0.0254,ATH08,nominal
2024-06-22T19:27:00Z,0.043,185,65,3286313,0.0258,AMS01,nominal
2024-06-22T19:28:00Z,0.038,166,58,3390842,0.0228,HEL11,nominal
2024-06-22T19:29:00Z,0.03,182,64,2820804,0.018,FRA04,nominal
2024-06-22T19:30:00Z,0.0229,181,63,4413227,0.0137,FRA04,nominal
2024-06-22T19:31:00Z,0.0447,181,63,3397715,0.0268,HEL11,nominal
2024-06-22T19:32:00Z,0.018,170,59,2254114,0.0108,BUD07,nominal
2024-06-22T19:33:00Z,0.0441,187,65,4445067,0.0265,MAD05,nominal
2024-06-22T19:34:00Z,0.0421,167,58,2990465,0.0253,STO09,nominal
2024-06-22T19:35:00Z,0.0253,166,58,3053345,0.0152,FRA04,nominal
2024-06-22T19:36:00Z,0.0273,178,62,4028213,0.0164,OSL10,nominal
2024-06-22T19:37:00Z,0.0361,190,66,3096182,0.0217,MAD05,nominal
2024-06-22T19:38:00Z,0.0411,193,68,3497766,0.0247,BUD07,nominal
2024-06-22T19:39:00Z,0.0429,169,59,4336686,0.0257,CDG03,nominal
2024-06-22T19:40:00Z,0.0386,161,56,3152629,0.0232,AMS01,nominal
2024-06-22T19:41:00Z,0.0246,175,61,3670446,0.0148,AMS01,nominal
2024-06-22T19:42:00Z,0.0433,187,65,1981078,0.026,TLL12,nominal
2024-06-22T19:43:00Z,0.0255,181,63,4287762,0.0153,OSL10,nominal
2024-06-22T19:44:00Z,0.0224,176,62,1928062,0.0134,STO09,nominal
2024-06-22T19:45:00Z,0.042,168,59,2711057,0.0252,MAD05,nominal
2024-06-22T19:46:00Z,0.0441,178,62,1215772,0.0265,TLL12,nominal
2024-06-22T19:47:00Z,0.0313,180,63,1205600,0.0188,ATH08,nominal
2024-06-22T19:48:00Z,0.0335,163,57,920458,0.0201,MAD05,nominal
2024-06-22T19:49:00Z,0.0443,160,56,1886389,0.0266,MAD05,nominal
2024-06-22T19:50:00Z,0.0386,188,66,1176533,0.0232,OSL10,nominal
2024-06-22T19:51:00Z,0.026,178,62,1904122,0.0156,WAW06,nominal
2024-06-22T19:52:00Z,0.0229,181,63,1769155,0.0137,STO09,nominal
2024-06-22T19:53:00Z,0.0395,192,67,2355086,0.0237,FRA04,nominal
2024-06-22T19:54:00Z,0.0301,158,55,2568375,0.0181,FRA04,nominal
2024-06-22T19:55:00Z,0.0115,174,61,1849825,0.0069,HEL11,nominal
2024-06-22T19:56:00Z,0.0278,163,57,1992957,0.0167,TLL12,nominal
2024-06-22T19:57:00Z,0.0465,190,66,3932123,0.0279,MAD05,nominal
2024-06-22T19:58:00Z,0.0378,162,57,2905849,0.0227,STO09,nominal
2024-06-22T19:59:00Z,0.013,194,68,1457129,0.0078,ATH08,nominal
