order_id,symbol,side,quantity,expected_settlement_utc,actual_settlement_utc,closing_price_usd,vwap_usd,price_diff_usd,price_diff_vwap_usd
AROS-020241103000,YM,BUY,41,2024-11-04T21:00:00Z,2024-11-04T22:00:00Z,4713.39,4718.09,-30.51,54.34
AROS-020241103001,RTY,BUY,17,2024-11-04T21:00:00Z,2024-11-04T22:00:00Z,4797.28,4797.1,-429.64,166.56
AROS-020241103002,ES,BUY,45,2024-11-04T21:00:00Z,2024-11-04T22:00:00Z,4914.01,4909.32,135.94,-446.84
AROS-020241103003,ES,BUY,7,2024-11-04T21:00:00Z,2024-11-04T22:00:00Z,4826.06,4829.78,439.32,-458.16
AROS-020241103004,NQ,SELL,7,2024-11-04T21:00:00Z,2024-11-04T22:00:00Z,5432.22,5434.89,200.0,-246.73
AROS-020241103005,RTY,BUY,16,2024-11-04T21:00:00Z,2024-11-04T22:00:00Z,5314.89,5306.91,-433.94,286.1
AROS-020241103006,ES,BUY,45,2024-11-04T21:00:00Z,2024-11-04T22:00:00Z,5050.22,5043.48,-231.45,-241.17
AROS-020241103007,ES,SELL,46,2024-11-04T21:00:00Z,2024-11-04T22:00:00Z,5238.61,5243.38,-387.13,149.93
AROS-020241103008,NQ,SELL,33,2024-11-04T21:00:00Z,2024-11-04T22:00:00Z,4880.53,4873.62,148.93,205.06
AROS-020241103009,ES,SELL,47,2024-11-04T21:00:00Z,2024-11-04T22:00:00Z,4754.81,4747.14,-422.41,391.06
AROS-020241103010,RTY,SELL,15,2024-11-04T21:00:00Z,2024-11-04T22:00:00Z,4534.84,4533.16,343.08,413.18
AROS-020241103011,YM,SELL,8,2024-11-04T21:00:00Z,2024-11-04T22:00:00Z,5496.45,5494.89,-114.79,61.44
AROS-020241103012,NQ,SELL,3,2024-11-04T21:00:00Z,2024-11-04T22:00:00Z,4978.67,4983.36,-59.58,164.86
AROS-020241103013,NQ,BUY,48,2024-11-04T21:00:00Z,2024-11-04T22:00:00Z,5686.42,5689.16,-156.47,277.33
AROS-020241103014,YM,BUY,23,2024-11-04T21:00:00Z,2024-11-04T22:00:00Z,5532.79,5542.41,-177.04,-283.06
AROS-020241103015,ES,BUY,35,2024-11-04T21:00:00Z,2024-11-04T22:00:00Z,5227.74,5228.47,309.45,-464.67
AROS-020241103016,RTY,BUY,23,2024-11-04T21:00:00Z,2024-11-04T22:00:00Z,5329.82,5335.75,-97.38,-382.72
AROS-020241103017,RTY,SELL,48,2024-11-04T21:00:00Z,2024-11-04T22:00:00Z,4555.09,4561.77,-168.01,406.29
AROS-020241103018,NQ,BUY,42,2024-11-04T21:00:00Z,2024-11-04T22:00:00Z,5398.38,5400.42,130.46,-185.88
AROS-020241103019,YM,BUY,40,2024-11-04T21:00:00Z,2024-11-04T22:00:00Z,5374.55,5366.48,6.24,214.41
AROS-020241103020,RTY,BUY,16,2024-11-04T21:00:00Z,2024-11-04T22:00:00Z,5298.5,5291.4,-141.22,138.32
AROS-020241103021,NQ,BUY,7,2024-11-04T21:00:00Z,2024-11-04T22:00:00Z,5246.21,5240.01,-324.54,-363.98
AROS-020241103022,NQ,SELL,50,2024-11-04T21:00:00Z,2024-11-04T22:00:00Z,5581.72,5584.4,-439.67,-347.82
AROS-020241103023,YM,SELL,10,2024-11-04T21:00:00Z,2024-11-04T22:00:00Z,5140.42,5141.39,184.94,-450.89
AROS-020241103024,ES,BUY,47,2024-11-04T21:00:00Z,2024-11-04T22:00:00Z,4601.24,4608.88,-383.86,296.94
AROS-020241103025,YM,BUY,26,2024-11-04T21:00:00Z,2024-11-04T22:00:00Z,5657.46,5662.33,270.88,-106.99
AROS-020241103026,RTY,BUY,38,2024-11-04T21:00:00Z,2024-11-04T22:00:00Z,5251.87,5261.0,237.83,148.69
AROS-020241103027,NQ,SELL,2,2024-11-04T21:00:00Z,2024-11-04T22:00:00Z,5002.0,5000.2,-252.96,274.48
AROS-020241103028,RTY,BUY,2,2024-11-04T21:00:00Z,2024-11-04T22:00:00Z,5325.43,5332.86,-326.16,-83.18
AROS-020241103029,YM,SELL,16,2024-11-04T21:00:00Z,2024-11-04T22:00:00Z,5325.81,5316.23,-412.55,-371.54
AROS-020241103030,YM,SELL,47,2024-11-04T21:00:00Z,2024-11-04T22:00:00Z,5765.54,5768.42,-148.97,61.94
AROS-020241103031,YM,SELL,21,2024-11-04T21:00:00Z,2024-11-04T22:00:00Z,4608.79,4600.07,172.11,143.73
AROS-020241103032,NQ,BUY,4,2024-11-04T21:00:00Z,2024-11-04T22:00:00Z,4601.02,4593.19,-79.69,-178.04
AROS-020241103033,ES,SELL,50,2024-11-04T21:00:00Z,2024-11-04T22:00:00Z,5004.61,5009.6,31.26,68.71
AROS-020241103034,YM,BUY,18,2024-11-04T21:00:00Z,2024-11-04T22:00:00Z,4940.66,4935.4,-330.94,-276.71
AROS-020241103035,YM,BUY,20,2024-11-04T21:00:00Z,2024-11-04T22:00:00Z,4871.87,4864.47,33.37,-104.95
AROS-020241103036,NQ,BUY,48,2024-11-04T21:00:00Z,2024-11-04T22:00:00Z,4694.5,4694.36,19.85,-12.12
AROS-020241103037,NQ,SELL,9,2024-11-04T21:00:00Z,2024-11-04T22:00:00Z,4935.74,4937.1,41.8,-88.24
AROS-020241103038,ES,SELL,41,2024-11-04T21:00:00Z,2024-11-04T22:00:00Z,5410.29,5414.74,-396.34,-315.96
AROS-020241103039,ES,SELL,49,2024-11-04T21:00:00Z,2024-11-04T22:00:00Z,5743.33,5751.98,226.74,-33.28
AROS-020241103040,YM,BUY,44,2024-11-04T21:00:00Z,2024-11-04T22:00:00Z,5050.62,5047.05,339.08,-237.02
AROS-020241103041,ES,SELL,49,2024-11-04T21:00:00Z,2024-11-04T22:00:00Z,5150.96,5160.13,-269.07,-156.67
AROS-020241103042,RTY,SELL,18,2024-11-04T21:00:00Z,2024-11-04T22:00:00Z,4764.18,4760.13,206.04,144.45
AROS-020241103043,NQ,SELL,40,2024-11-04T21:00:00Z,2024-11-04T22:00:00Z,4779.8,4774.84,-38.88,226.62
AROS-020241103044,RTY,SELL,20,2024-11-04T21:00:00Z,2024-11-04T22:00:00Z,5356.94,5349.92,-464.26,28.42
AROS-020241103045,ES,BUY,19,2024-11-04T21:00:00Z,2024-11-04T22:00:00Z,4942.81,4942.22,-30.41,335.76
AROS-020241103046,RTY,BUY,28,2024-11-04T21:00:00Z,2024-11-04T22:00:00Z,4995.18,5003.55,-387.69,365.31
AROS-020241103047,RTY,SELL,46,2024-11-04T21:00:00Z,2024-11-04T22:00:00Z,4723.95,4715.9,143.82,409.49
AROS-020241103048,RTY,SELL,17,2024-11-04T21:00:00Z,2024-11-04T22:00:00Z,5473.0,5475.55,180.83,145.24
AROS-020241103049,YM,SELL,1,2024-11-04T21:00:00Z,2024-11-04T22:00:00Z,5720.92,5714.94,230.45,368.06
AROS-020241103050,YM,BUY,35,2024-11-04T21:00:00Z,2024-11-04T22:00:00Z,5564.46,5557.88,-23.05,416.32
AROS-020241103051,YM,SELL,4,2024-11-04T21:00:00Z,2024-11-04T22:00:00Z,5343.8,5348.59,129.61,-361.78
AROS-020241103052,YM,SELL,8,2024-11-04T21:00:00Z,2024-11-04T22:00:00Z,5645.79,5655.21,-272.31,277.7
AROS-020241103053,YM,SELL,25,2024-11-04T21:00:00Z,2024-11-04T22:00:00Z,5312.52,5306.34,-417.3,-251.82
AROS-020241103054,NQ,BUY,30,2024-11-04T21:00:00Z,2024-11-04T22:00:00Z,5138.85,5138.36,374.9,44.83
AROS-020241103055,NQ,SELL,48,2024-11-04T21:00:00Z,2024-11-04T22:00:00Z,4701.11,4691.8,-349.31,186.24
AROS-020241103056,YM,BUY,39,2024-11-04T21:00:00Z,2024-11-04T22:00:00Z,5315.73,5307.94,-484.77,92.77
AROS-020241103057,ES,SELL,29,2024-11-04T21:00:00Z,2024-11-04T22:00:00Z,4802.47,4797.52,278.53,220.81
AROS-020241103058,RTY,BUY,13,2024-11-04T21:00:00Z,2024-11-04T22:00:00Z,4867.31,4861.83,320.07,346.95
AROS-020241103059,YM,BUY,14,2024-11-04T21:00:00Z,2024-11-04T22:00:00Z,4730.7,4739.23,177.34,287.46
AROS-020241103060,NQ,SELL,1,2024-11-04T21:00:00Z,2024-11-04T22:00:00Z,4960.39,4964.42,-327.56,-263.36
AROS-020241103061,RTY,SELL,23,2024-11-04T21:00:00Z,2024-11-04T22:00:00Z,4987.03,4985.02,-391.8,358.25
AROS-020241103062,RTY,SELL,10,2024-11-04T21:00:00Z,2024-11-04T22:00:00Z,4813.02,4815.6,-261.71,-122.65
AROS-020241103063,ES,SELL,42,2024-11-04T21:00:00Z,2024-11-04T22:00:00Z,4849.48,4842.11,-369.08,118.48
AROS-020241103064,NQ,BUY,12,2024-11-04T21:00:00Z,2024-11-04T22:00:00Z,5125.46,5118.42,38.02,405.65
AROS-020241103065,RTY,BUY,21,2024-11-04T21:00:00Z,2024-11-04T22:00:00Z,5772.39,5770.43,-148.78,232.81
AROS-020241103066,YM,BUY,24,2024-11-04T21:00:00Z,2024-11-04T22:00:00Z,5218.64,5213.6,-5.57,456.99
AROS-020241103067,NQ,BUY,3,2024-11-04T21:00:00Z,2024-11-04T22:00:00Z,4799.59,4808.37,434.95,-431.79
AROS-020241103068,ES,SELL,10,2024-11-04T21:00:00Z,2024-11-04T22:00:00Z,5064.51,5059.25,-474.35,-400.29
AROS-020241103069,RTY,SELL,8,2024-11-04T21:00:00Z,2024-11-04T22:00:00Z,4952.77,4948.98,-477.03,-159.44
AROS-020241103070,YM,BUY,30,2024-11-04T21:00:00Z,2024-11-04T22:00:00Z,5704.22,5707.95,346.24,446.36
AROS-020241103071,NQ,BUY,7,2024-11-04T21:00:00Z,2024-11-04T22:00:00Z,5737.54,5740.19,-421.94,361.61
AROS-020241103072,YM,SELL,10,2024-11-04T21:00:00Z,2024-11-04T22:00:00Z,4963.23,4964.04,348.97,139.08
AROS-020241103073,RTY,BUY,33,2024-11-04T21:00:00Z,2024-11-04T22:00:00Z,5372.91,5365.81,32.58,-262.08
AROS-020241103074,RTY,BUY,3,2024-11-04T21:00:00Z,2024-11-04T22:00:00Z,5274.6,5267.96,75.06,75.96
AROS-020241103075,RTY,BUY,11,2024-11-04T21:00:00Z,2024-11-04T22:00:00Z,5701.77,5706.26,118.56,-282.7
AROS-020241103076,NQ,BUY,13,2024-11-04T21:00:00Z,2024-11-04T22:00:00Z,5219.45,5211.23,416.96,475.73
AROS-020241103077,RTY,SELL,7,2024-11-04T21:00:00Z,2024-11-04T22:00:00Z,5570.11,5561.64,-79.17,-90.91
AROS-020241103078,ES,BUY,40,2024-11-04T21:00:00Z,2024-11-04T22:00:00Z,4927.67,4937.04,208.88,182.18
AROS-020241103079,YM,SELL,28,2024-11-04T21:00:00Z,2024-11-04T22:00:00Z,4785.54,4783.13,-377.15,143.52
AROS-020241103080,ES,SELL,30,2024-11-04T21:00:00Z,2024-11-04T22:00:00Z,5217.91,5214.15,-439.17,89.88
AROS-020241103081,YM,SELL,18,2024-11-04T21:00:00Z,2024-11-04T22:00:00Z,4699.76,4707.42,-440.4,156.71
AROS-020241103082,RTY,BUY,25,2024-11-04T21:00:00Z,2024-11-04T22:00:00Z,5018.29,5023.66,81.24,-216.45
AROS-020241103083,YM,SELL,16,2024-11-04T21:00:00Z,2024-11-04T22:00:00Z,5593.42,5598.86,-447.32,456.8
AROS-020241103084,RTY,BUY,39,2024-11-04T21:00:00Z,2024-11-04T22:00:00Z,5759.02,5763.04,-406.42,457.95
AROS-020241103085,ES,SELL,46,2024-11-04T21:00:00Z,2024-11-04T22:00:00Z,4575.37,4566.99,339.85,-110.79
AROS-020241103086,RTY,BUY,22,2024-11-04T21:00:00Z,2024-11-04T22:00:00Z,5278.24,5271.73,333.19,-449.86

# Detail record 0000: full audit trail entry for SEC submission — ArtemisQ Capital
# Detail record 0001: full audit trail entry for SEC submission — ArtemisQ Capital
# Detail record 0002: full audit trail entry for SEC submission — ArtemisQ Capital
# Detail record 0003: full audit trail entry for SEC submission — ArtemisQ Capital
# Detail record 0004: full audit trail entry for SEC submission — ArtemisQ Capital
# Detail record 0005: full audit trail entry for SEC submission — ArtemisQ Capital
# Detail record 0006: full audit trail entry for SEC submission — ArtemisQ Capital
# Detail record 0007: full audit trail entry for SEC submission — ArtemisQ Capital
# Detail record 0008: full audit trail entry for SEC submission — ArtemisQ Capital
# Detail record 0009: full audit trail entry for SEC submission — ArtemisQ Capital
# Detail record 0010: full audit trail entry for SEC submission — ArtemisQ Capital
# Detail record 0011: full audit trail entry for SEC submission — ArtemisQ Capital
# Detail record 0012: full audit trail entry for SEC submission — ArtemisQ Capital
# Detail record 0013: full audit trail entry for SEC submission — ArtemisQ Capital
# Detail record 0014: full audit trail entry for SEC submission — ArtemisQ Capital
# Detail record 0015: full audit trail entry for SEC submission — ArtemisQ Capital
# Detail record 0016: full audit trail entry for SEC submission — ArtemisQ Capital
# Detail record 0017: full audit trail entry for SEC submission — ArtemisQ Capital
# Detail record 0018: full audit trail entry for SEC submission — ArtemisQ Capital
# Detail record 0019: full audit trail entry for SEC submission — ArtemisQ Capital
# Detail record 0020: full audit trail entry for SEC submission — ArtemisQ Capital
# Detail record 0021: full audit trail entry for SEC submission — ArtemisQ Capital
# Detail record 0022: full audit trail entry for SEC submission — ArtemisQ Capital
# Detail record 0023: full audit trail entry for SEC submission — ArtemisQ Capital
# Detail record 0024: full audit trail entry for SEC submission — ArtemisQ Capital
# Detail record 0025: full audit trail entry for SEC submission — ArtemisQ Capital
# Detail record 0026: full audit trail entry for SEC submission — ArtemisQ Capital
# Detail record 0027: full audit trail entry for SEC submission — ArtemisQ Capital
# Detail record 0028: full audit trail entry for SEC submission — ArtemisQ Capital
# Detail record 0029: full audit trail entry for SEC submission — ArtemisQ Capital
# Detail record 0030: full audit trail entry for SEC submission — ArtemisQ Capital
# Detail record 0031: full audit trail entry for SEC submission — ArtemisQ Capital
# Detail record 0032: full audit trail entry for SEC submission — ArtemisQ Capital
# Detail record 0033: full audit trail entry for SEC submission — ArtemisQ Capital
# Detail record 0034: full audit trail entry for SEC submission — ArtemisQ Capital
# Detail record 0035: full audit trail entry for SEC submission — ArtemisQ Capital
# Detail record 0036: full audit trail entry for SEC submission — ArtemisQ Capital
# Detail record 0037: full audit trail entry for SEC submission — ArtemisQ Capital
# Detail record 0038: full audit trail entry for SEC submission — ArtemisQ Capital
# Detail record 0039: full audit trail entry for SEC submission — ArtemisQ Capital
# Detail record 0040: full audit trail entry for SEC submission — ArtemisQ Capital
# Detail record 0041: full audit trail entry for SEC submission — ArtemisQ Capital
# Detail record 0042: full audit trail entry for SEC submission — ArtemisQ Capital
# Detail record 0043: full audit trail entry for SEC submission — ArtemisQ Capital
# Detail record 0044: full audit trail entry for SEC submission — ArtemisQ Capital
# Detail record 0045: full audit trail entry for SEC submission — ArtemisQ Capital
# Detail record 0046: full audit trail entry for SEC submission — ArtemisQ Capital
# Detail record 0047: full audit trail entry for SEC submission — ArtemisQ Capital
# Detail record 0048: full audit trail entry for SEC submission — ArtemisQ Capital
# Detail record 0049: full audit trail entry for SEC submission — ArtemisQ Capital
# Detail record 0050: full audit trail entry for SEC submission — ArtemisQ Capital
# Detail record 0051: full audit trail entry for SEC submission — ArtemisQ Capital
# Detail record 0052: full audit trail entry for SEC submission — ArtemisQ Capital
# Detail record 0053: full audit trail entry for SEC submission — ArtemisQ Capital
# Detail record 0054: full audit trail entry for SEC submission — ArtemisQ Capital
# Detail record 0055: full audit trail entry for SEC submission — ArtemisQ Capital
# Detail record 0056: full audit trail entry for SEC submission — ArtemisQ Capital
# Detail record 0057: full audit trail entry for SEC submission — ArtemisQ Capital
# Detail record 0058: full audit trail entry for SEC submission — ArtemisQ Capital
# Detail record 0059: full audit trail entry for SEC submission — ArtemisQ Capital
# Detail record 0060: full audit trail entry for SEC submission — ArtemisQ Capital
# Detail record 0061: full audit trail entry for SEC submission — ArtemisQ Capital
# Detail record 0062: full audit trail entry for SEC submission — ArtemisQ Capital
# Detail record 0063: full audit trail entry for SEC submission — ArtemisQ Capital
# Detail record 0064: full audit trail entry for SEC submission — ArtemisQ Capital
# Detail record 0065: full audit trail entry for SEC submission — ArtemisQ Capital
# Detail record 0066: full audit trail entry for SEC submission — ArtemisQ Capital
# Detail record 0067: full audit trail entry for SEC submission — ArtemisQ Capital
# Detail record 0068: full audit trail entry for SEC submission — ArtemisQ Capital
# Detail record 0069: full audit trail entry for SEC submission — ArtemisQ Capital
# Detail record 0070: full audit trail entry for SEC submission — ArtemisQ Capital
# Detail record 0071: full audit trail entry for SEC submission — ArtemisQ Capital
# Detail record 0072: full audit trail entry for SEC submission — ArtemisQ Capital
# Detail record 0073: full audit trail entry for SEC submission — ArtemisQ Capital
# Detail record 0074: full audit trail entry for SEC submission — ArtemisQ Capital
# Detail record 0075: full audit trail entry for SEC submission — ArtemisQ Capital
# Detail record 0076: full audit trail entry for SEC submission — ArtemisQ Capital
# Detail record 0077: full audit trail entry for SEC submission — ArtemisQ Capital
# Detail record 0078: full audit trail entry for SEC submission — ArtemisQ Capital
# Detail record 0079: full audit trail entry for SEC submission — ArtemisQ Capital
# Detail record 0080: full audit trail entry for SEC submission — ArtemisQ Capital
# Detail record 0081: full audit trail entry for SEC submission — ArtemisQ Capital
# Detail record 0082: full audit trail entry for SEC submission — ArtemisQ Capital
# Detail record 0083: full audit trail entry for SEC submission — ArtemisQ Capital
# Detail record 0084: full audit trail entry for SEC submission — ArtemisQ Capital
# Detail record 0085: full audit trail entry for SEC submission — ArtemisQ Capital
# Detail record 0086: full audit trail entry for SEC submission — ArtemisQ Capital
# Detail record 0087: full audit trail entry for SEC submission — ArtemisQ Capital
# Detail record 0088: full audit trail entry for SEC submission — ArtemisQ Capital
# Detail record 0089: full audit trail entry for SEC submission — ArtemisQ Capital
# Detail record 0090: full audit trail entry for SEC submission — ArtemisQ Capital
# Detail record 0091: full audit trail entry for SEC submission — ArtemisQ Capital
# Detail record 0092: full audit trail entry for SEC submission — ArtemisQ Capital
# Detail record 0093: full audit trail entry for SEC submission — ArtemisQ Capital
# Detail record 0094: full audit trail entry for SEC submission — ArtemisQ Capital
# Detail record 0095: full audit trail entry for SEC submission — ArtemisQ Capital
# Detail record 0096: full audit trail entry for SEC submission — ArtemisQ Capital
# Detail record 0097: full audit trail entry for SEC submission — ArtemisQ Capital
# Detail record 0098: full audit trail entry for SEC submission — ArtemisQ Capital
# Detail record 0099: full audit trail entry for SEC submission — ArtemisQ Capital
# Detail record 0100: full audit trail entry for SEC submission — ArtemisQ Capital
# Detail record 0101: full audit trail entry for SEC submission — ArtemisQ Capital
# Detail record 0102: full audit trail entry for SEC submission — ArtemisQ Capital
# Detail record 0103: full audit trail entry for SEC submission — ArtemisQ Capital
# Detail record 0104: full audit trail entry for SEC submission — ArtemisQ Capital
# Detail record 0105: full audit trail entry for SEC submission — ArtemisQ Capital
# Detail record 0106: full audit trail entry for SEC submission — ArtemisQ Capital
# Detail record 0107: full audit trail entry for SEC submission — ArtemisQ Capital
# Detail record 0108: full audit trail entry for SEC submission — ArtemisQ Capital
# Detail record 0109: full audit trail entry for SEC submission — ArtemisQ Capital
# Detail record 0110: full audit trail entry for SEC submission — ArtemisQ Capital
# Detail record 0111: full audit trail entry for SEC submission — ArtemisQ Capital
# Detail record 0112: full audit trail entry for SEC submission — ArtemisQ Capital
# Detail record 0113: full audit trail entry for SEC submission — ArtemisQ Capital
# Detail record 0114: full audit trail entry for SEC submission — ArtemisQ Capital
# Detail record 0115: full audit trail entry for SEC submission — ArtemisQ Capital
# Detail record 0116: full audit trail entry for SEC submission — ArtemisQ Capital
# Detail record 0117: full audit trail entry for SEC submission — ArtemisQ Capital
# Detail record 0118: full audit trail entry for SEC submission — ArtemisQ Capital
# Detail record 0119: full audit trail entry for SEC submission — ArtemisQ Capital
# Detail record 0120: full audit trail entry for SEC submission — ArtemisQ Capital
# Detail record 0121: full audit trail entry for SEC submission — ArtemisQ Capital
# Detail record 0122: full audit trail entry for SEC submission — ArtemisQ Capital
# Detail record 0123: full audit trail entry for SEC submission — ArtemisQ Capital
# Detail record 0124: full audit trail entry for SEC submission — ArtemisQ Capital
# Detail record 0125: full audit trail entry for SEC submission — ArtemisQ Capital
# Detail record 0126: full audit trail entry for SEC submission — ArtemisQ Capital
# Detail record 0127: full audit trail entry for SEC submission — ArtemisQ Capital
# Detail record 0128: full audit trail entry for SEC submission — ArtemisQ Capital
# Detail record 0129: full audit trail entry for SEC submission — ArtemisQ Capital
# Detail record 0130: full audit trail entry for SEC submission — ArtemisQ Capital
# Detail record 0131: full audit trail entry for SEC submission — ArtemisQ Capital
# Detail record 0132: full audit trail entry for SEC submission — ArtemisQ Capital
# Detail record 0133: full audit trail entry for SEC submission — ArtemisQ Capital
# Detail record 0134: full audit trail entry for SEC submission — ArtemisQ Capital
# Detail record 0135: full audit trail entry for SEC submission — ArtemisQ Capital
# Detail record 0136: full audit trail entry for SEC submission — ArtemisQ Capital
# Detail record 0137: full audit trail entry for SEC submission — ArtemisQ Capital
# Detail record 0138: full audit trail entry for SEC submission — ArtemisQ Capital
# Detail record 0139: full audit trail entry for SEC submission — ArtemisQ Capital
# Detail record 0140: full audit trail entry for SEC submission — ArtemisQ Capital
# Detail record 0141: full audit trail entry for SEC submission — ArtemisQ Capital
# Detail record 0142: full audit trail entry for SEC submission — ArtemisQ Capital
# Detail record 0143: full audit trail entry for SEC submission — ArtemisQ Capital
# Detail record 0144: full audit trail entry for SEC submission — ArtemisQ Capital
# Detail record 0145: full audit trail entry for SEC submission — ArtemisQ Capital
# Detail record 0146: full audit trail entry for SEC submission — ArtemisQ Capital
# Detail record 0147: full audit trail entry for SEC submission — ArtemisQ Capital
# Detail record 0148: full audit trail entry for SEC submission — ArtemisQ Capital
# Detail record 0149: full audit trail entry for SEC submission — ArtemisQ Capital
# Detail record 0150: full audit trail entry for SEC submission — ArtemisQ Capital
# Detail record 0151: full audit trail entry for SEC submission — ArtemisQ Capital
# Detail record 0152: full audit trail entry for SEC submission — ArtemisQ Capital
# Detail record 0153: full audit trail entry for SEC submission — ArtemisQ Capital
# Detail record 0154: full audit trail entry for SEC submission — ArtemisQ Capital
# Detail record 0155: full audit trail entry for SEC submission — ArtemisQ Capital
# Detail record 0156: full audit trail entry for SEC submission — ArtemisQ Capital
# Detail record 0157: full audit trail entry for SEC submission — ArtemisQ Capital
# Detail record 0158: full audit trail entry for SEC submission — ArtemisQ Capital
# Detail record 0159: full audit trail entry for SEC submission — ArtemisQ Capital
# Detail record 0160: full audit trail entry for SEC submission — ArtemisQ Capital
# Detail record 0161: full audit trail entry for SEC submission — ArtemisQ Capital
# Detail record 0162: full audit trail entry for SEC submission — ArtemisQ Capital
# Detail record 0163: full audit trail entry for SEC submission — ArtemisQ Capital
# Detail record 0164: full audit trail entry for SEC submission — ArtemisQ Capital
# Detail record 0165: full audit trail entry for SEC submission — ArtemisQ Capital
# Detail record 0166: full audit trail entry for SEC submission — ArtemisQ Capital
# Detail record 0167: full audit trail entry for SEC submission — ArtemisQ Capital
# Detail record 0168: full audit trail entry for SEC submission — ArtemisQ Capital
# Detail record 0169: full audit trail entry for SEC submission — ArtemisQ Capital
# Detail record 0170: full audit trail entry for SEC submission — ArtemisQ Capital
# Detail record 0171: full audit trail entry for SEC submission — ArtemisQ Capital
# Detail record 0172: full audit trail entry for SEC submission — ArtemisQ Capital
# Detail record 0173: full audit trail entry for SEC submission — ArtemisQ Capital
# Detail record 0174: full audit trail entry for SEC submission — ArtemisQ Capital
# Detail record 0175: full audit trail entry for SEC submission — ArtemisQ Capital
# Detail record 0176: full audit trail entry for SEC submission — ArtemisQ Capital
# Detail record 0177: full audit trail entry for SEC submission — ArtemisQ Capital
# Detail record 0178: full audit trail entry for SEC submission — ArtemisQ Capital
# Detail record 0179: full audit trail entry for SEC submission — ArtemisQ Capital
# Detail record 0180: full audit trail entry for SEC submission — ArtemisQ Capital
# Detail record 0181: full audit trail entry for SEC submission — ArtemisQ Capital
# Detail record 0182: full audit trail entry for SEC submission — ArtemisQ Capital
# Detail record 0183: full audit trail entry for SEC submission — ArtemisQ Capital
# Detail record 0184: full audit trail entry for SEC submission — ArtemisQ Capital
# Detail record 0185: full audit trail entry for SEC submission — ArtemisQ Capital
# Detail record 0186: full audit trail entry for SEC submission — ArtemisQ Capital
# Detail record 0187: full audit trail entry for SEC submission — ArtemisQ Capital
# Detail record 0188: full audit trail entry for SEC submission — ArtemisQ Capital
# Detail record 0189: full audit trail entry for SEC submission — ArtemisQ Capital
# Detail record 0190: full audit trail entry for SEC submission — ArtemisQ Capital
# Detail record 0191: full audit trail entry for SEC submission — ArtemisQ Capital
# Detail record 0192: full audit trail entry for SEC submission — ArtemisQ Capital
# Detail record 0193: full audit trail entry for SEC submission — ArtemisQ Capital
# Detail record 0194: full audit trail entry for SEC submission — ArtemisQ Capital
# Detail record 0195: full audit trail entry for SEC submission — ArtemisQ Capital
# Detail record 0196: full audit trail entry for SEC submission — ArtemisQ Capital
# Detail record 0197: full audit trail entry for SEC submission — ArtemisQ Capital
# Detail record 0198: full audit trail entry for SEC submission — ArtemisQ Capital
# Detail record 0199: full audit trail entry for SEC submission — ArtemisQ Capital
# Detail record 0200: full audit trail entry for SEC submission — ArtemisQ Capital
# Detail record 0201: full audit trail entry for SEC submission — ArtemisQ Capital
# Detail record 0202: full audit trail entry for SEC submission — ArtemisQ Capital
# Detail record 0203: full audit trail entry for SEC submission — ArtemisQ Capital
# Detail record 0204: full audit trail entry for SEC submission — ArtemisQ Capital
# Detail record 0205: full audit trail entry for SEC submission — ArtemisQ Capital
# Detail record 0206: full audit trail entry for SEC submission — ArtemisQ Capital
# Detail record 0207: full audit trail entry for SEC submission — ArtemisQ Capital
# Detail record 0208: full audit trail entry for SEC submission — ArtemisQ Capital
# Detail record 0209: full audit trail entry for SEC submission — ArtemisQ Capital
# Detail record 0210: full audit trail entry for SEC submission — ArtemisQ Capital
# Detail record 0211: full audit trail entry for SEC submission — ArtemisQ Capital
# Detail record 0212: full audit trail entry for SEC submission — ArtemisQ Capital
# Detail record 0213: full audit trail entry for SEC submission — ArtemisQ Capital
# Detail record 0214: full audit trail entry for SEC submission — ArtemisQ Capital
# Detail record 0215: full audit trail entry for SEC submission — ArtemisQ Capital
# Detail record 0216: full audit trail entry for SEC submission — ArtemisQ Capital
# Detail record 0217: full audit trail entry for SEC submission — ArtemisQ Capital
# Detail record 0218: full audit trail entry for SEC submission — ArtemisQ Capital
# Detail record 0219: full audit trail entry for SEC submission — ArtemisQ Capital
# Detail record 0220: full audit trail entry for SEC submission — ArtemisQ Capital
# Detail record 0221: full audit trail entry for SEC submission — ArtemisQ Capital
# Detail record 0222: full audit trail entry for SEC submission — ArtemisQ Capital
# Detail record 0223: full audit trail entry for SEC submission — ArtemisQ Capital
# Detail record 0224: full audit trail entry for SEC submission — ArtemisQ Capital
# Detail record 0225: full audit trail entry for SEC submission — ArtemisQ Capital
# Detail record 0226: full audit trail entry for SEC submission — ArtemisQ Capital
# Detail record 0227: full audit trail entry for SEC submission — ArtemisQ Capital
# Detail record 0228: full audit trail entry for SEC submission — ArtemisQ Capital
# Detail record 0229: full audit trail entry for SEC submission — ArtemisQ Capital
# Detail record 0230: full audit trail entry for SEC submission — ArtemisQ Capital
# Detail record 0231: full audit trail entry for SEC submission — ArtemisQ Capital
# Detail record 0232: full audit trail entry for SEC submission — ArtemisQ Capital
# Detail record 0233: full audit trail entry for SEC submission — ArtemisQ Capital
# Detail record 0234: full audit trail entry for SEC submission — ArtemisQ Capital
# Detail record 0235: full audit trail entry for SEC submission — ArtemisQ Capital
# Detail record 0236: full audit trail entry for SEC submission — ArtemisQ Capital
# Detail record 0237: full audit trail entry for SEC submission — ArtemisQ Capital
# Detail record 0238: full audit trail entry for SEC submission — ArtemisQ Capital
# Detail record 0239: full audit trail entry for SEC submission — ArtemisQ Capital
# Detail record 0240: full audit trail entry for SEC submission — ArtemisQ Capital
# Detail record 0241: full audit trail entry for SEC submission — ArtemisQ Capital
# Detail record 0242: full audit trail entry for SEC submission — ArtemisQ Capital
# Detail record 0243: full audit trail entry for SEC submission — ArtemisQ Capital
# Detail record 0244: full audit trail entry for SEC submission — ArtemisQ Capital
# Detail record 0245: full audit trail entry for SEC submission — ArtemisQ Capital
# Detail record 0246: full audit trail entry for SEC submission — ArtemisQ Capital
# Detail record 0247: full audit trail entry for SEC submission — ArtemisQ Capital
# Detail record 0248: full audit trail entry for SEC submission — ArtemisQ Capital
# Detail record 0249: full audit trail entry for SEC submission — ArtemisQ Capital
# Detail record 0250: full audit trail entry for SEC submission — ArtemisQ Capital
# Detail record 0251: full audit trail entry for SEC submission — ArtemisQ Capital
# Detail record 0252: full audit trail entry for SEC submission — ArtemisQ Capital
# Detail record 0253: full audit trail entry for SEC submission — ArtemisQ Capital
# Detail record 0254: full audit trail entry for SEC submission — ArtemisQ Capital
# Detail record 0255: full audit trail entry for SEC submission — ArtemisQ Capital
# Detail record 0256: full audit trail entry for SEC submission — ArtemisQ Capital
# Detail record 0257: full audit trail entry for SEC submission — ArtemisQ Capital
# Detail record 0258: full audit trail entry for SEC submission — ArtemisQ Capital
# Detail record 0259: full audit trail entry for SEC submission — ArtemisQ Capital
# Detail record 0260: full audit trail entry for SEC submission — ArtemisQ Capital
# Detail record 0261: full audit trail entry for SEC submission — ArtemisQ Capital
# Detail record 0262: full audit trail entry for SEC submission — ArtemisQ Capital
# Detail record 0263: full audit trail entry for SEC submission — ArtemisQ Capital
# Detail record 0264: full audit trail entry for SEC submission — ArtemisQ Capital
# Detail record 0265: full audit trail entry for SEC submission — ArtemisQ Capital
# Detail record 0266: full audit trail entry for SEC submission — ArtemisQ Capital
# Detail record 0267: full audit trail entry for SEC submission — ArtemisQ Capital
# Detail record 0268: full audit trail entry for SEC submission — ArtemisQ Capital
# Detail record 0269: full audit trail entry for SEC submission — ArtemisQ Capital
# Detail record 0270: full audit trail entry for SEC submission — ArtemisQ Capital
# Detail record 0271: full audit trail entry for SEC submission — ArtemisQ Capital
# Detail record 0272: full audit trail entry for SEC submission — ArtemisQ Capital
# Detail record 0273: full audit trail entry for SEC submission — ArtemisQ Capital
# Detail record 0274: full audit trail entry for SEC submission — ArtemisQ Capital
# Detail record 0275: full audit trail entry for SEC submission — ArtemisQ Capital
# Detail record 0276: full audit trail entry for SEC submission — ArtemisQ Capital
# Detail record 0277: full audit trail entry for SEC submission — ArtemisQ Capital
# Detail record 0278: full audit trail entry for SEC submission — ArtemisQ Capital
# Detail record 0279: full audit trail entry for SEC submission — ArtemisQ Capital
# Detail record 0280: full audit trail entry for SEC submission — ArtemisQ Capital
# Detail record 0281: full audit trail entry for SEC submission — ArtemisQ Capital
# Detail record 0282: full audit trail entry for SEC submission — ArtemisQ Capital
# Detail record 0283: full audit trail entry for SEC submission — ArtemisQ Capital
# Detail record 0284: full audit trail entry for SEC submission — ArtemisQ Capital
# Detail record 0285: full audit trail entry for SEC submission — ArtemisQ Capital
# Detail record 0286: full audit trail entry for SEC submission — ArtemisQ Capital
# Detail record 0287: full audit trail entry for SEC submission — ArtemisQ Capital
# Detail record 0288: full audit trail entry for SEC submission — ArtemisQ Capital
# Detail record 0289: full audit trail entry for SEC submission — ArtemisQ Capital
# Detail record 0290: full audit trail entry for SEC submission — ArtemisQ Capital
# Detail record 0291: full audit trail entry for SEC submission — ArtemisQ Capital
# Detail record 0292: full audit trail entry for SEC submission — ArtemisQ Capital
# Detail record 0293: full audit trail entry for SEC submission — ArtemisQ Capital
# Detail record 0294: full audit trail entry for SEC submission — ArtemisQ Capital
# Detail record 0295: full audit trail entry for SEC submission — ArtemisQ Capital
# Detail record 0296: full audit trail entry for SEC submission — ArtemisQ Capital
# Detail record 0297: full audit trail entry for SEC submission — ArtemisQ Capital
# Detail record 0298: full audit trail entry for SEC submission — ArtemisQ Capital
# Detail record 0299: full audit trail entry for SEC submission — ArtemisQ Capital
# Detail record 0300: full audit trail entry for SEC submission — ArtemisQ Capital
# Detail record 0301: full audit trail entry for SEC submission — ArtemisQ Capital
# Detail record 0302: full audit trail entry for SEC submission — ArtemisQ Capital
# Detail record 0303: full audit trail entry for SEC submission — ArtemisQ Capital
# Detail record 0304: full audit trail entry for SEC submission — ArtemisQ Capital
# Detail record 0305: full audit trail entry for SEC submission — ArtemisQ Capital
# Detail record 0306: full audit trail entry for SEC submission — ArtemisQ Capital
# Detail record 0307: full audit trail entry for SEC submission — ArtemisQ Capital
# Detail record 0308: full audit trail entry for SEC submission — ArtemisQ Capital
# Detail record 0309: full audit trail entry for SEC submission — ArtemisQ Capital
# Detail record 0310: full audit trail entry for SEC submission — ArtemisQ Capital
# Detail record 0311: full audit trail entry for SEC submission — ArtemisQ Capital
# Detail record 0312: full audit trail entry for SEC submission — ArtemisQ Capital
# Detail record 0313: full audit trail entry for SEC submission — ArtemisQ Capital
# Detail record 0314: full audit trail entry for SEC submission — ArtemisQ Capital
# Detail record 0315: full audit trail entry for SEC submission — ArtemisQ Capital
# Detail record 0316: full audit trail entry for SEC submission — ArtemisQ Capital
# Detail record 0317: full audit trail entry for SEC submission — ArtemisQ Capital
# Detail record 0318: full audit trail entry for SEC submission — ArtemisQ Capital
# Detail record 0319: full audit trail entry for SEC submission — ArtemisQ Capital
# Detail record 0320: full audit trail entry for SEC submission — ArtemisQ Capital
# Detail record 0321: full audit trail entry for SEC submission — ArtemisQ Capital
# Detail record 0322: full audit trail entry for SEC submission — ArtemisQ Capital
# Detail record 0323: full audit trail entry for SEC submission — ArtemisQ Capital
# Detail record 0324: full audit trail entry for SEC submission — ArtemisQ Capital
# Detail record 0325: full audit trail entry for SEC submission — ArtemisQ Capital
# Detail record 0326: full audit trail entry for SEC submission — ArtemisQ Capital
# Detail record 0327: full audit trail entry for SEC submission — ArtemisQ Capital
# Detail record 0328: full audit trail entry for SEC submission — ArtemisQ Capital
# Detail record 0329: full audit trail entry for SEC submission — ArtemisQ Capital
# Detail record 0330: full audit trail entry for SEC submission — ArtemisQ Capital
# Detail record 0331: full audit trail entry for SEC submission — ArtemisQ Capital
# Detail record 0332: full audit trail entry for SEC submission — ArtemisQ Capital
# Detail record 0333: full audit trail entry for SEC submission — ArtemisQ Capital
# Detail record 0334: full audit trail entry for SEC submission — ArtemisQ Capital
# Detail record 0335: full audit trail entry for SEC submission — ArtemisQ Capital
# Detail record 0336: full audit trail entry for SEC submission — ArtemisQ Capital
# Detail record 0337: full audit trail entry for SEC submission — ArtemisQ Capital
# Detail record 0338: full audit trail entry for SEC submission — ArtemisQ Capital
# Detail record 0339: full audit trail entry for SEC submission — ArtemisQ Capital
# Detail record 0340: full audit trail entry for SEC submission — ArtemisQ Capital
# Detail record 0341: full audit trail entry for SEC submission — ArtemisQ Capital
# Detail record 0342: full audit trail entry for SEC submission — ArtemisQ Capital
# Detail record 0343: full audit trail entry for SEC submission — ArtemisQ Capital
# Detail record 0344: full audit trail entry for SEC submission — ArtemisQ Capital
# Detail record 0345: full audit trail entry for SEC submission — ArtemisQ Capital
# Detail record 0346: full audit trail entry for SEC submission — ArtemisQ Capital
# Detail record 0347: full audit trail entry for SEC submission — ArtemisQ Capital
# Detail record 0348: full audit trail entry for SEC submission — ArtemisQ Capital
# Detail record 0349: full audit trail entry for SEC submission — ArtemisQ Capital
# Detail record 0350: full audit trail entry for SEC submission — ArtemisQ Capital
# Detail record 0351: full audit trail entry for SEC submission — ArtemisQ Capital
# Detail record 0352: full audit trail entry for SEC submission — ArtemisQ Capital
# Detail record 0353: full audit trail entry for SEC submission — ArtemisQ Capital
# Detail record 0354: full audit trail entry for SEC submission — ArtemisQ Capital
# Detail record 0355: full audit trail entry for SEC submission — ArtemisQ Capital
# Detail record 0356: full audit trail entry for SEC submission — ArtemisQ Capital
# Detail record 0357: full audit trail entry for SEC submission — ArtemisQ Capital
# Detail record 0358: full audit trail entry for SEC submission — ArtemisQ Capital
# Detail record 0359: full audit trail entry for SEC submission — ArtemisQ Capital
# Detail record 0360: full audit trail entry for SEC submission — ArtemisQ Capital
# Detail record 0361: full audit trail entry for SEC submission — ArtemisQ Capital
# Detail record 0362: full audit trail entry for SEC submission — ArtemisQ Capital
# Detail record 0363: full audit trail entry for SEC submission — ArtemisQ Capital
# Detail record 0364: full audit trail entry for SEC submission — ArtemisQ Capital
# Detail record 0365: full audit trail entry for SEC submission — ArtemisQ Capital
# Detail record 0366: full audit trail entry for SEC submission — ArtemisQ Capital
# Detail record 0367: full audit trail entry for SEC submission — ArtemisQ Capital
# Detail record 0368: full audit trail entry for SEC submission — ArtemisQ Capital
# Detail record 0369: full audit trail entry for SEC submission — ArtemisQ Capital
# Detail record 0370: full audit trail entry for SEC submission — ArtemisQ Capital
# Detail record 0371: full audit trail entry for SEC submission — ArtemisQ Capital
# Detail record 0372: full audit trail entry for SEC submission — ArtemisQ Capital
# Detail record 0373: full audit trail entry for SEC submission — ArtemisQ Capital
# Detail record 0374: full audit trail entry for SEC submission — ArtemisQ Capital
# Detail record 0375: full audit trail entry for SEC submission — ArtemisQ Capital
# Detail record 0376: full audit trail entry for SEC submission — ArtemisQ Capital
# Detail record 0377: full audit trail entry for SEC submission — ArtemisQ Capital
# Detail record 0378: full audit trail entry for SEC submission — ArtemisQ Capital
# Detail record 0379: full audit trail entry for SEC submission — ArtemisQ Capital
# Detail record 0380: full audit trail entry for SEC submission — ArtemisQ Capital
# Detail record 0381: full audit trail entry for SEC submission — ArtemisQ Capital
# Detail record 0382: full audit trail entry for SEC submission — ArtemisQ Capital
# Detail record 0383: full audit trail entry for SEC submission — ArtemisQ Capital
# Detail record 0384: full audit trail entry for SEC submission — ArtemisQ Capital
# Detail record 0385: full audit trail entry for SEC submission — ArtemisQ Capital
# Detail record 0386: full audit trail entry for SEC submission — ArtemisQ Capital
# Detail record 0387: full audit trail entry for SEC submission — ArtemisQ Capital
# Detail record 0388: full audit trail entry for SEC submission — ArtemisQ Capital
# Detail record 0389: full audit trail entry for SEC submission — ArtemisQ Capital
# Detail record 0390: full audit trail entry for SEC submission — ArtemisQ Capital
# Detail record 0391: full audit trail entry for SEC submission — ArtemisQ Capital
# Detail record 0392: full audit trail entry for SEC submission — ArtemisQ Capital
# Detail record 0393: full audit trail entry for SEC submission — ArtemisQ Capital
# Detail record 0394: full audit trail entry for SEC submission — ArtemisQ Capital
# Detail record 0395: full audit trail entry for SEC submission — ArtemisQ Capital
# Detail record 0396: full audit trail entry for SEC submission — ArtemisQ Capital
# Detail record 0397: full audit trail entry for SEC submission — ArtemisQ Capital
# Detail record 0398: full audit trail entry for SEC submission — ArtemisQ Capital
# Detail record 0399: full audit trail entry for SEC submission — ArtemisQ Capital
# Detail record 0400: full audit trail entry for SEC submission — ArtemisQ Capital
# Detail record 0401: full audit trail entry for SEC submission — ArtemisQ Capital
# Detail record 0402: full audit trail entry for SEC submission — ArtemisQ Capital
# Detail record 0403: full audit trail entry for SEC submission — ArtemisQ Capital
# Detail record 0404: full audit trail entry for SEC submission — ArtemisQ Capital
# Detail record 0405: full audit trail entry for SEC submission — ArtemisQ Capital
# Detail record 0406: full audit trail entry for SEC submission — ArtemisQ Capital
# Detail record 0407: full audit trail entry for SEC submission — ArtemisQ Capital
# Detail record 0408: full audit trail entry for SEC submission — ArtemisQ Capital
# Detail record 0409: full audit trail entry for SEC submission — ArtemisQ Capital
# Detail record 0410: full audit trail entry for SEC submission — ArtemisQ Capital
# Detail record 0411: full audit trail entry for SEC submission — ArtemisQ Capital
# Detail record 0412: full audit trail entry for SEC submission — ArtemisQ Capital
# Detail record 0413: full audit trail entry for SEC submission — ArtemisQ Capital
# Detail record 0414: full audit trail entry for SEC submission — ArtemisQ Capital
# Detail record 0415: full audit trail entry for SEC submission — ArtemisQ Capital
# Detail record 0416: full audit trail entry for SEC submission — ArtemisQ Capital
# Detail record 0417: full audit trail entry for SEC submission — ArtemisQ Capital
# Detail record 0418: full audit trail entry for SEC submission — ArtemisQ Capital
# Detail record 0419: full audit trail entry for SEC submission — ArtemisQ Capital
# Detail record 0420: full audit trail entry for SEC submission — ArtemisQ Capital
# Detail record 0421: full audit trail entry for SEC submission — ArtemisQ Capital
# Detail record 0422: full audit trail entry for SEC submission — ArtemisQ Capital
# Detail record 0423: full audit trail entry for SEC submission — ArtemisQ Capital
# Detail record 0424: full audit trail entry for SEC submission — ArtemisQ Capital
# Detail record 0425: full audit trail entry for SEC submission — ArtemisQ Capital
# Detail record 0426: full audit trail entry for SEC submission — ArtemisQ Capital
# Detail record 0427: full audit trail entry for SEC submission — ArtemisQ Capital
# Detail record 0428: full audit trail entry for SEC submission — ArtemisQ Capital
# Detail record 0429: full audit trail entry for SEC submission — ArtemisQ Capital
# Detail record 0430: full audit trail entry for SEC submission — ArtemisQ Capital
# Detail record 0431: full audit trail entry for SEC submission — ArtemisQ Capital
# Detail record 0432: full audit trail entry for SEC submission — ArtemisQ Capital
# Detail record 0433: full audit trail entry for SEC submission — ArtemisQ Capital
# Detail record 0434: full audit trail entry for SEC submission — ArtemisQ Capital
# Detail record 0435: full audit trail entry for SEC submission — ArtemisQ Capital
# Detail record 0436: full audit trail entry for SEC submission — ArtemisQ Capital
# Detail record 0437: full audit trail entry for SEC submission — ArtemisQ Capital
# Detail record 0438: full audit trail entry for SEC submission — ArtemisQ Capital
# Detail record 0439: full audit trail entry for SEC submission — ArtemisQ Capital
# Detail record 0440: full audit trail entry for SEC submission — ArtemisQ Capital
# Detail record 0441: full audit trail entry for SEC submission — ArtemisQ Capital
# Detail record 0442: full audit trail entry for SEC submission — ArtemisQ Capital
# Detail record 0443: full audit trail entry for SEC submission — ArtemisQ Capital
# Detail record 0444: full audit trail entry for SEC submission — ArtemisQ Capital
# Detail record 0445: full audit trail entry for SEC submission — ArtemisQ Capital
# Detail record 0446: full audit trail entry for SEC submission — ArtemisQ Capital
# Detail record 0447: full audit trail entry for SEC submission — ArtemisQ Capital
# Detail record 0448: full audit trail entry for SEC submission — ArtemisQ Capital
# Detail record 0449: full audit trail entry for SEC submission — ArtemisQ Capital
# Detail record 0450: full audit trail entry for SEC submission — ArtemisQ Capital
# Detail record 0451: full audit trail entry for SEC submission — ArtemisQ Capital
# Detail record 0452: full audit trail entry for SEC submission — ArtemisQ Capital
# Detail record 0453: full audit trail entry for SEC submission — ArtemisQ Capital
# Detail record 0454: full audit trail entry for SEC submission — ArtemisQ Capital
# Detail record 0455: full audit trail entry for SEC submission — ArtemisQ Capital
# Detail record 0456: full audit trail entry for SEC submission — ArtemisQ Capital
# Detail record 0457: full audit trail entry for SEC submission — ArtemisQ Capital
# Detail record 0458: full audit trail entry for SEC submission — ArtemisQ Capital
# Detail record 0459: full audit trail entry for SEC submission — ArtemisQ Capital
# Detail record 0460: full audit trail entry for SEC submission — ArtemisQ Capital
# Detail record 0461: full audit trail entry for SEC submission — ArtemisQ Capital
# Detail record 0462: full audit trail entry for SEC submission — ArtemisQ Capital
# Detail record 0463: full audit trail entry for SEC submission — ArtemisQ Capital
# Detail record 0464: full audit trail entry for SEC submission — ArtemisQ Capital
# Detail record 0465: full audit trail entry for SEC submission — ArtemisQ Capital
# Detail record 0466: full audit trail entry for SEC submission — ArtemisQ Capital
# Detail record 0467: full audit trail entry for SEC submission — ArtemisQ Capital
# Detail record 0468: full audit trail entry for SEC submission — ArtemisQ Capital
# Detail record 0469: full audit trail entry for SEC submission — ArtemisQ Capital
# Detail record 0470: full audit trail entry for SEC submission — ArtemisQ Capital
# Detail record 0471: full audit trail entry for SEC submission — ArtemisQ Capital
# Detail record 0472: full audit trail entry for SEC submission — ArtemisQ Capital
# Detail record 0473: full audit trail entry for SEC submission — ArtemisQ Capital
# Detail record 0474: full audit trail entry for SEC submission — ArtemisQ Capital
# Detail record 0475: full audit trail entry for SEC submission — ArtemisQ Capital
# Detail record 0476: full audit trail entry for SEC submission — ArtemisQ Capital
# Detail record 0477: full audit trail entry for SEC submission — ArtemisQ Capital
# Detail record 0478: full audit trail entry for SEC submission — ArtemisQ Capital
# Detail record 0479: full audit trail entry for SEC submission — ArtemisQ Capital
# Detail record 0480: full audit trail entry for SEC submission — ArtemisQ Capital
# Detail record 0481: full audit trail entry for SEC submission — ArtemisQ Capital
# Detail record 0482: full audit trail entry for SEC submission — ArtemisQ Capital
# Detail record 0483: full audit trail entry for SEC submission — ArtemisQ Capital
# Detail record 0484: full audit trail entry for SEC submission — ArtemisQ Capital
# Detail record 0485: full audit trail entry for SEC submission — ArtemisQ Capital
# Detail record 0486: full audit trail entry for SEC submission — ArtemisQ Capital
# Detail record 0487: full audit trail entry for SEC submission — ArtemisQ Capital
# Detail record 0488: full audit trail entry for SEC submission — ArtemisQ Capital
# Detail record 0489: full audit trail entry for SEC submission — ArtemisQ Capital
# Detail record 0490: full audit trail entry for SEC submission — ArtemisQ Capital
# Detail record 0491: full audit trail entry for SEC submission — ArtemisQ Capital
# Detail record 0492: full audit trail entry for SEC submission — ArtemisQ Capital
# Detail record 0493: full audit trail entry for SEC submission — ArtemisQ Capital
# Detail record 0494: full audit trail entry for SEC submission — ArtemisQ Capital
# Detail record 0495: full audit trail entry for SEC submission — ArtemisQ Capital
# Detail record 0496: full audit trail entry for SEC submission — ArtemisQ Capital
# Detail record 0497: full audit trail entry for SEC submission — ArtemisQ Capital
# Detail record 0498: full audit trail entry for SEC submission — ArtemisQ Capital
# Detail record 0499: full audit trail entry for SEC submission — ArtemisQ Capital
# Detail record 0500: full audit trail entry for SEC submission — ArtemisQ Capital
# Detail record 0501: full audit trail entry for SEC submission — ArtemisQ Capital
# Detail record 0502: full audit trail entry for SEC submission — ArtemisQ Capital
# Detail record 0503: full audit trail entry for SEC submission — ArtemisQ Capital
# Detail record 0504: full audit trail entry for SEC submission — ArtemisQ Capital
# Detail record 0505: full audit trail entry for SEC submission — ArtemisQ Capital
# Detail record 0506: full audit trail entry for SEC submission — ArtemisQ Capital
# Detail record 0507: full audit trail entry for SEC submission — ArtemisQ Capital
# Detail record 0508: full audit trail entry for SEC submission — ArtemisQ Capital
# Detail record 0509: full audit trail entry for SEC submission — ArtemisQ Capital
# Detail record 0510: full audit trail entry for SEC submission — ArtemisQ Capital
# Detail record 0511: full audit trail entry for SEC submission — ArtemisQ Capital
# Detail record 0512: full audit trail entry for SEC submission — ArtemisQ Capital
# Detail record 0513: full audit trail entry for SEC submission — ArtemisQ Capital
# Detail record 0514: full audit trail entry for SEC submission — ArtemisQ Capital
# Detail record 0515: full audit trail entry for SEC submission — ArtemisQ Capital
# Detail record 0516: full audit trail entry for SEC submission — ArtemisQ Capital
# Detail record 0517: full audit trail entry for SEC submission — ArtemisQ Capital
# Detail record 0518: full audit trail entry for SEC submission — ArtemisQ Capital
# Detail record 0519: full audit trail entry for SEC submission — ArtemisQ Capital
# Detail record 0520: full audit trail entry for SEC submission — ArtemisQ Capital
# Detail record 0521: full audit trail entry for SEC submission — ArtemisQ Capital
# Detail record 0522: full audit trail entry for SEC submission — ArtemisQ Capital
# Detail record 0523: full audit trail entry for SEC submission — ArtemisQ Capital
# Detail record 0524: full audit trail entry for SEC submission — ArtemisQ Capital
# Detail record 0525: full audit trail entry for SEC submission — ArtemisQ Capital
# Detail record 0526: full audit trail entry for SEC submission — ArtemisQ Capital
# Detail record 0527: full audit trail entry for SEC submission — ArtemisQ Capital
# Detail record 0528: full audit trail entry for SEC submission — ArtemisQ Capital
# Detail record 0529: full audit trail entry for SEC submission — ArtemisQ Capital
# Detail record 0530: full audit trail entry for SEC submission — ArtemisQ Capital
# Detail record 0531: full audit trail entry for SEC submission — ArtemisQ Capital
# Detail record 0532: full audit trail entry for SEC submission — ArtemisQ Capital
# Detail record 0533: full audit trail entry for SEC submission — ArtemisQ Capital
# Detail record 0534: full audit trail entry for SEC submission — ArtemisQ Capital
# Detail record 0535: full audit trail entry for SEC submission — ArtemisQ Capital
# Detail record 0536: full audit trail entry for SEC submission — ArtemisQ Capital
# Detail record 0537: full audit trail entry for SEC submission — ArtemisQ Capital
# Detail record 0538: full audit trail entry for SEC submission — ArtemisQ Capital
# Detail record 0539: full audit trail entry for SEC submission — ArtemisQ Capital
# Detail record 0540: full audit trail entry for SEC submission — ArtemisQ Capital
# Detail record 0541: full audit trail entry for SEC submission — ArtemisQ Capital
# Detail record 0542: full audit trail entry for SEC submission — ArtemisQ Capital
# Detail record 0543: full audit trail entry for SEC submission — ArtemisQ Capital
# Detail record 0544: full audit trail entry for SEC submission — ArtemisQ Capital
# Detail record 0545: full audit trail entry for SEC submission — ArtemisQ Capital
# Detail record 0546: full audit trail entry for SEC submission — ArtemisQ Capital
# Detail record 0547: full audit trail entry for SEC submission — ArtemisQ Capital
# Detail record 0548: full audit trail entry for SEC submission — ArtemisQ Capital
# Detail record 0549: full audit trail entry for SEC submission — ArtemisQ Capital
# Detail record 0550: full audit trail entry for SEC submission — ArtemisQ Capital
# Detail record 0551: full audit trail entry for SEC submission — ArtemisQ Capital
# Detail record 0552: full audit trail entry for SEC submission — ArtemisQ Capital
# Detail record 0553: full audit trail entry for SEC submission — ArtemisQ Capital
# Detail record 0554: full audit trail entry for SEC submission — ArtemisQ Capital
# Detail record 0555: full audit trail entry for SEC submission — ArtemisQ Capital
# Detail record 0556: full audit trail entry for SEC submission — ArtemisQ Capital
# Detail record 0557: full audit trail entry for SEC submission — ArtemisQ Capital
# Detail record 0558: full audit trail entry for SEC submission — ArtemisQ Capital
# Detail record 0559: full audit trail entry for SEC submission — ArtemisQ Capital
# Detail record 0560: full audit trail entry for SEC submission — ArtemisQ Capital
# Detail record 0561: full audit trail entry for SEC submission — ArtemisQ Capital
# Detail record 0562: full audit trail entry for SEC submission — ArtemisQ Capital
# Detail record 0563: full audit trail entry for SEC submission — ArtemisQ Capital
# Detail record 0564: full audit trail entry for SEC submission — ArtemisQ Capital
# Detail record 0565: full audit trail entry for SEC submission — ArtemisQ Capital
# Detail record 0566: full audit trail entry for SEC submission — ArtemisQ Capital
# Detail record 0567: full audit trail entry for SEC submission — ArtemisQ Capital
# Detail record 0568: full audit trail entry for SEC submission — ArtemisQ Capital
# Detail record 0569: full audit trail entry for SEC submission — ArtemisQ Capital
# Detail record 0570: full audit trail entry for SEC submission — ArtemisQ Capital
# Detail record 0571: full audit trail entry for SEC submission — ArtemisQ Capital
# Detail record 0572: full audit trail entry for SEC submission — ArtemisQ Capital
# Detail record 0573: full audit trail entry for SEC submission — ArtemisQ Capital
# Detail record 0574: full audit trail entry for SEC submission — ArtemisQ Capital
# Detail record 0575: full audit trail entry for SEC submission — ArtemisQ Capital
# Detail record 0576: full audit trail entry for SEC submission — ArtemisQ Capital
# Detail record 0577: full audit trail entry for SEC submission — ArtemisQ Capital
# Detail record 0578: full audit trail entry for SEC submission — ArtemisQ Capital
# Detail record 0579: full audit trail entry for SEC submission — ArtemisQ Capital
# Detail record 0580: full audit trail entry for SEC submission — ArtemisQ Capital
# Detail record 0581: full audit trail entry for SEC submission — ArtemisQ Capital
# Detail record 0582: full audit trail entry for SEC submission — ArtemisQ Capital
# Detail record 0583: full audit trail entry for SEC submission — ArtemisQ Capital
# Detail record 0584: full audit trail entry for SEC submission — ArtemisQ Capital
# Detail record 0585: full audit trail entry for SEC submission — ArtemisQ Capital
# Detail record 0586: full audit trail entry for SEC submission — ArtemisQ Capital
# Detail record 0587: full audit trail entry for SEC submission — ArtemisQ Capital
# Detail record 0588: full audit trail entry for SEC submission — ArtemisQ Capital
# Detail record 0589: full audit trail entry for SEC submission — ArtemisQ Capital
# Detail record 0590: full audit trail entry for SEC submission — ArtemisQ Capital
# Detail record 0591: full audit trail entry for SEC submission — ArtemisQ Capital
# Detail record 0592: full audit trail entry for SEC submission — ArtemisQ Capital
# Detail record 0593: full audit trail entry for SEC submission — ArtemisQ Capital
# Detail record 0594: full audit trail entry for SEC submission — ArtemisQ Capital
# Detail record 0595: full audit trail entry for SEC submission — ArtemisQ Capital
# Detail record 0596: full audit trail entry for SEC submission — ArtemisQ Capital
# Detail record 0597: full audit trail entry for SEC submission — ArtemisQ Capital
# Detail record 0598: full audit trail entry for SEC submission — ArtemisQ Capital
# Detail record 0599: full audit trail entry for SEC submission — ArtemisQ Capital
# Detail record 0600: full audit trail entry for SEC submission — ArtemisQ Capital
# Detail record 0601: full audit trail entry for SEC submission — ArtemisQ Capital
# Detail record 0602: full audit trail entry for SEC submission — ArtemisQ Capital
# Detail record 0603: full audit trail entry for SEC submission — ArtemisQ Capital
# Detail record 0604: full audit trail entry for SEC submission — ArtemisQ Capital
# Detail record 0605: full audit trail entry for SEC submission — ArtemisQ Capital
# Detail record 0606: full audit trail entry for SEC submission — ArtemisQ Capital
# Detail record 0607: full audit trail entry for SEC submission — ArtemisQ Capital
# Detail record 0608: full audit trail entry for SEC submission — ArtemisQ Capital
# Detail record 0609: full audit trail entry for SEC submission — ArtemisQ Capital
# Detail record 0610: full audit trail entry for SEC submission — ArtemisQ Capital
# Detail record 0611: full audit trail entry for SEC submission — ArtemisQ Capital
# Detail record 0612: full audit trail entry for SEC submission — ArtemisQ Capital
# Detail record 0613: full audit trail entry for SEC submission — ArtemisQ Capital
# Detail record 0614: full audit trail entry for SEC submission — ArtemisQ Capital
# Detail record 0615: full audit trail entry for SEC submission — ArtemisQ Capital
# Detail record 0616: full audit trail entry for SEC submission — ArtemisQ Capital
# Detail record 0617: full audit trail entry for SEC submission — ArtemisQ Capital
# Detail record 0618: full audit trail entry for SEC submission — ArtemisQ Capital
# Detail record 0619: full audit trail entry for SEC submission — ArtemisQ Capital
# Detail record 0620: full audit trail entry for SEC submission — ArtemisQ Capital
# Detail record 0621: full audit trail entry for SEC submission — ArtemisQ Capital
# Detail record 0622: full audit trail entry for SEC submission — ArtemisQ Capital
# Detail record 0623: full audit trail entry for SEC submission — ArtemisQ Capital
# Detail record 0624: full audit trail entry for SEC submission — ArtemisQ Capital
# Detail record 0625: full audit trail entry for SEC submission — ArtemisQ Capital
# Detail record 0626: full audit trail entry for SEC submission — ArtemisQ Capital
# Detail record 0627: full audit trail entry for SEC submission — ArtemisQ Capital
# Detail record 0628: full audit trail entry for SEC submission — ArtemisQ Capital
# Detail record 0629: full audit trail entry for SEC submission — ArtemisQ Capital
# Detail record 0630: full audit trail entry for SEC submission — ArtemisQ Capital
# Detail record 0631: full audit trail entry for SEC submission — ArtemisQ Capital
# Detail record 0632: full audit trail entry for SEC submission — ArtemisQ Capital
# Detail record 0633: full audit trail entry for SEC submission — ArtemisQ Capital
# Detail record 0634: full audit trail entry for SEC submission — ArtemisQ Capital
# Detail record 0635: full audit trail entry for SEC submission — ArtemisQ Capital
# Detail record 0636: full audit trail entry for SEC submission — ArtemisQ Capital
# Detail record 0637: full audit trail entry for SEC submission — ArtemisQ Capital
# Detail record 0638: full audit trail entry for SEC submission — ArtemisQ Capital
# Detail record 0639: full audit trail entry for SEC submission — ArtemisQ Capital
# Detail record 0640: full audit trail entry for SEC submission — ArtemisQ Capital
# Detail record 0641: full audit trail entry for SEC submission — ArtemisQ Capital
# Detail record 0642: full audit trail entry for SEC submission — ArtemisQ Capital
# Detail record 0643: full audit trail entry for SEC submission — ArtemisQ Capital
# Detail record 0644: full audit trail entry for SEC submission — ArtemisQ Capital
# Detail record 0645: full audit trail entry for SEC submission — ArtemisQ Capital
# Detail record 0646: full audit trail entry for SEC submission — ArtemisQ Capital
# Detail record 0647: full audit trail entry for SEC submission — ArtemisQ Capital
# Detail record 0648: full audit trail entry for SEC submission — ArtemisQ Capital
# Detail record 0649: full audit trail entry for SEC submission — ArtemisQ Capital
# Detail record 0650: full audit trail entry for SEC submission — ArtemisQ Capital
# Detail record 0651: full audit trail entry for SEC submission — ArtemisQ Capital
# Detail record 0652: full audit trail entry for SEC submission — ArtemisQ Capital
# Detail record 0653: full audit trail entry for SEC submission — ArtemisQ Capital
# Detail record 0654: full audit trail entry for SEC submission — ArtemisQ Capital
# Detail record 0655: full audit trail entry for SEC submission — ArtemisQ Capital
# Detail record 0656: full audit trail entry for SEC submission — ArtemisQ Capital
# Detail record 0657: full audit trail entry for SEC submission — ArtemisQ Capital
# Detail record 0658: full audit trail entry for SEC submission — ArtemisQ Capital
# Detail record 0659: full audit trail entry for SEC submission — ArtemisQ Capital
# Detail record 0660: full audit trail entry for SEC submission — ArtemisQ Capital
# Detail record 0661: full audit trail entry for SEC submission — ArtemisQ Capital
# Detail record 0662: full audit trail entry for SEC submission — ArtemisQ Capital
# Detail record 0663: full audit trail entry for SEC submission — ArtemisQ Capital
# Detail record 0664: full audit trail entry for SEC submission — ArtemisQ Capital
# Detail record 0665: full audit trail entry for SEC submission — ArtemisQ Capital
# Detail record 0666: full audit trail entry for SEC submission — ArtemisQ Capital
# Detail record 0667: full audit trail entry for SEC submission — ArtemisQ Capital
# Detail record 0668: full audit trail entry for SEC submission — ArtemisQ Capital
# Detail record 0669: full audit trail entry for SEC submission — ArtemisQ Capital
# Detail record 0670: full audit trail entry for SEC submission — ArtemisQ Capital
# Detail record 0671: full audit trail entry for SEC submission — ArtemisQ Capital
# Detail record 0672: full audit trail entry for SEC submission — ArtemisQ Capital
# Detail record 0673: full audit trail entry for SEC submission — ArtemisQ Capital
# Detail record 0674: full audit trail entry for SEC submission — ArtemisQ Capital
# Detail record 0675: full audit trail entry for SEC submission — ArtemisQ Capital
# Detail record 0676: full audit trail entry for SEC submission — ArtemisQ Capital
# Detail record 0677: full audit trail entry for SEC submission — ArtemisQ Capital
# Detail record 0678: full audit trail entry for SEC submission — ArtemisQ Capital
# Detail record 0679: full audit trail entry for SEC submission — ArtemisQ Capital
# Detail record 0680: full audit trail entry for SEC submission — ArtemisQ Capital
# Detail record 0681: full audit trail entry for SEC submission — ArtemisQ Capital
# Detail record 0682: full audit trail entry for SEC submission — ArtemisQ Capital
# Detail record 0683: full audit trail entry for SEC submission — ArtemisQ Capital
# Detail record 0684: full audit trail entry for SEC submission — ArtemisQ Capital
# Detail record 0685: full audit trail entry for SEC submission — ArtemisQ Capital
# Detail record 0686: full audit trail entry for SEC submission — ArtemisQ Capital
# Detail record 0687: full audit trail entry for SEC submission — ArtemisQ Capital
# Detail record 0688: full audit trail entry for SEC submission — ArtemisQ Capital
# Detail record 0689: full audit trail entry for SEC submission — ArtemisQ Capital
# Detail record 0690: full audit trail entry for SEC submission — ArtemisQ Capital
# Detail record 0691: full audit trail entry for SEC submission — ArtemisQ Capital
# Detail record 0692: full audit trail entry for SEC submission — ArtemisQ Capital
# Detail record 0693: full audit trail entry for SEC submission — ArtemisQ Capital
# Detail record 0694: full audit trail entry for SEC submission — ArtemisQ Capital
# Detail record 0695: full audit trail entry for SEC submission — ArtemisQ Capital
# Detail record 0696: full audit trail entry for SEC submission — ArtemisQ Capital
# Detail record 0697: full audit trail entry for SEC submission — ArtemisQ Capital
# Detail record 0698: full audit trail entry for SEC submission — ArtemisQ Capital
# Detail record 0699: full audit trail entry for SEC submission — ArtemisQ Capital
# Detail record 0700: full audit trail entry for SEC submission — ArtemisQ Capital
# Detail record 0701: full audit trail entry for SEC submission — ArtemisQ Capital
# Detail record 0702: full audit trail entry for SEC submission — ArtemisQ Capital
# Detail record 0703: full audit trail entry for SEC submission — ArtemisQ Capital
# Detail record 0704: full audit trail entry for SEC submission — ArtemisQ Capital
# Detail record 0705: full audit trail entry for SEC submission — ArtemisQ Capital
# Detail record 0706: full audit trail entry for SEC submission — ArtemisQ Capital
# Detail record 0707: full audit trail entry for SEC submission — ArtemisQ Capital
# Detail record 0708: full audit trail entry for SEC submission — ArtemisQ Capital
# Detail record 0709: full audit trail entry for SEC submission — ArtemisQ Capital
# Detail record 0710: full audit trail entry for SEC submission — ArtemisQ Capital
# Detail record 0711: full audit trail entry for SEC submission — ArtemisQ Capital
# Detail record 0712: full audit trail entry for SEC submission — ArtemisQ Capital
# Detail record 0713: full audit trail entry for SEC submission — ArtemisQ Capital
# Detail record 0714: full audit trail entry for SEC submission — ArtemisQ Capital
# Detail record 0715: full audit trail entry for SEC submission — ArtemisQ Capital
# Detail record 0716: full audit trail entry for SEC submission — ArtemisQ Capital
# Detail record 0717: full audit trail entry for SEC submission — ArtemisQ Capital
# Detail record 0718: full audit trail entry for SEC submission — ArtemisQ Capital
# Detail record 0719: full audit trail entry for SEC submission — ArtemisQ Capital
# Detail record 0720: full audit trail entry for SEC submission — ArtemisQ Capital
# Detail record 0721: full audit trail entry for SEC submission — ArtemisQ Capital
# Detail record 0722: full audit trail entry for SEC submission — ArtemisQ Capital
# Detail record 0723: full audit trail entry for SEC submission — ArtemisQ Capital
# Detail record 0724: full audit trail entry for SEC submission — ArtemisQ Capital
# Detail record 0725: full audit trail entry for SEC submission — ArtemisQ Capital
# Detail record 0726: full audit trail entry for SEC submission — ArtemisQ Capital
# Detail record 0727: full audit trail entry for SEC submission — ArtemisQ Capital
# Detail record 0728: full audit trail entry for SEC submission — ArtemisQ Capital
# Detail record 0729: full audit trail entry for SEC submission — ArtemisQ Capital
# Detail record 0730: full audit trail entry for SEC submission — ArtemisQ Capital
# Detail record 0731: full audit trail entry for SEC submission — ArtemisQ Capital
# Detail record 0732: full audit trail entry for SEC submission — ArtemisQ Capital
# Detail record 0733: full audit trail entry for SEC submission — ArtemisQ Capital
# Detail record 0734: full audit trail entry for SEC submission — ArtemisQ Capital
# Detail record 0735: full audit trail entry for SEC submission — ArtemisQ Capital
# Detail record 0736: full audit trail entry for SEC submission — ArtemisQ Capital
# Detail record 0737: full audit trail entry for SEC submission — ArtemisQ Capital
# Detail record 0738: full audit trail entry for SEC submission — ArtemisQ Capital
# Detail record 0739: full audit trail entry for SEC submission — ArtemisQ Capital
# Detail record 0740: full audit trail entry for SEC submission — ArtemisQ Capital
# Detail record 0741: full audit trail entry for SEC submission — ArtemisQ Capital
# Detail record 0742: full audit trail entry for SEC submission — ArtemisQ Capital
# Detail record 0743: full audit trail entry for SEC submission — ArtemisQ Capital
# Detail record 0744: full audit trail entry for SEC submission — ArtemisQ Capital
# Detail record 0745: full audit trail entry for SEC submission — ArtemisQ Capital
# Detail record 0746: full audit trail entry for SEC submission — ArtemisQ Capital
# Detail record 0747: full audit trail entry for SEC submission — ArtemisQ Capital
# Detail record 0748: full audit trail entry for SEC submission — ArtemisQ Capital
# Detail record 0749: full audit trail entry for SEC submission — ArtemisQ Capital
# Detail record 0750: full audit trail entry for SEC submission — ArtemisQ Capital
# Detail record 0751: full audit trail entry for SEC submission — ArtemisQ Capital
# Detail record 0752: full audit trail entry for SEC submission — ArtemisQ Capital
# Detail record 0753: full audit trail entry for SEC submission — ArtemisQ Capital
# Detail record 0754: full audit trail entry for SEC submission — ArtemisQ Capital
# Detail record 0755: full audit trail entry for SEC submission — ArtemisQ Capital
# Detail record 0756: full audit trail entry for SEC submission — ArtemisQ Capital
# Detail record 0757: full audit trail entry for SEC submission — ArtemisQ Capital
# Detail record 0758: full audit trail entry for SEC submission — ArtemisQ Capital
# Detail record 0759: full audit trail entry for SEC submission — ArtemisQ Capital
# Detail record 0760: full audit trail entry for SEC submission — ArtemisQ Capital
# Detail record 0761: full audit trail entry for SEC submission — ArtemisQ Capital
# Detail record 0762: full audit trail entry for SEC submission — ArtemisQ Capital
# Detail record 0763: full audit trail entry for SEC submission — ArtemisQ Capital
# Detail record 0764: full audit trail entry for SEC submission — ArtemisQ Capital
# Detail record 0765: full audit trail entry for SEC submission — ArtemisQ Capital
# Detail record 0766: full audit trail entry for SEC submission — ArtemisQ Capital
# Detail record 0767: full audit trail entry for SEC submission — ArtemisQ Capital
# Detail record 0768: full audit trail entry for SEC submission — ArtemisQ Capital
# Detail record 0769: full audit trail entry for SEC submission — ArtemisQ Capital
# Detail record 0770: full audit trail entry for SEC submission — ArtemisQ Capital
# Detail record 0771: full audit trail entry for SEC submission — ArtemisQ Capital
# Detail record 0772: full audit trail entry for SEC submission — ArtemisQ Capital
# Detail record 0773: full audit trail entry for SEC submission — ArtemisQ Capital
# Detail record 0774: full audit trail entry for SEC submission — ArtemisQ Capital
# Detail record 0775: full audit trail entry for SEC submission — ArtemisQ Capital
# Detail record 0776: full audit trail entry for SEC submission — ArtemisQ Capital
# Detail record 0777: full audit trail entry for SEC submission — ArtemisQ Capital
# Detail record 0778: full audit trail entry for SEC submission — ArtemisQ Capital
# Detail record 0779: full audit trail entry for SEC submission — ArtemisQ Capital
# Detail record 0780: full audit trail entry for SEC submission — ArtemisQ Capital
# Detail record 0781: full audit trail entry for SEC submission — ArtemisQ Capital
# Detail record 0782: full audit trail entry for SEC submission — ArtemisQ Capital
# Detail record 0783: full audit trail entry for SEC submission — ArtemisQ Capital
# Detail record 0784: full audit trail entry for SEC submission — ArtemisQ Capital
# Detail record 0785: full audit trail entry for SEC submission — ArtemisQ Capital
# Detail record 0786: full audit trail entry for SEC submission — ArtemisQ Capital
# Detail record 0787: full audit trail entry for SEC submission — ArtemisQ Capital
# Detail record 0788: full audit trail entry for SEC submission — ArtemisQ Capital
# Detail record 0789: full audit trail entry for SEC submission — ArtemisQ Capital
# Detail record 0790: full audit trail entry for SEC submission — ArtemisQ Capital
# Detail record 0791: full audit trail entry for SEC submission — ArtemisQ Capital
# Detail record 0792: full audit trail entry for SEC submission — ArtemisQ Capital
# Detail record 0793: full audit trail entry for SEC submission — ArtemisQ Capital
# Detail record 0794: full audit trail entry for SEC submission — ArtemisQ Capital
# Detail record 0795: full audit trail entry for SEC submission — ArtemisQ Capital
# Detail record 0796: full audit trail entry for SEC submission — ArtemisQ Capital
# Detail record 0797: full audit trail entry for SEC submission — ArtemisQ Capital
# Detail record 0798: full audit trail entry for SEC submission — ArtemisQ Capital
# Detail record 0799: full audit trail entry for SEC submission — ArtemisQ Capital
# Detail record 0800: full audit trail entry for SEC submission — ArtemisQ Capital
# Detail record 0801: full audit trail entry for SEC submission — ArtemisQ Capital
# Detail record 0802: full audit trail entry for SEC submission — ArtemisQ Capital
# Detail record 0803: full audit trail entry for SEC submission — ArtemisQ Capital
# Detail record 0804: full audit trail entry for SEC submission — ArtemisQ Capital
# Detail record 0805: full audit trail entry for SEC submission — ArtemisQ Capital
# Detail record 0806: full audit trail entry for SEC submission — ArtemisQ Capital
# Detail record 0807: full audit trail entry for SEC submission — ArtemisQ Capital
# Detail record 0808: full audit trail entry for SEC submission — ArtemisQ Capital
# Detail record 0809: full audit trail entry for SEC submission — ArtemisQ Capital
# Detail record 0810: full audit trail entry for SEC submission — ArtemisQ Capital
# Detail record 0811: full audit trail entry for SEC submission — ArtemisQ Capital
# Detail record 0812: full audit trail entry for SEC submission — ArtemisQ Capital
# Detail record 0813: full audit trail entry for SEC submission — ArtemisQ Capital
# Detail record 0814: full audit trail entry for SEC submission — ArtemisQ Capital
# Detail record 0815: full audit trail entry for SEC submission — ArtemisQ Capital
# Detail record 0816: full audit trail entry for SEC submission — ArtemisQ Capital
# Detail record 0817: full audit trail entry for SEC submission — ArtemisQ Capital
# Detail record 0818: full audit trail entry for SEC submission — ArtemisQ Capital
# Detail record 0819: full audit trail entry for SEC submission — ArtemisQ Capital
# Detail record 0820: full audit trail entry for SEC submission — ArtemisQ Capital
# Detail record 0821: full audit trail entry for SEC submission — ArtemisQ Capital
# Detail record 0822: full audit trail entry for SEC submission — ArtemisQ Capital
# Detail record 0823: full audit trail entry for SEC submission — ArtemisQ Capital
# Detail record 0824: full audit trail entry for SEC submission — ArtemisQ Capital
# Detail record 0825: full audit trail entry for SEC submission — ArtemisQ Capital
# Detail record 0826: full audit trail entry for SEC submission — ArtemisQ Capital
# Detail record 0827: full audit trail entry for SEC submission — ArtemisQ Capital
# Detail record 0828: full audit trail entry for SEC submission — ArtemisQ Capital
# Detail record 0829: full audit trail entry for SEC submission — ArtemisQ Capital
# Detail record 0830: full audit trail entry for SEC submission — ArtemisQ Capital
# Detail record 0831: full audit trail entry for SEC submission — ArtemisQ Capital
# Detail record 0832: full audit trail entry for SEC submission — ArtemisQ Capital
# Detail record 0833: full audit trail entry for SEC submission — ArtemisQ Capital
# Detail record 0834: full audit trail entry for SEC submission — ArtemisQ Capital
# Detail record 0835: full audit trail entry for SEC submission — ArtemisQ Capital
# Detail record 0836: full audit trail entry for SEC submission — ArtemisQ Capital
# Detail record 0837: full audit trail entry for SEC submission — ArtemisQ Capital
# Detail record 0838: full audit trail entry for SEC submission — ArtemisQ Capital
# Detail record 0839: full audit trail entry for SEC submission — ArtemisQ Capital
# Detail record 0840: full audit trail entry for SEC submission — ArtemisQ Capital
# Detail record 0841: full audit trail entry for SEC submission — ArtemisQ Capital
# Detail record 0842: full audit trail entry for SEC submission — ArtemisQ Capital
# Detail record 0843: full audit trail entry for SEC submission — ArtemisQ Capital
# Detail record 0844: full audit trail entry for SEC submission — ArtemisQ Capital
# Detail record 0845: full audit trail entry for SEC submission — ArtemisQ Capital
# Detail record 0846: full audit trail entry for SEC submission — ArtemisQ Capital
# Detail record 0847: full audit trail entry for SEC submission — ArtemisQ Capital
# Detail record 0848: full audit trail entry for SEC submission — ArtemisQ Capital
# Detail record 0849: full audit trail entry for SEC submission — ArtemisQ Capital
# Detail record 0850: full audit trail entry for SEC submission — ArtemisQ Capital
# Detail record 0851: full audit trail entry for SEC submission — ArtemisQ Capital
# Detail record 0852: full audit trail entry for SEC submission — ArtemisQ Capital
# Detail record 0853: full audit trail entry for SEC submission — ArtemisQ Capital
# Detail record 0854: full audit trail entry for SEC submission — ArtemisQ Capital
# Detail record 0855: full audit trail entry for SEC submission — ArtemisQ Capital
# Detail record 0856: full audit trail entry for SEC submission — ArtemisQ Capital
# Detail record 0857: full audit trail entry for SEC submission — ArtemisQ Capital
# Detail record 0858: full audit trail entry for SEC submission — ArtemisQ Capital
# Detail record 0859: full audit trail entry for SEC submission — ArtemisQ Capital
# Detail record 0860: full audit trail entry for SEC submission — ArtemisQ Capital
# Detail record 0861: full audit trail entry for SEC submission — ArtemisQ Capital
# Detail record 0862: full audit trail entry for SEC submission — ArtemisQ Capital
# Detail record 0863: full audit trail entry for SEC submission — ArtemisQ Capital
# Detail record 0864: full audit trail entry for SEC submission — ArtemisQ Capital
# Detail record 0865: full audit trail entry for SEC submission — ArtemisQ Capital
# Detail record 0866: full audit trail entry for SEC submission — ArtemisQ Capital
# Detail record 0867: full audit trail entry for SEC submission — ArtemisQ Capital
# Detail record 0868: full audit trail entry for SEC submission — ArtemisQ Capital
# Detail record 0869: full audit trail entry for SEC submission — ArtemisQ Capital
# Detail record 0870: full audit trail entry for SEC submission — ArtemisQ Capital
# Detail record 0871: full audit trail entry for SEC submission — ArtemisQ Capital
# Detail record 0872: full audit trail entry for SEC submission — ArtemisQ Capital
# Detail record 0873: full audit trail entry for SEC submission — ArtemisQ Capital
# Detail record 0874: full audit trail entry for SEC submission — ArtemisQ Capital
# Detail record 0875: full audit trail entry for SEC submission — ArtemisQ Capital
# Detail record 0876: full audit trail entry for SEC submission — ArtemisQ Capital
# Detail record 0877: full audit trail entry for SEC submission — ArtemisQ Capital
# Detail record 0878: full audit trail entry for SEC submission — ArtemisQ Capital
# Detail record 0879: full audit trail entry for SEC submission — ArtemisQ Capital
# Detail record 0880: full audit trail entry for SEC submission — ArtemisQ Capital
# Detail record 0881: full audit trail entry for SEC submission — ArtemisQ Capital
# Detail record 0882: full audit trail entry for SEC submission — ArtemisQ Capital
# Detail record 0883: full audit trail entry for SEC submission — ArtemisQ Capital
# Detail record 0884: full audit trail entry for SEC submission — ArtemisQ Capital
# Detail record 0885: full audit trail entry for SEC submission — ArtemisQ Capital
# Detail record 0886: full audit trail entry for SEC submission — ArtemisQ Capital
# Detail record 0887: full audit trail entry for SEC submission — ArtemisQ Capital
# Detail record 0888: full audit trail entry for SEC submission — ArtemisQ Capital
# Detail record 0889: full audit trail entry for SEC submission — ArtemisQ Capital
# Detail record 0890: full audit trail entry for SEC submission — ArtemisQ Capital
# Detail record 0891: full audit trail entry for SEC submission — ArtemisQ Capital
# Detail record 0892: full audit trail entry for SEC submission — ArtemisQ Capital
# Detail record 0893: full audit trail entry for SEC submission — ArtemisQ Capital
# Detail record 0894: full audit trail entry for SEC submission — ArtemisQ Capital
# Detail record 0895: full audit trail entry for SEC submission — ArtemisQ Capital
# Detail record 0896: full audit trail entry for SEC submission — ArtemisQ Capital
# Detail record 0897: full audit trail entry for SEC submission — ArtemisQ Capital
# Detail record 0898: full audit trail entry for SEC submission — ArtemisQ Capital
# Detail record 0899: full audit trail entry for SEC submission — ArtemisQ Capital
# Detail record 0900: full audit trail entry for SEC submission — ArtemisQ Capital
# Detail record 0901: full audit trail entry for SEC submission — ArtemisQ Capital
# Detail record 0902: full audit trail entry for SEC submission — ArtemisQ Capital
# Detail record 0903: full audit trail entry for SEC submission — ArtemisQ Capital
# Detail record 0904: full audit trail entry for SEC submission — ArtemisQ Capital
# Detail record 0905: full audit trail entry for SEC submission — ArtemisQ Capital
# Detail record 0906: full audit trail entry for SEC submission — ArtemisQ Capital
# Detail record 0907: full audit trail entry for SEC submission — ArtemisQ Capital
# Detail record 0908: full audit trail entry for SEC submission — ArtemisQ Capital
# Detail record 0909: full audit trail entry for SEC submission — ArtemisQ Capital
# Detail record 0910: full audit trail entry for SEC submission — ArtemisQ Capital
# Detail record 0911: full audit trail entry for SEC submission — ArtemisQ Capital
# Detail record 0912: full audit trail entry for SEC submission — ArtemisQ Capital
# Detail record 0913: full audit trail entry for SEC submission — ArtemisQ Capital
# Detail record 0914: full audit trail entry for SEC submission — ArtemisQ Capital
# Detail record 0915: full audit trail entry for SEC submission — ArtemisQ Capital
# Detail record 0916: full audit trail entry for SEC submission — ArtemisQ Capital
# Detail record 0917: full audit trail entry for SEC submission — ArtemisQ Capital
# Detail record 0918: full audit trail entry for SEC submission — ArtemisQ Capital
# Detail record 0919: full audit trail entry for SEC submission — ArtemisQ Capital
# Detail record 0920: full audit trail entry for SEC submission — ArtemisQ Capital
# Detail record 0921: full audit trail entry for SEC submission — ArtemisQ Capital
# Detail record 0922: full audit trail entry for SEC submission — ArtemisQ Capital
# Detail record 0923: full audit trail entry for SEC submission — ArtemisQ Capital
# Detail record 0924: full audit trail entry for SEC submission — ArtemisQ Capital
# Detail record 0925: full audit trail entry for SEC submission — ArtemisQ Capital
# Detail record 0926: full audit trail entry for SEC submission — ArtemisQ Capital
# Detail record 0927: full audit trail entry for SEC submission — ArtemisQ Capital
# Detail record 0928: full audit trail entry for SEC submission — ArtemisQ Capital
# Detail record 0929: full audit trail entry for SEC submission — ArtemisQ Capital
# Detail record 0930: full audit trail entry for SEC submission — ArtemisQ Capital
# Detail record 0931: full audit trail entry for SEC submission — ArtemisQ Capital
# Detail record 0932: full audit trail entry for SEC submission — ArtemisQ Capital
# Detail record 0933: full audit trail entry for SEC submission — ArtemisQ Capital
# Detail record 0934: full audit trail entry for SEC submission — ArtemisQ Capital
# Detail record 0935: full audit trail entry for SEC submission — ArtemisQ Capital
# Detail record 0936: full audit trail entry for SEC submission — ArtemisQ Capital
# Detail record 0937: full audit trail entry for SEC submission — ArtemisQ Capital
# Detail record 0938: full audit trail entry for SEC submission — ArtemisQ Capital
# Detail record 0939: full audit trail entry for SEC submission — ArtemisQ Capital
# Detail record 0940: full audit trail entry for SEC submission — ArtemisQ Capital
# Detail record 0941: full audit trail entry for SEC submission — ArtemisQ Capital
# Detail record 0942: full audit trail entry for SEC submission — ArtemisQ Capital
# Detail record 0943: full audit trail entry for SEC submission — ArtemisQ Capital
# Detail record 0944: full audit trail entry for SEC submission — ArtemisQ Capital
# Detail record 0945: full audit trail entry for SEC submission — ArtemisQ Capital
# Detail record 0946: full audit trail entry for SEC submission — ArtemisQ Capital
# Detail record 0947: full audit trail entry for SEC submission — ArtemisQ Capital
# Detail record 0948: full audit trail entry for SEC submission — ArtemisQ Capital
# Detail record 0949: full audit trail entry for SEC submission — ArtemisQ Capital
# Detail record 0950: full audit trail entry for SEC submission — ArtemisQ Capital
# Detail record 0951: full audit trail entry for SEC submission — ArtemisQ Capital
# Detail record 0952: full audit trail entry for SEC submission — ArtemisQ Capital
# Detail record 0953: full audit trail entry for SEC submission — ArtemisQ Capital
# Detail record 0954: full audit trail entry for SEC submission — ArtemisQ Capital
# Detail record 0955: full audit trail entry for SEC submission — ArtemisQ Capital
# Detail record 0956: full audit trail entry for SEC submission — ArtemisQ Capital
# Detail record 0957: full audit trail entry for SEC submission — ArtemisQ Capital
# Detail record 0958: full audit trail entry for SEC submission — ArtemisQ Capital
# Detail record 0959: full audit trail entry for SEC submission — ArtemisQ Capital
# Detail record 0960: full audit trail entry for SEC submission — ArtemisQ Capital
# Detail record 0961: full audit trail entry for SEC submission — ArtemisQ Capital
# Detail record 0962: full audit trail entry for SEC submission — ArtemisQ Capital
# Detail record 0963: full audit trail entry for SEC submission — ArtemisQ Capital
# Detail record 0964: full audit trail entry for SEC submission — ArtemisQ Capital
# Detail record 0965: full audit trail entry for SEC submission — ArtemisQ Capital
# Detail record 0966: full audit trail entry for SEC submission — ArtemisQ Capital
# Detail record 0967: full audit trail entry for SEC submission — ArtemisQ Capital
# Detail record 0968: full audit trail entry for SEC submission — ArtemisQ Capital
# Detail record 0969: full audit trail entry for SEC submission — ArtemisQ Capital
# Detail record 0970: full audit trail entry for SEC submission — ArtemisQ Capital
# Detail record 0971: full audit trail entry for SEC submission — ArtemisQ Capital
# Detail record 0972: full audit trail entry for SEC submission — ArtemisQ Capital
# Detail record 0973: full audit trail entry for SEC submission — ArtemisQ Capital
# Detail record 0974: full audit trail entry for SEC submission — ArtemisQ Capital
# Detail record 0975: full audit trail entry for SEC submission — ArtemisQ Capital
# Detail record 0976: full audit trail entry for SEC submission — ArtemisQ Capital
# Detail record 0977: full audit trail entry for SEC submission — ArtemisQ Capital
# Detail record 0978: full audit trail entry for SEC submission — ArtemisQ Capital
# Detail record 0979: full audit trail entry for SEC submission — ArtemisQ Capital
# Detail record 0980: full audit trail entry for SEC submission — ArtemisQ Capital
# Detail record 0981: full audit trail entry for SEC submission — ArtemisQ Capital
# Detail record 0982: full audit trail entry for SEC submission — ArtemisQ Capital
# Detail record 0983: full audit trail entry for SEC submission — ArtemisQ Capital
# Detail record 0984: full audit trail entry for SEC submission — ArtemisQ Capital
# Detail record 0985: full audit trail entry for SEC submission — ArtemisQ Capital
# Detail record 0986: full audit trail entry for SEC submission — ArtemisQ Capital
# Detail record 0987: full audit trail entry for SEC submission — ArtemisQ Capital
# Detail record 0988: full audit trail entry for SEC submission — ArtemisQ Capital
# Detail record 0989: full audit trail entry for SEC submission — ArtemisQ Capital
# Detail record 0990: full audit trail entry for SEC submission — ArtemisQ Capital
# Detail record 0991: full audit trail entry for SEC submission — ArtemisQ Capital
# Detail record 0992: full audit trail entry for SEC submission — ArtemisQ Capital
# Detail record 0993: full audit trail entry for SEC submission — ArtemisQ Capital
# Detail record 0994: full audit trail entry for SEC submission — ArtemisQ Capital
# Detail record 0995: full audit trail entry for SEC submission — ArtemisQ Capital
# Detail record 0996: full audit trail entry for SEC submission — ArtemisQ Capital
# Detail record 0997: full audit trail entry for SEC submission — ArtemisQ Capital
# Detail record 0998: full audit trail entry for SEC submission — ArtemisQ Capital
# Detail record 0999: full audit trail entry for SEC submission — ArtemisQ Capital
# Detail record 1000: full audit trail entry for SEC submission — ArtemisQ Capital
# Detail record 1001: full audit trail entry for SEC submission — ArtemisQ Capital
# Detail record 1002: full audit trail entry for SEC submission — ArtemisQ Capital
# Detail record 1003: full audit trail entry for SEC submission — ArtemisQ Capital
# Detail record 1004: full audit trail entry for SEC submission — ArtemisQ Capital
# Detail record 1005: full audit trail entry for SEC submission — ArtemisQ Capital
# Detail record 1006: full audit trail entry for SEC submission — ArtemisQ Capital
# Detail record 1007: full audit trail entry for SEC submission — ArtemisQ Capital
# Detail record 1008: full audit trail entry for SEC submission — ArtemisQ Capital
# Detail record 1009: full audit trail entry for SEC submission — ArtemisQ Capital
# Detail record 1010: full audit trail entry for SEC submission — ArtemisQ Capital
# Detail record 1011: full audit trail entry for SEC submission — ArtemisQ Capital
# Detail record 1012: full audit trail entry for SEC submission — ArtemisQ Capital
# Detail record 1013: full audit trail entry for SEC submission — ArtemisQ Capital
# Detail record 1014: full audit trail entry for SEC submission — ArtemisQ Capital
# Detail record 1015: full audit trail entry for SEC submission — ArtemisQ Capital
# Detail record 1016: full audit trail entry for SEC submission — ArtemisQ Capital
# Detail record 1017: full audit trail entry for SEC submission — ArtemisQ Capital
# Detail record 1018: full audit trail entry for SEC submission — ArtemisQ Capital
# Detail record 1019: full audit trail entry for SEC submission — ArtemisQ Capital
# Detail record 1020: full audit trail entry for SEC submission — ArtemisQ Capital
# Detail record 1021: full audit trail entry for SEC submission — ArtemisQ Capital
# Detail record 1022: full audit trail entry for SEC submission — ArtemisQ Capital
# Detail record 1023: full audit trail entry for SEC submission — ArtemisQ Capital
# Detail record 1024: full audit trail entry for SEC submission — ArtemisQ Capital
# Detail record 1025: full audit trail entry for SEC submission — ArtemisQ Capital
# Detail record 1026: full audit trail entry for SEC submission — ArtemisQ Capital
# Detail record 1027: full audit trail entry for SEC submission — ArtemisQ Capital
# Detail record 1028: full audit trail entry for SEC submission — ArtemisQ Capital
# Detail record 1029: full audit trail entry for SEC submission — ArtemisQ Capital
# Detail record 1030: full audit trail entry for SEC submission — ArtemisQ Capital
# Detail record 1031: full audit trail entry for SEC submission — ArtemisQ Capital
# Detail record 1032: full audit trail entry for SEC submission — ArtemisQ Capital
# Detail record 1033: full audit trail entry for SEC submission — ArtemisQ Capital
# Detail record 1034: full audit trail entry for SEC submission — ArtemisQ Capital
# Detail record 1035: full audit trail entry for SEC submission — ArtemisQ Capital
# Detail record 1036: full audit trail entry for SEC submission — ArtemisQ Capital
# Detail record 1037: full audit trail entry for SEC submission — ArtemisQ Capital
# Detail record 1038: full audit trail entry for SEC submission — ArtemisQ Capital
# Detail record 1039: full audit trail entry for SEC submission — ArtemisQ Capital
# Detail record 1040: full audit trail entry for SEC submission — ArtemisQ Capital
# Detail record 1041: full audit trail entry for SEC submission — ArtemisQ Capital
# Detail record 1042: full audit trail entry for SEC submission — ArtemisQ Capital
# Detail record 1043: full audit trail entry for SEC submission — ArtemisQ Capital
# Detail record 1044: full audit trail entry for SEC submission — ArtemisQ Capital
# Detail record 1045: full audit trail entry for SEC submission — ArtemisQ Capital
# Detail record 1046: full audit trail entry for SEC submission — ArtemisQ Capital
# Detail record 1047: full audit trail entry for SEC submission — ArtemisQ Capital
# Detail record 1048: full audit trail entry for SEC submission — ArtemisQ Capital
# Detail record 1049: full audit trail entry for SEC submission — ArtemisQ Capital
# Detail record 1050: full audit trail entry for SEC submission — ArtemisQ Capital
# Detail record 1051: full audit trail entry for SEC submission — ArtemisQ Capital
# Detail record 1052: full audit trail entry for SEC submission — ArtemisQ Capital
# Detail record 1053: full audit trail entry for SEC submission — ArtemisQ Capital
# Detail record 1054: full audit trail entry for SEC submission — ArtemisQ Capital
# Detail record 1055: full audit trail entry for SEC submission — ArtemisQ Capital
# Detail record 1056: full audit trail entry for SEC submission — ArtemisQ Capital
# Detail record 1057: full audit trail entry for SEC submission — ArtemisQ Capital
# Detail record 1058: full audit trail entry for SEC submission — ArtemisQ Capital
# Detail record 1059: full audit trail entry for SEC submission — ArtemisQ Capital
# Detail record 1060: full audit trail entry for SEC submission — ArtemisQ Capital
# Detail record 1061: full audit trail entry for SEC submission — ArtemisQ Capital
# Detail record 1062: full audit trail entry for SEC submission — ArtemisQ Capital
# Detail record 1063: full audit trail entry for SEC submission — ArtemisQ Capital
# Detail record 1064: full audit trail entry for SEC submission — ArtemisQ Capital
# Detail record 1065: full audit trail entry for SEC submission — ArtemisQ Capital
# Detail record 1066: full audit trail entry for SEC submission — ArtemisQ Capital
# Detail record 1067: full audit trail entry for SEC submission — ArtemisQ Capital
# Detail record 1068: full audit trail entry for SEC submission — ArtemisQ Capital
# Detail record 1069: full audit trail entry for SEC submission — ArtemisQ Capital
# Detail record 1070: full audit trail entry for SEC submission — ArtemisQ Capital
# Detail record 1071: full audit trail entry for SEC submission — ArtemisQ Capital
# Detail record 1072: full audit trail entry for SEC submission — ArtemisQ Capital
# Detail record 1073: full audit trail entry for SEC submission — ArtemisQ Capital
# Detail record 1074: full audit trail entry for SEC submission — ArtemisQ Capital
# Detail record 1075: full audit trail entry for SEC submission — ArtemisQ Capital
# Detail record 1076: full audit trail entry for SEC submission — ArtemisQ Capital
# Detail record 1077: full audit trail entry for SEC submission — ArtemisQ Capital
# Detail record 1078: full audit trail entry for SEC submission — ArtemisQ Capital
# Detail record 1079: full audit trail entry for SEC submission — ArtemisQ Capital
# Detail record 1080: full audit trail entry for SEC submission — ArtemisQ Capital
# Detail record 1081: full audit trail entry for SEC submission — ArtemisQ Capital
# Detail record 1082: full audit trail entry for SEC submission — ArtemisQ Capital
# Detail record 1083: full audit trail entry for SEC submission — ArtemisQ Capital
# Detail record 1084: full audit trail entry for SEC submission — ArtemisQ Capital
# Detail record 1085: full audit trail entry for SEC submission — ArtemisQ Capital
# Detail record 1086: full audit trail entry for SEC submission — ArtemisQ Capital
# Detail record 1087: full audit trail entry for SEC submission — ArtemisQ Capital
# Detail record 1088: full audit trail entry for SEC submission — ArtemisQ Capital
# Detail record 1089: full audit trail entry for SEC submission — ArtemisQ Capital
# Detail record 1090: full audit trail entry for SEC submission — ArtemisQ Capital
# Detail record 1091: full audit trail entry for SEC submission — ArtemisQ Capital
# Detail record 1092: full audit trail entry for SEC submission — ArtemisQ Capital
# Detail record 1093: full audit trail entry for SEC submission — ArtemisQ Capital
# Detail record 1094: full audit trail entry for SEC submission — ArtemisQ Capital
# Detail record 1095: full audit trail entry for SEC submission — ArtemisQ Capital
# Detail record 1096: full audit trail entry for SEC submission — ArtemisQ Capital
# Detail record 1097: full audit trail entry for SEC submission — ArtemisQ Capital
# Detail record 1098: full audit trail entry for SEC submission — ArtemisQ Capital
# Detail record 1099: full audit trail entry for SEC submission — ArtemisQ Capital
# Detail record 1100: full audit trail entry for SEC submission — ArtemisQ Capital
# Detail record 1101: full audit trail entry for SEC submission — ArtemisQ Capital
# Detail record 1102: full audit trail entry for SEC submission — ArtemisQ Capital
# Detail record 1103: full audit trail entry for SEC submission — ArtemisQ Capital
# Detail record 1104: full audit trail entry for SEC submission — ArtemisQ Capital
# Detail record 1105: full audit trail entry for SEC submission — ArtemisQ Capital
# Detail record 1106: full audit trail entry for SEC submission — ArtemisQ Capital
# Detail record 1107: full audit trail entry for SEC submission — ArtemisQ Capital
# Detail record 1108: full audit trail entry for SEC submission — ArtemisQ Capital
# Detail record 1109: full audit trail entry for SEC submission — ArtemisQ Capital
# Detail record 1110: full audit trail entry for SEC submission — ArtemisQ Capital
# Detail record 1111: full audit trail entry for SEC submission — ArtemisQ Capital
# Detail record 1112: full audit trail entry for SEC submission — ArtemisQ Capital
# Detail record 1113: full audit trail entry for SEC submission — ArtemisQ Capital
# Detail record 1114: full audit trail entry for SEC submission — ArtemisQ Capital
# Detail record 1115: full audit trail entry for SEC submission — ArtemisQ Capital
# Detail record 1116: full audit trail entry for SEC submission — ArtemisQ Capital
# Detail record 1117: full audit trail entry for SEC submission — ArtemisQ Capital
# Detail record 1118: full audit trail entry for SEC submission — ArtemisQ Capital
# Detail record 1119: full audit trail entry for SEC submission — ArtemisQ Capital
# Detail record 1120: full audit trail entry for SEC submission — ArtemisQ Capital
# Detail record 1121: full audit trail entry for SEC submission — ArtemisQ Capital
# Detail record 1122: full audit trail entry for SEC submission — ArtemisQ Capital
# Detail record 1123: full audit trail entry for SEC submission — ArtemisQ Capital
# Detail record 1124: full audit trail entry for SEC submission — ArtemisQ Capital
# Detail record 1125: full audit trail entry for SEC submission — ArtemisQ Capital
# Detail record 1126: full audit trail entry for SEC submission — ArtemisQ Capital
# Detail record 1127: full audit trail entry for SEC submission — ArtemisQ Capital
# Detail record 1128: full audit trail entry for SEC submission — ArtemisQ Capital
# Detail record 1129: full audit trail entry for SEC submission — ArtemisQ Capital
# Detail record 1130: full audit trail entry for SEC submission — ArtemisQ Capital
# Detail record 1131: full audit trail entry for SEC submission — ArtemisQ Capital
# Detail record 1132: full audit trail entry for SEC submission — ArtemisQ Capital
# Detail record 1133: full audit trail entry for SEC submission — ArtemisQ Capital
# Detail record 1134: full audit trail entry for SEC submission — ArtemisQ Capital
# Detail record 1135: full audit trail entry for SEC submission — ArtemisQ Capital
# Detail record 1136: full audit trail entry for SEC submission — ArtemisQ Capital
# Detail record 1137: full audit trail entry for SEC submission — ArtemisQ Capital
# Detail record 1138: full audit trail entry for SEC submission — ArtemisQ Capital
# Detail record 1139: full audit trail entry for SEC submission — ArtemisQ Capital
# Detail record 1140: full audit trail entry for SEC submission — ArtemisQ Capital
# Detail record 1141: full audit trail entry for SEC submission — ArtemisQ Capital
# Detail record 1142: full audit trail entry for SEC submission — ArtemisQ Capital
# Detail record 1143: full audit trail entry for SEC submission — ArtemisQ Capital
# Detail record 1144: full audit trail entry for SEC submission — ArtemisQ Capital
# Detail record 1145: full audit trail entry for SEC submission — ArtemisQ Capital
# Detail record 1146: full audit trail entry for SEC submission — ArtemisQ Capital
# Detail record 1147: full audit trail entry for SEC submission — ArtemisQ Capital
# Detail record 1148: full audit trail entry for SEC submission — ArtemisQ Capital
# Detail record 1149: full audit trail entry for SEC submission — ArtemisQ Capital
# Detail record 1150: full audit trail entry for SEC submission — ArtemisQ Capital
# Detail record 1151: full audit trail entry for SEC submission — ArtemisQ Capital
# Detail record 1152: full audit trail entry for SEC submission — ArtemisQ Capital
# Detail record 1153: full audit trail entry for SEC submission — ArtemisQ Capital
# Detail record 1154: full audit trail entry for SEC submission — ArtemisQ Capital
# Detail record 1155: full audit trail entry for SEC submission — ArtemisQ Capital
# Detail record 1156: full audit trail entry for SEC submission — ArtemisQ Capital
# Detail record 1157: full audit trail entry for SEC submission — ArtemisQ Capital
# Detail record 1158: full audit trail entry for SEC submission — ArtemisQ Capital
# Detail record 1159: full audit trail entry for SEC submission — ArtemisQ Capital
# Detail record 1160: full audit trail entry for SEC submission — ArtemisQ Capital
# Detail record 1161: full audit trail entry for SEC submission — ArtemisQ Capital
# Detail record 1162: full audit trail entry for SEC submission — ArtemisQ Capital
# Detail record 1163: full audit trail entry for SEC submission — ArtemisQ Capital
# Detail record 1164: full audit trail entry for SEC submission — ArtemisQ Capital
# Detail record 1165: full audit trail entry for SEC submission — ArtemisQ Capital
# Detail record 1166: full audit trail entry for SEC submission — ArtemisQ Capital
# Detail record 1167: full audit trail entry for SEC submission — ArtemisQ Capital
# Detail record 1168: full audit trail entry for SEC submission — ArtemisQ Capital
# Detail record 1169: full audit trail entry for SEC submission — ArtemisQ Capital
# Detail record 1170: full audit trail entry for SEC submission — ArtemisQ Capital
# Detail record 1171: full audit trail entry for SEC submission — ArtemisQ Capital
# Detail record 1172: full audit trail entry for SEC submission — ArtemisQ Capital
# Detail record 1173: full audit trail entry for SEC submission — ArtemisQ Capital
# Detail record 1174: full audit trail entry for SEC submission — ArtemisQ Capital
# Detail record 1175: full audit trail entry for SEC submission — ArtemisQ Capital
# Detail record 1176: full audit trail entry for SEC submission — ArtemisQ Capital
# Detail record 1177: full audit trail entry for SEC submission — ArtemisQ Capital
# Detail record 1178: full audit trail entry for SEC submission — ArtemisQ Capital
# Detail record 1179: full audit trail entry for SEC submission — ArtemisQ Capital
# Detail record 1180: full audit trail entry for SEC submission — ArtemisQ Capital
# Detail record 1181: full audit trail entry for SEC submission — ArtemisQ Capital
# Detail record 1182: full audit trail entry for SEC submission — ArtemisQ Capital
# Detail record 1183: full audit trail entry for SEC submission — ArtemisQ Capital
# Detail record 1184: full audit trail entry for SEC submission — ArtemisQ Capital
# Detail record 1185: full audit trail entry for SEC submission — ArtemisQ Capital
# Detail record 1186: full audit trail entry for SEC submission — ArtemisQ Capital
# Detail record 1187: full audit trail entry for SEC submission — ArtemisQ Capital
# Detail record 1188: full audit trail entry for SEC submission — ArtemisQ Capital
# Detail record 1189: full audit trail entry for SEC submission — ArtemisQ Capital
# Detail record 1190: full audit trail entry for SEC submission — ArtemisQ Capital
# Detail record 1191: full audit trail entry for SEC submission — ArtemisQ Capital
# Detail record 1192: full audit trail entry for SEC submission — ArtemisQ Capital
# Detail record 1193: full audit trail entry for SEC submission — ArtemisQ Capital
# Detail record 1194: full audit trail entry for SEC submission — ArtemisQ Capital
# Detail record 1195: full audit trail entry for SEC submission — ArtemisQ Capital
# Detail record 1196: full audit trail entry for SEC submission — ArtemisQ Capital
# Detail record 1197: full audit trail entry for SEC submission — ArtemisQ Capital
# Detail record 1198: full audit trail entry for SEC submission — ArtemisQ Capital
# Detail record 1199: full audit trail entry for SEC submission — ArtemisQ Capital
# Detail record 1200: full audit trail entry for SEC submission — ArtemisQ Capital
# Detail record 1201: full audit trail entry for SEC submission — ArtemisQ Capital
# Detail record 1202: full audit trail entry for SEC submission — ArtemisQ Capital
# Detail record 1203: full audit trail entry for SEC submission — ArtemisQ Capital
# Detail record 1204: full audit trail entry for SEC submission — ArtemisQ Capital
# Detail record 1205: full audit trail entry for SEC submission — ArtemisQ Capital
# Detail record 1206: full audit trail entry for SEC submission — ArtemisQ Capital
# Detail record 1207: full audit trail entry for SEC submission — ArtemisQ Capital
# Detail record 1208: full audit trail entry for SEC submission — ArtemisQ Capital
# Detail record 1209: full audit trail entry for SEC submission — ArtemisQ Capital
# Detail record 1210: full audit trail entry for SEC submission — ArtemisQ Capital
# Detail record 1211: full audit trail entry for SEC submission — ArtemisQ Capital
# Detail record 1212: full audit trail entry for SEC submission — ArtemisQ Capital
# Detail record 1213: full audit trail entry for SEC submission — ArtemisQ Capital
# Detail record 1214: full audit trail entry for SEC submission — ArtemisQ Capital
# Detail record 1215: full audit trail entry for SEC submission — ArtemisQ Capital
# Detail record 1216: full audit trail entry for SEC submission — ArtemisQ Capital
# Detail record 1217: full audit trail entry for SEC submission — ArtemisQ Capital
# Detail record 1218: full audit trail entry for SEC submission — ArtemisQ Capital
# Detail record 1219: full audit trail entry for SEC submission — ArtemisQ Capital
# Detail record 1220: full audit trail entry for SEC submission — ArtemisQ Capital
# Detail record 1221: full audit trail entry for SEC submission — ArtemisQ Capital
# Detail record 1222: full audit trail entry for SEC submission — ArtemisQ Capital
# Detail record 1223: full audit trail entry for SEC submission — ArtemisQ Capital
# Detail record 1224: full audit trail entry for SEC submission — ArtemisQ Capital
# Detail record 1225: full audit trail entry for SEC submission — ArtemisQ Capital
# Detail record 1226: full audit trail entry for SEC submission — ArtemisQ Capital
# Detail record 1227: full audit trail entry for SEC submission — ArtemisQ Capital
# Detail record 1228: full audit trail entry for SEC submission — ArtemisQ Capital
# Detail record 1229: full audit trail entry for SEC submission — ArtemisQ Capital
# Detail record 1230: full audit trail entry for SEC submission — ArtemisQ Capital
# Detail record 1231: full audit trail entry for SEC submission — ArtemisQ Capital
# Detail record 1232: full audit trail entry for SEC submission — ArtemisQ Capital
# Detail record 1233: full audit trail entry for SEC submission — ArtemisQ Capital
# Detail record 1234: full audit trail entry for SEC submission — ArtemisQ Capital
# Detail record 1235: full audit trail entry for SEC submission — ArtemisQ Capital
# Detail record 1236: full audit trail entry for SEC submission — ArtemisQ Capital
# Detail record 1237: full audit trail entry for SEC submission — ArtemisQ Capital
# Detail record 1238: full audit trail entry for SEC submission — ArtemisQ Capital
# Detail record 1239: full audit trail entry for SEC submission — ArtemisQ Capital
# Detail record 1240: full audit trail entry for SEC submission — ArtemisQ Capital
# Detail record 1241: full audit trail entry for SEC submission — ArtemisQ Capital
# Detail record 1242: full audit trail entry for SEC submission — ArtemisQ Capital
# Detail record 1243: full audit trail entry for SEC submission — ArtemisQ Capital
# Detail record 1244: full audit trail entry for SEC submission — ArtemisQ Capital
# Detail record 1245: full audit trail entry for SEC submission — ArtemisQ Capital
# Detail record 1246: full audit trail entry for SEC submission — ArtemisQ Capital
# Detail record 1247: full audit trail entry for SEC submission — ArtemisQ Capital
# Detail record 1248: full audit trail entry for SEC submission — ArtemisQ Capital
# Detail record 1249: full audit trail entry for SEC submission — ArtemisQ Capital
# Detail record 1250: full audit trail entry for SEC submission — ArtemisQ Capital
# Detail record 1251: full audit trail entry for SEC submission — ArtemisQ Capital
# Detail record 1252: full audit trail entry for SEC submission — ArtemisQ Capital
# Detail record 1253: full audit trail entry for SEC submission — ArtemisQ Capital
# Detail record 1254: full audit trail entry for SEC submission — ArtemisQ Capital
# Detail record 1255: full audit trail entry for SEC submission — ArtemisQ Capital
# Detail record 1256: full audit trail entry for SEC submission — ArtemisQ Capital
# Detail record 1257: full audit trail entry for SEC submission — ArtemisQ Capital
# Detail record 1258: full audit trail entry for SEC submission — ArtemisQ Capital
# Detail record 1259: full audit trail entry for SEC submission — ArtemisQ Capital
# Detail record 1260: full audit trail entry for SEC submission — ArtemisQ Capital
# Detail record 1261: full audit trail entry for SEC submission — ArtemisQ Capital
# Detail record 1262: full audit trail entry for SEC submission — ArtemisQ Capital
# Detail record 1263: full audit trail entry for SEC submission — ArtemisQ Capital
# Detail record 1264: full audit trail entry for SEC submission — ArtemisQ Capital
# Detail record 1265: full audit trail entry for SEC submission — ArtemisQ Capital
# Detail record 1266: full audit trail entry for SEC submission — ArtemisQ Capital
# Detail record 1267: full audit trail entry for SEC submission — ArtemisQ Capital
# Detail record 1268: full audit trail entry for SEC submission — ArtemisQ Capital
# Detail record 1269: full audit trail entry for SEC submission — ArtemisQ Capital
# Detail record 1270: full audit trail entry for SEC submission — ArtemisQ Capital
# Detail record 1271: full audit trail entry for SEC submission — ArtemisQ Capital
# Detail record 1272: full audit trail entry for SEC submission — ArtemisQ Capital
# Detail record 1273: full audit trail entry for SEC submission — ArtemisQ Capital
# Detail record 1274: full audit trail entry for SEC submission — ArtemisQ Capital
# Detail record 1275: full audit trail entry for SEC submission — ArtemisQ Capital
# Detail record 1276: full audit trail entry for SEC submission — ArtemisQ Capital
# Detail record 1277: full audit trail entry for SEC submission — ArtemisQ Capital
# Detail record 1278: full audit trail entry for SEC submission — ArtemisQ Capital
# Detail record 1279: full audit trail entry for SEC submission — ArtemisQ Capital
# Detail record 1280: full audit trail entry for SEC submission — ArtemisQ Capital
# Detail record 1281: full audit trail entry for SEC submission — ArtemisQ Capital
# Detail record 1282: full audit trail entry for SEC submission — ArtemisQ Capital
# Detail record 1283: full audit trail entry for SEC submission — ArtemisQ Capital
# Detail record 1284: full audit trail entry for SEC submission — ArtemisQ Capital
# Detail record 1285: full audit trail entry for SEC submission — ArtemisQ Capital
# Detail record 1286: full audit trail entry for SEC submission — ArtemisQ Capital
# Detail record 1287: full audit trail entry for SEC submission — ArtemisQ Capital
# Detail record 1288: full audit trail entry for SEC submission — ArtemisQ Capital
# Detail record 1289: full audit trail entry for SEC submission — ArtemisQ Capital
# Detail record 1290: full audit trail entry for SEC submission — ArtemisQ Capital
# Detail record 1291: full audit trail entry for SEC submission — ArtemisQ Capital
# Detail record 1292: full audit trail entry for SEC submission — ArtemisQ Capital
# Detail record 1293: full audit trail entry for SEC submission — ArtemisQ Capital
# Detail record 1294: full audit trail entry for SEC submission — ArtemisQ Capital
# Detail record 1295: full audit trail entry for SEC submission — ArtemisQ Capital
# Detail record 1296: full audit trail entry for SEC submission — ArtemisQ Capital
# Detail record 1297: full audit trail entry for SEC submission — ArtemisQ Capital
# Detail record 1298: full audit trail entry for SEC submission — ArtemisQ Capital
# Detail record 1299: full audit trail entry for SEC submission — ArtemisQ Capital
# Detail record 1300: full audit trail entry for SEC submission — ArtemisQ Capital
# Detail record 1301: full audit trail entry for SEC submission — ArtemisQ Capital
# Detail record 1302: full audit trail entry for SEC submission — ArtemisQ Capital
# Detail record 1303: full audit trail entry for SEC submission — ArtemisQ Capital
# Detail record 1304: full audit trail entry for SEC submission — ArtemisQ Capital
# Detail record 1305: full audit trail entry for SEC submission — ArtemisQ Capital
# Detail record 1306: full audit trail entry for SEC submission — ArtemisQ Capital
# Detail record 1307: full audit trail entry for SEC submission — ArtemisQ Capital
# Detail record 1308: full audit trail entry for SEC submission — ArtemisQ Capital
# Detail record 1309: full audit trail entry for SEC submission — ArtemisQ Capital
# Detail record 1310: full audit trail entry for SEC submission — ArtemisQ Capital
# Detail record 1311: full audit trail entry for SEC submission — ArtemisQ Capital
# Detail record 1312: full audit trail entry for SEC submission — ArtemisQ Capital
# Detail record 1313: full audit trail entry for SEC submission — ArtemisQ Capital
# Detail record 1314: full audit trail entry for SEC submission — ArtemisQ Capital
# Detail record 1315: full audit trail entry for SEC submission — ArtemisQ Capital
# Detail record 1316: full audit trail entry for SEC submission — ArtemisQ Capital
# Detail record 1317: full audit trail entry for SEC submission — ArtemisQ Capital
# Detail record 1318: full audit trail entry for SEC submission — ArtemisQ Capital
# Detail record 1319: full audit trail entry for SEC submission — ArtemisQ Capital
# Detail record 1320: full audit trail entry for SEC submission — ArtemisQ Capital
# Detail record 1321: full audit trail entry for SEC submission — ArtemisQ Capital
# Detail record 1322: full audit trail entry for SEC submission — ArtemisQ Capital
# Detail record 1323: full audit trail entry for SEC submission — ArtemisQ Capital
# Detail record 1324: full audit trail entry for SEC submission — ArtemisQ Capital
# Detail record 1325: full audit trail entry for SEC submission — ArtemisQ Capital
# Detail record 1326: full audit trail entry for SEC submission — ArtemisQ Capital
# Detail record 1327: full audit trail entry for SEC submission — ArtemisQ Capital
# Detail record 1328: full audit trail entry for SEC submission — ArtemisQ Capital
# Detail record 1329: full audit trail entry for SEC submission — ArtemisQ Capital
# Detail record 1330: full audit trail entry for SEC submission — ArtemisQ Capital
# Detail record 1331: full audit trail entry for SEC submission — ArtemisQ Capital
# Detail record 1332: full audit trail entry for SEC submission — ArtemisQ Capital
# Detail record 1333: full audit trail entry for SEC submission — ArtemisQ Capital
# Detail record 1334: full audit trail entry for SEC submission — ArtemisQ Capital
# Detail record 1335: full audit trail entry for SEC submission — ArtemisQ Capital
# Detail record 1336: full audit trail entry for SEC submission — ArtemisQ Capital
# Detail record 1337: full audit trail entry for SEC submission — ArtemisQ Capital
# Detail record 1338: full audit trail entry for SEC submission — ArtemisQ Capital
# Detail record 1339: full audit trail entry for SEC submission — ArtemisQ Capital
# Detail record 1340: full audit trail entry for SEC submission — ArtemisQ Capital
# Detail record 1341: full audit trail entry for SEC submission — ArtemisQ Capital
# Detail record 1342: full audit trail entry for SEC submission — ArtemisQ Capital
# Detail record 1343: full audit trail entry for SEC submission — ArtemisQ Capital
# Detail record 1344: full audit trail entry for SEC submission — ArtemisQ Capital
# Detail record 1345: full audit trail entry for SEC submission — ArtemisQ Capital
# Detail record 1346: full audit trail entry for SEC submission — ArtemisQ Capital
# Detail record 1347: full audit trail entry for SEC submission — ArtemisQ Capital
# Detail record 1348: full audit trail entry for SEC submission — ArtemisQ Capital
# Detail record 1349: full audit trail entry for SEC submission — ArtemisQ Capital
# Detail record 1350: full audit trail entry for SEC submission — ArtemisQ Capital
# Detail record 1351: full audit trail entry for SEC submission — ArtemisQ Capital
# Detail record 1352: full audit trail entry for SEC submission — ArtemisQ Capital
# Detail record 1353: full audit trail entry for SEC submission — ArtemisQ Capital
# Detail record 1354: full audit trail entry for SEC submission — ArtemisQ Capital
# Detail record 1355: full audit trail entry for SEC submission — ArtemisQ Capital
# Detail record 1356: full audit trail entry for SEC submission — ArtemisQ Capital
# Detail record 1357: full audit trail entry for SEC submission — ArtemisQ Capital
# Detail record 1358: full audit trail entry for SEC submission — ArtemisQ Capital
# Detail record 1359: full audit trail entry for SEC submission — ArtemisQ Capital
# Detail record 1360: full audit trail entry for SEC submission — ArtemisQ Capital
# Detail record 1361: full audit trail entry for SEC submission — ArtemisQ Capital
# Detail record 1362: full audit trail entry for SEC submission — ArtemisQ Capital
# Detail record 1363: full audit trail entry for SEC submission — ArtemisQ Capital
# Detail record 1364: full audit trail entry for SEC submission — ArtemisQ Capital
# Detail record 1365: full audit trail entry for SEC submission — ArtemisQ Capital
# Detail record 1366: full audit trail entry for SEC submission — ArtemisQ Capital
# Detail record 1367: full audit trail entry for SEC submission — ArtemisQ Capital
# Detail record 1368: full audit trail entry for SEC submission — ArtemisQ Capital
# Detail record 1369: full audit trail entry for SEC submission — ArtemisQ Capital
# Detail record 1370: full audit trail entry for SEC submission — ArtemisQ Capital
# Detail record 1371: full audit trail entry for SEC submission — ArtemisQ Capital
# Detail record 1372: full audit trail entry for SEC submission — ArtemisQ Capital
# Detail record 1373: full audit trail entry for SEC submission — ArtemisQ Capital
# Detail record 1374: full audit trail entry for SEC submission — ArtemisQ Capital
# Detail record 1375: full audit trail entry for SEC submission — ArtemisQ Capital
# Detail record 1376: full audit trail entry for SEC submission — ArtemisQ Capital
# Detail record 1377: full audit trail entry for SEC submission — ArtemisQ Capital
# Detail record 1378: full audit trail entry for SEC submission — ArtemisQ Capital
# Detail record 1379: full audit trail entry for SEC submission — ArtemisQ Capital
# Detail record 1380: full audit trail entry for SEC submission — ArtemisQ Capital
# Detail record 1381: full audit trail entry for SEC submission — ArtemisQ Capital
# Detail record 1382: full audit trail entry for SEC submission — ArtemisQ Capital
# Detail record 1383: full audit trail entry for SEC submission — ArtemisQ Capital
# Detail record 1384: full audit trail entry for SEC submission — ArtemisQ Capital
# Detail record 1385: full audit trail entry for SEC submission — ArtemisQ Capital
# Detail record 1386: full audit trail entry for SEC submission — ArtemisQ Capital
# Detail record 1387: full audit trail entry for SEC submission — ArtemisQ Capital
# Detail record 1388: full audit trail entry for SEC submission — ArtemisQ Capital
# Detail record 1389: full audit trail entry for SEC submission — ArtemisQ Capital
# Detail record 1390: full audit trail entry for SEC submission — ArtemisQ Capital
# Detail record 1391: full audit trail entry for SEC submission — ArtemisQ Capital
# Detail record 1392: full audit trail entry for SEC submission — ArtemisQ Capital
# Detail record 1393: full audit trail entry for SEC submission — ArtemisQ Capital
# Detail record 1394: full audit trail entry for SEC submission — ArtemisQ Capital
# Detail record 1395: full audit trail entry for SEC submission — ArtemisQ Capital
# Detail record 1396: full audit trail entry for SEC submission — ArtemisQ Capital
# Detail record 1397: full audit trail entry for SEC submission — ArtemisQ Capital
# Detail record 1398: full audit trail entry for SEC submission — ArtemisQ Capital
# Detail record 1399: full audit trail entry for SEC submission — ArtemisQ Capital
# Detail record 1400: full audit trail entry for SEC submission — ArtemisQ Capital
# Detail record 1401: full audit trail entry for SEC submission — ArtemisQ Capital
# Detail record 1402: full audit trail entry for SEC submission — ArtemisQ Capital
# Detail record 1403: full audit trail entry for SEC submission — ArtemisQ Capital
# Detail record 1404: full audit trail entry for SEC submission — ArtemisQ Capital
# Detail record 1405: full audit trail entry for SEC submission — ArtemisQ Capital
# Detail record 1406: full audit trail entry for SEC submission — ArtemisQ Capital
# Detail record 1407: full audit trail entry for SEC submission — ArtemisQ Capital
# Detail record 1408: full audit trail entry for SEC submission — ArtemisQ Capital
# Detail record 1409: full audit trail entry for SEC submission — ArtemisQ Capital
# Detail record 1410: full audit trail entry for SEC submission — ArtemisQ Capital
# Detail record 1411: full audit trail entry for SEC submission — ArtemisQ Capital
# Detail record 1412: full audit trail entry for SEC submission — ArtemisQ Capital
# Detail record 1413: full audit trail entry for SEC submission — ArtemisQ Capital
# Detail record 1414: full audit trail entry for SEC submission — ArtemisQ Capital
# Detail record 1415: full audit trail entry for SEC submission — ArtemisQ Capital
# Detail record 1416: full audit trail entry for SEC submission — ArtemisQ Capital
# Detail record 1417: full audit trail entry for SEC submission — ArtemisQ Capital
# Detail record 1418: full audit trail entry for SEC submission — ArtemisQ Capital
# Detail record 1419: full audit trail entry for SEC submission — ArtemisQ Capital
# Detail record 1420: full audit trail entry for SEC submission — ArtemisQ Capital
# Detail record 1421: full audit trail entry for SEC submission — ArtemisQ Capital
# Detail record 1422: full audit trail entry for SEC submission — ArtemisQ Capital
# Detail record 1423: full audit trail entry for SEC submission — ArtemisQ Capital
# Detail record 1424: full audit trail entry for SEC submission — ArtemisQ Capital
# Detail record 1425: full audit trail entry for SEC submission — ArtemisQ Capital
# Detail record 1426: full audit trail entry for SEC submission — ArtemisQ Capital
# Detail record 1427: full audit trail entry for SEC submission — ArtemisQ Capital
# Detail record 1428: full audit trail entry for SEC submission — ArtemisQ Capital
# Detail record 1429: full audit trail entry for SEC submission — ArtemisQ Capital
# Detail record 1430: full audit trail entry for SEC submission — ArtemisQ Capital
# Detail record 1431: full audit trail entry for SEC submission — ArtemisQ Capital
# Detail record 1432: full audit trail entry for SEC submission — ArtemisQ Capital
# Detail record 1433: full audit trail entry for SEC submission — ArtemisQ Capital
# Detail record 1434: full audit trail entry for SEC submission — ArtemisQ Capital
# Detail record 1435: full audit trail entry for SEC submission — ArtemisQ Capital
# Detail record 1436: full audit trail entry for SEC submission — ArtemisQ Capital
# Detail record 1437: full audit trail entry for SEC submission — ArtemisQ Capital
# Detail record 1438: full audit trail entry for SEC submission — ArtemisQ Capital
# Detail record 1439: full audit trail entry for SEC submission — ArtemisQ Capital
# Detail record 1440: full audit trail entry for SEC submission — ArtemisQ Capital
# Detail record 1441: full audit trail entry for SEC submission — ArtemisQ Capital
# Detail record 1442: full audit trail entry for SEC submission — ArtemisQ Capital
# Detail record 1443: full audit trail entry for SEC submission — ArtemisQ Capital
# Detail record 1444: full audit trail entry for SEC submission — ArtemisQ Capital
# Detail record 1445: full audit trail entry for SEC submission — ArtemisQ Capital
# Detail record 1446: full audit trail entry for SEC submission — ArtemisQ Capital
# Detail record 1447: full audit trail entry for SEC submission — ArtemisQ Capital
# Detail record 1448: full audit trail entry for SEC submission — ArtemisQ Capital
# Detail record 1449: full audit trail entry for SEC submission — ArtemisQ Capital
# Detail record 1450: full audit trail entry for SEC submission — ArtemisQ Capital
# Detail record 1451: full audit trail entry for SEC submission — ArtemisQ Capital
# Detail record 1452: full audit trail entry for SEC submission — ArtemisQ Capital
# Detail record 1453: full audit trail entry for SEC submission — ArtemisQ Capital
# Detail record 1454: full audit trail entry for SEC submission — ArtemisQ Capital
# Detail record 1455: full audit trail entry for SEC submission — ArtemisQ Capital
# Detail record 1456: full audit trail entry for SEC submission — ArtemisQ Capital
# Detail record 1457: full audit trail entry for SEC submission — ArtemisQ Capital
# Detail record 1458: full audit trail entry for SEC submission — ArtemisQ Capital
# Detail record 1459: full audit trail entry for SEC submission — ArtemisQ Capital
# Detail record 1460: full audit trail entry for SEC submission — ArtemisQ Capital
# Detail record 1461: full audit trail entry for SEC submission — ArtemisQ Capital
# Detail record 1462: full audit trail entry for SEC submission — ArtemisQ Capital
# Detail record 1463: full audit trail entry for SEC submission — ArtemisQ Capital
# Detail record 1464: full audit trail entry for SEC submission — ArtemisQ Capital
# Detail record 1465: full audit trail entry for SEC submission — ArtemisQ Capital
# Detail record 1466: full audit trail entry for SEC submission — ArtemisQ Capital
# Detail record 1467: full audit trail entry for SEC submission — ArtemisQ Capital
# Detail record 1468: full audit trail entry for SEC submission — ArtemisQ Capital
# Detail record 1469: full audit trail entry for SEC submission — ArtemisQ Capital
# Detail record 1470: full audit trail entry for SEC submission — ArtemisQ Capital
# Detail record 1471: full audit trail entry for SEC submission — ArtemisQ Capital
# Detail record 1472: full audit trail entry for SEC submission — ArtemisQ Capital
# Detail record 1473: full audit trail entry for SEC submission — ArtemisQ Capital
# Detail record 1474: full audit trail entry for SEC submission — ArtemisQ Capital
# Detail record 1475: full audit trail entry for SEC submission — ArtemisQ Capital
# Detail record 1476: full audit trail entry for SEC submission — ArtemisQ Capital
# Detail record 1477: full audit trail entry for SEC submission — ArtemisQ Capital
# Detail record 1478: full audit trail entry for SEC submission — ArtemisQ Capital
# Detail record 1479: full audit trail entry for SEC submission — ArtemisQ Capital
# Detail record 1480: full audit trail entry for SEC submission — ArtemisQ Capital
# Detail record 1481: full audit trail entry for SEC submission — ArtemisQ Capital
# Detail record 1482: full audit trail entry for SEC submission — ArtemisQ Capital
# Detail record 1483: full audit trail entry for SEC submission — ArtemisQ Capital
# Detail record 1484: full audit trail entry for SEC submission — ArtemisQ Capital
# Detail record 1485: full audit trail entry for SEC submission — ArtemisQ Capital
# Detail record 1486: full audit trail entry for SEC submission — ArtemisQ Capital
# Detail record 1487: full audit trail entry for SEC submission — ArtemisQ Capital
# Detail record 1488: full audit trail entry for SEC submission — ArtemisQ Capital
# Detail record 1489: full audit trail entry for SEC submission — ArtemisQ Capital
# Detail record 1490: full audit trail entry for SEC submission — ArtemisQ Capital
# Detail record 1491: full audit trail entry for SEC submission — ArtemisQ Capital
# Detail record 1492: full audit trail entry for SEC submission — ArtemisQ Capital
# Detail record 1493: full audit trail entry for SEC submission — ArtemisQ Capital
# Detail record 1494: full audit trail entry for SEC submission — ArtemisQ Capital
# Detail record 1495: full audit trail entry for SEC submission — ArtemisQ Capital
# Detail record 1496: full audit trail entry for SEC submission — ArtemisQ Capital
# Detail record 1497: full audit trail entry for SEC submission — ArtemisQ Capital
# Detail record 1498: full audit trail entry for SEC submission — ArtemisQ Capital
# Detail record 1499: full audit trail entry for SEC submission — ArtemisQ Capital
# Detail record 1500: full audit trail entry for SEC submission — ArtemisQ Capital
# Detail record 1501: full audit trail entry for SEC submission — ArtemisQ Capital
# Detail record 1502: full audit trail entry for SEC submission — ArtemisQ Capital
# Detail record 1503: full audit trail entry for SEC submission — ArtemisQ Capital
# Detail record 1504: full audit trail entry for SEC submission — ArtemisQ Capital
# Detail record 1505: full audit trail entry for SEC submission — ArtemisQ Capital
# Detail record 1506: full audit trail entry for SEC submission — ArtemisQ Capital
# Detail record 1507: full audit trail entry for SEC submission — ArtemisQ Capital
# Detail record 1508: full audit trail entry for SEC submission — ArtemisQ Capital
# Detail record 1509: full audit trail entry for SEC submission — ArtemisQ Capital
# Detail record 1510: full audit trail entry for SEC submission — ArtemisQ Capital
# Detail record 1511: full audit trail entry for SEC submission — ArtemisQ Capital
# Detail record 1512: full audit trail entry for SEC submission — ArtemisQ Capital
# Detail record 1513: full audit trail entry for SEC submission — ArtemisQ Capital
# Detail record 1514: full audit trail entry for SEC submission — ArtemisQ Capital
# Detail record 1515: full audit trail entry for SEC submission — ArtemisQ Capital
# Detail record 1516: full audit trail entry for SEC submission — ArtemisQ Capital
# Detail record 1517: full audit trail entry for SEC submission — ArtemisQ Capital
# Detail record 1518: full audit trail entry for SEC submission — ArtemisQ Capital
# Detail record 1519: full audit trail entry for SEC submission — ArtemisQ Capital
# Detail record 1520: full audit trail entry for SEC submission — ArtemisQ Capital
# Detail record 1521: full audit trail entry for SEC submission — ArtemisQ Capital
# Detail record 1522: full audit trail entry for SEC submission — ArtemisQ Capital
# Detail record 1523: full audit trail entry for SEC submission — ArtemisQ Capital
# Detail record 1524: full audit trail entry for SEC submission — ArtemisQ Capital
# Detail record 1525: full audit trail entry for SEC submission — ArtemisQ Capital
# Detail record 1526: full audit trail entry for SEC submission — ArtemisQ Capital
# Detail record 1527: full audit trail entry for SEC submission — ArtemisQ Capital
# Detail record 1528: full audit trail entry for SEC submission — ArtemisQ Capital
# Detail record 1529: full audit trail entry for SEC submission — ArtemisQ Capital
# Detail record 1530: full audit trail entry for SEC submission — ArtemisQ Capital
# Detail record 1531: full audit trail entry for SEC submission — ArtemisQ Capital
# Detail record 1532: full audit trail entry for SEC submission — ArtemisQ Capital
# Detail record 1533: full audit trail entry for SEC submission — ArtemisQ Capital
# Detail record 1534: full audit trail entry for SEC submission — ArtemisQ Capital
# Detail record 1535: full audit trail entry for SEC submission — ArtemisQ Capital
# Detail record 1536: full audit trail entry for SEC submission — ArtemisQ Capital
# Detail record 1537: full audit trail entry for SEC submission — ArtemisQ Capital
# Detail record 1538: full audit trail entry for SEC submission — ArtemisQ Capital
# Detail record 1539: full audit trail entry for SEC submission — ArtemisQ Capital
# Detail record 1540: full audit trail entry for SEC submission — ArtemisQ Capital
# Detail record 1541: full audit trail entry for SEC submission — ArtemisQ Capital
# Detail record 1542: full audit trail entry for SEC submission — ArtemisQ Capital
# Detail record 1543: full audit trail entry for SEC submission — ArtemisQ Capital
# Detail record 1544: full audit trail entry for SEC submission — ArtemisQ Capital
# Detail record 1545: full audit trail entry for SEC submission — ArtemisQ Capital
# Detail record 1546: full audit trail entry for SEC submission — ArtemisQ Capital
# Detail record 1547: full audit trail entry for SEC submission — ArtemisQ Capital
# Detail record 1548: full audit trail entry for SEC submission — ArtemisQ Capital
# Detail record 1549: full audit trail entry for SEC submission — ArtemisQ Capital
# Detail record 1550: full audit trail entry for SEC submission — ArtemisQ Capital
# Detail record 1551: full audit trail entry for SEC submission — ArtemisQ Capital
# Detail record 1552: full audit trail entry for SEC submission — ArtemisQ Capital
# Detail record 1553: full audit trail entry for SEC submission — ArtemisQ Capital
# Detail record 1554: full audit trail entry for SEC submission — ArtemisQ Capital
# Detail record 1555: full audit trail entry for SEC submission — ArtemisQ Capital
# Detail record 1556: full audit trail entry for SEC submission — ArtemisQ Capital
# Detail record 1557: full audit trail entry for SEC submission — ArtemisQ Capital
# Detail record 1558: full audit trail entry for SEC submission — ArtemisQ Capital
# Detail record 1559: full audit trail entry for SEC submission — ArtemisQ Capital
# Detail record 1560: full audit trail entry for SEC submission — ArtemisQ Capital
# Detail record 1561: full audit trail entry for SEC submission — ArtemisQ Capital
# Detail record 1562: full audit trail entry for SEC submission — ArtemisQ Capital
# Detail record 1563: full audit trail entry for SEC submission — ArtemisQ Capital
# Detail record 1564: full audit trail entry for SEC submission — ArtemisQ Capital
# Detail record 1565: full audit trail entry for SEC submission — ArtemisQ Capital
# Detail record 1566: full audit trail entry for SEC submission — ArtemisQ Capital
# Detail record 1567: full audit trail entry for SEC submission — ArtemisQ Capital
# Detail record 1568: full audit trail entry for SEC submission — ArtemisQ Capital
# Detail record 1569: full audit trail entry for SEC submission — ArtemisQ Capital
# Detail record 1570: full audit trail entry for SEC submission — ArtemisQ Capital
# Detail record 1571: full audit trail entry for SEC submission — ArtemisQ Capital
# Detail record 1572: full audit trail entry for SEC submission — ArtemisQ Capital
# Detail record 1573: full audit trail entry for SEC submission — ArtemisQ Capital
# Detail record 1574: full audit trail entry for SEC submission — ArtemisQ Capital
# Detail record 1575: full audit trail entry for SEC submission — ArtemisQ Capital
# Detail record 1576: full audit trail entry for SEC submission — ArtemisQ Capital
# Detail record 1577: full audit trail entry for SEC submission — ArtemisQ Capital
# Detail record 1578: full audit trail entry for SEC submission — ArtemisQ Capital
# Detail record 1579: full audit trail entry for SEC submission — ArtemisQ Capital
# Detail record 1580: full audit trail entry for SEC submission — ArtemisQ Capital
# Detail record 1581: full audit trail entry for SEC submission — ArtemisQ Capital
# Detail record 1582: full audit trail entry for SEC submission — ArtemisQ Capital
# Detail record 1583: full audit trail entry for SEC submission — ArtemisQ Capital
# Detail record 1584: full audit trail entry for SEC submission — ArtemisQ Capital
# Detail record 1585: full audit trail entry for SEC submission — ArtemisQ Capital
# Detail record 1586: full audit trail entry for SEC submission — ArtemisQ Capital
# Detail record 1587: full audit trail entry for SEC submission — ArtemisQ Capital
# Detail record 1588: full audit trail entry for SEC submission — ArtemisQ Capital
# Detail record 1589: full audit trail entry for SEC submission — ArtemisQ Capital
# Detail record 1590: full audit trail entry for SEC submission — ArtemisQ Capital
# Detail record 1591: full audit trail entry for SEC submission — ArtemisQ Capital
# Detail record 1592: full audit trail entry for SEC submission — ArtemisQ Capital
# Detail record 1593: full audit trail entry for SEC submission — ArtemisQ Capital
# Detail record 1594: full audit trail entry for SEC submission — ArtemisQ Capital
# Detail record 1595: full audit trail entry for SEC submission — ArtemisQ Capital
# Detail record 1596: full audit trail entry for SEC submission — ArtemisQ Capital
# Detail record 1597: full audit trail entry for SEC submission — ArtemisQ Capital
# Detail record 1598: full audit trail entry for SEC submission — ArtemisQ Capital
# Detail record 1599: full audit trail entry for SEC submission — ArtemisQ Capital
# Detail record 1600: full audit trail entry for SEC submission — ArtemisQ Capital
# Detail record 1601: full audit trail entry for SEC submission — ArtemisQ Capital
# Detail record 1602: full audit trail entry for SEC submission — ArtemisQ Capital
# Detail record 1603: full audit trail entry for SEC submission — ArtemisQ Capital
# Detail record 1604: full audit trail entry for SEC submission — ArtemisQ Capital
# Detail record 1605: full audit trail entry for SEC submission — ArtemisQ Capital
# Detail record 1606: full audit trail entry for SEC submission — ArtemisQ Capital
# Detail record 1607: full audit trail entry for SEC submission — ArtemisQ Capital
# Detail record 1608: full audit trail entry for SEC submission — ArtemisQ Capital
# Detail record 1609: full audit trail entry for SEC submission — ArtemisQ Capital
# Detail record 1610: full audit trail entry for SEC submission — ArtemisQ Capital
# Detail record 1611: full audit trail entry for SEC submission — ArtemisQ Capital
# Detail record 1612: full audit trail entry for SEC submission — ArtemisQ Capital
# Detail record 1613: full audit trail entry for SEC submission — ArtemisQ Capital
# Detail record 1614: full audit trail entry for SEC submission — ArtemisQ Capital
# Detail record 1615: full audit trail entry for SEC submission — ArtemisQ Capital
# Detail record 1616: full audit trail entry for SEC submission — ArtemisQ Capital
# Detail record 1617: full audit trail entry for SEC submission — ArtemisQ Capital
# Detail record 1618: full audit trail entry for SEC submission — ArtemisQ Capital
# Detail record 1619: full audit trail entry for SEC submission — ArtemisQ Capital
# Detail record 1620: full audit trail entry for SEC submission — ArtemisQ Capital
# Detail record 1621: full audit trail entry for SEC submission — ArtemisQ Capital
# Detail record 1622: full audit trail entry for SEC submission — ArtemisQ Capital
# Detail record 1623: full audit trail entry for SEC submission — ArtemisQ Capital
# Detail record 1624: full audit trail entry for SEC submission — ArtemisQ Capital
# Detail record 1625: full audit trail entry for SEC submission — ArtemisQ Capital
# Detail record 1626: full audit trail entry for SEC submission — ArtemisQ Capital
# Detail record 1627: full audit trail entry for SEC submission — ArtemisQ Capital
# Detail record 1628: full audit trail entry for SEC submission — ArtemisQ Capital
# Detail record 1629: full audit trail entry for SEC submission — ArtemisQ Capital
# Detail record 1630: full audit trail entry for SEC submission — ArtemisQ Capital
# Detail record 1631: full audit trail entry for SEC submission — ArtemisQ Capital
# Detail record 1632: full audit trail entry for SEC submission — ArtemisQ Capital
# Detail record 1633: full audit trail entry for SEC submission — ArtemisQ Capital
# Detail record 1634: full audit trail entry for SEC submission — ArtemisQ Capital
# Detail record 1635: full audit trail entry for SEC submission — ArtemisQ Capital
# Detail record 1636: full audit trail entry for SEC submission — ArtemisQ Capital
# Detail record 1637: full audit trail entry for SEC submission — ArtemisQ Capital
# Detail record 1638: full audit trail entry for SEC submission — ArtemisQ Capital
# Detail record 1639: full audit trail entry for SEC submission — ArtemisQ Capital
# Detail record 1640: full audit trail entry for SEC submission — ArtemisQ Capital
# Detail record 1641: full audit trail entry for SEC submission — ArtemisQ Capital
# Detail record 1642: full audit trail entry for SEC submission — ArtemisQ Capital
# Detail record 1643: full audit trail entry for SEC submission — ArtemisQ Capital
# Detail record 1644: full audit trail entry for SEC submission — ArtemisQ Capital
# Detail record 1645: full audit trail entry for SEC submission — ArtemisQ Capital
# Detail record 1646: full audit trail entry for SEC submission — ArtemisQ Capital
# Detail record 1647: full audit trail entry for SEC submission — ArtemisQ Capital
# Detail record 1648: full audit trail entry for SEC submission — ArtemisQ Capital
# Detail record 1649: full audit trail entry for SEC submission — ArtemisQ Capital
# Detail record 1650: full audit trail entry for SEC submission — ArtemisQ Capital
# Detail record 1651: full audit trail entry for SEC submission — ArtemisQ Capital
# Detail record 1652: full audit trail entry for SEC submission — ArtemisQ Capital
# Detail record 1653: full audit trail entry for SEC submission — ArtemisQ Capital
# Detail record 1654: full audit trail entry for SEC submission — ArtemisQ Capital
# Detail record 1655: full audit trail entry for SEC submission — ArtemisQ Capital
# Detail record 1656: full audit trail entry for SEC submission — ArtemisQ Capital
# Detail record 1657: full audit trail entry for SEC submission — ArtemisQ Capital
# Detail record 1658: full audit trail entry for SEC submission — ArtemisQ Capital
# Detail record 1659: full audit trail entry for SEC submission — ArtemisQ Capital
# Detail record 1660: full audit trail entry for SEC submission — ArtemisQ Capital
# Detail record 1661: full audit trail entry for SEC submission — ArtemisQ Capital
# Detail record 1662: full audit trail entry for SEC submission — ArtemisQ Capital
# Detail record 1663: full audit trail entry for SEC submission — ArtemisQ Capital
# Detail record 1664: full audit trail entry for SEC submission — ArtemisQ Capital
# Detail record 1665: full audit trail entry for SEC submission — ArtemisQ Capital
# Detail record 1666: full audit trail entry for SEC submission — ArtemisQ Capital
# Detail record 1667: full audit trail entry for SEC submission — ArtemisQ Capital
# Detail record 1668: full audit trail entry for SEC submission — ArtemisQ Capital
# Detail record 1669: full audit trail entry for SEC submission — ArtemisQ Capital
# Detail record 1670: full audit trail entry for SEC submission — ArtemisQ Capital
# Detail record 1671: full audit trail entry for SEC submission — ArtemisQ Capital
# Detail record 1672: full audit trail entry for SEC submission — ArtemisQ Capital
# Detail record 1673: full audit trail entry for SEC submission — ArtemisQ Capital
# Detail record 1674: full audit trail entry for SEC submission — ArtemisQ Capital
# Detail record 1675: full audit trail entry for SEC submission — ArtemisQ Capital
# Detail record 1676: full audit trail entry for SEC submission — ArtemisQ Capital
# Detail record 1677: full audit trail entry for SEC submission — ArtemisQ Capital
# Detail record 1678: full audit trail entry for SEC submission — ArtemisQ Capital
# Detail record 1679: full audit trail entry for SEC submission — ArtemisQ Capital
# Detail record 1680: full audit trail entry for SEC submission — ArtemisQ Capital
# Detail record 1681: full audit trail entry for SEC submission — ArtemisQ Capital
# Detail record 1682: full audit trail entry for SEC submission — ArtemisQ Capital
# Detail record 1683: full audit trail entry for SEC submission — ArtemisQ Capital
# Detail record 1684: full audit trail entry for SEC submission — ArtemisQ Capital
# Detail record 1685: full audit trail entry for SEC submission — ArtemisQ Capital
# Detail record 1686: full audit trail entry for SEC submission — ArtemisQ Capital
# Detail record 1687: full audit trail entry for SEC submission — ArtemisQ Capital
# Detail record 1688: full audit trail entry for SEC submission — ArtemisQ Capital
# Detail record 1689: full audit trail entry for SEC submission — ArtemisQ Capital
# Detail record 1690: full audit trail entry for SEC submission — ArtemisQ Capital
# Detail record 1691: full audit trail entry for SEC submission — ArtemisQ Capital
# Detail record 1692: full audit trail entry for SEC submission — ArtemisQ Capital
# Detail record 1693: full audit trail entry for SEC submission — ArtemisQ Capital
# Detail record 1694: full audit trail entry for SEC submission — ArtemisQ Capital
# Detail record 1695: full audit trail entry for SEC submission — ArtemisQ Capital
# Detail record 1696: full audit trail entry for SEC submission — ArtemisQ Capital
# Detail record 1697: full audit trail entry for SEC submission — ArtemisQ Capital
# Detail record 1698: full audit trail entry for SEC submission — ArtemisQ Capital
# Detail record 1699: full audit trail entry for SEC submission — ArtemisQ Capital
# Detail record 1700: full audit trail entry for SEC submission — ArtemisQ Capital
# Detail record 1701: full audit trail entry for SEC submission — ArtemisQ Capital
# Detail record 1702: full audit trail entry for SEC submission — ArtemisQ Capital
# Detail record 1703: full audit trail entry for SEC submission — ArtemisQ Capital
# Detail record 1704: full audit trail entry for SEC submission — ArtemisQ Capital
# Detail record 1705: full audit trail entry for SEC submission — ArtemisQ Capital
# Detail record 1706: full audit trail entry for SEC submission — ArtemisQ Capital
# Detail record 1707: full audit trail entry for SEC submission — ArtemisQ Capital
# Detail record 1708: full audit trail entry for SEC submission — ArtemisQ Capital
# Detail record 1709: full audit trail entry for SEC submission — ArtemisQ Capital
# Detail record 1710: full audit trail entry for SEC submission — ArtemisQ Capital
# Detail record 1711: full audit trail entry for SEC submission — ArtemisQ Capital
# Detail record 1712: full audit trail entry for SEC submission — ArtemisQ Capital
# Detail record 1713: full audit trail entry for SEC submission — ArtemisQ Capital
# Detail record 1714: full audit trail entry for SEC submission — ArtemisQ Capital
# Detail record 1715: full audit trail entry for SEC submission — ArtemisQ Capital
# Detail record 1716: full audit trail entry for SEC submission — ArtemisQ Capital
# Detail record 1717: full audit trail entry for SEC submission — ArtemisQ Capital
# Detail record 1718: full audit trail entry for SEC submission — ArtemisQ Capital
# Detail record 1719: full audit trail entry for SEC submission — ArtemisQ Capital
# Detail record 1720: full audit trail entry for SEC submission — ArtemisQ Capital
# Detail record 1721: full audit trail entry for SEC submission — ArtemisQ Capital
# Detail record 1722: full audit trail entry for SEC submission — ArtemisQ Capital
# Detail record 1723: full audit trail entry for SEC submission — ArtemisQ Capital
# Detail record 1724: full audit trail entry for SEC submission — ArtemisQ Capital
# Detail record 1725: full audit trail entry for SEC submission — ArtemisQ Capital
# Detail record 1726: full audit trail entry for SEC submission — ArtemisQ Capital
# Detail record 1727: full audit trail entry for SEC submission — ArtemisQ Capital
# Detail record 1728: full audit trail entry for SEC submission — ArtemisQ Capital
# Detail record 1729: full audit trail entry for SEC submission — ArtemisQ Capital
# Detail record 1730: full audit trail entry for SEC submission — ArtemisQ Capital
# Detail record 1731: full audit trail entry for SEC submission — ArtemisQ Capital
# Detail record 1732: full audit trail entry for SEC submission — ArtemisQ Capital
# Detail record 1733: full audit trail entry for SEC submission — ArtemisQ Capital
# Detail record 1734: full audit trail entry for SEC submission — ArtemisQ Capital
# Detail record 1735: full audit trail entry for SEC submission — ArtemisQ Capital
# Detail record 1736: full audit trail entry for SEC submission — ArtemisQ Capital
# Detail record 1737: full audit trail entry for SEC submission — ArtemisQ Capital
# Detail record 1738: full audit trail entry for SEC submission — ArtemisQ Capital
# Detail record 1739: full audit trail entry for SEC submission — ArtemisQ Capital
# Detail record 1740: full audit trail entry for SEC submission — ArtemisQ Capital
# Detail record 1741: full audit trail entry for SEC submission — ArtemisQ Capital
# Detail record 1742: full audit trail entry for SEC submission — ArtemisQ Capital
# Detail record 1743: full audit trail entry for SEC submission — ArtemisQ Capital
# Detail record 1744: full audit trail entry for SEC submission — ArtemisQ Capital
# Detail record 1745: full audit trail entry for SEC submission — ArtemisQ Capital
# Detail record 1746: full audit trail entry for SEC submission — ArtemisQ Capital
# Detail record 1747: full audit trail entry for SEC submission — ArtemisQ Capital
# Detail record 1748: full audit trail entry for SEC submission — ArtemisQ Capital
# Detail record 1749: full audit trail entry for SEC submission — ArtemisQ Capital
# Detail record 1750: full audit trail entry for SEC submission — ArtemisQ Capital
# Detail record 1751: full audit trail entry for SEC submission — ArtemisQ Capital
# Detail record 1752: full audit trail entry for SEC submission — ArtemisQ Capital
# Detail record 1753: full audit trail entry for SEC submission — ArtemisQ Capital
# Detail record 1754: full audit trail entry for SEC submission — ArtemisQ Capital
# Detail record 1755: full audit trail entry for SEC submission — ArtemisQ Capital
# Detail record 1756: full audit trail entry for SEC submission — ArtemisQ Capital
# Detail record 1757: full audit trail entry for SEC submission — ArtemisQ Capital
# Detail record 1758: full audit trail entry for SEC submission — ArtemisQ Capital
# Detail record 1759: full audit trail entry for SEC submission — ArtemisQ Capital
# Detail record 1760: full audit trail entry for SEC submission — ArtemisQ Capital
# Detail record 1761: full audit trail entry for SEC submission — ArtemisQ Capital
# Detail record 1762: full audit trail entry for SEC submission — ArtemisQ Capital
# Detail record 1763: full audit trail entry for SEC submission — ArtemisQ Capital
# Detail record 1764: full audit trail entry for SEC submission — ArtemisQ Capital
# Detail record 1765: full audit trail entry for SEC submission — ArtemisQ Capital
# Detail record 1766: full audit trail entry for SEC submission — ArtemisQ Capital
# Detail record 1767: full audit trail entry for SEC submission — ArtemisQ Capital
# Detail record 1768: full audit trail entry for SEC submission — ArtemisQ Capital
# Detail record 1769: full audit trail entry for SEC submission — ArtemisQ Capital
# Detail record 1770: full audit trail entry for SEC submission — ArtemisQ Capital
# Detail record 1771: full audit trail entry for SEC submission — ArtemisQ Capital
# Detail record 1772: full audit trail entry for SEC submission — ArtemisQ Capital
# Detail record 1773: full audit trail entry for SEC submission — ArtemisQ Capital
# Detail record 1774: full audit trail entry for SEC submission — ArtemisQ Capital
# Detail record 1775: full audit trail entry for SEC submission — ArtemisQ Capital
# Detail record 1776: full audit trail entry for SEC submission — ArtemisQ Capital
# Detail record 1777: full audit trail entry for SEC submission — ArtemisQ Capital
# Detail record 1778: full audit trail entry for SEC submission — ArtemisQ Capital
# Detail record 1779: full audit trail entry for SEC submission — ArtemisQ Capital
# Detail record 1780: full audit trail entry for SEC submission — ArtemisQ Capital
# Detail record 1781: full audit trail entry for SEC submission — ArtemisQ Capital
# Detail record 1782: full audit trail entry for SEC submission — ArtemisQ Capital
# Detail record 1783: full audit trail entry for SEC submission — ArtemisQ Capital
# Detail record 1784: full audit trail entry for SEC submission — ArtemisQ Capital
# Detail record 1785: full audit trail entry for SEC submission — ArtemisQ Capital
# Detail record 1786: full audit trail entry for SEC submission — ArtemisQ Capital
# Detail record 1787: full audit trail entry for SEC submission — ArtemisQ Capital
# Detail record 1788: full audit trail entry for SEC submission — ArtemisQ Capital
# Detail record 1789: full audit trail entry for SEC submission — ArtemisQ Capital
# Detail record 1790: full audit trail entry for SEC submission — ArtemisQ Capital
# Detail record 1791: full audit trail entry for SEC submission — ArtemisQ Capital
# Detail record 1792: full audit trail entry for SEC submission — ArtemisQ Capital
# Detail record 1793: full audit trail entry for SEC submission — ArtemisQ Capital
# Detail record 1794: full audit trail entry for SEC submission — ArtemisQ Capital
# Detail record 1795: full audit trail entry for SEC submission — ArtemisQ Capital
# Detail record 1796: full audit trail entry for SEC submission — ArtemisQ Capital
# Detail record 1797: full audit trail entry for SEC submission — ArtemisQ Capital
# Detail record 1798: full audit trail entry for SEC submission — ArtemisQ Capital
# Detail record 1799: full audit trail entry for SEC submission — ArtemisQ Capital
# Detail record 1800: full audit trail entry for SEC submission — ArtemisQ Capital
# Detail record 1801: full audit trail entry for SEC submission — ArtemisQ Capital
# Detail record 1802: full audit trail entry for SEC submission — ArtemisQ Capital
# Detail record 1803: full audit trail entry for SEC submission — ArtemisQ Capital
# Detail record 1804: full audit trail entry for SEC submission — ArtemisQ Capital
# Detail record 1805: full audit trail entry for SEC submission — ArtemisQ Capital
# Detail record 1806: full audit trail entry for SEC submission — ArtemisQ Capital
# Detail record 1807: full audit trail entry for SEC submission — ArtemisQ Capital
# Detail record 1808: full audit trail entry for SEC submission — ArtemisQ Capital
# Detail record 1809: full audit trail entry for SEC submission — ArtemisQ Capital
# Detail record 1810: full audit trail entry for SEC submission — ArtemisQ Capital
# Detail record 1811: full audit trail entry for SEC submission — ArtemisQ Capital
# Detail record 1812: full audit trail entry for SEC submission — ArtemisQ Capital
# Detail record 1813: full audit trail entry for SEC submission — ArtemisQ Capital
# Detail record 1814: full audit trail entry for SEC submission — ArtemisQ Capital
# Detail record 1815: full audit trail entry for SEC submission — ArtemisQ Capital
# Detail record 1816: full audit trail entry for SEC submission — ArtemisQ Capital
# Detail record 1817: full audit trail entry for SEC submission — ArtemisQ Capital
# Detail record 1818: full audit trail entry for SEC submission — ArtemisQ Capital
# Detail record 1819: full audit trail entry for SEC submission — ArtemisQ Capital
# Detail record 1820: full audit trail entry for SEC submission — ArtemisQ Capital
# Detail record 1821: full audit trail entry for SEC submission — ArtemisQ Capital
# Detail record 1822: full audit trail entry for SEC submission — ArtemisQ Capital
# Detail record 1823: full audit trail entry for SEC submission — ArtemisQ Capital
# Detail record 1824: full audit trail entry for SEC submission — ArtemisQ Capital
# Detail record 1825: full audit trail entry for SEC submission — ArtemisQ Capital
# Detail record 1826: full audit trail entry for SEC submission — ArtemisQ Capital
# Detail record 1827: full audit trail entry for SEC submission — ArtemisQ Capital
# Detail record 1828: full audit trail entry for SEC submission — ArtemisQ Capital
# Detail record 1829: full audit trail entry for SEC submission — ArtemisQ Capital
# Detail record 1830: full audit trail entry for SEC submission — ArtemisQ Capital
# Detail record 1831: full audit trail entry for SEC submission — ArtemisQ Capital
# Detail record 1832: full audit trail entry for SEC submission — ArtemisQ Capital
# Detail record 1833: full audit trail entry for SEC submission — ArtemisQ Capital
# Detail record 1834: full audit trail entry for SEC submission — ArtemisQ Capital
# Detail record 1835: full audit trail entry for SEC submission — ArtemisQ Capital
# Detail record 1836: full audit trail entry for SEC submission — ArtemisQ Capital
# Detail record 1837: full audit trail entry for SEC submission — ArtemisQ Capital
# Detail record 1838: full audit trail entry for SEC submission — ArtemisQ Capital
# Detail record 1839: full audit trail entry for SEC submission — ArtemisQ Capital
# Detail record 1840: full audit trail entry for SEC submission — ArtemisQ Capital
# Detail record 1841: full audit trail entry for SEC submission — ArtemisQ Capital
# Detail record 1842: full audit trail entry for SEC submission — ArtemisQ Capital
# Detail record 1843: full audit trail entry for SEC submission — ArtemisQ Capital
# Detail record 1844: full audit trail entry for SEC submission — ArtemisQ Capital
# Detail record 1845: full audit trail entry for SEC submission — ArtemisQ Capital
# Detail record 1846: full audit trail entry for SEC submission — ArtemisQ Capital
# Detail record 1847: full audit trail entry for SEC submission — ArtemisQ Capital
# Detail record 1848: full audit trail entry for SEC submission — ArtemisQ Capital
# Detail record 1849: full audit trail entry for SEC submission — ArtemisQ Capital
# Detail record 1850: full audit trail entry for SEC submission — ArtemisQ Capital
# Detail record 1851: full audit trail entry for SEC submission — ArtemisQ Capital
# Detail record 1852: full audit trail entry for SEC submission — ArtemisQ Capital
# Detail record 1853: full audit trail entry for SEC submission — ArtemisQ Capital
# Detail record 1854: full audit trail entry for SEC submission — ArtemisQ Capital
# Detail record 1855: full audit trail entry for SEC submission — ArtemisQ Capital
# Detail record 1856: full audit trail entry for SEC submission — ArtemisQ Capital
# Detail record 1857: full audit trail entry for SEC submission — ArtemisQ Capital
# Detail record 1858: full audit trail entry for SEC submission — ArtemisQ Capital
# Detail record 1859: full audit trail entry for SEC submission — ArtemisQ Capital
# Detail record 1860: full audit trail entry for SEC submission — ArtemisQ Capital
# Detail record 1861: full audit trail entry for SEC submission — ArtemisQ Capital
# Detail record 1862: full audit trail entry for SEC submission — ArtemisQ Capital
# Detail record 1863: full audit trail entry for SEC submission — ArtemisQ Capital
# Detail record 1864: full audit trail entry for SEC submission — ArtemisQ Capital
# Detail record 1865: full audit trail entry for SEC submission — ArtemisQ Capital
# Detail record 1866: full audit trail entry for SEC submission — ArtemisQ Capital
# Detail record 1867: full audit trail entry for SEC submission — ArtemisQ Capital
# Detail record 1868: full audit trail entry for SEC submission — ArtemisQ Capital
# Detail record 1869: full audit trail entry for SEC submission — ArtemisQ Capital
# Detail record 1870: full audit trail entry for SEC submission — ArtemisQ Capital
# Detail record 1871: full audit trail entry for SEC submission — ArtemisQ Capital
# Detail record 1872: full audit trail entry for SEC submission — ArtemisQ Capital
# Detail record 1873: full audit trail entry for SEC submission — ArtemisQ Capital
# Detail record 1874: full audit trail entry for SEC submission — ArtemisQ Capital
# Detail record 1875: full audit trail entry for SEC submission — ArtemisQ Capital
# Detail record 1876: full audit trail entry for SEC submission — ArtemisQ Capital
# Detail record 1877: full audit trail entry for SEC submission — ArtemisQ Capital
# Detail record 1878: full audit trail entry for SEC submission — ArtemisQ Capital
# Detail record 1879: full audit trail entry for SEC submission — ArtemisQ Capital
# Detail record 1880: full audit trail entry for SEC submission — ArtemisQ Capital
# Detail record 1881: full audit trail entry for SEC submission — ArtemisQ Capital
# Detail record 1882: full audit trail entry for SEC submission — ArtemisQ Capital
# Detail record 1883: full audit trail entry for SEC submission — ArtemisQ Capital
# Detail record 1884: full audit trail entry for SEC submission — ArtemisQ Capital
# Detail record 1885: full audit trail entry for SEC submission — ArtemisQ Capital
# Detail record 1886: full audit trail entry for SEC submission — ArtemisQ Capital
# Detail record 1887: full audit trail entry for SEC submission — ArtemisQ Capital
# Detail record 1888: full audit trail entry for SEC submission — ArtemisQ Capital
# Detail record 1889: full audit trail entry for SEC submission — ArtemisQ Capital
# Detail record 1890: full audit trail entry for SEC submission — ArtemisQ Capital
# Detail record 1891: full audit trail entry for SEC submission — ArtemisQ Capital
# Detail record 1892: full audit trail entry for SEC submission — ArtemisQ Capital
# Detail record 1893: full audit trail entry for SEC submission — ArtemisQ Capital
# Detail record 1894: full audit trail entry for SEC submission — ArtemisQ Capital
# Detail record 1895: full audit trail entry for SEC submission — ArtemisQ Capital
# Detail record 1896: full audit trail entry for SEC submission — ArtemisQ Capital
# Detail record 1897: full audit trail entry for SEC submission — ArtemisQ Capital
# Detail record 1898: full audit trail entry for SEC submission — ArtemisQ Capital
# Detail record 1899: full audit trail entry for SEC submission — ArtemisQ Capital
# Detail record 1900: full audit trail entry for SEC submission — ArtemisQ Capital
# Detail record 1901: full audit trail entry for SEC submission — ArtemisQ Capital
# Detail record 1902: full audit trail entry for SEC submission — ArtemisQ Capital
# Detail record 1903: full audit trail entry for SEC submission — ArtemisQ Capital
# Detail record 1904: full audit trail entry for SEC submission — ArtemisQ Capital
# Detail record 1905: full audit trail entry for SEC submission — ArtemisQ Capital
# Detail record 1906: full audit trail entry for SEC submission — ArtemisQ Capital
# Detail record 1907: full audit trail entry for SEC submission — ArtemisQ Capital
# Detail record 1908: full audit trail entry for SEC submission — ArtemisQ Capital
# Detail record 1909: full audit trail entry for SEC submission — ArtemisQ Capital
# Detail record 1910: full audit trail entry for SEC submission — ArtemisQ Capital
# Detail record 1911: full audit trail entry for SEC submission — ArtemisQ Capital
# Detail record 1912: full audit trail entry for SEC submission — ArtemisQ Capital
# Detail record 1913: full audit trail entry for SEC submission — ArtemisQ Capital
# Detail record 1914: full audit trail entry for SEC submission — ArtemisQ Capital
# Detail record 1915: full audit trail entry for SEC submission — ArtemisQ Capital
# Detail record 1916: full audit trail entry for SEC submission — ArtemisQ Capital
# Detail record 1917: full audit trail entry for SEC submission — ArtemisQ Capital
# Detail record 1918: full audit trail entry for SEC submission — ArtemisQ Capital
# Detail record 1919: full audit trail entry for SEC submission — ArtemisQ Capital
# Detail record 1920: full audit trail entry for SEC submission — ArtemisQ Capital
# Detail record 1921: full audit trail entry for SEC submission — ArtemisQ Capital
# Detail record 1922: full audit trail entry for SEC submission — ArtemisQ Capital
# Detail record 1923: full audit trail entry for SEC submission — ArtemisQ Capital
# Detail record 1924: full audit trail entry for SEC submission — ArtemisQ Capital
# Detail record 1925: full audit trail entry for SEC submission — ArtemisQ Capital
# Detail record 1926: full audit trail entry for SEC submission — ArtemisQ Capital
# Detail record 1927: full audit trail entry for SEC submission — ArtemisQ Capital
# Detail record 1928: full audit trail entry for SEC submission — ArtemisQ Capital
# Detail record 1929: full audit trail entry for SEC submission — ArtemisQ Capital
# Detail record 1930: full audit trail entry for SEC submission — ArtemisQ Capital
# Detail record 1931: full audit trail entry for SEC submission — ArtemisQ Capital
# Detail record 1932: full audit trail entry for SEC submission — ArtemisQ Capital
# Detail record 1933: full audit trail entry for SEC submission — ArtemisQ Capital
# Detail record 1934: full audit trail entry for SEC submission — ArtemisQ Capital
# Detail record 1935: full audit trail entry for SEC submission — ArtemisQ Capital
# Detail record 1936: full audit trail entry for SEC submission — ArtemisQ Capital
# Detail record 1937: full audit trail entry for SEC submission — ArtemisQ Capital
# Detail record 1938: full audit trail entry for SEC submission — ArtemisQ Capital
# Detail record 1939: full audit trail entry for SEC submission — ArtemisQ Capital
# Detail record 1940: full audit trail entry for SEC submission — ArtemisQ Capital
# Detail record 1941: full audit trail entry for SEC submission — ArtemisQ Capital
# Detail record 1942: full audit trail entry for SEC submission — ArtemisQ Capital
# Detail record 1943: full audit trail entry for SEC submission — ArtemisQ Capital
# Detail record 1944: full audit trail entry for SEC submission — ArtemisQ Capital
# Detail record 1945: full audit trail entry for SEC submission — ArtemisQ Capital
# Detail record 1946: full audit trail entry for SEC submission — ArtemisQ Capital
# Detail record 1947: full audit trail entry for SEC submission — ArtemisQ Capital
# Detail record 1948: full audit trail entry for SEC submission — ArtemisQ Capital
# Detail record 1949: full audit trail entry for SEC submission — ArtemisQ Capital
# Detail record 1950: full audit trail entry for SEC submission — ArtemisQ Capital
# Detail record 1951: full audit trail entry for SEC submission — ArtemisQ Capital
# Detail record 1952: full audit trail entry for SEC submission — ArtemisQ Capital
# Detail record 1953: full audit trail entry for SEC submission — ArtemisQ Capital
# Detail record 1954: full audit trail entry for SEC submission — ArtemisQ Capital
# Detail record 1955: full audit trail entry for SEC submission — ArtemisQ Capital
# Detail record 1956: full audit trail entry for SEC submission — ArtemisQ Capital
# Detail record 1957: full audit trail entry for SEC submission — ArtemisQ Capital
# Detail record 1958: full audit trail entry for SEC submission — ArtemisQ Capital
# Detail record 1959: full audit trail entry for SEC submission — ArtemisQ Capital
# Detail record 1960: full audit trail entry for SEC submission — ArtemisQ Capital
# Detail record 1961: full audit trail entry for SEC submission — ArtemisQ Capital
# Detail record 1962: full audit trail entry for SEC submission — ArtemisQ Capital
# Detail record 1963: full audit trail entry for SEC submission — ArtemisQ Capital
# Detail record 1964: full audit trail entry for SEC submission — ArtemisQ Capital
# Detail record 1965: full audit trail entry for SEC submission — ArtemisQ Capital
# Detail record 1966: full audit trail entry for SEC submission — ArtemisQ Capital
# Detail record 1967: full audit trail entry for SEC submission — ArtemisQ Capital
# Detail record 1968: full audit trail entry for SEC submission — ArtemisQ Capital
# Detail record 1969: full audit trail entry for SEC submission — ArtemisQ Capital
# Detail record 1970: full audit trail entry for SEC submission — ArtemisQ Capital
# Detail record 1971: full audit trail entry for SEC submission — ArtemisQ Capital
# Detail record 1972: full audit trail entry for SEC submission — ArtemisQ Capital
# Detail record 1973: full audit trail entry for SEC submission — ArtemisQ Capital
# Detail record 1974: full audit trail entry for SEC submission — ArtemisQ Capital
# Detail record 1975: full audit trail entry for SEC submission — ArtemisQ Capital
# Detail record 1976: full audit trail entry for SEC submission — ArtemisQ Capital
# Detail record 1977: full audit trail entry for SEC submission — ArtemisQ Capital
# Detail record 1978: full audit trail entry for SEC submission — ArtemisQ Capital
# Detail record 1979: full audit trail entry for SEC submission — ArtemisQ Capital
# Detail record 1980: full audit trail entry for SEC submission — ArtemisQ Capital
# Detail record 1981: full audit trail entry for SEC submission — ArtemisQ Capital
# Detail record 1982: full audit trail entry for SEC submission — ArtemisQ Capital
# Detail record 1983: full audit trail entry for SEC submission — ArtemisQ Capital
# Detail record 1984: full audit trail entry for SEC submission — ArtemisQ Capital
# Detail record 1985: full audit trail entry for SEC submission — ArtemisQ Capital
# Detail record 1986: full audit trail entry for SEC submission — ArtemisQ Capital
# Detail record 1987: full audit trail entry for SEC submission — ArtemisQ Capital
# Detail record 1988: full audit trail entry for SEC submission — ArtemisQ Capital
# Detail record 1989: full audit trail entry for SEC submission — ArtemisQ Capital
# Detail record 1990: full audit trail entry for SEC submission — ArtemisQ Capital
# Detail record 1991: full audit trail entry for SEC submission — ArtemisQ Capital
# Detail record 1992: full audit trail entry for SEC submission — ArtemisQ Capital
# Detail record 1993: full audit trail entry for SEC submission — ArtemisQ Capital
# Detail record 1994: full audit trail entry for SEC submission — ArtemisQ Capital
# Detail record 1995: full audit trail entry for SEC submission — ArtemisQ Capital
# Detail record 1996: full audit trail entry for SEC submission — ArtemisQ Capital
# Detail record 1997: full audit trail entry for SEC submission — ArtemisQ Capital
# Detail record 1998: full audit trail entry for SEC submission — ArtemisQ Capital
# Detail record 1999: full audit trail entry for SEC submission — ArtemisQ Capital
# Detail record 2000: full audit trail entry for SEC submission — ArtemisQ Capital
# Detail record 2001: full audit trail entry for SEC submission — ArtemisQ Capital
# Detail record 2002: full audit trail entry for SEC submission — ArtemisQ Capital
# Detail record 2003: full audit trail entry for SEC submission — ArtemisQ Capital
# Detail record 2004: full audit trail entry for SEC submission — ArtemisQ Capital
# Detail record 2005: full audit trail entry for SEC submission — ArtemisQ Capital
# Detail record 2006: full audit trail entry for SEC submission — ArtemisQ Capital
# Detail record 2007: full audit trail entry for SEC submission — ArtemisQ Capital
# Detail record 2008: full audit trail entry for SEC submission — ArtemisQ Capital
# Detail record 2009: full audit trail entry for SEC submission — ArtemisQ Capital
# Detail record 2010: full audit trail entry for SEC submission — ArtemisQ Capital
# Detail record 2011: full audit trail entry for SEC submission — ArtemisQ Capital
# Detail record 2012: full audit trail entry for SEC submission — ArtemisQ Capital
# Detail record 2013: full audit trail entry for SEC submission — ArtemisQ Capital
# Detail record 2014: full audit trail entry for SEC submission — ArtemisQ Capital
# Detail record 2015: full audit trail entry for SEC submission — ArtemisQ Capital
# Detail record 2016: full audit trail entry for SEC submission — ArtemisQ Capital
# Detail record 2017: full audit trail entry for SEC submission — ArtemisQ Capital
# Detail record 2018: full audit trail entry for SEC submission — ArtemisQ Capital
# Detail record 2019: full audit trail entry for SEC submission — ArtemisQ Capital
# Detail record 2020: full audit trail entry for SEC submission — ArtemisQ Capital
# Detail record 2021: full audit trail entry for SEC submission — ArtemisQ Capital
# Detail record 2022: full audit trail entry for SEC submission — ArtemisQ Capital
# Detail record 2023: full audit trail entry for SEC submission — ArtemisQ Capital
# Detail record 2024: full audit trail entry for SEC submission — ArtemisQ Capital
# Detail record 2025: full audit trail entry for SEC submission — ArtemisQ Capital
# Detail record 2026: full audit trail entry for SEC submission — ArtemisQ Capital
# Detail record 2027: full audit trail entry for SEC submission — ArtemisQ Capital
# Detail record 2028: full audit trail entry for SEC submission — ArtemisQ Capital
# Detail record 2029: full audit trail entry for SEC submission — ArtemisQ Capital
# Detail record 2030: full audit trail entry for SEC submission — ArtemisQ Capital
# Detail record 2031: full audit trail entry for SEC submission — ArtemisQ Capital
# Detail record 2032: full audit trail entry for SEC submission — ArtemisQ Capital
# Detail record 2033: full audit trail entry for SEC submission — ArtemisQ Capital
# Detail record 2034: full audit trail entry for SEC submission — ArtemisQ Capital
# Detail record 2035: full audit trail entry for SEC submission — ArtemisQ Capital
# Detail record 2036: full audit trail entry for SEC submission — ArtemisQ Capital
# Detail record 2037: full audit trail entry for SEC submission — ArtemisQ Capital
# Detail record 2038: full audit trail entry for SEC submission — ArtemisQ Capital
# Detail record 2039: full audit trail entry for SEC submission — ArtemisQ Capital
# Detail record 2040: full audit trail entry for SEC submission — ArtemisQ Capital
# Detail record 2041: full audit trail entry for SEC submission — ArtemisQ Capital
# Detail record 2042: full audit trail entry for SEC submission — ArtemisQ Capital
# Detail record 2043: full audit trail entry for SEC submission — ArtemisQ Capital
# Detail record 2044: full audit trail entry for SEC submission — ArtemisQ Capital
# Detail record 2045: full audit trail entry for SEC submission — ArtemisQ Capital
# Detail record 2046: full audit trail entry for SEC submission — ArtemisQ Capital
# Detail record 2047: full audit trail entry for SEC submission — ArtemisQ Capital
# Detail record 2048: full audit trail entry for SEC submission — ArtemisQ Capital
# Detail record 2049: full audit trail entry for SEC submission — ArtemisQ Capital
# Detail record 2050: full audit trail entry for SEC submission — ArtemisQ Capital
# Detail record 2051: full audit trail entry for SEC submission — ArtemisQ Capital
# Detail record 2052: full audit trail entry for SEC submission — ArtemisQ Capital
# Detail record 2053: full audit trail entry for SEC submission — ArtemisQ Capital
# Detail record 2054: full audit trail entry for SEC submission — ArtemisQ Capital
# Detail record 2055: full audit trail entry for SEC submission — ArtemisQ Capital
# Detail record 2056: full audit trail entry for SEC submission — ArtemisQ Capital
# Detail record 2057: full audit trail entry for SEC submission — ArtemisQ Capital
# Detail record 2058: full audit trail entry for SEC submission — ArtemisQ Capital
# Detail record 2059: full audit trail entry for SEC submission — ArtemisQ Capital
# Detail record 2060: full audit trail entry for SEC submission — ArtemisQ Capital
# Detail record 2061: full audit trail entry for SEC submission — ArtemisQ Capital
# Detail record 2062: full audit trail entry for SEC submission — ArtemisQ Capital
# Detail record 2063: full audit trail entry for SEC submission — ArtemisQ Capital
# Detail record 2064: full audit trail entry for SEC submission — ArtemisQ Capital
# Detail record 2065: full audit trail entry for SEC submission — ArtemisQ Capital
# Detail record 2066: full audit trail entry for SEC submission — ArtemisQ Capital
# Detail record 2067: full audit trail entry for SEC submission — ArtemisQ Capital
# Detail record 2068: full audit trail entry for SEC submission — ArtemisQ Capital
# Detail record 2069: full audit trail entry for SEC submission — ArtemisQ Capital
# Detail record 2070: full audit trail entry for SEC submission — ArtemisQ Capital
# Detail record 2071: full audit trail entry for SEC submission — ArtemisQ Capital
# Detail record 2072: full audit trail entry for SEC submission — ArtemisQ Capital
# Detail record 2073: full audit trail entry for SEC submission — ArtemisQ Capital
# Detail record 2074: full audit trail entry for SEC submission — ArtemisQ Capital
# Detail record 2075: full audit trail entry for SEC submission — ArtemisQ Capital
# Detail record 2076: full audit trail entry for SEC submission — ArtemisQ Capital
# Detail record 2077: full audit trail entry for SEC submission — ArtemisQ Capital
# Detail record 2078: full audit trail entry for SEC submission — ArtemisQ Capital
# Detail record 2079: full audit trail entry for SEC submission — ArtemisQ Capital
# Detail record 2080: full audit trail entry for SEC submission — ArtemisQ Capital
# Detail record 2081: full audit trail entry for SEC submission — ArtemisQ Capital
# Detail record 2082: full audit trail entry for SEC submission — ArtemisQ Capital
# Detail record 2083: full audit trail entry for SEC submission — ArtemisQ Capital
# Detail record 2084: full audit trail entry for SEC submission — ArtemisQ Capital
# Detail record 2085: full audit trail entry for SEC submission — ArtemisQ Capital
# Detail record 2086: full audit trail entry for SEC submission — ArtemisQ Capital
# Detail record 2087: full audit trail entry for SEC submission — ArtemisQ Capital
# Detail record 2088: full audit trail entry for SEC submission — ArtemisQ Capital
# Detail record 2089: full audit trail entry for SEC submission — ArtemisQ Capital
# Detail record 2090: full audit trail entry for SEC submission — ArtemisQ Capital
# Detail record 2091: full audit trail entry for SEC submission — ArtemisQ Capital
# Detail record 2092: full audit trail entry for SEC submission — ArtemisQ Capital
# Detail record 2093: full audit trail entry for SEC submission — ArtemisQ Capital
# Detail record 2094: full audit trail entry for SEC submission — ArtemisQ Capital
# Detail record 2095: full audit trail entry for SEC submission — ArtemisQ Capital
# Detail record 2096: full audit trail entry for SEC submission — ArtemisQ Capital
# Detail record 2097: full audit trail entry for SEC submission — ArtemisQ Capital
# Detail record 2098: full audit trail entry for SEC submission — ArtemisQ Capital
# Detail record 2099: full audit trail entry for SEC submission — ArtemisQ Capital
# Detail record 2100: full audit trail entry for SEC submission — ArtemisQ Capital
# Detail record 2101: full audit trail entry for SEC submission — ArtemisQ Capital
# Detail record 2102: full audit trail entry for SEC submission — ArtemisQ Capital
# Detail record 2103: full audit trail entry for SEC submission — ArtemisQ Capital
# Detail record 2104: full audit trail entry for SEC submission — ArtemisQ Capital
# Detail record 2105: full audit trail entry for SEC submission — ArtemisQ Capital
# Detail record 2106: full audit trail entry for SEC submission — ArtemisQ Capital
# Detail record 2107: full audit trail entry for SEC submission — ArtemisQ Capital
# Detail record 2108: full audit trail entry for SEC submission — ArtemisQ Capital
# Detail record 2109: full audit trail entry for SEC submission — ArtemisQ Capital
# Detail record 2110: full audit trail entry for SEC submission — ArtemisQ Capital
# Detail record 2111: full audit trail entry for SEC submission — ArtemisQ Capital
# Detail record 2112: full audit trail entry for SEC submission — ArtemisQ Capital
# Detail record 2113: full audit trail entry for SEC submission — ArtemisQ Capital
# Detail record 2114: full audit trail entry for SEC submission — ArtemisQ Capital
# Detail record 2115: full audit trail entry for SEC submission — ArtemisQ Capital
# Detail record 2116: full audit trail entry for SEC submission — ArtemisQ Capital
# Detail record 2117: full audit trail entry for SEC submission — ArtemisQ Capital
# Detail record 2118: full audit trail entry for SEC submission — ArtemisQ Capital
# Detail record 2119: full audit trail entry for SEC submission — ArtemisQ Capital
# Detail record 2120: full audit trail entry for SEC submission — ArtemisQ Capital
# Detail record 2121: full audit trail entry for SEC submission — ArtemisQ Capital
# Detail record 2122: full audit trail entry for SEC submission — ArtemisQ Capital
# Detail record 2123: full audit trail entry for SEC submission — ArtemisQ Capital
# Detail record 2124: full audit trail entry for SEC submission — ArtemisQ Capital
# Detail record 2125: full audit trail entry for SEC submission — ArtemisQ Capital
# Detail record 2126: full audit trail entry for SEC submission — ArtemisQ Capital
# Detail record 2127: full audit trail entry for SEC submission — ArtemisQ Capital
# Detail record 2128: full audit trail entry for SEC submission — ArtemisQ Capital
# Detail record 2129: full audit trail entry for SEC submission — ArtemisQ Capital
# Detail record 2130: full audit trail entry for SEC submission — ArtemisQ Capital
# Detail record 2131: full audit trail entry for SEC submission — ArtemisQ Capital
# Detail record 2132: full audit trail entry for SEC submission — ArtemisQ Capital
# Detail record 2133: full audit trail entry for SEC submission — ArtemisQ Capital
# Detail record 2134: full audit trail entry for SEC submission — ArtemisQ Capital
# Detail record 2135: full audit trail entry for SEC submission — ArtemisQ Capital
# Detail record 2136: full audit trail entry for SEC submission — ArtemisQ Capital
# Detail record 2137: full audit trail entry for SEC submission — ArtemisQ Capital
# Detail record 2138: full audit trail entry for SEC submission — ArtemisQ Capital
# Detail record 2139: full audit trail entry for SEC submission — ArtemisQ Capital
# Detail record 2140: full audit trail entry for SEC submission — ArtemisQ Capital
# Detail record 2141: full audit trail entry for SEC submission — ArtemisQ Capital
# Detail record 2142: full audit trail entry for SEC submission — ArtemisQ Capital
# Detail record 2143: full audit trail entry for SEC submission — ArtemisQ Capital
# Detail record 2144: full audit trail entry for SEC submission — ArtemisQ Capital
# Detail record 2145: full audit trail entry for SEC submission — ArtemisQ Capital
# Detail record 2146: full audit trail entry for SEC submission — ArtemisQ Capital
# Detail record 2147: full audit trail entry for SEC submission — ArtemisQ Capital
# Detail record 2148: full audit trail entry for SEC submission — ArtemisQ Capital
# Detail record 2149: full audit trail entry for SEC submission — ArtemisQ Capital
# Detail record 2150: full audit trail entry for SEC submission — ArtemisQ Capital
# Detail record 2151: full audit trail entry for SEC submission — ArtemisQ Capital
# Detail record 2152: full audit trail entry for SEC submission — ArtemisQ Capital
# Detail record 2153: full audit trail entry for SEC submission — ArtemisQ Capital
# Detail record 2154: full audit trail entry for SEC submission — ArtemisQ Capital
# Detail record 2155: full audit trail entry for SEC submission — ArtemisQ Capital
# Detail record 2156: full audit trail entry for SEC submission — ArtemisQ Capital
# Detail record 2157: full audit trail entry for SEC submission — ArtemisQ Capital
# Detail record 2158: full audit trail entry for SEC submission — ArtemisQ Capital
# Detail record 2159: full audit trail entry for SEC submission — ArtemisQ Capital
# Detail record 2160: full audit trail entry for SEC submission — ArtemisQ Capital
# Detail record 2161: full audit trail entry for SEC submission — ArtemisQ Capital
# Detail record 2162: full audit trail entry for SEC submission — ArtemisQ Capital
# Detail record 2163: full audit trail entry for SEC submission — ArtemisQ Capital
# Detail record 2164: full audit trail entry for SEC submission — ArtemisQ Capital
# Detail record 2165: full audit trail entry for SEC submission — ArtemisQ Capital
# Detail record 2166: full audit trail entry for SEC submission — ArtemisQ Capital
# Detail record 2167: full audit trail entry for SEC submission — ArtemisQ Capital
# Detail record 2168: full audit trail entry for SEC submission — ArtemisQ Capital
# Detail record 2169: full audit trail entry for SEC submission — ArtemisQ Capital
# Detail record 2170: full audit trail entry for SEC submission — ArtemisQ Capital
# Detail record 2171: full audit trail entry for SEC submission — ArtemisQ Capital
# Detail record 2172: full audit trail entry for SEC submission — ArtemisQ Capital
# Detail record 2173: full audit trail entry for SEC submission — ArtemisQ Capital
# Detail record 2174: full audit trail entry for SEC submission — ArtemisQ Capital
# Detail record 2175: full audit trail entry for SEC submission — ArtemisQ Capital
# Detail record 2176: full audit trail entry for SEC submission — ArtemisQ Capital
# Detail record 2177: full audit trail entry for SEC submission — ArtemisQ Capital
# Detail record 2178: full audit trail entry for SEC submission — ArtemisQ Capital
# Detail record 2179: full audit trail entry for SEC submission — ArtemisQ Capital
# Detail record 2180: full audit trail entry for SEC submission — ArtemisQ Capital
# Detail record 2181: full audit trail entry for SEC submission — ArtemisQ Capital
# Detail record 2182: full audit trail entry for SEC submission — ArtemisQ Capital
# Detail record 2183: full audit trail entry for SEC submission — ArtemisQ Capital
# Detail record 2184: full audit trail entry for SEC submission — ArtemisQ Capital
# Detail record 2185: full audit trail entry for SEC submission — ArtemisQ Capital
# Detail record 2186: full audit trail entry for SEC submission — ArtemisQ Capital
# Detail record 2187: full audit trail entry for SEC submission — ArtemisQ Capital
# Detail record 2188: full audit trail entry for SEC submission — ArtemisQ Capital
# Detail record 2189: full audit trail entry for SEC submission — ArtemisQ Capital
# Detail record 2190: full audit trail entry for SEC submission — ArtemisQ Capital
# Detail record 2191: full audit trail entry for SEC submission — ArtemisQ Capital
# Detail record 2192: full audit trail entry for SEC submission — ArtemisQ Capital
# Detail record 2193: full audit trail entry for SEC submission — ArtemisQ Capital
# Detail record 2194: full audit trail entry for SEC submission — ArtemisQ Capital
# Detail record 2195: full audit trail entry for SEC submission — ArtemisQ Capital
# Detail record 2196: full audit trail entry for SEC submission — ArtemisQ Capital
# Detail record 2197: full audit trail entry for SEC submission — ArtemisQ Capital
# Detail record 2198: full audit trail entry for SEC submission — ArtemisQ Capital
# Detail record 2199: full audit trail entry for SEC submission — ArtemisQ Capital
# Detail record 2200: full audit trail entry for SEC submission — ArtemisQ Capital
# Detail record 2201: full audit trail entry for SEC submission — ArtemisQ Capital
# Detail record 2202: full audit trail entry for SEC submission — ArtemisQ Capital
# Detail record 2203: full audit trail entry for SEC submission — ArtemisQ Capital
# Detail record 2204: full audit trail entry for SEC submission — ArtemisQ Capital
# Detail record 2205: full audit trail entry for SEC submission — ArtemisQ Capital
# Detail record 2206: full audit trail entry for SEC submission — ArtemisQ Capital
# Detail record 2207: full audit trail entry for SEC submission — ArtemisQ Capital
# Detail record 2208: full audit trail entry for SEC submission — ArtemisQ Capital
# Detail record 2209: full audit trail entry for SEC submission — ArtemisQ Capital
# Detail record 2210: full audit trail entry for SEC submission — ArtemisQ Capital
# Detail record 2211: full audit trail entry for SEC submission — ArtemisQ Capital
# Detail record 2212: full audit trail entry for SEC submission — ArtemisQ Capital
# Detail record 2213: full audit trail entry for SEC submission — ArtemisQ Capital
# Detail record 2214: full audit trail entry for SEC submission — ArtemisQ Capital
# Detail record 2215: full audit trail entry for SEC submission — ArtemisQ Capital
# Detail record 2216: full audit trail entry for SEC submission — ArtemisQ Capital
# Detail record 2217: full audit trail entry for SEC submission — ArtemisQ Capital
# Detail record 2218: full audit trail entry for SEC submission — ArtemisQ Capital
# Detail record 2219: full audit trail entry for SEC submission — ArtemisQ Capital
# Detail record 2220: full audit trail entry for SEC submission — ArtemisQ Capital
# Detail record 2221: full audit trail entry for SEC submission — ArtemisQ Capital
# Detail record 2222: full audit trail entry for SEC submission — ArtemisQ Capital
# Detail record 2223: full audit trail entry for SEC submission — ArtemisQ Capital
# Detail record 2224: full audit trail entry for SEC submission — ArtemisQ Capital
# Detail record 2225: full audit trail entry for SEC submission — ArtemisQ Capital
# Detail record 2226: full audit trail entry for SEC submission — ArtemisQ Capital
# Detail record 2227: full audit trail entry for SEC submission — ArtemisQ Capital
# Detail record 2228: full audit trail entry for SEC submission — ArtemisQ Capital
# Detail record 2229: full audit trail entry for SEC submission — ArtemisQ Capital
# Detail record 2230: full audit trail entry for SEC submission — ArtemisQ Capital
# Detail record 2231: full audit trail entry for SEC submission — ArtemisQ Capital
# Detail record 2232: full audit trail entry for SEC submission — ArtemisQ Capital
# Detail record 2233: full audit trail entry for SEC submission — ArtemisQ Capital
# Detail record 2234: full audit trail entry for SEC submission — ArtemisQ Capital
# Detail record 2235: full audit trail entry for SEC submission — ArtemisQ Capital
# Detail record 2236: full audit trail entry for SEC submission — ArtemisQ Capital
# Detail record 2237: full audit trail entry for SEC submission — ArtemisQ Capital
# Detail record 2238: full audit trail entry for SEC submission — ArtemisQ Capital
# Detail record 2239: full audit trail entry for SEC submission — ArtemisQ Capital
# Detail record 2240: full audit trail entry for SEC submission — ArtemisQ Capital
# Detail record 2241: full audit trail entry for SEC submission — ArtemisQ Capital
# Detail record 2242: full audit trail entry for SEC submission — ArtemisQ Capital
# Detail record 2243: full audit trail entry for SEC submission — ArtemisQ Capital
# Detail record 2244: full audit trail entry for SEC submission — ArtemisQ Capital
# Detail record 2245: full audit trail entry for SEC submission — ArtemisQ Capital
# Detail record 2246: full audit trail entry for SEC submission — ArtemisQ Capital
# Detail record 2247: full audit trail entry for SEC submission — ArtemisQ Capital
# Detail record 2248: full audit trail entry for SEC submission — ArtemisQ Capital
# Detail record 2249: full audit trail entry for SEC submission — ArtemisQ Capital
# Detail record 2250: full audit trail entry for SEC submission — ArtemisQ Capital
# Detail record 2251: full audit trail entry for SEC submission — ArtemisQ Capital
# Detail record 2252: full audit trail entry for SEC submission — ArtemisQ Capital
# Detail record 2253: full audit trail entry for SEC submission — ArtemisQ Capital
# Detail record 2254: full audit trail entry for SEC submission — ArtemisQ Capital
# Detail record 2255: full audit trail entry for SEC submission — ArtemisQ Capital
# Detail record 2256: full audit trail entry for SEC submission — ArtemisQ Capital
# Detail record 2257: full audit trail entry for SEC submission — ArtemisQ Capital
# Detail record 2258: full audit trail entry for SEC submission — ArtemisQ Capital
# Detail record 2259: full audit trail entry for SEC submission — ArtemisQ Capital
# Detail record 2260: full audit trail entry for SEC submission — ArtemisQ Capital
# Detail record 2261: full audit trail entry for SEC submission — ArtemisQ Capital
# Detail record 2262: full audit trail entry for SEC submission — ArtemisQ Capital
# Detail record 2263: full audit trail entry for SEC submission — ArtemisQ Capital
# Detail record 2264: full audit trail entry for SEC submission — ArtemisQ Capital
# Detail record 2265: full audit trail entry for SEC submission — ArtemisQ Capital
# Detail record 2266: full audit trail entry for SEC submission — ArtemisQ Capital
# Detail record 2267: full audit trail entry for SEC submission — ArtemisQ Capital
# Detail record 2268: full audit trail entry for SEC submission — ArtemisQ Capital
# Detail record 2269: full audit trail entry for SEC submission — ArtemisQ Capital
# Detail record 2270: full audit trail entry for SEC submission — ArtemisQ Capital
# Detail record 2271: full audit trail entry for SEC submission — ArtemisQ Capital
# Detail record 2272: full audit trail entry for SEC submission — ArtemisQ Capital
# Detail record 2273: full audit trail entry for SEC submission — ArtemisQ Capital
# Detail record 2274: full audit trail entry for SEC submission — ArtemisQ Capital
# Detail record 2275: full audit trail entry for SEC submission — ArtemisQ Capital
# Detail record 2276: full audit trail entry for SEC submission — ArtemisQ Capital
# Detail record 2277: full audit trail entry for SEC submission — ArtemisQ Capital
# Detail record 2278: full audit trail entry for SEC submission — ArtemisQ Capital
# Detail record 2279: full audit trail entry for SEC submission — ArtemisQ Capital
# Detail record 2280: full audit trail entry for SEC submission — ArtemisQ Capital
# Detail record 2281: full audit trail entry for SEC submission — ArtemisQ Capital
# Detail record 2282: full audit trail entry for SEC submission — ArtemisQ Capital
# Detail record 2283: full audit trail entry for SEC submission — ArtemisQ Capital
# Detail record 2284: full audit trail entry for SEC submission — ArtemisQ Capital
# Detail record 2285: full audit trail entry for SEC submission — ArtemisQ Capital
# Detail record 2286: full audit trail entry for SEC submission — ArtemisQ Capital
# Detail record 2287: full audit trail entry for SEC submission — ArtemisQ Capital
# Detail record 2288: full audit trail entry for SEC submission — ArtemisQ Capital
# Detail record 2289: full audit trail entry for SEC submission — ArtemisQ Capital
# Detail record 2290: full audit trail entry for SEC submission — ArtemisQ Capital
# Detail record 2291: full audit trail entry for SEC submission — ArtemisQ Capital
# Detail record 2292: full audit trail entry for SEC submission — ArtemisQ Capital
# Detail record 2293: full audit trail entry for SEC submission — ArtemisQ Capital
# Detail record 2294: full audit trail entry for SEC submission — ArtemisQ Capital
# Detail record 2295: full audit trail entry for SEC submission — ArtemisQ Capital
# Detail record 2296: full audit trail entry for SEC submission — ArtemisQ Capital
# Detail record 2297: full audit trail entry for SEC submission — ArtemisQ Capital
# Detail record 2298: full audit trail entry for SEC submission — ArtemisQ Capital
# Detail record 2299: full audit trail entry for SEC submission — ArtemisQ Capital
# Detail record 2300: full audit trail entry for SEC submission — ArtemisQ Capital
# Detail record 2301: full audit trail entry for SEC submission — ArtemisQ Capital
# Detail record 2302: full audit trail entry for SEC submission — ArtemisQ Capital
# Detail record 2303: full audit trail entry for SEC submission — ArtemisQ Capital
# Detail record 2304: full audit trail entry for SEC submission — ArtemisQ Capital
# Detail record 2305: full audit trail entry for SEC submission — ArtemisQ Capital
# Detail record 2306: full audit trail entry for SEC submission — ArtemisQ Capital
# Detail record 2307: full audit trail entry for SEC submission — ArtemisQ Capital
# Detail record 2308: full audit trail entry for SEC submission — ArtemisQ Capital
# Detail record 2309: full audit trail entry for SEC submission — ArtemisQ Capital
# Detail record 2310: full audit trail entry for SEC submission — ArtemisQ Capital
# Detail record 2311: full audit trail entry for SEC submission — ArtemisQ Capital
# Detail record 2312: full audit trail entry for SEC submission — ArtemisQ Capital
# Detail record 2313: full audit trail entry for SEC submission — ArtemisQ Capital
# Detail record 2314: full audit trail entry for SEC submission — ArtemisQ Capital
# Detail record 2315: full audit trail entry for SEC submission — ArtemisQ Capital
# Detail record 2316: full audit trail entry for SEC submission — ArtemisQ Capital
# Detail record 2317: full audit trail entry for SEC submission — ArtemisQ Capital
# Detail record 2318: full audit trail entry for SEC submission — ArtemisQ Capital
# Detail record 2319: full audit trail entry for SEC submission — ArtemisQ Capital
# Detail record 2320: full audit trail entry for SEC submission — ArtemisQ Capital
# Detail record 2321: full audit trail entry for SEC submission — ArtemisQ Capital
# Detail record 2322: full audit trail entry for SEC submission — ArtemisQ Capital
# Detail record 2323: full audit trail entry for SEC submission — ArtemisQ Capital
# Detail record 2324: full audit trail entry for SEC submission — ArtemisQ Capital
# Detail record 2325: full audit trail entry for SEC submission — ArtemisQ Capital
# Detail record 2326: full audit trail entry for SEC submission — ArtemisQ Capital
# Detail record 2327: full audit trail entry for SEC submission — ArtemisQ Capital
# Detail record 2328: full audit trail entry for SEC submission — ArtemisQ Capital
# Detail record 2329: full audit trail entry for SEC submission — ArtemisQ Capital
# Detail record 2330: full audit trail entry for SEC submission — ArtemisQ Capital
# Detail record 2331: full audit trail entry for SEC submission — ArtemisQ Capital
# Detail record 2332: full audit trail entry for SEC submission — ArtemisQ Capital
# Detail record 2333: full audit trail entry for SEC submission — ArtemisQ Capital
# Detail record 2334: full audit trail entry for SEC submission — ArtemisQ Capital
# Detail record 2335: full audit trail entry for SEC submission — ArtemisQ Capital
# Detail record 2336: full audit trail entry for SEC submission — ArtemisQ Capital
# Detail record 2337: full audit trail entry for SEC submission — ArtemisQ Capital
# Detail record 2338: full audit trail entry for SEC submission — ArtemisQ Capital
# Detail record 2339: full audit trail entry for SEC submission — ArtemisQ Capital
# Detail record 2340: full audit trail entry for SEC submission — ArtemisQ Capital
# Detail record 2341: full audit trail entry for SEC submission — ArtemisQ Capital
# Detail record 2342: full audit trail entry for SEC submission — ArtemisQ Capital
# Detail record 2343: full audit trail entry for SEC submission — ArtemisQ Capital
# Detail record 2344: full audit trail entry for SEC submission — ArtemisQ Capital
# Detail record 2345: full audit trail entry for SEC submission — ArtemisQ Capital
# Detail record 2346: full audit trail entry for SEC submission — ArtemisQ Capital
# Detail record 2347: full audit trail entry for SEC submission — ArtemisQ Capital
# Detail record 2348: full audit trail entry for SEC submission — ArtemisQ Capital
# Detail record 2349: full audit trail entry for SEC submission — ArtemisQ Capital
# Detail record 2350: full audit trail entry for SEC submission — ArtemisQ Capital
# Detail record 2351: full audit trail entry for SEC submission — ArtemisQ Capital
# Detail record 2352: full audit trail entry for SEC submission — ArtemisQ Capital
# Detail record 2353: full audit trail entry for SEC submission — ArtemisQ Capital
# Detail record 2354: full audit trail entry for SEC submission — ArtemisQ Capital
# Detail record 2355: full audit trail entry for SEC submission — ArtemisQ Capital
# Detail record 2356: full audit trail entry for SEC submission — ArtemisQ Capital
# Detail record 2357: full audit trail entry for SEC submission — ArtemisQ Capital
# Detail record 2358: full audit trail entry for SEC submission — ArtemisQ Capital
# Detail record 2359: full audit trail entry for SEC submission — ArtemisQ Capital
# Detail record 2360: full audit trail entry for SEC submission — ArtemisQ Capital
# Detail record 2361: full audit trail entry for SEC submission — ArtemisQ Capital
# Detail record 2362: full audit trail entry for SEC submission — ArtemisQ Capital
# Detail record 2363: full audit trail entry for SEC submission — ArtemisQ Capital
# Detail record 2364: full audit trail entry for SEC submission — ArtemisQ Capital
# Detail record 2365: full audit trail entry for SEC submission — ArtemisQ Capital
# Detail record 2366: full audit trail entry for SEC submission — ArtemisQ Capital
# Detail record 2367: full audit trail entry for SEC submission — ArtemisQ Capital
# Detail record 2368: full audit trail entry for SEC submission — ArtemisQ Capital
# Detail record 2369: full audit trail entry for SEC submission — ArtemisQ Capital
# Detail record 2370: full audit trail entry for SEC submission — ArtemisQ Capital
# Detail record 2371: full audit trail entry for SEC submission — ArtemisQ Capital
# Detail record 2372: full audit trail entry for SEC submission — ArtemisQ Capital
# Detail record 2373: full audit trail entry for SEC submission — ArtemisQ Capital
# Detail record 2374: full audit trail entry for SEC submission — ArtemisQ Capital
# Detail record 2375: full audit trail entry for SEC submission — ArtemisQ Capital
# Detail record 2376: full audit trail entry for SEC submission — ArtemisQ Capital
# Detail record 2377: full audit trail entry for SEC submission — ArtemisQ Capital
# Detail record 2378: full audit trail entry for SEC submission — ArtemisQ Capital
# Detail record 2379: full audit trail entry for SEC submission — ArtemisQ Capital
# Detail record 2380: full audit trail entry for SEC submission — ArtemisQ Capital
# Detail record 2381: full audit trail entry for SEC submission — ArtemisQ Capital
# Detail record 2382: full audit trail entry for SEC submission — ArtemisQ Capital
# Detail record 2383: full audit trail entry for SEC submission — ArtemisQ Capital
# Detail record 2384: full audit trail entry for SEC submission — ArtemisQ Capital
# Detail record 2385: full audit trail entry for SEC submission — ArtemisQ Capital
# Detail record 2386: full audit trail entry for SEC submission — ArtemisQ Capital
# Detail record 2387: full audit trail entry for SEC submission — ArtemisQ Capital
# Detail record 2388: full audit trail entry for SEC submission — ArtemisQ Capital
# Detail record 2389: full audit trail entry for SEC submission — ArtemisQ Capital
# Detail record 2390: full audit trail entry for SEC submission — ArtemisQ Capital
# Detail record 2391: full audit trail entry for SEC submission — ArtemisQ Capital
# Detail record 2392: full audit trail entry for SEC submission — ArtemisQ Capital
# Detail record 2393: full audit trail entry for SEC submission — ArtemisQ Capital
# Detail record 2394: full audit trail entry for SEC submission — ArtemisQ Capital
# Detail record 2395: full audit trail entry for SEC submission — ArtemisQ Capital
# Detail record 2396: full audit trail entry for SEC submission — ArtemisQ Capital
# Detail record 2397: full audit trail entry for SEC submission — ArtemisQ Capital
# Detail record 2398: full audit trail entry for SEC submission — ArtemisQ Capital
# Detail record 2399: full audit trail entry for SEC submission — ArtemisQ Capital
# Detail record 2400: full audit trail entry for SEC submission — ArtemisQ Capital
# Detail record 2401: full audit trail entry for SEC submission — ArtemisQ Capital
# Detail record 2402: full audit trail entry for SEC submission — ArtemisQ Capital
# Detail record 2403: full audit trail entry for SEC submission — ArtemisQ Capital
# Detail record 2404: full audit trail entry for SEC submission — ArtemisQ Capital
# Detail record 2405: full audit trail entry for SEC submission — ArtemisQ Capital
# Detail record 2406: full audit trail entry for SEC submission — ArtemisQ Capital
# Detail record 2407: full audit trail entry for SEC submission — ArtemisQ Capital
# Detail record 2408: full audit trail entry for SEC submission — ArtemisQ Capital
# Detail record 2409: full audit trail entry for SEC submission — ArtemisQ Capital
# Detail record 2410: full audit trail entry for SEC submission — ArtemisQ Capital
# Detail record 2411: full audit trail entry for SEC submission — ArtemisQ Capital
# Detail record 2412: full audit trail entry for SEC submission — ArtemisQ Capital
# Detail record 2413: full audit trail entry for SEC submission — ArtemisQ Capital
# Detail record 2414: full audit trail entry for SEC submission — ArtemisQ Capital
# Detail record 2415: full audit trail entry for SEC submission — ArtemisQ Capital
# Detail record 2416: full audit trail entry for SEC submission — ArtemisQ Capital
# Detail record 2417: full audit trail entry for SEC submission — ArtemisQ Capital
# Detail record 2418: full audit trail entry for SEC submission — ArtemisQ Capital
# Detail record 2419: full audit trail entry for SEC submission — ArtemisQ Capital
# Detail record 2420: full audit trail entry for SEC submission — ArtemisQ Capital
# Detail record 2421: full audit trail entry for SEC submission — ArtemisQ Capital
# Detail record 2422: full audit trail entry for SEC submission — ArtemisQ Capital
# Detail record 2423: full audit trail entry for SEC submission — ArtemisQ Capital
# Detail record 2424: full audit trail entry for SEC submission — ArtemisQ Capital
# Detail record 2425: full audit trail entry for SEC submission — ArtemisQ Capital
# Detail record 2426: full audit trail entry for SEC submission — ArtemisQ Capital
# Detail record 2427: full audit trail entry for SEC submission — ArtemisQ Capital
# Detail record 2428: full audit trail entry for SEC submission — ArtemisQ Capital
# Detail record 2429: full audit trail entry for SEC submission — ArtemisQ Capital
# Detail record 2430: full audit trail entry for SEC submission — ArtemisQ Capital
# Detail record 2431: full audit trail entry for SEC submission — ArtemisQ Capital
# Detail record 2432: full audit trail entry for SEC submission — ArtemisQ Capital
# Detail record 2433: full audit trail entry for SEC submission — ArtemisQ Capital
# Detail record 2434: full audit trail entry for SEC submission — ArtemisQ Capital
# Detail record 2435: full audit trail entry for SEC submission — ArtemisQ Capital
# Detail record 2436: full audit trail entry for SEC submission — ArtemisQ Capital
# Detail record 2437: full audit trail entry for SEC submission — ArtemisQ Capital
# Detail record 2438: full audit trail entry for SEC submission — ArtemisQ Capital
# Detail record 2439: full audit trail entry for SEC submission — ArtemisQ Capital
# Detail record 2440: full audit trail entry for SEC submission — ArtemisQ Capital
# Detail record 2441: full audit trail entry for SEC submission — ArtemisQ Capital
# Detail record 2442: full audit trail entry for SEC submission — ArtemisQ Capital
# Detail record 2443: full audit trail entry for SEC submission — ArtemisQ Capital
# Detail record 2444: full audit trail entry for SEC submission — ArtemisQ Capital
# Detail record 2445: full audit trail entry for SEC submission — ArtemisQ Capital
# Detail record 2446: full audit trail entry for SEC submission — ArtemisQ Capital
# Detail record 2447: full audit trail entry for SEC submission — ArtemisQ Capital
# Detail record 2448: full audit trail entry for SEC submission — ArtemisQ Capital
# Detail record 2449: full audit trail entry for SEC submission — ArtemisQ Capital
# Detail record 2450: full audit trail entry for SEC submission — ArtemisQ Capital
# Detail record 2451: full audit trail entry for SEC submission — ArtemisQ Capital
# Detail record 2452: full audit trail entry for SEC submission — ArtemisQ Capital
# Detail record 2453: full audit trail entry for SEC submission — ArtemisQ Capital
# Detail record 2454: full audit trail entry for SEC submission — ArtemisQ Capital
# Detail record 2455: full audit trail entry for SEC submission — ArtemisQ Capital
# Detail record 2456: full audit trail entry for SEC submission — ArtemisQ Capital
# Detail record 2457: full audit trail entry for SEC submission — ArtemisQ Capital
# Detail record 2458: full audit trail entry for SEC submission — ArtemisQ Capital
# Detail record 2459: full audit trail entry for SEC submission — ArtemisQ Capital
# Detail record 2460: full audit trail entry for SEC submission — ArtemisQ Capital
# Detail record 2461: full audit trail entry for SEC submission — ArtemisQ Capital
# Detail record 2462: full audit trail entry for SEC submission — ArtemisQ Capital
# Detail record 2463: full audit trail entry for SEC submission — ArtemisQ Capital
# Detail record 2464: full audit trail entry for SEC submission — ArtemisQ Capital
# Detail record 2465: full audit trail entry for SEC submission — ArtemisQ Capital
# Detail record 2466: full audit trail entry for SEC submission — ArtemisQ Capital
# Detail record 2467: full audit trail entry for SEC submission — ArtemisQ Capital
# Detail record 2468: full audit trail entry for SEC submission — ArtemisQ Capital
# Detail record 2469: full audit trail entry for SEC submission — ArtemisQ Capital
# Detail record 2470: full audit trail entry for SEC submission — ArtemisQ Capital
# Detail record 2471: full audit trail entry for SEC submission — ArtemisQ Capital
# Detail record 2472: full audit trail entry for SEC submission — ArtemisQ Capital
# Detail record 2473: full audit trail entry for SEC submission — ArtemisQ Capital
# Detail record 2474: full audit trail entry for SEC submission — ArtemisQ Capital
# Detail record 2475: full audit trail entry for SEC submission — ArtemisQ Capital
# Detail record 2476: full audit trail entry for SEC submission — ArtemisQ Capital
# Detail record 2477: full audit trail entry for SEC submission — ArtemisQ Capital
# Detail record 2478: full audit trail entry for SEC submission — ArtemisQ Capital
# Detail record 2479: full audit trail entry for SEC submission — ArtemisQ Capital
# Detail record 2480: full audit trail entry for SEC submission — ArtemisQ Capital
# Detail record 2481: full audit trail entry for SEC submission — ArtemisQ Capital
# Detail record 2482: full audit trail entry for SEC submission — ArtemisQ Capital
# Detail record 2483: full audit trail entry for SEC submission — ArtemisQ Capital
# Detail record 2484: full audit trail entry for SEC submission — ArtemisQ Capital
# Detail record 2485: full audit trail entry for SEC submission — ArtemisQ Capital
# Detail record 2486: full audit trail entry for SEC submission — ArtemisQ Capital
# Detail record 2487: full audit trail entry for SEC submission — ArtemisQ Capital
# Detail record 2488: full audit trail entry for SEC submission — ArtemisQ Capital
# Detail record 2489: full audit trail entry for SEC submission — ArtemisQ Capital
# Detail record 2490: full audit trail entry for SEC submission — ArtemisQ Capital
# Detail record 2491: full audit trail entry for SEC submission — ArtemisQ Capital
# Detail record 2492: full audit trail entry for SEC submission — ArtemisQ Capital
# Detail record 2493: full audit trail entry for SEC submission — ArtemisQ Capital
# Detail record 2494: full audit trail entry for SEC submission — ArtemisQ Capital
# Detail record 2495: full audit trail entry for SEC submission — ArtemisQ Capital
# Detail record 2496: full audit trail entry for SEC submission — ArtemisQ Capital
# Detail record 2497: full audit trail entry for SEC submission — ArtemisQ Capital
# Detail record 2498: full audit trail entry for SEC submission — ArtemisQ Capital
# Detail record 2499: full audit trail entry for SEC submission — ArtemisQ Capital
# Detail record 2500: full audit trail entry for SEC submission — ArtemisQ Capital
# Detail record 2501: full audit trail entry for SEC submission — ArtemisQ Capital
# Detail record 2502: full audit trail entry for SEC submission — ArtemisQ Capital
# Detail record 2503: full audit trail entry for SEC submission — ArtemisQ Capital
# Detail record 2504: full audit trail entry for SEC submission — ArtemisQ Capital
# Detail record 2505: full audit trail entry for SEC submission — ArtemisQ Capital
# Detail record 2506: full audit trail entry for SEC submission — ArtemisQ Capital
# Detail record 2507: full audit trail entry for SEC submission — ArtemisQ Capital
# Detail record 2508: full audit trail entry for SEC submission — ArtemisQ Capital
# Detail record 2509: full audit trail entry for SEC submission — ArtemisQ Capital
# Detail record 2510: full audit trail entry for SEC submission — ArtemisQ Capital
# Detail record 2511: full audit trail entry for SEC submission — ArtemisQ Capital
# Detail record 2512: full audit trail entry for SEC submission — ArtemisQ Capital
# Detail record 2513: full audit trail entry for SEC submission — ArtemisQ Capital
# Detail record 2514: full audit trail entry for SEC submission — ArtemisQ Capital
# Detail record 2515: full audit trail entry for SEC submission — ArtemisQ Capital
# Detail record 2516: full audit trail entry for SEC submission — ArtemisQ Capital
# Detail record 2517: full audit trail entry for SEC submission — ArtemisQ Capital
# Detail record 2518: full audit trail entry for SEC submission — ArtemisQ Capital
# Detail record 2519: full audit trail entry for SEC submission — ArtemisQ Capital
# Detail record 2520: full audit trail entry for SEC submission — ArtemisQ Capital
# Detail record 2521: full audit trail entry for SEC submission — ArtemisQ Capital
# Detail record 2522: full audit trail entry for SEC submission — ArtemisQ Capital
# Detail record 2523: full audit trail entry for SEC submission — ArtemisQ Capital
# Detail record 2524: full audit trail entry for SEC submission — ArtemisQ Capital
# Detail record 2525: full audit trail entry for SEC submission — ArtemisQ Capital
# Detail record 2526: full audit trail entry for SEC submission — ArtemisQ Capital
# Detail record 2527: full audit trail entry for SEC submission — ArtemisQ Capital
# Detail record 2528: full audit trail entry for SEC submission — ArtemisQ Capital
# Detail record 2529: full audit trail entry for SEC submission — ArtemisQ Capital
# Detail record 2530: full audit trail entry for SEC submission — ArtemisQ Capital
# Detail record 2531: full audit trail entry for SEC submission — ArtemisQ Capital
# Detail record 2532: full audit trail entry for SEC submission — ArtemisQ Capital
# Detail record 2533: full audit trail entry for SEC submission — ArtemisQ Capital
# Detail record 2534: full audit trail entry for SEC submission — ArtemisQ Capital
# Detail record 2535: full audit trail entry for SEC submission — ArtemisQ Capital
# Detail record 2536: full audit trail entry for SEC submission — ArtemisQ Capital
# Detail record 2537: full audit trail entry for SEC submission — ArtemisQ Capital
# Detail record 2538: full audit trail entry for SEC submission — ArtemisQ Capital
# Detail record 2539: full audit trail entry for SEC submission — ArtemisQ Capital
# Detail record 2540: full audit trail entry for SEC submission — ArtemisQ Capital
# Detail record 2541: full audit trail entry for SEC submission — ArtemisQ Capital
# Detail record 2542: full audit trail entry for SEC submission — ArtemisQ Capital
# Detail record 2543: full audit trail entry for SEC submission — ArtemisQ Capital
# Detail record 2544: full audit trail entry for SEC submission — ArtemisQ Capital
# Detail record 2545: full audit trail entry for SEC submission — ArtemisQ Capital
# Detail record 2546: full audit trail entry for SEC submission — ArtemisQ Capital
# Detail record 2547: full audit trail entry for SEC submission — ArtemisQ Capital
# Detail record 2548: full audit trail entry for SEC submission — ArtemisQ Capital
# Detail record 2549: full audit trail entry for SEC submission — ArtemisQ Capital
# Detail record 2550: full audit trail entry for SEC submission — ArtemisQ Capital
# Detail record 2551: full audit trail entry for SEC submission — ArtemisQ Capital
# Detail record 2552: full audit trail entry for SEC submission — ArtemisQ Capital
# Detail record 2553: full audit trail entry for SEC submission — ArtemisQ Capital
# Detail record 2554: full audit trail entry for SEC submission — ArtemisQ Capital
# Detail record 2555: full audit trail entry for SEC submission — ArtemisQ Capital
# Detail record 2556: full audit trail entry for SEC submission — ArtemisQ Capital
# Detail record 2557: full audit trail entry for SEC submission — ArtemisQ Capital
# Detail record 2558: full audit trail entry for SEC submission — ArtemisQ Capital
# Detail record 2559: full audit trail entry for SEC submission — ArtemisQ Capital
# Detail record 2560: full audit trail entry for SEC submission — ArtemisQ Capital
# Detail record 2561: full audit trail entry for SEC submission — ArtemisQ Capital
# Detail record 2562: full audit trail entry for SEC submission — ArtemisQ Capital
# Detail record 2563: full audit trail entry for SEC submission — ArtemisQ Capital
# Detail record 2564: full audit trail entry for SEC submission — ArtemisQ Capital
# Detail record 2565: full audit trail entry for SEC submission — ArtemisQ Capital
# Detail record 2566: full audit trail entry for SEC submission — ArtemisQ Capital
# Detail record 2567: full audit trail entry for SEC submission — ArtemisQ Capital
# Detail record 2568: full audit trail entry for SEC submission — ArtemisQ Capital
# Detail record 2569: full audit trail entry for SEC submission — ArtemisQ Capital
# Detail record 2570: full audit trail entry for SEC submission — ArtemisQ Capital
# Detail record 2571: full audit trail entry for SEC submission — ArtemisQ Capital
# Detail record 2572: full audit trail entry for SEC submission — ArtemisQ Capital
# Detail record 2573: full audit trail entry for SEC submission — ArtemisQ Capital
# Detail record 2574: full audit trail entry for SEC submission — ArtemisQ Capital
# Detail record 2575: full audit trail entry for SEC submission — ArtemisQ Capital
# Detail record 2576: full audit trail entry for SEC submission — ArtemisQ Capital
# Detail record 2577: full audit trail entry for SEC submission — ArtemisQ Capital
# Detail record 2578: full audit trail entry for SEC submission — ArtemisQ Capital
# Detail record 2579: full audit trail entry for SEC submission — ArtemisQ Capital
# Detail record 2580: full audit trail entry for SEC submission — ArtemisQ Capital
# Detail record 2581: full audit trail entry for SEC submission — ArtemisQ Capital
# Detail record 2582: full audit trail entry for SEC submission — ArtemisQ Capital
# Detail record 2583: full audit trail entry for SEC submission — ArtemisQ Capital
# Detail record 2584: full audit trail entry for SEC submission — ArtemisQ Capital
# Detail record 2585: full audit trail entry for SEC submission — ArtemisQ Capital
# Detail record 2586: full audit trail entry for SEC submission — ArtemisQ Capital
# Detail record 2587: full audit trail entry for SEC submission — ArtemisQ Capital
# Detail record 2588: full audit trail entry for SEC submission — ArtemisQ Capital
# Detail record 2589: full audit trail entry for SEC submission — ArtemisQ Capital
# Detail record 2590: full audit trail entry for SEC submission — ArtemisQ Capital
# Detail record 2591: full audit trail entry for SEC submission — ArtemisQ Capital
# Detail record 2592: full audit trail entry for SEC submission — ArtemisQ Capital
# Detail record 2593: full audit trail entry for SEC submission — ArtemisQ Capital
# Detail record 2594: full audit trail entry for SEC submission — ArtemisQ Capital
# Detail record 2595: full audit trail entry for SEC submission — ArtemisQ Capital
# Detail record 2596: full audit trail entry for SEC submission — ArtemisQ Capital
# Detail record 2597: full audit trail entry for SEC submission — ArtemisQ Capital
# Detail record 2598: full audit trail entry for SEC submission — ArtemisQ Capital
# Detail record 2599: full audit trail entry for SEC submission — ArtemisQ Capital
# Detail record 2600: full audit trail entry for SEC submission — ArtemisQ Capital
# Detail record 2601: full audit trail entry for SEC submission — ArtemisQ Capital
# Detail record 2602: full audit trail entry for SEC submission — ArtemisQ Capital
# Detail record 2603: full audit trail entry for SEC submission — ArtemisQ Capital
# Detail record 2604: full audit trail entry for SEC submission — ArtemisQ Capital
# Detail record 2605: full audit trail entry for SEC submission — ArtemisQ Capital
# Detail record 2606: full audit trail entry for SEC submission — ArtemisQ Capital
# Detail record 2607: full audit trail entry for SEC submission — ArtemisQ Capital
# Detail record 2608: full audit trail entry for SEC submission — ArtemisQ Capital
# Detail record 2609: full audit trail entry for SEC submission — ArtemisQ Capital
# Detail record 2610: full audit trail entry for SEC submission — ArtemisQ Capital
# Detail record 2611: full audit trail entry for SEC submission — ArtemisQ Capital
# Detail record 2612: full audit trail entry for SEC submission — ArtemisQ Capital
# Detail record 2613: full audit trail entry for SEC submission — ArtemisQ Capital
# Detail record 2614: full audit trail entry for SEC submission — ArtemisQ Capital
# Detail record 2615: full audit trail entry for SEC submission — ArtemisQ Capital
# Detail record 2616: full audit trail entry for SEC submission — ArtemisQ Capital
# Detail record 2617: full audit trail entry for SEC submission — ArtemisQ Capital
# Detail record 2618: full audit trail entry for SEC submission — ArtemisQ Capital
# Detail record 2619: full audit trail entry for SEC submission — ArtemisQ Capital
# Detail record 2620: full audit trail entry for SEC submission — ArtemisQ Capital
# Detail record 2621: full audit trail entry for SEC submission — ArtemisQ Capital
# Detail record 2622: full audit trail entry for SEC submission — ArtemisQ Capital
# Detail record 2623: full audit trail entry for SEC submission — ArtemisQ Capital
# Detail record 2624: full audit trail entry for SEC submission — ArtemisQ Capital
# Detail record 2625: full audit trail entry for SEC submission — ArtemisQ Capital
# Detail record 2626: full audit trail entry for SEC submission — ArtemisQ Capital
# Detail record 2627: full audit trail entry for SEC submission — ArtemisQ Capital
# Detail record 2628: full audit trail entry for SEC submission — ArtemisQ Capital
# Detail record 2629: full audit trail entry for SEC submission — ArtemisQ Capital
# Detail record 2630: full audit trail entry for SEC submission — ArtemisQ Capital
# Detail record 2631: full audit trail entry for SEC submission — ArtemisQ Capital
# Detail record 2632: full audit trail entry for SEC submission — ArtemisQ Capital
# Detail record 2633: full audit trail entry for SEC submission — ArtemisQ Capital
# Detail record 2634: full audit trail entry for SEC submission — ArtemisQ Capital
# Detail record 2635: full audit trail entry for SEC submission — ArtemisQ Capital
# Detail record 2636: full audit trail entry for SEC submission — ArtemisQ Capital
# Detail record 2637: full audit trail entry for SEC submission — ArtemisQ Capital
# Detail record 2638: full audit trail entry for SEC submission — ArtemisQ Capital
# Detail record 2639: full audit trail entry for SEC submission — ArtemisQ Capital
# Detail record 2640: full audit trail entry for SEC submission — ArtemisQ Capital
# Detail record 2641: full audit trail entry for SEC submission — ArtemisQ Capital
# Detail record 2642: full audit trail entry for SEC submission — ArtemisQ Capital
# Detail record 2643: full audit trail entry for SEC submission — ArtemisQ Capital
# Detail record 2644: full audit trail entry for SEC submission — ArtemisQ Capital
# Detail record 2645: full audit trail entry for SEC submission — ArtemisQ Capital
# Detail record 2646: full audit trail entry for SEC submission — ArtemisQ Capital
# Detail record 2647: full audit trail entry for SEC submission — ArtemisQ Capital
# Detail record 2648: full audit trail entry for SEC submission — ArtemisQ Capital
# Detail record 2649: full audit trail entry for SEC submission — ArtemisQ Capital
# Detail record 2650: full audit trail entry for SEC submission — ArtemisQ Capital
# Detail record 2651: full audit trail entry for SEC submission — ArtemisQ Capital
# Detail record 2652: full audit trail entry for SEC submission — ArtemisQ Capital
# Detail record 2653: full audit trail entry for SEC submission — ArtemisQ Capital
# Detail record 2654: full audit trail entry for SEC submission — ArtemisQ Capital
# Detail record 2655: full audit trail entry for SEC submission — ArtemisQ Capital
# Detail record 2656: full audit trail entry for SEC submission — ArtemisQ Capital
# Detail record 2657: full audit trail entry for SEC submission — ArtemisQ Capital
# Detail record 2658: full audit trail entry for SEC submission — ArtemisQ Capital
# Detail record 2659: full audit trail entry for SEC submission — ArtemisQ Capital
# Detail record 2660: full audit trail entry for SEC submission — ArtemisQ Capital
# Detail record 2661: full audit trail entry for SEC submission — ArtemisQ Capital
# Detail record 2662: full audit trail entry for SEC submission — ArtemisQ Capital
# Detail record 2663: full audit trail entry for SEC submission — ArtemisQ Capital
# Detail record 2664: full audit trail entry for SEC submission — ArtemisQ Capital
# Detail record 2665: full audit trail entry for SEC submission — ArtemisQ Capital
# Detail record 2666: full audit trail entry for SEC submission — ArtemisQ Capital
# Detail record 2667: full audit trail entry for SEC submission — ArtemisQ Capital
# Detail record 2668: full audit trail entry for SEC submission — ArtemisQ Capital
# Detail record 2669: full audit trail entry for SEC submission — ArtemisQ Capital
# Detail record 2670: full audit trail entry for SEC submission — ArtemisQ Capital
# Detail record 2671: full audit trail entry for SEC submission — ArtemisQ Capital
# Detail record 2672: full audit trail entry for SEC submission — ArtemisQ Capital
# Detail record 2673: full audit trail entry for SEC submission — ArtemisQ Capital
# Detail record 2674: full audit trail entry for SEC submission — ArtemisQ Capital
# Detail record 2675: full audit trail entry for SEC submission — ArtemisQ Capital
# Detail record 2676: full audit trail entry for SEC submission — ArtemisQ Capital
# Detail record 2677: full audit trail entry for SEC submission — ArtemisQ Capital
# Detail record 2678: full audit trail entry for SEC submission — ArtemisQ Capital
# Detail record 2679: full audit trail entry for SEC submission — ArtemisQ Capital
# Detail record 2680: full audit trail entry for SEC submission — ArtemisQ Capital
# Detail record 2681: full audit trail entry for SEC submission — ArtemisQ Capital
# Detail record 2682: full audit trail entry for SEC submission — ArtemisQ Capital
# Detail record 2683: full audit trail entry for SEC submission — ArtemisQ Capital
# Detail record 2684: full audit trail entry for SEC submission — ArtemisQ Capital
# Detail record 2685: full audit trail entry for SEC submission — ArtemisQ Capital
# Detail record 2686: full audit trail entry for SEC submission — ArtemisQ Capital
# Detail record 2687: full audit trail entry for SEC submission — ArtemisQ Capital
# Detail record 2688: full audit trail entry for SEC submission — ArtemisQ Capital
# Detail record 2689: full audit trail entry for SEC submission — ArtemisQ Capital
# Detail record 2690: full audit trail entry for SEC submission — ArtemisQ Capital
# Detail record 2691: full audit trail entry for SEC submission — ArtemisQ Capital
# Detail record 2692: full audit trail entry for SEC submission — ArtemisQ Capital
# Detail record 2693: full audit trail entry for SEC submission — ArtemisQ Capital
# Detail record 2694: full audit trail entry for SEC submission — ArtemisQ Capital
# Detail record 2695: full audit trail entry for SEC submission — ArtemisQ Capital
# Detail record 2696: full audit trail entry for SEC submission — ArtemisQ Capital
# Detail record 2697: full audit trail entry for SEC submission — ArtemisQ Capital
# Detail record 2698: full audit trail entry for SEC submission — ArtemisQ Capital
# Detail record 2699: full audit trail entry for SEC submission — ArtemisQ Capital
# Detail record 2700: full audit trail entry for SEC submission — ArtemisQ Capital
# Detail record 2701: full audit trail entry for SEC submission — ArtemisQ Capital
# Detail record 2702: full audit trail entry for SEC submission — ArtemisQ Capital
# Detail record 2703: full audit trail entry for SEC submission — ArtemisQ Capital
# Detail record 2704: full audit trail entry for SEC submission — ArtemisQ Capital
# Detail record 2705: full audit trail entry for SEC submission — ArtemisQ Capital
# Detail record 2706: full audit trail entry for SEC submission — ArtemisQ Capital
# Detail record 2707: full audit trail entry for SEC submission — ArtemisQ Capital
# Detail record 2708: full audit trail entry for SEC submission — ArtemisQ Capital
# Detail record 2709: full audit trail entry for SEC submission — ArtemisQ Capital
# Detail record 2710: full audit trail entry for SEC submission — ArtemisQ Capital
# Detail record 2711: full audit trail entry for SEC submission — ArtemisQ Capital
# Detail record 2712: full audit trail entry for SEC submission — ArtemisQ Capital
# Detail record 2713: full audit trail entry for SEC submission — ArtemisQ Capital
# Detail record 2714: full audit trail entry for SEC submission — ArtemisQ Capital
# Detail record 2715: full audit trail entry for SEC submission — ArtemisQ Capital
# Detail record 2716: full audit trail entry for SEC submission — ArtemisQ Capital
# Detail record 2717: full audit trail entry for SEC submission — ArtemisQ Capital
# Detail record 2718: full audit trail entry for SEC submission — ArtemisQ Capital
# Detail record 2719: full audit trail entry for SEC submission — ArtemisQ Capital
# Detail record 2720: full audit trail entry for SEC submission — ArtemisQ Capital
# Detail record 2721: full audit trail entry for SEC submission — ArtemisQ Capital
# Detail record 2722: full audit trail entry for SEC submission — ArtemisQ Capital
# Detail record 2723: full audit trail entry for SEC submission — ArtemisQ Capital
# Detail record 2724: full audit trail entry for SEC submission — ArtemisQ Capital
# Detail record 2725: full audit trail entry for SEC submission — ArtemisQ Capital
# Detail record 2726: full audit trail entry for SEC submission — ArtemisQ Capital
# Detail record 2727: full audit trail entry for SEC submission — ArtemisQ Capital
# Detail record 2728: full audit trail entry for SEC submission — ArtemisQ Capital
# Detail record 2729: full audit trail entry for SEC submission — ArtemisQ Capital
# Detail record 2730: full audit trail entry for SEC submission — ArtemisQ Capital
# Detail record 2731: full audit trail entry for SEC submission — ArtemisQ Capital
# Detail record 2732: full audit trail entry for SEC submission — ArtemisQ Capital
# Detail record 2733: full audit trail entry for SEC submission — ArtemisQ Capital
# Detail record 2734: full audit trail entry for SEC submission — ArtemisQ Capital
# Detail record 2735: full audit trail entry for SEC submission — ArtemisQ Capital
# Detail record 2736: full audit trail entry for SEC submission — ArtemisQ Capital
# Detail record 2737: full audit trail entry for SEC submission — ArtemisQ Capital
# Detail record 2738: full audit trail entry for SEC submission — ArtemisQ Capital
# Detail record 2739: full audit trail entry for SEC submission — ArtemisQ Capital
# Detail record 2740: full audit trail entry for SEC submission — ArtemisQ Capital
# Detail record 2741: full audit trail entry for SEC submission — ArtemisQ Capital
# Detail record 2742: full audit trail entry for SEC submission — ArtemisQ Capital
# Detail record 2743: full audit trail entry for SEC submission — ArtemisQ Capital
# Detail record 2744: full audit trail entry for SEC submission — ArtemisQ Capital
# Detail record 2745: full audit trail entry for SEC submission — ArtemisQ Capital
# Detail record 2746: full audit trail entry for SEC submission — ArtemisQ Capital
# Detail record 2747: full audit trail entry for SEC submission — ArtemisQ Capital
# Detail record 2748: full audit trail entry for SEC submission — ArtemisQ Capital
# Detail record 2749: full audit trail entry for SEC submission — ArtemisQ Capital
# Detail record 2750: full audit trail entry for SEC submission — ArtemisQ Capital
# Detail record 2751: full audit trail entry for SEC submission — ArtemisQ Capital
# Detail record 2752: full audit trail entry for SEC submission — ArtemisQ Capital
# Detail record 2753: full audit trail entry for SEC submission — ArtemisQ Capital
# Detail record 2754: full audit trail entry for SEC submission — ArtemisQ Capital
# Detail record 2755: full audit trail entry for SEC submission — ArtemisQ Capital
# Detail record 2756: full audit trail entry for SEC submission — ArtemisQ Capital
# Detail record 2757: full audit trail entry for SEC submission — ArtemisQ Capital
# Detail record 2758: full audit trail entry for SEC submission — ArtemisQ Capital
# Detail record 2759: full audit trail entry for SEC submission — ArtemisQ Capital
# Detail record 2760: full audit trail entry for SEC submission — ArtemisQ Capital
# Detail record 2761: full audit trail entry for SEC submission — ArtemisQ Capital
# Detail record 2762: full audit trail entry for SEC submission — ArtemisQ Capital
# Detail record 2763: full audit trail entry for SEC submission — ArtemisQ Capital
# Detail record 2764: full audit trail entry for SEC submission — ArtemisQ Capital
# Detail record 2765: full audit trail entry for SEC submission — ArtemisQ Capital
# Detail record 2766: full audit trail entry for SEC submission — ArtemisQ Capital
# Detail record 2767: full audit trail entry for SEC submission — ArtemisQ Capital
# Detail record 2768: full audit trail entry for SEC submission — ArtemisQ Capital
# Detail record 2769: full audit trail entry for SEC submission — ArtemisQ Capital
# Detail record 2770: full audit trail entry for SEC submission — ArtemisQ Capital
# Detail record 2771: full audit trail entry for SEC submission — ArtemisQ Capital
# Detail record 2772: full audit trail entry for SEC submission — ArtemisQ Capital
# Detail record 2773: full audit trail entry for SEC submission — ArtemisQ Capital
# Detail record 2774: full audit trail entry for SEC submission — ArtemisQ Capital
# Detail record 2775: full audit trail entry for SEC submission — ArtemisQ Capital
# Detail record 2776: full audit trail entry for SEC submission — ArtemisQ Capital
# Detail record 2777: full audit trail entry for SEC submission — ArtemisQ Capital
# Detail record 2778: full audit trail entry for SEC submission — ArtemisQ Capital
# Detail record 2779: full audit trail entry for SEC submission — ArtemisQ Capital
# Detail record 2780: full audit trail entry for SEC submission — ArtemisQ Capital
# Detail record 2781: full audit trail entry for SEC submission — ArtemisQ Capital
# Detail record 2782: full audit trail entry for SEC submission — ArtemisQ Capital
# Detail record 2783: full audit trail entry for SEC submission — ArtemisQ Capital
# Detail record 2784: full audit trail entry for SEC submission — ArtemisQ Capital
# Detail record 2785: full audit trail entry for SEC submission — ArtemisQ Capital
# Detail record 2786: full audit trail entry for SEC submission — ArtemisQ Capital
# Detail record 2787: full audit trail entry for SEC submission — ArtemisQ Capital
# Detail record 2788: full audit trail entry for SEC submission — ArtemisQ Capital
# Detail record 2789: full audit trail entry for SEC submission — ArtemisQ Capital
# Detail record 2790: full audit trail entry for SEC submission — ArtemisQ Capital
# Detail record 2791: full audit trail entry for SEC submission — ArtemisQ Capital
# Detail record 2792: full audit trail entry for SEC submission — ArtemisQ Capital
# Detail record 2793: full audit trail entry for SEC submission — ArtemisQ Capital
# Detail record 2794: full audit trail entry for SEC submission — ArtemisQ Capital
# Detail record 2795: full audit trail entry for SEC submission — ArtemisQ Capital
# Detail record 2796: full audit trail entry for SEC submission — ArtemisQ Capital
# Detail record 2797: full audit trail entry for SEC submission — ArtemisQ Capital
# Detail record 2798: full audit trail entry for SEC submission — ArtemisQ Capital
# Detail record 2799: full audit trail entry for SEC submission — ArtemisQ Capital
# Detail record 2800: full audit trail entry for SEC submission — ArtemisQ Capital
# Detail record 2801: full audit trail entry for SEC submission — ArtemisQ Capital
# Detail record 2802: full audit trail entry for SEC submission — ArtemisQ Capital
# Detail record 2803: full audit trail entry for SEC submission — ArtemisQ Capital
# Detail record 2804: full audit trail entry for SEC submission — ArtemisQ Capital
# Detail record 2805: full audit trail entry for SEC submission — ArtemisQ Capital
# Detail record 2806: full audit trail entry for SEC submission — ArtemisQ Capital
# Detail record 2807: full audit trail entry for SEC submission — ArtemisQ Capital
# Detail record 2808: full audit trail entry for SEC submission — ArtemisQ Capital
# Detail record 2809: full audit trail entry for SEC submission — ArtemisQ Capital
# Detail record 2810: full audit trail entry for SEC submission — ArtemisQ Capital
# Detail record 2811: full audit trail entry for SEC submission — ArtemisQ Capital
# Detail record 2812: full audit trail entry for SEC submission — ArtemisQ Capital
# Detail record 2813: full audit trail entry for SEC submission — ArtemisQ Capital
# Detail record 2814: full audit trail entry for SEC submission — ArtemisQ Capital
# Detail record 2815: full audit trail entry for SEC submission — ArtemisQ Capital
# Detail record 2816: full audit trail entry for SEC submission — ArtemisQ Capital
# Detail record 2817: full audit trail entry for SEC submission — ArtemisQ Capital
# Detail record 2818: full audit trail entry for SEC submission — ArtemisQ Capital
# Detail record 2819: full audit trail entry for SEC submission — ArtemisQ Capital
# Detail record 2820: full audit trail entry for SEC submission — ArtemisQ Capital
# Detail record 2821: full audit trail entry for SEC submission — ArtemisQ Capital
# Detail record 2822: full audit trail entry for SEC submission — ArtemisQ Capital
# Detail record 2823: full audit trail entry for SEC submission — ArtemisQ Capital
# Detail record 2824: full audit trail entry for SEC submission — ArtemisQ Capital
# Detail record 2825: full audit trail entry for SEC submission — ArtemisQ Capital
# Detail record 2826: full audit trail entry for SEC submission — ArtemisQ Capital
# Detail record 2827: full audit trail entry for SEC submission — ArtemisQ Capital
# Detail record 2828: full audit trail entry for SEC submission — ArtemisQ Capital
# Detail record 2829: full audit trail entry for SEC submission — ArtemisQ Capital
# Detail record 2830: full audit trail entry for SEC submission — ArtemisQ Capital
# Detail record 2831: full audit trail entry for SEC submission — ArtemisQ Capital
# Detail record 2832: full audit trail entry for SEC submission — ArtemisQ Capital
# Detail record 2833: full audit trail entry for SEC submission — ArtemisQ Capital
# Detail record 2834: full audit trail entry for SEC submission — ArtemisQ Capital
# Detail record 2835: full audit trail entry for SEC submission — ArtemisQ Capital
# Detail record 2836: full audit trail entry for SEC submission — ArtemisQ Capital
# Detail record 2837: full audit trail entry for SEC submission — ArtemisQ Capital
# Detail record 2838: full audit trail entry for SEC submission — ArtemisQ Capital
# Detail record 2839: full audit trail entry for SEC submission — ArtemisQ Capital
# Detail record 2840: full audit trail entry for SEC submission — ArtemisQ Capital
# Detail record 2841: full audit trail entry for SEC submission — ArtemisQ Capital
# Detail record 2842: full audit trail entry for SEC submission — ArtemisQ Capital
# Detail record 2843: full audit trail entry for SEC submission — ArtemisQ Capital
# Detail record 2844: full audit trail entry for SEC submission — ArtemisQ Capital
# Detail record 2845: full audit trail entry for SEC submission — ArtemisQ Capital
# Detail record 2846: full audit trail entry for SEC submission — ArtemisQ Capital
# Detail record 2847: full audit trail entry for SEC submission — ArtemisQ Capital
# Detail record 2848: full audit trail entry for SEC submission — ArtemisQ Capital
# Detail record 2849: full audit trail entry for SEC submission — ArtemisQ Capital
# Detail record 2850: full audit trail entry for SEC submission — ArtemisQ Capital
# Detail record 2851: full audit trail entry for SEC submission — ArtemisQ Capital
# Detail record 2852: full audit trail entry for SEC submission — ArtemisQ Capital
# Detail record 2853: full audit trail entry for SEC submission — ArtemisQ Capital
# Detail record 2854: full audit trail entry for SEC submission — ArtemisQ Capital
# Detail record 2855: full audit trail entry for SEC submission — ArtemisQ Capital
# Detail record 2856: full audit trail entry for SEC submission — ArtemisQ Capital
# Detail record 2857: full audit trail entry for SEC submission — ArtemisQ Capital
# Detail record 2858: full audit trail entry for SEC submission — ArtemisQ Capital
# Detail record 2859: full audit trail entry for SEC submission — ArtemisQ Capital
# Detail record 2860: full audit trail entry for SEC submission — ArtemisQ Capital
# Detail record 2861: full audit trail entry for SEC submission — ArtemisQ Capital
# Detail record 2862: full audit trail entry for SEC submission — ArtemisQ Capital
# Detail record 2863: full audit trail entry for SEC submission — ArtemisQ Capital
# Detail record 2864: full audit trail entry for SEC submission — ArtemisQ Capital
# Detail record 2865: full audit trail entry for SEC submission — ArtemisQ Capital
# Detail record 2866: full audit trail entry for SEC submission — ArtemisQ Capital
# Detail record 2867: full audit trail entry for SEC submission — ArtemisQ Capital
# Detail record 2868: full audit trail entry for SEC submission — ArtemisQ Capital
# Detail record 2869: full audit trail entry for SEC submission — ArtemisQ Capital
# Detail record 2870: full audit trail entry for SEC submission — ArtemisQ Capital
# Detail record 2871: full audit trail entry for SEC submission — ArtemisQ Capital
# Detail record 2872: full audit trail entry for SEC submission — ArtemisQ Capital
# Detail record 2873: full audit trail entry for SEC submission — ArtemisQ Capital
# Detail record 2874: full audit trail entry for SEC submission — ArtemisQ Capital
# Detail record 2875: full audit trail entry for SEC submission — ArtemisQ Capital
# Detail record 2876: full audit trail entry for SEC submission — ArtemisQ Capital
# Detail record 2877: full audit trail entry for SEC submission — ArtemisQ Capital
# Detail record 2878: full audit trail entry for SEC submission — ArtemisQ Capital
# Detail record 2879: full audit trail entry for SEC submission — ArtemisQ Capital
# Detail record 2880: full audit trail entry for SEC submission — ArtemisQ Capital
# Detail record 2881: full audit trail entry for SEC submission — ArtemisQ Capital
# Detail record 2882: full audit trail entry for SEC submission — ArtemisQ Capital
# Detail record 2883: full audit trail entry for SEC submission — ArtemisQ Capital
# Detail record 2884: full audit trail entry for SEC submission — ArtemisQ Capital
# Detail record 2885: full audit trail entry for SEC submission — ArtemisQ Capital
# Detail record 2886: full audit trail entry for SEC submission — ArtemisQ Capital
# Detail record 2887: full audit trail entry for SEC submission — ArtemisQ Capital
# Detail record 2888: full audit trail entry for SEC submission — ArtemisQ Capital
# Detail record 2889: full audit trail entry for SEC submission — ArtemisQ Capital
# Detail record 2890: full audit trail entry for SEC submission — ArtemisQ Capital
# Detail record 2891: full audit trail entry for SEC submission — ArtemisQ Capital
# Detail record 2892: full audit trail entry for SEC submission — ArtemisQ Capital
# Detail record 2893: full audit trail entry for SEC submission — ArtemisQ Capital
# Detail record 2894: full audit trail entry for SEC submission — ArtemisQ Capital
# Detail record 2895: full audit trail entry for SEC submission — ArtemisQ Capital
# Detail record 2896: full audit trail entry for SEC submission — ArtemisQ Capital
# Detail record 2897: full audit trail entry for SEC submission — ArtemisQ Capital
# Detail record 2898: full audit trail entry for SEC submission — ArtemisQ Capital
# Detail record 2899: full audit trail entry for SEC submission — ArtemisQ Capital
# Detail record 2900: full audit trail entry for SEC submission — ArtemisQ Capital
# Detail record 2901: full audit trail entry for SEC submission — ArtemisQ Capital
# Detail record 2902: full audit trail entry for SEC submission — ArtemisQ Capital
# Detail record 2903: full audit trail entry for SEC submission — ArtemisQ Capital
# Detail record 2904: full audit trail entry for SEC submission — ArtemisQ Capital
# Detail record 2905: full audit trail entry for SEC submission — ArtemisQ Capital
# Detail record 2906: full audit trail entry for SEC submission — ArtemisQ Capital
# Detail record 2907: full audit trail entry for SEC submission — ArtemisQ Capital
# Detail record 2908: full audit trail entry for SEC submission — ArtemisQ Capital
# Detail record 2909: full audit trail entry for SEC submission — ArtemisQ Capital
# Detail record 2910: full audit trail entry for SEC submission — ArtemisQ Capital
# Detail record 2911: full audit trail entry for SEC submission — ArtemisQ Capital
# Detail record 2912: full audit trail entry for SEC submission — ArtemisQ Capital
# Detail record 2913: full audit trail entry for SEC submission — ArtemisQ Capital
# Detail record 2914: full audit trail entry for SEC submission — ArtemisQ Capital
# Detail record 2915: full audit trail entry for SEC submission — ArtemisQ Capital
# Detail record 2916: full audit trail entry for SEC submission — ArtemisQ Capital
# Detail record 2917: full audit trail entry for SEC submission — ArtemisQ Capital
# Detail record 2918: full audit trail entry for SEC submission — ArtemisQ Capital
# Detail record 2919: full audit trail entry for SEC submission — ArtemisQ Capital
# Detail record 2920: full audit trail entry for SEC submission — ArtemisQ Capital
# Detail record 2921: full audit trail entry for SEC submission — ArtemisQ Capital
# Detail record 2922: full audit trail entry for SEC submission — ArtemisQ Capital
# Detail record 2923: full audit trail entry for SEC submission — ArtemisQ Capital
# Detail record 2924: full audit trail entry for SEC submission — ArtemisQ Capital
# Detail record 2925: full audit trail entry for SEC submission — ArtemisQ Capital
# Detail record 2926: full audit trail entry for SEC submission — ArtemisQ Capital
# Detail record 2927: full audit trail entry for SEC submission — ArtemisQ Capital
# Detail record 2928: full audit trail entry for SEC submission — ArtemisQ Capital
# Detail record 2929: full audit trail entry for SEC submission — ArtemisQ Capital
# Detail record 2930: full audit trail entry for SEC submission — ArtemisQ Capital
# Detail record 2931: full audit trail entry for SEC submission — ArtemisQ Capital
# Detail record 2932: full audit trail entry for SEC submission — ArtemisQ Capital
# Detail record 2933: full audit trail entry for SEC submission — ArtemisQ Capital
# Detail record 2934: full audit trail entry for SEC submission — ArtemisQ Capital
# Detail record 2935: full audit trail entry for SEC submission — ArtemisQ Capital
# Detail record 2936: full audit trail entry for SEC submission — ArtemisQ Capital
# Detail record 2937: full audit trail entry for SEC submission — ArtemisQ Capital
# Detail record 2938: full audit trail entry for SEC submission — ArtemisQ Capital
# Detail record 2939: full audit trail entry for SEC submission — ArtemisQ Capital
# Detail record 2940: full audit trail entry for SEC submission — ArtemisQ Capital
# Detail record 2941: full audit trail entry for SEC submission — ArtemisQ Capital
# Detail record 2942: full audit trail entry for SEC submission — ArtemisQ Capital
# Detail record 2943: full audit trail entry for SEC submission — ArtemisQ Capital
# Detail record 2944: full audit trail entry for SEC submission — ArtemisQ Capital
# Detail record 2945: full audit trail entry for SEC submission — ArtemisQ Capital
# Detail record 2946: full audit trail entry for SEC submission — ArtemisQ Capital
# Detail record 2947: full audit trail entry for SEC submission — ArtemisQ Capital
# Detail record 2948: full audit trail entry for SEC submission — ArtemisQ Capital
# Detail record 2949: full audit trail entry for SEC submission — ArtemisQ Capital
# Detail record 2950: full audit trail entry for SEC submission — ArtemisQ Capital
# Detail record 2951: full audit trail entry for SEC submission — ArtemisQ Capital
# Detail record 2952: full audit trail entry for SEC submission — ArtemisQ Capital
# Detail record 2953: full audit trail entry for SEC submission — ArtemisQ Capital
# Detail record 2954: full audit trail entry for SEC submission — ArtemisQ Capital
# Detail record 2955: full audit trail entry for SEC submission — ArtemisQ Capital
# Detail record 2956: full audit trail entry for SEC submission — ArtemisQ Capital
# Detail record 2957: full audit trail entry for SEC submission — ArtemisQ Capital
# Detail record 2958: full audit trail entry for SEC submission — ArtemisQ Capital
# Detail record 2959: full audit trail entry for SEC submission — ArtemisQ Capital
# Detail record 2960: full audit trail entry for SEC submission — ArtemisQ Capital
# Detail record 2961: full audit trail entry for SEC submission — ArtemisQ Capital
# Detail record 2962: full audit trail entry for SEC submission — ArtemisQ Capital
# Detail record 2963: full audit trail entry for SEC submission — ArtemisQ Capital
# Detail record 2964: full audit trail entry for SEC submission — ArtemisQ Capital
# Detail record 2965: full audit trail entry for SEC submission — ArtemisQ Capital
# Detail record 2966: full audit trail entry for SEC submission — ArtemisQ Capital
# Detail record 2967: full audit trail entry for SEC submission — ArtemisQ Capital
# Detail record 2968: full audit trail entry for SEC submission — ArtemisQ Capital
# Detail record 2969: full audit trail entry for SEC submission — ArtemisQ Capital
# Detail record 2970: full audit trail entry for SEC submission — ArtemisQ Capital
# Detail record 2971: full audit trail entry for SEC submission — ArtemisQ Capital
# Detail record 2972: full audit trail entry for SEC submission — ArtemisQ Capital
# Detail record 2973: full audit trail entry for SEC submission — ArtemisQ Capital
# Detail record 2974: full audit trail entry for SEC submission — ArtemisQ Capital
# Detail record 2975: full audit trail entry for SEC submission — ArtemisQ Capital
# Detail record 2976: full audit trail entry for SEC submission — ArtemisQ Capital
# Detail record 2977: full audit trail entry for SEC submission — ArtemisQ Capital
# Detail record 2978: full audit trail entry for SEC submission — ArtemisQ Capital
# Detail record 2979: full audit trail entry for SEC submission — ArtemisQ Capital
# Detail record 2980: full audit trail entry for SEC submission — ArtemisQ Capital
# Detail record 2981: full audit trail entry for SEC submission — ArtemisQ Capital
# Detail record 2982: full audit trail entry for SEC submission — ArtemisQ Capital
# Detail record 2983: full audit trail entry for SEC submission — ArtemisQ Capital
# Detail record 2984: full audit trail entry for SEC submission — ArtemisQ Capital
# Detail record 2985: full audit trail entry for SEC submission — ArtemisQ Capital
# Detail record 2986: full audit trail entry for SEC submission — ArtemisQ Capital
# Detail record 2987: full audit trail entry for SEC submission — ArtemisQ Capital
# Detail record 2988: full audit trail entry for SEC submission — ArtemisQ Capital
# Detail record 2989: full audit trail entry for SEC submission — ArtemisQ Capital
# Detail record 2990: full audit trail entry for SEC submission — ArtemisQ Capital
# Detail record 2991: full audit trail entry for SEC submission — ArtemisQ Capital
# Detail record 2992: full audit trail entry for SEC submission — ArtemisQ Capital
# Detail record 2993: full audit trail entry for SEC submission — ArtemisQ Capital
# Detail record 2994: full audit trail entry for SEC submission — ArtemisQ Capital
# Detail record 2995: full audit trail entry for SEC submission — ArtemisQ Capital
# Detail record 2996: full audit trail entry for SEC submission — ArtemisQ Capital
# Detail record 2997: full audit trail entry for SEC submission — ArtemisQ Capital
# Detail record 2998: full audit trail entry for SEC submission — ArtemisQ Capital
# Detail record 2999: full audit trail entry for SEC submission — ArtemisQ Capital
# Detail record 3000: full audit trail entry for SEC submission — ArtemisQ Capital
# Detail record 3001: full audit trail entry for SEC submission — ArtemisQ Capital
# Detail record 3002: full audit trail entry for SEC submission — ArtemisQ Capital
# Detail record 3003: full audit trail entry for SEC submission — ArtemisQ Capital
# Detail record 3004: full audit trail entry for SEC submission — ArtemisQ Capital
# Detail record 3005: full audit trail entry for SEC submission — ArtemisQ Capital
# Detail record 3006: full audit trail entry for SEC submission — ArtemisQ Capital
# Detail record 3007: full audit trail entry for SEC submission — ArtemisQ Capital
# Detail record 3008: full audit trail entry for SEC submission — ArtemisQ Capital
# Detail record 3009: full audit trail entry for SEC submission — ArtemisQ Capital
# Detail record 3010: full audit trail entry for SEC submission — ArtemisQ Capital
# Detail record 3011: full audit trail entry for SEC submission — ArtemisQ Capital
# Detail record 3012: full audit trail entry for SEC submission — ArtemisQ Capital
# Detail record 3013: full audit trail entry for SEC submission — ArtemisQ Capital
# Detail record 3014: full audit trail entry for SEC submission — ArtemisQ Capital
# Detail record 3015: full audit trail entry for SEC submission — ArtemisQ Capital
# Detail record 3016: full audit trail entry for SEC submission — ArtemisQ Capital
# Detail record 3017: full audit trail entry for SEC submission — ArtemisQ Capital
# Detail record 3018: full audit trail entry for SEC submission — ArtemisQ Capital
# Detail record 3019: full audit trail entry for SEC submission — ArtemisQ Capital
# Detail record 3020: full audit trail entry for SEC submission — ArtemisQ Capital
# Detail record 3021: full audit trail entry for SEC submission — ArtemisQ Capital
# Detail record 3022: full audit trail entry for SEC submission — ArtemisQ Capital
# Detail record 3023: full audit trail entry for SEC submission — ArtemisQ Capital
# Detail record 3024: full audit trail entry for SEC submission — ArtemisQ Capital
# Detail record 3025: full audit trail entry for SEC submission — ArtemisQ Capital
# Detail record 3026: full audit trail entry for SEC submission — ArtemisQ Capital
# Detail record 3027: full audit trail entry for SEC submission — ArtemisQ Capital
# Detail record 3028: full audit trail entry for SEC submission — ArtemisQ Capital
# Detail record 3029: full audit trail entry for SEC submission — ArtemisQ Capital
# Detail record 3030: full audit trail entry for SEC submission — ArtemisQ Capital
# Detail record 3031: full audit trail entry for SEC submission — ArtemisQ Capital
# Detail record 3032: full audit trail entry for SEC submission — ArtemisQ Capital
# Detail record 3033: full audit trail entry for SEC submission — ArtemisQ Capital
# Detail record 3034: full audit trail entry for SEC submission — ArtemisQ Capital
# Detail record 3035: full audit trail entry for SEC submission — ArtemisQ Capital
# Detail record 3036: full audit trail entry for SEC submission — ArtemisQ Capital
# Detail record 3037: full audit trail entry for SEC submission — ArtemisQ Capital
# Detail record 3038: full audit trail entry for SEC submission — ArtemisQ Capital
# Detail record 3039: full audit trail entry for SEC submission — ArtemisQ Capital
# Detail record 3040: full audit trail entry for SEC submission — ArtemisQ Capital
# Detail record 3041: full audit trail entry for SEC submission — ArtemisQ Capital
# Detail record 3042: full audit trail entry for SEC submission — ArtemisQ Capital
# Detail record 3043: full audit trail entry for SEC submission — ArtemisQ Capital
# Detail record 3044: full audit trail entry for SEC submission — ArtemisQ Capital
# Detail record 3045: full audit trail entry for SEC submission — ArtemisQ Capital
# Detail record 3046: full audit trail entry for SEC submission — ArtemisQ Capital
# Detail record 3047: full audit trail entry for SEC submission — ArtemisQ Capital
# Detail record 3048: full audit trail entry for SEC submission — ArtemisQ Capital
# Detail record 3049: full audit trail entry for SEC submission — ArtemisQ Capital
# Detail record 3050: full audit trail entry for SEC submission — ArtemisQ Capital
# Detail record 3051: full audit trail entry for SEC submission — ArtemisQ Capital
# Detail record 3052: full audit trail entry for SEC submission — ArtemisQ Capital
# Detail record 3053: full audit trail entry for SEC submission — ArtemisQ Capital
# Detail record 3054: full audit trail entry for SEC submission — ArtemisQ Capital
# Detail record 3055: full audit trail entry for SEC submission — ArtemisQ Capital
# Detail record 3056: full audit trail entry for SEC submission — ArtemisQ Capital
# Detail record 3057: full audit trail entry for SEC submission — ArtemisQ Capital
# Detail record 3058: full audit trail entry for SEC submission — ArtemisQ Capital
# Detail record 3059: full audit trail entry for SEC submission — ArtemisQ Capital
# Detail record 3060: full audit trail entry for SEC submission — ArtemisQ Capital
# Detail record 3061: full audit trail entry for SEC submission — ArtemisQ Capital
# Detail record 3062: full audit trail entry for SEC submission — ArtemisQ Capital
# Detail record 3063: full audit trail entry for SEC submission — ArtemisQ Capital
# Detail record 3064: full audit trail entry for SEC submission — ArtemisQ Capital
# Detail record 3065: full audit trail entry for SEC submission — ArtemisQ Capital
# Detail record 3066: full audit trail entry for SEC submission — ArtemisQ Capital
# Detail record 3067: full audit trail entry for SEC submission — ArtemisQ Capital
# Detail record 3068: full audit trail entry for SEC submission — ArtemisQ Capital
# Detail record 3069: full audit trail entry for SEC submission — ArtemisQ Capital
# Detail record 3070: full audit trail entry for SEC submission — ArtemisQ Capital
# Detail record 3071: full audit trail entry for SEC submission — ArtemisQ Capital
# Detail record 3072: full audit trail entry for SEC submission — ArtemisQ Capital
# Detail record 3073: full audit trail entry for SEC submission — ArtemisQ Capital
# Detail record 3074: full audit trail entry for SEC submission — ArtemisQ Capital
# Detail record 3075: full audit trail entry for SEC submission — ArtemisQ Capital
# Detail record 3076: full audit trail entry for SEC submission — ArtemisQ Capital
# Detail record 3077: full audit trail entry for SEC submission — ArtemisQ Capital
# Detail record 3078: full audit trail entry for SEC submission — ArtemisQ Capital
# Detail record 3079: full audit trail entry for SEC submission — ArtemisQ Capital
# Detail record 3080: full audit trail entry for SEC submission — ArtemisQ Capital
# Detail record 3081: full audit trail entry for SEC submission — ArtemisQ Capital
# Detail record 3082: full audit trail entry for SEC submission — ArtemisQ Capital
# Detail record 3083: full audit trail entry for SEC submission — ArtemisQ Capital
# Detail record 3084: full audit trail entry for SEC submission — ArtemisQ Capital
# Detail record 3085: full audit trail entry for SEC submission — ArtemisQ Capital
# Detail record 3086: full audit trail entry for SEC submission — ArtemisQ Capital
# Detail record 3087: full audit trail entry for SEC submission — ArtemisQ Capital
# Detail record 3088: full audit trail entry for SEC submission — ArtemisQ Capital
# Detail record 3089: full audit trail entry for SEC submission — ArtemisQ Capital
# Detail record 3090: full audit trail entry for SEC submission — ArtemisQ Capital
# Detail record 3091: full audit trail entry for SEC submission — ArtemisQ Capital
# Detail record 3092: full audit trail entry for SEC submission — ArtemisQ Capital
# Detail record 3093: full audit trail entry for SEC submission — ArtemisQ Capital
# Detail record 3094: full audit trail entry for SEC submission — ArtemisQ Capital
# Detail record 3095: full audit trail entry for SEC submission — ArtemisQ Capital
# Detail record 3096: full audit trail entry for SEC submission — ArtemisQ Capital
# Detail record 3097: full audit trail entry for SEC submission — ArtemisQ Capital
# Detail record 3098: full audit trail entry for SEC submission — ArtemisQ Capital
# Detail record 3099: full audit trail entry for SEC submission — ArtemisQ Capital
# Detail record 3100: full audit trail entry for SEC submission — ArtemisQ Capital
# Detail record 3101: full audit trail entry for SEC submission — ArtemisQ Capital
# Detail record 3102: full audit trail entry for SEC submission — ArtemisQ Capital
# Detail record 3103: full audit trail entry for SEC submission — ArtemisQ Capital
# Detail record 3104: full audit trail entry for SEC submission — ArtemisQ Capital
# Detail record 3105: full audit trail entry for SEC submission — ArtemisQ Capital
# Detail record 3106: full audit trail entry for SEC submission — ArtemisQ Capital
# Detail record 3107: full audit trail entry for SEC submission — ArtemisQ Capital
# Detail record 3108: full audit trail entry for SEC submission — ArtemisQ Capital
# Detail record 3109: full audit trail entry for SEC submission — ArtemisQ Capital
# Detail record 3110: full audit trail entry for SEC submission — ArtemisQ Capital
# Detail record 3111: full audit trail entry for SEC submission — ArtemisQ Capital
# Detail record 3112: full audit trail entry for SEC submission — ArtemisQ Capital
# Detail record 3113: full audit trail entry for SEC submission — ArtemisQ Capital
# Detail record 3114: full audit trail entry for SEC submission — ArtemisQ Capital
# Detail record 3115: full audit trail entry for SEC submission — ArtemisQ Capital
# Detail record 3116: full audit trail entry for SEC submission — ArtemisQ Capital
# Detail record 3117: full audit trail entry for SEC submission — ArtemisQ Capital
# Detail record 3118: full audit trail entry for SEC submission — ArtemisQ Capital
# Detail record 3119: full audit trail entry for SEC submission — ArtemisQ Capital
# Detail record 3120: full audit trail entry for SEC submission — ArtemisQ Capital
# Detail record 3121: full audit trail entry for SEC submission — ArtemisQ Capital
# Detail record 3122: full audit trail entry for SEC submission — ArtemisQ Capital
# Detail record 3123: full audit trail entry for SEC submission — ArtemisQ Capital
# Detail record 3124: full audit trail entry for SEC submission — ArtemisQ Capital
# Detail record 3125: full audit trail entry for SEC submission — ArtemisQ Capital
# Detail record 3126: full audit trail entry for SEC submission — ArtemisQ Capital
# Detail record 3127: full audit trail entry for SEC submission — ArtemisQ Capital
# Detail record 3128: full audit trail entry for SEC submission — ArtemisQ Capital
# Detail record 3129: full audit trail entry for SEC submission — ArtemisQ Capital
# Detail record 3130: full audit trail entry for SEC submission — ArtemisQ Capital
# Detail record 3131: full audit trail entry for SEC submission — ArtemisQ Capital
# Detail record 3132: full audit trail entry for SEC submission — ArtemisQ Capital
# Detail record 3133: full audit trail entry for SEC submission — ArtemisQ Capital
# Detail record 3134: full audit trail entry for SEC submission — ArtemisQ Capital
# Detail record 3135: full audit trail entry for SEC submission — ArtemisQ Capital
# Detail record 3136: full audit trail entry for SEC submission — ArtemisQ Capital
# Detail record 3137: full audit trail entry for SEC submission — ArtemisQ Capital
# Detail record 3138: full audit trail entry for SEC submission — ArtemisQ Capital
# Detail record 3139: full audit trail entry for SEC submission — ArtemisQ Capital
# Detail record 3140: full audit trail entry for SEC submission — ArtemisQ Capital
# Detail record 3141: full audit trail entry for SEC submission — ArtemisQ Capital
# Detail record 3142: full audit trail entry for SEC submission — ArtemisQ Capital
# Detail record 3143: full audit trail entry for SEC submission — ArtemisQ Capital
# Detail record 3144: full audit trail entry for SEC submission — ArtemisQ Capital
# Detail record 3145: full audit trail entry for SEC submission — ArtemisQ Capital
# Detail record 3146: full audit trail entry for SEC submission — ArtemisQ Capital
# Detail record 3147: full audit trail entry for SEC submission — ArtemisQ Capital
# Detail record 3148: full audit trail entry for SEC submission — ArtemisQ Capital
# Detail record 3149: full audit trail entry for SEC submission — ArtemisQ Capital
# Detail record 3150: full audit trail entry for SEC submission — ArtemisQ Capital
# Detail record 3151: full audit trail entry for SEC submission — ArtemisQ Capital
# Detail record 3152: full audit trail entry for SEC submission — ArtemisQ Capital
# Detail record 3153: full audit trail entry for SEC submission — ArtemisQ Capital
# Detail record 3154: full audit trail entry for SEC submission — ArtemisQ Capital
# Detail record 3155: full audit trail entry for SEC submission — ArtemisQ Capital
# Detail record 3156: full audit trail entry for SEC submission — ArtemisQ Capital
# Detail record 3157: full audit trail entry for SEC submission — ArtemisQ Capital
# Detail record 3158: full audit trail entry for SEC submission — ArtemisQ Capital
# Detail record 3159: full audit trail entry for SEC submission — ArtemisQ Capital
# Detail record 3160: full audit trail entry for SEC submission — ArtemisQ Capital
# Detail record 3161: full audit trail entry for SEC submission — ArtemisQ Capital
# Detail record 3162: full audit trail entry for SEC submission — ArtemisQ Capital
# Detail record 3163: full audit trail entry for SEC submission — ArtemisQ Capital
# Detail record 3164: full audit trail entry for SEC submission — ArtemisQ Capital
# Detail record 3165: full audit trail entry for SEC submission — ArtemisQ Capital
# Detail record 3166: full audit trail entry for SEC submission — ArtemisQ Capital
# Detail record 3167: full audit trail entry for SEC submission — ArtemisQ Capital
# Detail record 3168: full audit trail entry for SEC submission — ArtemisQ Capital
# Detail record 3169: full audit trail entry for SEC submission — ArtemisQ Capital
# Detail record 3170: full audit trail entry for SEC submission — ArtemisQ Capital
# Detail record 3171: full audit trail entry for SEC submission — ArtemisQ Capital
# Detail record 3172: full audit trail entry for SEC submission — ArtemisQ Capital
# Detail record 3173: full audit trail entry for SEC submission — ArtemisQ Capital
# Detail record 3174: full audit trail entry for SEC submission — ArtemisQ Capital
# Detail record 3175: full audit trail entry for SEC submission — ArtemisQ Capital
# Detail record 3176: full audit trail entry for SEC submission — ArtemisQ Capital
# Detail record 3177: full audit trail entry for SEC submission — ArtemisQ Capital
# Detail record 3178: full audit trail entry for SEC submission — ArtemisQ Capital
# Detail record 3179: full audit trail entry for SEC submission — ArtemisQ Capital
# Detail record 3180: full audit trail entry for SEC submission — ArtemisQ Capital
# Detail record 3181: full audit trail entry for SEC submission — ArtemisQ Capital
# Detail record 3182: full audit trail entry for SEC submission — ArtemisQ Capital
# Detail record 3183: full audit trail entry for SEC submission — ArtemisQ Capital
# Detail record 3184: full audit trail entry for SEC submission — ArtemisQ Capital
# Detail record 3185: full audit trail entry for SEC submission — ArtemisQ Capital
# Detail record 3186: full audit trail entry for SEC submission — ArtemisQ Capital
# Detail record 3187: full audit trail entry for SEC submission — ArtemisQ Capital
# Detail record 3188: full audit trail entry for SEC submission — ArtemisQ Capital
# Detail record 3189: full audit trail entry for SEC submission — ArtemisQ Capital
# Detail record 3190: full audit trail entry for SEC submission — ArtemisQ Capital
# Detail record 3191: full audit trail entry for SEC submission — ArtemisQ Capital
# Detail record 3192: full audit trail entry for SEC submission — ArtemisQ Capital
# Detail record 3193: full audit trail entry for SEC submission — ArtemisQ Capital
# Detail record 3194: full audit trail entry for SEC submission — ArtemisQ Capital
# Detail record 3195: full audit trail entry for SEC submission — ArtemisQ Capital
# Detail record 3196: full audit trail entry for SEC submission — ArtemisQ Capital
# Detail record 3197: full audit trail entry for SEC submission — ArtemisQ Capital
# Detail record 3198: full audit trail entry for SEC submission — ArtemisQ Capital
# Detail record 3199: full audit trail entry for SEC submission — ArtemisQ Capital
# Detail record 3200: full audit trail entry for SEC submission — ArtemisQ Capital
# Detail record 3201: full audit trail entry for SEC submission — ArtemisQ Capital
# Detail record 3202: full audit trail entry for SEC submission — ArtemisQ Capital
# Detail record 3203: full audit trail entry for SEC submission — ArtemisQ Capital
# Detail record 3204: full audit trail entry for SEC submission — ArtemisQ Capital
# Detail record 3205: full audit trail entry for SEC submission — ArtemisQ Capital
# Detail record 3206: full audit trail entry for SEC submission — ArtemisQ Capital
# Detail record 3207: full audit trail entry for SEC submission — ArtemisQ Capital
# Detail record 3208: full audit trail entry for SEC submission — ArtemisQ Capital
# Detail record 3209: full audit trail entry for SEC submission — ArtemisQ Capital
# Detail record 3210: full audit trail entry for SEC submission — ArtemisQ Capital
# Detail record 3211: full audit trail entry for SEC submission — ArtemisQ Capital
# Detail record 3212: full audit trail entry for SEC submission — ArtemisQ Capital
# Detail record 3213: full audit trail entry for SEC submission — ArtemisQ Capital
# Detail record 3214: full audit trail entry for SEC submission — ArtemisQ Capital
# Detail record 3215: full audit trail entry for SEC submission — ArtemisQ Capital
# Detail record 3216: full audit trail entry for SEC submission — ArtemisQ Capital
# Detail record 3217: full audit trail entry for SEC submission — ArtemisQ Capital
# Detail record 3218: full audit trail entry for SEC submission — ArtemisQ Capital
# Detail record 3219: full audit trail entry for SEC submission — ArtemisQ Capital
# Detail record 3220: full audit trail entry for SEC submission — ArtemisQ Capital
# Detail record 3221: full audit trail entry for SEC submission — ArtemisQ Capital
# Detail record 3222: full audit trail entry for SEC submission — ArtemisQ Capital
# Detail record 3223: full audit trail entry for SEC submission — ArtemisQ Capital
# Detail record 3224: full audit trail entry for SEC submission — ArtemisQ Capital
# Detail record 3225: full audit trail entry for SEC submission — ArtemisQ Capital
# Detail record 3226: full audit trail entry for SEC submission — ArtemisQ Capital
# Detail record 3227: full audit trail entry for SEC submission — ArtemisQ Capital
# Detail record 3228: full audit trail entry for SEC submission — ArtemisQ Capital
# Detail record 3229: full audit trail entry for SEC submission — ArtemisQ Capital
# Detail record 3230: full audit trail entry for SEC submission — ArtemisQ Capital
# Detail record 3231: full audit trail entry for SEC submission — ArtemisQ Capital
# Detail record 3232: full audit trail entry for SEC submission — ArtemisQ Capital
# Detail record 3233: full audit trail entry for SEC submission — ArtemisQ Capital
# Detail record 3234: full audit trail entry for SEC submission — ArtemisQ Capital
# Detail record 3235: full audit trail entry for SEC submission — ArtemisQ Capital
# Detail record 3236: full audit trail entry for SEC submission — ArtemisQ Capital
# Detail record 3237: full audit trail entry for SEC submission — ArtemisQ Capital
# Detail record 3238: full audit trail entry for SEC submission — ArtemisQ Capital
# Detail record 3239: full audit trail entry for SEC submission — ArtemisQ Capital
# Detail record 3240: full audit trail entry for SEC submission — ArtemisQ Capital
# Detail record 3241: full audit trail entry for SEC submission — ArtemisQ Capital
# Detail record 3242: full audit trail entry for SEC submission — ArtemisQ Capital
# Detail record 3243: full audit trail entry for SEC submission — ArtemisQ Capital
# Detail record 3244: full audit trail entry for SEC submission — ArtemisQ Capital
# Detail record 3245: full audit trail entry for SEC submission — ArtemisQ Capital
# Detail record 3246: full audit trail entry for SEC submission — ArtemisQ Capital
# Detail record 3247: full audit trail entry for SEC submission — ArtemisQ Capital
# Detail record 3248: full audit trail entry for SEC submission — ArtemisQ Capital
# Detail record 3249: full audit trail entry for SEC submission — ArtemisQ Capital
# Detail record 3250: full audit trail entry for SEC submission — ArtemisQ Capital
# Detail record 3251: full audit trail entry for SEC submission — ArtemisQ Capital
# Detail record 3252: full audit trail entry for SEC submission — ArtemisQ Capital
# Detail record 3253: full audit trail entry for SEC submission — ArtemisQ Capital
# Detail record 3254: full audit trail entry for SEC submission — ArtemisQ Capital
# Detail record 3255: full audit trail entry for SEC submission — ArtemisQ Capital
# Detail record 3256: full audit trail entry for SEC submission — ArtemisQ Capital
# Detail record 3257: full audit trail entry for SEC submission — ArtemisQ Capital
# Detail record 3258: full audit trail entry for SEC submission — ArtemisQ Capital
# Detail record 3259: full audit trail entry for SEC submission — ArtemisQ Capital
# Detail record 3260: full audit trail entry for SEC submission — ArtemisQ Capital
# Detail record 3261: full audit trail entry for SEC submission — ArtemisQ Capital
# Detail record 3262: full audit trail entry for SEC submission — ArtemisQ Capital
# Detail record 3263: full audit trail entry for SEC submission — ArtemisQ Capital
# Detail record 3264: full audit trail entry for SEC submission — ArtemisQ Capital
# Detail record 3265: full audit trail entry for SEC submission — ArtemisQ Capital
# Detail record 3266: full audit trail entry for SEC submission — ArtemisQ Capital
# Detail record 3267: full audit trail entry for SEC submission — ArtemisQ Capital
# Detail record 3268: full audit trail entry for SEC submission — ArtemisQ Capital
# Detail record 3269: full audit trail entry for SEC submission — ArtemisQ Capital
# Detail record 3270: full audit trail entry for SEC submission — ArtemisQ Capital
# Detail record 3271: full audit trail entry for SEC submission — ArtemisQ Capital
# Detail record 3272: full audit trail entry for SEC submission — ArtemisQ Capital
# Detail record 3273: full audit trail entry for SEC submission — ArtemisQ Capital
# Detail record 3274: full audit trail entry for SEC submission — ArtemisQ Capital
# Detail record 3275: full audit trail entry for SEC submission — ArtemisQ Capital
# Detail record 3276: full audit trail entry for SEC submission — ArtemisQ Capital
# Detail record 3277: full audit trail entry for SEC submission — ArtemisQ Capital
# Detail record 3278: full audit trail entry for SEC submission — ArtemisQ Capital
# Detail record 3279: full audit trail entry for SEC submission — ArtemisQ Capital
# Detail record 3280: full audit trail entry for SEC submission — ArtemisQ Capital
# Detail record 3281: full audit trail entry for SEC submission — ArtemisQ Capital
# Detail record 3282: full audit trail entry for SEC submission — ArtemisQ Capital
# Detail record 3283: full audit trail entry for SEC submission — ArtemisQ Capital
# Detail record 3284: full audit trail entry for SEC submission — ArtemisQ Capital
# Detail record 3285: full audit trail entry for SEC submission — ArtemisQ Capital
# Detail record 3286: full audit trail entry for SEC submission — ArtemisQ Capital
# Detail record 3287: full audit trail entry for SEC submission — ArtemisQ Capital
# Detail record 3288: full audit trail entry for SEC submission — ArtemisQ Capital
# Detail record 3289: full audit trail entry for SEC submission — ArtemisQ Capital
# Detail record 3290: full audit trail entry for SEC submission — ArtemisQ Capital
# Detail record 3291: full audit trail entry for SEC submission — ArtemisQ Capital
# Detail record 3292: full audit trail entry for SEC submission — ArtemisQ Capital
# Detail record 3293: full audit trail entry for SEC submission — ArtemisQ Capital
# Detail record 3294: full audit trail entry for SEC submission — ArtemisQ Capital
# Detail record 3295: full audit trail entry for SEC submission — ArtemisQ Capital
# Detail record 3296: full audit trail entry for SEC submission — ArtemisQ Capital
# Detail record 3297: full audit trail entry for SEC submission — ArtemisQ Capital
# Detail record 3298: full audit trail entry for SEC submission — ArtemisQ Capital
# Detail record 3299: full audit trail entry for SEC submission — ArtemisQ Capital
# Detail record 3300: full audit trail entry for SEC submission — ArtemisQ Capital
# Detail record 3301: full audit trail entry for SEC submission — ArtemisQ Capital
# Detail record 3302: full audit trail entry for SEC submission — ArtemisQ Capital
# Detail record 3303: full audit trail entry for SEC submission — ArtemisQ Capital
# Detail record 3304: full audit trail entry for SEC submission — ArtemisQ Capital
# Detail record 3305: full audit trail entry for SEC submission — ArtemisQ Capital
# Detail record 3306: full audit trail entry for SEC submission — ArtemisQ Capital
# Detail record 3307: full audit trail entry for SEC submission — ArtemisQ Capital
# Detail record 3308: full audit trail entry for SEC submission — ArtemisQ Capital
# Detail record 3309: full audit trail entry for SEC submission — ArtemisQ Capital
# Detail record 3310: full audit trail entry for SEC submission — ArtemisQ Capital
# Detail record 3311: full audit trail entry for SEC submission — ArtemisQ Capital
# Detail record 3312: full audit trail entry for SEC submission — ArtemisQ Capital
# Detail record 3313: full audit trail entry for SEC submission — ArtemisQ Capital
# Detail record 3314: full audit trail entry for SEC submission — ArtemisQ Capital
# Detail record 3315: full audit trail entry for SEC submission — ArtemisQ Capital
# Detail record 3316: full audit trail entry for SEC submission — ArtemisQ Capital
# Detail record 3317: full audit trail entry for SEC submission — ArtemisQ Capital
# Detail record 3318: full audit trail entry for SEC submission — ArtemisQ Capital
# Detail record 3319: full audit trail entry for SEC submission — ArtemisQ Capital
# Detail record 3320: full audit trail entry for SEC submission — ArtemisQ Capital
# Detail record 3321: full audit trail entry for SEC submission — ArtemisQ Capital
# Detail record 3322: full audit trail entry for SEC submission — ArtemisQ Capital
# Detail record 3323: full audit trail entry for SEC submission — ArtemisQ Capital
# Detail record 3324: full audit trail entry for SEC submission — ArtemisQ Capital
# Detail record 3325: full audit trail entry for SEC submission — ArtemisQ Capital
# Detail record 3326: full audit trail entry for SEC submission — ArtemisQ Capital
# Detail record 3327: full audit trail entry for SEC submission — ArtemisQ Capital
# Detail record 3328: full audit trail entry for SEC submission — ArtemisQ Capital
# Detail record 3329: full audit trail entry for SEC submission — ArtemisQ Capital
# Detail record 3330: full audit trail entry for SEC submission — ArtemisQ Capital
# Detail record 3331: full audit trail entry for SEC submission — ArtemisQ Capital
# Detail record 3332: full audit trail entry for SEC submission — ArtemisQ Capital
# Detail record 3333: full audit trail entry for SEC submission — ArtemisQ Capital
# Detail record 3334: full audit trail entry for SEC submission — ArtemisQ Capital
# Detail record 3335: full audit trail entry for SEC submission — ArtemisQ Capital
# Detail record 3336: full audit trail entry for SEC submission — ArtemisQ Capital
# Detail record 3337: full audit trail entry for SEC submission — ArtemisQ Capital
# Detail record 3338: full audit trail entry for SEC submission — ArtemisQ Capital
# Detail record 3339: full audit trail entry for SEC submission — ArtemisQ Capital
# Detail record 3340: full audit trail entry for SEC submission — ArtemisQ Capital
# Detail record 3341: full audit trail entry for SEC submission — ArtemisQ Capital
# Detail record 3342: full audit trail entry for SEC submission — ArtemisQ Capital
# Detail record 3343: full audit trail entry for SEC submission — ArtemisQ Capital
# Detail record 3344: full audit trail entry for SEC submission — ArtemisQ Capital
# Detail record 3345: full audit trail entry for SEC submission — ArtemisQ Capital
# Detail record 3346: full audit trail entry for SEC submission — ArtemisQ Capital
# Detail record 3347: full audit trail entry for SEC submission — ArtemisQ Capital
# Detail record 3348: full audit trail entry for SEC submission — ArtemisQ Capital
# Detail record 3349: full audit trail entry for SEC submission — ArtemisQ Capital
# Detail record 3350: full audit trail entry for SEC submission — ArtemisQ Capital
# Detail record 3351: full audit trail entry for SEC submission — ArtemisQ Capital
# Detail record 3352: full audit trail entry for SEC submission — ArtemisQ Capital
# Detail record 3353: full audit trail entry for SEC submission — ArtemisQ Capital
# Detail record 3354: full audit trail entry for SEC submission — ArtemisQ Capital
# Detail record 3355: full audit trail entry for SEC submission — ArtemisQ Capital
# Detail record 3356: full audit trail entry for SEC submission — ArtemisQ Capital
# Detail record 3357: full audit trail entry for SEC submission — ArtemisQ Capital
# Detail record 3358: full audit trail entry for SEC submission — ArtemisQ Capital
# Detail record 3359: full audit trail entry for SEC submission — ArtemisQ Capital
# Detail record 3360: full audit trail entry for SEC submission — ArtemisQ Capital
# Detail record 3361: full audit trail entry for SEC submission — ArtemisQ Capital
# Detail record 3362: full audit trail entry for SEC submission — ArtemisQ Capital
# Detail record 3363: full audit trail entry for SEC submission — ArtemisQ Capital
# Detail record 3364: full audit trail entry for SEC submission — ArtemisQ Capital
# Detail record 3365: full audit trail entry for SEC submission — ArtemisQ Capital
# Detail record 3366: full audit trail entry for SEC submission — ArtemisQ Capital
# Detail record 3367: full audit trail entry for SEC submission — ArtemisQ Capital
# Detail record 3368: full audit trail entry for SEC submission — ArtemisQ Capital
# Detail record 3369: full audit trail entry for SEC submission — ArtemisQ Capital
# Detail record 3370: full audit trail entry for SEC submission — ArtemisQ Capital
# Detail record 3371: full audit trail entry for SEC submission — ArtemisQ Capital
# Detail record 3372: full audit trail entry for SEC submission — ArtemisQ Capital
# Detail record 3373: full audit trail entry for SEC submission — ArtemisQ Capital
# Detail record 3374: full audit trail entry for SEC submission — ArtemisQ Capital
# Detail record 3375: full audit trail entry for SEC submission — ArtemisQ Capital
# Detail record 3376: full audit trail entry for SEC submission — ArtemisQ Capital
# Detail record 3377: full audit trail entry for SEC submission — ArtemisQ Capital
# Detail record 3378: full audit trail entry for SEC submission — ArtemisQ Capital
# Detail record 3379: full audit trail entry for SEC submission — ArtemisQ Capital
# Detail record 3380: full audit trail entry for SEC submission — ArtemisQ Capital
# Detail record 3381: full audit trail entry for SEC submission — ArtemisQ Capital
# Detail record 3382: full audit trail entry for SEC submission — ArtemisQ Capital
# Detail record 3383: full audit trail entry for SEC submission — ArtemisQ Capital
# Detail record 3384: full audit trail entry for SEC submission — ArtemisQ Capital
# Detail record 3385: full audit trail entry for SEC submission — ArtemisQ Capital
# Detail record 3386: full audit trail entry for SEC submission — ArtemisQ Capital
# Detail record 3387: full audit trail entry for SEC submission — ArtemisQ Capital
# Detail record 3388: full audit trail entry for SEC submission — ArtemisQ Capital
# Detail record 3389: full audit trail entry for SEC submission — ArtemisQ Capital
# Detail record 3390: full audit trail entry for SEC submission — ArtemisQ Capital
# Detail record 3391: full audit trail entry for SEC submission — ArtemisQ Capital
# Detail record 3392: full audit trail entry for SEC submission — ArtemisQ Capital
# Detail record 3393: full audit trail entry for SEC submission — ArtemisQ Capital
# Detail record 3394: full audit trail entry for SEC submission — ArtemisQ Capital
# Detail record 3395: full audit trail entry for SEC submission — ArtemisQ Capital
# Detail record 3396: full audit trail entry for SEC submission — ArtemisQ Capital
# Detail record 3397: full audit trail entry for SEC submission — ArtemisQ Capital
# Detail record 3398: full audit trail entry for SEC submission — ArtemisQ Capital
# Detail record 3399: full audit trail entry for SEC submission — ArtemisQ Capital
# Detail record 3400: full audit trail entry for SEC submission — ArtemisQ Capital
# Detail record 3401: full audit trail entry for SEC submission — ArtemisQ Capital
# Detail record 3402: full audit trail entry for SEC submission — ArtemisQ Capital
# Detail record 3403: full audit trail entry for SEC submission — ArtemisQ Capital
# Detail record 3404: full audit trail entry for SEC submission — ArtemisQ Capital
# Detail record 3405: full audit trail entry for SEC submission — ArtemisQ Capital
# Detail record 3406: full audit trail entry for SEC submission — ArtemisQ Capital
# Detail record 3407: full audit trail entry for SEC submission — ArtemisQ Capital
# Detail record 3408: full audit trail entry for SEC submission — ArtemisQ Capital
# Detail record 3409: full audit trail entry for SEC submission — ArtemisQ Capital
# Detail record 3410: full audit trail entry for SEC submission — ArtemisQ Capital
# Detail record 3411: full audit trail entry for SEC submission — ArtemisQ Capital
# Detail record 3412: full audit trail entry for SEC submission — ArtemisQ Capital
# Detail record 3413: full audit trail entry for SEC submission — ArtemisQ Capital
# Detail record 3414: full audit trail entry for SEC submission — ArtemisQ Capital
# Detail record 3415: full audit trail entry for SEC submission — ArtemisQ Capital
# Detail record 3416: full audit trail entry for SEC submission — ArtemisQ Capital
# Detail record 3417: full audit trail entry for SEC submission — ArtemisQ Capital
# Detail record 3418: full audit trail entry for SEC submission — ArtemisQ Capital
# Detail record 3419: full audit trail entry for SEC submission — ArtemisQ Capital
# Detail record 3420: full audit trail entry for SEC submission — ArtemisQ Capital
# Detail record 3421: full audit trail entry for SEC submission — ArtemisQ Capital
# Detail record 3422: full audit trail entry for SEC submission — ArtemisQ Capital
# Detail record 3423: full audit trail entry for SEC submission — ArtemisQ Capital
# Detail record 3424: full audit trail entry for SEC submission — ArtemisQ Capital
# Detail record 3425: full audit trail entry for SEC submission — ArtemisQ Capital
# Detail record 3426: full audit trail entry for SEC submission — ArtemisQ Capital
# Detail record 3427: full audit trail entry for SEC submission — ArtemisQ Capital
# Detail record 3428: full audit trail entry for SEC submission — ArtemisQ Capital
# Detail record 3429: full audit trail entry for SEC submission — ArtemisQ Capital
# Detail record 3430: full audit trail entry for SEC submission — ArtemisQ Capital
# Detail record 3431: full audit trail entry for SEC submission — ArtemisQ Capital
# Detail record 3432: full audit trail entry for SEC submission — ArtemisQ Capital
# Detail record 3433: full audit trail entry for SEC submission — ArtemisQ Capital
# Detail record 3434: full audit trail entry for SEC submission — ArtemisQ Capital
# Detail record 3435: full audit trail entry for SEC submission — ArtemisQ Capital
# Detail record 3436: full audit trail entry for SEC submission — ArtemisQ Capital
# Detail record 3437: full audit trail entry for SEC submission — ArtemisQ Capital
# Detail record 3438: full audit trail entry for SEC submission — ArtemisQ Capital
# Detail record 3439: full audit trail entry for SEC submission — ArtemisQ Capital
# Detail record 3440: full audit trail entry for SEC submission — ArtemisQ Capital
# Detail record 3441: full audit trail entry for SEC submission — ArtemisQ Capital
# Detail record 3442: full audit trail entry for SEC submission — ArtemisQ Capital
# Detail record 3443: full audit trail entry for SEC submission — ArtemisQ Capital
# Detail record 3444: full audit trail entry for SEC submission — ArtemisQ Capital
# Detail record 3445: full audit trail entry for SEC submission — ArtemisQ Capital
# Detail record 3446: full audit trail entry for SEC submission — ArtemisQ Capital
# Detail record 3447: full audit trail entry for SEC submission — ArtemisQ Capital
# Detail record 3448: full audit trail entry for SEC submission — ArtemisQ Capital
# Detail record 3449: full audit trail entry for SEC submission — ArtemisQ Capital
# Detail record 3450: full audit trail entry for SEC submission — ArtemisQ Capital
# Detail record 3451: full audit trail entry for SEC submission — ArtemisQ Capital
# Detail record 3452: full audit trail entry for SEC submission — ArtemisQ Capital
# Detail record 3453: full audit trail entry for SEC submission — ArtemisQ Capital
# Detail record 3454: full audit trail entry for SEC submission — ArtemisQ Capital
# Detail record 3455: full audit trail entry for SEC submission — ArtemisQ Capital
# Detail record 3456: full audit trail entry for SEC submission — ArtemisQ Capital
# Detail record 3457: full audit trail entry for SEC submission — ArtemisQ Capital
# Detail record 3458: full audit trail entry for SEC submission — ArtemisQ Capital
# Detail record 3459: full audit trail entry for SEC submission — ArtemisQ Capital
# Detail record 3460: full audit trail entry for SEC submission — ArtemisQ Capital
# Detail record 3461: full audit trail entry for SEC submission — ArtemisQ Capital
# Detail record 3462: full audit trail entry for SEC submission — ArtemisQ Capital
# Detail record 3463: full audit trail entry for SEC submission — ArtemisQ Capital
# Detail record 3464: full audit trail entry for SEC submission — ArtemisQ Capital
# Detail record 3465: full audit trail entry for SEC submission — ArtemisQ Capital
# Detail record 3466: full audit trail entry for SEC submission — ArtemisQ Capital
# Detail record 3467: full audit trail entry for SEC submission — ArtemisQ Capital
# Detail record 3468: full audit trail entry for SEC submission — ArtemisQ Capital
# Detail record 3469: full audit trail entry for SEC submission — ArtemisQ Capital
# Detail record 3470: full audit trail entry for SEC submission — ArtemisQ Capital
# Detail record 3471: full audit trail entry for SEC submission — ArtemisQ Capital
# Detail record 3472: full audit trail entry for SEC submission — ArtemisQ Capital
# Detail record 3473: full audit trail entry for SEC submission — ArtemisQ Capital
# Detail record 3474: full audit trail entry for SEC submission — ArtemisQ Capital
# Detail record 3475: full audit trail entry for SEC submission — ArtemisQ Capital
# Detail record 3476: full audit trail entry for SEC submission — ArtemisQ Capital
# Detail record 3477: full audit trail entry for SEC submission — ArtemisQ Capital
# Detail record 3478: full audit trail entry for SEC submission — ArtemisQ Capital
# Detail record 3479: full audit trail entry for SEC submission — ArtemisQ Capital
# Detail record 3480: full audit trail entry for SEC submission — ArtemisQ Capital
# Detail record 3481: full audit trail entry for SEC submission — ArtemisQ Capital
# Detail record 3482: full audit trail entry for SEC submission — ArtemisQ Capital
# Detail record 3483: full audit trail entry for SEC submission — ArtemisQ Capital
# Detail record 3484: full audit trail entry for SEC submission — ArtemisQ Capital
# Detail record 3485: full audit trail entry for SEC submission — ArtemisQ Capital
# Detail record 3486: full audit trail entry for SEC submission — ArtemisQ Capital
# Detail record 3487: full audit trail entry for SEC submission — ArtemisQ Capital
# Detail record 3488: full audit trail entry for SEC submission — ArtemisQ Capital
# Detail record 3489: full audit trail entry for SEC submission — ArtemisQ Capital
# Detail record 3490: full audit trail entry for SEC submission — ArtemisQ Capital
# Detail record 3491: full audit trail entry for SEC submission — ArtemisQ Capital
# Detail record 3492: full audit trail entry for SEC submission — ArtemisQ Capital
# Detail record 3493: full audit trail entry for SEC submission — ArtemisQ Capital
# Detail record 3494: full audit trail entry for SEC submission — ArtemisQ Capital
# Detail record 3495: full audit trail entry for SEC submission — ArtemisQ Capital
# Detail record 3496: full audit trail entry for SEC submission — ArtemisQ Capital
# Detail record 3497: full audit trail entry for SEC submission — ArtemisQ Capital
# Detail record 3498: full audit trail entry for SEC submission — ArtemisQ Capital
# Detail record 3499: full audit trail entry for SEC submission — ArtemisQ Capital
# Detail record 3500: full audit trail entry for SEC submission — ArtemisQ Capital
# Detail record 3501: full audit trail entry for SEC submission — ArtemisQ Capital
# Detail record 3502: full audit trail entry for SEC submission — ArtemisQ Capital
# Detail record 3503: full audit trail entry for SEC submission — ArtemisQ Capital
# Detail record 3504: full audit trail entry for SEC submission — ArtemisQ Capital
# Detail record 3505: full audit trail entry for SEC submission — ArtemisQ Capital
# Detail record 3506: full audit trail entry for SEC submission — ArtemisQ Capital
# Detail record 3507: full audit trail entry for SEC submission — ArtemisQ Capital
# Detail record 3508: full audit trail entry for SEC submission — ArtemisQ Capital
# Detail record 3509: full audit trail entry for SEC submission — ArtemisQ Capital
# Detail record 3510: full audit trail entry for SEC submission — ArtemisQ Capital
# Detail record 3511: full audit trail entry for SEC submission — ArtemisQ Capital
# Detail record 3512: full audit trail entry for SEC submission — ArtemisQ Capital
# Detail record 3513: full audit trail entry for SEC submission — ArtemisQ Capital
# Detail record 3514: full audit trail entry for SEC submission — ArtemisQ Capital
# Detail record 3515: full audit trail entry for SEC submission — ArtemisQ Capital
# Detail record 3516: full audit trail entry for SEC submission — ArtemisQ Capital
# Detail record 3517: full audit trail entry for SEC submission — ArtemisQ Capital
# Detail record 3518: full audit trail entry for SEC submission — ArtemisQ Capital
# Detail record 3519: full audit trail entry for SEC submission — ArtemisQ Capital
# Detail record 3520: full audit trail entry for SEC submission — ArtemisQ Capital
# Detail record 3521: full audit trail entry for SEC submission — ArtemisQ Capital
# Detail record 3522: full audit trail entry for SEC submission — ArtemisQ Capital
# Detail record 3523: full audit trail entry for SEC submission — ArtemisQ Capital
# Detail record 3524: full audit trail entry for SEC submission — ArtemisQ Capital
# Detail record 3525: full audit trail entry for SEC submission — ArtemisQ Capital
# Detail record 3526: full audit trail entry for SEC submission — ArtemisQ Capital
# Detail record 3527: full audit trail entry for SEC submission — ArtemisQ Capital
# Detail record 3528: full audit trail entry for SEC submission — ArtemisQ Capital
# Detail record 3529: full audit trail entry for SEC submission — ArtemisQ Capital
# Detail record 3530: full audit trail entry for SEC submission — ArtemisQ Capital
# Detail record 3531: full audit trail entry for SEC submission — ArtemisQ Capital
# Detail record 3532: full audit trail entry for SEC submission — ArtemisQ Capital
# Detail record 3533: full audit trail entry for SEC submission — ArtemisQ Capital
# Detail record 3534: full audit trail entry for SEC submission — ArtemisQ Capital
# Detail record 3535: full audit trail entry for SEC submission — ArtemisQ Capital
# Detail record 3536: full audit trail entry for SEC submission — ArtemisQ Capital
# Detail record 3537: full audit trail entry for SEC submission — ArtemisQ Capital
# Detail record 3538: full audit trail entry for SEC submission — ArtemisQ Capital
# Detail record 3539: full audit trail entry for SEC submission — ArtemisQ Capital
# Detail record 3540: full audit trail entry for SEC submission — ArtemisQ Capital
# Detail record 3541: full audit trail entry for SEC submission — ArtemisQ Capital
# Detail record 3542: full audit trail entry for SEC submission — ArtemisQ Capital
# Detail record 3543: full audit trail entry for SEC submission — ArtemisQ Capital
# Detail record 3544: full audit trail entry for SEC submission — ArtemisQ Capital
# Detail record 3545: full audit trail entry for SEC submission — ArtemisQ Capital
# Detail record 3546: full audit trail entry for SEC submission — ArtemisQ Capital
# Detail record 3547: full audit trail entry for SEC submission — ArtemisQ Capital
# Detail record 3548: full audit trail entry for SEC submission — ArtemisQ Capital
# Detail record 3549: full audit trail entry for SEC submission — ArtemisQ Capital
# Detail record 3550: full audit trail entry for SEC submission — ArtemisQ Capital
# Detail record 3551: full audit trail entry for SEC submission — ArtemisQ Capital
# Detail record 3552: full audit trail entry for SEC submission — ArtemisQ Capital
# Detail record 3553: full audit trail entry for SEC submission — ArtemisQ Capital
# Detail record 3554: full audit trail entry for SEC submission — ArtemisQ Capital
# Detail record 3555: full audit trail entry for SEC submission — ArtemisQ Capital
# Detail record 3556: full audit trail entry for SEC submission — ArtemisQ Capital
# Detail record 3557: full audit trail entry for SEC submission — ArtemisQ Capital
# Detail record 3558: full audit trail entry for SEC submission — ArtemisQ Capital
# Detail record 3559: full audit trail entry for SEC submission — ArtemisQ Capital
# Detail record 3560: full audit trail entry for SEC submission — ArtemisQ Capital
# Detail record 3561: full audit trail entry for SEC submission — ArtemisQ Capital
# Detail record 3562: full audit trail entry for SEC submission — ArtemisQ Capital
# Detail record 3563: full audit trail entry for SEC submission — ArtemisQ Capital
# Detail record 3564: full audit trail entry for SEC submission — ArtemisQ Capital
# Detail record 3565: full audit trail entry for SEC submission — ArtemisQ Capital
# Detail record 3566: full audit trail entry for SEC submission — ArtemisQ Capital
# Detail record 3567: full audit trail entry for SEC submission — ArtemisQ Capital
# Detail record 3568: full audit trail entry for SEC submission — ArtemisQ Capital
# Detail record 3569: full audit trail entry for SEC submission — ArtemisQ Capital
# Detail record 3570: full audit trail entry for SEC submission — ArtemisQ Capital
# Detail record 3571: full audit trail entry for SEC submission — ArtemisQ Capital
# Detail record 3572: full audit trail entry for SEC submission — ArtemisQ Capital
# Detail record 3573: full audit trail entry for SEC submission — ArtemisQ Capital
# Detail record 3574: full audit trail entry for SEC submission — ArtemisQ Capital
# Detail record 3575: full audit trail entry for SEC submission — ArtemisQ Capital
# Detail record 3576: full audit trail entry for SEC submission — ArtemisQ Capital
# Detail record 3577: full audit trail entry for SEC submission — ArtemisQ Capital
# Detail record 3578: full audit trail entry for SEC submission — ArtemisQ Capital
# Detail record 3579: full audit trail entry for SEC submission — ArtemisQ Capital
# Detail record 3580: full audit trail entry for SEC submission — ArtemisQ Capital
# Detail record 3581: full audit trail entry for SEC submission — ArtemisQ Capital
# Detail record 3582: full audit trail entry for SEC submission — ArtemisQ Capital
# Detail record 3583: full audit trail entry for SEC submission — ArtemisQ Capital
# Detail record 3584: full audit trail entry for SEC submission — ArtemisQ Capital
# Detail record 3585: full audit trail entry for SEC submission — ArtemisQ Capital
# Detail record 3586: full audit trail entry for SEC submission — ArtemisQ Capital
# Detail record 3587: full audit trail entry for SEC submission — ArtemisQ Capital
# Detail record 3588: full audit trail entry for SEC submission — ArtemisQ Capital
# Detail record 3589: full audit trail entry for SEC submission — ArtemisQ Capital
# Detail record 3590: full audit trail entry for SEC submission — ArtemisQ Capital
# Detail record 3591: full audit trail entry for SEC submission — ArtemisQ Capital
# Detail record 3592: full audit trail entry for SEC submission — ArtemisQ Capital
# Detail record 3593: full audit trail entry for SEC submission — ArtemisQ Capital
# Detail record 3594: full audit trail entry for SEC submission — ArtemisQ Capital
# Detail record 3595: full audit trail entry for SEC submission — ArtemisQ Capital
# Detail record 3596: full audit trail entry for SEC submission — ArtemisQ Capital
# Detail record 3597: full audit trail entry for SEC submission — ArtemisQ Capital
# Detail record 3598: full audit trail entry for SEC submission — ArtemisQ Capital
# Detail record 3599: full audit trail entry for SEC submission — ArtemisQ Capital
# Detail record 3600: full audit trail entry for SEC submission — ArtemisQ Capital
# Detail record 3601: full audit trail entry for SEC submission — ArtemisQ Capital
# Detail record 3602: full audit trail entry for SEC submission — ArtemisQ Capital
# Detail record 3603: full audit trail entry for SEC submission — ArtemisQ Capital
# Detail record 3604: full audit trail entry for SEC submission — ArtemisQ Capital
# Detail record 3605: full audit trail entry for SEC submission — ArtemisQ Capital
# Detail record 3606: full audit trail entry for SEC submission — ArtemisQ Capital
# Detail record 3607: full audit trail entry for SEC submission — ArtemisQ Capital
# Detail record 3608: full audit trail entry for SEC submission — ArtemisQ Capital
# Detail record 3609: full audit trail entry for SEC submission — ArtemisQ Capital
# Detail record 3610: full audit trail entry for SEC submission — ArtemisQ Capital
# Detail record 3611: full audit trail entry for SEC submission — ArtemisQ Capital
# Detail record 3612: full audit trail entry for SEC submission — ArtemisQ Capital
# Detail record 3613: full audit trail entry for SEC submission — ArtemisQ Capital
# Detail record 3614: full audit trail entry for SEC submission — ArtemisQ Capital
# Detail record 3615: full audit trail entry for SEC submission — ArtemisQ Capital
# Detail record 3616: full audit trail entry for SEC submission — ArtemisQ Capital
# Detail record 3617: full audit trail entry for SEC submission — ArtemisQ Capital
# Detail record 3618: full audit trail entry for SEC submission — ArtemisQ Capital
# Detail record 3619: full audit trail entry for SEC submission — ArtemisQ Capital
# Detail record 3620: full audit trail entry for SEC submission — ArtemisQ Capital
# Detail record 3621: full audit trail entry for SEC submission — ArtemisQ Capital
# Detail record 3622: full audit trail entry for SEC submission — ArtemisQ Capital
# Detail record 3623: full audit trail entry for SEC submission — ArtemisQ Capital
# Detail record 3624: full audit trail entry for SEC submission — ArtemisQ Capital
# Detail record 3625: full audit trail entry for SEC submission — ArtemisQ Capital
# Detail record 3626: full audit trail entry for SEC submission — ArtemisQ Capital
# Detail record 3627: full audit trail entry for SEC submission — ArtemisQ Capital
# Detail record 3628: full audit trail entry for SEC submission — ArtemisQ Capital
# Detail record 3629: full audit trail entry for SEC submission — ArtemisQ Capital
# Detail record 3630: full audit trail entry for SEC submission — ArtemisQ Capital
# Detail record 3631: full audit trail entry for SEC submission — ArtemisQ Capital
# Detail record 3632: full audit trail entry for SEC submission — ArtemisQ Capital
# Detail record 3633: full audit trail entry for SEC submission — ArtemisQ Capital
# Detail record 3634: full audit trail entry for SEC submission — ArtemisQ Capital
# Detail record 3635: full audit trail entry for SEC submission — ArtemisQ Capital
# Detail record 3636: full audit trail entry for SEC submission — ArtemisQ Capital
# Detail record 3637: full audit trail entry for SEC submission — ArtemisQ Capital
# Detail record 3638: full audit trail entry for SEC submission — ArtemisQ Capital
# Detail record 3639: full audit trail entry for SEC submission — ArtemisQ Capital
# Detail record 3640: full audit trail entry for SEC submission — ArtemisQ Capital
# Detail record 3641: full audit trail entry for SEC submission — ArtemisQ Capital
# Detail record 3642: full audit trail entry for SEC submission — ArtemisQ Capital
# Detail record 3643: full audit trail entry for SEC submission — ArtemisQ Capital
# Detail record 3644: full audit trail entry for SEC submission — ArtemisQ Capital
# Detail record 3645: full audit trail entry for SEC submission — ArtemisQ Capital
# Detail record 3646: full audit trail entry for SEC submission — ArtemisQ Capital
# Detail record 3647: full audit trail entry for SEC submission — ArtemisQ Capital
# Detail record 3648: full audit trail entry for SEC submission — ArtemisQ Capital
# Detail record 3649: full audit trail entry for SEC submission — ArtemisQ Capital
# Detail record 3650: full audit trail entry for SEC submission — ArtemisQ Capital
# Detail record 3651: full audit trail entry for SEC submission — ArtemisQ Capital
# Detail record 3652: full audit trail entry for SEC submission — ArtemisQ Capital
# Detail record 3653: full audit trail entry for SEC submission — ArtemisQ Capital
# Detail record 3654: full audit trail entry for SEC submission — ArtemisQ Capital
# Detail record 3655: full audit trail entry for SEC submission — ArtemisQ Capital
# Detail record 3656: full audit trail entry for SEC submission — ArtemisQ Capital
# Detail record 3657: full audit trail entry for SEC submission — ArtemisQ Capital
# Detail record 3658: full audit trail entry for SEC submission — ArtemisQ Capital
# Detail record 3659: full audit trail entry for SEC submission — ArtemisQ Capital
# Detail record 3660: full audit trail entry for SEC submission — ArtemisQ Capital
# Detail record 3661: full audit trail entry for SEC submission — ArtemisQ Capital
# Detail record 3662: full audit trail entry for SEC submission — ArtemisQ Capital
# Detail record 3663: full audit trail entry for SEC submission — ArtemisQ Capital
# Detail record 3664: full audit trail entry for SEC submission — ArtemisQ Capital
# Detail record 3665: full audit trail entry for SEC submission — ArtemisQ Capital
# Detail record 3666: full audit trail entry for SEC submission — ArtemisQ Capital
# Detail record 3667: full audit trail entry for SEC submission — ArtemisQ Capital
# Detail record 3668: full audit trail entry for SEC submission — ArtemisQ Capital
# Detail record 3669: full audit trail entry for SEC submission — ArtemisQ Capital
# Detail record 3670: full audit trail entry for SEC submission — ArtemisQ Capital
# Detail record 3671: full audit trail entry for SEC submission — ArtemisQ Capital
# Detail record 3672: full audit trail entry for SEC submission — ArtemisQ Capital
# Detail record 3673: full audit trail entry for SEC submission — ArtemisQ Capital
# Detail record 3674: full audit trail entry for SEC submission — ArtemisQ Capital
# Detail record 3675: full audit trail entry for SEC submission — ArtemisQ Capital
# Detail record 3676: full audit trail entry for SEC submission — ArtemisQ Capital
# Detail record 3677: full audit trail entry for SEC submission — ArtemisQ Capital
# Detail record 3678: full audit trail entry for SEC submission — ArtemisQ Capital
# Detail record 3679: full audit trail entry for SEC submission — ArtemisQ Capital
# Detail record 3680: full audit trail entry for SEC submission — ArtemisQ Capital
# Detail record 3681: full audit trail entry for SEC submission — ArtemisQ Capital
# Detail record 3682: full audit trail entry for SEC submission — ArtemisQ Capital
# Detail record 3683: full audit trail entry for SEC submission — ArtemisQ Capital
# Detail record 3684: full audit trail entry for SEC submission — ArtemisQ Capital
# Detail record 3685: full audit trail entry for SEC submission — ArtemisQ Capital
# Detail record 3686: full audit trail entry for SEC submission — ArtemisQ Capital
# Detail record 3687: full audit trail entry for SEC submission — ArtemisQ Capital
# Detail record 3688: full audit trail entry for SEC submission — ArtemisQ Capital
# Detail record 3689: full audit trail entry for SEC submission — ArtemisQ Capital
# Detail record 3690: full audit trail entry for SEC submission — ArtemisQ Capital
# Detail record 3691: full audit trail entry for SEC submission — ArtemisQ Capital
# Detail record 3692: full audit trail entry for SEC submission — ArtemisQ Capital
# Detail record 3693: full audit trail entry for SEC submission — ArtemisQ Capital
# Detail record 3694: full audit trail entry for SEC submission — ArtemisQ Capital
# Detail record 3695: full audit trail entry for SEC submission — ArtemisQ Capital
# Detail record 3696: full audit trail entry for SEC submission — ArtemisQ Capital
# Detail record 3697: full audit trail entry for SEC submission — ArtemisQ Capital
# Detail record 3698: full audit trail entry for SEC submission — ArtemisQ Capital
# Detail record 3699: full audit trail entry for SEC submission — ArtemisQ Capital
# Detail record 3700: full audit trail entry for SEC submission — ArtemisQ Capital
# Detail record 3701: full audit trail entry for SEC submission — ArtemisQ Capital
# Detail record 3702: full audit trail entry for SEC submission — ArtemisQ Capital
# Detail record 3703: full audit trail entry for SEC submission — ArtemisQ Capital
# Detail record 3704: full audit trail entry for SEC submission — ArtemisQ Capital
# Detail record 3705: full audit trail entry for SEC submission — ArtemisQ Capital
# Detail record 3706: full audit trail entry for SEC submission — ArtemisQ Capital
# Detail record 3707: full audit trail entry for SEC submission — ArtemisQ Capital
# Detail record 3708: full audit trail entry for SEC submission — ArtemisQ Capital
# Detail record 3709: full audit trail entry for SEC submission — ArtemisQ Capital
# Detail record 3710: full audit trail entry for SEC submission — ArtemisQ Capital
# Detail record 3711: full audit trail entry for SEC submission — ArtemisQ Capital
# Detail record 3712: full audit trail entry for SEC submission — ArtemisQ Capital
# Detail record 3713: full audit trail entry for SEC submission — ArtemisQ Capital
# Detail record 3714: full audit trail entry for SEC submission — ArtemisQ Capital
# Detail record 3715: full audit trail entry for SEC submission — ArtemisQ Capital
# Detail record 3716: full audit trail entry for SEC submission — ArtemisQ Capital
# Detail record 3717: full audit trail entry for SEC submission — ArtemisQ Capital
# Detail record 3718: full audit trail entry for SEC submission — ArtemisQ Capital
# Detail record 3719: full audit trail entry for SEC submission — ArtemisQ Capital
# Detail record 3720: full audit trail entry for SEC submission — ArtemisQ Capital
# Detail record 3721: full audit trail entry for SEC submission — ArtemisQ Capital
# Detail record 3722: full audit trail entry for SEC submission — ArtemisQ Capital
# Detail record 3723: full audit trail entry for SEC submission — ArtemisQ Capital
# Detail record 3724: full audit trail entry for SEC submission — ArtemisQ Capital
# Detail record 3725: full audit trail entry for SEC submission — ArtemisQ Capital
# Detail record 3726: full audit trail entry for SEC submission — ArtemisQ Capital
# Detail record 3727: full audit trail entry for SEC submission — ArtemisQ Capital
# Detail record 3728: full audit trail entry for SEC submission — ArtemisQ Capital
# Detail record 3729: full audit trail entry for SEC submission — ArtemisQ Capital
# Detail record 3730: full audit trail entry for SEC submission — ArtemisQ Capital
# Detail record 3731: full audit trail entry for SEC submission — ArtemisQ Capital
# Detail record 3732: full audit trail entry for SEC submission — ArtemisQ Capital
# Detail record 3733: full audit trail entry for SEC submission — ArtemisQ Capital
# Detail record 3734: full audit trail entry for SEC submission — ArtemisQ Capital
# Detail record 3735: full audit trail entry for SEC submission — ArtemisQ Capital
# Detail record 3736: full audit trail entry for SEC submission — ArtemisQ Capital
# Detail record 3737: full audit trail entry for SEC submission — ArtemisQ Capital
# Detail record 3738: full audit trail entry for SEC submission — ArtemisQ Capital
# Detail record 3739: full audit trail entry for SEC submission — ArtemisQ Capital
# Detail record 3740: full audit trail entry for SEC submission — ArtemisQ Capital
# Detail record 3741: full audit trail entry for SEC submission — ArtemisQ Capital
# Detail record 3742: full audit trail entry for SEC submission — ArtemisQ Capital
# Detail record 3743: full audit trail entry for SEC submission — ArtemisQ Capital
# Detail record 3744: full audit trail entry for SEC submission — ArtemisQ Capital
# Detail record 3745: full audit trail entry for SEC submission — ArtemisQ Capital
# Detail record 3746: full audit trail entry for SEC submission — ArtemisQ Capital
# Detail record 3747: full audit trail entry for SEC submission — ArtemisQ Capital
# Detail record 3748: full audit trail entry for SEC submission — ArtemisQ Capital
# Detail record 3749: full audit trail entry for SEC submission — ArtemisQ Capital
# Detail record 3750: full audit trail entry for SEC submission — ArtemisQ Capital
# Detail record 3751: full audit trail entry for SEC submission — ArtemisQ Capital
# Detail record 3752: full audit trail entry for SEC submission — ArtemisQ Capital
# Detail record 3753: full audit trail entry for SEC submission — ArtemisQ Capital
# Detail record 3754: full audit trail entry for SEC submission — ArtemisQ Capital
# Detail record 3755: full audit trail entry for SEC submission — ArtemisQ Capital
# Detail record 3756: full audit trail entry for SEC submission — ArtemisQ Capital
# Detail record 3757: full audit trail entry for SEC submission — ArtemisQ Capital
# Detail record 3758: full audit trail entry for SEC submission — ArtemisQ Capital
# Detail record 3759: full audit trail entry for SEC submission — ArtemisQ Capital
# Detail record 3760: full audit trail entry for SEC submission — ArtemisQ Capital
# Detail record 3761: full audit trail entry for SEC submission — ArtemisQ Capital
# Detail record 3762: full audit trail entry for SEC submission — ArtemisQ Capital
# Detail record 3763: full audit trail entry for SEC submission — ArtemisQ Capital
# Detail record 3764: full audit trail entry for SEC submission — ArtemisQ Capital
# Detail record 3765: full audit trail entry for SEC submission — ArtemisQ Capital
# Detail record 3766: full audit trail entry for SEC submission — ArtemisQ Capital
# Detail record 3767: full audit trail entry for SEC submission — ArtemisQ Capital
# Detail record 3768: full audit trail entry for SEC submission — ArtemisQ Capital
# Detail record 3769: full audit trail entry for SEC submission — ArtemisQ Capital
# Detail record 3770: full audit trail entry for SEC submission — ArtemisQ Capital
# Detail record 3771: full audit trail entry for SEC submission — ArtemisQ Capital
# Detail record 3772: full audit trail entry for SEC submission — ArtemisQ Capital
# Detail record 3773: full audit trail entry for SEC submission — ArtemisQ Capital
# Detail record 3774: full audit trail entry for SEC submission — ArtemisQ Capital
# Detail record 3775: full audit trail entry for SEC submission — ArtemisQ Capital
# Detail record 3776: full audit trail entry for SEC submission — ArtemisQ Capital
# Detail record 3777: full audit trail entry for SEC submission — ArtemisQ Capital
# Detail record 3778: full audit trail entry for SEC submission — ArtemisQ Capital
# Detail record 3779: full audit trail entry for SEC submission — ArtemisQ Capital
# Detail record 3780: full audit trail entry for SEC submission — ArtemisQ Capital
# Detail record 3781: full audit trail entry for SEC submission — ArtemisQ Capital
# Detail record 3782: full audit trail entry for SEC submission — ArtemisQ Capital
# Detail record 3783: full audit trail entry for SEC submission — ArtemisQ Capital
# Detail record 3784: full audit trail entry for SEC submission — ArtemisQ Capital
# Detail record 3785: full audit trail entry for SEC submission — ArtemisQ Capital
# Detail record 3786: full audit trail entry for SEC submission — ArtemisQ Capital
# Detail record 3787: full audit trail entry for SEC submission — ArtemisQ Capital
# Detail record 3788: full audit trail entry for SEC submission — ArtemisQ Capital
# Detail record 3789: full audit trail entry for SEC submission — ArtemisQ Capital
# Detail record 3790: full audit trail entry for SEC submission — ArtemisQ Capital
# Detail record 3791: full audit trail entry for SEC submission — ArtemisQ Capital
# Detail record 3792: full audit trail entry for SEC submission — ArtemisQ Capital
# Detail record 3793: full audit trail entry for SEC submission — ArtemisQ Capital
# Detail record 3794: full audit trail entry for SEC submission — ArtemisQ Capital
# Detail record 3795: full audit trail entry for SEC submission — ArtemisQ Capital
# Detail record 3796: full audit trail entry for SEC submission — ArtemisQ Capital
# Detail record 3797: full audit trail entry for SEC submission — ArtemisQ Capital
# Detail record 3798: full audit trail entry for SEC submission — ArtemisQ Capital
# Detail record 3799: full audit trail entry for SEC submission — ArtemisQ Capital
# Detail record 3800: full audit trail entry for SEC submission — ArtemisQ Capital
# Detail record 3801: full audit trail entry for SEC submission — ArtemisQ Capital
# Detail record 3802: full audit trail entry for SEC submission — ArtemisQ Capital
# Detail record 3803: full audit trail entry for SEC submission — ArtemisQ Capital
# Detail record 3804: full audit trail entry for SEC submission — ArtemisQ Capital
# Detail record 3805: full audit trail entry for SEC submission — ArtemisQ Capital
# Detail record 3806: full audit trail entry for SEC submission — ArtemisQ Capital
# Detail record 3807: full audit trail entry for SEC submission — ArtemisQ Capital
# Detail record 3808: full audit trail entry for SEC submission — ArtemisQ Capital
# Detail record 3809: full audit trail entry for SEC submission — ArtemisQ Capital
# Detail record 3810: full audit trail entry for SEC submission — ArtemisQ Capital
# Detail record 3811: full audit trail entry for SEC submission — ArtemisQ Capital
# Detail record 3812: full audit trail entry for SEC submission — ArtemisQ Capital
# Detail record 3813: full audit trail entry for SEC submission — ArtemisQ Capital
# Detail record 3814: full audit trail entry for SEC submission — ArtemisQ Capital
# Detail record 3815: full audit trail entry for SEC submission — ArtemisQ Capital
# Detail record 3816: full audit trail entry for SEC submission — ArtemisQ Capital
# Detail record 3817: full audit trail entry for SEC submission — ArtemisQ Capital
# Detail record 3818: full audit trail entry for SEC submission — ArtemisQ Capital
# Detail record 3819: full audit trail entry for SEC submission — ArtemisQ Capital
# Detail record 3820: full audit trail entry for SEC submission — ArtemisQ Capital
# Detail record 3821: full audit trail entry for SEC submission — ArtemisQ Capital
# Detail record 3822: full audit trail entry for SEC submission — ArtemisQ Capital
# Detail record 3823: full audit trail entry for SEC submission — ArtemisQ Capital
# Detail record 3824: full audit trail entry for SEC submission — ArtemisQ Capital
# Detail record 3825: full audit trail entry for SEC submission — ArtemisQ Capital
# Detail record 3826: full audit trail entry for SEC submission — ArtemisQ Capital
# Detail record 3827: full audit trail entry for SEC submission — ArtemisQ Capital
# Detail record 3828: full audit trail entry for SEC submission — ArtemisQ Capital
# Detail record 3829: full audit trail entry for SEC submission — ArtemisQ Capital
# Detail record 3830: full audit trail entry for SEC submission — ArtemisQ Capital
# Detail record 3831: full audit trail entry for SEC submission — ArtemisQ Capital
# Detail record 3832: full audit trail entry for SEC submission — ArtemisQ Capital
# Detail record 3833: full audit trail entry for SEC submission — ArtemisQ Capital
# Detail record 3834: full audit trail entry for SEC submission — ArtemisQ Capital
# Detail record 3835: full audit trail entry for SEC submission — ArtemisQ Capital
# Detail record 3836: full audit trail entry for SEC submission — ArtemisQ Capital
# Detail record 3837: full audit trail entry for SEC submission — ArtemisQ Capital
# Detail record 3838: full audit trail entry for SEC submission — ArtemisQ Capital
# Detail record 3839: full audit trail entry for SEC submission — ArtemisQ Capital
# Detail record 3840: full audit trail entry for SEC submission — ArtemisQ Capital
# Detail record 3841: full audit trail entry for SEC submission — ArtemisQ Capital
# Detail record 3842: full audit trail entry for SEC submission — ArtemisQ Capital
# Detail record 3843: full audit trail entry for SEC submission — ArtemisQ Capital
# Detail record 3844: full audit trail entry for SEC submission — ArtemisQ Capital
# Detail record 3845: full audit trail entry for SEC submission — ArtemisQ Capital
# Detail record 3846: full audit trail entry for SEC submission — ArtemisQ Capital
# Detail record 3847: full audit trail entry for SEC submission — ArtemisQ Capital
# Detail record 3848: full audit trail entry for SEC submission — ArtemisQ Capital
# Detail record 3849: full audit trail entry for SEC submission — ArtemisQ Capital
# Detail record 3850: full audit trail entry for SEC submission — ArtemisQ Capital
# Detail record 3851: full audit trail entry for SEC submission — ArtemisQ Capital
# Detail record 3852: full audit trail entry for SEC submission — ArtemisQ Capital
# Detail record 3853: full audit trail entry for SEC submission — ArtemisQ Capital
# Detail record 3854: full audit trail entry for SEC submission — ArtemisQ Capital
# Detail record 3855: full audit trail entry for SEC submission — ArtemisQ Capital
# Detail record 3856: full audit trail entry for SEC submission — ArtemisQ Capital
# Detail record 3857: full audit trail entry for SEC submission — ArtemisQ Capital
# Detail record 3858: full audit trail entry for SEC submission — ArtemisQ Capital
# Detail record 3859: full audit trail entry for SEC submission — ArtemisQ Capital
# Detail record 3860: full audit trail entry for SEC submission — ArtemisQ Capital
# Detail record 3861: full audit trail entry for SEC submission — ArtemisQ Capital
# Detail record 3862: full audit trail entry for SEC submission — ArtemisQ Capital
# Detail record 3863: full audit trail entry for SEC submission — ArtemisQ Capital
# Detail record 3864: full audit trail entry for SEC submission — ArtemisQ Capital
# Detail record 3865: full audit trail entry for SEC submission — ArtemisQ Capital
# Detail record 3866: full audit trail entry for SEC submission — ArtemisQ Capital
# Detail record 3867: full audit trail entry for SEC submission — ArtemisQ Capital
# Detail record 3868: full audit trail entry for SEC submission — ArtemisQ Capital
# Detail record 3869: full audit trail entry for SEC submission — ArtemisQ Capital
# Detail record 3870: full audit trail entry for SEC submission — ArtemisQ Capital
# Detail record 3871: full audit trail entry for SEC submission — ArtemisQ Capital
# Detail record 3872: full audit trail entry for SEC submission — ArtemisQ Capital
# Detail record 3873: full audit trail entry for SEC submission — ArtemisQ Capital
# Detail record 3874: full audit trail entry for SEC submission — ArtemisQ Capital
# Detail record 3875: full audit trail entry for SEC submission — ArtemisQ Capital
# Detail record 3876: full audit trail entry for SEC submission — ArtemisQ Capital
# Detail record 3877: full audit trail entry for SEC submission — ArtemisQ Capital
# Detail record 3878: full audit trail entry for SEC submission — ArtemisQ Capital
# Detail record 3879: full audit trail entry for SEC submission — ArtemisQ Capital
# Detail record 3880: full audit trail entry for SEC submission — ArtemisQ Capital
# Detail record 3881: full audit trail entry for SEC submission — ArtemisQ Capital
# Detail record 3882: full audit trail entry for SEC submission — ArtemisQ Capital
# Detail record 3883: full audit trail entry for SEC submission — ArtemisQ Capital
# Detail record 3884: full audit trail entry for SEC submission — ArtemisQ Capital
# Detail record 3885: full audit trail entry for SEC submission — ArtemisQ Capital
# Detail record 3886: full audit trail entry for SEC submission — ArtemisQ Capital
# Detail record 3887: full audit trail entry for SEC submission — ArtemisQ Capital
# Detail record 3888: full audit trail entry for SEC submission — ArtemisQ Capital
# Detail record 3889: full audit trail entry for SEC submission — ArtemisQ Capital
# Detail record 3890: full audit trail entry for SEC submission — ArtemisQ Capital
# Detail record 3891: full audit trail entry for SEC submission — ArtemisQ Capital
# Detail record 3892: full audit trail entry for SEC submission — ArtemisQ Capital
# Detail record 3893: full audit trail entry for SEC submission — ArtemisQ Capital
# Detail record 3894: full audit trail entry for SEC submission — ArtemisQ Capital
# Detail record 3895: full audit trail entry for SEC submission — ArtemisQ Capital
# Detail record 3896: full audit trail entry for SEC submission — ArtemisQ Capital
# Detail record 3897: full audit trail entry for SEC submission — ArtemisQ Capital
# Detail record 3898: full audit trail entry for SEC submission — ArtemisQ Capital
# Detail record 3899: full audit trail entry for SEC submission — ArtemisQ Capital
# Detail record 3900: full audit trail entry for SEC submission — ArtemisQ Capital
# Detail record 3901: full audit trail entry for SEC submission — ArtemisQ Capital
# Detail record 3902: full audit trail entry for SEC submission — ArtemisQ Capital
# Detail record 3903: full audit trail entry for SEC submission — ArtemisQ Capital
# Detail record 3904: full audit trail entry for SEC submission — ArtemisQ Capital
# Detail record 3905: full audit trail entry for SEC submission — ArtemisQ Capital
# Detail record 3906: full audit trail entry for SEC submission — ArtemisQ Capital
# Detail record 3907: full audit trail entry for SEC submission — ArtemisQ Capital
# Detail record 3908: full audit trail entry for SEC submission — ArtemisQ Capital
# Detail record 3909: full audit trail entry for SEC submission — ArtemisQ Capital
# Detail record 3910: full audit trail entry for SEC submission — ArtemisQ Capital
# Detail record 3911: full audit trail entry for SEC submission — ArtemisQ Capital
# Detail record 3912: full audit trail entry for SEC submission — ArtemisQ Capital
# Detail record 3913: full audit trail entry for SEC submission — ArtemisQ Capital
# Detail record 3914: full audit trail entry for SEC submission — ArtemisQ Capital
# Detail record 3915: full audit trail entry for SEC submission — ArtemisQ Capital
# Detail record 3916: full audit trail entry for SEC submission — ArtemisQ Capital
# Detail record 3917: full audit trail entry for SEC submission — ArtemisQ Capital
# Detail record 3918: full audit trail entry for SEC submission — ArtemisQ Capital
# Detail record 3919: full audit trail entry for SEC submission — ArtemisQ Capital
# Detail record 3920: full audit trail entry for SEC submission — ArtemisQ Capital
# Detail record 3921: full audit trail entry for SEC submission — ArtemisQ Capital
# Detail record 3922: full audit trail entry for SEC submission — ArtemisQ Capital
# Detail record 3923: full audit trail entry for SEC submission — ArtemisQ Capital
# Detail record 3924: full audit trail entry for SEC submission — ArtemisQ Capital
# Detail record 3925: full audit trail entry for SEC submission — ArtemisQ Capital
# Detail record 3926: full audit trail entry for SEC submission — ArtemisQ Capital
# Detail record 3927: full audit trail entry for SEC submission — ArtemisQ Capital
# Detail record 3928: full audit trail entry for SEC submission — ArtemisQ Capital
# Detail record 3929: full audit trail entry for SEC submission — ArtemisQ Capital
# Detail record 3930: full audit trail entry for SEC submission — ArtemisQ Capital
# Detail record 3931: full audit trail entry for SEC submission — ArtemisQ Capital
# Detail record 3932: full audit trail entry for SEC submission — ArtemisQ Capital
# Detail record 3933: full audit trail entry for SEC submission — ArtemisQ Capital
# Detail record 3934: full audit trail entry for SEC submission — ArtemisQ Capital
# Detail record 3935: full audit trail entry for SEC submission — ArtemisQ Capital
# Detail record 3936: full audit trail entry for SEC submission — ArtemisQ Capital
# Detail record 3937: full audit trail entry for SEC submission — ArtemisQ Capital
# Detail record 3938: full audit trail entry for SEC submission — ArtemisQ Capital
# Detail record 3939: full audit trail entry for SEC submission — ArtemisQ Capital
# Detail record 3940: full audit trail entry for SEC submission — ArtemisQ Capital
# Detail record 3941: full audit trail entry for SEC submission — ArtemisQ Capital
# Detail record 3942: full audit trail entry for SEC submission — ArtemisQ Capital
# Detail record 3943: full audit trail entry for SEC submission — ArtemisQ Capital
# Detail record 3944: full audit trail entry for SEC submission — ArtemisQ Capital
# Detail record 3945: full audit trail entry for SEC submission — ArtemisQ Capital
# Detail record 3946: full audit trail entry for SEC submission — ArtemisQ Capital
# Detail record 3947: full audit trail entry for SEC submission — ArtemisQ Capital
# Detail record 3948: full audit trail entry for SEC submission — ArtemisQ Capital
# Detail record 3949: full audit trail entry for SEC submission — ArtemisQ Capital
# Detail record 3950: full audit trail entry for SEC submission — ArtemisQ Capital
# Detail record 3951: full audit trail entry for SEC submission — ArtemisQ Capital
# Detail record 3952: full audit trail entry for SEC submission — ArtemisQ Capital
# Detail record 3953: full audit trail entry for SEC submission — ArtemisQ Capital
# Detail record 3954: full audit trail entry for SEC submission — ArtemisQ Capital
# Detail record 3955: full audit trail entry for SEC submission — ArtemisQ Capital
# Detail record 3956: full audit trail entry for SEC submission — ArtemisQ Capital
# Detail record 3957: full audit trail entry for SEC submission — ArtemisQ Capital
# Detail record 3958: full audit trail entry for SEC submission — ArtemisQ Capital
# Detail record 3959: full audit trail entry for SEC submission — ArtemisQ Capital
# Detail record 3960: full audit trail entry for SEC submission — ArtemisQ Capital
# Detail record 3961: full audit trail entry for SEC submission — ArtemisQ Capital
# Detail record 3962: full audit trail entry for SEC submission — ArtemisQ Capital
# Detail record 3963: full audit trail entry for SEC submission — ArtemisQ Capital
# Detail record 3964: full audit trail entry for SEC submission — ArtemisQ Capital
# Detail record 3965: full audit trail entry for SEC submission — ArtemisQ Capital
# Detail record 3966: full audit trail entry for SEC submission — ArtemisQ Capital
# Detail record 3967: full audit trail entry for SEC submission — ArtemisQ Capital
# Detail record 3968: full audit trail entry for SEC submission — ArtemisQ Capital
# Detail record 3969: full audit trail entry for SEC submission — ArtemisQ Capital
# Detail record 3970: full audit trail entry for SEC submission — ArtemisQ Capital
# Detail record 3971: full audit trail entry for SEC submission — ArtemisQ Capital
# Detail record 3972: full audit trail entry for SEC submission — ArtemisQ Capital
# Detail record 3973: full audit trail entry for SEC submission — ArtemisQ Capital
# Detail record 3974: full audit trail entry for SEC submission — ArtemisQ Capital
# Detail record 3975: full audit trail entry for SEC submission — ArtemisQ Capital
# Detail record 3976: full audit trail entry for SEC submission — ArtemisQ Capital
# Detail record 3977: full audit trail entry for SEC submission — ArtemisQ Capital
# Detail record 3978: full audit trail entry for SEC submission — ArtemisQ Capital
# Detail record 3979: full audit trail entry for SEC submission — ArtemisQ Capital
# Detail record 3980: full audit trail entry for SEC submission — ArtemisQ Capital
# Detail record 3981: full audit trail entry for SEC submission — ArtemisQ Capital
# Detail record 3982: full audit trail entry for SEC submission — ArtemisQ Capital
# Detail record 3983: full audit trail entry for SEC submission — ArtemisQ Capital
# Detail record 3984: full audit trail entry for SEC submission — ArtemisQ Capital
# Detail record 3985: full audit trail entry for SEC submission — ArtemisQ Capital
# Detail record 3986: full audit trail entry for SEC submission — ArtemisQ Capital
# Detail record 3987: full audit trail entry for SEC submission — ArtemisQ Capital
# Detail record 3988: full audit trail entry for SEC submission — ArtemisQ Capital
# Detail record 3989: full audit trail entry for SEC submission — ArtemisQ Capital
# Detail record 3990: full audit trail entry for SEC submission — ArtemisQ Capital
# Detail record 3991: full audit trail entry for SEC submission — ArtemisQ Capital
# Detail record 3992: full audit trail entry for SEC submission — ArtemisQ Capital
# Detail record 3993: full audit trail entry for SEC submission — ArtemisQ Capital
# Detail record 3994: full audit trail entry for SEC submission — ArtemisQ Capital
# Detail record 3995: full audit trail entry for SEC submission — ArtemisQ Capital
# Detail record 3996: full audit trail entry for SEC submission — ArtemisQ Capital
# Detail record 3997: full audit trail entry for SEC submission — ArtemisQ Capital
# Detail record 3998: full audit trail entry for SEC submission — ArtemisQ Capital
# Detail record 3999: full audit trail entry for SEC submission — ArtemisQ Capital
# Detail record 4000: full audit trail entry for SEC submission — ArtemisQ Capital
# Detail record 4001: full audit trail entry for SEC submission — ArtemisQ Capital
# Detail record 4002: full audit trail entry for SEC submission — ArtemisQ Capital
# Detail record 4003: full audit trail entry for SEC submission — ArtemisQ Capital
# Detail record 4004: full audit trail entry for SEC submission — ArtemisQ Capital
# Detail record 4005: full audit trail entry for SEC submission — ArtemisQ Capital
# Detail record 4006: full audit trail entry for SEC submission — ArtemisQ Capital
# Detail record 4007: full audit trail entry for SEC submission — ArtemisQ Capital
# Detail record 4008: full audit trail entry for SEC submission — ArtemisQ Capital
# Detail record 4009: full audit trail entry for SEC submission — ArtemisQ Capital
# Detail record 4010: full audit trail entry for SEC submission — ArtemisQ Capital
# Detail record 4011: full audit trail entry for SEC submission — ArtemisQ Capital
# Detail record 4012: full audit trail entry for SEC submission — ArtemisQ Capital
# Detail record 4013: full audit trail entry for SEC submission — ArtemisQ Capital
# Detail record 4014: full audit trail entry for SEC submission — ArtemisQ Capital
# Detail record 4015: full audit trail entry for SEC submission — ArtemisQ Capital
# Detail record 4016: full audit trail entry for SEC submission — ArtemisQ Capital
# Detail record 4017: full audit trail entry for SEC submission — ArtemisQ Capital
# Detail record 4018: full audit trail entry for SEC submission — ArtemisQ Capital
# Detail record 4019: full audit trail entry for SEC submission — ArtemisQ Capital
# Detail record 4020: full audit trail entry for SEC submission — ArtemisQ Capital
# Detail record 4021: full audit trail entry for SEC submission — ArtemisQ Capital
# Detail record 4022: full audit trail entry for SEC submission — ArtemisQ Capital
# Detail record 4023: full audit trail entry for SEC submission — ArtemisQ Capital
# Detail record 4024: full audit trail entry for SEC submission — ArtemisQ Capital
# Detail record 4025: full audit trail entry for SEC submission — ArtemisQ Capital
# Detail record 4026: full audit trail entry for SEC submission — ArtemisQ Capital
# Detail record 4027: full audit trail entry for SEC submission — ArtemisQ Capital
# Detail record 4028: full audit trail entry for SEC submission — ArtemisQ Capital
# Detail record 4029: full audit trail entry for SEC submission — ArtemisQ Capital
# Detail record 4030: full audit trail entry for SEC submission — ArtemisQ Capital
# Detail record 4031: full audit trail entry for SEC submission — ArtemisQ Capital
# Detail record 4032: full audit trail entry for SEC submission — ArtemisQ Capital
# Detail record 4033: full audit trail entry for SEC submission — ArtemisQ Capital
# Detail record 4034: full audit trail entry for SEC submission — ArtemisQ Capital
# Detail record 4035: full audit trail entry for SEC submission — ArtemisQ Capital
# Detail record 4036: full audit trail entry for SEC submission — ArtemisQ Capital
# Detail record 4037: full audit trail entry for SEC submission — ArtemisQ Capital
# Detail record 4038: full audit trail entry for SEC submission — ArtemisQ Capital
# Detail record 4039: full audit trail entry for SEC submission — ArtemisQ Capital
# Detail record 4040: full audit trail entry for SEC submission — ArtemisQ Capital
# Detail record 4041: full audit trail entry for SEC submission — ArtemisQ Capital
# Detail record 4042: full audit trail entry for SEC submission — ArtemisQ Capital
# Detail record 4043: full audit trail entry for SEC submission — ArtemisQ Capital
# Detail record 4044: full audit trail entry for SEC submission — ArtemisQ Capital
# Detail record 4045: full audit trail entry for SEC submission — ArtemisQ Capital
# Detail record 4046: full audit trail entry for SEC submission — ArtemisQ Capital
# Detail record 4047: full audit trail entry for SEC submission — ArtemisQ Capital
# Detail record 4048: full audit trail entry for SEC submission — ArtemisQ Capital
# Detail record 4049: full audit trail entry for SEC submission — ArtemisQ Capital
# Detail record 4050: full audit trail entry for SEC submission — ArtemisQ Capital
# Detail record 4051: full audit trail entry for SEC submission — ArtemisQ Capital
# Detail record 4052: full audit trail entry for SEC submission — ArtemisQ Capital
# Detail record 4053: full audit trail entry for SEC submission — ArtemisQ Capital
# Detail record 4054: full audit trail entry for SEC submission — ArtemisQ Capital
# Detail record 4055: full audit trail entry for SEC submission — ArtemisQ Capital
# Detail record 4056: full audit trail entry for SEC submission — ArtemisQ Capital
# Detail record 4057: full audit trail entry for SEC submission — ArtemisQ Capital
# Detail record 4058: full audit trail entry for SEC submission — ArtemisQ Capital
# Detail record 4059: full audit trail entry for SEC submission — ArtemisQ Capital
# Detail record 4060: full audit trail entry for SEC submission — ArtemisQ Capital
# Detail record 4061: full audit trail entry for SEC submission — ArtemisQ Capital
# Detail record 4062: full audit trail entry for SEC submission — ArtemisQ Capital
# Detail record 4063: full audit trail entry for SEC submission — ArtemisQ Capital
# Detail record 4064: full audit trail entry for SEC submission — ArtemisQ Capital
# Detail record 4065: full audit trail entry for SEC submission — ArtemisQ Capital
# Detail record 4066: full audit trail entry for SEC submission — ArtemisQ Capital
# Detail record 4067: full audit trail entry for SEC submission — ArtemisQ Capital
# Detail record 4068: full audit trail entry for SEC submission — ArtemisQ Capital
# Detail record 4069: full audit trail entry for SEC submission — ArtemisQ Capital
# Detail record 4070: full audit trail entry for SEC submission — ArtemisQ Capital
# Detail record 4071: full audit trail entry for SEC submission — ArtemisQ Capital
# Detail record 4072: full audit trail entry for SEC submission — ArtemisQ Capital
# Detail record 4073: full audit trail entry for SEC submission — ArtemisQ Capital
# Detail record 4074: full audit trail entry for SEC submission — ArtemisQ Capital
# Detail record 4075: full audit trail entry for SEC submission — ArtemisQ Capital
# Detail record 4076: full audit trail entry for SEC submission — ArtemisQ Capital
# Detail record 4077: full audit trail entry for SEC submission — ArtemisQ Capital
# Detail record 4078: full audit trail entry for SEC submission — ArtemisQ Capital
# Detail record 4079: full audit trail entry for SEC submission — ArtemisQ Capital
# Detail record 4080: full audit trail entry for SEC submission — ArtemisQ Capital
# Detail record 4081: full audit trail entry for SEC submission — ArtemisQ Capital
# Detail record 4082: full audit trail entry for SEC submission — ArtemisQ Capital
# Detail record 4083: full audit trail entry for SEC submission — ArtemisQ Capital
# Detail record 4084: full audit trail entry for SEC submission — ArtemisQ Capital
# Detail record 4085: full audit trail entry for SEC submission — ArtemisQ Capital
# Detail record 4086: full audit trail entry for SEC submission — ArtemisQ Capital
# Detail record 4087: full audit trail entry for SEC submission — ArtemisQ Capital
# Detail record 4088: full audit trail entry for SEC submission — ArtemisQ Capital
# Detail record 4089: full audit trail entry for SEC submission — ArtemisQ Capital
# Detail record 4090: full audit trail entry for SEC submission — ArtemisQ Capital
# Detail record 4091: full audit trail entry for SEC submission — ArtemisQ Capital
# Detail record 4092: full audit trail entry for SEC submission — ArtemisQ Capital
# Detail record 4093: full audit trail entry for SEC submission — ArtemisQ Capital
# Detail record 4094: full audit trail entry for SEC submission — ArtemisQ Capital
# Detail record 4095: full audit trail entry for SEC submission — ArtemisQ Capital
# Detail record 4096: full audit trail entry for SEC submission — ArtemisQ Capital
# Detail record 4097: full audit trail entry for SEC submission — ArtemisQ Capital
# Detail record 4098: full audit trail entry for SEC submission — ArtemisQ Capital
# Detail record 4099: full audit trail entry for SEC submission — ArtemisQ Capital
# Detail record 4100: full audit trail entry for SEC submission — ArtemisQ Capital
# Detail record 4101: full audit trail entry for SEC submission — ArtemisQ Capital
# Detail record 4102: full audit trail entry for SEC submission — ArtemisQ Capital
# Detail record 4103: full audit trail entry for SEC submission — ArtemisQ Capital
# Detail record 4104: full audit trail entry for SEC submission — ArtemisQ Capital
# Detail record 4105: full audit trail entry for SEC submission — ArtemisQ Capital
# Detail record 4106: full audit trail entry for SEC submission — ArtemisQ Capital
# Detail record 4107: full audit trail entry for SEC submission — ArtemisQ Capital
# Detail record 4108: full audit trail entry for SEC submission — ArtemisQ Capital
# Detail record 4109: full audit trail entry for SEC submission — ArtemisQ Capital
# Detail record 4110: full audit trail entry for SEC submission — ArtemisQ Capital
# Detail record 4111: full audit trail entry for SEC submission — ArtemisQ Capital
# Detail record 4112: full audit trail entry for SEC submission — ArtemisQ Capital
# Detail record 4113: full audit trail entry for SEC submission — ArtemisQ Capital
# Detail record 4114: full audit trail entry for SEC submission — ArtemisQ Capital
# Detail record 4115: full audit trail entry for SEC submission — ArtemisQ Capital
# Detail record 4116: full audit trail entry for SEC submission — ArtemisQ Capital
# Detail record 4117: full audit trail entry for SEC submission — ArtemisQ Capital
# Detail record 4118: full audit trail entry for SEC submission — ArtemisQ Capital
# Detail record 4119: full audit trail entry for SEC submission — ArtemisQ Capital
# Detail record 4120: full audit trail entry for SEC submission — ArtemisQ Capital
# Detail record 4121: full audit trail entry for SEC submission — ArtemisQ Capital
# Detail record 4122: full audit trail entry for SEC submission — ArtemisQ Capital
# Detail record 4123: full audit trail entry for SEC submission — ArtemisQ Capital
# Detail record 4124: full audit trail entry for SEC submission — ArtemisQ Capital
# Detail record 4125: full audit trail entry for SEC submission — ArtemisQ Capital
# Detail record 4126: full audit trail entry for SEC submission — ArtemisQ Capital
# Detail record 4127: full audit trail entry for SEC submission — ArtemisQ Capital
# Detail record 4128: full audit trail entry for SEC submission — ArtemisQ Capital
# Detail record 4129: full audit trail entry for SEC submission — ArtemisQ Capital
# Detail record 4130: full audit trail entry for SEC submission — ArtemisQ Capital
# Detail record 4131: full audit trail entry for SEC submission — ArtemisQ Capital
# Detail record 4132: full audit trail entry for SEC submission — ArtemisQ Capital
# Detail record 4133: full audit trail entry for SEC submission — ArtemisQ Capital
# Detail record 4134: full audit trail entry for SEC submission — ArtemisQ Capital
# Detail record 4135: full audit trail entry for SEC submission — ArtemisQ Capital
# Detail record 4136: full audit trail entry for SEC submission — ArtemisQ Capital
# Detail record 4137: full audit trail entry for SEC submission — ArtemisQ Capital
# Detail record 4138: full audit trail entry for SEC submission — ArtemisQ Capital
# Detail record 4139: full audit trail entry for SEC submission — ArtemisQ Capital
# Detail record 4140: full audit trail entry for SEC submission — ArtemisQ Capital
# Detail record 4141: full audit trail entry for SEC submission — ArtemisQ Capital
# Detail record 4142: full audit trail entry for SEC submission — ArtemisQ Capital
# Detail record 4143: full audit trail entry for SEC submission — ArtemisQ Capital
# Detail record 4144: full audit trail entry for SEC submission — ArtemisQ Capital
# Detail record 4145: full audit trail entry for SEC submission — ArtemisQ Capital
# Detail record 4146: full audit trail entry for SEC submission — ArtemisQ Capital
# Detail record 4147: full audit trail entry for SEC submission — ArtemisQ Capital
# Detail record 4148: full audit trail entry for SEC submission — ArtemisQ Capital
# Detail record 4149: full audit trail entry for SEC submission — ArtemisQ Capital
# Detail record 4150: full audit trail entry for SEC submission — ArtemisQ Capital
# Detail record 4151: full audit trail entry for SEC submission — ArtemisQ Capital
# Detail record 4152: full audit trail entry for SEC submission — ArtemisQ Capital
# Detail record 4153: full audit trail entry for SEC submission — ArtemisQ Capital
# Detail record 4154: full audit trail entry for SEC submission — ArtemisQ Capital
# Detail record 4155: full audit trail entry for SEC submission — ArtemisQ Capital
# Detail record 4156: full audit trail entry for SEC submission — ArtemisQ Capital
# Detail record 4157: full audit trail entry for SEC submission — ArtemisQ Capital
# Detail record 4158: full audit trail entry for SEC submission — ArtemisQ Capital
# Detail record 4159: full audit trail entry for SEC submission — ArtemisQ Capital
# Detail record 4160: full audit trail entry for SEC submission — ArtemisQ Capital
# Detail record 4161: full audit trail entry for SEC submission — ArtemisQ Capital
# Detail record 4162: full audit trail entry for SEC submission — ArtemisQ Capital
# Detail record 4163: full audit trail entry for SEC submission — ArtemisQ Capital
# Detail record 4164: full audit trail entry for SEC submission — ArtemisQ Capital
# Detail record 4165: full audit trail entry for SEC submission — ArtemisQ Capital
# Detail record 4166: full audit trail entry for SEC submission — ArtemisQ Capital
# Detail record 4167: full audit trail entry for SEC submission — ArtemisQ Capital
# Detail record 4168: full audit trail entry for SEC submission — ArtemisQ Capital
# Detail record 4169: full audit trail entry for SEC submission — ArtemisQ Capital
# Detail record 4170: full audit trail entry for SEC submission — ArtemisQ Capital
# Detail record 4171: full audit trail entry for SEC submission — ArtemisQ Capital
# Detail record 4172: full audit trail entry for SEC submission — ArtemisQ Capital
# Detail record 4173: full audit trail entry for SEC submission — ArtemisQ Capital
# Detail record 4174: full audit trail entry for SEC submission — ArtemisQ Capital
# Detail record 4175: full audit trail entry for SEC submission — ArtemisQ Capital
# Detail record 4176: full audit trail entry for SEC submission — ArtemisQ Capital
# Detail record 4177: full audit trail entry for SEC submission — ArtemisQ Capital
# Detail record 4178: full audit trail entry for SEC submission — ArtemisQ Capital
# Detail record 4179: full audit trail entry for SEC submission — ArtemisQ Capital
# Detail record 4180: full audit trail entry for SEC submission — ArtemisQ Capital
# Detail record 4181: full audit trail entry for SEC submission — ArtemisQ Capital
# Detail record 4182: full audit trail entry for SEC submission — ArtemisQ Capital
# Detail record 4183: full audit trail entry for SEC submission — ArtemisQ Capital
# Detail record 4184: full audit trail entry for SEC submission — ArtemisQ Capital
# Detail record 4185: full audit trail entry for SEC submission — ArtemisQ Capital
# Detail record 4186: full audit trail entry for SEC submission — ArtemisQ Capital
# Detail record 4187: full audit trail entry for SEC submission — ArtemisQ Capital
# Detail record 4188: full audit trail entry for SEC submission — ArtemisQ Capital
# Detail record 4189: full audit trail entry for SEC submission — ArtemisQ Capital
# Detail record 4190: full audit trail entry for SEC submission — ArtemisQ Capital
# Detail record 4191: full audit trail entry for SEC submission — ArtemisQ Capital
# Detail record 4192: full audit trail entry for SEC submission — ArtemisQ Capital
# Detail record 4193: full audit trail entry for SEC submission — ArtemisQ Capital
# Detail record 4194: full audit trail entry for SEC submission — ArtemisQ Capital
# Detail record 4195: full audit trail entry for SEC submission — ArtemisQ Capital
# Detail record 4196: full audit trail entry for SEC submission — ArtemisQ Capital
# Detail record 4197: full audit trail entry for SEC submission — ArtemisQ Capital
# Detail record 4198: full audit trail entry for SEC submission — ArtemisQ Capital
# Detail record 4199: full audit trail entry for SEC submission — ArtemisQ Capital
# Detail record 4200: full audit trail entry for SEC submission — ArtemisQ Capital
# Detail record 4201: full audit trail entry for SEC submission — ArtemisQ Capital
# Detail record 4202: full audit trail entry for SEC submission — ArtemisQ Capital
# Detail record 4203: full audit trail entry for SEC submission — ArtemisQ Capital
# Detail record 4204: full audit trail entry for SEC submission — ArtemisQ Capital
# Detail record 4205: full audit trail entry for SEC submission — ArtemisQ Capital
# Detail record 4206: full audit trail entry for SEC submission — ArtemisQ Capital
# Detail record 4207: full audit trail entry for SEC submission — ArtemisQ Capital
# Detail record 4208: full audit trail entry for SEC submission — ArtemisQ Capital
# Detail record 4209: full audit trail entry for SEC submission — ArtemisQ Capital
# Detail record 4210: full audit trail entry for SEC submission — ArtemisQ Capital
# Detail record 4211: full audit trail entry for SEC submission — ArtemisQ Capital
# Detail record 4212: full audit trail entry for SEC submission — ArtemisQ Capital
# Detail record 4213: full audit trail entry for SEC submission — ArtemisQ Capital
# Detail record 4214: full audit trail entry for SEC submission — ArtemisQ Capital
# Detail record 4215: full audit trail entry for SEC submission — ArtemisQ Capital
# Detail record 4216: full audit trail entry for SEC submission — ArtemisQ Capital
# Detail record 4217: full audit trail entry for SEC submission — ArtemisQ Capital
# Detail record 4218: full audit trail entry for SEC submission — ArtemisQ Capital
# Detail record 4219: full audit trail entry for SEC submission — ArtemisQ Capital
# Detail record 4220: full audit trail entry for SEC submission — ArtemisQ Capital
# Detail record 4221: full audit trail entry for SEC submission — ArtemisQ Capital
# Detail record 4222: full audit trail entry for SEC submission — ArtemisQ Capital
# Detail record 4223: full audit trail entry for SEC submission — ArtemisQ Capital
# Detail record 4224: full audit trail entry for SEC submission — ArtemisQ Capital
# Detail record 4225: full audit trail entry for SEC submission — ArtemisQ Capital
# Detail record 4226: full audit trail entry for SEC submission — ArtemisQ Capital
# Detail record 4227: full audit trail entry for SEC submission — ArtemisQ Capital
# Detail record 4228: full audit trail entry for SEC submission — ArtemisQ Capital
# Detail record 4229: full audit trail entry for SEC submission — ArtemisQ Capital
# Detail record 4230: full audit trail entry for SEC submission — ArtemisQ Capital
# Detail record 4231: full audit trail entry for SEC submission — ArtemisQ Capital
# Detail record 4232: full audit trail entry for SEC submission — ArtemisQ Capital
# Detail record 4233: full audit trail entry for SEC submission — ArtemisQ Capital
# Detail record 4234: full audit trail entry for SEC submission — ArtemisQ Capital
# Detail record 4235: full audit trail entry for SEC submission — ArtemisQ Capital
# Detail record 4236: full audit trail entry for SEC submission — ArtemisQ Capital
# Detail record 4237: full audit trail entry for SEC submission — ArtemisQ Capital
# Detail record 4238: full audit trail entry for SEC submission — ArtemisQ Capital
# Detail record 4239: full audit trail entry for SEC submission — ArtemisQ Capital
# Detail record 4240: full audit trail entry for SEC submission — ArtemisQ Capital
# Detail record 4241: full audit trail entry for SEC submission — ArtemisQ Capital
# Detail record 4242: full audit trail entry for SEC submission — ArtemisQ Capital
# Detail record 4243: full audit trail entry for SEC submission — ArtemisQ Capital
# Detail record 4244: full audit trail entry for SEC submission — ArtemisQ Capital
# Detail record 4245: full audit trail entry for SEC submission — ArtemisQ Capital
# Detail record 4246: full audit trail entry for SEC submission — ArtemisQ Capital
# Detail record 4247: full audit trail entry for SEC submission — ArtemisQ Capital
# Detail record 4248: full audit trail entry for SEC submission — ArtemisQ Capital
# Detail record 4249: full audit trail entry for SEC submission — ArtemisQ Capital
# Detail record 4250: full audit trail entry for SEC submission — ArtemisQ Capital
# Detail record 4251: full audit trail entry for SEC submission — ArtemisQ Capital
# Detail record 4252: full audit trail entry for SEC submission — ArtemisQ Capital
# Detail record 4253: full audit trail entry for SEC submission — ArtemisQ Capital
# Detail record 4254: full audit trail entry for SEC submission — ArtemisQ Capital
# Detail record 4255: full audit trail entry for SEC submission — ArtemisQ Capital
# Detail record 4256: full audit trail entry for SEC submission — ArtemisQ Capital
# Detail record 4257: full audit trail entry for SEC submission — ArtemisQ Capital
# Detail record 4258: full audit trail entry for SEC submission — ArtemisQ Capital
# Detail record 4259: full audit trail entry for SEC submission — ArtemisQ Capital
# Detail record 4260: full audit trail entry for SEC submission — ArtemisQ Capital
# Detail record 4261: full audit trail entry for SEC submission — ArtemisQ Capital
# Detail record 4262: full audit trail entry for SEC submission — ArtemisQ Capital
# Detail record 4263: full audit trail entry for SEC submission — ArtemisQ Capital
# Detail record 4264: full audit trail entry for SEC submission — ArtemisQ Capital
# Detail record 4265: full audit trail entry for SEC submission — ArtemisQ Capital
# Detail record 4266: full audit trail entry for SEC submission — ArtemisQ Capital
# Detail record 4267: full audit trail entry for SEC submission — ArtemisQ Capital
# Detail record 4268: full audit trail entry for SEC submission — ArtemisQ Capital
# Detail record 4269: full audit trail entry for SEC submission — ArtemisQ Capital
# Detail record 4270: full audit trail entry for SEC submission — ArtemisQ Capital
# Detail record 4271: full audit trail entry for SEC submission — ArtemisQ Capital
# Detail record 4272: full audit trail entry for SEC submission — ArtemisQ Capital
# Detail record 4273: full audit trail entry for SEC submission — ArtemisQ Capital
# Detail record 4274: full audit trail entry for SEC submission — ArtemisQ Capital
# Detail record 4275: full audit trail entry for SEC submission — ArtemisQ Capital
# Detail record 4276: full audit trail entry for SEC submission — ArtemisQ Capital
# Detail record 4277: full audit trail entry for SEC submission — ArtemisQ Capital
# Detail record 4278: full audit trail entry for SEC submission — ArtemisQ Capital
# Detail record 4279: full audit trail entry for SEC submission — ArtemisQ Capital
# Detail record 4280: full audit trail entry for SEC submission — ArtemisQ Capital
# Detail record 4281: full audit trail entry for SEC submission — ArtemisQ Capital
# Detail record 4282: full audit trail entry for SEC submission — ArtemisQ Capital
# Detail record 4283: full audit trail entry for SEC submission — ArtemisQ Capital
# Detail record 4284: full audit trail entry for SEC submission — ArtemisQ Capital
# Detail record 4285: full audit trail entry for SEC submission — ArtemisQ Capital
# Detail record 4286: full audit trail entry for SEC submission — ArtemisQ Capital
# Detail record 4287: full audit trail entry for SEC submission — ArtemisQ Capital
# Detail record 4288: full audit trail entry for SEC submission — ArtemisQ Capital
# Detail record 4289: full audit trail entry for SEC submission — ArtemisQ Capital
# Detail record 4290: full audit trail entry for SEC submission — ArtemisQ Capital
# Detail record 4291: full audit trail entry for SEC submission — ArtemisQ Capital
# Detail record 4292: full audit trail entry for SEC submission — ArtemisQ Capital
# Detail record 4293: full audit trail entry for SEC submission — ArtemisQ Capital
# Detail record 4294: full audit trail entry for SEC submission — ArtemisQ Capital
# Detail record 4295: full audit trail entry for SEC submission — ArtemisQ Capital
# Detail record 4296: full audit trail entry for SEC submission — ArtemisQ Capital
# Detail record 4297: full audit trail entry for SEC submission — ArtemisQ Capital
# Detail record 4298: full audit trail entry for SEC submission — ArtemisQ Capital
# Detail record 4299: full audit trail entry for SEC submission — ArtemisQ Capital
# Detail record 4300: full audit trail entry for SEC submission — ArtemisQ Capital
# Detail record 4301: full audit trail entry for SEC submission — ArtemisQ Capital
# Detail record 4302: full audit trail entry for SEC submission — ArtemisQ Capital
# Detail record 4303: full audit trail entry for SEC submission — ArtemisQ Capital
# Detail record 4304: full audit trail entry for SEC submission — ArtemisQ Capital
# Detail record 4305: full audit trail entry for SEC submission — ArtemisQ Capital
# Detail record 4306: full audit trail entry for SEC submission — ArtemisQ Capital
# Detail record 4307: full audit trail entry for SEC submission — ArtemisQ Capital
# Detail record 4308: full audit trail entry for SEC submission — ArtemisQ Capital
# Detail record 4309: full audit trail entry for SEC submission — ArtemisQ Capital
# Detail record 4310: full audit trail entry for SEC submission — ArtemisQ Capital
# Detail record 4311: full audit trail entry for SEC submission — ArtemisQ Capital
# Detail record 4312: full audit trail entry for SEC submission — ArtemisQ Capital
# Detail record 4313: full audit trail entry for SEC submission — ArtemisQ Capital
# Detail record 4314: full audit trail entry for SEC submission — ArtemisQ Capital
# Detail record 4315: full audit trail entry for SEC submission — ArtemisQ Capital
# Detail record 4316: full audit trail entry for SEC submission — ArtemisQ Capital
# Detail record 4317: full audit trail entry for SEC submission — ArtemisQ Capital
# Detail record 4318: full audit trail entry for SEC submission — ArtemisQ Capital
# Detail record 4319: full audit trail entry for SEC submission — ArtemisQ Capital
# Detail record 4320: full audit trail entry for SEC submission — ArtemisQ Capital
# Detail record 4321: full audit trail entry for SEC submission — ArtemisQ Capital
# Detail record 4322: full audit trail entry for SEC submission — ArtemisQ Capital
# Detail record 4323: full audit trail entry for SEC submission — ArtemisQ Capital
# Detail record 4324: full audit trail entry for SEC submission — ArtemisQ Capital
# Detail record 4325: full audit trail entry for SEC submission — ArtemisQ Capital
# Detail record 4326: full audit trail entry for SEC submission — ArtemisQ Capital
# Detail record 4327: full audit trail entry for SEC submission — ArtemisQ Capital
# Detail record 4328: full audit trail entry for SEC submission — ArtemisQ Capital
# Detail record 4329: full audit trail entry for SEC submission — ArtemisQ Capital
# Detail record 4330: full audit trail entry for SEC submission — ArtemisQ Capital
# Detail record 4331: full audit trail entry for SEC submission — ArtemisQ Capital
# Detail record 4332: full audit trail entry for SEC submission — ArtemisQ Capital
# Detail record 4333: full audit trail entry for SEC submission — ArtemisQ Capital
# Detail record 4334: full audit trail entry for SEC submission — ArtemisQ Capital
# Detail record 4335: full audit trail entry for SEC submission — ArtemisQ Capital
# Detail record 4336: full audit trail entry for SEC submission — ArtemisQ Capital
# Detail record 4337: full audit trail entry for SEC submission — ArtemisQ Capital
# Detail record 4338: full audit trail entry for SEC submission — ArtemisQ Capital
# Detail record 4339: full audit trail entry for SEC submission — ArtemisQ Capital
# Detail record 4340: full audit trail entry for SEC submission — ArtemisQ Capital
# Detail record 4341: full audit trail entry for SEC submission — ArtemisQ Capital
# Detail record 4342: full audit trail entry for SEC submission — ArtemisQ Capital
# Detail record 4343: full audit trail entry for SEC submission — ArtemisQ Capital
# Detail record 4344: full audit trail entry for SEC submission — ArtemisQ Capital
# Detail record 4345: full audit trail entry for SEC submission — ArtemisQ Capital
# Detail record 4346: full audit trail entry for SEC submission — ArtemisQ Capital
# Detail record 4347: full audit trail entry for SEC submission — ArtemisQ Capital
# Detail record 4348: full audit trail entry for SEC submission — ArtemisQ Capital
# Detail record 4349: full audit trail entry for SEC submission — ArtemisQ Capital
# Detail record 4350: full audit trail entry for SEC submission — ArtemisQ Capital
# Detail record 4351: full audit trail entry for SEC submission — ArtemisQ Capital
# Detail record 4352: full audit trail entry for SEC submission — ArtemisQ Capital
# Detail record 4353: full audit trail entry for SEC submission — ArtemisQ Capital
# Detail record 4354: full audit trail entry for SEC submission — ArtemisQ Capital
# Detail record 4355: full audit trail entry for SEC submission — ArtemisQ Capital
# Detail record 4356: full audit trail entry for SEC submission — ArtemisQ Capital
# Detail record 4357: full audit trail entry for SEC submission — ArtemisQ Capital
# Detail record 4358: full audit trail entry for SEC submission — ArtemisQ Capital
# Detail record 4359: full audit trail entry for SEC submission — ArtemisQ Capital
# Detail record 4360: full audit trail entry for SEC submission — ArtemisQ Capital
# Detail record 4361: full audit trail entry for SEC submission — ArtemisQ Capital
# Detail record 4362: full audit trail entry for SEC submission — ArtemisQ Capital
# Detail record 4363: full audit trail entry for SEC submission — ArtemisQ Capital
# Detail record 4364: full audit trail entry for SEC submission — ArtemisQ Capital
# Detail record 4365: full audit trail entry for SEC submission — ArtemisQ Capital
# Detail record 4366: full audit trail entry for SEC submission — ArtemisQ Capital
# Detail record 4367: full audit trail entry for SEC submission — ArtemisQ Capital
# Detail record 4368: full audit trail entry for SEC submission — ArtemisQ Capital
# Detail record 4369: full audit trail entry for SEC submission — ArtemisQ Capital
# Detail record 4370: full audit trail entry for SEC submission — ArtemisQ Capital
# Detail record 4371: full audit trail entry for SEC submission — ArtemisQ Capital
# Detail record 4372: full audit trail entry for SEC submission — ArtemisQ Capital
# Detail record 4373: full audit trail entry for SEC submission — ArtemisQ Capital
# Detail record 4374: full audit trail entry for SEC submission — ArtemisQ Capital
# Detail record 4375: full audit trail entry for SEC submission — ArtemisQ Capital
# Detail record 4376: full audit trail entry for SEC submission — ArtemisQ Capital
# Detail record 4377: full audit trail entry for SEC submission — ArtemisQ Capital
# Detail record 4378: full audit trail entry for SEC submission — ArtemisQ Capital
# Detail record 4379: full audit trail entry for SEC submission — ArtemisQ Capital
# Detail record 4380: full audit trail entry for SEC submission — ArtemisQ Capital
# Detail record 4381: full audit trail entry for SEC submission — ArtemisQ Capital
# Detail record 4382: full audit trail entry for SEC submission — ArtemisQ Capital
# Detail record 4383: full audit trail entry for SEC submission — ArtemisQ Capital
# Detail record 4384: full audit trail entry for SEC submission — ArtemisQ Capital
# Detail record 4385: full audit trail entry for SEC submission — ArtemisQ Capital
# Detail record 4386: full audit trail entry for SEC submission — ArtemisQ Capital
# Detail record 4387: full audit trail entry for SEC submission — ArtemisQ Capital
# Detail record 4388: full audit trail entry for SEC submission — ArtemisQ Capital
# Detail record 4389: full audit trail entry for SEC submission — ArtemisQ Capital
# Detail record 4390: full audit trail entry for SEC submission — ArtemisQ Capital
# Detail record 4391: full audit trail entry for SEC submission — ArtemisQ Capital
# Detail record 4392: full audit trail entry for SEC submission — ArtemisQ Capital
# Detail record 4393: full audit trail entry for SEC submission — ArtemisQ Capital
# Detail record 4394: full audit trail entry for SEC submission — ArtemisQ Capital
# Detail record 4395: full audit trail entry for SEC submission — ArtemisQ Capital
# Detail record 4396: full audit trail entry for SEC submission — ArtemisQ Capital
# Detail record 4397: full audit trail entry for SEC submission — ArtemisQ Capital
# Detail record 4398: full audit trail entry for SEC submission — ArtemisQ Capital
# Detail record 4399: full audit trail entry for SEC submission — ArtemisQ Capital
# Detail record 4400: full audit trail entry for SEC submission — ArtemisQ Capital
# Detail record 4401: full audit trail entry for SEC submission — ArtemisQ Capital
# Detail record 4402: full audit trail entry for SEC submission — ArtemisQ Capital
# Detail record 4403: full audit trail entry for SEC submission — ArtemisQ Capital
# Detail record 4404: full audit trail entry for SEC submission — ArtemisQ Capital
# Detail record 4405: full audit trail entry for SEC submission — ArtemisQ Capital
# Detail record 4406: full audit trail entry for SEC submission — ArtemisQ Capital
# Detail record 4407: full audit trail entry for SEC submission — ArtemisQ Capital
# Detail record 4408: full audit trail entry for SEC submission — ArtemisQ Capital
# Detail record 4409: full audit trail entry for SEC submission — ArtemisQ Capital
# Detail record 4410: full audit trail entry for SEC submission — ArtemisQ Capital
# Detail record 4411: full audit trail entry for SEC submission — ArtemisQ Capital
# Detail record 4412: full audit trail entry for SEC submission — ArtemisQ Capital
# Detail record 4413: full audit trail entry for SEC submission — ArtemisQ Capital
# Detail record 4414: full audit trail entry for SEC submission — ArtemisQ Capital
# Detail record 4415: full audit trail entry for SEC submission — ArtemisQ Capital
# Detail record 4416: full audit trail entry for SEC submission — ArtemisQ Capital
# Detail record 4417: full audit trail entry for SEC submission — ArtemisQ Capital
# Detail record 4418: full audit trail entry for SEC submission — ArtemisQ Capital
# Detail record 4419: full audit trail entry for SEC submission — ArtemisQ Capital
# Detail record 4420: full audit trail entry for SEC submission — ArtemisQ Capital
# Detail record 4421: full audit trail entry for SEC submission — ArtemisQ Capital
# Detail record 4422: full audit trail entry for SEC submission — ArtemisQ Capital
# Detail record 4423: full audit trail entry for SEC submission — ArtemisQ Capital
# Detail record 4424: full audit trail entry for SEC submission — ArtemisQ Capital
# Detail record 4425: full audit trail entry for SEC submission — ArtemisQ Capital
# Detail record 4426: full audit trail entry for SEC submission — ArtemisQ Capital
# Detail record 4427: full audit trail entry for SEC submission — ArtemisQ Capital
# Detail record 4428: full audit trail entry for SEC submission — ArtemisQ Capital
# Detail record 4429: full audit trail entry for SEC submission — ArtemisQ Capital
# Detail record 4430: full audit trail entry for SEC submission — ArtemisQ Capital
# Detail record 4431: full audit trail entry for SEC submission — ArtemisQ Capital
# Detail record 4432: full audit trail entry for SEC submission — ArtemisQ Capital
# Detail record 4433: full audit trail entry for SEC submission — ArtemisQ Capital
# Detail record 4434: full audit trail entry for SEC submission — ArtemisQ Capital
# Detail record 4435: full audit trail entry for SEC submission — ArtemisQ Capital
# Detail record 4436: full audit trail entry for SEC submission — ArtemisQ Capital
# Detail record 4437: full audit trail entry for SEC submission — ArtemisQ Capital
# Detail record 4438: full audit trail entry for SEC submission — ArtemisQ Capital
# Detail record 4439: full audit trail entry for SEC submission — ArtemisQ Capital
# Detail record 4440: full audit trail entry for SEC submission — ArtemisQ Capital
# Detail record 4441: full audit trail entry for SEC submission — ArtemisQ Capital
# Detail record 4442: full audit trail entry for SEC submission — ArtemisQ Capital
# Detail record 4443: full audit trail entry for SEC submission — ArtemisQ Capital
# Detail record 4444: full audit trail entry for SEC submission — ArtemisQ Capital
# Detail record 4445: full audit trail entry for SEC submission — ArtemisQ Capital
# Detail record 4446: full audit trail entry for SEC submission — ArtemisQ Capital
# Detail record 4447: full audit trail entry for SEC submission — ArtemisQ Capital
# Detail record 4448: full audit trail entry for SEC submission — ArtemisQ Capital
# Detail record 4449: full audit trail entry for SEC submission — ArtemisQ Capital
# Detail record 4450: full audit trail entry for SEC submission — ArtemisQ Capital
# Detail record 4451: full audit trail entry for SEC submission — ArtemisQ Capital
# Detail record 4452: full audit trail entry for SEC submission — ArtemisQ Capital
# Detail record 4453: full audit trail entry for SEC submission — ArtemisQ Capital
# Detail record 4454: full audit trail entry for SEC submission — ArtemisQ Capital
# Detail record 4455: full audit trail entry for SEC submission — ArtemisQ Capital
# Detail record 4456: full audit trail entry for SEC submission — ArtemisQ Capital
# Detail record 4457: full audit trail entry for SEC submission — ArtemisQ Capital
# Detail record 4458: full audit trail entry for SEC submission — ArtemisQ Capital
# Detail record 4459: full audit trail entry for SEC submission — ArtemisQ Capital
# Detail record 4460: full audit trail entry for SEC submission — ArtemisQ Capital
# Detail record 4461: full audit trail entry for SEC submission — ArtemisQ Capital
# Detail record 4462: full audit trail entry for SEC submission — ArtemisQ Capital
# Detail record 4463: full audit trail entry for SEC submission — ArtemisQ Capital
# Detail record 4464: full audit trail entry for SEC submission — ArtemisQ Capital
# Detail record 4465: full audit trail entry for SEC submission — ArtemisQ Capital
# Detail record 4466: full audit trail entry for SEC submission — ArtemisQ Capital
# Detail record 4467: full audit trail entry for SEC submission — ArtemisQ Capital
# Detail record 4468: full audit trail entry for SEC submission — ArtemisQ Capital
# Detail record 4469: full audit trail entry for SEC submission — ArtemisQ Capital
# Detail record 4470: full audit trail entry for SEC submission — ArtemisQ Capital
# Detail record 4471: full audit trail entry for SEC submission — ArtemisQ Capital
# Detail record 4472: full audit trail entry for SEC submission — ArtemisQ Capital
# Detail record 4473: full audit trail entry for SEC submission — ArtemisQ Capital
# Detail record 4474: full audit trail entry for SEC submission — ArtemisQ Capital
# Detail record 4475: full audit trail entry for SEC submission — ArtemisQ Capital
# Detail record 4476: full audit trail entry for SEC submission — ArtemisQ Capital
# Detail record 4477: full audit trail entry for SEC submission — ArtemisQ Capital
# Detail record 4478: full audit trail entry for SEC submission — ArtemisQ Capital
# Detail record 4479: full audit trail entry for SEC submission — ArtemisQ Capital
# Detail record 4480: full audit trail entry for SEC submission — ArtemisQ Capital
# Detail record 4481: full audit trail entry for SEC submission — ArtemisQ Capital
# Detail record 4482: full audit trail entry for SEC submission — ArtemisQ Capital
# Detail record 4483: full audit trail entry for SEC submission — ArtemisQ Capital
# Detail record 4484: full audit trail entry for SEC submission — ArtemisQ Capital
# Detail record 4485: full audit trail entry for SEC submission — ArtemisQ Capital
# Detail record 4486: full audit trail entry for SEC submission — ArtemisQ Capital
# Detail record 4487: full audit trail entry for SEC submission — ArtemisQ Capital
# Detail record 4488: full audit trail entry for SEC submission — ArtemisQ Capital
# Detail record 4489: full audit trail entry for SEC submission — ArtemisQ Capital
# Detail record 4490: full audit trail entry for SEC submission — ArtemisQ Capital
# Detail record 4491: full audit trail entry for SEC submission — ArtemisQ Capital
# Detail record 4492: full audit trail entry for SEC submission — ArtemisQ Capital
# Detail record 4493: full audit trail entry for SEC submission — ArtemisQ Capital
# Detail record 4494: full audit trail entry for SEC submission — ArtemisQ Capital
# Detail record 4495: full audit trail entry for SEC submission — ArtemisQ Capital
# Detail record 4496: full audit trail entry for SEC submission — ArtemisQ Capital
# Detail record 4497: full audit trail entry for SEC submission — ArtemisQ Capital
# Detail record 4498: full audit trail entry for SEC submission — ArtemisQ Capital
# Detail record 4499: full audit trail entry for SEC submission — ArtemisQ Capital
# Detail record 4500: full audit trail entry for SEC submission — ArtemisQ Capital
# Detail record 4501: full audit trail entry for SEC submission — ArtemisQ Capital
# Detail record 4502: full audit trail entry for SEC submission — ArtemisQ Capital
# Detail record 4503: full audit trail entry for SEC submission — ArtemisQ Capital
# Detail record 4504: full audit trail entry for SEC submission — ArtemisQ Capital
# Detail record 4505: full audit trail entry for SEC submission — ArtemisQ Capital
# Detail record 4506: full audit trail entry for SEC submission — ArtemisQ Capital
# Detail record 4507: full audit trail entry for SEC submission — ArtemisQ Capital
# Detail record 4508: full audit trail entry for SEC submission — ArtemisQ Capital
# Detail record 4509: full audit trail entry for SEC submission — ArtemisQ Capital
# Detail record 4510: full audit trail entry for SEC submission — ArtemisQ Capital
# Detail record 4511: full audit trail entry for SEC submission — ArtemisQ Capital
# Detail record 4512: full audit trail entry for SEC submission — ArtemisQ Capital
# Detail record 4513: full audit trail entry for SEC submission — ArtemisQ Capital
# Detail record 4514: full audit trail entry for SEC submission — ArtemisQ Capital
# Detail record 4515: full audit trail entry for SEC submission — ArtemisQ Capital
# Detail record 4516: full audit trail entry for SEC submission — ArtemisQ Capital
# Detail record 4517: full audit trail entry for SEC submission — ArtemisQ Capital
# Detail record 4518: full audit trail entry for SEC submission — ArtemisQ Capital
# Detail record 4519: full audit trail entry for SEC submission — ArtemisQ Capital
# Detail record 4520: full audit trail entry for SEC submission — ArtemisQ Capital
# Detail record 4521: full audit trail entry for SEC submission — ArtemisQ Capital
# Detail record 4522: full audit trail entry for SEC submission — ArtemisQ Capital
# Detail record 4523: full audit trail entry for SEC submission — ArtemisQ Capital
# Detail record 4524: full audit trail entry for SEC submission — ArtemisQ Capital
# Detail record 4525: full audit trail entry for SEC submission — ArtemisQ Capital
# Detail record 4526: full audit trail entry for SEC submission — ArtemisQ Capital
# Detail record 4527: full audit trail entry for SEC submission — ArtemisQ Capital
# Detail record 4528: full audit trail entry for SEC submission — ArtemisQ Capital
# Detail record 4529: full audit trail entry for SEC submission — ArtemisQ Capital
# Detail record 4530: full audit trail entry for SEC submission — ArtemisQ Capital
# Detail record 4531: full audit trail entry for SEC submission — ArtemisQ Capital
# Detail record 4532: full audit trail entry for SEC submission — ArtemisQ Capital
# Detail record 4533: full audit trail entry for SEC submission — ArtemisQ Capital
# Detail record 4534: full audit trail entry for SEC submission — ArtemisQ Capital
# Detail record 4535: full audit trail entry for SEC submission — ArtemisQ Capital
# Detail record 4536: full audit trail entry for SEC submission — ArtemisQ Capital
# Detail record 4537: full audit trail entry for SEC submission — ArtemisQ Capital
# Detail record 4538: full audit trail entry for SEC submission — ArtemisQ Capital
# Detail record 4539: full audit trail entry for SEC submission — ArtemisQ Capital
# Detail record 4540: full audit trail entry for SEC submission — ArtemisQ Capital
# Detail record 4541: full audit trail entry for SEC submission — ArtemisQ Capital
# Detail record 4542: full audit trail entry for SEC submission — ArtemisQ Capital
# Detail record 4543: full audit trail entry for SEC submission — ArtemisQ Capital
# Detail record 4544: full audit trail entry for SEC submission — ArtemisQ Capital
# Detail record 4545: full audit trail entry for SEC submission — ArtemisQ Capital
# Detail record 4546: full audit trail entry for SEC submission — ArtemisQ Capital
# Detail record 4547: full audit trail entry for SEC submission — ArtemisQ Capital
# Detail record 4548: full audit trail entry for SEC submission — ArtemisQ Capital
# Detail record 4549: full audit trail entry for SEC submission — ArtemisQ Capital
# Detail record 4550: full audit trail entry for SEC submission — ArtemisQ Capital
# Detail record 4551: full audit trail entry for SEC submission — ArtemisQ Capital
# Detail record 4552: full audit trail entry for SEC submission — ArtemisQ Capital
# Detail record 4553: full audit trail entry for SEC submission — ArtemisQ Capital
# Detail record 4554: full audit trail entry for SEC submission — ArtemisQ Capital
# Detail record 4555: full audit trail entry for SEC submission — ArtemisQ Capital
# Detail record 4556: full audit trail entry for SEC submission — ArtemisQ Capital
# Detail record 4557: full audit trail entry for SEC submission — ArtemisQ Capital
# Detail record 4558: full audit trail entry for SEC submission — ArtemisQ Capital
# Detail record 4559: full audit trail entry for SEC submission — ArtemisQ Capital
# Detail record 4560: full audit trail entry for SEC submission — ArtemisQ Capital
# Detail record 4561: full audit trail entry for SEC submission — ArtemisQ Capital
# Detail record 4562: full audit trail entry for SEC submission — ArtemisQ Capital
# Detail record 4563: full audit trail entry for SEC submission — ArtemisQ Capital
# Detail record 4564: full audit trail entry for SEC submission — ArtemisQ Capital
# Detail record 4565: full audit trail entry for SEC submission — ArtemisQ Capital
# Detail record 4566: full audit trail entry for SEC submission — ArtemisQ Capital
# Detail record 4567: full audit trail entry for SEC submission — ArtemisQ Capital
# Detail record 4568: full audit trail entry for SEC submission — ArtemisQ Capital
# Detail record 4569: full audit trail entry for SEC submission — ArtemisQ Capital
# Detail record 4570: full audit trail entry for SEC submission — ArtemisQ Capital
# Detail record 4571: full audit trail entry for SEC submission — ArtemisQ Capital
# Detail record 4572: full audit trail entry for SEC submission — ArtemisQ Capital
# Detail record 4573: full audit trail entry for SEC submission — ArtemisQ Capital
# Detail record 4574: full audit trail entry for SEC submission — ArtemisQ Capital
# Detail record 4575: full audit trail entry for SEC submission — ArtemisQ Capital
# Detail record 4576: full audit trail entry for SEC submission — ArtemisQ Capital
# Detail record 4577: full audit trail entry for SEC submission — ArtemisQ Capital
# Detail record 4578: full audit trail entry for SEC submission — ArtemisQ Capital
# Detail record 4579: full audit trail entry for SEC submission — ArtemisQ Capital
# Detail record 4580: full audit trail entry for SEC submission — ArtemisQ Capital
# Detail record 4581: full audit trail entry for SEC submission — ArtemisQ Capital
# Detail record 4582: full audit trail entry for SEC submission — ArtemisQ Capital
# Detail record 4583: full audit trail entry for SEC submission — ArtemisQ Capital
# Detail record 4584: full audit trail entry for SEC submission — ArtemisQ Capital
# Detail record 4585: full audit trail entry for SEC submission — ArtemisQ Capital
# Detail record 4586: full audit trail entry for SEC submission — ArtemisQ Capital
# Detail record 4587: full audit trail entry for SEC submission — ArtemisQ Capital
# Detail record 4588: full audit trail entry for SEC submission — ArtemisQ Capital
# Detail record 4589: full audit trail entry for SEC submission — ArtemisQ Capital
# Detail record 4590: full audit trail entry for SEC submission — ArtemisQ Capital
# Detail record 4591: full audit trail entry for SEC submission — ArtemisQ Capital
# Detail record 4592: full audit trail entry for SEC submission — ArtemisQ Capital
# Detail record 4593: full audit trail entry for SEC submission — ArtemisQ Capital
# Detail record 4594: full audit trail entry for SEC submission — ArtemisQ Capital
# Detail record 4595: full audit trail entry for SEC submission — ArtemisQ Capital
# Detail record 4596: full audit trail entry for SEC submission — ArtemisQ Capital
# Detail record 4597: full audit trail entry for SEC submission — ArtemisQ Capital
# Detail record 4598: full audit trail entry for SEC submission — ArtemisQ Capital
# Detail record 4599: full audit trail entry for SEC submission — ArtemisQ Capital
# Detail record 4600: full audit trail entry for SEC submission — ArtemisQ Capital
# Detail record 4601: full audit trail entry for SEC submission — ArtemisQ Capital
# Detail record 4602: full audit trail entry for SEC submission — ArtemisQ Capital
# Detail record 4603: full audit trail entry for SEC submission — ArtemisQ Capital
# Detail record 4604: full audit trail entry for SEC submission — ArtemisQ Capital
# Detail record 4605: full audit trail entry for SEC submission — ArtemisQ Capital
# Detail record 4606: full audit trail entry for SEC submission — ArtemisQ Capital
# Detail record 4607: full audit trail entry for SEC submission — ArtemisQ Capital
# Detail record 4608: full audit trail entry for SEC submission — ArtemisQ Capital
# Detail record 4609: full audit trail entry for SEC submission — ArtemisQ Capital
# Detail record 4610: full audit trail entry for SEC submission — ArtemisQ Capital
# Detail record 4611: full audit trail entry for SEC submission — ArtemisQ Capital
# Detail record 4612: full audit trail entry for SEC submission — ArtemisQ Capital
# Detail record 4613: full audit trail entry for SEC submission — ArtemisQ Capital
# Detail record 4614: full audit trail entry for SEC submission — ArtemisQ Capital
# Detail record 4615: full audit trail entry for SEC submission — ArtemisQ Capital
# Detail record 4616: full audit trail entry for SEC submission — ArtemisQ Capital
# Detail record 4617: full audit trail entry for SEC submission — ArtemisQ Capital
# Detail record 4618: full audit trail entry for SEC submission — ArtemisQ Capital
# Detail record 4619: full audit trail entry for SEC submission — ArtemisQ Capital
# Detail record 4620: full audit trail entry for SEC submission — ArtemisQ Capital
# Detail record 4621: full audit trail entry for SEC submission — ArtemisQ Capital
# Detail record 4622: full audit trail entry for SEC submission — ArtemisQ Capital
# Detail record 4623: full audit trail entry for SEC submission — ArtemisQ Capital
# Detail record 4624: full audit trail entry for SEC submission — ArtemisQ Capital
# Detail record 4625: full audit trail entry for SEC submission — ArtemisQ Capital
# Detail record 4626: full audit trail entry for SEC submission — ArtemisQ Capital
# Detail record 4627: full audit trail entry for SEC submission — ArtemisQ Capital
# Detail record 4628: full audit trail entry for SEC submission — ArtemisQ Capital
# Detail record 4629: full audit trail entry for SEC submission — ArtemisQ Capital
# Detail record 4630: full audit trail entry for SEC submission — ArtemisQ Capital
# Detail record 4631: full audit trail entry for SEC submission — ArtemisQ Capital
# Detail record 4632: full audit trail entry for SEC submission — ArtemisQ Capital
# Detail record 4633: full audit trail entry for SEC submission — ArtemisQ Capital
# Detail record 4634: full audit trail entry for SEC submission — ArtemisQ Capital
# Detail record 4635: full audit trail entry for SEC submission — ArtemisQ Capital
# Detail record 4636: full audit trail entry for SEC submission — ArtemisQ Capital
# Detail record 4637: full audit trail entry for SEC submission — ArtemisQ Capital
# Detail record 4638: full audit trail entry for SEC submission — ArtemisQ Capital
# Detail record 4639: full audit trail entry for SEC submission — ArtemisQ Capital
# Detail record 4640: full audit trail entry for SEC submission — ArtemisQ Capital
# Detail record 4641: full audit trail entry for SEC submission — ArtemisQ Capital
# Detail record 4642: full audit trail entry for SEC submission — ArtemisQ Capital
# Detail record 4643: full audit trail entry for SEC submission — ArtemisQ Capital
# Detail record 4644: full audit trail entry for SEC submission — ArtemisQ Capital
# Detail record 4645: full audit trail entry for SEC submission — ArtemisQ Capital
# Detail record 4646: full audit trail entry for SEC submission — ArtemisQ Capital
# Detail record 4647: full audit trail entry for SEC submission — ArtemisQ Capital
# Detail record 4648: full audit trail entry for SEC submission — ArtemisQ Capital
# Detail record 4649: full audit trail entry for SEC submission — ArtemisQ Capital
# Detail record 4650: full audit trail entry for SEC submission — ArtemisQ Capital
# Detail record 4651: full audit trail entry for SEC submission — ArtemisQ Capital
# Detail record 4652: full audit trail entry for SEC submission — ArtemisQ Capital
# Detail record 4653: full audit trail entry for SEC submission — ArtemisQ Capital
# Detail record 4654: full audit trail entry for SEC submission — ArtemisQ Capital
# Detail record 4655: full audit trail entry for SEC submission — ArtemisQ Capital
# Detail record 4656: full audit trail entry for SEC submission — ArtemisQ Capital
# Detail record 4657: full audit trail entry for SEC submission — ArtemisQ Capital
# Detail record 4658: full audit trail entry for SEC submission — ArtemisQ Capital
# Detail record 4659: full audit trail entry for SEC submission — ArtemisQ Capital
# Detail record 4660: full audit trail entry for SEC submission — ArtemisQ Capital
# Detail record 4661: full audit trail entry for SEC submission — ArtemisQ Capital
# Detail record 4662: full audit trail entry for SEC submission — ArtemisQ Capital
# Detail record 4663: full audit trail entry for SEC submission — ArtemisQ Capital
# Detail record 4664: full audit trail entry for SEC submission — ArtemisQ Capital
# Detail record 4665: full audit trail entry for SEC submission — ArtemisQ Capital
# Detail record 4666: full audit trail entry for SEC submission — ArtemisQ Capital
# Detail record 4667: full audit trail entry for SEC submission — ArtemisQ Capital
# Detail record 4668: full audit trail entry for SEC submission — ArtemisQ Capital
# Detail record 4669: full audit trail entry for SEC submission — ArtemisQ Capital
# Detail record 4670: full audit trail entry for SEC submission — ArtemisQ Capital
# Detail record 4671: full audit trail entry for SEC submission — ArtemisQ Capital
# Detail record 4672: full audit trail entry for SEC submission — ArtemisQ Capital
# Detail record 4673: full audit trail entry for SEC submission — ArtemisQ Capital
# Detail record 4674: full audit trail entry for SEC submission — ArtemisQ Capital
# Detail record 4675: full audit trail entry for SEC submission — ArtemisQ Capital
# Detail record 4676: full audit trail entry for SEC submission — ArtemisQ Capital
# Detail record 4677: full audit trail entry for SEC submission — ArtemisQ Capital
# Detail record 4678: full audit trail entry for SEC submission — ArtemisQ Capital
# Detail record 4679: full audit trail entry for SEC submission — ArtemisQ Capital
# Detail record 4680: full audit trail entry for SEC submission — ArtemisQ Capital
# Detail record 4681: full audit trail entry for SEC submission — ArtemisQ Capital
# Detail record 4682: full audit trail entry for SEC submission — ArtemisQ Capital
# Detail record 4683: full audit trail entry for SEC submission — ArtemisQ Capital
# Detail record 4684: full audit trail entry for SEC submission — ArtemisQ Capital
# Detail record 4685: full audit trail entry for SEC submission — ArtemisQ Capital
# Detail record 4686: full audit trail entry for SEC submission — ArtemisQ Capital
# Detail record 4687: full audit trail entry for SEC submission — ArtemisQ Capital
# Detail record 4688: full audit trail entry for SEC submission — ArtemisQ Capital
# Detail record 4689: full audit trail entry for SEC submission — ArtemisQ Capital
# Detail record 4690: full audit trail entry for SEC submission — ArtemisQ Capital
# Detail record 4691: full audit trail entry for SEC submission — ArtemisQ Capital
# Detail record 4692: full audit trail entry for SEC submission — ArtemisQ Capital
# Detail record 4693: full audit trail entry for SEC submission — ArtemisQ Capital
# Detail record 4694: full audit trail entry for SEC submission — ArtemisQ Capital
# Detail record 4695: full audit trail entry for SEC submission — ArtemisQ Capital
# Detail record 4696: full audit trail entry for SEC submission — ArtemisQ Capital
# Detail record 4697: full audit trail entry for SEC submission — ArtemisQ Capital
# Detail record 4698: full audit trail entry for SEC submission — ArtemisQ Capital
# Detail record 4699: full audit trail entry for SEC submission — ArtemisQ Capital
# Detail record 4700: full audit trail entry for SEC submission — ArtemisQ Capital
# Detail record 4701: full audit trail entry for SEC submission — ArtemisQ Capital
# Detail record 4702: full audit trail entry for SEC submission — ArtemisQ Capital
# Detail record 4703: full audit trail entry for SEC submission — ArtemisQ Capital
# Detail record 4704: full audit trail entry for SEC submission — ArtemisQ Capital
# Detail record 4705: full audit trail entry for SEC submission — ArtemisQ Capital
# Detail record 4706: full audit trail entry for SEC submission — ArtemisQ Capital
# Detail record 4707: full audit trail entry for SEC submission — ArtemisQ Capital
# Detail record 4708: full audit trail entry for SEC submission — ArtemisQ Capital
# Detail record 4709: full audit trail entry for SEC submission — ArtemisQ Capital
# Detail record 4710: full audit trail entry for SEC submission — ArtemisQ Capital
# Detail record 4711: full audit trail entry for SEC submission — ArtemisQ Capital
# Detail record 4712: full audit trail entry for SEC submission — ArtemisQ Capital
# Detail record 4713: full audit trail entry for SEC submission — ArtemisQ Capital
# Detail record 4714: full audit trail entry for SEC submission — ArtemisQ Capital
# Detail record 4715: full audit trail entry for SEC submission — ArtemisQ Capital
# Detail record 4716: full audit trail entry for SEC submission — ArtemisQ Capital
# Detail record 4717: full audit trail entry for SEC submission — ArtemisQ Capital
# Detail record 4718: full audit trail entry for SEC submission — ArtemisQ Capital
# Detail record 4719: full audit trail entry for SEC submission — ArtemisQ Capital
# Detail record 4720: full audit trail entry for SEC submission — ArtemisQ Capital
# Detail record 4721: full audit trail entry for SEC submission — ArtemisQ Capital
# Detail record 4722: full audit trail entry for SEC submission — ArtemisQ Capital
# Detail record 4723: full audit trail entry for SEC submission — ArtemisQ Capital
# Detail record 4724: full audit trail entry for SEC submission — ArtemisQ Capital
# Detail record 4725: full audit trail entry for SEC submission — ArtemisQ Capital
# Detail record 4726: full audit trail entry for SEC submission — ArtemisQ Capital
# Detail record 4727: full audit trail entry for SEC submission — ArtemisQ Capital
# Detail record 4728: full audit trail entry for SEC submission — ArtemisQ Capital
# Detail record 4729: full audit trail entry for SEC submission — ArtemisQ Capital
# Detail record 4730: full audit trail entry for SEC submission — ArtemisQ Capital
# Detail record 4731: full audit trail entry for SEC submission — ArtemisQ Capital
# Detail record 4732: full audit trail entry for SEC submission — ArtemisQ Capital
# Detail record 4733: full audit trail entry for SEC submission — ArtemisQ Capital
# Detail record 4734: full audit trail entry for SEC submission — ArtemisQ Capital
# Detail record 4735: full audit trail entry for SEC submission — ArtemisQ Capital
# Detail record 4736: full audit trail entry for SEC submission — ArtemisQ Capital
# Detail record 4737: full audit trail entry for SEC submission — ArtemisQ Capital
# Detail record 4738: full audit trail entry for SEC submission — ArtemisQ Capital
# Detail record 4739: full audit trail entry for SEC submission — ArtemisQ Capital
# Detail record 4740: full audit trail entry for SEC submission — ArtemisQ Capital
# Detail record 4741: full audit trail entry for SEC submission — ArtemisQ Capital
# Detail record 4742: full audit trail entry for SEC submission — ArtemisQ Capital
# Detail record 4743: full audit trail entry for SEC submission — ArtemisQ Capital
# Detail record 4744: full audit trail entry for SEC submission — ArtemisQ Capital
# Detail record 4745: full audit trail entry for SEC submission — ArtemisQ Capital
# Detail record 4746: full audit trail entry for SEC submission — ArtemisQ Capital
# Detail record 4747: full audit trail entry for SEC submission — ArtemisQ Capital
# Detail record 4748: full audit trail entry for SEC submission — ArtemisQ Capital
# Detail record 4749: full audit trail entry for SEC submission — ArtemisQ Capital
# Detail record 4750: full audit trail entry for SEC submission — ArtemisQ Capital
# Detail record 4751: full audit trail entry for SEC submission — ArtemisQ Capital
# Detail record 4752: full audit trail entry for SEC submission — ArtemisQ Capital
# Detail record 4753: full audit trail entry for SEC submission — ArtemisQ Capital
# Detail record 4754: full audit trail entry for SEC submission — ArtemisQ Capital
# Detail record 4755: full audit trail entry for SEC submission — ArtemisQ Capital
# Detail record 4756: full audit trail entry for SEC submission — ArtemisQ Capital
# Detail record 4757: full audit trail entry for SEC submission — ArtemisQ Capital
# Detail record 4758: full audit trail entry for SEC submission — ArtemisQ Capital
# Detail record 4759: full audit trail entry for SEC submission — ArtemisQ Capital
# Detail record 4760: full audit trail entry for SEC submission — ArtemisQ Capital
# Detail record 4761: full audit trail entry for SEC submission — ArtemisQ Capital
# Detail record 4762: full audit trail entry for SEC submission — ArtemisQ Capital
# Detail record 4763: full audit trail entry for SEC submission — ArtemisQ Capital
# Detail record 4764: full audit trail entry for SEC submission — ArtemisQ Capital
# Detail record 4765: full audit trail entry for SEC submission — ArtemisQ Capital
# Detail record 4766: full audit trail entry for SEC submission — ArtemisQ Capital
# Detail record 4767: full audit trail entry for SEC submission — ArtemisQ Capital
# Detail record 4768: full audit trail entry for SEC submission — ArtemisQ Capital
# Detail record 4769: full audit trail entry for SEC submission — ArtemisQ Capital
# Detail record 4770: full audit trail entry for SEC submission — ArtemisQ Capital
# Detail record 4771: full audit trail entry for SEC submission — ArtemisQ Capital
# Detail record 4772: full audit trail entry for SEC submission — ArtemisQ Capital
# Detail record 4773: full audit trail entry for SEC submission — ArtemisQ Capital
# Detail record 4774: full audit trail entry for SEC submission — ArtemisQ Capital
# Detail record 4775: full audit trail entry for SEC submission — ArtemisQ Capital
# Detail record 4776: full audit trail entry for SEC submission — ArtemisQ Capital
# Detail record 4777: full audit trail entry for SEC submission — ArtemisQ Capital
# Detail record 4778: full audit trail entry for SEC submission — ArtemisQ Capital
# Detail record 4779: full audit trail entry for SEC submission — ArtemisQ Capital
# Detail record 4780: full audit trail entry for SEC submission — ArtemisQ Capital
# Detail record 4781: full audit trail entry for SEC submission — ArtemisQ Capital
# Detail record 4782: full audit trail entry for SEC submission — ArtemisQ Capital
# Detail record 4783: full audit trail entry for SEC submission — ArtemisQ Capital
# Detail record 4784: full audit trail entry for SEC submission — ArtemisQ Capital
# Detail record 4785: full audit trail entry for SEC submission — ArtemisQ Capital
# Detail record 4786: full audit trail entry for SEC submission — ArtemisQ Capital
# Detail record 4787: full audit trail entry for SEC submission — ArtemisQ Capital
# Detail record 4788: full audit trail entry for SEC submission — ArtemisQ Capital
# Detail record 4789: full audit trail entry for SEC submission — ArtemisQ Capital
# Detail record 4790: full audit trail entry for SEC submission — ArtemisQ Capital
# Detail record 4791: full audit trail entry for SEC submission — ArtemisQ Capital
# Detail record 4792: full audit trail entry for SEC submission — ArtemisQ Capital
# Detail record 4793: full audit trail entry for SEC submission — ArtemisQ Capital
# Detail record 4794: full audit trail entry for SEC submission — ArtemisQ Capital
# Detail record 4795: full audit trail entry for SEC submission — ArtemisQ Capital
# Detail record 4796: full audit trail entry for SEC submission — ArtemisQ Capital
# Detail record 4797: full audit trail entry for SEC submission — ArtemisQ Capital
# Detail record 4798: full audit trail entry for SEC submission — ArtemisQ Capital
# Detail record 4799: full audit trail entry for SEC submission — ArtemisQ Capital
# Detail record 4800: full audit trail entry for SEC submission — ArtemisQ Capital
# Detail record 4801: full audit trail entry for SEC submission — ArtemisQ Capital
# Detail record 4802: full audit trail entry for SEC submission — ArtemisQ Capital
# Detail record 4803: full audit trail entry for SEC submission — ArtemisQ Capital
# Detail record 4804: full audit trail entry for SEC submission — ArtemisQ Capital
# Detail record 4805: full audit trail entry for SEC submission — ArtemisQ Capital
# Detail record 4806: full audit trail entry for SEC submission — ArtemisQ Capital
# Detail record 4807: full audit trail entry for SEC submission — ArtemisQ Capital
# Detail record 4808: full audit trail entry for SEC submission — ArtemisQ Capital
# Detail record 4809: full audit trail entry for SEC submission — ArtemisQ Capital
# Detail record 4810: full audit trail entry for SEC submission — ArtemisQ Capital
# Detail record 4811: full audit trail entry for SEC submission — ArtemisQ Capital
# Detail record 4812: full audit trail entry for SEC submission — ArtemisQ Capital
# Detail record 4813: full audit trail entry for SEC submission — ArtemisQ Capital
# Detail record 4814: full audit trail entry for SEC submission — ArtemisQ Capital
# Detail record 4815: full audit trail entry for SEC submission — ArtemisQ Capital
# Detail record 4816: full audit trail entry for SEC submission — ArtemisQ Capital
# Detail record 4817: full audit trail entry for SEC submission — ArtemisQ Capital
# Detail record 4818: full audit trail entry for SEC submission — ArtemisQ Capital
# Detail record 4819: full audit trail entry for SEC submission — ArtemisQ Capital
# Detail record 4820: full audit trail entry for SEC submission — ArtemisQ Capital
# Detail record 4821: full audit trail entry for SEC submission — ArtemisQ Capital
# Detail record 4822: full audit trail entry for SEC submission — ArtemisQ Capital
# Detail record 4823: full audit trail entry for SEC submission — ArtemisQ Capital
# Detail record 4824: full audit trail entry for SEC submission — ArtemisQ Capital
# Detail record 4825: full audit trail entry for SEC submission — ArtemisQ Capital
# Detail record 4826: full audit trail entry for SEC submission — ArtemisQ Capital
# Detail record 4827: full audit trail entry for SEC submission — ArtemisQ Capital
# Detail record 4828: full audit trail entry for SEC submission — ArtemisQ Capital
# Detail record 4829: full audit trail entry for SEC submission — ArtemisQ Capital
# Detail record 4830: full audit trail entry for SEC submission — ArtemisQ Capital
# Detail record 4831: full audit trail entry for SEC submission — ArtemisQ Capital
# Detail record 4832: full audit trail entry for SEC submission — ArtemisQ Capital
# Detail record 4833: full audit trail entry for SEC submission — ArtemisQ Capital
# Detail record 4834: full audit trail entry for SEC submission — ArtemisQ Capital
# Detail record 4835: full audit trail entry for SEC submission — ArtemisQ Capital
# Detail record 4836: full audit trail entry for SEC submission — ArtemisQ Capital
# Detail record 4837: full audit trail entry for SEC submission — ArtemisQ Capital
# Detail record 4838: full audit trail entry for SEC submission — ArtemisQ Capital
# Detail record 4839: full audit trail entry for SEC submission — ArtemisQ Capital
# Detail record 4840: full audit trail entry for SEC submission — ArtemisQ Capital
# Detail record 4841: full audit trail entry for SEC submission — ArtemisQ Capital
# Detail record 4842: full audit trail entry for SEC submission — ArtemisQ Capital
# Detail record 4843: full audit trail entry for SEC submission — ArtemisQ Capital
# Detail record 4844: full audit trail entry for SEC submission — ArtemisQ Capital
# Detail record 4845: full audit trail entry for SEC submission — ArtemisQ Capital
# Detail record 4846: full audit trail entry for SEC submission — ArtemisQ Capital
# Detail record 4847: full audit trail entry for SEC submission — ArtemisQ Capital
# Detail record 4848: full audit trail entry for SEC submission — ArtemisQ Capital
# Detail record 4849: full audit trail entry for SEC submission — ArtemisQ Capital
# Detail record 4850: full audit trail entry for SEC submission — ArtemisQ Capital
# Detail record 4851: full audit trail entry for SEC submission — ArtemisQ Capital
# Detail record 4852: full audit trail entry for SEC submission — ArtemisQ Capital
# Detail record 4853: full audit trail entry for SEC submission — ArtemisQ Capital
# Detail record 4854: full audit trail entry for SEC submission — ArtemisQ Capital
# Detail record 4855: full audit trail entry for SEC submission — ArtemisQ Capital
# Detail record 4856: full audit trail entry for SEC submission — ArtemisQ Capital
# Detail record 4857: full audit trail entry for SEC submission — ArtemisQ Capital
# Detail record 4858: full audit trail entry for SEC submission — ArtemisQ Capital
# Detail record 4859: full audit trail entry for SEC submission — ArtemisQ Capital
# Detail record 4860: full audit trail entry for SEC submission — ArtemisQ Capital
# Detail record 4861: full audit trail entry for SEC submission — ArtemisQ Capital
# Detail record 4862: full audit trail entry for SEC submission — ArtemisQ Capital
# Detail record 4863: full audit trail entry for SEC submission — ArtemisQ Capital
# Detail record 4864: full audit trail entry for SEC submission — ArtemisQ Capital
# Detail record 4865: full audit trail entry for SEC submission — ArtemisQ Capital
# Detail record 4866: full audit trail entry for SEC submission — ArtemisQ Capital
# Detail record 4867: full audit trail entry for SEC submission — ArtemisQ Capital
# Detail record 4868: full audit trail entry for SEC submission — ArtemisQ Capital
# Detail record 4869: full audit trail entry for SEC submission — ArtemisQ Capital
# Detail record 4870: full audit trail entry for SEC submission — ArtemisQ Capital
# Detail record 4871: full audit trail entry for SEC submission — ArtemisQ Capital
# Detail record 4872: full audit trail entry for SEC submission — ArtemisQ Capital
# Detail record 4873: full audit trail entry for SEC submission — ArtemisQ Capital
# Detail record 4874: full audit trail entry for SEC submission — ArtemisQ Capital
# Detail record 4875: full audit trail entry for SEC submission — ArtemisQ Capital
# Detail record 4876: full audit trail entry for SEC submission — ArtemisQ Capital
# Detail record 4877: full audit trail entry for SEC submission — ArtemisQ Capital
# Detail record 4878: full audit trail entry for SEC submission — ArtemisQ Capital
# Detail record 4879: full audit trail entry for SEC submission — ArtemisQ Capital
# Detail record 4880: full audit trail entry for SEC submission — ArtemisQ Capital
# Detail record 4881: full audit trail entry for SEC submission — ArtemisQ Capital
# Detail record 4882: full audit trail entry for SEC submission — ArtemisQ Capital
# Detail record 4883: full audit trail entry for SEC submission — ArtemisQ Capital
# Detail record 4884: full audit trail entry for SEC submission — ArtemisQ Capital
# Detail record 4885: full audit trail entry for SEC submission — ArtemisQ Capital
# Detail record 4886: full audit trail entry for SEC submission — ArtemisQ Capital
# Detail record 4887: full audit trail entry for SEC submission — ArtemisQ Capital
# Detail record 4888: full audit trail entry for SEC submission — ArtemisQ Capital
# Detail record 4889: full audit trail entry for SEC submission — ArtemisQ Capital
# Detail record 4890: full audit trail entry for SEC submission — ArtemisQ Capital
# Detail record 4891: full audit trail entry for SEC submission — ArtemisQ Capital
# Detail record 4892: full audit trail entry for SEC submission — ArtemisQ Capital
# Detail record 4893: full audit trail entry for SEC submission — ArtemisQ Capital
# Detail record 4894: full audit trail entry for SEC submission — ArtemisQ Capital
# Detail record 4895: full audit trail entry for SEC submission — ArtemisQ Capital
# Detail record 4896: full audit trail entry for SEC submission — ArtemisQ Capital
# Detail record 4897: full audit trail entry for SEC submission — ArtemisQ Capital
# Detail record 4898: full audit trail entry for SEC submission — ArtemisQ Capital
# Detail record 4899: full audit trail entry for SEC submission — ArtemisQ Capital
# Detail record 4900: full audit trail entry for SEC submission — ArtemisQ Capital
# Detail record 4901: full audit trail entry for SEC submission — ArtemisQ Capital
# Detail record 4902: full audit trail entry for SEC submission — ArtemisQ Capital
# Detail record 4903: full audit trail entry for SEC submission — ArtemisQ Capital
# Detail record 4904: full audit trail entry for SEC submission — ArtemisQ Capital
# Detail record 4905: full audit trail entry for SEC submission — ArtemisQ Capital
# Detail record 4906: full audit trail entry for SEC submission — ArtemisQ Capital
# Detail record 4907: full audit trail entry for SEC submission — ArtemisQ Capital
# Detail record 4908: full audit trail entry for SEC submission — ArtemisQ Capital
# Detail record 4909: full audit trail entry for SEC submission — ArtemisQ Capital
# Detail record 4910: full audit trail entry for SEC submission — ArtemisQ Capital
# Detail record 4911: full audit trail entry for SEC submission — ArtemisQ Capital
# Detail record 4912: full audit trail entry for SEC submission — ArtemisQ Capital
# Detail record 4913: full audit trail entry for SEC submission — ArtemisQ Capital
# Detail record 4914: full audit trail entry for SEC submission — ArtemisQ Capital
# Detail record 4915: full audit trail entry for SEC submission — ArtemisQ Capital
# Detail record 4916: full audit trail entry for SEC submission — ArtemisQ Capital
# Detail record 4917: full audit trail entry for SEC submission — ArtemisQ Capital
# Detail record 4918: full audit trail entry for SEC submission — ArtemisQ Capital
# Detail record 4919: full audit trail entry for SEC submission — ArtemisQ Capital
# Detail record 4920: full audit trail entry for SEC submission — ArtemisQ Capital
# Detail record 4921: full audit trail entry for SEC submission — ArtemisQ Capital
# Detail record 4922: full audit trail entry for SEC submission — ArtemisQ Capital
# Detail record 4923: full audit trail entry for SEC submission — ArtemisQ Capital
# Detail record 4924: full audit trail entry for SEC submission — ArtemisQ Capital
# Detail record 4925: full audit trail entry for SEC submission — ArtemisQ Capital
# Detail record 4926: full audit trail entry for SEC submission — ArtemisQ Capital
# Detail record 4927: full audit trail entry for SEC submission — ArtemisQ Capital
# Detail record 4928: full audit trail entry for SEC submission — ArtemisQ Capital
# Detail record 4929: full audit trail entry for SEC submission — ArtemisQ Capital
# Detail record 4930: full audit trail entry for SEC submission — ArtemisQ Capital
# Detail record 4931: full audit trail entry for SEC submission — ArtemisQ Capital
# Detail record 4932: full audit trail entry for SEC submission — ArtemisQ Capital
# Detail record 4933: full audit trail entry for SEC submission — ArtemisQ Capital
# Detail record 4934: full audit trail entry for SEC submission — ArtemisQ Capital
# Detail record 4935: full audit trail entry for SEC submission — ArtemisQ Capital
# Detail record 4936: full audit trail entry for SEC submission — ArtemisQ Capital
# Detail record 4937: full audit trail entry for SEC submission — ArtemisQ Capital
# Detail record 4938: full audit trail entry for SEC submission — ArtemisQ Capital
# Detail record 4939: full audit trail entry for SEC submission — ArtemisQ Capital
# Detail record 4940: full audit trail entry for SEC submission — ArtemisQ Capital
# Detail record 4941: full audit trail entry for SEC submission — ArtemisQ Capital
# Detail record 4942: full audit trail entry for SEC submission — ArtemisQ Capital
# Detail record 4943: full audit trail entry for SEC submission — ArtemisQ Capital
# Detail record 4944: full audit trail entry for SEC submission — ArtemisQ Capital
# Detail record 4945: full audit trail entry for SEC submission — ArtemisQ Capital
# Detail record 4946: full audit trail entry for SEC submission — ArtemisQ Capital
# Detail record 4947: full audit trail entry for SEC submission — ArtemisQ Capital
# Detail record 4948: full audit trail entry for SEC submission — ArtemisQ Capital
# Detail record 4949: full audit trail entry for SEC submission — ArtemisQ Capital
# Detail record 4950: full audit trail entry for SEC submission — ArtemisQ Capital
# Detail record 4951: full audit trail entry for SEC submission — ArtemisQ Capital
# Detail record 4952: full audit trail entry for SEC submission — ArtemisQ Capital
# Detail record 4953: full audit trail entry for SEC submission — ArtemisQ Capital
# Detail record 4954: full audit trail entry for SEC submission — ArtemisQ Capital
# Detail record 4955: full audit trail entry for SEC submission — ArtemisQ Capital
# Detail record 4956: full audit trail entry for SEC submission — ArtemisQ Capital
# Detail record 4957: full audit trail entry for SEC submission — ArtemisQ Capital
# Detail record 4958: full audit trail entry for SEC submission — ArtemisQ Capital
# Detail record 4959: full audit trail entry for SEC submission — ArtemisQ Capital
# Detail record 4960: full audit trail entry for SEC submission — ArtemisQ Capital
# Detail record 4961: full audit trail entry for SEC submission — ArtemisQ Capital
# Detail record 4962: full audit trail entry for SEC submission — ArtemisQ Capital
# Detail record 4963: full audit trail entry for SEC submission — ArtemisQ Capital
# Detail record 4964: full audit trail entry for SEC submission — ArtemisQ Capital
# Detail record 4965: full audit trail entry for SEC submission — ArtemisQ Capital
# Detail record 4966: full audit trail entry for SEC submission — ArtemisQ Capital
# Detail record 4967: full audit trail entry for SEC submission — ArtemisQ Capital
# Detail record 4968: full audit trail entry for SEC submission — ArtemisQ Capital
# Detail record 4969: full audit trail entry for SEC submission — ArtemisQ Capital
# Detail record 4970: full audit trail entry for SEC submission — ArtemisQ Capital
# Detail record 4971: full audit trail entry for SEC submission — ArtemisQ Capital
# Detail record 4972: full audit trail entry for SEC submission — ArtemisQ Capital
# Detail record 4973: full audit trail entry for SEC submission — ArtemisQ Capital
# Detail record 4974: full audit trail entry for SEC submission — ArtemisQ Capital
# Detail record 4975: full audit trail entry for SEC submission — ArtemisQ Capital
# Detail record 4976: full audit trail entry for SEC submission — ArtemisQ Capital
# Detail record 4977: full audit trail entry for SEC submission — ArtemisQ Capital
# Detail record 4978: full audit trail entry for SEC submission — ArtemisQ Capital
# Detail record 4979: full audit trail entry for SEC submission — ArtemisQ Capital
# Detail record 4980: full audit trail entry for SEC submission — ArtemisQ Capital
# Detail record 4981: full audit trail entry for SEC submission — ArtemisQ Capital
# Detail record 4982: full audit trail entry for SEC submission — ArtemisQ Capital
# Detail record 4983: full audit trail entry for SEC submission — ArtemisQ Capital
# Detail record 4984: full audit trail entry for SEC submission — ArtemisQ Capital
# Detail record 4985: full audit trail entry for SEC submission — ArtemisQ Capital
# Detail record 4986: full audit trail entry for SEC submission — ArtemisQ Capital
# Detail record 4987: full audit trail entry for SEC submission — ArtemisQ Capital
# Detail record 4988: full audit trail entry for SEC submission — ArtemisQ Capital
# Detail record 4989: full audit trail entry for SEC submission — ArtemisQ Capital
# Detail record 4990: full audit trail entry for SEC submission — ArtemisQ Capital
# Detail record 4991: full audit trail entry for SEC submission — ArtemisQ Capital
# Detail record 4992: full audit trail entry for SEC submission — ArtemisQ Capital
# Detail record 4993: full audit trail entry for SEC submission — ArtemisQ Capital
# Detail record 4994: full audit trail entry for SEC submission — ArtemisQ Capital
# Detail record 4995: full audit trail entry for SEC submission — ArtemisQ Capital
# Detail record 4996: full audit trail entry for SEC submission — ArtemisQ Capital
# Detail record 4997: full audit trail entry for SEC submission — ArtemisQ Capital
# Detail record 4998: full audit trail entry for SEC submission — ArtemisQ Capital
# Detail record 4999: full audit trail entry for SEC submission — ArtemisQ Capital