case_id,platform,violation_type,severity,date,action_taken,appeal_status,appeal_deadline,status,reviewer,notes
VIOL-00001,youtube,spam,high,2025-03-08,strike_1,appealed_pending,2025-09-08,closed,escalated,Case 1 (youtube)
VIOL-00002,youtube,child_safety,medium,2025-01-01,warning,appealed_pending,2025-07-01,under_review,escalated,Case 2 (youtube)
VIOL-00003,youtube,child_safety,low,2025-06-21,channel_removal,appealed_pending,2025-12-21,pending,escalated,Case 3 (youtube)
VIOL-00004,tiktok,safety_civility,low,2025-06-14,shadowban,appealed_denied,2025-12-14,under_review,human_review,Case 4 (tiktok)
VIOL-00005,tiktok,safety_civility,low,2025-04-04,shadowban,appealed_denied,2025-10-04,approved,human_review,Case 5 (tiktok)
VIOL-00006,reddit,rule6_safety,low,2025-04-03,suspend_7d,appealed_denied,2025-10-03,under_review,escalated,Case 6 (reddit)
VIOL-00007,youtube,spam,high,2025-02-25,strike_2,not_appealed,2025-08-25,under_review,human_review,Case 7 (youtube)
VIOL-00008,reddit,rule4_csam,medium,2025-06-27,suspend_7d,appealed_pending,2025-12-27,approved,automated,Case 8 (reddit)
VIOL-00009,meta,bullying_harassment,medium,2025-06-22,content_ban_30d,not_appealed,2025-12-22,under_review,escalated,Case 9 (meta)
VIOL-00010,meta,hate_speech,medium,2025-04-09,content_ban_30d,appealed_pending,2025-10-09,approved,human_review,Case 10 (meta)
VIOL-00011,meta,dangerous_orgs,low,2025-03-13,content_ban_1d,not_appealed,2025-09-13,under_review,escalated,Case 11 (meta)
VIOL-00012,tiktok,sensitive_mature,high,2025-04-13,permanent_ban,appealed_pending,2025-10-13,approved,human_review,Case 12 (tiktok)
VIOL-00013,meta,bullying_harassment,high,2025-05-09,content_ban_30d,appealed_approved,2025-11-09,pending,automated,Case 13 (meta)
VIOL-00014,meta,hate_speech,high,2025-04-03,warning,not_appealed,2025-10-03,under_review,escalated,Case 14 (meta)
VIOL-00015,meta,dangerous_orgs,high,2025-04-20,warning,appealed_approved,2025-10-20,pending,escalated,Case 15 (meta)
VIOL-00016,reddit,rule6_safety,medium,2025-05-28,warning,not_appealed,2025-11-28,approved,escalated,Case 16 (reddit)
VIOL-00017,tiktok,safety_civility,medium,2025-04-06,permanent_ban,not_appealed,2025-10-06,approved,escalated,Case 17 (tiktok)
VIOL-00018,meta,adult_nudity,low,2025-06-10,content_ban_30d,appealed_pending,2025-12-10,under_review,automated,Case 18 (meta)
VIOL-00019,meta,adult_nudity,high,2025-01-20,content_ban_1d,appealed_approved,2025-07-20,closed,human_review,Case 19 (meta)
VIOL-00020,tiktok,misinformation,low,2025-01-08,warning,not_appealed,2025-07-08,pending,human_review,Case 20 (tiktok)
VIOL-00021,meta,hate_speech,high,2025-04-18,feature_restrict,appealed_denied,2025-10-18,pending,human_review,Case 21 (meta)
VIOL-00022,meta,bullying_harassment,medium,2025-04-22,content_ban_30d,appealed_denied,2025-10-22,pending,escalated,Case 22 (meta)
VIOL-00023,reddit,rule1_hate,low,2025-02-03,suspend_7d,not_appealed,2025-08-03,under_review,escalated,Case 23 (reddit)
VIOL-00024,meta,spam,low,2025-06-21,warning,appealed_pending,2025-12-21,closed,human_review,Case 24 (meta)
VIOL-00025,tiktok,safety_civility,high,2025-02-09,permanent_ban,appealed_pending,2025-08-09,under_review,escalated,Case 25 (tiktok)
VIOL-00026,reddit,rule2_manipulation,medium,2025-04-07,warning,not_appealed,2025-10-07,pending,automated,Case 26 (reddit)
VIOL-00027,reddit,rule5_misinfo,medium,2025-06-02,warning,not_appealed,2025-12-02,pending,escalated,Case 27 (reddit)
VIOL-00028,tiktok,safety_civility,low,2025-02-07,permanent_ban,appealed_pending,2025-08-07,pending,human_review,Case 28 (tiktok)
VIOL-00029,tiktok,edited_media_ai,low,2025-01-15,warning,not_appealed,2025-07-15,closed,human_review,Case 29 (tiktok)
VIOL-00030,meta,hate_speech,medium,2025-04-16,feature_restrict,appealed_approved,2025-10-16,closed,human_review,Case 30 (meta)
VIOL-00031,reddit,rule1_hate,medium,2025-03-26,permanent_ban,appealed_denied,2025-09-26,pending,escalated,Case 31 (reddit)
VIOL-00032,reddit,rule2_manipulation,low,2025-03-07,warning,not_appealed,2025-09-07,approved,human_review,Case 32 (reddit)
VIOL-00033,youtube,child_safety,medium,2025-05-28,strike_1,not_appealed,2025-11-28,closed,human_review,Case 33 (youtube)
VIOL-00034,youtube,child_safety,low,2025-06-28,strike_1,appealed_approved,2025-12-28,closed,escalated,Case 34 (youtube)
VIOL-00035,meta,adult_nudity,high,2025-01-20,warning,appealed_approved,2025-07-20,approved,automated,Case 35 (meta)
VIOL-00036,meta,bullying_harassment,high,2025-03-08,content_ban_1d,appealed_approved,2025-09-08,under_review,escalated,Case 36 (meta)
VIOL-00037,tiktok,edited_media_ai,medium,2025-01-01,permanent_ban,not_appealed,2025-07-01,closed,escalated,Case 37 (tiktok)
VIOL-00038,meta,adult_nudity,medium,2025-02-12,warning,appealed_pending,2025-08-12,approved,automated,Case 38 (meta)
VIOL-00039,meta,violent_graphic,high,2025-06-10,content_ban_7d,not_appealed,2025-12-10,approved,escalated,Case 39 (meta)
VIOL-00040,youtube,misinformation,medium,2025-01-04,strike_1,appealed_denied,2025-07-04,approved,escalated,Case 40 (youtube)
VIOL-00041,meta,bullying_harassment,medium,2025-02-22,content_ban_30d,appealed_denied,2025-08-22,pending,automated,Case 41 (meta)
VIOL-00042,youtube,spam,high,2025-04-27,strike_2,not_appealed,2025-10-27,closed,automated,Case 42 (youtube)
VIOL-00043,meta,bullying_harassment,medium,2025-02-24,content_ban_3d,appealed_approved,2025-08-24,closed,human_review,Case 43 (meta)
VIOL-00044,youtube,misinformation,high,2025-01-27,strike_2,appealed_pending,2025-07-27,pending,human_review,Case 44 (youtube)
VIOL-00045,youtube,hate_speech,medium,2025-01-12,strike_1,appealed_pending,2025-07-12,closed,automated,Case 45 (youtube)
VIOL-00046,reddit,rule6_safety,high,2025-02-08,suspend_3d,appealed_pending,2025-08-08,pending,human_review,Case 46 (reddit)
VIOL-00047,meta,bullying_harassment,medium,2025-04-26,content_ban_30d,appealed_pending,2025-10-26,approved,human_review,Case 47 (meta)
VIOL-00048,youtube,violent_content,low,2025-04-08,strike_1,appealed_approved,2025-10-08,approved,automated,Case 48 (youtube)
VIOL-00049,meta,hate_speech,low,2025-06-07,content_ban_3d,appealed_denied,2025-12-07,approved,human_review,Case 49 (meta)
VIOL-00050,tiktok,misinformation,high,2025-05-13,shadowban,not_appealed,2025-11-13,closed,automated,Case 50 (tiktok)
VIOL-00051,meta,adult_nudity,medium,2025-01-04,content_ban_7d,appealed_approved,2025-07-04,approved,escalated,Case 51 (meta)
VIOL-00052,tiktok,edited_media_ai,high,2025-05-04,permanent_ban,appealed_pending,2025-11-04,approved,human_review,Case 52 (tiktok)
VIOL-00053,reddit,rule1_hate,high,2025-05-22,suspend_3d,appealed_denied,2025-11-22,pending,human_review,Case 53 (reddit)
VIOL-00054,tiktok,privacy_security,medium,2025-06-28,warning,appealed_denied,2025-12-28,approved,escalated,Case 54 (tiktok)
VIOL-00055,reddit,rule4_csam,medium,2025-06-10,suspend_3d,appealed_pending,2025-12-10,pending,escalated,Case 55 (reddit)
VIOL-00056,reddit,rule2_manipulation,high,2025-05-10,permanent_ban,not_appealed,2025-11-10,approved,automated,Case 56 (reddit)
VIOL-00057,meta,violent_graphic,high,2025-05-21,content_ban_1d,appealed_approved,2025-11-21,pending,automated,Case 57 (meta)
VIOL-00058,meta,adult_nudity,medium,2025-06-06,content_ban_30d,not_appealed,2025-12-06,approved,escalated,Case 58 (meta)
VIOL-00059,tiktok,safety_civility,low,2025-06-10,video_removal,appealed_pending,2025-12-10,under_review,human_review,Case 59 (tiktok)
VIOL-00060,youtube,misinformation,medium,2025-05-28,warning,appealed_approved,2025-11-28,pending,escalated,Case 60 (youtube)
VIOL-00061,meta,bullying_harassment,high,2025-04-16,content_ban_3d,appealed_pending,2025-10-16,under_review,escalated,Case 61 (meta)
VIOL-00062,youtube,spam,medium,2025-02-06,channel_removal,not_appealed,2025-08-06,under_review,human_review,Case 62 (youtube)
VIOL-00063,reddit,rule2_manipulation,medium,2025-06-17,suspend_7d,appealed_approved,2025-12-17,pending,escalated,Case 63 (reddit)
VIOL-00064,reddit,rule2_manipulation,high,2025-04-15,suspend_7d,appealed_pending,2025-10-15,approved,escalated,Case 64 (reddit)
VIOL-00065,reddit,rule2_manipulation,medium,2025-04-03,suspend_7d,appealed_pending,2025-10-03,approved,automated,Case 65 (reddit)
VIOL-00066,tiktok,privacy_security,low,2025-02-05,video_removal,appealed_approved,2025-08-05,under_review,escalated,Case 66 (tiktok)
VIOL-00067,meta,spam,medium,2025-04-11,content_ban_7d,appealed_approved,2025-10-11,pending,human_review,Case 67 (meta)
VIOL-00068,meta,dangerous_orgs,medium,2025-04-25,content_ban_7d,not_appealed,2025-10-25,pending,automated,Case 68 (meta)
VIOL-00069,youtube,hate_speech,medium,2025-04-28,channel_removal,appealed_pending,2025-10-28,pending,human_review,Case 69 (youtube)
VIOL-00070,tiktok,edited_media_ai,medium,2025-01-13,shadowban,appealed_approved,2025-07-13,under_review,automated,Case 70 (tiktok)
VIOL-00071,meta,adult_nudity,high,2025-01-13,content_ban_7d,not_appealed,2025-07-13,closed,escalated,Case 71 (meta)
VIOL-00072,reddit,rule2_manipulation,medium,2025-02-02,suspend_7d,appealed_approved,2025-08-02,approved,human_review,Case 72 (reddit)
VIOL-00073,reddit,rule4_csam,medium,2025-04-09,permanent_ban,appealed_denied,2025-10-09,closed,automated,Case 73 (reddit)
VIOL-00074,youtube,child_safety,low,2025-03-08,warning,not_appealed,2025-09-08,closed,human_review,Case 74 (youtube)
VIOL-00075,meta,dangerous_orgs,low,2025-05-05,feature_restrict,appealed_pending,2025-11-05,pending,escalated,Case 75 (meta)
VIOL-00076,youtube,child_safety,low,2025-04-23,strike_2,appealed_denied,2025-10-23,under_review,escalated,Case 76 (youtube)
VIOL-00077,youtube,misinformation,medium,2025-01-19,warning,appealed_denied,2025-07-19,pending,automated,Case 77 (youtube)
VIOL-00078,meta,spam,high,2025-06-27,content_ban_30d,appealed_pending,2025-12-27,closed,escalated,Case 78 (meta)
VIOL-00079,tiktok,privacy_security,low,2025-05-26,warning,appealed_denied,2025-11-26,pending,escalated,Case 79 (tiktok)
VIOL-00080,tiktok,safety_civility,high,2025-06-11,warning,appealed_approved,2025-12-11,pending,human_review,Case 80 (tiktok)
VIOL-00081,reddit,rule4_csam,high,2025-04-23,suspend_3d,appealed_approved,2025-10-23,under_review,escalated,Case 81 (reddit)
VIOL-00082,tiktok,privacy_security,high,2025-04-15,permanent_ban,appealed_denied,2025-10-15,approved,human_review,Case 82 (tiktok)
VIOL-00083,youtube,hate_speech,medium,2025-02-25,channel_removal,appealed_approved,2025-08-25,approved,human_review,Case 83 (youtube)
VIOL-00084,reddit,rule4_csam,low,2025-04-07,suspend_7d,appealed_denied,2025-10-07,approved,automated,Case 84 (reddit)
VIOL-00085,tiktok,privacy_security,low,2025-05-07,warning,appealed_pending,2025-11-07,pending,automated,Case 85 (tiktok)
VIOL-00086,meta,bullying_harassment,medium,2025-06-23,content_ban_3d,appealed_approved,2025-12-23,closed,human_review,Case 86 (meta)
VIOL-00087,tiktok,sensitive_mature,medium,2025-06-08,shadowban,appealed_denied,2025-12-08,pending,escalated,Case 87 (tiktok)
VIOL-00088,tiktok,edited_media_ai,high,2025-05-11,shadowban,appealed_approved,2025-11-11,approved,automated,Case 88 (tiktok)
VIOL-00089,tiktok,sensitive_mature,low,2025-06-07,shadowban,not_appealed,2025-12-07,under_review,human_review,Case 89 (tiktok)
VIOL-00090,meta,bullying_harassment,medium,2025-03-24,content_ban_7d,appealed_denied,2025-09-24,closed,human_review,Case 90 (meta)
VIOL-00091,tiktok,sensitive_mature,medium,2025-02-10,warning,appealed_pending,2025-08-10,approved,human_review,Case 91 (tiktok)
VIOL-00092,youtube,child_safety,medium,2025-06-05,channel_removal,not_appealed,2025-12-05,closed,escalated,Case 92 (youtube)
VIOL-00093,tiktok,edited_media_ai,medium,2025-04-11,video_removal,not_appealed,2025-10-11,approved,automated,Case 93 (tiktok)
VIOL-00094,youtube,spam,medium,2025-04-03,warning,appealed_pending,2025-10-03,under_review,escalated,Case 94 (youtube)
VIOL-00095,tiktok,safety_civility,low,2025-01-18,permanent_ban,appealed_pending,2025-07-18,pending,automated,Case 95 (tiktok)
VIOL-00096,reddit,rule4_csam,high,2025-04-10,warning,not_appealed,2025-10-10,under_review,escalated,Case 96 (reddit)
VIOL-00097,meta,csam,high,2025-01-06,feature_restrict,appealed_pending,2025-07-06,closed,human_review,Case 97 (meta)
VIOL-00098,youtube,violent_content,medium,2025-06-20,channel_removal,appealed_denied,2025-12-20,closed,human_review,Case 98 (youtube)
VIOL-00099,tiktok,misinformation,high,2025-04-03,video_removal,appealed_denied,2025-10-03,under_review,automated,Case 99 (tiktok)
VIOL-00100,youtube,child_safety,low,2025-06-05,strike_2,appealed_pending,2025-12-05,closed,human_review,Case 100 (youtube)
VIOL-00101,meta,dangerous_orgs,medium,2025-05-24,content_ban_7d,appealed_denied,2025-11-24,pending,human_review,Case 101 (meta)
VIOL-00102,reddit,rule4_csam,high,2025-04-09,permanent_ban,appealed_approved,2025-10-09,closed,escalated,Case 102 (reddit)
VIOL-00103,youtube,violent_content,high,2025-03-20,strike_2,not_appealed,2025-09-20,closed,human_review,Case 103 (youtube)
VIOL-00104,youtube,hate_speech,high,2025-01-25,strike_1,appealed_approved,2025-07-25,pending,automated,Case 104 (youtube)
VIOL-00105,meta,adult_nudity,medium,2025-06-27,content_ban_3d,not_appealed,2025-12-27,pending,automated,Case 105 (meta)
VIOL-00106,reddit,rule4_csam,medium,2025-06-04,suspend_3d,appealed_denied,2025-12-04,pending,escalated,Case 106 (reddit)
VIOL-00107,reddit,rule4_csam,high,2025-04-27,warning,appealed_approved,2025-10-27,closed,automated,Case 107 (reddit)
VIOL-00108,tiktok,misinformation,low,2025-04-28,warning,appealed_approved,2025-10-28,pending,human_review,Case 108 (tiktok)
VIOL-00109,meta,adult_nudity,medium,2025-05-25,content_ban_3d,appealed_approved,2025-11-25,closed,human_review,Case 109 (meta)
VIOL-00110,tiktok,privacy_security,low,2025-03-15,permanent_ban,not_appealed,2025-09-15,closed,escalated,Case 110 (tiktok)
VIOL-00111,meta,bullying_harassment,low,2025-03-18,warning,appealed_approved,2025-09-18,closed,human_review,Case 111 (meta)
VIOL-00112,youtube,violent_content,low,2025-06-27,strike_1,appealed_approved,2025-12-27,approved,escalated,Case 112 (youtube)
VIOL-00113,tiktok,edited_media_ai,medium,2025-04-08,permanent_ban,appealed_pending,2025-10-08,pending,human_review,Case 113 (tiktok)
VIOL-00114,meta,dangerous_orgs,low,2025-03-25,content_ban_3d,appealed_denied,2025-09-25,approved,human_review,Case 114 (meta)
VIOL-00115,tiktok,misinformation,high,2025-05-22,permanent_ban,appealed_pending,2025-11-22,pending,escalated,Case 115 (tiktok)
VIOL-00116,reddit,rule4_csam,medium,2025-05-25,permanent_ban,appealed_approved,2025-11-25,approved,human_review,Case 116 (reddit)
VIOL-00117,meta,adult_nudity,medium,2025-02-28,content_ban_3d,not_appealed,2025-08-28,approved,escalated,Case 117 (meta)
VIOL-00118,reddit,rule5_misinfo,medium,2025-06-26,suspend_3d,appealed_approved,2025-12-26,closed,human_review,Case 118 (reddit)
VIOL-00119,tiktok,safety_civility,medium,2025-01-17,permanent_ban,not_appealed,2025-07-17,under_review,automated,Case 119 (tiktok)
VIOL-00120,meta,spam,medium,2025-03-11,content_ban_7d,appealed_approved,2025-09-11,closed,automated,Case 120 (meta)
VIOL-00121,reddit,rule4_csam,high,2025-06-25,permanent_ban,not_appealed,2025-12-25,closed,human_review,Case 121 (reddit)
VIOL-00122,tiktok,sensitive_mature,high,2025-01-14,warning,not_appealed,2025-07-14,pending,human_review,Case 122 (tiktok)
VIOL-00123,tiktok,safety_civility,low,2025-03-26,warning,appealed_denied,2025-09-26,approved,automated,Case 123 (tiktok)
VIOL-00124,reddit,rule2_manipulation,low,2025-05-14,suspend_3d,appealed_pending,2025-11-14,under_review,human_review,Case 124 (reddit)
VIOL-00125,reddit,rule6_safety,high,2025-02-16,suspend_3d,appealed_pending,2025-08-16,pending,escalated,Case 125 (reddit)
VIOL-00126,tiktok,edited_media_ai,medium,2025-06-01,permanent_ban,appealed_denied,2025-12-01,under_review,human_review,Case 126 (tiktok)
VIOL-00127,reddit,rule4_csam,high,2025-03-21,permanent_ban,appealed_denied,2025-09-21,pending,automated,Case 127 (reddit)
VIOL-00128,meta,violent_graphic,medium,2025-01-08,content_ban_3d,appealed_denied,2025-07-08,approved,escalated,Case 128 (meta)
VIOL-00129,tiktok,safety_civility,high,2025-04-09,warning,not_appealed,2025-10-09,pending,automated,Case 129 (tiktok)
VIOL-00130,meta,adult_nudity,medium,2025-02-21,feature_restrict,appealed_denied,2025-08-21,under_review,escalated,Case 130 (meta)
VIOL-00131,youtube,spam,medium,2025-04-02,strike_2,appealed_pending,2025-10-02,closed,automated,Case 131 (youtube)
VIOL-00132,tiktok,edited_media_ai,low,2025-02-05,shadowban,appealed_denied,2025-08-05,under_review,automated,Case 132 (tiktok)
VIOL-00133,reddit,rule4_csam,high,2025-03-26,warning,appealed_approved,2025-09-26,closed,human_review,Case 133 (reddit)
VIOL-00134,meta,dangerous_orgs,high,2025-06-22,content_ban_3d,appealed_denied,2025-12-22,closed,automated,Case 134 (meta)
VIOL-00135,youtube,hate_speech,high,2025-01-15,strike_2,appealed_denied,2025-07-15,pending,escalated,Case 135 (youtube)
VIOL-00136,tiktok,safety_civility,high,2025-02-16,warning,appealed_denied,2025-08-16,under_review,escalated,Case 136 (tiktok)
VIOL-00137,youtube,violent_content,high,2025-03-21,channel_removal,not_appealed,2025-09-21,under_review,human_review,Case 137 (youtube)
VIOL-00138,youtube,hate_speech,medium,2025-01-04,strike_1,appealed_pending,2025-07-04,pending,automated,Case 138 (youtube)
VIOL-00139,tiktok,privacy_security,medium,2025-05-24,video_removal,appealed_approved,2025-11-24,closed,automated,Case 139 (tiktok)
VIOL-00140,reddit,rule4_csam,low,2025-06-12,suspend_3d,appealed_approved,2025-12-12,pending,human_review,Case 140 (reddit)
VIOL-00141,tiktok,safety_civility,high,2025-03-18,shadowban,not_appealed,2025-09-18,pending,automated,Case 141 (tiktok)
VIOL-00142,meta,spam,medium,2025-01-22,feature_restrict,not_appealed,2025-07-22,closed,automated,Case 142 (meta)
VIOL-00143,meta,hate_speech,high,2025-02-03,content_ban_7d,appealed_pending,2025-08-03,under_review,human_review,Case 143 (meta)
VIOL-00144,tiktok,sensitive_mature,high,2025-01-09,video_removal,appealed_pending,2025-07-09,approved,human_review,Case 144 (tiktok)
VIOL-00145,youtube,spam,low,2025-01-12,strike_1,appealed_denied,2025-07-12,closed,human_review,Case 145 (youtube)
VIOL-00146,tiktok,safety_civility,low,2025-06-14,warning,not_appealed,2025-12-14,pending,automated,Case 146 (tiktok)
VIOL-00147,tiktok,privacy_security,high,2025-01-15,video_removal,not_appealed,2025-07-15,approved,automated,Case 147 (tiktok)
VIOL-00148,youtube,spam,medium,2025-04-14,warning,appealed_approved,2025-10-14,pending,human_review,Case 148 (youtube)
VIOL-00149,youtube,hate_speech,high,2025-02-03,strike_1,appealed_denied,2025-08-03,approved,automated,Case 149 (youtube)
VIOL-00150,tiktok,edited_media_ai,high,2025-05-14,warning,not_appealed,2025-11-14,under_review,automated,Case 150 (tiktok)
VIOL-00151,reddit,rule2_manipulation,medium,2025-03-27,permanent_ban,appealed_approved,2025-09-27,pending,escalated,Case 151 (reddit)
VIOL-00152,youtube,hate_speech,medium,2025-03-22,strike_2,appealed_denied,2025-09-22,under_review,escalated,Case 152 (youtube)
VIOL-00153,reddit,rule1_hate,low,2025-01-03,permanent_ban,not_appealed,2025-07-03,approved,human_review,Case 153 (reddit)
VIOL-00154,youtube,child_safety,high,2025-05-11,warning,appealed_approved,2025-11-11,approved,escalated,Case 154 (youtube)
VIOL-00155,reddit,rule1_hate,medium,2025-05-10,suspend_7d,not_appealed,2025-11-10,under_review,human_review,Case 155 (reddit)
VIOL-00156,reddit,rule2_manipulation,low,2025-03-28,suspend_7d,not_appealed,2025-09-28,approved,escalated,Case 156 (reddit)
VIOL-00157,meta,dangerous_orgs,medium,2025-05-25,content_ban_7d,not_appealed,2025-11-25,approved,human_review,Case 157 (meta)
VIOL-00158,meta,csam,high,2025-03-11,content_ban_1d,not_appealed,2025-09-11,under_review,human_review,Case 158 (meta)
VIOL-00159,reddit,rule1_hate,low,2025-06-21,warning,not_appealed,2025-12-21,under_review,automated,Case 159 (reddit)
VIOL-00160,reddit,rule5_misinfo,medium,2025-02-12,suspend_7d,appealed_denied,2025-08-12,closed,human_review,Case 160 (reddit)
VIOL-00161,meta,hate_speech,high,2025-01-22,warning,appealed_denied,2025-07-22,pending,escalated,Case 161 (meta)
VIOL-00162,reddit,rule5_misinfo,high,2025-04-14,suspend_7d,appealed_pending,2025-10-14,closed,automated,Case 162 (reddit)
VIOL-00163,reddit,rule1_hate,medium,2025-06-22,permanent_ban,appealed_denied,2025-12-22,closed,human_review,Case 163 (reddit)
VIOL-00164,reddit,rule6_safety,low,2025-01-07,suspend_7d,appealed_pending,2025-07-07,under_review,automated,Case 164 (reddit)
VIOL-00165,tiktok,misinformation,low,2025-01-16,permanent_ban,appealed_pending,2025-07-16,under_review,automated,Case 165 (tiktok)
VIOL-00166,meta,adult_nudity,high,2025-06-26,content_ban_1d,not_appealed,2025-12-26,pending,escalated,Case 166 (meta)
VIOL-00167,youtube,violent_content,low,2025-04-03,strike_2,appealed_approved,2025-10-03,pending,escalated,Case 167 (youtube)
VIOL-00168,reddit,rule4_csam,low,2025-04-01,suspend_7d,appealed_pending,2025-10-01,pending,escalated,Case 168 (reddit)
VIOL-00169,tiktok,safety_civility,medium,2025-01-08,permanent_ban,appealed_approved,2025-07-08,closed,automated,Case 169 (tiktok)
VIOL-00170,tiktok,misinformation,low,2025-03-25,video_removal,not_appealed,2025-09-25,closed,escalated,Case 170 (tiktok)
VIOL-00171,meta,dangerous_orgs,medium,2025-03-24,content_ban_30d,appealed_pending,2025-09-24,under_review,human_review,Case 171 (meta)
VIOL-00172,meta,csam,low,2025-02-20,feature_restrict,not_appealed,2025-08-20,under_review,escalated,Case 172 (meta)
VIOL-00173,reddit,rule5_misinfo,high,2025-05-15,suspend_7d,appealed_denied,2025-11-15,under_review,automated,Case 173 (reddit)
VIOL-00174,youtube,violent_content,medium,2025-06-10,strike_2,not_appealed,2025-12-10,approved,escalated,Case 174 (youtube)
VIOL-00175,youtube,hate_speech,medium,2025-04-02,warning,appealed_denied,2025-10-02,approved,human_review,Case 175 (youtube)
VIOL-00176,youtube,child_safety,high,2025-05-13,channel_removal,not_appealed,2025-11-13,pending,escalated,Case 176 (youtube)
VIOL-00177,meta,csam,high,2025-04-17,feature_restrict,not_appealed,2025-10-17,pending,human_review,Case 177 (meta)
VIOL-00178,tiktok,safety_civility,high,2025-06-06,warning,appealed_pending,2025-12-06,pending,automated,Case 178 (tiktok)
VIOL-00179,meta,csam,medium,2025-03-13,content_ban_3d,appealed_denied,2025-09-13,closed,escalated,Case 179 (meta)
VIOL-00180,tiktok,safety_civility,medium,2025-01-18,permanent_ban,appealed_denied,2025-07-18,approved,escalated,Case 180 (tiktok)
VIOL-00181,meta,csam,low,2025-05-22,feature_restrict,appealed_denied,2025-11-22,approved,escalated,Case 181 (meta)
VIOL-00182,reddit,rule2_manipulation,high,2025-06-03,suspend_7d,appealed_approved,2025-12-03,approved,human_review,Case 182 (reddit)
VIOL-00183,youtube,violent_content,high,2025-03-01,strike_2,appealed_denied,2025-09-01,under_review,human_review,Case 183 (youtube)
VIOL-00184,tiktok,edited_media_ai,low,2025-02-05,video_removal,not_appealed,2025-08-05,approved,human_review,Case 184 (tiktok)
VIOL-00185,youtube,hate_speech,high,2025-02-20,channel_removal,appealed_pending,2025-08-20,under_review,human_review,Case 185 (youtube)
VIOL-00186,meta,bullying_harassment,medium,2025-01-14,content_ban_1d,appealed_pending,2025-07-14,pending,escalated,Case 186 (meta)
VIOL-00187,tiktok,edited_media_ai,low,2025-05-08,shadowban,appealed_approved,2025-11-08,under_review,automated,Case 187 (tiktok)
VIOL-00188,reddit,rule5_misinfo,medium,2025-04-17,permanent_ban,appealed_pending,2025-10-17,under_review,escalated,Case 188 (reddit)
VIOL-00189,meta,dangerous_orgs,medium,2025-01-21,content_ban_3d,appealed_denied,2025-07-21,closed,escalated,Case 189 (meta)
VIOL-00190,youtube,hate_speech,low,2025-02-09,channel_removal,appealed_pending,2025-08-09,pending,human_review,Case 190 (youtube)
VIOL-00191,meta,dangerous_orgs,medium,2025-03-01,content_ban_3d,not_appealed,2025-09-01,pending,escalated,Case 191 (meta)
VIOL-00192,tiktok,sensitive_mature,medium,2025-01-12,video_removal,not_appealed,2025-07-12,approved,human_review,Case 192 (tiktok)
VIOL-00193,tiktok,sensitive_mature,low,2025-01-10,permanent_ban,appealed_pending,2025-07-10,pending,automated,Case 193 (tiktok)
VIOL-00194,youtube,spam,low,2025-03-07,strike_1,appealed_approved,2025-09-07,closed,automated,Case 194 (youtube)
VIOL-00195,meta,csam,low,2025-01-08,content_ban_3d,appealed_approved,2025-07-08,closed,human_review,Case 195 (meta)
VIOL-00196,reddit,rule6_safety,high,2025-01-21,suspend_3d,appealed_pending,2025-07-21,approved,automated,Case 196 (reddit)
VIOL-00197,youtube,child_safety,medium,2025-02-19,channel_removal,appealed_pending,2025-08-19,closed,escalated,Case 197 (youtube)
VIOL-00198,tiktok,safety_civility,high,2025-05-17,warning,appealed_approved,2025-11-17,pending,human_review,Case 198 (tiktok)
VIOL-00199,reddit,rule4_csam,medium,2025-06-01,suspend_7d,not_appealed,2025-12-01,approved,human_review,Case 199 (reddit)
VIOL-00200,youtube,child_safety,high,2025-03-05,warning,appealed_denied,2025-09-05,approved,escalated,Case 200 (youtube)
VIOL-00201,meta,dangerous_orgs,high,2025-04-23,content_ban_3d,appealed_pending,2025-10-23,under_review,human_review,Case 201 (meta)
VIOL-00202,reddit,rule1_hate,medium,2025-02-02,suspend_3d,not_appealed,2025-08-02,approved,automated,Case 202 (reddit)
VIOL-00203,reddit,rule6_safety,medium,2025-03-02,suspend_3d,appealed_denied,2025-09-02,approved,human_review,Case 203 (reddit)
VIOL-00204,tiktok,misinformation,low,2025-03-14,permanent_ban,appealed_approved,2025-09-14,pending,automated,Case 204 (tiktok)
VIOL-00205,meta,violent_graphic,high,2025-04-12,content_ban_7d,appealed_denied,2025-10-12,closed,escalated,Case 205 (meta)
VIOL-00206,reddit,rule1_hate,medium,2025-05-27,suspend_3d,appealed_denied,2025-11-27,approved,human_review,Case 206 (reddit)
VIOL-00207,youtube,hate_speech,high,2025-03-10,channel_removal,appealed_approved,2025-09-10,under_review,escalated,Case 207 (youtube)
VIOL-00208,reddit,rule4_csam,medium,2025-01-24,suspend_7d,appealed_approved,2025-07-24,approved,escalated,Case 208 (reddit)
VIOL-00209,youtube,spam,high,2025-06-13,strike_2,appealed_pending,2025-12-13,closed,human_review,Case 209 (youtube)
VIOL-00210,reddit,rule1_hate,low,2025-01-08,suspend_7d,appealed_denied,2025-07-08,pending,escalated,Case 210 (reddit)
VIOL-00211,youtube,child_safety,low,2025-06-15,strike_2,appealed_denied,2025-12-15,pending,human_review,Case 211 (youtube)
VIOL-00212,meta,adult_nudity,medium,2025-04-11,content_ban_30d,appealed_denied,2025-10-11,under_review,human_review,Case 212 (meta)
VIOL-00213,youtube,misinformation,medium,2025-05-13,warning,appealed_denied,2025-11-13,approved,escalated,Case 213 (youtube)
VIOL-00214,reddit,rule2_manipulation,high,2025-03-23,permanent_ban,appealed_pending,2025-09-23,closed,human_review,Case 214 (reddit)
VIOL-00215,youtube,violent_content,low,2025-06-15,warning,appealed_denied,2025-12-15,approved,escalated,Case 215 (youtube)
VIOL-00216,youtube,child_safety,high,2025-03-10,strike_1,appealed_pending,2025-09-10,approved,escalated,Case 216 (youtube)
VIOL-00217,meta,spam,low,2025-02-08,content_ban_3d,not_appealed,2025-08-08,approved,escalated,Case 217 (meta)
VIOL-00218,tiktok,edited_media_ai,high,2025-02-20,warning,not_appealed,2025-08-20,approved,automated,Case 218 (tiktok)
VIOL-00219,reddit,rule6_safety,medium,2025-04-27,warning,appealed_pending,2025-10-27,approved,escalated,Case 219 (reddit)
VIOL-00220,youtube,violent_content,medium,2025-06-17,strike_2,appealed_pending,2025-12-17,under_review,human_review,Case 220 (youtube)
VIOL-00221,reddit,rule6_safety,low,2025-01-17,suspend_3d,appealed_denied,2025-07-17,under_review,human_review,Case 221 (reddit)
VIOL-00222,tiktok,sensitive_mature,medium,2025-05-10,warning,appealed_denied,2025-11-10,under_review,escalated,Case 222 (tiktok)
VIOL-00223,tiktok,sensitive_mature,high,2025-03-20,warning,appealed_pending,2025-09-20,under_review,human_review,Case 223 (tiktok)
VIOL-00224,tiktok,privacy_security,low,2025-01-03,warning,appealed_denied,2025-07-03,under_review,escalated,Case 224 (tiktok)
VIOL-00225,reddit,rule6_safety,high,2025-01-16,suspend_7d,appealed_denied,2025-07-16,pending,human_review,Case 225 (reddit)
VIOL-00226,reddit,rule4_csam,medium,2025-01-23,warning,appealed_pending,2025-07-23,pending,automated,Case 226 (reddit)
VIOL-00227,reddit,rule5_misinfo,low,2025-03-20,suspend_3d,appealed_denied,2025-09-20,approved,escalated,Case 227 (reddit)
VIOL-00228,tiktok,edited_media_ai,low,2025-03-17,warning,appealed_denied,2025-09-17,under_review,automated,Case 228 (tiktok)
VIOL-00229,youtube,hate_speech,medium,2025-02-05,warning,not_appealed,2025-08-05,approved,automated,Case 229 (youtube)
VIOL-00230,reddit,rule2_manipulation,low,2025-03-19,suspend_7d,appealed_pending,2025-09-19,under_review,automated,Case 230 (reddit)
VIOL-00231,reddit,rule5_misinfo,medium,2025-04-01,warning,appealed_approved,2025-10-01,pending,human_review,Case 231 (reddit)
VIOL-00232,meta,adult_nudity,medium,2025-01-02,content_ban_1d,appealed_approved,2025-07-02,pending,automated,Case 232 (meta)
VIOL-00233,youtube,spam,medium,2025-02-09,strike_2,appealed_approved,2025-08-09,approved,human_review,Case 233 (youtube)
VIOL-00234,reddit,rule1_hate,high,2025-05-07,suspend_7d,appealed_denied,2025-11-07,closed,automated,Case 234 (reddit)
VIOL-00235,reddit,rule6_safety,medium,2025-05-22,warning,appealed_pending,2025-11-22,closed,automated,Case 235 (reddit)
VIOL-00236,tiktok,misinformation,high,2025-03-25,video_removal,appealed_pending,2025-09-25,pending,escalated,Case 236 (tiktok)
VIOL-00237,youtube,spam,low,2025-02-23,strike_2,appealed_approved,2025-08-23,pending,human_review,Case 237 (youtube)
VIOL-00238,meta,csam,high,2025-03-06,content_ban_3d,appealed_denied,2025-09-06,approved,escalated,Case 238 (meta)
VIOL-00239,reddit,rule6_safety,medium,2025-04-27,warning,appealed_denied,2025-10-27,approved,escalated,Case 239 (reddit)
VIOL-00240,youtube,violent_content,high,2025-03-26,warning,appealed_approved,2025-09-26,approved,escalated,Case 240 (youtube)
VIOL-00241,meta,bullying_harassment,low,2025-05-16,feature_restrict,appealed_approved,2025-11-16,under_review,escalated,Case 241 (meta)
VIOL-00242,meta,spam,high,2025-06-04,feature_restrict,not_appealed,2025-12-04,pending,automated,Case 242 (meta)
VIOL-00243,reddit,rule2_manipulation,medium,2025-06-07,permanent_ban,appealed_approved,2025-12-07,closed,escalated,Case 243 (reddit)
VIOL-00244,meta,adult_nudity,low,2025-05-11,content_ban_30d,appealed_approved,2025-11-11,pending,automated,Case 244 (meta)
VIOL-00245,meta,violent_graphic,high,2025-03-18,content_ban_1d,appealed_denied,2025-09-18,pending,human_review,Case 245 (meta)
VIOL-00246,meta,csam,high,2025-03-08,content_ban_1d,appealed_denied,2025-09-08,under_review,escalated,Case 246 (meta)
VIOL-00247,reddit,rule4_csam,medium,2025-03-18,suspend_7d,appealed_denied,2025-09-18,closed,escalated,Case 247 (reddit)
VIOL-00248,reddit,rule5_misinfo,medium,2025-02-10,warning,appealed_denied,2025-08-10,closed,automated,Case 248 (reddit)
VIOL-00249,reddit,rule4_csam,high,2025-04-07,suspend_3d,appealed_denied,2025-10-07,approved,human_review,Case 249 (reddit)
VIOL-00250,youtube,child_safety,high,2025-05-08,strike_1,not_appealed,2025-11-08,under_review,escalated,Case 250 (youtube)
VIOL-00251,meta,spam,low,2025-04-11,content_ban_30d,appealed_approved,2025-10-11,closed,escalated,Case 251 (meta)
VIOL-00252,meta,spam,high,2025-02-14,content_ban_30d,appealed_approved,2025-08-14,pending,escalated,Case 252 (meta)
VIOL-00253,meta,dangerous_orgs,medium,2025-03-10,content_ban_30d,not_appealed,2025-09-10,closed,escalated,Case 253 (meta)
VIOL-00254,meta,adult_nudity,high,2025-06-28,warning,appealed_pending,2025-12-28,pending,human_review,Case 254 (meta)
VIOL-00255,youtube,violent_content,medium,2025-02-24,strike_2,not_appealed,2025-08-24,closed,automated,Case 255 (youtube)
VIOL-00256,youtube,hate_speech,medium,2025-04-21,channel_removal,appealed_pending,2025-10-21,pending,automated,Case 256 (youtube)
VIOL-00257,meta,dangerous_orgs,low,2025-03-06,content_ban_30d,appealed_approved,2025-09-06,approved,escalated,Case 257 (meta)
VIOL-00258,meta,spam,high,2025-03-26,content_ban_1d,appealed_pending,2025-09-26,under_review,escalated,Case 258 (meta)
VIOL-00259,reddit,rule5_misinfo,high,2025-03-03,permanent_ban,not_appealed,2025-09-03,under_review,human_review,Case 259 (reddit)
VIOL-00260,reddit,rule4_csam,low,2025-01-09,permanent_ban,appealed_pending,2025-07-09,pending,automated,Case 260 (reddit)
VIOL-00261,tiktok,misinformation,high,2025-06-19,warning,appealed_denied,2025-12-19,approved,escalated,Case 261 (tiktok)
VIOL-00262,meta,spam,high,2025-01-15,content_ban_1d,appealed_pending,2025-07-15,pending,escalated,Case 262 (meta)
VIOL-00263,tiktok,safety_civility,high,2025-03-12,video_removal,appealed_pending,2025-09-12,under_review,automated,Case 263 (tiktok)
VIOL-00264,meta,violent_graphic,high,2025-05-12,content_ban_3d,appealed_approved,2025-11-12,under_review,human_review,Case 264 (meta)
VIOL-00265,youtube,child_safety,medium,2025-05-23,strike_2,not_appealed,2025-11-23,closed,human_review,Case 265 (youtube)
VIOL-00266,meta,adult_nudity,high,2025-02-06,content_ban_1d,appealed_approved,2025-08-06,closed,escalated,Case 266 (meta)
VIOL-00267,meta,bullying_harassment,high,2025-04-03,content_ban_7d,appealed_approved,2025-10-03,closed,automated,Case 267 (meta)
VIOL-00268,meta,adult_nudity,medium,2025-04-19,warning,appealed_approved,2025-10-19,approved,escalated,Case 268 (meta)
VIOL-00269,youtube,violent_content,medium,2025-01-24,strike_1,not_appealed,2025-07-24,closed,automated,Case 269 (youtube)
VIOL-00270,tiktok,safety_civility,high,2025-01-03,permanent_ban,not_appealed,2025-07-03,approved,automated,Case 270 (tiktok)
VIOL-00271,meta,dangerous_orgs,low,2025-06-24,content_ban_30d,appealed_approved,2025-12-24,approved,automated,Case 271 (meta)
VIOL-00272,reddit,rule5_misinfo,medium,2025-01-22,suspend_3d,appealed_denied,2025-07-22,closed,human_review,Case 272 (reddit)
VIOL-00273,reddit,rule6_safety,low,2025-06-08,warning,not_appealed,2025-12-08,approved,automated,Case 273 (reddit)
VIOL-00274,reddit,rule6_safety,medium,2025-02-08,permanent_ban,appealed_denied,2025-08-08,under_review,automated,Case 274 (reddit)
VIOL-00275,meta,bullying_harassment,low,2025-01-26,content_ban_30d,appealed_approved,2025-07-26,closed,human_review,Case 275 (meta)
VIOL-00276,meta,spam,low,2025-05-02,content_ban_3d,not_appealed,2025-11-02,under_review,escalated,Case 276 (meta)
VIOL-00277,youtube,violent_content,medium,2025-02-18,strike_1,not_appealed,2025-08-18,under_review,escalated,Case 277 (youtube)
VIOL-00278,tiktok,sensitive_mature,high,2025-05-11,shadowban,appealed_pending,2025-11-11,approved,human_review,Case 278 (tiktok)
VIOL-00279,meta,violent_graphic,medium,2025-03-02,content_ban_7d,appealed_pending,2025-09-02,pending,escalated,Case 279 (meta)
VIOL-00280,reddit,rule1_hate,medium,2025-06-22,permanent_ban,appealed_denied,2025-12-22,pending,automated,Case 280 (reddit)
VIOL-00281,meta,csam,medium,2025-02-25,content_ban_7d,appealed_approved,2025-08-25,under_review,human_review,Case 281 (meta)
VIOL-00282,tiktok,sensitive_mature,medium,2025-01-18,permanent_ban,appealed_approved,2025-07-18,under_review,automated,Case 282 (tiktok)
VIOL-00283,meta,csam,low,2025-03-21,warning,appealed_approved,2025-09-21,approved,human_review,Case 283 (meta)
VIOL-00284,meta,spam,medium,2025-04-22,content_ban_7d,not_appealed,2025-10-22,closed,human_review,Case 284 (meta)
VIOL-00285,meta,violent_graphic,low,2025-03-10,warning,appealed_pending,2025-09-10,under_review,escalated,Case 285 (meta)
VIOL-00286,youtube,violent_content,low,2025-06-20,strike_1,appealed_approved,2025-12-20,under_review,escalated,Case 286 (youtube)
VIOL-00287,tiktok,misinformation,medium,2025-04-18,shadowban,appealed_denied,2025-10-18,approved,automated,Case 287 (tiktok)
VIOL-00288,reddit,rule5_misinfo,low,2025-06-16,suspend_7d,appealed_pending,2025-12-16,approved,automated,Case 288 (reddit)
VIOL-00289,reddit,rule1_hate,high,2025-02-24,suspend_3d,not_appealed,2025-08-24,approved,escalated,Case 289 (reddit)
VIOL-00290,reddit,rule4_csam,low,2025-02-11,suspend_3d,appealed_approved,2025-08-11,under_review,automated,Case 290 (reddit)
VIOL-00291,tiktok,misinformation,medium,2025-06-21,permanent_ban,appealed_approved,2025-12-21,under_review,escalated,Case 291 (tiktok)
VIOL-00292,tiktok,sensitive_mature,low,2025-06-18,permanent_ban,appealed_pending,2025-12-18,closed,escalated,Case 292 (tiktok)
VIOL-00293,youtube,spam,high,2025-01-25,warning,appealed_approved,2025-07-25,under_review,escalated,Case 293 (youtube)
VIOL-00294,meta,spam,high,2025-02-01,feature_restrict,appealed_approved,2025-08-01,approved,human_review,Case 294 (meta)
VIOL-00295,reddit,rule5_misinfo,low,2025-01-18,permanent_ban,not_appealed,2025-07-18,closed,escalated,Case 295 (reddit)
VIOL-00296,tiktok,privacy_security,medium,2025-01-17,permanent_ban,appealed_pending,2025-07-17,closed,human_review,Case 296 (tiktok)
VIOL-00297,meta,hate_speech,low,2025-05-17,content_ban_1d,appealed_denied,2025-11-17,approved,automated,Case 297 (meta)
VIOL-00298,youtube,hate_speech,medium,2025-04-19,strike_1,appealed_pending,2025-10-19,approved,escalated,Case 298 (youtube)
VIOL-00299,youtube,spam,low,2025-04-13,channel_removal,appealed_approved,2025-10-13,closed,escalated,Case 299 (youtube)
VIOL-00300,youtube,misinformation,low,2025-04-28,channel_removal,appealed_denied,2025-10-28,closed,escalated,Case 300 (youtube)
VIOL-00301,youtube,misinformation,low,2025-06-19,channel_removal,appealed_denied,2025-12-19,closed,human_review,Case 301 (youtube)
VIOL-00302,tiktok,privacy_security,high,2025-06-02,video_removal,appealed_denied,2025-12-02,closed,human_review,Case 302 (tiktok)
VIOL-00303,meta,dangerous_orgs,high,2025-04-03,content_ban_1d,appealed_pending,2025-10-03,under_review,escalated,Case 303 (meta)
VIOL-00304,reddit,rule6_safety,medium,2025-04-25,suspend_3d,not_appealed,2025-10-25,approved,human_review,Case 304 (reddit)
VIOL-00305,youtube,violent_content,low,2025-01-11,channel_removal,appealed_denied,2025-07-11,closed,escalated,Case 305 (youtube)
VIOL-00306,tiktok,edited_media_ai,medium,2025-02-12,permanent_ban,appealed_approved,2025-08-12,under_review,escalated,Case 306 (tiktok)
VIOL-00307,reddit,rule1_hate,high,2025-03-26,suspend_3d,not_appealed,2025-09-26,closed,automated,Case 307 (reddit)
VIOL-00308,meta,violent_graphic,high,2025-06-05,content_ban_30d,appealed_approved,2025-12-05,approved,automated,Case 308 (meta)
VIOL-00309,youtube,spam,low,2025-03-15,strike_2,appealed_denied,2025-09-15,closed,human_review,Case 309 (youtube)
VIOL-00310,youtube,misinformation,medium,2025-04-18,channel_removal,not_appealed,2025-10-18,closed,human_review,Case 310 (youtube)
VIOL-00311,tiktok,privacy_security,low,2025-05-20,shadowban,appealed_approved,2025-11-20,closed,automated,Case 311 (tiktok)
VIOL-00312,reddit,rule5_misinfo,low,2025-06-18,suspend_3d,appealed_pending,2025-12-18,pending,human_review,Case 312 (reddit)
VIOL-00313,meta,csam,medium,2025-03-16,feature_restrict,not_appealed,2025-09-16,under_review,automated,Case 313 (meta)
VIOL-00314,tiktok,edited_media_ai,medium,2025-04-26,warning,appealed_denied,2025-10-26,approved,human_review,Case 314 (tiktok)
VIOL-00315,reddit,rule6_safety,high,2025-02-15,warning,appealed_pending,2025-08-15,approved,human_review,Case 315 (reddit)
VIOL-00316,reddit,rule4_csam,high,2025-04-26,suspend_7d,appealed_approved,2025-10-26,approved,automated,Case 316 (reddit)
VIOL-00317,meta,csam,medium,2025-05-23,feature_restrict,appealed_approved,2025-11-23,approved,human_review,Case 317 (meta)
VIOL-00318,reddit,rule4_csam,medium,2025-06-23,permanent_ban,appealed_pending,2025-12-23,approved,automated,Case 318 (reddit)
VIOL-00319,tiktok,edited_media_ai,medium,2025-01-19,video_removal,appealed_pending,2025-07-19,closed,escalated,Case 319 (tiktok)
VIOL-00320,reddit,rule2_manipulation,medium,2025-03-27,warning,appealed_approved,2025-09-27,pending,human_review,Case 320 (reddit)
VIOL-00321,tiktok,sensitive_mature,medium,2025-06-05,permanent_ban,appealed_approved,2025-12-05,closed,automated,Case 321 (tiktok)
VIOL-00322,reddit,rule6_safety,medium,2025-05-17,permanent_ban,not_appealed,2025-11-17,approved,escalated,Case 322 (reddit)
VIOL-00323,youtube,spam,low,2025-06-22,strike_2,appealed_pending,2025-12-22,closed,escalated,Case 323 (youtube)
VIOL-00324,reddit,rule4_csam,medium,2025-01-01,warning,appealed_denied,2025-07-01,under_review,escalated,Case 324 (reddit)
VIOL-00325,meta,violent_graphic,medium,2025-04-15,content_ban_30d,appealed_pending,2025-10-15,approved,human_review,Case 325 (meta)
VIOL-00326,reddit,rule1_hate,medium,2025-04-03,warning,appealed_pending,2025-10-03,approved,automated,Case 326 (reddit)
VIOL-00327,tiktok,edited_media_ai,low,2025-05-16,shadowban,appealed_approved,2025-11-16,closed,automated,Case 327 (tiktok)
VIOL-00328,reddit,rule4_csam,low,2025-03-02,warning,not_appealed,2025-09-02,approved,escalated,Case 328 (reddit)
VIOL-00329,youtube,misinformation,high,2025-02-17,strike_1,appealed_pending,2025-08-17,approved,escalated,Case 329 (youtube)
VIOL-00330,reddit,rule5_misinfo,low,2025-04-21,suspend_3d,appealed_pending,2025-10-21,pending,automated,Case 330 (reddit)
VIOL-00331,youtube,child_safety,low,2025-04-19,channel_removal,appealed_approved,2025-10-19,closed,escalated,Case 331 (youtube)
VIOL-00332,meta,hate_speech,medium,2025-06-26,warning,not_appealed,2025-12-26,under_review,automated,Case 332 (meta)
VIOL-00333,tiktok,sensitive_mature,medium,2025-01-09,permanent_ban,appealed_denied,2025-07-09,pending,escalated,Case 333 (tiktok)
VIOL-00334,reddit,rule6_safety,low,2025-03-12,permanent_ban,appealed_pending,2025-09-12,approved,escalated,Case 334 (reddit)
VIOL-00335,youtube,misinformation,medium,2025-01-08,strike_2,not_appealed,2025-07-08,under_review,automated,Case 335 (youtube)
VIOL-00336,meta,adult_nudity,medium,2025-04-20,feature_restrict,appealed_approved,2025-10-20,pending,human_review,Case 336 (meta)
VIOL-00337,reddit,rule6_safety,high,2025-06-06,suspend_3d,appealed_approved,2025-12-06,approved,human_review,Case 337 (reddit)
VIOL-00338,meta,csam,medium,2025-05-02,content_ban_1d,not_appealed,2025-11-02,pending,human_review,Case 338 (meta)
VIOL-00339,meta,dangerous_orgs,medium,2025-05-17,content_ban_30d,appealed_approved,2025-11-17,pending,escalated,Case 339 (meta)
VIOL-00340,reddit,rule5_misinfo,high,2025-04-16,suspend_3d,not_appealed,2025-10-16,closed,human_review,Case 340 (reddit)
VIOL-00341,tiktok,safety_civility,medium,2025-02-18,shadowban,appealed_pending,2025-08-18,pending,escalated,Case 341 (tiktok)
VIOL-00342,reddit,rule6_safety,high,2025-01-19,warning,appealed_denied,2025-07-19,approved,escalated,Case 342 (reddit)
VIOL-00343,youtube,violent_content,high,2025-02-14,warning,appealed_pending,2025-08-14,approved,human_review,Case 343 (youtube)
VIOL-00344,reddit,rule4_csam,medium,2025-01-15,warning,appealed_pending,2025-07-15,under_review,escalated,Case 344 (reddit)
VIOL-00345,tiktok,privacy_security,high,2025-04-06,video_removal,appealed_pending,2025-10-06,under_review,human_review,Case 345 (tiktok)
VIOL-00346,tiktok,privacy_security,medium,2025-05-18,video_removal,appealed_denied,2025-11-18,approved,automated,Case 346 (tiktok)
VIOL-00347,tiktok,privacy_security,high,2025-01-05,permanent_ban,not_appealed,2025-07-05,approved,escalated,Case 347 (tiktok)
VIOL-00348,meta,bullying_harassment,low,2025-02-05,content_ban_30d,appealed_denied,2025-08-05,under_review,escalated,Case 348 (meta)
VIOL-00349,reddit,rule5_misinfo,low,2025-05-21,suspend_7d,appealed_approved,2025-11-21,pending,automated,Case 349 (reddit)
VIOL-00350,youtube,spam,medium,2025-05-24,strike_2,appealed_denied,2025-11-24,pending,automated,Case 350 (youtube)
VIOL-00351,tiktok,privacy_security,low,2025-06-03,permanent_ban,appealed_denied,2025-12-03,closed,escalated,Case 351 (tiktok)
VIOL-00352,reddit,rule2_manipulation,medium,2025-02-16,suspend_7d,appealed_denied,2025-08-16,approved,automated,Case 352 (reddit)
VIOL-00353,meta,adult_nudity,medium,2025-03-22,warning,not_appealed,2025-09-22,closed,escalated,Case 353 (meta)
VIOL-00354,reddit,rule1_hate,low,2025-02-15,permanent_ban,not_appealed,2025-08-15,pending,human_review,Case 354 (reddit)
VIOL-00355,meta,bullying_harassment,medium,2025-02-28,content_ban_1d,not_appealed,2025-08-28,approved,automated,Case 355 (meta)
VIOL-00356,youtube,hate_speech,high,2025-06-06,warning,appealed_approved,2025-12-06,approved,escalated,Case 356 (youtube)
VIOL-00357,meta,violent_graphic,high,2025-01-23,warning,not_appealed,2025-07-23,under_review,automated,Case 357 (meta)
VIOL-00358,youtube,misinformation,high,2025-02-17,channel_removal,not_appealed,2025-08-17,closed,escalated,Case 358 (youtube)
VIOL-00359,tiktok,safety_civility,medium,2025-06-05,permanent_ban,not_appealed,2025-12-05,under_review,automated,Case 359 (tiktok)
VIOL-00360,youtube,spam,low,2025-03-12,strike_2,appealed_pending,2025-09-12,pending,human_review,Case 360 (youtube)
VIOL-00361,meta,spam,high,2025-05-01,content_ban_7d,appealed_pending,2025-11-01,pending,automated,Case 361 (meta)
VIOL-00362,meta,bullying_harassment,high,2025-02-14,content_ban_7d,appealed_approved,2025-08-14,under_review,human_review,Case 362 (meta)
VIOL-00363,youtube,misinformation,low,2025-05-24,channel_removal,appealed_denied,2025-11-24,pending,automated,Case 363 (youtube)
VIOL-00364,meta,hate_speech,medium,2025-06-03,feature_restrict,appealed_denied,2025-12-03,closed,escalated,Case 364 (meta)
VIOL-00365,tiktok,sensitive_mature,high,2025-05-17,video_removal,appealed_approved,2025-11-17,approved,escalated,Case 365 (tiktok)
VIOL-00366,youtube,misinformation,medium,2025-04-04,strike_1,appealed_approved,2025-10-04,closed,escalated,Case 366 (youtube)
VIOL-00367,youtube,hate_speech,medium,2025-02-13,channel_removal,appealed_denied,2025-08-13,under_review,automated,Case 367 (youtube)
VIOL-00368,youtube,spam,high,2025-01-01,strike_2,appealed_pending,2025-07-01,closed,human_review,Case 368 (youtube)
VIOL-00369,reddit,rule6_safety,medium,2025-06-23,permanent_ban,appealed_approved,2025-12-23,pending,human_review,Case 369 (reddit)
VIOL-00370,meta,csam,low,2025-03-03,content_ban_7d,appealed_pending,2025-09-03,under_review,escalated,Case 370 (meta)
VIOL-00371,tiktok,edited_media_ai,high,2025-06-25,warning,appealed_denied,2025-12-25,pending,escalated,Case 371 (tiktok)
VIOL-00372,meta,spam,low,2025-01-14,warning,appealed_approved,2025-07-14,closed,automated,Case 372 (meta)
VIOL-00373,meta,spam,low,2025-06-05,content_ban_30d,not_appealed,2025-12-05,under_review,automated,Case 373 (meta)
VIOL-00374,tiktok,privacy_security,high,2025-06-09,video_removal,appealed_denied,2025-12-09,under_review,escalated,Case 374 (tiktok)
VIOL-00375,tiktok,safety_civility,low,2025-03-26,permanent_ban,appealed_denied,2025-09-26,closed,automated,Case 375 (tiktok)
VIOL-00376,youtube,violent_content,medium,2025-05-12,warning,appealed_approved,2025-11-12,under_review,automated,Case 376 (youtube)
VIOL-00377,meta,csam,low,2025-05-22,content_ban_30d,not_appealed,2025-11-22,under_review,escalated,Case 377 (meta)
VIOL-00378,youtube,spam,low,2025-02-02,channel_removal,appealed_denied,2025-08-02,pending,human_review,Case 378 (youtube)
VIOL-00379,meta,dangerous_orgs,low,2025-05-26,content_ban_30d,appealed_approved,2025-11-26,under_review,automated,Case 379 (meta)
VIOL-00380,meta,violent_graphic,high,2025-03-09,warning,appealed_denied,2025-09-09,closed,escalated,Case 380 (meta)
VIOL-00381,youtube,misinformation,low,2025-05-02,channel_removal,not_appealed,2025-11-02,pending,automated,Case 381 (youtube)
VIOL-00382,tiktok,misinformation,low,2025-05-15,warning,appealed_denied,2025-11-15,under_review,automated,Case 382 (tiktok)
VIOL-00383,tiktok,privacy_security,low,2025-04-12,permanent_ban,appealed_pending,2025-10-12,under_review,human_review,Case 383 (tiktok)
VIOL-00384,youtube,violent_content,low,2025-02-18,strike_2,not_appealed,2025-08-18,approved,human_review,Case 384 (youtube)
VIOL-00385,reddit,rule4_csam,low,2025-02-17,suspend_3d,appealed_approved,2025-08-17,pending,human_review,Case 385 (reddit)
VIOL-00386,meta,bullying_harassment,medium,2025-01-02,feature_restrict,appealed_approved,2025-07-02,approved,automated,Case 386 (meta)
VIOL-00387,youtube,child_safety,low,2025-05-05,channel_removal,not_appealed,2025-11-05,closed,automated,Case 387 (youtube)
VIOL-00388,meta,hate_speech,medium,2025-03-28,content_ban_1d,appealed_approved,2025-09-28,approved,automated,Case 388 (meta)
VIOL-00389,reddit,rule4_csam,low,2025-01-07,suspend_3d,not_appealed,2025-07-07,under_review,human_review,Case 389 (reddit)
VIOL-00390,meta,violent_graphic,medium,2025-03-14,warning,appealed_denied,2025-09-14,under_review,automated,Case 390 (meta)
VIOL-00391,tiktok,edited_media_ai,medium,2025-01-03,video_removal,appealed_denied,2025-07-03,closed,human_review,Case 391 (tiktok)
VIOL-00392,tiktok,sensitive_mature,low,2025-06-08,shadowban,appealed_approved,2025-12-08,closed,escalated,Case 392 (tiktok)
VIOL-00393,tiktok,misinformation,low,2025-01-13,permanent_ban,appealed_pending,2025-07-13,closed,automated,Case 393 (tiktok)
VIOL-00394,youtube,misinformation,low,2025-01-02,strike_1,appealed_pending,2025-07-02,under_review,automated,Case 394 (youtube)
VIOL-00395,tiktok,safety_civility,high,2025-05-09,warning,not_appealed,2025-11-09,closed,human_review,Case 395 (tiktok)
VIOL-00396,reddit,rule2_manipulation,low,2025-03-04,warning,appealed_approved,2025-09-04,closed,human_review,Case 396 (reddit)
VIOL-00397,reddit,rule5_misinfo,medium,2025-01-13,permanent_ban,appealed_pending,2025-07-13,approved,human_review,Case 397 (reddit)
VIOL-00398,meta,csam,medium,2025-04-05,warning,appealed_pending,2025-10-05,approved,automated,Case 398 (meta)
VIOL-00399,reddit,rule6_safety,medium,2025-01-03,suspend_7d,appealed_approved,2025-07-03,under_review,automated,Case 399 (reddit)
VIOL-00400,meta,bullying_harassment,high,2025-02-21,content_ban_7d,not_appealed,2025-08-21,pending,escalated,Case 400 (meta)
VIOL-00401,tiktok,edited_media_ai,high,2025-04-12,shadowban,appealed_approved,2025-10-12,approved,human_review,Case 401 (tiktok)
VIOL-00402,youtube,hate_speech,high,2025-02-01,strike_2,not_appealed,2025-08-01,pending,escalated,Case 402 (youtube)
VIOL-00403,tiktok,privacy_security,low,2025-02-04,video_removal,appealed_pending,2025-08-04,approved,escalated,Case 403 (tiktok)
VIOL-00404,youtube,misinformation,high,2025-04-12,strike_1,appealed_pending,2025-10-12,under_review,escalated,Case 404 (youtube)
VIOL-00405,tiktok,misinformation,high,2025-01-23,shadowban,appealed_pending,2025-07-23,under_review,automated,Case 405 (tiktok)
VIOL-00406,tiktok,sensitive_mature,medium,2025-01-03,warning,appealed_pending,2025-07-03,under_review,human_review,Case 406 (tiktok)
VIOL-00407,reddit,rule1_hate,medium,2025-05-07,suspend_3d,appealed_denied,2025-11-07,under_review,automated,Case 407 (reddit)
VIOL-00408,youtube,spam,low,2025-05-23,strike_1,not_appealed,2025-11-23,approved,human_review,Case 408 (youtube)
VIOL-00409,tiktok,edited_media_ai,high,2025-01-11,shadowban,appealed_denied,2025-07-11,under_review,human_review,Case 409 (tiktok)
VIOL-00410,reddit,rule5_misinfo,high,2025-03-06,suspend_7d,appealed_pending,2025-09-06,under_review,automated,Case 410 (reddit)
VIOL-00411,tiktok,misinformation,low,2025-02-24,warning,appealed_approved,2025-08-24,closed,human_review,Case 411 (tiktok)
VIOL-00412,tiktok,privacy_security,low,2025-06-19,warning,appealed_approved,2025-12-19,under_review,automated,Case 412 (tiktok)
VIOL-00413,youtube,misinformation,medium,2025-03-06,warning,appealed_denied,2025-09-06,pending,human_review,Case 413 (youtube)
VIOL-00414,tiktok,sensitive_mature,low,2025-06-03,shadowban,appealed_denied,2025-12-03,closed,escalated,Case 414 (tiktok)
VIOL-00415,youtube,spam,medium,2025-04-24,channel_removal,appealed_pending,2025-10-24,pending,automated,Case 415 (youtube)
VIOL-00416,reddit,rule4_csam,high,2025-04-04,permanent_ban,appealed_pending,2025-10-04,under_review,automated,Case 416 (reddit)
VIOL-00417,youtube,spam,medium,2025-01-11,strike_2,not_appealed,2025-07-11,closed,automated,Case 417 (youtube)
VIOL-00418,meta,violent_graphic,low,2025-06-03,content_ban_7d,not_appealed,2025-12-03,approved,escalated,Case 418 (meta)
VIOL-00419,reddit,rule1_hate,medium,2025-06-06,permanent_ban,appealed_pending,2025-12-06,closed,human_review,Case 419 (reddit)
VIOL-00420,tiktok,sensitive_mature,low,2025-04-23,shadowban,appealed_denied,2025-10-23,approved,human_review,Case 420 (tiktok)
VIOL-00421,youtube,spam,medium,2025-05-18,channel_removal,appealed_pending,2025-11-18,closed,automated,Case 421 (youtube)
VIOL-00422,youtube,violent_content,low,2025-03-27,channel_removal,appealed_pending,2025-09-27,closed,human_review,Case 422 (youtube)
VIOL-00423,meta,hate_speech,high,2025-03-03,content_ban_3d,not_appealed,2025-09-03,approved,automated,Case 423 (meta)
VIOL-00424,reddit,rule5_misinfo,high,2025-03-03,permanent_ban,appealed_pending,2025-09-03,approved,automated,Case 424 (reddit)
VIOL-00425,tiktok,sensitive_mature,medium,2025-01-09,permanent_ban,appealed_approved,2025-07-09,approved,human_review,Case 425 (tiktok)
VIOL-00426,tiktok,privacy_security,low,2025-02-25,warning,not_appealed,2025-08-25,approved,escalated,Case 426 (tiktok)
VIOL-00427,reddit,rule6_safety,low,2025-05-02,permanent_ban,appealed_approved,2025-11-02,pending,escalated,Case 427 (reddit)
VIOL-00428,meta,violent_graphic,medium,2025-01-13,content_ban_30d,not_appealed,2025-07-13,under_review,human_review,Case 428 (meta)
VIOL-00429,reddit,rule2_manipulation,low,2025-02-26,suspend_3d,appealed_pending,2025-08-26,closed,automated,Case 429 (reddit)
VIOL-00430,youtube,violent_content,low,2025-06-05,strike_2,appealed_denied,2025-12-05,closed,human_review,Case 430 (youtube)
VIOL-00431,reddit,rule6_safety,medium,2025-05-11,suspend_7d,appealed_approved,2025-11-11,closed,escalated,Case 431 (reddit)
VIOL-00432,reddit,rule1_hate,medium,2025-02-05,warning,not_appealed,2025-08-05,closed,automated,Case 432 (reddit)
VIOL-00433,tiktok,edited_media_ai,medium,2025-04-21,permanent_ban,appealed_approved,2025-10-21,closed,human_review,Case 433 (tiktok)
VIOL-00434,tiktok,edited_media_ai,low,2025-05-20,permanent_ban,not_appealed,2025-11-20,pending,automated,Case 434 (tiktok)
VIOL-00435,meta,spam,high,2025-04-09,content_ban_1d,not_appealed,2025-10-09,approved,automated,Case 435 (meta)
VIOL-00436,tiktok,misinformation,medium,2025-06-22,warning,appealed_pending,2025-12-22,under_review,automated,Case 436 (tiktok)
VIOL-00437,reddit,rule4_csam,medium,2025-06-14,warning,appealed_pending,2025-12-14,pending,human_review,Case 437 (reddit)
VIOL-00438,reddit,rule5_misinfo,high,2025-03-27,warning,appealed_pending,2025-09-27,closed,automated,Case 438 (reddit)
VIOL-00439,reddit,rule2_manipulation,high,2025-05-01,suspend_3d,appealed_pending,2025-11-01,under_review,human_review,Case 439 (reddit)
VIOL-00440,meta,spam,medium,2025-01-12,content_ban_30d,appealed_pending,2025-07-12,approved,automated,Case 440 (meta)
VIOL-00441,reddit,rule6_safety,medium,2025-06-04,warning,appealed_pending,2025-12-04,approved,automated,Case 441 (reddit)
VIOL-00442,reddit,rule2_manipulation,medium,2025-05-18,suspend_7d,appealed_denied,2025-11-18,under_review,automated,Case 442 (reddit)
VIOL-00443,youtube,hate_speech,low,2025-04-02,strike_1,appealed_pending,2025-10-02,under_review,escalated,Case 443 (youtube)
VIOL-00444,meta,bullying_harassment,low,2025-03-21,content_ban_3d,not_appealed,2025-09-21,closed,automated,Case 444 (meta)
VIOL-00445,meta,bullying_harassment,low,2025-05-26,warning,appealed_pending,2025-11-26,approved,escalated,Case 445 (meta)
VIOL-00446,tiktok,misinformation,medium,2025-04-28,shadowban,appealed_approved,2025-10-28,approved,human_review,Case 446 (tiktok)
VIOL-00447,reddit,rule4_csam,high,2025-05-27,permanent_ban,not_appealed,2025-11-27,closed,escalated,Case 447 (reddit)
VIOL-00448,tiktok,privacy_security,high,2025-05-20,shadowban,appealed_denied,2025-11-20,closed,automated,Case 448 (tiktok)
VIOL-00449,youtube,hate_speech,medium,2025-06-11,strike_2,appealed_denied,2025-12-11,approved,human_review,Case 449 (youtube)
VIOL-00450,meta,adult_nudity,low,2025-01-26,content_ban_7d,appealed_approved,2025-07-26,approved,escalated,Case 450 (meta)
VIOL-00451,meta,bullying_harassment,low,2025-06-16,content_ban_1d,appealed_denied,2025-12-16,pending,automated,Case 451 (meta)
VIOL-00452,reddit,rule1_hate,high,2025-06-19,suspend_3d,appealed_denied,2025-12-19,under_review,escalated,Case 452 (reddit)
VIOL-00453,reddit,rule4_csam,high,2025-03-28,suspend_3d,appealed_pending,2025-09-28,approved,human_review,Case 453 (reddit)
VIOL-00454,reddit,rule2_manipulation,high,2025-03-24,suspend_3d,appealed_denied,2025-09-24,closed,human_review,Case 454 (reddit)
VIOL-00455,tiktok,sensitive_mature,high,2025-03-14,shadowban,appealed_denied,2025-09-14,approved,escalated,Case 455 (tiktok)
VIOL-00456,tiktok,edited_media_ai,low,2025-04-02,warning,appealed_approved,2025-10-02,under_review,escalated,Case 456 (tiktok)
VIOL-00457,youtube,violent_content,high,2025-03-14,warning,appealed_pending,2025-09-14,under_review,human_review,Case 457 (youtube)
VIOL-00458,tiktok,edited_media_ai,high,2025-04-05,shadowban,appealed_pending,2025-10-05,closed,automated,Case 458 (tiktok)
VIOL-00459,tiktok,sensitive_mature,medium,2025-06-02,warning,appealed_approved,2025-12-02,approved,human_review,Case 459 (tiktok)
VIOL-00460,meta,adult_nudity,low,2025-04-26,warning,appealed_pending,2025-10-26,pending,escalated,Case 460 (meta)
VIOL-00461,reddit,rule5_misinfo,medium,2025-04-13,warning,not_appealed,2025-10-13,under_review,escalated,Case 461 (reddit)
VIOL-00462,tiktok,safety_civility,medium,2025-05-07,warning,not_appealed,2025-11-07,under_review,human_review,Case 462 (tiktok)
VIOL-00463,tiktok,misinformation,low,2025-01-13,shadowban,appealed_pending,2025-07-13,closed,human_review,Case 463 (tiktok)
VIOL-00464,tiktok,misinformation,medium,2025-06-17,shadowban,appealed_approved,2025-12-17,under_review,automated,Case 464 (tiktok)
VIOL-00465,reddit,rule4_csam,low,2025-02-26,permanent_ban,not_appealed,2025-08-26,under_review,human_review,Case 465 (reddit)
VIOL-00466,meta,hate_speech,high,2025-01-19,content_ban_7d,appealed_pending,2025-07-19,closed,automated,Case 466 (meta)
VIOL-00467,youtube,violent_content,high,2025-03-25,warning,not_appealed,2025-09-25,closed,escalated,Case 467 (youtube)
VIOL-00468,youtube,spam,high,2025-01-14,channel_removal,appealed_approved,2025-07-14,closed,escalated,Case 468 (youtube)
VIOL-00469,tiktok,edited_media_ai,high,2025-02-07,warning,appealed_denied,2025-08-07,pending,escalated,Case 469 (tiktok)
VIOL-00470,youtube,child_safety,medium,2025-05-20,strike_1,appealed_approved,2025-11-20,closed,escalated,Case 470 (youtube)
VIOL-00471,youtube,hate_speech,low,2025-01-16,strike_1,appealed_pending,2025-07-16,approved,escalated,Case 471 (youtube)
VIOL-00472,meta,csam,high,2025-04-10,feature_restrict,not_appealed,2025-10-10,pending,human_review,Case 472 (meta)
VIOL-00473,reddit,rule4_csam,low,2025-01-01,warning,not_appealed,2025-07-01,pending,human_review,Case 473 (reddit)
VIOL-00474,youtube,child_safety,low,2025-06-24,warning,appealed_denied,2025-12-24,under_review,automated,Case 474 (youtube)
VIOL-00475,tiktok,misinformation,medium,2025-01-04,video_removal,not_appealed,2025-07-04,approved,automated,Case 475 (tiktok)
VIOL-00476,tiktok,edited_media_ai,high,2025-01-04,warning,not_appealed,2025-07-04,under_review,escalated,Case 476 (tiktok)
VIOL-00477,meta,csam,medium,2025-04-20,content_ban_1d,not_appealed,2025-10-20,approved,automated,Case 477 (meta)
VIOL-00478,meta,spam,medium,2025-04-15,content_ban_1d,appealed_approved,2025-10-15,pending,automated,Case 478 (meta)
VIOL-00479,meta,spam,low,2025-06-24,warning,appealed_pending,2025-12-24,closed,automated,Case 479 (meta)
VIOL-00480,reddit,rule6_safety,high,2025-04-06,permanent_ban,appealed_denied,2025-10-06,closed,escalated,Case 480 (reddit)
VIOL-00481,meta,violent_graphic,medium,2025-01-14,content_ban_3d,not_appealed,2025-07-14,closed,automated,Case 481 (meta)
VIOL-00482,tiktok,safety_civility,high,2025-06-17,video_removal,appealed_denied,2025-12-17,closed,automated,Case 482 (tiktok)
VIOL-00483,meta,violent_graphic,medium,2025-06-22,content_ban_30d,appealed_approved,2025-12-22,under_review,escalated,Case 483 (meta)
VIOL-00484,youtube,spam,high,2025-02-17,channel_removal,appealed_approved,2025-08-17,under_review,human_review,Case 484 (youtube)
VIOL-00485,reddit,rule4_csam,low,2025-03-09,warning,appealed_pending,2025-09-09,pending,automated,Case 485 (reddit)
VIOL-00486,meta,spam,medium,2025-04-26,content_ban_7d,appealed_approved,2025-10-26,closed,automated,Case 486 (meta)
VIOL-00487,reddit,rule4_csam,low,2025-04-24,warning,not_appealed,2025-10-24,pending,automated,Case 487 (reddit)
VIOL-00488,youtube,child_safety,high,2025-01-27,warning,appealed_denied,2025-07-27,under_review,escalated,Case 488 (youtube)
VIOL-00489,reddit,rule4_csam,medium,2025-01-27,suspend_3d,appealed_approved,2025-07-27,approved,escalated,Case 489 (reddit)
VIOL-00490,reddit,rule4_csam,high,2025-04-04,warning,appealed_pending,2025-10-04,closed,automated,Case 490 (reddit)
VIOL-00491,tiktok,misinformation,high,2025-05-12,warning,not_appealed,2025-11-12,under_review,automated,Case 491 (tiktok)
VIOL-00492,meta,dangerous_orgs,high,2025-06-24,content_ban_3d,not_appealed,2025-12-24,approved,escalated,Case 492 (meta)
VIOL-00493,meta,hate_speech,low,2025-04-07,content_ban_3d,appealed_pending,2025-10-07,approved,human_review,Case 493 (meta)
VIOL-00494,reddit,rule1_hate,high,2025-06-19,warning,appealed_approved,2025-12-19,pending,escalated,Case 494 (reddit)
VIOL-00495,meta,violent_graphic,low,2025-05-24,warning,appealed_approved,2025-11-24,pending,escalated,Case 495 (meta)
VIOL-00496,meta,bullying_harassment,high,2025-02-24,feature_restrict,not_appealed,2025-08-24,pending,escalated,Case 496 (meta)
VIOL-00497,tiktok,privacy_security,medium,2025-04-20,video_removal,appealed_denied,2025-10-20,pending,automated,Case 497 (tiktok)
VIOL-00498,tiktok,edited_media_ai,low,2025-02-14,shadowban,appealed_denied,2025-08-14,under_review,human_review,Case 498 (tiktok)
VIOL-00499,meta,adult_nudity,high,2025-03-22,content_ban_1d,appealed_pending,2025-09-22,under_review,escalated,Case 499 (meta)
VIOL-00500,tiktok,safety_civility,medium,2025-05-16,permanent_ban,appealed_denied,2025-11-16,pending,human_review,Case 500 (tiktok)
VIOL-00501,youtube,spam,medium,2025-02-02,warning,appealed_pending,2025-08-02,approved,human_review,Case 501 (youtube)
VIOL-00502,tiktok,misinformation,low,2025-01-23,shadowban,appealed_pending,2025-07-23,closed,automated,Case 502 (tiktok)
VIOL-00503,reddit,rule1_hate,high,2025-06-24,suspend_3d,appealed_approved,2025-12-24,under_review,escalated,Case 503 (reddit)
VIOL-00504,tiktok,safety_civility,medium,2025-04-14,shadowban,not_appealed,2025-10-14,closed,escalated,Case 504 (tiktok)
VIOL-00505,tiktok,sensitive_mature,high,2025-04-27,video_removal,appealed_denied,2025-10-27,under_review,escalated,Case 505 (tiktok)
VIOL-00506,meta,csam,medium,2025-02-22,warning,appealed_pending,2025-08-22,under_review,escalated,Case 506 (meta)
VIOL-00507,youtube,violent_content,low,2025-04-09,strike_2,appealed_pending,2025-10-09,under_review,escalated,Case 507 (youtube)
VIOL-00508,tiktok,safety_civility,medium,2025-04-23,video_removal,not_appealed,2025-10-23,under_review,automated,Case 508 (tiktok)
VIOL-00509,youtube,child_safety,high,2025-03-16,strike_2,not_appealed,2025-09-16,approved,escalated,Case 509 (youtube)
VIOL-00510,meta,hate_speech,high,2025-01-26,content_ban_7d,appealed_pending,2025-07-26,pending,escalated,Case 510 (meta)
VIOL-00511,reddit,rule1_hate,medium,2025-02-07,suspend_7d,appealed_denied,2025-08-07,approved,automated,Case 511 (reddit)
VIOL-00512,meta,dangerous_orgs,high,2025-05-16,content_ban_7d,not_appealed,2025-11-16,closed,escalated,Case 512 (meta)
VIOL-00513,tiktok,edited_media_ai,low,2025-06-20,video_removal,not_appealed,2025-12-20,approved,automated,Case 513 (tiktok)
VIOL-00514,youtube,violent_content,medium,2025-05-24,strike_2,not_appealed,2025-11-24,approved,escalated,Case 514 (youtube)
VIOL-00515,reddit,rule5_misinfo,low,2025-03-21,suspend_3d,appealed_denied,2025-09-21,closed,human_review,Case 515 (reddit)
VIOL-00516,meta,dangerous_orgs,high,2025-05-01,content_ban_30d,not_appealed,2025-11-01,under_review,escalated,Case 516 (meta)
VIOL-00517,meta,dangerous_orgs,high,2025-04-27,warning,appealed_pending,2025-10-27,pending,escalated,Case 517 (meta)
VIOL-00518,youtube,misinformation,low,2025-04-23,strike_2,not_appealed,2025-10-23,closed,human_review,Case 518 (youtube)
VIOL-00519,youtube,misinformation,medium,2025-05-03,strike_1,appealed_denied,2025-11-03,pending,automated,Case 519 (youtube)
VIOL-00520,reddit,rule5_misinfo,medium,2025-03-01,permanent_ban,not_appealed,2025-09-01,closed,escalated,Case 520 (reddit)
VIOL-00521,youtube,child_safety,low,2025-06-28,warning,appealed_denied,2025-12-28,closed,automated,Case 521 (youtube)
VIOL-00522,tiktok,privacy_security,low,2025-03-25,permanent_ban,appealed_approved,2025-09-25,pending,escalated,Case 522 (tiktok)
VIOL-00523,youtube,violent_content,low,2025-05-08,strike_1,appealed_approved,2025-11-08,approved,escalated,Case 523 (youtube)
VIOL-00524,meta,csam,high,2025-06-21,content_ban_1d,not_appealed,2025-12-21,under_review,human_review,Case 524 (meta)
VIOL-00525,youtube,spam,high,2025-05-13,warning,appealed_denied,2025-11-13,under_review,escalated,Case 525 (youtube)
VIOL-00526,tiktok,sensitive_mature,medium,2025-06-28,video_removal,appealed_pending,2025-12-28,under_review,human_review,Case 526 (tiktok)
VIOL-00527,tiktok,sensitive_mature,low,2025-02-22,warning,appealed_approved,2025-08-22,closed,automated,Case 527 (tiktok)
VIOL-00528,youtube,hate_speech,low,2025-02-24,channel_removal,appealed_denied,2025-08-24,approved,human_review,Case 528 (youtube)
VIOL-00529,meta,spam,medium,2025-05-03,feature_restrict,appealed_denied,2025-11-03,pending,automated,Case 529 (meta)
VIOL-00530,tiktok,privacy_security,high,2025-03-23,video_removal,appealed_denied,2025-09-23,approved,automated,Case 530 (tiktok)
VIOL-00531,meta,spam,medium,2025-02-26,feature_restrict,appealed_approved,2025-08-26,approved,automated,Case 531 (meta)
VIOL-00532,meta,bullying_harassment,high,2025-03-16,content_ban_3d,appealed_approved,2025-09-16,approved,automated,Case 532 (meta)
VIOL-00533,reddit,rule6_safety,low,2025-02-21,warning,appealed_denied,2025-08-21,under_review,escalated,Case 533 (reddit)
VIOL-00534,meta,csam,high,2025-06-03,content_ban_30d,not_appealed,2025-12-03,closed,escalated,Case 534 (meta)
VIOL-00535,youtube,child_safety,high,2025-04-25,strike_1,not_appealed,2025-10-25,approved,escalated,Case 535 (youtube)
VIOL-00536,reddit,rule2_manipulation,medium,2025-04-08,suspend_7d,appealed_pending,2025-10-08,pending,escalated,Case 536 (reddit)
VIOL-00537,youtube,violent_content,medium,2025-05-01,strike_1,appealed_pending,2025-11-01,under_review,automated,Case 537 (youtube)
VIOL-00538,meta,hate_speech,high,2025-05-22,feature_restrict,appealed_approved,2025-11-22,approved,human_review,Case 538 (meta)
VIOL-00539,meta,dangerous_orgs,medium,2025-02-03,content_ban_1d,appealed_denied,2025-08-03,under_review,human_review,Case 539 (meta)
VIOL-00540,meta,adult_nudity,medium,2025-04-16,content_ban_3d,not_appealed,2025-10-16,closed,escalated,Case 540 (meta)
VIOL-00541,tiktok,safety_civility,high,2025-05-21,shadowban,appealed_denied,2025-11-21,under_review,automated,Case 541 (tiktok)
VIOL-00542,reddit,rule4_csam,high,2025-06-27,warning,appealed_denied,2025-12-27,pending,human_review,Case 542 (reddit)
VIOL-00543,reddit,rule4_csam,medium,2025-04-26,permanent_ban,not_appealed,2025-10-26,under_review,automated,Case 543 (reddit)
VIOL-00544,meta,hate_speech,low,2025-05-21,content_ban_1d,appealed_pending,2025-11-21,under_review,human_review,Case 544 (meta)
VIOL-00545,meta,csam,high,2025-06-27,warning,appealed_pending,2025-12-27,pending,automated,Case 545 (meta)
VIOL-00546,youtube,violent_content,high,2025-04-16,strike_1,appealed_pending,2025-10-16,pending,human_review,Case 546 (youtube)
VIOL-00547,meta,spam,low,2025-05-19,feature_restrict,appealed_pending,2025-11-19,closed,escalated,Case 547 (meta)
VIOL-00548,meta,spam,low,2025-03-06,content_ban_7d,appealed_approved,2025-09-06,closed,escalated,Case 548 (meta)
VIOL-00549,tiktok,safety_civility,low,2025-04-20,permanent_ban,appealed_approved,2025-10-20,under_review,human_review,Case 549 (tiktok)
VIOL-00550,reddit,rule6_safety,low,2025-05-27,suspend_3d,appealed_denied,2025-11-27,under_review,escalated,Case 550 (reddit)
VIOL-00551,tiktok,edited_media_ai,high,2025-05-03,video_removal,appealed_approved,2025-11-03,pending,human_review,Case 551 (tiktok)
VIOL-00552,youtube,spam,low,2025-05-28,channel_removal,appealed_pending,2025-11-28,closed,human_review,Case 552 (youtube)
VIOL-00553,reddit,rule6_safety,high,2025-01-26,warning,not_appealed,2025-07-26,pending,escalated,Case 553 (reddit)
VIOL-00554,meta,adult_nudity,high,2025-01-25,content_ban_30d,appealed_approved,2025-07-25,pending,automated,Case 554 (meta)
VIOL-00555,youtube,child_safety,medium,2025-02-26,channel_removal,appealed_approved,2025-08-26,approved,escalated,Case 555 (youtube)
VIOL-00556,youtube,violent_content,low,2025-03-16,strike_1,not_appealed,2025-09-16,approved,escalated,Case 556 (youtube)
VIOL-00557,reddit,rule4_csam,low,2025-01-23,warning,not_appealed,2025-07-23,closed,automated,Case 557 (reddit)
VIOL-00558,meta,bullying_harassment,medium,2025-04-12,warning,appealed_pending,2025-10-12,pending,escalated,Case 558 (meta)
VIOL-00559,tiktok,misinformation,high,2025-04-19,shadowban,appealed_denied,2025-10-19,pending,human_review,Case 559 (tiktok)
VIOL-00560,reddit,rule6_safety,high,2025-04-06,suspend_7d,appealed_approved,2025-10-06,approved,automated,Case 560 (reddit)
VIOL-00561,tiktok,edited_media_ai,high,2025-02-28,warning,appealed_pending,2025-08-28,pending,escalated,Case 561 (tiktok)
VIOL-00562,meta,spam,low,2025-05-13,content_ban_1d,not_appealed,2025-11-13,under_review,automated,Case 562 (meta)
VIOL-00563,youtube,spam,low,2025-04-20,channel_removal,not_appealed,2025-10-20,closed,automated,Case 563 (youtube)
VIOL-00564,meta,csam,low,2025-05-02,content_ban_30d,appealed_approved,2025-11-02,pending,escalated,Case 564 (meta)
VIOL-00565,tiktok,privacy_security,low,2025-02-21,permanent_ban,appealed_approved,2025-08-21,closed,human_review,Case 565 (tiktok)
VIOL-00566,tiktok,sensitive_mature,low,2025-05-17,video_removal,appealed_pending,2025-11-17,closed,automated,Case 566 (tiktok)
VIOL-00567,meta,bullying_harassment,low,2025-02-03,content_ban_1d,appealed_approved,2025-08-03,approved,escalated,Case 567 (meta)
VIOL-00568,reddit,rule5_misinfo,high,2025-02-17,warning,not_appealed,2025-08-17,closed,escalated,Case 568 (reddit)
VIOL-00569,tiktok,privacy_security,high,2025-03-12,shadowban,appealed_pending,2025-09-12,under_review,automated,Case 569 (tiktok)
VIOL-00570,reddit,rule6_safety,low,2025-03-06,permanent_ban,not_appealed,2025-09-06,closed,escalated,Case 570 (reddit)
VIOL-00571,tiktok,misinformation,low,2025-05-09,shadowban,appealed_approved,2025-11-09,pending,escalated,Case 571 (tiktok)
VIOL-00572,reddit,rule2_manipulation,medium,2025-04-22,permanent_ban,not_appealed,2025-10-22,pending,human_review,Case 572 (reddit)
VIOL-00573,tiktok,safety_civility,medium,2025-06-26,video_removal,appealed_pending,2025-12-26,approved,automated,Case 573 (tiktok)
VIOL-00574,tiktok,privacy_security,high,2025-01-23,shadowban,appealed_pending,2025-07-23,approved,human_review,Case 574 (tiktok)
VIOL-00575,reddit,rule4_csam,low,2025-05-06,permanent_ban,appealed_denied,2025-11-06,approved,human_review,Case 575 (reddit)
VIOL-00576,tiktok,sensitive_mature,high,2025-06-07,permanent_ban,appealed_pending,2025-12-07,under_review,escalated,Case 576 (tiktok)
VIOL-00577,meta,dangerous_orgs,medium,2025-02-08,feature_restrict,appealed_pending,2025-08-08,approved,human_review,Case 577 (meta)
VIOL-00578,youtube,spam,low,2025-06-22,channel_removal,not_appealed,2025-12-22,closed,automated,Case 578 (youtube)
VIOL-00579,tiktok,privacy_security,medium,2025-04-19,shadowban,appealed_approved,2025-10-19,under_review,escalated,Case 579 (tiktok)
VIOL-00580,tiktok,edited_media_ai,low,2025-05-05,warning,appealed_approved,2025-11-05,pending,escalated,Case 580 (tiktok)
VIOL-00581,youtube,child_safety,medium,2025-04-28,strike_1,appealed_approved,2025-10-28,closed,escalated,Case 581 (youtube)
VIOL-00582,reddit,rule4_csam,high,2025-01-01,suspend_3d,appealed_approved,2025-07-01,closed,automated,Case 582 (reddit)
VIOL-00583,tiktok,privacy_security,medium,2025-02-18,shadowban,appealed_pending,2025-08-18,approved,automated,Case 583 (tiktok)
VIOL-00584,tiktok,misinformation,low,2025-04-14,video_removal,appealed_approved,2025-10-14,approved,automated,Case 584 (tiktok)
VIOL-00585,reddit,rule4_csam,medium,2025-02-19,suspend_3d,appealed_pending,2025-08-19,closed,escalated,Case 585 (reddit)
VIOL-00586,tiktok,sensitive_mature,high,2025-04-28,permanent_ban,appealed_pending,2025-10-28,under_review,escalated,Case 586 (tiktok)
VIOL-00587,meta,violent_graphic,low,2025-02-14,content_ban_3d,appealed_pending,2025-08-14,approved,automated,Case 587 (meta)
VIOL-00588,tiktok,misinformation,high,2025-05-02,permanent_ban,not_appealed,2025-11-02,under_review,human_review,Case 588 (tiktok)
VIOL-00589,meta,dangerous_orgs,medium,2025-04-27,content_ban_30d,not_appealed,2025-10-27,pending,escalated,Case 589 (meta)
VIOL-00590,tiktok,misinformation,medium,2025-03-18,shadowban,appealed_denied,2025-09-18,closed,automated,Case 590 (tiktok)
VIOL-00591,youtube,hate_speech,high,2025-05-07,strike_1,appealed_denied,2025-11-07,approved,automated,Case 591 (youtube)
VIOL-00592,reddit,rule5_misinfo,low,2025-04-20,suspend_7d,appealed_approved,2025-10-20,under_review,human_review,Case 592 (reddit)
VIOL-00593,tiktok,edited_media_ai,high,2025-05-19,permanent_ban,not_appealed,2025-11-19,closed,human_review,Case 593 (tiktok)
VIOL-00594,tiktok,sensitive_mature,medium,2025-03-21,shadowban,appealed_denied,2025-09-21,pending,automated,Case 594 (tiktok)
VIOL-00595,reddit,rule4_csam,high,2025-05-17,permanent_ban,appealed_approved,2025-11-17,under_review,human_review,Case 595 (reddit)
VIOL-00596,youtube,misinformation,high,2025-02-22,strike_2,not_appealed,2025-08-22,under_review,human_review,Case 596 (youtube)
VIOL-00597,reddit,rule1_hate,low,2025-01-16,warning,not_appealed,2025-07-16,pending,escalated,Case 597 (reddit)
VIOL-00598,youtube,spam,medium,2025-05-05,warning,appealed_approved,2025-11-05,approved,human_review,Case 598 (youtube)
VIOL-00599,meta,bullying_harassment,medium,2025-04-21,feature_restrict,appealed_pending,2025-10-21,under_review,human_review,Case 599 (meta)
VIOL-00600,youtube,hate_speech,medium,2025-04-15,strike_2,appealed_approved,2025-10-15,under_review,escalated,Case 600 (youtube)
VIOL-00601,meta,adult_nudity,high,2025-04-21,content_ban_30d,appealed_approved,2025-10-21,approved,automated,Case 601 (meta)
VIOL-00602,reddit,rule6_safety,low,2025-01-15,suspend_7d,appealed_denied,2025-07-15,pending,automated,Case 602 (reddit)
VIOL-00603,meta,csam,low,2025-01-17,feature_restrict,appealed_denied,2025-07-17,approved,automated,Case 603 (meta)
VIOL-00604,youtube,violent_content,medium,2025-03-01,channel_removal,appealed_denied,2025-09-01,under_review,human_review,Case 604 (youtube)
VIOL-00605,tiktok,sensitive_mature,medium,2025-05-14,permanent_ban,appealed_pending,2025-11-14,under_review,escalated,Case 605 (tiktok)
VIOL-00606,reddit,rule5_misinfo,low,2025-03-03,permanent_ban,appealed_pending,2025-09-03,approved,automated,Case 606 (reddit)
VIOL-00607,tiktok,edited_media_ai,low,2025-01-06,video_removal,appealed_denied,2025-07-06,closed,escalated,Case 607 (tiktok)
VIOL-00608,reddit,rule6_safety,medium,2025-03-23,permanent_ban,appealed_pending,2025-09-23,approved,human_review,Case 608 (reddit)
VIOL-00609,meta,spam,high,2025-01-06,warning,appealed_denied,2025-07-06,approved,human_review,Case 609 (meta)
VIOL-00610,reddit,rule1_hate,low,2025-01-05,warning,appealed_approved,2025-07-05,under_review,automated,Case 610 (reddit)
VIOL-00611,reddit,rule4_csam,medium,2025-03-15,warning,appealed_denied,2025-09-15,closed,human_review,Case 611 (reddit)
VIOL-00612,youtube,hate_speech,medium,2025-01-18,channel_removal,appealed_pending,2025-07-18,under_review,automated,Case 612 (youtube)
VIOL-00613,reddit,rule1_hate,low,2025-06-08,permanent_ban,appealed_approved,2025-12-08,under_review,escalated,Case 613 (reddit)
VIOL-00614,youtube,misinformation,medium,2025-06-25,warning,appealed_pending,2025-12-25,pending,automated,Case 614 (youtube)
VIOL-00615,tiktok,misinformation,low,2025-06-24,warning,not_appealed,2025-12-24,approved,automated,Case 615 (tiktok)
VIOL-00616,tiktok,sensitive_mature,medium,2025-01-28,video_removal,not_appealed,2025-07-28,under_review,escalated,Case 616 (tiktok)
VIOL-00617,reddit,rule4_csam,low,2025-02-26,suspend_7d,not_appealed,2025-08-26,pending,human_review,Case 617 (reddit)
VIOL-00618,youtube,spam,high,2025-06-16,strike_1,appealed_denied,2025-12-16,closed,human_review,Case 618 (youtube)
VIOL-00619,meta,violent_graphic,low,2025-06-20,content_ban_1d,not_appealed,2025-12-20,closed,automated,Case 619 (meta)
VIOL-00620,meta,bullying_harassment,high,2025-01-05,content_ban_3d,appealed_pending,2025-07-05,approved,escalated,Case 620 (meta)
VIOL-00621,tiktok,edited_media_ai,high,2025-02-01,permanent_ban,appealed_denied,2025-08-01,under_review,automated,Case 621 (tiktok)
VIOL-00622,youtube,violent_content,high,2025-04-18,strike_2,appealed_approved,2025-10-18,under_review,escalated,Case 622 (youtube)
VIOL-00623,meta,adult_nudity,medium,2025-03-24,content_ban_3d,appealed_denied,2025-09-24,under_review,human_review,Case 623 (meta)
VIOL-00624,meta,violent_graphic,medium,2025-03-18,content_ban_1d,appealed_approved,2025-09-18,closed,escalated,Case 624 (meta)
VIOL-00625,reddit,rule2_manipulation,low,2025-05-28,suspend_7d,appealed_pending,2025-11-28,approved,escalated,Case 625 (reddit)
VIOL-00626,youtube,child_safety,medium,2025-02-17,channel_removal,appealed_pending,2025-08-17,approved,automated,Case 626 (youtube)
VIOL-00627,reddit,rule4_csam,low,2025-01-17,warning,not_appealed,2025-07-17,under_review,human_review,Case 627 (reddit)
VIOL-00628,youtube,misinformation,low,2025-04-07,warning,not_appealed,2025-10-07,pending,escalated,Case 628 (youtube)
VIOL-00629,reddit,rule6_safety,high,2025-06-19,suspend_7d,not_appealed,2025-12-19,approved,human_review,Case 629 (reddit)
VIOL-00630,youtube,spam,low,2025-06-16,warning,appealed_approved,2025-12-16,closed,automated,Case 630 (youtube)
VIOL-00631,reddit,rule4_csam,high,2025-01-27,suspend_7d,not_appealed,2025-07-27,closed,automated,Case 631 (reddit)
VIOL-00632,youtube,misinformation,high,2025-01-04,strike_1,appealed_approved,2025-07-04,under_review,human_review,Case 632 (youtube)
VIOL-00633,meta,adult_nudity,high,2025-02-18,content_ban_30d,appealed_approved,2025-08-18,closed,escalated,Case 633 (meta)
VIOL-00634,tiktok,edited_media_ai,high,2025-06-14,warning,appealed_pending,2025-12-14,under_review,escalated,Case 634 (tiktok)
VIOL-00635,reddit,rule6_safety,medium,2025-06-06,permanent_ban,appealed_denied,2025-12-06,approved,escalated,Case 635 (reddit)
VIOL-00636,tiktok,misinformation,medium,2025-06-14,shadowban,appealed_pending,2025-12-14,under_review,automated,Case 636 (tiktok)
VIOL-00637,tiktok,misinformation,medium,2025-04-13,warning,not_appealed,2025-10-13,approved,escalated,Case 637 (tiktok)
VIOL-00638,youtube,child_safety,low,2025-03-01,strike_2,appealed_pending,2025-09-01,under_review,automated,Case 638 (youtube)
VIOL-00639,youtube,hate_speech,high,2025-05-18,strike_1,not_appealed,2025-11-18,closed,automated,Case 639 (youtube)
VIOL-00640,tiktok,sensitive_mature,low,2025-03-12,video_removal,appealed_pending,2025-09-12,approved,automated,Case 640 (tiktok)
VIOL-00641,youtube,child_safety,medium,2025-05-07,warning,appealed_denied,2025-11-07,pending,human_review,Case 641 (youtube)
VIOL-00642,reddit,rule6_safety,low,2025-05-21,suspend_7d,not_appealed,2025-11-21,pending,human_review,Case 642 (reddit)
VIOL-00643,youtube,hate_speech,medium,2025-04-14,warning,appealed_pending,2025-10-14,closed,escalated,Case 643 (youtube)
VIOL-00644,reddit,rule1_hate,medium,2025-05-02,suspend_7d,appealed_pending,2025-11-02,approved,escalated,Case 644 (reddit)
VIOL-00645,meta,hate_speech,low,2025-06-24,content_ban_3d,appealed_approved,2025-12-24,closed,human_review,Case 645 (meta)
VIOL-00646,reddit,rule4_csam,medium,2025-02-05,suspend_7d,not_appealed,2025-08-05,pending,escalated,Case 646 (reddit)
VIOL-00647,youtube,child_safety,medium,2025-03-03,channel_removal,appealed_approved,2025-09-03,under_review,human_review,Case 647 (youtube)
VIOL-00648,reddit,rule6_safety,low,2025-04-13,suspend_3d,appealed_pending,2025-10-13,under_review,human_review,Case 648 (reddit)
VIOL-00649,tiktok,edited_media_ai,medium,2025-06-19,warning,not_appealed,2025-12-19,pending,automated,Case 649 (tiktok)
VIOL-00650,tiktok,misinformation,low,2025-03-12,warning,appealed_denied,2025-09-12,under_review,automated,Case 650 (tiktok)
VIOL-00651,reddit,rule6_safety,low,2025-04-02,suspend_3d,appealed_pending,2025-10-02,approved,human_review,Case 651 (reddit)
VIOL-00652,youtube,spam,high,2025-01-08,strike_1,appealed_denied,2025-07-08,closed,automated,Case 652 (youtube)
VIOL-00653,youtube,hate_speech,medium,2025-04-01,strike_2,appealed_pending,2025-10-01,under_review,human_review,Case 653 (youtube)
VIOL-00654,tiktok,privacy_security,medium,2025-05-24,video_removal,not_appealed,2025-11-24,pending,escalated,Case 654 (tiktok)
VIOL-00655,youtube,hate_speech,low,2025-01-10,strike_1,appealed_denied,2025-07-10,closed,automated,Case 655 (youtube)
VIOL-00656,youtube,spam,medium,2025-06-09,strike_2,not_appealed,2025-12-09,closed,automated,Case 656 (youtube)
VIOL-00657,reddit,rule2_manipulation,medium,2025-05-23,warning,appealed_denied,2025-11-23,pending,escalated,Case 657 (reddit)
VIOL-00658,youtube,misinformation,low,2025-05-15,warning,not_appealed,2025-11-15,under_review,escalated,Case 658 (youtube)
VIOL-00659,tiktok,misinformation,medium,2025-04-24,video_removal,not_appealed,2025-10-24,approved,escalated,Case 659 (tiktok)
VIOL-00660,tiktok,misinformation,high,2025-03-08,shadowban,not_appealed,2025-09-08,approved,automated,Case 660 (tiktok)
VIOL-00661,youtube,child_safety,medium,2025-02-05,strike_2,appealed_approved,2025-08-05,under_review,human_review,Case 661 (youtube)
VIOL-00662,reddit,rule6_safety,high,2025-05-28,suspend_3d,appealed_approved,2025-11-28,under_review,escalated,Case 662 (reddit)
VIOL-00663,meta,violent_graphic,medium,2025-05-11,content_ban_3d,appealed_pending,2025-11-11,under_review,escalated,Case 663 (meta)
VIOL-00664,meta,adult_nudity,high,2025-06-26,feature_restrict,appealed_pending,2025-12-26,approved,escalated,Case 664 (meta)
VIOL-00665,meta,violent_graphic,low,2025-06-19,feature_restrict,appealed_denied,2025-12-19,closed,escalated,Case 665 (meta)
VIOL-00666,youtube,misinformation,medium,2025-02-24,warning,appealed_denied,2025-08-24,pending,automated,Case 666 (youtube)
VIOL-00667,tiktok,edited_media_ai,high,2025-06-24,shadowban,appealed_pending,2025-12-24,under_review,human_review,Case 667 (tiktok)
VIOL-00668,meta,hate_speech,low,2025-05-20,content_ban_1d,appealed_pending,2025-11-20,under_review,human_review,Case 668 (meta)
VIOL-00669,youtube,hate_speech,low,2025-06-25,channel_removal,appealed_pending,2025-12-25,pending,escalated,Case 669 (youtube)
VIOL-00670,tiktok,sensitive_mature,medium,2025-04-16,video_removal,appealed_pending,2025-10-16,under_review,human_review,Case 670 (tiktok)
VIOL-00671,youtube,violent_content,low,2025-03-14,strike_1,appealed_pending,2025-09-14,under_review,human_review,Case 671 (youtube)
VIOL-00672,meta,violent_graphic,high,2025-04-23,content_ban_1d,appealed_approved,2025-10-23,under_review,automated,Case 672 (meta)
VIOL-00673,reddit,rule1_hate,high,2025-06-27,permanent_ban,appealed_denied,2025-12-27,pending,escalated,Case 673 (reddit)
VIOL-00674,youtube,child_safety,low,2025-04-15,warning,appealed_pending,2025-10-15,pending,escalated,Case 674 (youtube)
VIOL-00675,youtube,child_safety,medium,2025-05-25,warning,appealed_pending,2025-11-25,approved,automated,Case 675 (youtube)
VIOL-00676,reddit,rule4_csam,medium,2025-04-06,permanent_ban,appealed_denied,2025-10-06,closed,escalated,Case 676 (reddit)
VIOL-00677,meta,violent_graphic,high,2025-04-03,content_ban_30d,not_appealed,2025-10-03,under_review,escalated,Case 677 (meta)
VIOL-00678,meta,violent_graphic,medium,2025-03-15,warning,appealed_pending,2025-09-15,pending,escalated,Case 678 (meta)
VIOL-00679,meta,violent_graphic,low,2025-03-11,content_ban_30d,appealed_pending,2025-09-11,closed,human_review,Case 679 (meta)
VIOL-00680,youtube,violent_content,high,2025-03-03,channel_removal,appealed_pending,2025-09-03,pending,escalated,Case 680 (youtube)
VIOL-00681,reddit,rule1_hate,low,2025-03-19,suspend_3d,appealed_pending,2025-09-19,under_review,human_review,Case 681 (reddit)
VIOL-00682,youtube,violent_content,medium,2025-03-24,channel_removal,appealed_denied,2025-09-24,under_review,human_review,Case 682 (youtube)
VIOL-00683,meta,hate_speech,low,2025-05-25,content_ban_1d,not_appealed,2025-11-25,pending,automated,Case 683 (meta)
VIOL-00684,reddit,rule6_safety,low,2025-05-16,suspend_3d,appealed_pending,2025-11-16,pending,automated,Case 684 (reddit)
VIOL-00685,reddit,rule5_misinfo,low,2025-05-20,warning,appealed_pending,2025-11-20,approved,escalated,Case 685 (reddit)
VIOL-00686,meta,spam,low,2025-02-02,content_ban_30d,appealed_denied,2025-08-02,closed,human_review,Case 686 (meta)
VIOL-00687,youtube,child_safety,high,2025-03-11,warning,not_appealed,2025-09-11,closed,automated,Case 687 (youtube)
VIOL-00688,meta,hate_speech,high,2025-03-20,content_ban_30d,appealed_pending,2025-09-20,pending,escalated,Case 688 (meta)
VIOL-00689,tiktok,safety_civility,low,2025-03-11,shadowban,appealed_approved,2025-09-11,closed,automated,Case 689 (tiktok)
VIOL-00690,youtube,hate_speech,medium,2025-02-04,strike_2,appealed_denied,2025-08-04,pending,escalated,Case 690 (youtube)
VIOL-00691,meta,bullying_harassment,low,2025-05-02,warning,not_appealed,2025-11-02,pending,escalated,Case 691 (meta)
VIOL-00692,tiktok,edited_media_ai,high,2025-03-09,shadowban,appealed_pending,2025-09-09,pending,escalated,Case 692 (tiktok)
VIOL-00693,reddit,rule5_misinfo,low,2025-05-08,suspend_7d,appealed_pending,2025-11-08,closed,human_review,Case 693 (reddit)
VIOL-00694,youtube,violent_content,high,2025-01-24,strike_1,appealed_approved,2025-07-24,pending,human_review,Case 694 (youtube)
VIOL-00695,tiktok,misinformation,high,2025-06-07,warning,appealed_pending,2025-12-07,approved,automated,Case 695 (tiktok)
VIOL-00696,youtube,hate_speech,medium,2025-05-18,strike_2,not_appealed,2025-11-18,closed,escalated,Case 696 (youtube)
VIOL-00697,tiktok,misinformation,medium,2025-06-19,warning,appealed_pending,2025-12-19,under_review,automated,Case 697 (tiktok)
VIOL-00698,tiktok,edited_media_ai,medium,2025-01-21,video_removal,appealed_approved,2025-07-21,under_review,escalated,Case 698 (tiktok)
VIOL-00699,reddit,rule6_safety,medium,2025-04-26,permanent_ban,not_appealed,2025-10-26,approved,escalated,Case 699 (reddit)
VIOL-00700,tiktok,privacy_security,high,2025-01-07,shadowban,appealed_denied,2025-07-07,closed,human_review,Case 700 (tiktok)
VIOL-00701,tiktok,safety_civility,medium,2025-04-21,video_removal,appealed_approved,2025-10-21,under_review,escalated,Case 701 (tiktok)
VIOL-00702,youtube,hate_speech,high,2025-03-23,warning,appealed_denied,2025-09-23,pending,human_review,Case 702 (youtube)
VIOL-00703,reddit,rule2_manipulation,medium,2025-04-27,suspend_7d,appealed_pending,2025-10-27,approved,human_review,Case 703 (reddit)
VIOL-00704,youtube,hate_speech,low,2025-02-03,channel_removal,not_appealed,2025-08-03,pending,escalated,Case 704 (youtube)
VIOL-00705,meta,hate_speech,medium,2025-04-24,content_ban_7d,appealed_denied,2025-10-24,approved,human_review,Case 705 (meta)
VIOL-00706,youtube,child_safety,high,2025-02-07,warning,appealed_approved,2025-08-07,pending,escalated,Case 706 (youtube)
VIOL-00707,youtube,spam,medium,2025-01-22,warning,appealed_denied,2025-07-22,pending,human_review,Case 707 (youtube)
VIOL-00708,youtube,child_safety,high,2025-06-10,warning,appealed_denied,2025-12-10,under_review,automated,Case 708 (youtube)
VIOL-00709,meta,hate_speech,medium,2025-03-18,content_ban_1d,appealed_approved,2025-09-18,closed,automated,Case 709 (meta)
VIOL-00710,meta,hate_speech,medium,2025-01-01,content_ban_7d,not_appealed,2025-07-01,under_review,escalated,Case 710 (meta)
VIOL-00711,tiktok,privacy_security,medium,2025-03-05,shadowban,appealed_pending,2025-09-05,under_review,human_review,Case 711 (tiktok)
VIOL-00712,tiktok,privacy_security,medium,2025-05-15,warning,appealed_pending,2025-11-15,closed,automated,Case 712 (tiktok)
VIOL-00713,youtube,spam,medium,2025-01-03,channel_removal,appealed_approved,2025-07-03,under_review,escalated,Case 713 (youtube)
VIOL-00714,reddit,rule6_safety,medium,2025-03-11,suspend_3d,not_appealed,2025-09-11,pending,escalated,Case 714 (reddit)
VIOL-00715,meta,spam,high,2025-04-04,content_ban_3d,appealed_denied,2025-10-04,pending,automated,Case 715 (meta)
VIOL-00716,meta,hate_speech,low,2025-05-09,content_ban_1d,appealed_approved,2025-11-09,under_review,escalated,Case 716 (meta)
VIOL-00717,tiktok,misinformation,medium,2025-04-01,warning,appealed_approved,2025-10-01,closed,automated,Case 717 (tiktok)
VIOL-00718,reddit,rule5_misinfo,low,2025-03-25,suspend_7d,appealed_pending,2025-09-25,closed,automated,Case 718 (reddit)
VIOL-00719,youtube,hate_speech,high,2025-06-03,strike_2,appealed_approved,2025-12-03,pending,escalated,Case 719 (youtube)
VIOL-00720,reddit,rule2_manipulation,high,2025-02-18,suspend_3d,appealed_approved,2025-08-18,pending,human_review,Case 720 (reddit)
VIOL-00721,tiktok,sensitive_mature,high,2025-05-14,permanent_ban,appealed_denied,2025-11-14,under_review,human_review,Case 721 (tiktok)
VIOL-00722,youtube,child_safety,medium,2025-01-19,channel_removal,appealed_denied,2025-07-19,closed,automated,Case 722 (youtube)
VIOL-00723,meta,csam,medium,2025-01-20,warning,appealed_approved,2025-07-20,approved,automated,Case 723 (meta)
VIOL-00724,youtube,spam,low,2025-02-19,warning,appealed_pending,2025-08-19,under_review,automated,Case 724 (youtube)
VIOL-00725,tiktok,edited_media_ai,high,2025-05-15,video_removal,appealed_pending,2025-11-15,approved,automated,Case 725 (tiktok)
VIOL-00726,tiktok,edited_media_ai,high,2025-03-03,warning,appealed_approved,2025-09-03,under_review,automated,Case 726 (tiktok)
VIOL-00727,youtube,hate_speech,high,2025-01-01,strike_2,not_appealed,2025-07-01,approved,human_review,Case 727 (youtube)
VIOL-00728,meta,violent_graphic,high,2025-05-13,content_ban_30d,appealed_denied,2025-11-13,pending,automated,Case 728 (meta)
VIOL-00729,reddit,rule5_misinfo,high,2025-02-22,suspend_3d,appealed_approved,2025-08-22,under_review,human_review,Case 729 (reddit)
VIOL-00730,reddit,rule4_csam,medium,2025-02-10,suspend_3d,appealed_pending,2025-08-10,closed,human_review,Case 730 (reddit)
VIOL-00731,youtube,misinformation,high,2025-04-22,channel_removal,appealed_pending,2025-10-22,closed,human_review,Case 731 (youtube)
VIOL-00732,reddit,rule5_misinfo,high,2025-05-14,suspend_3d,appealed_approved,2025-11-14,pending,escalated,Case 732 (reddit)
VIOL-00733,reddit,rule5_misinfo,medium,2025-02-06,permanent_ban,not_appealed,2025-08-06,pending,escalated,Case 733 (reddit)
VIOL-00734,meta,bullying_harassment,high,2025-03-14,content_ban_7d,appealed_denied,2025-09-14,closed,human_review,Case 734 (meta)
VIOL-00735,reddit,rule4_csam,low,2025-05-16,warning,appealed_pending,2025-11-16,approved,automated,Case 735 (reddit)
VIOL-00736,youtube,child_safety,high,2025-01-08,channel_removal,not_appealed,2025-07-08,approved,escalated,Case 736 (youtube)
VIOL-00737,youtube,hate_speech,high,2025-01-16,channel_removal,appealed_approved,2025-07-16,approved,automated,Case 737 (youtube)
VIOL-00738,tiktok,misinformation,medium,2025-02-02,shadowban,appealed_denied,2025-08-02,closed,escalated,Case 738 (tiktok)
VIOL-00739,reddit,rule6_safety,low,2025-05-02,suspend_7d,not_appealed,2025-11-02,approved,automated,Case 739 (reddit)
VIOL-00740,youtube,misinformation,high,2025-01-28,strike_2,appealed_denied,2025-07-28,under_review,escalated,Case 740 (youtube)
VIOL-00741,tiktok,misinformation,medium,2025-01-24,warning,appealed_pending,2025-07-24,under_review,escalated,Case 741 (tiktok)
VIOL-00742,reddit,rule4_csam,low,2025-03-26,suspend_3d,appealed_approved,2025-09-26,under_review,escalated,Case 742 (reddit)
VIOL-00743,youtube,hate_speech,low,2025-02-20,strike_1,appealed_approved,2025-08-20,pending,automated,Case 743 (youtube)
VIOL-00744,meta,bullying_harassment,medium,2025-06-21,feature_restrict,appealed_pending,2025-12-21,approved,human_review,Case 744 (meta)
VIOL-00745,tiktok,safety_civility,low,2025-02-15,permanent_ban,appealed_approved,2025-08-15,approved,automated,Case 745 (tiktok)
VIOL-00746,meta,violent_graphic,high,2025-06-13,content_ban_3d,appealed_denied,2025-12-13,under_review,escalated,Case 746 (meta)
VIOL-00747,reddit,rule1_hate,medium,2025-04-13,suspend_7d,not_appealed,2025-10-13,closed,escalated,Case 747 (reddit)
VIOL-00748,tiktok,edited_media_ai,high,2025-06-28,shadowban,appealed_denied,2025-12-28,approved,automated,Case 748 (tiktok)
VIOL-00749,youtube,hate_speech,high,2025-05-13,channel_removal,appealed_pending,2025-11-13,under_review,escalated,Case 749 (youtube)
VIOL-00750,tiktok,sensitive_mature,medium,2025-05-01,warning,not_appealed,2025-11-01,closed,automated,Case 750 (tiktok)
VIOL-00751,youtube,child_safety,low,2025-06-15,strike_2,appealed_pending,2025-12-15,approved,automated,Case 751 (youtube)
VIOL-00752,meta,spam,low,2025-05-03,warning,appealed_pending,2025-11-03,closed,escalated,Case 752 (meta)
VIOL-00753,youtube,spam,high,2025-02-13,strike_1,not_appealed,2025-08-13,under_review,automated,Case 753 (youtube)
VIOL-00754,tiktok,edited_media_ai,high,2025-01-21,permanent_ban,appealed_denied,2025-07-21,pending,escalated,Case 754 (tiktok)
VIOL-00755,tiktok,misinformation,low,2025-01-09,warning,appealed_approved,2025-07-09,pending,automated,Case 755 (tiktok)
VIOL-00756,youtube,hate_speech,medium,2025-02-15,warning,appealed_approved,2025-08-15,under_review,escalated,Case 756 (youtube)
VIOL-00757,reddit,rule2_manipulation,high,2025-04-04,suspend_3d,appealed_approved,2025-10-04,under_review,escalated,Case 757 (reddit)
VIOL-00758,youtube,violent_content,high,2025-03-04,warning,not_appealed,2025-09-04,closed,escalated,Case 758 (youtube)
VIOL-00759,tiktok,edited_media_ai,low,2025-04-05,warning,not_appealed,2025-10-05,pending,automated,Case 759 (tiktok)
VIOL-00760,meta,bullying_harassment,medium,2025-04-19,warning,appealed_approved,2025-10-19,pending,automated,Case 760 (meta)
VIOL-00761,reddit,rule1_hate,high,2025-02-01,permanent_ban,appealed_approved,2025-08-01,closed,escalated,Case 761 (reddit)
VIOL-00762,tiktok,misinformation,high,2025-03-13,warning,not_appealed,2025-09-13,approved,escalated,Case 762 (tiktok)
VIOL-00763,tiktok,safety_civility,medium,2025-03-21,video_removal,appealed_pending,2025-09-21,closed,automated,Case 763 (tiktok)
VIOL-00764,meta,csam,high,2025-04-04,content_ban_30d,appealed_denied,2025-10-04,pending,human_review,Case 764 (meta)
VIOL-00765,reddit,rule2_manipulation,low,2025-01-07,warning,appealed_pending,2025-07-07,pending,automated,Case 765 (reddit)
VIOL-00766,youtube,child_safety,high,2025-03-16,channel_removal,not_appealed,2025-09-16,closed,automated,Case 766 (youtube)
VIOL-00767,youtube,hate_speech,high,2025-01-13,warning,appealed_pending,2025-07-13,pending,escalated,Case 767 (youtube)
VIOL-00768,meta,bullying_harassment,high,2025-02-03,warning,appealed_pending,2025-08-03,pending,escalated,Case 768 (meta)
VIOL-00769,youtube,violent_content,high,2025-01-08,strike_1,not_appealed,2025-07-08,under_review,escalated,Case 769 (youtube)
VIOL-00770,youtube,hate_speech,low,2025-04-20,strike_1,not_appealed,2025-10-20,closed,human_review,Case 770 (youtube)
VIOL-00771,reddit,rule6_safety,high,2025-02-03,suspend_3d,appealed_approved,2025-08-03,approved,escalated,Case 771 (reddit)
VIOL-00772,reddit,rule4_csam,low,2025-06-19,suspend_3d,appealed_denied,2025-12-19,under_review,human_review,Case 772 (reddit)
VIOL-00773,meta,csam,low,2025-01-09,feature_restrict,appealed_approved,2025-07-09,under_review,escalated,Case 773 (meta)
VIOL-00774,tiktok,privacy_security,low,2025-04-08,warning,appealed_pending,2025-10-08,closed,escalated,Case 774 (tiktok)
VIOL-00775,reddit,rule2_manipulation,low,2025-04-03,warning,not_appealed,2025-10-03,under_review,human_review,Case 775 (reddit)
VIOL-00776,tiktok,edited_media_ai,high,2025-04-23,video_removal,appealed_pending,2025-10-23,under_review,escalated,Case 776 (tiktok)
VIOL-00777,tiktok,privacy_security,medium,2025-04-08,video_removal,not_appealed,2025-10-08,under_review,escalated,Case 777 (tiktok)
VIOL-00778,reddit,rule6_safety,low,2025-06-27,suspend_7d,appealed_denied,2025-12-27,pending,human_review,Case 778 (reddit)
VIOL-00779,meta,hate_speech,low,2025-05-04,content_ban_7d,appealed_denied,2025-11-04,under_review,automated,Case 779 (meta)
VIOL-00780,meta,csam,low,2025-02-04,feature_restrict,appealed_approved,2025-08-04,pending,human_review,Case 780 (meta)
VIOL-00781,meta,bullying_harassment,low,2025-01-21,content_ban_1d,appealed_denied,2025-07-21,under_review,automated,Case 781 (meta)
VIOL-00782,tiktok,misinformation,high,2025-04-02,warning,not_appealed,2025-10-02,under_review,human_review,Case 782 (tiktok)
VIOL-00783,youtube,violent_content,high,2025-01-03,strike_1,appealed_approved,2025-07-03,approved,automated,Case 783 (youtube)
VIOL-00784,meta,bullying_harassment,high,2025-03-08,warning,appealed_denied,2025-09-08,under_review,human_review,Case 784 (meta)
VIOL-00785,meta,bullying_harassment,medium,2025-02-13,feature_restrict,not_appealed,2025-08-13,pending,escalated,Case 785 (meta)
VIOL-00786,reddit,rule1_hate,medium,2025-02-07,permanent_ban,appealed_pending,2025-08-07,pending,automated,Case 786 (reddit)
VIOL-00787,meta,violent_graphic,high,2025-02-21,content_ban_1d,appealed_denied,2025-08-21,under_review,automated,Case 787 (meta)
VIOL-00788,meta,spam,high,2025-05-02,content_ban_1d,appealed_pending,2025-11-02,closed,automated,Case 788 (meta)
VIOL-00789,reddit,rule5_misinfo,low,2025-03-08,suspend_7d,appealed_pending,2025-09-08,under_review,escalated,Case 789 (reddit)
VIOL-00790,meta,spam,medium,2025-05-16,feature_restrict,appealed_approved,2025-11-16,pending,automated,Case 790 (meta)
VIOL-00791,youtube,violent_content,high,2025-02-08,strike_2,appealed_approved,2025-08-08,under_review,escalated,Case 791 (youtube)
VIOL-00792,meta,adult_nudity,low,2025-04-02,warning,appealed_approved,2025-10-02,closed,automated,Case 792 (meta)
VIOL-00793,reddit,rule5_misinfo,high,2025-01-15,permanent_ban,appealed_pending,2025-07-15,closed,escalated,Case 793 (reddit)
VIOL-00794,youtube,violent_content,low,2025-02-12,strike_2,appealed_pending,2025-08-12,closed,human_review,Case 794 (youtube)
VIOL-00795,reddit,rule4_csam,low,2025-06-15,warning,appealed_approved,2025-12-15,pending,human_review,Case 795 (reddit)
VIOL-00796,reddit,rule2_manipulation,medium,2025-06-15,warning,not_appealed,2025-12-15,pending,escalated,Case 796 (reddit)
VIOL-00797,tiktok,privacy_security,low,2025-03-14,shadowban,appealed_pending,2025-09-14,closed,escalated,Case 797 (tiktok)
VIOL-00798,tiktok,safety_civility,high,2025-06-12,warning,not_appealed,2025-12-12,pending,automated,Case 798 (tiktok)
VIOL-00799,reddit,rule6_safety,low,2025-03-12,suspend_3d,not_appealed,2025-09-12,under_review,human_review,Case 799 (reddit)
VIOL-00800,tiktok,sensitive_mature,high,2025-01-21,permanent_ban,appealed_pending,2025-07-21,under_review,automated,Case 800 (tiktok)
VIOL-00801,tiktok,misinformation,high,2025-06-14,shadowban,not_appealed,2025-12-14,closed,automated,Case 801 (tiktok)
VIOL-00802,tiktok,edited_media_ai,medium,2025-05-17,warning,appealed_approved,2025-11-17,approved,automated,Case 802 (tiktok)
VIOL-00803,tiktok,safety_civility,low,2025-04-03,warning,appealed_approved,2025-10-03,under_review,automated,Case 803 (tiktok)
VIOL-00804,youtube,spam,low,2025-03-04,strike_1,appealed_approved,2025-09-04,under_review,human_review,Case 804 (youtube)
VIOL-00805,youtube,hate_speech,medium,2025-06-18,strike_1,appealed_approved,2025-12-18,approved,automated,Case 805 (youtube)
VIOL-00806,reddit,rule1_hate,medium,2025-02-03,warning,appealed_pending,2025-08-03,approved,automated,Case 806 (reddit)
VIOL-00807,tiktok,misinformation,medium,2025-05-22,permanent_ban,appealed_approved,2025-11-22,approved,escalated,Case 807 (tiktok)
VIOL-00808,meta,dangerous_orgs,medium,2025-02-26,content_ban_1d,appealed_pending,2025-08-26,pending,automated,Case 808 (meta)
VIOL-00809,tiktok,safety_civility,low,2025-03-10,permanent_ban,appealed_pending,2025-09-10,under_review,escalated,Case 809 (tiktok)
VIOL-00810,tiktok,sensitive_mature,low,2025-06-23,video_removal,appealed_pending,2025-12-23,under_review,human_review,Case 810 (tiktok)
VIOL-00811,youtube,hate_speech,high,2025-02-15,strike_2,appealed_denied,2025-08-15,under_review,human_review,Case 811 (youtube)
VIOL-00812,youtube,hate_speech,medium,2025-02-12,channel_removal,appealed_pending,2025-08-12,approved,human_review,Case 812 (youtube)
VIOL-00813,youtube,violent_content,medium,2025-02-15,strike_2,appealed_pending,2025-08-15,closed,escalated,Case 813 (youtube)
VIOL-00814,tiktok,misinformation,medium,2025-03-25,video_removal,appealed_approved,2025-09-25,approved,escalated,Case 814 (tiktok)
VIOL-00815,youtube,violent_content,low,2025-02-22,warning,appealed_denied,2025-08-22,closed,automated,Case 815 (youtube)
VIOL-00816,meta,violent_graphic,medium,2025-01-11,warning,appealed_pending,2025-07-11,under_review,automated,Case 816 (meta)
VIOL-00817,meta,spam,low,2025-05-28,content_ban_3d,not_appealed,2025-11-28,pending,human_review,Case 817 (meta)
VIOL-00818,reddit,rule4_csam,high,2025-05-17,warning,appealed_denied,2025-11-17,pending,human_review,Case 818 (reddit)
VIOL-00819,reddit,rule4_csam,medium,2025-03-01,suspend_7d,appealed_denied,2025-09-01,approved,automated,Case 819 (reddit)
VIOL-00820,reddit,rule6_safety,low,2025-02-24,permanent_ban,appealed_approved,2025-08-24,pending,automated,Case 820 (reddit)
VIOL-00821,meta,dangerous_orgs,high,2025-04-24,content_ban_3d,appealed_pending,2025-10-24,closed,human_review,Case 821 (meta)
VIOL-00822,meta,csam,medium,2025-05-11,warning,appealed_approved,2025-11-11,closed,human_review,Case 822 (meta)
VIOL-00823,reddit,rule4_csam,medium,2025-02-18,permanent_ban,appealed_pending,2025-08-18,under_review,human_review,Case 823 (reddit)
VIOL-00824,reddit,rule4_csam,high,2025-04-02,suspend_7d,appealed_denied,2025-10-02,pending,escalated,Case 824 (reddit)
VIOL-00825,reddit,rule2_manipulation,low,2025-01-05,suspend_7d,appealed_denied,2025-07-05,pending,human_review,Case 825 (reddit)
VIOL-00826,tiktok,edited_media_ai,low,2025-04-23,video_removal,not_appealed,2025-10-23,closed,automated,Case 826 (tiktok)
VIOL-00827,reddit,rule1_hate,high,2025-06-12,permanent_ban,appealed_approved,2025-12-12,approved,escalated,Case 827 (reddit)
VIOL-00828,reddit,rule1_hate,medium,2025-05-24,warning,appealed_denied,2025-11-24,under_review,escalated,Case 828 (reddit)
VIOL-00829,youtube,misinformation,medium,2025-04-23,strike_1,appealed_denied,2025-10-23,under_review,human_review,Case 829 (youtube)
VIOL-00830,tiktok,misinformation,medium,2025-06-12,warning,appealed_denied,2025-12-12,approved,escalated,Case 830 (tiktok)
VIOL-00831,youtube,child_safety,low,2025-06-06,warning,appealed_pending,2025-12-06,approved,automated,Case 831 (youtube)
VIOL-00832,tiktok,misinformation,high,2025-06-23,shadowban,not_appealed,2025-12-23,approved,human_review,Case 832 (tiktok)
VIOL-00833,youtube,misinformation,high,2025-03-12,channel_removal,appealed_approved,2025-09-12,approved,human_review,Case 833 (youtube)
VIOL-00834,youtube,misinformation,low,2025-05-08,strike_1,not_appealed,2025-11-08,pending,automated,Case 834 (youtube)
VIOL-00835,youtube,spam,low,2025-01-16,strike_2,appealed_denied,2025-07-16,approved,human_review,Case 835 (youtube)
VIOL-00836,reddit,rule6_safety,high,2025-03-06,suspend_7d,not_appealed,2025-09-06,closed,human_review,Case 836 (reddit)
VIOL-00837,meta,dangerous_orgs,high,2025-02-23,feature_restrict,appealed_denied,2025-08-23,under_review,human_review,Case 837 (meta)
VIOL-00838,meta,spam,medium,2025-06-25,warning,not_appealed,2025-12-25,closed,automated,Case 838 (meta)
VIOL-00839,reddit,rule1_hate,low,2025-01-02,warning,appealed_approved,2025-07-02,closed,automated,Case 839 (reddit)
VIOL-00840,youtube,spam,medium,2025-06-01,warning,not_appealed,2025-12-01,under_review,escalated,Case 840 (youtube)
VIOL-00841,meta,hate_speech,high,2025-03-01,warning,appealed_pending,2025-09-01,approved,escalated,Case 841 (meta)
VIOL-00842,tiktok,misinformation,low,2025-05-25,video_removal,not_appealed,2025-11-25,closed,escalated,Case 842 (tiktok)
VIOL-00843,youtube,child_safety,low,2025-06-07,strike_2,appealed_pending,2025-12-07,closed,escalated,Case 843 (youtube)
VIOL-00844,youtube,misinformation,high,2025-06-16,strike_2,appealed_pending,2025-12-16,pending,escalated,Case 844 (youtube)
VIOL-00845,youtube,misinformation,medium,2025-04-14,strike_1,appealed_pending,2025-10-14,pending,human_review,Case 845 (youtube)
VIOL-00846,tiktok,safety_civility,medium,2025-01-17,video_removal,appealed_approved,2025-07-17,approved,escalated,Case 846 (tiktok)
VIOL-00847,tiktok,privacy_security,high,2025-01-03,shadowban,appealed_approved,2025-07-03,closed,automated,Case 847 (tiktok)
VIOL-00848,tiktok,edited_media_ai,high,2025-06-10,permanent_ban,appealed_pending,2025-12-10,pending,automated,Case 848 (tiktok)
VIOL-00849,reddit,rule2_manipulation,low,2025-04-22,suspend_7d,appealed_pending,2025-10-22,closed,escalated,Case 849 (reddit)
VIOL-00850,reddit,rule1_hate,medium,2025-04-17,warning,not_appealed,2025-10-17,under_review,automated,Case 850 (reddit)
VIOL-00851,reddit,rule6_safety,low,2025-06-06,warning,appealed_denied,2025-12-06,under_review,automated,Case 851 (reddit)
VIOL-00852,meta,adult_nudity,medium,2025-01-08,content_ban_3d,appealed_approved,2025-07-08,approved,escalated,Case 852 (meta)
VIOL-00853,tiktok,edited_media_ai,medium,2025-04-22,permanent_ban,appealed_approved,2025-10-22,approved,human_review,Case 853 (tiktok)
VIOL-00854,reddit,rule1_hate,low,2025-03-16,permanent_ban,appealed_pending,2025-09-16,under_review,human_review,Case 854 (reddit)
VIOL-00855,youtube,spam,low,2025-04-22,warning,appealed_pending,2025-10-22,pending,escalated,Case 855 (youtube)
VIOL-00856,tiktok,sensitive_mature,medium,2025-05-20,warning,not_appealed,2025-11-20,pending,automated,Case 856 (tiktok)
VIOL-00857,meta,csam,high,2025-04-16,content_ban_7d,appealed_denied,2025-10-16,approved,escalated,Case 857 (meta)
VIOL-00858,youtube,spam,medium,2025-01-13,channel_removal,appealed_denied,2025-07-13,pending,automated,Case 858 (youtube)
VIOL-00859,reddit,rule1_hate,low,2025-02-18,suspend_7d,appealed_pending,2025-08-18,pending,automated,Case 859 (reddit)
VIOL-00860,meta,csam,high,2025-04-16,warning,appealed_approved,2025-10-16,pending,automated,Case 860 (meta)
VIOL-00861,meta,adult_nudity,low,2025-04-09,content_ban_3d,appealed_approved,2025-10-09,approved,automated,Case 861 (meta)
VIOL-00862,tiktok,safety_civility,low,2025-05-02,video_removal,appealed_denied,2025-11-02,approved,escalated,Case 862 (tiktok)
VIOL-00863,youtube,hate_speech,medium,2025-01-14,strike_2,appealed_denied,2025-07-14,pending,automated,Case 863 (youtube)
VIOL-00864,youtube,misinformation,low,2025-02-21,strike_2,not_appealed,2025-08-21,closed,automated,Case 864 (youtube)
VIOL-00865,youtube,hate_speech,low,2025-01-18,strike_2,not_appealed,2025-07-18,pending,escalated,Case 865 (youtube)
VIOL-00866,reddit,rule6_safety,high,2025-04-09,warning,appealed_approved,2025-10-09,closed,automated,Case 866 (reddit)
VIOL-00867,reddit,rule6_safety,medium,2025-03-19,warning,appealed_approved,2025-09-19,closed,escalated,Case 867 (reddit)
VIOL-00868,meta,csam,medium,2025-05-26,content_ban_30d,appealed_denied,2025-11-26,under_review,escalated,Case 868 (meta)
VIOL-00869,tiktok,misinformation,medium,2025-02-16,warning,appealed_pending,2025-08-16,approved,automated,Case 869 (tiktok)
VIOL-00870,youtube,hate_speech,high,2025-04-26,strike_1,not_appealed,2025-10-26,closed,escalated,Case 870 (youtube)
VIOL-00871,tiktok,misinformation,low,2025-05-26,permanent_ban,appealed_approved,2025-11-26,under_review,automated,Case 871 (tiktok)
VIOL-00872,youtube,hate_speech,high,2025-03-14,strike_2,appealed_pending,2025-09-14,pending,automated,Case 872 (youtube)
VIOL-00873,tiktok,privacy_security,high,2025-04-22,video_removal,not_appealed,2025-10-22,under_review,escalated,Case 873 (tiktok)
VIOL-00874,reddit,rule2_manipulation,high,2025-06-15,suspend_7d,appealed_approved,2025-12-15,closed,escalated,Case 874 (reddit)
VIOL-00875,meta,csam,medium,2025-02-08,feature_restrict,appealed_denied,2025-08-08,pending,automated,Case 875 (meta)
VIOL-00876,tiktok,safety_civility,high,2025-02-28,permanent_ban,appealed_denied,2025-08-28,approved,escalated,Case 876 (tiktok)
VIOL-00877,meta,csam,high,2025-05-08,content_ban_3d,appealed_pending,2025-11-08,closed,human_review,Case 877 (meta)
VIOL-00878,meta,spam,low,2025-03-15,content_ban_3d,appealed_approved,2025-09-15,pending,escalated,Case 878 (meta)
VIOL-00879,youtube,misinformation,low,2025-03-05,warning,appealed_denied,2025-09-05,approved,escalated,Case 879 (youtube)
VIOL-00880,meta,bullying_harassment,low,2025-06-16,warning,not_appealed,2025-12-16,closed,automated,Case 880 (meta)
VIOL-00881,tiktok,safety_civility,medium,2025-03-22,warning,appealed_approved,2025-09-22,under_review,human_review,Case 881 (tiktok)
VIOL-00882,youtube,child_safety,high,2025-05-04,strike_2,appealed_approved,2025-11-04,closed,human_review,Case 882 (youtube)
VIOL-00883,youtube,hate_speech,medium,2025-05-24,channel_removal,appealed_pending,2025-11-24,pending,human_review,Case 883 (youtube)
VIOL-00884,meta,spam,low,2025-02-09,content_ban_3d,appealed_approved,2025-08-09,approved,escalated,Case 884 (meta)
VIOL-00885,youtube,violent_content,high,2025-03-23,warning,appealed_denied,2025-09-23,pending,automated,Case 885 (youtube)
VIOL-00886,meta,csam,low,2025-03-16,content_ban_30d,appealed_denied,2025-09-16,approved,human_review,Case 886 (meta)
VIOL-00887,youtube,spam,high,2025-06-08,strike_2,appealed_approved,2025-12-08,approved,escalated,Case 887 (youtube)
VIOL-00888,tiktok,safety_civility,high,2025-02-28,permanent_ban,appealed_approved,2025-08-28,closed,automated,Case 888 (tiktok)
VIOL-00889,tiktok,misinformation,low,2025-02-10,video_removal,appealed_pending,2025-08-10,pending,escalated,Case 889 (tiktok)
VIOL-00890,tiktok,edited_media_ai,low,2025-03-28,warning,appealed_approved,2025-09-28,pending,escalated,Case 890 (tiktok)
VIOL-00891,reddit,rule4_csam,high,2025-04-27,warning,appealed_pending,2025-10-27,approved,escalated,Case 891 (reddit)
VIOL-00892,youtube,hate_speech,medium,2025-05-24,strike_2,appealed_approved,2025-11-24,closed,human_review,Case 892 (youtube)
VIOL-00893,meta,bullying_harassment,medium,2025-06-05,warning,appealed_approved,2025-12-05,under_review,escalated,Case 893 (meta)
VIOL-00894,tiktok,misinformation,high,2025-01-04,video_removal,appealed_pending,2025-07-04,under_review,escalated,Case 894 (tiktok)
VIOL-00895,reddit,rule4_csam,medium,2025-04-28,suspend_3d,appealed_denied,2025-10-28,under_review,escalated,Case 895 (reddit)
VIOL-00896,tiktok,misinformation,low,2025-01-14,shadowban,appealed_pending,2025-07-14,pending,automated,Case 896 (tiktok)
VIOL-00897,meta,spam,low,2025-05-21,content_ban_7d,appealed_pending,2025-11-21,closed,automated,Case 897 (meta)
VIOL-00898,meta,csam,high,2025-02-02,content_ban_3d,appealed_approved,2025-08-02,approved,human_review,Case 898 (meta)
VIOL-00899,youtube,hate_speech,low,2025-05-04,warning,appealed_approved,2025-11-04,pending,escalated,Case 899 (youtube)
VIOL-00900,reddit,rule1_hate,low,2025-06-07,suspend_3d,appealed_denied,2025-12-07,approved,escalated,Case 900 (reddit)
VIOL-00901,reddit,rule5_misinfo,low,2025-04-28,suspend_3d,appealed_pending,2025-10-28,approved,escalated,Case 901 (reddit)
VIOL-00902,meta,violent_graphic,low,2025-04-26,feature_restrict,not_appealed,2025-10-26,approved,automated,Case 902 (meta)
VIOL-00903,meta,adult_nudity,medium,2025-02-12,content_ban_7d,appealed_approved,2025-08-12,closed,human_review,Case 903 (meta)
VIOL-00904,reddit,rule2_manipulation,medium,2025-06-13,suspend_3d,appealed_approved,2025-12-13,pending,escalated,Case 904 (reddit)
VIOL-00905,tiktok,safety_civility,low,2025-05-02,warning,appealed_denied,2025-11-02,under_review,automated,Case 905 (tiktok)
VIOL-00906,tiktok,privacy_security,high,2025-05-23,warning,not_appealed,2025-11-23,approved,escalated,Case 906 (tiktok)
VIOL-00907,reddit,rule4_csam,medium,2025-06-12,suspend_3d,not_appealed,2025-12-12,under_review,automated,Case 907 (reddit)
VIOL-00908,meta,adult_nudity,medium,2025-03-15,feature_restrict,not_appealed,2025-09-15,approved,escalated,Case 908 (meta)
VIOL-00909,reddit,rule2_manipulation,medium,2025-01-11,warning,appealed_pending,2025-07-11,pending,automated,Case 909 (reddit)
VIOL-00910,tiktok,edited_media_ai,medium,2025-03-20,shadowban,appealed_denied,2025-09-20,pending,human_review,Case 910 (tiktok)
VIOL-00911,tiktok,edited_media_ai,low,2025-05-28,permanent_ban,not_appealed,2025-11-28,under_review,human_review,Case 911 (tiktok)
VIOL-00912,youtube,misinformation,low,2025-01-16,strike_2,appealed_pending,2025-07-16,pending,automated,Case 912 (youtube)
VIOL-00913,youtube,violent_content,low,2025-04-12,channel_removal,appealed_approved,2025-10-12,pending,human_review,Case 913 (youtube)
VIOL-00914,meta,spam,medium,2025-01-07,content_ban_1d,appealed_pending,2025-07-07,under_review,escalated,Case 914 (meta)
VIOL-00915,tiktok,privacy_security,high,2025-05-07,warning,appealed_pending,2025-11-07,pending,human_review,Case 915 (tiktok)
VIOL-00916,meta,dangerous_orgs,medium,2025-06-04,content_ban_1d,not_appealed,2025-12-04,approved,escalated,Case 916 (meta)
VIOL-00917,youtube,violent_content,medium,2025-05-04,strike_2,appealed_pending,2025-11-04,closed,human_review,Case 917 (youtube)
VIOL-00918,reddit,rule5_misinfo,medium,2025-06-09,warning,appealed_denied,2025-12-09,closed,escalated,Case 918 (reddit)
VIOL-00919,reddit,rule4_csam,high,2025-06-26,suspend_3d,appealed_pending,2025-12-26,closed,escalated,Case 919 (reddit)
VIOL-00920,tiktok,misinformation,low,2025-06-03,permanent_ban,not_appealed,2025-12-03,pending,automated,Case 920 (tiktok)
VIOL-00921,meta,hate_speech,medium,2025-01-01,feature_restrict,appealed_pending,2025-07-01,pending,automated,Case 921 (meta)
VIOL-00922,tiktok,sensitive_mature,low,2025-03-16,permanent_ban,appealed_denied,2025-09-16,under_review,automated,Case 922 (tiktok)
VIOL-00923,youtube,hate_speech,high,2025-02-16,channel_removal,appealed_approved,2025-08-16,pending,automated,Case 923 (youtube)
VIOL-00924,reddit,rule1_hate,medium,2025-03-20,suspend_3d,appealed_approved,2025-09-20,pending,human_review,Case 924 (reddit)
VIOL-00925,youtube,child_safety,medium,2025-04-22,strike_1,appealed_pending,2025-10-22,pending,escalated,Case 925 (youtube)
VIOL-00926,youtube,hate_speech,medium,2025-04-03,channel_removal,appealed_denied,2025-10-03,under_review,human_review,Case 926 (youtube)
VIOL-00927,tiktok,sensitive_mature,high,2025-04-10,warning,not_appealed,2025-10-10,closed,escalated,Case 927 (tiktok)
VIOL-00928,youtube,child_safety,medium,2025-04-04,channel_removal,appealed_denied,2025-10-04,approved,automated,Case 928 (youtube)
VIOL-00929,youtube,child_safety,low,2025-01-24,channel_removal,appealed_pending,2025-07-24,under_review,automated,Case 929 (youtube)
VIOL-00930,youtube,spam,medium,2025-06-10,strike_2,appealed_approved,2025-12-10,pending,escalated,Case 930 (youtube)
VIOL-00931,tiktok,misinformation,low,2025-02-06,warning,appealed_denied,2025-08-06,closed,automated,Case 931 (tiktok)
VIOL-00932,youtube,spam,medium,2025-01-01,strike_1,appealed_approved,2025-07-01,pending,escalated,Case 932 (youtube)
VIOL-00933,reddit,rule6_safety,high,2025-04-10,suspend_7d,appealed_approved,2025-10-10,approved,human_review,Case 933 (reddit)
VIOL-00934,meta,hate_speech,low,2025-02-04,warning,appealed_pending,2025-08-04,closed,human_review,Case 934 (meta)
VIOL-00935,reddit,rule2_manipulation,high,2025-02-14,suspend_3d,not_appealed,2025-08-14,approved,automated,Case 935 (reddit)
VIOL-00936,meta,violent_graphic,medium,2025-01-04,feature_restrict,appealed_pending,2025-07-04,pending,automated,Case 936 (meta)
VIOL-00937,reddit,rule1_hate,medium,2025-05-08,suspend_3d,appealed_denied,2025-11-08,pending,human_review,Case 937 (reddit)
VIOL-00938,tiktok,safety_civility,low,2025-06-28,permanent_ban,appealed_approved,2025-12-28,pending,escalated,Case 938 (tiktok)
VIOL-00939,tiktok,safety_civility,medium,2025-04-16,permanent_ban,appealed_pending,2025-10-16,closed,escalated,Case 939 (tiktok)
VIOL-00940,youtube,violent_content,high,2025-03-18,warning,appealed_denied,2025-09-18,pending,automated,Case 940 (youtube)
VIOL-00941,youtube,violent_content,high,2025-06-12,channel_removal,appealed_approved,2025-12-12,closed,human_review,Case 941 (youtube)
VIOL-00942,tiktok,sensitive_mature,medium,2025-03-15,video_removal,appealed_pending,2025-09-15,approved,escalated,Case 942 (tiktok)
VIOL-00943,reddit,rule2_manipulation,medium,2025-06-23,permanent_ban,appealed_approved,2025-12-23,approved,automated,Case 943 (reddit)
VIOL-00944,meta,adult_nudity,low,2025-03-23,content_ban_30d,not_appealed,2025-09-23,pending,human_review,Case 944 (meta)
VIOL-00945,meta,hate_speech,low,2025-05-16,warning,appealed_approved,2025-11-16,pending,automated,Case 945 (meta)
VIOL-00946,meta,hate_speech,high,2025-01-01,content_ban_1d,appealed_denied,2025-07-01,approved,escalated,Case 946 (meta)
VIOL-00947,meta,hate_speech,high,2025-01-26,warning,appealed_denied,2025-07-26,pending,human_review,Case 947 (meta)
VIOL-00948,meta,spam,high,2025-02-16,content_ban_1d,appealed_denied,2025-08-16,approved,human_review,Case 948 (meta)
VIOL-00949,tiktok,sensitive_mature,high,2025-05-20,warning,not_appealed,2025-11-20,pending,automated,Case 949 (tiktok)
VIOL-00950,youtube,spam,high,2025-05-26,warning,not_appealed,2025-11-26,closed,human_review,Case 950 (youtube)
VIOL-00951,youtube,misinformation,medium,2025-02-24,strike_2,appealed_approved,2025-08-24,pending,escalated,Case 951 (youtube)
VIOL-00952,youtube,misinformation,high,2025-03-11,strike_1,not_appealed,2025-09-11,under_review,automated,Case 952 (youtube)
VIOL-00953,reddit,rule1_hate,low,2025-04-11,suspend_7d,appealed_pending,2025-10-11,closed,automated,Case 953 (reddit)
VIOL-00954,tiktok,edited_media_ai,medium,2025-06-22,video_removal,appealed_pending,2025-12-22,pending,human_review,Case 954 (tiktok)
VIOL-00955,meta,dangerous_orgs,medium,2025-04-14,content_ban_3d,appealed_denied,2025-10-14,closed,automated,Case 955 (meta)
VIOL-00956,meta,dangerous_orgs,low,2025-06-26,content_ban_7d,not_appealed,2025-12-26,closed,automated,Case 956 (meta)
VIOL-00957,tiktok,edited_media_ai,low,2025-04-02,permanent_ban,not_appealed,2025-10-02,under_review,escalated,Case 957 (tiktok)
VIOL-00958,youtube,child_safety,medium,2025-04-13,strike_2,appealed_denied,2025-10-13,approved,human_review,Case 958 (youtube)
VIOL-00959,tiktok,privacy_security,high,2025-02-23,permanent_ban,appealed_approved,2025-08-23,under_review,escalated,Case 959 (tiktok)
VIOL-00960,reddit,rule4_csam,high,2025-04-25,suspend_3d,appealed_denied,2025-10-25,closed,human_review,Case 960 (reddit)
VIOL-00961,tiktok,edited_media_ai,high,2025-06-24,video_removal,appealed_denied,2025-12-24,under_review,human_review,Case 961 (tiktok)
VIOL-00962,tiktok,privacy_security,medium,2025-06-06,warning,not_appealed,2025-12-06,approved,human_review,Case 962 (tiktok)
VIOL-00963,tiktok,edited_media_ai,high,2025-01-24,warning,appealed_denied,2025-07-24,approved,escalated,Case 963 (tiktok)
VIOL-00964,tiktok,safety_civility,low,2025-06-04,permanent_ban,appealed_denied,2025-12-04,closed,automated,Case 964 (tiktok)
VIOL-00965,tiktok,sensitive_mature,high,2025-05-19,video_removal,appealed_denied,2025-11-19,approved,automated,Case 965 (tiktok)
VIOL-00966,meta,bullying_harassment,medium,2025-05-24,feature_restrict,not_appealed,2025-11-24,approved,escalated,Case 966 (meta)
VIOL-00967,meta,dangerous_orgs,medium,2025-04-04,feature_restrict,appealed_approved,2025-10-04,pending,human_review,Case 967 (meta)
VIOL-00968,youtube,spam,medium,2025-02-16,strike_1,appealed_approved,2025-08-16,closed,automated,Case 968 (youtube)
VIOL-00969,reddit,rule6_safety,high,2025-05-25,permanent_ban,appealed_denied,2025-11-25,pending,escalated,Case 969 (reddit)
VIOL-00970,reddit,rule5_misinfo,high,2025-04-24,permanent_ban,appealed_pending,2025-10-24,under_review,escalated,Case 970 (reddit)
VIOL-00971,meta,violent_graphic,high,2025-04-05,content_ban_30d,not_appealed,2025-10-05,under_review,automated,Case 971 (meta)
VIOL-00972,reddit,rule1_hate,high,2025-02-18,suspend_7d,not_appealed,2025-08-18,pending,human_review,Case 972 (reddit)
VIOL-00973,youtube,hate_speech,high,2025-03-02,strike_1,not_appealed,2025-09-02,approved,automated,Case 973 (youtube)
VIOL-00974,tiktok,misinformation,medium,2025-04-01,video_removal,appealed_pending,2025-10-01,pending,human_review,Case 974 (tiktok)
VIOL-00975,tiktok,misinformation,low,2025-02-27,permanent_ban,not_appealed,2025-08-27,closed,escalated,Case 975 (tiktok)
VIOL-00976,tiktok,safety_civility,low,2025-04-16,shadowban,appealed_approved,2025-10-16,approved,automated,Case 976 (tiktok)
VIOL-00977,reddit,rule6_safety,low,2025-02-17,permanent_ban,appealed_approved,2025-08-17,pending,human_review,Case 977 (reddit)
VIOL-00978,tiktok,safety_civility,high,2025-06-20,permanent_ban,appealed_approved,2025-12-20,under_review,automated,Case 978 (tiktok)
VIOL-00979,tiktok,privacy_security,low,2025-06-15,shadowban,not_appealed,2025-12-15,under_review,escalated,Case 979 (tiktok)
VIOL-00980,youtube,child_safety,high,2025-06-10,warning,not_appealed,2025-12-10,under_review,escalated,Case 980 (youtube)
VIOL-00981,youtube,child_safety,high,2025-02-25,channel_removal,not_appealed,2025-08-25,closed,escalated,Case 981 (youtube)
VIOL-00982,meta,spam,medium,2025-02-08,content_ban_30d,appealed_approved,2025-08-08,closed,escalated,Case 982 (meta)
VIOL-00983,tiktok,edited_media_ai,high,2025-01-16,warning,appealed_denied,2025-07-16,pending,human_review,Case 983 (tiktok)
VIOL-00984,reddit,rule1_hate,high,2025-03-13,suspend_7d,not_appealed,2025-09-13,closed,human_review,Case 984 (reddit)
VIOL-00985,meta,csam,low,2025-02-09,warning,appealed_pending,2025-08-09,approved,automated,Case 985 (meta)
VIOL-00986,meta,spam,high,2025-03-06,warning,not_appealed,2025-09-06,approved,automated,Case 986 (meta)
VIOL-00987,youtube,hate_speech,low,2025-04-11,strike_2,appealed_approved,2025-10-11,closed,human_review,Case 987 (youtube)
VIOL-00988,meta,hate_speech,high,2025-05-08,content_ban_3d,appealed_approved,2025-11-08,closed,automated,Case 988 (meta)
VIOL-00989,youtube,hate_speech,medium,2025-05-14,warning,appealed_approved,2025-11-14,closed,automated,Case 989 (youtube)
VIOL-00990,meta,spam,medium,2025-05-19,content_ban_30d,not_appealed,2025-11-19,under_review,escalated,Case 990 (meta)
VIOL-00991,meta,csam,high,2025-04-15,warning,appealed_pending,2025-10-15,under_review,automated,Case 991 (meta)
VIOL-00992,meta,dangerous_orgs,low,2025-05-14,content_ban_7d,appealed_approved,2025-11-14,closed,human_review,Case 992 (meta)
VIOL-00993,reddit,rule6_safety,medium,2025-06-06,warning,not_appealed,2025-12-06,pending,automated,Case 993 (reddit)
VIOL-00994,tiktok,edited_media_ai,medium,2025-06-07,shadowban,not_appealed,2025-12-07,under_review,escalated,Case 994 (tiktok)
VIOL-00995,youtube,hate_speech,low,2025-04-23,warning,appealed_pending,2025-10-23,approved,automated,Case 995 (youtube)
VIOL-00996,meta,adult_nudity,high,2025-03-22,content_ban_1d,appealed_denied,2025-09-22,pending,automated,Case 996 (meta)
VIOL-00997,meta,bullying_harassment,medium,2025-03-07,content_ban_3d,appealed_denied,2025-09-07,closed,escalated,Case 997 (meta)
VIOL-00998,meta,bullying_harassment,low,2025-05-16,warning,not_appealed,2025-11-16,under_review,automated,Case 998 (meta)
VIOL-00999,reddit,rule5_misinfo,high,2025-01-26,warning,not_appealed,2025-07-26,pending,escalated,Case 999 (reddit)
VIOL-01000,youtube,hate_speech,medium,2025-05-12,channel_removal,appealed_pending,2025-11-12,closed,human_review,Case 1000 (youtube)
