order_id,event_time_utc,instrument,side,qty,price,venue,settlement_date_system,settlement_date_correct,utc_offset_system,utc_offset_correct
ORD-0020241103000000,2024-11-03T14:00:00Z,ESZ4,BUY,7,4573.57,CME,2024-11-04,2024-11-04,-04:00,-05:00
ORD-0020241103000001,2024-11-03T14:00:03Z,NQZ4,SELL,10,4579.39,CME,2024-11-04,2024-11-04,-04:00,-05:00
ORD-0020241103000002,2024-11-03T14:00:06Z,ESZ4,SELL,4,4551.85,CME,2024-11-04,2024-11-04,-04:00,-05:00
ORD-0020241103000003,2024-11-03T14:00:09Z,ESZ4,BUY,6,4543.01,CME,2024-11-04,2024-11-04,-04:00,-05:00
ORD-0020241103000004,2024-11-03T14:00:12Z,NQZ4,BUY,2,4574.56,CME,2024-11-04,2024-11-04,-04:00,-05:00
ORD-0020241103000005,2024-11-03T14:00:15Z,ESZ4,SELL,3,4563.69,CME,2024-11-04,2024-11-04,-04:00,-05:00
ORD-0020241103000006,2024-11-03T14:00:18Z,ESZ4,BUY,5,4541.42,CME,2024-11-04,2024-11-04,-04:00,-05:00
ORD-0020241103000007,2024-11-03T14:00:21Z,ESZ4,SELL,5,4544.34,CME,2024-11-04,2024-11-04,-04:00,-05:00
ORD-0020241103000008,2024-11-03T14:00:24Z,ESZ4,SELL,4,4575.0,CME,2024-11-04,2024-11-04,-04:00,-05:00
ORD-0020241103000009,2024-11-03T14:00:27Z,ESZ4,BUY,9,4572.78,CME,2024-11-04,2024-11-04,-04:00,-05:00
ORD-0020241103000010,2024-11-03T14:00:30Z,ESZ4,BUY,2,4571.34,CME,2024-11-04,2024-11-04,-04:00,-05:00
ORD-0020241103000011,2024-11-03T14:00:33Z,ESZ4,BUY,4,4589.67,CME,2024-11-04,2024-11-04,-04:00,-05:00
ORD-0020241103000012,2024-11-03T14:00:36Z,NQZ4,SELL,3,4574.96,CME,2024-11-04,2024-11-04,-04:00,-05:00
ORD-0020241103000013,2024-11-03T14:00:39Z,NQZ4,SELL,2,4552.44,CME,2024-11-04,2024-11-04,-04:00,-05:00
ORD-0020241103000014,2024-11-03T14:00:42Z,ESZ4,SELL,1,4545.64,CME,2024-11-04,2024-11-04,-04:00,-05:00
ORD-0020241103000015,2024-11-03T14:00:45Z,ESZ4,BUY,5,4582.35,CME,2024-11-04,2024-11-04,-04:00,-05:00
ORD-0020241103000016,2024-11-03T14:00:48Z,NQZ4,BUY,7,4560.55,CME,2024-11-04,2024-11-04,-04:00,-05:00
ORD-0020241103000017,2024-11-03T14:00:51Z,ESZ4,BUY,4,4571.17,CME,2024-11-04,2024-11-04,-04:00,-05:00
ORD-0020241103000018,2024-11-03T14:00:54Z,NQZ4,SELL,9,4540.3,CME,2024-11-04,2024-11-04,-04:00,-05:00
ORD-0020241103000019,2024-11-03T14:00:57Z,ESZ4,SELL,4,4581.28,CME,2024-11-04,2024-11-04,-04:00,-05:00
ORD-0020241103000020,2024-11-03T14:01:00Z,NQZ4,SELL,9,4560.38,CME,2024-11-04,2024-11-04,-04:00,-05:00
ORD-0020241103000021,2024-11-03T14:01:03Z,NQZ4,SELL,6,4545.6,CME,2024-11-04,2024-11-04,-04:00,-05:00
ORD-0020241103000022,2024-11-03T14:01:06Z,ESZ4,SELL,6,4574.69,CME,2024-11-04,2024-11-04,-04:00,-05:00
ORD-0020241103000023,2024-11-03T14:01:09Z,ESZ4,SELL,9,4541.78,CME,2024-11-04,2024-11-04,-04:00,-05:00
ORD-0020241103000024,2024-11-03T14:01:12Z,ESZ4,BUY,6,4577.85,CME,2024-11-04,2024-11-04,-04:00,-05:00
ORD-0020241103000025,2024-11-03T14:01:15Z,NQZ4,SELL,10,4576.91,CME,2024-11-04,2024-11-04,-04:00,-05:00
ORD-0020241103000026,2024-11-03T14:01:18Z,ESZ4,SELL,8,4579.44,CME,2024-11-04,2024-11-04,-04:00,-05:00
ORD-0020241103000027,2024-11-03T14:01:21Z,NQZ4,BUY,7,4579.72,CME,2024-11-04,2024-11-04,-04:00,-05:00
ORD-0020241103000028,2024-11-03T14:01:24Z,ESZ4,BUY,2,4558.61,CME,2024-11-04,2024-11-04,-04:00,-05:00
ORD-0020241103000029,2024-11-03T14:01:27Z,NQZ4,BUY,1,4566.74,CME,2024-11-04,2024-11-04,-04:00,-05:00
ORD-0020241103000030,2024-11-03T14:01:30Z,NQZ4,BUY,1,4557.88,CME,2024-11-04,2024-11-04,-04:00,-05:00
ORD-0020241103000031,2024-11-03T14:01:33Z,NQZ4,BUY,5,4588.19,CME,2024-11-04,2024-11-04,-04:00,-05:00
ORD-0020241103000032,2024-11-03T14:01:36Z,ESZ4,BUY,6,4576.79,CME,2024-11-04,2024-11-04,-04:00,-05:00
ORD-0020241103000033,2024-11-03T14:01:39Z,NQZ4,SELL,9,4580.6,CME,2024-11-04,2024-11-04,-04:00,-05:00
ORD-0020241103000034,2024-11-03T14:01:42Z,ESZ4,SELL,7,4555.32,CME,2024-11-04,2024-11-04,-04:00,-05:00
ORD-0020241103000035,2024-11-03T14:01:45Z,NQZ4,BUY,9,4546.22,CME,2024-11-04,2024-11-04,-04:00,-05:00
ORD-0020241103000036,2024-11-03T14:01:48Z,ESZ4,BUY,7,4552.12,CME,2024-11-04,2024-11-04,-04:00,-05:00
ORD-0020241103000037,2024-11-03T14:01:51Z,ESZ4,BUY,1,4557.94,CME,2024-11-04,2024-11-04,-04:00,-05:00
ORD-0020241103000038,2024-11-03T14:01:54Z,ESZ4,BUY,4,4545.02,CME,2024-11-04,2024-11-04,-04:00,-05:00
ORD-0020241103000039,2024-11-03T14:01:57Z,ESZ4,SELL,4,4541.71,CME,2024-11-04,2024-11-04,-04:00,-05:00
ORD-0020241103000040,2024-11-03T14:02:00Z,ESZ4,SELL,8,4580.75,CME,2024-11-04,2024-11-04,-04:00,-05:00
ORD-0020241103000041,2024-11-03T14:02:03Z,NQZ4,BUY,7,4546.88,CME,2024-11-04,2024-11-04,-04:00,-05:00
ORD-0020241103000042,2024-11-03T14:02:06Z,ESZ4,BUY,9,4564.63,CME,2024-11-04,2024-11-04,-04:00,-05:00
ORD-0020241103000043,2024-11-03T14:02:09Z,ESZ4,BUY,2,4584.36,CME,2024-11-04,2024-11-04,-04:00,-05:00
ORD-0020241103000044,2024-11-03T14:02:12Z,ESZ4,SELL,2,4569.89,CME,2024-11-04,2024-11-04,-04:00,-05:00
ORD-0020241103000045,2024-11-03T14:02:15Z,NQZ4,SELL,7,4589.5,CME,2024-11-04,2024-11-04,-04:00,-05:00
ORD-0020241103000046,2024-11-03T14:02:18Z,NQZ4,BUY,7,4578.54,CME,2024-11-04,2024-11-04,-04:00,-05:00
ORD-0020241103000047,2024-11-03T14:02:21Z,ESZ4,SELL,2,4569.25,CME,2024-11-04,2024-11-04,-04:00,-05:00
ORD-0020241103000048,2024-11-03T14:02:24Z,NQZ4,BUY,3,4572.74,CME,2024-11-04,2024-11-04,-04:00,-05:00
ORD-0020241103000049,2024-11-03T14:02:27Z,ESZ4,SELL,7,4559.31,CME,2024-11-04,2024-11-04,-04:00,-05:00
ORD-0020241103000050,2024-11-03T14:02:30Z,ESZ4,BUY,6,4579.3,CME,2024-11-04,2024-11-04,-04:00,-05:00
ORD-0020241103000051,2024-11-03T14:02:33Z,NQZ4,SELL,3,4571.75,CME,2024-11-04,2024-11-04,-04:00,-05:00
ORD-0020241103000052,2024-11-03T14:02:36Z,ESZ4,BUY,4,4558.82,CME,2024-11-04,2024-11-04,-04:00,-05:00
ORD-0020241103000053,2024-11-03T14:02:39Z,NQZ4,SELL,2,4544.37,CME,2024-11-04,2024-11-04,-04:00,-05:00
ORD-0020241103000054,2024-11-03T14:02:42Z,ESZ4,SELL,4,4576.59,CME,2024-11-04,2024-11-04,-04:00,-05:00
ORD-0020241103000055,2024-11-03T14:02:45Z,NQZ4,SELL,3,4544.58,CME,2024-11-04,2024-11-04,-04:00,-05:00
ORD-0020241103000056,2024-11-03T14:02:48Z,ESZ4,BUY,1,4556.05,CME,2024-11-04,2024-11-04,-04:00,-05:00
ORD-0020241103000057,2024-11-03T14:02:51Z,ESZ4,BUY,1,4570.88,CME,2024-11-04,2024-11-04,-04:00,-05:00
ORD-0020241103000058,2024-11-03T14:02:54Z,ESZ4,SELL,6,4552.86,CME,2024-11-04,2024-11-04,-04:00,-05:00
ORD-0020241103000059,2024-11-03T14:02:57Z,ESZ4,SELL,8,4578.62,CME,2024-11-04,2024-11-04,-04:00,-05:00
ORD-0020241103000060,2024-11-03T14:03:00Z,NQZ4,BUY,5,4559.07,CME,2024-11-04,2024-11-04,-04:00,-05:00
ORD-0020241103000061,2024-11-03T14:03:03Z,ESZ4,SELL,3,4551.69,CME,2024-11-04,2024-11-04,-04:00,-05:00
ORD-0020241103000062,2024-11-03T14:03:06Z,NQZ4,SELL,4,4565.62,CME,2024-11-04,2024-11-04,-04:00,-05:00
ORD-0020241103000063,2024-11-03T14:03:09Z,NQZ4,SELL,10,4567.79,CME,2024-11-04,2024-11-04,-04:00,-05:00
ORD-0020241103000064,2024-11-03T14:03:12Z,ESZ4,BUY,9,4571.02,CME,2024-11-04,2024-11-04,-04:00,-05:00
ORD-0020241103000065,2024-11-03T14:03:15Z,NQZ4,BUY,7,4575.84,CME,2024-11-04,2024-11-04,-04:00,-05:00
ORD-0020241103000066,2024-11-03T14:03:18Z,NQZ4,SELL,3,4577.29,CME,2024-11-04,2024-11-04,-04:00,-05:00
ORD-0020241103000067,2024-11-03T14:03:21Z,NQZ4,SELL,9,4568.44,CME,2024-11-04,2024-11-04,-04:00,-05:00
ORD-0020241103000068,2024-11-03T14:03:24Z,NQZ4,BUY,2,4570.86,CME,2024-11-04,2024-11-04,-04:00,-05:00
ORD-0020241103000069,2024-11-03T14:03:27Z,ESZ4,SELL,7,4543.81,CME,2024-11-04,2024-11-04,-04:00,-05:00
ORD-0020241103000070,2024-11-03T14:03:30Z,NQZ4,SELL,3,4577.74,CME,2024-11-04,2024-11-04,-04:00,-05:00
ORD-0020241103000071,2024-11-03T14:03:33Z,NQZ4,BUY,9,4568.69,CME,2024-11-04,2024-11-04,-04:00,-05:00
ORD-0020241103000072,2024-11-03T14:03:36Z,NQZ4,BUY,2,4573.74,CME,2024-11-04,2024-11-04,-04:00,-05:00
ORD-0020241103000073,2024-11-03T14:03:39Z,ESZ4,BUY,5,4581.95,CME,2024-11-04,2024-11-04,-04:00,-05:00
ORD-0020241103000074,2024-11-03T14:03:42Z,ESZ4,BUY,9,4584.72,CME,2024-11-04,2024-11-04,-04:00,-05:00
ORD-0020241103000075,2024-11-03T14:03:45Z,NQZ4,SELL,5,4553.24,CME,2024-11-04,2024-11-04,-04:00,-05:00
ORD-0020241103000076,2024-11-03T14:03:48Z,NQZ4,BUY,5,4550.16,CME,2024-11-04,2024-11-04,-04:00,-05:00
ORD-0020241103000077,2024-11-03T14:03:51Z,ESZ4,BUY,10,4587.21,CME,2024-11-04,2024-11-04,-04:00,-05:00
ORD-0020241103000078,2024-11-03T14:03:54Z,NQZ4,SELL,2,4559.25,CME,2024-11-04,2024-11-04,-04:00,-05:00
ORD-0020241103000079,2024-11-03T14:03:57Z,ESZ4,SELL,3,4555.57,CME,2024-11-04,2024-11-04,-04:00,-05:00
ORD-0020241103000080,2024-11-03T14:04:00Z,ESZ4,BUY,9,4566.48,CME,2024-11-04,2024-11-04,-04:00,-05:00
ORD-0020241103000081,2024-11-03T14:04:03Z,NQZ4,SELL,8,4554.08,CME,2024-11-04,2024-11-04,-04:00,-05:00
ORD-0020241103000082,2024-11-03T14:04:06Z,NQZ4,SELL,2,4583.25,CME,2024-11-04,2024-11-04,-04:00,-05:00
ORD-0020241103000083,2024-11-03T14:04:09Z,ESZ4,BUY,2,4549.33,CME,2024-11-04,2024-11-04,-04:00,-05:00
ORD-0020241103000084,2024-11-03T14:04:12Z,NQZ4,BUY,5,4569.09,CME,2024-11-04,2024-11-04,-04:00,-05:00
ORD-0020241103000085,2024-11-03T14:04:15Z,NQZ4,SELL,7,4563.62,CME,2024-11-04,2024-11-04,-04:00,-05:00
ORD-0020241103000086,2024-11-03T14:04:18Z,NQZ4,SELL,9,4562.99,CME,2024-11-04,2024-11-04,-04:00,-05:00
ORD-0020241103000087,2024-11-03T14:04:21Z,ESZ4,BUY,1,4540.72,CME,2024-11-04,2024-11-04,-04:00,-05:00
ORD-0020241103000088,2024-11-03T14:04:24Z,ESZ4,BUY,9,4563.71,CME,2024-11-04,2024-11-04,-04:00,-05:00
ORD-0020241103000089,2024-11-03T14:04:27Z,NQZ4,SELL,3,4585.43,CME,2024-11-04,2024-11-04,-04:00,-05:00
ORD-0020241103000090,2024-11-03T14:04:30Z,ESZ4,SELL,8,4543.07,CME,2024-11-04,2024-11-04,-04:00,-05:00
ORD-0020241103000091,2024-11-03T14:04:33Z,ESZ4,SELL,6,4578.4,CME,2024-11-04,2024-11-04,-04:00,-05:00
ORD-0020241103000092,2024-11-03T14:04:36Z,NQZ4,SELL,4,4585.85,CME,2024-11-04,2024-11-04,-04:00,-05:00
ORD-0020241103000093,2024-11-03T14:04:39Z,ESZ4,BUY,7,4559.43,CME,2024-11-04,2024-11-04,-04:00,-05:00
ORD-0020241103000094,2024-11-03T14:04:42Z,ESZ4,BUY,5,4548.09,CME,2024-11-04,2024-11-04,-04:00,-05:00
ORD-0020241103000095,2024-11-03T14:04:45Z,ESZ4,SELL,8,4562.96,CME,2024-11-04,2024-11-04,-04:00,-05:00
ORD-0020241103000096,2024-11-03T14:04:48Z,ESZ4,BUY,8,4551.89,CME,2024-11-04,2024-11-04,-04:00,-05:00
ORD-0020241103000097,2024-11-03T14:04:51Z,ESZ4,SELL,3,4540.25,CME,2024-11-04,2024-11-04,-04:00,-05:00
ORD-0020241103000098,2024-11-03T14:04:54Z,ESZ4,BUY,10,4547.27,CME,2024-11-04,2024-11-04,-04:00,-05:00
ORD-0020241103000099,2024-11-03T14:04:57Z,NQZ4,SELL,2,4573.75,CME,2024-11-04,2024-11-04,-04:00,-05:00
ORD-0020241103000100,2024-11-03T14:05:00Z,ESZ4,SELL,4,4551.63,CME,2024-11-04,2024-11-04,-04:00,-05:00
ORD-0020241103000101,2024-11-03T14:05:03Z,ESZ4,BUY,5,4576.5,CME,2024-11-04,2024-11-04,-04:00,-05:00
ORD-0020241103000102,2024-11-03T14:05:06Z,ESZ4,SELL,4,4554.13,CME,2024-11-04,2024-11-04,-04:00,-05:00
ORD-0020241103000103,2024-11-03T14:05:09Z,ESZ4,BUY,4,4582.19,CME,2024-11-04,2024-11-04,-04:00,-05:00
ORD-0020241103000104,2024-11-03T14:05:12Z,NQZ4,BUY,1,4589.98,CME,2024-11-04,2024-11-04,-04:00,-05:00
ORD-0020241103000105,2024-11-03T14:05:15Z,NQZ4,SELL,6,4555.82,CME,2024-11-04,2024-11-04,-04:00,-05:00
ORD-0020241103000106,2024-11-03T14:05:18Z,ESZ4,BUY,7,4557.94,CME,2024-11-04,2024-11-04,-04:00,-05:00
ORD-0020241103000107,2024-11-03T14:05:21Z,NQZ4,SELL,5,4544.29,CME,2024-11-04,2024-11-04,-04:00,-05:00
ORD-0020241103000108,2024-11-03T14:05:24Z,ESZ4,BUY,3,4579.24,CME,2024-11-04,2024-11-04,-04:00,-05:00
ORD-0020241103000109,2024-11-03T14:05:27Z,NQZ4,SELL,4,4571.71,CME,2024-11-04,2024-11-04,-04:00,-05:00
ORD-0020241103000110,2024-11-03T14:05:30Z,NQZ4,SELL,7,4542.56,CME,2024-11-04,2024-11-04,-04:00,-05:00
ORD-0020241103000111,2024-11-03T14:05:33Z,ESZ4,SELL,3,4546.01,CME,2024-11-04,2024-11-04,-04:00,-05:00
ORD-0020241103000112,2024-11-03T14:05:36Z,NQZ4,BUY,3,4547.41,CME,2024-11-04,2024-11-04,-04:00,-05:00
ORD-0020241103000113,2024-11-03T14:05:39Z,NQZ4,SELL,9,4547.84,CME,2024-11-04,2024-11-04,-04:00,-05:00
ORD-0020241103000114,2024-11-03T14:05:42Z,NQZ4,SELL,1,4547.31,CME,2024-11-04,2024-11-04,-04:00,-05:00
ORD-0020241103000115,2024-11-03T14:05:45Z,NQZ4,BUY,8,4578.66,CME,2024-11-04,2024-11-04,-04:00,-05:00
ORD-0020241103000116,2024-11-03T14:05:48Z,NQZ4,SELL,9,4581.43,CME,2024-11-04,2024-11-04,-04:00,-05:00
ORD-0020241103000117,2024-11-03T14:05:51Z,ESZ4,BUY,5,4551.51,CME,2024-11-04,2024-11-04,-04:00,-05:00
ORD-0020241103000118,2024-11-03T14:05:54Z,NQZ4,BUY,5,4541.97,CME,2024-11-04,2024-11-04,-04:00,-05:00
ORD-0020241103000119,2024-11-03T14:05:57Z,NQZ4,BUY,9,4558.63,CME,2024-11-04,2024-11-04,-04:00,-05:00
ORD-0020241103000120,2024-11-03T14:06:00Z,ESZ4,SELL,4,4561.71,CME,2024-11-04,2024-11-04,-04:00,-05:00
ORD-0020241103000121,2024-11-03T14:06:03Z,NQZ4,SELL,10,4544.15,CME,2024-11-04,2024-11-04,-04:00,-05:00
ORD-0020241103000122,2024-11-03T14:06:06Z,NQZ4,SELL,6,4546.1,CME,2024-11-04,2024-11-04,-04:00,-05:00
ORD-0020241103000123,2024-11-03T14:06:09Z,NQZ4,BUY,6,4541.15,CME,2024-11-04,2024-11-04,-04:00,-05:00
ORD-0020241103000124,2024-11-03T14:06:12Z,ESZ4,BUY,5,4563.41,CME,2024-11-04,2024-11-04,-04:00,-05:00
ORD-0020241103000125,2024-11-03T14:06:15Z,ESZ4,SELL,1,4587.38,CME,2024-11-04,2024-11-04,-04:00,-05:00
ORD-0020241103000126,2024-11-03T14:06:18Z,NQZ4,SELL,9,4543.9,CME,2024-11-04,2024-11-04,-04:00,-05:00
ORD-0020241103000127,2024-11-03T14:06:21Z,ESZ4,SELL,1,4547.47,CME,2024-11-04,2024-11-04,-04:00,-05:00
ORD-0020241103000128,2024-11-03T14:06:24Z,NQZ4,BUY,2,4553.67,CME,2024-11-04,2024-11-04,-04:00,-05:00
ORD-0020241103000129,2024-11-03T14:06:27Z,ESZ4,BUY,6,4551.67,CME,2024-11-04,2024-11-04,-04:00,-05:00
ORD-0020241103000130,2024-11-03T14:06:30Z,ESZ4,BUY,3,4558.26,CME,2024-11-04,2024-11-04,-04:00,-05:00
ORD-0020241103000131,2024-11-03T14:06:33Z,NQZ4,SELL,10,4549.27,CME,2024-11-04,2024-11-04,-04:00,-05:00
ORD-0020241103000132,2024-11-03T14:06:36Z,ESZ4,SELL,1,4549.42,CME,2024-11-04,2024-11-04,-04:00,-05:00
ORD-0020241103000133,2024-11-03T14:06:39Z,ESZ4,BUY,4,4548.67,CME,2024-11-04,2024-11-04,-04:00,-05:00
ORD-0020241103000134,2024-11-03T14:06:42Z,NQZ4,SELL,3,4545.32,CME,2024-11-04,2024-11-04,-04:00,-05:00
ORD-0020241103000135,2024-11-03T14:06:45Z,ESZ4,SELL,5,4545.39,CME,2024-11-04,2024-11-04,-04:00,-05:00
ORD-0020241103000136,2024-11-03T14:06:48Z,ESZ4,BUY,1,4563.69,CME,2024-11-04,2024-11-04,-04:00,-05:00
ORD-0020241103000137,2024-11-03T14:06:51Z,ESZ4,SELL,3,4570.92,CME,2024-11-04,2024-11-04,-04:00,-05:00
ORD-0020241103000138,2024-11-03T14:06:54Z,ESZ4,SELL,4,4557.4,CME,2024-11-04,2024-11-04,-04:00,-05:00
ORD-0020241103000139,2024-11-03T14:06:57Z,ESZ4,SELL,10,4564.34,CME,2024-11-04,2024-11-04,-04:00,-05:00
ORD-0020241103000140,2024-11-03T14:07:00Z,NQZ4,BUY,5,4563.22,CME,2024-11-04,2024-11-04,-04:00,-05:00
ORD-0020241103000141,2024-11-03T14:07:03Z,NQZ4,SELL,9,4549.99,CME,2024-11-04,2024-11-04,-04:00,-05:00
ORD-0020241103000142,2024-11-03T14:07:06Z,ESZ4,BUY,3,4589.14,CME,2024-11-04,2024-11-04,-04:00,-05:00
ORD-0020241103000143,2024-11-03T14:07:09Z,NQZ4,BUY,9,4584.06,CME,2024-11-04,2024-11-04,-04:00,-05:00
ORD-0020241103000144,2024-11-03T14:07:12Z,ESZ4,SELL,5,4558.87,CME,2024-11-04,2024-11-04,-04:00,-05:00
ORD-0020241103000145,2024-11-03T14:07:15Z,ESZ4,SELL,5,4582.97,CME,2024-11-04,2024-11-04,-04:00,-05:00
ORD-0020241103000146,2024-11-03T14:07:18Z,ESZ4,SELL,1,4577.17,CME,2024-11-04,2024-11-04,-04:00,-05:00
ORD-0020241103000147,2024-11-03T14:07:21Z,ESZ4,BUY,10,4566.97,CME,2024-11-04,2024-11-04,-04:00,-05:00
ORD-0020241103000148,2024-11-03T14:07:24Z,ESZ4,SELL,7,4585.05,CME,2024-11-04,2024-11-04,-04:00,-05:00
ORD-0020241103000149,2024-11-03T14:07:27Z,ESZ4,BUY,9,4575.7,CME,2024-11-04,2024-11-04,-04:00,-05:00
ORD-0020241103000150,2024-11-03T14:07:30Z,ESZ4,SELL,5,4559.23,CME,2024-11-04,2024-11-04,-04:00,-05:00
ORD-0020241103000151,2024-11-03T14:07:33Z,ESZ4,SELL,4,4569.93,CME,2024-11-04,2024-11-04,-04:00,-05:00
ORD-0020241103000152,2024-11-03T14:07:36Z,ESZ4,SELL,10,4541.57,CME,2024-11-04,2024-11-04,-04:00,-05:00
ORD-0020241103000153,2024-11-03T14:07:39Z,ESZ4,BUY,7,4559.55,CME,2024-11-04,2024-11-04,-04:00,-05:00
ORD-0020241103000154,2024-11-03T14:07:42Z,NQZ4,SELL,7,4560.89,CME,2024-11-04,2024-11-04,-04:00,-05:00
ORD-0020241103000155,2024-11-03T14:07:45Z,NQZ4,BUY,8,4587.45,CME,2024-11-04,2024-11-04,-04:00,-05:00
ORD-0020241103000156,2024-11-03T14:07:48Z,NQZ4,BUY,5,4559.54,CME,2024-11-04,2024-11-04,-04:00,-05:00
ORD-0020241103000157,2024-11-03T14:07:51Z,NQZ4,SELL,3,4549.14,CME,2024-11-04,2024-11-04,-04:00,-05:00
ORD-0020241103000158,2024-11-03T14:07:54Z,ESZ4,BUY,10,4559.08,CME,2024-11-04,2024-11-04,-04:00,-05:00
ORD-0020241103000159,2024-11-03T14:07:57Z,NQZ4,BUY,6,4571.35,CME,2024-11-04,2024-11-04,-04:00,-05:00
ORD-0020241103000160,2024-11-03T14:08:00Z,ESZ4,BUY,6,4577.61,CME,2024-11-04,2024-11-04,-04:00,-05:00
ORD-0020241103000161,2024-11-03T14:08:03Z,ESZ4,BUY,10,4541.48,CME,2024-11-04,2024-11-04,-04:00,-05:00
ORD-0020241103000162,2024-11-03T14:08:06Z,NQZ4,SELL,7,4544.18,CME,2024-11-04,2024-11-04,-04:00,-05:00
ORD-0020241103000163,2024-11-03T14:08:09Z,ESZ4,SELL,4,4576.29,CME,2024-11-04,2024-11-04,-04:00,-05:00
ORD-0020241103000164,2024-11-03T14:08:12Z,NQZ4,BUY,8,4576.97,CME,2024-11-04,2024-11-04,-04:00,-05:00
ORD-0020241103000165,2024-11-03T14:08:15Z,NQZ4,SELL,9,4566.35,CME,2024-11-04,2024-11-04,-04:00,-05:00
ORD-0020241103000166,2024-11-03T14:08:18Z,NQZ4,BUY,10,4561.82,CME,2024-11-04,2024-11-04,-04:00,-05:00
ORD-0020241103000167,2024-11-03T14:08:21Z,ESZ4,SELL,8,4560.02,CME,2024-11-04,2024-11-04,-04:00,-05:00
ORD-0020241103000168,2024-11-03T14:08:24Z,ESZ4,BUY,6,4570.15,CME,2024-11-04,2024-11-04,-04:00,-05:00
ORD-0020241103000169,2024-11-03T14:08:27Z,NQZ4,SELL,6,4547.04,CME,2024-11-04,2024-11-04,-04:00,-05:00
ORD-0020241103000170,2024-11-03T14:08:30Z,ESZ4,SELL,9,4554.5,CME,2024-11-04,2024-11-04,-04:00,-05:00
ORD-0020241103000171,2024-11-03T14:08:33Z,NQZ4,BUY,9,4546.77,CME,2024-11-04,2024-11-04,-04:00,-05:00
ORD-0020241103000172,2024-11-03T14:08:36Z,NQZ4,BUY,5,4577.05,CME,2024-11-04,2024-11-04,-04:00,-05:00
ORD-0020241103000173,2024-11-03T14:08:39Z,ESZ4,BUY,9,4561.34,CME,2024-11-04,2024-11-04,-04:00,-05:00
ORD-0020241103000174,2024-11-03T14:08:42Z,ESZ4,SELL,2,4562.95,CME,2024-11-04,2024-11-04,-04:00,-05:00
ORD-0020241103000175,2024-11-03T14:08:45Z,ESZ4,SELL,10,4558.09,CME,2024-11-04,2024-11-04,-04:00,-05:00
ORD-0020241103000176,2024-11-03T14:08:48Z,NQZ4,BUY,8,4547.58,CME,2024-11-04,2024-11-04,-04:00,-05:00
ORD-0020241103000177,2024-11-03T14:08:51Z,NQZ4,BUY,5,4564.99,CME,2024-11-04,2024-11-04,-04:00,-05:00
ORD-0020241103000178,2024-11-03T14:08:54Z,NQZ4,SELL,6,4588.84,CME,2024-11-04,2024-11-04,-04:00,-05:00
ORD-0020241103000179,2024-11-03T14:08:57Z,NQZ4,BUY,2,4553.85,CME,2024-11-04,2024-11-04,-04:00,-05:00
ORD-0020241103000180,2024-11-03T14:09:00Z,ESZ4,BUY,6,4543.31,CME,2024-11-04,2024-11-04,-04:00,-05:00
ORD-0020241103000181,2024-11-03T14:09:03Z,ESZ4,BUY,7,4582.52,CME,2024-11-04,2024-11-04,-04:00,-05:00
ORD-0020241103000182,2024-11-03T14:09:06Z,NQZ4,SELL,1,4556.71,CME,2024-11-04,2024-11-04,-04:00,-05:00
ORD-0020241103000183,2024-11-03T14:09:09Z,NQZ4,SELL,5,4541.84,CME,2024-11-04,2024-11-04,-04:00,-05:00
ORD-0020241103000184,2024-11-03T14:09:12Z,ESZ4,SELL,1,4564.69,CME,2024-11-04,2024-11-04,-04:00,-05:00
ORD-0020241103000185,2024-11-03T14:09:15Z,ESZ4,SELL,1,4578.21,CME,2024-11-04,2024-11-04,-04:00,-05:00
ORD-0020241103000186,2024-11-03T14:09:18Z,NQZ4,BUY,2,4573.16,CME,2024-11-04,2024-11-04,-04:00,-05:00
ORD-0020241103000187,2024-11-03T14:09:21Z,ESZ4,BUY,1,4543.29,CME,2024-11-04,2024-11-04,-04:00,-05:00
ORD-0020241103000188,2024-11-03T14:09:24Z,NQZ4,SELL,10,4585.17,CME,2024-11-04,2024-11-04,-04:00,-05:00
ORD-0020241103000189,2024-11-03T14:09:27Z,NQZ4,SELL,8,4576.29,CME,2024-11-04,2024-11-04,-04:00,-05:00
ORD-0020241103000190,2024-11-03T14:09:30Z,NQZ4,SELL,8,4587.01,CME,2024-11-04,2024-11-04,-04:00,-05:00
ORD-0020241103000191,2024-11-03T14:09:33Z,ESZ4,BUY,6,4568.86,CME,2024-11-04,2024-11-04,-04:00,-05:00
ORD-0020241103000192,2024-11-03T14:09:36Z,NQZ4,SELL,6,4563.03,CME,2024-11-04,2024-11-04,-04:00,-05:00
ORD-0020241103000193,2024-11-03T14:09:39Z,ESZ4,BUY,10,4552.1,CME,2024-11-04,2024-11-04,-04:00,-05:00
ORD-0020241103000194,2024-11-03T14:09:42Z,ESZ4,BUY,9,4575.54,CME,2024-11-04,2024-11-04,-04:00,-05:00
ORD-0020241103000195,2024-11-03T14:09:45Z,ESZ4,BUY,5,4549.15,CME,2024-11-04,2024-11-04,-04:00,-05:00
ORD-0020241103000196,2024-11-03T14:09:48Z,ESZ4,SELL,5,4554.81,CME,2024-11-04,2024-11-04,-04:00,-05:00
ORD-0020241103000197,2024-11-03T14:09:51Z,ESZ4,SELL,3,4581.51,CME,2024-11-04,2024-11-04,-04:00,-05:00
ORD-0020241103000198,2024-11-03T14:09:54Z,ESZ4,SELL,9,4558.36,CME,2024-11-04,2024-11-04,-04:00,-05:00
ORD-0020241103000199,2024-11-03T14:09:57Z,NQZ4,BUY,4,4573.54,CME,2024-11-04,2024-11-04,-04:00,-05:00
ORD-0020241103000200,2024-11-03T14:10:00Z,NQZ4,SELL,2,4547.86,CME,2024-11-04,2024-11-04,-04:00,-05:00
ORD-0020241103000201,2024-11-03T14:10:03Z,ESZ4,BUY,8,4556.99,CME,2024-11-04,2024-11-04,-04:00,-05:00
ORD-0020241103000202,2024-11-03T14:10:06Z,ESZ4,BUY,3,4566.25,CME,2024-11-04,2024-11-04,-04:00,-05:00
ORD-0020241103000203,2024-11-03T14:10:09Z,ESZ4,BUY,10,4564.04,CME,2024-11-04,2024-11-04,-04:00,-05:00
ORD-0020241103000204,2024-11-03T14:10:12Z,ESZ4,SELL,3,4577.7,CME,2024-11-04,2024-11-04,-04:00,-05:00
ORD-0020241103000205,2024-11-03T14:10:15Z,NQZ4,SELL,7,4567.56,CME,2024-11-04,2024-11-04,-04:00,-05:00
ORD-0020241103000206,2024-11-03T14:10:18Z,ESZ4,SELL,3,4584.13,CME,2024-11-04,2024-11-04,-04:00,-05:00
ORD-0020241103000207,2024-11-03T14:10:21Z,NQZ4,SELL,2,4574.02,CME,2024-11-04,2024-11-04,-04:00,-05:00
ORD-0020241103000208,2024-11-03T14:10:24Z,ESZ4,BUY,1,4566.24,CME,2024-11-04,2024-11-04,-04:00,-05:00
ORD-0020241103000209,2024-11-03T14:10:27Z,NQZ4,SELL,7,4566.26,CME,2024-11-04,2024-11-04,-04:00,-05:00
ORD-0020241103000210,2024-11-03T14:10:30Z,NQZ4,BUY,2,4578.47,CME,2024-11-04,2024-11-04,-04:00,-05:00
ORD-0020241103000211,2024-11-03T14:10:33Z,NQZ4,BUY,1,4567.13,CME,2024-11-04,2024-11-04,-04:00,-05:00
ORD-0020241103000212,2024-11-03T14:10:36Z,NQZ4,SELL,1,4553.92,CME,2024-11-04,2024-11-04,-04:00,-05:00
ORD-0020241103000213,2024-11-03T14:10:39Z,NQZ4,BUY,8,4575.29,CME,2024-11-04,2024-11-04,-04:00,-05:00
ORD-0020241103000214,2024-11-03T14:10:42Z,NQZ4,BUY,7,4577.82,CME,2024-11-04,2024-11-04,-04:00,-05:00
ORD-0020241103000215,2024-11-03T14:10:45Z,ESZ4,SELL,4,4587.57,CME,2024-11-04,2024-11-04,-04:00,-05:00
ORD-0020241103000216,2024-11-03T14:10:48Z,ESZ4,SELL,3,4566.5,CME,2024-11-04,2024-11-04,-04:00,-05:00
ORD-0020241103000217,2024-11-03T14:10:51Z,NQZ4,SELL,7,4559.15,CME,2024-11-04,2024-11-04,-04:00,-05:00
ORD-0020241103000218,2024-11-03T14:10:54Z,NQZ4,SELL,1,4557.9,CME,2024-11-04,2024-11-04,-04:00,-05:00
ORD-0020241103000219,2024-11-03T14:10:57Z,NQZ4,SELL,9,4565.98,CME,2024-11-04,2024-11-04,-04:00,-05:00
ORD-0020241103000220,2024-11-03T14:11:00Z,NQZ4,SELL,8,4575.3,CME,2024-11-04,2024-11-04,-04:00,-05:00
ORD-0020241103000221,2024-11-03T14:11:03Z,ESZ4,SELL,2,4564.04,CME,2024-11-04,2024-11-04,-04:00,-05:00
ORD-0020241103000222,2024-11-03T14:11:06Z,ESZ4,SELL,10,4580.08,CME,2024-11-04,2024-11-04,-04:00,-05:00
ORD-0020241103000223,2024-11-03T14:11:09Z,ESZ4,SELL,8,4549.88,CME,2024-11-04,2024-11-04,-04:00,-05:00
ORD-0020241103000224,2024-11-03T14:11:12Z,NQZ4,BUY,10,4566.1,CME,2024-11-04,2024-11-04,-04:00,-05:00
ORD-0020241103000225,2024-11-03T14:11:15Z,NQZ4,BUY,7,4585.32,CME,2024-11-04,2024-11-04,-04:00,-05:00
ORD-0020241103000226,2024-11-03T14:11:18Z,NQZ4,SELL,8,4569.58,CME,2024-11-04,2024-11-04,-04:00,-05:00
ORD-0020241103000227,2024-11-03T14:11:21Z,NQZ4,SELL,2,4561.98,CME,2024-11-04,2024-11-04,-04:00,-05:00
ORD-0020241103000228,2024-11-03T14:11:24Z,NQZ4,BUY,5,4551.59,CME,2024-11-04,2024-11-04,-04:00,-05:00
ORD-0020241103000229,2024-11-03T14:11:27Z,NQZ4,BUY,2,4541.9,CME,2024-11-04,2024-11-04,-04:00,-05:00
ORD-0020241103000230,2024-11-03T14:11:30Z,NQZ4,SELL,10,4585.99,CME,2024-11-04,2024-11-04,-04:00,-05:00
ORD-0020241103000231,2024-11-03T14:11:33Z,ESZ4,BUY,1,4585.83,CME,2024-11-04,2024-11-04,-04:00,-05:00
ORD-0020241103000232,2024-11-03T14:11:36Z,ESZ4,BUY,6,4587.55,CME,2024-11-04,2024-11-04,-04:00,-05:00
ORD-0020241103000233,2024-11-03T14:11:39Z,NQZ4,SELL,6,4547.98,CME,2024-11-04,2024-11-04,-04:00,-05:00
ORD-0020241103000234,2024-11-03T14:11:42Z,ESZ4,SELL,9,4583.13,CME,2024-11-04,2024-11-04,-04:00,-05:00
ORD-0020241103000235,2024-11-03T14:11:45Z,ESZ4,SELL,8,4579.16,CME,2024-11-04,2024-11-04,-04:00,-05:00
ORD-0020241103000236,2024-11-03T14:11:48Z,NQZ4,SELL,8,4540.64,CME,2024-11-04,2024-11-04,-04:00,-05:00
ORD-0020241103000237,2024-11-03T14:11:51Z,ESZ4,SELL,9,4555.01,CME,2024-11-04,2024-11-04,-04:00,-05:00
ORD-0020241103000238,2024-11-03T14:11:54Z,ESZ4,SELL,6,4586.48,CME,2024-11-04,2024-11-04,-04:00,-05:00
ORD-0020241103000239,2024-11-03T14:11:57Z,NQZ4,SELL,2,4581.38,CME,2024-11-04,2024-11-04,-04:00,-05:00
ORD-0020241103000240,2024-11-03T14:12:00Z,NQZ4,SELL,4,4544.41,CME,2024-11-04,2024-11-04,-04:00,-05:00
ORD-0020241103000241,2024-11-03T14:12:03Z,NQZ4,SELL,2,4568.27,CME,2024-11-04,2024-11-04,-04:00,-05:00
ORD-0020241103000242,2024-11-03T14:12:06Z,NQZ4,BUY,6,4571.33,CME,2024-11-04,2024-11-04,-04:00,-05:00
ORD-0020241103000243,2024-11-03T14:12:09Z,ESZ4,SELL,9,4577.2,CME,2024-11-04,2024-11-04,-04:00,-05:00
ORD-0020241103000244,2024-11-03T14:12:12Z,ESZ4,BUY,5,4586.94,CME,2024-11-04,2024-11-04,-04:00,-05:00
ORD-0020241103000245,2024-11-03T14:12:15Z,NQZ4,BUY,2,4577.4,CME,2024-11-04,2024-11-04,-04:00,-05:00
ORD-0020241103000246,2024-11-03T14:12:18Z,NQZ4,BUY,1,4562.59,CME,2024-11-04,2024-11-04,-04:00,-05:00
ORD-0020241103000247,2024-11-03T14:12:21Z,ESZ4,BUY,4,4566.75,CME,2024-11-04,2024-11-04,-04:00,-05:00
ORD-0020241103000248,2024-11-03T14:12:24Z,NQZ4,BUY,5,4573.94,CME,2024-11-04,2024-11-04,-04:00,-05:00
ORD-0020241103000249,2024-11-03T14:12:27Z,ESZ4,BUY,7,4557.7,CME,2024-11-04,2024-11-04,-04:00,-05:00
ORD-0020241103000250,2024-11-03T14:12:30Z,ESZ4,SELL,7,4578.11,CME,2024-11-04,2024-11-04,-04:00,-05:00
ORD-0020241103000251,2024-11-03T14:12:33Z,NQZ4,SELL,2,4579.05,CME,2024-11-04,2024-11-04,-04:00,-05:00
ORD-0020241103000252,2024-11-03T14:12:36Z,NQZ4,SELL,9,4555.32,CME,2024-11-04,2024-11-04,-04:00,-05:00
ORD-0020241103000253,2024-11-03T14:12:39Z,ESZ4,SELL,8,4563.52,CME,2024-11-04,2024-11-04,-04:00,-05:00
ORD-0020241103000254,2024-11-03T14:12:42Z,ESZ4,SELL,2,4551.45,CME,2024-11-04,2024-11-04,-04:00,-05:00
ORD-0020241103000255,2024-11-03T14:12:45Z,ESZ4,BUY,5,4552.41,CME,2024-11-04,2024-11-04,-04:00,-05:00
ORD-0020241103000256,2024-11-03T14:12:48Z,ESZ4,BUY,6,4577.92,CME,2024-11-04,2024-11-04,-04:00,-05:00
ORD-0020241103000257,2024-11-03T14:12:51Z,NQZ4,SELL,3,4548.54,CME,2024-11-04,2024-11-04,-04:00,-05:00
ORD-0020241103000258,2024-11-03T14:12:54Z,NQZ4,SELL,8,4544.69,CME,2024-11-04,2024-11-04,-04:00,-05:00
ORD-0020241103000259,2024-11-03T14:12:57Z,ESZ4,BUY,4,4563.41,CME,2024-11-04,2024-11-04,-04:00,-05:00
ORD-0020241103000260,2024-11-03T14:13:00Z,NQZ4,BUY,4,4571.1,CME,2024-11-04,2024-11-04,-04:00,-05:00
ORD-0020241103000261,2024-11-03T14:13:03Z,NQZ4,SELL,7,4587.53,CME,2024-11-04,2024-11-04,-04:00,-05:00
ORD-0020241103000262,2024-11-03T14:13:06Z,NQZ4,BUY,10,4559.23,CME,2024-11-04,2024-11-04,-04:00,-05:00
ORD-0020241103000263,2024-11-03T14:13:09Z,NQZ4,BUY,3,4573.26,CME,2024-11-04,2024-11-04,-04:00,-05:00
ORD-0020241103000264,2024-11-03T14:13:12Z,ESZ4,SELL,6,4571.54,CME,2024-11-04,2024-11-04,-04:00,-05:00
ORD-0020241103000265,2024-11-03T14:13:15Z,ESZ4,BUY,4,4540.82,CME,2024-11-04,2024-11-04,-04:00,-05:00
ORD-0020241103000266,2024-11-03T14:13:18Z,ESZ4,BUY,2,4585.04,CME,2024-11-04,2024-11-04,-04:00,-05:00
ORD-0020241103000267,2024-11-03T14:13:21Z,NQZ4,SELL,3,4547.36,CME,2024-11-04,2024-11-04,-04:00,-05:00
ORD-0020241103000268,2024-11-03T14:13:24Z,ESZ4,SELL,8,4572.38,CME,2024-11-04,2024-11-04,-04:00,-05:00
ORD-0020241103000269,2024-11-03T14:13:27Z,NQZ4,BUY,10,4571.55,CME,2024-11-04,2024-11-04,-04:00,-05:00
ORD-0020241103000270,2024-11-03T14:13:30Z,NQZ4,BUY,4,4562.27,CME,2024-11-04,2024-11-04,-04:00,-05:00
ORD-0020241103000271,2024-11-03T14:13:33Z,ESZ4,SELL,10,4587.44,CME,2024-11-04,2024-11-04,-04:00,-05:00
ORD-0020241103000272,2024-11-03T14:13:36Z,NQZ4,SELL,2,4571.66,CME,2024-11-04,2024-11-04,-04:00,-05:00
ORD-0020241103000273,2024-11-03T14:13:39Z,NQZ4,BUY,7,4547.86,CME,2024-11-04,2024-11-04,-04:00,-05:00
ORD-0020241103000274,2024-11-03T14:13:42Z,ESZ4,SELL,8,4553.64,CME,2024-11-04,2024-11-04,-04:00,-05:00
ORD-0020241103000275,2024-11-03T14:13:45Z,ESZ4,BUY,9,4551.29,CME,2024-11-04,2024-11-04,-04:00,-05:00
ORD-0020241103000276,2024-11-03T14:13:48Z,NQZ4,BUY,4,4542.71,CME,2024-11-04,2024-11-04,-04:00,-05:00
ORD-0020241103000277,2024-11-03T14:13:51Z,ESZ4,BUY,9,4552.26,CME,2024-11-04,2024-11-04,-04:00,-05:00
ORD-0020241103000278,2024-11-03T14:13:54Z,ESZ4,BUY,5,4547.11,CME,2024-11-04,2024-11-04,-04:00,-05:00
ORD-0020241103000279,2024-11-03T14:13:57Z,ESZ4,BUY,7,4540.11,CME,2024-11-04,2024-11-04,-04:00,-05:00
ORD-0020241103000280,2024-11-03T14:14:00Z,ESZ4,BUY,10,4547.74,CME,2024-11-04,2024-11-04,-04:00,-05:00
ORD-0020241103000281,2024-11-03T14:14:03Z,ESZ4,BUY,3,4574.03,CME,2024-11-04,2024-11-04,-04:00,-05:00
ORD-0020241103000282,2024-11-03T14:14:06Z,NQZ4,SELL,8,4576.58,CME,2024-11-04,2024-11-04,-04:00,-05:00
ORD-0020241103000283,2024-11-03T14:14:09Z,ESZ4,BUY,3,4542.62,CME,2024-11-04,2024-11-04,-04:00,-05:00
ORD-0020241103000284,2024-11-03T14:14:12Z,ESZ4,BUY,1,4580.43,CME,2024-11-04,2024-11-04,-04:00,-05:00
ORD-0020241103000285,2024-11-03T14:14:15Z,ESZ4,SELL,5,4571.81,CME,2024-11-04,2024-11-04,-04:00,-05:00
ORD-0020241103000286,2024-11-03T14:14:18Z,NQZ4,BUY,2,4563.15,CME,2024-11-04,2024-11-04,-04:00,-05:00
ORD-0020241103000287,2024-11-03T14:14:21Z,ESZ4,SELL,8,4571.99,CME,2024-11-04,2024-11-04,-04:00,-05:00
ORD-0020241103000288,2024-11-03T14:14:24Z,NQZ4,SELL,6,4588.65,CME,2024-11-04,2024-11-04,-04:00,-05:00
ORD-0020241103000289,2024-11-03T14:14:27Z,NQZ4,BUY,3,4581.66,CME,2024-11-04,2024-11-04,-04:00,-05:00
ORD-0020241103000290,2024-11-03T14:14:30Z,ESZ4,SELL,4,4571.78,CME,2024-11-04,2024-11-04,-04:00,-05:00
ORD-0020241103000291,2024-11-03T14:14:33Z,ESZ4,BUY,2,4546.39,CME,2024-11-04,2024-11-04,-04:00,-05:00
ORD-0020241103000292,2024-11-03T14:14:36Z,ESZ4,SELL,3,4573.99,CME,2024-11-04,2024-11-04,-04:00,-05:00
ORD-0020241103000293,2024-11-03T14:14:39Z,ESZ4,SELL,1,4571.3,CME,2024-11-04,2024-11-04,-04:00,-05:00
ORD-0020241103000294,2024-11-03T14:14:42Z,ESZ4,BUY,4,4550.85,CME,2024-11-04,2024-11-04,-04:00,-05:00
ORD-0020241103000295,2024-11-03T14:14:45Z,NQZ4,BUY,4,4550.91,CME,2024-11-04,2024-11-04,-04:00,-05:00
ORD-0020241103000296,2024-11-03T14:14:48Z,ESZ4,SELL,4,4554.44,CME,2024-11-04,2024-11-04,-04:00,-05:00
ORD-0020241103000297,2024-11-03T14:14:51Z,ESZ4,SELL,5,4569.21,CME,2024-11-04,2024-11-04,-04:00,-05:00
ORD-0020241103000298,2024-11-03T14:14:54Z,NQZ4,BUY,4,4583.09,CME,2024-11-04,2024-11-04,-04:00,-05:00
ORD-0020241103000299,2024-11-03T14:14:57Z,ESZ4,BUY,8,4547.86,CME,2024-11-04,2024-11-04,-04:00,-05:00
ORD-0020241103000300,2024-11-03T14:15:00Z,NQZ4,SELL,9,4540.55,CME,2024-11-04,2024-11-04,-04:00,-05:00
ORD-0020241103000301,2024-11-03T14:15:03Z,NQZ4,SELL,7,4559.06,CME,2024-11-04,2024-11-04,-04:00,-05:00
ORD-0020241103000302,2024-11-03T14:15:06Z,ESZ4,BUY,1,4567.6,CME,2024-11-04,2024-11-04,-04:00,-05:00
ORD-0020241103000303,2024-11-03T14:15:09Z,ESZ4,SELL,9,4549.98,CME,2024-11-04,2024-11-04,-04:00,-05:00
ORD-0020241103000304,2024-11-03T14:15:12Z,NQZ4,BUY,5,4556.29,CME,2024-11-04,2024-11-04,-04:00,-05:00
ORD-0020241103000305,2024-11-03T14:15:15Z,ESZ4,SELL,3,4560.33,CME,2024-11-04,2024-11-04,-04:00,-05:00
ORD-0020241103000306,2024-11-03T14:15:18Z,ESZ4,BUY,10,4563.93,CME,2024-11-04,2024-11-04,-04:00,-05:00
ORD-0020241103000307,2024-11-03T14:15:21Z,NQZ4,BUY,5,4575.98,CME,2024-11-04,2024-11-04,-04:00,-05:00
ORD-0020241103000308,2024-11-03T14:15:24Z,NQZ4,SELL,7,4580.23,CME,2024-11-04,2024-11-04,-04:00,-05:00
ORD-0020241103000309,2024-11-03T14:15:27Z,NQZ4,SELL,6,4553.82,CME,2024-11-04,2024-11-04,-04:00,-05:00
ORD-0020241103000310,2024-11-03T14:15:30Z,NQZ4,BUY,5,4578.56,CME,2024-11-04,2024-11-04,-04:00,-05:00
ORD-0020241103000311,2024-11-03T14:15:33Z,ESZ4,BUY,2,4557.82,CME,2024-11-04,2024-11-04,-04:00,-05:00
ORD-0020241103000312,2024-11-03T14:15:36Z,NQZ4,SELL,1,4586.88,CME,2024-11-04,2024-11-04,-04:00,-05:00
ORD-0020241103000313,2024-11-03T14:15:39Z,NQZ4,BUY,1,4540.35,CME,2024-11-04,2024-11-04,-04:00,-05:00
ORD-0020241103000314,2024-11-03T14:15:42Z,ESZ4,BUY,9,4585.07,CME,2024-11-04,2024-11-04,-04:00,-05:00
ORD-0020241103000315,2024-11-03T14:15:45Z,NQZ4,BUY,5,4585.98,CME,2024-11-04,2024-11-04,-04:00,-05:00
ORD-0020241103000316,2024-11-03T14:15:48Z,NQZ4,BUY,10,4575.73,CME,2024-11-04,2024-11-04,-04:00,-05:00
ORD-0020241103000317,2024-11-03T14:15:51Z,NQZ4,SELL,4,4584.79,CME,2024-11-04,2024-11-04,-04:00,-05:00
ORD-0020241103000318,2024-11-03T14:15:54Z,NQZ4,BUY,7,4548.19,CME,2024-11-04,2024-11-04,-04:00,-05:00
ORD-0020241103000319,2024-11-03T14:15:57Z,NQZ4,SELL,7,4562.79,CME,2024-11-04,2024-11-04,-04:00,-05:00
ORD-0020241103000320,2024-11-03T14:16:00Z,NQZ4,SELL,3,4580.5,CME,2024-11-04,2024-11-04,-04:00,-05:00
ORD-0020241103000321,2024-11-03T14:16:03Z,NQZ4,BUY,3,4563.77,CME,2024-11-04,2024-11-04,-04:00,-05:00
ORD-0020241103000322,2024-11-03T14:16:06Z,NQZ4,BUY,10,4541.72,CME,2024-11-04,2024-11-04,-04:00,-05:00
ORD-0020241103000323,2024-11-03T14:16:09Z,NQZ4,SELL,1,4568.06,CME,2024-11-04,2024-11-04,-04:00,-05:00
ORD-0020241103000324,2024-11-03T14:16:12Z,NQZ4,SELL,5,4549.34,CME,2024-11-04,2024-11-04,-04:00,-05:00
ORD-0020241103000325,2024-11-03T14:16:15Z,NQZ4,BUY,8,4554.67,CME,2024-11-04,2024-11-04,-04:00,-05:00
ORD-0020241103000326,2024-11-03T14:16:18Z,NQZ4,SELL,8,4583.97,CME,2024-11-04,2024-11-04,-04:00,-05:00
ORD-0020241103000327,2024-11-03T14:16:21Z,NQZ4,BUY,4,4588.0,CME,2024-11-04,2024-11-04,-04:00,-05:00
ORD-0020241103000328,2024-11-03T14:16:24Z,NQZ4,BUY,4,4574.61,CME,2024-11-04,2024-11-04,-04:00,-05:00
ORD-0020241103000329,2024-11-03T14:16:27Z,NQZ4,BUY,5,4563.44,CME,2024-11-04,2024-11-04,-04:00,-05:00
ORD-0020241103000330,2024-11-03T14:16:30Z,ESZ4,BUY,7,4575.1,CME,2024-11-04,2024-11-04,-04:00,-05:00
ORD-0020241103000331,2024-11-03T14:16:33Z,ESZ4,BUY,6,4548.93,CME,2024-11-04,2024-11-04,-04:00,-05:00
ORD-0020241103000332,2024-11-03T14:16:36Z,NQZ4,SELL,7,4584.63,CME,2024-11-04,2024-11-04,-04:00,-05:00
ORD-0020241103000333,2024-11-03T14:16:39Z,NQZ4,BUY,10,4554.33,CME,2024-11-04,2024-11-04,-04:00,-05:00
ORD-0020241103000334,2024-11-03T14:16:42Z,NQZ4,SELL,8,4549.28,CME,2024-11-04,2024-11-04,-04:00,-05:00
ORD-0020241103000335,2024-11-03T14:16:45Z,ESZ4,BUY,2,4562.34,CME,2024-11-04,2024-11-04,-04:00,-05:00
ORD-0020241103000336,2024-11-03T14:16:48Z,ESZ4,BUY,1,4545.0,CME,2024-11-04,2024-11-04,-04:00,-05:00
ORD-0020241103000337,2024-11-03T14:16:51Z,ESZ4,BUY,4,4549.46,CME,2024-11-04,2024-11-04,-04:00,-05:00
ORD-0020241103000338,2024-11-03T14:16:54Z,NQZ4,SELL,6,4566.57,CME,2024-11-04,2024-11-04,-04:00,-05:00
ORD-0020241103000339,2024-11-03T14:16:57Z,NQZ4,BUY,9,4557.67,CME,2024-11-04,2024-11-04,-04:00,-05:00
ORD-0020241103000340,2024-11-03T14:17:00Z,ESZ4,SELL,4,4556.75,CME,2024-11-04,2024-11-04,-04:00,-05:00
ORD-0020241103000341,2024-11-03T14:17:03Z,ESZ4,SELL,5,4577.49,CME,2024-11-04,2024-11-04,-04:00,-05:00
ORD-0020241103000342,2024-11-03T14:17:06Z,NQZ4,SELL,9,4567.54,CME,2024-11-04,2024-11-04,-04:00,-05:00
ORD-0020241103000343,2024-11-03T14:17:09Z,NQZ4,BUY,9,4556.59,CME,2024-11-04,2024-11-04,-04:00,-05:00
ORD-0020241103000344,2024-11-03T14:17:12Z,NQZ4,BUY,4,4571.08,CME,2024-11-04,2024-11-04,-04:00,-05:00
ORD-0020241103000345,2024-11-03T14:17:15Z,ESZ4,BUY,8,4581.87,CME,2024-11-04,2024-11-04,-04:00,-05:00
ORD-0020241103000346,2024-11-03T14:17:18Z,NQZ4,BUY,9,4544.2,CME,2024-11-04,2024-11-04,-04:00,-05:00
ORD-0020241103000347,2024-11-03T14:17:21Z,ESZ4,SELL,6,4586.65,CME,2024-11-04,2024-11-04,-04:00,-05:00
ORD-0020241103000348,2024-11-03T14:17:24Z,NQZ4,SELL,2,4588.84,CME,2024-11-04,2024-11-04,-04:00,-05:00
ORD-0020241103000349,2024-11-03T14:17:27Z,ESZ4,BUY,10,4583.59,CME,2024-11-04,2024-11-04,-04:00,-05:00
ORD-0020241103000350,2024-11-03T14:17:30Z,ESZ4,BUY,5,4557.25,CME,2024-11-04,2024-11-04,-04:00,-05:00
ORD-0020241103000351,2024-11-03T14:17:33Z,ESZ4,BUY,8,4553.68,CME,2024-11-04,2024-11-04,-04:00,-05:00
ORD-0020241103000352,2024-11-03T14:17:36Z,ESZ4,SELL,10,4573.54,CME,2024-11-04,2024-11-04,-04:00,-05:00
ORD-0020241103000353,2024-11-03T14:17:39Z,ESZ4,SELL,7,4552.32,CME,2024-11-04,2024-11-04,-04:00,-05:00
ORD-0020241103000354,2024-11-03T14:17:42Z,ESZ4,SELL,6,4572.38,CME,2024-11-04,2024-11-04,-04:00,-05:00
ORD-0020241103000355,2024-11-03T14:17:45Z,ESZ4,SELL,5,4566.25,CME,2024-11-04,2024-11-04,-04:00,-05:00
ORD-0020241103000356,2024-11-03T14:17:48Z,ESZ4,BUY,8,4585.61,CME,2024-11-04,2024-11-04,-04:00,-05:00
ORD-0020241103000357,2024-11-03T14:17:51Z,NQZ4,SELL,8,4561.44,CME,2024-11-04,2024-11-04,-04:00,-05:00
ORD-0020241103000358,2024-11-03T14:17:54Z,NQZ4,BUY,2,4557.36,CME,2024-11-04,2024-11-04,-04:00,-05:00
ORD-0020241103000359,2024-11-03T14:17:57Z,ESZ4,SELL,2,4569.52,CME,2024-11-04,2024-11-04,-04:00,-05:00
ORD-0020241103000360,2024-11-03T14:18:00Z,NQZ4,BUY,2,4571.74,CME,2024-11-04,2024-11-04,-04:00,-05:00
ORD-0020241103000361,2024-11-03T14:18:03Z,NQZ4,BUY,4,4565.05,CME,2024-11-04,2024-11-04,-04:00,-05:00
ORD-0020241103000362,2024-11-03T14:18:06Z,NQZ4,SELL,1,4540.17,CME,2024-11-04,2024-11-04,-04:00,-05:00
ORD-0020241103000363,2024-11-03T14:18:09Z,NQZ4,BUY,6,4561.83,CME,2024-11-04,2024-11-04,-04:00,-05:00
ORD-0020241103000364,2024-11-03T14:18:12Z,NQZ4,SELL,10,4549.73,CME,2024-11-04,2024-11-04,-04:00,-05:00
ORD-0020241103000365,2024-11-03T14:18:15Z,ESZ4,BUY,4,4583.56,CME,2024-11-04,2024-11-04,-04:00,-05:00
ORD-0020241103000366,2024-11-03T14:18:18Z,ESZ4,BUY,8,4568.13,CME,2024-11-04,2024-11-04,-04:00,-05:00
ORD-0020241103000367,2024-11-03T14:18:21Z,ESZ4,SELL,8,4555.47,CME,2024-11-04,2024-11-04,-04:00,-05:00
ORD-0020241103000368,2024-11-03T14:18:24Z,ESZ4,SELL,10,4572.0,CME,2024-11-04,2024-11-04,-04:00,-05:00
ORD-0020241103000369,2024-11-03T14:18:27Z,ESZ4,SELL,7,4579.11,CME,2024-11-04,2024-11-04,-04:00,-05:00
ORD-0020241103000370,2024-11-03T14:18:30Z,ESZ4,SELL,8,4571.2,CME,2024-11-04,2024-11-04,-04:00,-05:00
ORD-0020241103000371,2024-11-03T14:18:33Z,NQZ4,BUY,3,4583.04,CME,2024-11-04,2024-11-04,-04:00,-05:00
ORD-0020241103000372,2024-11-03T14:18:36Z,NQZ4,SELL,2,4560.01,CME,2024-11-04,2024-11-04,-04:00,-05:00
ORD-0020241103000373,2024-11-03T14:18:39Z,NQZ4,SELL,10,4557.94,CME,2024-11-04,2024-11-04,-04:00,-05:00
ORD-0020241103000374,2024-11-03T14:18:42Z,ESZ4,SELL,3,4585.74,CME,2024-11-04,2024-11-04,-04:00,-05:00
ORD-0020241103000375,2024-11-03T14:18:45Z,NQZ4,BUY,10,4587.81,CME,2024-11-04,2024-11-04,-04:00,-05:00
ORD-0020241103000376,2024-11-03T14:18:48Z,NQZ4,SELL,10,4555.92,CME,2024-11-04,2024-11-04,-04:00,-05:00
ORD-0020241103000377,2024-11-03T14:18:51Z,NQZ4,BUY,1,4554.63,CME,2024-11-04,2024-11-04,-04:00,-05:00
ORD-0020241103000378,2024-11-03T14:18:54Z,NQZ4,BUY,5,4564.25,CME,2024-11-04,2024-11-04,-04:00,-05:00
ORD-0020241103000379,2024-11-03T14:18:57Z,ESZ4,BUY,8,4586.79,CME,2024-11-04,2024-11-04,-04:00,-05:00
ORD-0020241103000380,2024-11-03T14:19:00Z,ESZ4,SELL,4,4570.01,CME,2024-11-04,2024-11-04,-04:00,-05:00
ORD-0020241103000381,2024-11-03T14:19:03Z,NQZ4,SELL,1,4555.68,CME,2024-11-04,2024-11-04,-04:00,-05:00
ORD-0020241103000382,2024-11-03T14:19:06Z,NQZ4,SELL,8,4562.47,CME,2024-11-04,2024-11-04,-04:00,-05:00
ORD-0020241103000383,2024-11-03T14:19:09Z,ESZ4,BUY,3,4566.55,CME,2024-11-04,2024-11-04,-04:00,-05:00
ORD-0020241103000384,2024-11-03T14:19:12Z,ESZ4,BUY,7,4574.33,CME,2024-11-04,2024-11-04,-04:00,-05:00
ORD-0020241103000385,2024-11-03T14:19:15Z,ESZ4,SELL,4,4549.9,CME,2024-11-04,2024-11-04,-04:00,-05:00
ORD-0020241103000386,2024-11-03T14:19:18Z,ESZ4,BUY,8,4558.28,CME,2024-11-04,2024-11-04,-04:00,-05:00
ORD-0020241103000387,2024-11-03T14:19:21Z,ESZ4,SELL,4,4552.45,CME,2024-11-04,2024-11-04,-04:00,-05:00
ORD-0020241103000388,2024-11-03T14:19:24Z,NQZ4,BUY,6,4577.18,CME,2024-11-04,2024-11-04,-04:00,-05:00
ORD-0020241103000389,2024-11-03T14:19:27Z,ESZ4,SELL,4,4562.55,CME,2024-11-04,2024-11-04,-04:00,-05:00
ORD-0020241103000390,2024-11-03T14:19:30Z,ESZ4,BUY,9,4565.05,CME,2024-11-04,2024-11-04,-04:00,-05:00
ORD-0020241103000391,2024-11-03T14:19:33Z,NQZ4,SELL,2,4588.3,CME,2024-11-04,2024-11-04,-04:00,-05:00
ORD-0020241103000392,2024-11-03T14:19:36Z,NQZ4,BUY,6,4571.14,CME,2024-11-04,2024-11-04,-04:00,-05:00
ORD-0020241103000393,2024-11-03T14:19:39Z,ESZ4,SELL,3,4559.23,CME,2024-11-04,2024-11-04,-04:00,-05:00
ORD-0020241103000394,2024-11-03T14:19:42Z,ESZ4,SELL,9,4550.64,CME,2024-11-04,2024-11-04,-04:00,-05:00
ORD-0020241103000395,2024-11-03T14:19:45Z,NQZ4,BUY,7,4543.54,CME,2024-11-04,2024-11-04,-04:00,-05:00
ORD-0020241103000396,2024-11-03T14:19:48Z,ESZ4,SELL,5,4582.25,CME,2024-11-04,2024-11-04,-04:00,-05:00
ORD-0020241103000397,2024-11-03T14:19:51Z,ESZ4,SELL,1,4588.54,CME,2024-11-04,2024-11-04,-04:00,-05:00
ORD-0020241103000398,2024-11-03T14:19:54Z,ESZ4,SELL,2,4578.0,CME,2024-11-04,2024-11-04,-04:00,-05:00
ORD-0020241103000399,2024-11-03T14:19:57Z,ESZ4,BUY,3,4567.6,CME,2024-11-04,2024-11-04,-04:00,-05:00
ORD-0020241103000400,2024-11-03T14:20:00Z,NQZ4,SELL,1,4570.24,CME,2024-11-04,2024-11-04,-04:00,-05:00
ORD-0020241103000401,2024-11-03T14:20:03Z,ESZ4,BUY,6,4570.95,CME,2024-11-04,2024-11-04,-04:00,-05:00
ORD-0020241103000402,2024-11-03T14:20:06Z,NQZ4,BUY,8,4584.16,CME,2024-11-04,2024-11-04,-04:00,-05:00
ORD-0020241103000403,2024-11-03T14:20:09Z,NQZ4,SELL,1,4588.84,CME,2024-11-04,2024-11-04,-04:00,-05:00
ORD-0020241103000404,2024-11-03T14:20:12Z,ESZ4,BUY,3,4567.16,CME,2024-11-04,2024-11-04,-04:00,-05:00
ORD-0020241103000405,2024-11-03T14:20:15Z,NQZ4,SELL,2,4554.93,CME,2024-11-04,2024-11-04,-04:00,-05:00
ORD-0020241103000406,2024-11-03T14:20:18Z,ESZ4,SELL,8,4584.48,CME,2024-11-04,2024-11-04,-04:00,-05:00
ORD-0020241103000407,2024-11-03T14:20:21Z,NQZ4,SELL,7,4558.84,CME,2024-11-04,2024-11-04,-04:00,-05:00
ORD-0020241103000408,2024-11-03T14:20:24Z,ESZ4,SELL,10,4541.47,CME,2024-11-04,2024-11-04,-04:00,-05:00
ORD-0020241103000409,2024-11-03T14:20:27Z,ESZ4,BUY,8,4561.33,CME,2024-11-04,2024-11-04,-04:00,-05:00
ORD-0020241103000410,2024-11-03T14:20:30Z,NQZ4,SELL,3,4587.08,CME,2024-11-04,2024-11-04,-04:00,-05:00
ORD-0020241103000411,2024-11-03T14:20:33Z,ESZ4,SELL,2,4577.51,CME,2024-11-04,2024-11-04,-04:00,-05:00
ORD-0020241103000412,2024-11-03T14:20:36Z,NQZ4,BUY,3,4572.12,CME,2024-11-04,2024-11-04,-04:00,-05:00
ORD-0020241103000413,2024-11-03T14:20:39Z,ESZ4,BUY,3,4585.48,CME,2024-11-04,2024-11-04,-04:00,-05:00
ORD-0020241103000414,2024-11-03T14:20:42Z,ESZ4,BUY,1,4573.38,CME,2024-11-04,2024-11-04,-04:00,-05:00
ORD-0020241103000415,2024-11-03T14:20:45Z,ESZ4,BUY,1,4544.32,CME,2024-11-04,2024-11-04,-04:00,-05:00
ORD-0020241103000416,2024-11-03T14:20:48Z,ESZ4,BUY,9,4551.28,CME,2024-11-04,2024-11-04,-04:00,-05:00
ORD-0020241103000417,2024-11-03T14:20:51Z,NQZ4,SELL,9,4542.96,CME,2024-11-04,2024-11-04,-04:00,-05:00
ORD-0020241103000418,2024-11-03T14:20:54Z,NQZ4,SELL,1,4582.55,CME,2024-11-04,2024-11-04,-04:00,-05:00
ORD-0020241103000419,2024-11-03T14:20:57Z,ESZ4,BUY,9,4549.57,CME,2024-11-04,2024-11-04,-04:00,-05:00
ORD-0020241103000420,2024-11-03T14:21:00Z,ESZ4,SELL,8,4543.85,CME,2024-11-04,2024-11-04,-04:00,-05:00
ORD-0020241103000421,2024-11-03T14:21:03Z,NQZ4,SELL,3,4574.83,CME,2024-11-04,2024-11-04,-04:00,-05:00
ORD-0020241103000422,2024-11-03T14:21:06Z,NQZ4,SELL,3,4557.04,CME,2024-11-04,2024-11-04,-04:00,-05:00
ORD-0020241103000423,2024-11-03T14:21:09Z,ESZ4,BUY,4,4546.38,CME,2024-11-04,2024-11-04,-04:00,-05:00
ORD-0020241103000424,2024-11-03T14:21:12Z,ESZ4,SELL,6,4577.15,CME,2024-11-04,2024-11-04,-04:00,-05:00
ORD-0020241103000425,2024-11-03T14:21:15Z,ESZ4,SELL,6,4570.18,CME,2024-11-04,2024-11-04,-04:00,-05:00
ORD-0020241103000426,2024-11-03T14:21:18Z,NQZ4,BUY,8,4544.44,CME,2024-11-04,2024-11-04,-04:00,-05:00
ORD-0020241103000427,2024-11-03T14:21:21Z,ESZ4,SELL,2,4550.88,CME,2024-11-04,2024-11-04,-04:00,-05:00
ORD-0020241103000428,2024-11-03T14:21:24Z,ESZ4,BUY,4,4544.79,CME,2024-11-04,2024-11-04,-04:00,-05:00
ORD-0020241103000429,2024-11-03T14:21:27Z,NQZ4,BUY,5,4585.53,CME,2024-11-04,2024-11-04,-04:00,-05:00
ORD-0020241103000430,2024-11-03T14:21:30Z,NQZ4,SELL,6,4551.66,CME,2024-11-04,2024-11-04,-04:00,-05:00
ORD-0020241103000431,2024-11-03T14:21:33Z,ESZ4,SELL,8,4549.55,CME,2024-11-04,2024-11-04,-04:00,-05:00
ORD-0020241103000432,2024-11-03T14:21:36Z,NQZ4,SELL,8,4572.47,CME,2024-11-04,2024-11-04,-04:00,-05:00
ORD-0020241103000433,2024-11-03T14:21:39Z,ESZ4,BUY,4,4543.94,CME,2024-11-04,2024-11-04,-04:00,-05:00
ORD-0020241103000434,2024-11-03T14:21:42Z,ESZ4,BUY,7,4544.19,CME,2024-11-04,2024-11-04,-04:00,-05:00
ORD-0020241103000435,2024-11-03T14:21:45Z,NQZ4,SELL,7,4582.48,CME,2024-11-04,2024-11-04,-04:00,-05:00
ORD-0020241103000436,2024-11-03T14:21:48Z,ESZ4,BUY,2,4568.31,CME,2024-11-04,2024-11-04,-04:00,-05:00
ORD-0020241103000437,2024-11-03T14:21:51Z,NQZ4,SELL,5,4575.78,CME,2024-11-04,2024-11-04,-04:00,-05:00
ORD-0020241103000438,2024-11-03T14:21:54Z,ESZ4,BUY,9,4563.95,CME,2024-11-04,2024-11-04,-04:00,-05:00
ORD-0020241103000439,2024-11-03T14:21:57Z,ESZ4,SELL,7,4576.31,CME,2024-11-04,2024-11-04,-04:00,-05:00
ORD-0020241103000440,2024-11-03T14:22:00Z,ESZ4,SELL,5,4557.23,CME,2024-11-04,2024-11-04,-04:00,-05:00
ORD-0020241103000441,2024-11-03T14:22:03Z,ESZ4,SELL,6,4577.62,CME,2024-11-04,2024-11-04,-04:00,-05:00
ORD-0020241103000442,2024-11-03T14:22:06Z,NQZ4,SELL,4,4577.07,CME,2024-11-04,2024-11-04,-04:00,-05:00
ORD-0020241103000443,2024-11-03T14:22:09Z,ESZ4,BUY,2,4547.93,CME,2024-11-04,2024-11-04,-04:00,-05:00
ORD-0020241103000444,2024-11-03T14:22:12Z,ESZ4,SELL,8,4585.18,CME,2024-11-04,2024-11-04,-04:00,-05:00
ORD-0020241103000445,2024-11-03T14:22:15Z,NQZ4,BUY,1,4584.87,CME,2024-11-04,2024-11-04,-04:00,-05:00
ORD-0020241103000446,2024-11-03T14:22:18Z,ESZ4,BUY,3,4588.85,CME,2024-11-04,2024-11-04,-04:00,-05:00
ORD-0020241103000447,2024-11-03T14:22:21Z,ESZ4,SELL,9,4542.64,CME,2024-11-04,2024-11-04,-04:00,-05:00
ORD-0020241103000448,2024-11-03T14:22:24Z,NQZ4,BUY,4,4582.22,CME,2024-11-04,2024-11-04,-04:00,-05:00
ORD-0020241103000449,2024-11-03T14:22:27Z,ESZ4,SELL,10,4588.93,CME,2024-11-04,2024-11-04,-04:00,-05:00
ORD-0020241103000450,2024-11-03T14:22:30Z,NQZ4,BUY,6,4563.4,CME,2024-11-04,2024-11-04,-04:00,-05:00
ORD-0020241103000451,2024-11-03T14:22:33Z,ESZ4,SELL,9,4559.55,CME,2024-11-04,2024-11-04,-04:00,-05:00
ORD-0020241103000452,2024-11-03T14:22:36Z,ESZ4,SELL,6,4566.21,CME,2024-11-04,2024-11-04,-04:00,-05:00
ORD-0020241103000453,2024-11-03T14:22:39Z,NQZ4,SELL,4,4560.04,CME,2024-11-04,2024-11-04,-04:00,-05:00
ORD-0020241103000454,2024-11-03T14:22:42Z,NQZ4,SELL,2,4542.89,CME,2024-11-04,2024-11-04,-04:00,-05:00
ORD-0020241103000455,2024-11-03T14:22:45Z,ESZ4,BUY,5,4551.57,CME,2024-11-04,2024-11-04,-04:00,-05:00
ORD-0020241103000456,2024-11-03T14:22:48Z,ESZ4,BUY,9,4576.85,CME,2024-11-04,2024-11-04,-04:00,-05:00
ORD-0020241103000457,2024-11-03T14:22:51Z,NQZ4,BUY,8,4571.16,CME,2024-11-04,2024-11-04,-04:00,-05:00
ORD-0020241103000458,2024-11-03T14:22:54Z,NQZ4,BUY,8,4541.1,CME,2024-11-04,2024-11-04,-04:00,-05:00
ORD-0020241103000459,2024-11-03T14:22:57Z,ESZ4,SELL,10,4553.14,CME,2024-11-04,2024-11-04,-04:00,-05:00
ORD-0020241103000460,2024-11-03T14:23:00Z,ESZ4,BUY,5,4582.96,CME,2024-11-04,2024-11-04,-04:00,-05:00
ORD-0020241103000461,2024-11-03T14:23:03Z,NQZ4,SELL,4,4552.5,CME,2024-11-04,2024-11-04,-04:00,-05:00
ORD-0020241103000462,2024-11-03T14:23:06Z,NQZ4,BUY,1,4575.67,CME,2024-11-04,2024-11-04,-04:00,-05:00
ORD-0020241103000463,2024-11-03T14:23:09Z,ESZ4,SELL,4,4582.46,CME,2024-11-04,2024-11-04,-04:00,-05:00
ORD-0020241103000464,2024-11-03T14:23:12Z,ESZ4,BUY,1,4546.94,CME,2024-11-04,2024-11-04,-04:00,-05:00
ORD-0020241103000465,2024-11-03T14:23:15Z,NQZ4,BUY,5,4541.56,CME,2024-11-04,2024-11-04,-04:00,-05:00
ORD-0020241103000466,2024-11-03T14:23:18Z,ESZ4,BUY,6,4550.61,CME,2024-11-04,2024-11-04,-04:00,-05:00
ORD-0020241103000467,2024-11-03T14:23:21Z,NQZ4,BUY,8,4562.47,CME,2024-11-04,2024-11-04,-04:00,-05:00
ORD-0020241103000468,2024-11-03T14:23:24Z,ESZ4,SELL,7,4563.84,CME,2024-11-04,2024-11-04,-04:00,-05:00
ORD-0020241103000469,2024-11-03T14:23:27Z,NQZ4,SELL,9,4553.96,CME,2024-11-04,2024-11-04,-04:00,-05:00
ORD-0020241103000470,2024-11-03T14:23:30Z,ESZ4,SELL,2,4578.15,CME,2024-11-04,2024-11-04,-04:00,-05:00
ORD-0020241103000471,2024-11-03T14:23:33Z,ESZ4,SELL,8,4546.85,CME,2024-11-04,2024-11-04,-04:00,-05:00
ORD-0020241103000472,2024-11-03T14:23:36Z,ESZ4,SELL,3,4588.89,CME,2024-11-04,2024-11-04,-04:00,-05:00
ORD-0020241103000473,2024-11-03T14:23:39Z,ESZ4,SELL,2,4569.36,CME,2024-11-04,2024-11-04,-04:00,-05:00
ORD-0020241103000474,2024-11-03T14:23:42Z,NQZ4,SELL,8,4566.17,CME,2024-11-04,2024-11-04,-04:00,-05:00
ORD-0020241103000475,2024-11-03T14:23:45Z,NQZ4,SELL,1,4572.95,CME,2024-11-04,2024-11-04,-04:00,-05:00
ORD-0020241103000476,2024-11-03T14:23:48Z,NQZ4,BUY,7,4574.24,CME,2024-11-04,2024-11-04,-04:00,-05:00
ORD-0020241103000477,2024-11-03T14:23:51Z,NQZ4,SELL,10,4545.69,CME,2024-11-04,2024-11-04,-04:00,-05:00
ORD-0020241103000478,2024-11-03T14:23:54Z,NQZ4,BUY,6,4551.86,CME,2024-11-04,2024-11-04,-04:00,-05:00
ORD-0020241103000479,2024-11-03T14:23:57Z,NQZ4,SELL,1,4543.41,CME,2024-11-04,2024-11-04,-04:00,-05:00
ORD-0020241103000480,2024-11-03T14:24:00Z,NQZ4,SELL,2,4552.71,CME,2024-11-04,2024-11-04,-04:00,-05:00
ORD-0020241103000481,2024-11-03T14:24:03Z,ESZ4,SELL,10,4573.52,CME,2024-11-04,2024-11-04,-04:00,-05:00
ORD-0020241103000482,2024-11-03T14:24:06Z,NQZ4,SELL,10,4567.42,CME,2024-11-04,2024-11-04,-04:00,-05:00
ORD-0020241103000483,2024-11-03T14:24:09Z,ESZ4,BUY,1,4587.72,CME,2024-11-04,2024-11-04,-04:00,-05:00
ORD-0020241103000484,2024-11-03T14:24:12Z,NQZ4,SELL,2,4544.16,CME,2024-11-04,2024-11-04,-04:00,-05:00
ORD-0020241103000485,2024-11-03T14:24:15Z,NQZ4,SELL,7,4540.15,CME,2024-11-04,2024-11-04,-04:00,-05:00
ORD-0020241103000486,2024-11-03T14:24:18Z,ESZ4,BUY,9,4576.11,CME,2024-11-04,2024-11-04,-04:00,-05:00
ORD-0020241103000487,2024-11-03T14:24:21Z,NQZ4,BUY,5,4583.35,CME,2024-11-04,2024-11-04,-04:00,-05:00
ORD-0020241103000488,2024-11-03T14:24:24Z,NQZ4,SELL,5,4580.77,CME,2024-11-04,2024-11-04,-04:00,-05:00
ORD-0020241103000489,2024-11-03T14:24:27Z,ESZ4,SELL,2,4542.75,CME,2024-11-04,2024-11-04,-04:00,-05:00
ORD-0020241103000490,2024-11-03T14:24:30Z,NQZ4,BUY,3,4542.16,CME,2024-11-04,2024-11-04,-04:00,-05:00
ORD-0020241103000491,2024-11-03T14:24:33Z,NQZ4,BUY,3,4544.56,CME,2024-11-04,2024-11-04,-04:00,-05:00
ORD-0020241103000492,2024-11-03T14:24:36Z,NQZ4,SELL,4,4552.07,CME,2024-11-04,2024-11-04,-04:00,-05:00
ORD-0020241103000493,2024-11-03T14:24:39Z,ESZ4,BUY,2,4566.6,CME,2024-11-04,2024-11-04,-04:00,-05:00
ORD-0020241103000494,2024-11-03T14:24:42Z,ESZ4,BUY,9,4587.97,CME,2024-11-04,2024-11-04,-04:00,-05:00
ORD-0020241103000495,2024-11-03T14:24:45Z,ESZ4,BUY,6,4544.72,CME,2024-11-04,2024-11-04,-04:00,-05:00
ORD-0020241103000496,2024-11-03T14:24:48Z,NQZ4,BUY,2,4561.72,CME,2024-11-04,2024-11-04,-04:00,-05:00
ORD-0020241103000497,2024-11-03T14:24:51Z,NQZ4,BUY,7,4557.17,CME,2024-11-04,2024-11-04,-04:00,-05:00
ORD-0020241103000498,2024-11-03T14:24:54Z,NQZ4,BUY,8,4586.74,CME,2024-11-04,2024-11-04,-04:00,-05:00
ORD-0020241103000499,2024-11-03T14:24:57Z,ESZ4,BUY,4,4552.46,CME,2024-11-04,2024-11-04,-04:00,-05:00
ORD-0020241103000500,2024-11-03T14:25:00Z,NQZ4,BUY,5,4553.0,CME,2024-11-04,2024-11-04,-04:00,-05:00
ORD-0020241103000501,2024-11-03T14:25:03Z,ESZ4,SELL,2,4542.84,CME,2024-11-04,2024-11-04,-04:00,-05:00
ORD-0020241103000502,2024-11-03T14:25:06Z,NQZ4,BUY,2,4553.9,CME,2024-11-04,2024-11-04,-04:00,-05:00
ORD-0020241103000503,2024-11-03T14:25:09Z,ESZ4,SELL,10,4551.71,CME,2024-11-04,2024-11-04,-04:00,-05:00
ORD-0020241103000504,2024-11-03T14:25:12Z,ESZ4,BUY,3,4556.99,CME,2024-11-04,2024-11-04,-04:00,-05:00
ORD-0020241103000505,2024-11-03T14:25:15Z,ESZ4,BUY,8,4543.53,CME,2024-11-04,2024-11-04,-04:00,-05:00
ORD-0020241103000506,2024-11-03T14:25:18Z,NQZ4,BUY,8,4563.87,CME,2024-11-04,2024-11-04,-04:00,-05:00
ORD-0020241103000507,2024-11-03T14:25:21Z,NQZ4,BUY,8,4583.31,CME,2024-11-04,2024-11-04,-04:00,-05:00
ORD-0020241103000508,2024-11-03T14:25:24Z,NQZ4,BUY,3,4547.94,CME,2024-11-04,2024-11-04,-04:00,-05:00
ORD-0020241103000509,2024-11-03T14:25:27Z,NQZ4,SELL,3,4575.67,CME,2024-11-04,2024-11-04,-04:00,-05:00
ORD-0020241103000510,2024-11-03T14:25:30Z,ESZ4,SELL,5,4587.35,CME,2024-11-04,2024-11-04,-04:00,-05:00
ORD-0020241103000511,2024-11-03T14:25:33Z,NQZ4,BUY,4,4560.43,CME,2024-11-04,2024-11-04,-04:00,-05:00
ORD-0020241103000512,2024-11-03T14:25:36Z,ESZ4,BUY,8,4545.17,CME,2024-11-04,2024-11-04,-04:00,-05:00
ORD-0020241103000513,2024-11-03T14:25:39Z,NQZ4,SELL,6,4589.78,CME,2024-11-04,2024-11-04,-04:00,-05:00
ORD-0020241103000514,2024-11-03T14:25:42Z,ESZ4,BUY,4,4586.59,CME,2024-11-04,2024-11-04,-04:00,-05:00
ORD-0020241103000515,2024-11-03T14:25:45Z,NQZ4,BUY,2,4585.18,CME,2024-11-04,2024-11-04,-04:00,-05:00
ORD-0020241103000516,2024-11-03T14:25:48Z,NQZ4,SELL,4,4589.68,CME,2024-11-04,2024-11-04,-04:00,-05:00
ORD-0020241103000517,2024-11-03T14:25:51Z,NQZ4,SELL,2,4589.56,CME,2024-11-04,2024-11-04,-04:00,-05:00
ORD-0020241103000518,2024-11-03T14:25:54Z,ESZ4,BUY,3,4545.01,CME,2024-11-04,2024-11-04,-04:00,-05:00
ORD-0020241103000519,2024-11-03T14:25:57Z,ESZ4,SELL,1,4585.19,CME,2024-11-04,2024-11-04,-04:00,-05:00
ORD-0020241103000520,2024-11-03T14:26:00Z,ESZ4,SELL,2,4564.46,CME,2024-11-04,2024-11-04,-04:00,-05:00
ORD-0020241103000521,2024-11-03T14:26:03Z,ESZ4,BUY,8,4549.12,CME,2024-11-04,2024-11-04,-04:00,-05:00
ORD-0020241103000522,2024-11-03T14:26:06Z,NQZ4,SELL,7,4571.97,CME,2024-11-04,2024-11-04,-04:00,-05:00
ORD-0020241103000523,2024-11-03T14:26:09Z,ESZ4,SELL,1,4547.7,CME,2024-11-04,2024-11-04,-04:00,-05:00
ORD-0020241103000524,2024-11-03T14:26:12Z,ESZ4,SELL,10,4575.02,CME,2024-11-04,2024-11-04,-04:00,-05:00
ORD-0020241103000525,2024-11-03T14:26:15Z,NQZ4,BUY,5,4551.98,CME,2024-11-04,2024-11-04,-04:00,-05:00
ORD-0020241103000526,2024-11-03T14:26:18Z,ESZ4,BUY,9,4555.25,CME,2024-11-04,2024-11-04,-04:00,-05:00
ORD-0020241103000527,2024-11-03T14:26:21Z,ESZ4,SELL,4,4573.22,CME,2024-11-04,2024-11-04,-04:00,-05:00
ORD-0020241103000528,2024-11-03T14:26:24Z,ESZ4,BUY,2,4563.35,CME,2024-11-04,2024-11-04,-04:00,-05:00
ORD-0020241103000529,2024-11-03T14:26:27Z,NQZ4,BUY,4,4566.52,CME,2024-11-04,2024-11-04,-04:00,-05:00
ORD-0020241103000530,2024-11-03T14:26:30Z,NQZ4,BUY,1,4587.66,CME,2024-11-04,2024-11-04,-04:00,-05:00
ORD-0020241103000531,2024-11-03T14:26:33Z,ESZ4,SELL,4,4584.29,CME,2024-11-04,2024-11-04,-04:00,-05:00
ORD-0020241103000532,2024-11-03T14:26:36Z,ESZ4,BUY,4,4576.34,CME,2024-11-04,2024-11-04,-04:00,-05:00
ORD-0020241103000533,2024-11-03T14:26:39Z,NQZ4,BUY,9,4558.26,CME,2024-11-04,2024-11-04,-04:00,-05:00
ORD-0020241103000534,2024-11-03T14:26:42Z,NQZ4,SELL,2,4570.29,CME,2024-11-04,2024-11-04,-04:00,-05:00
ORD-0020241103000535,2024-11-03T14:26:45Z,NQZ4,SELL,6,4559.97,CME,2024-11-04,2024-11-04,-04:00,-05:00
ORD-0020241103000536,2024-11-03T14:26:48Z,ESZ4,BUY,1,4558.66,CME,2024-11-04,2024-11-04,-04:00,-05:00
ORD-0020241103000537,2024-11-03T14:26:51Z,ESZ4,SELL,6,4570.91,CME,2024-11-04,2024-11-04,-04:00,-05:00
ORD-0020241103000538,2024-11-03T14:26:54Z,ESZ4,SELL,3,4586.32,CME,2024-11-04,2024-11-04,-04:00,-05:00
ORD-0020241103000539,2024-11-03T14:26:57Z,ESZ4,SELL,4,4553.91,CME,2024-11-04,2024-11-04,-04:00,-05:00
ORD-0020241103000540,2024-11-03T14:27:00Z,NQZ4,BUY,7,4557.91,CME,2024-11-04,2024-11-04,-04:00,-05:00
ORD-0020241103000541,2024-11-03T14:27:03Z,ESZ4,SELL,3,4563.54,CME,2024-11-04,2024-11-04,-04:00,-05:00
ORD-0020241103000542,2024-11-03T14:27:06Z,NQZ4,SELL,1,4550.71,CME,2024-11-04,2024-11-04,-04:00,-05:00
ORD-0020241103000543,2024-11-03T14:27:09Z,NQZ4,BUY,9,4554.84,CME,2024-11-04,2024-11-04,-04:00,-05:00
ORD-0020241103000544,2024-11-03T14:27:12Z,NQZ4,SELL,8,4543.59,CME,2024-11-04,2024-11-04,-04:00,-05:00
ORD-0020241103000545,2024-11-03T14:27:15Z,ESZ4,BUY,1,4561.1,CME,2024-11-04,2024-11-04,-04:00,-05:00
ORD-0020241103000546,2024-11-03T14:27:18Z,NQZ4,SELL,1,4568.56,CME,2024-11-04,2024-11-04,-04:00,-05:00
ORD-0020241103000547,2024-11-03T14:27:21Z,ESZ4,BUY,3,4573.37,CME,2024-11-04,2024-11-04,-04:00,-05:00
ORD-0020241103000548,2024-11-03T14:27:24Z,ESZ4,SELL,8,4558.18,CME,2024-11-04,2024-11-04,-04:00,-05:00
ORD-0020241103000549,2024-11-03T14:27:27Z,ESZ4,BUY,5,4586.08,CME,2024-11-04,2024-11-04,-04:00,-05:00
ORD-0020241103000550,2024-11-03T14:27:30Z,ESZ4,BUY,3,4556.6,CME,2024-11-04,2024-11-04,-04:00,-05:00
ORD-0020241103000551,2024-11-03T14:27:33Z,ESZ4,SELL,2,4553.74,CME,2024-11-04,2024-11-04,-04:00,-05:00
ORD-0020241103000552,2024-11-03T14:27:36Z,ESZ4,SELL,2,4552.42,CME,2024-11-04,2024-11-04,-04:00,-05:00
ORD-0020241103000553,2024-11-03T14:27:39Z,NQZ4,SELL,7,4582.33,CME,2024-11-04,2024-11-04,-04:00,-05:00
ORD-0020241103000554,2024-11-03T14:27:42Z,ESZ4,SELL,4,4549.39,CME,2024-11-04,2024-11-04,-04:00,-05:00
ORD-0020241103000555,2024-11-03T14:27:45Z,NQZ4,BUY,4,4564.51,CME,2024-11-04,2024-11-04,-04:00,-05:00
ORD-0020241103000556,2024-11-03T14:27:48Z,NQZ4,SELL,8,4565.29,CME,2024-11-04,2024-11-04,-04:00,-05:00
ORD-0020241103000557,2024-11-03T14:27:51Z,ESZ4,BUY,4,4549.08,CME,2024-11-04,2024-11-04,-04:00,-05:00
ORD-0020241103000558,2024-11-03T14:27:54Z,NQZ4,BUY,9,4562.52,CME,2024-11-04,2024-11-04,-04:00,-05:00
ORD-0020241103000559,2024-11-03T14:27:57Z,NQZ4,BUY,1,4571.08,CME,2024-11-04,2024-11-04,-04:00,-05:00
ORD-0020241103000560,2024-11-03T14:28:00Z,ESZ4,SELL,2,4570.64,CME,2024-11-04,2024-11-04,-04:00,-05:00
ORD-0020241103000561,2024-11-03T14:28:03Z,NQZ4,SELL,7,4584.91,CME,2024-11-04,2024-11-04,-04:00,-05:00
ORD-0020241103000562,2024-11-03T14:28:06Z,ESZ4,SELL,8,4551.44,CME,2024-11-04,2024-11-04,-04:00,-05:00
ORD-0020241103000563,2024-11-03T14:28:09Z,ESZ4,BUY,2,4579.76,CME,2024-11-04,2024-11-04,-04:00,-05:00
ORD-0020241103000564,2024-11-03T14:28:12Z,NQZ4,SELL,10,4546.07,CME,2024-11-04,2024-11-04,-04:00,-05:00
ORD-0020241103000565,2024-11-03T14:28:15Z,ESZ4,BUY,4,4585.32,CME,2024-11-04,2024-11-04,-04:00,-05:00
ORD-0020241103000566,2024-11-03T14:28:18Z,ESZ4,BUY,4,4589.85,CME,2024-11-04,2024-11-04,-04:00,-05:00
ORD-0020241103000567,2024-11-03T14:28:21Z,ESZ4,BUY,1,4581.24,CME,2024-11-04,2024-11-04,-04:00,-05:00
ORD-0020241103000568,2024-11-03T14:28:24Z,ESZ4,SELL,6,4566.51,CME,2024-11-04,2024-11-04,-04:00,-05:00
ORD-0020241103000569,2024-11-03T14:28:27Z,ESZ4,SELL,4,4570.65,CME,2024-11-04,2024-11-04,-04:00,-05:00
ORD-0020241103000570,2024-11-03T14:28:30Z,NQZ4,SELL,3,4561.6,CME,2024-11-04,2024-11-04,-04:00,-05:00
ORD-0020241103000571,2024-11-03T14:28:33Z,ESZ4,BUY,10,4585.78,CME,2024-11-04,2024-11-04,-04:00,-05:00
ORD-0020241103000572,2024-11-03T14:28:36Z,NQZ4,BUY,3,4560.63,CME,2024-11-04,2024-11-04,-04:00,-05:00
ORD-0020241103000573,2024-11-03T14:28:39Z,NQZ4,BUY,6,4574.83,CME,2024-11-04,2024-11-04,-04:00,-05:00
ORD-0020241103000574,2024-11-03T14:28:42Z,NQZ4,SELL,2,4589.62,CME,2024-11-04,2024-11-04,-04:00,-05:00
ORD-0020241103000575,2024-11-03T14:28:45Z,NQZ4,BUY,7,4555.45,CME,2024-11-04,2024-11-04,-04:00,-05:00
ORD-0020241103000576,2024-11-03T14:28:48Z,ESZ4,SELL,10,4567.73,CME,2024-11-04,2024-11-04,-04:00,-05:00
ORD-0020241103000577,2024-11-03T14:28:51Z,NQZ4,SELL,1,4574.56,CME,2024-11-04,2024-11-04,-04:00,-05:00
ORD-0020241103000578,2024-11-03T14:28:54Z,NQZ4,SELL,9,4543.27,CME,2024-11-04,2024-11-04,-04:00,-05:00
ORD-0020241103000579,2024-11-03T14:28:57Z,ESZ4,SELL,6,4542.94,CME,2024-11-04,2024-11-04,-04:00,-05:00
ORD-0020241103000580,2024-11-03T14:29:00Z,ESZ4,BUY,10,4582.04,CME,2024-11-04,2024-11-04,-04:00,-05:00
ORD-0020241103000581,2024-11-03T14:29:03Z,NQZ4,SELL,9,4544.27,CME,2024-11-04,2024-11-04,-04:00,-05:00
ORD-0020241103000582,2024-11-03T14:29:06Z,ESZ4,SELL,4,4570.36,CME,2024-11-04,2024-11-04,-04:00,-05:00
ORD-0020241103000583,2024-11-03T14:29:09Z,NQZ4,SELL,6,4588.93,CME,2024-11-04,2024-11-04,-04:00,-05:00
ORD-0020241103000584,2024-11-03T14:29:12Z,ESZ4,SELL,5,4541.67,CME,2024-11-04,2024-11-04,-04:00,-05:00
ORD-0020241103000585,2024-11-03T14:29:15Z,NQZ4,BUY,2,4563.07,CME,2024-11-04,2024-11-04,-04:00,-05:00
ORD-0020241103000586,2024-11-03T14:29:18Z,ESZ4,BUY,10,4583.41,CME,2024-11-04,2024-11-04,-04:00,-05:00
ORD-0020241103000587,2024-11-03T14:29:21Z,NQZ4,SELL,2,4573.96,CME,2024-11-04,2024-11-04,-04:00,-05:00
ORD-0020241103000588,2024-11-03T14:29:24Z,NQZ4,SELL,5,4582.78,CME,2024-11-04,2024-11-04,-04:00,-05:00
ORD-0020241103000589,2024-11-03T14:29:27Z,ESZ4,BUY,6,4553.65,CME,2024-11-04,2024-11-04,-04:00,-05:00
ORD-0020241103000590,2024-11-03T14:29:30Z,ESZ4,SELL,3,4546.9,CME,2024-11-04,2024-11-04,-04:00,-05:00
ORD-0020241103000591,2024-11-03T14:29:33Z,NQZ4,BUY,7,4581.17,CME,2024-11-04,2024-11-04,-04:00,-05:00
ORD-0020241103000592,2024-11-03T14:29:36Z,ESZ4,SELL,9,4541.01,CME,2024-11-04,2024-11-04,-04:00,-05:00
ORD-0020241103000593,2024-11-03T14:29:39Z,NQZ4,BUY,7,4575.69,CME,2024-11-04,2024-11-04,-04:00,-05:00
ORD-0020241103000594,2024-11-03T14:29:42Z,NQZ4,BUY,3,4569.79,CME,2024-11-04,2024-11-04,-04:00,-05:00
ORD-0020241103000595,2024-11-03T14:29:45Z,NQZ4,SELL,6,4544.51,CME,2024-11-04,2024-11-04,-04:00,-05:00
ORD-0020241103000596,2024-11-03T14:29:48Z,NQZ4,BUY,2,4576.4,CME,2024-11-04,2024-11-04,-04:00,-05:00
ORD-0020241103000597,2024-11-03T14:29:51Z,NQZ4,BUY,3,4585.57,CME,2024-11-04,2024-11-04,-04:00,-05:00
ORD-0020241103000598,2024-11-03T14:29:54Z,NQZ4,BUY,9,4553.0,CME,2024-11-04,2024-11-04,-04:00,-05:00
ORD-0020241103000599,2024-11-03T14:29:57Z,NQZ4,BUY,7,4555.11,CME,2024-11-04,2024-11-04,-04:00,-05:00
ORD-0020241103000600,2024-11-03T14:30:00Z,NQZ4,SELL,2,4560.63,CME,2024-11-04,2024-11-04,-04:00,-05:00
ORD-0020241103000601,2024-11-03T14:30:03Z,NQZ4,SELL,8,4586.4,CME,2024-11-04,2024-11-04,-04:00,-05:00
ORD-0020241103000602,2024-11-03T14:30:06Z,ESZ4,BUY,2,4581.24,CME,2024-11-04,2024-11-04,-04:00,-05:00
ORD-0020241103000603,2024-11-03T14:30:09Z,ESZ4,BUY,3,4566.37,CME,2024-11-04,2024-11-04,-04:00,-05:00
ORD-0020241103000604,2024-11-03T14:30:12Z,ESZ4,SELL,5,4548.41,CME,2024-11-04,2024-11-04,-04:00,-05:00
ORD-0020241103000605,2024-11-03T14:30:15Z,NQZ4,SELL,2,4564.01,CME,2024-11-04,2024-11-04,-04:00,-05:00
ORD-0020241103000606,2024-11-03T14:30:18Z,ESZ4,SELL,8,4569.24,CME,2024-11-04,2024-11-04,-04:00,-05:00
ORD-0020241103000607,2024-11-03T14:30:21Z,NQZ4,BUY,1,4583.49,CME,2024-11-04,2024-11-04,-04:00,-05:00
ORD-0020241103000608,2024-11-03T14:30:24Z,ESZ4,BUY,3,4561.65,CME,2024-11-04,2024-11-04,-04:00,-05:00
ORD-0020241103000609,2024-11-03T14:30:27Z,ESZ4,SELL,1,4578.86,CME,2024-11-04,2024-11-04,-04:00,-05:00
ORD-0020241103000610,2024-11-03T14:30:30Z,ESZ4,SELL,3,4581.32,CME,2024-11-04,2024-11-04,-04:00,-05:00
ORD-0020241103000611,2024-11-03T14:30:33Z,ESZ4,BUY,7,4550.39,CME,2024-11-04,2024-11-04,-04:00,-05:00
ORD-0020241103000612,2024-11-03T14:30:36Z,ESZ4,SELL,8,4551.67,CME,2024-11-04,2024-11-04,-04:00,-05:00
ORD-0020241103000613,2024-11-03T14:30:39Z,ESZ4,BUY,4,4558.08,CME,2024-11-04,2024-11-04,-04:00,-05:00
ORD-0020241103000614,2024-11-03T14:30:42Z,NQZ4,BUY,5,4545.96,CME,2024-11-04,2024-11-04,-04:00,-05:00
ORD-0020241103000615,2024-11-03T14:30:45Z,NQZ4,SELL,6,4564.12,CME,2024-11-04,2024-11-04,-04:00,-05:00
ORD-0020241103000616,2024-11-03T14:30:48Z,ESZ4,BUY,9,4542.61,CME,2024-11-04,2024-11-04,-04:00,-05:00
ORD-0020241103000617,2024-11-03T14:30:51Z,NQZ4,BUY,2,4544.15,CME,2024-11-04,2024-11-04,-04:00,-05:00
ORD-0020241103000618,2024-11-03T14:30:54Z,NQZ4,SELL,1,4577.57,CME,2024-11-04,2024-11-04,-04:00,-05:00
ORD-0020241103000619,2024-11-03T14:30:57Z,ESZ4,BUY,6,4557.86,CME,2024-11-04,2024-11-04,-04:00,-05:00
ORD-0020241103000620,2024-11-03T14:31:00Z,ESZ4,BUY,10,4586.79,CME,2024-11-04,2024-11-04,-04:00,-05:00
ORD-0020241103000621,2024-11-03T14:31:03Z,ESZ4,SELL,1,4551.82,CME,2024-11-04,2024-11-04,-04:00,-05:00
ORD-0020241103000622,2024-11-03T14:31:06Z,NQZ4,BUY,9,4542.34,CME,2024-11-04,2024-11-04,-04:00,-05:00
ORD-0020241103000623,2024-11-03T14:31:09Z,ESZ4,BUY,7,4575.28,CME,2024-11-04,2024-11-04,-04:00,-05:00
ORD-0020241103000624,2024-11-03T14:31:12Z,ESZ4,BUY,2,4578.95,CME,2024-11-04,2024-11-04,-04:00,-05:00
ORD-0020241103000625,2024-11-03T14:31:15Z,ESZ4,SELL,6,4564.68,CME,2024-11-04,2024-11-04,-04:00,-05:00
ORD-0020241103000626,2024-11-03T14:31:18Z,ESZ4,BUY,4,4540.82,CME,2024-11-04,2024-11-04,-04:00,-05:00
ORD-0020241103000627,2024-11-03T14:31:21Z,NQZ4,BUY,7,4569.27,CME,2024-11-04,2024-11-04,-04:00,-05:00
ORD-0020241103000628,2024-11-03T14:31:24Z,NQZ4,BUY,5,4556.56,CME,2024-11-04,2024-11-04,-04:00,-05:00
ORD-0020241103000629,2024-11-03T14:31:27Z,ESZ4,BUY,2,4548.2,CME,2024-11-04,2024-11-04,-04:00,-05:00
ORD-0020241103000630,2024-11-03T14:31:30Z,NQZ4,BUY,8,4565.34,CME,2024-11-04,2024-11-04,-04:00,-05:00
ORD-0020241103000631,2024-11-03T14:31:33Z,ESZ4,BUY,7,4560.25,CME,2024-11-04,2024-11-04,-04:00,-05:00
ORD-0020241103000632,2024-11-03T14:31:36Z,ESZ4,SELL,3,4583.27,CME,2024-11-04,2024-11-04,-04:00,-05:00
ORD-0020241103000633,2024-11-03T14:31:39Z,NQZ4,BUY,10,4574.54,CME,2024-11-04,2024-11-04,-04:00,-05:00
ORD-0020241103000634,2024-11-03T14:31:42Z,ESZ4,BUY,5,4577.91,CME,2024-11-04,2024-11-04,-04:00,-05:00
ORD-0020241103000635,2024-11-03T14:31:45Z,ESZ4,BUY,10,4569.23,CME,2024-11-04,2024-11-04,-04:00,-05:00
ORD-0020241103000636,2024-11-03T14:31:48Z,NQZ4,BUY,6,4546.18,CME,2024-11-04,2024-11-04,-04:00,-05:00
ORD-0020241103000637,2024-11-03T14:31:51Z,ESZ4,SELL,8,4573.64,CME,2024-11-04,2024-11-04,-04:00,-05:00
ORD-0020241103000638,2024-11-03T14:31:54Z,NQZ4,SELL,4,4545.16,CME,2024-11-04,2024-11-04,-04:00,-05:00
ORD-0020241103000639,2024-11-03T14:31:57Z,ESZ4,SELL,2,4569.14,CME,2024-11-04,2024-11-04,-04:00,-05:00
ORD-0020241103000640,2024-11-03T14:32:00Z,NQZ4,SELL,10,4569.95,CME,2024-11-04,2024-11-04,-04:00,-05:00
ORD-0020241103000641,2024-11-03T14:32:03Z,ESZ4,BUY,4,4568.67,CME,2024-11-04,2024-11-04,-04:00,-05:00
ORD-0020241103000642,2024-11-03T14:32:06Z,ESZ4,SELL,6,4571.19,CME,2024-11-04,2024-11-04,-04:00,-05:00
ORD-0020241103000643,2024-11-03T14:32:09Z,ESZ4,BUY,6,4568.62,CME,2024-11-04,2024-11-04,-04:00,-05:00
ORD-0020241103000644,2024-11-03T14:32:12Z,ESZ4,SELL,9,4565.65,CME,2024-11-04,2024-11-04,-04:00,-05:00
ORD-0020241103000645,2024-11-03T14:32:15Z,ESZ4,SELL,3,4542.52,CME,2024-11-04,2024-11-04,-04:00,-05:00
ORD-0020241103000646,2024-11-03T14:32:18Z,ESZ4,SELL,5,4577.09,CME,2024-11-04,2024-11-04,-04:00,-05:00
ORD-0020241103000647,2024-11-03T14:32:21Z,NQZ4,SELL,4,4555.91,CME,2024-11-04,2024-11-04,-04:00,-05:00
ORD-0020241103000648,2024-11-03T14:32:24Z,NQZ4,BUY,3,4579.78,CME,2024-11-04,2024-11-04,-04:00,-05:00
ORD-0020241103000649,2024-11-03T14:32:27Z,ESZ4,BUY,5,4573.7,CME,2024-11-04,2024-11-04,-04:00,-05:00
ORD-0020241103000650,2024-11-03T14:32:30Z,NQZ4,BUY,7,4549.9,CME,2024-11-04,2024-11-04,-04:00,-05:00
ORD-0020241103000651,2024-11-03T14:32:33Z,NQZ4,BUY,7,4568.19,CME,2024-11-04,2024-11-04,-04:00,-05:00
ORD-0020241103000652,2024-11-03T14:32:36Z,NQZ4,SELL,1,4579.05,CME,2024-11-04,2024-11-04,-04:00,-05:00
ORD-0020241103000653,2024-11-03T14:32:39Z,ESZ4,SELL,2,4556.67,CME,2024-11-04,2024-11-04,-04:00,-05:00
ORD-0020241103000654,2024-11-03T14:32:42Z,ESZ4,SELL,1,4544.68,CME,2024-11-04,2024-11-04,-04:00,-05:00
ORD-0020241103000655,2024-11-03T14:32:45Z,NQZ4,BUY,1,4546.15,CME,2024-11-04,2024-11-04,-04:00,-05:00
ORD-0020241103000656,2024-11-03T14:32:48Z,ESZ4,BUY,1,4558.08,CME,2024-11-04,2024-11-04,-04:00,-05:00
ORD-0020241103000657,2024-11-03T14:32:51Z,ESZ4,SELL,9,4548.65,CME,2024-11-04,2024-11-04,-04:00,-05:00
ORD-0020241103000658,2024-11-03T14:32:54Z,ESZ4,SELL,10,4547.72,CME,2024-11-04,2024-11-04,-04:00,-05:00
ORD-0020241103000659,2024-11-03T14:32:57Z,ESZ4,SELL,4,4588.54,CME,2024-11-04,2024-11-04,-04:00,-05:00
ORD-0020241103000660,2024-11-03T14:33:00Z,ESZ4,BUY,3,4540.58,CME,2024-11-04,2024-11-04,-04:00,-05:00
ORD-0020241103000661,2024-11-03T14:33:03Z,ESZ4,BUY,9,4541.63,CME,2024-11-04,2024-11-04,-04:00,-05:00
ORD-0020241103000662,2024-11-03T14:33:06Z,ESZ4,SELL,6,4548.16,CME,2024-11-04,2024-11-04,-04:00,-05:00
ORD-0020241103000663,2024-11-03T14:33:09Z,NQZ4,SELL,1,4565.93,CME,2024-11-04,2024-11-04,-04:00,-05:00
ORD-0020241103000664,2024-11-03T14:33:12Z,ESZ4,BUY,9,4578.89,CME,2024-11-04,2024-11-04,-04:00,-05:00
ORD-0020241103000665,2024-11-03T14:33:15Z,NQZ4,SELL,5,4583.06,CME,2024-11-04,2024-11-04,-04:00,-05:00
ORD-0020241103000666,2024-11-03T14:33:18Z,ESZ4,SELL,6,4546.7,CME,2024-11-04,2024-11-04,-04:00,-05:00
ORD-0020241103000667,2024-11-03T14:33:21Z,ESZ4,BUY,7,4553.4,CME,2024-11-04,2024-11-04,-04:00,-05:00
ORD-0020241103000668,2024-11-03T14:33:24Z,NQZ4,SELL,1,4586.85,CME,2024-11-04,2024-11-04,-04:00,-05:00
ORD-0020241103000669,2024-11-03T14:33:27Z,NQZ4,BUY,5,4558.09,CME,2024-11-04,2024-11-04,-04:00,-05:00
ORD-0020241103000670,2024-11-03T14:33:30Z,NQZ4,SELL,1,4542.02,CME,2024-11-04,2024-11-04,-04:00,-05:00
ORD-0020241103000671,2024-11-03T14:33:33Z,ESZ4,BUY,7,4585.01,CME,2024-11-04,2024-11-04,-04:00,-05:00
ORD-0020241103000672,2024-11-03T14:33:36Z,ESZ4,BUY,10,4563.8,CME,2024-11-04,2024-11-04,-04:00,-05:00
ORD-0020241103000673,2024-11-03T14:33:39Z,NQZ4,BUY,3,4567.19,CME,2024-11-04,2024-11-04,-04:00,-05:00
ORD-0020241103000674,2024-11-03T14:33:42Z,ESZ4,SELL,6,4563.0,CME,2024-11-04,2024-11-04,-04:00,-05:00
ORD-0020241103000675,2024-11-03T14:33:45Z,ESZ4,SELL,7,4543.74,CME,2024-11-04,2024-11-04,-04:00,-05:00
ORD-0020241103000676,2024-11-03T14:33:48Z,ESZ4,BUY,2,4547.44,CME,2024-11-04,2024-11-04,-04:00,-05:00
ORD-0020241103000677,2024-11-03T14:33:51Z,ESZ4,BUY,8,4556.36,CME,2024-11-04,2024-11-04,-04:00,-05:00
ORD-0020241103000678,2024-11-03T14:33:54Z,ESZ4,BUY,6,4558.97,CME,2024-11-04,2024-11-04,-04:00,-05:00
ORD-0020241103000679,2024-11-03T14:33:57Z,ESZ4,SELL,4,4574.83,CME,2024-11-04,2024-11-04,-04:00,-05:00
ORD-0020241103000680,2024-11-03T14:34:00Z,ESZ4,BUY,10,4561.56,CME,2024-11-04,2024-11-04,-04:00,-05:00
ORD-0020241103000681,2024-11-03T14:34:03Z,ESZ4,BUY,10,4547.79,CME,2024-11-04,2024-11-04,-04:00,-05:00
ORD-0020241103000682,2024-11-03T14:34:06Z,ESZ4,SELL,2,4558.09,CME,2024-11-04,2024-11-04,-04:00,-05:00
ORD-0020241103000683,2024-11-03T14:34:09Z,ESZ4,SELL,2,4564.16,CME,2024-11-04,2024-11-04,-04:00,-05:00
ORD-0020241103000684,2024-11-03T14:34:12Z,NQZ4,BUY,9,4549.86,CME,2024-11-04,2024-11-04,-04:00,-05:00
ORD-0020241103000685,2024-11-03T14:34:15Z,ESZ4,BUY,10,4587.59,CME,2024-11-04,2024-11-04,-04:00,-05:00
ORD-0020241103000686,2024-11-03T14:34:18Z,NQZ4,SELL,7,4558.36,CME,2024-11-04,2024-11-04,-04:00,-05:00
ORD-0020241103000687,2024-11-03T14:34:21Z,NQZ4,SELL,3,4573.47,CME,2024-11-04,2024-11-04,-04:00,-05:00
ORD-0020241103000688,2024-11-03T14:34:24Z,NQZ4,SELL,1,4567.46,CME,2024-11-04,2024-11-04,-04:00,-05:00
ORD-0020241103000689,2024-11-03T14:34:27Z,ESZ4,BUY,4,4589.77,CME,2024-11-04,2024-11-04,-04:00,-05:00
ORD-0020241103000690,2024-11-03T14:34:30Z,ESZ4,BUY,9,4576.73,CME,2024-11-04,2024-11-04,-04:00,-05:00
ORD-0020241103000691,2024-11-03T14:34:33Z,ESZ4,SELL,3,4559.12,CME,2024-11-04,2024-11-04,-04:00,-05:00
ORD-0020241103000692,2024-11-03T14:34:36Z,ESZ4,BUY,4,4584.79,CME,2024-11-04,2024-11-04,-04:00,-05:00
ORD-0020241103000693,2024-11-03T14:34:39Z,ESZ4,SELL,9,4548.02,CME,2024-11-04,2024-11-04,-04:00,-05:00
ORD-0020241103000694,2024-11-03T14:34:42Z,ESZ4,BUY,4,4562.22,CME,2024-11-04,2024-11-04,-04:00,-05:00
ORD-0020241103000695,2024-11-03T14:34:45Z,NQZ4,SELL,6,4583.93,CME,2024-11-04,2024-11-04,-04:00,-05:00
ORD-0020241103000696,2024-11-03T14:34:48Z,NQZ4,BUY,9,4573.69,CME,2024-11-04,2024-11-04,-04:00,-05:00
ORD-0020241103000697,2024-11-03T14:34:51Z,ESZ4,BUY,8,4579.64,CME,2024-11-04,2024-11-04,-04:00,-05:00
ORD-0020241103000698,2024-11-03T14:34:54Z,NQZ4,BUY,10,4568.1,CME,2024-11-04,2024-11-04,-04:00,-05:00
ORD-0020241103000699,2024-11-03T14:34:57Z,ESZ4,BUY,8,4555.76,CME,2024-11-04,2024-11-04,-04:00,-05:00
ORD-0020241103000700,2024-11-03T14:35:00Z,ESZ4,SELL,3,4583.9,CME,2024-11-04,2024-11-04,-04:00,-05:00
ORD-0020241103000701,2024-11-03T14:35:03Z,ESZ4,BUY,9,4544.02,CME,2024-11-04,2024-11-04,-04:00,-05:00
ORD-0020241103000702,2024-11-03T14:35:06Z,ESZ4,BUY,4,4543.71,CME,2024-11-04,2024-11-04,-04:00,-05:00
ORD-0020241103000703,2024-11-03T14:35:09Z,ESZ4,BUY,10,4562.46,CME,2024-11-04,2024-11-04,-04:00,-05:00
ORD-0020241103000704,2024-11-03T14:35:12Z,NQZ4,BUY,4,4580.68,CME,2024-11-04,2024-11-04,-04:00,-05:00
ORD-0020241103000705,2024-11-03T14:35:15Z,ESZ4,BUY,2,4562.88,CME,2024-11-04,2024-11-04,-04:00,-05:00
ORD-0020241103000706,2024-11-03T14:35:18Z,ESZ4,SELL,2,4568.11,CME,2024-11-04,2024-11-04,-04:00,-05:00
ORD-0020241103000707,2024-11-03T14:35:21Z,NQZ4,SELL,9,4589.84,CME,2024-11-04,2024-11-04,-04:00,-05:00
ORD-0020241103000708,2024-11-03T14:35:24Z,ESZ4,SELL,5,4576.44,CME,2024-11-04,2024-11-04,-04:00,-05:00
ORD-0020241103000709,2024-11-03T14:35:27Z,ESZ4,SELL,1,4572.71,CME,2024-11-04,2024-11-04,-04:00,-05:00
ORD-0020241103000710,2024-11-03T14:35:30Z,NQZ4,SELL,5,4572.9,CME,2024-11-04,2024-11-04,-04:00,-05:00
ORD-0020241103000711,2024-11-03T14:35:33Z,ESZ4,SELL,4,4571.23,CME,2024-11-04,2024-11-04,-04:00,-05:00
ORD-0020241103000712,2024-11-03T14:35:36Z,NQZ4,SELL,8,4548.98,CME,2024-11-04,2024-11-04,-04:00,-05:00
ORD-0020241103000713,2024-11-03T14:35:39Z,ESZ4,SELL,6,4546.15,CME,2024-11-04,2024-11-04,-04:00,-05:00
ORD-0020241103000714,2024-11-03T14:35:42Z,ESZ4,SELL,10,4587.08,CME,2024-11-04,2024-11-04,-04:00,-05:00
ORD-0020241103000715,2024-11-03T14:35:45Z,ESZ4,BUY,8,4572.95,CME,2024-11-04,2024-11-04,-04:00,-05:00
ORD-0020241103000716,2024-11-03T14:35:48Z,ESZ4,SELL,3,4564.52,CME,2024-11-04,2024-11-04,-04:00,-05:00
ORD-0020241103000717,2024-11-03T14:35:51Z,NQZ4,SELL,8,4572.89,CME,2024-11-04,2024-11-04,-04:00,-05:00
ORD-0020241103000718,2024-11-03T14:35:54Z,ESZ4,BUY,6,4555.86,CME,2024-11-04,2024-11-04,-04:00,-05:00
ORD-0020241103000719,2024-11-03T14:35:57Z,NQZ4,BUY,8,4563.12,CME,2024-11-04,2024-11-04,-04:00,-05:00
ORD-0020241103000720,2024-11-03T14:36:00Z,ESZ4,SELL,4,4553.97,CME,2024-11-04,2024-11-04,-04:00,-05:00
ORD-0020241103000721,2024-11-03T14:36:03Z,NQZ4,SELL,5,4569.91,CME,2024-11-04,2024-11-04,-04:00,-05:00
ORD-0020241103000722,2024-11-03T14:36:06Z,NQZ4,SELL,4,4579.17,CME,2024-11-04,2024-11-04,-04:00,-05:00
ORD-0020241103000723,2024-11-03T14:36:09Z,NQZ4,SELL,9,4564.55,CME,2024-11-04,2024-11-04,-04:00,-05:00
ORD-0020241103000724,2024-11-03T14:36:12Z,ESZ4,SELL,10,4549.42,CME,2024-11-04,2024-11-04,-04:00,-05:00
ORD-0020241103000725,2024-11-03T14:36:15Z,NQZ4,BUY,9,4574.9,CME,2024-11-04,2024-11-04,-04:00,-05:00
ORD-0020241103000726,2024-11-03T14:36:18Z,NQZ4,SELL,7,4587.62,CME,2024-11-04,2024-11-04,-04:00,-05:00
ORD-0020241103000727,2024-11-03T14:36:21Z,NQZ4,SELL,9,4587.02,CME,2024-11-04,2024-11-04,-04:00,-05:00
ORD-0020241103000728,2024-11-03T14:36:24Z,ESZ4,SELL,10,4568.19,CME,2024-11-04,2024-11-04,-04:00,-05:00
ORD-0020241103000729,2024-11-03T14:36:27Z,ESZ4,BUY,7,4543.37,CME,2024-11-04,2024-11-04,-04:00,-05:00
ORD-0020241103000730,2024-11-03T14:36:30Z,NQZ4,SELL,4,4582.84,CME,2024-11-04,2024-11-04,-04:00,-05:00
ORD-0020241103000731,2024-11-03T14:36:33Z,ESZ4,BUY,3,4567.09,CME,2024-11-04,2024-11-04,-04:00,-05:00
ORD-0020241103000732,2024-11-03T14:36:36Z,NQZ4,SELL,10,4573.06,CME,2024-11-04,2024-11-04,-04:00,-05:00
ORD-0020241103000733,2024-11-03T14:36:39Z,NQZ4,SELL,9,4555.73,CME,2024-11-04,2024-11-04,-04:00,-05:00
ORD-0020241103000734,2024-11-03T14:36:42Z,ESZ4,BUY,6,4551.79,CME,2024-11-04,2024-11-04,-04:00,-05:00
ORD-0020241103000735,2024-11-03T14:36:45Z,ESZ4,BUY,1,4547.66,CME,2024-11-04,2024-11-04,-04:00,-05:00
ORD-0020241103000736,2024-11-03T14:36:48Z,NQZ4,SELL,1,4540.93,CME,2024-11-04,2024-11-04,-04:00,-05:00
ORD-0020241103000737,2024-11-03T14:36:51Z,NQZ4,SELL,5,4565.99,CME,2024-11-04,2024-11-04,-04:00,-05:00
ORD-0020241103000738,2024-11-03T14:36:54Z,NQZ4,SELL,1,4583.2,CME,2024-11-04,2024-11-04,-04:00,-05:00
ORD-0020241103000739,2024-11-03T14:36:57Z,ESZ4,SELL,3,4557.66,CME,2024-11-04,2024-11-04,-04:00,-05:00
ORD-0020241103000740,2024-11-03T14:37:00Z,NQZ4,SELL,6,4544.03,CME,2024-11-04,2024-11-04,-04:00,-05:00
ORD-0020241103000741,2024-11-03T14:37:03Z,NQZ4,SELL,2,4563.07,CME,2024-11-04,2024-11-04,-04:00,-05:00
ORD-0020241103000742,2024-11-03T14:37:06Z,NQZ4,SELL,6,4551.85,CME,2024-11-04,2024-11-04,-04:00,-05:00
ORD-0020241103000743,2024-11-03T14:37:09Z,NQZ4,BUY,9,4562.34,CME,2024-11-04,2024-11-04,-04:00,-05:00
ORD-0020241103000744,2024-11-03T14:37:12Z,NQZ4,BUY,2,4567.92,CME,2024-11-04,2024-11-04,-04:00,-05:00
ORD-0020241103000745,2024-11-03T14:37:15Z,NQZ4,SELL,1,4575.97,CME,2024-11-04,2024-11-04,-04:00,-05:00
ORD-0020241103000746,2024-11-03T14:37:18Z,ESZ4,SELL,4,4576.17,CME,2024-11-04,2024-11-04,-04:00,-05:00
ORD-0020241103000747,2024-11-03T14:37:21Z,ESZ4,SELL,3,4564.74,CME,2024-11-04,2024-11-04,-04:00,-05:00
ORD-0020241103000748,2024-11-03T14:37:24Z,ESZ4,BUY,1,4579.75,CME,2024-11-04,2024-11-04,-04:00,-05:00
ORD-0020241103000749,2024-11-03T14:37:27Z,ESZ4,SELL,1,4578.71,CME,2024-11-04,2024-11-04,-04:00,-05:00
ORD-0020241103000750,2024-11-03T14:37:30Z,NQZ4,BUY,9,4554.16,CME,2024-11-04,2024-11-04,-04:00,-05:00
ORD-0020241103000751,2024-11-03T14:37:33Z,ESZ4,SELL,9,4565.13,CME,2024-11-04,2024-11-04,-04:00,-05:00
ORD-0020241103000752,2024-11-03T14:37:36Z,NQZ4,SELL,6,4576.31,CME,2024-11-04,2024-11-04,-04:00,-05:00
ORD-0020241103000753,2024-11-03T14:37:39Z,NQZ4,SELL,2,4560.81,CME,2024-11-04,2024-11-04,-04:00,-05:00
ORD-0020241103000754,2024-11-03T14:37:42Z,ESZ4,BUY,5,4548.25,CME,2024-11-04,2024-11-04,-04:00,-05:00
ORD-0020241103000755,2024-11-03T14:37:45Z,NQZ4,SELL,8,4558.65,CME,2024-11-04,2024-11-04,-04:00,-05:00
ORD-0020241103000756,2024-11-03T14:37:48Z,ESZ4,BUY,1,4540.54,CME,2024-11-04,2024-11-04,-04:00,-05:00
ORD-0020241103000757,2024-11-03T14:37:51Z,NQZ4,BUY,10,4564.0,CME,2024-11-04,2024-11-04,-04:00,-05:00
ORD-0020241103000758,2024-11-03T14:37:54Z,ESZ4,BUY,6,4565.86,CME,2024-11-04,2024-11-04,-04:00,-05:00
ORD-0020241103000759,2024-11-03T14:37:57Z,ESZ4,BUY,1,4576.94,CME,2024-11-04,2024-11-04,-04:00,-05:00
ORD-0020241103000760,2024-11-03T14:38:00Z,NQZ4,SELL,10,4571.14,CME,2024-11-04,2024-11-04,-04:00,-05:00
ORD-0020241103000761,2024-11-03T14:38:03Z,ESZ4,BUY,5,4577.45,CME,2024-11-04,2024-11-04,-04:00,-05:00
ORD-0020241103000762,2024-11-03T14:38:06Z,NQZ4,SELL,3,4587.85,CME,2024-11-04,2024-11-04,-04:00,-05:00
ORD-0020241103000763,2024-11-03T14:38:09Z,ESZ4,SELL,7,4570.19,CME,2024-11-04,2024-11-04,-04:00,-05:00
ORD-0020241103000764,2024-11-03T14:38:12Z,NQZ4,BUY,1,4546.33,CME,2024-11-04,2024-11-04,-04:00,-05:00
ORD-0020241103000765,2024-11-03T14:38:15Z,ESZ4,SELL,6,4565.87,CME,2024-11-04,2024-11-04,-04:00,-05:00
ORD-0020241103000766,2024-11-03T14:38:18Z,NQZ4,SELL,7,4545.87,CME,2024-11-04,2024-11-04,-04:00,-05:00
ORD-0020241103000767,2024-11-03T14:38:21Z,NQZ4,BUY,4,4560.56,CME,2024-11-04,2024-11-04,-04:00,-05:00
ORD-0020241103000768,2024-11-03T14:38:24Z,NQZ4,SELL,10,4571.07,CME,2024-11-04,2024-11-04,-04:00,-05:00
ORD-0020241103000769,2024-11-03T14:38:27Z,ESZ4,BUY,2,4589.44,CME,2024-11-04,2024-11-04,-04:00,-05:00
ORD-0020241103000770,2024-11-03T14:38:30Z,ESZ4,SELL,3,4581.96,CME,2024-11-04,2024-11-04,-04:00,-05:00
ORD-0020241103000771,2024-11-03T14:38:33Z,NQZ4,BUY,2,4555.61,CME,2024-11-04,2024-11-04,-04:00,-05:00
ORD-0020241103000772,2024-11-03T14:38:36Z,ESZ4,SELL,5,4542.26,CME,2024-11-04,2024-11-04,-04:00,-05:00
ORD-0020241103000773,2024-11-03T14:38:39Z,ESZ4,BUY,8,4562.84,CME,2024-11-04,2024-11-04,-04:00,-05:00
ORD-0020241103000774,2024-11-03T14:38:42Z,NQZ4,SELL,7,4579.81,CME,2024-11-04,2024-11-04,-04:00,-05:00
ORD-0020241103000775,2024-11-03T14:38:45Z,ESZ4,BUY,6,4581.4,CME,2024-11-04,2024-11-04,-04:00,-05:00
ORD-0020241103000776,2024-11-03T14:38:48Z,NQZ4,BUY,10,4558.43,CME,2024-11-04,2024-11-04,-04:00,-05:00
ORD-0020241103000777,2024-11-03T14:38:51Z,NQZ4,SELL,1,4546.43,CME,2024-11-04,2024-11-04,-04:00,-05:00
ORD-0020241103000778,2024-11-03T14:38:54Z,ESZ4,BUY,3,4569.53,CME,2024-11-04,2024-11-04,-04:00,-05:00
ORD-0020241103000779,2024-11-03T14:38:57Z,NQZ4,SELL,10,4563.21,CME,2024-11-04,2024-11-04,-04:00,-05:00
ORD-0020241103000780,2024-11-03T14:39:00Z,ESZ4,BUY,9,4586.79,CME,2024-11-04,2024-11-04,-04:00,-05:00
ORD-0020241103000781,2024-11-03T14:39:03Z,ESZ4,BUY,1,4542.5,CME,2024-11-04,2024-11-04,-04:00,-05:00
ORD-0020241103000782,2024-11-03T14:39:06Z,NQZ4,BUY,3,4568.99,CME,2024-11-04,2024-11-04,-04:00,-05:00
ORD-0020241103000783,2024-11-03T14:39:09Z,ESZ4,SELL,8,4563.35,CME,2024-11-04,2024-11-04,-04:00,-05:00
ORD-0020241103000784,2024-11-03T14:39:12Z,ESZ4,SELL,5,4579.76,CME,2024-11-04,2024-11-04,-04:00,-05:00
ORD-0020241103000785,2024-11-03T14:39:15Z,ESZ4,BUY,6,4544.21,CME,2024-11-04,2024-11-04,-04:00,-05:00
ORD-0020241103000786,2024-11-03T14:39:18Z,ESZ4,BUY,2,4589.09,CME,2024-11-04,2024-11-04,-04:00,-05:00
ORD-0020241103000787,2024-11-03T14:39:21Z,NQZ4,SELL,6,4554.38,CME,2024-11-04,2024-11-04,-04:00,-05:00
ORD-0020241103000788,2024-11-03T14:39:24Z,NQZ4,BUY,8,4570.61,CME,2024-11-04,2024-11-04,-04:00,-05:00
ORD-0020241103000789,2024-11-03T14:39:27Z,NQZ4,SELL,5,4587.03,CME,2024-11-04,2024-11-04,-04:00,-05:00
ORD-0020241103000790,2024-11-03T14:39:30Z,NQZ4,SELL,3,4567.25,CME,2024-11-04,2024-11-04,-04:00,-05:00
ORD-0020241103000791,2024-11-03T14:39:33Z,ESZ4,BUY,7,4574.89,CME,2024-11-04,2024-11-04,-04:00,-05:00
ORD-0020241103000792,2024-11-03T14:39:36Z,NQZ4,SELL,5,4558.89,CME,2024-11-04,2024-11-04,-04:00,-05:00
ORD-0020241103000793,2024-11-03T14:39:39Z,NQZ4,BUY,7,4563.3,CME,2024-11-04,2024-11-04,-04:00,-05:00
ORD-0020241103000794,2024-11-03T14:39:42Z,NQZ4,BUY,8,4553.64,CME,2024-11-04,2024-11-04,-04:00,-05:00
ORD-0020241103000795,2024-11-03T14:39:45Z,ESZ4,BUY,8,4570.05,CME,2024-11-04,2024-11-04,-04:00,-05:00
ORD-0020241103000796,2024-11-03T14:39:48Z,ESZ4,BUY,6,4557.38,CME,2024-11-04,2024-11-04,-04:00,-05:00
ORD-0020241103000797,2024-11-03T14:39:51Z,NQZ4,SELL,4,4559.68,CME,2024-11-04,2024-11-04,-04:00,-05:00
ORD-0020241103000798,2024-11-03T14:39:54Z,NQZ4,SELL,3,4570.43,CME,2024-11-04,2024-11-04,-04:00,-05:00
ORD-0020241103000799,2024-11-03T14:39:57Z,NQZ4,SELL,5,4543.06,CME,2024-11-04,2024-11-04,-04:00,-05:00
ORD-0020241103000800,2024-11-03T14:40:00Z,NQZ4,BUY,8,4579.84,CME,2024-11-04,2024-11-04,-04:00,-05:00
ORD-0020241103000801,2024-11-03T14:40:03Z,ESZ4,BUY,4,4548.71,CME,2024-11-04,2024-11-04,-04:00,-05:00
ORD-0020241103000802,2024-11-03T14:40:06Z,NQZ4,SELL,6,4540.11,CME,2024-11-04,2024-11-04,-04:00,-05:00
ORD-0020241103000803,2024-11-03T14:40:09Z,NQZ4,BUY,2,4571.23,CME,2024-11-04,2024-11-04,-04:00,-05:00
ORD-0020241103000804,2024-11-03T14:40:12Z,NQZ4,SELL,4,4564.96,CME,2024-11-04,2024-11-04,-04:00,-05:00
ORD-0020241103000805,2024-11-03T14:40:15Z,ESZ4,SELL,6,4554.47,CME,2024-11-04,2024-11-04,-04:00,-05:00
ORD-0020241103000806,2024-11-03T14:40:18Z,NQZ4,SELL,3,4543.07,CME,2024-11-04,2024-11-04,-04:00,-05:00
ORD-0020241103000807,2024-11-03T14:40:21Z,NQZ4,SELL,2,4582.77,CME,2024-11-04,2024-11-04,-04:00,-05:00
ORD-0020241103000808,2024-11-03T14:40:24Z,NQZ4,BUY,3,4540.6,CME,2024-11-04,2024-11-04,-04:00,-05:00
ORD-0020241103000809,2024-11-03T14:40:27Z,ESZ4,BUY,9,4586.11,CME,2024-11-04,2024-11-04,-04:00,-05:00
ORD-0020241103000810,2024-11-03T14:40:30Z,ESZ4,SELL,5,4563.75,CME,2024-11-04,2024-11-04,-04:00,-05:00
ORD-0020241103000811,2024-11-03T14:40:33Z,ESZ4,SELL,5,4564.52,CME,2024-11-04,2024-11-04,-04:00,-05:00
ORD-0020241103000812,2024-11-03T14:40:36Z,ESZ4,BUY,3,4583.53,CME,2024-11-04,2024-11-04,-04:00,-05:00
ORD-0020241103000813,2024-11-03T14:40:39Z,ESZ4,BUY,9,4546.51,CME,2024-11-04,2024-11-04,-04:00,-05:00
ORD-0020241103000814,2024-11-03T14:40:42Z,ESZ4,SELL,3,4561.54,CME,2024-11-04,2024-11-04,-04:00,-05:00
ORD-0020241103000815,2024-11-03T14:40:45Z,ESZ4,BUY,8,4583.44,CME,2024-11-04,2024-11-04,-04:00,-05:00
ORD-0020241103000816,2024-11-03T14:40:48Z,NQZ4,BUY,2,4562.72,CME,2024-11-04,2024-11-04,-04:00,-05:00
ORD-0020241103000817,2024-11-03T14:40:51Z,ESZ4,SELL,4,4550.87,CME,2024-11-04,2024-11-04,-04:00,-05:00
ORD-0020241103000818,2024-11-03T14:40:54Z,ESZ4,SELL,3,4550.88,CME,2024-11-04,2024-11-04,-04:00,-05:00
ORD-0020241103000819,2024-11-03T14:40:57Z,NQZ4,SELL,9,4580.08,CME,2024-11-04,2024-11-04,-04:00,-05:00
ORD-0020241103000820,2024-11-03T14:41:00Z,NQZ4,BUY,7,4558.94,CME,2024-11-04,2024-11-04,-04:00,-05:00
ORD-0020241103000821,2024-11-03T14:41:03Z,ESZ4,SELL,1,4556.68,CME,2024-11-04,2024-11-04,-04:00,-05:00
ORD-0020241103000822,2024-11-03T14:41:06Z,NQZ4,SELL,3,4571.97,CME,2024-11-04,2024-11-04,-04:00,-05:00
ORD-0020241103000823,2024-11-03T14:41:09Z,NQZ4,SELL,5,4557.68,CME,2024-11-04,2024-11-04,-04:00,-05:00
ORD-0020241103000824,2024-11-03T14:41:12Z,ESZ4,SELL,8,4547.04,CME,2024-11-04,2024-11-04,-04:00,-05:00
ORD-0020241103000825,2024-11-03T14:41:15Z,NQZ4,SELL,10,4570.78,CME,2024-11-04,2024-11-04,-04:00,-05:00
ORD-0020241103000826,2024-11-03T14:41:18Z,ESZ4,SELL,5,4557.19,CME,2024-11-04,2024-11-04,-04:00,-05:00
ORD-0020241103000827,2024-11-03T14:41:21Z,NQZ4,BUY,6,4544.74,CME,2024-11-04,2024-11-04,-04:00,-05:00
ORD-0020241103000828,2024-11-03T14:41:24Z,ESZ4,BUY,6,4558.87,CME,2024-11-04,2024-11-04,-04:00,-05:00
ORD-0020241103000829,2024-11-03T14:41:27Z,ESZ4,SELL,7,4584.86,CME,2024-11-04,2024-11-04,-04:00,-05:00
ORD-0020241103000830,2024-11-03T14:41:30Z,NQZ4,SELL,9,4582.27,CME,2024-11-04,2024-11-04,-04:00,-05:00
ORD-0020241103000831,2024-11-03T14:41:33Z,ESZ4,SELL,6,4557.99,CME,2024-11-04,2024-11-04,-04:00,-05:00
ORD-0020241103000832,2024-11-03T14:41:36Z,ESZ4,SELL,9,4560.12,CME,2024-11-04,2024-11-04,-04:00,-05:00
ORD-0020241103000833,2024-11-03T14:41:39Z,NQZ4,SELL,4,4580.12,CME,2024-11-04,2024-11-04,-04:00,-05:00
ORD-0020241103000834,2024-11-03T14:41:42Z,ESZ4,SELL,3,4549.46,CME,2024-11-04,2024-11-04,-04:00,-05:00
ORD-0020241103000835,2024-11-03T14:41:45Z,NQZ4,SELL,8,4540.84,CME,2024-11-04,2024-11-04,-04:00,-05:00
ORD-0020241103000836,2024-11-03T14:41:48Z,NQZ4,SELL,5,4544.45,CME,2024-11-04,2024-11-04,-04:00,-05:00
ORD-0020241103000837,2024-11-03T14:41:51Z,ESZ4,BUY,10,4572.57,CME,2024-11-04,2024-11-04,-04:00,-05:00
ORD-0020241103000838,2024-11-03T14:41:54Z,NQZ4,SELL,10,4555.34,CME,2024-11-04,2024-11-04,-04:00,-05:00
ORD-0020241103000839,2024-11-03T14:41:57Z,NQZ4,SELL,10,4565.96,CME,2024-11-04,2024-11-04,-04:00,-05:00
ORD-0020241103000840,2024-11-03T14:42:00Z,NQZ4,SELL,6,4541.84,CME,2024-11-04,2024-11-04,-04:00,-05:00
ORD-0020241103000841,2024-11-03T14:42:03Z,NQZ4,SELL,1,4540.44,CME,2024-11-04,2024-11-04,-04:00,-05:00
ORD-0020241103000842,2024-11-03T14:42:06Z,NQZ4,SELL,10,4556.21,CME,2024-11-04,2024-11-04,-04:00,-05:00
ORD-0020241103000843,2024-11-03T14:42:09Z,ESZ4,SELL,10,4541.36,CME,2024-11-04,2024-11-04,-04:00,-05:00
ORD-0020241103000844,2024-11-03T14:42:12Z,ESZ4,BUY,5,4578.11,CME,2024-11-04,2024-11-04,-04:00,-05:00
ORD-0020241103000845,2024-11-03T14:42:15Z,NQZ4,BUY,9,4562.7,CME,2024-11-04,2024-11-04,-04:00,-05:00
ORD-0020241103000846,2024-11-03T14:42:18Z,ESZ4,BUY,7,4552.95,CME,2024-11-04,2024-11-04,-04:00,-05:00
ORD-0020241103000847,2024-11-03T14:42:21Z,NQZ4,SELL,3,4589.25,CME,2024-11-04,2024-11-04,-04:00,-05:00
ORD-0020241103000848,2024-11-03T14:42:24Z,ESZ4,SELL,8,4555.12,CME,2024-11-04,2024-11-04,-04:00,-05:00
ORD-0020241103000849,2024-11-03T14:42:27Z,ESZ4,BUY,6,4542.66,CME,2024-11-04,2024-11-04,-04:00,-05:00
ORD-0020241103000850,2024-11-03T14:42:30Z,ESZ4,SELL,1,4580.64,CME,2024-11-04,2024-11-04,-04:00,-05:00
ORD-0020241103000851,2024-11-03T14:42:33Z,ESZ4,SELL,2,4576.58,CME,2024-11-04,2024-11-04,-04:00,-05:00
ORD-0020241103000852,2024-11-03T14:42:36Z,ESZ4,SELL,1,4559.55,CME,2024-11-04,2024-11-04,-04:00,-05:00
ORD-0020241103000853,2024-11-03T14:42:39Z,ESZ4,SELL,1,4587.03,CME,2024-11-04,2024-11-04,-04:00,-05:00
ORD-0020241103000854,2024-11-03T14:42:42Z,NQZ4,SELL,3,4556.28,CME,2024-11-04,2024-11-04,-04:00,-05:00
ORD-0020241103000855,2024-11-03T14:42:45Z,ESZ4,BUY,4,4541.41,CME,2024-11-04,2024-11-04,-04:00,-05:00
ORD-0020241103000856,2024-11-03T14:42:48Z,ESZ4,BUY,8,4564.92,CME,2024-11-04,2024-11-04,-04:00,-05:00
ORD-0020241103000857,2024-11-03T14:42:51Z,NQZ4,SELL,6,4568.54,CME,2024-11-04,2024-11-04,-04:00,-05:00
ORD-0020241103000858,2024-11-03T14:42:54Z,NQZ4,BUY,8,4571.85,CME,2024-11-04,2024-11-04,-04:00,-05:00
ORD-0020241103000859,2024-11-03T14:42:57Z,ESZ4,SELL,7,4585.02,CME,2024-11-04,2024-11-04,-04:00,-05:00
ORD-0020241103000860,2024-11-03T14:43:00Z,NQZ4,BUY,1,4559.15,CME,2024-11-04,2024-11-04,-04:00,-05:00
ORD-0020241103000861,2024-11-03T14:43:03Z,NQZ4,SELL,2,4559.06,CME,2024-11-04,2024-11-04,-04:00,-05:00
ORD-0020241103000862,2024-11-03T14:43:06Z,ESZ4,SELL,4,4550.33,CME,2024-11-04,2024-11-04,-04:00,-05:00
ORD-0020241103000863,2024-11-03T14:43:09Z,NQZ4,BUY,6,4577.76,CME,2024-11-04,2024-11-04,-04:00,-05:00
ORD-0020241103000864,2024-11-03T14:43:12Z,NQZ4,BUY,7,4557.62,CME,2024-11-04,2024-11-04,-04:00,-05:00
ORD-0020241103000865,2024-11-03T14:43:15Z,ESZ4,BUY,10,4587.47,CME,2024-11-04,2024-11-04,-04:00,-05:00
ORD-0020241103000866,2024-11-03T14:43:18Z,ESZ4,SELL,5,4578.19,CME,2024-11-04,2024-11-04,-04:00,-05:00
ORD-0020241103000867,2024-11-03T14:43:21Z,NQZ4,BUY,7,4543.71,CME,2024-11-04,2024-11-04,-04:00,-05:00
ORD-0020241103000868,2024-11-03T14:43:24Z,NQZ4,SELL,4,4558.93,CME,2024-11-04,2024-11-04,-04:00,-05:00
ORD-0020241103000869,2024-11-03T14:43:27Z,NQZ4,BUY,3,4589.15,CME,2024-11-04,2024-11-04,-04:00,-05:00
ORD-0020241103000870,2024-11-03T14:43:30Z,NQZ4,BUY,7,4575.59,CME,2024-11-04,2024-11-04,-04:00,-05:00
ORD-0020241103000871,2024-11-03T14:43:33Z,NQZ4,BUY,8,4581.22,CME,2024-11-04,2024-11-04,-04:00,-05:00
ORD-0020241103000872,2024-11-03T14:43:36Z,NQZ4,BUY,5,4581.8,CME,2024-11-04,2024-11-04,-04:00,-05:00
ORD-0020241103000873,2024-11-03T14:43:39Z,ESZ4,SELL,2,4567.38,CME,2024-11-04,2024-11-04,-04:00,-05:00
ORD-0020241103000874,2024-11-03T14:43:42Z,ESZ4,SELL,7,4541.56,CME,2024-11-04,2024-11-04,-04:00,-05:00
ORD-0020241103000875,2024-11-03T14:43:45Z,ESZ4,BUY,4,4551.5,CME,2024-11-04,2024-11-04,-04:00,-05:00
ORD-0020241103000876,2024-11-03T14:43:48Z,NQZ4,BUY,5,4580.68,CME,2024-11-04,2024-11-04,-04:00,-05:00
ORD-0020241103000877,2024-11-03T14:43:51Z,ESZ4,SELL,7,4556.24,CME,2024-11-04,2024-11-04,-04:00,-05:00
ORD-0020241103000878,2024-11-03T14:43:54Z,ESZ4,BUY,5,4549.31,CME,2024-11-04,2024-11-04,-04:00,-05:00
ORD-0020241103000879,2024-11-03T14:43:57Z,NQZ4,SELL,3,4568.99,CME,2024-11-04,2024-11-04,-04:00,-05:00
ORD-0020241103000880,2024-11-03T14:44:00Z,NQZ4,SELL,4,4553.13,CME,2024-11-04,2024-11-04,-04:00,-05:00
ORD-0020241103000881,2024-11-03T14:44:03Z,ESZ4,BUY,9,4574.38,CME,2024-11-04,2024-11-04,-04:00,-05:00
ORD-0020241103000882,2024-11-03T14:44:06Z,NQZ4,SELL,5,4580.12,CME,2024-11-04,2024-11-04,-04:00,-05:00
ORD-0020241103000883,2024-11-03T14:44:09Z,NQZ4,BUY,6,4557.74,CME,2024-11-04,2024-11-04,-04:00,-05:00
ORD-0020241103000884,2024-11-03T14:44:12Z,NQZ4,SELL,10,4541.58,CME,2024-11-04,2024-11-04,-04:00,-05:00
ORD-0020241103000885,2024-11-03T14:44:15Z,NQZ4,BUY,2,4583.5,CME,2024-11-04,2024-11-04,-04:00,-05:00
ORD-0020241103000886,2024-11-03T14:44:18Z,NQZ4,BUY,1,4569.24,CME,2024-11-04,2024-11-04,-04:00,-05:00
ORD-0020241103000887,2024-11-03T14:44:21Z,ESZ4,BUY,6,4540.12,CME,2024-11-04,2024-11-04,-04:00,-05:00
ORD-0020241103000888,2024-11-03T14:44:24Z,NQZ4,BUY,2,4570.67,CME,2024-11-04,2024-11-04,-04:00,-05:00
ORD-0020241103000889,2024-11-03T14:44:27Z,ESZ4,BUY,4,4585.44,CME,2024-11-04,2024-11-04,-04:00,-05:00
ORD-0020241103000890,2024-11-03T14:44:30Z,NQZ4,SELL,7,4546.45,CME,2024-11-04,2024-11-04,-04:00,-05:00
ORD-0020241103000891,2024-11-03T14:44:33Z,ESZ4,SELL,6,4547.48,CME,2024-11-04,2024-11-04,-04:00,-05:00
ORD-0020241103000892,2024-11-03T14:44:36Z,NQZ4,SELL,9,4558.26,CME,2024-11-04,2024-11-04,-04:00,-05:00
ORD-0020241103000893,2024-11-03T14:44:39Z,ESZ4,BUY,8,4585.35,CME,2024-11-04,2024-11-04,-04:00,-05:00
ORD-0020241103000894,2024-11-03T14:44:42Z,NQZ4,BUY,10,4547.16,CME,2024-11-04,2024-11-04,-04:00,-05:00
ORD-0020241103000895,2024-11-03T14:44:45Z,ESZ4,BUY,3,4562.29,CME,2024-11-04,2024-11-04,-04:00,-05:00
ORD-0020241103000896,2024-11-03T14:44:48Z,NQZ4,SELL,5,4571.89,CME,2024-11-04,2024-11-04,-04:00,-05:00
ORD-0020241103000897,2024-11-03T14:44:51Z,ESZ4,SELL,5,4583.43,CME,2024-11-04,2024-11-04,-04:00,-05:00
ORD-0020241103000898,2024-11-03T14:44:54Z,ESZ4,BUY,4,4579.32,CME,2024-11-04,2024-11-04,-04:00,-05:00
ORD-0020241103000899,2024-11-03T14:44:57Z,NQZ4,BUY,1,4574.02,CME,2024-11-04,2024-11-04,-04:00,-05:00
ORD-0020241103000900,2024-11-03T14:45:00Z,ESZ4,SELL,2,4584.83,CME,2024-11-04,2024-11-04,-04:00,-05:00
ORD-0020241103000901,2024-11-03T14:45:03Z,NQZ4,SELL,8,4575.0,CME,2024-11-04,2024-11-04,-04:00,-05:00
ORD-0020241103000902,2024-11-03T14:45:06Z,ESZ4,BUY,4,4558.97,CME,2024-11-04,2024-11-04,-04:00,-05:00
ORD-0020241103000903,2024-11-03T14:45:09Z,NQZ4,BUY,6,4583.42,CME,2024-11-04,2024-11-04,-04:00,-05:00
ORD-0020241103000904,2024-11-03T14:45:12Z,NQZ4,BUY,10,4542.78,CME,2024-11-04,2024-11-04,-04:00,-05:00
ORD-0020241103000905,2024-11-03T14:45:15Z,ESZ4,BUY,3,4549.18,CME,2024-11-04,2024-11-04,-04:00,-05:00
ORD-0020241103000906,2024-11-03T14:45:18Z,NQZ4,BUY,4,4585.4,CME,2024-11-04,2024-11-04,-04:00,-05:00
ORD-0020241103000907,2024-11-03T14:45:21Z,NQZ4,BUY,7,4551.73,CME,2024-11-04,2024-11-04,-04:00,-05:00
ORD-0020241103000908,2024-11-03T14:45:24Z,ESZ4,SELL,5,4547.4,CME,2024-11-04,2024-11-04,-04:00,-05:00
ORD-0020241103000909,2024-11-03T14:45:27Z,NQZ4,BUY,9,4578.33,CME,2024-11-04,2024-11-04,-04:00,-05:00
ORD-0020241103000910,2024-11-03T14:45:30Z,ESZ4,BUY,5,4556.96,CME,2024-11-04,2024-11-04,-04:00,-05:00
ORD-0020241103000911,2024-11-03T14:45:33Z,NQZ4,BUY,3,4553.25,CME,2024-11-04,2024-11-04,-04:00,-05:00
ORD-0020241103000912,2024-11-03T14:45:36Z,ESZ4,SELL,9,4568.32,CME,2024-11-04,2024-11-04,-04:00,-05:00
ORD-0020241103000913,2024-11-03T14:45:39Z,ESZ4,SELL,6,4570.72,CME,2024-11-04,2024-11-04,-04:00,-05:00
ORD-0020241103000914,2024-11-03T14:45:42Z,NQZ4,SELL,7,4559.72,CME,2024-11-04,2024-11-04,-04:00,-05:00
ORD-0020241103000915,2024-11-03T14:45:45Z,ESZ4,BUY,10,4576.55,CME,2024-11-04,2024-11-04,-04:00,-05:00
ORD-0020241103000916,2024-11-03T14:45:48Z,NQZ4,BUY,7,4555.69,CME,2024-11-04,2024-11-04,-04:00,-05:00
ORD-0020241103000917,2024-11-03T14:45:51Z,ESZ4,BUY,4,4580.84,CME,2024-11-04,2024-11-04,-04:00,-05:00
ORD-0020241103000918,2024-11-03T14:45:54Z,ESZ4,BUY,8,4589.15,CME,2024-11-04,2024-11-04,-04:00,-05:00
ORD-0020241103000919,2024-11-03T14:45:57Z,ESZ4,BUY,1,4577.5,CME,2024-11-04,2024-11-04,-04:00,-05:00
ORD-0020241103000920,2024-11-03T14:46:00Z,NQZ4,BUY,7,4543.33,CME,2024-11-04,2024-11-04,-04:00,-05:00
ORD-0020241103000921,2024-11-03T14:46:03Z,ESZ4,BUY,7,4586.15,CME,2024-11-04,2024-11-04,-04:00,-05:00
ORD-0020241103000922,2024-11-03T14:46:06Z,ESZ4,BUY,4,4576.16,CME,2024-11-04,2024-11-04,-04:00,-05:00
ORD-0020241103000923,2024-11-03T14:46:09Z,ESZ4,SELL,7,4560.2,CME,2024-11-04,2024-11-04,-04:00,-05:00
ORD-0020241103000924,2024-11-03T14:46:12Z,NQZ4,SELL,6,4543.85,CME,2024-11-04,2024-11-04,-04:00,-05:00
ORD-0020241103000925,2024-11-03T14:46:15Z,NQZ4,BUY,9,4546.9,CME,2024-11-04,2024-11-04,-04:00,-05:00
ORD-0020241103000926,2024-11-03T14:46:18Z,ESZ4,SELL,4,4540.59,CME,2024-11-04,2024-11-04,-04:00,-05:00
ORD-0020241103000927,2024-11-03T14:46:21Z,ESZ4,BUY,1,4576.82,CME,2024-11-04,2024-11-04,-04:00,-05:00
ORD-0020241103000928,2024-11-03T14:46:24Z,ESZ4,BUY,5,4551.23,CME,2024-11-04,2024-11-04,-04:00,-05:00
ORD-0020241103000929,2024-11-03T14:46:27Z,NQZ4,BUY,8,4545.94,CME,2024-11-04,2024-11-04,-04:00,-05:00
ORD-0020241103000930,2024-11-03T14:46:30Z,NQZ4,BUY,3,4558.22,CME,2024-11-04,2024-11-04,-04:00,-05:00
ORD-0020241103000931,2024-11-03T14:46:33Z,NQZ4,SELL,5,4578.52,CME,2024-11-04,2024-11-04,-04:00,-05:00
ORD-0020241103000932,2024-11-03T14:46:36Z,ESZ4,SELL,5,4573.49,CME,2024-11-04,2024-11-04,-04:00,-05:00
ORD-0020241103000933,2024-11-03T14:46:39Z,ESZ4,SELL,7,4546.15,CME,2024-11-04,2024-11-04,-04:00,-05:00
ORD-0020241103000934,2024-11-03T14:46:42Z,NQZ4,SELL,2,4551.25,CME,2024-11-04,2024-11-04,-04:00,-05:00
ORD-0020241103000935,2024-11-03T14:46:45Z,NQZ4,BUY,8,4556.84,CME,2024-11-04,2024-11-04,-04:00,-05:00
ORD-0020241103000936,2024-11-03T14:46:48Z,ESZ4,SELL,6,4582.36,CME,2024-11-04,2024-11-04,-04:00,-05:00
ORD-0020241103000937,2024-11-03T14:46:51Z,NQZ4,SELL,2,4548.75,CME,2024-11-04,2024-11-04,-04:00,-05:00
ORD-0020241103000938,2024-11-03T14:46:54Z,ESZ4,BUY,1,4558.95,CME,2024-11-04,2024-11-04,-04:00,-05:00
ORD-0020241103000939,2024-11-03T14:46:57Z,NQZ4,BUY,7,4575.42,CME,2024-11-04,2024-11-04,-04:00,-05:00
ORD-0020241103000940,2024-11-03T14:47:00Z,ESZ4,SELL,3,4562.89,CME,2024-11-04,2024-11-04,-04:00,-05:00
ORD-0020241103000941,2024-11-03T14:47:03Z,ESZ4,SELL,3,4588.67,CME,2024-11-04,2024-11-04,-04:00,-05:00
ORD-0020241103000942,2024-11-03T14:47:06Z,ESZ4,SELL,2,4579.54,CME,2024-11-04,2024-11-04,-04:00,-05:00
ORD-0020241103000943,2024-11-03T14:47:09Z,ESZ4,BUY,4,4574.15,CME,2024-11-04,2024-11-04,-04:00,-05:00
ORD-0020241103000944,2024-11-03T14:47:12Z,ESZ4,SELL,4,4553.11,CME,2024-11-04,2024-11-04,-04:00,-05:00
ORD-0020241103000945,2024-11-03T14:47:15Z,NQZ4,SELL,7,4543.49,CME,2024-11-04,2024-11-04,-04:00,-05:00
ORD-0020241103000946,2024-11-03T14:47:18Z,ESZ4,SELL,4,4548.17,CME,2024-11-04,2024-11-04,-04:00,-05:00
ORD-0020241103000947,2024-11-03T14:47:21Z,NQZ4,BUY,4,4556.68,CME,2024-11-04,2024-11-04,-04:00,-05:00
ORD-0020241103000948,2024-11-03T14:47:24Z,ESZ4,BUY,10,4579.4,CME,2024-11-04,2024-11-04,-04:00,-05:00
ORD-0020241103000949,2024-11-03T14:47:27Z,ESZ4,SELL,4,4587.42,CME,2024-11-04,2024-11-04,-04:00,-05:00
ORD-0020241103000950,2024-11-03T14:47:30Z,ESZ4,SELL,6,4553.21,CME,2024-11-04,2024-11-04,-04:00,-05:00
ORD-0020241103000951,2024-11-03T14:47:33Z,NQZ4,SELL,8,4583.03,CME,2024-11-04,2024-11-04,-04:00,-05:00
ORD-0020241103000952,2024-11-03T14:47:36Z,NQZ4,SELL,6,4583.59,CME,2024-11-04,2024-11-04,-04:00,-05:00
ORD-0020241103000953,2024-11-03T14:47:39Z,ESZ4,SELL,4,4560.29,CME,2024-11-04,2024-11-04,-04:00,-05:00
ORD-0020241103000954,2024-11-03T14:47:42Z,NQZ4,BUY,7,4553.27,CME,2024-11-04,2024-11-04,-04:00,-05:00
ORD-0020241103000955,2024-11-03T14:47:45Z,NQZ4,SELL,2,4573.79,CME,2024-11-04,2024-11-04,-04:00,-05:00
ORD-0020241103000956,2024-11-03T14:47:48Z,ESZ4,BUY,10,4582.65,CME,2024-11-04,2024-11-04,-04:00,-05:00
ORD-0020241103000957,2024-11-03T14:47:51Z,NQZ4,BUY,3,4557.62,CME,2024-11-04,2024-11-04,-04:00,-05:00
ORD-0020241103000958,2024-11-03T14:47:54Z,ESZ4,SELL,6,4573.53,CME,2024-11-04,2024-11-04,-04:00,-05:00
ORD-0020241103000959,2024-11-03T14:47:57Z,ESZ4,BUY,2,4562.78,CME,2024-11-04,2024-11-04,-04:00,-05:00
ORD-0020241103000960,2024-11-03T14:48:00Z,ESZ4,BUY,1,4543.6,CME,2024-11-04,2024-11-04,-04:00,-05:00
ORD-0020241103000961,2024-11-03T14:48:03Z,ESZ4,SELL,3,4567.63,CME,2024-11-04,2024-11-04,-04:00,-05:00
ORD-0020241103000962,2024-11-03T14:48:06Z,ESZ4,SELL,8,4558.34,CME,2024-11-04,2024-11-04,-04:00,-05:00
ORD-0020241103000963,2024-11-03T14:48:09Z,NQZ4,BUY,3,4559.54,CME,2024-11-04,2024-11-04,-04:00,-05:00
ORD-0020241103000964,2024-11-03T14:48:12Z,NQZ4,SELL,2,4558.66,CME,2024-11-04,2024-11-04,-04:00,-05:00
ORD-0020241103000965,2024-11-03T14:48:15Z,ESZ4,BUY,1,4570.14,CME,2024-11-04,2024-11-04,-04:00,-05:00
ORD-0020241103000966,2024-11-03T14:48:18Z,NQZ4,BUY,5,4552.6,CME,2024-11-04,2024-11-04,-04:00,-05:00
ORD-0020241103000967,2024-11-03T14:48:21Z,NQZ4,BUY,5,4570.47,CME,2024-11-04,2024-11-04,-04:00,-05:00
ORD-0020241103000968,2024-11-03T14:48:24Z,NQZ4,BUY,1,4559.87,CME,2024-11-04,2024-11-04,-04:00,-05:00
ORD-0020241103000969,2024-11-03T14:48:27Z,NQZ4,SELL,3,4577.04,CME,2024-11-04,2024-11-04,-04:00,-05:00
ORD-0020241103000970,2024-11-03T14:48:30Z,NQZ4,SELL,2,4574.41,CME,2024-11-04,2024-11-04,-04:00,-05:00
ORD-0020241103000971,2024-11-03T14:48:33Z,ESZ4,SELL,2,4571.93,CME,2024-11-04,2024-11-04,-04:00,-05:00
ORD-0020241103000972,2024-11-03T14:48:36Z,ESZ4,BUY,7,4586.61,CME,2024-11-04,2024-11-04,-04:00,-05:00
ORD-0020241103000973,2024-11-03T14:48:39Z,NQZ4,BUY,3,4580.48,CME,2024-11-04,2024-11-04,-04:00,-05:00
ORD-0020241103000974,2024-11-03T14:48:42Z,ESZ4,SELL,4,4569.37,CME,2024-11-04,2024-11-04,-04:00,-05:00
ORD-0020241103000975,2024-11-03T14:48:45Z,ESZ4,BUY,8,4579.8,CME,2024-11-04,2024-11-04,-04:00,-05:00
ORD-0020241103000976,2024-11-03T14:48:48Z,NQZ4,BUY,9,4584.04,CME,2024-11-04,2024-11-04,-04:00,-05:00
ORD-0020241103000977,2024-11-03T14:48:51Z,NQZ4,SELL,5,4544.2,CME,2024-11-04,2024-11-04,-04:00,-05:00
ORD-0020241103000978,2024-11-03T14:48:54Z,ESZ4,BUY,5,4569.23,CME,2024-11-04,2024-11-04,-04:00,-05:00
ORD-0020241103000979,2024-11-03T14:48:57Z,ESZ4,SELL,8,4582.99,CME,2024-11-04,2024-11-04,-04:00,-05:00
ORD-0020241103000980,2024-11-03T14:49:00Z,NQZ4,BUY,1,4549.68,CME,2024-11-04,2024-11-04,-04:00,-05:00
ORD-0020241103000981,2024-11-03T14:49:03Z,NQZ4,SELL,6,4581.81,CME,2024-11-04,2024-11-04,-04:00,-05:00
ORD-0020241103000982,2024-11-03T14:49:06Z,ESZ4,SELL,5,4587.53,CME,2024-11-04,2024-11-04,-04:00,-05:00
ORD-0020241103000983,2024-11-03T14:49:09Z,NQZ4,SELL,10,4573.19,CME,2024-11-04,2024-11-04,-04:00,-05:00
ORD-0020241103000984,2024-11-03T14:49:12Z,NQZ4,SELL,2,4579.87,CME,2024-11-04,2024-11-04,-04:00,-05:00
ORD-0020241103000985,2024-11-03T14:49:15Z,ESZ4,BUY,5,4576.59,CME,2024-11-04,2024-11-04,-04:00,-05:00
ORD-0020241103000986,2024-11-03T14:49:18Z,ESZ4,BUY,1,4566.35,CME,2024-11-04,2024-11-04,-04:00,-05:00
ORD-0020241103000987,2024-11-03T14:49:21Z,ESZ4,SELL,8,4568.35,CME,2024-11-04,2024-11-04,-04:00,-05:00
ORD-0020241103000988,2024-11-03T14:49:24Z,ESZ4,BUY,7,4589.67,CME,2024-11-04,2024-11-04,-04:00,-05:00
ORD-0020241103000989,2024-11-03T14:49:27Z,ESZ4,SELL,1,4550.81,CME,2024-11-04,2024-11-04,-04:00,-05:00
ORD-0020241103000990,2024-11-03T14:49:30Z,ESZ4,SELL,9,4560.38,CME,2024-11-04,2024-11-04,-04:00,-05:00
ORD-0020241103000991,2024-11-03T14:49:33Z,ESZ4,SELL,5,4571.55,CME,2024-11-04,2024-11-04,-04:00,-05:00
ORD-0020241103000992,2024-11-03T14:49:36Z,ESZ4,BUY,6,4584.2,CME,2024-11-04,2024-11-04,-04:00,-05:00
ORD-0020241103000993,2024-11-03T14:49:39Z,ESZ4,BUY,7,4546.61,CME,2024-11-04,2024-11-04,-04:00,-05:00
ORD-0020241103000994,2024-11-03T14:49:42Z,ESZ4,BUY,9,4580.42,CME,2024-11-04,2024-11-04,-04:00,-05:00
ORD-0020241103000995,2024-11-03T14:49:45Z,ESZ4,BUY,2,4546.35,CME,2024-11-04,2024-11-04,-04:00,-05:00
ORD-0020241103000996,2024-11-03T14:49:48Z,NQZ4,BUY,6,4569.35,CME,2024-11-04,2024-11-04,-04:00,-05:00
ORD-0020241103000997,2024-11-03T14:49:51Z,ESZ4,BUY,4,4551.32,CME,2024-11-04,2024-11-04,-04:00,-05:00
ORD-0020241103000998,2024-11-03T14:49:54Z,NQZ4,SELL,6,4565.44,CME,2024-11-04,2024-11-04,-04:00,-05:00
ORD-0020241103000999,2024-11-03T14:49:57Z,NQZ4,SELL,8,4548.25,CME,2024-11-04,2024-11-04,-04:00,-05:00
ORD-0020241103001000,2024-11-03T14:50:00Z,ESZ4,BUY,2,4540.31,CME,2024-11-04,2024-11-04,-04:00,-05:00
ORD-0020241103001001,2024-11-03T14:50:03Z,ESZ4,SELL,8,4551.62,CME,2024-11-04,2024-11-04,-04:00,-05:00
ORD-0020241103001002,2024-11-03T14:50:06Z,NQZ4,BUY,7,4543.48,CME,2024-11-04,2024-11-04,-04:00,-05:00
ORD-0020241103001003,2024-11-03T14:50:09Z,NQZ4,SELL,5,4569.46,CME,2024-11-04,2024-11-04,-04:00,-05:00
ORD-0020241103001004,2024-11-03T14:50:12Z,ESZ4,BUY,2,4571.79,CME,2024-11-04,2024-11-04,-04:00,-05:00
ORD-0020241103001005,2024-11-03T14:50:15Z,ESZ4,SELL,5,4559.3,CME,2024-11-04,2024-11-04,-04:00,-05:00
ORD-0020241103001006,2024-11-03T14:50:18Z,ESZ4,BUY,5,4568.34,CME,2024-11-04,2024-11-04,-04:00,-05:00
ORD-0020241103001007,2024-11-03T14:50:21Z,ESZ4,BUY,10,4586.09,CME,2024-11-04,2024-11-04,-04:00,-05:00
ORD-0020241103001008,2024-11-03T14:50:24Z,ESZ4,SELL,9,4586.7,CME,2024-11-04,2024-11-04,-04:00,-05:00
ORD-0020241103001009,2024-11-03T14:50:27Z,ESZ4,SELL,3,4555.97,CME,2024-11-04,2024-11-04,-04:00,-05:00
ORD-0020241103001010,2024-11-03T14:50:30Z,NQZ4,SELL,7,4543.08,CME,2024-11-04,2024-11-04,-04:00,-05:00
ORD-0020241103001011,2024-11-03T14:50:33Z,ESZ4,SELL,8,4554.7,CME,2024-11-04,2024-11-04,-04:00,-05:00
ORD-0020241103001012,2024-11-03T14:50:36Z,NQZ4,SELL,8,4588.39,CME,2024-11-04,2024-11-04,-04:00,-05:00
ORD-0020241103001013,2024-11-03T14:50:39Z,NQZ4,BUY,1,4552.6,CME,2024-11-04,2024-11-04,-04:00,-05:00
ORD-0020241103001014,2024-11-03T14:50:42Z,ESZ4,SELL,6,4582.61,CME,2024-11-04,2024-11-04,-04:00,-05:00
ORD-0020241103001015,2024-11-03T14:50:45Z,ESZ4,SELL,10,4579.98,CME,2024-11-04,2024-11-04,-04:00,-05:00
ORD-0020241103001016,2024-11-03T14:50:48Z,ESZ4,BUY,2,4564.59,CME,2024-11-04,2024-11-04,-04:00,-05:00
ORD-0020241103001017,2024-11-03T14:50:51Z,ESZ4,SELL,9,4545.98,CME,2024-11-04,2024-11-04,-04:00,-05:00
ORD-0020241103001018,2024-11-03T14:50:54Z,NQZ4,BUY,5,4582.7,CME,2024-11-04,2024-11-04,-04:00,-05:00
ORD-0020241103001019,2024-11-03T14:50:57Z,NQZ4,SELL,2,4550.03,CME,2024-11-04,2024-11-04,-04:00,-05:00
ORD-0020241103001020,2024-11-03T14:51:00Z,ESZ4,SELL,1,4558.31,CME,2024-11-04,2024-11-04,-04:00,-05:00
ORD-0020241103001021,2024-11-03T14:51:03Z,NQZ4,SELL,9,4567.19,CME,2024-11-04,2024-11-04,-04:00,-05:00
ORD-0020241103001022,2024-11-03T14:51:06Z,NQZ4,BUY,8,4581.69,CME,2024-11-04,2024-11-04,-04:00,-05:00
ORD-0020241103001023,2024-11-03T14:51:09Z,NQZ4,SELL,9,4569.92,CME,2024-11-04,2024-11-04,-04:00,-05:00
ORD-0020241103001024,2024-11-03T14:51:12Z,ESZ4,SELL,8,4573.46,CME,2024-11-04,2024-11-04,-04:00,-05:00
ORD-0020241103001025,2024-11-03T14:51:15Z,ESZ4,SELL,6,4541.97,CME,2024-11-04,2024-11-04,-04:00,-05:00
ORD-0020241103001026,2024-11-03T14:51:18Z,ESZ4,SELL,9,4565.48,CME,2024-11-04,2024-11-04,-04:00,-05:00
ORD-0020241103001027,2024-11-03T14:51:21Z,NQZ4,SELL,5,4574.24,CME,2024-11-04,2024-11-04,-04:00,-05:00
ORD-0020241103001028,2024-11-03T14:51:24Z,NQZ4,SELL,10,4564.87,CME,2024-11-04,2024-11-04,-04:00,-05:00
ORD-0020241103001029,2024-11-03T14:51:27Z,NQZ4,SELL,3,4561.32,CME,2024-11-04,2024-11-04,-04:00,-05:00
ORD-0020241103001030,2024-11-03T14:51:30Z,ESZ4,BUY,3,4578.47,CME,2024-11-04,2024-11-04,-04:00,-05:00
ORD-0020241103001031,2024-11-03T14:51:33Z,NQZ4,BUY,6,4584.57,CME,2024-11-04,2024-11-04,-04:00,-05:00
ORD-0020241103001032,2024-11-03T14:51:36Z,NQZ4,BUY,6,4542.56,CME,2024-11-04,2024-11-04,-04:00,-05:00
ORD-0020241103001033,2024-11-03T14:51:39Z,NQZ4,BUY,6,4566.43,CME,2024-11-04,2024-11-04,-04:00,-05:00
ORD-0020241103001034,2024-11-03T14:51:42Z,ESZ4,SELL,2,4581.37,CME,2024-11-04,2024-11-04,-04:00,-05:00
ORD-0020241103001035,2024-11-03T14:51:45Z,NQZ4,BUY,10,4589.19,CME,2024-11-04,2024-11-04,-04:00,-05:00
ORD-0020241103001036,2024-11-03T14:51:48Z,NQZ4,BUY,8,4556.64,CME,2024-11-04,2024-11-04,-04:00,-05:00
ORD-0020241103001037,2024-11-03T14:51:51Z,NQZ4,SELL,10,4564.61,CME,2024-11-04,2024-11-04,-04:00,-05:00
ORD-0020241103001038,2024-11-03T14:51:54Z,ESZ4,BUY,2,4575.79,CME,2024-11-04,2024-11-04,-04:00,-05:00
ORD-0020241103001039,2024-11-03T14:51:57Z,ESZ4,SELL,6,4557.98,CME,2024-11-04,2024-11-04,-04:00,-05:00
ORD-0020241103001040,2024-11-03T14:52:00Z,ESZ4,BUY,7,4570.77,CME,2024-11-04,2024-11-04,-04:00,-05:00
ORD-0020241103001041,2024-11-03T14:52:03Z,NQZ4,BUY,10,4583.21,CME,2024-11-04,2024-11-04,-04:00,-05:00
ORD-0020241103001042,2024-11-03T14:52:06Z,ESZ4,SELL,1,4567.25,CME,2024-11-04,2024-11-04,-04:00,-05:00
ORD-0020241103001043,2024-11-03T14:52:09Z,ESZ4,BUY,1,4568.06,CME,2024-11-04,2024-11-04,-04:00,-05:00
ORD-0020241103001044,2024-11-03T14:52:12Z,ESZ4,BUY,1,4549.2,CME,2024-11-04,2024-11-04,-04:00,-05:00
ORD-0020241103001045,2024-11-03T14:52:15Z,ESZ4,BUY,2,4555.84,CME,2024-11-04,2024-11-04,-04:00,-05:00
ORD-0020241103001046,2024-11-03T14:52:18Z,NQZ4,SELL,5,4540.94,CME,2024-11-04,2024-11-04,-04:00,-05:00
ORD-0020241103001047,2024-11-03T14:52:21Z,ESZ4,BUY,3,4554.84,CME,2024-11-04,2024-11-04,-04:00,-05:00
ORD-0020241103001048,2024-11-03T14:52:24Z,NQZ4,SELL,3,4565.37,CME,2024-11-04,2024-11-04,-04:00,-05:00
ORD-0020241103001049,2024-11-03T14:52:27Z,NQZ4,SELL,8,4558.09,CME,2024-11-04,2024-11-04,-04:00,-05:00
ORD-0020241103001050,2024-11-03T14:52:30Z,ESZ4,SELL,3,4571.76,CME,2024-11-04,2024-11-04,-04:00,-05:00
ORD-0020241103001051,2024-11-03T14:52:33Z,NQZ4,SELL,10,4559.76,CME,2024-11-04,2024-11-04,-04:00,-05:00
ORD-0020241103001052,2024-11-03T14:52:36Z,NQZ4,BUY,2,4553.36,CME,2024-11-04,2024-11-04,-04:00,-05:00
ORD-0020241103001053,2024-11-03T14:52:39Z,ESZ4,SELL,9,4547.56,CME,2024-11-04,2024-11-04,-04:00,-05:00
ORD-0020241103001054,2024-11-03T14:52:42Z,ESZ4,SELL,1,4569.43,CME,2024-11-04,2024-11-04,-04:00,-05:00
ORD-0020241103001055,2024-11-03T14:52:45Z,NQZ4,BUY,3,4580.16,CME,2024-11-04,2024-11-04,-04:00,-05:00
ORD-0020241103001056,2024-11-03T14:52:48Z,ESZ4,BUY,3,4550.91,CME,2024-11-04,2024-11-04,-04:00,-05:00
ORD-0020241103001057,2024-11-03T14:52:51Z,NQZ4,SELL,4,4559.59,CME,2024-11-04,2024-11-04,-04:00,-05:00
ORD-0020241103001058,2024-11-03T14:52:54Z,NQZ4,SELL,7,4561.58,CME,2024-11-04,2024-11-04,-04:00,-05:00
ORD-0020241103001059,2024-11-03T14:52:57Z,ESZ4,BUY,1,4575.77,CME,2024-11-04,2024-11-04,-04:00,-05:00
ORD-0020241103001060,2024-11-03T14:53:00Z,ESZ4,BUY,3,4544.31,CME,2024-11-04,2024-11-04,-04:00,-05:00
ORD-0020241103001061,2024-11-03T14:53:03Z,ESZ4,SELL,10,4548.95,CME,2024-11-04,2024-11-04,-04:00,-05:00
ORD-0020241103001062,2024-11-03T14:53:06Z,NQZ4,SELL,9,4555.07,CME,2024-11-04,2024-11-04,-04:00,-05:00
ORD-0020241103001063,2024-11-03T14:53:09Z,NQZ4,BUY,2,4569.44,CME,2024-11-04,2024-11-04,-04:00,-05:00
ORD-0020241103001064,2024-11-03T14:53:12Z,NQZ4,SELL,10,4558.29,CME,2024-11-04,2024-11-04,-04:00,-05:00
ORD-0020241103001065,2024-11-03T14:53:15Z,ESZ4,SELL,1,4565.62,CME,2024-11-04,2024-11-04,-04:00,-05:00
ORD-0020241103001066,2024-11-03T14:53:18Z,NQZ4,BUY,9,4578.11,CME,2024-11-04,2024-11-04,-04:00,-05:00
ORD-0020241103001067,2024-11-03T14:53:21Z,ESZ4,BUY,6,4569.28,CME,2024-11-04,2024-11-04,-04:00,-05:00
ORD-0020241103001068,2024-11-03T14:53:24Z,NQZ4,SELL,6,4540.16,CME,2024-11-04,2024-11-04,-04:00,-05:00
ORD-0020241103001069,2024-11-03T14:53:27Z,NQZ4,BUY,9,4574.27,CME,2024-11-04,2024-11-04,-04:00,-05:00
ORD-0020241103001070,2024-11-03T14:53:30Z,ESZ4,BUY,5,4577.27,CME,2024-11-04,2024-11-04,-04:00,-05:00
ORD-0020241103001071,2024-11-03T14:53:33Z,ESZ4,SELL,4,4587.96,CME,2024-11-04,2024-11-04,-04:00,-05:00
ORD-0020241103001072,2024-11-03T14:53:36Z,ESZ4,SELL,1,4587.76,CME,2024-11-04,2024-11-04,-04:00,-05:00
ORD-0020241103001073,2024-11-03T14:53:39Z,NQZ4,SELL,9,4540.35,CME,2024-11-04,2024-11-04,-04:00,-05:00
ORD-0020241103001074,2024-11-03T14:53:42Z,ESZ4,BUY,3,4575.47,CME,2024-11-04,2024-11-04,-04:00,-05:00
ORD-0020241103001075,2024-11-03T14:53:45Z,NQZ4,BUY,3,4584.25,CME,2024-11-04,2024-11-04,-04:00,-05:00
ORD-0020241103001076,2024-11-03T14:53:48Z,NQZ4,SELL,8,4546.79,CME,2024-11-04,2024-11-04,-04:00,-05:00
ORD-0020241103001077,2024-11-03T14:53:51Z,ESZ4,BUY,5,4584.07,CME,2024-11-04,2024-11-04,-04:00,-05:00
ORD-0020241103001078,2024-11-03T14:53:54Z,ESZ4,BUY,8,4568.6,CME,2024-11-04,2024-11-04,-04:00,-05:00
ORD-0020241103001079,2024-11-03T14:53:57Z,NQZ4,BUY,4,4552.06,CME,2024-11-04,2024-11-04,-04:00,-05:00
ORD-0020241103001080,2024-11-03T14:54:00Z,NQZ4,SELL,8,4573.54,CME,2024-11-04,2024-11-04,-04:00,-05:00
ORD-0020241103001081,2024-11-03T14:54:03Z,ESZ4,BUY,5,4565.1,CME,2024-11-04,2024-11-04,-04:00,-05:00
ORD-0020241103001082,2024-11-03T14:54:06Z,NQZ4,SELL,4,4550.35,CME,2024-11-04,2024-11-04,-04:00,-05:00
ORD-0020241103001083,2024-11-03T14:54:09Z,NQZ4,BUY,4,4586.68,CME,2024-11-04,2024-11-04,-04:00,-05:00
ORD-0020241103001084,2024-11-03T14:54:12Z,NQZ4,SELL,10,4563.52,CME,2024-11-04,2024-11-04,-04:00,-05:00
ORD-0020241103001085,2024-11-03T14:54:15Z,ESZ4,SELL,4,4568.75,CME,2024-11-04,2024-11-04,-04:00,-05:00
ORD-0020241103001086,2024-11-03T14:54:18Z,ESZ4,BUY,8,4569.6,CME,2024-11-04,2024-11-04,-04:00,-05:00
ORD-0020241103001087,2024-11-03T14:54:21Z,NQZ4,SELL,6,4564.49,CME,2024-11-04,2024-11-04,-04:00,-05:00
ORD-0020241103001088,2024-11-03T14:54:24Z,ESZ4,SELL,4,4585.86,CME,2024-11-04,2024-11-04,-04:00,-05:00
ORD-0020241103001089,2024-11-03T14:54:27Z,NQZ4,BUY,3,4571.49,CME,2024-11-04,2024-11-04,-04:00,-05:00
ORD-0020241103001090,2024-11-03T14:54:30Z,NQZ4,SELL,6,4555.58,CME,2024-11-04,2024-11-04,-04:00,-05:00
ORD-0020241103001091,2024-11-03T14:54:33Z,NQZ4,SELL,8,4570.32,CME,2024-11-04,2024-11-04,-04:00,-05:00
ORD-0020241103001092,2024-11-03T14:54:36Z,NQZ4,BUY,8,4553.34,CME,2024-11-04,2024-11-04,-04:00,-05:00
ORD-0020241103001093,2024-11-03T14:54:39Z,ESZ4,SELL,2,4578.72,CME,2024-11-04,2024-11-04,-04:00,-05:00
ORD-0020241103001094,2024-11-03T14:54:42Z,ESZ4,SELL,7,4548.8,CME,2024-11-04,2024-11-04,-04:00,-05:00
ORD-0020241103001095,2024-11-03T14:54:45Z,NQZ4,BUY,7,4582.57,CME,2024-11-04,2024-11-04,-04:00,-05:00
ORD-0020241103001096,2024-11-03T14:54:48Z,ESZ4,BUY,7,4548.3,CME,2024-11-04,2024-11-04,-04:00,-05:00
ORD-0020241103001097,2024-11-03T14:54:51Z,ESZ4,SELL,7,4543.33,CME,2024-11-04,2024-11-04,-04:00,-05:00
ORD-0020241103001098,2024-11-03T14:54:54Z,ESZ4,BUY,4,4548.36,CME,2024-11-04,2024-11-04,-04:00,-05:00
ORD-0020241103001099,2024-11-03T14:54:57Z,ESZ4,SELL,8,4567.61,CME,2024-11-04,2024-11-04,-04:00,-05:00
ORD-0020241103001100,2024-11-03T14:55:00Z,ESZ4,BUY,6,4582.31,CME,2024-11-04,2024-11-04,-04:00,-05:00
ORD-0020241103001101,2024-11-03T14:55:03Z,NQZ4,BUY,4,4557.23,CME,2024-11-04,2024-11-04,-04:00,-05:00
ORD-0020241103001102,2024-11-03T14:55:06Z,NQZ4,BUY,5,4580.42,CME,2024-11-04,2024-11-04,-04:00,-05:00
ORD-0020241103001103,2024-11-03T14:55:09Z,NQZ4,BUY,4,4584.25,CME,2024-11-04,2024-11-04,-04:00,-05:00
ORD-0020241103001104,2024-11-03T14:55:12Z,ESZ4,BUY,8,4552.55,CME,2024-11-04,2024-11-04,-04:00,-05:00
ORD-0020241103001105,2024-11-03T14:55:15Z,ESZ4,BUY,1,4545.03,CME,2024-11-04,2024-11-04,-04:00,-05:00
ORD-0020241103001106,2024-11-03T14:55:18Z,ESZ4,BUY,6,4564.47,CME,2024-11-04,2024-11-04,-04:00,-05:00
ORD-0020241103001107,2024-11-03T14:55:21Z,NQZ4,BUY,7,4551.98,CME,2024-11-04,2024-11-04,-04:00,-05:00
ORD-0020241103001108,2024-11-03T14:55:24Z,ESZ4,BUY,9,4561.15,CME,2024-11-04,2024-11-04,-04:00,-05:00
ORD-0020241103001109,2024-11-03T14:55:27Z,ESZ4,BUY,2,4580.44,CME,2024-11-04,2024-11-04,-04:00,-05:00
ORD-0020241103001110,2024-11-03T14:55:30Z,ESZ4,SELL,3,4549.28,CME,2024-11-04,2024-11-04,-04:00,-05:00
ORD-0020241103001111,2024-11-03T14:55:33Z,NQZ4,SELL,7,4547.92,CME,2024-11-04,2024-11-04,-04:00,-05:00
ORD-0020241103001112,2024-11-03T14:55:36Z,ESZ4,SELL,1,4542.24,CME,2024-11-04,2024-11-04,-04:00,-05:00
ORD-0020241103001113,2024-11-03T14:55:39Z,NQZ4,SELL,8,4559.45,CME,2024-11-04,2024-11-04,-04:00,-05:00
ORD-0020241103001114,2024-11-03T14:55:42Z,NQZ4,BUY,10,4551.79,CME,2024-11-04,2024-11-04,-04:00,-05:00
ORD-0020241103001115,2024-11-03T14:55:45Z,ESZ4,SELL,8,4542.35,CME,2024-11-04,2024-11-04,-04:00,-05:00
ORD-0020241103001116,2024-11-03T14:55:48Z,ESZ4,SELL,2,4557.91,CME,2024-11-04,2024-11-04,-04:00,-05:00
ORD-0020241103001117,2024-11-03T14:55:51Z,ESZ4,BUY,2,4559.91,CME,2024-11-04,2024-11-04,-04:00,-05:00
ORD-0020241103001118,2024-11-03T14:55:54Z,ESZ4,BUY,3,4572.62,CME,2024-11-04,2024-11-04,-04:00,-05:00
ORD-0020241103001119,2024-11-03T14:55:57Z,ESZ4,BUY,1,4583.28,CME,2024-11-04,2024-11-04,-04:00,-05:00
ORD-0020241103001120,2024-11-03T14:56:00Z,ESZ4,BUY,3,4576.64,CME,2024-11-04,2024-11-04,-04:00,-05:00
ORD-0020241103001121,2024-11-03T14:56:03Z,NQZ4,SELL,2,4557.44,CME,2024-11-04,2024-11-04,-04:00,-05:00
ORD-0020241103001122,2024-11-03T14:56:06Z,NQZ4,BUY,2,4583.05,CME,2024-11-04,2024-11-04,-04:00,-05:00
ORD-0020241103001123,2024-11-03T14:56:09Z,ESZ4,BUY,10,4572.28,CME,2024-11-04,2024-11-04,-04:00,-05:00
ORD-0020241103001124,2024-11-03T14:56:12Z,NQZ4,BUY,1,4559.26,CME,2024-11-04,2024-11-04,-04:00,-05:00
ORD-0020241103001125,2024-11-03T14:56:15Z,NQZ4,BUY,3,4581.39,CME,2024-11-04,2024-11-04,-04:00,-05:00
ORD-0020241103001126,2024-11-03T14:56:18Z,NQZ4,BUY,2,4559.99,CME,2024-11-04,2024-11-04,-04:00,-05:00
ORD-0020241103001127,2024-11-03T14:56:21Z,NQZ4,SELL,9,4554.09,CME,2024-11-04,2024-11-04,-04:00,-05:00
ORD-0020241103001128,2024-11-03T14:56:24Z,NQZ4,BUY,6,4579.15,CME,2024-11-04,2024-11-04,-04:00,-05:00
ORD-0020241103001129,2024-11-03T14:56:27Z,ESZ4,BUY,10,4583.4,CME,2024-11-04,2024-11-04,-04:00,-05:00
ORD-0020241103001130,2024-11-03T14:56:30Z,ESZ4,BUY,5,4588.24,CME,2024-11-04,2024-11-04,-04:00,-05:00
ORD-0020241103001131,2024-11-03T14:56:33Z,ESZ4,SELL,9,4584.68,CME,2024-11-04,2024-11-04,-04:00,-05:00
ORD-0020241103001132,2024-11-03T14:56:36Z,NQZ4,SELL,4,4564.59,CME,2024-11-04,2024-11-04,-04:00,-05:00
ORD-0020241103001133,2024-11-03T14:56:39Z,ESZ4,BUY,8,4549.54,CME,2024-11-04,2024-11-04,-04:00,-05:00
ORD-0020241103001134,2024-11-03T14:56:42Z,ESZ4,SELL,5,4561.67,CME,2024-11-04,2024-11-04,-04:00,-05:00
ORD-0020241103001135,2024-11-03T14:56:45Z,NQZ4,SELL,5,4544.24,CME,2024-11-04,2024-11-04,-04:00,-05:00
ORD-0020241103001136,2024-11-03T14:56:48Z,NQZ4,BUY,5,4575.78,CME,2024-11-04,2024-11-04,-04:00,-05:00
ORD-0020241103001137,2024-11-03T14:56:51Z,NQZ4,SELL,1,4543.81,CME,2024-11-04,2024-11-04,-04:00,-05:00
ORD-0020241103001138,2024-11-03T14:56:54Z,ESZ4,SELL,9,4576.54,CME,2024-11-04,2024-11-04,-04:00,-05:00
ORD-0020241103001139,2024-11-03T14:56:57Z,NQZ4,BUY,2,4568.8,CME,2024-11-04,2024-11-04,-04:00,-05:00
ORD-0020241103001140,2024-11-03T14:57:00Z,ESZ4,SELL,3,4568.77,CME,2024-11-04,2024-11-04,-04:00,-05:00
ORD-0020241103001141,2024-11-03T14:57:03Z,NQZ4,SELL,2,4565.93,CME,2024-11-04,2024-11-04,-04:00,-05:00
ORD-0020241103001142,2024-11-03T14:57:06Z,ESZ4,SELL,6,4570.11,CME,2024-11-04,2024-11-04,-04:00,-05:00
ORD-0020241103001143,2024-11-03T14:57:09Z,NQZ4,SELL,1,4554.96,CME,2024-11-04,2024-11-04,-04:00,-05:00
ORD-0020241103001144,2024-11-03T14:57:12Z,ESZ4,SELL,9,4571.87,CME,2024-11-04,2024-11-04,-04:00,-05:00
ORD-0020241103001145,2024-11-03T14:57:15Z,NQZ4,BUY,5,4560.35,CME,2024-11-04,2024-11-04,-04:00,-05:00
ORD-0020241103001146,2024-11-03T14:57:18Z,NQZ4,BUY,5,4571.73,CME,2024-11-04,2024-11-04,-04:00,-05:00
ORD-0020241103001147,2024-11-03T14:57:21Z,ESZ4,BUY,2,4586.3,CME,2024-11-04,2024-11-04,-04:00,-05:00
ORD-0020241103001148,2024-11-03T14:57:24Z,ESZ4,BUY,2,4561.93,CME,2024-11-04,2024-11-04,-04:00,-05:00
ORD-0020241103001149,2024-11-03T14:57:27Z,NQZ4,SELL,6,4545.55,CME,2024-11-04,2024-11-04,-04:00,-05:00
ORD-0020241103001150,2024-11-03T14:57:30Z,ESZ4,BUY,8,4566.97,CME,2024-11-04,2024-11-04,-04:00,-05:00
ORD-0020241103001151,2024-11-03T14:57:33Z,ESZ4,SELL,7,4557.72,CME,2024-11-04,2024-11-04,-04:00,-05:00
ORD-0020241103001152,2024-11-03T14:57:36Z,ESZ4,SELL,7,4547.78,CME,2024-11-04,2024-11-04,-04:00,-05:00
ORD-0020241103001153,2024-11-03T14:57:39Z,NQZ4,SELL,6,4540.54,CME,2024-11-04,2024-11-04,-04:00,-05:00
ORD-0020241103001154,2024-11-03T14:57:42Z,ESZ4,SELL,3,4574.64,CME,2024-11-04,2024-11-04,-04:00,-05:00
ORD-0020241103001155,2024-11-03T14:57:45Z,NQZ4,SELL,4,4571.62,CME,2024-11-04,2024-11-04,-04:00,-05:00
ORD-0020241103001156,2024-11-03T14:57:48Z,NQZ4,BUY,3,4564.08,CME,2024-11-04,2024-11-04,-04:00,-05:00
ORD-0020241103001157,2024-11-03T14:57:51Z,ESZ4,BUY,6,4570.29,CME,2024-11-04,2024-11-04,-04:00,-05:00
ORD-0020241103001158,2024-11-03T14:57:54Z,ESZ4,BUY,2,4587.56,CME,2024-11-04,2024-11-04,-04:00,-05:00
ORD-0020241103001159,2024-11-03T14:57:57Z,ESZ4,BUY,10,4554.4,CME,2024-11-04,2024-11-04,-04:00,-05:00
ORD-0020241103001160,2024-11-03T14:58:00Z,NQZ4,SELL,5,4572.76,CME,2024-11-04,2024-11-04,-04:00,-05:00
ORD-0020241103001161,2024-11-03T14:58:03Z,NQZ4,BUY,7,4568.05,CME,2024-11-04,2024-11-04,-04:00,-05:00
ORD-0020241103001162,2024-11-03T14:58:06Z,NQZ4,SELL,9,4553.25,CME,2024-11-04,2024-11-04,-04:00,-05:00
ORD-0020241103001163,2024-11-03T14:58:09Z,NQZ4,SELL,5,4566.79,CME,2024-11-04,2024-11-04,-04:00,-05:00
ORD-0020241103001164,2024-11-03T14:58:12Z,NQZ4,SELL,9,4572.39,CME,2024-11-04,2024-11-04,-04:00,-05:00
ORD-0020241103001165,2024-11-03T14:58:15Z,NQZ4,BUY,4,4578.65,CME,2024-11-04,2024-11-04,-04:00,-05:00
ORD-0020241103001166,2024-11-03T14:58:18Z,ESZ4,BUY,2,4562.32,CME,2024-11-04,2024-11-04,-04:00,-05:00
ORD-0020241103001167,2024-11-03T14:58:21Z,NQZ4,BUY,8,4540.95,CME,2024-11-04,2024-11-04,-04:00,-05:00
ORD-0020241103001168,2024-11-03T14:58:24Z,ESZ4,BUY,3,4563.14,CME,2024-11-04,2024-11-04,-04:00,-05:00
ORD-0020241103001169,2024-11-03T14:58:27Z,NQZ4,SELL,9,4588.18,CME,2024-11-04,2024-11-04,-04:00,-05:00
ORD-0020241103001170,2024-11-03T14:58:30Z,ESZ4,BUY,5,4586.95,CME,2024-11-04,2024-11-04,-04:00,-05:00
ORD-0020241103001171,2024-11-03T14:58:33Z,NQZ4,BUY,3,4588.25,CME,2024-11-04,2024-11-04,-04:00,-05:00
ORD-0020241103001172,2024-11-03T14:58:36Z,ESZ4,SELL,1,4587.9,CME,2024-11-04,2024-11-04,-04:00,-05:00
ORD-0020241103001173,2024-11-03T14:58:39Z,NQZ4,BUY,2,4559.01,CME,2024-11-04,2024-11-04,-04:00,-05:00
ORD-0020241103001174,2024-11-03T14:58:42Z,ESZ4,BUY,6,4587.24,CME,2024-11-04,2024-11-04,-04:00,-05:00
ORD-0020241103001175,2024-11-03T14:58:45Z,ESZ4,BUY,1,4565.41,CME,2024-11-04,2024-11-04,-04:00,-05:00
ORD-0020241103001176,2024-11-03T14:58:48Z,NQZ4,BUY,9,4556.69,CME,2024-11-04,2024-11-04,-04:00,-05:00
ORD-0020241103001177,2024-11-03T14:58:51Z,NQZ4,SELL,4,4559.0,CME,2024-11-04,2024-11-04,-04:00,-05:00
ORD-0020241103001178,2024-11-03T14:58:54Z,NQZ4,SELL,3,4568.32,CME,2024-11-04,2024-11-04,-04:00,-05:00
ORD-0020241103001179,2024-11-03T14:58:57Z,ESZ4,SELL,1,4569.73,CME,2024-11-04,2024-11-04,-04:00,-05:00
ORD-0020241103001180,2024-11-03T14:59:00Z,ESZ4,BUY,2,4547.82,CME,2024-11-04,2024-11-04,-04:00,-05:00
ORD-0020241103001181,2024-11-03T14:59:03Z,ESZ4,BUY,10,4561.82,CME,2024-11-04,2024-11-04,-04:00,-05:00
ORD-0020241103001182,2024-11-03T14:59:06Z,NQZ4,BUY,8,4585.66,CME,2024-11-04,2024-11-04,-04:00,-05:00
ORD-0020241103001183,2024-11-03T14:59:09Z,NQZ4,SELL,8,4566.49,CME,2024-11-04,2024-11-04,-04:00,-05:00
ORD-0020241103001184,2024-11-03T14:59:12Z,NQZ4,SELL,5,4542.72,CME,2024-11-04,2024-11-04,-04:00,-05:00
ORD-0020241103001185,2024-11-03T14:59:15Z,ESZ4,SELL,5,4560.78,CME,2024-11-04,2024-11-04,-04:00,-05:00
ORD-0020241103001186,2024-11-03T14:59:18Z,ESZ4,BUY,1,4569.43,CME,2024-11-04,2024-11-04,-04:00,-05:00
ORD-0020241103001187,2024-11-03T14:59:21Z,ESZ4,SELL,7,4576.06,CME,2024-11-04,2024-11-04,-04:00,-05:00
ORD-0020241103001188,2024-11-03T14:59:24Z,ESZ4,BUY,5,4582.29,CME,2024-11-04,2024-11-04,-04:00,-05:00
ORD-0020241103001189,2024-11-03T14:59:27Z,NQZ4,BUY,1,4548.65,CME,2024-11-04,2024-11-04,-04:00,-05:00
ORD-0020241103001190,2024-11-03T14:59:30Z,NQZ4,SELL,10,4587.04,CME,2024-11-04,2024-11-04,-04:00,-05:00
ORD-0020241103001191,2024-11-03T14:59:33Z,NQZ4,BUY,5,4576.61,CME,2024-11-04,2024-11-04,-04:00,-05:00
ORD-0020241103001192,2024-11-03T14:59:36Z,NQZ4,BUY,9,4541.86,CME,2024-11-04,2024-11-04,-04:00,-05:00
ORD-0020241103001193,2024-11-03T14:59:39Z,ESZ4,SELL,3,4587.64,CME,2024-11-04,2024-11-04,-04:00,-05:00
ORD-0020241103001194,2024-11-03T14:59:42Z,ESZ4,BUY,1,4569.05,CME,2024-11-04,2024-11-04,-04:00,-05:00
ORD-0020241103001195,2024-11-03T14:59:45Z,ESZ4,SELL,6,4575.49,CME,2024-11-04,2024-11-04,-04:00,-05:00
ORD-0020241103001196,2024-11-03T14:59:48Z,NQZ4,BUY,4,4552.13,CME,2024-11-04,2024-11-04,-04:00,-05:00
ORD-0020241103001197,2024-11-03T14:59:51Z,NQZ4,SELL,9,4551.18,CME,2024-11-04,2024-11-04,-04:00,-05:00
ORD-0020241103001198,2024-11-03T14:59:54Z,ESZ4,BUY,5,4574.13,CME,2024-11-04,2024-11-04,-04:00,-05:00
ORD-0020241103001199,2024-11-03T14:59:57Z,ESZ4,SELL,9,4574.04,CME,2024-11-04,2024-11-04,-04:00,-05:00
