# ClearRoute EU Clearing Log — 2026-03-28 (CEST)
# Timezone: All times in CEST (UTC+2). Europe already in summer time.
# Batch rejection events and reconciliation alarm visible here.
# Reconciliation alarm at 11:15 CEST = 09:15 UTC (detection time).

2026-03-28T08:00:00 [CEST] [CLEARING] settlement_id=SETL-0006000001 order_id_ref=ORD-01300001 received_ts_cet=2026-03-28T08:00:00 received_ts_utc_inferred=2026-03-28T06:00:00Z cut_off_status=WITHIN_WINDOW
2026-03-28T08:00:10 [CEST] [CLEARING] settlement_id=SETL-0006000002 order_id_ref=ORD-01300002 received_ts_cet=2026-03-28T08:00:10 received_ts_utc_inferred=2026-03-28T06:00:10Z cut_off_status=REJECTED rejection_reason=TIMESTAMP_AFTER_CUTOFF
2026-03-28T08:00:21 [CEST] [CLEARING] settlement_id=SETL-0006000003 order_id_ref=ORD-01300003 received_ts_cet=2026-03-28T08:00:21 received_ts_utc_inferred=2026-03-28T06:00:21Z cut_off_status=WITHIN_WINDOW
2026-03-28T08:00:31 [CEST] [CLEARING] settlement_id=SETL-0006000004 order_id_ref=ORD-01300004 received_ts_cet=2026-03-28T08:00:31 received_ts_utc_inferred=2026-03-28T06:00:31Z cut_off_status=WITHIN_WINDOW
2026-03-28T08:00:34 [CEST] [CLEARING] settlement_id=SETL-0006000005 order_id_ref=ORD-01300005 received_ts_cet=2026-03-28T08:00:34 received_ts_utc_inferred=2026-03-28T06:00:34Z cut_off_status=WITHIN_WINDOW
2026-03-28T08:00:42 [CEST] [CLEARING] settlement_id=SETL-0006000006 order_id_ref=ORD-01300006 received_ts_cet=2026-03-28T08:00:42 received_ts_utc_inferred=2026-03-28T06:00:42Z cut_off_status=WITHIN_WINDOW
2026-03-28T08:00:49 [CEST] [CLEARING] settlement_id=SETL-0006000007 order_id_ref=ORD-01300007 received_ts_cet=2026-03-28T08:00:49 received_ts_utc_inferred=2026-03-28T06:00:49Z cut_off_status=WITHIN_WINDOW
2026-03-28T08:00:54 [CEST] [CLEARING] settlement_id=SETL-0006000008 order_id_ref=ORD-01300008 received_ts_cet=2026-03-28T08:00:54 received_ts_utc_inferred=2026-03-28T06:00:54Z cut_off_status=WITHIN_WINDOW
2026-03-28T08:01:02 [CEST] [CLEARING] settlement_id=SETL-0006000009 order_id_ref=ORD-01300009 received_ts_cet=2026-03-28T08:01:02 received_ts_utc_inferred=2026-03-28T06:01:02Z cut_off_status=WITHIN_WINDOW
2026-03-28T08:01:12 [CEST] [CLEARING] settlement_id=SETL-0006000010 order_id_ref=ORD-01300010 received_ts_cet=2026-03-28T08:01:12 received_ts_utc_inferred=2026-03-28T06:01:12Z cut_off_status=WITHIN_WINDOW
2026-03-28T08:01:18 [CEST] [CLEARING] settlement_id=SETL-0006000011 order_id_ref=ORD-01300011 received_ts_cet=2026-03-28T08:01:18 received_ts_utc_inferred=2026-03-28T06:01:18Z cut_off_status=WITHIN_WINDOW
2026-03-28T08:01:23 [CEST] [CLEARING] settlement_id=SETL-0006000012 order_id_ref=ORD-01300012 received_ts_cet=2026-03-28T08:01:23 received_ts_utc_inferred=2026-03-28T06:01:23Z cut_off_status=WITHIN_WINDOW
2026-03-28T08:01:34 [CEST] [CLEARING] settlement_id=SETL-0006000013 order_id_ref=ORD-01300013 received_ts_cet=2026-03-28T08:01:34 received_ts_utc_inferred=2026-03-28T06:01:34Z cut_off_status=WITHIN_WINDOW
2026-03-28T08:01:45 [CEST] [CLEARING] settlement_id=SETL-0006000014 order_id_ref=ORD-01300014 received_ts_cet=2026-03-28T08:01:45 received_ts_utc_inferred=2026-03-28T06:01:45Z cut_off_status=REJECTED rejection_reason=TIMESTAMP_AFTER_CUTOFF
2026-03-28T08:01:48 [CEST] [CLEARING] settlement_id=SETL-0006000015 order_id_ref=ORD-01300015 received_ts_cet=2026-03-28T08:01:48 received_ts_utc_inferred=2026-03-28T06:01:48Z cut_off_status=WITHIN_WINDOW
2026-03-28T08:01:55 [CEST] [CLEARING] settlement_id=SETL-0006000016 order_id_ref=ORD-01300016 received_ts_cet=2026-03-28T08:01:55 received_ts_utc_inferred=2026-03-28T06:01:55Z cut_off_status=WITHIN_WINDOW
2026-03-28T08:01:59 [CEST] [CLEARING] settlement_id=SETL-0006000017 order_id_ref=ORD-01300017 received_ts_cet=2026-03-28T08:01:59 received_ts_utc_inferred=2026-03-28T06:01:59Z cut_off_status=REJECTED rejection_reason=TIMESTAMP_AFTER_CUTOFF
2026-03-28T08:02:08 [CEST] [CLEARING] settlement_id=SETL-0006000018 order_id_ref=ORD-01300018 received_ts_cet=2026-03-28T08:02:08 received_ts_utc_inferred=2026-03-28T06:02:08Z cut_off_status=REJECTED rejection_reason=TIMESTAMP_AFTER_CUTOFF
2026-03-28T08:02:14 [CEST] [CLEARING] settlement_id=SETL-0006000019 order_id_ref=ORD-01300019 received_ts_cet=2026-03-28T08:02:14 received_ts_utc_inferred=2026-03-28T06:02:14Z cut_off_status=WITHIN_WINDOW
2026-03-28T08:02:17 [CEST] [CLEARING] settlement_id=SETL-0006000020 order_id_ref=ORD-01300020 received_ts_cet=2026-03-28T08:02:17 received_ts_utc_inferred=2026-03-28T06:02:17Z cut_off_status=REJECTED rejection_reason=TIMESTAMP_AFTER_CUTOFF
2026-03-28T08:02:27 [CEST] [CLEARING] settlement_id=SETL-0006000021 order_id_ref=ORD-01300021 received_ts_cet=2026-03-28T08:02:27 received_ts_utc_inferred=2026-03-28T06:02:27Z cut_off_status=WITHIN_WINDOW
2026-03-28T08:02:35 [CEST] [CLEARING] settlement_id=SETL-0006000022 order_id_ref=ORD-01300022 received_ts_cet=2026-03-28T08:02:35 received_ts_utc_inferred=2026-03-28T06:02:35Z cut_off_status=WITHIN_WINDOW
2026-03-28T08:02:40 [CEST] [CLEARING] settlement_id=SETL-0006000023 order_id_ref=ORD-01300023 received_ts_cet=2026-03-28T08:02:40 received_ts_utc_inferred=2026-03-28T06:02:40Z cut_off_status=WITHIN_WINDOW
2026-03-28T08:02:43 [CEST] [CLEARING] settlement_id=SETL-0006000024 order_id_ref=ORD-01300024 received_ts_cet=2026-03-28T08:02:43 received_ts_utc_inferred=2026-03-28T06:02:43Z cut_off_status=WITHIN_WINDOW
2026-03-28T08:02:46 [CEST] [CLEARING] settlement_id=SETL-0006000025 order_id_ref=ORD-01300025 received_ts_cet=2026-03-28T08:02:46 received_ts_utc_inferred=2026-03-28T06:02:46Z cut_off_status=REJECTED rejection_reason=TIMESTAMP_AFTER_CUTOFF
2026-03-28T08:02:55 [CEST] [CLEARING] settlement_id=SETL-0006000026 order_id_ref=ORD-01300026 received_ts_cet=2026-03-28T08:02:55 received_ts_utc_inferred=2026-03-28T06:02:55Z cut_off_status=WITHIN_WINDOW
2026-03-28T08:03:02 [CEST] [CLEARING] settlement_id=SETL-0006000027 order_id_ref=ORD-01300027 received_ts_cet=2026-03-28T08:03:02 received_ts_utc_inferred=2026-03-28T06:03:02Z cut_off_status=WITHIN_WINDOW
2026-03-28T08:03:05 [CEST] [CLEARING] settlement_id=SETL-0006000028 order_id_ref=ORD-01300028 received_ts_cet=2026-03-28T08:03:05 received_ts_utc_inferred=2026-03-28T06:03:05Z cut_off_status=REJECTED rejection_reason=TIMESTAMP_AFTER_CUTOFF
2026-03-28T08:03:14 [CEST] [CLEARING] settlement_id=SETL-0006000029 order_id_ref=ORD-01300029 received_ts_cet=2026-03-28T08:03:14 received_ts_utc_inferred=2026-03-28T06:03:14Z cut_off_status=WITHIN_WINDOW
2026-03-28T08:03:19 [CEST] [CLEARING] settlement_id=SETL-0006000030 order_id_ref=ORD-01300030 received_ts_cet=2026-03-28T08:03:19 received_ts_utc_inferred=2026-03-28T06:03:19Z cut_off_status=WITHIN_WINDOW
2026-03-28T08:03:30 [CEST] [CLEARING] settlement_id=SETL-0006000031 order_id_ref=ORD-01300031 received_ts_cet=2026-03-28T08:03:30 received_ts_utc_inferred=2026-03-28T06:03:30Z cut_off_status=WITHIN_WINDOW
2026-03-28T08:03:38 [CEST] [CLEARING] settlement_id=SETL-0006000032 order_id_ref=ORD-01300032 received_ts_cet=2026-03-28T08:03:38 received_ts_utc_inferred=2026-03-28T06:03:38Z cut_off_status=WITHIN_WINDOW
2026-03-28T08:03:48 [CEST] [CLEARING] settlement_id=SETL-0006000033 order_id_ref=ORD-01300033 received_ts_cet=2026-03-28T08:03:48 received_ts_utc_inferred=2026-03-28T06:03:48Z cut_off_status=WITHIN_WINDOW
2026-03-28T08:03:59 [CEST] [CLEARING] settlement_id=SETL-0006000034 order_id_ref=ORD-01300034 received_ts_cet=2026-03-28T08:03:59 received_ts_utc_inferred=2026-03-28T06:03:59Z cut_off_status=REJECTED rejection_reason=TIMESTAMP_AFTER_CUTOFF
2026-03-28T08:04:07 [CEST] [CLEARING] settlement_id=SETL-0006000035 order_id_ref=ORD-01300035 received_ts_cet=2026-03-28T08:04:07 received_ts_utc_inferred=2026-03-28T06:04:07Z cut_off_status=WITHIN_WINDOW
2026-03-28T08:04:17 [CEST] [CLEARING] settlement_id=SETL-0006000036 order_id_ref=ORD-01300036 received_ts_cet=2026-03-28T08:04:17 received_ts_utc_inferred=2026-03-28T06:04:17Z cut_off_status=WITHIN_WINDOW
2026-03-28T08:04:29 [CEST] [CLEARING] settlement_id=SETL-0006000037 order_id_ref=ORD-01300037 received_ts_cet=2026-03-28T08:04:29 received_ts_utc_inferred=2026-03-28T06:04:29Z cut_off_status=WITHIN_WINDOW
2026-03-28T08:04:33 [CEST] [CLEARING] settlement_id=SETL-0006000038 order_id_ref=ORD-01300038 received_ts_cet=2026-03-28T08:04:33 received_ts_utc_inferred=2026-03-28T06:04:33Z cut_off_status=REJECTED rejection_reason=TIMESTAMP_AFTER_CUTOFF
2026-03-28T08:04:37 [CEST] [CLEARING] settlement_id=SETL-0006000039 order_id_ref=ORD-01300039 received_ts_cet=2026-03-28T08:04:37 received_ts_utc_inferred=2026-03-28T06:04:37Z cut_off_status=REJECTED rejection_reason=TIMESTAMP_AFTER_CUTOFF
2026-03-28T08:04:46 [CEST] [CLEARING] settlement_id=SETL-0006000040 order_id_ref=ORD-01300040 received_ts_cet=2026-03-28T08:04:46 received_ts_utc_inferred=2026-03-28T06:04:46Z cut_off_status=WITHIN_WINDOW
2026-03-28T08:04:53 [CEST] [CLEARING] settlement_id=SETL-0006000041 order_id_ref=ORD-01300041 received_ts_cet=2026-03-28T08:04:53 received_ts_utc_inferred=2026-03-28T06:04:53Z cut_off_status=WITHIN_WINDOW
2026-03-28T08:05:02 [CEST] [CLEARING] settlement_id=SETL-0006000042 order_id_ref=ORD-01300042 received_ts_cet=2026-03-28T08:05:02 received_ts_utc_inferred=2026-03-28T06:05:02Z cut_off_status=WITHIN_WINDOW
2026-03-28T08:05:12 [CEST] [CLEARING] settlement_id=SETL-0006000043 order_id_ref=ORD-01300043 received_ts_cet=2026-03-28T08:05:12 received_ts_utc_inferred=2026-03-28T06:05:12Z cut_off_status=WITHIN_WINDOW
2026-03-28T08:05:19 [CEST] [CLEARING] settlement_id=SETL-0006000044 order_id_ref=ORD-01300044 received_ts_cet=2026-03-28T08:05:19 received_ts_utc_inferred=2026-03-28T06:05:19Z cut_off_status=WITHIN_WINDOW
2026-03-28T08:05:25 [CEST] [CLEARING] settlement_id=SETL-0006000045 order_id_ref=ORD-01300045 received_ts_cet=2026-03-28T08:05:25 received_ts_utc_inferred=2026-03-28T06:05:25Z cut_off_status=REJECTED rejection_reason=TIMESTAMP_AFTER_CUTOFF
2026-03-28T08:05:35 [CEST] [CLEARING] settlement_id=SETL-0006000046 order_id_ref=ORD-01300046 received_ts_cet=2026-03-28T08:05:35 received_ts_utc_inferred=2026-03-28T06:05:35Z cut_off_status=REJECTED rejection_reason=TIMESTAMP_AFTER_CUTOFF
2026-03-28T08:05:41 [CEST] [CLEARING] settlement_id=SETL-0006000047 order_id_ref=ORD-01300047 received_ts_cet=2026-03-28T08:05:41 received_ts_utc_inferred=2026-03-28T06:05:41Z cut_off_status=WITHIN_WINDOW
2026-03-28T08:05:47 [CEST] [CLEARING] settlement_id=SETL-0006000048 order_id_ref=ORD-01300048 received_ts_cet=2026-03-28T08:05:47 received_ts_utc_inferred=2026-03-28T06:05:47Z cut_off_status=WITHIN_WINDOW
2026-03-28T08:05:52 [CEST] [CLEARING] settlement_id=SETL-0006000049 order_id_ref=ORD-01300049 received_ts_cet=2026-03-28T08:05:52 received_ts_utc_inferred=2026-03-28T06:05:52Z cut_off_status=WITHIN_WINDOW
2026-03-28T08:05:59 [CEST] [CLEARING] settlement_id=SETL-0006000050 order_id_ref=ORD-01300050 received_ts_cet=2026-03-28T08:05:59 received_ts_utc_inferred=2026-03-28T06:05:59Z cut_off_status=REJECTED rejection_reason=TIMESTAMP_AFTER_CUTOFF
2026-03-28T08:06:07 [CEST] [CLEARING] settlement_id=SETL-0006000051 order_id_ref=ORD-01300051 received_ts_cet=2026-03-28T08:06:07 received_ts_utc_inferred=2026-03-28T06:06:07Z cut_off_status=REJECTED rejection_reason=TIMESTAMP_AFTER_CUTOFF
2026-03-28T08:06:11 [CEST] [CLEARING] settlement_id=SETL-0006000052 order_id_ref=ORD-01300052 received_ts_cet=2026-03-28T08:06:11 received_ts_utc_inferred=2026-03-28T06:06:11Z cut_off_status=WITHIN_WINDOW
2026-03-28T08:06:17 [CEST] [CLEARING] settlement_id=SETL-0006000053 order_id_ref=ORD-01300053 received_ts_cet=2026-03-28T08:06:17 received_ts_utc_inferred=2026-03-28T06:06:17Z cut_off_status=WITHIN_WINDOW
2026-03-28T08:06:28 [CEST] [CLEARING] settlement_id=SETL-0006000054 order_id_ref=ORD-01300054 received_ts_cet=2026-03-28T08:06:28 received_ts_utc_inferred=2026-03-28T06:06:28Z cut_off_status=REJECTED rejection_reason=TIMESTAMP_AFTER_CUTOFF
2026-03-28T08:06:36 [CEST] [CLEARING] settlement_id=SETL-0006000055 order_id_ref=ORD-01300055 received_ts_cet=2026-03-28T08:06:36 received_ts_utc_inferred=2026-03-28T06:06:36Z cut_off_status=WITHIN_WINDOW
2026-03-28T08:06:42 [CEST] [CLEARING] settlement_id=SETL-0006000056 order_id_ref=ORD-01300056 received_ts_cet=2026-03-28T08:06:42 received_ts_utc_inferred=2026-03-28T06:06:42Z cut_off_status=WITHIN_WINDOW
2026-03-28T08:06:54 [CEST] [CLEARING] settlement_id=SETL-0006000057 order_id_ref=ORD-01300057 received_ts_cet=2026-03-28T08:06:54 received_ts_utc_inferred=2026-03-28T06:06:54Z cut_off_status=REJECTED rejection_reason=TIMESTAMP_AFTER_CUTOFF
2026-03-28T08:07:02 [CEST] [CLEARING] settlement_id=SETL-0006000058 order_id_ref=ORD-01300058 received_ts_cet=2026-03-28T08:07:02 received_ts_utc_inferred=2026-03-28T06:07:02Z cut_off_status=WITHIN_WINDOW
2026-03-28T08:07:07 [CEST] [CLEARING] settlement_id=SETL-0006000059 order_id_ref=ORD-01300059 received_ts_cet=2026-03-28T08:07:07 received_ts_utc_inferred=2026-03-28T06:07:07Z cut_off_status=WITHIN_WINDOW
2026-03-28T08:07:11 [CEST] [CLEARING] settlement_id=SETL-0006000060 order_id_ref=ORD-01300060 received_ts_cet=2026-03-28T08:07:11 received_ts_utc_inferred=2026-03-28T06:07:11Z cut_off_status=WITHIN_WINDOW
2026-03-28T08:07:22 [CEST] [CLEARING] settlement_id=SETL-0006000061 order_id_ref=ORD-01300061 received_ts_cet=2026-03-28T08:07:22 received_ts_utc_inferred=2026-03-28T06:07:22Z cut_off_status=REJECTED rejection_reason=TIMESTAMP_AFTER_CUTOFF
2026-03-28T08:07:31 [CEST] [CLEARING] settlement_id=SETL-0006000062 order_id_ref=ORD-01300062 received_ts_cet=2026-03-28T08:07:31 received_ts_utc_inferred=2026-03-28T06:07:31Z cut_off_status=WITHIN_WINDOW
2026-03-28T08:07:40 [CEST] [CLEARING] settlement_id=SETL-0006000063 order_id_ref=ORD-01300063 received_ts_cet=2026-03-28T08:07:40 received_ts_utc_inferred=2026-03-28T06:07:40Z cut_off_status=REJECTED rejection_reason=TIMESTAMP_AFTER_CUTOFF
2026-03-28T08:07:50 [CEST] [CLEARING] settlement_id=SETL-0006000064 order_id_ref=ORD-01300064 received_ts_cet=2026-03-28T08:07:50 received_ts_utc_inferred=2026-03-28T06:07:50Z cut_off_status=WITHIN_WINDOW
2026-03-28T08:07:59 [CEST] [CLEARING] settlement_id=SETL-0006000065 order_id_ref=ORD-01300065 received_ts_cet=2026-03-28T08:07:59 received_ts_utc_inferred=2026-03-28T06:07:59Z cut_off_status=WITHIN_WINDOW
2026-03-28T08:08:11 [CEST] [CLEARING] settlement_id=SETL-0006000066 order_id_ref=ORD-01300066 received_ts_cet=2026-03-28T08:08:11 received_ts_utc_inferred=2026-03-28T06:08:11Z cut_off_status=WITHIN_WINDOW
2026-03-28T08:08:14 [CEST] [CLEARING] settlement_id=SETL-0006000067 order_id_ref=ORD-01300067 received_ts_cet=2026-03-28T08:08:14 received_ts_utc_inferred=2026-03-28T06:08:14Z cut_off_status=WITHIN_WINDOW
2026-03-28T08:08:21 [CEST] [CLEARING] settlement_id=SETL-0006000068 order_id_ref=ORD-01300068 received_ts_cet=2026-03-28T08:08:21 received_ts_utc_inferred=2026-03-28T06:08:21Z cut_off_status=REJECTED rejection_reason=TIMESTAMP_AFTER_CUTOFF
2026-03-28T08:08:32 [CEST] [CLEARING] settlement_id=SETL-0006000069 order_id_ref=ORD-01300069 received_ts_cet=2026-03-28T08:08:32 received_ts_utc_inferred=2026-03-28T06:08:32Z cut_off_status=WITHIN_WINDOW
2026-03-28T08:08:43 [CEST] [CLEARING] settlement_id=SETL-0006000070 order_id_ref=ORD-01300070 received_ts_cet=2026-03-28T08:08:43 received_ts_utc_inferred=2026-03-28T06:08:43Z cut_off_status=WITHIN_WINDOW
2026-03-28T08:08:46 [CEST] [CLEARING] settlement_id=SETL-0006000071 order_id_ref=ORD-01300071 received_ts_cet=2026-03-28T08:08:46 received_ts_utc_inferred=2026-03-28T06:08:46Z cut_off_status=WITHIN_WINDOW
2026-03-28T08:08:53 [CEST] [CLEARING] settlement_id=SETL-0006000072 order_id_ref=ORD-01300072 received_ts_cet=2026-03-28T08:08:53 received_ts_utc_inferred=2026-03-28T06:08:53Z cut_off_status=WITHIN_WINDOW
2026-03-28T08:09:02 [CEST] [CLEARING] settlement_id=SETL-0006000073 order_id_ref=ORD-01300073 received_ts_cet=2026-03-28T08:09:02 received_ts_utc_inferred=2026-03-28T06:09:02Z cut_off_status=WITHIN_WINDOW
2026-03-28T08:09:05 [CEST] [CLEARING] settlement_id=SETL-0006000074 order_id_ref=ORD-01300074 received_ts_cet=2026-03-28T08:09:05 received_ts_utc_inferred=2026-03-28T06:09:05Z cut_off_status=WITHIN_WINDOW
2026-03-28T08:09:16 [CEST] [CLEARING] settlement_id=SETL-0006000075 order_id_ref=ORD-01300075 received_ts_cet=2026-03-28T08:09:16 received_ts_utc_inferred=2026-03-28T06:09:16Z cut_off_status=REJECTED rejection_reason=TIMESTAMP_AFTER_CUTOFF
2026-03-28T08:09:27 [CEST] [CLEARING] settlement_id=SETL-0006000076 order_id_ref=ORD-01300076 received_ts_cet=2026-03-28T08:09:27 received_ts_utc_inferred=2026-03-28T06:09:27Z cut_off_status=WITHIN_WINDOW
2026-03-28T08:09:37 [CEST] [CLEARING] settlement_id=SETL-0006000077 order_id_ref=ORD-01300077 received_ts_cet=2026-03-28T08:09:37 received_ts_utc_inferred=2026-03-28T06:09:37Z cut_off_status=WITHIN_WINDOW
2026-03-28T08:09:45 [CEST] [CLEARING] settlement_id=SETL-0006000078 order_id_ref=ORD-01300078 received_ts_cet=2026-03-28T08:09:45 received_ts_utc_inferred=2026-03-28T06:09:45Z cut_off_status=WITHIN_WINDOW
2026-03-28T08:09:54 [CEST] [CLEARING] settlement_id=SETL-0006000079 order_id_ref=ORD-01300079 received_ts_cet=2026-03-28T08:09:54 received_ts_utc_inferred=2026-03-28T06:09:54Z cut_off_status=REJECTED rejection_reason=TIMESTAMP_AFTER_CUTOFF
2026-03-28T08:09:57 [CEST] [CLEARING] settlement_id=SETL-0006000080 order_id_ref=ORD-01300080 received_ts_cet=2026-03-28T08:09:57 received_ts_utc_inferred=2026-03-28T06:09:57Z cut_off_status=WITHIN_WINDOW
2026-03-28T08:10:06 [CEST] [CLEARING] settlement_id=SETL-0006000081 order_id_ref=ORD-01300081 received_ts_cet=2026-03-28T08:10:06 received_ts_utc_inferred=2026-03-28T06:10:06Z cut_off_status=REJECTED rejection_reason=TIMESTAMP_AFTER_CUTOFF
2026-03-28T08:10:12 [CEST] [CLEARING] settlement_id=SETL-0006000082 order_id_ref=ORD-01300082 received_ts_cet=2026-03-28T08:10:12 received_ts_utc_inferred=2026-03-28T06:10:12Z cut_off_status=WITHIN_WINDOW
2026-03-28T08:10:21 [CEST] [CLEARING] settlement_id=SETL-0006000083 order_id_ref=ORD-01300083 received_ts_cet=2026-03-28T08:10:21 received_ts_utc_inferred=2026-03-28T06:10:21Z cut_off_status=WITHIN_WINDOW
2026-03-28T08:10:28 [CEST] [CLEARING] settlement_id=SETL-0006000084 order_id_ref=ORD-01300084 received_ts_cet=2026-03-28T08:10:28 received_ts_utc_inferred=2026-03-28T06:10:28Z cut_off_status=WITHIN_WINDOW
2026-03-28T08:10:33 [CEST] [CLEARING] settlement_id=SETL-0006000085 order_id_ref=ORD-01300085 received_ts_cet=2026-03-28T08:10:33 received_ts_utc_inferred=2026-03-28T06:10:33Z cut_off_status=REJECTED rejection_reason=TIMESTAMP_AFTER_CUTOFF
2026-03-28T08:10:40 [CEST] [CLEARING] settlement_id=SETL-0006000086 order_id_ref=ORD-01300086 received_ts_cet=2026-03-28T08:10:40 received_ts_utc_inferred=2026-03-28T06:10:40Z cut_off_status=WITHIN_WINDOW
2026-03-28T08:10:50 [CEST] [CLEARING] settlement_id=SETL-0006000087 order_id_ref=ORD-01300087 received_ts_cet=2026-03-28T08:10:50 received_ts_utc_inferred=2026-03-28T06:10:50Z cut_off_status=WITHIN_WINDOW
2026-03-28T08:11:02 [CEST] [CLEARING] settlement_id=SETL-0006000088 order_id_ref=ORD-01300088 received_ts_cet=2026-03-28T08:11:02 received_ts_utc_inferred=2026-03-28T06:11:02Z cut_off_status=REJECTED rejection_reason=TIMESTAMP_AFTER_CUTOFF
2026-03-28T08:11:08 [CEST] [CLEARING] settlement_id=SETL-0006000089 order_id_ref=ORD-01300089 received_ts_cet=2026-03-28T08:11:08 received_ts_utc_inferred=2026-03-28T06:11:08Z cut_off_status=REJECTED rejection_reason=TIMESTAMP_AFTER_CUTOFF
2026-03-28T08:11:11 [CEST] [CLEARING] settlement_id=SETL-0006000090 order_id_ref=ORD-01300090 received_ts_cet=2026-03-28T08:11:11 received_ts_utc_inferred=2026-03-28T06:11:11Z cut_off_status=REJECTED rejection_reason=TIMESTAMP_AFTER_CUTOFF
2026-03-28T08:11:18 [CEST] [CLEARING] settlement_id=SETL-0006000091 order_id_ref=ORD-01300091 received_ts_cet=2026-03-28T08:11:18 received_ts_utc_inferred=2026-03-28T06:11:18Z cut_off_status=WITHIN_WINDOW
2026-03-28T08:11:24 [CEST] [CLEARING] settlement_id=SETL-0006000092 order_id_ref=ORD-01300092 received_ts_cet=2026-03-28T08:11:24 received_ts_utc_inferred=2026-03-28T06:11:24Z cut_off_status=REJECTED rejection_reason=TIMESTAMP_AFTER_CUTOFF
2026-03-28T08:11:31 [CEST] [CLEARING] settlement_id=SETL-0006000093 order_id_ref=ORD-01300093 received_ts_cet=2026-03-28T08:11:31 received_ts_utc_inferred=2026-03-28T06:11:31Z cut_off_status=REJECTED rejection_reason=TIMESTAMP_AFTER_CUTOFF
2026-03-28T08:11:39 [CEST] [CLEARING] settlement_id=SETL-0006000094 order_id_ref=ORD-01300094 received_ts_cet=2026-03-28T08:11:39 received_ts_utc_inferred=2026-03-28T06:11:39Z cut_off_status=WITHIN_WINDOW
2026-03-28T08:11:49 [CEST] [CLEARING] settlement_id=SETL-0006000095 order_id_ref=ORD-01300095 received_ts_cet=2026-03-28T08:11:49 received_ts_utc_inferred=2026-03-28T06:11:49Z cut_off_status=REJECTED rejection_reason=TIMESTAMP_AFTER_CUTOFF
2026-03-28T08:11:54 [CEST] [CLEARING] settlement_id=SETL-0006000096 order_id_ref=ORD-01300096 received_ts_cet=2026-03-28T08:11:54 received_ts_utc_inferred=2026-03-28T06:11:54Z cut_off_status=WITHIN_WINDOW
2026-03-28T08:12:06 [CEST] [CLEARING] settlement_id=SETL-0006000097 order_id_ref=ORD-01300097 received_ts_cet=2026-03-28T08:12:06 received_ts_utc_inferred=2026-03-28T06:12:06Z cut_off_status=REJECTED rejection_reason=TIMESTAMP_AFTER_CUTOFF
2026-03-28T08:12:11 [CEST] [CLEARING] settlement_id=SETL-0006000098 order_id_ref=ORD-01300098 received_ts_cet=2026-03-28T08:12:11 received_ts_utc_inferred=2026-03-28T06:12:11Z cut_off_status=WITHIN_WINDOW
2026-03-28T08:12:19 [CEST] [CLEARING] settlement_id=SETL-0006000099 order_id_ref=ORD-01300099 received_ts_cet=2026-03-28T08:12:19 received_ts_utc_inferred=2026-03-28T06:12:19Z cut_off_status=REJECTED rejection_reason=TIMESTAMP_AFTER_CUTOFF
2026-03-28T08:12:25 [CEST] [CLEARING] settlement_id=SETL-0006000100 order_id_ref=ORD-01300100 received_ts_cet=2026-03-28T08:12:25 received_ts_utc_inferred=2026-03-28T06:12:25Z cut_off_status=WITHIN_WINDOW
2026-03-28T08:12:30 [CEST] [CLEARING] settlement_id=SETL-0006000101 order_id_ref=ORD-01300101 received_ts_cet=2026-03-28T08:12:30 received_ts_utc_inferred=2026-03-28T06:12:30Z cut_off_status=WITHIN_WINDOW
2026-03-28T08:12:38 [CEST] [CLEARING] settlement_id=SETL-0006000102 order_id_ref=ORD-01300102 received_ts_cet=2026-03-28T08:12:38 received_ts_utc_inferred=2026-03-28T06:12:38Z cut_off_status=WITHIN_WINDOW
2026-03-28T08:12:46 [CEST] [CLEARING] settlement_id=SETL-0006000103 order_id_ref=ORD-01300103 received_ts_cet=2026-03-28T08:12:46 received_ts_utc_inferred=2026-03-28T06:12:46Z cut_off_status=WITHIN_WINDOW
2026-03-28T08:12:58 [CEST] [CLEARING] settlement_id=SETL-0006000104 order_id_ref=ORD-01300104 received_ts_cet=2026-03-28T08:12:58 received_ts_utc_inferred=2026-03-28T06:12:58Z cut_off_status=WITHIN_WINDOW
2026-03-28T08:13:05 [CEST] [CLEARING] settlement_id=SETL-0006000105 order_id_ref=ORD-01300105 received_ts_cet=2026-03-28T08:13:05 received_ts_utc_inferred=2026-03-28T06:13:05Z cut_off_status=REJECTED rejection_reason=TIMESTAMP_AFTER_CUTOFF
2026-03-28T08:13:14 [CEST] [CLEARING] settlement_id=SETL-0006000106 order_id_ref=ORD-01300106 received_ts_cet=2026-03-28T08:13:14 received_ts_utc_inferred=2026-03-28T06:13:14Z cut_off_status=WITHIN_WINDOW
2026-03-28T08:13:18 [CEST] [CLEARING] settlement_id=SETL-0006000107 order_id_ref=ORD-01300107 received_ts_cet=2026-03-28T08:13:18 received_ts_utc_inferred=2026-03-28T06:13:18Z cut_off_status=WITHIN_WINDOW
2026-03-28T08:13:22 [CEST] [CLEARING] settlement_id=SETL-0006000108 order_id_ref=ORD-01300108 received_ts_cet=2026-03-28T08:13:22 received_ts_utc_inferred=2026-03-28T06:13:22Z cut_off_status=WITHIN_WINDOW
2026-03-28T08:13:25 [CEST] [CLEARING] settlement_id=SETL-0006000109 order_id_ref=ORD-01300109 received_ts_cet=2026-03-28T08:13:25 received_ts_utc_inferred=2026-03-28T06:13:25Z cut_off_status=WITHIN_WINDOW
2026-03-28T08:13:34 [CEST] [CLEARING] settlement_id=SETL-0006000110 order_id_ref=ORD-01300110 received_ts_cet=2026-03-28T08:13:34 received_ts_utc_inferred=2026-03-28T06:13:34Z cut_off_status=WITHIN_WINDOW
2026-03-28T08:13:43 [CEST] [CLEARING] settlement_id=SETL-0006000111 order_id_ref=ORD-01300111 received_ts_cet=2026-03-28T08:13:43 received_ts_utc_inferred=2026-03-28T06:13:43Z cut_off_status=WITHIN_WINDOW
2026-03-28T08:13:49 [CEST] [CLEARING] settlement_id=SETL-0006000112 order_id_ref=ORD-01300112 received_ts_cet=2026-03-28T08:13:49 received_ts_utc_inferred=2026-03-28T06:13:49Z cut_off_status=WITHIN_WINDOW
2026-03-28T08:13:53 [CEST] [CLEARING] settlement_id=SETL-0006000113 order_id_ref=ORD-01300113 received_ts_cet=2026-03-28T08:13:53 received_ts_utc_inferred=2026-03-28T06:13:53Z cut_off_status=REJECTED rejection_reason=TIMESTAMP_AFTER_CUTOFF
2026-03-28T08:14:02 [CEST] [CLEARING] settlement_id=SETL-0006000114 order_id_ref=ORD-01300114 received_ts_cet=2026-03-28T08:14:02 received_ts_utc_inferred=2026-03-28T06:14:02Z cut_off_status=WITHIN_WINDOW
2026-03-28T08:14:07 [CEST] [CLEARING] settlement_id=SETL-0006000115 order_id_ref=ORD-01300115 received_ts_cet=2026-03-28T08:14:07 received_ts_utc_inferred=2026-03-28T06:14:07Z cut_off_status=WITHIN_WINDOW
2026-03-28T08:14:19 [CEST] [CLEARING] settlement_id=SETL-0006000116 order_id_ref=ORD-01300116 received_ts_cet=2026-03-28T08:14:19 received_ts_utc_inferred=2026-03-28T06:14:19Z cut_off_status=WITHIN_WINDOW
2026-03-28T08:14:24 [CEST] [CLEARING] settlement_id=SETL-0006000117 order_id_ref=ORD-01300117 received_ts_cet=2026-03-28T08:14:24 received_ts_utc_inferred=2026-03-28T06:14:24Z cut_off_status=WITHIN_WINDOW
2026-03-28T08:14:29 [CEST] [CLEARING] settlement_id=SETL-0006000118 order_id_ref=ORD-01300118 received_ts_cet=2026-03-28T08:14:29 received_ts_utc_inferred=2026-03-28T06:14:29Z cut_off_status=WITHIN_WINDOW
2026-03-28T08:14:33 [CEST] [CLEARING] settlement_id=SETL-0006000119 order_id_ref=ORD-01300119 received_ts_cet=2026-03-28T08:14:33 received_ts_utc_inferred=2026-03-28T06:14:33Z cut_off_status=WITHIN_WINDOW
2026-03-28T08:14:40 [CEST] [CLEARING] settlement_id=SETL-0006000120 order_id_ref=ORD-01300120 received_ts_cet=2026-03-28T08:14:40 received_ts_utc_inferred=2026-03-28T06:14:40Z cut_off_status=WITHIN_WINDOW
2026-03-28T08:14:51 [CEST] [CLEARING] settlement_id=SETL-0006000121 order_id_ref=ORD-01300121 received_ts_cet=2026-03-28T08:14:51 received_ts_utc_inferred=2026-03-28T06:14:51Z cut_off_status=WITHIN_WINDOW
2026-03-28T08:14:54 [CEST] [CLEARING] settlement_id=SETL-0006000122 order_id_ref=ORD-01300122 received_ts_cet=2026-03-28T08:14:54 received_ts_utc_inferred=2026-03-28T06:14:54Z cut_off_status=WITHIN_WINDOW
2026-03-28T08:15:01 [CEST] [CLEARING] settlement_id=SETL-0006000123 order_id_ref=ORD-01300123 received_ts_cet=2026-03-28T08:15:01 received_ts_utc_inferred=2026-03-28T06:15:01Z cut_off_status=WITHIN_WINDOW
2026-03-28T08:15:13 [CEST] [CLEARING] settlement_id=SETL-0006000124 order_id_ref=ORD-01300124 received_ts_cet=2026-03-28T08:15:13 received_ts_utc_inferred=2026-03-28T06:15:13Z cut_off_status=WITHIN_WINDOW
2026-03-28T08:15:22 [CEST] [CLEARING] settlement_id=SETL-0006000125 order_id_ref=ORD-01300125 received_ts_cet=2026-03-28T08:15:22 received_ts_utc_inferred=2026-03-28T06:15:22Z cut_off_status=REJECTED rejection_reason=TIMESTAMP_AFTER_CUTOFF
2026-03-28T08:15:32 [CEST] [CLEARING] settlement_id=SETL-0006000126 order_id_ref=ORD-01300126 received_ts_cet=2026-03-28T08:15:32 received_ts_utc_inferred=2026-03-28T06:15:32Z cut_off_status=REJECTED rejection_reason=TIMESTAMP_AFTER_CUTOFF
2026-03-28T08:15:44 [CEST] [CLEARING] settlement_id=SETL-0006000127 order_id_ref=ORD-01300127 received_ts_cet=2026-03-28T08:15:44 received_ts_utc_inferred=2026-03-28T06:15:44Z cut_off_status=REJECTED rejection_reason=TIMESTAMP_AFTER_CUTOFF
2026-03-28T08:15:53 [CEST] [CLEARING] settlement_id=SETL-0006000128 order_id_ref=ORD-01300128 received_ts_cet=2026-03-28T08:15:53 received_ts_utc_inferred=2026-03-28T06:15:53Z cut_off_status=WITHIN_WINDOW
2026-03-28T08:16:01 [CEST] [CLEARING] settlement_id=SETL-0006000129 order_id_ref=ORD-01300129 received_ts_cet=2026-03-28T08:16:01 received_ts_utc_inferred=2026-03-28T06:16:01Z cut_off_status=WITHIN_WINDOW
2026-03-28T08:16:05 [CEST] [CLEARING] settlement_id=SETL-0006000130 order_id_ref=ORD-01300130 received_ts_cet=2026-03-28T08:16:05 received_ts_utc_inferred=2026-03-28T06:16:05Z cut_off_status=WITHIN_WINDOW
2026-03-28T08:16:11 [CEST] [CLEARING] settlement_id=SETL-0006000131 order_id_ref=ORD-01300131 received_ts_cet=2026-03-28T08:16:11 received_ts_utc_inferred=2026-03-28T06:16:11Z cut_off_status=REJECTED rejection_reason=TIMESTAMP_AFTER_CUTOFF
2026-03-28T08:16:19 [CEST] [CLEARING] settlement_id=SETL-0006000132 order_id_ref=ORD-01300132 received_ts_cet=2026-03-28T08:16:19 received_ts_utc_inferred=2026-03-28T06:16:19Z cut_off_status=WITHIN_WINDOW
2026-03-28T08:16:23 [CEST] [CLEARING] settlement_id=SETL-0006000133 order_id_ref=ORD-01300133 received_ts_cet=2026-03-28T08:16:23 received_ts_utc_inferred=2026-03-28T06:16:23Z cut_off_status=WITHIN_WINDOW
2026-03-28T08:16:31 [CEST] [CLEARING] settlement_id=SETL-0006000134 order_id_ref=ORD-01300134 received_ts_cet=2026-03-28T08:16:31 received_ts_utc_inferred=2026-03-28T06:16:31Z cut_off_status=WITHIN_WINDOW
2026-03-28T08:16:41 [CEST] [CLEARING] settlement_id=SETL-0006000135 order_id_ref=ORD-01300135 received_ts_cet=2026-03-28T08:16:41 received_ts_utc_inferred=2026-03-28T06:16:41Z cut_off_status=WITHIN_WINDOW
2026-03-28T08:16:51 [CEST] [CLEARING] settlement_id=SETL-0006000136 order_id_ref=ORD-01300136 received_ts_cet=2026-03-28T08:16:51 received_ts_utc_inferred=2026-03-28T06:16:51Z cut_off_status=WITHIN_WINDOW
2026-03-28T08:17:00 [CEST] [CLEARING] settlement_id=SETL-0006000137 order_id_ref=ORD-01300137 received_ts_cet=2026-03-28T08:17:00 received_ts_utc_inferred=2026-03-28T06:17:00Z cut_off_status=WITHIN_WINDOW
2026-03-28T08:17:08 [CEST] [CLEARING] settlement_id=SETL-0006000138 order_id_ref=ORD-01300138 received_ts_cet=2026-03-28T08:17:08 received_ts_utc_inferred=2026-03-28T06:17:08Z cut_off_status=REJECTED rejection_reason=TIMESTAMP_AFTER_CUTOFF
2026-03-28T08:17:17 [CEST] [CLEARING] settlement_id=SETL-0006000139 order_id_ref=ORD-01300139 received_ts_cet=2026-03-28T08:17:17 received_ts_utc_inferred=2026-03-28T06:17:17Z cut_off_status=WITHIN_WINDOW
2026-03-28T08:17:25 [CEST] [CLEARING] settlement_id=SETL-0006000140 order_id_ref=ORD-01300140 received_ts_cet=2026-03-28T08:17:25 received_ts_utc_inferred=2026-03-28T06:17:25Z cut_off_status=WITHIN_WINDOW
2026-03-28T08:17:30 [CEST] [CLEARING] settlement_id=SETL-0006000141 order_id_ref=ORD-01300141 received_ts_cet=2026-03-28T08:17:30 received_ts_utc_inferred=2026-03-28T06:17:30Z cut_off_status=WITHIN_WINDOW
2026-03-28T08:17:34 [CEST] [CLEARING] settlement_id=SETL-0006000142 order_id_ref=ORD-01300142 received_ts_cet=2026-03-28T08:17:34 received_ts_utc_inferred=2026-03-28T06:17:34Z cut_off_status=REJECTED rejection_reason=TIMESTAMP_AFTER_CUTOFF
2026-03-28T08:17:38 [CEST] [CLEARING] settlement_id=SETL-0006000143 order_id_ref=ORD-01300143 received_ts_cet=2026-03-28T08:17:38 received_ts_utc_inferred=2026-03-28T06:17:38Z cut_off_status=WITHIN_WINDOW
2026-03-28T08:17:43 [CEST] [CLEARING] settlement_id=SETL-0006000144 order_id_ref=ORD-01300144 received_ts_cet=2026-03-28T08:17:43 received_ts_utc_inferred=2026-03-28T06:17:43Z cut_off_status=WITHIN_WINDOW
2026-03-28T08:17:54 [CEST] [CLEARING] settlement_id=SETL-0006000145 order_id_ref=ORD-01300145 received_ts_cet=2026-03-28T08:17:54 received_ts_utc_inferred=2026-03-28T06:17:54Z cut_off_status=WITHIN_WINDOW
2026-03-28T08:18:02 [CEST] [CLEARING] settlement_id=SETL-0006000146 order_id_ref=ORD-01300146 received_ts_cet=2026-03-28T08:18:02 received_ts_utc_inferred=2026-03-28T06:18:02Z cut_off_status=WITHIN_WINDOW
2026-03-28T08:18:07 [CEST] [CLEARING] settlement_id=SETL-0006000147 order_id_ref=ORD-01300147 received_ts_cet=2026-03-28T08:18:07 received_ts_utc_inferred=2026-03-28T06:18:07Z cut_off_status=WITHIN_WINDOW
2026-03-28T08:18:10 [CEST] [CLEARING] settlement_id=SETL-0006000148 order_id_ref=ORD-01300148 received_ts_cet=2026-03-28T08:18:10 received_ts_utc_inferred=2026-03-28T06:18:10Z cut_off_status=WITHIN_WINDOW
2026-03-28T08:18:18 [CEST] [CLEARING] settlement_id=SETL-0006000149 order_id_ref=ORD-01300149 received_ts_cet=2026-03-28T08:18:18 received_ts_utc_inferred=2026-03-28T06:18:18Z cut_off_status=WITHIN_WINDOW
2026-03-28T08:18:24 [CEST] [CLEARING] settlement_id=SETL-0006000150 order_id_ref=ORD-01300150 received_ts_cet=2026-03-28T08:18:24 received_ts_utc_inferred=2026-03-28T06:18:24Z cut_off_status=WITHIN_WINDOW
2026-03-28T08:18:32 [CEST] [CLEARING] settlement_id=SETL-0006000151 order_id_ref=ORD-01300151 received_ts_cet=2026-03-28T08:18:32 received_ts_utc_inferred=2026-03-28T06:18:32Z cut_off_status=WITHIN_WINDOW
2026-03-28T08:18:39 [CEST] [CLEARING] settlement_id=SETL-0006000152 order_id_ref=ORD-01300152 received_ts_cet=2026-03-28T08:18:39 received_ts_utc_inferred=2026-03-28T06:18:39Z cut_off_status=WITHIN_WINDOW
2026-03-28T08:18:42 [CEST] [CLEARING] settlement_id=SETL-0006000153 order_id_ref=ORD-01300153 received_ts_cet=2026-03-28T08:18:42 received_ts_utc_inferred=2026-03-28T06:18:42Z cut_off_status=WITHIN_WINDOW
2026-03-28T08:18:50 [CEST] [CLEARING] settlement_id=SETL-0006000154 order_id_ref=ORD-01300154 received_ts_cet=2026-03-28T08:18:50 received_ts_utc_inferred=2026-03-28T06:18:50Z cut_off_status=REJECTED rejection_reason=TIMESTAMP_AFTER_CUTOFF
2026-03-28T08:18:58 [CEST] [CLEARING] settlement_id=SETL-0006000155 order_id_ref=ORD-01300155 received_ts_cet=2026-03-28T08:18:58 received_ts_utc_inferred=2026-03-28T06:18:58Z cut_off_status=WITHIN_WINDOW
2026-03-28T08:19:10 [CEST] [CLEARING] settlement_id=SETL-0006000156 order_id_ref=ORD-01300156 received_ts_cet=2026-03-28T08:19:10 received_ts_utc_inferred=2026-03-28T06:19:10Z cut_off_status=WITHIN_WINDOW
2026-03-28T08:19:18 [CEST] [CLEARING] settlement_id=SETL-0006000157 order_id_ref=ORD-01300157 received_ts_cet=2026-03-28T08:19:18 received_ts_utc_inferred=2026-03-28T06:19:18Z cut_off_status=REJECTED rejection_reason=TIMESTAMP_AFTER_CUTOFF
2026-03-28T08:19:25 [CEST] [CLEARING] settlement_id=SETL-0006000158 order_id_ref=ORD-01300158 received_ts_cet=2026-03-28T08:19:25 received_ts_utc_inferred=2026-03-28T06:19:25Z cut_off_status=WITHIN_WINDOW
2026-03-28T08:19:28 [CEST] [CLEARING] settlement_id=SETL-0006000159 order_id_ref=ORD-01300159 received_ts_cet=2026-03-28T08:19:28 received_ts_utc_inferred=2026-03-28T06:19:28Z cut_off_status=WITHIN_WINDOW
2026-03-28T08:19:35 [CEST] [CLEARING] settlement_id=SETL-0006000160 order_id_ref=ORD-01300160 received_ts_cet=2026-03-28T08:19:35 received_ts_utc_inferred=2026-03-28T06:19:35Z cut_off_status=REJECTED rejection_reason=TIMESTAMP_AFTER_CUTOFF
2026-03-28T08:19:38 [CEST] [CLEARING] settlement_id=SETL-0006000161 order_id_ref=ORD-01300161 received_ts_cet=2026-03-28T08:19:38 received_ts_utc_inferred=2026-03-28T06:19:38Z cut_off_status=WITHIN_WINDOW
2026-03-28T08:19:50 [CEST] [CLEARING] settlement_id=SETL-0006000162 order_id_ref=ORD-01300162 received_ts_cet=2026-03-28T08:19:50 received_ts_utc_inferred=2026-03-28T06:19:50Z cut_off_status=WITHIN_WINDOW
2026-03-28T08:19:55 [CEST] [CLEARING] settlement_id=SETL-0006000163 order_id_ref=ORD-01300163 received_ts_cet=2026-03-28T08:19:55 received_ts_utc_inferred=2026-03-28T06:19:55Z cut_off_status=WITHIN_WINDOW
2026-03-28T08:20:00 [CEST] [CLEARING] settlement_id=SETL-0006000164 order_id_ref=ORD-01300164 received_ts_cet=2026-03-28T08:20:00 received_ts_utc_inferred=2026-03-28T06:20:00Z cut_off_status=WITHIN_WINDOW
2026-03-28T08:20:07 [CEST] [CLEARING] settlement_id=SETL-0006000165 order_id_ref=ORD-01300165 received_ts_cet=2026-03-28T08:20:07 received_ts_utc_inferred=2026-03-28T06:20:07Z cut_off_status=WITHIN_WINDOW
2026-03-28T08:20:10 [CEST] [CLEARING] settlement_id=SETL-0006000166 order_id_ref=ORD-01300166 received_ts_cet=2026-03-28T08:20:10 received_ts_utc_inferred=2026-03-28T06:20:10Z cut_off_status=REJECTED rejection_reason=TIMESTAMP_AFTER_CUTOFF
2026-03-28T08:20:19 [CEST] [CLEARING] settlement_id=SETL-0006000167 order_id_ref=ORD-01300167 received_ts_cet=2026-03-28T08:20:19 received_ts_utc_inferred=2026-03-28T06:20:19Z cut_off_status=WITHIN_WINDOW
2026-03-28T08:20:25 [CEST] [CLEARING] settlement_id=SETL-0006000168 order_id_ref=ORD-01300168 received_ts_cet=2026-03-28T08:20:25 received_ts_utc_inferred=2026-03-28T06:20:25Z cut_off_status=REJECTED rejection_reason=TIMESTAMP_AFTER_CUTOFF
2026-03-28T08:20:29 [CEST] [CLEARING] settlement_id=SETL-0006000169 order_id_ref=ORD-01300169 received_ts_cet=2026-03-28T08:20:29 received_ts_utc_inferred=2026-03-28T06:20:29Z cut_off_status=WITHIN_WINDOW
2026-03-28T08:20:40 [CEST] [CLEARING] settlement_id=SETL-0006000170 order_id_ref=ORD-01300170 received_ts_cet=2026-03-28T08:20:40 received_ts_utc_inferred=2026-03-28T06:20:40Z cut_off_status=WITHIN_WINDOW
2026-03-28T08:20:49 [CEST] [CLEARING] settlement_id=SETL-0006000171 order_id_ref=ORD-01300171 received_ts_cet=2026-03-28T08:20:49 received_ts_utc_inferred=2026-03-28T06:20:49Z cut_off_status=REJECTED rejection_reason=TIMESTAMP_AFTER_CUTOFF
2026-03-28T08:20:59 [CEST] [CLEARING] settlement_id=SETL-0006000172 order_id_ref=ORD-01300172 received_ts_cet=2026-03-28T08:20:59 received_ts_utc_inferred=2026-03-28T06:20:59Z cut_off_status=WITHIN_WINDOW
2026-03-28T08:21:02 [CEST] [CLEARING] settlement_id=SETL-0006000173 order_id_ref=ORD-01300173 received_ts_cet=2026-03-28T08:21:02 received_ts_utc_inferred=2026-03-28T06:21:02Z cut_off_status=WITHIN_WINDOW
2026-03-28T08:21:13 [CEST] [CLEARING] settlement_id=SETL-0006000174 order_id_ref=ORD-01300174 received_ts_cet=2026-03-28T08:21:13 received_ts_utc_inferred=2026-03-28T06:21:13Z cut_off_status=REJECTED rejection_reason=TIMESTAMP_AFTER_CUTOFF
2026-03-28T08:21:17 [CEST] [CLEARING] settlement_id=SETL-0006000175 order_id_ref=ORD-01300175 received_ts_cet=2026-03-28T08:21:17 received_ts_utc_inferred=2026-03-28T06:21:17Z cut_off_status=WITHIN_WINDOW
2026-03-28T08:21:28 [CEST] [CLEARING] settlement_id=SETL-0006000176 order_id_ref=ORD-01300176 received_ts_cet=2026-03-28T08:21:28 received_ts_utc_inferred=2026-03-28T06:21:28Z cut_off_status=WITHIN_WINDOW
2026-03-28T08:21:40 [CEST] [CLEARING] settlement_id=SETL-0006000177 order_id_ref=ORD-01300177 received_ts_cet=2026-03-28T08:21:40 received_ts_utc_inferred=2026-03-28T06:21:40Z cut_off_status=WITHIN_WINDOW
2026-03-28T08:21:52 [CEST] [CLEARING] settlement_id=SETL-0006000178 order_id_ref=ORD-01300178 received_ts_cet=2026-03-28T08:21:52 received_ts_utc_inferred=2026-03-28T06:21:52Z cut_off_status=WITHIN_WINDOW
2026-03-28T08:22:02 [CEST] [CLEARING] settlement_id=SETL-0006000179 order_id_ref=ORD-01300179 received_ts_cet=2026-03-28T08:22:02 received_ts_utc_inferred=2026-03-28T06:22:02Z cut_off_status=WITHIN_WINDOW
2026-03-28T08:22:09 [CEST] [CLEARING] settlement_id=SETL-0006000180 order_id_ref=ORD-01300180 received_ts_cet=2026-03-28T08:22:09 received_ts_utc_inferred=2026-03-28T06:22:09Z cut_off_status=REJECTED rejection_reason=TIMESTAMP_AFTER_CUTOFF
2026-03-28T08:22:18 [CEST] [CLEARING] settlement_id=SETL-0006000181 order_id_ref=ORD-01300181 received_ts_cet=2026-03-28T08:22:18 received_ts_utc_inferred=2026-03-28T06:22:18Z cut_off_status=WITHIN_WINDOW
2026-03-28T08:22:27 [CEST] [CLEARING] settlement_id=SETL-0006000182 order_id_ref=ORD-01300182 received_ts_cet=2026-03-28T08:22:27 received_ts_utc_inferred=2026-03-28T06:22:27Z cut_off_status=WITHIN_WINDOW
2026-03-28T08:22:36 [CEST] [CLEARING] settlement_id=SETL-0006000183 order_id_ref=ORD-01300183 received_ts_cet=2026-03-28T08:22:36 received_ts_utc_inferred=2026-03-28T06:22:36Z cut_off_status=WITHIN_WINDOW
2026-03-28T08:22:46 [CEST] [CLEARING] settlement_id=SETL-0006000184 order_id_ref=ORD-01300184 received_ts_cet=2026-03-28T08:22:46 received_ts_utc_inferred=2026-03-28T06:22:46Z cut_off_status=WITHIN_WINDOW
2026-03-28T08:22:52 [CEST] [CLEARING] settlement_id=SETL-0006000185 order_id_ref=ORD-01300185 received_ts_cet=2026-03-28T08:22:52 received_ts_utc_inferred=2026-03-28T06:22:52Z cut_off_status=WITHIN_WINDOW
2026-03-28T08:23:04 [CEST] [CLEARING] settlement_id=SETL-0006000186 order_id_ref=ORD-01300186 received_ts_cet=2026-03-28T08:23:04 received_ts_utc_inferred=2026-03-28T06:23:04Z cut_off_status=WITHIN_WINDOW
2026-03-28T08:23:13 [CEST] [CLEARING] settlement_id=SETL-0006000187 order_id_ref=ORD-01300187 received_ts_cet=2026-03-28T08:23:13 received_ts_utc_inferred=2026-03-28T06:23:13Z cut_off_status=REJECTED rejection_reason=TIMESTAMP_AFTER_CUTOFF
2026-03-28T08:23:22 [CEST] [CLEARING] settlement_id=SETL-0006000188 order_id_ref=ORD-01300188 received_ts_cet=2026-03-28T08:23:22 received_ts_utc_inferred=2026-03-28T06:23:22Z cut_off_status=WITHIN_WINDOW
2026-03-28T08:23:27 [CEST] [CLEARING] settlement_id=SETL-0006000189 order_id_ref=ORD-01300189 received_ts_cet=2026-03-28T08:23:27 received_ts_utc_inferred=2026-03-28T06:23:27Z cut_off_status=WITHIN_WINDOW
2026-03-28T08:23:39 [CEST] [CLEARING] settlement_id=SETL-0006000190 order_id_ref=ORD-01300190 received_ts_cet=2026-03-28T08:23:39 received_ts_utc_inferred=2026-03-28T06:23:39Z cut_off_status=WITHIN_WINDOW
2026-03-28T08:23:43 [CEST] [CLEARING] settlement_id=SETL-0006000191 order_id_ref=ORD-01300191 received_ts_cet=2026-03-28T08:23:43 received_ts_utc_inferred=2026-03-28T06:23:43Z cut_off_status=REJECTED rejection_reason=TIMESTAMP_AFTER_CUTOFF
2026-03-28T08:23:49 [CEST] [CLEARING] settlement_id=SETL-0006000192 order_id_ref=ORD-01300192 received_ts_cet=2026-03-28T08:23:49 received_ts_utc_inferred=2026-03-28T06:23:49Z cut_off_status=REJECTED rejection_reason=TIMESTAMP_AFTER_CUTOFF
2026-03-28T08:23:53 [CEST] [CLEARING] settlement_id=SETL-0006000193 order_id_ref=ORD-01300193 received_ts_cet=2026-03-28T08:23:53 received_ts_utc_inferred=2026-03-28T06:23:53Z cut_off_status=WITHIN_WINDOW
2026-03-28T08:23:56 [CEST] [CLEARING] settlement_id=SETL-0006000194 order_id_ref=ORD-01300194 received_ts_cet=2026-03-28T08:23:56 received_ts_utc_inferred=2026-03-28T06:23:56Z cut_off_status=WITHIN_WINDOW
2026-03-28T08:24:06 [CEST] [CLEARING] settlement_id=SETL-0006000195 order_id_ref=ORD-01300195 received_ts_cet=2026-03-28T08:24:06 received_ts_utc_inferred=2026-03-28T06:24:06Z cut_off_status=WITHIN_WINDOW
2026-03-28T08:24:16 [CEST] [CLEARING] settlement_id=SETL-0006000196 order_id_ref=ORD-01300196 received_ts_cet=2026-03-28T08:24:16 received_ts_utc_inferred=2026-03-28T06:24:16Z cut_off_status=WITHIN_WINDOW
2026-03-28T08:24:21 [CEST] [CLEARING] settlement_id=SETL-0006000197 order_id_ref=ORD-01300197 received_ts_cet=2026-03-28T08:24:21 received_ts_utc_inferred=2026-03-28T06:24:21Z cut_off_status=WITHIN_WINDOW
2026-03-28T08:24:30 [CEST] [CLEARING] settlement_id=SETL-0006000198 order_id_ref=ORD-01300198 received_ts_cet=2026-03-28T08:24:30 received_ts_utc_inferred=2026-03-28T06:24:30Z cut_off_status=REJECTED rejection_reason=TIMESTAMP_AFTER_CUTOFF
2026-03-28T08:24:35 [CEST] [CLEARING] settlement_id=SETL-0006000199 order_id_ref=ORD-01300199 received_ts_cet=2026-03-28T08:24:35 received_ts_utc_inferred=2026-03-28T06:24:35Z cut_off_status=WITHIN_WINDOW
2026-03-28T08:24:42 [CEST] [CLEARING] settlement_id=SETL-0006000200 order_id_ref=ORD-01300200 received_ts_cet=2026-03-28T08:24:42 received_ts_utc_inferred=2026-03-28T06:24:42Z cut_off_status=WITHIN_WINDOW
2026-03-28T08:24:45 [CEST] [CLEARING] settlement_id=SETL-0006000201 order_id_ref=ORD-01300201 received_ts_cet=2026-03-28T08:24:45 received_ts_utc_inferred=2026-03-28T06:24:45Z cut_off_status=WITHIN_WINDOW
2026-03-28T08:24:57 [CEST] [CLEARING] settlement_id=SETL-0006000202 order_id_ref=ORD-01300202 received_ts_cet=2026-03-28T08:24:57 received_ts_utc_inferred=2026-03-28T06:24:57Z cut_off_status=WITHIN_WINDOW
2026-03-28T08:25:09 [CEST] [CLEARING] settlement_id=SETL-0006000203 order_id_ref=ORD-01300203 received_ts_cet=2026-03-28T08:25:09 received_ts_utc_inferred=2026-03-28T06:25:09Z cut_off_status=WITHIN_WINDOW
2026-03-28T08:25:14 [CEST] [CLEARING] settlement_id=SETL-0006000204 order_id_ref=ORD-01300204 received_ts_cet=2026-03-28T08:25:14 received_ts_utc_inferred=2026-03-28T06:25:14Z cut_off_status=WITHIN_WINDOW
2026-03-28T08:25:25 [CEST] [CLEARING] settlement_id=SETL-0006000205 order_id_ref=ORD-01300205 received_ts_cet=2026-03-28T08:25:25 received_ts_utc_inferred=2026-03-28T06:25:25Z cut_off_status=WITHIN_WINDOW
2026-03-28T08:25:31 [CEST] [CLEARING] settlement_id=SETL-0006000206 order_id_ref=ORD-01300206 received_ts_cet=2026-03-28T08:25:31 received_ts_utc_inferred=2026-03-28T06:25:31Z cut_off_status=WITHIN_WINDOW
2026-03-28T08:25:36 [CEST] [CLEARING] settlement_id=SETL-0006000207 order_id_ref=ORD-01300207 received_ts_cet=2026-03-28T08:25:36 received_ts_utc_inferred=2026-03-28T06:25:36Z cut_off_status=REJECTED rejection_reason=TIMESTAMP_AFTER_CUTOFF
2026-03-28T08:25:48 [CEST] [CLEARING] settlement_id=SETL-0006000208 order_id_ref=ORD-01300208 received_ts_cet=2026-03-28T08:25:48 received_ts_utc_inferred=2026-03-28T06:25:48Z cut_off_status=WITHIN_WINDOW
2026-03-28T08:25:56 [CEST] [CLEARING] settlement_id=SETL-0006000209 order_id_ref=ORD-01300209 received_ts_cet=2026-03-28T08:25:56 received_ts_utc_inferred=2026-03-28T06:25:56Z cut_off_status=WITHIN_WINDOW
2026-03-28T08:26:00 [CEST] [CLEARING] settlement_id=SETL-0006000210 order_id_ref=ORD-01300210 received_ts_cet=2026-03-28T08:26:00 received_ts_utc_inferred=2026-03-28T06:26:00Z cut_off_status=WITHIN_WINDOW
2026-03-28T08:26:06 [CEST] [CLEARING] settlement_id=SETL-0006000211 order_id_ref=ORD-01300211 received_ts_cet=2026-03-28T08:26:06 received_ts_utc_inferred=2026-03-28T06:26:06Z cut_off_status=WITHIN_WINDOW
2026-03-28T08:26:15 [CEST] [CLEARING] settlement_id=SETL-0006000212 order_id_ref=ORD-01300212 received_ts_cet=2026-03-28T08:26:15 received_ts_utc_inferred=2026-03-28T06:26:15Z cut_off_status=WITHIN_WINDOW
2026-03-28T08:26:19 [CEST] [CLEARING] settlement_id=SETL-0006000213 order_id_ref=ORD-01300213 received_ts_cet=2026-03-28T08:26:19 received_ts_utc_inferred=2026-03-28T06:26:19Z cut_off_status=WITHIN_WINDOW
2026-03-28T08:26:22 [CEST] [CLEARING] settlement_id=SETL-0006000214 order_id_ref=ORD-01300214 received_ts_cet=2026-03-28T08:26:22 received_ts_utc_inferred=2026-03-28T06:26:22Z cut_off_status=REJECTED rejection_reason=TIMESTAMP_AFTER_CUTOFF
2026-03-28T08:26:33 [CEST] [CLEARING] settlement_id=SETL-0006000215 order_id_ref=ORD-01300215 received_ts_cet=2026-03-28T08:26:33 received_ts_utc_inferred=2026-03-28T06:26:33Z cut_off_status=WITHIN_WINDOW
2026-03-28T08:26:42 [CEST] [CLEARING] settlement_id=SETL-0006000216 order_id_ref=ORD-01300216 received_ts_cet=2026-03-28T08:26:42 received_ts_utc_inferred=2026-03-28T06:26:42Z cut_off_status=WITHIN_WINDOW
2026-03-28T08:26:47 [CEST] [CLEARING] settlement_id=SETL-0006000217 order_id_ref=ORD-01300217 received_ts_cet=2026-03-28T08:26:47 received_ts_utc_inferred=2026-03-28T06:26:47Z cut_off_status=WITHIN_WINDOW
2026-03-28T08:26:55 [CEST] [CLEARING] settlement_id=SETL-0006000218 order_id_ref=ORD-01300218 received_ts_cet=2026-03-28T08:26:55 received_ts_utc_inferred=2026-03-28T06:26:55Z cut_off_status=WITHIN_WINDOW
2026-03-28T08:27:06 [CEST] [CLEARING] settlement_id=SETL-0006000219 order_id_ref=ORD-01300219 received_ts_cet=2026-03-28T08:27:06 received_ts_utc_inferred=2026-03-28T06:27:06Z cut_off_status=REJECTED rejection_reason=TIMESTAMP_AFTER_CUTOFF
2026-03-28T08:27:14 [CEST] [CLEARING] settlement_id=SETL-0006000220 order_id_ref=ORD-01300220 received_ts_cet=2026-03-28T08:27:14 received_ts_utc_inferred=2026-03-28T06:27:14Z cut_off_status=REJECTED rejection_reason=TIMESTAMP_AFTER_CUTOFF
2026-03-28T08:27:19 [CEST] [CLEARING] settlement_id=SETL-0006000221 order_id_ref=ORD-01300221 received_ts_cet=2026-03-28T08:27:19 received_ts_utc_inferred=2026-03-28T06:27:19Z cut_off_status=WITHIN_WINDOW
2026-03-28T08:27:29 [CEST] [CLEARING] settlement_id=SETL-0006000222 order_id_ref=ORD-01300222 received_ts_cet=2026-03-28T08:27:29 received_ts_utc_inferred=2026-03-28T06:27:29Z cut_off_status=WITHIN_WINDOW
2026-03-28T08:27:32 [CEST] [CLEARING] settlement_id=SETL-0006000223 order_id_ref=ORD-01300223 received_ts_cet=2026-03-28T08:27:32 received_ts_utc_inferred=2026-03-28T06:27:32Z cut_off_status=WITHIN_WINDOW
2026-03-28T08:27:36 [CEST] [CLEARING] settlement_id=SETL-0006000224 order_id_ref=ORD-01300224 received_ts_cet=2026-03-28T08:27:36 received_ts_utc_inferred=2026-03-28T06:27:36Z cut_off_status=REJECTED rejection_reason=TIMESTAMP_AFTER_CUTOFF
2026-03-28T08:27:39 [CEST] [CLEARING] settlement_id=SETL-0006000225 order_id_ref=ORD-01300225 received_ts_cet=2026-03-28T08:27:39 received_ts_utc_inferred=2026-03-28T06:27:39Z cut_off_status=WITHIN_WINDOW
2026-03-28T08:27:51 [CEST] [CLEARING] settlement_id=SETL-0006000226 order_id_ref=ORD-01300226 received_ts_cet=2026-03-28T08:27:51 received_ts_utc_inferred=2026-03-28T06:27:51Z cut_off_status=WITHIN_WINDOW
2026-03-28T08:27:57 [CEST] [CLEARING] settlement_id=SETL-0006000227 order_id_ref=ORD-01300227 received_ts_cet=2026-03-28T08:27:57 received_ts_utc_inferred=2026-03-28T06:27:57Z cut_off_status=WITHIN_WINDOW
2026-03-28T08:28:00 [CEST] [CLEARING] settlement_id=SETL-0006000228 order_id_ref=ORD-01300228 received_ts_cet=2026-03-28T08:28:00 received_ts_utc_inferred=2026-03-28T06:28:00Z cut_off_status=WITHIN_WINDOW
2026-03-28T08:28:06 [CEST] [CLEARING] settlement_id=SETL-0006000229 order_id_ref=ORD-01300229 received_ts_cet=2026-03-28T08:28:06 received_ts_utc_inferred=2026-03-28T06:28:06Z cut_off_status=WITHIN_WINDOW
2026-03-28T08:28:09 [CEST] [CLEARING] settlement_id=SETL-0006000230 order_id_ref=ORD-01300230 received_ts_cet=2026-03-28T08:28:09 received_ts_utc_inferred=2026-03-28T06:28:09Z cut_off_status=WITHIN_WINDOW
2026-03-28T08:28:20 [CEST] [CLEARING] settlement_id=SETL-0006000231 order_id_ref=ORD-01300231 received_ts_cet=2026-03-28T08:28:20 received_ts_utc_inferred=2026-03-28T06:28:20Z cut_off_status=WITHIN_WINDOW
2026-03-28T08:28:24 [CEST] [CLEARING] settlement_id=SETL-0006000232 order_id_ref=ORD-01300232 received_ts_cet=2026-03-28T08:28:24 received_ts_utc_inferred=2026-03-28T06:28:24Z cut_off_status=REJECTED rejection_reason=TIMESTAMP_AFTER_CUTOFF
2026-03-28T08:28:27 [CEST] [CLEARING] settlement_id=SETL-0006000233 order_id_ref=ORD-01300233 received_ts_cet=2026-03-28T08:28:27 received_ts_utc_inferred=2026-03-28T06:28:27Z cut_off_status=REJECTED rejection_reason=TIMESTAMP_AFTER_CUTOFF
2026-03-28T08:28:34 [CEST] [CLEARING] settlement_id=SETL-0006000234 order_id_ref=ORD-01300234 received_ts_cet=2026-03-28T08:28:34 received_ts_utc_inferred=2026-03-28T06:28:34Z cut_off_status=WITHIN_WINDOW
2026-03-28T08:28:44 [CEST] [CLEARING] settlement_id=SETL-0006000235 order_id_ref=ORD-01300235 received_ts_cet=2026-03-28T08:28:44 received_ts_utc_inferred=2026-03-28T06:28:44Z cut_off_status=REJECTED rejection_reason=TIMESTAMP_AFTER_CUTOFF
2026-03-28T08:28:55 [CEST] [CLEARING] settlement_id=SETL-0006000236 order_id_ref=ORD-01300236 received_ts_cet=2026-03-28T08:28:55 received_ts_utc_inferred=2026-03-28T06:28:55Z cut_off_status=REJECTED rejection_reason=TIMESTAMP_AFTER_CUTOFF
2026-03-28T08:29:07 [CEST] [CLEARING] settlement_id=SETL-0006000237 order_id_ref=ORD-01300237 received_ts_cet=2026-03-28T08:29:07 received_ts_utc_inferred=2026-03-28T06:29:07Z cut_off_status=WITHIN_WINDOW
2026-03-28T08:29:14 [CEST] [CLEARING] settlement_id=SETL-0006000238 order_id_ref=ORD-01300238 received_ts_cet=2026-03-28T08:29:14 received_ts_utc_inferred=2026-03-28T06:29:14Z cut_off_status=WITHIN_WINDOW
2026-03-28T08:29:20 [CEST] [CLEARING] settlement_id=SETL-0006000239 order_id_ref=ORD-01300239 received_ts_cet=2026-03-28T08:29:20 received_ts_utc_inferred=2026-03-28T06:29:20Z cut_off_status=REJECTED rejection_reason=TIMESTAMP_AFTER_CUTOFF
2026-03-28T08:29:30 [CEST] [CLEARING] settlement_id=SETL-0006000240 order_id_ref=ORD-01300240 received_ts_cet=2026-03-28T08:29:30 received_ts_utc_inferred=2026-03-28T06:29:30Z cut_off_status=WITHIN_WINDOW
2026-03-28T08:29:37 [CEST] [CLEARING] settlement_id=SETL-0006000241 order_id_ref=ORD-01300241 received_ts_cet=2026-03-28T08:29:37 received_ts_utc_inferred=2026-03-28T06:29:37Z cut_off_status=WITHIN_WINDOW
2026-03-28T08:29:41 [CEST] [CLEARING] settlement_id=SETL-0006000242 order_id_ref=ORD-01300242 received_ts_cet=2026-03-28T08:29:41 received_ts_utc_inferred=2026-03-28T06:29:41Z cut_off_status=WITHIN_WINDOW
2026-03-28T08:29:48 [CEST] [CLEARING] settlement_id=SETL-0006000243 order_id_ref=ORD-01300243 received_ts_cet=2026-03-28T08:29:48 received_ts_utc_inferred=2026-03-28T06:29:48Z cut_off_status=WITHIN_WINDOW
2026-03-28T08:29:51 [CEST] [CLEARING] settlement_id=SETL-0006000244 order_id_ref=ORD-01300244 received_ts_cet=2026-03-28T08:29:51 received_ts_utc_inferred=2026-03-28T06:29:51Z cut_off_status=WITHIN_WINDOW
2026-03-28T08:29:58 [CEST] [CLEARING] settlement_id=SETL-0006000245 order_id_ref=ORD-01300245 received_ts_cet=2026-03-28T08:29:58 received_ts_utc_inferred=2026-03-28T06:29:58Z cut_off_status=WITHIN_WINDOW
2026-03-28T08:30:08 [CEST] [CLEARING] settlement_id=SETL-0006000246 order_id_ref=ORD-01300246 received_ts_cet=2026-03-28T08:30:08 received_ts_utc_inferred=2026-03-28T06:30:08Z cut_off_status=WITHIN_WINDOW
2026-03-28T08:30:19 [CEST] [CLEARING] settlement_id=SETL-0006000247 order_id_ref=ORD-01300247 received_ts_cet=2026-03-28T08:30:19 received_ts_utc_inferred=2026-03-28T06:30:19Z cut_off_status=WITHIN_WINDOW
2026-03-28T08:30:28 [CEST] [CLEARING] settlement_id=SETL-0006000248 order_id_ref=ORD-01300248 received_ts_cet=2026-03-28T08:30:28 received_ts_utc_inferred=2026-03-28T06:30:28Z cut_off_status=WITHIN_WINDOW
2026-03-28T08:30:34 [CEST] [CLEARING] settlement_id=SETL-0006000249 order_id_ref=ORD-01300249 received_ts_cet=2026-03-28T08:30:34 received_ts_utc_inferred=2026-03-28T06:30:34Z cut_off_status=WITHIN_WINDOW
2026-03-28T08:30:38 [CEST] [CLEARING] settlement_id=SETL-0006000250 order_id_ref=ORD-01300250 received_ts_cet=2026-03-28T08:30:38 received_ts_utc_inferred=2026-03-28T06:30:38Z cut_off_status=WITHIN_WINDOW
2026-03-28T08:30:41 [CEST] [CLEARING] settlement_id=SETL-0006000251 order_id_ref=ORD-01300251 received_ts_cet=2026-03-28T08:30:41 received_ts_utc_inferred=2026-03-28T06:30:41Z cut_off_status=REJECTED rejection_reason=TIMESTAMP_AFTER_CUTOFF
2026-03-28T08:30:49 [CEST] [CLEARING] settlement_id=SETL-0006000252 order_id_ref=ORD-01300252 received_ts_cet=2026-03-28T08:30:49 received_ts_utc_inferred=2026-03-28T06:30:49Z cut_off_status=WITHIN_WINDOW
2026-03-28T08:30:55 [CEST] [CLEARING] settlement_id=SETL-0006000253 order_id_ref=ORD-01300253 received_ts_cet=2026-03-28T08:30:55 received_ts_utc_inferred=2026-03-28T06:30:55Z cut_off_status=REJECTED rejection_reason=TIMESTAMP_AFTER_CUTOFF
2026-03-28T08:31:05 [CEST] [CLEARING] settlement_id=SETL-0006000254 order_id_ref=ORD-01300254 received_ts_cet=2026-03-28T08:31:05 received_ts_utc_inferred=2026-03-28T06:31:05Z cut_off_status=WITHIN_WINDOW
2026-03-28T08:31:16 [CEST] [CLEARING] settlement_id=SETL-0006000255 order_id_ref=ORD-01300255 received_ts_cet=2026-03-28T08:31:16 received_ts_utc_inferred=2026-03-28T06:31:16Z cut_off_status=WITHIN_WINDOW
2026-03-28T08:31:22 [CEST] [CLEARING] settlement_id=SETL-0006000256 order_id_ref=ORD-01300256 received_ts_cet=2026-03-28T08:31:22 received_ts_utc_inferred=2026-03-28T06:31:22Z cut_off_status=REJECTED rejection_reason=TIMESTAMP_AFTER_CUTOFF
2026-03-28T08:31:27 [CEST] [CLEARING] settlement_id=SETL-0006000257 order_id_ref=ORD-01300257 received_ts_cet=2026-03-28T08:31:27 received_ts_utc_inferred=2026-03-28T06:31:27Z cut_off_status=WITHIN_WINDOW
2026-03-28T08:31:33 [CEST] [CLEARING] settlement_id=SETL-0006000258 order_id_ref=ORD-01300258 received_ts_cet=2026-03-28T08:31:33 received_ts_utc_inferred=2026-03-28T06:31:33Z cut_off_status=WITHIN_WINDOW
2026-03-28T08:31:40 [CEST] [CLEARING] settlement_id=SETL-0006000259 order_id_ref=ORD-01300259 received_ts_cet=2026-03-28T08:31:40 received_ts_utc_inferred=2026-03-28T06:31:40Z cut_off_status=WITHIN_WINDOW
2026-03-28T08:31:50 [CEST] [CLEARING] settlement_id=SETL-0006000260 order_id_ref=ORD-01300260 received_ts_cet=2026-03-28T08:31:50 received_ts_utc_inferred=2026-03-28T06:31:50Z cut_off_status=WITHIN_WINDOW
2026-03-28T08:32:02 [CEST] [CLEARING] settlement_id=SETL-0006000261 order_id_ref=ORD-01300261 received_ts_cet=2026-03-28T08:32:02 received_ts_utc_inferred=2026-03-28T06:32:02Z cut_off_status=WITHIN_WINDOW
2026-03-28T08:32:06 [CEST] [CLEARING] settlement_id=SETL-0006000262 order_id_ref=ORD-01300262 received_ts_cet=2026-03-28T08:32:06 received_ts_utc_inferred=2026-03-28T06:32:06Z cut_off_status=REJECTED rejection_reason=TIMESTAMP_AFTER_CUTOFF
2026-03-28T08:32:09 [CEST] [CLEARING] settlement_id=SETL-0006000263 order_id_ref=ORD-01300263 received_ts_cet=2026-03-28T08:32:09 received_ts_utc_inferred=2026-03-28T06:32:09Z cut_off_status=REJECTED rejection_reason=TIMESTAMP_AFTER_CUTOFF
2026-03-28T08:32:17 [CEST] [CLEARING] settlement_id=SETL-0006000264 order_id_ref=ORD-01300264 received_ts_cet=2026-03-28T08:32:17 received_ts_utc_inferred=2026-03-28T06:32:17Z cut_off_status=WITHIN_WINDOW
2026-03-28T08:32:23 [CEST] [CLEARING] settlement_id=SETL-0006000265 order_id_ref=ORD-01300265 received_ts_cet=2026-03-28T08:32:23 received_ts_utc_inferred=2026-03-28T06:32:23Z cut_off_status=WITHIN_WINDOW
2026-03-28T08:32:31 [CEST] [CLEARING] settlement_id=SETL-0006000266 order_id_ref=ORD-01300266 received_ts_cet=2026-03-28T08:32:31 received_ts_utc_inferred=2026-03-28T06:32:31Z cut_off_status=WITHIN_WINDOW
2026-03-28T08:32:43 [CEST] [CLEARING] settlement_id=SETL-0006000267 order_id_ref=ORD-01300267 received_ts_cet=2026-03-28T08:32:43 received_ts_utc_inferred=2026-03-28T06:32:43Z cut_off_status=WITHIN_WINDOW
2026-03-28T08:32:54 [CEST] [CLEARING] settlement_id=SETL-0006000268 order_id_ref=ORD-01300268 received_ts_cet=2026-03-28T08:32:54 received_ts_utc_inferred=2026-03-28T06:32:54Z cut_off_status=REJECTED rejection_reason=TIMESTAMP_AFTER_CUTOFF
2026-03-28T08:33:04 [CEST] [CLEARING] settlement_id=SETL-0006000269 order_id_ref=ORD-01300269 received_ts_cet=2026-03-28T08:33:04 received_ts_utc_inferred=2026-03-28T06:33:04Z cut_off_status=REJECTED rejection_reason=TIMESTAMP_AFTER_CUTOFF
2026-03-28T08:33:07 [CEST] [CLEARING] settlement_id=SETL-0006000270 order_id_ref=ORD-01300270 received_ts_cet=2026-03-28T08:33:07 received_ts_utc_inferred=2026-03-28T06:33:07Z cut_off_status=WITHIN_WINDOW
2026-03-28T08:33:11 [CEST] [CLEARING] settlement_id=SETL-0006000271 order_id_ref=ORD-01300271 received_ts_cet=2026-03-28T08:33:11 received_ts_utc_inferred=2026-03-28T06:33:11Z cut_off_status=WITHIN_WINDOW
2026-03-28T08:33:23 [CEST] [CLEARING] settlement_id=SETL-0006000272 order_id_ref=ORD-01300272 received_ts_cet=2026-03-28T08:33:23 received_ts_utc_inferred=2026-03-28T06:33:23Z cut_off_status=WITHIN_WINDOW
2026-03-28T08:33:26 [CEST] [CLEARING] settlement_id=SETL-0006000273 order_id_ref=ORD-01300273 received_ts_cet=2026-03-28T08:33:26 received_ts_utc_inferred=2026-03-28T06:33:26Z cut_off_status=WITHIN_WINDOW
2026-03-28T08:33:34 [CEST] [CLEARING] settlement_id=SETL-0006000274 order_id_ref=ORD-01300274 received_ts_cet=2026-03-28T08:33:34 received_ts_utc_inferred=2026-03-28T06:33:34Z cut_off_status=REJECTED rejection_reason=TIMESTAMP_AFTER_CUTOFF
2026-03-28T08:33:45 [CEST] [CLEARING] settlement_id=SETL-0006000275 order_id_ref=ORD-01300275 received_ts_cet=2026-03-28T08:33:45 received_ts_utc_inferred=2026-03-28T06:33:45Z cut_off_status=WITHIN_WINDOW
2026-03-28T08:33:49 [CEST] [CLEARING] settlement_id=SETL-0006000276 order_id_ref=ORD-01300276 received_ts_cet=2026-03-28T08:33:49 received_ts_utc_inferred=2026-03-28T06:33:49Z cut_off_status=REJECTED rejection_reason=TIMESTAMP_AFTER_CUTOFF
2026-03-28T08:33:54 [CEST] [CLEARING] settlement_id=SETL-0006000277 order_id_ref=ORD-01300277 received_ts_cet=2026-03-28T08:33:54 received_ts_utc_inferred=2026-03-28T06:33:54Z cut_off_status=WITHIN_WINDOW
2026-03-28T08:34:00 [CEST] [CLEARING] settlement_id=SETL-0006000278 order_id_ref=ORD-01300278 received_ts_cet=2026-03-28T08:34:00 received_ts_utc_inferred=2026-03-28T06:34:00Z cut_off_status=WITHIN_WINDOW
2026-03-28T08:34:06 [CEST] [CLEARING] settlement_id=SETL-0006000279 order_id_ref=ORD-01300279 received_ts_cet=2026-03-28T08:34:06 received_ts_utc_inferred=2026-03-28T06:34:06Z cut_off_status=REJECTED rejection_reason=TIMESTAMP_AFTER_CUTOFF
2026-03-28T08:34:18 [CEST] [CLEARING] settlement_id=SETL-0006000280 order_id_ref=ORD-01300280 received_ts_cet=2026-03-28T08:34:18 received_ts_utc_inferred=2026-03-28T06:34:18Z cut_off_status=REJECTED rejection_reason=TIMESTAMP_AFTER_CUTOFF
2026-03-28T08:34:24 [CEST] [CLEARING] settlement_id=SETL-0006000281 order_id_ref=ORD-01300281 received_ts_cet=2026-03-28T08:34:24 received_ts_utc_inferred=2026-03-28T06:34:24Z cut_off_status=WITHIN_WINDOW
2026-03-28T08:34:33 [CEST] [CLEARING] settlement_id=SETL-0006000282 order_id_ref=ORD-01300282 received_ts_cet=2026-03-28T08:34:33 received_ts_utc_inferred=2026-03-28T06:34:33Z cut_off_status=WITHIN_WINDOW
2026-03-28T08:34:38 [CEST] [CLEARING] settlement_id=SETL-0006000283 order_id_ref=ORD-01300283 received_ts_cet=2026-03-28T08:34:38 received_ts_utc_inferred=2026-03-28T06:34:38Z cut_off_status=WITHIN_WINDOW
2026-03-28T08:34:45 [CEST] [CLEARING] settlement_id=SETL-0006000284 order_id_ref=ORD-01300284 received_ts_cet=2026-03-28T08:34:45 received_ts_utc_inferred=2026-03-28T06:34:45Z cut_off_status=WITHIN_WINDOW
2026-03-28T08:34:52 [CEST] [CLEARING] settlement_id=SETL-0006000285 order_id_ref=ORD-01300285 received_ts_cet=2026-03-28T08:34:52 received_ts_utc_inferred=2026-03-28T06:34:52Z cut_off_status=WITHIN_WINDOW
2026-03-28T08:34:58 [CEST] [CLEARING] settlement_id=SETL-0006000286 order_id_ref=ORD-01300286 received_ts_cet=2026-03-28T08:34:58 received_ts_utc_inferred=2026-03-28T06:34:58Z cut_off_status=WITHIN_WINDOW
2026-03-28T08:35:04 [CEST] [CLEARING] settlement_id=SETL-0006000287 order_id_ref=ORD-01300287 received_ts_cet=2026-03-28T08:35:04 received_ts_utc_inferred=2026-03-28T06:35:04Z cut_off_status=WITHIN_WINDOW
2026-03-28T08:35:08 [CEST] [CLEARING] settlement_id=SETL-0006000288 order_id_ref=ORD-01300288 received_ts_cet=2026-03-28T08:35:08 received_ts_utc_inferred=2026-03-28T06:35:08Z cut_off_status=WITHIN_WINDOW
2026-03-28T08:35:15 [CEST] [CLEARING] settlement_id=SETL-0006000289 order_id_ref=ORD-01300289 received_ts_cet=2026-03-28T08:35:15 received_ts_utc_inferred=2026-03-28T06:35:15Z cut_off_status=WITHIN_WINDOW
2026-03-28T08:35:19 [CEST] [CLEARING] settlement_id=SETL-0006000290 order_id_ref=ORD-01300290 received_ts_cet=2026-03-28T08:35:19 received_ts_utc_inferred=2026-03-28T06:35:19Z cut_off_status=WITHIN_WINDOW
2026-03-28T08:35:23 [CEST] [CLEARING] settlement_id=SETL-0006000291 order_id_ref=ORD-01300291 received_ts_cet=2026-03-28T08:35:23 received_ts_utc_inferred=2026-03-28T06:35:23Z cut_off_status=WITHIN_WINDOW
2026-03-28T08:35:32 [CEST] [CLEARING] settlement_id=SETL-0006000292 order_id_ref=ORD-01300292 received_ts_cet=2026-03-28T08:35:32 received_ts_utc_inferred=2026-03-28T06:35:32Z cut_off_status=WITHIN_WINDOW
2026-03-28T08:35:42 [CEST] [CLEARING] settlement_id=SETL-0006000293 order_id_ref=ORD-01300293 received_ts_cet=2026-03-28T08:35:42 received_ts_utc_inferred=2026-03-28T06:35:42Z cut_off_status=WITHIN_WINDOW
2026-03-28T08:35:46 [CEST] [CLEARING] settlement_id=SETL-0006000294 order_id_ref=ORD-01300294 received_ts_cet=2026-03-28T08:35:46 received_ts_utc_inferred=2026-03-28T06:35:46Z cut_off_status=WITHIN_WINDOW
2026-03-28T08:35:49 [CEST] [CLEARING] settlement_id=SETL-0006000295 order_id_ref=ORD-01300295 received_ts_cet=2026-03-28T08:35:49 received_ts_utc_inferred=2026-03-28T06:35:49Z cut_off_status=WITHIN_WINDOW
2026-03-28T08:35:57 [CEST] [CLEARING] settlement_id=SETL-0006000296 order_id_ref=ORD-01300296 received_ts_cet=2026-03-28T08:35:57 received_ts_utc_inferred=2026-03-28T06:35:57Z cut_off_status=WITHIN_WINDOW
2026-03-28T08:36:07 [CEST] [CLEARING] settlement_id=SETL-0006000297 order_id_ref=ORD-01300297 received_ts_cet=2026-03-28T08:36:07 received_ts_utc_inferred=2026-03-28T06:36:07Z cut_off_status=WITHIN_WINDOW
2026-03-28T08:36:14 [CEST] [CLEARING] settlement_id=SETL-0006000298 order_id_ref=ORD-01300298 received_ts_cet=2026-03-28T08:36:14 received_ts_utc_inferred=2026-03-28T06:36:14Z cut_off_status=WITHIN_WINDOW
2026-03-28T08:36:19 [CEST] [CLEARING] settlement_id=SETL-0006000299 order_id_ref=ORD-01300299 received_ts_cet=2026-03-28T08:36:19 received_ts_utc_inferred=2026-03-28T06:36:19Z cut_off_status=WITHIN_WINDOW
2026-03-28T08:36:25 [CEST] [CLEARING] settlement_id=SETL-0006000300 order_id_ref=ORD-01300300 received_ts_cet=2026-03-28T08:36:25 received_ts_utc_inferred=2026-03-28T06:36:25Z cut_off_status=WITHIN_WINDOW
2026-03-28T08:36:34 [CEST] [CLEARING] settlement_id=SETL-0006000301 order_id_ref=ORD-01300301 received_ts_cet=2026-03-28T08:36:34 received_ts_utc_inferred=2026-03-28T06:36:34Z cut_off_status=WITHIN_WINDOW
2026-03-28T08:36:38 [CEST] [CLEARING] settlement_id=SETL-0006000302 order_id_ref=ORD-01300302 received_ts_cet=2026-03-28T08:36:38 received_ts_utc_inferred=2026-03-28T06:36:38Z cut_off_status=WITHIN_WINDOW
2026-03-28T08:36:49 [CEST] [CLEARING] settlement_id=SETL-0006000303 order_id_ref=ORD-01300303 received_ts_cet=2026-03-28T08:36:49 received_ts_utc_inferred=2026-03-28T06:36:49Z cut_off_status=WITHIN_WINDOW
2026-03-28T08:37:00 [CEST] [CLEARING] settlement_id=SETL-0006000304 order_id_ref=ORD-01300304 received_ts_cet=2026-03-28T08:37:00 received_ts_utc_inferred=2026-03-28T06:37:00Z cut_off_status=WITHIN_WINDOW
2026-03-28T08:37:05 [CEST] [CLEARING] settlement_id=SETL-0006000305 order_id_ref=ORD-01300305 received_ts_cet=2026-03-28T08:37:05 received_ts_utc_inferred=2026-03-28T06:37:05Z cut_off_status=WITHIN_WINDOW
2026-03-28T08:37:08 [CEST] [CLEARING] settlement_id=SETL-0006000306 order_id_ref=ORD-01300306 received_ts_cet=2026-03-28T08:37:08 received_ts_utc_inferred=2026-03-28T06:37:08Z cut_off_status=WITHIN_WINDOW
2026-03-28T08:37:15 [CEST] [CLEARING] settlement_id=SETL-0006000307 order_id_ref=ORD-01300307 received_ts_cet=2026-03-28T08:37:15 received_ts_utc_inferred=2026-03-28T06:37:15Z cut_off_status=REJECTED rejection_reason=TIMESTAMP_AFTER_CUTOFF
2026-03-28T08:37:22 [CEST] [CLEARING] settlement_id=SETL-0006000308 order_id_ref=ORD-01300308 received_ts_cet=2026-03-28T08:37:22 received_ts_utc_inferred=2026-03-28T06:37:22Z cut_off_status=WITHIN_WINDOW
2026-03-28T08:37:31 [CEST] [CLEARING] settlement_id=SETL-0006000309 order_id_ref=ORD-01300309 received_ts_cet=2026-03-28T08:37:31 received_ts_utc_inferred=2026-03-28T06:37:31Z cut_off_status=WITHIN_WINDOW
2026-03-28T08:37:34 [CEST] [CLEARING] settlement_id=SETL-0006000310 order_id_ref=ORD-01300310 received_ts_cet=2026-03-28T08:37:34 received_ts_utc_inferred=2026-03-28T06:37:34Z cut_off_status=WITHIN_WINDOW
2026-03-28T08:37:44 [CEST] [CLEARING] settlement_id=SETL-0006000311 order_id_ref=ORD-01300311 received_ts_cet=2026-03-28T08:37:44 received_ts_utc_inferred=2026-03-28T06:37:44Z cut_off_status=WITHIN_WINDOW
2026-03-28T08:37:54 [CEST] [CLEARING] settlement_id=SETL-0006000312 order_id_ref=ORD-01300312 received_ts_cet=2026-03-28T08:37:54 received_ts_utc_inferred=2026-03-28T06:37:54Z cut_off_status=WITHIN_WINDOW
2026-03-28T08:38:02 [CEST] [CLEARING] settlement_id=SETL-0006000313 order_id_ref=ORD-01300313 received_ts_cet=2026-03-28T08:38:02 received_ts_utc_inferred=2026-03-28T06:38:02Z cut_off_status=REJECTED rejection_reason=TIMESTAMP_AFTER_CUTOFF
2026-03-28T08:38:12 [CEST] [CLEARING] settlement_id=SETL-0006000314 order_id_ref=ORD-01300314 received_ts_cet=2026-03-28T08:38:12 received_ts_utc_inferred=2026-03-28T06:38:12Z cut_off_status=WITHIN_WINDOW
2026-03-28T08:38:16 [CEST] [CLEARING] settlement_id=SETL-0006000315 order_id_ref=ORD-01300315 received_ts_cet=2026-03-28T08:38:16 received_ts_utc_inferred=2026-03-28T06:38:16Z cut_off_status=WITHIN_WINDOW
2026-03-28T08:38:24 [CEST] [CLEARING] settlement_id=SETL-0006000316 order_id_ref=ORD-01300316 received_ts_cet=2026-03-28T08:38:24 received_ts_utc_inferred=2026-03-28T06:38:24Z cut_off_status=WITHIN_WINDOW
2026-03-28T08:38:32 [CEST] [CLEARING] settlement_id=SETL-0006000317 order_id_ref=ORD-01300317 received_ts_cet=2026-03-28T08:38:32 received_ts_utc_inferred=2026-03-28T06:38:32Z cut_off_status=WITHIN_WINDOW
2026-03-28T08:38:36 [CEST] [CLEARING] settlement_id=SETL-0006000318 order_id_ref=ORD-01300318 received_ts_cet=2026-03-28T08:38:36 received_ts_utc_inferred=2026-03-28T06:38:36Z cut_off_status=REJECTED rejection_reason=TIMESTAMP_AFTER_CUTOFF
2026-03-28T08:38:41 [CEST] [CLEARING] settlement_id=SETL-0006000319 order_id_ref=ORD-01300319 received_ts_cet=2026-03-28T08:38:41 received_ts_utc_inferred=2026-03-28T06:38:41Z cut_off_status=WITHIN_WINDOW
2026-03-28T08:38:48 [CEST] [CLEARING] settlement_id=SETL-0006000320 order_id_ref=ORD-01300320 received_ts_cet=2026-03-28T08:38:48 received_ts_utc_inferred=2026-03-28T06:38:48Z cut_off_status=WITHIN_WINDOW
2026-03-28T08:38:59 [CEST] [CLEARING] settlement_id=SETL-0006000321 order_id_ref=ORD-01300321 received_ts_cet=2026-03-28T08:38:59 received_ts_utc_inferred=2026-03-28T06:38:59Z cut_off_status=WITHIN_WINDOW
2026-03-28T08:39:03 [CEST] [CLEARING] settlement_id=SETL-0006000322 order_id_ref=ORD-01300322 received_ts_cet=2026-03-28T08:39:03 received_ts_utc_inferred=2026-03-28T06:39:03Z cut_off_status=WITHIN_WINDOW
2026-03-28T08:39:07 [CEST] [CLEARING] settlement_id=SETL-0006000323 order_id_ref=ORD-01300323 received_ts_cet=2026-03-28T08:39:07 received_ts_utc_inferred=2026-03-28T06:39:07Z cut_off_status=REJECTED rejection_reason=TIMESTAMP_AFTER_CUTOFF
2026-03-28T08:39:15 [CEST] [CLEARING] settlement_id=SETL-0006000324 order_id_ref=ORD-01300324 received_ts_cet=2026-03-28T08:39:15 received_ts_utc_inferred=2026-03-28T06:39:15Z cut_off_status=WITHIN_WINDOW
2026-03-28T08:39:20 [CEST] [CLEARING] settlement_id=SETL-0006000325 order_id_ref=ORD-01300325 received_ts_cet=2026-03-28T08:39:20 received_ts_utc_inferred=2026-03-28T06:39:20Z cut_off_status=REJECTED rejection_reason=TIMESTAMP_AFTER_CUTOFF
2026-03-28T08:39:28 [CEST] [CLEARING] settlement_id=SETL-0006000326 order_id_ref=ORD-01300326 received_ts_cet=2026-03-28T08:39:28 received_ts_utc_inferred=2026-03-28T06:39:28Z cut_off_status=REJECTED rejection_reason=TIMESTAMP_AFTER_CUTOFF
2026-03-28T08:39:32 [CEST] [CLEARING] settlement_id=SETL-0006000327 order_id_ref=ORD-01300327 received_ts_cet=2026-03-28T08:39:32 received_ts_utc_inferred=2026-03-28T06:39:32Z cut_off_status=WITHIN_WINDOW
2026-03-28T08:39:37 [CEST] [CLEARING] settlement_id=SETL-0006000328 order_id_ref=ORD-01300328 received_ts_cet=2026-03-28T08:39:37 received_ts_utc_inferred=2026-03-28T06:39:37Z cut_off_status=WITHIN_WINDOW
2026-03-28T08:39:42 [CEST] [CLEARING] settlement_id=SETL-0006000329 order_id_ref=ORD-01300329 received_ts_cet=2026-03-28T08:39:42 received_ts_utc_inferred=2026-03-28T06:39:42Z cut_off_status=REJECTED rejection_reason=TIMESTAMP_AFTER_CUTOFF
2026-03-28T08:39:52 [CEST] [CLEARING] settlement_id=SETL-0006000330 order_id_ref=ORD-01300330 received_ts_cet=2026-03-28T08:39:52 received_ts_utc_inferred=2026-03-28T06:39:52Z cut_off_status=WITHIN_WINDOW
2026-03-28T08:40:04 [CEST] [CLEARING] settlement_id=SETL-0006000331 order_id_ref=ORD-01300331 received_ts_cet=2026-03-28T08:40:04 received_ts_utc_inferred=2026-03-28T06:40:04Z cut_off_status=WITHIN_WINDOW
2026-03-28T08:40:15 [CEST] [CLEARING] settlement_id=SETL-0006000332 order_id_ref=ORD-01300332 received_ts_cet=2026-03-28T08:40:15 received_ts_utc_inferred=2026-03-28T06:40:15Z cut_off_status=WITHIN_WINDOW
2026-03-28T08:40:25 [CEST] [CLEARING] settlement_id=SETL-0006000333 order_id_ref=ORD-01300333 received_ts_cet=2026-03-28T08:40:25 received_ts_utc_inferred=2026-03-28T06:40:25Z cut_off_status=REJECTED rejection_reason=TIMESTAMP_AFTER_CUTOFF
2026-03-28T08:40:28 [CEST] [CLEARING] settlement_id=SETL-0006000334 order_id_ref=ORD-01300334 received_ts_cet=2026-03-28T08:40:28 received_ts_utc_inferred=2026-03-28T06:40:28Z cut_off_status=WITHIN_WINDOW
2026-03-28T08:40:33 [CEST] [CLEARING] settlement_id=SETL-0006000335 order_id_ref=ORD-01300335 received_ts_cet=2026-03-28T08:40:33 received_ts_utc_inferred=2026-03-28T06:40:33Z cut_off_status=WITHIN_WINDOW
2026-03-28T08:40:43 [CEST] [CLEARING] settlement_id=SETL-0006000336 order_id_ref=ORD-01300336 received_ts_cet=2026-03-28T08:40:43 received_ts_utc_inferred=2026-03-28T06:40:43Z cut_off_status=WITHIN_WINDOW
2026-03-28T08:40:55 [CEST] [CLEARING] settlement_id=SETL-0006000337 order_id_ref=ORD-01300337 received_ts_cet=2026-03-28T08:40:55 received_ts_utc_inferred=2026-03-28T06:40:55Z cut_off_status=REJECTED rejection_reason=TIMESTAMP_AFTER_CUTOFF
2026-03-28T08:40:59 [CEST] [CLEARING] settlement_id=SETL-0006000338 order_id_ref=ORD-01300338 received_ts_cet=2026-03-28T08:40:59 received_ts_utc_inferred=2026-03-28T06:40:59Z cut_off_status=REJECTED rejection_reason=TIMESTAMP_AFTER_CUTOFF
2026-03-28T08:41:10 [CEST] [CLEARING] settlement_id=SETL-0006000339 order_id_ref=ORD-01300339 received_ts_cet=2026-03-28T08:41:10 received_ts_utc_inferred=2026-03-28T06:41:10Z cut_off_status=REJECTED rejection_reason=TIMESTAMP_AFTER_CUTOFF
2026-03-28T08:41:21 [CEST] [CLEARING] settlement_id=SETL-0006000340 order_id_ref=ORD-01300340 received_ts_cet=2026-03-28T08:41:21 received_ts_utc_inferred=2026-03-28T06:41:21Z cut_off_status=WITHIN_WINDOW
2026-03-28T08:41:25 [CEST] [CLEARING] settlement_id=SETL-0006000341 order_id_ref=ORD-01300341 received_ts_cet=2026-03-28T08:41:25 received_ts_utc_inferred=2026-03-28T06:41:25Z cut_off_status=WITHIN_WINDOW
2026-03-28T08:41:31 [CEST] [CLEARING] settlement_id=SETL-0006000342 order_id_ref=ORD-01300342 received_ts_cet=2026-03-28T08:41:31 received_ts_utc_inferred=2026-03-28T06:41:31Z cut_off_status=REJECTED rejection_reason=TIMESTAMP_AFTER_CUTOFF
2026-03-28T08:41:35 [CEST] [CLEARING] settlement_id=SETL-0006000343 order_id_ref=ORD-01300343 received_ts_cet=2026-03-28T08:41:35 received_ts_utc_inferred=2026-03-28T06:41:35Z cut_off_status=REJECTED rejection_reason=TIMESTAMP_AFTER_CUTOFF
2026-03-28T08:41:41 [CEST] [CLEARING] settlement_id=SETL-0006000344 order_id_ref=ORD-01300344 received_ts_cet=2026-03-28T08:41:41 received_ts_utc_inferred=2026-03-28T06:41:41Z cut_off_status=WITHIN_WINDOW
2026-03-28T08:41:51 [CEST] [CLEARING] settlement_id=SETL-0006000345 order_id_ref=ORD-01300345 received_ts_cet=2026-03-28T08:41:51 received_ts_utc_inferred=2026-03-28T06:41:51Z cut_off_status=WITHIN_WINDOW
2026-03-28T08:41:55 [CEST] [CLEARING] settlement_id=SETL-0006000346 order_id_ref=ORD-01300346 received_ts_cet=2026-03-28T08:41:55 received_ts_utc_inferred=2026-03-28T06:41:55Z cut_off_status=WITHIN_WINDOW
2026-03-28T08:41:59 [CEST] [CLEARING] settlement_id=SETL-0006000347 order_id_ref=ORD-01300347 received_ts_cet=2026-03-28T08:41:59 received_ts_utc_inferred=2026-03-28T06:41:59Z cut_off_status=WITHIN_WINDOW
2026-03-28T08:42:08 [CEST] [CLEARING] settlement_id=SETL-0006000348 order_id_ref=ORD-01300348 received_ts_cet=2026-03-28T08:42:08 received_ts_utc_inferred=2026-03-28T06:42:08Z cut_off_status=WITHIN_WINDOW
2026-03-28T08:42:12 [CEST] [CLEARING] settlement_id=SETL-0006000349 order_id_ref=ORD-01300349 received_ts_cet=2026-03-28T08:42:12 received_ts_utc_inferred=2026-03-28T06:42:12Z cut_off_status=REJECTED rejection_reason=TIMESTAMP_AFTER_CUTOFF
2026-03-28T08:42:19 [CEST] [CLEARING] settlement_id=SETL-0006000350 order_id_ref=ORD-01300350 received_ts_cet=2026-03-28T08:42:19 received_ts_utc_inferred=2026-03-28T06:42:19Z cut_off_status=REJECTED rejection_reason=TIMESTAMP_AFTER_CUTOFF
2026-03-28T08:42:25 [CEST] [CLEARING] settlement_id=SETL-0006000351 order_id_ref=ORD-01300351 received_ts_cet=2026-03-28T08:42:25 received_ts_utc_inferred=2026-03-28T06:42:25Z cut_off_status=REJECTED rejection_reason=TIMESTAMP_AFTER_CUTOFF
2026-03-28T08:42:34 [CEST] [CLEARING] settlement_id=SETL-0006000352 order_id_ref=ORD-01300352 received_ts_cet=2026-03-28T08:42:34 received_ts_utc_inferred=2026-03-28T06:42:34Z cut_off_status=WITHIN_WINDOW
2026-03-28T08:42:38 [CEST] [CLEARING] settlement_id=SETL-0006000353 order_id_ref=ORD-01300353 received_ts_cet=2026-03-28T08:42:38 received_ts_utc_inferred=2026-03-28T06:42:38Z cut_off_status=WITHIN_WINDOW
2026-03-28T08:42:41 [CEST] [CLEARING] settlement_id=SETL-0006000354 order_id_ref=ORD-01300354 received_ts_cet=2026-03-28T08:42:41 received_ts_utc_inferred=2026-03-28T06:42:41Z cut_off_status=REJECTED rejection_reason=TIMESTAMP_AFTER_CUTOFF
2026-03-28T08:42:48 [CEST] [CLEARING] settlement_id=SETL-0006000355 order_id_ref=ORD-01300355 received_ts_cet=2026-03-28T08:42:48 received_ts_utc_inferred=2026-03-28T06:42:48Z cut_off_status=WITHIN_WINDOW
2026-03-28T08:43:00 [CEST] [CLEARING] settlement_id=SETL-0006000356 order_id_ref=ORD-01300356 received_ts_cet=2026-03-28T08:43:00 received_ts_utc_inferred=2026-03-28T06:43:00Z cut_off_status=WITHIN_WINDOW
2026-03-28T08:43:11 [CEST] [CLEARING] settlement_id=SETL-0006000357 order_id_ref=ORD-01300357 received_ts_cet=2026-03-28T08:43:11 received_ts_utc_inferred=2026-03-28T06:43:11Z cut_off_status=REJECTED rejection_reason=TIMESTAMP_AFTER_CUTOFF
2026-03-28T08:43:22 [CEST] [CLEARING] settlement_id=SETL-0006000358 order_id_ref=ORD-01300358 received_ts_cet=2026-03-28T08:43:22 received_ts_utc_inferred=2026-03-28T06:43:22Z cut_off_status=WITHIN_WINDOW
2026-03-28T08:43:32 [CEST] [CLEARING] settlement_id=SETL-0006000359 order_id_ref=ORD-01300359 received_ts_cet=2026-03-28T08:43:32 received_ts_utc_inferred=2026-03-28T06:43:32Z cut_off_status=REJECTED rejection_reason=TIMESTAMP_AFTER_CUTOFF
2026-03-28T08:43:38 [CEST] [CLEARING] settlement_id=SETL-0006000360 order_id_ref=ORD-01300360 received_ts_cet=2026-03-28T08:43:38 received_ts_utc_inferred=2026-03-28T06:43:38Z cut_off_status=REJECTED rejection_reason=TIMESTAMP_AFTER_CUTOFF
2026-03-28T08:43:50 [CEST] [CLEARING] settlement_id=SETL-0006000361 order_id_ref=ORD-01300361 received_ts_cet=2026-03-28T08:43:50 received_ts_utc_inferred=2026-03-28T06:43:50Z cut_off_status=REJECTED rejection_reason=TIMESTAMP_AFTER_CUTOFF
2026-03-28T08:43:53 [CEST] [CLEARING] settlement_id=SETL-0006000362 order_id_ref=ORD-01300362 received_ts_cet=2026-03-28T08:43:53 received_ts_utc_inferred=2026-03-28T06:43:53Z cut_off_status=WITHIN_WINDOW
2026-03-28T08:44:02 [CEST] [CLEARING] settlement_id=SETL-0006000363 order_id_ref=ORD-01300363 received_ts_cet=2026-03-28T08:44:02 received_ts_utc_inferred=2026-03-28T06:44:02Z cut_off_status=WITHIN_WINDOW
2026-03-28T08:44:10 [CEST] [CLEARING] settlement_id=SETL-0006000364 order_id_ref=ORD-01300364 received_ts_cet=2026-03-28T08:44:10 received_ts_utc_inferred=2026-03-28T06:44:10Z cut_off_status=WITHIN_WINDOW
2026-03-28T08:44:21 [CEST] [CLEARING] settlement_id=SETL-0006000365 order_id_ref=ORD-01300365 received_ts_cet=2026-03-28T08:44:21 received_ts_utc_inferred=2026-03-28T06:44:21Z cut_off_status=REJECTED rejection_reason=TIMESTAMP_AFTER_CUTOFF
2026-03-28T08:44:26 [CEST] [CLEARING] settlement_id=SETL-0006000366 order_id_ref=ORD-01300366 received_ts_cet=2026-03-28T08:44:26 received_ts_utc_inferred=2026-03-28T06:44:26Z cut_off_status=WITHIN_WINDOW
2026-03-28T08:44:33 [CEST] [CLEARING] settlement_id=SETL-0006000367 order_id_ref=ORD-01300367 received_ts_cet=2026-03-28T08:44:33 received_ts_utc_inferred=2026-03-28T06:44:33Z cut_off_status=WITHIN_WINDOW
2026-03-28T08:44:41 [CEST] [CLEARING] settlement_id=SETL-0006000368 order_id_ref=ORD-01300368 received_ts_cet=2026-03-28T08:44:41 received_ts_utc_inferred=2026-03-28T06:44:41Z cut_off_status=REJECTED rejection_reason=TIMESTAMP_AFTER_CUTOFF
2026-03-28T08:44:52 [CEST] [CLEARING] settlement_id=SETL-0006000369 order_id_ref=ORD-01300369 received_ts_cet=2026-03-28T08:44:52 received_ts_utc_inferred=2026-03-28T06:44:52Z cut_off_status=REJECTED rejection_reason=TIMESTAMP_AFTER_CUTOFF
2026-03-28T08:45:02 [CEST] [CLEARING] settlement_id=SETL-0006000370 order_id_ref=ORD-01300370 received_ts_cet=2026-03-28T08:45:02 received_ts_utc_inferred=2026-03-28T06:45:02Z cut_off_status=WITHIN_WINDOW
2026-03-28T08:45:14 [CEST] [CLEARING] settlement_id=SETL-0006000371 order_id_ref=ORD-01300371 received_ts_cet=2026-03-28T08:45:14 received_ts_utc_inferred=2026-03-28T06:45:14Z cut_off_status=REJECTED rejection_reason=TIMESTAMP_AFTER_CUTOFF
2026-03-28T08:45:17 [CEST] [CLEARING] settlement_id=SETL-0006000372 order_id_ref=ORD-01300372 received_ts_cet=2026-03-28T08:45:17 received_ts_utc_inferred=2026-03-28T06:45:17Z cut_off_status=WITHIN_WINDOW
2026-03-28T08:45:23 [CEST] [CLEARING] settlement_id=SETL-0006000373 order_id_ref=ORD-01300373 received_ts_cet=2026-03-28T08:45:23 received_ts_utc_inferred=2026-03-28T06:45:23Z cut_off_status=WITHIN_WINDOW
2026-03-28T08:45:33 [CEST] [CLEARING] settlement_id=SETL-0006000374 order_id_ref=ORD-01300374 received_ts_cet=2026-03-28T08:45:33 received_ts_utc_inferred=2026-03-28T06:45:33Z cut_off_status=WITHIN_WINDOW
2026-03-28T08:45:41 [CEST] [CLEARING] settlement_id=SETL-0006000375 order_id_ref=ORD-01300375 received_ts_cet=2026-03-28T08:45:41 received_ts_utc_inferred=2026-03-28T06:45:41Z cut_off_status=WITHIN_WINDOW
2026-03-28T08:45:50 [CEST] [CLEARING] settlement_id=SETL-0006000376 order_id_ref=ORD-01300376 received_ts_cet=2026-03-28T08:45:50 received_ts_utc_inferred=2026-03-28T06:45:50Z cut_off_status=WITHIN_WINDOW
2026-03-28T08:45:58 [CEST] [CLEARING] settlement_id=SETL-0006000377 order_id_ref=ORD-01300377 received_ts_cet=2026-03-28T08:45:58 received_ts_utc_inferred=2026-03-28T06:45:58Z cut_off_status=REJECTED rejection_reason=TIMESTAMP_AFTER_CUTOFF
2026-03-28T08:46:02 [CEST] [CLEARING] settlement_id=SETL-0006000378 order_id_ref=ORD-01300378 received_ts_cet=2026-03-28T08:46:02 received_ts_utc_inferred=2026-03-28T06:46:02Z cut_off_status=WITHIN_WINDOW
2026-03-28T08:46:06 [CEST] [CLEARING] settlement_id=SETL-0006000379 order_id_ref=ORD-01300379 received_ts_cet=2026-03-28T08:46:06 received_ts_utc_inferred=2026-03-28T06:46:06Z cut_off_status=REJECTED rejection_reason=TIMESTAMP_AFTER_CUTOFF
2026-03-28T08:46:13 [CEST] [CLEARING] settlement_id=SETL-0006000380 order_id_ref=ORD-01300380 received_ts_cet=2026-03-28T08:46:13 received_ts_utc_inferred=2026-03-28T06:46:13Z cut_off_status=WITHIN_WINDOW
2026-03-28T08:46:19 [CEST] [CLEARING] settlement_id=SETL-0006000381 order_id_ref=ORD-01300381 received_ts_cet=2026-03-28T08:46:19 received_ts_utc_inferred=2026-03-28T06:46:19Z cut_off_status=WITHIN_WINDOW
2026-03-28T08:46:27 [CEST] [CLEARING] settlement_id=SETL-0006000382 order_id_ref=ORD-01300382 received_ts_cet=2026-03-28T08:46:27 received_ts_utc_inferred=2026-03-28T06:46:27Z cut_off_status=REJECTED rejection_reason=TIMESTAMP_AFTER_CUTOFF
2026-03-28T08:46:39 [CEST] [CLEARING] settlement_id=SETL-0006000383 order_id_ref=ORD-01300383 received_ts_cet=2026-03-28T08:46:39 received_ts_utc_inferred=2026-03-28T06:46:39Z cut_off_status=WITHIN_WINDOW
2026-03-28T08:46:44 [CEST] [CLEARING] settlement_id=SETL-0006000384 order_id_ref=ORD-01300384 received_ts_cet=2026-03-28T08:46:44 received_ts_utc_inferred=2026-03-28T06:46:44Z cut_off_status=REJECTED rejection_reason=TIMESTAMP_AFTER_CUTOFF
2026-03-28T08:46:48 [CEST] [CLEARING] settlement_id=SETL-0006000385 order_id_ref=ORD-01300385 received_ts_cet=2026-03-28T08:46:48 received_ts_utc_inferred=2026-03-28T06:46:48Z cut_off_status=REJECTED rejection_reason=TIMESTAMP_AFTER_CUTOFF
2026-03-28T08:46:56 [CEST] [CLEARING] settlement_id=SETL-0006000386 order_id_ref=ORD-01300386 received_ts_cet=2026-03-28T08:46:56 received_ts_utc_inferred=2026-03-28T06:46:56Z cut_off_status=WITHIN_WINDOW
2026-03-28T08:47:00 [CEST] [CLEARING] settlement_id=SETL-0006000387 order_id_ref=ORD-01300387 received_ts_cet=2026-03-28T08:47:00 received_ts_utc_inferred=2026-03-28T06:47:00Z cut_off_status=WITHIN_WINDOW
2026-03-28T08:47:04 [CEST] [CLEARING] settlement_id=SETL-0006000388 order_id_ref=ORD-01300388 received_ts_cet=2026-03-28T08:47:04 received_ts_utc_inferred=2026-03-28T06:47:04Z cut_off_status=REJECTED rejection_reason=TIMESTAMP_AFTER_CUTOFF
2026-03-28T08:47:07 [CEST] [CLEARING] settlement_id=SETL-0006000389 order_id_ref=ORD-01300389 received_ts_cet=2026-03-28T08:47:07 received_ts_utc_inferred=2026-03-28T06:47:07Z cut_off_status=WITHIN_WINDOW
2026-03-28T08:47:18 [CEST] [CLEARING] settlement_id=SETL-0006000390 order_id_ref=ORD-01300390 received_ts_cet=2026-03-28T08:47:18 received_ts_utc_inferred=2026-03-28T06:47:18Z cut_off_status=WITHIN_WINDOW
2026-03-28T08:47:22 [CEST] [CLEARING] settlement_id=SETL-0006000391 order_id_ref=ORD-01300391 received_ts_cet=2026-03-28T08:47:22 received_ts_utc_inferred=2026-03-28T06:47:22Z cut_off_status=REJECTED rejection_reason=TIMESTAMP_AFTER_CUTOFF
2026-03-28T08:47:29 [CEST] [CLEARING] settlement_id=SETL-0006000392 order_id_ref=ORD-01300392 received_ts_cet=2026-03-28T08:47:29 received_ts_utc_inferred=2026-03-28T06:47:29Z cut_off_status=WITHIN_WINDOW
2026-03-28T08:47:41 [CEST] [CLEARING] settlement_id=SETL-0006000393 order_id_ref=ORD-01300393 received_ts_cet=2026-03-28T08:47:41 received_ts_utc_inferred=2026-03-28T06:47:41Z cut_off_status=WITHIN_WINDOW
2026-03-28T08:47:51 [CEST] [CLEARING] settlement_id=SETL-0006000394 order_id_ref=ORD-01300394 received_ts_cet=2026-03-28T08:47:51 received_ts_utc_inferred=2026-03-28T06:47:51Z cut_off_status=WITHIN_WINDOW
2026-03-28T08:47:55 [CEST] [CLEARING] settlement_id=SETL-0006000395 order_id_ref=ORD-01300395 received_ts_cet=2026-03-28T08:47:55 received_ts_utc_inferred=2026-03-28T06:47:55Z cut_off_status=REJECTED rejection_reason=TIMESTAMP_AFTER_CUTOFF
2026-03-28T08:47:58 [CEST] [CLEARING] settlement_id=SETL-0006000396 order_id_ref=ORD-01300396 received_ts_cet=2026-03-28T08:47:58 received_ts_utc_inferred=2026-03-28T06:47:58Z cut_off_status=WITHIN_WINDOW
2026-03-28T08:48:01 [CEST] [CLEARING] settlement_id=SETL-0006000397 order_id_ref=ORD-01300397 received_ts_cet=2026-03-28T08:48:01 received_ts_utc_inferred=2026-03-28T06:48:01Z cut_off_status=REJECTED rejection_reason=TIMESTAMP_AFTER_CUTOFF
2026-03-28T08:48:13 [CEST] [CLEARING] settlement_id=SETL-0006000398 order_id_ref=ORD-01300398 received_ts_cet=2026-03-28T08:48:13 received_ts_utc_inferred=2026-03-28T06:48:13Z cut_off_status=WITHIN_WINDOW
2026-03-28T08:48:18 [CEST] [CLEARING] settlement_id=SETL-0006000399 order_id_ref=ORD-01300399 received_ts_cet=2026-03-28T08:48:18 received_ts_utc_inferred=2026-03-28T06:48:18Z cut_off_status=WITHIN_WINDOW
2026-03-28T08:48:26 [CEST] [CLEARING] settlement_id=SETL-0006000400 order_id_ref=ORD-01300400 received_ts_cet=2026-03-28T08:48:26 received_ts_utc_inferred=2026-03-28T06:48:26Z cut_off_status=REJECTED rejection_reason=TIMESTAMP_AFTER_CUTOFF
2026-03-28T08:48:36 [CEST] [CLEARING] settlement_id=SETL-0006000401 order_id_ref=ORD-01300401 received_ts_cet=2026-03-28T08:48:36 received_ts_utc_inferred=2026-03-28T06:48:36Z cut_off_status=WITHIN_WINDOW
2026-03-28T08:48:45 [CEST] [CLEARING] settlement_id=SETL-0006000402 order_id_ref=ORD-01300402 received_ts_cet=2026-03-28T08:48:45 received_ts_utc_inferred=2026-03-28T06:48:45Z cut_off_status=WITHIN_WINDOW
2026-03-28T08:48:48 [CEST] [CLEARING] settlement_id=SETL-0006000403 order_id_ref=ORD-01300403 received_ts_cet=2026-03-28T08:48:48 received_ts_utc_inferred=2026-03-28T06:48:48Z cut_off_status=WITHIN_WINDOW
2026-03-28T08:48:51 [CEST] [CLEARING] settlement_id=SETL-0006000404 order_id_ref=ORD-01300404 received_ts_cet=2026-03-28T08:48:51 received_ts_utc_inferred=2026-03-28T06:48:51Z cut_off_status=WITHIN_WINDOW
2026-03-28T08:49:02 [CEST] [CLEARING] settlement_id=SETL-0006000405 order_id_ref=ORD-01300405 received_ts_cet=2026-03-28T08:49:02 received_ts_utc_inferred=2026-03-28T06:49:02Z cut_off_status=WITHIN_WINDOW
2026-03-28T08:49:05 [CEST] [CLEARING] settlement_id=SETL-0006000406 order_id_ref=ORD-01300406 received_ts_cet=2026-03-28T08:49:05 received_ts_utc_inferred=2026-03-28T06:49:05Z cut_off_status=WITHIN_WINDOW
2026-03-28T08:49:11 [CEST] [CLEARING] settlement_id=SETL-0006000407 order_id_ref=ORD-01300407 received_ts_cet=2026-03-28T08:49:11 received_ts_utc_inferred=2026-03-28T06:49:11Z cut_off_status=REJECTED rejection_reason=TIMESTAMP_AFTER_CUTOFF
2026-03-28T08:49:21 [CEST] [CLEARING] settlement_id=SETL-0006000408 order_id_ref=ORD-01300408 received_ts_cet=2026-03-28T08:49:21 received_ts_utc_inferred=2026-03-28T06:49:21Z cut_off_status=WITHIN_WINDOW
2026-03-28T08:49:30 [CEST] [CLEARING] settlement_id=SETL-0006000409 order_id_ref=ORD-01300409 received_ts_cet=2026-03-28T08:49:30 received_ts_utc_inferred=2026-03-28T06:49:30Z cut_off_status=WITHIN_WINDOW
2026-03-28T08:49:42 [CEST] [CLEARING] settlement_id=SETL-0006000410 order_id_ref=ORD-01300410 received_ts_cet=2026-03-28T08:49:42 received_ts_utc_inferred=2026-03-28T06:49:42Z cut_off_status=WITHIN_WINDOW
2026-03-28T08:49:52 [CEST] [CLEARING] settlement_id=SETL-0006000411 order_id_ref=ORD-01300411 received_ts_cet=2026-03-28T08:49:52 received_ts_utc_inferred=2026-03-28T06:49:52Z cut_off_status=WITHIN_WINDOW
2026-03-28T08:49:56 [CEST] [CLEARING] settlement_id=SETL-0006000412 order_id_ref=ORD-01300412 received_ts_cet=2026-03-28T08:49:56 received_ts_utc_inferred=2026-03-28T06:49:56Z cut_off_status=WITHIN_WINDOW
2026-03-28T08:50:07 [CEST] [CLEARING] settlement_id=SETL-0006000413 order_id_ref=ORD-01300413 received_ts_cet=2026-03-28T08:50:07 received_ts_utc_inferred=2026-03-28T06:50:07Z cut_off_status=WITHIN_WINDOW
2026-03-28T08:50:14 [CEST] [CLEARING] settlement_id=SETL-0006000414 order_id_ref=ORD-01300414 received_ts_cet=2026-03-28T08:50:14 received_ts_utc_inferred=2026-03-28T06:50:14Z cut_off_status=WITHIN_WINDOW
2026-03-28T08:50:26 [CEST] [CLEARING] settlement_id=SETL-0006000415 order_id_ref=ORD-01300415 received_ts_cet=2026-03-28T08:50:26 received_ts_utc_inferred=2026-03-28T06:50:26Z cut_off_status=REJECTED rejection_reason=TIMESTAMP_AFTER_CUTOFF
2026-03-28T08:50:37 [CEST] [CLEARING] settlement_id=SETL-0006000416 order_id_ref=ORD-01300416 received_ts_cet=2026-03-28T08:50:37 received_ts_utc_inferred=2026-03-28T06:50:37Z cut_off_status=REJECTED rejection_reason=TIMESTAMP_AFTER_CUTOFF
2026-03-28T08:50:44 [CEST] [CLEARING] settlement_id=SETL-0006000417 order_id_ref=ORD-01300417 received_ts_cet=2026-03-28T08:50:44 received_ts_utc_inferred=2026-03-28T06:50:44Z cut_off_status=WITHIN_WINDOW
2026-03-28T08:50:48 [CEST] [CLEARING] settlement_id=SETL-0006000418 order_id_ref=ORD-01300418 received_ts_cet=2026-03-28T08:50:48 received_ts_utc_inferred=2026-03-28T06:50:48Z cut_off_status=WITHIN_WINDOW
2026-03-28T08:50:59 [CEST] [CLEARING] settlement_id=SETL-0006000419 order_id_ref=ORD-01300419 received_ts_cet=2026-03-28T08:50:59 received_ts_utc_inferred=2026-03-28T06:50:59Z cut_off_status=WITHIN_WINDOW
2026-03-28T08:51:08 [CEST] [CLEARING] settlement_id=SETL-0006000420 order_id_ref=ORD-01300420 received_ts_cet=2026-03-28T08:51:08 received_ts_utc_inferred=2026-03-28T06:51:08Z cut_off_status=WITHIN_WINDOW
2026-03-28T08:51:18 [CEST] [CLEARING] settlement_id=SETL-0006000421 order_id_ref=ORD-01300421 received_ts_cet=2026-03-28T08:51:18 received_ts_utc_inferred=2026-03-28T06:51:18Z cut_off_status=WITHIN_WINDOW
2026-03-28T08:51:26 [CEST] [CLEARING] settlement_id=SETL-0006000422 order_id_ref=ORD-01300422 received_ts_cet=2026-03-28T08:51:26 received_ts_utc_inferred=2026-03-28T06:51:26Z cut_off_status=WITHIN_WINDOW
2026-03-28T08:51:36 [CEST] [CLEARING] settlement_id=SETL-0006000423 order_id_ref=ORD-01300423 received_ts_cet=2026-03-28T08:51:36 received_ts_utc_inferred=2026-03-28T06:51:36Z cut_off_status=WITHIN_WINDOW
2026-03-28T08:51:43 [CEST] [CLEARING] settlement_id=SETL-0006000424 order_id_ref=ORD-01300424 received_ts_cet=2026-03-28T08:51:43 received_ts_utc_inferred=2026-03-28T06:51:43Z cut_off_status=REJECTED rejection_reason=TIMESTAMP_AFTER_CUTOFF
2026-03-28T08:51:47 [CEST] [CLEARING] settlement_id=SETL-0006000425 order_id_ref=ORD-01300425 received_ts_cet=2026-03-28T08:51:47 received_ts_utc_inferred=2026-03-28T06:51:47Z cut_off_status=WITHIN_WINDOW
2026-03-28T08:51:52 [CEST] [CLEARING] settlement_id=SETL-0006000426 order_id_ref=ORD-01300426 received_ts_cet=2026-03-28T08:51:52 received_ts_utc_inferred=2026-03-28T06:51:52Z cut_off_status=WITHIN_WINDOW
2026-03-28T08:52:03 [CEST] [CLEARING] settlement_id=SETL-0006000427 order_id_ref=ORD-01300427 received_ts_cet=2026-03-28T08:52:03 received_ts_utc_inferred=2026-03-28T06:52:03Z cut_off_status=WITHIN_WINDOW
2026-03-28T08:52:13 [CEST] [CLEARING] settlement_id=SETL-0006000428 order_id_ref=ORD-01300428 received_ts_cet=2026-03-28T08:52:13 received_ts_utc_inferred=2026-03-28T06:52:13Z cut_off_status=REJECTED rejection_reason=TIMESTAMP_AFTER_CUTOFF
2026-03-28T08:52:20 [CEST] [CLEARING] settlement_id=SETL-0006000429 order_id_ref=ORD-01300429 received_ts_cet=2026-03-28T08:52:20 received_ts_utc_inferred=2026-03-28T06:52:20Z cut_off_status=WITHIN_WINDOW
2026-03-28T08:52:25 [CEST] [CLEARING] settlement_id=SETL-0006000430 order_id_ref=ORD-01300430 received_ts_cet=2026-03-28T08:52:25 received_ts_utc_inferred=2026-03-28T06:52:25Z cut_off_status=REJECTED rejection_reason=TIMESTAMP_AFTER_CUTOFF
2026-03-28T08:52:34 [CEST] [CLEARING] settlement_id=SETL-0006000431 order_id_ref=ORD-01300431 received_ts_cet=2026-03-28T08:52:34 received_ts_utc_inferred=2026-03-28T06:52:34Z cut_off_status=WITHIN_WINDOW
2026-03-28T08:52:41 [CEST] [CLEARING] settlement_id=SETL-0006000432 order_id_ref=ORD-01300432 received_ts_cet=2026-03-28T08:52:41 received_ts_utc_inferred=2026-03-28T06:52:41Z cut_off_status=WITHIN_WINDOW
2026-03-28T08:52:48 [CEST] [CLEARING] settlement_id=SETL-0006000433 order_id_ref=ORD-01300433 received_ts_cet=2026-03-28T08:52:48 received_ts_utc_inferred=2026-03-28T06:52:48Z cut_off_status=WITHIN_WINDOW
2026-03-28T08:52:54 [CEST] [CLEARING] settlement_id=SETL-0006000434 order_id_ref=ORD-01300434 received_ts_cet=2026-03-28T08:52:54 received_ts_utc_inferred=2026-03-28T06:52:54Z cut_off_status=REJECTED rejection_reason=TIMESTAMP_AFTER_CUTOFF
2026-03-28T08:52:58 [CEST] [CLEARING] settlement_id=SETL-0006000435 order_id_ref=ORD-01300435 received_ts_cet=2026-03-28T08:52:58 received_ts_utc_inferred=2026-03-28T06:52:58Z cut_off_status=WITHIN_WINDOW
2026-03-28T08:53:07 [CEST] [CLEARING] settlement_id=SETL-0006000436 order_id_ref=ORD-01300436 received_ts_cet=2026-03-28T08:53:07 received_ts_utc_inferred=2026-03-28T06:53:07Z cut_off_status=WITHIN_WINDOW
2026-03-28T08:53:17 [CEST] [CLEARING] settlement_id=SETL-0006000437 order_id_ref=ORD-01300437 received_ts_cet=2026-03-28T08:53:17 received_ts_utc_inferred=2026-03-28T06:53:17Z cut_off_status=WITHIN_WINDOW
2026-03-28T08:53:21 [CEST] [CLEARING] settlement_id=SETL-0006000438 order_id_ref=ORD-01300438 received_ts_cet=2026-03-28T08:53:21 received_ts_utc_inferred=2026-03-28T06:53:21Z cut_off_status=WITHIN_WINDOW
2026-03-28T08:53:28 [CEST] [CLEARING] settlement_id=SETL-0006000439 order_id_ref=ORD-01300439 received_ts_cet=2026-03-28T08:53:28 received_ts_utc_inferred=2026-03-28T06:53:28Z cut_off_status=WITHIN_WINDOW
2026-03-28T08:53:40 [CEST] [CLEARING] settlement_id=SETL-0006000440 order_id_ref=ORD-01300440 received_ts_cet=2026-03-28T08:53:40 received_ts_utc_inferred=2026-03-28T06:53:40Z cut_off_status=REJECTED rejection_reason=TIMESTAMP_AFTER_CUTOFF
2026-03-28T08:53:43 [CEST] [CLEARING] settlement_id=SETL-0006000441 order_id_ref=ORD-01300441 received_ts_cet=2026-03-28T08:53:43 received_ts_utc_inferred=2026-03-28T06:53:43Z cut_off_status=WITHIN_WINDOW
2026-03-28T08:53:51 [CEST] [CLEARING] settlement_id=SETL-0006000442 order_id_ref=ORD-01300442 received_ts_cet=2026-03-28T08:53:51 received_ts_utc_inferred=2026-03-28T06:53:51Z cut_off_status=REJECTED rejection_reason=TIMESTAMP_AFTER_CUTOFF
2026-03-28T08:54:01 [CEST] [CLEARING] settlement_id=SETL-0006000443 order_id_ref=ORD-01300443 received_ts_cet=2026-03-28T08:54:01 received_ts_utc_inferred=2026-03-28T06:54:01Z cut_off_status=WITHIN_WINDOW
2026-03-28T08:54:05 [CEST] [CLEARING] settlement_id=SETL-0006000444 order_id_ref=ORD-01300444 received_ts_cet=2026-03-28T08:54:05 received_ts_utc_inferred=2026-03-28T06:54:05Z cut_off_status=WITHIN_WINDOW
2026-03-28T08:54:16 [CEST] [CLEARING] settlement_id=SETL-0006000445 order_id_ref=ORD-01300445 received_ts_cet=2026-03-28T08:54:16 received_ts_utc_inferred=2026-03-28T06:54:16Z cut_off_status=WITHIN_WINDOW
2026-03-28T08:54:21 [CEST] [CLEARING] settlement_id=SETL-0006000446 order_id_ref=ORD-01300446 received_ts_cet=2026-03-28T08:54:21 received_ts_utc_inferred=2026-03-28T06:54:21Z cut_off_status=REJECTED rejection_reason=TIMESTAMP_AFTER_CUTOFF
2026-03-28T08:54:25 [CEST] [CLEARING] settlement_id=SETL-0006000447 order_id_ref=ORD-01300447 received_ts_cet=2026-03-28T08:54:25 received_ts_utc_inferred=2026-03-28T06:54:25Z cut_off_status=WITHIN_WINDOW
2026-03-28T08:54:30 [CEST] [CLEARING] settlement_id=SETL-0006000448 order_id_ref=ORD-01300448 received_ts_cet=2026-03-28T08:54:30 received_ts_utc_inferred=2026-03-28T06:54:30Z cut_off_status=WITHIN_WINDOW
2026-03-28T08:54:39 [CEST] [CLEARING] settlement_id=SETL-0006000449 order_id_ref=ORD-01300449 received_ts_cet=2026-03-28T08:54:39 received_ts_utc_inferred=2026-03-28T06:54:39Z cut_off_status=WITHIN_WINDOW
2026-03-28T08:54:45 [CEST] [CLEARING] settlement_id=SETL-0006000450 order_id_ref=ORD-01300450 received_ts_cet=2026-03-28T08:54:45 received_ts_utc_inferred=2026-03-28T06:54:45Z cut_off_status=REJECTED rejection_reason=TIMESTAMP_AFTER_CUTOFF
2026-03-28T08:54:55 [CEST] [CLEARING] settlement_id=SETL-0006000451 order_id_ref=ORD-01300451 received_ts_cet=2026-03-28T08:54:55 received_ts_utc_inferred=2026-03-28T06:54:55Z cut_off_status=REJECTED rejection_reason=TIMESTAMP_AFTER_CUTOFF
2026-03-28T08:55:07 [CEST] [CLEARING] settlement_id=SETL-0006000452 order_id_ref=ORD-01300452 received_ts_cet=2026-03-28T08:55:07 received_ts_utc_inferred=2026-03-28T06:55:07Z cut_off_status=REJECTED rejection_reason=TIMESTAMP_AFTER_CUTOFF
2026-03-28T08:55:18 [CEST] [CLEARING] settlement_id=SETL-0006000453 order_id_ref=ORD-01300453 received_ts_cet=2026-03-28T08:55:18 received_ts_utc_inferred=2026-03-28T06:55:18Z cut_off_status=WITHIN_WINDOW
2026-03-28T08:55:22 [CEST] [CLEARING] settlement_id=SETL-0006000454 order_id_ref=ORD-01300454 received_ts_cet=2026-03-28T08:55:22 received_ts_utc_inferred=2026-03-28T06:55:22Z cut_off_status=WITHIN_WINDOW
2026-03-28T08:55:33 [CEST] [CLEARING] settlement_id=SETL-0006000455 order_id_ref=ORD-01300455 received_ts_cet=2026-03-28T08:55:33 received_ts_utc_inferred=2026-03-28T06:55:33Z cut_off_status=WITHIN_WINDOW
2026-03-28T08:55:40 [CEST] [CLEARING] settlement_id=SETL-0006000456 order_id_ref=ORD-01300456 received_ts_cet=2026-03-28T08:55:40 received_ts_utc_inferred=2026-03-28T06:55:40Z cut_off_status=WITHIN_WINDOW
2026-03-28T08:55:51 [CEST] [CLEARING] settlement_id=SETL-0006000457 order_id_ref=ORD-01300457 received_ts_cet=2026-03-28T08:55:51 received_ts_utc_inferred=2026-03-28T06:55:51Z cut_off_status=WITHIN_WINDOW
2026-03-28T08:55:59 [CEST] [CLEARING] settlement_id=SETL-0006000458 order_id_ref=ORD-01300458 received_ts_cet=2026-03-28T08:55:59 received_ts_utc_inferred=2026-03-28T06:55:59Z cut_off_status=WITHIN_WINDOW
2026-03-28T08:56:09 [CEST] [CLEARING] settlement_id=SETL-0006000459 order_id_ref=ORD-01300459 received_ts_cet=2026-03-28T08:56:09 received_ts_utc_inferred=2026-03-28T06:56:09Z cut_off_status=REJECTED rejection_reason=TIMESTAMP_AFTER_CUTOFF
2026-03-28T08:56:17 [CEST] [CLEARING] settlement_id=SETL-0006000460 order_id_ref=ORD-01300460 received_ts_cet=2026-03-28T08:56:17 received_ts_utc_inferred=2026-03-28T06:56:17Z cut_off_status=WITHIN_WINDOW
2026-03-28T08:56:21 [CEST] [CLEARING] settlement_id=SETL-0006000461 order_id_ref=ORD-01300461 received_ts_cet=2026-03-28T08:56:21 received_ts_utc_inferred=2026-03-28T06:56:21Z cut_off_status=WITHIN_WINDOW
2026-03-28T08:56:25 [CEST] [CLEARING] settlement_id=SETL-0006000462 order_id_ref=ORD-01300462 received_ts_cet=2026-03-28T08:56:25 received_ts_utc_inferred=2026-03-28T06:56:25Z cut_off_status=WITHIN_WINDOW
2026-03-28T08:56:37 [CEST] [CLEARING] settlement_id=SETL-0006000463 order_id_ref=ORD-01300463 received_ts_cet=2026-03-28T08:56:37 received_ts_utc_inferred=2026-03-28T06:56:37Z cut_off_status=WITHIN_WINDOW
2026-03-28T08:56:46 [CEST] [CLEARING] settlement_id=SETL-0006000464 order_id_ref=ORD-01300464 received_ts_cet=2026-03-28T08:56:46 received_ts_utc_inferred=2026-03-28T06:56:46Z cut_off_status=REJECTED rejection_reason=TIMESTAMP_AFTER_CUTOFF
2026-03-28T08:56:49 [CEST] [CLEARING] settlement_id=SETL-0006000465 order_id_ref=ORD-01300465 received_ts_cet=2026-03-28T08:56:49 received_ts_utc_inferred=2026-03-28T06:56:49Z cut_off_status=WITHIN_WINDOW
2026-03-28T08:56:52 [CEST] [CLEARING] settlement_id=SETL-0006000466 order_id_ref=ORD-01300466 received_ts_cet=2026-03-28T08:56:52 received_ts_utc_inferred=2026-03-28T06:56:52Z cut_off_status=WITHIN_WINDOW
2026-03-28T08:56:55 [CEST] [CLEARING] settlement_id=SETL-0006000467 order_id_ref=ORD-01300467 received_ts_cet=2026-03-28T08:56:55 received_ts_utc_inferred=2026-03-28T06:56:55Z cut_off_status=WITHIN_WINDOW
2026-03-28T08:57:06 [CEST] [CLEARING] settlement_id=SETL-0006000468 order_id_ref=ORD-01300468 received_ts_cet=2026-03-28T08:57:06 received_ts_utc_inferred=2026-03-28T06:57:06Z cut_off_status=WITHIN_WINDOW
2026-03-28T08:57:16 [CEST] [CLEARING] settlement_id=SETL-0006000469 order_id_ref=ORD-01300469 received_ts_cet=2026-03-28T08:57:16 received_ts_utc_inferred=2026-03-28T06:57:16Z cut_off_status=WITHIN_WINDOW
2026-03-28T08:57:27 [CEST] [CLEARING] settlement_id=SETL-0006000470 order_id_ref=ORD-01300470 received_ts_cet=2026-03-28T08:57:27 received_ts_utc_inferred=2026-03-28T06:57:27Z cut_off_status=WITHIN_WINDOW
2026-03-28T08:57:33 [CEST] [CLEARING] settlement_id=SETL-0006000471 order_id_ref=ORD-01300471 received_ts_cet=2026-03-28T08:57:33 received_ts_utc_inferred=2026-03-28T06:57:33Z cut_off_status=WITHIN_WINDOW
2026-03-28T08:57:45 [CEST] [CLEARING] settlement_id=SETL-0006000472 order_id_ref=ORD-01300472 received_ts_cet=2026-03-28T08:57:45 received_ts_utc_inferred=2026-03-28T06:57:45Z cut_off_status=WITHIN_WINDOW
2026-03-28T08:57:55 [CEST] [CLEARING] settlement_id=SETL-0006000473 order_id_ref=ORD-01300473 received_ts_cet=2026-03-28T08:57:55 received_ts_utc_inferred=2026-03-28T06:57:55Z cut_off_status=WITHIN_WINDOW
2026-03-28T08:58:04 [CEST] [CLEARING] settlement_id=SETL-0006000474 order_id_ref=ORD-01300474 received_ts_cet=2026-03-28T08:58:04 received_ts_utc_inferred=2026-03-28T06:58:04Z cut_off_status=WITHIN_WINDOW
2026-03-28T08:58:14 [CEST] [CLEARING] settlement_id=SETL-0006000475 order_id_ref=ORD-01300475 received_ts_cet=2026-03-28T08:58:14 received_ts_utc_inferred=2026-03-28T06:58:14Z cut_off_status=REJECTED rejection_reason=TIMESTAMP_AFTER_CUTOFF
2026-03-28T08:58:18 [CEST] [CLEARING] settlement_id=SETL-0006000476 order_id_ref=ORD-01300476 received_ts_cet=2026-03-28T08:58:18 received_ts_utc_inferred=2026-03-28T06:58:18Z cut_off_status=WITHIN_WINDOW
2026-03-28T08:58:22 [CEST] [CLEARING] settlement_id=SETL-0006000477 order_id_ref=ORD-01300477 received_ts_cet=2026-03-28T08:58:22 received_ts_utc_inferred=2026-03-28T06:58:22Z cut_off_status=WITHIN_WINDOW
2026-03-28T08:58:27 [CEST] [CLEARING] settlement_id=SETL-0006000478 order_id_ref=ORD-01300478 received_ts_cet=2026-03-28T08:58:27 received_ts_utc_inferred=2026-03-28T06:58:27Z cut_off_status=WITHIN_WINDOW
2026-03-28T08:58:38 [CEST] [CLEARING] settlement_id=SETL-0006000479 order_id_ref=ORD-01300479 received_ts_cet=2026-03-28T08:58:38 received_ts_utc_inferred=2026-03-28T06:58:38Z cut_off_status=WITHIN_WINDOW
2026-03-28T08:58:42 [CEST] [CLEARING] settlement_id=SETL-0006000480 order_id_ref=ORD-01300480 received_ts_cet=2026-03-28T08:58:42 received_ts_utc_inferred=2026-03-28T06:58:42Z cut_off_status=REJECTED rejection_reason=TIMESTAMP_AFTER_CUTOFF
2026-03-28T08:58:50 [CEST] [CLEARING] settlement_id=SETL-0006000481 order_id_ref=ORD-01300481 received_ts_cet=2026-03-28T08:58:50 received_ts_utc_inferred=2026-03-28T06:58:50Z cut_off_status=WITHIN_WINDOW
2026-03-28T08:59:01 [CEST] [CLEARING] settlement_id=SETL-0006000482 order_id_ref=ORD-01300482 received_ts_cet=2026-03-28T08:59:01 received_ts_utc_inferred=2026-03-28T06:59:01Z cut_off_status=WITHIN_WINDOW
2026-03-28T08:59:05 [CEST] [CLEARING] settlement_id=SETL-0006000483 order_id_ref=ORD-01300483 received_ts_cet=2026-03-28T08:59:05 received_ts_utc_inferred=2026-03-28T06:59:05Z cut_off_status=WITHIN_WINDOW
2026-03-28T08:59:08 [CEST] [CLEARING] settlement_id=SETL-0006000484 order_id_ref=ORD-01300484 received_ts_cet=2026-03-28T08:59:08 received_ts_utc_inferred=2026-03-28T06:59:08Z cut_off_status=WITHIN_WINDOW
2026-03-28T08:59:15 [CEST] [CLEARING] settlement_id=SETL-0006000485 order_id_ref=ORD-01300485 received_ts_cet=2026-03-28T08:59:15 received_ts_utc_inferred=2026-03-28T06:59:15Z cut_off_status=REJECTED rejection_reason=TIMESTAMP_AFTER_CUTOFF
2026-03-28T08:59:22 [CEST] [CLEARING] settlement_id=SETL-0006000486 order_id_ref=ORD-01300486 received_ts_cet=2026-03-28T08:59:22 received_ts_utc_inferred=2026-03-28T06:59:22Z cut_off_status=WITHIN_WINDOW
2026-03-28T08:59:34 [CEST] [CLEARING] settlement_id=SETL-0006000487 order_id_ref=ORD-01300487 received_ts_cet=2026-03-28T08:59:34 received_ts_utc_inferred=2026-03-28T06:59:34Z cut_off_status=WITHIN_WINDOW
2026-03-28T08:59:38 [CEST] [CLEARING] settlement_id=SETL-0006000488 order_id_ref=ORD-01300488 received_ts_cet=2026-03-28T08:59:38 received_ts_utc_inferred=2026-03-28T06:59:38Z cut_off_status=WITHIN_WINDOW
2026-03-28T08:59:44 [CEST] [CLEARING] settlement_id=SETL-0006000489 order_id_ref=ORD-01300489 received_ts_cet=2026-03-28T08:59:44 received_ts_utc_inferred=2026-03-28T06:59:44Z cut_off_status=WITHIN_WINDOW
2026-03-28T08:59:50 [CEST] [CLEARING] settlement_id=SETL-0006000490 order_id_ref=ORD-01300490 received_ts_cet=2026-03-28T08:59:50 received_ts_utc_inferred=2026-03-28T06:59:50Z cut_off_status=REJECTED rejection_reason=TIMESTAMP_AFTER_CUTOFF
2026-03-28T08:59:58 [CEST] [CLEARING] settlement_id=SETL-0006000491 order_id_ref=ORD-01300491 received_ts_cet=2026-03-28T08:59:58 received_ts_utc_inferred=2026-03-28T06:59:58Z cut_off_status=REJECTED rejection_reason=TIMESTAMP_AFTER_CUTOFF
2026-03-28T09:00:10 [CEST] [CLEARING] settlement_id=SETL-0006000492 order_id_ref=ORD-01300492 received_ts_cet=2026-03-28T09:00:10 received_ts_utc_inferred=2026-03-28T07:00:10Z cut_off_status=REJECTED rejection_reason=TIMESTAMP_AFTER_CUTOFF
2026-03-28T09:00:14 [CEST] [CLEARING] settlement_id=SETL-0006000493 order_id_ref=ORD-01300493 received_ts_cet=2026-03-28T09:00:14 received_ts_utc_inferred=2026-03-28T07:00:14Z cut_off_status=WITHIN_WINDOW
2026-03-28T09:00:24 [CEST] [CLEARING] settlement_id=SETL-0006000494 order_id_ref=ORD-01300494 received_ts_cet=2026-03-28T09:00:24 received_ts_utc_inferred=2026-03-28T07:00:24Z cut_off_status=WITHIN_WINDOW
2026-03-28T09:00:34 [CEST] [CLEARING] settlement_id=SETL-0006000495 order_id_ref=ORD-01300495 received_ts_cet=2026-03-28T09:00:34 received_ts_utc_inferred=2026-03-28T07:00:34Z cut_off_status=WITHIN_WINDOW
2026-03-28T09:00:46 [CEST] [CLEARING] settlement_id=SETL-0006000496 order_id_ref=ORD-01300496 received_ts_cet=2026-03-28T09:00:46 received_ts_utc_inferred=2026-03-28T07:00:46Z cut_off_status=WITHIN_WINDOW
2026-03-28T09:00:57 [CEST] [CLEARING] settlement_id=SETL-0006000497 order_id_ref=ORD-01300497 received_ts_cet=2026-03-28T09:00:57 received_ts_utc_inferred=2026-03-28T07:00:57Z cut_off_status=WITHIN_WINDOW
2026-03-28T09:01:09 [CEST] [CLEARING] settlement_id=SETL-0006000498 order_id_ref=ORD-01300498 received_ts_cet=2026-03-28T09:01:09 received_ts_utc_inferred=2026-03-28T07:01:09Z cut_off_status=REJECTED rejection_reason=TIMESTAMP_AFTER_CUTOFF
2026-03-28T09:01:13 [CEST] [CLEARING] settlement_id=SETL-0006000499 order_id_ref=ORD-01300499 received_ts_cet=2026-03-28T09:01:13 received_ts_utc_inferred=2026-03-28T07:01:13Z cut_off_status=WITHIN_WINDOW
2026-03-28T09:01:16 [CEST] [CLEARING] settlement_id=SETL-0006000500 order_id_ref=ORD-01300500 received_ts_cet=2026-03-28T09:01:16 received_ts_utc_inferred=2026-03-28T07:01:16Z cut_off_status=WITHIN_WINDOW
2026-03-28T09:01:19 [CEST] [CLEARING] settlement_id=SETL-0006000501 order_id_ref=ORD-01300501 received_ts_cet=2026-03-28T09:01:19 received_ts_utc_inferred=2026-03-28T07:01:19Z cut_off_status=WITHIN_WINDOW
2026-03-28T09:01:23 [CEST] [CLEARING] settlement_id=SETL-0006000502 order_id_ref=ORD-01300502 received_ts_cet=2026-03-28T09:01:23 received_ts_utc_inferred=2026-03-28T07:01:23Z cut_off_status=WITHIN_WINDOW
2026-03-28T09:01:32 [CEST] [CLEARING] settlement_id=SETL-0006000503 order_id_ref=ORD-01300503 received_ts_cet=2026-03-28T09:01:32 received_ts_utc_inferred=2026-03-28T07:01:32Z cut_off_status=WITHIN_WINDOW
2026-03-28T09:01:39 [CEST] [CLEARING] settlement_id=SETL-0006000504 order_id_ref=ORD-01300504 received_ts_cet=2026-03-28T09:01:39 received_ts_utc_inferred=2026-03-28T07:01:39Z cut_off_status=REJECTED rejection_reason=TIMESTAMP_AFTER_CUTOFF
2026-03-28T09:01:47 [CEST] [CLEARING] settlement_id=SETL-0006000505 order_id_ref=ORD-01300505 received_ts_cet=2026-03-28T09:01:47 received_ts_utc_inferred=2026-03-28T07:01:47Z cut_off_status=WITHIN_WINDOW
2026-03-28T09:01:56 [CEST] [CLEARING] settlement_id=SETL-0006000506 order_id_ref=ORD-01300506 received_ts_cet=2026-03-28T09:01:56 received_ts_utc_inferred=2026-03-28T07:01:56Z cut_off_status=WITHIN_WINDOW
2026-03-28T09:02:07 [CEST] [CLEARING] settlement_id=SETL-0006000507 order_id_ref=ORD-01300507 received_ts_cet=2026-03-28T09:02:07 received_ts_utc_inferred=2026-03-28T07:02:07Z cut_off_status=WITHIN_WINDOW
2026-03-28T09:02:11 [CEST] [CLEARING] settlement_id=SETL-0006000508 order_id_ref=ORD-01300508 received_ts_cet=2026-03-28T09:02:11 received_ts_utc_inferred=2026-03-28T07:02:11Z cut_off_status=WITHIN_WINDOW
2026-03-28T09:02:17 [CEST] [CLEARING] settlement_id=SETL-0006000509 order_id_ref=ORD-01300509 received_ts_cet=2026-03-28T09:02:17 received_ts_utc_inferred=2026-03-28T07:02:17Z cut_off_status=REJECTED rejection_reason=TIMESTAMP_AFTER_CUTOFF
2026-03-28T09:02:21 [CEST] [CLEARING] settlement_id=SETL-0006000510 order_id_ref=ORD-01300510 received_ts_cet=2026-03-28T09:02:21 received_ts_utc_inferred=2026-03-28T07:02:21Z cut_off_status=WITHIN_WINDOW
2026-03-28T09:02:28 [CEST] [CLEARING] settlement_id=SETL-0006000511 order_id_ref=ORD-01300511 received_ts_cet=2026-03-28T09:02:28 received_ts_utc_inferred=2026-03-28T07:02:28Z cut_off_status=WITHIN_WINDOW
2026-03-28T09:02:39 [CEST] [CLEARING] settlement_id=SETL-0006000512 order_id_ref=ORD-01300512 received_ts_cet=2026-03-28T09:02:39 received_ts_utc_inferred=2026-03-28T07:02:39Z cut_off_status=WITHIN_WINDOW
2026-03-28T09:02:49 [CEST] [CLEARING] settlement_id=SETL-0006000513 order_id_ref=ORD-01300513 received_ts_cet=2026-03-28T09:02:49 received_ts_utc_inferred=2026-03-28T07:02:49Z cut_off_status=WITHIN_WINDOW
2026-03-28T09:03:01 [CEST] [CLEARING] settlement_id=SETL-0006000514 order_id_ref=ORD-01300514 received_ts_cet=2026-03-28T09:03:01 received_ts_utc_inferred=2026-03-28T07:03:01Z cut_off_status=WITHIN_WINDOW
2026-03-28T09:03:11 [CEST] [CLEARING] settlement_id=SETL-0006000515 order_id_ref=ORD-01300515 received_ts_cet=2026-03-28T09:03:11 received_ts_utc_inferred=2026-03-28T07:03:11Z cut_off_status=REJECTED rejection_reason=TIMESTAMP_AFTER_CUTOFF
2026-03-28T09:03:22 [CEST] [CLEARING] settlement_id=SETL-0006000516 order_id_ref=ORD-01300516 received_ts_cet=2026-03-28T09:03:22 received_ts_utc_inferred=2026-03-28T07:03:22Z cut_off_status=WITHIN_WINDOW
2026-03-28T09:03:25 [CEST] [CLEARING] settlement_id=SETL-0006000517 order_id_ref=ORD-01300517 received_ts_cet=2026-03-28T09:03:25 received_ts_utc_inferred=2026-03-28T07:03:25Z cut_off_status=WITHIN_WINDOW
2026-03-28T09:03:35 [CEST] [CLEARING] settlement_id=SETL-0006000518 order_id_ref=ORD-01300518 received_ts_cet=2026-03-28T09:03:35 received_ts_utc_inferred=2026-03-28T07:03:35Z cut_off_status=REJECTED rejection_reason=TIMESTAMP_AFTER_CUTOFF
2026-03-28T09:03:43 [CEST] [CLEARING] settlement_id=SETL-0006000519 order_id_ref=ORD-01300519 received_ts_cet=2026-03-28T09:03:43 received_ts_utc_inferred=2026-03-28T07:03:43Z cut_off_status=WITHIN_WINDOW
2026-03-28T09:03:53 [CEST] [CLEARING] settlement_id=SETL-0006000520 order_id_ref=ORD-01300520 received_ts_cet=2026-03-28T09:03:53 received_ts_utc_inferred=2026-03-28T07:03:53Z cut_off_status=WITHIN_WINDOW
2026-03-28T09:04:05 [CEST] [CLEARING] settlement_id=SETL-0006000521 order_id_ref=ORD-01300521 received_ts_cet=2026-03-28T09:04:05 received_ts_utc_inferred=2026-03-28T07:04:05Z cut_off_status=WITHIN_WINDOW
2026-03-28T09:04:16 [CEST] [CLEARING] settlement_id=SETL-0006000522 order_id_ref=ORD-01300522 received_ts_cet=2026-03-28T09:04:16 received_ts_utc_inferred=2026-03-28T07:04:16Z cut_off_status=REJECTED rejection_reason=TIMESTAMP_AFTER_CUTOFF
2026-03-28T09:04:25 [CEST] [CLEARING] settlement_id=SETL-0006000523 order_id_ref=ORD-01300523 received_ts_cet=2026-03-28T09:04:25 received_ts_utc_inferred=2026-03-28T07:04:25Z cut_off_status=REJECTED rejection_reason=TIMESTAMP_AFTER_CUTOFF
2026-03-28T09:04:37 [CEST] [CLEARING] settlement_id=SETL-0006000524 order_id_ref=ORD-01300524 received_ts_cet=2026-03-28T09:04:37 received_ts_utc_inferred=2026-03-28T07:04:37Z cut_off_status=WITHIN_WINDOW
2026-03-28T09:04:48 [CEST] [CLEARING] settlement_id=SETL-0006000525 order_id_ref=ORD-01300525 received_ts_cet=2026-03-28T09:04:48 received_ts_utc_inferred=2026-03-28T07:04:48Z cut_off_status=WITHIN_WINDOW
2026-03-28T09:05:00 [CEST] [CLEARING] settlement_id=SETL-0006000526 order_id_ref=ORD-01300526 received_ts_cet=2026-03-28T09:05:00 received_ts_utc_inferred=2026-03-28T07:05:00Z cut_off_status=WITHIN_WINDOW
2026-03-28T09:05:09 [CEST] [CLEARING] settlement_id=SETL-0006000527 order_id_ref=ORD-01300527 received_ts_cet=2026-03-28T09:05:09 received_ts_utc_inferred=2026-03-28T07:05:09Z cut_off_status=WITHIN_WINDOW
2026-03-28T09:05:15 [CEST] [CLEARING] settlement_id=SETL-0006000528 order_id_ref=ORD-01300528 received_ts_cet=2026-03-28T09:05:15 received_ts_utc_inferred=2026-03-28T07:05:15Z cut_off_status=WITHIN_WINDOW
2026-03-28T09:05:24 [CEST] [CLEARING] settlement_id=SETL-0006000529 order_id_ref=ORD-01300529 received_ts_cet=2026-03-28T09:05:24 received_ts_utc_inferred=2026-03-28T07:05:24Z cut_off_status=REJECTED rejection_reason=TIMESTAMP_AFTER_CUTOFF
2026-03-28T09:05:29 [CEST] [CLEARING] settlement_id=SETL-0006000530 order_id_ref=ORD-01300530 received_ts_cet=2026-03-28T09:05:29 received_ts_utc_inferred=2026-03-28T07:05:29Z cut_off_status=WITHIN_WINDOW
2026-03-28T09:05:37 [CEST] [CLEARING] settlement_id=SETL-0006000531 order_id_ref=ORD-01300531 received_ts_cet=2026-03-28T09:05:37 received_ts_utc_inferred=2026-03-28T07:05:37Z cut_off_status=WITHIN_WINDOW
2026-03-28T09:05:40 [CEST] [CLEARING] settlement_id=SETL-0006000532 order_id_ref=ORD-01300532 received_ts_cet=2026-03-28T09:05:40 received_ts_utc_inferred=2026-03-28T07:05:40Z cut_off_status=REJECTED rejection_reason=TIMESTAMP_AFTER_CUTOFF
2026-03-28T09:05:52 [CEST] [CLEARING] settlement_id=SETL-0006000533 order_id_ref=ORD-01300533 received_ts_cet=2026-03-28T09:05:52 received_ts_utc_inferred=2026-03-28T07:05:52Z cut_off_status=WITHIN_WINDOW
2026-03-28T09:05:55 [CEST] [CLEARING] settlement_id=SETL-0006000534 order_id_ref=ORD-01300534 received_ts_cet=2026-03-28T09:05:55 received_ts_utc_inferred=2026-03-28T07:05:55Z cut_off_status=WITHIN_WINDOW
2026-03-28T09:06:06 [CEST] [CLEARING] settlement_id=SETL-0006000535 order_id_ref=ORD-01300535 received_ts_cet=2026-03-28T09:06:06 received_ts_utc_inferred=2026-03-28T07:06:06Z cut_off_status=REJECTED rejection_reason=TIMESTAMP_AFTER_CUTOFF
2026-03-28T09:06:11 [CEST] [CLEARING] settlement_id=SETL-0006000536 order_id_ref=ORD-01300536 received_ts_cet=2026-03-28T09:06:11 received_ts_utc_inferred=2026-03-28T07:06:11Z cut_off_status=WITHIN_WINDOW
2026-03-28T09:06:19 [CEST] [CLEARING] settlement_id=SETL-0006000537 order_id_ref=ORD-01300537 received_ts_cet=2026-03-28T09:06:19 received_ts_utc_inferred=2026-03-28T07:06:19Z cut_off_status=WITHIN_WINDOW
2026-03-28T09:06:27 [CEST] [CLEARING] settlement_id=SETL-0006000538 order_id_ref=ORD-01300538 received_ts_cet=2026-03-28T09:06:27 received_ts_utc_inferred=2026-03-28T07:06:27Z cut_off_status=REJECTED rejection_reason=TIMESTAMP_AFTER_CUTOFF
2026-03-28T09:06:39 [CEST] [CLEARING] settlement_id=SETL-0006000539 order_id_ref=ORD-01300539 received_ts_cet=2026-03-28T09:06:39 received_ts_utc_inferred=2026-03-28T07:06:39Z cut_off_status=WITHIN_WINDOW
2026-03-28T09:06:43 [CEST] [CLEARING] settlement_id=SETL-0006000540 order_id_ref=ORD-01300540 received_ts_cet=2026-03-28T09:06:43 received_ts_utc_inferred=2026-03-28T07:06:43Z cut_off_status=WITHIN_WINDOW
2026-03-28T09:06:50 [CEST] [CLEARING] settlement_id=SETL-0006000541 order_id_ref=ORD-01300541 received_ts_cet=2026-03-28T09:06:50 received_ts_utc_inferred=2026-03-28T07:06:50Z cut_off_status=WITHIN_WINDOW
2026-03-28T09:06:54 [CEST] [CLEARING] settlement_id=SETL-0006000542 order_id_ref=ORD-01300542 received_ts_cet=2026-03-28T09:06:54 received_ts_utc_inferred=2026-03-28T07:06:54Z cut_off_status=WITHIN_WINDOW
2026-03-28T09:07:01 [CEST] [CLEARING] settlement_id=SETL-0006000543 order_id_ref=ORD-01300543 received_ts_cet=2026-03-28T09:07:01 received_ts_utc_inferred=2026-03-28T07:07:01Z cut_off_status=REJECTED rejection_reason=TIMESTAMP_AFTER_CUTOFF
2026-03-28T09:07:13 [CEST] [CLEARING] settlement_id=SETL-0006000544 order_id_ref=ORD-01300544 received_ts_cet=2026-03-28T09:07:13 received_ts_utc_inferred=2026-03-28T07:07:13Z cut_off_status=REJECTED rejection_reason=TIMESTAMP_AFTER_CUTOFF
2026-03-28T09:07:20 [CEST] [CLEARING] settlement_id=SETL-0006000545 order_id_ref=ORD-01300545 received_ts_cet=2026-03-28T09:07:20 received_ts_utc_inferred=2026-03-28T07:07:20Z cut_off_status=REJECTED rejection_reason=TIMESTAMP_AFTER_CUTOFF
2026-03-28T09:07:28 [CEST] [CLEARING] settlement_id=SETL-0006000546 order_id_ref=ORD-01300546 received_ts_cet=2026-03-28T09:07:28 received_ts_utc_inferred=2026-03-28T07:07:28Z cut_off_status=REJECTED rejection_reason=TIMESTAMP_AFTER_CUTOFF
2026-03-28T09:07:34 [CEST] [CLEARING] settlement_id=SETL-0006000547 order_id_ref=ORD-01300547 received_ts_cet=2026-03-28T09:07:34 received_ts_utc_inferred=2026-03-28T07:07:34Z cut_off_status=WITHIN_WINDOW
2026-03-28T09:07:41 [CEST] [CLEARING] settlement_id=SETL-0006000548 order_id_ref=ORD-01300548 received_ts_cet=2026-03-28T09:07:41 received_ts_utc_inferred=2026-03-28T07:07:41Z cut_off_status=WITHIN_WINDOW
2026-03-28T09:07:48 [CEST] [CLEARING] settlement_id=SETL-0006000549 order_id_ref=ORD-01300549 received_ts_cet=2026-03-28T09:07:48 received_ts_utc_inferred=2026-03-28T07:07:48Z cut_off_status=WITHIN_WINDOW
2026-03-28T09:07:52 [CEST] [CLEARING] settlement_id=SETL-0006000550 order_id_ref=ORD-01300550 received_ts_cet=2026-03-28T09:07:52 received_ts_utc_inferred=2026-03-28T07:07:52Z cut_off_status=WITHIN_WINDOW
2026-03-28T09:08:04 [CEST] [CLEARING] settlement_id=SETL-0006000551 order_id_ref=ORD-01300551 received_ts_cet=2026-03-28T09:08:04 received_ts_utc_inferred=2026-03-28T07:08:04Z cut_off_status=WITHIN_WINDOW
2026-03-28T09:08:12 [CEST] [CLEARING] settlement_id=SETL-0006000552 order_id_ref=ORD-01300552 received_ts_cet=2026-03-28T09:08:12 received_ts_utc_inferred=2026-03-28T07:08:12Z cut_off_status=WITHIN_WINDOW
2026-03-28T09:08:21 [CEST] [CLEARING] settlement_id=SETL-0006000553 order_id_ref=ORD-01300553 received_ts_cet=2026-03-28T09:08:21 received_ts_utc_inferred=2026-03-28T07:08:21Z cut_off_status=WITHIN_WINDOW
2026-03-28T09:08:29 [CEST] [CLEARING] settlement_id=SETL-0006000554 order_id_ref=ORD-01300554 received_ts_cet=2026-03-28T09:08:29 received_ts_utc_inferred=2026-03-28T07:08:29Z cut_off_status=WITHIN_WINDOW
2026-03-28T09:08:38 [CEST] [CLEARING] settlement_id=SETL-0006000555 order_id_ref=ORD-01300555 received_ts_cet=2026-03-28T09:08:38 received_ts_utc_inferred=2026-03-28T07:08:38Z cut_off_status=WITHIN_WINDOW
2026-03-28T09:08:44 [CEST] [CLEARING] settlement_id=SETL-0006000556 order_id_ref=ORD-01300556 received_ts_cet=2026-03-28T09:08:44 received_ts_utc_inferred=2026-03-28T07:08:44Z cut_off_status=REJECTED rejection_reason=TIMESTAMP_AFTER_CUTOFF
2026-03-28T09:08:53 [CEST] [CLEARING] settlement_id=SETL-0006000557 order_id_ref=ORD-01300557 received_ts_cet=2026-03-28T09:08:53 received_ts_utc_inferred=2026-03-28T07:08:53Z cut_off_status=WITHIN_WINDOW
2026-03-28T09:09:02 [CEST] [CLEARING] settlement_id=SETL-0006000558 order_id_ref=ORD-01300558 received_ts_cet=2026-03-28T09:09:02 received_ts_utc_inferred=2026-03-28T07:09:02Z cut_off_status=REJECTED rejection_reason=TIMESTAMP_AFTER_CUTOFF
2026-03-28T09:09:12 [CEST] [CLEARING] settlement_id=SETL-0006000559 order_id_ref=ORD-01300559 received_ts_cet=2026-03-28T09:09:12 received_ts_utc_inferred=2026-03-28T07:09:12Z cut_off_status=WITHIN_WINDOW
2026-03-28T09:09:24 [CEST] [CLEARING] settlement_id=SETL-0006000560 order_id_ref=ORD-01300560 received_ts_cet=2026-03-28T09:09:24 received_ts_utc_inferred=2026-03-28T07:09:24Z cut_off_status=WITHIN_WINDOW
2026-03-28T09:09:33 [CEST] [CLEARING] settlement_id=SETL-0006000561 order_id_ref=ORD-01300561 received_ts_cet=2026-03-28T09:09:33 received_ts_utc_inferred=2026-03-28T07:09:33Z cut_off_status=WITHIN_WINDOW
2026-03-28T09:09:42 [CEST] [CLEARING] settlement_id=SETL-0006000562 order_id_ref=ORD-01300562 received_ts_cet=2026-03-28T09:09:42 received_ts_utc_inferred=2026-03-28T07:09:42Z cut_off_status=WITHIN_WINDOW
2026-03-28T09:09:45 [CEST] [CLEARING] settlement_id=SETL-0006000563 order_id_ref=ORD-01300563 received_ts_cet=2026-03-28T09:09:45 received_ts_utc_inferred=2026-03-28T07:09:45Z cut_off_status=WITHIN_WINDOW
2026-03-28T09:09:49 [CEST] [CLEARING] settlement_id=SETL-0006000564 order_id_ref=ORD-01300564 received_ts_cet=2026-03-28T09:09:49 received_ts_utc_inferred=2026-03-28T07:09:49Z cut_off_status=WITHIN_WINDOW
2026-03-28T09:09:59 [CEST] [CLEARING] settlement_id=SETL-0006000565 order_id_ref=ORD-01300565 received_ts_cet=2026-03-28T09:09:59 received_ts_utc_inferred=2026-03-28T07:09:59Z cut_off_status=REJECTED rejection_reason=TIMESTAMP_AFTER_CUTOFF
2026-03-28T09:10:07 [CEST] [CLEARING] settlement_id=SETL-0006000566 order_id_ref=ORD-01300566 received_ts_cet=2026-03-28T09:10:07 received_ts_utc_inferred=2026-03-28T07:10:07Z cut_off_status=REJECTED rejection_reason=TIMESTAMP_AFTER_CUTOFF
2026-03-28T09:10:14 [CEST] [CLEARING] settlement_id=SETL-0006000567 order_id_ref=ORD-01300567 received_ts_cet=2026-03-28T09:10:14 received_ts_utc_inferred=2026-03-28T07:10:14Z cut_off_status=REJECTED rejection_reason=TIMESTAMP_AFTER_CUTOFF
2026-03-28T09:10:25 [CEST] [CLEARING] settlement_id=SETL-0006000568 order_id_ref=ORD-01300568 received_ts_cet=2026-03-28T09:10:25 received_ts_utc_inferred=2026-03-28T07:10:25Z cut_off_status=REJECTED rejection_reason=TIMESTAMP_AFTER_CUTOFF
2026-03-28T09:10:37 [CEST] [CLEARING] settlement_id=SETL-0006000569 order_id_ref=ORD-01300569 received_ts_cet=2026-03-28T09:10:37 received_ts_utc_inferred=2026-03-28T07:10:37Z cut_off_status=WITHIN_WINDOW
2026-03-28T09:10:42 [CEST] [CLEARING] settlement_id=SETL-0006000570 order_id_ref=ORD-01300570 received_ts_cet=2026-03-28T09:10:42 received_ts_utc_inferred=2026-03-28T07:10:42Z cut_off_status=WITHIN_WINDOW
2026-03-28T09:10:54 [CEST] [CLEARING] settlement_id=SETL-0006000571 order_id_ref=ORD-01300571 received_ts_cet=2026-03-28T09:10:54 received_ts_utc_inferred=2026-03-28T07:10:54Z cut_off_status=REJECTED rejection_reason=TIMESTAMP_AFTER_CUTOFF
2026-03-28T09:11:02 [CEST] [CLEARING] settlement_id=SETL-0006000572 order_id_ref=ORD-01300572 received_ts_cet=2026-03-28T09:11:02 received_ts_utc_inferred=2026-03-28T07:11:02Z cut_off_status=WITHIN_WINDOW
2026-03-28T09:11:14 [CEST] [CLEARING] settlement_id=SETL-0006000573 order_id_ref=ORD-01300573 received_ts_cet=2026-03-28T09:11:14 received_ts_utc_inferred=2026-03-28T07:11:14Z cut_off_status=WITHIN_WINDOW
2026-03-28T09:11:17 [CEST] [CLEARING] settlement_id=SETL-0006000574 order_id_ref=ORD-01300574 received_ts_cet=2026-03-28T09:11:17 received_ts_utc_inferred=2026-03-28T07:11:17Z cut_off_status=REJECTED rejection_reason=TIMESTAMP_AFTER_CUTOFF
2026-03-28T09:11:23 [CEST] [CLEARING] settlement_id=SETL-0006000575 order_id_ref=ORD-01300575 received_ts_cet=2026-03-28T09:11:23 received_ts_utc_inferred=2026-03-28T07:11:23Z cut_off_status=REJECTED rejection_reason=TIMESTAMP_AFTER_CUTOFF
2026-03-28T09:11:31 [CEST] [CLEARING] settlement_id=SETL-0006000576 order_id_ref=ORD-01300576 received_ts_cet=2026-03-28T09:11:31 received_ts_utc_inferred=2026-03-28T07:11:31Z cut_off_status=WITHIN_WINDOW
2026-03-28T09:11:35 [CEST] [CLEARING] settlement_id=SETL-0006000577 order_id_ref=ORD-01300577 received_ts_cet=2026-03-28T09:11:35 received_ts_utc_inferred=2026-03-28T07:11:35Z cut_off_status=REJECTED rejection_reason=TIMESTAMP_AFTER_CUTOFF
2026-03-28T09:11:38 [CEST] [CLEARING] settlement_id=SETL-0006000578 order_id_ref=ORD-01300578 received_ts_cet=2026-03-28T09:11:38 received_ts_utc_inferred=2026-03-28T07:11:38Z cut_off_status=WITHIN_WINDOW
2026-03-28T09:11:50 [CEST] [CLEARING] settlement_id=SETL-0006000579 order_id_ref=ORD-01300579 received_ts_cet=2026-03-28T09:11:50 received_ts_utc_inferred=2026-03-28T07:11:50Z cut_off_status=WITHIN_WINDOW
2026-03-28T09:11:55 [CEST] [CLEARING] settlement_id=SETL-0006000580 order_id_ref=ORD-01300580 received_ts_cet=2026-03-28T09:11:55 received_ts_utc_inferred=2026-03-28T07:11:55Z cut_off_status=WITHIN_WINDOW
2026-03-28T09:12:01 [CEST] [CLEARING] settlement_id=SETL-0006000581 order_id_ref=ORD-01300581 received_ts_cet=2026-03-28T09:12:01 received_ts_utc_inferred=2026-03-28T07:12:01Z cut_off_status=WITHIN_WINDOW
2026-03-28T09:12:06 [CEST] [CLEARING] settlement_id=SETL-0006000582 order_id_ref=ORD-01300582 received_ts_cet=2026-03-28T09:12:06 received_ts_utc_inferred=2026-03-28T07:12:06Z cut_off_status=REJECTED rejection_reason=TIMESTAMP_AFTER_CUTOFF
2026-03-28T09:12:12 [CEST] [CLEARING] settlement_id=SETL-0006000583 order_id_ref=ORD-01300583 received_ts_cet=2026-03-28T09:12:12 received_ts_utc_inferred=2026-03-28T07:12:12Z cut_off_status=WITHIN_WINDOW
2026-03-28T09:12:20 [CEST] [CLEARING] settlement_id=SETL-0006000584 order_id_ref=ORD-01300584 received_ts_cet=2026-03-28T09:12:20 received_ts_utc_inferred=2026-03-28T07:12:20Z cut_off_status=WITHIN_WINDOW
2026-03-28T09:12:25 [CEST] [CLEARING] settlement_id=SETL-0006000585 order_id_ref=ORD-01300585 received_ts_cet=2026-03-28T09:12:25 received_ts_utc_inferred=2026-03-28T07:12:25Z cut_off_status=WITHIN_WINDOW
2026-03-28T09:12:37 [CEST] [CLEARING] settlement_id=SETL-0006000586 order_id_ref=ORD-01300586 received_ts_cet=2026-03-28T09:12:37 received_ts_utc_inferred=2026-03-28T07:12:37Z cut_off_status=WITHIN_WINDOW
2026-03-28T09:12:46 [CEST] [CLEARING] settlement_id=SETL-0006000587 order_id_ref=ORD-01300587 received_ts_cet=2026-03-28T09:12:46 received_ts_utc_inferred=2026-03-28T07:12:46Z cut_off_status=REJECTED rejection_reason=TIMESTAMP_AFTER_CUTOFF
2026-03-28T09:12:49 [CEST] [CLEARING] settlement_id=SETL-0006000588 order_id_ref=ORD-01300588 received_ts_cet=2026-03-28T09:12:49 received_ts_utc_inferred=2026-03-28T07:12:49Z cut_off_status=REJECTED rejection_reason=TIMESTAMP_AFTER_CUTOFF
2026-03-28T09:12:54 [CEST] [CLEARING] settlement_id=SETL-0006000589 order_id_ref=ORD-01300589 received_ts_cet=2026-03-28T09:12:54 received_ts_utc_inferred=2026-03-28T07:12:54Z cut_off_status=WITHIN_WINDOW
2026-03-28T09:13:06 [CEST] [CLEARING] settlement_id=SETL-0006000590 order_id_ref=ORD-01300590 received_ts_cet=2026-03-28T09:13:06 received_ts_utc_inferred=2026-03-28T07:13:06Z cut_off_status=WITHIN_WINDOW
2026-03-28T09:13:17 [CEST] [CLEARING] settlement_id=SETL-0006000591 order_id_ref=ORD-01300591 received_ts_cet=2026-03-28T09:13:17 received_ts_utc_inferred=2026-03-28T07:13:17Z cut_off_status=REJECTED rejection_reason=TIMESTAMP_AFTER_CUTOFF
2026-03-28T09:13:20 [CEST] [CLEARING] settlement_id=SETL-0006000592 order_id_ref=ORD-01300592 received_ts_cet=2026-03-28T09:13:20 received_ts_utc_inferred=2026-03-28T07:13:20Z cut_off_status=WITHIN_WINDOW
2026-03-28T09:13:31 [CEST] [CLEARING] settlement_id=SETL-0006000593 order_id_ref=ORD-01300593 received_ts_cet=2026-03-28T09:13:31 received_ts_utc_inferred=2026-03-28T07:13:31Z cut_off_status=REJECTED rejection_reason=TIMESTAMP_AFTER_CUTOFF
2026-03-28T09:13:36 [CEST] [CLEARING] settlement_id=SETL-0006000594 order_id_ref=ORD-01300594 received_ts_cet=2026-03-28T09:13:36 received_ts_utc_inferred=2026-03-28T07:13:36Z cut_off_status=REJECTED rejection_reason=TIMESTAMP_AFTER_CUTOFF
2026-03-28T09:13:43 [CEST] [CLEARING] settlement_id=SETL-0006000595 order_id_ref=ORD-01300595 received_ts_cet=2026-03-28T09:13:43 received_ts_utc_inferred=2026-03-28T07:13:43Z cut_off_status=REJECTED rejection_reason=TIMESTAMP_AFTER_CUTOFF
2026-03-28T09:13:55 [CEST] [CLEARING] settlement_id=SETL-0006000596 order_id_ref=ORD-01300596 received_ts_cet=2026-03-28T09:13:55 received_ts_utc_inferred=2026-03-28T07:13:55Z cut_off_status=REJECTED rejection_reason=TIMESTAMP_AFTER_CUTOFF
2026-03-28T09:13:58 [CEST] [CLEARING] settlement_id=SETL-0006000597 order_id_ref=ORD-01300597 received_ts_cet=2026-03-28T09:13:58 received_ts_utc_inferred=2026-03-28T07:13:58Z cut_off_status=WITHIN_WINDOW
2026-03-28T09:14:01 [CEST] [CLEARING] settlement_id=SETL-0006000598 order_id_ref=ORD-01300598 received_ts_cet=2026-03-28T09:14:01 received_ts_utc_inferred=2026-03-28T07:14:01Z cut_off_status=WITHIN_WINDOW
2026-03-28T09:14:07 [CEST] [CLEARING] settlement_id=SETL-0006000599 order_id_ref=ORD-01300599 received_ts_cet=2026-03-28T09:14:07 received_ts_utc_inferred=2026-03-28T07:14:07Z cut_off_status=REJECTED rejection_reason=TIMESTAMP_AFTER_CUTOFF
2026-03-28T09:14:15 [CEST] [CLEARING] settlement_id=SETL-0006000600 order_id_ref=ORD-01300600 received_ts_cet=2026-03-28T09:14:15 received_ts_utc_inferred=2026-03-28T07:14:15Z cut_off_status=WITHIN_WINDOW
2026-03-28T09:14:18 [CEST] [CLEARING] settlement_id=SETL-0006000601 order_id_ref=ORD-01300601 received_ts_cet=2026-03-28T09:14:18 received_ts_utc_inferred=2026-03-28T07:14:18Z cut_off_status=WITHIN_WINDOW
2026-03-28T09:14:26 [CEST] [CLEARING] settlement_id=SETL-0006000602 order_id_ref=ORD-01300602 received_ts_cet=2026-03-28T09:14:26 received_ts_utc_inferred=2026-03-28T07:14:26Z cut_off_status=REJECTED rejection_reason=TIMESTAMP_AFTER_CUTOFF
2026-03-28T09:14:31 [CEST] [CLEARING] settlement_id=SETL-0006000603 order_id_ref=ORD-01300603 received_ts_cet=2026-03-28T09:14:31 received_ts_utc_inferred=2026-03-28T07:14:31Z cut_off_status=WITHIN_WINDOW
2026-03-28T09:14:36 [CEST] [CLEARING] settlement_id=SETL-0006000604 order_id_ref=ORD-01300604 received_ts_cet=2026-03-28T09:14:36 received_ts_utc_inferred=2026-03-28T07:14:36Z cut_off_status=WITHIN_WINDOW
2026-03-28T09:14:42 [CEST] [CLEARING] settlement_id=SETL-0006000605 order_id_ref=ORD-01300605 received_ts_cet=2026-03-28T09:14:42 received_ts_utc_inferred=2026-03-28T07:14:42Z cut_off_status=WITHIN_WINDOW
2026-03-28T09:14:51 [CEST] [CLEARING] settlement_id=SETL-0006000606 order_id_ref=ORD-01300606 received_ts_cet=2026-03-28T09:14:51 received_ts_utc_inferred=2026-03-28T07:14:51Z cut_off_status=WITHIN_WINDOW
2026-03-28T09:14:58 [CEST] [CLEARING] settlement_id=SETL-0006000607 order_id_ref=ORD-01300607 received_ts_cet=2026-03-28T09:14:58 received_ts_utc_inferred=2026-03-28T07:14:58Z cut_off_status=WITHIN_WINDOW
2026-03-28T09:15:06 [CEST] [CLEARING] settlement_id=SETL-0006000608 order_id_ref=ORD-01300608 received_ts_cet=2026-03-28T09:15:06 received_ts_utc_inferred=2026-03-28T07:15:06Z cut_off_status=WITHIN_WINDOW
2026-03-28T09:15:14 [CEST] [CLEARING] settlement_id=SETL-0006000609 order_id_ref=ORD-01300609 received_ts_cet=2026-03-28T09:15:14 received_ts_utc_inferred=2026-03-28T07:15:14Z cut_off_status=WITHIN_WINDOW
2026-03-28T09:15:23 [CEST] [CLEARING] settlement_id=SETL-0006000610 order_id_ref=ORD-01300610 received_ts_cet=2026-03-28T09:15:23 received_ts_utc_inferred=2026-03-28T07:15:23Z cut_off_status=WITHIN_WINDOW
2026-03-28T09:15:35 [CEST] [CLEARING] settlement_id=SETL-0006000611 order_id_ref=ORD-01300611 received_ts_cet=2026-03-28T09:15:35 received_ts_utc_inferred=2026-03-28T07:15:35Z cut_off_status=REJECTED rejection_reason=TIMESTAMP_AFTER_CUTOFF
2026-03-28T09:15:44 [CEST] [CLEARING] settlement_id=SETL-0006000612 order_id_ref=ORD-01300612 received_ts_cet=2026-03-28T09:15:44 received_ts_utc_inferred=2026-03-28T07:15:44Z cut_off_status=REJECTED rejection_reason=TIMESTAMP_AFTER_CUTOFF
2026-03-28T09:15:48 [CEST] [CLEARING] settlement_id=SETL-0006000613 order_id_ref=ORD-01300613 received_ts_cet=2026-03-28T09:15:48 received_ts_utc_inferred=2026-03-28T07:15:48Z cut_off_status=WITHIN_WINDOW
2026-03-28T09:15:55 [CEST] [CLEARING] settlement_id=SETL-0006000614 order_id_ref=ORD-01300614 received_ts_cet=2026-03-28T09:15:55 received_ts_utc_inferred=2026-03-28T07:15:55Z cut_off_status=WITHIN_WINDOW
2026-03-28T09:16:03 [CEST] [CLEARING] settlement_id=SETL-0006000615 order_id_ref=ORD-01300615 received_ts_cet=2026-03-28T09:16:03 received_ts_utc_inferred=2026-03-28T07:16:03Z cut_off_status=REJECTED rejection_reason=TIMESTAMP_AFTER_CUTOFF
2026-03-28T09:16:06 [CEST] [CLEARING] settlement_id=SETL-0006000616 order_id_ref=ORD-01300616 received_ts_cet=2026-03-28T09:16:06 received_ts_utc_inferred=2026-03-28T07:16:06Z cut_off_status=WITHIN_WINDOW
2026-03-28T09:16:16 [CEST] [CLEARING] settlement_id=SETL-0006000617 order_id_ref=ORD-01300617 received_ts_cet=2026-03-28T09:16:16 received_ts_utc_inferred=2026-03-28T07:16:16Z cut_off_status=WITHIN_WINDOW
2026-03-28T09:16:28 [CEST] [CLEARING] settlement_id=SETL-0006000618 order_id_ref=ORD-01300618 received_ts_cet=2026-03-28T09:16:28 received_ts_utc_inferred=2026-03-28T07:16:28Z cut_off_status=WITHIN_WINDOW
2026-03-28T09:16:33 [CEST] [CLEARING] settlement_id=SETL-0006000619 order_id_ref=ORD-01300619 received_ts_cet=2026-03-28T09:16:33 received_ts_utc_inferred=2026-03-28T07:16:33Z cut_off_status=REJECTED rejection_reason=TIMESTAMP_AFTER_CUTOFF
2026-03-28T09:16:42 [CEST] [CLEARING] settlement_id=SETL-0006000620 order_id_ref=ORD-01300620 received_ts_cet=2026-03-28T09:16:42 received_ts_utc_inferred=2026-03-28T07:16:42Z cut_off_status=WITHIN_WINDOW
2026-03-28T09:16:54 [CEST] [CLEARING] settlement_id=SETL-0006000621 order_id_ref=ORD-01300621 received_ts_cet=2026-03-28T09:16:54 received_ts_utc_inferred=2026-03-28T07:16:54Z cut_off_status=WITHIN_WINDOW
2026-03-28T09:16:57 [CEST] [CLEARING] settlement_id=SETL-0006000622 order_id_ref=ORD-01300622 received_ts_cet=2026-03-28T09:16:57 received_ts_utc_inferred=2026-03-28T07:16:57Z cut_off_status=WITHIN_WINDOW
2026-03-28T09:17:04 [CEST] [CLEARING] settlement_id=SETL-0006000623 order_id_ref=ORD-01300623 received_ts_cet=2026-03-28T09:17:04 received_ts_utc_inferred=2026-03-28T07:17:04Z cut_off_status=WITHIN_WINDOW
2026-03-28T09:17:07 [CEST] [CLEARING] settlement_id=SETL-0006000624 order_id_ref=ORD-01300624 received_ts_cet=2026-03-28T09:17:07 received_ts_utc_inferred=2026-03-28T07:17:07Z cut_off_status=WITHIN_WINDOW
2026-03-28T09:17:19 [CEST] [CLEARING] settlement_id=SETL-0006000625 order_id_ref=ORD-01300625 received_ts_cet=2026-03-28T09:17:19 received_ts_utc_inferred=2026-03-28T07:17:19Z cut_off_status=WITHIN_WINDOW
2026-03-28T09:17:27 [CEST] [CLEARING] settlement_id=SETL-0006000626 order_id_ref=ORD-01300626 received_ts_cet=2026-03-28T09:17:27 received_ts_utc_inferred=2026-03-28T07:17:27Z cut_off_status=WITHIN_WINDOW
2026-03-28T09:17:33 [CEST] [CLEARING] settlement_id=SETL-0006000627 order_id_ref=ORD-01300627 received_ts_cet=2026-03-28T09:17:33 received_ts_utc_inferred=2026-03-28T07:17:33Z cut_off_status=WITHIN_WINDOW
2026-03-28T09:17:39 [CEST] [CLEARING] settlement_id=SETL-0006000628 order_id_ref=ORD-01300628 received_ts_cet=2026-03-28T09:17:39 received_ts_utc_inferred=2026-03-28T07:17:39Z cut_off_status=REJECTED rejection_reason=TIMESTAMP_AFTER_CUTOFF
2026-03-28T09:17:51 [CEST] [CLEARING] settlement_id=SETL-0006000629 order_id_ref=ORD-01300629 received_ts_cet=2026-03-28T09:17:51 received_ts_utc_inferred=2026-03-28T07:17:51Z cut_off_status=WITHIN_WINDOW
2026-03-28T09:18:00 [CEST] [CLEARING] settlement_id=SETL-0006000630 order_id_ref=ORD-01300630 received_ts_cet=2026-03-28T09:18:00 received_ts_utc_inferred=2026-03-28T07:18:00Z cut_off_status=REJECTED rejection_reason=TIMESTAMP_AFTER_CUTOFF
2026-03-28T09:18:10 [CEST] [CLEARING] settlement_id=SETL-0006000631 order_id_ref=ORD-01300631 received_ts_cet=2026-03-28T09:18:10 received_ts_utc_inferred=2026-03-28T07:18:10Z cut_off_status=REJECTED rejection_reason=TIMESTAMP_AFTER_CUTOFF
2026-03-28T09:18:14 [CEST] [CLEARING] settlement_id=SETL-0006000632 order_id_ref=ORD-01300632 received_ts_cet=2026-03-28T09:18:14 received_ts_utc_inferred=2026-03-28T07:18:14Z cut_off_status=WITHIN_WINDOW
2026-03-28T09:18:23 [CEST] [CLEARING] settlement_id=SETL-0006000633 order_id_ref=ORD-01300633 received_ts_cet=2026-03-28T09:18:23 received_ts_utc_inferred=2026-03-28T07:18:23Z cut_off_status=WITHIN_WINDOW
2026-03-28T09:18:27 [CEST] [CLEARING] settlement_id=SETL-0006000634 order_id_ref=ORD-01300634 received_ts_cet=2026-03-28T09:18:27 received_ts_utc_inferred=2026-03-28T07:18:27Z cut_off_status=WITHIN_WINDOW
2026-03-28T09:18:34 [CEST] [CLEARING] settlement_id=SETL-0006000635 order_id_ref=ORD-01300635 received_ts_cet=2026-03-28T09:18:34 received_ts_utc_inferred=2026-03-28T07:18:34Z cut_off_status=WITHIN_WINDOW
2026-03-28T09:18:39 [CEST] [CLEARING] settlement_id=SETL-0006000636 order_id_ref=ORD-01300636 received_ts_cet=2026-03-28T09:18:39 received_ts_utc_inferred=2026-03-28T07:18:39Z cut_off_status=WITHIN_WINDOW
2026-03-28T09:18:49 [CEST] [CLEARING] settlement_id=SETL-0006000637 order_id_ref=ORD-01300637 received_ts_cet=2026-03-28T09:18:49 received_ts_utc_inferred=2026-03-28T07:18:49Z cut_off_status=WITHIN_WINDOW
2026-03-28T09:18:56 [CEST] [CLEARING] settlement_id=SETL-0006000638 order_id_ref=ORD-01300638 received_ts_cet=2026-03-28T09:18:56 received_ts_utc_inferred=2026-03-28T07:18:56Z cut_off_status=WITHIN_WINDOW
2026-03-28T09:19:06 [CEST] [CLEARING] settlement_id=SETL-0006000639 order_id_ref=ORD-01300639 received_ts_cet=2026-03-28T09:19:06 received_ts_utc_inferred=2026-03-28T07:19:06Z cut_off_status=WITHIN_WINDOW
2026-03-28T09:19:09 [CEST] [CLEARING] settlement_id=SETL-0006000640 order_id_ref=ORD-01300640 received_ts_cet=2026-03-28T09:19:09 received_ts_utc_inferred=2026-03-28T07:19:09Z cut_off_status=WITHIN_WINDOW
2026-03-28T09:19:15 [CEST] [CLEARING] settlement_id=SETL-0006000641 order_id_ref=ORD-01300641 received_ts_cet=2026-03-28T09:19:15 received_ts_utc_inferred=2026-03-28T07:19:15Z cut_off_status=REJECTED rejection_reason=TIMESTAMP_AFTER_CUTOFF
2026-03-28T09:19:25 [CEST] [CLEARING] settlement_id=SETL-0006000642 order_id_ref=ORD-01300642 received_ts_cet=2026-03-28T09:19:25 received_ts_utc_inferred=2026-03-28T07:19:25Z cut_off_status=WITHIN_WINDOW
2026-03-28T09:19:29 [CEST] [CLEARING] settlement_id=SETL-0006000643 order_id_ref=ORD-01300643 received_ts_cet=2026-03-28T09:19:29 received_ts_utc_inferred=2026-03-28T07:19:29Z cut_off_status=WITHIN_WINDOW
2026-03-28T09:19:41 [CEST] [CLEARING] settlement_id=SETL-0006000644 order_id_ref=ORD-01300644 received_ts_cet=2026-03-28T09:19:41 received_ts_utc_inferred=2026-03-28T07:19:41Z cut_off_status=WITHIN_WINDOW
2026-03-28T09:19:45 [CEST] [CLEARING] settlement_id=SETL-0006000645 order_id_ref=ORD-01300645 received_ts_cet=2026-03-28T09:19:45 received_ts_utc_inferred=2026-03-28T07:19:45Z cut_off_status=REJECTED rejection_reason=TIMESTAMP_AFTER_CUTOFF
2026-03-28T09:19:50 [CEST] [CLEARING] settlement_id=SETL-0006000646 order_id_ref=ORD-01300646 received_ts_cet=2026-03-28T09:19:50 received_ts_utc_inferred=2026-03-28T07:19:50Z cut_off_status=WITHIN_WINDOW
2026-03-28T09:19:57 [CEST] [CLEARING] settlement_id=SETL-0006000647 order_id_ref=ORD-01300647 received_ts_cet=2026-03-28T09:19:57 received_ts_utc_inferred=2026-03-28T07:19:57Z cut_off_status=REJECTED rejection_reason=TIMESTAMP_AFTER_CUTOFF
2026-03-28T09:20:04 [CEST] [CLEARING] settlement_id=SETL-0006000648 order_id_ref=ORD-01300648 received_ts_cet=2026-03-28T09:20:04 received_ts_utc_inferred=2026-03-28T07:20:04Z cut_off_status=WITHIN_WINDOW
2026-03-28T09:20:10 [CEST] [CLEARING] settlement_id=SETL-0006000649 order_id_ref=ORD-01300649 received_ts_cet=2026-03-28T09:20:10 received_ts_utc_inferred=2026-03-28T07:20:10Z cut_off_status=WITHIN_WINDOW
2026-03-28T09:20:15 [CEST] [CLEARING] settlement_id=SETL-0006000650 order_id_ref=ORD-01300650 received_ts_cet=2026-03-28T09:20:15 received_ts_utc_inferred=2026-03-28T07:20:15Z cut_off_status=REJECTED rejection_reason=TIMESTAMP_AFTER_CUTOFF
2026-03-28T09:20:20 [CEST] [CLEARING] settlement_id=SETL-0006000651 order_id_ref=ORD-01300651 received_ts_cet=2026-03-28T09:20:20 received_ts_utc_inferred=2026-03-28T07:20:20Z cut_off_status=REJECTED rejection_reason=TIMESTAMP_AFTER_CUTOFF
2026-03-28T09:20:26 [CEST] [CLEARING] settlement_id=SETL-0006000652 order_id_ref=ORD-01300652 received_ts_cet=2026-03-28T09:20:26 received_ts_utc_inferred=2026-03-28T07:20:26Z cut_off_status=WITHIN_WINDOW
2026-03-28T09:20:33 [CEST] [CLEARING] settlement_id=SETL-0006000653 order_id_ref=ORD-01300653 received_ts_cet=2026-03-28T09:20:33 received_ts_utc_inferred=2026-03-28T07:20:33Z cut_off_status=WITHIN_WINDOW
2026-03-28T09:20:42 [CEST] [CLEARING] settlement_id=SETL-0006000654 order_id_ref=ORD-01300654 received_ts_cet=2026-03-28T09:20:42 received_ts_utc_inferred=2026-03-28T07:20:42Z cut_off_status=WITHIN_WINDOW
2026-03-28T09:20:53 [CEST] [CLEARING] settlement_id=SETL-0006000655 order_id_ref=ORD-01300655 received_ts_cet=2026-03-28T09:20:53 received_ts_utc_inferred=2026-03-28T07:20:53Z cut_off_status=WITHIN_WINDOW
2026-03-28T09:21:02 [CEST] [CLEARING] settlement_id=SETL-0006000656 order_id_ref=ORD-01300656 received_ts_cet=2026-03-28T09:21:02 received_ts_utc_inferred=2026-03-28T07:21:02Z cut_off_status=WITHIN_WINDOW
2026-03-28T09:21:08 [CEST] [CLEARING] settlement_id=SETL-0006000657 order_id_ref=ORD-01300657 received_ts_cet=2026-03-28T09:21:08 received_ts_utc_inferred=2026-03-28T07:21:08Z cut_off_status=WITHIN_WINDOW
2026-03-28T09:21:11 [CEST] [CLEARING] settlement_id=SETL-0006000658 order_id_ref=ORD-01300658 received_ts_cet=2026-03-28T09:21:11 received_ts_utc_inferred=2026-03-28T07:21:11Z cut_off_status=REJECTED rejection_reason=TIMESTAMP_AFTER_CUTOFF
2026-03-28T09:21:16 [CEST] [CLEARING] settlement_id=SETL-0006000659 order_id_ref=ORD-01300659 received_ts_cet=2026-03-28T09:21:16 received_ts_utc_inferred=2026-03-28T07:21:16Z cut_off_status=WITHIN_WINDOW
2026-03-28T09:21:25 [CEST] [CLEARING] settlement_id=SETL-0006000660 order_id_ref=ORD-01300660 received_ts_cet=2026-03-28T09:21:25 received_ts_utc_inferred=2026-03-28T07:21:25Z cut_off_status=REJECTED rejection_reason=TIMESTAMP_AFTER_CUTOFF
2026-03-28T09:21:29 [CEST] [CLEARING] settlement_id=SETL-0006000661 order_id_ref=ORD-01300661 received_ts_cet=2026-03-28T09:21:29 received_ts_utc_inferred=2026-03-28T07:21:29Z cut_off_status=REJECTED rejection_reason=TIMESTAMP_AFTER_CUTOFF
2026-03-28T09:21:32 [CEST] [CLEARING] settlement_id=SETL-0006000662 order_id_ref=ORD-01300662 received_ts_cet=2026-03-28T09:21:32 received_ts_utc_inferred=2026-03-28T07:21:32Z cut_off_status=WITHIN_WINDOW
2026-03-28T09:21:35 [CEST] [CLEARING] settlement_id=SETL-0006000663 order_id_ref=ORD-01300663 received_ts_cet=2026-03-28T09:21:35 received_ts_utc_inferred=2026-03-28T07:21:35Z cut_off_status=WITHIN_WINDOW
2026-03-28T09:21:42 [CEST] [CLEARING] settlement_id=SETL-0006000664 order_id_ref=ORD-01300664 received_ts_cet=2026-03-28T09:21:42 received_ts_utc_inferred=2026-03-28T07:21:42Z cut_off_status=WITHIN_WINDOW
2026-03-28T09:21:49 [CEST] [CLEARING] settlement_id=SETL-0006000665 order_id_ref=ORD-01300665 received_ts_cet=2026-03-28T09:21:49 received_ts_utc_inferred=2026-03-28T07:21:49Z cut_off_status=WITHIN_WINDOW
2026-03-28T09:22:00 [CEST] [CLEARING] settlement_id=SETL-0006000666 order_id_ref=ORD-01300666 received_ts_cet=2026-03-28T09:22:00 received_ts_utc_inferred=2026-03-28T07:22:00Z cut_off_status=REJECTED rejection_reason=TIMESTAMP_AFTER_CUTOFF
2026-03-28T09:22:12 [CEST] [CLEARING] settlement_id=SETL-0006000667 order_id_ref=ORD-01300667 received_ts_cet=2026-03-28T09:22:12 received_ts_utc_inferred=2026-03-28T07:22:12Z cut_off_status=WITHIN_WINDOW
2026-03-28T09:22:17 [CEST] [CLEARING] settlement_id=SETL-0006000668 order_id_ref=ORD-01300668 received_ts_cet=2026-03-28T09:22:17 received_ts_utc_inferred=2026-03-28T07:22:17Z cut_off_status=WITHIN_WINDOW
2026-03-28T09:22:24 [CEST] [CLEARING] settlement_id=SETL-0006000669 order_id_ref=ORD-01300669 received_ts_cet=2026-03-28T09:22:24 received_ts_utc_inferred=2026-03-28T07:22:24Z cut_off_status=REJECTED rejection_reason=TIMESTAMP_AFTER_CUTOFF
2026-03-28T09:22:30 [CEST] [CLEARING] settlement_id=SETL-0006000670 order_id_ref=ORD-01300670 received_ts_cet=2026-03-28T09:22:30 received_ts_utc_inferred=2026-03-28T07:22:30Z cut_off_status=REJECTED rejection_reason=TIMESTAMP_AFTER_CUTOFF
2026-03-28T09:22:36 [CEST] [CLEARING] settlement_id=SETL-0006000671 order_id_ref=ORD-01300671 received_ts_cet=2026-03-28T09:22:36 received_ts_utc_inferred=2026-03-28T07:22:36Z cut_off_status=REJECTED rejection_reason=TIMESTAMP_AFTER_CUTOFF
2026-03-28T09:22:47 [CEST] [CLEARING] settlement_id=SETL-0006000672 order_id_ref=ORD-01300672 received_ts_cet=2026-03-28T09:22:47 received_ts_utc_inferred=2026-03-28T07:22:47Z cut_off_status=WITHIN_WINDOW
2026-03-28T09:22:50 [CEST] [CLEARING] settlement_id=SETL-0006000673 order_id_ref=ORD-01300673 received_ts_cet=2026-03-28T09:22:50 received_ts_utc_inferred=2026-03-28T07:22:50Z cut_off_status=WITHIN_WINDOW
2026-03-28T09:23:01 [CEST] [CLEARING] settlement_id=SETL-0006000674 order_id_ref=ORD-01300674 received_ts_cet=2026-03-28T09:23:01 received_ts_utc_inferred=2026-03-28T07:23:01Z cut_off_status=WITHIN_WINDOW
2026-03-28T09:23:11 [CEST] [CLEARING] settlement_id=SETL-0006000675 order_id_ref=ORD-01300675 received_ts_cet=2026-03-28T09:23:11 received_ts_utc_inferred=2026-03-28T07:23:11Z cut_off_status=REJECTED rejection_reason=TIMESTAMP_AFTER_CUTOFF
2026-03-28T09:23:16 [CEST] [CLEARING] settlement_id=SETL-0006000676 order_id_ref=ORD-01300676 received_ts_cet=2026-03-28T09:23:16 received_ts_utc_inferred=2026-03-28T07:23:16Z cut_off_status=WITHIN_WINDOW
2026-03-28T09:23:21 [CEST] [CLEARING] settlement_id=SETL-0006000677 order_id_ref=ORD-01300677 received_ts_cet=2026-03-28T09:23:21 received_ts_utc_inferred=2026-03-28T07:23:21Z cut_off_status=REJECTED rejection_reason=TIMESTAMP_AFTER_CUTOFF
2026-03-28T09:23:31 [CEST] [CLEARING] settlement_id=SETL-0006000678 order_id_ref=ORD-01300678 received_ts_cet=2026-03-28T09:23:31 received_ts_utc_inferred=2026-03-28T07:23:31Z cut_off_status=WITHIN_WINDOW
2026-03-28T09:23:37 [CEST] [CLEARING] settlement_id=SETL-0006000679 order_id_ref=ORD-01300679 received_ts_cet=2026-03-28T09:23:37 received_ts_utc_inferred=2026-03-28T07:23:37Z cut_off_status=WITHIN_WINDOW
2026-03-28T09:23:49 [CEST] [CLEARING] settlement_id=SETL-0006000680 order_id_ref=ORD-01300680 received_ts_cet=2026-03-28T09:23:49 received_ts_utc_inferred=2026-03-28T07:23:49Z cut_off_status=WITHIN_WINDOW
2026-03-28T09:23:58 [CEST] [CLEARING] settlement_id=SETL-0006000681 order_id_ref=ORD-01300681 received_ts_cet=2026-03-28T09:23:58 received_ts_utc_inferred=2026-03-28T07:23:58Z cut_off_status=WITHIN_WINDOW
2026-03-28T09:24:08 [CEST] [CLEARING] settlement_id=SETL-0006000682 order_id_ref=ORD-01300682 received_ts_cet=2026-03-28T09:24:08 received_ts_utc_inferred=2026-03-28T07:24:08Z cut_off_status=REJECTED rejection_reason=TIMESTAMP_AFTER_CUTOFF
2026-03-28T09:24:16 [CEST] [CLEARING] settlement_id=SETL-0006000683 order_id_ref=ORD-01300683 received_ts_cet=2026-03-28T09:24:16 received_ts_utc_inferred=2026-03-28T07:24:16Z cut_off_status=WITHIN_WINDOW
2026-03-28T09:24:26 [CEST] [CLEARING] settlement_id=SETL-0006000684 order_id_ref=ORD-01300684 received_ts_cet=2026-03-28T09:24:26 received_ts_utc_inferred=2026-03-28T07:24:26Z cut_off_status=WITHIN_WINDOW
2026-03-28T09:24:30 [CEST] [CLEARING] settlement_id=SETL-0006000685 order_id_ref=ORD-01300685 received_ts_cet=2026-03-28T09:24:30 received_ts_utc_inferred=2026-03-28T07:24:30Z cut_off_status=WITHIN_WINDOW
2026-03-28T09:24:36 [CEST] [CLEARING] settlement_id=SETL-0006000686 order_id_ref=ORD-01300686 received_ts_cet=2026-03-28T09:24:36 received_ts_utc_inferred=2026-03-28T07:24:36Z cut_off_status=WITHIN_WINDOW
2026-03-28T09:24:46 [CEST] [CLEARING] settlement_id=SETL-0006000687 order_id_ref=ORD-01300687 received_ts_cet=2026-03-28T09:24:46 received_ts_utc_inferred=2026-03-28T07:24:46Z cut_off_status=WITHIN_WINDOW
2026-03-28T09:24:51 [CEST] [CLEARING] settlement_id=SETL-0006000688 order_id_ref=ORD-01300688 received_ts_cet=2026-03-28T09:24:51 received_ts_utc_inferred=2026-03-28T07:24:51Z cut_off_status=WITHIN_WINDOW
2026-03-28T09:24:57 [CEST] [CLEARING] settlement_id=SETL-0006000689 order_id_ref=ORD-01300689 received_ts_cet=2026-03-28T09:24:57 received_ts_utc_inferred=2026-03-28T07:24:57Z cut_off_status=WITHIN_WINDOW
2026-03-28T09:25:08 [CEST] [CLEARING] settlement_id=SETL-0006000690 order_id_ref=ORD-01300690 received_ts_cet=2026-03-28T09:25:08 received_ts_utc_inferred=2026-03-28T07:25:08Z cut_off_status=REJECTED rejection_reason=TIMESTAMP_AFTER_CUTOFF
2026-03-28T09:25:15 [CEST] [CLEARING] settlement_id=SETL-0006000691 order_id_ref=ORD-01300691 received_ts_cet=2026-03-28T09:25:15 received_ts_utc_inferred=2026-03-28T07:25:15Z cut_off_status=WITHIN_WINDOW
2026-03-28T09:25:22 [CEST] [CLEARING] settlement_id=SETL-0006000692 order_id_ref=ORD-01300692 received_ts_cet=2026-03-28T09:25:22 received_ts_utc_inferred=2026-03-28T07:25:22Z cut_off_status=WITHIN_WINDOW
2026-03-28T09:25:25 [CEST] [CLEARING] settlement_id=SETL-0006000693 order_id_ref=ORD-01300693 received_ts_cet=2026-03-28T09:25:25 received_ts_utc_inferred=2026-03-28T07:25:25Z cut_off_status=WITHIN_WINDOW
2026-03-28T09:25:28 [CEST] [CLEARING] settlement_id=SETL-0006000694 order_id_ref=ORD-01300694 received_ts_cet=2026-03-28T09:25:28 received_ts_utc_inferred=2026-03-28T07:25:28Z cut_off_status=REJECTED rejection_reason=TIMESTAMP_AFTER_CUTOFF
2026-03-28T09:25:36 [CEST] [CLEARING] settlement_id=SETL-0006000695 order_id_ref=ORD-01300695 received_ts_cet=2026-03-28T09:25:36 received_ts_utc_inferred=2026-03-28T07:25:36Z cut_off_status=WITHIN_WINDOW
2026-03-28T09:25:44 [CEST] [CLEARING] settlement_id=SETL-0006000696 order_id_ref=ORD-01300696 received_ts_cet=2026-03-28T09:25:44 received_ts_utc_inferred=2026-03-28T07:25:44Z cut_off_status=WITHIN_WINDOW
2026-03-28T09:25:54 [CEST] [CLEARING] settlement_id=SETL-0006000697 order_id_ref=ORD-01300697 received_ts_cet=2026-03-28T09:25:54 received_ts_utc_inferred=2026-03-28T07:25:54Z cut_off_status=WITHIN_WINDOW
2026-03-28T09:26:03 [CEST] [CLEARING] settlement_id=SETL-0006000698 order_id_ref=ORD-01300698 received_ts_cet=2026-03-28T09:26:03 received_ts_utc_inferred=2026-03-28T07:26:03Z cut_off_status=REJECTED rejection_reason=TIMESTAMP_AFTER_CUTOFF
2026-03-28T09:26:07 [CEST] [CLEARING] settlement_id=SETL-0006000699 order_id_ref=ORD-01300699 received_ts_cet=2026-03-28T09:26:07 received_ts_utc_inferred=2026-03-28T07:26:07Z cut_off_status=REJECTED rejection_reason=TIMESTAMP_AFTER_CUTOFF
2026-03-28T09:26:17 [CEST] [CLEARING] settlement_id=SETL-0006000700 order_id_ref=ORD-01300700 received_ts_cet=2026-03-28T09:26:17 received_ts_utc_inferred=2026-03-28T07:26:17Z cut_off_status=WITHIN_WINDOW
2026-03-28T09:26:24 [CEST] [CLEARING] settlement_id=SETL-0006000701 order_id_ref=ORD-01300701 received_ts_cet=2026-03-28T09:26:24 received_ts_utc_inferred=2026-03-28T07:26:24Z cut_off_status=WITHIN_WINDOW
2026-03-28T09:26:32 [CEST] [CLEARING] settlement_id=SETL-0006000702 order_id_ref=ORD-01300702 received_ts_cet=2026-03-28T09:26:32 received_ts_utc_inferred=2026-03-28T07:26:32Z cut_off_status=WITHIN_WINDOW
2026-03-28T09:26:41 [CEST] [CLEARING] settlement_id=SETL-0006000703 order_id_ref=ORD-01300703 received_ts_cet=2026-03-28T09:26:41 received_ts_utc_inferred=2026-03-28T07:26:41Z cut_off_status=WITHIN_WINDOW
2026-03-28T09:26:44 [CEST] [CLEARING] settlement_id=SETL-0006000704 order_id_ref=ORD-01300704 received_ts_cet=2026-03-28T09:26:44 received_ts_utc_inferred=2026-03-28T07:26:44Z cut_off_status=WITHIN_WINDOW
2026-03-28T09:26:56 [CEST] [CLEARING] settlement_id=SETL-0006000705 order_id_ref=ORD-01300705 received_ts_cet=2026-03-28T09:26:56 received_ts_utc_inferred=2026-03-28T07:26:56Z cut_off_status=WITHIN_WINDOW
2026-03-28T09:27:08 [CEST] [CLEARING] settlement_id=SETL-0006000706 order_id_ref=ORD-01300706 received_ts_cet=2026-03-28T09:27:08 received_ts_utc_inferred=2026-03-28T07:27:08Z cut_off_status=WITHIN_WINDOW
2026-03-28T09:27:18 [CEST] [CLEARING] settlement_id=SETL-0006000707 order_id_ref=ORD-01300707 received_ts_cet=2026-03-28T09:27:18 received_ts_utc_inferred=2026-03-28T07:27:18Z cut_off_status=WITHIN_WINDOW
2026-03-28T09:27:29 [CEST] [CLEARING] settlement_id=SETL-0006000708 order_id_ref=ORD-01300708 received_ts_cet=2026-03-28T09:27:29 received_ts_utc_inferred=2026-03-28T07:27:29Z cut_off_status=WITHIN_WINDOW
2026-03-28T09:27:37 [CEST] [CLEARING] settlement_id=SETL-0006000709 order_id_ref=ORD-01300709 received_ts_cet=2026-03-28T09:27:37 received_ts_utc_inferred=2026-03-28T07:27:37Z cut_off_status=WITHIN_WINDOW
2026-03-28T09:27:40 [CEST] [CLEARING] settlement_id=SETL-0006000710 order_id_ref=ORD-01300710 received_ts_cet=2026-03-28T09:27:40 received_ts_utc_inferred=2026-03-28T07:27:40Z cut_off_status=REJECTED rejection_reason=TIMESTAMP_AFTER_CUTOFF
2026-03-28T09:27:44 [CEST] [CLEARING] settlement_id=SETL-0006000711 order_id_ref=ORD-01300711 received_ts_cet=2026-03-28T09:27:44 received_ts_utc_inferred=2026-03-28T07:27:44Z cut_off_status=WITHIN_WINDOW
2026-03-28T09:27:50 [CEST] [CLEARING] settlement_id=SETL-0006000712 order_id_ref=ORD-01300712 received_ts_cet=2026-03-28T09:27:50 received_ts_utc_inferred=2026-03-28T07:27:50Z cut_off_status=WITHIN_WINDOW
2026-03-28T09:27:57 [CEST] [CLEARING] settlement_id=SETL-0006000713 order_id_ref=ORD-01300713 received_ts_cet=2026-03-28T09:27:57 received_ts_utc_inferred=2026-03-28T07:27:57Z cut_off_status=WITHIN_WINDOW
2026-03-28T09:28:05 [CEST] [CLEARING] settlement_id=SETL-0006000714 order_id_ref=ORD-01300714 received_ts_cet=2026-03-28T09:28:05 received_ts_utc_inferred=2026-03-28T07:28:05Z cut_off_status=REJECTED rejection_reason=TIMESTAMP_AFTER_CUTOFF
2026-03-28T09:28:14 [CEST] [CLEARING] settlement_id=SETL-0006000715 order_id_ref=ORD-01300715 received_ts_cet=2026-03-28T09:28:14 received_ts_utc_inferred=2026-03-28T07:28:14Z cut_off_status=REJECTED rejection_reason=TIMESTAMP_AFTER_CUTOFF
2026-03-28T09:28:23 [CEST] [CLEARING] settlement_id=SETL-0006000716 order_id_ref=ORD-01300716 received_ts_cet=2026-03-28T09:28:23 received_ts_utc_inferred=2026-03-28T07:28:23Z cut_off_status=REJECTED rejection_reason=TIMESTAMP_AFTER_CUTOFF
2026-03-28T09:28:31 [CEST] [CLEARING] settlement_id=SETL-0006000717 order_id_ref=ORD-01300717 received_ts_cet=2026-03-28T09:28:31 received_ts_utc_inferred=2026-03-28T07:28:31Z cut_off_status=WITHIN_WINDOW
2026-03-28T09:28:38 [CEST] [CLEARING] settlement_id=SETL-0006000718 order_id_ref=ORD-01300718 received_ts_cet=2026-03-28T09:28:38 received_ts_utc_inferred=2026-03-28T07:28:38Z cut_off_status=REJECTED rejection_reason=TIMESTAMP_AFTER_CUTOFF
2026-03-28T09:28:47 [CEST] [CLEARING] settlement_id=SETL-0006000719 order_id_ref=ORD-01300719 received_ts_cet=2026-03-28T09:28:47 received_ts_utc_inferred=2026-03-28T07:28:47Z cut_off_status=REJECTED rejection_reason=TIMESTAMP_AFTER_CUTOFF
2026-03-28T09:28:50 [CEST] [CLEARING] settlement_id=SETL-0006000720 order_id_ref=ORD-01300720 received_ts_cet=2026-03-28T09:28:50 received_ts_utc_inferred=2026-03-28T07:28:50Z cut_off_status=WITHIN_WINDOW
2026-03-28T09:28:55 [CEST] [CLEARING] settlement_id=SETL-0006000721 order_id_ref=ORD-01300721 received_ts_cet=2026-03-28T09:28:55 received_ts_utc_inferred=2026-03-28T07:28:55Z cut_off_status=WITHIN_WINDOW
2026-03-28T09:29:01 [CEST] [CLEARING] settlement_id=SETL-0006000722 order_id_ref=ORD-01300722 received_ts_cet=2026-03-28T09:29:01 received_ts_utc_inferred=2026-03-28T07:29:01Z cut_off_status=REJECTED rejection_reason=TIMESTAMP_AFTER_CUTOFF
2026-03-28T09:29:04 [CEST] [CLEARING] settlement_id=SETL-0006000723 order_id_ref=ORD-01300723 received_ts_cet=2026-03-28T09:29:04 received_ts_utc_inferred=2026-03-28T07:29:04Z cut_off_status=WITHIN_WINDOW
2026-03-28T09:29:16 [CEST] [CLEARING] settlement_id=SETL-0006000724 order_id_ref=ORD-01300724 received_ts_cet=2026-03-28T09:29:16 received_ts_utc_inferred=2026-03-28T07:29:16Z cut_off_status=REJECTED rejection_reason=TIMESTAMP_AFTER_CUTOFF
2026-03-28T09:29:28 [CEST] [CLEARING] settlement_id=SETL-0006000725 order_id_ref=ORD-01300725 received_ts_cet=2026-03-28T09:29:28 received_ts_utc_inferred=2026-03-28T07:29:28Z cut_off_status=WITHIN_WINDOW
2026-03-28T09:29:34 [CEST] [CLEARING] settlement_id=SETL-0006000726 order_id_ref=ORD-01300726 received_ts_cet=2026-03-28T09:29:34 received_ts_utc_inferred=2026-03-28T07:29:34Z cut_off_status=WITHIN_WINDOW
2026-03-28T09:29:41 [CEST] [CLEARING] settlement_id=SETL-0006000727 order_id_ref=ORD-01300727 received_ts_cet=2026-03-28T09:29:41 received_ts_utc_inferred=2026-03-28T07:29:41Z cut_off_status=WITHIN_WINDOW
2026-03-28T09:29:51 [CEST] [CLEARING] settlement_id=SETL-0006000728 order_id_ref=ORD-01300728 received_ts_cet=2026-03-28T09:29:51 received_ts_utc_inferred=2026-03-28T07:29:51Z cut_off_status=WITHIN_WINDOW
2026-03-28T09:29:59 [CEST] [CLEARING] settlement_id=SETL-0006000729 order_id_ref=ORD-01300729 received_ts_cet=2026-03-28T09:29:59 received_ts_utc_inferred=2026-03-28T07:29:59Z cut_off_status=REJECTED rejection_reason=TIMESTAMP_AFTER_CUTOFF
2026-03-28T09:30:06 [CEST] [CLEARING] settlement_id=SETL-0006000730 order_id_ref=ORD-01300730 received_ts_cet=2026-03-28T09:30:06 received_ts_utc_inferred=2026-03-28T07:30:06Z cut_off_status=WITHIN_WINDOW
2026-03-28T09:30:17 [CEST] [CLEARING] settlement_id=SETL-0006000731 order_id_ref=ORD-01300731 received_ts_cet=2026-03-28T09:30:17 received_ts_utc_inferred=2026-03-28T07:30:17Z cut_off_status=WITHIN_WINDOW
2026-03-28T09:30:25 [CEST] [CLEARING] settlement_id=SETL-0006000732 order_id_ref=ORD-01300732 received_ts_cet=2026-03-28T09:30:25 received_ts_utc_inferred=2026-03-28T07:30:25Z cut_off_status=REJECTED rejection_reason=TIMESTAMP_AFTER_CUTOFF
2026-03-28T09:30:35 [CEST] [CLEARING] settlement_id=SETL-0006000733 order_id_ref=ORD-01300733 received_ts_cet=2026-03-28T09:30:35 received_ts_utc_inferred=2026-03-28T07:30:35Z cut_off_status=WITHIN_WINDOW
2026-03-28T09:30:46 [CEST] [CLEARING] settlement_id=SETL-0006000734 order_id_ref=ORD-01300734 received_ts_cet=2026-03-28T09:30:46 received_ts_utc_inferred=2026-03-28T07:30:46Z cut_off_status=WITHIN_WINDOW
2026-03-28T09:30:58 [CEST] [CLEARING] settlement_id=SETL-0006000735 order_id_ref=ORD-01300735 received_ts_cet=2026-03-28T09:30:58 received_ts_utc_inferred=2026-03-28T07:30:58Z cut_off_status=REJECTED rejection_reason=TIMESTAMP_AFTER_CUTOFF
2026-03-28T09:31:03 [CEST] [CLEARING] settlement_id=SETL-0006000736 order_id_ref=ORD-01300736 received_ts_cet=2026-03-28T09:31:03 received_ts_utc_inferred=2026-03-28T07:31:03Z cut_off_status=WITHIN_WINDOW
2026-03-28T09:31:07 [CEST] [CLEARING] settlement_id=SETL-0006000737 order_id_ref=ORD-01300737 received_ts_cet=2026-03-28T09:31:07 received_ts_utc_inferred=2026-03-28T07:31:07Z cut_off_status=REJECTED rejection_reason=TIMESTAMP_AFTER_CUTOFF
2026-03-28T09:31:17 [CEST] [CLEARING] settlement_id=SETL-0006000738 order_id_ref=ORD-01300738 received_ts_cet=2026-03-28T09:31:17 received_ts_utc_inferred=2026-03-28T07:31:17Z cut_off_status=WITHIN_WINDOW
2026-03-28T09:31:24 [CEST] [CLEARING] settlement_id=SETL-0006000739 order_id_ref=ORD-01300739 received_ts_cet=2026-03-28T09:31:24 received_ts_utc_inferred=2026-03-28T07:31:24Z cut_off_status=REJECTED rejection_reason=TIMESTAMP_AFTER_CUTOFF
2026-03-28T09:31:32 [CEST] [CLEARING] settlement_id=SETL-0006000740 order_id_ref=ORD-01300740 received_ts_cet=2026-03-28T09:31:32 received_ts_utc_inferred=2026-03-28T07:31:32Z cut_off_status=WITHIN_WINDOW
2026-03-28T09:31:41 [CEST] [CLEARING] settlement_id=SETL-0006000741 order_id_ref=ORD-01300741 received_ts_cet=2026-03-28T09:31:41 received_ts_utc_inferred=2026-03-28T07:31:41Z cut_off_status=WITHIN_WINDOW
2026-03-28T09:31:46 [CEST] [CLEARING] settlement_id=SETL-0006000742 order_id_ref=ORD-01300742 received_ts_cet=2026-03-28T09:31:46 received_ts_utc_inferred=2026-03-28T07:31:46Z cut_off_status=REJECTED rejection_reason=TIMESTAMP_AFTER_CUTOFF
2026-03-28T09:31:53 [CEST] [CLEARING] settlement_id=SETL-0006000743 order_id_ref=ORD-01300743 received_ts_cet=2026-03-28T09:31:53 received_ts_utc_inferred=2026-03-28T07:31:53Z cut_off_status=WITHIN_WINDOW
2026-03-28T09:32:05 [CEST] [CLEARING] settlement_id=SETL-0006000744 order_id_ref=ORD-01300744 received_ts_cet=2026-03-28T09:32:05 received_ts_utc_inferred=2026-03-28T07:32:05Z cut_off_status=WITHIN_WINDOW
2026-03-28T09:32:10 [CEST] [CLEARING] settlement_id=SETL-0006000745 order_id_ref=ORD-01300745 received_ts_cet=2026-03-28T09:32:10 received_ts_utc_inferred=2026-03-28T07:32:10Z cut_off_status=WITHIN_WINDOW
2026-03-28T09:32:14 [CEST] [CLEARING] settlement_id=SETL-0006000746 order_id_ref=ORD-01300746 received_ts_cet=2026-03-28T09:32:14 received_ts_utc_inferred=2026-03-28T07:32:14Z cut_off_status=WITHIN_WINDOW
2026-03-28T09:32:17 [CEST] [CLEARING] settlement_id=SETL-0006000747 order_id_ref=ORD-01300747 received_ts_cet=2026-03-28T09:32:17 received_ts_utc_inferred=2026-03-28T07:32:17Z cut_off_status=WITHIN_WINDOW
2026-03-28T09:32:23 [CEST] [CLEARING] settlement_id=SETL-0006000748 order_id_ref=ORD-01300748 received_ts_cet=2026-03-28T09:32:23 received_ts_utc_inferred=2026-03-28T07:32:23Z cut_off_status=WITHIN_WINDOW
2026-03-28T09:32:28 [CEST] [CLEARING] settlement_id=SETL-0006000749 order_id_ref=ORD-01300749 received_ts_cet=2026-03-28T09:32:28 received_ts_utc_inferred=2026-03-28T07:32:28Z cut_off_status=WITHIN_WINDOW
2026-03-28T09:32:34 [CEST] [CLEARING] settlement_id=SETL-0006000750 order_id_ref=ORD-01300750 received_ts_cet=2026-03-28T09:32:34 received_ts_utc_inferred=2026-03-28T07:32:34Z cut_off_status=WITHIN_WINDOW
2026-03-28T09:32:43 [CEST] [CLEARING] settlement_id=SETL-0006000751 order_id_ref=ORD-01300751 received_ts_cet=2026-03-28T09:32:43 received_ts_utc_inferred=2026-03-28T07:32:43Z cut_off_status=REJECTED rejection_reason=TIMESTAMP_AFTER_CUTOFF
2026-03-28T09:32:54 [CEST] [CLEARING] settlement_id=SETL-0006000752 order_id_ref=ORD-01300752 received_ts_cet=2026-03-28T09:32:54 received_ts_utc_inferred=2026-03-28T07:32:54Z cut_off_status=WITHIN_WINDOW
2026-03-28T09:33:06 [CEST] [CLEARING] settlement_id=SETL-0006000753 order_id_ref=ORD-01300753 received_ts_cet=2026-03-28T09:33:06 received_ts_utc_inferred=2026-03-28T07:33:06Z cut_off_status=WITHIN_WINDOW
2026-03-28T09:33:15 [CEST] [CLEARING] settlement_id=SETL-0006000754 order_id_ref=ORD-01300754 received_ts_cet=2026-03-28T09:33:15 received_ts_utc_inferred=2026-03-28T07:33:15Z cut_off_status=WITHIN_WINDOW
2026-03-28T09:33:23 [CEST] [CLEARING] settlement_id=SETL-0006000755 order_id_ref=ORD-01300755 received_ts_cet=2026-03-28T09:33:23 received_ts_utc_inferred=2026-03-28T07:33:23Z cut_off_status=REJECTED rejection_reason=TIMESTAMP_AFTER_CUTOFF
2026-03-28T09:33:30 [CEST] [CLEARING] settlement_id=SETL-0006000756 order_id_ref=ORD-01300756 received_ts_cet=2026-03-28T09:33:30 received_ts_utc_inferred=2026-03-28T07:33:30Z cut_off_status=WITHIN_WINDOW
2026-03-28T09:33:40 [CEST] [CLEARING] settlement_id=SETL-0006000757 order_id_ref=ORD-01300757 received_ts_cet=2026-03-28T09:33:40 received_ts_utc_inferred=2026-03-28T07:33:40Z cut_off_status=WITHIN_WINDOW
2026-03-28T09:33:46 [CEST] [CLEARING] settlement_id=SETL-0006000758 order_id_ref=ORD-01300758 received_ts_cet=2026-03-28T09:33:46 received_ts_utc_inferred=2026-03-28T07:33:46Z cut_off_status=WITHIN_WINDOW
2026-03-28T09:33:58 [CEST] [CLEARING] settlement_id=SETL-0006000759 order_id_ref=ORD-01300759 received_ts_cet=2026-03-28T09:33:58 received_ts_utc_inferred=2026-03-28T07:33:58Z cut_off_status=REJECTED rejection_reason=TIMESTAMP_AFTER_CUTOFF
2026-03-28T09:34:02 [CEST] [CLEARING] settlement_id=SETL-0006000760 order_id_ref=ORD-01300760 received_ts_cet=2026-03-28T09:34:02 received_ts_utc_inferred=2026-03-28T07:34:02Z cut_off_status=WITHIN_WINDOW
2026-03-28T09:34:14 [CEST] [CLEARING] settlement_id=SETL-0006000761 order_id_ref=ORD-01300761 received_ts_cet=2026-03-28T09:34:14 received_ts_utc_inferred=2026-03-28T07:34:14Z cut_off_status=WITHIN_WINDOW
2026-03-28T09:34:26 [CEST] [CLEARING] settlement_id=SETL-0006000762 order_id_ref=ORD-01300762 received_ts_cet=2026-03-28T09:34:26 received_ts_utc_inferred=2026-03-28T07:34:26Z cut_off_status=WITHIN_WINDOW
2026-03-28T09:34:29 [CEST] [CLEARING] settlement_id=SETL-0006000763 order_id_ref=ORD-01300763 received_ts_cet=2026-03-28T09:34:29 received_ts_utc_inferred=2026-03-28T07:34:29Z cut_off_status=REJECTED rejection_reason=TIMESTAMP_AFTER_CUTOFF
2026-03-28T09:34:39 [CEST] [CLEARING] settlement_id=SETL-0006000764 order_id_ref=ORD-01300764 received_ts_cet=2026-03-28T09:34:39 received_ts_utc_inferred=2026-03-28T07:34:39Z cut_off_status=WITHIN_WINDOW
2026-03-28T09:34:50 [CEST] [CLEARING] settlement_id=SETL-0006000765 order_id_ref=ORD-01300765 received_ts_cet=2026-03-28T09:34:50 received_ts_utc_inferred=2026-03-28T07:34:50Z cut_off_status=REJECTED rejection_reason=TIMESTAMP_AFTER_CUTOFF
2026-03-28T09:35:00 [CEST] [CLEARING] settlement_id=SETL-0006000766 order_id_ref=ORD-01300766 received_ts_cet=2026-03-28T09:35:00 received_ts_utc_inferred=2026-03-28T07:35:00Z cut_off_status=WITHIN_WINDOW
2026-03-28T09:35:07 [CEST] [CLEARING] settlement_id=SETL-0006000767 order_id_ref=ORD-01300767 received_ts_cet=2026-03-28T09:35:07 received_ts_utc_inferred=2026-03-28T07:35:07Z cut_off_status=WITHIN_WINDOW
2026-03-28T09:35:19 [CEST] [CLEARING] settlement_id=SETL-0006000768 order_id_ref=ORD-01300768 received_ts_cet=2026-03-28T09:35:19 received_ts_utc_inferred=2026-03-28T07:35:19Z cut_off_status=REJECTED rejection_reason=TIMESTAMP_AFTER_CUTOFF
2026-03-28T09:35:28 [CEST] [CLEARING] settlement_id=SETL-0006000769 order_id_ref=ORD-01300769 received_ts_cet=2026-03-28T09:35:28 received_ts_utc_inferred=2026-03-28T07:35:28Z cut_off_status=REJECTED rejection_reason=TIMESTAMP_AFTER_CUTOFF
2026-03-28T09:35:31 [CEST] [CLEARING] settlement_id=SETL-0006000770 order_id_ref=ORD-01300770 received_ts_cet=2026-03-28T09:35:31 received_ts_utc_inferred=2026-03-28T07:35:31Z cut_off_status=WITHIN_WINDOW
2026-03-28T09:35:35 [CEST] [CLEARING] settlement_id=SETL-0006000771 order_id_ref=ORD-01300771 received_ts_cet=2026-03-28T09:35:35 received_ts_utc_inferred=2026-03-28T07:35:35Z cut_off_status=REJECTED rejection_reason=TIMESTAMP_AFTER_CUTOFF
2026-03-28T09:35:38 [CEST] [CLEARING] settlement_id=SETL-0006000772 order_id_ref=ORD-01300772 received_ts_cet=2026-03-28T09:35:38 received_ts_utc_inferred=2026-03-28T07:35:38Z cut_off_status=WITHIN_WINDOW
2026-03-28T09:35:49 [CEST] [CLEARING] settlement_id=SETL-0006000773 order_id_ref=ORD-01300773 received_ts_cet=2026-03-28T09:35:49 received_ts_utc_inferred=2026-03-28T07:35:49Z cut_off_status=WITHIN_WINDOW
2026-03-28T09:35:55 [CEST] [CLEARING] settlement_id=SETL-0006000774 order_id_ref=ORD-01300774 received_ts_cet=2026-03-28T09:35:55 received_ts_utc_inferred=2026-03-28T07:35:55Z cut_off_status=WITHIN_WINDOW
2026-03-28T09:36:00 [CEST] [CLEARING] settlement_id=SETL-0006000775 order_id_ref=ORD-01300775 received_ts_cet=2026-03-28T09:36:00 received_ts_utc_inferred=2026-03-28T07:36:00Z cut_off_status=WITHIN_WINDOW
2026-03-28T09:36:11 [CEST] [CLEARING] settlement_id=SETL-0006000776 order_id_ref=ORD-01300776 received_ts_cet=2026-03-28T09:36:11 received_ts_utc_inferred=2026-03-28T07:36:11Z cut_off_status=WITHIN_WINDOW
2026-03-28T09:36:21 [CEST] [CLEARING] settlement_id=SETL-0006000777 order_id_ref=ORD-01300777 received_ts_cet=2026-03-28T09:36:21 received_ts_utc_inferred=2026-03-28T07:36:21Z cut_off_status=WITHIN_WINDOW
2026-03-28T09:36:28 [CEST] [CLEARING] settlement_id=SETL-0006000778 order_id_ref=ORD-01300778 received_ts_cet=2026-03-28T09:36:28 received_ts_utc_inferred=2026-03-28T07:36:28Z cut_off_status=WITHIN_WINDOW
2026-03-28T09:36:38 [CEST] [CLEARING] settlement_id=SETL-0006000779 order_id_ref=ORD-01300779 received_ts_cet=2026-03-28T09:36:38 received_ts_utc_inferred=2026-03-28T07:36:38Z cut_off_status=WITHIN_WINDOW
2026-03-28T09:36:48 [CEST] [CLEARING] settlement_id=SETL-0006000780 order_id_ref=ORD-01300780 received_ts_cet=2026-03-28T09:36:48 received_ts_utc_inferred=2026-03-28T07:36:48Z cut_off_status=WITHIN_WINDOW
2026-03-28T09:36:59 [CEST] [CLEARING] settlement_id=SETL-0006000781 order_id_ref=ORD-01300781 received_ts_cet=2026-03-28T09:36:59 received_ts_utc_inferred=2026-03-28T07:36:59Z cut_off_status=REJECTED rejection_reason=TIMESTAMP_AFTER_CUTOFF
2026-03-28T09:37:10 [CEST] [CLEARING] settlement_id=SETL-0006000782 order_id_ref=ORD-01300782 received_ts_cet=2026-03-28T09:37:10 received_ts_utc_inferred=2026-03-28T07:37:10Z cut_off_status=WITHIN_WINDOW
2026-03-28T09:37:14 [CEST] [CLEARING] settlement_id=SETL-0006000783 order_id_ref=ORD-01300783 received_ts_cet=2026-03-28T09:37:14 received_ts_utc_inferred=2026-03-28T07:37:14Z cut_off_status=REJECTED rejection_reason=TIMESTAMP_AFTER_CUTOFF
2026-03-28T09:37:17 [CEST] [CLEARING] settlement_id=SETL-0006000784 order_id_ref=ORD-01300784 received_ts_cet=2026-03-28T09:37:17 received_ts_utc_inferred=2026-03-28T07:37:17Z cut_off_status=WITHIN_WINDOW
2026-03-28T09:37:21 [CEST] [CLEARING] settlement_id=SETL-0006000785 order_id_ref=ORD-01300785 received_ts_cet=2026-03-28T09:37:21 received_ts_utc_inferred=2026-03-28T07:37:21Z cut_off_status=WITHIN_WINDOW
2026-03-28T09:37:33 [CEST] [CLEARING] settlement_id=SETL-0006000786 order_id_ref=ORD-01300786 received_ts_cet=2026-03-28T09:37:33 received_ts_utc_inferred=2026-03-28T07:37:33Z cut_off_status=REJECTED rejection_reason=TIMESTAMP_AFTER_CUTOFF
2026-03-28T09:37:43 [CEST] [CLEARING] settlement_id=SETL-0006000787 order_id_ref=ORD-01300787 received_ts_cet=2026-03-28T09:37:43 received_ts_utc_inferred=2026-03-28T07:37:43Z cut_off_status=WITHIN_WINDOW
2026-03-28T09:37:50 [CEST] [CLEARING] settlement_id=SETL-0006000788 order_id_ref=ORD-01300788 received_ts_cet=2026-03-28T09:37:50 received_ts_utc_inferred=2026-03-28T07:37:50Z cut_off_status=REJECTED rejection_reason=TIMESTAMP_AFTER_CUTOFF
2026-03-28T09:37:57 [CEST] [CLEARING] settlement_id=SETL-0006000789 order_id_ref=ORD-01300789 received_ts_cet=2026-03-28T09:37:57 received_ts_utc_inferred=2026-03-28T07:37:57Z cut_off_status=REJECTED rejection_reason=TIMESTAMP_AFTER_CUTOFF
2026-03-28T09:38:00 [CEST] [CLEARING] settlement_id=SETL-0006000790 order_id_ref=ORD-01300790 received_ts_cet=2026-03-28T09:38:00 received_ts_utc_inferred=2026-03-28T07:38:00Z cut_off_status=WITHIN_WINDOW
2026-03-28T09:38:03 [CEST] [CLEARING] settlement_id=SETL-0006000791 order_id_ref=ORD-01300791 received_ts_cet=2026-03-28T09:38:03 received_ts_utc_inferred=2026-03-28T07:38:03Z cut_off_status=WITHIN_WINDOW
2026-03-28T09:38:09 [CEST] [CLEARING] settlement_id=SETL-0006000792 order_id_ref=ORD-01300792 received_ts_cet=2026-03-28T09:38:09 received_ts_utc_inferred=2026-03-28T07:38:09Z cut_off_status=WITHIN_WINDOW
2026-03-28T09:38:19 [CEST] [CLEARING] settlement_id=SETL-0006000793 order_id_ref=ORD-01300793 received_ts_cet=2026-03-28T09:38:19 received_ts_utc_inferred=2026-03-28T07:38:19Z cut_off_status=WITHIN_WINDOW
2026-03-28T09:38:30 [CEST] [CLEARING] settlement_id=SETL-0006000794 order_id_ref=ORD-01300794 received_ts_cet=2026-03-28T09:38:30 received_ts_utc_inferred=2026-03-28T07:38:30Z cut_off_status=REJECTED rejection_reason=TIMESTAMP_AFTER_CUTOFF
2026-03-28T09:38:38 [CEST] [CLEARING] settlement_id=SETL-0006000795 order_id_ref=ORD-01300795 received_ts_cet=2026-03-28T09:38:38 received_ts_utc_inferred=2026-03-28T07:38:38Z cut_off_status=WITHIN_WINDOW
2026-03-28T09:38:47 [CEST] [CLEARING] settlement_id=SETL-0006000796 order_id_ref=ORD-01300796 received_ts_cet=2026-03-28T09:38:47 received_ts_utc_inferred=2026-03-28T07:38:47Z cut_off_status=WITHIN_WINDOW
2026-03-28T09:38:50 [CEST] [CLEARING] settlement_id=SETL-0006000797 order_id_ref=ORD-01300797 received_ts_cet=2026-03-28T09:38:50 received_ts_utc_inferred=2026-03-28T07:38:50Z cut_off_status=REJECTED rejection_reason=TIMESTAMP_AFTER_CUTOFF
2026-03-28T09:39:00 [CEST] [CLEARING] settlement_id=SETL-0006000798 order_id_ref=ORD-01300798 received_ts_cet=2026-03-28T09:39:00 received_ts_utc_inferred=2026-03-28T07:39:00Z cut_off_status=WITHIN_WINDOW
2026-03-28T09:39:08 [CEST] [CLEARING] settlement_id=SETL-0006000799 order_id_ref=ORD-01300799 received_ts_cet=2026-03-28T09:39:08 received_ts_utc_inferred=2026-03-28T07:39:08Z cut_off_status=REJECTED rejection_reason=TIMESTAMP_AFTER_CUTOFF
2026-03-28T09:39:18 [CEST] [CLEARING] settlement_id=SETL-0006000800 order_id_ref=ORD-01300800 received_ts_cet=2026-03-28T09:39:18 received_ts_utc_inferred=2026-03-28T07:39:18Z cut_off_status=WITHIN_WINDOW
2026-03-28T09:39:23 [CEST] [CLEARING] settlement_id=SETL-0006000801 order_id_ref=ORD-01300801 received_ts_cet=2026-03-28T09:39:23 received_ts_utc_inferred=2026-03-28T07:39:23Z cut_off_status=REJECTED rejection_reason=TIMESTAMP_AFTER_CUTOFF
2026-03-28T09:39:34 [CEST] [CLEARING] settlement_id=SETL-0006000802 order_id_ref=ORD-01300802 received_ts_cet=2026-03-28T09:39:34 received_ts_utc_inferred=2026-03-28T07:39:34Z cut_off_status=WITHIN_WINDOW
2026-03-28T09:39:41 [CEST] [CLEARING] settlement_id=SETL-0006000803 order_id_ref=ORD-01300803 received_ts_cet=2026-03-28T09:39:41 received_ts_utc_inferred=2026-03-28T07:39:41Z cut_off_status=REJECTED rejection_reason=TIMESTAMP_AFTER_CUTOFF
2026-03-28T09:39:50 [CEST] [CLEARING] settlement_id=SETL-0006000804 order_id_ref=ORD-01300804 received_ts_cet=2026-03-28T09:39:50 received_ts_utc_inferred=2026-03-28T07:39:50Z cut_off_status=WITHIN_WINDOW
2026-03-28T09:40:01 [CEST] [CLEARING] settlement_id=SETL-0006000805 order_id_ref=ORD-01300805 received_ts_cet=2026-03-28T09:40:01 received_ts_utc_inferred=2026-03-28T07:40:01Z cut_off_status=WITHIN_WINDOW
2026-03-28T09:40:06 [CEST] [CLEARING] settlement_id=SETL-0006000806 order_id_ref=ORD-01300806 received_ts_cet=2026-03-28T09:40:06 received_ts_utc_inferred=2026-03-28T07:40:06Z cut_off_status=WITHIN_WINDOW
2026-03-28T09:40:13 [CEST] [CLEARING] settlement_id=SETL-0006000807 order_id_ref=ORD-01300807 received_ts_cet=2026-03-28T09:40:13 received_ts_utc_inferred=2026-03-28T07:40:13Z cut_off_status=WITHIN_WINDOW
2026-03-28T09:40:16 [CEST] [CLEARING] settlement_id=SETL-0006000808 order_id_ref=ORD-01300808 received_ts_cet=2026-03-28T09:40:16 received_ts_utc_inferred=2026-03-28T07:40:16Z cut_off_status=WITHIN_WINDOW
2026-03-28T09:40:28 [CEST] [CLEARING] settlement_id=SETL-0006000809 order_id_ref=ORD-01300809 received_ts_cet=2026-03-28T09:40:28 received_ts_utc_inferred=2026-03-28T07:40:28Z cut_off_status=WITHIN_WINDOW
2026-03-28T09:40:33 [CEST] [CLEARING] settlement_id=SETL-0006000810 order_id_ref=ORD-01300810 received_ts_cet=2026-03-28T09:40:33 received_ts_utc_inferred=2026-03-28T07:40:33Z cut_off_status=WITHIN_WINDOW
2026-03-28T09:40:39 [CEST] [CLEARING] settlement_id=SETL-0006000811 order_id_ref=ORD-01300811 received_ts_cet=2026-03-28T09:40:39 received_ts_utc_inferred=2026-03-28T07:40:39Z cut_off_status=WITHIN_WINDOW
2026-03-28T09:40:46 [CEST] [CLEARING] settlement_id=SETL-0006000812 order_id_ref=ORD-01300812 received_ts_cet=2026-03-28T09:40:46 received_ts_utc_inferred=2026-03-28T07:40:46Z cut_off_status=WITHIN_WINDOW
2026-03-28T09:40:56 [CEST] [CLEARING] settlement_id=SETL-0006000813 order_id_ref=ORD-01300813 received_ts_cet=2026-03-28T09:40:56 received_ts_utc_inferred=2026-03-28T07:40:56Z cut_off_status=WITHIN_WINDOW
2026-03-28T09:41:05 [CEST] [CLEARING] settlement_id=SETL-0006000814 order_id_ref=ORD-01300814 received_ts_cet=2026-03-28T09:41:05 received_ts_utc_inferred=2026-03-28T07:41:05Z cut_off_status=REJECTED rejection_reason=TIMESTAMP_AFTER_CUTOFF
2026-03-28T09:41:13 [CEST] [CLEARING] settlement_id=SETL-0006000815 order_id_ref=ORD-01300815 received_ts_cet=2026-03-28T09:41:13 received_ts_utc_inferred=2026-03-28T07:41:13Z cut_off_status=WITHIN_WINDOW
2026-03-28T09:41:21 [CEST] [CLEARING] settlement_id=SETL-0006000816 order_id_ref=ORD-01300816 received_ts_cet=2026-03-28T09:41:21 received_ts_utc_inferred=2026-03-28T07:41:21Z cut_off_status=REJECTED rejection_reason=TIMESTAMP_AFTER_CUTOFF
2026-03-28T09:41:32 [CEST] [CLEARING] settlement_id=SETL-0006000817 order_id_ref=ORD-01300817 received_ts_cet=2026-03-28T09:41:32 received_ts_utc_inferred=2026-03-28T07:41:32Z cut_off_status=WITHIN_WINDOW
2026-03-28T09:41:39 [CEST] [CLEARING] settlement_id=SETL-0006000818 order_id_ref=ORD-01300818 received_ts_cet=2026-03-28T09:41:39 received_ts_utc_inferred=2026-03-28T07:41:39Z cut_off_status=WITHIN_WINDOW
2026-03-28T09:41:42 [CEST] [CLEARING] settlement_id=SETL-0006000819 order_id_ref=ORD-01300819 received_ts_cet=2026-03-28T09:41:42 received_ts_utc_inferred=2026-03-28T07:41:42Z cut_off_status=WITHIN_WINDOW
2026-03-28T09:41:49 [CEST] [CLEARING] settlement_id=SETL-0006000820 order_id_ref=ORD-01300820 received_ts_cet=2026-03-28T09:41:49 received_ts_utc_inferred=2026-03-28T07:41:49Z cut_off_status=WITHIN_WINDOW
2026-03-28T09:41:55 [CEST] [CLEARING] settlement_id=SETL-0006000821 order_id_ref=ORD-01300821 received_ts_cet=2026-03-28T09:41:55 received_ts_utc_inferred=2026-03-28T07:41:55Z cut_off_status=WITHIN_WINDOW
2026-03-28T09:42:06 [CEST] [CLEARING] settlement_id=SETL-0006000822 order_id_ref=ORD-01300822 received_ts_cet=2026-03-28T09:42:06 received_ts_utc_inferred=2026-03-28T07:42:06Z cut_off_status=WITHIN_WINDOW
2026-03-28T09:42:15 [CEST] [CLEARING] settlement_id=SETL-0006000823 order_id_ref=ORD-01300823 received_ts_cet=2026-03-28T09:42:15 received_ts_utc_inferred=2026-03-28T07:42:15Z cut_off_status=REJECTED rejection_reason=TIMESTAMP_AFTER_CUTOFF
2026-03-28T09:42:19 [CEST] [CLEARING] settlement_id=SETL-0006000824 order_id_ref=ORD-01300824 received_ts_cet=2026-03-28T09:42:19 received_ts_utc_inferred=2026-03-28T07:42:19Z cut_off_status=WITHIN_WINDOW
2026-03-28T09:42:23 [CEST] [CLEARING] settlement_id=SETL-0006000825 order_id_ref=ORD-01300825 received_ts_cet=2026-03-28T09:42:23 received_ts_utc_inferred=2026-03-28T07:42:23Z cut_off_status=REJECTED rejection_reason=TIMESTAMP_AFTER_CUTOFF
2026-03-28T09:42:34 [CEST] [CLEARING] settlement_id=SETL-0006000826 order_id_ref=ORD-01300826 received_ts_cet=2026-03-28T09:42:34 received_ts_utc_inferred=2026-03-28T07:42:34Z cut_off_status=REJECTED rejection_reason=TIMESTAMP_AFTER_CUTOFF
2026-03-28T09:42:41 [CEST] [CLEARING] settlement_id=SETL-0006000827 order_id_ref=ORD-01300827 received_ts_cet=2026-03-28T09:42:41 received_ts_utc_inferred=2026-03-28T07:42:41Z cut_off_status=REJECTED rejection_reason=TIMESTAMP_AFTER_CUTOFF
2026-03-28T09:42:52 [CEST] [CLEARING] settlement_id=SETL-0006000828 order_id_ref=ORD-01300828 received_ts_cet=2026-03-28T09:42:52 received_ts_utc_inferred=2026-03-28T07:42:52Z cut_off_status=REJECTED rejection_reason=TIMESTAMP_AFTER_CUTOFF
2026-03-28T09:42:58 [CEST] [CLEARING] settlement_id=SETL-0006000829 order_id_ref=ORD-01300829 received_ts_cet=2026-03-28T09:42:58 received_ts_utc_inferred=2026-03-28T07:42:58Z cut_off_status=WITHIN_WINDOW
2026-03-28T09:43:08 [CEST] [CLEARING] settlement_id=SETL-0006000830 order_id_ref=ORD-01300830 received_ts_cet=2026-03-28T09:43:08 received_ts_utc_inferred=2026-03-28T07:43:08Z cut_off_status=WITHIN_WINDOW
2026-03-28T09:43:11 [CEST] [CLEARING] settlement_id=SETL-0006000831 order_id_ref=ORD-01300831 received_ts_cet=2026-03-28T09:43:11 received_ts_utc_inferred=2026-03-28T07:43:11Z cut_off_status=WITHIN_WINDOW
2026-03-28T09:43:23 [CEST] [CLEARING] settlement_id=SETL-0006000832 order_id_ref=ORD-01300832 received_ts_cet=2026-03-28T09:43:23 received_ts_utc_inferred=2026-03-28T07:43:23Z cut_off_status=WITHIN_WINDOW
2026-03-28T09:43:33 [CEST] [CLEARING] settlement_id=SETL-0006000833 order_id_ref=ORD-01300833 received_ts_cet=2026-03-28T09:43:33 received_ts_utc_inferred=2026-03-28T07:43:33Z cut_off_status=WITHIN_WINDOW
2026-03-28T09:43:38 [CEST] [CLEARING] settlement_id=SETL-0006000834 order_id_ref=ORD-01300834 received_ts_cet=2026-03-28T09:43:38 received_ts_utc_inferred=2026-03-28T07:43:38Z cut_off_status=REJECTED rejection_reason=TIMESTAMP_AFTER_CUTOFF
2026-03-28T09:43:45 [CEST] [CLEARING] settlement_id=SETL-0006000835 order_id_ref=ORD-01300835 received_ts_cet=2026-03-28T09:43:45 received_ts_utc_inferred=2026-03-28T07:43:45Z cut_off_status=WITHIN_WINDOW
2026-03-28T09:43:51 [CEST] [CLEARING] settlement_id=SETL-0006000836 order_id_ref=ORD-01300836 received_ts_cet=2026-03-28T09:43:51 received_ts_utc_inferred=2026-03-28T07:43:51Z cut_off_status=WITHIN_WINDOW
2026-03-28T09:44:03 [CEST] [CLEARING] settlement_id=SETL-0006000837 order_id_ref=ORD-01300837 received_ts_cet=2026-03-28T09:44:03 received_ts_utc_inferred=2026-03-28T07:44:03Z cut_off_status=WITHIN_WINDOW
2026-03-28T09:44:14 [CEST] [CLEARING] settlement_id=SETL-0006000838 order_id_ref=ORD-01300838 received_ts_cet=2026-03-28T09:44:14 received_ts_utc_inferred=2026-03-28T07:44:14Z cut_off_status=REJECTED rejection_reason=TIMESTAMP_AFTER_CUTOFF
2026-03-28T09:44:23 [CEST] [CLEARING] settlement_id=SETL-0006000839 order_id_ref=ORD-01300839 received_ts_cet=2026-03-28T09:44:23 received_ts_utc_inferred=2026-03-28T07:44:23Z cut_off_status=WITHIN_WINDOW
2026-03-28T09:44:27 [CEST] [CLEARING] settlement_id=SETL-0006000840 order_id_ref=ORD-01300840 received_ts_cet=2026-03-28T09:44:27 received_ts_utc_inferred=2026-03-28T07:44:27Z cut_off_status=WITHIN_WINDOW
2026-03-28T09:44:30 [CEST] [CLEARING] settlement_id=SETL-0006000841 order_id_ref=ORD-01300841 received_ts_cet=2026-03-28T09:44:30 received_ts_utc_inferred=2026-03-28T07:44:30Z cut_off_status=REJECTED rejection_reason=TIMESTAMP_AFTER_CUTOFF
2026-03-28T09:44:35 [CEST] [CLEARING] settlement_id=SETL-0006000842 order_id_ref=ORD-01300842 received_ts_cet=2026-03-28T09:44:35 received_ts_utc_inferred=2026-03-28T07:44:35Z cut_off_status=WITHIN_WINDOW
2026-03-28T09:44:43 [CEST] [CLEARING] settlement_id=SETL-0006000843 order_id_ref=ORD-01300843 received_ts_cet=2026-03-28T09:44:43 received_ts_utc_inferred=2026-03-28T07:44:43Z cut_off_status=WITHIN_WINDOW
2026-03-28T09:44:53 [CEST] [CLEARING] settlement_id=SETL-0006000844 order_id_ref=ORD-01300844 received_ts_cet=2026-03-28T09:44:53 received_ts_utc_inferred=2026-03-28T07:44:53Z cut_off_status=WITHIN_WINDOW
2026-03-28T09:45:00 [CEST] [CLEARING] settlement_id=SETL-0006000845 order_id_ref=ORD-01300845 received_ts_cet=2026-03-28T09:45:00 received_ts_utc_inferred=2026-03-28T07:45:00Z cut_off_status=WITHIN_WINDOW
2026-03-28T09:45:06 [CEST] [CLEARING] settlement_id=SETL-0006000846 order_id_ref=ORD-01300846 received_ts_cet=2026-03-28T09:45:06 received_ts_utc_inferred=2026-03-28T07:45:06Z cut_off_status=WITHIN_WINDOW
2026-03-28T09:45:14 [CEST] [CLEARING] settlement_id=SETL-0006000847 order_id_ref=ORD-01300847 received_ts_cet=2026-03-28T09:45:14 received_ts_utc_inferred=2026-03-28T07:45:14Z cut_off_status=WITHIN_WINDOW
2026-03-28T09:45:23 [CEST] [CLEARING] settlement_id=SETL-0006000848 order_id_ref=ORD-01300848 received_ts_cet=2026-03-28T09:45:23 received_ts_utc_inferred=2026-03-28T07:45:23Z cut_off_status=WITHIN_WINDOW
2026-03-28T09:45:28 [CEST] [CLEARING] settlement_id=SETL-0006000849 order_id_ref=ORD-01300849 received_ts_cet=2026-03-28T09:45:28 received_ts_utc_inferred=2026-03-28T07:45:28Z cut_off_status=REJECTED rejection_reason=TIMESTAMP_AFTER_CUTOFF
2026-03-28T09:45:35 [CEST] [CLEARING] settlement_id=SETL-0006000850 order_id_ref=ORD-01300850 received_ts_cet=2026-03-28T09:45:35 received_ts_utc_inferred=2026-03-28T07:45:35Z cut_off_status=WITHIN_WINDOW
2026-03-28T09:45:43 [CEST] [CLEARING] settlement_id=SETL-0006000851 order_id_ref=ORD-01300851 received_ts_cet=2026-03-28T09:45:43 received_ts_utc_inferred=2026-03-28T07:45:43Z cut_off_status=WITHIN_WINDOW
2026-03-28T09:45:51 [CEST] [CLEARING] settlement_id=SETL-0006000852 order_id_ref=ORD-01300852 received_ts_cet=2026-03-28T09:45:51 received_ts_utc_inferred=2026-03-28T07:45:51Z cut_off_status=REJECTED rejection_reason=TIMESTAMP_AFTER_CUTOFF
2026-03-28T09:45:57 [CEST] [CLEARING] settlement_id=SETL-0006000853 order_id_ref=ORD-01300853 received_ts_cet=2026-03-28T09:45:57 received_ts_utc_inferred=2026-03-28T07:45:57Z cut_off_status=REJECTED rejection_reason=TIMESTAMP_AFTER_CUTOFF
2026-03-28T09:46:09 [CEST] [CLEARING] settlement_id=SETL-0006000854 order_id_ref=ORD-01300854 received_ts_cet=2026-03-28T09:46:09 received_ts_utc_inferred=2026-03-28T07:46:09Z cut_off_status=WITHIN_WINDOW
2026-03-28T09:46:17 [CEST] [CLEARING] settlement_id=SETL-0006000855 order_id_ref=ORD-01300855 received_ts_cet=2026-03-28T09:46:17 received_ts_utc_inferred=2026-03-28T07:46:17Z cut_off_status=WITHIN_WINDOW
2026-03-28T09:46:23 [CEST] [CLEARING] settlement_id=SETL-0006000856 order_id_ref=ORD-01300856 received_ts_cet=2026-03-28T09:46:23 received_ts_utc_inferred=2026-03-28T07:46:23Z cut_off_status=WITHIN_WINDOW
2026-03-28T09:46:28 [CEST] [CLEARING] settlement_id=SETL-0006000857 order_id_ref=ORD-01300857 received_ts_cet=2026-03-28T09:46:28 received_ts_utc_inferred=2026-03-28T07:46:28Z cut_off_status=WITHIN_WINDOW
2026-03-28T09:46:36 [CEST] [CLEARING] settlement_id=SETL-0006000858 order_id_ref=ORD-01300858 received_ts_cet=2026-03-28T09:46:36 received_ts_utc_inferred=2026-03-28T07:46:36Z cut_off_status=WITHIN_WINDOW
2026-03-28T09:46:48 [CEST] [CLEARING] settlement_id=SETL-0006000859 order_id_ref=ORD-01300859 received_ts_cet=2026-03-28T09:46:48 received_ts_utc_inferred=2026-03-28T07:46:48Z cut_off_status=WITHIN_WINDOW
2026-03-28T09:46:58 [CEST] [CLEARING] settlement_id=SETL-0006000860 order_id_ref=ORD-01300860 received_ts_cet=2026-03-28T09:46:58 received_ts_utc_inferred=2026-03-28T07:46:58Z cut_off_status=WITHIN_WINDOW
2026-03-28T09:47:07 [CEST] [CLEARING] settlement_id=SETL-0006000861 order_id_ref=ORD-01300861 received_ts_cet=2026-03-28T09:47:07 received_ts_utc_inferred=2026-03-28T07:47:07Z cut_off_status=WITHIN_WINDOW
2026-03-28T09:47:18 [CEST] [CLEARING] settlement_id=SETL-0006000862 order_id_ref=ORD-01300862 received_ts_cet=2026-03-28T09:47:18 received_ts_utc_inferred=2026-03-28T07:47:18Z cut_off_status=WITHIN_WINDOW
2026-03-28T09:47:28 [CEST] [CLEARING] settlement_id=SETL-0006000863 order_id_ref=ORD-01300863 received_ts_cet=2026-03-28T09:47:28 received_ts_utc_inferred=2026-03-28T07:47:28Z cut_off_status=WITHIN_WINDOW
2026-03-28T09:47:40 [CEST] [CLEARING] settlement_id=SETL-0006000864 order_id_ref=ORD-01300864 received_ts_cet=2026-03-28T09:47:40 received_ts_utc_inferred=2026-03-28T07:47:40Z cut_off_status=WITHIN_WINDOW
2026-03-28T09:47:49 [CEST] [CLEARING] settlement_id=SETL-0006000865 order_id_ref=ORD-01300865 received_ts_cet=2026-03-28T09:47:49 received_ts_utc_inferred=2026-03-28T07:47:49Z cut_off_status=WITHIN_WINDOW
2026-03-28T09:48:01 [CEST] [CLEARING] settlement_id=SETL-0006000866 order_id_ref=ORD-01300866 received_ts_cet=2026-03-28T09:48:01 received_ts_utc_inferred=2026-03-28T07:48:01Z cut_off_status=REJECTED rejection_reason=TIMESTAMP_AFTER_CUTOFF
2026-03-28T09:48:09 [CEST] [CLEARING] settlement_id=SETL-0006000867 order_id_ref=ORD-01300867 received_ts_cet=2026-03-28T09:48:09 received_ts_utc_inferred=2026-03-28T07:48:09Z cut_off_status=WITHIN_WINDOW
2026-03-28T09:48:18 [CEST] [CLEARING] settlement_id=SETL-0006000868 order_id_ref=ORD-01300868 received_ts_cet=2026-03-28T09:48:18 received_ts_utc_inferred=2026-03-28T07:48:18Z cut_off_status=WITHIN_WINDOW
2026-03-28T09:48:26 [CEST] [CLEARING] settlement_id=SETL-0006000869 order_id_ref=ORD-01300869 received_ts_cet=2026-03-28T09:48:26 received_ts_utc_inferred=2026-03-28T07:48:26Z cut_off_status=WITHIN_WINDOW
2026-03-28T09:48:34 [CEST] [CLEARING] settlement_id=SETL-0006000870 order_id_ref=ORD-01300870 received_ts_cet=2026-03-28T09:48:34 received_ts_utc_inferred=2026-03-28T07:48:34Z cut_off_status=WITHIN_WINDOW
2026-03-28T09:48:37 [CEST] [CLEARING] settlement_id=SETL-0006000871 order_id_ref=ORD-01300871 received_ts_cet=2026-03-28T09:48:37 received_ts_utc_inferred=2026-03-28T07:48:37Z cut_off_status=REJECTED rejection_reason=TIMESTAMP_AFTER_CUTOFF
2026-03-28T09:48:44 [CEST] [CLEARING] settlement_id=SETL-0006000872 order_id_ref=ORD-01300872 received_ts_cet=2026-03-28T09:48:44 received_ts_utc_inferred=2026-03-28T07:48:44Z cut_off_status=REJECTED rejection_reason=TIMESTAMP_AFTER_CUTOFF
2026-03-28T09:48:56 [CEST] [CLEARING] settlement_id=SETL-0006000873 order_id_ref=ORD-01300873 received_ts_cet=2026-03-28T09:48:56 received_ts_utc_inferred=2026-03-28T07:48:56Z cut_off_status=REJECTED rejection_reason=TIMESTAMP_AFTER_CUTOFF
2026-03-28T09:48:59 [CEST] [CLEARING] settlement_id=SETL-0006000874 order_id_ref=ORD-01300874 received_ts_cet=2026-03-28T09:48:59 received_ts_utc_inferred=2026-03-28T07:48:59Z cut_off_status=WITHIN_WINDOW
2026-03-28T09:49:04 [CEST] [CLEARING] settlement_id=SETL-0006000875 order_id_ref=ORD-01300875 received_ts_cet=2026-03-28T09:49:04 received_ts_utc_inferred=2026-03-28T07:49:04Z cut_off_status=WITHIN_WINDOW
2026-03-28T09:49:11 [CEST] [CLEARING] settlement_id=SETL-0006000876 order_id_ref=ORD-01300876 received_ts_cet=2026-03-28T09:49:11 received_ts_utc_inferred=2026-03-28T07:49:11Z cut_off_status=WITHIN_WINDOW
2026-03-28T09:49:22 [CEST] [CLEARING] settlement_id=SETL-0006000877 order_id_ref=ORD-01300877 received_ts_cet=2026-03-28T09:49:22 received_ts_utc_inferred=2026-03-28T07:49:22Z cut_off_status=WITHIN_WINDOW
2026-03-28T09:49:34 [CEST] [CLEARING] settlement_id=SETL-0006000878 order_id_ref=ORD-01300878 received_ts_cet=2026-03-28T09:49:34 received_ts_utc_inferred=2026-03-28T07:49:34Z cut_off_status=WITHIN_WINDOW
2026-03-28T09:49:37 [CEST] [CLEARING] settlement_id=SETL-0006000879 order_id_ref=ORD-01300879 received_ts_cet=2026-03-28T09:49:37 received_ts_utc_inferred=2026-03-28T07:49:37Z cut_off_status=WITHIN_WINDOW
2026-03-28T09:49:49 [CEST] [CLEARING] settlement_id=SETL-0006000880 order_id_ref=ORD-01300880 received_ts_cet=2026-03-28T09:49:49 received_ts_utc_inferred=2026-03-28T07:49:49Z cut_off_status=WITHIN_WINDOW
2026-03-28T09:49:52 [CEST] [CLEARING] settlement_id=SETL-0006000881 order_id_ref=ORD-01300881 received_ts_cet=2026-03-28T09:49:52 received_ts_utc_inferred=2026-03-28T07:49:52Z cut_off_status=WITHIN_WINDOW
2026-03-28T09:50:04 [CEST] [CLEARING] settlement_id=SETL-0006000882 order_id_ref=ORD-01300882 received_ts_cet=2026-03-28T09:50:04 received_ts_utc_inferred=2026-03-28T07:50:04Z cut_off_status=WITHIN_WINDOW
2026-03-28T09:50:16 [CEST] [CLEARING] settlement_id=SETL-0006000883 order_id_ref=ORD-01300883 received_ts_cet=2026-03-28T09:50:16 received_ts_utc_inferred=2026-03-28T07:50:16Z cut_off_status=WITHIN_WINDOW
2026-03-28T09:50:21 [CEST] [CLEARING] settlement_id=SETL-0006000884 order_id_ref=ORD-01300884 received_ts_cet=2026-03-28T09:50:21 received_ts_utc_inferred=2026-03-28T07:50:21Z cut_off_status=WITHIN_WINDOW
2026-03-28T09:50:31 [CEST] [CLEARING] settlement_id=SETL-0006000885 order_id_ref=ORD-01300885 received_ts_cet=2026-03-28T09:50:31 received_ts_utc_inferred=2026-03-28T07:50:31Z cut_off_status=WITHIN_WINDOW
2026-03-28T09:50:39 [CEST] [CLEARING] settlement_id=SETL-0006000886 order_id_ref=ORD-01300886 received_ts_cet=2026-03-28T09:50:39 received_ts_utc_inferred=2026-03-28T07:50:39Z cut_off_status=REJECTED rejection_reason=TIMESTAMP_AFTER_CUTOFF
2026-03-28T09:50:50 [CEST] [CLEARING] settlement_id=SETL-0006000887 order_id_ref=ORD-01300887 received_ts_cet=2026-03-28T09:50:50 received_ts_utc_inferred=2026-03-28T07:50:50Z cut_off_status=WITHIN_WINDOW
2026-03-28T09:51:02 [CEST] [CLEARING] settlement_id=SETL-0006000888 order_id_ref=ORD-01300888 received_ts_cet=2026-03-28T09:51:02 received_ts_utc_inferred=2026-03-28T07:51:02Z cut_off_status=REJECTED rejection_reason=TIMESTAMP_AFTER_CUTOFF
2026-03-28T09:51:14 [CEST] [CLEARING] settlement_id=SETL-0006000889 order_id_ref=ORD-01300889 received_ts_cet=2026-03-28T09:51:14 received_ts_utc_inferred=2026-03-28T07:51:14Z cut_off_status=REJECTED rejection_reason=TIMESTAMP_AFTER_CUTOFF
2026-03-28T09:51:20 [CEST] [CLEARING] settlement_id=SETL-0006000890 order_id_ref=ORD-01300890 received_ts_cet=2026-03-28T09:51:20 received_ts_utc_inferred=2026-03-28T07:51:20Z cut_off_status=WITHIN_WINDOW
2026-03-28T09:51:30 [CEST] [CLEARING] settlement_id=SETL-0006000891 order_id_ref=ORD-01300891 received_ts_cet=2026-03-28T09:51:30 received_ts_utc_inferred=2026-03-28T07:51:30Z cut_off_status=WITHIN_WINDOW
2026-03-28T09:51:40 [CEST] [CLEARING] settlement_id=SETL-0006000892 order_id_ref=ORD-01300892 received_ts_cet=2026-03-28T09:51:40 received_ts_utc_inferred=2026-03-28T07:51:40Z cut_off_status=WITHIN_WINDOW
2026-03-28T09:51:43 [CEST] [CLEARING] settlement_id=SETL-0006000893 order_id_ref=ORD-01300893 received_ts_cet=2026-03-28T09:51:43 received_ts_utc_inferred=2026-03-28T07:51:43Z cut_off_status=WITHIN_WINDOW
2026-03-28T09:51:55 [CEST] [CLEARING] settlement_id=SETL-0006000894 order_id_ref=ORD-01300894 received_ts_cet=2026-03-28T09:51:55 received_ts_utc_inferred=2026-03-28T07:51:55Z cut_off_status=REJECTED rejection_reason=TIMESTAMP_AFTER_CUTOFF
2026-03-28T09:52:03 [CEST] [CLEARING] settlement_id=SETL-0006000895 order_id_ref=ORD-01300895 received_ts_cet=2026-03-28T09:52:03 received_ts_utc_inferred=2026-03-28T07:52:03Z cut_off_status=REJECTED rejection_reason=TIMESTAMP_AFTER_CUTOFF
2026-03-28T09:52:13 [CEST] [CLEARING] settlement_id=SETL-0006000896 order_id_ref=ORD-01300896 received_ts_cet=2026-03-28T09:52:13 received_ts_utc_inferred=2026-03-28T07:52:13Z cut_off_status=REJECTED rejection_reason=TIMESTAMP_AFTER_CUTOFF
2026-03-28T09:52:23 [CEST] [CLEARING] settlement_id=SETL-0006000897 order_id_ref=ORD-01300897 received_ts_cet=2026-03-28T09:52:23 received_ts_utc_inferred=2026-03-28T07:52:23Z cut_off_status=WITHIN_WINDOW
2026-03-28T09:52:33 [CEST] [CLEARING] settlement_id=SETL-0006000898 order_id_ref=ORD-01300898 received_ts_cet=2026-03-28T09:52:33 received_ts_utc_inferred=2026-03-28T07:52:33Z cut_off_status=REJECTED rejection_reason=TIMESTAMP_AFTER_CUTOFF
2026-03-28T09:52:37 [CEST] [CLEARING] settlement_id=SETL-0006000899 order_id_ref=ORD-01300899 received_ts_cet=2026-03-28T09:52:37 received_ts_utc_inferred=2026-03-28T07:52:37Z cut_off_status=REJECTED rejection_reason=TIMESTAMP_AFTER_CUTOFF
2026-03-28T09:52:46 [CEST] [CLEARING] settlement_id=SETL-0006000900 order_id_ref=ORD-01300900 received_ts_cet=2026-03-28T09:52:46 received_ts_utc_inferred=2026-03-28T07:52:46Z cut_off_status=WITHIN_WINDOW
2026-03-28T09:52:53 [CEST] [CLEARING] settlement_id=SETL-0006000901 order_id_ref=ORD-01300901 received_ts_cet=2026-03-28T09:52:53 received_ts_utc_inferred=2026-03-28T07:52:53Z cut_off_status=WITHIN_WINDOW
2026-03-28T09:52:59 [CEST] [CLEARING] settlement_id=SETL-0006000902 order_id_ref=ORD-01300902 received_ts_cet=2026-03-28T09:52:59 received_ts_utc_inferred=2026-03-28T07:52:59Z cut_off_status=WITHIN_WINDOW
2026-03-28T09:53:04 [CEST] [CLEARING] settlement_id=SETL-0006000903 order_id_ref=ORD-01300903 received_ts_cet=2026-03-28T09:53:04 received_ts_utc_inferred=2026-03-28T07:53:04Z cut_off_status=WITHIN_WINDOW
2026-03-28T09:53:13 [CEST] [CLEARING] settlement_id=SETL-0006000904 order_id_ref=ORD-01300904 received_ts_cet=2026-03-28T09:53:13 received_ts_utc_inferred=2026-03-28T07:53:13Z cut_off_status=WITHIN_WINDOW
2026-03-28T09:53:16 [CEST] [CLEARING] settlement_id=SETL-0006000905 order_id_ref=ORD-01300905 received_ts_cet=2026-03-28T09:53:16 received_ts_utc_inferred=2026-03-28T07:53:16Z cut_off_status=REJECTED rejection_reason=TIMESTAMP_AFTER_CUTOFF
2026-03-28T09:53:27 [CEST] [CLEARING] settlement_id=SETL-0006000906 order_id_ref=ORD-01300906 received_ts_cet=2026-03-28T09:53:27 received_ts_utc_inferred=2026-03-28T07:53:27Z cut_off_status=WITHIN_WINDOW
2026-03-28T09:53:32 [CEST] [CLEARING] settlement_id=SETL-0006000907 order_id_ref=ORD-01300907 received_ts_cet=2026-03-28T09:53:32 received_ts_utc_inferred=2026-03-28T07:53:32Z cut_off_status=WITHIN_WINDOW
2026-03-28T09:53:37 [CEST] [CLEARING] settlement_id=SETL-0006000908 order_id_ref=ORD-01300908 received_ts_cet=2026-03-28T09:53:37 received_ts_utc_inferred=2026-03-28T07:53:37Z cut_off_status=WITHIN_WINDOW
2026-03-28T09:53:49 [CEST] [CLEARING] settlement_id=SETL-0006000909 order_id_ref=ORD-01300909 received_ts_cet=2026-03-28T09:53:49 received_ts_utc_inferred=2026-03-28T07:53:49Z cut_off_status=WITHIN_WINDOW
2026-03-28T09:53:52 [CEST] [CLEARING] settlement_id=SETL-0006000910 order_id_ref=ORD-01300910 received_ts_cet=2026-03-28T09:53:52 received_ts_utc_inferred=2026-03-28T07:53:52Z cut_off_status=REJECTED rejection_reason=TIMESTAMP_AFTER_CUTOFF
2026-03-28T09:54:03 [CEST] [CLEARING] settlement_id=SETL-0006000911 order_id_ref=ORD-01300911 received_ts_cet=2026-03-28T09:54:03 received_ts_utc_inferred=2026-03-28T07:54:03Z cut_off_status=REJECTED rejection_reason=TIMESTAMP_AFTER_CUTOFF
2026-03-28T09:54:11 [CEST] [CLEARING] settlement_id=SETL-0006000912 order_id_ref=ORD-01300912 received_ts_cet=2026-03-28T09:54:11 received_ts_utc_inferred=2026-03-28T07:54:11Z cut_off_status=WITHIN_WINDOW
2026-03-28T09:54:20 [CEST] [CLEARING] settlement_id=SETL-0006000913 order_id_ref=ORD-01300913 received_ts_cet=2026-03-28T09:54:20 received_ts_utc_inferred=2026-03-28T07:54:20Z cut_off_status=WITHIN_WINDOW
2026-03-28T09:54:24 [CEST] [CLEARING] settlement_id=SETL-0006000914 order_id_ref=ORD-01300914 received_ts_cet=2026-03-28T09:54:24 received_ts_utc_inferred=2026-03-28T07:54:24Z cut_off_status=REJECTED rejection_reason=TIMESTAMP_AFTER_CUTOFF
2026-03-28T09:54:33 [CEST] [CLEARING] settlement_id=SETL-0006000915 order_id_ref=ORD-01300915 received_ts_cet=2026-03-28T09:54:33 received_ts_utc_inferred=2026-03-28T07:54:33Z cut_off_status=WITHIN_WINDOW
2026-03-28T09:54:36 [CEST] [CLEARING] settlement_id=SETL-0006000916 order_id_ref=ORD-01300916 received_ts_cet=2026-03-28T09:54:36 received_ts_utc_inferred=2026-03-28T07:54:36Z cut_off_status=WITHIN_WINDOW
2026-03-28T09:54:40 [CEST] [CLEARING] settlement_id=SETL-0006000917 order_id_ref=ORD-01300917 received_ts_cet=2026-03-28T09:54:40 received_ts_utc_inferred=2026-03-28T07:54:40Z cut_off_status=WITHIN_WINDOW
2026-03-28T09:54:46 [CEST] [CLEARING] settlement_id=SETL-0006000918 order_id_ref=ORD-01300918 received_ts_cet=2026-03-28T09:54:46 received_ts_utc_inferred=2026-03-28T07:54:46Z cut_off_status=WITHIN_WINDOW
2026-03-28T09:54:52 [CEST] [CLEARING] settlement_id=SETL-0006000919 order_id_ref=ORD-01300919 received_ts_cet=2026-03-28T09:54:52 received_ts_utc_inferred=2026-03-28T07:54:52Z cut_off_status=REJECTED rejection_reason=TIMESTAMP_AFTER_CUTOFF
2026-03-28T09:55:01 [CEST] [CLEARING] settlement_id=SETL-0006000920 order_id_ref=ORD-01300920 received_ts_cet=2026-03-28T09:55:01 received_ts_utc_inferred=2026-03-28T07:55:01Z cut_off_status=WITHIN_WINDOW
2026-03-28T09:55:12 [CEST] [CLEARING] settlement_id=SETL-0006000921 order_id_ref=ORD-01300921 received_ts_cet=2026-03-28T09:55:12 received_ts_utc_inferred=2026-03-28T07:55:12Z cut_off_status=WITHIN_WINDOW
2026-03-28T09:55:19 [CEST] [CLEARING] settlement_id=SETL-0006000922 order_id_ref=ORD-01300922 received_ts_cet=2026-03-28T09:55:19 received_ts_utc_inferred=2026-03-28T07:55:19Z cut_off_status=WITHIN_WINDOW
2026-03-28T09:55:24 [CEST] [CLEARING] settlement_id=SETL-0006000923 order_id_ref=ORD-01300923 received_ts_cet=2026-03-28T09:55:24 received_ts_utc_inferred=2026-03-28T07:55:24Z cut_off_status=WITHIN_WINDOW
2026-03-28T09:55:32 [CEST] [CLEARING] settlement_id=SETL-0006000924 order_id_ref=ORD-01300924 received_ts_cet=2026-03-28T09:55:32 received_ts_utc_inferred=2026-03-28T07:55:32Z cut_off_status=WITHIN_WINDOW
2026-03-28T09:55:39 [CEST] [CLEARING] settlement_id=SETL-0006000925 order_id_ref=ORD-01300925 received_ts_cet=2026-03-28T09:55:39 received_ts_utc_inferred=2026-03-28T07:55:39Z cut_off_status=WITHIN_WINDOW
2026-03-28T09:55:44 [CEST] [CLEARING] settlement_id=SETL-0006000926 order_id_ref=ORD-01300926 received_ts_cet=2026-03-28T09:55:44 received_ts_utc_inferred=2026-03-28T07:55:44Z cut_off_status=WITHIN_WINDOW
2026-03-28T09:55:52 [CEST] [CLEARING] settlement_id=SETL-0006000927 order_id_ref=ORD-01300927 received_ts_cet=2026-03-28T09:55:52 received_ts_utc_inferred=2026-03-28T07:55:52Z cut_off_status=WITHIN_WINDOW
2026-03-28T09:55:59 [CEST] [CLEARING] settlement_id=SETL-0006000928 order_id_ref=ORD-01300928 received_ts_cet=2026-03-28T09:55:59 received_ts_utc_inferred=2026-03-28T07:55:59Z cut_off_status=REJECTED rejection_reason=TIMESTAMP_AFTER_CUTOFF
2026-03-28T09:56:06 [CEST] [CLEARING] settlement_id=SETL-0006000929 order_id_ref=ORD-01300929 received_ts_cet=2026-03-28T09:56:06 received_ts_utc_inferred=2026-03-28T07:56:06Z cut_off_status=WITHIN_WINDOW
2026-03-28T09:56:17 [CEST] [CLEARING] settlement_id=SETL-0006000930 order_id_ref=ORD-01300930 received_ts_cet=2026-03-28T09:56:17 received_ts_utc_inferred=2026-03-28T07:56:17Z cut_off_status=WITHIN_WINDOW
2026-03-28T09:56:24 [CEST] [CLEARING] settlement_id=SETL-0006000931 order_id_ref=ORD-01300931 received_ts_cet=2026-03-28T09:56:24 received_ts_utc_inferred=2026-03-28T07:56:24Z cut_off_status=WITHIN_WINDOW
2026-03-28T09:56:36 [CEST] [CLEARING] settlement_id=SETL-0006000932 order_id_ref=ORD-01300932 received_ts_cet=2026-03-28T09:56:36 received_ts_utc_inferred=2026-03-28T07:56:36Z cut_off_status=REJECTED rejection_reason=TIMESTAMP_AFTER_CUTOFF
2026-03-28T09:56:42 [CEST] [CLEARING] settlement_id=SETL-0006000933 order_id_ref=ORD-01300933 received_ts_cet=2026-03-28T09:56:42 received_ts_utc_inferred=2026-03-28T07:56:42Z cut_off_status=WITHIN_WINDOW
2026-03-28T09:56:52 [CEST] [CLEARING] settlement_id=SETL-0006000934 order_id_ref=ORD-01300934 received_ts_cet=2026-03-28T09:56:52 received_ts_utc_inferred=2026-03-28T07:56:52Z cut_off_status=WITHIN_WINDOW
2026-03-28T09:57:03 [CEST] [CLEARING] settlement_id=SETL-0006000935 order_id_ref=ORD-01300935 received_ts_cet=2026-03-28T09:57:03 received_ts_utc_inferred=2026-03-28T07:57:03Z cut_off_status=WITHIN_WINDOW
2026-03-28T09:57:14 [CEST] [CLEARING] settlement_id=SETL-0006000936 order_id_ref=ORD-01300936 received_ts_cet=2026-03-28T09:57:14 received_ts_utc_inferred=2026-03-28T07:57:14Z cut_off_status=WITHIN_WINDOW
2026-03-28T09:57:20 [CEST] [CLEARING] settlement_id=SETL-0006000937 order_id_ref=ORD-01300937 received_ts_cet=2026-03-28T09:57:20 received_ts_utc_inferred=2026-03-28T07:57:20Z cut_off_status=REJECTED rejection_reason=TIMESTAMP_AFTER_CUTOFF
2026-03-28T09:57:24 [CEST] [CLEARING] settlement_id=SETL-0006000938 order_id_ref=ORD-01300938 received_ts_cet=2026-03-28T09:57:24 received_ts_utc_inferred=2026-03-28T07:57:24Z cut_off_status=REJECTED rejection_reason=TIMESTAMP_AFTER_CUTOFF
2026-03-28T09:57:33 [CEST] [CLEARING] settlement_id=SETL-0006000939 order_id_ref=ORD-01300939 received_ts_cet=2026-03-28T09:57:33 received_ts_utc_inferred=2026-03-28T07:57:33Z cut_off_status=WITHIN_WINDOW
2026-03-28T09:57:45 [CEST] [CLEARING] settlement_id=SETL-0006000940 order_id_ref=ORD-01300940 received_ts_cet=2026-03-28T09:57:45 received_ts_utc_inferred=2026-03-28T07:57:45Z cut_off_status=WITHIN_WINDOW
2026-03-28T09:57:55 [CEST] [CLEARING] settlement_id=SETL-0006000941 order_id_ref=ORD-01300941 received_ts_cet=2026-03-28T09:57:55 received_ts_utc_inferred=2026-03-28T07:57:55Z cut_off_status=WITHIN_WINDOW
2026-03-28T09:58:00 [CEST] [CLEARING] settlement_id=SETL-0006000942 order_id_ref=ORD-01300942 received_ts_cet=2026-03-28T09:58:00 received_ts_utc_inferred=2026-03-28T07:58:00Z cut_off_status=REJECTED rejection_reason=TIMESTAMP_AFTER_CUTOFF
2026-03-28T09:58:12 [CEST] [CLEARING] settlement_id=SETL-0006000943 order_id_ref=ORD-01300943 received_ts_cet=2026-03-28T09:58:12 received_ts_utc_inferred=2026-03-28T07:58:12Z cut_off_status=WITHIN_WINDOW
2026-03-28T09:58:19 [CEST] [CLEARING] settlement_id=SETL-0006000944 order_id_ref=ORD-01300944 received_ts_cet=2026-03-28T09:58:19 received_ts_utc_inferred=2026-03-28T07:58:19Z cut_off_status=WITHIN_WINDOW
2026-03-28T09:58:26 [CEST] [CLEARING] settlement_id=SETL-0006000945 order_id_ref=ORD-01300945 received_ts_cet=2026-03-28T09:58:26 received_ts_utc_inferred=2026-03-28T07:58:26Z cut_off_status=WITHIN_WINDOW
2026-03-28T09:58:37 [CEST] [CLEARING] settlement_id=SETL-0006000946 order_id_ref=ORD-01300946 received_ts_cet=2026-03-28T09:58:37 received_ts_utc_inferred=2026-03-28T07:58:37Z cut_off_status=WITHIN_WINDOW
2026-03-28T09:58:45 [CEST] [CLEARING] settlement_id=SETL-0006000947 order_id_ref=ORD-01300947 received_ts_cet=2026-03-28T09:58:45 received_ts_utc_inferred=2026-03-28T07:58:45Z cut_off_status=WITHIN_WINDOW
2026-03-28T09:58:55 [CEST] [CLEARING] settlement_id=SETL-0006000948 order_id_ref=ORD-01300948 received_ts_cet=2026-03-28T09:58:55 received_ts_utc_inferred=2026-03-28T07:58:55Z cut_off_status=WITHIN_WINDOW
2026-03-28T09:58:58 [CEST] [CLEARING] settlement_id=SETL-0006000949 order_id_ref=ORD-01300949 received_ts_cet=2026-03-28T09:58:58 received_ts_utc_inferred=2026-03-28T07:58:58Z cut_off_status=REJECTED rejection_reason=TIMESTAMP_AFTER_CUTOFF
2026-03-28T09:59:04 [CEST] [CLEARING] settlement_id=SETL-0006000950 order_id_ref=ORD-01300950 received_ts_cet=2026-03-28T09:59:04 received_ts_utc_inferred=2026-03-28T07:59:04Z cut_off_status=WITHIN_WINDOW
2026-03-28T09:59:16 [CEST] [CLEARING] settlement_id=SETL-0006000951 order_id_ref=ORD-01300951 received_ts_cet=2026-03-28T09:59:16 received_ts_utc_inferred=2026-03-28T07:59:16Z cut_off_status=WITHIN_WINDOW
2026-03-28T09:59:28 [CEST] [CLEARING] settlement_id=SETL-0006000952 order_id_ref=ORD-01300952 received_ts_cet=2026-03-28T09:59:28 received_ts_utc_inferred=2026-03-28T07:59:28Z cut_off_status=WITHIN_WINDOW
2026-03-28T09:59:35 [CEST] [CLEARING] settlement_id=SETL-0006000953 order_id_ref=ORD-01300953 received_ts_cet=2026-03-28T09:59:35 received_ts_utc_inferred=2026-03-28T07:59:35Z cut_off_status=REJECTED rejection_reason=TIMESTAMP_AFTER_CUTOFF
2026-03-28T09:59:41 [CEST] [CLEARING] settlement_id=SETL-0006000954 order_id_ref=ORD-01300954 received_ts_cet=2026-03-28T09:59:41 received_ts_utc_inferred=2026-03-28T07:59:41Z cut_off_status=WITHIN_WINDOW
2026-03-28T09:59:44 [CEST] [CLEARING] settlement_id=SETL-0006000955 order_id_ref=ORD-01300955 received_ts_cet=2026-03-28T09:59:44 received_ts_utc_inferred=2026-03-28T07:59:44Z cut_off_status=WITHIN_WINDOW
2026-03-28T09:59:53 [CEST] [CLEARING] settlement_id=SETL-0006000956 order_id_ref=ORD-01300956 received_ts_cet=2026-03-28T09:59:53 received_ts_utc_inferred=2026-03-28T07:59:53Z cut_off_status=WITHIN_WINDOW
2026-03-28T10:00:00 [CEST] [CLEARING] settlement_id=SETL-0006000957 order_id_ref=ORD-01300957 received_ts_cet=2026-03-28T10:00:00 received_ts_utc_inferred=2026-03-28T08:00:00Z cut_off_status=WITHIN_WINDOW
2026-03-28T10:00:08 [CEST] [CLEARING] settlement_id=SETL-0006000958 order_id_ref=ORD-01300958 received_ts_cet=2026-03-28T10:00:08 received_ts_utc_inferred=2026-03-28T08:00:08Z cut_off_status=REJECTED rejection_reason=TIMESTAMP_AFTER_CUTOFF
2026-03-28T10:00:20 [CEST] [CLEARING] settlement_id=SETL-0006000959 order_id_ref=ORD-01300959 received_ts_cet=2026-03-28T10:00:20 received_ts_utc_inferred=2026-03-28T08:00:20Z cut_off_status=WITHIN_WINDOW
2026-03-28T10:00:26 [CEST] [CLEARING] settlement_id=SETL-0006000960 order_id_ref=ORD-01300960 received_ts_cet=2026-03-28T10:00:26 received_ts_utc_inferred=2026-03-28T08:00:26Z cut_off_status=WITHIN_WINDOW
2026-03-28T10:00:30 [CEST] [CLEARING] settlement_id=SETL-0006000961 order_id_ref=ORD-01300961 received_ts_cet=2026-03-28T10:00:30 received_ts_utc_inferred=2026-03-28T08:00:30Z cut_off_status=REJECTED rejection_reason=TIMESTAMP_AFTER_CUTOFF
2026-03-28T10:00:38 [CEST] [CLEARING] settlement_id=SETL-0006000962 order_id_ref=ORD-01300962 received_ts_cet=2026-03-28T10:00:38 received_ts_utc_inferred=2026-03-28T08:00:38Z cut_off_status=WITHIN_WINDOW
2026-03-28T10:00:46 [CEST] [CLEARING] settlement_id=SETL-0006000963 order_id_ref=ORD-01300963 received_ts_cet=2026-03-28T10:00:46 received_ts_utc_inferred=2026-03-28T08:00:46Z cut_off_status=WITHIN_WINDOW
2026-03-28T10:00:51 [CEST] [CLEARING] settlement_id=SETL-0006000964 order_id_ref=ORD-01300964 received_ts_cet=2026-03-28T10:00:51 received_ts_utc_inferred=2026-03-28T08:00:51Z cut_off_status=WITHIN_WINDOW
2026-03-28T10:00:59 [CEST] [CLEARING] settlement_id=SETL-0006000965 order_id_ref=ORD-01300965 received_ts_cet=2026-03-28T10:00:59 received_ts_utc_inferred=2026-03-28T08:00:59Z cut_off_status=REJECTED rejection_reason=TIMESTAMP_AFTER_CUTOFF
2026-03-28T10:01:06 [CEST] [CLEARING] settlement_id=SETL-0006000966 order_id_ref=ORD-01300966 received_ts_cet=2026-03-28T10:01:06 received_ts_utc_inferred=2026-03-28T08:01:06Z cut_off_status=REJECTED rejection_reason=TIMESTAMP_AFTER_CUTOFF
2026-03-28T10:01:11 [CEST] [CLEARING] settlement_id=SETL-0006000967 order_id_ref=ORD-01300967 received_ts_cet=2026-03-28T10:01:11 received_ts_utc_inferred=2026-03-28T08:01:11Z cut_off_status=WITHIN_WINDOW
2026-03-28T10:01:23 [CEST] [CLEARING] settlement_id=SETL-0006000968 order_id_ref=ORD-01300968 received_ts_cet=2026-03-28T10:01:23 received_ts_utc_inferred=2026-03-28T08:01:23Z cut_off_status=WITHIN_WINDOW
2026-03-28T10:01:26 [CEST] [CLEARING] settlement_id=SETL-0006000969 order_id_ref=ORD-01300969 received_ts_cet=2026-03-28T10:01:26 received_ts_utc_inferred=2026-03-28T08:01:26Z cut_off_status=REJECTED rejection_reason=TIMESTAMP_AFTER_CUTOFF
2026-03-28T10:01:30 [CEST] [CLEARING] settlement_id=SETL-0006000970 order_id_ref=ORD-01300970 received_ts_cet=2026-03-28T10:01:30 received_ts_utc_inferred=2026-03-28T08:01:30Z cut_off_status=WITHIN_WINDOW
2026-03-28T10:01:36 [CEST] [CLEARING] settlement_id=SETL-0006000971 order_id_ref=ORD-01300971 received_ts_cet=2026-03-28T10:01:36 received_ts_utc_inferred=2026-03-28T08:01:36Z cut_off_status=WITHIN_WINDOW
2026-03-28T10:01:47 [CEST] [CLEARING] settlement_id=SETL-0006000972 order_id_ref=ORD-01300972 received_ts_cet=2026-03-28T10:01:47 received_ts_utc_inferred=2026-03-28T08:01:47Z cut_off_status=REJECTED rejection_reason=TIMESTAMP_AFTER_CUTOFF
2026-03-28T10:01:56 [CEST] [CLEARING] settlement_id=SETL-0006000973 order_id_ref=ORD-01300973 received_ts_cet=2026-03-28T10:01:56 received_ts_utc_inferred=2026-03-28T08:01:56Z cut_off_status=WITHIN_WINDOW
2026-03-28T10:02:01 [CEST] [CLEARING] settlement_id=SETL-0006000974 order_id_ref=ORD-01300974 received_ts_cet=2026-03-28T10:02:01 received_ts_utc_inferred=2026-03-28T08:02:01Z cut_off_status=WITHIN_WINDOW
2026-03-28T10:02:11 [CEST] [CLEARING] settlement_id=SETL-0006000975 order_id_ref=ORD-01300975 received_ts_cet=2026-03-28T10:02:11 received_ts_utc_inferred=2026-03-28T08:02:11Z cut_off_status=WITHIN_WINDOW
2026-03-28T10:02:16 [CEST] [CLEARING] settlement_id=SETL-0006000976 order_id_ref=ORD-01300976 received_ts_cet=2026-03-28T10:02:16 received_ts_utc_inferred=2026-03-28T08:02:16Z cut_off_status=WITHIN_WINDOW
2026-03-28T10:02:28 [CEST] [CLEARING] settlement_id=SETL-0006000977 order_id_ref=ORD-01300977 received_ts_cet=2026-03-28T10:02:28 received_ts_utc_inferred=2026-03-28T08:02:28Z cut_off_status=WITHIN_WINDOW
2026-03-28T10:02:36 [CEST] [CLEARING] settlement_id=SETL-0006000978 order_id_ref=ORD-01300978 received_ts_cet=2026-03-28T10:02:36 received_ts_utc_inferred=2026-03-28T08:02:36Z cut_off_status=WITHIN_WINDOW
2026-03-28T10:02:47 [CEST] [CLEARING] settlement_id=SETL-0006000979 order_id_ref=ORD-01300979 received_ts_cet=2026-03-28T10:02:47 received_ts_utc_inferred=2026-03-28T08:02:47Z cut_off_status=WITHIN_WINDOW
2026-03-28T10:02:56 [CEST] [CLEARING] settlement_id=SETL-0006000980 order_id_ref=ORD-01300980 received_ts_cet=2026-03-28T10:02:56 received_ts_utc_inferred=2026-03-28T08:02:56Z cut_off_status=WITHIN_WINDOW
2026-03-28T10:03:08 [CEST] [CLEARING] settlement_id=SETL-0006000981 order_id_ref=ORD-01300981 received_ts_cet=2026-03-28T10:03:08 received_ts_utc_inferred=2026-03-28T08:03:08Z cut_off_status=WITHIN_WINDOW
2026-03-28T10:03:19 [CEST] [CLEARING] settlement_id=SETL-0006000982 order_id_ref=ORD-01300982 received_ts_cet=2026-03-28T10:03:19 received_ts_utc_inferred=2026-03-28T08:03:19Z cut_off_status=WITHIN_WINDOW
2026-03-28T10:03:29 [CEST] [CLEARING] settlement_id=SETL-0006000983 order_id_ref=ORD-01300983 received_ts_cet=2026-03-28T10:03:29 received_ts_utc_inferred=2026-03-28T08:03:29Z cut_off_status=WITHIN_WINDOW
2026-03-28T10:03:38 [CEST] [CLEARING] settlement_id=SETL-0006000984 order_id_ref=ORD-01300984 received_ts_cet=2026-03-28T10:03:38 received_ts_utc_inferred=2026-03-28T08:03:38Z cut_off_status=WITHIN_WINDOW
2026-03-28T10:03:50 [CEST] [CLEARING] settlement_id=SETL-0006000985 order_id_ref=ORD-01300985 received_ts_cet=2026-03-28T10:03:50 received_ts_utc_inferred=2026-03-28T08:03:50Z cut_off_status=REJECTED rejection_reason=TIMESTAMP_AFTER_CUTOFF
2026-03-28T10:03:58 [CEST] [CLEARING] settlement_id=SETL-0006000986 order_id_ref=ORD-01300986 received_ts_cet=2026-03-28T10:03:58 received_ts_utc_inferred=2026-03-28T08:03:58Z cut_off_status=WITHIN_WINDOW
2026-03-28T10:04:06 [CEST] [CLEARING] settlement_id=SETL-0006000987 order_id_ref=ORD-01300987 received_ts_cet=2026-03-28T10:04:06 received_ts_utc_inferred=2026-03-28T08:04:06Z cut_off_status=WITHIN_WINDOW
2026-03-28T10:04:17 [CEST] [CLEARING] settlement_id=SETL-0006000988 order_id_ref=ORD-01300988 received_ts_cet=2026-03-28T10:04:17 received_ts_utc_inferred=2026-03-28T08:04:17Z cut_off_status=WITHIN_WINDOW
2026-03-28T10:04:20 [CEST] [CLEARING] settlement_id=SETL-0006000989 order_id_ref=ORD-01300989 received_ts_cet=2026-03-28T10:04:20 received_ts_utc_inferred=2026-03-28T08:04:20Z cut_off_status=WITHIN_WINDOW
2026-03-28T10:04:25 [CEST] [CLEARING] settlement_id=SETL-0006000990 order_id_ref=ORD-01300990 received_ts_cet=2026-03-28T10:04:25 received_ts_utc_inferred=2026-03-28T08:04:25Z cut_off_status=WITHIN_WINDOW
2026-03-28T10:04:36 [CEST] [CLEARING] settlement_id=SETL-0006000991 order_id_ref=ORD-01300991 received_ts_cet=2026-03-28T10:04:36 received_ts_utc_inferred=2026-03-28T08:04:36Z cut_off_status=REJECTED rejection_reason=TIMESTAMP_AFTER_CUTOFF
2026-03-28T10:04:48 [CEST] [CLEARING] settlement_id=SETL-0006000992 order_id_ref=ORD-01300992 received_ts_cet=2026-03-28T10:04:48 received_ts_utc_inferred=2026-03-28T08:04:48Z cut_off_status=REJECTED rejection_reason=TIMESTAMP_AFTER_CUTOFF
2026-03-28T10:04:52 [CEST] [CLEARING] settlement_id=SETL-0006000993 order_id_ref=ORD-01300993 received_ts_cet=2026-03-28T10:04:52 received_ts_utc_inferred=2026-03-28T08:04:52Z cut_off_status=WITHIN_WINDOW
2026-03-28T10:04:59 [CEST] [CLEARING] settlement_id=SETL-0006000994 order_id_ref=ORD-01300994 received_ts_cet=2026-03-28T10:04:59 received_ts_utc_inferred=2026-03-28T08:04:59Z cut_off_status=WITHIN_WINDOW
2026-03-28T10:05:04 [CEST] [CLEARING] settlement_id=SETL-0006000995 order_id_ref=ORD-01300995 received_ts_cet=2026-03-28T10:05:04 received_ts_utc_inferred=2026-03-28T08:05:04Z cut_off_status=REJECTED rejection_reason=TIMESTAMP_AFTER_CUTOFF
2026-03-28T10:05:09 [CEST] [CLEARING] settlement_id=SETL-0006000996 order_id_ref=ORD-01300996 received_ts_cet=2026-03-28T10:05:09 received_ts_utc_inferred=2026-03-28T08:05:09Z cut_off_status=WITHIN_WINDOW
2026-03-28T10:05:21 [CEST] [CLEARING] settlement_id=SETL-0006000997 order_id_ref=ORD-01300997 received_ts_cet=2026-03-28T10:05:21 received_ts_utc_inferred=2026-03-28T08:05:21Z cut_off_status=REJECTED rejection_reason=TIMESTAMP_AFTER_CUTOFF
2026-03-28T10:05:33 [CEST] [CLEARING] settlement_id=SETL-0006000998 order_id_ref=ORD-01300998 received_ts_cet=2026-03-28T10:05:33 received_ts_utc_inferred=2026-03-28T08:05:33Z cut_off_status=WITHIN_WINDOW
2026-03-28T10:05:36 [CEST] [CLEARING] settlement_id=SETL-0006000999 order_id_ref=ORD-01300999 received_ts_cet=2026-03-28T10:05:36 received_ts_utc_inferred=2026-03-28T08:05:36Z cut_off_status=WITHIN_WINDOW
2026-03-28T10:05:45 [CEST] [CLEARING] settlement_id=SETL-0006001000 order_id_ref=ORD-01301000 received_ts_cet=2026-03-28T10:05:45 received_ts_utc_inferred=2026-03-28T08:05:45Z cut_off_status=WITHIN_WINDOW
2026-03-28T10:05:48 [CEST] [CLEARING] settlement_id=SETL-0006001001 order_id_ref=ORD-01301001 received_ts_cet=2026-03-28T10:05:48 received_ts_utc_inferred=2026-03-28T08:05:48Z cut_off_status=REJECTED rejection_reason=TIMESTAMP_AFTER_CUTOFF
2026-03-28T10:05:54 [CEST] [CLEARING] settlement_id=SETL-0006001002 order_id_ref=ORD-01301002 received_ts_cet=2026-03-28T10:05:54 received_ts_utc_inferred=2026-03-28T08:05:54Z cut_off_status=WITHIN_WINDOW
2026-03-28T10:05:58 [CEST] [CLEARING] settlement_id=SETL-0006001003 order_id_ref=ORD-01301003 received_ts_cet=2026-03-28T10:05:58 received_ts_utc_inferred=2026-03-28T08:05:58Z cut_off_status=WITHIN_WINDOW
2026-03-28T10:06:09 [CEST] [CLEARING] settlement_id=SETL-0006001004 order_id_ref=ORD-01301004 received_ts_cet=2026-03-28T10:06:09 received_ts_utc_inferred=2026-03-28T08:06:09Z cut_off_status=REJECTED rejection_reason=TIMESTAMP_AFTER_CUTOFF
2026-03-28T10:06:14 [CEST] [CLEARING] settlement_id=SETL-0006001005 order_id_ref=ORD-01301005 received_ts_cet=2026-03-28T10:06:14 received_ts_utc_inferred=2026-03-28T08:06:14Z cut_off_status=WITHIN_WINDOW
2026-03-28T10:06:24 [CEST] [CLEARING] settlement_id=SETL-0006001006 order_id_ref=ORD-01301006 received_ts_cet=2026-03-28T10:06:24 received_ts_utc_inferred=2026-03-28T08:06:24Z cut_off_status=WITHIN_WINDOW
2026-03-28T10:06:36 [CEST] [CLEARING] settlement_id=SETL-0006001007 order_id_ref=ORD-01301007 received_ts_cet=2026-03-28T10:06:36 received_ts_utc_inferred=2026-03-28T08:06:36Z cut_off_status=WITHIN_WINDOW
2026-03-28T10:06:42 [CEST] [CLEARING] settlement_id=SETL-0006001008 order_id_ref=ORD-01301008 received_ts_cet=2026-03-28T10:06:42 received_ts_utc_inferred=2026-03-28T08:06:42Z cut_off_status=WITHIN_WINDOW
2026-03-28T10:06:53 [CEST] [CLEARING] settlement_id=SETL-0006001009 order_id_ref=ORD-01301009 received_ts_cet=2026-03-28T10:06:53 received_ts_utc_inferred=2026-03-28T08:06:53Z cut_off_status=WITHIN_WINDOW
2026-03-28T10:07:01 [CEST] [CLEARING] settlement_id=SETL-0006001010 order_id_ref=ORD-01301010 received_ts_cet=2026-03-28T10:07:01 received_ts_utc_inferred=2026-03-28T08:07:01Z cut_off_status=WITHIN_WINDOW
2026-03-28T10:07:05 [CEST] [CLEARING] settlement_id=SETL-0006001011 order_id_ref=ORD-01301011 received_ts_cet=2026-03-28T10:07:05 received_ts_utc_inferred=2026-03-28T08:07:05Z cut_off_status=WITHIN_WINDOW
2026-03-28T10:07:08 [CEST] [CLEARING] settlement_id=SETL-0006001012 order_id_ref=ORD-01301012 received_ts_cet=2026-03-28T10:07:08 received_ts_utc_inferred=2026-03-28T08:07:08Z cut_off_status=WITHIN_WINDOW
2026-03-28T10:07:20 [CEST] [CLEARING] settlement_id=SETL-0006001013 order_id_ref=ORD-01301013 received_ts_cet=2026-03-28T10:07:20 received_ts_utc_inferred=2026-03-28T08:07:20Z cut_off_status=WITHIN_WINDOW
2026-03-28T10:07:27 [CEST] [CLEARING] settlement_id=SETL-0006001014 order_id_ref=ORD-01301014 received_ts_cet=2026-03-28T10:07:27 received_ts_utc_inferred=2026-03-28T08:07:27Z cut_off_status=REJECTED rejection_reason=TIMESTAMP_AFTER_CUTOFF
2026-03-28T10:07:34 [CEST] [CLEARING] settlement_id=SETL-0006001015 order_id_ref=ORD-01301015 received_ts_cet=2026-03-28T10:07:34 received_ts_utc_inferred=2026-03-28T08:07:34Z cut_off_status=WITHIN_WINDOW
2026-03-28T10:07:42 [CEST] [CLEARING] settlement_id=SETL-0006001016 order_id_ref=ORD-01301016 received_ts_cet=2026-03-28T10:07:42 received_ts_utc_inferred=2026-03-28T08:07:42Z cut_off_status=WITHIN_WINDOW
2026-03-28T10:07:46 [CEST] [CLEARING] settlement_id=SETL-0006001017 order_id_ref=ORD-01301017 received_ts_cet=2026-03-28T10:07:46 received_ts_utc_inferred=2026-03-28T08:07:46Z cut_off_status=WITHIN_WINDOW
2026-03-28T10:07:57 [CEST] [CLEARING] settlement_id=SETL-0006001018 order_id_ref=ORD-01301018 received_ts_cet=2026-03-28T10:07:57 received_ts_utc_inferred=2026-03-28T08:07:57Z cut_off_status=WITHIN_WINDOW
2026-03-28T10:08:07 [CEST] [CLEARING] settlement_id=SETL-0006001019 order_id_ref=ORD-01301019 received_ts_cet=2026-03-28T10:08:07 received_ts_utc_inferred=2026-03-28T08:08:07Z cut_off_status=WITHIN_WINDOW
2026-03-28T10:08:12 [CEST] [CLEARING] settlement_id=SETL-0006001020 order_id_ref=ORD-01301020 received_ts_cet=2026-03-28T10:08:12 received_ts_utc_inferred=2026-03-28T08:08:12Z cut_off_status=WITHIN_WINDOW
2026-03-28T10:08:20 [CEST] [CLEARING] settlement_id=SETL-0006001021 order_id_ref=ORD-01301021 received_ts_cet=2026-03-28T10:08:20 received_ts_utc_inferred=2026-03-28T08:08:20Z cut_off_status=REJECTED rejection_reason=TIMESTAMP_AFTER_CUTOFF
2026-03-28T10:08:23 [CEST] [CLEARING] settlement_id=SETL-0006001022 order_id_ref=ORD-01301022 received_ts_cet=2026-03-28T10:08:23 received_ts_utc_inferred=2026-03-28T08:08:23Z cut_off_status=WITHIN_WINDOW
2026-03-28T10:08:32 [CEST] [CLEARING] settlement_id=SETL-0006001023 order_id_ref=ORD-01301023 received_ts_cet=2026-03-28T10:08:32 received_ts_utc_inferred=2026-03-28T08:08:32Z cut_off_status=WITHIN_WINDOW
2026-03-28T10:08:41 [CEST] [CLEARING] settlement_id=SETL-0006001024 order_id_ref=ORD-01301024 received_ts_cet=2026-03-28T10:08:41 received_ts_utc_inferred=2026-03-28T08:08:41Z cut_off_status=REJECTED rejection_reason=TIMESTAMP_AFTER_CUTOFF
2026-03-28T10:08:45 [CEST] [CLEARING] settlement_id=SETL-0006001025 order_id_ref=ORD-01301025 received_ts_cet=2026-03-28T10:08:45 received_ts_utc_inferred=2026-03-28T08:08:45Z cut_off_status=WITHIN_WINDOW
2026-03-28T10:08:52 [CEST] [CLEARING] settlement_id=SETL-0006001026 order_id_ref=ORD-01301026 received_ts_cet=2026-03-28T10:08:52 received_ts_utc_inferred=2026-03-28T08:08:52Z cut_off_status=WITHIN_WINDOW
2026-03-28T10:09:02 [CEST] [CLEARING] settlement_id=SETL-0006001027 order_id_ref=ORD-01301027 received_ts_cet=2026-03-28T10:09:02 received_ts_utc_inferred=2026-03-28T08:09:02Z cut_off_status=WITHIN_WINDOW
2026-03-28T10:09:13 [CEST] [CLEARING] settlement_id=SETL-0006001028 order_id_ref=ORD-01301028 received_ts_cet=2026-03-28T10:09:13 received_ts_utc_inferred=2026-03-28T08:09:13Z cut_off_status=WITHIN_WINDOW
2026-03-28T10:09:17 [CEST] [CLEARING] settlement_id=SETL-0006001029 order_id_ref=ORD-01301029 received_ts_cet=2026-03-28T10:09:17 received_ts_utc_inferred=2026-03-28T08:09:17Z cut_off_status=WITHIN_WINDOW
2026-03-28T10:09:23 [CEST] [CLEARING] settlement_id=SETL-0006001030 order_id_ref=ORD-01301030 received_ts_cet=2026-03-28T10:09:23 received_ts_utc_inferred=2026-03-28T08:09:23Z cut_off_status=WITHIN_WINDOW
2026-03-28T10:09:33 [CEST] [CLEARING] settlement_id=SETL-0006001031 order_id_ref=ORD-01301031 received_ts_cet=2026-03-28T10:09:33 received_ts_utc_inferred=2026-03-28T08:09:33Z cut_off_status=WITHIN_WINDOW
2026-03-28T10:09:45 [CEST] [CLEARING] settlement_id=SETL-0006001032 order_id_ref=ORD-01301032 received_ts_cet=2026-03-28T10:09:45 received_ts_utc_inferred=2026-03-28T08:09:45Z cut_off_status=WITHIN_WINDOW
2026-03-28T10:09:57 [CEST] [CLEARING] settlement_id=SETL-0006001033 order_id_ref=ORD-01301033 received_ts_cet=2026-03-28T10:09:57 received_ts_utc_inferred=2026-03-28T08:09:57Z cut_off_status=WITHIN_WINDOW
2026-03-28T10:10:06 [CEST] [CLEARING] settlement_id=SETL-0006001034 order_id_ref=ORD-01301034 received_ts_cet=2026-03-28T10:10:06 received_ts_utc_inferred=2026-03-28T08:10:06Z cut_off_status=WITHIN_WINDOW
2026-03-28T10:10:10 [CEST] [CLEARING] settlement_id=SETL-0006001035 order_id_ref=ORD-01301035 received_ts_cet=2026-03-28T10:10:10 received_ts_utc_inferred=2026-03-28T08:10:10Z cut_off_status=WITHIN_WINDOW
2026-03-28T10:10:17 [CEST] [CLEARING] settlement_id=SETL-0006001036 order_id_ref=ORD-01301036 received_ts_cet=2026-03-28T10:10:17 received_ts_utc_inferred=2026-03-28T08:10:17Z cut_off_status=WITHIN_WINDOW
2026-03-28T10:10:24 [CEST] [CLEARING] settlement_id=SETL-0006001037 order_id_ref=ORD-01301037 received_ts_cet=2026-03-28T10:10:24 received_ts_utc_inferred=2026-03-28T08:10:24Z cut_off_status=WITHIN_WINDOW
2026-03-28T10:10:29 [CEST] [CLEARING] settlement_id=SETL-0006001038 order_id_ref=ORD-01301038 received_ts_cet=2026-03-28T10:10:29 received_ts_utc_inferred=2026-03-28T08:10:29Z cut_off_status=WITHIN_WINDOW
2026-03-28T10:10:37 [CEST] [CLEARING] settlement_id=SETL-0006001039 order_id_ref=ORD-01301039 received_ts_cet=2026-03-28T10:10:37 received_ts_utc_inferred=2026-03-28T08:10:37Z cut_off_status=WITHIN_WINDOW
2026-03-28T10:10:46 [CEST] [CLEARING] settlement_id=SETL-0006001040 order_id_ref=ORD-01301040 received_ts_cet=2026-03-28T10:10:46 received_ts_utc_inferred=2026-03-28T08:10:46Z cut_off_status=WITHIN_WINDOW
2026-03-28T10:10:49 [CEST] [CLEARING] settlement_id=SETL-0006001041 order_id_ref=ORD-01301041 received_ts_cet=2026-03-28T10:10:49 received_ts_utc_inferred=2026-03-28T08:10:49Z cut_off_status=WITHIN_WINDOW
2026-03-28T10:10:53 [CEST] [CLEARING] settlement_id=SETL-0006001042 order_id_ref=ORD-01301042 received_ts_cet=2026-03-28T10:10:53 received_ts_utc_inferred=2026-03-28T08:10:53Z cut_off_status=WITHIN_WINDOW
2026-03-28T10:11:05 [CEST] [CLEARING] settlement_id=SETL-0006001043 order_id_ref=ORD-01301043 received_ts_cet=2026-03-28T10:11:05 received_ts_utc_inferred=2026-03-28T08:11:05Z cut_off_status=WITHIN_WINDOW
2026-03-28T10:11:10 [CEST] [CLEARING] settlement_id=SETL-0006001044 order_id_ref=ORD-01301044 received_ts_cet=2026-03-28T10:11:10 received_ts_utc_inferred=2026-03-28T08:11:10Z cut_off_status=REJECTED rejection_reason=TIMESTAMP_AFTER_CUTOFF
2026-03-28T10:11:17 [CEST] [CLEARING] settlement_id=SETL-0006001045 order_id_ref=ORD-01301045 received_ts_cet=2026-03-28T10:11:17 received_ts_utc_inferred=2026-03-28T08:11:17Z cut_off_status=WITHIN_WINDOW
2026-03-28T10:11:29 [CEST] [CLEARING] settlement_id=SETL-0006001046 order_id_ref=ORD-01301046 received_ts_cet=2026-03-28T10:11:29 received_ts_utc_inferred=2026-03-28T08:11:29Z cut_off_status=WITHIN_WINDOW
2026-03-28T10:11:38 [CEST] [CLEARING] settlement_id=SETL-0006001047 order_id_ref=ORD-01301047 received_ts_cet=2026-03-28T10:11:38 received_ts_utc_inferred=2026-03-28T08:11:38Z cut_off_status=REJECTED rejection_reason=TIMESTAMP_AFTER_CUTOFF
2026-03-28T10:11:44 [CEST] [CLEARING] settlement_id=SETL-0006001048 order_id_ref=ORD-01301048 received_ts_cet=2026-03-28T10:11:44 received_ts_utc_inferred=2026-03-28T08:11:44Z cut_off_status=WITHIN_WINDOW
2026-03-28T10:11:52 [CEST] [CLEARING] settlement_id=SETL-0006001049 order_id_ref=ORD-01301049 received_ts_cet=2026-03-28T10:11:52 received_ts_utc_inferred=2026-03-28T08:11:52Z cut_off_status=WITHIN_WINDOW
2026-03-28T10:12:04 [CEST] [CLEARING] settlement_id=SETL-0006001050 order_id_ref=ORD-01301050 received_ts_cet=2026-03-28T10:12:04 received_ts_utc_inferred=2026-03-28T08:12:04Z cut_off_status=REJECTED rejection_reason=TIMESTAMP_AFTER_CUTOFF
2026-03-28T10:12:07 [CEST] [CLEARING] settlement_id=SETL-0006001051 order_id_ref=ORD-01301051 received_ts_cet=2026-03-28T10:12:07 received_ts_utc_inferred=2026-03-28T08:12:07Z cut_off_status=REJECTED rejection_reason=TIMESTAMP_AFTER_CUTOFF
2026-03-28T10:12:16 [CEST] [CLEARING] settlement_id=SETL-0006001052 order_id_ref=ORD-01301052 received_ts_cet=2026-03-28T10:12:16 received_ts_utc_inferred=2026-03-28T08:12:16Z cut_off_status=WITHIN_WINDOW
2026-03-28T10:12:27 [CEST] [CLEARING] settlement_id=SETL-0006001053 order_id_ref=ORD-01301053 received_ts_cet=2026-03-28T10:12:27 received_ts_utc_inferred=2026-03-28T08:12:27Z cut_off_status=WITHIN_WINDOW
2026-03-28T10:12:38 [CEST] [CLEARING] settlement_id=SETL-0006001054 order_id_ref=ORD-01301054 received_ts_cet=2026-03-28T10:12:38 received_ts_utc_inferred=2026-03-28T08:12:38Z cut_off_status=WITHIN_WINDOW
2026-03-28T10:12:45 [CEST] [CLEARING] settlement_id=SETL-0006001055 order_id_ref=ORD-01301055 received_ts_cet=2026-03-28T10:12:45 received_ts_utc_inferred=2026-03-28T08:12:45Z cut_off_status=REJECTED rejection_reason=TIMESTAMP_AFTER_CUTOFF
2026-03-28T10:12:57 [CEST] [CLEARING] settlement_id=SETL-0006001056 order_id_ref=ORD-01301056 received_ts_cet=2026-03-28T10:12:57 received_ts_utc_inferred=2026-03-28T08:12:57Z cut_off_status=WITHIN_WINDOW
2026-03-28T10:13:08 [CEST] [CLEARING] settlement_id=SETL-0006001057 order_id_ref=ORD-01301057 received_ts_cet=2026-03-28T10:13:08 received_ts_utc_inferred=2026-03-28T08:13:08Z cut_off_status=WITHIN_WINDOW
2026-03-28T10:13:20 [CEST] [CLEARING] settlement_id=SETL-0006001058 order_id_ref=ORD-01301058 received_ts_cet=2026-03-28T10:13:20 received_ts_utc_inferred=2026-03-28T08:13:20Z cut_off_status=WITHIN_WINDOW
2026-03-28T10:13:29 [CEST] [CLEARING] settlement_id=SETL-0006001059 order_id_ref=ORD-01301059 received_ts_cet=2026-03-28T10:13:29 received_ts_utc_inferred=2026-03-28T08:13:29Z cut_off_status=WITHIN_WINDOW
2026-03-28T10:13:39 [CEST] [CLEARING] settlement_id=SETL-0006001060 order_id_ref=ORD-01301060 received_ts_cet=2026-03-28T10:13:39 received_ts_utc_inferred=2026-03-28T08:13:39Z cut_off_status=REJECTED rejection_reason=TIMESTAMP_AFTER_CUTOFF
2026-03-28T10:13:43 [CEST] [CLEARING] settlement_id=SETL-0006001061 order_id_ref=ORD-01301061 received_ts_cet=2026-03-28T10:13:43 received_ts_utc_inferred=2026-03-28T08:13:43Z cut_off_status=WITHIN_WINDOW
2026-03-28T10:13:50 [CEST] [CLEARING] settlement_id=SETL-0006001062 order_id_ref=ORD-01301062 received_ts_cet=2026-03-28T10:13:50 received_ts_utc_inferred=2026-03-28T08:13:50Z cut_off_status=WITHIN_WINDOW
2026-03-28T10:13:54 [CEST] [CLEARING] settlement_id=SETL-0006001063 order_id_ref=ORD-01301063 received_ts_cet=2026-03-28T10:13:54 received_ts_utc_inferred=2026-03-28T08:13:54Z cut_off_status=WITHIN_WINDOW
2026-03-28T10:14:01 [CEST] [CLEARING] settlement_id=SETL-0006001064 order_id_ref=ORD-01301064 received_ts_cet=2026-03-28T10:14:01 received_ts_utc_inferred=2026-03-28T08:14:01Z cut_off_status=WITHIN_WINDOW
2026-03-28T10:14:11 [CEST] [CLEARING] settlement_id=SETL-0006001065 order_id_ref=ORD-01301065 received_ts_cet=2026-03-28T10:14:11 received_ts_utc_inferred=2026-03-28T08:14:11Z cut_off_status=WITHIN_WINDOW
2026-03-28T10:14:22 [CEST] [CLEARING] settlement_id=SETL-0006001066 order_id_ref=ORD-01301066 received_ts_cet=2026-03-28T10:14:22 received_ts_utc_inferred=2026-03-28T08:14:22Z cut_off_status=WITHIN_WINDOW
2026-03-28T10:14:25 [CEST] [CLEARING] settlement_id=SETL-0006001067 order_id_ref=ORD-01301067 received_ts_cet=2026-03-28T10:14:25 received_ts_utc_inferred=2026-03-28T08:14:25Z cut_off_status=WITHIN_WINDOW
2026-03-28T10:14:30 [CEST] [CLEARING] settlement_id=SETL-0006001068 order_id_ref=ORD-01301068 received_ts_cet=2026-03-28T10:14:30 received_ts_utc_inferred=2026-03-28T08:14:30Z cut_off_status=WITHIN_WINDOW
2026-03-28T10:14:36 [CEST] [CLEARING] settlement_id=SETL-0006001069 order_id_ref=ORD-01301069 received_ts_cet=2026-03-28T10:14:36 received_ts_utc_inferred=2026-03-28T08:14:36Z cut_off_status=WITHIN_WINDOW
2026-03-28T10:14:46 [CEST] [CLEARING] settlement_id=SETL-0006001070 order_id_ref=ORD-01301070 received_ts_cet=2026-03-28T10:14:46 received_ts_utc_inferred=2026-03-28T08:14:46Z cut_off_status=WITHIN_WINDOW
2026-03-28T10:14:49 [CEST] [CLEARING] settlement_id=SETL-0006001071 order_id_ref=ORD-01301071 received_ts_cet=2026-03-28T10:14:49 received_ts_utc_inferred=2026-03-28T08:14:49Z cut_off_status=WITHIN_WINDOW
2026-03-28T10:14:55 [CEST] [CLEARING] settlement_id=SETL-0006001072 order_id_ref=ORD-01301072 received_ts_cet=2026-03-28T10:14:55 received_ts_utc_inferred=2026-03-28T08:14:55Z cut_off_status=REJECTED rejection_reason=TIMESTAMP_AFTER_CUTOFF
2026-03-28T10:15:05 [CEST] [CLEARING] settlement_id=SETL-0006001073 order_id_ref=ORD-01301073 received_ts_cet=2026-03-28T10:15:05 received_ts_utc_inferred=2026-03-28T08:15:05Z cut_off_status=REJECTED rejection_reason=TIMESTAMP_AFTER_CUTOFF
2026-03-28T10:15:11 [CEST] [CLEARING] settlement_id=SETL-0006001074 order_id_ref=ORD-01301074 received_ts_cet=2026-03-28T10:15:11 received_ts_utc_inferred=2026-03-28T08:15:11Z cut_off_status=REJECTED rejection_reason=TIMESTAMP_AFTER_CUTOFF
2026-03-28T10:15:19 [CEST] [CLEARING] settlement_id=SETL-0006001075 order_id_ref=ORD-01301075 received_ts_cet=2026-03-28T10:15:19 received_ts_utc_inferred=2026-03-28T08:15:19Z cut_off_status=WITHIN_WINDOW
2026-03-28T10:15:27 [CEST] [CLEARING] settlement_id=SETL-0006001076 order_id_ref=ORD-01301076 received_ts_cet=2026-03-28T10:15:27 received_ts_utc_inferred=2026-03-28T08:15:27Z cut_off_status=WITHIN_WINDOW
2026-03-28T10:15:39 [CEST] [CLEARING] settlement_id=SETL-0006001077 order_id_ref=ORD-01301077 received_ts_cet=2026-03-28T10:15:39 received_ts_utc_inferred=2026-03-28T08:15:39Z cut_off_status=REJECTED rejection_reason=TIMESTAMP_AFTER_CUTOFF
2026-03-28T10:15:43 [CEST] [CLEARING] settlement_id=SETL-0006001078 order_id_ref=ORD-01301078 received_ts_cet=2026-03-28T10:15:43 received_ts_utc_inferred=2026-03-28T08:15:43Z cut_off_status=WITHIN_WINDOW
2026-03-28T10:15:51 [CEST] [CLEARING] settlement_id=SETL-0006001079 order_id_ref=ORD-01301079 received_ts_cet=2026-03-28T10:15:51 received_ts_utc_inferred=2026-03-28T08:15:51Z cut_off_status=REJECTED rejection_reason=TIMESTAMP_AFTER_CUTOFF
2026-03-28T10:15:58 [CEST] [CLEARING] settlement_id=SETL-0006001080 order_id_ref=ORD-01301080 received_ts_cet=2026-03-28T10:15:58 received_ts_utc_inferred=2026-03-28T08:15:58Z cut_off_status=REJECTED rejection_reason=TIMESTAMP_AFTER_CUTOFF
2026-03-28T10:16:06 [CEST] [CLEARING] settlement_id=SETL-0006001081 order_id_ref=ORD-01301081 received_ts_cet=2026-03-28T10:16:06 received_ts_utc_inferred=2026-03-28T08:16:06Z cut_off_status=WITHIN_WINDOW
2026-03-28T10:16:13 [CEST] [CLEARING] settlement_id=SETL-0006001082 order_id_ref=ORD-01301082 received_ts_cet=2026-03-28T10:16:13 received_ts_utc_inferred=2026-03-28T08:16:13Z cut_off_status=WITHIN_WINDOW
2026-03-28T10:16:25 [CEST] [CLEARING] settlement_id=SETL-0006001083 order_id_ref=ORD-01301083 received_ts_cet=2026-03-28T10:16:25 received_ts_utc_inferred=2026-03-28T08:16:25Z cut_off_status=REJECTED rejection_reason=TIMESTAMP_AFTER_CUTOFF
2026-03-28T10:16:36 [CEST] [CLEARING] settlement_id=SETL-0006001084 order_id_ref=ORD-01301084 received_ts_cet=2026-03-28T10:16:36 received_ts_utc_inferred=2026-03-28T08:16:36Z cut_off_status=WITHIN_WINDOW
2026-03-28T10:16:48 [CEST] [CLEARING] settlement_id=SETL-0006001085 order_id_ref=ORD-01301085 received_ts_cet=2026-03-28T10:16:48 received_ts_utc_inferred=2026-03-28T08:16:48Z cut_off_status=WITHIN_WINDOW
2026-03-28T10:16:54 [CEST] [CLEARING] settlement_id=SETL-0006001086 order_id_ref=ORD-01301086 received_ts_cet=2026-03-28T10:16:54 received_ts_utc_inferred=2026-03-28T08:16:54Z cut_off_status=WITHIN_WINDOW
2026-03-28T10:17:01 [CEST] [CLEARING] settlement_id=SETL-0006001087 order_id_ref=ORD-01301087 received_ts_cet=2026-03-28T10:17:01 received_ts_utc_inferred=2026-03-28T08:17:01Z cut_off_status=REJECTED rejection_reason=TIMESTAMP_AFTER_CUTOFF
2026-03-28T10:17:06 [CEST] [CLEARING] settlement_id=SETL-0006001088 order_id_ref=ORD-01301088 received_ts_cet=2026-03-28T10:17:06 received_ts_utc_inferred=2026-03-28T08:17:06Z cut_off_status=REJECTED rejection_reason=TIMESTAMP_AFTER_CUTOFF
2026-03-28T10:17:15 [CEST] [CLEARING] settlement_id=SETL-0006001089 order_id_ref=ORD-01301089 received_ts_cet=2026-03-28T10:17:15 received_ts_utc_inferred=2026-03-28T08:17:15Z cut_off_status=REJECTED rejection_reason=TIMESTAMP_AFTER_CUTOFF
2026-03-28T10:17:24 [CEST] [CLEARING] settlement_id=SETL-0006001090 order_id_ref=ORD-01301090 received_ts_cet=2026-03-28T10:17:24 received_ts_utc_inferred=2026-03-28T08:17:24Z cut_off_status=WITHIN_WINDOW
2026-03-28T10:17:27 [CEST] [CLEARING] settlement_id=SETL-0006001091 order_id_ref=ORD-01301091 received_ts_cet=2026-03-28T10:17:27 received_ts_utc_inferred=2026-03-28T08:17:27Z cut_off_status=REJECTED rejection_reason=TIMESTAMP_AFTER_CUTOFF
2026-03-28T10:17:37 [CEST] [CLEARING] settlement_id=SETL-0006001092 order_id_ref=ORD-01301092 received_ts_cet=2026-03-28T10:17:37 received_ts_utc_inferred=2026-03-28T08:17:37Z cut_off_status=WITHIN_WINDOW
2026-03-28T10:17:45 [CEST] [CLEARING] settlement_id=SETL-0006001093 order_id_ref=ORD-01301093 received_ts_cet=2026-03-28T10:17:45 received_ts_utc_inferred=2026-03-28T08:17:45Z cut_off_status=WITHIN_WINDOW
2026-03-28T10:17:49 [CEST] [CLEARING] settlement_id=SETL-0006001094 order_id_ref=ORD-01301094 received_ts_cet=2026-03-28T10:17:49 received_ts_utc_inferred=2026-03-28T08:17:49Z cut_off_status=REJECTED rejection_reason=TIMESTAMP_AFTER_CUTOFF
2026-03-28T10:17:55 [CEST] [CLEARING] settlement_id=SETL-0006001095 order_id_ref=ORD-01301095 received_ts_cet=2026-03-28T10:17:55 received_ts_utc_inferred=2026-03-28T08:17:55Z cut_off_status=WITHIN_WINDOW
2026-03-28T10:18:02 [CEST] [CLEARING] settlement_id=SETL-0006001096 order_id_ref=ORD-01301096 received_ts_cet=2026-03-28T10:18:02 received_ts_utc_inferred=2026-03-28T08:18:02Z cut_off_status=WITHIN_WINDOW
2026-03-28T10:18:11 [CEST] [CLEARING] settlement_id=SETL-0006001097 order_id_ref=ORD-01301097 received_ts_cet=2026-03-28T10:18:11 received_ts_utc_inferred=2026-03-28T08:18:11Z cut_off_status=WITHIN_WINDOW
2026-03-28T10:18:22 [CEST] [CLEARING] settlement_id=SETL-0006001098 order_id_ref=ORD-01301098 received_ts_cet=2026-03-28T10:18:22 received_ts_utc_inferred=2026-03-28T08:18:22Z cut_off_status=WITHIN_WINDOW
2026-03-28T10:18:28 [CEST] [CLEARING] settlement_id=SETL-0006001099 order_id_ref=ORD-01301099 received_ts_cet=2026-03-28T10:18:28 received_ts_utc_inferred=2026-03-28T08:18:28Z cut_off_status=WITHIN_WINDOW
2026-03-28T10:18:39 [CEST] [CLEARING] settlement_id=SETL-0006001100 order_id_ref=ORD-01301100 received_ts_cet=2026-03-28T10:18:39 received_ts_utc_inferred=2026-03-28T08:18:39Z cut_off_status=WITHIN_WINDOW
2026-03-28T10:18:49 [CEST] [CLEARING] settlement_id=SETL-0006001101 order_id_ref=ORD-01301101 received_ts_cet=2026-03-28T10:18:49 received_ts_utc_inferred=2026-03-28T08:18:49Z cut_off_status=WITHIN_WINDOW
2026-03-28T10:18:55 [CEST] [CLEARING] settlement_id=SETL-0006001102 order_id_ref=ORD-01301102 received_ts_cet=2026-03-28T10:18:55 received_ts_utc_inferred=2026-03-28T08:18:55Z cut_off_status=WITHIN_WINDOW
2026-03-28T10:19:07 [CEST] [CLEARING] settlement_id=SETL-0006001103 order_id_ref=ORD-01301103 received_ts_cet=2026-03-28T10:19:07 received_ts_utc_inferred=2026-03-28T08:19:07Z cut_off_status=REJECTED rejection_reason=TIMESTAMP_AFTER_CUTOFF
2026-03-28T10:19:19 [CEST] [CLEARING] settlement_id=SETL-0006001104 order_id_ref=ORD-01301104 received_ts_cet=2026-03-28T10:19:19 received_ts_utc_inferred=2026-03-28T08:19:19Z cut_off_status=WITHIN_WINDOW
2026-03-28T10:19:25 [CEST] [CLEARING] settlement_id=SETL-0006001105 order_id_ref=ORD-01301105 received_ts_cet=2026-03-28T10:19:25 received_ts_utc_inferred=2026-03-28T08:19:25Z cut_off_status=WITHIN_WINDOW
2026-03-28T10:19:31 [CEST] [CLEARING] settlement_id=SETL-0006001106 order_id_ref=ORD-01301106 received_ts_cet=2026-03-28T10:19:31 received_ts_utc_inferred=2026-03-28T08:19:31Z cut_off_status=WITHIN_WINDOW
2026-03-28T10:19:39 [CEST] [CLEARING] settlement_id=SETL-0006001107 order_id_ref=ORD-01301107 received_ts_cet=2026-03-28T10:19:39 received_ts_utc_inferred=2026-03-28T08:19:39Z cut_off_status=REJECTED rejection_reason=TIMESTAMP_AFTER_CUTOFF
2026-03-28T10:19:48 [CEST] [CLEARING] settlement_id=SETL-0006001108 order_id_ref=ORD-01301108 received_ts_cet=2026-03-28T10:19:48 received_ts_utc_inferred=2026-03-28T08:19:48Z cut_off_status=WITHIN_WINDOW
2026-03-28T10:19:59 [CEST] [CLEARING] settlement_id=SETL-0006001109 order_id_ref=ORD-01301109 received_ts_cet=2026-03-28T10:19:59 received_ts_utc_inferred=2026-03-28T08:19:59Z cut_off_status=WITHIN_WINDOW
2026-03-28T10:20:02 [CEST] [CLEARING] settlement_id=SETL-0006001110 order_id_ref=ORD-01301110 received_ts_cet=2026-03-28T10:20:02 received_ts_utc_inferred=2026-03-28T08:20:02Z cut_off_status=WITHIN_WINDOW
2026-03-28T10:20:05 [CEST] [CLEARING] settlement_id=SETL-0006001111 order_id_ref=ORD-01301111 received_ts_cet=2026-03-28T10:20:05 received_ts_utc_inferred=2026-03-28T08:20:05Z cut_off_status=WITHIN_WINDOW
2026-03-28T10:20:08 [CEST] [CLEARING] settlement_id=SETL-0006001112 order_id_ref=ORD-01301112 received_ts_cet=2026-03-28T10:20:08 received_ts_utc_inferred=2026-03-28T08:20:08Z cut_off_status=REJECTED rejection_reason=TIMESTAMP_AFTER_CUTOFF
2026-03-28T10:20:11 [CEST] [CLEARING] settlement_id=SETL-0006001113 order_id_ref=ORD-01301113 received_ts_cet=2026-03-28T10:20:11 received_ts_utc_inferred=2026-03-28T08:20:11Z cut_off_status=WITHIN_WINDOW
2026-03-28T10:20:20 [CEST] [CLEARING] settlement_id=SETL-0006001114 order_id_ref=ORD-01301114 received_ts_cet=2026-03-28T10:20:20 received_ts_utc_inferred=2026-03-28T08:20:20Z cut_off_status=WITHIN_WINDOW
2026-03-28T10:20:25 [CEST] [CLEARING] settlement_id=SETL-0006001115 order_id_ref=ORD-01301115 received_ts_cet=2026-03-28T10:20:25 received_ts_utc_inferred=2026-03-28T08:20:25Z cut_off_status=WITHIN_WINDOW
2026-03-28T10:20:28 [CEST] [CLEARING] settlement_id=SETL-0006001116 order_id_ref=ORD-01301116 received_ts_cet=2026-03-28T10:20:28 received_ts_utc_inferred=2026-03-28T08:20:28Z cut_off_status=WITHIN_WINDOW
2026-03-28T10:20:38 [CEST] [CLEARING] settlement_id=SETL-0006001117 order_id_ref=ORD-01301117 received_ts_cet=2026-03-28T10:20:38 received_ts_utc_inferred=2026-03-28T08:20:38Z cut_off_status=REJECTED rejection_reason=TIMESTAMP_AFTER_CUTOFF
2026-03-28T10:20:47 [CEST] [CLEARING] settlement_id=SETL-0006001118 order_id_ref=ORD-01301118 received_ts_cet=2026-03-28T10:20:47 received_ts_utc_inferred=2026-03-28T08:20:47Z cut_off_status=REJECTED rejection_reason=TIMESTAMP_AFTER_CUTOFF
2026-03-28T10:20:58 [CEST] [CLEARING] settlement_id=SETL-0006001119 order_id_ref=ORD-01301119 received_ts_cet=2026-03-28T10:20:58 received_ts_utc_inferred=2026-03-28T08:20:58Z cut_off_status=WITHIN_WINDOW
2026-03-28T10:21:06 [CEST] [CLEARING] settlement_id=SETL-0006001120 order_id_ref=ORD-01301120 received_ts_cet=2026-03-28T10:21:06 received_ts_utc_inferred=2026-03-28T08:21:06Z cut_off_status=REJECTED rejection_reason=TIMESTAMP_AFTER_CUTOFF
2026-03-28T10:21:18 [CEST] [CLEARING] settlement_id=SETL-0006001121 order_id_ref=ORD-01301121 received_ts_cet=2026-03-28T10:21:18 received_ts_utc_inferred=2026-03-28T08:21:18Z cut_off_status=WITHIN_WINDOW
2026-03-28T10:21:26 [CEST] [CLEARING] settlement_id=SETL-0006001122 order_id_ref=ORD-01301122 received_ts_cet=2026-03-28T10:21:26 received_ts_utc_inferred=2026-03-28T08:21:26Z cut_off_status=REJECTED rejection_reason=TIMESTAMP_AFTER_CUTOFF
2026-03-28T10:21:33 [CEST] [CLEARING] settlement_id=SETL-0006001123 order_id_ref=ORD-01301123 received_ts_cet=2026-03-28T10:21:33 received_ts_utc_inferred=2026-03-28T08:21:33Z cut_off_status=WITHIN_WINDOW
2026-03-28T10:21:37 [CEST] [CLEARING] settlement_id=SETL-0006001124 order_id_ref=ORD-01301124 received_ts_cet=2026-03-28T10:21:37 received_ts_utc_inferred=2026-03-28T08:21:37Z cut_off_status=REJECTED rejection_reason=TIMESTAMP_AFTER_CUTOFF
2026-03-28T10:21:42 [CEST] [CLEARING] settlement_id=SETL-0006001125 order_id_ref=ORD-01301125 received_ts_cet=2026-03-28T10:21:42 received_ts_utc_inferred=2026-03-28T08:21:42Z cut_off_status=WITHIN_WINDOW
2026-03-28T10:21:53 [CEST] [CLEARING] settlement_id=SETL-0006001126 order_id_ref=ORD-01301126 received_ts_cet=2026-03-28T10:21:53 received_ts_utc_inferred=2026-03-28T08:21:53Z cut_off_status=WITHIN_WINDOW
2026-03-28T10:22:00 [CEST] [CLEARING] settlement_id=SETL-0006001127 order_id_ref=ORD-01301127 received_ts_cet=2026-03-28T10:22:00 received_ts_utc_inferred=2026-03-28T08:22:00Z cut_off_status=WITHIN_WINDOW
2026-03-28T10:22:07 [CEST] [CLEARING] settlement_id=SETL-0006001128 order_id_ref=ORD-01301128 received_ts_cet=2026-03-28T10:22:07 received_ts_utc_inferred=2026-03-28T08:22:07Z cut_off_status=WITHIN_WINDOW
2026-03-28T10:22:16 [CEST] [CLEARING] settlement_id=SETL-0006001129 order_id_ref=ORD-01301129 received_ts_cet=2026-03-28T10:22:16 received_ts_utc_inferred=2026-03-28T08:22:16Z cut_off_status=WITHIN_WINDOW
2026-03-28T10:22:22 [CEST] [CLEARING] settlement_id=SETL-0006001130 order_id_ref=ORD-01301130 received_ts_cet=2026-03-28T10:22:22 received_ts_utc_inferred=2026-03-28T08:22:22Z cut_off_status=REJECTED rejection_reason=TIMESTAMP_AFTER_CUTOFF
2026-03-28T10:22:32 [CEST] [CLEARING] settlement_id=SETL-0006001131 order_id_ref=ORD-01301131 received_ts_cet=2026-03-28T10:22:32 received_ts_utc_inferred=2026-03-28T08:22:32Z cut_off_status=WITHIN_WINDOW
2026-03-28T10:22:41 [CEST] [CLEARING] settlement_id=SETL-0006001132 order_id_ref=ORD-01301132 received_ts_cet=2026-03-28T10:22:41 received_ts_utc_inferred=2026-03-28T08:22:41Z cut_off_status=WITHIN_WINDOW
2026-03-28T10:22:45 [CEST] [CLEARING] settlement_id=SETL-0006001133 order_id_ref=ORD-01301133 received_ts_cet=2026-03-28T10:22:45 received_ts_utc_inferred=2026-03-28T08:22:45Z cut_off_status=WITHIN_WINDOW
2026-03-28T10:22:51 [CEST] [CLEARING] settlement_id=SETL-0006001134 order_id_ref=ORD-01301134 received_ts_cet=2026-03-28T10:22:51 received_ts_utc_inferred=2026-03-28T08:22:51Z cut_off_status=WITHIN_WINDOW
2026-03-28T10:22:57 [CEST] [CLEARING] settlement_id=SETL-0006001135 order_id_ref=ORD-01301135 received_ts_cet=2026-03-28T10:22:57 received_ts_utc_inferred=2026-03-28T08:22:57Z cut_off_status=WITHIN_WINDOW
2026-03-28T10:23:08 [CEST] [CLEARING] settlement_id=SETL-0006001136 order_id_ref=ORD-01301136 received_ts_cet=2026-03-28T10:23:08 received_ts_utc_inferred=2026-03-28T08:23:08Z cut_off_status=WITHIN_WINDOW
2026-03-28T10:23:18 [CEST] [CLEARING] settlement_id=SETL-0006001137 order_id_ref=ORD-01301137 received_ts_cet=2026-03-28T10:23:18 received_ts_utc_inferred=2026-03-28T08:23:18Z cut_off_status=WITHIN_WINDOW
2026-03-28T10:23:26 [CEST] [CLEARING] settlement_id=SETL-0006001138 order_id_ref=ORD-01301138 received_ts_cet=2026-03-28T10:23:26 received_ts_utc_inferred=2026-03-28T08:23:26Z cut_off_status=WITHIN_WINDOW
2026-03-28T10:23:29 [CEST] [CLEARING] settlement_id=SETL-0006001139 order_id_ref=ORD-01301139 received_ts_cet=2026-03-28T10:23:29 received_ts_utc_inferred=2026-03-28T08:23:29Z cut_off_status=REJECTED rejection_reason=TIMESTAMP_AFTER_CUTOFF
2026-03-28T10:23:37 [CEST] [CLEARING] settlement_id=SETL-0006001140 order_id_ref=ORD-01301140 received_ts_cet=2026-03-28T10:23:37 received_ts_utc_inferred=2026-03-28T08:23:37Z cut_off_status=WITHIN_WINDOW
2026-03-28T10:23:47 [CEST] [CLEARING] settlement_id=SETL-0006001141 order_id_ref=ORD-01301141 received_ts_cet=2026-03-28T10:23:47 received_ts_utc_inferred=2026-03-28T08:23:47Z cut_off_status=WITHIN_WINDOW
2026-03-28T10:23:56 [CEST] [CLEARING] settlement_id=SETL-0006001142 order_id_ref=ORD-01301142 received_ts_cet=2026-03-28T10:23:56 received_ts_utc_inferred=2026-03-28T08:23:56Z cut_off_status=WITHIN_WINDOW
2026-03-28T10:24:07 [CEST] [CLEARING] settlement_id=SETL-0006001143 order_id_ref=ORD-01301143 received_ts_cet=2026-03-28T10:24:07 received_ts_utc_inferred=2026-03-28T08:24:07Z cut_off_status=REJECTED rejection_reason=TIMESTAMP_AFTER_CUTOFF
2026-03-28T10:24:17 [CEST] [CLEARING] settlement_id=SETL-0006001144 order_id_ref=ORD-01301144 received_ts_cet=2026-03-28T10:24:17 received_ts_utc_inferred=2026-03-28T08:24:17Z cut_off_status=WITHIN_WINDOW
2026-03-28T10:24:23 [CEST] [CLEARING] settlement_id=SETL-0006001145 order_id_ref=ORD-01301145 received_ts_cet=2026-03-28T10:24:23 received_ts_utc_inferred=2026-03-28T08:24:23Z cut_off_status=WITHIN_WINDOW
2026-03-28T10:24:34 [CEST] [CLEARING] settlement_id=SETL-0006001146 order_id_ref=ORD-01301146 received_ts_cet=2026-03-28T10:24:34 received_ts_utc_inferred=2026-03-28T08:24:34Z cut_off_status=WITHIN_WINDOW
2026-03-28T10:24:43 [CEST] [CLEARING] settlement_id=SETL-0006001147 order_id_ref=ORD-01301147 received_ts_cet=2026-03-28T10:24:43 received_ts_utc_inferred=2026-03-28T08:24:43Z cut_off_status=REJECTED rejection_reason=TIMESTAMP_AFTER_CUTOFF
2026-03-28T10:24:51 [CEST] [CLEARING] settlement_id=SETL-0006001148 order_id_ref=ORD-01301148 received_ts_cet=2026-03-28T10:24:51 received_ts_utc_inferred=2026-03-28T08:24:51Z cut_off_status=REJECTED rejection_reason=TIMESTAMP_AFTER_CUTOFF
2026-03-28T10:24:59 [CEST] [CLEARING] settlement_id=SETL-0006001149 order_id_ref=ORD-01301149 received_ts_cet=2026-03-28T10:24:59 received_ts_utc_inferred=2026-03-28T08:24:59Z cut_off_status=WITHIN_WINDOW
2026-03-28T10:25:02 [CEST] [CLEARING] settlement_id=SETL-0006001150 order_id_ref=ORD-01301150 received_ts_cet=2026-03-28T10:25:02 received_ts_utc_inferred=2026-03-28T08:25:02Z cut_off_status=WITHIN_WINDOW
2026-03-28T10:25:13 [CEST] [CLEARING] settlement_id=SETL-0006001151 order_id_ref=ORD-01301151 received_ts_cet=2026-03-28T10:25:13 received_ts_utc_inferred=2026-03-28T08:25:13Z cut_off_status=WITHIN_WINDOW
2026-03-28T10:25:23 [CEST] [CLEARING] settlement_id=SETL-0006001152 order_id_ref=ORD-01301152 received_ts_cet=2026-03-28T10:25:23 received_ts_utc_inferred=2026-03-28T08:25:23Z cut_off_status=WITHIN_WINDOW
2026-03-28T10:25:28 [CEST] [CLEARING] settlement_id=SETL-0006001153 order_id_ref=ORD-01301153 received_ts_cet=2026-03-28T10:25:28 received_ts_utc_inferred=2026-03-28T08:25:28Z cut_off_status=WITHIN_WINDOW
2026-03-28T10:25:40 [CEST] [CLEARING] settlement_id=SETL-0006001154 order_id_ref=ORD-01301154 received_ts_cet=2026-03-28T10:25:40 received_ts_utc_inferred=2026-03-28T08:25:40Z cut_off_status=WITHIN_WINDOW
2026-03-28T10:25:51 [CEST] [CLEARING] settlement_id=SETL-0006001155 order_id_ref=ORD-01301155 received_ts_cet=2026-03-28T10:25:51 received_ts_utc_inferred=2026-03-28T08:25:51Z cut_off_status=WITHIN_WINDOW
2026-03-28T10:25:55 [CEST] [CLEARING] settlement_id=SETL-0006001156 order_id_ref=ORD-01301156 received_ts_cet=2026-03-28T10:25:55 received_ts_utc_inferred=2026-03-28T08:25:55Z cut_off_status=WITHIN_WINDOW
2026-03-28T10:26:01 [CEST] [CLEARING] settlement_id=SETL-0006001157 order_id_ref=ORD-01301157 received_ts_cet=2026-03-28T10:26:01 received_ts_utc_inferred=2026-03-28T08:26:01Z cut_off_status=WITHIN_WINDOW
2026-03-28T10:26:08 [CEST] [CLEARING] settlement_id=SETL-0006001158 order_id_ref=ORD-01301158 received_ts_cet=2026-03-28T10:26:08 received_ts_utc_inferred=2026-03-28T08:26:08Z cut_off_status=WITHIN_WINDOW
2026-03-28T10:26:17 [CEST] [CLEARING] settlement_id=SETL-0006001159 order_id_ref=ORD-01301159 received_ts_cet=2026-03-28T10:26:17 received_ts_utc_inferred=2026-03-28T08:26:17Z cut_off_status=WITHIN_WINDOW
2026-03-28T10:26:24 [CEST] [CLEARING] settlement_id=SETL-0006001160 order_id_ref=ORD-01301160 received_ts_cet=2026-03-28T10:26:24 received_ts_utc_inferred=2026-03-28T08:26:24Z cut_off_status=REJECTED rejection_reason=TIMESTAMP_AFTER_CUTOFF
2026-03-28T10:26:36 [CEST] [CLEARING] settlement_id=SETL-0006001161 order_id_ref=ORD-01301161 received_ts_cet=2026-03-28T10:26:36 received_ts_utc_inferred=2026-03-28T08:26:36Z cut_off_status=WITHIN_WINDOW
2026-03-28T10:26:39 [CEST] [CLEARING] settlement_id=SETL-0006001162 order_id_ref=ORD-01301162 received_ts_cet=2026-03-28T10:26:39 received_ts_utc_inferred=2026-03-28T08:26:39Z cut_off_status=WITHIN_WINDOW
2026-03-28T10:26:44 [CEST] [CLEARING] settlement_id=SETL-0006001163 order_id_ref=ORD-01301163 received_ts_cet=2026-03-28T10:26:44 received_ts_utc_inferred=2026-03-28T08:26:44Z cut_off_status=WITHIN_WINDOW
2026-03-28T10:26:47 [CEST] [CLEARING] settlement_id=SETL-0006001164 order_id_ref=ORD-01301164 received_ts_cet=2026-03-28T10:26:47 received_ts_utc_inferred=2026-03-28T08:26:47Z cut_off_status=REJECTED rejection_reason=TIMESTAMP_AFTER_CUTOFF
2026-03-28T10:26:56 [CEST] [CLEARING] settlement_id=SETL-0006001165 order_id_ref=ORD-01301165 received_ts_cet=2026-03-28T10:26:56 received_ts_utc_inferred=2026-03-28T08:26:56Z cut_off_status=WITHIN_WINDOW
2026-03-28T10:27:01 [CEST] [CLEARING] settlement_id=SETL-0006001166 order_id_ref=ORD-01301166 received_ts_cet=2026-03-28T10:27:01 received_ts_utc_inferred=2026-03-28T08:27:01Z cut_off_status=WITHIN_WINDOW
2026-03-28T10:27:07 [CEST] [CLEARING] settlement_id=SETL-0006001167 order_id_ref=ORD-01301167 received_ts_cet=2026-03-28T10:27:07 received_ts_utc_inferred=2026-03-28T08:27:07Z cut_off_status=WITHIN_WINDOW
2026-03-28T10:27:18 [CEST] [CLEARING] settlement_id=SETL-0006001168 order_id_ref=ORD-01301168 received_ts_cet=2026-03-28T10:27:18 received_ts_utc_inferred=2026-03-28T08:27:18Z cut_off_status=WITHIN_WINDOW
2026-03-28T10:27:25 [CEST] [CLEARING] settlement_id=SETL-0006001169 order_id_ref=ORD-01301169 received_ts_cet=2026-03-28T10:27:25 received_ts_utc_inferred=2026-03-28T08:27:25Z cut_off_status=REJECTED rejection_reason=TIMESTAMP_AFTER_CUTOFF
2026-03-28T10:27:31 [CEST] [CLEARING] settlement_id=SETL-0006001170 order_id_ref=ORD-01301170 received_ts_cet=2026-03-28T10:27:31 received_ts_utc_inferred=2026-03-28T08:27:31Z cut_off_status=WITHIN_WINDOW
2026-03-28T10:27:38 [CEST] [CLEARING] settlement_id=SETL-0006001171 order_id_ref=ORD-01301171 received_ts_cet=2026-03-28T10:27:38 received_ts_utc_inferred=2026-03-28T08:27:38Z cut_off_status=WITHIN_WINDOW
2026-03-28T10:27:44 [CEST] [CLEARING] settlement_id=SETL-0006001172 order_id_ref=ORD-01301172 received_ts_cet=2026-03-28T10:27:44 received_ts_utc_inferred=2026-03-28T08:27:44Z cut_off_status=REJECTED rejection_reason=TIMESTAMP_AFTER_CUTOFF
2026-03-28T10:27:53 [CEST] [CLEARING] settlement_id=SETL-0006001173 order_id_ref=ORD-01301173 received_ts_cet=2026-03-28T10:27:53 received_ts_utc_inferred=2026-03-28T08:27:53Z cut_off_status=REJECTED rejection_reason=TIMESTAMP_AFTER_CUTOFF
2026-03-28T10:28:00 [CEST] [CLEARING] settlement_id=SETL-0006001174 order_id_ref=ORD-01301174 received_ts_cet=2026-03-28T10:28:00 received_ts_utc_inferred=2026-03-28T08:28:00Z cut_off_status=WITHIN_WINDOW
2026-03-28T10:28:11 [CEST] [CLEARING] settlement_id=SETL-0006001175 order_id_ref=ORD-01301175 received_ts_cet=2026-03-28T10:28:11 received_ts_utc_inferred=2026-03-28T08:28:11Z cut_off_status=WITHIN_WINDOW
2026-03-28T10:28:21 [CEST] [CLEARING] settlement_id=SETL-0006001176 order_id_ref=ORD-01301176 received_ts_cet=2026-03-28T10:28:21 received_ts_utc_inferred=2026-03-28T08:28:21Z cut_off_status=WITHIN_WINDOW
2026-03-28T10:28:26 [CEST] [CLEARING] settlement_id=SETL-0006001177 order_id_ref=ORD-01301177 received_ts_cet=2026-03-28T10:28:26 received_ts_utc_inferred=2026-03-28T08:28:26Z cut_off_status=REJECTED rejection_reason=TIMESTAMP_AFTER_CUTOFF
2026-03-28T10:28:32 [CEST] [CLEARING] settlement_id=SETL-0006001178 order_id_ref=ORD-01301178 received_ts_cet=2026-03-28T10:28:32 received_ts_utc_inferred=2026-03-28T08:28:32Z cut_off_status=REJECTED rejection_reason=TIMESTAMP_AFTER_CUTOFF
2026-03-28T10:28:36 [CEST] [CLEARING] settlement_id=SETL-0006001179 order_id_ref=ORD-01301179 received_ts_cet=2026-03-28T10:28:36 received_ts_utc_inferred=2026-03-28T08:28:36Z cut_off_status=WITHIN_WINDOW
2026-03-28T10:28:44 [CEST] [CLEARING] settlement_id=SETL-0006001180 order_id_ref=ORD-01301180 received_ts_cet=2026-03-28T10:28:44 received_ts_utc_inferred=2026-03-28T08:28:44Z cut_off_status=REJECTED rejection_reason=TIMESTAMP_AFTER_CUTOFF
2026-03-28T10:28:51 [CEST] [CLEARING] settlement_id=SETL-0006001181 order_id_ref=ORD-01301181 received_ts_cet=2026-03-28T10:28:51 received_ts_utc_inferred=2026-03-28T08:28:51Z cut_off_status=REJECTED rejection_reason=TIMESTAMP_AFTER_CUTOFF
2026-03-28T10:28:56 [CEST] [CLEARING] settlement_id=SETL-0006001182 order_id_ref=ORD-01301182 received_ts_cet=2026-03-28T10:28:56 received_ts_utc_inferred=2026-03-28T08:28:56Z cut_off_status=WITHIN_WINDOW
2026-03-28T10:29:05 [CEST] [CLEARING] settlement_id=SETL-0006001183 order_id_ref=ORD-01301183 received_ts_cet=2026-03-28T10:29:05 received_ts_utc_inferred=2026-03-28T08:29:05Z cut_off_status=WITHIN_WINDOW
2026-03-28T10:29:11 [CEST] [CLEARING] settlement_id=SETL-0006001184 order_id_ref=ORD-01301184 received_ts_cet=2026-03-28T10:29:11 received_ts_utc_inferred=2026-03-28T08:29:11Z cut_off_status=WITHIN_WINDOW
2026-03-28T10:29:17 [CEST] [CLEARING] settlement_id=SETL-0006001185 order_id_ref=ORD-01301185 received_ts_cet=2026-03-28T10:29:17 received_ts_utc_inferred=2026-03-28T08:29:17Z cut_off_status=REJECTED rejection_reason=TIMESTAMP_AFTER_CUTOFF
2026-03-28T10:29:20 [CEST] [CLEARING] settlement_id=SETL-0006001186 order_id_ref=ORD-01301186 received_ts_cet=2026-03-28T10:29:20 received_ts_utc_inferred=2026-03-28T08:29:20Z cut_off_status=WITHIN_WINDOW
2026-03-28T10:29:24 [CEST] [CLEARING] settlement_id=SETL-0006001187 order_id_ref=ORD-01301187 received_ts_cet=2026-03-28T10:29:24 received_ts_utc_inferred=2026-03-28T08:29:24Z cut_off_status=WITHIN_WINDOW
2026-03-28T10:29:29 [CEST] [CLEARING] settlement_id=SETL-0006001188 order_id_ref=ORD-01301188 received_ts_cet=2026-03-28T10:29:29 received_ts_utc_inferred=2026-03-28T08:29:29Z cut_off_status=WITHIN_WINDOW
2026-03-28T10:29:37 [CEST] [CLEARING] settlement_id=SETL-0006001189 order_id_ref=ORD-01301189 received_ts_cet=2026-03-28T10:29:37 received_ts_utc_inferred=2026-03-28T08:29:37Z cut_off_status=WITHIN_WINDOW
2026-03-28T10:29:44 [CEST] [CLEARING] settlement_id=SETL-0006001190 order_id_ref=ORD-01301190 received_ts_cet=2026-03-28T10:29:44 received_ts_utc_inferred=2026-03-28T08:29:44Z cut_off_status=WITHIN_WINDOW
2026-03-28T10:29:53 [CEST] [CLEARING] settlement_id=SETL-0006001191 order_id_ref=ORD-01301191 received_ts_cet=2026-03-28T10:29:53 received_ts_utc_inferred=2026-03-28T08:29:53Z cut_off_status=WITHIN_WINDOW
2026-03-28T10:30:03 [CEST] [CLEARING] settlement_id=SETL-0006001192 order_id_ref=ORD-01301192 received_ts_cet=2026-03-28T10:30:03 received_ts_utc_inferred=2026-03-28T08:30:03Z cut_off_status=REJECTED rejection_reason=TIMESTAMP_AFTER_CUTOFF
2026-03-28T10:30:13 [CEST] [CLEARING] settlement_id=SETL-0006001193 order_id_ref=ORD-01301193 received_ts_cet=2026-03-28T10:30:13 received_ts_utc_inferred=2026-03-28T08:30:13Z cut_off_status=WITHIN_WINDOW
2026-03-28T10:30:17 [CEST] [CLEARING] settlement_id=SETL-0006001194 order_id_ref=ORD-01301194 received_ts_cet=2026-03-28T10:30:17 received_ts_utc_inferred=2026-03-28T08:30:17Z cut_off_status=WITHIN_WINDOW
2026-03-28T10:30:21 [CEST] [CLEARING] settlement_id=SETL-0006001195 order_id_ref=ORD-01301195 received_ts_cet=2026-03-28T10:30:21 received_ts_utc_inferred=2026-03-28T08:30:21Z cut_off_status=WITHIN_WINDOW
2026-03-28T10:30:32 [CEST] [CLEARING] settlement_id=SETL-0006001196 order_id_ref=ORD-01301196 received_ts_cet=2026-03-28T10:30:32 received_ts_utc_inferred=2026-03-28T08:30:32Z cut_off_status=WITHIN_WINDOW
2026-03-28T10:30:39 [CEST] [CLEARING] settlement_id=SETL-0006001197 order_id_ref=ORD-01301197 received_ts_cet=2026-03-28T10:30:39 received_ts_utc_inferred=2026-03-28T08:30:39Z cut_off_status=WITHIN_WINDOW
2026-03-28T10:30:42 [CEST] [CLEARING] settlement_id=SETL-0006001198 order_id_ref=ORD-01301198 received_ts_cet=2026-03-28T10:30:42 received_ts_utc_inferred=2026-03-28T08:30:42Z cut_off_status=REJECTED rejection_reason=TIMESTAMP_AFTER_CUTOFF
2026-03-28T10:30:52 [CEST] [CLEARING] settlement_id=SETL-0006001199 order_id_ref=ORD-01301199 received_ts_cet=2026-03-28T10:30:52 received_ts_utc_inferred=2026-03-28T08:30:52Z cut_off_status=WITHIN_WINDOW
2026-03-28T10:30:58 [CEST] [CLEARING] settlement_id=SETL-0006001200 order_id_ref=ORD-01301200 received_ts_cet=2026-03-28T10:30:58 received_ts_utc_inferred=2026-03-28T08:30:58Z cut_off_status=WITHIN_WINDOW
2026-03-28T10:31:06 [CEST] [CLEARING] settlement_id=SETL-0006001201 order_id_ref=ORD-01301201 received_ts_cet=2026-03-28T10:31:06 received_ts_utc_inferred=2026-03-28T08:31:06Z cut_off_status=WITHIN_WINDOW
2026-03-28T10:31:15 [CEST] [CLEARING] settlement_id=SETL-0006001202 order_id_ref=ORD-01301202 received_ts_cet=2026-03-28T10:31:15 received_ts_utc_inferred=2026-03-28T08:31:15Z cut_off_status=WITHIN_WINDOW
2026-03-28T10:31:25 [CEST] [CLEARING] settlement_id=SETL-0006001203 order_id_ref=ORD-01301203 received_ts_cet=2026-03-28T10:31:25 received_ts_utc_inferred=2026-03-28T08:31:25Z cut_off_status=WITHIN_WINDOW
2026-03-28T10:31:28 [CEST] [CLEARING] settlement_id=SETL-0006001204 order_id_ref=ORD-01301204 received_ts_cet=2026-03-28T10:31:28 received_ts_utc_inferred=2026-03-28T08:31:28Z cut_off_status=REJECTED rejection_reason=TIMESTAMP_AFTER_CUTOFF
2026-03-28T10:31:40 [CEST] [CLEARING] settlement_id=SETL-0006001205 order_id_ref=ORD-01301205 received_ts_cet=2026-03-28T10:31:40 received_ts_utc_inferred=2026-03-28T08:31:40Z cut_off_status=WITHIN_WINDOW
2026-03-28T10:31:49 [CEST] [CLEARING] settlement_id=SETL-0006001206 order_id_ref=ORD-01301206 received_ts_cet=2026-03-28T10:31:49 received_ts_utc_inferred=2026-03-28T08:31:49Z cut_off_status=WITHIN_WINDOW
2026-03-28T10:31:54 [CEST] [CLEARING] settlement_id=SETL-0006001207 order_id_ref=ORD-01301207 received_ts_cet=2026-03-28T10:31:54 received_ts_utc_inferred=2026-03-28T08:31:54Z cut_off_status=WITHIN_WINDOW
2026-03-28T10:31:59 [CEST] [CLEARING] settlement_id=SETL-0006001208 order_id_ref=ORD-01301208 received_ts_cet=2026-03-28T10:31:59 received_ts_utc_inferred=2026-03-28T08:31:59Z cut_off_status=WITHIN_WINDOW
2026-03-28T10:32:07 [CEST] [CLEARING] settlement_id=SETL-0006001209 order_id_ref=ORD-01301209 received_ts_cet=2026-03-28T10:32:07 received_ts_utc_inferred=2026-03-28T08:32:07Z cut_off_status=REJECTED rejection_reason=TIMESTAMP_AFTER_CUTOFF
2026-03-28T10:32:14 [CEST] [CLEARING] settlement_id=SETL-0006001210 order_id_ref=ORD-01301210 received_ts_cet=2026-03-28T10:32:14 received_ts_utc_inferred=2026-03-28T08:32:14Z cut_off_status=WITHIN_WINDOW
2026-03-28T10:32:21 [CEST] [CLEARING] settlement_id=SETL-0006001211 order_id_ref=ORD-01301211 received_ts_cet=2026-03-28T10:32:21 received_ts_utc_inferred=2026-03-28T08:32:21Z cut_off_status=WITHIN_WINDOW
2026-03-28T10:32:25 [CEST] [CLEARING] settlement_id=SETL-0006001212 order_id_ref=ORD-01301212 received_ts_cet=2026-03-28T10:32:25 received_ts_utc_inferred=2026-03-28T08:32:25Z cut_off_status=WITHIN_WINDOW
2026-03-28T10:32:37 [CEST] [CLEARING] settlement_id=SETL-0006001213 order_id_ref=ORD-01301213 received_ts_cet=2026-03-28T10:32:37 received_ts_utc_inferred=2026-03-28T08:32:37Z cut_off_status=REJECTED rejection_reason=TIMESTAMP_AFTER_CUTOFF
2026-03-28T10:32:46 [CEST] [CLEARING] settlement_id=SETL-0006001214 order_id_ref=ORD-01301214 received_ts_cet=2026-03-28T10:32:46 received_ts_utc_inferred=2026-03-28T08:32:46Z cut_off_status=REJECTED rejection_reason=TIMESTAMP_AFTER_CUTOFF
2026-03-28T10:32:55 [CEST] [CLEARING] settlement_id=SETL-0006001215 order_id_ref=ORD-01301215 received_ts_cet=2026-03-28T10:32:55 received_ts_utc_inferred=2026-03-28T08:32:55Z cut_off_status=WITHIN_WINDOW
2026-03-28T10:33:03 [CEST] [CLEARING] settlement_id=SETL-0006001216 order_id_ref=ORD-01301216 received_ts_cet=2026-03-28T10:33:03 received_ts_utc_inferred=2026-03-28T08:33:03Z cut_off_status=REJECTED rejection_reason=TIMESTAMP_AFTER_CUTOFF
2026-03-28T10:33:09 [CEST] [CLEARING] settlement_id=SETL-0006001217 order_id_ref=ORD-01301217 received_ts_cet=2026-03-28T10:33:09 received_ts_utc_inferred=2026-03-28T08:33:09Z cut_off_status=REJECTED rejection_reason=TIMESTAMP_AFTER_CUTOFF
2026-03-28T10:33:13 [CEST] [CLEARING] settlement_id=SETL-0006001218 order_id_ref=ORD-01301218 received_ts_cet=2026-03-28T10:33:13 received_ts_utc_inferred=2026-03-28T08:33:13Z cut_off_status=REJECTED rejection_reason=TIMESTAMP_AFTER_CUTOFF
2026-03-28T10:33:22 [CEST] [CLEARING] settlement_id=SETL-0006001219 order_id_ref=ORD-01301219 received_ts_cet=2026-03-28T10:33:22 received_ts_utc_inferred=2026-03-28T08:33:22Z cut_off_status=REJECTED rejection_reason=TIMESTAMP_AFTER_CUTOFF
2026-03-28T10:33:34 [CEST] [CLEARING] settlement_id=SETL-0006001220 order_id_ref=ORD-01301220 received_ts_cet=2026-03-28T10:33:34 received_ts_utc_inferred=2026-03-28T08:33:34Z cut_off_status=WITHIN_WINDOW
2026-03-28T10:33:40 [CEST] [CLEARING] settlement_id=SETL-0006001221 order_id_ref=ORD-01301221 received_ts_cet=2026-03-28T10:33:40 received_ts_utc_inferred=2026-03-28T08:33:40Z cut_off_status=WITHIN_WINDOW
2026-03-28T10:33:48 [CEST] [CLEARING] settlement_id=SETL-0006001222 order_id_ref=ORD-01301222 received_ts_cet=2026-03-28T10:33:48 received_ts_utc_inferred=2026-03-28T08:33:48Z cut_off_status=WITHIN_WINDOW
2026-03-28T10:33:59 [CEST] [CLEARING] settlement_id=SETL-0006001223 order_id_ref=ORD-01301223 received_ts_cet=2026-03-28T10:33:59 received_ts_utc_inferred=2026-03-28T08:33:59Z cut_off_status=REJECTED rejection_reason=TIMESTAMP_AFTER_CUTOFF
2026-03-28T10:34:08 [CEST] [CLEARING] settlement_id=SETL-0006001224 order_id_ref=ORD-01301224 received_ts_cet=2026-03-28T10:34:08 received_ts_utc_inferred=2026-03-28T08:34:08Z cut_off_status=WITHIN_WINDOW
2026-03-28T10:34:17 [CEST] [CLEARING] settlement_id=SETL-0006001225 order_id_ref=ORD-01301225 received_ts_cet=2026-03-28T10:34:17 received_ts_utc_inferred=2026-03-28T08:34:17Z cut_off_status=WITHIN_WINDOW
2026-03-28T10:34:28 [CEST] [CLEARING] settlement_id=SETL-0006001226 order_id_ref=ORD-01301226 received_ts_cet=2026-03-28T10:34:28 received_ts_utc_inferred=2026-03-28T08:34:28Z cut_off_status=WITHIN_WINDOW
2026-03-28T10:34:40 [CEST] [CLEARING] settlement_id=SETL-0006001227 order_id_ref=ORD-01301227 received_ts_cet=2026-03-28T10:34:40 received_ts_utc_inferred=2026-03-28T08:34:40Z cut_off_status=REJECTED rejection_reason=TIMESTAMP_AFTER_CUTOFF
2026-03-28T10:34:47 [CEST] [CLEARING] settlement_id=SETL-0006001228 order_id_ref=ORD-01301228 received_ts_cet=2026-03-28T10:34:47 received_ts_utc_inferred=2026-03-28T08:34:47Z cut_off_status=WITHIN_WINDOW
2026-03-28T10:34:50 [CEST] [CLEARING] settlement_id=SETL-0006001229 order_id_ref=ORD-01301229 received_ts_cet=2026-03-28T10:34:50 received_ts_utc_inferred=2026-03-28T08:34:50Z cut_off_status=REJECTED rejection_reason=TIMESTAMP_AFTER_CUTOFF
2026-03-28T10:34:55 [CEST] [CLEARING] settlement_id=SETL-0006001230 order_id_ref=ORD-01301230 received_ts_cet=2026-03-28T10:34:55 received_ts_utc_inferred=2026-03-28T08:34:55Z cut_off_status=WITHIN_WINDOW
2026-03-28T10:35:03 [CEST] [CLEARING] settlement_id=SETL-0006001231 order_id_ref=ORD-01301231 received_ts_cet=2026-03-28T10:35:03 received_ts_utc_inferred=2026-03-28T08:35:03Z cut_off_status=WITHIN_WINDOW
2026-03-28T10:35:13 [CEST] [CLEARING] settlement_id=SETL-0006001232 order_id_ref=ORD-01301232 received_ts_cet=2026-03-28T10:35:13 received_ts_utc_inferred=2026-03-28T08:35:13Z cut_off_status=REJECTED rejection_reason=TIMESTAMP_AFTER_CUTOFF
2026-03-28T10:35:17 [CEST] [CLEARING] settlement_id=SETL-0006001233 order_id_ref=ORD-01301233 received_ts_cet=2026-03-28T10:35:17 received_ts_utc_inferred=2026-03-28T08:35:17Z cut_off_status=WITHIN_WINDOW
2026-03-28T10:35:26 [CEST] [CLEARING] settlement_id=SETL-0006001234 order_id_ref=ORD-01301234 received_ts_cet=2026-03-28T10:35:26 received_ts_utc_inferred=2026-03-28T08:35:26Z cut_off_status=WITHIN_WINDOW
2026-03-28T10:35:36 [CEST] [CLEARING] settlement_id=SETL-0006001235 order_id_ref=ORD-01301235 received_ts_cet=2026-03-28T10:35:36 received_ts_utc_inferred=2026-03-28T08:35:36Z cut_off_status=REJECTED rejection_reason=TIMESTAMP_AFTER_CUTOFF
2026-03-28T10:35:47 [CEST] [CLEARING] settlement_id=SETL-0006001236 order_id_ref=ORD-01301236 received_ts_cet=2026-03-28T10:35:47 received_ts_utc_inferred=2026-03-28T08:35:47Z cut_off_status=WITHIN_WINDOW
2026-03-28T10:35:57 [CEST] [CLEARING] settlement_id=SETL-0006001237 order_id_ref=ORD-01301237 received_ts_cet=2026-03-28T10:35:57 received_ts_utc_inferred=2026-03-28T08:35:57Z cut_off_status=WITHIN_WINDOW
2026-03-28T10:36:03 [CEST] [CLEARING] settlement_id=SETL-0006001238 order_id_ref=ORD-01301238 received_ts_cet=2026-03-28T10:36:03 received_ts_utc_inferred=2026-03-28T08:36:03Z cut_off_status=REJECTED rejection_reason=TIMESTAMP_AFTER_CUTOFF
2026-03-28T10:36:11 [CEST] [CLEARING] settlement_id=SETL-0006001239 order_id_ref=ORD-01301239 received_ts_cet=2026-03-28T10:36:11 received_ts_utc_inferred=2026-03-28T08:36:11Z cut_off_status=REJECTED rejection_reason=TIMESTAMP_AFTER_CUTOFF
2026-03-28T10:36:17 [CEST] [CLEARING] settlement_id=SETL-0006001240 order_id_ref=ORD-01301240 received_ts_cet=2026-03-28T10:36:17 received_ts_utc_inferred=2026-03-28T08:36:17Z cut_off_status=WITHIN_WINDOW
2026-03-28T10:36:21 [CEST] [CLEARING] settlement_id=SETL-0006001241 order_id_ref=ORD-01301241 received_ts_cet=2026-03-28T10:36:21 received_ts_utc_inferred=2026-03-28T08:36:21Z cut_off_status=WITHIN_WINDOW
2026-03-28T10:36:30 [CEST] [CLEARING] settlement_id=SETL-0006001242 order_id_ref=ORD-01301242 received_ts_cet=2026-03-28T10:36:30 received_ts_utc_inferred=2026-03-28T08:36:30Z cut_off_status=WITHIN_WINDOW
2026-03-28T10:36:38 [CEST] [CLEARING] settlement_id=SETL-0006001243 order_id_ref=ORD-01301243 received_ts_cet=2026-03-28T10:36:38 received_ts_utc_inferred=2026-03-28T08:36:38Z cut_off_status=WITHIN_WINDOW
2026-03-28T10:36:47 [CEST] [CLEARING] settlement_id=SETL-0006001244 order_id_ref=ORD-01301244 received_ts_cet=2026-03-28T10:36:47 received_ts_utc_inferred=2026-03-28T08:36:47Z cut_off_status=WITHIN_WINDOW
2026-03-28T10:36:53 [CEST] [CLEARING] settlement_id=SETL-0006001245 order_id_ref=ORD-01301245 received_ts_cet=2026-03-28T10:36:53 received_ts_utc_inferred=2026-03-28T08:36:53Z cut_off_status=REJECTED rejection_reason=TIMESTAMP_AFTER_CUTOFF
2026-03-28T10:37:01 [CEST] [CLEARING] settlement_id=SETL-0006001246 order_id_ref=ORD-01301246 received_ts_cet=2026-03-28T10:37:01 received_ts_utc_inferred=2026-03-28T08:37:01Z cut_off_status=WITHIN_WINDOW
2026-03-28T10:37:04 [CEST] [CLEARING] settlement_id=SETL-0006001247 order_id_ref=ORD-01301247 received_ts_cet=2026-03-28T10:37:04 received_ts_utc_inferred=2026-03-28T08:37:04Z cut_off_status=WITHIN_WINDOW
2026-03-28T10:37:08 [CEST] [CLEARING] settlement_id=SETL-0006001248 order_id_ref=ORD-01301248 received_ts_cet=2026-03-28T10:37:08 received_ts_utc_inferred=2026-03-28T08:37:08Z cut_off_status=WITHIN_WINDOW
2026-03-28T10:37:16 [CEST] [CLEARING] settlement_id=SETL-0006001249 order_id_ref=ORD-01301249 received_ts_cet=2026-03-28T10:37:16 received_ts_utc_inferred=2026-03-28T08:37:16Z cut_off_status=WITHIN_WINDOW
2026-03-28T10:37:27 [CEST] [CLEARING] settlement_id=SETL-0006001250 order_id_ref=ORD-01301250 received_ts_cet=2026-03-28T10:37:27 received_ts_utc_inferred=2026-03-28T08:37:27Z cut_off_status=REJECTED rejection_reason=TIMESTAMP_AFTER_CUTOFF
2026-03-28T10:37:37 [CEST] [CLEARING] settlement_id=SETL-0006001251 order_id_ref=ORD-01301251 received_ts_cet=2026-03-28T10:37:37 received_ts_utc_inferred=2026-03-28T08:37:37Z cut_off_status=WITHIN_WINDOW
2026-03-28T10:37:46 [CEST] [CLEARING] settlement_id=SETL-0006001252 order_id_ref=ORD-01301252 received_ts_cet=2026-03-28T10:37:46 received_ts_utc_inferred=2026-03-28T08:37:46Z cut_off_status=WITHIN_WINDOW
2026-03-28T10:37:49 [CEST] [CLEARING] settlement_id=SETL-0006001253 order_id_ref=ORD-01301253 received_ts_cet=2026-03-28T10:37:49 received_ts_utc_inferred=2026-03-28T08:37:49Z cut_off_status=WITHIN_WINDOW
2026-03-28T10:37:57 [CEST] [CLEARING] settlement_id=SETL-0006001254 order_id_ref=ORD-01301254 received_ts_cet=2026-03-28T10:37:57 received_ts_utc_inferred=2026-03-28T08:37:57Z cut_off_status=WITHIN_WINDOW
2026-03-28T10:38:08 [CEST] [CLEARING] settlement_id=SETL-0006001255 order_id_ref=ORD-01301255 received_ts_cet=2026-03-28T10:38:08 received_ts_utc_inferred=2026-03-28T08:38:08Z cut_off_status=WITHIN_WINDOW
2026-03-28T10:38:14 [CEST] [CLEARING] settlement_id=SETL-0006001256 order_id_ref=ORD-01301256 received_ts_cet=2026-03-28T10:38:14 received_ts_utc_inferred=2026-03-28T08:38:14Z cut_off_status=WITHIN_WINDOW
2026-03-28T10:38:25 [CEST] [CLEARING] settlement_id=SETL-0006001257 order_id_ref=ORD-01301257 received_ts_cet=2026-03-28T10:38:25 received_ts_utc_inferred=2026-03-28T08:38:25Z cut_off_status=WITHIN_WINDOW
2026-03-28T10:38:35 [CEST] [CLEARING] settlement_id=SETL-0006001258 order_id_ref=ORD-01301258 received_ts_cet=2026-03-28T10:38:35 received_ts_utc_inferred=2026-03-28T08:38:35Z cut_off_status=WITHIN_WINDOW
2026-03-28T10:38:47 [CEST] [CLEARING] settlement_id=SETL-0006001259 order_id_ref=ORD-01301259 received_ts_cet=2026-03-28T10:38:47 received_ts_utc_inferred=2026-03-28T08:38:47Z cut_off_status=WITHIN_WINDOW
2026-03-28T10:38:53 [CEST] [CLEARING] settlement_id=SETL-0006001260 order_id_ref=ORD-01301260 received_ts_cet=2026-03-28T10:38:53 received_ts_utc_inferred=2026-03-28T08:38:53Z cut_off_status=WITHIN_WINDOW
2026-03-28T10:39:05 [CEST] [CLEARING] settlement_id=SETL-0006001261 order_id_ref=ORD-01301261 received_ts_cet=2026-03-28T10:39:05 received_ts_utc_inferred=2026-03-28T08:39:05Z cut_off_status=REJECTED rejection_reason=TIMESTAMP_AFTER_CUTOFF
2026-03-28T10:39:15 [CEST] [CLEARING] settlement_id=SETL-0006001262 order_id_ref=ORD-01301262 received_ts_cet=2026-03-28T10:39:15 received_ts_utc_inferred=2026-03-28T08:39:15Z cut_off_status=REJECTED rejection_reason=TIMESTAMP_AFTER_CUTOFF
2026-03-28T10:39:21 [CEST] [CLEARING] settlement_id=SETL-0006001263 order_id_ref=ORD-01301263 received_ts_cet=2026-03-28T10:39:21 received_ts_utc_inferred=2026-03-28T08:39:21Z cut_off_status=WITHIN_WINDOW
2026-03-28T10:39:26 [CEST] [CLEARING] settlement_id=SETL-0006001264 order_id_ref=ORD-01301264 received_ts_cet=2026-03-28T10:39:26 received_ts_utc_inferred=2026-03-28T08:39:26Z cut_off_status=WITHIN_WINDOW
2026-03-28T10:39:38 [CEST] [CLEARING] settlement_id=SETL-0006001265 order_id_ref=ORD-01301265 received_ts_cet=2026-03-28T10:39:38 received_ts_utc_inferred=2026-03-28T08:39:38Z cut_off_status=WITHIN_WINDOW
2026-03-28T10:39:43 [CEST] [CLEARING] settlement_id=SETL-0006001266 order_id_ref=ORD-01301266 received_ts_cet=2026-03-28T10:39:43 received_ts_utc_inferred=2026-03-28T08:39:43Z cut_off_status=REJECTED rejection_reason=TIMESTAMP_AFTER_CUTOFF
2026-03-28T10:39:52 [CEST] [CLEARING] settlement_id=SETL-0006001267 order_id_ref=ORD-01301267 received_ts_cet=2026-03-28T10:39:52 received_ts_utc_inferred=2026-03-28T08:39:52Z cut_off_status=WITHIN_WINDOW
2026-03-28T10:39:59 [CEST] [CLEARING] settlement_id=SETL-0006001268 order_id_ref=ORD-01301268 received_ts_cet=2026-03-28T10:39:59 received_ts_utc_inferred=2026-03-28T08:39:59Z cut_off_status=WITHIN_WINDOW
2026-03-28T10:40:03 [CEST] [CLEARING] settlement_id=SETL-0006001269 order_id_ref=ORD-01301269 received_ts_cet=2026-03-28T10:40:03 received_ts_utc_inferred=2026-03-28T08:40:03Z cut_off_status=REJECTED rejection_reason=TIMESTAMP_AFTER_CUTOFF
2026-03-28T10:40:15 [CEST] [CLEARING] settlement_id=SETL-0006001270 order_id_ref=ORD-01301270 received_ts_cet=2026-03-28T10:40:15 received_ts_utc_inferred=2026-03-28T08:40:15Z cut_off_status=REJECTED rejection_reason=TIMESTAMP_AFTER_CUTOFF
2026-03-28T10:40:18 [CEST] [CLEARING] settlement_id=SETL-0006001271 order_id_ref=ORD-01301271 received_ts_cet=2026-03-28T10:40:18 received_ts_utc_inferred=2026-03-28T08:40:18Z cut_off_status=WITHIN_WINDOW
2026-03-28T10:40:28 [CEST] [CLEARING] settlement_id=SETL-0006001272 order_id_ref=ORD-01301272 received_ts_cet=2026-03-28T10:40:28 received_ts_utc_inferred=2026-03-28T08:40:28Z cut_off_status=WITHIN_WINDOW
2026-03-28T10:40:39 [CEST] [CLEARING] settlement_id=SETL-0006001273 order_id_ref=ORD-01301273 received_ts_cet=2026-03-28T10:40:39 received_ts_utc_inferred=2026-03-28T08:40:39Z cut_off_status=WITHIN_WINDOW
2026-03-28T10:40:48 [CEST] [CLEARING] settlement_id=SETL-0006001274 order_id_ref=ORD-01301274 received_ts_cet=2026-03-28T10:40:48 received_ts_utc_inferred=2026-03-28T08:40:48Z cut_off_status=WITHIN_WINDOW
2026-03-28T10:40:52 [CEST] [CLEARING] settlement_id=SETL-0006001275 order_id_ref=ORD-01301275 received_ts_cet=2026-03-28T10:40:52 received_ts_utc_inferred=2026-03-28T08:40:52Z cut_off_status=REJECTED rejection_reason=TIMESTAMP_AFTER_CUTOFF
2026-03-28T10:40:58 [CEST] [CLEARING] settlement_id=SETL-0006001276 order_id_ref=ORD-01301276 received_ts_cet=2026-03-28T10:40:58 received_ts_utc_inferred=2026-03-28T08:40:58Z cut_off_status=WITHIN_WINDOW
2026-03-28T10:41:10 [CEST] [CLEARING] settlement_id=SETL-0006001277 order_id_ref=ORD-01301277 received_ts_cet=2026-03-28T10:41:10 received_ts_utc_inferred=2026-03-28T08:41:10Z cut_off_status=WITHIN_WINDOW
2026-03-28T10:41:19 [CEST] [CLEARING] settlement_id=SETL-0006001278 order_id_ref=ORD-01301278 received_ts_cet=2026-03-28T10:41:19 received_ts_utc_inferred=2026-03-28T08:41:19Z cut_off_status=WITHIN_WINDOW
2026-03-28T10:41:26 [CEST] [CLEARING] settlement_id=SETL-0006001279 order_id_ref=ORD-01301279 received_ts_cet=2026-03-28T10:41:26 received_ts_utc_inferred=2026-03-28T08:41:26Z cut_off_status=WITHIN_WINDOW
2026-03-28T10:41:32 [CEST] [CLEARING] settlement_id=SETL-0006001280 order_id_ref=ORD-01301280 received_ts_cet=2026-03-28T10:41:32 received_ts_utc_inferred=2026-03-28T08:41:32Z cut_off_status=WITHIN_WINDOW
2026-03-28T10:41:40 [CEST] [CLEARING] settlement_id=SETL-0006001281 order_id_ref=ORD-01301281 received_ts_cet=2026-03-28T10:41:40 received_ts_utc_inferred=2026-03-28T08:41:40Z cut_off_status=REJECTED rejection_reason=TIMESTAMP_AFTER_CUTOFF
2026-03-28T10:41:48 [CEST] [CLEARING] settlement_id=SETL-0006001282 order_id_ref=ORD-01301282 received_ts_cet=2026-03-28T10:41:48 received_ts_utc_inferred=2026-03-28T08:41:48Z cut_off_status=WITHIN_WINDOW
2026-03-28T10:41:51 [CEST] [CLEARING] settlement_id=SETL-0006001283 order_id_ref=ORD-01301283 received_ts_cet=2026-03-28T10:41:51 received_ts_utc_inferred=2026-03-28T08:41:51Z cut_off_status=WITHIN_WINDOW
2026-03-28T10:41:59 [CEST] [CLEARING] settlement_id=SETL-0006001284 order_id_ref=ORD-01301284 received_ts_cet=2026-03-28T10:41:59 received_ts_utc_inferred=2026-03-28T08:41:59Z cut_off_status=WITHIN_WINDOW
2026-03-28T10:42:04 [CEST] [CLEARING] settlement_id=SETL-0006001285 order_id_ref=ORD-01301285 received_ts_cet=2026-03-28T10:42:04 received_ts_utc_inferred=2026-03-28T08:42:04Z cut_off_status=REJECTED rejection_reason=TIMESTAMP_AFTER_CUTOFF
2026-03-28T10:42:07 [CEST] [CLEARING] settlement_id=SETL-0006001286 order_id_ref=ORD-01301286 received_ts_cet=2026-03-28T10:42:07 received_ts_utc_inferred=2026-03-28T08:42:07Z cut_off_status=REJECTED rejection_reason=TIMESTAMP_AFTER_CUTOFF
2026-03-28T10:42:12 [CEST] [CLEARING] settlement_id=SETL-0006001287 order_id_ref=ORD-01301287 received_ts_cet=2026-03-28T10:42:12 received_ts_utc_inferred=2026-03-28T08:42:12Z cut_off_status=WITHIN_WINDOW
2026-03-28T10:42:19 [CEST] [CLEARING] settlement_id=SETL-0006001288 order_id_ref=ORD-01301288 received_ts_cet=2026-03-28T10:42:19 received_ts_utc_inferred=2026-03-28T08:42:19Z cut_off_status=REJECTED rejection_reason=TIMESTAMP_AFTER_CUTOFF
2026-03-28T10:42:28 [CEST] [CLEARING] settlement_id=SETL-0006001289 order_id_ref=ORD-01301289 received_ts_cet=2026-03-28T10:42:28 received_ts_utc_inferred=2026-03-28T08:42:28Z cut_off_status=WITHIN_WINDOW
2026-03-28T10:42:31 [CEST] [CLEARING] settlement_id=SETL-0006001290 order_id_ref=ORD-01301290 received_ts_cet=2026-03-28T10:42:31 received_ts_utc_inferred=2026-03-28T08:42:31Z cut_off_status=WITHIN_WINDOW
2026-03-28T10:42:39 [CEST] [CLEARING] settlement_id=SETL-0006001291 order_id_ref=ORD-01301291 received_ts_cet=2026-03-28T10:42:39 received_ts_utc_inferred=2026-03-28T08:42:39Z cut_off_status=WITHIN_WINDOW
2026-03-28T10:42:47 [CEST] [CLEARING] settlement_id=SETL-0006001292 order_id_ref=ORD-01301292 received_ts_cet=2026-03-28T10:42:47 received_ts_utc_inferred=2026-03-28T08:42:47Z cut_off_status=WITHIN_WINDOW
2026-03-28T10:42:58 [CEST] [CLEARING] settlement_id=SETL-0006001293 order_id_ref=ORD-01301293 received_ts_cet=2026-03-28T10:42:58 received_ts_utc_inferred=2026-03-28T08:42:58Z cut_off_status=WITHIN_WINDOW
2026-03-28T10:43:04 [CEST] [CLEARING] settlement_id=SETL-0006001294 order_id_ref=ORD-01301294 received_ts_cet=2026-03-28T10:43:04 received_ts_utc_inferred=2026-03-28T08:43:04Z cut_off_status=WITHIN_WINDOW
2026-03-28T10:43:12 [CEST] [CLEARING] settlement_id=SETL-0006001295 order_id_ref=ORD-01301295 received_ts_cet=2026-03-28T10:43:12 received_ts_utc_inferred=2026-03-28T08:43:12Z cut_off_status=WITHIN_WINDOW
2026-03-28T10:43:22 [CEST] [CLEARING] settlement_id=SETL-0006001296 order_id_ref=ORD-01301296 received_ts_cet=2026-03-28T10:43:22 received_ts_utc_inferred=2026-03-28T08:43:22Z cut_off_status=WITHIN_WINDOW
2026-03-28T10:43:33 [CEST] [CLEARING] settlement_id=SETL-0006001297 order_id_ref=ORD-01301297 received_ts_cet=2026-03-28T10:43:33 received_ts_utc_inferred=2026-03-28T08:43:33Z cut_off_status=WITHIN_WINDOW
2026-03-28T10:43:40 [CEST] [CLEARING] settlement_id=SETL-0006001298 order_id_ref=ORD-01301298 received_ts_cet=2026-03-28T10:43:40 received_ts_utc_inferred=2026-03-28T08:43:40Z cut_off_status=WITHIN_WINDOW
2026-03-28T10:43:43 [CEST] [CLEARING] settlement_id=SETL-0006001299 order_id_ref=ORD-01301299 received_ts_cet=2026-03-28T10:43:43 received_ts_utc_inferred=2026-03-28T08:43:43Z cut_off_status=WITHIN_WINDOW
2026-03-28T10:43:55 [CEST] [CLEARING] settlement_id=SETL-0006001300 order_id_ref=ORD-01301300 received_ts_cet=2026-03-28T10:43:55 received_ts_utc_inferred=2026-03-28T08:43:55Z cut_off_status=WITHIN_WINDOW
2026-03-28T10:44:01 [CEST] [CLEARING] settlement_id=SETL-0006001301 order_id_ref=ORD-01301301 received_ts_cet=2026-03-28T10:44:01 received_ts_utc_inferred=2026-03-28T08:44:01Z cut_off_status=REJECTED rejection_reason=TIMESTAMP_AFTER_CUTOFF
2026-03-28T10:44:09 [CEST] [CLEARING] settlement_id=SETL-0006001302 order_id_ref=ORD-01301302 received_ts_cet=2026-03-28T10:44:09 received_ts_utc_inferred=2026-03-28T08:44:09Z cut_off_status=REJECTED rejection_reason=TIMESTAMP_AFTER_CUTOFF
2026-03-28T10:44:18 [CEST] [CLEARING] settlement_id=SETL-0006001303 order_id_ref=ORD-01301303 received_ts_cet=2026-03-28T10:44:18 received_ts_utc_inferred=2026-03-28T08:44:18Z cut_off_status=WITHIN_WINDOW
2026-03-28T10:44:24 [CEST] [CLEARING] settlement_id=SETL-0006001304 order_id_ref=ORD-01301304 received_ts_cet=2026-03-28T10:44:24 received_ts_utc_inferred=2026-03-28T08:44:24Z cut_off_status=WITHIN_WINDOW
2026-03-28T10:44:35 [CEST] [CLEARING] settlement_id=SETL-0006001305 order_id_ref=ORD-01301305 received_ts_cet=2026-03-28T10:44:35 received_ts_utc_inferred=2026-03-28T08:44:35Z cut_off_status=REJECTED rejection_reason=TIMESTAMP_AFTER_CUTOFF
2026-03-28T10:44:43 [CEST] [CLEARING] settlement_id=SETL-0006001306 order_id_ref=ORD-01301306 received_ts_cet=2026-03-28T10:44:43 received_ts_utc_inferred=2026-03-28T08:44:43Z cut_off_status=WITHIN_WINDOW
2026-03-28T10:44:48 [CEST] [CLEARING] settlement_id=SETL-0006001307 order_id_ref=ORD-01301307 received_ts_cet=2026-03-28T10:44:48 received_ts_utc_inferred=2026-03-28T08:44:48Z cut_off_status=WITHIN_WINDOW
2026-03-28T10:44:53 [CEST] [CLEARING] settlement_id=SETL-0006001308 order_id_ref=ORD-01301308 received_ts_cet=2026-03-28T10:44:53 received_ts_utc_inferred=2026-03-28T08:44:53Z cut_off_status=WITHIN_WINDOW
2026-03-28T10:45:00 [CEST] [CLEARING] settlement_id=SETL-0006001309 order_id_ref=ORD-01301309 received_ts_cet=2026-03-28T10:45:00 received_ts_utc_inferred=2026-03-28T08:45:00Z cut_off_status=REJECTED rejection_reason=TIMESTAMP_AFTER_CUTOFF
2026-03-28T10:45:10 [CEST] [CLEARING] settlement_id=SETL-0006001310 order_id_ref=ORD-01301310 received_ts_cet=2026-03-28T10:45:10 received_ts_utc_inferred=2026-03-28T08:45:10Z cut_off_status=REJECTED rejection_reason=TIMESTAMP_AFTER_CUTOFF
2026-03-28T10:45:20 [CEST] [CLEARING] settlement_id=SETL-0006001311 order_id_ref=ORD-01301311 received_ts_cet=2026-03-28T10:45:20 received_ts_utc_inferred=2026-03-28T08:45:20Z cut_off_status=REJECTED rejection_reason=TIMESTAMP_AFTER_CUTOFF
2026-03-28T10:45:26 [CEST] [CLEARING] settlement_id=SETL-0006001312 order_id_ref=ORD-01301312 received_ts_cet=2026-03-28T10:45:26 received_ts_utc_inferred=2026-03-28T08:45:26Z cut_off_status=REJECTED rejection_reason=TIMESTAMP_AFTER_CUTOFF
2026-03-28T10:45:36 [CEST] [CLEARING] settlement_id=SETL-0006001313 order_id_ref=ORD-01301313 received_ts_cet=2026-03-28T10:45:36 received_ts_utc_inferred=2026-03-28T08:45:36Z cut_off_status=WITHIN_WINDOW
2026-03-28T10:45:48 [CEST] [CLEARING] settlement_id=SETL-0006001314 order_id_ref=ORD-01301314 received_ts_cet=2026-03-28T10:45:48 received_ts_utc_inferred=2026-03-28T08:45:48Z cut_off_status=WITHIN_WINDOW
2026-03-28T10:45:59 [CEST] [CLEARING] settlement_id=SETL-0006001315 order_id_ref=ORD-01301315 received_ts_cet=2026-03-28T10:45:59 received_ts_utc_inferred=2026-03-28T08:45:59Z cut_off_status=REJECTED rejection_reason=TIMESTAMP_AFTER_CUTOFF
2026-03-28T10:46:04 [CEST] [CLEARING] settlement_id=SETL-0006001316 order_id_ref=ORD-01301316 received_ts_cet=2026-03-28T10:46:04 received_ts_utc_inferred=2026-03-28T08:46:04Z cut_off_status=WITHIN_WINDOW
2026-03-28T10:46:12 [CEST] [CLEARING] settlement_id=SETL-0006001317 order_id_ref=ORD-01301317 received_ts_cet=2026-03-28T10:46:12 received_ts_utc_inferred=2026-03-28T08:46:12Z cut_off_status=WITHIN_WINDOW
2026-03-28T10:46:15 [CEST] [CLEARING] settlement_id=SETL-0006001318 order_id_ref=ORD-01301318 received_ts_cet=2026-03-28T10:46:15 received_ts_utc_inferred=2026-03-28T08:46:15Z cut_off_status=REJECTED rejection_reason=TIMESTAMP_AFTER_CUTOFF
2026-03-28T10:46:27 [CEST] [CLEARING] settlement_id=SETL-0006001319 order_id_ref=ORD-01301319 received_ts_cet=2026-03-28T10:46:27 received_ts_utc_inferred=2026-03-28T08:46:27Z cut_off_status=REJECTED rejection_reason=TIMESTAMP_AFTER_CUTOFF
2026-03-28T10:46:34 [CEST] [CLEARING] settlement_id=SETL-0006001320 order_id_ref=ORD-01301320 received_ts_cet=2026-03-28T10:46:34 received_ts_utc_inferred=2026-03-28T08:46:34Z cut_off_status=WITHIN_WINDOW
2026-03-28T10:46:40 [CEST] [CLEARING] settlement_id=SETL-0006001321 order_id_ref=ORD-01301321 received_ts_cet=2026-03-28T10:46:40 received_ts_utc_inferred=2026-03-28T08:46:40Z cut_off_status=WITHIN_WINDOW
2026-03-28T10:46:43 [CEST] [CLEARING] settlement_id=SETL-0006001322 order_id_ref=ORD-01301322 received_ts_cet=2026-03-28T10:46:43 received_ts_utc_inferred=2026-03-28T08:46:43Z cut_off_status=WITHIN_WINDOW
2026-03-28T10:46:53 [CEST] [CLEARING] settlement_id=SETL-0006001323 order_id_ref=ORD-01301323 received_ts_cet=2026-03-28T10:46:53 received_ts_utc_inferred=2026-03-28T08:46:53Z cut_off_status=REJECTED rejection_reason=TIMESTAMP_AFTER_CUTOFF
2026-03-28T10:46:58 [CEST] [CLEARING] settlement_id=SETL-0006001324 order_id_ref=ORD-01301324 received_ts_cet=2026-03-28T10:46:58 received_ts_utc_inferred=2026-03-28T08:46:58Z cut_off_status=WITHIN_WINDOW
2026-03-28T10:47:05 [CEST] [CLEARING] settlement_id=SETL-0006001325 order_id_ref=ORD-01301325 received_ts_cet=2026-03-28T10:47:05 received_ts_utc_inferred=2026-03-28T08:47:05Z cut_off_status=REJECTED rejection_reason=TIMESTAMP_AFTER_CUTOFF
2026-03-28T10:47:09 [CEST] [CLEARING] settlement_id=SETL-0006001326 order_id_ref=ORD-01301326 received_ts_cet=2026-03-28T10:47:09 received_ts_utc_inferred=2026-03-28T08:47:09Z cut_off_status=WITHIN_WINDOW
2026-03-28T10:47:18 [CEST] [CLEARING] settlement_id=SETL-0006001327 order_id_ref=ORD-01301327 received_ts_cet=2026-03-28T10:47:18 received_ts_utc_inferred=2026-03-28T08:47:18Z cut_off_status=WITHIN_WINDOW
2026-03-28T10:47:27 [CEST] [CLEARING] settlement_id=SETL-0006001328 order_id_ref=ORD-01301328 received_ts_cet=2026-03-28T10:47:27 received_ts_utc_inferred=2026-03-28T08:47:27Z cut_off_status=WITHIN_WINDOW
2026-03-28T10:47:34 [CEST] [CLEARING] settlement_id=SETL-0006001329 order_id_ref=ORD-01301329 received_ts_cet=2026-03-28T10:47:34 received_ts_utc_inferred=2026-03-28T08:47:34Z cut_off_status=WITHIN_WINDOW
2026-03-28T10:47:43 [CEST] [CLEARING] settlement_id=SETL-0006001330 order_id_ref=ORD-01301330 received_ts_cet=2026-03-28T10:47:43 received_ts_utc_inferred=2026-03-28T08:47:43Z cut_off_status=REJECTED rejection_reason=TIMESTAMP_AFTER_CUTOFF
2026-03-28T10:47:55 [CEST] [CLEARING] settlement_id=SETL-0006001331 order_id_ref=ORD-01301331 received_ts_cet=2026-03-28T10:47:55 received_ts_utc_inferred=2026-03-28T08:47:55Z cut_off_status=WITHIN_WINDOW
2026-03-28T10:48:07 [CEST] [CLEARING] settlement_id=SETL-0006001332 order_id_ref=ORD-01301332 received_ts_cet=2026-03-28T10:48:07 received_ts_utc_inferred=2026-03-28T08:48:07Z cut_off_status=WITHIN_WINDOW
2026-03-28T10:48:10 [CEST] [CLEARING] settlement_id=SETL-0006001333 order_id_ref=ORD-01301333 received_ts_cet=2026-03-28T10:48:10 received_ts_utc_inferred=2026-03-28T08:48:10Z cut_off_status=WITHIN_WINDOW
2026-03-28T10:48:15 [CEST] [CLEARING] settlement_id=SETL-0006001334 order_id_ref=ORD-01301334 received_ts_cet=2026-03-28T10:48:15 received_ts_utc_inferred=2026-03-28T08:48:15Z cut_off_status=REJECTED rejection_reason=TIMESTAMP_AFTER_CUTOFF
2026-03-28T10:48:23 [CEST] [CLEARING] settlement_id=SETL-0006001335 order_id_ref=ORD-01301335 received_ts_cet=2026-03-28T10:48:23 received_ts_utc_inferred=2026-03-28T08:48:23Z cut_off_status=REJECTED rejection_reason=TIMESTAMP_AFTER_CUTOFF
2026-03-28T10:48:34 [CEST] [CLEARING] settlement_id=SETL-0006001336 order_id_ref=ORD-01301336 received_ts_cet=2026-03-28T10:48:34 received_ts_utc_inferred=2026-03-28T08:48:34Z cut_off_status=REJECTED rejection_reason=TIMESTAMP_AFTER_CUTOFF
2026-03-28T10:48:39 [CEST] [CLEARING] settlement_id=SETL-0006001337 order_id_ref=ORD-01301337 received_ts_cet=2026-03-28T10:48:39 received_ts_utc_inferred=2026-03-28T08:48:39Z cut_off_status=WITHIN_WINDOW
2026-03-28T10:48:42 [CEST] [CLEARING] settlement_id=SETL-0006001338 order_id_ref=ORD-01301338 received_ts_cet=2026-03-28T10:48:42 received_ts_utc_inferred=2026-03-28T08:48:42Z cut_off_status=REJECTED rejection_reason=TIMESTAMP_AFTER_CUTOFF
2026-03-28T10:48:49 [CEST] [CLEARING] settlement_id=SETL-0006001339 order_id_ref=ORD-01301339 received_ts_cet=2026-03-28T10:48:49 received_ts_utc_inferred=2026-03-28T08:48:49Z cut_off_status=WITHIN_WINDOW
2026-03-28T10:48:53 [CEST] [CLEARING] settlement_id=SETL-0006001340 order_id_ref=ORD-01301340 received_ts_cet=2026-03-28T10:48:53 received_ts_utc_inferred=2026-03-28T08:48:53Z cut_off_status=WITHIN_WINDOW
2026-03-28T10:49:01 [CEST] [CLEARING] settlement_id=SETL-0006001341 order_id_ref=ORD-01301341 received_ts_cet=2026-03-28T10:49:01 received_ts_utc_inferred=2026-03-28T08:49:01Z cut_off_status=WITHIN_WINDOW
2026-03-28T10:49:09 [CEST] [CLEARING] settlement_id=SETL-0006001342 order_id_ref=ORD-01301342 received_ts_cet=2026-03-28T10:49:09 received_ts_utc_inferred=2026-03-28T08:49:09Z cut_off_status=WITHIN_WINDOW
2026-03-28T10:49:18 [CEST] [CLEARING] settlement_id=SETL-0006001343 order_id_ref=ORD-01301343 received_ts_cet=2026-03-28T10:49:18 received_ts_utc_inferred=2026-03-28T08:49:18Z cut_off_status=REJECTED rejection_reason=TIMESTAMP_AFTER_CUTOFF
2026-03-28T10:49:23 [CEST] [CLEARING] settlement_id=SETL-0006001344 order_id_ref=ORD-01301344 received_ts_cet=2026-03-28T10:49:23 received_ts_utc_inferred=2026-03-28T08:49:23Z cut_off_status=WITHIN_WINDOW
2026-03-28T10:49:32 [CEST] [CLEARING] settlement_id=SETL-0006001345 order_id_ref=ORD-01301345 received_ts_cet=2026-03-28T10:49:32 received_ts_utc_inferred=2026-03-28T08:49:32Z cut_off_status=WITHIN_WINDOW
2026-03-28T10:49:42 [CEST] [CLEARING] settlement_id=SETL-0006001346 order_id_ref=ORD-01301346 received_ts_cet=2026-03-28T10:49:42 received_ts_utc_inferred=2026-03-28T08:49:42Z cut_off_status=WITHIN_WINDOW
2026-03-28T10:49:54 [CEST] [CLEARING] settlement_id=SETL-0006001347 order_id_ref=ORD-01301347 received_ts_cet=2026-03-28T10:49:54 received_ts_utc_inferred=2026-03-28T08:49:54Z cut_off_status=REJECTED rejection_reason=TIMESTAMP_AFTER_CUTOFF
2026-03-28T10:49:58 [CEST] [CLEARING] settlement_id=SETL-0006001348 order_id_ref=ORD-01301348 received_ts_cet=2026-03-28T10:49:58 received_ts_utc_inferred=2026-03-28T08:49:58Z cut_off_status=WITHIN_WINDOW
2026-03-28T10:50:04 [CEST] [CLEARING] settlement_id=SETL-0006001349 order_id_ref=ORD-01301349 received_ts_cet=2026-03-28T10:50:04 received_ts_utc_inferred=2026-03-28T08:50:04Z cut_off_status=WITHIN_WINDOW
2026-03-28T10:50:07 [CEST] [CLEARING] settlement_id=SETL-0006001350 order_id_ref=ORD-01301350 received_ts_cet=2026-03-28T10:50:07 received_ts_utc_inferred=2026-03-28T08:50:07Z cut_off_status=WITHIN_WINDOW
2026-03-28T10:50:13 [CEST] [CLEARING] settlement_id=SETL-0006001351 order_id_ref=ORD-01301351 received_ts_cet=2026-03-28T10:50:13 received_ts_utc_inferred=2026-03-28T08:50:13Z cut_off_status=REJECTED rejection_reason=TIMESTAMP_AFTER_CUTOFF
2026-03-28T10:50:22 [CEST] [CLEARING] settlement_id=SETL-0006001352 order_id_ref=ORD-01301352 received_ts_cet=2026-03-28T10:50:22 received_ts_utc_inferred=2026-03-28T08:50:22Z cut_off_status=WITHIN_WINDOW
2026-03-28T10:50:32 [CEST] [CLEARING] settlement_id=SETL-0006001353 order_id_ref=ORD-01301353 received_ts_cet=2026-03-28T10:50:32 received_ts_utc_inferred=2026-03-28T08:50:32Z cut_off_status=WITHIN_WINDOW
2026-03-28T10:50:35 [CEST] [CLEARING] settlement_id=SETL-0006001354 order_id_ref=ORD-01301354 received_ts_cet=2026-03-28T10:50:35 received_ts_utc_inferred=2026-03-28T08:50:35Z cut_off_status=WITHIN_WINDOW
2026-03-28T10:50:45 [CEST] [CLEARING] settlement_id=SETL-0006001355 order_id_ref=ORD-01301355 received_ts_cet=2026-03-28T10:50:45 received_ts_utc_inferred=2026-03-28T08:50:45Z cut_off_status=REJECTED rejection_reason=TIMESTAMP_AFTER_CUTOFF
2026-03-28T10:50:56 [CEST] [CLEARING] settlement_id=SETL-0006001356 order_id_ref=ORD-01301356 received_ts_cet=2026-03-28T10:50:56 received_ts_utc_inferred=2026-03-28T08:50:56Z cut_off_status=REJECTED rejection_reason=TIMESTAMP_AFTER_CUTOFF
2026-03-28T10:51:00 [CEST] [CLEARING] settlement_id=SETL-0006001357 order_id_ref=ORD-01301357 received_ts_cet=2026-03-28T10:51:00 received_ts_utc_inferred=2026-03-28T08:51:00Z cut_off_status=WITHIN_WINDOW
2026-03-28T10:51:08 [CEST] [CLEARING] settlement_id=SETL-0006001358 order_id_ref=ORD-01301358 received_ts_cet=2026-03-28T10:51:08 received_ts_utc_inferred=2026-03-28T08:51:08Z cut_off_status=WITHIN_WINDOW
2026-03-28T10:51:20 [CEST] [CLEARING] settlement_id=SETL-0006001359 order_id_ref=ORD-01301359 received_ts_cet=2026-03-28T10:51:20 received_ts_utc_inferred=2026-03-28T08:51:20Z cut_off_status=WITHIN_WINDOW
2026-03-28T10:51:25 [CEST] [CLEARING] settlement_id=SETL-0006001360 order_id_ref=ORD-01301360 received_ts_cet=2026-03-28T10:51:25 received_ts_utc_inferred=2026-03-28T08:51:25Z cut_off_status=WITHIN_WINDOW
2026-03-28T10:51:35 [CEST] [CLEARING] settlement_id=SETL-0006001361 order_id_ref=ORD-01301361 received_ts_cet=2026-03-28T10:51:35 received_ts_utc_inferred=2026-03-28T08:51:35Z cut_off_status=WITHIN_WINDOW
2026-03-28T10:51:38 [CEST] [CLEARING] settlement_id=SETL-0006001362 order_id_ref=ORD-01301362 received_ts_cet=2026-03-28T10:51:38 received_ts_utc_inferred=2026-03-28T08:51:38Z cut_off_status=WITHIN_WINDOW
2026-03-28T10:51:43 [CEST] [CLEARING] settlement_id=SETL-0006001363 order_id_ref=ORD-01301363 received_ts_cet=2026-03-28T10:51:43 received_ts_utc_inferred=2026-03-28T08:51:43Z cut_off_status=WITHIN_WINDOW
2026-03-28T10:51:49 [CEST] [CLEARING] settlement_id=SETL-0006001364 order_id_ref=ORD-01301364 received_ts_cet=2026-03-28T10:51:49 received_ts_utc_inferred=2026-03-28T08:51:49Z cut_off_status=WITHIN_WINDOW
2026-03-28T10:51:53 [CEST] [CLEARING] settlement_id=SETL-0006001365 order_id_ref=ORD-01301365 received_ts_cet=2026-03-28T10:51:53 received_ts_utc_inferred=2026-03-28T08:51:53Z cut_off_status=WITHIN_WINDOW
2026-03-28T10:52:05 [CEST] [CLEARING] settlement_id=SETL-0006001366 order_id_ref=ORD-01301366 received_ts_cet=2026-03-28T10:52:05 received_ts_utc_inferred=2026-03-28T08:52:05Z cut_off_status=WITHIN_WINDOW
2026-03-28T10:52:15 [CEST] [CLEARING] settlement_id=SETL-0006001367 order_id_ref=ORD-01301367 received_ts_cet=2026-03-28T10:52:15 received_ts_utc_inferred=2026-03-28T08:52:15Z cut_off_status=WITHIN_WINDOW
2026-03-28T10:52:22 [CEST] [CLEARING] settlement_id=SETL-0006001368 order_id_ref=ORD-01301368 received_ts_cet=2026-03-28T10:52:22 received_ts_utc_inferred=2026-03-28T08:52:22Z cut_off_status=WITHIN_WINDOW
2026-03-28T10:52:25 [CEST] [CLEARING] settlement_id=SETL-0006001369 order_id_ref=ORD-01301369 received_ts_cet=2026-03-28T10:52:25 received_ts_utc_inferred=2026-03-28T08:52:25Z cut_off_status=WITHIN_WINDOW
2026-03-28T10:52:35 [CEST] [CLEARING] settlement_id=SETL-0006001370 order_id_ref=ORD-01301370 received_ts_cet=2026-03-28T10:52:35 received_ts_utc_inferred=2026-03-28T08:52:35Z cut_off_status=WITHIN_WINDOW
2026-03-28T10:52:41 [CEST] [CLEARING] settlement_id=SETL-0006001371 order_id_ref=ORD-01301371 received_ts_cet=2026-03-28T10:52:41 received_ts_utc_inferred=2026-03-28T08:52:41Z cut_off_status=WITHIN_WINDOW
2026-03-28T10:52:45 [CEST] [CLEARING] settlement_id=SETL-0006001372 order_id_ref=ORD-01301372 received_ts_cet=2026-03-28T10:52:45 received_ts_utc_inferred=2026-03-28T08:52:45Z cut_off_status=WITHIN_WINDOW
2026-03-28T10:52:51 [CEST] [CLEARING] settlement_id=SETL-0006001373 order_id_ref=ORD-01301373 received_ts_cet=2026-03-28T10:52:51 received_ts_utc_inferred=2026-03-28T08:52:51Z cut_off_status=WITHIN_WINDOW
2026-03-28T10:52:58 [CEST] [CLEARING] settlement_id=SETL-0006001374 order_id_ref=ORD-01301374 received_ts_cet=2026-03-28T10:52:58 received_ts_utc_inferred=2026-03-28T08:52:58Z cut_off_status=WITHIN_WINDOW
2026-03-28T10:53:01 [CEST] [CLEARING] settlement_id=SETL-0006001375 order_id_ref=ORD-01301375 received_ts_cet=2026-03-28T10:53:01 received_ts_utc_inferred=2026-03-28T08:53:01Z cut_off_status=WITHIN_WINDOW
2026-03-28T10:53:04 [CEST] [CLEARING] settlement_id=SETL-0006001376 order_id_ref=ORD-01301376 received_ts_cet=2026-03-28T10:53:04 received_ts_utc_inferred=2026-03-28T08:53:04Z cut_off_status=REJECTED rejection_reason=TIMESTAMP_AFTER_CUTOFF
2026-03-28T10:53:09 [CEST] [CLEARING] settlement_id=SETL-0006001377 order_id_ref=ORD-01301377 received_ts_cet=2026-03-28T10:53:09 received_ts_utc_inferred=2026-03-28T08:53:09Z cut_off_status=REJECTED rejection_reason=TIMESTAMP_AFTER_CUTOFF
2026-03-28T10:53:12 [CEST] [CLEARING] settlement_id=SETL-0006001378 order_id_ref=ORD-01301378 received_ts_cet=2026-03-28T10:53:12 received_ts_utc_inferred=2026-03-28T08:53:12Z cut_off_status=WITHIN_WINDOW
2026-03-28T10:53:21 [CEST] [CLEARING] settlement_id=SETL-0006001379 order_id_ref=ORD-01301379 received_ts_cet=2026-03-28T10:53:21 received_ts_utc_inferred=2026-03-28T08:53:21Z cut_off_status=REJECTED rejection_reason=TIMESTAMP_AFTER_CUTOFF
2026-03-28T10:53:27 [CEST] [CLEARING] settlement_id=SETL-0006001380 order_id_ref=ORD-01301380 received_ts_cet=2026-03-28T10:53:27 received_ts_utc_inferred=2026-03-28T08:53:27Z cut_off_status=WITHIN_WINDOW
2026-03-28T10:53:33 [CEST] [CLEARING] settlement_id=SETL-0006001381 order_id_ref=ORD-01301381 received_ts_cet=2026-03-28T10:53:33 received_ts_utc_inferred=2026-03-28T08:53:33Z cut_off_status=WITHIN_WINDOW
2026-03-28T10:53:37 [CEST] [CLEARING] settlement_id=SETL-0006001382 order_id_ref=ORD-01301382 received_ts_cet=2026-03-28T10:53:37 received_ts_utc_inferred=2026-03-28T08:53:37Z cut_off_status=WITHIN_WINDOW
2026-03-28T10:53:43 [CEST] [CLEARING] settlement_id=SETL-0006001383 order_id_ref=ORD-01301383 received_ts_cet=2026-03-28T10:53:43 received_ts_utc_inferred=2026-03-28T08:53:43Z cut_off_status=REJECTED rejection_reason=TIMESTAMP_AFTER_CUTOFF
2026-03-28T10:53:47 [CEST] [CLEARING] settlement_id=SETL-0006001384 order_id_ref=ORD-01301384 received_ts_cet=2026-03-28T10:53:47 received_ts_utc_inferred=2026-03-28T08:53:47Z cut_off_status=REJECTED rejection_reason=TIMESTAMP_AFTER_CUTOFF
2026-03-28T10:53:56 [CEST] [CLEARING] settlement_id=SETL-0006001385 order_id_ref=ORD-01301385 received_ts_cet=2026-03-28T10:53:56 received_ts_utc_inferred=2026-03-28T08:53:56Z cut_off_status=WITHIN_WINDOW
2026-03-28T10:54:00 [CEST] [CLEARING] settlement_id=SETL-0006001386 order_id_ref=ORD-01301386 received_ts_cet=2026-03-28T10:54:00 received_ts_utc_inferred=2026-03-28T08:54:00Z cut_off_status=WITHIN_WINDOW
2026-03-28T10:54:12 [CEST] [CLEARING] settlement_id=SETL-0006001387 order_id_ref=ORD-01301387 received_ts_cet=2026-03-28T10:54:12 received_ts_utc_inferred=2026-03-28T08:54:12Z cut_off_status=REJECTED rejection_reason=TIMESTAMP_AFTER_CUTOFF
2026-03-28T10:54:21 [CEST] [CLEARING] settlement_id=SETL-0006001388 order_id_ref=ORD-01301388 received_ts_cet=2026-03-28T10:54:21 received_ts_utc_inferred=2026-03-28T08:54:21Z cut_off_status=WITHIN_WINDOW
2026-03-28T10:54:29 [CEST] [CLEARING] settlement_id=SETL-0006001389 order_id_ref=ORD-01301389 received_ts_cet=2026-03-28T10:54:29 received_ts_utc_inferred=2026-03-28T08:54:29Z cut_off_status=WITHIN_WINDOW
2026-03-28T10:54:33 [CEST] [CLEARING] settlement_id=SETL-0006001390 order_id_ref=ORD-01301390 received_ts_cet=2026-03-28T10:54:33 received_ts_utc_inferred=2026-03-28T08:54:33Z cut_off_status=WITHIN_WINDOW
2026-03-28T10:54:37 [CEST] [CLEARING] settlement_id=SETL-0006001391 order_id_ref=ORD-01301391 received_ts_cet=2026-03-28T10:54:37 received_ts_utc_inferred=2026-03-28T08:54:37Z cut_off_status=WITHIN_WINDOW
2026-03-28T10:54:44 [CEST] [CLEARING] settlement_id=SETL-0006001392 order_id_ref=ORD-01301392 received_ts_cet=2026-03-28T10:54:44 received_ts_utc_inferred=2026-03-28T08:54:44Z cut_off_status=WITHIN_WINDOW
2026-03-28T10:54:48 [CEST] [CLEARING] settlement_id=SETL-0006001393 order_id_ref=ORD-01301393 received_ts_cet=2026-03-28T10:54:48 received_ts_utc_inferred=2026-03-28T08:54:48Z cut_off_status=WITHIN_WINDOW
2026-03-28T10:54:58 [CEST] [CLEARING] settlement_id=SETL-0006001394 order_id_ref=ORD-01301394 received_ts_cet=2026-03-28T10:54:58 received_ts_utc_inferred=2026-03-28T08:54:58Z cut_off_status=REJECTED rejection_reason=TIMESTAMP_AFTER_CUTOFF
2026-03-28T10:55:03 [CEST] [CLEARING] settlement_id=SETL-0006001395 order_id_ref=ORD-01301395 received_ts_cet=2026-03-28T10:55:03 received_ts_utc_inferred=2026-03-28T08:55:03Z cut_off_status=WITHIN_WINDOW
2026-03-28T10:55:13 [CEST] [CLEARING] settlement_id=SETL-0006001396 order_id_ref=ORD-01301396 received_ts_cet=2026-03-28T10:55:13 received_ts_utc_inferred=2026-03-28T08:55:13Z cut_off_status=WITHIN_WINDOW
2026-03-28T10:55:16 [CEST] [CLEARING] settlement_id=SETL-0006001397 order_id_ref=ORD-01301397 received_ts_cet=2026-03-28T10:55:16 received_ts_utc_inferred=2026-03-28T08:55:16Z cut_off_status=WITHIN_WINDOW
2026-03-28T10:55:26 [CEST] [CLEARING] settlement_id=SETL-0006001398 order_id_ref=ORD-01301398 received_ts_cet=2026-03-28T10:55:26 received_ts_utc_inferred=2026-03-28T08:55:26Z cut_off_status=WITHIN_WINDOW
2026-03-28T10:55:38 [CEST] [CLEARING] settlement_id=SETL-0006001399 order_id_ref=ORD-01301399 received_ts_cet=2026-03-28T10:55:38 received_ts_utc_inferred=2026-03-28T08:55:38Z cut_off_status=WITHIN_WINDOW
2026-03-28T10:55:43 [CEST] [CLEARING] settlement_id=SETL-0006001400 order_id_ref=ORD-01301400 received_ts_cet=2026-03-28T10:55:43 received_ts_utc_inferred=2026-03-28T08:55:43Z cut_off_status=WITHIN_WINDOW
2026-03-28T10:55:52 [CEST] [CLEARING] settlement_id=SETL-0006001401 order_id_ref=ORD-01301401 received_ts_cet=2026-03-28T10:55:52 received_ts_utc_inferred=2026-03-28T08:55:52Z cut_off_status=WITHIN_WINDOW
2026-03-28T10:55:56 [CEST] [CLEARING] settlement_id=SETL-0006001402 order_id_ref=ORD-01301402 received_ts_cet=2026-03-28T10:55:56 received_ts_utc_inferred=2026-03-28T08:55:56Z cut_off_status=REJECTED rejection_reason=TIMESTAMP_AFTER_CUTOFF
2026-03-28T10:56:05 [CEST] [CLEARING] settlement_id=SETL-0006001403 order_id_ref=ORD-01301403 received_ts_cet=2026-03-28T10:56:05 received_ts_utc_inferred=2026-03-28T08:56:05Z cut_off_status=WITHIN_WINDOW
2026-03-28T10:56:09 [CEST] [CLEARING] settlement_id=SETL-0006001404 order_id_ref=ORD-01301404 received_ts_cet=2026-03-28T10:56:09 received_ts_utc_inferred=2026-03-28T08:56:09Z cut_off_status=WITHIN_WINDOW
2026-03-28T10:56:20 [CEST] [CLEARING] settlement_id=SETL-0006001405 order_id_ref=ORD-01301405 received_ts_cet=2026-03-28T10:56:20 received_ts_utc_inferred=2026-03-28T08:56:20Z cut_off_status=WITHIN_WINDOW
2026-03-28T10:56:30 [CEST] [CLEARING] settlement_id=SETL-0006001406 order_id_ref=ORD-01301406 received_ts_cet=2026-03-28T10:56:30 received_ts_utc_inferred=2026-03-28T08:56:30Z cut_off_status=WITHIN_WINDOW
2026-03-28T10:56:37 [CEST] [CLEARING] settlement_id=SETL-0006001407 order_id_ref=ORD-01301407 received_ts_cet=2026-03-28T10:56:37 received_ts_utc_inferred=2026-03-28T08:56:37Z cut_off_status=WITHIN_WINDOW
2026-03-28T10:56:45 [CEST] [CLEARING] settlement_id=SETL-0006001408 order_id_ref=ORD-01301408 received_ts_cet=2026-03-28T10:56:45 received_ts_utc_inferred=2026-03-28T08:56:45Z cut_off_status=WITHIN_WINDOW
2026-03-28T10:56:56 [CEST] [CLEARING] settlement_id=SETL-0006001409 order_id_ref=ORD-01301409 received_ts_cet=2026-03-28T10:56:56 received_ts_utc_inferred=2026-03-28T08:56:56Z cut_off_status=REJECTED rejection_reason=TIMESTAMP_AFTER_CUTOFF
2026-03-28T10:57:01 [CEST] [CLEARING] settlement_id=SETL-0006001410 order_id_ref=ORD-01301410 received_ts_cet=2026-03-28T10:57:01 received_ts_utc_inferred=2026-03-28T08:57:01Z cut_off_status=WITHIN_WINDOW
2026-03-28T10:57:09 [CEST] [CLEARING] settlement_id=SETL-0006001411 order_id_ref=ORD-01301411 received_ts_cet=2026-03-28T10:57:09 received_ts_utc_inferred=2026-03-28T08:57:09Z cut_off_status=WITHIN_WINDOW
2026-03-28T10:57:19 [CEST] [CLEARING] settlement_id=SETL-0006001412 order_id_ref=ORD-01301412 received_ts_cet=2026-03-28T10:57:19 received_ts_utc_inferred=2026-03-28T08:57:19Z cut_off_status=REJECTED rejection_reason=TIMESTAMP_AFTER_CUTOFF
2026-03-28T10:57:29 [CEST] [CLEARING] settlement_id=SETL-0006001413 order_id_ref=ORD-01301413 received_ts_cet=2026-03-28T10:57:29 received_ts_utc_inferred=2026-03-28T08:57:29Z cut_off_status=REJECTED rejection_reason=TIMESTAMP_AFTER_CUTOFF
2026-03-28T10:57:35 [CEST] [CLEARING] settlement_id=SETL-0006001414 order_id_ref=ORD-01301414 received_ts_cet=2026-03-28T10:57:35 received_ts_utc_inferred=2026-03-28T08:57:35Z cut_off_status=REJECTED rejection_reason=TIMESTAMP_AFTER_CUTOFF
2026-03-28T10:57:47 [CEST] [CLEARING] settlement_id=SETL-0006001415 order_id_ref=ORD-01301415 received_ts_cet=2026-03-28T10:57:47 received_ts_utc_inferred=2026-03-28T08:57:47Z cut_off_status=WITHIN_WINDOW
2026-03-28T10:57:50 [CEST] [CLEARING] settlement_id=SETL-0006001416 order_id_ref=ORD-01301416 received_ts_cet=2026-03-28T10:57:50 received_ts_utc_inferred=2026-03-28T08:57:50Z cut_off_status=WITHIN_WINDOW
2026-03-28T10:57:57 [CEST] [CLEARING] settlement_id=SETL-0006001417 order_id_ref=ORD-01301417 received_ts_cet=2026-03-28T10:57:57 received_ts_utc_inferred=2026-03-28T08:57:57Z cut_off_status=WITHIN_WINDOW
2026-03-28T10:58:08 [CEST] [CLEARING] settlement_id=SETL-0006001418 order_id_ref=ORD-01301418 received_ts_cet=2026-03-28T10:58:08 received_ts_utc_inferred=2026-03-28T08:58:08Z cut_off_status=WITHIN_WINDOW
2026-03-28T10:58:16 [CEST] [CLEARING] settlement_id=SETL-0006001419 order_id_ref=ORD-01301419 received_ts_cet=2026-03-28T10:58:16 received_ts_utc_inferred=2026-03-28T08:58:16Z cut_off_status=WITHIN_WINDOW
2026-03-28T10:58:28 [CEST] [CLEARING] settlement_id=SETL-0006001420 order_id_ref=ORD-01301420 received_ts_cet=2026-03-28T10:58:28 received_ts_utc_inferred=2026-03-28T08:58:28Z cut_off_status=WITHIN_WINDOW
2026-03-28T10:58:34 [CEST] [CLEARING] settlement_id=SETL-0006001421 order_id_ref=ORD-01301421 received_ts_cet=2026-03-28T10:58:34 received_ts_utc_inferred=2026-03-28T08:58:34Z cut_off_status=WITHIN_WINDOW
2026-03-28T10:58:46 [CEST] [CLEARING] settlement_id=SETL-0006001422 order_id_ref=ORD-01301422 received_ts_cet=2026-03-28T10:58:46 received_ts_utc_inferred=2026-03-28T08:58:46Z cut_off_status=WITHIN_WINDOW
2026-03-28T10:58:57 [CEST] [CLEARING] settlement_id=SETL-0006001423 order_id_ref=ORD-01301423 received_ts_cet=2026-03-28T10:58:57 received_ts_utc_inferred=2026-03-28T08:58:57Z cut_off_status=WITHIN_WINDOW
2026-03-28T10:59:00 [CEST] [CLEARING] settlement_id=SETL-0006001424 order_id_ref=ORD-01301424 received_ts_cet=2026-03-28T10:59:00 received_ts_utc_inferred=2026-03-28T08:59:00Z cut_off_status=WITHIN_WINDOW
2026-03-28T10:59:07 [CEST] [CLEARING] settlement_id=SETL-0006001425 order_id_ref=ORD-01301425 received_ts_cet=2026-03-28T10:59:07 received_ts_utc_inferred=2026-03-28T08:59:07Z cut_off_status=WITHIN_WINDOW
2026-03-28T10:59:15 [CEST] [CLEARING] settlement_id=SETL-0006001426 order_id_ref=ORD-01301426 received_ts_cet=2026-03-28T10:59:15 received_ts_utc_inferred=2026-03-28T08:59:15Z cut_off_status=WITHIN_WINDOW
2026-03-28T10:59:18 [CEST] [CLEARING] settlement_id=SETL-0006001427 order_id_ref=ORD-01301427 received_ts_cet=2026-03-28T10:59:18 received_ts_utc_inferred=2026-03-28T08:59:18Z cut_off_status=WITHIN_WINDOW
2026-03-28T10:59:23 [CEST] [CLEARING] settlement_id=SETL-0006001428 order_id_ref=ORD-01301428 received_ts_cet=2026-03-28T10:59:23 received_ts_utc_inferred=2026-03-28T08:59:23Z cut_off_status=REJECTED rejection_reason=TIMESTAMP_AFTER_CUTOFF
2026-03-28T10:59:35 [CEST] [CLEARING] settlement_id=SETL-0006001429 order_id_ref=ORD-01301429 received_ts_cet=2026-03-28T10:59:35 received_ts_utc_inferred=2026-03-28T08:59:35Z cut_off_status=WITHIN_WINDOW
2026-03-28T10:59:39 [CEST] [CLEARING] settlement_id=SETL-0006001430 order_id_ref=ORD-01301430 received_ts_cet=2026-03-28T10:59:39 received_ts_utc_inferred=2026-03-28T08:59:39Z cut_off_status=WITHIN_WINDOW
2026-03-28T10:59:49 [CEST] [CLEARING] settlement_id=SETL-0006001431 order_id_ref=ORD-01301431 received_ts_cet=2026-03-28T10:59:49 received_ts_utc_inferred=2026-03-28T08:59:49Z cut_off_status=WITHIN_WINDOW
2026-03-28T10:59:53 [CEST] [CLEARING] settlement_id=SETL-0006001432 order_id_ref=ORD-01301432 received_ts_cet=2026-03-28T10:59:53 received_ts_utc_inferred=2026-03-28T08:59:53Z cut_off_status=WITHIN_WINDOW
2026-03-28T11:00:00 [CEST] [CLEARING] settlement_id=SETL-0006001433 order_id_ref=ORD-01301433 received_ts_cet=2026-03-28T11:00:00 received_ts_utc_inferred=2026-03-28T09:00:00Z cut_off_status=REJECTED rejection_reason=TIMESTAMP_AFTER_CUTOFF
2026-03-28T11:00:09 [CEST] [CLEARING] settlement_id=SETL-0006001434 order_id_ref=ORD-01301434 received_ts_cet=2026-03-28T11:00:09 received_ts_utc_inferred=2026-03-28T09:00:09Z cut_off_status=REJECTED rejection_reason=TIMESTAMP_AFTER_CUTOFF
2026-03-28T11:00:18 [CEST] [CLEARING] settlement_id=SETL-0006001435 order_id_ref=ORD-01301435 received_ts_cet=2026-03-28T11:00:18 received_ts_utc_inferred=2026-03-28T09:00:18Z cut_off_status=REJECTED rejection_reason=TIMESTAMP_AFTER_CUTOFF
2026-03-28T11:00:26 [CEST] [CLEARING] settlement_id=SETL-0006001436 order_id_ref=ORD-01301436 received_ts_cet=2026-03-28T11:00:26 received_ts_utc_inferred=2026-03-28T09:00:26Z cut_off_status=WITHIN_WINDOW
2026-03-28T11:00:35 [CEST] [CLEARING] settlement_id=SETL-0006001437 order_id_ref=ORD-01301437 received_ts_cet=2026-03-28T11:00:35 received_ts_utc_inferred=2026-03-28T09:00:35Z cut_off_status=WITHIN_WINDOW
2026-03-28T11:00:42 [CEST] [CLEARING] settlement_id=SETL-0006001438 order_id_ref=ORD-01301438 received_ts_cet=2026-03-28T11:00:42 received_ts_utc_inferred=2026-03-28T09:00:42Z cut_off_status=WITHIN_WINDOW
2026-03-28T11:00:50 [CEST] [CLEARING] settlement_id=SETL-0006001439 order_id_ref=ORD-01301439 received_ts_cet=2026-03-28T11:00:50 received_ts_utc_inferred=2026-03-28T09:00:50Z cut_off_status=REJECTED rejection_reason=TIMESTAMP_AFTER_CUTOFF
2026-03-28T11:01:01 [CEST] [CLEARING] settlement_id=SETL-0006001440 order_id_ref=ORD-01301440 received_ts_cet=2026-03-28T11:01:01 received_ts_utc_inferred=2026-03-28T09:01:01Z cut_off_status=REJECTED rejection_reason=TIMESTAMP_AFTER_CUTOFF
2026-03-28T11:01:09 [CEST] [CLEARING] settlement_id=SETL-0006001441 order_id_ref=ORD-01301441 received_ts_cet=2026-03-28T11:01:09 received_ts_utc_inferred=2026-03-28T09:01:09Z cut_off_status=WITHIN_WINDOW
2026-03-28T11:01:21 [CEST] [CLEARING] settlement_id=SETL-0006001442 order_id_ref=ORD-01301442 received_ts_cet=2026-03-28T11:01:21 received_ts_utc_inferred=2026-03-28T09:01:21Z cut_off_status=REJECTED rejection_reason=TIMESTAMP_AFTER_CUTOFF
2026-03-28T11:01:33 [CEST] [CLEARING] settlement_id=SETL-0006001443 order_id_ref=ORD-01301443 received_ts_cet=2026-03-28T11:01:33 received_ts_utc_inferred=2026-03-28T09:01:33Z cut_off_status=REJECTED rejection_reason=TIMESTAMP_AFTER_CUTOFF
2026-03-28T11:01:40 [CEST] [CLEARING] settlement_id=SETL-0006001444 order_id_ref=ORD-01301444 received_ts_cet=2026-03-28T11:01:40 received_ts_utc_inferred=2026-03-28T09:01:40Z cut_off_status=REJECTED rejection_reason=TIMESTAMP_AFTER_CUTOFF
2026-03-28T11:01:50 [CEST] [CLEARING] settlement_id=SETL-0006001445 order_id_ref=ORD-01301445 received_ts_cet=2026-03-28T11:01:50 received_ts_utc_inferred=2026-03-28T09:01:50Z cut_off_status=WITHIN_WINDOW
2026-03-28T11:02:02 [CEST] [CLEARING] settlement_id=SETL-0006001446 order_id_ref=ORD-01301446 received_ts_cet=2026-03-28T11:02:02 received_ts_utc_inferred=2026-03-28T09:02:02Z cut_off_status=REJECTED rejection_reason=TIMESTAMP_AFTER_CUTOFF
2026-03-28T11:02:14 [CEST] [CLEARING] settlement_id=SETL-0006001447 order_id_ref=ORD-01301447 received_ts_cet=2026-03-28T11:02:14 received_ts_utc_inferred=2026-03-28T09:02:14Z cut_off_status=WITHIN_WINDOW
2026-03-28T11:02:24 [CEST] [CLEARING] settlement_id=SETL-0006001448 order_id_ref=ORD-01301448 received_ts_cet=2026-03-28T11:02:24 received_ts_utc_inferred=2026-03-28T09:02:24Z cut_off_status=WITHIN_WINDOW
2026-03-28T11:02:34 [CEST] [CLEARING] settlement_id=SETL-0006001449 order_id_ref=ORD-01301449 received_ts_cet=2026-03-28T11:02:34 received_ts_utc_inferred=2026-03-28T09:02:34Z cut_off_status=WITHIN_WINDOW
2026-03-28T11:02:38 [CEST] [CLEARING] settlement_id=SETL-0006001450 order_id_ref=ORD-01301450 received_ts_cet=2026-03-28T11:02:38 received_ts_utc_inferred=2026-03-28T09:02:38Z cut_off_status=REJECTED rejection_reason=TIMESTAMP_AFTER_CUTOFF
2026-03-28T11:02:45 [CEST] [CLEARING] settlement_id=SETL-0006001451 order_id_ref=ORD-01301451 received_ts_cet=2026-03-28T11:02:45 received_ts_utc_inferred=2026-03-28T09:02:45Z cut_off_status=REJECTED rejection_reason=TIMESTAMP_AFTER_CUTOFF
2026-03-28T11:02:52 [CEST] [CLEARING] settlement_id=SETL-0006001452 order_id_ref=ORD-01301452 received_ts_cet=2026-03-28T11:02:52 received_ts_utc_inferred=2026-03-28T09:02:52Z cut_off_status=WITHIN_WINDOW
2026-03-28T11:03:04 [CEST] [CLEARING] settlement_id=SETL-0006001453 order_id_ref=ORD-01301453 received_ts_cet=2026-03-28T11:03:04 received_ts_utc_inferred=2026-03-28T09:03:04Z cut_off_status=WITHIN_WINDOW
2026-03-28T11:03:09 [CEST] [CLEARING] settlement_id=SETL-0006001454 order_id_ref=ORD-01301454 received_ts_cet=2026-03-28T11:03:09 received_ts_utc_inferred=2026-03-28T09:03:09Z cut_off_status=REJECTED rejection_reason=TIMESTAMP_AFTER_CUTOFF
2026-03-28T11:03:13 [CEST] [CLEARING] settlement_id=SETL-0006001455 order_id_ref=ORD-01301455 received_ts_cet=2026-03-28T11:03:13 received_ts_utc_inferred=2026-03-28T09:03:13Z cut_off_status=WITHIN_WINDOW
2026-03-28T11:03:22 [CEST] [CLEARING] settlement_id=SETL-0006001456 order_id_ref=ORD-01301456 received_ts_cet=2026-03-28T11:03:22 received_ts_utc_inferred=2026-03-28T09:03:22Z cut_off_status=REJECTED rejection_reason=TIMESTAMP_AFTER_CUTOFF
2026-03-28T11:03:27 [CEST] [CLEARING] settlement_id=SETL-0006001457 order_id_ref=ORD-01301457 received_ts_cet=2026-03-28T11:03:27 received_ts_utc_inferred=2026-03-28T09:03:27Z cut_off_status=WITHIN_WINDOW
2026-03-28T11:03:38 [CEST] [CLEARING] settlement_id=SETL-0006001458 order_id_ref=ORD-01301458 received_ts_cet=2026-03-28T11:03:38 received_ts_utc_inferred=2026-03-28T09:03:38Z cut_off_status=WITHIN_WINDOW
2026-03-28T11:03:46 [CEST] [CLEARING] settlement_id=SETL-0006001459 order_id_ref=ORD-01301459 received_ts_cet=2026-03-28T11:03:46 received_ts_utc_inferred=2026-03-28T09:03:46Z cut_off_status=REJECTED rejection_reason=TIMESTAMP_AFTER_CUTOFF
2026-03-28T11:03:53 [CEST] [CLEARING] settlement_id=SETL-0006001460 order_id_ref=ORD-01301460 received_ts_cet=2026-03-28T11:03:53 received_ts_utc_inferred=2026-03-28T09:03:53Z cut_off_status=WITHIN_WINDOW
2026-03-28T11:04:02 [CEST] [CLEARING] settlement_id=SETL-0006001461 order_id_ref=ORD-01301461 received_ts_cet=2026-03-28T11:04:02 received_ts_utc_inferred=2026-03-28T09:04:02Z cut_off_status=WITHIN_WINDOW
2026-03-28T11:04:10 [CEST] [CLEARING] settlement_id=SETL-0006001462 order_id_ref=ORD-01301462 received_ts_cet=2026-03-28T11:04:10 received_ts_utc_inferred=2026-03-28T09:04:10Z cut_off_status=REJECTED rejection_reason=TIMESTAMP_AFTER_CUTOFF
2026-03-28T11:04:14 [CEST] [CLEARING] settlement_id=SETL-0006001463 order_id_ref=ORD-01301463 received_ts_cet=2026-03-28T11:04:14 received_ts_utc_inferred=2026-03-28T09:04:14Z cut_off_status=REJECTED rejection_reason=TIMESTAMP_AFTER_CUTOFF
2026-03-28T11:04:25 [CEST] [CLEARING] settlement_id=SETL-0006001464 order_id_ref=ORD-01301464 received_ts_cet=2026-03-28T11:04:25 received_ts_utc_inferred=2026-03-28T09:04:25Z cut_off_status=WITHIN_WINDOW
2026-03-28T11:04:33 [CEST] [CLEARING] settlement_id=SETL-0006001465 order_id_ref=ORD-01301465 received_ts_cet=2026-03-28T11:04:33 received_ts_utc_inferred=2026-03-28T09:04:33Z cut_off_status=REJECTED rejection_reason=TIMESTAMP_AFTER_CUTOFF
2026-03-28T11:04:38 [CEST] [CLEARING] settlement_id=SETL-0006001466 order_id_ref=ORD-01301466 received_ts_cet=2026-03-28T11:04:38 received_ts_utc_inferred=2026-03-28T09:04:38Z cut_off_status=WITHIN_WINDOW
2026-03-28T11:04:45 [CEST] [CLEARING] settlement_id=SETL-0006001467 order_id_ref=ORD-01301467 received_ts_cet=2026-03-28T11:04:45 received_ts_utc_inferred=2026-03-28T09:04:45Z cut_off_status=WITHIN_WINDOW
2026-03-28T11:04:55 [CEST] [CLEARING] settlement_id=SETL-0006001468 order_id_ref=ORD-01301468 received_ts_cet=2026-03-28T11:04:55 received_ts_utc_inferred=2026-03-28T09:04:55Z cut_off_status=WITHIN_WINDOW
2026-03-28T11:05:04 [CEST] [CLEARING] settlement_id=SETL-0006001469 order_id_ref=ORD-01301469 received_ts_cet=2026-03-28T11:05:04 received_ts_utc_inferred=2026-03-28T09:05:04Z cut_off_status=WITHIN_WINDOW
2026-03-28T11:05:13 [CEST] [CLEARING] settlement_id=SETL-0006001470 order_id_ref=ORD-01301470 received_ts_cet=2026-03-28T11:05:13 received_ts_utc_inferred=2026-03-28T09:05:13Z cut_off_status=REJECTED rejection_reason=TIMESTAMP_AFTER_CUTOFF
2026-03-28T11:05:16 [CEST] [CLEARING] settlement_id=SETL-0006001471 order_id_ref=ORD-01301471 received_ts_cet=2026-03-28T11:05:16 received_ts_utc_inferred=2026-03-28T09:05:16Z cut_off_status=REJECTED rejection_reason=TIMESTAMP_AFTER_CUTOFF
2026-03-28T11:05:19 [CEST] [CLEARING] settlement_id=SETL-0006001472 order_id_ref=ORD-01301472 received_ts_cet=2026-03-28T11:05:19 received_ts_utc_inferred=2026-03-28T09:05:19Z cut_off_status=WITHIN_WINDOW
2026-03-28T11:05:26 [CEST] [CLEARING] settlement_id=SETL-0006001473 order_id_ref=ORD-01301473 received_ts_cet=2026-03-28T11:05:26 received_ts_utc_inferred=2026-03-28T09:05:26Z cut_off_status=WITHIN_WINDOW
2026-03-28T11:05:32 [CEST] [CLEARING] settlement_id=SETL-0006001474 order_id_ref=ORD-01301474 received_ts_cet=2026-03-28T11:05:32 received_ts_utc_inferred=2026-03-28T09:05:32Z cut_off_status=WITHIN_WINDOW
2026-03-28T11:05:42 [CEST] [CLEARING] settlement_id=SETL-0006001475 order_id_ref=ORD-01301475 received_ts_cet=2026-03-28T11:05:42 received_ts_utc_inferred=2026-03-28T09:05:42Z cut_off_status=WITHIN_WINDOW
2026-03-28T11:05:53 [CEST] [CLEARING] settlement_id=SETL-0006001476 order_id_ref=ORD-01301476 received_ts_cet=2026-03-28T11:05:53 received_ts_utc_inferred=2026-03-28T09:05:53Z cut_off_status=WITHIN_WINDOW
2026-03-28T11:06:05 [CEST] [CLEARING] settlement_id=SETL-0006001477 order_id_ref=ORD-01301477 received_ts_cet=2026-03-28T11:06:05 received_ts_utc_inferred=2026-03-28T09:06:05Z cut_off_status=REJECTED rejection_reason=TIMESTAMP_AFTER_CUTOFF
2026-03-28T11:06:08 [CEST] [CLEARING] settlement_id=SETL-0006001478 order_id_ref=ORD-01301478 received_ts_cet=2026-03-28T11:06:08 received_ts_utc_inferred=2026-03-28T09:06:08Z cut_off_status=WITHIN_WINDOW
2026-03-28T11:06:20 [CEST] [CLEARING] settlement_id=SETL-0006001479 order_id_ref=ORD-01301479 received_ts_cet=2026-03-28T11:06:20 received_ts_utc_inferred=2026-03-28T09:06:20Z cut_off_status=WITHIN_WINDOW
2026-03-28T11:06:23 [CEST] [CLEARING] settlement_id=SETL-0006001480 order_id_ref=ORD-01301480 received_ts_cet=2026-03-28T11:06:23 received_ts_utc_inferred=2026-03-28T09:06:23Z cut_off_status=WITHIN_WINDOW
2026-03-28T11:06:35 [CEST] [CLEARING] settlement_id=SETL-0006001481 order_id_ref=ORD-01301481 received_ts_cet=2026-03-28T11:06:35 received_ts_utc_inferred=2026-03-28T09:06:35Z cut_off_status=WITHIN_WINDOW
2026-03-28T11:06:46 [CEST] [CLEARING] settlement_id=SETL-0006001482 order_id_ref=ORD-01301482 received_ts_cet=2026-03-28T11:06:46 received_ts_utc_inferred=2026-03-28T09:06:46Z cut_off_status=WITHIN_WINDOW
2026-03-28T11:06:54 [CEST] [CLEARING] settlement_id=SETL-0006001483 order_id_ref=ORD-01301483 received_ts_cet=2026-03-28T11:06:54 received_ts_utc_inferred=2026-03-28T09:06:54Z cut_off_status=WITHIN_WINDOW
2026-03-28T11:07:04 [CEST] [CLEARING] settlement_id=SETL-0006001484 order_id_ref=ORD-01301484 received_ts_cet=2026-03-28T11:07:04 received_ts_utc_inferred=2026-03-28T09:07:04Z cut_off_status=WITHIN_WINDOW
2026-03-28T11:07:09 [CEST] [CLEARING] settlement_id=SETL-0006001485 order_id_ref=ORD-01301485 received_ts_cet=2026-03-28T11:07:09 received_ts_utc_inferred=2026-03-28T09:07:09Z cut_off_status=REJECTED rejection_reason=TIMESTAMP_AFTER_CUTOFF
2026-03-28T11:07:15 [CEST] [CLEARING] settlement_id=SETL-0006001486 order_id_ref=ORD-01301486 received_ts_cet=2026-03-28T11:07:15 received_ts_utc_inferred=2026-03-28T09:07:15Z cut_off_status=WITHIN_WINDOW
2026-03-28T11:07:25 [CEST] [CLEARING] settlement_id=SETL-0006001487 order_id_ref=ORD-01301487 received_ts_cet=2026-03-28T11:07:25 received_ts_utc_inferred=2026-03-28T09:07:25Z cut_off_status=REJECTED rejection_reason=TIMESTAMP_AFTER_CUTOFF
2026-03-28T11:07:37 [CEST] [CLEARING] settlement_id=SETL-0006001488 order_id_ref=ORD-01301488 received_ts_cet=2026-03-28T11:07:37 received_ts_utc_inferred=2026-03-28T09:07:37Z cut_off_status=WITHIN_WINDOW
2026-03-28T11:07:42 [CEST] [CLEARING] settlement_id=SETL-0006001489 order_id_ref=ORD-01301489 received_ts_cet=2026-03-28T11:07:42 received_ts_utc_inferred=2026-03-28T09:07:42Z cut_off_status=WITHIN_WINDOW
2026-03-28T11:07:53 [CEST] [CLEARING] settlement_id=SETL-0006001490 order_id_ref=ORD-01301490 received_ts_cet=2026-03-28T11:07:53 received_ts_utc_inferred=2026-03-28T09:07:53Z cut_off_status=WITHIN_WINDOW
2026-03-28T11:08:00 [CEST] [CLEARING] settlement_id=SETL-0006001491 order_id_ref=ORD-01301491 received_ts_cet=2026-03-28T11:08:00 received_ts_utc_inferred=2026-03-28T09:08:00Z cut_off_status=WITHIN_WINDOW
2026-03-28T11:08:10 [CEST] [CLEARING] settlement_id=SETL-0006001492 order_id_ref=ORD-01301492 received_ts_cet=2026-03-28T11:08:10 received_ts_utc_inferred=2026-03-28T09:08:10Z cut_off_status=WITHIN_WINDOW
2026-03-28T11:08:13 [CEST] [CLEARING] settlement_id=SETL-0006001493 order_id_ref=ORD-01301493 received_ts_cet=2026-03-28T11:08:13 received_ts_utc_inferred=2026-03-28T09:08:13Z cut_off_status=WITHIN_WINDOW
2026-03-28T11:08:16 [CEST] [CLEARING] settlement_id=SETL-0006001494 order_id_ref=ORD-01301494 received_ts_cet=2026-03-28T11:08:16 received_ts_utc_inferred=2026-03-28T09:08:16Z cut_off_status=WITHIN_WINDOW
2026-03-28T11:08:28 [CEST] [CLEARING] settlement_id=SETL-0006001495 order_id_ref=ORD-01301495 received_ts_cet=2026-03-28T11:08:28 received_ts_utc_inferred=2026-03-28T09:08:28Z cut_off_status=REJECTED rejection_reason=TIMESTAMP_AFTER_CUTOFF
2026-03-28T11:08:37 [CEST] [CLEARING] settlement_id=SETL-0006001496 order_id_ref=ORD-01301496 received_ts_cet=2026-03-28T11:08:37 received_ts_utc_inferred=2026-03-28T09:08:37Z cut_off_status=WITHIN_WINDOW
2026-03-28T11:08:44 [CEST] [CLEARING] settlement_id=SETL-0006001497 order_id_ref=ORD-01301497 received_ts_cet=2026-03-28T11:08:44 received_ts_utc_inferred=2026-03-28T09:08:44Z cut_off_status=REJECTED rejection_reason=TIMESTAMP_AFTER_CUTOFF
2026-03-28T11:08:50 [CEST] [CLEARING] settlement_id=SETL-0006001498 order_id_ref=ORD-01301498 received_ts_cet=2026-03-28T11:08:50 received_ts_utc_inferred=2026-03-28T09:08:50Z cut_off_status=WITHIN_WINDOW
2026-03-28T11:08:53 [CEST] [CLEARING] settlement_id=SETL-0006001499 order_id_ref=ORD-01301499 received_ts_cet=2026-03-28T11:08:53 received_ts_utc_inferred=2026-03-28T09:08:53Z cut_off_status=WITHIN_WINDOW
2026-03-28T11:09:01 [CEST] [CLEARING] settlement_id=SETL-0006001500 order_id_ref=ORD-01301500 received_ts_cet=2026-03-28T11:09:01 received_ts_utc_inferred=2026-03-28T09:09:01Z cut_off_status=WITHIN_WINDOW
2026-03-28T11:09:07 [CEST] [CLEARING] settlement_id=SETL-0006001501 order_id_ref=ORD-01301501 received_ts_cet=2026-03-28T11:09:07 received_ts_utc_inferred=2026-03-28T09:09:07Z cut_off_status=WITHIN_WINDOW
2026-03-28T11:09:12 [CEST] [CLEARING] settlement_id=SETL-0006001502 order_id_ref=ORD-01301502 received_ts_cet=2026-03-28T11:09:12 received_ts_utc_inferred=2026-03-28T09:09:12Z cut_off_status=REJECTED rejection_reason=TIMESTAMP_AFTER_CUTOFF
2026-03-28T11:09:24 [CEST] [CLEARING] settlement_id=SETL-0006001503 order_id_ref=ORD-01301503 received_ts_cet=2026-03-28T11:09:24 received_ts_utc_inferred=2026-03-28T09:09:24Z cut_off_status=WITHIN_WINDOW
2026-03-28T11:09:31 [CEST] [CLEARING] settlement_id=SETL-0006001504 order_id_ref=ORD-01301504 received_ts_cet=2026-03-28T11:09:31 received_ts_utc_inferred=2026-03-28T09:09:31Z cut_off_status=WITHIN_WINDOW
2026-03-28T11:09:42 [CEST] [CLEARING] settlement_id=SETL-0006001505 order_id_ref=ORD-01301505 received_ts_cet=2026-03-28T11:09:42 received_ts_utc_inferred=2026-03-28T09:09:42Z cut_off_status=WITHIN_WINDOW
2026-03-28T11:09:49 [CEST] [CLEARING] settlement_id=SETL-0006001506 order_id_ref=ORD-01301506 received_ts_cet=2026-03-28T11:09:49 received_ts_utc_inferred=2026-03-28T09:09:49Z cut_off_status=WITHIN_WINDOW
2026-03-28T11:09:53 [CEST] [CLEARING] settlement_id=SETL-0006001507 order_id_ref=ORD-01301507 received_ts_cet=2026-03-28T11:09:53 received_ts_utc_inferred=2026-03-28T09:09:53Z cut_off_status=REJECTED rejection_reason=TIMESTAMP_AFTER_CUTOFF
2026-03-28T11:10:03 [CEST] [CLEARING] settlement_id=SETL-0006001508 order_id_ref=ORD-01301508 received_ts_cet=2026-03-28T11:10:03 received_ts_utc_inferred=2026-03-28T09:10:03Z cut_off_status=REJECTED rejection_reason=TIMESTAMP_AFTER_CUTOFF
2026-03-28T11:10:11 [CEST] [CLEARING] settlement_id=SETL-0006001509 order_id_ref=ORD-01301509 received_ts_cet=2026-03-28T11:10:11 received_ts_utc_inferred=2026-03-28T09:10:11Z cut_off_status=WITHIN_WINDOW
2026-03-28T11:10:21 [CEST] [CLEARING] settlement_id=SETL-0006001510 order_id_ref=ORD-01301510 received_ts_cet=2026-03-28T11:10:21 received_ts_utc_inferred=2026-03-28T09:10:21Z cut_off_status=WITHIN_WINDOW
2026-03-28T11:10:27 [CEST] [CLEARING] settlement_id=SETL-0006001511 order_id_ref=ORD-01301511 received_ts_cet=2026-03-28T11:10:27 received_ts_utc_inferred=2026-03-28T09:10:27Z cut_off_status=WITHIN_WINDOW
2026-03-28T11:10:36 [CEST] [CLEARING] settlement_id=SETL-0006001512 order_id_ref=ORD-01301512 received_ts_cet=2026-03-28T11:10:36 received_ts_utc_inferred=2026-03-28T09:10:36Z cut_off_status=WITHIN_WINDOW
2026-03-28T11:10:41 [CEST] [CLEARING] settlement_id=SETL-0006001513 order_id_ref=ORD-01301513 received_ts_cet=2026-03-28T11:10:41 received_ts_utc_inferred=2026-03-28T09:10:41Z cut_off_status=WITHIN_WINDOW
2026-03-28T11:10:49 [CEST] [CLEARING] settlement_id=SETL-0006001514 order_id_ref=ORD-01301514 received_ts_cet=2026-03-28T11:10:49 received_ts_utc_inferred=2026-03-28T09:10:49Z cut_off_status=WITHIN_WINDOW
2026-03-28T11:10:53 [CEST] [CLEARING] settlement_id=SETL-0006001515 order_id_ref=ORD-01301515 received_ts_cet=2026-03-28T11:10:53 received_ts_utc_inferred=2026-03-28T09:10:53Z cut_off_status=REJECTED rejection_reason=TIMESTAMP_AFTER_CUTOFF
2026-03-28T11:10:59 [CEST] [CLEARING] settlement_id=SETL-0006001516 order_id_ref=ORD-01301516 received_ts_cet=2026-03-28T11:10:59 received_ts_utc_inferred=2026-03-28T09:10:59Z cut_off_status=REJECTED rejection_reason=TIMESTAMP_AFTER_CUTOFF
2026-03-28T11:11:09 [CEST] [CLEARING] settlement_id=SETL-0006001517 order_id_ref=ORD-01301517 received_ts_cet=2026-03-28T11:11:09 received_ts_utc_inferred=2026-03-28T09:11:09Z cut_off_status=REJECTED rejection_reason=TIMESTAMP_AFTER_CUTOFF
2026-03-28T11:11:12 [CEST] [CLEARING] settlement_id=SETL-0006001518 order_id_ref=ORD-01301518 received_ts_cet=2026-03-28T11:11:12 received_ts_utc_inferred=2026-03-28T09:11:12Z cut_off_status=WITHIN_WINDOW
2026-03-28T11:11:22 [CEST] [CLEARING] settlement_id=SETL-0006001519 order_id_ref=ORD-01301519 received_ts_cet=2026-03-28T11:11:22 received_ts_utc_inferred=2026-03-28T09:11:22Z cut_off_status=WITHIN_WINDOW
2026-03-28T11:11:26 [CEST] [CLEARING] settlement_id=SETL-0006001520 order_id_ref=ORD-01301520 received_ts_cet=2026-03-28T11:11:26 received_ts_utc_inferred=2026-03-28T09:11:26Z cut_off_status=WITHIN_WINDOW
2026-03-28T11:11:35 [CEST] [CLEARING] settlement_id=SETL-0006001521 order_id_ref=ORD-01301521 received_ts_cet=2026-03-28T11:11:35 received_ts_utc_inferred=2026-03-28T09:11:35Z cut_off_status=WITHIN_WINDOW
2026-03-28T11:11:44 [CEST] [CLEARING] settlement_id=SETL-0006001522 order_id_ref=ORD-01301522 received_ts_cet=2026-03-28T11:11:44 received_ts_utc_inferred=2026-03-28T09:11:44Z cut_off_status=WITHIN_WINDOW
2026-03-28T11:11:53 [CEST] [CLEARING] settlement_id=SETL-0006001523 order_id_ref=ORD-01301523 received_ts_cet=2026-03-28T11:11:53 received_ts_utc_inferred=2026-03-28T09:11:53Z cut_off_status=WITHIN_WINDOW
2026-03-28T11:11:56 [CEST] [CLEARING] settlement_id=SETL-0006001524 order_id_ref=ORD-01301524 received_ts_cet=2026-03-28T11:11:56 received_ts_utc_inferred=2026-03-28T09:11:56Z cut_off_status=REJECTED rejection_reason=TIMESTAMP_AFTER_CUTOFF
2026-03-28T11:12:05 [CEST] [CLEARING] settlement_id=SETL-0006001525 order_id_ref=ORD-01301525 received_ts_cet=2026-03-28T11:12:05 received_ts_utc_inferred=2026-03-28T09:12:05Z cut_off_status=WITHIN_WINDOW
2026-03-28T11:12:09 [CEST] [CLEARING] settlement_id=SETL-0006001526 order_id_ref=ORD-01301526 received_ts_cet=2026-03-28T11:12:09 received_ts_utc_inferred=2026-03-28T09:12:09Z cut_off_status=WITHIN_WINDOW
2026-03-28T11:12:17 [CEST] [CLEARING] settlement_id=SETL-0006001527 order_id_ref=ORD-01301527 received_ts_cet=2026-03-28T11:12:17 received_ts_utc_inferred=2026-03-28T09:12:17Z cut_off_status=WITHIN_WINDOW
2026-03-28T11:12:22 [CEST] [CLEARING] settlement_id=SETL-0006001528 order_id_ref=ORD-01301528 received_ts_cet=2026-03-28T11:12:22 received_ts_utc_inferred=2026-03-28T09:12:22Z cut_off_status=WITHIN_WINDOW
2026-03-28T11:12:32 [CEST] [CLEARING] settlement_id=SETL-0006001529 order_id_ref=ORD-01301529 received_ts_cet=2026-03-28T11:12:32 received_ts_utc_inferred=2026-03-28T09:12:32Z cut_off_status=REJECTED rejection_reason=TIMESTAMP_AFTER_CUTOFF
2026-03-28T11:12:35 [CEST] [CLEARING] settlement_id=SETL-0006001530 order_id_ref=ORD-01301530 received_ts_cet=2026-03-28T11:12:35 received_ts_utc_inferred=2026-03-28T09:12:35Z cut_off_status=WITHIN_WINDOW
2026-03-28T11:12:45 [CEST] [CLEARING] settlement_id=SETL-0006001531 order_id_ref=ORD-01301531 received_ts_cet=2026-03-28T11:12:45 received_ts_utc_inferred=2026-03-28T09:12:45Z cut_off_status=WITHIN_WINDOW
2026-03-28T11:12:55 [CEST] [CLEARING] settlement_id=SETL-0006001532 order_id_ref=ORD-01301532 received_ts_cet=2026-03-28T11:12:55 received_ts_utc_inferred=2026-03-28T09:12:55Z cut_off_status=WITHIN_WINDOW
2026-03-28T11:13:00 [CEST] [CLEARING] settlement_id=SETL-0006001533 order_id_ref=ORD-01301533 received_ts_cet=2026-03-28T11:13:00 received_ts_utc_inferred=2026-03-28T09:13:00Z cut_off_status=REJECTED rejection_reason=TIMESTAMP_AFTER_CUTOFF
2026-03-28T11:13:05 [CEST] [CLEARING] settlement_id=SETL-0006001534 order_id_ref=ORD-01301534 received_ts_cet=2026-03-28T11:13:05 received_ts_utc_inferred=2026-03-28T09:13:05Z cut_off_status=WITHIN_WINDOW
2026-03-28T11:13:14 [CEST] [CLEARING] settlement_id=SETL-0006001535 order_id_ref=ORD-01301535 received_ts_cet=2026-03-28T11:13:14 received_ts_utc_inferred=2026-03-28T09:13:14Z cut_off_status=WITHIN_WINDOW
2026-03-28T11:13:19 [CEST] [CLEARING] settlement_id=SETL-0006001536 order_id_ref=ORD-01301536 received_ts_cet=2026-03-28T11:13:19 received_ts_utc_inferred=2026-03-28T09:13:19Z cut_off_status=REJECTED rejection_reason=TIMESTAMP_AFTER_CUTOFF
2026-03-28T11:13:22 [CEST] [CLEARING] settlement_id=SETL-0006001537 order_id_ref=ORD-01301537 received_ts_cet=2026-03-28T11:13:22 received_ts_utc_inferred=2026-03-28T09:13:22Z cut_off_status=REJECTED rejection_reason=TIMESTAMP_AFTER_CUTOFF
2026-03-28T11:13:31 [CEST] [CLEARING] settlement_id=SETL-0006001538 order_id_ref=ORD-01301538 received_ts_cet=2026-03-28T11:13:31 received_ts_utc_inferred=2026-03-28T09:13:31Z cut_off_status=WITHIN_WINDOW
2026-03-28T11:13:38 [CEST] [CLEARING] settlement_id=SETL-0006001539 order_id_ref=ORD-01301539 received_ts_cet=2026-03-28T11:13:38 received_ts_utc_inferred=2026-03-28T09:13:38Z cut_off_status=REJECTED rejection_reason=TIMESTAMP_AFTER_CUTOFF
2026-03-28T11:13:47 [CEST] [CLEARING] settlement_id=SETL-0006001540 order_id_ref=ORD-01301540 received_ts_cet=2026-03-28T11:13:47 received_ts_utc_inferred=2026-03-28T09:13:47Z cut_off_status=WITHIN_WINDOW
2026-03-28T11:13:57 [CEST] [CLEARING] settlement_id=SETL-0006001541 order_id_ref=ORD-01301541 received_ts_cet=2026-03-28T11:13:57 received_ts_utc_inferred=2026-03-28T09:13:57Z cut_off_status=WITHIN_WINDOW
2026-03-28T11:14:09 [CEST] [CLEARING] settlement_id=SETL-0006001542 order_id_ref=ORD-01301542 received_ts_cet=2026-03-28T11:14:09 received_ts_utc_inferred=2026-03-28T09:14:09Z cut_off_status=WITHIN_WINDOW
2026-03-28T11:14:13 [CEST] [CLEARING] settlement_id=SETL-0006001543 order_id_ref=ORD-01301543 received_ts_cet=2026-03-28T11:14:13 received_ts_utc_inferred=2026-03-28T09:14:13Z cut_off_status=WITHIN_WINDOW
2026-03-28T11:14:18 [CEST] [CLEARING] settlement_id=SETL-0006001544 order_id_ref=ORD-01301544 received_ts_cet=2026-03-28T11:14:18 received_ts_utc_inferred=2026-03-28T09:14:18Z cut_off_status=WITHIN_WINDOW
2026-03-28T11:14:30 [CEST] [CLEARING] settlement_id=SETL-0006001545 order_id_ref=ORD-01301545 received_ts_cet=2026-03-28T11:14:30 received_ts_utc_inferred=2026-03-28T09:14:30Z cut_off_status=WITHIN_WINDOW
2026-03-28T11:14:40 [CEST] [CLEARING] settlement_id=SETL-0006001546 order_id_ref=ORD-01301546 received_ts_cet=2026-03-28T11:14:40 received_ts_utc_inferred=2026-03-28T09:14:40Z cut_off_status=WITHIN_WINDOW
2026-03-28T11:14:47 [CEST] [CLEARING] settlement_id=SETL-0006001547 order_id_ref=ORD-01301547 received_ts_cet=2026-03-28T11:14:47 received_ts_utc_inferred=2026-03-28T09:14:47Z cut_off_status=REJECTED rejection_reason=TIMESTAMP_AFTER_CUTOFF
2026-03-28T11:14:53 [CEST] [CLEARING] settlement_id=SETL-0006001548 order_id_ref=ORD-01301548 received_ts_cet=2026-03-28T11:14:53 received_ts_utc_inferred=2026-03-28T09:14:53Z cut_off_status=WITHIN_WINDOW

2026-03-28T11:15:00 [CEST] [CLEARING-MONITOR] BATCH_RECON_ALARM total_rejected=2947 rejection_rate=0.315 alarm_utc=2026-03-28T09:15:00Z severity=P1 contact=CLEARING_LEAD

