complaint_id,date,model,lot,failure_mode,outcome,mdr_submitted
CMP-10001,2020-12-10,Nimbus-II-EpiD,LOT-7829-2020,battery_failure,death,Y
CMP-10002,2024-12-18,Nimbus-II-PainPRO,LOT-1182-2024,battery_failure,serious_injury,Y
CMP-10003,2020-11-08,Nimbus-II-Flex,LOT-8711-2020,battery_failure,serious_injury,Y
CMP-10004,2019-04-03,Nimbus-II-PainPRO,LOT-4531-2019,battery_failure,serious_injury,Y
CMP-10005,2021-10-15,Nimbus-II-EMS,LOT-8703-2021,battery_failure,serious_injury,Y
CMP-10006,2020-05-17,Nimbus-II-Flex,LOT-8473-2020,battery_failure,serious_injury,Y
CMP-10007,2019-10-03,Nimbus-Admin,LOT-6365-2019,battery_failure,serious_injury,Y
CMP-10008,2020-10-11,Nimbus-Admin,LOT-8108-2020,battery_failure,no_harm,Y
CMP-10009,2023-05-25,Nimbus-PainPro,LOT-6679-2023,battery_failure,no_harm,Y
CMP-10010,2023-08-06,Nimbus-Admin,LOT-5498-2023,battery_failure,no_harm,N
CMP-10011,2024-09-24,Nimbus-PainPro,LOT-5259-2024,battery_failure,no_harm,N
CMP-10012,2024-05-12,Nimbus-II-EpiD,LOT-5953-2024,battery_failure,no_harm,Y
CMP-10013,2019-08-27,Nimbus-II-EMS,LOT-7052-2019,battery_failure,near_miss,Y
CMP-10014,2020-11-06,Nimbus-Admin,LOT-4834-2020,battery_failure,no_harm,N
CMP-10015,2020-09-12,Nimbus-II-PainPRO,LOT-9593-2020,battery_failure,no_harm,N
CMP-10016,2023-03-01,Nimbus-Admin,LOT-9320-2023,battery_failure,patient_discomfort,N
CMP-10017,2021-03-08,Nimbus-Flex,LOT-9503-2021,battery_failure,no_harm,N
CMP-10018,2019-07-07,Nimbus-II-EMS,LOT-6759-2019,battery_failure,no_harm,N
CMP-10019,2022-05-17,Nimbus-Flex,LOT-7364-2022,battery_failure,patient_discomfort,Y
CMP-10020,2021-12-18,Nimbus-II-Flex,LOT-2052-2021,battery_failure,near_miss,N
CMP-10021,2020-05-07,Nimbus-Admin,LOT-5069-2020,battery_failure,no_harm,Y
CMP-10022,2024-04-14,Nimbus-PainPro,LOT-4952-2024,battery_failure,no_harm,Y
CMP-10023,2021-10-23,Nimbus-II-EpiD,LOT-9542-2021,battery_failure,no_harm,N
CMP-10024,2019-08-01,Nimbus-II-EMS,LOT-9350-2019,battery_failure,patient_discomfort,N
CMP-10025,2022-01-06,Nimbus-II-EpiD,LOT-8824-2022,battery_failure,near_miss,N
CMP-10026,2019-11-14,Nimbus-II-Flex,LOT-2515-2019,battery_failure,near_miss,Y
CMP-10027,2024-11-08,Nimbus-II-Flex,LOT-1202-2024,battery_failure,no_harm,N
CMP-10028,2021-01-16,Nimbus-II-EpiD,LOT-6540-2021,battery_failure,no_harm,Y
CMP-10029,2022-04-08,Nimbus-PainPro,LOT-5680-2022,battery_failure,no_harm,N
CMP-10030,2021-07-28,Nimbus-Admin,LOT-4843-2021,battery_failure,no_harm,Y
CMP-10031,2023-07-14,Nimbus-Admin,LOT-2096-2023,battery_failure,no_harm,N
CMP-10032,2024-02-17,Nimbus-PainPro,LOT-8339-2024,battery_failure,no_harm,N
CMP-10033,2020-04-03,Nimbus-II-EpiD,LOT-8736-2020,battery_failure,patient_discomfort,Y
CMP-10034,2024-07-13,Nimbus-II-EpiD,LOT-7919-2024,battery_failure,no_harm,N
CMP-10035,2022-04-12,Nimbus-II-EpiD,LOT-9925-2022,battery_failure,near_miss,N
CMP-10036,2024-11-28,Nimbus-II-Flex,LOT-1813-2024,battery_failure,patient_discomfort,N
CMP-10037,2022-08-11,Nimbus-II-EpiD,LOT-3034-2022,battery_failure,serious_injury,Y
CMP-10038,2019-05-13,Nimbus-PainPro,LOT-2292-2019,battery_failure,no_harm,Y
CMP-10039,2019-10-11,Nimbus-II-EpiD,LOT-2645-2019,battery_failure,no_harm,Y
CMP-10040,2020-06-11,Nimbus-II-Flex,LOT-3641-2020,battery_failure,no_harm,N
CMP-10041,2020-09-13,Nimbus-PainPro,LOT-5066-2020,battery_failure,no_harm,N
CMP-10042,2022-07-02,Nimbus-PainPro,LOT-3161-2022,battery_failure,near_miss,Y
CMP-10043,2022-07-24,Nimbus-II-EpiD,LOT-2737-2022,battery_failure,no_harm,N
CMP-10044,2021-07-21,Nimbus-PainPro,LOT-3735-2021,battery_failure,no_harm,Y
CMP-10045,2021-12-03,Nimbus-II-Plus,LOT-6396-2021,battery_failure,no_harm,Y
CMP-10046,2021-09-24,Nimbus-Admin,LOT-8002-2021,battery_failure,no_harm,Y
CMP-10047,2021-06-24,Nimbus-II-EMS,LOT-1997-2021,battery_failure,patient_discomfort,N
CMP-10048,2020-02-05,Nimbus-II-Flex,LOT-9900-2020,battery_failure,no_harm,N
CMP-10049,2021-10-26,Nimbus-II-Plus,LOT-7744-2021,battery_failure,near_miss,Y
CMP-10050,2020-09-17,Nimbus-II-PainPRO,LOT-1017-2020,battery_failure,patient_discomfort,Y
CMP-10051,2024-12-24,Nimbus-II-EpiD,LOT-1737-2024,battery_failure,no_harm,N
CMP-10052,2020-08-25,Nimbus-II-Plus,LOT-2459-2020,battery_failure,no_harm,Y
CMP-10053,2022-09-22,Nimbus-II-EpiD,LOT-9491-2022,battery_failure,no_harm,N
CMP-10054,2024-05-13,Nimbus-II-EpiD,LOT-5270-2024,battery_failure,no_harm,Y
CMP-10055,2022-04-19,Nimbus-II-EpiD,LOT-4241-2022,battery_failure,death,Y
CMP-10056,2020-06-26,Nimbus-II-PainPRO,LOT-4789-2020,battery_failure,near_miss,Y
CMP-10057,2024-02-04,Nimbus-II-EpiD,LOT-9357-2024,battery_failure,no_harm,Y
CMP-10058,2024-07-16,Nimbus-II-PainPRO,LOT-8335-2024,battery_failure,no_harm,Y
CMP-10059,2021-04-10,Nimbus-II-Flex,LOT-3208-2021,battery_failure,no_harm,N
CMP-10060,2019-02-13,Nimbus-II-EpiD,LOT-5892-2019,battery_failure,no_harm,Y
CMP-10061,2019-11-19,Nimbus-II-PainPRO,LOT-9104-2019,battery_failure,near_miss,N
CMP-10062,2021-05-08,Nimbus-II-Plus,LOT-2551-2021,battery_failure,no_harm,Y
CMP-10063,2019-12-04,Nimbus-Admin,LOT-9754-2019,battery_failure,no_harm,N
CMP-10064,2023-01-18,Nimbus-II-Flex,LOT-7962-2023,battery_failure,no_harm,N
CMP-10065,2022-08-01,Nimbus-II-EMS,LOT-6949-2022,battery_failure,no_harm,N
CMP-10066,2024-10-14,Nimbus-II-PainPRO,LOT-9372-2024,battery_failure,serious_injury,Y
CMP-10067,2023-10-09,Nimbus-II-EMS,LOT-9959-2023,battery_failure,no_harm,N
CMP-10068,2019-08-07,Nimbus-II-EpiD,LOT-9492-2019,battery_failure,no_harm,Y
CMP-10069,2021-12-09,Nimbus-PainPro,LOT-9734-2021,battery_failure,no_harm,Y
CMP-10070,2021-07-15,Nimbus-II-EpiD,LOT-8044-2021,battery_failure,no_harm,N
CMP-10071,2022-12-10,Nimbus-Flex,LOT-7967-2022,battery_failure,no_harm,N
CMP-10072,2024-04-16,Nimbus-PainPro,LOT-2407-2024,battery_failure,no_harm,N
CMP-10073,2020-01-25,Nimbus-II-EMS,LOT-4395-2020,battery_failure,no_harm,Y
CMP-10074,2021-07-10,Nimbus-PainPro,LOT-1338-2021,battery_failure,no_harm,N
CMP-10075,2023-04-26,Nimbus-PainPro,LOT-5581-2023,battery_failure,no_harm,N
CMP-10076,2024-11-06,Nimbus-PainPro,LOT-6171-2024,battery_failure,no_harm,Y
CMP-10077,2024-11-26,Nimbus-II-EMS,LOT-5896-2024,battery_failure,no_harm,Y
CMP-10078,2020-12-21,Nimbus-Admin,LOT-3606-2020,battery_failure,near_miss,N
CMP-10079,2021-09-07,Nimbus-Flex,LOT-9803-2021,battery_failure,no_harm,Y
CMP-10080,2019-09-27,Nimbus-II-Flex,LOT-6370-2019,battery_failure,near_miss,Y
CMP-10081,2023-08-25,Nimbus-II-Plus,LOT-7677-2023,battery_failure,no_harm,Y
CMP-10082,2022-03-18,Nimbus-II-Plus,LOT-5625-2022,battery_failure,no_harm,N
CMP-10083,2023-03-10,Nimbus-II-EMS,LOT-3963-2023,battery_failure,no_harm,Y
CMP-10084,2024-10-07,Nimbus-Flex,LOT-3598-2024,battery_failure,no_harm,N
CMP-10085,2022-05-08,Nimbus-II-Flex,LOT-9682-2022,battery_failure,no_harm,N
CMP-10086,2024-07-10,Nimbus-II-EpiD,LOT-6252-2024,battery_failure,no_harm,Y
CMP-10087,2019-04-06,Nimbus-PainPro,LOT-7828-2019,battery_failure,no_harm,Y
CMP-10088,2019-09-12,Nimbus-II-EpiD,LOT-5463-2019,battery_failure,no_harm,Y
CMP-10089,2023-02-18,Nimbus-II-Flex,LOT-3861-2023,battery_failure,no_harm,Y
CMP-10090,2024-11-27,Nimbus-II-EpiD,LOT-8384-2024,battery_failure,serious_injury,Y
CMP-10091,2023-03-03,Nimbus-II-Plus,LOT-2631-2023,battery_failure,no_harm,N
CMP-10092,2019-11-12,Nimbus-II-Plus,LOT-1883-2019,battery_failure,no_harm,N
CMP-10093,2020-09-02,Nimbus-II-EpiD,LOT-2276-2020,battery_failure,no_harm,Y
CMP-10094,2022-06-23,Nimbus-II-EpiD,LOT-4174-2022,battery_failure,no_harm,N
CMP-10095,2021-11-05,Nimbus-II-Flex,LOT-7452-2021,battery_failure,no_harm,N
CMP-10096,2022-12-28,Nimbus-Admin,LOT-4262-2022,battery_failure,no_harm,N
CMP-10097,2019-10-26,Nimbus-II-EpiD,LOT-2072-2019,battery_failure,no_harm,Y
CMP-10098,2020-07-19,Nimbus-II-EpiD,LOT-8074-2020,battery_failure,no_harm,N
CMP-10099,2024-07-15,Nimbus-Flex,LOT-8383-2024,battery_failure,patient_discomfort,N
CMP-10100,2024-05-07,Nimbus-II-EpiD,LOT-8422-2024,battery_failure,patient_discomfort,Y
CMP-10101,2021-09-08,Nimbus-II-Flex,LOT-6583-2021,battery_failure,no_harm,Y
CMP-10102,2019-04-09,Nimbus-PainPro,LOT-3171-2019,battery_failure,no_harm,Y
CMP-10103,2019-07-07,Nimbus-PainPro,LOT-3083-2019,battery_failure,near_miss,Y
CMP-10104,2024-04-22,Nimbus-II-EpiD,LOT-7756-2024,battery_failure,no_harm,Y
CMP-10105,2023-05-16,Nimbus-Admin,LOT-9462-2023,battery_failure,near_miss,Y
CMP-10106,2021-02-16,Nimbus-Flex,LOT-3733-2021,battery_failure,no_harm,N
CMP-10107,2024-09-20,Nimbus-II-EpiD,LOT-1058-2024,battery_failure,no_harm,N
CMP-10108,2023-09-27,Nimbus-II-EpiD,LOT-7137-2023,battery_failure,near_miss,Y
CMP-10109,2023-10-02,Nimbus-Flex,LOT-2403-2023,battery_failure,near_miss,N
CMP-10110,2020-03-09,Nimbus-PainPro,LOT-5111-2020,battery_failure,near_miss,N
CMP-10111,2024-10-25,Nimbus-II-EMS,LOT-9684-2024,battery_failure,no_harm,N
CMP-10112,2021-05-20,Nimbus-II-EpiD,LOT-5524-2021,battery_failure,no_harm,Y
CMP-10113,2023-06-01,Nimbus-II-EMS,LOT-2718-2023,battery_failure,no_harm,Y
CMP-10114,2024-02-12,Nimbus-II-EpiD,LOT-7271-2024,battery_failure,patient_discomfort,Y
CMP-10115,2019-11-20,Nimbus-II-PainPRO,LOT-1337-2019,battery_failure,no_harm,N
CMP-10116,2024-02-05,Nimbus-II-PainPRO,LOT-9623-2024,battery_failure,no_harm,N
CMP-10117,2021-01-01,Nimbus-II-EMS,LOT-2094-2021,battery_failure,no_harm,Y
CMP-10118,2024-12-06,Nimbus-II-PainPRO,LOT-6566-2024,battery_failure,no_harm,Y
CMP-10119,2021-08-17,Nimbus-II-PainPRO,LOT-6650-2021,battery_failure,near_miss,Y
CMP-10120,2020-02-06,Nimbus-II-Plus,LOT-7309-2020,battery_failure,near_miss,Y
CMP-10121,2022-07-05,Nimbus-II-EMS,LOT-2130-2022,battery_failure,no_harm,Y
CMP-10122,2022-06-23,Nimbus-II-EpiD,LOT-2317-2022,battery_failure,near_miss,Y
CMP-10123,2019-11-06,Nimbus-II-Flex,LOT-7785-2019,battery_failure,near_miss,N
CMP-10124,2019-02-06,Nimbus-II-EpiD,LOT-4851-2019,battery_failure,near_miss,N
CMP-10125,2019-09-08,Nimbus-Flex,LOT-2598-2019,battery_failure,near_miss,Y
CMP-10126,2021-12-18,Nimbus-II-PainPRO,LOT-9609-2021,battery_failure,no_harm,Y
CMP-10127,2022-02-08,Nimbus-PainPro,LOT-2886-2022,battery_failure,serious_injury,Y
CMP-10128,2021-05-18,Nimbus-II-EpiD,LOT-5183-2021,battery_failure,no_harm,Y
CMP-10129,2021-06-18,Nimbus-II-Plus,LOT-8791-2021,battery_failure,no_harm,Y
CMP-10130,2019-09-03,Nimbus-II-EpiD,LOT-3693-2019,battery_failure,no_harm,N
CMP-10131,2023-07-15,Nimbus-II-EpiD,LOT-4725-2023,battery_failure,no_harm,N
CMP-10132,2019-10-06,Nimbus-PainPro,LOT-3324-2019,battery_failure,patient_discomfort,Y
CMP-10133,2020-01-09,Nimbus-Flex,LOT-5404-2020,battery_failure,no_harm,N
CMP-10134,2023-09-07,Nimbus-II-PainPRO,LOT-2433-2023,battery_failure,no_harm,Y
CMP-10135,2023-04-04,Nimbus-Flex,LOT-9802-2023,battery_failure,no_harm,N
CMP-10136,2019-07-05,Nimbus-Flex,LOT-3109-2019,battery_failure,no_harm,N
CMP-10137,2021-02-13,Nimbus-Flex,LOT-9986-2021,battery_failure,no_harm,Y
CMP-10138,2020-01-15,Nimbus-II-EpiD,LOT-7460-2020,battery_failure,near_miss,N
CMP-10139,2021-09-28,Nimbus-II-EMS,LOT-4530-2021,battery_failure,no_harm,Y
CMP-10140,2020-08-12,Nimbus-Admin,LOT-9863-2020,battery_failure,serious_injury,Y
CMP-10141,2022-12-05,Nimbus-PainPro,LOT-8633-2022,battery_failure,near_miss,N
CMP-10142,2023-07-20,Nimbus-Flex,LOT-1979-2023,battery_failure,serious_injury,Y
CMP-10143,2021-06-21,Nimbus-Admin,LOT-8656-2021,battery_failure,no_harm,N
CMP-10144,2022-03-26,Nimbus-PainPro,LOT-1967-2022,battery_failure,no_harm,N
CMP-10145,2022-06-27,Nimbus-II-PainPRO,LOT-7756-2022,battery_failure,no_harm,N
CMP-10146,2022-09-18,Nimbus-II-EpiD,LOT-6189-2022,battery_failure,no_harm,N
CMP-10147,2022-01-12,Nimbus-II-PainPRO,LOT-5202-2022,battery_failure,death,Y
CMP-10148,2024-11-12,Nimbus-II-PainPRO,LOT-4270-2024,battery_failure,no_harm,N
CMP-10149,2022-12-18,Nimbus-PainPro,LOT-3559-2022,battery_failure,no_harm,Y
CMP-10150,2022-09-27,Nimbus-PainPro,LOT-9485-2022,battery_failure,no_harm,Y
CMP-10151,2021-06-19,Nimbus-II-Plus,LOT-3363-2021,battery_failure,no_harm,Y
CMP-10152,2019-05-24,Nimbus-PainPro,LOT-4801-2019,battery_failure,no_harm,N
CMP-10153,2022-05-06,Nimbus-II-EMS,LOT-2784-2022,battery_failure,near_miss,Y
CMP-10154,2020-07-28,Nimbus-Admin,LOT-7482-2020,battery_failure,no_harm,N
CMP-10155,2022-01-18,Nimbus-PainPro,LOT-4096-2022,battery_failure,no_harm,N
CMP-10156,2021-02-13,Nimbus-II-Flex,LOT-5109-2021,battery_failure,no_harm,N
CMP-10157,2021-11-15,Nimbus-II-EpiD,LOT-1395-2021,battery_failure,no_harm,N
CMP-10158,2023-02-22,Nimbus-II-Flex,LOT-4223-2023,battery_failure,no_harm,Y
CMP-10159,2023-10-06,Nimbus-II-PainPRO,LOT-3467-2023,battery_failure,no_harm,Y
CMP-10160,2022-08-05,Nimbus-Flex,LOT-7109-2022,battery_failure,no_harm,Y
CMP-10161,2024-01-13,Nimbus-II-PainPRO,LOT-8059-2024,battery_failure,near_miss,N
CMP-10162,2022-09-22,Nimbus-II-Plus,LOT-3735-2022,battery_failure,no_harm,N
CMP-10163,2023-02-16,Nimbus-II-Plus,LOT-4612-2023,battery_failure,no_harm,N
CMP-10164,2023-11-18,Nimbus-II-EMS,LOT-5855-2023,battery_failure,no_harm,Y
CMP-10165,2023-08-17,Nimbus-II-Flex,LOT-1641-2023,battery_failure,no_harm,N
CMP-10166,2023-02-18,Nimbus-II-EMS,LOT-5649-2023,battery_failure,no_harm,N
CMP-10167,2021-09-14,Nimbus-II-EMS,LOT-4059-2021,battery_failure,no_harm,Y
CMP-10168,2022-07-01,Nimbus-II-EMS,LOT-2822-2022,battery_failure,near_miss,Y
CMP-10169,2022-07-14,Nimbus-II-EMS,LOT-9864-2022,battery_failure,no_harm,Y
CMP-10170,2021-08-07,Nimbus-II-Flex,LOT-8231-2021,battery_failure,near_miss,Y
CMP-10171,2020-12-02,Nimbus-II-EMS,LOT-5349-2020,battery_failure,no_harm,N
CMP-10172,2021-01-06,Nimbus-Admin,LOT-8047-2021,battery_failure,no_harm,N
CMP-10173,2022-03-27,Nimbus-Flex,LOT-2907-2022,battery_failure,no_harm,Y
CMP-10174,2023-11-05,Nimbus-PainPro,LOT-4692-2023,battery_failure,serious_injury,Y
CMP-10175,2020-10-28,Nimbus-II-Plus,LOT-6209-2020,battery_failure,serious_injury,Y
CMP-10176,2022-01-16,Nimbus-II-EpiD,LOT-8193-2022,battery_failure,no_harm,N
CMP-10177,2024-07-06,Nimbus-PainPro,LOT-7610-2024,battery_failure,no_harm,Y
CMP-10178,2021-12-12,Nimbus-Flex,LOT-9858-2021,battery_failure,no_harm,N
CMP-10179,2023-09-24,Nimbus-II-EMS,LOT-3993-2023,battery_failure,serious_injury,Y
CMP-10180,2024-05-15,Nimbus-II-EpiD,LOT-2826-2024,battery_failure,no_harm,N
CMP-10181,2021-09-07,Nimbus-II-PainPRO,LOT-4067-2021,battery_failure,no_harm,N
CMP-10182,2022-04-18,Nimbus-II-PainPRO,LOT-6958-2022,battery_failure,no_harm,N
CMP-10183,2020-12-07,Nimbus-II-Flex,LOT-2437-2020,battery_failure,no_harm,Y
CMP-10184,2021-03-02,Nimbus-II-PainPRO,LOT-7645-2021,battery_failure,no_harm,Y
CMP-10185,2022-06-12,Nimbus-II-EMS,LOT-6611-2022,battery_failure,no_harm,Y
CMP-10186,2020-02-03,Nimbus-II-Flex,LOT-9362-2020,battery_failure,no_harm,Y
CMP-10187,2022-05-24,Nimbus-Flex,LOT-9794-2022,battery_failure,no_harm,Y
CMP-10188,2024-05-07,Nimbus-Admin,LOT-7022-2024,battery_failure,no_harm,Y
CMP-10189,2022-12-16,Nimbus-II-Plus,LOT-9552-2022,battery_failure,patient_discomfort,Y
CMP-10190,2021-07-17,Nimbus-II-Plus,LOT-8418-2021,battery_failure,patient_discomfort,N
CMP-10191,2020-10-03,Nimbus-PainPro,LOT-5486-2020,battery_failure,no_harm,N
CMP-10192,2021-10-15,Nimbus-II-EpiD,LOT-3737-2021,battery_failure,patient_discomfort,Y
CMP-10193,2022-12-28,Nimbus-Admin,LOT-5010-2022,battery_failure,no_harm,Y
CMP-10194,2021-05-26,Nimbus-II-EMS,LOT-4623-2021,battery_failure,near_miss,Y
CMP-10195,2020-09-11,Nimbus-II-EMS,LOT-9872-2020,battery_failure,no_harm,N
CMP-10196,2022-12-05,Nimbus-II-PainPRO,LOT-6393-2022,battery_failure,near_miss,N
CMP-10197,2022-05-13,Nimbus-II-Plus,LOT-3981-2022,battery_failure,no_harm,Y
CMP-10198,2024-11-10,Nimbus-II-Flex,LOT-2520-2024,battery_failure,no_harm,N
CMP-10199,2022-02-16,Nimbus-II-Flex,LOT-5063-2022,battery_failure,no_harm,Y
CMP-10200,2022-11-05,Nimbus-II-Plus,LOT-6240-2022,battery_failure,no_harm,N
CMP-10201,2021-08-19,Nimbus-II-PainPRO,LOT-3877-2021,battery_failure,near_miss,N
CMP-10202,2022-03-21,Nimbus-II-Flex,LOT-5795-2022,battery_failure,no_harm,Y
CMP-10203,2020-10-24,Nimbus-II-EpiD,LOT-4731-2020,battery_failure,no_harm,Y
CMP-10204,2023-11-16,Nimbus-II-Plus,LOT-1260-2023,battery_failure,no_harm,Y
CMP-10205,2024-09-17,Nimbus-II-PainPRO,LOT-8419-2024,battery_failure,patient_discomfort,N
CMP-10206,2020-09-28,Nimbus-II-EpiD,LOT-7855-2020,battery_failure,near_miss,N
CMP-10207,2024-05-28,Nimbus-II-PainPRO,LOT-1674-2024,battery_failure,patient_discomfort,Y
CMP-10208,2020-10-18,Nimbus-Admin,LOT-2031-2020,battery_failure,near_miss,N
CMP-10209,2022-06-03,Nimbus-II-EMS,LOT-8129-2022,battery_failure,no_harm,Y
CMP-10210,2020-08-19,Nimbus-PainPro,LOT-6458-2020,battery_failure,no_harm,Y
CMP-10211,2024-08-07,Nimbus-Flex,LOT-1339-2024,battery_failure,no_harm,Y
CMP-10212,2021-12-15,Nimbus-Flex,LOT-1277-2021,battery_failure,no_harm,N
CMP-10213,2020-09-10,Nimbus-II-EMS,LOT-1223-2020,battery_failure,no_harm,N
CMP-10214,2020-12-22,Nimbus-II-Flex,LOT-4737-2020,battery_failure,no_harm,Y
CMP-10215,2022-07-28,Nimbus-II-Flex,LOT-3542-2022,battery_failure,patient_discomfort,N
CMP-10216,2019-01-02,Nimbus-PainPro,LOT-2268-2019,battery_failure,no_harm,Y
CMP-10217,2021-04-06,Nimbus-II-EMS,LOT-3540-2021,battery_failure,no_harm,N
CMP-10218,2021-03-20,Nimbus-Admin,LOT-7215-2021,battery_failure,no_harm,Y
CMP-10219,2022-03-23,Nimbus-Flex,LOT-8015-2022,battery_failure,patient_discomfort,N
CMP-10220,2024-04-11,Nimbus-II-EpiD,LOT-9911-2024,battery_failure,serious_injury,Y
CMP-10221,2019-03-10,Nimbus-II-EMS,LOT-4574-2019,battery_failure,no_harm,N
CMP-10222,2020-09-25,Nimbus-II-PainPRO,LOT-6653-2020,battery_failure,near_miss,N
CMP-10223,2021-02-25,Nimbus-PainPro,LOT-6243-2021,battery_failure,near_miss,N
CMP-10224,2020-09-16,Nimbus-Admin,LOT-5703-2020,battery_failure,no_harm,N
CMP-10225,2022-03-10,Nimbus-II-EMS,LOT-8775-2022,battery_failure,no_harm,Y
CMP-10226,2021-02-04,Nimbus-Admin,LOT-4250-2021,battery_failure,no_harm,Y
CMP-10227,2024-12-10,Nimbus-PainPro,LOT-5049-2024,battery_failure,near_miss,Y
CMP-10228,2020-01-11,Nimbus-II-EMS,LOT-5711-2020,battery_failure,no_harm,Y
CMP-10229,2020-07-02,Nimbus-II-EpiD,LOT-3396-2020,battery_failure,patient_discomfort,Y
CMP-10230,2019-08-24,Nimbus-II-Plus,LOT-6795-2019,battery_failure,no_harm,N
CMP-10231,2022-03-12,Nimbus-Admin,LOT-5705-2022,battery_failure,no_harm,Y
CMP-10232,2023-09-23,Nimbus-PainPro,LOT-5020-2023,battery_failure,no_harm,Y
CMP-10233,2023-11-23,Nimbus-PainPro,LOT-8066-2023,battery_failure,near_miss,N
CMP-10234,2019-06-08,Nimbus-II-EpiD,LOT-1713-2019,battery_failure,no_harm,N
CMP-10235,2023-09-04,Nimbus-II-EpiD,LOT-1451-2023,battery_failure,patient_discomfort,N
CMP-10236,2021-06-05,Nimbus-II-Plus,LOT-2631-2021,battery_failure,no_harm,Y
CMP-10237,2020-02-18,Nimbus-II-Flex,LOT-8908-2020,battery_failure,no_harm,Y
CMP-10238,2020-03-22,Nimbus-Admin,LOT-8343-2020,battery_failure,no_harm,N
CMP-10239,2019-12-09,Nimbus-II-PainPRO,LOT-4032-2019,battery_failure,no_harm,N
CMP-10240,2023-05-03,Nimbus-Admin,LOT-2155-2023,battery_failure,death,Y
CMP-10241,2023-04-01,Nimbus-PainPro,LOT-9720-2023,battery_failure,no_harm,Y
CMP-10242,2023-11-28,Nimbus-II-Flex,LOT-3190-2023,battery_failure,no_harm,Y
CMP-10243,2019-07-16,Nimbus-II-EMS,LOT-3851-2019,battery_failure,no_harm,N
CMP-10244,2021-08-05,Nimbus-II-PainPRO,LOT-2456-2021,battery_failure,near_miss,Y
CMP-10245,2021-04-16,Nimbus-II-Flex,LOT-1343-2021,battery_failure,no_harm,Y
CMP-10246,2022-11-05,Nimbus-II-EMS,LOT-6335-2022,battery_failure,near_miss,Y
CMP-10247,2023-07-05,Nimbus-II-EpiD,LOT-6445-2023,battery_failure,patient_discomfort,N
CMP-10248,2021-12-20,Nimbus-II-Plus,LOT-2833-2021,battery_failure,serious_injury,Y
CMP-10249,2021-01-13,Nimbus-II-Plus,LOT-7283-2021,battery_failure,no_harm,N
CMP-10250,2019-07-04,Nimbus-Flex,LOT-5745-2019,battery_failure,near_miss,Y
CMP-10251,2023-06-12,Nimbus-II-PainPRO,LOT-1114-2023,battery_failure,no_harm,N
CMP-10252,2019-11-14,Nimbus-II-Plus,LOT-5345-2019,battery_failure,no_harm,Y
CMP-10253,2019-03-14,Nimbus-II-EpiD,LOT-6886-2019,battery_failure,no_harm,Y
CMP-10254,2023-09-21,Nimbus-II-PainPRO,LOT-8442-2023,battery_failure,patient_discomfort,N
CMP-10255,2021-03-03,Nimbus-Admin,LOT-9919-2021,battery_failure,no_harm,Y
CMP-10256,2022-01-05,Nimbus-Admin,LOT-9053-2022,battery_failure,no_harm,N
CMP-10257,2023-10-15,Nimbus-II-EMS,LOT-1079-2023,battery_failure,no_harm,N
CMP-10258,2021-04-15,Nimbus-PainPro,LOT-3068-2021,battery_failure,serious_injury,Y
CMP-10259,2020-12-15,Nimbus-II-PainPRO,LOT-1015-2020,battery_failure,no_harm,Y
CMP-10260,2019-09-04,Nimbus-II-Flex,LOT-2784-2019,battery_failure,serious_injury,Y
CMP-10261,2024-11-14,Nimbus-Admin,LOT-7589-2024,battery_failure,no_harm,Y
CMP-10262,2020-05-13,Nimbus-II-PainPRO,LOT-5526-2020,battery_failure,no_harm,Y
CMP-10263,2024-12-23,Nimbus-PainPro,LOT-9198-2024,battery_failure,no_harm,Y
CMP-10264,2024-02-14,Nimbus-II-EpiD,LOT-1079-2024,battery_failure,no_harm,N
CMP-10265,2021-11-03,Nimbus-II-Plus,LOT-5744-2021,battery_failure,near_miss,N
CMP-10266,2022-04-25,Nimbus-PainPro,LOT-4901-2022,battery_failure,no_harm,Y
CMP-10267,2021-05-10,Nimbus-II-Flex,LOT-8436-2021,battery_failure,serious_injury,Y
CMP-10268,2021-11-20,Nimbus-II-EMS,LOT-4929-2021,battery_failure,near_miss,Y
CMP-10269,2023-09-16,Nimbus-Flex,LOT-5683-2023,battery_failure,no_harm,Y
CMP-10270,2022-09-06,Nimbus-II-EpiD,LOT-4702-2022,battery_failure,no_harm,Y
CMP-10271,2021-06-24,Nimbus-II-PainPRO,LOT-5912-2021,battery_failure,no_harm,Y
CMP-10272,2022-12-13,Nimbus-II-EpiD,LOT-9404-2022,battery_failure,near_miss,N
CMP-10273,2020-09-05,Nimbus-PainPro,LOT-5514-2020,battery_failure,near_miss,Y
CMP-10274,2019-06-02,Nimbus-II-Plus,LOT-4881-2019,battery_failure,near_miss,N
CMP-10275,2022-01-14,Nimbus-Admin,LOT-4915-2022,battery_failure,no_harm,N
CMP-10276,2022-03-09,Nimbus-II-EMS,LOT-4896-2022,battery_failure,no_harm,Y
CMP-10277,2019-01-25,Nimbus-PainPro,LOT-9234-2019,battery_failure,no_harm,Y
CMP-10278,2024-05-09,Nimbus-II-EpiD,LOT-8411-2024,battery_failure,near_miss,Y
CMP-10279,2021-05-08,Nimbus-PainPro,LOT-2845-2021,battery_failure,no_harm,N
CMP-10280,2023-04-10,Nimbus-II-EMS,LOT-9205-2023,battery_failure,no_harm,N
CMP-10281,2021-03-21,Nimbus-II-PainPRO,LOT-6799-2021,battery_failure,serious_injury,Y
CMP-10282,2023-10-28,Nimbus-II-Plus,LOT-4739-2023,battery_failure,no_harm,N
CMP-10283,2023-01-27,Nimbus-II-Plus,LOT-5671-2023,battery_failure,serious_injury,Y
CMP-10284,2019-05-17,Nimbus-II-Plus,LOT-3389-2019,battery_failure,near_miss,Y
CMP-10285,2023-03-24,Nimbus-II-EMS,LOT-8416-2023,battery_failure,near_miss,Y
CMP-10286,2019-05-25,Nimbus-PainPro,LOT-6043-2019,battery_failure,near_miss,Y
CMP-10287,2023-10-05,Nimbus-II-Plus,LOT-6140-2023,battery_failure,no_harm,Y
CMP-10288,2020-01-05,Nimbus-Flex,LOT-3706-2020,battery_failure,no_harm,N
CMP-10289,2021-02-21,Nimbus-II-Plus,LOT-2478-2021,battery_failure,no_harm,N
CMP-10290,2021-11-13,Nimbus-PainPro,LOT-2651-2021,battery_failure,no_harm,Y
CMP-10291,2023-03-06,Nimbus-PainPro,LOT-2186-2023,battery_failure,patient_discomfort,Y
CMP-10292,2020-07-24,Nimbus-Admin,LOT-7555-2020,battery_failure,no_harm,N
CMP-10293,2023-09-05,Nimbus-II-Plus,LOT-1875-2023,battery_failure,no_harm,N
CMP-10294,2019-06-09,Nimbus-II-Flex,LOT-2030-2019,battery_failure,no_harm,N
CMP-10295,2024-06-25,Nimbus-II-EpiD,LOT-6355-2024,battery_failure,near_miss,N
CMP-10296,2020-08-21,Nimbus-II-Flex,LOT-1041-2020,battery_failure,no_harm,N
CMP-10297,2020-08-25,Nimbus-II-EMS,LOT-5747-2020,battery_failure,no_harm,Y
CMP-10298,2019-04-05,Nimbus-Flex,LOT-9840-2019,battery_failure,no_harm,Y
CMP-10299,2024-12-21,Nimbus-II-EpiD,LOT-2333-2024,battery_failure,no_harm,Y
CMP-10300,2020-11-28,Nimbus-II-EpiD,LOT-9133-2020,battery_failure,no_harm,Y
CMP-10301,2023-04-09,Nimbus-Admin,LOT-5450-2023,battery_failure,no_harm,N
CMP-10302,2021-09-11,Nimbus-II-PainPRO,LOT-4536-2021,battery_failure,no_harm,N
CMP-10303,2020-04-06,Nimbus-II-Flex,LOT-9277-2020,battery_failure,no_harm,Y
CMP-10304,2021-04-20,Nimbus-II-Plus,LOT-9033-2021,battery_failure,no_harm,Y
CMP-10305,2024-06-24,Nimbus-Admin,LOT-3845-2024,battery_failure,no_harm,Y
CMP-10306,2019-02-28,Nimbus-PainPro,LOT-7680-2019,battery_failure,near_miss,N
CMP-10307,2020-06-15,Nimbus-II-Plus,LOT-5266-2020,battery_failure,near_miss,Y
CMP-10308,2022-12-12,Nimbus-Flex,LOT-1726-2022,battery_failure,no_harm,Y
CMP-10309,2020-05-05,Nimbus-II-EMS,LOT-7158-2020,battery_failure,no_harm,N
CMP-10310,2023-06-16,Nimbus-Admin,LOT-6002-2023,battery_failure,no_harm,N
CMP-10311,2022-08-07,Nimbus-II-Flex,LOT-9501-2022,battery_failure,no_harm,N
CMP-10312,2020-11-23,Nimbus-II-EpiD,LOT-7036-2020,battery_failure,no_harm,Y
CMP-10313,2024-12-13,Nimbus-II-EMS,LOT-6100-2024,battery_failure,no_harm,N
CMP-10314,2020-04-24,Nimbus-II-EMS,LOT-8742-2020,battery_failure,patient_discomfort,N
CMP-10315,2022-05-26,Nimbus-II-Flex,LOT-2535-2022,battery_failure,no_harm,Y
CMP-10316,2023-01-14,Nimbus-Flex,LOT-3893-2023,battery_failure,no_harm,Y
CMP-10317,2019-01-03,Nimbus-II-PainPRO,LOT-6867-2019,battery_failure,no_harm,N
CMP-10318,2021-03-03,Nimbus-Flex,LOT-9976-2021,battery_failure,no_harm,N
CMP-10319,2024-06-22,Nimbus-II-EpiD,LOT-7632-2024,battery_failure,no_harm,N
CMP-10320,2019-11-22,Nimbus-PainPro,LOT-7280-2019,battery_failure,no_harm,N
CMP-10321,2024-05-02,Nimbus-II-EpiD,LOT-1975-2024,battery_failure,no_harm,N
CMP-10322,2022-02-10,Nimbus-II-EpiD,LOT-7908-2022,battery_failure,no_harm,N
CMP-10323,2020-12-02,Nimbus-Flex,LOT-5584-2020,battery_failure,no_harm,N
CMP-10324,2022-02-05,Nimbus-Flex,LOT-6915-2022,battery_failure,near_miss,N
CMP-10325,2022-10-14,Nimbus-Admin,LOT-7366-2022,battery_failure,patient_discomfort,N
CMP-10326,2023-09-13,Nimbus-Admin,LOT-7642-2023,battery_failure,near_miss,N
CMP-10327,2019-12-20,Nimbus-II-Plus,LOT-6309-2019,battery_failure,near_miss,N
CMP-10328,2023-09-05,Nimbus-Flex,LOT-8006-2023,battery_failure,serious_injury,Y
CMP-10329,2020-10-11,Nimbus-Admin,LOT-3860-2020,battery_failure,no_harm,N
CMP-10330,2023-07-12,Nimbus-II-EMS,LOT-6756-2023,battery_failure,no_harm,N
CMP-10331,2024-01-27,Nimbus-II-Flex,LOT-6951-2024,battery_failure,patient_discomfort,Y
CMP-10332,2024-09-09,Nimbus-PainPro,LOT-1837-2024,battery_failure,no_harm,Y
CMP-10333,2024-08-19,Nimbus-II-EpiD,LOT-1356-2024,battery_failure,no_harm,Y
CMP-10334,2019-11-16,Nimbus-II-EMS,LOT-1005-2019,battery_failure,no_harm,N
CMP-10335,2022-02-04,Nimbus-PainPro,LOT-1864-2022,battery_failure,no_harm,N
CMP-10336,2023-08-19,Nimbus-II-Plus,LOT-5031-2023,battery_failure,death,Y
CMP-10337,2023-03-27,Nimbus-II-EpiD,LOT-2939-2023,battery_failure,no_harm,Y
CMP-10338,2023-05-28,Nimbus-II-Plus,LOT-7515-2023,battery_failure,near_miss,Y
CMP-10339,2021-03-14,Nimbus-Flex,LOT-6893-2021,battery_failure,no_harm,Y
CMP-10340,2024-11-17,Nimbus-Flex,LOT-9760-2024,battery_failure,no_harm,N
CMP-10341,2020-10-19,Nimbus-II-EMS,LOT-9159-2020,battery_failure,no_harm,Y
CMP-10342,2019-08-09,Nimbus-II-EMS,LOT-3060-2019,battery_failure,no_harm,Y
CMP-10343,2021-12-23,Nimbus-II-PainPRO,LOT-3413-2021,battery_failure,no_harm,N
CMP-10344,2022-10-28,Nimbus-II-Plus,LOT-1034-2022,battery_failure,serious_injury,Y
CMP-10345,2020-09-13,Nimbus-II-Plus,LOT-1434-2020,battery_failure,patient_discomfort,N
CMP-10346,2024-01-22,Nimbus-II-Plus,LOT-1352-2024,battery_failure,no_harm,N
CMP-10347,2024-05-20,Nimbus-Admin,LOT-6115-2024,battery_failure,near_miss,Y
CMP-10348,2023-09-16,Nimbus-II-EpiD,LOT-9127-2023,battery_failure,no_harm,N
CMP-10349,2021-08-06,Nimbus-II-Flex,LOT-8800-2021,battery_failure,no_harm,Y
CMP-10350,2021-06-24,Nimbus-II-Flex,LOT-9722-2021,battery_failure,no_harm,Y
CMP-10351,2021-10-28,Nimbus-II-Flex,LOT-4273-2021,battery_failure,near_miss,N
CMP-10352,2020-09-27,Nimbus-II-EpiD,LOT-8187-2020,battery_failure,no_harm,Y
CMP-10353,2022-06-03,Nimbus-Admin,LOT-7652-2022,battery_failure,near_miss,N
CMP-10354,2024-02-25,Nimbus-II-Flex,LOT-3882-2024,battery_failure,no_harm,N
CMP-10355,2022-08-07,Nimbus-II-PainPRO,LOT-8560-2022,battery_failure,near_miss,N
CMP-10356,2021-12-03,Nimbus-II-EMS,LOT-2658-2021,battery_failure,no_harm,Y
CMP-10357,2019-07-17,Nimbus-PainPro,LOT-5909-2019,battery_failure,no_harm,Y
CMP-10358,2020-10-25,Nimbus-PainPro,LOT-5969-2020,battery_failure,near_miss,N
CMP-10359,2020-06-16,Nimbus-II-Plus,LOT-8700-2020,battery_failure,no_harm,N
CMP-10360,2019-10-20,Nimbus-II-EpiD,LOT-1857-2019,battery_failure,serious_injury,Y
CMP-10361,2021-07-20,Nimbus-Flex,LOT-9985-2021,battery_failure,near_miss,Y
CMP-10362,2020-01-12,Nimbus-II-EMS,LOT-5225-2020,battery_failure,no_harm,Y
CMP-10363,2021-08-10,Nimbus-II-EpiD,LOT-4771-2021,battery_failure,no_harm,N
CMP-10364,2019-04-26,Nimbus-Flex,LOT-8767-2019,battery_failure,no_harm,Y
CMP-10365,2022-07-19,Nimbus-Flex,LOT-7015-2022,battery_failure,patient_discomfort,Y
CMP-10366,2019-04-25,Nimbus-PainPro,LOT-2075-2019,battery_failure,no_harm,Y
CMP-10367,2023-04-02,Nimbus-Admin,LOT-9830-2023,battery_failure,no_harm,Y
CMP-10368,2023-02-09,Nimbus-II-EpiD,LOT-7260-2023,battery_failure,no_harm,N
CMP-10369,2019-03-08,Nimbus-Admin,LOT-8352-2019,battery_failure,near_miss,N
CMP-10370,2021-08-17,Nimbus-II-Flex,LOT-2068-2021,battery_failure,no_harm,Y
CMP-10371,2021-08-10,Nimbus-PainPro,LOT-1635-2021,battery_failure,no_harm,Y
CMP-10372,2022-10-17,Nimbus-II-PainPRO,LOT-3414-2022,battery_failure,no_harm,N
CMP-10373,2021-05-27,Nimbus-II-EMS,LOT-4278-2021,battery_failure,no_harm,N
CMP-10374,2021-10-16,Nimbus-Admin,LOT-5295-2021,battery_failure,no_harm,N
CMP-10375,2021-03-22,Nimbus-II-Plus,LOT-4994-2021,battery_failure,no_harm,N
CMP-10376,2023-08-03,Nimbus-Flex,LOT-6062-2023,battery_failure,near_miss,Y
CMP-10377,2019-06-15,Nimbus-Admin,LOT-2279-2019,battery_failure,no_harm,N
CMP-10378,2021-02-24,Nimbus-II-EMS,LOT-9024-2021,battery_failure,near_miss,N
CMP-10379,2021-06-18,Nimbus-II-Plus,LOT-5334-2021,battery_failure,no_harm,Y
CMP-10380,2022-02-20,Nimbus-II-Flex,LOT-1133-2022,battery_failure,near_miss,N
CMP-10381,2022-10-11,Nimbus-II-Flex,LOT-2288-2022,battery_failure,no_harm,Y
CMP-10382,2019-01-17,Nimbus-PainPro,LOT-4991-2019,battery_failure,no_harm,N
CMP-10383,2020-04-09,Nimbus-II-EpiD,LOT-3077-2020,battery_failure,no_harm,N
CMP-10384,2024-06-20,Nimbus-II-EpiD,LOT-2140-2024,battery_failure,no_harm,Y
CMP-10385,2021-07-03,Nimbus-II-EMS,LOT-9075-2021,battery_failure,no_harm,N
CMP-10386,2024-11-10,Nimbus-Flex,LOT-5176-2024,battery_failure,no_harm,Y
CMP-10387,2023-12-02,Nimbus-II-Flex,LOT-9269-2023,battery_failure,no_harm,Y
CMP-10388,2019-12-19,Nimbus-Flex,LOT-6730-2019,battery_failure,near_miss,N
CMP-10389,2023-07-11,Nimbus-II-EMS,LOT-9042-2023,battery_failure,no_harm,N
CMP-10390,2020-08-08,Nimbus-Admin,LOT-3472-2020,battery_failure,no_harm,Y
CMP-10391,2021-06-13,Nimbus-II-EMS,LOT-2740-2021,battery_failure,no_harm,N
CMP-10392,2023-07-22,Nimbus-Flex,LOT-3967-2023,battery_failure,no_harm,Y
CMP-10393,2020-05-26,Nimbus-II-EpiD,LOT-7635-2020,battery_failure,no_harm,N
CMP-10394,2021-02-22,Nimbus-II-EpiD,LOT-2803-2021,battery_failure,no_harm,Y
CMP-10395,2022-05-22,Nimbus-II-EpiD,LOT-6073-2022,battery_failure,no_harm,Y
CMP-10396,2021-02-14,Nimbus-PainPro,LOT-1060-2021,battery_failure,no_harm,N
CMP-10397,2024-06-07,Nimbus-Flex,LOT-5871-2024,battery_failure,no_harm,Y
CMP-10398,2023-01-23,Nimbus-II-EpiD,LOT-6739-2023,battery_failure,no_harm,N
CMP-10399,2024-04-06,Nimbus-II-EMS,LOT-7057-2024,battery_failure,no_harm,Y
CMP-10400,2020-07-04,Nimbus-Flex,LOT-6465-2020,battery_failure,near_miss,N
CMP-10401,2022-02-10,Nimbus-PainPro,LOT-3713-2022,battery_failure,serious_injury,Y
CMP-10402,2020-04-23,Nimbus-Admin,LOT-8929-2020,battery_failure,no_harm,Y
CMP-10403,2019-10-15,Nimbus-II-PainPRO,LOT-9849-2019,battery_failure,no_harm,Y
CMP-10404,2023-08-27,Nimbus-II-EpiD,LOT-8910-2023,battery_failure,no_harm,Y
CMP-10405,2023-11-20,Nimbus-Flex,LOT-8002-2023,battery_failure,no_harm,N
CMP-10406,2019-11-17,Nimbus-Flex,LOT-8695-2019,battery_failure,no_harm,Y
CMP-10407,2019-01-24,Nimbus-Flex,LOT-8772-2019,battery_failure,no_harm,Y
CMP-10408,2022-03-08,Nimbus-Admin,LOT-6986-2022,battery_failure,no_harm,N
CMP-10409,2021-05-25,Nimbus-II-EpiD,LOT-8808-2021,battery_failure,near_miss,Y
CMP-10410,2021-04-06,Nimbus-II-Flex,LOT-6049-2021,battery_failure,no_harm,N
CMP-10411,2024-01-13,Nimbus-II-PainPRO,LOT-6454-2024,battery_failure,near_miss,Y
CMP-10412,2021-10-01,Nimbus-II-EpiD,LOT-4441-2021,battery_failure,serious_injury,Y
CMP-10413,2023-02-16,Nimbus-II-PainPRO,LOT-2091-2023,battery_failure,no_harm,Y
CMP-10414,2021-12-03,Nimbus-II-Flex,LOT-4256-2021,battery_failure,no_harm,Y
CMP-10415,2024-10-20,Nimbus-II-EpiD,LOT-2244-2024,battery_failure,near_miss,N
CMP-10416,2024-11-11,Nimbus-Admin,LOT-7575-2024,battery_failure,no_harm,Y
CMP-10417,2022-01-25,Nimbus-PainPro,LOT-5025-2022,battery_failure,no_harm,Y
CMP-10418,2021-10-03,Nimbus-II-PainPRO,LOT-7191-2021,battery_failure,no_harm,Y
CMP-10419,2020-11-19,Nimbus-Flex,LOT-7151-2020,battery_failure,serious_injury,Y
CMP-10420,2022-10-16,Nimbus-II-Plus,LOT-2855-2022,battery_failure,no_harm,N
CMP-10421,2022-11-01,Nimbus-II-EpiD,LOT-6530-2022,battery_failure,no_harm,N
CMP-10422,2021-10-07,Nimbus-II-PainPRO,LOT-9788-2021,battery_failure,no_harm,Y
CMP-10423,2019-02-04,Nimbus-II-EMS,LOT-3035-2019,battery_failure,no_harm,N
CMP-10424,2020-03-09,Nimbus-II-PainPRO,LOT-5188-2020,battery_failure,no_harm,N
CMP-10425,2020-01-18,Nimbus-II-PainPRO,LOT-9052-2020,battery_failure,near_miss,N
CMP-10426,2022-08-27,Nimbus-PainPro,LOT-9425-2022,battery_failure,near_miss,Y
CMP-10427,2023-12-08,Nimbus-PainPro,LOT-3531-2023,battery_failure,no_harm,Y
CMP-10428,2019-11-26,Nimbus-Admin,LOT-5590-2019,battery_failure,patient_discomfort,Y
CMP-10429,2022-09-15,Nimbus-Flex,LOT-1114-2022,battery_failure,no_harm,N
CMP-10430,2024-12-20,Nimbus-Flex,LOT-3739-2024,battery_failure,no_harm,Y
CMP-10431,2024-04-11,Nimbus-II-Plus,LOT-9305-2024,battery_failure,no_harm,Y
CMP-10432,2020-06-10,Nimbus-II-EpiD,LOT-4266-2020,battery_failure,patient_discomfort,N
CMP-10433,2019-10-14,Nimbus-Flex,LOT-5948-2019,battery_failure,near_miss,N
CMP-10434,2020-12-02,Nimbus-II-PainPRO,LOT-4394-2020,battery_failure,no_harm,Y
CMP-10435,2021-10-11,Nimbus-II-Plus,LOT-1394-2021,battery_failure,no_harm,Y
CMP-10436,2019-11-17,Nimbus-Admin,LOT-7937-2019,battery_failure,no_harm,Y
CMP-10437,2021-04-02,Nimbus-PainPro,LOT-6265-2021,battery_failure,serious_injury,Y
CMP-10438,2020-08-26,Nimbus-II-EpiD,LOT-9657-2020,battery_failure,no_harm,Y
CMP-10439,2020-09-11,Nimbus-PainPro,LOT-5380-2020,battery_failure,no_harm,N
CMP-10440,2020-10-15,Nimbus-II-EpiD,LOT-8057-2020,battery_failure,no_harm,Y
CMP-10441,2022-08-13,Nimbus-II-Flex,LOT-3087-2022,battery_failure,patient_discomfort,N
CMP-10442,2019-11-24,Nimbus-PainPro,LOT-1776-2019,battery_failure,no_harm,Y
CMP-10443,2023-08-12,Nimbus-Flex,LOT-7553-2023,battery_failure,no_harm,Y
CMP-10444,2022-09-21,Nimbus-Flex,LOT-3058-2022,battery_failure,no_harm,Y
CMP-10445,2023-05-03,Nimbus-II-PainPRO,LOT-8841-2023,battery_failure,no_harm,N
CMP-10446,2023-04-08,Nimbus-II-Flex,LOT-1097-2023,battery_failure,no_harm,Y
CMP-10447,2023-07-26,Nimbus-PainPro,LOT-7488-2023,battery_failure,no_harm,Y
CMP-10448,2021-12-01,Nimbus-II-EpiD,LOT-9417-2021,battery_failure,no_harm,Y
CMP-10449,2023-12-07,Nimbus-Admin,LOT-4493-2023,battery_failure,near_miss,N
CMP-10450,2024-03-10,Nimbus-II-EMS,LOT-3937-2024,battery_failure,no_harm,Y
CMP-10451,2024-02-27,Nimbus-II-Flex,LOT-3074-2024,battery_failure,serious_injury,Y
CMP-10452,2023-10-12,Nimbus-II-Flex,LOT-2771-2023,battery_failure,no_harm,N
CMP-10453,2022-06-17,Nimbus-II-Flex,LOT-6992-2022,battery_failure,patient_discomfort,Y
CMP-10454,2019-10-28,Nimbus-Admin,LOT-5158-2019,battery_failure,no_harm,N
CMP-10455,2024-10-02,Nimbus-Admin,LOT-8342-2024,battery_failure,no_harm,N
CMP-10456,2021-04-12,Nimbus-PainPro,LOT-2409-2021,battery_failure,near_miss,N
CMP-10457,2024-11-02,Nimbus-II-Plus,LOT-7938-2024,battery_failure,no_harm,Y
CMP-10458,2022-10-18,Nimbus-II-EMS,LOT-3764-2022,battery_failure,no_harm,Y
CMP-10459,2022-09-02,Nimbus-Flex,LOT-9062-2022,battery_failure,near_miss,Y
CMP-10460,2023-08-13,Nimbus-II-Flex,LOT-3943-2023,battery_failure,serious_injury,Y
CMP-10461,2023-11-19,Nimbus-PainPro,LOT-5362-2023,battery_failure,no_harm,Y
CMP-10462,2022-05-25,Nimbus-II-EpiD,LOT-3916-2022,battery_failure,no_harm,N
CMP-10463,2021-11-17,Nimbus-Admin,LOT-5271-2021,battery_failure,near_miss,N
CMP-10464,2024-11-07,Nimbus-Admin,LOT-2599-2024,battery_failure,no_harm,N
CMP-10465,2021-02-12,Nimbus-II-PainPRO,LOT-3373-2021,battery_failure,no_harm,Y
CMP-10466,2021-06-19,Nimbus-II-PainPRO,LOT-6901-2021,battery_failure,no_harm,N
CMP-10467,2022-01-25,Nimbus-II-EpiD,LOT-8041-2022,battery_failure,no_harm,Y
CMP-10468,2021-03-20,Nimbus-II-PainPRO,LOT-1174-2021,battery_failure,no_harm,N
CMP-10469,2021-01-23,Nimbus-II-PainPRO,LOT-2635-2021,battery_failure,no_harm,Y
CMP-10470,2020-12-06,Nimbus-Admin,LOT-7474-2020,battery_failure,no_harm,Y
CMP-10471,2020-02-09,Nimbus-PainPro,LOT-9048-2020,battery_failure,near_miss,Y
CMP-10472,2024-09-26,Nimbus-II-PainPRO,LOT-3878-2024,battery_failure,near_miss,Y
CMP-10473,2023-04-27,Nimbus-II-EpiD,LOT-7001-2023,battery_failure,patient_discomfort,N
CMP-10474,2024-02-04,Nimbus-PainPro,LOT-3419-2024,battery_failure,serious_injury,Y
CMP-10475,2021-04-22,Nimbus-II-Plus,LOT-7022-2021,battery_failure,no_harm,Y
CMP-10476,2019-08-18,Nimbus-II-Flex,LOT-7880-2019,battery_failure,serious_injury,Y
CMP-10477,2023-10-24,Nimbus-II-PainPRO,LOT-4743-2023,battery_failure,no_harm,N
CMP-10478,2019-08-20,Nimbus-II-EpiD,LOT-5866-2019,battery_failure,no_harm,Y
CMP-10479,2023-02-20,Nimbus-II-EpiD,LOT-1132-2023,battery_failure,no_harm,N
CMP-10480,2021-06-11,Nimbus-Admin,LOT-7519-2021,battery_failure,no_harm,Y
CMP-10481,2022-02-09,Nimbus-II-EpiD,LOT-7657-2022,battery_failure,near_miss,N
CMP-10482,2020-12-12,Nimbus-II-Flex,LOT-1053-2020,battery_failure,no_harm,Y
CMP-10483,2020-12-11,Nimbus-Admin,LOT-1622-2020,battery_failure,no_harm,Y
CMP-10484,2020-04-09,Nimbus-PainPro,LOT-5668-2020,battery_failure,no_harm,N
CMP-10485,2020-06-21,Nimbus-Admin,LOT-6201-2020,battery_failure,no_harm,Y
CMP-10486,2020-02-07,Nimbus-Admin,LOT-8612-2020,battery_failure,no_harm,Y
CMP-10487,2020-06-18,Nimbus-PainPro,LOT-4714-2020,battery_failure,no_harm,Y
CMP-10488,2019-05-14,Nimbus-II-Plus,LOT-6851-2019,battery_failure,no_harm,N
CMP-10489,2021-09-19,Nimbus-II-EpiD,LOT-1052-2021,battery_failure,serious_injury,Y
CMP-10490,2021-06-22,Nimbus-PainPro,LOT-6187-2021,battery_failure,no_harm,N
CMP-10491,2024-07-21,Nimbus-Admin,LOT-9870-2024,battery_failure,near_miss,Y
CMP-10492,2023-02-22,Nimbus-Admin,LOT-9814-2023,battery_failure,no_harm,Y
CMP-10493,2021-08-10,Nimbus-Admin,LOT-1185-2021,battery_failure,no_harm,Y
CMP-10494,2023-11-25,Nimbus-II-Plus,LOT-1633-2023,battery_failure,no_harm,Y
CMP-10495,2023-02-22,Nimbus-II-EMS,LOT-9300-2023,battery_failure,no_harm,Y
CMP-10496,2021-04-01,Nimbus-II-Flex,LOT-4859-2021,battery_failure,no_harm,N
CMP-10497,2024-01-08,Nimbus-PainPro,LOT-3920-2024,battery_failure,no_harm,N
CMP-10498,2019-05-08,Nimbus-II-EMS,LOT-2058-2019,battery_failure,near_miss,Y
CMP-10499,2021-03-21,Nimbus-II-EpiD,LOT-2224-2021,battery_failure,no_harm,Y
CMP-10500,2019-05-17,Nimbus-II-EMS,LOT-5013-2019,battery_failure,no_harm,Y
CMP-10501,2024-08-03,Nimbus-II-EMS,LOT-5121-2024,battery_failure,no_harm,N
CMP-10502,2023-09-15,Nimbus-II-Plus,LOT-1325-2023,battery_failure,patient_discomfort,N
CMP-10503,2020-04-01,Nimbus-II-Plus,LOT-8458-2020,battery_failure,serious_injury,Y
CMP-10504,2021-03-15,Nimbus-II-EpiD,LOT-1690-2021,battery_failure,no_harm,Y
CMP-10505,2024-05-13,Nimbus-Admin,LOT-5842-2024,battery_failure,no_harm,N
CMP-10506,2024-03-04,Nimbus-II-PainPRO,LOT-3223-2024,battery_failure,no_harm,N
CMP-10507,2021-07-27,Nimbus-PainPro,LOT-5326-2021,battery_failure,no_harm,N
CMP-10508,2020-12-21,Nimbus-II-Plus,LOT-5838-2020,battery_failure,no_harm,N
CMP-10509,2022-11-09,Nimbus-II-PainPRO,LOT-1172-2022,battery_failure,no_harm,Y
CMP-10510,2024-12-04,Nimbus-II-EpiD,LOT-1749-2024,battery_failure,serious_injury,Y
CMP-10511,2024-08-02,Nimbus-Admin,LOT-4338-2024,battery_failure,no_harm,N
CMP-10512,2021-09-17,Nimbus-Admin,LOT-6284-2021,battery_failure,near_miss,N
CMP-10513,2023-07-28,Nimbus-II-EpiD,LOT-9875-2023,battery_failure,patient_discomfort,Y
CMP-10514,2020-08-04,Nimbus-II-PainPRO,LOT-2002-2020,battery_failure,no_harm,N
CMP-10515,2024-04-02,Nimbus-II-EMS,LOT-7596-2024,battery_failure,no_harm,N
CMP-10516,2021-10-12,Nimbus-II-PainPRO,LOT-8673-2021,battery_failure,no_harm,N
CMP-10517,2023-11-22,Nimbus-PainPro,LOT-9472-2023,battery_failure,no_harm,N
CMP-10518,2020-07-01,Nimbus-PainPro,LOT-3446-2020,battery_failure,no_harm,Y
CMP-10519,2020-12-02,Nimbus-II-Flex,LOT-3254-2020,battery_failure,serious_injury,Y
CMP-10520,2019-02-24,Nimbus-II-EpiD,LOT-3747-2019,battery_failure,no_harm,Y
CMP-10521,2022-01-13,Nimbus-II-EpiD,LOT-1342-2022,battery_failure,patient_discomfort,N
CMP-10522,2024-05-03,Nimbus-II-Plus,LOT-7521-2024,battery_failure,near_miss,Y
CMP-10523,2023-06-26,Nimbus-II-PainPRO,LOT-8652-2023,battery_failure,no_harm,N
CMP-10524,2024-02-17,Nimbus-II-PainPRO,LOT-8175-2024,battery_failure,near_miss,N
CMP-10525,2024-01-12,Nimbus-II-Flex,LOT-9680-2024,battery_failure,patient_discomfort,N
CMP-10526,2024-01-05,Nimbus-II-Flex,LOT-6546-2024,battery_failure,no_harm,Y
CMP-10527,2023-03-04,Nimbus-Admin,LOT-9310-2023,battery_failure,no_harm,Y
CMP-10528,2023-07-12,Nimbus-II-PainPRO,LOT-9978-2023,battery_failure,near_miss,Y
CMP-10529,2020-02-06,Nimbus-II-EpiD,LOT-4692-2020,battery_failure,patient_discomfort,Y
CMP-10530,2022-09-08,Nimbus-II-Flex,LOT-3865-2022,battery_failure,no_harm,Y
CMP-10531,2022-11-12,Nimbus-II-PainPRO,LOT-5425-2022,battery_failure,patient_discomfort,Y
CMP-10532,2023-11-18,Nimbus-II-Plus,LOT-3132-2023,battery_failure,no_harm,Y
CMP-10533,2020-05-03,Nimbus-II-Flex,LOT-4141-2020,battery_failure,no_harm,N
CMP-10534,2019-05-20,Nimbus-PainPro,LOT-4327-2019,battery_failure,near_miss,Y
CMP-10535,2024-11-21,Nimbus-Flex,LOT-3025-2024,battery_failure,patient_discomfort,Y
CMP-10536,2020-06-01,Nimbus-II-EpiD,LOT-8648-2020,battery_failure,no_harm,Y
CMP-10537,2024-06-13,Nimbus-II-PainPRO,LOT-3396-2024,battery_failure,no_harm,Y
CMP-10538,2020-04-25,Nimbus-II-Plus,LOT-4084-2020,battery_failure,no_harm,Y
CMP-10539,2020-10-16,Nimbus-Admin,LOT-9660-2020,battery_failure,no_harm,N
CMP-10540,2022-02-25,Nimbus-Admin,LOT-7553-2022,battery_failure,no_harm,Y
CMP-10541,2024-10-17,Nimbus-II-PainPRO,LOT-7810-2024,battery_failure,near_miss,Y
CMP-10542,2022-07-10,Nimbus-II-Plus,LOT-7468-2022,battery_failure,no_harm,Y
CMP-10543,2023-06-08,Nimbus-II-EMS,LOT-8635-2023,battery_failure,no_harm,N
CMP-10544,2021-03-22,Nimbus-II-Flex,LOT-8848-2021,battery_failure,no_harm,Y
CMP-10545,2024-12-12,Nimbus-Flex,LOT-2905-2024,battery_failure,no_harm,N
CMP-10546,2022-11-23,Nimbus-II-EpiD,LOT-7460-2022,battery_failure,no_harm,Y
CMP-10547,2020-03-21,Nimbus-II-EMS,LOT-7389-2020,battery_failure,no_harm,N
CMP-10548,2019-01-06,Nimbus-II-PainPRO,LOT-9430-2019,battery_failure,no_harm,N
CMP-10549,2024-03-19,Nimbus-Admin,LOT-8320-2024,battery_failure,patient_discomfort,N
CMP-10550,2021-08-14,Nimbus-II-EMS,LOT-3935-2021,battery_failure,no_harm,Y
CMP-10551,2021-07-17,Nimbus-Flex,LOT-5683-2021,battery_failure,no_harm,N
CMP-10552,2020-08-07,Nimbus-Admin,LOT-4541-2020,battery_failure,no_harm,N
CMP-10553,2022-06-21,Nimbus-II-EMS,LOT-4248-2022,battery_failure,patient_discomfort,Y
CMP-10554,2021-04-11,Nimbus-Admin,LOT-9018-2021,battery_failure,no_harm,Y
CMP-10555,2024-04-05,Nimbus-II-EMS,LOT-8752-2024,battery_failure,patient_discomfort,N
CMP-10556,2020-12-08,Nimbus-II-EMS,LOT-5940-2020,battery_failure,no_harm,N
CMP-10557,2021-12-11,Nimbus-II-Flex,LOT-2062-2021,battery_failure,no_harm,N
CMP-10558,2022-04-19,Nimbus-Flex,LOT-1749-2022,battery_failure,near_miss,N
CMP-10559,2020-06-11,Nimbus-PainPro,LOT-8652-2020,battery_failure,near_miss,N
CMP-10560,2019-06-01,Nimbus-PainPro,LOT-4230-2019,battery_failure,no_harm,Y
CMP-10561,2020-11-09,Nimbus-PainPro,LOT-7214-2020,battery_failure,no_harm,Y
CMP-10562,2020-09-08,Nimbus-II-EpiD,LOT-2808-2020,battery_failure,no_harm,N
CMP-10563,2022-10-16,Nimbus-II-Flex,LOT-7998-2022,battery_failure,serious_injury,Y
CMP-10564,2021-05-19,Nimbus-II-EpiD,LOT-4190-2021,battery_failure,no_harm,N
CMP-10565,2023-05-16,Nimbus-II-EMS,LOT-8980-2023,battery_failure,no_harm,Y
CMP-10566,2022-08-18,Nimbus-II-EpiD,LOT-1813-2022,battery_failure,serious_injury,Y
CMP-10567,2022-02-27,Nimbus-Admin,LOT-1193-2022,battery_failure,no_harm,Y
CMP-10568,2021-11-28,Nimbus-Admin,LOT-3242-2021,battery_failure,no_harm,N
CMP-10569,2023-12-25,Nimbus-II-EMS,LOT-7568-2023,battery_failure,no_harm,N
CMP-10570,2019-09-27,Nimbus-PainPro,LOT-6748-2019,battery_failure,no_harm,N
CMP-10571,2023-09-14,Nimbus-PainPro,LOT-4536-2023,battery_failure,no_harm,Y
CMP-10572,2022-10-08,Nimbus-II-Flex,LOT-1339-2022,battery_failure,no_harm,Y
CMP-10573,2024-09-16,Nimbus-PainPro,LOT-7862-2024,battery_failure,no_harm,Y
CMP-10574,2023-04-13,Nimbus-II-EMS,LOT-1274-2023,battery_failure,no_harm,N
CMP-10575,2021-03-02,Nimbus-II-EpiD,LOT-8865-2021,battery_failure,no_harm,Y
CMP-10576,2021-04-04,Nimbus-II-EpiD,LOT-7878-2021,battery_failure,no_harm,N
CMP-10577,2021-07-19,Nimbus-II-PainPRO,LOT-6236-2021,battery_failure,no_harm,N
CMP-10578,2019-09-22,Nimbus-II-EMS,LOT-4379-2019,battery_failure,no_harm,N
CMP-10579,2023-02-11,Nimbus-Flex,LOT-1988-2023,battery_failure,near_miss,Y
CMP-10580,2021-06-12,Nimbus-Flex,LOT-7734-2021,battery_failure,near_miss,N
CMP-10581,2024-06-07,Nimbus-PainPro,LOT-2060-2024,battery_failure,no_harm,Y
CMP-10582,2020-03-07,Nimbus-II-Flex,LOT-2065-2020,battery_failure,no_harm,N
CMP-10583,2023-11-06,Nimbus-II-Plus,LOT-1841-2023,battery_failure,near_miss,Y
CMP-10584,2021-06-07,Nimbus-Admin,LOT-3440-2021,battery_failure,near_miss,Y
CMP-10585,2024-05-25,Nimbus-II-Plus,LOT-7147-2024,battery_failure,no_harm,Y
CMP-10586,2019-02-10,Nimbus-Admin,LOT-5247-2019,battery_failure,near_miss,Y
CMP-10587,2023-09-23,Nimbus-II-EMS,LOT-4906-2023,battery_failure,near_miss,Y
CMP-10588,2020-08-16,Nimbus-II-EpiD,LOT-9070-2020,battery_failure,patient_discomfort,Y
CMP-10589,2020-05-23,Nimbus-II-EpiD,LOT-4035-2020,battery_failure,patient_discomfort,Y
CMP-10590,2023-07-09,Nimbus-II-PainPRO,LOT-2225-2023,battery_failure,no_harm,N
CMP-10591,2023-09-26,Nimbus-Admin,LOT-9736-2023,battery_failure,no_harm,N
CMP-10592,2020-09-21,Nimbus-II-Flex,LOT-6327-2020,battery_failure,near_miss,N
CMP-10593,2020-01-22,Nimbus-PainPro,LOT-3017-2020,battery_failure,no_harm,N
CMP-10594,2021-05-06,Nimbus-II-Flex,LOT-1953-2021,battery_failure,no_harm,N
CMP-10595,2022-04-08,Nimbus-PainPro,LOT-4675-2022,battery_failure,no_harm,N
CMP-10596,2020-05-25,Nimbus-II-EpiD,LOT-1555-2020,battery_failure,no_harm,Y
CMP-10597,2023-01-11,Nimbus-Admin,LOT-6387-2023,battery_failure,no_harm,N
CMP-10598,2022-11-17,Nimbus-II-PainPRO,LOT-1744-2022,battery_failure,no_harm,Y
CMP-10599,2022-03-15,Nimbus-PainPro,LOT-7511-2022,battery_failure,no_harm,N
CMP-10600,2021-01-11,Nimbus-Admin,LOT-8546-2021,battery_failure,no_harm,Y
CMP-10601,2021-02-08,Nimbus-Flex,LOT-8907-2021,battery_failure,serious_injury,Y
CMP-10602,2024-04-19,Nimbus-II-EMS,LOT-2700-2024,battery_failure,no_harm,N
CMP-10603,2019-05-06,Nimbus-II-Plus,LOT-2318-2019,battery_failure,no_harm,N
CMP-10604,2022-06-01,Nimbus-II-Plus,LOT-9254-2022,battery_failure,no_harm,Y
CMP-10605,2022-04-27,Nimbus-II-Flex,LOT-6960-2022,battery_failure,no_harm,Y
CMP-10606,2019-01-23,Nimbus-II-EpiD,LOT-2479-2019,battery_failure,no_harm,Y
CMP-10607,2019-04-12,Nimbus-Flex,LOT-4113-2019,battery_failure,no_harm,Y
CMP-10608,2020-06-09,Nimbus-II-Plus,LOT-1252-2020,battery_failure,no_harm,N
CMP-10609,2020-08-26,Nimbus-II-EMS,LOT-4880-2020,battery_failure,near_miss,N
CMP-10610,2022-08-02,Nimbus-Admin,LOT-9098-2022,battery_failure,no_harm,Y
CMP-10611,2024-04-24,Nimbus-II-PainPRO,LOT-3621-2024,battery_failure,no_harm,Y
CMP-10612,2020-07-12,Nimbus-II-PainPRO,LOT-8296-2020,battery_failure,no_harm,Y
CMP-10613,2021-02-17,Nimbus-II-Plus,LOT-6550-2021,battery_failure,no_harm,Y
CMP-10614,2021-05-08,Nimbus-II-EMS,LOT-9018-2021,battery_failure,near_miss,Y
CMP-10615,2021-12-05,Nimbus-II-Flex,LOT-7787-2021,battery_failure,no_harm,Y
CMP-10616,2021-07-01,Nimbus-PainPro,LOT-8715-2021,battery_failure,no_harm,Y
CMP-10617,2019-10-01,Nimbus-II-PainPRO,LOT-1704-2019,battery_failure,no_harm,Y
CMP-10618,2021-02-18,Nimbus-II-Plus,LOT-2713-2021,battery_failure,near_miss,N
CMP-10619,2022-01-26,Nimbus-Admin,LOT-6496-2022,battery_failure,no_harm,N
CMP-10620,2020-10-25,Nimbus-II-Plus,LOT-4760-2020,battery_failure,near_miss,N
CMP-10621,2020-02-08,Nimbus-II-Flex,LOT-6559-2020,battery_failure,no_harm,Y
CMP-10622,2023-09-09,Nimbus-II-EpiD,LOT-8571-2023,battery_failure,no_harm,N
CMP-10623,2023-04-13,Nimbus-PainPro,LOT-3886-2023,battery_failure,no_harm,N
CMP-10624,2021-01-01,Nimbus-II-EMS,LOT-2340-2021,battery_failure,patient_discomfort,N
CMP-10625,2024-12-14,Nimbus-Admin,LOT-5722-2024,battery_failure,patient_discomfort,N
CMP-10626,2019-04-10,Nimbus-Admin,LOT-8765-2019,battery_failure,patient_discomfort,N
CMP-10627,2022-10-26,Nimbus-II-PainPRO,LOT-9586-2022,battery_failure,death,Y
CMP-10628,2022-12-21,Nimbus-II-PainPRO,LOT-4121-2022,battery_failure,no_harm,Y
CMP-10629,2021-12-04,Nimbus-II-PainPRO,LOT-7622-2021,battery_failure,no_harm,N
CMP-10630,2024-06-25,Nimbus-II-PainPRO,LOT-9301-2024,battery_failure,near_miss,Y
CMP-10631,2022-04-24,Nimbus-II-PainPRO,LOT-2525-2022,battery_failure,near_miss,N
CMP-10632,2020-10-19,Nimbus-II-Plus,LOT-2449-2020,battery_failure,no_harm,Y
CMP-10633,2019-07-12,Nimbus-Admin,LOT-1864-2019,battery_failure,no_harm,Y
CMP-10634,2019-03-20,Nimbus-II-Plus,LOT-7379-2019,battery_failure,no_harm,Y
CMP-10635,2021-09-17,Nimbus-II-PainPRO,LOT-6119-2021,battery_failure,serious_injury,Y
CMP-10636,2023-05-05,Nimbus-II-EpiD,LOT-7160-2023,battery_failure,no_harm,Y
CMP-10637,2024-03-14,Nimbus-Admin,LOT-2113-2024,battery_failure,patient_discomfort,N
CMP-10638,2019-07-25,Nimbus-II-Plus,LOT-2779-2019,battery_failure,no_harm,Y
CMP-10639,2021-03-20,Nimbus-PainPro,LOT-3733-2021,battery_failure,serious_injury,Y
CMP-10640,2019-10-14,Nimbus-II-Flex,LOT-8894-2019,battery_failure,no_harm,Y
CMP-10641,2022-11-25,Nimbus-Admin,LOT-9852-2022,battery_failure,no_harm,N
CMP-10642,2023-06-24,Nimbus-II-Flex,LOT-6343-2023,battery_failure,no_harm,Y
CMP-10643,2023-07-25,Nimbus-II-PainPRO,LOT-1220-2023,battery_failure,no_harm,Y
CMP-10644,2019-11-20,Nimbus-II-PainPRO,LOT-3176-2019,battery_failure,no_harm,Y
CMP-10645,2019-12-22,Nimbus-II-Plus,LOT-6850-2019,battery_failure,no_harm,Y
CMP-10646,2021-09-07,Nimbus-Flex,LOT-3474-2021,battery_failure,no_harm,Y
CMP-10647,2021-05-19,Nimbus-II-EMS,LOT-8292-2021,battery_failure,no_harm,N
CMP-10648,2020-11-02,Nimbus-PainPro,LOT-1606-2020,battery_failure,patient_discomfort,N
CMP-10649,2022-12-25,Nimbus-PainPro,LOT-2962-2022,battery_failure,no_harm,Y
CMP-10650,2023-06-14,Nimbus-II-PainPRO,LOT-4608-2023,battery_failure,serious_injury,Y
CMP-10651,2020-08-28,Nimbus-II-Plus,LOT-1616-2020,battery_failure,no_harm,Y
CMP-10652,2019-04-04,Nimbus-II-EMS,LOT-8123-2019,battery_failure,near_miss,N
CMP-10653,2019-07-02,Nimbus-Admin,LOT-1649-2019,battery_failure,no_harm,Y
CMP-10654,2024-01-10,Nimbus-II-EpiD,LOT-2456-2024,battery_failure,serious_injury,Y
CMP-10655,2019-05-04,Nimbus-PainPro,LOT-4850-2019,battery_failure,no_harm,N
CMP-10656,2020-02-17,Nimbus-II-PainPRO,LOT-8984-2020,battery_failure,no_harm,Y
CMP-10657,2023-02-10,Nimbus-II-EMS,LOT-8954-2023,battery_failure,no_harm,Y
CMP-10658,2020-11-19,Nimbus-PainPro,LOT-5531-2020,battery_failure,near_miss,Y
CMP-10659,2023-10-26,Nimbus-II-PainPRO,LOT-4252-2023,battery_failure,near_miss,N
CMP-10660,2024-03-16,Nimbus-II-EMS,LOT-9711-2024,battery_failure,near_miss,Y
CMP-10661,2021-12-20,Nimbus-II-PainPRO,LOT-3091-2021,battery_failure,no_harm,Y
CMP-10662,2019-10-02,Nimbus-II-Plus,LOT-7526-2019,battery_failure,no_harm,N
CMP-10663,2021-05-05,Nimbus-II-Plus,LOT-6143-2021,battery_failure,patient_discomfort,Y
CMP-10664,2022-02-10,Nimbus-Flex,LOT-9549-2022,battery_failure,no_harm,Y
CMP-10665,2023-08-26,Nimbus-Admin,LOT-4559-2023,battery_failure,no_harm,Y
CMP-10666,2024-05-19,Nimbus-Flex,LOT-3117-2024,battery_failure,near_miss,N
CMP-10667,2022-02-22,Nimbus-II-Plus,LOT-2221-2022,battery_failure,no_harm,Y
CMP-10668,2021-05-06,Nimbus-Flex,LOT-5712-2021,battery_failure,no_harm,Y
CMP-10669,2023-09-08,Nimbus-Admin,LOT-6045-2023,battery_failure,no_harm,Y
CMP-10670,2024-05-10,Nimbus-Admin,LOT-4697-2024,battery_failure,no_harm,Y
CMP-10671,2024-09-09,Nimbus-PainPro,LOT-4813-2024,battery_failure,no_harm,N
CMP-10672,2023-04-09,Nimbus-II-EpiD,LOT-4178-2023,battery_failure,no_harm,N
CMP-10673,2024-06-04,Nimbus-PainPro,LOT-5012-2024,battery_failure,patient_discomfort,Y
CMP-10674,2021-05-11,Nimbus-Flex,LOT-4012-2021,battery_failure,no_harm,Y
CMP-10675,2024-08-24,Nimbus-PainPro,LOT-6380-2024,battery_failure,no_harm,Y
CMP-10676,2023-01-06,Nimbus-II-EpiD,LOT-4824-2023,battery_failure,no_harm,Y
CMP-10677,2020-08-21,Nimbus-PainPro,LOT-1428-2020,battery_failure,no_harm,Y
CMP-10678,2019-01-16,Nimbus-II-Plus,LOT-3517-2019,battery_failure,no_harm,Y
CMP-10679,2024-09-16,Nimbus-II-EpiD,LOT-6165-2024,battery_failure,serious_injury,Y
CMP-10680,2023-03-19,Nimbus-Flex,LOT-1171-2023,battery_failure,no_harm,Y
CMP-10681,2021-11-23,Nimbus-II-Plus,LOT-9233-2021,battery_failure,no_harm,Y
CMP-10682,2022-12-24,Nimbus-II-PainPRO,LOT-2958-2022,battery_failure,no_harm,N
CMP-10683,2021-01-15,Nimbus-Admin,LOT-7835-2021,battery_failure,no_harm,N
CMP-10684,2022-11-07,Nimbus-Flex,LOT-1071-2022,battery_failure,no_harm,N
CMP-10685,2024-07-26,Nimbus-II-Flex,LOT-4928-2024,battery_failure,no_harm,Y
CMP-10686,2022-07-27,Nimbus-II-PainPRO,LOT-1231-2022,battery_failure,no_harm,Y
CMP-10687,2021-07-03,Nimbus-Flex,LOT-6613-2021,battery_failure,no_harm,Y
CMP-10688,2020-01-13,Nimbus-II-PainPRO,LOT-2327-2020,battery_failure,no_harm,Y
CMP-10689,2023-01-15,Nimbus-Flex,LOT-4317-2023,battery_failure,serious_injury,Y
CMP-10690,2021-07-10,Nimbus-II-Plus,LOT-7836-2021,battery_failure,patient_discomfort,Y
CMP-10691,2021-05-22,Nimbus-II-EMS,LOT-2026-2021,battery_failure,no_harm,Y
CMP-10692,2022-05-07,Nimbus-PainPro,LOT-1739-2022,battery_failure,no_harm,N
CMP-10693,2023-12-27,Nimbus-Flex,LOT-7518-2023,battery_failure,patient_discomfort,N
CMP-10694,2022-10-28,Nimbus-II-Plus,LOT-7038-2022,battery_failure,near_miss,N
CMP-10695,2020-10-24,Nimbus-Flex,LOT-6793-2020,battery_failure,no_harm,N
CMP-10696,2022-05-10,Nimbus-II-EMS,LOT-8282-2022,battery_failure,no_harm,N
CMP-10697,2023-10-20,Nimbus-II-Plus,LOT-1323-2023,battery_failure,no_harm,Y
CMP-10698,2024-09-12,Nimbus-II-Plus,LOT-7106-2024,battery_failure,no_harm,Y
CMP-10699,2020-05-03,Nimbus-PainPro,LOT-3774-2020,battery_failure,near_miss,Y
CMP-10700,2019-11-21,Nimbus-Flex,LOT-7899-2019,battery_failure,no_harm,N
CMP-10701,2021-05-22,Nimbus-II-Flex,LOT-9958-2021,battery_failure,serious_injury,Y
CMP-10702,2020-09-21,Nimbus-II-EMS,LOT-8305-2020,battery_failure,near_miss,N
CMP-10703,2022-11-19,Nimbus-II-PainPRO,LOT-1641-2022,battery_failure,patient_discomfort,N
CMP-10704,2024-12-10,Nimbus-II-Flex,LOT-1634-2024,battery_failure,no_harm,Y
CMP-10705,2023-01-15,Nimbus-II-EMS,LOT-1972-2023,battery_failure,no_harm,Y
CMP-10706,2020-04-02,Nimbus-II-Plus,LOT-1997-2020,battery_failure,near_miss,N
CMP-10707,2022-08-03,Nimbus-Admin,LOT-3934-2022,battery_failure,no_harm,N
CMP-10708,2023-01-26,Nimbus-PainPro,LOT-2818-2023,battery_failure,no_harm,N
CMP-10709,2020-06-10,Nimbus-II-EpiD,LOT-6250-2020,battery_failure,no_harm,N
CMP-10710,2021-03-28,Nimbus-PainPro,LOT-4146-2021,battery_failure,no_harm,Y
CMP-10711,2022-11-13,Nimbus-Flex,LOT-3951-2022,battery_failure,no_harm,N
CMP-10712,2020-11-21,Nimbus-II-Plus,LOT-3866-2020,battery_failure,serious_injury,Y
CMP-10713,2020-05-21,Nimbus-II-Plus,LOT-4352-2020,battery_failure,no_harm,Y
CMP-10714,2022-03-18,Nimbus-PainPro,LOT-4169-2022,battery_failure,no_harm,N
CMP-10715,2024-05-27,Nimbus-II-Plus,LOT-3562-2024,battery_failure,no_harm,N
CMP-10716,2024-08-23,Nimbus-II-EMS,LOT-2749-2024,battery_failure,no_harm,N
CMP-10717,2023-11-17,Nimbus-Flex,LOT-3572-2023,battery_failure,no_harm,N
CMP-10718,2023-10-01,Nimbus-PainPro,LOT-1117-2023,battery_failure,no_harm,N
CMP-10719,2020-04-02,Nimbus-II-Plus,LOT-3654-2020,battery_failure,no_harm,N
CMP-10720,2022-01-15,Nimbus-II-EpiD,LOT-2148-2022,battery_failure,no_harm,N
CMP-10721,2020-08-04,Nimbus-Admin,LOT-6777-2020,battery_failure,no_harm,N
CMP-10722,2022-10-19,Nimbus-II-Flex,LOT-7066-2022,battery_failure,no_harm,N
CMP-10723,2021-05-04,Nimbus-II-Flex,LOT-1222-2021,battery_failure,no_harm,N
CMP-10724,2019-08-28,Nimbus-Flex,LOT-4899-2019,battery_failure,near_miss,Y
CMP-10725,2022-09-23,Nimbus-II-PainPRO,LOT-4502-2022,battery_failure,no_harm,N
CMP-10726,2019-06-02,Nimbus-II-PainPRO,LOT-1776-2019,battery_failure,patient_discomfort,N
CMP-10727,2019-07-07,Nimbus-II-PainPRO,LOT-7834-2019,battery_failure,no_harm,N
CMP-10728,2019-02-05,Nimbus-PainPro,LOT-2943-2019,battery_failure,no_harm,Y
CMP-10729,2024-10-12,Nimbus-II-Plus,LOT-5020-2024,battery_failure,no_harm,N
CMP-10730,2022-12-09,Nimbus-II-EMS,LOT-8341-2022,battery_failure,near_miss,Y
CMP-10731,2020-11-10,Nimbus-II-Flex,LOT-9591-2020,battery_failure,no_harm,Y
CMP-10732,2019-11-02,Nimbus-II-EMS,LOT-5473-2019,battery_failure,patient_discomfort,N
CMP-10733,2021-01-08,Nimbus-II-Plus,LOT-1545-2021,battery_failure,patient_discomfort,N
CMP-10734,2022-11-06,Nimbus-II-Flex,LOT-7357-2022,battery_failure,no_harm,N
CMP-10735,2021-07-22,Nimbus-Admin,LOT-5340-2021,battery_failure,no_harm,N
CMP-10736,2024-07-25,Nimbus-II-EMS,LOT-2814-2024,battery_failure,no_harm,N
CMP-10737,2023-05-04,Nimbus-II-Plus,LOT-5361-2023,battery_failure,no_harm,Y
CMP-10738,2024-08-28,Nimbus-Flex,LOT-2341-2024,battery_failure,no_harm,Y
CMP-10739,2019-07-10,Nimbus-II-Flex,LOT-2362-2019,battery_failure,no_harm,N
CMP-10740,2024-10-28,Nimbus-Admin,LOT-2232-2024,battery_failure,no_harm,N
CMP-10741,2019-12-18,Nimbus-PainPro,LOT-6602-2019,battery_failure,no_harm,N
CMP-10742,2023-10-06,Nimbus-II-EMS,LOT-7921-2023,battery_failure,no_harm,Y
CMP-10743,2021-07-25,Nimbus-II-Flex,LOT-4606-2021,battery_failure,no_harm,Y
CMP-10744,2024-06-20,Nimbus-II-EMS,LOT-7219-2024,battery_failure,no_harm,N
CMP-10745,2019-09-18,Nimbus-Admin,LOT-5014-2019,battery_failure,patient_discomfort,N
CMP-10746,2022-12-19,Nimbus-PainPro,LOT-6213-2022,battery_failure,no_harm,N
CMP-10747,2019-03-22,Nimbus-II-Flex,LOT-8344-2019,battery_failure,patient_discomfort,N
CMP-10748,2023-07-17,Nimbus-Admin,LOT-4182-2023,battery_failure,no_harm,Y
CMP-10749,2020-08-23,Nimbus-II-EMS,LOT-5431-2020,battery_failure,no_harm,N
CMP-10750,2020-01-19,Nimbus-II-PainPRO,LOT-9396-2020,battery_failure,serious_injury,Y
CMP-10751,2019-05-07,Nimbus-II-Plus,LOT-2525-2019,battery_failure,patient_discomfort,N
CMP-10752,2020-06-24,Nimbus-II-PainPRO,LOT-5298-2020,battery_failure,serious_injury,Y
CMP-10753,2019-12-11,Nimbus-II-PainPRO,LOT-4115-2019,battery_failure,no_harm,Y
CMP-10754,2021-11-19,Nimbus-II-Plus,LOT-5336-2021,battery_failure,near_miss,N
CMP-10755,2024-10-14,Nimbus-II-Plus,LOT-6687-2024,battery_failure,no_harm,N
CMP-10756,2023-09-15,Nimbus-Admin,LOT-4557-2023,battery_failure,no_harm,N
CMP-10757,2022-07-19,Nimbus-PainPro,LOT-2220-2022,battery_failure,no_harm,N
CMP-10758,2021-10-03,Nimbus-II-Plus,LOT-5629-2021,battery_failure,no_harm,Y
CMP-10759,2024-04-23,Nimbus-II-EMS,LOT-7910-2024,battery_failure,no_harm,Y
CMP-10760,2019-02-15,Nimbus-II-Flex,LOT-3170-2019,battery_failure,no_harm,Y
CMP-10761,2019-02-13,Nimbus-II-EMS,LOT-3590-2019,battery_failure,patient_discomfort,Y
CMP-10762,2023-10-17,Nimbus-PainPro,LOT-1385-2023,battery_failure,no_harm,Y
CMP-10763,2022-03-03,Nimbus-II-PainPRO,LOT-7089-2022,battery_failure,near_miss,Y
CMP-10764,2019-10-12,Nimbus-Flex,LOT-8043-2019,battery_failure,near_miss,Y
CMP-10765,2022-03-13,Nimbus-II-PainPRO,LOT-1437-2022,battery_failure,no_harm,Y
CMP-10766,2020-12-06,Nimbus-II-PainPRO,LOT-9200-2020,battery_failure,no_harm,Y
CMP-10767,2021-02-22,Nimbus-Flex,LOT-8240-2021,battery_failure,no_harm,Y
CMP-10768,2020-05-14,Nimbus-II-Plus,LOT-2623-2020,battery_failure,patient_discomfort,Y
CMP-10769,2019-05-25,Nimbus-II-PainPRO,LOT-2505-2019,battery_failure,near_miss,Y
CMP-10770,2022-10-06,Nimbus-II-Flex,LOT-8921-2022,battery_failure,no_harm,N
CMP-10771,2019-12-02,Nimbus-Flex,LOT-8802-2019,battery_failure,no_harm,N
CMP-10772,2021-01-12,Nimbus-Admin,LOT-2233-2021,battery_failure,no_harm,Y
CMP-10773,2021-04-19,Nimbus-Admin,LOT-4400-2021,battery_failure,no_harm,N
CMP-10774,2022-08-16,Nimbus-PainPro,LOT-7840-2022,battery_failure,no_harm,N
CMP-10775,2019-12-28,Nimbus-II-Flex,LOT-2033-2019,battery_failure,no_harm,Y
CMP-10776,2023-05-10,Nimbus-II-EpiD,LOT-5971-2023,battery_failure,no_harm,N
CMP-10777,2024-07-27,Nimbus-II-Flex,LOT-1303-2024,battery_failure,no_harm,N
CMP-10778,2024-04-19,Nimbus-Admin,LOT-1197-2024,battery_failure,no_harm,Y
CMP-10779,2019-12-11,Nimbus-Admin,LOT-8222-2019,battery_failure,no_harm,Y
CMP-10780,2022-09-13,Nimbus-II-Plus,LOT-2474-2022,battery_failure,no_harm,Y
CMP-10781,2023-08-12,Nimbus-II-Flex,LOT-3404-2023,battery_failure,no_harm,Y
CMP-10782,2020-11-12,Nimbus-II-Plus,LOT-4764-2020,battery_failure,no_harm,Y
CMP-10783,2023-01-22,Nimbus-II-PainPRO,LOT-2741-2023,battery_failure,no_harm,Y
CMP-10784,2021-03-02,Nimbus-II-Plus,LOT-7621-2021,battery_failure,no_harm,N
CMP-10785,2021-08-01,Nimbus-Admin,LOT-4717-2021,battery_failure,near_miss,N
CMP-10786,2020-05-09,Nimbus-II-EMS,LOT-3908-2020,battery_failure,near_miss,Y
CMP-10787,2024-02-20,Nimbus-II-Plus,LOT-1075-2024,battery_failure,patient_discomfort,N
CMP-10788,2021-01-19,Nimbus-Flex,LOT-5894-2021,battery_failure,no_harm,N
CMP-10789,2024-12-15,Nimbus-II-PainPRO,LOT-3026-2024,battery_failure,near_miss,Y
CMP-10790,2023-03-24,Nimbus-Flex,LOT-6630-2023,battery_failure,patient_discomfort,Y
CMP-10791,2021-11-21,Nimbus-II-Flex,LOT-6326-2021,battery_failure,no_harm,Y
CMP-10792,2023-05-20,Nimbus-PainPro,LOT-7307-2023,battery_failure,near_miss,N
CMP-10793,2024-03-02,Nimbus-II-PainPRO,LOT-7170-2024,battery_failure,no_harm,Y
CMP-10794,2019-04-21,Nimbus-II-Flex,LOT-3651-2019,battery_failure,no_harm,N
CMP-10795,2021-05-16,Nimbus-II-PainPRO,LOT-1176-2021,battery_failure,no_harm,N
CMP-10796,2022-02-03,Nimbus-II-Plus,LOT-8604-2022,battery_failure,no_harm,Y
CMP-10797,2022-08-17,Nimbus-PainPro,LOT-3261-2022,battery_failure,no_harm,Y
CMP-10798,2023-12-12,Nimbus-II-EMS,LOT-9676-2023,battery_failure,patient_discomfort,N
CMP-10799,2019-04-27,Nimbus-II-EMS,LOT-8904-2019,battery_failure,no_harm,N
CMP-10800,2024-09-23,Nimbus-II-Plus,LOT-8860-2024,battery_failure,no_harm,N
CMP-10801,2022-04-23,Nimbus-II-PainPRO,LOT-2868-2022,battery_failure,no_harm,Y
CMP-10802,2020-06-20,Nimbus-II-EMS,LOT-3979-2020,battery_failure,no_harm,N
CMP-10803,2020-06-27,Nimbus-II-EMS,LOT-9871-2020,battery_failure,serious_injury,Y
CMP-10804,2019-02-05,Nimbus-II-EMS,LOT-8484-2019,battery_failure,no_harm,N
CMP-10805,2022-05-06,Nimbus-II-Flex,LOT-4486-2022,battery_failure,no_harm,Y
CMP-10806,2021-01-25,Nimbus-Flex,LOT-8493-2021,battery_failure,no_harm,N
CMP-10807,2024-03-01,Nimbus-Admin,LOT-5675-2024,battery_failure,patient_discomfort,N
CMP-10808,2022-07-17,Nimbus-II-Flex,LOT-2148-2022,battery_failure,no_harm,N
CMP-10809,2024-12-23,Nimbus-Flex,LOT-9493-2024,battery_failure,no_harm,N
CMP-10810,2019-08-28,Nimbus-II-Flex,LOT-1569-2019,battery_failure,no_harm,N
CMP-10811,2019-09-27,Nimbus-Flex,LOT-8916-2019,battery_failure,no_harm,N
CMP-10812,2022-03-13,Nimbus-Flex,LOT-6025-2022,battery_failure,patient_discomfort,N
CMP-10813,2023-10-25,Nimbus-II-Plus,LOT-2673-2023,battery_failure,no_harm,N
CMP-10814,2024-07-16,Nimbus-II-PainPRO,LOT-2739-2024,battery_failure,near_miss,N
CMP-10815,2024-02-24,Nimbus-II-PainPRO,LOT-5064-2024,battery_failure,no_harm,Y
CMP-10816,2021-01-14,Nimbus-II-EMS,LOT-7997-2021,battery_failure,no_harm,N
CMP-10817,2023-11-25,Nimbus-II-EpiD,LOT-5558-2023,battery_failure,no_harm,N
CMP-10818,2023-01-06,Nimbus-PainPro,LOT-9808-2023,battery_failure,near_miss,Y
CMP-10819,2022-03-17,Nimbus-II-EpiD,LOT-1162-2022,battery_failure,no_harm,Y
CMP-10820,2023-03-14,Nimbus-II-Flex,LOT-1166-2023,battery_failure,no_harm,N
CMP-10821,2021-07-19,Nimbus-PainPro,LOT-4093-2021,battery_failure,patient_discomfort,Y
CMP-10822,2021-03-08,Nimbus-II-EpiD,LOT-9357-2021,battery_failure,no_harm,N
CMP-10823,2019-03-04,Nimbus-Admin,LOT-2853-2019,battery_failure,patient_discomfort,N
CMP-10824,2019-03-16,Nimbus-Admin,LOT-5104-2019,battery_failure,no_harm,N
CMP-10825,2024-08-05,Nimbus-II-PainPRO,LOT-8211-2024,battery_failure,patient_discomfort,N
CMP-10826,2021-04-25,Nimbus-Admin,LOT-2452-2021,battery_failure,no_harm,N
CMP-10827,2024-03-03,Nimbus-Flex,LOT-8311-2024,battery_failure,no_harm,N
CMP-10828,2022-08-17,Nimbus-Flex,LOT-9518-2022,battery_failure,no_harm,N
CMP-10829,2020-10-11,Nimbus-II-EMS,LOT-5728-2020,battery_failure,near_miss,Y
CMP-10830,2022-04-22,Nimbus-II-EMS,LOT-2047-2022,battery_failure,no_harm,Y
CMP-10831,2023-01-16,Nimbus-Flex,LOT-9980-2023,battery_failure,no_harm,Y
CMP-10832,2020-12-01,Nimbus-II-PainPRO,LOT-1929-2020,battery_failure,no_harm,Y
CMP-10833,2021-10-13,Nimbus-II-Flex,LOT-7519-2021,battery_failure,near_miss,N
CMP-10834,2020-02-10,Nimbus-II-Flex,LOT-5851-2020,battery_failure,no_harm,N
CMP-10835,2023-04-05,Nimbus-II-EpiD,LOT-6712-2023,battery_failure,no_harm,Y
CMP-10836,2020-05-11,Nimbus-II-EpiD,LOT-9213-2020,battery_failure,no_harm,N
CMP-10837,2020-06-16,Nimbus-II-EMS,LOT-9611-2020,battery_failure,no_harm,N
CMP-10838,2023-11-03,Nimbus-II-Flex,LOT-8394-2023,battery_failure,no_harm,Y
CMP-10839,2020-07-20,Nimbus-Flex,LOT-3904-2020,battery_failure,patient_discomfort,N
CMP-10840,2024-12-16,Nimbus-Flex,LOT-1040-2024,battery_failure,near_miss,Y
CMP-10841,2023-09-28,Nimbus-II-EMS,LOT-8133-2023,battery_failure,no_harm,Y
CMP-10842,2021-04-11,Nimbus-II-Flex,LOT-6201-2021,battery_failure,no_harm,N
CMP-10843,2019-06-01,Nimbus-Admin,LOT-4902-2019,battery_failure,no_harm,N
CMP-10844,2024-06-14,Nimbus-II-Flex,LOT-4022-2024,battery_failure,no_harm,Y
CMP-10845,2023-01-22,Nimbus-II-Flex,LOT-8239-2023,battery_failure,no_harm,N
CMP-10846,2022-05-04,Nimbus-Flex,LOT-3881-2022,battery_failure,no_harm,N
CMP-10847,2021-11-04,Nimbus-II-Flex,LOT-4637-2021,battery_failure,no_harm,N
CMP-10848,2022-03-26,Nimbus-II-EMS,LOT-6836-2022,battery_failure,no_harm,Y
CMP-10849,2019-02-27,Nimbus-Admin,LOT-2518-2019,battery_failure,serious_injury,Y
CMP-10850,2019-07-03,Nimbus-II-PainPRO,LOT-6822-2019,battery_failure,no_harm,N
CMP-10851,2024-01-15,Nimbus-II-EMS,LOT-6370-2024,battery_failure,serious_injury,Y
CMP-10852,2020-09-02,Nimbus-PainPro,LOT-7855-2020,battery_failure,near_miss,N
CMP-10853,2019-09-22,Nimbus-PainPro,LOT-2504-2019,battery_failure,no_harm,N
CMP-10854,2020-05-28,Nimbus-Admin,LOT-1457-2020,battery_failure,no_harm,N
CMP-10855,2019-08-11,Nimbus-Admin,LOT-8698-2019,battery_failure,no_harm,N
CMP-10856,2019-10-14,Nimbus-II-PainPRO,LOT-7617-2019,battery_failure,near_miss,Y
CMP-10857,2020-09-26,Nimbus-II-Plus,LOT-6206-2020,battery_failure,near_miss,N
CMP-10858,2022-02-09,Nimbus-PainPro,LOT-9253-2022,battery_failure,near_miss,N
CMP-10859,2021-01-06,Nimbus-Admin,LOT-8552-2021,battery_failure,no_harm,Y
CMP-10860,2022-12-15,Nimbus-PainPro,LOT-2542-2022,battery_failure,no_harm,N
CMP-10861,2022-01-02,Nimbus-PainPro,LOT-9491-2022,battery_failure,no_harm,Y
CMP-10862,2022-01-18,Nimbus-PainPro,LOT-7884-2022,battery_failure,patient_discomfort,Y
CMP-10863,2020-12-14,Nimbus-II-Flex,LOT-3359-2020,battery_failure,no_harm,Y
CMP-10864,2024-05-21,Nimbus-II-EpiD,LOT-7272-2024,battery_failure,near_miss,N
CMP-10865,2020-07-06,Nimbus-Admin,LOT-6311-2020,battery_failure,no_harm,N
CMP-10866,2023-09-07,Nimbus-II-Flex,LOT-1623-2023,battery_failure,no_harm,N
CMP-10867,2020-02-12,Nimbus-II-EpiD,LOT-7500-2020,battery_failure,no_harm,N
CMP-10868,2019-10-16,Nimbus-II-PainPRO,LOT-8857-2019,battery_failure,serious_injury,Y
CMP-10869,2019-11-23,Nimbus-Flex,LOT-1510-2019,battery_failure,near_miss,Y
CMP-10870,2020-11-01,Nimbus-Flex,LOT-8473-2020,battery_failure,patient_discomfort,N
CMP-10871,2019-10-12,Nimbus-Flex,LOT-2730-2019,battery_failure,no_harm,N
CMP-10872,2020-11-03,Nimbus-PainPro,LOT-9539-2020,battery_failure,no_harm,N
CMP-10873,2019-07-12,Nimbus-II-EpiD,LOT-3883-2019,battery_failure,no_harm,N
CMP-10874,2019-09-25,Nimbus-Admin,LOT-7517-2019,battery_failure,near_miss,N
CMP-10875,2023-02-09,Nimbus-II-PainPRO,LOT-7878-2023,battery_failure,near_miss,Y
CMP-10876,2020-04-05,Nimbus-Admin,LOT-7315-2020,battery_failure,no_harm,Y
CMP-10877,2023-08-24,Nimbus-II-PainPRO,LOT-7253-2023,battery_failure,no_harm,Y
CMP-10878,2024-11-25,Nimbus-II-Plus,LOT-7862-2024,battery_failure,no_harm,N
CMP-10879,2023-11-02,Nimbus-II-EpiD,LOT-7973-2023,battery_failure,patient_discomfort,Y
CMP-10880,2024-04-20,Nimbus-Flex,LOT-4835-2024,battery_failure,no_harm,Y
CMP-10881,2020-05-16,Nimbus-II-PainPRO,LOT-6135-2020,battery_failure,no_harm,N
CMP-10882,2020-04-15,Nimbus-PainPro,LOT-7507-2020,battery_failure,no_harm,N
CMP-10883,2019-06-28,Nimbus-II-EpiD,LOT-1577-2019,battery_failure,no_harm,Y
CMP-10884,2023-01-27,Nimbus-Admin,LOT-5786-2023,battery_failure,no_harm,Y
CMP-10885,2024-08-16,Nimbus-Flex,LOT-3255-2024,battery_failure,serious_injury,Y
CMP-10886,2023-09-28,Nimbus-II-Flex,LOT-3512-2023,battery_failure,no_harm,Y
CMP-10887,2022-06-12,Nimbus-PainPro,LOT-4834-2022,battery_failure,no_harm,Y
CMP-10888,2023-01-09,Nimbus-Admin,LOT-6022-2023,battery_failure,no_harm,N
CMP-10889,2020-10-03,Nimbus-II-EpiD,LOT-1948-2020,battery_failure,no_harm,N
CMP-10890,2019-04-15,Nimbus-PainPro,LOT-3567-2019,battery_failure,no_harm,N
CMP-10891,2023-02-10,Nimbus-II-EpiD,LOT-3781-2023,battery_failure,near_miss,Y
CMP-10892,2019-01-27,Nimbus-II-PainPRO,LOT-6585-2019,battery_failure,near_miss,Y
CMP-10893,2020-07-22,Nimbus-PainPro,LOT-5819-2020,battery_failure,no_harm,Y
CMP-10894,2023-02-04,Nimbus-Flex,LOT-2297-2023,battery_failure,no_harm,Y
CMP-10895,2020-07-03,Nimbus-Admin,LOT-3977-2020,battery_failure,no_harm,Y
CMP-10896,2022-12-13,Nimbus-II-Plus,LOT-4041-2022,battery_failure,patient_discomfort,N
CMP-10897,2024-06-21,Nimbus-Admin,LOT-7132-2024,battery_failure,no_harm,Y
CMP-10898,2024-08-25,Nimbus-Admin,LOT-5198-2024,battery_failure,no_harm,N
CMP-10899,2021-06-01,Nimbus-Flex,LOT-1111-2021,battery_failure,no_harm,Y
CMP-10900,2023-02-07,Nimbus-II-Plus,LOT-3135-2023,battery_failure,patient_discomfort,Y
CMP-10901,2023-07-09,Nimbus-II-Flex,LOT-1221-2023,battery_failure,no_harm,N
CMP-10902,2022-10-05,Nimbus-Flex,LOT-6592-2022,battery_failure,no_harm,Y
CMP-10903,2019-04-14,Nimbus-Admin,LOT-7277-2019,battery_failure,near_miss,Y
CMP-10904,2023-08-01,Nimbus-PainPro,LOT-2475-2023,battery_failure,no_harm,Y
CMP-10905,2023-03-17,Nimbus-PainPro,LOT-5033-2023,battery_failure,no_harm,Y
CMP-10906,2024-07-15,Nimbus-PainPro,LOT-3058-2024,battery_failure,no_harm,N
CMP-10907,2024-09-15,Nimbus-II-EMS,LOT-3741-2024,battery_failure,near_miss,Y
CMP-10908,2023-11-15,Nimbus-PainPro,LOT-9476-2023,battery_failure,no_harm,Y
CMP-10909,2022-04-12,Nimbus-II-Plus,LOT-5634-2022,battery_failure,no_harm,N
CMP-10910,2023-08-14,Nimbus-PainPro,LOT-2427-2023,battery_failure,near_miss,N
CMP-10911,2019-12-18,Nimbus-Admin,LOT-4638-2019,battery_failure,near_miss,Y
CMP-10912,2022-11-05,Nimbus-II-PainPRO,LOT-9121-2022,battery_failure,no_harm,N
CMP-10913,2019-02-19,Nimbus-II-PainPRO,LOT-5886-2019,battery_failure,serious_injury,Y
CMP-10914,2021-06-23,Nimbus-II-EMS,LOT-5951-2021,battery_failure,no_harm,N
CMP-10915,2023-09-27,Nimbus-II-PainPRO,LOT-2259-2023,battery_failure,no_harm,Y
CMP-10916,2021-09-23,Nimbus-II-Flex,LOT-4069-2021,battery_failure,no_harm,Y
CMP-10917,2021-06-03,Nimbus-II-EpiD,LOT-1693-2021,battery_failure,no_harm,Y
CMP-10918,2023-06-13,Nimbus-Flex,LOT-9913-2023,battery_failure,no_harm,Y
CMP-10919,2023-09-21,Nimbus-II-EpiD,LOT-8518-2023,battery_failure,no_harm,N
CMP-10920,2020-05-22,Nimbus-II-PainPRO,LOT-5593-2020,battery_failure,no_harm,Y
CMP-10921,2024-12-21,Nimbus-II-Flex,LOT-5467-2024,battery_failure,no_harm,N
CMP-10922,2023-10-24,Nimbus-II-EMS,LOT-4066-2023,battery_failure,no_harm,N
CMP-10923,2024-03-16,Nimbus-PainPro,LOT-8079-2024,battery_failure,no_harm,Y
CMP-10924,2020-07-18,Nimbus-II-PainPRO,LOT-7800-2020,battery_failure,patient_discomfort,Y
CMP-10925,2020-01-20,Nimbus-II-Plus,LOT-8960-2020,battery_failure,patient_discomfort,Y
CMP-10926,2021-02-02,Nimbus-II-EMS,LOT-7592-2021,battery_failure,no_harm,N
CMP-10927,2024-03-15,Nimbus-II-EMS,LOT-3916-2024,battery_failure,near_miss,Y
CMP-10928,2024-04-13,Nimbus-II-EpiD,LOT-8475-2024,battery_failure,no_harm,N
CMP-10929,2022-07-20,Nimbus-II-EMS,LOT-2972-2022,battery_failure,no_harm,Y
CMP-10930,2021-08-23,Nimbus-II-PainPRO,LOT-5712-2021,battery_failure,no_harm,N
CMP-10931,2023-06-19,Nimbus-II-EMS,LOT-6792-2023,battery_failure,no_harm,Y
CMP-10932,2021-11-05,Nimbus-Admin,LOT-1581-2021,battery_failure,no_harm,Y
CMP-10933,2021-09-22,Nimbus-II-EMS,LOT-4873-2021,battery_failure,no_harm,Y
CMP-10934,2022-11-06,Nimbus-Flex,LOT-5693-2022,battery_failure,near_miss,N
CMP-10935,2020-03-14,Nimbus-Flex,LOT-6130-2020,battery_failure,near_miss,N
CMP-10936,2019-04-24,Nimbus-II-Plus,LOT-6957-2019,battery_failure,no_harm,Y
CMP-10937,2019-06-12,Nimbus-II-PainPRO,LOT-6959-2019,battery_failure,patient_discomfort,Y
CMP-10938,2022-02-21,Nimbus-II-PainPRO,LOT-5553-2022,battery_failure,no_harm,Y
CMP-10939,2022-06-21,Nimbus-II-Flex,LOT-5781-2022,battery_failure,no_harm,Y
CMP-10940,2023-02-13,Nimbus-II-EpiD,LOT-9465-2023,battery_failure,patient_discomfort,Y
CMP-10941,2020-10-04,Nimbus-PainPro,LOT-8529-2020,battery_failure,no_harm,N
CMP-10942,2022-12-15,Nimbus-II-Flex,LOT-2230-2022,battery_failure,patient_discomfort,N
CMP-10943,2023-08-04,Nimbus-II-EMS,LOT-6650-2023,battery_failure,patient_discomfort,Y
CMP-10944,2024-10-07,Nimbus-II-Flex,LOT-6648-2024,battery_failure,no_harm,N
CMP-10945,2019-03-05,Nimbus-II-Plus,LOT-2215-2019,battery_failure,no_harm,Y
CMP-10946,2019-07-10,Nimbus-II-EpiD,LOT-8626-2019,battery_failure,patient_discomfort,Y
CMP-10947,2024-07-09,Nimbus-II-Plus,LOT-6094-2024,battery_failure,no_harm,Y
CMP-10948,2021-07-26,Nimbus-Flex,LOT-2706-2021,battery_failure,no_harm,Y
CMP-10949,2020-05-19,Nimbus-II-EMS,LOT-8384-2020,battery_failure,no_harm,Y
CMP-10950,2024-05-21,Nimbus-Flex,LOT-3599-2024,battery_failure,no_harm,Y
CMP-10951,2022-09-17,Nimbus-II-PainPRO,LOT-7657-2022,battery_failure,near_miss,N
CMP-10952,2020-08-02,Nimbus-II-EMS,LOT-1784-2020,battery_failure,no_harm,Y
CMP-10953,2022-12-19,Nimbus-II-EMS,LOT-3674-2022,battery_failure,no_harm,Y
CMP-10954,2020-08-02,Nimbus-II-PainPRO,LOT-9069-2020,battery_failure,near_miss,N
CMP-10955,2024-01-21,Nimbus-II-Flex,LOT-8881-2024,battery_failure,no_harm,Y
CMP-10956,2019-02-20,Nimbus-II-EpiD,LOT-1015-2019,battery_failure,no_harm,N
CMP-10957,2019-07-28,Nimbus-II-EMS,LOT-5928-2019,battery_failure,no_harm,N
CMP-10958,2022-12-24,Nimbus-II-Flex,LOT-8395-2022,battery_failure,no_harm,Y
CMP-10959,2021-05-28,Nimbus-II-PainPRO,LOT-3022-2021,battery_failure,patient_discomfort,Y
CMP-10960,2021-10-20,Nimbus-Admin,LOT-4266-2021,battery_failure,patient_discomfort,Y
CMP-10961,2023-07-21,Nimbus-II-Plus,LOT-1817-2023,battery_failure,no_harm,N
CMP-10962,2019-10-08,Nimbus-II-EpiD,LOT-8087-2019,battery_failure,near_miss,Y
CMP-10963,2023-01-12,Nimbus-Flex,LOT-1128-2023,battery_failure,no_harm,Y
CMP-10964,2019-12-26,Nimbus-Flex,LOT-4894-2019,battery_failure,no_harm,N
CMP-10965,2023-10-15,Nimbus-Admin,LOT-9573-2023,battery_failure,no_harm,Y
CMP-10966,2024-07-09,Nimbus-II-Flex,LOT-6060-2024,battery_failure,no_harm,N
CMP-10967,2023-09-08,Nimbus-PainPro,LOT-5196-2023,battery_failure,near_miss,N
CMP-10968,2022-03-08,Nimbus-Flex,LOT-8090-2022,battery_failure,no_harm,Y
CMP-10969,2024-05-16,Nimbus-II-EpiD,LOT-1508-2024,battery_failure,no_harm,Y
CMP-10970,2022-12-26,Nimbus-PainPro,LOT-6279-2022,battery_failure,no_harm,N
CMP-10971,2024-09-21,Nimbus-II-EMS,LOT-5818-2024,battery_failure,no_harm,N
CMP-10972,2021-04-16,Nimbus-II-Plus,LOT-7670-2021,battery_failure,no_harm,Y
CMP-10973,2019-12-16,Nimbus-Flex,LOT-9123-2019,battery_failure,patient_discomfort,Y
CMP-10974,2024-10-05,Nimbus-PainPro,LOT-3687-2024,battery_failure,no_harm,Y
CMP-10975,2023-08-15,Nimbus-II-Plus,LOT-4389-2023,battery_failure,no_harm,Y
CMP-10976,2023-05-28,Nimbus-Flex,LOT-5998-2023,battery_failure,near_miss,N
CMP-10977,2019-01-25,Nimbus-II-PainPRO,LOT-3530-2019,battery_failure,no_harm,Y
CMP-10978,2019-05-10,Nimbus-PainPro,LOT-8063-2019,battery_failure,patient_discomfort,N
CMP-10979,2019-03-12,Nimbus-II-EMS,LOT-7063-2019,battery_failure,no_harm,N
CMP-10980,2023-03-25,Nimbus-II-EMS,LOT-8829-2023,battery_failure,no_harm,Y
CMP-10981,2022-11-27,Nimbus-II-PainPRO,LOT-9124-2022,battery_failure,patient_discomfort,N
CMP-10982,2020-07-26,Nimbus-II-PainPRO,LOT-7413-2020,battery_failure,no_harm,Y
CMP-10983,2021-09-13,Nimbus-PainPro,LOT-4648-2021,battery_failure,no_harm,N
CMP-10984,2019-01-05,Nimbus-Flex,LOT-6081-2019,battery_failure,no_harm,N
CMP-10985,2023-10-27,Nimbus-Flex,LOT-5039-2023,battery_failure,no_harm,Y
CMP-10986,2019-04-20,Nimbus-II-Flex,LOT-4667-2019,battery_failure,no_harm,N
CMP-10987,2022-01-13,Nimbus-II-Flex,LOT-3309-2022,battery_failure,no_harm,Y
CMP-10988,2020-08-04,Nimbus-II-Plus,LOT-1331-2020,battery_failure,no_harm,N
CMP-10989,2021-04-12,Nimbus-II-PainPRO,LOT-7575-2021,battery_failure,no_harm,N
CMP-10990,2023-01-05,Nimbus-II-EMS,LOT-1091-2023,battery_failure,no_harm,N
CMP-10991,2021-08-07,Nimbus-II-EpiD,LOT-9466-2021,battery_failure,no_harm,Y
CMP-10992,2021-03-03,Nimbus-II-EMS,LOT-4547-2021,battery_failure,no_harm,Y
CMP-10993,2022-10-07,Nimbus-Flex,LOT-8202-2022,battery_failure,no_harm,N
CMP-10994,2024-03-19,Nimbus-II-EpiD,LOT-6870-2024,battery_failure,near_miss,N
CMP-10995,2019-04-10,Nimbus-II-Flex,LOT-4139-2019,battery_failure,no_harm,Y
CMP-10996,2023-12-17,Nimbus-II-Flex,LOT-3059-2023,battery_failure,no_harm,Y
CMP-10997,2024-07-17,Nimbus-Flex,LOT-7871-2024,battery_failure,serious_injury,Y
CMP-10998,2020-08-06,Nimbus-II-Plus,LOT-7330-2020,battery_failure,no_harm,N
CMP-10999,2024-12-27,Nimbus-II-Plus,LOT-6264-2024,battery_failure,near_miss,N
CMP-11000,2024-05-16,Nimbus-PainPro,LOT-8497-2024,battery_failure,no_harm,N
CMP-11001,2022-10-24,Nimbus-Admin,LOT-1799-2022,battery_failure,no_harm,Y
CMP-11002,2024-10-23,Nimbus-II-Flex,LOT-8338-2024,battery_failure,no_harm,Y
CMP-11003,2024-11-28,Nimbus-Flex,LOT-9091-2024,battery_failure,serious_injury,Y
CMP-11004,2024-09-10,Nimbus-PainPro,LOT-7614-2024,battery_failure,serious_injury,Y
CMP-11005,2019-02-05,Nimbus-II-PainPRO,LOT-6628-2019,battery_failure,no_harm,Y
CMP-11006,2020-08-03,Nimbus-PainPro,LOT-4115-2020,battery_failure,no_harm,N
CMP-11007,2024-02-20,Nimbus-II-Flex,LOT-4384-2024,battery_failure,patient_discomfort,Y
CMP-11008,2019-12-01,Nimbus-PainPro,LOT-9755-2019,battery_failure,no_harm,N
CMP-11009,2023-02-04,Nimbus-Admin,LOT-4785-2023,battery_failure,no_harm,N
CMP-11010,2023-07-06,Nimbus-II-EpiD,LOT-5285-2023,battery_failure,no_harm,N
CMP-11011,2022-01-06,Nimbus-Flex,LOT-9360-2022,battery_failure,no_harm,N
CMP-11012,2024-07-01,Nimbus-Admin,LOT-2255-2024,battery_failure,near_miss,Y
CMP-11013,2021-01-19,Nimbus-II-Flex,LOT-7158-2021,battery_failure,near_miss,Y
CMP-11014,2022-12-20,Nimbus-II-EpiD,LOT-6191-2022,battery_failure,no_harm,N
CMP-11015,2020-07-17,Nimbus-II-EMS,LOT-9739-2020,battery_failure,no_harm,N
CMP-11016,2023-05-25,Nimbus-PainPro,LOT-9317-2023,battery_failure,no_harm,N
CMP-11017,2019-12-04,Nimbus-PainPro,LOT-7328-2019,battery_failure,no_harm,Y
CMP-11018,2023-01-07,Nimbus-II-Flex,LOT-9959-2023,battery_failure,serious_injury,Y
CMP-11019,2021-09-20,Nimbus-Admin,LOT-5471-2021,battery_failure,no_harm,Y
CMP-11020,2021-03-27,Nimbus-II-Flex,LOT-3721-2021,battery_failure,patient_discomfort,N
CMP-11021,2019-04-16,Nimbus-II-EMS,LOT-7683-2019,battery_failure,no_harm,N
CMP-11022,2024-12-17,Nimbus-II-EpiD,LOT-5740-2024,battery_failure,no_harm,Y
CMP-11023,2022-06-13,Nimbus-II-Plus,LOT-6421-2022,battery_failure,no_harm,Y
CMP-11024,2024-10-24,Nimbus-PainPro,LOT-7454-2024,battery_failure,no_harm,Y
CMP-11025,2024-12-12,Nimbus-Flex,LOT-8721-2024,battery_failure,no_harm,Y
CMP-11026,2024-07-25,Nimbus-II-Flex,LOT-5624-2024,occlusion_upstream,serious_injury,Y
CMP-11027,2022-02-25,Nimbus-II-EpiD,LOT-4467-2022,occlusion_upstream,no_harm,Y
CMP-11028,2020-10-04,Nimbus-II-EpiD,LOT-3450-2020,occlusion_upstream,no_harm,Y
CMP-11029,2021-06-11,Nimbus-Flex,LOT-4259-2021,occlusion_upstream,no_harm,Y
CMP-11030,2020-10-16,Nimbus-II-Plus,LOT-9918-2020,occlusion_upstream,near_miss,Y
CMP-11031,2019-09-13,Nimbus-II-Plus,LOT-7773-2019,occlusion_upstream,no_harm,Y
CMP-11032,2023-07-08,Nimbus-II-EpiD,LOT-1289-2023,occlusion_upstream,no_harm,Y
CMP-11033,2023-09-15,Nimbus-Flex,LOT-2481-2023,occlusion_upstream,no_harm,Y
CMP-11034,2020-05-09,Nimbus-II-EpiD,LOT-5100-2020,occlusion_upstream,no_harm,Y
CMP-11035,2019-08-17,Nimbus-Flex,LOT-2131-2019,occlusion_upstream,no_harm,Y
CMP-11036,2019-04-14,Nimbus-PainPro,LOT-6878-2019,occlusion_upstream,near_miss,N
CMP-11037,2019-11-14,Nimbus-Admin,LOT-3332-2019,occlusion_upstream,no_harm,Y
CMP-11038,2019-12-11,Nimbus-II-EMS,LOT-6373-2019,occlusion_upstream,no_harm,Y
CMP-11039,2022-03-13,Nimbus-II-PainPRO,LOT-5778-2022,occlusion_upstream,no_harm,N
CMP-11040,2023-02-02,Nimbus-II-PainPRO,LOT-8135-2023,occlusion_upstream,near_miss,Y
CMP-11041,2024-04-07,Nimbus-II-Flex,LOT-9493-2024,occlusion_upstream,no_harm,N
CMP-11042,2020-09-05,Nimbus-II-EpiD,LOT-4940-2020,occlusion_upstream,no_harm,Y
CMP-11043,2022-11-06,Nimbus-II-Plus,LOT-2644-2022,occlusion_upstream,no_harm,N
CMP-11044,2020-04-17,Nimbus-Flex,LOT-8742-2020,occlusion_upstream,no_harm,N
CMP-11045,2020-04-18,Nimbus-II-Plus,LOT-5527-2020,occlusion_upstream,no_harm,N
CMP-11046,2021-05-10,Nimbus-Flex,LOT-7253-2021,occlusion_upstream,no_harm,Y
CMP-11047,2019-09-19,Nimbus-PainPro,LOT-1273-2019,occlusion_upstream,no_harm,N
CMP-11048,2022-06-26,Nimbus-II-EMS,LOT-7857-2022,occlusion_upstream,no_harm,Y
CMP-11049,2019-02-01,Nimbus-Flex,LOT-2337-2019,occlusion_upstream,no_harm,N
CMP-11050,2020-05-12,Nimbus-Flex,LOT-1049-2020,occlusion_upstream,near_miss,Y
CMP-11051,2021-10-16,Nimbus-II-PainPRO,LOT-2221-2021,occlusion_upstream,no_harm,N
CMP-11052,2021-02-21,Nimbus-II-PainPRO,LOT-7222-2021,occlusion_upstream,near_miss,N
CMP-11053,2021-10-19,Nimbus-Flex,LOT-6467-2021,occlusion_upstream,no_harm,N
CMP-11054,2021-02-24,Nimbus-II-EpiD,LOT-2813-2021,occlusion_upstream,patient_discomfort,Y
CMP-11055,2022-02-24,Nimbus-Flex,LOT-9875-2022,occlusion_upstream,serious_injury,Y
CMP-11056,2022-02-01,Nimbus-Flex,LOT-7662-2022,occlusion_upstream,no_harm,N
CMP-11057,2024-07-08,Nimbus-II-EMS,LOT-6437-2024,occlusion_upstream,no_harm,N
CMP-11058,2024-09-10,Nimbus-II-EMS,LOT-6350-2024,occlusion_upstream,no_harm,Y
CMP-11059,2022-10-26,Nimbus-II-EpiD,LOT-1294-2022,occlusion_upstream,serious_injury,Y
CMP-11060,2019-03-17,Nimbus-II-PainPRO,LOT-9636-2019,occlusion_upstream,no_harm,N
CMP-11061,2021-09-06,Nimbus-PainPro,LOT-3029-2021,occlusion_upstream,no_harm,N
CMP-11062,2019-03-25,Nimbus-II-Flex,LOT-5829-2019,occlusion_upstream,near_miss,Y
CMP-11063,2021-04-17,Nimbus-II-EpiD,LOT-9606-2021,occlusion_upstream,no_harm,N
CMP-11064,2019-10-04,Nimbus-II-EMS,LOT-7736-2019,occlusion_upstream,no_harm,N
CMP-11065,2024-08-14,Nimbus-II-EpiD,LOT-6961-2024,occlusion_upstream,no_harm,Y
CMP-11066,2024-10-03,Nimbus-II-Flex,LOT-8097-2024,occlusion_upstream,no_harm,N
CMP-11067,2020-08-18,Nimbus-II-EpiD,LOT-4759-2020,occlusion_upstream,no_harm,Y
CMP-11068,2019-01-13,Nimbus-II-Plus,LOT-1229-2019,occlusion_upstream,near_miss,Y
CMP-11069,2021-11-24,Nimbus-Admin,LOT-8030-2021,occlusion_upstream,no_harm,N
CMP-11070,2023-07-17,Nimbus-II-PainPRO,LOT-6670-2023,occlusion_upstream,no_harm,N
CMP-11071,2024-03-09,Nimbus-PainPro,LOT-4379-2024,occlusion_upstream,no_harm,N
CMP-11072,2022-05-19,Nimbus-Admin,LOT-3669-2022,occlusion_upstream,no_harm,Y
CMP-11073,2023-06-19,Nimbus-PainPro,LOT-3038-2023,occlusion_upstream,near_miss,Y
CMP-11074,2019-11-15,Nimbus-Admin,LOT-5672-2019,occlusion_upstream,no_harm,N
CMP-11075,2022-08-23,Nimbus-II-EpiD,LOT-6548-2022,occlusion_upstream,no_harm,Y
CMP-11076,2019-05-12,Nimbus-II-Plus,LOT-4821-2019,occlusion_upstream,no_harm,Y
CMP-11077,2024-04-21,Nimbus-Admin,LOT-1070-2024,occlusion_upstream,no_harm,Y
CMP-11078,2022-06-19,Nimbus-II-Flex,LOT-5082-2022,occlusion_upstream,no_harm,Y
CMP-11079,2019-10-01,Nimbus-II-EMS,LOT-9866-2019,occlusion_upstream,no_harm,Y
CMP-11080,2022-02-10,Nimbus-Flex,LOT-4086-2022,occlusion_upstream,no_harm,N
CMP-11081,2023-02-03,Nimbus-II-EpiD,LOT-9714-2023,occlusion_upstream,no_harm,Y
CMP-11082,2023-08-27,Nimbus-II-Plus,LOT-9901-2023,occlusion_upstream,near_miss,N
CMP-11083,2022-10-13,Nimbus-Admin,LOT-7289-2022,occlusion_upstream,no_harm,N
CMP-11084,2020-08-26,Nimbus-II-Flex,LOT-4631-2020,occlusion_upstream,no_harm,N
CMP-11085,2021-06-19,Nimbus-II-Plus,LOT-6065-2021,occlusion_upstream,no_harm,N
CMP-11086,2022-07-06,Nimbus-II-EpiD,LOT-3189-2022,occlusion_upstream,no_harm,Y
CMP-11087,2020-08-17,Nimbus-Flex,LOT-6612-2020,occlusion_upstream,near_miss,Y
CMP-11088,2024-05-08,Nimbus-Admin,LOT-7831-2024,occlusion_upstream,patient_discomfort,Y
CMP-11089,2020-03-17,Nimbus-Flex,LOT-3559-2020,occlusion_upstream,no_harm,Y
CMP-11090,2023-10-23,Nimbus-II-EpiD,LOT-8169-2023,occlusion_upstream,patient_discomfort,Y
CMP-11091,2021-03-23,Nimbus-Flex,LOT-1873-2021,occlusion_upstream,no_harm,N
CMP-11092,2023-09-10,Nimbus-Admin,LOT-8529-2023,occlusion_upstream,patient_discomfort,Y
CMP-11093,2022-08-23,Nimbus-II-EMS,LOT-4765-2022,occlusion_upstream,no_harm,Y
CMP-11094,2023-08-14,Nimbus-II-PainPRO,LOT-4788-2023,occlusion_upstream,near_miss,Y
CMP-11095,2022-12-22,Nimbus-PainPro,LOT-7788-2022,occlusion_upstream,near_miss,Y
CMP-11096,2022-03-07,Nimbus-II-EpiD,LOT-6543-2022,occlusion_upstream,near_miss,N
CMP-11097,2022-12-25,Nimbus-II-PainPRO,LOT-7556-2022,occlusion_upstream,no_harm,N
CMP-11098,2021-07-11,Nimbus-Admin,LOT-3217-2021,occlusion_upstream,no_harm,Y
CMP-11099,2022-06-13,Nimbus-II-EMS,LOT-6053-2022,occlusion_upstream,no_harm,Y
CMP-11100,2019-09-07,Nimbus-II-Flex,LOT-2459-2019,occlusion_upstream,no_harm,Y
CMP-11101,2023-04-27,Nimbus-Flex,LOT-7967-2023,occlusion_upstream,no_harm,Y
CMP-11102,2022-12-09,Nimbus-Admin,LOT-9003-2022,occlusion_upstream,no_harm,N
CMP-11103,2023-07-11,Nimbus-II-Flex,LOT-2590-2023,occlusion_upstream,no_harm,N
CMP-11104,2023-06-06,Nimbus-Flex,LOT-2025-2023,occlusion_upstream,no_harm,N
CMP-11105,2023-06-14,Nimbus-II-EMS,LOT-6766-2023,occlusion_upstream,patient_discomfort,N
CMP-11106,2019-02-18,Nimbus-II-PainPRO,LOT-5119-2019,occlusion_upstream,serious_injury,Y
CMP-11107,2020-08-15,Nimbus-II-PainPRO,LOT-6926-2020,occlusion_upstream,no_harm,N
CMP-11108,2020-02-28,Nimbus-II-EMS,LOT-2760-2020,occlusion_upstream,no_harm,N
CMP-11109,2023-07-26,Nimbus-II-EpiD,LOT-8909-2023,occlusion_upstream,near_miss,N
CMP-11110,2019-12-11,Nimbus-II-Plus,LOT-7623-2019,occlusion_upstream,no_harm,N
CMP-11111,2022-12-04,Nimbus-II-EpiD,LOT-4091-2022,occlusion_upstream,no_harm,N
CMP-11112,2020-09-24,Nimbus-PainPro,LOT-1696-2020,occlusion_upstream,near_miss,N
CMP-11113,2023-05-07,Nimbus-Admin,LOT-6281-2023,occlusion_upstream,near_miss,N
CMP-11114,2021-12-11,Nimbus-II-Flex,LOT-3884-2021,occlusion_upstream,no_harm,N
CMP-11115,2024-02-04,Nimbus-II-Plus,LOT-2028-2024,occlusion_upstream,no_harm,Y
CMP-11116,2021-09-05,Nimbus-II-Flex,LOT-2808-2021,occlusion_upstream,near_miss,N
CMP-11117,2023-07-21,Nimbus-Admin,LOT-7984-2023,occlusion_upstream,no_harm,Y
CMP-11118,2024-06-10,Nimbus-II-PainPRO,LOT-1307-2024,occlusion_upstream,no_harm,Y
CMP-11119,2023-07-03,Nimbus-PainPro,LOT-7579-2023,occlusion_upstream,no_harm,N
CMP-11120,2024-08-17,Nimbus-II-Flex,LOT-1784-2024,occlusion_upstream,no_harm,N
CMP-11121,2022-08-24,Nimbus-Flex,LOT-2884-2022,occlusion_upstream,near_miss,N
CMP-11122,2021-06-02,Nimbus-II-Flex,LOT-5273-2021,occlusion_upstream,no_harm,Y
CMP-11123,2024-03-08,Nimbus-PainPro,LOT-2988-2024,occlusion_upstream,no_harm,Y
CMP-11124,2022-08-20,Nimbus-II-EMS,LOT-1167-2022,occlusion_upstream,no_harm,Y
CMP-11125,2021-12-26,Nimbus-II-Flex,LOT-3251-2021,occlusion_upstream,no_harm,Y
CMP-11126,2022-07-22,Nimbus-II-Plus,LOT-4331-2022,occlusion_upstream,no_harm,N
CMP-11127,2023-05-15,Nimbus-II-Plus,LOT-8097-2023,occlusion_upstream,no_harm,Y
CMP-11128,2019-06-10,Nimbus-II-EpiD,LOT-7273-2019,occlusion_upstream,near_miss,Y
CMP-11129,2020-10-04,Nimbus-Admin,LOT-4703-2020,occlusion_upstream,no_harm,Y
CMP-11130,2022-03-15,Nimbus-Admin,LOT-4543-2022,occlusion_upstream,no_harm,Y
CMP-11131,2024-04-09,Nimbus-II-EpiD,LOT-2337-2024,occlusion_upstream,near_miss,N
CMP-11132,2020-10-07,Nimbus-Flex,LOT-3404-2020,occlusion_upstream,no_harm,Y
CMP-11133,2023-02-23,Nimbus-PainPro,LOT-8390-2023,occlusion_upstream,no_harm,Y
CMP-11134,2020-01-15,Nimbus-II-EMS,LOT-5698-2020,occlusion_upstream,no_harm,N
CMP-11135,2023-06-01,Nimbus-PainPro,LOT-4863-2023,occlusion_upstream,no_harm,N
CMP-11136,2024-06-18,Nimbus-II-Plus,LOT-6645-2024,occlusion_upstream,no_harm,Y
CMP-11137,2023-10-01,Nimbus-II-Flex,LOT-1290-2023,occlusion_upstream,no_harm,Y
CMP-11138,2020-02-28,Nimbus-Admin,LOT-4301-2020,occlusion_upstream,near_miss,N
CMP-11139,2022-01-15,Nimbus-PainPro,LOT-6824-2022,occlusion_upstream,no_harm,Y
CMP-11140,2023-06-16,Nimbus-II-Flex,LOT-9737-2023,occlusion_upstream,no_harm,N
CMP-11141,2023-09-06,Nimbus-Admin,LOT-5830-2023,occlusion_upstream,patient_discomfort,Y
CMP-11142,2024-01-15,Nimbus-PainPro,LOT-9308-2024,occlusion_upstream,no_harm,Y
CMP-11143,2023-06-27,Nimbus-II-Flex,LOT-9508-2023,occlusion_upstream,no_harm,Y
CMP-11144,2020-09-22,Nimbus-II-Flex,LOT-7467-2020,occlusion_upstream,no_harm,N
CMP-11145,2021-09-04,Nimbus-Flex,LOT-7471-2021,occlusion_upstream,no_harm,Y
CMP-11146,2023-02-05,Nimbus-II-EpiD,LOT-2846-2023,occlusion_upstream,no_harm,N
CMP-11147,2019-07-13,Nimbus-Admin,LOT-4812-2019,occlusion_upstream,patient_discomfort,Y
CMP-11148,2019-11-27,Nimbus-II-Plus,LOT-6570-2019,occlusion_upstream,serious_injury,Y
CMP-11149,2020-02-27,Nimbus-II-Plus,LOT-6751-2020,occlusion_upstream,near_miss,N
CMP-11150,2022-12-06,Nimbus-Flex,LOT-6683-2022,occlusion_upstream,no_harm,Y
CMP-11151,2024-01-26,Nimbus-Admin,LOT-4191-2024,occlusion_upstream,no_harm,N
CMP-11152,2024-01-02,Nimbus-II-Flex,LOT-1771-2024,occlusion_upstream,no_harm,N
CMP-11153,2019-07-13,Nimbus-II-Plus,LOT-1756-2019,occlusion_upstream,no_harm,N
CMP-11154,2023-11-23,Nimbus-PainPro,LOT-4818-2023,occlusion_upstream,no_harm,Y
CMP-11155,2024-09-18,Nimbus-II-EpiD,LOT-9604-2024,occlusion_upstream,no_harm,Y
CMP-11156,2019-06-14,Nimbus-Admin,LOT-6216-2019,occlusion_upstream,no_harm,Y
CMP-11157,2023-10-08,Nimbus-II-EMS,LOT-3640-2023,occlusion_upstream,no_harm,Y
CMP-11158,2021-07-25,Nimbus-II-PainPRO,LOT-2677-2021,occlusion_upstream,no_harm,Y
CMP-11159,2023-07-18,Nimbus-Admin,LOT-9754-2023,occlusion_upstream,no_harm,Y
CMP-11160,2020-12-18,Nimbus-Flex,LOT-9716-2020,occlusion_upstream,no_harm,Y
CMP-11161,2023-06-09,Nimbus-II-EMS,LOT-3065-2023,occlusion_upstream,no_harm,N
CMP-11162,2020-10-14,Nimbus-II-PainPRO,LOT-3352-2020,occlusion_upstream,no_harm,Y
CMP-11163,2021-11-20,Nimbus-II-PainPRO,LOT-4269-2021,occlusion_upstream,no_harm,N
CMP-11164,2021-02-03,Nimbus-Flex,LOT-3522-2021,occlusion_upstream,no_harm,N
CMP-11165,2022-09-11,Nimbus-Admin,LOT-5365-2022,occlusion_upstream,no_harm,Y
CMP-11166,2023-09-10,Nimbus-II-EMS,LOT-8823-2023,occlusion_upstream,no_harm,Y
CMP-11167,2019-11-14,Nimbus-II-EpiD,LOT-9327-2019,occlusion_upstream,no_harm,Y
CMP-11168,2021-02-19,Nimbus-II-PainPRO,LOT-3120-2021,occlusion_upstream,no_harm,Y
CMP-11169,2019-08-13,Nimbus-II-Plus,LOT-5248-2019,occlusion_upstream,no_harm,N
CMP-11170,2021-01-04,Nimbus-II-PainPRO,LOT-7956-2021,occlusion_upstream,no_harm,Y
CMP-11171,2023-01-18,Nimbus-Admin,LOT-2694-2023,occlusion_upstream,no_harm,N
CMP-11172,2024-08-27,Nimbus-Flex,LOT-1963-2024,occlusion_upstream,no_harm,Y
CMP-11173,2024-07-09,Nimbus-Flex,LOT-9420-2024,occlusion_upstream,no_harm,N
CMP-11174,2023-12-06,Nimbus-Flex,LOT-4748-2023,occlusion_upstream,no_harm,N
CMP-11175,2024-03-24,Nimbus-II-Flex,LOT-4505-2024,occlusion_upstream,no_harm,N
CMP-11176,2022-12-04,Nimbus-Flex,LOT-9522-2022,occlusion_upstream,no_harm,Y
CMP-11177,2020-01-28,Nimbus-Flex,LOT-9986-2020,occlusion_upstream,near_miss,N
CMP-11178,2022-04-21,Nimbus-Admin,LOT-6681-2022,occlusion_upstream,no_harm,Y
CMP-11179,2024-10-22,Nimbus-II-Flex,LOT-4452-2024,occlusion_upstream,near_miss,Y
CMP-11180,2024-09-23,Nimbus-II-Flex,LOT-4856-2024,occlusion_upstream,no_harm,N
CMP-11181,2019-01-21,Nimbus-II-PainPRO,LOT-8337-2019,occlusion_upstream,no_harm,N
CMP-11182,2022-10-22,Nimbus-II-PainPRO,LOT-1671-2022,occlusion_upstream,near_miss,Y
CMP-11183,2024-08-18,Nimbus-II-Flex,LOT-4505-2024,occlusion_upstream,patient_discomfort,Y
CMP-11184,2024-12-25,Nimbus-II-Plus,LOT-9382-2024,occlusion_upstream,no_harm,N
CMP-11185,2024-02-04,Nimbus-Flex,LOT-7728-2024,occlusion_upstream,serious_injury,Y
CMP-11186,2022-04-25,Nimbus-II-EpiD,LOT-2006-2022,occlusion_upstream,no_harm,Y
CMP-11187,2023-05-27,Nimbus-Flex,LOT-9720-2023,occlusion_upstream,no_harm,N
CMP-11188,2019-01-18,Nimbus-Admin,LOT-3406-2019,occlusion_upstream,serious_injury,Y
CMP-11189,2024-07-11,Nimbus-Flex,LOT-4164-2024,occlusion_upstream,near_miss,N
CMP-11190,2023-11-10,Nimbus-Flex,LOT-7095-2023,occlusion_upstream,no_harm,N
CMP-11191,2020-11-05,Nimbus-II-EpiD,LOT-3335-2020,occlusion_upstream,no_harm,Y
CMP-11192,2019-08-08,Nimbus-Admin,LOT-3957-2019,occlusion_upstream,patient_discomfort,Y
CMP-11193,2020-04-26,Nimbus-II-Plus,LOT-8217-2020,occlusion_upstream,no_harm,Y
CMP-11194,2024-02-15,Nimbus-II-EpiD,LOT-3271-2024,occlusion_upstream,near_miss,Y
CMP-11195,2020-12-09,Nimbus-Admin,LOT-6803-2020,occlusion_upstream,no_harm,Y
CMP-11196,2020-03-01,Nimbus-II-Flex,LOT-7813-2020,occlusion_upstream,no_harm,N
CMP-11197,2024-01-03,Nimbus-Admin,LOT-7930-2024,occlusion_upstream,no_harm,Y
CMP-11198,2022-12-25,Nimbus-Admin,LOT-8616-2022,occlusion_upstream,no_harm,N
CMP-11199,2022-10-15,Nimbus-II-Flex,LOT-8586-2022,occlusion_upstream,no_harm,N
CMP-11200,2019-11-20,Nimbus-II-EpiD,LOT-2528-2019,occlusion_upstream,near_miss,Y
CMP-11201,2022-01-19,Nimbus-II-EpiD,LOT-6315-2022,occlusion_upstream,no_harm,Y
CMP-11202,2020-03-19,Nimbus-II-Flex,LOT-5171-2020,occlusion_upstream,patient_discomfort,Y
CMP-11203,2020-01-08,Nimbus-PainPro,LOT-9878-2020,occlusion_upstream,no_harm,N
CMP-11204,2023-01-05,Nimbus-II-Flex,LOT-2256-2023,occlusion_upstream,no_harm,Y
CMP-11205,2021-04-14,Nimbus-II-Flex,LOT-3668-2021,occlusion_upstream,near_miss,Y
CMP-11206,2019-11-11,Nimbus-II-Flex,LOT-6833-2019,occlusion_upstream,no_harm,N
CMP-11207,2023-09-11,Nimbus-PainPro,LOT-8475-2023,occlusion_upstream,no_harm,N
CMP-11208,2021-02-17,Nimbus-II-EpiD,LOT-9102-2021,occlusion_upstream,no_harm,Y
CMP-11209,2024-02-24,Nimbus-II-EMS,LOT-8453-2024,occlusion_upstream,patient_discomfort,N
CMP-11210,2022-02-17,Nimbus-PainPro,LOT-3482-2022,occlusion_upstream,no_harm,Y
CMP-11211,2020-02-27,Nimbus-Flex,LOT-6895-2020,occlusion_upstream,no_harm,N
CMP-11212,2023-09-06,Nimbus-Flex,LOT-5356-2023,occlusion_upstream,no_harm,N
CMP-11213,2022-06-26,Nimbus-II-Plus,LOT-3265-2022,occlusion_upstream,patient_discomfort,N
CMP-11214,2020-04-01,Nimbus-II-EMS,LOT-3442-2020,occlusion_upstream,no_harm,N
CMP-11215,2019-02-27,Nimbus-II-Plus,LOT-8425-2019,occlusion_upstream,no_harm,Y
CMP-11216,2020-10-16,Nimbus-PainPro,LOT-3665-2020,occlusion_upstream,no_harm,Y
CMP-11217,2024-12-16,Nimbus-Flex,LOT-3797-2024,occlusion_upstream,no_harm,Y
CMP-11218,2022-08-21,Nimbus-II-PainPRO,LOT-8749-2022,occlusion_upstream,patient_discomfort,Y
CMP-11219,2021-07-16,Nimbus-PainPro,LOT-1430-2021,occlusion_upstream,near_miss,Y
CMP-11220,2022-02-20,Nimbus-Flex,LOT-5215-2022,occlusion_upstream,no_harm,Y
CMP-11221,2022-08-12,Nimbus-Admin,LOT-5678-2022,occlusion_upstream,no_harm,N
CMP-11222,2019-04-23,Nimbus-II-PainPRO,LOT-6025-2019,occlusion_upstream,no_harm,Y
CMP-11223,2021-05-17,Nimbus-II-Flex,LOT-8992-2021,occlusion_upstream,no_harm,N
CMP-11224,2024-06-16,Nimbus-PainPro,LOT-4996-2024,occlusion_upstream,no_harm,N
CMP-11225,2021-08-14,Nimbus-Admin,LOT-8305-2021,occlusion_upstream,no_harm,N
CMP-11226,2022-04-15,Nimbus-Flex,LOT-8470-2022,occlusion_upstream,no_harm,Y
CMP-11227,2022-01-28,Nimbus-II-EpiD,LOT-1393-2022,occlusion_upstream,no_harm,Y
CMP-11228,2019-04-21,Nimbus-Admin,LOT-3634-2019,occlusion_upstream,no_harm,Y
CMP-11229,2023-09-21,Nimbus-PainPro,LOT-5524-2023,occlusion_upstream,no_harm,Y
CMP-11230,2022-06-13,Nimbus-II-EMS,LOT-6704-2022,occlusion_upstream,no_harm,Y
CMP-11231,2024-01-05,Nimbus-Admin,LOT-3029-2024,occlusion_upstream,no_harm,Y
CMP-11232,2024-10-01,Nimbus-PainPro,LOT-7640-2024,occlusion_upstream,no_harm,N
CMP-11233,2022-06-06,Nimbus-II-PainPRO,LOT-1763-2022,occlusion_upstream,no_harm,N
CMP-11234,2023-12-28,Nimbus-II-Flex,LOT-8207-2023,occlusion_upstream,no_harm,N
CMP-11235,2019-02-10,Nimbus-II-PainPRO,LOT-9169-2019,occlusion_upstream,patient_discomfort,Y
CMP-11236,2019-07-13,Nimbus-II-EMS,LOT-9553-2019,occlusion_upstream,no_harm,Y
CMP-11237,2021-12-11,Nimbus-PainPro,LOT-2788-2021,occlusion_upstream,no_harm,N
CMP-11238,2022-09-04,Nimbus-Admin,LOT-3310-2022,occlusion_upstream,no_harm,Y
CMP-11239,2024-09-08,Nimbus-Flex,LOT-4725-2024,occlusion_upstream,no_harm,N
CMP-11240,2023-08-28,Nimbus-II-Plus,LOT-4916-2023,occlusion_upstream,no_harm,N
CMP-11241,2020-08-21,Nimbus-II-Plus,LOT-4947-2020,occlusion_upstream,near_miss,N
CMP-11242,2019-08-19,Nimbus-II-Flex,LOT-3383-2019,occlusion_upstream,no_harm,Y
CMP-11243,2020-05-23,Nimbus-II-Flex,LOT-7553-2020,occlusion_upstream,near_miss,Y
CMP-11244,2019-10-04,Nimbus-II-PainPRO,LOT-6909-2019,occlusion_upstream,no_harm,N
CMP-11245,2023-02-26,Nimbus-II-EpiD,LOT-3987-2023,occlusion_upstream,serious_injury,Y
CMP-11246,2019-07-13,Nimbus-II-EpiD,LOT-4148-2019,occlusion_upstream,near_miss,Y
CMP-11247,2020-08-15,Nimbus-Admin,LOT-1673-2020,occlusion_upstream,serious_injury,Y
CMP-11248,2024-01-23,Nimbus-Admin,LOT-1269-2024,occlusion_upstream,no_harm,Y
CMP-11249,2022-05-25,Nimbus-PainPro,LOT-8879-2022,occlusion_upstream,no_harm,N
CMP-11250,2020-10-05,Nimbus-Flex,LOT-7757-2020,occlusion_upstream,patient_discomfort,N
CMP-11251,2022-08-05,Nimbus-II-PainPRO,LOT-1129-2022,occlusion_upstream,death,Y
CMP-11252,2019-09-06,Nimbus-PainPro,LOT-7335-2019,occlusion_upstream,no_harm,N
CMP-11253,2021-10-14,Nimbus-II-EMS,LOT-2576-2021,occlusion_upstream,no_harm,Y
CMP-11254,2023-08-02,Nimbus-Flex,LOT-5365-2023,occlusion_upstream,serious_injury,Y
CMP-11255,2023-10-18,Nimbus-Flex,LOT-8810-2023,occlusion_upstream,no_harm,N
CMP-11256,2019-12-27,Nimbus-Admin,LOT-8236-2019,occlusion_upstream,no_harm,Y
CMP-11257,2024-10-24,Nimbus-II-PainPRO,LOT-2925-2024,occlusion_upstream,serious_injury,Y
CMP-11258,2020-05-24,Nimbus-II-Plus,LOT-3239-2020,occlusion_upstream,near_miss,N
CMP-11259,2021-02-01,Nimbus-PainPro,LOT-6656-2021,occlusion_upstream,patient_discomfort,N
CMP-11260,2020-01-17,Nimbus-Flex,LOT-3874-2020,occlusion_upstream,serious_injury,Y
CMP-11261,2019-09-17,Nimbus-II-Plus,LOT-9632-2019,occlusion_upstream,no_harm,N
CMP-11262,2019-11-18,Nimbus-PainPro,LOT-4866-2019,occlusion_upstream,no_harm,N
CMP-11263,2021-09-26,Nimbus-Flex,LOT-3098-2021,occlusion_upstream,no_harm,Y
CMP-11264,2024-08-06,Nimbus-PainPro,LOT-6528-2024,occlusion_upstream,no_harm,Y
CMP-11265,2020-12-05,Nimbus-II-Flex,LOT-1092-2020,occlusion_upstream,no_harm,Y
CMP-11266,2019-01-03,Nimbus-II-EMS,LOT-7874-2019,occlusion_upstream,no_harm,N
CMP-11267,2022-01-05,Nimbus-PainPro,LOT-3547-2022,occlusion_upstream,no_harm,Y
CMP-11268,2020-03-26,Nimbus-II-Flex,LOT-7707-2020,occlusion_upstream,no_harm,Y
CMP-11269,2021-05-07,Nimbus-II-Plus,LOT-2047-2021,occlusion_upstream,no_harm,Y
CMP-11270,2022-12-16,Nimbus-II-Plus,LOT-2915-2022,occlusion_upstream,no_harm,Y
CMP-11271,2023-11-02,Nimbus-II-EMS,LOT-9935-2023,occlusion_upstream,no_harm,Y
CMP-11272,2022-06-04,Nimbus-PainPro,LOT-5083-2022,occlusion_upstream,no_harm,N
CMP-11273,2023-08-06,Nimbus-Admin,LOT-3445-2023,occlusion_upstream,no_harm,N
CMP-11274,2022-07-27,Nimbus-II-Plus,LOT-9416-2022,occlusion_upstream,no_harm,N
CMP-11275,2022-01-26,Nimbus-II-Plus,LOT-7283-2022,occlusion_upstream,no_harm,N
CMP-11276,2022-05-09,Nimbus-PainPro,LOT-7405-2022,occlusion_upstream,no_harm,N
CMP-11277,2020-04-20,Nimbus-Admin,LOT-3843-2020,occlusion_upstream,no_harm,N
CMP-11278,2020-06-15,Nimbus-II-EMS,LOT-1882-2020,occlusion_upstream,no_harm,N
CMP-11279,2023-12-17,Nimbus-II-PainPRO,LOT-1627-2023,occlusion_upstream,patient_discomfort,N
CMP-11280,2024-10-19,Nimbus-PainPro,LOT-1138-2024,occlusion_upstream,serious_injury,Y
CMP-11281,2024-09-25,Nimbus-PainPro,LOT-3128-2024,occlusion_upstream,no_harm,N
CMP-11282,2023-05-07,Nimbus-II-Plus,LOT-2809-2023,occlusion_upstream,near_miss,N
CMP-11283,2021-03-15,Nimbus-II-PainPRO,LOT-4105-2021,occlusion_upstream,no_harm,N
CMP-11284,2021-09-03,Nimbus-Admin,LOT-9940-2021,occlusion_upstream,no_harm,Y
CMP-11285,2024-10-21,Nimbus-Flex,LOT-3413-2024,occlusion_upstream,serious_injury,Y
CMP-11286,2020-08-05,Nimbus-II-EpiD,LOT-2640-2020,occlusion_upstream,no_harm,Y
CMP-11287,2019-01-09,Nimbus-Flex,LOT-2880-2019,occlusion_upstream,no_harm,Y
CMP-11288,2023-06-20,Nimbus-PainPro,LOT-7109-2023,occlusion_upstream,no_harm,Y
CMP-11289,2023-03-10,Nimbus-Flex,LOT-8993-2023,occlusion_upstream,no_harm,Y
CMP-11290,2023-06-26,Nimbus-II-Plus,LOT-1145-2023,occlusion_upstream,no_harm,N
CMP-11291,2022-10-25,Nimbus-II-Plus,LOT-8247-2022,occlusion_upstream,patient_discomfort,Y
CMP-11292,2023-10-15,Nimbus-Admin,LOT-9058-2023,occlusion_upstream,no_harm,Y
CMP-11293,2020-12-05,Nimbus-II-Plus,LOT-7649-2020,occlusion_upstream,no_harm,Y
CMP-11294,2020-05-15,Nimbus-II-EpiD,LOT-7701-2020,occlusion_upstream,near_miss,Y
CMP-11295,2022-04-06,Nimbus-II-Flex,LOT-8009-2022,occlusion_upstream,near_miss,Y
CMP-11296,2024-07-09,Nimbus-II-EMS,LOT-3829-2024,occlusion_upstream,near_miss,Y
CMP-11297,2019-01-06,Nimbus-II-EpiD,LOT-9658-2019,occlusion_upstream,near_miss,Y
CMP-11298,2021-03-25,Nimbus-II-EpiD,LOT-5084-2021,occlusion_upstream,no_harm,N
CMP-11299,2019-06-13,Nimbus-PainPro,LOT-9881-2019,occlusion_upstream,no_harm,N
CMP-11300,2024-08-06,Nimbus-II-Plus,LOT-8426-2024,occlusion_upstream,no_harm,Y
CMP-11301,2023-06-21,Nimbus-II-Plus,LOT-3526-2023,occlusion_upstream,no_harm,Y
CMP-11302,2024-01-09,Nimbus-PainPro,LOT-1766-2024,occlusion_upstream,near_miss,N
CMP-11303,2021-08-26,Nimbus-PainPro,LOT-4819-2021,occlusion_upstream,no_harm,N
CMP-11304,2024-03-16,Nimbus-II-PainPRO,LOT-4456-2024,occlusion_upstream,patient_discomfort,Y
CMP-11305,2019-11-21,Nimbus-II-PainPRO,LOT-2261-2019,occlusion_upstream,no_harm,Y
CMP-11306,2021-01-22,Nimbus-Flex,LOT-1729-2021,occlusion_upstream,near_miss,Y
CMP-11307,2022-06-08,Nimbus-II-EpiD,LOT-5719-2022,occlusion_upstream,no_harm,N
CMP-11308,2019-05-19,Nimbus-II-Plus,LOT-8038-2019,occlusion_upstream,no_harm,N
CMP-11309,2020-06-17,Nimbus-Flex,LOT-6920-2020,occlusion_upstream,no_harm,N
CMP-11310,2021-09-05,Nimbus-Flex,LOT-8457-2021,occlusion_upstream,no_harm,Y
CMP-11311,2022-07-14,Nimbus-II-PainPRO,LOT-6214-2022,occlusion_upstream,serious_injury,Y
CMP-11312,2020-12-23,Nimbus-II-Flex,LOT-1465-2020,occlusion_upstream,no_harm,Y
CMP-11313,2022-04-06,Nimbus-II-PainPRO,LOT-5318-2022,occlusion_upstream,no_harm,N
CMP-11314,2023-08-25,Nimbus-II-PainPRO,LOT-5156-2023,occlusion_upstream,patient_discomfort,Y
CMP-11315,2020-02-11,Nimbus-PainPro,LOT-9049-2020,occlusion_upstream,no_harm,Y
CMP-11316,2022-01-05,Nimbus-II-EMS,LOT-5175-2022,occlusion_upstream,no_harm,Y
CMP-11317,2022-01-24,Nimbus-II-EMS,LOT-8028-2022,occlusion_upstream,no_harm,N
CMP-11318,2023-05-10,Nimbus-PainPro,LOT-8335-2023,occlusion_upstream,no_harm,N
CMP-11319,2019-09-20,Nimbus-PainPro,LOT-2296-2019,occlusion_upstream,no_harm,N
CMP-11320,2020-07-12,Nimbus-II-PainPRO,LOT-4696-2020,occlusion_upstream,no_harm,Y
CMP-11321,2020-11-09,Nimbus-II-PainPRO,LOT-4974-2020,occlusion_upstream,no_harm,N
CMP-11322,2023-08-25,Nimbus-II-EpiD,LOT-4873-2023,occlusion_upstream,no_harm,N
CMP-11323,2019-05-18,Nimbus-Admin,LOT-4192-2019,occlusion_upstream,no_harm,N
CMP-11324,2024-01-09,Nimbus-II-Flex,LOT-4720-2024,occlusion_upstream,no_harm,Y
CMP-11325,2023-01-05,Nimbus-II-PainPRO,LOT-1256-2023,occlusion_upstream,no_harm,N
CMP-11326,2023-04-14,Nimbus-Flex,LOT-6143-2023,occlusion_upstream,near_miss,N
CMP-11327,2023-03-21,Nimbus-Flex,LOT-3888-2023,occlusion_upstream,no_harm,N
CMP-11328,2020-04-09,Nimbus-PainPro,LOT-4696-2020,occlusion_upstream,no_harm,Y
CMP-11329,2019-06-04,Nimbus-II-EMS,LOT-4538-2019,occlusion_upstream,no_harm,Y
CMP-11330,2023-01-07,Nimbus-II-PainPRO,LOT-7645-2023,occlusion_upstream,no_harm,N
CMP-11331,2020-02-13,Nimbus-Flex,LOT-5198-2020,occlusion_upstream,no_harm,Y
CMP-11332,2023-02-05,Nimbus-PainPro,LOT-6569-2023,occlusion_upstream,no_harm,N
CMP-11333,2019-08-25,Nimbus-II-PainPRO,LOT-3672-2019,occlusion_upstream,no_harm,Y
CMP-11334,2023-09-13,Nimbus-II-PainPRO,LOT-2023-2023,occlusion_upstream,no_harm,N
CMP-11335,2019-04-09,Nimbus-II-Plus,LOT-6677-2019,occlusion_upstream,no_harm,Y
CMP-11336,2022-07-07,Nimbus-Admin,LOT-5424-2022,occlusion_upstream,no_harm,Y
CMP-11337,2019-11-01,Nimbus-II-Flex,LOT-8723-2019,occlusion_upstream,serious_injury,Y
CMP-11338,2022-11-09,Nimbus-II-EMS,LOT-5452-2022,occlusion_upstream,serious_injury,Y
CMP-11339,2021-06-23,Nimbus-Flex,LOT-6819-2021,occlusion_upstream,serious_injury,Y
CMP-11340,2020-08-26,Nimbus-II-Plus,LOT-8414-2020,occlusion_upstream,no_harm,Y
CMP-11341,2019-10-09,Nimbus-II-EpiD,LOT-2384-2019,occlusion_upstream,no_harm,N
CMP-11342,2024-11-25,Nimbus-II-PainPRO,LOT-9147-2024,occlusion_upstream,no_harm,Y
CMP-11343,2023-03-01,Nimbus-II-PainPRO,LOT-9732-2023,occlusion_upstream,no_harm,Y
CMP-11344,2023-05-26,Nimbus-II-EpiD,LOT-6578-2023,occlusion_upstream,no_harm,N
CMP-11345,2022-09-23,Nimbus-II-EMS,LOT-1706-2022,occlusion_upstream,serious_injury,Y
CMP-11346,2019-08-06,Nimbus-PainPro,LOT-1755-2019,occlusion_upstream,no_harm,N
CMP-11347,2021-11-13,Nimbus-II-PainPRO,LOT-6960-2021,occlusion_upstream,no_harm,Y
CMP-11348,2020-11-19,Nimbus-II-Flex,LOT-3872-2020,occlusion_upstream,serious_injury,Y
CMP-11349,2019-06-26,Nimbus-II-Flex,LOT-3594-2019,occlusion_upstream,patient_discomfort,Y
CMP-11350,2019-03-06,Nimbus-II-PainPRO,LOT-2659-2019,occlusion_upstream,no_harm,N
CMP-11351,2022-11-05,Nimbus-II-Flex,LOT-1236-2022,occlusion_upstream,no_harm,Y
CMP-11352,2022-01-27,Nimbus-II-EMS,LOT-4704-2022,occlusion_upstream,no_harm,Y
CMP-11353,2021-10-13,Nimbus-II-Flex,LOT-3689-2021,occlusion_upstream,no_harm,Y
CMP-11354,2023-03-25,Nimbus-PainPro,LOT-8600-2023,occlusion_upstream,no_harm,Y
CMP-11355,2022-04-26,Nimbus-II-PainPRO,LOT-3868-2022,occlusion_upstream,no_harm,N
CMP-11356,2024-08-27,Nimbus-PainPro,LOT-3433-2024,occlusion_upstream,serious_injury,Y
CMP-11357,2019-09-01,Nimbus-II-Plus,LOT-8066-2019,occlusion_upstream,no_harm,N
CMP-11358,2024-02-23,Nimbus-II-Plus,LOT-4014-2024,occlusion_upstream,no_harm,N
CMP-11359,2023-03-22,Nimbus-Flex,LOT-4443-2023,occlusion_upstream,no_harm,Y
CMP-11360,2021-04-26,Nimbus-II-EMS,LOT-6437-2021,occlusion_upstream,near_miss,N
CMP-11361,2021-12-06,Nimbus-II-Plus,LOT-6684-2021,occlusion_upstream,no_harm,Y
CMP-11362,2021-08-16,Nimbus-Admin,LOT-2971-2021,occlusion_upstream,no_harm,N
CMP-11363,2021-07-16,Nimbus-PainPro,LOT-5412-2021,occlusion_upstream,no_harm,Y
CMP-11364,2020-12-19,Nimbus-Flex,LOT-5569-2020,occlusion_upstream,no_harm,N
CMP-11365,2021-01-27,Nimbus-II-EpiD,LOT-1325-2021,occlusion_upstream,near_miss,N
CMP-11366,2022-12-13,Nimbus-II-EMS,LOT-5359-2022,occlusion_upstream,no_harm,N
CMP-11367,2024-04-17,Nimbus-II-EMS,LOT-9772-2024,occlusion_upstream,no_harm,Y
CMP-11368,2019-06-27,Nimbus-II-EMS,LOT-7932-2019,occlusion_upstream,no_harm,N
CMP-11369,2023-08-20,Nimbus-PainPro,LOT-6255-2023,occlusion_upstream,no_harm,Y
CMP-11370,2020-04-20,Nimbus-II-EpiD,LOT-4350-2020,occlusion_upstream,no_harm,Y
CMP-11371,2020-01-11,Nimbus-II-EMS,LOT-7920-2020,occlusion_upstream,no_harm,N
CMP-11372,2021-12-12,Nimbus-II-PainPRO,LOT-1665-2021,occlusion_upstream,no_harm,Y
CMP-11373,2019-01-27,Nimbus-II-Plus,LOT-4078-2019,occlusion_upstream,no_harm,Y
CMP-11374,2023-03-02,Nimbus-PainPro,LOT-6665-2023,occlusion_upstream,no_harm,N
CMP-11375,2023-02-07,Nimbus-II-EpiD,LOT-4744-2023,occlusion_upstream,no_harm,N
CMP-11376,2021-03-02,Nimbus-II-Flex,LOT-7057-2021,occlusion_upstream,patient_discomfort,Y
CMP-11377,2023-08-05,Nimbus-II-EMS,LOT-7341-2023,occlusion_upstream,serious_injury,Y
CMP-11378,2019-08-05,Nimbus-II-Plus,LOT-2288-2019,occlusion_upstream,no_harm,N
CMP-11379,2019-03-06,Nimbus-II-Flex,LOT-9189-2019,occlusion_upstream,no_harm,Y
CMP-11380,2024-03-25,Nimbus-Admin,LOT-6716-2024,occlusion_upstream,near_miss,N
CMP-11381,2024-06-26,Nimbus-II-Flex,LOT-2886-2024,occlusion_upstream,patient_discomfort,N
CMP-11382,2024-03-15,Nimbus-II-EMS,LOT-6686-2024,occlusion_upstream,no_harm,N
CMP-11383,2019-01-20,Nimbus-II-PainPRO,LOT-3690-2019,occlusion_upstream,no_harm,N
CMP-11384,2019-01-08,Nimbus-II-EpiD,LOT-7214-2019,occlusion_upstream,no_harm,Y
CMP-11385,2024-11-12,Nimbus-PainPro,LOT-5988-2024,occlusion_upstream,patient_discomfort,Y
CMP-11386,2019-06-17,Nimbus-Flex,LOT-8056-2019,occlusion_upstream,no_harm,N
CMP-11387,2023-07-26,Nimbus-PainPro,LOT-8586-2023,occlusion_upstream,no_harm,N
CMP-11388,2024-06-25,Nimbus-Admin,LOT-7102-2024,occlusion_upstream,no_harm,N
CMP-11389,2023-04-02,Nimbus-Flex,LOT-8456-2023,occlusion_upstream,no_harm,N
CMP-11390,2020-12-26,Nimbus-II-Plus,LOT-4850-2020,occlusion_upstream,no_harm,N
CMP-11391,2019-05-18,Nimbus-Flex,LOT-2935-2019,occlusion_upstream,no_harm,N
CMP-11392,2020-06-11,Nimbus-II-Flex,LOT-9120-2020,occlusion_upstream,patient_discomfort,N
CMP-11393,2020-12-15,Nimbus-II-PainPRO,LOT-9925-2020,occlusion_upstream,no_harm,N
CMP-11394,2021-02-23,Nimbus-II-PainPRO,LOT-7664-2021,occlusion_upstream,no_harm,N
CMP-11395,2021-04-21,Nimbus-PainPro,LOT-5663-2021,occlusion_upstream,serious_injury,Y
CMP-11396,2021-10-08,Nimbus-II-Plus,LOT-3104-2021,occlusion_upstream,near_miss,N
CMP-11397,2021-12-20,Nimbus-II-Plus,LOT-5394-2021,occlusion_upstream,no_harm,N
CMP-11398,2022-05-17,Nimbus-II-Flex,LOT-9100-2022,occlusion_upstream,no_harm,Y
CMP-11399,2023-10-07,Nimbus-II-Plus,LOT-1564-2023,occlusion_upstream,patient_discomfort,N
CMP-11400,2021-12-26,Nimbus-Admin,LOT-6895-2021,occlusion_upstream,no_harm,N
CMP-11401,2023-08-01,Nimbus-Flex,LOT-2401-2023,occlusion_upstream,no_harm,N
CMP-11402,2021-08-14,Nimbus-PainPro,LOT-6551-2021,occlusion_upstream,near_miss,N
CMP-11403,2023-02-08,Nimbus-II-Plus,LOT-4790-2023,occlusion_upstream,serious_injury,Y
CMP-11404,2024-08-25,Nimbus-II-Flex,LOT-9431-2024,occlusion_upstream,no_harm,Y
CMP-11405,2019-10-08,Nimbus-II-Flex,LOT-8317-2019,occlusion_upstream,no_harm,N
CMP-11406,2019-05-18,Nimbus-II-EpiD,LOT-6862-2019,occlusion_upstream,no_harm,Y
CMP-11407,2021-11-01,Nimbus-II-EMS,LOT-6414-2021,occlusion_upstream,near_miss,Y
CMP-11408,2023-02-26,Nimbus-Admin,LOT-6496-2023,occlusion_upstream,no_harm,Y
CMP-11409,2020-10-27,Nimbus-PainPro,LOT-1630-2020,occlusion_upstream,no_harm,N
CMP-11410,2020-06-09,Nimbus-Admin,LOT-5970-2020,occlusion_upstream,no_harm,Y
CMP-11411,2022-09-25,Nimbus-PainPro,LOT-3562-2022,occlusion_upstream,no_harm,N
CMP-11412,2020-07-18,Nimbus-Admin,LOT-2094-2020,occlusion_upstream,near_miss,N
CMP-11413,2023-01-18,Nimbus-II-EMS,LOT-3051-2023,occlusion_upstream,serious_injury,Y
CMP-11414,2021-06-07,Nimbus-Flex,LOT-8095-2021,occlusion_upstream,no_harm,Y
CMP-11415,2020-06-26,Nimbus-II-EMS,LOT-8023-2020,occlusion_upstream,no_harm,Y
CMP-11416,2024-05-15,Nimbus-II-PainPRO,LOT-7547-2024,occlusion_upstream,no_harm,N
CMP-11417,2020-09-03,Nimbus-PainPro,LOT-2222-2020,occlusion_upstream,no_harm,Y
CMP-11418,2022-12-28,Nimbus-II-EMS,LOT-8265-2022,occlusion_upstream,serious_injury,Y
CMP-11419,2019-07-13,Nimbus-II-EpiD,LOT-6079-2019,occlusion_upstream,serious_injury,Y
CMP-11420,2020-11-20,Nimbus-PainPro,LOT-4328-2020,occlusion_upstream,no_harm,N
CMP-11421,2019-10-22,Nimbus-II-PainPRO,LOT-3059-2019,occlusion_upstream,no_harm,N
CMP-11422,2022-09-22,Nimbus-Flex,LOT-1038-2022,occlusion_upstream,no_harm,N
CMP-11423,2020-01-10,Nimbus-PainPro,LOT-6298-2020,occlusion_upstream,no_harm,Y
CMP-11424,2020-07-28,Nimbus-II-EMS,LOT-6249-2020,occlusion_upstream,no_harm,Y
CMP-11425,2019-10-01,Nimbus-Flex,LOT-3732-2019,occlusion_upstream,no_harm,N
CMP-11426,2024-05-24,Nimbus-II-EMS,LOT-8248-2024,occlusion_upstream,no_harm,N
CMP-11427,2020-03-14,Nimbus-II-EMS,LOT-4129-2020,occlusion_upstream,near_miss,Y
CMP-11428,2023-05-23,Nimbus-II-PainPRO,LOT-2720-2023,occlusion_upstream,no_harm,Y
CMP-11429,2023-06-06,Nimbus-Admin,LOT-7920-2023,occlusion_upstream,no_harm,Y
CMP-11430,2021-01-27,Nimbus-II-Plus,LOT-9835-2021,occlusion_upstream,no_harm,N
CMP-11431,2024-05-19,Nimbus-Flex,LOT-7187-2024,occlusion_upstream,no_harm,Y
CMP-11432,2019-08-06,Nimbus-II-PainPRO,LOT-9751-2019,occlusion_upstream,near_miss,Y
CMP-11433,2024-10-05,Nimbus-II-Plus,LOT-4322-2024,occlusion_upstream,no_harm,Y
CMP-11434,2021-06-22,Nimbus-II-Plus,LOT-5741-2021,occlusion_upstream,no_harm,Y
CMP-11435,2021-12-26,Nimbus-PainPro,LOT-6124-2021,occlusion_upstream,no_harm,Y
CMP-11436,2021-04-26,Nimbus-II-PainPRO,LOT-9879-2021,occlusion_upstream,no_harm,N
CMP-11437,2022-01-13,Nimbus-Flex,LOT-1776-2022,occlusion_upstream,serious_injury,Y
CMP-11438,2022-10-26,Nimbus-PainPro,LOT-1568-2022,occlusion_upstream,no_harm,N
CMP-11439,2024-02-26,Nimbus-II-PainPRO,LOT-7675-2024,occlusion_upstream,no_harm,Y
CMP-11440,2019-08-13,Nimbus-II-PainPRO,LOT-9765-2019,occlusion_upstream,no_harm,N
CMP-11441,2020-11-11,Nimbus-Admin,LOT-2743-2020,occlusion_upstream,no_harm,Y
CMP-11442,2023-08-09,Nimbus-II-Plus,LOT-7339-2023,occlusion_upstream,no_harm,N
CMP-11443,2021-02-07,Nimbus-II-EMS,LOT-8178-2021,occlusion_upstream,no_harm,N
CMP-11444,2023-06-16,Nimbus-Admin,LOT-2415-2023,occlusion_upstream,near_miss,Y
CMP-11445,2019-01-14,Nimbus-PainPro,LOT-1609-2019,occlusion_upstream,no_harm,N
CMP-11446,2020-08-18,Nimbus-II-PainPRO,LOT-5517-2020,occlusion_upstream,no_harm,N
CMP-11447,2019-07-09,Nimbus-Flex,LOT-6682-2019,occlusion_upstream,no_harm,N
CMP-11448,2023-07-21,Nimbus-PainPro,LOT-8593-2023,occlusion_upstream,near_miss,N
CMP-11449,2022-05-20,Nimbus-II-Plus,LOT-6302-2022,occlusion_upstream,no_harm,N
CMP-11450,2022-07-22,Nimbus-II-EpiD,LOT-9384-2022,occlusion_upstream,no_harm,N
CMP-11451,2021-09-18,Nimbus-II-EpiD,LOT-1557-2021,occlusion_upstream,patient_discomfort,Y
CMP-11452,2022-08-09,Nimbus-Admin,LOT-2795-2022,occlusion_upstream,no_harm,N
CMP-11453,2020-10-27,Nimbus-PainPro,LOT-5737-2020,occlusion_upstream,no_harm,N
CMP-11454,2020-12-23,Nimbus-Flex,LOT-1299-2020,occlusion_upstream,no_harm,Y
CMP-11455,2020-09-08,Nimbus-II-EMS,LOT-3882-2020,occlusion_upstream,no_harm,Y
CMP-11456,2022-06-09,Nimbus-II-EMS,LOT-3668-2022,occlusion_upstream,no_harm,Y
CMP-11457,2022-07-22,Nimbus-Admin,LOT-4827-2022,occlusion_upstream,serious_injury,Y
CMP-11458,2023-06-18,Nimbus-II-EpiD,LOT-9836-2023,occlusion_upstream,patient_discomfort,N
CMP-11459,2021-02-15,Nimbus-PainPro,LOT-3607-2021,occlusion_upstream,near_miss,N
CMP-11460,2022-02-13,Nimbus-II-PainPRO,LOT-7961-2022,occlusion_upstream,near_miss,N
CMP-11461,2021-12-16,Nimbus-Flex,LOT-6621-2021,occlusion_upstream,no_harm,N
CMP-11462,2021-04-10,Nimbus-II-Plus,LOT-4194-2021,occlusion_upstream,no_harm,Y
CMP-11463,2023-06-21,Nimbus-II-EpiD,LOT-5654-2023,occlusion_upstream,no_harm,Y
CMP-11464,2021-08-25,Nimbus-II-Plus,LOT-7940-2021,occlusion_upstream,no_harm,N
CMP-11465,2022-06-08,Nimbus-II-EpiD,LOT-4779-2022,occlusion_upstream,no_harm,N
CMP-11466,2019-02-03,Nimbus-II-Plus,LOT-2068-2019,occlusion_upstream,patient_discomfort,N
CMP-11467,2023-12-15,Nimbus-PainPro,LOT-9460-2023,occlusion_upstream,no_harm,Y
CMP-11468,2019-06-10,Nimbus-II-EpiD,LOT-4595-2019,occlusion_upstream,no_harm,N
CMP-11469,2023-08-04,Nimbus-Admin,LOT-6969-2023,occlusion_upstream,no_harm,Y
CMP-11470,2021-10-18,Nimbus-Flex,LOT-1815-2021,occlusion_upstream,no_harm,N
CMP-11471,2019-10-25,Nimbus-II-EpiD,LOT-1742-2019,occlusion_upstream,serious_injury,Y
CMP-11472,2022-02-10,Nimbus-II-PainPRO,LOT-5912-2022,occlusion_upstream,no_harm,N
CMP-11473,2022-10-07,Nimbus-II-EMS,LOT-1835-2022,occlusion_upstream,no_harm,N
CMP-11474,2020-05-21,Nimbus-II-Flex,LOT-3438-2020,occlusion_upstream,no_harm,N
CMP-11475,2020-01-11,Nimbus-II-EMS,LOT-9472-2020,occlusion_upstream,no_harm,Y
CMP-11476,2022-11-10,Nimbus-Admin,LOT-1266-2022,occlusion_upstream,no_harm,N
CMP-11477,2022-05-16,Nimbus-II-Plus,LOT-4750-2022,occlusion_upstream,no_harm,N
CMP-11478,2021-11-16,Nimbus-II-PainPRO,LOT-4427-2021,occlusion_upstream,no_harm,Y
CMP-11479,2024-08-08,Nimbus-II-Plus,LOT-8912-2024,occlusion_upstream,no_harm,N
CMP-11480,2020-08-11,Nimbus-II-Plus,LOT-1970-2020,occlusion_upstream,no_harm,N
CMP-11481,2019-01-15,Nimbus-II-Plus,LOT-6910-2019,occlusion_upstream,patient_discomfort,N
CMP-11482,2020-05-09,Nimbus-Flex,LOT-4529-2020,occlusion_upstream,no_harm,Y
CMP-11483,2024-03-25,Nimbus-II-EpiD,LOT-4890-2024,occlusion_upstream,no_harm,N
CMP-11484,2022-10-25,Nimbus-Flex,LOT-5545-2022,occlusion_upstream,no_harm,N
CMP-11485,2023-09-03,Nimbus-II-Flex,LOT-3812-2023,occlusion_upstream,no_harm,N
CMP-11486,2020-05-26,Nimbus-II-Flex,LOT-5614-2020,occlusion_upstream,no_harm,N
CMP-11487,2024-03-03,Nimbus-Admin,LOT-6943-2024,occlusion_upstream,near_miss,Y
CMP-11488,2021-02-06,Nimbus-II-Plus,LOT-9250-2021,occlusion_upstream,no_harm,Y
CMP-11489,2024-09-06,Nimbus-II-PainPRO,LOT-5400-2024,occlusion_upstream,no_harm,N
CMP-11490,2022-02-22,Nimbus-II-Flex,LOT-6629-2022,occlusion_upstream,no_harm,N
CMP-11491,2021-05-01,Nimbus-Admin,LOT-9683-2021,occlusion_upstream,death,Y
CMP-11492,2021-05-05,Nimbus-Admin,LOT-7359-2021,occlusion_upstream,no_harm,N
CMP-11493,2019-02-18,Nimbus-II-EMS,LOT-4354-2019,occlusion_upstream,no_harm,Y
CMP-11494,2023-08-24,Nimbus-Admin,LOT-8117-2023,occlusion_upstream,no_harm,Y
CMP-11495,2019-10-16,Nimbus-II-EpiD,LOT-8266-2019,occlusion_upstream,no_harm,N
CMP-11496,2024-09-26,Nimbus-II-EpiD,LOT-3724-2024,occlusion_upstream,no_harm,Y
CMP-11497,2019-08-10,Nimbus-II-Plus,LOT-5098-2019,occlusion_upstream,no_harm,N
CMP-11498,2021-01-27,Nimbus-II-Plus,LOT-5664-2021,occlusion_upstream,near_miss,Y
CMP-11499,2023-01-22,Nimbus-II-PainPRO,LOT-7323-2023,occlusion_upstream,no_harm,Y
CMP-11500,2024-08-24,Nimbus-II-EMS,LOT-7209-2024,occlusion_upstream,no_harm,N
CMP-11501,2020-04-17,Nimbus-II-Plus,LOT-2085-2020,occlusion_upstream,near_miss,N
CMP-11502,2024-09-19,Nimbus-II-Flex,LOT-7936-2024,occlusion_upstream,near_miss,Y
CMP-11503,2020-07-28,Nimbus-II-PainPRO,LOT-1488-2020,occlusion_upstream,no_harm,Y
CMP-11504,2019-11-12,Nimbus-II-PainPRO,LOT-4200-2019,occlusion_upstream,no_harm,N
CMP-11505,2022-04-15,Nimbus-II-Plus,LOT-1230-2022,occlusion_upstream,no_harm,Y
CMP-11506,2023-11-22,Nimbus-II-EpiD,LOT-3073-2023,occlusion_upstream,serious_injury,Y
CMP-11507,2024-05-17,Nimbus-II-Flex,LOT-2346-2024,occlusion_upstream,no_harm,N
CMP-11508,2022-04-10,Nimbus-Flex,LOT-9038-2022,occlusion_upstream,no_harm,Y
CMP-11509,2020-06-12,Nimbus-II-Plus,LOT-7985-2020,occlusion_upstream,no_harm,N
CMP-11510,2024-07-01,Nimbus-II-EpiD,LOT-3512-2024,occlusion_upstream,no_harm,Y
CMP-11511,2023-11-16,Nimbus-II-EMS,LOT-2377-2023,occlusion_upstream,no_harm,Y
CMP-11512,2020-01-05,Nimbus-II-Flex,LOT-5639-2020,occlusion_upstream,no_harm,Y
CMP-11513,2021-11-17,Nimbus-II-EpiD,LOT-9064-2021,occlusion_upstream,no_harm,Y
CMP-11514,2020-07-14,Nimbus-II-PainPRO,LOT-4297-2020,occlusion_upstream,patient_discomfort,Y
CMP-11515,2019-05-01,Nimbus-II-EpiD,LOT-9860-2019,occlusion_upstream,no_harm,Y
CMP-11516,2021-06-21,Nimbus-II-Flex,LOT-8864-2021,occlusion_upstream,no_harm,N
CMP-11517,2024-10-22,Nimbus-II-EMS,LOT-2888-2024,occlusion_upstream,no_harm,N
CMP-11518,2023-08-18,Nimbus-II-Flex,LOT-8260-2023,occlusion_upstream,patient_discomfort,Y
CMP-11519,2019-07-02,Nimbus-II-Plus,LOT-4705-2019,occlusion_upstream,no_harm,Y
CMP-11520,2023-03-18,Nimbus-II-Plus,LOT-2154-2023,occlusion_upstream,serious_injury,Y
CMP-11521,2019-09-22,Nimbus-II-PainPRO,LOT-5220-2019,occlusion_upstream,no_harm,N
CMP-11522,2020-12-19,Nimbus-PainPro,LOT-7467-2020,occlusion_upstream,patient_discomfort,Y
CMP-11523,2019-07-14,Nimbus-II-EpiD,LOT-1230-2019,occlusion_upstream,no_harm,Y
CMP-11524,2019-12-14,Nimbus-II-EpiD,LOT-8072-2019,occlusion_upstream,no_harm,N
CMP-11525,2022-09-15,Nimbus-Admin,LOT-5847-2022,occlusion_upstream,no_harm,Y
CMP-11526,2021-07-02,Nimbus-II-Plus,LOT-7954-2021,occlusion_upstream,no_harm,Y
CMP-11527,2021-01-15,Nimbus-II-Flex,LOT-9862-2021,occlusion_upstream,no_harm,Y
CMP-11528,2024-02-02,Nimbus-Admin,LOT-1458-2024,occlusion_upstream,no_harm,Y
CMP-11529,2020-09-09,Nimbus-II-Flex,LOT-9142-2020,occlusion_upstream,near_miss,N
CMP-11530,2022-09-04,Nimbus-II-EMS,LOT-7215-2022,occlusion_upstream,no_harm,Y
CMP-11531,2022-10-21,Nimbus-Admin,LOT-1331-2022,occlusion_upstream,serious_injury,Y
CMP-11532,2019-12-14,Nimbus-II-Plus,LOT-1072-2019,occlusion_upstream,no_harm,N
CMP-11533,2021-09-09,Nimbus-Admin,LOT-2031-2021,occlusion_upstream,no_harm,N
CMP-11534,2024-02-04,Nimbus-II-Flex,LOT-3004-2024,occlusion_upstream,no_harm,Y
CMP-11535,2022-02-28,Nimbus-Admin,LOT-1065-2022,occlusion_upstream,no_harm,Y
CMP-11536,2021-08-26,Nimbus-Admin,LOT-2127-2021,occlusion_upstream,no_harm,N
CMP-11537,2023-09-12,Nimbus-II-Plus,LOT-4959-2023,occlusion_upstream,patient_discomfort,N
CMP-11538,2020-10-20,Nimbus-Admin,LOT-5025-2020,occlusion_upstream,no_harm,N
CMP-11539,2021-02-20,Nimbus-II-Flex,LOT-5105-2021,occlusion_upstream,no_harm,N
CMP-11540,2019-08-15,Nimbus-II-EpiD,LOT-2321-2019,occlusion_upstream,no_harm,Y
CMP-11541,2020-12-17,Nimbus-II-Flex,LOT-6733-2020,occlusion_upstream,no_harm,Y
CMP-11542,2019-09-03,Nimbus-II-EMS,LOT-4649-2019,occlusion_upstream,no_harm,Y
CMP-11543,2023-08-13,Nimbus-Flex,LOT-4269-2023,occlusion_upstream,no_harm,N
CMP-11544,2019-09-18,Nimbus-II-EMS,LOT-1925-2019,occlusion_upstream,no_harm,N
CMP-11545,2019-02-15,Nimbus-II-PainPRO,LOT-3333-2019,occlusion_upstream,near_miss,Y
CMP-11546,2022-06-13,Nimbus-Flex,LOT-5475-2022,occlusion_upstream,no_harm,N
CMP-11547,2020-05-21,Nimbus-II-EMS,LOT-9024-2020,occlusion_upstream,serious_injury,Y
CMP-11548,2022-04-13,Nimbus-II-EpiD,LOT-5941-2022,occlusion_upstream,no_harm,N
CMP-11549,2020-03-21,Nimbus-II-Flex,LOT-8360-2020,occlusion_upstream,patient_discomfort,Y
CMP-11550,2019-08-09,Nimbus-PainPro,LOT-7025-2019,occlusion_upstream,serious_injury,Y
CMP-11551,2019-01-25,Nimbus-Flex,LOT-7246-2019,occlusion_upstream,patient_discomfort,N
CMP-11552,2023-08-27,Nimbus-II-Plus,LOT-7869-2023,occlusion_upstream,no_harm,Y
CMP-11553,2023-05-08,Nimbus-II-EpiD,LOT-2402-2023,occlusion_upstream,serious_injury,Y
CMP-11554,2019-03-27,Nimbus-II-Plus,LOT-2802-2019,occlusion_upstream,no_harm,Y
CMP-11555,2023-09-16,Nimbus-Admin,LOT-1540-2023,occlusion_upstream,no_harm,Y
CMP-11556,2022-10-27,Nimbus-II-PainPRO,LOT-8172-2022,occlusion_upstream,no_harm,Y
CMP-11557,2020-03-13,Nimbus-II-EpiD,LOT-8590-2020,occlusion_upstream,no_harm,Y
CMP-11558,2021-05-09,Nimbus-II-PainPRO,LOT-8525-2021,occlusion_upstream,patient_discomfort,N
CMP-11559,2020-12-17,Nimbus-PainPro,LOT-1709-2020,occlusion_upstream,no_harm,N
CMP-11560,2022-11-13,Nimbus-II-PainPRO,LOT-7072-2022,occlusion_upstream,near_miss,N
CMP-11561,2023-07-13,Nimbus-II-PainPRO,LOT-5799-2023,occlusion_upstream,near_miss,N
CMP-11562,2021-12-13,Nimbus-II-Plus,LOT-9811-2021,occlusion_upstream,no_harm,Y
CMP-11563,2024-01-27,Nimbus-II-EpiD,LOT-9511-2024,occlusion_upstream,near_miss,N
CMP-11564,2022-03-27,Nimbus-II-EpiD,LOT-8735-2022,occlusion_upstream,no_harm,Y
CMP-11565,2019-11-16,Nimbus-II-EMS,LOT-3418-2019,occlusion_upstream,no_harm,N
CMP-11566,2024-01-02,Nimbus-PainPro,LOT-6989-2024,occlusion_upstream,no_harm,Y
CMP-11567,2020-09-01,Nimbus-II-EpiD,LOT-6836-2020,occlusion_upstream,no_harm,Y
CMP-11568,2020-09-23,Nimbus-Flex,LOT-5283-2020,occlusion_upstream,no_harm,N
CMP-11569,2023-09-04,Nimbus-II-PainPRO,LOT-3894-2023,occlusion_upstream,no_harm,Y
CMP-11570,2019-07-23,Nimbus-II-EpiD,LOT-6513-2019,occlusion_upstream,no_harm,N
CMP-11571,2019-08-27,Nimbus-II-Plus,LOT-4979-2019,occlusion_upstream,near_miss,Y
CMP-11572,2023-12-22,Nimbus-PainPro,LOT-1352-2023,occlusion_upstream,no_harm,N
CMP-11573,2022-11-22,Nimbus-PainPro,LOT-3605-2022,occlusion_upstream,near_miss,N
CMP-11574,2021-11-08,Nimbus-II-EMS,LOT-3440-2021,occlusion_upstream,no_harm,Y
CMP-11575,2019-05-24,Nimbus-Admin,LOT-8931-2019,occlusion_upstream,no_harm,N
CMP-11576,2023-11-15,Nimbus-Flex,LOT-5481-2023,occlusion_upstream,no_harm,Y
CMP-11577,2024-12-01,Nimbus-Admin,LOT-1368-2024,occlusion_upstream,no_harm,N
CMP-11578,2020-07-16,Nimbus-II-PainPRO,LOT-9649-2020,occlusion_upstream,no_harm,N
CMP-11579,2019-03-20,Nimbus-II-Plus,LOT-2404-2019,occlusion_upstream,no_harm,Y
CMP-11580,2021-08-06,Nimbus-II-PainPRO,LOT-3902-2021,occlusion_upstream,no_harm,N
CMP-11581,2020-05-12,Nimbus-II-EpiD,LOT-8727-2020,occlusion_upstream,patient_discomfort,Y
CMP-11582,2022-05-16,Nimbus-PainPro,LOT-1447-2022,occlusion_upstream,patient_discomfort,Y
CMP-11583,2021-09-12,Nimbus-II-Flex,LOT-6550-2021,occlusion_upstream,no_harm,Y
CMP-11584,2021-08-02,Nimbus-II-EMS,LOT-7899-2021,occlusion_upstream,no_harm,Y
CMP-11585,2023-09-20,Nimbus-II-PainPRO,LOT-4312-2023,occlusion_upstream,serious_injury,Y
CMP-11586,2022-02-04,Nimbus-II-PainPRO,LOT-9495-2022,occlusion_upstream,no_harm,Y
CMP-11587,2021-03-25,Nimbus-II-PainPRO,LOT-6548-2021,occlusion_upstream,no_harm,N
CMP-11588,2021-10-13,Nimbus-II-Flex,LOT-3570-2021,occlusion_upstream,no_harm,N
CMP-11589,2024-02-23,Nimbus-II-EMS,LOT-7493-2024,occlusion_upstream,no_harm,Y
CMP-11590,2024-01-18,Nimbus-Flex,LOT-5408-2024,occlusion_upstream,no_harm,Y
CMP-11591,2019-07-18,Nimbus-II-Flex,LOT-6312-2019,occlusion_upstream,no_harm,Y
CMP-11592,2023-09-12,Nimbus-II-EMS,LOT-5043-2023,occlusion_upstream,no_harm,Y
CMP-11593,2024-11-09,Nimbus-II-Plus,LOT-9206-2024,occlusion_upstream,patient_discomfort,Y
CMP-11594,2022-07-01,Nimbus-II-EpiD,LOT-1974-2022,occlusion_upstream,no_harm,N
CMP-11595,2021-12-08,Nimbus-II-EMS,LOT-2003-2021,occlusion_upstream,near_miss,N
CMP-11596,2021-09-07,Nimbus-II-EMS,LOT-2618-2021,occlusion_upstream,no_harm,N
CMP-11597,2021-03-24,Nimbus-II-EpiD,LOT-4306-2021,occlusion_upstream,no_harm,Y
CMP-11598,2023-04-02,Nimbus-PainPro,LOT-3906-2023,occlusion_upstream,no_harm,Y
CMP-11599,2022-02-11,Nimbus-Flex,LOT-4922-2022,occlusion_upstream,serious_injury,Y
CMP-11600,2024-08-14,Nimbus-Admin,LOT-1295-2024,occlusion_upstream,no_harm,Y
CMP-11601,2021-01-02,Nimbus-PainPro,LOT-8115-2021,occlusion_upstream,no_harm,N
CMP-11602,2020-11-23,Nimbus-II-Plus,LOT-3493-2020,occlusion_upstream,no_harm,Y
CMP-11603,2019-01-25,Nimbus-II-Plus,LOT-2846-2019,occlusion_upstream,no_harm,Y
CMP-11604,2023-03-13,Nimbus-II-EpiD,LOT-4097-2023,occlusion_upstream,no_harm,Y
CMP-11605,2019-02-13,Nimbus-II-EMS,LOT-9329-2019,occlusion_upstream,near_miss,N
CMP-11606,2022-01-24,Nimbus-Admin,LOT-9515-2022,occlusion_upstream,no_harm,N
CMP-11607,2024-01-17,Nimbus-II-Flex,LOT-9576-2024,occlusion_upstream,no_harm,N
CMP-11608,2021-10-03,Nimbus-Flex,LOT-5724-2021,occlusion_upstream,serious_injury,Y
CMP-11609,2024-08-20,Nimbus-II-Flex,LOT-1914-2024,occlusion_upstream,no_harm,Y
CMP-11610,2022-07-18,Nimbus-II-Flex,LOT-5477-2022,occlusion_upstream,no_harm,N
CMP-11611,2022-12-28,Nimbus-PainPro,LOT-5579-2022,occlusion_upstream,serious_injury,Y
CMP-11612,2022-02-23,Nimbus-Flex,LOT-6294-2022,occlusion_upstream,no_harm,N
CMP-11613,2024-11-22,Nimbus-II-EpiD,LOT-3152-2024,occlusion_upstream,no_harm,Y
CMP-11614,2019-08-26,Nimbus-II-PainPRO,LOT-2598-2019,occlusion_upstream,no_harm,Y
CMP-11615,2019-02-22,Nimbus-II-Plus,LOT-4567-2019,occlusion_upstream,no_harm,N
CMP-11616,2020-09-09,Nimbus-II-EpiD,LOT-1332-2020,occlusion_upstream,no_harm,N
CMP-11617,2020-09-10,Nimbus-Flex,LOT-2428-2020,occlusion_upstream,patient_discomfort,N
CMP-11618,2023-07-24,Nimbus-PainPro,LOT-9213-2023,occlusion_upstream,near_miss,Y
CMP-11619,2019-01-23,Nimbus-II-PainPRO,LOT-3546-2019,occlusion_upstream,patient_discomfort,N
CMP-11620,2024-03-01,Nimbus-Admin,LOT-4590-2024,occlusion_upstream,no_harm,Y
CMP-11621,2022-11-04,Nimbus-II-Plus,LOT-1480-2022,occlusion_upstream,no_harm,N
CMP-11622,2020-08-04,Nimbus-II-PainPRO,LOT-6294-2020,occlusion_upstream,near_miss,Y
CMP-11623,2024-06-19,Nimbus-II-Plus,LOT-4130-2024,occlusion_upstream,no_harm,N
CMP-11624,2022-03-23,Nimbus-II-PainPRO,LOT-4712-2022,occlusion_upstream,no_harm,N
CMP-11625,2024-08-05,Nimbus-PainPro,LOT-7958-2024,occlusion_upstream,no_harm,Y
CMP-11626,2021-08-25,Nimbus-II-Plus,LOT-8184-2021,occlusion_upstream,no_harm,N
CMP-11627,2020-04-21,Nimbus-Admin,LOT-2188-2020,occlusion_upstream,near_miss,N
CMP-11628,2022-03-14,Nimbus-II-EpiD,LOT-4440-2022,occlusion_upstream,no_harm,Y
CMP-11629,2023-06-26,Nimbus-PainPro,LOT-7806-2023,occlusion_upstream,no_harm,Y
CMP-11630,2019-05-05,Nimbus-II-EMS,LOT-7836-2019,occlusion_upstream,no_harm,N
CMP-11631,2024-09-26,Nimbus-II-Flex,LOT-5611-2024,occlusion_upstream,no_harm,Y
CMP-11632,2024-04-04,Nimbus-Admin,LOT-3550-2024,occlusion_upstream,no_harm,N
CMP-11633,2024-05-22,Nimbus-II-Plus,LOT-7559-2024,occlusion_upstream,no_harm,Y
CMP-11634,2024-01-20,Nimbus-Flex,LOT-1510-2024,occlusion_upstream,no_harm,N
CMP-11635,2021-02-18,Nimbus-II-EpiD,LOT-8148-2021,occlusion_upstream,no_harm,Y
CMP-11636,2024-03-27,Nimbus-PainPro,LOT-7417-2024,occlusion_upstream,no_harm,Y
CMP-11637,2023-06-18,Nimbus-II-Plus,LOT-5451-2023,occlusion_upstream,no_harm,N
CMP-11638,2022-09-11,Nimbus-PainPro,LOT-3796-2022,occlusion_upstream,no_harm,Y
CMP-11639,2022-07-24,Nimbus-Admin,LOT-2293-2022,occlusion_upstream,no_harm,Y
CMP-11640,2022-08-25,Nimbus-II-Plus,LOT-4684-2022,occlusion_upstream,no_harm,Y
CMP-11641,2021-06-18,Nimbus-II-PainPRO,LOT-3494-2021,occlusion_upstream,no_harm,Y
CMP-11642,2023-03-03,Nimbus-PainPro,LOT-9870-2023,occlusion_upstream,no_harm,Y
CMP-11643,2020-06-06,Nimbus-PainPro,LOT-2541-2020,occlusion_upstream,near_miss,Y
CMP-11644,2024-07-02,Nimbus-II-Flex,LOT-9037-2024,occlusion_upstream,no_harm,N
CMP-11645,2019-01-27,Nimbus-PainPro,LOT-3376-2019,occlusion_upstream,patient_discomfort,Y
CMP-11646,2020-10-14,Nimbus-II-EMS,LOT-3226-2020,occlusion_upstream,no_harm,N
CMP-11647,2021-02-04,Nimbus-II-Plus,LOT-4494-2021,occlusion_upstream,no_harm,N
CMP-11648,2022-12-02,Nimbus-PainPro,LOT-5120-2022,occlusion_upstream,no_harm,N
CMP-11649,2021-12-10,Nimbus-PainPro,LOT-4247-2021,occlusion_upstream,near_miss,N
CMP-11650,2019-12-20,Nimbus-II-EpiD,LOT-8386-2019,occlusion_upstream,no_harm,N
CMP-11651,2023-10-19,Nimbus-II-Plus,LOT-5450-2023,occlusion_upstream,no_harm,N
CMP-11652,2019-05-18,Nimbus-Admin,LOT-9900-2019,occlusion_upstream,patient_discomfort,N
CMP-11653,2019-10-16,Nimbus-PainPro,LOT-2774-2019,occlusion_upstream,patient_discomfort,N
CMP-11654,2022-06-23,Nimbus-II-Flex,LOT-7636-2022,occlusion_upstream,no_harm,Y
CMP-11655,2021-12-14,Nimbus-II-Flex,LOT-3074-2021,occlusion_upstream,near_miss,Y
CMP-11656,2023-07-13,Nimbus-II-Flex,LOT-5097-2023,occlusion_upstream,no_harm,N
CMP-11657,2020-01-21,Nimbus-II-EMS,LOT-9274-2020,occlusion_upstream,no_harm,Y
CMP-11658,2022-06-04,Nimbus-II-Flex,LOT-9940-2022,occlusion_upstream,patient_discomfort,N
CMP-11659,2023-10-23,Nimbus-II-PainPRO,LOT-5772-2023,occlusion_upstream,no_harm,N
CMP-11660,2022-07-18,Nimbus-PainPro,LOT-9260-2022,occlusion_upstream,near_miss,N
CMP-11661,2023-06-02,Nimbus-II-EMS,LOT-5271-2023,occlusion_upstream,no_harm,N
CMP-11662,2022-09-20,Nimbus-II-PainPRO,LOT-9367-2022,occlusion_upstream,no_harm,N
CMP-11663,2019-11-16,Nimbus-II-Plus,LOT-6698-2019,occlusion_upstream,no_harm,N
CMP-11664,2020-04-19,Nimbus-II-PainPRO,LOT-4705-2020,occlusion_upstream,no_harm,N
CMP-11665,2022-12-09,Nimbus-II-PainPRO,LOT-3291-2022,occlusion_upstream,near_miss,Y
CMP-11666,2021-11-06,Nimbus-PainPro,LOT-4581-2021,occlusion_upstream,near_miss,Y
CMP-11667,2021-06-25,Nimbus-PainPro,LOT-4617-2021,occlusion_upstream,serious_injury,Y
CMP-11668,2019-05-26,Nimbus-II-Flex,LOT-6805-2019,occlusion_upstream,no_harm,N
CMP-11669,2019-03-22,Nimbus-II-Flex,LOT-8420-2019,occlusion_upstream,no_harm,Y
CMP-11670,2024-05-10,Nimbus-II-EpiD,LOT-8647-2024,occlusion_upstream,no_harm,N
CMP-11671,2022-02-19,Nimbus-II-Plus,LOT-7586-2022,occlusion_upstream,no_harm,Y
CMP-11672,2023-10-14,Nimbus-II-EpiD,LOT-4570-2023,occlusion_upstream,no_harm,Y
CMP-11673,2020-09-05,Nimbus-Flex,LOT-7398-2020,occlusion_upstream,no_harm,Y
CMP-11674,2020-05-15,Nimbus-II-EMS,LOT-3105-2020,occlusion_upstream,patient_discomfort,Y
CMP-11675,2020-05-19,Nimbus-II-EMS,LOT-9828-2020,occlusion_upstream,no_harm,N
CMP-11676,2020-06-10,Nimbus-Flex,LOT-9424-2020,occlusion_upstream,no_harm,N
CMP-11677,2019-11-12,Nimbus-PainPro,LOT-6723-2019,occlusion_upstream,patient_discomfort,N
CMP-11678,2023-09-13,Nimbus-II-EMS,LOT-8265-2023,occlusion_upstream,no_harm,N
CMP-11679,2019-12-01,Nimbus-II-EpiD,LOT-4475-2019,occlusion_upstream,no_harm,N
CMP-11680,2020-05-19,Nimbus-PainPro,LOT-1133-2020,occlusion_upstream,no_harm,Y
CMP-11681,2020-11-03,Nimbus-II-PainPRO,LOT-2300-2020,occlusion_upstream,no_harm,Y
CMP-11682,2023-04-28,Nimbus-II-Plus,LOT-1374-2023,occlusion_upstream,no_harm,Y
CMP-11683,2022-08-16,Nimbus-Flex,LOT-9444-2022,occlusion_upstream,near_miss,N
CMP-11684,2020-02-07,Nimbus-II-Plus,LOT-8570-2020,occlusion_upstream,no_harm,Y
CMP-11685,2024-01-13,Nimbus-II-PainPRO,LOT-2752-2024,occlusion_upstream,no_harm,Y
CMP-11686,2022-01-02,Nimbus-II-PainPRO,LOT-9940-2022,occlusion_upstream,near_miss,Y
CMP-11687,2020-01-02,Nimbus-II-Plus,LOT-4949-2020,occlusion_upstream,no_harm,Y
CMP-11688,2021-07-27,Nimbus-Admin,LOT-8077-2021,occlusion_upstream,near_miss,Y
CMP-11689,2024-12-23,Nimbus-Flex,LOT-4490-2024,occlusion_upstream,no_harm,Y
CMP-11690,2024-04-22,Nimbus-Admin,LOT-4489-2024,occlusion_upstream,near_miss,N
CMP-11691,2023-04-22,Nimbus-Flex,LOT-4206-2023,occlusion_upstream,near_miss,Y
CMP-11692,2021-11-24,Nimbus-II-Flex,LOT-9865-2021,occlusion_upstream,serious_injury,Y
CMP-11693,2022-03-23,Nimbus-II-Plus,LOT-9360-2022,occlusion_upstream,patient_discomfort,N
CMP-11694,2021-03-02,Nimbus-II-EpiD,LOT-9374-2021,occlusion_upstream,no_harm,N
CMP-11695,2021-11-11,Nimbus-PainPro,LOT-4503-2021,occlusion_upstream,patient_discomfort,N
CMP-11696,2024-02-09,Nimbus-II-EpiD,LOT-3997-2024,occlusion_upstream,serious_injury,Y
CMP-11697,2022-10-23,Nimbus-II-Flex,LOT-7257-2022,occlusion_upstream,no_harm,N
CMP-11698,2019-06-15,Nimbus-PainPro,LOT-7918-2019,occlusion_upstream,no_harm,N
CMP-11699,2023-02-11,Nimbus-Admin,LOT-5196-2023,occlusion_upstream,no_harm,Y
CMP-11700,2019-03-24,Nimbus-II-Flex,LOT-6979-2019,occlusion_upstream,no_harm,N
CMP-11701,2023-03-26,Nimbus-Flex,LOT-4985-2023,occlusion_upstream,patient_discomfort,Y
CMP-11702,2023-11-16,Nimbus-II-EpiD,LOT-4899-2023,occlusion_upstream,no_harm,N
CMP-11703,2024-10-24,Nimbus-Admin,LOT-3550-2024,occlusion_upstream,no_harm,Y
CMP-11704,2019-02-28,Nimbus-II-PainPRO,LOT-9124-2019,occlusion_upstream,near_miss,N
CMP-11705,2022-06-03,Nimbus-II-Flex,LOT-7144-2022,occlusion_upstream,no_harm,N
CMP-11706,2019-12-01,Nimbus-II-Flex,LOT-9041-2019,occlusion_upstream,no_harm,N
CMP-11707,2020-01-26,Nimbus-II-EpiD,LOT-9019-2020,occlusion_upstream,no_harm,Y
CMP-11708,2019-12-20,Nimbus-II-PainPRO,LOT-5631-2019,occlusion_upstream,no_harm,Y
CMP-11709,2023-03-18,Nimbus-Flex,LOT-4380-2023,occlusion_upstream,no_harm,N
CMP-11710,2024-08-21,Nimbus-II-Plus,LOT-2576-2024,occlusion_upstream,no_harm,N
CMP-11711,2023-10-07,Nimbus-II-Plus,LOT-1675-2023,occlusion_upstream,no_harm,Y
CMP-11712,2019-07-11,Nimbus-II-EMS,LOT-4963-2019,occlusion_upstream,no_harm,Y
CMP-11713,2019-09-07,Nimbus-II-PainPRO,LOT-3218-2019,occlusion_upstream,no_harm,N
CMP-11714,2023-08-14,Nimbus-PainPro,LOT-4586-2023,occlusion_upstream,patient_discomfort,N
CMP-11715,2020-07-27,Nimbus-Flex,LOT-3212-2020,occlusion_upstream,no_harm,Y
CMP-11716,2023-10-18,Nimbus-II-Flex,LOT-9990-2023,occlusion_upstream,no_harm,Y
CMP-11717,2021-09-24,Nimbus-Admin,LOT-6176-2021,occlusion_upstream,no_harm,Y
CMP-11718,2024-09-17,Nimbus-II-Plus,LOT-3868-2024,occlusion_upstream,no_harm,Y
CMP-11719,2022-07-17,Nimbus-Admin,LOT-3157-2022,occlusion_upstream,no_harm,Y
CMP-11720,2024-05-10,Nimbus-II-EpiD,LOT-2104-2024,occlusion_upstream,no_harm,N
CMP-11721,2023-01-15,Nimbus-II-PainPRO,LOT-1582-2023,occlusion_upstream,no_harm,Y
CMP-11722,2020-11-06,Nimbus-PainPro,LOT-7016-2020,occlusion_upstream,no_harm,N
CMP-11723,2020-05-18,Nimbus-II-EpiD,LOT-7273-2020,occlusion_upstream,no_harm,Y
CMP-11724,2024-02-15,Nimbus-II-EMS,LOT-3849-2024,occlusion_upstream,no_harm,Y
CMP-11725,2022-03-11,Nimbus-II-PainPRO,LOT-8151-2022,occlusion_upstream,no_harm,N
CMP-11726,2020-09-26,Nimbus-Admin,LOT-4690-2020,occlusion_upstream,no_harm,Y
CMP-11727,2024-09-07,Nimbus-PainPro,LOT-5805-2024,occlusion_upstream,no_harm,N
CMP-11728,2024-05-19,Nimbus-Flex,LOT-4464-2024,occlusion_upstream,no_harm,N
CMP-11729,2024-11-01,Nimbus-Admin,LOT-3677-2024,occlusion_upstream,patient_discomfort,Y
CMP-11730,2020-06-28,Nimbus-II-PainPRO,LOT-2654-2020,occlusion_upstream,no_harm,N
CMP-11731,2022-07-03,Nimbus-II-Flex,LOT-3528-2022,occlusion_upstream,no_harm,Y
CMP-11732,2024-01-21,Nimbus-Flex,LOT-7277-2024,occlusion_upstream,no_harm,Y
CMP-11733,2022-12-27,Nimbus-II-EMS,LOT-9861-2022,occlusion_upstream,no_harm,Y
CMP-11734,2020-04-16,Nimbus-II-Flex,LOT-4587-2020,occlusion_upstream,serious_injury,Y
CMP-11735,2020-12-13,Nimbus-PainPro,LOT-3537-2020,occlusion_upstream,near_miss,N
CMP-11736,2024-08-28,Nimbus-II-Plus,LOT-5000-2024,occlusion_upstream,near_miss,N
CMP-11737,2021-06-24,Nimbus-II-Flex,LOT-2176-2021,occlusion_upstream,serious_injury,Y
CMP-11738,2021-08-03,Nimbus-II-Flex,LOT-7677-2021,occlusion_upstream,serious_injury,Y
CMP-11739,2019-01-27,Nimbus-PainPro,LOT-3759-2019,occlusion_upstream,no_harm,N
CMP-11740,2021-06-16,Nimbus-II-PainPRO,LOT-2020-2021,occlusion_upstream,near_miss,N
CMP-11741,2023-04-02,Nimbus-Flex,LOT-9903-2023,occlusion_upstream,no_harm,Y
CMP-11742,2020-08-19,Nimbus-II-Plus,LOT-6707-2020,occlusion_upstream,no_harm,N
CMP-11743,2023-12-18,Nimbus-PainPro,LOT-6977-2023,occlusion_upstream,no_harm,N
CMP-11744,2021-11-02,Nimbus-Flex,LOT-5519-2021,occlusion_upstream,near_miss,Y
CMP-11745,2024-11-25,Nimbus-II-EMS,LOT-1326-2024,occlusion_upstream,no_harm,Y
CMP-11746,2023-08-12,Nimbus-PainPro,LOT-9811-2023,occlusion_upstream,no_harm,Y
CMP-11747,2022-01-21,Nimbus-II-PainPRO,LOT-5411-2022,occlusion_upstream,no_harm,Y
CMP-11748,2019-06-24,Nimbus-II-Plus,LOT-1838-2019,occlusion_upstream,no_harm,N
CMP-11749,2022-04-10,Nimbus-II-Flex,LOT-3364-2022,occlusion_upstream,patient_discomfort,N
CMP-11750,2019-10-20,Nimbus-II-Flex,LOT-7001-2019,occlusion_upstream,no_harm,Y
CMP-11751,2023-02-23,Nimbus-II-Flex,LOT-9932-2023,occlusion_upstream,no_harm,Y
CMP-11752,2023-12-26,Nimbus-II-EMS,LOT-9894-2023,occlusion_upstream,no_harm,Y
CMP-11753,2020-11-14,Nimbus-II-EpiD,LOT-8702-2020,occlusion_upstream,no_harm,N
CMP-11754,2020-06-21,Nimbus-PainPro,LOT-2273-2020,occlusion_upstream,no_harm,Y
CMP-11755,2021-01-21,Nimbus-II-EMS,LOT-9599-2021,occlusion_upstream,no_harm,N
CMP-11756,2023-06-02,Nimbus-II-Plus,LOT-1555-2023,occlusion_upstream,no_harm,Y
CMP-11757,2021-04-23,Nimbus-PainPro,LOT-9696-2021,occlusion_upstream,serious_injury,Y
CMP-11758,2024-12-15,Nimbus-II-PainPRO,LOT-4135-2024,occlusion_upstream,no_harm,N
CMP-11759,2021-09-21,Nimbus-II-EMS,LOT-1826-2021,occlusion_upstream,no_harm,Y
CMP-11760,2024-07-25,Nimbus-II-Flex,LOT-2625-2024,occlusion_upstream,no_harm,N
CMP-11761,2023-10-07,Nimbus-Admin,LOT-8243-2023,occlusion_upstream,patient_discomfort,Y
CMP-11762,2019-02-28,Nimbus-II-Flex,LOT-2495-2019,occlusion_upstream,no_harm,Y
CMP-11763,2023-06-09,Nimbus-Admin,LOT-5801-2023,occlusion_upstream,no_harm,Y
CMP-11764,2021-05-09,Nimbus-II-EpiD,LOT-8171-2021,occlusion_upstream,no_harm,Y
CMP-11765,2022-12-17,Nimbus-II-Plus,LOT-5028-2022,occlusion_upstream,no_harm,Y
CMP-11766,2021-11-14,Nimbus-Admin,LOT-6133-2021,occlusion_upstream,no_harm,Y
CMP-11767,2021-09-13,Nimbus-II-EpiD,LOT-9821-2021,occlusion_upstream,serious_injury,Y
CMP-11768,2024-01-06,Nimbus-Admin,LOT-3930-2024,occlusion_upstream,no_harm,Y
CMP-11769,2019-03-19,Nimbus-II-EMS,LOT-9304-2019,occlusion_upstream,serious_injury,Y
CMP-11770,2020-12-17,Nimbus-II-Plus,LOT-1789-2020,occlusion_upstream,no_harm,Y
CMP-11771,2021-03-02,Nimbus-II-Plus,LOT-3729-2021,occlusion_upstream,no_harm,N
CMP-11772,2023-05-12,Nimbus-Flex,LOT-8164-2023,occlusion_upstream,no_harm,Y
CMP-11773,2023-06-19,Nimbus-Admin,LOT-6377-2023,occlusion_upstream,no_harm,Y
CMP-11774,2021-09-18,Nimbus-Admin,LOT-9809-2021,system_error,near_miss,Y
CMP-11775,2023-08-04,Nimbus-II-Flex,LOT-2262-2023,system_error,no_harm,Y
CMP-11776,2024-09-20,Nimbus-Admin,LOT-5167-2024,system_error,no_harm,Y
CMP-11777,2024-05-22,Nimbus-II-PainPRO,LOT-2721-2024,system_error,patient_discomfort,Y
CMP-11778,2022-08-12,Nimbus-II-EMS,LOT-9086-2022,system_error,near_miss,N
CMP-11779,2020-06-19,Nimbus-II-EpiD,LOT-9155-2020,system_error,no_harm,N
CMP-11780,2022-02-25,Nimbus-Admin,LOT-1514-2022,system_error,no_harm,Y
CMP-11781,2020-01-07,Nimbus-II-EpiD,LOT-8432-2020,system_error,no_harm,Y
CMP-11782,2019-03-13,Nimbus-II-EpiD,LOT-7055-2019,system_error,serious_injury,Y
CMP-11783,2022-07-22,Nimbus-II-Plus,LOT-5379-2022,system_error,patient_discomfort,N
CMP-11784,2023-05-18,Nimbus-II-PainPRO,LOT-5838-2023,system_error,no_harm,N
CMP-11785,2021-05-05,Nimbus-II-Flex,LOT-5285-2021,system_error,no_harm,Y
CMP-11786,2019-04-21,Nimbus-II-PainPRO,LOT-9904-2019,system_error,no_harm,N
CMP-11787,2020-06-14,Nimbus-II-EpiD,LOT-5886-2020,system_error,no_harm,N
CMP-11788,2021-02-13,Nimbus-Flex,LOT-6207-2021,system_error,no_harm,N
CMP-11789,2024-01-12,Nimbus-II-PainPRO,LOT-7190-2024,system_error,no_harm,N
CMP-11790,2021-07-02,Nimbus-II-EMS,LOT-5553-2021,system_error,no_harm,N
CMP-11791,2024-01-16,Nimbus-PainPro,LOT-6417-2024,system_error,no_harm,N
CMP-11792,2022-01-07,Nimbus-II-PainPRO,LOT-3105-2022,system_error,near_miss,N
CMP-11793,2021-04-21,Nimbus-II-PainPRO,LOT-8205-2021,system_error,no_harm,N
CMP-11794,2023-02-08,Nimbus-II-PainPRO,LOT-6796-2023,system_error,near_miss,N
CMP-11795,2019-09-19,Nimbus-PainPro,LOT-1101-2019,system_error,no_harm,N
CMP-11796,2019-12-10,Nimbus-Admin,LOT-7986-2019,system_error,no_harm,Y
CMP-11797,2024-05-16,Nimbus-II-Plus,LOT-8704-2024,system_error,serious_injury,Y
CMP-11798,2024-03-17,Nimbus-II-Flex,LOT-4402-2024,system_error,near_miss,Y
CMP-11799,2023-08-05,Nimbus-Flex,LOT-5304-2023,system_error,no_harm,N
CMP-11800,2019-08-16,Nimbus-Flex,LOT-4684-2019,system_error,no_harm,Y
CMP-11801,2021-05-18,Nimbus-II-EpiD,LOT-6685-2021,system_error,near_miss,N
CMP-11802,2020-11-26,Nimbus-II-EMS,LOT-3851-2020,system_error,no_harm,N
CMP-11803,2021-07-21,Nimbus-Admin,LOT-2130-2021,system_error,no_harm,Y
CMP-11804,2022-02-19,Nimbus-Flex,LOT-1036-2022,system_error,patient_discomfort,Y
CMP-11805,2021-07-28,Nimbus-Admin,LOT-8200-2021,system_error,no_harm,N
CMP-11806,2024-01-20,Nimbus-Admin,LOT-4172-2024,system_error,no_harm,N
CMP-11807,2024-01-26,Nimbus-II-PainPRO,LOT-8028-2024,system_error,patient_discomfort,N
CMP-11808,2024-03-20,Nimbus-II-Plus,LOT-5543-2024,system_error,no_harm,N
CMP-11809,2020-03-02,Nimbus-II-Plus,LOT-3680-2020,system_error,serious_injury,Y
CMP-11810,2020-07-11,Nimbus-II-EMS,LOT-3165-2020,system_error,no_harm,Y
CMP-11811,2021-03-21,Nimbus-II-Flex,LOT-4177-2021,system_error,no_harm,N
CMP-11812,2021-08-21,Nimbus-II-EMS,LOT-2891-2021,system_error,patient_discomfort,Y
CMP-11813,2022-03-27,Nimbus-Admin,LOT-7818-2022,system_error,no_harm,Y
CMP-11814,2024-06-18,Nimbus-II-EpiD,LOT-2428-2024,system_error,no_harm,Y
CMP-11815,2022-08-21,Nimbus-II-EMS,LOT-3109-2022,system_error,no_harm,Y
CMP-11816,2019-07-13,Nimbus-II-Flex,LOT-6283-2019,system_error,no_harm,N
CMP-11817,2024-11-28,Nimbus-Admin,LOT-7592-2024,system_error,no_harm,Y
CMP-11818,2020-08-07,Nimbus-II-Plus,LOT-8893-2020,system_error,no_harm,N
CMP-11819,2019-02-26,Nimbus-Flex,LOT-4556-2019,system_error,no_harm,N
CMP-11820,2019-03-10,Nimbus-II-EpiD,LOT-9482-2019,system_error,no_harm,Y
CMP-11821,2022-01-13,Nimbus-Flex,LOT-6620-2022,system_error,no_harm,Y
CMP-11822,2022-12-23,Nimbus-II-EMS,LOT-7920-2022,system_error,near_miss,Y
CMP-11823,2021-01-02,Nimbus-PainPro,LOT-6321-2021,system_error,no_harm,Y
CMP-11824,2019-06-25,Nimbus-II-PainPRO,LOT-9161-2019,system_error,no_harm,Y
CMP-11825,2024-12-15,Nimbus-Admin,LOT-5253-2024,system_error,no_harm,Y
CMP-11826,2023-12-18,Nimbus-II-EMS,LOT-6523-2023,system_error,no_harm,N
CMP-11827,2022-05-19,Nimbus-II-Flex,LOT-2416-2022,system_error,no_harm,Y
CMP-11828,2021-10-13,Nimbus-PainPro,LOT-4047-2021,system_error,no_harm,Y
CMP-11829,2019-10-10,Nimbus-II-Flex,LOT-1527-2019,system_error,no_harm,N
CMP-11830,2021-04-07,Nimbus-PainPro,LOT-8100-2021,system_error,no_harm,Y
CMP-11831,2023-08-08,Nimbus-II-EpiD,LOT-8096-2023,system_error,no_harm,N
CMP-11832,2019-12-02,Nimbus-II-EMS,LOT-1358-2019,system_error,near_miss,Y
CMP-11833,2023-01-08,Nimbus-PainPro,LOT-7073-2023,system_error,patient_discomfort,N
CMP-11834,2022-05-27,Nimbus-Flex,LOT-6456-2022,system_error,patient_discomfort,Y
CMP-11835,2021-03-17,Nimbus-II-Plus,LOT-8448-2021,system_error,no_harm,Y
CMP-11836,2019-10-23,Nimbus-II-PainPRO,LOT-3563-2019,system_error,no_harm,N
CMP-11837,2021-05-28,Nimbus-II-EMS,LOT-8568-2021,system_error,no_harm,N
CMP-11838,2021-07-10,Nimbus-Flex,LOT-9417-2021,system_error,serious_injury,Y
CMP-11839,2019-08-27,Nimbus-II-EpiD,LOT-7016-2019,system_error,patient_discomfort,N
CMP-11840,2021-12-28,Nimbus-II-Flex,LOT-4739-2021,system_error,near_miss,N
CMP-11841,2020-05-12,Nimbus-II-Plus,LOT-2290-2020,system_error,near_miss,Y
CMP-11842,2023-07-14,Nimbus-II-EpiD,LOT-6779-2023,system_error,no_harm,Y
CMP-11843,2021-10-11,Nimbus-II-EpiD,LOT-9890-2021,system_error,patient_discomfort,Y
CMP-11844,2019-04-19,Nimbus-II-PainPRO,LOT-7522-2019,system_error,no_harm,Y
CMP-11845,2022-03-19,Nimbus-Flex,LOT-4069-2022,system_error,no_harm,Y
CMP-11846,2019-08-24,Nimbus-II-EMS,LOT-8398-2019,system_error,no_harm,Y
CMP-11847,2023-02-18,Nimbus-II-EMS,LOT-3290-2023,system_error,no_harm,Y
CMP-11848,2024-06-08,Nimbus-PainPro,LOT-8201-2024,system_error,patient_discomfort,Y
CMP-11849,2022-03-18,Nimbus-II-Flex,LOT-3793-2022,system_error,serious_injury,Y
CMP-11850,2021-09-03,Nimbus-PainPro,LOT-6012-2021,system_error,no_harm,N
CMP-11851,2023-04-26,Nimbus-Flex,LOT-3112-2023,system_error,no_harm,N
CMP-11852,2023-10-27,Nimbus-II-EMS,LOT-8876-2023,system_error,patient_discomfort,N
CMP-11853,2024-05-16,Nimbus-II-PainPRO,LOT-6157-2024,system_error,patient_discomfort,Y
CMP-11854,2022-05-17,Nimbus-II-EMS,LOT-6888-2022,system_error,no_harm,N
CMP-11855,2023-04-02,Nimbus-II-EMS,LOT-3765-2023,system_error,near_miss,Y
CMP-11856,2020-08-26,Nimbus-II-Plus,LOT-8949-2020,system_error,no_harm,Y
CMP-11857,2022-03-25,Nimbus-II-EpiD,LOT-4368-2022,system_error,no_harm,Y
CMP-11858,2019-07-13,Nimbus-PainPro,LOT-6998-2019,system_error,no_harm,Y
CMP-11859,2020-08-12,Nimbus-PainPro,LOT-4949-2020,system_error,no_harm,Y
CMP-11860,2022-07-13,Nimbus-II-Plus,LOT-8411-2022,system_error,no_harm,Y
CMP-11861,2020-11-01,Nimbus-II-PainPRO,LOT-5279-2020,system_error,no_harm,Y
CMP-11862,2024-01-23,Nimbus-Admin,LOT-7493-2024,system_error,no_harm,N
CMP-11863,2019-11-05,Nimbus-II-Flex,LOT-9420-2019,system_error,no_harm,Y
CMP-11864,2022-09-27,Nimbus-II-Plus,LOT-3468-2022,system_error,near_miss,N
CMP-11865,2021-10-11,Nimbus-Admin,LOT-4180-2021,system_error,no_harm,Y
CMP-11866,2023-03-10,Nimbus-II-PainPRO,LOT-5778-2023,system_error,no_harm,Y
CMP-11867,2021-11-07,Nimbus-II-PainPRO,LOT-7813-2021,system_error,no_harm,Y
CMP-11868,2019-12-16,Nimbus-Admin,LOT-5258-2019,system_error,no_harm,N
CMP-11869,2022-05-23,Nimbus-II-EMS,LOT-4259-2022,system_error,no_harm,N
CMP-11870,2023-07-27,Nimbus-Admin,LOT-1821-2023,system_error,no_harm,Y
CMP-11871,2023-07-25,Nimbus-Flex,LOT-5476-2023,system_error,no_harm,Y
CMP-11872,2024-08-09,Nimbus-II-EpiD,LOT-7934-2024,system_error,no_harm,N
CMP-11873,2020-04-04,Nimbus-Admin,LOT-6483-2020,system_error,no_harm,N
CMP-11874,2021-09-22,Nimbus-II-PainPRO,LOT-8743-2021,system_error,no_harm,Y
CMP-11875,2020-11-27,Nimbus-II-EpiD,LOT-4258-2020,system_error,no_harm,N
CMP-11876,2024-04-26,Nimbus-PainPro,LOT-4872-2024,system_error,no_harm,N
CMP-11877,2022-05-17,Nimbus-II-EMS,LOT-8897-2022,system_error,no_harm,N
CMP-11878,2021-07-20,Nimbus-Admin,LOT-5381-2021,system_error,no_harm,N
CMP-11879,2019-10-25,Nimbus-Admin,LOT-8462-2019,system_error,no_harm,N
CMP-11880,2021-04-16,Nimbus-II-PainPRO,LOT-2252-2021,system_error,serious_injury,Y
CMP-11881,2023-01-01,Nimbus-II-EpiD,LOT-9839-2023,system_error,no_harm,N
CMP-11882,2023-08-11,Nimbus-Admin,LOT-8926-2023,system_error,no_harm,Y
CMP-11883,2023-11-24,Nimbus-II-Plus,LOT-9543-2023,system_error,no_harm,Y
CMP-11884,2021-05-12,Nimbus-II-Flex,LOT-5079-2021,system_error,serious_injury,Y
CMP-11885,2024-04-09,Nimbus-II-PainPRO,LOT-1220-2024,system_error,serious_injury,Y
CMP-11886,2021-02-26,Nimbus-II-Flex,LOT-8460-2021,system_error,no_harm,N
CMP-11887,2019-12-12,Nimbus-II-EpiD,LOT-2044-2019,system_error,near_miss,Y
CMP-11888,2022-05-09,Nimbus-II-Plus,LOT-6167-2022,system_error,no_harm,N
CMP-11889,2020-08-14,Nimbus-II-EMS,LOT-9277-2020,system_error,no_harm,Y
CMP-11890,2020-01-27,Nimbus-II-EpiD,LOT-6225-2020,system_error,no_harm,Y
CMP-11891,2024-01-28,Nimbus-Admin,LOT-2014-2024,system_error,near_miss,N
CMP-11892,2024-07-24,Nimbus-II-EpiD,LOT-5662-2024,system_error,no_harm,N
CMP-11893,2024-05-07,Nimbus-II-EMS,LOT-6789-2024,system_error,no_harm,N
CMP-11894,2019-10-03,Nimbus-II-EpiD,LOT-8843-2019,system_error,no_harm,N
CMP-11895,2022-09-03,Nimbus-PainPro,LOT-1231-2022,system_error,no_harm,N
CMP-11896,2022-12-22,Nimbus-Admin,LOT-5361-2022,system_error,death,Y
CMP-11897,2021-12-07,Nimbus-II-EMS,LOT-6394-2021,system_error,no_harm,Y
CMP-11898,2022-03-27,Nimbus-Flex,LOT-7862-2022,system_error,no_harm,Y
CMP-11899,2024-11-04,Nimbus-II-EMS,LOT-6396-2024,system_error,no_harm,N
CMP-11900,2021-01-18,Nimbus-PainPro,LOT-7710-2021,system_error,near_miss,N
CMP-11901,2022-09-23,Nimbus-II-EpiD,LOT-9545-2022,system_error,no_harm,Y
CMP-11902,2022-11-09,Nimbus-Flex,LOT-6941-2022,system_error,no_harm,Y
CMP-11903,2019-04-16,Nimbus-II-Plus,LOT-9780-2019,system_error,patient_discomfort,Y
CMP-11904,2024-11-14,Nimbus-Flex,LOT-2246-2024,system_error,no_harm,Y
CMP-11905,2023-02-26,Nimbus-II-PainPRO,LOT-6936-2023,system_error,no_harm,Y
CMP-11906,2023-09-28,Nimbus-II-Plus,LOT-1719-2023,system_error,no_harm,N
CMP-11907,2022-07-06,Nimbus-Flex,LOT-3881-2022,system_error,patient_discomfort,Y
CMP-11908,2019-12-21,Nimbus-PainPro,LOT-5641-2019,system_error,no_harm,N
CMP-11909,2024-11-14,Nimbus-PainPro,LOT-8815-2024,system_error,no_harm,Y
CMP-11910,2020-04-27,Nimbus-II-EpiD,LOT-3594-2020,system_error,no_harm,Y
CMP-11911,2024-09-05,Nimbus-PainPro,LOT-9747-2024,system_error,no_harm,N
CMP-11912,2021-09-06,Nimbus-II-EpiD,LOT-7423-2021,system_error,no_harm,Y
CMP-11913,2019-07-19,Nimbus-II-Flex,LOT-6963-2019,system_error,no_harm,Y
CMP-11914,2021-02-22,Nimbus-Flex,LOT-3406-2021,system_error,no_harm,N
CMP-11915,2023-12-10,Nimbus-Flex,LOT-2069-2023,system_error,no_harm,Y
CMP-11916,2023-01-11,Nimbus-Flex,LOT-7245-2023,system_error,no_harm,Y
CMP-11917,2020-03-20,Nimbus-II-EMS,LOT-8054-2020,system_error,serious_injury,Y
CMP-11918,2023-01-15,Nimbus-II-Flex,LOT-7321-2023,system_error,near_miss,N
CMP-11919,2024-04-12,Nimbus-II-EMS,LOT-5923-2024,system_error,no_harm,Y
CMP-11920,2024-10-11,Nimbus-PainPro,LOT-9235-2024,system_error,patient_discomfort,N
CMP-11921,2024-03-22,Nimbus-II-EpiD,LOT-5576-2024,system_error,no_harm,N
CMP-11922,2023-11-06,Nimbus-Admin,LOT-8763-2023,system_error,no_harm,N
CMP-11923,2021-12-27,Nimbus-II-Flex,LOT-6324-2021,system_error,no_harm,Y
CMP-11924,2019-05-22,Nimbus-PainPro,LOT-4951-2019,system_error,patient_discomfort,N
CMP-11925,2022-02-26,Nimbus-Flex,LOT-9438-2022,system_error,no_harm,N
CMP-11926,2020-10-28,Nimbus-PainPro,LOT-7928-2020,system_error,serious_injury,Y
CMP-11927,2023-11-19,Nimbus-Admin,LOT-9410-2023,system_error,patient_discomfort,N
CMP-11928,2022-03-01,Nimbus-II-PainPRO,LOT-6706-2022,system_error,no_harm,N
CMP-11929,2019-03-25,Nimbus-Flex,LOT-3935-2019,system_error,near_miss,N
CMP-11930,2020-11-04,Nimbus-II-PainPRO,LOT-6326-2020,system_error,no_harm,N
CMP-11931,2020-04-10,Nimbus-II-EpiD,LOT-3097-2020,system_error,no_harm,Y
CMP-11932,2019-07-10,Nimbus-PainPro,LOT-5241-2019,system_error,no_harm,Y
CMP-11933,2021-06-03,Nimbus-II-EMS,LOT-5919-2021,system_error,serious_injury,Y
CMP-11934,2023-05-14,Nimbus-Admin,LOT-5108-2023,system_error,serious_injury,Y
CMP-11935,2022-07-14,Nimbus-Admin,LOT-4231-2022,system_error,no_harm,Y
CMP-11936,2021-06-11,Nimbus-II-PainPRO,LOT-8735-2021,system_error,no_harm,Y
CMP-11937,2024-10-01,Nimbus-Admin,LOT-4865-2024,system_error,near_miss,N
CMP-11938,2020-08-03,Nimbus-Admin,LOT-4012-2020,system_error,no_harm,Y
CMP-11939,2022-10-08,Nimbus-Admin,LOT-3991-2022,system_error,no_harm,N
CMP-11940,2022-05-28,Nimbus-II-Plus,LOT-5357-2022,system_error,no_harm,N
CMP-11941,2023-01-03,Nimbus-II-Flex,LOT-6892-2023,system_error,no_harm,N
CMP-11942,2024-07-21,Nimbus-II-EMS,LOT-3386-2024,system_error,near_miss,N
CMP-11943,2020-12-23,Nimbus-PainPro,LOT-7301-2020,system_error,no_harm,Y
CMP-11944,2022-08-22,Nimbus-II-EpiD,LOT-2662-2022,system_error,serious_injury,Y
CMP-11945,2023-06-09,Nimbus-Admin,LOT-1788-2023,system_error,no_harm,N
CMP-11946,2022-02-26,Nimbus-Flex,LOT-8682-2022,system_error,near_miss,N
CMP-11947,2024-05-01,Nimbus-II-Flex,LOT-2485-2024,system_error,patient_discomfort,Y
CMP-11948,2024-10-15,Nimbus-II-Flex,LOT-1185-2024,system_error,no_harm,N
CMP-11949,2023-06-14,Nimbus-II-PainPRO,LOT-6337-2023,system_error,no_harm,Y
CMP-11950,2023-12-03,Nimbus-II-EMS,LOT-4370-2023,system_error,serious_injury,Y
CMP-11951,2023-07-28,Nimbus-II-Flex,LOT-2959-2023,system_error,patient_discomfort,Y
CMP-11952,2024-07-17,Nimbus-Admin,LOT-3588-2024,system_error,patient_discomfort,N
CMP-11953,2024-03-17,Nimbus-Flex,LOT-5562-2024,system_error,no_harm,N
CMP-11954,2021-06-22,Nimbus-II-Flex,LOT-3212-2021,system_error,near_miss,Y
CMP-11955,2022-08-06,Nimbus-II-EpiD,LOT-9754-2022,system_error,no_harm,Y
CMP-11956,2021-05-10,Nimbus-II-PainPRO,LOT-1883-2021,system_error,near_miss,N
CMP-11957,2021-11-11,Nimbus-Flex,LOT-4652-2021,system_error,no_harm,Y
CMP-11958,2019-07-07,Nimbus-II-Flex,LOT-6095-2019,system_error,no_harm,Y
CMP-11959,2022-03-10,Nimbus-Admin,LOT-9330-2022,system_error,no_harm,N
CMP-11960,2024-01-25,Nimbus-Flex,LOT-2399-2024,system_error,no_harm,N
CMP-11961,2022-10-20,Nimbus-II-EMS,LOT-6406-2022,system_error,near_miss,N
CMP-11962,2019-02-05,Nimbus-II-Flex,LOT-4469-2019,system_error,patient_discomfort,Y
CMP-11963,2020-05-01,Nimbus-II-EMS,LOT-4239-2020,system_error,near_miss,Y
CMP-11964,2019-02-19,Nimbus-II-Plus,LOT-8036-2019,system_error,no_harm,N
CMP-11965,2019-02-21,Nimbus-II-EMS,LOT-8138-2019,system_error,patient_discomfort,Y
CMP-11966,2024-04-09,Nimbus-Admin,LOT-1044-2024,system_error,near_miss,N
CMP-11967,2022-10-23,Nimbus-II-EpiD,LOT-3160-2022,system_error,no_harm,N
CMP-11968,2022-12-05,Nimbus-PainPro,LOT-2396-2022,system_error,no_harm,Y
CMP-11969,2024-01-28,Nimbus-Admin,LOT-5023-2024,system_error,no_harm,N
CMP-11970,2019-04-04,Nimbus-Admin,LOT-6633-2019,system_error,no_harm,Y
CMP-11971,2024-10-09,Nimbus-PainPro,LOT-4235-2024,system_error,no_harm,Y
CMP-11972,2019-08-11,Nimbus-II-Plus,LOT-2192-2019,system_error,near_miss,N
CMP-11973,2022-06-17,Nimbus-II-EMS,LOT-9244-2022,system_error,no_harm,Y
CMP-11974,2022-06-16,Nimbus-Flex,LOT-3092-2022,system_error,no_harm,N
CMP-11975,2022-06-11,Nimbus-PainPro,LOT-5644-2022,system_error,patient_discomfort,Y
CMP-11976,2022-01-08,Nimbus-II-Flex,LOT-7889-2022,system_error,no_harm,Y
CMP-11977,2024-08-27,Nimbus-Flex,LOT-8336-2024,system_error,no_harm,N
CMP-11978,2022-01-09,Nimbus-PainPro,LOT-6900-2022,system_error,no_harm,N
CMP-11979,2022-09-04,Nimbus-II-Plus,LOT-7932-2022,system_error,no_harm,Y
CMP-11980,2022-04-19,Nimbus-II-PainPRO,LOT-2934-2022,system_error,patient_discomfort,N
CMP-11981,2022-10-04,Nimbus-II-PainPRO,LOT-8050-2022,system_error,no_harm,N
CMP-11982,2022-03-15,Nimbus-II-PainPRO,LOT-3378-2022,system_error,no_harm,Y
CMP-11983,2019-09-11,Nimbus-II-EpiD,LOT-7201-2019,system_error,no_harm,N
CMP-11984,2023-09-20,Nimbus-II-PainPRO,LOT-8165-2023,system_error,no_harm,N
CMP-11985,2023-01-02,Nimbus-II-Flex,LOT-4388-2023,system_error,near_miss,N
CMP-11986,2023-04-22,Nimbus-II-EMS,LOT-6446-2023,system_error,no_harm,N
CMP-11987,2021-10-09,Nimbus-PainPro,LOT-4430-2021,system_error,no_harm,N
CMP-11988,2021-01-14,Nimbus-PainPro,LOT-4835-2021,system_error,serious_injury,Y
CMP-11989,2023-03-23,Nimbus-II-Flex,LOT-2360-2023,system_error,no_harm,Y
CMP-11990,2021-02-18,Nimbus-II-EpiD,LOT-2269-2021,system_error,serious_injury,Y
CMP-11991,2023-06-06,Nimbus-PainPro,LOT-7471-2023,system_error,no_harm,N
CMP-11992,2019-09-19,Nimbus-II-EpiD,LOT-5644-2019,system_error,near_miss,N
CMP-11993,2023-05-08,Nimbus-PainPro,LOT-5154-2023,system_error,patient_discomfort,N
CMP-11994,2023-04-21,Nimbus-Flex,LOT-1348-2023,system_error,no_harm,N
CMP-11995,2023-08-13,Nimbus-II-Plus,LOT-1493-2023,system_error,no_harm,N
CMP-11996,2024-07-16,Nimbus-II-EpiD,LOT-4558-2024,system_error,no_harm,Y
CMP-11997,2022-04-10,Nimbus-II-EpiD,LOT-7100-2022,system_error,no_harm,Y
CMP-11998,2022-11-05,Nimbus-PainPro,LOT-5732-2022,system_error,patient_discomfort,N
CMP-11999,2021-04-21,Nimbus-Admin,LOT-5003-2021,system_error,no_harm,N
CMP-12000,2019-03-12,Nimbus-II-Plus,LOT-7773-2019,system_error,no_harm,N
CMP-12001,2024-07-18,Nimbus-II-Plus,LOT-2672-2024,system_error,no_harm,N
CMP-12002,2024-11-17,Nimbus-PainPro,LOT-7213-2024,system_error,no_harm,N
CMP-12003,2023-02-10,Nimbus-Flex,LOT-4181-2023,system_error,no_harm,N
CMP-12004,2024-10-27,Nimbus-Flex,LOT-1562-2024,system_error,serious_injury,Y
CMP-12005,2024-07-24,Nimbus-II-EMS,LOT-8374-2024,system_error,near_miss,Y
CMP-12006,2021-01-07,Nimbus-PainPro,LOT-9345-2021,system_error,no_harm,Y
CMP-12007,2024-08-20,Nimbus-II-Plus,LOT-5061-2024,system_error,patient_discomfort,Y
CMP-12008,2024-01-22,Nimbus-II-EMS,LOT-3780-2024,system_error,no_harm,N
CMP-12009,2023-03-08,Nimbus-PainPro,LOT-7829-2023,system_error,no_harm,N
CMP-12010,2024-05-10,Nimbus-II-Flex,LOT-8071-2024,system_error,no_harm,N
CMP-12011,2020-04-24,Nimbus-II-EpiD,LOT-7593-2020,system_error,serious_injury,Y
CMP-12012,2022-12-22,Nimbus-II-PainPRO,LOT-6960-2022,system_error,no_harm,Y
CMP-12013,2020-04-07,Nimbus-Admin,LOT-7806-2020,system_error,no_harm,N
CMP-12014,2022-12-04,Nimbus-PainPro,LOT-4828-2022,system_error,no_harm,N
CMP-12015,2024-03-27,Nimbus-II-EMS,LOT-6121-2024,system_error,patient_discomfort,N
CMP-12016,2020-11-27,Nimbus-II-PainPRO,LOT-6015-2020,system_error,no_harm,Y
CMP-12017,2020-06-21,Nimbus-II-Plus,LOT-4980-2020,system_error,patient_discomfort,Y
CMP-12018,2019-01-18,Nimbus-II-Plus,LOT-5678-2019,system_error,near_miss,Y
CMP-12019,2019-06-21,Nimbus-II-PainPRO,LOT-1179-2019,system_error,no_harm,N
CMP-12020,2020-06-22,Nimbus-II-EpiD,LOT-6457-2020,system_error,no_harm,N
CMP-12021,2021-01-13,Nimbus-Admin,LOT-1668-2021,system_error,near_miss,Y
CMP-12022,2021-10-08,Nimbus-II-PainPRO,LOT-7644-2021,system_error,no_harm,N
CMP-12023,2024-06-27,Nimbus-PainPro,LOT-9805-2024,system_error,no_harm,N
CMP-12024,2019-03-20,Nimbus-II-Flex,LOT-9376-2019,system_error,no_harm,N
CMP-12025,2024-01-06,Nimbus-Flex,LOT-6696-2024,system_error,no_harm,Y
CMP-12026,2020-05-16,Nimbus-II-Plus,LOT-3011-2020,system_error,serious_injury,Y
CMP-12027,2021-08-16,Nimbus-Admin,LOT-4133-2021,system_error,no_harm,N
CMP-12028,2023-09-12,Nimbus-II-Flex,LOT-1656-2023,system_error,no_harm,Y
CMP-12029,2019-06-05,Nimbus-II-EpiD,LOT-4664-2019,system_error,no_harm,Y
CMP-12030,2023-09-05,Nimbus-II-Flex,LOT-7729-2023,system_error,no_harm,N
CMP-12031,2022-05-28,Nimbus-II-EpiD,LOT-1814-2022,system_error,serious_injury,Y
CMP-12032,2020-09-22,Nimbus-Admin,LOT-8322-2020,system_error,no_harm,N
CMP-12033,2020-09-16,Nimbus-PainPro,LOT-9828-2020,system_error,no_harm,Y
CMP-12034,2023-08-22,Nimbus-Flex,LOT-1234-2023,system_error,no_harm,Y
CMP-12035,2022-04-01,Nimbus-II-EMS,LOT-8208-2022,system_error,no_harm,Y
CMP-12036,2023-12-19,Nimbus-II-PainPRO,LOT-7940-2023,system_error,no_harm,N
CMP-12037,2019-01-10,Nimbus-II-Flex,LOT-8144-2019,system_error,no_harm,Y
CMP-12038,2021-12-24,Nimbus-Flex,LOT-2400-2021,system_error,near_miss,Y
CMP-12039,2024-09-04,Nimbus-Flex,LOT-8965-2024,system_error,no_harm,Y
CMP-12040,2020-09-22,Nimbus-II-EMS,LOT-9433-2020,system_error,no_harm,Y
CMP-12041,2020-03-27,Nimbus-II-PainPRO,LOT-1963-2020,system_error,near_miss,N
CMP-12042,2020-02-18,Nimbus-PainPro,LOT-8545-2020,system_error,near_miss,Y
CMP-12043,2023-08-28,Nimbus-II-EMS,LOT-7209-2023,system_error,no_harm,N
CMP-12044,2020-07-04,Nimbus-II-Flex,LOT-9602-2020,system_error,no_harm,N
CMP-12045,2021-02-04,Nimbus-II-Plus,LOT-9298-2021,system_error,no_harm,N
CMP-12046,2024-07-27,Nimbus-Flex,LOT-7501-2024,system_error,no_harm,Y
CMP-12047,2020-08-10,Nimbus-Admin,LOT-3025-2020,system_error,no_harm,Y
CMP-12048,2021-12-02,Nimbus-II-Plus,LOT-4126-2021,system_error,no_harm,N
CMP-12049,2020-09-13,Nimbus-II-Plus,LOT-9905-2020,system_error,no_harm,Y
CMP-12050,2019-09-10,Nimbus-Flex,LOT-4250-2019,system_error,no_harm,N
CMP-12051,2023-01-23,Nimbus-Flex,LOT-3437-2023,system_error,no_harm,Y
CMP-12052,2023-07-21,Nimbus-II-EMS,LOT-5104-2023,system_error,no_harm,Y
CMP-12053,2024-06-13,Nimbus-Flex,LOT-6445-2024,system_error,no_harm,N
CMP-12054,2019-05-19,Nimbus-II-Flex,LOT-4309-2019,system_error,patient_discomfort,Y
CMP-12055,2022-01-03,Nimbus-II-PainPRO,LOT-2841-2022,system_error,no_harm,N
CMP-12056,2023-08-05,Nimbus-II-EpiD,LOT-2917-2023,system_error,no_harm,Y
CMP-12057,2019-05-21,Nimbus-II-EpiD,LOT-3335-2019,system_error,no_harm,N
CMP-12058,2022-11-20,Nimbus-II-PainPRO,LOT-8596-2022,system_error,no_harm,N
CMP-12059,2023-04-16,Nimbus-II-EMS,LOT-5319-2023,system_error,no_harm,Y
CMP-12060,2023-11-23,Nimbus-Admin,LOT-9175-2023,system_error,patient_discomfort,Y
CMP-12061,2019-02-03,Nimbus-PainPro,LOT-4181-2019,system_error,no_harm,Y
CMP-12062,2021-12-14,Nimbus-II-EpiD,LOT-1863-2021,system_error,no_harm,N
CMP-12063,2020-05-10,Nimbus-II-EMS,LOT-1886-2020,system_error,no_harm,N
CMP-12064,2024-05-09,Nimbus-Flex,LOT-4523-2024,system_error,near_miss,Y
CMP-12065,2021-09-09,Nimbus-Admin,LOT-8521-2021,system_error,near_miss,Y
CMP-12066,2020-11-19,Nimbus-II-EMS,LOT-9837-2020,system_error,no_harm,Y
CMP-12067,2020-11-02,Nimbus-II-PainPRO,LOT-7201-2020,system_error,no_harm,N
CMP-12068,2021-04-10,Nimbus-II-Flex,LOT-6557-2021,system_error,near_miss,N
CMP-12069,2024-08-08,Nimbus-II-Flex,LOT-7799-2024,system_error,no_harm,Y
CMP-12070,2022-04-08,Nimbus-PainPro,LOT-1479-2022,system_error,near_miss,Y
CMP-12071,2019-10-07,Nimbus-PainPro,LOT-9732-2019,system_error,no_harm,Y
CMP-12072,2024-12-27,Nimbus-II-PainPRO,LOT-5545-2024,system_error,no_harm,N
CMP-12073,2024-10-08,Nimbus-II-Flex,LOT-9500-2024,system_error,no_harm,Y
CMP-12074,2022-01-01,Nimbus-II-Plus,LOT-5834-2022,system_error,no_harm,N
CMP-12075,2019-01-05,Nimbus-II-Flex,LOT-8104-2019,system_error,near_miss,Y
CMP-12076,2019-12-09,Nimbus-Flex,LOT-1971-2019,system_error,no_harm,N
CMP-12077,2024-01-19,Nimbus-II-EpiD,LOT-1014-2024,system_error,near_miss,N
CMP-12078,2019-12-25,Nimbus-PainPro,LOT-6566-2019,system_error,no_harm,Y
CMP-12079,2021-03-18,Nimbus-II-PainPRO,LOT-9357-2021,system_error,patient_discomfort,Y
CMP-12080,2021-12-19,Nimbus-PainPro,LOT-1511-2021,system_error,no_harm,N
CMP-12081,2021-11-03,Nimbus-Flex,LOT-8299-2021,system_error,no_harm,Y
CMP-12082,2024-06-21,Nimbus-PainPro,LOT-1279-2024,system_error,no_harm,N
CMP-12083,2019-12-27,Nimbus-Admin,LOT-4912-2019,system_error,near_miss,Y
CMP-12084,2022-10-17,Nimbus-II-PainPRO,LOT-7371-2022,system_error,no_harm,N
CMP-12085,2023-04-01,Nimbus-Admin,LOT-1221-2023,system_error,no_harm,Y
CMP-12086,2019-09-08,Nimbus-II-Plus,LOT-1665-2019,system_error,no_harm,Y
CMP-12087,2019-02-26,Nimbus-II-PainPRO,LOT-7396-2019,system_error,serious_injury,Y
CMP-12088,2022-02-18,Nimbus-II-Plus,LOT-5748-2022,system_error,no_harm,Y
CMP-12089,2024-12-28,Nimbus-II-PainPRO,LOT-7967-2024,system_error,no_harm,Y
CMP-12090,2023-12-06,Nimbus-PainPro,LOT-6891-2023,system_error,no_harm,Y
CMP-12091,2024-10-14,Nimbus-Admin,LOT-8333-2024,system_error,no_harm,Y
CMP-12092,2022-06-01,Nimbus-II-EMS,LOT-2187-2022,system_error,no_harm,Y
CMP-12093,2020-05-01,Nimbus-II-PainPRO,LOT-4903-2020,system_error,no_harm,N
CMP-12094,2020-12-27,Nimbus-II-Flex,LOT-8188-2020,system_error,near_miss,N
CMP-12095,2024-05-10,Nimbus-II-EMS,LOT-2599-2024,system_error,near_miss,N
CMP-12096,2024-09-23,Nimbus-Admin,LOT-7267-2024,system_error,no_harm,Y
CMP-12097,2021-04-24,Nimbus-II-PainPRO,LOT-5504-2021,system_error,no_harm,N
CMP-12098,2022-09-07,Nimbus-Admin,LOT-3558-2022,system_error,no_harm,N
CMP-12099,2020-11-04,Nimbus-II-EMS,LOT-5172-2020,system_error,no_harm,N
CMP-12100,2019-12-06,Nimbus-Admin,LOT-5249-2019,system_error,serious_injury,Y
CMP-12101,2020-01-12,Nimbus-II-EpiD,LOT-5915-2020,system_error,no_harm,Y
CMP-12102,2020-07-07,Nimbus-II-PainPRO,LOT-8135-2020,system_error,no_harm,N
CMP-12103,2023-02-23,Nimbus-II-EMS,LOT-2148-2023,system_error,no_harm,Y
CMP-12104,2019-09-22,Nimbus-II-EpiD,LOT-4548-2019,system_error,near_miss,Y
CMP-12105,2022-12-04,Nimbus-PainPro,LOT-3213-2022,system_error,no_harm,Y
CMP-12106,2020-08-17,Nimbus-II-Plus,LOT-2700-2020,system_error,serious_injury,Y
CMP-12107,2019-12-20,Nimbus-II-EpiD,LOT-3968-2019,system_error,no_harm,N
CMP-12108,2023-06-12,Nimbus-II-EMS,LOT-6837-2023,system_error,no_harm,Y
CMP-12109,2024-12-06,Nimbus-PainPro,LOT-1327-2024,system_error,near_miss,N
CMP-12110,2022-01-09,Nimbus-II-EpiD,LOT-5762-2022,system_error,no_harm,N
CMP-12111,2021-10-08,Nimbus-II-PainPRO,LOT-9852-2021,system_error,no_harm,N
CMP-12112,2021-08-09,Nimbus-Flex,LOT-8459-2021,system_error,near_miss,Y
CMP-12113,2024-10-23,Nimbus-II-EMS,LOT-3139-2024,system_error,no_harm,N
CMP-12114,2021-04-10,Nimbus-II-EMS,LOT-8057-2021,system_error,near_miss,N
CMP-12115,2024-06-05,Nimbus-Admin,LOT-4377-2024,system_error,patient_discomfort,Y
CMP-12116,2023-03-24,Nimbus-II-PainPRO,LOT-8945-2023,system_error,no_harm,Y
CMP-12117,2022-12-27,Nimbus-PainPro,LOT-5844-2022,system_error,no_harm,N
CMP-12118,2022-03-14,Nimbus-II-Plus,LOT-5775-2022,system_error,no_harm,Y
CMP-12119,2023-11-10,Nimbus-II-EpiD,LOT-8605-2023,system_error,no_harm,Y
CMP-12120,2023-02-13,Nimbus-Admin,LOT-7902-2023,system_error,no_harm,Y
CMP-12121,2020-03-21,Nimbus-PainPro,LOT-6935-2020,system_error,near_miss,Y
CMP-12122,2020-03-13,Nimbus-Admin,LOT-9142-2020,system_error,patient_discomfort,N
CMP-12123,2020-06-27,Nimbus-II-PainPRO,LOT-7113-2020,system_error,no_harm,N
CMP-12124,2024-10-20,Nimbus-Flex,LOT-6947-2024,system_error,no_harm,Y
CMP-12125,2021-11-06,Nimbus-II-EpiD,LOT-8165-2021,system_error,no_harm,N
CMP-12126,2024-03-12,Nimbus-Admin,LOT-6851-2024,system_error,no_harm,Y
CMP-12127,2024-03-18,Nimbus-II-EMS,LOT-4364-2024,system_error,no_harm,Y
CMP-12128,2021-05-26,Nimbus-II-EpiD,LOT-5404-2021,system_error,near_miss,Y
CMP-12129,2022-12-26,Nimbus-II-EpiD,LOT-2613-2022,system_error,patient_discomfort,N
CMP-12130,2019-02-10,Nimbus-PainPro,LOT-5179-2019,system_error,no_harm,Y
CMP-12131,2019-01-14,Nimbus-II-EpiD,LOT-5557-2019,system_error,no_harm,Y
CMP-12132,2023-08-07,Nimbus-II-PainPRO,LOT-2081-2023,system_error,no_harm,Y
CMP-12133,2019-03-26,Nimbus-II-Plus,LOT-5346-2019,system_error,patient_discomfort,Y
CMP-12134,2019-10-27,Nimbus-II-Flex,LOT-4404-2019,system_error,no_harm,N
CMP-12135,2022-03-26,Nimbus-Flex,LOT-8068-2022,system_error,no_harm,N
CMP-12136,2023-05-08,Nimbus-II-Flex,LOT-5266-2023,system_error,near_miss,Y
CMP-12137,2023-04-17,Nimbus-II-Plus,LOT-2357-2023,system_error,serious_injury,Y
CMP-12138,2023-09-07,Nimbus-II-EMS,LOT-7040-2023,system_error,near_miss,N
CMP-12139,2022-06-08,Nimbus-PainPro,LOT-9784-2022,system_error,no_harm,Y
CMP-12140,2023-02-17,Nimbus-II-Flex,LOT-9894-2023,system_error,near_miss,N
CMP-12141,2020-12-01,Nimbus-II-Plus,LOT-9979-2020,system_error,near_miss,N
CMP-12142,2023-10-22,Nimbus-II-PainPRO,LOT-5088-2023,system_error,serious_injury,Y
CMP-12143,2020-11-07,Nimbus-II-Flex,LOT-4749-2020,system_error,no_harm,Y
CMP-12144,2022-05-02,Nimbus-II-EMS,LOT-9465-2022,system_error,no_harm,Y
CMP-12145,2023-02-14,Nimbus-II-PainPRO,LOT-3350-2023,system_error,no_harm,N
CMP-12146,2022-05-17,Nimbus-Admin,LOT-4718-2022,system_error,no_harm,N
CMP-12147,2020-10-01,Nimbus-II-Plus,LOT-3716-2020,system_error,no_harm,N
CMP-12148,2024-08-12,Nimbus-II-Flex,LOT-9031-2024,system_error,no_harm,N
CMP-12149,2021-09-04,Nimbus-PainPro,LOT-4939-2021,system_error,no_harm,N
CMP-12150,2022-11-01,Nimbus-PainPro,LOT-7795-2022,system_error,no_harm,Y
CMP-12151,2020-05-19,Nimbus-Admin,LOT-4664-2020,system_error,serious_injury,Y
CMP-12152,2022-10-13,Nimbus-II-Flex,LOT-8092-2022,system_error,no_harm,Y
CMP-12153,2020-11-24,Nimbus-Admin,LOT-2683-2020,system_error,no_harm,Y
CMP-12154,2023-11-11,Nimbus-II-Plus,LOT-3058-2023,system_error,no_harm,Y
CMP-12155,2023-08-05,Nimbus-Flex,LOT-3122-2023,system_error,near_miss,Y
CMP-12156,2022-07-14,Nimbus-Flex,LOT-7340-2022,system_error,no_harm,Y
CMP-12157,2021-02-21,Nimbus-II-Plus,LOT-5384-2021,system_error,no_harm,N
CMP-12158,2021-05-19,Nimbus-II-EpiD,LOT-2123-2021,system_error,no_harm,N
CMP-12159,2020-09-12,Nimbus-II-EMS,LOT-4005-2020,system_error,no_harm,Y
CMP-12160,2023-05-25,Nimbus-II-EpiD,LOT-3646-2023,system_error,no_harm,Y
CMP-12161,2022-08-18,Nimbus-II-EpiD,LOT-9419-2022,system_error,no_harm,N
CMP-12162,2020-01-24,Nimbus-II-Plus,LOT-1847-2020,system_error,no_harm,Y
CMP-12163,2024-04-24,Nimbus-II-Flex,LOT-1385-2024,system_error,no_harm,N
CMP-12164,2024-09-10,Nimbus-Admin,LOT-9591-2024,system_error,no_harm,N
CMP-12165,2021-04-04,Nimbus-II-EpiD,LOT-5017-2021,system_error,no_harm,N
CMP-12166,2022-06-18,Nimbus-II-Flex,LOT-7034-2022,system_error,no_harm,Y
CMP-12167,2019-02-18,Nimbus-II-EpiD,LOT-1278-2019,system_error,no_harm,Y
CMP-12168,2023-04-13,Nimbus-II-EMS,LOT-4503-2023,system_error,serious_injury,Y
CMP-12169,2023-01-26,Nimbus-PainPro,LOT-7558-2023,system_error,no_harm,Y
CMP-12170,2023-12-01,Nimbus-PainPro,LOT-3479-2023,system_error,no_harm,Y
CMP-12171,2021-11-26,Nimbus-II-EMS,LOT-1482-2021,system_error,no_harm,Y
CMP-12172,2020-10-05,Nimbus-PainPro,LOT-8552-2020,system_error,no_harm,N
CMP-12173,2022-02-09,Nimbus-II-Flex,LOT-8251-2022,system_error,no_harm,N
CMP-12174,2023-11-06,Nimbus-Flex,LOT-1700-2023,system_error,near_miss,N
CMP-12175,2024-01-16,Nimbus-II-EpiD,LOT-4583-2024,system_error,serious_injury,Y
CMP-12176,2022-12-27,Nimbus-Flex,LOT-8545-2022,system_error,no_harm,N
CMP-12177,2020-01-03,Nimbus-Flex,LOT-6281-2020,system_error,no_harm,N
CMP-12178,2019-01-13,Nimbus-II-Flex,LOT-3453-2019,system_error,no_harm,N
CMP-12179,2022-02-15,Nimbus-II-EpiD,LOT-1169-2022,system_error,no_harm,N
CMP-12180,2022-03-26,Nimbus-PainPro,LOT-5197-2022,system_error,no_harm,Y
CMP-12181,2020-03-12,Nimbus-Admin,LOT-9366-2020,system_error,no_harm,N
CMP-12182,2019-04-18,Nimbus-PainPro,LOT-8404-2019,system_error,no_harm,Y
CMP-12183,2024-02-17,Nimbus-Flex,LOT-4761-2024,system_error,near_miss,N
CMP-12184,2023-03-23,Nimbus-II-EMS,LOT-9444-2023,system_error,serious_injury,Y
CMP-12185,2020-05-02,Nimbus-II-EpiD,LOT-1813-2020,system_error,no_harm,N
CMP-12186,2024-11-17,Nimbus-II-PainPRO,LOT-4783-2024,system_error,no_harm,Y
CMP-12187,2024-01-08,Nimbus-II-EpiD,LOT-6028-2024,system_error,no_harm,Y
CMP-12188,2022-10-24,Nimbus-II-PainPRO,LOT-4619-2022,system_error,no_harm,Y
CMP-12189,2024-05-19,Nimbus-II-EMS,LOT-1197-2024,system_error,no_harm,N
CMP-12190,2019-01-24,Nimbus-Admin,LOT-8785-2019,system_error,no_harm,Y
CMP-12191,2021-01-24,Nimbus-PainPro,LOT-2239-2021,system_error,no_harm,N
CMP-12192,2024-07-06,Nimbus-Admin,LOT-3789-2024,system_error,no_harm,N
CMP-12193,2019-11-23,Nimbus-II-EpiD,LOT-7774-2019,system_error,no_harm,Y
CMP-12194,2024-12-02,Nimbus-II-Flex,LOT-7466-2024,system_error,near_miss,Y
CMP-12195,2023-10-22,Nimbus-II-Flex,LOT-7027-2023,system_error,no_harm,N
CMP-12196,2019-09-23,Nimbus-II-Plus,LOT-5968-2019,system_error,no_harm,Y
CMP-12197,2021-05-17,Nimbus-II-PainPRO,LOT-1398-2021,system_error,no_harm,N
CMP-12198,2022-04-20,Nimbus-II-EpiD,LOT-5994-2022,system_error,no_harm,Y
CMP-12199,2024-09-01,Nimbus-II-Plus,LOT-1543-2024,system_error,no_harm,N
CMP-12200,2024-01-06,Nimbus-II-PainPRO,LOT-8246-2024,system_error,no_harm,N
CMP-12201,2021-05-23,Nimbus-II-EpiD,LOT-4684-2021,system_error,patient_discomfort,Y
CMP-12202,2019-11-05,Nimbus-Admin,LOT-4596-2019,system_error,no_harm,N
CMP-12203,2024-11-08,Nimbus-II-Flex,LOT-9159-2024,system_error,no_harm,N
CMP-12204,2024-01-18,Nimbus-II-EpiD,LOT-5122-2024,system_error,no_harm,N
CMP-12205,2020-02-07,Nimbus-PainPro,LOT-2605-2020,system_error,no_harm,N
CMP-12206,2022-04-26,Nimbus-Flex,LOT-2870-2022,system_error,no_harm,Y
CMP-12207,2020-03-02,Nimbus-II-Plus,LOT-8797-2020,system_error,no_harm,Y
CMP-12208,2019-04-10,Nimbus-Admin,LOT-7864-2019,system_error,patient_discomfort,N
CMP-12209,2022-09-06,Nimbus-Flex,LOT-7355-2022,system_error,no_harm,Y
CMP-12210,2022-11-27,Nimbus-II-Flex,LOT-2387-2022,system_error,near_miss,Y
CMP-12211,2021-12-19,Nimbus-II-Flex,LOT-2413-2021,system_error,no_harm,N
CMP-12212,2020-12-13,Nimbus-II-EpiD,LOT-2991-2020,system_error,no_harm,Y
CMP-12213,2020-08-25,Nimbus-PainPro,LOT-9499-2020,system_error,patient_discomfort,Y
CMP-12214,2024-07-07,Nimbus-Flex,LOT-7047-2024,system_error,near_miss,Y
CMP-12215,2019-04-27,Nimbus-II-EMS,LOT-9660-2019,system_error,no_harm,Y
CMP-12216,2024-12-21,Nimbus-PainPro,LOT-6389-2024,system_error,no_harm,Y
CMP-12217,2024-12-21,Nimbus-Flex,LOT-9424-2024,system_error,serious_injury,Y
CMP-12218,2023-07-10,Nimbus-Admin,LOT-6233-2023,system_error,no_harm,N
CMP-12219,2020-11-26,Nimbus-II-EpiD,LOT-3798-2020,system_error,no_harm,N
CMP-12220,2021-05-09,Nimbus-II-EMS,LOT-5411-2021,system_error,no_harm,N
CMP-12221,2020-04-06,Nimbus-II-EMS,LOT-5413-2020,system_error,no_harm,N
CMP-12222,2020-01-17,Nimbus-PainPro,LOT-5771-2020,system_error,no_harm,Y
CMP-12223,2023-03-07,Nimbus-II-EpiD,LOT-8292-2023,system_error,no_harm,N
CMP-12224,2019-09-11,Nimbus-II-Plus,LOT-1693-2019,system_error,no_harm,Y
CMP-12225,2021-08-22,Nimbus-II-Flex,LOT-4124-2021,system_error,no_harm,Y
CMP-12226,2021-12-05,Nimbus-II-EpiD,LOT-9908-2021,system_error,patient_discomfort,N
CMP-12227,2023-03-21,Nimbus-II-EMS,LOT-7676-2023,system_error,no_harm,N
CMP-12228,2019-05-03,Nimbus-II-PainPRO,LOT-6077-2019,system_error,no_harm,Y
CMP-12229,2023-02-02,Nimbus-II-EMS,LOT-6854-2023,system_error,no_harm,N
CMP-12230,2023-02-22,Nimbus-II-PainPRO,LOT-9272-2023,system_error,no_harm,Y
CMP-12231,2022-12-24,Nimbus-II-Flex,LOT-2843-2022,system_error,no_harm,Y
CMP-12232,2022-12-13,Nimbus-Flex,LOT-8036-2022,system_error,no_harm,Y
CMP-12233,2024-04-07,Nimbus-II-Flex,LOT-4746-2024,system_error,patient_discomfort,N
CMP-12234,2023-11-12,Nimbus-II-PainPRO,LOT-1316-2023,system_error,near_miss,N
CMP-12235,2024-11-27,Nimbus-II-Plus,LOT-2440-2024,system_error,no_harm,Y
CMP-12236,2021-01-08,Nimbus-II-EMS,LOT-7043-2021,system_error,near_miss,N
CMP-12237,2024-01-02,Nimbus-Flex,LOT-2203-2024,system_error,no_harm,Y
CMP-12238,2019-10-08,Nimbus-Admin,LOT-9766-2019,system_error,no_harm,Y
CMP-12239,2024-07-03,Nimbus-II-Flex,LOT-7095-2024,system_error,no_harm,N
CMP-12240,2022-08-01,Nimbus-II-PainPRO,LOT-1589-2022,system_error,no_harm,Y
CMP-12241,2024-03-27,Nimbus-II-Plus,LOT-3902-2024,system_error,no_harm,Y
CMP-12242,2022-07-03,Nimbus-II-Flex,LOT-8732-2022,system_error,no_harm,Y
CMP-12243,2019-11-14,Nimbus-II-EMS,LOT-1284-2019,system_error,no_harm,Y
CMP-12244,2022-05-20,Nimbus-Flex,LOT-8251-2022,system_error,near_miss,Y
CMP-12245,2023-07-25,Nimbus-II-EMS,LOT-3843-2023,system_error,patient_discomfort,N
CMP-12246,2024-03-18,Nimbus-II-Plus,LOT-5974-2024,system_error,no_harm,Y
CMP-12247,2022-12-28,Nimbus-II-EMS,LOT-9813-2022,system_error,no_harm,Y
CMP-12248,2022-05-09,Nimbus-II-Plus,LOT-3686-2022,system_error,no_harm,N
CMP-12249,2022-11-18,Nimbus-Flex,LOT-8890-2022,system_error,near_miss,Y
CMP-12250,2020-09-15,Nimbus-PainPro,LOT-6442-2020,system_error,serious_injury,Y
CMP-12251,2022-04-01,Nimbus-PainPro,LOT-6852-2022,system_error,no_harm,N
CMP-12252,2024-04-25,Nimbus-Admin,LOT-8900-2024,system_error,no_harm,N
CMP-12253,2020-10-17,Nimbus-II-EpiD,LOT-8687-2020,system_error,no_harm,Y
CMP-12254,2022-08-09,Nimbus-II-EpiD,LOT-5726-2022,system_error,no_harm,Y
CMP-12255,2022-07-12,Nimbus-II-EMS,LOT-5355-2022,system_error,no_harm,Y
CMP-12256,2020-04-07,Nimbus-II-Flex,LOT-5227-2020,system_error,no_harm,N
CMP-12257,2019-04-17,Nimbus-II-Flex,LOT-1996-2019,system_error,no_harm,Y
CMP-12258,2019-06-11,Nimbus-Admin,LOT-3850-2019,system_error,near_miss,N
CMP-12259,2024-03-13,Nimbus-Flex,LOT-4666-2024,system_error,serious_injury,Y
CMP-12260,2021-09-14,Nimbus-Flex,LOT-4495-2021,system_error,no_harm,Y
CMP-12261,2021-11-16,Nimbus-Flex,LOT-1802-2021,system_error,no_harm,N
CMP-12262,2023-03-05,Nimbus-II-Flex,LOT-2303-2023,system_error,no_harm,Y
CMP-12263,2022-07-09,Nimbus-II-EMS,LOT-3910-2022,system_error,no_harm,Y
CMP-12264,2019-04-04,Nimbus-II-PainPRO,LOT-6831-2019,system_error,patient_discomfort,N
CMP-12265,2022-08-07,Nimbus-Admin,LOT-4498-2022,system_error,no_harm,N
CMP-12266,2020-04-05,Nimbus-Flex,LOT-7634-2020,system_error,no_harm,Y
CMP-12267,2023-01-24,Nimbus-Admin,LOT-4358-2023,system_error,no_harm,Y
CMP-12268,2021-05-11,Nimbus-II-PainPRO,LOT-8101-2021,system_error,no_harm,N
CMP-12269,2020-03-01,Nimbus-Flex,LOT-7272-2020,system_error,near_miss,N
CMP-12270,2022-08-26,Nimbus-II-EpiD,LOT-9746-2022,system_error,no_harm,N
CMP-12271,2022-04-18,Nimbus-II-Flex,LOT-3213-2022,system_error,no_harm,Y
CMP-12272,2020-01-13,Nimbus-PainPro,LOT-6368-2020,system_error,serious_injury,Y
CMP-12273,2019-08-02,Nimbus-II-PainPRO,LOT-8595-2019,system_error,serious_injury,Y
CMP-12274,2020-05-10,Nimbus-Admin,LOT-4869-2020,system_error,no_harm,Y
CMP-12275,2024-11-25,Nimbus-Admin,LOT-8408-2024,system_error,no_harm,Y
CMP-12276,2022-07-09,Nimbus-II-EpiD,LOT-9733-2022,system_error,patient_discomfort,N
CMP-12277,2022-11-28,Nimbus-II-EMS,LOT-5227-2022,system_error,near_miss,N
CMP-12278,2024-05-13,Nimbus-Admin,LOT-5702-2024,system_error,near_miss,Y
CMP-12279,2024-10-18,Nimbus-II-Flex,LOT-3741-2024,system_error,patient_discomfort,N
CMP-12280,2024-06-12,Nimbus-II-Plus,LOT-1142-2024,system_error,no_harm,Y
CMP-12281,2020-07-07,Nimbus-Admin,LOT-2759-2020,system_error,no_harm,Y
CMP-12282,2023-07-08,Nimbus-Admin,LOT-8579-2023,system_error,no_harm,Y
CMP-12283,2019-09-23,Nimbus-II-EpiD,LOT-8063-2019,system_error,near_miss,Y
CMP-12284,2019-01-08,Nimbus-II-EpiD,LOT-3329-2019,system_error,no_harm,N
CMP-12285,2021-07-25,Nimbus-Flex,LOT-9697-2021,system_error,no_harm,Y
CMP-12286,2020-08-15,Nimbus-II-Plus,LOT-8924-2020,system_error,no_harm,N
CMP-12287,2021-05-03,Nimbus-II-EpiD,LOT-6289-2021,system_error,patient_discomfort,Y
CMP-12288,2019-08-06,Nimbus-II-EpiD,LOT-7236-2019,system_error,no_harm,Y
CMP-12289,2022-06-28,Nimbus-II-EMS,LOT-9877-2022,system_error,no_harm,N
CMP-12290,2022-08-28,Nimbus-II-PainPRO,LOT-9153-2022,system_error,near_miss,Y
CMP-12291,2021-05-03,Nimbus-II-PainPRO,LOT-5658-2021,system_error,no_harm,Y
CMP-12292,2021-12-01,Nimbus-II-EpiD,LOT-7094-2021,system_error,no_harm,N
CMP-12293,2024-12-12,Nimbus-II-Flex,LOT-3413-2024,system_error,no_harm,Y
CMP-12294,2022-09-11,Nimbus-II-PainPRO,LOT-7380-2022,system_error,no_harm,N
CMP-12295,2021-05-12,Nimbus-PainPro,LOT-3072-2021,system_error,patient_discomfort,Y
CMP-12296,2020-04-16,Nimbus-Flex,LOT-6146-2020,system_error,no_harm,Y
CMP-12297,2024-08-04,Nimbus-Flex,LOT-2226-2024,system_error,near_miss,Y
CMP-12298,2024-01-17,Nimbus-Flex,LOT-9724-2024,system_error,no_harm,N
CMP-12299,2021-08-15,Nimbus-II-EpiD,LOT-3124-2021,system_error,no_harm,Y
CMP-12300,2023-10-28,Nimbus-Admin,LOT-2294-2023,system_error,no_harm,N
CMP-12301,2023-01-14,Nimbus-PainPro,LOT-5474-2023,system_error,near_miss,N
CMP-12302,2019-09-01,Nimbus-PainPro,LOT-3964-2019,system_error,no_harm,Y
CMP-12303,2020-05-12,Nimbus-II-PainPRO,LOT-5202-2020,system_error,no_harm,N
CMP-12304,2022-11-27,Nimbus-II-PainPRO,LOT-6813-2022,system_error,no_harm,Y
CMP-12305,2020-09-14,Nimbus-II-EpiD,LOT-1287-2020,system_error,no_harm,Y
CMP-12306,2024-07-28,Nimbus-PainPro,LOT-8878-2024,system_error,near_miss,Y
CMP-12307,2019-01-19,Nimbus-II-EpiD,LOT-9204-2019,system_error,near_miss,N
CMP-12308,2024-11-28,Nimbus-Flex,LOT-4607-2024,system_error,no_harm,N
CMP-12309,2021-03-04,Nimbus-Flex,LOT-8029-2021,system_error,near_miss,N
CMP-12310,2020-11-01,Nimbus-II-EMS,LOT-1421-2020,system_error,no_harm,N
CMP-12311,2024-10-16,Nimbus-II-Plus,LOT-3070-2024,system_error,patient_discomfort,Y
CMP-12312,2024-07-01,Nimbus-II-Flex,LOT-5161-2024,system_error,no_harm,Y
CMP-12313,2022-04-16,Nimbus-Flex,LOT-3438-2022,system_error,no_harm,N
CMP-12314,2023-11-05,Nimbus-II-Plus,LOT-2210-2023,system_error,no_harm,Y
CMP-12315,2023-01-06,Nimbus-II-Flex,LOT-4230-2023,system_error,no_harm,Y
CMP-12316,2021-11-02,Nimbus-II-EpiD,LOT-4388-2021,system_error,no_harm,Y
CMP-12317,2021-01-18,Nimbus-II-Flex,LOT-5524-2021,system_error,near_miss,Y
CMP-12318,2022-03-09,Nimbus-Flex,LOT-6686-2022,system_error,no_harm,N
CMP-12319,2022-04-06,Nimbus-II-EMS,LOT-8532-2022,system_error,no_harm,N
CMP-12320,2019-02-13,Nimbus-II-Flex,LOT-5972-2019,system_error,no_harm,Y
CMP-12321,2023-01-28,Nimbus-Flex,LOT-9701-2023,system_error,patient_discomfort,N
CMP-12322,2019-10-04,Nimbus-Flex,LOT-7831-2019,system_error,serious_injury,Y
CMP-12323,2022-01-25,Nimbus-II-EpiD,LOT-2237-2022,system_error,near_miss,N
CMP-12324,2021-12-05,Nimbus-Admin,LOT-8276-2021,system_error,no_harm,N
CMP-12325,2024-06-18,Nimbus-II-Flex,LOT-2116-2024,system_error,no_harm,Y
CMP-12326,2020-03-16,Nimbus-II-Flex,LOT-5362-2020,system_error,near_miss,Y
CMP-12327,2024-09-26,Nimbus-Admin,LOT-8682-2024,system_error,no_harm,Y
CMP-12328,2021-02-09,Nimbus-II-Flex,LOT-5735-2021,system_error,near_miss,N
CMP-12329,2024-10-03,Nimbus-II-EMS,LOT-9533-2024,system_error,no_harm,N
CMP-12330,2019-09-06,Nimbus-Flex,LOT-5908-2019,system_error,near_miss,Y
CMP-12331,2023-05-17,Nimbus-II-Flex,LOT-6058-2023,system_error,no_harm,Y
CMP-12332,2020-10-06,Nimbus-PainPro,LOT-6991-2020,system_error,no_harm,N
CMP-12333,2021-09-05,Nimbus-II-EpiD,LOT-1582-2021,system_error,near_miss,Y
CMP-12334,2019-04-13,Nimbus-II-Flex,LOT-7172-2019,system_error,no_harm,N
CMP-12335,2022-01-28,Nimbus-II-Plus,LOT-9342-2022,system_error,no_harm,Y
CMP-12336,2022-04-14,Nimbus-II-Flex,LOT-9457-2022,system_error,no_harm,Y
CMP-12337,2022-04-09,Nimbus-II-Plus,LOT-3598-2022,system_error,no_harm,Y
CMP-12338,2023-07-22,Nimbus-Flex,LOT-6302-2023,system_error,near_miss,N
CMP-12339,2024-02-14,Nimbus-II-EpiD,LOT-8675-2024,system_error,near_miss,Y
CMP-12340,2020-12-01,Nimbus-II-EMS,LOT-7301-2020,system_error,no_harm,N
CMP-12341,2023-09-26,Nimbus-II-Flex,LOT-7329-2023,system_error,no_harm,Y
CMP-12342,2024-01-27,Nimbus-Flex,LOT-6474-2024,system_error,near_miss,N
CMP-12343,2021-05-19,Nimbus-II-Plus,LOT-8194-2021,system_error,no_harm,N
CMP-12344,2022-05-08,Nimbus-II-PainPRO,LOT-5140-2022,system_error,no_harm,Y
CMP-12345,2020-05-20,Nimbus-II-Plus,LOT-1431-2020,system_error,no_harm,N
CMP-12346,2024-09-24,Nimbus-II-EMS,LOT-4635-2024,system_error,no_harm,Y
CMP-12347,2020-06-22,Nimbus-II-PainPRO,LOT-4064-2020,system_error,no_harm,Y
CMP-12348,2023-12-24,Nimbus-II-EpiD,LOT-3586-2023,system_error,no_harm,N
CMP-12349,2020-04-19,Nimbus-Admin,LOT-8362-2020,system_error,patient_discomfort,Y
CMP-12350,2022-11-26,Nimbus-II-PainPRO,LOT-9235-2022,system_error,no_harm,Y
CMP-12351,2019-07-02,Nimbus-Flex,LOT-2413-2019,system_error,no_harm,Y
CMP-12352,2021-03-02,Nimbus-PainPro,LOT-8593-2021,system_error,near_miss,Y
CMP-12353,2022-08-05,Nimbus-II-Flex,LOT-2477-2022,system_error,no_harm,Y
CMP-12354,2021-04-09,Nimbus-II-EMS,LOT-8291-2021,system_error,no_harm,Y
CMP-12355,2022-04-26,Nimbus-PainPro,LOT-6123-2022,system_error,serious_injury,Y
CMP-12356,2023-07-04,Nimbus-Flex,LOT-7443-2023,system_error,no_harm,N
CMP-12357,2019-12-02,Nimbus-PainPro,LOT-8800-2019,system_error,no_harm,Y
CMP-12358,2022-11-06,Nimbus-II-Flex,LOT-8720-2022,system_error,no_harm,N
CMP-12359,2019-07-16,Nimbus-II-EMS,LOT-8140-2019,system_error,patient_discomfort,Y
CMP-12360,2022-12-17,Nimbus-PainPro,LOT-6130-2022,system_error,no_harm,N
CMP-12361,2019-10-04,Nimbus-Flex,LOT-7629-2019,system_error,no_harm,Y
CMP-12362,2023-06-21,Nimbus-PainPro,LOT-1433-2023,system_error,near_miss,Y
CMP-12363,2023-04-26,Nimbus-II-PainPRO,LOT-4051-2023,system_error,no_harm,Y
CMP-12364,2021-07-25,Nimbus-Flex,LOT-4691-2021,system_error,no_harm,Y
CMP-12365,2019-10-28,Nimbus-PainPro,LOT-3684-2019,system_error,no_harm,N
CMP-12366,2024-04-06,Nimbus-II-EMS,LOT-8626-2024,system_error,no_harm,N
CMP-12367,2023-12-07,Nimbus-Admin,LOT-5022-2023,system_error,no_harm,Y
CMP-12368,2021-04-22,Nimbus-II-EpiD,LOT-6416-2021,system_error,no_harm,N
CMP-12369,2023-10-15,Nimbus-II-PainPRO,LOT-1122-2023,system_error,no_harm,Y
CMP-12370,2022-09-11,Nimbus-PainPro,LOT-7124-2022,system_error,no_harm,Y
CMP-12371,2022-10-02,Nimbus-II-Plus,LOT-7906-2022,system_error,no_harm,N
CMP-12372,2021-08-14,Nimbus-II-PainPRO,LOT-5148-2021,system_error,near_miss,N
CMP-12373,2019-08-09,Nimbus-Flex,LOT-8556-2019,system_error,no_harm,Y
CMP-12374,2021-04-03,Nimbus-II-EMS,LOT-6613-2021,system_error,no_harm,N
CMP-12375,2021-03-11,Nimbus-II-PainPRO,LOT-4075-2021,system_error,no_harm,Y
CMP-12376,2021-01-09,Nimbus-II-EpiD,LOT-8954-2021,system_error,no_harm,N
CMP-12377,2021-04-18,Nimbus-II-EMS,LOT-1475-2021,system_error,no_harm,Y
CMP-12378,2023-05-01,Nimbus-II-Plus,LOT-3758-2023,system_error,no_harm,Y
CMP-12379,2020-07-18,Nimbus-II-Flex,LOT-5246-2020,system_error,near_miss,Y
CMP-12380,2024-05-20,Nimbus-II-EMS,LOT-8139-2024,system_error,no_harm,N
CMP-12381,2021-09-19,Nimbus-PainPro,LOT-6863-2021,system_error,near_miss,Y
CMP-12382,2021-09-13,Nimbus-II-Plus,LOT-4204-2021,system_error,no_harm,N
CMP-12383,2019-03-08,Nimbus-II-EpiD,LOT-2556-2019,system_error,no_harm,Y
CMP-12384,2021-04-28,Nimbus-II-EMS,LOT-7058-2021,system_error,near_miss,Y
CMP-12385,2021-04-02,Nimbus-II-Flex,LOT-9033-2021,system_error,no_harm,Y
CMP-12386,2019-10-20,Nimbus-II-EMS,LOT-8542-2019,flow_rate_high,patient_discomfort,Y
CMP-12387,2023-03-09,Nimbus-Flex,LOT-4513-2023,flow_rate_high,no_harm,Y
CMP-12388,2022-04-25,Nimbus-II-EMS,LOT-5321-2022,flow_rate_high,no_harm,Y
CMP-12389,2023-08-24,Nimbus-II-Flex,LOT-3418-2023,flow_rate_high,no_harm,N
CMP-12390,2021-07-01,Nimbus-II-EMS,LOT-9505-2021,flow_rate_high,no_harm,Y
CMP-12391,2023-09-08,Nimbus-II-Flex,LOT-1844-2023,flow_rate_high,no_harm,Y
CMP-12392,2021-05-27,Nimbus-Admin,LOT-4156-2021,flow_rate_high,no_harm,N
CMP-12393,2023-11-14,Nimbus-PainPro,LOT-2002-2023,flow_rate_high,no_harm,Y
CMP-12394,2019-03-26,Nimbus-Admin,LOT-3634-2019,flow_rate_high,no_harm,Y
CMP-12395,2021-02-27,Nimbus-II-Plus,LOT-7749-2021,flow_rate_high,no_harm,Y
CMP-12396,2019-02-23,Nimbus-II-Plus,LOT-4737-2019,flow_rate_high,no_harm,Y
CMP-12397,2021-02-26,Nimbus-Flex,LOT-3298-2021,flow_rate_high,near_miss,Y
CMP-12398,2021-06-05,Nimbus-II-EMS,LOT-1695-2021,flow_rate_high,near_miss,Y
CMP-12399,2020-05-01,Nimbus-Flex,LOT-7330-2020,flow_rate_high,serious_injury,Y
CMP-12400,2024-12-16,Nimbus-Admin,LOT-1105-2024,flow_rate_high,no_harm,Y
CMP-12401,2020-12-20,Nimbus-II-EMS,LOT-7309-2020,flow_rate_high,no_harm,N
CMP-12402,2022-06-16,Nimbus-Flex,LOT-4661-2022,flow_rate_high,patient_discomfort,Y
CMP-12403,2020-01-13,Nimbus-II-Flex,LOT-1795-2020,flow_rate_high,no_harm,N
CMP-12404,2020-11-24,Nimbus-Admin,LOT-5651-2020,flow_rate_high,near_miss,Y
CMP-12405,2024-08-26,Nimbus-Flex,LOT-2130-2024,flow_rate_high,no_harm,N
CMP-12406,2020-03-18,Nimbus-II-Plus,LOT-5241-2020,flow_rate_high,no_harm,Y
CMP-12407,2022-08-04,Nimbus-II-EpiD,LOT-9967-2022,flow_rate_high,no_harm,N
CMP-12408,2022-08-05,Nimbus-II-EpiD,LOT-4147-2022,flow_rate_high,no_harm,N
CMP-12409,2019-09-09,Nimbus-II-EMS,LOT-4703-2019,flow_rate_high,no_harm,Y
CMP-12410,2023-07-06,Nimbus-Admin,LOT-8196-2023,flow_rate_high,no_harm,Y
CMP-12411,2022-02-15,Nimbus-Admin,LOT-9023-2022,flow_rate_high,serious_injury,Y
CMP-12412,2022-11-05,Nimbus-II-PainPRO,LOT-7722-2022,flow_rate_high,no_harm,N
CMP-12413,2023-08-13,Nimbus-Flex,LOT-1792-2023,flow_rate_high,no_harm,Y
CMP-12414,2020-05-17,Nimbus-II-EMS,LOT-8545-2020,flow_rate_high,near_miss,N
CMP-12415,2019-08-17,Nimbus-II-Plus,LOT-8673-2019,flow_rate_high,no_harm,Y
CMP-12416,2024-01-03,Nimbus-Admin,LOT-7931-2024,flow_rate_high,no_harm,N
CMP-12417,2024-02-16,Nimbus-PainPro,LOT-2752-2024,flow_rate_high,no_harm,N
CMP-12418,2021-10-13,Nimbus-II-Flex,LOT-6785-2021,flow_rate_high,no_harm,Y
CMP-12419,2019-03-14,Nimbus-II-EpiD,LOT-6721-2019,flow_rate_high,no_harm,N
CMP-12420,2019-03-26,Nimbus-II-PainPRO,LOT-7862-2019,flow_rate_high,no_harm,N
CMP-12421,2022-01-17,Nimbus-II-EpiD,LOT-1653-2022,flow_rate_high,no_harm,N
CMP-12422,2020-01-19,Nimbus-II-Plus,LOT-2241-2020,flow_rate_high,near_miss,N
CMP-12423,2024-10-15,Nimbus-II-EpiD,LOT-2639-2024,flow_rate_high,no_harm,N
CMP-12424,2020-08-12,Nimbus-II-PainPRO,LOT-3445-2020,flow_rate_high,patient_discomfort,Y
CMP-12425,2019-09-22,Nimbus-Admin,LOT-3197-2019,flow_rate_high,near_miss,N
CMP-12426,2022-04-27,Nimbus-II-Plus,LOT-8868-2022,flow_rate_high,no_harm,N
CMP-12427,2023-01-08,Nimbus-Admin,LOT-9837-2023,flow_rate_high,no_harm,Y
CMP-12428,2019-11-23,Nimbus-II-Plus,LOT-6110-2019,flow_rate_high,patient_discomfort,Y
CMP-12429,2019-05-26,Nimbus-Flex,LOT-9436-2019,flow_rate_high,no_harm,N
CMP-12430,2024-11-04,Nimbus-II-Flex,LOT-8098-2024,flow_rate_high,serious_injury,Y
CMP-12431,2021-03-07,Nimbus-II-Flex,LOT-4365-2021,flow_rate_high,no_harm,Y
CMP-12432,2020-02-27,Nimbus-II-EpiD,LOT-7158-2020,flow_rate_high,no_harm,N
CMP-12433,2022-02-01,Nimbus-II-Flex,LOT-1678-2022,flow_rate_high,no_harm,Y
CMP-12434,2023-05-18,Nimbus-PainPro,LOT-3793-2023,flow_rate_high,patient_discomfort,N
CMP-12435,2021-04-24,Nimbus-II-Flex,LOT-5645-2021,flow_rate_high,no_harm,N
CMP-12436,2020-12-20,Nimbus-II-EMS,LOT-1254-2020,flow_rate_high,serious_injury,Y
CMP-12437,2020-06-22,Nimbus-II-EpiD,LOT-7179-2020,flow_rate_high,no_harm,N
CMP-12438,2023-09-05,Nimbus-Flex,LOT-4658-2023,flow_rate_high,no_harm,N
CMP-12439,2021-02-01,Nimbus-II-Plus,LOT-1903-2021,flow_rate_high,no_harm,Y
CMP-12440,2023-01-05,Nimbus-Flex,LOT-6739-2023,flow_rate_high,patient_discomfort,N
CMP-12441,2024-08-19,Nimbus-II-EMS,LOT-8898-2024,flow_rate_high,serious_injury,Y
CMP-12442,2022-03-08,Nimbus-Flex,LOT-4251-2022,flow_rate_high,no_harm,N
CMP-12443,2021-12-08,Nimbus-II-EMS,LOT-6741-2021,flow_rate_high,no_harm,Y
CMP-12444,2021-10-08,Nimbus-II-EMS,LOT-3361-2021,flow_rate_high,no_harm,Y
CMP-12445,2019-05-06,Nimbus-PainPro,LOT-5329-2019,flow_rate_high,no_harm,Y
CMP-12446,2019-10-23,Nimbus-Flex,LOT-3713-2019,flow_rate_high,no_harm,N
CMP-12447,2019-10-11,Nimbus-II-Flex,LOT-2486-2019,flow_rate_high,near_miss,Y
CMP-12448,2023-10-22,Nimbus-II-EMS,LOT-5863-2023,flow_rate_high,no_harm,N
CMP-12449,2024-02-17,Nimbus-Flex,LOT-9717-2024,flow_rate_high,no_harm,N
CMP-12450,2024-10-05,Nimbus-II-Flex,LOT-9042-2024,flow_rate_high,no_harm,Y
CMP-12451,2024-09-05,Nimbus-II-Plus,LOT-3941-2024,flow_rate_high,no_harm,N
CMP-12452,2023-04-08,Nimbus-II-EMS,LOT-8576-2023,flow_rate_high,no_harm,N
CMP-12453,2022-02-26,Nimbus-II-PainPRO,LOT-3886-2022,flow_rate_high,no_harm,Y
CMP-12454,2020-06-11,Nimbus-II-EMS,LOT-7829-2020,flow_rate_high,no_harm,Y
CMP-12455,2022-12-25,Nimbus-II-Plus,LOT-3874-2022,flow_rate_high,no_harm,N
CMP-12456,2024-02-03,Nimbus-Admin,LOT-4251-2024,flow_rate_high,no_harm,N
CMP-12457,2021-05-28,Nimbus-II-EpiD,LOT-9420-2021,flow_rate_high,no_harm,N
CMP-12458,2024-02-02,Nimbus-II-EMS,LOT-4068-2024,flow_rate_high,near_miss,N
CMP-12459,2019-11-06,Nimbus-II-EMS,LOT-7829-2019,flow_rate_high,no_harm,Y
CMP-12460,2022-02-15,Nimbus-Admin,LOT-5835-2022,flow_rate_high,no_harm,N
CMP-12461,2021-10-13,Nimbus-Admin,LOT-6750-2021,flow_rate_high,no_harm,N
CMP-12462,2021-06-04,Nimbus-II-Plus,LOT-3536-2021,flow_rate_high,no_harm,Y
CMP-12463,2024-04-01,Nimbus-II-EMS,LOT-3682-2024,flow_rate_high,near_miss,N
CMP-12464,2022-09-18,Nimbus-II-PainPRO,LOT-2300-2022,flow_rate_high,no_harm,Y
CMP-12465,2022-12-15,Nimbus-II-Flex,LOT-5217-2022,flow_rate_high,no_harm,Y
CMP-12466,2023-09-14,Nimbus-II-Flex,LOT-3741-2023,flow_rate_high,no_harm,Y
CMP-12467,2019-07-26,Nimbus-PainPro,LOT-6343-2019,flow_rate_high,no_harm,Y
CMP-12468,2021-11-24,Nimbus-II-Flex,LOT-7135-2021,flow_rate_high,no_harm,Y
CMP-12469,2022-12-09,Nimbus-PainPro,LOT-9771-2022,flow_rate_high,no_harm,Y
CMP-12470,2021-08-12,Nimbus-Admin,LOT-6168-2021,flow_rate_high,no_harm,N
CMP-12471,2019-09-12,Nimbus-II-Flex,LOT-3280-2019,flow_rate_high,near_miss,N
CMP-12472,2023-10-09,Nimbus-II-EMS,LOT-2476-2023,flow_rate_high,death,Y
CMP-12473,2024-11-15,Nimbus-II-Flex,LOT-3329-2024,flow_rate_high,no_harm,Y
CMP-12474,2019-12-25,Nimbus-II-Plus,LOT-9596-2019,flow_rate_high,near_miss,Y
CMP-12475,2022-08-25,Nimbus-II-Plus,LOT-1136-2022,flow_rate_high,no_harm,Y
CMP-12476,2020-05-08,Nimbus-II-Plus,LOT-8767-2020,flow_rate_high,no_harm,N
CMP-12477,2022-09-08,Nimbus-II-Flex,LOT-5029-2022,flow_rate_high,no_harm,Y
CMP-12478,2020-03-18,Nimbus-PainPro,LOT-7066-2020,flow_rate_high,no_harm,N
CMP-12479,2024-09-01,Nimbus-Flex,LOT-5951-2024,flow_rate_high,death,Y
CMP-12480,2020-09-05,Nimbus-PainPro,LOT-4892-2020,flow_rate_high,no_harm,Y
CMP-12481,2024-12-14,Nimbus-II-Flex,LOT-2630-2024,flow_rate_high,no_harm,N
CMP-12482,2020-03-17,Nimbus-II-Flex,LOT-5956-2020,flow_rate_high,no_harm,Y
CMP-12483,2019-05-14,Nimbus-II-EpiD,LOT-1207-2019,flow_rate_high,no_harm,N
CMP-12484,2019-01-17,Nimbus-II-EpiD,LOT-5723-2019,flow_rate_high,near_miss,N
CMP-12485,2023-05-16,Nimbus-Flex,LOT-1627-2023,flow_rate_high,no_harm,Y
CMP-12486,2021-05-24,Nimbus-II-PainPRO,LOT-7033-2021,flow_rate_high,serious_injury,Y
CMP-12487,2023-04-28,Nimbus-II-EpiD,LOT-7470-2023,flow_rate_high,no_harm,N
CMP-12488,2022-12-18,Nimbus-II-PainPRO,LOT-3911-2022,flow_rate_high,no_harm,N
CMP-12489,2019-06-28,Nimbus-Flex,LOT-8980-2019,flow_rate_high,no_harm,N
CMP-12490,2024-03-22,Nimbus-Flex,LOT-5660-2024,flow_rate_high,no_harm,Y
CMP-12491,2022-11-17,Nimbus-II-EpiD,LOT-5169-2022,flow_rate_high,no_harm,N
CMP-12492,2022-11-24,Nimbus-II-Flex,LOT-4302-2022,flow_rate_high,no_harm,Y
CMP-12493,2020-11-19,Nimbus-Flex,LOT-7144-2020,flow_rate_high,serious_injury,Y
CMP-12494,2022-07-17,Nimbus-II-Plus,LOT-2072-2022,flow_rate_high,no_harm,N
CMP-12495,2024-08-03,Nimbus-Admin,LOT-2488-2024,flow_rate_high,no_harm,Y
CMP-12496,2024-03-03,Nimbus-II-Plus,LOT-3193-2024,flow_rate_high,no_harm,Y
CMP-12497,2020-09-14,Nimbus-II-Flex,LOT-2773-2020,flow_rate_high,no_harm,N
CMP-12498,2020-01-17,Nimbus-II-Plus,LOT-6489-2020,flow_rate_high,near_miss,N
CMP-12499,2022-09-04,Nimbus-Flex,LOT-9641-2022,flow_rate_high,serious_injury,Y
CMP-12500,2022-03-28,Nimbus-Flex,LOT-7679-2022,flow_rate_high,no_harm,N
CMP-12501,2021-02-04,Nimbus-Admin,LOT-3901-2021,flow_rate_high,near_miss,Y
CMP-12502,2021-10-15,Nimbus-II-Plus,LOT-8165-2021,flow_rate_high,no_harm,N
CMP-12503,2023-11-13,Nimbus-PainPro,LOT-6573-2023,flow_rate_high,no_harm,Y
CMP-12504,2020-01-06,Nimbus-II-PainPRO,LOT-1571-2020,flow_rate_high,no_harm,Y
CMP-12505,2024-12-27,Nimbus-Admin,LOT-3740-2024,flow_rate_high,no_harm,Y
CMP-12506,2021-11-27,Nimbus-Admin,LOT-8707-2021,flow_rate_high,near_miss,Y
CMP-12507,2023-02-25,Nimbus-Flex,LOT-6093-2023,flow_rate_high,no_harm,N
CMP-12508,2021-10-28,Nimbus-II-PainPRO,LOT-2654-2021,flow_rate_high,no_harm,Y
CMP-12509,2024-06-22,Nimbus-II-EpiD,LOT-3907-2024,flow_rate_high,no_harm,N
CMP-12510,2020-12-05,Nimbus-Admin,LOT-1603-2020,flow_rate_high,no_harm,Y
CMP-12511,2020-11-16,Nimbus-II-EMS,LOT-3451-2020,flow_rate_high,no_harm,Y
CMP-12512,2019-09-07,Nimbus-II-EMS,LOT-3060-2019,flow_rate_high,patient_discomfort,Y
CMP-12513,2022-06-25,Nimbus-PainPro,LOT-1993-2022,flow_rate_high,serious_injury,Y
CMP-12514,2020-09-24,Nimbus-Flex,LOT-3039-2020,flow_rate_high,no_harm,N
CMP-12515,2021-08-06,Nimbus-PainPro,LOT-6772-2021,flow_rate_high,near_miss,Y
CMP-12516,2019-02-02,Nimbus-II-Flex,LOT-7257-2019,flow_rate_high,no_harm,N
CMP-12517,2024-10-07,Nimbus-Admin,LOT-3730-2024,flow_rate_high,no_harm,Y
CMP-12518,2021-10-24,Nimbus-PainPro,LOT-6333-2021,flow_rate_high,no_harm,N
CMP-12519,2023-09-25,Nimbus-Admin,LOT-9392-2023,flow_rate_high,patient_discomfort,N
CMP-12520,2019-09-08,Nimbus-Flex,LOT-8665-2019,flow_rate_high,no_harm,Y
CMP-12521,2021-08-19,Nimbus-Admin,LOT-8082-2021,flow_rate_high,no_harm,Y
CMP-12522,2021-11-21,Nimbus-II-EpiD,LOT-7553-2021,flow_rate_high,serious_injury,Y
CMP-12523,2020-07-13,Nimbus-II-PainPRO,LOT-1810-2020,flow_rate_high,no_harm,N
CMP-12524,2019-11-01,Nimbus-II-EMS,LOT-4633-2019,flow_rate_high,no_harm,N
CMP-12525,2020-11-25,Nimbus-II-Flex,LOT-5642-2020,flow_rate_high,no_harm,N
CMP-12526,2021-03-15,Nimbus-II-Plus,LOT-8744-2021,flow_rate_high,no_harm,N
CMP-12527,2020-07-17,Nimbus-II-Flex,LOT-3397-2020,flow_rate_high,no_harm,N
CMP-12528,2024-06-17,Nimbus-II-PainPRO,LOT-3954-2024,flow_rate_high,no_harm,Y
CMP-12529,2024-03-07,Nimbus-II-EMS,LOT-7562-2024,flow_rate_high,no_harm,N
CMP-12530,2020-04-05,Nimbus-II-Flex,LOT-6728-2020,flow_rate_high,no_harm,N
CMP-12531,2024-01-10,Nimbus-Admin,LOT-9464-2024,flow_rate_high,no_harm,Y
CMP-12532,2022-02-10,Nimbus-Admin,LOT-6247-2022,flow_rate_high,no_harm,N
CMP-12533,2022-06-09,Nimbus-II-Flex,LOT-1470-2022,flow_rate_high,near_miss,Y
CMP-12534,2022-10-22,Nimbus-Flex,LOT-6833-2022,flow_rate_high,near_miss,N
CMP-12535,2021-01-15,Nimbus-II-Flex,LOT-5736-2021,flow_rate_high,no_harm,Y
CMP-12536,2024-05-06,Nimbus-II-Plus,LOT-3128-2024,flow_rate_high,near_miss,Y
CMP-12537,2020-09-08,Nimbus-II-EMS,LOT-2893-2020,flow_rate_high,near_miss,N
CMP-12538,2020-06-10,Nimbus-II-EMS,LOT-8923-2020,flow_rate_high,no_harm,Y
CMP-12539,2023-03-06,Nimbus-PainPro,LOT-2170-2023,flow_rate_high,no_harm,N
CMP-12540,2019-11-17,Nimbus-II-EMS,LOT-3987-2019,flow_rate_high,no_harm,N
CMP-12541,2020-03-02,Nimbus-II-EpiD,LOT-8606-2020,flow_rate_high,no_harm,Y
CMP-12542,2023-06-19,Nimbus-II-Flex,LOT-4591-2023,flow_rate_high,no_harm,Y
CMP-12543,2022-01-25,Nimbus-II-PainPRO,LOT-2222-2022,flow_rate_high,serious_injury,Y
CMP-12544,2022-11-14,Nimbus-Flex,LOT-5256-2022,flow_rate_high,no_harm,Y
CMP-12545,2022-12-08,Nimbus-Admin,LOT-8007-2022,flow_rate_high,no_harm,N
CMP-12546,2022-12-15,Nimbus-Flex,LOT-9546-2022,flow_rate_high,patient_discomfort,N
CMP-12547,2021-04-21,Nimbus-II-PainPRO,LOT-5608-2021,flow_rate_high,no_harm,N
CMP-12548,2023-04-01,Nimbus-PainPro,LOT-8254-2023,flow_rate_high,no_harm,N
CMP-12549,2020-03-17,Nimbus-II-Plus,LOT-1975-2020,flow_rate_high,near_miss,Y
CMP-12550,2020-12-26,Nimbus-II-EMS,LOT-2696-2020,flow_rate_high,no_harm,Y
CMP-12551,2023-04-15,Nimbus-Flex,LOT-9502-2023,flow_rate_high,no_harm,N
CMP-12552,2024-05-11,Nimbus-II-Plus,LOT-9564-2024,flow_rate_high,patient_discomfort,N
CMP-12553,2019-02-22,Nimbus-Admin,LOT-5630-2019,flow_rate_high,no_harm,Y
CMP-12554,2022-03-10,Nimbus-II-EMS,LOT-7334-2022,flow_rate_high,no_harm,Y
CMP-12555,2019-03-09,Nimbus-II-Flex,LOT-1526-2019,flow_rate_high,no_harm,Y
CMP-12556,2024-07-17,Nimbus-II-Flex,LOT-4021-2024,flow_rate_high,patient_discomfort,N
CMP-12557,2021-08-26,Nimbus-Flex,LOT-7311-2021,flow_rate_high,no_harm,Y
CMP-12558,2021-12-22,Nimbus-Flex,LOT-6688-2021,flow_rate_high,no_harm,N
CMP-12559,2024-03-25,Nimbus-II-Plus,LOT-8805-2024,flow_rate_high,no_harm,N
CMP-12560,2023-08-23,Nimbus-II-PainPRO,LOT-9157-2023,flow_rate_high,no_harm,Y
CMP-12561,2024-01-01,Nimbus-Admin,LOT-8052-2024,flow_rate_high,no_harm,N
CMP-12562,2020-10-10,Nimbus-II-Flex,LOT-7810-2020,flow_rate_high,no_harm,Y
CMP-12563,2019-11-11,Nimbus-II-EpiD,LOT-8255-2019,flow_rate_high,serious_injury,Y
CMP-12564,2022-08-16,Nimbus-PainPro,LOT-6067-2022,flow_rate_high,no_harm,Y
CMP-12565,2023-04-20,Nimbus-II-PainPRO,LOT-7732-2023,flow_rate_high,no_harm,N
CMP-12566,2022-04-07,Nimbus-Admin,LOT-4618-2022,flow_rate_high,no_harm,N
CMP-12567,2023-05-22,Nimbus-II-PainPRO,LOT-1279-2023,flow_rate_high,no_harm,Y
CMP-12568,2020-03-15,Nimbus-II-Flex,LOT-3392-2020,flow_rate_high,no_harm,Y
CMP-12569,2023-07-27,Nimbus-II-EMS,LOT-9182-2023,flow_rate_high,no_harm,N
CMP-12570,2019-02-26,Nimbus-Flex,LOT-1711-2019,flow_rate_high,no_harm,Y
CMP-12571,2019-05-18,Nimbus-II-EpiD,LOT-3566-2019,flow_rate_high,no_harm,N
CMP-12572,2024-07-27,Nimbus-Flex,LOT-1522-2024,flow_rate_high,no_harm,Y
CMP-12573,2023-06-23,Nimbus-PainPro,LOT-8715-2023,flow_rate_high,no_harm,Y
CMP-12574,2022-08-14,Nimbus-PainPro,LOT-2745-2022,flow_rate_high,no_harm,Y
CMP-12575,2024-03-03,Nimbus-II-PainPRO,LOT-2422-2024,flow_rate_high,no_harm,Y
CMP-12576,2024-09-28,Nimbus-II-EMS,LOT-2970-2024,flow_rate_high,no_harm,N
CMP-12577,2019-12-28,Nimbus-II-Plus,LOT-1606-2019,flow_rate_high,no_harm,Y
CMP-12578,2021-05-10,Nimbus-Flex,LOT-7692-2021,flow_rate_high,no_harm,Y
CMP-12579,2021-11-20,Nimbus-II-Flex,LOT-6362-2021,flow_rate_high,no_harm,N
CMP-12580,2021-02-06,Nimbus-Flex,LOT-4698-2021,flow_rate_high,no_harm,Y
CMP-12581,2024-01-02,Nimbus-II-EpiD,LOT-7195-2024,flow_rate_high,no_harm,Y
CMP-12582,2019-12-03,Nimbus-II-EMS,LOT-6215-2019,flow_rate_high,patient_discomfort,N
CMP-12583,2021-01-02,Nimbus-Admin,LOT-3803-2021,flow_rate_high,patient_discomfort,Y
CMP-12584,2024-09-24,Nimbus-Admin,LOT-2389-2024,flow_rate_high,no_harm,Y
CMP-12585,2021-06-22,Nimbus-II-EpiD,LOT-9050-2021,flow_rate_high,near_miss,N
CMP-12586,2020-11-06,Nimbus-Admin,LOT-9449-2020,flow_rate_high,no_harm,N
CMP-12587,2019-01-15,Nimbus-PainPro,LOT-3642-2019,flow_rate_high,no_harm,N
CMP-12588,2023-07-15,Nimbus-Flex,LOT-7931-2023,flow_rate_high,patient_discomfort,Y
CMP-12589,2021-08-17,Nimbus-II-Plus,LOT-2429-2021,flow_rate_high,no_harm,Y
CMP-12590,2020-05-11,Nimbus-II-EpiD,LOT-3418-2020,flow_rate_high,no_harm,N
CMP-12591,2021-04-27,Nimbus-Admin,LOT-1745-2021,flow_rate_high,no_harm,N
CMP-12592,2021-05-18,Nimbus-Admin,LOT-1240-2021,flow_rate_high,no_harm,N
CMP-12593,2022-02-05,Nimbus-II-Plus,LOT-9018-2022,flow_rate_high,no_harm,N
CMP-12594,2024-04-28,Nimbus-II-EpiD,LOT-2309-2024,flow_rate_high,serious_injury,Y
CMP-12595,2023-10-20,Nimbus-PainPro,LOT-9067-2023,flow_rate_high,near_miss,N
CMP-12596,2023-10-20,Nimbus-Flex,LOT-1478-2023,flow_rate_high,patient_discomfort,Y
CMP-12597,2021-10-04,Nimbus-PainPro,LOT-1799-2021,flow_rate_high,no_harm,N
CMP-12598,2024-10-05,Nimbus-II-Flex,LOT-7156-2024,flow_rate_high,no_harm,Y
CMP-12599,2023-05-19,Nimbus-II-Plus,LOT-8154-2023,flow_rate_high,no_harm,Y
CMP-12600,2023-10-16,Nimbus-II-EpiD,LOT-1839-2023,flow_rate_high,no_harm,N
CMP-12601,2022-12-27,Nimbus-II-EpiD,LOT-7605-2022,flow_rate_high,no_harm,Y
CMP-12602,2021-08-01,Nimbus-II-EpiD,LOT-5750-2021,flow_rate_high,no_harm,Y
CMP-12603,2020-08-12,Nimbus-II-Flex,LOT-7422-2020,flow_rate_high,no_harm,N
CMP-12604,2020-01-23,Nimbus-Flex,LOT-8896-2020,flow_rate_high,no_harm,N
CMP-12605,2022-01-25,Nimbus-II-PainPRO,LOT-6322-2022,flow_rate_high,no_harm,Y
CMP-12606,2024-11-25,Nimbus-II-Plus,LOT-6322-2024,flow_rate_high,no_harm,N
CMP-12607,2020-11-14,Nimbus-PainPro,LOT-6615-2020,flow_rate_high,no_harm,Y
CMP-12608,2021-11-26,Nimbus-II-Flex,LOT-1981-2021,flow_rate_high,no_harm,Y
CMP-12609,2021-01-07,Nimbus-II-EpiD,LOT-2948-2021,flow_rate_high,no_harm,N
CMP-12610,2020-04-16,Nimbus-II-PainPRO,LOT-6593-2020,flow_rate_high,no_harm,Y
CMP-12611,2019-07-22,Nimbus-II-EpiD,LOT-6679-2019,flow_rate_high,no_harm,N
CMP-12612,2020-10-19,Nimbus-II-EMS,LOT-3628-2020,flow_rate_high,patient_discomfort,Y
CMP-12613,2020-06-11,Nimbus-PainPro,LOT-2979-2020,flow_rate_high,no_harm,Y
CMP-12614,2020-09-24,Nimbus-II-Plus,LOT-5318-2020,flow_rate_high,no_harm,N
CMP-12615,2020-07-26,Nimbus-II-EpiD,LOT-9916-2020,flow_rate_high,no_harm,N
CMP-12616,2023-03-05,Nimbus-PainPro,LOT-3362-2023,flow_rate_high,no_harm,Y
CMP-12617,2020-04-15,Nimbus-II-Plus,LOT-3014-2020,flow_rate_high,no_harm,N
CMP-12618,2019-07-20,Nimbus-II-EpiD,LOT-1533-2019,flow_rate_high,near_miss,Y
CMP-12619,2022-04-25,Nimbus-II-EMS,LOT-8947-2022,flow_rate_high,no_harm,N
CMP-12620,2019-09-07,Nimbus-II-EMS,LOT-8129-2019,flow_rate_high,near_miss,Y
CMP-12621,2023-01-27,Nimbus-Admin,LOT-1493-2023,flow_rate_high,serious_injury,Y
CMP-12622,2021-02-07,Nimbus-II-Plus,LOT-2850-2021,flow_rate_high,no_harm,N
CMP-12623,2020-02-19,Nimbus-PainPro,LOT-3492-2020,flow_rate_high,no_harm,N
CMP-12624,2019-06-05,Nimbus-Admin,LOT-5793-2019,flow_rate_high,no_harm,Y
CMP-12625,2024-02-13,Nimbus-Admin,LOT-8722-2024,flow_rate_high,no_harm,N
CMP-12626,2023-02-10,Nimbus-Flex,LOT-8593-2023,flow_rate_high,patient_discomfort,Y
CMP-12627,2019-09-03,Nimbus-Admin,LOT-6501-2019,flow_rate_high,no_harm,Y
CMP-12628,2022-12-04,Nimbus-II-Plus,LOT-8349-2022,flow_rate_high,no_harm,Y
CMP-12629,2022-05-07,Nimbus-Admin,LOT-4062-2022,flow_rate_high,no_harm,Y
CMP-12630,2022-01-17,Nimbus-II-Flex,LOT-7963-2022,flow_rate_high,near_miss,N
CMP-12631,2024-07-21,Nimbus-II-Flex,LOT-1039-2024,flow_rate_high,serious_injury,Y
CMP-12632,2020-11-23,Nimbus-II-EMS,LOT-7069-2020,flow_rate_high,serious_injury,Y
CMP-12633,2019-05-20,Nimbus-II-PainPRO,LOT-5279-2019,flow_rate_high,patient_discomfort,N
CMP-12634,2019-10-09,Nimbus-II-PainPRO,LOT-8579-2019,flow_rate_high,no_harm,N
CMP-12635,2021-09-03,Nimbus-II-PainPRO,LOT-1054-2021,flow_rate_high,near_miss,Y
CMP-12636,2020-11-18,Nimbus-PainPro,LOT-1260-2020,flow_rate_high,no_harm,Y
CMP-12637,2024-02-06,Nimbus-II-EMS,LOT-6707-2024,flow_rate_high,no_harm,Y
CMP-12638,2019-11-25,Nimbus-II-EpiD,LOT-8273-2019,flow_rate_high,no_harm,Y
CMP-12639,2019-12-18,Nimbus-PainPro,LOT-6962-2019,flow_rate_high,no_harm,Y
CMP-12640,2021-06-16,Nimbus-II-Flex,LOT-2152-2021,flow_rate_high,no_harm,Y
CMP-12641,2019-08-10,Nimbus-Admin,LOT-5896-2019,flow_rate_high,no_harm,N
CMP-12642,2022-05-11,Nimbus-Flex,LOT-8563-2022,flow_rate_high,no_harm,N
CMP-12643,2022-09-25,Nimbus-II-PainPRO,LOT-4782-2022,flow_rate_high,no_harm,Y
CMP-12644,2022-10-12,Nimbus-II-EMS,LOT-1513-2022,flow_rate_high,no_harm,N
CMP-12645,2020-07-21,Nimbus-II-EMS,LOT-2730-2020,flow_rate_high,serious_injury,Y
CMP-12646,2019-09-05,Nimbus-II-EMS,LOT-8290-2019,flow_rate_high,no_harm,Y
CMP-12647,2022-11-17,Nimbus-PainPro,LOT-1684-2022,flow_rate_high,no_harm,Y
CMP-12648,2022-06-02,Nimbus-II-EpiD,LOT-5824-2022,flow_rate_high,serious_injury,Y
CMP-12649,2022-02-16,Nimbus-Admin,LOT-3652-2022,flow_rate_high,no_harm,N
CMP-12650,2021-02-18,Nimbus-PainPro,LOT-8578-2021,flow_rate_high,near_miss,N
CMP-12651,2019-09-10,Nimbus-II-Flex,LOT-2983-2019,flow_rate_high,serious_injury,Y
CMP-12652,2024-04-22,Nimbus-PainPro,LOT-8135-2024,flow_rate_high,no_harm,N
CMP-12653,2023-09-04,Nimbus-II-Plus,LOT-4047-2023,flow_rate_high,no_harm,Y
CMP-12654,2022-10-19,Nimbus-II-Flex,LOT-4732-2022,flow_rate_high,serious_injury,Y
CMP-12655,2021-01-02,Nimbus-Flex,LOT-8844-2021,flow_rate_high,near_miss,N
CMP-12656,2019-04-06,Nimbus-Admin,LOT-3660-2019,flow_rate_high,no_harm,Y
CMP-12657,2021-02-13,Nimbus-Flex,LOT-8587-2021,flow_rate_high,near_miss,N
CMP-12658,2021-07-18,Nimbus-Admin,LOT-2069-2021,flow_rate_high,no_harm,N
CMP-12659,2020-01-21,Nimbus-II-EMS,LOT-2551-2020,flow_rate_high,no_harm,N
CMP-12660,2021-11-17,Nimbus-II-Flex,LOT-5181-2021,flow_rate_high,no_harm,N
CMP-12661,2022-01-16,Nimbus-II-PainPRO,LOT-7879-2022,flow_rate_high,patient_discomfort,N
CMP-12662,2020-04-17,Nimbus-II-EpiD,LOT-4567-2020,flow_rate_high,no_harm,Y
CMP-12663,2021-10-22,Nimbus-II-PainPRO,LOT-3563-2021,flow_rate_high,near_miss,Y
CMP-12664,2021-11-23,Nimbus-II-PainPRO,LOT-3608-2021,flow_rate_high,no_harm,Y
CMP-12665,2024-04-14,Nimbus-II-Flex,LOT-2268-2024,flow_rate_high,near_miss,N
CMP-12666,2021-05-21,Nimbus-II-Flex,LOT-2778-2021,flow_rate_high,no_harm,N
CMP-12667,2023-07-03,Nimbus-II-PainPRO,LOT-8305-2023,flow_rate_high,near_miss,Y
CMP-12668,2024-01-05,Nimbus-II-PainPRO,LOT-1405-2024,flow_rate_high,no_harm,Y
CMP-12669,2023-01-03,Nimbus-II-Flex,LOT-9676-2023,flow_rate_high,no_harm,Y
CMP-12670,2021-05-08,Nimbus-Flex,LOT-9028-2021,flow_rate_high,patient_discomfort,Y
CMP-12671,2019-07-19,Nimbus-II-PainPRO,LOT-2212-2019,flow_rate_high,patient_discomfort,Y
CMP-12672,2020-10-20,Nimbus-II-EMS,LOT-7819-2020,flow_rate_high,no_harm,Y
CMP-12673,2021-11-05,Nimbus-II-EMS,LOT-9327-2021,flow_rate_high,near_miss,N
CMP-12674,2020-04-19,Nimbus-II-EpiD,LOT-1298-2020,flow_rate_high,no_harm,N
CMP-12675,2024-02-21,Nimbus-II-Flex,LOT-3652-2024,flow_rate_high,no_harm,Y
CMP-12676,2021-12-24,Nimbus-II-Flex,LOT-6479-2021,flow_rate_high,near_miss,Y
CMP-12677,2024-09-04,Nimbus-Admin,LOT-2922-2024,flow_rate_high,no_harm,N
CMP-12678,2022-12-03,Nimbus-PainPro,LOT-8193-2022,flow_rate_high,near_miss,Y
CMP-12679,2020-11-12,Nimbus-PainPro,LOT-9330-2020,flow_rate_high,patient_discomfort,N
CMP-12680,2024-07-11,Nimbus-Admin,LOT-7983-2024,flow_rate_high,near_miss,Y
CMP-12681,2019-08-27,Nimbus-Flex,LOT-4275-2019,flow_rate_high,near_miss,N
CMP-12682,2023-10-07,Nimbus-II-EpiD,LOT-9329-2023,flow_rate_high,no_harm,N
CMP-12683,2020-05-24,Nimbus-II-PainPRO,LOT-5488-2020,flow_rate_high,serious_injury,Y
CMP-12684,2023-02-10,Nimbus-Flex,LOT-9879-2023,flow_rate_high,no_harm,Y
CMP-12685,2022-12-28,Nimbus-II-Plus,LOT-8475-2022,flow_rate_high,no_harm,Y
CMP-12686,2022-05-18,Nimbus-II-PainPRO,LOT-5549-2022,flow_rate_high,no_harm,N
CMP-12687,2024-11-09,Nimbus-II-EMS,LOT-8562-2024,flow_rate_high,no_harm,N
CMP-12688,2024-03-14,Nimbus-Flex,LOT-4217-2024,flow_rate_high,no_harm,N
CMP-12689,2024-11-20,Nimbus-PainPro,LOT-6108-2024,flow_rate_high,no_harm,Y
CMP-12690,2024-05-15,Nimbus-II-EMS,LOT-7305-2024,flow_rate_high,no_harm,Y
CMP-12691,2021-08-24,Nimbus-Admin,LOT-1748-2021,flow_rate_high,no_harm,N
CMP-12692,2021-09-23,Nimbus-PainPro,LOT-6455-2021,flow_rate_high,no_harm,Y
CMP-12693,2020-07-02,Nimbus-II-PainPRO,LOT-4086-2020,flow_rate_high,near_miss,N
CMP-12694,2023-07-14,Nimbus-PainPro,LOT-9379-2023,flow_rate_high,no_harm,N
CMP-12695,2021-04-17,Nimbus-PainPro,LOT-8733-2021,flow_rate_high,no_harm,N
CMP-12696,2022-09-16,Nimbus-II-Flex,LOT-5806-2022,flow_rate_high,near_miss,N
CMP-12697,2022-02-17,Nimbus-II-EMS,LOT-1414-2022,flow_rate_high,serious_injury,Y
CMP-12698,2019-02-10,Nimbus-II-Flex,LOT-9733-2019,flow_rate_high,no_harm,Y
CMP-12699,2022-12-27,Nimbus-Admin,LOT-9262-2022,flow_rate_high,serious_injury,Y
CMP-12700,2023-07-20,Nimbus-II-EpiD,LOT-4559-2023,flow_rate_high,no_harm,N
CMP-12701,2024-08-18,Nimbus-II-Plus,LOT-3761-2024,flow_rate_high,no_harm,Y
CMP-12702,2023-01-02,Nimbus-II-EMS,LOT-4749-2023,flow_rate_high,no_harm,Y
CMP-12703,2022-01-05,Nimbus-II-EMS,LOT-4115-2022,flow_rate_high,no_harm,Y
CMP-12704,2023-02-15,Nimbus-II-EMS,LOT-7017-2023,flow_rate_high,patient_discomfort,N
CMP-12705,2019-02-05,Nimbus-II-EpiD,LOT-6237-2019,flow_rate_high,near_miss,Y
CMP-12706,2020-09-23,Nimbus-II-EpiD,LOT-4238-2020,flow_rate_high,no_harm,Y
CMP-12707,2019-07-03,Nimbus-II-PainPRO,LOT-2396-2019,flow_rate_high,no_harm,N
CMP-12708,2021-11-09,Nimbus-II-Plus,LOT-1801-2021,flow_rate_high,no_harm,N
CMP-12709,2022-03-03,Nimbus-Admin,LOT-8063-2022,flow_rate_high,no_harm,N
CMP-12710,2020-10-11,Nimbus-II-EpiD,LOT-3455-2020,flow_rate_high,no_harm,Y
CMP-12711,2020-11-16,Nimbus-Admin,LOT-2922-2020,flow_rate_high,no_harm,N
CMP-12712,2019-09-11,Nimbus-PainPro,LOT-1732-2019,flow_rate_high,no_harm,Y
CMP-12713,2021-06-06,Nimbus-II-EMS,LOT-7933-2021,flow_rate_high,near_miss,N
CMP-12714,2023-06-04,Nimbus-II-EMS,LOT-5354-2023,flow_rate_high,no_harm,Y
CMP-12715,2020-10-18,Nimbus-II-EpiD,LOT-7627-2020,flow_rate_high,no_harm,N
CMP-12716,2019-10-01,Nimbus-II-Flex,LOT-4561-2019,flow_rate_high,no_harm,Y
CMP-12717,2023-08-16,Nimbus-Flex,LOT-8325-2023,flow_rate_high,no_harm,Y
CMP-12718,2023-01-12,Nimbus-Admin,LOT-8537-2023,flow_rate_high,no_harm,Y
CMP-12719,2019-04-03,Nimbus-II-EpiD,LOT-4557-2019,flow_rate_high,no_harm,Y
CMP-12720,2021-11-25,Nimbus-II-EMS,LOT-8336-2021,flow_rate_high,no_harm,N
CMP-12721,2020-09-03,Nimbus-PainPro,LOT-4665-2020,flow_rate_high,near_miss,N
CMP-12722,2022-03-04,Nimbus-II-Flex,LOT-3481-2022,flow_rate_high,no_harm,N
CMP-12723,2020-11-03,Nimbus-II-EpiD,LOT-5058-2020,flow_rate_high,no_harm,N
CMP-12724,2020-07-13,Nimbus-II-EpiD,LOT-6639-2020,flow_rate_high,near_miss,Y
CMP-12725,2022-01-06,Nimbus-Admin,LOT-5837-2022,flow_rate_high,no_harm,N
CMP-12726,2021-06-21,Nimbus-II-Flex,LOT-8553-2021,flow_rate_high,no_harm,N
CMP-12727,2024-07-09,Nimbus-Admin,LOT-1271-2024,flow_rate_high,no_harm,Y
CMP-12728,2023-12-18,Nimbus-II-EMS,LOT-5698-2023,flow_rate_high,no_harm,Y
CMP-12729,2021-04-18,Nimbus-II-EpiD,LOT-9766-2021,flow_rate_high,patient_discomfort,Y
CMP-12730,2020-10-03,Nimbus-II-EMS,LOT-6221-2020,flow_rate_high,no_harm,N
CMP-12731,2021-08-15,Nimbus-PainPro,LOT-7734-2021,flow_rate_high,no_harm,N
CMP-12732,2023-04-16,Nimbus-II-Plus,LOT-7988-2023,flow_rate_high,no_harm,N
CMP-12733,2020-02-28,Nimbus-PainPro,LOT-4905-2020,flow_rate_high,serious_injury,Y
CMP-12734,2024-04-13,Nimbus-II-EpiD,LOT-3338-2024,flow_rate_high,no_harm,Y
CMP-12735,2021-03-13,Nimbus-II-PainPRO,LOT-8798-2021,flow_rate_high,no_harm,Y
CMP-12736,2020-09-05,Nimbus-Flex,LOT-2400-2020,flow_rate_high,near_miss,Y
CMP-12737,2024-12-12,Nimbus-Flex,LOT-2226-2024,flow_rate_high,near_miss,N
CMP-12738,2024-01-25,Nimbus-PainPro,LOT-7776-2024,flow_rate_high,near_miss,N
CMP-12739,2024-03-10,Nimbus-Admin,LOT-5189-2024,flow_rate_high,no_harm,Y
CMP-12740,2021-04-13,Nimbus-Flex,LOT-2910-2021,flow_rate_high,patient_discomfort,N
CMP-12741,2023-11-06,Nimbus-Admin,LOT-3075-2023,flow_rate_high,no_harm,N
CMP-12742,2019-08-23,Nimbus-II-EpiD,LOT-4497-2019,flow_rate_high,no_harm,N
CMP-12743,2021-07-09,Nimbus-II-Flex,LOT-7494-2021,flow_rate_high,near_miss,Y
CMP-12744,2020-12-16,Nimbus-II-EMS,LOT-8806-2020,flow_rate_high,no_harm,Y
CMP-12745,2022-02-16,Nimbus-Flex,LOT-7532-2022,flow_rate_high,patient_discomfort,Y
CMP-12746,2024-09-28,Nimbus-II-Flex,LOT-2970-2024,flow_rate_high,patient_discomfort,N
CMP-12747,2019-01-08,Nimbus-II-EpiD,LOT-6337-2019,flow_rate_high,no_harm,N
CMP-12748,2022-10-11,Nimbus-PainPro,LOT-6718-2022,flow_rate_high,no_harm,N
CMP-12749,2020-03-04,Nimbus-II-PainPRO,LOT-5778-2020,flow_rate_high,no_harm,N
CMP-12750,2022-12-18,Nimbus-II-EMS,LOT-9272-2022,flow_rate_high,no_harm,Y
CMP-12751,2024-09-07,Nimbus-II-Flex,LOT-4629-2024,flow_rate_high,no_harm,Y
CMP-12752,2019-11-23,Nimbus-II-EpiD,LOT-4790-2019,flow_rate_high,no_harm,Y
CMP-12753,2020-05-02,Nimbus-II-Flex,LOT-1231-2020,flow_rate_high,no_harm,Y
CMP-12754,2019-04-10,Nimbus-II-Flex,LOT-9825-2019,flow_rate_high,no_harm,N
CMP-12755,2021-07-01,Nimbus-Flex,LOT-8178-2021,flow_rate_high,no_harm,N
CMP-12756,2019-05-23,Nimbus-II-EpiD,LOT-6257-2019,flow_rate_high,no_harm,Y
CMP-12757,2021-03-10,Nimbus-II-PainPRO,LOT-4744-2021,flow_rate_high,no_harm,Y
CMP-12758,2023-07-05,Nimbus-II-Flex,LOT-7945-2023,flow_rate_high,no_harm,Y
CMP-12759,2019-11-04,Nimbus-II-Plus,LOT-5539-2019,flow_rate_high,no_harm,Y
CMP-12760,2022-02-03,Nimbus-Flex,LOT-4062-2022,flow_rate_high,no_harm,Y
CMP-12761,2023-04-07,Nimbus-II-Flex,LOT-9921-2023,flow_rate_high,no_harm,Y
CMP-12762,2023-05-28,Nimbus-II-Flex,LOT-4404-2023,flow_rate_high,no_harm,Y
CMP-12763,2022-06-25,Nimbus-PainPro,LOT-4644-2022,flow_rate_high,no_harm,Y
CMP-12764,2019-06-10,Nimbus-II-EpiD,LOT-2732-2019,flow_rate_high,serious_injury,Y
CMP-12765,2021-04-13,Nimbus-II-EMS,LOT-7562-2021,flow_rate_high,no_harm,N
CMP-12766,2019-01-28,Nimbus-II-EMS,LOT-5066-2019,flow_rate_high,no_harm,N
CMP-12767,2019-09-14,Nimbus-Flex,LOT-1184-2019,flow_rate_high,no_harm,N
CMP-12768,2024-03-23,Nimbus-Admin,LOT-8137-2024,flow_rate_high,no_harm,Y
CMP-12769,2023-09-06,Nimbus-Flex,LOT-4279-2023,flow_rate_high,near_miss,Y
CMP-12770,2022-05-09,Nimbus-II-PainPRO,LOT-8969-2022,flow_rate_high,no_harm,Y
CMP-12771,2024-07-13,Nimbus-II-EMS,LOT-6824-2024,flow_rate_high,serious_injury,Y
CMP-12772,2022-06-18,Nimbus-II-Flex,LOT-1330-2022,flow_rate_high,no_harm,Y
CMP-12773,2019-08-12,Nimbus-Flex,LOT-9790-2019,flow_rate_high,near_miss,Y
CMP-12774,2019-09-20,Nimbus-II-EpiD,LOT-3268-2019,flow_rate_high,no_harm,Y
CMP-12775,2020-01-04,Nimbus-Admin,LOT-2718-2020,flow_rate_high,no_harm,Y
CMP-12776,2024-05-21,Nimbus-II-PainPRO,LOT-2242-2024,flow_rate_high,no_harm,N
CMP-12777,2022-01-22,Nimbus-II-EpiD,LOT-9044-2022,flow_rate_high,near_miss,N
CMP-12778,2020-06-26,Nimbus-PainPro,LOT-3041-2020,flow_rate_high,no_harm,Y
CMP-12779,2020-09-15,Nimbus-II-EMS,LOT-2035-2020,flow_rate_high,no_harm,Y
CMP-12780,2021-05-03,Nimbus-II-EpiD,LOT-3764-2021,flow_rate_high,no_harm,N
CMP-12781,2024-10-20,Nimbus-II-Plus,LOT-1120-2024,flow_rate_high,near_miss,Y
CMP-12782,2022-03-19,Nimbus-II-EMS,LOT-5532-2022,flow_rate_high,no_harm,N
CMP-12783,2022-08-24,Nimbus-Flex,LOT-5180-2022,flow_rate_high,patient_discomfort,Y
CMP-12784,2023-06-24,Nimbus-PainPro,LOT-2365-2023,flow_rate_high,no_harm,Y
CMP-12785,2021-05-21,Nimbus-II-PainPRO,LOT-2890-2021,flow_rate_high,patient_discomfort,Y
CMP-12786,2019-08-16,Nimbus-II-Plus,LOT-4089-2019,flow_rate_high,no_harm,Y
CMP-12787,2024-12-16,Nimbus-Flex,LOT-5807-2024,flow_rate_high,serious_injury,Y
CMP-12788,2023-10-27,Nimbus-II-PainPRO,LOT-3972-2023,flow_rate_high,no_harm,N
CMP-12789,2021-01-28,Nimbus-II-Plus,LOT-3948-2021,flow_rate_high,no_harm,Y
CMP-12790,2020-02-03,Nimbus-II-Flex,LOT-7936-2020,flow_rate_high,near_miss,N
CMP-12791,2022-11-14,Nimbus-II-Plus,LOT-3273-2022,flow_rate_high,no_harm,Y
CMP-12792,2020-12-10,Nimbus-II-PainPRO,LOT-2100-2020,flow_rate_high,no_harm,Y
CMP-12793,2019-04-27,Nimbus-II-Plus,LOT-3166-2019,flow_rate_high,no_harm,Y
CMP-12794,2024-10-14,Nimbus-II-Flex,LOT-9601-2024,flow_rate_high,no_harm,Y
CMP-12795,2021-09-09,Nimbus-II-EpiD,LOT-1699-2021,flow_rate_high,no_harm,N
CMP-12796,2020-03-13,Nimbus-II-PainPRO,LOT-5028-2020,flow_rate_high,no_harm,N
CMP-12797,2021-09-20,Nimbus-PainPro,LOT-3874-2021,flow_rate_high,no_harm,Y
CMP-12798,2019-03-22,Nimbus-II-PainPRO,LOT-5364-2019,flow_rate_high,patient_discomfort,N
CMP-12799,2019-12-03,Nimbus-Admin,LOT-7416-2019,flow_rate_high,no_harm,N
CMP-12800,2020-11-24,Nimbus-Flex,LOT-4620-2020,flow_rate_high,no_harm,Y
CMP-12801,2024-03-17,Nimbus-PainPro,LOT-5601-2024,flow_rate_high,no_harm,N
CMP-12802,2019-04-16,Nimbus-Flex,LOT-8606-2019,flow_rate_high,no_harm,Y
CMP-12803,2022-08-10,Nimbus-Admin,LOT-5979-2022,flow_rate_high,no_harm,Y
CMP-12804,2021-05-24,Nimbus-II-Plus,LOT-1434-2021,flow_rate_high,no_harm,N
CMP-12805,2022-04-15,Nimbus-II-EpiD,LOT-3825-2022,flow_rate_high,no_harm,Y
CMP-12806,2020-02-11,Nimbus-II-Plus,LOT-7968-2020,flow_rate_high,no_harm,N
CMP-12807,2024-03-23,Nimbus-II-EMS,LOT-3787-2024,flow_rate_high,near_miss,Y
CMP-12808,2022-01-17,Nimbus-PainPro,LOT-2905-2022,flow_rate_high,no_harm,Y
CMP-12809,2020-06-18,Nimbus-Admin,LOT-5980-2020,flow_rate_high,no_harm,N
CMP-12810,2024-02-01,Nimbus-II-EMS,LOT-5666-2024,flow_rate_high,near_miss,Y
CMP-12811,2022-01-08,Nimbus-II-EpiD,LOT-4871-2022,flow_rate_high,no_harm,Y
CMP-12812,2024-07-26,Nimbus-II-Plus,LOT-3315-2024,flow_rate_high,patient_discomfort,Y
CMP-12813,2019-01-18,Nimbus-II-Flex,LOT-1260-2019,flow_rate_high,no_harm,Y
CMP-12814,2023-05-28,Nimbus-Flex,LOT-9069-2023,flow_rate_high,no_harm,Y
CMP-12815,2021-04-22,Nimbus-II-PainPRO,LOT-9931-2021,flow_rate_high,no_harm,N
CMP-12816,2020-05-16,Nimbus-Flex,LOT-1303-2020,flow_rate_high,no_harm,N
CMP-12817,2022-12-21,Nimbus-II-EpiD,LOT-6376-2022,flow_rate_high,no_harm,N
CMP-12818,2021-04-22,Nimbus-PainPro,LOT-6833-2021,flow_rate_high,near_miss,Y
CMP-12819,2019-09-13,Nimbus-II-Plus,LOT-7647-2019,flow_rate_high,near_miss,Y
CMP-12820,2023-12-11,Nimbus-PainPro,LOT-1556-2023,flow_rate_high,no_harm,N
CMP-12821,2023-09-10,Nimbus-PainPro,LOT-6262-2023,flow_rate_high,no_harm,N
CMP-12822,2020-12-19,Nimbus-II-EMS,LOT-6343-2020,flow_rate_high,no_harm,Y
CMP-12823,2022-02-27,Nimbus-PainPro,LOT-2950-2022,flow_rate_high,no_harm,Y
CMP-12824,2020-09-27,Nimbus-II-Flex,LOT-2067-2020,flow_rate_high,no_harm,Y
CMP-12825,2021-08-06,Nimbus-II-PainPRO,LOT-8342-2021,flow_rate_high,no_harm,Y
CMP-12826,2022-12-16,Nimbus-II-EMS,LOT-7258-2022,flow_rate_high,no_harm,Y
CMP-12827,2019-05-05,Nimbus-II-Plus,LOT-7874-2019,flow_rate_high,near_miss,Y
CMP-12828,2024-04-10,Nimbus-Flex,LOT-1722-2024,flow_rate_high,no_harm,N
CMP-12829,2024-07-10,Nimbus-II-EpiD,LOT-5905-2024,flow_rate_high,near_miss,N
CMP-12830,2020-01-17,Nimbus-II-Plus,LOT-6098-2020,flow_rate_high,no_harm,N
CMP-12831,2022-08-06,Nimbus-PainPro,LOT-4712-2022,flow_rate_high,no_harm,N
CMP-12832,2021-04-20,Nimbus-II-Plus,LOT-4727-2021,flow_rate_high,patient_discomfort,Y
CMP-12833,2021-12-15,Nimbus-II-EpiD,LOT-3479-2021,flow_rate_high,no_harm,N
CMP-12834,2021-09-25,Nimbus-II-PainPRO,LOT-9705-2021,flow_rate_high,no_harm,Y
CMP-12835,2021-07-16,Nimbus-II-EpiD,LOT-4983-2021,flow_rate_high,patient_discomfort,N
CMP-12836,2020-05-16,Nimbus-II-Plus,LOT-1464-2020,flow_rate_high,no_harm,N
CMP-12837,2019-01-28,Nimbus-II-Flex,LOT-8596-2019,flow_rate_high,no_harm,N
CMP-12838,2023-09-25,Nimbus-II-PainPRO,LOT-4098-2023,flow_rate_high,near_miss,N
CMP-12839,2023-04-11,Nimbus-II-PainPRO,LOT-8125-2023,flow_rate_high,near_miss,Y
CMP-12840,2024-04-26,Nimbus-Flex,LOT-6263-2024,flow_rate_high,no_harm,Y
CMP-12841,2021-11-16,Nimbus-II-EpiD,LOT-9912-2021,flow_rate_high,no_harm,Y
CMP-12842,2021-09-20,Nimbus-II-PainPRO,LOT-4382-2021,flow_rate_high,no_harm,Y
CMP-12843,2020-06-25,Nimbus-II-PainPRO,LOT-1376-2020,flow_rate_high,no_harm,N
CMP-12844,2023-06-26,Nimbus-PainPro,LOT-2297-2023,flow_rate_high,no_harm,Y
CMP-12845,2022-03-15,Nimbus-Flex,LOT-9046-2022,flow_rate_high,patient_discomfort,N
CMP-12846,2024-11-01,Nimbus-II-Plus,LOT-9294-2024,flow_rate_high,no_harm,Y
CMP-12847,2023-10-03,Nimbus-II-Plus,LOT-9213-2023,flow_rate_high,no_harm,Y
CMP-12848,2022-06-03,Nimbus-Flex,LOT-7709-2022,flow_rate_high,no_harm,Y
CMP-12849,2019-10-05,Nimbus-II-Plus,LOT-1937-2019,flow_rate_high,no_harm,Y
CMP-12850,2024-12-21,Nimbus-Flex,LOT-5857-2024,flow_rate_high,serious_injury,Y
CMP-12851,2023-06-10,Nimbus-II-Plus,LOT-7417-2023,flow_rate_high,no_harm,N
CMP-12852,2022-01-15,Nimbus-II-Flex,LOT-1171-2022,flow_rate_high,no_harm,N
CMP-12853,2020-07-12,Nimbus-II-EMS,LOT-1332-2020,flow_rate_high,no_harm,Y
CMP-12854,2022-05-16,Nimbus-II-EMS,LOT-9512-2022,flow_rate_high,near_miss,N
CMP-12855,2019-10-23,Nimbus-II-EpiD,LOT-7278-2019,flow_rate_high,patient_discomfort,Y
CMP-12856,2022-11-27,Nimbus-II-Plus,LOT-9734-2022,flow_rate_high,no_harm,N
CMP-12857,2022-11-16,Nimbus-II-PainPRO,LOT-3803-2022,flow_rate_high,no_harm,N
CMP-12858,2023-04-20,Nimbus-Admin,LOT-9404-2023,flow_rate_high,no_harm,Y
CMP-12859,2024-08-28,Nimbus-II-Flex,LOT-1756-2024,flow_rate_high,no_harm,Y
CMP-12860,2024-01-28,Nimbus-II-EMS,LOT-7790-2024,flow_rate_high,no_harm,N
CMP-12861,2021-06-22,Nimbus-II-PainPRO,LOT-4933-2021,flow_rate_high,patient_discomfort,Y
CMP-12862,2021-11-18,Nimbus-II-Plus,LOT-9547-2021,flow_rate_high,no_harm,Y
CMP-12863,2022-06-10,Nimbus-Admin,LOT-7406-2022,flow_rate_high,no_harm,Y
CMP-12864,2022-08-03,Nimbus-II-Flex,LOT-6699-2022,flow_rate_high,no_harm,Y
CMP-12865,2024-11-26,Nimbus-Admin,LOT-1119-2024,flow_rate_high,no_harm,N
CMP-12866,2023-08-18,Nimbus-Flex,LOT-3724-2023,flow_rate_high,no_harm,N
CMP-12867,2023-03-16,Nimbus-II-PainPRO,LOT-3146-2023,flow_rate_high,no_harm,Y
CMP-12868,2022-09-16,Nimbus-II-EMS,LOT-1551-2022,flow_rate_high,serious_injury,Y
CMP-12869,2020-03-16,Nimbus-Flex,LOT-2390-2020,flow_rate_high,no_harm,N
CMP-12870,2022-11-26,Nimbus-Admin,LOT-8357-2022,flow_rate_high,no_harm,N
CMP-12871,2023-04-03,Nimbus-II-EpiD,LOT-6149-2023,flow_rate_high,no_harm,Y
CMP-12872,2024-07-14,Nimbus-II-EMS,LOT-5400-2024,flow_rate_high,patient_discomfort,Y
CMP-12873,2020-11-09,Nimbus-PainPro,LOT-2877-2020,flow_rate_high,near_miss,N
CMP-12874,2020-07-16,Nimbus-II-Flex,LOT-9385-2020,flow_rate_high,no_harm,N
CMP-12875,2019-04-02,Nimbus-II-Flex,LOT-3861-2019,flow_rate_low,no_harm,N
CMP-12876,2020-12-22,Nimbus-II-EpiD,LOT-8892-2020,flow_rate_low,patient_discomfort,N
CMP-12877,2023-03-01,Nimbus-II-EMS,LOT-6228-2023,flow_rate_low,serious_injury,Y
CMP-12878,2023-06-23,Nimbus-II-Plus,LOT-3867-2023,flow_rate_low,no_harm,Y
CMP-12879,2020-06-06,Nimbus-II-EpiD,LOT-1827-2020,flow_rate_low,no_harm,N
CMP-12880,2020-03-28,Nimbus-II-EpiD,LOT-9840-2020,flow_rate_low,near_miss,N
CMP-12881,2020-02-03,Nimbus-PainPro,LOT-3830-2020,flow_rate_low,no_harm,N
CMP-12882,2023-01-19,Nimbus-II-EpiD,LOT-1096-2023,flow_rate_low,no_harm,N
CMP-12883,2020-02-12,Nimbus-Admin,LOT-2468-2020,flow_rate_low,near_miss,Y
CMP-12884,2019-09-23,Nimbus-II-Flex,LOT-7977-2019,flow_rate_low,near_miss,Y
CMP-12885,2024-07-21,Nimbus-II-Flex,LOT-5139-2024,flow_rate_low,no_harm,N
CMP-12886,2019-12-04,Nimbus-II-Plus,LOT-8695-2019,flow_rate_low,no_harm,Y
CMP-12887,2020-11-28,Nimbus-Flex,LOT-2585-2020,flow_rate_low,no_harm,Y
CMP-12888,2023-02-06,Nimbus-Admin,LOT-3133-2023,flow_rate_low,no_harm,N
CMP-12889,2019-06-25,Nimbus-II-EpiD,LOT-5327-2019,flow_rate_low,patient_discomfort,N
CMP-12890,2022-07-15,Nimbus-Flex,LOT-5450-2022,flow_rate_low,no_harm,Y
CMP-12891,2019-02-15,Nimbus-Flex,LOT-9015-2019,flow_rate_low,no_harm,N
CMP-12892,2019-08-06,Nimbus-II-EMS,LOT-1580-2019,flow_rate_low,no_harm,N
CMP-12893,2024-02-22,Nimbus-Admin,LOT-7726-2024,flow_rate_low,no_harm,N
CMP-12894,2022-12-13,Nimbus-PainPro,LOT-9210-2022,flow_rate_low,no_harm,N
CMP-12895,2019-07-04,Nimbus-PainPro,LOT-2951-2019,flow_rate_low,no_harm,Y
CMP-12896,2020-09-13,Nimbus-PainPro,LOT-3472-2020,flow_rate_low,no_harm,Y
CMP-12897,2020-10-09,Nimbus-Admin,LOT-1517-2020,flow_rate_low,no_harm,N
CMP-12898,2023-06-17,Nimbus-II-Plus,LOT-3772-2023,flow_rate_low,no_harm,Y
CMP-12899,2022-10-02,Nimbus-II-EpiD,LOT-1766-2022,flow_rate_low,no_harm,N
CMP-12900,2023-07-14,Nimbus-II-EpiD,LOT-9548-2023,flow_rate_low,no_harm,Y
CMP-12901,2021-05-28,Nimbus-PainPro,LOT-8990-2021,flow_rate_low,near_miss,Y
CMP-12902,2019-07-07,Nimbus-Flex,LOT-8343-2019,flow_rate_low,no_harm,Y
CMP-12903,2019-09-05,Nimbus-Flex,LOT-8002-2019,flow_rate_low,no_harm,N
CMP-12904,2021-02-11,Nimbus-II-Flex,LOT-5912-2021,flow_rate_low,no_harm,N
CMP-12905,2022-01-07,Nimbus-PainPro,LOT-1921-2022,flow_rate_low,patient_discomfort,Y
CMP-12906,2019-05-19,Nimbus-II-Flex,LOT-7575-2019,flow_rate_low,no_harm,N
CMP-12907,2023-01-16,Nimbus-II-EpiD,LOT-9355-2023,flow_rate_low,no_harm,N
CMP-12908,2019-02-13,Nimbus-Admin,LOT-8236-2019,flow_rate_low,no_harm,N
CMP-12909,2019-11-04,Nimbus-PainPro,LOT-7472-2019,flow_rate_low,no_harm,N
CMP-12910,2021-07-04,Nimbus-II-Flex,LOT-2292-2021,flow_rate_low,no_harm,Y
CMP-12911,2019-01-15,Nimbus-Flex,LOT-5293-2019,flow_rate_low,near_miss,N
CMP-12912,2024-10-17,Nimbus-II-Flex,LOT-1803-2024,flow_rate_low,no_harm,Y
CMP-12913,2024-12-09,Nimbus-Flex,LOT-2234-2024,flow_rate_low,no_harm,N
CMP-12914,2020-05-23,Nimbus-PainPro,LOT-2034-2020,flow_rate_low,no_harm,N
CMP-12915,2024-07-12,Nimbus-II-EpiD,LOT-5034-2024,flow_rate_low,no_harm,Y
CMP-12916,2022-01-10,Nimbus-II-Flex,LOT-6420-2022,flow_rate_low,no_harm,N
CMP-12917,2021-01-26,Nimbus-II-Plus,LOT-1585-2021,flow_rate_low,no_harm,N
CMP-12918,2019-06-13,Nimbus-Admin,LOT-9316-2019,flow_rate_low,no_harm,Y
CMP-12919,2024-05-24,Nimbus-II-EMS,LOT-4483-2024,flow_rate_low,no_harm,Y
CMP-12920,2022-11-03,Nimbus-II-EpiD,LOT-6650-2022,flow_rate_low,no_harm,N
CMP-12921,2019-06-22,Nimbus-II-EpiD,LOT-7237-2019,flow_rate_low,no_harm,N
CMP-12922,2024-07-03,Nimbus-II-EpiD,LOT-2319-2024,flow_rate_low,no_harm,N
CMP-12923,2021-11-16,Nimbus-Admin,LOT-6421-2021,flow_rate_low,no_harm,N
CMP-12924,2019-05-05,Nimbus-II-Plus,LOT-9081-2019,flow_rate_low,no_harm,N
CMP-12925,2019-11-11,Nimbus-Admin,LOT-5608-2019,flow_rate_low,serious_injury,Y
CMP-12926,2023-09-02,Nimbus-II-EpiD,LOT-5711-2023,flow_rate_low,no_harm,Y
CMP-12927,2021-01-27,Nimbus-II-Flex,LOT-6183-2021,flow_rate_low,no_harm,N
CMP-12928,2020-12-14,Nimbus-II-EpiD,LOT-2029-2020,flow_rate_low,near_miss,N
CMP-12929,2019-12-19,Nimbus-II-PainPRO,LOT-8624-2019,flow_rate_low,no_harm,Y
CMP-12930,2020-06-22,Nimbus-II-Plus,LOT-9926-2020,flow_rate_low,no_harm,Y
CMP-12931,2021-09-15,Nimbus-II-EpiD,LOT-6312-2021,flow_rate_low,no_harm,Y
CMP-12932,2020-12-14,Nimbus-PainPro,LOT-7984-2020,flow_rate_low,no_harm,N
CMP-12933,2022-09-06,Nimbus-II-Flex,LOT-2489-2022,flow_rate_low,no_harm,N
CMP-12934,2022-02-22,Nimbus-Flex,LOT-8954-2022,flow_rate_low,no_harm,N
CMP-12935,2019-03-19,Nimbus-II-EMS,LOT-9564-2019,flow_rate_low,patient_discomfort,N
CMP-12936,2019-10-27,Nimbus-PainPro,LOT-8073-2019,flow_rate_low,near_miss,N
CMP-12937,2020-02-19,Nimbus-Admin,LOT-6148-2020,flow_rate_low,no_harm,N
CMP-12938,2022-06-02,Nimbus-II-PainPRO,LOT-7733-2022,flow_rate_low,no_harm,N
CMP-12939,2021-12-14,Nimbus-Flex,LOT-6613-2021,flow_rate_low,patient_discomfort,N
CMP-12940,2023-01-22,Nimbus-II-Flex,LOT-5756-2023,flow_rate_low,near_miss,N
CMP-12941,2023-09-12,Nimbus-PainPro,LOT-6739-2023,flow_rate_low,no_harm,Y
CMP-12942,2019-08-20,Nimbus-II-Flex,LOT-1012-2019,flow_rate_low,no_harm,Y
CMP-12943,2019-12-24,Nimbus-II-Flex,LOT-1427-2019,flow_rate_low,no_harm,Y
CMP-12944,2022-03-03,Nimbus-PainPro,LOT-3074-2022,flow_rate_low,patient_discomfort,N
CMP-12945,2020-10-02,Nimbus-II-PainPRO,LOT-3797-2020,flow_rate_low,serious_injury,Y
CMP-12946,2023-05-06,Nimbus-II-Plus,LOT-4068-2023,flow_rate_low,no_harm,Y
CMP-12947,2024-06-23,Nimbus-Flex,LOT-9392-2024,flow_rate_low,no_harm,N
CMP-12948,2022-09-18,Nimbus-II-EMS,LOT-7423-2022,flow_rate_low,patient_discomfort,N
CMP-12949,2023-09-25,Nimbus-II-EpiD,LOT-5481-2023,flow_rate_low,near_miss,Y
CMP-12950,2021-06-26,Nimbus-II-Plus,LOT-4979-2021,flow_rate_low,serious_injury,Y
CMP-12951,2021-05-27,Nimbus-II-Flex,LOT-1046-2021,flow_rate_low,no_harm,N
CMP-12952,2021-07-07,Nimbus-II-EpiD,LOT-8375-2021,flow_rate_low,no_harm,N
CMP-12953,2022-03-15,Nimbus-II-Flex,LOT-7160-2022,flow_rate_low,no_harm,N
CMP-12954,2022-08-08,Nimbus-II-EMS,LOT-4674-2022,flow_rate_low,no_harm,Y
CMP-12955,2019-02-02,Nimbus-II-Flex,LOT-1581-2019,flow_rate_low,no_harm,Y
CMP-12956,2021-10-07,Nimbus-II-EpiD,LOT-2334-2021,flow_rate_low,no_harm,Y
CMP-12957,2021-08-28,Nimbus-Admin,LOT-3844-2021,flow_rate_low,no_harm,N
CMP-12958,2024-03-06,Nimbus-Flex,LOT-9877-2024,flow_rate_low,near_miss,Y
CMP-12959,2021-04-22,Nimbus-Admin,LOT-4496-2021,flow_rate_low,serious_injury,Y
CMP-12960,2024-09-24,Nimbus-PainPro,LOT-6818-2024,flow_rate_low,no_harm,N
CMP-12961,2022-12-11,Nimbus-II-EpiD,LOT-7649-2022,flow_rate_low,near_miss,N
CMP-12962,2020-04-23,Nimbus-II-EMS,LOT-3641-2020,flow_rate_low,no_harm,N
CMP-12963,2020-01-17,Nimbus-Flex,LOT-5566-2020,flow_rate_low,no_harm,Y
CMP-12964,2019-09-25,Nimbus-II-PainPRO,LOT-5667-2019,flow_rate_low,no_harm,Y
CMP-12965,2023-08-24,Nimbus-II-Plus,LOT-8082-2023,flow_rate_low,no_harm,Y
CMP-12966,2020-03-26,Nimbus-II-EpiD,LOT-6098-2020,flow_rate_low,no_harm,N
CMP-12967,2022-02-17,Nimbus-II-Plus,LOT-4546-2022,flow_rate_low,no_harm,Y
CMP-12968,2019-02-06,Nimbus-II-EpiD,LOT-6307-2019,flow_rate_low,no_harm,N
CMP-12969,2019-08-19,Nimbus-PainPro,LOT-8541-2019,flow_rate_low,patient_discomfort,Y
CMP-12970,2020-01-26,Nimbus-Admin,LOT-3853-2020,flow_rate_low,no_harm,N
CMP-12971,2022-08-23,Nimbus-II-Flex,LOT-5631-2022,flow_rate_low,no_harm,Y
CMP-12972,2023-04-25,Nimbus-II-EMS,LOT-3258-2023,flow_rate_low,no_harm,Y
CMP-12973,2024-12-18,Nimbus-II-EMS,LOT-2802-2024,flow_rate_low,no_harm,N
CMP-12974,2019-03-22,Nimbus-II-PainPRO,LOT-2261-2019,flow_rate_low,no_harm,N
CMP-12975,2023-07-09,Nimbus-II-EpiD,LOT-7466-2023,flow_rate_low,no_harm,N
CMP-12976,2024-04-04,Nimbus-II-Flex,LOT-6884-2024,flow_rate_low,no_harm,Y
CMP-12977,2019-07-09,Nimbus-PainPro,LOT-5728-2019,flow_rate_low,no_harm,Y
CMP-12978,2022-07-16,Nimbus-II-EpiD,LOT-1066-2022,flow_rate_low,serious_injury,Y
CMP-12979,2020-03-02,Nimbus-Flex,LOT-5534-2020,flow_rate_low,no_harm,Y
CMP-12980,2020-04-16,Nimbus-II-PainPRO,LOT-2053-2020,flow_rate_low,no_harm,N
CMP-12981,2020-08-24,Nimbus-II-EMS,LOT-8240-2020,flow_rate_low,no_harm,N
CMP-12982,2022-03-03,Nimbus-II-EpiD,LOT-6855-2022,flow_rate_low,no_harm,N
CMP-12983,2024-09-01,Nimbus-Admin,LOT-3996-2024,flow_rate_low,no_harm,N
CMP-12984,2022-10-27,Nimbus-II-PainPRO,LOT-1970-2022,flow_rate_low,no_harm,N
CMP-12985,2021-02-25,Nimbus-Flex,LOT-9066-2021,flow_rate_low,no_harm,N
CMP-12986,2021-12-26,Nimbus-Admin,LOT-3280-2021,flow_rate_low,patient_discomfort,N
CMP-12987,2019-06-05,Nimbus-Flex,LOT-3855-2019,flow_rate_low,near_miss,Y
CMP-12988,2024-11-26,Nimbus-II-EMS,LOT-1361-2024,flow_rate_low,serious_injury,Y
CMP-12989,2022-08-10,Nimbus-II-PainPRO,LOT-5161-2022,flow_rate_low,no_harm,N
CMP-12990,2020-11-26,Nimbus-Admin,LOT-3836-2020,flow_rate_low,patient_discomfort,Y
CMP-12991,2024-04-28,Nimbus-II-EMS,LOT-3072-2024,flow_rate_low,near_miss,Y
CMP-12992,2022-12-22,Nimbus-Admin,LOT-2521-2022,flow_rate_low,no_harm,Y
CMP-12993,2022-05-24,Nimbus-Flex,LOT-3478-2022,flow_rate_low,no_harm,Y
CMP-12994,2024-01-26,Nimbus-II-EpiD,LOT-9610-2024,flow_rate_low,no_harm,N
CMP-12995,2024-03-03,Nimbus-PainPro,LOT-6839-2024,flow_rate_low,no_harm,N
CMP-12996,2024-05-11,Nimbus-II-PainPRO,LOT-9708-2024,flow_rate_low,no_harm,N
CMP-12997,2019-06-10,Nimbus-II-EMS,LOT-9790-2019,flow_rate_low,no_harm,N
CMP-12998,2023-03-01,Nimbus-PainPro,LOT-9328-2023,flow_rate_low,no_harm,N
CMP-12999,2023-07-14,Nimbus-II-Flex,LOT-8633-2023,flow_rate_low,serious_injury,Y
CMP-13000,2021-06-03,Nimbus-II-Flex,LOT-9997-2021,flow_rate_low,no_harm,N
CMP-13001,2023-06-27,Nimbus-II-PainPRO,LOT-7688-2023,flow_rate_low,no_harm,N
CMP-13002,2021-09-03,Nimbus-II-Plus,LOT-8478-2021,flow_rate_low,near_miss,N
CMP-13003,2023-10-26,Nimbus-II-Plus,LOT-9197-2023,flow_rate_low,no_harm,N
CMP-13004,2023-08-12,Nimbus-II-Flex,LOT-6041-2023,flow_rate_low,no_harm,N
CMP-13005,2020-04-15,Nimbus-II-Flex,LOT-3199-2020,flow_rate_low,patient_discomfort,Y
CMP-13006,2022-01-26,Nimbus-Admin,LOT-5900-2022,flow_rate_low,near_miss,N
CMP-13007,2021-03-16,Nimbus-II-Plus,LOT-6332-2021,flow_rate_low,patient_discomfort,Y
CMP-13008,2023-12-17,Nimbus-II-EpiD,LOT-3091-2023,flow_rate_low,no_harm,N
CMP-13009,2021-10-19,Nimbus-II-EpiD,LOT-2329-2021,flow_rate_low,no_harm,N
CMP-13010,2022-03-04,Nimbus-II-Plus,LOT-8912-2022,flow_rate_low,no_harm,Y
CMP-13011,2021-08-10,Nimbus-II-Flex,LOT-9615-2021,flow_rate_low,no_harm,Y
CMP-13012,2019-10-23,Nimbus-II-EMS,LOT-4432-2019,flow_rate_low,no_harm,N
CMP-13013,2022-05-20,Nimbus-II-EpiD,LOT-2969-2022,flow_rate_low,serious_injury,Y
CMP-13014,2021-09-04,Nimbus-II-EMS,LOT-9548-2021,flow_rate_low,near_miss,Y
CMP-13015,2019-01-20,Nimbus-II-Flex,LOT-7958-2019,flow_rate_low,no_harm,Y
CMP-13016,2020-05-13,Nimbus-II-Plus,LOT-3084-2020,flow_rate_low,patient_discomfort,N
CMP-13017,2021-07-04,Nimbus-II-Plus,LOT-4969-2021,flow_rate_low,no_harm,Y
CMP-13018,2022-11-21,Nimbus-Admin,LOT-4094-2022,flow_rate_low,no_harm,N
CMP-13019,2019-05-04,Nimbus-Flex,LOT-2983-2019,flow_rate_low,no_harm,Y
CMP-13020,2022-12-13,Nimbus-Flex,LOT-9729-2022,flow_rate_low,no_harm,N
CMP-13021,2021-08-03,Nimbus-II-PainPRO,LOT-5814-2021,flow_rate_low,patient_discomfort,Y
CMP-13022,2019-07-10,Nimbus-II-PainPRO,LOT-2814-2019,flow_rate_low,serious_injury,Y
CMP-13023,2024-03-26,Nimbus-II-PainPRO,LOT-4517-2024,flow_rate_low,no_harm,N
CMP-13024,2019-06-20,Nimbus-Flex,LOT-3940-2019,flow_rate_low,death,Y
CMP-13025,2021-12-01,Nimbus-II-EpiD,LOT-6501-2021,flow_rate_low,patient_discomfort,Y
CMP-13026,2023-07-26,Nimbus-II-PainPRO,LOT-8178-2023,flow_rate_low,no_harm,N
CMP-13027,2020-11-19,Nimbus-II-Plus,LOT-7963-2020,flow_rate_low,no_harm,N
CMP-13028,2020-05-28,Nimbus-II-Plus,LOT-1095-2020,flow_rate_low,no_harm,N
CMP-13029,2020-05-14,Nimbus-Flex,LOT-7097-2020,flow_rate_low,no_harm,N
CMP-13030,2023-10-01,Nimbus-II-PainPRO,LOT-2708-2023,flow_rate_low,no_harm,N
CMP-13031,2022-10-05,Nimbus-PainPro,LOT-2219-2022,flow_rate_low,no_harm,N
CMP-13032,2024-02-11,Nimbus-II-Flex,LOT-3014-2024,flow_rate_low,no_harm,N
CMP-13033,2024-11-07,Nimbus-II-PainPRO,LOT-7897-2024,flow_rate_low,no_harm,Y
CMP-13034,2023-04-09,Nimbus-PainPro,LOT-1234-2023,flow_rate_low,patient_discomfort,Y
CMP-13035,2021-12-09,Nimbus-II-EpiD,LOT-5945-2021,flow_rate_low,no_harm,Y
CMP-13036,2019-06-20,Nimbus-Admin,LOT-8718-2019,flow_rate_low,no_harm,Y
CMP-13037,2019-07-23,Nimbus-Admin,LOT-3436-2019,flow_rate_low,patient_discomfort,Y
CMP-13038,2024-12-08,Nimbus-II-EpiD,LOT-4641-2024,flow_rate_low,no_harm,N
CMP-13039,2022-04-15,Nimbus-II-Flex,LOT-1051-2022,flow_rate_low,no_harm,N
CMP-13040,2020-04-06,Nimbus-II-EMS,LOT-2075-2020,flow_rate_low,no_harm,Y
CMP-13041,2023-04-26,Nimbus-II-EMS,LOT-5535-2023,flow_rate_low,patient_discomfort,Y
CMP-13042,2023-12-05,Nimbus-II-Plus,LOT-1328-2023,flow_rate_low,patient_discomfort,Y
CMP-13043,2019-03-25,Nimbus-Flex,LOT-2413-2019,flow_rate_low,no_harm,Y
CMP-13044,2020-03-02,Nimbus-II-Plus,LOT-4190-2020,flow_rate_low,no_harm,Y
CMP-13045,2023-06-19,Nimbus-II-EpiD,LOT-7757-2023,flow_rate_low,serious_injury,Y
CMP-13046,2021-05-13,Nimbus-PainPro,LOT-2501-2021,flow_rate_low,no_harm,Y
CMP-13047,2024-02-11,Nimbus-II-EpiD,LOT-9024-2024,flow_rate_low,near_miss,Y
CMP-13048,2023-07-20,Nimbus-Flex,LOT-2389-2023,flow_rate_low,serious_injury,Y
CMP-13049,2023-04-18,Nimbus-Admin,LOT-2327-2023,flow_rate_low,no_harm,Y
CMP-13050,2019-11-18,Nimbus-PainPro,LOT-4899-2019,flow_rate_low,no_harm,N
CMP-13051,2019-01-28,Nimbus-II-EMS,LOT-2549-2019,flow_rate_low,serious_injury,Y
CMP-13052,2021-01-26,Nimbus-Admin,LOT-5961-2021,flow_rate_low,no_harm,Y
CMP-13053,2023-10-24,Nimbus-II-Plus,LOT-9824-2023,flow_rate_low,no_harm,N
CMP-13054,2020-10-07,Nimbus-II-EMS,LOT-4910-2020,flow_rate_low,no_harm,Y
CMP-13055,2020-08-21,Nimbus-Admin,LOT-9839-2020,flow_rate_low,no_harm,N
CMP-13056,2022-08-20,Nimbus-II-Flex,LOT-5539-2022,flow_rate_low,no_harm,Y
CMP-13057,2022-01-21,Nimbus-II-PainPRO,LOT-3241-2022,flow_rate_low,serious_injury,Y
CMP-13058,2020-03-17,Nimbus-PainPro,LOT-1378-2020,flow_rate_low,near_miss,Y
CMP-13059,2023-11-02,Nimbus-PainPro,LOT-6390-2023,flow_rate_low,no_harm,Y
CMP-13060,2024-08-04,Nimbus-II-PainPRO,LOT-1037-2024,flow_rate_low,no_harm,N
CMP-13061,2023-10-20,Nimbus-Admin,LOT-6540-2023,flow_rate_low,serious_injury,Y
CMP-13062,2024-09-24,Nimbus-Flex,LOT-3501-2024,flow_rate_low,near_miss,N
CMP-13063,2019-08-24,Nimbus-Admin,LOT-5414-2019,flow_rate_low,no_harm,Y
CMP-13064,2021-01-12,Nimbus-Flex,LOT-6209-2021,flow_rate_low,no_harm,Y
CMP-13065,2019-04-12,Nimbus-PainPro,LOT-4724-2019,flow_rate_low,no_harm,N
CMP-13066,2022-11-22,Nimbus-Admin,LOT-8544-2022,flow_rate_low,near_miss,Y
CMP-13067,2021-12-08,Nimbus-II-Flex,LOT-3843-2021,flow_rate_low,serious_injury,Y
CMP-13068,2021-10-14,Nimbus-II-EMS,LOT-6025-2021,flow_rate_low,no_harm,Y
CMP-13069,2021-11-10,Nimbus-II-EMS,LOT-2561-2021,flow_rate_low,no_harm,Y
CMP-13070,2019-02-17,Nimbus-Flex,LOT-3309-2019,flow_rate_low,no_harm,Y
CMP-13071,2020-03-12,Nimbus-PainPro,LOT-5096-2020,flow_rate_low,no_harm,Y
CMP-13072,2022-07-10,Nimbus-II-PainPRO,LOT-6208-2022,flow_rate_low,patient_discomfort,N
CMP-13073,2023-07-27,Nimbus-PainPro,LOT-8017-2023,flow_rate_low,near_miss,N
CMP-13074,2019-09-01,Nimbus-II-EMS,LOT-2432-2019,flow_rate_low,no_harm,Y
CMP-13075,2019-10-11,Nimbus-II-Plus,LOT-7728-2019,flow_rate_low,no_harm,N
CMP-13076,2020-04-02,Nimbus-Admin,LOT-5159-2020,flow_rate_low,no_harm,N
CMP-13077,2023-09-19,Nimbus-Flex,LOT-7981-2023,flow_rate_low,near_miss,Y
CMP-13078,2022-04-02,Nimbus-II-EMS,LOT-1864-2022,flow_rate_low,no_harm,N
CMP-13079,2023-06-16,Nimbus-II-PainPRO,LOT-1380-2023,flow_rate_low,no_harm,N
CMP-13080,2021-08-27,Nimbus-II-Flex,LOT-1674-2021,flow_rate_low,near_miss,Y
CMP-13081,2024-10-25,Nimbus-II-PainPRO,LOT-9980-2024,flow_rate_low,serious_injury,Y
CMP-13082,2020-09-11,Nimbus-II-Flex,LOT-3838-2020,flow_rate_low,no_harm,Y
CMP-13083,2019-02-03,Nimbus-II-EMS,LOT-3499-2019,flow_rate_low,no_harm,Y
CMP-13084,2020-05-13,Nimbus-II-EpiD,LOT-9150-2020,flow_rate_low,near_miss,N
CMP-13085,2020-09-10,Nimbus-II-Flex,LOT-4808-2020,flow_rate_low,near_miss,N
CMP-13086,2023-03-22,Nimbus-PainPro,LOT-6315-2023,flow_rate_low,no_harm,N
CMP-13087,2023-12-01,Nimbus-PainPro,LOT-1486-2023,flow_rate_low,serious_injury,Y
CMP-13088,2020-02-18,Nimbus-II-EpiD,LOT-4376-2020,flow_rate_low,no_harm,N
CMP-13089,2021-10-23,Nimbus-PainPro,LOT-7752-2021,flow_rate_low,no_harm,N
CMP-13090,2024-03-17,Nimbus-Flex,LOT-4716-2024,flow_rate_low,serious_injury,Y
CMP-13091,2023-06-16,Nimbus-PainPro,LOT-4642-2023,flow_rate_low,no_harm,Y
CMP-13092,2020-01-04,Nimbus-Flex,LOT-3103-2020,flow_rate_low,no_harm,Y
CMP-13093,2021-01-04,Nimbus-II-EMS,LOT-3653-2021,flow_rate_low,near_miss,Y
CMP-13094,2024-08-09,Nimbus-Admin,LOT-7111-2024,flow_rate_low,patient_discomfort,Y
CMP-13095,2020-12-04,Nimbus-II-EMS,LOT-5399-2020,flow_rate_low,no_harm,Y
CMP-13096,2022-04-25,Nimbus-II-EpiD,LOT-5192-2022,flow_rate_low,no_harm,N
CMP-13097,2024-09-08,Nimbus-PainPro,LOT-6841-2024,flow_rate_low,no_harm,Y
CMP-13098,2021-04-24,Nimbus-II-Plus,LOT-9322-2021,flow_rate_low,no_harm,Y
CMP-13099,2023-06-21,Nimbus-II-Flex,LOT-2556-2023,flow_rate_low,no_harm,Y
CMP-13100,2023-03-13,Nimbus-Flex,LOT-2854-2023,flow_rate_low,no_harm,N
CMP-13101,2023-08-24,Nimbus-II-EMS,LOT-7126-2023,flow_rate_low,near_miss,N
CMP-13102,2021-05-14,Nimbus-II-EMS,LOT-2600-2021,flow_rate_low,no_harm,Y
CMP-13103,2021-08-28,Nimbus-II-PainPRO,LOT-9987-2021,flow_rate_low,no_harm,Y
CMP-13104,2021-02-26,Nimbus-PainPro,LOT-2393-2021,flow_rate_low,near_miss,Y
CMP-13105,2022-07-22,Nimbus-Admin,LOT-3454-2022,flow_rate_low,no_harm,Y
CMP-13106,2023-04-10,Nimbus-II-Flex,LOT-3310-2023,flow_rate_low,no_harm,N
CMP-13107,2022-06-17,Nimbus-II-PainPRO,LOT-6203-2022,flow_rate_low,near_miss,N
CMP-13108,2023-01-15,Nimbus-II-EpiD,LOT-1992-2023,flow_rate_low,no_harm,Y
CMP-13109,2020-10-22,Nimbus-Admin,LOT-7182-2020,flow_rate_low,no_harm,N
CMP-13110,2020-03-18,Nimbus-II-Flex,LOT-8314-2020,flow_rate_low,no_harm,N
CMP-13111,2022-06-26,Nimbus-Flex,LOT-5305-2022,flow_rate_low,no_harm,Y
CMP-13112,2019-11-01,Nimbus-II-Plus,LOT-9956-2019,flow_rate_low,no_harm,Y
CMP-13113,2022-04-19,Nimbus-II-Plus,LOT-3336-2022,flow_rate_low,near_miss,N
CMP-13114,2023-12-04,Nimbus-II-PainPRO,LOT-3410-2023,flow_rate_low,no_harm,Y
CMP-13115,2023-02-17,Nimbus-II-PainPRO,LOT-5182-2023,flow_rate_low,no_harm,Y
CMP-13116,2021-08-14,Nimbus-II-PainPRO,LOT-1492-2021,flow_rate_low,patient_discomfort,N
CMP-13117,2022-11-03,Nimbus-II-EpiD,LOT-2495-2022,flow_rate_low,patient_discomfort,N
CMP-13118,2020-08-09,Nimbus-II-Plus,LOT-5026-2020,flow_rate_low,no_harm,Y
CMP-13119,2020-05-02,Nimbus-Admin,LOT-1600-2020,flow_rate_low,no_harm,N
CMP-13120,2022-10-26,Nimbus-II-PainPRO,LOT-8911-2022,flow_rate_low,no_harm,N
CMP-13121,2020-08-10,Nimbus-PainPro,LOT-8753-2020,flow_rate_low,near_miss,N
CMP-13122,2022-02-28,Nimbus-PainPro,LOT-1696-2022,flow_rate_low,no_harm,N
CMP-13123,2022-12-26,Nimbus-II-PainPRO,LOT-2762-2022,flow_rate_low,no_harm,Y
CMP-13124,2023-12-08,Nimbus-II-EMS,LOT-3801-2023,flow_rate_low,no_harm,Y
CMP-13125,2021-05-06,Nimbus-II-EMS,LOT-4450-2021,flow_rate_low,no_harm,Y
CMP-13126,2023-11-20,Nimbus-II-Flex,LOT-8031-2023,flow_rate_low,no_harm,Y
CMP-13127,2024-11-01,Nimbus-II-EMS,LOT-5429-2024,flow_rate_low,no_harm,Y
CMP-13128,2021-04-18,Nimbus-II-Plus,LOT-9009-2021,flow_rate_low,no_harm,Y
CMP-13129,2023-05-03,Nimbus-II-EpiD,LOT-3815-2023,flow_rate_low,no_harm,Y
CMP-13130,2022-11-07,Nimbus-II-EMS,LOT-4525-2022,flow_rate_low,no_harm,Y
CMP-13131,2020-01-17,Nimbus-II-PainPRO,LOT-3153-2020,flow_rate_low,no_harm,N
CMP-13132,2023-09-25,Nimbus-Flex,LOT-5118-2023,flow_rate_low,near_miss,Y
CMP-13133,2020-10-25,Nimbus-II-Flex,LOT-5191-2020,flow_rate_low,no_harm,Y
CMP-13134,2020-02-23,Nimbus-II-EpiD,LOT-8248-2020,flow_rate_low,no_harm,N
CMP-13135,2022-03-25,Nimbus-II-Flex,LOT-6890-2022,flow_rate_low,serious_injury,Y
CMP-13136,2021-04-03,Nimbus-II-EpiD,LOT-6367-2021,flow_rate_low,patient_discomfort,Y
CMP-13137,2020-06-20,Nimbus-Flex,LOT-7163-2020,flow_rate_low,near_miss,N
CMP-13138,2020-08-19,Nimbus-Flex,LOT-4907-2020,flow_rate_low,near_miss,N
CMP-13139,2021-02-27,Nimbus-PainPro,LOT-9710-2021,flow_rate_low,near_miss,N
CMP-13140,2022-12-16,Nimbus-II-Flex,LOT-7188-2022,flow_rate_low,no_harm,N
CMP-13141,2023-08-23,Nimbus-Admin,LOT-9395-2023,flow_rate_low,no_harm,Y
CMP-13142,2021-11-21,Nimbus-II-Plus,LOT-2827-2021,flow_rate_low,no_harm,N
CMP-13143,2022-11-21,Nimbus-II-EpiD,LOT-3254-2022,flow_rate_low,no_harm,Y
CMP-13144,2022-11-09,Nimbus-II-EpiD,LOT-9077-2022,flow_rate_low,no_harm,Y
CMP-13145,2023-04-17,Nimbus-II-EMS,LOT-5824-2023,flow_rate_low,no_harm,N
CMP-13146,2023-02-02,Nimbus-Admin,LOT-7141-2023,flow_rate_low,near_miss,N
CMP-13147,2019-06-22,Nimbus-Flex,LOT-2357-2019,flow_rate_low,patient_discomfort,Y
CMP-13148,2022-09-09,Nimbus-PainPro,LOT-8517-2022,flow_rate_low,no_harm,Y
CMP-13149,2022-06-21,Nimbus-II-Plus,LOT-4455-2022,flow_rate_low,no_harm,Y
CMP-13150,2021-03-26,Nimbus-PainPro,LOT-2977-2021,flow_rate_low,no_harm,Y
CMP-13151,2024-05-24,Nimbus-II-EpiD,LOT-5261-2024,flow_rate_low,near_miss,Y
CMP-13152,2020-11-25,Nimbus-II-Flex,LOT-1799-2020,flow_rate_low,no_harm,N
CMP-13153,2024-06-17,Nimbus-PainPro,LOT-3308-2024,flow_rate_low,no_harm,Y
CMP-13154,2023-07-20,Nimbus-PainPro,LOT-3717-2023,flow_rate_low,near_miss,Y
CMP-13155,2022-07-26,Nimbus-II-EpiD,LOT-6612-2022,flow_rate_low,no_harm,Y
CMP-13156,2022-06-24,Nimbus-II-Flex,LOT-4309-2022,flow_rate_low,no_harm,Y
CMP-13157,2021-05-17,Nimbus-II-Plus,LOT-6661-2021,flow_rate_low,near_miss,N
CMP-13158,2020-07-02,Nimbus-PainPro,LOT-9594-2020,flow_rate_low,no_harm,N
CMP-13159,2024-01-22,Nimbus-II-EMS,LOT-5853-2024,flow_rate_low,near_miss,Y
CMP-13160,2023-04-25,Nimbus-II-PainPRO,LOT-2886-2023,flow_rate_low,serious_injury,Y
CMP-13161,2019-03-20,Nimbus-II-Flex,LOT-9057-2019,flow_rate_low,no_harm,N
CMP-13162,2020-10-10,Nimbus-II-Plus,LOT-1865-2020,flow_rate_low,no_harm,N
CMP-13163,2024-10-28,Nimbus-Flex,LOT-3356-2024,flow_rate_low,near_miss,Y
CMP-13164,2023-03-27,Nimbus-II-Flex,LOT-1797-2023,flow_rate_low,near_miss,Y
CMP-13165,2024-07-28,Nimbus-Flex,LOT-6006-2024,flow_rate_low,patient_discomfort,Y
CMP-13166,2019-03-18,Nimbus-Flex,LOT-5800-2019,flow_rate_low,patient_discomfort,Y
CMP-13167,2019-03-14,Nimbus-II-PainPRO,LOT-1074-2019,flow_rate_low,no_harm,N
CMP-13168,2021-03-08,Nimbus-II-Plus,LOT-2594-2021,flow_rate_low,no_harm,N
CMP-13169,2022-10-28,Nimbus-II-Plus,LOT-5481-2022,flow_rate_low,no_harm,N
CMP-13170,2021-06-21,Nimbus-PainPro,LOT-1428-2021,flow_rate_low,no_harm,Y
CMP-13171,2024-01-10,Nimbus-II-EpiD,LOT-3928-2024,flow_rate_low,no_harm,N
CMP-13172,2019-04-18,Nimbus-II-PainPRO,LOT-3811-2019,flow_rate_low,no_harm,N
CMP-13173,2019-06-02,Nimbus-Admin,LOT-8577-2019,flow_rate_low,serious_injury,Y
CMP-13174,2022-09-19,Nimbus-II-EpiD,LOT-7312-2022,flow_rate_low,no_harm,Y
CMP-13175,2023-03-04,Nimbus-II-EMS,LOT-3545-2023,flow_rate_low,no_harm,Y
CMP-13176,2022-06-05,Nimbus-PainPro,LOT-8036-2022,flow_rate_low,no_harm,N
CMP-13177,2024-10-08,Nimbus-PainPro,LOT-5522-2024,flow_rate_low,death,Y
CMP-13178,2021-02-20,Nimbus-PainPro,LOT-1298-2021,flow_rate_low,no_harm,N
CMP-13179,2024-12-08,Nimbus-Flex,LOT-4392-2024,flow_rate_low,no_harm,Y
CMP-13180,2021-01-22,Nimbus-PainPro,LOT-7828-2021,flow_rate_low,no_harm,N
CMP-13181,2019-04-13,Nimbus-II-PainPRO,LOT-2461-2019,flow_rate_low,patient_discomfort,Y
CMP-13182,2022-01-20,Nimbus-II-PainPRO,LOT-7476-2022,flow_rate_low,no_harm,N
CMP-13183,2023-04-19,Nimbus-Admin,LOT-5192-2023,flow_rate_low,no_harm,N
CMP-13184,2019-10-19,Nimbus-II-PainPRO,LOT-8196-2019,flow_rate_low,no_harm,N
CMP-13185,2024-05-28,Nimbus-II-PainPRO,LOT-2861-2024,flow_rate_low,no_harm,Y
CMP-13186,2022-01-18,Nimbus-Admin,LOT-8450-2022,flow_rate_low,no_harm,N
CMP-13187,2020-09-28,Nimbus-II-EMS,LOT-4320-2020,flow_rate_low,near_miss,Y
CMP-13188,2024-11-15,Nimbus-II-EpiD,LOT-9713-2024,flow_rate_low,near_miss,N
CMP-13189,2022-04-20,Nimbus-PainPro,LOT-1634-2022,flow_rate_low,no_harm,N
CMP-13190,2023-09-20,Nimbus-II-EMS,LOT-4081-2023,flow_rate_low,no_harm,Y
CMP-13191,2022-06-20,Nimbus-II-PainPRO,LOT-6045-2022,flow_rate_low,no_harm,N
CMP-13192,2023-04-24,Nimbus-II-EpiD,LOT-4058-2023,flow_rate_low,no_harm,Y
CMP-13193,2023-06-14,Nimbus-II-EpiD,LOT-2752-2023,flow_rate_low,near_miss,Y
CMP-13194,2020-02-09,Nimbus-Flex,LOT-8800-2020,flow_rate_low,no_harm,Y
CMP-13195,2022-12-22,Nimbus-II-EpiD,LOT-7219-2022,flow_rate_low,serious_injury,Y
CMP-13196,2021-05-03,Nimbus-II-Plus,LOT-1304-2021,flow_rate_low,no_harm,N
CMP-13197,2019-10-09,Nimbus-II-EMS,LOT-7826-2019,flow_rate_low,no_harm,Y
CMP-13198,2024-04-23,Nimbus-II-Plus,LOT-7265-2024,flow_rate_low,no_harm,N
CMP-13199,2023-04-21,Nimbus-II-Flex,LOT-7798-2023,flow_rate_low,no_harm,N
CMP-13200,2021-07-20,Nimbus-II-EMS,LOT-7831-2021,flow_rate_low,near_miss,Y
CMP-13201,2023-10-15,Nimbus-Admin,LOT-6803-2023,flow_rate_low,no_harm,N
CMP-13202,2021-12-22,Nimbus-II-EMS,LOT-5295-2021,flow_rate_low,no_harm,N
CMP-13203,2022-07-04,Nimbus-II-Flex,LOT-9041-2022,flow_rate_low,no_harm,N
CMP-13204,2022-10-22,Nimbus-Admin,LOT-8194-2022,flow_rate_low,no_harm,N
CMP-13205,2023-05-28,Nimbus-II-PainPRO,LOT-3565-2023,flow_rate_low,near_miss,N
CMP-13206,2022-10-14,Nimbus-II-EMS,LOT-8990-2022,flow_rate_low,no_harm,Y
CMP-13207,2024-07-08,Nimbus-II-EpiD,LOT-6452-2024,flow_rate_low,no_harm,Y
CMP-13208,2023-11-09,Nimbus-Admin,LOT-8476-2023,flow_rate_low,no_harm,N
CMP-13209,2021-05-09,Nimbus-II-EpiD,LOT-5760-2021,flow_rate_low,serious_injury,Y
CMP-13210,2021-02-05,Nimbus-II-Flex,LOT-1025-2021,flow_rate_low,near_miss,N
CMP-13211,2020-02-21,Nimbus-II-EMS,LOT-9020-2020,flow_rate_low,no_harm,Y
CMP-13212,2021-12-18,Nimbus-Flex,LOT-9260-2021,flow_rate_low,near_miss,Y
CMP-13213,2024-05-10,Nimbus-II-Flex,LOT-5870-2024,flow_rate_low,no_harm,N
CMP-13214,2023-01-23,Nimbus-II-EpiD,LOT-6632-2023,flow_rate_low,no_harm,Y
CMP-13215,2019-10-01,Nimbus-PainPro,LOT-2385-2019,flow_rate_low,near_miss,N
CMP-13216,2022-03-25,Nimbus-II-EpiD,LOT-6707-2022,flow_rate_low,patient_discomfort,N
CMP-13217,2019-02-11,Nimbus-II-Flex,LOT-7824-2019,flow_rate_low,no_harm,Y
CMP-13218,2020-08-15,Nimbus-Admin,LOT-9729-2020,flow_rate_low,no_harm,Y
CMP-13219,2022-12-13,Nimbus-II-Flex,LOT-2120-2022,flow_rate_low,no_harm,Y
CMP-13220,2021-12-21,Nimbus-PainPro,LOT-8692-2021,flow_rate_low,no_harm,N
CMP-13221,2019-03-17,Nimbus-II-Flex,LOT-4470-2019,flow_rate_low,patient_discomfort,Y
CMP-13222,2023-07-10,Nimbus-II-PainPRO,LOT-4099-2023,flow_rate_low,near_miss,Y
CMP-13223,2019-01-24,Nimbus-II-PainPRO,LOT-7665-2019,flow_rate_low,no_harm,N
CMP-13224,2022-10-18,Nimbus-II-Plus,LOT-5585-2022,flow_rate_low,near_miss,Y
CMP-13225,2022-08-16,Nimbus-II-Plus,LOT-7990-2022,flow_rate_low,no_harm,N
CMP-13226,2023-02-14,Nimbus-Flex,LOT-7067-2023,flow_rate_low,near_miss,Y
CMP-13227,2020-06-16,Nimbus-II-Plus,LOT-7399-2020,flow_rate_low,near_miss,Y
CMP-13228,2022-12-04,Nimbus-Flex,LOT-6650-2022,flow_rate_low,no_harm,Y
CMP-13229,2023-04-08,Nimbus-PainPro,LOT-1460-2023,flow_rate_low,near_miss,Y
CMP-13230,2019-08-15,Nimbus-II-EpiD,LOT-3354-2019,flow_rate_low,near_miss,N
CMP-13231,2024-08-01,Nimbus-PainPro,LOT-9138-2024,flow_rate_low,no_harm,N
CMP-13232,2021-05-12,Nimbus-PainPro,LOT-2967-2021,flow_rate_low,no_harm,N
CMP-13233,2023-06-27,Nimbus-PainPro,LOT-6074-2023,flow_rate_low,no_harm,Y
CMP-13234,2020-11-20,Nimbus-II-EMS,LOT-3913-2020,flow_rate_low,no_harm,N
CMP-13235,2024-08-11,Nimbus-PainPro,LOT-7708-2024,flow_rate_low,near_miss,Y
CMP-13236,2024-12-17,Nimbus-Admin,LOT-5813-2024,flow_rate_low,no_harm,N
CMP-13237,2024-09-01,Nimbus-II-Flex,LOT-4408-2024,flow_rate_low,no_harm,Y
CMP-13238,2020-01-28,Nimbus-PainPro,LOT-9111-2020,flow_rate_low,no_harm,N
CMP-13239,2022-10-06,Nimbus-II-PainPRO,LOT-9514-2022,flow_rate_low,no_harm,N
CMP-13240,2023-12-09,Nimbus-II-Flex,LOT-1897-2023,flow_rate_low,no_harm,N
CMP-13241,2020-04-03,Nimbus-II-Plus,LOT-3064-2020,flow_rate_low,no_harm,Y
CMP-13242,2024-05-28,Nimbus-II-EpiD,LOT-8769-2024,flow_rate_low,serious_injury,Y
CMP-13243,2019-09-14,Nimbus-II-Plus,LOT-2304-2019,flow_rate_low,no_harm,Y
CMP-13244,2024-03-18,Nimbus-II-PainPRO,LOT-8344-2024,flow_rate_low,no_harm,N
CMP-13245,2019-04-17,Nimbus-Admin,LOT-2535-2019,flow_rate_low,patient_discomfort,N
CMP-13246,2024-03-01,Nimbus-II-EMS,LOT-4501-2024,flow_rate_low,no_harm,Y
CMP-13247,2024-06-12,Nimbus-II-PainPRO,LOT-7425-2024,flow_rate_low,near_miss,N
CMP-13248,2024-01-09,Nimbus-PainPro,LOT-9973-2024,flow_rate_low,no_harm,Y
CMP-13249,2020-12-25,Nimbus-II-EMS,LOT-4384-2020,flow_rate_low,no_harm,N
CMP-13250,2023-04-28,Nimbus-II-PainPRO,LOT-6974-2023,flow_rate_low,near_miss,Y
CMP-13251,2019-12-24,Nimbus-II-EpiD,LOT-6282-2019,flow_rate_low,no_harm,Y
CMP-13252,2022-07-17,Nimbus-II-Plus,LOT-9563-2022,flow_rate_low,near_miss,Y
CMP-13253,2021-09-04,Nimbus-PainPro,LOT-8961-2021,flow_rate_low,no_harm,Y
CMP-13254,2023-08-28,Nimbus-II-PainPRO,LOT-6193-2023,flow_rate_low,no_harm,N
CMP-13255,2019-07-25,Nimbus-II-Flex,LOT-6534-2019,flow_rate_low,no_harm,N
CMP-13256,2024-07-19,Nimbus-II-EMS,LOT-7290-2024,flow_rate_low,death,Y
CMP-13257,2020-02-15,Nimbus-II-Plus,LOT-8269-2020,flow_rate_low,no_harm,N
CMP-13258,2024-11-18,Nimbus-II-EpiD,LOT-2280-2024,flow_rate_low,serious_injury,Y
CMP-13259,2019-11-08,Nimbus-Flex,LOT-8674-2019,flow_rate_low,patient_discomfort,Y
CMP-13260,2024-09-16,Nimbus-II-Flex,LOT-1769-2024,flow_rate_low,near_miss,N
CMP-13261,2023-12-10,Nimbus-II-Plus,LOT-3081-2023,flow_rate_low,no_harm,Y
CMP-13262,2023-10-18,Nimbus-II-EMS,LOT-8022-2023,flow_rate_low,no_harm,N
CMP-13263,2021-12-10,Nimbus-PainPro,LOT-4077-2021,flow_rate_low,no_harm,N
CMP-13264,2024-05-15,Nimbus-II-PainPRO,LOT-5381-2024,flow_rate_low,serious_injury,Y
CMP-13265,2023-04-14,Nimbus-II-EMS,LOT-1660-2023,flow_rate_low,no_harm,Y
CMP-13266,2022-12-06,Nimbus-Admin,LOT-9360-2022,flow_rate_low,near_miss,Y
CMP-13267,2023-02-07,Nimbus-Flex,LOT-9196-2023,flow_rate_low,no_harm,N
CMP-13268,2024-09-19,Nimbus-II-EMS,LOT-8035-2024,flow_rate_low,no_harm,N
CMP-13269,2021-07-14,Nimbus-II-Plus,LOT-1500-2021,flow_rate_low,no_harm,N
CMP-13270,2020-12-06,Nimbus-II-Flex,LOT-7097-2020,flow_rate_low,no_harm,N
CMP-13271,2020-09-20,Nimbus-II-EpiD,LOT-4570-2020,flow_rate_low,near_miss,Y
CMP-13272,2024-03-12,Nimbus-II-EMS,LOT-5880-2024,flow_rate_low,no_harm,N
CMP-13273,2024-04-11,Nimbus-II-EMS,LOT-5800-2024,flow_rate_low,no_harm,Y
CMP-13274,2023-05-16,Nimbus-II-Flex,LOT-5692-2023,flow_rate_low,no_harm,Y
CMP-13275,2024-11-11,Nimbus-II-EMS,LOT-2138-2024,flow_rate_low,no_harm,N
CMP-13276,2020-08-09,Nimbus-II-Flex,LOT-7099-2020,flow_rate_low,near_miss,Y
CMP-13277,2022-10-26,Nimbus-II-PainPRO,LOT-6285-2022,flow_rate_low,no_harm,N
CMP-13278,2020-05-10,Nimbus-II-EMS,LOT-9330-2020,flow_rate_low,no_harm,Y
CMP-13279,2022-04-27,Nimbus-II-Plus,LOT-1393-2022,flow_rate_low,serious_injury,Y
CMP-13280,2023-12-19,Nimbus-Admin,LOT-1328-2023,flow_rate_low,no_harm,N
CMP-13281,2021-05-26,Nimbus-II-PainPRO,LOT-3879-2021,flow_rate_low,no_harm,N
CMP-13282,2019-07-22,Nimbus-II-PainPRO,LOT-2343-2019,flow_rate_low,near_miss,Y
CMP-13283,2019-12-02,Nimbus-II-Flex,LOT-3265-2019,flow_rate_low,no_harm,Y
CMP-13284,2020-09-08,Nimbus-II-Flex,LOT-5322-2020,flow_rate_low,no_harm,N
CMP-13285,2024-05-26,Nimbus-II-EpiD,LOT-3864-2024,flow_rate_low,no_harm,Y
CMP-13286,2019-10-27,Nimbus-II-PainPRO,LOT-2885-2019,flow_rate_low,serious_injury,Y
CMP-13287,2019-09-18,Nimbus-PainPro,LOT-7500-2019,flow_rate_low,no_harm,N
CMP-13288,2021-01-02,Nimbus-Admin,LOT-1834-2021,flow_rate_low,patient_discomfort,Y
CMP-13289,2021-01-07,Nimbus-II-Flex,LOT-5577-2021,flow_rate_low,near_miss,Y
CMP-13290,2024-02-22,Nimbus-PainPro,LOT-7353-2024,flow_rate_low,no_harm,Y
CMP-13291,2019-05-02,Nimbus-II-EMS,LOT-1910-2019,flow_rate_low,no_harm,Y
CMP-13292,2023-02-28,Nimbus-II-EpiD,LOT-1713-2023,flow_rate_low,no_harm,N
CMP-13293,2020-05-10,Nimbus-II-Flex,LOT-4061-2020,flow_rate_low,no_harm,Y
CMP-13294,2022-09-19,Nimbus-Admin,LOT-7892-2022,flow_rate_low,no_harm,Y
CMP-13295,2019-12-08,Nimbus-PainPro,LOT-1133-2019,flow_rate_low,no_harm,N
CMP-13296,2021-08-26,Nimbus-PainPro,LOT-4027-2021,drug_leakage,no_harm,N
CMP-13297,2024-04-04,Nimbus-II-Plus,LOT-4427-2024,drug_leakage,no_harm,N
CMP-13298,2023-04-08,Nimbus-II-Flex,LOT-5315-2023,drug_leakage,no_harm,N
CMP-13299,2023-11-14,Nimbus-Admin,LOT-4789-2023,drug_leakage,no_harm,N
CMP-13300,2022-04-11,Nimbus-Admin,LOT-9033-2022,drug_leakage,no_harm,Y
CMP-13301,2019-03-27,Nimbus-II-EMS,LOT-8054-2019,drug_leakage,patient_discomfort,N
CMP-13302,2022-05-15,Nimbus-II-EMS,LOT-2197-2022,drug_leakage,no_harm,N
CMP-13303,2020-04-12,Nimbus-Admin,LOT-9523-2020,drug_leakage,no_harm,Y
CMP-13304,2021-03-20,Nimbus-II-Flex,LOT-8376-2021,drug_leakage,near_miss,Y
CMP-13305,2019-07-08,Nimbus-II-PainPRO,LOT-7375-2019,drug_leakage,no_harm,N
CMP-13306,2019-09-26,Nimbus-II-PainPRO,LOT-9264-2019,drug_leakage,patient_discomfort,N
CMP-13307,2019-02-22,Nimbus-II-EMS,LOT-3904-2019,drug_leakage,no_harm,N
CMP-13308,2023-08-15,Nimbus-Admin,LOT-9372-2023,drug_leakage,no_harm,N
CMP-13309,2023-09-27,Nimbus-II-EMS,LOT-2321-2023,drug_leakage,no_harm,Y
CMP-13310,2019-10-15,Nimbus-II-PainPRO,LOT-1041-2019,drug_leakage,no_harm,N
CMP-13311,2024-08-07,Nimbus-II-PainPRO,LOT-6362-2024,drug_leakage,no_harm,Y
CMP-13312,2024-09-03,Nimbus-Admin,LOT-1492-2024,drug_leakage,no_harm,Y
CMP-13313,2020-08-28,Nimbus-II-EMS,LOT-8085-2020,drug_leakage,no_harm,N
CMP-13314,2023-11-13,Nimbus-II-PainPRO,LOT-1233-2023,drug_leakage,no_harm,Y
CMP-13315,2019-03-02,Nimbus-II-EpiD,LOT-5722-2019,drug_leakage,no_harm,N
CMP-13316,2020-07-03,Nimbus-II-PainPRO,LOT-6100-2020,drug_leakage,no_harm,N
CMP-13317,2022-07-03,Nimbus-Admin,LOT-4634-2022,drug_leakage,no_harm,N
CMP-13318,2022-02-17,Nimbus-Admin,LOT-4127-2022,drug_leakage,no_harm,N
CMP-13319,2020-06-17,Nimbus-II-EpiD,LOT-2218-2020,drug_leakage,near_miss,Y
CMP-13320,2022-03-25,Nimbus-Flex,LOT-6433-2022,drug_leakage,no_harm,Y
CMP-13321,2021-01-17,Nimbus-II-EMS,LOT-6147-2021,drug_leakage,patient_discomfort,Y
CMP-13322,2019-08-14,Nimbus-Flex,LOT-2105-2019,drug_leakage,no_harm,N
CMP-13323,2024-08-17,Nimbus-II-PainPRO,LOT-3351-2024,drug_leakage,no_harm,N
CMP-13324,2020-04-20,Nimbus-II-PainPRO,LOT-5487-2020,drug_leakage,no_harm,N
CMP-13325,2024-07-05,Nimbus-II-Flex,LOT-5413-2024,drug_leakage,no_harm,Y
CMP-13326,2023-05-07,Nimbus-II-Flex,LOT-7777-2023,drug_leakage,no_harm,Y
CMP-13327,2022-11-03,Nimbus-Flex,LOT-8245-2022,drug_leakage,no_harm,N
CMP-13328,2023-05-03,Nimbus-II-Plus,LOT-3038-2023,drug_leakage,no_harm,N
CMP-13329,2024-10-28,Nimbus-PainPro,LOT-4783-2024,drug_leakage,no_harm,Y
CMP-13330,2021-09-05,Nimbus-Flex,LOT-3612-2021,drug_leakage,no_harm,N
CMP-13331,2023-07-02,Nimbus-II-Plus,LOT-8553-2023,drug_leakage,serious_injury,Y
CMP-13332,2020-02-05,Nimbus-PainPro,LOT-8792-2020,drug_leakage,no_harm,N
CMP-13333,2020-09-01,Nimbus-II-EpiD,LOT-3834-2020,drug_leakage,no_harm,N
CMP-13334,2024-06-01,Nimbus-Flex,LOT-9181-2024,drug_leakage,patient_discomfort,N
CMP-13335,2024-01-03,Nimbus-II-EpiD,LOT-9371-2024,drug_leakage,patient_discomfort,N
CMP-13336,2021-09-16,Nimbus-II-EpiD,LOT-9751-2021,drug_leakage,serious_injury,Y
CMP-13337,2020-09-27,Nimbus-II-Flex,LOT-6959-2020,drug_leakage,no_harm,Y
CMP-13338,2023-05-19,Nimbus-II-Flex,LOT-2697-2023,drug_leakage,no_harm,N
CMP-13339,2024-06-15,Nimbus-PainPro,LOT-2880-2024,drug_leakage,serious_injury,Y
CMP-13340,2019-04-23,Nimbus-II-Plus,LOT-8590-2019,drug_leakage,no_harm,Y
CMP-13341,2020-08-18,Nimbus-II-PainPRO,LOT-7226-2020,drug_leakage,serious_injury,Y
CMP-13342,2021-06-24,Nimbus-Admin,LOT-3191-2021,drug_leakage,patient_discomfort,N
CMP-13343,2024-05-27,Nimbus-PainPro,LOT-2876-2024,drug_leakage,no_harm,N
CMP-13344,2023-12-15,Nimbus-II-Plus,LOT-8812-2023,drug_leakage,no_harm,Y
CMP-13345,2023-11-03,Nimbus-II-Flex,LOT-1357-2023,drug_leakage,death,Y
CMP-13346,2020-11-20,Nimbus-II-Flex,LOT-5082-2020,drug_leakage,no_harm,Y
CMP-13347,2022-01-06,Nimbus-Flex,LOT-1794-2022,drug_leakage,no_harm,Y
CMP-13348,2019-09-13,Nimbus-II-Flex,LOT-1311-2019,drug_leakage,no_harm,N
CMP-13349,2019-05-04,Nimbus-II-PainPRO,LOT-1499-2019,drug_leakage,no_harm,N
CMP-13350,2020-06-19,Nimbus-II-Plus,LOT-9298-2020,drug_leakage,patient_discomfort,N
CMP-13351,2023-04-16,Nimbus-II-PainPRO,LOT-7372-2023,drug_leakage,no_harm,Y
CMP-13352,2021-12-03,Nimbus-II-EMS,LOT-2734-2021,drug_leakage,no_harm,Y
CMP-13353,2022-07-19,Nimbus-Flex,LOT-2551-2022,drug_leakage,no_harm,N
CMP-13354,2024-10-08,Nimbus-II-Flex,LOT-8916-2024,drug_leakage,no_harm,Y
CMP-13355,2020-12-18,Nimbus-II-Plus,LOT-1750-2020,drug_leakage,no_harm,Y
CMP-13356,2020-10-08,Nimbus-II-EMS,LOT-3910-2020,drug_leakage,no_harm,Y
CMP-13357,2019-12-17,Nimbus-II-EpiD,LOT-1913-2019,drug_leakage,serious_injury,Y
CMP-13358,2022-11-18,Nimbus-Flex,LOT-8100-2022,drug_leakage,serious_injury,Y
CMP-13359,2019-10-09,Nimbus-II-PainPRO,LOT-5397-2019,drug_leakage,no_harm,Y
CMP-13360,2024-09-03,Nimbus-II-EMS,LOT-2615-2024,drug_leakage,no_harm,Y
CMP-13361,2022-08-14,Nimbus-II-Plus,LOT-5799-2022,drug_leakage,no_harm,N
CMP-13362,2022-08-24,Nimbus-Flex,LOT-7238-2022,drug_leakage,no_harm,N
CMP-13363,2021-11-06,Nimbus-Flex,LOT-2546-2021,drug_leakage,no_harm,N
CMP-13364,2022-12-13,Nimbus-II-EMS,LOT-3049-2022,drug_leakage,no_harm,Y
CMP-13365,2021-08-08,Nimbus-II-Flex,LOT-8228-2021,drug_leakage,no_harm,N
CMP-13366,2020-03-07,Nimbus-Admin,LOT-9827-2020,drug_leakage,no_harm,N
CMP-13367,2023-10-23,Nimbus-II-Plus,LOT-2457-2023,drug_leakage,near_miss,Y
CMP-13368,2022-07-19,Nimbus-Admin,LOT-7567-2022,drug_leakage,no_harm,N
CMP-13369,2020-04-13,Nimbus-II-Plus,LOT-2081-2020,drug_leakage,no_harm,Y
CMP-13370,2023-11-16,Nimbus-II-Flex,LOT-5308-2023,drug_leakage,no_harm,N
CMP-13371,2019-10-21,Nimbus-Admin,LOT-7202-2019,drug_leakage,no_harm,Y
CMP-13372,2022-10-09,Nimbus-Flex,LOT-3087-2022,drug_leakage,no_harm,Y
CMP-13373,2020-05-17,Nimbus-II-Flex,LOT-8918-2020,drug_leakage,no_harm,N
CMP-13374,2019-10-21,Nimbus-II-EpiD,LOT-6295-2019,drug_leakage,no_harm,Y
CMP-13375,2023-08-25,Nimbus-II-Plus,LOT-9501-2023,drug_leakage,near_miss,Y
CMP-13376,2024-01-14,Nimbus-PainPro,LOT-6470-2024,drug_leakage,no_harm,Y
CMP-13377,2020-03-22,Nimbus-II-EMS,LOT-5218-2020,drug_leakage,no_harm,Y
CMP-13378,2020-05-26,Nimbus-II-PainPRO,LOT-8329-2020,drug_leakage,near_miss,Y
CMP-13379,2019-12-21,Nimbus-PainPro,LOT-1651-2019,drug_leakage,no_harm,Y
CMP-13380,2020-03-06,Nimbus-II-Flex,LOT-5137-2020,drug_leakage,no_harm,Y
CMP-13381,2020-03-02,Nimbus-II-EpiD,LOT-6502-2020,drug_leakage,no_harm,N
CMP-13382,2021-07-15,Nimbus-Admin,LOT-6145-2021,drug_leakage,no_harm,N
CMP-13383,2024-10-15,Nimbus-Admin,LOT-6178-2024,drug_leakage,near_miss,N
CMP-13384,2021-05-16,Nimbus-PainPro,LOT-5623-2021,drug_leakage,no_harm,N
CMP-13385,2019-08-21,Nimbus-II-Plus,LOT-9664-2019,drug_leakage,no_harm,N
CMP-13386,2021-12-28,Nimbus-Flex,LOT-8277-2021,drug_leakage,no_harm,N
CMP-13387,2022-11-17,Nimbus-II-EMS,LOT-8823-2022,drug_leakage,near_miss,N
CMP-13388,2021-04-11,Nimbus-II-Flex,LOT-9643-2021,drug_leakage,no_harm,N
CMP-13389,2020-10-19,Nimbus-II-EMS,LOT-3657-2020,drug_leakage,no_harm,N
CMP-13390,2023-09-17,Nimbus-II-Plus,LOT-2924-2023,drug_leakage,no_harm,N
CMP-13391,2023-12-04,Nimbus-II-EMS,LOT-3045-2023,drug_leakage,no_harm,Y
CMP-13392,2019-02-02,Nimbus-II-EpiD,LOT-2089-2019,drug_leakage,serious_injury,Y
CMP-13393,2019-09-10,Nimbus-II-Flex,LOT-4194-2019,drug_leakage,death,Y
CMP-13394,2023-01-16,Nimbus-II-EMS,LOT-4152-2023,drug_leakage,serious_injury,Y
CMP-13395,2019-08-23,Nimbus-Flex,LOT-5497-2019,drug_leakage,no_harm,Y
CMP-13396,2021-10-19,Nimbus-II-Plus,LOT-2960-2021,drug_leakage,no_harm,N
CMP-13397,2024-07-17,Nimbus-Flex,LOT-6536-2024,drug_leakage,serious_injury,Y
CMP-13398,2023-09-27,Nimbus-II-Flex,LOT-2570-2023,drug_leakage,no_harm,N
CMP-13399,2024-08-14,Nimbus-II-PainPRO,LOT-8043-2024,drug_leakage,near_miss,Y
CMP-13400,2019-04-01,Nimbus-Flex,LOT-9661-2019,drug_leakage,serious_injury,Y
CMP-13401,2021-03-28,Nimbus-II-EMS,LOT-2799-2021,drug_leakage,no_harm,Y
CMP-13402,2022-05-24,Nimbus-II-Flex,LOT-1678-2022,drug_leakage,near_miss,Y
CMP-13403,2021-07-13,Nimbus-Admin,LOT-3418-2021,drug_leakage,no_harm,Y
CMP-13404,2024-04-19,Nimbus-II-Plus,LOT-9796-2024,drug_leakage,no_harm,Y
CMP-13405,2023-04-12,Nimbus-Flex,LOT-9739-2023,drug_leakage,no_harm,Y
CMP-13406,2022-09-04,Nimbus-II-EpiD,LOT-1070-2022,drug_leakage,no_harm,N
CMP-13407,2020-02-02,Nimbus-II-Flex,LOT-1895-2020,drug_leakage,no_harm,N
CMP-13408,2020-08-02,Nimbus-II-Plus,LOT-4274-2020,drug_leakage,serious_injury,Y
CMP-13409,2021-10-03,Nimbus-Flex,LOT-4464-2021,drug_leakage,no_harm,N
CMP-13410,2019-09-18,Nimbus-II-Flex,LOT-6434-2019,drug_leakage,no_harm,N
CMP-13411,2020-06-03,Nimbus-PainPro,LOT-6261-2020,drug_leakage,near_miss,Y
CMP-13412,2024-02-03,Nimbus-PainPro,LOT-2208-2024,drug_leakage,no_harm,N
CMP-13413,2022-05-17,Nimbus-II-EMS,LOT-3133-2022,drug_leakage,no_harm,N
CMP-13414,2022-06-26,Nimbus-Admin,LOT-5867-2022,drug_leakage,no_harm,N
CMP-13415,2023-04-05,Nimbus-II-Plus,LOT-9119-2023,drug_leakage,near_miss,N
CMP-13416,2023-06-04,Nimbus-PainPro,LOT-8912-2023,drug_leakage,no_harm,N
CMP-13417,2022-06-09,Nimbus-II-Plus,LOT-7364-2022,drug_leakage,no_harm,N
CMP-13418,2022-09-22,Nimbus-Flex,LOT-2837-2022,drug_leakage,near_miss,Y
CMP-13419,2023-04-08,Nimbus-Flex,LOT-6342-2023,drug_leakage,no_harm,N
CMP-13420,2019-08-22,Nimbus-II-EpiD,LOT-7414-2019,drug_leakage,no_harm,N
CMP-13421,2024-02-06,Nimbus-II-Flex,LOT-8819-2024,drug_leakage,no_harm,Y
CMP-13422,2019-04-26,Nimbus-Admin,LOT-4056-2019,drug_leakage,near_miss,N
CMP-13423,2022-07-12,Nimbus-PainPro,LOT-5481-2022,drug_leakage,no_harm,Y
CMP-13424,2020-11-21,Nimbus-II-EpiD,LOT-2936-2020,drug_leakage,no_harm,Y
CMP-13425,2019-01-11,Nimbus-PainPro,LOT-6189-2019,drug_leakage,no_harm,Y
CMP-13426,2024-12-24,Nimbus-II-PainPRO,LOT-5401-2024,drug_leakage,no_harm,N
CMP-13427,2024-02-28,Nimbus-II-Flex,LOT-6739-2024,drug_leakage,no_harm,Y
CMP-13428,2019-09-24,Nimbus-II-Flex,LOT-3726-2019,drug_leakage,no_harm,Y
CMP-13429,2020-06-06,Nimbus-II-EMS,LOT-3120-2020,drug_leakage,near_miss,Y
CMP-13430,2022-07-14,Nimbus-II-Flex,LOT-3919-2022,drug_leakage,no_harm,N
CMP-13431,2020-09-11,Nimbus-II-Plus,LOT-2632-2020,drug_leakage,near_miss,Y
CMP-13432,2020-12-08,Nimbus-II-Flex,LOT-9257-2020,drug_leakage,no_harm,N
CMP-13433,2019-04-13,Nimbus-II-EMS,LOT-7791-2019,drug_leakage,no_harm,N
CMP-13434,2020-09-02,Nimbus-Flex,LOT-2748-2020,drug_leakage,no_harm,Y
CMP-13435,2022-11-14,Nimbus-Admin,LOT-4347-2022,drug_leakage,near_miss,N
CMP-13436,2022-05-22,Nimbus-Admin,LOT-9536-2022,drug_leakage,no_harm,Y
CMP-13437,2020-02-09,Nimbus-II-Plus,LOT-4208-2020,drug_leakage,near_miss,Y
CMP-13438,2019-08-21,Nimbus-II-EpiD,LOT-3493-2019,drug_leakage,near_miss,Y
CMP-13439,2020-08-14,Nimbus-II-EpiD,LOT-9700-2020,drug_leakage,no_harm,N
CMP-13440,2021-05-17,Nimbus-II-EpiD,LOT-6239-2021,drug_leakage,no_harm,Y
CMP-13441,2019-10-24,Nimbus-PainPro,LOT-3351-2019,drug_leakage,no_harm,Y
CMP-13442,2024-06-21,Nimbus-PainPro,LOT-8543-2024,drug_leakage,no_harm,Y
CMP-13443,2020-06-25,Nimbus-II-EMS,LOT-9222-2020,drug_leakage,no_harm,N
CMP-13444,2022-03-20,Nimbus-II-EMS,LOT-6307-2022,drug_leakage,no_harm,N
CMP-13445,2019-10-23,Nimbus-II-Flex,LOT-7307-2019,drug_leakage,no_harm,N
CMP-13446,2021-11-20,Nimbus-Admin,LOT-5377-2021,drug_leakage,patient_discomfort,N
CMP-13447,2024-12-16,Nimbus-II-EpiD,LOT-2982-2024,drug_leakage,no_harm,Y
CMP-13448,2021-03-26,Nimbus-II-Plus,LOT-1148-2021,drug_leakage,patient_discomfort,N
CMP-13449,2021-09-04,Nimbus-II-Plus,LOT-1337-2021,drug_leakage,near_miss,Y
CMP-13450,2021-12-12,Nimbus-II-EMS,LOT-1621-2021,drug_leakage,no_harm,N
CMP-13451,2022-02-21,Nimbus-PainPro,LOT-2834-2022,drug_leakage,no_harm,Y
CMP-13452,2021-06-01,Nimbus-II-PainPRO,LOT-7787-2021,drug_leakage,no_harm,Y
CMP-13453,2019-01-15,Nimbus-II-PainPRO,LOT-5901-2019,drug_leakage,no_harm,N
CMP-13454,2021-10-17,Nimbus-PainPro,LOT-3710-2021,drug_leakage,no_harm,N
CMP-13455,2022-12-23,Nimbus-Flex,LOT-8077-2022,drug_leakage,no_harm,N
CMP-13456,2020-08-22,Nimbus-II-EMS,LOT-3033-2020,drug_leakage,near_miss,Y
CMP-13457,2020-08-10,Nimbus-II-Plus,LOT-2779-2020,drug_leakage,no_harm,N
CMP-13458,2024-01-12,Nimbus-II-EMS,LOT-2104-2024,drug_leakage,no_harm,N
CMP-13459,2021-06-03,Nimbus-PainPro,LOT-8908-2021,drug_leakage,patient_discomfort,N
CMP-13460,2022-09-27,Nimbus-PainPro,LOT-9137-2022,drug_leakage,no_harm,Y
CMP-13461,2024-03-12,Nimbus-II-EpiD,LOT-4690-2024,drug_leakage,no_harm,Y
CMP-13462,2019-11-13,Nimbus-Flex,LOT-1405-2019,drug_leakage,no_harm,Y
CMP-13463,2021-11-11,Nimbus-II-Plus,LOT-8978-2021,drug_leakage,no_harm,N
CMP-13464,2020-02-24,Nimbus-Admin,LOT-7818-2020,drug_leakage,no_harm,Y
CMP-13465,2022-08-22,Nimbus-Flex,LOT-4234-2022,drug_leakage,no_harm,Y
CMP-13466,2024-03-12,Nimbus-Admin,LOT-3395-2024,drug_leakage,no_harm,N
CMP-13467,2020-07-03,Nimbus-Admin,LOT-3307-2020,drug_leakage,no_harm,N
CMP-13468,2022-10-26,Nimbus-PainPro,LOT-6351-2022,drug_leakage,no_harm,N
CMP-13469,2021-09-16,Nimbus-II-Flex,LOT-3070-2021,drug_leakage,no_harm,Y
CMP-13470,2022-12-18,Nimbus-Flex,LOT-4492-2022,drug_leakage,no_harm,N
CMP-13471,2024-07-17,Nimbus-PainPro,LOT-9412-2024,drug_leakage,near_miss,Y
CMP-13472,2024-07-11,Nimbus-Admin,LOT-9366-2024,drug_leakage,no_harm,Y
CMP-13473,2024-03-13,Nimbus-II-Flex,LOT-9953-2024,drug_leakage,no_harm,N
CMP-13474,2024-09-04,Nimbus-Flex,LOT-9581-2024,drug_leakage,no_harm,N
CMP-13475,2023-01-23,Nimbus-II-EMS,LOT-3203-2023,drug_leakage,no_harm,Y
CMP-13476,2021-10-25,Nimbus-II-EMS,LOT-2090-2021,drug_leakage,serious_injury,Y
CMP-13477,2021-05-23,Nimbus-Admin,LOT-1538-2021,drug_leakage,patient_discomfort,Y
CMP-13478,2021-02-13,Nimbus-II-Plus,LOT-1071-2021,drug_leakage,no_harm,N
CMP-13479,2023-03-22,Nimbus-II-Flex,LOT-4894-2023,drug_leakage,patient_discomfort,N
CMP-13480,2019-02-06,Nimbus-Flex,LOT-2301-2019,drug_leakage,no_harm,N
CMP-13481,2019-06-02,Nimbus-II-PainPRO,LOT-3546-2019,drug_leakage,no_harm,Y
CMP-13482,2020-09-14,Nimbus-Flex,LOT-3454-2020,drug_leakage,no_harm,Y
CMP-13483,2024-04-18,Nimbus-II-Flex,LOT-9759-2024,drug_leakage,no_harm,N
CMP-13484,2023-12-26,Nimbus-II-EpiD,LOT-3987-2023,drug_leakage,serious_injury,Y
CMP-13485,2022-05-08,Nimbus-II-Flex,LOT-6430-2022,drug_leakage,near_miss,Y
CMP-13486,2020-04-21,Nimbus-Admin,LOT-5276-2020,drug_leakage,no_harm,N
CMP-13487,2020-07-05,Nimbus-II-EpiD,LOT-8812-2020,drug_leakage,no_harm,Y
CMP-13488,2019-12-18,Nimbus-II-Flex,LOT-4583-2019,drug_leakage,near_miss,Y
CMP-13489,2023-04-07,Nimbus-Admin,LOT-4990-2023,drug_leakage,no_harm,N
CMP-13490,2021-01-20,Nimbus-II-EMS,LOT-5895-2021,drug_leakage,no_harm,Y
CMP-13491,2023-07-20,Nimbus-Flex,LOT-8072-2023,drug_leakage,no_harm,N
CMP-13492,2019-07-27,Nimbus-II-Flex,LOT-4482-2019,drug_leakage,patient_discomfort,N
CMP-13493,2019-08-16,Nimbus-II-Flex,LOT-5000-2019,drug_leakage,near_miss,N
CMP-13494,2023-12-27,Nimbus-II-EpiD,LOT-9772-2023,drug_leakage,no_harm,N
CMP-13495,2021-10-06,Nimbus-II-Plus,LOT-5788-2021,drug_leakage,no_harm,N
CMP-13496,2023-09-12,Nimbus-PainPro,LOT-2170-2023,drug_leakage,no_harm,N
CMP-13497,2022-10-12,Nimbus-Flex,LOT-7822-2022,drug_leakage,patient_discomfort,N
CMP-13498,2020-11-20,Nimbus-Flex,LOT-8992-2020,drug_leakage,no_harm,Y
CMP-13499,2022-11-07,Nimbus-II-EpiD,LOT-2569-2022,drug_leakage,no_harm,N
CMP-13500,2020-09-24,Nimbus-II-Plus,LOT-5947-2020,drug_leakage,no_harm,N
CMP-13501,2024-01-07,Nimbus-II-Plus,LOT-5131-2024,drug_leakage,no_harm,Y
CMP-13502,2022-07-12,Nimbus-II-Plus,LOT-7965-2022,drug_leakage,near_miss,Y
CMP-13503,2020-01-13,Nimbus-Admin,LOT-3528-2020,drug_leakage,no_harm,N
CMP-13504,2020-09-11,Nimbus-II-Plus,LOT-2751-2020,drug_leakage,no_harm,Y
CMP-13505,2023-05-22,Nimbus-Flex,LOT-6102-2023,drug_leakage,serious_injury,Y
CMP-13506,2019-08-11,Nimbus-Flex,LOT-9612-2019,drug_leakage,no_harm,N
CMP-13507,2019-04-25,Nimbus-II-EpiD,LOT-1819-2019,drug_leakage,no_harm,Y
CMP-13508,2022-04-20,Nimbus-Admin,LOT-5086-2022,drug_leakage,near_miss,Y
CMP-13509,2023-02-23,Nimbus-II-EMS,LOT-3243-2023,drug_leakage,no_harm,N
CMP-13510,2024-03-22,Nimbus-II-EpiD,LOT-4200-2024,drug_leakage,no_harm,N
CMP-13511,2022-10-17,Nimbus-II-PainPRO,LOT-9353-2022,drug_leakage,no_harm,N
CMP-13512,2022-11-24,Nimbus-II-EMS,LOT-3590-2022,drug_leakage,no_harm,N
CMP-13513,2021-10-26,Nimbus-PainPro,LOT-4387-2021,drug_leakage,no_harm,Y
CMP-13514,2019-01-18,Nimbus-Admin,LOT-5853-2019,drug_leakage,no_harm,Y
CMP-13515,2022-12-25,Nimbus-II-EMS,LOT-6776-2022,drug_leakage,near_miss,N
CMP-13516,2020-08-15,Nimbus-Admin,LOT-4520-2020,drug_leakage,no_harm,Y
CMP-13517,2022-10-25,Nimbus-II-EpiD,LOT-4385-2022,drug_leakage,no_harm,N
CMP-13518,2023-05-20,Nimbus-Flex,LOT-9450-2023,drug_leakage,no_harm,N
CMP-13519,2024-07-09,Nimbus-II-Plus,LOT-6037-2024,drug_leakage,no_harm,Y
CMP-13520,2020-09-07,Nimbus-II-EMS,LOT-4176-2020,drug_leakage,no_harm,N
CMP-13521,2024-06-01,Nimbus-II-Plus,LOT-6943-2024,drug_leakage,no_harm,N
CMP-13522,2024-05-06,Nimbus-II-EpiD,LOT-1541-2024,drug_leakage,no_harm,Y
CMP-13523,2022-01-06,Nimbus-II-EpiD,LOT-5400-2022,drug_leakage,no_harm,N
CMP-13524,2022-04-21,Nimbus-II-Plus,LOT-4063-2022,drug_leakage,patient_discomfort,Y
CMP-13525,2021-07-27,Nimbus-II-Flex,LOT-3322-2021,drug_leakage,no_harm,N
CMP-13526,2024-12-15,Nimbus-II-Plus,LOT-3600-2024,drug_leakage,near_miss,N
CMP-13527,2024-08-09,Nimbus-Admin,LOT-4303-2024,drug_leakage,no_harm,Y
CMP-13528,2022-04-18,Nimbus-II-EMS,LOT-7863-2022,drug_leakage,near_miss,Y
CMP-13529,2021-09-08,Nimbus-II-PainPRO,LOT-7380-2021,drug_leakage,no_harm,Y
CMP-13530,2024-07-03,Nimbus-II-EpiD,LOT-9611-2024,drug_leakage,no_harm,Y
CMP-13531,2023-07-16,Nimbus-PainPro,LOT-8032-2023,drug_leakage,no_harm,Y
CMP-13532,2021-06-10,Nimbus-II-Plus,LOT-7628-2021,drug_leakage,serious_injury,Y
CMP-13533,2023-09-17,Nimbus-PainPro,LOT-1582-2023,drug_leakage,near_miss,Y
CMP-13534,2021-04-17,Nimbus-Admin,LOT-8508-2021,drug_leakage,no_harm,Y
CMP-13535,2019-09-10,Nimbus-PainPro,LOT-9925-2019,drug_leakage,patient_discomfort,N
CMP-13536,2024-02-11,Nimbus-II-EpiD,LOT-3466-2024,drug_leakage,no_harm,N
CMP-13537,2019-03-24,Nimbus-II-Plus,LOT-9045-2019,drug_leakage,no_harm,N
CMP-13538,2024-04-06,Nimbus-PainPro,LOT-8183-2024,drug_leakage,no_harm,N
CMP-13539,2021-12-04,Nimbus-II-Plus,LOT-5372-2021,drug_leakage,no_harm,N
CMP-13540,2024-01-20,Nimbus-II-PainPRO,LOT-7586-2024,drug_leakage,no_harm,N
CMP-13541,2023-06-21,Nimbus-II-PainPRO,LOT-5457-2023,drug_leakage,no_harm,N
CMP-13542,2021-08-18,Nimbus-PainPro,LOT-4773-2021,drug_leakage,no_harm,Y
CMP-13543,2024-11-05,Nimbus-PainPro,LOT-5522-2024,drug_leakage,no_harm,N
CMP-13544,2023-06-22,Nimbus-PainPro,LOT-7173-2023,drug_leakage,no_harm,N
CMP-13545,2022-12-15,Nimbus-II-EMS,LOT-8877-2022,drug_leakage,no_harm,N
CMP-13546,2019-02-25,Nimbus-II-EMS,LOT-8696-2019,drug_leakage,no_harm,Y
CMP-13547,2019-06-07,Nimbus-PainPro,LOT-2423-2019,drug_leakage,no_harm,N
CMP-13548,2023-07-28,Nimbus-PainPro,LOT-8468-2023,drug_leakage,no_harm,N
CMP-13549,2022-03-21,Nimbus-Flex,LOT-8554-2022,drug_leakage,serious_injury,Y
CMP-13550,2023-04-16,Nimbus-PainPro,LOT-2011-2023,housing_damage,no_harm,Y
CMP-13551,2024-02-11,Nimbus-II-EpiD,LOT-6478-2024,housing_damage,no_harm,Y
CMP-13552,2024-10-15,Nimbus-II-PainPRO,LOT-8790-2024,housing_damage,serious_injury,Y
CMP-13553,2022-07-27,Nimbus-II-EMS,LOT-2593-2022,housing_damage,no_harm,Y
CMP-13554,2019-11-23,Nimbus-II-Flex,LOT-6674-2019,housing_damage,no_harm,N
CMP-13555,2022-04-02,Nimbus-Admin,LOT-3215-2022,housing_damage,near_miss,Y
CMP-13556,2020-10-25,Nimbus-Admin,LOT-2943-2020,housing_damage,near_miss,Y
CMP-13557,2021-09-06,Nimbus-II-Plus,LOT-3427-2021,housing_damage,near_miss,N
CMP-13558,2021-09-01,Nimbus-PainPro,LOT-1509-2021,housing_damage,patient_discomfort,Y
CMP-13559,2022-05-24,Nimbus-PainPro,LOT-1253-2022,housing_damage,no_harm,N
CMP-13560,2023-10-25,Nimbus-II-EMS,LOT-5523-2023,housing_damage,near_miss,N
CMP-13561,2023-10-25,Nimbus-Admin,LOT-3018-2023,housing_damage,serious_injury,Y
CMP-13562,2019-08-01,Nimbus-II-PainPRO,LOT-6843-2019,housing_damage,no_harm,Y
CMP-13563,2020-04-04,Nimbus-II-EMS,LOT-6201-2020,housing_damage,no_harm,Y
CMP-13564,2023-01-16,Nimbus-II-EMS,LOT-2038-2023,housing_damage,no_harm,Y
CMP-13565,2022-01-15,Nimbus-Admin,LOT-2130-2022,housing_damage,no_harm,Y
CMP-13566,2019-06-15,Nimbus-II-Plus,LOT-9440-2019,housing_damage,patient_discomfort,N
CMP-13567,2023-04-25,Nimbus-PainPro,LOT-7932-2023,housing_damage,no_harm,N
CMP-13568,2023-06-25,Nimbus-II-PainPRO,LOT-3627-2023,housing_damage,no_harm,N
CMP-13569,2024-08-14,Nimbus-II-Flex,LOT-1055-2024,housing_damage,no_harm,N
CMP-13570,2023-05-20,Nimbus-Admin,LOT-5391-2023,housing_damage,no_harm,Y
CMP-13571,2021-08-22,Nimbus-Flex,LOT-8794-2021,housing_damage,no_harm,Y
CMP-13572,2024-09-11,Nimbus-Admin,LOT-7281-2024,housing_damage,near_miss,Y
CMP-13573,2024-07-23,Nimbus-II-EMS,LOT-8587-2024,housing_damage,no_harm,Y
CMP-13574,2023-04-18,Nimbus-II-EpiD,LOT-1520-2023,housing_damage,near_miss,N
CMP-13575,2023-02-28,Nimbus-II-EMS,LOT-3775-2023,housing_damage,no_harm,Y
CMP-13576,2022-09-15,Nimbus-II-Flex,LOT-4422-2022,housing_damage,patient_discomfort,N
CMP-13577,2019-05-02,Nimbus-II-Plus,LOT-5930-2019,housing_damage,no_harm,N
CMP-13578,2022-07-13,Nimbus-Admin,LOT-6241-2022,housing_damage,no_harm,Y
CMP-13579,2019-12-23,Nimbus-II-EMS,LOT-5979-2019,housing_damage,no_harm,Y
CMP-13580,2021-09-23,Nimbus-II-EMS,LOT-2926-2021,housing_damage,no_harm,N
CMP-13581,2021-06-12,Nimbus-II-EpiD,LOT-4187-2021,housing_damage,no_harm,N
CMP-13582,2022-06-09,Nimbus-II-Plus,LOT-2878-2022,housing_damage,no_harm,Y
CMP-13583,2022-12-27,Nimbus-II-EMS,LOT-6822-2022,housing_damage,no_harm,Y
CMP-13584,2019-03-03,Nimbus-II-Plus,LOT-7164-2019,housing_damage,no_harm,N
CMP-13585,2023-02-09,Nimbus-II-Flex,LOT-3494-2023,housing_damage,no_harm,Y
CMP-13586,2020-04-03,Nimbus-II-EMS,LOT-9482-2020,housing_damage,no_harm,Y
CMP-13587,2024-09-22,Nimbus-PainPro,LOT-1493-2024,housing_damage,no_harm,N
CMP-13588,2020-04-09,Nimbus-II-PainPRO,LOT-9527-2020,housing_damage,serious_injury,Y
CMP-13589,2022-06-16,Nimbus-II-EMS,LOT-1270-2022,housing_damage,no_harm,N
CMP-13590,2021-03-08,Nimbus-II-Plus,LOT-6708-2021,housing_damage,no_harm,Y
CMP-13591,2023-06-05,Nimbus-II-EMS,LOT-1971-2023,housing_damage,patient_discomfort,N
CMP-13592,2022-10-26,Nimbus-II-EMS,LOT-1089-2022,housing_damage,no_harm,Y
CMP-13593,2021-05-04,Nimbus-II-EMS,LOT-2775-2021,housing_damage,no_harm,Y
CMP-13594,2024-05-14,Nimbus-II-PainPRO,LOT-5799-2024,housing_damage,serious_injury,Y
CMP-13595,2023-03-18,Nimbus-Admin,LOT-2961-2023,housing_damage,serious_injury,Y
CMP-13596,2021-01-11,Nimbus-Flex,LOT-5518-2021,housing_damage,no_harm,Y
CMP-13597,2024-09-04,Nimbus-II-EpiD,LOT-8440-2024,housing_damage,no_harm,Y
CMP-13598,2019-09-27,Nimbus-II-EpiD,LOT-6670-2019,housing_damage,near_miss,Y
CMP-13599,2024-01-22,Nimbus-II-Flex,LOT-3331-2024,housing_damage,no_harm,N
CMP-13600,2023-09-14,Nimbus-PainPro,LOT-3714-2023,housing_damage,no_harm,Y
CMP-13601,2019-03-08,Nimbus-II-Flex,LOT-4800-2019,housing_damage,no_harm,N
CMP-13602,2024-12-15,Nimbus-II-EMS,LOT-2365-2024,housing_damage,patient_discomfort,N
CMP-13603,2020-06-15,Nimbus-II-Flex,LOT-8070-2020,housing_damage,serious_injury,Y
CMP-13604,2022-02-04,Nimbus-II-Plus,LOT-8730-2022,housing_damage,no_harm,N
CMP-13605,2020-02-17,Nimbus-II-EMS,LOT-8345-2020,housing_damage,serious_injury,Y
CMP-13606,2024-06-02,Nimbus-PainPro,LOT-5630-2024,housing_damage,near_miss,Y
CMP-13607,2022-06-01,Nimbus-II-Plus,LOT-4927-2022,housing_damage,no_harm,N
CMP-13608,2024-03-14,Nimbus-II-Plus,LOT-3388-2024,housing_damage,no_harm,N
CMP-13609,2020-08-12,Nimbus-PainPro,LOT-2465-2020,housing_damage,no_harm,N
CMP-13610,2024-06-21,Nimbus-II-EMS,LOT-2945-2024,housing_damage,no_harm,Y
CMP-13611,2022-10-20,Nimbus-II-EMS,LOT-1910-2022,housing_damage,no_harm,N
CMP-13612,2021-07-25,Nimbus-II-PainPRO,LOT-9369-2021,housing_damage,no_harm,N
CMP-13613,2019-10-15,Nimbus-Admin,LOT-1400-2019,housing_damage,no_harm,Y
CMP-13614,2023-11-09,Nimbus-PainPro,LOT-4625-2023,housing_damage,no_harm,Y
CMP-13615,2021-12-11,Nimbus-II-EpiD,LOT-7825-2021,housing_damage,no_harm,N
CMP-13616,2023-04-05,Nimbus-II-PainPRO,LOT-8403-2023,housing_damage,no_harm,Y
CMP-13617,2023-09-01,Nimbus-PainPro,LOT-1220-2023,housing_damage,no_harm,Y
CMP-13618,2023-04-26,Nimbus-II-EpiD,LOT-2672-2023,housing_damage,no_harm,N
CMP-13619,2021-05-23,Nimbus-II-EMS,LOT-6736-2021,housing_damage,no_harm,N
CMP-13620,2019-11-16,Nimbus-Flex,LOT-4358-2019,housing_damage,no_harm,Y
CMP-13621,2022-10-03,Nimbus-II-PainPRO,LOT-3851-2022,housing_damage,no_harm,Y
CMP-13622,2019-08-09,Nimbus-Flex,LOT-6629-2019,housing_damage,no_harm,N
CMP-13623,2019-08-05,Nimbus-II-EpiD,LOT-2377-2019,housing_damage,patient_discomfort,N
CMP-13624,2021-05-06,Nimbus-II-PainPRO,LOT-3924-2021,housing_damage,near_miss,Y
CMP-13625,2020-09-05,Nimbus-II-EpiD,LOT-9662-2020,housing_damage,no_harm,Y
CMP-13626,2023-06-13,Nimbus-II-EpiD,LOT-6612-2023,housing_damage,no_harm,Y
CMP-13627,2020-07-06,Nimbus-II-Flex,LOT-6551-2020,housing_damage,no_harm,Y
CMP-13628,2022-07-11,Nimbus-II-Flex,LOT-5416-2022,housing_damage,no_harm,N
CMP-13629,2021-04-16,Nimbus-Admin,LOT-4197-2021,housing_damage,no_harm,N
CMP-13630,2020-09-03,Nimbus-Admin,LOT-9350-2020,housing_damage,no_harm,Y
CMP-13631,2022-06-07,Nimbus-Admin,LOT-1357-2022,housing_damage,no_harm,Y
CMP-13632,2020-01-08,Nimbus-PainPro,LOT-9915-2020,housing_damage,no_harm,N
CMP-13633,2022-11-18,Nimbus-PainPro,LOT-1395-2022,housing_damage,no_harm,Y
CMP-13634,2020-07-05,Nimbus-II-EpiD,LOT-4262-2020,housing_damage,near_miss,N
CMP-13635,2024-01-03,Nimbus-Admin,LOT-6950-2024,housing_damage,no_harm,N
CMP-13636,2020-05-10,Nimbus-Flex,LOT-4135-2020,housing_damage,no_harm,Y
CMP-13637,2023-12-02,Nimbus-II-Flex,LOT-6247-2023,housing_damage,no_harm,N
CMP-13638,2024-10-11,Nimbus-II-PainPRO,LOT-9083-2024,housing_damage,near_miss,Y
CMP-13639,2022-04-15,Nimbus-II-Plus,LOT-9664-2022,housing_damage,serious_injury,Y
CMP-13640,2021-06-05,Nimbus-II-PainPRO,LOT-6982-2021,housing_damage,no_harm,N
CMP-13641,2023-11-02,Nimbus-II-EMS,LOT-6203-2023,housing_damage,near_miss,Y
CMP-13642,2020-04-23,Nimbus-PainPro,LOT-5525-2020,housing_damage,no_harm,Y
CMP-13643,2019-03-02,Nimbus-Admin,LOT-4365-2019,housing_damage,near_miss,N
CMP-13644,2020-11-04,Nimbus-II-EpiD,LOT-6736-2020,housing_damage,serious_injury,Y
CMP-13645,2019-10-05,Nimbus-Flex,LOT-8126-2019,housing_damage,no_harm,Y
CMP-13646,2022-03-11,Nimbus-II-Flex,LOT-2299-2022,housing_damage,no_harm,Y
CMP-13647,2023-02-11,Nimbus-PainPro,LOT-1049-2023,housing_damage,no_harm,Y
CMP-13648,2021-01-02,Nimbus-II-Flex,LOT-6309-2021,housing_damage,no_harm,Y
CMP-13649,2024-08-20,Nimbus-II-EMS,LOT-3962-2024,housing_damage,no_harm,Y
CMP-13650,2024-10-03,Nimbus-II-Plus,LOT-4996-2024,housing_damage,no_harm,Y
CMP-13651,2019-12-19,Nimbus-II-Plus,LOT-4488-2019,housing_damage,patient_discomfort,N
CMP-13652,2024-05-09,Nimbus-II-Plus,LOT-5829-2024,housing_damage,near_miss,N
CMP-13653,2019-02-01,Nimbus-PainPro,LOT-6286-2019,housing_damage,no_harm,Y
CMP-13654,2023-08-25,Nimbus-Admin,LOT-4627-2023,housing_damage,no_harm,N
CMP-13655,2021-04-05,Nimbus-Admin,LOT-2334-2021,housing_damage,no_harm,Y
CMP-13656,2021-04-11,Nimbus-II-Flex,LOT-8122-2021,housing_damage,no_harm,Y
CMP-13657,2020-12-24,Nimbus-Flex,LOT-9498-2020,housing_damage,no_harm,N
CMP-13658,2022-07-25,Nimbus-Admin,LOT-1604-2022,housing_damage,patient_discomfort,Y
CMP-13659,2020-08-22,Nimbus-II-Plus,LOT-2115-2020,housing_damage,no_harm,N
CMP-13660,2022-03-28,Nimbus-PainPro,LOT-5070-2022,housing_damage,no_harm,Y
CMP-13661,2022-09-24,Nimbus-II-EpiD,LOT-3325-2022,housing_damage,no_harm,N
CMP-13662,2021-02-04,Nimbus-II-Plus,LOT-3641-2021,housing_damage,patient_discomfort,Y
CMP-13663,2019-02-12,Nimbus-Admin,LOT-4342-2019,housing_damage,near_miss,Y
CMP-13664,2021-01-22,Nimbus-II-Flex,LOT-9134-2021,housing_damage,no_harm,Y
CMP-13665,2022-01-18,Nimbus-II-Flex,LOT-4328-2022,housing_damage,no_harm,N
CMP-13666,2022-10-10,Nimbus-II-PainPRO,LOT-9137-2022,housing_damage,no_harm,Y
CMP-13667,2024-01-04,Nimbus-II-EMS,LOT-9008-2024,housing_damage,no_harm,N
CMP-13668,2023-12-12,Nimbus-II-EMS,LOT-8965-2023,housing_damage,near_miss,Y
CMP-13669,2022-10-03,Nimbus-II-Plus,LOT-4349-2022,housing_damage,near_miss,N
CMP-13670,2024-04-05,Nimbus-II-Flex,LOT-4925-2024,housing_damage,near_miss,N
CMP-13671,2021-02-04,Nimbus-II-PainPRO,LOT-3348-2021,housing_damage,no_harm,N
CMP-13672,2019-01-24,Nimbus-II-EpiD,LOT-2096-2019,housing_damage,no_harm,N
CMP-13673,2020-04-15,Nimbus-Admin,LOT-2449-2020,housing_damage,no_harm,Y
CMP-13674,2021-07-04,Nimbus-Flex,LOT-7293-2021,housing_damage,no_harm,N
CMP-13675,2019-03-27,Nimbus-II-PainPRO,LOT-8040-2019,housing_damage,patient_discomfort,Y
CMP-13676,2022-06-21,Nimbus-II-EpiD,LOT-5064-2022,housing_damage,no_harm,N
CMP-13677,2020-03-15,Nimbus-Flex,LOT-1359-2020,housing_damage,near_miss,Y
CMP-13678,2020-10-22,Nimbus-II-EpiD,LOT-1344-2020,housing_damage,no_harm,N
CMP-13679,2022-08-17,Nimbus-II-EMS,LOT-9774-2022,housing_damage,near_miss,Y
CMP-13680,2024-10-22,Nimbus-II-EMS,LOT-7362-2024,housing_damage,no_harm,N
CMP-13681,2023-07-25,Nimbus-II-PainPRO,LOT-7367-2023,housing_damage,near_miss,N
CMP-13682,2024-10-17,Nimbus-II-EpiD,LOT-8255-2024,housing_damage,patient_discomfort,N
CMP-13683,2020-09-16,Nimbus-II-Plus,LOT-7406-2020,housing_damage,no_harm,N
CMP-13684,2020-01-10,Nimbus-PainPro,LOT-2619-2020,housing_damage,no_harm,Y
CMP-13685,2019-10-10,Nimbus-Admin,LOT-1383-2019,housing_damage,no_harm,Y
CMP-13686,2020-04-02,Nimbus-II-Flex,LOT-5696-2020,housing_damage,no_harm,Y
CMP-13687,2020-03-14,Nimbus-Flex,LOT-3498-2020,housing_damage,patient_discomfort,N
CMP-13688,2023-04-23,Nimbus-Admin,LOT-8268-2023,housing_damage,near_miss,Y
CMP-13689,2023-08-26,Nimbus-II-Plus,LOT-8954-2023,housing_damage,near_miss,N
CMP-13690,2021-07-13,Nimbus-Flex,LOT-8431-2021,housing_damage,no_harm,Y
CMP-13691,2019-02-17,Nimbus-II-PainPRO,LOT-6867-2019,housing_damage,no_harm,Y
CMP-13692,2023-01-16,Nimbus-Flex,LOT-9667-2023,housing_damage,near_miss,Y
CMP-13693,2023-11-22,Nimbus-II-Flex,LOT-3061-2023,housing_damage,no_harm,Y
CMP-13694,2021-05-23,Nimbus-II-Plus,LOT-5606-2021,housing_damage,patient_discomfort,Y
CMP-13695,2024-07-14,Nimbus-Admin,LOT-9078-2024,housing_damage,no_harm,N
CMP-13696,2019-08-07,Nimbus-II-EpiD,LOT-8088-2019,housing_damage,patient_discomfort,N
CMP-13697,2022-10-26,Nimbus-II-Flex,LOT-2395-2022,housing_damage,near_miss,Y
CMP-13698,2021-09-28,Nimbus-II-Plus,LOT-9968-2021,housing_damage,patient_discomfort,N
