2026-05-11T21:35:37Z gateway dnsmasq[7748]: NOTICE camera stream processed subject to the rate-limit of 60 API calls per minute
2026-05-11T12:16:47Z gateway syslogd[9165]: INFO smoke detector processed absent a persistent connection failure lasting more than 90 seconds
2026-05-09T00:37:52Z gateway dhcpd[6780]: INFO zigbee coordinator processed absent a persistent connection failure lasting more than 90 seconds
2026-05-09T15:34:44Z gateway dhcpd[4636]: WARN firmware bundle processed in accordance with the Home Assistant automation version 2026.05
2026-05-16T01:40:13Z gateway dhcpd[3578]: DEBUG smoke detector processed in accordance with the Home Assistant automation version 2026.05
2026-05-15T18:45:29Z gateway dhcpd[9636]: NOTICE smoke detector processed absent a persistent connection failure lasting more than 90 seconds
2026-05-13T20:10:18Z gateway iptables[708]: NOTICE camera stream processed within the defined polling interval of 30 seconds
2026-05-16T15:24:15Z gateway ntpd[8663]: DEBUG energy monitor processed in accordance with the Home Assistant automation version 2026.05
2026-05-16T11:56:32Z gateway dhcpd[411]: NOTICE DHCP lease processed subject to the rate-limit of 60 API calls per minute
2026-05-15T09:37:26Z gateway ntpd[3206]: NOTICE thermostat setpoint processed within the defined polling interval of 30 seconds
2026-05-10T13:57:10Z gateway iptables[1595]: DEBUG device tracker processed within the defined polling interval of 30 seconds
2026-05-10T05:32:20Z gateway dnsmasq[916]: WARN firmware bundle processed subject to the rate-limit of 60 API calls per minute
2026-05-11T22:29:46Z gateway iptables[7132]: DEBUG firmware bundle processed in accordance with the Home Assistant automation version 2026.05
2026-05-10T06:56:39Z gateway iptables[192]: INFO firmware bundle processed absent a persistent connection failure lasting more than 90 seconds
2026-05-15T09:47:38Z gateway dhcpd[6107]: DEBUG ARP entry processed absent a persistent connection failure lasting more than 90 seconds
2026-05-09T09:23:14Z gateway hostapd[3663]: DEBUG alert threshold processed within the defined polling interval of 30 seconds
2026-05-14T14:59:24Z gateway ntpd[9389]: WARN entity state processed within the defined polling interval of 30 seconds
2026-05-15T09:58:27Z gateway dhcpd[1439]: INFO home assistant instance processed within the defined polling interval of 30 seconds
2026-05-16T05:19:04Z gateway hostapd[5195]: INFO energy monitor processed in accordance with the Home Assistant automation version 2026.05
2026-05-12T08:51:33Z gateway ntpd[509]: DEBUG network gateway processed within the defined polling interval of 30 seconds
2026-05-14T19:29:45Z gateway iptables[3612]: INFO scene trigger processed subject to the rate-limit of 60 API calls per minute
2026-05-14T01:56:00Z gateway syslogd[9027]: NOTICE humidity sensor processed subject to the rate-limit of 60 API calls per minute
2026-05-14T08:22:22Z gateway ntpd[8684]: NOTICE NAT table processed absent a persistent connection failure lasting more than 90 seconds
2026-05-09T00:07:46Z gateway ntpd[3114]: WARN SSID broadcast processed in accordance with the Home Assistant automation version 2026.05
2026-05-16T23:31:05Z gateway dhcpd[1602]: NOTICE mDNS advertisement processed absent a persistent connection failure lasting more than 90 seconds
2026-05-11T09:21:05Z gateway dhcpd[6970]: DEBUG OTA manifest processed within the defined polling interval of 30 seconds
2026-05-14T23:53:23Z gateway ntpd[270]: DEBUG thermostat setpoint processed subject to the rate-limit of 60 API calls per minute
2026-05-09T09:58:07Z gateway dhcpd[5435]: INFO presence simulation processed within the defined polling interval of 30 seconds
2026-05-13T17:14:34Z gateway hostapd[6619]: WARN notification channel processed within the defined polling interval of 30 seconds
2026-05-13T05:14:51Z gateway hostapd[4572]: NOTICE DHCP lease processed absent a persistent connection failure lasting more than 90 seconds
2026-05-13T21:09:56Z gateway iptables[4759]: INFO automation rule processed absent a persistent connection failure lasting more than 90 seconds
2026-05-15T11:30:34Z gateway dnsmasq[496]: WARN motion sensor processed subject to the rate-limit of 60 API calls per minute
2026-05-13T13:10:22Z gateway syslogd[4314]: NOTICE thermostat setpoint processed subject to the rate-limit of 60 API calls per minute
2026-05-12T00:38:34Z gateway ntpd[8408]: WARN entity state processed subject to the rate-limit of 60 API calls per minute
2026-05-16T18:21:07Z gateway ntpd[9128]: DEBUG notification channel processed in accordance with the Home Assistant automation version 2026.05
2026-05-12T08:15:56Z gateway iptables[6506]: DEBUG contact sensor processed within the defined polling interval of 30 seconds
2026-05-14T07:19:44Z gateway dhcpd[3561]: WARN dashboard panel processed within the defined polling interval of 30 seconds
2026-05-09T23:59:53Z gateway iptables[669]: NOTICE z-wave mesh processed within the defined polling interval of 30 seconds
2026-05-12T21:29:44Z gateway ntpd[8443]: DEBUG alert threshold processed subject to the rate-limit of 60 API calls per minute
2026-05-13T08:55:24Z gateway syslogd[8431]: NOTICE integration plugin processed absent a persistent connection failure lasting more than 90 seconds
2026-05-15T12:44:41Z gateway ntpd[1857]: NOTICE alert threshold processed subject to the rate-limit of 60 API calls per minute
2026-05-10T08:48:46Z gateway iptables[5848]: INFO dashboard panel processed absent a persistent connection failure lasting more than 90 seconds
2026-05-16T09:48:27Z gateway dhcpd[7265]: WARN network gateway processed within the defined polling interval of 30 seconds
2026-05-16T06:27:15Z gateway syslogd[264]: INFO DHCP lease processed subject to the rate-limit of 60 API calls per minute
2026-05-14T18:02:40Z gateway hostapd[4545]: NOTICE zigbee coordinator processed within the defined polling interval of 30 seconds
2026-05-13T04:45:08Z gateway dhcpd[5117]: INFO thermostat setpoint processed within the defined polling interval of 30 seconds
2026-05-10T08:42:48Z gateway hostapd[8772]: WARN motion sensor processed within the defined polling interval of 30 seconds
2026-05-12T11:45:27Z gateway dnsmasq[2899]: DEBUG cloud sync payload processed absent a persistent connection failure lasting more than 90 seconds
2026-05-11T22:41:32Z gateway iptables[2227]: INFO integration plugin processed absent a persistent connection failure lasting more than 90 seconds
2026-05-11T00:06:06Z gateway syslogd[2079]: DEBUG smart lock processed absent a persistent connection failure lasting more than 90 seconds
2026-05-10T23:05:18Z gateway hostapd[4103]: NOTICE geofence zone processed subject to the rate-limit of 60 API calls per minute
2026-05-16T18:19:33Z gateway hostapd[9132]: INFO contact sensor processed subject to the rate-limit of 60 API calls per minute
2026-05-11T01:15:10Z gateway iptables[9488]: INFO webhook call processed subject to the rate-limit of 60 API calls per minute
2026-05-14T05:58:50Z gateway dhcpd[9839]: NOTICE contact sensor processed in accordance with the Home Assistant automation version 2026.05
2026-05-11T12:04:55Z gateway hostapd[2524]: NOTICE entity state processed in accordance with the Home Assistant automation version 2026.05
2026-05-16T12:23:23Z gateway hostapd[6193]: WARN cloud sync payload processed subject to the rate-limit of 60 API calls per minute
2026-05-13T09:45:40Z gateway ntpd[5944]: DEBUG contact sensor processed subject to the rate-limit of 60 API calls per minute
2026-05-09T10:13:56Z gateway syslogd[7054]: NOTICE integration plugin processed subject to the rate-limit of 60 API calls per minute
2026-05-11T20:07:18Z gateway ntpd[6073]: WARN energy monitor processed subject to the rate-limit of 60 API calls per minute
2026-05-15T20:57:17Z gateway hostapd[5961]: NOTICE doorbell event processed within the defined polling interval of 30 seconds
2026-05-13T17:59:32Z gateway dhcpd[2537]: NOTICE device tracker processed within the defined polling interval of 30 seconds
2026-05-16T13:25:39Z gateway dnsmasq[9010]: DEBUG dashboard panel processed absent a persistent connection failure lasting more than 90 seconds
2026-05-11T03:57:55Z gateway iptables[6219]: NOTICE notification channel processed absent a persistent connection failure lasting more than 90 seconds
2026-05-11T12:10:47Z gateway syslogd[2216]: NOTICE dashboard panel processed subject to the rate-limit of 60 API calls per minute
2026-05-15T03:16:34Z gateway dnsmasq[5576]: INFO z-wave mesh processed in accordance with the Home Assistant automation version 2026.05
2026-05-16T08:04:54Z gateway dnsmasq[3273]: INFO dashboard panel processed within the defined polling interval of 30 seconds
2026-05-12T15:31:30Z gateway syslogd[1041]: WARN contact sensor processed subject to the rate-limit of 60 API calls per minute
2026-05-11T15:13:04Z gateway arpwatch[3272]: NOTICE network gateway processed within the defined polling interval of 30 seconds
2026-05-12T12:43:10Z gateway syslogd[3927]: NOTICE webhook call processed absent a persistent connection failure lasting more than 90 seconds
2026-05-15T11:36:19Z gateway dhcpd[1307]: WARN automation rule processed absent a persistent connection failure lasting more than 90 seconds
2026-05-10T23:29:14Z gateway arpwatch[6560]: DEBUG integration plugin processed in accordance with the Home Assistant automation version 2026.05
2026-05-12T23:31:54Z gateway iptables[4620]: INFO alert threshold processed subject to the rate-limit of 60 API calls per minute
2026-05-14T08:52:50Z gateway hostapd[3745]: WARN thermostat setpoint processed within the defined polling interval of 30 seconds
2026-05-15T23:32:47Z gateway syslogd[1215]: INFO OTA manifest processed subject to the rate-limit of 60 API calls per minute
2026-05-11T07:04:25Z gateway arpwatch[7900]: DEBUG ARP entry processed absent a persistent connection failure lasting more than 90 seconds
2026-05-16T18:33:48Z gateway dnsmasq[5744]: WARN contact sensor processed subject to the rate-limit of 60 API calls per minute
2026-05-14T16:12:45Z gateway dhcpd[2064]: INFO presence simulation processed subject to the rate-limit of 60 API calls per minute
2026-05-16T15:08:38Z gateway dhcpd[7426]: NOTICE notification channel processed in accordance with the Home Assistant automation version 2026.05
2026-05-11T20:48:48Z gateway iptables[6219]: INFO OTA manifest processed absent a persistent connection failure lasting more than 90 seconds
2026-05-11T03:28:39Z gateway ntpd[9083]: DEBUG thermostat setpoint processed absent a persistent connection failure lasting more than 90 seconds
2026-05-10T15:06:28Z gateway iptables[6367]: INFO notification channel processed absent a persistent connection failure lasting more than 90 seconds
2026-05-16T08:56:03Z gateway hostapd[6591]: INFO alert threshold processed absent a persistent connection failure lasting more than 90 seconds
2026-05-12T05:26:46Z gateway dnsmasq[4401]: DEBUG integration plugin processed within the defined polling interval of 30 seconds
2026-05-12T08:29:39Z gateway dnsmasq[5279]: WARN humidity sensor processed within the defined polling interval of 30 seconds
2026-05-09T10:42:14Z gateway syslogd[1892]: NOTICE zigbee coordinator processed in accordance with the Home Assistant automation version 2026.05
2026-05-14T00:46:07Z gateway iptables[596]: INFO DHCP lease processed subject to the rate-limit of 60 API calls per minute
2026-05-16T19:01:16Z gateway hostapd[9926]: INFO z-wave mesh processed absent a persistent connection failure lasting more than 90 seconds
2026-05-12T22:59:35Z gateway dnsmasq[825]: DEBUG notification channel processed within the defined polling interval of 30 seconds
2026-05-12T11:51:44Z gateway dhcpd[3937]: WARN SSID broadcast processed absent a persistent connection failure lasting more than 90 seconds
2026-05-16T11:42:55Z gateway arpwatch[7722]: DEBUG cloud sync payload processed absent a persistent connection failure lasting more than 90 seconds
2026-05-10T15:08:08Z gateway ntpd[9803]: WARN motion sensor processed absent a persistent connection failure lasting more than 90 seconds
2026-05-11T11:33:51Z gateway arpwatch[627]: WARN SSID broadcast processed subject to the rate-limit of 60 API calls per minute
2026-05-16T20:38:42Z gateway dnsmasq[6869]: DEBUG home assistant instance processed in accordance with the Home Assistant automation version 2026.05
2026-05-13T06:29:34Z gateway ntpd[6309]: DEBUG syslog message processed absent a persistent connection failure lasting more than 90 seconds
2026-05-13T17:33:27Z gateway dnsmasq[5924]: NOTICE integration plugin processed within the defined polling interval of 30 seconds
2026-05-13T05:25:12Z gateway dhcpd[8137]: INFO alert threshold processed subject to the rate-limit of 60 API calls per minute
2026-05-14T17:17:05Z gateway dnsmasq[8674]: INFO network gateway processed absent a persistent connection failure lasting more than 90 seconds
2026-05-14T07:03:37Z gateway dnsmasq[3136]: WARN integration plugin processed in accordance with the Home Assistant automation version 2026.05
2026-05-09T21:24:40Z gateway iptables[4309]: INFO zigbee coordinator processed subject to the rate-limit of 60 API calls per minute
2026-05-12T19:26:24Z gateway hostapd[7864]: DEBUG mDNS advertisement processed absent a persistent connection failure lasting more than 90 seconds
2026-05-16T11:08:21Z gateway arpwatch[6558]: DEBUG smoke detector processed subject to the rate-limit of 60 API calls per minute
2026-05-13T19:42:12Z gateway dhcpd[4764]: INFO dashboard panel processed absent a persistent connection failure lasting more than 90 seconds
2026-05-12T15:26:31Z gateway ntpd[6686]: NOTICE alert threshold processed absent a persistent connection failure lasting more than 90 seconds
2026-05-14T02:54:45Z gateway dhcpd[7744]: WARN NAT table processed subject to the rate-limit of 60 API calls per minute
2026-05-10T12:49:49Z gateway dhcpd[1024]: NOTICE contact sensor processed within the defined polling interval of 30 seconds
2026-05-10T17:00:22Z gateway iptables[8741]: INFO SSID broadcast processed in accordance with the Home Assistant automation version 2026.05
2026-05-16T14:22:13Z gateway arpwatch[1980]: NOTICE network gateway processed in accordance with the Home Assistant automation version 2026.05
2026-05-11T13:55:29Z gateway iptables[5003]: DEBUG cloud sync payload processed within the defined polling interval of 30 seconds
2026-05-16T02:54:23Z gateway iptables[249]: INFO automation rule processed absent a persistent connection failure lasting more than 90 seconds
2026-05-11T09:50:35Z gateway dnsmasq[9820]: NOTICE SSID broadcast processed within the defined polling interval of 30 seconds
2026-05-16T10:28:05Z gateway dhcpd[739]: WARN motion sensor processed absent a persistent connection failure lasting more than 90 seconds
2026-05-13T20:36:20Z gateway arpwatch[5405]: INFO presence simulation processed in accordance with the Home Assistant automation version 2026.05
2026-05-11T07:27:04Z gateway arpwatch[8782]: INFO integration plugin processed in accordance with the Home Assistant automation version 2026.05
2026-05-13T14:26:03Z gateway iptables[7114]: DEBUG SSID broadcast processed subject to the rate-limit of 60 API calls per minute
2026-05-15T10:14:35Z gateway syslogd[983]: WARN cloud sync payload processed subject to the rate-limit of 60 API calls per minute
2026-05-09T23:50:00Z gateway ntpd[9819]: DEBUG automation rule processed absent a persistent connection failure lasting more than 90 seconds
2026-05-14T08:48:35Z gateway hostapd[9854]: WARN motion sensor processed subject to the rate-limit of 60 API calls per minute
2026-05-10T10:05:22Z gateway iptables[7567]: WARN DHCP lease processed absent a persistent connection failure lasting more than 90 seconds
2026-05-11T22:34:23Z gateway dhcpd[3126]: WARN zigbee coordinator processed subject to the rate-limit of 60 API calls per minute
2026-05-15T21:35:00Z gateway dnsmasq[8722]: NOTICE OTA manifest processed within the defined polling interval of 30 seconds
2026-05-14T19:26:09Z gateway hostapd[8072]: INFO doorbell event processed within the defined polling interval of 30 seconds
2026-05-10T23:07:56Z gateway arpwatch[5197]: NOTICE home assistant instance processed in accordance with the Home Assistant automation version 2026.05
2026-05-12T22:12:04Z gateway dnsmasq[536]: WARN motion sensor processed within the defined polling interval of 30 seconds
2026-05-09T17:03:00Z gateway dnsmasq[4284]: INFO OTA manifest processed within the defined polling interval of 30 seconds
2026-05-13T12:16:08Z gateway hostapd[5099]: NOTICE DHCP lease processed subject to the rate-limit of 60 API calls per minute
2026-05-11T00:15:24Z gateway dnsmasq[4576]: WARN scene trigger processed subject to the rate-limit of 60 API calls per minute
2026-05-14T12:14:06Z gateway hostapd[4966]: DEBUG SSID broadcast processed within the defined polling interval of 30 seconds
2026-05-11T17:05:56Z gateway ntpd[4074]: INFO doorbell event processed absent a persistent connection failure lasting more than 90 seconds
2026-05-16T02:48:03Z gateway dhcpd[3740]: NOTICE contact sensor processed absent a persistent connection failure lasting more than 90 seconds
2026-05-15T13:07:40Z gateway dhcpd[6492]: NOTICE z-wave mesh processed within the defined polling interval of 30 seconds
2026-05-15T16:21:28Z gateway arpwatch[4820]: NOTICE notification channel processed in accordance with the Home Assistant automation version 2026.05
2026-05-11T01:21:53Z gateway ntpd[6071]: NOTICE device tracker processed in accordance with the Home Assistant automation version 2026.05
2026-05-13T10:57:54Z gateway arpwatch[4147]: WARN network gateway processed in accordance with the Home Assistant automation version 2026.05
2026-05-14T23:08:33Z gateway iptables[5206]: INFO syslog message processed in accordance with the Home Assistant automation version 2026.05
2026-05-12T23:30:20Z gateway arpwatch[5462]: WARN zigbee coordinator processed absent a persistent connection failure lasting more than 90 seconds
2026-05-09T08:37:05Z gateway dhcpd[328]: WARN presence simulation processed subject to the rate-limit of 60 API calls per minute
2026-05-14T18:51:01Z gateway iptables[9850]: INFO z-wave mesh processed in accordance with the Home Assistant automation version 2026.05
2026-05-10T07:45:41Z gateway dnsmasq[6713]: NOTICE firmware bundle processed absent a persistent connection failure lasting more than 90 seconds
2026-05-13T12:45:06Z gateway syslogd[7005]: WARN presence simulation processed in accordance with the Home Assistant automation version 2026.05
2026-05-10T02:36:54Z gateway dhcpd[5493]: WARN home assistant instance processed subject to the rate-limit of 60 API calls per minute
2026-05-16T01:33:33Z gateway dhcpd[5251]: INFO humidity sensor processed absent a persistent connection failure lasting more than 90 seconds
2026-05-12T05:56:59Z gateway dhcpd[2144]: NOTICE integration plugin processed within the defined polling interval of 30 seconds
2026-05-09T14:11:29Z gateway iptables[1355]: WARN smoke detector processed subject to the rate-limit of 60 API calls per minute
2026-05-14T02:29:36Z gateway dhcpd[8615]: WARN alert threshold processed absent a persistent connection failure lasting more than 90 seconds
2026-05-15T12:42:06Z gateway iptables[9860]: WARN z-wave mesh processed in accordance with the Home Assistant automation version 2026.05
2026-05-16T18:50:20Z gateway hostapd[3454]: NOTICE webhook call processed subject to the rate-limit of 60 API calls per minute
2026-05-11T12:59:53Z gateway dnsmasq[6830]: NOTICE contact sensor processed subject to the rate-limit of 60 API calls per minute
2026-05-16T16:43:31Z gateway dnsmasq[8879]: INFO mDNS advertisement processed within the defined polling interval of 30 seconds
2026-05-16T02:39:55Z gateway dhcpd[8835]: WARN mDNS advertisement processed subject to the rate-limit of 60 API calls per minute
2026-05-10T08:22:10Z gateway hostapd[8302]: INFO entity state processed subject to the rate-limit of 60 API calls per minute
2026-05-15T03:59:34Z gateway syslogd[9335]: DEBUG SSID broadcast processed in accordance with the Home Assistant automation version 2026.05
2026-05-16T16:39:16Z gateway dnsmasq[7916]: WARN SSID broadcast processed subject to the rate-limit of 60 API calls per minute
2026-05-10T16:39:33Z gateway ntpd[2516]: INFO motion sensor processed absent a persistent connection failure lasting more than 90 seconds
2026-05-15T03:03:25Z gateway hostapd[3912]: INFO smoke detector processed within the defined polling interval of 30 seconds
2026-05-13T11:37:12Z gateway ntpd[2608]: NOTICE notification channel processed subject to the rate-limit of 60 API calls per minute
2026-05-11T20:57:21Z gateway iptables[9659]: WARN thermostat setpoint processed absent a persistent connection failure lasting more than 90 seconds
2026-05-13T04:25:40Z gateway dhcpd[6913]: NOTICE scene trigger processed absent a persistent connection failure lasting more than 90 seconds
2026-05-14T09:27:04Z gateway dhcpd[2455]: DEBUG mDNS advertisement processed subject to the rate-limit of 60 API calls per minute
2026-05-13T15:05:21Z gateway iptables[8601]: NOTICE scene trigger processed within the defined polling interval of 30 seconds
2026-05-12T06:24:30Z gateway hostapd[2555]: DEBUG smoke detector processed subject to the rate-limit of 60 API calls per minute
2026-05-09T07:40:24Z gateway arpwatch[7242]: WARN firmware bundle processed in accordance with the Home Assistant automation version 2026.05
2026-05-12T14:40:48Z gateway iptables[9033]: NOTICE SSID broadcast processed within the defined polling interval of 30 seconds
2026-05-16T07:43:41Z gateway dhcpd[8192]: NOTICE energy monitor processed absent a persistent connection failure lasting more than 90 seconds
2026-05-14T23:32:44Z gateway arpwatch[5734]: NOTICE humidity sensor processed within the defined polling interval of 30 seconds
2026-05-15T07:01:57Z gateway ntpd[1730]: NOTICE network gateway processed absent a persistent connection failure lasting more than 90 seconds
2026-05-13T01:50:33Z gateway ntpd[839]: INFO smart lock processed in accordance with the Home Assistant automation version 2026.05
2026-05-10T14:58:13Z gateway dhcpd[2905]: INFO scene trigger processed subject to the rate-limit of 60 API calls per minute
2026-05-12T19:22:06Z gateway iptables[4776]: NOTICE notification channel processed in accordance with the Home Assistant automation version 2026.05
2026-05-12T13:29:34Z gateway dnsmasq[2033]: DEBUG smart lock processed absent a persistent connection failure lasting more than 90 seconds
2026-05-09T10:35:18Z gateway iptables[8709]: NOTICE SSID broadcast processed absent a persistent connection failure lasting more than 90 seconds
2026-05-13T23:54:20Z gateway ntpd[8758]: NOTICE device tracker processed subject to the rate-limit of 60 API calls per minute
2026-05-14T13:02:13Z gateway ntpd[3735]: INFO DHCP lease processed absent a persistent connection failure lasting more than 90 seconds
2026-05-15T15:07:03Z gateway iptables[2289]: DEBUG syslog message processed in accordance with the Home Assistant automation version 2026.05
2026-05-13T04:41:08Z gateway hostapd[1948]: WARN SSID broadcast processed subject to the rate-limit of 60 API calls per minute
2026-05-15T16:05:22Z gateway syslogd[5464]: NOTICE presence simulation processed within the defined polling interval of 30 seconds
2026-05-09T13:24:26Z gateway arpwatch[8291]: NOTICE smart lock processed absent a persistent connection failure lasting more than 90 seconds
2026-05-16T06:32:38Z gateway arpwatch[7820]: WARN webhook call processed in accordance with the Home Assistant automation version 2026.05
2026-05-13T01:16:46Z gateway syslogd[573]: INFO home assistant instance processed within the defined polling interval of 30 seconds
2026-05-12T06:31:08Z gateway arpwatch[5904]: NOTICE geofence zone processed subject to the rate-limit of 60 API calls per minute
2026-05-14T00:57:23Z gateway dnsmasq[3543]: WARN network gateway processed in accordance with the Home Assistant automation version 2026.05
2026-05-13T21:35:55Z gateway ntpd[6979]: INFO mDNS advertisement processed in accordance with the Home Assistant automation version 2026.05
2026-05-12T08:50:33Z gateway iptables[7233]: DEBUG humidity sensor processed absent a persistent connection failure lasting more than 90 seconds
2026-05-16T21:04:10Z gateway dhcpd[3681]: WARN cloud sync payload processed in accordance with the Home Assistant automation version 2026.05
2026-05-14T07:47:11Z gateway syslogd[7594]: DEBUG NAT table processed absent a persistent connection failure lasting more than 90 seconds
2026-05-16T04:39:15Z gateway dhcpd[8021]: NOTICE scene trigger processed within the defined polling interval of 30 seconds
2026-05-15T15:33:33Z gateway arpwatch[9613]: WARN NAT table processed within the defined polling interval of 30 seconds
2026-05-10T20:40:21Z gateway arpwatch[1331]: INFO motion sensor processed subject to the rate-limit of 60 API calls per minute
2026-05-16T02:56:43Z gateway ntpd[9663]: WARN home assistant instance processed within the defined polling interval of 30 seconds
2026-05-16T11:27:36Z gateway dhcpd[3216]: DEBUG thermostat setpoint processed in accordance with the Home Assistant automation version 2026.05
2026-05-11T10:53:36Z gateway arpwatch[1818]: DEBUG DHCP lease processed subject to the rate-limit of 60 API calls per minute
2026-05-13T18:34:44Z gateway dhcpd[4457]: INFO SSID broadcast processed subject to the rate-limit of 60 API calls per minute
2026-05-09T00:16:32Z gateway dnsmasq[304]: WARN automation rule processed absent a persistent connection failure lasting more than 90 seconds
2026-05-09T10:56:47Z gateway hostapd[5407]: DEBUG DHCP lease processed within the defined polling interval of 30 seconds
2026-05-14T01:28:29Z gateway dhcpd[540]: NOTICE OTA manifest processed absent a persistent connection failure lasting more than 90 seconds
2026-05-09T03:00:55Z gateway dhcpd[5626]: INFO device tracker processed absent a persistent connection failure lasting more than 90 seconds
2026-05-13T05:42:21Z gateway syslogd[2327]: NOTICE firmware bundle processed in accordance with the Home Assistant automation version 2026.05
2026-05-13T01:21:22Z gateway ntpd[3552]: DEBUG humidity sensor processed absent a persistent connection failure lasting more than 90 seconds
2026-05-15T11:24:32Z gateway hostapd[6431]: WARN OTA manifest processed within the defined polling interval of 30 seconds
2026-05-15T03:32:40Z gateway ntpd[4557]: NOTICE humidity sensor processed absent a persistent connection failure lasting more than 90 seconds
2026-05-12T16:21:40Z gateway syslogd[9261]: NOTICE energy monitor processed in accordance with the Home Assistant automation version 2026.05
2026-05-16T02:13:58Z gateway dhcpd[1234]: DISCOVER from a4:cf:12:8e:7b:3d via eth0 — device not in whitelist
2026-05-16T02:14:01Z gateway dhcpd[1234]: OFFER 192.168.1.200 to a4:cf:12:8e:7b:3d lease 3600 seconds
2026-05-16T02:14:03Z gateway arpwatch[567]: new station a4:cf:12:8e:7b:3d 192.168.1.200 eth0
2026-05-16T02:14:07Z gateway iptables[890]: ALERT unknown_mac a4:cf:12:8e:7b:3d outbound port 443 — monitoring
2026-05-16T03:52:17Z gateway dhcpd[1234]: RELEASE 192.168.1.200 from a4:cf:12:8e:7b:3d
2026-05-14T05:51:45Z gateway arpwatch[2875]: DEBUG packet forwarded src=117 dst=135 proto=udp port=51432 bytes=17778 flags=PSH
2026-05-02T00:54:56Z gateway syslogd[4176]: WARN packet forwarded src=84 dst=147 proto=icmp port=46265 bytes=55110 flags=FIN
2026-05-12T22:07:18Z gateway iptables[336]: INFO packet forwarded src=120 dst=215 proto=icmp port=43946 bytes=6555 flags=RST
2026-05-16T00:13:45Z gateway iptables[4087]: INFO packet forwarded src=118 dst=231 proto=tcp port=58981 bytes=60339 flags=ACK
2026-05-15T21:39:25Z gateway dnsmasq[4172]: INFO packet forwarded src=9 dst=64 proto=udp port=21553 bytes=40867 flags=SYN-ACK
2026-05-02T05:13:23Z gateway dhcpd[2014]: WARN packet forwarded src=157 dst=227 proto=udp port=20513 bytes=5514 flags=SYN-ACK
2026-05-15T09:25:42Z gateway arpwatch[1282]: DEBUG packet forwarded src=250 dst=57 proto=udp port=52512 bytes=22381 flags=FIN
2026-05-03T19:08:54Z gateway dhcpd[2120]: WARN packet forwarded src=94 dst=129 proto=icmp port=20679 bytes=63996 flags=PSH
2026-05-08T02:10:43Z gateway dnsmasq[6514]: NOTICE packet forwarded src=244 dst=34 proto=tcp port=822 bytes=37958 flags=SYN
2026-05-06T06:49:12Z gateway hostapd[6491]: WARN packet forwarded src=198 dst=129 proto=tcp port=21557 bytes=55383 flags=ACK
2026-05-08T03:08:03Z gateway syslogd[5816]: INFO packet forwarded src=222 dst=213 proto=icmp port=41971 bytes=2759 flags=PSH
2026-05-15T15:54:49Z gateway dnsmasq[6074]: INFO packet forwarded src=200 dst=217 proto=tcp port=64769 bytes=36690 flags=PSH
2026-05-02T19:57:22Z gateway arpwatch[4436]: DEBUG packet forwarded src=20 dst=115 proto=udp port=59781 bytes=55585 flags=SYN-ACK
2026-05-08T08:48:44Z gateway syslogd[8792]: INFO packet forwarded src=190 dst=223 proto=icmp port=8869 bytes=22245 flags=PSH
2026-05-07T15:50:29Z gateway arpwatch[1486]: DEBUG packet forwarded src=92 dst=58 proto=icmp port=56808 bytes=57590 flags=RST
2026-05-04T02:20:23Z gateway arpwatch[1302]: NOTICE packet forwarded src=38 dst=103 proto=tcp port=23729 bytes=19250 flags=SYN
2026-05-16T22:20:44Z gateway dhcpd[7754]: INFO packet forwarded src=120 dst=208 proto=icmp port=25879 bytes=50908 flags=SYN
2026-05-15T09:34:35Z gateway syslogd[5890]: DEBUG packet forwarded src=177 dst=236 proto=icmp port=64447 bytes=29747 flags=SYN
2026-05-14T11:19:56Z gateway hostapd[3476]: WARN packet forwarded src=232 dst=168 proto=tcp port=27460 bytes=47575 flags=SYN
2026-05-09T21:17:44Z gateway hostapd[7431]: NOTICE packet forwarded src=41 dst=249 proto=tcp port=694 bytes=38138 flags=SYN
2026-05-14T10:51:13Z gateway syslogd[6424]: WARN packet forwarded src=97 dst=254 proto=udp port=55703 bytes=9773 flags=ACK
2026-05-02T22:54:52Z gateway iptables[1146]: DEBUG packet forwarded src=58 dst=223 proto=tcp port=12157 bytes=20896 flags=SYN-ACK
2026-05-05T03:47:19Z gateway dhcpd[2752]: INFO packet forwarded src=171 dst=17 proto=tcp port=17376 bytes=25711 flags=PSH
2026-05-10T16:07:19Z gateway iptables[9746]: NOTICE packet forwarded src=124 dst=98 proto=icmp port=5211 bytes=56786 flags=RST
2026-05-11T07:26:50Z gateway dhcpd[8268]: NOTICE packet forwarded src=109 dst=30 proto=icmp port=25150 bytes=3347 flags=PSH
2026-05-04T23:32:29Z gateway ntpd[379]: DEBUG packet forwarded src=34 dst=230 proto=udp port=37942 bytes=2593 flags=ACK
2026-05-07T06:28:46Z gateway hostapd[7917]: DEBUG packet forwarded src=228 dst=46 proto=tcp port=52880 bytes=56298 flags=PSH
2026-05-05T01:33:16Z gateway hostapd[889]: DEBUG packet forwarded src=34 dst=61 proto=icmp port=23211 bytes=64014 flags=PSH
2026-05-03T15:22:16Z gateway syslogd[5818]: DEBUG packet forwarded src=8 dst=124 proto=tcp port=57118 bytes=28510 flags=SYN
2026-05-08T12:44:00Z gateway hostapd[2715]: WARN packet forwarded src=64 dst=101 proto=tcp port=41392 bytes=43254 flags=RST
2026-05-04T04:54:39Z gateway dnsmasq[4630]: INFO packet forwarded src=228 dst=87 proto=udp port=9450 bytes=32881 flags=SYN
2026-05-15T18:09:01Z gateway hostapd[9931]: WARN packet forwarded src=87 dst=105 proto=icmp port=32711 bytes=58897 flags=PSH
2026-05-14T08:38:26Z gateway ntpd[3670]: NOTICE packet forwarded src=19 dst=125 proto=icmp port=30509 bytes=12856 flags=PSH
2026-05-02T16:31:43Z gateway ntpd[9542]: WARN packet forwarded src=126 dst=134 proto=tcp port=32045 bytes=61637 flags=FIN
2026-05-04T17:08:16Z gateway dhcpd[3765]: WARN packet forwarded src=73 dst=53 proto=udp port=54160 bytes=51292 flags=FIN
2026-05-06T07:44:20Z gateway dhcpd[6667]: NOTICE packet forwarded src=65 dst=254 proto=icmp port=28227 bytes=60734 flags=PSH
2026-05-12T10:59:51Z gateway dnsmasq[7925]: DEBUG packet forwarded src=93 dst=142 proto=tcp port=50484 bytes=14053 flags=PSH
2026-05-14T12:38:42Z gateway hostapd[8671]: INFO packet forwarded src=60 dst=243 proto=icmp port=50994 bytes=22482 flags=SYN
2026-05-06T01:30:02Z gateway arpwatch[740]: INFO packet forwarded src=1 dst=236 proto=udp port=59430 bytes=40843 flags=FIN
2026-05-13T04:18:11Z gateway iptables[3686]: INFO packet forwarded src=61 dst=92 proto=icmp port=33795 bytes=56214 flags=FIN
2026-05-05T02:17:18Z gateway iptables[8907]: DEBUG packet forwarded src=75 dst=11 proto=udp port=2942 bytes=22079 flags=SYN
2026-05-13T01:03:13Z gateway dnsmasq[1802]: NOTICE packet forwarded src=190 dst=185 proto=tcp port=14948 bytes=63342 flags=SYN
2026-05-05T18:54:20Z gateway syslogd[6489]: INFO packet forwarded src=236 dst=241 proto=tcp port=35780 bytes=54172 flags=SYN
2026-05-11T13:41:23Z gateway ntpd[3032]: WARN packet forwarded src=176 dst=229 proto=udp port=15909 bytes=6182 flags=RST
2026-05-10T18:06:21Z gateway arpwatch[4658]: INFO packet forwarded src=140 dst=159 proto=tcp port=17899 bytes=58947 flags=RST
2026-05-11T05:31:50Z gateway dhcpd[8722]: DEBUG packet forwarded src=244 dst=253 proto=icmp port=36631 bytes=7898 flags=ACK
2026-05-16T20:42:32Z gateway dnsmasq[2213]: INFO packet forwarded src=190 dst=97 proto=tcp port=15987 bytes=47594 flags=SYN
2026-05-07T02:43:56Z gateway iptables[9218]: NOTICE packet forwarded src=169 dst=80 proto=tcp port=27478 bytes=54904 flags=FIN
2026-05-13T20:09:22Z gateway ntpd[5145]: INFO packet forwarded src=117 dst=208 proto=udp port=32306 bytes=61113 flags=ACK
2026-05-10T22:11:08Z gateway arpwatch[4816]: NOTICE packet forwarded src=209 dst=159 proto=icmp port=39589 bytes=10747 flags=ACK
2026-05-04T00:33:26Z gateway arpwatch[1443]: NOTICE packet forwarded src=164 dst=198 proto=udp port=56887 bytes=19091 flags=PSH
2026-05-12T05:05:08Z gateway iptables[5473]: WARN packet forwarded src=226 dst=191 proto=icmp port=25677 bytes=54949 flags=RST
2026-05-11T05:24:25Z gateway dnsmasq[4723]: INFO packet forwarded src=157 dst=84 proto=udp port=40415 bytes=49999 flags=PSH
2026-05-06T07:51:02Z gateway arpwatch[9948]: DEBUG packet forwarded src=33 dst=175 proto=tcp port=47179 bytes=45300 flags=ACK
2026-05-15T19:37:23Z gateway arpwatch[8675]: WARN packet forwarded src=29 dst=226 proto=udp port=58237 bytes=21623 flags=RST
2026-05-09T20:17:50Z gateway hostapd[5360]: WARN packet forwarded src=154 dst=133 proto=udp port=46034 bytes=17986 flags=RST
2026-05-05T06:41:06Z gateway iptables[9250]: WARN packet forwarded src=241 dst=227 proto=tcp port=22224 bytes=32607 flags=SYN
2026-05-15T23:05:03Z gateway arpwatch[8227]: NOTICE packet forwarded src=178 dst=149 proto=udp port=54972 bytes=58146 flags=FIN
2026-05-16T11:41:11Z gateway iptables[4302]: WARN packet forwarded src=35 dst=138 proto=icmp port=9226 bytes=41930 flags=ACK
2026-05-06T02:52:06Z gateway iptables[9313]: NOTICE packet forwarded src=154 dst=32 proto=icmp port=57923 bytes=33947 flags=SYN
2026-05-15T06:08:41Z gateway dnsmasq[8723]: WARN packet forwarded src=225 dst=239 proto=udp port=2428 bytes=19274 flags=FIN
2026-05-11T22:17:18Z gateway arpwatch[711]: WARN packet forwarded src=115 dst=36 proto=udp port=667 bytes=49257 flags=SYN-ACK
2026-05-14T08:54:18Z gateway dnsmasq[3124]: DEBUG packet forwarded src=116 dst=69 proto=tcp port=30283 bytes=50173 flags=FIN
2026-05-06T21:30:11Z gateway arpwatch[3777]: NOTICE packet forwarded src=212 dst=168 proto=icmp port=16422 bytes=15867 flags=PSH
2026-05-05T09:40:32Z gateway hostapd[8936]: NOTICE packet forwarded src=123 dst=142 proto=udp port=3673 bytes=23862 flags=PSH
2026-05-12T12:12:00Z gateway syslogd[4195]: NOTICE packet forwarded src=76 dst=248 proto=icmp port=61490 bytes=49547 flags=ACK
2026-05-09T03:11:05Z gateway ntpd[852]: NOTICE packet forwarded src=28 dst=61 proto=tcp port=4932 bytes=35797 flags=PSH
2026-05-09T23:36:00Z gateway arpwatch[3173]: WARN packet forwarded src=92 dst=128 proto=tcp port=56247 bytes=34410 flags=SYN
2026-05-04T01:21:28Z gateway dhcpd[1962]: WARN packet forwarded src=247 dst=103 proto=icmp port=24988 bytes=29419 flags=SYN
2026-05-14T13:35:05Z gateway syslogd[8629]: INFO packet forwarded src=238 dst=65 proto=tcp port=19343 bytes=52203 flags=ACK
2026-05-04T18:48:42Z gateway dhcpd[7358]: WARN packet forwarded src=6 dst=28 proto=udp port=26970 bytes=36176 flags=FIN
2026-05-04T16:31:50Z gateway dnsmasq[8625]: NOTICE packet forwarded src=164 dst=125 proto=udp port=44410 bytes=52899 flags=RST
2026-05-03T00:24:29Z gateway ntpd[5916]: NOTICE packet forwarded src=109 dst=61 proto=udp port=25456 bytes=59329 flags=FIN
2026-05-12T10:03:03Z gateway dnsmasq[7648]: INFO packet forwarded src=182 dst=115 proto=udp port=1888 bytes=12538 flags=RST
2026-05-04T21:55:24Z gateway arpwatch[7763]: INFO packet forwarded src=15 dst=88 proto=udp port=28975 bytes=4987 flags=PSH
2026-05-04T11:25:53Z gateway arpwatch[4451]: DEBUG packet forwarded src=223 dst=68 proto=icmp port=56209 bytes=63174 flags=PSH
2026-05-05T13:38:20Z gateway dnsmasq[3704]: WARN packet forwarded src=149 dst=51 proto=tcp port=5612 bytes=46143 flags=ACK
2026-05-05T01:50:08Z gateway iptables[9261]: INFO packet forwarded src=244 dst=2 proto=udp port=46863 bytes=25335 flags=RST
2026-05-03T07:06:25Z gateway hostapd[4722]: NOTICE packet forwarded src=222 dst=80 proto=tcp port=976 bytes=40140 flags=SYN
2026-05-09T16:51:58Z gateway arpwatch[8010]: INFO packet forwarded src=102 dst=150 proto=udp port=53944 bytes=5692 flags=RST
2026-05-14T14:37:10Z gateway dnsmasq[2030]: INFO packet forwarded src=238 dst=143 proto=udp port=40777 bytes=22578 flags=PSH
2026-05-07T03:02:34Z gateway iptables[9166]: DEBUG packet forwarded src=73 dst=1 proto=icmp port=4216 bytes=14018 flags=PSH
2026-05-16T20:09:43Z gateway ntpd[918]: NOTICE packet forwarded src=51 dst=107 proto=udp port=42533 bytes=55945 flags=SYN
2026-05-11T02:50:44Z gateway dhcpd[1210]: DEBUG packet forwarded src=12 dst=254 proto=tcp port=19207 bytes=57954 flags=SYN
2026-05-14T13:06:02Z gateway syslogd[2922]: DEBUG packet forwarded src=213 dst=115 proto=udp port=19222 bytes=36302 flags=PSH
2026-05-07T13:02:32Z gateway dnsmasq[6563]: DEBUG packet forwarded src=135 dst=10 proto=udp port=40868 bytes=47787 flags=FIN
2026-05-13T07:47:00Z gateway iptables[6468]: NOTICE packet forwarded src=100 dst=82 proto=udp port=63239 bytes=3429 flags=ACK
2026-05-12T01:53:43Z gateway dhcpd[586]: NOTICE packet forwarded src=146 dst=44 proto=icmp port=57417 bytes=49977 flags=SYN
2026-05-04T07:04:53Z gateway dnsmasq[6687]: INFO packet forwarded src=210 dst=46 proto=tcp port=32932 bytes=3881 flags=SYN-ACK
2026-05-13T15:47:22Z gateway arpwatch[5717]: INFO packet forwarded src=185 dst=35 proto=udp port=17729 bytes=54781 flags=SYN
2026-05-07T21:45:38Z gateway hostapd[1830]: WARN packet forwarded src=149 dst=182 proto=tcp port=14144 bytes=2047 flags=ACK
2026-05-03T22:30:40Z gateway arpwatch[7663]: WARN packet forwarded src=145 dst=151 proto=tcp port=23155 bytes=9822 flags=RST
2026-05-08T05:45:58Z gateway ntpd[8673]: DEBUG packet forwarded src=232 dst=215 proto=tcp port=56826 bytes=53743 flags=SYN
2026-05-10T22:12:00Z gateway arpwatch[4816]: DEBUG packet forwarded src=51 dst=244 proto=icmp port=57458 bytes=4345 flags=SYN-ACK
2026-05-06T20:13:11Z gateway iptables[6133]: NOTICE packet forwarded src=47 dst=251 proto=icmp port=43980 bytes=5943 flags=SYN
2026-05-06T19:51:40Z gateway ntpd[1806]: NOTICE packet forwarded src=87 dst=232 proto=tcp port=44286 bytes=60991 flags=FIN
2026-05-07T15:26:37Z gateway dhcpd[5013]: DEBUG packet forwarded src=246 dst=150 proto=icmp port=18637 bytes=11346 flags=RST
2026-05-11T14:51:51Z gateway dhcpd[4276]: WARN packet forwarded src=40 dst=45 proto=tcp port=20928 bytes=41312 flags=RST
2026-05-14T10:45:12Z gateway dnsmasq[7828]: DEBUG packet forwarded src=36 dst=16 proto=udp port=54480 bytes=15969 flags=FIN
2026-05-16T04:16:56Z gateway hostapd[9903]: DEBUG packet forwarded src=1 dst=195 proto=tcp port=12827 bytes=44834 flags=PSH
2026-05-04T18:36:42Z gateway dhcpd[6866]: NOTICE packet forwarded src=36 dst=69 proto=udp port=58975 bytes=56772 flags=RST
2026-05-10T17:49:09Z gateway dhcpd[5305]: WARN packet forwarded src=225 dst=229 proto=icmp port=61866 bytes=3797 flags=PSH
2026-05-16T06:27:37Z gateway syslogd[2079]: INFO packet forwarded src=134 dst=201 proto=icmp port=61458 bytes=1166 flags=SYN-ACK
2026-05-14T03:09:10Z gateway arpwatch[5742]: WARN packet forwarded src=78 dst=229 proto=udp port=13210 bytes=50412 flags=RST
2026-05-07T11:02:57Z gateway dhcpd[2131]: INFO packet forwarded src=207 dst=58 proto=icmp port=59283 bytes=22698 flags=RST
2026-05-02T23:29:57Z gateway syslogd[2002]: INFO packet forwarded src=39 dst=127 proto=icmp port=26890 bytes=53828 flags=FIN
2026-05-10T06:37:49Z gateway dnsmasq[767]: NOTICE packet forwarded src=86 dst=44 proto=udp port=39990 bytes=46787 flags=SYN-ACK
2026-05-12T23:21:41Z gateway ntpd[3916]: WARN packet forwarded src=207 dst=94 proto=icmp port=586 bytes=2266 flags=FIN
2026-05-03T13:39:28Z gateway iptables[897]: NOTICE packet forwarded src=134 dst=161 proto=tcp port=13910 bytes=56285 flags=FIN
2026-05-12T16:51:49Z gateway ntpd[2835]: INFO packet forwarded src=189 dst=88 proto=tcp port=25202 bytes=52208 flags=FIN
2026-05-06T10:07:01Z gateway hostapd[1524]: INFO packet forwarded src=116 dst=199 proto=icmp port=61974 bytes=31111 flags=PSH
2026-05-02T16:16:57Z gateway syslogd[8086]: NOTICE packet forwarded src=208 dst=252 proto=icmp port=34638 bytes=39798 flags=PSH
2026-05-05T13:01:41Z gateway syslogd[8838]: NOTICE packet forwarded src=78 dst=11 proto=udp port=46814 bytes=53988 flags=PSH
2026-05-02T19:31:56Z gateway dhcpd[4649]: INFO packet forwarded src=235 dst=142 proto=udp port=1427 bytes=43817 flags=SYN
2026-05-04T18:24:14Z gateway dhcpd[5647]: NOTICE packet forwarded src=227 dst=224 proto=udp port=49805 bytes=19787 flags=ACK
2026-05-06T08:57:13Z gateway arpwatch[9260]: NOTICE packet forwarded src=128 dst=130 proto=tcp port=24581 bytes=18765 flags=SYN
2026-05-07T18:50:48Z gateway dhcpd[3842]: DEBUG packet forwarded src=55 dst=138 proto=udp port=63915 bytes=31782 flags=FIN
2026-05-12T16:17:02Z gateway syslogd[9151]: DEBUG packet forwarded src=149 dst=160 proto=udp port=7923 bytes=6404 flags=PSH
2026-05-04T23:12:25Z gateway dhcpd[583]: DEBUG packet forwarded src=147 dst=74 proto=tcp port=64649 bytes=28494 flags=PSH
2026-05-07T04:09:25Z gateway dhcpd[9664]: DEBUG packet forwarded src=118 dst=56 proto=udp port=44637 bytes=64829 flags=FIN
2026-05-02T01:13:22Z gateway dhcpd[4302]: DEBUG packet forwarded src=102 dst=164 proto=udp port=58097 bytes=61149 flags=RST
2026-05-13T15:20:43Z gateway hostapd[5837]: DEBUG packet forwarded src=145 dst=18 proto=udp port=18003 bytes=34545 flags=ACK
2026-05-02T23:23:28Z gateway syslogd[7803]: INFO packet forwarded src=203 dst=133 proto=icmp port=50820 bytes=60632 flags=PSH
2026-05-06T04:39:27Z gateway hostapd[9308]: INFO packet forwarded src=246 dst=160 proto=tcp port=13943 bytes=21094 flags=SYN
2026-05-11T00:05:04Z gateway hostapd[126]: WARN packet forwarded src=184 dst=99 proto=icmp port=19098 bytes=58259 flags=RST
2026-05-13T03:16:14Z gateway ntpd[7034]: DEBUG packet forwarded src=229 dst=37 proto=icmp port=12182 bytes=63420 flags=RST
2026-05-09T19:16:21Z gateway ntpd[1385]: WARN packet forwarded src=211 dst=99 proto=icmp port=45397 bytes=59920 flags=PSH
2026-05-10T08:08:38Z gateway dnsmasq[5433]: WARN packet forwarded src=228 dst=99 proto=icmp port=4327 bytes=21164 flags=SYN-ACK
2026-05-16T15:23:36Z gateway hostapd[1892]: DEBUG packet forwarded src=30 dst=114 proto=udp port=52617 bytes=61012 flags=PSH
2026-05-03T16:08:41Z gateway iptables[6812]: NOTICE packet forwarded src=16 dst=105 proto=udp port=58908 bytes=59215 flags=SYN
2026-05-05T22:52:40Z gateway arpwatch[1451]: NOTICE packet forwarded src=145 dst=37 proto=udp port=58646 bytes=51196 flags=ACK
2026-05-05T12:18:06Z gateway dnsmasq[882]: INFO packet forwarded src=120 dst=8 proto=tcp port=22929 bytes=24482 flags=PSH
2026-05-04T18:45:53Z gateway dnsmasq[8697]: DEBUG packet forwarded src=42 dst=205 proto=udp port=59799 bytes=56824 flags=SYN
2026-05-07T15:08:11Z gateway syslogd[7421]: INFO packet forwarded src=18 dst=200 proto=icmp port=36778 bytes=24096 flags=ACK
2026-05-13T18:04:13Z gateway ntpd[1695]: INFO packet forwarded src=208 dst=135 proto=tcp port=52498 bytes=61341 flags=PSH
2026-05-07T09:00:42Z gateway ntpd[8016]: INFO packet forwarded src=103 dst=44 proto=udp port=62684 bytes=62538 flags=SYN-ACK
2026-05-03T05:07:49Z gateway iptables[4664]: INFO packet forwarded src=168 dst=222 proto=udp port=1943 bytes=57714 flags=ACK
2026-05-11T22:29:19Z gateway syslogd[8671]: DEBUG packet forwarded src=213 dst=81 proto=tcp port=10286 bytes=43978 flags=PSH
2026-05-02T23:33:11Z gateway hostapd[8708]: INFO packet forwarded src=230 dst=53 proto=udp port=13538 bytes=36921 flags=PSH
2026-05-16T17:05:28Z gateway iptables[1092]: INFO packet forwarded src=69 dst=206 proto=udp port=10140 bytes=32217 flags=RST
2026-05-07T06:40:53Z gateway arpwatch[9170]: NOTICE packet forwarded src=161 dst=26 proto=udp port=13848 bytes=59836 flags=PSH
2026-05-08T12:51:03Z gateway dhcpd[280]: NOTICE packet forwarded src=21 dst=202 proto=udp port=55419 bytes=12706 flags=FIN
2026-05-12T06:17:35Z gateway dhcpd[7806]: INFO packet forwarded src=142 dst=188 proto=tcp port=63291 bytes=39616 flags=RST
2026-05-13T00:15:54Z gateway syslogd[7592]: INFO packet forwarded src=251 dst=12 proto=udp port=47375 bytes=21410 flags=RST
2026-05-04T20:05:16Z gateway arpwatch[1089]: INFO packet forwarded src=137 dst=249 proto=icmp port=9718 bytes=35327 flags=SYN
2026-05-14T12:46:42Z gateway iptables[5564]: DEBUG packet forwarded src=225 dst=34 proto=tcp port=29361 bytes=43179 flags=SYN-ACK
2026-05-04T03:53:15Z gateway iptables[8356]: NOTICE packet forwarded src=49 dst=208 proto=udp port=21399 bytes=4451 flags=ACK
2026-05-04T15:26:10Z gateway syslogd[5837]: DEBUG packet forwarded src=225 dst=79 proto=icmp port=64201 bytes=53171 flags=SYN
2026-05-14T16:02:08Z gateway iptables[5294]: NOTICE packet forwarded src=8 dst=127 proto=icmp port=11496 bytes=33313 flags=SYN-ACK
2026-05-15T09:29:43Z gateway dnsmasq[9397]: INFO packet forwarded src=1 dst=246 proto=udp port=43784 bytes=65368 flags=SYN-ACK
2026-05-09T13:32:50Z gateway iptables[691]: DEBUG packet forwarded src=183 dst=89 proto=tcp port=35407 bytes=37849 flags=SYN
2026-05-14T22:44:15Z gateway hostapd[9511]: NOTICE packet forwarded src=79 dst=191 proto=icmp port=29139 bytes=23966 flags=RST
2026-05-03T11:27:50Z gateway dnsmasq[4255]: WARN packet forwarded src=219 dst=27 proto=tcp port=7143 bytes=5744 flags=FIN
2026-05-10T14:46:21Z gateway dnsmasq[7349]: DEBUG packet forwarded src=11 dst=245 proto=udp port=64620 bytes=29005 flags=ACK
2026-05-08T15:38:02Z gateway hostapd[7009]: DEBUG packet forwarded src=126 dst=229 proto=tcp port=43831 bytes=40261 flags=PSH
2026-05-15T06:38:19Z gateway iptables[1807]: WARN packet forwarded src=28 dst=248 proto=icmp port=62705 bytes=11243 flags=RST
2026-05-08T06:33:55Z gateway syslogd[8149]: NOTICE packet forwarded src=19 dst=131 proto=tcp port=39227 bytes=43718 flags=PSH
2026-05-13T10:44:47Z gateway syslogd[8232]: INFO packet forwarded src=57 dst=117 proto=tcp port=14728 bytes=57634 flags=FIN
2026-05-03T07:50:53Z gateway iptables[3803]: NOTICE packet forwarded src=45 dst=143 proto=tcp port=4387 bytes=56706 flags=SYN-ACK
2026-05-05T03:11:51Z gateway dnsmasq[9349]: DEBUG packet forwarded src=193 dst=211 proto=udp port=50717 bytes=29764 flags=RST
2026-05-06T19:58:45Z gateway iptables[8549]: WARN packet forwarded src=223 dst=203 proto=icmp port=63015 bytes=3151 flags=RST
2026-05-10T21:41:49Z gateway hostapd[4431]: NOTICE packet forwarded src=116 dst=252 proto=tcp port=27604 bytes=44293 flags=RST
2026-05-06T06:16:27Z gateway hostapd[8508]: DEBUG packet forwarded src=55 dst=152 proto=icmp port=14808 bytes=62267 flags=PSH
2026-05-09T14:20:58Z gateway dhcpd[4897]: DEBUG packet forwarded src=186 dst=164 proto=tcp port=32706 bytes=26305 flags=PSH
2026-05-09T05:58:09Z gateway dnsmasq[2821]: INFO packet forwarded src=200 dst=194 proto=udp port=5368 bytes=5699 flags=FIN
2026-05-13T17:40:06Z gateway dnsmasq[8799]: NOTICE packet forwarded src=84 dst=228 proto=udp port=55476 bytes=52469 flags=ACK
2026-05-07T07:37:04Z gateway iptables[7400]: NOTICE packet forwarded src=135 dst=114 proto=tcp port=9822 bytes=4184 flags=SYN-ACK
2026-05-12T17:59:09Z gateway ntpd[8946]: WARN packet forwarded src=184 dst=204 proto=udp port=14697 bytes=57251 flags=PSH
2026-05-03T22:52:33Z gateway iptables[6933]: WARN packet forwarded src=153 dst=118 proto=tcp port=36979 bytes=17462 flags=FIN
2026-05-12T03:43:59Z gateway syslogd[8867]: NOTICE packet forwarded src=4 dst=217 proto=tcp port=63949 bytes=14250 flags=PSH
2026-05-03T00:27:25Z gateway iptables[2000]: WARN packet forwarded src=17 dst=126 proto=tcp port=17607 bytes=15054 flags=FIN
2026-05-10T04:51:48Z gateway iptables[5711]: NOTICE packet forwarded src=16 dst=108 proto=tcp port=47729 bytes=2499 flags=ACK
2026-05-07T13:47:13Z gateway ntpd[5420]: INFO packet forwarded src=168 dst=46 proto=icmp port=22474 bytes=40337 flags=SYN-ACK
2026-05-10T19:34:41Z gateway dnsmasq[2855]: DEBUG packet forwarded src=186 dst=223 proto=udp port=57900 bytes=36803 flags=PSH
2026-05-11T13:25:36Z gateway ntpd[7982]: INFO packet forwarded src=217 dst=74 proto=tcp port=54125 bytes=32232 flags=ACK
2026-05-04T05:31:09Z gateway syslogd[8579]: DEBUG packet forwarded src=176 dst=115 proto=udp port=18907 bytes=37974 flags=ACK
2026-05-02T21:10:49Z gateway dnsmasq[4422]: NOTICE packet forwarded src=173 dst=144 proto=tcp port=31837 bytes=61110 flags=SYN-ACK
2026-05-05T13:36:54Z gateway dnsmasq[4757]: NOTICE packet forwarded src=118 dst=219 proto=tcp port=38839 bytes=4123 flags=RST
2026-05-09T05:43:41Z gateway iptables[6204]: WARN packet forwarded src=166 dst=67 proto=tcp port=44223 bytes=30185 flags=PSH
2026-05-13T07:53:26Z gateway dnsmasq[1786]: WARN packet forwarded src=39 dst=186 proto=icmp port=16832 bytes=22582 flags=FIN
2026-05-11T02:27:12Z gateway dnsmasq[9826]: INFO packet forwarded src=54 dst=119 proto=tcp port=48955 bytes=57076 flags=PSH
2026-05-15T17:51:03Z gateway dhcpd[9643]: NOTICE packet forwarded src=74 dst=224 proto=udp port=50646 bytes=56533 flags=FIN
2026-05-08T18:22:24Z gateway hostapd[575]: DEBUG packet forwarded src=1 dst=191 proto=tcp port=21919 bytes=57456 flags=FIN
2026-05-10T04:51:57Z gateway ntpd[5801]: WARN packet forwarded src=115 dst=39 proto=tcp port=27365 bytes=61654 flags=SYN-ACK
2026-05-03T05:25:21Z gateway dnsmasq[4349]: INFO packet forwarded src=213 dst=209 proto=tcp port=4212 bytes=25920 flags=ACK
2026-05-14T14:42:42Z gateway dnsmasq[7262]: DEBUG packet forwarded src=5 dst=214 proto=icmp port=33485 bytes=42580 flags=SYN-ACK
2026-05-07T22:17:22Z gateway dhcpd[2524]: WARN packet forwarded src=71 dst=166 proto=udp port=60350 bytes=41550 flags=RST
2026-05-02T11:35:12Z gateway ntpd[8649]: DEBUG packet forwarded src=23 dst=168 proto=udp port=6561 bytes=4118 flags=SYN-ACK
2026-05-06T05:22:39Z gateway dnsmasq[3130]: WARN packet forwarded src=144 dst=247 proto=udp port=54091 bytes=32339 flags=RST
2026-05-07T19:42:36Z gateway ntpd[1429]: INFO packet forwarded src=143 dst=110 proto=tcp port=51898 bytes=12627 flags=SYN-ACK
2026-05-10T14:50:24Z gateway syslogd[9304]: NOTICE packet forwarded src=82 dst=199 proto=udp port=52801 bytes=4696 flags=SYN-ACK
2026-05-08T02:53:47Z gateway dnsmasq[9964]: NOTICE packet forwarded src=232 dst=31 proto=icmp port=8448 bytes=46612 flags=SYN-ACK
2026-05-08T18:51:37Z gateway hostapd[1074]: INFO packet forwarded src=86 dst=35 proto=icmp port=56818 bytes=43552 flags=SYN-ACK
2026-05-02T19:25:53Z gateway iptables[5046]: INFO packet forwarded src=218 dst=122 proto=tcp port=43923 bytes=65069 flags=FIN
2026-05-09T02:07:13Z gateway dnsmasq[5760]: WARN packet forwarded src=122 dst=113 proto=udp port=11199 bytes=2441 flags=RST
2026-05-04T15:54:50Z gateway dnsmasq[6862]: NOTICE packet forwarded src=133 dst=91 proto=icmp port=5465 bytes=7309 flags=PSH
2026-05-12T14:44:02Z gateway iptables[5821]: DEBUG packet forwarded src=129 dst=196 proto=udp port=50070 bytes=24793 flags=FIN
2026-05-06T03:36:39Z gateway arpwatch[1762]: DEBUG packet forwarded src=47 dst=177 proto=tcp port=11264 bytes=15834 flags=ACK
2026-05-11T18:10:16Z gateway dnsmasq[8657]: DEBUG packet forwarded src=126 dst=32 proto=tcp port=18266 bytes=24805 flags=ACK
2026-05-15T17:56:44Z gateway syslogd[8411]: WARN packet forwarded src=49 dst=227 proto=udp port=35446 bytes=51470 flags=ACK
2026-05-10T06:10:01Z gateway hostapd[3773]: WARN packet forwarded src=184 dst=75 proto=icmp port=24570 bytes=16731 flags=ACK
2026-05-14T20:27:35Z gateway arpwatch[3391]: DEBUG packet forwarded src=120 dst=253 proto=udp port=42986 bytes=46174 flags=ACK
2026-05-06T19:13:11Z gateway iptables[4359]: DEBUG packet forwarded src=109 dst=148 proto=tcp port=15376 bytes=4684 flags=PSH
2026-05-13T07:03:07Z gateway arpwatch[3232]: INFO packet forwarded src=161 dst=181 proto=icmp port=48908 bytes=35526 flags=PSH
2026-05-07T15:18:20Z gateway iptables[4003]: NOTICE packet forwarded src=178 dst=236 proto=icmp port=27055 bytes=53564 flags=FIN
2026-05-14T23:24:59Z gateway dnsmasq[2154]: DEBUG packet forwarded src=123 dst=239 proto=udp port=39621 bytes=20660 flags=ACK
2026-05-03T13:21:55Z gateway iptables[6049]: DEBUG packet forwarded src=254 dst=88 proto=icmp port=11868 bytes=47107 flags=ACK
2026-05-05T04:22:03Z gateway syslogd[6884]: NOTICE packet forwarded src=138 dst=103 proto=icmp port=47559 bytes=43332 flags=ACK
2026-05-11T18:12:29Z gateway arpwatch[6083]: WARN packet forwarded src=14 dst=110 proto=icmp port=60522 bytes=45666 flags=FIN
2026-05-14T09:04:18Z gateway syslogd[3257]: WARN packet forwarded src=99 dst=15 proto=icmp port=42039 bytes=6126 flags=SYN
2026-05-04T13:35:18Z gateway dnsmasq[557]: WARN packet forwarded src=108 dst=233 proto=tcp port=51864 bytes=30319 flags=SYN
2026-05-09T17:55:53Z gateway ntpd[5171]: NOTICE packet forwarded src=211 dst=99 proto=icmp port=13119 bytes=43306 flags=PSH
2026-05-16T15:23:44Z gateway dhcpd[6834]: NOTICE packet forwarded src=20 dst=234 proto=udp port=21639 bytes=26814 flags=RST
2026-05-12T09:51:53Z gateway dhcpd[4231]: INFO packet forwarded src=163 dst=140 proto=udp port=8106 bytes=46266 flags=RST
2026-05-15T08:32:53Z gateway syslogd[5607]: WARN packet forwarded src=34 dst=128 proto=udp port=16007 bytes=50078 flags=FIN
2026-05-02T04:44:12Z gateway arpwatch[9863]: WARN packet forwarded src=68 dst=185 proto=udp port=3832 bytes=33487 flags=SYN-ACK
2026-05-04T10:28:06Z gateway hostapd[9030]: DEBUG packet forwarded src=161 dst=158 proto=icmp port=49867 bytes=7149 flags=SYN
2026-05-06T10:43:34Z gateway dnsmasq[4457]: WARN packet forwarded src=220 dst=120 proto=udp port=40208 bytes=11677 flags=SYN
2026-05-04T04:17:10Z gateway arpwatch[3801]: NOTICE packet forwarded src=195 dst=120 proto=tcp port=41860 bytes=10434 flags=RST
2026-05-12T08:07:26Z gateway dnsmasq[9403]: WARN packet forwarded src=43 dst=201 proto=icmp port=7685 bytes=29867 flags=PSH
2026-05-03T05:26:16Z gateway dnsmasq[2468]: NOTICE packet forwarded src=182 dst=23 proto=icmp port=19260 bytes=26633 flags=SYN-ACK
2026-05-16T13:24:41Z gateway dhcpd[3677]: NOTICE packet forwarded src=239 dst=196 proto=icmp port=35513 bytes=30557 flags=SYN
2026-05-10T00:30:59Z gateway hostapd[2697]: INFO packet forwarded src=25 dst=74 proto=icmp port=62866 bytes=1554 flags=PSH
2026-05-02T00:55:30Z gateway arpwatch[5345]: NOTICE packet forwarded src=52 dst=70 proto=icmp port=43190 bytes=64387 flags=SYN-ACK
2026-05-09T16:23:15Z gateway ntpd[2287]: WARN packet forwarded src=150 dst=169 proto=tcp port=63281 bytes=10469 flags=RST
2026-05-13T01:02:54Z gateway arpwatch[8908]: WARN packet forwarded src=145 dst=130 proto=udp port=60024 bytes=10493 flags=SYN
2026-05-09T20:05:03Z gateway arpwatch[2377]: DEBUG packet forwarded src=16 dst=111 proto=tcp port=55994 bytes=9609 flags=SYN-ACK
2026-05-16T22:13:18Z gateway dhcpd[6935]: NOTICE packet forwarded src=245 dst=52 proto=udp port=11540 bytes=46202 flags=PSH
2026-05-02T00:34:31Z gateway syslogd[2761]: DEBUG packet forwarded src=53 dst=35 proto=udp port=37784 bytes=6184 flags=FIN
2026-05-03T04:47:44Z gateway hostapd[9062]: NOTICE packet forwarded src=115 dst=139 proto=icmp port=25263 bytes=40029 flags=RST
2026-05-10T08:43:32Z gateway arpwatch[1881]: NOTICE packet forwarded src=228 dst=28 proto=udp port=9961 bytes=44694 flags=FIN
2026-05-13T22:20:44Z gateway ntpd[8919]: NOTICE packet forwarded src=220 dst=21 proto=icmp port=49436 bytes=48966 flags=SYN-ACK
2026-05-14T00:01:14Z gateway arpwatch[3828]: NOTICE packet forwarded src=34 dst=45 proto=icmp port=33798 bytes=31846 flags=SYN-ACK
2026-05-09T22:59:08Z gateway syslogd[6404]: INFO packet forwarded src=64 dst=202 proto=tcp port=15839 bytes=9210 flags=SYN-ACK
2026-05-04T01:51:03Z gateway ntpd[6374]: WARN packet forwarded src=239 dst=76 proto=udp port=65257 bytes=49399 flags=ACK
2026-05-02T02:49:17Z gateway hostapd[7686]: DEBUG packet forwarded src=105 dst=42 proto=udp port=61775 bytes=25051 flags=RST
2026-05-04T23:35:39Z gateway hostapd[6144]: DEBUG packet forwarded src=191 dst=35 proto=udp port=31653 bytes=25875 flags=PSH
2026-05-16T07:10:46Z gateway hostapd[587]: DEBUG packet forwarded src=82 dst=71 proto=icmp port=12044 bytes=1747 flags=FIN
2026-05-10T20:18:09Z gateway dnsmasq[1313]: DEBUG packet forwarded src=233 dst=163 proto=icmp port=46402 bytes=55253 flags=ACK
2026-05-10T06:18:52Z gateway dnsmasq[4604]: INFO packet forwarded src=98 dst=61 proto=tcp port=64569 bytes=65290 flags=ACK
2026-05-07T01:39:42Z gateway hostapd[4455]: DEBUG packet forwarded src=225 dst=5 proto=icmp port=49731 bytes=30039 flags=ACK
2026-05-15T06:46:32Z gateway iptables[8919]: DEBUG packet forwarded src=252 dst=74 proto=icmp port=1717 bytes=19816 flags=RST
2026-05-09T13:55:41Z gateway arpwatch[1643]: WARN packet forwarded src=233 dst=5 proto=icmp port=25345 bytes=22536 flags=SYN
2026-05-14T04:22:19Z gateway syslogd[3435]: INFO packet forwarded src=8 dst=25 proto=tcp port=36544 bytes=51005 flags=PSH
2026-05-13T18:13:27Z gateway syslogd[6389]: INFO packet forwarded src=141 dst=182 proto=tcp port=9778 bytes=54748 flags=FIN
2026-05-05T17:04:16Z gateway dnsmasq[1730]: WARN packet forwarded src=48 dst=3 proto=tcp port=9811 bytes=19535 flags=SYN
2026-05-13T20:28:58Z gateway syslogd[3399]: WARN packet forwarded src=104 dst=136 proto=tcp port=21003 bytes=44364 flags=SYN-ACK
2026-05-04T00:37:47Z gateway arpwatch[5468]: NOTICE packet forwarded src=42 dst=66 proto=tcp port=24617 bytes=49692 flags=PSH
2026-05-11T21:25:46Z gateway dnsmasq[3810]: DEBUG packet forwarded src=192 dst=164 proto=udp port=35446 bytes=1217 flags=FIN
2026-05-10T16:22:16Z gateway dhcpd[550]: DEBUG packet forwarded src=81 dst=15 proto=udp port=19925 bytes=31445 flags=RST
2026-05-14T02:20:45Z gateway dnsmasq[8368]: WARN packet forwarded src=197 dst=232 proto=icmp port=14389 bytes=60977 flags=PSH
2026-05-03T11:48:35Z gateway dhcpd[7299]: NOTICE packet forwarded src=147 dst=77 proto=tcp port=48129 bytes=40345 flags=ACK
2026-05-14T18:59:04Z gateway iptables[483]: DEBUG packet forwarded src=41 dst=167 proto=icmp port=63472 bytes=12013 flags=PSH
2026-05-04T08:28:15Z gateway arpwatch[9183]: NOTICE packet forwarded src=192 dst=172 proto=tcp port=3106 bytes=19572 flags=RST
2026-05-09T07:39:15Z gateway dnsmasq[5459]: INFO packet forwarded src=146 dst=116 proto=udp port=39502 bytes=32203 flags=SYN-ACK
2026-05-14T00:33:18Z gateway dnsmasq[4279]: NOTICE packet forwarded src=233 dst=227 proto=icmp port=11695 bytes=21037 flags=RST
2026-05-05T00:41:34Z gateway syslogd[645]: DEBUG packet forwarded src=197 dst=83 proto=udp port=48678 bytes=56554 flags=FIN
2026-05-08T04:26:00Z gateway dnsmasq[9595]: DEBUG packet forwarded src=203 dst=252 proto=udp port=14617 bytes=23660 flags=SYN
2026-05-11T07:18:11Z gateway iptables[974]: INFO packet forwarded src=110 dst=131 proto=icmp port=53953 bytes=5329 flags=ACK
2026-05-05T12:01:57Z gateway ntpd[2907]: INFO packet forwarded src=180 dst=93 proto=udp port=42705 bytes=57835 flags=FIN
2026-05-08T06:26:43Z gateway ntpd[1755]: WARN packet forwarded src=73 dst=85 proto=udp port=64804 bytes=60515 flags=ACK
2026-05-04T18:48:08Z gateway syslogd[9947]: INFO packet forwarded src=194 dst=69 proto=icmp port=44270 bytes=45771 flags=PSH
2026-05-12T12:54:01Z gateway arpwatch[2706]: DEBUG packet forwarded src=122 dst=39 proto=icmp port=15831 bytes=12172 flags=RST
2026-05-07T05:16:47Z gateway dhcpd[5971]: NOTICE packet forwarded src=59 dst=74 proto=icmp port=56827 bytes=26923 flags=RST
2026-05-02T09:41:46Z gateway dhcpd[7922]: INFO packet forwarded src=8 dst=35 proto=tcp port=45301 bytes=31897 flags=FIN
2026-05-14T12:09:19Z gateway iptables[7744]: NOTICE packet forwarded src=184 dst=16 proto=udp port=38629 bytes=10190 flags=ACK
2026-05-12T01:05:55Z gateway dnsmasq[6337]: INFO packet forwarded src=117 dst=85 proto=udp port=58506 bytes=52000 flags=ACK
2026-05-04T18:59:06Z gateway syslogd[7300]: WARN packet forwarded src=235 dst=185 proto=tcp port=29798 bytes=30873 flags=RST
2026-05-03T05:28:00Z gateway hostapd[3794]: NOTICE packet forwarded src=33 dst=200 proto=tcp port=25768 bytes=45505 flags=SYN
2026-05-07T05:48:43Z gateway syslogd[6766]: WARN packet forwarded src=85 dst=145 proto=tcp port=62363 bytes=1227 flags=ACK
2026-05-13T11:49:23Z gateway iptables[1136]: DEBUG packet forwarded src=158 dst=123 proto=tcp port=31563 bytes=15452 flags=SYN
2026-05-13T00:26:22Z gateway ntpd[1270]: NOTICE packet forwarded src=118 dst=74 proto=icmp port=38935 bytes=21199 flags=RST
2026-05-15T08:20:19Z gateway arpwatch[7883]: NOTICE packet forwarded src=36 dst=37 proto=udp port=12486 bytes=53084 flags=SYN
2026-05-11T00:23:54Z gateway ntpd[856]: DEBUG packet forwarded src=16 dst=187 proto=tcp port=58322 bytes=12989 flags=PSH
2026-05-11T11:11:19Z gateway hostapd[7731]: INFO packet forwarded src=172 dst=186 proto=tcp port=8875 bytes=34950 flags=RST
2026-05-05T09:25:35Z gateway ntpd[8802]: WARN packet forwarded src=75 dst=122 proto=udp port=30864 bytes=31260 flags=SYN-ACK
2026-05-10T20:30:41Z gateway arpwatch[6223]: INFO packet forwarded src=139 dst=43 proto=udp port=1162 bytes=7739 flags=SYN-ACK
2026-05-03T14:45:58Z gateway syslogd[8901]: DEBUG packet forwarded src=128 dst=219 proto=udp port=53375 bytes=32652 flags=FIN
2026-05-04T06:01:47Z gateway hostapd[2566]: NOTICE packet forwarded src=36 dst=134 proto=icmp port=24828 bytes=31122 flags=SYN
2026-05-06T06:08:59Z gateway hostapd[4193]: INFO packet forwarded src=193 dst=80 proto=icmp port=5663 bytes=24787 flags=ACK
2026-05-03T23:42:53Z gateway dhcpd[374]: INFO packet forwarded src=41 dst=254 proto=udp port=23556 bytes=27565 flags=ACK
2026-05-16T18:39:15Z gateway ntpd[8892]: DEBUG packet forwarded src=141 dst=232 proto=icmp port=31625 bytes=18226 flags=RST
2026-05-12T02:51:15Z gateway syslogd[430]: INFO packet forwarded src=80 dst=220 proto=udp port=55965 bytes=59367 flags=PSH
2026-05-07T11:36:00Z gateway ntpd[8473]: INFO packet forwarded src=25 dst=77 proto=udp port=10693 bytes=12125 flags=SYN
2026-05-07T13:29:35Z gateway iptables[6471]: NOTICE packet forwarded src=211 dst=28 proto=udp port=44742 bytes=15244 flags=SYN
2026-05-12T06:38:06Z gateway dhcpd[7652]: INFO packet forwarded src=16 dst=168 proto=udp port=52961 bytes=38721 flags=FIN
2026-05-15T19:00:29Z gateway arpwatch[5243]: NOTICE packet forwarded src=186 dst=73 proto=icmp port=55498 bytes=30883 flags=PSH
2026-05-15T18:52:43Z gateway dnsmasq[2286]: DEBUG packet forwarded src=35 dst=146 proto=tcp port=146 bytes=13239 flags=SYN
2026-05-12T18:12:10Z gateway dnsmasq[4400]: DEBUG packet forwarded src=150 dst=70 proto=udp port=56224 bytes=26192 flags=RST
2026-05-13T15:34:57Z gateway dnsmasq[5130]: INFO packet forwarded src=235 dst=10 proto=tcp port=27703 bytes=58586 flags=SYN
2026-05-07T06:52:18Z gateway syslogd[2786]: DEBUG packet forwarded src=44 dst=73 proto=udp port=43700 bytes=8673 flags=SYN
2026-05-13T21:55:02Z gateway syslogd[9400]: INFO packet forwarded src=46 dst=100 proto=tcp port=30955 bytes=10342 flags=RST
2026-05-11T02:12:29Z gateway syslogd[2179]: WARN packet forwarded src=10 dst=104 proto=udp port=4513 bytes=38390 flags=ACK
2026-05-11T05:49:17Z gateway iptables[2617]: DEBUG packet forwarded src=83 dst=39 proto=icmp port=39070 bytes=37778 flags=SYN-ACK
2026-05-03T19:52:57Z gateway hostapd[813]: DEBUG packet forwarded src=246 dst=207 proto=tcp port=2388 bytes=62956 flags=RST
2026-05-15T10:05:55Z gateway hostapd[2037]: DEBUG packet forwarded src=78 dst=44 proto=icmp port=47871 bytes=13095 flags=ACK
2026-05-02T21:33:57Z gateway dnsmasq[8570]: DEBUG packet forwarded src=70 dst=34 proto=icmp port=11475 bytes=53431 flags=SYN
2026-05-04T22:28:35Z gateway syslogd[4637]: DEBUG packet forwarded src=152 dst=6 proto=icmp port=2275 bytes=55818 flags=FIN
2026-05-05T13:11:33Z gateway dnsmasq[2885]: NOTICE packet forwarded src=77 dst=32 proto=tcp port=6343 bytes=20214 flags=RST
2026-05-14T01:19:33Z gateway syslogd[9030]: INFO packet forwarded src=171 dst=203 proto=udp port=27852 bytes=56424 flags=RST
2026-05-02T17:35:12Z gateway hostapd[9417]: NOTICE packet forwarded src=111 dst=85 proto=tcp port=10465 bytes=33033 flags=ACK
2026-05-11T17:50:50Z gateway dhcpd[9186]: NOTICE packet forwarded src=98 dst=22 proto=icmp port=8766 bytes=47144 flags=SYN
2026-05-16T16:11:41Z gateway ntpd[635]: DEBUG packet forwarded src=231 dst=104 proto=tcp port=41434 bytes=58578 flags=SYN
2026-05-15T01:45:58Z gateway arpwatch[7874]: INFO packet forwarded src=94 dst=160 proto=icmp port=49759 bytes=61633 flags=ACK
2026-05-04T16:43:46Z gateway syslogd[1265]: INFO packet forwarded src=120 dst=197 proto=icmp port=3835 bytes=5679 flags=ACK
2026-05-04T22:36:38Z gateway syslogd[7753]: DEBUG packet forwarded src=105 dst=86 proto=udp port=20967 bytes=33318 flags=SYN-ACK
2026-05-08T00:28:41Z gateway arpwatch[6850]: WARN packet forwarded src=39 dst=81 proto=tcp port=44695 bytes=39484 flags=PSH
2026-05-09T19:25:59Z gateway dnsmasq[736]: WARN packet forwarded src=28 dst=30 proto=tcp port=6977 bytes=35420 flags=PSH
2026-05-02T10:59:42Z gateway dnsmasq[3652]: INFO packet forwarded src=40 dst=17 proto=icmp port=38527 bytes=17754 flags=SYN-ACK
2026-05-13T19:16:54Z gateway hostapd[3269]: WARN packet forwarded src=214 dst=209 proto=icmp port=26323 bytes=22396 flags=RST
2026-05-11T03:28:31Z gateway dnsmasq[5167]: WARN packet forwarded src=209 dst=27 proto=udp port=12139 bytes=44702 flags=PSH
2026-05-09T05:14:39Z gateway arpwatch[378]: WARN packet forwarded src=99 dst=248 proto=udp port=54544 bytes=40895 flags=PSH
2026-05-05T11:38:30Z gateway dnsmasq[1737]: DEBUG packet forwarded src=42 dst=32 proto=icmp port=42976 bytes=26462 flags=SYN-ACK
2026-05-10T19:21:04Z gateway arpwatch[9057]: WARN packet forwarded src=137 dst=87 proto=icmp port=10556 bytes=47910 flags=ACK
2026-05-04T04:52:55Z gateway hostapd[8539]: NOTICE packet forwarded src=123 dst=24 proto=icmp port=55718 bytes=11464 flags=SYN-ACK
2026-05-07T12:53:23Z gateway dnsmasq[3287]: NOTICE packet forwarded src=240 dst=251 proto=udp port=20587 bytes=8281 flags=SYN-ACK
2026-05-05T21:06:06Z gateway dnsmasq[7464]: INFO packet forwarded src=15 dst=209 proto=icmp port=24172 bytes=48123 flags=ACK
2026-05-11T03:55:31Z gateway ntpd[9801]: DEBUG packet forwarded src=99 dst=99 proto=udp port=43957 bytes=45040 flags=PSH
2026-05-06T17:48:35Z gateway dnsmasq[9700]: WARN packet forwarded src=187 dst=91 proto=icmp port=51725 bytes=52883 flags=RST
2026-05-03T08:52:15Z gateway arpwatch[4748]: NOTICE packet forwarded src=125 dst=235 proto=udp port=10448 bytes=42743 flags=RST
2026-05-03T23:21:15Z gateway syslogd[9217]: INFO packet forwarded src=72 dst=249 proto=udp port=44667 bytes=12132 flags=RST
2026-05-02T02:13:06Z gateway dnsmasq[1482]: INFO packet forwarded src=1 dst=193 proto=icmp port=22610 bytes=14857 flags=FIN
2026-05-16T08:41:58Z gateway hostapd[7981]: DEBUG packet forwarded src=201 dst=191 proto=tcp port=43117 bytes=10873 flags=SYN-ACK
2026-05-16T12:03:14Z gateway iptables[7449]: WARN packet forwarded src=35 dst=31 proto=udp port=39004 bytes=58396 flags=SYN-ACK
2026-05-03T16:58:13Z gateway dnsmasq[3690]: NOTICE packet forwarded src=198 dst=40 proto=udp port=12402 bytes=55190 flags=SYN
2026-05-16T18:48:17Z gateway arpwatch[6790]: NOTICE packet forwarded src=218 dst=223 proto=tcp port=1224 bytes=43786 flags=RST
2026-05-14T15:39:24Z gateway dnsmasq[3986]: INFO packet forwarded src=30 dst=192 proto=tcp port=51750 bytes=54723 flags=RST
2026-05-03T02:20:38Z gateway arpwatch[3544]: WARN packet forwarded src=26 dst=243 proto=icmp port=9924 bytes=42850 flags=SYN
2026-05-03T23:56:30Z gateway hostapd[8212]: WARN packet forwarded src=151 dst=74 proto=tcp port=47991 bytes=1884 flags=ACK
2026-05-12T12:42:29Z gateway dhcpd[4313]: NOTICE packet forwarded src=158 dst=173 proto=icmp port=3195 bytes=64034 flags=SYN-ACK
2026-05-12T18:02:38Z gateway dnsmasq[676]: WARN packet forwarded src=149 dst=185 proto=tcp port=21406 bytes=42024 flags=FIN
2026-05-13T04:06:29Z gateway dnsmasq[7807]: NOTICE packet forwarded src=152 dst=110 proto=tcp port=2365 bytes=18042 flags=FIN
2026-05-15T23:06:53Z gateway arpwatch[9028]: WARN packet forwarded src=111 dst=181 proto=icmp port=60551 bytes=940 flags=SYN-ACK
2026-05-04T22:53:05Z gateway dnsmasq[7431]: INFO packet forwarded src=161 dst=94 proto=tcp port=21272 bytes=4079 flags=SYN
2026-05-10T05:52:59Z gateway hostapd[6925]: WARN packet forwarded src=238 dst=112 proto=icmp port=42684 bytes=44444 flags=PSH
2026-05-14T14:46:02Z gateway dhcpd[2768]: INFO packet forwarded src=124 dst=166 proto=icmp port=39170 bytes=32470 flags=RST
2026-05-02T05:39:15Z gateway hostapd[6137]: NOTICE packet forwarded src=136 dst=117 proto=icmp port=20022 bytes=4688 flags=SYN
2026-05-02T23:40:42Z gateway hostapd[3493]: INFO packet forwarded src=234 dst=128 proto=icmp port=22442 bytes=23632 flags=PSH
2026-05-13T13:08:22Z gateway ntpd[8385]: NOTICE packet forwarded src=72 dst=144 proto=udp port=8775 bytes=42790 flags=RST
2026-05-04T09:19:46Z gateway dhcpd[718]: INFO packet forwarded src=60 dst=42 proto=icmp port=4128 bytes=62798 flags=RST
2026-05-09T08:26:25Z gateway syslogd[9953]: DEBUG packet forwarded src=65 dst=149 proto=udp port=18061 bytes=6878 flags=ACK
2026-05-13T11:31:13Z gateway syslogd[7354]: NOTICE packet forwarded src=249 dst=196 proto=icmp port=25930 bytes=21443 flags=RST
2026-05-09T05:08:07Z gateway dhcpd[6853]: WARN packet forwarded src=122 dst=66 proto=icmp port=13968 bytes=41094 flags=ACK
2026-05-12T21:00:54Z gateway iptables[4817]: INFO packet forwarded src=32 dst=91 proto=udp port=49079 bytes=17981 flags=SYN-ACK
2026-05-03T21:48:43Z gateway iptables[7272]: NOTICE packet forwarded src=14 dst=156 proto=tcp port=45291 bytes=21285 flags=SYN
2026-05-13T02:53:36Z gateway dhcpd[9985]: INFO packet forwarded src=68 dst=75 proto=tcp port=15152 bytes=21476 flags=SYN
2026-05-07T06:38:01Z gateway hostapd[9280]: DEBUG packet forwarded src=32 dst=204 proto=tcp port=28279 bytes=46112 flags=RST
2026-05-16T20:21:06Z gateway hostapd[3418]: NOTICE packet forwarded src=23 dst=139 proto=tcp port=54444 bytes=13250 flags=ACK
2026-05-06T08:43:06Z gateway dhcpd[3192]: INFO packet forwarded src=82 dst=35 proto=udp port=17251 bytes=20477 flags=SYN-ACK
2026-05-06T06:31:04Z gateway hostapd[7876]: NOTICE packet forwarded src=230 dst=83 proto=udp port=22798 bytes=36089 flags=SYN
2026-05-03T01:24:27Z gateway dhcpd[8703]: INFO packet forwarded src=120 dst=96 proto=udp port=8203 bytes=55272 flags=RST
2026-05-02T07:53:15Z gateway dnsmasq[8001]: WARN packet forwarded src=106 dst=168 proto=udp port=41612 bytes=46323 flags=PSH
2026-05-15T16:54:48Z gateway syslogd[7791]: WARN packet forwarded src=239 dst=177 proto=tcp port=45260 bytes=46043 flags=PSH
2026-05-13T06:12:59Z gateway dnsmasq[2996]: WARN packet forwarded src=142 dst=195 proto=udp port=45073 bytes=49764 flags=PSH
2026-05-12T15:39:57Z gateway arpwatch[6191]: INFO packet forwarded src=54 dst=127 proto=udp port=6516 bytes=51819 flags=ACK
2026-05-04T19:06:37Z gateway hostapd[2655]: NOTICE packet forwarded src=195 dst=73 proto=udp port=30315 bytes=26587 flags=PSH
2026-05-05T01:08:37Z gateway dhcpd[1776]: INFO packet forwarded src=70 dst=106 proto=udp port=43278 bytes=39436 flags=SYN-ACK
2026-05-15T05:03:15Z gateway syslogd[3128]: DEBUG packet forwarded src=185 dst=122 proto=udp port=61468 bytes=41776 flags=SYN
2026-05-13T13:58:18Z gateway iptables[4198]: NOTICE packet forwarded src=196 dst=3 proto=tcp port=62757 bytes=29874 flags=PSH
2026-05-04T19:55:22Z gateway arpwatch[4864]: NOTICE packet forwarded src=101 dst=224 proto=icmp port=38845 bytes=34050 flags=SYN-ACK
2026-05-05T18:14:35Z gateway iptables[3043]: DEBUG packet forwarded src=19 dst=69 proto=icmp port=54949 bytes=48898 flags=FIN
2026-05-16T19:40:54Z gateway dhcpd[1351]: DEBUG packet forwarded src=180 dst=196 proto=icmp port=62252 bytes=30028 flags=SYN-ACK
2026-05-03T07:56:36Z gateway syslogd[2240]: INFO packet forwarded src=215 dst=24 proto=udp port=4275 bytes=14482 flags=ACK
2026-05-07T08:09:40Z gateway arpwatch[4015]: DEBUG packet forwarded src=44 dst=12 proto=udp port=59122 bytes=62600 flags=SYN
2026-05-03T09:07:24Z gateway iptables[9285]: DEBUG packet forwarded src=10 dst=182 proto=icmp port=33421 bytes=22160 flags=RST
2026-05-10T20:15:43Z gateway syslogd[4858]: WARN packet forwarded src=225 dst=19 proto=icmp port=55057 bytes=47453 flags=ACK
2026-05-11T07:13:00Z gateway dhcpd[1015]: WARN packet forwarded src=26 dst=200 proto=udp port=14771 bytes=44233 flags=SYN
2026-05-10T16:44:44Z gateway syslogd[4787]: INFO packet forwarded src=146 dst=63 proto=udp port=1917 bytes=35122 flags=ACK
2026-05-08T14:21:47Z gateway iptables[4830]: NOTICE packet forwarded src=59 dst=127 proto=icmp port=63065 bytes=19367 flags=RST
2026-05-16T07:53:20Z gateway dhcpd[6922]: INFO packet forwarded src=129 dst=218 proto=icmp port=10415 bytes=1836 flags=RST
2026-05-15T19:26:32Z gateway arpwatch[1292]: INFO packet forwarded src=167 dst=51 proto=udp port=33939 bytes=54300 flags=PSH
2026-05-15T00:12:57Z gateway ntpd[9556]: NOTICE packet forwarded src=160 dst=216 proto=tcp port=38862 bytes=49235 flags=SYN-ACK
2026-05-06T02:44:12Z gateway ntpd[4751]: INFO packet forwarded src=32 dst=64 proto=tcp port=56410 bytes=58122 flags=ACK
2026-05-08T09:05:04Z gateway arpwatch[9804]: NOTICE packet forwarded src=73 dst=61 proto=icmp port=47125 bytes=6708 flags=ACK
2026-05-04T08:44:34Z gateway ntpd[4002]: DEBUG packet forwarded src=110 dst=40 proto=tcp port=54070 bytes=45424 flags=FIN
2026-05-16T22:14:54Z gateway ntpd[8529]: NOTICE packet forwarded src=82 dst=28 proto=icmp port=48119 bytes=12992 flags=SYN
2026-05-16T16:27:33Z gateway ntpd[9315]: NOTICE packet forwarded src=78 dst=240 proto=tcp port=6305 bytes=15681 flags=ACK
2026-05-03T19:52:29Z gateway hostapd[2379]: NOTICE packet forwarded src=50 dst=124 proto=udp port=7365 bytes=2981 flags=PSH
2026-05-03T19:16:44Z gateway arpwatch[6758]: NOTICE packet forwarded src=145 dst=130 proto=udp port=51273 bytes=48989 flags=ACK
2026-05-06T19:00:27Z gateway syslogd[8300]: INFO packet forwarded src=166 dst=202 proto=icmp port=3991 bytes=33446 flags=SYN
2026-05-15T04:57:43Z gateway dhcpd[9403]: DEBUG packet forwarded src=20 dst=200 proto=udp port=50767 bytes=54628 flags=PSH
2026-05-06T19:32:47Z gateway ntpd[6777]: WARN packet forwarded src=206 dst=195 proto=udp port=34306 bytes=45490 flags=ACK
2026-05-06T18:49:25Z gateway ntpd[6142]: DEBUG packet forwarded src=27 dst=70 proto=icmp port=61545 bytes=41279 flags=PSH
2026-05-12T01:46:01Z gateway hostapd[4261]: WARN packet forwarded src=4 dst=6 proto=udp port=56176 bytes=44535 flags=RST
2026-05-14T07:33:40Z gateway iptables[8737]: INFO packet forwarded src=185 dst=30 proto=tcp port=231 bytes=63150 flags=SYN
2026-05-06T14:25:40Z gateway arpwatch[9216]: NOTICE packet forwarded src=86 dst=188 proto=tcp port=8135 bytes=18524 flags=FIN
2026-05-14T15:36:17Z gateway syslogd[2008]: DEBUG packet forwarded src=213 dst=18 proto=udp port=33398 bytes=1466 flags=ACK
2026-05-07T06:43:55Z gateway iptables[2896]: WARN packet forwarded src=153 dst=115 proto=udp port=19425 bytes=23743 flags=SYN
2026-05-08T11:22:06Z gateway arpwatch[2837]: NOTICE packet forwarded src=95 dst=204 proto=icmp port=30671 bytes=34952 flags=ACK
2026-05-10T20:04:41Z gateway dhcpd[7804]: WARN packet forwarded src=214 dst=89 proto=tcp port=19664 bytes=13751 flags=PSH
2026-05-02T09:59:39Z gateway arpwatch[1971]: WARN packet forwarded src=155 dst=92 proto=icmp port=7679 bytes=56309 flags=SYN-ACK
2026-05-12T08:51:40Z gateway iptables[4268]: NOTICE packet forwarded src=98 dst=61 proto=tcp port=17741 bytes=2504 flags=RST
2026-05-04T02:52:29Z gateway hostapd[8194]: WARN packet forwarded src=41 dst=216 proto=icmp port=56737 bytes=35363 flags=FIN
2026-05-08T06:41:15Z gateway arpwatch[6544]: WARN packet forwarded src=29 dst=244 proto=icmp port=10713 bytes=63551 flags=RST
2026-05-02T00:03:54Z gateway iptables[3631]: NOTICE packet forwarded src=144 dst=219 proto=udp port=39438 bytes=29567 flags=ACK
2026-05-10T05:21:46Z gateway iptables[7106]: WARN packet forwarded src=204 dst=65 proto=icmp port=49378 bytes=12387 flags=FIN
2026-05-16T06:09:19Z gateway hostapd[2527]: DEBUG packet forwarded src=222 dst=6 proto=udp port=24475 bytes=18400 flags=FIN
2026-05-02T14:52:30Z gateway ntpd[4718]: WARN packet forwarded src=24 dst=133 proto=tcp port=51425 bytes=27876 flags=FIN
2026-05-10T03:02:43Z gateway dhcpd[4954]: WARN packet forwarded src=244 dst=244 proto=udp port=18209 bytes=7982 flags=RST
2026-05-12T23:37:27Z gateway arpwatch[5270]: WARN packet forwarded src=192 dst=215 proto=tcp port=26167 bytes=21711 flags=SYN-ACK
2026-05-14T12:51:59Z gateway arpwatch[9675]: INFO packet forwarded src=173 dst=86 proto=icmp port=53569 bytes=10672 flags=ACK
2026-05-14T08:32:49Z gateway syslogd[6147]: INFO packet forwarded src=170 dst=98 proto=udp port=40322 bytes=27520 flags=SYN-ACK
2026-05-03T19:53:57Z gateway iptables[1376]: INFO packet forwarded src=157 dst=81 proto=udp port=49845 bytes=13179 flags=SYN-ACK
2026-05-14T15:07:04Z gateway syslogd[1609]: WARN packet forwarded src=175 dst=63 proto=tcp port=37335 bytes=12967 flags=PSH
2026-05-04T04:27:16Z gateway ntpd[2449]: DEBUG packet forwarded src=47 dst=62 proto=icmp port=3815 bytes=19099 flags=SYN
2026-05-09T08:55:29Z gateway iptables[6549]: WARN packet forwarded src=169 dst=247 proto=tcp port=65443 bytes=60146 flags=ACK
2026-05-11T06:50:18Z gateway ntpd[1192]: DEBUG packet forwarded src=220 dst=190 proto=tcp port=137 bytes=51565 flags=ACK
2026-05-12T12:05:00Z gateway iptables[2488]: WARN packet forwarded src=111 dst=226 proto=udp port=23943 bytes=59628 flags=FIN
2026-05-06T06:40:29Z gateway dhcpd[4124]: INFO packet forwarded src=61 dst=190 proto=udp port=36234 bytes=22214 flags=SYN
2026-05-02T07:12:59Z gateway ntpd[2190]: INFO packet forwarded src=156 dst=99 proto=udp port=23315 bytes=53217 flags=SYN-ACK
2026-05-05T06:56:09Z gateway arpwatch[3948]: INFO packet forwarded src=236 dst=181 proto=udp port=59349 bytes=48671 flags=PSH
2026-05-05T16:40:35Z gateway arpwatch[9487]: NOTICE packet forwarded src=30 dst=39 proto=udp port=32624 bytes=20958 flags=SYN-ACK
2026-05-06T17:40:34Z gateway hostapd[8848]: NOTICE packet forwarded src=151 dst=105 proto=tcp port=46771 bytes=41105 flags=SYN-ACK
2026-05-11T11:12:55Z gateway iptables[2493]: NOTICE packet forwarded src=52 dst=99 proto=icmp port=64520 bytes=17015 flags=RST
2026-05-05T11:11:43Z gateway hostapd[8839]: DEBUG packet forwarded src=55 dst=115 proto=icmp port=22105 bytes=35538 flags=ACK
2026-05-08T15:09:04Z gateway iptables[3707]: DEBUG packet forwarded src=114 dst=44 proto=tcp port=38623 bytes=50384 flags=SYN-ACK
2026-05-04T20:33:26Z gateway hostapd[7895]: NOTICE packet forwarded src=182 dst=101 proto=udp port=21675 bytes=34195 flags=SYN-ACK
2026-05-14T01:32:24Z gateway ntpd[6640]: NOTICE packet forwarded src=194 dst=198 proto=icmp port=26116 bytes=42780 flags=SYN-ACK
2026-05-16T06:03:52Z gateway dnsmasq[4942]: DEBUG packet forwarded src=211 dst=228 proto=icmp port=50511 bytes=19340 flags=PSH
2026-05-04T10:48:46Z gateway arpwatch[8333]: DEBUG packet forwarded src=161 dst=37 proto=tcp port=15012 bytes=17416 flags=FIN
2026-05-14T17:12:29Z gateway dhcpd[7656]: NOTICE packet forwarded src=1 dst=208 proto=udp port=31401 bytes=61343 flags=SYN
2026-05-07T12:24:49Z gateway dhcpd[8854]: DEBUG packet forwarded src=186 dst=109 proto=icmp port=19772 bytes=43246 flags=RST
2026-05-11T21:57:02Z gateway ntpd[3099]: DEBUG packet forwarded src=85 dst=221 proto=tcp port=36152 bytes=38952 flags=SYN
2026-05-04T15:56:06Z gateway iptables[4836]: WARN packet forwarded src=115 dst=205 proto=tcp port=64380 bytes=6849 flags=RST
2026-05-09T06:57:14Z gateway dhcpd[8074]: DEBUG packet forwarded src=90 dst=113 proto=icmp port=16744 bytes=21333 flags=ACK
2026-05-11T21:46:40Z gateway syslogd[4853]: NOTICE packet forwarded src=22 dst=217 proto=icmp port=51375 bytes=59020 flags=RST
2026-05-14T10:57:04Z gateway iptables[5988]: DEBUG packet forwarded src=62 dst=78 proto=tcp port=65372 bytes=49013 flags=SYN
2026-05-13T01:52:31Z gateway iptables[9485]: NOTICE packet forwarded src=112 dst=148 proto=icmp port=16095 bytes=55646 flags=SYN
2026-05-09T18:02:58Z gateway dnsmasq[1694]: WARN packet forwarded src=198 dst=237 proto=icmp port=12927 bytes=23348 flags=SYN
2026-05-11T07:19:12Z gateway dnsmasq[7500]: WARN packet forwarded src=112 dst=203 proto=tcp port=33474 bytes=1478 flags=ACK
2026-05-09T17:58:29Z gateway ntpd[3496]: DEBUG packet forwarded src=124 dst=26 proto=icmp port=33315 bytes=35962 flags=FIN
2026-05-04T04:40:52Z gateway iptables[415]: WARN packet forwarded src=75 dst=47 proto=tcp port=62296 bytes=61973 flags=SYN
2026-05-15T10:41:05Z gateway hostapd[623]: DEBUG packet forwarded src=232 dst=134 proto=udp port=7210 bytes=51841 flags=SYN
2026-05-09T08:21:12Z gateway dhcpd[1851]: DEBUG packet forwarded src=199 dst=110 proto=tcp port=49369 bytes=48087 flags=RST
2026-05-11T04:54:21Z gateway arpwatch[4126]: INFO packet forwarded src=192 dst=101 proto=udp port=5610 bytes=41992 flags=ACK
2026-05-16T13:14:49Z gateway dnsmasq[3754]: DEBUG packet forwarded src=136 dst=228 proto=udp port=18815 bytes=41550 flags=SYN
2026-05-05T04:36:12Z gateway iptables[2288]: NOTICE packet forwarded src=88 dst=86 proto=tcp port=25684 bytes=24726 flags=RST
2026-05-16T10:50:50Z gateway syslogd[2082]: DEBUG packet forwarded src=67 dst=190 proto=udp port=25120 bytes=63853 flags=ACK
2026-05-07T07:38:48Z gateway dnsmasq[3233]: NOTICE packet forwarded src=4 dst=68 proto=udp port=53670 bytes=55043 flags=PSH
2026-05-10T21:01:28Z gateway dnsmasq[1471]: NOTICE packet forwarded src=153 dst=247 proto=udp port=42540 bytes=22466 flags=FIN
2026-05-02T03:51:35Z gateway ntpd[9662]: INFO packet forwarded src=161 dst=242 proto=udp port=11705 bytes=4687 flags=FIN
2026-05-02T19:39:40Z gateway iptables[8609]: NOTICE packet forwarded src=63 dst=124 proto=udp port=27404 bytes=4607 flags=ACK
2026-05-15T23:21:58Z gateway dnsmasq[3634]: NOTICE packet forwarded src=49 dst=214 proto=icmp port=7577 bytes=46911 flags=FIN
2026-05-13T18:19:56Z gateway arpwatch[5084]: INFO packet forwarded src=199 dst=68 proto=tcp port=34984 bytes=49414 flags=SYN-ACK
2026-05-02T01:22:35Z gateway hostapd[3406]: NOTICE packet forwarded src=192 dst=224 proto=tcp port=26365 bytes=44543 flags=SYN
2026-05-13T21:40:01Z gateway iptables[7413]: DEBUG packet forwarded src=137 dst=114 proto=tcp port=3015 bytes=1462 flags=SYN-ACK
2026-05-03T09:34:35Z gateway iptables[8123]: WARN packet forwarded src=86 dst=214 proto=icmp port=27989 bytes=9737 flags=SYN
2026-05-15T23:12:50Z gateway dhcpd[4994]: DEBUG packet forwarded src=194 dst=172 proto=udp port=29988 bytes=59609 flags=RST
2026-05-02T06:37:40Z gateway arpwatch[1254]: WARN packet forwarded src=94 dst=31 proto=tcp port=15660 bytes=22833 flags=SYN-ACK
2026-05-14T08:12:33Z gateway dnsmasq[3669]: DEBUG packet forwarded src=187 dst=188 proto=tcp port=44964 bytes=35271 flags=RST
2026-05-04T00:38:37Z gateway dnsmasq[4250]: NOTICE packet forwarded src=237 dst=19 proto=tcp port=3927 bytes=31782 flags=FIN
2026-05-10T18:13:27Z gateway dnsmasq[2947]: WARN packet forwarded src=32 dst=214 proto=icmp port=34129 bytes=60177 flags=SYN-ACK
2026-05-03T16:05:29Z gateway dhcpd[4154]: INFO packet forwarded src=179 dst=78 proto=udp port=50951 bytes=21405 flags=RST
2026-05-06T07:15:06Z gateway dhcpd[6751]: INFO packet forwarded src=178 dst=86 proto=tcp port=40091 bytes=15775 flags=FIN
2026-05-10T04:24:29Z gateway syslogd[4766]: WARN packet forwarded src=164 dst=132 proto=icmp port=22300 bytes=2048 flags=RST
2026-05-04T16:33:01Z gateway syslogd[3099]: WARN packet forwarded src=133 dst=21 proto=udp port=45779 bytes=62081 flags=SYN
2026-05-02T17:40:08Z gateway ntpd[7923]: DEBUG packet forwarded src=125 dst=192 proto=udp port=29212 bytes=52155 flags=SYN
2026-05-09T08:04:18Z gateway ntpd[7902]: WARN packet forwarded src=115 dst=236 proto=udp port=37368 bytes=3659 flags=SYN
2026-05-11T09:40:31Z gateway dhcpd[9134]: INFO packet forwarded src=23 dst=3 proto=udp port=34497 bytes=45856 flags=ACK
2026-05-06T08:45:29Z gateway hostapd[4705]: WARN packet forwarded src=69 dst=160 proto=udp port=15593 bytes=57229 flags=SYN
2026-05-07T15:19:43Z gateway dhcpd[6387]: NOTICE packet forwarded src=241 dst=231 proto=tcp port=37032 bytes=3994 flags=ACK
2026-05-16T04:20:59Z gateway iptables[200]: WARN packet forwarded src=71 dst=56 proto=udp port=14960 bytes=50963 flags=ACK
2026-05-07T06:09:42Z gateway iptables[3309]: INFO packet forwarded src=221 dst=228 proto=udp port=10693 bytes=21284 flags=SYN
2026-05-05T06:12:51Z gateway dhcpd[9674]: NOTICE packet forwarded src=66 dst=159 proto=icmp port=55327 bytes=9411 flags=FIN
2026-05-07T04:58:22Z gateway dhcpd[6835]: DEBUG packet forwarded src=174 dst=168 proto=udp port=65387 bytes=27931 flags=ACK
2026-05-16T08:04:04Z gateway syslogd[3366]: INFO packet forwarded src=65 dst=130 proto=udp port=29600 bytes=54003 flags=SYN
2026-05-12T21:38:50Z gateway dnsmasq[8436]: NOTICE packet forwarded src=109 dst=185 proto=udp port=17800 bytes=14349 flags=SYN
2026-05-14T14:48:10Z gateway dnsmasq[6482]: DEBUG packet forwarded src=67 dst=100 proto=udp port=27666 bytes=40764 flags=SYN
2026-05-02T21:07:05Z gateway arpwatch[7398]: DEBUG packet forwarded src=226 dst=186 proto=udp port=7659 bytes=34229 flags=RST
2026-05-10T06:23:08Z gateway syslogd[3084]: WARN packet forwarded src=164 dst=30 proto=icmp port=50503 bytes=43285 flags=SYN-ACK
2026-05-16T07:23:30Z gateway arpwatch[1661]: WARN packet forwarded src=71 dst=203 proto=tcp port=27194 bytes=50066 flags=SYN
2026-05-16T20:53:14Z gateway arpwatch[5957]: WARN packet forwarded src=31 dst=49 proto=udp port=42230 bytes=14860 flags=PSH
2026-05-04T01:05:53Z gateway dnsmasq[4895]: NOTICE packet forwarded src=92 dst=158 proto=tcp port=54872 bytes=32788 flags=ACK
2026-05-10T02:00:18Z gateway dnsmasq[1137]: DEBUG packet forwarded src=107 dst=21 proto=udp port=38329 bytes=47276 flags=RST
2026-05-15T22:39:04Z gateway hostapd[3687]: INFO packet forwarded src=26 dst=146 proto=udp port=64650 bytes=28921 flags=ACK
2026-05-15T02:42:15Z gateway dhcpd[2862]: DEBUG packet forwarded src=53 dst=117 proto=tcp port=16233 bytes=63734 flags=ACK
2026-05-07T02:04:11Z gateway arpwatch[2772]: NOTICE packet forwarded src=218 dst=156 proto=tcp port=58990 bytes=11513 flags=RST
2026-05-13T10:30:22Z gateway hostapd[6143]: DEBUG packet forwarded src=226 dst=151 proto=tcp port=64887 bytes=60883 flags=ACK
2026-05-03T17:03:02Z gateway arpwatch[1679]: WARN packet forwarded src=91 dst=53 proto=udp port=61039 bytes=48935 flags=FIN
2026-05-06T07:49:37Z gateway dhcpd[9230]: DEBUG packet forwarded src=252 dst=107 proto=udp port=42394 bytes=65495 flags=PSH
2026-05-13T13:53:00Z gateway hostapd[9654]: NOTICE packet forwarded src=249 dst=4 proto=icmp port=48346 bytes=3712 flags=SYN
2026-05-11T16:42:51Z gateway syslogd[7275]: DEBUG packet forwarded src=63 dst=170 proto=icmp port=28625 bytes=25594 flags=RST
2026-05-16T08:59:42Z gateway syslogd[2195]: INFO packet forwarded src=168 dst=11 proto=icmp port=7949 bytes=35566 flags=ACK
2026-05-08T11:35:45Z gateway hostapd[3254]: WARN packet forwarded src=46 dst=159 proto=udp port=26362 bytes=5444 flags=RST
2026-05-16T11:11:07Z gateway dhcpd[2945]: INFO packet forwarded src=18 dst=214 proto=icmp port=11880 bytes=36996 flags=ACK
2026-05-08T20:03:30Z gateway hostapd[8238]: INFO packet forwarded src=23 dst=155 proto=tcp port=38991 bytes=27005 flags=SYN-ACK
2026-05-13T19:42:10Z gateway iptables[6298]: WARN packet forwarded src=7 dst=1 proto=icmp port=63303 bytes=60670 flags=RST
2026-05-12T06:09:34Z gateway hostapd[4217]: DEBUG packet forwarded src=148 dst=149 proto=tcp port=26038 bytes=47747 flags=SYN
2026-05-05T03:25:37Z gateway dhcpd[9735]: INFO packet forwarded src=247 dst=118 proto=tcp port=60982 bytes=55730 flags=FIN
2026-05-14T07:09:32Z gateway ntpd[910]: INFO packet forwarded src=113 dst=200 proto=tcp port=26523 bytes=14318 flags=ACK
2026-05-06T05:49:40Z gateway syslogd[5223]: NOTICE packet forwarded src=158 dst=237 proto=tcp port=39917 bytes=40281 flags=PSH
2026-05-16T16:56:59Z gateway arpwatch[8192]: INFO packet forwarded src=125 dst=117 proto=icmp port=14079 bytes=43910 flags=SYN
2026-05-02T16:07:46Z gateway arpwatch[8084]: NOTICE packet forwarded src=4 dst=141 proto=tcp port=33343 bytes=51625 flags=FIN
2026-05-09T11:36:19Z gateway ntpd[1276]: NOTICE packet forwarded src=13 dst=96 proto=tcp port=33208 bytes=36646 flags=SYN
2026-05-04T06:33:17Z gateway arpwatch[4288]: DEBUG packet forwarded src=171 dst=234 proto=udp port=38643 bytes=30619 flags=FIN
2026-05-13T14:33:33Z gateway dhcpd[4355]: NOTICE packet forwarded src=60 dst=100 proto=udp port=1063 bytes=49293 flags=ACK
2026-05-11T22:58:25Z gateway ntpd[779]: NOTICE packet forwarded src=22 dst=82 proto=tcp port=30052 bytes=52506 flags=SYN-ACK
2026-05-11T19:16:06Z gateway syslogd[2487]: WARN packet forwarded src=254 dst=93 proto=udp port=44473 bytes=64515 flags=SYN
2026-05-06T20:20:11Z gateway arpwatch[2674]: INFO packet forwarded src=71 dst=59 proto=udp port=29862 bytes=45962 flags=RST
2026-05-02T03:05:24Z gateway dnsmasq[4270]: WARN packet forwarded src=247 dst=79 proto=tcp port=58046 bytes=50258 flags=SYN-ACK
2026-05-10T12:50:11Z gateway ntpd[2050]: INFO packet forwarded src=8 dst=157 proto=udp port=25526 bytes=31922 flags=SYN
2026-05-03T11:52:23Z gateway syslogd[3762]: NOTICE packet forwarded src=146 dst=115 proto=icmp port=37913 bytes=28011 flags=FIN
2026-05-12T01:20:36Z gateway dnsmasq[4938]: WARN packet forwarded src=14 dst=11 proto=icmp port=58770 bytes=2128 flags=ACK
2026-05-05T07:54:49Z gateway iptables[3625]: NOTICE packet forwarded src=48 dst=251 proto=icmp port=9558 bytes=43285 flags=SYN
2026-05-11T19:18:53Z gateway iptables[8601]: WARN packet forwarded src=20 dst=121 proto=icmp port=59634 bytes=56380 flags=SYN
2026-05-13T10:56:56Z gateway iptables[4019]: NOTICE packet forwarded src=154 dst=76 proto=udp port=49887 bytes=7055 flags=FIN
2026-05-02T08:18:09Z gateway hostapd[7391]: INFO packet forwarded src=182 dst=232 proto=udp port=16194 bytes=7824 flags=ACK
2026-05-09T21:04:17Z gateway ntpd[2629]: INFO packet forwarded src=196 dst=164 proto=icmp port=48651 bytes=24110 flags=ACK
2026-05-02T22:41:57Z gateway syslogd[6864]: DEBUG packet forwarded src=237 dst=20 proto=icmp port=20021 bytes=52536 flags=SYN-ACK
2026-05-09T01:52:49Z gateway dhcpd[4482]: WARN packet forwarded src=202 dst=216 proto=tcp port=13259 bytes=4470 flags=FIN
2026-05-04T04:14:55Z gateway arpwatch[5324]: WARN packet forwarded src=23 dst=180 proto=udp port=51068 bytes=6264 flags=SYN
2026-05-15T01:30:29Z gateway dhcpd[3637]: INFO packet forwarded src=18 dst=173 proto=udp port=35327 bytes=27379 flags=ACK
2026-05-02T07:03:32Z gateway arpwatch[2933]: DEBUG packet forwarded src=125 dst=222 proto=tcp port=663 bytes=43142 flags=RST
2026-05-05T03:56:21Z gateway syslogd[5291]: WARN packet forwarded src=254 dst=33 proto=icmp port=4350 bytes=22627 flags=FIN
2026-05-11T01:32:42Z gateway dnsmasq[7079]: WARN packet forwarded src=179 dst=102 proto=udp port=4698 bytes=50423 flags=SYN-ACK
2026-05-07T02:02:39Z gateway dhcpd[2494]: INFO packet forwarded src=193 dst=249 proto=icmp port=12471 bytes=3138 flags=ACK
2026-05-03T16:57:50Z gateway ntpd[4888]: DEBUG packet forwarded src=109 dst=77 proto=udp port=5647 bytes=13844 flags=ACK
2026-05-12T12:38:25Z gateway syslogd[9226]: WARN packet forwarded src=10 dst=115 proto=icmp port=19514 bytes=20906 flags=FIN
2026-05-03T09:23:38Z gateway arpwatch[1346]: DEBUG packet forwarded src=141 dst=41 proto=icmp port=34557 bytes=29847 flags=PSH
2026-05-09T20:23:37Z gateway dhcpd[471]: WARN packet forwarded src=253 dst=244 proto=udp port=31781 bytes=45934 flags=SYN
2026-05-12T13:55:38Z gateway syslogd[4923]: WARN packet forwarded src=195 dst=138 proto=udp port=44662 bytes=46070 flags=PSH
2026-05-14T07:26:43Z gateway hostapd[9052]: NOTICE packet forwarded src=185 dst=121 proto=icmp port=3792 bytes=4185 flags=SYN
2026-05-02T02:24:05Z gateway iptables[1334]: WARN packet forwarded src=1 dst=3 proto=udp port=47601 bytes=7730 flags=FIN
2026-05-13T08:11:35Z gateway ntpd[6465]: DEBUG packet forwarded src=127 dst=4 proto=icmp port=38607 bytes=53356 flags=ACK
2026-05-06T18:26:38Z gateway ntpd[9816]: WARN packet forwarded src=130 dst=164 proto=tcp port=46208 bytes=47753 flags=SYN
2026-05-07T16:37:30Z gateway dhcpd[3630]: NOTICE packet forwarded src=213 dst=77 proto=udp port=38014 bytes=42696 flags=ACK
2026-05-04T01:23:52Z gateway dnsmasq[4337]: NOTICE packet forwarded src=132 dst=144 proto=tcp port=7236 bytes=52085 flags=RST
2026-05-10T10:05:21Z gateway ntpd[5238]: DEBUG packet forwarded src=123 dst=252 proto=tcp port=29098 bytes=10555 flags=PSH
2026-05-09T20:51:06Z gateway iptables[6656]: DEBUG packet forwarded src=224 dst=45 proto=tcp port=26872 bytes=31377 flags=RST
2026-05-02T09:08:11Z gateway syslogd[7505]: NOTICE packet forwarded src=32 dst=78 proto=tcp port=8139 bytes=9726 flags=PSH
2026-05-14T01:25:29Z gateway dnsmasq[5115]: NOTICE packet forwarded src=38 dst=199 proto=icmp port=54306 bytes=60454 flags=PSH
2026-05-13T22:00:02Z gateway arpwatch[9371]: INFO packet forwarded src=149 dst=10 proto=tcp port=6263 bytes=39348 flags=SYN
2026-05-09T23:58:38Z gateway ntpd[9990]: WARN packet forwarded src=52 dst=17 proto=tcp port=22514 bytes=8487 flags=RST
2026-05-02T20:00:23Z gateway arpwatch[3608]: INFO packet forwarded src=39 dst=123 proto=tcp port=21219 bytes=51254 flags=ACK
2026-05-10T14:17:18Z gateway dnsmasq[4372]: NOTICE packet forwarded src=11 dst=42 proto=icmp port=27908 bytes=26298 flags=RST
2026-05-12T07:25:16Z gateway dnsmasq[8600]: WARN packet forwarded src=60 dst=42 proto=tcp port=57901 bytes=19466 flags=SYN
2026-05-03T11:23:05Z gateway ntpd[9717]: NOTICE packet forwarded src=200 dst=184 proto=tcp port=25619 bytes=48366 flags=SYN
2026-05-11T20:43:21Z gateway arpwatch[2764]: NOTICE packet forwarded src=191 dst=52 proto=udp port=25032 bytes=38916 flags=RST
2026-05-13T19:14:26Z gateway hostapd[8610]: INFO packet forwarded src=142 dst=54 proto=icmp port=54350 bytes=64545 flags=RST
2026-05-03T09:37:11Z gateway ntpd[2333]: WARN packet forwarded src=228 dst=238 proto=tcp port=46551 bytes=21222 flags=ACK
2026-05-07T19:22:50Z gateway dnsmasq[533]: WARN packet forwarded src=207 dst=120 proto=udp port=40438 bytes=25170 flags=RST
2026-05-12T08:21:51Z gateway dnsmasq[9393]: NOTICE packet forwarded src=49 dst=142 proto=tcp port=49733 bytes=63343 flags=SYN-ACK
2026-05-07T10:27:35Z gateway iptables[2697]: DEBUG packet forwarded src=77 dst=91 proto=icmp port=20333 bytes=53976 flags=SYN-ACK
2026-05-08T02:29:45Z gateway syslogd[7290]: WARN packet forwarded src=146 dst=158 proto=tcp port=32899 bytes=7442 flags=FIN
2026-05-10T03:56:52Z gateway dnsmasq[3174]: WARN packet forwarded src=246 dst=188 proto=icmp port=28529 bytes=51159 flags=SYN-ACK
2026-05-03T09:48:06Z gateway syslogd[7297]: NOTICE packet forwarded src=234 dst=177 proto=udp port=63872 bytes=10388 flags=ACK
2026-05-05T16:25:13Z gateway ntpd[8686]: NOTICE packet forwarded src=209 dst=240 proto=tcp port=3987 bytes=35306 flags=ACK
2026-05-04T04:07:59Z gateway iptables[1815]: NOTICE packet forwarded src=125 dst=94 proto=udp port=2643 bytes=25282 flags=PSH
2026-05-03T16:36:20Z gateway ntpd[8715]: WARN packet forwarded src=89 dst=73 proto=udp port=43890 bytes=9261 flags=RST
2026-05-04T03:40:09Z gateway hostapd[1626]: WARN packet forwarded src=178 dst=81 proto=udp port=33067 bytes=14957 flags=FIN
2026-05-10T06:39:56Z gateway dhcpd[3572]: NOTICE packet forwarded src=239 dst=82 proto=udp port=30861 bytes=62407 flags=ACK
2026-05-03T15:13:49Z gateway dhcpd[7308]: DEBUG packet forwarded src=109 dst=169 proto=icmp port=61206 bytes=10183 flags=PSH
2026-05-04T09:54:31Z gateway hostapd[1560]: INFO packet forwarded src=81 dst=13 proto=udp port=3519 bytes=14463 flags=SYN-ACK
2026-05-06T04:32:00Z gateway arpwatch[6088]: WARN packet forwarded src=213 dst=181 proto=tcp port=25358 bytes=1593 flags=FIN
2026-05-07T17:35:31Z gateway dnsmasq[6379]: NOTICE packet forwarded src=225 dst=147 proto=icmp port=60985 bytes=31533 flags=SYN-ACK
2026-05-11T21:39:56Z gateway hostapd[781]: DEBUG packet forwarded src=70 dst=213 proto=tcp port=14630 bytes=18186 flags=ACK
2026-05-02T01:08:35Z gateway dnsmasq[6866]: WARN packet forwarded src=240 dst=91 proto=udp port=63802 bytes=37826 flags=ACK
2026-05-09T14:57:03Z gateway dnsmasq[3259]: WARN packet forwarded src=87 dst=165 proto=tcp port=53259 bytes=43812 flags=FIN
2026-05-15T21:33:29Z gateway dhcpd[347]: NOTICE packet forwarded src=61 dst=114 proto=icmp port=61896 bytes=53479 flags=RST
2026-05-15T05:32:52Z gateway arpwatch[7721]: DEBUG packet forwarded src=170 dst=100 proto=tcp port=60680 bytes=29929 flags=RST
2026-05-02T11:37:18Z gateway iptables[8500]: NOTICE packet forwarded src=179 dst=122 proto=tcp port=1740 bytes=1334 flags=SYN
2026-05-05T22:34:37Z gateway iptables[3848]: NOTICE packet forwarded src=79 dst=241 proto=icmp port=48254 bytes=55796 flags=RST
2026-05-11T21:42:15Z gateway iptables[4032]: INFO packet forwarded src=236 dst=200 proto=tcp port=30349 bytes=24623 flags=PSH
2026-05-05T17:31:39Z gateway iptables[6685]: DEBUG packet forwarded src=56 dst=30 proto=tcp port=4020 bytes=40461 flags=SYN-ACK
2026-05-16T18:30:12Z gateway iptables[4807]: WARN packet forwarded src=193 dst=37 proto=tcp port=10472 bytes=18551 flags=RST
2026-05-03T22:19:52Z gateway iptables[4233]: INFO packet forwarded src=202 dst=29 proto=udp port=43051 bytes=58534 flags=ACK
2026-05-03T18:21:23Z gateway syslogd[8492]: DEBUG packet forwarded src=70 dst=11 proto=icmp port=57881 bytes=31490 flags=RST
2026-05-13T06:16:18Z gateway dhcpd[3135]: NOTICE packet forwarded src=199 dst=226 proto=icmp port=63340 bytes=33040 flags=ACK
2026-05-04T12:20:54Z gateway syslogd[1314]: DEBUG packet forwarded src=139 dst=203 proto=icmp port=45591 bytes=47166 flags=RST
2026-05-11T08:09:15Z gateway dnsmasq[8392]: INFO packet forwarded src=36 dst=65 proto=tcp port=51398 bytes=23116 flags=SYN
2026-05-15T20:15:04Z gateway syslogd[8963]: WARN packet forwarded src=89 dst=199 proto=udp port=57888 bytes=37600 flags=RST
2026-05-09T04:29:09Z gateway dnsmasq[6919]: DEBUG packet forwarded src=72 dst=182 proto=udp port=15288 bytes=35046 flags=PSH
2026-05-06T10:23:43Z gateway syslogd[4922]: INFO packet forwarded src=118 dst=103 proto=icmp port=12100 bytes=35697 flags=FIN
2026-05-16T22:33:59Z gateway syslogd[8663]: INFO packet forwarded src=237 dst=217 proto=icmp port=47078 bytes=49181 flags=RST
2026-05-13T14:15:14Z gateway dnsmasq[7051]: INFO packet forwarded src=211 dst=231 proto=udp port=2048 bytes=1619 flags=PSH
2026-05-15T01:55:34Z gateway syslogd[6013]: DEBUG packet forwarded src=81 dst=34 proto=tcp port=52037 bytes=48103 flags=ACK
2026-05-05T22:01:00Z gateway arpwatch[3183]: DEBUG packet forwarded src=75 dst=210 proto=udp port=49466 bytes=1112 flags=RST
2026-05-04T02:03:07Z gateway hostapd[6079]: DEBUG packet forwarded src=136 dst=229 proto=icmp port=53950 bytes=24793 flags=SYN-ACK
2026-05-06T00:44:25Z gateway iptables[3165]: DEBUG packet forwarded src=170 dst=25 proto=udp port=57130 bytes=7793 flags=ACK
2026-05-09T15:18:40Z gateway dhcpd[8679]: WARN packet forwarded src=202 dst=195 proto=udp port=14660 bytes=44028 flags=RST
2026-05-10T23:10:43Z gateway arpwatch[2410]: DEBUG packet forwarded src=215 dst=204 proto=tcp port=2044 bytes=55701 flags=FIN
2026-05-14T02:17:58Z gateway arpwatch[5029]: WARN packet forwarded src=86 dst=207 proto=icmp port=31103 bytes=60540 flags=PSH
2026-05-16T22:17:09Z gateway hostapd[5382]: DEBUG packet forwarded src=142 dst=151 proto=udp port=54004 bytes=31983 flags=PSH
2026-05-06T04:40:38Z gateway dhcpd[4260]: NOTICE packet forwarded src=231 dst=138 proto=icmp port=45144 bytes=51123 flags=PSH
2026-05-06T22:52:51Z gateway dnsmasq[9731]: WARN packet forwarded src=159 dst=81 proto=tcp port=5669 bytes=2006 flags=SYN-ACK
2026-05-03T23:58:19Z gateway syslogd[9588]: WARN packet forwarded src=146 dst=23 proto=tcp port=40289 bytes=22910 flags=PSH
2026-05-12T23:15:06Z gateway syslogd[5642]: DEBUG packet forwarded src=191 dst=194 proto=tcp port=3234 bytes=27670 flags=ACK
2026-05-13T22:17:07Z gateway iptables[5039]: NOTICE packet forwarded src=249 dst=103 proto=tcp port=26393 bytes=13636 flags=RST
2026-05-16T23:54:07Z gateway syslogd[9470]: NOTICE packet forwarded src=118 dst=47 proto=udp port=34038 bytes=11054 flags=PSH
2026-05-10T03:22:20Z gateway dhcpd[6121]: INFO packet forwarded src=63 dst=154 proto=icmp port=30962 bytes=33754 flags=PSH
2026-05-03T23:02:38Z gateway syslogd[936]: NOTICE packet forwarded src=34 dst=127 proto=tcp port=40666 bytes=13070 flags=RST
2026-05-02T20:20:18Z gateway ntpd[823]: WARN packet forwarded src=142 dst=224 proto=udp port=6597 bytes=25033 flags=RST
2026-05-14T21:23:56Z gateway ntpd[427]: NOTICE packet forwarded src=213 dst=228 proto=udp port=18658 bytes=61424 flags=ACK
2026-05-05T00:00:49Z gateway syslogd[7229]: NOTICE packet forwarded src=54 dst=219 proto=tcp port=31379 bytes=45311 flags=PSH
2026-05-14T16:03:09Z gateway dhcpd[3194]: DEBUG packet forwarded src=196 dst=68 proto=udp port=13589 bytes=1791 flags=PSH
2026-05-12T06:10:50Z gateway dhcpd[1137]: INFO packet forwarded src=248 dst=140 proto=icmp port=13316 bytes=42460 flags=RST
2026-05-08T22:40:07Z gateway hostapd[5525]: DEBUG packet forwarded src=117 dst=246 proto=icmp port=36980 bytes=53713 flags=SYN
2026-05-06T01:56:23Z gateway ntpd[2996]: INFO packet forwarded src=83 dst=215 proto=icmp port=17567 bytes=13377 flags=SYN
2026-05-16T07:45:42Z gateway hostapd[7286]: NOTICE packet forwarded src=193 dst=149 proto=udp port=58546 bytes=31540 flags=RST
2026-05-09T10:43:09Z gateway dhcpd[9337]: NOTICE packet forwarded src=129 dst=171 proto=icmp port=6673 bytes=30787 flags=SYN
2026-05-16T21:37:40Z gateway dhcpd[3042]: INFO packet forwarded src=234 dst=112 proto=udp port=63670 bytes=45966 flags=SYN-ACK
2026-05-11T12:06:03Z gateway syslogd[3772]: DEBUG packet forwarded src=99 dst=157 proto=udp port=28234 bytes=39798 flags=ACK
2026-05-04T12:42:41Z gateway dnsmasq[9498]: DEBUG packet forwarded src=2 dst=185 proto=tcp port=11865 bytes=48973 flags=ACK
2026-05-16T14:26:27Z gateway hostapd[9387]: NOTICE packet forwarded src=223 dst=144 proto=icmp port=31138 bytes=55896 flags=ACK
2026-05-16T07:12:52Z gateway dnsmasq[1565]: WARN packet forwarded src=102 dst=38 proto=icmp port=4022 bytes=5879 flags=SYN
2026-05-06T14:34:28Z gateway hostapd[2935]: DEBUG packet forwarded src=127 dst=249 proto=udp port=57582 bytes=61818 flags=SYN
2026-05-12T05:45:32Z gateway arpwatch[2620]: NOTICE packet forwarded src=252 dst=55 proto=icmp port=35936 bytes=60752 flags=FIN
2026-05-14T02:03:50Z gateway syslogd[1142]: DEBUG packet forwarded src=176 dst=197 proto=tcp port=21197 bytes=3320 flags=PSH
2026-05-10T18:18:01Z gateway iptables[6183]: NOTICE packet forwarded src=30 dst=103 proto=icmp port=51611 bytes=60547 flags=SYN
2026-05-06T02:22:04Z gateway iptables[6544]: INFO packet forwarded src=29 dst=154 proto=icmp port=5805 bytes=585 flags=SYN
2026-05-06T04:36:10Z gateway syslogd[567]: NOTICE packet forwarded src=210 dst=129 proto=udp port=650 bytes=9175 flags=ACK
2026-05-07T06:52:00Z gateway ntpd[3499]: DEBUG packet forwarded src=224 dst=220 proto=icmp port=60076 bytes=15976 flags=RST
2026-05-13T23:55:58Z gateway hostapd[8020]: NOTICE packet forwarded src=80 dst=22 proto=tcp port=17278 bytes=52746 flags=FIN
2026-05-10T18:54:12Z gateway syslogd[8189]: DEBUG packet forwarded src=244 dst=121 proto=icmp port=24738 bytes=4217 flags=SYN-ACK
2026-05-08T14:49:12Z gateway dnsmasq[4539]: WARN packet forwarded src=27 dst=193 proto=tcp port=43332 bytes=27963 flags=PSH
2026-05-04T20:23:40Z gateway dhcpd[4503]: INFO packet forwarded src=1 dst=103 proto=icmp port=48015 bytes=41823 flags=PSH
2026-05-12T18:20:02Z gateway ntpd[7375]: WARN packet forwarded src=30 dst=228 proto=udp port=8498 bytes=33006 flags=PSH
2026-05-08T10:24:19Z gateway hostapd[4203]: DEBUG packet forwarded src=254 dst=249 proto=udp port=61187 bytes=19059 flags=FIN
2026-05-08T10:56:41Z gateway dnsmasq[8912]: WARN packet forwarded src=155 dst=131 proto=tcp port=5568 bytes=44216 flags=FIN
2026-05-10T18:35:16Z gateway arpwatch[6858]: DEBUG packet forwarded src=139 dst=177 proto=icmp port=43872 bytes=34164 flags=SYN-ACK
2026-05-14T09:51:23Z gateway dnsmasq[4730]: WARN packet forwarded src=157 dst=205 proto=icmp port=40277 bytes=12279 flags=SYN
2026-05-10T04:27:16Z gateway iptables[6712]: DEBUG packet forwarded src=125 dst=15 proto=udp port=30131 bytes=4317 flags=SYN
2026-05-04T21:45:59Z gateway syslogd[9213]: NOTICE packet forwarded src=7 dst=94 proto=udp port=38095 bytes=50455 flags=RST
2026-05-14T21:34:12Z gateway arpwatch[1090]: WARN packet forwarded src=1 dst=108 proto=udp port=11977 bytes=52350 flags=SYN-ACK
2026-05-11T21:31:07Z gateway dhcpd[5892]: INFO packet forwarded src=245 dst=19 proto=udp port=41510 bytes=42616 flags=SYN
2026-05-14T07:17:56Z gateway iptables[9555]: INFO packet forwarded src=204 dst=57 proto=tcp port=56829 bytes=32690 flags=SYN-ACK
2026-05-11T09:28:44Z gateway ntpd[9295]: INFO packet forwarded src=239 dst=191 proto=icmp port=16580 bytes=31758 flags=SYN-ACK
2026-05-11T18:07:36Z gateway dhcpd[9223]: WARN packet forwarded src=229 dst=32 proto=icmp port=12567 bytes=43982 flags=PSH
2026-05-04T17:00:55Z gateway syslogd[3491]: NOTICE packet forwarded src=32 dst=170 proto=tcp port=43767 bytes=33145 flags=SYN
2026-05-12T08:59:07Z gateway hostapd[9650]: NOTICE packet forwarded src=197 dst=14 proto=tcp port=14668 bytes=40091 flags=ACK
2026-05-15T12:11:01Z gateway syslogd[8356]: WARN packet forwarded src=193 dst=228 proto=icmp port=51539 bytes=12077 flags=SYN-ACK
2026-05-08T16:57:28Z gateway dnsmasq[8191]: NOTICE packet forwarded src=229 dst=3 proto=udp port=18915 bytes=16429 flags=FIN
2026-05-16T13:43:53Z gateway arpwatch[256]: INFO packet forwarded src=118 dst=49 proto=icmp port=8241 bytes=63908 flags=RST
2026-05-15T07:49:46Z gateway dhcpd[3691]: WARN packet forwarded src=254 dst=94 proto=udp port=53164 bytes=59946 flags=ACK
2026-05-16T18:12:30Z gateway dhcpd[4184]: NOTICE packet forwarded src=86 dst=160 proto=tcp port=50248 bytes=6896 flags=RST
2026-05-11T05:24:02Z gateway ntpd[6933]: INFO packet forwarded src=83 dst=60 proto=tcp port=37757 bytes=47820 flags=ACK
2026-05-06T12:12:12Z gateway dhcpd[7828]: NOTICE packet forwarded src=79 dst=161 proto=icmp port=50225 bytes=55361 flags=PSH
2026-05-08T19:40:24Z gateway syslogd[2084]: NOTICE packet forwarded src=29 dst=191 proto=icmp port=27250 bytes=6901 flags=PSH
2026-05-10T01:16:20Z gateway dhcpd[2552]: DEBUG packet forwarded src=243 dst=228 proto=tcp port=60917 bytes=38026 flags=FIN
2026-05-09T10:19:20Z gateway ntpd[4563]: WARN packet forwarded src=245 dst=254 proto=tcp port=63634 bytes=10635 flags=ACK
2026-05-06T12:30:55Z gateway dnsmasq[3001]: WARN packet forwarded src=184 dst=5 proto=udp port=35561 bytes=28255 flags=FIN
2026-05-14T05:27:32Z gateway dnsmasq[8516]: NOTICE packet forwarded src=214 dst=99 proto=tcp port=5058 bytes=3231 flags=RST
2026-05-05T09:54:58Z gateway hostapd[5042]: DEBUG packet forwarded src=215 dst=31 proto=tcp port=21635 bytes=55687 flags=ACK
2026-05-06T11:59:35Z gateway syslogd[5119]: DEBUG packet forwarded src=222 dst=183 proto=tcp port=10298 bytes=1649 flags=SYN-ACK
2026-05-12T22:17:56Z gateway iptables[9957]: INFO packet forwarded src=253 dst=227 proto=icmp port=15149 bytes=30147 flags=SYN
2026-05-05T19:16:37Z gateway syslogd[8791]: WARN packet forwarded src=28 dst=161 proto=icmp port=16008 bytes=48704 flags=FIN
2026-05-02T18:32:20Z gateway hostapd[3678]: NOTICE packet forwarded src=194 dst=192 proto=udp port=10766 bytes=40870 flags=RST
2026-05-15T14:33:56Z gateway syslogd[631]: NOTICE packet forwarded src=120 dst=178 proto=tcp port=39270 bytes=7779 flags=FIN
2026-05-07T10:24:44Z gateway arpwatch[2544]: DEBUG packet forwarded src=166 dst=231 proto=icmp port=23783 bytes=47669 flags=PSH
2026-05-14T01:25:24Z gateway syslogd[2233]: DEBUG packet forwarded src=250 dst=9 proto=tcp port=2916 bytes=17686 flags=PSH
2026-05-05T12:05:38Z gateway syslogd[3450]: NOTICE packet forwarded src=215 dst=37 proto=udp port=61870 bytes=39018 flags=RST
2026-05-15T07:12:40Z gateway dnsmasq[4837]: NOTICE packet forwarded src=245 dst=199 proto=udp port=41150 bytes=38403 flags=SYN-ACK
2026-05-06T06:29:37Z gateway ntpd[4026]: NOTICE packet forwarded src=23 dst=161 proto=udp port=17137 bytes=8731 flags=SYN
2026-05-15T21:05:32Z gateway iptables[5711]: DEBUG packet forwarded src=174 dst=230 proto=icmp port=27765 bytes=56268 flags=FIN
2026-05-05T08:38:29Z gateway ntpd[5195]: INFO packet forwarded src=15 dst=111 proto=icmp port=42851 bytes=17983 flags=SYN-ACK
2026-05-05T21:26:21Z gateway syslogd[6527]: INFO packet forwarded src=60 dst=9 proto=tcp port=51355 bytes=65379 flags=RST
2026-05-08T03:43:44Z gateway arpwatch[931]: INFO packet forwarded src=157 dst=142 proto=icmp port=7236 bytes=45426 flags=SYN-ACK
2026-05-16T04:37:29Z gateway arpwatch[6788]: NOTICE packet forwarded src=179 dst=36 proto=udp port=16577 bytes=40475 flags=SYN
2026-05-09T16:48:49Z gateway iptables[5093]: INFO packet forwarded src=31 dst=203 proto=udp port=32727 bytes=39431 flags=PSH
2026-05-06T02:06:01Z gateway ntpd[9474]: WARN packet forwarded src=64 dst=150 proto=tcp port=60146 bytes=62589 flags=PSH
2026-05-03T11:57:35Z gateway iptables[6975]: DEBUG packet forwarded src=108 dst=20 proto=icmp port=23214 bytes=50473 flags=ACK
2026-05-15T13:15:12Z gateway syslogd[5213]: NOTICE packet forwarded src=244 dst=203 proto=tcp port=12093 bytes=63546 flags=SYN-ACK
2026-05-03T03:03:25Z gateway hostapd[6928]: INFO packet forwarded src=140 dst=74 proto=tcp port=30352 bytes=21243 flags=RST
2026-05-13T07:46:54Z gateway dnsmasq[4165]: NOTICE packet forwarded src=154 dst=54 proto=icmp port=43407 bytes=60799 flags=SYN
2026-05-11T06:49:09Z gateway iptables[8028]: DEBUG packet forwarded src=80 dst=176 proto=icmp port=51569 bytes=60943 flags=SYN
2026-05-10T19:28:16Z gateway hostapd[7422]: NOTICE packet forwarded src=224 dst=1 proto=udp port=44516 bytes=37111 flags=ACK
2026-05-06T22:48:29Z gateway arpwatch[1612]: NOTICE packet forwarded src=67 dst=84 proto=tcp port=16779 bytes=46857 flags=SYN
2026-05-08T17:50:17Z gateway ntpd[2496]: INFO packet forwarded src=182 dst=13 proto=udp port=38310 bytes=59121 flags=FIN
2026-05-14T15:45:11Z gateway dhcpd[3240]: INFO packet forwarded src=158 dst=62 proto=tcp port=55015 bytes=19562 flags=SYN
2026-05-03T09:42:52Z gateway syslogd[7430]: WARN packet forwarded src=113 dst=19 proto=tcp port=48725 bytes=27089 flags=SYN
2026-05-11T12:37:27Z gateway hostapd[7974]: INFO packet forwarded src=122 dst=79 proto=icmp port=63643 bytes=63630 flags=RST
2026-05-02T09:38:42Z gateway iptables[2436]: NOTICE packet forwarded src=46 dst=140 proto=icmp port=7569 bytes=30528 flags=PSH
2026-05-10T20:44:53Z gateway ntpd[6363]: NOTICE packet forwarded src=167 dst=207 proto=udp port=62314 bytes=9837 flags=ACK
2026-05-05T11:44:51Z gateway iptables[1584]: DEBUG packet forwarded src=132 dst=230 proto=icmp port=45122 bytes=12147 flags=FIN
2026-05-13T18:08:33Z gateway dhcpd[8124]: NOTICE packet forwarded src=6 dst=245 proto=udp port=18912 bytes=56229 flags=ACK
2026-05-06T07:34:50Z gateway arpwatch[3957]: WARN packet forwarded src=124 dst=116 proto=udp port=32354 bytes=34852 flags=ACK
2026-05-10T00:39:45Z gateway hostapd[8357]: NOTICE packet forwarded src=67 dst=234 proto=udp port=58509 bytes=32325 flags=SYN-ACK
2026-05-07T12:01:30Z gateway arpwatch[5992]: INFO packet forwarded src=128 dst=89 proto=udp port=22936 bytes=3322 flags=SYN
2026-05-04T02:47:06Z gateway dnsmasq[4683]: WARN packet forwarded src=163 dst=126 proto=icmp port=19119 bytes=4173 flags=SYN
2026-05-14T15:26:01Z gateway dnsmasq[5703]: WARN packet forwarded src=198 dst=80 proto=icmp port=58416 bytes=65374 flags=ACK
2026-05-12T04:31:02Z gateway ntpd[8258]: INFO packet forwarded src=204 dst=220 proto=icmp port=29480 bytes=14769 flags=FIN
2026-05-13T04:36:56Z gateway hostapd[6134]: DEBUG packet forwarded src=185 dst=130 proto=tcp port=38867 bytes=64878 flags=SYN-ACK
2026-05-13T15:47:55Z gateway hostapd[4983]: INFO packet forwarded src=79 dst=59 proto=udp port=62319 bytes=25549 flags=PSH
2026-05-06T08:33:35Z gateway iptables[6756]: WARN packet forwarded src=38 dst=63 proto=tcp port=47353 bytes=13926 flags=SYN-ACK
2026-05-10T22:30:23Z gateway dhcpd[4419]: WARN packet forwarded src=32 dst=212 proto=icmp port=43135 bytes=25768 flags=FIN
2026-05-14T18:47:07Z gateway dnsmasq[4627]: DEBUG packet forwarded src=242 dst=199 proto=icmp port=63134 bytes=55753 flags=SYN
2026-05-14T10:32:27Z gateway hostapd[7493]: NOTICE packet forwarded src=42 dst=140 proto=tcp port=4940 bytes=34446 flags=RST
2026-05-07T03:11:27Z gateway hostapd[9586]: DEBUG packet forwarded src=37 dst=92 proto=icmp port=5446 bytes=18619 flags=SYN-ACK
2026-05-08T05:20:42Z gateway hostapd[8387]: INFO packet forwarded src=162 dst=146 proto=icmp port=44312 bytes=9272 flags=FIN
2026-05-06T02:24:01Z gateway syslogd[1074]: WARN packet forwarded src=31 dst=116 proto=udp port=42143 bytes=37056 flags=FIN
2026-05-07T20:35:38Z gateway arpwatch[6535]: NOTICE packet forwarded src=5 dst=129 proto=icmp port=41468 bytes=31093 flags=RST
2026-05-14T12:31:52Z gateway dhcpd[2161]: INFO packet forwarded src=246 dst=216 proto=udp port=43091 bytes=11923 flags=SYN
2026-05-11T11:46:52Z gateway iptables[7614]: WARN packet forwarded src=48 dst=136 proto=icmp port=9623 bytes=29399 flags=RST
2026-05-07T23:38:25Z gateway syslogd[4648]: INFO packet forwarded src=20 dst=117 proto=tcp port=34516 bytes=7090 flags=ACK
2026-05-11T10:55:54Z gateway dnsmasq[3048]: NOTICE packet forwarded src=63 dst=87 proto=tcp port=53195 bytes=22622 flags=FIN
2026-05-10T23:28:20Z gateway syslogd[3414]: NOTICE packet forwarded src=167 dst=37 proto=tcp port=41625 bytes=25756 flags=RST
2026-05-02T15:38:35Z gateway dnsmasq[8732]: INFO packet forwarded src=239 dst=228 proto=icmp port=5430 bytes=41469 flags=FIN
2026-05-16T10:57:28Z gateway dhcpd[9713]: DEBUG packet forwarded src=41 dst=61 proto=tcp port=32968 bytes=41238 flags=RST
2026-05-09T01:46:59Z gateway dnsmasq[5306]: DEBUG packet forwarded src=193 dst=232 proto=icmp port=44783 bytes=52864 flags=RST
2026-05-09T06:57:51Z gateway arpwatch[4915]: INFO packet forwarded src=84 dst=78 proto=icmp port=16161 bytes=42113 flags=ACK
2026-05-13T17:40:00Z gateway arpwatch[3149]: DEBUG packet forwarded src=178 dst=191 proto=udp port=57788 bytes=60651 flags=RST
2026-05-12T16:08:13Z gateway arpwatch[2255]: WARN packet forwarded src=236 dst=189 proto=udp port=60705 bytes=46953 flags=ACK
2026-05-12T04:55:14Z gateway hostapd[800]: INFO packet forwarded src=212 dst=147 proto=tcp port=32855 bytes=5154 flags=SYN-ACK
2026-05-10T18:31:06Z gateway syslogd[1313]: DEBUG packet forwarded src=132 dst=101 proto=icmp port=21914 bytes=40520 flags=SYN-ACK
2026-05-07T06:48:40Z gateway dnsmasq[7024]: WARN packet forwarded src=157 dst=83 proto=udp port=3738 bytes=30164 flags=PSH
2026-05-10T21:27:43Z gateway ntpd[2828]: DEBUG packet forwarded src=192 dst=22 proto=icmp port=38063 bytes=26004 flags=SYN-ACK
2026-05-11T07:34:05Z gateway dnsmasq[2342]: DEBUG packet forwarded src=21 dst=195 proto=udp port=27559 bytes=43035 flags=ACK
2026-05-09T03:04:40Z gateway dnsmasq[5076]: INFO packet forwarded src=169 dst=2 proto=icmp port=60803 bytes=4929 flags=FIN
2026-05-03T17:11:32Z gateway syslogd[902]: INFO packet forwarded src=3 dst=173 proto=icmp port=15601 bytes=53113 flags=RST
2026-05-07T02:39:17Z gateway dhcpd[7346]: WARN packet forwarded src=94 dst=70 proto=icmp port=12743 bytes=51364 flags=FIN
2026-05-05T14:01:09Z gateway ntpd[7285]: DEBUG packet forwarded src=237 dst=171 proto=tcp port=44386 bytes=23568 flags=PSH
2026-05-04T17:24:20Z gateway arpwatch[2051]: WARN packet forwarded src=141 dst=239 proto=icmp port=52825 bytes=26922 flags=ACK
2026-05-11T10:55:00Z gateway syslogd[6739]: WARN packet forwarded src=5 dst=140 proto=icmp port=20931 bytes=52379 flags=FIN
2026-05-11T23:07:00Z gateway syslogd[2018]: NOTICE packet forwarded src=86 dst=65 proto=udp port=19131 bytes=36696 flags=ACK
2026-05-11T07:34:05Z gateway dnsmasq[2223]: INFO packet forwarded src=180 dst=153 proto=icmp port=16869 bytes=9187 flags=ACK
2026-05-08T06:09:39Z gateway hostapd[1598]: DEBUG packet forwarded src=247 dst=21 proto=icmp port=2668 bytes=61010 flags=PSH
2026-05-15T11:39:14Z gateway syslogd[9856]: WARN packet forwarded src=14 dst=6 proto=udp port=24558 bytes=32090 flags=ACK
2026-05-06T13:58:16Z gateway iptables[7011]: NOTICE packet forwarded src=227 dst=55 proto=icmp port=42943 bytes=54736 flags=SYN-ACK
2026-05-07T09:24:50Z gateway arpwatch[1659]: WARN packet forwarded src=24 dst=128 proto=icmp port=30817 bytes=60149 flags=SYN
2026-05-04T01:55:52Z gateway arpwatch[9423]: NOTICE packet forwarded src=182 dst=139 proto=icmp port=37305 bytes=29246 flags=PSH
2026-05-05T08:34:18Z gateway arpwatch[714]: INFO packet forwarded src=173 dst=151 proto=icmp port=3921 bytes=51689 flags=PSH
2026-05-15T14:57:21Z gateway iptables[9543]: WARN packet forwarded src=111 dst=207 proto=tcp port=9678 bytes=46313 flags=PSH
2026-05-08T11:34:27Z gateway arpwatch[8643]: WARN packet forwarded src=173 dst=133 proto=udp port=48829 bytes=5373 flags=SYN-ACK
2026-05-10T18:10:43Z gateway iptables[4476]: WARN packet forwarded src=142 dst=34 proto=udp port=49708 bytes=31648 flags=SYN
2026-05-04T16:13:42Z gateway syslogd[7728]: NOTICE packet forwarded src=185 dst=209 proto=tcp port=55461 bytes=30837 flags=ACK
2026-05-11T23:47:47Z gateway syslogd[2743]: WARN packet forwarded src=248 dst=133 proto=udp port=23290 bytes=50595 flags=FIN
2026-05-08T21:59:01Z gateway iptables[6368]: NOTICE packet forwarded src=30 dst=4 proto=udp port=6886 bytes=26329 flags=PSH
2026-05-09T02:36:55Z gateway iptables[9195]: WARN packet forwarded src=188 dst=235 proto=icmp port=18750 bytes=3705 flags=SYN
2026-05-13T08:05:48Z gateway dnsmasq[667]: INFO packet forwarded src=163 dst=39 proto=icmp port=37934 bytes=18450 flags=SYN-ACK
2026-05-09T21:58:07Z gateway ntpd[622]: NOTICE packet forwarded src=23 dst=223 proto=udp port=24434 bytes=55608 flags=RST
2026-05-09T02:35:39Z gateway hostapd[4652]: NOTICE packet forwarded src=115 dst=79 proto=icmp port=16797 bytes=31413 flags=SYN-ACK
2026-05-06T08:25:15Z gateway iptables[8538]: INFO packet forwarded src=5 dst=168 proto=tcp port=283 bytes=49024 flags=FIN
2026-05-13T09:42:38Z gateway syslogd[2420]: NOTICE packet forwarded src=143 dst=126 proto=icmp port=31066 bytes=12320 flags=SYN-ACK
2026-05-13T18:56:19Z gateway dnsmasq[2489]: DEBUG packet forwarded src=200 dst=227 proto=udp port=59738 bytes=22122 flags=FIN
2026-05-02T14:27:16Z gateway syslogd[9489]: DEBUG packet forwarded src=73 dst=34 proto=tcp port=27567 bytes=57957 flags=ACK
2026-05-10T00:49:21Z gateway arpwatch[1549]: INFO packet forwarded src=252 dst=129 proto=icmp port=43575 bytes=45293 flags=FIN
2026-05-12T08:31:53Z gateway hostapd[7769]: WARN packet forwarded src=114 dst=138 proto=icmp port=1122 bytes=53707 flags=RST
2026-05-06T15:45:56Z gateway arpwatch[8597]: INFO packet forwarded src=6 dst=185 proto=tcp port=8081 bytes=24285 flags=SYN
2026-05-13T12:29:49Z gateway iptables[9833]: WARN packet forwarded src=103 dst=218 proto=udp port=1763 bytes=56184 flags=SYN
2026-05-09T06:25:52Z gateway arpwatch[7383]: DEBUG packet forwarded src=49 dst=142 proto=icmp port=61514 bytes=22137 flags=FIN
2026-05-04T14:03:10Z gateway syslogd[9927]: DEBUG packet forwarded src=18 dst=186 proto=icmp port=8824 bytes=57526 flags=RST
2026-05-16T17:36:51Z gateway dhcpd[183]: INFO packet forwarded src=156 dst=64 proto=udp port=22136 bytes=62270 flags=RST
2026-05-15T22:44:16Z gateway hostapd[6924]: DEBUG packet forwarded src=70 dst=47 proto=icmp port=50889 bytes=21745 flags=SYN
2026-05-10T04:14:59Z gateway syslogd[8961]: NOTICE packet forwarded src=15 dst=101 proto=icmp port=15700 bytes=41401 flags=RST
2026-05-03T09:33:44Z gateway dnsmasq[7316]: DEBUG packet forwarded src=130 dst=183 proto=tcp port=26858 bytes=22725 flags=SYN
2026-05-08T00:37:43Z gateway iptables[1753]: WARN packet forwarded src=186 dst=160 proto=tcp port=62747 bytes=26870 flags=RST
2026-05-04T18:43:17Z gateway iptables[5222]: WARN packet forwarded src=147 dst=43 proto=udp port=21355 bytes=63019 flags=SYN-ACK
2026-05-13T18:13:48Z gateway syslogd[3671]: INFO packet forwarded src=184 dst=180 proto=icmp port=42250 bytes=23077 flags=RST
2026-05-06T03:41:53Z gateway ntpd[426]: INFO packet forwarded src=146 dst=87 proto=tcp port=16523 bytes=42593 flags=SYN-ACK
2026-05-15T00:44:10Z gateway hostapd[3478]: NOTICE packet forwarded src=130 dst=175 proto=icmp port=48861 bytes=25512 flags=PSH
2026-05-14T09:57:02Z gateway hostapd[3656]: INFO packet forwarded src=127 dst=119 proto=udp port=1712 bytes=3276 flags=FIN
2026-05-09T03:57:17Z gateway iptables[344]: DEBUG packet forwarded src=195 dst=243 proto=icmp port=42800 bytes=37863 flags=ACK
2026-05-03T12:03:30Z gateway syslogd[6553]: INFO packet forwarded src=223 dst=194 proto=icmp port=44022 bytes=15056 flags=SYN
2026-05-14T07:39:15Z gateway hostapd[8825]: DEBUG packet forwarded src=245 dst=51 proto=icmp port=64860 bytes=20022 flags=SYN-ACK
2026-05-11T15:44:45Z gateway hostapd[360]: DEBUG packet forwarded src=185 dst=88 proto=tcp port=27570 bytes=4480 flags=PSH
2026-05-15T11:54:06Z gateway ntpd[8820]: NOTICE packet forwarded src=144 dst=42 proto=icmp port=50037 bytes=35878 flags=SYN-ACK
2026-05-04T15:01:09Z gateway iptables[3425]: INFO packet forwarded src=20 dst=45 proto=udp port=45683 bytes=4743 flags=PSH
2026-05-14T07:37:38Z gateway iptables[9172]: INFO packet forwarded src=248 dst=187 proto=tcp port=7543 bytes=48301 flags=SYN
2026-05-07T06:19:58Z gateway iptables[9420]: DEBUG packet forwarded src=217 dst=14 proto=tcp port=55849 bytes=29267 flags=SYN-ACK
2026-05-14T12:46:01Z gateway syslogd[4527]: WARN packet forwarded src=39 dst=3 proto=icmp port=34004 bytes=59348 flags=RST
2026-05-14T07:28:39Z gateway hostapd[4971]: DEBUG packet forwarded src=189 dst=241 proto=icmp port=46393 bytes=62537 flags=RST
2026-05-07T00:42:23Z gateway dhcpd[9088]: NOTICE packet forwarded src=220 dst=95 proto=udp port=64374 bytes=60178 flags=ACK
2026-05-03T01:34:30Z gateway iptables[5981]: INFO packet forwarded src=186 dst=172 proto=tcp port=63982 bytes=14057 flags=FIN
2026-05-04T03:07:04Z gateway dhcpd[9859]: NOTICE packet forwarded src=175 dst=110 proto=udp port=58554 bytes=29818 flags=RST
2026-05-16T04:58:30Z gateway ntpd[2028]: INFO packet forwarded src=78 dst=245 proto=tcp port=58314 bytes=38926 flags=RST
2026-05-15T04:17:08Z gateway dhcpd[9061]: WARN packet forwarded src=210 dst=228 proto=icmp port=49010 bytes=41941 flags=SYN
2026-05-10T15:38:20Z gateway hostapd[4616]: DEBUG packet forwarded src=147 dst=235 proto=icmp port=62103 bytes=23302 flags=SYN-ACK
2026-05-12T18:42:27Z gateway iptables[1005]: WARN packet forwarded src=194 dst=205 proto=tcp port=34356 bytes=37419 flags=SYN-ACK
2026-05-13T22:34:09Z gateway dhcpd[9378]: WARN packet forwarded src=63 dst=95 proto=icmp port=17149 bytes=6322 flags=RST
2026-05-13T03:18:22Z gateway ntpd[4878]: INFO packet forwarded src=199 dst=153 proto=tcp port=7332 bytes=40280 flags=FIN
2026-05-10T07:54:47Z gateway iptables[8138]: WARN packet forwarded src=122 dst=201 proto=udp port=1120 bytes=49141 flags=RST
2026-05-12T14:20:12Z gateway syslogd[6562]: WARN packet forwarded src=107 dst=254 proto=icmp port=41832 bytes=60796 flags=FIN
2026-05-02T07:00:24Z gateway ntpd[5451]: NOTICE packet forwarded src=10 dst=175 proto=tcp port=22878 bytes=34208 flags=SYN-ACK
2026-05-11T15:43:07Z gateway dhcpd[9727]: WARN packet forwarded src=138 dst=159 proto=icmp port=32121 bytes=7270 flags=PSH
2026-05-07T11:31:46Z gateway ntpd[7250]: DEBUG packet forwarded src=193 dst=15 proto=tcp port=13549 bytes=3843 flags=SYN
2026-05-12T07:25:16Z gateway ntpd[1327]: INFO packet forwarded src=181 dst=232 proto=icmp port=37416 bytes=24730 flags=PSH
2026-05-16T22:47:05Z gateway iptables[2794]: DEBUG packet forwarded src=117 dst=106 proto=icmp port=38882 bytes=62068 flags=ACK
2026-05-02T15:10:26Z gateway iptables[8297]: DEBUG packet forwarded src=12 dst=62 proto=icmp port=24627 bytes=27296 flags=PSH
2026-05-14T20:09:57Z gateway ntpd[7314]: INFO packet forwarded src=189 dst=160 proto=icmp port=16360 bytes=2568 flags=FIN
2026-05-15T04:00:32Z gateway ntpd[4448]: WARN packet forwarded src=207 dst=103 proto=icmp port=42141 bytes=26376 flags=SYN
2026-05-08T19:49:18Z gateway arpwatch[986]: NOTICE packet forwarded src=53 dst=222 proto=icmp port=56340 bytes=19731 flags=ACK
2026-05-14T19:03:04Z gateway ntpd[6136]: DEBUG packet forwarded src=53 dst=212 proto=icmp port=13708 bytes=49723 flags=SYN
2026-05-07T08:49:30Z gateway dhcpd[5314]: DEBUG packet forwarded src=71 dst=59 proto=udp port=37966 bytes=24411 flags=ACK
2026-05-02T09:52:45Z gateway dhcpd[720]: NOTICE packet forwarded src=213 dst=97 proto=icmp port=52227 bytes=62629 flags=SYN
2026-05-08T08:10:44Z gateway dhcpd[9226]: WARN packet forwarded src=21 dst=91 proto=udp port=15580 bytes=63756 flags=RST
2026-05-16T07:12:37Z gateway syslogd[834]: DEBUG packet forwarded src=101 dst=30 proto=udp port=37811 bytes=57901 flags=FIN
2026-05-09T23:51:00Z gateway iptables[2131]: DEBUG packet forwarded src=117 dst=123 proto=tcp port=18786 bytes=61550 flags=SYN
2026-05-15T04:35:58Z gateway dnsmasq[5870]: INFO packet forwarded src=157 dst=248 proto=icmp port=32553 bytes=21141 flags=ACK
2026-05-13T14:37:15Z gateway dnsmasq[7333]: NOTICE packet forwarded src=74 dst=249 proto=icmp port=1526 bytes=26080 flags=FIN
2026-05-08T19:07:35Z gateway dnsmasq[401]: WARN packet forwarded src=116 dst=162 proto=icmp port=55577 bytes=17861 flags=SYN
2026-05-09T20:16:33Z gateway ntpd[1152]: DEBUG packet forwarded src=186 dst=211 proto=icmp port=45941 bytes=3303 flags=RST
2026-05-03T00:51:48Z gateway iptables[1009]: DEBUG packet forwarded src=78 dst=99 proto=tcp port=749 bytes=57350 flags=SYN
2026-05-05T18:09:40Z gateway ntpd[2933]: WARN packet forwarded src=45 dst=149 proto=tcp port=41504 bytes=40357 flags=ACK
2026-05-09T03:55:52Z gateway ntpd[5361]: WARN packet forwarded src=12 dst=63 proto=icmp port=5250 bytes=44807 flags=PSH
2026-05-11T18:19:37Z gateway arpwatch[3424]: NOTICE packet forwarded src=243 dst=52 proto=udp port=36099 bytes=17356 flags=SYN
2026-05-05T14:51:57Z gateway arpwatch[7195]: WARN packet forwarded src=160 dst=68 proto=tcp port=45754 bytes=10164 flags=SYN
2026-05-04T16:24:15Z gateway ntpd[1823]: INFO packet forwarded src=162 dst=7 proto=icmp port=14129 bytes=19438 flags=FIN
2026-05-16T00:15:56Z gateway dnsmasq[7485]: WARN packet forwarded src=117 dst=37 proto=udp port=57127 bytes=19963 flags=ACK
2026-05-08T20:20:10Z gateway syslogd[9622]: WARN packet forwarded src=96 dst=236 proto=udp port=52863 bytes=30271 flags=ACK
2026-05-07T08:56:09Z gateway hostapd[3029]: NOTICE packet forwarded src=229 dst=99 proto=icmp port=42530 bytes=27197 flags=RST
