date,shift,technician_id,name,certified_arm,available,job_id,job_desc,location
2026-05-01,morning,T4772,Lucas Ferreira,ARM-04,yes,42562,annual inspection,Line 2
2026-05-01,afternoon,T9824,Oluwaseun Adebayo,ARM-01,yes,21775,repair ticket #9696,Training Room
2026-05-01,night,T7358,Aisha Diallo,ARM-04,yes,99439,repair ticket #4550,Line 3
2026-05-02,morning,T6551,Priya Sharma,ARM-02,no,20874,sensor calibration,Maintenance Bay
2026-05-02,afternoon,T6183,Yuki Tanaka,ARM-05,training,62772,bearing inspection,Line 4
2026-05-02,night,T4338,Chen Wei,ARM-03,sick_leave,57517,scheduled lubrication cycle,Line 4
2026-05-03,morning,T4245,Tobias Richt,ARM-05,yes,89365,training session,Maintenance Bay
2026-05-03,afternoon,T3634,Hana Nakamura,ARM-01,yes,67896,sensor calibration,Line 2
2026-05-03,night,T2798,Aisha Diallo,ARM-02,sick_leave,13054,sensor calibration,Line 1
2026-05-04,morning,T2409,Oluwaseun Adebayo,ARM-04,training,28731,repair ticket #2329,Line 4
2026-05-04,afternoon,T9575,Ethan Kowalski,ARM-05,yes,63127,repair ticket #6401,Line 2
2026-05-04,night,T5220,Priya Sharma,ARM-01,training,81495,conveyor belt check,Line 4
2026-05-05,morning,T3145,Lucas Ferreira,ARM-02,yes,88599,training session,Line 1
2026-05-05,afternoon,T3037,Samuel Osei,MULTI,yes,22646,annual inspection,Line 4
2026-05-05,night,T7715,Maria Santos,ARM-02,yes,29072,sensor calibration,Line 2
2026-05-06,morning,T4832,Tobias Richt,ARM-02,sick_leave,43763,preventive maintenance,Line 4
2026-05-06,afternoon,T5713,Maria Santos,ARM-03,yes,11461,bearing inspection,Maintenance Bay
2026-05-06,night,T7538,Aisha Diallo,ARM-01,yes,54139,conveyor belt check,Line 4
2026-05-07,morning,T2518,Nina Patel,ARM-04,no,33753,repair ticket #7078,Maintenance Bay
2026-05-07,afternoon,T6102,Tobias Richt,ARM-01,yes,95764,repair ticket #8274,Line 2
2026-05-07,night,T6143,Priya Sharma,MULTI,training,38652,safety audit,Line 1
2026-05-08,morning,T5855,Samuel Osei,MULTI,training,67425,conveyor belt check,Line 4
2026-05-08,afternoon,T9243,Samuel Osei,ARM-01,no,48408,repair ticket #5197,Line 1
2026-05-08,night,T3085,Tobias Richt,MULTI,yes,43663,training session,Maintenance Bay
2026-05-09,morning,T5625,Lucas Ferreira,ARM-03,no,59670,annual inspection,Line 2
2026-05-09,afternoon,T8209,Carlos Mendez,MULTI,sick_leave,35489,annual inspection,Training Room
2026-05-09,night,T6821,Lucas Ferreira,ARM-03,yes,48718,preventive maintenance,Line 1
2026-05-10,morning,T5275,Nina Patel,ARM-02,training,96136,sensor calibration,Training Room
2026-05-10,afternoon,T6661,Lucas Ferreira,MULTI,training,96056,conveyor belt check,Line 4
2026-05-10,night,T4317,Lucas Ferreira,ARM-01,yes,10169,shift handover,Maintenance Bay
2026-05-11,morning,T8276,Dmitri Volkov,ARM-03,training,36908,sensor calibration,Maintenance Bay
2026-05-11,afternoon,T9700,Ethan Kowalski,MULTI,training,92048,repair ticket #8668,Maintenance Bay
2026-05-11,night,T1337,Aisha Diallo,MULTI,sick_leave,23782,safety audit,Line 2
2026-05-12,morning,T1955,Samuel Osei,ARM-03,yes,64627,annual inspection,Line 1
2026-05-12,afternoon,T5836,Ethan Kowalski,ARM-03,sick_leave,35428,annual inspection,Maintenance Bay
2026-05-12,night,T8550,Samuel Osei,ARM-01,no,53130,repair ticket #3822,Line 3
2026-05-13,morning,T3930,Oluwaseun Adebayo,ARM-02,no,57164,repair ticket #7851,Maintenance Bay
2026-05-13,afternoon,T7269,Ethan Kowalski,ARM-02,yes,34073,training session,Maintenance Bay
2026-05-13,night,T3776,Nina Patel,ARM-04,sick_leave,19797,training session,Training Room
2026-05-14,morning,T2881,Dmitri Volkov,ARM-02,no,53220,shift handover,Line 1
2026-05-14,afternoon,T1064,Samuel Osei,ARM-04,yes,84660,preventive maintenance,Training Room
2026-05-14,night,T6227,Carlos Mendez,ARM-05,yes,64255,scheduled lubrication cycle,Maintenance Bay
2026-05-15,morning,T7508,Ethan Kowalski,ARM-02,yes,14737,annual inspection,Line 1
2026-05-15,afternoon,T5786,Chen Wei,ARM-03,sick_leave,30777,conveyor belt check,Maintenance Bay
2026-05-15,night,T2919,Nina Patel,ARM-04,yes,73525,repair ticket #4761,Line 2
2026-05-16,morning,T4247,Oluwaseun Adebayo,ARM-03,yes,83269,preventive maintenance,Line 1
2026-05-16,afternoon,T2860,Oluwaseun Adebayo,MULTI,yes,26475,shift handover,Line 1
2026-05-16,night,T1542,Nina Patel,ARM-02,yes,77204,shift handover,Line 1
2026-05-17,morning,T4793,Carlos Mendez,ARM-04,yes,90607,preventive maintenance,Training Room
2026-05-17,afternoon,T6609,Aisha Diallo,ARM-05,yes,91928,preventive maintenance,Line 1
2026-05-17,night,T2820,Lucas Ferreira,ARM-02,yes,29210,sensor calibration,Training Room
2026-05-18,morning,T7174,Hana Nakamura,MULTI,sick_leave,99407,scheduled lubrication cycle,Line 2
2026-05-18,afternoon,T2313,Samuel Osei,ARM-01,yes,31159,annual inspection,Line 4
2026-05-18,night,T6134,Tobias Richt,ARM-02,no,87240,preventive maintenance,Line 3
2026-05-19,morning,T3602,Chen Wei,ARM-05,no,27399,scheduled lubrication cycle,Line 3
2026-05-19,afternoon,T3025,Chen Wei,ARM-03,sick_leave,74545,safety audit,Line 3
2026-05-19,night,T6199,Lucas Ferreira,ARM-01,yes,53848,preventive maintenance,Line 2
2026-05-20,morning,T4713,Carlos Mendez,ARM-03,yes,81824,repair ticket #5434,Maintenance Bay
2026-05-20,afternoon,T7546,Oluwaseun Adebayo,MULTI,training,64932,scheduled lubrication cycle,Line 3
2026-05-20,night,T7656,Dmitri Volkov,MULTI,yes,17152,sensor calibration,Maintenance Bay
2026-05-21,morning,T2539,Priya Sharma,ARM-02,training,66978,safety audit,Line 2
2026-05-21,afternoon,T3944,Chen Wei,ARM-05,yes,92478,conveyor belt check,Line 2
2026-05-21,night,T8055,Ethan Kowalski,ARM-01,yes,29509,sensor calibration,Maintenance Bay
2026-05-22,morning,T8311,Chen Wei,MULTI,yes,19702,shift handover,Line 4
2026-05-22,afternoon,T3164,Oluwaseun Adebayo,ARM-05,yes,72674,preventive maintenance,Line 4
2026-05-22,night,T3619,Tobias Richt,ARM-05,yes,40490,preventive maintenance,Maintenance Bay
2026-05-23,morning,T2645,Yuki Tanaka,ARM-05,no,67191,conveyor belt check,Training Room
2026-05-23,afternoon,T5070,Aisha Diallo,ARM-02,yes,32594,sensor calibration,Line 4
2026-05-23,night,T9451,Nina Patel,MULTI,yes,98113,sensor calibration,Training Room
2026-05-24,morning,T4940,Samuel Osei,ARM-05,sick_leave,78745,bearing inspection,Line 2
2026-05-24,afternoon,T2187,Priya Sharma,MULTI,training,41669,repair ticket #7478,Maintenance Bay
2026-05-24,night,T4098,Ethan Kowalski,ARM-03,sick_leave,22718,preventive maintenance,Line 4
2026-05-25,morning,T2018,Samuel Osei,MULTI,yes,51312,scheduled lubrication cycle,Line 4
2026-05-25,afternoon,T5394,Priya Sharma,ARM-01,training,98062,safety audit,Line 2
2026-05-25,night,T4215,Ethan Kowalski,ARM-01,sick_leave,57780,shift handover,Line 3
2026-05-26,morning,T5998,Maria Santos,ARM-02,yes,79580,repair ticket #3331,Training Room
2026-05-26,afternoon,T6815,Ethan Kowalski,ARM-02,no,40356,scheduled lubrication cycle,Line 1
2026-05-26,night,T6209,Oluwaseun Adebayo,ARM-05,yes,59186,repair ticket #1295,Line 3
2026-05-27,morning,T1475,Priya Sharma,ARM-05,yes,33061,bearing inspection,Line 1
2026-05-27,afternoon,T2154,Priya Sharma,ARM-02,yes,94542,annual inspection,Line 3
2026-05-27,night,T7058,Chen Wei,ARM-04,yes,75164,repair ticket #2326,Training Room
2026-05-28,morning,T5306,Lucas Ferreira,ARM-05,no,52871,shift handover,Training Room
2026-05-28,afternoon,T4989,Yuki Tanaka,ARM-03,yes,18444,safety audit,Maintenance Bay
2026-05-28,night,T2678,Tobias Richt,ARM-01,yes,45518,safety audit,Line 3
2026-05-29,morning,T4483,Tobias Richt,ARM-03,sick_leave,67968,annual inspection,Line 2
2026-05-29,afternoon,T5291,Carlos Mendez,ARM-04,sick_leave,20175,scheduled lubrication cycle,Maintenance Bay
2026-05-29,night,T9096,Samuel Osei,ARM-04,yes,67876,scheduled lubrication cycle,Line 3
2026-05-30,morning,T9758,Lucas Ferreira,ARM-03,sick_leave,23872,conveyor belt check,Maintenance Bay
2026-05-30,afternoon,T5583,Tobias Richt,ARM-03,no,69476,conveyor belt check,Line 1
2026-05-30,night,T1325,Yuki Tanaka,ARM-04,yes,16233,annual inspection,Line 1
2026-05-31,morning,T4151,Aisha Diallo,ARM-01,training,65491,sensor calibration,Line 4
2026-05-31,afternoon,T1290,Tobias Richt,MULTI,training,12567,annual inspection,Maintenance Bay
2026-05-31,night,T2751,Maria Santos,ARM-03,yes,11667,conveyor belt check,Training Room
2026-05-01,morning,T5699,Lucas Ferreira,ARM-03,yes,33230,sensor calibration,Training Room
2026-05-01,afternoon,T7858,Yuki Tanaka,ARM-04,yes,60613,safety audit,Line 2
2026-05-01,night,T5978,Carlos Mendez,ARM-01,yes,42793,safety audit,Maintenance Bay
2026-05-02,morning,T3025,Nina Patel,MULTI,yes,14604,safety audit,Training Room
2026-05-02,afternoon,T7408,Yuki Tanaka,ARM-05,yes,26833,safety audit,Line 4
2026-05-02,night,T9218,Tobias Richt,ARM-03,sick_leave,50190,training session,Line 2
2026-05-03,morning,T4020,Nina Patel,ARM-04,yes,70220,shift handover,Line 3
2026-05-03,afternoon,T3109,Ethan Kowalski,ARM-02,yes,75862,preventive maintenance,Maintenance Bay
2026-05-03,night,T2156,Priya Sharma,ARM-05,yes,39726,annual inspection,Maintenance Bay
2026-05-04,morning,T6533,Dmitri Volkov,ARM-04,yes,62369,annual inspection,Line 1
2026-05-04,afternoon,T8502,Aisha Diallo,ARM-01,yes,23979,repair ticket #2448,Line 4
2026-05-04,night,T5894,Maria Santos,ARM-01,yes,35122,bearing inspection,Line 2
2026-05-05,morning,T6087,Maria Santos,ARM-02,training,32705,safety audit,Training Room
2026-05-05,afternoon,T2827,Nina Patel,ARM-05,training,52419,conveyor belt check,Line 1
2026-05-05,night,T1701,Chen Wei,ARM-02,yes,68065,repair ticket #6485,Maintenance Bay
2026-05-06,morning,T6725,Carlos Mendez,ARM-03,no,38603,shift handover,Maintenance Bay
2026-05-06,afternoon,T4793,Fatima Al-Rashidi,ARM-02,yes,37354,preventive maintenance,Training Room
2026-05-06,night,T8802,Samuel Osei,MULTI,sick_leave,31442,annual inspection,Line 4
2026-05-07,morning,T9485,Aisha Diallo,ARM-03,sick_leave,79979,sensor calibration,Training Room
2026-05-07,afternoon,T6636,Ethan Kowalski,ARM-01,yes,30030,annual inspection,Maintenance Bay
2026-05-07,night,T6235,Oluwaseun Adebayo,ARM-04,yes,98291,bearing inspection,Maintenance Bay
2026-05-08,morning,T6388,Dmitri Volkov,ARM-03,yes,23175,sensor calibration,Maintenance Bay
2026-05-08,afternoon,T6622,Yuki Tanaka,ARM-05,yes,65526,scheduled lubrication cycle,Training Room
2026-05-08,night,T2515,Priya Sharma,MULTI,yes,72239,scheduled lubrication cycle,Line 2
2026-05-09,morning,T7105,Lucas Ferreira,ARM-04,sick_leave,87610,shift handover,Line 4
2026-05-09,afternoon,T6762,Carlos Mendez,ARM-04,yes,27644,bearing inspection,Line 2
2026-05-09,night,T7024,Maria Santos,ARM-03,training,61175,bearing inspection,Line 1
2026-05-10,morning,T5740,Fatima Al-Rashidi,ARM-05,yes,46193,annual inspection,Line 1
2026-05-10,afternoon,T1443,Lucas Ferreira,ARM-02,yes,81842,sensor calibration,Line 3
2026-05-10,night,T7738,Dmitri Volkov,ARM-05,yes,78633,sensor calibration,Line 2
2026-05-11,morning,T7289,Dmitri Volkov,ARM-02,yes,22120,safety audit,Line 4
2026-05-11,afternoon,T8833,Nina Patel,ARM-03,yes,95357,training session,Line 2
2026-05-11,night,T1620,Maria Santos,ARM-04,yes,26628,conveyor belt check,Maintenance Bay
2026-05-12,morning,T6820,Hana Nakamura,ARM-01,yes,80202,shift handover,Line 2
2026-05-12,afternoon,T1255,Chen Wei,ARM-01,yes,69118,conveyor belt check,Training Room
2026-05-12,night,T1051,Priya Sharma,MULTI,sick_leave,38393,training session,Line 4
2026-05-13,morning,T8068,Yuki Tanaka,ARM-01,sick_leave,34176,conveyor belt check,Line 2
2026-05-13,afternoon,T1341,Tobias Richt,ARM-02,sick_leave,14275,training session,Line 3
2026-05-13,night,T5082,Ethan Kowalski,ARM-01,training,84655,scheduled lubrication cycle,Training Room
2026-05-14,morning,T6711,Lucas Ferreira,ARM-03,no,29612,sensor calibration,Line 3
2026-05-14,afternoon,T9786,Yuki Tanaka,ARM-01,yes,36331,annual inspection,Line 3
2026-05-14,night,T9395,Carlos Mendez,ARM-04,training,43300,safety audit,Line 2
2026-05-15,morning,T5969,Hana Nakamura,ARM-01,no,72839,repair ticket #5264,Maintenance Bay
2026-05-15,afternoon,T5097,Chen Wei,ARM-05,yes,40381,scheduled lubrication cycle,Training Room
2026-05-15,night,T9660,Oluwaseun Adebayo,MULTI,training,39148,scheduled lubrication cycle,Line 2
2026-05-16,morning,T3643,Ethan Kowalski,ARM-03,yes,44752,repair ticket #6873,Line 4
2026-05-16,afternoon,T8596,Fatima Al-Rashidi,ARM-02,yes,70902,sensor calibration,Maintenance Bay
2026-05-16,night,T3905,Ethan Kowalski,MULTI,no,52957,preventive maintenance,Training Room
2026-05-17,morning,T9247,Aisha Diallo,ARM-02,training,62290,annual inspection,Line 1
2026-05-17,afternoon,T4473,Dmitri Volkov,MULTI,sick_leave,75554,sensor calibration,Line 4
2026-05-17,night,T9715,Maria Santos,MULTI,no,51448,preventive maintenance,Line 4
2026-05-18,morning,T4667,Fatima Al-Rashidi,ARM-02,training,92403,bearing inspection,Line 1
2026-05-18,afternoon,T7677,Samuel Osei,ARM-02,no,40156,sensor calibration,Line 2
2026-05-18,night,T1925,Fatima Al-Rashidi,ARM-01,yes,21292,scheduled lubrication cycle,Training Room
2026-05-19,morning,T5289,Carlos Mendez,ARM-04,no,67371,conveyor belt check,Training Room
2026-05-19,afternoon,T8023,Fatima Al-Rashidi,ARM-05,yes,88178,sensor calibration,Training Room
2026-05-19,night,T3762,Nina Patel,MULTI,no,91654,preventive maintenance,Line 3
2026-05-20,morning,T3225,Tobias Richt,ARM-02,no,73370,annual inspection,Line 3
2026-05-20,afternoon,T9498,Hana Nakamura,ARM-04,yes,73856,training session,Training Room
2026-05-20,night,T8601,Aisha Diallo,ARM-05,yes,22861,shift handover,Line 4
2026-05-21,morning,T2987,Hana Nakamura,ARM-01,training,55278,training session,Line 2
2026-05-21,afternoon,T4200,Hana Nakamura,ARM-01,no,26566,repair ticket #6150,Line 1
2026-05-21,night,T2851,Tobias Richt,ARM-01,sick_leave,26558,repair ticket #9863,Line 1
2026-05-22,morning,T5158,Aisha Diallo,MULTI,yes,12650,sensor calibration,Line 2
2026-05-22,afternoon,T1638,Fatima Al-Rashidi,MULTI,yes,35232,scheduled lubrication cycle,Line 2
2026-05-22,night,T1105,Priya Sharma,ARM-05,yes,34104,conveyor belt check,Maintenance Bay
2026-05-23,morning,T6681,Hana Nakamura,ARM-03,no,54256,preventive maintenance,Line 3
2026-05-23,afternoon,T3743,Priya Sharma,ARM-03,yes,86247,training session,Line 1
2026-05-23,night,T6572,Chen Wei,ARM-02,no,34403,safety audit,Line 3
2026-05-24,morning,T5941,Yuki Tanaka,MULTI,no,94485,preventive maintenance,Training Room
2026-05-24,afternoon,T1469,Hana Nakamura,MULTI,no,43422,scheduled lubrication cycle,Line 4
2026-05-24,night,T1462,Dmitri Volkov,ARM-05,yes,65670,preventive maintenance,Line 1
2026-05-25,morning,T7105,Yuki Tanaka,ARM-03,training,57047,scheduled lubrication cycle,Line 2
2026-05-25,afternoon,T5346,Fatima Al-Rashidi,ARM-05,yes,61132,safety audit,Line 3
2026-05-25,night,T2290,Oluwaseun Adebayo,ARM-05,yes,21507,safety audit,Maintenance Bay
2026-05-26,morning,T4312,Carlos Mendez,ARM-04,yes,24608,bearing inspection,Training Room
2026-05-26,afternoon,T1880,Fatima Al-Rashidi,ARM-04,yes,27394,conveyor belt check,Line 2
2026-05-26,night,T1118,Dmitri Volkov,ARM-03,sick_leave,54716,repair ticket #3750,Training Room
2026-05-27,morning,T3929,Fatima Al-Rashidi,ARM-02,no,32212,safety audit,Line 4
2026-05-27,afternoon,T2012,Tobias Richt,MULTI,sick_leave,30348,scheduled lubrication cycle,Training Room
2026-05-27,night,T1978,Chen Wei,ARM-03,yes,27942,training session,Line 2
2026-05-28,morning,T5050,Ethan Kowalski,MULTI,yes,51290,annual inspection,Line 3
2026-05-28,afternoon,T8071,Tobias Richt,ARM-02,yes,24811,conveyor belt check,Line 3
2026-05-28,night,T1016,Nina Patel,ARM-05,yes,93505,shift handover,Line 2
2026-05-29,morning,T7299,Aisha Diallo,MULTI,yes,57164,preventive maintenance,Line 4
2026-05-29,afternoon,T9349,Oluwaseun Adebayo,ARM-05,yes,69460,conveyor belt check,Line 4
2026-05-29,night,T5610,Ethan Kowalski,ARM-04,yes,77971,training session,Line 2
2026-05-30,morning,T4362,Chen Wei,MULTI,yes,23165,preventive maintenance,Line 4
2026-05-30,afternoon,T1512,Dmitri Volkov,MULTI,training,35939,scheduled lubrication cycle,Line 2
2026-05-30,night,T3783,Ethan Kowalski,ARM-04,yes,12058,bearing inspection,Line 1
2026-05-31,morning,T2293,Priya Sharma,ARM-01,yes,12489,bearing inspection,Line 1
2026-05-31,afternoon,T8292,Yuki Tanaka,ARM-03,yes,60516,preventive maintenance,Line 2
2026-05-31,night,T4210,Aisha Diallo,ARM-01,no,77184,sensor calibration,Line 4
2026-05-01,morning,T6095,Hana Nakamura,ARM-03,yes,96424,preventive maintenance,Line 2
2026-05-01,afternoon,T4545,Nina Patel,ARM-03,sick_leave,98036,scheduled lubrication cycle,Training Room
2026-05-01,night,T4856,Priya Sharma,ARM-01,sick_leave,90245,shift handover,Line 3
2026-05-02,morning,T4463,Hana Nakamura,ARM-01,yes,26226,shift handover,Line 4
2026-05-02,afternoon,T4305,Chen Wei,ARM-02,no,27087,bearing inspection,Line 2
2026-05-02,night,T5338,Oluwaseun Adebayo,MULTI,no,20529,bearing inspection,Maintenance Bay
2026-05-03,morning,T1295,Samuel Osei,ARM-02,yes,98730,shift handover,Maintenance Bay
2026-05-03,afternoon,T5438,Aisha Diallo,ARM-04,training,85675,annual inspection,Line 4
2026-05-03,night,T8613,Ethan Kowalski,ARM-05,no,80421,sensor calibration,Maintenance Bay
2026-05-04,morning,T2781,Fatima Al-Rashidi,ARM-04,yes,27714,shift handover,Maintenance Bay
2026-05-04,afternoon,T4858,Maria Santos,MULTI,yes,79223,sensor calibration,Maintenance Bay
2026-05-04,night,T5620,Oluwaseun Adebayo,ARM-05,sick_leave,60483,repair ticket #5769,Line 1
2026-05-05,morning,T2181,Oluwaseun Adebayo,MULTI,yes,88684,annual inspection,Line 1
2026-05-05,afternoon,T3173,Priya Sharma,ARM-05,training,30257,safety audit,Line 3
2026-05-05,night,T3758,Carlos Mendez,ARM-04,yes,55006,annual inspection,Line 4
2026-05-06,morning,T5557,Fatima Al-Rashidi,MULTI,yes,46444,conveyor belt check,Training Room
2026-05-06,afternoon,T8904,Priya Sharma,ARM-05,sick_leave,85012,annual inspection,Line 1
2026-05-06,night,T3834,Oluwaseun Adebayo,ARM-04,yes,38186,safety audit,Line 4
2026-05-07,morning,T8524,Tobias Richt,ARM-05,yes,46753,scheduled lubrication cycle,Maintenance Bay
2026-05-07,afternoon,T9792,Chen Wei,ARM-03,yes,45673,repair ticket #3088,Maintenance Bay
2026-05-07,night,T3976,Dmitri Volkov,ARM-01,yes,80398,repair ticket #9406,Maintenance Bay
2026-05-08,morning,T2686,Fatima Al-Rashidi,ARM-02,yes,73156,scheduled lubrication cycle,Maintenance Bay
2026-05-08,afternoon,T9285,Maria Santos,ARM-05,no,62290,safety audit,Training Room
2026-05-08,night,T2373,Samuel Osei,ARM-05,sick_leave,69639,training session,Line 1
2026-05-09,morning,T6648,Aisha Diallo,ARM-05,sick_leave,52445,preventive maintenance,Line 2
2026-05-09,afternoon,T2955,Maria Santos,MULTI,training,31141,scheduled lubrication cycle,Training Room
2026-05-09,night,T4419,Yuki Tanaka,ARM-02,training,39990,safety audit,Maintenance Bay
2026-05-10,morning,T7271,Aisha Diallo,ARM-04,yes,97697,safety audit,Line 2
2026-05-10,afternoon,T4381,Hana Nakamura,ARM-03,training,87299,scheduled lubrication cycle,Line 2
2026-05-10,night,T8159,Maria Santos,ARM-01,no,91729,sensor calibration,Maintenance Bay
2026-05-11,morning,T2366,Oluwaseun Adebayo,ARM-02,sick_leave,18978,repair ticket #5886,Line 1
2026-05-11,afternoon,T9267,Nina Patel,ARM-03,no,20239,sensor calibration,Line 2
2026-05-11,night,T8752,Maria Santos,ARM-04,yes,36110,shift handover,Line 3
2026-05-12,morning,T8073,Nina Patel,ARM-05,training,87206,preventive maintenance,Maintenance Bay
2026-05-12,afternoon,T3225,Aisha Diallo,ARM-03,training,40235,sensor calibration,Line 4
2026-05-12,night,T7123,Oluwaseun Adebayo,ARM-04,no,59751,training session,Line 3
2026-05-13,morning,T4502,Fatima Al-Rashidi,ARM-01,sick_leave,74325,shift handover,Line 1
2026-05-13,afternoon,T7992,Dmitri Volkov,MULTI,sick_leave,79661,scheduled lubrication cycle,Line 4
2026-05-13,night,T7723,Chen Wei,MULTI,yes,72898,bearing inspection,Line 4
2026-05-14,morning,T9729,Chen Wei,ARM-02,yes,94947,bearing inspection,Line 2
2026-05-14,afternoon,T7273,Lucas Ferreira,ARM-02,yes,95221,conveyor belt check,Line 3
2026-05-14,night,T2041,Nina Patel,MULTI,training,86660,preventive maintenance,Training Room
2026-05-15,morning,T4242,Samuel Osei,ARM-05,training,64108,training session,Line 1
2026-05-15,afternoon,T6165,Dmitri Volkov,ARM-04,training,80345,sensor calibration,Line 1
2026-05-15,night,T5039,Fatima Al-Rashidi,ARM-02,yes,71941,preventive maintenance,Line 1
2026-05-16,morning,T3576,Ethan Kowalski,ARM-04,yes,13658,annual inspection,Line 4
2026-05-16,afternoon,T6201,Maria Santos,ARM-05,sick_leave,75656,scheduled lubrication cycle,Maintenance Bay
2026-05-16,night,T1742,Nina Patel,ARM-03,no,71946,scheduled lubrication cycle,Training Room
2026-05-17,morning,T4165,Oluwaseun Adebayo,ARM-02,yes,98029,repair ticket #6382,Line 1
2026-05-17,afternoon,T7494,Ethan Kowalski,ARM-05,no,14444,annual inspection,Maintenance Bay
2026-05-17,night,T3516,Priya Sharma,ARM-05,yes,38392,training session,Maintenance Bay
2026-05-18,morning,T8748,Oluwaseun Adebayo,MULTI,no,75546,preventive maintenance,Line 1
2026-05-18,afternoon,T3382,Maria Santos,ARM-04,training,17663,annual inspection,Training Room
2026-05-18,night,T5161,Samuel Osei,ARM-05,yes,27878,repair ticket #4754,Line 2
2026-05-19,morning,T6689,Carlos Mendez,ARM-02,yes,71497,safety audit,Line 3
2026-05-19,afternoon,T6087,Samuel Osei,ARM-02,no,22617,training session,Maintenance Bay
2026-05-19,night,T7062,Dmitri Volkov,ARM-04,training,39723,scheduled lubrication cycle,Training Room
2026-05-20,morning,T3174,Carlos Mendez,ARM-02,yes,66591,scheduled lubrication cycle,Line 1
2026-05-20,afternoon,T7212,Dmitri Volkov,ARM-01,yes,58649,shift handover,Line 4
2026-05-20,night,T3688,Nina Patel,ARM-02,training,90859,bearing inspection,Line 3
2026-05-21,morning,T6769,Tobias Richt,ARM-02,yes,62552,scheduled lubrication cycle,Maintenance Bay
2026-05-21,afternoon,T3428,Chen Wei,ARM-03,training,20210,safety audit,Line 3
2026-05-21,night,T9715,Priya Sharma,MULTI,yes,21032,safety audit,Line 1
2026-05-22,morning,T9269,Aisha Diallo,ARM-04,sick_leave,22881,bearing inspection,Line 3
2026-05-22,afternoon,T3227,Tobias Richt,ARM-04,yes,57356,sensor calibration,Training Room
2026-05-22,night,T8043,Carlos Mendez,ARM-01,yes,19361,shift handover,Line 3
2026-05-23,morning,T9884,Priya Sharma,ARM-05,no,86765,sensor calibration,Line 3
2026-05-23,afternoon,T1234,Ethan Kowalski,ARM-04,training,31174,bearing inspection,Maintenance Bay
2026-05-23,night,T9381,Aisha Diallo,ARM-01,yes,68668,conveyor belt check,Line 3
2026-05-24,morning,T4238,Dmitri Volkov,ARM-02,sick_leave,75339,repair ticket #8301,Line 2
2026-05-24,afternoon,T1014,Aisha Diallo,ARM-03,yes,87188,training session,Line 1
2026-05-24,night,T5916,Chen Wei,ARM-03,no,49888,safety audit,Line 2
2026-05-25,morning,T2156,Yuki Tanaka,ARM-01,yes,52812,annual inspection,Line 1
2026-05-25,afternoon,T3975,Samuel Osei,ARM-05,yes,39814,annual inspection,Line 2
2026-05-25,night,T1756,Yuki Tanaka,ARM-04,yes,10417,conveyor belt check,Line 1
2026-05-26,morning,T7079,Fatima Al-Rashidi,ARM-01,no,35247,training session,Line 3
2026-05-26,afternoon,T5487,Dmitri Volkov,ARM-02,no,97467,conveyor belt check,Training Room
2026-05-26,night,T2344,Priya Sharma,ARM-01,yes,19861,scheduled lubrication cycle,Line 1
2026-05-27,morning,T7524,Aisha Diallo,MULTI,sick_leave,33889,scheduled lubrication cycle,Training Room
2026-05-27,afternoon,T5092,Priya Sharma,ARM-05,sick_leave,55770,bearing inspection,Maintenance Bay
2026-05-27,night,T7593,Hana Nakamura,ARM-05,no,36623,sensor calibration,Line 3
2026-05-28,morning,T6712,Hana Nakamura,ARM-03,no,74318,training session,Line 3
2026-05-28,afternoon,T8976,Nina Patel,ARM-05,sick_leave,93939,shift handover,Line 2
2026-05-28,night,T7850,Dmitri Volkov,ARM-02,yes,96989,conveyor belt check,Maintenance Bay
2026-05-29,morning,T5995,Ethan Kowalski,ARM-04,sick_leave,56938,safety audit,Line 3
2026-05-29,afternoon,T5874,Priya Sharma,ARM-03,yes,16565,safety audit,Line 1
2026-05-29,night,T8351,Ethan Kowalski,ARM-04,training,26047,annual inspection,Line 2
2026-05-30,morning,T8548,Lucas Ferreira,ARM-02,no,40348,bearing inspection,Line 4
2026-05-30,afternoon,T9903,Chen Wei,ARM-01,sick_leave,99732,training session,Maintenance Bay
2026-05-30,night,T1959,Nina Patel,ARM-05,yes,51421,scheduled lubrication cycle,Line 1
2026-05-31,morning,T4955,Hana Nakamura,ARM-05,yes,99885,annual inspection,Line 3
2026-05-31,afternoon,T2964,Ethan Kowalski,MULTI,yes,22790,annual inspection,Line 4
2026-05-31,night,T4149,Maria Santos,ARM-04,yes,96144,conveyor belt check,Maintenance Bay
2026-05-01,morning,T9319,Carlos Mendez,ARM-01,yes,38271,shift handover,Maintenance Bay
2026-05-01,afternoon,T1422,Yuki Tanaka,ARM-03,yes,58103,safety audit,Line 2
2026-05-01,night,T9698,Fatima Al-Rashidi,ARM-03,yes,57723,bearing inspection,Line 2
2026-05-02,morning,T5733,Carlos Mendez,ARM-03,no,60307,conveyor belt check,Line 3
2026-05-02,afternoon,T2546,Ethan Kowalski,ARM-05,yes,53993,annual inspection,Line 4
2026-05-02,night,T6811,Aisha Diallo,ARM-01,no,28182,shift handover,Line 1
2026-05-03,morning,T7539,Oluwaseun Adebayo,ARM-04,no,34278,preventive maintenance,Line 1
2026-05-03,afternoon,T8152,Hana Nakamura,ARM-04,no,34672,preventive maintenance,Line 4
2026-05-03,night,T3534,Aisha Diallo,ARM-04,yes,74631,bearing inspection,Line 1
2026-05-04,morning,T7338,Nina Patel,ARM-03,yes,25373,training session,Maintenance Bay
2026-05-04,afternoon,T2103,Chen Wei,ARM-05,yes,85978,scheduled lubrication cycle,Line 1
2026-05-04,night,T6359,Chen Wei,ARM-01,no,96267,repair ticket #6071,Maintenance Bay
2026-05-05,morning,T3044,Lucas Ferreira,ARM-01,sick_leave,66245,sensor calibration,Line 4
2026-05-05,afternoon,T1012,Hana Nakamura,ARM-02,yes,44121,scheduled lubrication cycle,Line 4
2026-05-05,night,T7533,Chen Wei,ARM-01,yes,85236,repair ticket #3864,Line 1
2026-05-06,morning,T6831,Maria Santos,ARM-03,yes,96758,conveyor belt check,Training Room
2026-05-06,afternoon,T9448,Dmitri Volkov,MULTI,yes,43492,annual inspection,Line 1
2026-05-06,night,T3263,Yuki Tanaka,ARM-01,yes,56974,preventive maintenance,Training Room
2026-05-07,morning,T8778,Carlos Mendez,ARM-05,training,87000,scheduled lubrication cycle,Line 4
2026-05-07,afternoon,T2830,Carlos Mendez,ARM-05,yes,17063,training session,Line 1
2026-05-07,night,T7418,Lucas Ferreira,ARM-03,yes,34859,bearing inspection,Line 4
2026-05-08,morning,T5950,Yuki Tanaka,ARM-03,yes,42547,scheduled lubrication cycle,Line 2
2026-05-08,afternoon,T2882,Aisha Diallo,MULTI,no,79457,scheduled lubrication cycle,Line 1
2026-05-08,night,T1164,Aisha Diallo,ARM-03,training,15323,annual inspection,Maintenance Bay
2026-05-09,morning,T7129,Oluwaseun Adebayo,ARM-03,yes,19257,safety audit,Line 2
2026-05-09,afternoon,T4240,Maria Santos,ARM-02,training,46645,repair ticket #5483,Line 2
2026-05-09,night,T3111,Hana Nakamura,MULTI,training,83238,shift handover,Line 1
2026-05-10,morning,T7452,Oluwaseun Adebayo,ARM-04,yes,83211,preventive maintenance,Line 1
2026-05-10,afternoon,T4094,Carlos Mendez,ARM-02,sick_leave,25039,repair ticket #7466,Line 4
2026-05-10,night,T9486,Oluwaseun Adebayo,ARM-03,no,84993,shift handover,Line 4
2026-05-11,morning,T1095,Carlos Mendez,ARM-01,yes,24289,preventive maintenance,Line 4
2026-05-11,afternoon,T7448,Ethan Kowalski,ARM-02,training,89278,conveyor belt check,Maintenance Bay
2026-05-11,night,T9592,Aisha Diallo,ARM-04,sick_leave,50268,repair ticket #1311,Maintenance Bay
2026-05-12,morning,T3989,Priya Sharma,MULTI,yes,14495,bearing inspection,Training Room
2026-05-12,afternoon,T4380,Dmitri Volkov,ARM-03,yes,42804,preventive maintenance,Training Room
2026-05-12,night,T4004,Lucas Ferreira,ARM-02,no,66235,conveyor belt check,Line 1
2026-05-13,morning,T4993,Maria Santos,MULTI,yes,94192,training session,Line 3
2026-05-13,afternoon,T3472,Lucas Ferreira,ARM-03,sick_leave,27555,repair ticket #4896,Training Room
2026-05-13,night,T5190,Samuel Osei,ARM-01,training,22698,safety audit,Line 4
2026-05-14,morning,T1354,Aisha Diallo,ARM-02,training,82109,safety audit,Training Room
2026-05-14,afternoon,T2350,Nina Patel,MULTI,yes,70169,repair ticket #5032,Training Room
2026-05-14,night,T2807,Nina Patel,ARM-02,sick_leave,39994,training session,Line 2
2026-05-15,morning,T7151,Yuki Tanaka,MULTI,sick_leave,36990,training session,Line 1
2026-05-15,afternoon,T2426,Aisha Diallo,ARM-03,yes,32475,training session,Line 1
2026-05-15,night,T6605,Fatima Al-Rashidi,ARM-03,yes,40421,training session,Line 4
2026-05-16,morning,T7868,Yuki Tanaka,MULTI,no,60197,conveyor belt check,Line 4
2026-05-16,afternoon,T2206,Maria Santos,ARM-03,sick_leave,18629,bearing inspection,Line 2
2026-05-16,night,T6219,Yuki Tanaka,MULTI,sick_leave,90212,sensor calibration,Line 3
2026-05-17,morning,T2250,Samuel Osei,MULTI,yes,30167,scheduled lubrication cycle,Line 3
2026-05-17,afternoon,T5399,Dmitri Volkov,ARM-02,yes,72973,scheduled lubrication cycle,Line 1
2026-05-17,night,T8710,Aisha Diallo,MULTI,no,84836,sensor calibration,Line 4
2026-05-18,morning,T1875,Priya Sharma,ARM-03,training,23007,safety audit,Line 1
2026-05-18,afternoon,T6176,Priya Sharma,ARM-04,no,12184,annual inspection,Training Room
2026-05-18,night,T7126,Carlos Mendez,MULTI,no,15549,repair ticket #1412,Line 3
2026-05-19,morning,T7893,Samuel Osei,ARM-04,no,53443,conveyor belt check,Line 3
2026-05-19,afternoon,T7553,Chen Wei,ARM-02,yes,61301,preventive maintenance,Maintenance Bay
2026-05-19,night,T6152,Oluwaseun Adebayo,ARM-02,no,67045,training session,Line 1
2026-05-20,morning,T6983,Carlos Mendez,ARM-04,yes,71523,shift handover,Line 3
2026-05-20,afternoon,T6311,Oluwaseun Adebayo,MULTI,yes,41360,sensor calibration,Line 1
2026-05-20,night,T5328,Lucas Ferreira,ARM-01,yes,18732,bearing inspection,Line 3
2026-05-21,morning,T5271,Chen Wei,ARM-03,yes,69584,safety audit,Maintenance Bay
2026-05-21,afternoon,T4482,Maria Santos,ARM-04,sick_leave,61808,annual inspection,Line 3
2026-05-21,night,T9037,Dmitri Volkov,ARM-01,yes,31456,scheduled lubrication cycle,Line 3
2026-05-22,morning,T9468,Maria Santos,ARM-02,yes,34031,training session,Line 1
2026-05-22,afternoon,T1863,Aisha Diallo,MULTI,yes,22666,shift handover,Line 1
2026-05-22,night,T4561,Tobias Richt,ARM-03,yes,48772,shift handover,Line 2
2026-05-23,morning,T5300,Yuki Tanaka,ARM-02,training,69058,annual inspection,Line 1
2026-05-23,afternoon,T9223,Nina Patel,ARM-05,training,16780,scheduled lubrication cycle,Line 2
2026-05-23,night,T1732,Samuel Osei,ARM-05,yes,97760,bearing inspection,Line 3
2026-05-24,morning,T2894,Priya Sharma,ARM-01,no,54874,scheduled lubrication cycle,Maintenance Bay
2026-05-24,afternoon,T5906,Samuel Osei,ARM-04,yes,22504,training session,Line 1
2026-05-24,night,T4885,Nina Patel,ARM-01,no,98562,bearing inspection,Line 4
2026-05-25,morning,T1174,Priya Sharma,ARM-03,yes,48753,sensor calibration,Maintenance Bay
2026-05-25,afternoon,T8722,Dmitri Volkov,ARM-02,yes,76340,training session,Maintenance Bay
2026-05-25,night,T6712,Carlos Mendez,ARM-01,training,83089,bearing inspection,Maintenance Bay
2026-05-26,morning,T4087,Priya Sharma,ARM-02,yes,24756,repair ticket #8077,Training Room
2026-05-26,afternoon,T3923,Chen Wei,ARM-05,yes,78595,bearing inspection,Line 3
2026-05-26,night,T1092,Fatima Al-Rashidi,MULTI,sick_leave,30520,preventive maintenance,Line 3
2026-05-27,morning,T6647,Priya Sharma,ARM-01,training,40783,conveyor belt check,Maintenance Bay
2026-05-27,afternoon,T4195,Dmitri Volkov,MULTI,sick_leave,62013,shift handover,Line 1
2026-05-27,night,T5674,Nina Patel,ARM-04,yes,74842,shift handover,Line 3
2026-05-28,morning,T6565,Nina Patel,ARM-03,no,98709,training session,Maintenance Bay
2026-05-28,afternoon,T5159,Nina Patel,ARM-03,sick_leave,89957,conveyor belt check,Line 2
2026-05-28,night,T7586,Yuki Tanaka,ARM-04,yes,67787,training session,Line 3
2026-05-29,morning,T4817,Chen Wei,ARM-02,no,99434,conveyor belt check,Line 4
2026-05-29,afternoon,T8156,Hana Nakamura,ARM-05,yes,43645,preventive maintenance,Line 4
2026-05-29,night,T3380,Nina Patel,MULTI,yes,80269,sensor calibration,Line 2
2026-05-30,morning,T3557,Lucas Ferreira,ARM-05,no,69079,annual inspection,Maintenance Bay
2026-05-30,afternoon,T5863,Nina Patel,ARM-01,yes,24063,shift handover,Line 4
2026-05-30,night,T8168,Aisha Diallo,ARM-01,no,78724,annual inspection,Line 4
2026-05-31,morning,T3866,Aisha Diallo,MULTI,no,45545,bearing inspection,Maintenance Bay
2026-05-31,afternoon,T5159,Maria Santos,ARM-05,sick_leave,55586,sensor calibration,Line 3
2026-05-31,night,T3377,Priya Sharma,ARM-01,training,63993,conveyor belt check,Training Room
2026-05-01,morning,T9524,Priya Sharma,ARM-05,yes,34502,preventive maintenance,Line 4
2026-05-01,afternoon,T5700,Aisha Diallo,ARM-01,yes,27496,repair ticket #7648,Line 3
2026-05-01,night,T5442,Chen Wei,ARM-04,yes,51226,conveyor belt check,Line 1
2026-05-02,morning,T9121,Priya Sharma,ARM-01,yes,87680,sensor calibration,Maintenance Bay
2026-05-02,afternoon,T3981,Fatima Al-Rashidi,ARM-02,yes,24915,training session,Line 2
2026-05-02,night,T2432,Lucas Ferreira,ARM-04,yes,74820,sensor calibration,Training Room
2026-05-03,morning,T9628,Maria Santos,ARM-02,no,47050,shift handover,Line 3
2026-05-03,afternoon,T8124,Yuki Tanaka,ARM-05,sick_leave,57757,annual inspection,Line 4
2026-05-03,night,T9684,Lucas Ferreira,ARM-02,yes,84425,sensor calibration,Line 4
2026-05-04,morning,T4835,Samuel Osei,ARM-01,yes,56289,shift handover,Maintenance Bay
2026-05-04,afternoon,T4818,Ethan Kowalski,ARM-04,training,79182,sensor calibration,Line 3
2026-05-04,night,T5075,Hana Nakamura,ARM-04,yes,24818,scheduled lubrication cycle,Line 3
2026-05-05,morning,T2691,Lucas Ferreira,ARM-01,training,37033,sensor calibration,Line 4
2026-05-05,afternoon,T1585,Hana Nakamura,ARM-04,training,83457,shift handover,Line 3
2026-05-05,night,T2905,Priya Sharma,ARM-04,yes,78428,sensor calibration,Line 2
2026-05-06,morning,T5960,Aisha Diallo,ARM-02,yes,91249,safety audit,Training Room
2026-05-06,afternoon,T6375,Fatima Al-Rashidi,ARM-01,no,69606,shift handover,Line 3
2026-05-06,night,T3942,Oluwaseun Adebayo,MULTI,no,45408,sensor calibration,Maintenance Bay
2026-05-07,morning,T9763,Aisha Diallo,ARM-04,yes,24069,training session,Training Room
2026-05-07,afternoon,T9584,Carlos Mendez,ARM-02,yes,81586,training session,Line 3
2026-05-07,night,T7768,Tobias Richt,ARM-03,sick_leave,15993,conveyor belt check,Maintenance Bay
2026-05-08,morning,T5074,Hana Nakamura,MULTI,yes,16183,scheduled lubrication cycle,Maintenance Bay
2026-05-08,afternoon,T4305,Nina Patel,ARM-01,yes,63910,bearing inspection,Line 4
2026-05-08,night,T2434,Nina Patel,ARM-05,no,23805,bearing inspection,Line 1
2026-05-09,morning,T5601,Maria Santos,ARM-04,sick_leave,45784,annual inspection,Maintenance Bay
2026-05-09,afternoon,T9981,Tobias Richt,ARM-04,yes,43396,preventive maintenance,Line 4
2026-05-09,night,T1658,Carlos Mendez,ARM-05,no,17939,training session,Line 3
2026-05-10,morning,T8679,Chen Wei,ARM-05,yes,92046,repair ticket #2467,Training Room
2026-05-10,afternoon,T1157,Aisha Diallo,ARM-05,sick_leave,81251,sensor calibration,Line 2
2026-05-10,night,T7854,Yuki Tanaka,MULTI,sick_leave,79687,bearing inspection,Line 2
2026-05-11,morning,T6674,Maria Santos,ARM-05,sick_leave,72460,preventive maintenance,Line 3
2026-05-11,afternoon,T2478,Maria Santos,MULTI,yes,57971,scheduled lubrication cycle,Line 2
2026-05-11,night,T9720,Maria Santos,ARM-05,sick_leave,47593,repair ticket #7131,Training Room
2026-05-12,morning,T8380,Fatima Al-Rashidi,ARM-05,training,97492,annual inspection,Line 2
2026-05-12,afternoon,T2176,Samuel Osei,ARM-01,no,92889,safety audit,Line 2
2026-05-12,night,T1907,Oluwaseun Adebayo,MULTI,yes,92427,scheduled lubrication cycle,Line 4
2026-05-13,morning,T2693,Dmitri Volkov,ARM-01,yes,97204,repair ticket #9170,Training Room
2026-05-13,afternoon,T2122,Priya Sharma,MULTI,training,79490,bearing inspection,Training Room
2026-05-13,night,T4271,Lucas Ferreira,ARM-05,yes,25467,conveyor belt check,Line 3
2026-05-14,morning,T5871,Dmitri Volkov,ARM-03,training,32691,preventive maintenance,Training Room
2026-05-14,afternoon,T3248,Samuel Osei,ARM-04,yes,67053,annual inspection,Maintenance Bay
2026-05-14,night,T2597,Dmitri Volkov,MULTI,yes,15249,conveyor belt check,Line 4
2026-05-15,morning,T1824,Samuel Osei,ARM-03,yes,38727,conveyor belt check,Line 3
2026-05-15,afternoon,T8139,Maria Santos,MULTI,no,32439,safety audit,Line 1
2026-05-15,night,T1283,Chen Wei,ARM-01,yes,67547,annual inspection,Maintenance Bay
2026-05-16,morning,T1176,Tobias Richt,ARM-01,yes,62573,bearing inspection,Line 3
2026-05-16,afternoon,T4780,Carlos Mendez,ARM-01,sick_leave,12706,repair ticket #3854,Line 3
2026-05-16,night,T2108,Maria Santos,ARM-01,yes,70330,annual inspection,Line 2
2026-05-17,morning,T4298,Tobias Richt,ARM-04,no,99346,conveyor belt check,Line 3
2026-05-17,afternoon,T1921,Tobias Richt,ARM-04,yes,99542,bearing inspection,Line 4
2026-05-17,night,T4630,Chen Wei,ARM-03,yes,18849,annual inspection,Line 3
2026-05-18,morning,T6950,Ethan Kowalski,ARM-05,no,83218,annual inspection,Line 2
2026-05-18,afternoon,T1808,Nina Patel,ARM-02,yes,40867,bearing inspection,Training Room
2026-05-18,night,T1118,Hana Nakamura,MULTI,sick_leave,13297,training session,Training Room
2026-05-19,morning,T8394,Maria Santos,MULTI,sick_leave,85646,sensor calibration,Line 3
2026-05-19,afternoon,T3355,Tobias Richt,ARM-01,yes,12594,annual inspection,Line 3
2026-05-19,night,T8263,Oluwaseun Adebayo,MULTI,training,85980,shift handover,Maintenance Bay
2026-05-20,morning,T5959,Oluwaseun Adebayo,ARM-04,yes,15549,training session,Line 2
2026-05-20,afternoon,T7835,Aisha Diallo,ARM-03,yes,76155,scheduled lubrication cycle,Line 3
2026-05-20,night,T3169,Fatima Al-Rashidi,MULTI,yes,73697,repair ticket #2132,Line 4
2026-05-21,morning,T7392,Aisha Diallo,ARM-02,yes,72187,preventive maintenance,Line 4
2026-05-21,afternoon,T4684,Priya Sharma,ARM-01,training,41837,training session,Line 2
2026-05-21,night,T5076,Carlos Mendez,ARM-03,sick_leave,67219,annual inspection,Line 2
2026-05-22,morning,T4157,Hana Nakamura,ARM-05,yes,45198,scheduled lubrication cycle,Line 1
2026-05-22,afternoon,T7219,Samuel Osei,ARM-05,yes,76069,bearing inspection,Line 2
2026-05-22,night,T9300,Lucas Ferreira,ARM-01,training,53726,shift handover,Line 1
2026-05-23,morning,T7840,Maria Santos,ARM-05,yes,22143,shift handover,Line 3
2026-05-23,afternoon,T1381,Aisha Diallo,MULTI,yes,55228,shift handover,Training Room
2026-05-23,night,T5823,Carlos Mendez,ARM-05,training,47134,training session,Line 3
2026-05-24,morning,T3078,Maria Santos,ARM-04,yes,90588,shift handover,Line 2
2026-05-24,afternoon,T1507,Tobias Richt,ARM-05,yes,80819,bearing inspection,Line 1
2026-05-24,night,T8140,Yuki Tanaka,ARM-04,yes,30928,scheduled lubrication cycle,Maintenance Bay
2026-05-25,morning,T9142,Chen Wei,MULTI,yes,65012,safety audit,Training Room
2026-05-25,afternoon,T4526,Nina Patel,ARM-01,yes,41096,repair ticket #6089,Training Room
2026-05-25,night,T2946,Samuel Osei,ARM-01,yes,12680,preventive maintenance,Line 2
2026-05-26,morning,T4300,Samuel Osei,ARM-05,training,34753,shift handover,Line 3
2026-05-26,afternoon,T9504,Samuel Osei,ARM-03,sick_leave,33728,repair ticket #3797,Line 4
2026-05-26,night,T6229,Priya Sharma,MULTI,sick_leave,83871,shift handover,Maintenance Bay
2026-05-27,morning,T1049,Aisha Diallo,ARM-04,no,72774,preventive maintenance,Maintenance Bay
2026-05-27,afternoon,T9740,Tobias Richt,ARM-02,no,17874,repair ticket #2836,Line 1
2026-05-27,night,T7592,Chen Wei,MULTI,no,49413,conveyor belt check,Training Room
2026-05-28,morning,T4734,Chen Wei,ARM-05,sick_leave,30759,bearing inspection,Line 3
2026-05-28,afternoon,T7321,Tobias Richt,ARM-02,yes,59487,conveyor belt check,Line 3
2026-05-28,night,T5052,Dmitri Volkov,ARM-03,training,73019,safety audit,Line 3
2026-05-29,morning,T8304,Samuel Osei,ARM-05,yes,75046,safety audit,Line 1
2026-05-29,afternoon,T3813,Nina Patel,ARM-04,no,18625,preventive maintenance,Training Room
2026-05-29,night,T6746,Samuel Osei,MULTI,no,15526,safety audit,Maintenance Bay
2026-05-30,morning,T8074,Yuki Tanaka,ARM-04,sick_leave,48269,repair ticket #6186,Line 3
2026-05-30,afternoon,T4765,Yuki Tanaka,ARM-03,sick_leave,96618,training session,Line 3
2026-05-30,night,T4643,Fatima Al-Rashidi,ARM-01,yes,17575,bearing inspection,Line 2
2026-05-31,morning,T7173,Aisha Diallo,ARM-04,no,70305,training session,Line 4
2026-05-31,afternoon,T8826,Ethan Kowalski,ARM-03,yes,40964,shift handover,Line 4
2026-05-31,night,T3064,Oluwaseun Adebayo,MULTI,yes,33407,annual inspection,Line 4
2026-05-01,morning,T9807,Aisha Diallo,ARM-05,yes,79831,annual inspection,Line 2
2026-05-01,afternoon,T1853,Aisha Diallo,ARM-03,training,11614,safety audit,Line 4
2026-05-01,night,T4312,Tobias Richt,ARM-01,training,67394,preventive maintenance,Maintenance Bay
2026-05-02,morning,T6435,Nina Patel,ARM-04,yes,65604,annual inspection,Line 2
2026-05-02,afternoon,T2794,Fatima Al-Rashidi,ARM-01,sick_leave,92457,bearing inspection,Training Room
2026-05-02,night,T2769,Lucas Ferreira,ARM-02,sick_leave,23414,repair ticket #5434,Line 3
2026-05-03,morning,T5603,Fatima Al-Rashidi,MULTI,sick_leave,31244,bearing inspection,Line 2
2026-05-03,afternoon,T3520,Samuel Osei,ARM-04,training,81772,repair ticket #9133,Maintenance Bay
2026-05-03,night,T9461,Lucas Ferreira,ARM-05,training,77957,bearing inspection,Line 2
2026-05-04,morning,T5738,Aisha Diallo,ARM-05,sick_leave,85970,training session,Line 2
2026-05-04,afternoon,T1837,Carlos Mendez,ARM-01,no,37277,training session,Line 4
2026-05-04,night,T4928,Fatima Al-Rashidi,MULTI,yes,82472,repair ticket #3859,Line 4
2026-05-05,morning,T5742,Fatima Al-Rashidi,MULTI,no,36832,annual inspection,Maintenance Bay
2026-05-05,afternoon,T4854,Oluwaseun Adebayo,ARM-01,yes,10266,bearing inspection,Line 1
2026-05-05,night,T6145,Fatima Al-Rashidi,ARM-05,no,25945,annual inspection,Line 2
2026-05-06,morning,T5820,Maria Santos,ARM-05,sick_leave,53769,sensor calibration,Maintenance Bay
2026-05-06,afternoon,T5465,Carlos Mendez,ARM-02,yes,74248,shift handover,Line 3
2026-05-06,night,T9350,Maria Santos,ARM-04,training,98033,safety audit,Line 1
2026-05-07,morning,T5643,Nina Patel,ARM-02,no,11145,safety audit,Line 1
2026-05-07,afternoon,T5861,Dmitri Volkov,ARM-04,yes,29173,safety audit,Training Room
2026-05-07,night,T7296,Hana Nakamura,ARM-03,yes,32332,shift handover,Line 1
2026-05-08,morning,T4243,Samuel Osei,ARM-01,training,48127,annual inspection,Line 1
2026-05-08,afternoon,T6225,Yuki Tanaka,ARM-03,yes,26334,bearing inspection,Line 3
2026-05-08,night,T9303,Ethan Kowalski,ARM-02,yes,75858,annual inspection,Training Room
2026-05-09,morning,T8918,Fatima Al-Rashidi,ARM-02,yes,65796,annual inspection,Maintenance Bay
2026-05-09,afternoon,T6799,Ethan Kowalski,ARM-01,sick_leave,87033,shift handover,Line 2
2026-05-09,night,T5761,Tobias Richt,ARM-02,sick_leave,53408,repair ticket #7293,Maintenance Bay
2026-05-10,morning,T2037,Lucas Ferreira,ARM-05,training,94255,conveyor belt check,Training Room
2026-05-10,afternoon,T1742,Aisha Diallo,ARM-03,yes,17653,annual inspection,Line 1
2026-05-10,night,T1688,Lucas Ferreira,MULTI,sick_leave,51112,sensor calibration,Maintenance Bay
2026-05-11,morning,T7723,Oluwaseun Adebayo,ARM-01,yes,77948,scheduled lubrication cycle,Training Room
2026-05-11,afternoon,T6447,Samuel Osei,ARM-04,yes,64106,preventive maintenance,Maintenance Bay
2026-05-11,night,T7029,Samuel Osei,MULTI,training,51316,training session,Maintenance Bay
2026-05-12,morning,T2531,Lucas Ferreira,ARM-02,training,89321,training session,Line 1
2026-05-12,afternoon,T6006,Chen Wei,ARM-01,no,84535,training session,Line 2
2026-05-12,night,T4980,Fatima Al-Rashidi,MULTI,yes,39582,bearing inspection,Line 2
2026-05-13,morning,T6893,Chen Wei,ARM-05,sick_leave,67929,preventive maintenance,Line 4
2026-05-13,afternoon,T5276,Yuki Tanaka,ARM-02,yes,55231,annual inspection,Line 4
2026-05-13,night,T9114,Hana Nakamura,ARM-02,sick_leave,22617,repair ticket #4721,Maintenance Bay
2026-05-14,morning,T5267,Oluwaseun Adebayo,MULTI,no,37302,repair ticket #6701,Line 1
2026-05-14,afternoon,T9767,Samuel Osei,MULTI,yes,63717,training session,Line 2
2026-05-14,night,T2998,Yuki Tanaka,ARM-01,yes,36244,repair ticket #1579,Line 1
2026-05-15,morning,T8041,Carlos Mendez,ARM-02,no,69673,repair ticket #9494,Training Room
2026-05-15,afternoon,T1350,Nina Patel,ARM-03,training,61925,safety audit,Line 4
2026-05-15,night,T3209,Tobias Richt,ARM-01,no,78876,training session,Line 1
2026-05-16,morning,T5046,Fatima Al-Rashidi,ARM-05,yes,17198,preventive maintenance,Maintenance Bay
2026-05-16,afternoon,T5227,Priya Sharma,ARM-04,no,29447,conveyor belt check,Line 2
2026-05-16,night,T2901,Chen Wei,ARM-03,training,27912,conveyor belt check,Line 1
2026-05-17,morning,T9214,Hana Nakamura,ARM-03,training,26028,safety audit,Maintenance Bay
2026-05-17,afternoon,T2945,Ethan Kowalski,MULTI,yes,25152,repair ticket #9377,Training Room
2026-05-17,night,T9335,Maria Santos,ARM-02,yes,35979,safety audit,Line 4
2026-05-18,morning,T9540,Priya Sharma,ARM-01,yes,69745,bearing inspection,Line 4
2026-05-18,afternoon,T1951,Carlos Mendez,MULTI,yes,46080,bearing inspection,Maintenance Bay
2026-05-18,night,T2301,Nina Patel,ARM-02,yes,79164,preventive maintenance,Maintenance Bay
2026-05-19,morning,T6368,Carlos Mendez,ARM-05,sick_leave,52245,annual inspection,Line 1
2026-05-19,afternoon,T8709,Lucas Ferreira,ARM-01,yes,93428,scheduled lubrication cycle,Line 4
2026-05-19,night,T2824,Lucas Ferreira,ARM-03,yes,30329,annual inspection,Line 3
2026-05-20,morning,T7616,Aisha Diallo,MULTI,sick_leave,46740,safety audit,Maintenance Bay
2026-05-20,afternoon,T3986,Fatima Al-Rashidi,ARM-04,yes,30813,bearing inspection,Line 4
2026-05-20,night,T6921,Hana Nakamura,MULTI,yes,83477,shift handover,Training Room
2026-05-21,morning,T2729,Maria Santos,ARM-02,sick_leave,44563,conveyor belt check,Training Room
2026-05-21,afternoon,T8931,Lucas Ferreira,MULTI,no,58630,annual inspection,Training Room
2026-05-21,night,T3801,Aisha Diallo,ARM-01,sick_leave,64060,training session,Training Room
2026-05-22,morning,T3290,Oluwaseun Adebayo,ARM-04,training,29065,conveyor belt check,Maintenance Bay
2026-05-22,afternoon,T9147,Hana Nakamura,ARM-01,sick_leave,45286,safety audit,Line 2
2026-05-22,night,T7527,Carlos Mendez,MULTI,sick_leave,93027,bearing inspection,Line 2
2026-05-23,morning,T4829,Samuel Osei,MULTI,sick_leave,55112,shift handover,Line 1
2026-05-23,afternoon,T1924,Lucas Ferreira,ARM-02,training,57640,conveyor belt check,Line 2
2026-05-23,night,T3887,Oluwaseun Adebayo,ARM-03,training,90927,safety audit,Line 3
2026-05-24,morning,T4472,Hana Nakamura,ARM-05,yes,62246,repair ticket #6392,Training Room
2026-05-24,afternoon,T4081,Hana Nakamura,ARM-03,yes,21852,annual inspection,Line 1
2026-05-24,night,T6341,Yuki Tanaka,ARM-04,yes,77916,preventive maintenance,Maintenance Bay
2026-05-25,morning,T8297,Yuki Tanaka,MULTI,yes,23893,safety audit,Line 3
2026-05-25,afternoon,T5198,Fatima Al-Rashidi,ARM-01,yes,44649,bearing inspection,Line 2
2026-05-25,night,T4781,Aisha Diallo,ARM-05,yes,43768,annual inspection,Line 4
2026-05-26,morning,T7055,Samuel Osei,ARM-03,sick_leave,73974,preventive maintenance,Line 3
2026-05-26,afternoon,T7939,Yuki Tanaka,ARM-02,training,47052,preventive maintenance,Maintenance Bay
2026-05-26,night,T8631,Carlos Mendez,ARM-03,yes,39016,bearing inspection,Line 3
2026-05-27,morning,T8262,Lucas Ferreira,ARM-01,no,38552,preventive maintenance,Maintenance Bay
2026-05-27,afternoon,T1561,Lucas Ferreira,ARM-03,yes,85822,sensor calibration,Line 4
2026-05-27,night,T8063,Priya Sharma,ARM-02,no,55183,scheduled lubrication cycle,Maintenance Bay
2026-05-28,morning,T7035,Chen Wei,ARM-05,no,18998,annual inspection,Line 2
2026-05-28,afternoon,T8824,Ethan Kowalski,ARM-04,yes,32004,sensor calibration,Training Room
2026-05-28,night,T2865,Yuki Tanaka,ARM-01,sick_leave,24709,scheduled lubrication cycle,Line 4
2026-05-29,morning,T9448,Chen Wei,ARM-03,no,68603,shift handover,Training Room
2026-05-29,afternoon,T8232,Lucas Ferreira,ARM-03,no,89936,conveyor belt check,Training Room
2026-05-29,night,T2841,Hana Nakamura,ARM-01,no,60646,scheduled lubrication cycle,Training Room
2026-05-30,morning,T8215,Carlos Mendez,ARM-03,training,91138,shift handover,Maintenance Bay
2026-05-30,afternoon,T5291,Lucas Ferreira,ARM-02,no,13610,scheduled lubrication cycle,Line 4
2026-05-30,night,T3900,Priya Sharma,ARM-01,yes,65894,preventive maintenance,Line 2
2026-05-31,morning,T8851,Priya Sharma,ARM-05,sick_leave,49424,annual inspection,Line 1
2026-05-31,afternoon,T4589,Nina Patel,MULTI,yes,76276,shift handover,Line 2
2026-05-31,night,T5574,Carlos Mendez,MULTI,yes,33377,safety audit,Line 2
2026-05-01,morning,T9461,Fatima Al-Rashidi,ARM-02,training,81480,scheduled lubrication cycle,Line 2
2026-05-01,afternoon,T1843,Fatima Al-Rashidi,ARM-04,training,78144,safety audit,Line 3
2026-05-01,night,T7355,Tobias Richt,ARM-01,sick_leave,79410,sensor calibration,Line 4
2026-05-02,morning,T4677,Yuki Tanaka,ARM-01,yes,80398,conveyor belt check,Training Room
2026-05-02,afternoon,T8895,Samuel Osei,MULTI,training,46042,sensor calibration,Line 2
2026-05-02,night,T6247,Tobias Richt,ARM-01,sick_leave,43373,preventive maintenance,Line 3
2026-05-03,morning,T4990,Oluwaseun Adebayo,ARM-04,training,37258,repair ticket #4751,Line 3
2026-05-03,afternoon,T9239,Chen Wei,MULTI,yes,53524,preventive maintenance,Line 1
2026-05-03,night,T8632,Nina Patel,ARM-05,training,57542,conveyor belt check,Line 4
2026-05-04,morning,T2656,Ethan Kowalski,ARM-03,yes,93580,annual inspection,Line 3
2026-05-04,afternoon,T8876,Aisha Diallo,ARM-02,no,29650,training session,Line 4
2026-05-04,night,T3401,Carlos Mendez,ARM-04,training,81927,shift handover,Training Room
2026-05-05,morning,T1369,Fatima Al-Rashidi,MULTI,no,38913,sensor calibration,Line 1
2026-05-05,afternoon,T4030,Aisha Diallo,ARM-05,sick_leave,88829,repair ticket #5349,Line 3
2026-05-05,night,T8338,Maria Santos,ARM-04,sick_leave,97290,training session,Maintenance Bay
2026-05-06,morning,T3495,Carlos Mendez,MULTI,yes,80336,preventive maintenance,Line 1
2026-05-06,afternoon,T3807,Nina Patel,ARM-04,no,53622,sensor calibration,Line 2
2026-05-06,night,T3463,Ethan Kowalski,ARM-03,training,92291,conveyor belt check,Line 1
2026-05-07,morning,T6027,Dmitri Volkov,ARM-04,yes,78215,shift handover,Line 3
2026-05-07,afternoon,T2560,Tobias Richt,ARM-02,sick_leave,97705,repair ticket #1210,Line 1
2026-05-07,night,T4588,Lucas Ferreira,MULTI,yes,49423,scheduled lubrication cycle,Line 3
2026-05-08,morning,T8754,Oluwaseun Adebayo,ARM-02,training,32162,annual inspection,Training Room
2026-05-08,afternoon,T7408,Hana Nakamura,ARM-01,yes,75400,repair ticket #5207,Line 3
2026-05-08,night,T8349,Yuki Tanaka,ARM-01,yes,81324,bearing inspection,Line 3
2026-05-09,morning,T7630,Chen Wei,ARM-01,sick_leave,17402,bearing inspection,Line 3
2026-05-09,afternoon,T8761,Priya Sharma,ARM-02,yes,25794,scheduled lubrication cycle,Line 1
2026-05-09,night,T2214,Samuel Osei,ARM-01,yes,35499,scheduled lubrication cycle,Maintenance Bay
2026-05-10,morning,T6932,Lucas Ferreira,MULTI,yes,37626,preventive maintenance,Line 1
2026-05-10,afternoon,T6607,Ethan Kowalski,ARM-03,sick_leave,62796,annual inspection,Line 2
2026-05-10,night,T4309,Samuel Osei,ARM-04,yes,92879,scheduled lubrication cycle,Training Room
2026-05-11,morning,T7117,Oluwaseun Adebayo,ARM-02,yes,78980,preventive maintenance,Maintenance Bay
2026-05-11,afternoon,T8731,Dmitri Volkov,ARM-04,sick_leave,46673,conveyor belt check,Training Room
2026-05-11,night,T5983,Priya Sharma,ARM-04,training,29732,scheduled lubrication cycle,Line 4
2026-05-12,morning,T1985,Nina Patel,ARM-01,yes,92809,training session,Training Room
2026-05-12,afternoon,T2742,Hana Nakamura,ARM-02,yes,80723,safety audit,Line 4
2026-05-12,night,T9012,Chen Wei,ARM-05,sick_leave,12457,safety audit,Line 3
2026-05-13,morning,T8633,Maria Santos,ARM-01,sick_leave,50788,training session,Training Room
2026-05-13,afternoon,T8373,Hana Nakamura,ARM-02,no,27113,bearing inspection,Line 2
2026-05-13,night,T3242,Carlos Mendez,ARM-05,yes,42278,bearing inspection,Line 1
2026-05-14,morning,T4939,Tobias Richt,MULTI,no,18915,shift handover,Line 4
2026-05-14,afternoon,T2956,Chen Wei,ARM-03,yes,40883,scheduled lubrication cycle,Training Room
2026-05-14,night,T5711,Nina Patel,ARM-02,yes,70210,repair ticket #6543,Line 3
2026-05-15,morning,T5434,Oluwaseun Adebayo,ARM-05,no,33319,bearing inspection,Line 4
2026-05-15,afternoon,T7410,Oluwaseun Adebayo,ARM-05,yes,82410,repair ticket #6323,Line 1
2026-05-15,night,T8178,Fatima Al-Rashidi,ARM-02,no,27675,conveyor belt check,Line 3
2026-05-16,morning,T8482,Oluwaseun Adebayo,ARM-01,yes,88373,sensor calibration,Line 2
2026-05-16,afternoon,T1141,Priya Sharma,ARM-04,yes,31149,sensor calibration,Line 2
2026-05-16,night,T4361,Nina Patel,ARM-02,training,75831,preventive maintenance,Line 2
2026-05-17,morning,T4874,Carlos Mendez,ARM-04,yes,69019,preventive maintenance,Maintenance Bay
2026-05-17,afternoon,T5764,Tobias Richt,ARM-01,sick_leave,96416,shift handover,Maintenance Bay
2026-05-17,night,T5651,Tobias Richt,ARM-03,sick_leave,55331,conveyor belt check,Line 2
2026-05-18,morning,T5867,Oluwaseun Adebayo,MULTI,yes,42887,conveyor belt check,Maintenance Bay
2026-05-18,afternoon,T7443,Carlos Mendez,ARM-03,no,53855,training session,Line 2
2026-05-18,night,T8804,Carlos Mendez,ARM-04,training,99088,training session,Line 2
2026-05-19,morning,T5581,Priya Sharma,MULTI,yes,30902,repair ticket #3288,Line 2
2026-05-19,afternoon,T5538,Lucas Ferreira,MULTI,yes,47475,conveyor belt check,Line 1
2026-05-19,night,T8915,Maria Santos,ARM-04,sick_leave,95498,annual inspection,Line 2
2026-05-20,morning,T4501,Hana Nakamura,ARM-04,yes,48780,bearing inspection,Maintenance Bay
2026-05-20,afternoon,T8863,Oluwaseun Adebayo,ARM-05,no,82784,conveyor belt check,Maintenance Bay
2026-05-20,night,T5167,Tobias Richt,MULTI,training,92468,training session,Maintenance Bay
2026-05-21,morning,T3224,Yuki Tanaka,ARM-03,yes,43409,safety audit,Line 4
2026-05-21,afternoon,T6643,Tobias Richt,ARM-05,no,26176,sensor calibration,Line 3
2026-05-21,night,T1695,Maria Santos,ARM-03,no,63757,training session,Line 4
2026-05-22,morning,T8868,Priya Sharma,ARM-01,yes,89208,conveyor belt check,Line 1
2026-05-22,afternoon,T4968,Tobias Richt,ARM-03,no,17671,sensor calibration,Line 2
2026-05-22,night,T6237,Carlos Mendez,ARM-03,yes,18878,conveyor belt check,Line 4
2026-05-23,morning,T6225,Yuki Tanaka,ARM-03,yes,54268,sensor calibration,Line 3
2026-05-23,afternoon,T7916,Hana Nakamura,ARM-03,sick_leave,22666,safety audit,Line 1
2026-05-23,night,T6347,Carlos Mendez,ARM-05,training,59284,preventive maintenance,Training Room
2026-05-24,morning,T8359,Hana Nakamura,ARM-02,no,75065,conveyor belt check,Line 1
2026-05-24,afternoon,T5384,Dmitri Volkov,ARM-03,yes,74254,shift handover,Line 4
2026-05-24,night,T4982,Fatima Al-Rashidi,ARM-04,yes,27276,preventive maintenance,Training Room
2026-05-25,morning,T7274,Nina Patel,ARM-04,yes,50337,conveyor belt check,Line 4
2026-05-25,afternoon,T7629,Oluwaseun Adebayo,ARM-02,sick_leave,46586,annual inspection,Line 3
2026-05-25,night,T2651,Oluwaseun Adebayo,ARM-01,yes,98699,preventive maintenance,Training Room
2026-05-26,morning,T2477,Ethan Kowalski,ARM-01,yes,76940,annual inspection,Line 4
2026-05-26,afternoon,T4745,Oluwaseun Adebayo,ARM-02,yes,62157,scheduled lubrication cycle,Line 2
2026-05-26,night,T8996,Maria Santos,ARM-01,no,79795,bearing inspection,Line 3
2026-05-27,morning,T7048,Fatima Al-Rashidi,ARM-01,yes,13530,conveyor belt check,Line 4
2026-05-27,afternoon,T8719,Oluwaseun Adebayo,ARM-01,yes,67232,conveyor belt check,Line 3
2026-05-27,night,T8153,Hana Nakamura,ARM-05,sick_leave,87154,bearing inspection,Line 4
2026-05-28,morning,T6797,Oluwaseun Adebayo,ARM-04,training,33881,training session,Line 2
2026-05-28,afternoon,T4839,Ethan Kowalski,ARM-05,yes,77786,safety audit,Line 3
2026-05-28,night,T5419,Aisha Diallo,ARM-04,no,87411,sensor calibration,Line 1
2026-05-29,morning,T9156,Chen Wei,ARM-03,yes,42718,conveyor belt check,Line 3
2026-05-29,afternoon,T6195,Aisha Diallo,MULTI,sick_leave,26849,conveyor belt check,Line 2
2026-05-29,night,T4688,Yuki Tanaka,MULTI,yes,48694,repair ticket #6777,Maintenance Bay
2026-05-30,morning,T3807,Chen Wei,ARM-02,yes,94871,conveyor belt check,Line 4
2026-05-30,afternoon,T5641,Carlos Mendez,ARM-05,yes,27203,conveyor belt check,Line 2
2026-05-30,night,T6975,Ethan Kowalski,ARM-05,training,47292,shift handover,Line 2
2026-05-31,morning,T6246,Carlos Mendez,MULTI,sick_leave,69804,conveyor belt check,Line 3
2026-05-31,afternoon,T5539,Lucas Ferreira,ARM-05,no,19522,bearing inspection,Training Room
2026-05-31,night,T3713,Lucas Ferreira,ARM-04,yes,23955,preventive maintenance,Training Room
2026-05-01,morning,T4996,Nina Patel,ARM-04,sick_leave,21626,bearing inspection,Line 3
2026-05-01,afternoon,T9042,Yuki Tanaka,ARM-03,yes,33416,safety audit,Line 2
2026-05-01,night,T8265,Fatima Al-Rashidi,ARM-04,sick_leave,28920,annual inspection,Line 2
2026-05-02,morning,T5634,Chen Wei,ARM-03,yes,85546,annual inspection,Training Room
2026-05-02,afternoon,T4446,Carlos Mendez,ARM-02,yes,30126,annual inspection,Line 1
2026-05-02,night,T8086,Priya Sharma,ARM-03,yes,45964,shift handover,Maintenance Bay
2026-05-03,morning,T8425,Samuel Osei,MULTI,no,93560,scheduled lubrication cycle,Line 4
2026-05-03,afternoon,T5297,Aisha Diallo,ARM-04,training,69469,scheduled lubrication cycle,Training Room
2026-05-03,night,T2646,Maria Santos,ARM-03,yes,53582,sensor calibration,Line 2
2026-05-04,morning,T4092,Nina Patel,ARM-05,no,28111,scheduled lubrication cycle,Line 3
2026-05-04,afternoon,T3319,Samuel Osei,ARM-05,yes,32809,sensor calibration,Training Room
2026-05-04,night,T6209,Maria Santos,MULTI,yes,34293,bearing inspection,Line 3
2026-05-05,morning,T6102,Dmitri Volkov,ARM-03,yes,49696,conveyor belt check,Line 1
2026-05-05,afternoon,T7931,Samuel Osei,ARM-02,yes,36351,bearing inspection,Line 2
2026-05-05,night,T2032,Ethan Kowalski,ARM-01,yes,57279,preventive maintenance,Line 3
2026-05-06,morning,T7622,Fatima Al-Rashidi,ARM-03,yes,43992,conveyor belt check,Line 2
2026-05-06,afternoon,T5306,Chen Wei,ARM-01,yes,74869,conveyor belt check,Line 2
2026-05-06,night,T4832,Chen Wei,ARM-02,yes,83184,shift handover,Line 3
2026-05-07,morning,T3698,Fatima Al-Rashidi,ARM-02,sick_leave,81794,preventive maintenance,Line 1
2026-05-07,afternoon,T5721,Nina Patel,MULTI,sick_leave,83074,annual inspection,Line 4
2026-05-07,night,T6315,Aisha Diallo,ARM-02,no,79284,sensor calibration,Line 3
2026-05-08,morning,T6347,Ethan Kowalski,MULTI,yes,61538,repair ticket #1034,Line 4
2026-05-08,afternoon,T1155,Samuel Osei,ARM-04,sick_leave,47282,scheduled lubrication cycle,Training Room
2026-05-08,night,T5734,Oluwaseun Adebayo,MULTI,no,25017,safety audit,Training Room
2026-05-09,morning,T6903,Oluwaseun Adebayo,ARM-03,yes,68509,conveyor belt check,Line 3
2026-05-09,afternoon,T9865,Nina Patel,MULTI,yes,31867,shift handover,Line 3
2026-05-09,night,T3924,Priya Sharma,ARM-01,yes,92787,annual inspection,Line 1
2026-05-10,morning,T8502,Oluwaseun Adebayo,ARM-05,training,99909,repair ticket #8260,Training Room
2026-05-10,afternoon,T5490,Oluwaseun Adebayo,ARM-05,sick_leave,49113,sensor calibration,Line 2
2026-05-10,night,T5442,Samuel Osei,ARM-05,yes,97901,scheduled lubrication cycle,Line 2
2026-05-11,morning,T6107,Dmitri Volkov,ARM-05,no,24822,shift handover,Line 3
2026-05-11,afternoon,T6244,Hana Nakamura,MULTI,training,90101,training session,Line 1
2026-05-11,night,T8625,Yuki Tanaka,ARM-02,training,82394,scheduled lubrication cycle,Line 4
2026-05-12,morning,T6282,Priya Sharma,ARM-02,no,60514,shift handover,Line 1
2026-05-12,afternoon,T2230,Carlos Mendez,ARM-05,training,33305,repair ticket #3421,Line 2
2026-05-12,night,T7763,Samuel Osei,ARM-03,yes,32997,bearing inspection,Line 3
2026-05-13,morning,T9354,Maria Santos,ARM-02,no,31620,bearing inspection,Line 4
2026-05-13,afternoon,T6788,Chen Wei,ARM-01,training,96078,training session,Line 2
2026-05-13,night,T8078,Samuel Osei,ARM-03,sick_leave,57981,sensor calibration,Line 2
2026-05-14,morning,T5190,Aisha Diallo,ARM-04,yes,18218,shift handover,Line 4
2026-05-14,afternoon,T6846,Samuel Osei,ARM-03,yes,45418,preventive maintenance,Maintenance Bay
2026-05-14,night,T5131,Dmitri Volkov,ARM-02,yes,56405,shift handover,Line 2
2026-05-15,morning,T6331,Nina Patel,ARM-01,no,58189,preventive maintenance,Line 1
2026-05-15,afternoon,T4395,Dmitri Volkov,ARM-04,yes,13995,shift handover,Training Room
2026-05-15,night,T4243,Fatima Al-Rashidi,ARM-05,yes,10048,preventive maintenance,Training Room
2026-05-16,morning,T9696,Hana Nakamura,ARM-03,no,63166,preventive maintenance,Line 4
2026-05-16,afternoon,T5167,Ethan Kowalski,ARM-05,sick_leave,12254,bearing inspection,Training Room
2026-05-16,night,T4254,Yuki Tanaka,ARM-03,yes,30001,repair ticket #5177,Line 2
2026-05-17,morning,T2899,Ethan Kowalski,ARM-04,no,68355,conveyor belt check,Line 4
2026-05-17,afternoon,T3070,Fatima Al-Rashidi,ARM-05,no,48173,annual inspection,Line 1
2026-05-17,night,T8570,Priya Sharma,ARM-03,yes,81862,shift handover,Maintenance Bay
2026-05-18,morning,T5120,Priya Sharma,ARM-01,no,14120,sensor calibration,Line 3
2026-05-18,afternoon,T3587,Aisha Diallo,ARM-02,training,12978,preventive maintenance,Line 1
2026-05-18,night,T7121,Chen Wei,ARM-01,yes,54989,annual inspection,Line 4
2026-05-19,morning,T8368,Priya Sharma,MULTI,training,15998,training session,Line 2
2026-05-19,afternoon,T2924,Samuel Osei,ARM-05,yes,43556,sensor calibration,Line 1
2026-05-19,night,T3666,Ethan Kowalski,ARM-04,yes,21756,annual inspection,Line 2
2026-05-20,morning,T8175,Samuel Osei,ARM-02,yes,69890,preventive maintenance,Line 2
2026-05-20,afternoon,T2253,Ethan Kowalski,ARM-03,yes,85198,sensor calibration,Line 4
2026-05-20,night,T8379,Tobias Richt,ARM-05,training,86692,conveyor belt check,Line 3
2026-05-21,morning,T9678,Ethan Kowalski,MULTI,yes,14661,safety audit,Line 2
2026-05-21,afternoon,T2722,Priya Sharma,MULTI,no,58951,repair ticket #3945,Line 1
2026-05-21,night,T6115,Priya Sharma,MULTI,sick_leave,38705,sensor calibration,Training Room
2026-05-22,morning,T8031,Ethan Kowalski,MULTI,training,89522,sensor calibration,Line 2
2026-05-22,afternoon,T8520,Ethan Kowalski,ARM-01,yes,28381,annual inspection,Line 4
2026-05-22,night,T9537,Yuki Tanaka,ARM-03,yes,25027,conveyor belt check,Training Room
2026-05-23,morning,T2701,Maria Santos,ARM-01,yes,21332,training session,Line 3
2026-05-23,afternoon,T5308,Lucas Ferreira,ARM-05,no,23765,repair ticket #1375,Line 2
2026-05-23,night,T3340,Aisha Diallo,ARM-01,yes,27051,preventive maintenance,Line 2
2026-05-24,morning,T6954,Tobias Richt,ARM-02,yes,80496,bearing inspection,Maintenance Bay
2026-05-24,afternoon,T6997,Maria Santos,ARM-05,yes,40631,shift handover,Line 1
2026-05-24,night,T3666,Fatima Al-Rashidi,ARM-02,yes,66175,bearing inspection,Line 1
2026-05-25,morning,T2377,Oluwaseun Adebayo,ARM-04,training,69185,bearing inspection,Maintenance Bay
2026-05-25,afternoon,T7748,Dmitri Volkov,MULTI,yes,36355,shift handover,Line 3
2026-05-25,night,T1334,Ethan Kowalski,ARM-03,yes,13269,repair ticket #4569,Line 2
2026-05-26,morning,T2553,Oluwaseun Adebayo,ARM-05,yes,90578,safety audit,Maintenance Bay
2026-05-26,afternoon,T9971,Tobias Richt,ARM-01,yes,50308,scheduled lubrication cycle,Training Room
2026-05-26,night,T4498,Oluwaseun Adebayo,ARM-05,sick_leave,55261,bearing inspection,Maintenance Bay
2026-05-27,morning,T1392,Chen Wei,ARM-03,yes,78748,repair ticket #9771,Maintenance Bay
2026-05-27,afternoon,T8876,Carlos Mendez,MULTI,training,44793,annual inspection,Line 3
2026-05-27,night,T7339,Dmitri Volkov,ARM-04,yes,57571,sensor calibration,Training Room
2026-05-28,morning,T5292,Samuel Osei,MULTI,yes,52808,training session,Training Room
2026-05-28,afternoon,T9532,Priya Sharma,ARM-05,training,36902,conveyor belt check,Line 3
2026-05-28,night,T5570,Oluwaseun Adebayo,MULTI,yes,57123,scheduled lubrication cycle,Training Room
2026-05-29,morning,T2761,Carlos Mendez,ARM-02,yes,40968,training session,Maintenance Bay
2026-05-29,afternoon,T4950,Dmitri Volkov,ARM-02,sick_leave,31656,training session,Line 3
2026-05-29,night,T7735,Tobias Richt,ARM-05,sick_leave,84196,safety audit,Line 4
2026-05-30,morning,T6600,Priya Sharma,ARM-05,yes,33504,safety audit,Line 3
2026-05-30,afternoon,T9533,Oluwaseun Adebayo,MULTI,training,32880,annual inspection,Line 3
2026-05-30,night,T3976,Oluwaseun Adebayo,ARM-04,training,23426,training session,Line 2
2026-05-31,morning,T8043,Priya Sharma,ARM-04,yes,55854,preventive maintenance,Training Room
2026-05-31,afternoon,T1954,Hana Nakamura,ARM-02,yes,38933,preventive maintenance,Line 1
2026-05-31,night,T1599,Priya Sharma,ARM-02,no,50047,bearing inspection,Line 3
2026-05-01,morning,T6998,Oluwaseun Adebayo,ARM-03,yes,39733,repair ticket #3454,Training Room
2026-05-01,afternoon,T2238,Yuki Tanaka,ARM-01,sick_leave,82712,preventive maintenance,Line 3
2026-05-01,night,T6925,Carlos Mendez,ARM-05,yes,80732,preventive maintenance,Line 1
2026-05-02,morning,T4693,Dmitri Volkov,ARM-04,yes,92045,safety audit,Line 1
2026-05-02,afternoon,T4122,Fatima Al-Rashidi,ARM-05,yes,86530,annual inspection,Maintenance Bay
2026-05-02,night,T5072,Hana Nakamura,ARM-03,no,88655,repair ticket #8523,Line 3
2026-05-03,morning,T2648,Yuki Tanaka,ARM-04,yes,68211,conveyor belt check,Line 4
2026-05-03,afternoon,T8829,Fatima Al-Rashidi,ARM-02,yes,42009,conveyor belt check,Maintenance Bay
2026-05-03,night,T6384,Fatima Al-Rashidi,ARM-04,yes,82199,preventive maintenance,Maintenance Bay
2026-05-04,morning,T7984,Tobias Richt,ARM-02,yes,36812,scheduled lubrication cycle,Training Room
2026-05-04,afternoon,T3315,Tobias Richt,ARM-04,yes,52215,preventive maintenance,Line 4
2026-05-04,night,T3640,Hana Nakamura,ARM-03,yes,71982,sensor calibration,Training Room
2026-05-05,morning,T6965,Fatima Al-Rashidi,MULTI,sick_leave,12713,training session,Line 2
2026-05-05,afternoon,T5722,Maria Santos,ARM-02,training,81585,preventive maintenance,Maintenance Bay
2026-05-05,night,T7845,Aisha Diallo,ARM-05,sick_leave,78699,conveyor belt check,Line 3
2026-05-06,morning,T8539,Tobias Richt,ARM-01,training,22512,training session,Line 3
2026-05-06,afternoon,T9411,Dmitri Volkov,ARM-01,yes,20663,preventive maintenance,Line 4
2026-05-06,night,T3944,Lucas Ferreira,ARM-03,yes,52606,preventive maintenance,Line 3
2026-05-07,morning,T1778,Hana Nakamura,ARM-03,sick_leave,92359,preventive maintenance,Line 2
2026-05-07,afternoon,T6868,Dmitri Volkov,ARM-01,training,35402,sensor calibration,Line 3
2026-05-07,night,T9180,Maria Santos,MULTI,training,30201,training session,Training Room
2026-05-08,morning,T5497,Oluwaseun Adebayo,ARM-05,sick_leave,41002,conveyor belt check,Line 4
2026-05-08,afternoon,T5178,Dmitri Volkov,ARM-03,yes,12032,sensor calibration,Line 3
2026-05-08,night,T6654,Samuel Osei,MULTI,yes,93724,preventive maintenance,Maintenance Bay
2026-05-09,morning,T3434,Carlos Mendez,ARM-01,yes,54603,preventive maintenance,Line 2
2026-05-09,afternoon,T1453,Chen Wei,MULTI,yes,19540,shift handover,Training Room
2026-05-09,night,T6908,Ethan Kowalski,ARM-01,training,71169,safety audit,Line 2
2026-05-10,morning,T4197,Hana Nakamura,ARM-04,yes,71745,preventive maintenance,Line 3
2026-05-10,afternoon,T2367,Ethan Kowalski,ARM-05,training,59459,shift handover,Line 4
2026-05-10,night,T1647,Samuel Osei,ARM-05,yes,22513,preventive maintenance,Line 1
2026-05-11,morning,T5666,Aisha Diallo,ARM-04,training,49659,scheduled lubrication cycle,Line 2
2026-05-11,afternoon,T4066,Maria Santos,MULTI,yes,74549,bearing inspection,Training Room
2026-05-11,night,T5565,Lucas Ferreira,ARM-03,yes,97010,safety audit,Line 4
2026-05-12,morning,T8410,Ethan Kowalski,ARM-04,training,42939,preventive maintenance,Line 1
2026-05-12,afternoon,T2373,Carlos Mendez,ARM-02,no,40591,shift handover,Maintenance Bay
2026-05-12,night,T2708,Tobias Richt,ARM-03,yes,86695,safety audit,Training Room
2026-05-13,morning,T3849,Maria Santos,MULTI,yes,99960,scheduled lubrication cycle,Line 1
2026-05-13,afternoon,T4799,Dmitri Volkov,ARM-03,no,56014,repair ticket #5190,Line 3
2026-05-13,night,T8683,Priya Sharma,MULTI,sick_leave,26606,scheduled lubrication cycle,Line 4
2026-05-14,morning,T3500,Lucas Ferreira,ARM-05,no,51569,repair ticket #5074,Line 2
2026-05-14,afternoon,T9232,Tobias Richt,ARM-02,yes,54222,annual inspection,Line 1
2026-05-14,night,T8137,Priya Sharma,ARM-03,yes,46698,shift handover,Line 1
2026-05-15,morning,T7850,Tobias Richt,ARM-01,training,13607,safety audit,Line 3
2026-05-15,afternoon,T6322,Oluwaseun Adebayo,ARM-04,yes,67076,shift handover,Line 1
2026-05-15,night,T1210,Carlos Mendez,ARM-03,no,93768,annual inspection,Maintenance Bay
2026-05-16,morning,T8316,Carlos Mendez,ARM-02,training,89282,bearing inspection,Line 3
2026-05-16,afternoon,T1894,Fatima Al-Rashidi,ARM-01,sick_leave,92741,annual inspection,Line 4
2026-05-16,night,T4698,Samuel Osei,ARM-03,sick_leave,96362,conveyor belt check,Line 1
2026-05-17,morning,T7985,Aisha Diallo,ARM-02,training,78289,conveyor belt check,Line 2
2026-05-17,afternoon,T6980,Yuki Tanaka,ARM-02,sick_leave,68332,bearing inspection,Training Room
2026-05-17,night,T7297,Yuki Tanaka,ARM-04,yes,30132,sensor calibration,Line 4
2026-05-18,morning,T4398,Yuki Tanaka,ARM-02,yes,53578,annual inspection,Line 2
2026-05-18,afternoon,T1585,Samuel Osei,ARM-03,no,35542,repair ticket #2565,Line 1
2026-05-18,night,T7651,Tobias Richt,ARM-05,yes,40270,safety audit,Training Room
2026-05-19,morning,T6738,Tobias Richt,ARM-01,yes,35794,shift handover,Line 2
2026-05-19,afternoon,T1915,Chen Wei,ARM-04,no,54694,safety audit,Line 1
2026-05-19,night,T1749,Tobias Richt,ARM-01,sick_leave,64179,conveyor belt check,Line 2
2026-05-20,morning,T3421,Priya Sharma,MULTI,yes,88066,sensor calibration,Line 1
2026-05-20,afternoon,T5923,Ethan Kowalski,ARM-05,no,43831,preventive maintenance,Line 4
2026-05-20,night,T8215,Dmitri Volkov,ARM-04,no,94388,safety audit,Line 2
2026-05-21,morning,T9033,Dmitri Volkov,ARM-03,yes,23826,conveyor belt check,Line 3
2026-05-21,afternoon,T5066,Fatima Al-Rashidi,ARM-05,yes,52100,preventive maintenance,Line 3
2026-05-21,night,T2808,Maria Santos,ARM-01,yes,46370,sensor calibration,Line 2
2026-05-22,morning,T8830,Dmitri Volkov,ARM-02,yes,56146,conveyor belt check,Maintenance Bay
2026-05-22,afternoon,T1393,Carlos Mendez,ARM-02,training,60303,sensor calibration,Line 4
2026-05-22,night,T6725,Ethan Kowalski,ARM-01,sick_leave,51397,repair ticket #6277,Line 1
2026-05-23,morning,T1431,Samuel Osei,MULTI,sick_leave,85120,bearing inspection,Line 4
2026-05-23,afternoon,T1133,Tobias Richt,ARM-01,sick_leave,65986,preventive maintenance,Line 2
2026-05-23,night,T4580,Lucas Ferreira,ARM-02,yes,73251,repair ticket #4776,Line 4
2026-05-24,morning,T1138,Oluwaseun Adebayo,ARM-05,sick_leave,14179,bearing inspection,Line 1
2026-05-24,afternoon,T9552,Yuki Tanaka,ARM-05,yes,58015,training session,Maintenance Bay
2026-05-24,night,T8611,Maria Santos,ARM-03,no,54157,annual inspection,Line 3
2026-05-25,morning,T2159,Samuel Osei,ARM-02,yes,54333,scheduled lubrication cycle,Training Room
2026-05-25,afternoon,T8818,Maria Santos,MULTI,no,40341,safety audit,Line 2
2026-05-25,night,T7084,Yuki Tanaka,MULTI,sick_leave,53192,bearing inspection,Line 1
2026-05-26,morning,T7772,Fatima Al-Rashidi,ARM-04,training,33854,bearing inspection,Line 2
2026-05-26,afternoon,T4008,Ethan Kowalski,ARM-03,sick_leave,99184,training session,Line 4
2026-05-26,night,T8401,Samuel Osei,ARM-04,yes,25660,preventive maintenance,Maintenance Bay
2026-05-27,morning,T9820,Dmitri Volkov,ARM-05,sick_leave,67877,sensor calibration,Line 2
2026-05-27,afternoon,T1629,Priya Sharma,ARM-04,yes,81060,shift handover,Line 4
2026-05-27,night,T6647,Tobias Richt,ARM-03,training,67814,repair ticket #4838,Line 1
2026-05-28,morning,T4274,Yuki Tanaka,ARM-02,sick_leave,92915,annual inspection,Line 3
2026-05-28,afternoon,T9601,Yuki Tanaka,ARM-03,yes,89938,sensor calibration,Line 4
2026-05-28,night,T5225,Nina Patel,ARM-02,no,40488,safety audit,Line 2
2026-05-29,morning,T1406,Yuki Tanaka,ARM-05,yes,70360,safety audit,Line 1
2026-05-29,afternoon,T8258,Tobias Richt,MULTI,sick_leave,95666,safety audit,Line 2
2026-05-29,night,T2765,Oluwaseun Adebayo,ARM-01,yes,46263,shift handover,Training Room
2026-05-30,morning,T2020,Carlos Mendez,ARM-04,sick_leave,34720,bearing inspection,Maintenance Bay
2026-05-30,afternoon,T4887,Chen Wei,MULTI,training,62003,annual inspection,Line 4
2026-05-30,night,T7184,Yuki Tanaka,ARM-05,training,22214,annual inspection,Maintenance Bay
2026-05-31,morning,T1354,Ethan Kowalski,ARM-02,yes,52810,bearing inspection,Training Room
2026-05-31,afternoon,T6968,Fatima Al-Rashidi,ARM-05,sick_leave,17908,sensor calibration,Training Room
2026-05-31,night,T2817,Hana Nakamura,ARM-03,sick_leave,90599,annual inspection,Line 1
2026-05-01,morning,T6479,Dmitri Volkov,MULTI,training,98121,scheduled lubrication cycle,Line 3
2026-05-01,afternoon,T8630,Nina Patel,MULTI,sick_leave,35024,annual inspection,Training Room
2026-05-01,night,T1375,Nina Patel,ARM-04,yes,31269,annual inspection,Training Room
2026-05-02,morning,T6302,Maria Santos,ARM-02,yes,15976,annual inspection,Line 3
2026-05-02,afternoon,T9991,Fatima Al-Rashidi,ARM-02,yes,99052,bearing inspection,Maintenance Bay
2026-05-02,night,T4856,Tobias Richt,ARM-05,sick_leave,58602,training session,Line 3
2026-05-03,morning,T8277,Nina Patel,ARM-05,yes,97328,training session,Line 2
2026-05-03,afternoon,T6989,Carlos Mendez,MULTI,yes,16525,annual inspection,Line 2
2026-05-03,night,T7806,Chen Wei,ARM-04,yes,47661,sensor calibration,Line 2
2026-05-04,morning,T7290,Tobias Richt,ARM-04,yes,33170,scheduled lubrication cycle,Maintenance Bay
2026-05-04,afternoon,T7513,Oluwaseun Adebayo,ARM-02,yes,46042,training session,Line 1
2026-05-04,night,T4606,Tobias Richt,ARM-05,yes,41865,preventive maintenance,Line 1
2026-05-05,morning,T2313,Lucas Ferreira,MULTI,yes,58043,preventive maintenance,Line 2
2026-05-05,afternoon,T7339,Fatima Al-Rashidi,ARM-02,yes,14808,scheduled lubrication cycle,Line 3
2026-05-05,night,T4903,Samuel Osei,MULTI,yes,33244,preventive maintenance,Line 4
2026-05-06,morning,T9122,Hana Nakamura,ARM-01,yes,50063,training session,Training Room
2026-05-06,afternoon,T4843,Ethan Kowalski,ARM-01,training,85677,safety audit,Training Room
2026-05-06,night,T2588,Ethan Kowalski,ARM-02,yes,44154,sensor calibration,Training Room
2026-05-07,morning,T7088,Lucas Ferreira,ARM-04,yes,87637,conveyor belt check,Line 2
2026-05-07,afternoon,T5674,Dmitri Volkov,ARM-03,sick_leave,12337,conveyor belt check,Line 2
2026-05-07,night,T1992,Fatima Al-Rashidi,ARM-04,yes,31387,conveyor belt check,Line 4
2026-05-08,morning,T6757,Fatima Al-Rashidi,ARM-03,training,39824,shift handover,Training Room
2026-05-08,afternoon,T7499,Nina Patel,ARM-01,yes,35870,shift handover,Training Room
2026-05-08,night,T9190,Aisha Diallo,ARM-05,yes,63717,annual inspection,Maintenance Bay
2026-05-09,morning,T8509,Fatima Al-Rashidi,ARM-03,training,57806,repair ticket #1123,Line 3
2026-05-09,afternoon,T3629,Nina Patel,ARM-03,training,92514,preventive maintenance,Training Room
2026-05-09,night,T4677,Dmitri Volkov,ARM-05,sick_leave,42336,repair ticket #4109,Training Room
2026-05-10,morning,T9660,Lucas Ferreira,ARM-01,yes,98425,safety audit,Line 4
2026-05-10,afternoon,T6210,Aisha Diallo,ARM-05,yes,41415,annual inspection,Line 3
2026-05-10,night,T8141,Tobias Richt,ARM-03,training,41682,sensor calibration,Line 1
2026-05-11,morning,T8579,Oluwaseun Adebayo,ARM-03,no,41919,annual inspection,Maintenance Bay
2026-05-11,afternoon,T5209,Oluwaseun Adebayo,ARM-04,training,27786,scheduled lubrication cycle,Maintenance Bay
2026-05-11,night,T9770,Yuki Tanaka,ARM-04,no,13840,training session,Line 1
2026-05-12,morning,T7637,Chen Wei,ARM-01,sick_leave,40388,repair ticket #2529,Training Room
2026-05-12,afternoon,T1556,Oluwaseun Adebayo,ARM-03,no,18140,training session,Line 3
2026-05-12,night,T8483,Samuel Osei,ARM-01,yes,54942,bearing inspection,Line 1
2026-05-13,morning,T6710,Lucas Ferreira,MULTI,no,86336,conveyor belt check,Line 4
2026-05-13,afternoon,T8626,Nina Patel,ARM-05,yes,38949,preventive maintenance,Training Room
2026-05-13,night,T7337,Hana Nakamura,ARM-02,yes,11673,conveyor belt check,Line 2
2026-05-14,morning,T8157,Nina Patel,MULTI,training,57029,safety audit,Maintenance Bay
2026-05-14,afternoon,T3508,Maria Santos,ARM-01,sick_leave,28266,scheduled lubrication cycle,Line 3
2026-05-14,night,T4115,Chen Wei,ARM-01,yes,82313,training session,Line 2
2026-05-15,morning,T2778,Lucas Ferreira,ARM-04,no,72759,preventive maintenance,Line 3
2026-05-15,afternoon,T9342,Yuki Tanaka,ARM-05,no,44776,training session,Line 4
2026-05-15,night,T9230,Lucas Ferreira,ARM-02,training,96750,scheduled lubrication cycle,Line 4
2026-05-16,morning,T9142,Carlos Mendez,ARM-01,yes,39005,conveyor belt check,Training Room
2026-05-16,afternoon,T2753,Carlos Mendez,ARM-03,yes,27265,bearing inspection,Maintenance Bay
2026-05-16,night,T2714,Lucas Ferreira,ARM-01,yes,77652,scheduled lubrication cycle,Line 3
2026-05-17,morning,T5892,Aisha Diallo,MULTI,yes,97452,annual inspection,Line 1
2026-05-17,afternoon,T7148,Oluwaseun Adebayo,ARM-02,no,73627,safety audit,Line 3
2026-05-17,night,T2467,Fatima Al-Rashidi,MULTI,training,48969,training session,Training Room
2026-05-18,morning,T8797,Maria Santos,ARM-05,training,45663,repair ticket #9525,Line 1
2026-05-18,afternoon,T6533,Chen Wei,ARM-01,yes,42833,safety audit,Line 4
2026-05-18,night,T1706,Hana Nakamura,ARM-04,sick_leave,73182,repair ticket #9183,Line 2
2026-05-19,morning,T9700,Samuel Osei,ARM-03,yes,27404,scheduled lubrication cycle,Line 3
2026-05-19,afternoon,T6148,Priya Sharma,MULTI,yes,94302,conveyor belt check,Training Room
2026-05-19,night,T8457,Dmitri Volkov,ARM-02,no,57432,training session,Maintenance Bay
2026-05-20,morning,T8752,Aisha Diallo,ARM-04,yes,35092,shift handover,Line 2
2026-05-20,afternoon,T1793,Carlos Mendez,ARM-03,training,78108,safety audit,Line 3
2026-05-20,night,T7278,Yuki Tanaka,ARM-05,yes,40030,annual inspection,Line 1
2026-05-21,morning,T9320,Oluwaseun Adebayo,MULTI,no,62250,scheduled lubrication cycle,Training Room
2026-05-21,afternoon,T9971,Oluwaseun Adebayo,ARM-02,sick_leave,29939,repair ticket #9973,Training Room
2026-05-21,night,T8235,Aisha Diallo,ARM-04,training,99711,bearing inspection,Maintenance Bay
2026-05-22,morning,T3266,Aisha Diallo,MULTI,yes,18740,bearing inspection,Line 3
2026-05-22,afternoon,T5209,Aisha Diallo,ARM-03,no,18296,shift handover,Line 3
2026-05-22,night,T8859,Ethan Kowalski,ARM-05,yes,42934,conveyor belt check,Training Room
2026-05-23,morning,T5567,Ethan Kowalski,ARM-05,no,58965,shift handover,Line 3
2026-05-23,afternoon,T8199,Fatima Al-Rashidi,MULTI,yes,40469,scheduled lubrication cycle,Training Room
2026-05-23,night,T8170,Lucas Ferreira,MULTI,sick_leave,22788,training session,Line 2
2026-05-24,morning,T3964,Fatima Al-Rashidi,ARM-02,yes,37704,conveyor belt check,Line 3
2026-05-24,afternoon,T4967,Aisha Diallo,ARM-02,yes,71892,shift handover,Line 2
2026-05-24,night,T8394,Yuki Tanaka,ARM-05,training,21719,conveyor belt check,Line 1
2026-05-25,morning,T2378,Carlos Mendez,ARM-01,sick_leave,24693,training session,Line 2
2026-05-25,afternoon,T1258,Hana Nakamura,ARM-03,no,37773,conveyor belt check,Maintenance Bay
2026-05-25,night,T7651,Yuki Tanaka,MULTI,sick_leave,47978,shift handover,Line 2
2026-05-26,morning,T4638,Tobias Richt,ARM-05,yes,24964,annual inspection,Line 1
2026-05-26,afternoon,T5849,Samuel Osei,MULTI,sick_leave,77126,annual inspection,Line 3
2026-05-26,night,T9216,Aisha Diallo,ARM-02,yes,55042,training session,Line 2
2026-05-27,morning,T2749,Fatima Al-Rashidi,ARM-03,yes,16414,sensor calibration,Line 2
2026-05-27,afternoon,T1039,Carlos Mendez,ARM-03,no,19610,sensor calibration,Maintenance Bay
2026-05-27,night,T8875,Dmitri Volkov,ARM-05,yes,96879,preventive maintenance,Line 4
2026-05-28,morning,T6565,Dmitri Volkov,ARM-02,yes,42658,scheduled lubrication cycle,Training Room
2026-05-28,afternoon,T8952,Aisha Diallo,MULTI,sick_leave,39863,scheduled lubrication cycle,Line 1
2026-05-28,night,T3386,Maria Santos,ARM-02,yes,54383,bearing inspection,Maintenance Bay
2026-05-29,morning,T5770,Nina Patel,ARM-03,no,54112,safety audit,Line 2
2026-05-29,afternoon,T1947,Dmitri Volkov,ARM-05,yes,87793,conveyor belt check,Line 1
2026-05-29,night,T7707,Maria Santos,MULTI,no,89328,conveyor belt check,Maintenance Bay
2026-05-30,morning,T8213,Lucas Ferreira,ARM-05,training,66192,repair ticket #6755,Line 4
2026-05-30,afternoon,T3866,Lucas Ferreira,ARM-03,sick_leave,65177,repair ticket #9753,Maintenance Bay
2026-05-30,night,T7393,Nina Patel,ARM-03,yes,61126,shift handover,Maintenance Bay
2026-05-31,morning,T2488,Priya Sharma,MULTI,yes,10136,conveyor belt check,Training Room
2026-05-31,afternoon,T1123,Aisha Diallo,ARM-04,no,42317,annual inspection,Training Room
2026-05-31,night,T8727,Oluwaseun Adebayo,ARM-01,sick_leave,74935,bearing inspection,Line 4
2026-05-01,morning,T5696,Tobias Richt,ARM-03,training,24733,annual inspection,Line 3
2026-05-01,afternoon,T2250,Lucas Ferreira,ARM-05,training,83064,preventive maintenance,Line 2
2026-05-01,night,T9908,Oluwaseun Adebayo,ARM-01,no,53192,preventive maintenance,Line 2
2026-05-02,morning,T8069,Hana Nakamura,ARM-02,training,72656,repair ticket #2175,Line 2
2026-05-02,afternoon,T8922,Nina Patel,ARM-04,no,10896,preventive maintenance,Line 2
2026-05-02,night,T2340,Chen Wei,MULTI,sick_leave,60398,shift handover,Maintenance Bay
2026-05-03,morning,T2177,Nina Patel,ARM-05,yes,45441,shift handover,Maintenance Bay
2026-05-03,afternoon,T7145,Oluwaseun Adebayo,ARM-03,no,12240,scheduled lubrication cycle,Maintenance Bay
2026-05-03,night,T1081,Maria Santos,ARM-02,yes,51381,sensor calibration,Maintenance Bay
2026-05-04,morning,T9681,Hana Nakamura,ARM-01,training,47413,annual inspection,Training Room
2026-05-04,afternoon,T7440,Fatima Al-Rashidi,ARM-04,sick_leave,83462,shift handover,Maintenance Bay
2026-05-04,night,T8124,Lucas Ferreira,ARM-04,sick_leave,29688,repair ticket #1810,Line 4
2026-05-05,morning,T4729,Aisha Diallo,ARM-01,yes,69375,sensor calibration,Maintenance Bay
2026-05-05,afternoon,T1149,Aisha Diallo,ARM-03,no,48353,conveyor belt check,Line 4
2026-05-05,night,T8805,Lucas Ferreira,ARM-01,yes,47004,bearing inspection,Line 4
2026-05-06,morning,T7640,Lucas Ferreira,ARM-03,yes,67147,sensor calibration,Line 4
2026-05-06,afternoon,T3373,Nina Patel,ARM-05,yes,53804,sensor calibration,Line 3
2026-05-06,night,T6136,Yuki Tanaka,ARM-03,yes,50880,preventive maintenance,Line 3
2026-05-07,morning,T7668,Tobias Richt,ARM-04,yes,25630,conveyor belt check,Line 2
2026-05-07,afternoon,T6737,Carlos Mendez,ARM-04,yes,11918,annual inspection,Line 1
2026-05-07,night,T1317,Priya Sharma,ARM-02,no,95429,conveyor belt check,Line 4
2026-05-08,morning,T7792,Yuki Tanaka,ARM-01,sick_leave,91022,repair ticket #5216,Line 3
2026-05-08,afternoon,T1559,Ethan Kowalski,ARM-01,no,54902,preventive maintenance,Line 2
2026-05-08,night,T7985,Dmitri Volkov,MULTI,sick_leave,33087,safety audit,Line 4
2026-05-09,morning,T4400,Fatima Al-Rashidi,ARM-02,yes,94676,bearing inspection,Line 4
2026-05-09,afternoon,T2744,Nina Patel,ARM-05,yes,81200,preventive maintenance,Maintenance Bay
2026-05-09,night,T1112,Maria Santos,ARM-04,yes,69336,shift handover,Line 4
2026-05-10,morning,T6620,Dmitri Volkov,ARM-02,sick_leave,83047,preventive maintenance,Maintenance Bay
2026-05-10,afternoon,T5847,Priya Sharma,ARM-04,yes,17665,sensor calibration,Line 1
2026-05-10,night,T6418,Samuel Osei,ARM-05,yes,51860,preventive maintenance,Maintenance Bay
2026-05-11,morning,T4919,Fatima Al-Rashidi,ARM-05,yes,52611,safety audit,Maintenance Bay
2026-05-11,afternoon,T5748,Chen Wei,ARM-02,training,34321,bearing inspection,Training Room
2026-05-11,night,T8799,Yuki Tanaka,ARM-05,training,43807,bearing inspection,Maintenance Bay
2026-05-12,morning,T7016,Maria Santos,ARM-03,yes,54202,training session,Line 4
2026-05-12,afternoon,T1171,Dmitri Volkov,ARM-02,no,69345,training session,Training Room
2026-05-12,night,T2219,Carlos Mendez,ARM-01,yes,82160,shift handover,Line 3
2026-05-13,morning,T3528,Nina Patel,MULTI,yes,50910,shift handover,Line 3
2026-05-13,afternoon,T4345,Maria Santos,ARM-05,yes,86820,repair ticket #9028,Line 4
2026-05-13,night,T5512,Dmitri Volkov,ARM-03,no,79413,scheduled lubrication cycle,Line 2
2026-05-14,morning,T2683,Fatima Al-Rashidi,ARM-01,yes,68732,shift handover,Line 1
2026-05-14,afternoon,T6583,Hana Nakamura,MULTI,yes,53147,preventive maintenance,Training Room
2026-05-14,night,T3769,Yuki Tanaka,ARM-02,no,62752,bearing inspection,Line 4
2026-05-15,morning,T9564,Yuki Tanaka,MULTI,sick_leave,12454,safety audit,Maintenance Bay
2026-05-15,afternoon,T4132,Ethan Kowalski,ARM-02,training,83654,shift handover,Line 4
2026-05-15,night,T1241,Oluwaseun Adebayo,ARM-01,yes,19072,annual inspection,Line 1
2026-05-16,morning,T7034,Dmitri Volkov,MULTI,yes,99528,conveyor belt check,Line 1
2026-05-16,afternoon,T4676,Yuki Tanaka,ARM-02,sick_leave,73498,repair ticket #2663,Maintenance Bay
2026-05-16,night,T5984,Priya Sharma,ARM-03,no,29898,sensor calibration,Line 4
2026-05-17,morning,T7877,Priya Sharma,ARM-03,no,91868,shift handover,Line 4
2026-05-17,afternoon,T2049,Tobias Richt,ARM-05,yes,17889,preventive maintenance,Training Room
2026-05-17,night,T5610,Hana Nakamura,MULTI,sick_leave,60200,sensor calibration,Line 3
2026-05-18,morning,T4809,Fatima Al-Rashidi,ARM-04,sick_leave,94790,conveyor belt check,Line 1
2026-05-18,afternoon,T9067,Chen Wei,ARM-04,sick_leave,81131,repair ticket #5867,Training Room
2026-05-18,night,T5818,Yuki Tanaka,ARM-02,yes,89632,sensor calibration,Line 3
2026-05-19,morning,T8796,Yuki Tanaka,ARM-01,no,19635,sensor calibration,Line 3
2026-05-19,afternoon,T1654,Lucas Ferreira,ARM-01,yes,37694,shift handover,Line 4
2026-05-19,night,T2083,Chen Wei,ARM-04,yes,98758,training session,Line 3
2026-05-20,morning,T5967,Carlos Mendez,ARM-04,no,52778,training session,Line 1
2026-05-20,afternoon,T4396,Chen Wei,ARM-01,sick_leave,20047,training session,Line 1
2026-05-20,night,T8494,Chen Wei,MULTI,sick_leave,85444,preventive maintenance,Line 1
2026-05-21,morning,T9723,Dmitri Volkov,ARM-01,yes,50469,training session,Maintenance Bay
2026-05-21,afternoon,T6338,Carlos Mendez,ARM-03,yes,59067,bearing inspection,Maintenance Bay
2026-05-21,night,T9739,Oluwaseun Adebayo,ARM-04,sick_leave,21677,training session,Line 2
2026-05-22,morning,T3320,Lucas Ferreira,ARM-04,yes,16610,annual inspection,Line 3
2026-05-22,afternoon,T2745,Carlos Mendez,ARM-03,no,74518,preventive maintenance,Line 2
2026-05-22,night,T5024,Samuel Osei,ARM-04,yes,17072,shift handover,Maintenance Bay
2026-05-23,morning,T6112,Priya Sharma,ARM-03,training,10386,conveyor belt check,Maintenance Bay
2026-05-23,afternoon,T9024,Ethan Kowalski,ARM-02,no,97618,safety audit,Maintenance Bay
2026-05-23,night,T2678,Maria Santos,ARM-04,yes,56093,bearing inspection,Line 3
2026-05-24,morning,T4167,Hana Nakamura,ARM-04,sick_leave,11826,sensor calibration,Maintenance Bay
2026-05-24,afternoon,T4657,Tobias Richt,ARM-01,yes,51639,conveyor belt check,Line 2
2026-05-24,night,T4380,Maria Santos,ARM-02,sick_leave,49470,shift handover,Maintenance Bay
2026-05-25,morning,T3730,Carlos Mendez,MULTI,no,60771,shift handover,Line 2
2026-05-25,afternoon,T6721,Nina Patel,MULTI,no,62038,repair ticket #4416,Line 3
2026-05-25,night,T7777,Hana Nakamura,ARM-02,yes,77933,preventive maintenance,Maintenance Bay
2026-05-26,morning,T6712,Lucas Ferreira,ARM-05,yes,71658,repair ticket #8136,Training Room
2026-05-26,afternoon,T6415,Aisha Diallo,ARM-04,yes,85867,training session,Line 4
2026-05-26,night,T8100,Fatima Al-Rashidi,ARM-05,sick_leave,81176,conveyor belt check,Training Room
2026-05-27,morning,T2648,Lucas Ferreira,MULTI,yes,59616,scheduled lubrication cycle,Training Room
2026-05-27,afternoon,T4250,Yuki Tanaka,ARM-05,training,66842,safety audit,Line 2
2026-05-27,night,T8494,Samuel Osei,ARM-03,yes,57758,bearing inspection,Line 3
2026-05-28,morning,T7101,Ethan Kowalski,ARM-03,yes,97469,sensor calibration,Training Room
2026-05-28,afternoon,T5227,Maria Santos,MULTI,yes,46138,bearing inspection,Line 4
2026-05-28,night,T1521,Carlos Mendez,ARM-05,yes,40701,bearing inspection,Training Room
2026-05-29,morning,T6181,Maria Santos,MULTI,sick_leave,77042,shift handover,Line 2
2026-05-29,afternoon,T6600,Dmitri Volkov,ARM-03,training,67420,training session,Line 3
2026-05-29,night,T1315,Aisha Diallo,MULTI,training,72377,annual inspection,Training Room
2026-05-30,morning,T2508,Maria Santos,ARM-04,yes,73215,bearing inspection,Line 4
2026-05-30,afternoon,T2218,Carlos Mendez,ARM-03,yes,59844,shift handover,Line 2
2026-05-30,night,T9898,Dmitri Volkov,ARM-04,no,86360,repair ticket #9988,Maintenance Bay
2026-05-31,morning,T2282,Maria Santos,ARM-02,yes,27004,annual inspection,Line 1
2026-05-31,afternoon,T5977,Chen Wei,ARM-01,yes,40084,bearing inspection,Training Room
2026-05-31,night,T7242,Lucas Ferreira,ARM-04,training,41555,preventive maintenance,Line 2
2026-05-01,morning,T2185,Aisha Diallo,ARM-04,training,41380,training session,Line 4
2026-05-01,afternoon,T5447,Samuel Osei,ARM-04,yes,34281,training session,Maintenance Bay
2026-05-01,night,T4420,Maria Santos,ARM-03,sick_leave,50157,annual inspection,Maintenance Bay
2026-05-02,morning,T4991,Maria Santos,ARM-03,training,99589,repair ticket #5221,Line 2
2026-05-02,afternoon,T1219,Hana Nakamura,ARM-01,yes,12786,safety audit,Maintenance Bay
2026-05-02,night,T6583,Tobias Richt,ARM-05,yes,98468,repair ticket #1434,Line 2
2026-05-03,morning,T3987,Maria Santos,ARM-02,yes,36819,sensor calibration,Maintenance Bay
2026-05-03,afternoon,T1886,Tobias Richt,ARM-05,training,25017,repair ticket #3245,Line 2
2026-05-03,night,T4786,Carlos Mendez,ARM-01,no,48856,preventive maintenance,Training Room
2026-05-04,morning,T4569,Yuki Tanaka,ARM-01,yes,19148,preventive maintenance,Maintenance Bay
2026-05-04,afternoon,T9949,Samuel Osei,ARM-02,yes,28479,scheduled lubrication cycle,Line 2
2026-05-04,night,T4933,Nina Patel,ARM-01,sick_leave,77200,preventive maintenance,Training Room
2026-05-05,morning,T9394,Aisha Diallo,ARM-02,yes,39164,safety audit,Line 2
2026-05-05,afternoon,T1132,Aisha Diallo,ARM-03,yes,27207,annual inspection,Line 2
2026-05-05,night,T5061,Chen Wei,ARM-01,yes,52792,annual inspection,Maintenance Bay
2026-05-06,morning,T4911,Lucas Ferreira,MULTI,yes,41469,bearing inspection,Maintenance Bay
2026-05-06,afternoon,T3353,Fatima Al-Rashidi,MULTI,sick_leave,29882,preventive maintenance,Line 4
2026-05-06,night,T3366,Oluwaseun Adebayo,ARM-02,yes,38690,repair ticket #1538,Maintenance Bay
2026-05-07,morning,T5253,Oluwaseun Adebayo,ARM-01,sick_leave,24499,sensor calibration,Training Room
2026-05-07,afternoon,T4479,Aisha Diallo,ARM-04,yes,46820,scheduled lubrication cycle,Line 1
2026-05-07,night,T1289,Hana Nakamura,MULTI,yes,68276,preventive maintenance,Line 4
2026-05-08,morning,T9179,Aisha Diallo,ARM-04,yes,81220,training session,Line 2
2026-05-08,afternoon,T9236,Fatima Al-Rashidi,ARM-04,training,22272,bearing inspection,Maintenance Bay
2026-05-08,night,T4211,Aisha Diallo,ARM-02,sick_leave,25657,annual inspection,Line 1
2026-05-09,morning,T2249,Lucas Ferreira,ARM-05,yes,15467,repair ticket #9471,Line 4
2026-05-09,afternoon,T8626,Ethan Kowalski,ARM-02,yes,70845,safety audit,Training Room
2026-05-09,night,T2978,Carlos Mendez,ARM-03,training,10991,conveyor belt check,Line 3
2026-05-10,morning,T9567,Ethan Kowalski,ARM-01,yes,80969,bearing inspection,Maintenance Bay
2026-05-10,afternoon,T7369,Ethan Kowalski,MULTI,yes,39907,annual inspection,Line 3
2026-05-10,night,T2445,Ethan Kowalski,ARM-03,yes,86034,scheduled lubrication cycle,Line 3
2026-05-11,morning,T7570,Yuki Tanaka,MULTI,no,80719,scheduled lubrication cycle,Line 1
2026-05-11,afternoon,T9395,Chen Wei,ARM-02,sick_leave,51186,training session,Line 3
2026-05-11,night,T3047,Lucas Ferreira,ARM-02,yes,14702,scheduled lubrication cycle,Maintenance Bay
2026-05-12,morning,T4077,Ethan Kowalski,ARM-02,training,64726,conveyor belt check,Training Room
2026-05-12,afternoon,T8993,Tobias Richt,ARM-02,no,59049,safety audit,Line 1
2026-05-12,night,T4063,Nina Patel,ARM-02,yes,51773,repair ticket #8202,Training Room
2026-05-13,morning,T9020,Samuel Osei,ARM-03,training,24780,safety audit,Training Room
2026-05-13,afternoon,T4041,Hana Nakamura,ARM-05,training,74113,preventive maintenance,Line 4
2026-05-13,night,T1276,Nina Patel,ARM-05,sick_leave,79019,training session,Line 1
2026-05-14,morning,T9786,Yuki Tanaka,ARM-05,yes,15371,safety audit,Maintenance Bay
2026-05-14,afternoon,T2338,Priya Sharma,MULTI,yes,65625,preventive maintenance,Line 2
2026-05-14,night,T4784,Chen Wei,ARM-03,no,49454,conveyor belt check,Line 3
2026-05-15,morning,T1500,Chen Wei,ARM-01,no,75685,preventive maintenance,Line 2
2026-05-15,afternoon,T1977,Aisha Diallo,MULTI,training,40869,bearing inspection,Line 4
2026-05-15,night,T6634,Dmitri Volkov,ARM-05,yes,23671,scheduled lubrication cycle,Line 4
2026-05-16,morning,T4526,Priya Sharma,MULTI,no,39724,training session,Maintenance Bay
2026-05-16,afternoon,T2416,Oluwaseun Adebayo,ARM-01,no,25121,scheduled lubrication cycle,Line 4
2026-05-16,night,T8089,Fatima Al-Rashidi,ARM-04,yes,58382,conveyor belt check,Line 2
2026-05-17,morning,T8666,Hana Nakamura,ARM-02,yes,25044,safety audit,Line 3
2026-05-17,afternoon,T9994,Chen Wei,ARM-01,sick_leave,17829,sensor calibration,Line 1
2026-05-17,night,T4406,Yuki Tanaka,ARM-01,training,55092,bearing inspection,Line 4
2026-05-18,morning,T6448,Yuki Tanaka,ARM-02,no,50739,bearing inspection,Line 2
2026-05-18,afternoon,T2308,Maria Santos,ARM-03,training,52730,sensor calibration,Training Room
2026-05-18,night,T3777,Fatima Al-Rashidi,ARM-02,yes,58815,shift handover,Training Room
2026-05-19,morning,T1980,Yuki Tanaka,ARM-04,no,39194,sensor calibration,Line 2
2026-05-19,afternoon,T1347,Maria Santos,ARM-05,sick_leave,64543,scheduled lubrication cycle,Line 4
2026-05-19,night,T9904,Dmitri Volkov,ARM-01,no,23071,bearing inspection,Line 1
2026-05-20,morning,T6917,Maria Santos,ARM-03,yes,86523,scheduled lubrication cycle,Maintenance Bay
2026-05-20,afternoon,T3502,Nina Patel,ARM-04,training,23691,conveyor belt check,Line 2
2026-05-20,night,T5034,Fatima Al-Rashidi,ARM-01,sick_leave,41446,preventive maintenance,Line 2
2026-05-21,morning,T4383,Carlos Mendez,ARM-05,no,42741,annual inspection,Line 1
2026-05-21,afternoon,T8643,Samuel Osei,ARM-02,sick_leave,74027,sensor calibration,Line 1
2026-05-21,night,T2078,Aisha Diallo,ARM-03,training,33617,shift handover,Line 4
2026-05-22,morning,T7046,Maria Santos,ARM-02,training,90033,bearing inspection,Maintenance Bay
2026-05-22,afternoon,T1735,Chen Wei,ARM-05,yes,23910,preventive maintenance,Training Room
2026-05-22,night,T8341,Nina Patel,MULTI,yes,17288,scheduled lubrication cycle,Maintenance Bay
2026-05-23,morning,T9512,Tobias Richt,ARM-01,training,10345,safety audit,Training Room
2026-05-23,afternoon,T1509,Carlos Mendez,ARM-02,yes,20612,conveyor belt check,Line 4
2026-05-23,night,T8015,Priya Sharma,MULTI,no,68741,shift handover,Line 4
2026-05-24,morning,T3550,Tobias Richt,ARM-02,yes,99105,training session,Line 3
2026-05-24,afternoon,T7114,Fatima Al-Rashidi,ARM-05,no,50317,conveyor belt check,Maintenance Bay
2026-05-24,night,T7942,Ethan Kowalski,ARM-01,sick_leave,84362,shift handover,Maintenance Bay
2026-05-25,morning,T3577,Aisha Diallo,ARM-04,yes,95408,preventive maintenance,Line 3
2026-05-25,afternoon,T5587,Oluwaseun Adebayo,MULTI,sick_leave,53549,sensor calibration,Maintenance Bay
2026-05-25,night,T8767,Maria Santos,ARM-01,yes,81911,sensor calibration,Line 1
2026-05-26,morning,T2221,Maria Santos,MULTI,no,25111,scheduled lubrication cycle,Line 2
2026-05-26,afternoon,T3385,Tobias Richt,ARM-03,yes,76503,repair ticket #8208,Maintenance Bay
2026-05-26,night,T5147,Carlos Mendez,ARM-04,yes,21652,sensor calibration,Line 1
2026-05-27,morning,T1169,Yuki Tanaka,ARM-01,yes,41552,conveyor belt check,Line 2
2026-05-27,afternoon,T6742,Nina Patel,ARM-03,sick_leave,23123,scheduled lubrication cycle,Maintenance Bay
2026-05-27,night,T5025,Maria Santos,ARM-02,yes,88771,annual inspection,Line 4
2026-05-28,morning,T7298,Oluwaseun Adebayo,ARM-01,sick_leave,32138,shift handover,Maintenance Bay
2026-05-28,afternoon,T5612,Dmitri Volkov,ARM-01,yes,39903,annual inspection,Line 2
2026-05-28,night,T2667,Ethan Kowalski,ARM-02,training,18677,shift handover,Training Room
2026-05-29,morning,T6238,Tobias Richt,ARM-01,yes,42250,preventive maintenance,Maintenance Bay
2026-05-29,afternoon,T9835,Nina Patel,ARM-01,yes,86103,conveyor belt check,Line 2
2026-05-29,night,T2901,Hana Nakamura,ARM-01,training,79465,safety audit,Maintenance Bay
2026-05-30,morning,T7346,Maria Santos,MULTI,training,67667,scheduled lubrication cycle,Line 2
2026-05-30,afternoon,T9990,Oluwaseun Adebayo,ARM-03,yes,92703,repair ticket #6932,Line 2
2026-05-30,night,T3173,Hana Nakamura,MULTI,yes,33101,repair ticket #6578,Line 3
2026-05-31,morning,T6093,Nina Patel,ARM-02,yes,67449,sensor calibration,Maintenance Bay
2026-05-31,afternoon,T2175,Samuel Osei,MULTI,no,27070,scheduled lubrication cycle,Line 3
2026-05-31,night,T9033,Fatima Al-Rashidi,ARM-01,yes,87588,shift handover,Line 3
2026-05-01,morning,T7253,Chen Wei,ARM-03,sick_leave,27145,training session,Maintenance Bay
2026-05-01,afternoon,T6154,Oluwaseun Adebayo,ARM-02,sick_leave,27147,preventive maintenance,Line 4
2026-05-01,night,T9252,Oluwaseun Adebayo,MULTI,training,64888,sensor calibration,Line 3
2026-05-02,morning,T4808,Chen Wei,ARM-01,sick_leave,68045,preventive maintenance,Line 2
2026-05-02,afternoon,T6958,Lucas Ferreira,ARM-01,yes,90357,shift handover,Maintenance Bay
2026-05-02,night,T9449,Ethan Kowalski,ARM-01,sick_leave,55300,bearing inspection,Line 1
2026-05-03,morning,T1851,Aisha Diallo,ARM-03,training,66197,shift handover,Training Room
2026-05-03,afternoon,T3350,Carlos Mendez,ARM-02,no,36432,repair ticket #5066,Line 3
2026-05-03,night,T8453,Nina Patel,ARM-02,sick_leave,76003,repair ticket #1905,Line 2
2026-05-04,morning,T9060,Chen Wei,ARM-03,yes,58414,scheduled lubrication cycle,Maintenance Bay
2026-05-04,afternoon,T7468,Fatima Al-Rashidi,ARM-04,training,31924,bearing inspection,Line 2
2026-05-04,night,T5080,Maria Santos,ARM-03,sick_leave,25684,repair ticket #7607,Maintenance Bay
2026-05-05,morning,T2245,Tobias Richt,MULTI,no,30601,shift handover,Line 2
2026-05-05,afternoon,T4427,Yuki Tanaka,ARM-03,yes,80641,bearing inspection,Line 3
2026-05-05,night,T3801,Aisha Diallo,ARM-05,no,95207,conveyor belt check,Training Room
2026-05-06,morning,T9077,Fatima Al-Rashidi,MULTI,training,64792,shift handover,Maintenance Bay
2026-05-06,afternoon,T4798,Aisha Diallo,ARM-02,no,60566,conveyor belt check,Line 3
2026-05-06,night,T9020,Oluwaseun Adebayo,MULTI,yes,17889,repair ticket #3300,Line 3
2026-05-07,morning,T4967,Hana Nakamura,ARM-04,no,59051,safety audit,Maintenance Bay
2026-05-07,afternoon,T9011,Tobias Richt,ARM-02,yes,38972,sensor calibration,Line 2
2026-05-07,night,T5223,Hana Nakamura,ARM-02,training,60125,annual inspection,Line 3
2026-05-08,morning,T9782,Priya Sharma,ARM-04,yes,25743,scheduled lubrication cycle,Maintenance Bay
2026-05-08,afternoon,T5432,Carlos Mendez,ARM-03,yes,30375,safety audit,Training Room
2026-05-08,night,T7486,Aisha Diallo,ARM-03,yes,18328,bearing inspection,Line 2
2026-05-09,morning,T2031,Ethan Kowalski,ARM-01,no,70542,annual inspection,Line 2
2026-05-09,afternoon,T2190,Aisha Diallo,ARM-03,training,90170,preventive maintenance,Line 4
2026-05-09,night,T4908,Fatima Al-Rashidi,ARM-04,sick_leave,12953,annual inspection,Training Room
2026-05-10,morning,T2746,Nina Patel,ARM-01,sick_leave,91318,conveyor belt check,Line 4
2026-05-10,afternoon,T9457,Dmitri Volkov,ARM-05,sick_leave,42807,preventive maintenance,Line 3
2026-05-10,night,T1172,Nina Patel,ARM-05,no,54480,scheduled lubrication cycle,Line 2
2026-05-11,morning,T3245,Nina Patel,ARM-05,training,92195,repair ticket #8652,Training Room
2026-05-11,afternoon,T2159,Dmitri Volkov,ARM-05,yes,95988,safety audit,Line 1
2026-05-11,night,T9370,Lucas Ferreira,ARM-02,yes,15430,safety audit,Maintenance Bay
2026-05-12,morning,T5654,Samuel Osei,ARM-03,yes,97318,shift handover,Line 4
2026-05-12,afternoon,T3583,Hana Nakamura,ARM-03,yes,95455,safety audit,Maintenance Bay
2026-05-12,night,T7012,Dmitri Volkov,ARM-02,yes,52648,scheduled lubrication cycle,Line 4
2026-05-13,morning,T1599,Samuel Osei,MULTI,yes,36269,conveyor belt check,Line 4
2026-05-13,afternoon,T9466,Yuki Tanaka,ARM-01,sick_leave,42877,safety audit,Maintenance Bay
2026-05-13,night,T8097,Dmitri Volkov,ARM-05,no,39991,conveyor belt check,Line 2
2026-05-14,morning,T4464,Samuel Osei,ARM-05,yes,36362,sensor calibration,Line 1
2026-05-14,afternoon,T9962,Carlos Mendez,ARM-05,yes,44340,bearing inspection,Training Room
2026-05-14,night,T4307,Samuel Osei,ARM-04,no,75299,conveyor belt check,Line 4
2026-05-15,morning,T5850,Aisha Diallo,ARM-05,training,74408,safety audit,Training Room
2026-05-15,afternoon,T8180,Fatima Al-Rashidi,ARM-05,yes,83032,annual inspection,Line 2
2026-05-15,night,T3515,Tobias Richt,ARM-05,sick_leave,59392,sensor calibration,Maintenance Bay
2026-05-16,morning,T8334,Lucas Ferreira,ARM-03,training,38462,preventive maintenance,Training Room
2026-05-16,afternoon,T1172,Samuel Osei,MULTI,no,58328,training session,Line 4
2026-05-16,night,T7427,Oluwaseun Adebayo,ARM-05,training,45152,preventive maintenance,Line 4
2026-05-17,morning,T5950,Maria Santos,ARM-01,sick_leave,32042,bearing inspection,Line 4
2026-05-17,afternoon,T1904,Yuki Tanaka,ARM-05,yes,24875,shift handover,Training Room
2026-05-17,night,T6065,Hana Nakamura,MULTI,yes,95458,annual inspection,Maintenance Bay
2026-05-18,morning,T2977,Tobias Richt,ARM-02,no,83927,preventive maintenance,Maintenance Bay
2026-05-18,afternoon,T1054,Carlos Mendez,MULTI,yes,25948,shift handover,Line 4
2026-05-18,night,T1520,Lucas Ferreira,ARM-05,training,50956,scheduled lubrication cycle,Training Room
2026-05-19,morning,T8797,Samuel Osei,ARM-02,yes,39178,annual inspection,Line 3
2026-05-19,afternoon,T8261,Oluwaseun Adebayo,ARM-01,sick_leave,72834,annual inspection,Training Room
2026-05-19,night,T2706,Priya Sharma,ARM-02,no,25959,conveyor belt check,Maintenance Bay
2026-05-20,morning,T4491,Hana Nakamura,ARM-04,training,60596,annual inspection,Maintenance Bay
2026-05-20,afternoon,T3804,Oluwaseun Adebayo,ARM-03,yes,42276,annual inspection,Training Room
2026-05-20,night,T7909,Maria Santos,MULTI,training,21785,conveyor belt check,Maintenance Bay
2026-05-21,morning,T1435,Oluwaseun Adebayo,MULTI,yes,72914,bearing inspection,Maintenance Bay
2026-05-21,afternoon,T1133,Hana Nakamura,ARM-05,sick_leave,69568,preventive maintenance,Training Room
2026-05-21,night,T6097,Dmitri Volkov,ARM-05,yes,70779,sensor calibration,Training Room
2026-05-22,morning,T4177,Fatima Al-Rashidi,ARM-03,sick_leave,83488,shift handover,Line 4
2026-05-22,afternoon,T4352,Ethan Kowalski,ARM-03,training,90299,sensor calibration,Line 1
2026-05-22,night,T7987,Chen Wei,ARM-02,yes,82198,shift handover,Line 3
2026-05-23,morning,T8487,Nina Patel,ARM-05,yes,72704,bearing inspection,Line 2
2026-05-23,afternoon,T9583,Priya Sharma,ARM-04,yes,28729,shift handover,Line 1
2026-05-23,night,T5336,Tobias Richt,ARM-02,sick_leave,98454,training session,Line 4
2026-05-24,morning,T7223,Samuel Osei,ARM-02,yes,80948,sensor calibration,Training Room
2026-05-24,afternoon,T6508,Fatima Al-Rashidi,ARM-02,yes,45709,conveyor belt check,Line 1
2026-05-24,night,T5143,Oluwaseun Adebayo,ARM-01,sick_leave,51407,sensor calibration,Line 4
2026-05-25,morning,T5854,Yuki Tanaka,ARM-01,sick_leave,49624,repair ticket #9857,Maintenance Bay
2026-05-25,afternoon,T9512,Oluwaseun Adebayo,ARM-05,yes,96743,conveyor belt check,Line 2
2026-05-25,night,T3668,Hana Nakamura,ARM-04,sick_leave,20742,conveyor belt check,Training Room
2026-05-26,morning,T5904,Samuel Osei,ARM-02,yes,64191,annual inspection,Line 3
2026-05-26,afternoon,T9987,Aisha Diallo,ARM-01,sick_leave,98171,scheduled lubrication cycle,Maintenance Bay
2026-05-26,night,T7465,Maria Santos,ARM-02,yes,71842,sensor calibration,Line 4
2026-05-27,morning,T2014,Maria Santos,ARM-01,training,29128,safety audit,Line 3
2026-05-27,afternoon,T8083,Priya Sharma,ARM-01,yes,10513,training session,Line 2
2026-05-27,night,T5577,Ethan Kowalski,ARM-03,yes,71579,scheduled lubrication cycle,Line 2
2026-05-28,morning,T4235,Tobias Richt,ARM-01,yes,34753,bearing inspection,Line 3
2026-05-28,afternoon,T3316,Nina Patel,ARM-05,yes,76792,bearing inspection,Maintenance Bay
2026-05-28,night,T4747,Samuel Osei,ARM-05,yes,10548,safety audit,Training Room
2026-05-29,morning,T4066,Aisha Diallo,ARM-02,yes,39366,training session,Line 2
2026-05-29,afternoon,T8635,Ethan Kowalski,ARM-04,yes,57787,preventive maintenance,Line 3
2026-05-29,night,T7938,Hana Nakamura,ARM-05,training,45110,repair ticket #2004,Line 4
2026-05-30,morning,T9124,Dmitri Volkov,ARM-03,sick_leave,35871,safety audit,Training Room
2026-05-30,afternoon,T4801,Aisha Diallo,ARM-02,yes,34236,annual inspection,Line 1
2026-05-30,night,T2606,Aisha Diallo,MULTI,yes,93960,bearing inspection,Maintenance Bay
2026-05-31,morning,T5464,Nina Patel,MULTI,yes,98793,scheduled lubrication cycle,Maintenance Bay
2026-05-31,afternoon,T8053,Hana Nakamura,ARM-03,yes,94136,repair ticket #1299,Line 2
2026-05-31,night,T5854,Yuki Tanaka,ARM-02,no,78699,bearing inspection,Line 2
2026-05-01,morning,T7630,Priya Sharma,MULTI,no,63038,sensor calibration,Line 2
2026-05-01,afternoon,T1301,Dmitri Volkov,ARM-04,training,76221,scheduled lubrication cycle,Line 4
2026-05-01,night,T2207,Nina Patel,ARM-02,sick_leave,59217,repair ticket #4861,Line 4
2026-05-02,morning,T7628,Dmitri Volkov,ARM-03,yes,48932,sensor calibration,Line 4
2026-05-02,afternoon,T2614,Ethan Kowalski,ARM-04,sick_leave,31783,bearing inspection,Line 1
2026-05-02,night,T3495,Lucas Ferreira,ARM-01,yes,98829,safety audit,Training Room
2026-05-03,morning,T6979,Maria Santos,MULTI,sick_leave,14282,safety audit,Line 3
2026-05-03,afternoon,T9967,Nina Patel,ARM-04,yes,25271,preventive maintenance,Line 2
2026-05-03,night,T4696,Samuel Osei,ARM-01,sick_leave,22531,repair ticket #7927,Line 2
2026-05-04,morning,T4582,Maria Santos,ARM-03,no,24241,shift handover,Maintenance Bay
2026-05-04,afternoon,T2751,Samuel Osei,ARM-01,no,86248,shift handover,Training Room
2026-05-04,night,T9538,Carlos Mendez,ARM-02,no,18556,annual inspection,Line 4
2026-05-05,morning,T5763,Maria Santos,ARM-02,training,98346,training session,Maintenance Bay
2026-05-05,afternoon,T5577,Fatima Al-Rashidi,ARM-03,sick_leave,21871,bearing inspection,Line 1
2026-05-05,night,T9929,Nina Patel,ARM-02,no,90367,preventive maintenance,Line 4
2026-05-06,morning,T7670,Aisha Diallo,ARM-05,training,40416,annual inspection,Line 1
2026-05-06,afternoon,T7005,Ethan Kowalski,ARM-02,no,41627,bearing inspection,Line 2
2026-05-06,night,T6179,Ethan Kowalski,ARM-01,yes,45475,shift handover,Training Room
2026-05-07,morning,T9990,Ethan Kowalski,ARM-05,yes,71359,conveyor belt check,Maintenance Bay
2026-05-07,afternoon,T2137,Fatima Al-Rashidi,ARM-02,sick_leave,23807,repair ticket #9116,Line 1
2026-05-07,night,T2828,Yuki Tanaka,ARM-03,yes,94072,scheduled lubrication cycle,Line 2
2026-05-08,morning,T4031,Hana Nakamura,ARM-05,no,40635,bearing inspection,Line 2
2026-05-08,afternoon,T3201,Fatima Al-Rashidi,ARM-01,yes,92478,preventive maintenance,Line 3
2026-05-08,night,T1497,Priya Sharma,MULTI,sick_leave,31103,shift handover,Line 3
2026-05-09,morning,T6947,Yuki Tanaka,MULTI,yes,92910,conveyor belt check,Line 4
2026-05-09,afternoon,T4974,Carlos Mendez,ARM-03,yes,82407,repair ticket #1481,Line 1
2026-05-09,night,T5152,Hana Nakamura,ARM-05,yes,26343,preventive maintenance,Line 1
2026-05-10,morning,T1475,Fatima Al-Rashidi,MULTI,yes,90143,preventive maintenance,Line 3
2026-05-10,afternoon,T4922,Aisha Diallo,MULTI,no,91334,repair ticket #4463,Line 1
2026-05-10,night,T3405,Maria Santos,ARM-02,training,58232,shift handover,Line 2
2026-05-11,morning,T4176,Hana Nakamura,ARM-01,sick_leave,83006,scheduled lubrication cycle,Line 4
2026-05-11,afternoon,T1700,Chen Wei,ARM-01,training,83537,conveyor belt check,Maintenance Bay
2026-05-11,night,T6185,Fatima Al-Rashidi,ARM-05,no,16738,shift handover,Maintenance Bay
2026-05-12,morning,T8430,Dmitri Volkov,ARM-01,training,40145,bearing inspection,Line 2
2026-05-12,afternoon,T4788,Dmitri Volkov,MULTI,yes,52268,repair ticket #4043,Line 1
2026-05-12,night,T7130,Ethan Kowalski,ARM-03,yes,94164,shift handover,Line 1
2026-05-13,morning,T7092,Yuki Tanaka,ARM-01,training,50883,annual inspection,Line 3
2026-05-13,afternoon,T6034,Aisha Diallo,ARM-02,yes,83061,shift handover,Line 2
2026-05-13,night,T6016,Yuki Tanaka,ARM-05,yes,89451,shift handover,Line 4
2026-05-14,morning,T1409,Oluwaseun Adebayo,ARM-02,yes,66148,preventive maintenance,Line 2
2026-05-14,afternoon,T4018,Maria Santos,ARM-04,training,36206,bearing inspection,Line 1
2026-05-14,night,T5934,Carlos Mendez,ARM-01,training,84806,annual inspection,Line 3
2026-05-15,morning,T1794,Oluwaseun Adebayo,MULTI,no,89742,safety audit,Line 1
2026-05-15,afternoon,T6170,Lucas Ferreira,ARM-02,yes,57239,repair ticket #6196,Maintenance Bay
2026-05-15,night,T9337,Fatima Al-Rashidi,ARM-03,training,45907,sensor calibration,Line 2
2026-05-16,morning,T9712,Nina Patel,ARM-03,sick_leave,50153,training session,Line 4
2026-05-16,afternoon,T1468,Samuel Osei,ARM-04,yes,15130,preventive maintenance,Maintenance Bay
2026-05-16,night,T7796,Tobias Richt,ARM-05,yes,73664,preventive maintenance,Line 1
2026-05-17,morning,T6884,Samuel Osei,ARM-02,yes,71396,shift handover,Line 4
2026-05-17,afternoon,T2764,Dmitri Volkov,ARM-04,yes,69955,shift handover,Line 4
2026-05-17,night,T4153,Nina Patel,ARM-02,training,12349,training session,Training Room
2026-05-18,morning,T3080,Aisha Diallo,ARM-01,yes,38644,training session,Line 2
2026-05-18,afternoon,T9379,Hana Nakamura,MULTI,no,33861,annual inspection,Line 1
2026-05-18,night,T4556,Tobias Richt,ARM-02,training,87408,bearing inspection,Line 4
2026-05-19,morning,T7808,Yuki Tanaka,ARM-05,yes,91891,safety audit,Line 3
2026-05-19,afternoon,T6165,Maria Santos,ARM-01,yes,44305,bearing inspection,Line 1
2026-05-19,night,T2135,Carlos Mendez,ARM-04,sick_leave,22612,safety audit,Line 1
2026-05-20,morning,T5042,Nina Patel,ARM-05,no,27555,conveyor belt check,Maintenance Bay
2026-05-20,afternoon,T8162,Nina Patel,MULTI,yes,27235,conveyor belt check,Line 2
2026-05-20,night,T4142,Yuki Tanaka,ARM-01,yes,60952,preventive maintenance,Line 2
2026-05-21,morning,T3882,Nina Patel,ARM-05,yes,63445,shift handover,Training Room
2026-05-21,afternoon,T5770,Oluwaseun Adebayo,ARM-04,yes,89780,annual inspection,Line 1
2026-05-21,night,T2256,Aisha Diallo,ARM-02,no,18438,training session,Maintenance Bay
2026-05-22,morning,T7030,Hana Nakamura,ARM-02,training,15490,safety audit,Line 2
2026-05-22,afternoon,T5297,Samuel Osei,MULTI,yes,24520,sensor calibration,Line 3
2026-05-22,night,T8335,Tobias Richt,ARM-05,no,19819,annual inspection,Training Room
2026-05-23,morning,T6345,Nina Patel,ARM-02,yes,55163,annual inspection,Maintenance Bay
2026-05-23,afternoon,T1515,Yuki Tanaka,ARM-04,yes,31245,scheduled lubrication cycle,Line 3
2026-05-23,night,T5406,Tobias Richt,ARM-01,no,26527,repair ticket #7880,Maintenance Bay
2026-05-24,morning,T9065,Chen Wei,ARM-05,yes,80870,preventive maintenance,Maintenance Bay
2026-05-24,afternoon,T7040,Fatima Al-Rashidi,ARM-03,training,72992,bearing inspection,Line 1
2026-05-24,night,T8783,Carlos Mendez,ARM-01,yes,33442,training session,Line 1
2026-05-25,morning,T5414,Oluwaseun Adebayo,ARM-03,yes,24968,repair ticket #9227,Training Room
2026-05-25,afternoon,T5189,Nina Patel,ARM-05,yes,99761,preventive maintenance,Training Room
2026-05-25,night,T1540,Chen Wei,ARM-02,yes,38737,annual inspection,Line 4
2026-05-26,morning,T1214,Samuel Osei,ARM-05,yes,27335,conveyor belt check,Line 4
2026-05-26,afternoon,T5728,Carlos Mendez,ARM-01,no,15809,annual inspection,Line 4
2026-05-26,night,T6287,Carlos Mendez,ARM-01,no,15133,shift handover,Line 1
2026-05-27,morning,T6627,Tobias Richt,ARM-02,no,81951,repair ticket #2662,Line 1
2026-05-27,afternoon,T9105,Aisha Diallo,MULTI,yes,63322,training session,Line 3
2026-05-27,night,T8678,Dmitri Volkov,MULTI,no,70404,annual inspection,Line 2
2026-05-28,morning,T2610,Samuel Osei,ARM-02,no,97234,repair ticket #1692,Line 3
2026-05-28,afternoon,T4222,Carlos Mendez,ARM-05,yes,93098,shift handover,Training Room
2026-05-28,night,T4394,Tobias Richt,MULTI,sick_leave,95202,repair ticket #2343,Training Room
2026-05-29,morning,T1713,Lucas Ferreira,ARM-04,no,88082,safety audit,Line 4
2026-05-29,afternoon,T2889,Oluwaseun Adebayo,ARM-05,yes,59513,annual inspection,Line 4
2026-05-29,night,T2551,Fatima Al-Rashidi,MULTI,training,39994,scheduled lubrication cycle,Line 3
2026-05-30,morning,T9205,Hana Nakamura,ARM-01,yes,74244,training session,Line 4
2026-05-30,afternoon,T9597,Maria Santos,ARM-02,sick_leave,81284,annual inspection,Line 4
2026-05-30,night,T9933,Ethan Kowalski,ARM-01,yes,48643,bearing inspection,Line 2
2026-05-31,morning,T6866,Aisha Diallo,ARM-01,sick_leave,71145,sensor calibration,Line 3
2026-05-31,afternoon,T5665,Dmitri Volkov,ARM-05,sick_leave,75212,shift handover,Training Room
2026-05-31,night,T4788,Samuel Osei,MULTI,yes,89588,shift handover,Training Room
2026-05-01,morning,T8650,Chen Wei,ARM-01,yes,63984,scheduled lubrication cycle,Line 2
2026-05-01,afternoon,T9925,Aisha Diallo,ARM-02,sick_leave,41874,shift handover,Line 1
2026-05-01,night,T2551,Maria Santos,ARM-03,yes,48241,repair ticket #8502,Line 2
2026-05-02,morning,T5522,Chen Wei,ARM-02,sick_leave,14096,scheduled lubrication cycle,Maintenance Bay
2026-05-02,afternoon,T1880,Tobias Richt,MULTI,no,36384,scheduled lubrication cycle,Training Room
2026-05-02,night,T1487,Yuki Tanaka,ARM-01,sick_leave,31768,annual inspection,Line 1
2026-05-03,morning,T5965,Nina Patel,MULTI,no,93244,repair ticket #2707,Line 3
2026-05-03,afternoon,T2895,Ethan Kowalski,ARM-05,yes,29135,scheduled lubrication cycle,Line 3
2026-05-03,night,T3092,Priya Sharma,ARM-03,yes,29573,conveyor belt check,Line 4
2026-05-04,morning,T5562,Samuel Osei,ARM-04,sick_leave,45200,bearing inspection,Training Room
2026-05-04,afternoon,T5285,Dmitri Volkov,ARM-03,yes,70766,sensor calibration,Line 1
2026-05-04,night,T2164,Fatima Al-Rashidi,ARM-03,yes,57473,sensor calibration,Line 1
2026-05-05,morning,T7324,Priya Sharma,MULTI,yes,63294,repair ticket #3277,Maintenance Bay
2026-05-05,afternoon,T7791,Nina Patel,ARM-02,sick_leave,41481,conveyor belt check,Line 3
2026-05-05,night,T4348,Maria Santos,ARM-03,yes,93617,preventive maintenance,Maintenance Bay
2026-05-06,morning,T4510,Aisha Diallo,ARM-03,yes,49156,annual inspection,Line 3
2026-05-06,afternoon,T1311,Yuki Tanaka,ARM-01,yes,35805,conveyor belt check,Line 4
2026-05-06,night,T5305,Fatima Al-Rashidi,MULTI,training,19837,conveyor belt check,Line 2
2026-05-07,morning,T7738,Yuki Tanaka,ARM-02,yes,19779,training session,Line 2
2026-05-07,afternoon,T1135,Samuel Osei,ARM-04,yes,31669,training session,Line 2
2026-05-07,night,T7948,Dmitri Volkov,MULTI,training,11945,annual inspection,Line 1
2026-05-08,morning,T5868,Lucas Ferreira,MULTI,no,11717,annual inspection,Line 4
2026-05-08,afternoon,T8832,Chen Wei,MULTI,yes,61769,sensor calibration,Line 2
2026-05-08,night,T8079,Priya Sharma,ARM-05,training,36257,repair ticket #5067,Line 4
2026-05-09,morning,T5850,Carlos Mendez,ARM-05,training,19546,shift handover,Maintenance Bay
2026-05-09,afternoon,T3501,Fatima Al-Rashidi,ARM-03,sick_leave,59548,conveyor belt check,Line 2
2026-05-09,night,T4154,Ethan Kowalski,ARM-05,yes,88415,shift handover,Line 1
2026-05-10,morning,T3094,Tobias Richt,ARM-01,yes,70725,preventive maintenance,Training Room
2026-05-10,afternoon,T8578,Aisha Diallo,ARM-02,training,37013,shift handover,Line 4
2026-05-10,night,T3100,Samuel Osei,ARM-03,sick_leave,60857,annual inspection,Training Room
2026-05-11,morning,T1014,Aisha Diallo,ARM-04,yes,81070,repair ticket #7885,Line 2
2026-05-11,afternoon,T4900,Hana Nakamura,ARM-01,no,17402,conveyor belt check,Line 2
2026-05-11,night,T3407,Ethan Kowalski,ARM-02,sick_leave,95374,repair ticket #2734,Training Room
2026-05-12,morning,T7102,Ethan Kowalski,MULTI,no,80746,bearing inspection,Training Room
2026-05-12,afternoon,T2032,Oluwaseun Adebayo,ARM-03,no,18440,preventive maintenance,Training Room
2026-05-12,night,T9511,Aisha Diallo,ARM-04,training,31084,preventive maintenance,Line 1
2026-05-13,morning,T9470,Maria Santos,ARM-04,yes,77078,shift handover,Line 4
2026-05-13,afternoon,T8852,Oluwaseun Adebayo,ARM-02,yes,86971,safety audit,Line 1
2026-05-13,night,T9319,Ethan Kowalski,ARM-02,yes,12651,preventive maintenance,Line 1
2026-05-14,morning,T4855,Dmitri Volkov,ARM-02,no,78238,scheduled lubrication cycle,Training Room
2026-05-14,afternoon,T9522,Maria Santos,MULTI,yes,20812,preventive maintenance,Line 1
2026-05-14,night,T7862,Dmitri Volkov,MULTI,training,85253,preventive maintenance,Line 1
2026-05-15,morning,T5806,Chen Wei,ARM-03,no,35230,training session,Maintenance Bay
2026-05-15,afternoon,T5016,Hana Nakamura,MULTI,training,90045,bearing inspection,Line 4
2026-05-15,night,T2593,Samuel Osei,ARM-05,yes,24721,preventive maintenance,Line 4
2026-05-16,morning,T3831,Priya Sharma,ARM-05,yes,68238,sensor calibration,Line 1
2026-05-16,afternoon,T3429,Carlos Mendez,ARM-04,sick_leave,98018,safety audit,Training Room
2026-05-16,night,T7240,Hana Nakamura,ARM-01,no,24384,preventive maintenance,Training Room
2026-05-17,morning,T4199,Carlos Mendez,ARM-03,yes,54303,bearing inspection,Line 3
2026-05-17,afternoon,T6057,Tobias Richt,MULTI,training,74298,conveyor belt check,Line 2
2026-05-17,night,T9963,Dmitri Volkov,MULTI,yes,48819,sensor calibration,Training Room
2026-05-18,morning,T9873,Carlos Mendez,ARM-04,sick_leave,69771,repair ticket #4635,Line 4
2026-05-18,afternoon,T8064,Ethan Kowalski,ARM-03,no,37990,scheduled lubrication cycle,Line 2
2026-05-18,night,T1337,Yuki Tanaka,ARM-04,no,45008,preventive maintenance,Training Room
2026-05-19,morning,T4951,Aisha Diallo,ARM-02,sick_leave,91993,sensor calibration,Maintenance Bay
2026-05-19,afternoon,T3939,Lucas Ferreira,ARM-02,training,43375,sensor calibration,Maintenance Bay
2026-05-19,night,T2263,Nina Patel,MULTI,yes,18548,scheduled lubrication cycle,Training Room
2026-05-20,morning,T4221,Yuki Tanaka,ARM-01,yes,76090,safety audit,Line 3
2026-05-20,afternoon,T3693,Priya Sharma,ARM-04,training,16621,annual inspection,Line 3
2026-05-20,night,T3956,Oluwaseun Adebayo,ARM-05,yes,44382,repair ticket #1164,Line 2
2026-05-21,morning,T3927,Lucas Ferreira,ARM-01,no,27027,preventive maintenance,Training Room
2026-05-21,afternoon,T6393,Fatima Al-Rashidi,ARM-01,yes,32263,conveyor belt check,Line 3
2026-05-21,night,T1219,Lucas Ferreira,ARM-04,yes,21746,shift handover,Maintenance Bay
2026-05-22,morning,T4841,Ethan Kowalski,ARM-01,yes,34844,conveyor belt check,Maintenance Bay
2026-05-22,afternoon,T3047,Yuki Tanaka,ARM-04,training,38276,shift handover,Training Room
2026-05-22,night,T2201,Hana Nakamura,ARM-05,yes,13618,conveyor belt check,Maintenance Bay
2026-05-23,morning,T9087,Samuel Osei,ARM-04,training,45709,preventive maintenance,Maintenance Bay
2026-05-23,afternoon,T5785,Maria Santos,ARM-01,yes,53220,sensor calibration,Line 4
2026-05-23,night,T3964,Tobias Richt,ARM-02,yes,86455,conveyor belt check,Maintenance Bay
2026-05-24,morning,T6816,Carlos Mendez,ARM-02,no,66132,sensor calibration,Line 3
2026-05-24,afternoon,T2589,Oluwaseun Adebayo,ARM-02,yes,18531,annual inspection,Line 2
2026-05-24,night,T1044,Fatima Al-Rashidi,ARM-02,no,26094,safety audit,Maintenance Bay
2026-05-25,morning,T5830,Carlos Mendez,MULTI,training,72672,conveyor belt check,Line 2
2026-05-25,afternoon,T9649,Ethan Kowalski,MULTI,yes,72906,safety audit,Line 4
2026-05-25,night,T1435,Fatima Al-Rashidi,ARM-02,no,42899,repair ticket #6172,Line 4
2026-05-26,morning,T2330,Carlos Mendez,ARM-04,sick_leave,58524,bearing inspection,Training Room
2026-05-26,afternoon,T7101,Priya Sharma,ARM-04,training,96381,annual inspection,Line 3
2026-05-26,night,T6388,Yuki Tanaka,ARM-05,yes,58186,bearing inspection,Line 4
2026-05-27,morning,T7378,Lucas Ferreira,MULTI,training,42016,scheduled lubrication cycle,Training Room
2026-05-27,afternoon,T2502,Aisha Diallo,ARM-03,no,26229,conveyor belt check,Training Room
2026-05-27,night,T3303,Yuki Tanaka,ARM-04,sick_leave,99616,shift handover,Line 4
2026-05-28,morning,T6093,Priya Sharma,ARM-05,training,27295,training session,Training Room
2026-05-28,afternoon,T1561,Priya Sharma,ARM-05,no,60022,sensor calibration,Line 3
2026-05-28,night,T1699,Tobias Richt,ARM-03,yes,88351,bearing inspection,Line 2
2026-05-29,morning,T4614,Dmitri Volkov,ARM-03,no,41695,annual inspection,Maintenance Bay
2026-05-29,afternoon,T7535,Samuel Osei,ARM-02,sick_leave,77080,annual inspection,Maintenance Bay
2026-05-29,night,T9278,Priya Sharma,ARM-04,yes,69452,sensor calibration,Training Room
2026-05-30,morning,T3413,Ethan Kowalski,MULTI,sick_leave,50920,repair ticket #3372,Maintenance Bay
2026-05-30,afternoon,T3299,Maria Santos,ARM-04,no,21280,bearing inspection,Line 3
2026-05-30,night,T5234,Samuel Osei,ARM-04,sick_leave,56812,safety audit,Line 1
2026-05-31,morning,T4875,Dmitri Volkov,ARM-04,yes,60485,safety audit,Line 3
2026-05-31,afternoon,T1232,Dmitri Volkov,ARM-01,sick_leave,89643,scheduled lubrication cycle,Training Room
2026-05-31,night,T2636,Yuki Tanaka,MULTI,training,47272,conveyor belt check,Training Room
2026-05-01,morning,T1441,Fatima Al-Rashidi,ARM-04,yes,70289,bearing inspection,Training Room
2026-05-01,afternoon,T5300,Dmitri Volkov,ARM-02,yes,15397,shift handover,Line 4
2026-05-01,night,T7103,Lucas Ferreira,ARM-03,yes,98153,conveyor belt check,Training Room
2026-05-02,morning,T9342,Oluwaseun Adebayo,ARM-02,sick_leave,28097,shift handover,Line 4
2026-05-02,afternoon,T3186,Lucas Ferreira,ARM-03,sick_leave,83446,annual inspection,Line 4
2026-05-02,night,T2279,Fatima Al-Rashidi,ARM-01,yes,18930,shift handover,Line 3
2026-05-03,morning,T7023,Aisha Diallo,MULTI,yes,14226,annual inspection,Line 1
2026-05-03,afternoon,T3854,Dmitri Volkov,ARM-02,sick_leave,79381,training session,Line 3
2026-05-03,night,T8347,Chen Wei,MULTI,yes,43668,sensor calibration,Maintenance Bay
2026-05-04,morning,T7045,Aisha Diallo,ARM-04,training,14793,repair ticket #4432,Line 1
2026-05-04,afternoon,T3896,Dmitri Volkov,ARM-01,sick_leave,47015,sensor calibration,Line 4
2026-05-04,night,T2563,Yuki Tanaka,ARM-03,yes,74279,conveyor belt check,Training Room
2026-05-05,morning,T6880,Maria Santos,ARM-02,yes,13580,repair ticket #6353,Maintenance Bay
2026-05-05,afternoon,T1085,Carlos Mendez,ARM-01,sick_leave,94776,shift handover,Line 4
2026-05-05,night,T5998,Tobias Richt,ARM-02,no,55341,repair ticket #3007,Training Room
2026-05-06,morning,T8209,Dmitri Volkov,MULTI,sick_leave,62393,conveyor belt check,Line 3
2026-05-06,afternoon,T3020,Oluwaseun Adebayo,ARM-05,yes,55626,training session,Line 4
2026-05-06,night,T8858,Chen Wei,MULTI,yes,90940,shift handover,Line 4
2026-05-07,morning,T5397,Oluwaseun Adebayo,MULTI,yes,22365,shift handover,Line 2
2026-05-07,afternoon,T1652,Hana Nakamura,ARM-04,training,95595,safety audit,Maintenance Bay
2026-05-07,night,T4472,Tobias Richt,ARM-04,sick_leave,12767,conveyor belt check,Training Room
2026-05-08,morning,T5425,Oluwaseun Adebayo,ARM-02,yes,52379,annual inspection,Line 2
2026-05-08,afternoon,T4179,Hana Nakamura,ARM-04,sick_leave,38401,shift handover,Line 1
2026-05-08,night,T6853,Hana Nakamura,ARM-04,yes,33935,shift handover,Training Room
2026-05-09,morning,T9779,Chen Wei,ARM-04,yes,15688,sensor calibration,Line 1
2026-05-09,afternoon,T2181,Samuel Osei,ARM-01,yes,15058,bearing inspection,Line 2
2026-05-09,night,T7512,Dmitri Volkov,MULTI,training,86188,repair ticket #1443,Line 3
2026-05-10,morning,T6635,Ethan Kowalski,ARM-04,yes,33519,safety audit,Line 2
2026-05-10,afternoon,T7503,Oluwaseun Adebayo,ARM-03,yes,48320,repair ticket #8556,Training Room
2026-05-10,night,T3730,Chen Wei,ARM-01,training,90265,bearing inspection,Line 3
2026-05-11,morning,T3137,Ethan Kowalski,ARM-01,training,45363,bearing inspection,Line 1
2026-05-11,afternoon,T3860,Aisha Diallo,MULTI,sick_leave,96339,conveyor belt check,Line 4
2026-05-11,night,T3429,Nina Patel,ARM-04,sick_leave,67784,bearing inspection,Line 3
2026-05-12,morning,T7559,Ethan Kowalski,ARM-02,training,83613,sensor calibration,Line 3
2026-05-12,afternoon,T1656,Oluwaseun Adebayo,MULTI,training,83598,shift handover,Line 3
2026-05-12,night,T5609,Samuel Osei,ARM-05,training,50376,training session,Training Room
2026-05-13,morning,T3165,Hana Nakamura,ARM-03,yes,87606,annual inspection,Line 3
2026-05-13,afternoon,T5955,Dmitri Volkov,ARM-02,yes,80730,training session,Maintenance Bay
2026-05-13,night,T3986,Aisha Diallo,ARM-04,training,38521,preventive maintenance,Line 2
2026-05-14,morning,T3553,Samuel Osei,ARM-05,sick_leave,60328,training session,Maintenance Bay
2026-05-14,afternoon,T4702,Chen Wei,ARM-01,yes,71748,shift handover,Line 1
2026-05-14,night,T2950,Yuki Tanaka,ARM-03,training,72418,annual inspection,Line 3
2026-05-15,morning,T6866,Oluwaseun Adebayo,ARM-01,training,63398,scheduled lubrication cycle,Line 2
2026-05-15,afternoon,T3801,Carlos Mendez,ARM-02,sick_leave,72745,annual inspection,Training Room
2026-05-15,night,T7033,Yuki Tanaka,ARM-04,yes,79812,scheduled lubrication cycle,Maintenance Bay
2026-05-16,morning,T7569,Tobias Richt,ARM-05,yes,50764,preventive maintenance,Maintenance Bay
2026-05-16,afternoon,T8241,Tobias Richt,ARM-04,yes,44637,conveyor belt check,Line 4
2026-05-16,night,T7616,Maria Santos,ARM-03,training,90908,training session,Maintenance Bay
2026-05-17,morning,T5564,Ethan Kowalski,ARM-01,sick_leave,50927,safety audit,Line 3
2026-05-17,afternoon,T1012,Oluwaseun Adebayo,ARM-01,yes,90005,training session,Line 2
2026-05-17,night,T3227,Aisha Diallo,ARM-02,training,13880,conveyor belt check,Maintenance Bay
2026-05-18,morning,T2402,Tobias Richt,ARM-01,yes,55880,preventive maintenance,Line 3
2026-05-18,afternoon,T8446,Fatima Al-Rashidi,ARM-05,yes,91939,safety audit,Line 4
2026-05-18,night,T4959,Samuel Osei,MULTI,no,80643,conveyor belt check,Maintenance Bay
2026-05-19,morning,T5466,Hana Nakamura,ARM-01,training,35780,repair ticket #7305,Maintenance Bay
2026-05-19,afternoon,T2536,Carlos Mendez,ARM-02,sick_leave,73479,scheduled lubrication cycle,Line 1
2026-05-19,night,T7626,Fatima Al-Rashidi,ARM-03,training,69478,shift handover,Line 4
2026-05-20,morning,T5378,Samuel Osei,MULTI,yes,29150,scheduled lubrication cycle,Line 2
2026-05-20,afternoon,T1059,Maria Santos,ARM-05,yes,92215,scheduled lubrication cycle,Line 3
2026-05-20,night,T8641,Samuel Osei,MULTI,yes,79417,bearing inspection,Line 3
2026-05-21,morning,T3616,Yuki Tanaka,ARM-03,training,77162,shift handover,Line 1
2026-05-21,afternoon,T3364,Tobias Richt,ARM-02,no,73103,training session,Line 3
2026-05-21,night,T7323,Nina Patel,ARM-01,yes,40993,sensor calibration,Line 4
2026-05-22,morning,T1550,Priya Sharma,ARM-04,yes,42879,bearing inspection,Line 4
2026-05-22,afternoon,T7346,Chen Wei,ARM-04,yes,61420,preventive maintenance,Line 1
2026-05-22,night,T9890,Maria Santos,MULTI,yes,52735,safety audit,Line 2
2026-05-23,morning,T9166,Chen Wei,ARM-03,training,70731,scheduled lubrication cycle,Line 2
2026-05-23,afternoon,T8643,Aisha Diallo,MULTI,yes,96156,sensor calibration,Line 3
2026-05-23,night,T9402,Samuel Osei,ARM-01,yes,95753,bearing inspection,Line 2
2026-05-24,morning,T7556,Ethan Kowalski,ARM-01,yes,90191,scheduled lubrication cycle,Training Room
2026-05-24,afternoon,T1699,Aisha Diallo,ARM-02,yes,67201,conveyor belt check,Training Room
2026-05-24,night,T4688,Oluwaseun Adebayo,ARM-01,yes,58526,preventive maintenance,Line 2
2026-05-25,morning,T7564,Hana Nakamura,ARM-01,yes,50592,repair ticket #6368,Training Room
2026-05-25,afternoon,T7091,Tobias Richt,ARM-01,sick_leave,73587,safety audit,Line 1
2026-05-25,night,T6188,Nina Patel,ARM-03,sick_leave,10342,sensor calibration,Line 2
2026-05-26,morning,T3207,Fatima Al-Rashidi,ARM-04,yes,28997,bearing inspection,Line 4
2026-05-26,afternoon,T4987,Lucas Ferreira,ARM-03,yes,74699,annual inspection,Line 4
2026-05-26,night,T4180,Lucas Ferreira,ARM-05,yes,49998,training session,Line 3
2026-05-27,morning,T3511,Priya Sharma,ARM-04,yes,40638,preventive maintenance,Line 2
2026-05-27,afternoon,T3880,Priya Sharma,ARM-03,training,49909,conveyor belt check,Maintenance Bay
2026-05-27,night,T9652,Yuki Tanaka,ARM-02,yes,36987,safety audit,Line 3
2026-05-28,morning,T7797,Tobias Richt,ARM-01,training,90889,preventive maintenance,Training Room
2026-05-28,afternoon,T8596,Nina Patel,ARM-02,training,15809,training session,Training Room
2026-05-28,night,T7980,Samuel Osei,ARM-02,yes,71446,conveyor belt check,Training Room
2026-05-29,morning,T1990,Aisha Diallo,ARM-05,sick_leave,23404,preventive maintenance,Line 1
2026-05-29,afternoon,T7463,Samuel Osei,MULTI,yes,36926,safety audit,Line 4
2026-05-29,night,T8373,Hana Nakamura,ARM-01,sick_leave,51326,sensor calibration,Line 3
2026-05-30,morning,T4159,Oluwaseun Adebayo,ARM-01,yes,43678,annual inspection,Line 2
2026-05-30,afternoon,T2636,Dmitri Volkov,ARM-04,yes,43072,safety audit,Line 3
2026-05-30,night,T1107,Oluwaseun Adebayo,ARM-05,sick_leave,53183,conveyor belt check,Maintenance Bay
2026-05-31,morning,T4960,Lucas Ferreira,ARM-03,training,60463,repair ticket #3936,Training Room
2026-05-31,afternoon,T4011,Carlos Mendez,ARM-02,training,76717,bearing inspection,Line 4
2026-05-31,night,T5492,Chen Wei,MULTI,sick_leave,11983,conveyor belt check,Line 3
2026-05-01,morning,T3816,Lucas Ferreira,ARM-05,yes,83759,preventive maintenance,Maintenance Bay
2026-05-01,afternoon,T3723,Carlos Mendez,ARM-01,yes,54490,shift handover,Line 3
2026-05-01,night,T6662,Tobias Richt,ARM-03,yes,67917,preventive maintenance,Line 3
2026-05-02,morning,T9319,Maria Santos,ARM-02,yes,70246,scheduled lubrication cycle,Line 3
2026-05-02,afternoon,T5381,Hana Nakamura,ARM-05,yes,60993,sensor calibration,Line 1
2026-05-02,night,T9635,Maria Santos,ARM-05,yes,75627,preventive maintenance,Line 1
2026-05-03,morning,T4854,Lucas Ferreira,MULTI,yes,76031,repair ticket #7141,Line 2
2026-05-03,afternoon,T9403,Carlos Mendez,ARM-01,yes,23090,repair ticket #5456,Line 3
2026-05-03,night,T8011,Tobias Richt,ARM-04,yes,45074,training session,Line 4
2026-05-04,morning,T6170,Fatima Al-Rashidi,ARM-01,yes,14871,annual inspection,Line 2
2026-05-04,afternoon,T5874,Aisha Diallo,ARM-03,yes,49561,sensor calibration,Line 3
2026-05-04,night,T1554,Maria Santos,ARM-04,training,10378,repair ticket #5708,Line 2
2026-05-05,morning,T2378,Chen Wei,ARM-03,yes,28429,bearing inspection,Maintenance Bay
2026-05-05,afternoon,T8093,Lucas Ferreira,ARM-05,no,85965,sensor calibration,Line 3
2026-05-05,night,T5793,Lucas Ferreira,MULTI,yes,45024,safety audit,Line 1
2026-05-06,morning,T1060,Lucas Ferreira,ARM-05,yes,18598,safety audit,Line 4
2026-05-06,afternoon,T1145,Carlos Mendez,ARM-02,sick_leave,43075,annual inspection,Line 3
2026-05-06,night,T1396,Aisha Diallo,MULTI,no,59649,safety audit,Line 2
2026-05-07,morning,T3697,Maria Santos,MULTI,yes,12596,safety audit,Training Room
2026-05-07,afternoon,T4338,Oluwaseun Adebayo,ARM-02,yes,41281,preventive maintenance,Line 4
2026-05-07,night,T6800,Priya Sharma,ARM-03,yes,28230,shift handover,Maintenance Bay
2026-05-08,morning,T4183,Oluwaseun Adebayo,ARM-05,yes,38754,scheduled lubrication cycle,Line 3
2026-05-08,afternoon,T5393,Tobias Richt,MULTI,yes,67813,scheduled lubrication cycle,Line 1
2026-05-08,night,T7462,Nina Patel,ARM-02,yes,15524,bearing inspection,Line 3
2026-05-09,morning,T5509,Tobias Richt,ARM-01,yes,26695,scheduled lubrication cycle,Maintenance Bay
2026-05-09,afternoon,T1833,Nina Patel,ARM-04,training,89529,sensor calibration,Line 1
2026-05-09,night,T4179,Lucas Ferreira,MULTI,yes,97297,preventive maintenance,Maintenance Bay
2026-05-10,morning,T9239,Samuel Osei,ARM-02,no,79700,preventive maintenance,Training Room
2026-05-10,afternoon,T4321,Yuki Tanaka,ARM-03,yes,49507,shift handover,Training Room
2026-05-10,night,T7392,Lucas Ferreira,ARM-05,yes,84665,shift handover,Line 3
2026-05-11,morning,T5503,Dmitri Volkov,MULTI,sick_leave,83697,scheduled lubrication cycle,Line 2
2026-05-11,afternoon,T8060,Aisha Diallo,ARM-02,yes,86285,scheduled lubrication cycle,Maintenance Bay
2026-05-11,night,T4754,Maria Santos,ARM-03,yes,82379,conveyor belt check,Maintenance Bay
2026-05-12,morning,T8368,Tobias Richt,ARM-05,training,60532,annual inspection,Training Room
2026-05-12,afternoon,T4316,Oluwaseun Adebayo,ARM-05,yes,91194,safety audit,Line 1
2026-05-12,night,T8260,Hana Nakamura,ARM-01,no,40849,shift handover,Line 1
2026-05-13,morning,T1947,Ethan Kowalski,ARM-02,yes,69798,repair ticket #1976,Training Room
2026-05-13,afternoon,T9792,Priya Sharma,ARM-03,no,11252,bearing inspection,Line 2
2026-05-13,night,T9243,Hana Nakamura,ARM-05,yes,77734,conveyor belt check,Maintenance Bay
2026-05-14,morning,T9496,Ethan Kowalski,ARM-04,yes,90185,shift handover,Line 4
2026-05-14,afternoon,T1739,Chen Wei,ARM-01,sick_leave,88710,safety audit,Line 3
2026-05-14,night,T9245,Ethan Kowalski,MULTI,sick_leave,52979,conveyor belt check,Maintenance Bay
2026-05-15,morning,T7031,Chen Wei,ARM-01,no,16496,shift handover,Line 3
2026-05-15,afternoon,T7173,Hana Nakamura,ARM-02,training,62303,scheduled lubrication cycle,Line 3
2026-05-15,night,T2467,Tobias Richt,ARM-01,sick_leave,18653,bearing inspection,Line 4
2026-05-16,morning,T1840,Priya Sharma,MULTI,training,97266,preventive maintenance,Line 2
2026-05-16,afternoon,T2263,Lucas Ferreira,ARM-02,yes,93843,repair ticket #5940,Training Room
2026-05-16,night,T2091,Priya Sharma,MULTI,no,31219,repair ticket #8531,Line 1
2026-05-17,morning,T6130,Yuki Tanaka,ARM-02,no,37571,shift handover,Training Room
2026-05-17,afternoon,T7461,Chen Wei,ARM-03,no,80439,preventive maintenance,Line 1
2026-05-17,night,T4899,Chen Wei,ARM-03,yes,74906,sensor calibration,Line 2
2026-05-18,morning,T8682,Carlos Mendez,ARM-05,yes,79638,scheduled lubrication cycle,Line 1
2026-05-18,afternoon,T1553,Nina Patel,MULTI,training,82639,training session,Line 2
2026-05-18,night,T5956,Samuel Osei,MULTI,yes,88901,repair ticket #9992,Maintenance Bay
2026-05-19,morning,T1188,Nina Patel,ARM-05,no,89295,repair ticket #4434,Line 4
2026-05-19,afternoon,T6209,Dmitri Volkov,ARM-02,yes,67636,bearing inspection,Line 3
2026-05-19,night,T5893,Priya Sharma,ARM-02,yes,87161,repair ticket #4804,Line 4
2026-05-20,morning,T5503,Hana Nakamura,ARM-03,yes,79336,annual inspection,Line 1
2026-05-20,afternoon,T5714,Samuel Osei,ARM-05,yes,91891,shift handover,Line 1
2026-05-20,night,T4618,Samuel Osei,ARM-03,yes,10863,annual inspection,Training Room
2026-05-21,morning,T7452,Ethan Kowalski,ARM-04,yes,10190,annual inspection,Maintenance Bay
2026-05-21,afternoon,T3139,Aisha Diallo,ARM-05,no,72307,shift handover,Line 3
2026-05-21,night,T1037,Oluwaseun Adebayo,ARM-05,training,60516,training session,Maintenance Bay
2026-05-22,morning,T6397,Aisha Diallo,ARM-03,sick_leave,58455,training session,Training Room
2026-05-22,afternoon,T1219,Oluwaseun Adebayo,ARM-04,yes,38566,preventive maintenance,Line 2
2026-05-22,night,T2338,Nina Patel,ARM-05,yes,92944,conveyor belt check,Maintenance Bay
2026-05-23,morning,T4050,Nina Patel,ARM-03,no,10628,safety audit,Line 1
2026-05-23,afternoon,T9497,Ethan Kowalski,ARM-04,sick_leave,65197,annual inspection,Line 1
2026-05-23,night,T9528,Tobias Richt,MULTI,yes,76011,annual inspection,Training Room
2026-05-24,morning,T9637,Fatima Al-Rashidi,ARM-02,yes,42867,annual inspection,Training Room
2026-05-24,afternoon,T2941,Tobias Richt,MULTI,yes,32327,annual inspection,Training Room
2026-05-24,night,T9877,Samuel Osei,ARM-02,no,52396,sensor calibration,Line 3
2026-05-25,morning,T6881,Aisha Diallo,ARM-04,yes,36965,scheduled lubrication cycle,Line 3
2026-05-25,afternoon,T3987,Ethan Kowalski,ARM-05,yes,82641,sensor calibration,Line 2
2026-05-25,night,T9654,Samuel Osei,ARM-02,yes,23804,conveyor belt check,Maintenance Bay
2026-05-26,morning,T3969,Yuki Tanaka,MULTI,yes,91146,bearing inspection,Maintenance Bay
2026-05-26,afternoon,T6548,Yuki Tanaka,ARM-05,yes,46123,repair ticket #7097,Line 3
2026-05-26,night,T1764,Chen Wei,MULTI,training,97716,safety audit,Maintenance Bay
2026-05-27,morning,T8896,Ethan Kowalski,ARM-03,sick_leave,88339,scheduled lubrication cycle,Training Room
2026-05-27,afternoon,T5752,Priya Sharma,ARM-05,yes,33445,bearing inspection,Training Room
2026-05-27,night,T1529,Yuki Tanaka,ARM-03,training,33915,bearing inspection,Line 4
2026-05-28,morning,T8259,Priya Sharma,MULTI,no,44682,shift handover,Line 1
2026-05-28,afternoon,T3064,Lucas Ferreira,MULTI,training,75529,sensor calibration,Maintenance Bay
2026-05-28,night,T6842,Hana Nakamura,ARM-03,yes,45445,shift handover,Line 3
2026-05-29,morning,T9511,Dmitri Volkov,ARM-03,sick_leave,96757,repair ticket #9854,Maintenance Bay
2026-05-29,afternoon,T1198,Ethan Kowalski,ARM-04,training,45715,conveyor belt check,Line 4
2026-05-29,night,T2170,Ethan Kowalski,ARM-01,yes,90272,training session,Line 4
2026-05-30,morning,T1700,Fatima Al-Rashidi,ARM-02,yes,93260,shift handover,Line 4
2026-05-30,afternoon,T1761,Lucas Ferreira,ARM-05,yes,44625,annual inspection,Line 1
2026-05-30,night,T8399,Fatima Al-Rashidi,ARM-03,sick_leave,40257,annual inspection,Line 2
2026-05-31,morning,T1029,Carlos Mendez,ARM-04,yes,14684,conveyor belt check,Line 3
2026-05-31,afternoon,T7407,Samuel Osei,MULTI,yes,76290,training session,Maintenance Bay
2026-05-31,night,T7920,Aisha Diallo,ARM-04,no,85039,shift handover,Line 4
2026-05-01,morning,T7542,Dmitri Volkov,ARM-02,sick_leave,82043,sensor calibration,Line 2
2026-05-01,afternoon,T2694,Samuel Osei,ARM-03,no,86142,annual inspection,Line 1
2026-05-01,night,T1434,Carlos Mendez,ARM-02,yes,35705,conveyor belt check,Maintenance Bay
2026-05-02,morning,T4582,Tobias Richt,ARM-02,training,91175,safety audit,Maintenance Bay
2026-05-02,afternoon,T3952,Priya Sharma,ARM-02,training,58294,safety audit,Maintenance Bay
2026-05-02,night,T8694,Dmitri Volkov,ARM-04,training,49376,training session,Line 3
2026-05-03,morning,T1520,Hana Nakamura,ARM-04,training,94844,bearing inspection,Line 4
2026-05-03,afternoon,T4141,Priya Sharma,ARM-05,training,38282,safety audit,Line 3
2026-05-03,night,T3043,Chen Wei,ARM-03,no,62968,conveyor belt check,Line 4
2026-05-04,morning,T9077,Dmitri Volkov,ARM-04,yes,89395,training session,Line 2
2026-05-04,afternoon,T5568,Ethan Kowalski,ARM-05,yes,74550,training session,Line 2
2026-05-04,night,T4586,Tobias Richt,ARM-04,training,31177,annual inspection,Training Room
2026-05-05,morning,T4811,Lucas Ferreira,ARM-02,training,22060,training session,Maintenance Bay
2026-05-05,afternoon,T6845,Chen Wei,ARM-05,yes,16865,bearing inspection,Line 3
2026-05-05,night,T5720,Fatima Al-Rashidi,MULTI,sick_leave,71961,annual inspection,Maintenance Bay
2026-05-06,morning,T4857,Ethan Kowalski,ARM-05,sick_leave,71695,scheduled lubrication cycle,Line 2
2026-05-06,afternoon,T4682,Priya Sharma,MULTI,no,15940,training session,Line 1
2026-05-06,night,T8507,Samuel Osei,ARM-04,yes,30461,safety audit,Line 1
2026-05-07,morning,T6431,Lucas Ferreira,ARM-03,yes,98439,sensor calibration,Line 3
2026-05-07,afternoon,T1467,Yuki Tanaka,ARM-05,training,56605,sensor calibration,Line 4
2026-05-07,night,T4474,Carlos Mendez,MULTI,yes,95802,safety audit,Line 2
2026-05-08,morning,T9409,Oluwaseun Adebayo,MULTI,no,54483,sensor calibration,Line 2
2026-05-08,afternoon,T7002,Ethan Kowalski,MULTI,yes,75226,bearing inspection,Line 1
2026-05-08,night,T3078,Dmitri Volkov,ARM-04,training,98092,safety audit,Line 4
2026-05-09,morning,T4663,Oluwaseun Adebayo,ARM-04,sick_leave,36145,safety audit,Training Room
2026-05-09,afternoon,T3389,Dmitri Volkov,ARM-03,no,73966,preventive maintenance,Line 3
2026-05-09,night,T2939,Nina Patel,ARM-04,training,13150,training session,Line 2
2026-05-10,morning,T8967,Chen Wei,MULTI,no,96406,shift handover,Line 3
2026-05-10,afternoon,T4282,Oluwaseun Adebayo,ARM-04,yes,47569,repair ticket #3203,Line 3
2026-05-10,night,T9548,Dmitri Volkov,ARM-05,yes,14636,conveyor belt check,Line 1
2026-05-11,morning,T9880,Lucas Ferreira,ARM-01,sick_leave,37699,bearing inspection,Line 1
2026-05-11,afternoon,T4319,Oluwaseun Adebayo,ARM-04,yes,25908,safety audit,Line 1
2026-05-11,night,T2335,Tobias Richt,MULTI,yes,74381,training session,Maintenance Bay
2026-05-12,morning,T6835,Chen Wei,ARM-04,yes,70391,shift handover,Line 3
2026-05-12,afternoon,T2383,Carlos Mendez,ARM-03,training,66710,bearing inspection,Line 3
2026-05-12,night,T2992,Yuki Tanaka,ARM-05,no,57341,safety audit,Line 3
2026-05-13,morning,T3269,Oluwaseun Adebayo,MULTI,sick_leave,70269,annual inspection,Training Room
2026-05-13,afternoon,T7646,Hana Nakamura,ARM-01,training,10393,conveyor belt check,Line 4
2026-05-13,night,T8997,Aisha Diallo,ARM-02,sick_leave,84954,training session,Line 4
2026-05-14,morning,T4190,Hana Nakamura,ARM-04,yes,49621,shift handover,Training Room
2026-05-14,afternoon,T8347,Yuki Tanaka,ARM-05,yes,30610,scheduled lubrication cycle,Line 1
2026-05-14,night,T2264,Dmitri Volkov,ARM-02,sick_leave,39370,training session,Line 2
2026-05-15,morning,T3207,Tobias Richt,ARM-03,training,70312,preventive maintenance,Line 3
2026-05-15,afternoon,T8259,Nina Patel,MULTI,yes,76329,safety audit,Line 4
2026-05-15,night,T6831,Nina Patel,ARM-01,no,16394,repair ticket #7765,Maintenance Bay
2026-05-16,morning,T5961,Hana Nakamura,ARM-05,training,87717,shift handover,Line 2
2026-05-16,afternoon,T2756,Hana Nakamura,ARM-02,yes,52350,scheduled lubrication cycle,Maintenance Bay
2026-05-16,night,T2403,Chen Wei,ARM-02,sick_leave,67746,shift handover,Training Room
2026-05-17,morning,T1052,Chen Wei,MULTI,yes,86243,conveyor belt check,Line 3
2026-05-17,afternoon,T5955,Carlos Mendez,ARM-02,sick_leave,35937,safety audit,Training Room
2026-05-17,night,T1058,Nina Patel,ARM-04,no,46863,sensor calibration,Training Room
2026-05-18,morning,T2436,Tobias Richt,ARM-05,training,14161,preventive maintenance,Line 4
2026-05-18,afternoon,T2257,Carlos Mendez,ARM-05,training,51977,training session,Line 2
2026-05-18,night,T3818,Maria Santos,MULTI,no,31634,sensor calibration,Line 3
2026-05-19,morning,T6341,Hana Nakamura,ARM-03,yes,99528,bearing inspection,Line 4
2026-05-19,afternoon,T8098,Aisha Diallo,ARM-03,sick_leave,50793,sensor calibration,Line 1
2026-05-19,night,T6751,Carlos Mendez,MULTI,no,62407,bearing inspection,Line 2
2026-05-20,morning,T6613,Yuki Tanaka,ARM-04,yes,44191,conveyor belt check,Training Room
2026-05-20,afternoon,T2210,Carlos Mendez,ARM-01,yes,56937,safety audit,Line 4
2026-05-20,night,T2379,Dmitri Volkov,ARM-03,yes,58646,safety audit,Maintenance Bay
2026-05-21,morning,T5187,Chen Wei,ARM-03,training,72582,repair ticket #2192,Line 4
2026-05-21,afternoon,T6543,Maria Santos,ARM-05,no,85176,preventive maintenance,Line 1
2026-05-21,night,T8323,Hana Nakamura,ARM-01,training,79688,annual inspection,Maintenance Bay
2026-05-22,morning,T4624,Dmitri Volkov,ARM-03,yes,24181,shift handover,Line 1
2026-05-22,afternoon,T2917,Fatima Al-Rashidi,ARM-05,sick_leave,85020,repair ticket #5954,Line 2
2026-05-22,night,T7626,Tobias Richt,ARM-01,training,10733,bearing inspection,Training Room
2026-05-23,morning,T4396,Oluwaseun Adebayo,ARM-04,yes,21442,repair ticket #1153,Training Room
2026-05-23,afternoon,T5814,Chen Wei,ARM-03,yes,70733,bearing inspection,Training Room
2026-05-23,night,T3890,Fatima Al-Rashidi,ARM-04,yes,77285,safety audit,Maintenance Bay
2026-05-24,morning,T9709,Priya Sharma,ARM-05,yes,64369,safety audit,Line 4
2026-05-24,afternoon,T9037,Priya Sharma,ARM-04,yes,44397,conveyor belt check,Line 1
2026-05-24,night,T6904,Carlos Mendez,ARM-05,yes,90859,repair ticket #8963,Line 1
2026-05-25,morning,T8861,Hana Nakamura,ARM-05,training,54669,scheduled lubrication cycle,Line 1
2026-05-25,afternoon,T8308,Tobias Richt,ARM-05,yes,13597,annual inspection,Training Room
2026-05-25,night,T7813,Aisha Diallo,ARM-01,yes,52690,shift handover,Line 1
2026-05-26,morning,T5121,Carlos Mendez,ARM-05,yes,75337,training session,Maintenance Bay
2026-05-26,afternoon,T1712,Maria Santos,MULTI,yes,84255,preventive maintenance,Line 3
2026-05-26,night,T7740,Priya Sharma,ARM-03,yes,13309,shift handover,Maintenance Bay
2026-05-27,morning,T5163,Tobias Richt,ARM-02,no,34092,sensor calibration,Line 3
2026-05-27,afternoon,T9385,Priya Sharma,ARM-04,sick_leave,99823,safety audit,Line 1
2026-05-27,night,T4184,Ethan Kowalski,MULTI,yes,39795,conveyor belt check,Line 4
2026-05-28,morning,T4523,Aisha Diallo,ARM-01,training,93754,conveyor belt check,Training Room
2026-05-28,afternoon,T5616,Nina Patel,MULTI,no,22552,conveyor belt check,Maintenance Bay
2026-05-28,night,T2660,Nina Patel,MULTI,no,50558,repair ticket #1732,Maintenance Bay
2026-05-29,morning,T7870,Oluwaseun Adebayo,ARM-02,yes,25118,training session,Line 1
2026-05-29,afternoon,T3174,Yuki Tanaka,ARM-04,yes,26523,annual inspection,Line 3
2026-05-29,night,T2040,Carlos Mendez,ARM-03,yes,43432,bearing inspection,Line 3
2026-05-30,morning,T4688,Priya Sharma,MULTI,yes,95019,preventive maintenance,Line 4
2026-05-30,afternoon,T5493,Dmitri Volkov,ARM-05,yes,62669,shift handover,Line 2
2026-05-30,night,T5596,Carlos Mendez,ARM-04,yes,25836,annual inspection,Line 2
2026-05-31,morning,T4492,Oluwaseun Adebayo,ARM-01,yes,59912,safety audit,Training Room
2026-05-31,afternoon,T7651,Ethan Kowalski,MULTI,training,64754,safety audit,Line 3
2026-05-31,night,T5464,Samuel Osei,ARM-02,yes,54475,safety audit,Training Room
2026-05-01,morning,T1090,Aisha Diallo,ARM-02,training,72081,training session,Maintenance Bay
2026-05-01,afternoon,T2586,Lucas Ferreira,ARM-01,yes,51481,sensor calibration,Training Room
2026-05-01,night,T7541,Tobias Richt,ARM-02,yes,95196,training session,Maintenance Bay
2026-05-02,morning,T7600,Nina Patel,ARM-03,training,79343,conveyor belt check,Line 1
2026-05-02,afternoon,T9587,Dmitri Volkov,ARM-01,yes,22248,bearing inspection,Line 2
2026-05-02,night,T6335,Oluwaseun Adebayo,ARM-03,training,91554,annual inspection,Line 1
2026-05-03,morning,T6212,Oluwaseun Adebayo,ARM-05,sick_leave,29541,shift handover,Line 4
2026-05-03,afternoon,T8424,Yuki Tanaka,ARM-01,training,14069,safety audit,Maintenance Bay
2026-05-03,night,T4184,Chen Wei,ARM-04,yes,17659,safety audit,Line 2
2026-05-04,morning,T6111,Nina Patel,ARM-05,yes,67288,preventive maintenance,Training Room
2026-05-04,afternoon,T4408,Aisha Diallo,ARM-01,yes,11587,safety audit,Maintenance Bay
2026-05-04,night,T3399,Dmitri Volkov,ARM-03,training,90610,safety audit,Line 1
2026-05-05,morning,T9447,Samuel Osei,ARM-04,yes,32081,preventive maintenance,Maintenance Bay
2026-05-05,afternoon,T9043,Carlos Mendez,ARM-04,yes,64963,bearing inspection,Maintenance Bay
2026-05-05,night,T2296,Chen Wei,ARM-01,no,69795,bearing inspection,Line 3
2026-05-06,morning,T2365,Dmitri Volkov,ARM-04,yes,22075,training session,Line 4
2026-05-06,afternoon,T8524,Ethan Kowalski,ARM-05,yes,28767,safety audit,Training Room
2026-05-06,night,T1784,Chen Wei,ARM-04,no,50801,safety audit,Line 3
2026-05-07,morning,T9103,Maria Santos,ARM-05,yes,38700,conveyor belt check,Line 2
2026-05-07,afternoon,T5242,Ethan Kowalski,MULTI,yes,51265,conveyor belt check,Line 2
2026-05-07,night,T3024,Dmitri Volkov,ARM-03,yes,81808,shift handover,Line 3
2026-05-08,morning,T2493,Dmitri Volkov,MULTI,yes,75355,annual inspection,Line 2
2026-05-08,afternoon,T8819,Ethan Kowalski,ARM-01,yes,45387,preventive maintenance,Line 3
2026-05-08,night,T2215,Chen Wei,MULTI,no,32200,conveyor belt check,Line 2
2026-05-09,morning,T6709,Nina Patel,ARM-05,yes,93403,training session,Training Room
2026-05-09,afternoon,T5733,Lucas Ferreira,ARM-02,sick_leave,19309,repair ticket #7881,Line 3
2026-05-09,night,T7839,Ethan Kowalski,ARM-01,sick_leave,75632,bearing inspection,Line 1
2026-05-10,morning,T6633,Dmitri Volkov,ARM-01,no,33308,scheduled lubrication cycle,Line 4
2026-05-10,afternoon,T5460,Aisha Diallo,ARM-03,training,40781,sensor calibration,Training Room
2026-05-10,night,T5186,Lucas Ferreira,MULTI,sick_leave,59809,scheduled lubrication cycle,Line 4
2026-05-11,morning,T6968,Aisha Diallo,MULTI,yes,61861,preventive maintenance,Line 3
2026-05-11,afternoon,T9916,Aisha Diallo,ARM-04,sick_leave,81778,annual inspection,Maintenance Bay
2026-05-11,night,T2766,Hana Nakamura,ARM-02,yes,95807,preventive maintenance,Training Room
2026-05-12,morning,T4575,Tobias Richt,ARM-04,sick_leave,22340,safety audit,Line 4
2026-05-12,afternoon,T5081,Priya Sharma,ARM-02,training,35896,training session,Line 1
2026-05-12,night,T1980,Lucas Ferreira,ARM-04,sick_leave,63029,conveyor belt check,Line 4
2026-05-13,morning,T1375,Nina Patel,ARM-01,yes,10635,repair ticket #1682,Training Room
2026-05-13,afternoon,T5385,Ethan Kowalski,ARM-04,yes,80700,scheduled lubrication cycle,Line 3
2026-05-13,night,T7369,Maria Santos,ARM-03,sick_leave,34118,bearing inspection,Line 2
2026-05-14,morning,T2637,Aisha Diallo,MULTI,training,92842,scheduled lubrication cycle,Line 2
2026-05-14,afternoon,T6302,Yuki Tanaka,MULTI,no,79009,annual inspection,Line 2
2026-05-14,night,T4815,Chen Wei,ARM-04,no,11880,bearing inspection,Line 4
2026-05-15,morning,T7589,Nina Patel,ARM-05,yes,49664,bearing inspection,Line 2
2026-05-15,afternoon,T8925,Maria Santos,ARM-02,yes,73472,repair ticket #3711,Line 1
2026-05-15,night,T8662,Priya Sharma,ARM-02,yes,36147,preventive maintenance,Training Room
2026-05-16,morning,T4380,Lucas Ferreira,ARM-03,yes,67288,shift handover,Line 4
2026-05-16,afternoon,T5706,Samuel Osei,ARM-05,no,55193,conveyor belt check,Maintenance Bay
2026-05-16,night,T3805,Hana Nakamura,ARM-05,yes,23353,shift handover,Line 2
2026-05-17,morning,T5056,Chen Wei,ARM-02,yes,16686,repair ticket #9747,Line 3
2026-05-17,afternoon,T1911,Priya Sharma,MULTI,sick_leave,88264,training session,Training Room
2026-05-17,night,T1879,Nina Patel,ARM-05,sick_leave,95955,safety audit,Maintenance Bay
2026-05-18,morning,T1332,Lucas Ferreira,ARM-03,training,71816,preventive maintenance,Training Room
2026-05-18,afternoon,T8699,Nina Patel,ARM-02,training,66754,shift handover,Line 1
2026-05-18,night,T4542,Priya Sharma,ARM-02,yes,57402,scheduled lubrication cycle,Training Room
2026-05-19,morning,T8766,Carlos Mendez,MULTI,training,63770,shift handover,Line 4
2026-05-19,afternoon,T8657,Oluwaseun Adebayo,ARM-04,no,86221,conveyor belt check,Maintenance Bay
2026-05-19,night,T3854,Tobias Richt,ARM-04,yes,24472,training session,Line 3
2026-05-20,morning,T5905,Tobias Richt,ARM-02,yes,83555,annual inspection,Maintenance Bay
2026-05-20,afternoon,T1216,Ethan Kowalski,MULTI,training,84310,annual inspection,Training Room
2026-05-20,night,T9211,Nina Patel,ARM-01,training,24561,training session,Line 1
2026-05-21,morning,T3973,Hana Nakamura,ARM-03,no,60240,safety audit,Line 3
2026-05-21,afternoon,T8320,Priya Sharma,MULTI,yes,98198,conveyor belt check,Training Room
2026-05-21,night,T9948,Hana Nakamura,ARM-01,yes,49220,annual inspection,Training Room
2026-05-22,morning,T1957,Carlos Mendez,ARM-04,yes,63150,shift handover,Training Room
2026-05-22,afternoon,T1609,Dmitri Volkov,ARM-05,yes,79202,annual inspection,Maintenance Bay
2026-05-22,night,T2748,Priya Sharma,ARM-02,no,37125,training session,Line 1
2026-05-23,morning,T3399,Chen Wei,MULTI,yes,47725,shift handover,Training Room
2026-05-23,afternoon,T4384,Ethan Kowalski,ARM-05,no,72946,shift handover,Maintenance Bay
2026-05-23,night,T7621,Fatima Al-Rashidi,ARM-01,yes,87365,shift handover,Line 4
2026-05-24,morning,T5375,Priya Sharma,ARM-02,training,24254,conveyor belt check,Maintenance Bay
2026-05-24,afternoon,T7889,Aisha Diallo,MULTI,sick_leave,21185,safety audit,Line 2
2026-05-24,night,T8807,Maria Santos,ARM-04,training,16044,preventive maintenance,Line 2
2026-05-25,morning,T2647,Hana Nakamura,ARM-04,no,16261,shift handover,Maintenance Bay
2026-05-25,afternoon,T3001,Dmitri Volkov,MULTI,training,15145,shift handover,Line 1
2026-05-25,night,T1844,Priya Sharma,ARM-02,sick_leave,67131,preventive maintenance,Line 2
2026-05-26,morning,T4692,Chen Wei,MULTI,sick_leave,90076,sensor calibration,Line 1
2026-05-26,afternoon,T2538,Aisha Diallo,ARM-05,no,86060,preventive maintenance,Line 2
2026-05-26,night,T4141,Lucas Ferreira,ARM-04,yes,17122,preventive maintenance,Maintenance Bay
2026-05-27,morning,T3026,Aisha Diallo,ARM-03,no,81324,repair ticket #7661,Training Room
2026-05-27,afternoon,T8160,Dmitri Volkov,ARM-02,yes,53262,safety audit,Line 3
2026-05-27,night,T3496,Samuel Osei,ARM-04,training,91478,bearing inspection,Line 3
2026-05-28,morning,T2886,Nina Patel,ARM-03,yes,73850,annual inspection,Maintenance Bay
2026-05-28,afternoon,T2905,Hana Nakamura,ARM-04,yes,60116,conveyor belt check,Line 2
2026-05-28,night,T5859,Samuel Osei,ARM-04,sick_leave,91020,sensor calibration,Line 4
2026-05-29,morning,T8958,Dmitri Volkov,ARM-04,sick_leave,29826,safety audit,Training Room
2026-05-29,afternoon,T1751,Hana Nakamura,ARM-01,yes,32817,scheduled lubrication cycle,Line 3
2026-05-29,night,T1208,Aisha Diallo,ARM-01,yes,46168,preventive maintenance,Line 2
2026-05-30,morning,T3817,Oluwaseun Adebayo,ARM-02,no,20285,conveyor belt check,Maintenance Bay
2026-05-30,afternoon,T5148,Tobias Richt,ARM-02,yes,69703,repair ticket #7349,Line 2
2026-05-30,night,T1148,Samuel Osei,ARM-05,yes,85092,repair ticket #6426,Line 3
2026-05-31,morning,T5204,Hana Nakamura,ARM-05,training,87891,shift handover,Training Room
2026-05-31,afternoon,T5369,Yuki Tanaka,ARM-04,sick_leave,83374,scheduled lubrication cycle,Maintenance Bay
2026-05-31,night,T7317,Hana Nakamura,ARM-03,yes,69693,repair ticket #4721,Line 3
2026-05-01,morning,T2526,Priya Sharma,ARM-03,sick_leave,57733,sensor calibration,Line 2
2026-05-01,afternoon,T4852,Tobias Richt,ARM-01,sick_leave,62846,shift handover,Line 2
2026-05-01,night,T9873,Maria Santos,ARM-03,training,86003,repair ticket #2222,Line 2
2026-05-02,morning,T1005,Nina Patel,ARM-05,yes,16193,scheduled lubrication cycle,Line 4
2026-05-02,afternoon,T3382,Hana Nakamura,ARM-05,sick_leave,65004,training session,Line 3
2026-05-02,night,T1035,Samuel Osei,ARM-02,yes,21244,shift handover,Line 3
2026-05-03,morning,T6357,Samuel Osei,MULTI,training,90933,training session,Line 3
2026-05-03,afternoon,T5970,Oluwaseun Adebayo,ARM-02,sick_leave,88549,bearing inspection,Maintenance Bay
2026-05-03,night,T2642,Oluwaseun Adebayo,ARM-05,yes,13515,bearing inspection,Line 3
2026-05-04,morning,T7185,Priya Sharma,ARM-01,yes,23846,conveyor belt check,Line 3
2026-05-04,afternoon,T9640,Maria Santos,ARM-03,training,39260,sensor calibration,Line 3
2026-05-04,night,T2980,Nina Patel,ARM-05,yes,81647,annual inspection,Line 2
2026-05-05,morning,T9034,Nina Patel,ARM-04,sick_leave,77867,shift handover,Line 1
2026-05-05,afternoon,T1968,Tobias Richt,ARM-03,sick_leave,43959,bearing inspection,Maintenance Bay
2026-05-05,night,T2886,Maria Santos,MULTI,yes,18521,bearing inspection,Maintenance Bay
2026-05-06,morning,T3212,Dmitri Volkov,MULTI,yes,36330,shift handover,Line 2
2026-05-06,afternoon,T7754,Yuki Tanaka,ARM-01,sick_leave,65881,repair ticket #4000,Line 4
2026-05-06,night,T3204,Maria Santos,MULTI,training,41472,training session,Training Room
2026-05-07,morning,T8472,Tobias Richt,ARM-02,training,52346,repair ticket #2276,Line 1
2026-05-07,afternoon,T1610,Maria Santos,ARM-02,no,32936,repair ticket #3046,Line 2
2026-05-07,night,T6669,Ethan Kowalski,ARM-01,no,67185,repair ticket #9190,Line 2
2026-05-08,morning,T2761,Carlos Mendez,ARM-05,yes,22525,sensor calibration,Training Room
2026-05-08,afternoon,T8977,Lucas Ferreira,ARM-01,yes,29317,conveyor belt check,Line 3
2026-05-08,night,T1044,Ethan Kowalski,ARM-01,training,55787,scheduled lubrication cycle,Line 3
2026-05-09,morning,T4343,Dmitri Volkov,ARM-05,no,69360,preventive maintenance,Line 1
2026-05-09,afternoon,T3488,Oluwaseun Adebayo,ARM-05,training,81003,bearing inspection,Line 4
2026-05-09,night,T7060,Fatima Al-Rashidi,ARM-05,sick_leave,29849,bearing inspection,Maintenance Bay
2026-05-10,morning,T8574,Dmitri Volkov,ARM-04,training,42657,bearing inspection,Line 4
2026-05-10,afternoon,T6238,Chen Wei,ARM-03,yes,25628,preventive maintenance,Line 3
2026-05-10,night,T2678,Tobias Richt,ARM-04,yes,91919,safety audit,Training Room
2026-05-11,morning,T8370,Maria Santos,ARM-01,training,13745,safety audit,Line 3
2026-05-11,afternoon,T6008,Tobias Richt,MULTI,training,91557,safety audit,Training Room
2026-05-11,night,T4378,Priya Sharma,ARM-03,training,24005,shift handover,Maintenance Bay
2026-05-12,morning,T7114,Aisha Diallo,ARM-01,yes,39924,shift handover,Line 1
2026-05-12,afternoon,T2514,Maria Santos,ARM-01,yes,65942,annual inspection,Line 3
2026-05-12,night,T9184,Tobias Richt,ARM-05,yes,96239,training session,Line 3
2026-05-13,morning,T3098,Ethan Kowalski,MULTI,yes,86515,repair ticket #6723,Maintenance Bay
2026-05-13,afternoon,T3887,Aisha Diallo,ARM-02,sick_leave,91439,conveyor belt check,Line 1
2026-05-13,night,T5732,Aisha Diallo,ARM-04,yes,39364,annual inspection,Training Room
2026-05-14,morning,T5540,Ethan Kowalski,ARM-02,training,15684,shift handover,Line 2
2026-05-14,afternoon,T3771,Maria Santos,ARM-02,yes,72946,sensor calibration,Line 1
2026-05-14,night,T7771,Aisha Diallo,ARM-03,yes,17593,safety audit,Line 2
2026-05-15,morning,T6498,Ethan Kowalski,MULTI,yes,88578,scheduled lubrication cycle,Line 4
2026-05-15,afternoon,T6677,Maria Santos,MULTI,yes,92361,scheduled lubrication cycle,Line 3
2026-05-15,night,T3072,Lucas Ferreira,MULTI,yes,28023,repair ticket #5263,Line 4
2026-05-16,morning,T3458,Maria Santos,ARM-03,no,30493,annual inspection,Maintenance Bay
2026-05-16,afternoon,T5127,Aisha Diallo,ARM-02,no,99331,safety audit,Line 2
2026-05-16,night,T1110,Yuki Tanaka,ARM-04,training,61200,training session,Line 3
2026-05-17,morning,T2513,Yuki Tanaka,ARM-02,sick_leave,24222,sensor calibration,Line 1
2026-05-17,afternoon,T7408,Chen Wei,ARM-03,yes,48634,annual inspection,Line 3
2026-05-17,night,T8987,Yuki Tanaka,ARM-04,sick_leave,75904,training session,Line 2
2026-05-18,morning,T5589,Samuel Osei,ARM-05,yes,54787,repair ticket #5819,Line 2
2026-05-18,afternoon,T1970,Dmitri Volkov,ARM-05,yes,71664,shift handover,Maintenance Bay
2026-05-18,night,T7297,Chen Wei,ARM-05,training,85393,sensor calibration,Maintenance Bay
2026-05-19,morning,T1762,Maria Santos,MULTI,sick_leave,33583,annual inspection,Training Room
2026-05-19,afternoon,T7162,Aisha Diallo,ARM-04,yes,43855,scheduled lubrication cycle,Line 2
2026-05-19,night,T3277,Lucas Ferreira,ARM-05,yes,15639,repair ticket #1425,Line 4
2026-05-20,morning,T7800,Tobias Richt,ARM-01,sick_leave,59743,annual inspection,Maintenance Bay
2026-05-20,afternoon,T5427,Aisha Diallo,ARM-03,training,99961,scheduled lubrication cycle,Line 2
2026-05-20,night,T4630,Ethan Kowalski,MULTI,yes,82786,annual inspection,Line 4
2026-05-21,morning,T2411,Oluwaseun Adebayo,ARM-02,yes,86490,preventive maintenance,Training Room
2026-05-21,afternoon,T9552,Oluwaseun Adebayo,ARM-03,yes,60468,sensor calibration,Training Room
2026-05-21,night,T6603,Aisha Diallo,MULTI,yes,62908,annual inspection,Line 1
2026-05-22,morning,T2718,Chen Wei,ARM-01,training,68091,bearing inspection,Line 3
2026-05-22,afternoon,T4325,Lucas Ferreira,MULTI,sick_leave,49005,annual inspection,Maintenance Bay
2026-05-22,night,T9586,Tobias Richt,ARM-02,training,84749,safety audit,Training Room
2026-05-23,morning,T7443,Yuki Tanaka,ARM-05,yes,28938,shift handover,Maintenance Bay
2026-05-23,afternoon,T4349,Carlos Mendez,ARM-03,no,79000,repair ticket #5988,Maintenance Bay
2026-05-23,night,T8421,Dmitri Volkov,ARM-04,yes,34477,annual inspection,Line 2
2026-05-24,morning,T4348,Carlos Mendez,ARM-04,sick_leave,98357,shift handover,Line 4
2026-05-24,afternoon,T6631,Yuki Tanaka,ARM-02,yes,11500,annual inspection,Line 2
2026-05-24,night,T9587,Oluwaseun Adebayo,ARM-01,yes,17935,conveyor belt check,Training Room
2026-05-25,morning,T4235,Ethan Kowalski,MULTI,sick_leave,61257,preventive maintenance,Line 3
2026-05-25,afternoon,T9767,Lucas Ferreira,ARM-03,yes,50732,preventive maintenance,Line 3
2026-05-25,night,T2563,Chen Wei,ARM-03,yes,52277,safety audit,Training Room
2026-05-26,morning,T5920,Dmitri Volkov,ARM-01,sick_leave,93871,shift handover,Training Room
2026-05-26,afternoon,T6329,Tobias Richt,ARM-03,training,38609,conveyor belt check,Training Room
2026-05-26,night,T8941,Ethan Kowalski,ARM-05,yes,93254,preventive maintenance,Training Room
2026-05-27,morning,T7787,Chen Wei,ARM-01,training,46774,annual inspection,Line 2
2026-05-27,afternoon,T6954,Maria Santos,ARM-05,yes,62634,repair ticket #7384,Training Room
2026-05-27,night,T2776,Fatima Al-Rashidi,ARM-04,yes,53723,shift handover,Line 2
2026-05-28,morning,T7021,Lucas Ferreira,ARM-03,sick_leave,26130,bearing inspection,Line 1
2026-05-28,afternoon,T4737,Chen Wei,ARM-02,sick_leave,30246,conveyor belt check,Line 4
2026-05-28,night,T5580,Oluwaseun Adebayo,ARM-02,no,47382,preventive maintenance,Line 2
2026-05-29,morning,T3534,Dmitri Volkov,ARM-02,yes,76582,shift handover,Line 1
2026-05-29,afternoon,T3183,Ethan Kowalski,ARM-05,yes,52874,training session,Line 3
2026-05-29,night,T7973,Lucas Ferreira,ARM-04,yes,96538,annual inspection,Line 3
2026-05-30,morning,T3648,Samuel Osei,ARM-03,yes,25211,conveyor belt check,Line 3
2026-05-30,afternoon,T3969,Priya Sharma,ARM-01,no,13038,safety audit,Line 2
2026-05-30,night,T1109,Chen Wei,ARM-01,yes,32756,shift handover,Line 1
2026-05-31,morning,T5210,Fatima Al-Rashidi,ARM-03,yes,33927,conveyor belt check,Line 3
2026-05-31,afternoon,T9895,Priya Sharma,ARM-03,yes,84448,shift handover,Line 2
2026-05-31,night,T3159,Fatima Al-Rashidi,ARM-03,training,49873,scheduled lubrication cycle,Line 2
2026-05-01,morning,T7657,Fatima Al-Rashidi,MULTI,yes,64697,repair ticket #4831,Line 1
2026-05-01,afternoon,T5542,Priya Sharma,ARM-03,yes,99929,training session,Maintenance Bay
2026-05-01,night,T3569,Dmitri Volkov,MULTI,sick_leave,94576,safety audit,Line 2
2026-05-02,morning,T1926,Yuki Tanaka,ARM-01,sick_leave,78203,safety audit,Line 4
2026-05-02,afternoon,T4211,Lucas Ferreira,ARM-01,yes,10700,shift handover,Training Room
2026-05-02,night,T7908,Maria Santos,ARM-05,sick_leave,60586,annual inspection,Line 4
2026-05-03,morning,T1823,Chen Wei,ARM-02,yes,71308,annual inspection,Line 1
2026-05-03,afternoon,T7054,Dmitri Volkov,ARM-01,no,35051,shift handover,Line 1
2026-05-03,night,T3844,Samuel Osei,ARM-05,yes,35935,safety audit,Line 3
2026-05-04,morning,T9779,Ethan Kowalski,MULTI,no,54091,training session,Maintenance Bay
2026-05-04,afternoon,T1724,Priya Sharma,ARM-03,yes,52750,repair ticket #2995,Line 2
2026-05-04,night,T6514,Maria Santos,ARM-02,yes,32900,scheduled lubrication cycle,Maintenance Bay
2026-05-05,morning,T9633,Fatima Al-Rashidi,ARM-02,yes,58234,safety audit,Line 4
2026-05-05,afternoon,T8572,Oluwaseun Adebayo,ARM-04,yes,25281,shift handover,Line 4
2026-05-05,night,T8315,Maria Santos,ARM-02,yes,12919,sensor calibration,Training Room
2026-05-06,morning,T9223,Ethan Kowalski,ARM-05,training,60462,repair ticket #8494,Line 1
2026-05-06,afternoon,T6271,Nina Patel,ARM-02,yes,29608,training session,Training Room
2026-05-06,night,T2659,Samuel Osei,ARM-05,yes,97168,sensor calibration,Line 3
2026-05-07,morning,T8128,Lucas Ferreira,ARM-01,no,14515,bearing inspection,Line 4
2026-05-07,afternoon,T9214,Lucas Ferreira,ARM-01,yes,22282,scheduled lubrication cycle,Line 2
2026-05-07,night,T8101,Aisha Diallo,ARM-01,sick_leave,31780,preventive maintenance,Maintenance Bay
2026-05-08,morning,T1718,Maria Santos,ARM-05,no,94017,conveyor belt check,Line 1
2026-05-08,afternoon,T4916,Fatima Al-Rashidi,ARM-01,training,81621,preventive maintenance,Training Room
2026-05-08,night,T3664,Samuel Osei,ARM-05,yes,10622,bearing inspection,Maintenance Bay
2026-05-09,morning,T9786,Nina Patel,ARM-05,training,13263,conveyor belt check,Line 4
2026-05-09,afternoon,T4456,Priya Sharma,ARM-01,training,98127,sensor calibration,Line 1
2026-05-09,night,T7343,Samuel Osei,ARM-05,yes,38755,conveyor belt check,Line 4
2026-05-10,morning,T7782,Nina Patel,ARM-05,yes,66021,sensor calibration,Line 4
2026-05-10,afternoon,T1256,Oluwaseun Adebayo,ARM-02,yes,19502,conveyor belt check,Line 1
2026-05-10,night,T1029,Dmitri Volkov,ARM-01,no,84378,sensor calibration,Training Room
2026-05-11,morning,T2631,Hana Nakamura,ARM-03,no,96977,safety audit,Training Room
2026-05-11,afternoon,T2890,Dmitri Volkov,ARM-01,yes,81629,shift handover,Line 3
2026-05-11,night,T3003,Tobias Richt,ARM-03,sick_leave,98823,safety audit,Training Room
2026-05-12,morning,T7888,Dmitri Volkov,ARM-01,yes,62043,scheduled lubrication cycle,Maintenance Bay
2026-05-12,afternoon,T6325,Chen Wei,ARM-01,training,55990,sensor calibration,Line 3
2026-05-12,night,T9859,Dmitri Volkov,ARM-01,yes,10099,conveyor belt check,Line 1
2026-05-13,morning,T1887,Aisha Diallo,ARM-02,training,19810,repair ticket #6433,Line 4
2026-05-13,afternoon,T4927,Samuel Osei,ARM-01,yes,24520,safety audit,Training Room
2026-05-13,night,T5634,Hana Nakamura,MULTI,training,71968,annual inspection,Line 3
2026-05-14,morning,T1846,Yuki Tanaka,MULTI,yes,10519,safety audit,Line 3
2026-05-14,afternoon,T3133,Samuel Osei,ARM-02,no,71153,preventive maintenance,Line 3
2026-05-14,night,T5542,Fatima Al-Rashidi,ARM-03,yes,61171,conveyor belt check,Training Room
2026-05-15,morning,T7998,Ethan Kowalski,ARM-02,yes,72153,bearing inspection,Maintenance Bay
2026-05-15,afternoon,T3923,Carlos Mendez,ARM-04,yes,24912,safety audit,Line 3
2026-05-15,night,T7821,Lucas Ferreira,ARM-02,yes,64174,repair ticket #5351,Line 1
2026-05-16,morning,T6332,Maria Santos,ARM-04,sick_leave,57859,scheduled lubrication cycle,Line 2
2026-05-16,afternoon,T2910,Ethan Kowalski,ARM-04,yes,15332,shift handover,Line 1
2026-05-16,night,T1707,Samuel Osei,MULTI,sick_leave,48840,sensor calibration,Training Room
2026-05-17,morning,T5309,Lucas Ferreira,ARM-01,yes,66126,shift handover,Line 4
2026-05-17,afternoon,T1036,Hana Nakamura,ARM-04,sick_leave,23118,repair ticket #9448,Line 1
2026-05-17,night,T3835,Lucas Ferreira,ARM-04,yes,88854,bearing inspection,Maintenance Bay
2026-05-18,morning,T4171,Samuel Osei,ARM-04,yes,22760,shift handover,Training Room
2026-05-18,afternoon,T8610,Nina Patel,ARM-02,yes,21241,annual inspection,Maintenance Bay
2026-05-18,night,T1521,Ethan Kowalski,ARM-02,yes,77363,bearing inspection,Line 3
2026-05-19,morning,T3979,Nina Patel,MULTI,yes,80905,annual inspection,Line 1
2026-05-19,afternoon,T5155,Tobias Richt,ARM-01,yes,99649,shift handover,Maintenance Bay
2026-05-19,night,T3150,Dmitri Volkov,ARM-03,sick_leave,17576,training session,Training Room
2026-05-20,morning,T2654,Fatima Al-Rashidi,ARM-02,yes,27143,annual inspection,Maintenance Bay
2026-05-20,afternoon,T8667,Maria Santos,ARM-05,no,93109,safety audit,Training Room
2026-05-20,night,T1913,Tobias Richt,ARM-03,no,44057,conveyor belt check,Line 4
2026-05-21,morning,T7318,Chen Wei,ARM-02,yes,21446,bearing inspection,Line 3
2026-05-21,afternoon,T8449,Dmitri Volkov,ARM-03,yes,23476,sensor calibration,Line 3
2026-05-21,night,T8706,Fatima Al-Rashidi,ARM-02,yes,64888,repair ticket #5249,Maintenance Bay
2026-05-22,morning,T7961,Maria Santos,ARM-04,yes,96141,repair ticket #7723,Line 4
2026-05-22,afternoon,T6067,Lucas Ferreira,ARM-02,yes,70176,safety audit,Maintenance Bay
2026-05-22,night,T9337,Oluwaseun Adebayo,ARM-05,sick_leave,43412,safety audit,Maintenance Bay
2026-05-23,morning,T1239,Hana Nakamura,ARM-02,sick_leave,21952,safety audit,Line 1
2026-05-23,afternoon,T2558,Fatima Al-Rashidi,ARM-02,yes,56206,shift handover,Training Room
2026-05-23,night,T4879,Priya Sharma,ARM-01,yes,25326,preventive maintenance,Line 4
2026-05-24,morning,T6697,Aisha Diallo,ARM-02,yes,28843,preventive maintenance,Line 3
2026-05-24,afternoon,T9175,Oluwaseun Adebayo,ARM-03,no,35310,sensor calibration,Line 1
2026-05-24,night,T7807,Yuki Tanaka,MULTI,sick_leave,32216,scheduled lubrication cycle,Line 3
2026-05-25,morning,T8048,Ethan Kowalski,ARM-02,sick_leave,94072,annual inspection,Line 3
2026-05-25,afternoon,T5526,Tobias Richt,ARM-02,yes,58576,scheduled lubrication cycle,Line 1
2026-05-25,night,T5838,Ethan Kowalski,ARM-05,sick_leave,18414,bearing inspection,Line 1
2026-05-26,morning,T1508,Dmitri Volkov,ARM-01,sick_leave,98807,shift handover,Maintenance Bay
2026-05-26,afternoon,T7501,Priya Sharma,ARM-02,yes,77529,scheduled lubrication cycle,Line 4
2026-05-26,night,T2787,Samuel Osei,ARM-03,training,20715,safety audit,Line 3
2026-05-27,morning,T6593,Oluwaseun Adebayo,ARM-02,sick_leave,65091,shift handover,Line 3
2026-05-27,afternoon,T2316,Carlos Mendez,ARM-03,yes,77153,sensor calibration,Training Room
2026-05-27,night,T7579,Nina Patel,ARM-03,yes,98328,bearing inspection,Line 2
2026-05-28,morning,T5191,Carlos Mendez,ARM-01,yes,41659,safety audit,Line 3
2026-05-28,afternoon,T5878,Tobias Richt,ARM-02,yes,15958,repair ticket #9259,Line 1
2026-05-28,night,T3174,Dmitri Volkov,ARM-03,no,65793,bearing inspection,Maintenance Bay
2026-05-29,morning,T8529,Fatima Al-Rashidi,ARM-03,training,10363,repair ticket #1262,Maintenance Bay
2026-05-29,afternoon,T8008,Tobias Richt,MULTI,no,74041,training session,Line 2
2026-05-29,night,T9803,Yuki Tanaka,ARM-05,training,40378,scheduled lubrication cycle,Training Room
2026-05-30,morning,T4619,Carlos Mendez,MULTI,yes,28510,scheduled lubrication cycle,Line 2
2026-05-30,afternoon,T7835,Dmitri Volkov,ARM-05,yes,69065,shift handover,Training Room
2026-05-30,night,T3165,Ethan Kowalski,ARM-01,training,72529,annual inspection,Line 2
2026-05-31,morning,T7942,Dmitri Volkov,ARM-04,training,16542,scheduled lubrication cycle,Line 4
2026-05-31,afternoon,T9962,Fatima Al-Rashidi,ARM-01,training,35012,preventive maintenance,Maintenance Bay
2026-05-31,night,T5073,Yuki Tanaka,ARM-05,yes,64090,conveyor belt check,Line 4
2026-05-01,morning,T7773,Nina Patel,ARM-02,yes,93263,safety audit,Line 4
2026-05-01,afternoon,T2193,Nina Patel,MULTI,no,13541,sensor calibration,Line 3
2026-05-01,night,T4470,Yuki Tanaka,ARM-04,no,37008,shift handover,Line 1
2026-05-02,morning,T2509,Fatima Al-Rashidi,ARM-02,yes,58336,preventive maintenance,Line 1
2026-05-02,afternoon,T8239,Yuki Tanaka,ARM-01,yes,35046,scheduled lubrication cycle,Line 4
2026-05-02,night,T4818,Lucas Ferreira,MULTI,yes,55877,training session,Maintenance Bay
2026-05-03,morning,T5088,Yuki Tanaka,ARM-02,training,94877,repair ticket #4629,Line 1
2026-05-03,afternoon,T8270,Nina Patel,ARM-04,training,84609,shift handover,Training Room
2026-05-03,night,T4370,Dmitri Volkov,ARM-04,yes,86273,scheduled lubrication cycle,Line 2
2026-05-04,morning,T8442,Tobias Richt,ARM-02,no,84490,sensor calibration,Line 2
2026-05-04,afternoon,T2419,Tobias Richt,ARM-04,training,70402,preventive maintenance,Line 3
2026-05-04,night,T8444,Aisha Diallo,MULTI,yes,66713,shift handover,Maintenance Bay
2026-05-05,morning,T7982,Tobias Richt,ARM-03,sick_leave,52056,annual inspection,Maintenance Bay
2026-05-05,afternoon,T4979,Tobias Richt,ARM-03,yes,19891,sensor calibration,Line 2
2026-05-05,night,T4422,Carlos Mendez,ARM-01,yes,71730,shift handover,Line 3
2026-05-06,morning,T8144,Lucas Ferreira,ARM-03,sick_leave,71285,annual inspection,Line 2
2026-05-06,afternoon,T7678,Hana Nakamura,MULTI,sick_leave,72501,bearing inspection,Line 3
2026-05-06,night,T3221,Chen Wei,MULTI,no,48233,shift handover,Maintenance Bay
2026-05-07,morning,T6454,Nina Patel,ARM-04,no,13622,shift handover,Line 1
2026-05-07,afternoon,T8227,Lucas Ferreira,ARM-03,training,30061,repair ticket #3425,Maintenance Bay
2026-05-07,night,T8811,Priya Sharma,ARM-05,sick_leave,79812,scheduled lubrication cycle,Training Room
2026-05-08,morning,T2723,Carlos Mendez,ARM-05,yes,55802,training session,Line 3
2026-05-08,afternoon,T2336,Oluwaseun Adebayo,ARM-04,no,41074,shift handover,Line 3
2026-05-08,night,T1208,Hana Nakamura,ARM-05,training,35621,repair ticket #6901,Training Room
2026-05-09,morning,T5751,Aisha Diallo,ARM-03,yes,25755,annual inspection,Training Room
2026-05-09,afternoon,T7397,Ethan Kowalski,ARM-04,no,56291,safety audit,Line 3
2026-05-09,night,T5628,Lucas Ferreira,ARM-04,no,81741,preventive maintenance,Line 1
2026-05-10,morning,T8556,Dmitri Volkov,MULTI,yes,44622,sensor calibration,Maintenance Bay
2026-05-10,afternoon,T4191,Tobias Richt,ARM-01,training,47475,shift handover,Line 3
2026-05-10,night,T5967,Aisha Diallo,ARM-02,yes,98415,sensor calibration,Line 2
2026-05-11,morning,T5442,Nina Patel,ARM-03,yes,18435,bearing inspection,Maintenance Bay
2026-05-11,afternoon,T3024,Aisha Diallo,ARM-01,no,49874,safety audit,Line 3
2026-05-11,night,T7205,Lucas Ferreira,MULTI,no,88981,training session,Line 1
2026-05-12,morning,T2396,Ethan Kowalski,MULTI,sick_leave,55114,sensor calibration,Line 1
2026-05-12,afternoon,T7747,Tobias Richt,ARM-01,yes,35362,training session,Maintenance Bay
2026-05-12,night,T6389,Dmitri Volkov,MULTI,sick_leave,53812,repair ticket #2865,Line 2
2026-05-13,morning,T2785,Maria Santos,ARM-05,yes,99434,training session,Line 2
2026-05-13,afternoon,T9797,Chen Wei,ARM-01,sick_leave,37215,training session,Line 4
2026-05-13,night,T2865,Carlos Mendez,ARM-03,no,90036,preventive maintenance,Line 1
2026-05-14,morning,T5652,Carlos Mendez,ARM-02,sick_leave,37897,safety audit,Training Room
2026-05-14,afternoon,T4201,Lucas Ferreira,ARM-01,yes,88525,annual inspection,Training Room
2026-05-14,night,T3895,Carlos Mendez,ARM-03,sick_leave,89724,bearing inspection,Line 4
2026-05-15,morning,T4099,Lucas Ferreira,ARM-04,sick_leave,67094,scheduled lubrication cycle,Line 2
2026-05-15,afternoon,T7288,Samuel Osei,MULTI,sick_leave,79438,safety audit,Line 2
2026-05-15,night,T5442,Priya Sharma,ARM-03,yes,32574,shift handover,Line 4
2026-05-16,morning,T6245,Samuel Osei,MULTI,training,45194,bearing inspection,Line 3
2026-05-16,afternoon,T6743,Priya Sharma,ARM-02,sick_leave,95379,scheduled lubrication cycle,Training Room
2026-05-16,night,T9497,Lucas Ferreira,ARM-04,training,21383,annual inspection,Line 3
2026-05-17,morning,T5198,Nina Patel,MULTI,yes,34931,safety audit,Line 1
2026-05-17,afternoon,T9090,Tobias Richt,ARM-04,no,29609,repair ticket #1248,Line 1
2026-05-17,night,T4427,Tobias Richt,ARM-02,no,20137,training session,Maintenance Bay
2026-05-18,morning,T9577,Lucas Ferreira,ARM-04,training,29169,scheduled lubrication cycle,Maintenance Bay
2026-05-18,afternoon,T5885,Samuel Osei,ARM-04,training,18113,scheduled lubrication cycle,Line 4
2026-05-18,night,T2178,Priya Sharma,ARM-01,sick_leave,19227,training session,Maintenance Bay
2026-05-19,morning,T3461,Maria Santos,ARM-02,training,89970,training session,Training Room
2026-05-19,afternoon,T1390,Oluwaseun Adebayo,ARM-01,yes,11177,conveyor belt check,Training Room
2026-05-19,night,T8770,Dmitri Volkov,ARM-01,sick_leave,81340,safety audit,Line 4
2026-05-20,morning,T6179,Tobias Richt,ARM-04,no,99967,repair ticket #7007,Line 2
2026-05-20,afternoon,T9549,Chen Wei,ARM-04,no,89930,scheduled lubrication cycle,Training Room
2026-05-20,night,T7991,Maria Santos,ARM-03,yes,47177,training session,Maintenance Bay
2026-05-21,morning,T5962,Oluwaseun Adebayo,ARM-01,yes,20511,conveyor belt check,Line 1
2026-05-21,afternoon,T6566,Fatima Al-Rashidi,ARM-03,training,28542,bearing inspection,Line 2
2026-05-21,night,T8671,Samuel Osei,ARM-04,sick_leave,44619,annual inspection,Maintenance Bay
2026-05-22,morning,T9570,Maria Santos,MULTI,yes,41120,conveyor belt check,Line 1
2026-05-22,afternoon,T5727,Yuki Tanaka,ARM-04,training,28393,scheduled lubrication cycle,Line 1
2026-05-22,night,T1209,Tobias Richt,ARM-01,no,83656,scheduled lubrication cycle,Line 1
2026-05-23,morning,T4993,Ethan Kowalski,MULTI,training,76786,repair ticket #8095,Training Room
2026-05-23,afternoon,T2621,Oluwaseun Adebayo,MULTI,training,77420,training session,Line 4
2026-05-23,night,T2761,Dmitri Volkov,ARM-02,training,18121,sensor calibration,Line 4
2026-05-24,morning,T8048,Aisha Diallo,ARM-01,training,85418,annual inspection,Line 3
2026-05-24,afternoon,T2582,Tobias Richt,ARM-01,training,12806,scheduled lubrication cycle,Training Room
2026-05-24,night,T4797,Carlos Mendez,ARM-03,no,86986,bearing inspection,Line 2
2026-05-25,morning,T5771,Ethan Kowalski,ARM-05,yes,92303,repair ticket #1520,Line 3
2026-05-25,afternoon,T6263,Nina Patel,ARM-04,no,65707,safety audit,Maintenance Bay
2026-05-25,night,T4433,Nina Patel,MULTI,training,42122,annual inspection,Training Room
2026-05-26,morning,T9524,Yuki Tanaka,ARM-04,sick_leave,42170,shift handover,Line 1
2026-05-26,afternoon,T9655,Tobias Richt,ARM-04,training,16010,safety audit,Maintenance Bay
2026-05-26,night,T1707,Tobias Richt,ARM-05,yes,46257,shift handover,Line 1
2026-05-27,morning,T2485,Carlos Mendez,ARM-02,training,95918,safety audit,Training Room
2026-05-27,afternoon,T2181,Ethan Kowalski,ARM-05,training,27726,repair ticket #6123,Maintenance Bay
2026-05-27,night,T2969,Fatima Al-Rashidi,ARM-01,sick_leave,81842,shift handover,Line 2
2026-05-28,morning,T3973,Ethan Kowalski,ARM-04,no,46425,sensor calibration,Line 4
2026-05-28,afternoon,T1152,Nina Patel,MULTI,yes,74510,shift handover,Line 3
2026-05-28,night,T7260,Maria Santos,ARM-04,sick_leave,90070,bearing inspection,Line 3
2026-05-29,morning,T4088,Priya Sharma,ARM-01,yes,80055,annual inspection,Line 3
2026-05-29,afternoon,T3148,Hana Nakamura,ARM-04,no,74327,annual inspection,Line 4
2026-05-29,night,T4975,Yuki Tanaka,MULTI,training,57222,repair ticket #1900,Line 2
2026-05-30,morning,T3043,Aisha Diallo,ARM-04,no,66093,sensor calibration,Line 2
2026-05-30,afternoon,T7850,Carlos Mendez,ARM-03,sick_leave,71607,scheduled lubrication cycle,Maintenance Bay
2026-05-30,night,T4991,Carlos Mendez,ARM-04,no,25357,shift handover,Line 3
2026-05-31,morning,T5862,Aisha Diallo,ARM-01,no,54661,repair ticket #7027,Training Room
2026-05-31,afternoon,T3575,Nina Patel,MULTI,yes,61456,repair ticket #4854,Line 1
2026-05-31,night,T8515,Ethan Kowalski,MULTI,training,57807,safety audit,Maintenance Bay
2026-05-01,morning,T8603,Fatima Al-Rashidi,MULTI,yes,20707,scheduled lubrication cycle,Line 3
2026-05-01,afternoon,T8503,Yuki Tanaka,ARM-01,sick_leave,66165,shift handover,Line 3
2026-05-01,night,T1897,Dmitri Volkov,MULTI,yes,24610,repair ticket #4976,Maintenance Bay
2026-05-02,morning,T6022,Chen Wei,ARM-05,training,31952,conveyor belt check,Training Room
2026-05-02,afternoon,T5743,Yuki Tanaka,ARM-02,sick_leave,49286,bearing inspection,Line 4
2026-05-02,night,T3095,Samuel Osei,ARM-05,training,51362,safety audit,Maintenance Bay
2026-05-03,morning,T1043,Carlos Mendez,ARM-01,no,71319,bearing inspection,Line 4
2026-05-03,afternoon,T3280,Chen Wei,MULTI,yes,43536,training session,Line 1
2026-05-03,night,T9945,Carlos Mendez,MULTI,yes,38220,preventive maintenance,Line 4
2026-05-04,morning,T9000,Aisha Diallo,ARM-02,sick_leave,29064,bearing inspection,Maintenance Bay
2026-05-04,afternoon,T8376,Carlos Mendez,MULTI,training,24417,preventive maintenance,Training Room
2026-05-04,night,T9441,Carlos Mendez,ARM-03,yes,94099,conveyor belt check,Line 1
2026-05-05,morning,T7797,Dmitri Volkov,ARM-04,sick_leave,25223,repair ticket #5211,Line 4
2026-05-05,afternoon,T3039,Aisha Diallo,ARM-01,sick_leave,95187,annual inspection,Maintenance Bay
2026-05-05,night,T6461,Chen Wei,ARM-03,yes,63417,repair ticket #2074,Maintenance Bay
2026-05-06,morning,T4827,Nina Patel,ARM-01,yes,84285,annual inspection,Training Room
2026-05-06,afternoon,T3827,Lucas Ferreira,ARM-03,sick_leave,91323,conveyor belt check,Line 1
2026-05-06,night,T5781,Dmitri Volkov,ARM-03,yes,71812,preventive maintenance,Training Room
2026-05-07,morning,T1898,Samuel Osei,ARM-05,sick_leave,51051,training session,Training Room
2026-05-07,afternoon,T6371,Chen Wei,ARM-03,no,78685,preventive maintenance,Training Room
2026-05-07,night,T7818,Aisha Diallo,ARM-04,yes,57414,bearing inspection,Maintenance Bay
2026-05-08,morning,T9870,Maria Santos,ARM-04,sick_leave,72043,safety audit,Maintenance Bay
2026-05-08,afternoon,T7292,Dmitri Volkov,ARM-01,sick_leave,19247,scheduled lubrication cycle,Line 3
2026-05-08,night,T1361,Priya Sharma,MULTI,no,26498,scheduled lubrication cycle,Training Room
2026-05-09,morning,T6518,Tobias Richt,ARM-04,sick_leave,56190,sensor calibration,Line 4
2026-05-09,afternoon,T9569,Tobias Richt,ARM-02,training,13877,shift handover,Line 2
2026-05-09,night,T6034,Samuel Osei,ARM-03,yes,74812,annual inspection,Line 4
2026-05-10,morning,T9737,Yuki Tanaka,MULTI,training,27063,sensor calibration,Line 1
2026-05-10,afternoon,T5457,Nina Patel,ARM-03,yes,72124,annual inspection,Maintenance Bay
2026-05-10,night,T5923,Chen Wei,ARM-03,no,78834,bearing inspection,Maintenance Bay
2026-05-11,morning,T4329,Nina Patel,ARM-03,training,86422,sensor calibration,Training Room
2026-05-11,afternoon,T1187,Fatima Al-Rashidi,ARM-01,yes,54543,annual inspection,Line 4
2026-05-11,night,T1472,Maria Santos,ARM-05,training,41842,repair ticket #1495,Line 3
2026-05-12,morning,T5275,Dmitri Volkov,ARM-01,training,14316,bearing inspection,Training Room
2026-05-12,afternoon,T6168,Maria Santos,ARM-02,yes,42337,conveyor belt check,Line 3
2026-05-12,night,T5574,Carlos Mendez,ARM-03,yes,39677,scheduled lubrication cycle,Line 3
2026-05-13,morning,T7473,Lucas Ferreira,MULTI,yes,90848,conveyor belt check,Training Room
2026-05-13,afternoon,T3510,Tobias Richt,ARM-03,yes,82252,sensor calibration,Training Room
2026-05-13,night,T9292,Ethan Kowalski,ARM-05,yes,53837,scheduled lubrication cycle,Line 1
2026-05-14,morning,T2014,Tobias Richt,ARM-02,training,93888,safety audit,Maintenance Bay
2026-05-14,afternoon,T8403,Lucas Ferreira,ARM-03,sick_leave,64307,training session,Maintenance Bay
2026-05-14,night,T3468,Fatima Al-Rashidi,ARM-05,sick_leave,74170,repair ticket #3547,Line 1
2026-05-15,morning,T6610,Samuel Osei,ARM-01,sick_leave,39282,scheduled lubrication cycle,Training Room
2026-05-15,afternoon,T4625,Carlos Mendez,ARM-04,yes,34199,conveyor belt check,Training Room
2026-05-15,night,T1227,Carlos Mendez,ARM-05,sick_leave,81094,scheduled lubrication cycle,Maintenance Bay
2026-05-16,morning,T9596,Carlos Mendez,ARM-05,training,74271,scheduled lubrication cycle,Line 4
2026-05-16,afternoon,T4840,Tobias Richt,ARM-03,yes,59356,bearing inspection,Line 2
2026-05-16,night,T7387,Nina Patel,ARM-03,no,62166,repair ticket #4330,Line 1
2026-05-17,morning,T8705,Oluwaseun Adebayo,ARM-01,no,72313,scheduled lubrication cycle,Line 1
2026-05-17,afternoon,T4515,Chen Wei,MULTI,yes,67720,conveyor belt check,Line 2
2026-05-17,night,T1334,Aisha Diallo,MULTI,training,40743,scheduled lubrication cycle,Line 4
2026-05-18,morning,T3211,Ethan Kowalski,MULTI,yes,41257,sensor calibration,Line 2
2026-05-18,afternoon,T6501,Oluwaseun Adebayo,MULTI,no,98221,shift handover,Line 3
2026-05-18,night,T6198,Aisha Diallo,ARM-02,sick_leave,88435,safety audit,Line 3
2026-05-19,morning,T6939,Chen Wei,ARM-05,no,40865,annual inspection,Line 1
2026-05-19,afternoon,T8672,Lucas Ferreira,ARM-04,no,95895,shift handover,Line 2
2026-05-19,night,T4508,Lucas Ferreira,ARM-04,yes,68015,shift handover,Line 1
2026-05-20,morning,T3997,Maria Santos,ARM-03,yes,63731,scheduled lubrication cycle,Training Room
2026-05-20,afternoon,T9067,Priya Sharma,ARM-05,sick_leave,27763,conveyor belt check,Training Room
2026-05-20,night,T2628,Fatima Al-Rashidi,ARM-01,yes,36419,bearing inspection,Training Room
2026-05-21,morning,T2602,Carlos Mendez,ARM-05,yes,36193,annual inspection,Line 4
2026-05-21,afternoon,T6863,Lucas Ferreira,ARM-01,yes,12791,scheduled lubrication cycle,Line 2
2026-05-21,night,T6240,Samuel Osei,ARM-01,sick_leave,40117,repair ticket #7388,Maintenance Bay
2026-05-22,morning,T2448,Maria Santos,MULTI,no,30588,scheduled lubrication cycle,Line 2
2026-05-22,afternoon,T4212,Lucas Ferreira,ARM-05,yes,54093,training session,Line 1
2026-05-22,night,T4951,Dmitri Volkov,ARM-03,training,92771,training session,Line 1
2026-05-23,morning,T2038,Ethan Kowalski,ARM-04,training,22012,annual inspection,Line 2
2026-05-23,afternoon,T9021,Nina Patel,MULTI,yes,32346,bearing inspection,Training Room
2026-05-23,night,T4954,Maria Santos,ARM-03,sick_leave,51177,safety audit,Line 1
2026-05-24,morning,T2101,Carlos Mendez,ARM-01,no,70238,preventive maintenance,Line 2
2026-05-24,afternoon,T1783,Lucas Ferreira,ARM-03,yes,59421,shift handover,Training Room
2026-05-24,night,T7461,Chen Wei,MULTI,yes,40473,annual inspection,Training Room
2026-05-25,morning,T9106,Priya Sharma,ARM-05,training,37276,conveyor belt check,Line 1
2026-05-25,afternoon,T8950,Tobias Richt,ARM-02,sick_leave,88639,bearing inspection,Line 1
2026-05-25,night,T7455,Priya Sharma,ARM-01,no,81083,annual inspection,Maintenance Bay
2026-05-26,morning,T8853,Chen Wei,ARM-05,yes,73365,training session,Line 2
2026-05-26,afternoon,T2595,Hana Nakamura,ARM-04,yes,45342,repair ticket #9045,Maintenance Bay
2026-05-26,night,T2879,Lucas Ferreira,ARM-05,yes,84779,safety audit,Maintenance Bay
2026-05-27,morning,T2972,Hana Nakamura,ARM-05,no,90997,shift handover,Maintenance Bay
2026-05-27,afternoon,T2944,Fatima Al-Rashidi,ARM-01,yes,92313,annual inspection,Line 4
2026-05-27,night,T1166,Oluwaseun Adebayo,ARM-03,training,22012,conveyor belt check,Line 1
2026-05-28,morning,T1135,Aisha Diallo,ARM-02,yes,81978,shift handover,Maintenance Bay
2026-05-28,afternoon,T3144,Priya Sharma,ARM-03,yes,57233,conveyor belt check,Line 1
2026-05-28,night,T5308,Maria Santos,ARM-05,yes,20681,safety audit,Line 3
2026-05-29,morning,T7574,Chen Wei,ARM-02,yes,48313,training session,Line 3
2026-05-29,afternoon,T9175,Ethan Kowalski,MULTI,training,50809,annual inspection,Training Room
2026-05-29,night,T8478,Lucas Ferreira,ARM-03,yes,28516,repair ticket #5966,Line 3
2026-05-30,morning,T4648,Aisha Diallo,ARM-01,yes,38495,annual inspection,Line 2
2026-05-30,afternoon,T4531,Ethan Kowalski,ARM-05,yes,49469,bearing inspection,Line 4
2026-05-30,night,T3764,Nina Patel,MULTI,yes,31021,safety audit,Line 3
2026-05-31,morning,T4410,Oluwaseun Adebayo,ARM-01,sick_leave,43452,training session,Line 3
2026-05-31,afternoon,T3163,Dmitri Volkov,ARM-05,yes,90843,safety audit,Training Room
2026-05-31,night,T7390,Yuki Tanaka,ARM-01,sick_leave,88872,training session,Line 2
2026-05-01,morning,T7468,Chen Wei,MULTI,yes,69631,preventive maintenance,Maintenance Bay
2026-05-01,afternoon,T5625,Ethan Kowalski,ARM-05,sick_leave,52277,preventive maintenance,Line 3
2026-05-01,night,T6505,Tobias Richt,ARM-04,yes,50393,conveyor belt check,Training Room
2026-05-02,morning,T7889,Lucas Ferreira,ARM-01,yes,19874,training session,Maintenance Bay
2026-05-02,afternoon,T5557,Chen Wei,ARM-01,yes,82617,sensor calibration,Training Room
2026-05-02,night,T6337,Fatima Al-Rashidi,ARM-02,yes,40714,training session,Line 2
2026-05-03,morning,T4052,Oluwaseun Adebayo,ARM-05,yes,10392,shift handover,Training Room
2026-05-03,afternoon,T5065,Ethan Kowalski,ARM-04,training,61321,training session,Maintenance Bay
2026-05-03,night,T3320,Aisha Diallo,MULTI,yes,23309,sensor calibration,Training Room
2026-05-04,morning,T1397,Hana Nakamura,ARM-03,yes,39173,shift handover,Line 3
2026-05-04,afternoon,T8203,Oluwaseun Adebayo,MULTI,sick_leave,94793,preventive maintenance,Line 3
2026-05-04,night,T3310,Carlos Mendez,MULTI,yes,29351,conveyor belt check,Line 1
2026-05-05,morning,T1380,Hana Nakamura,ARM-05,yes,42059,preventive maintenance,Line 2
2026-05-05,afternoon,T5811,Yuki Tanaka,ARM-04,sick_leave,37679,training session,Line 1
2026-05-05,night,T4267,Yuki Tanaka,ARM-05,yes,65374,safety audit,Training Room
2026-05-06,morning,T4852,Ethan Kowalski,ARM-02,yes,60922,sensor calibration,Line 2
2026-05-06,afternoon,T7523,Oluwaseun Adebayo,ARM-04,no,67809,safety audit,Training Room
2026-05-06,night,T8246,Priya Sharma,MULTI,yes,22744,training session,Line 3
2026-05-07,morning,T8441,Priya Sharma,ARM-03,no,72972,shift handover,Maintenance Bay
2026-05-07,afternoon,T2915,Samuel Osei,ARM-01,yes,92510,safety audit,Line 4
2026-05-07,night,T8127,Aisha Diallo,ARM-04,yes,45916,safety audit,Line 2
2026-05-08,morning,T9231,Maria Santos,ARM-01,sick_leave,90748,training session,Training Room
2026-05-08,afternoon,T2458,Maria Santos,ARM-04,no,32844,safety audit,Line 3
2026-05-08,night,T8034,Lucas Ferreira,ARM-01,training,32269,shift handover,Maintenance Bay
2026-05-09,morning,T3089,Nina Patel,ARM-03,no,66204,repair ticket #3929,Line 3
2026-05-09,afternoon,T5170,Lucas Ferreira,ARM-02,no,73341,preventive maintenance,Training Room
2026-05-09,night,T4543,Priya Sharma,ARM-05,yes,95175,annual inspection,Line 1
2026-05-10,morning,T7307,Maria Santos,ARM-05,yes,17071,training session,Line 3
2026-05-10,afternoon,T2275,Dmitri Volkov,MULTI,sick_leave,15335,shift handover,Line 3
2026-05-10,night,T9895,Priya Sharma,ARM-04,sick_leave,44905,preventive maintenance,Line 3
2026-05-11,morning,T5171,Nina Patel,MULTI,yes,67259,shift handover,Training Room
2026-05-11,afternoon,T1470,Dmitri Volkov,ARM-04,training,75320,shift handover,Training Room
2026-05-11,night,T3631,Hana Nakamura,ARM-05,yes,44593,shift handover,Line 2
2026-05-12,morning,T5924,Lucas Ferreira,ARM-04,no,40244,sensor calibration,Line 4
2026-05-12,afternoon,T8223,Dmitri Volkov,ARM-01,no,96899,training session,Line 2
2026-05-12,night,T7611,Chen Wei,ARM-05,yes,15589,safety audit,Training Room
2026-05-13,morning,T3041,Fatima Al-Rashidi,ARM-02,sick_leave,21049,repair ticket #2780,Training Room
2026-05-13,afternoon,T6725,Chen Wei,MULTI,yes,34199,repair ticket #8886,Training Room
2026-05-13,night,T2739,Chen Wei,ARM-03,no,68028,repair ticket #5151,Line 2
2026-05-14,morning,T9552,Samuel Osei,ARM-03,yes,18457,sensor calibration,Maintenance Bay
2026-05-14,afternoon,T9627,Fatima Al-Rashidi,ARM-03,yes,53634,shift handover,Line 1
2026-05-14,night,T4764,Nina Patel,ARM-05,yes,60960,scheduled lubrication cycle,Line 2
2026-05-15,morning,T7996,Ethan Kowalski,ARM-02,no,28506,training session,Maintenance Bay
2026-05-15,afternoon,T3001,Samuel Osei,MULTI,yes,91932,annual inspection,Line 2
2026-05-15,night,T7762,Carlos Mendez,ARM-04,training,88405,repair ticket #8129,Line 1
2026-05-16,morning,T5633,Nina Patel,ARM-04,yes,52913,safety audit,Line 3
2026-05-16,afternoon,T1315,Lucas Ferreira,MULTI,no,65223,preventive maintenance,Line 2
2026-05-16,night,T3176,Yuki Tanaka,ARM-02,yes,84908,safety audit,Line 3
2026-05-17,morning,T5348,Chen Wei,ARM-01,yes,37712,training session,Line 3
2026-05-17,afternoon,T9080,Fatima Al-Rashidi,ARM-05,yes,28014,conveyor belt check,Line 1
2026-05-17,night,T1561,Hana Nakamura,ARM-02,sick_leave,28298,conveyor belt check,Line 2
2026-05-18,morning,T9572,Ethan Kowalski,ARM-04,training,89929,scheduled lubrication cycle,Line 1
2026-05-18,afternoon,T1033,Hana Nakamura,ARM-02,sick_leave,27566,preventive maintenance,Line 3
2026-05-18,night,T2985,Oluwaseun Adebayo,MULTI,no,32076,preventive maintenance,Line 1
2026-05-19,morning,T8442,Tobias Richt,MULTI,yes,71112,repair ticket #8038,Line 2
2026-05-19,afternoon,T6617,Lucas Ferreira,ARM-02,yes,17725,preventive maintenance,Line 2
2026-05-19,night,T5149,Priya Sharma,ARM-03,training,77220,preventive maintenance,Line 1
2026-05-20,morning,T7771,Tobias Richt,ARM-02,no,29163,repair ticket #6733,Line 2
2026-05-20,afternoon,T4539,Nina Patel,ARM-01,yes,10263,conveyor belt check,Maintenance Bay
2026-05-20,night,T7614,Yuki Tanaka,ARM-02,yes,47049,scheduled lubrication cycle,Line 4
2026-05-21,morning,T9055,Priya Sharma,ARM-03,sick_leave,14261,shift handover,Line 2
2026-05-21,afternoon,T1263,Lucas Ferreira,ARM-04,no,66067,scheduled lubrication cycle,Line 2
2026-05-21,night,T3841,Oluwaseun Adebayo,ARM-02,sick_leave,77902,scheduled lubrication cycle,Line 4
2026-05-22,morning,T2155,Yuki Tanaka,MULTI,yes,72870,training session,Line 4
2026-05-22,afternoon,T7712,Hana Nakamura,ARM-05,sick_leave,18779,conveyor belt check,Line 1
2026-05-22,night,T1762,Chen Wei,ARM-02,sick_leave,90893,sensor calibration,Line 4
2026-05-23,morning,T4385,Maria Santos,ARM-02,sick_leave,88964,conveyor belt check,Maintenance Bay
2026-05-23,afternoon,T6429,Chen Wei,ARM-03,yes,50076,scheduled lubrication cycle,Line 4
2026-05-23,night,T4671,Hana Nakamura,ARM-04,yes,50468,repair ticket #9923,Line 1
2026-05-24,morning,T5678,Aisha Diallo,ARM-02,yes,21456,training session,Line 4
2026-05-24,afternoon,T7631,Aisha Diallo,MULTI,yes,19522,training session,Maintenance Bay
2026-05-24,night,T9852,Fatima Al-Rashidi,ARM-02,yes,70402,training session,Line 3
2026-05-25,morning,T8360,Carlos Mendez,ARM-01,yes,91048,repair ticket #8589,Line 4
2026-05-25,afternoon,T5257,Chen Wei,MULTI,yes,42071,sensor calibration,Maintenance Bay
2026-05-25,night,T1833,Aisha Diallo,ARM-05,sick_leave,43178,training session,Line 1
2026-05-26,morning,T6102,Nina Patel,ARM-02,no,55888,annual inspection,Training Room
2026-05-26,afternoon,T7675,Tobias Richt,MULTI,yes,70698,shift handover,Training Room
2026-05-26,night,T7085,Maria Santos,MULTI,yes,42030,conveyor belt check,Line 2
2026-05-27,morning,T5664,Ethan Kowalski,ARM-03,yes,79112,training session,Maintenance Bay
2026-05-27,afternoon,T3371,Aisha Diallo,ARM-05,training,36133,training session,Line 3
2026-05-27,night,T9313,Carlos Mendez,ARM-03,yes,41108,shift handover,Training Room
2026-05-28,morning,T6617,Fatima Al-Rashidi,ARM-04,yes,38864,bearing inspection,Training Room
2026-05-28,afternoon,T8371,Fatima Al-Rashidi,MULTI,yes,28067,repair ticket #7761,Line 3
2026-05-28,night,T3002,Nina Patel,ARM-01,yes,49771,repair ticket #3147,Line 2
2026-05-29,morning,T9102,Nina Patel,ARM-05,sick_leave,83758,sensor calibration,Maintenance Bay
2026-05-29,afternoon,T7277,Oluwaseun Adebayo,ARM-04,yes,40886,safety audit,Training Room
2026-05-29,night,T2793,Carlos Mendez,ARM-03,no,58244,training session,Line 3
2026-05-30,morning,T5270,Hana Nakamura,MULTI,yes,80726,scheduled lubrication cycle,Training Room
2026-05-30,afternoon,T1232,Aisha Diallo,MULTI,yes,41340,safety audit,Line 1
2026-05-30,night,T6095,Samuel Osei,ARM-03,yes,88282,preventive maintenance,Maintenance Bay
2026-05-31,morning,T4698,Hana Nakamura,MULTI,no,21947,safety audit,Line 2
2026-05-31,afternoon,T7922,Fatima Al-Rashidi,MULTI,no,82922,sensor calibration,Maintenance Bay
2026-05-31,night,T1899,Lucas Ferreira,ARM-02,training,91965,sensor calibration,Line 3
2026-05-01,morning,T5685,Samuel Osei,ARM-03,training,53874,preventive maintenance,Maintenance Bay
2026-05-01,afternoon,T6751,Ethan Kowalski,MULTI,yes,23447,training session,Line 3
2026-05-01,night,T4831,Samuel Osei,ARM-03,yes,94539,repair ticket #8437,Maintenance Bay
2026-05-02,morning,T9717,Aisha Diallo,ARM-03,yes,28022,conveyor belt check,Line 4
2026-05-02,afternoon,T3167,Dmitri Volkov,ARM-02,sick_leave,63731,repair ticket #4511,Line 4
2026-05-02,night,T6228,Priya Sharma,ARM-02,training,60420,shift handover,Line 1
2026-05-03,morning,T2884,Dmitri Volkov,ARM-05,sick_leave,26222,conveyor belt check,Line 4
2026-05-03,afternoon,T3545,Tobias Richt,ARM-04,yes,61670,shift handover,Line 4
2026-05-03,night,T1314,Hana Nakamura,ARM-04,yes,13907,scheduled lubrication cycle,Line 1
2026-05-04,morning,T9830,Aisha Diallo,ARM-03,no,27361,preventive maintenance,Line 2
2026-05-04,afternoon,T5622,Ethan Kowalski,ARM-01,yes,17088,repair ticket #6234,Line 4
2026-05-04,night,T6617,Hana Nakamura,ARM-03,yes,76639,training session,Maintenance Bay
2026-05-05,morning,T4716,Nina Patel,MULTI,yes,98136,annual inspection,Line 4
2026-05-05,afternoon,T7016,Oluwaseun Adebayo,ARM-01,yes,79250,annual inspection,Training Room
2026-05-05,night,T4230,Ethan Kowalski,ARM-01,no,42094,safety audit,Line 1
2026-05-06,morning,T1959,Chen Wei,ARM-04,training,80549,scheduled lubrication cycle,Maintenance Bay
2026-05-06,afternoon,T3093,Priya Sharma,MULTI,sick_leave,49569,safety audit,Line 3
2026-05-06,night,T3144,Tobias Richt,ARM-01,no,39659,shift handover,Maintenance Bay
2026-05-07,morning,T4800,Dmitri Volkov,MULTI,training,12165,annual inspection,Line 1
2026-05-07,afternoon,T8325,Hana Nakamura,ARM-01,training,64923,scheduled lubrication cycle,Training Room
2026-05-07,night,T8025,Carlos Mendez,ARM-04,yes,84729,bearing inspection,Maintenance Bay
2026-05-08,morning,T7548,Nina Patel,MULTI,yes,89956,bearing inspection,Line 3
2026-05-08,afternoon,T1345,Tobias Richt,ARM-04,no,59017,scheduled lubrication cycle,Line 1
2026-05-08,night,T7319,Nina Patel,ARM-03,yes,40691,bearing inspection,Line 2
2026-05-09,morning,T9427,Fatima Al-Rashidi,MULTI,yes,45322,preventive maintenance,Training Room
2026-05-09,afternoon,T4034,Yuki Tanaka,ARM-04,yes,92836,scheduled lubrication cycle,Line 4
2026-05-09,night,T7770,Dmitri Volkov,ARM-04,yes,37172,sensor calibration,Line 2
2026-05-10,morning,T1818,Chen Wei,ARM-04,training,85577,conveyor belt check,Line 2
2026-05-10,afternoon,T3695,Yuki Tanaka,MULTI,sick_leave,65673,shift handover,Line 3
2026-05-10,night,T3212,Maria Santos,ARM-03,yes,44615,shift handover,Maintenance Bay
2026-05-11,morning,T1880,Yuki Tanaka,ARM-04,training,91943,bearing inspection,Line 2
2026-05-11,afternoon,T9290,Hana Nakamura,ARM-04,training,97532,shift handover,Line 3
2026-05-11,night,T2227,Lucas Ferreira,ARM-04,yes,94697,sensor calibration,Line 3
2026-05-12,morning,T4900,Samuel Osei,ARM-03,training,21549,repair ticket #4933,Training Room
2026-05-12,afternoon,T7773,Priya Sharma,ARM-02,sick_leave,99404,shift handover,Line 1
2026-05-12,night,T4866,Fatima Al-Rashidi,ARM-03,yes,61573,scheduled lubrication cycle,Maintenance Bay
2026-05-13,morning,T7984,Priya Sharma,ARM-03,no,33253,shift handover,Line 2
2026-05-13,afternoon,T7413,Nina Patel,ARM-05,yes,79462,scheduled lubrication cycle,Line 2
2026-05-13,night,T6054,Maria Santos,ARM-03,yes,49504,conveyor belt check,Line 4
2026-05-14,morning,T3981,Tobias Richt,ARM-01,yes,12017,scheduled lubrication cycle,Line 1
2026-05-14,afternoon,T8169,Carlos Mendez,MULTI,yes,33904,bearing inspection,Line 3
2026-05-14,night,T6579,Carlos Mendez,ARM-04,no,99465,annual inspection,Training Room
2026-05-15,morning,T3885,Chen Wei,ARM-02,yes,22086,conveyor belt check,Line 3
2026-05-15,afternoon,T3797,Priya Sharma,MULTI,training,73015,shift handover,Line 4
2026-05-15,night,T9845,Fatima Al-Rashidi,ARM-05,yes,12481,repair ticket #2159,Line 4
2026-05-16,morning,T2980,Yuki Tanaka,ARM-04,no,22439,preventive maintenance,Line 2
2026-05-16,afternoon,T7827,Maria Santos,ARM-05,yes,30220,repair ticket #3334,Line 3
2026-05-16,night,T8162,Hana Nakamura,ARM-02,yes,42119,bearing inspection,Line 4
2026-05-17,morning,T1634,Yuki Tanaka,ARM-05,yes,50282,repair ticket #1650,Line 4
2026-05-17,afternoon,T2521,Fatima Al-Rashidi,MULTI,yes,39517,scheduled lubrication cycle,Line 4
2026-05-17,night,T5586,Tobias Richt,ARM-03,yes,15218,safety audit,Training Room
2026-05-18,morning,T1943,Fatima Al-Rashidi,ARM-01,training,85593,conveyor belt check,Line 2
2026-05-18,afternoon,T7461,Dmitri Volkov,ARM-04,yes,13811,annual inspection,Training Room
2026-05-18,night,T6986,Yuki Tanaka,MULTI,no,49666,annual inspection,Line 3
2026-05-19,morning,T8363,Aisha Diallo,ARM-01,yes,13612,annual inspection,Line 4
2026-05-19,afternoon,T9387,Oluwaseun Adebayo,ARM-01,no,94528,training session,Line 3
2026-05-19,night,T7549,Carlos Mendez,ARM-05,training,95451,repair ticket #3771,Line 2
2026-05-20,morning,T8934,Tobias Richt,MULTI,yes,88120,training session,Maintenance Bay
2026-05-20,afternoon,T2680,Aisha Diallo,ARM-01,yes,38712,shift handover,Line 3
2026-05-20,night,T5757,Hana Nakamura,ARM-03,sick_leave,99564,training session,Line 3
2026-05-21,morning,T5992,Priya Sharma,ARM-03,training,47644,conveyor belt check,Line 4
2026-05-21,afternoon,T1449,Priya Sharma,ARM-05,sick_leave,47560,scheduled lubrication cycle,Line 4
2026-05-21,night,T9568,Fatima Al-Rashidi,ARM-04,training,20536,preventive maintenance,Line 4
2026-05-22,morning,T3388,Lucas Ferreira,ARM-05,yes,54882,preventive maintenance,Line 4
2026-05-22,afternoon,T1783,Maria Santos,ARM-03,yes,10215,repair ticket #8785,Training Room
2026-05-22,night,T6101,Chen Wei,ARM-03,sick_leave,22624,repair ticket #5790,Line 4
2026-05-23,morning,T1464,Ethan Kowalski,ARM-02,yes,53564,bearing inspection,Training Room
2026-05-23,afternoon,T4179,Nina Patel,ARM-04,yes,46113,repair ticket #3377,Line 3
2026-05-23,night,T1572,Yuki Tanaka,ARM-02,yes,39579,annual inspection,Line 1
2026-05-24,morning,T4161,Dmitri Volkov,ARM-05,yes,14172,bearing inspection,Line 3
2026-05-24,afternoon,T4222,Yuki Tanaka,ARM-02,no,10145,scheduled lubrication cycle,Maintenance Bay
2026-05-24,night,T5648,Tobias Richt,MULTI,training,56145,conveyor belt check,Line 2
2026-05-25,morning,T1726,Ethan Kowalski,ARM-01,sick_leave,45791,sensor calibration,Line 2
2026-05-25,afternoon,T3868,Aisha Diallo,ARM-05,training,43124,shift handover,Line 4
2026-05-25,night,T5727,Nina Patel,ARM-03,yes,49987,training session,Line 1
2026-05-26,morning,T6876,Tobias Richt,ARM-02,no,19038,preventive maintenance,Maintenance Bay
2026-05-26,afternoon,T8832,Nina Patel,ARM-02,yes,22452,annual inspection,Line 1
2026-05-26,night,T9619,Priya Sharma,ARM-03,sick_leave,88183,repair ticket #3585,Line 2
2026-05-27,morning,T1827,Maria Santos,ARM-04,sick_leave,94418,shift handover,Line 3
2026-05-27,afternoon,T5874,Ethan Kowalski,ARM-02,yes,31170,shift handover,Line 3
2026-05-27,night,T4190,Dmitri Volkov,ARM-05,sick_leave,49587,safety audit,Maintenance Bay
2026-05-28,morning,T5557,Tobias Richt,ARM-01,no,34387,safety audit,Line 2
2026-05-28,afternoon,T7925,Fatima Al-Rashidi,ARM-05,yes,44046,repair ticket #6821,Maintenance Bay
2026-05-28,night,T2895,Priya Sharma,ARM-01,yes,50395,conveyor belt check,Maintenance Bay
2026-05-29,morning,T5585,Yuki Tanaka,ARM-03,yes,34614,bearing inspection,Line 3
2026-05-29,afternoon,T9485,Aisha Diallo,MULTI,yes,79519,sensor calibration,Training Room
2026-05-29,night,T1197,Carlos Mendez,ARM-03,training,21918,safety audit,Line 3
2026-05-30,morning,T1374,Oluwaseun Adebayo,ARM-02,yes,59082,preventive maintenance,Maintenance Bay
2026-05-30,afternoon,T3395,Oluwaseun Adebayo,ARM-03,sick_leave,33993,shift handover,Line 1
2026-05-30,night,T9593,Maria Santos,ARM-01,yes,59772,shift handover,Line 4
2026-05-31,morning,T3772,Chen Wei,ARM-01,yes,99697,shift handover,Line 3
2026-05-31,afternoon,T5172,Tobias Richt,ARM-05,training,22443,training session,Line 4
2026-05-31,night,T1478,Dmitri Volkov,ARM-04,training,46054,bearing inspection,Maintenance Bay
2026-05-01,morning,T4366,Dmitri Volkov,MULTI,yes,64222,safety audit,Training Room
2026-05-01,afternoon,T6287,Aisha Diallo,ARM-04,yes,43263,repair ticket #6645,Line 4
2026-05-01,night,T8020,Oluwaseun Adebayo,ARM-04,yes,42434,preventive maintenance,Line 4
2026-05-02,morning,T6952,Maria Santos,MULTI,sick_leave,98678,safety audit,Line 1
2026-05-02,afternoon,T6004,Lucas Ferreira,ARM-04,training,58663,annual inspection,Line 1
2026-05-02,night,T5646,Chen Wei,ARM-01,sick_leave,71294,preventive maintenance,Maintenance Bay
2026-05-03,morning,T2254,Carlos Mendez,ARM-02,training,88337,training session,Line 3
2026-05-03,afternoon,T5555,Ethan Kowalski,ARM-05,yes,17342,training session,Training Room
2026-05-03,night,T9929,Ethan Kowalski,ARM-05,yes,77896,scheduled lubrication cycle,Line 4
2026-05-04,morning,T7586,Priya Sharma,ARM-04,yes,69298,conveyor belt check,Training Room
2026-05-04,afternoon,T4082,Nina Patel,ARM-01,no,14067,repair ticket #1678,Line 4
2026-05-04,night,T4462,Lucas Ferreira,ARM-01,yes,41777,bearing inspection,Training Room
2026-05-05,morning,T5263,Tobias Richt,MULTI,yes,76299,sensor calibration,Line 3
2026-05-05,afternoon,T4126,Priya Sharma,ARM-05,training,92682,conveyor belt check,Training Room
2026-05-05,night,T8881,Lucas Ferreira,ARM-05,training,71178,safety audit,Maintenance Bay
2026-05-06,morning,T7272,Aisha Diallo,MULTI,yes,80766,conveyor belt check,Line 1
2026-05-06,afternoon,T7916,Samuel Osei,ARM-04,no,91967,scheduled lubrication cycle,Line 1
2026-05-06,night,T9424,Yuki Tanaka,MULTI,training,22058,scheduled lubrication cycle,Line 2
2026-05-07,morning,T8264,Priya Sharma,ARM-05,yes,74973,repair ticket #3196,Line 1
2026-05-07,afternoon,T3929,Chen Wei,ARM-04,yes,14648,preventive maintenance,Line 4
2026-05-07,night,T2530,Carlos Mendez,ARM-05,yes,75132,sensor calibration,Line 3
2026-05-08,morning,T1763,Yuki Tanaka,ARM-02,no,72946,preventive maintenance,Line 3
2026-05-08,afternoon,T7574,Ethan Kowalski,ARM-05,yes,25392,sensor calibration,Line 4
2026-05-08,night,T3658,Aisha Diallo,ARM-04,yes,17663,scheduled lubrication cycle,Line 4
2026-05-09,morning,T3404,Samuel Osei,MULTI,yes,80428,conveyor belt check,Line 2
2026-05-09,afternoon,T6816,Yuki Tanaka,ARM-04,yes,75041,safety audit,Line 1
2026-05-09,night,T4842,Dmitri Volkov,ARM-04,yes,38298,sensor calibration,Line 2
2026-05-10,morning,T5642,Fatima Al-Rashidi,ARM-03,sick_leave,54562,scheduled lubrication cycle,Training Room
2026-05-10,afternoon,T5635,Hana Nakamura,ARM-04,training,39575,safety audit,Training Room
2026-05-10,night,T2943,Nina Patel,ARM-04,yes,69152,training session,Line 1
2026-05-11,morning,T5978,Chen Wei,ARM-05,training,11229,safety audit,Line 1
2026-05-11,afternoon,T9648,Ethan Kowalski,ARM-04,training,79983,repair ticket #4129,Line 1
2026-05-11,night,T8661,Ethan Kowalski,ARM-03,yes,91944,annual inspection,Line 2
2026-05-12,morning,T5728,Oluwaseun Adebayo,ARM-03,training,78297,safety audit,Line 2
2026-05-12,afternoon,T1187,Samuel Osei,MULTI,training,61381,training session,Maintenance Bay
2026-05-12,night,T9999,Priya Sharma,ARM-04,training,34610,repair ticket #8095,Line 1
2026-05-13,morning,T1954,Oluwaseun Adebayo,ARM-01,yes,51537,scheduled lubrication cycle,Line 4
2026-05-13,afternoon,T7691,Aisha Diallo,ARM-05,sick_leave,35019,training session,Line 4
2026-05-13,night,T1848,Maria Santos,ARM-03,yes,51112,bearing inspection,Training Room
2026-05-14,morning,T1697,Maria Santos,ARM-05,yes,26923,repair ticket #2770,Line 1
2026-05-14,afternoon,T8842,Nina Patel,ARM-05,no,61983,bearing inspection,Maintenance Bay
2026-05-14,night,T8067,Tobias Richt,ARM-03,yes,37993,sensor calibration,Training Room
2026-05-15,morning,T9187,Hana Nakamura,ARM-01,training,26151,sensor calibration,Line 1
2026-05-15,afternoon,T9367,Chen Wei,MULTI,no,64118,annual inspection,Line 3
2026-05-15,night,T6139,Priya Sharma,ARM-02,no,38251,scheduled lubrication cycle,Training Room
2026-05-16,morning,T7654,Aisha Diallo,MULTI,training,37623,training session,Line 4
2026-05-16,afternoon,T5498,Priya Sharma,ARM-04,yes,29374,repair ticket #1379,Line 1
2026-05-16,night,T3976,Tobias Richt,ARM-01,yes,72477,annual inspection,Line 1
2026-05-17,morning,T4184,Nina Patel,ARM-05,no,57739,bearing inspection,Line 3
2026-05-17,afternoon,T3905,Chen Wei,ARM-03,yes,76249,sensor calibration,Line 2
2026-05-17,night,T4460,Tobias Richt,ARM-03,no,62304,annual inspection,Line 4
2026-05-18,morning,T4024,Yuki Tanaka,ARM-02,training,41288,repair ticket #8594,Line 1
2026-05-18,afternoon,T8693,Aisha Diallo,ARM-01,yes,93999,bearing inspection,Training Room
2026-05-18,night,T1280,Chen Wei,MULTI,yes,33164,bearing inspection,Line 4
2026-05-19,morning,T5643,Carlos Mendez,ARM-01,sick_leave,78176,preventive maintenance,Line 4
2026-05-19,afternoon,T7598,Nina Patel,ARM-03,yes,52062,sensor calibration,Line 3
2026-05-19,night,T4249,Oluwaseun Adebayo,ARM-02,sick_leave,75292,safety audit,Line 3
2026-05-20,morning,T3482,Dmitri Volkov,ARM-03,training,30425,conveyor belt check,Line 4
2026-05-20,afternoon,T2012,Lucas Ferreira,ARM-04,yes,35996,conveyor belt check,Line 1
2026-05-20,night,T9686,Carlos Mendez,ARM-05,yes,97564,scheduled lubrication cycle,Line 1
2026-05-21,morning,T2660,Oluwaseun Adebayo,MULTI,yes,69672,repair ticket #2797,Line 1
2026-05-21,afternoon,T5113,Nina Patel,ARM-02,yes,45293,scheduled lubrication cycle,Line 1
2026-05-21,night,T2780,Aisha Diallo,MULTI,sick_leave,93140,repair ticket #9471,Line 2
2026-05-22,morning,T7315,Oluwaseun Adebayo,ARM-04,yes,56758,scheduled lubrication cycle,Training Room
2026-05-22,afternoon,T8933,Ethan Kowalski,ARM-05,yes,73325,scheduled lubrication cycle,Line 4
2026-05-22,night,T5691,Nina Patel,ARM-02,yes,72229,repair ticket #4753,Line 4
2026-05-23,morning,T5728,Aisha Diallo,ARM-05,yes,89183,training session,Line 1
2026-05-23,afternoon,T3811,Priya Sharma,ARM-01,no,18896,training session,Training Room
2026-05-23,night,T6114,Tobias Richt,ARM-03,yes,55554,preventive maintenance,Line 4
2026-05-24,morning,T9904,Nina Patel,ARM-03,yes,71010,repair ticket #6604,Line 4
2026-05-24,afternoon,T1882,Yuki Tanaka,ARM-02,yes,30063,training session,Line 1
2026-05-24,night,T4796,Aisha Diallo,MULTI,yes,94679,annual inspection,Maintenance Bay
2026-05-25,morning,T9382,Priya Sharma,MULTI,yes,41317,shift handover,Line 3
2026-05-25,afternoon,T7529,Nina Patel,ARM-02,no,81586,safety audit,Line 4
2026-05-25,night,T4532,Lucas Ferreira,MULTI,training,36592,scheduled lubrication cycle,Line 1
2026-05-26,morning,T4076,Tobias Richt,ARM-02,training,76301,scheduled lubrication cycle,Line 1
2026-05-26,afternoon,T9433,Maria Santos,MULTI,training,78317,safety audit,Line 2
2026-05-26,night,T3914,Lucas Ferreira,MULTI,yes,42663,scheduled lubrication cycle,Training Room
2026-05-27,morning,T8202,Hana Nakamura,ARM-04,yes,41255,conveyor belt check,Training Room
2026-05-27,afternoon,T9076,Dmitri Volkov,ARM-03,no,31275,preventive maintenance,Maintenance Bay
2026-05-27,night,T9395,Chen Wei,ARM-05,yes,94513,annual inspection,Line 3
2026-05-28,morning,T4919,Aisha Diallo,MULTI,training,94423,bearing inspection,Maintenance Bay
2026-05-28,afternoon,T8137,Lucas Ferreira,ARM-01,yes,34697,annual inspection,Line 2
2026-05-28,night,T3613,Lucas Ferreira,ARM-05,no,75408,bearing inspection,Line 1
2026-05-29,morning,T4386,Oluwaseun Adebayo,ARM-04,training,53924,bearing inspection,Maintenance Bay
2026-05-29,afternoon,T4957,Tobias Richt,ARM-03,yes,24111,scheduled lubrication cycle,Training Room
2026-05-29,night,T2988,Maria Santos,MULTI,training,92643,preventive maintenance,Line 2
2026-05-30,morning,T2713,Chen Wei,ARM-05,sick_leave,94609,bearing inspection,Line 1
2026-05-30,afternoon,T9908,Chen Wei,ARM-03,yes,69739,preventive maintenance,Line 2
2026-05-30,night,T1545,Ethan Kowalski,ARM-01,yes,87511,repair ticket #3167,Training Room
2026-05-31,morning,T7146,Ethan Kowalski,ARM-04,yes,99008,repair ticket #9275,Maintenance Bay
2026-05-31,afternoon,T7310,Yuki Tanaka,MULTI,yes,73065,training session,Line 4
2026-05-31,night,T5401,Nina Patel,ARM-03,yes,84459,bearing inspection,Maintenance Bay
2026-05-01,morning,T5908,Tobias Richt,ARM-03,sick_leave,20873,conveyor belt check,Training Room
2026-05-01,afternoon,T7149,Hana Nakamura,MULTI,yes,28005,sensor calibration,Line 1
2026-05-01,night,T4484,Hana Nakamura,ARM-02,yes,23265,preventive maintenance,Training Room
2026-05-02,morning,T4385,Fatima Al-Rashidi,ARM-03,training,13565,sensor calibration,Line 3
2026-05-02,afternoon,T2872,Chen Wei,ARM-01,yes,36926,bearing inspection,Line 1
2026-05-02,night,T3349,Carlos Mendez,ARM-03,yes,85335,repair ticket #9475,Maintenance Bay
2026-05-03,morning,T1302,Chen Wei,ARM-05,training,68497,safety audit,Line 4
2026-05-03,afternoon,T3347,Aisha Diallo,MULTI,training,55032,bearing inspection,Training Room
2026-05-03,night,T9356,Oluwaseun Adebayo,ARM-04,training,69306,safety audit,Line 3
2026-05-04,morning,T9883,Fatima Al-Rashidi,ARM-03,yes,67698,sensor calibration,Line 3
2026-05-04,afternoon,T3613,Lucas Ferreira,ARM-05,no,46845,sensor calibration,Maintenance Bay
2026-05-04,night,T9387,Chen Wei,ARM-05,training,97144,conveyor belt check,Line 3
2026-05-05,morning,T9282,Nina Patel,ARM-02,training,55209,conveyor belt check,Line 4
2026-05-05,afternoon,T2311,Fatima Al-Rashidi,ARM-03,yes,30850,conveyor belt check,Line 4
2026-05-05,night,T6523,Hana Nakamura,MULTI,training,22447,training session,Line 3
2026-05-06,morning,T4739,Chen Wei,ARM-01,yes,64992,scheduled lubrication cycle,Line 1
2026-05-06,afternoon,T8761,Carlos Mendez,ARM-05,yes,56262,repair ticket #7341,Line 3
2026-05-06,night,T8912,Aisha Diallo,ARM-01,training,26448,safety audit,Line 2
2026-05-07,morning,T1928,Samuel Osei,ARM-05,yes,94059,bearing inspection,Line 1
2026-05-07,afternoon,T6341,Aisha Diallo,ARM-05,yes,47458,bearing inspection,Line 3
2026-05-07,night,T9469,Chen Wei,ARM-04,sick_leave,90175,conveyor belt check,Line 4
2026-05-08,morning,T8558,Nina Patel,ARM-02,no,93716,scheduled lubrication cycle,Line 3
2026-05-08,afternoon,T9689,Dmitri Volkov,ARM-01,no,19943,scheduled lubrication cycle,Training Room
2026-05-08,night,T2115,Ethan Kowalski,ARM-01,no,79634,training session,Maintenance Bay
2026-05-09,morning,T8823,Carlos Mendez,ARM-02,no,80322,repair ticket #5147,Maintenance Bay
2026-05-09,afternoon,T1747,Carlos Mendez,ARM-03,yes,13401,preventive maintenance,Line 4
2026-05-09,night,T9777,Ethan Kowalski,ARM-01,yes,55130,annual inspection,Line 4
2026-05-10,morning,T2499,Carlos Mendez,ARM-03,yes,33275,scheduled lubrication cycle,Line 2
2026-05-10,afternoon,T2505,Fatima Al-Rashidi,ARM-01,training,73450,preventive maintenance,Line 4
2026-05-10,night,T4767,Dmitri Volkov,MULTI,sick_leave,77559,sensor calibration,Line 4
2026-05-11,morning,T5720,Aisha Diallo,ARM-02,training,87078,preventive maintenance,Training Room
2026-05-11,afternoon,T2177,Yuki Tanaka,ARM-01,yes,95003,safety audit,Line 1
2026-05-11,night,T1924,Hana Nakamura,MULTI,training,33581,repair ticket #4458,Line 4
2026-05-12,morning,T3701,Oluwaseun Adebayo,ARM-02,sick_leave,49532,annual inspection,Line 3
2026-05-12,afternoon,T1171,Lucas Ferreira,ARM-02,yes,23141,scheduled lubrication cycle,Line 3
2026-05-12,night,T7584,Nina Patel,ARM-05,training,56862,annual inspection,Line 2
2026-05-13,morning,T8188,Ethan Kowalski,ARM-04,yes,77419,scheduled lubrication cycle,Line 1
2026-05-13,afternoon,T9474,Lucas Ferreira,ARM-03,sick_leave,92772,conveyor belt check,Maintenance Bay
2026-05-13,night,T3631,Oluwaseun Adebayo,MULTI,yes,21869,conveyor belt check,Line 1
2026-05-14,morning,T8827,Carlos Mendez,ARM-03,yes,13678,preventive maintenance,Line 3
2026-05-14,afternoon,T3125,Maria Santos,ARM-01,training,94884,training session,Line 3
2026-05-14,night,T1689,Tobias Richt,ARM-01,yes,38665,repair ticket #8424,Line 3
2026-05-15,morning,T1502,Nina Patel,ARM-04,yes,81962,conveyor belt check,Line 2
2026-05-15,afternoon,T3588,Priya Sharma,ARM-04,yes,60241,sensor calibration,Maintenance Bay
2026-05-15,night,T6362,Aisha Diallo,ARM-02,sick_leave,22982,shift handover,Line 3
2026-05-16,morning,T4761,Chen Wei,ARM-03,training,74366,sensor calibration,Line 1
2026-05-16,afternoon,T9563,Priya Sharma,ARM-05,sick_leave,47851,annual inspection,Line 4
2026-05-16,night,T2031,Yuki Tanaka,ARM-03,training,39164,preventive maintenance,Line 2
2026-05-17,morning,T9934,Carlos Mendez,MULTI,yes,64927,scheduled lubrication cycle,Maintenance Bay
2026-05-17,afternoon,T9039,Dmitri Volkov,ARM-01,yes,33404,preventive maintenance,Line 2
2026-05-17,night,T8537,Samuel Osei,MULTI,training,81736,safety audit,Line 1
2026-05-18,morning,T3340,Samuel Osei,MULTI,yes,47463,sensor calibration,Training Room
2026-05-18,afternoon,T1202,Oluwaseun Adebayo,ARM-03,no,97682,sensor calibration,Maintenance Bay
2026-05-18,night,T2424,Ethan Kowalski,ARM-05,no,63744,training session,Line 4
2026-05-19,morning,T6609,Yuki Tanaka,ARM-05,training,54971,bearing inspection,Line 3
2026-05-19,afternoon,T9524,Lucas Ferreira,ARM-05,yes,17713,conveyor belt check,Training Room
2026-05-19,night,T9227,Carlos Mendez,ARM-04,yes,80968,preventive maintenance,Maintenance Bay
2026-05-20,morning,T6849,Lucas Ferreira,MULTI,training,23956,scheduled lubrication cycle,Line 1
2026-05-20,afternoon,T5311,Yuki Tanaka,MULTI,yes,35993,annual inspection,Training Room
2026-05-20,night,T1248,Chen Wei,ARM-05,yes,24468,preventive maintenance,Line 2
2026-05-21,morning,T1663,Ethan Kowalski,ARM-01,yes,63135,safety audit,Line 2
2026-05-21,afternoon,T6730,Aisha Diallo,ARM-04,training,36896,safety audit,Training Room
2026-05-21,night,T9670,Lucas Ferreira,ARM-04,yes,13164,scheduled lubrication cycle,Line 1
2026-05-22,morning,T7192,Aisha Diallo,ARM-01,training,69911,annual inspection,Line 1
2026-05-22,afternoon,T6522,Tobias Richt,MULTI,sick_leave,73101,scheduled lubrication cycle,Line 4
2026-05-22,night,T3703,Maria Santos,ARM-01,yes,70073,repair ticket #3471,Line 2
2026-05-23,morning,T8820,Chen Wei,ARM-02,no,46392,sensor calibration,Line 2
2026-05-23,afternoon,T3609,Ethan Kowalski,ARM-01,yes,58872,sensor calibration,Maintenance Bay
2026-05-23,night,T6331,Priya Sharma,ARM-04,training,28717,training session,Line 1
2026-05-24,morning,T7024,Ethan Kowalski,ARM-03,sick_leave,38744,bearing inspection,Line 3
2026-05-24,afternoon,T5173,Lucas Ferreira,MULTI,training,69032,scheduled lubrication cycle,Line 3
2026-05-24,night,T9075,Samuel Osei,ARM-03,yes,30081,safety audit,Training Room
2026-05-25,morning,T5875,Yuki Tanaka,ARM-05,training,44165,scheduled lubrication cycle,Line 2
2026-05-25,afternoon,T7929,Carlos Mendez,ARM-02,yes,51237,repair ticket #1168,Line 4
2026-05-25,night,T1790,Lucas Ferreira,ARM-05,yes,21707,preventive maintenance,Line 2
2026-05-26,morning,T4023,Aisha Diallo,ARM-04,yes,78664,training session,Line 1
2026-05-26,afternoon,T1885,Yuki Tanaka,ARM-05,training,74325,sensor calibration,Line 3
2026-05-26,night,T1141,Ethan Kowalski,ARM-04,training,40671,repair ticket #8509,Line 2
2026-05-27,morning,T8142,Hana Nakamura,ARM-04,yes,34306,repair ticket #5469,Line 3
2026-05-27,afternoon,T5605,Carlos Mendez,ARM-03,yes,58519,sensor calibration,Line 1
2026-05-27,night,T5619,Priya Sharma,ARM-05,yes,62764,bearing inspection,Line 3
2026-05-28,morning,T3979,Samuel Osei,ARM-01,training,63603,bearing inspection,Line 2
2026-05-28,afternoon,T9377,Hana Nakamura,ARM-05,no,95583,conveyor belt check,Line 4
2026-05-28,night,T7760,Yuki Tanaka,ARM-05,sick_leave,14938,sensor calibration,Line 1
2026-05-29,morning,T1721,Oluwaseun Adebayo,ARM-05,yes,50615,conveyor belt check,Line 1
2026-05-29,afternoon,T7882,Yuki Tanaka,ARM-04,training,44051,bearing inspection,Line 3
2026-05-29,night,T7778,Fatima Al-Rashidi,ARM-05,training,69179,sensor calibration,Line 3
2026-05-30,morning,T3112,Hana Nakamura,ARM-02,yes,20431,shift handover,Line 4
2026-05-30,afternoon,T2851,Fatima Al-Rashidi,ARM-01,yes,93816,preventive maintenance,Line 2
2026-05-30,night,T5013,Oluwaseun Adebayo,ARM-03,yes,15024,sensor calibration,Line 3
2026-05-31,morning,T1159,Nina Patel,MULTI,no,87380,scheduled lubrication cycle,Line 3
2026-05-31,afternoon,T4441,Priya Sharma,ARM-04,yes,51529,repair ticket #9559,Maintenance Bay
2026-05-31,night,T3461,Chen Wei,ARM-05,training,61505,shift handover,Line 4
2026-05-01,morning,T9797,Priya Sharma,MULTI,yes,49225,scheduled lubrication cycle,Line 4
2026-05-01,afternoon,T5431,Oluwaseun Adebayo,ARM-01,no,61238,preventive maintenance,Maintenance Bay
2026-05-01,night,T8750,Priya Sharma,ARM-03,yes,75840,training session,Training Room
2026-05-02,morning,T7982,Carlos Mendez,ARM-02,yes,74753,conveyor belt check,Line 4
2026-05-02,afternoon,T6780,Aisha Diallo,ARM-05,no,93290,annual inspection,Line 1
2026-05-02,night,T6201,Carlos Mendez,ARM-03,sick_leave,13547,annual inspection,Line 1
2026-05-03,morning,T1672,Ethan Kowalski,ARM-03,yes,34890,sensor calibration,Maintenance Bay
2026-05-03,afternoon,T1108,Carlos Mendez,ARM-03,no,76728,training session,Line 1
2026-05-03,night,T2336,Samuel Osei,ARM-01,yes,18596,conveyor belt check,Line 3
2026-05-04,morning,T4291,Yuki Tanaka,MULTI,yes,43597,repair ticket #7341,Line 2
2026-05-04,afternoon,T5892,Nina Patel,ARM-03,no,42338,scheduled lubrication cycle,Training Room
2026-05-04,night,T4269,Ethan Kowalski,MULTI,sick_leave,54441,sensor calibration,Line 1
2026-05-05,morning,T3536,Fatima Al-Rashidi,ARM-03,sick_leave,53182,bearing inspection,Training Room
2026-05-05,afternoon,T3593,Lucas Ferreira,ARM-01,sick_leave,82369,sensor calibration,Line 1
2026-05-05,night,T6075,Oluwaseun Adebayo,ARM-04,training,91950,scheduled lubrication cycle,Line 3
2026-05-06,morning,T5826,Nina Patel,ARM-03,no,65960,shift handover,Line 2
2026-05-06,afternoon,T1181,Carlos Mendez,ARM-04,no,75057,shift handover,Maintenance Bay
2026-05-06,night,T7169,Oluwaseun Adebayo,ARM-01,yes,14928,shift handover,Line 2
2026-05-07,morning,T9784,Hana Nakamura,MULTI,yes,90816,annual inspection,Maintenance Bay
2026-05-07,afternoon,T2167,Tobias Richt,ARM-02,yes,21262,scheduled lubrication cycle,Line 2
2026-05-07,night,T4896,Yuki Tanaka,ARM-02,sick_leave,24638,repair ticket #7015,Line 2
2026-05-08,morning,T8751,Samuel Osei,ARM-03,no,55436,shift handover,Line 4
2026-05-08,afternoon,T3034,Aisha Diallo,MULTI,no,88502,training session,Training Room
2026-05-08,night,T8558,Yuki Tanaka,ARM-01,yes,29135,scheduled lubrication cycle,Line 4
2026-05-09,morning,T9277,Ethan Kowalski,ARM-01,training,54072,bearing inspection,Line 3
2026-05-09,afternoon,T4729,Ethan Kowalski,ARM-04,no,57610,preventive maintenance,Line 2
2026-05-09,night,T2390,Carlos Mendez,ARM-03,yes,60372,training session,Line 1
2026-05-10,morning,T4449,Tobias Richt,ARM-02,yes,81684,scheduled lubrication cycle,Training Room
2026-05-10,afternoon,T2472,Carlos Mendez,ARM-05,yes,94855,sensor calibration,Line 3
2026-05-10,night,T1182,Ethan Kowalski,ARM-04,training,50770,safety audit,Training Room
2026-05-11,morning,T3850,Yuki Tanaka,MULTI,sick_leave,80044,training session,Line 2
2026-05-11,afternoon,T3377,Yuki Tanaka,ARM-04,sick_leave,56468,annual inspection,Line 3
2026-05-11,night,T4467,Hana Nakamura,ARM-05,yes,87904,scheduled lubrication cycle,Line 3
2026-05-12,morning,T8718,Hana Nakamura,ARM-01,no,17684,conveyor belt check,Maintenance Bay
2026-05-12,afternoon,T4963,Yuki Tanaka,ARM-02,yes,58433,preventive maintenance,Line 4
2026-05-12,night,T1792,Ethan Kowalski,ARM-03,yes,46601,training session,Line 2
2026-05-13,morning,T8976,Samuel Osei,ARM-02,sick_leave,69781,scheduled lubrication cycle,Line 3
2026-05-13,afternoon,T3800,Chen Wei,ARM-01,yes,50766,sensor calibration,Line 1
2026-05-13,night,T1592,Hana Nakamura,ARM-01,sick_leave,99245,bearing inspection,Line 4
2026-05-14,morning,T6140,Maria Santos,ARM-02,sick_leave,49656,bearing inspection,Line 1
2026-05-14,afternoon,T4623,Lucas Ferreira,ARM-02,yes,79171,annual inspection,Line 2
2026-05-14,night,T5859,Dmitri Volkov,MULTI,sick_leave,17726,bearing inspection,Line 4
2026-05-15,morning,T6606,Aisha Diallo,ARM-04,yes,61164,conveyor belt check,Line 3
2026-05-15,afternoon,T5683,Tobias Richt,ARM-03,no,35027,annual inspection,Maintenance Bay
2026-05-15,night,T5942,Ethan Kowalski,ARM-03,training,30192,annual inspection,Line 1
2026-05-16,morning,T8582,Priya Sharma,MULTI,no,66295,shift handover,Line 4
2026-05-16,afternoon,T4086,Yuki Tanaka,ARM-05,no,52819,annual inspection,Training Room
2026-05-16,night,T6970,Tobias Richt,ARM-02,sick_leave,40938,conveyor belt check,Line 2
2026-05-17,morning,T8640,Chen Wei,ARM-03,training,72901,repair ticket #6795,Line 4
2026-05-17,afternoon,T6010,Maria Santos,ARM-05,sick_leave,38493,safety audit,Maintenance Bay
2026-05-17,night,T9168,Aisha Diallo,ARM-05,sick_leave,46307,bearing inspection,Line 2
2026-05-18,morning,T8286,Oluwaseun Adebayo,ARM-05,yes,98152,bearing inspection,Line 2
2026-05-18,afternoon,T9387,Fatima Al-Rashidi,ARM-04,no,58810,bearing inspection,Line 4
2026-05-18,night,T4672,Aisha Diallo,MULTI,yes,91255,bearing inspection,Line 1
2026-05-19,morning,T3428,Oluwaseun Adebayo,MULTI,yes,64449,preventive maintenance,Training Room
2026-05-19,afternoon,T4909,Maria Santos,ARM-04,sick_leave,14404,preventive maintenance,Line 3
2026-05-19,night,T7459,Priya Sharma,ARM-05,sick_leave,65425,annual inspection,Training Room
2026-05-20,morning,T9846,Samuel Osei,ARM-04,yes,90657,safety audit,Line 3
2026-05-20,afternoon,T5366,Hana Nakamura,ARM-02,yes,78599,annual inspection,Training Room
2026-05-20,night,T8251,Aisha Diallo,ARM-05,yes,43896,repair ticket #5483,Line 4
2026-05-21,morning,T7750,Samuel Osei,ARM-05,training,53643,training session,Line 4
2026-05-21,afternoon,T5119,Hana Nakamura,ARM-05,yes,13796,annual inspection,Line 4
2026-05-21,night,T7331,Nina Patel,ARM-05,training,74814,shift handover,Line 2
2026-05-22,morning,T6680,Chen Wei,ARM-01,sick_leave,70329,training session,Line 3
2026-05-22,afternoon,T3368,Carlos Mendez,ARM-02,yes,91415,preventive maintenance,Line 1
2026-05-22,night,T4048,Dmitri Volkov,ARM-05,sick_leave,79118,repair ticket #9855,Line 3
2026-05-23,morning,T5164,Yuki Tanaka,ARM-03,yes,48080,repair ticket #6133,Training Room
2026-05-23,afternoon,T6709,Lucas Ferreira,ARM-02,training,32623,preventive maintenance,Line 4
2026-05-23,night,T9449,Samuel Osei,ARM-02,yes,28546,annual inspection,Maintenance Bay
2026-05-24,morning,T8619,Priya Sharma,ARM-01,sick_leave,97451,annual inspection,Maintenance Bay
2026-05-24,afternoon,T2550,Priya Sharma,MULTI,sick_leave,51583,annual inspection,Line 1
2026-05-24,night,T9015,Hana Nakamura,ARM-04,no,36389,conveyor belt check,Line 1
2026-05-25,morning,T5885,Nina Patel,ARM-03,training,69971,sensor calibration,Training Room
2026-05-25,afternoon,T8363,Samuel Osei,MULTI,no,99959,scheduled lubrication cycle,Line 4
2026-05-25,night,T7155,Dmitri Volkov,ARM-01,sick_leave,96234,preventive maintenance,Training Room
2026-05-26,morning,T1258,Yuki Tanaka,ARM-05,training,91624,conveyor belt check,Training Room
2026-05-26,afternoon,T9574,Aisha Diallo,ARM-04,no,30296,annual inspection,Line 1
2026-05-26,night,T3770,Nina Patel,ARM-03,yes,37709,training session,Line 3
2026-05-27,morning,T8547,Yuki Tanaka,ARM-02,yes,70364,sensor calibration,Line 4
2026-05-27,afternoon,T2735,Aisha Diallo,ARM-02,yes,91085,repair ticket #8884,Line 1
2026-05-27,night,T8518,Yuki Tanaka,ARM-05,yes,11990,preventive maintenance,Training Room
2026-05-28,morning,T3611,Chen Wei,ARM-02,no,87832,annual inspection,Maintenance Bay
2026-05-28,afternoon,T9891,Carlos Mendez,ARM-02,yes,32582,scheduled lubrication cycle,Line 2
2026-05-28,night,T7948,Nina Patel,ARM-03,yes,28032,safety audit,Maintenance Bay
2026-05-29,morning,T9404,Maria Santos,ARM-01,no,69605,bearing inspection,Training Room
2026-05-29,afternoon,T6005,Samuel Osei,ARM-05,yes,12194,sensor calibration,Line 4
2026-05-29,night,T6758,Aisha Diallo,ARM-02,yes,72877,training session,Line 3
2026-05-30,morning,T6857,Carlos Mendez,ARM-01,no,15222,conveyor belt check,Line 3
2026-05-30,afternoon,T2321,Tobias Richt,ARM-04,no,11566,safety audit,Training Room
2026-05-30,night,T3960,Tobias Richt,ARM-03,sick_leave,29388,repair ticket #8692,Line 1
2026-05-31,morning,T5700,Nina Patel,MULTI,no,97689,conveyor belt check,Line 3
2026-05-31,afternoon,T7441,Lucas Ferreira,ARM-01,yes,78819,safety audit,Training Room
2026-05-31,night,T8752,Maria Santos,ARM-04,yes,40243,shift handover,Line 1
2026-05-01,morning,T1258,Nina Patel,ARM-01,yes,40522,preventive maintenance,Line 3
2026-05-01,afternoon,T8588,Samuel Osei,ARM-05,sick_leave,64280,scheduled lubrication cycle,Line 1
2026-05-01,night,T7843,Carlos Mendez,ARM-02,training,16680,training session,Training Room
2026-05-02,morning,T6628,Chen Wei,ARM-05,yes,51954,repair ticket #8585,Line 3
2026-05-02,afternoon,T6829,Hana Nakamura,MULTI,training,35603,annual inspection,Line 3
2026-05-02,night,T9376,Priya Sharma,ARM-05,yes,30485,annual inspection,Line 1
2026-05-03,morning,T3611,Tobias Richt,ARM-04,training,99651,preventive maintenance,Maintenance Bay
2026-05-03,afternoon,T7311,Hana Nakamura,ARM-05,sick_leave,92135,preventive maintenance,Line 3
2026-05-03,night,T4936,Ethan Kowalski,ARM-05,yes,99366,preventive maintenance,Line 3
2026-05-04,morning,T5170,Aisha Diallo,ARM-03,yes,48005,repair ticket #7079,Line 4
2026-05-04,afternoon,T8090,Samuel Osei,MULTI,yes,45313,training session,Line 4
2026-05-04,night,T6363,Maria Santos,ARM-05,yes,31069,sensor calibration,Maintenance Bay
2026-05-05,morning,T1301,Priya Sharma,ARM-03,yes,54187,repair ticket #5628,Line 1
2026-05-05,afternoon,T1217,Chen Wei,ARM-03,yes,70805,bearing inspection,Line 1
2026-05-05,night,T5357,Carlos Mendez,ARM-01,yes,58752,repair ticket #1585,Line 3
2026-05-06,morning,T1410,Dmitri Volkov,ARM-04,training,72022,shift handover,Maintenance Bay
2026-05-06,afternoon,T8104,Priya Sharma,ARM-03,yes,46864,conveyor belt check,Maintenance Bay
2026-05-06,night,T2523,Maria Santos,ARM-03,training,60288,repair ticket #5343,Line 4
2026-05-07,morning,T1465,Samuel Osei,ARM-05,yes,22123,bearing inspection,Line 4
2026-05-07,afternoon,T9840,Oluwaseun Adebayo,ARM-01,yes,20484,conveyor belt check,Training Room
2026-05-07,night,T4980,Fatima Al-Rashidi,ARM-05,training,42776,preventive maintenance,Line 3
2026-05-08,morning,T6857,Dmitri Volkov,ARM-02,yes,13742,preventive maintenance,Line 1
2026-05-08,afternoon,T7417,Aisha Diallo,ARM-04,sick_leave,60055,sensor calibration,Line 1
2026-05-08,night,T4420,Ethan Kowalski,ARM-04,yes,12031,preventive maintenance,Line 3
2026-05-09,morning,T1688,Priya Sharma,ARM-03,sick_leave,13012,training session,Line 2
2026-05-09,afternoon,T9950,Carlos Mendez,MULTI,yes,45697,scheduled lubrication cycle,Line 1
2026-05-09,night,T5342,Nina Patel,ARM-05,training,66815,training session,Line 4
2026-05-10,morning,T4606,Carlos Mendez,ARM-03,training,49821,sensor calibration,Line 3
2026-05-10,afternoon,T7697,Aisha Diallo,ARM-02,yes,55740,shift handover,Line 1
2026-05-10,night,T6988,Hana Nakamura,ARM-02,training,80322,repair ticket #6258,Training Room
2026-05-11,morning,T2640,Dmitri Volkov,ARM-04,sick_leave,83074,shift handover,Line 2
2026-05-11,afternoon,T3997,Hana Nakamura,ARM-04,training,50786,scheduled lubrication cycle,Line 1
2026-05-11,night,T7169,Carlos Mendez,MULTI,yes,64652,annual inspection,Line 3
2026-05-12,morning,T1755,Hana Nakamura,ARM-04,sick_leave,38943,sensor calibration,Line 4
2026-05-12,afternoon,T8873,Samuel Osei,ARM-02,no,87360,preventive maintenance,Line 2
2026-05-12,night,T2088,Maria Santos,ARM-05,sick_leave,18748,safety audit,Maintenance Bay
2026-05-13,morning,T1820,Aisha Diallo,MULTI,yes,43030,annual inspection,Line 2
2026-05-13,afternoon,T9812,Oluwaseun Adebayo,ARM-05,sick_leave,76608,shift handover,Training Room
2026-05-13,night,T3946,Aisha Diallo,ARM-05,no,52530,conveyor belt check,Line 4
2026-05-14,morning,T8218,Samuel Osei,ARM-02,yes,32282,annual inspection,Line 2
2026-05-14,afternoon,T6390,Nina Patel,MULTI,training,57443,shift handover,Line 1
2026-05-14,night,T8285,Dmitri Volkov,ARM-03,training,26867,repair ticket #4634,Line 1
2026-05-15,morning,T6659,Maria Santos,MULTI,training,65637,preventive maintenance,Line 2
2026-05-15,afternoon,T6050,Chen Wei,ARM-01,no,98211,safety audit,Line 2
2026-05-15,night,T1363,Priya Sharma,MULTI,sick_leave,22458,shift handover,Line 4
2026-05-16,morning,T3113,Dmitri Volkov,ARM-02,training,10175,conveyor belt check,Line 3
2026-05-16,afternoon,T4628,Fatima Al-Rashidi,ARM-05,sick_leave,58550,repair ticket #5677,Line 4
2026-05-16,night,T9267,Chen Wei,ARM-03,yes,88514,preventive maintenance,Line 4
2026-05-17,morning,T7547,Maria Santos,ARM-03,yes,54044,sensor calibration,Line 4
2026-05-17,afternoon,T9468,Lucas Ferreira,ARM-01,no,43119,bearing inspection,Maintenance Bay
2026-05-17,night,T8932,Nina Patel,MULTI,sick_leave,65032,scheduled lubrication cycle,Line 3
2026-05-18,morning,T5432,Maria Santos,ARM-01,training,27116,repair ticket #6360,Line 1
2026-05-18,afternoon,T8266,Ethan Kowalski,ARM-05,yes,30657,annual inspection,Line 3
2026-05-18,night,T5347,Chen Wei,MULTI,yes,26941,training session,Line 4
2026-05-19,morning,T7680,Dmitri Volkov,ARM-05,sick_leave,34989,training session,Training Room
2026-05-19,afternoon,T6898,Priya Sharma,ARM-04,yes,81759,sensor calibration,Training Room
2026-05-19,night,T7542,Maria Santos,ARM-03,yes,80355,bearing inspection,Line 2
2026-05-20,morning,T3357,Fatima Al-Rashidi,ARM-04,yes,31562,repair ticket #3108,Maintenance Bay
2026-05-20,afternoon,T2147,Priya Sharma,ARM-03,training,58784,preventive maintenance,Line 3
2026-05-20,night,T8068,Hana Nakamura,MULTI,no,61733,scheduled lubrication cycle,Line 1
2026-05-21,morning,T6169,Aisha Diallo,ARM-01,training,38558,preventive maintenance,Line 2
2026-05-21,afternoon,T4486,Aisha Diallo,ARM-03,no,76765,conveyor belt check,Line 4
2026-05-21,night,T2553,Maria Santos,ARM-01,training,63411,preventive maintenance,Line 3
2026-05-22,morning,T1715,Yuki Tanaka,ARM-04,yes,67616,repair ticket #5999,Line 1
2026-05-22,afternoon,T5257,Lucas Ferreira,ARM-01,training,53421,sensor calibration,Line 4
2026-05-22,night,T6339,Priya Sharma,ARM-01,no,64385,sensor calibration,Line 1
2026-05-23,morning,T9712,Carlos Mendez,ARM-01,no,32271,annual inspection,Line 1
2026-05-23,afternoon,T8489,Nina Patel,ARM-05,sick_leave,89581,annual inspection,Line 1
2026-05-23,night,T1222,Dmitri Volkov,ARM-02,training,10438,safety audit,Line 1
2026-05-24,morning,T3662,Tobias Richt,ARM-05,training,32830,safety audit,Line 4
2026-05-24,afternoon,T8148,Yuki Tanaka,ARM-02,sick_leave,78973,preventive maintenance,Maintenance Bay
2026-05-24,night,T7144,Lucas Ferreira,ARM-01,yes,90418,conveyor belt check,Maintenance Bay
2026-05-25,morning,T4360,Dmitri Volkov,ARM-05,yes,77232,annual inspection,Line 4
2026-05-25,afternoon,T3102,Oluwaseun Adebayo,MULTI,yes,75700,scheduled lubrication cycle,Line 1
2026-05-25,night,T9420,Aisha Diallo,ARM-01,no,55765,safety audit,Line 1
2026-05-26,morning,T9766,Nina Patel,ARM-03,yes,43076,conveyor belt check,Line 3
2026-05-26,afternoon,T1255,Carlos Mendez,ARM-01,no,58644,scheduled lubrication cycle,Line 1
2026-05-26,night,T7801,Ethan Kowalski,ARM-01,sick_leave,33444,training session,Training Room
2026-05-27,morning,T5544,Lucas Ferreira,ARM-03,sick_leave,23849,bearing inspection,Maintenance Bay
2026-05-27,afternoon,T9864,Nina Patel,ARM-04,no,13367,training session,Line 3
2026-05-27,night,T7980,Oluwaseun Adebayo,ARM-02,yes,39504,annual inspection,Line 2
2026-05-28,morning,T3373,Fatima Al-Rashidi,ARM-05,yes,73166,bearing inspection,Training Room
2026-05-28,afternoon,T2523,Nina Patel,ARM-04,training,49492,scheduled lubrication cycle,Line 4
2026-05-28,night,T2351,Lucas Ferreira,ARM-02,yes,92428,bearing inspection,Maintenance Bay
2026-05-29,morning,T2055,Ethan Kowalski,ARM-03,sick_leave,95355,conveyor belt check,Line 1
2026-05-29,afternoon,T5234,Priya Sharma,MULTI,yes,33573,conveyor belt check,Line 3
2026-05-29,night,T9898,Dmitri Volkov,ARM-03,no,87395,scheduled lubrication cycle,Maintenance Bay
2026-05-30,morning,T9554,Yuki Tanaka,MULTI,yes,67864,annual inspection,Training Room
2026-05-30,afternoon,T9207,Tobias Richt,ARM-02,yes,64839,training session,Line 2
2026-05-30,night,T3693,Samuel Osei,ARM-05,yes,36726,repair ticket #4234,Line 4
2026-05-31,morning,T6199,Oluwaseun Adebayo,MULTI,yes,50765,annual inspection,Line 3
2026-05-31,afternoon,T7300,Tobias Richt,ARM-05,no,54856,preventive maintenance,Training Room
2026-05-31,night,T5463,Nina Patel,ARM-05,sick_leave,48674,annual inspection,Line 1
2026-05-01,morning,T3000,Lucas Ferreira,ARM-02,yes,87851,preventive maintenance,Training Room
2026-05-01,afternoon,T1167,Nina Patel,MULTI,no,49273,scheduled lubrication cycle,Training Room
2026-05-01,night,T5371,Dmitri Volkov,ARM-05,training,57426,sensor calibration,Line 1
2026-05-02,morning,T1068,Priya Sharma,ARM-01,training,76202,safety audit,Line 3
2026-05-02,afternoon,T9164,Carlos Mendez,ARM-01,yes,88533,safety audit,Line 4
2026-05-02,night,T9000,Oluwaseun Adebayo,MULTI,no,10652,training session,Training Room
2026-05-03,morning,T7732,Carlos Mendez,MULTI,sick_leave,30924,annual inspection,Training Room
2026-05-03,afternoon,T4693,Hana Nakamura,ARM-02,yes,85010,conveyor belt check,Line 2
2026-05-03,night,T6146,Samuel Osei,ARM-05,yes,65876,bearing inspection,Line 1
2026-05-04,morning,T6552,Nina Patel,MULTI,sick_leave,75870,safety audit,Line 4
2026-05-04,afternoon,T3352,Yuki Tanaka,MULTI,yes,18109,shift handover,Line 4
2026-05-04,night,T8383,Hana Nakamura,ARM-01,sick_leave,57078,repair ticket #5366,Line 4
2026-05-05,morning,T2422,Nina Patel,ARM-02,sick_leave,60872,repair ticket #1492,Line 4
2026-05-05,afternoon,T4535,Yuki Tanaka,ARM-04,yes,89011,bearing inspection,Training Room
2026-05-05,night,T1049,Dmitri Volkov,ARM-05,yes,83635,repair ticket #7667,Line 1
2026-05-06,morning,T8418,Ethan Kowalski,ARM-03,training,40238,shift handover,Line 3
2026-05-06,afternoon,T9986,Tobias Richt,MULTI,no,56624,shift handover,Line 3
2026-05-06,night,T1198,Samuel Osei,ARM-02,yes,50146,bearing inspection,Maintenance Bay
2026-05-07,morning,T9035,Chen Wei,ARM-02,yes,40394,training session,Line 2
2026-05-07,afternoon,T7611,Tobias Richt,ARM-05,yes,88279,scheduled lubrication cycle,Line 4
2026-05-07,night,T8225,Nina Patel,ARM-05,training,47891,annual inspection,Line 2
2026-05-08,morning,T3747,Lucas Ferreira,ARM-05,yes,21213,repair ticket #6909,Line 3
2026-05-08,afternoon,T1752,Samuel Osei,ARM-04,yes,27160,training session,Training Room
2026-05-08,night,T1989,Nina Patel,MULTI,yes,39405,training session,Line 2
2026-05-09,morning,T7808,Dmitri Volkov,ARM-01,no,47670,annual inspection,Maintenance Bay
2026-05-09,afternoon,T2348,Lucas Ferreira,ARM-04,training,16055,bearing inspection,Line 3
2026-05-09,night,T3001,Hana Nakamura,ARM-01,sick_leave,10800,training session,Line 1
2026-05-10,morning,T5957,Aisha Diallo,ARM-01,sick_leave,72780,safety audit,Maintenance Bay
2026-05-10,afternoon,T7214,Priya Sharma,ARM-02,training,61606,sensor calibration,Line 3
2026-05-10,night,T6532,Maria Santos,ARM-02,training,93572,training session,Line 2
2026-05-11,morning,T3009,Samuel Osei,ARM-01,training,39875,shift handover,Line 4
2026-05-11,afternoon,T4579,Priya Sharma,ARM-01,yes,59305,conveyor belt check,Line 2
2026-05-11,night,T2073,Fatima Al-Rashidi,ARM-05,yes,55266,sensor calibration,Line 1
2026-05-12,morning,T2228,Yuki Tanaka,MULTI,yes,36797,repair ticket #9517,Training Room
2026-05-12,afternoon,T1530,Carlos Mendez,ARM-02,yes,98207,scheduled lubrication cycle,Line 3
2026-05-12,night,T1506,Dmitri Volkov,ARM-02,sick_leave,48691,training session,Line 4
2026-05-13,morning,T2415,Carlos Mendez,ARM-02,sick_leave,26184,preventive maintenance,Maintenance Bay
2026-05-13,afternoon,T8499,Ethan Kowalski,MULTI,sick_leave,53913,scheduled lubrication cycle,Line 1
2026-05-13,night,T7393,Tobias Richt,MULTI,yes,36205,safety audit,Line 1
2026-05-14,morning,T7804,Hana Nakamura,ARM-03,training,30983,preventive maintenance,Line 2
2026-05-14,afternoon,T8266,Fatima Al-Rashidi,ARM-01,yes,85171,repair ticket #5127,Maintenance Bay
2026-05-14,night,T5378,Ethan Kowalski,ARM-03,training,52244,safety audit,Line 4
2026-05-15,morning,T2320,Dmitri Volkov,ARM-02,training,18261,scheduled lubrication cycle,Line 4
2026-05-15,afternoon,T9585,Samuel Osei,ARM-05,yes,87553,repair ticket #9357,Line 1
2026-05-15,night,T7476,Nina Patel,MULTI,yes,24350,training session,Line 4
2026-05-16,morning,T7256,Yuki Tanaka,ARM-05,yes,81898,safety audit,Line 1
2026-05-16,afternoon,T7923,Dmitri Volkov,MULTI,sick_leave,45866,bearing inspection,Training Room
2026-05-16,night,T6328,Fatima Al-Rashidi,ARM-03,yes,45808,scheduled lubrication cycle,Line 1
2026-05-17,morning,T9566,Lucas Ferreira,ARM-02,yes,58778,shift handover,Training Room
2026-05-17,afternoon,T3902,Priya Sharma,ARM-01,training,11924,scheduled lubrication cycle,Training Room
2026-05-17,night,T1649,Lucas Ferreira,ARM-05,training,62141,conveyor belt check,Training Room
2026-05-18,morning,T5528,Fatima Al-Rashidi,ARM-03,yes,74980,scheduled lubrication cycle,Line 1
2026-05-18,afternoon,T7452,Maria Santos,ARM-04,yes,62017,annual inspection,Training Room
2026-05-18,night,T1406,Nina Patel,ARM-03,yes,57295,shift handover,Line 4
2026-05-19,morning,T4340,Fatima Al-Rashidi,ARM-03,yes,84354,repair ticket #6820,Line 3
2026-05-19,afternoon,T9806,Oluwaseun Adebayo,ARM-03,training,55632,safety audit,Line 2
2026-05-19,night,T5411,Tobias Richt,ARM-04,yes,93434,sensor calibration,Line 3
2026-05-20,morning,T8374,Ethan Kowalski,ARM-03,no,97818,safety audit,Maintenance Bay
2026-05-20,afternoon,T3592,Oluwaseun Adebayo,ARM-03,no,50050,safety audit,Line 3
2026-05-20,night,T3416,Maria Santos,MULTI,yes,17191,sensor calibration,Line 2
2026-05-21,morning,T6179,Priya Sharma,ARM-02,yes,74301,scheduled lubrication cycle,Training Room
2026-05-21,afternoon,T9151,Yuki Tanaka,ARM-01,training,97318,sensor calibration,Training Room
2026-05-21,night,T8679,Dmitri Volkov,ARM-03,training,66655,repair ticket #7950,Line 3
2026-05-22,morning,T7484,Hana Nakamura,MULTI,no,67069,sensor calibration,Line 3
2026-05-22,afternoon,T9925,Dmitri Volkov,MULTI,yes,27303,shift handover,Maintenance Bay
2026-05-22,night,T1389,Fatima Al-Rashidi,ARM-03,sick_leave,13066,safety audit,Line 4
2026-05-23,morning,T5517,Tobias Richt,ARM-02,yes,23644,repair ticket #7993,Line 4
2026-05-23,afternoon,T9918,Carlos Mendez,ARM-03,yes,12264,bearing inspection,Maintenance Bay
2026-05-23,night,T4182,Samuel Osei,ARM-03,no,81430,repair ticket #3250,Line 3
2026-05-24,morning,T3439,Carlos Mendez,ARM-05,training,55375,conveyor belt check,Line 1
2026-05-24,afternoon,T9870,Fatima Al-Rashidi,ARM-04,no,41800,sensor calibration,Line 4
2026-05-24,night,T3780,Nina Patel,ARM-02,training,86402,annual inspection,Line 1
2026-05-25,morning,T6686,Oluwaseun Adebayo,MULTI,training,73848,shift handover,Line 1
2026-05-25,afternoon,T9965,Lucas Ferreira,ARM-02,yes,80757,repair ticket #1792,Line 3
2026-05-25,night,T2099,Oluwaseun Adebayo,ARM-03,no,22355,scheduled lubrication cycle,Maintenance Bay
2026-05-26,morning,T4601,Dmitri Volkov,ARM-04,sick_leave,62733,bearing inspection,Line 2
2026-05-26,afternoon,T5098,Maria Santos,ARM-03,no,67617,shift handover,Line 2
2026-05-26,night,T6171,Ethan Kowalski,MULTI,yes,56826,annual inspection,Line 3
2026-05-27,morning,T5675,Carlos Mendez,ARM-01,no,22366,shift handover,Line 1
2026-05-27,afternoon,T2688,Nina Patel,MULTI,yes,33390,scheduled lubrication cycle,Line 3
2026-05-27,night,T5782,Chen Wei,ARM-04,yes,51730,training session,Maintenance Bay
2026-05-28,morning,T3028,Carlos Mendez,ARM-04,no,24431,sensor calibration,Training Room
2026-05-28,afternoon,T5547,Samuel Osei,ARM-03,yes,16535,sensor calibration,Training Room
2026-05-28,night,T3550,Samuel Osei,ARM-04,training,55339,annual inspection,Line 3
2026-05-29,morning,T3433,Hana Nakamura,ARM-04,sick_leave,51153,bearing inspection,Maintenance Bay
2026-05-29,afternoon,T1986,Tobias Richt,ARM-05,training,75553,shift handover,Training Room
2026-05-29,night,T2678,Hana Nakamura,ARM-01,sick_leave,58088,shift handover,Training Room
2026-05-30,morning,T6422,Samuel Osei,ARM-03,yes,45649,safety audit,Line 2
2026-05-30,afternoon,T9552,Yuki Tanaka,ARM-01,training,70120,sensor calibration,Maintenance Bay
2026-05-30,night,T7128,Hana Nakamura,ARM-03,training,80909,scheduled lubrication cycle,Training Room
2026-05-31,morning,T4724,Samuel Osei,ARM-01,yes,81545,safety audit,Line 3
2026-05-31,afternoon,T8638,Hana Nakamura,MULTI,yes,31643,scheduled lubrication cycle,Line 1
2026-05-31,night,T5024,Aisha Diallo,ARM-01,yes,36689,sensor calibration,Maintenance Bay
2026-05-01,morning,T9697,Maria Santos,MULTI,training,87104,conveyor belt check,Training Room
2026-05-01,afternoon,T3046,Tobias Richt,MULTI,yes,47887,conveyor belt check,Maintenance Bay
2026-05-01,night,T6744,Chen Wei,ARM-02,training,77329,preventive maintenance,Maintenance Bay
2026-05-02,morning,T7755,Ethan Kowalski,ARM-02,yes,60473,safety audit,Line 3
2026-05-02,afternoon,T6860,Samuel Osei,ARM-05,yes,88813,preventive maintenance,Line 2
2026-05-02,night,T4029,Aisha Diallo,ARM-01,yes,43254,sensor calibration,Line 2
2026-05-03,morning,T3555,Dmitri Volkov,ARM-05,sick_leave,80100,preventive maintenance,Maintenance Bay
2026-05-03,afternoon,T9220,Ethan Kowalski,ARM-02,no,93342,annual inspection,Training Room
2026-05-03,night,T5628,Yuki Tanaka,ARM-02,yes,86944,annual inspection,Maintenance Bay
2026-05-04,morning,T8251,Priya Sharma,ARM-02,yes,16059,preventive maintenance,Line 1
2026-05-04,afternoon,T5782,Lucas Ferreira,ARM-05,yes,40955,conveyor belt check,Line 4
2026-05-04,night,T6727,Maria Santos,MULTI,yes,98337,training session,Line 4
2026-05-05,morning,T7571,Dmitri Volkov,MULTI,yes,89402,bearing inspection,Line 2
2026-05-05,afternoon,T2527,Chen Wei,ARM-01,yes,80314,scheduled lubrication cycle,Line 2
2026-05-05,night,T8220,Tobias Richt,ARM-01,sick_leave,66181,bearing inspection,Training Room
2026-05-06,morning,T1272,Tobias Richt,MULTI,yes,36725,conveyor belt check,Training Room
2026-05-06,afternoon,T2647,Priya Sharma,ARM-01,training,85981,shift handover,Maintenance Bay
2026-05-06,night,T8800,Carlos Mendez,ARM-01,yes,58959,preventive maintenance,Line 1
2026-05-07,morning,T8450,Aisha Diallo,ARM-05,yes,56176,shift handover,Training Room
2026-05-07,afternoon,T7273,Maria Santos,ARM-02,no,73311,scheduled lubrication cycle,Line 2
2026-05-07,night,T9133,Priya Sharma,ARM-02,yes,55875,training session,Line 1
2026-05-08,morning,T9566,Carlos Mendez,ARM-05,yes,78093,bearing inspection,Line 3
2026-05-08,afternoon,T6368,Nina Patel,ARM-04,yes,99450,preventive maintenance,Line 3
2026-05-08,night,T2489,Maria Santos,ARM-03,sick_leave,26583,bearing inspection,Line 4
2026-05-09,morning,T8192,Fatima Al-Rashidi,ARM-04,training,22037,training session,Line 1
2026-05-09,afternoon,T4925,Hana Nakamura,ARM-03,sick_leave,53297,shift handover,Training Room
2026-05-09,night,T1567,Lucas Ferreira,MULTI,no,63527,scheduled lubrication cycle,Line 1
2026-05-10,morning,T1022,Yuki Tanaka,ARM-04,sick_leave,83449,bearing inspection,Training Room
2026-05-10,afternoon,T8035,Maria Santos,ARM-03,yes,13407,repair ticket #3495,Maintenance Bay
2026-05-10,night,T6879,Fatima Al-Rashidi,ARM-02,training,68022,safety audit,Line 1
2026-05-11,morning,T1989,Dmitri Volkov,ARM-01,no,29988,scheduled lubrication cycle,Training Room
2026-05-11,afternoon,T9996,Yuki Tanaka,ARM-03,yes,32628,safety audit,Line 3
2026-05-11,night,T3082,Tobias Richt,ARM-03,training,18194,training session,Line 4
2026-05-12,morning,T9535,Chen Wei,MULTI,yes,13634,conveyor belt check,Maintenance Bay
2026-05-12,afternoon,T3333,Ethan Kowalski,ARM-01,yes,24838,safety audit,Maintenance Bay
2026-05-12,night,T1544,Aisha Diallo,ARM-02,training,57312,safety audit,Training Room
2026-05-13,morning,T9804,Chen Wei,ARM-03,yes,30417,bearing inspection,Line 1
2026-05-13,afternoon,T8848,Ethan Kowalski,ARM-03,yes,70290,training session,Line 4
2026-05-13,night,T1195,Fatima Al-Rashidi,MULTI,yes,70556,shift handover,Line 2
2026-05-14,morning,T7741,Aisha Diallo,ARM-01,yes,84559,safety audit,Line 3
2026-05-14,afternoon,T5838,Carlos Mendez,ARM-03,training,49358,scheduled lubrication cycle,Line 3
2026-05-14,night,T4674,Nina Patel,ARM-04,yes,64848,repair ticket #7486,Line 1
2026-05-15,morning,T5305,Tobias Richt,ARM-04,sick_leave,71370,annual inspection,Line 4
2026-05-15,afternoon,T9129,Dmitri Volkov,ARM-03,yes,94699,bearing inspection,Line 4
2026-05-15,night,T1670,Oluwaseun Adebayo,ARM-01,yes,95909,sensor calibration,Line 4
2026-05-16,morning,T8788,Hana Nakamura,ARM-04,training,91346,shift handover,Line 4
2026-05-16,afternoon,T6005,Lucas Ferreira,MULTI,sick_leave,14694,scheduled lubrication cycle,Line 2
2026-05-16,night,T4765,Fatima Al-Rashidi,ARM-04,yes,83318,shift handover,Line 1
2026-05-17,morning,T9572,Aisha Diallo,ARM-04,yes,22529,shift handover,Line 4
2026-05-17,afternoon,T9001,Chen Wei,ARM-01,yes,95358,sensor calibration,Training Room
2026-05-17,night,T6633,Hana Nakamura,ARM-01,yes,24488,bearing inspection,Line 2
2026-05-18,morning,T8238,Oluwaseun Adebayo,MULTI,sick_leave,26707,sensor calibration,Maintenance Bay
2026-05-18,afternoon,T2084,Oluwaseun Adebayo,ARM-02,yes,94400,preventive maintenance,Training Room
2026-05-18,night,T7171,Carlos Mendez,MULTI,yes,38058,training session,Training Room
2026-05-19,morning,T7053,Oluwaseun Adebayo,ARM-02,training,31348,scheduled lubrication cycle,Line 3
2026-05-19,afternoon,T9474,Yuki Tanaka,MULTI,yes,58454,training session,Maintenance Bay
2026-05-19,night,T3679,Fatima Al-Rashidi,ARM-05,sick_leave,30286,conveyor belt check,Line 1
2026-05-20,morning,T7092,Ethan Kowalski,ARM-01,no,36212,safety audit,Line 4
2026-05-20,afternoon,T1458,Nina Patel,ARM-04,yes,83986,preventive maintenance,Line 4
2026-05-20,night,T3734,Lucas Ferreira,ARM-02,no,68045,sensor calibration,Line 3
2026-05-21,morning,T3133,Aisha Diallo,MULTI,yes,27200,shift handover,Maintenance Bay
2026-05-21,afternoon,T8955,Hana Nakamura,ARM-04,yes,75393,preventive maintenance,Line 4
2026-05-21,night,T9112,Ethan Kowalski,ARM-02,sick_leave,18171,repair ticket #4518,Training Room
2026-05-22,morning,T7599,Fatima Al-Rashidi,ARM-01,no,62648,annual inspection,Line 1
2026-05-22,afternoon,T4160,Samuel Osei,ARM-05,yes,59374,repair ticket #5952,Training Room
2026-05-22,night,T2284,Tobias Richt,ARM-03,sick_leave,47599,shift handover,Line 4
2026-05-23,morning,T7436,Tobias Richt,ARM-03,yes,54838,training session,Line 1
2026-05-23,afternoon,T5711,Tobias Richt,ARM-01,yes,19037,shift handover,Maintenance Bay
2026-05-23,night,T7844,Hana Nakamura,ARM-04,yes,12912,sensor calibration,Line 4
2026-05-24,morning,T2210,Chen Wei,ARM-01,yes,53803,repair ticket #2069,Line 1
2026-05-24,afternoon,T2290,Yuki Tanaka,ARM-05,yes,51236,sensor calibration,Line 3
2026-05-24,night,T4587,Nina Patel,ARM-01,sick_leave,90319,safety audit,Line 1
2026-05-25,morning,T4058,Yuki Tanaka,MULTI,sick_leave,66283,bearing inspection,Line 4
2026-05-25,afternoon,T4943,Samuel Osei,MULTI,no,52040,bearing inspection,Line 3
2026-05-25,night,T8010,Priya Sharma,ARM-01,no,74049,sensor calibration,Line 3
2026-05-26,morning,T1916,Priya Sharma,ARM-01,sick_leave,92672,scheduled lubrication cycle,Maintenance Bay
2026-05-26,afternoon,T2441,Nina Patel,ARM-04,sick_leave,20758,sensor calibration,Line 4
2026-05-26,night,T2839,Oluwaseun Adebayo,ARM-04,no,50922,repair ticket #2027,Line 1
2026-05-27,morning,T2317,Yuki Tanaka,ARM-05,training,73003,repair ticket #2930,Line 2
2026-05-27,afternoon,T2425,Yuki Tanaka,ARM-05,yes,12024,safety audit,Maintenance Bay
2026-05-27,night,T1948,Priya Sharma,ARM-05,yes,96922,sensor calibration,Line 2
2026-05-28,morning,T2830,Aisha Diallo,ARM-03,yes,27062,safety audit,Maintenance Bay
2026-05-28,afternoon,T2314,Oluwaseun Adebayo,ARM-04,yes,58344,repair ticket #2585,Line 3
2026-05-28,night,T5633,Tobias Richt,ARM-03,sick_leave,23267,sensor calibration,Line 4
2026-05-29,morning,T4097,Oluwaseun Adebayo,ARM-03,yes,30068,bearing inspection,Line 2
2026-05-29,afternoon,T2306,Oluwaseun Adebayo,ARM-04,no,19216,annual inspection,Training Room
2026-05-29,night,T6022,Aisha Diallo,ARM-05,yes,29744,preventive maintenance,Maintenance Bay
2026-05-30,morning,T3519,Carlos Mendez,ARM-04,no,81162,annual inspection,Training Room
2026-05-30,afternoon,T3376,Oluwaseun Adebayo,ARM-01,training,65324,bearing inspection,Line 2
2026-05-30,night,T8660,Yuki Tanaka,ARM-02,training,70526,shift handover,Training Room
2026-05-31,morning,T1194,Lucas Ferreira,ARM-03,yes,54407,training session,Line 3
2026-05-31,afternoon,T9769,Lucas Ferreira,ARM-01,training,40666,scheduled lubrication cycle,Line 2
2026-05-31,night,T1434,Hana Nakamura,MULTI,yes,88099,scheduled lubrication cycle,Line 4
2026-05-01,morning,T8725,Aisha Diallo,ARM-04,yes,95236,sensor calibration,Line 2
2026-05-01,afternoon,T5057,Tobias Richt,ARM-01,yes,86821,conveyor belt check,Maintenance Bay
2026-05-01,night,T1815,Samuel Osei,ARM-02,no,68474,scheduled lubrication cycle,Line 2
2026-05-02,morning,T8740,Priya Sharma,MULTI,no,17036,preventive maintenance,Maintenance Bay
2026-05-02,afternoon,T8265,Maria Santos,MULTI,training,71711,preventive maintenance,Line 1
2026-05-02,night,T8876,Chen Wei,MULTI,sick_leave,52777,shift handover,Maintenance Bay
2026-05-03,morning,T7825,Ethan Kowalski,ARM-03,yes,36314,conveyor belt check,Line 3
2026-05-03,afternoon,T2733,Yuki Tanaka,ARM-03,yes,86861,training session,Training Room
2026-05-03,night,T2027,Priya Sharma,ARM-01,yes,27639,repair ticket #4841,Line 1
2026-05-04,morning,T8504,Samuel Osei,ARM-05,yes,23427,sensor calibration,Line 1
2026-05-04,afternoon,T3712,Priya Sharma,ARM-05,yes,65124,scheduled lubrication cycle,Line 1
2026-05-04,night,T3228,Dmitri Volkov,ARM-01,training,57703,bearing inspection,Line 4
2026-05-05,morning,T5788,Lucas Ferreira,ARM-04,training,31610,sensor calibration,Line 2
2026-05-05,afternoon,T1694,Aisha Diallo,ARM-05,yes,85237,shift handover,Line 2
2026-05-05,night,T6903,Maria Santos,ARM-01,yes,92479,training session,Maintenance Bay
2026-05-06,morning,T3150,Samuel Osei,ARM-01,no,63250,training session,Line 4
2026-05-06,afternoon,T8029,Maria Santos,ARM-04,training,51221,bearing inspection,Training Room
2026-05-06,night,T1054,Hana Nakamura,ARM-01,yes,62103,sensor calibration,Training Room
2026-05-07,morning,T4723,Ethan Kowalski,ARM-01,yes,13086,training session,Line 3
2026-05-07,afternoon,T1308,Yuki Tanaka,ARM-04,yes,83793,sensor calibration,Line 1
2026-05-07,night,T5452,Samuel Osei,ARM-02,sick_leave,41515,preventive maintenance,Line 4
2026-05-08,morning,T5172,Tobias Richt,ARM-02,yes,84055,annual inspection,Line 3
2026-05-08,afternoon,T1451,Samuel Osei,ARM-03,no,60058,preventive maintenance,Line 3
2026-05-08,night,T2946,Maria Santos,ARM-03,no,10996,preventive maintenance,Maintenance Bay
2026-05-09,morning,T9948,Priya Sharma,ARM-04,yes,50227,scheduled lubrication cycle,Line 1
2026-05-09,afternoon,T6136,Priya Sharma,ARM-01,sick_leave,47235,conveyor belt check,Line 3
2026-05-09,night,T9169,Lucas Ferreira,ARM-04,yes,18711,repair ticket #1184,Line 1
2026-05-10,morning,T1993,Tobias Richt,MULTI,yes,43254,annual inspection,Line 1
2026-05-10,afternoon,T8928,Samuel Osei,ARM-04,yes,10926,preventive maintenance,Line 4
2026-05-10,night,T5525,Priya Sharma,ARM-02,no,58157,sensor calibration,Line 4
2026-05-11,morning,T4243,Carlos Mendez,ARM-02,yes,29642,conveyor belt check,Line 4
2026-05-11,afternoon,T4499,Ethan Kowalski,ARM-02,training,41357,repair ticket #6761,Line 3
2026-05-11,night,T9103,Nina Patel,ARM-05,no,92819,shift handover,Line 3
2026-05-12,morning,T1660,Ethan Kowalski,ARM-05,sick_leave,35890,annual inspection,Training Room
2026-05-12,afternoon,T1016,Dmitri Volkov,ARM-05,no,34957,sensor calibration,Line 3
2026-05-12,night,T9891,Priya Sharma,ARM-01,yes,18714,sensor calibration,Line 3
2026-05-13,morning,T1584,Hana Nakamura,ARM-01,yes,79431,shift handover,Line 4
2026-05-13,afternoon,T2620,Tobias Richt,ARM-02,sick_leave,33161,safety audit,Line 2
2026-05-13,night,T7770,Chen Wei,ARM-02,training,15255,bearing inspection,Line 3
2026-05-14,morning,T6755,Oluwaseun Adebayo,ARM-01,no,78833,scheduled lubrication cycle,Line 3
2026-05-14,afternoon,T1420,Tobias Richt,ARM-01,no,60471,sensor calibration,Line 3
2026-05-14,night,T6376,Yuki Tanaka,ARM-03,no,95008,scheduled lubrication cycle,Maintenance Bay
2026-05-15,morning,T7510,Fatima Al-Rashidi,ARM-04,sick_leave,28101,repair ticket #8619,Line 3
2026-05-15,afternoon,T8281,Fatima Al-Rashidi,ARM-05,training,37243,repair ticket #1045,Maintenance Bay
2026-05-15,night,T6421,Chen Wei,ARM-02,training,65522,safety audit,Line 4
2026-05-16,morning,T8646,Maria Santos,ARM-01,yes,83264,safety audit,Line 3
2026-05-16,afternoon,T9129,Lucas Ferreira,ARM-03,sick_leave,37105,preventive maintenance,Training Room
2026-05-16,night,T7052,Oluwaseun Adebayo,ARM-05,training,64676,repair ticket #9384,Line 1
2026-05-17,morning,T7006,Samuel Osei,ARM-01,yes,85589,annual inspection,Line 3
2026-05-17,afternoon,T4265,Lucas Ferreira,ARM-04,yes,78298,safety audit,Line 3
2026-05-17,night,T2531,Ethan Kowalski,MULTI,no,43609,bearing inspection,Line 4
2026-05-18,morning,T1137,Aisha Diallo,ARM-03,training,66764,sensor calibration,Training Room
2026-05-18,afternoon,T4458,Yuki Tanaka,ARM-02,yes,12241,training session,Line 1
2026-05-18,night,T5980,Dmitri Volkov,ARM-03,yes,85869,sensor calibration,Line 1
2026-05-19,morning,T3233,Priya Sharma,ARM-04,yes,42166,conveyor belt check,Maintenance Bay
2026-05-19,afternoon,T1959,Nina Patel,ARM-01,yes,99675,training session,Line 3
2026-05-19,night,T5175,Lucas Ferreira,ARM-05,training,57618,bearing inspection,Line 1
2026-05-20,morning,T2015,Carlos Mendez,ARM-03,no,21799,repair ticket #4488,Line 4
2026-05-20,afternoon,T8352,Maria Santos,ARM-01,yes,69940,annual inspection,Line 3
2026-05-20,night,T4715,Chen Wei,ARM-01,training,54651,conveyor belt check,Line 2
2026-05-21,morning,T5679,Chen Wei,ARM-04,no,60779,shift handover,Line 1
2026-05-21,afternoon,T2057,Nina Patel,ARM-04,yes,43278,training session,Line 3
2026-05-21,night,T5037,Maria Santos,ARM-02,yes,18300,sensor calibration,Training Room
2026-05-22,morning,T3364,Priya Sharma,ARM-02,no,89278,shift handover,Line 1
2026-05-22,afternoon,T1511,Hana Nakamura,ARM-02,yes,27064,preventive maintenance,Line 2
2026-05-22,night,T4222,Lucas Ferreira,ARM-05,yes,11126,training session,Line 3
2026-05-23,morning,T4726,Maria Santos,ARM-03,yes,74910,repair ticket #9838,Line 4
2026-05-23,afternoon,T1781,Oluwaseun Adebayo,ARM-03,training,36343,repair ticket #6351,Line 4
2026-05-23,night,T3955,Aisha Diallo,ARM-02,yes,56447,scheduled lubrication cycle,Line 3
2026-05-24,morning,T3110,Carlos Mendez,ARM-03,yes,44444,scheduled lubrication cycle,Maintenance Bay
2026-05-24,afternoon,T8224,Samuel Osei,ARM-01,sick_leave,34941,repair ticket #8479,Line 4
2026-05-24,night,T6027,Ethan Kowalski,ARM-01,training,26028,bearing inspection,Line 2
2026-05-25,morning,T2277,Yuki Tanaka,ARM-03,yes,97722,sensor calibration,Line 1
2026-05-25,afternoon,T2754,Yuki Tanaka,ARM-05,yes,75366,repair ticket #9396,Line 2
2026-05-25,night,T1959,Nina Patel,ARM-02,yes,83331,training session,Maintenance Bay
2026-05-26,morning,T3758,Chen Wei,ARM-01,yes,66601,sensor calibration,Maintenance Bay
2026-05-26,afternoon,T3187,Yuki Tanaka,ARM-04,yes,71083,training session,Line 1
2026-05-26,night,T8404,Ethan Kowalski,ARM-02,yes,45146,conveyor belt check,Line 2
2026-05-27,morning,T6643,Nina Patel,ARM-04,no,84107,training session,Line 4
2026-05-27,afternoon,T2644,Priya Sharma,ARM-05,sick_leave,63772,preventive maintenance,Line 4
2026-05-27,night,T7271,Ethan Kowalski,ARM-01,yes,14631,conveyor belt check,Line 1
2026-05-28,morning,T5451,Nina Patel,ARM-01,sick_leave,71284,repair ticket #2573,Line 2
2026-05-28,afternoon,T3841,Yuki Tanaka,ARM-05,no,76419,bearing inspection,Line 4
2026-05-28,night,T3361,Lucas Ferreira,ARM-04,sick_leave,58927,sensor calibration,Line 3
2026-05-29,morning,T3711,Chen Wei,MULTI,sick_leave,68218,shift handover,Line 1
2026-05-29,afternoon,T4721,Nina Patel,ARM-02,yes,55654,shift handover,Line 3
2026-05-29,night,T2266,Lucas Ferreira,ARM-01,sick_leave,72746,preventive maintenance,Line 1
2026-05-30,morning,T1272,Hana Nakamura,ARM-05,yes,56920,annual inspection,Line 1
2026-05-30,afternoon,T6842,Lucas Ferreira,ARM-04,no,25989,conveyor belt check,Line 1
2026-05-30,night,T3186,Nina Patel,ARM-05,yes,16307,repair ticket #5162,Line 2
2026-05-31,morning,T8728,Hana Nakamura,ARM-05,yes,48833,shift handover,Line 2
2026-05-31,afternoon,T4796,Tobias Richt,ARM-05,yes,94635,training session,Training Room
2026-05-31,night,T5173,Samuel Osei,MULTI,yes,34845,scheduled lubrication cycle,Line 3
2026-05-01,morning,T2228,Yuki Tanaka,ARM-02,yes,10709,conveyor belt check,Line 2
2026-05-01,afternoon,T7427,Tobias Richt,ARM-04,yes,90397,preventive maintenance,Line 3
2026-05-01,night,T8818,Lucas Ferreira,ARM-02,training,97854,annual inspection,Line 4
2026-05-02,morning,T9479,Nina Patel,ARM-03,yes,44764,repair ticket #4343,Maintenance Bay
2026-05-02,afternoon,T5263,Priya Sharma,ARM-05,yes,28624,scheduled lubrication cycle,Maintenance Bay
2026-05-02,night,T4591,Fatima Al-Rashidi,ARM-02,yes,84976,training session,Line 1
2026-05-03,morning,T6572,Samuel Osei,ARM-05,no,72211,shift handover,Line 4
2026-05-03,afternoon,T4826,Hana Nakamura,ARM-02,no,39042,safety audit,Maintenance Bay
2026-05-03,night,T7573,Lucas Ferreira,MULTI,yes,83012,training session,Line 2
2026-05-04,morning,T8148,Oluwaseun Adebayo,ARM-02,yes,31862,preventive maintenance,Line 3
2026-05-04,afternoon,T3824,Aisha Diallo,ARM-05,no,69582,safety audit,Training Room
2026-05-04,night,T4175,Oluwaseun Adebayo,ARM-04,no,59868,bearing inspection,Line 1
2026-05-05,morning,T2960,Ethan Kowalski,ARM-04,yes,97643,annual inspection,Line 4
2026-05-05,afternoon,T3734,Yuki Tanaka,MULTI,no,84936,shift handover,Line 2
2026-05-05,night,T5712,Oluwaseun Adebayo,MULTI,sick_leave,27850,bearing inspection,Maintenance Bay
2026-05-06,morning,T4410,Carlos Mendez,ARM-01,yes,73281,bearing inspection,Line 4
2026-05-06,afternoon,T3452,Yuki Tanaka,ARM-02,yes,86680,annual inspection,Line 2
2026-05-06,night,T5075,Hana Nakamura,ARM-04,training,37929,annual inspection,Training Room
2026-05-07,morning,T5599,Oluwaseun Adebayo,MULTI,training,66699,annual inspection,Line 4
2026-05-07,afternoon,T2942,Priya Sharma,ARM-01,yes,36669,conveyor belt check,Line 2
2026-05-07,night,T2036,Aisha Diallo,ARM-04,sick_leave,43538,annual inspection,Line 3
2026-05-08,morning,T5249,Maria Santos,ARM-02,no,41704,training session,Line 1
2026-05-08,afternoon,T7165,Maria Santos,ARM-02,yes,81681,preventive maintenance,Maintenance Bay
2026-05-08,night,T3002,Maria Santos,ARM-02,yes,30263,annual inspection,Line 3
2026-05-09,morning,T6018,Samuel Osei,ARM-01,sick_leave,14579,scheduled lubrication cycle,Line 1
2026-05-09,afternoon,T8390,Fatima Al-Rashidi,ARM-05,training,46829,bearing inspection,Training Room
2026-05-09,night,T4024,Ethan Kowalski,ARM-01,no,28945,sensor calibration,Maintenance Bay
2026-05-10,morning,T7364,Yuki Tanaka,ARM-05,yes,14137,bearing inspection,Line 1
2026-05-10,afternoon,T5508,Nina Patel,ARM-01,yes,55427,annual inspection,Maintenance Bay
2026-05-10,night,T4003,Hana Nakamura,ARM-03,yes,13176,training session,Training Room
2026-05-11,morning,T1843,Nina Patel,ARM-05,sick_leave,20681,annual inspection,Line 3
2026-05-11,afternoon,T4413,Dmitri Volkov,ARM-05,no,79916,repair ticket #5828,Training Room
2026-05-11,night,T6020,Priya Sharma,ARM-04,sick_leave,86742,annual inspection,Training Room
2026-05-12,morning,T1543,Lucas Ferreira,ARM-03,training,95992,scheduled lubrication cycle,Line 2
2026-05-12,afternoon,T5477,Oluwaseun Adebayo,ARM-04,training,25712,shift handover,Line 4
2026-05-12,night,T6898,Fatima Al-Rashidi,MULTI,training,61780,shift handover,Training Room
2026-05-13,morning,T9096,Oluwaseun Adebayo,ARM-01,sick_leave,95786,conveyor belt check,Line 4
2026-05-13,afternoon,T3586,Chen Wei,ARM-05,yes,53280,shift handover,Line 1
2026-05-13,night,T7177,Carlos Mendez,ARM-04,no,33765,training session,Training Room
2026-05-14,morning,T6389,Chen Wei,ARM-04,yes,84563,bearing inspection,Line 2
2026-05-14,afternoon,T6470,Yuki Tanaka,ARM-03,yes,24424,scheduled lubrication cycle,Line 1
2026-05-14,night,T8046,Oluwaseun Adebayo,MULTI,yes,54137,scheduled lubrication cycle,Line 4
2026-05-15,morning,T6967,Nina Patel,ARM-02,yes,34315,annual inspection,Line 4
2026-05-15,afternoon,T9987,Oluwaseun Adebayo,ARM-01,sick_leave,83761,safety audit,Training Room
2026-05-15,night,T4137,Aisha Diallo,ARM-05,training,17236,bearing inspection,Maintenance Bay
2026-05-16,morning,T3403,Maria Santos,ARM-03,sick_leave,25951,bearing inspection,Maintenance Bay
2026-05-16,afternoon,T9430,Samuel Osei,ARM-01,yes,30094,bearing inspection,Line 3
2026-05-16,night,T6131,Samuel Osei,ARM-02,training,97853,sensor calibration,Line 2
2026-05-17,morning,T9378,Nina Patel,ARM-02,yes,19499,preventive maintenance,Line 4
2026-05-17,afternoon,T1033,Hana Nakamura,ARM-05,sick_leave,89361,training session,Training Room
2026-05-17,night,T4434,Lucas Ferreira,ARM-01,no,57238,safety audit,Line 4
2026-05-18,morning,T2175,Yuki Tanaka,ARM-02,no,25726,preventive maintenance,Line 1
2026-05-18,afternoon,T3559,Lucas Ferreira,ARM-02,sick_leave,84290,scheduled lubrication cycle,Line 4
2026-05-18,night,T3692,Maria Santos,MULTI,sick_leave,49770,shift handover,Training Room
2026-05-19,morning,T2578,Dmitri Volkov,ARM-05,training,52098,bearing inspection,Line 3
2026-05-19,afternoon,T8788,Nina Patel,MULTI,sick_leave,57784,bearing inspection,Line 1
2026-05-19,night,T1908,Samuel Osei,ARM-01,no,36983,repair ticket #2313,Line 2
2026-05-20,morning,T8851,Lucas Ferreira,ARM-05,yes,60834,training session,Line 4
2026-05-20,afternoon,T3753,Yuki Tanaka,ARM-01,no,11873,scheduled lubrication cycle,Line 2
2026-05-20,night,T5642,Tobias Richt,ARM-03,yes,64840,shift handover,Maintenance Bay
2026-05-21,morning,T5708,Tobias Richt,ARM-03,yes,69032,safety audit,Line 3
2026-05-21,afternoon,T5393,Tobias Richt,ARM-01,no,80761,conveyor belt check,Line 2
2026-05-21,night,T7181,Dmitri Volkov,ARM-01,training,94879,safety audit,Line 3
2026-05-22,morning,T7641,Aisha Diallo,ARM-02,no,86506,conveyor belt check,Line 4
2026-05-22,afternoon,T7998,Yuki Tanaka,ARM-01,yes,56065,sensor calibration,Maintenance Bay
2026-05-22,night,T2104,Carlos Mendez,ARM-01,yes,56654,safety audit,Maintenance Bay
2026-05-23,morning,T7795,Ethan Kowalski,ARM-01,no,16285,shift handover,Line 1
2026-05-23,afternoon,T6052,Maria Santos,ARM-03,no,85038,conveyor belt check,Line 3
2026-05-23,night,T2275,Chen Wei,ARM-05,sick_leave,54633,repair ticket #7104,Training Room
2026-05-24,morning,T1036,Aisha Diallo,ARM-01,training,74179,scheduled lubrication cycle,Line 3
2026-05-24,afternoon,T6382,Maria Santos,ARM-03,yes,78646,repair ticket #3088,Line 4
2026-05-24,night,T6063,Ethan Kowalski,ARM-04,yes,30544,scheduled lubrication cycle,Line 3
2026-05-25,morning,T4026,Samuel Osei,ARM-02,training,67686,annual inspection,Line 2
2026-05-25,afternoon,T5748,Carlos Mendez,ARM-01,yes,43854,bearing inspection,Line 1
2026-05-25,night,T4919,Tobias Richt,ARM-02,yes,22152,conveyor belt check,Line 3
2026-05-26,morning,T8435,Dmitri Volkov,ARM-02,yes,37081,safety audit,Line 1
2026-05-26,afternoon,T6924,Dmitri Volkov,ARM-05,yes,62521,annual inspection,Line 4
2026-05-26,night,T2932,Yuki Tanaka,ARM-03,yes,56201,annual inspection,Training Room
2026-05-27,morning,T9227,Fatima Al-Rashidi,ARM-05,sick_leave,85259,repair ticket #3914,Line 3
2026-05-27,afternoon,T3033,Ethan Kowalski,ARM-03,yes,29764,sensor calibration,Line 3
2026-05-27,night,T9577,Samuel Osei,ARM-02,yes,27580,preventive maintenance,Training Room
2026-05-28,morning,T6219,Aisha Diallo,MULTI,sick_leave,73499,shift handover,Line 3
2026-05-28,afternoon,T1025,Dmitri Volkov,ARM-04,training,25265,bearing inspection,Line 1
2026-05-28,night,T6084,Chen Wei,MULTI,yes,81822,conveyor belt check,Line 4
2026-05-29,morning,T2013,Carlos Mendez,ARM-04,sick_leave,90325,safety audit,Line 3
2026-05-29,afternoon,T2180,Maria Santos,ARM-02,yes,29557,conveyor belt check,Training Room
2026-05-29,night,T7433,Priya Sharma,ARM-02,training,25521,scheduled lubrication cycle,Line 3
2026-05-30,morning,T9982,Ethan Kowalski,ARM-02,yes,31997,safety audit,Maintenance Bay
2026-05-30,afternoon,T2883,Ethan Kowalski,MULTI,sick_leave,89039,bearing inspection,Line 4
2026-05-30,night,T3200,Lucas Ferreira,ARM-02,yes,48695,safety audit,Line 1
2026-05-31,morning,T3431,Dmitri Volkov,ARM-02,yes,27102,conveyor belt check,Line 1
2026-05-31,afternoon,T9068,Carlos Mendez,ARM-04,yes,47724,preventive maintenance,Line 3
2026-05-31,night,T2428,Samuel Osei,MULTI,no,56835,repair ticket #9530,Line 4
2026-05-01,morning,T8708,Tobias Richt,ARM-03,sick_leave,86581,training session,Line 2
2026-05-01,afternoon,T9332,Chen Wei,ARM-02,yes,89057,training session,Maintenance Bay
2026-05-01,night,T6329,Tobias Richt,ARM-02,training,77328,sensor calibration,Line 4
2026-05-02,morning,T4079,Samuel Osei,ARM-02,no,71739,training session,Line 2
2026-05-02,afternoon,T5633,Nina Patel,MULTI,yes,15124,training session,Maintenance Bay
2026-05-02,night,T6245,Carlos Mendez,ARM-05,yes,55516,repair ticket #8240,Maintenance Bay
2026-05-03,morning,T8605,Carlos Mendez,ARM-03,yes,46371,conveyor belt check,Line 4
2026-05-03,afternoon,T7933,Chen Wei,ARM-01,sick_leave,34368,bearing inspection,Line 1
2026-05-03,night,T4963,Maria Santos,ARM-03,training,90811,shift handover,Maintenance Bay
2026-05-04,morning,T7483,Samuel Osei,MULTI,yes,64918,annual inspection,Line 3
2026-05-04,afternoon,T8144,Oluwaseun Adebayo,ARM-05,no,77058,safety audit,Line 1
2026-05-04,night,T5777,Oluwaseun Adebayo,ARM-01,no,20197,scheduled lubrication cycle,Line 2
2026-05-05,morning,T2437,Oluwaseun Adebayo,ARM-05,yes,93710,scheduled lubrication cycle,Training Room
2026-05-05,afternoon,T3088,Ethan Kowalski,ARM-05,training,72347,scheduled lubrication cycle,Line 1
2026-05-05,night,T3011,Samuel Osei,MULTI,sick_leave,62049,shift handover,Line 4
2026-05-06,morning,T7658,Carlos Mendez,ARM-05,yes,24423,training session,Maintenance Bay
2026-05-06,afternoon,T5254,Samuel Osei,MULTI,yes,60943,scheduled lubrication cycle,Line 2
2026-05-06,night,T6101,Nina Patel,ARM-04,yes,45394,sensor calibration,Line 3
2026-05-07,morning,T9969,Carlos Mendez,ARM-03,yes,21899,safety audit,Line 1
2026-05-07,afternoon,T2134,Ethan Kowalski,ARM-02,yes,31921,shift handover,Training Room
2026-05-07,night,T9994,Samuel Osei,MULTI,yes,15053,safety audit,Line 1
2026-05-08,morning,T8133,Yuki Tanaka,MULTI,yes,84469,sensor calibration,Line 1
2026-05-08,afternoon,T6813,Oluwaseun Adebayo,ARM-02,training,46188,conveyor belt check,Line 3
2026-05-08,night,T1062,Yuki Tanaka,ARM-02,training,21199,preventive maintenance,Training Room
2026-05-09,morning,T8211,Hana Nakamura,MULTI,no,25661,training session,Line 4
2026-05-09,afternoon,T6970,Lucas Ferreira,ARM-05,sick_leave,75345,bearing inspection,Line 1
2026-05-09,night,T4262,Lucas Ferreira,ARM-03,yes,27436,shift handover,Line 4
2026-05-10,morning,T5726,Lucas Ferreira,ARM-01,no,64967,sensor calibration,Line 1
2026-05-10,afternoon,T8377,Samuel Osei,ARM-02,sick_leave,98334,training session,Line 1
2026-05-10,night,T5631,Oluwaseun Adebayo,ARM-05,sick_leave,38075,preventive maintenance,Training Room
2026-05-11,morning,T6487,Aisha Diallo,ARM-01,sick_leave,79000,annual inspection,Line 4
2026-05-11,afternoon,T8696,Lucas Ferreira,MULTI,sick_leave,47034,conveyor belt check,Line 4
2026-05-11,night,T1441,Dmitri Volkov,ARM-04,yes,78073,annual inspection,Line 3
2026-05-12,morning,T3681,Carlos Mendez,ARM-05,sick_leave,43986,scheduled lubrication cycle,Line 3
2026-05-12,afternoon,T4679,Nina Patel,MULTI,yes,35337,conveyor belt check,Line 4
2026-05-12,night,T9196,Dmitri Volkov,ARM-03,yes,22979,bearing inspection,Line 3
2026-05-13,morning,T9027,Hana Nakamura,ARM-05,yes,43433,annual inspection,Training Room
2026-05-13,afternoon,T2447,Samuel Osei,ARM-03,yes,73368,safety audit,Line 2
2026-05-13,night,T7357,Maria Santos,ARM-03,training,43815,safety audit,Line 1
2026-05-14,morning,T6076,Nina Patel,ARM-03,sick_leave,40648,training session,Maintenance Bay
2026-05-14,afternoon,T9359,Aisha Diallo,MULTI,training,42109,annual inspection,Line 4
2026-05-14,night,T9154,Dmitri Volkov,ARM-05,no,59178,bearing inspection,Line 4
2026-05-15,morning,T8270,Maria Santos,MULTI,no,30624,conveyor belt check,Line 3
2026-05-15,afternoon,T4279,Carlos Mendez,ARM-02,sick_leave,11072,shift handover,Line 2
2026-05-15,night,T5518,Fatima Al-Rashidi,ARM-03,yes,17183,annual inspection,Training Room
2026-05-16,morning,T6105,Carlos Mendez,ARM-02,yes,76453,annual inspection,Line 1
2026-05-16,afternoon,T2261,Nina Patel,ARM-03,yes,62600,scheduled lubrication cycle,Maintenance Bay
2026-05-16,night,T4137,Maria Santos,ARM-03,sick_leave,65801,scheduled lubrication cycle,Maintenance Bay
2026-05-17,morning,T6657,Tobias Richt,ARM-01,yes,74606,conveyor belt check,Training Room
2026-05-17,afternoon,T9997,Aisha Diallo,ARM-05,training,18623,sensor calibration,Training Room
2026-05-17,night,T1947,Aisha Diallo,ARM-01,yes,69481,repair ticket #7979,Training Room
2026-05-18,morning,T5276,Tobias Richt,ARM-04,training,44809,bearing inspection,Line 4
2026-05-18,afternoon,T3194,Nina Patel,ARM-04,yes,89003,training session,Maintenance Bay
2026-05-18,night,T1472,Chen Wei,ARM-03,sick_leave,30915,repair ticket #9228,Training Room
2026-05-19,morning,T1187,Yuki Tanaka,ARM-02,yes,57245,preventive maintenance,Line 1
2026-05-19,afternoon,T4786,Priya Sharma,ARM-02,yes,98638,annual inspection,Line 2
2026-05-19,night,T6666,Nina Patel,ARM-04,yes,88540,training session,Line 4
2026-05-20,morning,T7066,Nina Patel,ARM-01,yes,13553,scheduled lubrication cycle,Line 1
2026-05-20,afternoon,T9329,Samuel Osei,MULTI,yes,86408,bearing inspection,Training Room
2026-05-20,night,T6636,Maria Santos,ARM-03,sick_leave,99678,conveyor belt check,Training Room
2026-05-21,morning,T1975,Hana Nakamura,ARM-04,sick_leave,97969,bearing inspection,Maintenance Bay
2026-05-21,afternoon,T5729,Hana Nakamura,ARM-03,yes,81969,bearing inspection,Line 4
2026-05-21,night,T2208,Tobias Richt,MULTI,yes,46861,annual inspection,Line 3
2026-05-22,morning,T1517,Carlos Mendez,ARM-04,sick_leave,40354,sensor calibration,Line 4
2026-05-22,afternoon,T4656,Maria Santos,ARM-03,yes,14594,safety audit,Maintenance Bay
2026-05-22,night,T4820,Dmitri Volkov,ARM-04,yes,63779,conveyor belt check,Line 4
2026-05-23,morning,T6901,Dmitri Volkov,ARM-01,training,16538,safety audit,Line 4
2026-05-23,afternoon,T5959,Oluwaseun Adebayo,ARM-03,yes,97824,training session,Maintenance Bay
2026-05-23,night,T7507,Tobias Richt,MULTI,yes,77818,scheduled lubrication cycle,Line 3
2026-05-24,morning,T4328,Aisha Diallo,ARM-02,no,39387,annual inspection,Line 1
2026-05-24,afternoon,T1576,Oluwaseun Adebayo,ARM-04,training,28542,shift handover,Line 4
2026-05-24,night,T7964,Chen Wei,ARM-05,yes,87812,annual inspection,Line 2
2026-05-25,morning,T7733,Carlos Mendez,ARM-03,yes,74591,training session,Training Room
2026-05-25,afternoon,T1035,Yuki Tanaka,ARM-04,yes,97702,safety audit,Line 4
2026-05-25,night,T5361,Carlos Mendez,ARM-03,sick_leave,41563,training session,Line 3
2026-05-26,morning,T9225,Samuel Osei,ARM-05,sick_leave,90206,bearing inspection,Line 3
2026-05-26,afternoon,T3141,Carlos Mendez,ARM-04,sick_leave,31080,annual inspection,Line 2
2026-05-26,night,T3249,Fatima Al-Rashidi,MULTI,yes,84984,scheduled lubrication cycle,Training Room
2026-05-27,morning,T8444,Hana Nakamura,ARM-04,no,47529,training session,Maintenance Bay
2026-05-27,afternoon,T6730,Oluwaseun Adebayo,MULTI,yes,66745,preventive maintenance,Line 4
2026-05-27,night,T4658,Tobias Richt,ARM-01,yes,38151,annual inspection,Line 3
2026-05-28,morning,T3561,Hana Nakamura,ARM-04,training,43486,conveyor belt check,Training Room
2026-05-28,afternoon,T1886,Samuel Osei,ARM-04,training,16177,preventive maintenance,Training Room
2026-05-28,night,T2268,Aisha Diallo,ARM-05,yes,43947,bearing inspection,Training Room
2026-05-29,morning,T8107,Hana Nakamura,MULTI,training,72332,bearing inspection,Training Room
2026-05-29,afternoon,T7423,Aisha Diallo,ARM-02,training,35600,bearing inspection,Line 2
2026-05-29,night,T9503,Samuel Osei,ARM-04,yes,38052,annual inspection,Line 3
2026-05-30,morning,T5725,Nina Patel,ARM-02,yes,92652,bearing inspection,Line 3
2026-05-30,afternoon,T5185,Fatima Al-Rashidi,ARM-01,sick_leave,71113,sensor calibration,Line 4
2026-05-30,night,T7595,Dmitri Volkov,ARM-04,no,72331,sensor calibration,Training Room
2026-05-31,morning,T7165,Hana Nakamura,ARM-01,no,65317,training session,Training Room
2026-05-31,afternoon,T1816,Fatima Al-Rashidi,ARM-02,no,52098,bearing inspection,Training Room
2026-05-31,night,T2545,Yuki Tanaka,ARM-05,yes,48001,training session,Maintenance Bay
2026-05-01,morning,T1573,Yuki Tanaka,ARM-02,no,96025,repair ticket #4055,Line 4
2026-05-01,afternoon,T1856,Fatima Al-Rashidi,ARM-04,no,76040,safety audit,Line 4
2026-05-01,night,T3740,Priya Sharma,ARM-05,yes,98172,scheduled lubrication cycle,Line 1
2026-05-02,morning,T5331,Yuki Tanaka,ARM-04,training,19998,repair ticket #9896,Line 2
2026-05-02,afternoon,T6810,Tobias Richt,ARM-05,yes,66555,sensor calibration,Line 1
2026-05-02,night,T6990,Hana Nakamura,ARM-03,yes,89831,conveyor belt check,Line 4
2026-05-03,morning,T9581,Ethan Kowalski,MULTI,yes,88653,training session,Training Room
2026-05-03,afternoon,T1126,Tobias Richt,ARM-02,yes,29582,repair ticket #8797,Line 3
2026-05-03,night,T1934,Maria Santos,ARM-03,sick_leave,37616,scheduled lubrication cycle,Maintenance Bay
2026-05-04,morning,T8982,Nina Patel,ARM-03,yes,40456,bearing inspection,Line 2
2026-05-04,afternoon,T2615,Chen Wei,ARM-01,yes,17746,conveyor belt check,Line 2
2026-05-04,night,T3789,Dmitri Volkov,ARM-04,yes,94123,training session,Line 1
2026-05-05,morning,T4989,Nina Patel,ARM-03,yes,86095,scheduled lubrication cycle,Line 4
2026-05-05,afternoon,T9094,Oluwaseun Adebayo,ARM-01,no,41479,conveyor belt check,Line 1
2026-05-05,night,T8816,Carlos Mendez,MULTI,yes,59650,shift handover,Maintenance Bay
2026-05-06,morning,T7118,Lucas Ferreira,ARM-05,no,44037,sensor calibration,Line 4
2026-05-06,afternoon,T9340,Aisha Diallo,ARM-03,no,63712,shift handover,Line 4
2026-05-06,night,T5380,Maria Santos,ARM-01,yes,38428,safety audit,Line 3
2026-05-07,morning,T4451,Hana Nakamura,ARM-04,sick_leave,57563,scheduled lubrication cycle,Training Room
2026-05-07,afternoon,T5223,Hana Nakamura,MULTI,no,21731,shift handover,Line 1
2026-05-07,night,T6084,Samuel Osei,ARM-04,yes,43616,repair ticket #6600,Line 1
2026-05-08,morning,T8591,Priya Sharma,ARM-01,no,94931,bearing inspection,Line 1
2026-05-08,afternoon,T6734,Aisha Diallo,ARM-03,yes,38746,repair ticket #6421,Maintenance Bay
2026-05-08,night,T3529,Dmitri Volkov,ARM-04,yes,44783,repair ticket #8610,Line 2
2026-05-09,morning,T8328,Hana Nakamura,ARM-02,yes,61221,bearing inspection,Line 3
2026-05-09,afternoon,T1108,Yuki Tanaka,ARM-03,yes,14540,repair ticket #4668,Training Room
2026-05-09,night,T5219,Nina Patel,ARM-04,yes,84563,sensor calibration,Line 4
2026-05-10,morning,T8542,Yuki Tanaka,ARM-02,sick_leave,55248,repair ticket #1729,Training Room
2026-05-10,afternoon,T1371,Tobias Richt,ARM-05,yes,18795,conveyor belt check,Line 2
2026-05-10,night,T7857,Maria Santos,ARM-01,yes,79484,training session,Training Room
2026-05-11,morning,T9783,Fatima Al-Rashidi,ARM-02,training,71332,training session,Line 2
2026-05-11,afternoon,T9366,Hana Nakamura,MULTI,yes,66061,training session,Line 2
2026-05-11,night,T2458,Carlos Mendez,MULTI,yes,52883,annual inspection,Training Room
2026-05-12,morning,T2071,Hana Nakamura,ARM-01,yes,29635,annual inspection,Training Room
2026-05-12,afternoon,T7248,Maria Santos,ARM-04,yes,14043,training session,Line 4
2026-05-12,night,T5792,Oluwaseun Adebayo,ARM-01,training,14120,shift handover,Training Room
2026-05-13,morning,T7393,Dmitri Volkov,ARM-01,yes,98119,safety audit,Line 1
2026-05-13,afternoon,T5995,Lucas Ferreira,ARM-05,sick_leave,19626,scheduled lubrication cycle,Line 3
2026-05-13,night,T5455,Hana Nakamura,ARM-01,sick_leave,87436,preventive maintenance,Training Room
2026-05-14,morning,T7203,Priya Sharma,MULTI,yes,15172,training session,Line 3
2026-05-14,afternoon,T9389,Nina Patel,ARM-03,yes,56417,safety audit,Maintenance Bay
2026-05-14,night,T4145,Hana Nakamura,MULTI,no,79003,annual inspection,Line 3
2026-05-15,morning,T2260,Tobias Richt,ARM-02,sick_leave,76397,repair ticket #4657,Line 2
2026-05-15,afternoon,T1848,Ethan Kowalski,ARM-05,training,61226,safety audit,Maintenance Bay
2026-05-15,night,T9868,Dmitri Volkov,ARM-02,no,28052,shift handover,Line 4
2026-05-16,morning,T7102,Samuel Osei,ARM-04,yes,67834,conveyor belt check,Line 4
2026-05-16,afternoon,T5971,Maria Santos,ARM-02,sick_leave,32491,safety audit,Line 3
2026-05-16,night,T9118,Samuel Osei,ARM-05,yes,84173,training session,Line 3
2026-05-17,morning,T5664,Chen Wei,ARM-05,no,92408,sensor calibration,Line 4
2026-05-17,afternoon,T7609,Yuki Tanaka,MULTI,yes,48872,sensor calibration,Line 3
2026-05-17,night,T2759,Fatima Al-Rashidi,MULTI,no,41900,conveyor belt check,Line 3
2026-05-18,morning,T2243,Aisha Diallo,ARM-05,sick_leave,46996,training session,Line 1
2026-05-18,afternoon,T1786,Samuel Osei,ARM-01,yes,38248,safety audit,Line 3
2026-05-18,night,T1017,Nina Patel,MULTI,yes,35191,repair ticket #7214,Line 3
2026-05-19,morning,T2814,Priya Sharma,ARM-04,yes,84064,annual inspection,Line 2
2026-05-19,afternoon,T7930,Priya Sharma,MULTI,yes,16806,sensor calibration,Maintenance Bay
2026-05-19,night,T4324,Fatima Al-Rashidi,ARM-05,training,84508,bearing inspection,Line 1
2026-05-20,morning,T8740,Aisha Diallo,ARM-02,no,59274,sensor calibration,Line 3
2026-05-20,afternoon,T9060,Tobias Richt,MULTI,sick_leave,54366,training session,Line 2
2026-05-20,night,T7569,Yuki Tanaka,ARM-01,yes,90203,sensor calibration,Maintenance Bay
2026-05-21,morning,T8600,Lucas Ferreira,ARM-02,training,68350,sensor calibration,Line 1
2026-05-21,afternoon,T7705,Lucas Ferreira,ARM-04,no,22335,repair ticket #9369,Line 3
2026-05-21,night,T9896,Nina Patel,MULTI,no,37952,training session,Line 2
2026-05-22,morning,T1624,Oluwaseun Adebayo,ARM-01,yes,71116,conveyor belt check,Line 2
2026-05-22,afternoon,T1833,Lucas Ferreira,ARM-02,training,40527,annual inspection,Line 1
2026-05-22,night,T3559,Ethan Kowalski,ARM-03,yes,83871,annual inspection,Line 3
2026-05-23,morning,T2143,Samuel Osei,ARM-02,sick_leave,55413,shift handover,Line 2
2026-05-23,afternoon,T9617,Nina Patel,ARM-01,training,96488,safety audit,Line 1
2026-05-23,night,T2357,Lucas Ferreira,ARM-02,yes,71084,conveyor belt check,Line 2
2026-05-24,morning,T5289,Dmitri Volkov,ARM-04,sick_leave,99634,bearing inspection,Line 2
2026-05-24,afternoon,T1039,Chen Wei,ARM-04,training,60478,shift handover,Line 4
2026-05-24,night,T9799,Fatima Al-Rashidi,ARM-03,training,28173,sensor calibration,Training Room
2026-05-25,morning,T9427,Oluwaseun Adebayo,ARM-01,yes,31443,scheduled lubrication cycle,Maintenance Bay
2026-05-25,afternoon,T8874,Tobias Richt,MULTI,training,82429,scheduled lubrication cycle,Line 4
2026-05-25,night,T4980,Carlos Mendez,ARM-04,yes,79855,preventive maintenance,Line 1
2026-05-26,morning,T3927,Maria Santos,ARM-01,sick_leave,98387,bearing inspection,Training Room
2026-05-26,afternoon,T2325,Yuki Tanaka,ARM-01,yes,48343,scheduled lubrication cycle,Line 3
2026-05-26,night,T7620,Priya Sharma,MULTI,no,20146,repair ticket #6005,Line 3
2026-05-27,morning,T4643,Oluwaseun Adebayo,ARM-05,yes,24344,preventive maintenance,Maintenance Bay
2026-05-27,afternoon,T1905,Tobias Richt,ARM-05,yes,27620,repair ticket #7058,Line 3
2026-05-27,night,T8400,Maria Santos,ARM-01,no,88094,repair ticket #7328,Line 4
2026-05-28,morning,T7849,Priya Sharma,ARM-05,yes,75771,sensor calibration,Training Room
2026-05-28,afternoon,T7648,Nina Patel,ARM-03,yes,53805,shift handover,Line 3
2026-05-28,night,T7951,Priya Sharma,MULTI,yes,55034,shift handover,Line 2
2026-05-29,morning,T4273,Priya Sharma,ARM-05,yes,45511,bearing inspection,Line 1
2026-05-29,afternoon,T1601,Carlos Mendez,ARM-02,no,82790,shift handover,Line 2
2026-05-29,night,T3990,Dmitri Volkov,ARM-03,yes,10273,annual inspection,Line 1
2026-05-30,morning,T8417,Oluwaseun Adebayo,ARM-01,yes,14618,safety audit,Line 1
2026-05-30,afternoon,T4644,Samuel Osei,ARM-04,yes,62516,safety audit,Maintenance Bay
2026-05-30,night,T5602,Tobias Richt,ARM-05,yes,62746,repair ticket #7959,Line 4
2026-05-31,morning,T6636,Maria Santos,ARM-05,training,85113,training session,Training Room
2026-05-31,afternoon,T2487,Priya Sharma,ARM-03,yes,15507,annual inspection,Maintenance Bay
2026-05-31,night,T9329,Nina Patel,ARM-04,yes,48624,annual inspection,Line 4
2026-05-01,morning,T4126,Oluwaseun Adebayo,ARM-01,sick_leave,42846,repair ticket #5648,Line 4
2026-05-01,afternoon,T2973,Fatima Al-Rashidi,ARM-01,yes,78021,repair ticket #9240,Line 2
2026-05-01,night,T1947,Nina Patel,ARM-03,yes,22802,annual inspection,Line 4
2026-05-02,morning,T7040,Ethan Kowalski,ARM-01,yes,63974,training session,Line 4
2026-05-02,afternoon,T9623,Hana Nakamura,ARM-05,yes,70596,conveyor belt check,Training Room
2026-05-02,night,T4324,Dmitri Volkov,ARM-03,yes,21355,safety audit,Maintenance Bay
2026-05-03,morning,T1674,Fatima Al-Rashidi,ARM-05,training,48193,bearing inspection,Maintenance Bay
2026-05-03,afternoon,T6670,Hana Nakamura,ARM-04,training,83868,annual inspection,Line 4
2026-05-03,night,T2802,Ethan Kowalski,ARM-01,training,57086,conveyor belt check,Line 4
2026-05-04,morning,T8983,Aisha Diallo,MULTI,yes,71249,annual inspection,Training Room
2026-05-04,afternoon,T2541,Chen Wei,ARM-02,no,55093,repair ticket #7378,Maintenance Bay
2026-05-04,night,T7912,Samuel Osei,ARM-02,training,96322,safety audit,Line 1
2026-05-05,morning,T4575,Aisha Diallo,ARM-01,sick_leave,20529,repair ticket #5671,Training Room
2026-05-05,afternoon,T5438,Maria Santos,ARM-02,sick_leave,21032,conveyor belt check,Line 2
2026-05-05,night,T9727,Chen Wei,ARM-02,training,39269,conveyor belt check,Line 2
2026-05-06,morning,T5746,Tobias Richt,ARM-03,yes,80607,shift handover,Training Room
2026-05-06,afternoon,T1431,Maria Santos,MULTI,yes,65097,annual inspection,Line 4
2026-05-06,night,T3180,Yuki Tanaka,ARM-04,no,49011,conveyor belt check,Line 1
2026-05-07,morning,T2038,Nina Patel,ARM-02,yes,85019,scheduled lubrication cycle,Line 3
2026-05-07,afternoon,T3473,Carlos Mendez,ARM-03,training,82160,safety audit,Line 2
2026-05-07,night,T8591,Ethan Kowalski,MULTI,training,69283,scheduled lubrication cycle,Training Room
2026-05-08,morning,T6335,Aisha Diallo,MULTI,sick_leave,60200,scheduled lubrication cycle,Line 2
2026-05-08,afternoon,T4863,Priya Sharma,MULTI,training,49968,shift handover,Line 4
2026-05-08,night,T3654,Dmitri Volkov,ARM-01,yes,45034,safety audit,Line 1
2026-05-09,morning,T5734,Fatima Al-Rashidi,ARM-02,sick_leave,37948,training session,Training Room
2026-05-09,afternoon,T4280,Lucas Ferreira,ARM-03,yes,82932,safety audit,Line 3
2026-05-09,night,T3118,Chen Wei,ARM-05,yes,93696,training session,Line 4
2026-05-10,morning,T5772,Fatima Al-Rashidi,ARM-05,yes,67865,preventive maintenance,Line 3
2026-05-10,afternoon,T9690,Hana Nakamura,ARM-01,yes,29588,scheduled lubrication cycle,Line 2
2026-05-10,night,T4244,Aisha Diallo,ARM-03,yes,19116,sensor calibration,Line 3
2026-05-11,morning,T7996,Aisha Diallo,ARM-05,yes,28308,conveyor belt check,Training Room
2026-05-11,afternoon,T2195,Ethan Kowalski,ARM-03,no,72492,conveyor belt check,Line 4
2026-05-11,night,T4951,Carlos Mendez,ARM-02,yes,28079,safety audit,Maintenance Bay
2026-05-12,morning,T2324,Maria Santos,ARM-01,yes,11921,scheduled lubrication cycle,Line 1
2026-05-12,afternoon,T3962,Aisha Diallo,ARM-03,sick_leave,84559,conveyor belt check,Line 4
2026-05-12,night,T8454,Lucas Ferreira,ARM-03,yes,93863,shift handover,Maintenance Bay
2026-05-13,morning,T2600,Samuel Osei,ARM-01,yes,22516,sensor calibration,Training Room
2026-05-13,afternoon,T3702,Samuel Osei,ARM-05,no,82846,preventive maintenance,Training Room
2026-05-13,night,T1199,Hana Nakamura,ARM-05,sick_leave,68209,preventive maintenance,Line 1
2026-05-14,morning,T3846,Lucas Ferreira,ARM-03,sick_leave,28197,training session,Training Room
2026-05-14,afternoon,T2636,Priya Sharma,ARM-03,sick_leave,65860,scheduled lubrication cycle,Line 3
2026-05-14,night,T7331,Lucas Ferreira,ARM-04,training,57606,scheduled lubrication cycle,Line 4
2026-05-15,morning,T4366,Fatima Al-Rashidi,ARM-01,training,22783,bearing inspection,Line 3
2026-05-15,afternoon,T7445,Fatima Al-Rashidi,ARM-04,yes,95339,scheduled lubrication cycle,Line 1
2026-05-15,night,T5382,Oluwaseun Adebayo,ARM-02,yes,40890,annual inspection,Maintenance Bay
2026-05-16,morning,T7875,Hana Nakamura,ARM-04,training,77314,shift handover,Line 2
2026-05-16,afternoon,T1953,Hana Nakamura,ARM-04,sick_leave,18029,repair ticket #6862,Training Room
2026-05-16,night,T8999,Aisha Diallo,MULTI,no,15319,scheduled lubrication cycle,Line 4
2026-05-17,morning,T1240,Yuki Tanaka,ARM-05,no,49038,annual inspection,Maintenance Bay
2026-05-17,afternoon,T3659,Ethan Kowalski,ARM-01,sick_leave,75126,training session,Training Room
2026-05-17,night,T3025,Hana Nakamura,ARM-05,sick_leave,67686,bearing inspection,Maintenance Bay
2026-05-18,morning,T3213,Maria Santos,ARM-01,yes,92525,preventive maintenance,Maintenance Bay
2026-05-18,afternoon,T7310,Ethan Kowalski,ARM-02,sick_leave,56193,training session,Training Room
2026-05-18,night,T8406,Maria Santos,ARM-03,training,57553,annual inspection,Line 4
2026-05-19,morning,T2638,Oluwaseun Adebayo,ARM-02,yes,30175,safety audit,Line 1
2026-05-19,afternoon,T1196,Hana Nakamura,ARM-03,yes,77471,annual inspection,Line 1
2026-05-19,night,T2479,Yuki Tanaka,MULTI,yes,85011,scheduled lubrication cycle,Line 4
2026-05-20,morning,T9886,Carlos Mendez,ARM-03,yes,59829,repair ticket #1060,Line 4
2026-05-20,afternoon,T4598,Fatima Al-Rashidi,ARM-02,sick_leave,63548,repair ticket #7000,Maintenance Bay
2026-05-20,night,T9798,Hana Nakamura,ARM-04,yes,93050,shift handover,Maintenance Bay
2026-05-21,morning,T5871,Yuki Tanaka,ARM-01,no,95620,scheduled lubrication cycle,Training Room
2026-05-21,afternoon,T7603,Chen Wei,ARM-05,sick_leave,32322,preventive maintenance,Maintenance Bay
2026-05-21,night,T3707,Aisha Diallo,ARM-03,yes,46534,sensor calibration,Line 3
2026-05-22,morning,T9789,Carlos Mendez,ARM-01,no,15931,sensor calibration,Maintenance Bay
2026-05-22,afternoon,T5732,Oluwaseun Adebayo,ARM-05,no,40294,sensor calibration,Line 3
2026-05-22,night,T5286,Oluwaseun Adebayo,ARM-03,no,69784,shift handover,Line 4
2026-05-23,morning,T7567,Fatima Al-Rashidi,ARM-02,sick_leave,80199,preventive maintenance,Line 3
2026-05-23,afternoon,T9359,Lucas Ferreira,ARM-04,sick_leave,53045,sensor calibration,Line 3
2026-05-23,night,T1313,Nina Patel,ARM-03,yes,67967,training session,Maintenance Bay
2026-05-24,morning,T5073,Maria Santos,ARM-03,sick_leave,28469,repair ticket #4652,Training Room
2026-05-24,afternoon,T1217,Nina Patel,ARM-02,yes,93785,bearing inspection,Line 1
2026-05-24,night,T4970,Carlos Mendez,ARM-04,yes,72327,shift handover,Line 1
2026-05-25,morning,T5757,Carlos Mendez,ARM-02,yes,59146,repair ticket #9740,Training Room
2026-05-25,afternoon,T4096,Lucas Ferreira,ARM-01,yes,26004,repair ticket #2370,Line 4
2026-05-25,night,T1213,Samuel Osei,ARM-05,training,64431,training session,Maintenance Bay
2026-05-26,morning,T9482,Chen Wei,ARM-03,yes,13146,safety audit,Line 2
2026-05-26,afternoon,T9636,Lucas Ferreira,MULTI,yes,90922,preventive maintenance,Training Room
2026-05-26,night,T7640,Ethan Kowalski,ARM-01,yes,86322,safety audit,Line 3
2026-05-27,morning,T8305,Lucas Ferreira,ARM-05,no,50096,repair ticket #6771,Line 1
2026-05-27,afternoon,T3784,Fatima Al-Rashidi,ARM-01,no,79452,training session,Maintenance Bay
2026-05-27,night,T8957,Tobias Richt,ARM-02,yes,10648,shift handover,Line 3
2026-05-28,morning,T3272,Nina Patel,ARM-02,yes,60603,training session,Line 4
2026-05-28,afternoon,T9927,Fatima Al-Rashidi,MULTI,yes,81410,shift handover,Line 3
2026-05-28,night,T5282,Samuel Osei,ARM-01,no,47679,safety audit,Maintenance Bay
2026-05-29,morning,T4857,Dmitri Volkov,ARM-03,training,28696,preventive maintenance,Training Room
2026-05-29,afternoon,T8625,Samuel Osei,ARM-03,yes,20910,conveyor belt check,Line 1
2026-05-29,night,T7152,Lucas Ferreira,ARM-03,sick_leave,49437,training session,Line 1
2026-05-30,morning,T5254,Carlos Mendez,ARM-04,yes,35067,conveyor belt check,Training Room
2026-05-30,afternoon,T8168,Lucas Ferreira,ARM-04,no,87915,sensor calibration,Line 3
2026-05-30,night,T3326,Dmitri Volkov,MULTI,no,91359,preventive maintenance,Maintenance Bay
2026-05-31,morning,T8331,Dmitri Volkov,MULTI,training,40517,safety audit,Training Room
2026-05-31,afternoon,T5906,Carlos Mendez,ARM-03,training,84461,repair ticket #4462,Training Room
2026-05-31,night,T5862,Oluwaseun Adebayo,ARM-01,training,84385,annual inspection,Line 3
2026-05-01,morning,T3951,Oluwaseun Adebayo,ARM-04,no,76410,annual inspection,Line 2
2026-05-01,afternoon,T9214,Fatima Al-Rashidi,ARM-01,yes,20660,bearing inspection,Training Room
2026-05-01,night,T8572,Lucas Ferreira,MULTI,training,63912,sensor calibration,Training Room
2026-05-02,morning,T3827,Samuel Osei,ARM-04,yes,60077,safety audit,Maintenance Bay
2026-05-02,afternoon,T5160,Yuki Tanaka,ARM-02,sick_leave,60628,conveyor belt check,Line 3
2026-05-02,night,T9816,Samuel Osei,ARM-05,no,29676,repair ticket #5249,Training Room
2026-05-03,morning,T7819,Tobias Richt,ARM-03,sick_leave,58462,conveyor belt check,Training Room
2026-05-03,afternoon,T7503,Fatima Al-Rashidi,ARM-05,yes,48730,safety audit,Maintenance Bay
2026-05-03,night,T7397,Aisha Diallo,ARM-03,training,65912,safety audit,Line 2
2026-05-04,morning,T2574,Samuel Osei,ARM-03,sick_leave,13437,shift handover,Line 3
2026-05-04,afternoon,T6898,Tobias Richt,ARM-03,sick_leave,80629,preventive maintenance,Maintenance Bay
2026-05-04,night,T5493,Yuki Tanaka,ARM-05,sick_leave,80578,scheduled lubrication cycle,Line 1
2026-05-05,morning,T1382,Carlos Mendez,ARM-04,yes,77102,safety audit,Line 1
2026-05-05,afternoon,T1549,Lucas Ferreira,ARM-05,yes,47353,sensor calibration,Line 4
2026-05-05,night,T7926,Priya Sharma,ARM-02,yes,64274,annual inspection,Line 3
2026-05-06,morning,T6260,Oluwaseun Adebayo,ARM-05,sick_leave,59419,sensor calibration,Line 4
2026-05-06,afternoon,T3076,Nina Patel,ARM-03,no,12035,sensor calibration,Line 4
2026-05-06,night,T8520,Aisha Diallo,ARM-02,yes,46033,scheduled lubrication cycle,Line 3
2026-05-07,morning,T7241,Nina Patel,ARM-03,yes,16736,safety audit,Line 2
2026-05-07,afternoon,T3889,Yuki Tanaka,ARM-02,training,98672,sensor calibration,Line 4
2026-05-07,night,T4258,Chen Wei,ARM-05,sick_leave,55331,bearing inspection,Line 3
2026-05-08,morning,T3249,Tobias Richt,ARM-04,yes,26429,sensor calibration,Maintenance Bay
2026-05-08,afternoon,T6019,Aisha Diallo,ARM-05,yes,69160,bearing inspection,Maintenance Bay
2026-05-08,night,T2760,Nina Patel,ARM-03,yes,92456,conveyor belt check,Line 4
2026-05-09,morning,T7656,Chen Wei,ARM-05,yes,30184,training session,Line 1
2026-05-09,afternoon,T4716,Lucas Ferreira,ARM-03,yes,80555,annual inspection,Line 3
2026-05-09,night,T4650,Priya Sharma,ARM-02,no,21598,sensor calibration,Maintenance Bay
2026-05-10,morning,T7129,Ethan Kowalski,ARM-05,sick_leave,34321,bearing inspection,Line 4
2026-05-10,afternoon,T3348,Ethan Kowalski,ARM-05,sick_leave,93784,annual inspection,Line 3
2026-05-10,night,T8813,Oluwaseun Adebayo,ARM-04,no,62487,safety audit,Maintenance Bay
2026-05-11,morning,T4676,Fatima Al-Rashidi,MULTI,sick_leave,27304,conveyor belt check,Line 2
2026-05-11,afternoon,T6852,Lucas Ferreira,ARM-01,sick_leave,28807,scheduled lubrication cycle,Line 3
2026-05-11,night,T3285,Dmitri Volkov,ARM-02,training,47077,preventive maintenance,Maintenance Bay
2026-05-12,morning,T4232,Hana Nakamura,ARM-01,yes,93687,shift handover,Training Room
2026-05-12,afternoon,T6415,Tobias Richt,ARM-01,training,47751,shift handover,Training Room
2026-05-12,night,T8114,Oluwaseun Adebayo,ARM-02,no,31904,preventive maintenance,Line 4
2026-05-13,morning,T8228,Fatima Al-Rashidi,ARM-03,yes,60718,scheduled lubrication cycle,Line 3
2026-05-13,afternoon,T7671,Chen Wei,ARM-05,yes,51358,conveyor belt check,Training Room
2026-05-13,night,T5627,Ethan Kowalski,ARM-02,yes,38222,annual inspection,Line 4
2026-05-14,morning,T6821,Hana Nakamura,MULTI,training,70451,bearing inspection,Line 1
2026-05-14,afternoon,T2867,Dmitri Volkov,ARM-01,yes,56600,bearing inspection,Line 3
2026-05-14,night,T3560,Carlos Mendez,ARM-02,yes,30615,annual inspection,Maintenance Bay
2026-05-15,morning,T3633,Fatima Al-Rashidi,ARM-01,yes,75699,scheduled lubrication cycle,Line 4
2026-05-15,afternoon,T3987,Tobias Richt,ARM-04,training,99607,annual inspection,Line 3
2026-05-15,night,T6373,Samuel Osei,ARM-04,no,77027,preventive maintenance,Line 3
2026-05-16,morning,T7237,Priya Sharma,ARM-01,yes,15428,training session,Training Room
2026-05-16,afternoon,T5127,Tobias Richt,ARM-02,training,13077,conveyor belt check,Line 3
2026-05-16,night,T7914,Maria Santos,MULTI,no,25381,preventive maintenance,Line 2
2026-05-17,morning,T4054,Dmitri Volkov,ARM-04,yes,23028,bearing inspection,Maintenance Bay
2026-05-17,afternoon,T9934,Samuel Osei,ARM-04,training,98027,safety audit,Maintenance Bay
2026-05-17,night,T2711,Ethan Kowalski,ARM-01,training,43913,repair ticket #6896,Training Room
2026-05-18,morning,T5094,Tobias Richt,ARM-01,yes,34959,safety audit,Maintenance Bay
2026-05-18,afternoon,T4463,Tobias Richt,MULTI,yes,35987,shift handover,Training Room
2026-05-18,night,T6534,Nina Patel,ARM-05,sick_leave,75878,shift handover,Training Room
2026-05-19,morning,T1820,Samuel Osei,ARM-01,yes,50303,repair ticket #2938,Line 3
2026-05-19,afternoon,T7825,Chen Wei,ARM-04,training,28616,shift handover,Line 4
2026-05-19,night,T9852,Dmitri Volkov,ARM-01,yes,42183,training session,Maintenance Bay
2026-05-20,morning,T7144,Nina Patel,ARM-03,yes,29029,scheduled lubrication cycle,Line 1
2026-05-20,afternoon,T6991,Ethan Kowalski,MULTI,sick_leave,94631,preventive maintenance,Training Room
2026-05-20,night,T5838,Carlos Mendez,ARM-05,yes,88575,safety audit,Line 2
2026-05-21,morning,T5339,Ethan Kowalski,ARM-02,no,43922,training session,Line 2
2026-05-21,afternoon,T4745,Samuel Osei,ARM-01,yes,45898,preventive maintenance,Line 3
2026-05-21,night,T6311,Ethan Kowalski,ARM-03,sick_leave,75408,repair ticket #3097,Line 1
2026-05-22,morning,T2823,Priya Sharma,MULTI,yes,81258,preventive maintenance,Line 4
2026-05-22,afternoon,T2594,Hana Nakamura,ARM-01,yes,10096,conveyor belt check,Line 4
2026-05-22,night,T4841,Aisha Diallo,ARM-02,yes,12931,conveyor belt check,Maintenance Bay
2026-05-23,morning,T7884,Priya Sharma,ARM-03,yes,67133,bearing inspection,Line 2
2026-05-23,afternoon,T5177,Priya Sharma,MULTI,sick_leave,58222,conveyor belt check,Training Room
2026-05-23,night,T3877,Aisha Diallo,ARM-02,training,18240,safety audit,Line 1
2026-05-24,morning,T5865,Tobias Richt,ARM-03,yes,55408,safety audit,Line 3
2026-05-24,afternoon,T3932,Priya Sharma,ARM-02,yes,20358,training session,Line 2
2026-05-24,night,T7160,Maria Santos,ARM-05,sick_leave,50263,preventive maintenance,Line 4
2026-05-25,morning,T6621,Nina Patel,ARM-02,yes,56383,shift handover,Line 3
2026-05-25,afternoon,T3152,Chen Wei,ARM-01,yes,28947,bearing inspection,Line 2
2026-05-25,night,T3620,Tobias Richt,MULTI,yes,92114,scheduled lubrication cycle,Line 1
2026-05-26,morning,T2692,Yuki Tanaka,MULTI,no,99031,conveyor belt check,Maintenance Bay
2026-05-26,afternoon,T8384,Ethan Kowalski,MULTI,no,44539,conveyor belt check,Line 4
2026-05-26,night,T8123,Priya Sharma,ARM-01,yes,72713,repair ticket #8289,Line 1
2026-05-27,morning,T8139,Oluwaseun Adebayo,ARM-03,yes,52108,safety audit,Line 1
2026-05-27,afternoon,T9800,Oluwaseun Adebayo,ARM-02,training,26298,preventive maintenance,Line 2
2026-05-27,night,T4758,Maria Santos,ARM-03,training,26013,preventive maintenance,Line 3
2026-05-28,morning,T8658,Tobias Richt,ARM-04,no,40292,shift handover,Line 3
2026-05-28,afternoon,T2890,Hana Nakamura,ARM-05,sick_leave,52657,training session,Training Room
2026-05-28,night,T2678,Priya Sharma,ARM-01,no,28241,preventive maintenance,Training Room
2026-05-29,morning,T4350,Oluwaseun Adebayo,MULTI,yes,26921,preventive maintenance,Line 1
2026-05-29,afternoon,T4334,Priya Sharma,ARM-05,yes,28638,shift handover,Training Room
2026-05-29,night,T5269,Ethan Kowalski,ARM-01,training,18168,shift handover,Line 2
2026-05-30,morning,T6704,Oluwaseun Adebayo,ARM-01,yes,61869,sensor calibration,Line 3
2026-05-30,afternoon,T5005,Chen Wei,ARM-03,training,79627,repair ticket #7527,Line 3
2026-05-30,night,T7213,Dmitri Volkov,MULTI,sick_leave,44368,preventive maintenance,Line 1
2026-05-31,morning,T5159,Dmitri Volkov,ARM-04,sick_leave,88877,scheduled lubrication cycle,Maintenance Bay
2026-05-31,afternoon,T4534,Hana Nakamura,ARM-02,training,21451,repair ticket #6547,Maintenance Bay
2026-05-31,night,T9536,Fatima Al-Rashidi,ARM-05,sick_leave,19718,safety audit,Line 1
2026-05-01,morning,T6227,Samuel Osei,ARM-04,yes,88247,scheduled lubrication cycle,Maintenance Bay
2026-05-01,afternoon,T4040,Oluwaseun Adebayo,ARM-02,yes,56911,annual inspection,Line 1
2026-05-01,night,T3048,Tobias Richt,MULTI,yes,69913,sensor calibration,Training Room
2026-05-02,morning,T9377,Maria Santos,ARM-05,no,98083,repair ticket #9164,Line 3
2026-05-02,afternoon,T6075,Samuel Osei,ARM-02,yes,12496,preventive maintenance,Line 4
2026-05-02,night,T7604,Yuki Tanaka,ARM-02,no,33313,safety audit,Line 1
2026-05-03,morning,T2748,Hana Nakamura,ARM-02,training,92273,preventive maintenance,Line 3
2026-05-03,afternoon,T4091,Oluwaseun Adebayo,MULTI,training,14580,shift handover,Training Room
2026-05-03,night,T6608,Priya Sharma,ARM-05,no,15767,safety audit,Line 1
2026-05-04,morning,T8967,Nina Patel,ARM-03,no,77251,training session,Line 2
2026-05-04,afternoon,T1420,Tobias Richt,ARM-05,no,42315,repair ticket #8766,Maintenance Bay
2026-05-04,night,T5672,Oluwaseun Adebayo,MULTI,sick_leave,75327,conveyor belt check,Maintenance Bay
2026-05-05,morning,T5258,Hana Nakamura,MULTI,no,41060,sensor calibration,Line 4
2026-05-05,afternoon,T2286,Lucas Ferreira,MULTI,yes,40727,bearing inspection,Line 4
2026-05-05,night,T9840,Oluwaseun Adebayo,MULTI,training,77983,shift handover,Training Room
2026-05-06,morning,T6798,Priya Sharma,ARM-04,training,97574,sensor calibration,Training Room
2026-05-06,afternoon,T7915,Oluwaseun Adebayo,ARM-02,yes,46958,shift handover,Line 1
2026-05-06,night,T9358,Dmitri Volkov,ARM-01,no,75774,bearing inspection,Line 3
2026-05-07,morning,T9231,Yuki Tanaka,ARM-05,yes,23167,shift handover,Line 1
2026-05-07,afternoon,T7414,Tobias Richt,ARM-03,training,10654,safety audit,Maintenance Bay
2026-05-07,night,T9328,Hana Nakamura,ARM-03,yes,73144,annual inspection,Training Room
2026-05-08,morning,T2061,Oluwaseun Adebayo,ARM-04,yes,20096,preventive maintenance,Line 2
2026-05-08,afternoon,T4063,Ethan Kowalski,ARM-03,yes,98627,sensor calibration,Maintenance Bay
2026-05-08,night,T2823,Hana Nakamura,ARM-03,sick_leave,88710,scheduled lubrication cycle,Line 3
2026-05-09,morning,T3951,Oluwaseun Adebayo,ARM-01,yes,60602,annual inspection,Line 2
2026-05-09,afternoon,T6949,Chen Wei,ARM-02,yes,22953,training session,Line 1
2026-05-09,night,T1248,Samuel Osei,ARM-03,yes,70990,bearing inspection,Maintenance Bay
2026-05-10,morning,T9844,Ethan Kowalski,ARM-01,yes,85122,repair ticket #9701,Line 2
2026-05-10,afternoon,T5059,Ethan Kowalski,ARM-02,yes,21376,safety audit,Line 1
2026-05-10,night,T8557,Aisha Diallo,ARM-01,yes,31417,bearing inspection,Line 4
2026-05-11,morning,T3206,Yuki Tanaka,ARM-01,yes,27081,bearing inspection,Line 4
2026-05-11,afternoon,T6541,Maria Santos,ARM-05,sick_leave,42792,bearing inspection,Line 1
2026-05-11,night,T4546,Hana Nakamura,ARM-03,no,50909,repair ticket #6073,Training Room
2026-05-12,morning,T1117,Samuel Osei,ARM-05,no,39601,safety audit,Line 4
2026-05-12,afternoon,T9986,Samuel Osei,ARM-03,no,79022,conveyor belt check,Maintenance Bay
2026-05-12,night,T8361,Dmitri Volkov,ARM-03,yes,96756,scheduled lubrication cycle,Line 3
2026-05-13,morning,T9959,Yuki Tanaka,ARM-03,sick_leave,43102,preventive maintenance,Maintenance Bay
2026-05-13,afternoon,T2081,Fatima Al-Rashidi,ARM-05,yes,36279,scheduled lubrication cycle,Maintenance Bay
2026-05-13,night,T3222,Tobias Richt,ARM-01,no,69788,preventive maintenance,Line 4
2026-05-14,morning,T8756,Samuel Osei,ARM-02,no,89386,conveyor belt check,Maintenance Bay
2026-05-14,afternoon,T6879,Carlos Mendez,MULTI,sick_leave,90053,shift handover,Line 4
2026-05-14,night,T7741,Yuki Tanaka,ARM-04,yes,36510,conveyor belt check,Maintenance Bay
2026-05-15,morning,T9563,Ethan Kowalski,MULTI,training,96228,preventive maintenance,Line 3
2026-05-15,afternoon,T6075,Chen Wei,ARM-02,training,82120,annual inspection,Line 3
2026-05-15,night,T5507,Yuki Tanaka,ARM-02,yes,78758,sensor calibration,Maintenance Bay
2026-05-16,morning,T3265,Ethan Kowalski,ARM-02,no,28369,safety audit,Maintenance Bay
2026-05-16,afternoon,T5615,Samuel Osei,MULTI,no,55663,preventive maintenance,Line 2
2026-05-16,night,T3917,Chen Wei,ARM-05,sick_leave,39654,bearing inspection,Maintenance Bay
2026-05-17,morning,T3750,Nina Patel,ARM-05,yes,65377,repair ticket #8063,Line 3
2026-05-17,afternoon,T4628,Hana Nakamura,ARM-01,yes,47594,training session,Maintenance Bay
2026-05-17,night,T9944,Fatima Al-Rashidi,ARM-04,no,62789,scheduled lubrication cycle,Line 1
2026-05-18,morning,T5428,Ethan Kowalski,ARM-04,training,94597,shift handover,Line 2
2026-05-18,afternoon,T6304,Carlos Mendez,ARM-01,yes,55007,training session,Training Room
2026-05-18,night,T6270,Ethan Kowalski,ARM-04,yes,38148,conveyor belt check,Maintenance Bay
2026-05-19,morning,T9436,Hana Nakamura,ARM-01,yes,17807,conveyor belt check,Maintenance Bay
2026-05-19,afternoon,T9842,Carlos Mendez,ARM-02,yes,83835,bearing inspection,Line 1
2026-05-19,night,T8984,Lucas Ferreira,ARM-04,training,21052,scheduled lubrication cycle,Line 1
2026-05-20,morning,T9216,Carlos Mendez,ARM-02,sick_leave,30107,bearing inspection,Training Room
2026-05-20,afternoon,T4576,Aisha Diallo,ARM-05,sick_leave,81963,preventive maintenance,Line 2
2026-05-20,night,T1499,Hana Nakamura,ARM-03,training,25532,conveyor belt check,Training Room
2026-05-21,morning,T8636,Lucas Ferreira,ARM-01,training,56766,scheduled lubrication cycle,Line 3
2026-05-21,afternoon,T5699,Ethan Kowalski,ARM-01,yes,78820,preventive maintenance,Training Room
2026-05-21,night,T8816,Oluwaseun Adebayo,ARM-01,training,56208,conveyor belt check,Line 4
2026-05-22,morning,T5615,Chen Wei,MULTI,yes,70358,annual inspection,Line 3
2026-05-22,afternoon,T5780,Ethan Kowalski,ARM-04,sick_leave,47141,shift handover,Line 3
2026-05-22,night,T5965,Dmitri Volkov,ARM-01,training,58117,shift handover,Line 2
2026-05-23,morning,T4944,Fatima Al-Rashidi,ARM-01,sick_leave,85331,training session,Line 4
2026-05-23,afternoon,T6428,Carlos Mendez,ARM-03,training,16998,repair ticket #4730,Line 3
2026-05-23,night,T6751,Aisha Diallo,ARM-01,yes,64021,bearing inspection,Line 1
2026-05-24,morning,T9872,Oluwaseun Adebayo,ARM-03,yes,97158,conveyor belt check,Line 2
2026-05-24,afternoon,T3648,Ethan Kowalski,ARM-02,training,63149,safety audit,Line 1
2026-05-24,night,T5280,Yuki Tanaka,ARM-05,training,85794,scheduled lubrication cycle,Maintenance Bay
2026-05-25,morning,T6426,Samuel Osei,ARM-05,no,39314,sensor calibration,Line 1
2026-05-25,afternoon,T3816,Aisha Diallo,ARM-02,yes,26750,scheduled lubrication cycle,Line 2
2026-05-25,night,T4741,Maria Santos,ARM-02,yes,93597,scheduled lubrication cycle,Training Room
2026-05-26,morning,T7216,Fatima Al-Rashidi,MULTI,yes,36364,bearing inspection,Line 2
2026-05-26,afternoon,T5015,Samuel Osei,ARM-05,yes,75917,sensor calibration,Maintenance Bay
2026-05-26,night,T2740,Maria Santos,ARM-03,training,96264,shift handover,Line 2
2026-05-27,morning,T4528,Nina Patel,ARM-02,yes,35624,repair ticket #7799,Training Room
2026-05-27,afternoon,T7258,Nina Patel,ARM-04,yes,49224,training session,Line 2
2026-05-27,night,T5416,Samuel Osei,ARM-02,yes,64123,shift handover,Maintenance Bay
2026-05-28,morning,T4422,Dmitri Volkov,ARM-01,no,77003,shift handover,Training Room
2026-05-28,afternoon,T6149,Dmitri Volkov,ARM-03,sick_leave,46611,preventive maintenance,Line 3
2026-05-28,night,T3308,Aisha Diallo,ARM-02,yes,36128,scheduled lubrication cycle,Line 2
2026-05-29,morning,T9206,Ethan Kowalski,ARM-03,yes,95623,safety audit,Line 2
2026-05-29,afternoon,T8162,Nina Patel,ARM-01,no,66887,conveyor belt check,Line 4
2026-05-29,night,T8703,Lucas Ferreira,ARM-02,yes,85220,bearing inspection,Line 3
2026-05-30,morning,T3950,Yuki Tanaka,ARM-05,yes,29921,preventive maintenance,Line 4
2026-05-30,afternoon,T5095,Chen Wei,ARM-04,yes,98281,safety audit,Line 2
2026-05-30,night,T9503,Maria Santos,ARM-04,yes,19460,bearing inspection,Line 3
2026-05-31,morning,T4255,Samuel Osei,ARM-05,no,87938,training session,Line 2
2026-05-31,afternoon,T4728,Tobias Richt,MULTI,no,35420,sensor calibration,Line 2
2026-05-31,night,T3579,Lucas Ferreira,ARM-05,training,57117,safety audit,Line 3
2026-05-01,morning,T3915,Lucas Ferreira,ARM-01,sick_leave,56090,sensor calibration,Line 3
2026-05-01,afternoon,T7092,Chen Wei,ARM-04,training,74305,safety audit,Training Room
2026-05-01,night,T4618,Yuki Tanaka,ARM-03,yes,71574,bearing inspection,Line 1
2026-05-02,morning,T6152,Priya Sharma,ARM-04,training,40383,safety audit,Line 3
2026-05-02,afternoon,T1174,Tobias Richt,ARM-03,no,96767,sensor calibration,Line 4
2026-05-02,night,T9363,Ethan Kowalski,ARM-02,yes,90483,shift handover,Line 3
2026-05-03,morning,T9942,Chen Wei,ARM-01,yes,90835,scheduled lubrication cycle,Line 1
2026-05-03,afternoon,T3512,Priya Sharma,MULTI,yes,67718,annual inspection,Line 3
2026-05-03,night,T6151,Lucas Ferreira,ARM-01,sick_leave,96619,conveyor belt check,Maintenance Bay
2026-05-04,morning,T3908,Tobias Richt,ARM-05,yes,11377,preventive maintenance,Maintenance Bay
2026-05-04,afternoon,T1859,Hana Nakamura,ARM-04,yes,91522,annual inspection,Training Room
2026-05-04,night,T9560,Nina Patel,MULTI,yes,54455,bearing inspection,Line 1
2026-05-05,morning,T5114,Samuel Osei,ARM-04,yes,17729,shift handover,Line 3
2026-05-05,afternoon,T4580,Dmitri Volkov,ARM-04,yes,10306,shift handover,Maintenance Bay
2026-05-05,night,T9286,Oluwaseun Adebayo,ARM-03,training,98252,conveyor belt check,Maintenance Bay
2026-05-06,morning,T4147,Hana Nakamura,ARM-02,training,56238,shift handover,Line 4
2026-05-06,afternoon,T8344,Fatima Al-Rashidi,ARM-01,yes,31512,sensor calibration,Maintenance Bay
2026-05-06,night,T3043,Aisha Diallo,ARM-03,training,95105,bearing inspection,Line 4
2026-05-07,morning,T7898,Maria Santos,ARM-01,yes,86814,repair ticket #4068,Line 3
2026-05-07,afternoon,T9179,Hana Nakamura,MULTI,yes,52007,annual inspection,Maintenance Bay
2026-05-07,night,T1075,Yuki Tanaka,MULTI,no,60006,bearing inspection,Training Room
2026-05-08,morning,T9223,Tobias Richt,ARM-05,training,63280,sensor calibration,Line 1
2026-05-08,afternoon,T8088,Fatima Al-Rashidi,MULTI,yes,92143,safety audit,Line 1
2026-05-08,night,T3453,Tobias Richt,ARM-02,no,13997,sensor calibration,Line 1
2026-05-09,morning,T8408,Fatima Al-Rashidi,ARM-03,sick_leave,88402,annual inspection,Line 2
2026-05-09,afternoon,T3064,Maria Santos,ARM-02,yes,66354,safety audit,Maintenance Bay
2026-05-09,night,T7671,Carlos Mendez,ARM-02,yes,24880,sensor calibration,Line 1
2026-05-10,morning,T9789,Aisha Diallo,MULTI,yes,69937,repair ticket #2226,Line 2
2026-05-10,afternoon,T1143,Samuel Osei,MULTI,sick_leave,34174,conveyor belt check,Maintenance Bay
2026-05-10,night,T2920,Carlos Mendez,ARM-02,training,61341,sensor calibration,Line 3
2026-05-11,morning,T1851,Yuki Tanaka,ARM-05,training,26049,repair ticket #9329,Line 2
2026-05-11,afternoon,T3325,Maria Santos,ARM-01,yes,89595,annual inspection,Line 3
2026-05-11,night,T1845,Chen Wei,ARM-02,yes,63333,scheduled lubrication cycle,Line 1
2026-05-12,morning,T8114,Fatima Al-Rashidi,ARM-01,yes,22432,preventive maintenance,Line 1
2026-05-12,afternoon,T6478,Hana Nakamura,ARM-05,yes,41022,conveyor belt check,Line 1
2026-05-12,night,T6160,Maria Santos,ARM-05,yes,20693,shift handover,Line 2
2026-05-13,morning,T5798,Lucas Ferreira,MULTI,yes,23763,sensor calibration,Line 2
2026-05-13,afternoon,T1404,Priya Sharma,MULTI,yes,96986,sensor calibration,Line 3
2026-05-13,night,T8137,Lucas Ferreira,ARM-02,sick_leave,76816,shift handover,Line 2
2026-05-14,morning,T9670,Chen Wei,ARM-01,training,12192,repair ticket #1030,Line 3
2026-05-14,afternoon,T6629,Carlos Mendez,ARM-02,yes,58159,preventive maintenance,Maintenance Bay
2026-05-14,night,T3805,Fatima Al-Rashidi,MULTI,yes,61272,annual inspection,Line 4
2026-05-15,morning,T2686,Dmitri Volkov,ARM-01,yes,38471,repair ticket #2169,Training Room
2026-05-15,afternoon,T9521,Ethan Kowalski,ARM-03,sick_leave,64381,training session,Line 1
2026-05-15,night,T6386,Priya Sharma,ARM-02,yes,32610,repair ticket #5737,Maintenance Bay
2026-05-16,morning,T3251,Fatima Al-Rashidi,ARM-01,yes,86848,scheduled lubrication cycle,Maintenance Bay
2026-05-16,afternoon,T9574,Ethan Kowalski,ARM-04,yes,16288,training session,Line 1
2026-05-16,night,T6482,Dmitri Volkov,ARM-02,training,27470,repair ticket #5856,Line 2
2026-05-17,morning,T3487,Yuki Tanaka,MULTI,yes,34145,scheduled lubrication cycle,Line 1
2026-05-17,afternoon,T2874,Priya Sharma,ARM-05,no,74417,safety audit,Line 4
2026-05-17,night,T8362,Hana Nakamura,ARM-05,no,46050,training session,Training Room
2026-05-18,morning,T7359,Dmitri Volkov,ARM-05,yes,70252,preventive maintenance,Line 4
2026-05-18,afternoon,T4873,Fatima Al-Rashidi,ARM-02,training,58024,annual inspection,Line 2
2026-05-18,night,T6589,Samuel Osei,ARM-03,training,49350,annual inspection,Line 2
2026-05-19,morning,T3756,Priya Sharma,ARM-04,sick_leave,28808,repair ticket #7761,Line 2
2026-05-19,afternoon,T4266,Samuel Osei,MULTI,sick_leave,48399,annual inspection,Line 3
2026-05-19,night,T7871,Aisha Diallo,ARM-02,yes,42604,shift handover,Training Room
2026-05-20,morning,T3884,Samuel Osei,MULTI,sick_leave,23586,preventive maintenance,Line 2
2026-05-20,afternoon,T9765,Lucas Ferreira,ARM-04,yes,83542,preventive maintenance,Training Room
2026-05-20,night,T1747,Yuki Tanaka,ARM-02,sick_leave,28959,conveyor belt check,Line 3
2026-05-21,morning,T7537,Oluwaseun Adebayo,MULTI,yes,85011,bearing inspection,Line 4
2026-05-21,afternoon,T6767,Carlos Mendez,MULTI,yes,29215,scheduled lubrication cycle,Line 3
2026-05-21,night,T2773,Hana Nakamura,ARM-02,no,55525,bearing inspection,Maintenance Bay
2026-05-22,morning,T9194,Chen Wei,ARM-05,sick_leave,89781,preventive maintenance,Maintenance Bay
2026-05-22,afternoon,T1853,Hana Nakamura,ARM-02,training,37321,bearing inspection,Maintenance Bay
2026-05-22,night,T2729,Dmitri Volkov,ARM-02,training,40530,repair ticket #9613,Maintenance Bay
2026-05-23,morning,T8744,Oluwaseun Adebayo,ARM-01,training,96701,repair ticket #3783,Training Room
2026-05-23,afternoon,T4194,Oluwaseun Adebayo,ARM-03,training,71541,scheduled lubrication cycle,Line 2
2026-05-23,night,T3036,Ethan Kowalski,ARM-04,yes,49182,preventive maintenance,Maintenance Bay
2026-05-24,morning,T1740,Yuki Tanaka,ARM-04,training,70385,shift handover,Training Room
2026-05-24,afternoon,T9983,Yuki Tanaka,ARM-02,yes,50453,conveyor belt check,Line 2
2026-05-24,night,T4977,Fatima Al-Rashidi,ARM-02,yes,82111,safety audit,Line 4
2026-05-25,morning,T7564,Priya Sharma,MULTI,no,48168,preventive maintenance,Line 3
2026-05-25,afternoon,T4559,Fatima Al-Rashidi,ARM-02,yes,27844,training session,Line 3
2026-05-25,night,T2705,Oluwaseun Adebayo,ARM-02,yes,63557,training session,Line 2
2026-05-26,morning,T3182,Hana Nakamura,ARM-01,sick_leave,82515,scheduled lubrication cycle,Line 2
2026-05-26,afternoon,T2810,Nina Patel,ARM-03,sick_leave,25412,conveyor belt check,Line 3
2026-05-26,night,T3173,Chen Wei,MULTI,yes,50105,conveyor belt check,Line 3
2026-05-27,morning,T1221,Chen Wei,ARM-03,yes,78831,sensor calibration,Line 1
2026-05-27,afternoon,T9204,Yuki Tanaka,ARM-02,yes,41322,training session,Line 3
2026-05-27,night,T2512,Priya Sharma,ARM-03,yes,75767,safety audit,Line 1
2026-05-28,morning,T7658,Dmitri Volkov,ARM-05,yes,76270,shift handover,Line 4
2026-05-28,afternoon,T3975,Hana Nakamura,ARM-03,yes,84417,annual inspection,Line 1
2026-05-28,night,T4282,Hana Nakamura,ARM-02,yes,95344,bearing inspection,Line 1
2026-05-29,morning,T3760,Carlos Mendez,ARM-01,yes,28590,preventive maintenance,Training Room
2026-05-29,afternoon,T9322,Tobias Richt,ARM-02,yes,34289,preventive maintenance,Line 1
2026-05-29,night,T9219,Oluwaseun Adebayo,ARM-03,yes,90174,scheduled lubrication cycle,Line 2
2026-05-30,morning,T4448,Lucas Ferreira,ARM-02,yes,20110,preventive maintenance,Line 3
2026-05-30,afternoon,T8261,Yuki Tanaka,ARM-05,yes,35255,scheduled lubrication cycle,Line 1
2026-05-30,night,T9938,Aisha Diallo,ARM-04,yes,27007,sensor calibration,Line 2
2026-05-31,morning,T4146,Oluwaseun Adebayo,ARM-04,yes,39487,conveyor belt check,Line 1
2026-05-31,afternoon,T4141,Ethan Kowalski,ARM-03,yes,81252,safety audit,Training Room
2026-05-31,night,T8371,Chen Wei,ARM-02,sick_leave,42186,repair ticket #6570,Line 4
2026-05-01,morning,T4738,Dmitri Volkov,ARM-05,training,95772,annual inspection,Training Room
2026-05-01,afternoon,T6618,Chen Wei,ARM-01,yes,48608,annual inspection,Line 4
2026-05-01,night,T9510,Aisha Diallo,ARM-01,training,37994,conveyor belt check,Line 1
2026-05-02,morning,T4501,Samuel Osei,MULTI,no,96887,conveyor belt check,Line 3
2026-05-02,afternoon,T4899,Hana Nakamura,ARM-04,yes,24822,sensor calibration,Line 2
2026-05-02,night,T5517,Maria Santos,ARM-03,training,19588,conveyor belt check,Line 2
2026-05-03,morning,T6030,Aisha Diallo,ARM-02,training,14010,bearing inspection,Line 4
2026-05-03,afternoon,T8478,Fatima Al-Rashidi,ARM-02,yes,51727,conveyor belt check,Line 1
2026-05-03,night,T2191,Nina Patel,ARM-05,no,42405,training session,Line 4
2026-05-04,morning,T4425,Carlos Mendez,ARM-04,no,73319,bearing inspection,Maintenance Bay
2026-05-04,afternoon,T8740,Priya Sharma,MULTI,yes,50261,conveyor belt check,Training Room
2026-05-04,night,T1890,Fatima Al-Rashidi,ARM-01,training,33531,shift handover,Line 2
2026-05-05,morning,T7257,Chen Wei,ARM-03,yes,34133,scheduled lubrication cycle,Line 2
2026-05-05,afternoon,T5122,Ethan Kowalski,ARM-01,sick_leave,16995,preventive maintenance,Line 4
2026-05-05,night,T4638,Hana Nakamura,ARM-01,training,70593,safety audit,Maintenance Bay
2026-05-06,morning,T7918,Fatima Al-Rashidi,ARM-04,sick_leave,81136,bearing inspection,Line 4
2026-05-06,afternoon,T3427,Ethan Kowalski,ARM-02,sick_leave,59857,shift handover,Line 3
2026-05-06,night,T7091,Tobias Richt,ARM-01,training,46127,annual inspection,Maintenance Bay
2026-05-07,morning,T8287,Samuel Osei,ARM-04,yes,25486,bearing inspection,Maintenance Bay
2026-05-07,afternoon,T7167,Ethan Kowalski,ARM-04,yes,94886,repair ticket #1371,Line 2
2026-05-07,night,T4893,Dmitri Volkov,MULTI,sick_leave,45261,training session,Line 4
2026-05-08,morning,T7998,Ethan Kowalski,ARM-03,yes,79247,bearing inspection,Line 2
2026-05-08,afternoon,T2005,Aisha Diallo,ARM-01,yes,42966,conveyor belt check,Line 2
2026-05-08,night,T8121,Oluwaseun Adebayo,ARM-04,training,47948,safety audit,Line 4
2026-05-09,morning,T2325,Tobias Richt,MULTI,training,22468,shift handover,Maintenance Bay
2026-05-09,afternoon,T2421,Aisha Diallo,ARM-03,training,71045,safety audit,Line 4
2026-05-09,night,T3984,Lucas Ferreira,ARM-04,yes,40641,conveyor belt check,Line 2
2026-05-10,morning,T8642,Fatima Al-Rashidi,ARM-01,yes,59192,preventive maintenance,Line 3
2026-05-10,afternoon,T1647,Aisha Diallo,ARM-03,yes,80368,shift handover,Maintenance Bay
2026-05-10,night,T4250,Ethan Kowalski,ARM-03,yes,27053,scheduled lubrication cycle,Line 2
2026-05-11,morning,T7337,Fatima Al-Rashidi,ARM-05,training,98387,preventive maintenance,Line 2
2026-05-11,afternoon,T7893,Aisha Diallo,ARM-03,yes,40960,training session,Line 4
2026-05-11,night,T9414,Priya Sharma,MULTI,no,73545,scheduled lubrication cycle,Line 3
2026-05-12,morning,T8043,Fatima Al-Rashidi,ARM-04,training,12872,bearing inspection,Training Room
2026-05-12,afternoon,T8924,Samuel Osei,MULTI,yes,25585,conveyor belt check,Line 1
2026-05-12,night,T8658,Chen Wei,ARM-05,yes,89231,preventive maintenance,Maintenance Bay
2026-05-13,morning,T1911,Yuki Tanaka,ARM-02,training,32261,scheduled lubrication cycle,Line 1
2026-05-13,afternoon,T6965,Lucas Ferreira,ARM-05,training,44349,preventive maintenance,Line 1
2026-05-13,night,T5356,Priya Sharma,ARM-05,sick_leave,57531,shift handover,Line 4
2026-05-14,morning,T9545,Aisha Diallo,ARM-04,no,95014,safety audit,Line 1
2026-05-14,afternoon,T8346,Dmitri Volkov,ARM-03,yes,64546,annual inspection,Line 1
2026-05-14,night,T9709,Tobias Richt,ARM-05,training,22173,conveyor belt check,Line 2
2026-05-15,morning,T4023,Hana Nakamura,ARM-01,sick_leave,34299,bearing inspection,Line 4
2026-05-15,afternoon,T7061,Chen Wei,MULTI,no,25845,shift handover,Line 4
2026-05-15,night,T4689,Yuki Tanaka,ARM-04,yes,75405,conveyor belt check,Line 3
2026-05-16,morning,T4996,Hana Nakamura,ARM-03,no,24724,conveyor belt check,Line 1
2026-05-16,afternoon,T5814,Lucas Ferreira,MULTI,sick_leave,97355,sensor calibration,Line 2
2026-05-16,night,T9805,Chen Wei,ARM-02,sick_leave,15403,annual inspection,Line 2
2026-05-17,morning,T1345,Dmitri Volkov,ARM-05,yes,18751,training session,Line 2
2026-05-17,afternoon,T4548,Lucas Ferreira,MULTI,sick_leave,20078,conveyor belt check,Maintenance Bay
2026-05-17,night,T4032,Yuki Tanaka,ARM-03,yes,71314,safety audit,Maintenance Bay
2026-05-18,morning,T6454,Chen Wei,ARM-02,sick_leave,78388,repair ticket #1408,Training Room
2026-05-18,afternoon,T9524,Lucas Ferreira,ARM-05,training,65936,shift handover,Line 3
2026-05-18,night,T4335,Oluwaseun Adebayo,ARM-03,yes,48764,annual inspection,Line 4
2026-05-19,morning,T7653,Hana Nakamura,ARM-05,training,86490,safety audit,Line 1
2026-05-19,afternoon,T1180,Maria Santos,ARM-03,yes,92285,shift handover,Maintenance Bay
2026-05-19,night,T1470,Oluwaseun Adebayo,MULTI,yes,56719,annual inspection,Training Room
2026-05-20,morning,T4278,Lucas Ferreira,ARM-05,yes,18671,bearing inspection,Line 1
2026-05-20,afternoon,T3580,Carlos Mendez,ARM-04,sick_leave,24862,shift handover,Line 2
2026-05-20,night,T9330,Carlos Mendez,MULTI,yes,38941,bearing inspection,Maintenance Bay
2026-05-21,morning,T5985,Priya Sharma,ARM-01,yes,23049,conveyor belt check,Training Room
2026-05-21,afternoon,T4188,Carlos Mendez,ARM-03,sick_leave,23433,bearing inspection,Line 4
2026-05-21,night,T4611,Oluwaseun Adebayo,ARM-03,training,31180,annual inspection,Training Room
2026-05-22,morning,T2251,Ethan Kowalski,ARM-01,yes,63000,bearing inspection,Line 1
2026-05-22,afternoon,T2854,Nina Patel,ARM-04,no,84225,sensor calibration,Line 4
2026-05-22,night,T6768,Samuel Osei,ARM-05,sick_leave,14110,annual inspection,Training Room
2026-05-23,morning,T5261,Ethan Kowalski,MULTI,yes,26538,sensor calibration,Training Room
2026-05-23,afternoon,T5620,Carlos Mendez,ARM-04,yes,78369,conveyor belt check,Training Room
2026-05-23,night,T2816,Hana Nakamura,ARM-01,sick_leave,49197,scheduled lubrication cycle,Line 2
2026-05-24,morning,T2902,Oluwaseun Adebayo,ARM-02,training,76225,shift handover,Line 1
2026-05-24,afternoon,T5778,Hana Nakamura,MULTI,yes,79399,annual inspection,Line 1
2026-05-24,night,T2716,Hana Nakamura,MULTI,yes,59363,scheduled lubrication cycle,Line 2
2026-05-25,morning,T2668,Oluwaseun Adebayo,ARM-01,no,43607,sensor calibration,Line 4
2026-05-25,afternoon,T6459,Chen Wei,ARM-03,yes,99339,training session,Line 4
2026-05-25,night,T1465,Carlos Mendez,ARM-01,no,10679,scheduled lubrication cycle,Line 3
2026-05-26,morning,T7461,Chen Wei,ARM-03,sick_leave,81040,training session,Line 1
2026-05-26,afternoon,T6072,Priya Sharma,ARM-04,training,91787,conveyor belt check,Line 3
2026-05-26,night,T8733,Yuki Tanaka,MULTI,yes,77242,preventive maintenance,Line 4
2026-05-27,morning,T1850,Tobias Richt,ARM-02,yes,15353,annual inspection,Line 3
2026-05-27,afternoon,T8979,Priya Sharma,ARM-05,yes,86282,bearing inspection,Line 4
2026-05-27,night,T2125,Dmitri Volkov,ARM-03,no,32245,repair ticket #4899,Training Room
2026-05-28,morning,T7646,Dmitri Volkov,ARM-02,yes,81171,shift handover,Maintenance Bay
2026-05-28,afternoon,T9135,Dmitri Volkov,ARM-05,yes,75562,annual inspection,Line 2
2026-05-28,night,T1195,Lucas Ferreira,MULTI,yes,88194,shift handover,Line 1
2026-05-29,morning,T9548,Oluwaseun Adebayo,MULTI,training,10141,annual inspection,Line 2
2026-05-29,afternoon,T2191,Hana Nakamura,ARM-01,no,60296,annual inspection,Line 1
2026-05-29,night,T2631,Priya Sharma,ARM-05,sick_leave,43150,scheduled lubrication cycle,Training Room
2026-05-30,morning,T7265,Aisha Diallo,MULTI,sick_leave,74000,bearing inspection,Line 4
2026-05-30,afternoon,T4563,Lucas Ferreira,ARM-05,yes,46240,annual inspection,Line 2
2026-05-30,night,T3337,Dmitri Volkov,ARM-01,sick_leave,80929,repair ticket #4352,Training Room
2026-05-31,morning,T4562,Nina Patel,ARM-02,yes,49955,shift handover,Line 3
2026-05-31,afternoon,T4608,Oluwaseun Adebayo,ARM-05,no,12125,shift handover,Training Room
2026-05-31,night,T7644,Chen Wei,ARM-01,sick_leave,54868,annual inspection,Line 3
2026-05-01,morning,T2627,Yuki Tanaka,ARM-03,yes,66591,training session,Line 1
2026-05-01,afternoon,T1708,Fatima Al-Rashidi,ARM-01,yes,28677,sensor calibration,Line 4
2026-05-01,night,T3858,Lucas Ferreira,ARM-01,training,93469,bearing inspection,Line 4
2026-05-02,morning,T7712,Maria Santos,MULTI,sick_leave,51442,training session,Line 4
2026-05-02,afternoon,T5289,Nina Patel,ARM-02,yes,58009,safety audit,Line 4
2026-05-02,night,T1461,Dmitri Volkov,ARM-02,yes,66493,safety audit,Line 2
2026-05-03,morning,T5794,Fatima Al-Rashidi,ARM-05,training,38455,safety audit,Line 2
2026-05-03,afternoon,T3185,Priya Sharma,ARM-05,yes,76393,sensor calibration,Line 2
2026-05-03,night,T6497,Carlos Mendez,ARM-05,no,84659,repair ticket #5287,Line 2
2026-05-04,morning,T8189,Aisha Diallo,MULTI,sick_leave,66027,training session,Line 1
2026-05-04,afternoon,T6149,Samuel Osei,ARM-01,yes,54274,bearing inspection,Maintenance Bay
2026-05-04,night,T8926,Maria Santos,ARM-05,training,63507,annual inspection,Training Room
2026-05-05,morning,T6067,Yuki Tanaka,ARM-04,yes,60074,sensor calibration,Line 3
2026-05-05,afternoon,T2538,Oluwaseun Adebayo,ARM-04,no,59607,safety audit,Maintenance Bay
2026-05-05,night,T6973,Samuel Osei,ARM-04,yes,16319,shift handover,Line 1
2026-05-06,morning,T8881,Ethan Kowalski,ARM-03,no,84749,sensor calibration,Line 4
2026-05-06,afternoon,T3757,Aisha Diallo,ARM-02,yes,29733,repair ticket #6236,Training Room
2026-05-06,night,T2404,Yuki Tanaka,ARM-01,yes,60647,training session,Training Room
2026-05-07,morning,T6435,Fatima Al-Rashidi,ARM-03,training,52685,shift handover,Line 1
2026-05-07,afternoon,T7849,Aisha Diallo,ARM-03,sick_leave,94336,conveyor belt check,Line 4
2026-05-07,night,T2215,Fatima Al-Rashidi,ARM-01,no,75153,safety audit,Line 2
2026-05-08,morning,T2541,Oluwaseun Adebayo,ARM-04,yes,25409,training session,Line 3
2026-05-08,afternoon,T2490,Dmitri Volkov,ARM-01,no,97127,repair ticket #5707,Line 2
2026-05-08,night,T2031,Tobias Richt,MULTI,training,57994,shift handover,Line 3
2026-05-09,morning,T9882,Oluwaseun Adebayo,ARM-04,yes,90357,training session,Maintenance Bay
2026-05-09,afternoon,T3398,Carlos Mendez,ARM-01,no,32711,sensor calibration,Training Room
2026-05-09,night,T3323,Yuki Tanaka,ARM-01,yes,95712,sensor calibration,Training Room
2026-05-10,morning,T1152,Tobias Richt,ARM-01,training,16239,shift handover,Line 1
2026-05-10,afternoon,T7135,Oluwaseun Adebayo,ARM-04,sick_leave,52012,repair ticket #4476,Training Room
2026-05-10,night,T8944,Nina Patel,ARM-02,yes,31321,conveyor belt check,Training Room
2026-05-11,morning,T1486,Samuel Osei,ARM-05,yes,85633,conveyor belt check,Line 4
2026-05-11,afternoon,T7968,Priya Sharma,ARM-02,sick_leave,67057,safety audit,Line 3
2026-05-11,night,T3335,Dmitri Volkov,ARM-04,sick_leave,48618,training session,Maintenance Bay
2026-05-12,morning,T8935,Nina Patel,ARM-03,training,70892,repair ticket #9540,Maintenance Bay
2026-05-12,afternoon,T5087,Aisha Diallo,ARM-02,sick_leave,13046,bearing inspection,Maintenance Bay
2026-05-12,night,T2649,Lucas Ferreira,ARM-05,yes,64742,shift handover,Line 4
2026-05-13,morning,T9906,Maria Santos,ARM-01,yes,14279,annual inspection,Training Room
2026-05-13,afternoon,T7050,Aisha Diallo,ARM-05,training,94803,repair ticket #1429,Maintenance Bay
2026-05-13,night,T9452,Dmitri Volkov,ARM-02,sick_leave,52576,preventive maintenance,Line 1
2026-05-14,morning,T6478,Dmitri Volkov,ARM-04,training,84162,preventive maintenance,Line 2
2026-05-14,afternoon,T2110,Tobias Richt,ARM-03,no,74208,preventive maintenance,Training Room
2026-05-14,night,T4379,Ethan Kowalski,MULTI,training,45856,bearing inspection,Line 2
2026-05-15,morning,T5709,Ethan Kowalski,ARM-04,yes,27371,shift handover,Line 2
2026-05-15,afternoon,T2262,Carlos Mendez,ARM-01,yes,53775,preventive maintenance,Maintenance Bay
2026-05-15,night,T6402,Tobias Richt,ARM-02,yes,77137,training session,Maintenance Bay
2026-05-16,morning,T5930,Priya Sharma,ARM-01,yes,98054,bearing inspection,Line 2
2026-05-16,afternoon,T5925,Tobias Richt,ARM-02,yes,35484,shift handover,Line 1
2026-05-16,night,T6994,Tobias Richt,ARM-02,training,11342,sensor calibration,Maintenance Bay
2026-05-17,morning,T3217,Fatima Al-Rashidi,ARM-01,yes,61531,annual inspection,Line 3
2026-05-17,afternoon,T9683,Nina Patel,MULTI,no,64557,training session,Line 1
2026-05-17,night,T7884,Oluwaseun Adebayo,ARM-03,yes,80384,repair ticket #5671,Line 4
2026-05-18,morning,T3583,Maria Santos,ARM-01,training,89354,annual inspection,Training Room
2026-05-18,afternoon,T4263,Dmitri Volkov,ARM-01,sick_leave,75610,safety audit,Line 3
2026-05-18,night,T5859,Lucas Ferreira,ARM-02,training,37561,repair ticket #2214,Line 4
2026-05-19,morning,T5100,Fatima Al-Rashidi,ARM-04,sick_leave,62878,bearing inspection,Line 1
2026-05-19,afternoon,T8013,Aisha Diallo,ARM-03,sick_leave,19159,sensor calibration,Training Room
2026-05-19,night,T7240,Nina Patel,MULTI,yes,95798,conveyor belt check,Line 1
2026-05-20,morning,T1681,Samuel Osei,ARM-05,sick_leave,57247,conveyor belt check,Line 2
2026-05-20,afternoon,T4986,Lucas Ferreira,MULTI,training,64328,safety audit,Line 2
2026-05-20,night,T1841,Aisha Diallo,ARM-01,sick_leave,99895,annual inspection,Training Room
2026-05-21,morning,T1040,Aisha Diallo,MULTI,sick_leave,86550,preventive maintenance,Line 1
2026-05-21,afternoon,T1322,Oluwaseun Adebayo,ARM-02,training,16917,scheduled lubrication cycle,Line 4
2026-05-21,night,T7359,Carlos Mendez,ARM-05,sick_leave,56544,training session,Training Room
2026-05-22,morning,T1792,Samuel Osei,ARM-04,yes,55739,training session,Line 1
2026-05-22,afternoon,T6797,Aisha Diallo,ARM-04,sick_leave,90065,preventive maintenance,Line 1
2026-05-22,night,T3814,Dmitri Volkov,ARM-02,sick_leave,56977,training session,Line 4
2026-05-23,morning,T4474,Dmitri Volkov,ARM-05,training,75784,sensor calibration,Line 2
2026-05-23,afternoon,T8481,Carlos Mendez,ARM-01,sick_leave,13263,conveyor belt check,Line 4
2026-05-23,night,T9829,Ethan Kowalski,MULTI,training,60082,annual inspection,Line 1
2026-05-24,morning,T1578,Oluwaseun Adebayo,ARM-01,no,50836,safety audit,Maintenance Bay
2026-05-24,afternoon,T1658,Chen Wei,ARM-01,training,38038,annual inspection,Line 1
2026-05-24,night,T7500,Samuel Osei,ARM-01,no,39398,preventive maintenance,Line 4
2026-05-25,morning,T8894,Samuel Osei,MULTI,training,53643,training session,Line 1
2026-05-25,afternoon,T1011,Yuki Tanaka,ARM-01,yes,12301,safety audit,Line 1
2026-05-25,night,T4856,Oluwaseun Adebayo,ARM-05,yes,93541,conveyor belt check,Line 2
2026-05-26,morning,T7043,Lucas Ferreira,ARM-04,yes,27668,scheduled lubrication cycle,Line 1
2026-05-26,afternoon,T4935,Carlos Mendez,MULTI,sick_leave,12028,training session,Line 4
2026-05-26,night,T5535,Fatima Al-Rashidi,ARM-02,yes,54908,sensor calibration,Training Room
2026-05-27,morning,T4198,Priya Sharma,MULTI,yes,84456,safety audit,Line 4
2026-05-27,afternoon,T5105,Tobias Richt,ARM-03,sick_leave,83878,repair ticket #8080,Training Room
2026-05-27,night,T5490,Hana Nakamura,ARM-04,yes,29606,shift handover,Line 4
2026-05-28,morning,T4074,Carlos Mendez,ARM-05,sick_leave,83767,preventive maintenance,Line 1
2026-05-28,afternoon,T5442,Yuki Tanaka,ARM-05,training,87197,shift handover,Line 1
2026-05-28,night,T4025,Tobias Richt,ARM-05,training,87110,repair ticket #1321,Line 1
2026-05-29,morning,T8458,Priya Sharma,ARM-04,yes,15074,safety audit,Maintenance Bay
2026-05-29,afternoon,T5830,Nina Patel,ARM-04,no,88043,scheduled lubrication cycle,Maintenance Bay
2026-05-29,night,T4323,Yuki Tanaka,MULTI,training,44821,safety audit,Maintenance Bay
2026-05-30,morning,T7192,Oluwaseun Adebayo,ARM-03,yes,27304,conveyor belt check,Line 1
2026-05-30,afternoon,T1760,Samuel Osei,ARM-01,yes,14622,shift handover,Line 4
2026-05-30,night,T2074,Hana Nakamura,ARM-04,sick_leave,67375,shift handover,Line 1
2026-05-31,morning,T6096,Hana Nakamura,MULTI,yes,30213,scheduled lubrication cycle,Line 2
2026-05-31,afternoon,T4255,Samuel Osei,ARM-04,training,18646,bearing inspection,Line 1
2026-05-31,night,T1058,Aisha Diallo,ARM-02,yes,38844,shift handover,Training Room
2026-05-01,morning,T6591,Nina Patel,ARM-04,yes,96287,annual inspection,Line 1
2026-05-01,afternoon,T2309,Tobias Richt,ARM-01,sick_leave,55773,preventive maintenance,Line 3
2026-05-01,night,T8681,Samuel Osei,ARM-03,yes,22376,scheduled lubrication cycle,Line 3
2026-05-02,morning,T4342,Nina Patel,ARM-02,training,98449,annual inspection,Line 1
2026-05-02,afternoon,T5924,Lucas Ferreira,ARM-01,training,74441,conveyor belt check,Line 4
2026-05-02,night,T2929,Oluwaseun Adebayo,MULTI,yes,71984,conveyor belt check,Training Room
2026-05-03,morning,T1664,Aisha Diallo,ARM-01,training,89529,preventive maintenance,Training Room
2026-05-03,afternoon,T9578,Dmitri Volkov,ARM-04,sick_leave,88192,annual inspection,Line 1
2026-05-03,night,T2342,Aisha Diallo,ARM-02,yes,14132,preventive maintenance,Line 2
2026-05-04,morning,T8955,Hana Nakamura,MULTI,yes,11949,sensor calibration,Maintenance Bay
2026-05-04,afternoon,T6354,Fatima Al-Rashidi,ARM-05,no,20891,bearing inspection,Line 4
2026-05-04,night,T7572,Dmitri Volkov,ARM-01,training,81170,safety audit,Line 4
2026-05-05,morning,T6298,Oluwaseun Adebayo,ARM-03,no,26027,bearing inspection,Line 4
2026-05-05,afternoon,T3820,Priya Sharma,ARM-03,no,95811,sensor calibration,Training Room
2026-05-05,night,T4830,Carlos Mendez,ARM-02,no,79150,preventive maintenance,Line 3
2026-05-06,morning,T8931,Oluwaseun Adebayo,ARM-02,yes,38270,sensor calibration,Training Room
2026-05-06,afternoon,T8733,Ethan Kowalski,ARM-02,no,70742,bearing inspection,Training Room
2026-05-06,night,T7656,Yuki Tanaka,ARM-02,training,20330,scheduled lubrication cycle,Line 1
2026-05-07,morning,T3160,Yuki Tanaka,ARM-02,yes,93120,annual inspection,Maintenance Bay
2026-05-07,afternoon,T6425,Aisha Diallo,ARM-05,training,14788,bearing inspection,Line 2
2026-05-07,night,T5888,Chen Wei,ARM-04,yes,65787,sensor calibration,Line 1
2026-05-08,morning,T7480,Samuel Osei,ARM-02,yes,94741,repair ticket #9027,Training Room
2026-05-08,afternoon,T7871,Tobias Richt,ARM-02,sick_leave,38280,repair ticket #8391,Maintenance Bay
2026-05-08,night,T4533,Aisha Diallo,ARM-01,yes,90264,preventive maintenance,Training Room
2026-05-09,morning,T1643,Maria Santos,ARM-03,sick_leave,70216,scheduled lubrication cycle,Training Room
2026-05-09,afternoon,T4311,Fatima Al-Rashidi,ARM-05,yes,33973,bearing inspection,Training Room
2026-05-09,night,T6561,Oluwaseun Adebayo,ARM-04,sick_leave,83313,shift handover,Maintenance Bay
2026-05-10,morning,T9146,Yuki Tanaka,ARM-02,sick_leave,45214,scheduled lubrication cycle,Maintenance Bay
2026-05-10,afternoon,T4968,Nina Patel,ARM-05,training,39679,shift handover,Line 1
2026-05-10,night,T6899,Maria Santos,ARM-05,sick_leave,44821,safety audit,Maintenance Bay
2026-05-11,morning,T9783,Aisha Diallo,ARM-05,no,26219,sensor calibration,Line 4
2026-05-11,afternoon,T6266,Priya Sharma,ARM-02,sick_leave,26074,bearing inspection,Maintenance Bay
2026-05-11,night,T9436,Yuki Tanaka,MULTI,yes,20796,repair ticket #5518,Line 3
2026-05-12,morning,T6703,Samuel Osei,ARM-01,yes,78039,safety audit,Training Room
2026-05-12,afternoon,T6417,Lucas Ferreira,ARM-01,sick_leave,13836,shift handover,Line 2
2026-05-12,night,T6533,Fatima Al-Rashidi,ARM-03,sick_leave,67951,bearing inspection,Line 3
2026-05-13,morning,T9881,Maria Santos,MULTI,yes,66998,safety audit,Training Room
2026-05-13,afternoon,T1701,Nina Patel,ARM-03,no,41827,annual inspection,Line 1
2026-05-13,night,T6967,Maria Santos,ARM-02,training,99972,scheduled lubrication cycle,Maintenance Bay
2026-05-14,morning,T7139,Samuel Osei,MULTI,sick_leave,38645,annual inspection,Line 4
2026-05-14,afternoon,T3285,Chen Wei,ARM-04,yes,14134,bearing inspection,Maintenance Bay
2026-05-14,night,T2758,Dmitri Volkov,MULTI,yes,26411,repair ticket #4666,Maintenance Bay
2026-05-15,morning,T3110,Tobias Richt,MULTI,yes,49297,safety audit,Maintenance Bay
2026-05-15,afternoon,T7965,Tobias Richt,MULTI,yes,11955,shift handover,Line 3
2026-05-15,night,T8375,Aisha Diallo,ARM-04,training,44298,training session,Line 3
2026-05-16,morning,T8209,Samuel Osei,MULTI,training,61569,sensor calibration,Line 3
2026-05-16,afternoon,T7184,Maria Santos,ARM-02,sick_leave,74727,conveyor belt check,Line 1
2026-05-16,night,T8061,Aisha Diallo,ARM-04,yes,84406,preventive maintenance,Line 4
2026-05-17,morning,T8399,Hana Nakamura,ARM-01,yes,78802,preventive maintenance,Training Room
2026-05-17,afternoon,T8571,Tobias Richt,MULTI,no,55528,preventive maintenance,Line 3
2026-05-17,night,T7251,Ethan Kowalski,ARM-04,training,26824,sensor calibration,Training Room
2026-05-18,morning,T4725,Lucas Ferreira,ARM-01,yes,21702,conveyor belt check,Line 1
2026-05-18,afternoon,T7911,Samuel Osei,MULTI,yes,12955,scheduled lubrication cycle,Line 3
2026-05-18,night,T9831,Nina Patel,ARM-04,yes,45116,bearing inspection,Line 2
2026-05-19,morning,T4458,Carlos Mendez,ARM-04,no,64239,safety audit,Line 1
2026-05-19,afternoon,T2008,Oluwaseun Adebayo,ARM-05,training,42049,bearing inspection,Line 1
2026-05-19,night,T6824,Nina Patel,ARM-01,yes,32639,scheduled lubrication cycle,Training Room
2026-05-20,morning,T1958,Ethan Kowalski,ARM-01,yes,28624,bearing inspection,Line 3
2026-05-20,afternoon,T8162,Tobias Richt,ARM-05,training,67737,bearing inspection,Line 1
2026-05-20,night,T6836,Dmitri Volkov,ARM-01,no,92595,shift handover,Line 2
2026-05-21,morning,T5060,Lucas Ferreira,ARM-05,yes,79807,conveyor belt check,Line 1
2026-05-21,afternoon,T9431,Yuki Tanaka,ARM-01,yes,85448,sensor calibration,Line 1
2026-05-21,night,T9143,Aisha Diallo,MULTI,training,18825,repair ticket #8315,Line 4
2026-05-22,morning,T8321,Hana Nakamura,ARM-05,training,31650,bearing inspection,Line 3
2026-05-22,afternoon,T9225,Aisha Diallo,ARM-02,sick_leave,99923,training session,Line 2
2026-05-22,night,T3548,Nina Patel,ARM-05,yes,56029,training session,Training Room
2026-05-23,morning,T3694,Aisha Diallo,ARM-03,training,27600,training session,Line 1
2026-05-23,afternoon,T9525,Dmitri Volkov,ARM-01,sick_leave,75069,preventive maintenance,Maintenance Bay
2026-05-23,night,T2122,Nina Patel,ARM-01,yes,86463,bearing inspection,Maintenance Bay
2026-05-24,morning,T8585,Yuki Tanaka,ARM-05,training,12826,shift handover,Line 2
2026-05-24,afternoon,T2303,Tobias Richt,ARM-03,yes,50152,preventive maintenance,Line 4
2026-05-24,night,T4869,Fatima Al-Rashidi,ARM-02,training,95896,annual inspection,Line 2
2026-05-25,morning,T9802,Tobias Richt,ARM-04,no,16066,shift handover,Line 4
2026-05-25,afternoon,T6577,Fatima Al-Rashidi,ARM-04,yes,91453,scheduled lubrication cycle,Line 1
2026-05-25,night,T3690,Ethan Kowalski,ARM-02,yes,74981,sensor calibration,Line 1
2026-05-26,morning,T3648,Nina Patel,ARM-02,yes,83103,scheduled lubrication cycle,Line 2
2026-05-26,afternoon,T7055,Lucas Ferreira,MULTI,yes,63293,repair ticket #5241,Maintenance Bay
2026-05-26,night,T8517,Oluwaseun Adebayo,ARM-01,yes,97159,bearing inspection,Line 2
2026-05-27,morning,T8060,Ethan Kowalski,ARM-03,yes,29972,training session,Line 1
2026-05-27,afternoon,T2534,Ethan Kowalski,ARM-01,yes,70430,sensor calibration,Line 2
2026-05-27,night,T5177,Priya Sharma,MULTI,yes,78480,sensor calibration,Line 2
2026-05-28,morning,T7257,Carlos Mendez,MULTI,yes,30113,bearing inspection,Maintenance Bay
2026-05-28,afternoon,T6021,Yuki Tanaka,ARM-01,sick_leave,58602,conveyor belt check,Line 3
2026-05-28,night,T2217,Oluwaseun Adebayo,ARM-04,yes,81025,annual inspection,Line 2
2026-05-29,morning,T9613,Priya Sharma,MULTI,yes,23923,preventive maintenance,Line 1
2026-05-29,afternoon,T5491,Tobias Richt,ARM-01,yes,27315,shift handover,Line 2
2026-05-29,night,T5237,Aisha Diallo,ARM-05,no,73260,scheduled lubrication cycle,Line 2
2026-05-30,morning,T5500,Priya Sharma,ARM-04,training,23504,training session,Line 4
2026-05-30,afternoon,T4406,Carlos Mendez,ARM-02,no,79922,conveyor belt check,Line 3
2026-05-30,night,T6313,Nina Patel,MULTI,yes,16277,scheduled lubrication cycle,Maintenance Bay
2026-05-31,morning,T9574,Ethan Kowalski,ARM-05,yes,71207,sensor calibration,Line 1
2026-05-31,afternoon,T6058,Samuel Osei,ARM-03,sick_leave,92040,training session,Line 3
2026-05-31,night,T3556,Dmitri Volkov,ARM-02,training,46434,bearing inspection,Line 2
2026-05-01,morning,T9923,Maria Santos,ARM-01,yes,52752,sensor calibration,Line 1
2026-05-01,afternoon,T7938,Samuel Osei,ARM-02,yes,84327,repair ticket #2085,Training Room
2026-05-01,night,T7357,Ethan Kowalski,ARM-01,sick_leave,68296,scheduled lubrication cycle,Maintenance Bay
2026-05-02,morning,T2503,Fatima Al-Rashidi,ARM-03,sick_leave,63891,repair ticket #5007,Line 3
2026-05-02,afternoon,T8819,Ethan Kowalski,MULTI,yes,29142,sensor calibration,Line 1
2026-05-02,night,T2367,Priya Sharma,ARM-04,training,50949,preventive maintenance,Line 4
2026-05-03,morning,T1076,Yuki Tanaka,ARM-01,training,64537,shift handover,Line 4
2026-05-03,afternoon,T1826,Aisha Diallo,ARM-02,yes,13493,repair ticket #8712,Maintenance Bay
2026-05-03,night,T1570,Tobias Richt,ARM-03,yes,25859,shift handover,Line 1
2026-05-04,morning,T6098,Fatima Al-Rashidi,MULTI,yes,60125,safety audit,Line 1
2026-05-04,afternoon,T1928,Dmitri Volkov,MULTI,yes,77339,safety audit,Line 4
2026-05-04,night,T2497,Samuel Osei,ARM-05,yes,46571,training session,Maintenance Bay
2026-05-05,morning,T6476,Oluwaseun Adebayo,ARM-05,yes,99350,preventive maintenance,Line 3
2026-05-05,afternoon,T5042,Carlos Mendez,ARM-01,no,55270,conveyor belt check,Line 2
2026-05-05,night,T2857,Aisha Diallo,ARM-05,yes,63169,shift handover,Line 3
2026-05-06,morning,T4136,Hana Nakamura,ARM-01,yes,12778,training session,Line 2
2026-05-06,afternoon,T2935,Fatima Al-Rashidi,ARM-03,yes,25245,bearing inspection,Line 3
2026-05-06,night,T5290,Yuki Tanaka,ARM-03,yes,22973,scheduled lubrication cycle,Line 1
2026-05-07,morning,T1623,Hana Nakamura,MULTI,no,23745,repair ticket #2928,Line 1
2026-05-07,afternoon,T9292,Aisha Diallo,ARM-01,yes,32031,annual inspection,Line 3
2026-05-07,night,T2288,Yuki Tanaka,MULTI,yes,45392,training session,Line 3
2026-05-08,morning,T2790,Aisha Diallo,MULTI,yes,76123,conveyor belt check,Line 2
2026-05-08,afternoon,T2624,Hana Nakamura,ARM-03,training,66361,annual inspection,Line 4
2026-05-08,night,T9745,Dmitri Volkov,ARM-02,yes,65045,annual inspection,Line 4
2026-05-09,morning,T5782,Nina Patel,ARM-02,no,92853,shift handover,Training Room
2026-05-09,afternoon,T9501,Chen Wei,ARM-02,yes,13321,training session,Line 3
2026-05-09,night,T9499,Hana Nakamura,ARM-02,sick_leave,92185,training session,Line 1
2026-05-10,morning,T5104,Lucas Ferreira,ARM-02,no,10818,safety audit,Line 4
2026-05-10,afternoon,T4966,Nina Patel,ARM-03,yes,30245,preventive maintenance,Line 1
2026-05-10,night,T7209,Chen Wei,ARM-04,yes,13565,conveyor belt check,Line 4
2026-05-11,morning,T4478,Chen Wei,ARM-02,sick_leave,86334,sensor calibration,Maintenance Bay
2026-05-11,afternoon,T3651,Dmitri Volkov,MULTI,yes,47868,conveyor belt check,Line 3
2026-05-11,night,T9994,Maria Santos,ARM-01,training,52413,safety audit,Maintenance Bay
2026-05-12,morning,T6160,Lucas Ferreira,ARM-01,yes,23189,training session,Line 3
2026-05-12,afternoon,T7752,Priya Sharma,ARM-05,yes,62789,repair ticket #7035,Line 4
2026-05-12,night,T2368,Oluwaseun Adebayo,ARM-01,yes,98553,bearing inspection,Line 4
2026-05-13,morning,T7955,Ethan Kowalski,ARM-02,training,49800,conveyor belt check,Line 1
2026-05-13,afternoon,T1119,Fatima Al-Rashidi,ARM-03,sick_leave,36835,scheduled lubrication cycle,Maintenance Bay
2026-05-13,night,T8730,Dmitri Volkov,MULTI,no,57537,conveyor belt check,Line 3
2026-05-14,morning,T3253,Maria Santos,ARM-01,sick_leave,94132,conveyor belt check,Line 2
2026-05-14,afternoon,T4906,Carlos Mendez,ARM-02,sick_leave,71281,conveyor belt check,Training Room
2026-05-14,night,T5191,Oluwaseun Adebayo,ARM-01,no,19403,preventive maintenance,Maintenance Bay
2026-05-15,morning,T1525,Aisha Diallo,ARM-05,yes,61607,scheduled lubrication cycle,Maintenance Bay
2026-05-15,afternoon,T9534,Dmitri Volkov,ARM-05,yes,41433,preventive maintenance,Line 1
2026-05-15,night,T1949,Priya Sharma,ARM-03,sick_leave,75830,shift handover,Line 2
2026-05-16,morning,T5172,Lucas Ferreira,ARM-03,no,48040,safety audit,Line 2
2026-05-16,afternoon,T8133,Carlos Mendez,MULTI,training,57383,annual inspection,Line 2
2026-05-16,night,T6581,Lucas Ferreira,MULTI,yes,31919,preventive maintenance,Line 2
2026-05-17,morning,T6855,Hana Nakamura,ARM-02,yes,47123,training session,Line 4
2026-05-17,afternoon,T1458,Dmitri Volkov,ARM-02,no,34887,conveyor belt check,Line 4
2026-05-17,night,T5295,Yuki Tanaka,ARM-05,training,95636,conveyor belt check,Line 3
2026-05-18,morning,T6112,Chen Wei,ARM-01,yes,98057,sensor calibration,Line 2
2026-05-18,afternoon,T1496,Oluwaseun Adebayo,ARM-04,training,22570,shift handover,Line 1
2026-05-18,night,T8903,Nina Patel,MULTI,yes,16634,training session,Line 3
2026-05-19,morning,T4405,Yuki Tanaka,MULTI,yes,90063,safety audit,Maintenance Bay
2026-05-19,afternoon,T4392,Samuel Osei,ARM-03,yes,86556,repair ticket #4584,Line 4
2026-05-19,night,T9998,Fatima Al-Rashidi,ARM-03,yes,51097,bearing inspection,Training Room
2026-05-20,morning,T6241,Aisha Diallo,ARM-05,yes,33375,annual inspection,Line 2
2026-05-20,afternoon,T8503,Carlos Mendez,ARM-05,yes,95642,scheduled lubrication cycle,Line 2
2026-05-20,night,T6622,Fatima Al-Rashidi,ARM-01,no,29372,scheduled lubrication cycle,Training Room
2026-05-21,morning,T1185,Samuel Osei,ARM-04,sick_leave,20989,preventive maintenance,Line 4
2026-05-21,afternoon,T2170,Dmitri Volkov,ARM-04,yes,14566,safety audit,Line 2
2026-05-21,night,T2978,Fatima Al-Rashidi,ARM-03,training,38172,conveyor belt check,Training Room
2026-05-22,morning,T1140,Maria Santos,ARM-05,yes,83417,annual inspection,Maintenance Bay
2026-05-22,afternoon,T1059,Maria Santos,ARM-03,no,56909,scheduled lubrication cycle,Line 1
2026-05-22,night,T5465,Yuki Tanaka,ARM-05,yes,96855,conveyor belt check,Training Room
2026-05-23,morning,T2603,Yuki Tanaka,ARM-02,yes,66516,shift handover,Line 2
2026-05-23,afternoon,T7964,Lucas Ferreira,MULTI,yes,69058,safety audit,Maintenance Bay
2026-05-23,night,T5250,Yuki Tanaka,ARM-03,yes,56054,conveyor belt check,Training Room
2026-05-24,morning,T6514,Fatima Al-Rashidi,ARM-02,yes,53073,training session,Line 2
2026-05-24,afternoon,T5159,Tobias Richt,ARM-04,yes,42360,safety audit,Line 2
2026-05-24,night,T8680,Yuki Tanaka,ARM-03,yes,92980,safety audit,Line 1
2026-05-25,morning,T5301,Lucas Ferreira,ARM-02,yes,19003,conveyor belt check,Line 3
2026-05-25,afternoon,T9030,Nina Patel,ARM-03,yes,43787,shift handover,Training Room
2026-05-25,night,T5279,Ethan Kowalski,MULTI,yes,34127,conveyor belt check,Maintenance Bay
2026-05-26,morning,T4843,Hana Nakamura,ARM-03,sick_leave,40162,preventive maintenance,Maintenance Bay
2026-05-26,afternoon,T3031,Nina Patel,ARM-02,training,90350,scheduled lubrication cycle,Line 2
2026-05-26,night,T3852,Ethan Kowalski,ARM-02,yes,96381,sensor calibration,Line 2
2026-05-27,morning,T2714,Priya Sharma,ARM-03,sick_leave,25745,scheduled lubrication cycle,Maintenance Bay
2026-05-27,afternoon,T1577,Yuki Tanaka,ARM-04,sick_leave,51763,conveyor belt check,Line 3
2026-05-27,night,T5928,Tobias Richt,ARM-04,training,55027,preventive maintenance,Maintenance Bay
2026-05-28,morning,T6966,Dmitri Volkov,ARM-04,yes,60687,sensor calibration,Line 3
2026-05-28,afternoon,T7342,Yuki Tanaka,ARM-03,yes,10041,conveyor belt check,Line 1
2026-05-28,night,T2844,Nina Patel,ARM-03,sick_leave,42935,annual inspection,Line 3
2026-05-29,morning,T9749,Chen Wei,ARM-05,sick_leave,78569,training session,Line 1
2026-05-29,afternoon,T5127,Maria Santos,ARM-01,training,85012,repair ticket #3243,Line 4
2026-05-29,night,T7584,Hana Nakamura,MULTI,yes,94064,scheduled lubrication cycle,Training Room
2026-05-30,morning,T1254,Dmitri Volkov,ARM-03,yes,19037,scheduled lubrication cycle,Maintenance Bay
2026-05-30,afternoon,T5671,Carlos Mendez,ARM-04,training,84429,conveyor belt check,Training Room
2026-05-30,night,T4049,Maria Santos,ARM-05,no,28043,annual inspection,Maintenance Bay
2026-05-31,morning,T9252,Maria Santos,ARM-05,yes,70515,shift handover,Line 3
2026-05-31,afternoon,T3242,Chen Wei,ARM-05,training,90921,preventive maintenance,Line 2
2026-05-31,night,T3473,Carlos Mendez,ARM-01,yes,11643,bearing inspection,Line 3
2026-05-01,morning,T3486,Hana Nakamura,ARM-01,sick_leave,62428,sensor calibration,Line 1
2026-05-01,afternoon,T6031,Aisha Diallo,MULTI,yes,46403,safety audit,Line 2
2026-05-01,night,T7792,Samuel Osei,ARM-04,yes,34262,training session,Line 1
2026-05-02,morning,T7442,Maria Santos,MULTI,sick_leave,95650,conveyor belt check,Line 3
2026-05-02,afternoon,T2028,Chen Wei,ARM-02,yes,13276,training session,Line 2
2026-05-02,night,T8422,Fatima Al-Rashidi,MULTI,training,76878,scheduled lubrication cycle,Line 1
2026-05-03,morning,T5107,Maria Santos,ARM-01,training,38208,preventive maintenance,Training Room
2026-05-03,afternoon,T8104,Aisha Diallo,ARM-05,no,56721,shift handover,Maintenance Bay
2026-05-03,night,T5873,Chen Wei,MULTI,training,80232,repair ticket #1813,Training Room
2026-05-04,morning,T2621,Fatima Al-Rashidi,ARM-05,sick_leave,90627,repair ticket #7366,Line 4
2026-05-04,afternoon,T1536,Carlos Mendez,ARM-01,yes,13914,sensor calibration,Line 2
2026-05-04,night,T2716,Yuki Tanaka,ARM-03,sick_leave,23741,bearing inspection,Line 1
2026-05-05,morning,T5405,Maria Santos,ARM-01,no,88724,safety audit,Training Room
2026-05-05,afternoon,T4797,Oluwaseun Adebayo,ARM-03,sick_leave,33168,annual inspection,Line 4
2026-05-05,night,T3656,Carlos Mendez,ARM-05,training,85769,shift handover,Line 2
2026-05-06,morning,T1398,Tobias Richt,ARM-02,no,81048,bearing inspection,Line 1
2026-05-06,afternoon,T4601,Chen Wei,ARM-04,yes,75250,training session,Line 3
2026-05-06,night,T5707,Aisha Diallo,ARM-01,training,93537,repair ticket #3224,Line 4
2026-05-07,morning,T1619,Carlos Mendez,MULTI,yes,67250,safety audit,Training Room
2026-05-07,afternoon,T3074,Maria Santos,ARM-05,no,60701,safety audit,Training Room
2026-05-07,night,T3638,Tobias Richt,MULTI,yes,42984,bearing inspection,Training Room
2026-05-08,morning,T5976,Nina Patel,ARM-01,sick_leave,50739,annual inspection,Training Room
2026-05-08,afternoon,T3255,Nina Patel,MULTI,sick_leave,26852,preventive maintenance,Line 1
2026-05-08,night,T8729,Lucas Ferreira,ARM-03,no,98648,bearing inspection,Line 4
2026-05-09,morning,T1466,Samuel Osei,ARM-03,yes,76398,preventive maintenance,Line 3
2026-05-09,afternoon,T7761,Samuel Osei,ARM-04,yes,88305,conveyor belt check,Line 2
2026-05-09,night,T9659,Carlos Mendez,ARM-05,yes,43248,training session,Maintenance Bay
2026-05-10,morning,T3241,Fatima Al-Rashidi,ARM-02,yes,64410,safety audit,Line 1
2026-05-10,afternoon,T2926,Maria Santos,ARM-04,yes,38507,training session,Line 4
2026-05-10,night,T7218,Priya Sharma,MULTI,training,78890,training session,Line 3
2026-05-11,morning,T6605,Samuel Osei,ARM-01,training,22054,bearing inspection,Line 1
2026-05-11,afternoon,T3735,Samuel Osei,ARM-05,training,36469,preventive maintenance,Line 4
2026-05-11,night,T4845,Aisha Diallo,MULTI,no,40723,annual inspection,Line 1
2026-05-12,morning,T3462,Oluwaseun Adebayo,ARM-01,yes,85483,conveyor belt check,Line 4
2026-05-12,afternoon,T6406,Aisha Diallo,ARM-02,no,44128,preventive maintenance,Line 3
2026-05-12,night,T3844,Lucas Ferreira,ARM-04,training,33834,shift handover,Line 2
2026-05-13,morning,T1843,Ethan Kowalski,MULTI,sick_leave,36890,shift handover,Line 2
2026-05-13,afternoon,T9340,Samuel Osei,ARM-01,no,93602,annual inspection,Line 3
2026-05-13,night,T8454,Aisha Diallo,ARM-04,sick_leave,50736,annual inspection,Line 3
2026-05-14,morning,T8728,Maria Santos,ARM-02,sick_leave,12751,training session,Line 2
2026-05-14,afternoon,T6611,Hana Nakamura,ARM-04,yes,11309,shift handover,Line 4
2026-05-14,night,T5658,Aisha Diallo,MULTI,yes,14045,conveyor belt check,Line 3
2026-05-15,morning,T1786,Oluwaseun Adebayo,ARM-01,no,60964,preventive maintenance,Maintenance Bay
2026-05-15,afternoon,T1349,Aisha Diallo,MULTI,yes,17742,shift handover,Training Room
2026-05-15,night,T1675,Ethan Kowalski,ARM-05,sick_leave,76839,conveyor belt check,Line 3
2026-05-16,morning,T6213,Ethan Kowalski,ARM-01,yes,88739,safety audit,Line 3
2026-05-16,afternoon,T2931,Oluwaseun Adebayo,ARM-05,training,48913,safety audit,Line 1
2026-05-16,night,T2559,Hana Nakamura,ARM-01,training,70741,repair ticket #3151,Line 3
2026-05-17,morning,T4170,Yuki Tanaka,ARM-04,no,82204,shift handover,Line 1
2026-05-17,afternoon,T1586,Priya Sharma,MULTI,no,64990,scheduled lubrication cycle,Maintenance Bay
2026-05-17,night,T9677,Lucas Ferreira,ARM-05,sick_leave,72415,training session,Line 4
2026-05-18,morning,T9990,Fatima Al-Rashidi,ARM-03,training,15031,annual inspection,Line 2
2026-05-18,afternoon,T1350,Lucas Ferreira,ARM-03,sick_leave,41624,training session,Training Room
2026-05-18,night,T6595,Maria Santos,ARM-04,no,36569,shift handover,Line 1
2026-05-19,morning,T1644,Oluwaseun Adebayo,MULTI,yes,29888,preventive maintenance,Line 3
2026-05-19,afternoon,T2284,Hana Nakamura,ARM-04,yes,62548,safety audit,Training Room
2026-05-19,night,T7480,Aisha Diallo,ARM-03,yes,73540,safety audit,Line 4
2026-05-20,morning,T9280,Fatima Al-Rashidi,MULTI,training,25764,shift handover,Line 1
2026-05-20,afternoon,T7377,Ethan Kowalski,MULTI,sick_leave,85210,sensor calibration,Training Room
2026-05-20,night,T2211,Tobias Richt,MULTI,yes,79895,safety audit,Line 3
2026-05-21,morning,T7582,Tobias Richt,ARM-04,no,86544,shift handover,Training Room
2026-05-21,afternoon,T4319,Chen Wei,MULTI,sick_leave,68113,safety audit,Training Room
2026-05-21,night,T5112,Nina Patel,ARM-04,yes,59074,scheduled lubrication cycle,Maintenance Bay
2026-05-22,morning,T3470,Fatima Al-Rashidi,ARM-04,yes,80157,bearing inspection,Line 2
2026-05-22,afternoon,T7883,Oluwaseun Adebayo,ARM-01,yes,82153,safety audit,Maintenance Bay
2026-05-22,night,T8714,Samuel Osei,MULTI,yes,45262,repair ticket #5386,Training Room
2026-05-23,morning,T5380,Dmitri Volkov,ARM-04,sick_leave,80685,annual inspection,Line 3
2026-05-23,afternoon,T1514,Tobias Richt,ARM-04,sick_leave,73151,scheduled lubrication cycle,Training Room
2026-05-23,night,T4050,Lucas Ferreira,MULTI,training,94455,repair ticket #9634,Line 3
2026-05-24,morning,T9103,Dmitri Volkov,ARM-01,yes,60171,preventive maintenance,Line 4
2026-05-24,afternoon,T4533,Tobias Richt,ARM-04,yes,33122,annual inspection,Line 2
2026-05-24,night,T8750,Aisha Diallo,ARM-01,yes,70533,repair ticket #7228,Maintenance Bay
2026-05-25,morning,T8869,Carlos Mendez,MULTI,training,89840,conveyor belt check,Line 1
2026-05-25,afternoon,T9869,Maria Santos,ARM-03,sick_leave,28559,scheduled lubrication cycle,Line 1
2026-05-25,night,T2602,Samuel Osei,ARM-01,sick_leave,97666,training session,Line 2
2026-05-26,morning,T3310,Samuel Osei,MULTI,sick_leave,91864,conveyor belt check,Line 1
2026-05-26,afternoon,T1595,Hana Nakamura,ARM-03,training,44255,bearing inspection,Training Room
2026-05-26,night,T7969,Lucas Ferreira,ARM-03,yes,79183,training session,Line 3
2026-05-27,morning,T1478,Dmitri Volkov,ARM-02,yes,88046,bearing inspection,Line 1
2026-05-27,afternoon,T9006,Tobias Richt,ARM-05,no,33501,sensor calibration,Line 4
2026-05-27,night,T7315,Priya Sharma,MULTI,yes,95832,sensor calibration,Line 3
2026-05-28,morning,T6585,Fatima Al-Rashidi,ARM-01,sick_leave,89333,conveyor belt check,Line 1
2026-05-28,afternoon,T3493,Priya Sharma,ARM-04,yes,63699,training session,Line 3
2026-05-28,night,T9953,Carlos Mendez,MULTI,no,16238,sensor calibration,Line 2
2026-05-29,morning,T2464,Aisha Diallo,ARM-02,yes,16225,preventive maintenance,Training Room
2026-05-29,afternoon,T7623,Oluwaseun Adebayo,ARM-05,yes,89083,repair ticket #5249,Maintenance Bay
2026-05-29,night,T2364,Oluwaseun Adebayo,ARM-02,yes,92841,safety audit,Training Room
2026-05-30,morning,T6987,Aisha Diallo,ARM-03,no,98502,sensor calibration,Line 3
2026-05-30,afternoon,T5911,Fatima Al-Rashidi,ARM-02,no,33453,sensor calibration,Line 1
2026-05-30,night,T1215,Fatima Al-Rashidi,ARM-04,training,49267,training session,Maintenance Bay
2026-05-31,morning,T9344,Nina Patel,ARM-04,yes,37414,preventive maintenance,Line 3
2026-05-31,afternoon,T3585,Aisha Diallo,ARM-02,training,46882,safety audit,Line 2
2026-05-31,night,T8547,Tobias Richt,ARM-03,yes,38398,sensor calibration,Line 1
2026-05-01,morning,T3979,Nina Patel,ARM-03,yes,27250,training session,Maintenance Bay
2026-05-01,afternoon,T7995,Yuki Tanaka,ARM-04,yes,88873,shift handover,Line 4
2026-05-01,night,T5199,Lucas Ferreira,ARM-05,yes,16074,preventive maintenance,Training Room
2026-05-02,morning,T1471,Carlos Mendez,ARM-04,training,78683,repair ticket #5227,Line 3
2026-05-02,afternoon,T5193,Hana Nakamura,ARM-02,yes,21724,sensor calibration,Line 1
2026-05-02,night,T1740,Tobias Richt,ARM-05,yes,67309,bearing inspection,Maintenance Bay
2026-05-03,morning,T7989,Tobias Richt,ARM-05,yes,59743,safety audit,Line 2
2026-05-03,afternoon,T7141,Chen Wei,ARM-01,no,97150,safety audit,Maintenance Bay
2026-05-03,night,T4106,Ethan Kowalski,ARM-03,yes,48698,scheduled lubrication cycle,Line 3
2026-05-04,morning,T8487,Oluwaseun Adebayo,ARM-02,sick_leave,80996,shift handover,Line 2
2026-05-04,afternoon,T5406,Chen Wei,ARM-01,yes,83022,bearing inspection,Line 3
2026-05-04,night,T7856,Nina Patel,MULTI,sick_leave,67832,scheduled lubrication cycle,Line 4
2026-05-05,morning,T9793,Maria Santos,ARM-04,yes,82910,bearing inspection,Line 4
2026-05-05,afternoon,T5173,Nina Patel,ARM-03,sick_leave,13308,bearing inspection,Line 2
2026-05-05,night,T1150,Priya Sharma,ARM-04,yes,44519,safety audit,Line 2
2026-05-06,morning,T6353,Aisha Diallo,ARM-02,yes,82959,shift handover,Line 1
2026-05-06,afternoon,T9637,Yuki Tanaka,ARM-03,yes,16420,bearing inspection,Line 3
2026-05-06,night,T3144,Carlos Mendez,ARM-04,sick_leave,29864,annual inspection,Line 4
2026-05-07,morning,T6653,Nina Patel,ARM-01,yes,79756,repair ticket #9285,Training Room
2026-05-07,afternoon,T7760,Tobias Richt,ARM-02,yes,16116,shift handover,Line 1
2026-05-07,night,T9852,Chen Wei,ARM-01,yes,38504,conveyor belt check,Line 3
2026-05-08,morning,T1395,Dmitri Volkov,ARM-04,yes,62856,safety audit,Line 3
2026-05-08,afternoon,T7159,Hana Nakamura,ARM-03,no,47890,training session,Line 2
2026-05-08,night,T4003,Chen Wei,ARM-04,training,87934,preventive maintenance,Line 2
2026-05-09,morning,T7432,Nina Patel,ARM-02,no,68751,safety audit,Maintenance Bay
2026-05-09,afternoon,T5175,Dmitri Volkov,ARM-03,yes,46241,sensor calibration,Training Room
2026-05-09,night,T5268,Lucas Ferreira,MULTI,yes,14742,shift handover,Maintenance Bay
2026-05-10,morning,T8313,Oluwaseun Adebayo,MULTI,yes,35227,conveyor belt check,Line 4
2026-05-10,afternoon,T8378,Ethan Kowalski,ARM-04,yes,41524,repair ticket #2064,Training Room
2026-05-10,night,T2643,Chen Wei,ARM-01,sick_leave,97257,scheduled lubrication cycle,Line 4
2026-05-11,morning,T8724,Aisha Diallo,ARM-02,yes,21719,safety audit,Training Room
2026-05-11,afternoon,T8532,Fatima Al-Rashidi,ARM-04,yes,13421,scheduled lubrication cycle,Line 2
2026-05-11,night,T3225,Samuel Osei,MULTI,no,64275,sensor calibration,Line 2
2026-05-12,morning,T4526,Maria Santos,ARM-04,yes,34902,conveyor belt check,Line 4
2026-05-12,afternoon,T4218,Ethan Kowalski,ARM-03,training,61519,shift handover,Line 1
2026-05-12,night,T5147,Nina Patel,ARM-03,yes,79883,training session,Training Room
2026-05-13,morning,T4439,Hana Nakamura,ARM-02,yes,17975,sensor calibration,Line 4
2026-05-13,afternoon,T7807,Maria Santos,ARM-04,sick_leave,61587,preventive maintenance,Training Room
2026-05-13,night,T8423,Oluwaseun Adebayo,ARM-05,no,17562,shift handover,Training Room
2026-05-14,morning,T8392,Nina Patel,MULTI,yes,85646,training session,Training Room
2026-05-14,afternoon,T5932,Samuel Osei,ARM-03,training,51617,conveyor belt check,Line 2
2026-05-14,night,T2987,Aisha Diallo,ARM-03,training,93476,training session,Training Room
2026-05-15,morning,T6911,Maria Santos,ARM-05,yes,39498,sensor calibration,Line 4
2026-05-15,afternoon,T1623,Dmitri Volkov,ARM-04,sick_leave,50202,conveyor belt check,Line 1
2026-05-15,night,T3678,Maria Santos,MULTI,yes,88492,shift handover,Maintenance Bay
2026-05-16,morning,T2255,Nina Patel,ARM-01,sick_leave,24512,scheduled lubrication cycle,Line 3
2026-05-16,afternoon,T3784,Yuki Tanaka,ARM-05,training,98438,training session,Line 1
2026-05-16,night,T3057,Ethan Kowalski,ARM-01,no,69865,sensor calibration,Line 1
2026-05-17,morning,T9250,Carlos Mendez,ARM-01,sick_leave,83689,scheduled lubrication cycle,Line 1
2026-05-17,afternoon,T6473,Carlos Mendez,ARM-02,no,96858,bearing inspection,Line 2
2026-05-17,night,T6653,Carlos Mendez,ARM-04,yes,29770,preventive maintenance,Line 3
2026-05-18,morning,T7120,Ethan Kowalski,ARM-01,no,19435,safety audit,Line 3
2026-05-18,afternoon,T6485,Ethan Kowalski,ARM-04,no,77525,shift handover,Maintenance Bay
2026-05-18,night,T8274,Ethan Kowalski,MULTI,sick_leave,57737,sensor calibration,Maintenance Bay
2026-05-19,morning,T6883,Dmitri Volkov,ARM-03,yes,22413,bearing inspection,Training Room
2026-05-19,afternoon,T3469,Dmitri Volkov,ARM-05,yes,83341,sensor calibration,Maintenance Bay
2026-05-19,night,T1669,Tobias Richt,ARM-01,yes,96263,sensor calibration,Line 4
2026-05-20,morning,T5579,Dmitri Volkov,ARM-05,no,95190,sensor calibration,Line 3
2026-05-20,afternoon,T3599,Nina Patel,ARM-02,training,57384,scheduled lubrication cycle,Line 2
2026-05-20,night,T2478,Ethan Kowalski,MULTI,yes,24164,preventive maintenance,Line 1
2026-05-21,morning,T5170,Hana Nakamura,ARM-03,sick_leave,92293,scheduled lubrication cycle,Line 3
2026-05-21,afternoon,T2234,Chen Wei,ARM-01,yes,98366,annual inspection,Line 1
2026-05-21,night,T3269,Dmitri Volkov,ARM-03,yes,66517,safety audit,Training Room
2026-05-22,morning,T6848,Samuel Osei,ARM-02,training,95306,annual inspection,Line 3
2026-05-22,afternoon,T5888,Hana Nakamura,ARM-01,yes,36632,sensor calibration,Line 3
2026-05-22,night,T5003,Oluwaseun Adebayo,ARM-02,yes,70387,preventive maintenance,Line 4
2026-05-23,morning,T2553,Tobias Richt,ARM-05,yes,55603,conveyor belt check,Training Room
2026-05-23,afternoon,T5198,Tobias Richt,ARM-02,training,88717,bearing inspection,Line 1
2026-05-23,night,T2959,Fatima Al-Rashidi,ARM-02,yes,35403,sensor calibration,Maintenance Bay
2026-05-24,morning,T9146,Dmitri Volkov,ARM-03,yes,91889,shift handover,Line 4
2026-05-24,afternoon,T8039,Tobias Richt,ARM-04,training,88777,bearing inspection,Line 4
2026-05-24,night,T8832,Ethan Kowalski,ARM-01,training,78123,sensor calibration,Maintenance Bay
2026-05-25,morning,T1212,Chen Wei,ARM-04,no,94199,bearing inspection,Line 2
2026-05-25,afternoon,T4726,Yuki Tanaka,ARM-04,yes,94723,preventive maintenance,Line 3
2026-05-25,night,T4584,Tobias Richt,ARM-01,yes,81868,bearing inspection,Line 4
2026-05-26,morning,T8563,Oluwaseun Adebayo,ARM-05,yes,68089,safety audit,Line 4
2026-05-26,afternoon,T3386,Hana Nakamura,ARM-03,sick_leave,81139,safety audit,Line 1
2026-05-26,night,T6347,Priya Sharma,ARM-02,sick_leave,12212,safety audit,Line 4
2026-05-27,morning,T5341,Maria Santos,ARM-04,no,55408,repair ticket #3677,Line 1
2026-05-27,afternoon,T4022,Chen Wei,ARM-05,training,76888,training session,Training Room
2026-05-27,night,T3162,Tobias Richt,ARM-04,no,80823,annual inspection,Line 1
2026-05-28,morning,T8655,Samuel Osei,MULTI,yes,37927,annual inspection,Line 3
2026-05-28,afternoon,T1858,Hana Nakamura,ARM-03,yes,95523,preventive maintenance,Line 1
2026-05-28,night,T2323,Tobias Richt,ARM-02,yes,11789,annual inspection,Line 3
2026-05-29,morning,T5844,Yuki Tanaka,ARM-01,sick_leave,69345,safety audit,Training Room
2026-05-29,afternoon,T3702,Yuki Tanaka,MULTI,yes,75730,sensor calibration,Line 4
2026-05-29,night,T2209,Priya Sharma,MULTI,yes,67400,shift handover,Line 1
2026-05-30,morning,T1231,Yuki Tanaka,ARM-05,sick_leave,87613,sensor calibration,Maintenance Bay
2026-05-30,afternoon,T8391,Lucas Ferreira,MULTI,yes,89878,conveyor belt check,Line 4
2026-05-30,night,T6818,Dmitri Volkov,MULTI,yes,69302,scheduled lubrication cycle,Training Room
2026-05-31,morning,T9222,Nina Patel,ARM-05,no,12742,preventive maintenance,Line 3
2026-05-31,afternoon,T2612,Samuel Osei,ARM-02,no,59886,annual inspection,Line 2
2026-05-31,night,T2817,Priya Sharma,ARM-01,no,85782,training session,Line 3
2026-05-01,morning,T5892,Ethan Kowalski,ARM-03,yes,24036,conveyor belt check,Line 1
2026-05-01,afternoon,T4689,Lucas Ferreira,MULTI,sick_leave,23903,sensor calibration,Line 1
2026-05-01,night,T8086,Samuel Osei,ARM-05,yes,33062,safety audit,Line 1
2026-05-02,morning,T4947,Nina Patel,ARM-05,sick_leave,67068,preventive maintenance,Line 1
2026-05-02,afternoon,T1544,Fatima Al-Rashidi,MULTI,training,15356,annual inspection,Line 2
2026-05-02,night,T8888,Yuki Tanaka,MULTI,training,52307,scheduled lubrication cycle,Line 2
2026-05-03,morning,T3503,Chen Wei,MULTI,yes,39686,preventive maintenance,Line 3
2026-05-03,afternoon,T5377,Priya Sharma,ARM-03,yes,34244,sensor calibration,Line 4
2026-05-03,night,T2555,Maria Santos,ARM-04,yes,14585,shift handover,Maintenance Bay
2026-05-04,morning,T6350,Tobias Richt,ARM-05,no,79024,bearing inspection,Line 2
2026-05-04,afternoon,T1316,Tobias Richt,ARM-04,yes,98884,safety audit,Line 3
2026-05-04,night,T4348,Oluwaseun Adebayo,ARM-05,sick_leave,27296,safety audit,Maintenance Bay
2026-05-05,morning,T2582,Ethan Kowalski,ARM-02,yes,48385,preventive maintenance,Line 2
2026-05-05,afternoon,T1008,Nina Patel,MULTI,sick_leave,79037,scheduled lubrication cycle,Line 1
2026-05-05,night,T9239,Dmitri Volkov,ARM-02,yes,94894,training session,Maintenance Bay
2026-05-06,morning,T8094,Hana Nakamura,ARM-05,yes,72621,bearing inspection,Line 1
2026-05-06,afternoon,T9705,Hana Nakamura,ARM-03,no,66871,conveyor belt check,Maintenance Bay
2026-05-06,night,T7064,Priya Sharma,ARM-03,no,99868,safety audit,Training Room
2026-05-07,morning,T1641,Tobias Richt,ARM-05,yes,47155,scheduled lubrication cycle,Line 4
2026-05-07,afternoon,T3575,Fatima Al-Rashidi,ARM-02,no,46505,training session,Line 1
2026-05-07,night,T6161,Oluwaseun Adebayo,ARM-04,yes,30640,shift handover,Line 3
2026-05-08,morning,T7601,Maria Santos,ARM-02,no,14856,preventive maintenance,Training Room
2026-05-08,afternoon,T7126,Carlos Mendez,ARM-05,no,73539,shift handover,Line 2
2026-05-08,night,T5349,Tobias Richt,ARM-01,yes,95905,safety audit,Line 4
2026-05-09,morning,T9527,Carlos Mendez,ARM-03,yes,23628,safety audit,Line 2
2026-05-09,afternoon,T8606,Nina Patel,ARM-02,no,29803,scheduled lubrication cycle,Line 4
2026-05-09,night,T4885,Ethan Kowalski,MULTI,sick_leave,34557,training session,Line 3
2026-05-10,morning,T5123,Chen Wei,ARM-04,yes,27167,annual inspection,Line 1
2026-05-10,afternoon,T2942,Priya Sharma,ARM-01,no,23549,training session,Maintenance Bay
2026-05-10,night,T1541,Samuel Osei,ARM-02,yes,42315,training session,Training Room
2026-05-11,morning,T2533,Samuel Osei,ARM-01,sick_leave,59253,annual inspection,Training Room
2026-05-11,afternoon,T4173,Maria Santos,ARM-01,yes,70943,conveyor belt check,Line 2
2026-05-11,night,T8322,Oluwaseun Adebayo,ARM-05,training,58654,shift handover,Line 4
2026-05-12,morning,T8050,Fatima Al-Rashidi,ARM-04,sick_leave,89871,sensor calibration,Line 3
2026-05-12,afternoon,T8599,Priya Sharma,ARM-03,no,10725,sensor calibration,Line 4
2026-05-12,night,T3904,Yuki Tanaka,ARM-04,yes,44876,sensor calibration,Line 3
2026-05-13,morning,T1306,Carlos Mendez,ARM-04,yes,79842,preventive maintenance,Training Room
2026-05-13,afternoon,T2766,Lucas Ferreira,ARM-05,no,58667,preventive maintenance,Line 4
2026-05-13,night,T1110,Hana Nakamura,ARM-05,no,22298,safety audit,Line 3
2026-05-14,morning,T5563,Oluwaseun Adebayo,ARM-03,yes,49647,training session,Training Room
2026-05-14,afternoon,T7638,Priya Sharma,MULTI,yes,81682,conveyor belt check,Line 1
2026-05-14,night,T7436,Oluwaseun Adebayo,ARM-03,no,25024,preventive maintenance,Line 3
2026-05-15,morning,T8487,Oluwaseun Adebayo,MULTI,sick_leave,88399,shift handover,Maintenance Bay
2026-05-15,afternoon,T2283,Samuel Osei,ARM-02,sick_leave,61066,sensor calibration,Line 1
2026-05-15,night,T6299,Fatima Al-Rashidi,ARM-04,training,88707,annual inspection,Training Room
2026-05-16,morning,T6465,Tobias Richt,ARM-02,training,15073,training session,Line 2
2026-05-16,afternoon,T9088,Aisha Diallo,MULTI,yes,67005,repair ticket #7759,Line 1
2026-05-16,night,T4727,Ethan Kowalski,ARM-02,training,56808,conveyor belt check,Training Room
2026-05-17,morning,T4720,Fatima Al-Rashidi,ARM-04,training,75071,bearing inspection,Training Room
2026-05-17,afternoon,T6368,Dmitri Volkov,ARM-02,no,28449,training session,Maintenance Bay
2026-05-17,night,T6746,Aisha Diallo,ARM-01,yes,80964,conveyor belt check,Line 2
2026-05-18,morning,T8020,Yuki Tanaka,MULTI,sick_leave,29041,annual inspection,Line 1
2026-05-18,afternoon,T2950,Fatima Al-Rashidi,ARM-02,yes,18250,conveyor belt check,Training Room
2026-05-18,night,T1336,Tobias Richt,MULTI,yes,17409,sensor calibration,Line 2
2026-05-19,morning,T4820,Nina Patel,ARM-03,no,75008,scheduled lubrication cycle,Line 1
2026-05-19,afternoon,T9186,Fatima Al-Rashidi,ARM-02,no,82959,shift handover,Maintenance Bay
2026-05-19,night,T6200,Maria Santos,ARM-04,training,42412,conveyor belt check,Training Room
2026-05-20,morning,T4521,Lucas Ferreira,ARM-03,yes,50698,repair ticket #8755,Line 4
2026-05-20,afternoon,T4987,Fatima Al-Rashidi,ARM-03,sick_leave,59831,annual inspection,Line 4
2026-05-20,night,T9249,Priya Sharma,ARM-01,yes,15635,training session,Line 2
2026-05-21,morning,T9017,Lucas Ferreira,ARM-04,training,62677,shift handover,Line 4
2026-05-21,afternoon,T6841,Nina Patel,ARM-02,sick_leave,61545,preventive maintenance,Training Room
2026-05-21,night,T1101,Hana Nakamura,ARM-04,yes,17520,shift handover,Line 3
2026-05-22,morning,T8273,Dmitri Volkov,ARM-02,no,68127,shift handover,Training Room
2026-05-22,afternoon,T6234,Aisha Diallo,ARM-04,yes,22069,sensor calibration,Training Room
2026-05-22,night,T3081,Aisha Diallo,ARM-01,yes,78205,annual inspection,Line 4
2026-05-23,morning,T8879,Chen Wei,ARM-05,no,78866,training session,Line 4
2026-05-23,afternoon,T6149,Tobias Richt,ARM-05,training,40522,annual inspection,Line 4
2026-05-23,night,T1045,Maria Santos,ARM-04,yes,74110,preventive maintenance,Training Room
2026-05-24,morning,T3327,Ethan Kowalski,ARM-05,yes,79865,conveyor belt check,Line 4
2026-05-24,afternoon,T3850,Aisha Diallo,MULTI,yes,15168,scheduled lubrication cycle,Line 2
2026-05-24,night,T8265,Oluwaseun Adebayo,ARM-04,training,61211,preventive maintenance,Line 1
2026-05-25,morning,T4844,Chen Wei,ARM-02,yes,30013,safety audit,Line 2
2026-05-25,afternoon,T6884,Dmitri Volkov,MULTI,yes,97819,repair ticket #4501,Line 4
2026-05-25,night,T2995,Samuel Osei,ARM-03,training,64312,shift handover,Line 2
2026-05-26,morning,T3857,Chen Wei,ARM-02,yes,81709,shift handover,Line 4
2026-05-26,afternoon,T4391,Yuki Tanaka,ARM-03,yes,75774,sensor calibration,Training Room
2026-05-26,night,T2133,Tobias Richt,ARM-03,training,54418,repair ticket #7390,Line 3
2026-05-27,morning,T1601,Samuel Osei,ARM-05,yes,63621,training session,Training Room
2026-05-27,afternoon,T3208,Nina Patel,ARM-01,yes,55982,sensor calibration,Line 2
2026-05-27,night,T6031,Aisha Diallo,ARM-03,yes,30043,bearing inspection,Maintenance Bay
2026-05-28,morning,T4317,Fatima Al-Rashidi,ARM-03,yes,89413,annual inspection,Line 4
2026-05-28,afternoon,T5142,Yuki Tanaka,MULTI,yes,17116,training session,Line 2
2026-05-28,night,T9873,Carlos Mendez,ARM-05,training,94019,preventive maintenance,Line 4
2026-05-29,morning,T6268,Priya Sharma,ARM-03,sick_leave,76439,safety audit,Line 1
2026-05-29,afternoon,T4229,Dmitri Volkov,MULTI,yes,92134,shift handover,Training Room
2026-05-29,night,T1658,Oluwaseun Adebayo,ARM-02,yes,18225,safety audit,Line 4
2026-05-30,morning,T3692,Dmitri Volkov,ARM-02,sick_leave,79078,safety audit,Training Room
2026-05-30,afternoon,T3525,Oluwaseun Adebayo,ARM-04,training,43919,sensor calibration,Line 2
2026-05-30,night,T1077,Samuel Osei,ARM-05,sick_leave,81110,training session,Training Room
2026-05-31,morning,T5590,Lucas Ferreira,ARM-05,yes,89144,sensor calibration,Maintenance Bay
2026-05-31,afternoon,T3747,Carlos Mendez,MULTI,sick_leave,78584,bearing inspection,Maintenance Bay
2026-05-31,night,T2951,Hana Nakamura,ARM-05,no,25761,repair ticket #2103,Line 4
2026-05-01,morning,T8463,Fatima Al-Rashidi,ARM-04,yes,51525,sensor calibration,Maintenance Bay
2026-05-01,afternoon,T9062,Oluwaseun Adebayo,ARM-03,sick_leave,98813,training session,Line 2
2026-05-01,night,T6730,Maria Santos,ARM-02,no,17979,annual inspection,Line 3
2026-05-02,morning,T9993,Chen Wei,ARM-01,yes,91183,repair ticket #5907,Line 3
2026-05-02,afternoon,T4086,Carlos Mendez,ARM-03,yes,15455,annual inspection,Line 1
2026-05-02,night,T9891,Nina Patel,ARM-03,no,90317,annual inspection,Line 4
2026-05-03,morning,T5060,Maria Santos,ARM-02,yes,79964,repair ticket #7311,Training Room
2026-05-03,afternoon,T6250,Fatima Al-Rashidi,ARM-03,yes,33446,annual inspection,Training Room
2026-05-03,night,T3155,Yuki Tanaka,ARM-04,yes,20034,repair ticket #1541,Maintenance Bay
2026-05-04,morning,T9689,Fatima Al-Rashidi,ARM-03,sick_leave,84236,annual inspection,Training Room
2026-05-04,afternoon,T3163,Ethan Kowalski,ARM-04,no,53139,annual inspection,Line 3
2026-05-04,night,T1359,Maria Santos,ARM-03,training,60125,training session,Line 3
2026-05-05,morning,T3032,Fatima Al-Rashidi,ARM-01,yes,17760,annual inspection,Line 1
2026-05-05,afternoon,T6033,Fatima Al-Rashidi,ARM-04,training,23349,sensor calibration,Line 4
2026-05-05,night,T2177,Priya Sharma,MULTI,yes,69309,scheduled lubrication cycle,Maintenance Bay
2026-05-06,morning,T6441,Yuki Tanaka,ARM-02,yes,36657,training session,Line 1
2026-05-06,afternoon,T8511,Maria Santos,ARM-02,sick_leave,29826,scheduled lubrication cycle,Maintenance Bay
2026-05-06,night,T6078,Ethan Kowalski,ARM-01,yes,13723,preventive maintenance,Maintenance Bay
2026-05-07,morning,T1454,Oluwaseun Adebayo,ARM-03,yes,66649,sensor calibration,Training Room
2026-05-07,afternoon,T9162,Tobias Richt,MULTI,yes,76282,annual inspection,Line 1
2026-05-07,night,T8974,Ethan Kowalski,ARM-05,sick_leave,29756,annual inspection,Training Room
2026-05-08,morning,T8085,Lucas Ferreira,MULTI,no,71964,scheduled lubrication cycle,Line 2
2026-05-08,afternoon,T3156,Fatima Al-Rashidi,ARM-03,sick_leave,35585,bearing inspection,Line 1
2026-05-08,night,T3204,Aisha Diallo,ARM-02,yes,70494,scheduled lubrication cycle,Line 4
2026-05-09,morning,T8526,Samuel Osei,ARM-03,sick_leave,77434,scheduled lubrication cycle,Line 4
2026-05-09,afternoon,T6966,Yuki Tanaka,MULTI,yes,96206,conveyor belt check,Line 4
2026-05-09,night,T1550,Dmitri Volkov,ARM-05,no,34590,annual inspection,Line 3
2026-05-10,morning,T8648,Priya Sharma,ARM-05,yes,41326,scheduled lubrication cycle,Training Room
2026-05-10,afternoon,T4772,Priya Sharma,ARM-01,no,55350,shift handover,Line 2
2026-05-10,night,T8014,Priya Sharma,MULTI,yes,31939,bearing inspection,Line 3
2026-05-11,morning,T7531,Tobias Richt,ARM-05,yes,94863,conveyor belt check,Line 4
2026-05-11,afternoon,T7405,Yuki Tanaka,ARM-02,training,58848,conveyor belt check,Line 4
2026-05-11,night,T9834,Hana Nakamura,MULTI,yes,86062,sensor calibration,Training Room
2026-05-12,morning,T5556,Aisha Diallo,MULTI,no,10664,scheduled lubrication cycle,Line 2
2026-05-12,afternoon,T2484,Aisha Diallo,ARM-03,yes,17473,annual inspection,Maintenance Bay
2026-05-12,night,T4763,Carlos Mendez,ARM-03,yes,55760,sensor calibration,Line 4
2026-05-13,morning,T1089,Carlos Mendez,ARM-05,yes,69680,scheduled lubrication cycle,Line 1
2026-05-13,afternoon,T1809,Carlos Mendez,ARM-04,training,36014,repair ticket #9749,Maintenance Bay
2026-05-13,night,T4187,Priya Sharma,ARM-04,yes,92528,shift handover,Line 1
2026-05-14,morning,T5702,Lucas Ferreira,ARM-04,training,53509,training session,Maintenance Bay
2026-05-14,afternoon,T7613,Nina Patel,ARM-02,yes,77628,training session,Training Room
2026-05-14,night,T7676,Priya Sharma,ARM-04,yes,19368,preventive maintenance,Line 1
2026-05-15,morning,T3317,Samuel Osei,ARM-02,training,54633,safety audit,Line 2
2026-05-15,afternoon,T2429,Ethan Kowalski,ARM-04,no,17658,bearing inspection,Maintenance Bay
2026-05-15,night,T2714,Lucas Ferreira,ARM-04,yes,28935,sensor calibration,Line 4
2026-05-16,morning,T4525,Ethan Kowalski,MULTI,no,69587,scheduled lubrication cycle,Line 1
2026-05-16,afternoon,T1349,Hana Nakamura,MULTI,no,79097,bearing inspection,Line 1
2026-05-16,night,T1488,Priya Sharma,ARM-04,yes,18147,conveyor belt check,Training Room
2026-05-17,morning,T7062,Samuel Osei,ARM-05,training,67879,sensor calibration,Training Room
2026-05-17,afternoon,T4615,Aisha Diallo,ARM-02,no,96236,scheduled lubrication cycle,Training Room
2026-05-17,night,T2298,Maria Santos,ARM-02,yes,25739,bearing inspection,Training Room
2026-05-18,morning,T2258,Samuel Osei,ARM-05,sick_leave,51626,sensor calibration,Maintenance Bay
2026-05-18,afternoon,T1235,Carlos Mendez,ARM-03,yes,18821,training session,Line 4
2026-05-18,night,T9562,Fatima Al-Rashidi,ARM-03,sick_leave,23424,repair ticket #5659,Line 4
2026-05-19,morning,T1180,Lucas Ferreira,MULTI,yes,73839,bearing inspection,Maintenance Bay
2026-05-19,afternoon,T9841,Lucas Ferreira,ARM-04,yes,60760,conveyor belt check,Training Room
2026-05-19,night,T1762,Tobias Richt,ARM-03,training,39252,conveyor belt check,Training Room
2026-05-20,morning,T3562,Dmitri Volkov,ARM-01,no,44930,sensor calibration,Training Room
2026-05-20,afternoon,T8401,Lucas Ferreira,ARM-01,yes,37382,scheduled lubrication cycle,Line 1
2026-05-20,night,T7427,Nina Patel,ARM-04,yes,17434,safety audit,Line 2
2026-05-21,morning,T6970,Maria Santos,ARM-03,sick_leave,26172,annual inspection,Training Room
2026-05-21,afternoon,T1874,Carlos Mendez,ARM-05,yes,80484,annual inspection,Maintenance Bay
2026-05-21,night,T3934,Dmitri Volkov,ARM-03,sick_leave,79798,training session,Line 2
2026-05-22,morning,T1469,Dmitri Volkov,ARM-05,no,19897,repair ticket #6301,Line 2
2026-05-22,afternoon,T1179,Samuel Osei,ARM-03,yes,33634,training session,Line 3
2026-05-22,night,T4968,Fatima Al-Rashidi,ARM-05,yes,40315,conveyor belt check,Training Room
2026-05-23,morning,T6228,Priya Sharma,ARM-05,yes,62917,conveyor belt check,Line 4
2026-05-23,afternoon,T3977,Ethan Kowalski,ARM-02,training,96690,scheduled lubrication cycle,Line 4
2026-05-23,night,T2548,Carlos Mendez,MULTI,no,47136,sensor calibration,Line 4
2026-05-24,morning,T7758,Carlos Mendez,ARM-05,sick_leave,31963,scheduled lubrication cycle,Line 3
2026-05-24,afternoon,T5993,Oluwaseun Adebayo,ARM-05,yes,38924,safety audit,Line 3
2026-05-24,night,T8083,Dmitri Volkov,ARM-01,sick_leave,35387,preventive maintenance,Training Room
2026-05-25,morning,T4124,Aisha Diallo,ARM-03,no,24703,shift handover,Training Room
2026-05-25,afternoon,T8366,Ethan Kowalski,ARM-01,no,73520,conveyor belt check,Training Room
2026-05-25,night,T2078,Samuel Osei,ARM-01,training,37157,shift handover,Line 3
2026-05-26,morning,T4274,Carlos Mendez,ARM-03,sick_leave,80140,annual inspection,Line 4
2026-05-26,afternoon,T7055,Samuel Osei,ARM-05,sick_leave,57919,repair ticket #7772,Line 4
2026-05-26,night,T8042,Samuel Osei,ARM-05,yes,85316,conveyor belt check,Line 3
2026-05-27,morning,T7166,Chen Wei,ARM-05,yes,24806,conveyor belt check,Line 3
2026-05-27,afternoon,T8556,Nina Patel,ARM-04,yes,44059,training session,Training Room
2026-05-27,night,T8275,Carlos Mendez,MULTI,sick_leave,94580,safety audit,Line 1
2026-05-28,morning,T7541,Ethan Kowalski,ARM-05,yes,22772,sensor calibration,Line 1
2026-05-28,afternoon,T2613,Chen Wei,ARM-03,sick_leave,66994,shift handover,Training Room
2026-05-28,night,T9858,Lucas Ferreira,ARM-02,yes,30482,bearing inspection,Line 1
2026-05-29,morning,T7247,Chen Wei,ARM-03,no,87583,bearing inspection,Line 4
2026-05-29,afternoon,T6005,Yuki Tanaka,ARM-05,yes,87992,shift handover,Line 1
2026-05-29,night,T2189,Hana Nakamura,ARM-04,training,54884,bearing inspection,Line 1
2026-05-30,morning,T1516,Aisha Diallo,MULTI,sick_leave,30267,shift handover,Line 2
2026-05-30,afternoon,T7029,Fatima Al-Rashidi,ARM-04,yes,17355,safety audit,Line 3
2026-05-30,night,T2733,Fatima Al-Rashidi,ARM-04,yes,96283,annual inspection,Line 2
2026-05-31,morning,T9197,Priya Sharma,ARM-01,training,50665,preventive maintenance,Line 1
2026-05-31,afternoon,T1107,Hana Nakamura,ARM-05,sick_leave,31054,conveyor belt check,Line 4
2026-05-31,night,T9770,Carlos Mendez,ARM-04,sick_leave,86625,safety audit,Training Room
2026-05-01,morning,T4422,Chen Wei,ARM-04,training,30817,bearing inspection,Line 3
2026-05-01,afternoon,T8244,Hana Nakamura,ARM-01,training,38141,sensor calibration,Maintenance Bay
2026-05-01,night,T6306,Yuki Tanaka,ARM-01,yes,54895,preventive maintenance,Line 1
2026-05-02,morning,T1097,Aisha Diallo,ARM-03,yes,81121,preventive maintenance,Line 4
2026-05-02,afternoon,T5160,Ethan Kowalski,ARM-01,yes,63582,conveyor belt check,Maintenance Bay
2026-05-02,night,T3672,Tobias Richt,ARM-04,training,49228,training session,Training Room
2026-05-03,morning,T5521,Hana Nakamura,ARM-03,sick_leave,85219,safety audit,Line 1
2026-05-03,afternoon,T8123,Tobias Richt,ARM-01,sick_leave,75080,sensor calibration,Training Room
2026-05-03,night,T9297,Tobias Richt,ARM-01,yes,45076,preventive maintenance,Line 2
2026-05-04,morning,T5255,Oluwaseun Adebayo,ARM-02,yes,94382,sensor calibration,Line 1
2026-05-04,afternoon,T5494,Lucas Ferreira,MULTI,no,23843,training session,Training Room
2026-05-04,night,T1045,Yuki Tanaka,ARM-05,training,49699,sensor calibration,Line 4
2026-05-05,morning,T1630,Carlos Mendez,ARM-03,training,57171,training session,Maintenance Bay
2026-05-05,afternoon,T4716,Samuel Osei,ARM-01,no,20838,preventive maintenance,Maintenance Bay
2026-05-05,night,T1194,Maria Santos,ARM-01,yes,36245,sensor calibration,Line 1
2026-05-06,morning,T5307,Samuel Osei,ARM-05,yes,87123,annual inspection,Line 4
2026-05-06,afternoon,T4509,Oluwaseun Adebayo,ARM-05,yes,65946,preventive maintenance,Line 1
2026-05-06,night,T1228,Oluwaseun Adebayo,ARM-03,training,13534,repair ticket #9071,Line 4
2026-05-07,morning,T1159,Tobias Richt,ARM-01,sick_leave,37710,scheduled lubrication cycle,Training Room
2026-05-07,afternoon,T2706,Priya Sharma,ARM-04,sick_leave,29564,training session,Line 3
2026-05-07,night,T3198,Chen Wei,ARM-01,yes,54528,repair ticket #6891,Line 4
2026-05-08,morning,T8416,Samuel Osei,MULTI,training,71168,annual inspection,Training Room
2026-05-08,afternoon,T6556,Samuel Osei,ARM-02,training,75495,annual inspection,Line 4
2026-05-08,night,T7519,Hana Nakamura,ARM-03,yes,94898,preventive maintenance,Line 2
2026-05-09,morning,T6085,Ethan Kowalski,ARM-02,yes,52354,repair ticket #7658,Line 1
2026-05-09,afternoon,T1700,Aisha Diallo,ARM-05,training,26204,sensor calibration,Line 4
2026-05-09,night,T6091,Oluwaseun Adebayo,ARM-05,no,83272,sensor calibration,Line 1
2026-05-10,morning,T9371,Yuki Tanaka,ARM-03,sick_leave,49546,preventive maintenance,Line 1
2026-05-10,afternoon,T4730,Yuki Tanaka,ARM-04,yes,91123,bearing inspection,Line 1
2026-05-10,night,T1941,Tobias Richt,MULTI,yes,97789,safety audit,Training Room
2026-05-11,morning,T3129,Nina Patel,ARM-03,sick_leave,19720,conveyor belt check,Training Room
2026-05-11,afternoon,T5555,Priya Sharma,ARM-03,no,63874,sensor calibration,Line 4
2026-05-11,night,T2250,Yuki Tanaka,MULTI,yes,18325,training session,Line 3
2026-05-12,morning,T9711,Nina Patel,MULTI,sick_leave,86245,repair ticket #9827,Line 3
2026-05-12,afternoon,T1485,Priya Sharma,ARM-01,yes,76561,scheduled lubrication cycle,Line 3
2026-05-12,night,T6524,Tobias Richt,MULTI,sick_leave,56515,repair ticket #3213,Line 4
2026-05-13,morning,T1993,Chen Wei,MULTI,yes,39093,training session,Line 4
2026-05-13,afternoon,T5891,Dmitri Volkov,ARM-01,sick_leave,15188,repair ticket #5952,Line 2
2026-05-13,night,T3406,Ethan Kowalski,ARM-05,yes,99653,bearing inspection,Line 2
2026-05-14,morning,T4378,Hana Nakamura,ARM-01,yes,97925,preventive maintenance,Training Room
2026-05-14,afternoon,T9330,Lucas Ferreira,MULTI,training,21220,preventive maintenance,Maintenance Bay
2026-05-14,night,T1729,Dmitri Volkov,ARM-02,no,21093,scheduled lubrication cycle,Line 2
2026-05-15,morning,T1963,Ethan Kowalski,ARM-03,yes,42071,annual inspection,Line 4
2026-05-15,afternoon,T2127,Nina Patel,ARM-05,yes,78223,sensor calibration,Line 4
2026-05-15,night,T9415,Dmitri Volkov,MULTI,training,80229,sensor calibration,Line 4
2026-05-16,morning,T1859,Tobias Richt,ARM-04,training,31346,scheduled lubrication cycle,Training Room
2026-05-16,afternoon,T5274,Aisha Diallo,ARM-03,yes,70951,conveyor belt check,Maintenance Bay
2026-05-16,night,T1100,Samuel Osei,ARM-02,no,11549,safety audit,Maintenance Bay
2026-05-17,morning,T9248,Yuki Tanaka,ARM-04,no,99645,annual inspection,Line 3
2026-05-17,afternoon,T8297,Nina Patel,ARM-02,yes,16420,conveyor belt check,Line 2
2026-05-17,night,T7232,Hana Nakamura,ARM-05,no,45923,conveyor belt check,Line 2
2026-05-18,morning,T6720,Nina Patel,ARM-01,yes,68602,training session,Line 4
2026-05-18,afternoon,T1864,Priya Sharma,ARM-01,training,82329,scheduled lubrication cycle,Line 4
2026-05-18,night,T4811,Hana Nakamura,ARM-01,no,79940,sensor calibration,Line 1
2026-05-19,morning,T9755,Maria Santos,ARM-03,yes,22126,annual inspection,Maintenance Bay
2026-05-19,afternoon,T2568,Tobias Richt,MULTI,yes,20366,training session,Maintenance Bay
2026-05-19,night,T7396,Maria Santos,MULTI,sick_leave,20480,repair ticket #6211,Line 1
2026-05-20,morning,T8993,Ethan Kowalski,ARM-02,no,47702,shift handover,Line 4
2026-05-20,afternoon,T2985,Priya Sharma,ARM-05,training,39612,repair ticket #3285,Line 3
2026-05-20,night,T7358,Hana Nakamura,ARM-05,yes,63530,sensor calibration,Line 1
2026-05-21,morning,T5014,Priya Sharma,ARM-03,yes,76468,scheduled lubrication cycle,Line 1
2026-05-21,afternoon,T7540,Dmitri Volkov,ARM-02,sick_leave,77701,bearing inspection,Line 3
2026-05-21,night,T2537,Oluwaseun Adebayo,ARM-01,training,72011,training session,Line 1
2026-05-22,morning,T3009,Oluwaseun Adebayo,ARM-02,yes,12334,shift handover,Line 1
2026-05-22,afternoon,T7311,Tobias Richt,ARM-05,training,21477,scheduled lubrication cycle,Line 3
2026-05-22,night,T3849,Hana Nakamura,ARM-03,training,29100,repair ticket #3886,Line 2
2026-05-23,morning,T9071,Oluwaseun Adebayo,ARM-01,yes,79496,scheduled lubrication cycle,Training Room
2026-05-23,afternoon,T9009,Oluwaseun Adebayo,ARM-03,yes,75500,conveyor belt check,Line 1
2026-05-23,night,T4328,Ethan Kowalski,ARM-01,no,79912,shift handover,Training Room
2026-05-24,morning,T9047,Carlos Mendez,ARM-04,sick_leave,30815,annual inspection,Training Room
2026-05-24,afternoon,T5138,Tobias Richt,MULTI,yes,27148,shift handover,Maintenance Bay
2026-05-24,night,T7051,Oluwaseun Adebayo,ARM-02,training,93009,shift handover,Line 1
2026-05-25,morning,T9084,Dmitri Volkov,ARM-02,yes,31187,sensor calibration,Training Room
2026-05-25,afternoon,T7519,Hana Nakamura,ARM-03,sick_leave,68330,training session,Training Room
2026-05-25,night,T5400,Lucas Ferreira,ARM-04,sick_leave,49799,conveyor belt check,Line 2
2026-05-26,morning,T8201,Samuel Osei,ARM-01,no,57180,sensor calibration,Line 2
2026-05-26,afternoon,T5446,Hana Nakamura,ARM-02,yes,46891,shift handover,Line 4
2026-05-26,night,T9866,Aisha Diallo,ARM-04,yes,43600,conveyor belt check,Training Room
2026-05-27,morning,T4967,Fatima Al-Rashidi,ARM-02,training,38035,scheduled lubrication cycle,Line 2
2026-05-27,afternoon,T8004,Dmitri Volkov,ARM-04,training,94618,annual inspection,Line 3
2026-05-27,night,T6060,Samuel Osei,ARM-05,yes,86607,safety audit,Line 2
2026-05-28,morning,T1463,Hana Nakamura,MULTI,no,21718,scheduled lubrication cycle,Line 4
2026-05-28,afternoon,T5406,Yuki Tanaka,ARM-02,yes,63487,scheduled lubrication cycle,Line 1
2026-05-28,night,T7023,Lucas Ferreira,ARM-04,yes,23750,annual inspection,Line 1
2026-05-29,morning,T5875,Fatima Al-Rashidi,ARM-02,sick_leave,28364,scheduled lubrication cycle,Training Room
2026-05-29,afternoon,T1069,Priya Sharma,ARM-04,no,78866,shift handover,Line 2
2026-05-29,night,T4047,Samuel Osei,ARM-02,yes,55514,preventive maintenance,Line 3
2026-05-30,morning,T9412,Chen Wei,ARM-03,no,34265,bearing inspection,Maintenance Bay
2026-05-30,afternoon,T5713,Dmitri Volkov,ARM-01,yes,44536,preventive maintenance,Line 1
2026-05-30,night,T4046,Yuki Tanaka,MULTI,yes,43446,annual inspection,Line 2
2026-05-31,morning,T9902,Hana Nakamura,ARM-05,no,44802,sensor calibration,Line 2
2026-05-31,afternoon,T4403,Chen Wei,ARM-03,training,90364,sensor calibration,Training Room
2026-05-31,night,T3499,Maria Santos,ARM-03,sick_leave,15716,shift handover,Line 2
2026-05-01,morning,T3729,Lucas Ferreira,ARM-02,yes,96572,training session,Training Room
2026-05-01,afternoon,T5304,Yuki Tanaka,ARM-05,sick_leave,72938,sensor calibration,Maintenance Bay
2026-05-01,night,T8880,Ethan Kowalski,ARM-02,yes,67385,preventive maintenance,Line 4
2026-05-02,morning,T6210,Carlos Mendez,ARM-01,yes,56033,shift handover,Line 1
2026-05-02,afternoon,T5245,Aisha Diallo,ARM-05,no,73143,shift handover,Maintenance Bay
2026-05-02,night,T3978,Priya Sharma,ARM-05,training,64899,training session,Line 3
2026-05-03,morning,T8835,Nina Patel,ARM-05,yes,15995,training session,Line 4
2026-05-03,afternoon,T7494,Yuki Tanaka,ARM-03,yes,87860,conveyor belt check,Line 3
2026-05-03,night,T7308,Aisha Diallo,ARM-05,yes,57104,safety audit,Training Room
2026-05-04,morning,T9255,Samuel Osei,ARM-01,no,62579,bearing inspection,Line 3
2026-05-04,afternoon,T5531,Maria Santos,ARM-02,training,83923,sensor calibration,Line 4
2026-05-04,night,T1270,Chen Wei,ARM-01,yes,23163,repair ticket #7398,Line 1
2026-05-05,morning,T3574,Chen Wei,MULTI,yes,65963,bearing inspection,Line 3
2026-05-05,afternoon,T6797,Lucas Ferreira,ARM-04,yes,99315,sensor calibration,Maintenance Bay
2026-05-05,night,T1266,Lucas Ferreira,ARM-03,yes,86319,safety audit,Line 1
2026-05-06,morning,T2481,Carlos Mendez,ARM-05,no,72268,sensor calibration,Line 2
2026-05-06,afternoon,T7767,Chen Wei,ARM-01,training,39811,bearing inspection,Line 4
2026-05-06,night,T4410,Maria Santos,ARM-03,sick_leave,68252,conveyor belt check,Maintenance Bay
2026-05-07,morning,T1044,Tobias Richt,ARM-05,no,33973,preventive maintenance,Line 2
2026-05-07,afternoon,T3514,Nina Patel,ARM-02,yes,40745,safety audit,Line 4
2026-05-07,night,T9675,Nina Patel,ARM-05,yes,52317,annual inspection,Maintenance Bay
2026-05-08,morning,T7915,Fatima Al-Rashidi,ARM-05,sick_leave,51743,safety audit,Line 1
2026-05-08,afternoon,T6614,Fatima Al-Rashidi,ARM-03,training,38118,safety audit,Line 1
2026-05-08,night,T2947,Ethan Kowalski,MULTI,sick_leave,83600,annual inspection,Line 2
2026-05-09,morning,T3219,Chen Wei,ARM-02,yes,92188,bearing inspection,Maintenance Bay
2026-05-09,afternoon,T4934,Samuel Osei,ARM-01,sick_leave,27382,safety audit,Line 3
2026-05-09,night,T2056,Ethan Kowalski,MULTI,training,84595,annual inspection,Line 4
2026-05-10,morning,T1878,Lucas Ferreira,ARM-05,yes,27972,annual inspection,Line 2
2026-05-10,afternoon,T4622,Maria Santos,ARM-01,yes,26392,repair ticket #5656,Line 4
2026-05-10,night,T5233,Dmitri Volkov,ARM-02,sick_leave,90147,annual inspection,Line 2
2026-05-11,morning,T2309,Nina Patel,ARM-04,sick_leave,16846,bearing inspection,Line 2
2026-05-11,afternoon,T6026,Carlos Mendez,ARM-03,yes,36291,annual inspection,Training Room
2026-05-11,night,T3800,Hana Nakamura,ARM-05,yes,64126,repair ticket #9655,Line 1
2026-05-12,morning,T1945,Carlos Mendez,ARM-04,sick_leave,21371,conveyor belt check,Maintenance Bay
2026-05-12,afternoon,T8415,Aisha Diallo,MULTI,no,44751,bearing inspection,Line 1
2026-05-12,night,T7906,Tobias Richt,ARM-04,sick_leave,39783,bearing inspection,Training Room
2026-05-13,morning,T2265,Ethan Kowalski,ARM-01,yes,97132,preventive maintenance,Line 4
2026-05-13,afternoon,T2375,Fatima Al-Rashidi,ARM-03,yes,55071,sensor calibration,Line 2
2026-05-13,night,T8158,Chen Wei,ARM-05,sick_leave,93403,safety audit,Maintenance Bay
2026-05-14,morning,T3872,Dmitri Volkov,ARM-05,sick_leave,90811,shift handover,Training Room
2026-05-14,afternoon,T4932,Oluwaseun Adebayo,MULTI,yes,92528,training session,Training Room
2026-05-14,night,T3831,Tobias Richt,ARM-02,no,32815,shift handover,Line 2
2026-05-15,morning,T7941,Tobias Richt,ARM-01,yes,92100,preventive maintenance,Training Room
2026-05-15,afternoon,T1387,Dmitri Volkov,ARM-05,no,69393,sensor calibration,Maintenance Bay
2026-05-15,night,T9751,Yuki Tanaka,ARM-04,training,41958,sensor calibration,Line 3
2026-05-16,morning,T5020,Samuel Osei,MULTI,sick_leave,78189,sensor calibration,Line 3
2026-05-16,afternoon,T8026,Chen Wei,ARM-03,yes,91954,conveyor belt check,Training Room
2026-05-16,night,T3370,Tobias Richt,ARM-02,no,24855,scheduled lubrication cycle,Line 2
2026-05-17,morning,T4802,Tobias Richt,ARM-05,yes,35745,repair ticket #3943,Line 2
2026-05-17,afternoon,T2156,Maria Santos,MULTI,no,29055,conveyor belt check,Line 4
2026-05-17,night,T7683,Tobias Richt,ARM-04,yes,97929,annual inspection,Line 4
2026-05-18,morning,T5554,Nina Patel,ARM-03,training,53984,safety audit,Line 2
2026-05-18,afternoon,T6616,Hana Nakamura,ARM-03,yes,10890,bearing inspection,Line 2
2026-05-18,night,T9877,Tobias Richt,ARM-05,no,89197,shift handover,Line 3
2026-05-19,morning,T3530,Samuel Osei,ARM-01,sick_leave,93514,annual inspection,Line 4
2026-05-19,afternoon,T5155,Nina Patel,ARM-02,yes,55011,sensor calibration,Line 1
2026-05-19,night,T2485,Tobias Richt,ARM-03,no,43563,annual inspection,Line 4
2026-05-20,morning,T3327,Aisha Diallo,ARM-01,yes,26273,training session,Line 2
2026-05-20,afternoon,T6559,Priya Sharma,ARM-04,yes,71337,bearing inspection,Maintenance Bay
2026-05-20,night,T6117,Fatima Al-Rashidi,MULTI,sick_leave,73501,safety audit,Line 3
2026-05-21,morning,T3238,Maria Santos,ARM-02,training,64407,preventive maintenance,Line 3
2026-05-21,afternoon,T8365,Fatima Al-Rashidi,ARM-05,training,33360,training session,Line 4
2026-05-21,night,T9957,Carlos Mendez,ARM-01,training,98391,preventive maintenance,Line 4
2026-05-22,morning,T1095,Fatima Al-Rashidi,ARM-01,no,99812,annual inspection,Line 2
2026-05-22,afternoon,T1876,Hana Nakamura,ARM-02,yes,87033,conveyor belt check,Maintenance Bay
2026-05-22,night,T8758,Samuel Osei,MULTI,no,80052,safety audit,Line 4
2026-05-23,morning,T1804,Tobias Richt,MULTI,yes,22925,conveyor belt check,Line 1
2026-05-23,afternoon,T2235,Aisha Diallo,MULTI,no,88024,shift handover,Line 1
2026-05-23,night,T4608,Tobias Richt,ARM-01,training,94106,bearing inspection,Line 2
2026-05-24,morning,T8396,Dmitri Volkov,ARM-02,yes,11511,bearing inspection,Line 4
2026-05-24,afternoon,T7004,Priya Sharma,ARM-03,yes,26656,bearing inspection,Maintenance Bay
2026-05-24,night,T6369,Priya Sharma,ARM-05,sick_leave,26592,scheduled lubrication cycle,Line 4
2026-05-25,morning,T4556,Maria Santos,ARM-04,sick_leave,81597,sensor calibration,Maintenance Bay
2026-05-25,afternoon,T8512,Tobias Richt,ARM-04,yes,57437,bearing inspection,Line 1
2026-05-25,night,T8977,Samuel Osei,ARM-02,training,98967,training session,Maintenance Bay
2026-05-26,morning,T6047,Samuel Osei,ARM-04,yes,85576,training session,Maintenance Bay
2026-05-26,afternoon,T5410,Fatima Al-Rashidi,ARM-02,no,41295,annual inspection,Maintenance Bay
2026-05-26,night,T2015,Chen Wei,ARM-05,training,42277,safety audit,Line 1
2026-05-27,morning,T5217,Hana Nakamura,MULTI,yes,61174,scheduled lubrication cycle,Line 4
2026-05-27,afternoon,T7245,Nina Patel,ARM-02,yes,73419,preventive maintenance,Line 2
2026-05-27,night,T8779,Ethan Kowalski,ARM-03,no,66167,safety audit,Line 3
2026-05-28,morning,T8860,Dmitri Volkov,ARM-03,yes,16664,safety audit,Line 4
2026-05-28,afternoon,T4104,Priya Sharma,ARM-02,no,49719,scheduled lubrication cycle,Line 3
2026-05-28,night,T4234,Dmitri Volkov,MULTI,yes,15245,preventive maintenance,Line 4
2026-05-29,morning,T9857,Maria Santos,ARM-05,sick_leave,21835,annual inspection,Line 3
2026-05-29,afternoon,T3354,Priya Sharma,ARM-02,yes,82922,repair ticket #3238,Line 4
2026-05-29,night,T1616,Maria Santos,ARM-03,yes,99878,scheduled lubrication cycle,Line 4
2026-05-30,morning,T7615,Samuel Osei,ARM-02,training,51213,safety audit,Line 4
2026-05-30,afternoon,T5268,Fatima Al-Rashidi,MULTI,yes,36361,safety audit,Line 1
2026-05-30,night,T3813,Tobias Richt,ARM-05,no,24046,annual inspection,Maintenance Bay
2026-05-31,morning,T5173,Tobias Richt,ARM-02,yes,64440,repair ticket #4954,Line 2
2026-05-31,afternoon,T2907,Lucas Ferreira,MULTI,no,82307,scheduled lubrication cycle,Training Room
2026-05-31,night,T3551,Nina Patel,ARM-03,sick_leave,12184,conveyor belt check,Training Room
2026-05-01,morning,T5853,Hana Nakamura,ARM-01,training,21147,training session,Line 2
2026-05-01,afternoon,T4725,Yuki Tanaka,ARM-04,training,86097,shift handover,Training Room
2026-05-01,night,T9084,Nina Patel,MULTI,yes,81056,scheduled lubrication cycle,Training Room
2026-05-02,morning,T1497,Samuel Osei,MULTI,sick_leave,65831,conveyor belt check,Line 3
2026-05-02,afternoon,T7463,Carlos Mendez,MULTI,training,11370,bearing inspection,Line 1
2026-05-02,night,T9839,Hana Nakamura,ARM-01,no,16528,training session,Line 4
2026-05-03,morning,T2490,Carlos Mendez,ARM-04,yes,73706,bearing inspection,Line 1
2026-05-03,afternoon,T9251,Chen Wei,ARM-04,no,69607,shift handover,Maintenance Bay
2026-05-03,night,T9796,Hana Nakamura,ARM-03,sick_leave,54097,shift handover,Line 2
2026-05-04,morning,T9907,Hana Nakamura,ARM-03,sick_leave,32763,repair ticket #8169,Line 2
2026-05-04,afternoon,T6245,Yuki Tanaka,ARM-04,training,22395,conveyor belt check,Line 3
2026-05-04,night,T6848,Fatima Al-Rashidi,ARM-03,yes,48103,repair ticket #1648,Line 1
2026-05-05,morning,T9046,Nina Patel,ARM-02,yes,77741,scheduled lubrication cycle,Line 2
2026-05-05,afternoon,T6672,Yuki Tanaka,ARM-02,training,61788,annual inspection,Maintenance Bay
2026-05-05,night,T8465,Hana Nakamura,ARM-01,yes,35280,preventive maintenance,Maintenance Bay
2026-05-06,morning,T9479,Dmitri Volkov,ARM-03,yes,10290,training session,Line 4
2026-05-06,afternoon,T9591,Tobias Richt,ARM-01,yes,35441,scheduled lubrication cycle,Line 3
2026-05-06,night,T6144,Yuki Tanaka,MULTI,yes,64905,conveyor belt check,Maintenance Bay
2026-05-07,morning,T9248,Samuel Osei,ARM-04,no,99817,annual inspection,Line 1
2026-05-07,afternoon,T5819,Oluwaseun Adebayo,MULTI,no,32219,conveyor belt check,Line 4
2026-05-07,night,T6492,Aisha Diallo,ARM-03,sick_leave,40715,bearing inspection,Line 3
2026-05-08,morning,T1916,Priya Sharma,ARM-05,training,87811,preventive maintenance,Line 2
2026-05-08,afternoon,T3685,Hana Nakamura,ARM-01,no,89422,training session,Maintenance Bay
2026-05-08,night,T5375,Oluwaseun Adebayo,ARM-05,yes,70838,sensor calibration,Training Room
2026-05-09,morning,T3056,Tobias Richt,ARM-03,yes,42070,training session,Line 1
2026-05-09,afternoon,T7353,Yuki Tanaka,MULTI,sick_leave,58810,annual inspection,Line 4
2026-05-09,night,T7246,Yuki Tanaka,ARM-05,sick_leave,55588,preventive maintenance,Line 2
2026-05-10,morning,T1591,Samuel Osei,ARM-05,yes,28256,scheduled lubrication cycle,Maintenance Bay
2026-05-10,afternoon,T2416,Samuel Osei,ARM-02,training,78492,preventive maintenance,Line 1
2026-05-10,night,T1086,Aisha Diallo,ARM-03,yes,20415,scheduled lubrication cycle,Line 1
2026-05-11,morning,T8412,Priya Sharma,MULTI,training,26918,sensor calibration,Training Room
2026-05-11,afternoon,T8978,Lucas Ferreira,ARM-01,training,79995,preventive maintenance,Line 1
2026-05-11,night,T9192,Tobias Richt,ARM-05,yes,35009,conveyor belt check,Line 2
2026-05-12,morning,T6276,Oluwaseun Adebayo,ARM-02,no,39979,scheduled lubrication cycle,Training Room
2026-05-12,afternoon,T8241,Oluwaseun Adebayo,ARM-01,training,79571,sensor calibration,Line 3
2026-05-12,night,T6563,Fatima Al-Rashidi,ARM-04,yes,17437,training session,Line 2
2026-05-13,morning,T8807,Oluwaseun Adebayo,ARM-04,yes,38299,conveyor belt check,Line 4
2026-05-13,afternoon,T9858,Yuki Tanaka,ARM-02,sick_leave,74826,sensor calibration,Line 1
2026-05-13,night,T4059,Tobias Richt,ARM-05,yes,71658,safety audit,Line 4
2026-05-14,morning,T5131,Priya Sharma,ARM-02,yes,10213,bearing inspection,Maintenance Bay
2026-05-14,afternoon,T1353,Dmitri Volkov,ARM-03,no,90040,shift handover,Maintenance Bay
2026-05-14,night,T7648,Chen Wei,ARM-02,training,92850,repair ticket #4809,Line 1
2026-05-15,morning,T8081,Chen Wei,ARM-05,yes,48580,scheduled lubrication cycle,Maintenance Bay
2026-05-15,afternoon,T2215,Lucas Ferreira,ARM-02,sick_leave,29778,safety audit,Line 4
2026-05-15,night,T1801,Carlos Mendez,MULTI,no,42807,repair ticket #9131,Training Room
2026-05-16,morning,T4562,Hana Nakamura,ARM-03,no,65337,scheduled lubrication cycle,Line 2
2026-05-16,afternoon,T7157,Priya Sharma,ARM-04,yes,70397,sensor calibration,Line 1
2026-05-16,night,T5527,Nina Patel,ARM-05,training,20005,shift handover,Line 4
2026-05-17,morning,T1987,Fatima Al-Rashidi,ARM-02,training,80858,annual inspection,Line 1
2026-05-17,afternoon,T3820,Aisha Diallo,ARM-04,no,78032,safety audit,Line 1
2026-05-17,night,T3771,Carlos Mendez,ARM-02,yes,20058,sensor calibration,Line 4
2026-05-18,morning,T6817,Yuki Tanaka,ARM-03,no,31600,safety audit,Maintenance Bay
2026-05-18,afternoon,T1012,Lucas Ferreira,ARM-03,yes,86625,scheduled lubrication cycle,Maintenance Bay
2026-05-18,night,T8440,Lucas Ferreira,ARM-05,yes,43853,annual inspection,Line 3
2026-05-19,morning,T1643,Aisha Diallo,ARM-03,yes,95650,preventive maintenance,Training Room
2026-05-19,afternoon,T8161,Fatima Al-Rashidi,ARM-03,yes,44175,training session,Maintenance Bay
2026-05-19,night,T9846,Chen Wei,MULTI,yes,18929,shift handover,Line 2
2026-05-20,morning,T4769,Carlos Mendez,ARM-05,yes,50996,sensor calibration,Line 2
2026-05-20,afternoon,T9573,Fatima Al-Rashidi,ARM-01,yes,88715,scheduled lubrication cycle,Line 2
2026-05-20,night,T6227,Aisha Diallo,ARM-03,yes,16872,bearing inspection,Line 2
2026-05-21,morning,T4872,Tobias Richt,ARM-04,no,95179,conveyor belt check,Line 3
2026-05-21,afternoon,T7262,Fatima Al-Rashidi,MULTI,yes,69432,conveyor belt check,Line 3
2026-05-21,night,T2380,Carlos Mendez,ARM-01,yes,98506,conveyor belt check,Line 1
2026-05-22,morning,T2848,Samuel Osei,ARM-04,sick_leave,44229,shift handover,Training Room
2026-05-22,afternoon,T7518,Fatima Al-Rashidi,ARM-01,no,11946,training session,Maintenance Bay
2026-05-22,night,T8270,Carlos Mendez,ARM-01,yes,71495,conveyor belt check,Line 4
2026-05-23,morning,T8173,Priya Sharma,ARM-02,sick_leave,41296,scheduled lubrication cycle,Training Room
2026-05-23,afternoon,T8103,Aisha Diallo,ARM-03,yes,63666,annual inspection,Line 4
2026-05-23,night,T4902,Priya Sharma,ARM-02,yes,33917,preventive maintenance,Line 3
2026-05-24,morning,T3419,Hana Nakamura,ARM-01,yes,70777,scheduled lubrication cycle,Line 2
2026-05-24,afternoon,T2060,Priya Sharma,ARM-05,yes,46268,training session,Line 3
2026-05-24,night,T3320,Maria Santos,ARM-01,no,38278,training session,Maintenance Bay
2026-05-25,morning,T1481,Hana Nakamura,MULTI,yes,61121,repair ticket #6274,Line 3
2026-05-25,afternoon,T6606,Nina Patel,ARM-03,training,62756,preventive maintenance,Line 2
2026-05-25,night,T9526,Hana Nakamura,ARM-05,yes,12645,preventive maintenance,Training Room
2026-05-26,morning,T9779,Hana Nakamura,ARM-03,no,88872,shift handover,Maintenance Bay
2026-05-26,afternoon,T6885,Priya Sharma,ARM-03,yes,75859,safety audit,Line 3
2026-05-26,night,T6997,Lucas Ferreira,ARM-01,training,74672,shift handover,Line 4
2026-05-27,morning,T8849,Aisha Diallo,ARM-03,yes,96324,conveyor belt check,Line 2
2026-05-27,afternoon,T7855,Priya Sharma,ARM-04,yes,71322,safety audit,Line 3
2026-05-27,night,T6200,Maria Santos,MULTI,sick_leave,51064,repair ticket #7327,Training Room
2026-05-28,morning,T2153,Ethan Kowalski,ARM-04,no,30533,sensor calibration,Maintenance Bay
2026-05-28,afternoon,T2866,Maria Santos,ARM-03,yes,10989,bearing inspection,Maintenance Bay
2026-05-28,night,T1930,Oluwaseun Adebayo,MULTI,yes,99898,bearing inspection,Line 1
2026-05-29,morning,T3114,Fatima Al-Rashidi,MULTI,yes,43220,sensor calibration,Line 2
2026-05-29,afternoon,T3065,Oluwaseun Adebayo,MULTI,sick_leave,22641,safety audit,Line 4
2026-05-29,night,T5746,Tobias Richt,ARM-05,no,54492,training session,Maintenance Bay
2026-05-30,morning,T9111,Priya Sharma,ARM-02,yes,83391,bearing inspection,Line 2
2026-05-30,afternoon,T3693,Nina Patel,ARM-03,sick_leave,98845,shift handover,Line 2
2026-05-30,night,T5633,Hana Nakamura,ARM-04,no,21236,shift handover,Line 1
2026-05-31,morning,T1061,Lucas Ferreira,ARM-05,training,99832,conveyor belt check,Line 3
2026-05-31,afternoon,T2801,Chen Wei,ARM-01,training,88483,annual inspection,Line 4
2026-05-31,night,T9597,Yuki Tanaka,ARM-02,yes,51119,training session,Maintenance Bay
2026-05-01,morning,T4742,Lucas Ferreira,ARM-04,yes,64155,scheduled lubrication cycle,Maintenance Bay
2026-05-01,afternoon,T5040,Yuki Tanaka,ARM-01,training,37683,bearing inspection,Line 4
2026-05-01,night,T7088,Dmitri Volkov,ARM-02,sick_leave,24437,bearing inspection,Training Room
2026-05-02,morning,T7451,Dmitri Volkov,ARM-03,no,71908,safety audit,Maintenance Bay
2026-05-02,afternoon,T9488,Fatima Al-Rashidi,ARM-01,no,92374,scheduled lubrication cycle,Training Room
2026-05-02,night,T1877,Hana Nakamura,ARM-03,no,21542,safety audit,Maintenance Bay
2026-05-03,morning,T8376,Lucas Ferreira,ARM-03,training,95878,repair ticket #7217,Line 1
2026-05-03,afternoon,T3178,Ethan Kowalski,ARM-02,training,25432,sensor calibration,Line 4
2026-05-03,night,T9636,Aisha Diallo,ARM-02,yes,42683,preventive maintenance,Line 3
2026-05-04,morning,T5446,Dmitri Volkov,ARM-03,no,22319,annual inspection,Maintenance Bay
2026-05-04,afternoon,T7378,Oluwaseun Adebayo,ARM-03,yes,79746,safety audit,Line 4
2026-05-04,night,T9601,Dmitri Volkov,ARM-01,training,68708,repair ticket #6763,Maintenance Bay
2026-05-05,morning,T5004,Dmitri Volkov,ARM-01,training,22345,sensor calibration,Training Room
2026-05-05,afternoon,T1669,Chen Wei,ARM-05,training,72107,conveyor belt check,Line 1
2026-05-05,night,T5378,Maria Santos,ARM-04,yes,37801,shift handover,Line 2
2026-05-06,morning,T2896,Nina Patel,ARM-03,yes,28350,annual inspection,Line 3
2026-05-06,afternoon,T5175,Aisha Diallo,ARM-01,no,52588,sensor calibration,Line 1
2026-05-06,night,T3052,Priya Sharma,ARM-03,yes,91676,bearing inspection,Line 4
2026-05-07,morning,T7468,Oluwaseun Adebayo,ARM-03,yes,63731,bearing inspection,Line 4
2026-05-07,afternoon,T9489,Priya Sharma,ARM-01,yes,92940,repair ticket #2755,Line 1
2026-05-07,night,T3112,Aisha Diallo,ARM-04,no,51218,scheduled lubrication cycle,Line 1
2026-05-08,morning,T8838,Aisha Diallo,MULTI,yes,65833,sensor calibration,Training Room
2026-05-08,afternoon,T8265,Nina Patel,ARM-05,training,65315,safety audit,Training Room
2026-05-08,night,T4395,Lucas Ferreira,ARM-05,yes,53219,repair ticket #5427,Training Room
2026-05-09,morning,T4443,Oluwaseun Adebayo,ARM-01,yes,70472,scheduled lubrication cycle,Line 2
2026-05-09,afternoon,T8357,Chen Wei,ARM-01,yes,49465,conveyor belt check,Line 4
2026-05-09,night,T7598,Oluwaseun Adebayo,ARM-04,yes,77201,annual inspection,Training Room
2026-05-10,morning,T3090,Nina Patel,ARM-01,training,31726,annual inspection,Line 3
2026-05-10,afternoon,T1675,Hana Nakamura,ARM-04,sick_leave,43966,safety audit,Maintenance Bay
2026-05-10,night,T1509,Fatima Al-Rashidi,MULTI,sick_leave,31556,conveyor belt check,Maintenance Bay
2026-05-11,morning,T8381,Oluwaseun Adebayo,ARM-02,yes,94854,shift handover,Maintenance Bay
2026-05-11,afternoon,T4896,Samuel Osei,ARM-03,yes,27749,sensor calibration,Maintenance Bay
2026-05-11,night,T3950,Oluwaseun Adebayo,ARM-05,training,81785,conveyor belt check,Maintenance Bay
2026-05-12,morning,T7585,Priya Sharma,ARM-03,yes,50228,training session,Line 2
2026-05-12,afternoon,T9461,Dmitri Volkov,ARM-02,no,54827,preventive maintenance,Maintenance Bay
2026-05-12,night,T9730,Samuel Osei,ARM-02,yes,91257,safety audit,Line 1
2026-05-13,morning,T3324,Lucas Ferreira,ARM-04,training,42994,safety audit,Line 4
2026-05-13,afternoon,T9718,Ethan Kowalski,ARM-05,sick_leave,98018,sensor calibration,Line 1
2026-05-13,night,T5300,Maria Santos,ARM-04,training,71856,sensor calibration,Training Room
2026-05-14,morning,T6137,Chen Wei,ARM-02,yes,98488,training session,Line 4
2026-05-14,afternoon,T6866,Lucas Ferreira,ARM-02,no,90529,conveyor belt check,Line 4
2026-05-14,night,T3238,Chen Wei,ARM-03,training,53687,scheduled lubrication cycle,Line 1
2026-05-15,morning,T4177,Ethan Kowalski,ARM-01,yes,15523,training session,Line 4
2026-05-15,afternoon,T7214,Maria Santos,ARM-03,no,94558,sensor calibration,Training Room
2026-05-15,night,T6324,Tobias Richt,MULTI,yes,82193,shift handover,Line 1
2026-05-16,morning,T8544,Nina Patel,MULTI,training,49294,shift handover,Line 4
2026-05-16,afternoon,T9151,Aisha Diallo,ARM-05,yes,61515,annual inspection,Line 1
2026-05-16,night,T5503,Dmitri Volkov,ARM-03,yes,63664,shift handover,Line 3
2026-05-17,morning,T8955,Samuel Osei,ARM-05,yes,67088,conveyor belt check,Line 3
2026-05-17,afternoon,T1578,Dmitri Volkov,ARM-05,training,21868,annual inspection,Line 1
2026-05-17,night,T2588,Fatima Al-Rashidi,ARM-05,yes,23583,conveyor belt check,Training Room
2026-05-18,morning,T4563,Priya Sharma,ARM-05,yes,93290,safety audit,Line 3
2026-05-18,afternoon,T2293,Carlos Mendez,ARM-01,sick_leave,44900,bearing inspection,Maintenance Bay
2026-05-18,night,T9130,Ethan Kowalski,ARM-05,yes,97825,repair ticket #4007,Training Room
2026-05-19,morning,T9403,Tobias Richt,ARM-01,yes,65371,training session,Line 1
2026-05-19,afternoon,T8453,Priya Sharma,MULTI,training,95374,bearing inspection,Line 4
2026-05-19,night,T5764,Samuel Osei,ARM-01,yes,48989,preventive maintenance,Line 1
2026-05-20,morning,T1830,Dmitri Volkov,ARM-05,sick_leave,95354,annual inspection,Line 1
2026-05-20,afternoon,T3855,Carlos Mendez,MULTI,yes,14993,preventive maintenance,Line 4
2026-05-20,night,T7427,Nina Patel,MULTI,yes,14726,bearing inspection,Maintenance Bay
2026-05-21,morning,T2239,Chen Wei,ARM-02,no,47558,safety audit,Line 2
2026-05-21,afternoon,T9341,Nina Patel,ARM-05,no,67202,preventive maintenance,Training Room
2026-05-21,night,T3118,Oluwaseun Adebayo,ARM-05,yes,39938,sensor calibration,Training Room
2026-05-22,morning,T7332,Dmitri Volkov,ARM-04,no,90808,safety audit,Line 4
2026-05-22,afternoon,T9798,Samuel Osei,ARM-01,yes,83868,training session,Maintenance Bay
2026-05-22,night,T3656,Hana Nakamura,ARM-02,yes,46027,safety audit,Training Room
2026-05-23,morning,T4252,Tobias Richt,ARM-02,no,99761,preventive maintenance,Line 3
2026-05-23,afternoon,T5289,Maria Santos,ARM-03,sick_leave,55829,sensor calibration,Line 2
2026-05-23,night,T1031,Maria Santos,ARM-04,sick_leave,39954,annual inspection,Maintenance Bay
2026-05-24,morning,T8798,Lucas Ferreira,ARM-01,yes,55129,shift handover,Line 3
2026-05-24,afternoon,T3438,Chen Wei,ARM-01,yes,47386,conveyor belt check,Maintenance Bay
2026-05-24,night,T1938,Chen Wei,MULTI,yes,80857,scheduled lubrication cycle,Line 3
2026-05-25,morning,T3236,Maria Santos,ARM-02,yes,58473,safety audit,Training Room
2026-05-25,afternoon,T7115,Fatima Al-Rashidi,ARM-04,yes,17719,repair ticket #3711,Line 3
2026-05-25,night,T4481,Yuki Tanaka,ARM-01,no,24826,repair ticket #6899,Maintenance Bay
2026-05-26,morning,T5100,Tobias Richt,ARM-02,yes,17954,scheduled lubrication cycle,Training Room
2026-05-26,afternoon,T6109,Dmitri Volkov,MULTI,yes,51224,conveyor belt check,Line 2
2026-05-26,night,T3772,Tobias Richt,ARM-03,yes,93895,training session,Maintenance Bay
2026-05-27,morning,T2375,Priya Sharma,ARM-05,no,76113,bearing inspection,Line 4
2026-05-27,afternoon,T4057,Yuki Tanaka,ARM-02,yes,51586,annual inspection,Maintenance Bay
2026-05-27,night,T2541,Dmitri Volkov,ARM-02,training,59098,training session,Line 2
2026-05-28,morning,T8542,Maria Santos,ARM-03,yes,53486,safety audit,Line 1
2026-05-28,afternoon,T3552,Maria Santos,ARM-05,yes,31655,scheduled lubrication cycle,Line 1
2026-05-28,night,T5357,Samuel Osei,ARM-02,no,61247,annual inspection,Line 3
2026-05-29,morning,T3560,Dmitri Volkov,ARM-05,yes,12856,sensor calibration,Line 4
2026-05-29,afternoon,T8248,Ethan Kowalski,ARM-02,sick_leave,70334,training session,Line 3
2026-05-29,night,T9489,Lucas Ferreira,MULTI,yes,62407,shift handover,Maintenance Bay
2026-05-30,morning,T6116,Carlos Mendez,ARM-03,yes,70855,shift handover,Line 1
2026-05-30,afternoon,T1392,Ethan Kowalski,ARM-01,sick_leave,48688,annual inspection,Maintenance Bay
2026-05-30,night,T4034,Fatima Al-Rashidi,ARM-05,yes,39666,sensor calibration,Line 3
2026-05-31,morning,T4626,Samuel Osei,ARM-01,no,96097,training session,Line 1
2026-05-31,afternoon,T3821,Chen Wei,MULTI,sick_leave,54595,conveyor belt check,Line 3
2026-05-31,night,T7905,Fatima Al-Rashidi,ARM-03,no,21483,scheduled lubrication cycle,Maintenance Bay
2026-05-01,morning,T5389,Aisha Diallo,ARM-01,yes,45295,repair ticket #4075,Line 4
2026-05-01,afternoon,T6571,Carlos Mendez,ARM-05,no,14978,scheduled lubrication cycle,Line 3
2026-05-01,night,T6075,Priya Sharma,MULTI,yes,51176,training session,Line 4
2026-05-02,morning,T8180,Tobias Richt,ARM-05,sick_leave,82143,annual inspection,Training Room
2026-05-02,afternoon,T9671,Dmitri Volkov,ARM-02,yes,35681,scheduled lubrication cycle,Line 3
2026-05-02,night,T2907,Fatima Al-Rashidi,ARM-01,no,86049,training session,Maintenance Bay
2026-05-03,morning,T7495,Tobias Richt,ARM-02,yes,63306,training session,Line 3
2026-05-03,afternoon,T5344,Nina Patel,ARM-02,yes,95032,annual inspection,Maintenance Bay
2026-05-03,night,T1215,Ethan Kowalski,ARM-05,yes,73615,bearing inspection,Line 4
2026-05-04,morning,T1283,Nina Patel,ARM-04,yes,51572,shift handover,Training Room
2026-05-04,afternoon,T2450,Fatima Al-Rashidi,MULTI,yes,86009,safety audit,Maintenance Bay
2026-05-04,night,T6682,Maria Santos,ARM-04,yes,47128,conveyor belt check,Line 3
2026-05-05,morning,T8268,Aisha Diallo,MULTI,training,14612,conveyor belt check,Line 3
2026-05-05,afternoon,T6132,Hana Nakamura,ARM-05,no,34418,preventive maintenance,Line 2
2026-05-05,night,T3440,Tobias Richt,ARM-01,no,61412,safety audit,Training Room
2026-05-06,morning,T2357,Tobias Richt,ARM-04,sick_leave,46049,annual inspection,Maintenance Bay
2026-05-06,afternoon,T1393,Hana Nakamura,ARM-03,training,80848,bearing inspection,Line 4
2026-05-06,night,T1317,Samuel Osei,ARM-05,yes,26375,annual inspection,Maintenance Bay
2026-05-07,morning,T2358,Yuki Tanaka,ARM-05,yes,57536,preventive maintenance,Line 2
2026-05-07,afternoon,T5691,Ethan Kowalski,ARM-02,training,30853,sensor calibration,Training Room
2026-05-07,night,T7382,Fatima Al-Rashidi,ARM-02,no,99493,repair ticket #7816,Line 1
2026-05-08,morning,T2520,Maria Santos,ARM-02,sick_leave,82339,bearing inspection,Maintenance Bay
2026-05-08,afternoon,T1204,Priya Sharma,MULTI,yes,11215,annual inspection,Line 2
2026-05-08,night,T3571,Lucas Ferreira,MULTI,yes,92368,training session,Line 2
2026-05-09,morning,T2534,Dmitri Volkov,ARM-03,yes,54957,repair ticket #1000,Training Room
2026-05-09,afternoon,T8837,Hana Nakamura,ARM-04,yes,11716,conveyor belt check,Maintenance Bay
2026-05-09,night,T8002,Maria Santos,MULTI,yes,81718,annual inspection,Line 4
2026-05-10,morning,T9075,Priya Sharma,MULTI,no,42167,repair ticket #1829,Line 1
2026-05-10,afternoon,T7133,Nina Patel,ARM-04,yes,18733,bearing inspection,Line 2
2026-05-10,night,T2108,Tobias Richt,ARM-05,yes,39452,bearing inspection,Line 1
2026-05-11,morning,T3187,Oluwaseun Adebayo,ARM-03,yes,66899,scheduled lubrication cycle,Line 2
2026-05-11,afternoon,T1565,Carlos Mendez,MULTI,yes,47675,preventive maintenance,Line 3
2026-05-11,night,T6707,Chen Wei,ARM-03,yes,83245,preventive maintenance,Line 1
2026-05-12,morning,T2996,Fatima Al-Rashidi,ARM-01,yes,73710,training session,Line 3
2026-05-12,afternoon,T3429,Lucas Ferreira,ARM-02,training,97017,annual inspection,Line 3
2026-05-12,night,T4297,Maria Santos,ARM-02,training,48339,shift handover,Line 4
2026-05-13,morning,T5727,Carlos Mendez,ARM-02,yes,74269,scheduled lubrication cycle,Training Room
2026-05-13,afternoon,T3788,Aisha Diallo,ARM-05,yes,84800,bearing inspection,Line 3
2026-05-13,night,T5918,Lucas Ferreira,MULTI,sick_leave,59077,shift handover,Training Room
2026-05-14,morning,T7923,Tobias Richt,MULTI,training,92244,safety audit,Maintenance Bay
2026-05-14,afternoon,T9885,Priya Sharma,ARM-02,no,96395,annual inspection,Line 4
2026-05-14,night,T4376,Maria Santos,MULTI,yes,94783,training session,Line 4
2026-05-15,morning,T9006,Lucas Ferreira,ARM-02,no,79595,conveyor belt check,Line 2
2026-05-15,afternoon,T2711,Lucas Ferreira,ARM-04,yes,42094,annual inspection,Maintenance Bay
2026-05-15,night,T5361,Ethan Kowalski,ARM-03,yes,13057,repair ticket #8934,Line 3
2026-05-16,morning,T5667,Hana Nakamura,ARM-03,training,47685,shift handover,Line 2
2026-05-16,afternoon,T1156,Aisha Diallo,ARM-01,training,69001,bearing inspection,Line 4
2026-05-16,night,T4502,Nina Patel,ARM-04,sick_leave,96314,conveyor belt check,Maintenance Bay
2026-05-17,morning,T4185,Maria Santos,ARM-01,yes,33798,shift handover,Line 2
2026-05-17,afternoon,T8306,Ethan Kowalski,MULTI,yes,78152,safety audit,Line 1
2026-05-17,night,T9432,Lucas Ferreira,ARM-01,training,76993,preventive maintenance,Maintenance Bay
2026-05-18,morning,T9175,Yuki Tanaka,ARM-03,yes,52906,scheduled lubrication cycle,Line 2
2026-05-18,afternoon,T7300,Hana Nakamura,ARM-01,yes,84905,safety audit,Line 2
2026-05-18,night,T3321,Maria Santos,MULTI,sick_leave,99453,scheduled lubrication cycle,Line 2
2026-05-19,morning,T8945,Ethan Kowalski,ARM-05,yes,13011,safety audit,Line 2
2026-05-19,afternoon,T4254,Tobias Richt,MULTI,sick_leave,10278,sensor calibration,Line 1
2026-05-19,night,T8101,Oluwaseun Adebayo,ARM-01,sick_leave,28039,sensor calibration,Line 3
2026-05-20,morning,T7841,Tobias Richt,ARM-05,no,41926,bearing inspection,Line 1
2026-05-20,afternoon,T2481,Aisha Diallo,ARM-02,training,10779,sensor calibration,Line 4
2026-05-20,night,T3554,Samuel Osei,ARM-04,sick_leave,97984,sensor calibration,Line 4
2026-05-21,morning,T6067,Fatima Al-Rashidi,ARM-02,yes,99929,safety audit,Maintenance Bay
2026-05-21,afternoon,T1065,Oluwaseun Adebayo,ARM-01,yes,47829,scheduled lubrication cycle,Line 2
2026-05-21,night,T1178,Priya Sharma,ARM-03,training,31695,sensor calibration,Line 1
2026-05-22,morning,T6884,Tobias Richt,ARM-01,yes,10867,scheduled lubrication cycle,Training Room
2026-05-22,afternoon,T2553,Dmitri Volkov,ARM-04,no,53862,preventive maintenance,Line 4
2026-05-22,night,T6635,Maria Santos,ARM-01,sick_leave,23194,shift handover,Training Room
2026-05-23,morning,T6735,Hana Nakamura,ARM-01,yes,48547,bearing inspection,Line 3
2026-05-23,afternoon,T8802,Lucas Ferreira,ARM-01,yes,81434,sensor calibration,Line 4
2026-05-23,night,T6523,Priya Sharma,ARM-02,no,38469,sensor calibration,Line 2
2026-05-24,morning,T5427,Yuki Tanaka,ARM-04,yes,27531,shift handover,Line 4
2026-05-24,afternoon,T1641,Dmitri Volkov,ARM-02,yes,87238,training session,Line 3
2026-05-24,night,T4777,Oluwaseun Adebayo,ARM-03,no,63148,conveyor belt check,Line 2
2026-05-25,morning,T2745,Tobias Richt,ARM-01,yes,94792,repair ticket #5435,Line 1
2026-05-25,afternoon,T7465,Oluwaseun Adebayo,ARM-02,yes,33340,repair ticket #7899,Training Room
2026-05-25,night,T7197,Nina Patel,ARM-01,yes,38656,preventive maintenance,Line 4
2026-05-26,morning,T4501,Hana Nakamura,MULTI,yes,43433,shift handover,Line 2
2026-05-26,afternoon,T4755,Maria Santos,ARM-03,yes,75482,annual inspection,Line 4
2026-05-26,night,T4738,Priya Sharma,MULTI,training,53899,preventive maintenance,Line 1
2026-05-27,morning,T3474,Fatima Al-Rashidi,ARM-05,training,65142,shift handover,Training Room
2026-05-27,afternoon,T5619,Fatima Al-Rashidi,ARM-03,yes,84996,scheduled lubrication cycle,Line 2
2026-05-27,night,T3379,Oluwaseun Adebayo,ARM-02,sick_leave,83253,bearing inspection,Line 2
2026-05-28,morning,T2000,Aisha Diallo,ARM-02,training,24588,sensor calibration,Line 2
2026-05-28,afternoon,T6757,Samuel Osei,ARM-05,yes,90076,scheduled lubrication cycle,Line 3
2026-05-28,night,T9352,Nina Patel,MULTI,yes,75154,safety audit,Line 2
2026-05-29,morning,T4835,Tobias Richt,ARM-05,yes,67761,annual inspection,Line 3
2026-05-29,afternoon,T7196,Hana Nakamura,ARM-05,no,41893,training session,Line 2
2026-05-29,night,T5375,Aisha Diallo,MULTI,sick_leave,33511,repair ticket #2877,Maintenance Bay
2026-05-30,morning,T3242,Maria Santos,ARM-02,training,38931,training session,Maintenance Bay
2026-05-30,afternoon,T1281,Oluwaseun Adebayo,ARM-03,yes,66929,safety audit,Line 4
2026-05-30,night,T2997,Priya Sharma,ARM-04,yes,25295,safety audit,Line 3
2026-05-31,morning,T8965,Maria Santos,ARM-02,training,23824,sensor calibration,Line 3
2026-05-31,afternoon,T9429,Yuki Tanaka,ARM-02,training,48068,annual inspection,Line 2
2026-05-31,night,T8244,Fatima Al-Rashidi,ARM-02,yes,94310,scheduled lubrication cycle,Line 3
2026-05-01,morning,T4699,Maria Santos,ARM-02,yes,24148,bearing inspection,Line 3
2026-05-01,afternoon,T7042,Priya Sharma,ARM-02,yes,27224,bearing inspection,Line 3
2026-05-01,night,T8593,Carlos Mendez,MULTI,no,85409,repair ticket #2500,Line 2
2026-05-02,morning,T9990,Maria Santos,ARM-04,yes,12190,repair ticket #5118,Line 3
2026-05-02,afternoon,T3967,Chen Wei,ARM-03,training,31983,shift handover,Line 1
2026-05-02,night,T9322,Carlos Mendez,MULTI,sick_leave,43607,conveyor belt check,Line 2
2026-05-03,morning,T6167,Carlos Mendez,MULTI,sick_leave,23600,repair ticket #5741,Line 2
2026-05-03,afternoon,T3895,Yuki Tanaka,ARM-02,yes,90060,training session,Training Room
2026-05-03,night,T4693,Aisha Diallo,ARM-01,no,23574,preventive maintenance,Training Room
2026-05-04,morning,T6787,Dmitri Volkov,ARM-02,yes,46262,safety audit,Line 2
2026-05-04,afternoon,T6475,Oluwaseun Adebayo,ARM-03,sick_leave,45944,training session,Line 1
2026-05-04,night,T3204,Dmitri Volkov,ARM-01,yes,54113,conveyor belt check,Maintenance Bay
2026-05-05,morning,T9906,Nina Patel,ARM-04,yes,37821,preventive maintenance,Maintenance Bay
2026-05-05,afternoon,T2962,Samuel Osei,ARM-02,yes,64727,training session,Line 2
2026-05-05,night,T5248,Hana Nakamura,ARM-04,no,95716,annual inspection,Line 2
2026-05-06,morning,T1095,Aisha Diallo,ARM-01,yes,10999,preventive maintenance,Line 1
2026-05-06,afternoon,T2393,Aisha Diallo,ARM-04,yes,49872,shift handover,Training Room
2026-05-06,night,T4414,Lucas Ferreira,MULTI,no,66177,annual inspection,Training Room
2026-05-07,morning,T2690,Priya Sharma,ARM-01,yes,64428,annual inspection,Training Room
2026-05-07,afternoon,T8353,Lucas Ferreira,ARM-02,yes,36908,scheduled lubrication cycle,Maintenance Bay
2026-05-07,night,T6771,Nina Patel,ARM-01,no,78402,scheduled lubrication cycle,Line 2
2026-05-08,morning,T3677,Hana Nakamura,ARM-02,no,63864,repair ticket #4878,Line 4
2026-05-08,afternoon,T6289,Maria Santos,ARM-02,training,19736,annual inspection,Line 4
2026-05-08,night,T4327,Carlos Mendez,ARM-02,yes,88866,scheduled lubrication cycle,Training Room
2026-05-09,morning,T7855,Tobias Richt,ARM-03,training,75850,training session,Line 3
2026-05-09,afternoon,T6618,Ethan Kowalski,ARM-04,yes,29390,conveyor belt check,Line 2
2026-05-09,night,T9547,Samuel Osei,ARM-03,yes,88021,repair ticket #6898,Line 4
2026-05-10,morning,T4481,Carlos Mendez,MULTI,yes,19947,conveyor belt check,Line 1
2026-05-10,afternoon,T1716,Hana Nakamura,ARM-05,sick_leave,35239,safety audit,Line 3
2026-05-10,night,T7159,Yuki Tanaka,ARM-04,yes,15306,training session,Maintenance Bay
2026-05-11,morning,T3109,Yuki Tanaka,ARM-03,yes,72843,conveyor belt check,Line 4
2026-05-11,afternoon,T5494,Nina Patel,MULTI,training,96066,repair ticket #9428,Line 1
2026-05-11,night,T8869,Hana Nakamura,ARM-05,training,27782,training session,Line 4
2026-05-12,morning,T1573,Yuki Tanaka,ARM-04,training,52251,conveyor belt check,Training Room
2026-05-12,afternoon,T8614,Tobias Richt,MULTI,training,61554,scheduled lubrication cycle,Maintenance Bay
2026-05-12,night,T6788,Ethan Kowalski,ARM-02,sick_leave,53104,safety audit,Training Room
2026-05-13,morning,T8593,Aisha Diallo,ARM-03,sick_leave,50303,preventive maintenance,Maintenance Bay
2026-05-13,afternoon,T8128,Lucas Ferreira,ARM-04,sick_leave,46596,bearing inspection,Maintenance Bay
2026-05-13,night,T8863,Samuel Osei,ARM-04,sick_leave,43610,bearing inspection,Line 3
2026-05-14,morning,T1676,Carlos Mendez,ARM-01,yes,54914,scheduled lubrication cycle,Training Room
2026-05-14,afternoon,T3507,Nina Patel,ARM-01,sick_leave,45912,repair ticket #5224,Line 3
2026-05-14,night,T9708,Ethan Kowalski,ARM-01,yes,48896,sensor calibration,Line 3
2026-05-15,morning,T3742,Priya Sharma,ARM-02,sick_leave,81679,repair ticket #2870,Maintenance Bay
2026-05-15,afternoon,T6617,Priya Sharma,ARM-04,yes,96326,bearing inspection,Line 2
2026-05-15,night,T2607,Lucas Ferreira,ARM-05,sick_leave,95052,preventive maintenance,Line 2
2026-05-16,morning,T7023,Chen Wei,MULTI,no,85250,sensor calibration,Maintenance Bay
2026-05-16,afternoon,T2801,Lucas Ferreira,ARM-01,yes,50956,conveyor belt check,Line 1
2026-05-16,night,T5872,Fatima Al-Rashidi,ARM-02,yes,84516,training session,Line 4
2026-05-17,morning,T1465,Nina Patel,ARM-01,yes,64550,bearing inspection,Line 4
2026-05-17,afternoon,T6986,Oluwaseun Adebayo,ARM-04,yes,90022,conveyor belt check,Maintenance Bay
2026-05-17,night,T5839,Maria Santos,ARM-02,yes,85481,training session,Maintenance Bay
2026-05-18,morning,T7334,Tobias Richt,ARM-04,yes,90193,preventive maintenance,Line 1
2026-05-18,afternoon,T6003,Dmitri Volkov,ARM-05,no,12273,sensor calibration,Maintenance Bay
2026-05-18,night,T6295,Priya Sharma,MULTI,yes,87370,conveyor belt check,Line 1
2026-05-19,morning,T7642,Maria Santos,ARM-04,yes,90558,shift handover,Line 4
2026-05-19,afternoon,T4624,Dmitri Volkov,ARM-04,yes,27937,training session,Line 4
2026-05-19,night,T3049,Samuel Osei,ARM-04,training,21372,shift handover,Training Room
2026-05-20,morning,T9693,Carlos Mendez,ARM-04,yes,12715,training session,Line 2
2026-05-20,afternoon,T6148,Ethan Kowalski,ARM-02,no,70454,conveyor belt check,Line 2
2026-05-20,night,T7649,Chen Wei,ARM-03,yes,61137,scheduled lubrication cycle,Line 3
2026-05-21,morning,T7274,Maria Santos,ARM-05,yes,22871,repair ticket #6754,Line 1
2026-05-21,afternoon,T3261,Fatima Al-Rashidi,ARM-01,yes,54723,training session,Line 3
2026-05-21,night,T1845,Chen Wei,ARM-04,training,86299,preventive maintenance,Line 3
2026-05-22,morning,T4021,Tobias Richt,ARM-03,training,93156,sensor calibration,Line 1
2026-05-22,afternoon,T4284,Chen Wei,ARM-04,training,72350,safety audit,Training Room
2026-05-22,night,T2444,Chen Wei,ARM-04,sick_leave,10834,sensor calibration,Line 4
2026-05-23,morning,T1831,Aisha Diallo,ARM-02,no,85707,safety audit,Line 1
2026-05-23,afternoon,T2700,Hana Nakamura,ARM-04,yes,38844,annual inspection,Training Room
2026-05-23,night,T7718,Oluwaseun Adebayo,ARM-03,sick_leave,61284,preventive maintenance,Line 1
2026-05-24,morning,T7774,Oluwaseun Adebayo,ARM-03,no,43757,preventive maintenance,Maintenance Bay
2026-05-24,afternoon,T3092,Yuki Tanaka,ARM-05,yes,47992,shift handover,Maintenance Bay
2026-05-24,night,T9482,Priya Sharma,ARM-03,sick_leave,46584,training session,Maintenance Bay
2026-05-25,morning,T3144,Carlos Mendez,ARM-04,yes,79408,conveyor belt check,Maintenance Bay
2026-05-25,afternoon,T7970,Ethan Kowalski,ARM-05,yes,79971,safety audit,Line 2
2026-05-25,night,T8552,Hana Nakamura,ARM-04,yes,30279,shift handover,Line 2
2026-05-26,morning,T9077,Aisha Diallo,ARM-04,training,86131,training session,Maintenance Bay
2026-05-26,afternoon,T8337,Dmitri Volkov,ARM-05,training,73110,annual inspection,Maintenance Bay
2026-05-26,night,T2683,Priya Sharma,ARM-01,training,81463,sensor calibration,Line 2
2026-05-27,morning,T9704,Priya Sharma,MULTI,yes,75294,shift handover,Line 4
2026-05-27,afternoon,T7591,Carlos Mendez,ARM-02,yes,38775,training session,Line 3
2026-05-27,night,T4887,Samuel Osei,ARM-05,sick_leave,41895,bearing inspection,Line 3
2026-05-28,morning,T9050,Ethan Kowalski,ARM-03,yes,91283,scheduled lubrication cycle,Line 3
2026-05-28,afternoon,T9891,Oluwaseun Adebayo,ARM-04,yes,54522,repair ticket #1016,Line 2
2026-05-28,night,T1678,Fatima Al-Rashidi,ARM-02,yes,80123,repair ticket #2415,Line 2
2026-05-29,morning,T7667,Nina Patel,MULTI,yes,39495,sensor calibration,Line 2
2026-05-29,afternoon,T9693,Tobias Richt,MULTI,no,19737,training session,Line 1
2026-05-29,night,T5386,Priya Sharma,MULTI,yes,15040,bearing inspection,Line 3
2026-05-30,morning,T1061,Lucas Ferreira,ARM-05,no,11968,scheduled lubrication cycle,Line 3
2026-05-30,afternoon,T7817,Tobias Richt,ARM-03,yes,84513,training session,Training Room
2026-05-30,night,T2777,Dmitri Volkov,ARM-01,training,58415,conveyor belt check,Line 2
2026-05-31,morning,T8664,Ethan Kowalski,ARM-04,yes,86908,sensor calibration,Line 2
2026-05-31,afternoon,T8258,Samuel Osei,ARM-03,training,69532,bearing inspection,Line 2
2026-05-31,night,T6012,Carlos Mendez,MULTI,no,47026,bearing inspection,Line 2
2026-05-01,morning,T4347,Fatima Al-Rashidi,ARM-01,yes,22671,training session,Maintenance Bay
2026-05-01,afternoon,T6489,Maria Santos,ARM-05,no,89475,safety audit,Training Room
2026-05-01,night,T6631,Maria Santos,ARM-02,yes,66221,safety audit,Line 3
2026-05-02,morning,T1089,Tobias Richt,MULTI,yes,90072,bearing inspection,Line 3
2026-05-02,afternoon,T7911,Aisha Diallo,ARM-02,sick_leave,85461,annual inspection,Training Room
2026-05-02,night,T7038,Samuel Osei,ARM-01,yes,80003,repair ticket #6320,Line 4
2026-05-03,morning,T5621,Lucas Ferreira,ARM-04,yes,79396,repair ticket #6905,Line 1
2026-05-03,afternoon,T8731,Chen Wei,MULTI,sick_leave,70666,annual inspection,Line 3
2026-05-03,night,T6759,Lucas Ferreira,ARM-01,yes,69600,scheduled lubrication cycle,Training Room
2026-05-04,morning,T5879,Fatima Al-Rashidi,ARM-05,training,81261,annual inspection,Maintenance Bay
2026-05-04,afternoon,T3368,Yuki Tanaka,MULTI,training,15952,conveyor belt check,Training Room
2026-05-04,night,T2687,Tobias Richt,ARM-04,sick_leave,24950,conveyor belt check,Line 2
2026-05-05,morning,T7171,Hana Nakamura,ARM-05,training,21465,shift handover,Training Room
2026-05-05,afternoon,T8089,Ethan Kowalski,ARM-03,sick_leave,36916,safety audit,Training Room
2026-05-05,night,T6078,Ethan Kowalski,ARM-02,sick_leave,32112,shift handover,Maintenance Bay
2026-05-06,morning,T7935,Chen Wei,ARM-01,no,40299,conveyor belt check,Line 3
2026-05-06,afternoon,T2379,Yuki Tanaka,ARM-04,training,74158,safety audit,Line 4
2026-05-06,night,T2614,Ethan Kowalski,ARM-03,yes,39187,scheduled lubrication cycle,Training Room
2026-05-07,morning,T2082,Oluwaseun Adebayo,ARM-01,sick_leave,77995,shift handover,Line 1
2026-05-07,afternoon,T5969,Fatima Al-Rashidi,ARM-03,sick_leave,37099,conveyor belt check,Training Room
2026-05-07,night,T6421,Maria Santos,ARM-02,yes,15893,repair ticket #7715,Maintenance Bay
2026-05-08,morning,T3347,Ethan Kowalski,ARM-02,yes,14882,scheduled lubrication cycle,Line 2
2026-05-08,afternoon,T2000,Chen Wei,ARM-04,yes,39598,scheduled lubrication cycle,Line 3
2026-05-08,night,T7335,Yuki Tanaka,ARM-02,training,15934,scheduled lubrication cycle,Line 4
2026-05-09,morning,T1192,Fatima Al-Rashidi,ARM-02,no,50046,bearing inspection,Training Room
2026-05-09,afternoon,T4217,Tobias Richt,ARM-04,yes,60417,annual inspection,Line 2
2026-05-09,night,T6043,Ethan Kowalski,MULTI,no,11357,repair ticket #6953,Line 4
2026-05-10,morning,T5077,Priya Sharma,ARM-04,no,93393,safety audit,Line 1
2026-05-10,afternoon,T3264,Priya Sharma,ARM-04,sick_leave,14736,safety audit,Maintenance Bay
2026-05-10,night,T2953,Carlos Mendez,ARM-05,yes,67186,shift handover,Line 2
2026-05-11,morning,T8063,Tobias Richt,MULTI,sick_leave,43132,training session,Line 1
2026-05-11,afternoon,T3944,Nina Patel,MULTI,yes,49261,conveyor belt check,Training Room
2026-05-11,night,T1677,Chen Wei,MULTI,yes,17602,conveyor belt check,Training Room
2026-05-12,morning,T7431,Hana Nakamura,ARM-02,no,96157,bearing inspection,Line 2
2026-05-12,afternoon,T1817,Yuki Tanaka,ARM-04,yes,66527,annual inspection,Line 2
2026-05-12,night,T9972,Hana Nakamura,ARM-01,yes,15558,bearing inspection,Line 4
2026-05-13,morning,T1179,Aisha Diallo,ARM-01,yes,76908,annual inspection,Training Room
2026-05-13,afternoon,T8763,Fatima Al-Rashidi,ARM-03,yes,32374,training session,Line 4
2026-05-13,night,T2736,Samuel Osei,ARM-04,yes,46230,conveyor belt check,Training Room
2026-05-14,morning,T8982,Dmitri Volkov,ARM-02,yes,28335,scheduled lubrication cycle,Line 2
2026-05-14,afternoon,T8411,Nina Patel,ARM-03,yes,18637,safety audit,Line 2
2026-05-14,night,T6798,Carlos Mendez,ARM-01,yes,87412,preventive maintenance,Line 1
2026-05-15,morning,T1294,Ethan Kowalski,ARM-04,yes,63502,repair ticket #7909,Line 1
2026-05-15,afternoon,T9019,Aisha Diallo,ARM-02,yes,96185,repair ticket #6970,Line 2
2026-05-15,night,T6586,Nina Patel,ARM-03,yes,17464,training session,Line 1
2026-05-16,morning,T6253,Priya Sharma,ARM-01,yes,26975,preventive maintenance,Line 2
2026-05-16,afternoon,T2544,Oluwaseun Adebayo,ARM-03,training,28107,conveyor belt check,Line 4
2026-05-16,night,T7199,Hana Nakamura,ARM-02,yes,41574,training session,Line 3
2026-05-17,morning,T4381,Samuel Osei,ARM-05,training,15167,repair ticket #6072,Line 4
2026-05-17,afternoon,T7746,Aisha Diallo,ARM-03,no,71273,repair ticket #3785,Line 3
2026-05-17,night,T4762,Tobias Richt,MULTI,yes,37732,shift handover,Maintenance Bay
2026-05-18,morning,T4263,Oluwaseun Adebayo,ARM-02,yes,38750,sensor calibration,Line 3
2026-05-18,afternoon,T6345,Oluwaseun Adebayo,ARM-05,yes,29556,shift handover,Training Room
2026-05-18,night,T4897,Oluwaseun Adebayo,MULTI,no,51347,training session,Line 1
2026-05-19,morning,T9958,Samuel Osei,ARM-02,sick_leave,60039,scheduled lubrication cycle,Maintenance Bay
2026-05-19,afternoon,T5050,Hana Nakamura,ARM-01,sick_leave,57636,preventive maintenance,Line 3
2026-05-19,night,T1348,Oluwaseun Adebayo,ARM-04,yes,28312,annual inspection,Maintenance Bay
2026-05-20,morning,T1309,Aisha Diallo,ARM-03,training,99286,shift handover,Line 4
2026-05-20,afternoon,T6657,Maria Santos,MULTI,yes,99142,scheduled lubrication cycle,Maintenance Bay
2026-05-20,night,T8763,Fatima Al-Rashidi,MULTI,sick_leave,42556,training session,Line 1
2026-05-21,morning,T6931,Samuel Osei,ARM-04,yes,16317,shift handover,Line 4
2026-05-21,afternoon,T3720,Chen Wei,MULTI,sick_leave,35728,safety audit,Line 3
2026-05-21,night,T2042,Chen Wei,ARM-04,no,88660,repair ticket #6073,Line 1
2026-05-22,morning,T8121,Samuel Osei,ARM-01,sick_leave,29133,sensor calibration,Maintenance Bay
2026-05-22,afternoon,T5729,Yuki Tanaka,ARM-05,no,82412,safety audit,Line 4
2026-05-22,night,T6052,Dmitri Volkov,MULTI,yes,63639,annual inspection,Line 1
2026-05-23,morning,T9742,Nina Patel,ARM-01,yes,59780,scheduled lubrication cycle,Maintenance Bay
2026-05-23,afternoon,T4169,Priya Sharma,MULTI,yes,12667,repair ticket #1464,Line 4
2026-05-23,night,T8886,Tobias Richt,ARM-01,sick_leave,90879,safety audit,Line 3
2026-05-24,morning,T6452,Tobias Richt,ARM-05,training,24999,preventive maintenance,Line 1
2026-05-24,afternoon,T9025,Priya Sharma,ARM-02,no,14608,repair ticket #3854,Line 1
2026-05-24,night,T4602,Aisha Diallo,ARM-02,yes,48511,sensor calibration,Line 4
2026-05-25,morning,T5940,Yuki Tanaka,ARM-03,yes,10193,bearing inspection,Line 3
2026-05-25,afternoon,T3540,Tobias Richt,ARM-02,sick_leave,13244,preventive maintenance,Maintenance Bay
2026-05-25,night,T3489,Fatima Al-Rashidi,ARM-02,no,69025,preventive maintenance,Line 1
2026-05-26,morning,T1507,Priya Sharma,ARM-02,yes,32284,preventive maintenance,Line 3
2026-05-26,afternoon,T3275,Yuki Tanaka,MULTI,no,96956,safety audit,Maintenance Bay
2026-05-26,night,T5071,Oluwaseun Adebayo,ARM-05,no,27215,bearing inspection,Training Room
2026-05-27,morning,T8085,Hana Nakamura,ARM-05,no,66749,scheduled lubrication cycle,Line 1
2026-05-27,afternoon,T7595,Dmitri Volkov,ARM-02,training,68533,bearing inspection,Line 3
2026-05-27,night,T9049,Nina Patel,MULTI,yes,66531,conveyor belt check,Line 2
2026-05-28,morning,T8020,Dmitri Volkov,MULTI,sick_leave,72056,safety audit,Line 4
2026-05-28,afternoon,T3601,Maria Santos,ARM-04,yes,63086,training session,Line 3
2026-05-28,night,T8635,Fatima Al-Rashidi,ARM-04,yes,83090,repair ticket #8035,Training Room
2026-05-29,morning,T4440,Samuel Osei,ARM-02,no,12240,bearing inspection,Line 3
2026-05-29,afternoon,T1324,Maria Santos,MULTI,no,84252,annual inspection,Training Room
2026-05-29,night,T1818,Fatima Al-Rashidi,ARM-03,no,61795,conveyor belt check,Line 3
2026-05-30,morning,T9317,Tobias Richt,ARM-01,training,68028,annual inspection,Maintenance Bay
2026-05-30,afternoon,T8627,Carlos Mendez,MULTI,no,48992,preventive maintenance,Line 4
2026-05-30,night,T9427,Dmitri Volkov,ARM-02,training,20609,safety audit,Line 3
2026-05-31,morning,T6514,Maria Santos,ARM-01,yes,29414,conveyor belt check,Line 4
2026-05-31,afternoon,T9591,Tobias Richt,ARM-03,training,92806,annual inspection,Line 4
2026-05-31,night,T6765,Tobias Richt,ARM-01,sick_leave,59828,sensor calibration,Training Room
2026-05-01,morning,T5524,Nina Patel,ARM-03,no,92708,bearing inspection,Line 4
2026-05-01,afternoon,T7549,Fatima Al-Rashidi,MULTI,yes,92904,sensor calibration,Line 3
2026-05-01,night,T3111,Maria Santos,ARM-03,training,90485,preventive maintenance,Maintenance Bay
2026-05-02,morning,T7083,Hana Nakamura,ARM-03,yes,55950,preventive maintenance,Line 2
2026-05-02,afternoon,T1736,Yuki Tanaka,ARM-02,no,81646,sensor calibration,Line 2
2026-05-02,night,T1624,Chen Wei,MULTI,no,71234,annual inspection,Training Room
2026-05-03,morning,T6916,Aisha Diallo,ARM-05,yes,57076,preventive maintenance,Line 4
2026-05-03,afternoon,T7616,Tobias Richt,ARM-03,yes,65610,scheduled lubrication cycle,Line 3
2026-05-03,night,T7347,Samuel Osei,ARM-03,no,32871,preventive maintenance,Training Room
2026-05-04,morning,T7340,Hana Nakamura,ARM-03,sick_leave,35519,annual inspection,Line 2
2026-05-04,afternoon,T4843,Nina Patel,ARM-02,yes,84483,training session,Maintenance Bay
2026-05-04,night,T9288,Fatima Al-Rashidi,ARM-03,yes,72031,bearing inspection,Line 4
2026-05-05,morning,T2951,Hana Nakamura,ARM-01,training,79353,conveyor belt check,Line 1
2026-05-05,afternoon,T8571,Oluwaseun Adebayo,ARM-02,training,18628,sensor calibration,Line 1
2026-05-05,night,T4962,Chen Wei,ARM-04,training,74065,training session,Training Room
2026-05-06,morning,T6795,Hana Nakamura,MULTI,yes,93410,shift handover,Maintenance Bay
2026-05-06,afternoon,T7904,Oluwaseun Adebayo,ARM-02,yes,54432,conveyor belt check,Line 2
2026-05-06,night,T4173,Nina Patel,ARM-03,yes,41651,annual inspection,Line 1
2026-05-07,morning,T4717,Yuki Tanaka,ARM-01,yes,28891,training session,Line 4
2026-05-07,afternoon,T1431,Nina Patel,ARM-05,no,64988,safety audit,Line 1
2026-05-07,night,T8097,Chen Wei,MULTI,training,78569,sensor calibration,Training Room
2026-05-08,morning,T8444,Chen Wei,ARM-05,training,14424,shift handover,Line 1
2026-05-08,afternoon,T5730,Ethan Kowalski,ARM-04,yes,53813,sensor calibration,Line 4
2026-05-08,night,T5090,Oluwaseun Adebayo,ARM-05,yes,79004,annual inspection,Training Room
2026-05-09,morning,T9319,Hana Nakamura,ARM-05,training,36212,annual inspection,Line 4
2026-05-09,afternoon,T3726,Maria Santos,MULTI,yes,61134,bearing inspection,Training Room
2026-05-09,night,T6248,Lucas Ferreira,MULTI,sick_leave,62621,safety audit,Line 1
2026-05-10,morning,T9330,Lucas Ferreira,MULTI,no,28323,scheduled lubrication cycle,Line 2
2026-05-10,afternoon,T7180,Maria Santos,ARM-05,yes,25267,preventive maintenance,Maintenance Bay
2026-05-10,night,T9941,Yuki Tanaka,MULTI,sick_leave,95657,training session,Line 1
2026-05-11,morning,T1693,Lucas Ferreira,ARM-03,yes,28959,scheduled lubrication cycle,Line 4
2026-05-11,afternoon,T6429,Fatima Al-Rashidi,ARM-03,training,18926,shift handover,Training Room
2026-05-11,night,T5551,Dmitri Volkov,ARM-02,no,19101,bearing inspection,Maintenance Bay
2026-05-12,morning,T9863,Hana Nakamura,ARM-05,yes,67838,repair ticket #6876,Line 1
2026-05-12,afternoon,T6962,Fatima Al-Rashidi,ARM-01,training,95041,conveyor belt check,Line 2
2026-05-12,night,T3900,Maria Santos,ARM-02,sick_leave,67632,repair ticket #8615,Line 2
2026-05-13,morning,T3116,Hana Nakamura,ARM-02,yes,69907,scheduled lubrication cycle,Line 3
2026-05-13,afternoon,T2439,Oluwaseun Adebayo,ARM-05,no,95085,safety audit,Line 3
2026-05-13,night,T6656,Nina Patel,ARM-04,sick_leave,66666,sensor calibration,Line 1
2026-05-14,morning,T3459,Yuki Tanaka,MULTI,training,72877,sensor calibration,Line 4
2026-05-14,afternoon,T7740,Dmitri Volkov,MULTI,yes,11859,conveyor belt check,Line 2
2026-05-14,night,T5008,Tobias Richt,ARM-05,sick_leave,50194,sensor calibration,Training Room
2026-05-15,morning,T4495,Yuki Tanaka,MULTI,yes,39513,repair ticket #9899,Line 3
2026-05-15,afternoon,T7245,Aisha Diallo,ARM-04,yes,70491,safety audit,Line 4
2026-05-15,night,T6325,Oluwaseun Adebayo,MULTI,sick_leave,52578,repair ticket #8185,Line 2
2026-05-16,morning,T3599,Priya Sharma,MULTI,no,73291,sensor calibration,Line 2
2026-05-16,afternoon,T8437,Fatima Al-Rashidi,ARM-02,no,72611,repair ticket #9363,Line 2
2026-05-16,night,T6794,Tobias Richt,MULTI,yes,68018,training session,Maintenance Bay
2026-05-17,morning,T1328,Hana Nakamura,ARM-05,yes,16085,bearing inspection,Line 4
2026-05-17,afternoon,T4151,Lucas Ferreira,ARM-01,sick_leave,34745,training session,Maintenance Bay
2026-05-17,night,T5459,Tobias Richt,ARM-04,sick_leave,90474,shift handover,Maintenance Bay
2026-05-18,morning,T9911,Lucas Ferreira,MULTI,yes,28247,safety audit,Training Room
2026-05-18,afternoon,T8063,Fatima Al-Rashidi,ARM-04,yes,35878,repair ticket #4389,Line 3
2026-05-18,night,T1086,Maria Santos,ARM-05,yes,55358,repair ticket #5698,Training Room
2026-05-19,morning,T5473,Oluwaseun Adebayo,ARM-02,no,46771,shift handover,Line 2
2026-05-19,afternoon,T7465,Priya Sharma,ARM-01,training,14900,shift handover,Line 4
2026-05-19,night,T8686,Priya Sharma,ARM-02,sick_leave,99332,preventive maintenance,Line 3
2026-05-20,morning,T5189,Maria Santos,ARM-03,yes,74329,conveyor belt check,Line 1
2026-05-20,afternoon,T3918,Chen Wei,ARM-03,yes,91913,preventive maintenance,Maintenance Bay
2026-05-20,night,T5067,Samuel Osei,MULTI,sick_leave,37678,scheduled lubrication cycle,Line 1
2026-05-21,morning,T1395,Nina Patel,ARM-02,yes,73902,repair ticket #4139,Line 4
2026-05-21,afternoon,T5289,Maria Santos,ARM-04,yes,19143,annual inspection,Training Room
2026-05-21,night,T6856,Hana Nakamura,ARM-01,yes,22136,safety audit,Line 3
2026-05-22,morning,T7762,Dmitri Volkov,ARM-05,training,54920,bearing inspection,Line 1
2026-05-22,afternoon,T2243,Oluwaseun Adebayo,ARM-05,yes,75618,repair ticket #3425,Line 2
2026-05-22,night,T9293,Dmitri Volkov,ARM-03,yes,47576,repair ticket #2808,Line 2
2026-05-23,morning,T3247,Hana Nakamura,ARM-01,training,84133,scheduled lubrication cycle,Line 4
2026-05-23,afternoon,T2202,Ethan Kowalski,ARM-02,no,88539,shift handover,Line 2
2026-05-23,night,T1284,Dmitri Volkov,ARM-05,no,78078,annual inspection,Line 3
2026-05-24,morning,T2459,Dmitri Volkov,ARM-01,yes,26122,bearing inspection,Maintenance Bay
2026-05-24,afternoon,T1589,Ethan Kowalski,ARM-02,sick_leave,51395,annual inspection,Line 4
2026-05-24,night,T9937,Priya Sharma,ARM-04,sick_leave,89479,conveyor belt check,Line 4
2026-05-25,morning,T9119,Oluwaseun Adebayo,ARM-02,yes,99152,annual inspection,Line 4
2026-05-25,afternoon,T3322,Yuki Tanaka,MULTI,yes,96135,training session,Line 2
2026-05-25,night,T8226,Fatima Al-Rashidi,ARM-04,sick_leave,31674,preventive maintenance,Training Room
2026-05-26,morning,T4025,Yuki Tanaka,ARM-01,yes,46478,annual inspection,Line 4
2026-05-26,afternoon,T5426,Samuel Osei,ARM-02,sick_leave,99758,shift handover,Line 3
2026-05-26,night,T4696,Aisha Diallo,ARM-02,sick_leave,15579,repair ticket #9102,Line 3
2026-05-27,morning,T1127,Priya Sharma,MULTI,no,58949,training session,Line 1
2026-05-27,afternoon,T7567,Tobias Richt,MULTI,sick_leave,49483,sensor calibration,Line 3
2026-05-27,night,T5536,Nina Patel,ARM-03,sick_leave,73771,shift handover,Line 2
2026-05-28,morning,T3735,Dmitri Volkov,ARM-04,yes,18139,bearing inspection,Maintenance Bay
2026-05-28,afternoon,T5819,Chen Wei,ARM-01,yes,24787,bearing inspection,Line 1
2026-05-28,night,T4101,Tobias Richt,ARM-03,training,55210,training session,Line 2
2026-05-29,morning,T1202,Dmitri Volkov,ARM-05,no,92351,shift handover,Line 3
2026-05-29,afternoon,T6134,Nina Patel,ARM-03,yes,49540,scheduled lubrication cycle,Line 1
2026-05-29,night,T4433,Chen Wei,ARM-02,yes,28539,preventive maintenance,Maintenance Bay
2026-05-30,morning,T1930,Yuki Tanaka,ARM-05,training,14684,shift handover,Line 1
2026-05-30,afternoon,T6547,Maria Santos,ARM-01,yes,16131,preventive maintenance,Line 3
2026-05-30,night,T9673,Fatima Al-Rashidi,ARM-01,yes,63673,annual inspection,Line 3
2026-05-31,morning,T7764,Tobias Richt,ARM-02,training,32147,safety audit,Line 1
2026-05-31,afternoon,T6689,Yuki Tanaka,ARM-02,training,51533,sensor calibration,Line 1
2026-05-31,night,T8314,Aisha Diallo,MULTI,no,19865,conveyor belt check,Line 3
2026-05-01,morning,T4100,Oluwaseun Adebayo,ARM-03,no,60367,training session,Maintenance Bay
2026-05-01,afternoon,T4375,Tobias Richt,ARM-03,yes,18889,bearing inspection,Line 4
2026-05-01,night,T8603,Priya Sharma,ARM-03,sick_leave,22415,scheduled lubrication cycle,Line 4
2026-05-02,morning,T4490,Nina Patel,ARM-03,yes,25186,scheduled lubrication cycle,Line 1
2026-05-02,afternoon,T3570,Samuel Osei,ARM-03,no,83987,shift handover,Line 1
2026-05-02,night,T4613,Dmitri Volkov,ARM-01,no,81722,preventive maintenance,Training Room
2026-05-03,morning,T5813,Hana Nakamura,ARM-01,yes,13013,repair ticket #7109,Training Room
2026-05-03,afternoon,T3834,Priya Sharma,MULTI,training,48510,annual inspection,Line 1
2026-05-03,night,T4576,Fatima Al-Rashidi,MULTI,yes,58341,scheduled lubrication cycle,Maintenance Bay
2026-05-04,morning,T6035,Tobias Richt,ARM-03,yes,36888,safety audit,Training Room
2026-05-04,afternoon,T8951,Nina Patel,ARM-04,sick_leave,76693,preventive maintenance,Training Room
2026-05-04,night,T5971,Carlos Mendez,ARM-05,sick_leave,83037,bearing inspection,Training Room
2026-05-05,morning,T4053,Lucas Ferreira,MULTI,yes,60173,repair ticket #3665,Maintenance Bay
2026-05-05,afternoon,T3373,Aisha Diallo,ARM-01,no,77818,bearing inspection,Maintenance Bay
2026-05-05,night,T5459,Fatima Al-Rashidi,ARM-05,no,95708,preventive maintenance,Maintenance Bay
2026-05-06,morning,T3819,Ethan Kowalski,ARM-04,sick_leave,54976,conveyor belt check,Line 1
2026-05-06,afternoon,T5441,Dmitri Volkov,ARM-04,yes,86392,bearing inspection,Line 2
2026-05-06,night,T9180,Lucas Ferreira,ARM-05,yes,41673,training session,Line 4
2026-05-07,morning,T5955,Priya Sharma,ARM-05,no,44323,preventive maintenance,Line 1
2026-05-07,afternoon,T8879,Samuel Osei,MULTI,yes,76962,scheduled lubrication cycle,Line 4
2026-05-07,night,T1865,Chen Wei,ARM-02,sick_leave,84899,shift handover,Line 3
2026-05-08,morning,T3982,Hana Nakamura,ARM-03,yes,63765,safety audit,Line 2
2026-05-08,afternoon,T7767,Dmitri Volkov,ARM-04,yes,90157,annual inspection,Line 3
2026-05-08,night,T2969,Dmitri Volkov,ARM-01,yes,29278,scheduled lubrication cycle,Training Room
2026-05-09,morning,T6810,Dmitri Volkov,ARM-02,no,32545,repair ticket #1392,Line 3
2026-05-09,afternoon,T4684,Dmitri Volkov,ARM-01,no,21454,scheduled lubrication cycle,Line 3
2026-05-09,night,T7301,Oluwaseun Adebayo,MULTI,sick_leave,72936,safety audit,Line 4
2026-05-10,morning,T8928,Yuki Tanaka,ARM-05,yes,29599,annual inspection,Line 2
2026-05-10,afternoon,T5149,Priya Sharma,ARM-05,sick_leave,48846,safety audit,Line 4
2026-05-10,night,T5190,Hana Nakamura,ARM-03,no,19414,scheduled lubrication cycle,Line 4
2026-05-11,morning,T4025,Tobias Richt,ARM-01,no,90096,training session,Maintenance Bay
2026-05-11,afternoon,T9381,Oluwaseun Adebayo,ARM-01,training,81101,repair ticket #3965,Line 1
2026-05-11,night,T1466,Hana Nakamura,ARM-02,training,76999,sensor calibration,Line 2
2026-05-12,morning,T6219,Yuki Tanaka,ARM-03,sick_leave,34545,preventive maintenance,Maintenance Bay
2026-05-12,afternoon,T4286,Carlos Mendez,ARM-04,sick_leave,16591,repair ticket #8619,Line 2
2026-05-12,night,T3223,Aisha Diallo,ARM-04,training,68788,conveyor belt check,Line 4
2026-05-13,morning,T2158,Nina Patel,ARM-02,yes,80731,repair ticket #6416,Training Room
2026-05-13,afternoon,T7145,Aisha Diallo,ARM-01,training,41058,annual inspection,Line 2
2026-05-13,night,T5252,Chen Wei,ARM-01,yes,69422,safety audit,Line 1
2026-05-14,morning,T6817,Fatima Al-Rashidi,ARM-01,sick_leave,94772,conveyor belt check,Line 2
2026-05-14,afternoon,T7829,Nina Patel,ARM-03,sick_leave,49850,scheduled lubrication cycle,Maintenance Bay
2026-05-14,night,T8500,Samuel Osei,MULTI,yes,52358,repair ticket #4219,Line 2
2026-05-15,morning,T5234,Chen Wei,ARM-05,training,23420,repair ticket #1017,Maintenance Bay
2026-05-15,afternoon,T4790,Maria Santos,ARM-01,yes,84475,training session,Line 4
2026-05-15,night,T6292,Chen Wei,ARM-01,yes,92494,training session,Maintenance Bay
2026-05-16,morning,T1261,Chen Wei,ARM-04,sick_leave,87227,bearing inspection,Line 3
2026-05-16,afternoon,T9854,Aisha Diallo,ARM-02,yes,95696,bearing inspection,Maintenance Bay
2026-05-16,night,T9779,Ethan Kowalski,ARM-05,no,17754,repair ticket #2305,Maintenance Bay
2026-05-17,morning,T5955,Nina Patel,ARM-05,no,21804,bearing inspection,Line 4
2026-05-17,afternoon,T1501,Lucas Ferreira,MULTI,training,31133,shift handover,Line 1
2026-05-17,night,T8086,Lucas Ferreira,ARM-04,yes,13912,conveyor belt check,Line 3
2026-05-18,morning,T6719,Carlos Mendez,MULTI,sick_leave,39363,safety audit,Training Room
2026-05-18,afternoon,T9021,Carlos Mendez,ARM-05,yes,87365,conveyor belt check,Training Room
2026-05-18,night,T5241,Maria Santos,ARM-03,yes,20314,bearing inspection,Line 4
2026-05-19,morning,T1009,Carlos Mendez,MULTI,yes,83528,conveyor belt check,Line 4
2026-05-19,afternoon,T3188,Nina Patel,ARM-05,yes,69667,shift handover,Training Room
2026-05-19,night,T5140,Tobias Richt,MULTI,sick_leave,95608,annual inspection,Line 3
2026-05-20,morning,T8598,Maria Santos,ARM-03,yes,39916,annual inspection,Line 1
2026-05-20,afternoon,T4103,Aisha Diallo,ARM-04,yes,72310,annual inspection,Line 4
2026-05-20,night,T1263,Samuel Osei,ARM-01,training,62507,training session,Line 3
2026-05-21,morning,T8266,Nina Patel,ARM-03,yes,32030,safety audit,Maintenance Bay
2026-05-21,afternoon,T9711,Samuel Osei,ARM-01,yes,84741,training session,Line 1
2026-05-21,night,T4357,Priya Sharma,ARM-02,no,68814,repair ticket #9032,Line 4
2026-05-22,morning,T5265,Maria Santos,ARM-03,training,30007,sensor calibration,Line 4
2026-05-22,afternoon,T7438,Aisha Diallo,ARM-04,yes,50376,safety audit,Training Room
2026-05-22,night,T7952,Oluwaseun Adebayo,ARM-04,sick_leave,21912,bearing inspection,Line 4
2026-05-23,morning,T4969,Fatima Al-Rashidi,ARM-02,yes,37081,preventive maintenance,Maintenance Bay
2026-05-23,afternoon,T1321,Hana Nakamura,ARM-01,training,48223,safety audit,Line 1
2026-05-23,night,T3145,Carlos Mendez,ARM-03,yes,55197,safety audit,Maintenance Bay
2026-05-24,morning,T1478,Nina Patel,ARM-04,training,14125,bearing inspection,Line 1
2026-05-24,afternoon,T1400,Tobias Richt,ARM-02,no,90940,scheduled lubrication cycle,Line 4
2026-05-24,night,T9954,Oluwaseun Adebayo,ARM-02,yes,46940,preventive maintenance,Training Room
2026-05-25,morning,T2340,Dmitri Volkov,ARM-04,yes,70227,safety audit,Training Room
2026-05-25,afternoon,T8716,Ethan Kowalski,ARM-01,yes,96993,annual inspection,Line 1
2026-05-25,night,T7059,Maria Santos,MULTI,yes,91645,bearing inspection,Training Room
2026-05-26,morning,T5128,Yuki Tanaka,ARM-01,yes,96241,annual inspection,Line 4
2026-05-26,afternoon,T9832,Aisha Diallo,ARM-01,training,26401,bearing inspection,Training Room
2026-05-26,night,T1165,Maria Santos,ARM-03,no,93884,shift handover,Maintenance Bay
2026-05-27,morning,T1406,Ethan Kowalski,ARM-03,training,51764,safety audit,Line 1
2026-05-27,afternoon,T3395,Samuel Osei,ARM-05,training,17736,training session,Line 1
2026-05-27,night,T9905,Dmitri Volkov,ARM-01,yes,21596,bearing inspection,Line 2
2026-05-28,morning,T2282,Tobias Richt,ARM-03,training,42201,bearing inspection,Line 3
2026-05-28,afternoon,T6136,Nina Patel,ARM-05,yes,39627,safety audit,Line 2
2026-05-28,night,T3196,Nina Patel,MULTI,sick_leave,33233,preventive maintenance,Maintenance Bay
2026-05-29,morning,T1946,Lucas Ferreira,ARM-02,no,87971,annual inspection,Line 3
2026-05-29,afternoon,T2590,Hana Nakamura,ARM-03,yes,11418,preventive maintenance,Line 4
2026-05-29,night,T4512,Priya Sharma,ARM-05,no,35759,bearing inspection,Maintenance Bay
2026-05-30,morning,T3498,Ethan Kowalski,MULTI,no,38052,conveyor belt check,Line 4
2026-05-30,afternoon,T8810,Dmitri Volkov,ARM-02,training,74517,bearing inspection,Line 4
2026-05-30,night,T6705,Fatima Al-Rashidi,ARM-04,sick_leave,80351,annual inspection,Maintenance Bay
2026-05-31,morning,T6737,Hana Nakamura,ARM-02,yes,64428,safety audit,Line 3
2026-05-31,afternoon,T7320,Tobias Richt,MULTI,yes,78239,safety audit,Line 1
2026-05-31,night,T4992,Nina Patel,MULTI,sick_leave,91235,bearing inspection,Line 2
2026-05-01,morning,T5249,Tobias Richt,MULTI,sick_leave,56856,bearing inspection,Line 1
2026-05-01,afternoon,T5618,Hana Nakamura,ARM-05,training,12412,conveyor belt check,Line 3
2026-05-01,night,T9688,Maria Santos,MULTI,training,87662,bearing inspection,Line 4
2026-05-02,morning,T9047,Dmitri Volkov,ARM-02,no,70996,shift handover,Line 1
2026-05-02,afternoon,T2144,Carlos Mendez,ARM-04,yes,82800,repair ticket #3257,Line 3
2026-05-02,night,T2913,Hana Nakamura,ARM-03,yes,46608,shift handover,Training Room
2026-05-03,morning,T1324,Hana Nakamura,ARM-03,no,54184,safety audit,Line 3
2026-05-03,afternoon,T8773,Tobias Richt,ARM-02,no,48836,shift handover,Training Room
2026-05-03,night,T7609,Samuel Osei,ARM-05,yes,81479,sensor calibration,Maintenance Bay
2026-05-04,morning,T2431,Tobias Richt,ARM-01,yes,61414,annual inspection,Line 2
2026-05-04,afternoon,T9371,Yuki Tanaka,ARM-01,yes,60314,bearing inspection,Training Room
2026-05-04,night,T8901,Fatima Al-Rashidi,ARM-03,training,53393,conveyor belt check,Line 3
2026-05-05,morning,T5833,Fatima Al-Rashidi,ARM-05,yes,67958,training session,Line 1
2026-05-05,afternoon,T6592,Priya Sharma,ARM-04,yes,21674,scheduled lubrication cycle,Line 3
2026-05-05,night,T2619,Aisha Diallo,ARM-02,yes,40152,repair ticket #6594,Line 3
2026-05-06,morning,T6552,Oluwaseun Adebayo,ARM-02,yes,25783,conveyor belt check,Maintenance Bay
2026-05-06,afternoon,T5748,Priya Sharma,ARM-02,training,23859,bearing inspection,Line 1
2026-05-06,night,T3973,Priya Sharma,ARM-01,sick_leave,82942,repair ticket #6995,Training Room
2026-05-07,morning,T4862,Fatima Al-Rashidi,ARM-02,yes,54468,preventive maintenance,Line 2
2026-05-07,afternoon,T6412,Maria Santos,ARM-03,yes,41386,repair ticket #1980,Line 4
2026-05-07,night,T1082,Priya Sharma,ARM-05,yes,38367,conveyor belt check,Line 4
2026-05-08,morning,T4494,Maria Santos,MULTI,yes,83474,conveyor belt check,Line 2
2026-05-08,afternoon,T7667,Carlos Mendez,ARM-05,yes,18178,sensor calibration,Line 4
2026-05-08,night,T8924,Hana Nakamura,ARM-01,yes,87908,preventive maintenance,Line 1
2026-05-09,morning,T4911,Nina Patel,ARM-02,yes,34953,bearing inspection,Training Room
2026-05-09,afternoon,T4720,Maria Santos,ARM-02,training,54013,bearing inspection,Line 4
2026-05-09,night,T1864,Chen Wei,ARM-01,sick_leave,98675,scheduled lubrication cycle,Line 3
2026-05-10,morning,T1306,Tobias Richt,ARM-01,training,64201,training session,Line 4
2026-05-10,afternoon,T5181,Tobias Richt,ARM-01,no,85081,training session,Line 1
2026-05-10,night,T7846,Samuel Osei,ARM-03,training,21231,shift handover,Line 2
2026-05-11,morning,T8328,Chen Wei,ARM-05,yes,68303,shift handover,Line 2
2026-05-11,afternoon,T4925,Priya Sharma,ARM-05,sick_leave,56539,sensor calibration,Training Room
2026-05-11,night,T3784,Oluwaseun Adebayo,ARM-02,yes,99744,safety audit,Line 1
2026-05-12,morning,T4372,Tobias Richt,ARM-03,yes,27177,scheduled lubrication cycle,Line 3
2026-05-12,afternoon,T8128,Oluwaseun Adebayo,ARM-03,yes,35497,annual inspection,Line 1
2026-05-12,night,T3271,Nina Patel,ARM-05,training,63641,safety audit,Maintenance Bay
2026-05-13,morning,T3025,Tobias Richt,MULTI,sick_leave,14400,shift handover,Line 3
2026-05-13,afternoon,T2709,Oluwaseun Adebayo,ARM-05,yes,84938,training session,Line 3
2026-05-13,night,T8751,Oluwaseun Adebayo,ARM-03,sick_leave,81981,shift handover,Line 2
2026-05-14,morning,T8919,Maria Santos,ARM-02,no,18694,bearing inspection,Maintenance Bay
2026-05-14,afternoon,T9703,Ethan Kowalski,ARM-03,yes,60446,repair ticket #6853,Line 1
2026-05-14,night,T3708,Lucas Ferreira,ARM-01,yes,42043,training session,Line 2
2026-05-15,morning,T1936,Ethan Kowalski,ARM-05,yes,29267,bearing inspection,Training Room
2026-05-15,afternoon,T3415,Lucas Ferreira,ARM-02,sick_leave,58180,safety audit,Line 2
2026-05-15,night,T7025,Nina Patel,ARM-02,training,45164,shift handover,Line 4
2026-05-16,morning,T4690,Fatima Al-Rashidi,ARM-03,yes,32901,training session,Training Room
2026-05-16,afternoon,T4770,Oluwaseun Adebayo,ARM-04,yes,55409,preventive maintenance,Line 4
2026-05-16,night,T4831,Dmitri Volkov,ARM-04,yes,80357,repair ticket #1389,Training Room
2026-05-17,morning,T7498,Priya Sharma,ARM-01,yes,60859,annual inspection,Training Room
2026-05-17,afternoon,T5051,Lucas Ferreira,ARM-04,yes,20822,sensor calibration,Line 3
2026-05-17,night,T3331,Oluwaseun Adebayo,ARM-03,no,41676,safety audit,Training Room
2026-05-18,morning,T2922,Carlos Mendez,ARM-02,no,33956,conveyor belt check,Line 2
2026-05-18,afternoon,T7692,Lucas Ferreira,ARM-02,sick_leave,91612,shift handover,Line 4
2026-05-18,night,T6501,Nina Patel,ARM-05,no,93494,preventive maintenance,Training Room
2026-05-19,morning,T2248,Maria Santos,ARM-01,yes,46371,bearing inspection,Line 4
2026-05-19,afternoon,T1008,Priya Sharma,ARM-05,training,53770,training session,Line 3
2026-05-19,night,T4976,Tobias Richt,ARM-04,training,20130,repair ticket #9955,Maintenance Bay
2026-05-20,morning,T3613,Yuki Tanaka,MULTI,training,20695,scheduled lubrication cycle,Training Room
2026-05-20,afternoon,T8280,Priya Sharma,ARM-03,training,94705,shift handover,Line 4
2026-05-20,night,T6043,Nina Patel,ARM-02,yes,44648,training session,Training Room
2026-05-21,morning,T2428,Maria Santos,MULTI,no,84450,safety audit,Maintenance Bay
2026-05-21,afternoon,T6965,Tobias Richt,ARM-01,sick_leave,48292,shift handover,Line 3
2026-05-21,night,T5994,Maria Santos,ARM-05,yes,67233,bearing inspection,Line 3
2026-05-22,morning,T1724,Fatima Al-Rashidi,ARM-03,yes,97829,sensor calibration,Line 3
2026-05-22,afternoon,T2472,Fatima Al-Rashidi,ARM-05,sick_leave,27526,safety audit,Line 3
2026-05-22,night,T5979,Aisha Diallo,ARM-04,training,87511,preventive maintenance,Line 1
2026-05-23,morning,T5454,Priya Sharma,ARM-05,training,69942,repair ticket #4295,Line 4
2026-05-23,afternoon,T7012,Yuki Tanaka,ARM-05,yes,57662,preventive maintenance,Line 3
2026-05-23,night,T7168,Carlos Mendez,MULTI,sick_leave,35526,bearing inspection,Line 1
2026-05-24,morning,T4577,Samuel Osei,ARM-05,no,23358,sensor calibration,Line 4
2026-05-24,afternoon,T6206,Priya Sharma,ARM-01,no,26206,annual inspection,Maintenance Bay
2026-05-24,night,T1634,Fatima Al-Rashidi,ARM-01,yes,82470,training session,Line 1
2026-05-25,morning,T1825,Nina Patel,ARM-05,training,86472,training session,Line 4
2026-05-25,afternoon,T6167,Fatima Al-Rashidi,ARM-03,yes,81588,repair ticket #9994,Maintenance Bay
2026-05-25,night,T8212,Samuel Osei,ARM-02,yes,87094,shift handover,Line 4
2026-05-26,morning,T5218,Samuel Osei,ARM-04,sick_leave,49229,conveyor belt check,Maintenance Bay
2026-05-26,afternoon,T5683,Carlos Mendez,ARM-03,no,64204,repair ticket #1952,Line 3
2026-05-26,night,T3339,Oluwaseun Adebayo,MULTI,sick_leave,50790,shift handover,Training Room
2026-05-27,morning,T7410,Chen Wei,ARM-03,yes,50955,bearing inspection,Maintenance Bay
2026-05-27,afternoon,T1991,Tobias Richt,ARM-04,no,76364,bearing inspection,Training Room
2026-05-27,night,T5951,Samuel Osei,ARM-02,yes,18375,sensor calibration,Maintenance Bay
2026-05-28,morning,T4445,Carlos Mendez,ARM-04,no,17956,bearing inspection,Line 1
2026-05-28,afternoon,T1633,Hana Nakamura,ARM-05,no,78124,conveyor belt check,Training Room
2026-05-28,night,T3600,Tobias Richt,ARM-02,no,14974,scheduled lubrication cycle,Line 4
2026-05-29,morning,T7633,Priya Sharma,ARM-05,sick_leave,94706,conveyor belt check,Line 2
2026-05-29,afternoon,T2982,Ethan Kowalski,ARM-02,sick_leave,41775,annual inspection,Line 1
2026-05-29,night,T6028,Nina Patel,ARM-02,yes,74975,repair ticket #5881,Line 2
2026-05-30,morning,T2595,Aisha Diallo,ARM-02,yes,73231,conveyor belt check,Line 2
2026-05-30,afternoon,T9834,Fatima Al-Rashidi,ARM-05,no,60848,conveyor belt check,Maintenance Bay
2026-05-30,night,T8070,Tobias Richt,ARM-05,yes,92671,scheduled lubrication cycle,Line 3
2026-05-31,morning,T2797,Aisha Diallo,ARM-02,yes,76010,repair ticket #3198,Maintenance Bay
2026-05-31,afternoon,T7306,Oluwaseun Adebayo,ARM-04,yes,68990,sensor calibration,Training Room
2026-05-31,night,T7381,Fatima Al-Rashidi,ARM-05,sick_leave,85400,sensor calibration,Line 2
2026-05-01,morning,T1044,Aisha Diallo,ARM-04,training,87930,scheduled lubrication cycle,Training Room
2026-05-01,afternoon,T4405,Lucas Ferreira,ARM-01,yes,78898,training session,Line 1
2026-05-01,night,T3701,Nina Patel,ARM-01,yes,31846,annual inspection,Maintenance Bay
2026-05-02,morning,T8541,Lucas Ferreira,ARM-02,training,66328,scheduled lubrication cycle,Line 2
2026-05-02,afternoon,T8594,Tobias Richt,ARM-05,sick_leave,62470,training session,Line 4
2026-05-02,night,T3671,Yuki Tanaka,MULTI,sick_leave,15024,bearing inspection,Line 3
2026-05-03,morning,T5706,Maria Santos,ARM-05,yes,67322,sensor calibration,Line 3
2026-05-03,afternoon,T5294,Ethan Kowalski,ARM-01,yes,96869,training session,Training Room
2026-05-03,night,T2690,Tobias Richt,MULTI,no,15018,annual inspection,Line 3
2026-05-04,morning,T8734,Tobias Richt,ARM-01,yes,86708,preventive maintenance,Line 3
2026-05-04,afternoon,T8349,Lucas Ferreira,ARM-02,no,84403,safety audit,Line 2
2026-05-04,night,T1758,Oluwaseun Adebayo,ARM-04,yes,15005,scheduled lubrication cycle,Training Room
2026-05-05,morning,T8789,Maria Santos,MULTI,yes,13911,safety audit,Line 4
2026-05-05,afternoon,T6662,Dmitri Volkov,MULTI,sick_leave,24320,repair ticket #2391,Maintenance Bay
2026-05-05,night,T3749,Samuel Osei,ARM-05,sick_leave,25434,bearing inspection,Training Room
2026-05-06,morning,T4575,Dmitri Volkov,ARM-02,yes,41048,conveyor belt check,Training Room
2026-05-06,afternoon,T3169,Tobias Richt,ARM-03,yes,45018,preventive maintenance,Training Room
2026-05-06,night,T2695,Dmitri Volkov,ARM-01,sick_leave,82608,training session,Line 2
2026-05-07,morning,T9675,Dmitri Volkov,ARM-03,no,13623,preventive maintenance,Maintenance Bay
2026-05-07,afternoon,T7540,Dmitri Volkov,MULTI,yes,21166,scheduled lubrication cycle,Line 2
2026-05-07,night,T2583,Aisha Diallo,ARM-02,yes,27472,conveyor belt check,Line 4
2026-05-08,morning,T9583,Nina Patel,ARM-03,yes,98103,scheduled lubrication cycle,Maintenance Bay
2026-05-08,afternoon,T5095,Lucas Ferreira,ARM-03,no,83186,training session,Line 2
2026-05-08,night,T7385,Aisha Diallo,MULTI,training,80281,sensor calibration,Line 3
2026-05-09,morning,T7614,Carlos Mendez,ARM-02,yes,23714,training session,Training Room
2026-05-09,afternoon,T9131,Hana Nakamura,ARM-04,yes,16733,scheduled lubrication cycle,Line 1
2026-05-09,night,T7624,Priya Sharma,ARM-04,yes,51933,annual inspection,Line 4
2026-05-10,morning,T7644,Maria Santos,MULTI,yes,47922,sensor calibration,Maintenance Bay
2026-05-10,afternoon,T2677,Lucas Ferreira,ARM-02,yes,55543,training session,Maintenance Bay
2026-05-10,night,T6287,Carlos Mendez,ARM-01,yes,99802,training session,Line 1
2026-05-11,morning,T6831,Aisha Diallo,ARM-05,yes,60580,conveyor belt check,Line 3
2026-05-11,afternoon,T5578,Ethan Kowalski,ARM-05,yes,12431,bearing inspection,Training Room
2026-05-11,night,T9184,Lucas Ferreira,ARM-01,sick_leave,95815,scheduled lubrication cycle,Line 1
2026-05-12,morning,T1984,Oluwaseun Adebayo,ARM-03,yes,32659,repair ticket #3089,Maintenance Bay
2026-05-12,afternoon,T4691,Ethan Kowalski,ARM-03,training,44018,preventive maintenance,Line 4
2026-05-12,night,T7865,Aisha Diallo,MULTI,sick_leave,29439,repair ticket #1675,Training Room
2026-05-13,morning,T9098,Ethan Kowalski,MULTI,yes,16986,sensor calibration,Line 4
2026-05-13,afternoon,T9354,Yuki Tanaka,ARM-03,yes,54297,conveyor belt check,Maintenance Bay
2026-05-13,night,T1142,Dmitri Volkov,ARM-03,training,40493,safety audit,Line 4
2026-05-14,morning,T4397,Lucas Ferreira,ARM-03,no,41568,sensor calibration,Training Room
2026-05-14,afternoon,T5987,Ethan Kowalski,ARM-01,no,78092,bearing inspection,Line 1
2026-05-14,night,T6897,Ethan Kowalski,ARM-05,yes,18542,conveyor belt check,Line 3
2026-05-15,morning,T7975,Nina Patel,ARM-04,yes,71102,bearing inspection,Line 3
2026-05-15,afternoon,T5628,Yuki Tanaka,ARM-04,yes,15332,conveyor belt check,Line 4
2026-05-15,night,T9007,Priya Sharma,ARM-05,yes,80621,conveyor belt check,Line 2
2026-05-16,morning,T5251,Oluwaseun Adebayo,MULTI,sick_leave,19203,safety audit,Line 2
2026-05-16,afternoon,T9959,Ethan Kowalski,MULTI,no,96366,repair ticket #8149,Line 2
2026-05-16,night,T8491,Hana Nakamura,ARM-05,yes,12779,conveyor belt check,Line 4
2026-05-17,morning,T3753,Priya Sharma,ARM-03,yes,58639,annual inspection,Training Room
2026-05-17,afternoon,T1500,Tobias Richt,ARM-05,yes,82020,annual inspection,Line 1
2026-05-17,night,T8309,Lucas Ferreira,ARM-01,yes,53448,preventive maintenance,Line 1
2026-05-18,morning,T6674,Priya Sharma,ARM-01,yes,10487,training session,Line 1
2026-05-18,afternoon,T9017,Ethan Kowalski,ARM-02,no,48311,safety audit,Line 3
2026-05-18,night,T6471,Aisha Diallo,ARM-03,yes,62327,training session,Line 1
2026-05-19,morning,T5969,Lucas Ferreira,ARM-05,sick_leave,65890,safety audit,Training Room
2026-05-19,afternoon,T1789,Fatima Al-Rashidi,ARM-04,yes,79391,conveyor belt check,Maintenance Bay
2026-05-19,night,T5570,Lucas Ferreira,MULTI,no,14816,bearing inspection,Training Room
2026-05-20,morning,T4624,Aisha Diallo,MULTI,yes,38825,training session,Line 3
2026-05-20,afternoon,T8688,Hana Nakamura,ARM-05,yes,21714,conveyor belt check,Line 3
2026-05-20,night,T9881,Ethan Kowalski,ARM-02,yes,48712,scheduled lubrication cycle,Line 1
2026-05-21,morning,T5131,Samuel Osei,ARM-05,yes,11529,safety audit,Line 3
2026-05-21,afternoon,T3627,Samuel Osei,ARM-01,yes,58487,annual inspection,Line 2
2026-05-21,night,T6049,Priya Sharma,ARM-05,no,59076,safety audit,Line 4
2026-05-22,morning,T1101,Tobias Richt,ARM-04,no,87366,repair ticket #2709,Line 3
2026-05-22,afternoon,T9291,Nina Patel,ARM-02,yes,38418,repair ticket #8341,Line 3
2026-05-22,night,T4358,Hana Nakamura,ARM-02,training,34100,shift handover,Line 4
2026-05-23,morning,T3017,Tobias Richt,ARM-05,sick_leave,92654,preventive maintenance,Line 3
2026-05-23,afternoon,T3154,Fatima Al-Rashidi,ARM-03,yes,46728,scheduled lubrication cycle,Training Room
2026-05-23,night,T4039,Tobias Richt,ARM-01,no,33325,safety audit,Line 3
2026-05-24,morning,T8545,Yuki Tanaka,MULTI,no,97331,preventive maintenance,Maintenance Bay
2026-05-24,afternoon,T8564,Nina Patel,ARM-02,training,95100,safety audit,Training Room
2026-05-24,night,T6522,Chen Wei,ARM-02,yes,35192,annual inspection,Line 1
2026-05-25,morning,T3521,Maria Santos,ARM-03,yes,42176,shift handover,Maintenance Bay
2026-05-25,afternoon,T1719,Lucas Ferreira,ARM-01,training,81918,training session,Maintenance Bay
2026-05-25,night,T2738,Priya Sharma,MULTI,training,39064,training session,Maintenance Bay
2026-05-26,morning,T9092,Fatima Al-Rashidi,MULTI,yes,76236,preventive maintenance,Line 3
2026-05-26,afternoon,T4503,Aisha Diallo,MULTI,yes,53040,repair ticket #7056,Line 4
2026-05-26,night,T5332,Priya Sharma,ARM-04,yes,18264,bearing inspection,Line 3
2026-05-27,morning,T7202,Tobias Richt,ARM-05,no,99288,sensor calibration,Line 2
2026-05-27,afternoon,T9117,Oluwaseun Adebayo,ARM-03,yes,92016,sensor calibration,Line 4
2026-05-27,night,T1911,Dmitri Volkov,ARM-04,yes,41973,shift handover,Training Room
2026-05-28,morning,T1052,Aisha Diallo,ARM-04,sick_leave,54837,safety audit,Line 1
2026-05-28,afternoon,T2193,Nina Patel,ARM-04,sick_leave,72419,bearing inspection,Line 2
2026-05-28,night,T7299,Lucas Ferreira,ARM-05,yes,73727,safety audit,Line 2
2026-05-29,morning,T2124,Oluwaseun Adebayo,ARM-04,yes,48781,sensor calibration,Training Room
2026-05-29,afternoon,T1525,Fatima Al-Rashidi,ARM-05,yes,38829,preventive maintenance,Line 4
2026-05-29,night,T6269,Chen Wei,ARM-04,training,50274,shift handover,Line 1
2026-05-30,morning,T6073,Tobias Richt,ARM-03,yes,94203,shift handover,Line 3
2026-05-30,afternoon,T8937,Samuel Osei,MULTI,yes,41726,repair ticket #5876,Training Room
2026-05-30,night,T4973,Tobias Richt,ARM-02,yes,78489,sensor calibration,Line 2
2026-05-31,morning,T4810,Maria Santos,ARM-03,no,89675,repair ticket #5155,Training Room
2026-05-31,afternoon,T8483,Samuel Osei,ARM-02,no,99195,preventive maintenance,Maintenance Bay
2026-05-31,night,T3681,Aisha Diallo,MULTI,yes,42650,preventive maintenance,Line 1
2026-05-01,morning,T7133,Aisha Diallo,ARM-02,yes,78030,preventive maintenance,Maintenance Bay
2026-05-01,afternoon,T7621,Nina Patel,MULTI,yes,20725,training session,Line 4
2026-05-01,night,T3401,Aisha Diallo,ARM-05,yes,40613,scheduled lubrication cycle,Maintenance Bay
2026-05-02,morning,T5783,Oluwaseun Adebayo,ARM-01,training,52339,scheduled lubrication cycle,Line 1
2026-05-02,afternoon,T4300,Oluwaseun Adebayo,ARM-04,yes,59934,annual inspection,Line 4
2026-05-02,night,T9859,Oluwaseun Adebayo,ARM-01,yes,39936,preventive maintenance,Training Room
2026-05-03,morning,T4333,Carlos Mendez,ARM-02,no,17001,annual inspection,Line 1
2026-05-03,afternoon,T2062,Dmitri Volkov,ARM-04,yes,75268,conveyor belt check,Maintenance Bay
2026-05-03,night,T8798,Fatima Al-Rashidi,ARM-02,yes,30345,bearing inspection,Line 4
2026-05-04,morning,T2524,Hana Nakamura,ARM-03,no,97151,sensor calibration,Maintenance Bay
2026-05-04,afternoon,T1063,Aisha Diallo,ARM-02,training,78837,scheduled lubrication cycle,Maintenance Bay
2026-05-04,night,T6452,Aisha Diallo,ARM-05,no,60478,sensor calibration,Line 1
2026-05-05,morning,T6950,Aisha Diallo,ARM-03,no,98162,bearing inspection,Line 3
2026-05-05,afternoon,T6600,Nina Patel,ARM-05,yes,65281,sensor calibration,Training Room
2026-05-05,night,T8228,Nina Patel,ARM-04,yes,85862,bearing inspection,Line 3
2026-05-06,morning,T4845,Chen Wei,ARM-03,training,51434,preventive maintenance,Line 1
2026-05-06,afternoon,T8656,Yuki Tanaka,ARM-05,yes,40593,annual inspection,Line 2
2026-05-06,night,T8682,Aisha Diallo,ARM-02,sick_leave,41379,conveyor belt check,Line 3
2026-05-07,morning,T3926,Yuki Tanaka,MULTI,yes,29736,shift handover,Line 4
2026-05-07,afternoon,T3192,Maria Santos,ARM-01,yes,23127,shift handover,Line 3
2026-05-07,night,T1678,Hana Nakamura,MULTI,training,47349,shift handover,Maintenance Bay
2026-05-08,morning,T2404,Dmitri Volkov,MULTI,yes,11891,conveyor belt check,Training Room
2026-05-08,afternoon,T1077,Priya Sharma,ARM-05,no,81122,annual inspection,Line 2
2026-05-08,night,T6599,Priya Sharma,ARM-01,yes,44724,scheduled lubrication cycle,Training Room
2026-05-09,morning,T6644,Hana Nakamura,ARM-02,sick_leave,29385,sensor calibration,Line 2
2026-05-09,afternoon,T8206,Tobias Richt,ARM-03,no,75462,sensor calibration,Maintenance Bay
2026-05-09,night,T3156,Carlos Mendez,ARM-03,yes,70600,bearing inspection,Maintenance Bay
2026-05-10,morning,T7599,Samuel Osei,ARM-05,sick_leave,61685,training session,Line 2
2026-05-10,afternoon,T3377,Fatima Al-Rashidi,ARM-05,training,29901,bearing inspection,Line 2
2026-05-10,night,T1215,Chen Wei,ARM-03,sick_leave,93718,annual inspection,Line 4
2026-05-11,morning,T2089,Tobias Richt,ARM-04,training,24115,training session,Line 1
2026-05-11,afternoon,T6576,Carlos Mendez,ARM-04,yes,66238,scheduled lubrication cycle,Line 4
2026-05-11,night,T2118,Carlos Mendez,ARM-04,yes,92521,bearing inspection,Training Room
2026-05-12,morning,T6180,Samuel Osei,ARM-04,sick_leave,97015,annual inspection,Maintenance Bay
2026-05-12,afternoon,T7029,Aisha Diallo,ARM-05,yes,66515,conveyor belt check,Line 3
2026-05-12,night,T5537,Lucas Ferreira,ARM-05,yes,18491,scheduled lubrication cycle,Training Room
2026-05-13,morning,T6682,Fatima Al-Rashidi,ARM-03,sick_leave,31021,training session,Line 1
2026-05-13,afternoon,T9292,Priya Sharma,ARM-01,yes,55809,bearing inspection,Maintenance Bay
2026-05-13,night,T1494,Priya Sharma,MULTI,yes,50648,scheduled lubrication cycle,Line 3
2026-05-14,morning,T8185,Hana Nakamura,ARM-01,yes,52599,annual inspection,Line 4
2026-05-14,afternoon,T2137,Maria Santos,ARM-02,yes,15963,safety audit,Training Room
2026-05-14,night,T4296,Lucas Ferreira,ARM-04,yes,45677,safety audit,Training Room
2026-05-15,morning,T7724,Ethan Kowalski,ARM-04,yes,80547,preventive maintenance,Maintenance Bay
2026-05-15,afternoon,T5471,Oluwaseun Adebayo,ARM-04,training,44340,repair ticket #6711,Line 1
2026-05-15,night,T5906,Chen Wei,ARM-01,training,44601,bearing inspection,Line 1
2026-05-16,morning,T1147,Chen Wei,ARM-02,no,63427,scheduled lubrication cycle,Maintenance Bay
2026-05-16,afternoon,T4429,Chen Wei,ARM-02,sick_leave,76846,training session,Line 3
2026-05-16,night,T8088,Samuel Osei,ARM-01,training,77679,conveyor belt check,Maintenance Bay
2026-05-17,morning,T5815,Aisha Diallo,MULTI,yes,21587,training session,Training Room
2026-05-17,afternoon,T5025,Aisha Diallo,ARM-01,sick_leave,84261,scheduled lubrication cycle,Line 4
2026-05-17,night,T7580,Lucas Ferreira,ARM-02,no,55040,safety audit,Maintenance Bay
2026-05-18,morning,T6243,Tobias Richt,ARM-03,yes,17220,conveyor belt check,Line 4
2026-05-18,afternoon,T1785,Chen Wei,ARM-01,no,23864,training session,Line 3
2026-05-18,night,T7555,Chen Wei,ARM-04,sick_leave,57197,training session,Line 1
2026-05-19,morning,T1625,Fatima Al-Rashidi,MULTI,sick_leave,47814,annual inspection,Line 3
2026-05-19,afternoon,T2167,Maria Santos,ARM-02,training,61299,bearing inspection,Maintenance Bay
2026-05-19,night,T6242,Maria Santos,ARM-05,no,20942,training session,Line 1
2026-05-20,morning,T9630,Ethan Kowalski,ARM-05,yes,78547,repair ticket #5605,Training Room
2026-05-20,afternoon,T8050,Fatima Al-Rashidi,ARM-01,sick_leave,44422,conveyor belt check,Line 1
2026-05-20,night,T4175,Fatima Al-Rashidi,ARM-05,yes,55158,annual inspection,Line 4
2026-05-21,morning,T4610,Ethan Kowalski,ARM-03,yes,21205,annual inspection,Line 1
2026-05-21,afternoon,T5376,Tobias Richt,ARM-03,yes,56677,annual inspection,Line 1
2026-05-21,night,T6244,Maria Santos,ARM-05,yes,47180,conveyor belt check,Line 3
2026-05-22,morning,T9361,Hana Nakamura,ARM-04,sick_leave,30973,conveyor belt check,Line 3
2026-05-22,afternoon,T5008,Fatima Al-Rashidi,ARM-05,yes,80642,scheduled lubrication cycle,Line 1
2026-05-22,night,T6206,Samuel Osei,ARM-05,training,23073,training session,Training Room
2026-05-23,morning,T7748,Oluwaseun Adebayo,ARM-03,training,80093,bearing inspection,Line 1
2026-05-23,afternoon,T1453,Tobias Richt,ARM-01,yes,64106,annual inspection,Line 4
2026-05-23,night,T4270,Ethan Kowalski,ARM-02,yes,11029,preventive maintenance,Line 2
2026-05-24,morning,T2339,Hana Nakamura,ARM-05,sick_leave,38308,preventive maintenance,Line 2
2026-05-24,afternoon,T2776,Tobias Richt,ARM-03,no,26873,scheduled lubrication cycle,Training Room
2026-05-24,night,T8914,Dmitri Volkov,ARM-01,no,50918,shift handover,Line 3
2026-05-25,morning,T1430,Maria Santos,ARM-02,yes,15440,training session,Line 2
2026-05-25,afternoon,T2378,Carlos Mendez,MULTI,yes,59418,scheduled lubrication cycle,Line 3
2026-05-25,night,T9922,Tobias Richt,ARM-04,yes,18253,scheduled lubrication cycle,Line 2
2026-05-26,morning,T9596,Carlos Mendez,ARM-01,yes,92305,repair ticket #9113,Line 1
2026-05-26,afternoon,T8600,Hana Nakamura,ARM-04,yes,49117,sensor calibration,Line 2
2026-05-26,night,T5842,Samuel Osei,ARM-04,training,49297,repair ticket #2963,Line 3
2026-05-27,morning,T8221,Hana Nakamura,ARM-01,yes,87894,repair ticket #4298,Line 1
2026-05-27,afternoon,T2328,Chen Wei,ARM-04,yes,83980,sensor calibration,Line 4
2026-05-27,night,T1000,Tobias Richt,ARM-02,training,84215,repair ticket #6405,Training Room
2026-05-28,morning,T4144,Oluwaseun Adebayo,ARM-01,no,34435,safety audit,Line 2
2026-05-28,afternoon,T6963,Lucas Ferreira,ARM-02,training,93119,repair ticket #3327,Line 3
2026-05-28,night,T4842,Aisha Diallo,ARM-04,yes,76216,training session,Line 2
2026-05-29,morning,T2870,Nina Patel,ARM-02,yes,78936,shift handover,Line 4
2026-05-29,afternoon,T6759,Samuel Osei,ARM-05,no,69769,preventive maintenance,Line 1
2026-05-29,night,T9912,Yuki Tanaka,ARM-03,sick_leave,53261,conveyor belt check,Maintenance Bay
2026-05-30,morning,T2843,Yuki Tanaka,ARM-04,sick_leave,37066,sensor calibration,Line 1
2026-05-30,afternoon,T3708,Nina Patel,ARM-03,yes,42131,preventive maintenance,Maintenance Bay
2026-05-30,night,T1010,Aisha Diallo,ARM-02,yes,37675,annual inspection,Line 2
2026-05-31,morning,T3153,Priya Sharma,ARM-05,yes,84250,conveyor belt check,Maintenance Bay
2026-05-31,afternoon,T7794,Dmitri Volkov,MULTI,training,16493,sensor calibration,Line 2
2026-05-31,night,T4731,Carlos Mendez,ARM-01,yes,77216,safety audit,Line 2
2026-05-01,morning,T6713,Yuki Tanaka,ARM-04,yes,87726,shift handover,Maintenance Bay
2026-05-01,afternoon,T5504,Priya Sharma,ARM-01,yes,44923,annual inspection,Maintenance Bay
2026-05-01,night,T6135,Aisha Diallo,MULTI,yes,34225,scheduled lubrication cycle,Training Room
2026-05-02,morning,T8634,Tobias Richt,MULTI,sick_leave,17895,training session,Training Room
2026-05-02,afternoon,T2288,Hana Nakamura,ARM-01,training,64596,annual inspection,Maintenance Bay
2026-05-02,night,T3294,Yuki Tanaka,ARM-04,yes,48782,training session,Line 3
2026-05-03,morning,T2640,Fatima Al-Rashidi,ARM-01,no,76735,repair ticket #5914,Line 1
2026-05-03,afternoon,T8913,Carlos Mendez,ARM-05,yes,91187,training session,Maintenance Bay
2026-05-03,night,T7961,Samuel Osei,MULTI,training,37034,annual inspection,Line 4
2026-05-04,morning,T3343,Priya Sharma,ARM-04,yes,37216,shift handover,Maintenance Bay
2026-05-04,afternoon,T4612,Yuki Tanaka,ARM-04,yes,17352,preventive maintenance,Line 2
2026-05-04,night,T6696,Oluwaseun Adebayo,ARM-04,sick_leave,19197,annual inspection,Line 1
2026-05-05,morning,T9362,Carlos Mendez,MULTI,no,82912,shift handover,Line 3
2026-05-05,afternoon,T9721,Maria Santos,ARM-05,training,74773,sensor calibration,Line 4
2026-05-05,night,T9022,Hana Nakamura,ARM-01,yes,50929,repair ticket #4384,Line 1
2026-05-06,morning,T4058,Chen Wei,ARM-05,no,41650,training session,Line 4
2026-05-06,afternoon,T8852,Hana Nakamura,ARM-04,training,69121,shift handover,Line 4
2026-05-06,night,T2394,Carlos Mendez,MULTI,no,79404,sensor calibration,Line 4
2026-05-07,morning,T6955,Dmitri Volkov,MULTI,yes,36058,shift handover,Maintenance Bay
2026-05-07,afternoon,T9043,Ethan Kowalski,ARM-01,sick_leave,92444,repair ticket #1147,Line 4
2026-05-07,night,T8749,Yuki Tanaka,ARM-03,training,20137,shift handover,Maintenance Bay
2026-05-08,morning,T2264,Dmitri Volkov,ARM-04,yes,28256,repair ticket #9381,Maintenance Bay
2026-05-08,afternoon,T3262,Oluwaseun Adebayo,ARM-03,no,91649,preventive maintenance,Line 4
2026-05-08,night,T5073,Nina Patel,ARM-03,training,32670,bearing inspection,Line 2
2026-05-09,morning,T7665,Nina Patel,ARM-04,yes,91370,preventive maintenance,Training Room
2026-05-09,afternoon,T4206,Dmitri Volkov,ARM-02,no,33455,annual inspection,Line 2
2026-05-09,night,T5319,Nina Patel,ARM-01,training,57416,safety audit,Training Room
2026-05-10,morning,T4387,Carlos Mendez,ARM-05,yes,42338,preventive maintenance,Line 1
2026-05-10,afternoon,T8657,Priya Sharma,ARM-05,yes,62212,bearing inspection,Line 4
2026-05-10,night,T4556,Oluwaseun Adebayo,ARM-05,sick_leave,23527,scheduled lubrication cycle,Line 3
2026-05-11,morning,T7905,Dmitri Volkov,ARM-04,yes,34539,conveyor belt check,Line 2
2026-05-11,afternoon,T2596,Hana Nakamura,ARM-01,yes,73235,scheduled lubrication cycle,Line 3
2026-05-11,night,T1815,Hana Nakamura,ARM-01,yes,61367,training session,Training Room
2026-05-12,morning,T8542,Priya Sharma,ARM-02,sick_leave,44640,repair ticket #1522,Line 1
2026-05-12,afternoon,T6007,Carlos Mendez,ARM-03,yes,40943,shift handover,Line 3
2026-05-12,night,T2309,Hana Nakamura,ARM-05,training,67010,conveyor belt check,Line 2
2026-05-13,morning,T5872,Dmitri Volkov,ARM-05,training,89759,safety audit,Line 4
2026-05-13,afternoon,T7198,Priya Sharma,ARM-02,no,99180,scheduled lubrication cycle,Line 3
2026-05-13,night,T3454,Hana Nakamura,ARM-03,training,74374,scheduled lubrication cycle,Maintenance Bay
2026-05-14,morning,T7492,Oluwaseun Adebayo,ARM-01,no,75825,safety audit,Training Room
2026-05-14,afternoon,T2588,Tobias Richt,ARM-03,sick_leave,38654,preventive maintenance,Line 4
2026-05-14,night,T2379,Priya Sharma,ARM-02,yes,36487,repair ticket #7428,Line 1
2026-05-15,morning,T6749,Priya Sharma,MULTI,yes,92290,conveyor belt check,Maintenance Bay
2026-05-15,afternoon,T3159,Ethan Kowalski,MULTI,training,41404,conveyor belt check,Line 2
2026-05-15,night,T8941,Dmitri Volkov,ARM-01,yes,95549,conveyor belt check,Line 1
2026-05-16,morning,T5869,Tobias Richt,ARM-02,yes,58453,scheduled lubrication cycle,Training Room
2026-05-16,afternoon,T3579,Tobias Richt,ARM-03,yes,84923,sensor calibration,Line 4
2026-05-16,night,T3361,Tobias Richt,ARM-03,yes,22163,training session,Line 1
2026-05-17,morning,T6570,Priya Sharma,ARM-03,sick_leave,85087,safety audit,Line 4
2026-05-17,afternoon,T8328,Oluwaseun Adebayo,ARM-01,training,92254,annual inspection,Line 3
2026-05-17,night,T9385,Chen Wei,ARM-04,yes,40241,preventive maintenance,Line 3
2026-05-18,morning,T6446,Hana Nakamura,MULTI,yes,39366,sensor calibration,Line 2
2026-05-18,afternoon,T2738,Tobias Richt,ARM-02,training,42393,bearing inspection,Line 1
2026-05-18,night,T2453,Aisha Diallo,ARM-03,training,94202,preventive maintenance,Line 2
2026-05-19,morning,T3161,Lucas Ferreira,ARM-01,yes,18052,annual inspection,Line 3
2026-05-19,afternoon,T5651,Priya Sharma,ARM-04,yes,79534,bearing inspection,Line 1
2026-05-19,night,T3217,Ethan Kowalski,ARM-02,training,30228,bearing inspection,Line 4
2026-05-20,morning,T6360,Priya Sharma,ARM-01,sick_leave,41373,sensor calibration,Line 4
2026-05-20,afternoon,T7987,Dmitri Volkov,ARM-05,sick_leave,94688,bearing inspection,Training Room
2026-05-20,night,T2728,Tobias Richt,ARM-05,sick_leave,46394,scheduled lubrication cycle,Maintenance Bay
2026-05-21,morning,T3426,Tobias Richt,ARM-01,training,49866,conveyor belt check,Maintenance Bay
2026-05-21,afternoon,T3010,Yuki Tanaka,ARM-04,yes,34399,sensor calibration,Training Room
2026-05-21,night,T1281,Aisha Diallo,ARM-02,yes,42322,scheduled lubrication cycle,Training Room
2026-05-22,morning,T3634,Ethan Kowalski,ARM-03,sick_leave,36926,annual inspection,Line 4
2026-05-22,afternoon,T1386,Aisha Diallo,ARM-02,yes,71371,scheduled lubrication cycle,Line 3
2026-05-22,night,T7455,Fatima Al-Rashidi,ARM-02,sick_leave,25083,shift handover,Training Room
2026-05-23,morning,T3149,Tobias Richt,ARM-03,training,31986,sensor calibration,Line 3
2026-05-23,afternoon,T3304,Chen Wei,ARM-03,yes,18267,shift handover,Maintenance Bay
2026-05-23,night,T9033,Samuel Osei,ARM-03,sick_leave,48377,safety audit,Line 2
2026-05-24,morning,T6770,Ethan Kowalski,ARM-03,training,65562,conveyor belt check,Line 3
2026-05-24,afternoon,T5153,Tobias Richt,ARM-04,yes,22650,shift handover,Maintenance Bay
2026-05-24,night,T3109,Hana Nakamura,ARM-01,yes,25181,safety audit,Line 2
2026-05-25,morning,T3882,Carlos Mendez,ARM-01,yes,87650,shift handover,Line 3
2026-05-25,afternoon,T9025,Samuel Osei,ARM-05,sick_leave,11251,repair ticket #6121,Line 3
2026-05-25,night,T9780,Tobias Richt,MULTI,yes,25425,preventive maintenance,Line 1
2026-05-26,morning,T7469,Samuel Osei,ARM-01,yes,78174,safety audit,Line 3
2026-05-26,afternoon,T2715,Lucas Ferreira,ARM-03,yes,75962,repair ticket #8266,Maintenance Bay
2026-05-26,night,T9534,Oluwaseun Adebayo,ARM-03,sick_leave,85499,annual inspection,Line 3
2026-05-27,morning,T1312,Carlos Mendez,ARM-04,yes,53741,conveyor belt check,Line 4
2026-05-27,afternoon,T1855,Tobias Richt,ARM-01,sick_leave,45491,preventive maintenance,Line 2
2026-05-27,night,T1066,Carlos Mendez,ARM-01,no,47676,scheduled lubrication cycle,Line 2
2026-05-28,morning,T1487,Maria Santos,ARM-01,sick_leave,33279,bearing inspection,Training Room
2026-05-28,afternoon,T6627,Aisha Diallo,ARM-01,yes,22513,shift handover,Maintenance Bay
2026-05-28,night,T8368,Hana Nakamura,ARM-04,yes,46358,scheduled lubrication cycle,Training Room
2026-05-29,morning,T3129,Dmitri Volkov,ARM-04,sick_leave,82013,bearing inspection,Training Room
2026-05-29,afternoon,T7513,Ethan Kowalski,ARM-05,training,30884,conveyor belt check,Line 1
2026-05-29,night,T8742,Chen Wei,MULTI,no,15669,safety audit,Line 1
2026-05-30,morning,T1784,Tobias Richt,ARM-05,yes,78109,annual inspection,Line 3
2026-05-30,afternoon,T6408,Samuel Osei,ARM-05,no,18410,conveyor belt check,Line 1
2026-05-30,night,T8457,Oluwaseun Adebayo,MULTI,training,31735,shift handover,Line 4
2026-05-31,morning,T2463,Maria Santos,ARM-03,sick_leave,40647,safety audit,Line 4
2026-05-31,afternoon,T5011,Dmitri Volkov,MULTI,yes,10107,sensor calibration,Line 4
2026-05-31,night,T1912,Maria Santos,MULTI,no,17380,annual inspection,Line 2
2026-05-01,morning,T1888,Lucas Ferreira,MULTI,yes,41122,scheduled lubrication cycle,Training Room
2026-05-01,afternoon,T5931,Chen Wei,ARM-02,yes,76050,scheduled lubrication cycle,Line 4
2026-05-01,night,T4797,Hana Nakamura,MULTI,yes,26335,safety audit,Line 1
2026-05-02,morning,T8938,Yuki Tanaka,ARM-05,yes,47145,sensor calibration,Line 2
2026-05-02,afternoon,T7482,Aisha Diallo,ARM-03,yes,61458,shift handover,Training Room
2026-05-02,night,T8005,Aisha Diallo,ARM-04,sick_leave,19135,training session,Line 1
2026-05-03,morning,T8811,Oluwaseun Adebayo,ARM-02,yes,98489,conveyor belt check,Line 2
2026-05-03,afternoon,T9051,Samuel Osei,ARM-03,training,63775,conveyor belt check,Training Room
2026-05-03,night,T1901,Maria Santos,MULTI,yes,78782,annual inspection,Training Room
2026-05-04,morning,T9464,Hana Nakamura,ARM-04,yes,16856,safety audit,Maintenance Bay
2026-05-04,afternoon,T3893,Dmitri Volkov,ARM-04,yes,29905,shift handover,Line 1
2026-05-04,night,T5929,Tobias Richt,ARM-05,yes,37036,conveyor belt check,Line 1
2026-05-05,morning,T1775,Tobias Richt,ARM-02,sick_leave,81027,preventive maintenance,Line 2
2026-05-05,afternoon,T9659,Oluwaseun Adebayo,ARM-01,no,13917,safety audit,Line 4
2026-05-05,night,T3056,Nina Patel,ARM-02,no,99847,training session,Line 1
2026-05-06,morning,T7650,Ethan Kowalski,ARM-02,yes,11934,sensor calibration,Line 2
2026-05-06,afternoon,T7323,Dmitri Volkov,ARM-05,yes,13028,repair ticket #2193,Maintenance Bay
2026-05-06,night,T3035,Oluwaseun Adebayo,ARM-02,sick_leave,60263,safety audit,Line 4
2026-05-07,morning,T6601,Oluwaseun Adebayo,ARM-01,no,76792,conveyor belt check,Line 2
2026-05-07,afternoon,T2012,Ethan Kowalski,ARM-01,yes,95802,annual inspection,Line 3
2026-05-07,night,T3758,Priya Sharma,MULTI,no,60640,repair ticket #5880,Training Room
2026-05-08,morning,T5814,Priya Sharma,ARM-04,no,56058,training session,Line 1
2026-05-08,afternoon,T7611,Dmitri Volkov,ARM-04,yes,95300,annual inspection,Line 1
2026-05-08,night,T5089,Samuel Osei,ARM-04,no,82850,repair ticket #3963,Line 3
2026-05-09,morning,T5281,Lucas Ferreira,MULTI,yes,16261,preventive maintenance,Line 2
2026-05-09,afternoon,T2605,Aisha Diallo,ARM-05,no,83713,annual inspection,Training Room
2026-05-09,night,T3079,Yuki Tanaka,ARM-05,sick_leave,36780,annual inspection,Line 3
2026-05-10,morning,T4541,Oluwaseun Adebayo,ARM-02,training,82645,repair ticket #1981,Line 1
2026-05-10,afternoon,T8898,Ethan Kowalski,ARM-02,yes,21846,conveyor belt check,Line 3
2026-05-10,night,T1111,Fatima Al-Rashidi,ARM-05,no,97201,sensor calibration,Line 3
2026-05-11,morning,T5627,Dmitri Volkov,ARM-02,training,47844,preventive maintenance,Line 1
2026-05-11,afternoon,T2723,Maria Santos,ARM-02,yes,38676,scheduled lubrication cycle,Line 2
2026-05-11,night,T8085,Nina Patel,MULTI,yes,14558,annual inspection,Line 4
2026-05-12,morning,T9949,Nina Patel,ARM-03,yes,70206,repair ticket #4424,Maintenance Bay
2026-05-12,afternoon,T5764,Ethan Kowalski,ARM-04,sick_leave,97972,scheduled lubrication cycle,Maintenance Bay
2026-05-12,night,T8128,Aisha Diallo,ARM-04,yes,72956,sensor calibration,Training Room
2026-05-13,morning,T7406,Carlos Mendez,ARM-01,sick_leave,46382,preventive maintenance,Training Room
2026-05-13,afternoon,T5029,Carlos Mendez,ARM-01,yes,40739,shift handover,Line 2
2026-05-13,night,T5835,Tobias Richt,ARM-03,yes,49342,conveyor belt check,Line 1
2026-05-14,morning,T8025,Carlos Mendez,ARM-01,yes,54933,sensor calibration,Line 2
2026-05-14,afternoon,T9994,Hana Nakamura,ARM-03,yes,33311,sensor calibration,Training Room
2026-05-14,night,T9202,Maria Santos,ARM-04,no,33774,annual inspection,Line 1
2026-05-15,morning,T3158,Lucas Ferreira,ARM-05,yes,69554,bearing inspection,Line 1
2026-05-15,afternoon,T9656,Carlos Mendez,ARM-05,yes,31737,training session,Line 3
2026-05-15,night,T6398,Tobias Richt,ARM-02,yes,61252,preventive maintenance,Line 4
2026-05-16,morning,T4165,Chen Wei,ARM-05,yes,35814,scheduled lubrication cycle,Line 1
2026-05-16,afternoon,T4125,Chen Wei,ARM-01,sick_leave,92454,bearing inspection,Training Room
2026-05-16,night,T6343,Oluwaseun Adebayo,ARM-05,no,73575,bearing inspection,Training Room
2026-05-17,morning,T9407,Lucas Ferreira,ARM-01,yes,15658,sensor calibration,Line 1
2026-05-17,afternoon,T5835,Tobias Richt,ARM-03,no,27156,scheduled lubrication cycle,Line 3
2026-05-17,night,T4162,Samuel Osei,ARM-01,yes,19664,scheduled lubrication cycle,Maintenance Bay
2026-05-18,morning,T5306,Aisha Diallo,ARM-01,no,97573,conveyor belt check,Line 3
2026-05-18,afternoon,T3893,Aisha Diallo,ARM-05,yes,52328,sensor calibration,Line 4
2026-05-18,night,T7769,Maria Santos,ARM-02,no,11933,shift handover,Line 1
2026-05-19,morning,T5712,Maria Santos,ARM-04,yes,63848,annual inspection,Line 2
2026-05-19,afternoon,T5319,Carlos Mendez,ARM-01,training,98534,repair ticket #5176,Line 1
2026-05-19,night,T7967,Lucas Ferreira,MULTI,yes,70833,safety audit,Training Room
2026-05-20,morning,T4042,Ethan Kowalski,ARM-04,no,28638,shift handover,Line 1
2026-05-20,afternoon,T1529,Oluwaseun Adebayo,ARM-01,yes,81859,conveyor belt check,Line 2
2026-05-20,night,T8340,Ethan Kowalski,ARM-01,yes,32495,annual inspection,Line 1
2026-05-21,morning,T5077,Carlos Mendez,ARM-05,training,96936,bearing inspection,Training Room
2026-05-21,afternoon,T1505,Tobias Richt,ARM-04,yes,81854,preventive maintenance,Maintenance Bay
2026-05-21,night,T6596,Yuki Tanaka,MULTI,yes,59351,annual inspection,Maintenance Bay
2026-05-22,morning,T7460,Priya Sharma,ARM-02,no,62167,training session,Line 1
2026-05-22,afternoon,T6350,Priya Sharma,ARM-01,no,84289,bearing inspection,Line 4
2026-05-22,night,T1681,Carlos Mendez,MULTI,sick_leave,13780,sensor calibration,Line 3
2026-05-23,morning,T9268,Yuki Tanaka,ARM-01,training,47031,bearing inspection,Line 1
2026-05-23,afternoon,T4493,Yuki Tanaka,ARM-02,yes,77346,preventive maintenance,Line 4
2026-05-23,night,T8176,Chen Wei,ARM-04,sick_leave,23046,conveyor belt check,Line 2
2026-05-24,morning,T7703,Priya Sharma,ARM-01,yes,91459,repair ticket #7351,Maintenance Bay
2026-05-24,afternoon,T2410,Yuki Tanaka,ARM-04,training,46646,shift handover,Line 2
2026-05-24,night,T4320,Yuki Tanaka,ARM-05,yes,49980,preventive maintenance,Line 4
2026-05-25,morning,T4970,Aisha Diallo,ARM-02,yes,83632,preventive maintenance,Line 3
2026-05-25,afternoon,T4149,Tobias Richt,ARM-01,sick_leave,95866,bearing inspection,Line 1
2026-05-25,night,T7602,Nina Patel,ARM-05,no,53803,sensor calibration,Maintenance Bay
2026-05-26,morning,T4327,Chen Wei,ARM-03,yes,22399,conveyor belt check,Line 4
2026-05-26,afternoon,T7495,Chen Wei,ARM-01,yes,43415,repair ticket #6535,Line 3
2026-05-26,night,T2242,Maria Santos,MULTI,yes,86588,scheduled lubrication cycle,Line 2
2026-05-27,morning,T1529,Ethan Kowalski,ARM-01,yes,96282,scheduled lubrication cycle,Line 2
2026-05-27,afternoon,T3555,Ethan Kowalski,ARM-05,yes,56388,bearing inspection,Line 2
2026-05-27,night,T3635,Samuel Osei,ARM-04,yes,23422,conveyor belt check,Line 4
2026-05-28,morning,T9358,Dmitri Volkov,ARM-02,yes,10721,shift handover,Line 2
2026-05-28,afternoon,T4453,Aisha Diallo,ARM-05,yes,77159,training session,Line 3
2026-05-28,night,T1311,Ethan Kowalski,MULTI,no,64094,safety audit,Maintenance Bay
2026-05-29,morning,T5269,Fatima Al-Rashidi,ARM-03,yes,21368,annual inspection,Line 2
2026-05-29,afternoon,T2787,Aisha Diallo,ARM-03,no,97136,preventive maintenance,Line 2
2026-05-29,night,T5837,Yuki Tanaka,ARM-05,sick_leave,70080,safety audit,Line 4
2026-05-30,morning,T4723,Oluwaseun Adebayo,ARM-05,yes,59301,scheduled lubrication cycle,Line 2
2026-05-30,afternoon,T4070,Lucas Ferreira,ARM-03,yes,86511,annual inspection,Maintenance Bay
2026-05-30,night,T5586,Maria Santos,MULTI,yes,81335,preventive maintenance,Training Room
2026-05-31,morning,T2651,Samuel Osei,ARM-04,no,66622,conveyor belt check,Training Room
2026-05-31,afternoon,T8991,Nina Patel,ARM-03,training,57702,conveyor belt check,Line 3
2026-05-31,night,T2244,Chen Wei,ARM-03,yes,62206,scheduled lubrication cycle,Line 3
2026-05-01,morning,T6117,Dmitri Volkov,MULTI,training,96400,annual inspection,Maintenance Bay
2026-05-01,afternoon,T8289,Ethan Kowalski,ARM-01,yes,45793,bearing inspection,Line 2
2026-05-01,night,T6124,Priya Sharma,ARM-05,yes,46787,safety audit,Line 1
2026-05-02,morning,T1711,Carlos Mendez,MULTI,yes,93169,repair ticket #7458,Maintenance Bay
2026-05-02,afternoon,T9437,Samuel Osei,ARM-02,yes,19493,repair ticket #9729,Training Room
2026-05-02,night,T7449,Lucas Ferreira,ARM-03,training,24489,preventive maintenance,Maintenance Bay
2026-05-03,morning,T4517,Hana Nakamura,ARM-04,yes,54718,repair ticket #4541,Maintenance Bay
2026-05-03,afternoon,T1245,Yuki Tanaka,ARM-04,sick_leave,70912,bearing inspection,Line 3
2026-05-03,night,T6756,Nina Patel,ARM-01,yes,26622,safety audit,Line 4
2026-05-04,morning,T8591,Hana Nakamura,ARM-03,yes,75961,safety audit,Line 2
2026-05-04,afternoon,T3804,Hana Nakamura,ARM-05,sick_leave,78519,bearing inspection,Line 2
2026-05-04,night,T9581,Fatima Al-Rashidi,ARM-02,yes,35779,bearing inspection,Maintenance Bay
2026-05-05,morning,T7715,Ethan Kowalski,ARM-01,yes,15344,annual inspection,Training Room
2026-05-05,afternoon,T3417,Maria Santos,ARM-01,training,93187,training session,Line 1
2026-05-05,night,T1897,Fatima Al-Rashidi,ARM-03,yes,47368,sensor calibration,Line 4
2026-05-06,morning,T9942,Lucas Ferreira,ARM-05,yes,11947,training session,Line 4
2026-05-06,afternoon,T3296,Lucas Ferreira,ARM-02,yes,14093,shift handover,Training Room
2026-05-06,night,T9602,Oluwaseun Adebayo,ARM-05,yes,66199,safety audit,Line 4
2026-05-07,morning,T5525,Dmitri Volkov,ARM-04,training,74377,training session,Training Room
2026-05-07,afternoon,T3834,Priya Sharma,ARM-02,yes,84135,preventive maintenance,Maintenance Bay
2026-05-07,night,T3971,Samuel Osei,ARM-03,training,15737,shift handover,Training Room
2026-05-08,morning,T9674,Hana Nakamura,ARM-04,training,22355,repair ticket #2628,Line 3
2026-05-08,afternoon,T3203,Dmitri Volkov,ARM-03,yes,74264,shift handover,Maintenance Bay
2026-05-08,night,T6687,Hana Nakamura,ARM-03,no,13795,shift handover,Training Room
2026-05-09,morning,T2736,Chen Wei,MULTI,yes,46934,preventive maintenance,Line 1
2026-05-09,afternoon,T4191,Carlos Mendez,ARM-02,yes,80030,shift handover,Line 2
2026-05-09,night,T5628,Tobias Richt,ARM-04,yes,18488,annual inspection,Line 3
2026-05-10,morning,T9560,Samuel Osei,MULTI,sick_leave,52490,training session,Maintenance Bay
2026-05-10,afternoon,T8668,Hana Nakamura,ARM-02,yes,22597,training session,Maintenance Bay
2026-05-10,night,T5575,Ethan Kowalski,ARM-02,yes,73822,bearing inspection,Line 1
2026-05-11,morning,T2299,Priya Sharma,ARM-02,no,14447,annual inspection,Maintenance Bay
2026-05-11,afternoon,T4391,Carlos Mendez,ARM-01,yes,68132,training session,Line 2
2026-05-11,night,T4111,Fatima Al-Rashidi,ARM-02,yes,16077,annual inspection,Line 2
2026-05-12,morning,T3603,Nina Patel,ARM-05,yes,39211,preventive maintenance,Training Room
2026-05-12,afternoon,T8530,Hana Nakamura,ARM-05,yes,80571,repair ticket #7992,Maintenance Bay
2026-05-12,night,T3764,Chen Wei,MULTI,yes,12628,annual inspection,Line 4
2026-05-13,morning,T1024,Samuel Osei,ARM-03,sick_leave,67759,training session,Line 4
2026-05-13,afternoon,T8670,Tobias Richt,ARM-05,yes,65481,sensor calibration,Line 1
2026-05-13,night,T1760,Fatima Al-Rashidi,ARM-01,yes,80775,repair ticket #4959,Maintenance Bay
2026-05-14,morning,T7932,Tobias Richt,ARM-02,sick_leave,67480,scheduled lubrication cycle,Line 4
2026-05-14,afternoon,T8567,Dmitri Volkov,ARM-01,yes,39335,annual inspection,Training Room
2026-05-14,night,T7644,Yuki Tanaka,ARM-05,yes,30399,training session,Line 1
2026-05-15,morning,T4788,Maria Santos,ARM-02,training,18214,preventive maintenance,Line 2
2026-05-15,afternoon,T1625,Maria Santos,MULTI,no,93412,conveyor belt check,Line 2
2026-05-15,night,T5131,Carlos Mendez,ARM-05,yes,76841,safety audit,Line 2
2026-05-16,morning,T3811,Dmitri Volkov,MULTI,training,36606,scheduled lubrication cycle,Training Room
2026-05-16,afternoon,T8910,Maria Santos,ARM-04,yes,13983,conveyor belt check,Line 4
2026-05-16,night,T9099,Aisha Diallo,ARM-04,yes,24552,repair ticket #1111,Line 2
2026-05-17,morning,T1840,Dmitri Volkov,ARM-05,training,52473,annual inspection,Line 3
2026-05-17,afternoon,T3075,Nina Patel,MULTI,sick_leave,41596,annual inspection,Line 2
2026-05-17,night,T8390,Aisha Diallo,MULTI,yes,94184,sensor calibration,Line 2
2026-05-18,morning,T6567,Carlos Mendez,ARM-03,yes,29553,shift handover,Line 3
2026-05-18,afternoon,T5918,Yuki Tanaka,ARM-05,sick_leave,16126,scheduled lubrication cycle,Maintenance Bay
2026-05-18,night,T6106,Lucas Ferreira,ARM-02,yes,20097,training session,Line 2
2026-05-19,morning,T8242,Carlos Mendez,ARM-03,no,62083,bearing inspection,Maintenance Bay
2026-05-19,afternoon,T8458,Hana Nakamura,MULTI,training,83048,scheduled lubrication cycle,Line 4
2026-05-19,night,T9611,Yuki Tanaka,ARM-03,yes,47973,preventive maintenance,Line 1
2026-05-20,morning,T7533,Ethan Kowalski,ARM-04,yes,33106,preventive maintenance,Line 3
2026-05-20,afternoon,T7249,Samuel Osei,MULTI,training,51477,bearing inspection,Line 4
2026-05-20,night,T5925,Yuki Tanaka,ARM-03,yes,39660,sensor calibration,Line 4
2026-05-21,morning,T6582,Tobias Richt,ARM-03,yes,40283,preventive maintenance,Line 3
2026-05-21,afternoon,T5561,Carlos Mendez,ARM-01,yes,95190,safety audit,Line 2
2026-05-21,night,T6944,Samuel Osei,ARM-05,no,47412,sensor calibration,Line 3
2026-05-22,morning,T9740,Yuki Tanaka,MULTI,yes,97888,repair ticket #3181,Maintenance Bay
2026-05-22,afternoon,T1664,Carlos Mendez,ARM-01,training,50456,repair ticket #7753,Line 1
2026-05-22,night,T9744,Chen Wei,ARM-04,training,23216,repair ticket #8312,Line 4
2026-05-23,morning,T2105,Lucas Ferreira,ARM-05,yes,75337,training session,Line 3
2026-05-23,afternoon,T8159,Yuki Tanaka,ARM-02,sick_leave,66866,annual inspection,Training Room
2026-05-23,night,T3579,Chen Wei,ARM-02,yes,62290,preventive maintenance,Line 3
2026-05-24,morning,T1920,Hana Nakamura,ARM-02,no,54639,repair ticket #6089,Line 3
2026-05-24,afternoon,T1823,Aisha Diallo,ARM-04,yes,51050,shift handover,Line 4
2026-05-24,night,T6313,Priya Sharma,MULTI,yes,90764,shift handover,Line 2
2026-05-25,morning,T7912,Chen Wei,ARM-02,sick_leave,10192,annual inspection,Maintenance Bay
2026-05-25,afternoon,T4372,Samuel Osei,ARM-02,yes,33834,training session,Maintenance Bay
2026-05-25,night,T3966,Maria Santos,ARM-05,training,64727,sensor calibration,Training Room
2026-05-26,morning,T4002,Priya Sharma,ARM-03,yes,25969,scheduled lubrication cycle,Training Room
2026-05-26,afternoon,T9678,Yuki Tanaka,ARM-05,sick_leave,59104,preventive maintenance,Training Room
2026-05-26,night,T3685,Fatima Al-Rashidi,ARM-02,yes,66060,safety audit,Line 2
2026-05-27,morning,T8067,Maria Santos,MULTI,training,82818,preventive maintenance,Training Room
2026-05-27,afternoon,T4108,Hana Nakamura,ARM-02,yes,28929,repair ticket #2895,Line 2
2026-05-27,night,T5518,Oluwaseun Adebayo,ARM-03,yes,86965,sensor calibration,Line 4
2026-05-28,morning,T1888,Tobias Richt,MULTI,yes,65255,safety audit,Line 2
2026-05-28,afternoon,T3998,Lucas Ferreira,ARM-05,sick_leave,17760,shift handover,Maintenance Bay
2026-05-28,night,T7422,Yuki Tanaka,ARM-04,yes,19799,preventive maintenance,Line 1
2026-05-29,morning,T2796,Fatima Al-Rashidi,MULTI,sick_leave,73620,sensor calibration,Line 1
2026-05-29,afternoon,T2460,Dmitri Volkov,ARM-05,yes,20727,training session,Maintenance Bay
2026-05-29,night,T7088,Lucas Ferreira,ARM-01,no,25725,repair ticket #3483,Line 3
2026-05-30,morning,T1359,Tobias Richt,ARM-03,training,62243,shift handover,Line 4
2026-05-30,afternoon,T8406,Oluwaseun Adebayo,MULTI,training,33309,preventive maintenance,Training Room
2026-05-30,night,T7651,Chen Wei,ARM-02,yes,60905,training session,Maintenance Bay
2026-05-31,morning,T1528,Dmitri Volkov,ARM-01,training,62877,sensor calibration,Maintenance Bay
2026-05-31,afternoon,T6561,Oluwaseun Adebayo,ARM-04,yes,50349,training session,Line 1
2026-05-31,night,T9172,Ethan Kowalski,ARM-02,yes,44206,sensor calibration,Training Room
2026-05-01,morning,T1228,Ethan Kowalski,MULTI,sick_leave,82711,repair ticket #6937,Line 2
2026-05-01,afternoon,T5955,Aisha Diallo,MULTI,no,86970,annual inspection,Training Room
2026-05-01,night,T5805,Oluwaseun Adebayo,ARM-02,no,68699,conveyor belt check,Maintenance Bay
2026-05-02,morning,T9235,Priya Sharma,ARM-03,yes,55259,safety audit,Line 4
2026-05-02,afternoon,T4843,Lucas Ferreira,ARM-01,no,73596,sensor calibration,Maintenance Bay
2026-05-02,night,T5360,Fatima Al-Rashidi,ARM-02,yes,43978,scheduled lubrication cycle,Line 3
2026-05-03,morning,T5083,Fatima Al-Rashidi,ARM-05,yes,25193,safety audit,Line 1
2026-05-03,afternoon,T6696,Lucas Ferreira,ARM-03,training,41411,annual inspection,Line 1
2026-05-03,night,T3999,Nina Patel,ARM-04,sick_leave,55069,repair ticket #2191,Line 2
2026-05-04,morning,T3908,Hana Nakamura,ARM-03,yes,96851,safety audit,Line 1
2026-05-04,afternoon,T1779,Oluwaseun Adebayo,ARM-04,yes,31987,annual inspection,Line 4
2026-05-04,night,T4005,Dmitri Volkov,ARM-01,yes,95679,safety audit,Line 4
2026-05-05,morning,T2452,Yuki Tanaka,ARM-05,yes,46674,safety audit,Line 2
2026-05-05,afternoon,T5632,Yuki Tanaka,ARM-01,no,86918,bearing inspection,Line 1
2026-05-05,night,T5280,Oluwaseun Adebayo,ARM-02,training,40214,sensor calibration,Line 1
2026-05-06,morning,T3490,Yuki Tanaka,ARM-01,yes,53067,sensor calibration,Line 1
2026-05-06,afternoon,T5128,Aisha Diallo,ARM-01,no,62736,bearing inspection,Maintenance Bay
2026-05-06,night,T1577,Hana Nakamura,ARM-03,yes,86617,shift handover,Line 2
2026-05-07,morning,T3095,Aisha Diallo,ARM-03,sick_leave,18081,sensor calibration,Line 3
2026-05-07,afternoon,T7971,Oluwaseun Adebayo,ARM-01,no,97144,preventive maintenance,Line 2
2026-05-07,night,T8358,Samuel Osei,MULTI,no,76558,training session,Maintenance Bay
2026-05-08,morning,T7505,Fatima Al-Rashidi,ARM-04,sick_leave,12997,safety audit,Line 3
2026-05-08,afternoon,T9708,Dmitri Volkov,ARM-05,yes,83055,shift handover,Maintenance Bay
2026-05-08,night,T8882,Dmitri Volkov,ARM-05,training,25399,repair ticket #1016,Training Room
2026-05-09,morning,T5354,Carlos Mendez,ARM-05,yes,69703,annual inspection,Line 3
2026-05-09,afternoon,T9776,Dmitri Volkov,ARM-01,training,81435,annual inspection,Line 2
2026-05-09,night,T7238,Yuki Tanaka,ARM-04,sick_leave,48947,annual inspection,Line 3
2026-05-10,morning,T5931,Chen Wei,ARM-05,training,79464,repair ticket #6611,Line 3
2026-05-10,afternoon,T1150,Chen Wei,ARM-03,no,93232,safety audit,Line 3
2026-05-10,night,T1724,Tobias Richt,ARM-02,sick_leave,23205,repair ticket #5053,Line 3
2026-05-11,morning,T4288,Aisha Diallo,ARM-05,yes,93128,scheduled lubrication cycle,Maintenance Bay
2026-05-11,afternoon,T1000,Fatima Al-Rashidi,ARM-03,yes,46847,shift handover,Line 1
2026-05-11,night,T8607,Maria Santos,ARM-05,training,20098,annual inspection,Line 1
2026-05-12,morning,T7445,Aisha Diallo,ARM-01,yes,41329,conveyor belt check,Line 3
2026-05-12,afternoon,T8247,Fatima Al-Rashidi,ARM-04,no,24538,conveyor belt check,Maintenance Bay
2026-05-12,night,T5878,Ethan Kowalski,ARM-01,training,91506,conveyor belt check,Training Room
2026-05-13,morning,T3735,Fatima Al-Rashidi,ARM-02,no,74488,training session,Training Room
2026-05-13,afternoon,T3906,Tobias Richt,ARM-04,yes,24720,bearing inspection,Maintenance Bay
2026-05-13,night,T3168,Yuki Tanaka,ARM-01,yes,17521,safety audit,Training Room
2026-05-14,morning,T1702,Maria Santos,ARM-02,sick_leave,67213,annual inspection,Training Room
2026-05-14,afternoon,T9261,Samuel Osei,ARM-02,yes,86832,training session,Line 3
2026-05-14,night,T4961,Oluwaseun Adebayo,MULTI,yes,39874,training session,Line 2
2026-05-15,morning,T3941,Carlos Mendez,ARM-02,training,87664,annual inspection,Line 4
2026-05-15,afternoon,T6618,Ethan Kowalski,ARM-04,sick_leave,50761,safety audit,Training Room
2026-05-15,night,T5995,Aisha Diallo,MULTI,yes,26966,safety audit,Line 3
2026-05-16,morning,T9103,Dmitri Volkov,ARM-05,no,44618,scheduled lubrication cycle,Line 3
2026-05-16,afternoon,T9886,Priya Sharma,ARM-02,yes,66581,preventive maintenance,Line 1
2026-05-16,night,T1537,Fatima Al-Rashidi,ARM-01,yes,39441,safety audit,Line 2
2026-05-17,morning,T5387,Carlos Mendez,ARM-04,sick_leave,50244,scheduled lubrication cycle,Maintenance Bay
2026-05-17,afternoon,T9444,Maria Santos,ARM-03,yes,19214,safety audit,Line 1
2026-05-17,night,T1716,Dmitri Volkov,ARM-03,training,31000,training session,Line 2
2026-05-18,morning,T1869,Tobias Richt,ARM-04,yes,46293,scheduled lubrication cycle,Line 2
2026-05-18,afternoon,T8842,Ethan Kowalski,ARM-01,training,90045,scheduled lubrication cycle,Line 3
2026-05-18,night,T7631,Fatima Al-Rashidi,ARM-01,training,44717,preventive maintenance,Maintenance Bay
2026-05-19,morning,T3783,Oluwaseun Adebayo,ARM-01,yes,29512,bearing inspection,Maintenance Bay
2026-05-19,afternoon,T7052,Yuki Tanaka,ARM-05,yes,62950,training session,Training Room
2026-05-19,night,T2141,Fatima Al-Rashidi,ARM-04,yes,45154,training session,Line 3
2026-05-20,morning,T3174,Aisha Diallo,ARM-04,yes,61960,shift handover,Maintenance Bay
2026-05-20,afternoon,T4957,Chen Wei,ARM-05,yes,47025,safety audit,Line 2
2026-05-20,night,T2534,Ethan Kowalski,ARM-05,training,28479,bearing inspection,Line 3
2026-05-21,morning,T7508,Oluwaseun Adebayo,ARM-05,no,90513,repair ticket #8244,Line 4
2026-05-21,afternoon,T9766,Ethan Kowalski,MULTI,yes,84481,preventive maintenance,Line 4
2026-05-21,night,T4018,Hana Nakamura,ARM-01,yes,45709,conveyor belt check,Maintenance Bay
2026-05-22,morning,T5197,Oluwaseun Adebayo,MULTI,yes,44241,scheduled lubrication cycle,Training Room
2026-05-22,afternoon,T3283,Ethan Kowalski,MULTI,yes,66365,bearing inspection,Line 4
2026-05-22,night,T4611,Ethan Kowalski,ARM-01,sick_leave,97020,preventive maintenance,Line 3
2026-05-23,morning,T9096,Maria Santos,ARM-02,no,11201,shift handover,Line 1
2026-05-23,afternoon,T5237,Dmitri Volkov,MULTI,no,47885,conveyor belt check,Line 4
2026-05-23,night,T6849,Priya Sharma,ARM-02,yes,22959,sensor calibration,Training Room
2026-05-24,morning,T1152,Fatima Al-Rashidi,ARM-04,training,43914,sensor calibration,Line 3
2026-05-24,afternoon,T6363,Maria Santos,ARM-03,sick_leave,38045,safety audit,Line 2
2026-05-24,night,T2484,Tobias Richt,ARM-02,yes,94460,conveyor belt check,Maintenance Bay
2026-05-25,morning,T2330,Hana Nakamura,ARM-05,training,90556,conveyor belt check,Training Room
2026-05-25,afternoon,T3763,Priya Sharma,ARM-02,sick_leave,57232,shift handover,Line 1
2026-05-25,night,T8343,Dmitri Volkov,ARM-01,training,10936,shift handover,Line 1
2026-05-26,morning,T5970,Lucas Ferreira,ARM-01,no,50751,repair ticket #1182,Line 4
2026-05-26,afternoon,T8194,Nina Patel,ARM-04,no,74535,scheduled lubrication cycle,Line 2
2026-05-26,night,T7059,Chen Wei,ARM-01,no,56722,bearing inspection,Training Room
2026-05-27,morning,T1160,Tobias Richt,ARM-01,training,41897,shift handover,Training Room
2026-05-27,afternoon,T6837,Maria Santos,ARM-01,yes,65178,training session,Line 3
2026-05-27,night,T3430,Carlos Mendez,ARM-04,sick_leave,41858,bearing inspection,Line 1
2026-05-28,morning,T4883,Dmitri Volkov,MULTI,no,65439,shift handover,Maintenance Bay
2026-05-28,afternoon,T1562,Lucas Ferreira,MULTI,training,12319,repair ticket #5214,Training Room
2026-05-28,night,T5105,Nina Patel,ARM-01,training,37925,preventive maintenance,Line 4
2026-05-29,morning,T7570,Samuel Osei,ARM-04,yes,84581,repair ticket #9764,Maintenance Bay
2026-05-29,afternoon,T2622,Nina Patel,ARM-02,yes,14347,repair ticket #8512,Line 4
2026-05-29,night,T5692,Maria Santos,ARM-05,no,81590,shift handover,Line 1
2026-05-30,morning,T9569,Priya Sharma,ARM-02,sick_leave,81354,bearing inspection,Training Room
2026-05-30,afternoon,T6144,Priya Sharma,ARM-02,yes,44990,bearing inspection,Line 2
2026-05-30,night,T8567,Aisha Diallo,ARM-03,yes,14844,shift handover,Training Room
2026-05-31,morning,T4769,Ethan Kowalski,ARM-05,no,15353,annual inspection,Line 4
2026-05-31,afternoon,T7623,Chen Wei,ARM-03,yes,75095,sensor calibration,Line 3
2026-05-31,night,T8366,Dmitri Volkov,ARM-03,yes,14162,conveyor belt check,Line 3
2026-05-01,morning,T7273,Lucas Ferreira,ARM-02,yes,41963,scheduled lubrication cycle,Maintenance Bay
2026-05-01,afternoon,T4129,Chen Wei,ARM-01,yes,60840,annual inspection,Training Room
2026-05-01,night,T1926,Oluwaseun Adebayo,ARM-05,sick_leave,23906,sensor calibration,Line 1
2026-05-02,morning,T1236,Samuel Osei,ARM-05,yes,26043,conveyor belt check,Maintenance Bay
2026-05-02,afternoon,T8976,Samuel Osei,MULTI,yes,25846,training session,Line 4
2026-05-02,night,T2412,Maria Santos,ARM-04,yes,96155,conveyor belt check,Line 1
2026-05-03,morning,T9636,Chen Wei,ARM-05,yes,22270,scheduled lubrication cycle,Line 1
2026-05-03,afternoon,T8616,Fatima Al-Rashidi,ARM-05,sick_leave,17747,bearing inspection,Line 3
2026-05-03,night,T9834,Yuki Tanaka,ARM-01,yes,48277,scheduled lubrication cycle,Training Room
2026-05-04,morning,T4763,Ethan Kowalski,ARM-02,no,13965,sensor calibration,Maintenance Bay
2026-05-04,afternoon,T8355,Dmitri Volkov,ARM-04,yes,91917,safety audit,Maintenance Bay
2026-05-04,night,T8543,Dmitri Volkov,ARM-03,training,34157,annual inspection,Training Room
2026-05-05,morning,T4806,Aisha Diallo,ARM-01,yes,45143,repair ticket #3025,Line 3
2026-05-05,afternoon,T6254,Carlos Mendez,ARM-05,yes,40374,preventive maintenance,Line 3
2026-05-05,night,T8760,Yuki Tanaka,ARM-04,yes,18787,bearing inspection,Line 4
2026-05-06,morning,T9981,Maria Santos,ARM-02,no,88196,training session,Line 2
2026-05-06,afternoon,T6037,Yuki Tanaka,ARM-02,no,23382,sensor calibration,Line 4
2026-05-06,night,T9922,Lucas Ferreira,ARM-05,no,61338,annual inspection,Line 4
2026-05-07,morning,T5563,Maria Santos,ARM-03,yes,88423,safety audit,Training Room
2026-05-07,afternoon,T5832,Yuki Tanaka,ARM-04,sick_leave,62396,scheduled lubrication cycle,Training Room
2026-05-07,night,T3884,Aisha Diallo,ARM-01,yes,70569,annual inspection,Line 2
2026-05-08,morning,T6296,Hana Nakamura,ARM-04,yes,78104,training session,Line 3
2026-05-08,afternoon,T9622,Nina Patel,ARM-04,yes,74870,safety audit,Training Room
2026-05-08,night,T9492,Lucas Ferreira,ARM-05,no,43412,bearing inspection,Line 3
2026-05-09,morning,T2958,Hana Nakamura,ARM-04,sick_leave,21779,shift handover,Maintenance Bay
2026-05-09,afternoon,T4116,Hana Nakamura,ARM-02,sick_leave,84033,repair ticket #3596,Training Room
2026-05-09,night,T4852,Samuel Osei,MULTI,training,24946,training session,Line 1
2026-05-10,morning,T2906,Ethan Kowalski,ARM-05,yes,92026,annual inspection,Line 2
2026-05-10,afternoon,T9756,Maria Santos,MULTI,yes,28608,scheduled lubrication cycle,Line 1
2026-05-10,night,T8606,Priya Sharma,ARM-05,training,16519,scheduled lubrication cycle,Line 3
2026-05-11,morning,T1402,Priya Sharma,ARM-01,yes,85217,repair ticket #8223,Training Room
2026-05-11,afternoon,T3111,Lucas Ferreira,ARM-03,sick_leave,11249,scheduled lubrication cycle,Line 3
2026-05-11,night,T2018,Chen Wei,MULTI,sick_leave,86943,scheduled lubrication cycle,Line 3
2026-05-12,morning,T2747,Tobias Richt,ARM-02,yes,42992,conveyor belt check,Line 4
2026-05-12,afternoon,T4129,Aisha Diallo,MULTI,yes,58115,sensor calibration,Maintenance Bay
2026-05-12,night,T3355,Hana Nakamura,ARM-01,sick_leave,89537,annual inspection,Line 2
2026-05-13,morning,T1762,Yuki Tanaka,ARM-02,yes,98318,annual inspection,Line 1
2026-05-13,afternoon,T5576,Yuki Tanaka,ARM-05,no,86413,annual inspection,Maintenance Bay
2026-05-13,night,T1645,Oluwaseun Adebayo,ARM-04,yes,63524,shift handover,Line 2
2026-05-14,morning,T4848,Carlos Mendez,ARM-02,no,46506,annual inspection,Line 1
2026-05-14,afternoon,T4906,Ethan Kowalski,ARM-02,yes,36073,shift handover,Line 3
2026-05-14,night,T7164,Maria Santos,MULTI,sick_leave,51458,bearing inspection,Training Room
2026-05-15,morning,T7641,Samuel Osei,ARM-03,sick_leave,82330,annual inspection,Line 1
2026-05-15,afternoon,T6012,Chen Wei,ARM-04,sick_leave,24227,preventive maintenance,Maintenance Bay
2026-05-15,night,T2443,Hana Nakamura,ARM-03,yes,67763,shift handover,Line 1
2026-05-16,morning,T8117,Dmitri Volkov,ARM-03,yes,13029,safety audit,Line 1
2026-05-16,afternoon,T6779,Ethan Kowalski,ARM-01,sick_leave,40683,sensor calibration,Line 1
2026-05-16,night,T4766,Lucas Ferreira,MULTI,yes,67872,annual inspection,Line 1
2026-05-17,morning,T4376,Ethan Kowalski,ARM-03,yes,24832,repair ticket #5572,Line 2
2026-05-17,afternoon,T3392,Oluwaseun Adebayo,ARM-01,sick_leave,22592,annual inspection,Line 2
2026-05-17,night,T3902,Oluwaseun Adebayo,ARM-04,sick_leave,60455,annual inspection,Line 1
2026-05-18,morning,T9799,Carlos Mendez,ARM-05,training,67610,training session,Training Room
2026-05-18,afternoon,T2261,Hana Nakamura,MULTI,yes,24880,repair ticket #8784,Line 2
2026-05-18,night,T1322,Priya Sharma,ARM-05,yes,56692,repair ticket #9367,Line 1
2026-05-19,morning,T1804,Chen Wei,MULTI,yes,46650,bearing inspection,Training Room
2026-05-19,afternoon,T3788,Dmitri Volkov,ARM-04,no,41116,training session,Training Room
2026-05-19,night,T4211,Fatima Al-Rashidi,ARM-05,training,38910,scheduled lubrication cycle,Line 1
2026-05-20,morning,T9009,Maria Santos,ARM-04,yes,69038,safety audit,Line 1
2026-05-20,afternoon,T8934,Lucas Ferreira,ARM-02,yes,85621,preventive maintenance,Line 1
2026-05-20,night,T8455,Maria Santos,ARM-03,training,29416,shift handover,Maintenance Bay
2026-05-21,morning,T5812,Tobias Richt,MULTI,yes,41959,sensor calibration,Line 3
2026-05-21,afternoon,T3826,Samuel Osei,ARM-01,training,56536,conveyor belt check,Line 1
2026-05-21,night,T9824,Hana Nakamura,ARM-03,sick_leave,63888,scheduled lubrication cycle,Maintenance Bay
2026-05-22,morning,T1625,Samuel Osei,ARM-01,yes,58738,safety audit,Maintenance Bay
2026-05-22,afternoon,T8802,Priya Sharma,ARM-04,training,15835,training session,Line 1
2026-05-22,night,T5912,Chen Wei,ARM-05,training,91261,shift handover,Line 4
2026-05-23,morning,T9531,Samuel Osei,ARM-01,training,44662,training session,Training Room
2026-05-23,afternoon,T3298,Oluwaseun Adebayo,ARM-02,training,42550,preventive maintenance,Line 4
2026-05-23,night,T5308,Lucas Ferreira,ARM-01,yes,82627,conveyor belt check,Maintenance Bay
2026-05-24,morning,T8923,Dmitri Volkov,ARM-01,yes,79724,conveyor belt check,Line 1
2026-05-24,afternoon,T9467,Samuel Osei,ARM-05,sick_leave,35878,scheduled lubrication cycle,Line 4
2026-05-24,night,T4842,Carlos Mendez,ARM-01,yes,62388,repair ticket #9858,Training Room
2026-05-25,morning,T7556,Chen Wei,ARM-04,yes,53388,repair ticket #1214,Line 1
2026-05-25,afternoon,T4656,Oluwaseun Adebayo,ARM-03,yes,82564,conveyor belt check,Line 4
2026-05-25,night,T4219,Carlos Mendez,ARM-02,yes,59496,preventive maintenance,Maintenance Bay
2026-05-26,morning,T1987,Fatima Al-Rashidi,ARM-01,no,72510,bearing inspection,Line 3
2026-05-26,afternoon,T5081,Samuel Osei,ARM-05,training,51110,bearing inspection,Training Room
2026-05-26,night,T3143,Ethan Kowalski,ARM-04,yes,45446,bearing inspection,Line 3
2026-05-27,morning,T4428,Priya Sharma,ARM-05,yes,48655,annual inspection,Training Room
2026-05-27,afternoon,T3361,Maria Santos,ARM-03,training,44090,conveyor belt check,Line 3
2026-05-27,night,T4219,Aisha Diallo,ARM-04,yes,71450,scheduled lubrication cycle,Maintenance Bay
2026-05-28,morning,T8525,Oluwaseun Adebayo,ARM-01,yes,98012,conveyor belt check,Line 3
2026-05-28,afternoon,T3857,Fatima Al-Rashidi,ARM-03,sick_leave,18282,scheduled lubrication cycle,Line 4
2026-05-28,night,T8027,Nina Patel,ARM-03,no,15108,repair ticket #1381,Line 3
2026-05-29,morning,T3979,Chen Wei,ARM-01,yes,93428,preventive maintenance,Line 1
2026-05-29,afternoon,T4638,Priya Sharma,ARM-05,yes,32705,repair ticket #1364,Line 3
2026-05-29,night,T3653,Aisha Diallo,ARM-02,training,94208,conveyor belt check,Training Room
2026-05-30,morning,T7346,Fatima Al-Rashidi,MULTI,training,73051,repair ticket #6620,Line 1
2026-05-30,afternoon,T9765,Nina Patel,ARM-03,no,40134,annual inspection,Training Room
2026-05-30,night,T9590,Chen Wei,ARM-02,no,58976,conveyor belt check,Training Room
2026-05-31,morning,T5148,Nina Patel,ARM-05,no,35572,preventive maintenance,Line 2
2026-05-31,afternoon,T5390,Priya Sharma,ARM-05,no,47527,preventive maintenance,Line 3
2026-05-31,night,T6416,Hana Nakamura,ARM-05,sick_leave,80280,preventive maintenance,Line 2
2026-05-01,morning,T9103,Priya Sharma,ARM-05,yes,33132,annual inspection,Line 4
2026-05-01,afternoon,T9804,Nina Patel,ARM-03,yes,27469,scheduled lubrication cycle,Line 4
2026-05-01,night,T1584,Tobias Richt,ARM-03,yes,96043,repair ticket #5526,Line 3
2026-05-02,morning,T1106,Chen Wei,MULTI,sick_leave,39152,preventive maintenance,Line 2
2026-05-02,afternoon,T4747,Nina Patel,ARM-03,yes,46390,repair ticket #5387,Line 4
2026-05-02,night,T4281,Maria Santos,ARM-05,yes,29422,training session,Training Room
2026-05-03,morning,T6209,Maria Santos,ARM-04,yes,31700,training session,Training Room
2026-05-03,afternoon,T8400,Nina Patel,ARM-04,training,15123,safety audit,Line 3
2026-05-03,night,T3191,Tobias Richt,ARM-05,training,92840,bearing inspection,Line 2
2026-05-04,morning,T6126,Priya Sharma,ARM-02,training,62288,shift handover,Line 2
2026-05-04,afternoon,T7040,Yuki Tanaka,MULTI,yes,95616,annual inspection,Line 1
2026-05-04,night,T6830,Fatima Al-Rashidi,ARM-03,sick_leave,14361,safety audit,Line 2
2026-05-05,morning,T2752,Maria Santos,MULTI,yes,95180,scheduled lubrication cycle,Line 4
2026-05-05,afternoon,T5453,Yuki Tanaka,ARM-05,yes,96585,repair ticket #2196,Line 3
2026-05-05,night,T9227,Fatima Al-Rashidi,ARM-01,yes,55641,bearing inspection,Line 2
2026-05-06,morning,T3294,Lucas Ferreira,ARM-03,sick_leave,11518,preventive maintenance,Line 2
2026-05-06,afternoon,T3167,Priya Sharma,ARM-02,yes,58428,bearing inspection,Line 3
2026-05-06,night,T7220,Nina Patel,ARM-01,yes,51294,repair ticket #6297,Training Room
2026-05-07,morning,T3563,Aisha Diallo,ARM-05,yes,88495,bearing inspection,Line 4
2026-05-07,afternoon,T6700,Priya Sharma,ARM-05,no,43156,safety audit,Line 3
2026-05-07,night,T5802,Chen Wei,ARM-05,sick_leave,79207,sensor calibration,Line 1
2026-05-08,morning,T8582,Maria Santos,ARM-03,no,99375,shift handover,Training Room
2026-05-08,afternoon,T3226,Maria Santos,MULTI,yes,95983,shift handover,Line 4
2026-05-08,night,T7450,Tobias Richt,ARM-05,training,61571,preventive maintenance,Training Room
2026-05-09,morning,T9069,Nina Patel,ARM-05,yes,96158,conveyor belt check,Line 2
2026-05-09,afternoon,T2716,Hana Nakamura,ARM-02,yes,70157,safety audit,Line 4
2026-05-09,night,T4859,Fatima Al-Rashidi,ARM-03,yes,73545,repair ticket #5327,Line 2
2026-05-10,morning,T5897,Carlos Mendez,MULTI,yes,81241,preventive maintenance,Training Room
2026-05-10,afternoon,T4154,Yuki Tanaka,ARM-02,yes,93417,training session,Maintenance Bay
2026-05-10,night,T9246,Priya Sharma,ARM-01,no,61649,shift handover,Line 1
2026-05-11,morning,T4429,Dmitri Volkov,ARM-03,no,33552,scheduled lubrication cycle,Line 2
2026-05-11,afternoon,T1898,Oluwaseun Adebayo,ARM-03,yes,62255,scheduled lubrication cycle,Line 3
2026-05-11,night,T7646,Chen Wei,MULTI,yes,68533,shift handover,Line 2
2026-05-12,morning,T3736,Chen Wei,ARM-04,yes,41961,safety audit,Training Room
2026-05-12,afternoon,T7698,Chen Wei,ARM-02,training,57030,safety audit,Line 1
2026-05-12,night,T6816,Oluwaseun Adebayo,ARM-05,yes,14053,preventive maintenance,Maintenance Bay
2026-05-13,morning,T7787,Yuki Tanaka,ARM-02,yes,90346,scheduled lubrication cycle,Training Room
2026-05-13,afternoon,T8148,Carlos Mendez,MULTI,sick_leave,20300,scheduled lubrication cycle,Line 4
2026-05-13,night,T1379,Dmitri Volkov,ARM-05,yes,95094,preventive maintenance,Line 1
2026-05-14,morning,T7694,Fatima Al-Rashidi,MULTI,training,50171,bearing inspection,Line 1
2026-05-14,afternoon,T7484,Lucas Ferreira,ARM-04,yes,38319,conveyor belt check,Line 4
2026-05-14,night,T3908,Nina Patel,ARM-03,yes,89912,preventive maintenance,Training Room
2026-05-15,morning,T2349,Yuki Tanaka,ARM-05,training,81755,annual inspection,Line 4
2026-05-15,afternoon,T1178,Aisha Diallo,ARM-02,no,86790,sensor calibration,Maintenance Bay
2026-05-15,night,T7492,Chen Wei,ARM-03,yes,59750,repair ticket #6879,Line 1
2026-05-16,morning,T8732,Lucas Ferreira,ARM-02,yes,47279,shift handover,Line 3
2026-05-16,afternoon,T4558,Aisha Diallo,ARM-01,yes,28628,conveyor belt check,Line 4
2026-05-16,night,T6220,Tobias Richt,MULTI,no,85302,scheduled lubrication cycle,Line 4
2026-05-17,morning,T7366,Nina Patel,ARM-04,yes,14934,annual inspection,Line 2
2026-05-17,afternoon,T2710,Oluwaseun Adebayo,ARM-02,yes,11154,preventive maintenance,Line 1
2026-05-17,night,T9119,Fatima Al-Rashidi,ARM-04,no,85248,safety audit,Line 1
2026-05-18,morning,T5169,Lucas Ferreira,ARM-04,no,90616,annual inspection,Line 2
2026-05-18,afternoon,T6428,Dmitri Volkov,MULTI,yes,90064,training session,Line 1
2026-05-18,night,T6886,Lucas Ferreira,ARM-01,yes,26131,scheduled lubrication cycle,Line 3
2026-05-19,morning,T7430,Priya Sharma,ARM-05,training,95467,scheduled lubrication cycle,Training Room
2026-05-19,afternoon,T1309,Tobias Richt,ARM-03,sick_leave,68323,sensor calibration,Line 4
2026-05-19,night,T6810,Dmitri Volkov,ARM-02,yes,40316,repair ticket #5771,Training Room
2026-05-20,morning,T4389,Yuki Tanaka,ARM-01,training,86182,shift handover,Training Room
2026-05-20,afternoon,T5972,Priya Sharma,ARM-04,yes,65688,sensor calibration,Line 4
2026-05-20,night,T6171,Aisha Diallo,ARM-04,yes,75576,scheduled lubrication cycle,Line 1
2026-05-21,morning,T9869,Nina Patel,ARM-02,no,40961,sensor calibration,Line 1
2026-05-21,afternoon,T7226,Dmitri Volkov,ARM-03,yes,19487,conveyor belt check,Line 4
2026-05-21,night,T8038,Carlos Mendez,ARM-04,training,61940,bearing inspection,Line 4
2026-05-22,morning,T1742,Chen Wei,ARM-02,yes,39518,training session,Line 4
2026-05-22,afternoon,T6253,Oluwaseun Adebayo,ARM-04,no,94974,bearing inspection,Maintenance Bay
2026-05-22,night,T1085,Lucas Ferreira,ARM-01,no,75647,sensor calibration,Line 3
2026-05-23,morning,T4860,Oluwaseun Adebayo,ARM-05,yes,93505,scheduled lubrication cycle,Training Room
2026-05-23,afternoon,T6670,Tobias Richt,ARM-01,no,31227,safety audit,Line 1
2026-05-23,night,T8515,Samuel Osei,ARM-05,training,67526,scheduled lubrication cycle,Line 1
2026-05-24,morning,T1852,Oluwaseun Adebayo,MULTI,no,39706,bearing inspection,Line 1
2026-05-24,afternoon,T4470,Dmitri Volkov,ARM-04,sick_leave,33902,bearing inspection,Line 2
2026-05-24,night,T7316,Aisha Diallo,ARM-05,training,27608,annual inspection,Line 2
2026-05-25,morning,T3509,Tobias Richt,ARM-03,no,42865,sensor calibration,Line 3
2026-05-25,afternoon,T7295,Carlos Mendez,ARM-03,yes,95409,shift handover,Line 4
2026-05-25,night,T1574,Tobias Richt,ARM-03,yes,14472,preventive maintenance,Line 2
2026-05-26,morning,T2224,Oluwaseun Adebayo,ARM-04,yes,65161,repair ticket #9598,Line 1
2026-05-26,afternoon,T9847,Samuel Osei,ARM-04,training,95300,conveyor belt check,Training Room
2026-05-26,night,T5785,Dmitri Volkov,ARM-05,sick_leave,36978,repair ticket #7595,Line 4
2026-05-27,morning,T9112,Aisha Diallo,MULTI,no,28724,preventive maintenance,Line 1
2026-05-27,afternoon,T1015,Fatima Al-Rashidi,ARM-05,training,90454,conveyor belt check,Training Room
2026-05-27,night,T4925,Hana Nakamura,ARM-01,yes,40452,training session,Line 4
2026-05-28,morning,T6916,Maria Santos,ARM-02,yes,74113,safety audit,Training Room
2026-05-28,afternoon,T4773,Priya Sharma,ARM-05,no,10274,sensor calibration,Line 1
2026-05-28,night,T5842,Aisha Diallo,MULTI,training,88314,preventive maintenance,Line 3
2026-05-29,morning,T9518,Hana Nakamura,ARM-05,yes,31145,annual inspection,Line 1
2026-05-29,afternoon,T9745,Hana Nakamura,MULTI,training,84104,scheduled lubrication cycle,Line 1
2026-05-29,night,T4302,Maria Santos,ARM-01,yes,38041,training session,Line 3
2026-05-30,morning,T9708,Tobias Richt,MULTI,yes,34165,preventive maintenance,Line 4
2026-05-30,afternoon,T2439,Aisha Diallo,ARM-03,training,28580,safety audit,Line 3
2026-05-30,night,T4138,Nina Patel,ARM-02,yes,86240,annual inspection,Line 4
2026-05-31,morning,T1036,Carlos Mendez,ARM-01,no,92142,scheduled lubrication cycle,Line 3
2026-05-31,afternoon,T8280,Ethan Kowalski,ARM-01,no,62168,preventive maintenance,Line 1
2026-05-31,night,T1438,Maria Santos,ARM-01,no,74840,preventive maintenance,Line 2
2026-05-01,morning,T7238,Nina Patel,ARM-01,yes,45096,scheduled lubrication cycle,Line 3
2026-05-01,afternoon,T9198,Fatima Al-Rashidi,ARM-02,yes,33166,repair ticket #3124,Training Room
2026-05-01,night,T1124,Aisha Diallo,MULTI,sick_leave,17582,repair ticket #4721,Line 4
2026-05-02,morning,T5828,Ethan Kowalski,ARM-04,no,91642,shift handover,Line 1
2026-05-02,afternoon,T2521,Ethan Kowalski,ARM-04,no,80449,safety audit,Maintenance Bay
2026-05-02,night,T2548,Carlos Mendez,ARM-05,yes,61316,annual inspection,Training Room
2026-05-03,morning,T7193,Maria Santos,ARM-04,yes,94689,scheduled lubrication cycle,Maintenance Bay
2026-05-03,afternoon,T3668,Chen Wei,ARM-05,yes,22292,bearing inspection,Line 4
2026-05-03,night,T2575,Priya Sharma,ARM-01,yes,64302,training session,Line 2
2026-05-04,morning,T8942,Maria Santos,ARM-01,no,70001,repair ticket #2184,Training Room
2026-05-04,afternoon,T4981,Hana Nakamura,ARM-02,yes,18265,safety audit,Line 4
2026-05-04,night,T1257,Aisha Diallo,ARM-05,yes,62303,bearing inspection,Line 2
2026-05-05,morning,T1580,Dmitri Volkov,ARM-04,yes,16341,bearing inspection,Training Room
2026-05-05,afternoon,T8165,Nina Patel,ARM-02,sick_leave,88507,bearing inspection,Line 2
2026-05-05,night,T1955,Oluwaseun Adebayo,ARM-01,yes,96454,shift handover,Line 4
2026-05-06,morning,T9908,Carlos Mendez,ARM-02,yes,74425,preventive maintenance,Maintenance Bay
2026-05-06,afternoon,T5447,Carlos Mendez,ARM-01,yes,78325,scheduled lubrication cycle,Maintenance Bay
2026-05-06,night,T7402,Lucas Ferreira,ARM-04,yes,51432,sensor calibration,Line 3
2026-05-07,morning,T9504,Fatima Al-Rashidi,ARM-04,yes,38023,bearing inspection,Line 4
2026-05-07,afternoon,T3759,Yuki Tanaka,ARM-03,training,48524,safety audit,Line 1
2026-05-07,night,T5870,Tobias Richt,ARM-05,yes,24214,repair ticket #5730,Line 3
2026-05-08,morning,T4093,Maria Santos,ARM-03,yes,95339,annual inspection,Line 1
2026-05-08,afternoon,T7620,Yuki Tanaka,ARM-05,sick_leave,78055,preventive maintenance,Line 3
2026-05-08,night,T1991,Lucas Ferreira,ARM-04,sick_leave,64523,bearing inspection,Training Room
2026-05-09,morning,T5669,Maria Santos,ARM-05,training,59515,repair ticket #4171,Line 2
2026-05-09,afternoon,T7105,Fatima Al-Rashidi,ARM-01,yes,59073,training session,Line 4
2026-05-09,night,T7716,Nina Patel,ARM-04,training,99267,safety audit,Line 3
2026-05-10,morning,T3097,Priya Sharma,ARM-04,yes,77383,sensor calibration,Line 1
2026-05-10,afternoon,T5361,Lucas Ferreira,ARM-04,sick_leave,66459,training session,Line 2
2026-05-10,night,T4048,Hana Nakamura,ARM-01,yes,88436,repair ticket #5709,Line 2
2026-05-11,morning,T5177,Ethan Kowalski,ARM-05,sick_leave,14783,preventive maintenance,Line 2
2026-05-11,afternoon,T1020,Fatima Al-Rashidi,ARM-01,yes,88040,conveyor belt check,Line 3
2026-05-11,night,T1142,Dmitri Volkov,ARM-05,no,35873,bearing inspection,Line 1
2026-05-12,morning,T2901,Fatima Al-Rashidi,ARM-03,yes,67548,annual inspection,Maintenance Bay
2026-05-12,afternoon,T5942,Lucas Ferreira,ARM-05,sick_leave,64032,sensor calibration,Line 4
2026-05-12,night,T3541,Lucas Ferreira,ARM-01,yes,25209,safety audit,Maintenance Bay
2026-05-13,morning,T9854,Nina Patel,MULTI,sick_leave,56885,training session,Line 2
2026-05-13,afternoon,T9388,Ethan Kowalski,ARM-01,yes,50496,conveyor belt check,Line 3
2026-05-13,night,T7823,Lucas Ferreira,ARM-02,training,57722,scheduled lubrication cycle,Line 4
2026-05-14,morning,T7508,Priya Sharma,ARM-03,yes,35105,conveyor belt check,Line 2
2026-05-14,afternoon,T4682,Ethan Kowalski,ARM-03,yes,59955,training session,Line 4
2026-05-14,night,T1504,Oluwaseun Adebayo,ARM-05,sick_leave,91708,safety audit,Maintenance Bay
2026-05-15,morning,T8761,Nina Patel,MULTI,no,21493,conveyor belt check,Line 1
2026-05-15,afternoon,T8839,Yuki Tanaka,ARM-03,yes,85364,shift handover,Line 1
2026-05-15,night,T9980,Hana Nakamura,ARM-03,yes,89468,safety audit,Line 4
2026-05-16,morning,T4035,Dmitri Volkov,ARM-02,yes,66084,shift handover,Training Room
2026-05-16,afternoon,T5153,Dmitri Volkov,ARM-05,sick_leave,12177,repair ticket #9470,Line 1
2026-05-16,night,T3747,Lucas Ferreira,MULTI,sick_leave,53631,annual inspection,Maintenance Bay
2026-05-17,morning,T4481,Oluwaseun Adebayo,ARM-01,yes,91039,bearing inspection,Line 4
2026-05-17,afternoon,T1664,Chen Wei,ARM-05,no,55559,safety audit,Training Room
2026-05-17,night,T1671,Tobias Richt,MULTI,sick_leave,13001,repair ticket #1769,Maintenance Bay
2026-05-18,morning,T9488,Dmitri Volkov,ARM-03,yes,87436,sensor calibration,Line 1
2026-05-18,afternoon,T3452,Tobias Richt,ARM-02,sick_leave,36832,preventive maintenance,Line 4
2026-05-18,night,T6883,Lucas Ferreira,ARM-01,sick_leave,19799,safety audit,Training Room
2026-05-19,morning,T5664,Maria Santos,ARM-04,yes,71813,repair ticket #8968,Training Room
2026-05-19,afternoon,T2154,Chen Wei,MULTI,training,69087,shift handover,Line 2
2026-05-19,night,T6659,Fatima Al-Rashidi,ARM-04,yes,62771,training session,Line 3
2026-05-20,morning,T3375,Hana Nakamura,ARM-03,no,44335,bearing inspection,Maintenance Bay
2026-05-20,afternoon,T8473,Maria Santos,ARM-05,sick_leave,99026,sensor calibration,Line 1
2026-05-20,night,T9059,Hana Nakamura,ARM-05,training,87932,scheduled lubrication cycle,Line 4
2026-05-21,morning,T3877,Samuel Osei,ARM-02,yes,77872,sensor calibration,Line 3
2026-05-21,afternoon,T3088,Priya Sharma,MULTI,sick_leave,60466,scheduled lubrication cycle,Line 3
2026-05-21,night,T7359,Carlos Mendez,ARM-03,sick_leave,62583,scheduled lubrication cycle,Line 2
2026-05-22,morning,T4196,Yuki Tanaka,ARM-03,sick_leave,71317,training session,Line 1
2026-05-22,afternoon,T7387,Nina Patel,ARM-03,yes,13991,shift handover,Maintenance Bay
2026-05-22,night,T3394,Ethan Kowalski,ARM-02,yes,44757,scheduled lubrication cycle,Line 2
2026-05-23,morning,T7349,Chen Wei,ARM-04,training,73262,scheduled lubrication cycle,Line 3
2026-05-23,afternoon,T2421,Nina Patel,ARM-04,yes,41291,conveyor belt check,Line 2
2026-05-23,night,T2411,Fatima Al-Rashidi,ARM-05,sick_leave,16186,scheduled lubrication cycle,Line 3
2026-05-24,morning,T9066,Fatima Al-Rashidi,MULTI,yes,86567,bearing inspection,Line 4
2026-05-24,afternoon,T4502,Carlos Mendez,ARM-02,sick_leave,37753,preventive maintenance,Line 4
2026-05-24,night,T9539,Oluwaseun Adebayo,ARM-05,training,26549,scheduled lubrication cycle,Training Room
2026-05-25,morning,T6593,Yuki Tanaka,MULTI,yes,54714,preventive maintenance,Maintenance Bay
2026-05-25,afternoon,T7744,Fatima Al-Rashidi,MULTI,no,96580,preventive maintenance,Line 1
2026-05-25,night,T2654,Carlos Mendez,MULTI,yes,62125,preventive maintenance,Maintenance Bay
2026-05-26,morning,T3572,Samuel Osei,ARM-03,training,42813,sensor calibration,Training Room
2026-05-26,afternoon,T6044,Nina Patel,MULTI,sick_leave,84503,preventive maintenance,Line 3
2026-05-26,night,T1759,Aisha Diallo,MULTI,yes,85506,preventive maintenance,Line 4
2026-05-27,morning,T9236,Aisha Diallo,ARM-01,yes,59882,preventive maintenance,Maintenance Bay
2026-05-27,afternoon,T2321,Priya Sharma,ARM-01,yes,34849,bearing inspection,Line 2
2026-05-27,night,T6082,Aisha Diallo,MULTI,yes,14484,repair ticket #6441,Line 2
2026-05-28,morning,T1660,Fatima Al-Rashidi,ARM-01,yes,65853,training session,Line 2
2026-05-28,afternoon,T4027,Oluwaseun Adebayo,ARM-03,yes,17202,bearing inspection,Line 4
2026-05-28,night,T4622,Maria Santos,ARM-02,training,21323,repair ticket #3047,Line 2
2026-05-29,morning,T8489,Samuel Osei,ARM-01,yes,75882,scheduled lubrication cycle,Line 2
2026-05-29,afternoon,T1767,Chen Wei,ARM-03,yes,42642,preventive maintenance,Line 1
2026-05-29,night,T1275,Nina Patel,ARM-03,training,31224,sensor calibration,Line 2
2026-05-30,morning,T9467,Priya Sharma,ARM-03,yes,13811,preventive maintenance,Line 3
2026-05-30,afternoon,T5410,Maria Santos,MULTI,yes,33367,shift handover,Line 1
2026-05-30,night,T6041,Priya Sharma,ARM-02,no,16866,repair ticket #7700,Line 1
2026-05-31,morning,T7286,Carlos Mendez,ARM-01,yes,16621,conveyor belt check,Maintenance Bay
2026-05-31,afternoon,T7627,Lucas Ferreira,ARM-02,yes,27501,safety audit,Maintenance Bay
2026-05-31,night,T2383,Tobias Richt,ARM-01,sick_leave,95856,annual inspection,Maintenance Bay
2026-05-01,morning,T3188,Oluwaseun Adebayo,ARM-02,sick_leave,27792,annual inspection,Line 1
2026-05-01,afternoon,T8858,Maria Santos,ARM-04,yes,71795,repair ticket #6048,Line 3
2026-05-01,night,T3005,Lucas Ferreira,ARM-05,sick_leave,28900,sensor calibration,Line 1
2026-05-02,morning,T8591,Yuki Tanaka,ARM-04,yes,77625,scheduled lubrication cycle,Line 3
2026-05-02,afternoon,T2407,Fatima Al-Rashidi,ARM-04,yes,35926,bearing inspection,Line 4
2026-05-02,night,T7532,Hana Nakamura,ARM-04,yes,23293,preventive maintenance,Line 4
2026-05-03,morning,T9808,Lucas Ferreira,ARM-03,training,14296,scheduled lubrication cycle,Training Room
2026-05-03,afternoon,T9332,Chen Wei,ARM-01,training,34940,repair ticket #5027,Maintenance Bay
2026-05-03,night,T8896,Maria Santos,ARM-04,yes,90783,scheduled lubrication cycle,Line 2
2026-05-04,morning,T7613,Samuel Osei,ARM-01,sick_leave,94297,annual inspection,Line 4
2026-05-04,afternoon,T6785,Chen Wei,ARM-04,training,35819,sensor calibration,Line 1
2026-05-04,night,T1926,Maria Santos,MULTI,no,97080,preventive maintenance,Line 2
2026-05-05,morning,T5148,Nina Patel,ARM-03,yes,92302,shift handover,Line 3
2026-05-05,afternoon,T7357,Carlos Mendez,ARM-02,no,80561,training session,Training Room
2026-05-05,night,T8715,Tobias Richt,ARM-01,yes,49700,annual inspection,Line 4
2026-05-06,morning,T5602,Oluwaseun Adebayo,ARM-04,sick_leave,98231,preventive maintenance,Line 2
2026-05-06,afternoon,T2115,Tobias Richt,ARM-05,yes,90506,scheduled lubrication cycle,Training Room
2026-05-06,night,T8677,Priya Sharma,MULTI,yes,58087,sensor calibration,Line 3
2026-05-07,morning,T6446,Priya Sharma,ARM-01,yes,89476,repair ticket #9778,Line 2
2026-05-07,afternoon,T3363,Oluwaseun Adebayo,MULTI,yes,14377,bearing inspection,Line 2
2026-05-07,night,T1934,Lucas Ferreira,ARM-05,training,58607,sensor calibration,Training Room
2026-05-08,morning,T2263,Aisha Diallo,MULTI,yes,19772,preventive maintenance,Line 3
2026-05-08,afternoon,T1660,Carlos Mendez,ARM-02,no,71603,shift handover,Line 1
2026-05-08,night,T2577,Carlos Mendez,ARM-04,yes,98327,bearing inspection,Line 1
2026-05-09,morning,T1331,Lucas Ferreira,ARM-04,yes,64892,sensor calibration,Line 1
2026-05-09,afternoon,T8640,Ethan Kowalski,ARM-02,yes,14233,preventive maintenance,Training Room
2026-05-09,night,T8870,Maria Santos,ARM-03,yes,62485,scheduled lubrication cycle,Line 4
2026-05-10,morning,T8538,Aisha Diallo,ARM-01,no,97211,preventive maintenance,Line 2
2026-05-10,afternoon,T6981,Fatima Al-Rashidi,ARM-02,sick_leave,70893,safety audit,Line 2
2026-05-10,night,T2683,Carlos Mendez,ARM-05,training,24392,conveyor belt check,Maintenance Bay
2026-05-11,morning,T8411,Samuel Osei,ARM-05,yes,33135,repair ticket #6132,Line 1
2026-05-11,afternoon,T4600,Fatima Al-Rashidi,ARM-04,yes,35510,scheduled lubrication cycle,Line 4
2026-05-11,night,T3738,Oluwaseun Adebayo,ARM-03,no,65296,safety audit,Line 3
2026-05-12,morning,T5867,Aisha Diallo,MULTI,yes,17936,training session,Line 1
2026-05-12,afternoon,T9693,Maria Santos,MULTI,yes,86276,conveyor belt check,Training Room
2026-05-12,night,T5405,Carlos Mendez,ARM-05,training,72108,repair ticket #1100,Training Room
2026-05-13,morning,T7596,Dmitri Volkov,ARM-03,no,59815,scheduled lubrication cycle,Line 1
2026-05-13,afternoon,T6654,Carlos Mendez,ARM-03,yes,21889,bearing inspection,Line 1
2026-05-13,night,T7083,Ethan Kowalski,ARM-01,yes,55394,conveyor belt check,Line 1
2026-05-14,morning,T4185,Nina Patel,ARM-02,yes,47312,scheduled lubrication cycle,Maintenance Bay
2026-05-14,afternoon,T5083,Tobias Richt,ARM-05,yes,95958,sensor calibration,Line 3
2026-05-14,night,T1321,Aisha Diallo,MULTI,sick_leave,81978,sensor calibration,Line 4
2026-05-15,morning,T7550,Oluwaseun Adebayo,ARM-04,yes,14979,training session,Line 3
2026-05-15,afternoon,T2426,Nina Patel,ARM-04,yes,18168,safety audit,Line 3
2026-05-15,night,T3753,Oluwaseun Adebayo,MULTI,yes,80549,training session,Line 1
2026-05-16,morning,T9511,Lucas Ferreira,ARM-02,sick_leave,49224,training session,Maintenance Bay
2026-05-16,afternoon,T6225,Priya Sharma,MULTI,training,61966,scheduled lubrication cycle,Line 3
2026-05-16,night,T7922,Nina Patel,ARM-02,yes,38278,annual inspection,Line 3
2026-05-17,morning,T4818,Samuel Osei,ARM-03,training,15696,preventive maintenance,Maintenance Bay
2026-05-17,afternoon,T3344,Nina Patel,ARM-05,yes,93679,sensor calibration,Line 3
2026-05-17,night,T1533,Nina Patel,ARM-01,yes,97673,training session,Line 2
2026-05-18,morning,T7821,Aisha Diallo,ARM-01,yes,10140,sensor calibration,Training Room
2026-05-18,afternoon,T9191,Priya Sharma,ARM-02,yes,34388,preventive maintenance,Line 4
2026-05-18,night,T7919,Nina Patel,ARM-01,yes,28793,safety audit,Line 1
2026-05-19,morning,T1691,Priya Sharma,ARM-04,yes,65981,scheduled lubrication cycle,Maintenance Bay
2026-05-19,afternoon,T1323,Samuel Osei,ARM-04,training,46833,bearing inspection,Line 4
2026-05-19,night,T5092,Carlos Mendez,MULTI,training,15860,sensor calibration,Line 3
2026-05-20,morning,T2075,Carlos Mendez,ARM-04,training,84468,annual inspection,Training Room
2026-05-20,afternoon,T5494,Oluwaseun Adebayo,MULTI,sick_leave,61589,sensor calibration,Line 4
2026-05-20,night,T8078,Samuel Osei,ARM-03,yes,86466,conveyor belt check,Maintenance Bay
2026-05-21,morning,T5707,Samuel Osei,ARM-02,no,32863,training session,Line 4
2026-05-21,afternoon,T2014,Oluwaseun Adebayo,ARM-05,sick_leave,47121,safety audit,Line 1
2026-05-21,night,T4660,Fatima Al-Rashidi,ARM-01,yes,33562,safety audit,Line 4
2026-05-22,morning,T2572,Ethan Kowalski,ARM-03,sick_leave,95007,shift handover,Line 2
2026-05-22,afternoon,T6754,Samuel Osei,ARM-05,yes,25463,safety audit,Training Room
2026-05-22,night,T1775,Maria Santos,ARM-05,yes,88379,repair ticket #3731,Line 2
2026-05-23,morning,T2495,Nina Patel,MULTI,training,98057,preventive maintenance,Training Room
2026-05-23,afternoon,T8429,Chen Wei,ARM-02,yes,80337,repair ticket #2874,Maintenance Bay
2026-05-23,night,T7968,Aisha Diallo,MULTI,training,85604,shift handover,Line 2
2026-05-24,morning,T5980,Carlos Mendez,ARM-03,yes,47156,conveyor belt check,Maintenance Bay
2026-05-24,afternoon,T3873,Aisha Diallo,ARM-02,training,54030,safety audit,Training Room
2026-05-24,night,T6108,Oluwaseun Adebayo,ARM-05,yes,65527,preventive maintenance,Line 2
2026-05-25,morning,T9026,Tobias Richt,MULTI,no,22349,sensor calibration,Line 3
2026-05-25,afternoon,T5603,Ethan Kowalski,ARM-04,yes,69457,training session,Training Room
2026-05-25,night,T2239,Priya Sharma,ARM-03,sick_leave,80248,shift handover,Maintenance Bay
2026-05-26,morning,T1287,Chen Wei,ARM-03,yes,93351,shift handover,Line 1
2026-05-26,afternoon,T7912,Maria Santos,ARM-03,training,84069,preventive maintenance,Line 3
2026-05-26,night,T7979,Nina Patel,ARM-01,sick_leave,74776,preventive maintenance,Line 3
2026-05-27,morning,T4370,Maria Santos,ARM-01,training,59639,sensor calibration,Line 4
2026-05-27,afternoon,T7090,Hana Nakamura,ARM-01,no,80066,shift handover,Line 4
2026-05-27,night,T5809,Tobias Richt,MULTI,sick_leave,90974,sensor calibration,Line 3
2026-05-28,morning,T5103,Ethan Kowalski,ARM-05,yes,14224,safety audit,Line 3
2026-05-28,afternoon,T5186,Yuki Tanaka,ARM-01,sick_leave,38109,repair ticket #3124,Line 2
2026-05-28,night,T6012,Lucas Ferreira,ARM-01,yes,18695,shift handover,Line 4
2026-05-29,morning,T8585,Lucas Ferreira,ARM-05,yes,19414,annual inspection,Line 3
2026-05-29,afternoon,T1542,Tobias Richt,ARM-01,yes,33560,annual inspection,Maintenance Bay
2026-05-29,night,T7170,Samuel Osei,ARM-01,yes,25669,conveyor belt check,Training Room
2026-05-30,morning,T9275,Maria Santos,ARM-01,yes,57316,shift handover,Line 1
2026-05-30,afternoon,T3538,Samuel Osei,ARM-01,yes,43779,repair ticket #4105,Line 4
2026-05-30,night,T8338,Samuel Osei,ARM-02,yes,78597,sensor calibration,Line 4
2026-05-31,morning,T1819,Aisha Diallo,MULTI,yes,16529,bearing inspection,Line 2
2026-05-31,afternoon,T4533,Oluwaseun Adebayo,ARM-03,training,51895,shift handover,Line 4
2026-05-31,night,T8517,Maria Santos,ARM-04,yes,55869,repair ticket #9584,Line 1
2026-05-01,morning,T2337,Lucas Ferreira,ARM-05,sick_leave,33760,repair ticket #2697,Line 2
2026-05-01,afternoon,T2253,Carlos Mendez,MULTI,yes,29657,conveyor belt check,Line 3
2026-05-01,night,T4543,Aisha Diallo,ARM-03,training,82339,preventive maintenance,Line 3
2026-05-02,morning,T6777,Nina Patel,MULTI,yes,72845,training session,Line 2
2026-05-02,afternoon,T4775,Samuel Osei,ARM-04,yes,10220,sensor calibration,Line 2
2026-05-02,night,T9388,Hana Nakamura,ARM-04,yes,91701,repair ticket #9359,Line 1
2026-05-03,morning,T9946,Lucas Ferreira,MULTI,no,32248,preventive maintenance,Line 4
2026-05-03,afternoon,T9387,Nina Patel,ARM-02,training,53443,shift handover,Line 2
2026-05-03,night,T8363,Samuel Osei,ARM-01,yes,63752,training session,Line 4
2026-05-04,morning,T9713,Fatima Al-Rashidi,ARM-03,yes,40573,scheduled lubrication cycle,Training Room
2026-05-04,afternoon,T7540,Priya Sharma,ARM-04,sick_leave,40575,sensor calibration,Training Room
2026-05-04,night,T4924,Carlos Mendez,ARM-01,yes,35142,repair ticket #2893,Line 1
2026-05-05,morning,T8738,Ethan Kowalski,ARM-01,sick_leave,11342,repair ticket #5837,Training Room
2026-05-05,afternoon,T7837,Yuki Tanaka,ARM-05,sick_leave,16553,annual inspection,Maintenance Bay
2026-05-05,night,T6296,Samuel Osei,ARM-05,no,15979,safety audit,Line 2
2026-05-06,morning,T9235,Samuel Osei,ARM-02,yes,32845,scheduled lubrication cycle,Maintenance Bay
2026-05-06,afternoon,T3234,Ethan Kowalski,ARM-02,no,79112,sensor calibration,Line 4
2026-05-06,night,T3302,Lucas Ferreira,ARM-01,yes,23471,safety audit,Maintenance Bay
2026-05-07,morning,T5518,Fatima Al-Rashidi,ARM-02,no,27445,annual inspection,Line 1
2026-05-07,afternoon,T4282,Carlos Mendez,MULTI,yes,84666,training session,Line 1
2026-05-07,night,T5584,Priya Sharma,ARM-05,yes,70107,sensor calibration,Line 3
2026-05-08,morning,T5424,Dmitri Volkov,ARM-05,no,63624,scheduled lubrication cycle,Training Room
2026-05-08,afternoon,T6710,Carlos Mendez,ARM-02,no,29601,shift handover,Line 4
2026-05-08,night,T6031,Fatima Al-Rashidi,ARM-04,yes,56060,sensor calibration,Maintenance Bay
2026-05-09,morning,T2342,Lucas Ferreira,ARM-02,yes,65113,conveyor belt check,Line 2
2026-05-09,afternoon,T8578,Lucas Ferreira,ARM-03,sick_leave,69805,conveyor belt check,Line 3
2026-05-09,night,T2553,Lucas Ferreira,ARM-04,yes,85929,scheduled lubrication cycle,Training Room
2026-05-10,morning,T2848,Aisha Diallo,ARM-01,yes,54937,sensor calibration,Line 4
2026-05-10,afternoon,T3558,Maria Santos,MULTI,yes,33372,annual inspection,Line 2
2026-05-10,night,T6430,Maria Santos,ARM-01,yes,79959,annual inspection,Line 2
2026-05-11,morning,T5580,Aisha Diallo,ARM-02,no,25038,sensor calibration,Line 4
2026-05-11,afternoon,T4839,Maria Santos,ARM-02,no,29796,conveyor belt check,Line 1
2026-05-11,night,T2166,Carlos Mendez,ARM-03,training,61165,safety audit,Line 2
2026-05-12,morning,T1369,Oluwaseun Adebayo,MULTI,no,54762,bearing inspection,Line 4
2026-05-12,afternoon,T7745,Hana Nakamura,ARM-02,sick_leave,18720,shift handover,Line 4
2026-05-12,night,T8878,Fatima Al-Rashidi,ARM-02,yes,50062,safety audit,Maintenance Bay
2026-05-13,morning,T2487,Chen Wei,ARM-04,training,97001,annual inspection,Line 2
2026-05-13,afternoon,T1431,Chen Wei,ARM-04,sick_leave,72300,repair ticket #7140,Training Room
2026-05-13,night,T5545,Hana Nakamura,ARM-05,no,86656,conveyor belt check,Line 1
2026-05-14,morning,T5263,Chen Wei,ARM-01,yes,14418,preventive maintenance,Maintenance Bay
2026-05-14,afternoon,T6134,Maria Santos,ARM-01,yes,92229,sensor calibration,Line 2
2026-05-14,night,T4758,Carlos Mendez,ARM-05,yes,47564,repair ticket #5287,Maintenance Bay
2026-05-15,morning,T2151,Chen Wei,ARM-03,yes,65300,conveyor belt check,Line 1
2026-05-15,afternoon,T4471,Samuel Osei,ARM-04,yes,12592,preventive maintenance,Line 4
2026-05-15,night,T1532,Priya Sharma,MULTI,sick_leave,13668,preventive maintenance,Line 4
2026-05-16,morning,T3017,Chen Wei,ARM-04,yes,96852,scheduled lubrication cycle,Line 1
2026-05-16,afternoon,T7683,Hana Nakamura,ARM-05,training,62925,shift handover,Maintenance Bay
2026-05-16,night,T2569,Hana Nakamura,ARM-03,yes,62577,repair ticket #8688,Training Room
2026-05-17,morning,T4305,Oluwaseun Adebayo,ARM-03,yes,32777,training session,Line 3
2026-05-17,afternoon,T6844,Yuki Tanaka,ARM-04,yes,87419,bearing inspection,Line 1
2026-05-17,night,T6535,Yuki Tanaka,ARM-01,yes,15671,annual inspection,Training Room
2026-05-18,morning,T2477,Dmitri Volkov,MULTI,yes,12973,scheduled lubrication cycle,Line 2
2026-05-18,afternoon,T2372,Tobias Richt,ARM-02,yes,47859,scheduled lubrication cycle,Maintenance Bay
2026-05-18,night,T3043,Hana Nakamura,ARM-04,no,92460,conveyor belt check,Line 1
2026-05-19,morning,T2559,Ethan Kowalski,ARM-03,no,54288,bearing inspection,Line 1
2026-05-19,afternoon,T1801,Carlos Mendez,ARM-04,sick_leave,63026,preventive maintenance,Maintenance Bay
2026-05-19,night,T7927,Hana Nakamura,ARM-05,yes,76599,scheduled lubrication cycle,Maintenance Bay
2026-05-20,morning,T5655,Tobias Richt,ARM-03,yes,28446,annual inspection,Line 4
2026-05-20,afternoon,T7598,Maria Santos,ARM-03,no,73084,scheduled lubrication cycle,Line 2
2026-05-20,night,T1191,Carlos Mendez,ARM-05,yes,95644,annual inspection,Line 1
2026-05-21,morning,T5348,Dmitri Volkov,ARM-05,training,79752,scheduled lubrication cycle,Training Room
2026-05-21,afternoon,T3849,Hana Nakamura,ARM-04,no,63641,shift handover,Line 1
2026-05-21,night,T8663,Hana Nakamura,ARM-04,yes,54765,bearing inspection,Maintenance Bay
2026-05-22,morning,T7070,Tobias Richt,ARM-05,yes,33347,training session,Training Room
2026-05-22,afternoon,T5127,Nina Patel,ARM-01,yes,94249,sensor calibration,Line 3
2026-05-22,night,T7717,Aisha Diallo,ARM-03,yes,76783,scheduled lubrication cycle,Line 2
2026-05-23,morning,T6224,Nina Patel,ARM-01,training,94248,bearing inspection,Line 4
2026-05-23,afternoon,T5764,Ethan Kowalski,ARM-05,no,93589,safety audit,Line 4
2026-05-23,night,T3067,Tobias Richt,ARM-04,yes,33865,bearing inspection,Line 1
2026-05-24,morning,T1670,Tobias Richt,ARM-02,training,59904,sensor calibration,Training Room
2026-05-24,afternoon,T7263,Carlos Mendez,ARM-04,yes,62701,sensor calibration,Line 4
2026-05-24,night,T1962,Tobias Richt,MULTI,no,21861,repair ticket #1106,Line 4
2026-05-25,morning,T4358,Fatima Al-Rashidi,ARM-02,sick_leave,26363,bearing inspection,Line 4
2026-05-25,afternoon,T5047,Yuki Tanaka,MULTI,sick_leave,88254,preventive maintenance,Line 4
2026-05-25,night,T3951,Samuel Osei,ARM-03,sick_leave,87681,annual inspection,Line 2
2026-05-26,morning,T5934,Lucas Ferreira,ARM-01,yes,17500,scheduled lubrication cycle,Line 2
2026-05-26,afternoon,T9310,Carlos Mendez,ARM-05,training,58262,conveyor belt check,Line 1
2026-05-26,night,T5632,Maria Santos,ARM-01,training,68746,sensor calibration,Maintenance Bay
2026-05-27,morning,T6487,Maria Santos,ARM-05,no,89293,bearing inspection,Line 2
2026-05-27,afternoon,T2878,Samuel Osei,MULTI,yes,52808,shift handover,Line 3
2026-05-27,night,T8523,Lucas Ferreira,ARM-01,yes,78351,repair ticket #8218,Line 4
2026-05-28,morning,T3647,Dmitri Volkov,ARM-03,sick_leave,85247,conveyor belt check,Line 2
2026-05-28,afternoon,T8473,Maria Santos,ARM-01,no,96204,conveyor belt check,Line 3
2026-05-28,night,T2977,Samuel Osei,ARM-02,yes,29377,annual inspection,Line 1
2026-05-29,morning,T6487,Tobias Richt,ARM-03,yes,38797,annual inspection,Line 4
2026-05-29,afternoon,T9605,Priya Sharma,ARM-02,training,92059,scheduled lubrication cycle,Line 2
2026-05-29,night,T1029,Lucas Ferreira,MULTI,yes,64152,preventive maintenance,Line 3
2026-05-30,morning,T2302,Chen Wei,ARM-04,yes,46958,training session,Line 1
2026-05-30,afternoon,T7099,Hana Nakamura,ARM-04,yes,10412,training session,Training Room
2026-05-30,night,T5167,Fatima Al-Rashidi,ARM-03,no,73029,scheduled lubrication cycle,Line 3
2026-05-31,morning,T1951,Samuel Osei,ARM-03,sick_leave,32121,scheduled lubrication cycle,Maintenance Bay
2026-05-31,afternoon,T7473,Lucas Ferreira,MULTI,sick_leave,15757,scheduled lubrication cycle,Line 1
2026-05-31,night,T4292,Maria Santos,ARM-03,yes,95787,scheduled lubrication cycle,Line 2
2026-05-01,morning,T7865,Maria Santos,ARM-01,yes,90690,bearing inspection,Line 4
2026-05-01,afternoon,T3350,Oluwaseun Adebayo,ARM-03,training,98942,scheduled lubrication cycle,Line 3
2026-05-01,night,T1036,Chen Wei,ARM-01,yes,60452,conveyor belt check,Line 1
2026-05-02,morning,T1024,Nina Patel,MULTI,sick_leave,73388,annual inspection,Maintenance Bay
2026-05-02,afternoon,T4816,Carlos Mendez,ARM-03,yes,61710,safety audit,Line 4
2026-05-02,night,T8495,Hana Nakamura,ARM-01,yes,66613,scheduled lubrication cycle,Line 4
2026-05-03,morning,T7935,Maria Santos,ARM-02,sick_leave,85211,safety audit,Training Room
2026-05-03,afternoon,T6269,Fatima Al-Rashidi,ARM-04,no,60544,shift handover,Maintenance Bay
2026-05-03,night,T5205,Hana Nakamura,ARM-02,sick_leave,88259,scheduled lubrication cycle,Line 3
2026-05-04,morning,T4042,Lucas Ferreira,ARM-05,yes,41608,bearing inspection,Line 3
2026-05-04,afternoon,T3740,Ethan Kowalski,ARM-05,yes,20003,repair ticket #7773,Line 1
2026-05-04,night,T9959,Nina Patel,MULTI,yes,57876,repair ticket #2339,Training Room
2026-05-05,morning,T1342,Yuki Tanaka,ARM-01,yes,11886,annual inspection,Line 1
2026-05-05,afternoon,T4851,Samuel Osei,ARM-04,yes,64465,annual inspection,Maintenance Bay
2026-05-05,night,T8512,Lucas Ferreira,ARM-01,yes,25324,sensor calibration,Line 1
2026-05-06,morning,T7861,Tobias Richt,MULTI,yes,29694,sensor calibration,Line 1
2026-05-06,afternoon,T4991,Nina Patel,ARM-05,training,41368,shift handover,Maintenance Bay
2026-05-06,night,T2186,Tobias Richt,ARM-03,yes,46362,shift handover,Maintenance Bay
2026-05-07,morning,T2362,Tobias Richt,ARM-01,no,79225,safety audit,Line 4
2026-05-07,afternoon,T6375,Lucas Ferreira,ARM-05,sick_leave,35295,annual inspection,Training Room
2026-05-07,night,T4231,Yuki Tanaka,MULTI,training,61209,training session,Line 2
2026-05-08,morning,T7257,Nina Patel,ARM-03,yes,68440,safety audit,Line 4
2026-05-08,afternoon,T6043,Nina Patel,ARM-03,yes,13242,annual inspection,Maintenance Bay
2026-05-08,night,T5155,Fatima Al-Rashidi,ARM-01,yes,91052,annual inspection,Training Room
2026-05-09,morning,T4237,Aisha Diallo,ARM-05,yes,45915,bearing inspection,Training Room
2026-05-09,afternoon,T5762,Tobias Richt,ARM-03,training,39540,conveyor belt check,Training Room
2026-05-09,night,T6542,Yuki Tanaka,MULTI,training,50232,training session,Line 4
2026-05-10,morning,T8631,Samuel Osei,ARM-02,sick_leave,93642,sensor calibration,Training Room
2026-05-10,afternoon,T9576,Ethan Kowalski,ARM-04,no,74084,conveyor belt check,Maintenance Bay
2026-05-10,night,T8043,Chen Wei,ARM-04,yes,41133,sensor calibration,Line 2
2026-05-11,morning,T4079,Aisha Diallo,MULTI,sick_leave,79970,sensor calibration,Training Room
2026-05-11,afternoon,T4387,Maria Santos,ARM-04,yes,31743,preventive maintenance,Line 2
2026-05-11,night,T3447,Nina Patel,ARM-03,yes,64583,annual inspection,Training Room
2026-05-12,morning,T8820,Oluwaseun Adebayo,ARM-02,yes,95488,training session,Line 2
2026-05-12,afternoon,T1782,Priya Sharma,ARM-04,sick_leave,58521,conveyor belt check,Line 2
2026-05-12,night,T5724,Carlos Mendez,ARM-01,yes,66801,bearing inspection,Line 3
2026-05-13,morning,T5623,Yuki Tanaka,ARM-01,yes,24513,scheduled lubrication cycle,Line 3
2026-05-13,afternoon,T5955,Chen Wei,ARM-01,yes,43520,scheduled lubrication cycle,Line 1
2026-05-13,night,T3603,Carlos Mendez,MULTI,sick_leave,56828,annual inspection,Line 2
2026-05-14,morning,T3616,Priya Sharma,ARM-02,training,41000,annual inspection,Line 4
2026-05-14,afternoon,T4898,Carlos Mendez,ARM-01,yes,53687,annual inspection,Training Room
2026-05-14,night,T9712,Carlos Mendez,MULTI,yes,79403,preventive maintenance,Line 3
2026-05-15,morning,T2299,Chen Wei,ARM-04,no,48209,scheduled lubrication cycle,Maintenance Bay
2026-05-15,afternoon,T8388,Chen Wei,ARM-05,sick_leave,85652,annual inspection,Maintenance Bay
2026-05-15,night,T9082,Priya Sharma,ARM-02,training,75712,annual inspection,Maintenance Bay
2026-05-16,morning,T3472,Samuel Osei,ARM-03,sick_leave,91239,training session,Training Room
2026-05-16,afternoon,T6261,Nina Patel,ARM-05,no,90632,conveyor belt check,Line 2
2026-05-16,night,T8353,Samuel Osei,ARM-04,no,41675,scheduled lubrication cycle,Line 4
2026-05-17,morning,T2727,Oluwaseun Adebayo,ARM-03,no,16522,conveyor belt check,Line 4
2026-05-17,afternoon,T3883,Maria Santos,ARM-04,yes,79226,conveyor belt check,Line 1
2026-05-17,night,T9054,Ethan Kowalski,ARM-03,yes,56177,safety audit,Line 4
2026-05-18,morning,T8340,Maria Santos,ARM-01,yes,30849,shift handover,Line 4
2026-05-18,afternoon,T3356,Tobias Richt,ARM-04,yes,27084,preventive maintenance,Line 2
2026-05-18,night,T7181,Samuel Osei,ARM-02,training,39373,training session,Training Room
2026-05-19,morning,T5103,Lucas Ferreira,ARM-04,sick_leave,82961,sensor calibration,Line 1
2026-05-19,afternoon,T9890,Oluwaseun Adebayo,ARM-02,no,55473,bearing inspection,Maintenance Bay
2026-05-19,night,T5329,Samuel Osei,ARM-01,training,32013,repair ticket #9077,Maintenance Bay
2026-05-20,morning,T3435,Nina Patel,ARM-02,sick_leave,55601,annual inspection,Line 4
2026-05-20,afternoon,T2841,Hana Nakamura,ARM-02,no,66008,preventive maintenance,Line 3
2026-05-20,night,T5864,Ethan Kowalski,MULTI,training,90812,bearing inspection,Line 2
2026-05-21,morning,T6312,Maria Santos,ARM-03,sick_leave,28781,conveyor belt check,Line 2
2026-05-21,afternoon,T2782,Nina Patel,ARM-01,no,22433,scheduled lubrication cycle,Line 3
2026-05-21,night,T9447,Dmitri Volkov,MULTI,no,43068,sensor calibration,Line 4
2026-05-22,morning,T4095,Maria Santos,ARM-05,sick_leave,60563,annual inspection,Line 4
2026-05-22,afternoon,T5684,Fatima Al-Rashidi,ARM-02,no,50894,bearing inspection,Maintenance Bay
2026-05-22,night,T7546,Chen Wei,ARM-04,yes,31726,preventive maintenance,Line 3
2026-05-23,morning,T5467,Fatima Al-Rashidi,MULTI,yes,60392,bearing inspection,Maintenance Bay
2026-05-23,afternoon,T4598,Aisha Diallo,ARM-02,no,92620,repair ticket #4113,Line 2
2026-05-23,night,T8271,Aisha Diallo,MULTI,no,45863,scheduled lubrication cycle,Maintenance Bay
2026-05-24,morning,T1093,Priya Sharma,ARM-05,sick_leave,46733,annual inspection,Line 3
2026-05-24,afternoon,T8625,Oluwaseun Adebayo,ARM-03,training,35363,repair ticket #2584,Line 1
2026-05-24,night,T9102,Chen Wei,MULTI,yes,37382,repair ticket #2862,Line 1
2026-05-25,morning,T3769,Yuki Tanaka,ARM-04,yes,79276,repair ticket #3686,Line 1
2026-05-25,afternoon,T8530,Yuki Tanaka,ARM-01,yes,80918,training session,Line 3
2026-05-25,night,T4238,Maria Santos,ARM-05,yes,19905,annual inspection,Maintenance Bay
2026-05-26,morning,T7777,Tobias Richt,MULTI,training,53219,bearing inspection,Line 3
2026-05-26,afternoon,T2597,Lucas Ferreira,ARM-05,sick_leave,62033,training session,Training Room
2026-05-26,night,T3312,Chen Wei,ARM-04,no,44203,conveyor belt check,Line 3
2026-05-27,morning,T7128,Fatima Al-Rashidi,ARM-03,no,11857,annual inspection,Line 1
2026-05-27,afternoon,T1025,Chen Wei,ARM-03,yes,70713,training session,Training Room
2026-05-27,night,T2444,Nina Patel,ARM-02,yes,56417,preventive maintenance,Line 4
2026-05-28,morning,T3020,Aisha Diallo,MULTI,yes,48720,repair ticket #4467,Training Room
2026-05-28,afternoon,T8004,Samuel Osei,ARM-04,yes,85367,scheduled lubrication cycle,Line 3
2026-05-28,night,T2232,Tobias Richt,ARM-03,training,27061,training session,Line 1
2026-05-29,morning,T1620,Oluwaseun Adebayo,ARM-03,yes,25540,scheduled lubrication cycle,Line 2
2026-05-29,afternoon,T9407,Oluwaseun Adebayo,MULTI,yes,77326,sensor calibration,Training Room
2026-05-29,night,T6646,Aisha Diallo,MULTI,yes,49847,scheduled lubrication cycle,Line 4
2026-05-30,morning,T7591,Carlos Mendez,ARM-02,yes,35392,scheduled lubrication cycle,Line 2
2026-05-30,afternoon,T7932,Fatima Al-Rashidi,MULTI,yes,39210,repair ticket #6390,Line 4
2026-05-30,night,T8664,Fatima Al-Rashidi,ARM-04,training,57710,conveyor belt check,Maintenance Bay
2026-05-31,morning,T8799,Nina Patel,ARM-01,yes,62459,annual inspection,Line 1
2026-05-31,afternoon,T7763,Fatima Al-Rashidi,ARM-05,training,46322,training session,Line 2
2026-05-31,night,T6472,Lucas Ferreira,ARM-03,sick_leave,96137,safety audit,Training Room
2026-05-01,morning,T7592,Priya Sharma,ARM-05,yes,93333,safety audit,Training Room
2026-05-01,afternoon,T3362,Aisha Diallo,ARM-04,yes,95992,annual inspection,Maintenance Bay
2026-05-01,night,T3557,Ethan Kowalski,ARM-03,yes,27121,conveyor belt check,Training Room
2026-05-02,morning,T1599,Nina Patel,ARM-01,yes,69654,safety audit,Training Room
2026-05-02,afternoon,T1808,Oluwaseun Adebayo,ARM-05,yes,83821,shift handover,Line 2
2026-05-02,night,T5887,Nina Patel,MULTI,yes,42718,safety audit,Line 4
2026-05-03,morning,T4612,Dmitri Volkov,ARM-04,yes,54993,conveyor belt check,Line 1
2026-05-03,afternoon,T6869,Nina Patel,ARM-04,yes,94319,shift handover,Training Room
2026-05-03,night,T3405,Tobias Richt,ARM-04,training,31521,safety audit,Line 4
2026-05-04,morning,T9237,Nina Patel,ARM-03,sick_leave,63416,bearing inspection,Line 3
2026-05-04,afternoon,T8062,Oluwaseun Adebayo,ARM-02,yes,37302,repair ticket #6605,Line 1
2026-05-04,night,T6315,Chen Wei,ARM-03,no,85451,scheduled lubrication cycle,Training Room
2026-05-05,morning,T5664,Nina Patel,ARM-05,no,21031,safety audit,Training Room
2026-05-05,afternoon,T5903,Samuel Osei,ARM-01,no,57048,bearing inspection,Training Room
2026-05-05,night,T2226,Yuki Tanaka,ARM-02,no,35135,repair ticket #5245,Training Room
2026-05-06,morning,T9470,Yuki Tanaka,ARM-02,yes,82504,bearing inspection,Line 4
2026-05-06,afternoon,T3343,Maria Santos,ARM-01,no,22662,conveyor belt check,Maintenance Bay
2026-05-06,night,T1570,Maria Santos,ARM-04,training,22980,repair ticket #9198,Line 4
2026-05-07,morning,T8345,Carlos Mendez,ARM-01,yes,96628,bearing inspection,Line 2
2026-05-07,afternoon,T9078,Nina Patel,ARM-03,yes,33118,scheduled lubrication cycle,Maintenance Bay
2026-05-07,night,T2184,Fatima Al-Rashidi,ARM-02,training,78378,scheduled lubrication cycle,Training Room
2026-05-08,morning,T3943,Lucas Ferreira,ARM-03,yes,64353,shift handover,Maintenance Bay
2026-05-08,afternoon,T7069,Tobias Richt,ARM-05,training,81103,safety audit,Line 4
2026-05-08,night,T7287,Priya Sharma,MULTI,yes,10151,safety audit,Line 2
2026-05-09,morning,T3307,Yuki Tanaka,ARM-01,sick_leave,33864,training session,Line 2
2026-05-09,afternoon,T4142,Dmitri Volkov,ARM-02,yes,20245,training session,Training Room
2026-05-09,night,T9952,Nina Patel,ARM-01,yes,89419,conveyor belt check,Maintenance Bay
2026-05-10,morning,T9383,Samuel Osei,ARM-02,yes,69627,sensor calibration,Line 4
2026-05-10,afternoon,T3597,Nina Patel,ARM-05,yes,39265,shift handover,Line 4
2026-05-10,night,T9791,Chen Wei,ARM-01,yes,20734,scheduled lubrication cycle,Maintenance Bay
2026-05-11,morning,T1422,Nina Patel,ARM-02,yes,86618,sensor calibration,Training Room
2026-05-11,afternoon,T6706,Oluwaseun Adebayo,MULTI,sick_leave,44863,shift handover,Line 2
2026-05-11,night,T7531,Lucas Ferreira,ARM-04,sick_leave,90390,training session,Maintenance Bay
2026-05-12,morning,T4055,Dmitri Volkov,ARM-04,no,28573,training session,Line 1
2026-05-12,afternoon,T1461,Dmitri Volkov,ARM-01,yes,37421,training session,Maintenance Bay
2026-05-12,night,T6316,Hana Nakamura,ARM-01,yes,95889,shift handover,Line 1
2026-05-13,morning,T8451,Maria Santos,ARM-02,training,68054,bearing inspection,Line 3
2026-05-13,afternoon,T2527,Tobias Richt,MULTI,training,38557,conveyor belt check,Training Room
2026-05-13,night,T5950,Carlos Mendez,ARM-02,no,75507,sensor calibration,Line 3
2026-05-14,morning,T5162,Hana Nakamura,ARM-02,training,39639,preventive maintenance,Line 3
2026-05-14,afternoon,T6928,Dmitri Volkov,ARM-03,yes,64377,safety audit,Line 2
2026-05-14,night,T1556,Oluwaseun Adebayo,ARM-02,training,65996,bearing inspection,Line 3
2026-05-15,morning,T8559,Tobias Richt,ARM-03,yes,76052,conveyor belt check,Maintenance Bay
2026-05-15,afternoon,T7902,Tobias Richt,ARM-05,yes,95600,repair ticket #6253,Training Room
2026-05-15,night,T4516,Fatima Al-Rashidi,ARM-03,yes,40352,repair ticket #4785,Line 4
2026-05-16,morning,T3240,Ethan Kowalski,MULTI,yes,38951,preventive maintenance,Line 3
2026-05-16,afternoon,T5056,Samuel Osei,ARM-01,sick_leave,47035,shift handover,Line 4
2026-05-16,night,T5882,Yuki Tanaka,ARM-01,no,87550,shift handover,Line 3
2026-05-17,morning,T6667,Priya Sharma,ARM-02,no,72549,preventive maintenance,Line 4
2026-05-17,afternoon,T7012,Hana Nakamura,ARM-05,yes,76588,shift handover,Maintenance Bay
2026-05-17,night,T5919,Ethan Kowalski,ARM-05,training,89306,shift handover,Line 4
2026-05-18,morning,T9240,Tobias Richt,ARM-04,no,40994,training session,Line 2
2026-05-18,afternoon,T9966,Samuel Osei,ARM-03,yes,47039,preventive maintenance,Line 4
2026-05-18,night,T3637,Fatima Al-Rashidi,ARM-02,yes,89589,training session,Training Room
2026-05-19,morning,T3848,Nina Patel,ARM-05,yes,60273,training session,Maintenance Bay
2026-05-19,afternoon,T7298,Ethan Kowalski,ARM-05,sick_leave,83876,scheduled lubrication cycle,Line 3
2026-05-19,night,T1058,Priya Sharma,MULTI,yes,20283,repair ticket #1459,Line 1
2026-05-20,morning,T8688,Yuki Tanaka,ARM-01,sick_leave,21367,shift handover,Line 1
2026-05-20,afternoon,T1766,Oluwaseun Adebayo,ARM-02,sick_leave,80395,preventive maintenance,Line 4
2026-05-20,night,T6657,Dmitri Volkov,ARM-01,sick_leave,73380,safety audit,Line 2
2026-05-21,morning,T1930,Dmitri Volkov,MULTI,no,66979,conveyor belt check,Line 1
2026-05-21,afternoon,T5394,Priya Sharma,MULTI,sick_leave,50314,training session,Line 3
2026-05-21,night,T4905,Yuki Tanaka,ARM-02,sick_leave,26974,safety audit,Line 2
2026-05-22,morning,T6174,Dmitri Volkov,ARM-03,yes,50086,conveyor belt check,Line 2
2026-05-22,afternoon,T4667,Ethan Kowalski,ARM-03,training,21374,sensor calibration,Maintenance Bay
2026-05-22,night,T1887,Hana Nakamura,ARM-03,no,51413,scheduled lubrication cycle,Line 2
2026-05-23,morning,T8181,Dmitri Volkov,ARM-02,yes,27216,training session,Line 4
2026-05-23,afternoon,T1336,Chen Wei,ARM-01,yes,97446,safety audit,Line 2
2026-05-23,night,T6215,Yuki Tanaka,ARM-03,sick_leave,60255,repair ticket #4806,Line 4
2026-05-24,morning,T6032,Fatima Al-Rashidi,ARM-03,yes,78340,safety audit,Line 1
2026-05-24,afternoon,T5433,Priya Sharma,ARM-02,yes,66092,bearing inspection,Training Room
2026-05-24,night,T8734,Ethan Kowalski,ARM-03,sick_leave,64525,shift handover,Maintenance Bay
2026-05-25,morning,T9768,Nina Patel,ARM-03,sick_leave,29662,conveyor belt check,Maintenance Bay
2026-05-25,afternoon,T5301,Carlos Mendez,ARM-01,sick_leave,45174,sensor calibration,Line 2
2026-05-25,night,T3539,Oluwaseun Adebayo,ARM-05,training,19473,conveyor belt check,Line 3
2026-05-26,morning,T4462,Aisha Diallo,ARM-04,yes,39636,annual inspection,Training Room
2026-05-26,afternoon,T1577,Chen Wei,ARM-03,yes,51264,repair ticket #5861,Line 3
2026-05-26,night,T8468,Maria Santos,ARM-04,yes,27854,shift handover,Line 3
2026-05-27,morning,T8038,Priya Sharma,ARM-01,yes,30617,conveyor belt check,Line 3
2026-05-27,afternoon,T9645,Maria Santos,ARM-03,yes,29409,annual inspection,Training Room
2026-05-27,night,T9179,Yuki Tanaka,ARM-04,yes,44190,conveyor belt check,Line 2
2026-05-28,morning,T5272,Hana Nakamura,ARM-01,training,21765,safety audit,Line 2
2026-05-28,afternoon,T1229,Maria Santos,ARM-02,sick_leave,55552,scheduled lubrication cycle,Training Room
2026-05-28,night,T9455,Carlos Mendez,ARM-03,sick_leave,65459,repair ticket #7208,Line 2
2026-05-29,morning,T4439,Lucas Ferreira,ARM-02,training,60342,sensor calibration,Training Room
2026-05-29,afternoon,T6759,Tobias Richt,ARM-02,training,79860,annual inspection,Maintenance Bay
2026-05-29,night,T5204,Yuki Tanaka,ARM-05,yes,69882,scheduled lubrication cycle,Line 4
2026-05-30,morning,T6741,Lucas Ferreira,ARM-02,yes,68154,training session,Line 3
2026-05-30,afternoon,T6598,Oluwaseun Adebayo,MULTI,yes,27425,preventive maintenance,Line 3
2026-05-30,night,T5097,Oluwaseun Adebayo,ARM-03,yes,45452,training session,Maintenance Bay
2026-05-31,morning,T5999,Maria Santos,ARM-03,training,47774,conveyor belt check,Training Room
2026-05-31,afternoon,T8608,Dmitri Volkov,ARM-05,yes,75903,conveyor belt check,Line 1
2026-05-31,night,T2502,Fatima Al-Rashidi,MULTI,sick_leave,76337,repair ticket #8135,Line 2
2026-05-01,morning,T1175,Fatima Al-Rashidi,ARM-03,no,49311,conveyor belt check,Line 2
2026-05-01,afternoon,T9388,Maria Santos,ARM-01,yes,70815,preventive maintenance,Line 2
2026-05-01,night,T8025,Yuki Tanaka,ARM-04,no,29997,repair ticket #3498,Maintenance Bay
2026-05-02,morning,T6470,Fatima Al-Rashidi,ARM-01,training,70735,conveyor belt check,Maintenance Bay
2026-05-02,afternoon,T2243,Fatima Al-Rashidi,ARM-01,sick_leave,57253,preventive maintenance,Maintenance Bay
2026-05-02,night,T9519,Dmitri Volkov,ARM-02,no,23635,sensor calibration,Training Room
2026-05-03,morning,T7373,Hana Nakamura,ARM-03,yes,61614,repair ticket #9499,Line 2
2026-05-03,afternoon,T4536,Yuki Tanaka,ARM-04,yes,99616,safety audit,Line 3
2026-05-03,night,T8391,Fatima Al-Rashidi,MULTI,sick_leave,73473,bearing inspection,Maintenance Bay
2026-05-04,morning,T7143,Lucas Ferreira,ARM-03,no,65053,training session,Line 1
2026-05-04,afternoon,T1659,Samuel Osei,MULTI,yes,87580,bearing inspection,Line 4
2026-05-04,night,T9019,Hana Nakamura,MULTI,yes,62037,training session,Line 2
2026-05-05,morning,T8269,Chen Wei,ARM-03,yes,81970,scheduled lubrication cycle,Training Room
2026-05-05,afternoon,T6099,Yuki Tanaka,ARM-04,yes,89068,training session,Line 3
2026-05-05,night,T6680,Maria Santos,ARM-01,training,46195,annual inspection,Line 2
2026-05-06,morning,T6333,Chen Wei,ARM-02,yes,83516,safety audit,Line 2
2026-05-06,afternoon,T9234,Oluwaseun Adebayo,ARM-01,sick_leave,81250,conveyor belt check,Maintenance Bay
2026-05-06,night,T3297,Tobias Richt,MULTI,no,91330,scheduled lubrication cycle,Line 2
2026-05-07,morning,T3285,Aisha Diallo,ARM-04,training,94575,preventive maintenance,Line 4
2026-05-07,afternoon,T1284,Priya Sharma,MULTI,yes,13381,preventive maintenance,Maintenance Bay
2026-05-07,night,T5704,Priya Sharma,ARM-05,yes,56099,sensor calibration,Line 4
2026-05-08,morning,T1505,Dmitri Volkov,MULTI,yes,71076,training session,Line 1
2026-05-08,afternoon,T2099,Chen Wei,ARM-02,training,44764,training session,Line 3
2026-05-08,night,T2529,Priya Sharma,ARM-03,no,94285,preventive maintenance,Training Room
2026-05-09,morning,T9905,Maria Santos,ARM-04,yes,92420,sensor calibration,Line 2
2026-05-09,afternoon,T6153,Aisha Diallo,ARM-02,yes,17343,scheduled lubrication cycle,Line 1
2026-05-09,night,T3189,Dmitri Volkov,ARM-04,no,69547,preventive maintenance,Line 4
2026-05-10,morning,T4728,Ethan Kowalski,ARM-04,training,27721,bearing inspection,Training Room
2026-05-10,afternoon,T1622,Chen Wei,ARM-01,training,41446,conveyor belt check,Maintenance Bay
2026-05-10,night,T3899,Fatima Al-Rashidi,ARM-04,yes,44961,scheduled lubrication cycle,Line 4
2026-05-11,morning,T7984,Ethan Kowalski,ARM-01,no,37729,preventive maintenance,Line 2
2026-05-11,afternoon,T7130,Maria Santos,ARM-03,sick_leave,95725,conveyor belt check,Training Room
2026-05-11,night,T9861,Carlos Mendez,ARM-01,yes,52757,bearing inspection,Line 1
2026-05-12,morning,T4219,Carlos Mendez,ARM-02,training,60690,safety audit,Line 3
2026-05-12,afternoon,T8311,Aisha Diallo,ARM-01,yes,36252,preventive maintenance,Training Room
2026-05-12,night,T2312,Priya Sharma,ARM-01,no,90873,repair ticket #9098,Maintenance Bay
2026-05-13,morning,T7376,Ethan Kowalski,MULTI,sick_leave,73008,scheduled lubrication cycle,Line 3
2026-05-13,afternoon,T5454,Tobias Richt,MULTI,yes,90458,preventive maintenance,Line 1
2026-05-13,night,T3565,Chen Wei,ARM-03,training,64927,scheduled lubrication cycle,Maintenance Bay
2026-05-14,morning,T8307,Chen Wei,ARM-05,yes,51275,training session,Line 2
2026-05-14,afternoon,T5768,Fatima Al-Rashidi,ARM-04,yes,58137,bearing inspection,Line 4
2026-05-14,night,T8271,Maria Santos,ARM-01,no,81998,scheduled lubrication cycle,Line 4
2026-05-15,morning,T4813,Tobias Richt,ARM-01,yes,12270,annual inspection,Training Room
2026-05-15,afternoon,T1262,Priya Sharma,ARM-03,sick_leave,68170,bearing inspection,Line 4
2026-05-15,night,T1986,Chen Wei,ARM-05,yes,18003,preventive maintenance,Line 3
2026-05-16,morning,T9657,Tobias Richt,MULTI,yes,54224,shift handover,Line 2
2026-05-16,afternoon,T4356,Carlos Mendez,ARM-03,yes,17050,preventive maintenance,Line 3
2026-05-16,night,T8524,Chen Wei,ARM-04,no,63233,scheduled lubrication cycle,Line 2
2026-05-17,morning,T2588,Ethan Kowalski,ARM-04,no,84408,safety audit,Line 4
2026-05-17,afternoon,T7184,Hana Nakamura,ARM-04,yes,30483,shift handover,Line 2
2026-05-17,night,T7903,Yuki Tanaka,ARM-05,training,80543,scheduled lubrication cycle,Line 1
2026-05-18,morning,T7801,Chen Wei,MULTI,yes,12102,scheduled lubrication cycle,Line 3
2026-05-18,afternoon,T5354,Chen Wei,MULTI,sick_leave,73324,sensor calibration,Line 4
2026-05-18,night,T9800,Samuel Osei,ARM-02,yes,51727,training session,Line 2
2026-05-19,morning,T7330,Fatima Al-Rashidi,ARM-01,sick_leave,27879,bearing inspection,Line 3
2026-05-19,afternoon,T8152,Dmitri Volkov,ARM-03,yes,42501,repair ticket #4463,Line 1
2026-05-19,night,T4305,Priya Sharma,ARM-02,training,43407,repair ticket #5570,Training Room
2026-05-20,morning,T4965,Ethan Kowalski,ARM-02,sick_leave,22563,training session,Line 3
2026-05-20,afternoon,T4149,Ethan Kowalski,MULTI,yes,88418,scheduled lubrication cycle,Maintenance Bay
2026-05-20,night,T5901,Dmitri Volkov,ARM-02,yes,25546,sensor calibration,Line 4
2026-05-21,morning,T8106,Maria Santos,ARM-03,yes,55214,annual inspection,Maintenance Bay
2026-05-21,afternoon,T9386,Aisha Diallo,ARM-04,yes,22884,preventive maintenance,Training Room
2026-05-21,night,T9177,Fatima Al-Rashidi,ARM-01,training,26901,annual inspection,Maintenance Bay
2026-05-22,morning,T6731,Dmitri Volkov,ARM-02,yes,18592,training session,Maintenance Bay
2026-05-22,afternoon,T1880,Fatima Al-Rashidi,ARM-04,sick_leave,81454,annual inspection,Training Room
2026-05-22,night,T8650,Oluwaseun Adebayo,ARM-02,sick_leave,57262,annual inspection,Line 4
2026-05-23,morning,T9212,Maria Santos,ARM-01,yes,56496,annual inspection,Training Room
2026-05-23,afternoon,T2626,Lucas Ferreira,ARM-02,yes,14174,annual inspection,Line 4
2026-05-23,night,T9397,Fatima Al-Rashidi,ARM-05,sick_leave,56355,annual inspection,Line 3
2026-05-24,morning,T3288,Carlos Mendez,ARM-02,sick_leave,13864,annual inspection,Training Room
2026-05-24,afternoon,T4399,Fatima Al-Rashidi,ARM-05,no,74869,training session,Line 3
2026-05-24,night,T5653,Fatima Al-Rashidi,ARM-02,training,44753,bearing inspection,Line 2
2026-05-25,morning,T8310,Oluwaseun Adebayo,ARM-04,yes,98227,sensor calibration,Line 4
2026-05-25,afternoon,T1219,Lucas Ferreira,ARM-03,no,51506,conveyor belt check,Line 2
2026-05-25,night,T9070,Hana Nakamura,ARM-04,sick_leave,23489,training session,Training Room
2026-05-26,morning,T3446,Chen Wei,MULTI,yes,39568,shift handover,Line 2
2026-05-26,afternoon,T9966,Chen Wei,ARM-03,no,24165,safety audit,Line 2
2026-05-26,night,T6991,Yuki Tanaka,ARM-05,yes,68499,repair ticket #7813,Line 4
2026-05-27,morning,T9739,Yuki Tanaka,ARM-02,yes,77218,scheduled lubrication cycle,Line 4
2026-05-27,afternoon,T2084,Dmitri Volkov,MULTI,yes,98016,conveyor belt check,Line 4
2026-05-27,night,T7954,Ethan Kowalski,ARM-03,sick_leave,21405,preventive maintenance,Training Room
2026-05-28,morning,T8904,Dmitri Volkov,ARM-03,sick_leave,83491,sensor calibration,Line 3
2026-05-28,afternoon,T4605,Chen Wei,ARM-01,training,27651,scheduled lubrication cycle,Line 2
2026-05-28,night,T9495,Tobias Richt,ARM-01,yes,99001,scheduled lubrication cycle,Training Room
2026-05-29,morning,T6199,Priya Sharma,ARM-04,training,52527,repair ticket #5497,Line 4
2026-05-29,afternoon,T7009,Hana Nakamura,ARM-01,yes,60275,repair ticket #7403,Line 1
2026-05-29,night,T8874,Samuel Osei,ARM-02,no,71469,scheduled lubrication cycle,Training Room
2026-05-30,morning,T9557,Lucas Ferreira,ARM-01,sick_leave,26069,conveyor belt check,Maintenance Bay
2026-05-30,afternoon,T6185,Priya Sharma,ARM-03,yes,40246,preventive maintenance,Line 1
2026-05-30,night,T4963,Ethan Kowalski,ARM-03,sick_leave,47129,sensor calibration,Line 4
2026-05-31,morning,T5964,Chen Wei,ARM-03,sick_leave,80733,shift handover,Training Room
2026-05-31,afternoon,T4601,Dmitri Volkov,ARM-03,training,31373,annual inspection,Maintenance Bay
2026-05-31,night,T1195,Chen Wei,ARM-05,yes,85865,training session,Line 4
2026-05-01,morning,T4500,Priya Sharma,ARM-03,training,40383,safety audit,Line 1
2026-05-01,afternoon,T8822,Maria Santos,ARM-02,yes,11255,annual inspection,Line 2
2026-05-01,night,T5492,Maria Santos,ARM-03,no,25711,preventive maintenance,Line 4
2026-05-02,morning,T1612,Priya Sharma,ARM-01,yes,13462,sensor calibration,Line 3
2026-05-02,afternoon,T6468,Lucas Ferreira,ARM-05,training,31149,safety audit,Line 2
2026-05-02,night,T6673,Chen Wei,ARM-01,training,67671,repair ticket #3378,Line 2
2026-05-03,morning,T4508,Oluwaseun Adebayo,ARM-01,sick_leave,25914,bearing inspection,Line 1
2026-05-03,afternoon,T7501,Oluwaseun Adebayo,ARM-02,sick_leave,32766,safety audit,Line 2
2026-05-03,night,T1383,Nina Patel,ARM-01,sick_leave,49353,sensor calibration,Line 1
2026-05-04,morning,T8193,Dmitri Volkov,ARM-02,no,97287,bearing inspection,Line 2
2026-05-04,afternoon,T3921,Tobias Richt,ARM-01,training,31403,conveyor belt check,Line 4
2026-05-04,night,T5834,Ethan Kowalski,ARM-01,training,78207,bearing inspection,Line 1
2026-05-05,morning,T6708,Dmitri Volkov,ARM-05,training,76288,scheduled lubrication cycle,Training Room
2026-05-05,afternoon,T8249,Tobias Richt,ARM-01,yes,95617,bearing inspection,Maintenance Bay
2026-05-05,night,T2914,Chen Wei,ARM-05,sick_leave,34490,scheduled lubrication cycle,Training Room
2026-05-06,morning,T9954,Fatima Al-Rashidi,ARM-01,yes,53676,preventive maintenance,Maintenance Bay
2026-05-06,afternoon,T9251,Ethan Kowalski,ARM-04,training,95501,preventive maintenance,Line 3
2026-05-06,night,T5647,Samuel Osei,ARM-04,yes,48808,training session,Maintenance Bay
2026-05-07,morning,T4717,Lucas Ferreira,MULTI,training,23995,shift handover,Training Room
2026-05-07,afternoon,T1202,Hana Nakamura,ARM-04,yes,87481,training session,Maintenance Bay
2026-05-07,night,T9317,Tobias Richt,MULTI,training,78998,bearing inspection,Training Room
2026-05-08,morning,T2582,Chen Wei,ARM-04,yes,18746,training session,Line 4
2026-05-08,afternoon,T1009,Nina Patel,ARM-03,no,61699,annual inspection,Line 2
2026-05-08,night,T9919,Maria Santos,ARM-01,yes,54423,sensor calibration,Line 1
2026-05-09,morning,T6995,Maria Santos,ARM-03,training,90768,conveyor belt check,Line 4
2026-05-09,afternoon,T5414,Hana Nakamura,ARM-05,yes,78502,preventive maintenance,Line 3
2026-05-09,night,T9708,Carlos Mendez,MULTI,yes,35880,shift handover,Training Room
2026-05-10,morning,T8273,Yuki Tanaka,ARM-02,yes,51630,annual inspection,Line 3
2026-05-10,afternoon,T9388,Hana Nakamura,ARM-03,yes,16228,conveyor belt check,Line 4
2026-05-10,night,T7148,Maria Santos,ARM-02,sick_leave,87724,scheduled lubrication cycle,Line 4
2026-05-11,morning,T6377,Maria Santos,ARM-01,sick_leave,78802,sensor calibration,Line 4
2026-05-11,afternoon,T4769,Aisha Diallo,ARM-01,training,76256,preventive maintenance,Training Room
2026-05-11,night,T1359,Nina Patel,ARM-04,no,16098,scheduled lubrication cycle,Training Room
2026-05-12,morning,T7131,Fatima Al-Rashidi,ARM-04,no,80012,bearing inspection,Maintenance Bay
2026-05-12,afternoon,T8079,Yuki Tanaka,ARM-02,yes,44597,scheduled lubrication cycle,Line 2
2026-05-12,night,T6596,Lucas Ferreira,MULTI,training,78260,conveyor belt check,Line 3
2026-05-13,morning,T6719,Priya Sharma,ARM-02,yes,73074,repair ticket #9829,Line 4
2026-05-13,afternoon,T1977,Lucas Ferreira,ARM-02,training,74361,bearing inspection,Training Room
2026-05-13,night,T4796,Fatima Al-Rashidi,MULTI,yes,59002,shift handover,Line 1
2026-05-14,morning,T8485,Maria Santos,ARM-04,yes,58757,preventive maintenance,Maintenance Bay
2026-05-14,afternoon,T4555,Yuki Tanaka,ARM-03,sick_leave,72226,training session,Line 4
2026-05-14,night,T4575,Yuki Tanaka,ARM-01,sick_leave,84745,scheduled lubrication cycle,Training Room
2026-05-15,morning,T2458,Carlos Mendez,ARM-03,no,32198,safety audit,Maintenance Bay
2026-05-15,afternoon,T3926,Samuel Osei,ARM-05,sick_leave,87632,safety audit,Line 3
2026-05-15,night,T2504,Samuel Osei,ARM-02,training,94018,scheduled lubrication cycle,Training Room
2026-05-16,morning,T2322,Oluwaseun Adebayo,MULTI,no,98981,training session,Maintenance Bay
2026-05-16,afternoon,T1761,Carlos Mendez,ARM-01,yes,85033,safety audit,Line 3
2026-05-16,night,T9133,Oluwaseun Adebayo,ARM-05,yes,38002,sensor calibration,Line 2
2026-05-17,morning,T9321,Priya Sharma,MULTI,yes,50270,shift handover,Line 1
2026-05-17,afternoon,T4352,Nina Patel,MULTI,yes,69245,safety audit,Line 2
2026-05-17,night,T8580,Fatima Al-Rashidi,ARM-05,training,94755,preventive maintenance,Line 3
2026-05-18,morning,T2469,Chen Wei,ARM-05,yes,38875,conveyor belt check,Training Room
2026-05-18,afternoon,T7280,Fatima Al-Rashidi,ARM-02,yes,13848,repair ticket #9564,Line 2
2026-05-18,night,T1944,Carlos Mendez,ARM-05,yes,46689,preventive maintenance,Line 2
2026-05-19,morning,T7917,Samuel Osei,ARM-02,yes,81667,training session,Line 1
2026-05-19,afternoon,T2703,Tobias Richt,ARM-02,no,22456,preventive maintenance,Line 2
2026-05-19,night,T4608,Priya Sharma,ARM-03,yes,31407,training session,Line 4
2026-05-20,morning,T6981,Samuel Osei,ARM-04,sick_leave,36779,preventive maintenance,Line 1
2026-05-20,afternoon,T4867,Aisha Diallo,ARM-05,yes,93327,training session,Line 1
2026-05-20,night,T2254,Chen Wei,MULTI,yes,53098,bearing inspection,Line 1
2026-05-21,morning,T6022,Yuki Tanaka,ARM-01,yes,11286,safety audit,Line 3
2026-05-21,afternoon,T4159,Fatima Al-Rashidi,ARM-03,no,76099,training session,Line 3
2026-05-21,night,T4009,Dmitri Volkov,ARM-03,training,72592,annual inspection,Line 2
2026-05-22,morning,T7051,Nina Patel,ARM-04,yes,30206,repair ticket #3474,Line 3
2026-05-22,afternoon,T8122,Nina Patel,ARM-01,sick_leave,22562,sensor calibration,Line 4
2026-05-22,night,T1316,Dmitri Volkov,ARM-03,yes,19379,preventive maintenance,Line 1
2026-05-23,morning,T6506,Maria Santos,ARM-02,no,87876,conveyor belt check,Line 3
2026-05-23,afternoon,T7853,Ethan Kowalski,ARM-05,sick_leave,43143,training session,Maintenance Bay
2026-05-23,night,T7886,Samuel Osei,ARM-05,training,84624,scheduled lubrication cycle,Line 4
2026-05-24,morning,T9715,Oluwaseun Adebayo,ARM-02,no,92086,annual inspection,Line 2
2026-05-24,afternoon,T1105,Nina Patel,ARM-01,yes,52668,preventive maintenance,Line 2
2026-05-24,night,T4852,Fatima Al-Rashidi,ARM-04,yes,74254,conveyor belt check,Line 4
2026-05-25,morning,T9837,Hana Nakamura,ARM-04,sick_leave,74567,preventive maintenance,Training Room
2026-05-25,afternoon,T7279,Carlos Mendez,ARM-02,no,43916,annual inspection,Training Room
2026-05-25,night,T2115,Nina Patel,ARM-01,yes,96927,scheduled lubrication cycle,Training Room
2026-05-26,morning,T2461,Fatima Al-Rashidi,ARM-03,yes,62490,repair ticket #5599,Line 4
2026-05-26,afternoon,T4077,Fatima Al-Rashidi,ARM-04,training,72463,shift handover,Training Room
2026-05-26,night,T6765,Ethan Kowalski,ARM-02,yes,85895,conveyor belt check,Line 4
2026-05-27,morning,T8595,Aisha Diallo,ARM-03,no,14508,safety audit,Line 1
2026-05-27,afternoon,T7963,Oluwaseun Adebayo,ARM-05,no,65015,conveyor belt check,Line 3
2026-05-27,night,T6925,Oluwaseun Adebayo,MULTI,no,67894,conveyor belt check,Line 2
2026-05-28,morning,T8594,Nina Patel,ARM-01,training,93207,training session,Maintenance Bay
2026-05-28,afternoon,T4360,Oluwaseun Adebayo,MULTI,no,26968,annual inspection,Line 4
2026-05-28,night,T4327,Samuel Osei,ARM-01,sick_leave,88978,bearing inspection,Training Room
2026-05-29,morning,T7071,Carlos Mendez,ARM-04,no,43780,sensor calibration,Line 3
2026-05-29,afternoon,T5931,Tobias Richt,ARM-05,yes,83967,safety audit,Line 4
2026-05-29,night,T2637,Fatima Al-Rashidi,ARM-04,yes,68315,bearing inspection,Line 3
2026-05-30,morning,T8960,Chen Wei,MULTI,sick_leave,68265,conveyor belt check,Maintenance Bay
2026-05-30,afternoon,T8938,Lucas Ferreira,ARM-02,training,73327,training session,Line 2
2026-05-30,night,T4550,Priya Sharma,ARM-04,yes,43048,bearing inspection,Training Room
2026-05-31,morning,T9652,Fatima Al-Rashidi,ARM-05,no,17548,safety audit,Line 4
2026-05-31,afternoon,T5051,Chen Wei,MULTI,no,85902,safety audit,Line 1
2026-05-31,night,T7864,Carlos Mendez,MULTI,yes,62421,scheduled lubrication cycle,Line 1
2026-05-01,morning,T7299,Chen Wei,ARM-02,no,31564,annual inspection,Line 2
2026-05-01,afternoon,T9576,Fatima Al-Rashidi,ARM-03,yes,84349,conveyor belt check,Line 4
2026-05-01,night,T7018,Samuel Osei,ARM-04,yes,64282,scheduled lubrication cycle,Line 1
2026-05-02,morning,T8692,Tobias Richt,ARM-02,yes,33380,repair ticket #7723,Line 3
2026-05-02,afternoon,T7601,Carlos Mendez,ARM-01,yes,62662,shift handover,Maintenance Bay
2026-05-02,night,T6946,Carlos Mendez,ARM-03,yes,65501,preventive maintenance,Line 4
2026-05-03,morning,T6552,Yuki Tanaka,ARM-05,yes,18920,scheduled lubrication cycle,Maintenance Bay
2026-05-03,afternoon,T6779,Carlos Mendez,ARM-04,no,30731,conveyor belt check,Line 2
2026-05-03,night,T8324,Priya Sharma,ARM-05,yes,43133,sensor calibration,Line 1
2026-05-04,morning,T6944,Lucas Ferreira,ARM-02,yes,13000,conveyor belt check,Maintenance Bay
2026-05-04,afternoon,T8833,Ethan Kowalski,ARM-01,yes,98891,sensor calibration,Line 3
2026-05-04,night,T5944,Oluwaseun Adebayo,ARM-01,training,44111,scheduled lubrication cycle,Training Room
2026-05-05,morning,T9898,Fatima Al-Rashidi,ARM-05,sick_leave,22978,repair ticket #9449,Maintenance Bay
2026-05-05,afternoon,T6200,Hana Nakamura,ARM-05,yes,46198,annual inspection,Line 3
2026-05-05,night,T6840,Tobias Richt,MULTI,sick_leave,58314,annual inspection,Line 4
2026-05-06,morning,T6766,Priya Sharma,ARM-03,yes,16162,sensor calibration,Line 1
2026-05-06,afternoon,T7492,Ethan Kowalski,ARM-05,yes,36333,scheduled lubrication cycle,Line 3
2026-05-06,night,T6493,Dmitri Volkov,ARM-03,training,50334,training session,Training Room
2026-05-07,morning,T5173,Ethan Kowalski,ARM-02,training,38130,scheduled lubrication cycle,Training Room
2026-05-07,afternoon,T1189,Lucas Ferreira,ARM-05,sick_leave,97549,conveyor belt check,Maintenance Bay
2026-05-07,night,T7809,Tobias Richt,ARM-04,sick_leave,62678,sensor calibration,Training Room
2026-05-08,morning,T1197,Lucas Ferreira,ARM-03,no,84836,preventive maintenance,Line 4
2026-05-08,afternoon,T3464,Yuki Tanaka,ARM-03,yes,99440,training session,Line 4
2026-05-08,night,T6701,Ethan Kowalski,ARM-05,sick_leave,50252,conveyor belt check,Line 4
2026-05-09,morning,T1189,Dmitri Volkov,ARM-04,sick_leave,73205,annual inspection,Line 2
2026-05-09,afternoon,T9375,Samuel Osei,ARM-05,yes,54910,bearing inspection,Line 4
2026-05-09,night,T9032,Hana Nakamura,ARM-04,no,84426,bearing inspection,Line 4
2026-05-10,morning,T4430,Ethan Kowalski,MULTI,yes,28643,training session,Line 2
2026-05-10,afternoon,T9196,Dmitri Volkov,ARM-01,no,25996,repair ticket #1445,Line 4
2026-05-10,night,T4666,Yuki Tanaka,MULTI,training,88568,repair ticket #5517,Line 1
2026-05-11,morning,T1054,Yuki Tanaka,ARM-04,yes,75221,scheduled lubrication cycle,Line 2
2026-05-11,afternoon,T2886,Aisha Diallo,ARM-02,yes,55155,shift handover,Line 1
2026-05-11,night,T9822,Samuel Osei,ARM-03,no,17925,training session,Maintenance Bay
2026-05-12,morning,T4306,Hana Nakamura,ARM-02,yes,29541,sensor calibration,Maintenance Bay
2026-05-12,afternoon,T2297,Hana Nakamura,ARM-02,no,53043,shift handover,Line 4
2026-05-12,night,T7195,Chen Wei,MULTI,sick_leave,21213,training session,Line 2
2026-05-13,morning,T8921,Samuel Osei,ARM-02,yes,22674,training session,Line 3
2026-05-13,afternoon,T5133,Carlos Mendez,ARM-01,yes,89494,sensor calibration,Line 3
2026-05-13,night,T1757,Samuel Osei,ARM-05,yes,33971,conveyor belt check,Line 1
2026-05-14,morning,T1325,Lucas Ferreira,ARM-02,training,19768,bearing inspection,Line 3
2026-05-14,afternoon,T2593,Fatima Al-Rashidi,MULTI,sick_leave,33144,bearing inspection,Line 4
2026-05-14,night,T9077,Dmitri Volkov,MULTI,no,55781,training session,Line 1
2026-05-15,morning,T4167,Priya Sharma,ARM-04,sick_leave,38453,preventive maintenance,Training Room
2026-05-15,afternoon,T1802,Carlos Mendez,MULTI,no,67423,scheduled lubrication cycle,Maintenance Bay
2026-05-15,night,T7703,Dmitri Volkov,ARM-05,yes,49396,sensor calibration,Line 1
2026-05-16,morning,T2039,Priya Sharma,ARM-05,sick_leave,71376,repair ticket #2389,Maintenance Bay
2026-05-16,afternoon,T3338,Carlos Mendez,ARM-04,no,92934,safety audit,Line 2
2026-05-16,night,T3202,Lucas Ferreira,ARM-01,sick_leave,48082,repair ticket #6712,Line 2
2026-05-17,morning,T8200,Hana Nakamura,ARM-03,yes,94030,scheduled lubrication cycle,Line 1
2026-05-17,afternoon,T1081,Hana Nakamura,ARM-01,yes,79792,safety audit,Line 1
2026-05-17,night,T5337,Oluwaseun Adebayo,ARM-04,no,82498,conveyor belt check,Training Room
2026-05-18,morning,T9209,Lucas Ferreira,ARM-01,yes,83853,scheduled lubrication cycle,Training Room
2026-05-18,afternoon,T8912,Aisha Diallo,ARM-01,sick_leave,51861,preventive maintenance,Line 3
2026-05-18,night,T2022,Fatima Al-Rashidi,ARM-02,yes,72583,preventive maintenance,Line 1
2026-05-19,morning,T3415,Nina Patel,ARM-03,yes,15738,safety audit,Line 4
2026-05-19,afternoon,T6293,Carlos Mendez,ARM-04,training,18966,shift handover,Line 4
2026-05-19,night,T5164,Fatima Al-Rashidi,ARM-01,no,88355,sensor calibration,Line 1
2026-05-20,morning,T9797,Priya Sharma,ARM-04,sick_leave,35358,bearing inspection,Line 1
2026-05-20,afternoon,T5884,Maria Santos,MULTI,yes,14838,preventive maintenance,Training Room
2026-05-20,night,T6965,Samuel Osei,ARM-01,no,33124,sensor calibration,Maintenance Bay
2026-05-21,morning,T2504,Hana Nakamura,ARM-04,yes,69579,training session,Line 2
2026-05-21,afternoon,T4227,Fatima Al-Rashidi,MULTI,training,21977,sensor calibration,Training Room
2026-05-21,night,T8939,Lucas Ferreira,MULTI,yes,93371,annual inspection,Maintenance Bay
2026-05-22,morning,T7255,Yuki Tanaka,ARM-02,no,98245,preventive maintenance,Maintenance Bay
2026-05-22,afternoon,T9863,Lucas Ferreira,ARM-01,yes,13349,scheduled lubrication cycle,Maintenance Bay
2026-05-22,night,T1279,Aisha Diallo,ARM-01,yes,83291,annual inspection,Line 3
2026-05-23,morning,T9406,Maria Santos,ARM-01,sick_leave,96621,scheduled lubrication cycle,Line 3
2026-05-23,afternoon,T1100,Samuel Osei,ARM-05,yes,45501,conveyor belt check,Line 3
2026-05-23,night,T7974,Tobias Richt,ARM-05,yes,36806,training session,Line 2
2026-05-24,morning,T8795,Tobias Richt,ARM-03,training,25687,bearing inspection,Line 3
2026-05-24,afternoon,T1059,Fatima Al-Rashidi,MULTI,yes,24293,shift handover,Line 4
2026-05-24,night,T7546,Nina Patel,ARM-05,training,42601,repair ticket #4612,Line 4
2026-05-25,morning,T9076,Oluwaseun Adebayo,ARM-05,sick_leave,29283,training session,Line 4
2026-05-25,afternoon,T5464,Chen Wei,MULTI,yes,71721,conveyor belt check,Line 1
2026-05-25,night,T1574,Ethan Kowalski,MULTI,yes,85542,sensor calibration,Training Room
2026-05-26,morning,T1788,Fatima Al-Rashidi,MULTI,yes,72457,scheduled lubrication cycle,Line 2
2026-05-26,afternoon,T9168,Chen Wei,ARM-02,sick_leave,20892,conveyor belt check,Line 2
2026-05-26,night,T7603,Ethan Kowalski,ARM-05,yes,55893,safety audit,Line 3
2026-05-27,morning,T7088,Chen Wei,ARM-03,yes,96337,conveyor belt check,Line 3
2026-05-27,afternoon,T9263,Ethan Kowalski,ARM-02,yes,13487,shift handover,Line 1
2026-05-27,night,T9171,Chen Wei,ARM-02,yes,58171,bearing inspection,Line 3
2026-05-28,morning,T5942,Dmitri Volkov,ARM-01,no,91500,preventive maintenance,Line 2
2026-05-28,afternoon,T2613,Lucas Ferreira,ARM-05,training,87927,shift handover,Line 2
2026-05-28,night,T9172,Tobias Richt,ARM-05,sick_leave,63828,annual inspection,Line 4
2026-05-29,morning,T6447,Priya Sharma,ARM-02,training,42619,preventive maintenance,Line 2
2026-05-29,afternoon,T4046,Oluwaseun Adebayo,ARM-04,yes,16814,preventive maintenance,Line 2
2026-05-29,night,T1050,Carlos Mendez,ARM-01,sick_leave,69779,conveyor belt check,Maintenance Bay
2026-05-30,morning,T4217,Priya Sharma,ARM-05,yes,68464,sensor calibration,Line 1
2026-05-30,afternoon,T4199,Carlos Mendez,ARM-02,yes,64091,bearing inspection,Line 1
2026-05-30,night,T9503,Lucas Ferreira,MULTI,yes,20083,sensor calibration,Training Room
2026-05-31,morning,T1808,Yuki Tanaka,ARM-05,yes,47510,safety audit,Line 1
2026-05-31,afternoon,T1224,Lucas Ferreira,ARM-01,training,46017,conveyor belt check,Line 4
2026-05-31,night,T5656,Samuel Osei,ARM-02,yes,45588,annual inspection,Training Room
2026-05-01,morning,T2977,Nina Patel,ARM-03,training,60310,sensor calibration,Training Room
2026-05-01,afternoon,T9563,Oluwaseun Adebayo,ARM-01,yes,25978,sensor calibration,Line 1
2026-05-01,night,T7402,Oluwaseun Adebayo,MULTI,yes,19277,safety audit,Line 1
2026-05-02,morning,T9981,Yuki Tanaka,ARM-01,training,99685,shift handover,Line 1
2026-05-02,afternoon,T6004,Dmitri Volkov,ARM-02,no,38907,safety audit,Maintenance Bay
2026-05-02,night,T2455,Samuel Osei,ARM-04,training,46080,scheduled lubrication cycle,Line 1
2026-05-03,morning,T1248,Tobias Richt,ARM-04,yes,28498,training session,Line 1
2026-05-03,afternoon,T5467,Aisha Diallo,ARM-01,training,53540,preventive maintenance,Line 2
2026-05-03,night,T8857,Maria Santos,MULTI,yes,42559,shift handover,Training Room
2026-05-04,morning,T3660,Hana Nakamura,ARM-05,yes,12111,annual inspection,Maintenance Bay
2026-05-04,afternoon,T6929,Carlos Mendez,ARM-02,no,96032,shift handover,Line 4
2026-05-04,night,T2033,Carlos Mendez,MULTI,sick_leave,11667,conveyor belt check,Training Room
2026-05-05,morning,T8519,Carlos Mendez,ARM-05,yes,60439,annual inspection,Line 4
2026-05-05,afternoon,T8723,Maria Santos,ARM-01,yes,57247,sensor calibration,Line 4
2026-05-05,night,T8907,Maria Santos,ARM-05,yes,61222,training session,Training Room
2026-05-06,morning,T1469,Aisha Diallo,ARM-03,training,29077,safety audit,Training Room
2026-05-06,afternoon,T7337,Priya Sharma,ARM-02,yes,86320,annual inspection,Line 3
2026-05-06,night,T8630,Tobias Richt,ARM-01,sick_leave,18578,sensor calibration,Line 1
2026-05-07,morning,T5904,Maria Santos,ARM-01,yes,57197,preventive maintenance,Line 4
2026-05-07,afternoon,T3290,Chen Wei,ARM-01,no,99163,sensor calibration,Line 3
2026-05-07,night,T8438,Chen Wei,ARM-05,yes,31022,preventive maintenance,Line 4
2026-05-08,morning,T7119,Oluwaseun Adebayo,ARM-05,yes,39240,conveyor belt check,Training Room
2026-05-08,afternoon,T7135,Nina Patel,ARM-01,yes,58514,training session,Maintenance Bay
2026-05-08,night,T2584,Samuel Osei,MULTI,sick_leave,68899,shift handover,Line 4
2026-05-09,morning,T9991,Ethan Kowalski,ARM-02,training,84221,preventive maintenance,Line 4
2026-05-09,afternoon,T2983,Yuki Tanaka,ARM-01,yes,43391,preventive maintenance,Line 2
2026-05-09,night,T5042,Priya Sharma,ARM-03,sick_leave,35884,safety audit,Maintenance Bay
2026-05-10,morning,T9253,Oluwaseun Adebayo,ARM-01,no,29163,conveyor belt check,Line 4
2026-05-10,afternoon,T7981,Ethan Kowalski,MULTI,yes,66988,safety audit,Maintenance Bay
2026-05-10,night,T1959,Tobias Richt,ARM-05,training,21218,bearing inspection,Line 1
2026-05-11,morning,T4465,Fatima Al-Rashidi,ARM-03,sick_leave,28465,training session,Training Room
2026-05-11,afternoon,T4431,Nina Patel,ARM-02,no,55826,scheduled lubrication cycle,Maintenance Bay
2026-05-11,night,T4537,Priya Sharma,ARM-05,no,71393,training session,Training Room
2026-05-12,morning,T9548,Lucas Ferreira,ARM-02,no,47929,bearing inspection,Training Room
2026-05-12,afternoon,T9745,Nina Patel,ARM-05,yes,45214,preventive maintenance,Training Room
2026-05-12,night,T1391,Maria Santos,ARM-04,sick_leave,51257,sensor calibration,Line 2
2026-05-13,morning,T3018,Lucas Ferreira,ARM-02,training,33175,shift handover,Line 2
2026-05-13,afternoon,T7383,Carlos Mendez,ARM-03,yes,23928,scheduled lubrication cycle,Line 1
2026-05-13,night,T7793,Nina Patel,ARM-04,yes,37884,bearing inspection,Line 3
2026-05-14,morning,T4615,Ethan Kowalski,ARM-02,yes,77294,scheduled lubrication cycle,Line 2
2026-05-14,afternoon,T5457,Samuel Osei,ARM-05,no,49171,preventive maintenance,Training Room
2026-05-14,night,T8005,Fatima Al-Rashidi,ARM-04,training,95013,safety audit,Line 1
2026-05-15,morning,T9411,Aisha Diallo,MULTI,training,33675,training session,Line 4
2026-05-15,afternoon,T9612,Maria Santos,MULTI,no,55527,sensor calibration,Line 4
2026-05-15,night,T9919,Samuel Osei,ARM-05,yes,97114,repair ticket #8826,Line 3
2026-05-16,morning,T7959,Dmitri Volkov,ARM-03,yes,71471,scheduled lubrication cycle,Maintenance Bay
2026-05-16,afternoon,T3426,Ethan Kowalski,ARM-02,yes,59017,training session,Line 4
2026-05-16,night,T3673,Lucas Ferreira,ARM-02,yes,56158,scheduled lubrication cycle,Line 2
2026-05-17,morning,T5966,Fatima Al-Rashidi,ARM-01,sick_leave,42785,scheduled lubrication cycle,Line 1
2026-05-17,afternoon,T3396,Maria Santos,ARM-02,yes,81462,scheduled lubrication cycle,Line 4
2026-05-17,night,T6283,Samuel Osei,ARM-05,yes,20912,bearing inspection,Line 4
2026-05-18,morning,T4020,Hana Nakamura,MULTI,training,24398,sensor calibration,Maintenance Bay
2026-05-18,afternoon,T9871,Yuki Tanaka,ARM-02,training,22923,training session,Line 3
2026-05-18,night,T4608,Oluwaseun Adebayo,ARM-05,training,93243,shift handover,Line 3
2026-05-19,morning,T1031,Oluwaseun Adebayo,ARM-03,sick_leave,35405,scheduled lubrication cycle,Line 3
2026-05-19,afternoon,T3883,Chen Wei,ARM-03,sick_leave,27839,scheduled lubrication cycle,Line 4
2026-05-19,night,T9184,Oluwaseun Adebayo,MULTI,sick_leave,52872,safety audit,Maintenance Bay
2026-05-20,morning,T5683,Dmitri Volkov,ARM-05,yes,96300,bearing inspection,Line 3
2026-05-20,afternoon,T7116,Nina Patel,ARM-01,sick_leave,74964,conveyor belt check,Line 3
2026-05-20,night,T4354,Nina Patel,MULTI,yes,62545,bearing inspection,Training Room
2026-05-21,morning,T6330,Yuki Tanaka,ARM-04,training,14518,repair ticket #7652,Line 2
2026-05-21,afternoon,T6415,Fatima Al-Rashidi,ARM-01,yes,36458,conveyor belt check,Maintenance Bay
2026-05-21,night,T4215,Yuki Tanaka,ARM-01,training,82619,conveyor belt check,Line 1
2026-05-22,morning,T8136,Oluwaseun Adebayo,ARM-04,sick_leave,48753,conveyor belt check,Line 2
2026-05-22,afternoon,T2432,Aisha Diallo,ARM-02,yes,65240,scheduled lubrication cycle,Line 3
2026-05-22,night,T3947,Oluwaseun Adebayo,ARM-05,training,45459,repair ticket #9449,Line 4
2026-05-23,morning,T4912,Nina Patel,ARM-01,yes,37989,training session,Line 1
2026-05-23,afternoon,T4992,Priya Sharma,ARM-02,yes,59515,annual inspection,Line 3
2026-05-23,night,T9639,Dmitri Volkov,ARM-03,yes,73630,conveyor belt check,Maintenance Bay
2026-05-24,morning,T3666,Nina Patel,MULTI,yes,95242,shift handover,Line 2
2026-05-24,afternoon,T1216,Chen Wei,ARM-03,no,97918,annual inspection,Training Room
2026-05-24,night,T6342,Nina Patel,ARM-05,training,81777,annual inspection,Line 3
2026-05-25,morning,T6046,Priya Sharma,ARM-04,yes,32902,safety audit,Line 3
2026-05-25,afternoon,T6589,Priya Sharma,ARM-01,yes,33218,safety audit,Line 3
2026-05-25,night,T4669,Yuki Tanaka,ARM-04,sick_leave,81926,repair ticket #3288,Maintenance Bay
2026-05-26,morning,T3554,Ethan Kowalski,ARM-03,yes,67830,preventive maintenance,Maintenance Bay
2026-05-26,afternoon,T5100,Chen Wei,ARM-04,yes,22578,scheduled lubrication cycle,Maintenance Bay
2026-05-26,night,T3919,Dmitri Volkov,ARM-05,yes,64660,preventive maintenance,Maintenance Bay
2026-05-27,morning,T9150,Priya Sharma,ARM-01,yes,38628,bearing inspection,Line 4
2026-05-27,afternoon,T1602,Maria Santos,ARM-02,yes,53423,training session,Maintenance Bay
2026-05-27,night,T2813,Dmitri Volkov,ARM-05,yes,60737,repair ticket #6714,Line 2
2026-05-28,morning,T1699,Chen Wei,ARM-05,no,67293,sensor calibration,Line 2
2026-05-28,afternoon,T3853,Ethan Kowalski,ARM-04,yes,62392,bearing inspection,Line 4
2026-05-28,night,T8602,Maria Santos,ARM-02,no,42653,bearing inspection,Line 1
2026-05-29,morning,T7849,Yuki Tanaka,ARM-05,sick_leave,69611,scheduled lubrication cycle,Training Room
2026-05-29,afternoon,T5218,Oluwaseun Adebayo,ARM-01,training,41711,shift handover,Maintenance Bay
2026-05-29,night,T9823,Chen Wei,ARM-04,training,16182,scheduled lubrication cycle,Line 1
2026-05-30,morning,T2324,Lucas Ferreira,ARM-02,yes,29063,conveyor belt check,Line 3
2026-05-30,afternoon,T5829,Lucas Ferreira,ARM-03,no,71125,safety audit,Line 4
2026-05-30,night,T2880,Tobias Richt,ARM-01,yes,18187,sensor calibration,Line 2
2026-05-31,morning,T3663,Chen Wei,MULTI,yes,38541,training session,Maintenance Bay
2026-05-31,afternoon,T1321,Lucas Ferreira,ARM-03,yes,97456,preventive maintenance,Line 3
2026-05-31,night,T7480,Ethan Kowalski,ARM-01,sick_leave,49165,training session,Line 2
2026-05-01,morning,T4359,Dmitri Volkov,ARM-03,training,51867,training session,Line 3
2026-05-01,afternoon,T3076,Hana Nakamura,MULTI,yes,38127,shift handover,Maintenance Bay
2026-05-01,night,T3516,Ethan Kowalski,MULTI,yes,26811,repair ticket #1235,Maintenance Bay
2026-05-02,morning,T9016,Fatima Al-Rashidi,MULTI,sick_leave,16162,sensor calibration,Training Room
2026-05-02,afternoon,T2144,Lucas Ferreira,ARM-01,training,87328,annual inspection,Line 1
2026-05-02,night,T8082,Dmitri Volkov,ARM-01,sick_leave,38823,shift handover,Maintenance Bay
2026-05-03,morning,T8460,Chen Wei,MULTI,training,20435,preventive maintenance,Line 2
2026-05-03,afternoon,T4505,Fatima Al-Rashidi,ARM-02,no,18527,annual inspection,Maintenance Bay
2026-05-03,night,T8166,Ethan Kowalski,ARM-01,yes,57588,sensor calibration,Line 1
2026-05-04,morning,T9509,Carlos Mendez,ARM-03,yes,16301,bearing inspection,Line 2
2026-05-04,afternoon,T2553,Ethan Kowalski,ARM-01,yes,65728,sensor calibration,Maintenance Bay
2026-05-04,night,T6449,Fatima Al-Rashidi,ARM-01,training,43253,conveyor belt check,Line 2
2026-05-05,morning,T8632,Aisha Diallo,MULTI,sick_leave,89949,safety audit,Line 1
2026-05-05,afternoon,T7709,Carlos Mendez,MULTI,yes,61120,preventive maintenance,Line 3
2026-05-05,night,T8056,Chen Wei,ARM-01,training,63605,safety audit,Line 3
2026-05-06,morning,T5517,Nina Patel,ARM-03,yes,11828,repair ticket #7178,Maintenance Bay
2026-05-06,afternoon,T3996,Fatima Al-Rashidi,ARM-05,yes,88497,sensor calibration,Line 2
2026-05-06,night,T2213,Fatima Al-Rashidi,ARM-02,yes,37130,conveyor belt check,Training Room
2026-05-07,morning,T7140,Tobias Richt,ARM-03,yes,97519,safety audit,Training Room
2026-05-07,afternoon,T8398,Maria Santos,ARM-03,yes,54713,preventive maintenance,Line 3
2026-05-07,night,T5710,Tobias Richt,ARM-02,yes,52031,sensor calibration,Line 4
2026-05-08,morning,T2180,Tobias Richt,ARM-01,yes,82125,conveyor belt check,Line 1
2026-05-08,afternoon,T1141,Samuel Osei,MULTI,yes,42200,training session,Line 4
2026-05-08,night,T6692,Aisha Diallo,MULTI,sick_leave,68129,bearing inspection,Line 1
2026-05-09,morning,T6105,Samuel Osei,ARM-03,yes,82755,training session,Training Room
2026-05-09,afternoon,T9906,Carlos Mendez,ARM-05,yes,57095,training session,Line 2
2026-05-09,night,T2403,Lucas Ferreira,MULTI,yes,94667,annual inspection,Maintenance Bay
2026-05-10,morning,T4552,Aisha Diallo,ARM-03,yes,66011,conveyor belt check,Line 1
2026-05-10,afternoon,T9556,Lucas Ferreira,ARM-04,no,49161,training session,Line 1
2026-05-10,night,T9104,Nina Patel,ARM-05,yes,31761,safety audit,Line 3
2026-05-11,morning,T4914,Samuel Osei,ARM-01,sick_leave,74757,annual inspection,Training Room
2026-05-11,afternoon,T4509,Samuel Osei,ARM-01,yes,58702,shift handover,Line 4
2026-05-11,night,T8197,Nina Patel,ARM-01,yes,40881,bearing inspection,Maintenance Bay
2026-05-12,morning,T4655,Yuki Tanaka,ARM-04,yes,83018,repair ticket #5778,Line 2
2026-05-12,afternoon,T9817,Chen Wei,MULTI,no,77274,training session,Line 2
2026-05-12,night,T4859,Samuel Osei,ARM-04,yes,82862,shift handover,Line 2
2026-05-13,morning,T2187,Nina Patel,ARM-01,yes,42100,safety audit,Line 4
2026-05-13,afternoon,T4144,Maria Santos,ARM-02,training,19929,conveyor belt check,Line 4
2026-05-13,night,T7677,Aisha Diallo,ARM-02,training,81352,training session,Line 2
2026-05-14,morning,T7319,Ethan Kowalski,ARM-03,no,59242,training session,Line 1
2026-05-14,afternoon,T7988,Oluwaseun Adebayo,ARM-03,no,24751,bearing inspection,Training Room
2026-05-14,night,T3573,Lucas Ferreira,ARM-03,training,12631,scheduled lubrication cycle,Line 3
2026-05-15,morning,T6635,Aisha Diallo,ARM-01,training,28394,bearing inspection,Line 4
2026-05-15,afternoon,T3450,Carlos Mendez,ARM-05,yes,38703,shift handover,Line 2
2026-05-15,night,T8114,Priya Sharma,ARM-03,yes,72058,annual inspection,Maintenance Bay
2026-05-16,morning,T3761,Maria Santos,MULTI,training,26549,repair ticket #8409,Line 2
2026-05-16,afternoon,T4803,Ethan Kowalski,MULTI,yes,16628,safety audit,Training Room
2026-05-16,night,T3569,Dmitri Volkov,ARM-05,yes,22602,preventive maintenance,Line 4
2026-05-17,morning,T1393,Dmitri Volkov,ARM-01,yes,50773,bearing inspection,Training Room
2026-05-17,afternoon,T1740,Yuki Tanaka,ARM-04,yes,30884,bearing inspection,Training Room
2026-05-17,night,T6365,Fatima Al-Rashidi,ARM-04,sick_leave,24971,annual inspection,Line 2
2026-05-18,morning,T2156,Aisha Diallo,ARM-04,sick_leave,51650,scheduled lubrication cycle,Line 1
2026-05-18,afternoon,T5354,Fatima Al-Rashidi,ARM-04,training,22964,sensor calibration,Line 2
2026-05-18,night,T5582,Ethan Kowalski,ARM-04,yes,13511,scheduled lubrication cycle,Line 1
2026-05-19,morning,T6805,Priya Sharma,MULTI,yes,68075,sensor calibration,Line 4
2026-05-19,afternoon,T8253,Aisha Diallo,ARM-01,training,36077,safety audit,Maintenance Bay
2026-05-19,night,T3585,Chen Wei,ARM-04,sick_leave,11388,safety audit,Line 1
2026-05-20,morning,T5870,Maria Santos,ARM-05,yes,65104,training session,Line 1
2026-05-20,afternoon,T8880,Hana Nakamura,ARM-05,sick_leave,12681,shift handover,Maintenance Bay
2026-05-20,night,T9620,Oluwaseun Adebayo,ARM-05,sick_leave,89848,sensor calibration,Training Room
2026-05-21,morning,T6740,Chen Wei,MULTI,sick_leave,29880,annual inspection,Line 2
2026-05-21,afternoon,T1913,Aisha Diallo,MULTI,no,82767,annual inspection,Line 3
2026-05-21,night,T5272,Carlos Mendez,ARM-02,yes,45146,training session,Line 4
2026-05-22,morning,T7079,Tobias Richt,ARM-04,yes,87960,safety audit,Line 4
2026-05-22,afternoon,T3735,Tobias Richt,ARM-01,no,64483,sensor calibration,Line 3
2026-05-22,night,T3687,Samuel Osei,ARM-04,yes,91911,repair ticket #5503,Line 1
2026-05-23,morning,T1900,Nina Patel,ARM-03,sick_leave,75221,shift handover,Line 2
2026-05-23,afternoon,T3345,Ethan Kowalski,MULTI,yes,15271,sensor calibration,Line 3
2026-05-23,night,T7008,Ethan Kowalski,ARM-05,sick_leave,29227,bearing inspection,Maintenance Bay
2026-05-24,morning,T9115,Tobias Richt,ARM-04,yes,97337,training session,Training Room
2026-05-24,afternoon,T6946,Ethan Kowalski,ARM-01,yes,55209,shift handover,Line 2
2026-05-24,night,T5728,Dmitri Volkov,ARM-03,sick_leave,80634,sensor calibration,Maintenance Bay
2026-05-25,morning,T4539,Aisha Diallo,ARM-05,training,88951,preventive maintenance,Maintenance Bay
2026-05-25,afternoon,T3159,Samuel Osei,MULTI,yes,35533,annual inspection,Training Room
2026-05-25,night,T4123,Samuel Osei,MULTI,training,36897,conveyor belt check,Line 4
2026-05-26,morning,T9472,Yuki Tanaka,ARM-04,sick_leave,33597,safety audit,Maintenance Bay
2026-05-26,afternoon,T8652,Lucas Ferreira,ARM-04,training,98378,annual inspection,Line 4
2026-05-26,night,T1509,Nina Patel,ARM-03,no,90802,training session,Line 2
2026-05-27,morning,T8042,Samuel Osei,MULTI,sick_leave,71313,preventive maintenance,Line 4
2026-05-27,afternoon,T8251,Chen Wei,ARM-03,yes,76422,preventive maintenance,Training Room
2026-05-27,night,T4467,Yuki Tanaka,ARM-01,yes,79613,bearing inspection,Line 4
2026-05-28,morning,T5730,Oluwaseun Adebayo,ARM-05,no,24226,sensor calibration,Line 3
2026-05-28,afternoon,T6011,Nina Patel,MULTI,yes,14015,conveyor belt check,Line 1
2026-05-28,night,T6469,Lucas Ferreira,ARM-04,no,79326,preventive maintenance,Line 2
2026-05-29,morning,T9201,Oluwaseun Adebayo,ARM-04,yes,15788,safety audit,Line 2
2026-05-29,afternoon,T6483,Dmitri Volkov,ARM-04,yes,48235,annual inspection,Training Room
2026-05-29,night,T6577,Chen Wei,ARM-01,yes,44646,safety audit,Line 1
2026-05-30,morning,T5024,Chen Wei,ARM-01,yes,74637,preventive maintenance,Maintenance Bay
2026-05-30,afternoon,T7309,Ethan Kowalski,MULTI,yes,83308,preventive maintenance,Line 4
2026-05-30,night,T4741,Nina Patel,MULTI,yes,21117,sensor calibration,Line 2
2026-05-31,morning,T9108,Samuel Osei,MULTI,no,93525,conveyor belt check,Line 4
2026-05-31,afternoon,T7915,Hana Nakamura,ARM-03,no,51272,safety audit,Maintenance Bay
2026-05-31,night,T5273,Hana Nakamura,ARM-04,yes,93766,sensor calibration,Maintenance Bay
2026-05-01,morning,T8554,Aisha Diallo,ARM-03,yes,81483,safety audit,Maintenance Bay
2026-05-01,afternoon,T7048,Priya Sharma,ARM-02,sick_leave,99349,bearing inspection,Line 4
2026-05-01,night,T8017,Tobias Richt,ARM-02,no,83759,conveyor belt check,Training Room
2026-05-02,morning,T7542,Samuel Osei,ARM-04,yes,44882,bearing inspection,Line 1
2026-05-02,afternoon,T3007,Oluwaseun Adebayo,ARM-02,training,82518,conveyor belt check,Training Room
2026-05-02,night,T3518,Oluwaseun Adebayo,ARM-02,yes,19672,training session,Line 3
2026-05-03,morning,T3637,Chen Wei,ARM-03,yes,74905,safety audit,Line 2
2026-05-03,afternoon,T3775,Ethan Kowalski,ARM-03,yes,21120,training session,Training Room
2026-05-03,night,T3061,Carlos Mendez,ARM-05,yes,67599,conveyor belt check,Maintenance Bay
2026-05-04,morning,T2899,Yuki Tanaka,MULTI,training,93865,preventive maintenance,Line 4
2026-05-04,afternoon,T1419,Samuel Osei,MULTI,no,42704,safety audit,Line 2
2026-05-04,night,T7251,Priya Sharma,ARM-03,yes,49995,annual inspection,Line 2
2026-05-05,morning,T5816,Samuel Osei,ARM-05,yes,69703,conveyor belt check,Line 4
2026-05-05,afternoon,T9017,Dmitri Volkov,MULTI,training,35192,annual inspection,Maintenance Bay
2026-05-05,night,T2398,Priya Sharma,ARM-03,training,58450,shift handover,Line 3
2026-05-06,morning,T3377,Tobias Richt,ARM-02,no,55467,sensor calibration,Line 4
2026-05-06,afternoon,T1390,Ethan Kowalski,ARM-05,yes,43814,safety audit,Line 2
2026-05-06,night,T1840,Oluwaseun Adebayo,ARM-02,sick_leave,17532,scheduled lubrication cycle,Line 1
2026-05-07,morning,T7582,Oluwaseun Adebayo,ARM-05,sick_leave,20345,repair ticket #6269,Training Room
2026-05-07,afternoon,T3393,Chen Wei,MULTI,sick_leave,41140,preventive maintenance,Training Room
2026-05-07,night,T4231,Chen Wei,ARM-04,no,66464,sensor calibration,Line 3
2026-05-08,morning,T5064,Yuki Tanaka,ARM-05,yes,72553,bearing inspection,Line 4
2026-05-08,afternoon,T7985,Nina Patel,ARM-01,sick_leave,53527,shift handover,Training Room
2026-05-08,night,T2816,Lucas Ferreira,ARM-01,yes,77080,shift handover,Training Room
2026-05-09,morning,T4939,Fatima Al-Rashidi,ARM-05,yes,93354,conveyor belt check,Training Room
2026-05-09,afternoon,T5091,Lucas Ferreira,ARM-05,no,43568,scheduled lubrication cycle,Line 1
2026-05-09,night,T1047,Lucas Ferreira,ARM-04,sick_leave,56412,annual inspection,Line 1
2026-05-10,morning,T9140,Maria Santos,ARM-03,yes,67454,scheduled lubrication cycle,Line 3
2026-05-10,afternoon,T4433,Dmitri Volkov,ARM-03,yes,92508,shift handover,Line 1
2026-05-10,night,T1795,Tobias Richt,ARM-04,yes,27704,bearing inspection,Line 4
2026-05-11,morning,T7554,Priya Sharma,ARM-01,training,47746,repair ticket #6973,Line 1
2026-05-11,afternoon,T5409,Dmitri Volkov,ARM-05,training,65243,preventive maintenance,Line 4
2026-05-11,night,T4117,Lucas Ferreira,ARM-05,yes,88174,repair ticket #3304,Training Room
2026-05-12,morning,T9534,Chen Wei,MULTI,sick_leave,76298,annual inspection,Line 3
2026-05-12,afternoon,T3147,Dmitri Volkov,ARM-03,no,50653,bearing inspection,Line 3
2026-05-12,night,T8976,Yuki Tanaka,ARM-03,yes,39035,sensor calibration,Line 3
2026-05-13,morning,T2528,Aisha Diallo,ARM-05,yes,26646,training session,Line 4
2026-05-13,afternoon,T4817,Samuel Osei,ARM-05,yes,79607,bearing inspection,Line 3
2026-05-13,night,T8974,Dmitri Volkov,ARM-04,sick_leave,63671,training session,Line 2
2026-05-14,morning,T1514,Dmitri Volkov,ARM-04,sick_leave,53526,sensor calibration,Maintenance Bay
2026-05-14,afternoon,T2681,Oluwaseun Adebayo,ARM-02,sick_leave,46520,repair ticket #7312,Line 2
2026-05-14,night,T4084,Tobias Richt,ARM-02,no,63060,shift handover,Line 3
2026-05-15,morning,T3296,Oluwaseun Adebayo,ARM-01,yes,22964,annual inspection,Training Room
2026-05-15,afternoon,T1444,Maria Santos,ARM-03,no,30117,safety audit,Line 3
2026-05-15,night,T8829,Ethan Kowalski,ARM-05,yes,79074,shift handover,Line 2
2026-05-16,morning,T1383,Yuki Tanaka,MULTI,yes,21594,safety audit,Training Room
2026-05-16,afternoon,T9041,Lucas Ferreira,ARM-04,no,80275,safety audit,Maintenance Bay
2026-05-16,night,T3790,Yuki Tanaka,ARM-02,sick_leave,91329,training session,Maintenance Bay
2026-05-17,morning,T1887,Carlos Mendez,ARM-05,yes,32445,shift handover,Training Room
2026-05-17,afternoon,T1925,Aisha Diallo,MULTI,training,65368,scheduled lubrication cycle,Training Room
2026-05-17,night,T6676,Oluwaseun Adebayo,MULTI,training,23574,training session,Line 1
2026-05-18,morning,T6403,Aisha Diallo,MULTI,no,42138,sensor calibration,Line 4
2026-05-18,afternoon,T8230,Yuki Tanaka,ARM-02,no,90536,shift handover,Line 4
2026-05-18,night,T1828,Fatima Al-Rashidi,ARM-02,yes,92567,safety audit,Maintenance Bay
2026-05-19,morning,T2156,Nina Patel,ARM-05,yes,85966,bearing inspection,Line 4
2026-05-19,afternoon,T6120,Lucas Ferreira,ARM-01,yes,29280,training session,Line 2
2026-05-19,night,T1030,Samuel Osei,ARM-05,yes,72509,conveyor belt check,Line 1
2026-05-20,morning,T1358,Nina Patel,ARM-05,yes,88612,repair ticket #9937,Line 2
2026-05-20,afternoon,T1722,Yuki Tanaka,ARM-04,no,71438,safety audit,Line 3
2026-05-20,night,T3355,Yuki Tanaka,ARM-03,sick_leave,21538,sensor calibration,Line 3
2026-05-21,morning,T3506,Dmitri Volkov,ARM-03,no,21401,conveyor belt check,Training Room
2026-05-21,afternoon,T8928,Samuel Osei,ARM-03,sick_leave,55103,repair ticket #1057,Training Room
2026-05-21,night,T4350,Samuel Osei,ARM-01,yes,17765,annual inspection,Line 1
2026-05-22,morning,T1991,Carlos Mendez,ARM-02,no,50693,bearing inspection,Line 3
2026-05-22,afternoon,T8597,Samuel Osei,ARM-03,yes,60238,safety audit,Line 2
2026-05-22,night,T3045,Chen Wei,ARM-02,yes,37436,annual inspection,Line 2
2026-05-23,morning,T3354,Ethan Kowalski,ARM-01,yes,37415,training session,Line 1
2026-05-23,afternoon,T1548,Aisha Diallo,ARM-01,yes,76950,bearing inspection,Line 4
2026-05-23,night,T4381,Ethan Kowalski,MULTI,training,67269,bearing inspection,Maintenance Bay
2026-05-24,morning,T5246,Priya Sharma,MULTI,yes,75050,sensor calibration,Line 3
2026-05-24,afternoon,T9544,Priya Sharma,ARM-04,sick_leave,83308,repair ticket #5890,Training Room
2026-05-24,night,T1160,Tobias Richt,ARM-04,training,47244,bearing inspection,Line 4
2026-05-25,morning,T5630,Aisha Diallo,ARM-01,yes,78915,scheduled lubrication cycle,Training Room
2026-05-25,afternoon,T7170,Tobias Richt,ARM-03,yes,61832,safety audit,Line 1
2026-05-25,night,T4475,Yuki Tanaka,ARM-01,yes,63327,bearing inspection,Line 2
2026-05-26,morning,T5590,Fatima Al-Rashidi,ARM-05,sick_leave,94532,sensor calibration,Maintenance Bay
2026-05-26,afternoon,T1307,Carlos Mendez,ARM-03,yes,56301,scheduled lubrication cycle,Line 4
2026-05-26,night,T2026,Dmitri Volkov,MULTI,sick_leave,79121,scheduled lubrication cycle,Line 1
2026-05-27,morning,T1989,Ethan Kowalski,ARM-04,yes,64693,conveyor belt check,Line 4
2026-05-27,afternoon,T1275,Ethan Kowalski,ARM-01,no,65441,scheduled lubrication cycle,Maintenance Bay
2026-05-27,night,T8109,Hana Nakamura,ARM-01,no,44560,conveyor belt check,Maintenance Bay
2026-05-28,morning,T5095,Dmitri Volkov,ARM-05,yes,21026,preventive maintenance,Maintenance Bay
2026-05-28,afternoon,T5175,Chen Wei,ARM-01,yes,66839,bearing inspection,Line 1
2026-05-28,night,T4257,Fatima Al-Rashidi,ARM-03,yes,60391,conveyor belt check,Line 4
2026-05-29,morning,T3891,Ethan Kowalski,ARM-05,yes,80332,sensor calibration,Line 3
2026-05-29,afternoon,T7110,Yuki Tanaka,ARM-01,yes,64761,safety audit,Training Room
2026-05-29,night,T5245,Ethan Kowalski,ARM-01,yes,24672,repair ticket #2708,Line 1
2026-05-30,morning,T4256,Lucas Ferreira,MULTI,sick_leave,39940,safety audit,Maintenance Bay
2026-05-30,afternoon,T2790,Yuki Tanaka,ARM-05,yes,72959,training session,Line 3
2026-05-30,night,T1495,Ethan Kowalski,ARM-01,yes,12564,conveyor belt check,Line 2
2026-05-31,morning,T4040,Dmitri Volkov,ARM-02,training,82226,shift handover,Line 3
2026-05-31,afternoon,T1011,Carlos Mendez,ARM-03,sick_leave,86682,annual inspection,Line 3
2026-05-31,night,T6259,Yuki Tanaka,ARM-03,yes,13275,scheduled lubrication cycle,Line 2
2026-05-01,morning,T3215,Lucas Ferreira,ARM-02,yes,26123,preventive maintenance,Line 3
2026-05-01,afternoon,T7724,Hana Nakamura,ARM-04,yes,83180,preventive maintenance,Training Room
2026-05-01,night,T9822,Fatima Al-Rashidi,ARM-01,training,94125,scheduled lubrication cycle,Line 4
2026-05-02,morning,T1417,Nina Patel,MULTI,yes,61302,annual inspection,Training Room
2026-05-02,afternoon,T7651,Fatima Al-Rashidi,ARM-05,yes,99933,training session,Maintenance Bay
2026-05-02,night,T5255,Fatima Al-Rashidi,ARM-04,yes,21764,sensor calibration,Line 3
2026-05-03,morning,T8177,Hana Nakamura,ARM-01,sick_leave,78913,annual inspection,Line 3
2026-05-03,afternoon,T7528,Maria Santos,ARM-04,training,29225,preventive maintenance,Line 3
2026-05-03,night,T1252,Aisha Diallo,ARM-04,yes,94481,bearing inspection,Line 1
2026-05-04,morning,T4609,Tobias Richt,ARM-01,sick_leave,58649,shift handover,Training Room
2026-05-04,afternoon,T6138,Lucas Ferreira,ARM-05,yes,57728,conveyor belt check,Line 3
2026-05-04,night,T6702,Fatima Al-Rashidi,ARM-04,training,27938,preventive maintenance,Line 1
2026-05-05,morning,T1182,Chen Wei,ARM-03,training,48765,bearing inspection,Line 1
2026-05-05,afternoon,T5994,Tobias Richt,ARM-02,yes,79661,safety audit,Line 1
2026-05-05,night,T1449,Aisha Diallo,ARM-04,yes,55477,safety audit,Training Room
2026-05-06,morning,T8082,Yuki Tanaka,ARM-04,sick_leave,64965,training session,Training Room
2026-05-06,afternoon,T3488,Fatima Al-Rashidi,ARM-05,yes,89932,annual inspection,Maintenance Bay
2026-05-06,night,T9565,Aisha Diallo,ARM-02,yes,78425,bearing inspection,Line 3
2026-05-07,morning,T2671,Nina Patel,ARM-01,no,73745,training session,Line 2
2026-05-07,afternoon,T9477,Tobias Richt,ARM-05,no,91088,safety audit,Line 2
2026-05-07,night,T1457,Lucas Ferreira,ARM-02,yes,82562,shift handover,Training Room
2026-05-08,morning,T2351,Hana Nakamura,ARM-03,yes,13881,training session,Line 3
2026-05-08,afternoon,T5148,Oluwaseun Adebayo,MULTI,sick_leave,16266,conveyor belt check,Maintenance Bay
2026-05-08,night,T8217,Lucas Ferreira,ARM-03,yes,92255,annual inspection,Line 3
2026-05-09,morning,T9483,Nina Patel,ARM-01,yes,69228,scheduled lubrication cycle,Line 1
2026-05-09,afternoon,T6667,Ethan Kowalski,ARM-02,no,34970,repair ticket #5022,Line 3
2026-05-09,night,T7148,Aisha Diallo,ARM-02,sick_leave,67693,shift handover,Line 4
2026-05-10,morning,T6802,Lucas Ferreira,ARM-04,yes,85676,safety audit,Line 1
2026-05-10,afternoon,T4594,Fatima Al-Rashidi,MULTI,yes,85918,conveyor belt check,Line 4
2026-05-10,night,T4178,Chen Wei,ARM-01,yes,10914,annual inspection,Training Room
2026-05-11,morning,T8298,Nina Patel,ARM-04,yes,41548,repair ticket #5016,Line 1
2026-05-11,afternoon,T4289,Oluwaseun Adebayo,ARM-01,no,35656,repair ticket #5782,Maintenance Bay
2026-05-11,night,T2736,Oluwaseun Adebayo,ARM-04,yes,21842,scheduled lubrication cycle,Line 3
2026-05-12,morning,T6639,Hana Nakamura,ARM-03,sick_leave,99248,repair ticket #1224,Training Room
2026-05-12,afternoon,T9408,Priya Sharma,ARM-02,training,50871,bearing inspection,Training Room
2026-05-12,night,T7166,Ethan Kowalski,ARM-01,yes,81087,safety audit,Line 3
2026-05-13,morning,T4626,Hana Nakamura,ARM-04,yes,55401,sensor calibration,Line 1
2026-05-13,afternoon,T5897,Lucas Ferreira,ARM-02,no,98870,annual inspection,Line 1
2026-05-13,night,T1555,Tobias Richt,ARM-04,training,63517,training session,Line 3
2026-05-14,morning,T7266,Hana Nakamura,ARM-05,sick_leave,28350,training session,Training Room
2026-05-14,afternoon,T5954,Samuel Osei,ARM-04,yes,88711,annual inspection,Line 1
2026-05-14,night,T6816,Lucas Ferreira,ARM-01,sick_leave,42260,preventive maintenance,Maintenance Bay
2026-05-15,morning,T6610,Fatima Al-Rashidi,ARM-01,sick_leave,98783,preventive maintenance,Maintenance Bay
2026-05-15,afternoon,T1384,Hana Nakamura,ARM-01,no,82065,repair ticket #3104,Line 1
2026-05-15,night,T5901,Ethan Kowalski,ARM-01,sick_leave,19530,bearing inspection,Line 2
2026-05-16,morning,T8617,Yuki Tanaka,ARM-04,no,16680,preventive maintenance,Line 4
2026-05-16,afternoon,T4995,Tobias Richt,ARM-04,sick_leave,28447,annual inspection,Training Room
2026-05-16,night,T4197,Oluwaseun Adebayo,ARM-03,sick_leave,24976,annual inspection,Line 2
2026-05-17,morning,T9271,Dmitri Volkov,MULTI,no,78822,annual inspection,Training Room
2026-05-17,afternoon,T3610,Dmitri Volkov,MULTI,yes,79082,safety audit,Training Room
2026-05-17,night,T8831,Oluwaseun Adebayo,ARM-02,yes,14709,sensor calibration,Line 1
2026-05-18,morning,T8503,Ethan Kowalski,ARM-04,yes,75981,conveyor belt check,Line 1
2026-05-18,afternoon,T2551,Oluwaseun Adebayo,ARM-04,yes,75096,training session,Line 3
2026-05-18,night,T9689,Hana Nakamura,ARM-03,sick_leave,96396,bearing inspection,Line 4
2026-05-19,morning,T1970,Carlos Mendez,MULTI,yes,58704,repair ticket #6805,Line 2
2026-05-19,afternoon,T7099,Ethan Kowalski,ARM-05,training,25879,training session,Line 1
2026-05-19,night,T1047,Lucas Ferreira,ARM-02,no,16786,safety audit,Training Room
2026-05-20,morning,T2533,Priya Sharma,ARM-03,yes,24932,repair ticket #6494,Maintenance Bay
2026-05-20,afternoon,T2659,Oluwaseun Adebayo,ARM-03,training,25966,shift handover,Training Room
2026-05-20,night,T4438,Fatima Al-Rashidi,ARM-05,sick_leave,28138,safety audit,Training Room
2026-05-21,morning,T4937,Yuki Tanaka,ARM-03,yes,66920,repair ticket #9912,Line 1
2026-05-21,afternoon,T2875,Lucas Ferreira,ARM-05,yes,45643,sensor calibration,Training Room
2026-05-21,night,T6052,Samuel Osei,MULTI,yes,58694,preventive maintenance,Line 1
2026-05-22,morning,T8769,Chen Wei,MULTI,sick_leave,11131,sensor calibration,Line 3
2026-05-22,afternoon,T4834,Samuel Osei,ARM-04,training,73798,preventive maintenance,Maintenance Bay
2026-05-22,night,T5024,Fatima Al-Rashidi,ARM-01,sick_leave,81842,safety audit,Training Room
2026-05-23,morning,T5479,Nina Patel,ARM-05,yes,33915,training session,Maintenance Bay
2026-05-23,afternoon,T8607,Aisha Diallo,ARM-02,no,18067,preventive maintenance,Line 3
2026-05-23,night,T3288,Maria Santos,ARM-02,no,41893,scheduled lubrication cycle,Line 3
2026-05-24,morning,T2148,Oluwaseun Adebayo,ARM-04,yes,20745,conveyor belt check,Line 2
2026-05-24,afternoon,T1001,Nina Patel,MULTI,sick_leave,90154,annual inspection,Line 4
2026-05-24,night,T8323,Lucas Ferreira,MULTI,yes,28072,repair ticket #7415,Line 3
2026-05-25,morning,T3871,Oluwaseun Adebayo,ARM-05,yes,33621,sensor calibration,Training Room
2026-05-25,afternoon,T1280,Oluwaseun Adebayo,ARM-04,no,56627,conveyor belt check,Line 3
2026-05-25,night,T4424,Tobias Richt,ARM-03,yes,55356,shift handover,Maintenance Bay
2026-05-26,morning,T5129,Yuki Tanaka,ARM-03,sick_leave,42422,preventive maintenance,Maintenance Bay
2026-05-26,afternoon,T8322,Lucas Ferreira,ARM-02,no,81666,preventive maintenance,Line 4
2026-05-26,night,T3840,Nina Patel,MULTI,no,12857,repair ticket #3285,Maintenance Bay
2026-05-27,morning,T8604,Yuki Tanaka,ARM-03,training,17508,scheduled lubrication cycle,Line 2
2026-05-27,afternoon,T9527,Hana Nakamura,ARM-01,yes,86041,safety audit,Maintenance Bay
2026-05-27,night,T5808,Dmitri Volkov,ARM-03,sick_leave,27890,conveyor belt check,Line 4
2026-05-28,morning,T6991,Fatima Al-Rashidi,ARM-03,yes,33512,safety audit,Line 4
2026-05-28,afternoon,T8779,Tobias Richt,ARM-03,training,94497,training session,Line 3
2026-05-28,night,T3982,Aisha Diallo,ARM-03,no,28014,safety audit,Line 3
2026-05-29,morning,T8882,Oluwaseun Adebayo,ARM-01,training,84016,safety audit,Training Room
2026-05-29,afternoon,T4892,Aisha Diallo,ARM-01,training,81638,conveyor belt check,Training Room
2026-05-29,night,T1499,Samuel Osei,ARM-03,yes,15322,preventive maintenance,Training Room
2026-05-30,morning,T1285,Carlos Mendez,MULTI,yes,18979,shift handover,Training Room
2026-05-30,afternoon,T8793,Yuki Tanaka,ARM-05,yes,13167,scheduled lubrication cycle,Maintenance Bay
2026-05-30,night,T1852,Oluwaseun Adebayo,MULTI,no,84356,conveyor belt check,Line 3
2026-05-31,morning,T9243,Oluwaseun Adebayo,ARM-01,yes,32946,bearing inspection,Line 4
2026-05-31,afternoon,T9300,Maria Santos,ARM-01,yes,30557,shift handover,Line 2
2026-05-31,night,T4876,Fatima Al-Rashidi,ARM-04,yes,37523,shift handover,Line 4
2026-05-01,morning,T7172,Hana Nakamura,ARM-03,no,21625,scheduled lubrication cycle,Maintenance Bay
2026-05-01,afternoon,T7651,Tobias Richt,ARM-05,yes,56505,sensor calibration,Line 1
2026-05-01,night,T2602,Samuel Osei,ARM-05,sick_leave,85937,bearing inspection,Line 1
2026-05-02,morning,T4246,Fatima Al-Rashidi,ARM-01,training,39010,safety audit,Line 1
2026-05-02,afternoon,T7271,Carlos Mendez,ARM-05,training,47188,scheduled lubrication cycle,Training Room
2026-05-02,night,T4645,Hana Nakamura,ARM-04,yes,92137,scheduled lubrication cycle,Maintenance Bay
2026-05-03,morning,T1864,Aisha Diallo,ARM-03,training,71108,sensor calibration,Line 1
2026-05-03,afternoon,T6287,Carlos Mendez,ARM-03,yes,98861,sensor calibration,Line 1
2026-05-03,night,T5762,Samuel Osei,ARM-05,yes,48682,safety audit,Training Room
2026-05-04,morning,T2844,Aisha Diallo,ARM-05,yes,68905,shift handover,Line 2
2026-05-04,afternoon,T4619,Aisha Diallo,ARM-03,yes,13389,scheduled lubrication cycle,Maintenance Bay
2026-05-04,night,T6650,Samuel Osei,ARM-02,yes,31361,shift handover,Maintenance Bay
2026-05-05,morning,T2393,Maria Santos,ARM-04,yes,93520,repair ticket #7416,Line 2
2026-05-05,afternoon,T1271,Carlos Mendez,ARM-03,no,64208,training session,Line 3
2026-05-05,night,T8012,Carlos Mendez,MULTI,yes,23109,training session,Training Room
2026-05-06,morning,T5421,Oluwaseun Adebayo,ARM-03,no,34351,preventive maintenance,Line 4
2026-05-06,afternoon,T8539,Tobias Richt,ARM-04,yes,64398,conveyor belt check,Maintenance Bay
2026-05-06,night,T4625,Aisha Diallo,ARM-05,yes,56170,annual inspection,Line 4
2026-05-07,morning,T6470,Ethan Kowalski,ARM-04,yes,18387,conveyor belt check,Line 1
2026-05-07,afternoon,T5006,Carlos Mendez,ARM-05,sick_leave,83728,training session,Line 4
2026-05-07,night,T3932,Dmitri Volkov,ARM-01,sick_leave,27262,bearing inspection,Line 3
2026-05-08,morning,T1377,Chen Wei,ARM-02,training,72021,bearing inspection,Training Room
2026-05-08,afternoon,T4702,Oluwaseun Adebayo,ARM-05,training,62795,sensor calibration,Line 1
2026-05-08,night,T6737,Ethan Kowalski,ARM-03,training,34231,annual inspection,Line 2
2026-05-09,morning,T3803,Priya Sharma,ARM-03,training,41873,preventive maintenance,Line 2
2026-05-09,afternoon,T1925,Oluwaseun Adebayo,ARM-04,yes,47785,shift handover,Line 4
2026-05-09,night,T6616,Lucas Ferreira,ARM-03,yes,10059,annual inspection,Line 3
2026-05-10,morning,T6981,Samuel Osei,ARM-05,yes,94382,repair ticket #5715,Maintenance Bay
2026-05-10,afternoon,T3972,Fatima Al-Rashidi,MULTI,yes,91358,preventive maintenance,Maintenance Bay
2026-05-10,night,T9861,Hana Nakamura,ARM-03,yes,85262,scheduled lubrication cycle,Line 4
2026-05-11,morning,T6589,Samuel Osei,ARM-04,training,72035,training session,Line 1
2026-05-11,afternoon,T8315,Tobias Richt,MULTI,yes,51094,shift handover,Line 1
2026-05-11,night,T5858,Nina Patel,ARM-04,yes,96371,training session,Line 1
2026-05-12,morning,T8571,Dmitri Volkov,ARM-02,yes,83179,training session,Line 4
2026-05-12,afternoon,T7253,Lucas Ferreira,ARM-04,training,33014,scheduled lubrication cycle,Line 2
2026-05-12,night,T8312,Dmitri Volkov,ARM-03,sick_leave,94942,preventive maintenance,Line 2
2026-05-13,morning,T1981,Dmitri Volkov,ARM-02,no,58968,bearing inspection,Line 1
2026-05-13,afternoon,T9226,Lucas Ferreira,ARM-05,yes,86799,safety audit,Training Room
2026-05-13,night,T4577,Maria Santos,MULTI,yes,32895,sensor calibration,Line 1
2026-05-14,morning,T2026,Ethan Kowalski,ARM-01,training,31708,shift handover,Training Room
2026-05-14,afternoon,T1371,Hana Nakamura,MULTI,yes,38949,shift handover,Maintenance Bay
2026-05-14,night,T6990,Aisha Diallo,ARM-03,sick_leave,29241,sensor calibration,Training Room
2026-05-15,morning,T6034,Tobias Richt,ARM-01,yes,35701,safety audit,Maintenance Bay
2026-05-15,afternoon,T5078,Tobias Richt,ARM-03,sick_leave,87328,preventive maintenance,Training Room
2026-05-15,night,T7674,Aisha Diallo,ARM-01,training,83561,repair ticket #1519,Maintenance Bay
2026-05-16,morning,T3133,Priya Sharma,ARM-02,training,55501,preventive maintenance,Line 4
2026-05-16,afternoon,T5383,Carlos Mendez,ARM-01,training,39669,bearing inspection,Line 1
2026-05-16,night,T2554,Hana Nakamura,MULTI,yes,52522,scheduled lubrication cycle,Maintenance Bay
2026-05-17,morning,T8734,Priya Sharma,ARM-02,sick_leave,75458,annual inspection,Training Room
2026-05-17,afternoon,T2124,Nina Patel,MULTI,training,43788,conveyor belt check,Line 4
2026-05-17,night,T6747,Nina Patel,ARM-05,no,90685,training session,Line 1
2026-05-18,morning,T8084,Aisha Diallo,ARM-05,yes,12803,safety audit,Line 1
2026-05-18,afternoon,T1063,Dmitri Volkov,ARM-03,yes,16612,annual inspection,Line 2
2026-05-18,night,T1745,Yuki Tanaka,ARM-05,yes,98980,safety audit,Maintenance Bay
2026-05-19,morning,T9049,Samuel Osei,ARM-02,yes,52755,preventive maintenance,Line 3
2026-05-19,afternoon,T1111,Samuel Osei,MULTI,yes,20404,shift handover,Training Room
2026-05-19,night,T7549,Aisha Diallo,ARM-04,no,85310,sensor calibration,Line 4
2026-05-20,morning,T5546,Chen Wei,ARM-02,training,88969,sensor calibration,Line 4
2026-05-20,afternoon,T8259,Oluwaseun Adebayo,ARM-05,yes,54790,conveyor belt check,Training Room
2026-05-20,night,T4114,Priya Sharma,ARM-03,training,83614,repair ticket #2939,Maintenance Bay
2026-05-21,morning,T3969,Hana Nakamura,ARM-03,yes,54439,preventive maintenance,Maintenance Bay
2026-05-21,afternoon,T4275,Nina Patel,ARM-02,yes,99086,conveyor belt check,Line 1
2026-05-21,night,T6908,Lucas Ferreira,ARM-04,yes,91578,repair ticket #3446,Line 1
2026-05-22,morning,T3645,Fatima Al-Rashidi,MULTI,yes,99177,sensor calibration,Line 3
2026-05-22,afternoon,T6816,Fatima Al-Rashidi,ARM-03,training,23047,repair ticket #3037,Line 3
2026-05-22,night,T9658,Nina Patel,ARM-05,sick_leave,97038,conveyor belt check,Maintenance Bay
2026-05-23,morning,T1244,Carlos Mendez,ARM-03,no,45613,scheduled lubrication cycle,Training Room
2026-05-23,afternoon,T5254,Nina Patel,ARM-01,sick_leave,80283,bearing inspection,Line 2
2026-05-23,night,T7135,Samuel Osei,ARM-03,yes,10527,conveyor belt check,Line 4
2026-05-24,morning,T7614,Fatima Al-Rashidi,ARM-03,training,46251,training session,Training Room
2026-05-24,afternoon,T2180,Samuel Osei,ARM-04,no,92297,training session,Line 2
2026-05-24,night,T3439,Tobias Richt,ARM-04,sick_leave,89720,scheduled lubrication cycle,Line 1
2026-05-25,morning,T9688,Aisha Diallo,ARM-01,yes,83354,safety audit,Line 2
2026-05-25,afternoon,T6712,Aisha Diallo,MULTI,yes,28540,shift handover,Line 1
2026-05-25,night,T3137,Aisha Diallo,ARM-03,yes,45458,safety audit,Maintenance Bay
2026-05-26,morning,T9930,Fatima Al-Rashidi,ARM-02,sick_leave,51024,sensor calibration,Line 4
2026-05-26,afternoon,T7643,Ethan Kowalski,ARM-04,sick_leave,87339,bearing inspection,Maintenance Bay
2026-05-26,night,T5814,Yuki Tanaka,ARM-01,no,91621,safety audit,Line 1
2026-05-27,morning,T9206,Tobias Richt,ARM-03,yes,88530,repair ticket #8237,Line 3
2026-05-27,afternoon,T4466,Priya Sharma,MULTI,no,56446,training session,Line 3
2026-05-27,night,T4181,Carlos Mendez,ARM-01,yes,15158,preventive maintenance,Line 3
2026-05-28,morning,T1404,Dmitri Volkov,ARM-03,yes,56893,repair ticket #1140,Line 1
2026-05-28,afternoon,T7602,Carlos Mendez,ARM-02,no,65404,scheduled lubrication cycle,Line 2
2026-05-28,night,T5163,Tobias Richt,ARM-01,yes,57621,shift handover,Maintenance Bay
2026-05-29,morning,T1705,Tobias Richt,ARM-03,yes,47325,annual inspection,Maintenance Bay
2026-05-29,afternoon,T1170,Carlos Mendez,ARM-03,yes,46803,training session,Line 1
2026-05-29,night,T2322,Nina Patel,ARM-02,sick_leave,57632,shift handover,Training Room
2026-05-30,morning,T4154,Chen Wei,MULTI,yes,31674,conveyor belt check,Line 1
2026-05-30,afternoon,T7617,Lucas Ferreira,ARM-02,training,91201,safety audit,Training Room
2026-05-30,night,T4700,Maria Santos,ARM-04,training,94498,conveyor belt check,Line 4
2026-05-31,morning,T2729,Carlos Mendez,ARM-05,sick_leave,43248,training session,Line 2
2026-05-31,afternoon,T7886,Hana Nakamura,ARM-03,yes,17301,shift handover,Line 2
2026-05-31,night,T9555,Chen Wei,ARM-02,sick_leave,51027,safety audit,Maintenance Bay
2026-05-01,morning,T9094,Chen Wei,ARM-05,sick_leave,19727,training session,Line 4
2026-05-01,afternoon,T6254,Carlos Mendez,ARM-03,yes,69220,repair ticket #7970,Maintenance Bay
2026-05-01,night,T7402,Lucas Ferreira,ARM-05,yes,13757,safety audit,Line 4
2026-05-02,morning,T7251,Samuel Osei,ARM-01,sick_leave,88660,shift handover,Line 1
2026-05-02,afternoon,T5029,Dmitri Volkov,ARM-03,training,25842,repair ticket #4068,Line 4
2026-05-02,night,T9889,Nina Patel,MULTI,training,30136,preventive maintenance,Maintenance Bay
2026-05-03,morning,T5067,Priya Sharma,ARM-03,sick_leave,44042,safety audit,Line 1
2026-05-03,afternoon,T8091,Dmitri Volkov,ARM-02,sick_leave,79866,scheduled lubrication cycle,Line 4
2026-05-03,night,T2988,Aisha Diallo,ARM-04,training,28911,repair ticket #5259,Line 4
2026-05-04,morning,T3455,Hana Nakamura,ARM-01,training,16182,conveyor belt check,Line 4
2026-05-04,afternoon,T2021,Dmitri Volkov,ARM-01,sick_leave,77436,sensor calibration,Line 1
2026-05-04,night,T9372,Samuel Osei,ARM-01,yes,17896,repair ticket #3063,Line 3
2026-05-05,morning,T7613,Tobias Richt,ARM-04,no,36492,annual inspection,Line 1
2026-05-05,afternoon,T7845,Tobias Richt,ARM-03,yes,47692,conveyor belt check,Line 2
2026-05-05,night,T5117,Hana Nakamura,MULTI,no,68271,shift handover,Line 3
2026-05-06,morning,T4808,Samuel Osei,ARM-02,sick_leave,88719,preventive maintenance,Line 4
2026-05-06,afternoon,T1644,Aisha Diallo,ARM-04,yes,68080,scheduled lubrication cycle,Training Room
2026-05-06,night,T4299,Samuel Osei,ARM-02,yes,84533,repair ticket #6751,Training Room
2026-05-07,morning,T6888,Samuel Osei,ARM-01,sick_leave,72374,bearing inspection,Line 3
2026-05-07,afternoon,T5009,Maria Santos,ARM-02,training,50700,training session,Line 3
2026-05-07,night,T2579,Samuel Osei,ARM-01,training,57533,safety audit,Line 1
2026-05-08,morning,T1918,Aisha Diallo,ARM-05,training,33306,safety audit,Line 4
2026-05-08,afternoon,T9754,Maria Santos,ARM-04,yes,49057,repair ticket #4781,Training Room
2026-05-08,night,T3619,Nina Patel,MULTI,yes,92009,sensor calibration,Training Room
2026-05-09,morning,T6883,Oluwaseun Adebayo,ARM-03,training,66528,shift handover,Line 1
2026-05-09,afternoon,T6213,Dmitri Volkov,ARM-05,yes,55019,annual inspection,Line 3
2026-05-09,night,T9556,Chen Wei,ARM-05,yes,38301,scheduled lubrication cycle,Line 1
2026-05-10,morning,T2956,Chen Wei,ARM-05,training,78574,safety audit,Training Room
2026-05-10,afternoon,T7183,Nina Patel,ARM-03,training,58894,scheduled lubrication cycle,Line 3
2026-05-10,night,T5899,Hana Nakamura,MULTI,yes,88703,scheduled lubrication cycle,Line 3
2026-05-11,morning,T7812,Carlos Mendez,ARM-03,training,11284,annual inspection,Line 4
2026-05-11,afternoon,T3851,Priya Sharma,ARM-03,yes,74680,safety audit,Line 4
2026-05-11,night,T2957,Hana Nakamura,ARM-05,training,92881,safety audit,Line 1
2026-05-12,morning,T4852,Samuel Osei,ARM-03,sick_leave,89662,bearing inspection,Training Room
2026-05-12,afternoon,T7205,Tobias Richt,ARM-04,yes,17890,scheduled lubrication cycle,Line 2
2026-05-12,night,T9624,Dmitri Volkov,ARM-05,yes,70004,annual inspection,Line 3
2026-05-13,morning,T5063,Yuki Tanaka,MULTI,yes,55088,sensor calibration,Line 3
2026-05-13,afternoon,T9405,Fatima Al-Rashidi,ARM-01,no,13800,repair ticket #2657,Line 2
2026-05-13,night,T2480,Yuki Tanaka,ARM-04,yes,78790,preventive maintenance,Line 3
2026-05-14,morning,T1856,Chen Wei,ARM-05,sick_leave,62228,safety audit,Line 1
2026-05-14,afternoon,T9327,Aisha Diallo,ARM-01,yes,70169,repair ticket #5151,Line 4
2026-05-14,night,T1279,Dmitri Volkov,MULTI,yes,49035,safety audit,Training Room
2026-05-15,morning,T5048,Yuki Tanaka,ARM-01,yes,97280,shift handover,Line 3
2026-05-15,afternoon,T9312,Nina Patel,ARM-05,no,40167,shift handover,Line 1
2026-05-15,night,T9908,Maria Santos,ARM-02,yes,18918,conveyor belt check,Maintenance Bay
2026-05-16,morning,T9025,Oluwaseun Adebayo,ARM-04,yes,96713,sensor calibration,Maintenance Bay
2026-05-16,afternoon,T2928,Hana Nakamura,MULTI,yes,81798,scheduled lubrication cycle,Line 1
2026-05-16,night,T1064,Maria Santos,ARM-02,training,61784,conveyor belt check,Line 4
2026-05-17,morning,T9424,Samuel Osei,ARM-01,yes,31843,preventive maintenance,Line 4
2026-05-17,afternoon,T7650,Samuel Osei,MULTI,yes,13444,training session,Maintenance Bay
2026-05-17,night,T5833,Maria Santos,ARM-04,training,97147,safety audit,Maintenance Bay
2026-05-18,morning,T7281,Samuel Osei,ARM-05,yes,63998,bearing inspection,Line 1
2026-05-18,afternoon,T9438,Carlos Mendez,ARM-03,training,24790,scheduled lubrication cycle,Line 2
2026-05-18,night,T6760,Yuki Tanaka,ARM-01,no,47974,repair ticket #1898,Line 4
2026-05-19,morning,T6437,Dmitri Volkov,ARM-01,yes,61330,scheduled lubrication cycle,Training Room
2026-05-19,afternoon,T4192,Aisha Diallo,ARM-04,yes,80208,preventive maintenance,Line 3
2026-05-19,night,T1876,Samuel Osei,ARM-03,sick_leave,96713,scheduled lubrication cycle,Line 2
2026-05-20,morning,T4104,Carlos Mendez,ARM-02,yes,23343,bearing inspection,Line 4
2026-05-20,afternoon,T6158,Samuel Osei,ARM-05,training,82093,scheduled lubrication cycle,Line 1
2026-05-20,night,T5277,Oluwaseun Adebayo,MULTI,yes,98111,preventive maintenance,Training Room
2026-05-21,morning,T4211,Dmitri Volkov,ARM-01,yes,74199,preventive maintenance,Maintenance Bay
2026-05-21,afternoon,T4215,Fatima Al-Rashidi,ARM-05,no,11745,bearing inspection,Line 3
2026-05-21,night,T6624,Chen Wei,MULTI,yes,47950,training session,Training Room
2026-05-22,morning,T4018,Hana Nakamura,ARM-04,training,49479,shift handover,Training Room
2026-05-22,afternoon,T3046,Carlos Mendez,MULTI,sick_leave,54208,repair ticket #2454,Training Room
2026-05-22,night,T6784,Maria Santos,ARM-04,sick_leave,16907,annual inspection,Training Room
2026-05-23,morning,T9235,Lucas Ferreira,ARM-03,yes,47773,scheduled lubrication cycle,Training Room
2026-05-23,afternoon,T6051,Dmitri Volkov,ARM-03,yes,23713,conveyor belt check,Training Room
2026-05-23,night,T2361,Tobias Richt,MULTI,yes,74837,scheduled lubrication cycle,Line 1
2026-05-24,morning,T7536,Samuel Osei,ARM-04,sick_leave,80522,repair ticket #8404,Line 2
2026-05-24,afternoon,T8867,Ethan Kowalski,ARM-02,no,45809,shift handover,Line 4
2026-05-24,night,T1319,Carlos Mendez,ARM-04,yes,86913,scheduled lubrication cycle,Maintenance Bay
2026-05-25,morning,T3802,Fatima Al-Rashidi,ARM-05,yes,27883,shift handover,Line 3
2026-05-25,afternoon,T6321,Chen Wei,MULTI,training,59091,repair ticket #3851,Line 2
2026-05-25,night,T7558,Maria Santos,ARM-01,training,58280,shift handover,Line 2
2026-05-26,morning,T5034,Tobias Richt,ARM-05,no,93034,shift handover,Training Room
2026-05-26,afternoon,T7240,Aisha Diallo,MULTI,yes,30955,safety audit,Line 4
2026-05-26,night,T1908,Lucas Ferreira,ARM-01,no,13299,repair ticket #1140,Line 4
2026-05-27,morning,T2184,Chen Wei,ARM-02,yes,13855,annual inspection,Maintenance Bay
2026-05-27,afternoon,T3605,Dmitri Volkov,ARM-04,yes,92226,sensor calibration,Line 1
2026-05-27,night,T6246,Samuel Osei,ARM-05,training,42952,bearing inspection,Training Room
2026-05-28,morning,T5556,Lucas Ferreira,ARM-04,yes,71703,scheduled lubrication cycle,Line 4
2026-05-28,afternoon,T5388,Lucas Ferreira,MULTI,yes,83331,conveyor belt check,Line 1
2026-05-28,night,T1555,Yuki Tanaka,MULTI,training,70248,scheduled lubrication cycle,Maintenance Bay
2026-05-29,morning,T7424,Tobias Richt,ARM-03,sick_leave,69908,annual inspection,Line 3
2026-05-29,afternoon,T5239,Hana Nakamura,ARM-02,yes,46879,repair ticket #5400,Line 2
2026-05-29,night,T4745,Chen Wei,MULTI,sick_leave,73771,conveyor belt check,Line 3
2026-05-30,morning,T9164,Yuki Tanaka,ARM-03,yes,85991,shift handover,Line 3
2026-05-30,afternoon,T1984,Ethan Kowalski,ARM-02,yes,90393,sensor calibration,Line 4
2026-05-30,night,T3335,Hana Nakamura,ARM-04,yes,76316,safety audit,Training Room
2026-05-31,morning,T3819,Aisha Diallo,ARM-04,training,30459,conveyor belt check,Training Room
2026-05-31,afternoon,T7566,Yuki Tanaka,ARM-04,yes,58768,conveyor belt check,Line 2
2026-05-31,night,T3367,Samuel Osei,ARM-01,yes,73913,conveyor belt check,Line 2
2026-05-01,morning,T2748,Samuel Osei,ARM-01,training,69747,preventive maintenance,Training Room
2026-05-01,afternoon,T8386,Priya Sharma,ARM-01,no,79440,sensor calibration,Maintenance Bay
2026-05-01,night,T4928,Hana Nakamura,ARM-02,training,33621,scheduled lubrication cycle,Training Room
2026-05-02,morning,T7683,Fatima Al-Rashidi,ARM-05,training,95649,preventive maintenance,Line 4
2026-05-02,afternoon,T7207,Chen Wei,ARM-02,training,79005,conveyor belt check,Training Room
2026-05-02,night,T6587,Chen Wei,MULTI,no,13884,safety audit,Line 3
2026-05-03,morning,T9179,Dmitri Volkov,ARM-03,yes,13328,sensor calibration,Line 2
2026-05-03,afternoon,T9256,Maria Santos,ARM-05,yes,24863,sensor calibration,Line 3
2026-05-03,night,T9495,Aisha Diallo,ARM-01,yes,17555,bearing inspection,Line 1
2026-05-04,morning,T1696,Priya Sharma,ARM-03,yes,42842,safety audit,Training Room
2026-05-04,afternoon,T3060,Nina Patel,ARM-05,sick_leave,20736,annual inspection,Maintenance Bay
2026-05-04,night,T1937,Tobias Richt,ARM-02,yes,83139,scheduled lubrication cycle,Line 4
2026-05-05,morning,T6506,Samuel Osei,ARM-01,yes,53201,safety audit,Line 3
2026-05-05,afternoon,T1038,Carlos Mendez,ARM-05,yes,80004,bearing inspection,Line 3
2026-05-05,night,T9581,Carlos Mendez,ARM-05,training,66018,conveyor belt check,Training Room
2026-05-06,morning,T4840,Priya Sharma,ARM-04,yes,61913,safety audit,Line 1
2026-05-06,afternoon,T9019,Hana Nakamura,ARM-05,yes,30513,preventive maintenance,Line 2
2026-05-06,night,T6741,Maria Santos,ARM-04,no,34120,training session,Line 3
2026-05-07,morning,T1260,Carlos Mendez,ARM-02,training,44162,annual inspection,Line 2
2026-05-07,afternoon,T7662,Chen Wei,ARM-02,yes,10513,annual inspection,Maintenance Bay
2026-05-07,night,T3086,Fatima Al-Rashidi,ARM-04,no,20297,training session,Line 4
2026-05-08,morning,T4777,Fatima Al-Rashidi,MULTI,yes,10143,sensor calibration,Line 2
2026-05-08,afternoon,T4516,Oluwaseun Adebayo,ARM-02,yes,57694,shift handover,Line 2
2026-05-08,night,T9659,Yuki Tanaka,ARM-03,no,77380,sensor calibration,Training Room
2026-05-09,morning,T6179,Oluwaseun Adebayo,MULTI,yes,85821,safety audit,Line 1
2026-05-09,afternoon,T4734,Oluwaseun Adebayo,ARM-01,training,53453,scheduled lubrication cycle,Training Room
2026-05-09,night,T5503,Tobias Richt,ARM-03,sick_leave,20306,shift handover,Training Room
2026-05-10,morning,T5013,Priya Sharma,MULTI,yes,73223,conveyor belt check,Line 4
2026-05-10,afternoon,T9165,Yuki Tanaka,ARM-05,yes,58183,bearing inspection,Line 3
2026-05-10,night,T8332,Samuel Osei,ARM-04,yes,99246,training session,Line 2
2026-05-11,morning,T2500,Lucas Ferreira,ARM-03,yes,29686,sensor calibration,Line 3
2026-05-11,afternoon,T7539,Dmitri Volkov,ARM-02,yes,14262,training session,Line 2
2026-05-11,night,T8136,Lucas Ferreira,ARM-04,training,53980,training session,Line 2
2026-05-12,morning,T3125,Tobias Richt,ARM-03,yes,73148,shift handover,Training Room
2026-05-12,afternoon,T6829,Oluwaseun Adebayo,ARM-05,sick_leave,85932,annual inspection,Line 2
2026-05-12,night,T8295,Dmitri Volkov,ARM-04,yes,53376,training session,Line 4
2026-05-13,morning,T8263,Hana Nakamura,ARM-03,no,87746,bearing inspection,Line 3
2026-05-13,afternoon,T3993,Ethan Kowalski,MULTI,training,88872,conveyor belt check,Line 2
2026-05-13,night,T8098,Dmitri Volkov,ARM-01,yes,94150,safety audit,Training Room
2026-05-14,morning,T5716,Nina Patel,ARM-01,no,36315,conveyor belt check,Line 4
2026-05-14,afternoon,T7903,Aisha Diallo,ARM-04,yes,93815,scheduled lubrication cycle,Line 1
2026-05-14,night,T7186,Yuki Tanaka,MULTI,no,75989,annual inspection,Line 3
2026-05-15,morning,T4262,Ethan Kowalski,ARM-04,yes,37996,sensor calibration,Maintenance Bay
2026-05-15,afternoon,T4021,Yuki Tanaka,ARM-03,training,90964,repair ticket #3799,Line 3
2026-05-15,night,T3711,Hana Nakamura,ARM-04,yes,18763,safety audit,Line 3
2026-05-16,morning,T3846,Maria Santos,MULTI,yes,83180,scheduled lubrication cycle,Line 4
2026-05-16,afternoon,T2596,Tobias Richt,ARM-05,training,12087,annual inspection,Line 2
2026-05-16,night,T2035,Fatima Al-Rashidi,ARM-04,training,32017,training session,Maintenance Bay
2026-05-17,morning,T3376,Tobias Richt,ARM-04,no,36658,sensor calibration,Line 1
2026-05-17,afternoon,T4825,Tobias Richt,ARM-04,sick_leave,79416,repair ticket #7701,Line 4
2026-05-17,night,T3328,Tobias Richt,ARM-04,no,68778,shift handover,Training Room
2026-05-18,morning,T3572,Hana Nakamura,ARM-05,no,98306,safety audit,Line 3
2026-05-18,afternoon,T8361,Yuki Tanaka,ARM-05,training,76708,training session,Line 3
2026-05-18,night,T4265,Ethan Kowalski,MULTI,yes,99710,training session,Maintenance Bay
2026-05-19,morning,T5174,Oluwaseun Adebayo,ARM-03,yes,13385,safety audit,Line 1
2026-05-19,afternoon,T8785,Oluwaseun Adebayo,ARM-01,yes,80680,preventive maintenance,Line 4
2026-05-19,night,T4879,Priya Sharma,ARM-05,sick_leave,52768,repair ticket #4188,Line 4
2026-05-20,morning,T4040,Dmitri Volkov,ARM-03,sick_leave,40196,safety audit,Maintenance Bay
2026-05-20,afternoon,T7335,Carlos Mendez,ARM-03,no,48917,scheduled lubrication cycle,Line 3
2026-05-20,night,T5108,Yuki Tanaka,ARM-05,sick_leave,12247,safety audit,Training Room
2026-05-21,morning,T5041,Fatima Al-Rashidi,ARM-03,training,26824,repair ticket #2563,Training Room
2026-05-21,afternoon,T2829,Samuel Osei,ARM-05,sick_leave,32886,annual inspection,Maintenance Bay
2026-05-21,night,T8157,Dmitri Volkov,ARM-05,no,38748,scheduled lubrication cycle,Line 2
2026-05-22,morning,T6494,Maria Santos,ARM-04,sick_leave,20300,training session,Line 2
2026-05-22,afternoon,T2482,Tobias Richt,ARM-04,training,67342,bearing inspection,Line 2
2026-05-22,night,T2286,Aisha Diallo,ARM-03,sick_leave,91141,preventive maintenance,Line 4
2026-05-23,morning,T6145,Aisha Diallo,MULTI,no,99950,preventive maintenance,Training Room
2026-05-23,afternoon,T3829,Chen Wei,ARM-04,sick_leave,62998,sensor calibration,Line 4
2026-05-23,night,T7979,Aisha Diallo,ARM-05,yes,80232,training session,Line 4
2026-05-24,morning,T6911,Priya Sharma,ARM-05,yes,57479,safety audit,Line 4
2026-05-24,afternoon,T5229,Ethan Kowalski,MULTI,training,82438,bearing inspection,Line 2
2026-05-24,night,T7284,Yuki Tanaka,ARM-01,no,75203,preventive maintenance,Maintenance Bay
2026-05-25,morning,T6695,Chen Wei,ARM-04,yes,59703,bearing inspection,Training Room
2026-05-25,afternoon,T2645,Priya Sharma,ARM-05,training,44029,conveyor belt check,Maintenance Bay
2026-05-25,night,T9432,Ethan Kowalski,ARM-05,yes,79336,repair ticket #5409,Line 1
2026-05-26,morning,T9262,Chen Wei,ARM-04,no,53232,conveyor belt check,Maintenance Bay
2026-05-26,afternoon,T8047,Chen Wei,ARM-01,yes,97375,sensor calibration,Line 1
2026-05-26,night,T4223,Chen Wei,MULTI,yes,58733,conveyor belt check,Line 2
2026-05-27,morning,T9401,Ethan Kowalski,ARM-03,sick_leave,33648,training session,Line 1
2026-05-27,afternoon,T6338,Maria Santos,ARM-03,no,85182,bearing inspection,Line 3
2026-05-27,night,T5243,Samuel Osei,ARM-05,sick_leave,97047,shift handover,Maintenance Bay
2026-05-28,morning,T2626,Chen Wei,MULTI,sick_leave,32792,bearing inspection,Line 1
2026-05-28,afternoon,T3499,Dmitri Volkov,ARM-02,yes,99450,training session,Line 3
2026-05-28,night,T2480,Maria Santos,ARM-04,no,50047,shift handover,Maintenance Bay
2026-05-29,morning,T2768,Oluwaseun Adebayo,ARM-05,yes,40353,preventive maintenance,Line 1
2026-05-29,afternoon,T9992,Hana Nakamura,ARM-03,sick_leave,83140,bearing inspection,Training Room
2026-05-29,night,T4818,Fatima Al-Rashidi,ARM-02,no,50248,conveyor belt check,Line 3
2026-05-30,morning,T1548,Maria Santos,ARM-04,yes,24168,safety audit,Maintenance Bay
2026-05-30,afternoon,T4838,Tobias Richt,ARM-01,yes,24522,shift handover,Line 4
2026-05-30,night,T7664,Carlos Mendez,ARM-02,training,53332,conveyor belt check,Training Room
2026-05-31,morning,T4444,Maria Santos,ARM-03,training,92698,shift handover,Line 4
2026-05-31,afternoon,T7481,Chen Wei,ARM-04,training,12750,bearing inspection,Maintenance Bay
2026-05-31,night,T6510,Tobias Richt,ARM-02,training,64840,annual inspection,Training Room
2026-05-01,morning,T4196,Carlos Mendez,ARM-03,yes,20548,repair ticket #6334,Training Room
2026-05-01,afternoon,T1393,Samuel Osei,ARM-01,no,26969,conveyor belt check,Maintenance Bay
2026-05-01,night,T8808,Samuel Osei,ARM-03,no,61271,training session,Training Room
2026-05-02,morning,T8713,Carlos Mendez,ARM-05,no,72201,scheduled lubrication cycle,Training Room
2026-05-02,afternoon,T8933,Fatima Al-Rashidi,ARM-05,yes,22443,safety audit,Line 2
2026-05-02,night,T4719,Ethan Kowalski,ARM-04,sick_leave,85528,scheduled lubrication cycle,Line 3
2026-05-03,morning,T4660,Priya Sharma,ARM-02,yes,23413,shift handover,Training Room
2026-05-03,afternoon,T5180,Chen Wei,ARM-03,yes,37073,bearing inspection,Maintenance Bay
2026-05-03,night,T5183,Yuki Tanaka,ARM-02,training,13766,repair ticket #5181,Line 4
2026-05-04,morning,T2369,Oluwaseun Adebayo,ARM-02,yes,15945,shift handover,Line 3
2026-05-04,afternoon,T7754,Nina Patel,ARM-04,training,18163,conveyor belt check,Line 1
2026-05-04,night,T7456,Yuki Tanaka,ARM-03,yes,29770,annual inspection,Training Room
2026-05-05,morning,T3955,Carlos Mendez,ARM-03,sick_leave,54515,bearing inspection,Line 3
2026-05-05,afternoon,T6415,Carlos Mendez,ARM-03,yes,91442,safety audit,Line 2
2026-05-05,night,T7073,Maria Santos,ARM-01,yes,59898,training session,Line 1
2026-05-06,morning,T2071,Tobias Richt,ARM-01,yes,99491,preventive maintenance,Maintenance Bay
2026-05-06,afternoon,T4645,Priya Sharma,ARM-02,sick_leave,71972,safety audit,Line 1
2026-05-06,night,T8285,Chen Wei,ARM-01,yes,38435,safety audit,Line 1
2026-05-07,morning,T2526,Lucas Ferreira,ARM-03,no,77092,sensor calibration,Line 4
2026-05-07,afternoon,T6284,Nina Patel,MULTI,yes,44957,annual inspection,Line 1
2026-05-07,night,T6561,Samuel Osei,ARM-01,yes,27544,bearing inspection,Line 1
2026-05-08,morning,T4713,Aisha Diallo,ARM-02,no,28727,repair ticket #3310,Line 3
2026-05-08,afternoon,T8232,Aisha Diallo,ARM-05,yes,26672,bearing inspection,Maintenance Bay
2026-05-08,night,T6159,Chen Wei,ARM-04,sick_leave,85662,preventive maintenance,Line 2
2026-05-09,morning,T8001,Maria Santos,ARM-04,sick_leave,17172,bearing inspection,Training Room
2026-05-09,afternoon,T1071,Lucas Ferreira,ARM-03,training,77280,bearing inspection,Training Room
2026-05-09,night,T7214,Nina Patel,ARM-03,training,71751,annual inspection,Line 2
2026-05-10,morning,T6133,Oluwaseun Adebayo,MULTI,yes,69938,preventive maintenance,Line 3
2026-05-10,afternoon,T9842,Yuki Tanaka,ARM-05,no,28906,sensor calibration,Line 2
2026-05-10,night,T6525,Samuel Osei,MULTI,training,46631,shift handover,Line 4
2026-05-11,morning,T5136,Ethan Kowalski,MULTI,training,38599,repair ticket #4167,Line 1
2026-05-11,afternoon,T8570,Lucas Ferreira,ARM-05,training,27738,shift handover,Line 4
2026-05-11,night,T8010,Yuki Tanaka,MULTI,yes,53667,bearing inspection,Line 3
2026-05-12,morning,T9755,Hana Nakamura,ARM-05,yes,10075,annual inspection,Maintenance Bay
2026-05-12,afternoon,T2027,Yuki Tanaka,ARM-02,sick_leave,50413,sensor calibration,Training Room
2026-05-12,night,T1902,Fatima Al-Rashidi,ARM-02,yes,69806,shift handover,Line 3
2026-05-13,morning,T8155,Yuki Tanaka,ARM-05,yes,14182,sensor calibration,Line 4
2026-05-13,afternoon,T4372,Chen Wei,ARM-02,yes,92101,bearing inspection,Maintenance Bay
2026-05-13,night,T3839,Lucas Ferreira,ARM-03,yes,61995,annual inspection,Line 2
2026-05-14,morning,T4461,Oluwaseun Adebayo,ARM-03,sick_leave,25284,shift handover,Line 1
2026-05-14,afternoon,T3045,Priya Sharma,ARM-03,training,85075,bearing inspection,Line 3
2026-05-14,night,T4980,Priya Sharma,ARM-01,yes,93090,conveyor belt check,Maintenance Bay
2026-05-15,morning,T9422,Aisha Diallo,MULTI,sick_leave,26953,scheduled lubrication cycle,Training Room
2026-05-15,afternoon,T8013,Dmitri Volkov,ARM-01,training,35344,bearing inspection,Line 1
2026-05-15,night,T1073,Priya Sharma,ARM-03,sick_leave,47812,repair ticket #4714,Line 2
2026-05-16,morning,T6562,Hana Nakamura,ARM-05,sick_leave,84267,conveyor belt check,Training Room
2026-05-16,afternoon,T9856,Carlos Mendez,ARM-01,yes,91978,annual inspection,Line 3
2026-05-16,night,T8406,Yuki Tanaka,MULTI,no,31704,repair ticket #2591,Line 2
2026-05-17,morning,T6377,Priya Sharma,MULTI,yes,31102,repair ticket #5067,Line 2
2026-05-17,afternoon,T3578,Ethan Kowalski,ARM-04,training,89292,training session,Line 1
2026-05-17,night,T7463,Carlos Mendez,ARM-01,yes,52131,annual inspection,Line 4
2026-05-18,morning,T2421,Nina Patel,ARM-02,training,76490,bearing inspection,Training Room
2026-05-18,afternoon,T6350,Oluwaseun Adebayo,ARM-01,yes,98058,conveyor belt check,Line 4
2026-05-18,night,T2840,Chen Wei,ARM-05,yes,43704,training session,Maintenance Bay
2026-05-19,morning,T8915,Hana Nakamura,ARM-03,yes,50232,scheduled lubrication cycle,Line 2
2026-05-19,afternoon,T5542,Yuki Tanaka,ARM-01,yes,27847,safety audit,Line 4
2026-05-19,night,T3742,Yuki Tanaka,ARM-02,yes,59942,sensor calibration,Line 2
2026-05-20,morning,T5934,Hana Nakamura,ARM-04,sick_leave,20947,shift handover,Line 1
2026-05-20,afternoon,T7813,Dmitri Volkov,ARM-03,yes,65115,scheduled lubrication cycle,Line 1
2026-05-20,night,T8814,Fatima Al-Rashidi,ARM-01,yes,27015,scheduled lubrication cycle,Training Room
2026-05-21,morning,T3372,Aisha Diallo,ARM-01,yes,76304,repair ticket #7324,Line 4
2026-05-21,afternoon,T4694,Priya Sharma,ARM-03,yes,79272,safety audit,Training Room
2026-05-21,night,T9700,Nina Patel,ARM-04,yes,27975,bearing inspection,Line 2
2026-05-22,morning,T7463,Yuki Tanaka,ARM-01,sick_leave,42829,shift handover,Maintenance Bay
2026-05-22,afternoon,T8737,Yuki Tanaka,ARM-02,yes,90512,annual inspection,Line 2
2026-05-22,night,T4131,Oluwaseun Adebayo,MULTI,sick_leave,27380,repair ticket #9734,Training Room
2026-05-23,morning,T6810,Tobias Richt,ARM-03,sick_leave,34700,preventive maintenance,Line 4
2026-05-23,afternoon,T5773,Maria Santos,ARM-02,yes,27155,repair ticket #9659,Line 2
2026-05-23,night,T8265,Carlos Mendez,ARM-02,yes,43272,sensor calibration,Line 1
2026-05-24,morning,T6955,Ethan Kowalski,ARM-05,yes,82902,shift handover,Maintenance Bay
2026-05-24,afternoon,T7577,Aisha Diallo,MULTI,yes,82804,scheduled lubrication cycle,Line 2
2026-05-24,night,T6918,Maria Santos,ARM-03,training,26586,conveyor belt check,Line 4
2026-05-25,morning,T3955,Chen Wei,MULTI,training,55166,safety audit,Line 2
2026-05-25,afternoon,T2086,Carlos Mendez,ARM-03,yes,57500,annual inspection,Line 1
2026-05-25,night,T4862,Oluwaseun Adebayo,ARM-05,sick_leave,30973,training session,Line 2
2026-05-26,morning,T9404,Fatima Al-Rashidi,ARM-04,training,53268,repair ticket #4145,Line 1
2026-05-26,afternoon,T4948,Carlos Mendez,ARM-05,no,92273,repair ticket #4760,Line 4
2026-05-26,night,T3226,Chen Wei,ARM-04,yes,33340,shift handover,Line 1
2026-05-27,morning,T7529,Maria Santos,ARM-04,training,70798,sensor calibration,Training Room
2026-05-27,afternoon,T6788,Ethan Kowalski,ARM-01,training,44412,shift handover,Maintenance Bay
2026-05-27,night,T1229,Carlos Mendez,ARM-01,yes,70936,repair ticket #2267,Maintenance Bay
2026-05-28,morning,T3852,Nina Patel,ARM-03,yes,76885,scheduled lubrication cycle,Training Room
2026-05-28,afternoon,T8495,Ethan Kowalski,ARM-02,yes,72213,safety audit,Maintenance Bay
2026-05-28,night,T4127,Fatima Al-Rashidi,ARM-04,yes,41973,repair ticket #3813,Training Room
2026-05-29,morning,T8831,Carlos Mendez,ARM-05,sick_leave,52413,repair ticket #9169,Line 1
2026-05-29,afternoon,T6865,Ethan Kowalski,ARM-01,yes,22635,repair ticket #4073,Line 3
2026-05-29,night,T7433,Priya Sharma,ARM-01,training,16157,annual inspection,Training Room
2026-05-30,morning,T6842,Priya Sharma,MULTI,training,68749,training session,Line 4
2026-05-30,afternoon,T9932,Lucas Ferreira,MULTI,yes,59771,annual inspection,Line 4
2026-05-30,night,T8212,Oluwaseun Adebayo,ARM-01,no,42152,preventive maintenance,Line 1
2026-05-31,morning,T8329,Maria Santos,ARM-01,yes,72369,sensor calibration,Training Room
2026-05-31,afternoon,T7092,Ethan Kowalski,ARM-01,sick_leave,76772,safety audit,Line 1
2026-05-31,night,T9108,Ethan Kowalski,ARM-05,yes,35959,safety audit,Line 1
2026-05-01,morning,T7716,Nina Patel,ARM-02,training,57556,bearing inspection,Training Room
2026-05-01,afternoon,T8039,Samuel Osei,ARM-05,yes,89899,training session,Line 1
2026-05-01,night,T3496,Hana Nakamura,ARM-01,training,72374,bearing inspection,Line 2
2026-05-02,morning,T7681,Yuki Tanaka,MULTI,no,55448,safety audit,Line 1
2026-05-02,afternoon,T6421,Dmitri Volkov,ARM-03,sick_leave,83417,repair ticket #1909,Line 3
2026-05-02,night,T6321,Hana Nakamura,ARM-02,sick_leave,92627,shift handover,Line 1
2026-05-03,morning,T9585,Nina Patel,ARM-05,yes,93059,repair ticket #9562,Maintenance Bay
2026-05-03,afternoon,T2862,Priya Sharma,ARM-01,yes,98614,preventive maintenance,Maintenance Bay
2026-05-03,night,T8606,Aisha Diallo,ARM-03,yes,98106,preventive maintenance,Training Room
2026-05-04,morning,T8045,Lucas Ferreira,ARM-04,yes,62637,repair ticket #1644,Training Room
2026-05-04,afternoon,T5398,Aisha Diallo,ARM-05,yes,32318,bearing inspection,Training Room
2026-05-04,night,T9168,Nina Patel,MULTI,training,28597,training session,Line 4
2026-05-05,morning,T7652,Hana Nakamura,ARM-02,yes,84321,sensor calibration,Line 4
2026-05-05,afternoon,T3488,Carlos Mendez,MULTI,yes,29733,shift handover,Maintenance Bay
2026-05-05,night,T4003,Tobias Richt,ARM-03,yes,88261,conveyor belt check,Maintenance Bay
2026-05-06,morning,T5408,Nina Patel,ARM-03,no,57770,sensor calibration,Training Room
2026-05-06,afternoon,T9933,Fatima Al-Rashidi,ARM-05,yes,95821,bearing inspection,Training Room
2026-05-06,night,T9432,Dmitri Volkov,ARM-02,sick_leave,86027,preventive maintenance,Training Room
2026-05-07,morning,T5158,Fatima Al-Rashidi,MULTI,no,61903,annual inspection,Training Room
2026-05-07,afternoon,T1373,Fatima Al-Rashidi,ARM-05,training,14187,bearing inspection,Training Room
2026-05-07,night,T8434,Lucas Ferreira,ARM-01,training,49326,repair ticket #3567,Training Room
2026-05-08,morning,T5942,Nina Patel,ARM-03,yes,40090,repair ticket #2804,Line 2
2026-05-08,afternoon,T5609,Tobias Richt,ARM-03,yes,70912,scheduled lubrication cycle,Training Room
2026-05-08,night,T2418,Samuel Osei,ARM-04,training,63307,scheduled lubrication cycle,Training Room
2026-05-09,morning,T5936,Samuel Osei,MULTI,sick_leave,96205,scheduled lubrication cycle,Training Room
2026-05-09,afternoon,T6366,Carlos Mendez,MULTI,no,60082,preventive maintenance,Training Room
2026-05-09,night,T8240,Maria Santos,ARM-05,sick_leave,10930,safety audit,Line 2
2026-05-10,morning,T8991,Maria Santos,MULTI,no,37117,preventive maintenance,Line 1
2026-05-10,afternoon,T7446,Priya Sharma,ARM-05,no,12376,preventive maintenance,Training Room
2026-05-10,night,T8998,Oluwaseun Adebayo,ARM-03,yes,16712,preventive maintenance,Line 1
2026-05-11,morning,T9030,Tobias Richt,MULTI,yes,83592,annual inspection,Maintenance Bay
2026-05-11,afternoon,T2789,Aisha Diallo,ARM-02,yes,20188,preventive maintenance,Line 3
2026-05-11,night,T8357,Hana Nakamura,MULTI,no,30521,safety audit,Training Room
2026-05-12,morning,T9179,Lucas Ferreira,MULTI,sick_leave,83635,conveyor belt check,Line 2
2026-05-12,afternoon,T4263,Aisha Diallo,ARM-03,yes,58698,repair ticket #7945,Training Room
2026-05-12,night,T9591,Dmitri Volkov,ARM-05,training,85933,safety audit,Line 2
2026-05-13,morning,T7563,Ethan Kowalski,MULTI,yes,76371,annual inspection,Training Room
2026-05-13,afternoon,T4831,Aisha Diallo,ARM-03,yes,67399,shift handover,Training Room
2026-05-13,night,T5511,Lucas Ferreira,ARM-02,sick_leave,21249,safety audit,Line 4
2026-05-14,morning,T9438,Samuel Osei,MULTI,training,33795,training session,Line 4
2026-05-14,afternoon,T6527,Hana Nakamura,MULTI,no,16512,training session,Line 3
2026-05-14,night,T6590,Lucas Ferreira,ARM-01,sick_leave,24487,conveyor belt check,Training Room
2026-05-15,morning,T4180,Oluwaseun Adebayo,ARM-03,training,84588,annual inspection,Line 4
2026-05-15,afternoon,T8391,Tobias Richt,ARM-02,sick_leave,92037,repair ticket #1092,Line 1
2026-05-15,night,T6199,Ethan Kowalski,ARM-05,no,68595,training session,Line 4
2026-05-16,morning,T4001,Priya Sharma,ARM-02,no,53975,sensor calibration,Line 3
2026-05-16,afternoon,T2936,Samuel Osei,ARM-02,yes,72018,scheduled lubrication cycle,Line 1
2026-05-16,night,T5959,Oluwaseun Adebayo,ARM-02,sick_leave,95758,scheduled lubrication cycle,Training Room
2026-05-17,morning,T1503,Yuki Tanaka,ARM-05,no,42571,conveyor belt check,Line 1
2026-05-17,afternoon,T1612,Aisha Diallo,ARM-04,yes,30195,sensor calibration,Line 3
2026-05-17,night,T7921,Samuel Osei,ARM-03,yes,65502,shift handover,Line 3
2026-05-18,morning,T9215,Yuki Tanaka,ARM-01,no,32643,training session,Line 3
2026-05-18,afternoon,T9272,Samuel Osei,MULTI,yes,96218,shift handover,Line 3
2026-05-18,night,T8899,Tobias Richt,MULTI,no,87248,preventive maintenance,Training Room
2026-05-19,morning,T3832,Yuki Tanaka,ARM-02,yes,68072,scheduled lubrication cycle,Line 1
2026-05-19,afternoon,T3799,Carlos Mendez,ARM-04,yes,94566,bearing inspection,Line 3
2026-05-19,night,T5466,Oluwaseun Adebayo,ARM-01,yes,33911,repair ticket #9071,Training Room
2026-05-20,morning,T4932,Yuki Tanaka,ARM-03,sick_leave,28028,bearing inspection,Line 2
2026-05-20,afternoon,T7786,Priya Sharma,ARM-05,yes,13245,shift handover,Training Room
2026-05-20,night,T4196,Ethan Kowalski,ARM-03,yes,75829,bearing inspection,Line 4
2026-05-21,morning,T6837,Lucas Ferreira,ARM-05,no,51620,bearing inspection,Line 2
2026-05-21,afternoon,T9607,Lucas Ferreira,MULTI,no,11736,repair ticket #7797,Maintenance Bay
2026-05-21,night,T1184,Yuki Tanaka,ARM-04,yes,51382,sensor calibration,Maintenance Bay
2026-05-22,morning,T5949,Oluwaseun Adebayo,MULTI,yes,35433,bearing inspection,Line 3
2026-05-22,afternoon,T6166,Nina Patel,ARM-02,training,79090,safety audit,Training Room
2026-05-22,night,T9128,Aisha Diallo,ARM-03,sick_leave,91271,repair ticket #6492,Maintenance Bay
2026-05-23,morning,T3152,Hana Nakamura,MULTI,yes,87563,bearing inspection,Line 4
2026-05-23,afternoon,T1844,Samuel Osei,MULTI,sick_leave,83789,conveyor belt check,Line 4
2026-05-23,night,T1679,Aisha Diallo,ARM-02,sick_leave,20367,shift handover,Line 2
2026-05-24,morning,T3106,Nina Patel,ARM-02,no,56224,preventive maintenance,Line 2
2026-05-24,afternoon,T6757,Maria Santos,MULTI,yes,37541,shift handover,Line 4
2026-05-24,night,T7613,Fatima Al-Rashidi,MULTI,yes,24759,annual inspection,Line 3
2026-05-25,morning,T6500,Dmitri Volkov,ARM-01,yes,22481,preventive maintenance,Training Room
2026-05-25,afternoon,T6545,Lucas Ferreira,ARM-05,yes,71895,scheduled lubrication cycle,Line 4
2026-05-25,night,T3631,Aisha Diallo,ARM-01,yes,11149,annual inspection,Line 2
2026-05-26,morning,T8462,Tobias Richt,ARM-01,no,83479,shift handover,Training Room
2026-05-26,afternoon,T8337,Priya Sharma,ARM-05,yes,39487,scheduled lubrication cycle,Line 4
2026-05-26,night,T3543,Yuki Tanaka,ARM-05,yes,14396,training session,Training Room
2026-05-27,morning,T3973,Dmitri Volkov,ARM-02,no,43120,training session,Line 4
2026-05-27,afternoon,T7928,Aisha Diallo,ARM-01,no,86636,scheduled lubrication cycle,Line 2
2026-05-27,night,T4740,Chen Wei,MULTI,sick_leave,96093,conveyor belt check,Training Room
2026-05-28,morning,T4161,Carlos Mendez,ARM-01,yes,30640,training session,Line 4
2026-05-28,afternoon,T1589,Fatima Al-Rashidi,ARM-01,yes,72967,sensor calibration,Training Room
2026-05-28,night,T6601,Maria Santos,ARM-05,training,51633,conveyor belt check,Line 3
2026-05-29,morning,T7627,Ethan Kowalski,ARM-03,sick_leave,20256,scheduled lubrication cycle,Line 4
2026-05-29,afternoon,T9019,Maria Santos,ARM-03,training,20194,conveyor belt check,Line 1
2026-05-29,night,T5385,Nina Patel,ARM-04,training,64311,annual inspection,Line 3
2026-05-30,morning,T5633,Yuki Tanaka,ARM-01,training,43011,sensor calibration,Line 2
2026-05-30,afternoon,T4590,Chen Wei,ARM-02,no,90981,conveyor belt check,Line 4
2026-05-30,night,T3294,Hana Nakamura,ARM-01,no,12106,sensor calibration,Line 3
2026-05-31,morning,T6164,Samuel Osei,ARM-01,yes,13847,sensor calibration,Line 1
2026-05-31,afternoon,T6111,Dmitri Volkov,ARM-03,yes,97794,sensor calibration,Maintenance Bay
2026-05-31,night,T2993,Dmitri Volkov,ARM-05,yes,54056,annual inspection,Line 4
2026-05-01,morning,T8496,Fatima Al-Rashidi,ARM-05,yes,95123,annual inspection,Maintenance Bay
2026-05-01,afternoon,T9317,Tobias Richt,ARM-04,yes,76481,conveyor belt check,Training Room
2026-05-01,night,T6177,Carlos Mendez,ARM-04,no,34053,sensor calibration,Line 4
2026-05-02,morning,T9783,Ethan Kowalski,ARM-05,yes,22116,conveyor belt check,Line 2
2026-05-02,afternoon,T4712,Chen Wei,ARM-02,yes,94157,annual inspection,Maintenance Bay
2026-05-02,night,T3780,Priya Sharma,ARM-02,training,18191,preventive maintenance,Training Room
2026-05-03,morning,T1041,Lucas Ferreira,ARM-01,yes,24067,shift handover,Line 4
2026-05-03,afternoon,T6374,Samuel Osei,ARM-02,sick_leave,47457,training session,Line 4
2026-05-03,night,T9271,Oluwaseun Adebayo,ARM-04,yes,52562,preventive maintenance,Line 4
2026-05-04,morning,T3771,Oluwaseun Adebayo,ARM-01,no,17728,bearing inspection,Line 4
2026-05-04,afternoon,T1040,Tobias Richt,ARM-01,yes,94673,shift handover,Line 3
2026-05-04,night,T7100,Carlos Mendez,ARM-03,sick_leave,13957,bearing inspection,Line 2
2026-05-05,morning,T2425,Tobias Richt,ARM-04,no,87723,bearing inspection,Line 3
2026-05-05,afternoon,T4591,Yuki Tanaka,ARM-05,yes,53560,sensor calibration,Line 4
2026-05-05,night,T2094,Fatima Al-Rashidi,MULTI,sick_leave,83204,shift handover,Maintenance Bay
2026-05-06,morning,T7268,Lucas Ferreira,ARM-05,yes,59521,training session,Line 4
2026-05-06,afternoon,T6399,Samuel Osei,ARM-01,yes,11856,sensor calibration,Line 2
2026-05-06,night,T7239,Maria Santos,ARM-01,yes,16807,preventive maintenance,Line 4
2026-05-07,morning,T1917,Carlos Mendez,ARM-03,no,86988,scheduled lubrication cycle,Line 3
2026-05-07,afternoon,T8663,Carlos Mendez,ARM-05,sick_leave,51885,shift handover,Maintenance Bay
2026-05-07,night,T9341,Dmitri Volkov,ARM-04,training,37179,annual inspection,Line 3
2026-05-08,morning,T2162,Oluwaseun Adebayo,MULTI,no,86379,training session,Line 1
2026-05-08,afternoon,T8139,Yuki Tanaka,ARM-03,yes,31469,preventive maintenance,Line 3
2026-05-08,night,T7513,Lucas Ferreira,MULTI,yes,23636,scheduled lubrication cycle,Line 3
2026-05-09,morning,T6965,Samuel Osei,ARM-01,training,57002,sensor calibration,Line 3
2026-05-09,afternoon,T8496,Chen Wei,ARM-05,no,70337,repair ticket #3932,Line 1
2026-05-09,night,T6478,Tobias Richt,ARM-05,sick_leave,29997,safety audit,Line 3
2026-05-10,morning,T2806,Priya Sharma,ARM-01,yes,72571,shift handover,Line 3
2026-05-10,afternoon,T1880,Dmitri Volkov,ARM-03,training,82758,preventive maintenance,Line 2
2026-05-10,night,T8888,Yuki Tanaka,ARM-05,yes,59467,bearing inspection,Line 2
2026-05-11,morning,T4929,Aisha Diallo,ARM-04,yes,11375,safety audit,Training Room
2026-05-11,afternoon,T2386,Hana Nakamura,MULTI,yes,16626,conveyor belt check,Training Room
2026-05-11,night,T4834,Samuel Osei,ARM-04,yes,97844,scheduled lubrication cycle,Line 4
2026-05-12,morning,T9022,Maria Santos,ARM-04,yes,85048,preventive maintenance,Line 4
2026-05-12,afternoon,T2863,Priya Sharma,ARM-04,training,36697,sensor calibration,Line 3
2026-05-12,night,T9038,Chen Wei,ARM-01,no,21368,annual inspection,Maintenance Bay
2026-05-13,morning,T8317,Yuki Tanaka,ARM-05,yes,77065,sensor calibration,Line 3
2026-05-13,afternoon,T3308,Fatima Al-Rashidi,ARM-01,yes,88011,conveyor belt check,Line 1
2026-05-13,night,T3037,Maria Santos,ARM-05,yes,91722,scheduled lubrication cycle,Line 1
2026-05-14,morning,T4472,Hana Nakamura,ARM-03,no,15371,training session,Line 4
2026-05-14,afternoon,T8040,Ethan Kowalski,MULTI,sick_leave,22379,sensor calibration,Line 3
2026-05-14,night,T5955,Maria Santos,ARM-02,no,25691,conveyor belt check,Maintenance Bay
2026-05-15,morning,T7416,Samuel Osei,ARM-03,yes,33920,scheduled lubrication cycle,Line 1
2026-05-15,afternoon,T6087,Yuki Tanaka,ARM-02,no,61080,conveyor belt check,Line 4
2026-05-15,night,T8013,Samuel Osei,MULTI,sick_leave,35833,preventive maintenance,Line 1
2026-05-16,morning,T2620,Fatima Al-Rashidi,ARM-03,training,44085,bearing inspection,Line 3
2026-05-16,afternoon,T3611,Priya Sharma,ARM-02,sick_leave,62416,repair ticket #2427,Line 4
2026-05-16,night,T6809,Tobias Richt,ARM-04,yes,22159,shift handover,Line 2
2026-05-17,morning,T4123,Ethan Kowalski,ARM-04,sick_leave,73091,annual inspection,Training Room
2026-05-17,afternoon,T7622,Yuki Tanaka,ARM-05,yes,74778,bearing inspection,Maintenance Bay
2026-05-17,night,T4945,Ethan Kowalski,ARM-03,yes,16428,sensor calibration,Maintenance Bay
2026-05-18,morning,T6691,Carlos Mendez,ARM-01,yes,88464,annual inspection,Line 2
2026-05-18,afternoon,T1658,Yuki Tanaka,ARM-03,sick_leave,19780,training session,Line 4
2026-05-18,night,T2009,Dmitri Volkov,ARM-04,yes,27434,preventive maintenance,Line 2
2026-05-19,morning,T3970,Maria Santos,ARM-03,no,28407,preventive maintenance,Line 2
2026-05-19,afternoon,T9728,Oluwaseun Adebayo,ARM-01,yes,56851,conveyor belt check,Line 4
2026-05-19,night,T6247,Maria Santos,ARM-01,yes,35496,sensor calibration,Line 4
2026-05-20,morning,T7175,Carlos Mendez,ARM-04,yes,82961,scheduled lubrication cycle,Line 3
2026-05-20,afternoon,T8044,Maria Santos,ARM-02,yes,96389,training session,Line 3
2026-05-20,night,T1216,Hana Nakamura,ARM-02,yes,32512,repair ticket #5754,Line 1
2026-05-21,morning,T4130,Oluwaseun Adebayo,ARM-05,yes,48934,shift handover,Line 4
2026-05-21,afternoon,T5382,Maria Santos,ARM-04,training,12838,bearing inspection,Line 2
2026-05-21,night,T4290,Chen Wei,ARM-04,training,96832,training session,Line 4
2026-05-22,morning,T4143,Nina Patel,ARM-05,training,33007,bearing inspection,Line 4
2026-05-22,afternoon,T4845,Dmitri Volkov,ARM-05,sick_leave,33622,scheduled lubrication cycle,Maintenance Bay
2026-05-22,night,T2969,Yuki Tanaka,ARM-05,sick_leave,83468,safety audit,Maintenance Bay
2026-05-23,morning,T1576,Fatima Al-Rashidi,ARM-02,yes,95603,sensor calibration,Line 2
2026-05-23,afternoon,T4693,Aisha Diallo,MULTI,training,61485,preventive maintenance,Line 3
2026-05-23,night,T2078,Oluwaseun Adebayo,ARM-01,yes,18016,preventive maintenance,Line 2
2026-05-24,morning,T2654,Maria Santos,ARM-01,training,41502,sensor calibration,Line 1
2026-05-24,afternoon,T1508,Oluwaseun Adebayo,ARM-05,yes,34270,scheduled lubrication cycle,Line 2
2026-05-24,night,T3478,Nina Patel,ARM-02,sick_leave,12025,preventive maintenance,Training Room
2026-05-25,morning,T8571,Ethan Kowalski,ARM-01,yes,26192,conveyor belt check,Training Room
2026-05-25,afternoon,T5133,Fatima Al-Rashidi,ARM-05,yes,56527,scheduled lubrication cycle,Line 4
2026-05-25,night,T8987,Carlos Mendez,ARM-05,yes,35931,conveyor belt check,Line 4
2026-05-26,morning,T3078,Fatima Al-Rashidi,ARM-03,sick_leave,92941,repair ticket #2026,Training Room
2026-05-26,afternoon,T4992,Oluwaseun Adebayo,ARM-03,training,71345,shift handover,Line 3
2026-05-26,night,T4451,Ethan Kowalski,ARM-02,training,63292,training session,Line 2
2026-05-27,morning,T5843,Priya Sharma,ARM-05,no,28218,preventive maintenance,Line 2
2026-05-27,afternoon,T3190,Dmitri Volkov,ARM-03,sick_leave,83958,shift handover,Line 2
2026-05-27,night,T5496,Dmitri Volkov,MULTI,yes,23705,bearing inspection,Training Room
2026-05-28,morning,T9687,Aisha Diallo,ARM-05,yes,73080,preventive maintenance,Line 1
2026-05-28,afternoon,T1952,Samuel Osei,ARM-02,training,77590,bearing inspection,Line 3
2026-05-28,night,T5241,Ethan Kowalski,ARM-01,yes,42359,safety audit,Line 4
2026-05-29,morning,T6158,Priya Sharma,ARM-05,sick_leave,22319,training session,Line 3
2026-05-29,afternoon,T3333,Fatima Al-Rashidi,ARM-02,no,13308,shift handover,Line 1
2026-05-29,night,T1572,Samuel Osei,ARM-03,yes,10772,conveyor belt check,Maintenance Bay
2026-05-30,morning,T2646,Maria Santos,ARM-01,yes,29307,shift handover,Line 2
2026-05-30,afternoon,T9001,Ethan Kowalski,MULTI,yes,17101,bearing inspection,Line 1
2026-05-30,night,T6470,Maria Santos,ARM-01,yes,92119,repair ticket #5559,Line 4
2026-05-31,morning,T6038,Ethan Kowalski,ARM-05,no,56596,repair ticket #5755,Line 4
2026-05-31,afternoon,T6440,Oluwaseun Adebayo,ARM-03,training,48084,bearing inspection,Maintenance Bay
2026-05-31,night,T9922,Chen Wei,ARM-01,training,76809,shift handover,Line 3
2026-05-01,morning,T7705,Dmitri Volkov,ARM-04,yes,98795,shift handover,Line 4
2026-05-01,afternoon,T5075,Priya Sharma,ARM-05,no,92738,safety audit,Line 4
2026-05-01,night,T9633,Dmitri Volkov,ARM-01,no,26532,scheduled lubrication cycle,Line 4
2026-05-02,morning,T7478,Dmitri Volkov,ARM-03,sick_leave,44627,sensor calibration,Line 1
2026-05-02,afternoon,T9497,Ethan Kowalski,MULTI,yes,84368,bearing inspection,Line 1
2026-05-02,night,T4709,Oluwaseun Adebayo,ARM-02,yes,80671,conveyor belt check,Maintenance Bay
2026-05-03,morning,T7775,Dmitri Volkov,MULTI,sick_leave,20711,preventive maintenance,Training Room
2026-05-03,afternoon,T5233,Priya Sharma,ARM-03,sick_leave,68637,preventive maintenance,Line 2
2026-05-03,night,T6260,Hana Nakamura,ARM-02,yes,38769,repair ticket #2339,Training Room
2026-05-04,morning,T3118,Carlos Mendez,MULTI,yes,38293,conveyor belt check,Line 2
2026-05-04,afternoon,T5364,Yuki Tanaka,ARM-03,sick_leave,39480,preventive maintenance,Line 2
2026-05-04,night,T1711,Hana Nakamura,ARM-02,no,73268,sensor calibration,Training Room
2026-05-05,morning,T5174,Chen Wei,ARM-01,no,54551,conveyor belt check,Line 2
2026-05-05,afternoon,T7092,Maria Santos,ARM-05,no,53413,conveyor belt check,Line 1
2026-05-05,night,T1692,Chen Wei,ARM-04,yes,23938,shift handover,Training Room
2026-05-06,morning,T8069,Carlos Mendez,ARM-04,yes,72963,repair ticket #3298,Line 1
2026-05-06,afternoon,T2081,Samuel Osei,MULTI,sick_leave,56388,sensor calibration,Line 3
2026-05-06,night,T7886,Fatima Al-Rashidi,ARM-05,no,34175,scheduled lubrication cycle,Line 2
2026-05-07,morning,T5120,Hana Nakamura,MULTI,training,79485,conveyor belt check,Maintenance Bay
2026-05-07,afternoon,T5373,Tobias Richt,ARM-03,yes,32196,scheduled lubrication cycle,Line 2
2026-05-07,night,T7257,Oluwaseun Adebayo,ARM-02,yes,14742,training session,Line 1
2026-05-08,morning,T5016,Maria Santos,ARM-02,yes,96852,annual inspection,Line 4
2026-05-08,afternoon,T3555,Aisha Diallo,ARM-04,training,87586,shift handover,Training Room
2026-05-08,night,T3903,Yuki Tanaka,MULTI,no,88552,shift handover,Line 2
2026-05-09,morning,T1667,Nina Patel,ARM-05,no,21083,annual inspection,Line 4
2026-05-09,afternoon,T1711,Maria Santos,MULTI,training,80482,scheduled lubrication cycle,Line 1
2026-05-09,night,T9400,Yuki Tanaka,ARM-01,yes,40999,annual inspection,Line 3
2026-05-10,morning,T5555,Carlos Mendez,ARM-04,no,92617,repair ticket #8504,Training Room
2026-05-10,afternoon,T5587,Carlos Mendez,MULTI,yes,16709,repair ticket #3658,Line 3
2026-05-10,night,T4267,Ethan Kowalski,MULTI,yes,73804,conveyor belt check,Line 3
2026-05-11,morning,T2754,Ethan Kowalski,MULTI,training,41016,training session,Line 4
2026-05-11,afternoon,T6295,Tobias Richt,MULTI,sick_leave,27675,safety audit,Maintenance Bay
2026-05-11,night,T7912,Aisha Diallo,ARM-02,no,69417,sensor calibration,Line 2
2026-05-12,morning,T9137,Ethan Kowalski,ARM-01,sick_leave,31006,scheduled lubrication cycle,Training Room
2026-05-12,afternoon,T1902,Carlos Mendez,ARM-02,yes,90054,sensor calibration,Maintenance Bay
2026-05-12,night,T7257,Ethan Kowalski,MULTI,training,18745,scheduled lubrication cycle,Line 2
2026-05-13,morning,T9263,Aisha Diallo,ARM-02,yes,95232,preventive maintenance,Maintenance Bay
2026-05-13,afternoon,T2090,Dmitri Volkov,ARM-01,no,60821,conveyor belt check,Line 4
2026-05-13,night,T1802,Carlos Mendez,ARM-03,yes,60789,annual inspection,Line 4
2026-05-14,morning,T3194,Carlos Mendez,ARM-02,training,99205,annual inspection,Line 1
2026-05-14,afternoon,T5235,Yuki Tanaka,ARM-01,no,93592,safety audit,Line 2
2026-05-14,night,T3631,Tobias Richt,ARM-01,training,28176,training session,Line 4
2026-05-15,morning,T7185,Ethan Kowalski,ARM-05,yes,85493,repair ticket #5838,Line 4
2026-05-15,afternoon,T1033,Dmitri Volkov,MULTI,yes,44880,sensor calibration,Line 4
2026-05-15,night,T2668,Hana Nakamura,ARM-04,no,81949,safety audit,Line 2
2026-05-16,morning,T2510,Hana Nakamura,ARM-03,yes,57775,repair ticket #2114,Line 2
2026-05-16,afternoon,T6154,Samuel Osei,ARM-05,training,52925,bearing inspection,Training Room
2026-05-16,night,T2041,Fatima Al-Rashidi,ARM-03,yes,99547,repair ticket #7663,Line 3
2026-05-17,morning,T2284,Hana Nakamura,ARM-01,yes,58357,bearing inspection,Line 2
2026-05-17,afternoon,T6407,Maria Santos,ARM-01,yes,39156,sensor calibration,Maintenance Bay
2026-05-17,night,T7569,Hana Nakamura,ARM-05,yes,67820,shift handover,Line 4
2026-05-18,morning,T5798,Dmitri Volkov,ARM-01,no,29876,safety audit,Line 3
2026-05-18,afternoon,T5273,Tobias Richt,ARM-01,training,40435,conveyor belt check,Line 3
2026-05-18,night,T2324,Lucas Ferreira,ARM-02,yes,54677,shift handover,Line 1
2026-05-19,morning,T5193,Tobias Richt,MULTI,training,70571,repair ticket #9996,Line 1
2026-05-19,afternoon,T2149,Maria Santos,MULTI,sick_leave,41376,sensor calibration,Line 1
2026-05-19,night,T7592,Nina Patel,ARM-02,no,59735,training session,Line 2
2026-05-20,morning,T5544,Priya Sharma,MULTI,no,12046,bearing inspection,Line 4
2026-05-20,afternoon,T6280,Fatima Al-Rashidi,ARM-05,yes,85897,repair ticket #5608,Line 2
2026-05-20,night,T6706,Oluwaseun Adebayo,ARM-05,yes,26063,scheduled lubrication cycle,Line 4
2026-05-21,morning,T5945,Nina Patel,MULTI,training,50594,sensor calibration,Line 4
2026-05-21,afternoon,T6830,Oluwaseun Adebayo,ARM-02,training,81808,preventive maintenance,Line 3
2026-05-21,night,T3783,Maria Santos,ARM-03,yes,93895,shift handover,Line 4
2026-05-22,morning,T6156,Chen Wei,ARM-03,no,67473,training session,Line 4
2026-05-22,afternoon,T9336,Lucas Ferreira,MULTI,training,11149,scheduled lubrication cycle,Line 2
2026-05-22,night,T9420,Priya Sharma,ARM-02,sick_leave,81799,annual inspection,Line 2
2026-05-23,morning,T6365,Tobias Richt,ARM-03,no,57552,annual inspection,Line 2
2026-05-23,afternoon,T4442,Priya Sharma,ARM-05,training,27513,annual inspection,Line 4
2026-05-23,night,T9524,Chen Wei,ARM-03,no,75813,sensor calibration,Line 4
2026-05-24,morning,T4268,Fatima Al-Rashidi,ARM-05,training,24876,training session,Line 2
2026-05-24,afternoon,T5012,Lucas Ferreira,ARM-03,yes,68547,shift handover,Line 1
2026-05-24,night,T6784,Priya Sharma,ARM-04,training,14861,bearing inspection,Training Room
2026-05-25,morning,T8508,Chen Wei,ARM-02,yes,24528,training session,Line 4
2026-05-25,afternoon,T6015,Tobias Richt,ARM-04,yes,47813,repair ticket #9813,Line 1
2026-05-25,night,T4064,Oluwaseun Adebayo,ARM-01,no,57133,training session,Training Room
2026-05-26,morning,T5487,Oluwaseun Adebayo,ARM-01,yes,86227,safety audit,Line 1
2026-05-26,afternoon,T2322,Aisha Diallo,ARM-04,yes,73393,sensor calibration,Line 3
2026-05-26,night,T9141,Fatima Al-Rashidi,ARM-02,yes,51712,sensor calibration,Line 1
2026-05-27,morning,T9261,Chen Wei,MULTI,sick_leave,26532,repair ticket #1603,Line 4
2026-05-27,afternoon,T5440,Tobias Richt,ARM-01,sick_leave,56092,scheduled lubrication cycle,Training Room
2026-05-27,night,T2466,Chen Wei,ARM-03,sick_leave,23974,sensor calibration,Line 4
2026-05-28,morning,T4216,Lucas Ferreira,ARM-05,yes,75922,annual inspection,Line 4
2026-05-28,afternoon,T1254,Hana Nakamura,MULTI,no,27004,shift handover,Maintenance Bay
2026-05-28,night,T5238,Yuki Tanaka,ARM-05,sick_leave,94418,scheduled lubrication cycle,Maintenance Bay
2026-05-29,morning,T8883,Dmitri Volkov,ARM-05,sick_leave,45439,repair ticket #2771,Maintenance Bay
2026-05-29,afternoon,T8756,Samuel Osei,ARM-02,yes,36717,shift handover,Maintenance Bay
2026-05-29,night,T8699,Hana Nakamura,ARM-04,yes,92260,scheduled lubrication cycle,Line 3
2026-05-30,morning,T6672,Yuki Tanaka,MULTI,sick_leave,25523,scheduled lubrication cycle,Line 2
2026-05-30,afternoon,T2601,Chen Wei,ARM-03,sick_leave,98950,scheduled lubrication cycle,Training Room
2026-05-30,night,T9609,Nina Patel,ARM-02,yes,59104,training session,Line 4
2026-05-31,morning,T5638,Aisha Diallo,ARM-02,training,20574,conveyor belt check,Training Room
2026-05-31,afternoon,T7250,Fatima Al-Rashidi,ARM-05,sick_leave,60211,training session,Maintenance Bay
2026-05-31,night,T4359,Yuki Tanaka,MULTI,yes,67286,training session,Line 1
2026-05-01,morning,T7567,Lucas Ferreira,ARM-02,yes,76752,scheduled lubrication cycle,Line 4
2026-05-01,afternoon,T8046,Oluwaseun Adebayo,ARM-02,yes,94685,repair ticket #9636,Line 4
2026-05-01,night,T3346,Chen Wei,ARM-02,yes,13952,training session,Line 4
2026-05-02,morning,T6712,Nina Patel,ARM-01,yes,43328,safety audit,Training Room
2026-05-02,afternoon,T7319,Carlos Mendez,ARM-05,sick_leave,13662,preventive maintenance,Line 1
2026-05-02,night,T2240,Yuki Tanaka,ARM-01,sick_leave,61466,training session,Line 4
2026-05-03,morning,T2818,Fatima Al-Rashidi,ARM-03,no,50006,scheduled lubrication cycle,Maintenance Bay
2026-05-03,afternoon,T5316,Priya Sharma,ARM-03,training,75758,repair ticket #8097,Line 1
2026-05-03,night,T2498,Nina Patel,ARM-02,sick_leave,95863,repair ticket #9727,Maintenance Bay
2026-05-04,morning,T1379,Tobias Richt,ARM-04,training,52573,preventive maintenance,Line 2
2026-05-04,afternoon,T2351,Aisha Diallo,ARM-05,no,61140,safety audit,Line 4
2026-05-04,night,T8638,Tobias Richt,ARM-01,yes,23179,conveyor belt check,Training Room
2026-05-05,morning,T8345,Lucas Ferreira,MULTI,yes,62929,safety audit,Line 4
2026-05-05,afternoon,T4090,Fatima Al-Rashidi,ARM-03,no,91338,annual inspection,Line 3
2026-05-05,night,T6362,Maria Santos,MULTI,training,54971,repair ticket #1526,Line 3
2026-05-06,morning,T8386,Samuel Osei,ARM-05,yes,35614,repair ticket #2026,Line 2
2026-05-06,afternoon,T4690,Yuki Tanaka,ARM-04,sick_leave,53228,shift handover,Line 3
2026-05-06,night,T3349,Lucas Ferreira,MULTI,yes,22442,annual inspection,Line 3
2026-05-07,morning,T4482,Oluwaseun Adebayo,ARM-05,training,37856,preventive maintenance,Line 1
2026-05-07,afternoon,T3483,Fatima Al-Rashidi,ARM-05,yes,64215,bearing inspection,Line 2
2026-05-07,night,T4860,Priya Sharma,ARM-02,training,24104,sensor calibration,Maintenance Bay
2026-05-08,morning,T9271,Maria Santos,ARM-03,yes,81072,sensor calibration,Line 1
2026-05-08,afternoon,T2144,Lucas Ferreira,ARM-01,training,28748,preventive maintenance,Line 1
2026-05-08,night,T4176,Samuel Osei,MULTI,yes,78103,conveyor belt check,Training Room
2026-05-09,morning,T6268,Tobias Richt,ARM-02,training,25804,sensor calibration,Line 2
2026-05-09,afternoon,T7476,Hana Nakamura,ARM-03,yes,56672,shift handover,Line 1
2026-05-09,night,T5279,Nina Patel,MULTI,no,75704,training session,Line 1
2026-05-10,morning,T2903,Aisha Diallo,MULTI,no,78257,training session,Line 4
2026-05-10,afternoon,T8007,Dmitri Volkov,ARM-03,sick_leave,42042,conveyor belt check,Line 1
2026-05-10,night,T2180,Hana Nakamura,ARM-01,no,65028,scheduled lubrication cycle,Maintenance Bay
2026-05-11,morning,T6984,Carlos Mendez,ARM-03,yes,85638,preventive maintenance,Line 1
2026-05-11,afternoon,T2340,Hana Nakamura,ARM-01,yes,56845,bearing inspection,Line 1
2026-05-11,night,T4469,Priya Sharma,ARM-04,yes,75672,annual inspection,Line 1
2026-05-12,morning,T2015,Samuel Osei,ARM-03,no,41420,bearing inspection,Maintenance Bay
2026-05-12,afternoon,T2907,Fatima Al-Rashidi,ARM-03,sick_leave,70176,shift handover,Line 4
2026-05-12,night,T4566,Chen Wei,ARM-01,sick_leave,97628,training session,Maintenance Bay
2026-05-13,morning,T7501,Chen Wei,ARM-04,yes,55118,training session,Maintenance Bay
2026-05-13,afternoon,T6795,Aisha Diallo,MULTI,no,77734,safety audit,Line 2
2026-05-13,night,T6576,Carlos Mendez,ARM-02,training,93354,sensor calibration,Line 1
2026-05-14,morning,T8127,Hana Nakamura,ARM-04,sick_leave,88929,repair ticket #8552,Line 2
2026-05-14,afternoon,T8688,Priya Sharma,ARM-02,yes,22257,sensor calibration,Line 4
2026-05-14,night,T6741,Dmitri Volkov,ARM-02,sick_leave,54992,shift handover,Line 4
2026-05-15,morning,T8596,Fatima Al-Rashidi,MULTI,training,37452,training session,Maintenance Bay
2026-05-15,afternoon,T8499,Tobias Richt,ARM-01,sick_leave,40745,repair ticket #7133,Line 3
2026-05-15,night,T3077,Ethan Kowalski,ARM-04,yes,70369,scheduled lubrication cycle,Line 1
2026-05-16,morning,T4718,Fatima Al-Rashidi,MULTI,training,70711,repair ticket #5323,Line 3
2026-05-16,afternoon,T8766,Aisha Diallo,ARM-05,yes,84986,bearing inspection,Line 2
2026-05-16,night,T2272,Dmitri Volkov,ARM-03,yes,91180,preventive maintenance,Line 3
2026-05-17,morning,T8649,Dmitri Volkov,MULTI,yes,91741,preventive maintenance,Line 1
2026-05-17,afternoon,T1370,Tobias Richt,ARM-05,yes,95317,preventive maintenance,Line 3
2026-05-17,night,T7593,Chen Wei,ARM-01,yes,42391,repair ticket #8882,Maintenance Bay
2026-05-18,morning,T1003,Samuel Osei,ARM-04,sick_leave,76175,shift handover,Training Room
2026-05-18,afternoon,T6004,Samuel Osei,ARM-05,yes,24522,annual inspection,Line 3
2026-05-18,night,T6180,Carlos Mendez,ARM-03,yes,21599,bearing inspection,Line 4
2026-05-19,morning,T1729,Aisha Diallo,MULTI,yes,33811,annual inspection,Line 2
2026-05-19,afternoon,T4646,Maria Santos,ARM-01,no,19640,preventive maintenance,Training Room
2026-05-19,night,T8748,Lucas Ferreira,ARM-04,yes,35078,sensor calibration,Line 2
2026-05-20,morning,T3311,Carlos Mendez,ARM-04,yes,34869,preventive maintenance,Line 1
2026-05-20,afternoon,T1504,Yuki Tanaka,ARM-03,yes,46626,sensor calibration,Training Room
2026-05-20,night,T9108,Ethan Kowalski,ARM-02,sick_leave,84179,safety audit,Line 4
2026-05-21,morning,T8514,Priya Sharma,ARM-03,yes,87783,conveyor belt check,Line 3
2026-05-21,afternoon,T5994,Carlos Mendez,ARM-01,training,50699,bearing inspection,Line 1
2026-05-21,night,T2875,Nina Patel,ARM-03,no,61846,bearing inspection,Line 2
2026-05-22,morning,T3419,Tobias Richt,ARM-04,yes,72682,bearing inspection,Line 2
2026-05-22,afternoon,T8253,Dmitri Volkov,ARM-05,yes,77808,scheduled lubrication cycle,Line 3
2026-05-22,night,T6554,Samuel Osei,MULTI,no,14176,bearing inspection,Line 3
2026-05-23,morning,T1410,Hana Nakamura,ARM-01,yes,13928,shift handover,Training Room
2026-05-23,afternoon,T4693,Dmitri Volkov,ARM-02,yes,42637,conveyor belt check,Maintenance Bay
2026-05-23,night,T1450,Priya Sharma,ARM-02,training,68028,preventive maintenance,Maintenance Bay
2026-05-24,morning,T6453,Nina Patel,ARM-04,yes,23526,training session,Training Room
2026-05-24,afternoon,T8248,Aisha Diallo,ARM-02,sick_leave,44057,safety audit,Maintenance Bay
2026-05-24,night,T9708,Chen Wei,MULTI,yes,93998,safety audit,Line 3
2026-05-25,morning,T2737,Aisha Diallo,MULTI,yes,82178,sensor calibration,Maintenance Bay
2026-05-25,afternoon,T9368,Ethan Kowalski,ARM-03,sick_leave,31119,shift handover,Line 4
2026-05-25,night,T4383,Chen Wei,MULTI,yes,62667,annual inspection,Line 1
2026-05-26,morning,T6469,Lucas Ferreira,ARM-05,yes,12511,annual inspection,Line 1
2026-05-26,afternoon,T9941,Samuel Osei,MULTI,training,78045,sensor calibration,Line 3
2026-05-26,night,T7750,Ethan Kowalski,MULTI,sick_leave,34986,training session,Line 2
2026-05-27,morning,T1053,Lucas Ferreira,MULTI,yes,94950,bearing inspection,Line 1
2026-05-27,afternoon,T5138,Nina Patel,ARM-01,sick_leave,10674,safety audit,Line 1
2026-05-27,night,T4738,Oluwaseun Adebayo,ARM-05,yes,47314,preventive maintenance,Maintenance Bay
2026-05-28,morning,T6594,Priya Sharma,ARM-01,training,89219,preventive maintenance,Line 4
2026-05-28,afternoon,T1057,Maria Santos,ARM-04,training,14946,training session,Training Room
2026-05-28,night,T8571,Samuel Osei,ARM-04,yes,77025,training session,Maintenance Bay
2026-05-29,morning,T5581,Maria Santos,ARM-05,yes,32708,repair ticket #5920,Line 4
2026-05-29,afternoon,T7897,Dmitri Volkov,ARM-05,yes,65810,conveyor belt check,Line 1
2026-05-29,night,T2045,Samuel Osei,ARM-05,yes,74701,conveyor belt check,Training Room
2026-05-30,morning,T6599,Dmitri Volkov,ARM-03,yes,59216,conveyor belt check,Maintenance Bay
2026-05-30,afternoon,T1624,Ethan Kowalski,ARM-01,yes,18605,shift handover,Training Room
2026-05-30,night,T5516,Hana Nakamura,MULTI,yes,76555,training session,Line 3
2026-05-31,morning,T3913,Lucas Ferreira,MULTI,sick_leave,54281,safety audit,Line 1
2026-05-31,afternoon,T5988,Aisha Diallo,ARM-05,yes,82694,training session,Line 2
2026-05-31,night,T7587,Ethan Kowalski,ARM-05,training,73459,training session,Line 4
2026-05-01,morning,T1415,Tobias Richt,ARM-02,sick_leave,50331,scheduled lubrication cycle,Line 4
2026-05-01,afternoon,T9754,Tobias Richt,ARM-04,yes,82019,bearing inspection,Line 2
2026-05-01,night,T7935,Fatima Al-Rashidi,ARM-05,sick_leave,59139,annual inspection,Maintenance Bay
2026-05-02,morning,T2980,Aisha Diallo,ARM-02,sick_leave,66077,conveyor belt check,Line 1
2026-05-02,afternoon,T7298,Priya Sharma,ARM-05,no,46386,bearing inspection,Line 1
2026-05-02,night,T7340,Ethan Kowalski,ARM-04,yes,11266,training session,Line 2
2026-05-03,morning,T6578,Samuel Osei,ARM-04,no,58103,scheduled lubrication cycle,Training Room
2026-05-03,afternoon,T3613,Fatima Al-Rashidi,MULTI,yes,32628,annual inspection,Maintenance Bay
2026-05-03,night,T8307,Priya Sharma,ARM-04,training,58985,annual inspection,Line 1
2026-05-04,morning,T8313,Lucas Ferreira,ARM-01,no,53362,bearing inspection,Training Room
2026-05-04,afternoon,T9472,Fatima Al-Rashidi,ARM-03,yes,53379,annual inspection,Line 2
2026-05-04,night,T9908,Maria Santos,ARM-04,training,70421,shift handover,Line 4
2026-05-05,morning,T4273,Tobias Richt,ARM-01,no,85750,scheduled lubrication cycle,Maintenance Bay
2026-05-05,afternoon,T9716,Nina Patel,ARM-02,sick_leave,40492,shift handover,Maintenance Bay
2026-05-05,night,T2760,Lucas Ferreira,MULTI,yes,23590,training session,Line 4
2026-05-06,morning,T8971,Yuki Tanaka,ARM-04,yes,23163,annual inspection,Line 1
2026-05-06,afternoon,T3920,Carlos Mendez,ARM-02,training,61604,repair ticket #3718,Line 2
2026-05-06,night,T3778,Carlos Mendez,ARM-02,training,47613,safety audit,Line 3
2026-05-07,morning,T2716,Yuki Tanaka,ARM-02,no,78789,preventive maintenance,Line 1
2026-05-07,afternoon,T5825,Nina Patel,ARM-05,yes,51132,shift handover,Maintenance Bay
2026-05-07,night,T3792,Fatima Al-Rashidi,ARM-05,sick_leave,73093,training session,Line 2
2026-05-08,morning,T2548,Chen Wei,ARM-03,training,79720,shift handover,Line 1
2026-05-08,afternoon,T3416,Maria Santos,ARM-02,yes,60030,repair ticket #5123,Training Room
2026-05-08,night,T4175,Hana Nakamura,MULTI,sick_leave,18351,preventive maintenance,Line 2
2026-05-09,morning,T8943,Ethan Kowalski,ARM-04,yes,25641,shift handover,Line 2
2026-05-09,afternoon,T9957,Chen Wei,ARM-02,sick_leave,58427,sensor calibration,Line 3
2026-05-09,night,T6660,Maria Santos,ARM-03,yes,30783,shift handover,Training Room
2026-05-10,morning,T5671,Dmitri Volkov,MULTI,sick_leave,38128,bearing inspection,Line 4
2026-05-10,afternoon,T8552,Maria Santos,MULTI,no,67554,bearing inspection,Training Room
2026-05-10,night,T6420,Dmitri Volkov,ARM-01,yes,97498,safety audit,Line 2
2026-05-11,morning,T5311,Aisha Diallo,ARM-01,sick_leave,35883,shift handover,Maintenance Bay
2026-05-11,afternoon,T2145,Tobias Richt,ARM-05,yes,84526,conveyor belt check,Maintenance Bay
2026-05-11,night,T6849,Oluwaseun Adebayo,ARM-01,yes,58572,conveyor belt check,Line 1
2026-05-12,morning,T7115,Nina Patel,ARM-02,yes,46299,sensor calibration,Maintenance Bay
2026-05-12,afternoon,T7443,Nina Patel,ARM-04,yes,99883,repair ticket #3794,Maintenance Bay
2026-05-12,night,T2808,Hana Nakamura,ARM-01,yes,37250,annual inspection,Line 1
2026-05-13,morning,T3722,Nina Patel,ARM-05,yes,57547,conveyor belt check,Maintenance Bay
2026-05-13,afternoon,T1422,Chen Wei,ARM-05,yes,72941,annual inspection,Line 3
2026-05-13,night,T8215,Lucas Ferreira,ARM-01,yes,61607,conveyor belt check,Line 1
2026-05-14,morning,T9271,Carlos Mendez,ARM-02,yes,42481,bearing inspection,Line 4
2026-05-14,afternoon,T6340,Nina Patel,ARM-02,no,12642,repair ticket #9008,Line 2
2026-05-14,night,T4251,Oluwaseun Adebayo,ARM-04,yes,65471,scheduled lubrication cycle,Line 1
2026-05-15,morning,T3905,Oluwaseun Adebayo,ARM-05,yes,77801,shift handover,Maintenance Bay
2026-05-15,afternoon,T3903,Aisha Diallo,ARM-01,yes,98906,bearing inspection,Maintenance Bay
2026-05-15,night,T9366,Hana Nakamura,MULTI,yes,44956,sensor calibration,Line 2
2026-05-16,morning,T2462,Ethan Kowalski,MULTI,sick_leave,68322,safety audit,Line 1
2026-05-16,afternoon,T4340,Chen Wei,ARM-05,yes,58611,annual inspection,Line 2
2026-05-16,night,T9331,Fatima Al-Rashidi,ARM-04,no,24800,bearing inspection,Line 3
2026-05-17,morning,T5486,Priya Sharma,MULTI,yes,17786,safety audit,Line 2
2026-05-17,afternoon,T7114,Lucas Ferreira,MULTI,yes,12591,bearing inspection,Line 3
2026-05-17,night,T6483,Lucas Ferreira,ARM-01,no,65613,preventive maintenance,Line 2
2026-05-18,morning,T6889,Tobias Richt,ARM-04,training,90271,repair ticket #4847,Line 1
2026-05-18,afternoon,T9143,Chen Wei,ARM-03,training,12081,safety audit,Maintenance Bay
2026-05-18,night,T2698,Samuel Osei,ARM-05,yes,70322,sensor calibration,Line 3
2026-05-19,morning,T7956,Maria Santos,ARM-03,yes,66247,scheduled lubrication cycle,Line 4
2026-05-19,afternoon,T4841,Tobias Richt,ARM-02,no,52937,annual inspection,Line 2
2026-05-19,night,T1302,Oluwaseun Adebayo,ARM-04,yes,76375,annual inspection,Line 3
2026-05-20,morning,T1524,Hana Nakamura,ARM-02,yes,82451,preventive maintenance,Line 4
2026-05-20,afternoon,T8728,Dmitri Volkov,ARM-01,yes,29352,preventive maintenance,Line 1
2026-05-20,night,T7261,Nina Patel,ARM-04,yes,60788,sensor calibration,Training Room
2026-05-21,morning,T3938,Hana Nakamura,ARM-03,yes,14844,bearing inspection,Line 3
2026-05-21,afternoon,T6340,Nina Patel,MULTI,yes,93901,training session,Line 4
2026-05-21,night,T1456,Lucas Ferreira,ARM-05,sick_leave,13037,safety audit,Line 2
2026-05-22,morning,T2226,Ethan Kowalski,ARM-05,yes,97636,safety audit,Line 4
2026-05-22,afternoon,T5008,Chen Wei,ARM-02,sick_leave,73710,sensor calibration,Line 4
2026-05-22,night,T7599,Maria Santos,MULTI,no,98463,safety audit,Line 2
2026-05-23,morning,T2291,Maria Santos,ARM-04,yes,16349,conveyor belt check,Maintenance Bay
2026-05-23,afternoon,T9046,Dmitri Volkov,MULTI,training,84174,sensor calibration,Line 2
2026-05-23,night,T5962,Carlos Mendez,ARM-02,yes,37928,safety audit,Line 1
2026-05-24,morning,T8327,Priya Sharma,ARM-02,yes,77457,repair ticket #7337,Training Room
2026-05-24,afternoon,T9895,Yuki Tanaka,MULTI,no,62288,shift handover,Line 1
2026-05-24,night,T5565,Yuki Tanaka,ARM-05,yes,70784,scheduled lubrication cycle,Maintenance Bay
2026-05-25,morning,T6779,Ethan Kowalski,MULTI,no,36068,training session,Line 1
2026-05-25,afternoon,T8077,Oluwaseun Adebayo,ARM-03,training,92707,sensor calibration,Line 4
2026-05-25,night,T1344,Oluwaseun Adebayo,ARM-03,sick_leave,78057,annual inspection,Line 4
2026-05-26,morning,T4705,Lucas Ferreira,ARM-05,sick_leave,69827,conveyor belt check,Line 4
2026-05-26,afternoon,T2288,Maria Santos,ARM-03,yes,56235,bearing inspection,Training Room
2026-05-26,night,T9220,Aisha Diallo,ARM-05,yes,74235,annual inspection,Line 1
2026-05-27,morning,T6099,Aisha Diallo,ARM-03,yes,44411,repair ticket #5081,Line 3
2026-05-27,afternoon,T4193,Chen Wei,ARM-04,no,86739,bearing inspection,Line 4
2026-05-27,night,T7657,Maria Santos,ARM-02,training,48802,sensor calibration,Line 3
2026-05-28,morning,T1963,Lucas Ferreira,MULTI,no,93004,preventive maintenance,Line 1
2026-05-28,afternoon,T6845,Tobias Richt,ARM-01,training,20448,conveyor belt check,Line 3
2026-05-28,night,T2468,Aisha Diallo,ARM-05,sick_leave,52216,sensor calibration,Line 2
2026-05-29,morning,T7009,Hana Nakamura,ARM-01,yes,24074,safety audit,Line 1
2026-05-29,afternoon,T3990,Tobias Richt,ARM-04,sick_leave,52858,training session,Line 2
2026-05-29,night,T6215,Samuel Osei,ARM-05,training,35741,annual inspection,Line 1
2026-05-30,morning,T9911,Ethan Kowalski,ARM-01,no,29234,annual inspection,Line 3
2026-05-30,afternoon,T2782,Lucas Ferreira,ARM-01,yes,50630,conveyor belt check,Line 4
2026-05-30,night,T8571,Nina Patel,MULTI,training,13312,preventive maintenance,Maintenance Bay
2026-05-31,morning,T6512,Fatima Al-Rashidi,MULTI,yes,41329,scheduled lubrication cycle,Line 2
2026-05-31,afternoon,T1197,Lucas Ferreira,ARM-05,sick_leave,13511,preventive maintenance,Line 4
2026-05-31,night,T8299,Fatima Al-Rashidi,ARM-02,yes,39978,sensor calibration,Line 4
2026-05-01,morning,T2722,Hana Nakamura,ARM-02,no,58526,scheduled lubrication cycle,Training Room
2026-05-01,afternoon,T8236,Samuel Osei,ARM-05,yes,47662,bearing inspection,Line 3
